Training log file: /home/xx4455/Comparable/Code/Synthetic/Results/TrainingLogs/adult_default_20260421_062502.log
Starting experiments (dataset=adult, sensitive_attribute=default).
[Run 1/5] Training shared encoder (unweighted, sigmoid head, baseline preprocessing)...
Epoch 1/200
51/51 - 10s - 198ms/step - loss: 0.8588 - val_loss: 0.8128
Epoch 2/200
51/51 - 8s - 149ms/step - loss: 0.7721 - val_loss: 0.7373
Epoch 3/200
51/51 - 7s - 142ms/step - loss: 0.7014 - val_loss: 0.6784
Epoch 4/200
51/51 - 8s - 149ms/step - loss: 0.6477 - val_loss: 0.6349
Epoch 5/200
51/51 - 8s - 149ms/step - loss: 0.6086 - val_loss: 0.6031
Epoch 6/200
51/51 - 8s - 149ms/step - loss: 0.5796 - val_loss: 0.5788
Epoch 7/200
51/51 - 8s - 151ms/step - loss: 0.5574 - val_loss: 0.5598
Epoch 8/200
51/51 - 8s - 149ms/step - loss: 0.5398 - val_loss: 0.5445
Epoch 9/200
51/51 - 8s - 149ms/step - loss: 0.5255 - val_loss: 0.5320
Epoch 10/200
51/51 - 8s - 149ms/step - loss: 0.5137 - val_loss: 0.5215
Epoch 11/200
51/51 - 8s - 150ms/step - loss: 0.5039 - val_loss: 0.5127
Epoch 12/200
51/51 - 8s - 150ms/step - loss: 0.4954 - val_loss: 0.5051
Epoch 13/200
51/51 - 8s - 149ms/step - loss: 0.4882 - val_loss: 0.4985
Epoch 14/200
51/51 - 8s - 149ms/step - loss: 0.4818 - val_loss: 0.4926
Epoch 15/200
51/51 - 8s - 149ms/step - loss: 0.4762 - val_loss: 0.4875
Epoch 16/200
51/51 - 8s - 150ms/step - loss: 0.4712 - val_loss: 0.4828
Epoch 17/200
51/51 - 8s - 148ms/step - loss: 0.4667 - val_loss: 0.4787
Epoch 18/200
51/51 - 8s - 149ms/step - loss: 0.4626 - val_loss: 0.4749
Epoch 19/200
51/51 - 8s - 149ms/step - loss: 0.4589 - val_loss: 0.4714
Epoch 20/200
51/51 - 8s - 149ms/step - loss: 0.4556 - val_loss: 0.4682
Epoch 21/200
51/51 - 8s - 149ms/step - loss: 0.4525 - val_loss: 0.4653
Epoch 22/200
51/51 - 8s - 149ms/step - loss: 0.4496 - val_loss: 0.4626
Epoch 23/200
51/51 - 8s - 149ms/step - loss: 0.4469 - val_loss: 0.4600
Epoch 24/200
51/51 - 8s - 149ms/step - loss: 0.4444 - val_loss: 0.4577
Epoch 25/200
51/51 - 8s - 149ms/step - loss: 0.4421 - val_loss: 0.4554
Epoch 26/200
51/51 - 8s - 149ms/step - loss: 0.4399 - val_loss: 0.4533
Epoch 27/200
51/51 - 8s - 149ms/step - loss: 0.4379 - val_loss: 0.4513
Epoch 28/200
51/51 - 8s - 149ms/step - loss: 0.4359 - val_loss: 0.4495
Epoch 29/200
51/51 - 8s - 149ms/step - loss: 0.4341 - val_loss: 0.4477
Epoch 30/200
51/51 - 8s - 150ms/step - loss: 0.4323 - val_loss: 0.4460
Epoch 31/200
51/51 - 8s - 149ms/step - loss: 0.4307 - val_loss: 0.4443
Epoch 32/200
51/51 - 8s - 149ms/step - loss: 0.4291 - val_loss: 0.4428
Epoch 33/200
51/51 - 8s - 149ms/step - loss: 0.4276 - val_loss: 0.4413
Epoch 34/200
51/51 - 8s - 149ms/step - loss: 0.4261 - val_loss: 0.4398
Epoch 35/200
51/51 - 8s - 149ms/step - loss: 0.4247 - val_loss: 0.4384
Epoch 36/200
51/51 - 8s - 149ms/step - loss: 0.4234 - val_loss: 0.4371
Epoch 37/200
51/51 - 8s - 149ms/step - loss: 0.4221 - val_loss: 0.4358
Epoch 38/200
51/51 - 8s - 149ms/step - loss: 0.4209 - val_loss: 0.4346
Epoch 39/200
51/51 - 8s - 149ms/step - loss: 0.4197 - val_loss: 0.4334
Epoch 40/200
51/51 - 8s - 149ms/step - loss: 0.4185 - val_loss: 0.4322
Epoch 41/200
51/51 - 8s - 148ms/step - loss: 0.4174 - val_loss: 0.4311
Epoch 42/200
51/51 - 8s - 148ms/step - loss: 0.4163 - val_loss: 0.4300
Epoch 43/200
51/51 - 8s - 149ms/step - loss: 0.4153 - val_loss: 0.4290
Epoch 44/200
51/51 - 8s - 149ms/step - loss: 0.4143 - val_loss: 0.4280
Epoch 45/200
51/51 - 8s - 149ms/step - loss: 0.4133 - val_loss: 0.4270
Epoch 46/200
51/51 - 8s - 149ms/step - loss: 0.4124 - val_loss: 0.4261
Epoch 47/200
51/51 - 8s - 149ms/step - loss: 0.4115 - val_loss: 0.4251
Epoch 48/200
51/51 - 8s - 149ms/step - loss: 0.4106 - val_loss: 0.4242
Epoch 49/200
51/51 - 8s - 149ms/step - loss: 0.4097 - val_loss: 0.4234
Epoch 50/200
51/51 - 8s - 149ms/step - loss: 0.4089 - val_loss: 0.4225
Epoch 51/200
51/51 - 8s - 149ms/step - loss: 0.4081 - val_loss: 0.4217
Epoch 52/200
51/51 - 8s - 149ms/step - loss: 0.4073 - val_loss: 0.4209
Epoch 53/200
51/51 - 8s - 149ms/step - loss: 0.4065 - val_loss: 0.4201
Epoch 54/200
51/51 - 8s - 149ms/step - loss: 0.4057 - val_loss: 0.4194
Epoch 55/200
51/51 - 8s - 148ms/step - loss: 0.4050 - val_loss: 0.4187
Epoch 56/200
51/51 - 8s - 149ms/step - loss: 0.4043 - val_loss: 0.4179
Epoch 57/200
51/51 - 8s - 150ms/step - loss: 0.4036 - val_loss: 0.4172
Epoch 58/200
51/51 - 8s - 150ms/step - loss: 0.4029 - val_loss: 0.4166
Epoch 59/200
51/51 - 8s - 150ms/step - loss: 0.4023 - val_loss: 0.4159
Epoch 60/200
51/51 - 8s - 149ms/step - loss: 0.4016 - val_loss: 0.4153
Epoch 61/200
51/51 - 8s - 149ms/step - loss: 0.4010 - val_loss: 0.4146
Epoch 62/200
51/51 - 8s - 149ms/step - loss: 0.4004 - val_loss: 0.4140
Epoch 63/200
51/51 - 8s - 148ms/step - loss: 0.3998 - val_loss: 0.4134
Epoch 64/200
51/51 - 8s - 149ms/step - loss: 0.3992 - val_loss: 0.4128
Epoch 65/200
51/51 - 8s - 149ms/step - loss: 0.3986 - val_loss: 0.4123
Epoch 66/200
51/51 - 8s - 149ms/step - loss: 0.3981 - val_loss: 0.4117
Epoch 67/200
51/51 - 8s - 149ms/step - loss: 0.3975 - val_loss: 0.4112
Epoch 68/200
51/51 - 8s - 149ms/step - loss: 0.3970 - val_loss: 0.4106
Epoch 69/200
51/51 - 8s - 149ms/step - loss: 0.3964 - val_loss: 0.4101
Epoch 70/200
51/51 - 8s - 149ms/step - loss: 0.3959 - val_loss: 0.4096
Epoch 71/200
51/51 - 8s - 149ms/step - loss: 0.3954 - val_loss: 0.4091
Epoch 72/200
51/51 - 8s - 149ms/step - loss: 0.3949 - val_loss: 0.4086
Epoch 73/200
51/51 - 8s - 148ms/step - loss: 0.3944 - val_loss: 0.4082
Epoch 74/200
51/51 - 8s - 149ms/step - loss: 0.3940 - val_loss: 0.4077
Epoch 75/200
51/51 - 8s - 149ms/step - loss: 0.3935 - val_loss: 0.4072
Epoch 76/200
51/51 - 8s - 149ms/step - loss: 0.3930 - val_loss: 0.4068
Epoch 77/200
51/51 - 8s - 149ms/step - loss: 0.3926 - val_loss: 0.4064
Epoch 78/200
51/51 - 8s - 149ms/step - loss: 0.3922 - val_loss: 0.4059
Epoch 79/200
51/51 - 8s - 149ms/step - loss: 0.3917 - val_loss: 0.4055
Epoch 80/200
51/51 - 8s - 148ms/step - loss: 0.3913 - val_loss: 0.4051
Epoch 81/200
51/51 - 8s - 149ms/step - loss: 0.3909 - val_loss: 0.4047
Epoch 82/200
51/51 - 8s - 149ms/step - loss: 0.3905 - val_loss: 0.4043
Epoch 83/200
51/51 - 8s - 149ms/step - loss: 0.3901 - val_loss: 0.4040
Epoch 84/200
51/51 - 8s - 150ms/step - loss: 0.3897 - val_loss: 0.4036
Epoch 85/200
51/51 - 8s - 150ms/step - loss: 0.3893 - val_loss: 0.4032
Epoch 86/200
51/51 - 8s - 149ms/step - loss: 0.3889 - val_loss: 0.4029
Epoch 87/200
51/51 - 8s - 149ms/step - loss: 0.3885 - val_loss: 0.4025
Epoch 88/200
51/51 - 8s - 150ms/step - loss: 0.3882 - val_loss: 0.4022
Epoch 89/200
51/51 - 8s - 148ms/step - loss: 0.3878 - val_loss: 0.4019
Epoch 90/200
51/51 - 8s - 149ms/step - loss: 0.3874 - val_loss: 0.4015
Epoch 91/200
51/51 - 8s - 147ms/step - loss: 0.3871 - val_loss: 0.4012
Epoch 92/200
51/51 - 8s - 149ms/step - loss: 0.3867 - val_loss: 0.4009
Epoch 93/200
51/51 - 8s - 149ms/step - loss: 0.3864 - val_loss: 0.4006
Epoch 94/200
51/51 - 8s - 149ms/step - loss: 0.3861 - val_loss: 0.4003
Epoch 95/200
51/51 - 8s - 149ms/step - loss: 0.3858 - val_loss: 0.4000
Epoch 96/200
51/51 - 8s - 148ms/step - loss: 0.3854 - val_loss: 0.3997
Epoch 97/200
51/51 - 8s - 151ms/step - loss: 0.3851 - val_loss: 0.3994
Epoch 98/200
51/51 - 8s - 152ms/step - loss: 0.3848 - val_loss: 0.3992
Epoch 99/200
51/51 - 8s - 152ms/step - loss: 0.3845 - val_loss: 0.3989
Epoch 100/200
51/51 - 8s - 151ms/step - loss: 0.3842 - val_loss: 0.3986
Epoch 101/200
51/51 - 8s - 152ms/step - loss: 0.3839 - val_loss: 0.3984
Epoch 102/200
51/51 - 8s - 152ms/step - loss: 0.3836 - val_loss: 0.3981
Epoch 103/200
51/51 - 8s - 152ms/step - loss: 0.3833 - val_loss: 0.3979
Epoch 104/200
51/51 - 7s - 147ms/step - loss: 0.3831 - val_loss: 0.3976
Epoch 105/200
51/51 - 7s - 146ms/step - loss: 0.3828 - val_loss: 0.3974
Epoch 106/200
51/51 - 7s - 146ms/step - loss: 0.3825 - val_loss: 0.3972
Epoch 107/200
51/51 - 7s - 147ms/step - loss: 0.3822 - val_loss: 0.3969
Epoch 108/200
51/51 - 8s - 149ms/step - loss: 0.3820 - val_loss: 0.3967
Epoch 109/200
51/51 - 8s - 148ms/step - loss: 0.3817 - val_loss: 0.3965
Epoch 110/200
51/51 - 8s - 150ms/step - loss: 0.3815 - val_loss: 0.3963
Epoch 111/200
51/51 - 8s - 149ms/step - loss: 0.3812 - val_loss: 0.3960
Epoch 112/200
51/51 - 8s - 149ms/step - loss: 0.3810 - val_loss: 0.3958
Epoch 113/200
51/51 - 7s - 147ms/step - loss: 0.3807 - val_loss: 0.3956
Epoch 114/200
51/51 - 8s - 150ms/step - loss: 0.3805 - val_loss: 0.3954
Epoch 115/200
51/51 - 8s - 149ms/step - loss: 0.3802 - val_loss: 0.3952
Epoch 116/200
51/51 - 8s - 148ms/step - loss: 0.3800 - val_loss: 0.3950
Epoch 117/200
51/51 - 8s - 149ms/step - loss: 0.3798 - val_loss: 0.3948
Epoch 118/200
51/51 - 8s - 149ms/step - loss: 0.3796 - val_loss: 0.3947
Epoch 119/200
51/51 - 8s - 149ms/step - loss: 0.3793 - val_loss: 0.3945
Epoch 120/200
51/51 - 8s - 149ms/step - loss: 0.3791 - val_loss: 0.3943
Epoch 121/200
51/51 - 8s - 149ms/step - loss: 0.3789 - val_loss: 0.3941
Epoch 122/200
51/51 - 8s - 149ms/step - loss: 0.3787 - val_loss: 0.3939
Epoch 123/200
51/51 - 8s - 149ms/step - loss: 0.3785 - val_loss: 0.3938
Epoch 124/200
51/51 - 8s - 149ms/step - loss: 0.3783 - val_loss: 0.3936
Epoch 125/200
51/51 - 8s - 150ms/step - loss: 0.3781 - val_loss: 0.3934
Epoch 126/200
51/51 - 8s - 150ms/step - loss: 0.3779 - val_loss: 0.3933
Epoch 127/200
51/51 - 8s - 149ms/step - loss: 0.3777 - val_loss: 0.3931
Epoch 128/200
51/51 - 8s - 149ms/step - loss: 0.3775 - val_loss: 0.3929
Epoch 129/200
51/51 - 8s - 149ms/step - loss: 0.3773 - val_loss: 0.3928
Epoch 130/200
51/51 - 8s - 150ms/step - loss: 0.3771 - val_loss: 0.3926
Epoch 131/200
51/51 - 8s - 148ms/step - loss: 0.3769 - val_loss: 0.3925
Epoch 132/200
51/51 - 8s - 149ms/step - loss: 0.3767 - val_loss: 0.3923
Epoch 133/200
51/51 - 8s - 149ms/step - loss: 0.3765 - val_loss: 0.3922
Epoch 134/200
51/51 - 8s - 149ms/step - loss: 0.3763 - val_loss: 0.3920
Epoch 135/200
51/51 - 8s - 149ms/step - loss: 0.3761 - val_loss: 0.3919
Epoch 136/200
51/51 - 8s - 149ms/step - loss: 0.3760 - val_loss: 0.3917
Epoch 137/200
51/51 - 8s - 149ms/step - loss: 0.3758 - val_loss: 0.3916
Epoch 138/200
51/51 - 8s - 149ms/step - loss: 0.3756 - val_loss: 0.3915
Epoch 139/200
51/51 - 8s - 149ms/step - loss: 0.3754 - val_loss: 0.3913
Epoch 140/200
51/51 - 8s - 150ms/step - loss: 0.3753 - val_loss: 0.3912
Epoch 141/200
51/51 - 8s - 151ms/step - loss: 0.3751 - val_loss: 0.3911
Epoch 142/200
51/51 - 8s - 149ms/step - loss: 0.3749 - val_loss: 0.3909
Epoch 143/200
51/51 - 8s - 150ms/step - loss: 0.3748 - val_loss: 0.3908
Epoch 144/200
51/51 - 8s - 150ms/step - loss: 0.3746 - val_loss: 0.3907
Epoch 145/200
51/51 - 8s - 149ms/step - loss: 0.3744 - val_loss: 0.3906
Epoch 146/200
51/51 - 8s - 149ms/step - loss: 0.3743 - val_loss: 0.3904
Epoch 147/200
51/51 - 8s - 149ms/step - loss: 0.3741 - val_loss: 0.3903
Epoch 148/200
51/51 - 8s - 150ms/step - loss: 0.3739 - val_loss: 0.3902
Epoch 149/200
51/51 - 8s - 150ms/step - loss: 0.3738 - val_loss: 0.3901
Epoch 150/200
51/51 - 8s - 149ms/step - loss: 0.3736 - val_loss: 0.3900
Epoch 151/200
51/51 - 8s - 149ms/step - loss: 0.3735 - val_loss: 0.3898
Epoch 152/200
51/51 - 8s - 149ms/step - loss: 0.3733 - val_loss: 0.3897
Epoch 153/200
51/51 - 8s - 149ms/step - loss: 0.3732 - val_loss: 0.3896
Epoch 154/200
51/51 - 8s - 150ms/step - loss: 0.3730 - val_loss: 0.3895
Epoch 155/200
51/51 - 8s - 149ms/step - loss: 0.3729 - val_loss: 0.3894
Epoch 156/200
51/51 - 8s - 150ms/step - loss: 0.3727 - val_loss: 0.3893
Epoch 157/200
51/51 - 8s - 150ms/step - loss: 0.3726 - val_loss: 0.3891
Epoch 158/200
51/51 - 8s - 150ms/step - loss: 0.3724 - val_loss: 0.3890
Epoch 159/200
51/51 - 8s - 149ms/step - loss: 0.3723 - val_loss: 0.3889
Epoch 160/200
51/51 - 8s - 150ms/step - loss: 0.3721 - val_loss: 0.3888
Epoch 161/200
51/51 - 8s - 149ms/step - loss: 0.3720 - val_loss: 0.3887
Epoch 162/200
51/51 - 8s - 150ms/step - loss: 0.3718 - val_loss: 0.3886
Epoch 163/200
51/51 - 8s - 150ms/step - loss: 0.3717 - val_loss: 0.3885
Epoch 164/200
51/51 - 8s - 149ms/step - loss: 0.3716 - val_loss: 0.3884
Epoch 165/200
51/51 - 8s - 150ms/step - loss: 0.3714 - val_loss: 0.3882
Epoch 166/200
51/51 - 8s - 149ms/step - loss: 0.3713 - val_loss: 0.3881
Epoch 167/200
51/51 - 8s - 150ms/step - loss: 0.3711 - val_loss: 0.3880
Epoch 168/200
51/51 - 8s - 149ms/step - loss: 0.3710 - val_loss: 0.3879
Epoch 169/200
51/51 - 8s - 149ms/step - loss: 0.3709 - val_loss: 0.3878
Epoch 170/200
51/51 - 8s - 149ms/step - loss: 0.3707 - val_loss: 0.3877
Epoch 171/200
51/51 - 8s - 149ms/step - loss: 0.3706 - val_loss: 0.3876
Epoch 172/200
51/51 - 8s - 149ms/step - loss: 0.3705 - val_loss: 0.3875
Epoch 173/200
51/51 - 8s - 148ms/step - loss: 0.3703 - val_loss: 0.3874
Epoch 174/200
51/51 - 8s - 148ms/step - loss: 0.3702 - val_loss: 0.3873
Epoch 175/200
51/51 - 8s - 148ms/step - loss: 0.3701 - val_loss: 0.3872
Epoch 176/200
51/51 - 8s - 149ms/step - loss: 0.3700 - val_loss: 0.3871
Epoch 177/200
51/51 - 8s - 149ms/step - loss: 0.3698 - val_loss: 0.3870
Epoch 178/200
51/51 - 8s - 149ms/step - loss: 0.3697 - val_loss: 0.3869
Epoch 179/200
51/51 - 8s - 148ms/step - loss: 0.3696 - val_loss: 0.3868
Epoch 180/200
51/51 - 8s - 148ms/step - loss: 0.3695 - val_loss: 0.3867
Epoch 181/200
51/51 - 8s - 149ms/step - loss: 0.3694 - val_loss: 0.3866
Epoch 182/200
51/51 - 8s - 149ms/step - loss: 0.3693 - val_loss: 0.3865
Epoch 183/200
51/51 - 8s - 149ms/step - loss: 0.3691 - val_loss: 0.3864
Epoch 184/200
51/51 - 8s - 148ms/step - loss: 0.3690 - val_loss: 0.3863
Epoch 185/200
51/51 - 8s - 148ms/step - loss: 0.3689 - val_loss: 0.3862
Epoch 186/200
51/51 - 8s - 149ms/step - loss: 0.3688 - val_loss: 0.3861
Epoch 187/200
51/51 - 8s - 148ms/step - loss: 0.3687 - val_loss: 0.3860
Epoch 188/200
51/51 - 8s - 148ms/step - loss: 0.3686 - val_loss: 0.3859
Epoch 189/200
51/51 - 8s - 148ms/step - loss: 0.3685 - val_loss: 0.3858
Epoch 190/200
51/51 - 8s - 149ms/step - loss: 0.3684 - val_loss: 0.3857
Epoch 191/200
51/51 - 8s - 149ms/step - loss: 0.3683 - val_loss: 0.3856
Epoch 192/200
51/51 - 8s - 149ms/step - loss: 0.3682 - val_loss: 0.3855
Epoch 193/200
51/51 - 8s - 149ms/step - loss: 0.3681 - val_loss: 0.3854
Epoch 194/200
51/51 - 8s - 150ms/step - loss: 0.3680 - val_loss: 0.3853
Epoch 195/200
51/51 - 8s - 149ms/step - loss: 0.3679 - val_loss: 0.3853
Epoch 196/200
51/51 - 8s - 150ms/step - loss: 0.3678 - val_loss: 0.3852
Epoch 197/200
51/51 - 8s - 150ms/step - loss: 0.3677 - val_loss: 0.3851
Epoch 198/200
51/51 - 8s - 150ms/step - loss: 0.3676 - val_loss: 0.3850
Epoch 199/200
51/51 - 8s - 147ms/step - loss: 0.3675 - val_loss: 0.3849
Epoch 200/200
51/51 - 8s - 148ms/step - loss: 0.3674 - val_loss: 0.3848
[Run 1/5] Training shared encoder (weighted, sigmoid head, baseline preprocessing)...
Epoch 1/200
51/51 - 10s - 192ms/step - loss: 0.9707 - val_loss: 0.9285
Epoch 2/200
51/51 - 8s - 156ms/step - loss: 0.8799 - val_loss: 0.8472
Epoch 3/200
51/51 - 8s - 148ms/step - loss: 0.8019 - val_loss: 0.7806
Epoch 4/200
51/51 - 8s - 156ms/step - loss: 0.7406 - val_loss: 0.7292
Epoch 5/200
51/51 - 8s - 154ms/step - loss: 0.6937 - val_loss: 0.6896
Epoch 6/200
51/51 - 8s - 154ms/step - loss: 0.6577 - val_loss: 0.6584
Epoch 7/200
51/51 - 8s - 154ms/step - loss: 0.6293 - val_loss: 0.6335
Epoch 8/200
51/51 - 8s - 156ms/step - loss: 0.6066 - val_loss: 0.6132
Epoch 9/200
51/51 - 8s - 156ms/step - loss: 0.5881 - val_loss: 0.5964
Epoch 10/200
51/51 - 8s - 154ms/step - loss: 0.5728 - val_loss: 0.5824
Epoch 11/200
51/51 - 8s - 155ms/step - loss: 0.5600 - val_loss: 0.5706
Epoch 12/200
51/51 - 8s - 154ms/step - loss: 0.5491 - val_loss: 0.5604
Epoch 13/200
51/51 - 8s - 153ms/step - loss: 0.5397 - val_loss: 0.5516
Epoch 14/200
51/51 - 8s - 152ms/step - loss: 0.5316 - val_loss: 0.5438
Epoch 15/200
51/51 - 8s - 154ms/step - loss: 0.5245 - val_loss: 0.5370
Epoch 16/200
51/51 - 8s - 153ms/step - loss: 0.5181 - val_loss: 0.5310
Epoch 17/200
51/51 - 8s - 154ms/step - loss: 0.5125 - val_loss: 0.5255
Epoch 18/200
51/51 - 8s - 154ms/step - loss: 0.5074 - val_loss: 0.5206
Epoch 19/200
51/51 - 8s - 155ms/step - loss: 0.5028 - val_loss: 0.5161
Epoch 20/200
51/51 - 8s - 153ms/step - loss: 0.4986 - val_loss: 0.5121
Epoch 21/200
51/51 - 8s - 153ms/step - loss: 0.4947 - val_loss: 0.5083
Epoch 22/200
51/51 - 8s - 154ms/step - loss: 0.4912 - val_loss: 0.5049
Epoch 23/200
51/51 - 8s - 154ms/step - loss: 0.4879 - val_loss: 0.5017
Epoch 24/200
51/51 - 8s - 152ms/step - loss: 0.4849 - val_loss: 0.4987
Epoch 25/200
51/51 - 8s - 154ms/step - loss: 0.4820 - val_loss: 0.4960
Epoch 26/200
51/51 - 8s - 153ms/step - loss: 0.4794 - val_loss: 0.4934
Epoch 27/200
51/51 - 8s - 154ms/step - loss: 0.4769 - val_loss: 0.4910
Epoch 28/200
51/51 - 8s - 153ms/step - loss: 0.4746 - val_loss: 0.4887
Epoch 29/200
51/51 - 8s - 153ms/step - loss: 0.4724 - val_loss: 0.4865
Epoch 30/200
51/51 - 8s - 152ms/step - loss: 0.4703 - val_loss: 0.4845
Epoch 31/200
51/51 - 8s - 153ms/step - loss: 0.4684 - val_loss: 0.4826
Epoch 32/200
51/51 - 8s - 153ms/step - loss: 0.4665 - val_loss: 0.4807
Epoch 33/200
51/51 - 8s - 154ms/step - loss: 0.4647 - val_loss: 0.4790
Epoch 34/200
51/51 - 8s - 153ms/step - loss: 0.4630 - val_loss: 0.4773
Epoch 35/200
51/51 - 8s - 154ms/step - loss: 0.4614 - val_loss: 0.4757
Epoch 36/200
51/51 - 8s - 154ms/step - loss: 0.4599 - val_loss: 0.4742
Epoch 37/200
51/51 - 8s - 153ms/step - loss: 0.4584 - val_loss: 0.4727
Epoch 38/200
51/51 - 8s - 154ms/step - loss: 0.4570 - val_loss: 0.4713
Epoch 39/200
51/51 - 8s - 152ms/step - loss: 0.4556 - val_loss: 0.4699
Epoch 40/200
51/51 - 8s - 153ms/step - loss: 0.4543 - val_loss: 0.4686
Epoch 41/200
51/51 - 8s - 152ms/step - loss: 0.4530 - val_loss: 0.4673
Epoch 42/200
51/51 - 8s - 150ms/step - loss: 0.4518 - val_loss: 0.4661
Epoch 43/200
51/51 - 8s - 152ms/step - loss: 0.4506 - val_loss: 0.4649
Epoch 44/200
51/51 - 8s - 154ms/step - loss: 0.4494 - val_loss: 0.4637
Epoch 45/200
51/51 - 8s - 154ms/step - loss: 0.4483 - val_loss: 0.4626
Epoch 46/200
51/51 - 8s - 154ms/step - loss: 0.4473 - val_loss: 0.4616
Epoch 47/200
51/51 - 8s - 153ms/step - loss: 0.4462 - val_loss: 0.4605
Epoch 48/200
51/51 - 8s - 154ms/step - loss: 0.4452 - val_loss: 0.4595
Epoch 49/200
51/51 - 8s - 155ms/step - loss: 0.4442 - val_loss: 0.4585
Epoch 50/200
51/51 - 8s - 153ms/step - loss: 0.4433 - val_loss: 0.4575
Epoch 51/200
51/51 - 8s - 153ms/step - loss: 0.4423 - val_loss: 0.4566
Epoch 52/200
51/51 - 8s - 153ms/step - loss: 0.4414 - val_loss: 0.4557
Epoch 53/200
51/51 - 8s - 155ms/step - loss: 0.4405 - val_loss: 0.4548
Epoch 54/200
51/51 - 8s - 154ms/step - loss: 0.4397 - val_loss: 0.4539
Epoch 55/200
51/51 - 8s - 153ms/step - loss: 0.4388 - val_loss: 0.4530
Epoch 56/200
51/51 - 8s - 153ms/step - loss: 0.4380 - val_loss: 0.4522
Epoch 57/200
51/51 - 8s - 154ms/step - loss: 0.4372 - val_loss: 0.4514
Epoch 58/200
51/51 - 8s - 153ms/step - loss: 0.4364 - val_loss: 0.4506
Epoch 59/200
51/51 - 8s - 153ms/step - loss: 0.4357 - val_loss: 0.4498
Epoch 60/200
51/51 - 8s - 154ms/step - loss: 0.4349 - val_loss: 0.4491
Epoch 61/200
51/51 - 8s - 154ms/step - loss: 0.4342 - val_loss: 0.4483
Epoch 62/200
51/51 - 8s - 154ms/step - loss: 0.4335 - val_loss: 0.4476
Epoch 63/200
51/51 - 8s - 154ms/step - loss: 0.4328 - val_loss: 0.4469
Epoch 64/200
51/51 - 8s - 153ms/step - loss: 0.4321 - val_loss: 0.4462
Epoch 65/200
51/51 - 8s - 153ms/step - loss: 0.4314 - val_loss: 0.4455
Epoch 66/200
51/51 - 8s - 154ms/step - loss: 0.4307 - val_loss: 0.4448
Epoch 67/200
51/51 - 8s - 154ms/step - loss: 0.4301 - val_loss: 0.4442
Epoch 68/200
51/51 - 8s - 152ms/step - loss: 0.4294 - val_loss: 0.4435
Epoch 69/200
51/51 - 8s - 154ms/step - loss: 0.4288 - val_loss: 0.4429
Epoch 70/200
51/51 - 8s - 154ms/step - loss: 0.4282 - val_loss: 0.4423
Epoch 71/200
51/51 - 8s - 153ms/step - loss: 0.4276 - val_loss: 0.4417
Epoch 72/200
51/51 - 8s - 154ms/step - loss: 0.4270 - val_loss: 0.4411
Epoch 73/200
51/51 - 8s - 154ms/step - loss: 0.4264 - val_loss: 0.4405
Epoch 74/200
51/51 - 8s - 153ms/step - loss: 0.4258 - val_loss: 0.4399
Epoch 75/200
51/51 - 8s - 153ms/step - loss: 0.4252 - val_loss: 0.4394
Epoch 76/200
51/51 - 8s - 154ms/step - loss: 0.4247 - val_loss: 0.4388
Epoch 77/200
51/51 - 8s - 154ms/step - loss: 0.4241 - val_loss: 0.4383
Epoch 78/200
51/51 - 8s - 153ms/step - loss: 0.4236 - val_loss: 0.4377
Epoch 79/200
51/51 - 8s - 153ms/step - loss: 0.4231 - val_loss: 0.4372
Epoch 80/200
51/51 - 8s - 151ms/step - loss: 0.4225 - val_loss: 0.4367
Epoch 81/200
51/51 - 8s - 154ms/step - loss: 0.4220 - val_loss: 0.4362
Epoch 82/200
51/51 - 8s - 154ms/step - loss: 0.4215 - val_loss: 0.4357
Epoch 83/200
51/51 - 8s - 153ms/step - loss: 0.4210 - val_loss: 0.4352
Epoch 84/200
51/51 - 8s - 153ms/step - loss: 0.4205 - val_loss: 0.4347
Epoch 85/200
51/51 - 8s - 154ms/step - loss: 0.4200 - val_loss: 0.4342
Epoch 86/200
51/51 - 8s - 154ms/step - loss: 0.4196 - val_loss: 0.4337
Epoch 87/200
51/51 - 8s - 155ms/step - loss: 0.4191 - val_loss: 0.4332
Epoch 88/200
51/51 - 8s - 154ms/step - loss: 0.4186 - val_loss: 0.4328
Epoch 89/200
51/51 - 8s - 154ms/step - loss: 0.4182 - val_loss: 0.4323
Epoch 90/200
51/51 - 8s - 154ms/step - loss: 0.4177 - val_loss: 0.4319
Epoch 91/200
51/51 - 8s - 154ms/step - loss: 0.4173 - val_loss: 0.4314
Epoch 92/200
51/51 - 8s - 153ms/step - loss: 0.4169 - val_loss: 0.4310
Epoch 93/200
51/51 - 8s - 154ms/step - loss: 0.4164 - val_loss: 0.4306
Epoch 94/200
51/51 - 8s - 154ms/step - loss: 0.4160 - val_loss: 0.4302
Epoch 95/200
51/51 - 8s - 154ms/step - loss: 0.4156 - val_loss: 0.4298
Epoch 96/200
51/51 - 8s - 154ms/step - loss: 0.4152 - val_loss: 0.4293
Epoch 97/200
51/51 - 8s - 153ms/step - loss: 0.4148 - val_loss: 0.4289
Epoch 98/200
51/51 - 8s - 154ms/step - loss: 0.4144 - val_loss: 0.4285
Epoch 99/200
51/51 - 8s - 152ms/step - loss: 0.4140 - val_loss: 0.4282
Epoch 100/200
51/51 - 8s - 154ms/step - loss: 0.4136 - val_loss: 0.4278
Epoch 101/200
51/51 - 8s - 154ms/step - loss: 0.4133 - val_loss: 0.4274
Epoch 102/200
51/51 - 8s - 152ms/step - loss: 0.4129 - val_loss: 0.4270
Epoch 103/200
51/51 - 8s - 153ms/step - loss: 0.4125 - val_loss: 0.4267
Epoch 104/200
51/51 - 8s - 153ms/step - loss: 0.4122 - val_loss: 0.4263
Epoch 105/200
51/51 - 8s - 153ms/step - loss: 0.4118 - val_loss: 0.4260
Epoch 106/200
51/51 - 8s - 152ms/step - loss: 0.4115 - val_loss: 0.4256
Epoch 107/200
51/51 - 8s - 152ms/step - loss: 0.4111 - val_loss: 0.4253
Epoch 108/200
51/51 - 8s - 153ms/step - loss: 0.4108 - val_loss: 0.4249
Epoch 109/200
51/51 - 8s - 153ms/step - loss: 0.4105 - val_loss: 0.4246
Epoch 110/200
51/51 - 8s - 153ms/step - loss: 0.4102 - val_loss: 0.4243
Epoch 111/200
51/51 - 8s - 153ms/step - loss: 0.4098 - val_loss: 0.4240
Epoch 112/200
51/51 - 8s - 153ms/step - loss: 0.4095 - val_loss: 0.4236
Epoch 113/200
51/51 - 8s - 153ms/step - loss: 0.4092 - val_loss: 0.4233
Epoch 114/200
51/51 - 8s - 153ms/step - loss: 0.4089 - val_loss: 0.4230
Epoch 115/200
51/51 - 8s - 152ms/step - loss: 0.4086 - val_loss: 0.4227
Epoch 116/200
51/51 - 8s - 153ms/step - loss: 0.4083 - val_loss: 0.4224
Epoch 117/200
51/51 - 8s - 153ms/step - loss: 0.4080 - val_loss: 0.4221
Epoch 118/200
51/51 - 8s - 153ms/step - loss: 0.4078 - val_loss: 0.4219
Epoch 119/200
51/51 - 8s - 154ms/step - loss: 0.4075 - val_loss: 0.4216
Epoch 120/200
51/51 - 8s - 153ms/step - loss: 0.4072 - val_loss: 0.4213
Epoch 121/200
51/51 - 8s - 153ms/step - loss: 0.4069 - val_loss: 0.4210
Epoch 122/200
51/51 - 8s - 152ms/step - loss: 0.4067 - val_loss: 0.4208
Epoch 123/200
51/51 - 8s - 153ms/step - loss: 0.4064 - val_loss: 0.4205
Epoch 124/200
51/51 - 8s - 153ms/step - loss: 0.4062 - val_loss: 0.4203
Epoch 125/200
51/51 - 8s - 154ms/step - loss: 0.4059 - val_loss: 0.4200
Epoch 126/200
51/51 - 8s - 153ms/step - loss: 0.4057 - val_loss: 0.4198
Epoch 127/200
51/51 - 8s - 153ms/step - loss: 0.4054 - val_loss: 0.4195
Epoch 128/200
51/51 - 8s - 153ms/step - loss: 0.4052 - val_loss: 0.4193
Epoch 129/200
51/51 - 8s - 153ms/step - loss: 0.4050 - val_loss: 0.4190
Epoch 130/200
51/51 - 8s - 152ms/step - loss: 0.4047 - val_loss: 0.4188
Epoch 131/200
51/51 - 8s - 153ms/step - loss: 0.4045 - val_loss: 0.4186
Epoch 132/200
51/51 - 8s - 153ms/step - loss: 0.4043 - val_loss: 0.4184
Epoch 133/200
51/51 - 8s - 153ms/step - loss: 0.4041 - val_loss: 0.4181
Epoch 134/200
51/51 - 8s - 153ms/step - loss: 0.4038 - val_loss: 0.4179
Epoch 135/200
51/51 - 8s - 152ms/step - loss: 0.4036 - val_loss: 0.4177
Epoch 136/200
51/51 - 8s - 153ms/step - loss: 0.4034 - val_loss: 0.4175
Epoch 137/200
51/51 - 8s - 152ms/step - loss: 0.4032 - val_loss: 0.4173
Epoch 138/200
51/51 - 8s - 155ms/step - loss: 0.4030 - val_loss: 0.4171
Epoch 139/200
51/51 - 8s - 155ms/step - loss: 0.4028 - val_loss: 0.4169
Epoch 140/200
51/51 - 8s - 155ms/step - loss: 0.4026 - val_loss: 0.4167
Epoch 141/200
51/51 - 8s - 155ms/step - loss: 0.4024 - val_loss: 0.4165
Epoch 142/200
51/51 - 8s - 155ms/step - loss: 0.4022 - val_loss: 0.4163
Epoch 143/200
51/51 - 8s - 155ms/step - loss: 0.4020 - val_loss: 0.4161
Epoch 144/200
51/51 - 8s - 152ms/step - loss: 0.4018 - val_loss: 0.4159
Epoch 145/200
51/51 - 8s - 149ms/step - loss: 0.4016 - val_loss: 0.4157
Epoch 146/200
51/51 - 8s - 149ms/step - loss: 0.4015 - val_loss: 0.4155
Epoch 147/200
51/51 - 8s - 149ms/step - loss: 0.4013 - val_loss: 0.4154
Epoch 148/200
51/51 - 8s - 149ms/step - loss: 0.4011 - val_loss: 0.4152
Epoch 149/200
51/51 - 8s - 153ms/step - loss: 0.4009 - val_loss: 0.4150
Epoch 150/200
51/51 - 8s - 151ms/step - loss: 0.4007 - val_loss: 0.4148
Epoch 151/200
51/51 - 8s - 153ms/step - loss: 0.4006 - val_loss: 0.4147
Epoch 152/200
51/51 - 8s - 152ms/step - loss: 0.4004 - val_loss: 0.4145
Epoch 153/200
51/51 - 8s - 154ms/step - loss: 0.4002 - val_loss: 0.4143
Epoch 154/200
51/51 - 8s - 156ms/step - loss: 0.4001 - val_loss: 0.4142
Epoch 155/200
51/51 - 8s - 154ms/step - loss: 0.3999 - val_loss: 0.4140
Epoch 156/200
51/51 - 8s - 154ms/step - loss: 0.3997 - val_loss: 0.4138
Epoch 157/200
51/51 - 8s - 153ms/step - loss: 0.3996 - val_loss: 0.4137
Epoch 158/200
51/51 - 8s - 153ms/step - loss: 0.3994 - val_loss: 0.4135
Epoch 159/200
51/51 - 8s - 152ms/step - loss: 0.3993 - val_loss: 0.4134
Epoch 160/200
51/51 - 8s - 153ms/step - loss: 0.3991 - val_loss: 0.4132
Epoch 161/200
51/51 - 8s - 153ms/step - loss: 0.3990 - val_loss: 0.4131
Epoch 162/200
51/51 - 8s - 153ms/step - loss: 0.3988 - val_loss: 0.4129
Epoch 163/200
51/51 - 8s - 152ms/step - loss: 0.3987 - val_loss: 0.4128
Epoch 164/200
51/51 - 8s - 153ms/step - loss: 0.3985 - val_loss: 0.4126
Epoch 165/200
51/51 - 8s - 153ms/step - loss: 0.3984 - val_loss: 0.4125
Epoch 166/200
51/51 - 8s - 153ms/step - loss: 0.3982 - val_loss: 0.4124
Epoch 167/200
51/51 - 8s - 153ms/step - loss: 0.3981 - val_loss: 0.4122
Epoch 168/200
51/51 - 8s - 153ms/step - loss: 0.3979 - val_loss: 0.4121
Epoch 169/200
51/51 - 8s - 153ms/step - loss: 0.3978 - val_loss: 0.4119
Epoch 170/200
51/51 - 8s - 153ms/step - loss: 0.3977 - val_loss: 0.4118
Epoch 171/200
51/51 - 8s - 153ms/step - loss: 0.3975 - val_loss: 0.4117
Epoch 172/200
51/51 - 8s - 153ms/step - loss: 0.3974 - val_loss: 0.4115
Epoch 173/200
51/51 - 8s - 153ms/step - loss: 0.3972 - val_loss: 0.4114
Epoch 174/200
51/51 - 8s - 153ms/step - loss: 0.3971 - val_loss: 0.4113
Epoch 175/200
51/51 - 8s - 153ms/step - loss: 0.3970 - val_loss: 0.4112
Epoch 176/200
51/51 - 8s - 151ms/step - loss: 0.3969 - val_loss: 0.4110
Epoch 177/200
51/51 - 8s - 155ms/step - loss: 0.3967 - val_loss: 0.4109
Epoch 178/200
51/51 - 8s - 155ms/step - loss: 0.3966 - val_loss: 0.4108
Epoch 179/200
51/51 - 8s - 154ms/step - loss: 0.3965 - val_loss: 0.4107
Epoch 180/200
51/51 - 8s - 152ms/step - loss: 0.3963 - val_loss: 0.4105
Epoch 181/200
51/51 - 8s - 153ms/step - loss: 0.3962 - val_loss: 0.4104
Epoch 182/200
51/51 - 8s - 154ms/step - loss: 0.3961 - val_loss: 0.4103
Epoch 183/200
51/51 - 8s - 154ms/step - loss: 0.3960 - val_loss: 0.4102
Epoch 184/200
51/51 - 8s - 154ms/step - loss: 0.3958 - val_loss: 0.4101
Epoch 185/200
51/51 - 8s - 154ms/step - loss: 0.3957 - val_loss: 0.4100
Epoch 186/200
51/51 - 8s - 154ms/step - loss: 0.3956 - val_loss: 0.4098
Epoch 187/200
51/51 - 8s - 154ms/step - loss: 0.3955 - val_loss: 0.4097
Epoch 188/200
51/51 - 8s - 154ms/step - loss: 0.3954 - val_loss: 0.4096
Epoch 189/200
51/51 - 8s - 154ms/step - loss: 0.3952 - val_loss: 0.4095
Epoch 190/200
51/51 - 8s - 154ms/step - loss: 0.3951 - val_loss: 0.4094
Epoch 191/200
51/51 - 8s - 154ms/step - loss: 0.3950 - val_loss: 0.4093
Epoch 192/200
51/51 - 8s - 154ms/step - loss: 0.3949 - val_loss: 0.4092
Epoch 193/200
51/51 - 8s - 155ms/step - loss: 0.3948 - val_loss: 0.4091
Epoch 194/200
51/51 - 8s - 154ms/step - loss: 0.3947 - val_loss: 0.4090
Epoch 195/200
51/51 - 8s - 154ms/step - loss: 0.3946 - val_loss: 0.4089
Epoch 196/200
51/51 - 8s - 153ms/step - loss: 0.3944 - val_loss: 0.4088
Epoch 197/200
51/51 - 8s - 154ms/step - loss: 0.3943 - val_loss: 0.4087
Epoch 198/200
51/51 - 8s - 154ms/step - loss: 0.3942 - val_loss: 0.4086
Epoch 199/200
51/51 - 8s - 154ms/step - loss: 0.3941 - val_loss: 0.4085
Epoch 200/200
51/51 - 8s - 154ms/step - loss: 0.3940 - val_loss: 0.4084
[Run 1/5] Training single encoder baseline (baseline preprocessing, linear structure, sigmoid head)...
[Run 1/5] Shared encoder (unweight) threshold comparison: dynamic=0.6482 (balanced_accuracy=0.8172), fixed_0.5=0.5000 (balanced_accuracy=0.8149).
[Run 1/5] Shared encoder (weighted) threshold comparison: dynamic=0.3007 (balanced_accuracy=0.8096), fixed_0.5=0.5000 (balanced_accuracy=0.8050).
[Run 1/5] Saved raw test predictions to /home/xx4455/Comparable/Code/Synthetic/Results/Predictions/adult_gender_28544_1_run1_raw_predictions.csv.
[Run 2/5] Training shared encoder (unweighted, sigmoid head, baseline preprocessing)...
Epoch 1/200
50/50 - 9s - 187ms/step - loss: 0.9934 - val_loss: 0.9509
Epoch 2/200
50/50 - 8s - 155ms/step - loss: 0.8926 - val_loss: 0.8525
Epoch 3/200
50/50 - 7s - 147ms/step - loss: 0.8002 - val_loss: 0.7664
Epoch 4/200
50/50 - 8s - 154ms/step - loss: 0.7237 - val_loss: 0.6983
Epoch 5/200
50/50 - 8s - 153ms/step - loss: 0.6652 - val_loss: 0.6477
Epoch 6/200
50/50 - 8s - 152ms/step - loss: 0.6230 - val_loss: 0.6113
Epoch 7/200
50/50 - 8s - 151ms/step - loss: 0.5924 - val_loss: 0.5845
Epoch 8/200
50/50 - 8s - 152ms/step - loss: 0.5695 - val_loss: 0.5641
Epoch 9/200
50/50 - 8s - 152ms/step - loss: 0.5514 - val_loss: 0.5477
Epoch 10/200
50/50 - 8s - 152ms/step - loss: 0.5368 - val_loss: 0.5344
Epoch 11/200
50/50 - 8s - 153ms/step - loss: 0.5247 - val_loss: 0.5233
Epoch 12/200
50/50 - 8s - 152ms/step - loss: 0.5144 - val_loss: 0.5138
Epoch 13/200
50/50 - 8s - 152ms/step - loss: 0.5056 - val_loss: 0.5057
Epoch 14/200
50/50 - 8s - 151ms/step - loss: 0.4979 - val_loss: 0.4986
Epoch 15/200
50/50 - 8s - 153ms/step - loss: 0.4911 - val_loss: 0.4923
Epoch 16/200
50/50 - 8s - 151ms/step - loss: 0.4851 - val_loss: 0.4867
Epoch 17/200
50/50 - 8s - 151ms/step - loss: 0.4797 - val_loss: 0.4817
Epoch 18/200
50/50 - 8s - 151ms/step - loss: 0.4748 - val_loss: 0.4771
Epoch 19/200
50/50 - 8s - 153ms/step - loss: 0.4704 - val_loss: 0.4729
Epoch 20/200
50/50 - 8s - 152ms/step - loss: 0.4663 - val_loss: 0.4691
Epoch 21/200
50/50 - 8s - 152ms/step - loss: 0.4625 - val_loss: 0.4656
Epoch 22/200
50/50 - 8s - 151ms/step - loss: 0.4590 - val_loss: 0.4623
Epoch 23/200
50/50 - 8s - 154ms/step - loss: 0.4558 - val_loss: 0.4593
Epoch 24/200
50/50 - 8s - 155ms/step - loss: 0.4528 - val_loss: 0.4565
Epoch 25/200
50/50 - 8s - 155ms/step - loss: 0.4500 - val_loss: 0.4538
Epoch 26/200
50/50 - 8s - 155ms/step - loss: 0.4473 - val_loss: 0.4513
Epoch 27/200
50/50 - 8s - 155ms/step - loss: 0.4448 - val_loss: 0.4489
Epoch 28/200
50/50 - 8s - 155ms/step - loss: 0.4424 - val_loss: 0.4467
Epoch 29/200
50/50 - 8s - 153ms/step - loss: 0.4402 - val_loss: 0.4446
Epoch 30/200
50/50 - 8s - 152ms/step - loss: 0.4381 - val_loss: 0.4426
Epoch 31/200
50/50 - 7s - 149ms/step - loss: 0.4361 - val_loss: 0.4407
Epoch 32/200
50/50 - 7s - 149ms/step - loss: 0.4341 - val_loss: 0.4388
Epoch 33/200
50/50 - 7s - 150ms/step - loss: 0.4323 - val_loss: 0.4371
Epoch 34/200
50/50 - 8s - 152ms/step - loss: 0.4305 - val_loss: 0.4354
Epoch 35/200
50/50 - 8s - 152ms/step - loss: 0.4288 - val_loss: 0.4338
Epoch 36/200
50/50 - 8s - 152ms/step - loss: 0.4272 - val_loss: 0.4323
Epoch 37/200
50/50 - 8s - 152ms/step - loss: 0.4257 - val_loss: 0.4308
Epoch 38/200
50/50 - 8s - 153ms/step - loss: 0.4242 - val_loss: 0.4294
Epoch 39/200
50/50 - 8s - 152ms/step - loss: 0.4228 - val_loss: 0.4281
Epoch 40/200
50/50 - 8s - 152ms/step - loss: 0.4214 - val_loss: 0.4268
Epoch 41/200
50/50 - 8s - 151ms/step - loss: 0.4200 - val_loss: 0.4255
Epoch 42/200
50/50 - 8s - 152ms/step - loss: 0.4187 - val_loss: 0.4243
Epoch 43/200
50/50 - 8s - 153ms/step - loss: 0.4175 - val_loss: 0.4231
Epoch 44/200
50/50 - 8s - 152ms/step - loss: 0.4163 - val_loss: 0.4220
Epoch 45/200
50/50 - 8s - 151ms/step - loss: 0.4151 - val_loss: 0.4209
Epoch 46/200
50/50 - 8s - 152ms/step - loss: 0.4140 - val_loss: 0.4198
Epoch 47/200
50/50 - 8s - 152ms/step - loss: 0.4129 - val_loss: 0.4188
Epoch 48/200
50/50 - 8s - 152ms/step - loss: 0.4118 - val_loss: 0.4178
Epoch 49/200
50/50 - 8s - 152ms/step - loss: 0.4108 - val_loss: 0.4169
Epoch 50/200
50/50 - 8s - 152ms/step - loss: 0.4098 - val_loss: 0.4159
Epoch 51/200
50/50 - 8s - 152ms/step - loss: 0.4088 - val_loss: 0.4150
Epoch 52/200
50/50 - 8s - 152ms/step - loss: 0.4079 - val_loss: 0.4141
Epoch 53/200
50/50 - 8s - 152ms/step - loss: 0.4070 - val_loss: 0.4133
Epoch 54/200
50/50 - 8s - 152ms/step - loss: 0.4061 - val_loss: 0.4125
Epoch 55/200
50/50 - 8s - 152ms/step - loss: 0.4052 - val_loss: 0.4117
Epoch 56/200
50/50 - 8s - 152ms/step - loss: 0.4044 - val_loss: 0.4109
Epoch 57/200
50/50 - 8s - 152ms/step - loss: 0.4035 - val_loss: 0.4101
Epoch 58/200
50/50 - 8s - 151ms/step - loss: 0.4027 - val_loss: 0.4094
Epoch 59/200
50/50 - 8s - 151ms/step - loss: 0.4020 - val_loss: 0.4086
Epoch 60/200
50/50 - 8s - 152ms/step - loss: 0.4012 - val_loss: 0.4079
Epoch 61/200
50/50 - 8s - 152ms/step - loss: 0.4004 - val_loss: 0.4072
Epoch 62/200
50/50 - 8s - 151ms/step - loss: 0.3997 - val_loss: 0.4066
Epoch 63/200
50/50 - 8s - 152ms/step - loss: 0.3990 - val_loss: 0.4059
Epoch 64/200
50/50 - 8s - 151ms/step - loss: 0.3983 - val_loss: 0.4053
Epoch 65/200
50/50 - 8s - 152ms/step - loss: 0.3976 - val_loss: 0.4047
Epoch 66/200
50/50 - 8s - 151ms/step - loss: 0.3970 - val_loss: 0.4041
Epoch 67/200
50/50 - 8s - 151ms/step - loss: 0.3963 - val_loss: 0.4035
Epoch 68/200
50/50 - 8s - 151ms/step - loss: 0.3957 - val_loss: 0.4029
Epoch 69/200
50/50 - 8s - 152ms/step - loss: 0.3951 - val_loss: 0.4023
Epoch 70/200
50/50 - 8s - 152ms/step - loss: 0.3945 - val_loss: 0.4018
Epoch 71/200
50/50 - 8s - 151ms/step - loss: 0.3939 - val_loss: 0.4012
Epoch 72/200
50/50 - 8s - 151ms/step - loss: 0.3933 - val_loss: 0.4007
Epoch 73/200
50/50 - 8s - 152ms/step - loss: 0.3927 - val_loss: 0.4002
Epoch 74/200
50/50 - 8s - 152ms/step - loss: 0.3922 - val_loss: 0.3997
Epoch 75/200
50/50 - 8s - 152ms/step - loss: 0.3917 - val_loss: 0.3992
Epoch 76/200
50/50 - 8s - 152ms/step - loss: 0.3911 - val_loss: 0.3987
Epoch 77/200
50/50 - 8s - 152ms/step - loss: 0.3906 - val_loss: 0.3982
Epoch 78/200
50/50 - 8s - 152ms/step - loss: 0.3901 - val_loss: 0.3978
Epoch 79/200
50/50 - 8s - 152ms/step - loss: 0.3896 - val_loss: 0.3973
Epoch 80/200
50/50 - 8s - 152ms/step - loss: 0.3891 - val_loss: 0.3969
Epoch 81/200
50/50 - 8s - 151ms/step - loss: 0.3886 - val_loss: 0.3964
Epoch 82/200
50/50 - 8s - 151ms/step - loss: 0.3882 - val_loss: 0.3960
Epoch 83/200
50/50 - 8s - 151ms/step - loss: 0.3877 - val_loss: 0.3956
Epoch 84/200
50/50 - 8s - 151ms/step - loss: 0.3872 - val_loss: 0.3952
Epoch 85/200
50/50 - 8s - 151ms/step - loss: 0.3868 - val_loss: 0.3947
Epoch 86/200
50/50 - 8s - 151ms/step - loss: 0.3864 - val_loss: 0.3943
Epoch 87/200
50/50 - 8s - 152ms/step - loss: 0.3859 - val_loss: 0.3940
Epoch 88/200
50/50 - 8s - 152ms/step - loss: 0.3855 - val_loss: 0.3936
Epoch 89/200
50/50 - 8s - 152ms/step - loss: 0.3851 - val_loss: 0.3932
Epoch 90/200
50/50 - 8s - 152ms/step - loss: 0.3847 - val_loss: 0.3928
Epoch 91/200
50/50 - 8s - 151ms/step - loss: 0.3843 - val_loss: 0.3925
Epoch 92/200
50/50 - 8s - 152ms/step - loss: 0.3839 - val_loss: 0.3921
Epoch 93/200
50/50 - 8s - 152ms/step - loss: 0.3835 - val_loss: 0.3918
Epoch 94/200
50/50 - 8s - 152ms/step - loss: 0.3832 - val_loss: 0.3914
Epoch 95/200
50/50 - 8s - 152ms/step - loss: 0.3828 - val_loss: 0.3911
Epoch 96/200
50/50 - 8s - 151ms/step - loss: 0.3824 - val_loss: 0.3907
Epoch 97/200
50/50 - 8s - 152ms/step - loss: 0.3821 - val_loss: 0.3904
Epoch 98/200
50/50 - 8s - 151ms/step - loss: 0.3817 - val_loss: 0.3901
Epoch 99/200
50/50 - 8s - 152ms/step - loss: 0.3814 - val_loss: 0.3898
Epoch 100/200
50/50 - 8s - 152ms/step - loss: 0.3810 - val_loss: 0.3895
Epoch 101/200
50/50 - 8s - 152ms/step - loss: 0.3807 - val_loss: 0.3891
Epoch 102/200
50/50 - 8s - 152ms/step - loss: 0.3804 - val_loss: 0.3888
Epoch 103/200
50/50 - 8s - 152ms/step - loss: 0.3800 - val_loss: 0.3885
Epoch 104/200
50/50 - 8s - 151ms/step - loss: 0.3797 - val_loss: 0.3883
Epoch 105/200
50/50 - 8s - 151ms/step - loss: 0.3794 - val_loss: 0.3880
Epoch 106/200
50/50 - 8s - 152ms/step - loss: 0.3791 - val_loss: 0.3877
Epoch 107/200
50/50 - 8s - 152ms/step - loss: 0.3788 - val_loss: 0.3874
Epoch 108/200
50/50 - 8s - 152ms/step - loss: 0.3785 - val_loss: 0.3871
Epoch 109/200
50/50 - 8s - 152ms/step - loss: 0.3782 - val_loss: 0.3869
Epoch 110/200
50/50 - 8s - 152ms/step - loss: 0.3779 - val_loss: 0.3866
Epoch 111/200
50/50 - 8s - 152ms/step - loss: 0.3776 - val_loss: 0.3863
Epoch 112/200
50/50 - 8s - 151ms/step - loss: 0.3773 - val_loss: 0.3861
Epoch 113/200
50/50 - 8s - 151ms/step - loss: 0.3771 - val_loss: 0.3858
Epoch 114/200
50/50 - 8s - 152ms/step - loss: 0.3768 - val_loss: 0.3855
Epoch 115/200
50/50 - 8s - 152ms/step - loss: 0.3765 - val_loss: 0.3853
Epoch 116/200
50/50 - 8s - 152ms/step - loss: 0.3763 - val_loss: 0.3850
Epoch 117/200
50/50 - 8s - 151ms/step - loss: 0.3760 - val_loss: 0.3848
Epoch 118/200
50/50 - 8s - 152ms/step - loss: 0.3757 - val_loss: 0.3846
Epoch 119/200
50/50 - 8s - 151ms/step - loss: 0.3755 - val_loss: 0.3843
Epoch 120/200
50/50 - 8s - 154ms/step - loss: 0.3752 - val_loss: 0.3841
Epoch 121/200
50/50 - 8s - 154ms/step - loss: 0.3750 - val_loss: 0.3839
Epoch 122/200
50/50 - 8s - 154ms/step - loss: 0.3747 - val_loss: 0.3836
Epoch 123/200
50/50 - 8s - 154ms/step - loss: 0.3745 - val_loss: 0.3834
Epoch 124/200
50/50 - 8s - 153ms/step - loss: 0.3742 - val_loss: 0.3832
Epoch 125/200
50/50 - 8s - 154ms/step - loss: 0.3740 - val_loss: 0.3830
Epoch 126/200
50/50 - 7s - 150ms/step - loss: 0.3738 - val_loss: 0.3827
Epoch 127/200
50/50 - 7s - 148ms/step - loss: 0.3735 - val_loss: 0.3825
Epoch 128/200
50/50 - 7s - 148ms/step - loss: 0.3733 - val_loss: 0.3823
Epoch 129/200
50/50 - 7s - 147ms/step - loss: 0.3731 - val_loss: 0.3821
Epoch 130/200
50/50 - 7s - 148ms/step - loss: 0.3729 - val_loss: 0.3819
Epoch 131/200
50/50 - 8s - 152ms/step - loss: 0.3727 - val_loss: 0.3817
Epoch 132/200
50/50 - 7s - 149ms/step - loss: 0.3724 - val_loss: 0.3815
Epoch 133/200
50/50 - 8s - 151ms/step - loss: 0.3722 - val_loss: 0.3813
Epoch 134/200
50/50 - 8s - 152ms/step - loss: 0.3720 - val_loss: 0.3811
Epoch 135/200
50/50 - 8s - 151ms/step - loss: 0.3718 - val_loss: 0.3809
Epoch 136/200
50/50 - 8s - 151ms/step - loss: 0.3716 - val_loss: 0.3807
Epoch 137/200
50/50 - 8s - 151ms/step - loss: 0.3714 - val_loss: 0.3805
Epoch 138/200
50/50 - 8s - 151ms/step - loss: 0.3712 - val_loss: 0.3803
Epoch 139/200
50/50 - 8s - 152ms/step - loss: 0.3710 - val_loss: 0.3802
Epoch 140/200
50/50 - 8s - 152ms/step - loss: 0.3708 - val_loss: 0.3800
Epoch 141/200
50/50 - 8s - 152ms/step - loss: 0.3706 - val_loss: 0.3798
Epoch 142/200
50/50 - 8s - 152ms/step - loss: 0.3704 - val_loss: 0.3796
Epoch 143/200
50/50 - 8s - 152ms/step - loss: 0.3702 - val_loss: 0.3794
Epoch 144/200
50/50 - 8s - 152ms/step - loss: 0.3700 - val_loss: 0.3793
Epoch 145/200
50/50 - 8s - 151ms/step - loss: 0.3699 - val_loss: 0.3791
Epoch 146/200
50/50 - 8s - 152ms/step - loss: 0.3697 - val_loss: 0.3789
Epoch 147/200
50/50 - 8s - 151ms/step - loss: 0.3695 - val_loss: 0.3788
Epoch 148/200
50/50 - 8s - 153ms/step - loss: 0.3693 - val_loss: 0.3786
Epoch 149/200
50/50 - 8s - 152ms/step - loss: 0.3692 - val_loss: 0.3784
Epoch 150/200
50/50 - 8s - 152ms/step - loss: 0.3690 - val_loss: 0.3783
Epoch 151/200
50/50 - 8s - 151ms/step - loss: 0.3688 - val_loss: 0.3781
Epoch 152/200
50/50 - 8s - 151ms/step - loss: 0.3686 - val_loss: 0.3779
Epoch 153/200
50/50 - 8s - 152ms/step - loss: 0.3685 - val_loss: 0.3778
Epoch 154/200
50/50 - 8s - 152ms/step - loss: 0.3683 - val_loss: 0.3776
Epoch 155/200
50/50 - 8s - 151ms/step - loss: 0.3682 - val_loss: 0.3775
Epoch 156/200
50/50 - 8s - 152ms/step - loss: 0.3680 - val_loss: 0.3773
Epoch 157/200
50/50 - 8s - 152ms/step - loss: 0.3678 - val_loss: 0.3772
Epoch 158/200
50/50 - 8s - 152ms/step - loss: 0.3677 - val_loss: 0.3770
Epoch 159/200
50/50 - 8s - 153ms/step - loss: 0.3675 - val_loss: 0.3769
Epoch 160/200
50/50 - 8s - 151ms/step - loss: 0.3674 - val_loss: 0.3768
Epoch 161/200
50/50 - 8s - 151ms/step - loss: 0.3672 - val_loss: 0.3766
Epoch 162/200
50/50 - 8s - 152ms/step - loss: 0.3671 - val_loss: 0.3765
Epoch 163/200
50/50 - 8s - 152ms/step - loss: 0.3669 - val_loss: 0.3763
Epoch 164/200
50/50 - 8s - 152ms/step - loss: 0.3668 - val_loss: 0.3762
Epoch 165/200
50/50 - 8s - 151ms/step - loss: 0.3667 - val_loss: 0.3761
Epoch 166/200
50/50 - 8s - 152ms/step - loss: 0.3665 - val_loss: 0.3759
Epoch 167/200
50/50 - 8s - 152ms/step - loss: 0.3664 - val_loss: 0.3758
Epoch 168/200
50/50 - 8s - 152ms/step - loss: 0.3662 - val_loss: 0.3757
Epoch 169/200
50/50 - 8s - 152ms/step - loss: 0.3661 - val_loss: 0.3755
Epoch 170/200
50/50 - 8s - 152ms/step - loss: 0.3660 - val_loss: 0.3754
Epoch 171/200
50/50 - 8s - 153ms/step - loss: 0.3658 - val_loss: 0.3753
Epoch 172/200
50/50 - 8s - 152ms/step - loss: 0.3657 - val_loss: 0.3752
Epoch 173/200
50/50 - 8s - 152ms/step - loss: 0.3656 - val_loss: 0.3750
Epoch 174/200
50/50 - 8s - 151ms/step - loss: 0.3655 - val_loss: 0.3749
Epoch 175/200
50/50 - 8s - 151ms/step - loss: 0.3653 - val_loss: 0.3748
Epoch 176/200
50/50 - 8s - 152ms/step - loss: 0.3652 - val_loss: 0.3747
Epoch 177/200
50/50 - 8s - 152ms/step - loss: 0.3651 - val_loss: 0.3746
Epoch 178/200
50/50 - 8s - 152ms/step - loss: 0.3650 - val_loss: 0.3745
Epoch 179/200
50/50 - 8s - 151ms/step - loss: 0.3649 - val_loss: 0.3743
Epoch 180/200
50/50 - 8s - 152ms/step - loss: 0.3647 - val_loss: 0.3742
Epoch 181/200
50/50 - 8s - 152ms/step - loss: 0.3646 - val_loss: 0.3741
Epoch 182/200
50/50 - 8s - 151ms/step - loss: 0.3645 - val_loss: 0.3740
Epoch 183/200
50/50 - 8s - 152ms/step - loss: 0.3644 - val_loss: 0.3739
Epoch 184/200
50/50 - 8s - 152ms/step - loss: 0.3643 - val_loss: 0.3738
Epoch 185/200
50/50 - 8s - 151ms/step - loss: 0.3642 - val_loss: 0.3737
Epoch 186/200
50/50 - 8s - 152ms/step - loss: 0.3641 - val_loss: 0.3736
Epoch 187/200
50/50 - 8s - 152ms/step - loss: 0.3639 - val_loss: 0.3735
Epoch 188/200
50/50 - 8s - 152ms/step - loss: 0.3638 - val_loss: 0.3734
Epoch 189/200
50/50 - 8s - 152ms/step - loss: 0.3637 - val_loss: 0.3733
Epoch 190/200
50/50 - 8s - 152ms/step - loss: 0.3636 - val_loss: 0.3732
Epoch 191/200
50/50 - 8s - 152ms/step - loss: 0.3635 - val_loss: 0.3731
Epoch 192/200
50/50 - 8s - 151ms/step - loss: 0.3634 - val_loss: 0.3730
Epoch 193/200
50/50 - 8s - 151ms/step - loss: 0.3633 - val_loss: 0.3729
Epoch 194/200
50/50 - 8s - 152ms/step - loss: 0.3632 - val_loss: 0.3728
Epoch 195/200
50/50 - 8s - 152ms/step - loss: 0.3631 - val_loss: 0.3727
Epoch 196/200
50/50 - 8s - 151ms/step - loss: 0.3630 - val_loss: 0.3726
Epoch 197/200
50/50 - 8s - 151ms/step - loss: 0.3629 - val_loss: 0.3725
Epoch 198/200
50/50 - 8s - 152ms/step - loss: 0.3628 - val_loss: 0.3724
Epoch 199/200
50/50 - 8s - 151ms/step - loss: 0.3627 - val_loss: 0.3723
Epoch 200/200
50/50 - 8s - 152ms/step - loss: 0.3626 - val_loss: 0.3722
[Run 2/5] Training shared encoder (weighted, sigmoid head, baseline preprocessing)...
Epoch 1/200
50/50 - 10s - 194ms/step - loss: 1.0002 - val_loss: 0.9542
Epoch 2/200
50/50 - 8s - 160ms/step - loss: 0.9087 - val_loss: 0.8632
Epoch 3/200
50/50 - 8s - 151ms/step - loss: 0.8213 - val_loss: 0.7814
Epoch 4/200
50/50 - 8s - 159ms/step - loss: 0.7475 - val_loss: 0.7164
Epoch 5/200
50/50 - 8s - 158ms/step - loss: 0.6915 - val_loss: 0.6684
Epoch 6/200
50/50 - 8s - 158ms/step - loss: 0.6502 - val_loss: 0.6334
Epoch 7/200
50/50 - 8s - 157ms/step - loss: 0.6193 - val_loss: 0.6071
Epoch 8/200
50/50 - 8s - 157ms/step - loss: 0.5957 - val_loss: 0.5867
Epoch 9/200
50/50 - 8s - 157ms/step - loss: 0.5770 - val_loss: 0.5704
Epoch 10/200
50/50 - 8s - 157ms/step - loss: 0.5619 - val_loss: 0.5572
Epoch 11/200
50/50 - 8s - 156ms/step - loss: 0.5495 - val_loss: 0.5461
Epoch 12/200
50/50 - 8s - 157ms/step - loss: 0.5390 - val_loss: 0.5368
Epoch 13/200
50/50 - 8s - 157ms/step - loss: 0.5300 - val_loss: 0.5287
Epoch 14/200
50/50 - 8s - 157ms/step - loss: 0.5222 - val_loss: 0.5216
Epoch 15/200
50/50 - 8s - 155ms/step - loss: 0.5153 - val_loss: 0.5154
Epoch 16/200
50/50 - 8s - 160ms/step - loss: 0.5092 - val_loss: 0.5098
Epoch 17/200
50/50 - 8s - 160ms/step - loss: 0.5038 - val_loss: 0.5048
Epoch 18/200
50/50 - 8s - 159ms/step - loss: 0.4989 - val_loss: 0.5003
Epoch 19/200
50/50 - 8s - 159ms/step - loss: 0.4944 - val_loss: 0.4962
Epoch 20/200
50/50 - 8s - 160ms/step - loss: 0.4903 - val_loss: 0.4925
Epoch 21/200
50/50 - 8s - 160ms/step - loss: 0.4866 - val_loss: 0.4891
Epoch 22/200
50/50 - 8s - 155ms/step - loss: 0.4831 - val_loss: 0.4859
Epoch 23/200
50/50 - 8s - 153ms/step - loss: 0.4799 - val_loss: 0.4830
Epoch 24/200
50/50 - 8s - 153ms/step - loss: 0.4770 - val_loss: 0.4803
Epoch 25/200
50/50 - 8s - 153ms/step - loss: 0.4742 - val_loss: 0.4777
Epoch 26/200
50/50 - 8s - 153ms/step - loss: 0.4716 - val_loss: 0.4753
Epoch 27/200
50/50 - 8s - 157ms/step - loss: 0.4692 - val_loss: 0.4731
Epoch 28/200
50/50 - 8s - 156ms/step - loss: 0.4669 - val_loss: 0.4710
Epoch 29/200
50/50 - 8s - 158ms/step - loss: 0.4647 - val_loss: 0.4690
Epoch 30/200
50/50 - 8s - 157ms/step - loss: 0.4626 - val_loss: 0.4671
Epoch 31/200
50/50 - 8s - 157ms/step - loss: 0.4607 - val_loss: 0.4654
Epoch 32/200
50/50 - 8s - 158ms/step - loss: 0.4588 - val_loss: 0.4637
Epoch 33/200
50/50 - 8s - 157ms/step - loss: 0.4570 - val_loss: 0.4621
Epoch 34/200
50/50 - 8s - 157ms/step - loss: 0.4553 - val_loss: 0.4605
Epoch 35/200
50/50 - 8s - 157ms/step - loss: 0.4537 - val_loss: 0.4591
Epoch 36/200
50/50 - 8s - 157ms/step - loss: 0.4522 - val_loss: 0.4576
Epoch 37/200
50/50 - 8s - 157ms/step - loss: 0.4507 - val_loss: 0.4563
Epoch 38/200
50/50 - 8s - 157ms/step - loss: 0.4492 - val_loss: 0.4550
Epoch 39/200
50/50 - 8s - 157ms/step - loss: 0.4479 - val_loss: 0.4538
Epoch 40/200
50/50 - 8s - 157ms/step - loss: 0.4465 - val_loss: 0.4526
Epoch 41/200
50/50 - 8s - 157ms/step - loss: 0.4453 - val_loss: 0.4514
Epoch 42/200
50/50 - 8s - 157ms/step - loss: 0.4440 - val_loss: 0.4503
Epoch 43/200
50/50 - 8s - 156ms/step - loss: 0.4428 - val_loss: 0.4492
Epoch 44/200
50/50 - 8s - 157ms/step - loss: 0.4417 - val_loss: 0.4482
Epoch 45/200
50/50 - 8s - 157ms/step - loss: 0.4405 - val_loss: 0.4471
Epoch 46/200
50/50 - 8s - 157ms/step - loss: 0.4395 - val_loss: 0.4462
Epoch 47/200
50/50 - 8s - 157ms/step - loss: 0.4384 - val_loss: 0.4452
Epoch 48/200
50/50 - 8s - 157ms/step - loss: 0.4374 - val_loss: 0.4443
Epoch 49/200
50/50 - 8s - 157ms/step - loss: 0.4364 - val_loss: 0.4434
Epoch 50/200
50/50 - 8s - 157ms/step - loss: 0.4354 - val_loss: 0.4425
Epoch 51/200
50/50 - 8s - 156ms/step - loss: 0.4345 - val_loss: 0.4417
Epoch 52/200
50/50 - 8s - 157ms/step - loss: 0.4336 - val_loss: 0.4408
Epoch 53/200
50/50 - 8s - 157ms/step - loss: 0.4327 - val_loss: 0.4400
Epoch 54/200
50/50 - 8s - 158ms/step - loss: 0.4318 - val_loss: 0.4392
Epoch 55/200
50/50 - 8s - 157ms/step - loss: 0.4310 - val_loss: 0.4385
Epoch 56/200
50/50 - 8s - 156ms/step - loss: 0.4301 - val_loss: 0.4377
Epoch 57/200
50/50 - 8s - 157ms/step - loss: 0.4293 - val_loss: 0.4370
Epoch 58/200
50/50 - 8s - 157ms/step - loss: 0.4285 - val_loss: 0.4363
Epoch 59/200
50/50 - 8s - 157ms/step - loss: 0.4278 - val_loss: 0.4356
Epoch 60/200
50/50 - 8s - 156ms/step - loss: 0.4270 - val_loss: 0.4349
Epoch 61/200
50/50 - 8s - 156ms/step - loss: 0.4263 - val_loss: 0.4342
Epoch 62/200
50/50 - 8s - 156ms/step - loss: 0.4256 - val_loss: 0.4336
Epoch 63/200
50/50 - 8s - 157ms/step - loss: 0.4249 - val_loss: 0.4329
Epoch 64/200
50/50 - 8s - 157ms/step - loss: 0.4242 - val_loss: 0.4323
Epoch 65/200
50/50 - 8s - 157ms/step - loss: 0.4235 - val_loss: 0.4317
Epoch 66/200
50/50 - 8s - 156ms/step - loss: 0.4228 - val_loss: 0.4310
Epoch 67/200
50/50 - 8s - 157ms/step - loss: 0.4222 - val_loss: 0.4304
Epoch 68/200
50/50 - 8s - 157ms/step - loss: 0.4215 - val_loss: 0.4299
Epoch 69/200
50/50 - 8s - 157ms/step - loss: 0.4209 - val_loss: 0.4293
Epoch 70/200
50/50 - 8s - 157ms/step - loss: 0.4203 - val_loss: 0.4287
Epoch 71/200
50/50 - 8s - 157ms/step - loss: 0.4197 - val_loss: 0.4282
Epoch 72/200
50/50 - 8s - 157ms/step - loss: 0.4191 - val_loss: 0.4276
Epoch 73/200
50/50 - 8s - 157ms/step - loss: 0.4185 - val_loss: 0.4271
Epoch 74/200
50/50 - 8s - 157ms/step - loss: 0.4179 - val_loss: 0.4266
Epoch 75/200
50/50 - 8s - 157ms/step - loss: 0.4174 - val_loss: 0.4260
Epoch 76/200
50/50 - 8s - 157ms/step - loss: 0.4168 - val_loss: 0.4255
Epoch 77/200
50/50 - 8s - 157ms/step - loss: 0.4163 - val_loss: 0.4250
Epoch 78/200
50/50 - 8s - 157ms/step - loss: 0.4158 - val_loss: 0.4245
Epoch 79/200
50/50 - 8s - 157ms/step - loss: 0.4152 - val_loss: 0.4240
Epoch 80/200
50/50 - 8s - 157ms/step - loss: 0.4147 - val_loss: 0.4236
Epoch 81/200
50/50 - 8s - 157ms/step - loss: 0.4142 - val_loss: 0.4231
Epoch 82/200
50/50 - 8s - 157ms/step - loss: 0.4137 - val_loss: 0.4226
Epoch 83/200
50/50 - 8s - 156ms/step - loss: 0.4132 - val_loss: 0.4222
Epoch 84/200
50/50 - 8s - 157ms/step - loss: 0.4127 - val_loss: 0.4217
Epoch 85/200
50/50 - 8s - 157ms/step - loss: 0.4123 - val_loss: 0.4213
Epoch 86/200
50/50 - 8s - 157ms/step - loss: 0.4118 - val_loss: 0.4208
Epoch 87/200
50/50 - 8s - 157ms/step - loss: 0.4113 - val_loss: 0.4204
Epoch 88/200
50/50 - 8s - 157ms/step - loss: 0.4109 - val_loss: 0.4200
Epoch 89/200
50/50 - 8s - 157ms/step - loss: 0.4104 - val_loss: 0.4196
Epoch 90/200
50/50 - 8s - 157ms/step - loss: 0.4100 - val_loss: 0.4191
Epoch 91/200
50/50 - 8s - 157ms/step - loss: 0.4096 - val_loss: 0.4187
Epoch 92/200
50/50 - 8s - 157ms/step - loss: 0.4091 - val_loss: 0.4183
Epoch 93/200
50/50 - 8s - 157ms/step - loss: 0.4087 - val_loss: 0.4179
Epoch 94/200
50/50 - 8s - 157ms/step - loss: 0.4083 - val_loss: 0.4175
Epoch 95/200
50/50 - 8s - 157ms/step - loss: 0.4079 - val_loss: 0.4172
Epoch 96/200
50/50 - 8s - 157ms/step - loss: 0.4075 - val_loss: 0.4168
Epoch 97/200
50/50 - 8s - 157ms/step - loss: 0.4071 - val_loss: 0.4164
Epoch 98/200
50/50 - 8s - 157ms/step - loss: 0.4067 - val_loss: 0.4160
Epoch 99/200
50/50 - 8s - 157ms/step - loss: 0.4063 - val_loss: 0.4157
Epoch 100/200
50/50 - 8s - 157ms/step - loss: 0.4059 - val_loss: 0.4153
Epoch 101/200
50/50 - 8s - 157ms/step - loss: 0.4055 - val_loss: 0.4149
Epoch 102/200
50/50 - 8s - 157ms/step - loss: 0.4052 - val_loss: 0.4146
Epoch 103/200
50/50 - 8s - 157ms/step - loss: 0.4048 - val_loss: 0.4143
Epoch 104/200
50/50 - 8s - 157ms/step - loss: 0.4044 - val_loss: 0.4139
Epoch 105/200
50/50 - 8s - 157ms/step - loss: 0.4041 - val_loss: 0.4136
Epoch 106/200
50/50 - 8s - 157ms/step - loss: 0.4037 - val_loss: 0.4132
Epoch 107/200
50/50 - 8s - 157ms/step - loss: 0.4034 - val_loss: 0.4129
Epoch 108/200
50/50 - 8s - 157ms/step - loss: 0.4030 - val_loss: 0.4126
Epoch 109/200
50/50 - 8s - 156ms/step - loss: 0.4027 - val_loss: 0.4123
Epoch 110/200
50/50 - 8s - 155ms/step - loss: 0.4024 - val_loss: 0.4120
Epoch 111/200
50/50 - 8s - 159ms/step - loss: 0.4020 - val_loss: 0.4117
Epoch 112/200
50/50 - 8s - 160ms/step - loss: 0.4017 - val_loss: 0.4114
Epoch 113/200
50/50 - 8s - 159ms/step - loss: 0.4014 - val_loss: 0.4111
Epoch 114/200
50/50 - 8s - 160ms/step - loss: 0.4011 - val_loss: 0.4108
Epoch 115/200
50/50 - 8s - 160ms/step - loss: 0.4008 - val_loss: 0.4105
Epoch 116/200
50/50 - 8s - 160ms/step - loss: 0.4005 - val_loss: 0.4102
Epoch 117/200
50/50 - 8s - 156ms/step - loss: 0.4002 - val_loss: 0.4099
Epoch 118/200
50/50 - 8s - 153ms/step - loss: 0.3999 - val_loss: 0.4096
Epoch 119/200
50/50 - 8s - 154ms/step - loss: 0.3996 - val_loss: 0.4093
Epoch 120/200
50/50 - 8s - 153ms/step - loss: 0.3993 - val_loss: 0.4091
Epoch 121/200
50/50 - 8s - 153ms/step - loss: 0.3990 - val_loss: 0.4088
Epoch 122/200
50/50 - 8s - 158ms/step - loss: 0.3987 - val_loss: 0.4085
Epoch 123/200
50/50 - 8s - 156ms/step - loss: 0.3984 - val_loss: 0.4083
Epoch 124/200
50/50 - 8s - 158ms/step - loss: 0.3982 - val_loss: 0.4080
Epoch 125/200
50/50 - 8s - 157ms/step - loss: 0.3979 - val_loss: 0.4078
Epoch 126/200
50/50 - 8s - 157ms/step - loss: 0.3976 - val_loss: 0.4075
Epoch 127/200
50/50 - 8s - 157ms/step - loss: 0.3973 - val_loss: 0.4073
Epoch 128/200
50/50 - 8s - 157ms/step - loss: 0.3971 - val_loss: 0.4070
Epoch 129/200
50/50 - 8s - 158ms/step - loss: 0.3968 - val_loss: 0.4068
Epoch 130/200
50/50 - 8s - 158ms/step - loss: 0.3966 - val_loss: 0.4066
Epoch 131/200
50/50 - 8s - 157ms/step - loss: 0.3963 - val_loss: 0.4063
Epoch 132/200
50/50 - 8s - 157ms/step - loss: 0.3961 - val_loss: 0.4061
Epoch 133/200
50/50 - 8s - 158ms/step - loss: 0.3958 - val_loss: 0.4059
Epoch 134/200
50/50 - 8s - 157ms/step - loss: 0.3956 - val_loss: 0.4057
Epoch 135/200
50/50 - 8s - 157ms/step - loss: 0.3954 - val_loss: 0.4055
Epoch 136/200
50/50 - 8s - 157ms/step - loss: 0.3951 - val_loss: 0.4053
Epoch 137/200
50/50 - 8s - 157ms/step - loss: 0.3949 - val_loss: 0.4050
Epoch 138/200
50/50 - 8s - 157ms/step - loss: 0.3947 - val_loss: 0.4048
Epoch 139/200
50/50 - 8s - 157ms/step - loss: 0.3945 - val_loss: 0.4046
Epoch 140/200
50/50 - 8s - 156ms/step - loss: 0.3942 - val_loss: 0.4044
Epoch 141/200
50/50 - 8s - 157ms/step - loss: 0.3940 - val_loss: 0.4042
Epoch 142/200
50/50 - 8s - 157ms/step - loss: 0.3938 - val_loss: 0.4040
Epoch 143/200
50/50 - 8s - 157ms/step - loss: 0.3936 - val_loss: 0.4039
Epoch 144/200
50/50 - 8s - 157ms/step - loss: 0.3934 - val_loss: 0.4037
Epoch 145/200
50/50 - 8s - 157ms/step - loss: 0.3932 - val_loss: 0.4035
Epoch 146/200
50/50 - 8s - 157ms/step - loss: 0.3930 - val_loss: 0.4033
Epoch 147/200
50/50 - 8s - 157ms/step - loss: 0.3928 - val_loss: 0.4031
Epoch 148/200
50/50 - 8s - 157ms/step - loss: 0.3926 - val_loss: 0.4029
Epoch 149/200
50/50 - 8s - 157ms/step - loss: 0.3924 - val_loss: 0.4028
Epoch 150/200
50/50 - 8s - 157ms/step - loss: 0.3922 - val_loss: 0.4026
Epoch 151/200
50/50 - 8s - 157ms/step - loss: 0.3920 - val_loss: 0.4024
Epoch 152/200
50/50 - 8s - 157ms/step - loss: 0.3918 - val_loss: 0.4023
Epoch 153/200
50/50 - 8s - 157ms/step - loss: 0.3917 - val_loss: 0.4021
Epoch 154/200
50/50 - 8s - 157ms/step - loss: 0.3915 - val_loss: 0.4019
Epoch 155/200
50/50 - 8s - 157ms/step - loss: 0.3913 - val_loss: 0.4018
Epoch 156/200
50/50 - 8s - 157ms/step - loss: 0.3911 - val_loss: 0.4016
Epoch 157/200
50/50 - 8s - 157ms/step - loss: 0.3910 - val_loss: 0.4015
Epoch 158/200
50/50 - 8s - 158ms/step - loss: 0.3908 - val_loss: 0.4013
Epoch 159/200
50/50 - 8s - 157ms/step - loss: 0.3906 - val_loss: 0.4012
Epoch 160/200
50/50 - 8s - 158ms/step - loss: 0.3905 - val_loss: 0.4010
Epoch 161/200
50/50 - 8s - 158ms/step - loss: 0.3903 - val_loss: 0.4009
Epoch 162/200
50/50 - 8s - 157ms/step - loss: 0.3901 - val_loss: 0.4007
Epoch 163/200
50/50 - 8s - 157ms/step - loss: 0.3900 - val_loss: 0.4006
Epoch 164/200
50/50 - 8s - 157ms/step - loss: 0.3898 - val_loss: 0.4004
Epoch 165/200
50/50 - 8s - 157ms/step - loss: 0.3897 - val_loss: 0.4003
Epoch 166/200
50/50 - 8s - 157ms/step - loss: 0.3895 - val_loss: 0.4002
Epoch 167/200
50/50 - 8s - 157ms/step - loss: 0.3894 - val_loss: 0.4000
Epoch 168/200
50/50 - 8s - 158ms/step - loss: 0.3892 - val_loss: 0.3999
Epoch 169/200
50/50 - 8s - 157ms/step - loss: 0.3891 - val_loss: 0.3998
Epoch 170/200
50/50 - 8s - 157ms/step - loss: 0.3889 - val_loss: 0.3996
Epoch 171/200
50/50 - 8s - 157ms/step - loss: 0.3888 - val_loss: 0.3995
Epoch 172/200
50/50 - 8s - 157ms/step - loss: 0.3886 - val_loss: 0.3994
Epoch 173/200
50/50 - 8s - 157ms/step - loss: 0.3885 - val_loss: 0.3992
Epoch 174/200
50/50 - 8s - 157ms/step - loss: 0.3884 - val_loss: 0.3991
Epoch 175/200
50/50 - 8s - 157ms/step - loss: 0.3882 - val_loss: 0.3990
Epoch 176/200
50/50 - 8s - 157ms/step - loss: 0.3881 - val_loss: 0.3989
Epoch 177/200
50/50 - 8s - 157ms/step - loss: 0.3880 - val_loss: 0.3988
Epoch 178/200
50/50 - 8s - 158ms/step - loss: 0.3878 - val_loss: 0.3986
Epoch 179/200
50/50 - 8s - 157ms/step - loss: 0.3877 - val_loss: 0.3985
Epoch 180/200
50/50 - 8s - 157ms/step - loss: 0.3876 - val_loss: 0.3984
Epoch 181/200
50/50 - 8s - 157ms/step - loss: 0.3874 - val_loss: 0.3983
Epoch 182/200
50/50 - 8s - 157ms/step - loss: 0.3873 - val_loss: 0.3982
Epoch 183/200
50/50 - 8s - 157ms/step - loss: 0.3872 - val_loss: 0.3981
Epoch 184/200
50/50 - 8s - 157ms/step - loss: 0.3871 - val_loss: 0.3980
Epoch 185/200
50/50 - 8s - 157ms/step - loss: 0.3869 - val_loss: 0.3978
Epoch 186/200
50/50 - 8s - 157ms/step - loss: 0.3868 - val_loss: 0.3977
Epoch 187/200
50/50 - 8s - 157ms/step - loss: 0.3867 - val_loss: 0.3976
Epoch 188/200
50/50 - 8s - 158ms/step - loss: 0.3866 - val_loss: 0.3975
Epoch 189/200
50/50 - 8s - 157ms/step - loss: 0.3865 - val_loss: 0.3974
Epoch 190/200
50/50 - 8s - 157ms/step - loss: 0.3863 - val_loss: 0.3973
Epoch 191/200
50/50 - 8s - 157ms/step - loss: 0.3862 - val_loss: 0.3972
Epoch 192/200
50/50 - 8s - 157ms/step - loss: 0.3861 - val_loss: 0.3971
Epoch 193/200
50/50 - 8s - 157ms/step - loss: 0.3860 - val_loss: 0.3970
Epoch 194/200
50/50 - 8s - 157ms/step - loss: 0.3859 - val_loss: 0.3969
Epoch 195/200
50/50 - 8s - 157ms/step - loss: 0.3858 - val_loss: 0.3968
Epoch 196/200
50/50 - 8s - 157ms/step - loss: 0.3857 - val_loss: 0.3967
Epoch 197/200
50/50 - 8s - 157ms/step - loss: 0.3856 - val_loss: 0.3966
Epoch 198/200
50/50 - 8s - 157ms/step - loss: 0.3855 - val_loss: 0.3965
Epoch 199/200
50/50 - 8s - 157ms/step - loss: 0.3854 - val_loss: 0.3964
Epoch 200/200
50/50 - 8s - 156ms/step - loss: 0.3853 - val_loss: 0.3963
[Run 2/5] Training single encoder baseline (baseline preprocessing, linear structure, sigmoid head)...
[Run 2/5] Shared encoder (unweight) threshold comparison: dynamic=0.3102 (balanced_accuracy=0.8199), fixed_0.5=0.5000 (balanced_accuracy=0.8160).
[Run 2/5] Shared encoder (weighted) threshold comparison: dynamic=0.4436 (balanced_accuracy=0.8128), fixed_0.5=0.5000 (balanced_accuracy=0.8099).
[Run 2/5] Saved raw test predictions to /home/xx4455/Comparable/Code/Synthetic/Results/Predictions/adult_gender_28396_1_run2_raw_predictions.csv.
[Run 3/5] Training shared encoder (unweighted, sigmoid head, baseline preprocessing)...
Epoch 1/200
50/50 - 9s - 185ms/step - loss: 0.9696 - val_loss: 0.9290
Epoch 2/200
50/50 - 8s - 154ms/step - loss: 0.8767 - val_loss: 0.8378
Epoch 3/200
50/50 - 7s - 147ms/step - loss: 0.7957 - val_loss: 0.7610
Epoch 4/200
50/50 - 8s - 154ms/step - loss: 0.7298 - val_loss: 0.6996
Epoch 5/200
50/50 - 8s - 152ms/step - loss: 0.6781 - val_loss: 0.6516
Epoch 6/200
50/50 - 8s - 152ms/step - loss: 0.6381 - val_loss: 0.6141
Epoch 7/200
50/50 - 8s - 151ms/step - loss: 0.6068 - val_loss: 0.5844
Epoch 8/200
50/50 - 8s - 151ms/step - loss: 0.5820 - val_loss: 0.5606
Epoch 9/200
50/50 - 8s - 152ms/step - loss: 0.5620 - val_loss: 0.5412
Epoch 10/200
50/50 - 8s - 151ms/step - loss: 0.5455 - val_loss: 0.5250
Epoch 11/200
50/50 - 8s - 151ms/step - loss: 0.5317 - val_loss: 0.5114
Epoch 12/200
50/50 - 8s - 152ms/step - loss: 0.5200 - val_loss: 0.4997
Epoch 13/200
50/50 - 8s - 152ms/step - loss: 0.5099 - val_loss: 0.4897
Epoch 14/200
50/50 - 8s - 151ms/step - loss: 0.5012 - val_loss: 0.4809
Epoch 15/200
50/50 - 8s - 152ms/step - loss: 0.4936 - val_loss: 0.4731
Epoch 16/200
50/50 - 8s - 153ms/step - loss: 0.4869 - val_loss: 0.4663
Epoch 17/200
50/50 - 8s - 152ms/step - loss: 0.4810 - val_loss: 0.4601
Epoch 18/200
50/50 - 8s - 151ms/step - loss: 0.4756 - val_loss: 0.4546
Epoch 19/200
50/50 - 8s - 152ms/step - loss: 0.4708 - val_loss: 0.4497
Epoch 20/200
50/50 - 8s - 153ms/step - loss: 0.4665 - val_loss: 0.4451
Epoch 21/200
50/50 - 8s - 151ms/step - loss: 0.4625 - val_loss: 0.4410
Epoch 22/200
50/50 - 8s - 151ms/step - loss: 0.4589 - val_loss: 0.4372
Epoch 23/200
50/50 - 8s - 152ms/step - loss: 0.4556 - val_loss: 0.4337
Epoch 24/200
50/50 - 8s - 152ms/step - loss: 0.4525 - val_loss: 0.4304
Epoch 25/200
50/50 - 8s - 152ms/step - loss: 0.4496 - val_loss: 0.4274
Epoch 26/200
50/50 - 8s - 151ms/step - loss: 0.4470 - val_loss: 0.4246
Epoch 27/200
50/50 - 8s - 151ms/step - loss: 0.4445 - val_loss: 0.4219
Epoch 28/200
50/50 - 8s - 151ms/step - loss: 0.4422 - val_loss: 0.4195
Epoch 29/200
50/50 - 8s - 151ms/step - loss: 0.4400 - val_loss: 0.4171
Epoch 30/200
50/50 - 8s - 151ms/step - loss: 0.4379 - val_loss: 0.4149
Epoch 31/200
50/50 - 8s - 152ms/step - loss: 0.4359 - val_loss: 0.4128
Epoch 32/200
50/50 - 8s - 151ms/step - loss: 0.4341 - val_loss: 0.4108
Epoch 33/200
50/50 - 8s - 151ms/step - loss: 0.4323 - val_loss: 0.4089
Epoch 34/200
50/50 - 8s - 151ms/step - loss: 0.4307 - val_loss: 0.4071
Epoch 35/200
50/50 - 8s - 151ms/step - loss: 0.4291 - val_loss: 0.4054
Epoch 36/200
50/50 - 8s - 151ms/step - loss: 0.4275 - val_loss: 0.4037
Epoch 37/200
50/50 - 8s - 151ms/step - loss: 0.4261 - val_loss: 0.4022
Epoch 38/200
50/50 - 8s - 151ms/step - loss: 0.4247 - val_loss: 0.4006
Epoch 39/200
50/50 - 8s - 152ms/step - loss: 0.4233 - val_loss: 0.3992
Epoch 40/200
50/50 - 8s - 151ms/step - loss: 0.4220 - val_loss: 0.3978
Epoch 41/200
50/50 - 8s - 151ms/step - loss: 0.4208 - val_loss: 0.3964
Epoch 42/200
50/50 - 8s - 152ms/step - loss: 0.4196 - val_loss: 0.3951
Epoch 43/200
50/50 - 8s - 152ms/step - loss: 0.4184 - val_loss: 0.3939
Epoch 44/200
50/50 - 8s - 152ms/step - loss: 0.4173 - val_loss: 0.3927
Epoch 45/200
50/50 - 8s - 152ms/step - loss: 0.4162 - val_loss: 0.3915
Epoch 46/200
50/50 - 8s - 152ms/step - loss: 0.4152 - val_loss: 0.3904
Epoch 47/200
50/50 - 8s - 151ms/step - loss: 0.4141 - val_loss: 0.3893
Epoch 48/200
50/50 - 8s - 152ms/step - loss: 0.4132 - val_loss: 0.3882
Epoch 49/200
50/50 - 8s - 152ms/step - loss: 0.4122 - val_loss: 0.3872
Epoch 50/200
50/50 - 8s - 152ms/step - loss: 0.4113 - val_loss: 0.3862
Epoch 51/200
50/50 - 8s - 151ms/step - loss: 0.4104 - val_loss: 0.3852
Epoch 52/200
50/50 - 8s - 152ms/step - loss: 0.4095 - val_loss: 0.3843
Epoch 53/200
50/50 - 8s - 150ms/step - loss: 0.4086 - val_loss: 0.3834
Epoch 54/200
50/50 - 8s - 153ms/step - loss: 0.4078 - val_loss: 0.3825
Epoch 55/200
50/50 - 8s - 153ms/step - loss: 0.4070 - val_loss: 0.3816
Epoch 56/200
50/50 - 8s - 154ms/step - loss: 0.4062 - val_loss: 0.3808
Epoch 57/200
50/50 - 8s - 153ms/step - loss: 0.4054 - val_loss: 0.3799
Epoch 58/200
50/50 - 8s - 153ms/step - loss: 0.4047 - val_loss: 0.3791
Epoch 59/200
50/50 - 8s - 154ms/step - loss: 0.4039 - val_loss: 0.3783
Epoch 60/200
50/50 - 7s - 150ms/step - loss: 0.4032 - val_loss: 0.3776
Epoch 61/200
50/50 - 7s - 148ms/step - loss: 0.4025 - val_loss: 0.3768
Epoch 62/200
50/50 - 7s - 148ms/step - loss: 0.4018 - val_loss: 0.3761
Epoch 63/200
50/50 - 7s - 148ms/step - loss: 0.4012 - val_loss: 0.3754
Epoch 64/200
50/50 - 7s - 148ms/step - loss: 0.4005 - val_loss: 0.3747
Epoch 65/200
50/50 - 8s - 151ms/step - loss: 0.3999 - val_loss: 0.3740
Epoch 66/200
50/50 - 7s - 150ms/step - loss: 0.3993 - val_loss: 0.3734
Epoch 67/200
50/50 - 8s - 151ms/step - loss: 0.3987 - val_loss: 0.3727
Epoch 68/200
50/50 - 8s - 152ms/step - loss: 0.3981 - val_loss: 0.3721
Epoch 69/200
50/50 - 8s - 151ms/step - loss: 0.3975 - val_loss: 0.3715
Epoch 70/200
50/50 - 8s - 151ms/step - loss: 0.3969 - val_loss: 0.3708
Epoch 71/200
50/50 - 8s - 151ms/step - loss: 0.3963 - val_loss: 0.3703
Epoch 72/200
50/50 - 8s - 151ms/step - loss: 0.3958 - val_loss: 0.3697
Epoch 73/200
50/50 - 8s - 152ms/step - loss: 0.3952 - val_loss: 0.3691
Epoch 74/200
50/50 - 8s - 152ms/step - loss: 0.3947 - val_loss: 0.3685
Epoch 75/200
50/50 - 8s - 152ms/step - loss: 0.3942 - val_loss: 0.3680
Epoch 76/200
50/50 - 8s - 151ms/step - loss: 0.3937 - val_loss: 0.3674
Epoch 77/200
50/50 - 8s - 151ms/step - loss: 0.3932 - val_loss: 0.3669
Epoch 78/200
50/50 - 8s - 151ms/step - loss: 0.3927 - val_loss: 0.3664
Epoch 79/200
50/50 - 8s - 151ms/step - loss: 0.3922 - val_loss: 0.3659
Epoch 80/200
50/50 - 8s - 151ms/step - loss: 0.3917 - val_loss: 0.3654
Epoch 81/200
50/50 - 8s - 152ms/step - loss: 0.3913 - val_loss: 0.3649
Epoch 82/200
50/50 - 8s - 151ms/step - loss: 0.3908 - val_loss: 0.3644
Epoch 83/200
50/50 - 8s - 151ms/step - loss: 0.3904 - val_loss: 0.3640
Epoch 84/200
50/50 - 8s - 151ms/step - loss: 0.3899 - val_loss: 0.3635
Epoch 85/200
50/50 - 8s - 151ms/step - loss: 0.3895 - val_loss: 0.3630
Epoch 86/200
50/50 - 8s - 152ms/step - loss: 0.3891 - val_loss: 0.3626
Epoch 87/200
50/50 - 8s - 151ms/step - loss: 0.3887 - val_loss: 0.3621
Epoch 88/200
50/50 - 8s - 151ms/step - loss: 0.3883 - val_loss: 0.3617
Epoch 89/200
50/50 - 8s - 151ms/step - loss: 0.3879 - val_loss: 0.3613
Epoch 90/200
50/50 - 8s - 151ms/step - loss: 0.3875 - val_loss: 0.3609
Epoch 91/200
50/50 - 8s - 151ms/step - loss: 0.3871 - val_loss: 0.3605
Epoch 92/200
50/50 - 8s - 151ms/step - loss: 0.3867 - val_loss: 0.3601
Epoch 93/200
50/50 - 8s - 151ms/step - loss: 0.3863 - val_loss: 0.3597
Epoch 94/200
50/50 - 8s - 151ms/step - loss: 0.3859 - val_loss: 0.3593
Epoch 95/200
50/50 - 8s - 152ms/step - loss: 0.3856 - val_loss: 0.3589
Epoch 96/200
50/50 - 8s - 151ms/step - loss: 0.3852 - val_loss: 0.3585
Epoch 97/200
50/50 - 8s - 152ms/step - loss: 0.3849 - val_loss: 0.3582
Epoch 98/200
50/50 - 8s - 152ms/step - loss: 0.3845 - val_loss: 0.3578
Epoch 99/200
50/50 - 8s - 152ms/step - loss: 0.3842 - val_loss: 0.3575
Epoch 100/200
50/50 - 8s - 152ms/step - loss: 0.3838 - val_loss: 0.3571
Epoch 101/200
50/50 - 8s - 151ms/step - loss: 0.3835 - val_loss: 0.3568
Epoch 102/200
50/50 - 8s - 152ms/step - loss: 0.3832 - val_loss: 0.3564
Epoch 103/200
50/50 - 8s - 151ms/step - loss: 0.3829 - val_loss: 0.3561
Epoch 104/200
50/50 - 8s - 152ms/step - loss: 0.3826 - val_loss: 0.3558
Epoch 105/200
50/50 - 8s - 151ms/step - loss: 0.3823 - val_loss: 0.3554
Epoch 106/200
50/50 - 8s - 151ms/step - loss: 0.3820 - val_loss: 0.3551
Epoch 107/200
50/50 - 8s - 150ms/step - loss: 0.3817 - val_loss: 0.3548
Epoch 108/200
50/50 - 8s - 151ms/step - loss: 0.3814 - val_loss: 0.3545
Epoch 109/200
50/50 - 8s - 151ms/step - loss: 0.3811 - val_loss: 0.3542
Epoch 110/200
50/50 - 8s - 151ms/step - loss: 0.3808 - val_loss: 0.3539
Epoch 111/200
50/50 - 8s - 151ms/step - loss: 0.3805 - val_loss: 0.3536
Epoch 112/200
50/50 - 8s - 151ms/step - loss: 0.3802 - val_loss: 0.3533
Epoch 113/200
50/50 - 8s - 151ms/step - loss: 0.3800 - val_loss: 0.3531
Epoch 114/200
50/50 - 8s - 152ms/step - loss: 0.3797 - val_loss: 0.3528
Epoch 115/200
50/50 - 8s - 151ms/step - loss: 0.3794 - val_loss: 0.3525
Epoch 116/200
50/50 - 8s - 150ms/step - loss: 0.3792 - val_loss: 0.3523
Epoch 117/200
50/50 - 8s - 152ms/step - loss: 0.3789 - val_loss: 0.3520
Epoch 118/200
50/50 - 8s - 152ms/step - loss: 0.3787 - val_loss: 0.3517
Epoch 119/200
50/50 - 8s - 151ms/step - loss: 0.3784 - val_loss: 0.3515
Epoch 120/200
50/50 - 8s - 151ms/step - loss: 0.3782 - val_loss: 0.3512
Epoch 121/200
50/50 - 8s - 151ms/step - loss: 0.3779 - val_loss: 0.3510
Epoch 122/200
50/50 - 8s - 151ms/step - loss: 0.3777 - val_loss: 0.3507
Epoch 123/200
50/50 - 8s - 151ms/step - loss: 0.3774 - val_loss: 0.3505
Epoch 124/200
50/50 - 8s - 151ms/step - loss: 0.3772 - val_loss: 0.3503
Epoch 125/200
50/50 - 8s - 151ms/step - loss: 0.3770 - val_loss: 0.3500
Epoch 126/200
50/50 - 8s - 151ms/step - loss: 0.3768 - val_loss: 0.3498
Epoch 127/200
50/50 - 8s - 151ms/step - loss: 0.3765 - val_loss: 0.3496
Epoch 128/200
50/50 - 8s - 151ms/step - loss: 0.3763 - val_loss: 0.3494
Epoch 129/200
50/50 - 8s - 151ms/step - loss: 0.3761 - val_loss: 0.3492
Epoch 130/200
50/50 - 8s - 151ms/step - loss: 0.3759 - val_loss: 0.3489
Epoch 131/200
50/50 - 8s - 150ms/step - loss: 0.3757 - val_loss: 0.3487
Epoch 132/200
50/50 - 8s - 151ms/step - loss: 0.3755 - val_loss: 0.3485
Epoch 133/200
50/50 - 8s - 151ms/step - loss: 0.3753 - val_loss: 0.3483
Epoch 134/200
50/50 - 8s - 151ms/step - loss: 0.3751 - val_loss: 0.3481
Epoch 135/200
50/50 - 8s - 151ms/step - loss: 0.3749 - val_loss: 0.3479
Epoch 136/200
50/50 - 8s - 151ms/step - loss: 0.3747 - val_loss: 0.3477
Epoch 137/200
50/50 - 8s - 152ms/step - loss: 0.3745 - val_loss: 0.3475
Epoch 138/200
50/50 - 8s - 151ms/step - loss: 0.3743 - val_loss: 0.3474
Epoch 139/200
50/50 - 8s - 151ms/step - loss: 0.3741 - val_loss: 0.3472
Epoch 140/200
50/50 - 8s - 151ms/step - loss: 0.3740 - val_loss: 0.3470
Epoch 141/200
50/50 - 8s - 151ms/step - loss: 0.3738 - val_loss: 0.3468
Epoch 142/200
50/50 - 8s - 151ms/step - loss: 0.3736 - val_loss: 0.3466
Epoch 143/200
50/50 - 8s - 151ms/step - loss: 0.3734 - val_loss: 0.3465
Epoch 144/200
50/50 - 8s - 151ms/step - loss: 0.3733 - val_loss: 0.3463
Epoch 145/200
50/50 - 8s - 151ms/step - loss: 0.3731 - val_loss: 0.3461
Epoch 146/200
50/50 - 8s - 151ms/step - loss: 0.3729 - val_loss: 0.3460
Epoch 147/200
50/50 - 8s - 151ms/step - loss: 0.3728 - val_loss: 0.3458
Epoch 148/200
50/50 - 8s - 151ms/step - loss: 0.3726 - val_loss: 0.3456
Epoch 149/200
50/50 - 8s - 151ms/step - loss: 0.3724 - val_loss: 0.3455
Epoch 150/200
50/50 - 8s - 151ms/step - loss: 0.3723 - val_loss: 0.3453
Epoch 151/200
50/50 - 8s - 151ms/step - loss: 0.3721 - val_loss: 0.3452
Epoch 152/200
50/50 - 8s - 151ms/step - loss: 0.3720 - val_loss: 0.3450
Epoch 153/200
50/50 - 8s - 151ms/step - loss: 0.3718 - val_loss: 0.3449
Epoch 154/200
50/50 - 8s - 151ms/step - loss: 0.3717 - val_loss: 0.3447
Epoch 155/200
50/50 - 8s - 150ms/step - loss: 0.3715 - val_loss: 0.3446
Epoch 156/200
50/50 - 8s - 151ms/step - loss: 0.3714 - val_loss: 0.3444
Epoch 157/200
50/50 - 8s - 151ms/step - loss: 0.3712 - val_loss: 0.3443
Epoch 158/200
50/50 - 8s - 151ms/step - loss: 0.3711 - val_loss: 0.3441
Epoch 159/200
50/50 - 8s - 151ms/step - loss: 0.3710 - val_loss: 0.3440
Epoch 160/200
50/50 - 8s - 151ms/step - loss: 0.3708 - val_loss: 0.3438
Epoch 161/200
50/50 - 8s - 151ms/step - loss: 0.3707 - val_loss: 0.3437
Epoch 162/200
50/50 - 8s - 150ms/step - loss: 0.3705 - val_loss: 0.3436
Epoch 163/200
50/50 - 8s - 150ms/step - loss: 0.3704 - val_loss: 0.3434
Epoch 164/200
50/50 - 8s - 151ms/step - loss: 0.3703 - val_loss: 0.3433
Epoch 165/200
50/50 - 8s - 151ms/step - loss: 0.3702 - val_loss: 0.3432
Epoch 166/200
50/50 - 8s - 151ms/step - loss: 0.3700 - val_loss: 0.3431
Epoch 167/200
50/50 - 8s - 150ms/step - loss: 0.3699 - val_loss: 0.3429
Epoch 168/200
50/50 - 8s - 150ms/step - loss: 0.3698 - val_loss: 0.3428
Epoch 169/200
50/50 - 8s - 153ms/step - loss: 0.3697 - val_loss: 0.3427
Epoch 170/200
50/50 - 8s - 153ms/step - loss: 0.3695 - val_loss: 0.3426
Epoch 171/200
50/50 - 8s - 153ms/step - loss: 0.3694 - val_loss: 0.3425
Epoch 172/200
50/50 - 8s - 153ms/step - loss: 0.3693 - val_loss: 0.3423
Epoch 173/200
50/50 - 8s - 153ms/step - loss: 0.3692 - val_loss: 0.3422
Epoch 174/200
50/50 - 8s - 153ms/step - loss: 0.3691 - val_loss: 0.3421
Epoch 175/200
50/50 - 7s - 149ms/step - loss: 0.3690 - val_loss: 0.3420
Epoch 176/200
50/50 - 7s - 148ms/step - loss: 0.3688 - val_loss: 0.3419
Epoch 177/200
50/50 - 7s - 148ms/step - loss: 0.3687 - val_loss: 0.3418
Epoch 178/200
50/50 - 7s - 147ms/step - loss: 0.3686 - val_loss: 0.3417
Epoch 179/200
50/50 - 7s - 148ms/step - loss: 0.3685 - val_loss: 0.3416
Epoch 180/200
50/50 - 8s - 152ms/step - loss: 0.3684 - val_loss: 0.3415
Epoch 181/200
50/50 - 8s - 151ms/step - loss: 0.3683 - val_loss: 0.3414
Epoch 182/200
50/50 - 8s - 151ms/step - loss: 0.3682 - val_loss: 0.3413
Epoch 183/200
50/50 - 8s - 152ms/step - loss: 0.3681 - val_loss: 0.3412
Epoch 184/200
50/50 - 8s - 151ms/step - loss: 0.3680 - val_loss: 0.3411
Epoch 185/200
50/50 - 8s - 151ms/step - loss: 0.3679 - val_loss: 0.3410
Epoch 186/200
50/50 - 8s - 151ms/step - loss: 0.3678 - val_loss: 0.3409
Epoch 187/200
50/50 - 8s - 151ms/step - loss: 0.3677 - val_loss: 0.3408
Epoch 188/200
50/50 - 8s - 151ms/step - loss: 0.3676 - val_loss: 0.3407
Epoch 189/200
50/50 - 8s - 151ms/step - loss: 0.3675 - val_loss: 0.3406
Epoch 190/200
50/50 - 8s - 150ms/step - loss: 0.3674 - val_loss: 0.3405
Epoch 191/200
50/50 - 8s - 151ms/step - loss: 0.3673 - val_loss: 0.3404
Epoch 192/200
50/50 - 8s - 151ms/step - loss: 0.3672 - val_loss: 0.3403
Epoch 193/200
50/50 - 8s - 151ms/step - loss: 0.3671 - val_loss: 0.3402
Epoch 194/200
50/50 - 8s - 151ms/step - loss: 0.3670 - val_loss: 0.3401
Epoch 195/200
50/50 - 8s - 151ms/step - loss: 0.3670 - val_loss: 0.3401
Epoch 196/200
50/50 - 8s - 151ms/step - loss: 0.3669 - val_loss: 0.3400
Epoch 197/200
50/50 - 8s - 151ms/step - loss: 0.3668 - val_loss: 0.3399
Epoch 198/200
50/50 - 8s - 151ms/step - loss: 0.3667 - val_loss: 0.3398
Epoch 199/200
50/50 - 8s - 151ms/step - loss: 0.3666 - val_loss: 0.3397
Epoch 200/200
50/50 - 8s - 151ms/step - loss: 0.3665 - val_loss: 0.3397
[Run 3/5] Training shared encoder (weighted, sigmoid head, baseline preprocessing)...
Epoch 1/200
50/50 - 10s - 192ms/step - loss: 0.9892 - val_loss: 0.9513
Epoch 2/200
50/50 - 8s - 159ms/step - loss: 0.9042 - val_loss: 0.8697
Epoch 3/200
50/50 - 8s - 151ms/step - loss: 0.8283 - val_loss: 0.7976
Epoch 4/200
50/50 - 8s - 159ms/step - loss: 0.7629 - val_loss: 0.7359
Epoch 5/200
50/50 - 8s - 157ms/step - loss: 0.7089 - val_loss: 0.6853
Epoch 6/200
50/50 - 8s - 157ms/step - loss: 0.6659 - val_loss: 0.6450
Epoch 7/200
50/50 - 8s - 156ms/step - loss: 0.6325 - val_loss: 0.6131
Epoch 8/200
50/50 - 8s - 157ms/step - loss: 0.6063 - val_loss: 0.5877
Epoch 9/200
50/50 - 8s - 157ms/step - loss: 0.5855 - val_loss: 0.5672
Epoch 10/200
50/50 - 8s - 157ms/step - loss: 0.5687 - val_loss: 0.5503
Epoch 11/200
50/50 - 8s - 157ms/step - loss: 0.5549 - val_loss: 0.5363
Epoch 12/200
50/50 - 8s - 157ms/step - loss: 0.5433 - val_loss: 0.5244
Epoch 13/200
50/50 - 8s - 156ms/step - loss: 0.5335 - val_loss: 0.5143
Epoch 14/200
50/50 - 8s - 156ms/step - loss: 0.5251 - val_loss: 0.5056
Epoch 15/200
50/50 - 8s - 156ms/step - loss: 0.5177 - val_loss: 0.4979
Epoch 16/200
50/50 - 8s - 157ms/step - loss: 0.5113 - val_loss: 0.4912
Epoch 17/200
50/50 - 8s - 157ms/step - loss: 0.5055 - val_loss: 0.4852
Epoch 18/200
50/50 - 8s - 157ms/step - loss: 0.5004 - val_loss: 0.4798
Epoch 19/200
50/50 - 8s - 157ms/step - loss: 0.4958 - val_loss: 0.4749
Epoch 20/200
50/50 - 8s - 157ms/step - loss: 0.4916 - val_loss: 0.4705
Epoch 21/200
50/50 - 8s - 156ms/step - loss: 0.4878 - val_loss: 0.4665
Epoch 22/200
50/50 - 8s - 157ms/step - loss: 0.4843 - val_loss: 0.4628
Epoch 23/200
50/50 - 8s - 156ms/step - loss: 0.4810 - val_loss: 0.4594
Epoch 24/200
50/50 - 8s - 156ms/step - loss: 0.4780 - val_loss: 0.4562
Epoch 25/200
50/50 - 8s - 157ms/step - loss: 0.4752 - val_loss: 0.4533
Epoch 26/200
50/50 - 8s - 157ms/step - loss: 0.4726 - val_loss: 0.4505
Epoch 27/200
50/50 - 8s - 157ms/step - loss: 0.4702 - val_loss: 0.4479
Epoch 28/200
50/50 - 8s - 157ms/step - loss: 0.4679 - val_loss: 0.4455
Epoch 29/200
50/50 - 8s - 157ms/step - loss: 0.4657 - val_loss: 0.4432
Epoch 30/200
50/50 - 8s - 157ms/step - loss: 0.4636 - val_loss: 0.4411
Epoch 31/200
50/50 - 8s - 157ms/step - loss: 0.4617 - val_loss: 0.4390
Epoch 32/200
50/50 - 8s - 156ms/step - loss: 0.4598 - val_loss: 0.4371
Epoch 33/200
50/50 - 8s - 157ms/step - loss: 0.4581 - val_loss: 0.4353
Epoch 34/200
50/50 - 8s - 156ms/step - loss: 0.4564 - val_loss: 0.4335
Epoch 35/200
50/50 - 8s - 156ms/step - loss: 0.4548 - val_loss: 0.4318
Epoch 36/200
50/50 - 8s - 157ms/step - loss: 0.4532 - val_loss: 0.4302
Epoch 37/200
50/50 - 8s - 157ms/step - loss: 0.4518 - val_loss: 0.4287
Epoch 38/200
50/50 - 8s - 156ms/step - loss: 0.4504 - val_loss: 0.4273
Epoch 39/200
50/50 - 8s - 156ms/step - loss: 0.4490 - val_loss: 0.4259
Epoch 40/200
50/50 - 8s - 156ms/step - loss: 0.4477 - val_loss: 0.4245
Epoch 41/200
50/50 - 8s - 156ms/step - loss: 0.4464 - val_loss: 0.4232
Epoch 42/200
50/50 - 8s - 157ms/step - loss: 0.4452 - val_loss: 0.4220
Epoch 43/200
50/50 - 8s - 157ms/step - loss: 0.4441 - val_loss: 0.4208
Epoch 44/200
50/50 - 8s - 156ms/step - loss: 0.4429 - val_loss: 0.4196
Epoch 45/200
50/50 - 8s - 157ms/step - loss: 0.4418 - val_loss: 0.4185
Epoch 46/200
50/50 - 8s - 157ms/step - loss: 0.4408 - val_loss: 0.4174
Epoch 47/200
50/50 - 8s - 157ms/step - loss: 0.4397 - val_loss: 0.4163
Epoch 48/200
50/50 - 8s - 157ms/step - loss: 0.4388 - val_loss: 0.4153
Epoch 49/200
50/50 - 8s - 157ms/step - loss: 0.4378 - val_loss: 0.4143
Epoch 50/200
50/50 - 8s - 156ms/step - loss: 0.4369 - val_loss: 0.4134
Epoch 51/200
50/50 - 8s - 157ms/step - loss: 0.4360 - val_loss: 0.4124
Epoch 52/200
50/50 - 8s - 156ms/step - loss: 0.4351 - val_loss: 0.4115
Epoch 53/200
50/50 - 8s - 157ms/step - loss: 0.4342 - val_loss: 0.4107
Epoch 54/200
50/50 - 8s - 157ms/step - loss: 0.4334 - val_loss: 0.4098
Epoch 55/200
50/50 - 8s - 157ms/step - loss: 0.4326 - val_loss: 0.4090
Epoch 56/200
50/50 - 8s - 157ms/step - loss: 0.4318 - val_loss: 0.4081
Epoch 57/200
50/50 - 8s - 156ms/step - loss: 0.4310 - val_loss: 0.4074
Epoch 58/200
50/50 - 8s - 156ms/step - loss: 0.4302 - val_loss: 0.4066
Epoch 59/200
50/50 - 8s - 156ms/step - loss: 0.4295 - val_loss: 0.4058
Epoch 60/200
50/50 - 8s - 157ms/step - loss: 0.4288 - val_loss: 0.4051
Epoch 61/200
50/50 - 8s - 156ms/step - loss: 0.4281 - val_loss: 0.4044
Epoch 62/200
50/50 - 8s - 157ms/step - loss: 0.4274 - val_loss: 0.4037
Epoch 63/200
50/50 - 8s - 157ms/step - loss: 0.4267 - val_loss: 0.4030
Epoch 64/200
50/50 - 8s - 156ms/step - loss: 0.4261 - val_loss: 0.4023
Epoch 65/200
50/50 - 8s - 156ms/step - loss: 0.4254 - val_loss: 0.4017
Epoch 66/200
50/50 - 8s - 156ms/step - loss: 0.4248 - val_loss: 0.4010
Epoch 67/200
50/50 - 8s - 157ms/step - loss: 0.4242 - val_loss: 0.4004
Epoch 68/200
50/50 - 8s - 156ms/step - loss: 0.4236 - val_loss: 0.3998
Epoch 69/200
50/50 - 8s - 157ms/step - loss: 0.4230 - val_loss: 0.3992
Epoch 70/200
50/50 - 8s - 157ms/step - loss: 0.4224 - val_loss: 0.3986
Epoch 71/200
50/50 - 8s - 157ms/step - loss: 0.4219 - val_loss: 0.3980
Epoch 72/200
50/50 - 8s - 156ms/step - loss: 0.4213 - val_loss: 0.3975
Epoch 73/200
50/50 - 8s - 157ms/step - loss: 0.4208 - val_loss: 0.3969
Epoch 74/200
50/50 - 8s - 157ms/step - loss: 0.4203 - val_loss: 0.3964
Epoch 75/200
50/50 - 8s - 157ms/step - loss: 0.4197 - val_loss: 0.3958
Epoch 76/200
50/50 - 8s - 156ms/step - loss: 0.4192 - val_loss: 0.3953
Epoch 77/200
50/50 - 8s - 156ms/step - loss: 0.4187 - val_loss: 0.3948
Epoch 78/200
50/50 - 8s - 157ms/step - loss: 0.4182 - val_loss: 0.3943
Epoch 79/200
50/50 - 8s - 157ms/step - loss: 0.4177 - val_loss: 0.3938
Epoch 80/200
50/50 - 8s - 156ms/step - loss: 0.4173 - val_loss: 0.3934
Epoch 81/200
50/50 - 8s - 156ms/step - loss: 0.4168 - val_loss: 0.3929
Epoch 82/200
50/50 - 8s - 156ms/step - loss: 0.4163 - val_loss: 0.3924
Epoch 83/200
50/50 - 8s - 157ms/step - loss: 0.4159 - val_loss: 0.3920
Epoch 84/200
50/50 - 8s - 156ms/step - loss: 0.4154 - val_loss: 0.3915
Epoch 85/200
50/50 - 8s - 157ms/step - loss: 0.4150 - val_loss: 0.3911
Epoch 86/200
50/50 - 8s - 156ms/step - loss: 0.4146 - val_loss: 0.3907
Epoch 87/200
50/50 - 8s - 156ms/step - loss: 0.4142 - val_loss: 0.3903
Epoch 88/200
50/50 - 8s - 157ms/step - loss: 0.4137 - val_loss: 0.3899
Epoch 89/200
50/50 - 8s - 156ms/step - loss: 0.4133 - val_loss: 0.3895
Epoch 90/200
50/50 - 8s - 156ms/step - loss: 0.4129 - val_loss: 0.3891
Epoch 91/200
50/50 - 8s - 156ms/step - loss: 0.4125 - val_loss: 0.3887
Epoch 92/200
50/50 - 8s - 156ms/step - loss: 0.4122 - val_loss: 0.3883
Epoch 93/200
50/50 - 8s - 157ms/step - loss: 0.4118 - val_loss: 0.3879
Epoch 94/200
50/50 - 8s - 156ms/step - loss: 0.4114 - val_loss: 0.3876
Epoch 95/200
50/50 - 8s - 156ms/step - loss: 0.4110 - val_loss: 0.3872
Epoch 96/200
50/50 - 8s - 156ms/step - loss: 0.4107 - val_loss: 0.3868
Epoch 97/200
50/50 - 8s - 156ms/step - loss: 0.4103 - val_loss: 0.3865
Epoch 98/200
50/50 - 8s - 156ms/step - loss: 0.4100 - val_loss: 0.3862
Epoch 99/200
50/50 - 8s - 156ms/step - loss: 0.4096 - val_loss: 0.3858
Epoch 100/200
50/50 - 8s - 156ms/step - loss: 0.4093 - val_loss: 0.3855
Epoch 101/200
50/50 - 8s - 156ms/step - loss: 0.4089 - val_loss: 0.3852
Epoch 102/200
50/50 - 8s - 157ms/step - loss: 0.4086 - val_loss: 0.3849
Epoch 103/200
50/50 - 8s - 156ms/step - loss: 0.4083 - val_loss: 0.3845
Epoch 104/200
50/50 - 8s - 156ms/step - loss: 0.4080 - val_loss: 0.3842
Epoch 105/200
50/50 - 8s - 156ms/step - loss: 0.4076 - val_loss: 0.3839
Epoch 106/200
50/50 - 8s - 156ms/step - loss: 0.4073 - val_loss: 0.3836
Epoch 107/200
50/50 - 8s - 156ms/step - loss: 0.4070 - val_loss: 0.3834
Epoch 108/200
50/50 - 8s - 156ms/step - loss: 0.4067 - val_loss: 0.3831
Epoch 109/200
50/50 - 8s - 156ms/step - loss: 0.4064 - val_loss: 0.3828
Epoch 110/200
50/50 - 8s - 156ms/step - loss: 0.4061 - val_loss: 0.3825
Epoch 111/200
50/50 - 8s - 156ms/step - loss: 0.4058 - val_loss: 0.3822
Epoch 112/200
50/50 - 8s - 157ms/step - loss: 0.4056 - val_loss: 0.3820
Epoch 113/200
50/50 - 8s - 156ms/step - loss: 0.4053 - val_loss: 0.3817
Epoch 114/200
50/50 - 8s - 156ms/step - loss: 0.4050 - val_loss: 0.3815
Epoch 115/200
50/50 - 8s - 156ms/step - loss: 0.4047 - val_loss: 0.3812
Epoch 116/200
50/50 - 8s - 156ms/step - loss: 0.4045 - val_loss: 0.3810
Epoch 117/200
50/50 - 8s - 156ms/step - loss: 0.4042 - val_loss: 0.3807
Epoch 118/200
50/50 - 8s - 156ms/step - loss: 0.4039 - val_loss: 0.3805
Epoch 119/200
50/50 - 8s - 156ms/step - loss: 0.4037 - val_loss: 0.3802
Epoch 120/200
50/50 - 8s - 156ms/step - loss: 0.4034 - val_loss: 0.3800
Epoch 121/200
50/50 - 8s - 156ms/step - loss: 0.4032 - val_loss: 0.3798
Epoch 122/200
50/50 - 8s - 157ms/step - loss: 0.4029 - val_loss: 0.3795
Epoch 123/200
50/50 - 8s - 156ms/step - loss: 0.4027 - val_loss: 0.3793
Epoch 124/200
50/50 - 8s - 157ms/step - loss: 0.4025 - val_loss: 0.3791
Epoch 125/200
50/50 - 8s - 156ms/step - loss: 0.4022 - val_loss: 0.3789
Epoch 126/200
50/50 - 8s - 156ms/step - loss: 0.4020 - val_loss: 0.3787
Epoch 127/200
50/50 - 8s - 156ms/step - loss: 0.4018 - val_loss: 0.3785
Epoch 128/200
50/50 - 8s - 156ms/step - loss: 0.4015 - val_loss: 0.3783
Epoch 129/200
50/50 - 8s - 156ms/step - loss: 0.4013 - val_loss: 0.3781
Epoch 130/200
50/50 - 8s - 156ms/step - loss: 0.4011 - val_loss: 0.3779
Epoch 131/200
50/50 - 8s - 156ms/step - loss: 0.4009 - val_loss: 0.3777
Epoch 132/200
50/50 - 8s - 156ms/step - loss: 0.4007 - val_loss: 0.3775
Epoch 133/200
50/50 - 8s - 156ms/step - loss: 0.4004 - val_loss: 0.3773
Epoch 134/200
50/50 - 8s - 156ms/step - loss: 0.4002 - val_loss: 0.3771
Epoch 135/200
50/50 - 8s - 156ms/step - loss: 0.4000 - val_loss: 0.3769
Epoch 136/200
50/50 - 8s - 156ms/step - loss: 0.3998 - val_loss: 0.3767
Epoch 137/200
50/50 - 8s - 156ms/step - loss: 0.3996 - val_loss: 0.3766
Epoch 138/200
50/50 - 8s - 156ms/step - loss: 0.3994 - val_loss: 0.3764
Epoch 139/200
50/50 - 8s - 157ms/step - loss: 0.3992 - val_loss: 0.3762
Epoch 140/200
50/50 - 8s - 157ms/step - loss: 0.3990 - val_loss: 0.3760
Epoch 141/200
50/50 - 8s - 157ms/step - loss: 0.3988 - val_loss: 0.3759
Epoch 142/200
50/50 - 8s - 156ms/step - loss: 0.3987 - val_loss: 0.3757
Epoch 143/200
50/50 - 8s - 157ms/step - loss: 0.3985 - val_loss: 0.3755
Epoch 144/200
50/50 - 8s - 156ms/step - loss: 0.3983 - val_loss: 0.3754
Epoch 145/200
50/50 - 8s - 157ms/step - loss: 0.3981 - val_loss: 0.3752
Epoch 146/200
50/50 - 8s - 157ms/step - loss: 0.3979 - val_loss: 0.3751
Epoch 147/200
50/50 - 8s - 157ms/step - loss: 0.3978 - val_loss: 0.3749
Epoch 148/200
50/50 - 8s - 157ms/step - loss: 0.3976 - val_loss: 0.3748
Epoch 149/200
50/50 - 8s - 156ms/step - loss: 0.3974 - val_loss: 0.3746
Epoch 150/200
50/50 - 8s - 156ms/step - loss: 0.3972 - val_loss: 0.3745
Epoch 151/200
50/50 - 8s - 159ms/step - loss: 0.3971 - val_loss: 0.3743
Epoch 152/200
50/50 - 8s - 159ms/step - loss: 0.3969 - val_loss: 0.3742
Epoch 153/200
50/50 - 8s - 159ms/step - loss: 0.3967 - val_loss: 0.3740
Epoch 154/200
50/50 - 8s - 159ms/step - loss: 0.3966 - val_loss: 0.3739
Epoch 155/200
50/50 - 8s - 160ms/step - loss: 0.3964 - val_loss: 0.3737
Epoch 156/200
50/50 - 8s - 158ms/step - loss: 0.3963 - val_loss: 0.3736
Epoch 157/200
50/50 - 8s - 153ms/step - loss: 0.3961 - val_loss: 0.3735
Epoch 158/200
50/50 - 8s - 152ms/step - loss: 0.3960 - val_loss: 0.3733
Epoch 159/200
50/50 - 8s - 153ms/step - loss: 0.3958 - val_loss: 0.3732
Epoch 160/200
50/50 - 8s - 153ms/step - loss: 0.3957 - val_loss: 0.3731
Epoch 161/200
50/50 - 8s - 155ms/step - loss: 0.3955 - val_loss: 0.3729
Epoch 162/200
50/50 - 8s - 155ms/step - loss: 0.3954 - val_loss: 0.3728
Epoch 163/200
50/50 - 8s - 157ms/step - loss: 0.3952 - val_loss: 0.3727
Epoch 164/200
50/50 - 8s - 157ms/step - loss: 0.3951 - val_loss: 0.3726
Epoch 165/200
50/50 - 8s - 156ms/step - loss: 0.3949 - val_loss: 0.3725
Epoch 166/200
50/50 - 8s - 156ms/step - loss: 0.3948 - val_loss: 0.3723
Epoch 167/200
50/50 - 8s - 156ms/step - loss: 0.3947 - val_loss: 0.3722
Epoch 168/200
50/50 - 8s - 156ms/step - loss: 0.3945 - val_loss: 0.3721
Epoch 169/200
50/50 - 8s - 156ms/step - loss: 0.3944 - val_loss: 0.3720
Epoch 170/200
50/50 - 8s - 156ms/step - loss: 0.3942 - val_loss: 0.3719
Epoch 171/200
50/50 - 8s - 156ms/step - loss: 0.3941 - val_loss: 0.3718
Epoch 172/200
50/50 - 8s - 157ms/step - loss: 0.3940 - val_loss: 0.3717
Epoch 173/200
50/50 - 8s - 156ms/step - loss: 0.3938 - val_loss: 0.3715
Epoch 174/200
50/50 - 8s - 156ms/step - loss: 0.3937 - val_loss: 0.3714
Epoch 175/200
50/50 - 8s - 156ms/step - loss: 0.3936 - val_loss: 0.3713
Epoch 176/200
50/50 - 8s - 156ms/step - loss: 0.3935 - val_loss: 0.3712
Epoch 177/200
50/50 - 8s - 156ms/step - loss: 0.3933 - val_loss: 0.3711
Epoch 178/200
50/50 - 8s - 156ms/step - loss: 0.3932 - val_loss: 0.3710
Epoch 179/200
50/50 - 8s - 156ms/step - loss: 0.3931 - val_loss: 0.3709
Epoch 180/200
50/50 - 8s - 156ms/step - loss: 0.3930 - val_loss: 0.3708
Epoch 181/200
50/50 - 8s - 156ms/step - loss: 0.3928 - val_loss: 0.3707
Epoch 182/200
50/50 - 8s - 156ms/step - loss: 0.3927 - val_loss: 0.3706
Epoch 183/200
50/50 - 8s - 156ms/step - loss: 0.3926 - val_loss: 0.3705
Epoch 184/200
50/50 - 8s - 156ms/step - loss: 0.3925 - val_loss: 0.3704
Epoch 185/200
50/50 - 8s - 156ms/step - loss: 0.3924 - val_loss: 0.3703
Epoch 186/200
50/50 - 8s - 156ms/step - loss: 0.3923 - val_loss: 0.3702
Epoch 187/200
50/50 - 8s - 156ms/step - loss: 0.3921 - val_loss: 0.3701
Epoch 188/200
50/50 - 8s - 157ms/step - loss: 0.3920 - val_loss: 0.3701
Epoch 189/200
50/50 - 8s - 156ms/step - loss: 0.3919 - val_loss: 0.3700
Epoch 190/200
50/50 - 8s - 156ms/step - loss: 0.3918 - val_loss: 0.3699
Epoch 191/200
50/50 - 8s - 156ms/step - loss: 0.3917 - val_loss: 0.3698
Epoch 192/200
50/50 - 8s - 156ms/step - loss: 0.3916 - val_loss: 0.3697
Epoch 193/200
50/50 - 8s - 156ms/step - loss: 0.3915 - val_loss: 0.3696
Epoch 194/200
50/50 - 8s - 156ms/step - loss: 0.3914 - val_loss: 0.3695
Epoch 195/200
50/50 - 8s - 156ms/step - loss: 0.3913 - val_loss: 0.3694
Epoch 196/200
50/50 - 8s - 157ms/step - loss: 0.3911 - val_loss: 0.3694
Epoch 197/200
50/50 - 8s - 156ms/step - loss: 0.3910 - val_loss: 0.3693
Epoch 198/200
50/50 - 8s - 156ms/step - loss: 0.3909 - val_loss: 0.3692
Epoch 199/200
50/50 - 8s - 156ms/step - loss: 0.3908 - val_loss: 0.3691
Epoch 200/200
50/50 - 8s - 156ms/step - loss: 0.3907 - val_loss: 0.3690
[Run 3/5] Training single encoder baseline (baseline preprocessing, linear structure, sigmoid head)...
[Run 3/5] Shared encoder (unweight) threshold comparison: dynamic=0.5021 (balanced_accuracy=0.8394), fixed_0.5=0.5000 (balanced_accuracy=0.8390).
[Run 3/5] Shared encoder (weighted) threshold comparison: dynamic=0.4374 (balanced_accuracy=0.8289), fixed_0.5=0.5000 (balanced_accuracy=0.8270).
[Run 3/5] Saved raw test predictions to /home/xx4455/Comparable/Code/Synthetic/Results/Predictions/adult_gender_28172_1_run3_raw_predictions.csv.
[Run 4/5] Training shared encoder (unweighted, sigmoid head, baseline preprocessing)...
Epoch 1/200
50/50 - 10s - 202ms/step - loss: 0.9162 - val_loss: 0.8644
Epoch 2/200
50/50 - 8s - 168ms/step - loss: 0.8212 - val_loss: 0.7734
Epoch 3/200
50/50 - 8s - 161ms/step - loss: 0.7395 - val_loss: 0.6999
Epoch 4/200
50/50 - 8s - 167ms/step - loss: 0.6758 - val_loss: 0.6452
Epoch 5/200
50/50 - 8s - 164ms/step - loss: 0.6287 - val_loss: 0.6049
Epoch 6/200
50/50 - 8s - 167ms/step - loss: 0.5938 - val_loss: 0.5750
Epoch 7/200
50/50 - 8s - 165ms/step - loss: 0.5679 - val_loss: 0.5525
Epoch 8/200
50/50 - 8s - 166ms/step - loss: 0.5480 - val_loss: 0.5349
Epoch 9/200
50/50 - 8s - 166ms/step - loss: 0.5323 - val_loss: 0.5208
Epoch 10/200
50/50 - 8s - 167ms/step - loss: 0.5195 - val_loss: 0.5092
Epoch 11/200
50/50 - 8s - 164ms/step - loss: 0.5089 - val_loss: 0.4995
Epoch 12/200
50/50 - 8s - 159ms/step - loss: 0.4999 - val_loss: 0.4911
Epoch 13/200
50/50 - 8s - 160ms/step - loss: 0.4921 - val_loss: 0.4839
Epoch 14/200
50/50 - 8s - 160ms/step - loss: 0.4853 - val_loss: 0.4776
Epoch 15/200
50/50 - 8s - 162ms/step - loss: 0.4794 - val_loss: 0.4720
Epoch 16/200
50/50 - 8s - 163ms/step - loss: 0.4740 - val_loss: 0.4670
Epoch 17/200
50/50 - 8s - 162ms/step - loss: 0.4693 - val_loss: 0.4626
Epoch 18/200
50/50 - 8s - 163ms/step - loss: 0.4649 - val_loss: 0.4585
Epoch 19/200
50/50 - 8s - 164ms/step - loss: 0.4610 - val_loss: 0.4548
Epoch 20/200
50/50 - 8s - 164ms/step - loss: 0.4574 - val_loss: 0.4514
Epoch 21/200
50/50 - 8s - 164ms/step - loss: 0.4541 - val_loss: 0.4483
Epoch 22/200
50/50 - 8s - 164ms/step - loss: 0.4511 - val_loss: 0.4454
Epoch 23/200
50/50 - 8s - 162ms/step - loss: 0.4482 - val_loss: 0.4428
Epoch 24/200
50/50 - 8s - 161ms/step - loss: 0.4456 - val_loss: 0.4403
Epoch 25/200
50/50 - 8s - 163ms/step - loss: 0.4431 - val_loss: 0.4380
Epoch 26/200
50/50 - 8s - 163ms/step - loss: 0.4408 - val_loss: 0.4358
Epoch 27/200
50/50 - 8s - 162ms/step - loss: 0.4386 - val_loss: 0.4338
Epoch 28/200
50/50 - 8s - 163ms/step - loss: 0.4365 - val_loss: 0.4318
Epoch 29/200
50/50 - 8s - 163ms/step - loss: 0.4346 - val_loss: 0.4300
Epoch 30/200
50/50 - 8s - 164ms/step - loss: 0.4327 - val_loss: 0.4283
Epoch 31/200
50/50 - 8s - 164ms/step - loss: 0.4310 - val_loss: 0.4266
Epoch 32/200
50/50 - 8s - 163ms/step - loss: 0.4293 - val_loss: 0.4251
Epoch 33/200
50/50 - 8s - 163ms/step - loss: 0.4277 - val_loss: 0.4236
Epoch 34/200
50/50 - 8s - 163ms/step - loss: 0.4262 - val_loss: 0.4222
Epoch 35/200
50/50 - 8s - 163ms/step - loss: 0.4248 - val_loss: 0.4208
Epoch 36/200
50/50 - 8s - 164ms/step - loss: 0.4234 - val_loss: 0.4195
Epoch 37/200
50/50 - 8s - 164ms/step - loss: 0.4220 - val_loss: 0.4183
Epoch 38/200
50/50 - 8s - 162ms/step - loss: 0.4207 - val_loss: 0.4171
Epoch 39/200
50/50 - 8s - 163ms/step - loss: 0.4195 - val_loss: 0.4159
Epoch 40/200
50/50 - 8s - 162ms/step - loss: 0.4183 - val_loss: 0.4148
Epoch 41/200
50/50 - 8s - 162ms/step - loss: 0.4172 - val_loss: 0.4137
Epoch 42/200
50/50 - 8s - 163ms/step - loss: 0.4160 - val_loss: 0.4127
Epoch 43/200
50/50 - 8s - 164ms/step - loss: 0.4150 - val_loss: 0.4117
Epoch 44/200
50/50 - 8s - 163ms/step - loss: 0.4139 - val_loss: 0.4107
Epoch 45/200
50/50 - 8s - 162ms/step - loss: 0.4129 - val_loss: 0.4097
Epoch 46/200
50/50 - 8s - 163ms/step - loss: 0.4119 - val_loss: 0.4088
Epoch 47/200
50/50 - 8s - 162ms/step - loss: 0.4110 - val_loss: 0.4079
Epoch 48/200
50/50 - 8s - 162ms/step - loss: 0.4101 - val_loss: 0.4071
Epoch 49/200
50/50 - 8s - 162ms/step - loss: 0.4092 - val_loss: 0.4062
Epoch 50/200
50/50 - 8s - 161ms/step - loss: 0.4083 - val_loss: 0.4054
Epoch 51/200
50/50 - 8s - 163ms/step - loss: 0.4074 - val_loss: 0.4046
Epoch 52/200
50/50 - 8s - 164ms/step - loss: 0.4066 - val_loss: 0.4038
Epoch 53/200
50/50 - 8s - 164ms/step - loss: 0.4058 - val_loss: 0.4031
Epoch 54/200
50/50 - 8s - 163ms/step - loss: 0.4050 - val_loss: 0.4023
Epoch 55/200
50/50 - 8s - 164ms/step - loss: 0.4043 - val_loss: 0.4016
Epoch 56/200
50/50 - 8s - 165ms/step - loss: 0.4035 - val_loss: 0.4009
Epoch 57/200
50/50 - 8s - 164ms/step - loss: 0.4028 - val_loss: 0.4002
Epoch 58/200
50/50 - 8s - 164ms/step - loss: 0.4021 - val_loss: 0.3995
Epoch 59/200
50/50 - 8s - 163ms/step - loss: 0.4014 - val_loss: 0.3989
Epoch 60/200
50/50 - 8s - 164ms/step - loss: 0.4007 - val_loss: 0.3982
Epoch 61/200
50/50 - 8s - 165ms/step - loss: 0.4000 - val_loss: 0.3976
Epoch 62/200
50/50 - 8s - 164ms/step - loss: 0.3994 - val_loss: 0.3970
Epoch 63/200
50/50 - 8s - 163ms/step - loss: 0.3987 - val_loss: 0.3964
Epoch 64/200
50/50 - 8s - 162ms/step - loss: 0.3981 - val_loss: 0.3958
Epoch 65/200
50/50 - 8s - 162ms/step - loss: 0.3975 - val_loss: 0.3952
Epoch 66/200
50/50 - 8s - 163ms/step - loss: 0.3969 - val_loss: 0.3946
Epoch 67/200
50/50 - 8s - 162ms/step - loss: 0.3963 - val_loss: 0.3941
Epoch 68/200
50/50 - 8s - 162ms/step - loss: 0.3957 - val_loss: 0.3935
Epoch 69/200
50/50 - 8s - 163ms/step - loss: 0.3952 - val_loss: 0.3930
Epoch 70/200
50/50 - 8s - 165ms/step - loss: 0.3946 - val_loss: 0.3925
Epoch 71/200
50/50 - 8s - 163ms/step - loss: 0.3941 - val_loss: 0.3919
Epoch 72/200
50/50 - 8s - 162ms/step - loss: 0.3935 - val_loss: 0.3914
Epoch 73/200
50/50 - 8s - 163ms/step - loss: 0.3930 - val_loss: 0.3909
Epoch 74/200
50/50 - 8s - 163ms/step - loss: 0.3925 - val_loss: 0.3904
Epoch 75/200
50/50 - 8s - 164ms/step - loss: 0.3920 - val_loss: 0.3900
Epoch 76/200
50/50 - 8s - 163ms/step - loss: 0.3915 - val_loss: 0.3895
Epoch 77/200
50/50 - 8s - 164ms/step - loss: 0.3910 - val_loss: 0.3890
Epoch 78/200
50/50 - 8s - 164ms/step - loss: 0.3905 - val_loss: 0.3886
Epoch 79/200
50/50 - 8s - 165ms/step - loss: 0.3901 - val_loss: 0.3881
Epoch 80/200
50/50 - 8s - 162ms/step - loss: 0.3896 - val_loss: 0.3877
Epoch 81/200
50/50 - 8s - 163ms/step - loss: 0.3892 - val_loss: 0.3872
Epoch 82/200
50/50 - 8s - 164ms/step - loss: 0.3887 - val_loss: 0.3868
Epoch 83/200
50/50 - 8s - 165ms/step - loss: 0.3883 - val_loss: 0.3864
Epoch 84/200
50/50 - 8s - 163ms/step - loss: 0.3879 - val_loss: 0.3860
Epoch 85/200
50/50 - 8s - 163ms/step - loss: 0.3875 - val_loss: 0.3856
Epoch 86/200
50/50 - 8s - 163ms/step - loss: 0.3870 - val_loss: 0.3852
Epoch 87/200
50/50 - 8s - 165ms/step - loss: 0.3866 - val_loss: 0.3848
Epoch 88/200
50/50 - 8s - 164ms/step - loss: 0.3862 - val_loss: 0.3844
Epoch 89/200
50/50 - 8s - 163ms/step - loss: 0.3859 - val_loss: 0.3840
Epoch 90/200
50/50 - 8s - 163ms/step - loss: 0.3855 - val_loss: 0.3836
Epoch 91/200
50/50 - 8s - 163ms/step - loss: 0.3851 - val_loss: 0.3833
Epoch 92/200
50/50 - 8s - 164ms/step - loss: 0.3847 - val_loss: 0.3829
Epoch 93/200
50/50 - 8s - 166ms/step - loss: 0.3844 - val_loss: 0.3825
Epoch 94/200
50/50 - 8s - 164ms/step - loss: 0.3840 - val_loss: 0.3822
Epoch 95/200
50/50 - 8s - 164ms/step - loss: 0.3837 - val_loss: 0.3819
Epoch 96/200
50/50 - 8s - 165ms/step - loss: 0.3833 - val_loss: 0.3815
Epoch 97/200
50/50 - 8s - 164ms/step - loss: 0.3830 - val_loss: 0.3812
Epoch 98/200
50/50 - 8s - 163ms/step - loss: 0.3826 - val_loss: 0.3809
Epoch 99/200
50/50 - 8s - 164ms/step - loss: 0.3823 - val_loss: 0.3805
Epoch 100/200
50/50 - 8s - 165ms/step - loss: 0.3820 - val_loss: 0.3802
Epoch 101/200
50/50 - 8s - 165ms/step - loss: 0.3817 - val_loss: 0.3799
Epoch 102/200
50/50 - 8s - 166ms/step - loss: 0.3814 - val_loss: 0.3796
Epoch 103/200
50/50 - 8s - 168ms/step - loss: 0.3811 - val_loss: 0.3793
Epoch 104/200
50/50 - 8s - 167ms/step - loss: 0.3808 - val_loss: 0.3790
Epoch 105/200
50/50 - 8s - 165ms/step - loss: 0.3805 - val_loss: 0.3787
Epoch 106/200
50/50 - 8s - 168ms/step - loss: 0.3802 - val_loss: 0.3784
Epoch 107/200
50/50 - 8s - 166ms/step - loss: 0.3799 - val_loss: 0.3781
Epoch 108/200
50/50 - 8s - 165ms/step - loss: 0.3796 - val_loss: 0.3778
Epoch 109/200
50/50 - 8s - 161ms/step - loss: 0.3793 - val_loss: 0.3776
Epoch 110/200
50/50 - 8s - 161ms/step - loss: 0.3790 - val_loss: 0.3773
Epoch 111/200
50/50 - 8s - 161ms/step - loss: 0.3788 - val_loss: 0.3770
Epoch 112/200
50/50 - 8s - 162ms/step - loss: 0.3785 - val_loss: 0.3767
Epoch 113/200
50/50 - 8s - 164ms/step - loss: 0.3782 - val_loss: 0.3765
Epoch 114/200
50/50 - 8s - 164ms/step - loss: 0.3780 - val_loss: 0.3762
Epoch 115/200
50/50 - 8s - 166ms/step - loss: 0.3777 - val_loss: 0.3760
Epoch 116/200
50/50 - 8s - 161ms/step - loss: 0.3775 - val_loss: 0.3757
Epoch 117/200
50/50 - 8s - 163ms/step - loss: 0.3772 - val_loss: 0.3755
Epoch 118/200
50/50 - 8s - 162ms/step - loss: 0.3770 - val_loss: 0.3752
Epoch 119/200
50/50 - 8s - 163ms/step - loss: 0.3768 - val_loss: 0.3750
Epoch 120/200
50/50 - 8s - 164ms/step - loss: 0.3765 - val_loss: 0.3748
Epoch 121/200
50/50 - 8s - 162ms/step - loss: 0.3763 - val_loss: 0.3745
Epoch 122/200
50/50 - 8s - 162ms/step - loss: 0.3761 - val_loss: 0.3743
Epoch 123/200
50/50 - 8s - 165ms/step - loss: 0.3758 - val_loss: 0.3741
Epoch 124/200
50/50 - 8s - 163ms/step - loss: 0.3756 - val_loss: 0.3738
Epoch 125/200
50/50 - 8s - 163ms/step - loss: 0.3754 - val_loss: 0.3736
Epoch 126/200
50/50 - 8s - 162ms/step - loss: 0.3752 - val_loss: 0.3734
Epoch 127/200
50/50 - 8s - 162ms/step - loss: 0.3750 - val_loss: 0.3732
Epoch 128/200
50/50 - 8s - 162ms/step - loss: 0.3748 - val_loss: 0.3730
Epoch 129/200
50/50 - 8s - 163ms/step - loss: 0.3746 - val_loss: 0.3728
Epoch 130/200
50/50 - 8s - 163ms/step - loss: 0.3743 - val_loss: 0.3726
Epoch 131/200
50/50 - 8s - 164ms/step - loss: 0.3741 - val_loss: 0.3724
Epoch 132/200
50/50 - 8s - 163ms/step - loss: 0.3739 - val_loss: 0.3722
Epoch 133/200
50/50 - 8s - 165ms/step - loss: 0.3737 - val_loss: 0.3720
Epoch 134/200
50/50 - 8s - 164ms/step - loss: 0.3736 - val_loss: 0.3718
Epoch 135/200
50/50 - 8s - 165ms/step - loss: 0.3734 - val_loss: 0.3716
Epoch 136/200
50/50 - 8s - 156ms/step - loss: 0.3732 - val_loss: 0.3714
Epoch 137/200
50/50 - 8s - 151ms/step - loss: 0.3730 - val_loss: 0.3712
Epoch 138/200
50/50 - 8s - 152ms/step - loss: 0.3728 - val_loss: 0.3710
Epoch 139/200
50/50 - 8s - 152ms/step - loss: 0.3726 - val_loss: 0.3709
Epoch 140/200
50/50 - 8s - 152ms/step - loss: 0.3724 - val_loss: 0.3707
Epoch 141/200
50/50 - 8s - 152ms/step - loss: 0.3723 - val_loss: 0.3705
Epoch 142/200
50/50 - 8s - 151ms/step - loss: 0.3721 - val_loss: 0.3703
Epoch 143/200
50/50 - 8s - 152ms/step - loss: 0.3719 - val_loss: 0.3702
Epoch 144/200
50/50 - 8s - 151ms/step - loss: 0.3717 - val_loss: 0.3700
Epoch 145/200
50/50 - 8s - 151ms/step - loss: 0.3716 - val_loss: 0.3698
Epoch 146/200
50/50 - 8s - 152ms/step - loss: 0.3714 - val_loss: 0.3697
Epoch 147/200
50/50 - 8s - 151ms/step - loss: 0.3712 - val_loss: 0.3695
Epoch 148/200
50/50 - 8s - 152ms/step - loss: 0.3711 - val_loss: 0.3694
Epoch 149/200
50/50 - 8s - 151ms/step - loss: 0.3709 - val_loss: 0.3692
Epoch 150/200
50/50 - 8s - 151ms/step - loss: 0.3707 - val_loss: 0.3691
Epoch 151/200
50/50 - 8s - 151ms/step - loss: 0.3706 - val_loss: 0.3689
Epoch 152/200
50/50 - 8s - 151ms/step - loss: 0.3704 - val_loss: 0.3688
Epoch 153/200
50/50 - 8s - 151ms/step - loss: 0.3703 - val_loss: 0.3686
Epoch 154/200
50/50 - 8s - 151ms/step - loss: 0.3701 - val_loss: 0.3685
Epoch 155/200
50/50 - 8s - 151ms/step - loss: 0.3699 - val_loss: 0.3683
Epoch 156/200
50/50 - 8s - 151ms/step - loss: 0.3698 - val_loss: 0.3682
Epoch 157/200
50/50 - 8s - 151ms/step - loss: 0.3696 - val_loss: 0.3680
Epoch 158/200
50/50 - 8s - 152ms/step - loss: 0.3695 - val_loss: 0.3679
Epoch 159/200
50/50 - 8s - 151ms/step - loss: 0.3693 - val_loss: 0.3678
Epoch 160/200
50/50 - 8s - 151ms/step - loss: 0.3692 - val_loss: 0.3676
Epoch 161/200
50/50 - 8s - 151ms/step - loss: 0.3690 - val_loss: 0.3675
Epoch 162/200
50/50 - 8s - 151ms/step - loss: 0.3689 - val_loss: 0.3674
Epoch 163/200
50/50 - 8s - 152ms/step - loss: 0.3688 - val_loss: 0.3673
Epoch 164/200
50/50 - 8s - 152ms/step - loss: 0.3686 - val_loss: 0.3671
Epoch 165/200
50/50 - 8s - 151ms/step - loss: 0.3685 - val_loss: 0.3670
Epoch 166/200
50/50 - 8s - 151ms/step - loss: 0.3683 - val_loss: 0.3669
Epoch 167/200
50/50 - 8s - 152ms/step - loss: 0.3682 - val_loss: 0.3668
Epoch 168/200
50/50 - 8s - 152ms/step - loss: 0.3680 - val_loss: 0.3666
Epoch 169/200
50/50 - 8s - 152ms/step - loss: 0.3679 - val_loss: 0.3665
Epoch 170/200
50/50 - 8s - 151ms/step - loss: 0.3678 - val_loss: 0.3664
Epoch 171/200
50/50 - 8s - 151ms/step - loss: 0.3676 - val_loss: 0.3663
Epoch 172/200
50/50 - 8s - 153ms/step - loss: 0.3675 - val_loss: 0.3662
Epoch 173/200
50/50 - 8s - 151ms/step - loss: 0.3674 - val_loss: 0.3660
Epoch 174/200
50/50 - 8s - 152ms/step - loss: 0.3673 - val_loss: 0.3659
Epoch 175/200
50/50 - 8s - 151ms/step - loss: 0.3671 - val_loss: 0.3658
Epoch 176/200
50/50 - 8s - 153ms/step - loss: 0.3670 - val_loss: 0.3657
Epoch 177/200
50/50 - 8s - 152ms/step - loss: 0.3669 - val_loss: 0.3656
Epoch 178/200
50/50 - 8s - 152ms/step - loss: 0.3667 - val_loss: 0.3655
Epoch 179/200
50/50 - 8s - 151ms/step - loss: 0.3666 - val_loss: 0.3654
Epoch 180/200
50/50 - 8s - 152ms/step - loss: 0.3665 - val_loss: 0.3653
Epoch 181/200
50/50 - 8s - 152ms/step - loss: 0.3664 - val_loss: 0.3652
Epoch 182/200
50/50 - 8s - 152ms/step - loss: 0.3663 - val_loss: 0.3651
Epoch 183/200
50/50 - 8s - 151ms/step - loss: 0.3661 - val_loss: 0.3650
Epoch 184/200
50/50 - 8s - 151ms/step - loss: 0.3660 - val_loss: 0.3648
Epoch 185/200
50/50 - 8s - 152ms/step - loss: 0.3659 - val_loss: 0.3647
Epoch 186/200
50/50 - 8s - 152ms/step - loss: 0.3658 - val_loss: 0.3646
Epoch 187/200
50/50 - 8s - 152ms/step - loss: 0.3657 - val_loss: 0.3645
Epoch 188/200
50/50 - 8s - 152ms/step - loss: 0.3655 - val_loss: 0.3644
Epoch 189/200
50/50 - 8s - 151ms/step - loss: 0.3654 - val_loss: 0.3643
Epoch 190/200
50/50 - 8s - 152ms/step - loss: 0.3653 - val_loss: 0.3642
Epoch 191/200
50/50 - 8s - 151ms/step - loss: 0.3652 - val_loss: 0.3642
Epoch 192/200
50/50 - 8s - 152ms/step - loss: 0.3651 - val_loss: 0.3641
Epoch 193/200
50/50 - 8s - 151ms/step - loss: 0.3650 - val_loss: 0.3640
Epoch 194/200
50/50 - 8s - 153ms/step - loss: 0.3649 - val_loss: 0.3639
Epoch 195/200
50/50 - 8s - 154ms/step - loss: 0.3648 - val_loss: 0.3638
Epoch 196/200
50/50 - 8s - 154ms/step - loss: 0.3647 - val_loss: 0.3637
Epoch 197/200
50/50 - 8s - 154ms/step - loss: 0.3646 - val_loss: 0.3636
Epoch 198/200
50/50 - 8s - 154ms/step - loss: 0.3645 - val_loss: 0.3635
Epoch 199/200
50/50 - 8s - 155ms/step - loss: 0.3643 - val_loss: 0.3634
Epoch 200/200
50/50 - 8s - 153ms/step - loss: 0.3642 - val_loss: 0.3633
[Run 4/5] Training shared encoder (weighted, sigmoid head, baseline preprocessing)...
Epoch 1/200
50/50 - 9s - 186ms/step - loss: 1.0258 - val_loss: 0.9753
Epoch 2/200
50/50 - 8s - 155ms/step - loss: 0.9294 - val_loss: 0.8800
Epoch 3/200
50/50 - 7s - 148ms/step - loss: 0.8409 - val_loss: 0.7980
Epoch 4/200
50/50 - 8s - 156ms/step - loss: 0.7678 - val_loss: 0.7333
Epoch 5/200
50/50 - 8s - 158ms/step - loss: 0.7115 - val_loss: 0.6844
Epoch 6/200
50/50 - 8s - 156ms/step - loss: 0.6689 - val_loss: 0.6477
Epoch 7/200
50/50 - 8s - 157ms/step - loss: 0.6367 - val_loss: 0.6201
Epoch 8/200
50/50 - 8s - 158ms/step - loss: 0.6121 - val_loss: 0.5985
Epoch 9/200
50/50 - 8s - 158ms/step - loss: 0.5927 - val_loss: 0.5814
Epoch 10/200
50/50 - 8s - 157ms/step - loss: 0.5771 - val_loss: 0.5674
Epoch 11/200
50/50 - 8s - 158ms/step - loss: 0.5642 - val_loss: 0.5556
Epoch 12/200
50/50 - 8s - 157ms/step - loss: 0.5532 - val_loss: 0.5455
Epoch 13/200
50/50 - 8s - 158ms/step - loss: 0.5437 - val_loss: 0.5368
Epoch 14/200
50/50 - 8s - 158ms/step - loss: 0.5355 - val_loss: 0.5291
Epoch 15/200
50/50 - 8s - 158ms/step - loss: 0.5281 - val_loss: 0.5223
Epoch 16/200
50/50 - 8s - 158ms/step - loss: 0.5216 - val_loss: 0.5162
Epoch 17/200
50/50 - 8s - 158ms/step - loss: 0.5157 - val_loss: 0.5107
Epoch 18/200
50/50 - 8s - 158ms/step - loss: 0.5104 - val_loss: 0.5057
Epoch 19/200
50/50 - 8s - 157ms/step - loss: 0.5056 - val_loss: 0.5012
Epoch 20/200
50/50 - 8s - 158ms/step - loss: 0.5011 - val_loss: 0.4970
Epoch 21/200
50/50 - 8s - 158ms/step - loss: 0.4970 - val_loss: 0.4931
Epoch 22/200
50/50 - 8s - 158ms/step - loss: 0.4932 - val_loss: 0.4896
Epoch 23/200
50/50 - 8s - 157ms/step - loss: 0.4897 - val_loss: 0.4863
Epoch 24/200
50/50 - 8s - 157ms/step - loss: 0.4864 - val_loss: 0.4832
Epoch 25/200
50/50 - 8s - 157ms/step - loss: 0.4834 - val_loss: 0.4803
Epoch 26/200
50/50 - 8s - 158ms/step - loss: 0.4805 - val_loss: 0.4776
Epoch 27/200
50/50 - 8s - 158ms/step - loss: 0.4778 - val_loss: 0.4751
Epoch 28/200
50/50 - 8s - 158ms/step - loss: 0.4753 - val_loss: 0.4727
Epoch 29/200
50/50 - 8s - 158ms/step - loss: 0.4729 - val_loss: 0.4704
Epoch 30/200
50/50 - 8s - 157ms/step - loss: 0.4706 - val_loss: 0.4683
Epoch 31/200
50/50 - 8s - 159ms/step - loss: 0.4684 - val_loss: 0.4662
Epoch 32/200
50/50 - 8s - 158ms/step - loss: 0.4664 - val_loss: 0.4643
Epoch 33/200
50/50 - 8s - 157ms/step - loss: 0.4644 - val_loss: 0.4624
Epoch 34/200
50/50 - 8s - 157ms/step - loss: 0.4625 - val_loss: 0.4607
Epoch 35/200
50/50 - 8s - 158ms/step - loss: 0.4607 - val_loss: 0.4590
Epoch 36/200
50/50 - 8s - 158ms/step - loss: 0.4590 - val_loss: 0.4573
Epoch 37/200
50/50 - 8s - 157ms/step - loss: 0.4574 - val_loss: 0.4558
Epoch 38/200
50/50 - 8s - 157ms/step - loss: 0.4558 - val_loss: 0.4543
Epoch 39/200
50/50 - 8s - 158ms/step - loss: 0.4543 - val_loss: 0.4528
Epoch 40/200
50/50 - 8s - 157ms/step - loss: 0.4528 - val_loss: 0.4514
Epoch 41/200
50/50 - 8s - 158ms/step - loss: 0.4514 - val_loss: 0.4501
Epoch 42/200
50/50 - 8s - 157ms/step - loss: 0.4500 - val_loss: 0.4488
Epoch 43/200
50/50 - 8s - 158ms/step - loss: 0.4487 - val_loss: 0.4476
Epoch 44/200
50/50 - 8s - 158ms/step - loss: 0.4475 - val_loss: 0.4463
Epoch 45/200
50/50 - 8s - 157ms/step - loss: 0.4462 - val_loss: 0.4452
Epoch 46/200
50/50 - 8s - 158ms/step - loss: 0.4451 - val_loss: 0.4440
Epoch 47/200
50/50 - 8s - 158ms/step - loss: 0.4439 - val_loss: 0.4429
Epoch 48/200
50/50 - 8s - 157ms/step - loss: 0.4428 - val_loss: 0.4418
Epoch 49/200
50/50 - 8s - 157ms/step - loss: 0.4417 - val_loss: 0.4408
Epoch 50/200
50/50 - 8s - 158ms/step - loss: 0.4406 - val_loss: 0.4398
Epoch 51/200
50/50 - 8s - 157ms/step - loss: 0.4396 - val_loss: 0.4388
Epoch 52/200
50/50 - 8s - 158ms/step - loss: 0.4386 - val_loss: 0.4378
Epoch 53/200
50/50 - 8s - 158ms/step - loss: 0.4377 - val_loss: 0.4369
Epoch 54/200
50/50 - 8s - 158ms/step - loss: 0.4367 - val_loss: 0.4360
Epoch 55/200
50/50 - 8s - 158ms/step - loss: 0.4358 - val_loss: 0.4351
Epoch 56/200
50/50 - 8s - 157ms/step - loss: 0.4349 - val_loss: 0.4342
Epoch 57/200
50/50 - 8s - 157ms/step - loss: 0.4340 - val_loss: 0.4334
Epoch 58/200
50/50 - 8s - 157ms/step - loss: 0.4332 - val_loss: 0.4325
Epoch 59/200
50/50 - 8s - 157ms/step - loss: 0.4323 - val_loss: 0.4317
Epoch 60/200
50/50 - 8s - 157ms/step - loss: 0.4315 - val_loss: 0.4309
Epoch 61/200
50/50 - 8s - 158ms/step - loss: 0.4307 - val_loss: 0.4302
Epoch 62/200
50/50 - 8s - 157ms/step - loss: 0.4300 - val_loss: 0.4294
Epoch 63/200
50/50 - 8s - 157ms/step - loss: 0.4292 - val_loss: 0.4287
Epoch 64/200
50/50 - 8s - 157ms/step - loss: 0.4284 - val_loss: 0.4279
Epoch 65/200
50/50 - 8s - 157ms/step - loss: 0.4277 - val_loss: 0.4272
Epoch 66/200
50/50 - 8s - 158ms/step - loss: 0.4270 - val_loss: 0.4265
Epoch 67/200
50/50 - 8s - 157ms/step - loss: 0.4263 - val_loss: 0.4259
Epoch 68/200
50/50 - 8s - 157ms/step - loss: 0.4256 - val_loss: 0.4252
Epoch 69/200
50/50 - 8s - 158ms/step - loss: 0.4250 - val_loss: 0.4245
Epoch 70/200
50/50 - 8s - 158ms/step - loss: 0.4243 - val_loss: 0.4239
Epoch 71/200
50/50 - 8s - 158ms/step - loss: 0.4237 - val_loss: 0.4233
Epoch 72/200
50/50 - 8s - 158ms/step - loss: 0.4230 - val_loss: 0.4226
Epoch 73/200
50/50 - 8s - 158ms/step - loss: 0.4224 - val_loss: 0.4220
Epoch 74/200
50/50 - 8s - 158ms/step - loss: 0.4218 - val_loss: 0.4214
Epoch 75/200
50/50 - 8s - 158ms/step - loss: 0.4212 - val_loss: 0.4209
Epoch 76/200
50/50 - 8s - 158ms/step - loss: 0.4206 - val_loss: 0.4203
Epoch 77/200
50/50 - 8s - 157ms/step - loss: 0.4200 - val_loss: 0.4197
Epoch 78/200
50/50 - 8s - 158ms/step - loss: 0.4195 - val_loss: 0.4192
Epoch 79/200
50/50 - 8s - 157ms/step - loss: 0.4189 - val_loss: 0.4186
Epoch 80/200
50/50 - 8s - 157ms/step - loss: 0.4184 - val_loss: 0.4181
Epoch 81/200
50/50 - 8s - 158ms/step - loss: 0.4178 - val_loss: 0.4176
Epoch 82/200
50/50 - 8s - 158ms/step - loss: 0.4173 - val_loss: 0.4170
Epoch 83/200
50/50 - 8s - 157ms/step - loss: 0.4168 - val_loss: 0.4165
Epoch 84/200
50/50 - 8s - 158ms/step - loss: 0.4163 - val_loss: 0.4160
Epoch 85/200
50/50 - 8s - 158ms/step - loss: 0.4158 - val_loss: 0.4155
Epoch 86/200
50/50 - 8s - 157ms/step - loss: 0.4153 - val_loss: 0.4151
Epoch 87/200
50/50 - 8s - 157ms/step - loss: 0.4148 - val_loss: 0.4146
Epoch 88/200
50/50 - 8s - 157ms/step - loss: 0.4143 - val_loss: 0.4141
Epoch 89/200
50/50 - 8s - 157ms/step - loss: 0.4139 - val_loss: 0.4137
Epoch 90/200
50/50 - 8s - 158ms/step - loss: 0.4134 - val_loss: 0.4132
Epoch 91/200
50/50 - 8s - 158ms/step - loss: 0.4129 - val_loss: 0.4128
Epoch 92/200
50/50 - 8s - 158ms/step - loss: 0.4125 - val_loss: 0.4123
Epoch 93/200
50/50 - 8s - 157ms/step - loss: 0.4121 - val_loss: 0.4119
Epoch 94/200
50/50 - 8s - 157ms/step - loss: 0.4116 - val_loss: 0.4115
Epoch 95/200
50/50 - 8s - 158ms/step - loss: 0.4112 - val_loss: 0.4111
Epoch 96/200
50/50 - 8s - 157ms/step - loss: 0.4108 - val_loss: 0.4107
Epoch 97/200
50/50 - 8s - 158ms/step - loss: 0.4104 - val_loss: 0.4103
Epoch 98/200
50/50 - 8s - 157ms/step - loss: 0.4100 - val_loss: 0.4099
Epoch 99/200
50/50 - 8s - 159ms/step - loss: 0.4096 - val_loss: 0.4095
Epoch 100/200
50/50 - 8s - 158ms/step - loss: 0.4092 - val_loss: 0.4091
Epoch 101/200
50/50 - 8s - 158ms/step - loss: 0.4088 - val_loss: 0.4088
Epoch 102/200
50/50 - 8s - 157ms/step - loss: 0.4084 - val_loss: 0.4084
Epoch 103/200
50/50 - 8s - 157ms/step - loss: 0.4080 - val_loss: 0.4080
Epoch 104/200
50/50 - 8s - 160ms/step - loss: 0.4077 - val_loss: 0.4077
Epoch 105/200
50/50 - 8s - 160ms/step - loss: 0.4073 - val_loss: 0.4073
Epoch 106/200
50/50 - 8s - 160ms/step - loss: 0.4070 - val_loss: 0.4070
Epoch 107/200
50/50 - 8s - 160ms/step - loss: 0.4066 - val_loss: 0.4067
Epoch 108/200
50/50 - 8s - 161ms/step - loss: 0.4063 - val_loss: 0.4064
Epoch 109/200
50/50 - 8s - 160ms/step - loss: 0.4059 - val_loss: 0.4060
Epoch 110/200
50/50 - 8s - 154ms/step - loss: 0.4056 - val_loss: 0.4057
Epoch 111/200
50/50 - 8s - 154ms/step - loss: 0.4053 - val_loss: 0.4054
Epoch 112/200
50/50 - 8s - 154ms/step - loss: 0.4049 - val_loss: 0.4051
Epoch 113/200
50/50 - 8s - 154ms/step - loss: 0.4046 - val_loss: 0.4048
Epoch 114/200
50/50 - 8s - 157ms/step - loss: 0.4043 - val_loss: 0.4045
Epoch 115/200
50/50 - 8s - 156ms/step - loss: 0.4040 - val_loss: 0.4042
Epoch 116/200
50/50 - 8s - 157ms/step - loss: 0.4037 - val_loss: 0.4040
Epoch 117/200
50/50 - 8s - 158ms/step - loss: 0.4034 - val_loss: 0.4037
Epoch 118/200
50/50 - 8s - 158ms/step - loss: 0.4031 - val_loss: 0.4034
Epoch 119/200
50/50 - 8s - 157ms/step - loss: 0.4028 - val_loss: 0.4031
Epoch 120/200
50/50 - 8s - 157ms/step - loss: 0.4025 - val_loss: 0.4029
Epoch 121/200
50/50 - 8s - 157ms/step - loss: 0.4022 - val_loss: 0.4026
Epoch 122/200
50/50 - 8s - 155ms/step - loss: 0.4019 - val_loss: 0.4024
Epoch 123/200
50/50 - 8s - 154ms/step - loss: 0.4017 - val_loss: 0.4021
Epoch 124/200
50/50 - 8s - 155ms/step - loss: 0.4014 - val_loss: 0.4019
Epoch 125/200
50/50 - 8s - 157ms/step - loss: 0.4011 - val_loss: 0.4017
Epoch 126/200
50/50 - 8s - 158ms/step - loss: 0.4009 - val_loss: 0.4014
Epoch 127/200
50/50 - 8s - 158ms/step - loss: 0.4006 - val_loss: 0.4012
Epoch 128/200
50/50 - 8s - 157ms/step - loss: 0.4004 - val_loss: 0.4010
Epoch 129/200
50/50 - 8s - 157ms/step - loss: 0.4001 - val_loss: 0.4007
Epoch 130/200
50/50 - 8s - 155ms/step - loss: 0.3999 - val_loss: 0.4005
Epoch 131/200
50/50 - 8s - 155ms/step - loss: 0.3996 - val_loss: 0.4003
Epoch 132/200
50/50 - 8s - 156ms/step - loss: 0.3994 - val_loss: 0.4001
Epoch 133/200
50/50 - 8s - 157ms/step - loss: 0.3991 - val_loss: 0.3999
Epoch 134/200
50/50 - 8s - 156ms/step - loss: 0.3989 - val_loss: 0.3997
Epoch 135/200
50/50 - 8s - 154ms/step - loss: 0.3987 - val_loss: 0.3995
Epoch 136/200
50/50 - 8s - 154ms/step - loss: 0.3984 - val_loss: 0.3993
Epoch 137/200
50/50 - 8s - 158ms/step - loss: 0.3982 - val_loss: 0.3991
Epoch 138/200
50/50 - 8s - 158ms/step - loss: 0.3980 - val_loss: 0.3989
Epoch 139/200
50/50 - 8s - 157ms/step - loss: 0.3978 - val_loss: 0.3988
Epoch 140/200
50/50 - 8s - 157ms/step - loss: 0.3976 - val_loss: 0.3986
Epoch 141/200
50/50 - 8s - 158ms/step - loss: 0.3974 - val_loss: 0.3984
Epoch 142/200
50/50 - 8s - 157ms/step - loss: 0.3971 - val_loss: 0.3982
Epoch 143/200
50/50 - 8s - 157ms/step - loss: 0.3969 - val_loss: 0.3981
Epoch 144/200
50/50 - 8s - 157ms/step - loss: 0.3967 - val_loss: 0.3979
Epoch 145/200
50/50 - 8s - 158ms/step - loss: 0.3965 - val_loss: 0.3977
Epoch 146/200
50/50 - 8s - 157ms/step - loss: 0.3963 - val_loss: 0.3976
Epoch 147/200
50/50 - 8s - 157ms/step - loss: 0.3961 - val_loss: 0.3974
Epoch 148/200
50/50 - 8s - 157ms/step - loss: 0.3959 - val_loss: 0.3972
Epoch 149/200
50/50 - 8s - 158ms/step - loss: 0.3958 - val_loss: 0.3971
Epoch 150/200
50/50 - 8s - 158ms/step - loss: 0.3956 - val_loss: 0.3969
Epoch 151/200
50/50 - 8s - 157ms/step - loss: 0.3954 - val_loss: 0.3968
Epoch 152/200
50/50 - 8s - 157ms/step - loss: 0.3952 - val_loss: 0.3966
Epoch 153/200
50/50 - 8s - 157ms/step - loss: 0.3950 - val_loss: 0.3965
Epoch 154/200
50/50 - 8s - 157ms/step - loss: 0.3948 - val_loss: 0.3963
Epoch 155/200
50/50 - 8s - 158ms/step - loss: 0.3947 - val_loss: 0.3962
Epoch 156/200
50/50 - 8s - 157ms/step - loss: 0.3945 - val_loss: 0.3961
Epoch 157/200
50/50 - 8s - 158ms/step - loss: 0.3943 - val_loss: 0.3959
Epoch 158/200
50/50 - 8s - 157ms/step - loss: 0.3941 - val_loss: 0.3958
Epoch 159/200
50/50 - 8s - 157ms/step - loss: 0.3940 - val_loss: 0.3956
Epoch 160/200
50/50 - 8s - 157ms/step - loss: 0.3938 - val_loss: 0.3955
Epoch 161/200
50/50 - 8s - 157ms/step - loss: 0.3937 - val_loss: 0.3954
Epoch 162/200
50/50 - 8s - 157ms/step - loss: 0.3935 - val_loss: 0.3952
Epoch 163/200
50/50 - 8s - 157ms/step - loss: 0.3933 - val_loss: 0.3951
Epoch 164/200
50/50 - 8s - 157ms/step - loss: 0.3932 - val_loss: 0.3950
Epoch 165/200
50/50 - 8s - 158ms/step - loss: 0.3930 - val_loss: 0.3949
Epoch 166/200
50/50 - 8s - 157ms/step - loss: 0.3929 - val_loss: 0.3947
Epoch 167/200
50/50 - 8s - 157ms/step - loss: 0.3927 - val_loss: 0.3946
Epoch 168/200
50/50 - 8s - 157ms/step - loss: 0.3926 - val_loss: 0.3945
Epoch 169/200
50/50 - 8s - 158ms/step - loss: 0.3924 - val_loss: 0.3944
Epoch 170/200
50/50 - 8s - 157ms/step - loss: 0.3923 - val_loss: 0.3943
Epoch 171/200
50/50 - 8s - 157ms/step - loss: 0.3922 - val_loss: 0.3941
Epoch 172/200
50/50 - 8s - 157ms/step - loss: 0.3920 - val_loss: 0.3940
Epoch 173/200
50/50 - 8s - 157ms/step - loss: 0.3919 - val_loss: 0.3939
Epoch 174/200
50/50 - 8s - 157ms/step - loss: 0.3917 - val_loss: 0.3938
Epoch 175/200
50/50 - 8s - 158ms/step - loss: 0.3916 - val_loss: 0.3937
Epoch 176/200
50/50 - 8s - 157ms/step - loss: 0.3915 - val_loss: 0.3936
Epoch 177/200
50/50 - 8s - 157ms/step - loss: 0.3913 - val_loss: 0.3935
Epoch 178/200
50/50 - 8s - 158ms/step - loss: 0.3912 - val_loss: 0.3934
Epoch 179/200
50/50 - 8s - 158ms/step - loss: 0.3911 - val_loss: 0.3933
Epoch 180/200
50/50 - 8s - 157ms/step - loss: 0.3910 - val_loss: 0.3932
Epoch 181/200
50/50 - 8s - 157ms/step - loss: 0.3908 - val_loss: 0.3931
Epoch 182/200
50/50 - 8s - 157ms/step - loss: 0.3907 - val_loss: 0.3930
Epoch 183/200
50/50 - 8s - 157ms/step - loss: 0.3906 - val_loss: 0.3929
Epoch 184/200
50/50 - 8s - 157ms/step - loss: 0.3905 - val_loss: 0.3928
Epoch 185/200
50/50 - 8s - 156ms/step - loss: 0.3903 - val_loss: 0.3927
Epoch 186/200
50/50 - 8s - 157ms/step - loss: 0.3902 - val_loss: 0.3926
Epoch 187/200
50/50 - 8s - 158ms/step - loss: 0.3901 - val_loss: 0.3925
Epoch 188/200
50/50 - 8s - 157ms/step - loss: 0.3900 - val_loss: 0.3924
Epoch 189/200
50/50 - 8s - 157ms/step - loss: 0.3899 - val_loss: 0.3923
Epoch 190/200
50/50 - 8s - 157ms/step - loss: 0.3898 - val_loss: 0.3922
Epoch 191/200
50/50 - 8s - 157ms/step - loss: 0.3897 - val_loss: 0.3921
Epoch 192/200
50/50 - 8s - 157ms/step - loss: 0.3895 - val_loss: 0.3920
Epoch 193/200
50/50 - 8s - 158ms/step - loss: 0.3894 - val_loss: 0.3919
Epoch 194/200
50/50 - 8s - 157ms/step - loss: 0.3893 - val_loss: 0.3918
Epoch 195/200
50/50 - 8s - 157ms/step - loss: 0.3892 - val_loss: 0.3917
Epoch 196/200
50/50 - 8s - 157ms/step - loss: 0.3891 - val_loss: 0.3917
Epoch 197/200
50/50 - 8s - 157ms/step - loss: 0.3890 - val_loss: 0.3916
Epoch 198/200
50/50 - 8s - 158ms/step - loss: 0.3889 - val_loss: 0.3915
Epoch 199/200
50/50 - 8s - 157ms/step - loss: 0.3888 - val_loss: 0.3914
Epoch 200/200
50/50 - 8s - 158ms/step - loss: 0.3887 - val_loss: 0.3913
[Run 4/5] Training single encoder baseline (baseline preprocessing, linear structure, sigmoid head)...
[Run 4/5] Shared encoder (unweight) threshold comparison: dynamic=0.3630 (balanced_accuracy=0.8252), fixed_0.5=0.5000 (balanced_accuracy=0.8229).
[Run 4/5] Shared encoder (weighted) threshold comparison: dynamic=0.7728 (balanced_accuracy=0.8180), fixed_0.5=0.5000 (balanced_accuracy=0.8149).
[Run 4/5] Saved raw test predictions to /home/xx4455/Comparable/Code/Synthetic/Results/Predictions/adult_gender_28378_1_run4_raw_predictions.csv.
[Run 5/5] Training shared encoder (unweighted, sigmoid head, baseline preprocessing)...
Epoch 1/200
51/51 - 9s - 181ms/step - loss: 0.9963 - val_loss: 0.9446
Epoch 2/200
51/51 - 8s - 153ms/step - loss: 0.8948 - val_loss: 0.8491
Epoch 3/200
51/51 - 7s - 145ms/step - loss: 0.8065 - val_loss: 0.7709
Epoch 4/200
51/51 - 8s - 154ms/step - loss: 0.7369 - val_loss: 0.7115
Epoch 5/200
51/51 - 8s - 152ms/step - loss: 0.6842 - val_loss: 0.6668
Epoch 6/200
51/51 - 8s - 151ms/step - loss: 0.6441 - val_loss: 0.6326
Epoch 7/200
51/51 - 8s - 151ms/step - loss: 0.6130 - val_loss: 0.6056
Epoch 8/200
51/51 - 7s - 146ms/step - loss: 0.5880 - val_loss: 0.5830
Epoch 9/200
51/51 - 7s - 146ms/step - loss: 0.5675 - val_loss: 0.5652
Epoch 10/200
51/51 - 7s - 147ms/step - loss: 0.5506 - val_loss: 0.5505
Epoch 11/200
51/51 - 8s - 150ms/step - loss: 0.5365 - val_loss: 0.5381
Epoch 12/200
51/51 - 8s - 149ms/step - loss: 0.5245 - val_loss: 0.5274
Epoch 13/200
51/51 - 8s - 150ms/step - loss: 0.5142 - val_loss: 0.5181
Epoch 14/200
51/51 - 8s - 150ms/step - loss: 0.5052 - val_loss: 0.5099
Epoch 15/200
51/51 - 8s - 150ms/step - loss: 0.4973 - val_loss: 0.5028
Epoch 16/200
51/51 - 8s - 150ms/step - loss: 0.4904 - val_loss: 0.4964
Epoch 17/200
51/51 - 8s - 150ms/step - loss: 0.4841 - val_loss: 0.4906
Epoch 18/200
51/51 - 8s - 150ms/step - loss: 0.4785 - val_loss: 0.4855
Epoch 19/200
51/51 - 8s - 150ms/step - loss: 0.4734 - val_loss: 0.4808
Epoch 20/200
51/51 - 8s - 150ms/step - loss: 0.4688 - val_loss: 0.4765
Epoch 21/200
51/51 - 8s - 149ms/step - loss: 0.4646 - val_loss: 0.4725
Epoch 22/200
51/51 - 8s - 149ms/step - loss: 0.4607 - val_loss: 0.4689
Epoch 23/200
51/51 - 8s - 150ms/step - loss: 0.4572 - val_loss: 0.4655
Epoch 24/200
51/51 - 8s - 150ms/step - loss: 0.4539 - val_loss: 0.4624
Epoch 25/200
51/51 - 8s - 151ms/step - loss: 0.4508 - val_loss: 0.4594
Epoch 26/200
51/51 - 8s - 149ms/step - loss: 0.4479 - val_loss: 0.4567
Epoch 27/200
51/51 - 8s - 149ms/step - loss: 0.4452 - val_loss: 0.4541
Epoch 28/200
51/51 - 8s - 149ms/step - loss: 0.4427 - val_loss: 0.4517
Epoch 29/200
51/51 - 8s - 148ms/step - loss: 0.4403 - val_loss: 0.4494
Epoch 30/200
51/51 - 8s - 148ms/step - loss: 0.4380 - val_loss: 0.4472
Epoch 31/200
51/51 - 8s - 148ms/step - loss: 0.4359 - val_loss: 0.4451
Epoch 32/200
51/51 - 8s - 150ms/step - loss: 0.4339 - val_loss: 0.4432
Epoch 33/200
51/51 - 8s - 149ms/step - loss: 0.4320 - val_loss: 0.4413
Epoch 34/200
51/51 - 8s - 150ms/step - loss: 0.4301 - val_loss: 0.4395
Epoch 35/200
51/51 - 8s - 150ms/step - loss: 0.4284 - val_loss: 0.4378
Epoch 36/200
51/51 - 8s - 150ms/step - loss: 0.4267 - val_loss: 0.4362
Epoch 37/200
51/51 - 8s - 150ms/step - loss: 0.4251 - val_loss: 0.4346
Epoch 38/200
51/51 - 8s - 150ms/step - loss: 0.4236 - val_loss: 0.4331
Epoch 39/200
51/51 - 8s - 149ms/step - loss: 0.4221 - val_loss: 0.4317
Epoch 40/200
51/51 - 8s - 151ms/step - loss: 0.4207 - val_loss: 0.4303
Epoch 41/200
51/51 - 8s - 151ms/step - loss: 0.4193 - val_loss: 0.4290
Epoch 42/200
51/51 - 8s - 149ms/step - loss: 0.4180 - val_loss: 0.4277
Epoch 43/200
51/51 - 8s - 151ms/step - loss: 0.4167 - val_loss: 0.4264
Epoch 44/200
51/51 - 8s - 149ms/step - loss: 0.4154 - val_loss: 0.4252
Epoch 45/200
51/51 - 8s - 149ms/step - loss: 0.4143 - val_loss: 0.4241
Epoch 46/200
51/51 - 8s - 149ms/step - loss: 0.4131 - val_loss: 0.4230
Epoch 47/200
51/51 - 8s - 149ms/step - loss: 0.4120 - val_loss: 0.4219
Epoch 48/200
51/51 - 8s - 150ms/step - loss: 0.4109 - val_loss: 0.4209
Epoch 49/200
51/51 - 8s - 150ms/step - loss: 0.4098 - val_loss: 0.4198
Epoch 50/200
51/51 - 8s - 149ms/step - loss: 0.4088 - val_loss: 0.4189
Epoch 51/200
51/51 - 8s - 150ms/step - loss: 0.4078 - val_loss: 0.4179
Epoch 52/200
51/51 - 8s - 151ms/step - loss: 0.4068 - val_loss: 0.4170
Epoch 53/200
51/51 - 8s - 147ms/step - loss: 0.4059 - val_loss: 0.4161
Epoch 54/200
51/51 - 8s - 149ms/step - loss: 0.4050 - val_loss: 0.4152
Epoch 55/200
51/51 - 8s - 150ms/step - loss: 0.4041 - val_loss: 0.4143
Epoch 56/200
51/51 - 8s - 149ms/step - loss: 0.4032 - val_loss: 0.4135
Epoch 57/200
51/51 - 8s - 150ms/step - loss: 0.4024 - val_loss: 0.4127
Epoch 58/200
51/51 - 8s - 152ms/step - loss: 0.4015 - val_loss: 0.4119
Epoch 59/200
51/51 - 8s - 156ms/step - loss: 0.4007 - val_loss: 0.4111
Epoch 60/200
51/51 - 8s - 158ms/step - loss: 0.3999 - val_loss: 0.4104
Epoch 61/200
51/51 - 8s - 160ms/step - loss: 0.3992 - val_loss: 0.4097
Epoch 62/200
51/51 - 8s - 162ms/step - loss: 0.3984 - val_loss: 0.4090
Epoch 63/200
51/51 - 8s - 161ms/step - loss: 0.3977 - val_loss: 0.4083
Epoch 64/200
51/51 - 8s - 161ms/step - loss: 0.3970 - val_loss: 0.4076
Epoch 65/200
51/51 - 8s - 162ms/step - loss: 0.3963 - val_loss: 0.4069
Epoch 66/200
51/51 - 8s - 162ms/step - loss: 0.3956 - val_loss: 0.4063
Epoch 67/200
51/51 - 8s - 164ms/step - loss: 0.3949 - val_loss: 0.4056
Epoch 68/200
51/51 - 8s - 166ms/step - loss: 0.3942 - val_loss: 0.4050
Epoch 69/200
51/51 - 8s - 163ms/step - loss: 0.3936 - val_loss: 0.4044
Epoch 70/200
51/51 - 8s - 162ms/step - loss: 0.3930 - val_loss: 0.4038
Epoch 71/200
51/51 - 8s - 163ms/step - loss: 0.3923 - val_loss: 0.4032
Epoch 72/200
51/51 - 8s - 163ms/step - loss: 0.3917 - val_loss: 0.4026
Epoch 73/200
51/51 - 8s - 165ms/step - loss: 0.3911 - val_loss: 0.4021
Epoch 74/200
51/51 - 8s - 162ms/step - loss: 0.3906 - val_loss: 0.4015
Epoch 75/200
51/51 - 8s - 162ms/step - loss: 0.3900 - val_loss: 0.4010
Epoch 76/200
51/51 - 8s - 161ms/step - loss: 0.3894 - val_loss: 0.4004
Epoch 77/200
51/51 - 8s - 162ms/step - loss: 0.3889 - val_loss: 0.3999
Epoch 78/200
51/51 - 8s - 161ms/step - loss: 0.3884 - val_loss: 0.3994
Epoch 79/200
51/51 - 8s - 162ms/step - loss: 0.3878 - val_loss: 0.3989
Epoch 80/200
51/51 - 8s - 163ms/step - loss: 0.3873 - val_loss: 0.3984
Epoch 81/200
51/51 - 8s - 164ms/step - loss: 0.3868 - val_loss: 0.3979
Epoch 82/200
51/51 - 8s - 162ms/step - loss: 0.3863 - val_loss: 0.3974
Epoch 83/200
51/51 - 8s - 162ms/step - loss: 0.3858 - val_loss: 0.3970
Epoch 84/200
51/51 - 8s - 162ms/step - loss: 0.3853 - val_loss: 0.3965
Epoch 85/200
51/51 - 8s - 165ms/step - loss: 0.3849 - val_loss: 0.3960
Epoch 86/200
51/51 - 8s - 164ms/step - loss: 0.3844 - val_loss: 0.3956
Epoch 87/200
51/51 - 8s - 163ms/step - loss: 0.3839 - val_loss: 0.3952
Epoch 88/200
51/51 - 8s - 162ms/step - loss: 0.3835 - val_loss: 0.3947
Epoch 89/200
51/51 - 8s - 164ms/step - loss: 0.3831 - val_loss: 0.3943
Epoch 90/200
51/51 - 8s - 162ms/step - loss: 0.3826 - val_loss: 0.3939
Epoch 91/200
51/51 - 8s - 163ms/step - loss: 0.3822 - val_loss: 0.3935
Epoch 92/200
51/51 - 8s - 163ms/step - loss: 0.3818 - val_loss: 0.3931
Epoch 93/200
51/51 - 8s - 163ms/step - loss: 0.3814 - val_loss: 0.3927
Epoch 94/200
51/51 - 8s - 163ms/step - loss: 0.3810 - val_loss: 0.3923
Epoch 95/200
51/51 - 8s - 163ms/step - loss: 0.3806 - val_loss: 0.3919
Epoch 96/200
51/51 - 8s - 162ms/step - loss: 0.3802 - val_loss: 0.3915
Epoch 97/200
51/51 - 8s - 163ms/step - loss: 0.3798 - val_loss: 0.3912
Epoch 98/200
51/51 - 8s - 162ms/step - loss: 0.3794 - val_loss: 0.3908
Epoch 99/200
51/51 - 8s - 162ms/step - loss: 0.3791 - val_loss: 0.3904
Epoch 100/200
51/51 - 8s - 164ms/step - loss: 0.3787 - val_loss: 0.3901
Epoch 101/200
51/51 - 24s - 468ms/step - loss: 0.3783 - val_loss: 0.3897
Epoch 102/200
51/51 - 8s - 162ms/step - loss: 0.3780 - val_loss: 0.3894
Epoch 103/200
51/51 - 8s - 162ms/step - loss: 0.3776 - val_loss: 0.3890
Epoch 104/200
51/51 - 8s - 162ms/step - loss: 0.3773 - val_loss: 0.3887
Epoch 105/200
51/51 - 8s - 164ms/step - loss: 0.3770 - val_loss: 0.3883
Epoch 106/200
51/51 - 8s - 164ms/step - loss: 0.3766 - val_loss: 0.3880
Epoch 107/200
51/51 - 8s - 162ms/step - loss: 0.3763 - val_loss: 0.3877
Epoch 108/200
51/51 - 8s - 163ms/step - loss: 0.3760 - val_loss: 0.3874
Epoch 109/200
51/51 - 8s - 162ms/step - loss: 0.3757 - val_loss: 0.3870
Epoch 110/200
51/51 - 8s - 164ms/step - loss: 0.3754 - val_loss: 0.3867
Epoch 111/200
51/51 - 8s - 165ms/step - loss: 0.3751 - val_loss: 0.3864
Epoch 112/200
51/51 - 8s - 164ms/step - loss: 0.3748 - val_loss: 0.3861
Epoch 113/200
51/51 - 8s - 165ms/step - loss: 0.3745 - val_loss: 0.3858
Epoch 114/200
51/51 - 8s - 166ms/step - loss: 0.3742 - val_loss: 0.3855
Epoch 115/200
51/51 - 8s - 165ms/step - loss: 0.3739 - val_loss: 0.3852
Epoch 116/200
51/51 - 8s - 166ms/step - loss: 0.3736 - val_loss: 0.3849
Epoch 117/200
51/51 - 8s - 166ms/step - loss: 0.3733 - val_loss: 0.3846
Epoch 118/200
51/51 - 8s - 166ms/step - loss: 0.3730 - val_loss: 0.3843
Epoch 119/200
51/51 - 8s - 164ms/step - loss: 0.3728 - val_loss: 0.3841
Epoch 120/200
51/51 - 8s - 159ms/step - loss: 0.3725 - val_loss: 0.3838
Epoch 121/200
51/51 - 8s - 158ms/step - loss: 0.3722 - val_loss: 0.3835
Epoch 122/200
51/51 - 8s - 158ms/step - loss: 0.3720 - val_loss: 0.3832
Epoch 123/200
51/51 - 8s - 163ms/step - loss: 0.3717 - val_loss: 0.3830
Epoch 124/200
51/51 - 8s - 162ms/step - loss: 0.3715 - val_loss: 0.3827
Epoch 125/200
51/51 - 8s - 162ms/step - loss: 0.3712 - val_loss: 0.3825
Epoch 126/200
51/51 - 8s - 162ms/step - loss: 0.3710 - val_loss: 0.3822
Epoch 127/200
51/51 - 8s - 162ms/step - loss: 0.3708 - val_loss: 0.3820
Epoch 128/200
51/51 - 8s - 162ms/step - loss: 0.3705 - val_loss: 0.3817
Epoch 129/200
51/51 - 8s - 162ms/step - loss: 0.3703 - val_loss: 0.3815
Epoch 130/200
51/51 - 8s - 162ms/step - loss: 0.3701 - val_loss: 0.3813
Epoch 131/200
51/51 - 8s - 163ms/step - loss: 0.3698 - val_loss: 0.3810
Epoch 132/200
51/51 - 8s - 165ms/step - loss: 0.3696 - val_loss: 0.3808
Epoch 133/200
51/51 - 8s - 163ms/step - loss: 0.3694 - val_loss: 0.3806
Epoch 134/200
51/51 - 8s - 161ms/step - loss: 0.3692 - val_loss: 0.3804
Epoch 135/200
51/51 - 8s - 162ms/step - loss: 0.3690 - val_loss: 0.3802
Epoch 136/200
51/51 - 8s - 163ms/step - loss: 0.3688 - val_loss: 0.3799
Epoch 137/200
51/51 - 8s - 160ms/step - loss: 0.3686 - val_loss: 0.3797
Epoch 138/200
51/51 - 8s - 161ms/step - loss: 0.3684 - val_loss: 0.3795
Epoch 139/200
51/51 - 8s - 162ms/step - loss: 0.3682 - val_loss: 0.3793
Epoch 140/200
51/51 - 8s - 161ms/step - loss: 0.3680 - val_loss: 0.3791
Epoch 141/200
51/51 - 8s - 162ms/step - loss: 0.3678 - val_loss: 0.3789
Epoch 142/200
51/51 - 8s - 162ms/step - loss: 0.3676 - val_loss: 0.3787
Epoch 143/200
51/51 - 8s - 163ms/step - loss: 0.3674 - val_loss: 0.3785
Epoch 144/200
51/51 - 8s - 162ms/step - loss: 0.3672 - val_loss: 0.3784
Epoch 145/200
51/51 - 8s - 164ms/step - loss: 0.3670 - val_loss: 0.3782
Epoch 146/200
51/51 - 9s - 168ms/step - loss: 0.3668 - val_loss: 0.3780
Epoch 147/200
51/51 - 8s - 163ms/step - loss: 0.3667 - val_loss: 0.3778
Epoch 148/200
51/51 - 8s - 162ms/step - loss: 0.3665 - val_loss: 0.3776
Epoch 149/200
51/51 - 8s - 158ms/step - loss: 0.3663 - val_loss: 0.3775
Epoch 150/200
51/51 - 8s - 157ms/step - loss: 0.3662 - val_loss: 0.3773
Epoch 151/200
51/51 - 8s - 163ms/step - loss: 0.3660 - val_loss: 0.3771
Epoch 152/200
51/51 - 8s - 162ms/step - loss: 0.3658 - val_loss: 0.3770
Epoch 153/200
51/51 - 8s - 162ms/step - loss: 0.3657 - val_loss: 0.3768
Epoch 154/200
51/51 - 8s - 162ms/step - loss: 0.3655 - val_loss: 0.3766
Epoch 155/200
51/51 - 8s - 161ms/step - loss: 0.3653 - val_loss: 0.3765
Epoch 156/200
51/51 - 8s - 163ms/step - loss: 0.3652 - val_loss: 0.3763
Epoch 157/200
51/51 - 8s - 161ms/step - loss: 0.3650 - val_loss: 0.3762
Epoch 158/200
51/51 - 8s - 160ms/step - loss: 0.3649 - val_loss: 0.3760
Epoch 159/200
51/51 - 8s - 162ms/step - loss: 0.3647 - val_loss: 0.3758
Epoch 160/200
51/51 - 8s - 164ms/step - loss: 0.3646 - val_loss: 0.3757
Epoch 161/200
51/51 - 8s - 162ms/step - loss: 0.3644 - val_loss: 0.3755
Epoch 162/200
51/51 - 8s - 162ms/step - loss: 0.3643 - val_loss: 0.3754
Epoch 163/200
51/51 - 8s - 161ms/step - loss: 0.3641 - val_loss: 0.3753
Epoch 164/200
51/51 - 8s - 162ms/step - loss: 0.3640 - val_loss: 0.3751
Epoch 165/200
51/51 - 8s - 163ms/step - loss: 0.3639 - val_loss: 0.3750
Epoch 166/200
51/51 - 8s - 162ms/step - loss: 0.3637 - val_loss: 0.3748
Epoch 167/200
51/51 - 8s - 162ms/step - loss: 0.3636 - val_loss: 0.3747
Epoch 168/200
51/51 - 8s - 162ms/step - loss: 0.3634 - val_loss: 0.3746
Epoch 169/200
51/51 - 8s - 163ms/step - loss: 0.3633 - val_loss: 0.3744
Epoch 170/200
51/51 - 8s - 162ms/step - loss: 0.3632 - val_loss: 0.3743
Epoch 171/200
51/51 - 8s - 163ms/step - loss: 0.3631 - val_loss: 0.3742
Epoch 172/200
51/51 - 8s - 164ms/step - loss: 0.3629 - val_loss: 0.3740
Epoch 173/200
51/51 - 8s - 164ms/step - loss: 0.3628 - val_loss: 0.3739
Epoch 174/200
51/51 - 8s - 161ms/step - loss: 0.3627 - val_loss: 0.3738
Epoch 175/200
51/51 - 8s - 163ms/step - loss: 0.3626 - val_loss: 0.3737
Epoch 176/200
51/51 - 8s - 162ms/step - loss: 0.3624 - val_loss: 0.3735
Epoch 177/200
51/51 - 8s - 162ms/step - loss: 0.3623 - val_loss: 0.3734
Epoch 178/200
51/51 - 8s - 163ms/step - loss: 0.3622 - val_loss: 0.3733
Epoch 179/200
51/51 - 8s - 161ms/step - loss: 0.3621 - val_loss: 0.3732
Epoch 180/200
51/51 - 8s - 162ms/step - loss: 0.3620 - val_loss: 0.3730
Epoch 181/200
51/51 - 8s - 163ms/step - loss: 0.3618 - val_loss: 0.3729
Epoch 182/200
51/51 - 8s - 162ms/step - loss: 0.3617 - val_loss: 0.3728
Epoch 183/200
51/51 - 8s - 162ms/step - loss: 0.3616 - val_loss: 0.3727
Epoch 184/200
51/51 - 8s - 162ms/step - loss: 0.3615 - val_loss: 0.3726
Epoch 185/200
51/51 - 8s - 166ms/step - loss: 0.3614 - val_loss: 0.3725
Epoch 186/200
51/51 - 9s - 167ms/step - loss: 0.3613 - val_loss: 0.3724
Epoch 187/200
51/51 - 8s - 164ms/step - loss: 0.3612 - val_loss: 0.3722
Epoch 188/200
51/51 - 8s - 162ms/step - loss: 0.3611 - val_loss: 0.3721
Epoch 189/200
51/51 - 8s - 161ms/step - loss: 0.3610 - val_loss: 0.3720
Epoch 190/200
51/51 - 8s - 162ms/step - loss: 0.3609 - val_loss: 0.3719
Epoch 191/200
51/51 - 8s - 162ms/step - loss: 0.3608 - val_loss: 0.3718
Epoch 192/200
51/51 - 8s - 163ms/step - loss: 0.3607 - val_loss: 0.3717
Epoch 193/200
51/51 - 8s - 162ms/step - loss: 0.3606 - val_loss: 0.3716
Epoch 194/200
51/51 - 8s - 161ms/step - loss: 0.3605 - val_loss: 0.3715
Epoch 195/200
51/51 - 8s - 162ms/step - loss: 0.3604 - val_loss: 0.3714
Epoch 196/200
51/51 - 8s - 161ms/step - loss: 0.3603 - val_loss: 0.3713
Epoch 197/200
51/51 - 8s - 162ms/step - loss: 0.3602 - val_loss: 0.3712
Epoch 198/200
51/51 - 8s - 163ms/step - loss: 0.3601 - val_loss: 0.3711
Epoch 199/200
51/51 - 8s - 166ms/step - loss: 0.3600 - val_loss: 0.3710
Epoch 200/200
51/51 - 8s - 164ms/step - loss: 0.3599 - val_loss: 0.3709
[Run 5/5] Training shared encoder (weighted, sigmoid head, baseline preprocessing)...
Epoch 1/200
51/51 - 10s - 204ms/step - loss: 0.9176 - val_loss: 0.8624
Epoch 2/200
51/51 - 9s - 173ms/step - loss: 0.8299 - val_loss: 0.7875
Epoch 3/200
51/51 - 8s - 163ms/step - loss: 0.7558 - val_loss: 0.7265
Epoch 4/200
51/51 - 9s - 173ms/step - loss: 0.6977 - val_loss: 0.6803
Epoch 5/200
51/51 - 9s - 170ms/step - loss: 0.6543 - val_loss: 0.6461
Epoch 6/200
51/51 - 9s - 170ms/step - loss: 0.6219 - val_loss: 0.6202
Epoch 7/200
51/51 - 8s - 166ms/step - loss: 0.5969 - val_loss: 0.6000
Epoch 8/200
51/51 - 8s - 163ms/step - loss: 0.5772 - val_loss: 0.5838
Epoch 9/200
51/51 - 8s - 163ms/step - loss: 0.5614 - val_loss: 0.5704
Epoch 10/200
51/51 - 8s - 163ms/step - loss: 0.5483 - val_loss: 0.5593
Epoch 11/200
51/51 - 9s - 168ms/step - loss: 0.5373 - val_loss: 0.5498
Epoch 12/200
51/51 - 9s - 168ms/step - loss: 0.5281 - val_loss: 0.5416
Epoch 13/200
51/51 - 8s - 166ms/step - loss: 0.5201 - val_loss: 0.5344
Epoch 14/200
51/51 - 9s - 167ms/step - loss: 0.5131 - val_loss: 0.5281
Epoch 15/200
51/51 - 9s - 168ms/step - loss: 0.5070 - val_loss: 0.5225
Epoch 16/200
51/51 - 8s - 166ms/step - loss: 0.5015 - val_loss: 0.5174
Epoch 17/200
51/51 - 8s - 166ms/step - loss: 0.4966 - val_loss: 0.5128
Epoch 18/200
51/51 - 8s - 166ms/step - loss: 0.4922 - val_loss: 0.5086
Epoch 19/200
51/51 - 8s - 166ms/step - loss: 0.4882 - val_loss: 0.5047
Epoch 20/200
51/51 - 9s - 167ms/step - loss: 0.4845 - val_loss: 0.5012
Epoch 21/200
51/51 - 9s - 167ms/step - loss: 0.4811 - val_loss: 0.4979
Epoch 22/200
51/51 - 9s - 167ms/step - loss: 0.4780 - val_loss: 0.4948
Epoch 23/200
51/51 - 8s - 166ms/step - loss: 0.4750 - val_loss: 0.4920
Epoch 24/200
51/51 - 9s - 168ms/step - loss: 0.4723 - val_loss: 0.4893
Epoch 25/200
51/51 - 9s - 169ms/step - loss: 0.4698 - val_loss: 0.4867
Epoch 26/200
51/51 - 9s - 167ms/step - loss: 0.4674 - val_loss: 0.4844
Epoch 27/200
51/51 - 9s - 167ms/step - loss: 0.4651 - val_loss: 0.4821
Epoch 28/200
51/51 - 8s - 166ms/step - loss: 0.4630 - val_loss: 0.4800
Epoch 29/200
51/51 - 8s - 166ms/step - loss: 0.4610 - val_loss: 0.4779
Epoch 30/200
51/51 - 9s - 167ms/step - loss: 0.4591 - val_loss: 0.4760
Epoch 31/200
51/51 - 9s - 168ms/step - loss: 0.4572 - val_loss: 0.4742
Epoch 32/200
51/51 - 9s - 167ms/step - loss: 0.4555 - val_loss: 0.4724
Epoch 33/200
51/51 - 8s - 167ms/step - loss: 0.4539 - val_loss: 0.4707
Epoch 34/200
51/51 - 9s - 169ms/step - loss: 0.4523 - val_loss: 0.4691
Epoch 35/200
51/51 - 9s - 170ms/step - loss: 0.4508 - val_loss: 0.4676
Epoch 36/200
51/51 - 9s - 171ms/step - loss: 0.4493 - val_loss: 0.4661
Epoch 37/200
51/51 - 9s - 169ms/step - loss: 0.4479 - val_loss: 0.4646
Epoch 38/200
51/51 - 8s - 167ms/step - loss: 0.4466 - val_loss: 0.4633
Epoch 39/200
51/51 - 9s - 169ms/step - loss: 0.4453 - val_loss: 0.4619
Epoch 40/200
51/51 - 9s - 167ms/step - loss: 0.4440 - val_loss: 0.4607
Epoch 41/200
51/51 - 8s - 167ms/step - loss: 0.4428 - val_loss: 0.4594
Epoch 42/200
51/51 - 8s - 166ms/step - loss: 0.4417 - val_loss: 0.4582
Epoch 43/200
51/51 - 8s - 166ms/step - loss: 0.4405 - val_loss: 0.4571
Epoch 44/200
51/51 - 9s - 167ms/step - loss: 0.4395 - val_loss: 0.4560
Epoch 45/200
51/51 - 9s - 167ms/step - loss: 0.4384 - val_loss: 0.4549
Epoch 46/200
51/51 - 8s - 167ms/step - loss: 0.4374 - val_loss: 0.4538
Epoch 47/200
51/51 - 8s - 164ms/step - loss: 0.4364 - val_loss: 0.4528
Epoch 48/200
51/51 - 8s - 163ms/step - loss: 0.4354 - val_loss: 0.4518
Epoch 49/200
51/51 - 9s - 168ms/step - loss: 0.4345 - val_loss: 0.4509
Epoch 50/200
51/51 - 9s - 168ms/step - loss: 0.4336 - val_loss: 0.4499
Epoch 51/200
51/51 - 9s - 168ms/step - loss: 0.4327 - val_loss: 0.4490
Epoch 52/200
51/51 - 8s - 166ms/step - loss: 0.4318 - val_loss: 0.4482
Epoch 53/200
51/51 - 8s - 167ms/step - loss: 0.4310 - val_loss: 0.4473
Epoch 54/200
51/51 - 8s - 166ms/step - loss: 0.4302 - val_loss: 0.4465
Epoch 55/200
51/51 - 9s - 167ms/step - loss: 0.4294 - val_loss: 0.4457
Epoch 56/200
51/51 - 8s - 165ms/step - loss: 0.4286 - val_loss: 0.4449
Epoch 57/200
51/51 - 8s - 160ms/step - loss: 0.4278 - val_loss: 0.4441
Epoch 58/200
51/51 - 8s - 164ms/step - loss: 0.4271 - val_loss: 0.4434
Epoch 59/200
51/51 - 9s - 167ms/step - loss: 0.4264 - val_loss: 0.4426
Epoch 60/200
51/51 - 8s - 161ms/step - loss: 0.4256 - val_loss: 0.4419
Epoch 61/200
51/51 - 8s - 163ms/step - loss: 0.4249 - val_loss: 0.4412
Epoch 62/200
51/51 - 9s - 167ms/step - loss: 0.4243 - val_loss: 0.4406
Epoch 63/200
51/51 - 9s - 174ms/step - loss: 0.4236 - val_loss: 0.4399
Epoch 64/200
51/51 - 8s - 164ms/step - loss: 0.4229 - val_loss: 0.4393
Epoch 65/200
51/51 - 8s - 164ms/step - loss: 0.4223 - val_loss: 0.4386
Epoch 66/200
51/51 - 9s - 167ms/step - loss: 0.4217 - val_loss: 0.4380
Epoch 67/200
51/51 - 9s - 167ms/step - loss: 0.4210 - val_loss: 0.4374
Epoch 68/200
51/51 - 8s - 166ms/step - loss: 0.4204 - val_loss: 0.4368
Epoch 69/200
51/51 - 8s - 166ms/step - loss: 0.4199 - val_loss: 0.4363
Epoch 70/200
51/51 - 9s - 167ms/step - loss: 0.4193 - val_loss: 0.4357
Epoch 71/200
51/51 - 8s - 167ms/step - loss: 0.4187 - val_loss: 0.4351
Epoch 72/200
51/51 - 9s - 167ms/step - loss: 0.4181 - val_loss: 0.4346
Epoch 73/200
51/51 - 8s - 166ms/step - loss: 0.4176 - val_loss: 0.4341
Epoch 74/200
51/51 - 8s - 166ms/step - loss: 0.4170 - val_loss: 0.4336
Epoch 75/200
51/51 - 9s - 167ms/step - loss: 0.4165 - val_loss: 0.4331
Epoch 76/200
51/51 - 9s - 167ms/step - loss: 0.4160 - val_loss: 0.4326
Epoch 77/200
51/51 - 9s - 168ms/step - loss: 0.4155 - val_loss: 0.4321
Epoch 78/200
51/51 - 8s - 165ms/step - loss: 0.4150 - val_loss: 0.4316
Epoch 79/200
51/51 - 8s - 166ms/step - loss: 0.4145 - val_loss: 0.4312
Epoch 80/200
51/51 - 9s - 167ms/step - loss: 0.4140 - val_loss: 0.4307
Epoch 81/200
51/51 - 8s - 166ms/step - loss: 0.4135 - val_loss: 0.4303
Epoch 82/200
51/51 - 8s - 167ms/step - loss: 0.4130 - val_loss: 0.4298
Epoch 83/200
51/51 - 8s - 165ms/step - loss: 0.4126 - val_loss: 0.4294
Epoch 84/200
51/51 - 9s - 167ms/step - loss: 0.4121 - val_loss: 0.4290
Epoch 85/200
51/51 - 9s - 167ms/step - loss: 0.4117 - val_loss: 0.4286
Epoch 86/200
51/51 - 8s - 166ms/step - loss: 0.4112 - val_loss: 0.4282
Epoch 87/200
51/51 - 8s - 167ms/step - loss: 0.4108 - val_loss: 0.4278
Epoch 88/200
51/51 - 8s - 165ms/step - loss: 0.4104 - val_loss: 0.4274
Epoch 89/200
51/51 - 9s - 170ms/step - loss: 0.4100 - val_loss: 0.4270
Epoch 90/200
51/51 - 9s - 170ms/step - loss: 0.4095 - val_loss: 0.4267
Epoch 91/200
51/51 - 9s - 169ms/step - loss: 0.4091 - val_loss: 0.4263
Epoch 92/200
51/51 - 9s - 168ms/step - loss: 0.4087 - val_loss: 0.4260
Epoch 93/200
51/51 - 9s - 170ms/step - loss: 0.4083 - val_loss: 0.4256
Epoch 94/200
51/51 - 9s - 170ms/step - loss: 0.4080 - val_loss: 0.4253
Epoch 95/200
51/51 - 9s - 172ms/step - loss: 0.4076 - val_loss: 0.4250
Epoch 96/200
51/51 - 9s - 171ms/step - loss: 0.4072 - val_loss: 0.4246
Epoch 97/200
51/51 - 9s - 169ms/step - loss: 0.4068 - val_loss: 0.4243
Epoch 98/200
51/51 - 9s - 167ms/step - loss: 0.4065 - val_loss: 0.4240
Epoch 99/200
51/51 - 8s - 163ms/step - loss: 0.4061 - val_loss: 0.4237
Epoch 100/200
51/51 - 8s - 163ms/step - loss: 0.4058 - val_loss: 0.4234
Epoch 101/200
51/51 - 8s - 163ms/step - loss: 0.4054 - val_loss: 0.4231
Epoch 102/200
51/51 - 9s - 172ms/step - loss: 0.4051 - val_loss: 0.4228
Epoch 103/200
51/51 - 9s - 167ms/step - loss: 0.4047 - val_loss: 0.4225
Epoch 104/200
51/51 - 8s - 166ms/step - loss: 0.4044 - val_loss: 0.4223
Epoch 105/200
51/51 - 9s - 167ms/step - loss: 0.4041 - val_loss: 0.4220
Epoch 106/200
51/51 - 8s - 166ms/step - loss: 0.4037 - val_loss: 0.4217
Epoch 107/200
51/51 - 8s - 165ms/step - loss: 0.4034 - val_loss: 0.4214
Epoch 108/200
51/51 - 8s - 167ms/step - loss: 0.4031 - val_loss: 0.4212
Epoch 109/200
51/51 - 9s - 167ms/step - loss: 0.4028 - val_loss: 0.4209
Epoch 110/200
51/51 - 9s - 168ms/step - loss: 0.4025 - val_loss: 0.4207
Epoch 111/200
51/51 - 9s - 167ms/step - loss: 0.4022 - val_loss: 0.4204
Epoch 112/200
51/51 - 8s - 166ms/step - loss: 0.4019 - val_loss: 0.4202
Epoch 113/200
51/51 - 9s - 169ms/step - loss: 0.4016 - val_loss: 0.4200
Epoch 114/200
51/51 - 9s - 168ms/step - loss: 0.4013 - val_loss: 0.4197
Epoch 115/200
51/51 - 9s - 168ms/step - loss: 0.4011 - val_loss: 0.4195
Epoch 116/200
51/51 - 9s - 167ms/step - loss: 0.4008 - val_loss: 0.4193
Epoch 117/200
51/51 - 9s - 167ms/step - loss: 0.4005 - val_loss: 0.4191
Epoch 118/200
51/51 - 9s - 167ms/step - loss: 0.4003 - val_loss: 0.4189
Epoch 119/200
51/51 - 9s - 167ms/step - loss: 0.4000 - val_loss: 0.4187
Epoch 120/200
51/51 - 8s - 166ms/step - loss: 0.3997 - val_loss: 0.4184
Epoch 121/200
51/51 - 8s - 166ms/step - loss: 0.3995 - val_loss: 0.4182
Epoch 122/200
51/51 - 8s - 166ms/step - loss: 0.3992 - val_loss: 0.4180
Epoch 123/200
51/51 - 8s - 166ms/step - loss: 0.3990 - val_loss: 0.4178
Epoch 124/200
51/51 - 8s - 167ms/step - loss: 0.3987 - val_loss: 0.4176
Epoch 125/200
51/51 - 9s - 167ms/step - loss: 0.3985 - val_loss: 0.4175
Epoch 126/200
51/51 - 8s - 165ms/step - loss: 0.3983 - val_loss: 0.4173
Epoch 127/200
51/51 - 9s - 167ms/step - loss: 0.3980 - val_loss: 0.4171
Epoch 128/200
51/51 - 9s - 168ms/step - loss: 0.3978 - val_loss: 0.4169
Epoch 129/200
51/51 - 8s - 165ms/step - loss: 0.3976 - val_loss: 0.4167
Epoch 130/200
51/51 - 9s - 167ms/step - loss: 0.3973 - val_loss: 0.4165
Epoch 131/200
51/51 - 8s - 166ms/step - loss: 0.3971 - val_loss: 0.4164
Epoch 132/200
51/51 - 8s - 166ms/step - loss: 0.3969 - val_loss: 0.4162
Epoch 133/200
51/51 - 9s - 167ms/step - loss: 0.3967 - val_loss: 0.4160
Epoch 134/200
51/51 - 8s - 166ms/step - loss: 0.3965 - val_loss: 0.4158
Epoch 135/200
51/51 - 8s - 166ms/step - loss: 0.3963 - val_loss: 0.4157
Epoch 136/200
51/51 - 8s - 167ms/step - loss: 0.3961 - val_loss: 0.4155
Epoch 137/200
51/51 - 9s - 167ms/step - loss: 0.3959 - val_loss: 0.4154
Epoch 138/200
51/51 - 8s - 167ms/step - loss: 0.3957 - val_loss: 0.4152
Epoch 139/200
51/51 - 8s - 166ms/step - loss: 0.3955 - val_loss: 0.4150
Epoch 140/200
51/51 - 9s - 167ms/step - loss: 0.3953 - val_loss: 0.4149
Epoch 141/200
51/51 - 9s - 169ms/step - loss: 0.3951 - val_loss: 0.4147
Epoch 142/200
51/51 - 8s - 165ms/step - loss: 0.3949 - val_loss: 0.4146
Epoch 143/200
51/51 - 8s - 166ms/step - loss: 0.3947 - val_loss: 0.4144
Epoch 144/200
51/51 - 8s - 166ms/step - loss: 0.3945 - val_loss: 0.4143
Epoch 145/200
51/51 - 9s - 167ms/step - loss: 0.3943 - val_loss: 0.4141
Epoch 146/200
51/51 - 9s - 167ms/step - loss: 0.3942 - val_loss: 0.4140
Epoch 147/200
51/51 - 9s - 167ms/step - loss: 0.3940 - val_loss: 0.4138
Epoch 148/200
51/51 - 8s - 165ms/step - loss: 0.3938 - val_loss: 0.4137
Epoch 149/200
51/51 - 9s - 167ms/step - loss: 0.3936 - val_loss: 0.4135
Epoch 150/200
51/51 - 8s - 166ms/step - loss: 0.3935 - val_loss: 0.4134
Epoch 151/200
51/51 - 9s - 167ms/step - loss: 0.3933 - val_loss: 0.4132
Epoch 152/200
51/51 - 9s - 167ms/step - loss: 0.3931 - val_loss: 0.4131
Epoch 153/200
51/51 - 9s - 167ms/step - loss: 0.3930 - val_loss: 0.4130
Epoch 154/200
51/51 - 9s - 167ms/step - loss: 0.3928 - val_loss: 0.4128
Epoch 155/200
51/51 - 9s - 167ms/step - loss: 0.3927 - val_loss: 0.4127
Epoch 156/200
51/51 - 8s - 165ms/step - loss: 0.3925 - val_loss: 0.4126
Epoch 157/200
51/51 - 8s - 166ms/step - loss: 0.3924 - val_loss: 0.4124
Epoch 158/200
51/51 - 8s - 166ms/step - loss: 0.3922 - val_loss: 0.4123
Epoch 159/200
51/51 - 9s - 167ms/step - loss: 0.3921 - val_loss: 0.4122
Epoch 160/200
51/51 - 9s - 168ms/step - loss: 0.3919 - val_loss: 0.4120
Epoch 161/200
51/51 - 8s - 166ms/step - loss: 0.3918 - val_loss: 0.4119
Epoch 162/200
51/51 - 8s - 166ms/step - loss: 0.3916 - val_loss: 0.4118
Epoch 163/200
51/51 - 8s - 165ms/step - loss: 0.3915 - val_loss: 0.4117
Epoch 164/200
51/51 - 8s - 167ms/step - loss: 0.3913 - val_loss: 0.4115
Epoch 165/200
51/51 - 9s - 167ms/step - loss: 0.3912 - val_loss: 0.4114
Epoch 166/200
51/51 - 9s - 169ms/step - loss: 0.3911 - val_loss: 0.4113
Epoch 167/200
51/51 - 8s - 166ms/step - loss: 0.3909 - val_loss: 0.4112
Epoch 168/200
51/51 - 8s - 166ms/step - loss: 0.3908 - val_loss: 0.4110
Epoch 169/200
51/51 - 8s - 166ms/step - loss: 0.3907 - val_loss: 0.4109
Epoch 170/200
51/51 - 8s - 166ms/step - loss: 0.3905 - val_loss: 0.4108
Epoch 171/200
51/51 - 8s - 166ms/step - loss: 0.3904 - val_loss: 0.4107
Epoch 172/200
51/51 - 8s - 165ms/step - loss: 0.3903 - val_loss: 0.4106
Epoch 173/200
51/51 - 8s - 166ms/step - loss: 0.3901 - val_loss: 0.4105
Epoch 174/200
51/51 - 9s - 167ms/step - loss: 0.3900 - val_loss: 0.4104
Epoch 175/200
51/51 - 8s - 166ms/step - loss: 0.3899 - val_loss: 0.4102
Epoch 176/200
51/51 - 8s - 167ms/step - loss: 0.3898 - val_loss: 0.4101
Epoch 177/200
51/51 - 8s - 166ms/step - loss: 0.3897 - val_loss: 0.4100
Epoch 178/200
51/51 - 8s - 167ms/step - loss: 0.3895 - val_loss: 0.4099
Epoch 179/200
51/51 - 9s - 176ms/step - loss: 0.3894 - val_loss: 0.4098
Epoch 180/200
51/51 - 9s - 174ms/step - loss: 0.3893 - val_loss: 0.4097
Epoch 181/200
51/51 - 9s - 169ms/step - loss: 0.3892 - val_loss: 0.4096
Epoch 182/200
51/51 - 9s - 169ms/step - loss: 0.3891 - val_loss: 0.4095
Epoch 183/200
51/51 - 9s - 170ms/step - loss: 0.3890 - val_loss: 0.4094
Epoch 184/200
51/51 - 9s - 171ms/step - loss: 0.3889 - val_loss: 0.4093
Epoch 185/200
51/51 - 9s - 170ms/step - loss: 0.3888 - val_loss: 0.4092
Epoch 186/200
51/51 - 9s - 169ms/step - loss: 0.3886 - val_loss: 0.4091
Epoch 187/200
51/51 - 9s - 170ms/step - loss: 0.3885 - val_loss: 0.4090
Epoch 188/200
51/51 - 8s - 167ms/step - loss: 0.3884 - val_loss: 0.4089
Epoch 189/200
51/51 - 8s - 164ms/step - loss: 0.3883 - val_loss: 0.4088
Epoch 190/200
51/51 - 8s - 163ms/step - loss: 0.3882 - val_loss: 0.4087
Epoch 191/200
51/51 - 8s - 162ms/step - loss: 0.3881 - val_loss: 0.4086
Epoch 192/200
51/51 - 8s - 166ms/step - loss: 0.3880 - val_loss: 0.4085
Epoch 193/200
51/51 - 9s - 168ms/step - loss: 0.3879 - val_loss: 0.4084
Epoch 194/200
51/51 - 9s - 167ms/step - loss: 0.3878 - val_loss: 0.4083
Epoch 195/200
51/51 - 8s - 166ms/step - loss: 0.3877 - val_loss: 0.4082
Epoch 196/200
51/51 - 8s - 167ms/step - loss: 0.3876 - val_loss: 0.4081
Epoch 197/200
51/51 - 8s - 166ms/step - loss: 0.3875 - val_loss: 0.4080
Epoch 198/200
51/51 - 9s - 167ms/step - loss: 0.3874 - val_loss: 0.4079
Epoch 199/200
51/51 - 9s - 167ms/step - loss: 0.3873 - val_loss: 0.4078
Epoch 200/200
51/51 - 8s - 166ms/step - loss: 0.3872 - val_loss: 0.4077
[Run 5/5] Training single encoder baseline (baseline preprocessing, linear structure, sigmoid head)...
[Run 5/5] Shared encoder (unweight) threshold comparison: dynamic=0.6552 (balanced_accuracy=0.8240), fixed_0.5=0.5000 (balanced_accuracy=0.8206).
[Run 5/5] Shared encoder (weighted) threshold comparison: dynamic=0.6300 (balanced_accuracy=0.8133), fixed_0.5=0.5000 (balanced_accuracy=0.8103).
[Run 5/5] Saved raw test predictions to /home/xx4455/Comparable/Code/Synthetic/Results/Predictions/adult_gender_28460_1_run5_raw_predictions.csv.
