Training log file: /home/xx4455/Comparable/Code/Synthetic/Results/TrainingLogs/adult_default_20260414_232315.log
Starting experiments (dataset=adult, sensitive_attribute=default).
[Run 1/5] Training shared encoder (unweighted, sigmoid head, baseline preprocessing)...
Epoch 1/500
50/50 - 14s - 284ms/step - loss: 0.8626 - val_loss: 0.7992
Epoch 2/500
50/50 - 10s - 208ms/step - loss: 0.7751 - val_loss: 0.7200
Epoch 3/500
50/50 - 10s - 196ms/step - loss: 0.7035 - val_loss: 0.6592
Epoch 4/500
50/50 - 10s - 210ms/step - loss: 0.6490 - val_loss: 0.6148
Epoch 5/500
50/50 - 10s - 207ms/step - loss: 0.6088 - val_loss: 0.5826
Epoch 6/500
50/50 - 10s - 205ms/step - loss: 0.5789 - val_loss: 0.5588
Epoch 7/500
50/50 - 10s - 203ms/step - loss: 0.5562 - val_loss: 0.5406
Epoch 8/500
50/50 - 10s - 206ms/step - loss: 0.5385 - val_loss: 0.5261
Epoch 9/500
50/50 - 10s - 206ms/step - loss: 0.5241 - val_loss: 0.5143
Epoch 10/500
50/50 - 10s - 204ms/step - loss: 0.5122 - val_loss: 0.5044
Epoch 11/500
50/50 - 10s - 205ms/step - loss: 0.5021 - val_loss: 0.4960
Epoch 12/500
50/50 - 10s - 203ms/step - loss: 0.4935 - val_loss: 0.4887
Epoch 13/500
50/50 - 10s - 208ms/step - loss: 0.4859 - val_loss: 0.4823
Epoch 14/500
50/50 - 10s - 204ms/step - loss: 0.4793 - val_loss: 0.4766
Epoch 15/500
50/50 - 10s - 206ms/step - loss: 0.4733 - val_loss: 0.4715
Epoch 16/500
50/50 - 10s - 206ms/step - loss: 0.4680 - val_loss: 0.4669
Epoch 17/500
50/50 - 10s - 204ms/step - loss: 0.4632 - val_loss: 0.4627
Epoch 18/500
50/50 - 10s - 205ms/step - loss: 0.4589 - val_loss: 0.4589
Epoch 19/500
50/50 - 10s - 204ms/step - loss: 0.4549 - val_loss: 0.4554
Epoch 20/500
50/50 - 10s - 204ms/step - loss: 0.4513 - val_loss: 0.4522
Epoch 21/500
50/50 - 10s - 205ms/step - loss: 0.4479 - val_loss: 0.4491
Epoch 22/500
50/50 - 10s - 207ms/step - loss: 0.4448 - val_loss: 0.4463
Epoch 23/500
50/50 - 10s - 204ms/step - loss: 0.4419 - val_loss: 0.4436
Epoch 24/500
50/50 - 10s - 204ms/step - loss: 0.4392 - val_loss: 0.4411
Epoch 25/500
50/50 - 10s - 202ms/step - loss: 0.4366 - val_loss: 0.4388
Epoch 26/500
50/50 - 10s - 205ms/step - loss: 0.4342 - val_loss: 0.4366
Epoch 27/500
50/50 - 10s - 204ms/step - loss: 0.4320 - val_loss: 0.4344
Epoch 28/500
50/50 - 10s - 205ms/step - loss: 0.4299 - val_loss: 0.4324
Epoch 29/500
50/50 - 10s - 205ms/step - loss: 0.4279 - val_loss: 0.4305
Epoch 30/500
50/50 - 10s - 206ms/step - loss: 0.4260 - val_loss: 0.4287
Epoch 31/500
50/50 - 10s - 204ms/step - loss: 0.4241 - val_loss: 0.4269
Epoch 32/500
50/50 - 10s - 206ms/step - loss: 0.4224 - val_loss: 0.4252
Epoch 33/500
50/50 - 10s - 206ms/step - loss: 0.4207 - val_loss: 0.4236
Epoch 34/500
50/50 - 10s - 207ms/step - loss: 0.4192 - val_loss: 0.4220
Epoch 35/500
50/50 - 10s - 206ms/step - loss: 0.4176 - val_loss: 0.4205
Epoch 36/500
50/50 - 10s - 208ms/step - loss: 0.4162 - val_loss: 0.4191
Epoch 37/500
50/50 - 10s - 207ms/step - loss: 0.4148 - val_loss: 0.4177
Epoch 38/500
50/50 - 10s - 205ms/step - loss: 0.4134 - val_loss: 0.4164
Epoch 39/500
50/50 - 10s - 207ms/step - loss: 0.4122 - val_loss: 0.4151
Epoch 40/500
50/50 - 10s - 204ms/step - loss: 0.4109 - val_loss: 0.4138
Epoch 41/500
50/50 - 10s - 203ms/step - loss: 0.4097 - val_loss: 0.4126
Epoch 42/500
50/50 - 10s - 201ms/step - loss: 0.4085 - val_loss: 0.4115
Epoch 43/500
50/50 - 10s - 203ms/step - loss: 0.4074 - val_loss: 0.4103
Epoch 44/500
50/50 - 10s - 204ms/step - loss: 0.4063 - val_loss: 0.4092
Epoch 45/500
50/50 - 10s - 207ms/step - loss: 0.4053 - val_loss: 0.4082
Epoch 46/500
50/50 - 10s - 206ms/step - loss: 0.4043 - val_loss: 0.4071
Epoch 47/500
50/50 - 10s - 206ms/step - loss: 0.4033 - val_loss: 0.4061
Epoch 48/500
50/50 - 10s - 207ms/step - loss: 0.4023 - val_loss: 0.4052
Epoch 49/500
50/50 - 10s - 204ms/step - loss: 0.4014 - val_loss: 0.4042
Epoch 50/500
50/50 - 10s - 204ms/step - loss: 0.4005 - val_loss: 0.4033
Epoch 51/500
50/50 - 10s - 205ms/step - loss: 0.3996 - val_loss: 0.4024
Epoch 52/500
50/50 - 10s - 205ms/step - loss: 0.3988 - val_loss: 0.4015
Epoch 53/500
50/50 - 10s - 205ms/step - loss: 0.3980 - val_loss: 0.4007
Epoch 54/500
50/50 - 10s - 205ms/step - loss: 0.3972 - val_loss: 0.3999
Epoch 55/500
50/50 - 10s - 207ms/step - loss: 0.3964 - val_loss: 0.3991
Epoch 56/500
50/50 - 10s - 204ms/step - loss: 0.3956 - val_loss: 0.3983
Epoch 57/500
50/50 - 10s - 204ms/step - loss: 0.3949 - val_loss: 0.3975
Epoch 58/500
50/50 - 10s - 201ms/step - loss: 0.3942 - val_loss: 0.3968
Epoch 59/500
50/50 - 10s - 205ms/step - loss: 0.3935 - val_loss: 0.3961
Epoch 60/500
50/50 - 10s - 206ms/step - loss: 0.3928 - val_loss: 0.3954
Epoch 61/500
50/50 - 10s - 204ms/step - loss: 0.3921 - val_loss: 0.3947
Epoch 62/500
50/50 - 10s - 205ms/step - loss: 0.3915 - val_loss: 0.3940
Epoch 63/500
50/50 - 10s - 204ms/step - loss: 0.3908 - val_loss: 0.3934
Epoch 64/500
50/50 - 10s - 205ms/step - loss: 0.3902 - val_loss: 0.3927
Epoch 65/500
50/50 - 10s - 204ms/step - loss: 0.3896 - val_loss: 0.3921
Epoch 66/500
50/50 - 10s - 204ms/step - loss: 0.3890 - val_loss: 0.3915
Epoch 67/500
50/50 - 10s - 206ms/step - loss: 0.3884 - val_loss: 0.3909
Epoch 68/500
50/50 - 10s - 203ms/step - loss: 0.3879 - val_loss: 0.3903
Epoch 69/500
50/50 - 10s - 202ms/step - loss: 0.3873 - val_loss: 0.3897
Epoch 70/500
50/50 - 10s - 203ms/step - loss: 0.3868 - val_loss: 0.3892
Epoch 71/500
50/50 - 10s - 205ms/step - loss: 0.3862 - val_loss: 0.3886
Epoch 72/500
50/50 - 10s - 205ms/step - loss: 0.3857 - val_loss: 0.3881
Epoch 73/500
50/50 - 10s - 205ms/step - loss: 0.3852 - val_loss: 0.3876
Epoch 74/500
50/50 - 10s - 201ms/step - loss: 0.3847 - val_loss: 0.3871
Epoch 75/500
50/50 - 10s - 202ms/step - loss: 0.3842 - val_loss: 0.3866
Epoch 76/500
50/50 - 10s - 204ms/step - loss: 0.3838 - val_loss: 0.3861
Epoch 77/500
50/50 - 10s - 203ms/step - loss: 0.3833 - val_loss: 0.3856
Epoch 78/500
50/50 - 10s - 202ms/step - loss: 0.3828 - val_loss: 0.3851
Epoch 79/500
50/50 - 10s - 204ms/step - loss: 0.3824 - val_loss: 0.3847
Epoch 80/500
50/50 - 10s - 205ms/step - loss: 0.3819 - val_loss: 0.3842
Epoch 81/500
50/50 - 10s - 205ms/step - loss: 0.3815 - val_loss: 0.3838
Epoch 82/500
50/50 - 10s - 204ms/step - loss: 0.3811 - val_loss: 0.3834
Epoch 83/500
50/50 - 10s - 205ms/step - loss: 0.3807 - val_loss: 0.3829
Epoch 84/500
50/50 - 10s - 205ms/step - loss: 0.3803 - val_loss: 0.3825
Epoch 85/500
50/50 - 10s - 204ms/step - loss: 0.3799 - val_loss: 0.3821
Epoch 86/500
50/50 - 10s - 207ms/step - loss: 0.3795 - val_loss: 0.3817
Epoch 87/500
50/50 - 10s - 206ms/step - loss: 0.3791 - val_loss: 0.3813
Epoch 88/500
50/50 - 10s - 207ms/step - loss: 0.3787 - val_loss: 0.3809
Epoch 89/500
50/50 - 10s - 206ms/step - loss: 0.3784 - val_loss: 0.3806
Epoch 90/500
50/50 - 10s - 208ms/step - loss: 0.3780 - val_loss: 0.3802
Epoch 91/500
50/50 - 10s - 206ms/step - loss: 0.3777 - val_loss: 0.3798
Epoch 92/500
50/50 - 10s - 205ms/step - loss: 0.3773 - val_loss: 0.3795
Epoch 93/500
50/50 - 10s - 206ms/step - loss: 0.3770 - val_loss: 0.3792
Epoch 94/500
50/50 - 10s - 205ms/step - loss: 0.3766 - val_loss: 0.3788
Epoch 95/500
50/50 - 10s - 208ms/step - loss: 0.3763 - val_loss: 0.3785
Epoch 96/500
50/50 - 10s - 204ms/step - loss: 0.3760 - val_loss: 0.3782
Epoch 97/500
50/50 - 10s - 204ms/step - loss: 0.3757 - val_loss: 0.3778
Epoch 98/500
50/50 - 10s - 207ms/step - loss: 0.3753 - val_loss: 0.3775
Epoch 99/500
50/50 - 10s - 205ms/step - loss: 0.3750 - val_loss: 0.3772
Epoch 100/500
50/50 - 10s - 206ms/step - loss: 0.3747 - val_loss: 0.3769
Epoch 101/500
50/50 - 10s - 204ms/step - loss: 0.3744 - val_loss: 0.3766
Epoch 102/500
50/50 - 10s - 205ms/step - loss: 0.3741 - val_loss: 0.3764
Epoch 103/500
50/50 - 10s - 205ms/step - loss: 0.3739 - val_loss: 0.3761
Epoch 104/500
50/50 - 10s - 204ms/step - loss: 0.3736 - val_loss: 0.3758
Epoch 105/500
50/50 - 10s - 203ms/step - loss: 0.3733 - val_loss: 0.3755
Epoch 106/500
50/50 - 10s - 199ms/step - loss: 0.3730 - val_loss: 0.3753
Epoch 107/500
50/50 - 10s - 204ms/step - loss: 0.3728 - val_loss: 0.3750
Epoch 108/500
50/50 - 10s - 206ms/step - loss: 0.3725 - val_loss: 0.3747
Epoch 109/500
50/50 - 10s - 203ms/step - loss: 0.3722 - val_loss: 0.3745
Epoch 110/500
50/50 - 10s - 203ms/step - loss: 0.3720 - val_loss: 0.3743
Epoch 111/500
50/50 - 10s - 207ms/step - loss: 0.3717 - val_loss: 0.3740
Epoch 112/500
50/50 - 10s - 204ms/step - loss: 0.3715 - val_loss: 0.3738
Epoch 113/500
50/50 - 10s - 202ms/step - loss: 0.3712 - val_loss: 0.3735
Epoch 114/500
50/50 - 10s - 204ms/step - loss: 0.3710 - val_loss: 0.3733
Epoch 115/500
50/50 - 10s - 204ms/step - loss: 0.3708 - val_loss: 0.3731
Epoch 116/500
50/50 - 10s - 207ms/step - loss: 0.3705 - val_loss: 0.3729
Epoch 117/500
50/50 - 10s - 207ms/step - loss: 0.3703 - val_loss: 0.3727
Epoch 118/500
50/50 - 10s - 205ms/step - loss: 0.3701 - val_loss: 0.3724
Epoch 119/500
50/50 - 10s - 208ms/step - loss: 0.3698 - val_loss: 0.3722
Epoch 120/500
50/50 - 10s - 209ms/step - loss: 0.3696 - val_loss: 0.3720
Epoch 121/500
50/50 - 10s - 206ms/step - loss: 0.3694 - val_loss: 0.3718
Epoch 122/500
50/50 - 10s - 202ms/step - loss: 0.3692 - val_loss: 0.3716
Epoch 123/500
50/50 - 10s - 202ms/step - loss: 0.3690 - val_loss: 0.3714
Epoch 124/500
50/50 - 10s - 208ms/step - loss: 0.3688 - val_loss: 0.3712
Epoch 125/500
50/50 - 10s - 206ms/step - loss: 0.3686 - val_loss: 0.3711
Epoch 126/500
50/50 - 10s - 203ms/step - loss: 0.3684 - val_loss: 0.3709
Epoch 127/500
50/50 - 10s - 206ms/step - loss: 0.3682 - val_loss: 0.3707
Epoch 128/500
50/50 - 10s - 207ms/step - loss: 0.3680 - val_loss: 0.3705
Epoch 129/500
50/50 - 10s - 209ms/step - loss: 0.3678 - val_loss: 0.3703
Epoch 130/500
50/50 - 10s - 208ms/step - loss: 0.3676 - val_loss: 0.3702
Epoch 131/500
50/50 - 10s - 203ms/step - loss: 0.3674 - val_loss: 0.3700
Epoch 132/500
50/50 - 10s - 204ms/step - loss: 0.3672 - val_loss: 0.3698
Epoch 133/500
50/50 - 10s - 205ms/step - loss: 0.3670 - val_loss: 0.3697
Epoch 134/500
50/50 - 10s - 207ms/step - loss: 0.3669 - val_loss: 0.3695
Epoch 135/500
50/50 - 10s - 207ms/step - loss: 0.3667 - val_loss: 0.3693
Epoch 136/500
50/50 - 10s - 204ms/step - loss: 0.3665 - val_loss: 0.3692
Epoch 137/500
50/50 - 10s - 206ms/step - loss: 0.3663 - val_loss: 0.3690
Epoch 138/500
50/50 - 10s - 209ms/step - loss: 0.3662 - val_loss: 0.3689
Epoch 139/500
50/50 - 10s - 210ms/step - loss: 0.3660 - val_loss: 0.3687
Epoch 140/500
50/50 - 10s - 205ms/step - loss: 0.3658 - val_loss: 0.3686
Epoch 141/500
50/50 - 10s - 207ms/step - loss: 0.3657 - val_loss: 0.3684
Epoch 142/500
50/50 - 10s - 206ms/step - loss: 0.3655 - val_loss: 0.3683
Epoch 143/500
50/50 - 10s - 206ms/step - loss: 0.3653 - val_loss: 0.3681
Epoch 144/500
50/50 - 10s - 208ms/step - loss: 0.3652 - val_loss: 0.3680
Epoch 145/500
50/50 - 10s - 208ms/step - loss: 0.3650 - val_loss: 0.3679
Epoch 146/500
50/50 - 10s - 207ms/step - loss: 0.3649 - val_loss: 0.3677
Epoch 147/500
50/50 - 10s - 206ms/step - loss: 0.3647 - val_loss: 0.3676
Epoch 148/500
50/50 - 10s - 206ms/step - loss: 0.3646 - val_loss: 0.3675
Epoch 149/500
50/50 - 10s - 208ms/step - loss: 0.3644 - val_loss: 0.3673
Epoch 150/500
50/50 - 10s - 207ms/step - loss: 0.3643 - val_loss: 0.3672
Epoch 151/500
50/50 - 10s - 206ms/step - loss: 0.3641 - val_loss: 0.3671
Epoch 152/500
50/50 - 10s - 205ms/step - loss: 0.3640 - val_loss: 0.3669
Epoch 153/500
50/50 - 10s - 209ms/step - loss: 0.3638 - val_loss: 0.3668
Epoch 154/500
50/50 - 10s - 207ms/step - loss: 0.3637 - val_loss: 0.3667
Epoch 155/500
50/50 - 10s - 206ms/step - loss: 0.3635 - val_loss: 0.3666
Epoch 156/500
50/50 - 10s - 204ms/step - loss: 0.3634 - val_loss: 0.3665
Epoch 157/500
50/50 - 10s - 203ms/step - loss: 0.3633 - val_loss: 0.3664
Epoch 158/500
50/50 - 10s - 207ms/step - loss: 0.3631 - val_loss: 0.3662
Epoch 159/500
50/50 - 10s - 207ms/step - loss: 0.3630 - val_loss: 0.3661
Epoch 160/500
50/50 - 10s - 207ms/step - loss: 0.3628 - val_loss: 0.3660
Epoch 161/500
50/50 - 10s - 206ms/step - loss: 0.3627 - val_loss: 0.3659
Epoch 162/500
50/50 - 10s - 206ms/step - loss: 0.3626 - val_loss: 0.3658
Epoch 163/500
50/50 - 10s - 205ms/step - loss: 0.3625 - val_loss: 0.3657
Epoch 164/500
50/50 - 10s - 205ms/step - loss: 0.3623 - val_loss: 0.3656
Epoch 165/500
50/50 - 10s - 205ms/step - loss: 0.3622 - val_loss: 0.3655
Epoch 166/500
50/50 - 10s - 203ms/step - loss: 0.3621 - val_loss: 0.3654
Epoch 167/500
50/50 - 10s - 203ms/step - loss: 0.3619 - val_loss: 0.3653
Epoch 168/500
50/50 - 10s - 206ms/step - loss: 0.3618 - val_loss: 0.3652
Epoch 169/500
50/50 - 10s - 204ms/step - loss: 0.3617 - val_loss: 0.3651
Epoch 170/500
50/50 - 10s - 206ms/step - loss: 0.3616 - val_loss: 0.3650
Epoch 171/500
50/50 - 10s - 206ms/step - loss: 0.3614 - val_loss: 0.3649
Epoch 172/500
50/50 - 10s - 206ms/step - loss: 0.3613 - val_loss: 0.3648
Epoch 173/500
50/50 - 10s - 203ms/step - loss: 0.3612 - val_loss: 0.3647
Epoch 174/500
50/50 - 10s - 201ms/step - loss: 0.3611 - val_loss: 0.3646
Epoch 175/500
50/50 - 10s - 204ms/step - loss: 0.3610 - val_loss: 0.3645
Epoch 176/500
50/50 - 10s - 206ms/step - loss: 0.3609 - val_loss: 0.3644
Epoch 177/500
50/50 - 10s - 205ms/step - loss: 0.3607 - val_loss: 0.3643
Epoch 178/500
50/50 - 10s - 205ms/step - loss: 0.3606 - val_loss: 0.3642
Epoch 179/500
50/50 - 10s - 204ms/step - loss: 0.3605 - val_loss: 0.3641
Epoch 180/500
50/50 - 10s - 205ms/step - loss: 0.3604 - val_loss: 0.3640
Epoch 181/500
50/50 - 10s - 201ms/step - loss: 0.3603 - val_loss: 0.3640
Epoch 182/500
50/50 - 10s - 198ms/step - loss: 0.3602 - val_loss: 0.3639
Epoch 183/500
50/50 - 10s - 197ms/step - loss: 0.3601 - val_loss: 0.3638
Epoch 184/500
50/50 - 10s - 204ms/step - loss: 0.3600 - val_loss: 0.3637
Epoch 185/500
50/50 - 10s - 204ms/step - loss: 0.3599 - val_loss: 0.3636
Epoch 186/500
50/50 - 10s - 203ms/step - loss: 0.3598 - val_loss: 0.3635
Epoch 187/500
50/50 - 10s - 204ms/step - loss: 0.3596 - val_loss: 0.3635
Epoch 188/500
50/50 - 10s - 205ms/step - loss: 0.3595 - val_loss: 0.3634
Epoch 189/500
50/50 - 10s - 204ms/step - loss: 0.3594 - val_loss: 0.3633
Epoch 190/500
50/50 - 10s - 204ms/step - loss: 0.3593 - val_loss: 0.3632
Epoch 191/500
50/50 - 10s - 204ms/step - loss: 0.3592 - val_loss: 0.3631
Epoch 192/500
50/50 - 10s - 206ms/step - loss: 0.3591 - val_loss: 0.3631
Epoch 193/500
50/50 - 10s - 203ms/step - loss: 0.3590 - val_loss: 0.3630
Epoch 194/500
50/50 - 10s - 205ms/step - loss: 0.3589 - val_loss: 0.3629
Epoch 195/500
50/50 - 10s - 204ms/step - loss: 0.3588 - val_loss: 0.3628
Epoch 196/500
50/50 - 10s - 204ms/step - loss: 0.3587 - val_loss: 0.3628
Epoch 197/500
50/50 - 10s - 201ms/step - loss: 0.3586 - val_loss: 0.3627
Epoch 198/500
50/50 - 10s - 202ms/step - loss: 0.3585 - val_loss: 0.3626
Epoch 199/500
50/50 - 10s - 203ms/step - loss: 0.3584 - val_loss: 0.3626
Epoch 200/500
50/50 - 10s - 203ms/step - loss: 0.3583 - val_loss: 0.3625
Epoch 201/500
50/50 - 10s - 205ms/step - loss: 0.3582 - val_loss: 0.3624
Epoch 202/500
50/50 - 10s - 204ms/step - loss: 0.3581 - val_loss: 0.3623
Epoch 203/500
50/50 - 10s - 203ms/step - loss: 0.3580 - val_loss: 0.3623
Epoch 204/500
50/50 - 10s - 205ms/step - loss: 0.3580 - val_loss: 0.3622
Epoch 205/500
50/50 - 10s - 206ms/step - loss: 0.3579 - val_loss: 0.3621
Epoch 206/500
50/50 - 10s - 205ms/step - loss: 0.3578 - val_loss: 0.3621
Epoch 207/500
50/50 - 10s - 203ms/step - loss: 0.3577 - val_loss: 0.3620
Epoch 208/500
50/50 - 10s - 204ms/step - loss: 0.3576 - val_loss: 0.3619
Epoch 209/500
50/50 - 10s - 203ms/step - loss: 0.3575 - val_loss: 0.3619
Epoch 210/500
50/50 - 10s - 202ms/step - loss: 0.3574 - val_loss: 0.3618
Epoch 211/500
50/50 - 10s - 205ms/step - loss: 0.3573 - val_loss: 0.3617
Epoch 212/500
50/50 - 10s - 205ms/step - loss: 0.3572 - val_loss: 0.3617
Epoch 213/500
50/50 - 10s - 203ms/step - loss: 0.3571 - val_loss: 0.3616
Epoch 214/500
50/50 - 10s - 206ms/step - loss: 0.3571 - val_loss: 0.3615
Epoch 215/500
50/50 - 10s - 203ms/step - loss: 0.3570 - val_loss: 0.3615
Epoch 216/500
50/50 - 10s - 202ms/step - loss: 0.3569 - val_loss: 0.3614
Epoch 217/500
50/50 - 10s - 204ms/step - loss: 0.3568 - val_loss: 0.3613
Epoch 218/500
50/50 - 10s - 204ms/step - loss: 0.3567 - val_loss: 0.3613
Epoch 219/500
50/50 - 10s - 206ms/step - loss: 0.3567 - val_loss: 0.3612
Epoch 220/500
50/50 - 10s - 204ms/step - loss: 0.3566 - val_loss: 0.3611
Epoch 221/500
50/50 - 8s - 163ms/step - loss: 0.3565 - val_loss: 0.3611
Epoch 222/500
50/50 - 8s - 154ms/step - loss: 0.3564 - val_loss: 0.3610
Epoch 223/500
50/50 - 10s - 207ms/step - loss: 0.3563 - val_loss: 0.3609
Epoch 224/500
50/50 - 10s - 208ms/step - loss: 0.3563 - val_loss: 0.3609
Epoch 225/500
50/50 - 10s - 209ms/step - loss: 0.3562 - val_loss: 0.3608
Epoch 226/500
50/50 - 10s - 206ms/step - loss: 0.3561 - val_loss: 0.3608
Epoch 227/500
50/50 - 10s - 207ms/step - loss: 0.3560 - val_loss: 0.3607
Epoch 228/500
50/50 - 10s - 205ms/step - loss: 0.3560 - val_loss: 0.3606
Epoch 229/500
50/50 - 10s - 205ms/step - loss: 0.3559 - val_loss: 0.3606
Epoch 230/500
50/50 - 10s - 205ms/step - loss: 0.3558 - val_loss: 0.3605
Epoch 231/500
50/50 - 10s - 209ms/step - loss: 0.3558 - val_loss: 0.3605
Epoch 232/500
50/50 - 10s - 206ms/step - loss: 0.3557 - val_loss: 0.3604
Epoch 233/500
50/50 - 10s - 205ms/step - loss: 0.3556 - val_loss: 0.3603
Epoch 234/500
50/50 - 10s - 207ms/step - loss: 0.3555 - val_loss: 0.3603
Epoch 235/500
50/50 - 10s - 205ms/step - loss: 0.3555 - val_loss: 0.3602
Epoch 236/500
50/50 - 10s - 205ms/step - loss: 0.3554 - val_loss: 0.3602
Epoch 237/500
50/50 - 10s - 207ms/step - loss: 0.3553 - val_loss: 0.3601
Epoch 238/500
50/50 - 10s - 204ms/step - loss: 0.3553 - val_loss: 0.3600
Epoch 239/500
50/50 - 10s - 201ms/step - loss: 0.3552 - val_loss: 0.3600
Epoch 240/500
50/50 - 10s - 205ms/step - loss: 0.3551 - val_loss: 0.3599
Epoch 241/500
50/50 - 10s - 208ms/step - loss: 0.3551 - val_loss: 0.3599
Epoch 242/500
50/50 - 10s - 206ms/step - loss: 0.3550 - val_loss: 0.3598
Epoch 243/500
50/50 - 10s - 207ms/step - loss: 0.3549 - val_loss: 0.3597
Epoch 244/500
50/50 - 10s - 206ms/step - loss: 0.3549 - val_loss: 0.3597
Epoch 245/500
50/50 - 10s - 205ms/step - loss: 0.3548 - val_loss: 0.3596
Epoch 246/500
50/50 - 10s - 204ms/step - loss: 0.3547 - val_loss: 0.3596
Epoch 247/500
50/50 - 10s - 201ms/step - loss: 0.3547 - val_loss: 0.3595
Epoch 248/500
50/50 - 10s - 203ms/step - loss: 0.3546 - val_loss: 0.3595
Epoch 249/500
50/50 - 10s - 206ms/step - loss: 0.3546 - val_loss: 0.3594
Epoch 250/500
50/50 - 10s - 207ms/step - loss: 0.3545 - val_loss: 0.3594
Epoch 251/500
50/50 - 10s - 205ms/step - loss: 0.3544 - val_loss: 0.3593
Epoch 252/500
50/50 - 10s - 204ms/step - loss: 0.3544 - val_loss: 0.3592
Epoch 253/500
50/50 - 10s - 206ms/step - loss: 0.3543 - val_loss: 0.3592
Epoch 254/500
50/50 - 10s - 204ms/step - loss: 0.3543 - val_loss: 0.3591
Epoch 255/500
50/50 - 10s - 206ms/step - loss: 0.3542 - val_loss: 0.3591
Epoch 256/500
50/50 - 10s - 207ms/step - loss: 0.3541 - val_loss: 0.3590
Epoch 257/500
50/50 - 10s - 208ms/step - loss: 0.3541 - val_loss: 0.3590
Epoch 258/500
50/50 - 10s - 206ms/step - loss: 0.3540 - val_loss: 0.3589
Epoch 259/500
50/50 - 10s - 203ms/step - loss: 0.3540 - val_loss: 0.3589
Epoch 260/500
50/50 - 10s - 205ms/step - loss: 0.3539 - val_loss: 0.3588
Epoch 261/500
50/50 - 10s - 207ms/step - loss: 0.3539 - val_loss: 0.3588
Epoch 262/500
50/50 - 10s - 208ms/step - loss: 0.3538 - val_loss: 0.3587
Epoch 263/500
50/50 - 10s - 208ms/step - loss: 0.3537 - val_loss: 0.3587
Epoch 264/500
50/50 - 10s - 207ms/step - loss: 0.3537 - val_loss: 0.3586
Epoch 265/500
50/50 - 10s - 208ms/step - loss: 0.3536 - val_loss: 0.3586
Epoch 266/500
50/50 - 10s - 207ms/step - loss: 0.3536 - val_loss: 0.3585
Epoch 267/500
50/50 - 10s - 206ms/step - loss: 0.3535 - val_loss: 0.3585
Epoch 268/500
50/50 - 10s - 207ms/step - loss: 0.3535 - val_loss: 0.3584
Epoch 269/500
50/50 - 10s - 209ms/step - loss: 0.3534 - val_loss: 0.3584
Epoch 270/500
50/50 - 10s - 208ms/step - loss: 0.3534 - val_loss: 0.3583
Epoch 271/500
50/50 - 10s - 207ms/step - loss: 0.3533 - val_loss: 0.3583
Epoch 272/500
50/50 - 10s - 209ms/step - loss: 0.3533 - val_loss: 0.3582
Epoch 273/500
50/50 - 10s - 208ms/step - loss: 0.3532 - val_loss: 0.3582
Epoch 274/500
50/50 - 10s - 207ms/step - loss: 0.3532 - val_loss: 0.3581
Epoch 275/500
50/50 - 10s - 208ms/step - loss: 0.3531 - val_loss: 0.3581
Epoch 276/500
50/50 - 10s - 207ms/step - loss: 0.3530 - val_loss: 0.3580
Epoch 277/500
50/50 - 10s - 204ms/step - loss: 0.3530 - val_loss: 0.3580
Epoch 278/500
50/50 - 10s - 203ms/step - loss: 0.3529 - val_loss: 0.3579
Epoch 279/500
50/50 - 10s - 206ms/step - loss: 0.3529 - val_loss: 0.3579
Epoch 280/500
50/50 - 10s - 206ms/step - loss: 0.3528 - val_loss: 0.3578
Epoch 281/500
50/50 - 10s - 206ms/step - loss: 0.3528 - val_loss: 0.3578
Epoch 282/500
50/50 - 10s - 207ms/step - loss: 0.3527 - val_loss: 0.3577
Epoch 283/500
50/50 - 10s - 205ms/step - loss: 0.3527 - val_loss: 0.3577
Epoch 284/500
50/50 - 10s - 206ms/step - loss: 0.3527 - val_loss: 0.3576
Epoch 285/500
50/50 - 10s - 207ms/step - loss: 0.3526 - val_loss: 0.3576
Epoch 286/500
50/50 - 10s - 204ms/step - loss: 0.3526 - val_loss: 0.3575
Epoch 287/500
50/50 - 10s - 206ms/step - loss: 0.3525 - val_loss: 0.3575
Epoch 288/500
50/50 - 10s - 207ms/step - loss: 0.3525 - val_loss: 0.3575
Epoch 289/500
50/50 - 10s - 205ms/step - loss: 0.3524 - val_loss: 0.3574
Epoch 290/500
50/50 - 10s - 199ms/step - loss: 0.3524 - val_loss: 0.3574
Epoch 291/500
50/50 - 10s - 201ms/step - loss: 0.3523 - val_loss: 0.3573
Epoch 292/500
50/50 - 10s - 205ms/step - loss: 0.3523 - val_loss: 0.3573
Epoch 293/500
50/50 - 10s - 204ms/step - loss: 0.3522 - val_loss: 0.3572
Epoch 294/500
50/50 - 10s - 203ms/step - loss: 0.3522 - val_loss: 0.3572
Epoch 295/500
50/50 - 10s - 203ms/step - loss: 0.3521 - val_loss: 0.3572
Epoch 296/500
50/50 - 10s - 205ms/step - loss: 0.3521 - val_loss: 0.3571
Epoch 297/500
50/50 - 10s - 206ms/step - loss: 0.3521 - val_loss: 0.3571
Epoch 298/500
50/50 - 10s - 208ms/step - loss: 0.3520 - val_loss: 0.3570
Epoch 299/500
50/50 - 10s - 206ms/step - loss: 0.3520 - val_loss: 0.3570
Epoch 300/500
50/50 - 10s - 207ms/step - loss: 0.3519 - val_loss: 0.3569
Epoch 301/500
50/50 - 10s - 206ms/step - loss: 0.3519 - val_loss: 0.3569
Epoch 302/500
50/50 - 10s - 205ms/step - loss: 0.3518 - val_loss: 0.3569
Epoch 303/500
50/50 - 10s - 204ms/step - loss: 0.3518 - val_loss: 0.3568
Epoch 304/500
50/50 - 10s - 206ms/step - loss: 0.3518 - val_loss: 0.3568
Epoch 305/500
50/50 - 10s - 207ms/step - loss: 0.3517 - val_loss: 0.3567
Epoch 306/500
50/50 - 10s - 206ms/step - loss: 0.3517 - val_loss: 0.3567
Epoch 307/500
50/50 - 10s - 205ms/step - loss: 0.3516 - val_loss: 0.3566
Epoch 308/500
50/50 - 10s - 204ms/step - loss: 0.3516 - val_loss: 0.3566
Epoch 309/500
50/50 - 10s - 206ms/step - loss: 0.3515 - val_loss: 0.3566
Epoch 310/500
50/50 - 10s - 203ms/step - loss: 0.3515 - val_loss: 0.3565
Epoch 311/500
50/50 - 10s - 203ms/step - loss: 0.3515 - val_loss: 0.3565
Epoch 312/500
50/50 - 10s - 204ms/step - loss: 0.3514 - val_loss: 0.3564
Epoch 313/500
50/50 - 10s - 205ms/step - loss: 0.3514 - val_loss: 0.3564
Epoch 314/500
50/50 - 10s - 206ms/step - loss: 0.3513 - val_loss: 0.3564
Epoch 315/500
50/50 - 10s - 205ms/step - loss: 0.3513 - val_loss: 0.3563
Epoch 316/500
50/50 - 10s - 205ms/step - loss: 0.3513 - val_loss: 0.3563
Epoch 317/500
50/50 - 10s - 207ms/step - loss: 0.3512 - val_loss: 0.3562
Epoch 318/500
50/50 - 10s - 206ms/step - loss: 0.3512 - val_loss: 0.3562
Epoch 319/500
50/50 - 10s - 204ms/step - loss: 0.3511 - val_loss: 0.3562
Epoch 320/500
50/50 - 10s - 203ms/step - loss: 0.3511 - val_loss: 0.3561
Epoch 321/500
50/50 - 10s - 201ms/step - loss: 0.3511 - val_loss: 0.3561
Epoch 322/500
50/50 - 10s - 202ms/step - loss: 0.3510 - val_loss: 0.3560
Epoch 323/500
50/50 - 10s - 202ms/step - loss: 0.3510 - val_loss: 0.3560
Epoch 324/500
50/50 - 10s - 206ms/step - loss: 0.3510 - val_loss: 0.3560
Epoch 325/500
50/50 - 10s - 204ms/step - loss: 0.3509 - val_loss: 0.3559
Epoch 326/500
50/50 - 10s - 206ms/step - loss: 0.3509 - val_loss: 0.3559
Epoch 327/500
50/50 - 10s - 205ms/step - loss: 0.3508 - val_loss: 0.3558
Epoch 328/500
50/50 - 10s - 206ms/step - loss: 0.3508 - val_loss: 0.3558
Epoch 329/500
50/50 - 10s - 204ms/step - loss: 0.3508 - val_loss: 0.3558
Epoch 330/500
50/50 - 10s - 203ms/step - loss: 0.3507 - val_loss: 0.3557
Epoch 331/500
50/50 - 10s - 206ms/step - loss: 0.3507 - val_loss: 0.3557
Epoch 332/500
50/50 - 10s - 207ms/step - loss: 0.3507 - val_loss: 0.3557
Epoch 333/500
50/50 - 10s - 206ms/step - loss: 0.3506 - val_loss: 0.3556
Epoch 334/500
50/50 - 10s - 203ms/step - loss: 0.3506 - val_loss: 0.3556
Epoch 335/500
50/50 - 10s - 204ms/step - loss: 0.3506 - val_loss: 0.3555
Epoch 336/500
50/50 - 10s - 205ms/step - loss: 0.3505 - val_loss: 0.3555
Epoch 337/500
50/50 - 10s - 204ms/step - loss: 0.3505 - val_loss: 0.3555
Epoch 338/500
50/50 - 10s - 205ms/step - loss: 0.3504 - val_loss: 0.3554
Epoch 339/500
50/50 - 10s - 204ms/step - loss: 0.3504 - val_loss: 0.3554
Epoch 340/500
50/50 - 10s - 205ms/step - loss: 0.3504 - val_loss: 0.3553
Epoch 341/500
50/50 - 10s - 207ms/step - loss: 0.3503 - val_loss: 0.3553
Epoch 342/500
50/50 - 10s - 206ms/step - loss: 0.3503 - val_loss: 0.3553
Epoch 343/500
50/50 - 10s - 204ms/step - loss: 0.3503 - val_loss: 0.3552
Epoch 344/500
50/50 - 10s - 205ms/step - loss: 0.3502 - val_loss: 0.3552
Epoch 345/500
50/50 - 10s - 203ms/step - loss: 0.3502 - val_loss: 0.3552
Epoch 346/500
50/50 - 10s - 204ms/step - loss: 0.3502 - val_loss: 0.3551
Epoch 347/500
50/50 - 10s - 205ms/step - loss: 0.3501 - val_loss: 0.3551
Epoch 348/500
50/50 - 10s - 206ms/step - loss: 0.3501 - val_loss: 0.3550
Epoch 349/500
50/50 - 10s - 205ms/step - loss: 0.3501 - val_loss: 0.3550
Epoch 350/500
50/50 - 10s - 202ms/step - loss: 0.3500 - val_loss: 0.3550
Epoch 351/500
50/50 - 10s - 204ms/step - loss: 0.3500 - val_loss: 0.3549
Epoch 352/500
50/50 - 10s - 202ms/step - loss: 0.3500 - val_loss: 0.3549
Epoch 353/500
50/50 - 10s - 203ms/step - loss: 0.3499 - val_loss: 0.3549
Epoch 354/500
50/50 - 10s - 202ms/step - loss: 0.3499 - val_loss: 0.3548
Epoch 355/500
50/50 - 10s - 206ms/step - loss: 0.3499 - val_loss: 0.3548
Epoch 356/500
50/50 - 10s - 205ms/step - loss: 0.3498 - val_loss: 0.3548
Epoch 357/500
50/50 - 10s - 204ms/step - loss: 0.3498 - val_loss: 0.3547
Epoch 358/500
50/50 - 10s - 205ms/step - loss: 0.3498 - val_loss: 0.3547
Epoch 359/500
50/50 - 10s - 205ms/step - loss: 0.3498 - val_loss: 0.3547
Epoch 360/500
50/50 - 10s - 204ms/step - loss: 0.3497 - val_loss: 0.3546
Epoch 361/500
50/50 - 10s - 204ms/step - loss: 0.3497 - val_loss: 0.3546
Epoch 362/500
50/50 - 10s - 204ms/step - loss: 0.3497 - val_loss: 0.3546
Epoch 363/500
50/50 - 10s - 205ms/step - loss: 0.3496 - val_loss: 0.3545
Epoch 364/500
50/50 - 10s - 206ms/step - loss: 0.3496 - val_loss: 0.3545
Epoch 365/500
50/50 - 10s - 205ms/step - loss: 0.3496 - val_loss: 0.3545
Epoch 366/500
50/50 - 10s - 207ms/step - loss: 0.3495 - val_loss: 0.3544
Epoch 367/500
50/50 - 10s - 205ms/step - loss: 0.3495 - val_loss: 0.3544
Epoch 368/500
50/50 - 10s - 204ms/step - loss: 0.3495 - val_loss: 0.3544
Epoch 369/500
50/50 - 10s - 201ms/step - loss: 0.3495 - val_loss: 0.3544
Epoch 370/500
50/50 - 10s - 206ms/step - loss: 0.3494 - val_loss: 0.3543
Epoch 371/500
50/50 - 10s - 204ms/step - loss: 0.3494 - val_loss: 0.3543
Epoch 372/500
50/50 - 10s - 202ms/step - loss: 0.3494 - val_loss: 0.3543
Epoch 373/500
50/50 - 10s - 203ms/step - loss: 0.3493 - val_loss: 0.3542
Epoch 374/500
50/50 - 10s - 204ms/step - loss: 0.3493 - val_loss: 0.3542
Epoch 375/500
50/50 - 10s - 205ms/step - loss: 0.3493 - val_loss: 0.3542
Epoch 376/500
50/50 - 10s - 206ms/step - loss: 0.3493 - val_loss: 0.3542
Epoch 377/500
50/50 - 10s - 204ms/step - loss: 0.3492 - val_loss: 0.3541
Epoch 378/500
50/50 - 10s - 200ms/step - loss: 0.3492 - val_loss: 0.3541
Epoch 379/500
50/50 - 10s - 203ms/step - loss: 0.3492 - val_loss: 0.3541
Epoch 380/500
50/50 - 10s - 207ms/step - loss: 0.3491 - val_loss: 0.3540
Epoch 381/500
50/50 - 10s - 207ms/step - loss: 0.3491 - val_loss: 0.3540
Epoch 382/500
50/50 - 10s - 206ms/step - loss: 0.3491 - val_loss: 0.3540
Epoch 383/500
50/50 - 10s - 203ms/step - loss: 0.3491 - val_loss: 0.3540
Epoch 384/500
50/50 - 10s - 205ms/step - loss: 0.3490 - val_loss: 0.3539
Epoch 385/500
50/50 - 10s - 206ms/step - loss: 0.3490 - val_loss: 0.3539
Epoch 386/500
50/50 - 10s - 207ms/step - loss: 0.3490 - val_loss: 0.3539
Epoch 387/500
50/50 - 10s - 209ms/step - loss: 0.3490 - val_loss: 0.3539
Epoch 388/500
50/50 - 10s - 207ms/step - loss: 0.3489 - val_loss: 0.3538
Epoch 389/500
50/50 - 10s - 208ms/step - loss: 0.3489 - val_loss: 0.3538
Epoch 390/500
50/50 - 10s - 209ms/step - loss: 0.3489 - val_loss: 0.3538
Epoch 391/500
50/50 - 10s - 209ms/step - loss: 0.3489 - val_loss: 0.3538
Epoch 392/500
50/50 - 10s - 208ms/step - loss: 0.3488 - val_loss: 0.3537
Epoch 393/500
50/50 - 10s - 206ms/step - loss: 0.3488 - val_loss: 0.3537
Epoch 394/500
50/50 - 11s - 211ms/step - loss: 0.3488 - val_loss: 0.3537
Epoch 395/500
50/50 - 11s - 212ms/step - loss: 0.3488 - val_loss: 0.3537
Epoch 396/500
50/50 - 10s - 206ms/step - loss: 0.3487 - val_loss: 0.3536
Epoch 397/500
50/50 - 10s - 208ms/step - loss: 0.3487 - val_loss: 0.3536
Epoch 398/500
50/50 - 10s - 207ms/step - loss: 0.3487 - val_loss: 0.3536
Epoch 399/500
50/50 - 10s - 206ms/step - loss: 0.3487 - val_loss: 0.3536
Epoch 400/500
50/50 - 10s - 207ms/step - loss: 0.3486 - val_loss: 0.3535
Epoch 401/500
50/50 - 10s - 206ms/step - loss: 0.3486 - val_loss: 0.3535
Epoch 402/500
50/50 - 10s - 207ms/step - loss: 0.3486 - val_loss: 0.3535
Epoch 403/500
50/50 - 10s - 207ms/step - loss: 0.3486 - val_loss: 0.3535
Epoch 404/500
50/50 - 10s - 207ms/step - loss: 0.3485 - val_loss: 0.3534
Epoch 405/500
50/50 - 10s - 207ms/step - loss: 0.3485 - val_loss: 0.3534
Epoch 406/500
50/50 - 10s - 206ms/step - loss: 0.3485 - val_loss: 0.3534
Epoch 407/500
50/50 - 10s - 207ms/step - loss: 0.3485 - val_loss: 0.3534
Epoch 408/500
50/50 - 10s - 208ms/step - loss: 0.3484 - val_loss: 0.3533
Epoch 409/500
50/50 - 10s - 205ms/step - loss: 0.3484 - val_loss: 0.3533
Epoch 410/500
50/50 - 10s - 207ms/step - loss: 0.3484 - val_loss: 0.3533
Epoch 411/500
50/50 - 10s - 208ms/step - loss: 0.3484 - val_loss: 0.3533
Epoch 412/500
50/50 - 10s - 208ms/step - loss: 0.3483 - val_loss: 0.3532
Epoch 413/500
50/50 - 10s - 206ms/step - loss: 0.3483 - val_loss: 0.3532
Epoch 414/500
50/50 - 10s - 200ms/step - loss: 0.3483 - val_loss: 0.3532
Epoch 415/500
50/50 - 10s - 207ms/step - loss: 0.3483 - val_loss: 0.3532
Epoch 416/500
50/50 - 10s - 208ms/step - loss: 0.3483 - val_loss: 0.3532
Epoch 417/500
50/50 - 10s - 209ms/step - loss: 0.3482 - val_loss: 0.3531
Epoch 418/500
50/50 - 10s - 206ms/step - loss: 0.3482 - val_loss: 0.3531
Epoch 419/500
50/50 - 10s - 206ms/step - loss: 0.3482 - val_loss: 0.3531
Epoch 420/500
50/50 - 10s - 207ms/step - loss: 0.3482 - val_loss: 0.3531
Epoch 421/500
50/50 - 10s - 209ms/step - loss: 0.3481 - val_loss: 0.3530
Epoch 422/500
50/50 - 10s - 207ms/step - loss: 0.3481 - val_loss: 0.3530
Epoch 423/500
50/50 - 10s - 207ms/step - loss: 0.3481 - val_loss: 0.3530
Epoch 424/500
50/50 - 10s - 204ms/step - loss: 0.3481 - val_loss: 0.3530
Epoch 425/500
50/50 - 10s - 207ms/step - loss: 0.3481 - val_loss: 0.3530
Epoch 426/500
50/50 - 10s - 207ms/step - loss: 0.3480 - val_loss: 0.3529
Epoch 427/500
50/50 - 10s - 207ms/step - loss: 0.3480 - val_loss: 0.3529
Epoch 428/500
50/50 - 10s - 196ms/step - loss: 0.3480 - val_loss: 0.3529
Epoch 429/500
50/50 - 10s - 204ms/step - loss: 0.3480 - val_loss: 0.3529
Epoch 430/500
50/50 - 10s - 203ms/step - loss: 0.3479 - val_loss: 0.3529
Epoch 431/500
50/50 - 10s - 206ms/step - loss: 0.3479 - val_loss: 0.3528
Epoch 432/500
50/50 - 10s - 204ms/step - loss: 0.3479 - val_loss: 0.3528
Epoch 433/500
50/50 - 10s - 205ms/step - loss: 0.3479 - val_loss: 0.3528
Epoch 434/500
50/50 - 10s - 203ms/step - loss: 0.3479 - val_loss: 0.3528
Epoch 435/500
50/50 - 10s - 204ms/step - loss: 0.3478 - val_loss: 0.3528
Epoch 436/500
50/50 - 10s - 205ms/step - loss: 0.3478 - val_loss: 0.3527
Epoch 437/500
50/50 - 10s - 206ms/step - loss: 0.3478 - val_loss: 0.3527
Epoch 438/500
50/50 - 10s - 204ms/step - loss: 0.3478 - val_loss: 0.3527
Epoch 439/500
50/50 - 10s - 204ms/step - loss: 0.3478 - val_loss: 0.3527
Epoch 440/500
50/50 - 10s - 205ms/step - loss: 0.3477 - val_loss: 0.3526
Epoch 441/500
50/50 - 10s - 206ms/step - loss: 0.3477 - val_loss: 0.3526
Epoch 442/500
50/50 - 10s - 204ms/step - loss: 0.3477 - val_loss: 0.3526
Epoch 443/500
50/50 - 10s - 205ms/step - loss: 0.3477 - val_loss: 0.3526
Epoch 444/500
50/50 - 10s - 203ms/step - loss: 0.3477 - val_loss: 0.3526
Epoch 445/500
50/50 - 10s - 203ms/step - loss: 0.3476 - val_loss: 0.3526
Epoch 446/500
50/50 - 10s - 204ms/step - loss: 0.3476 - val_loss: 0.3525
Epoch 447/500
50/50 - 10s - 204ms/step - loss: 0.3476 - val_loss: 0.3525
Epoch 448/500
50/50 - 10s - 204ms/step - loss: 0.3476 - val_loss: 0.3525
Epoch 449/500
50/50 - 10s - 205ms/step - loss: 0.3476 - val_loss: 0.3525
Epoch 450/500
50/50 - 10s - 204ms/step - loss: 0.3475 - val_loss: 0.3525
Epoch 451/500
50/50 - 10s - 205ms/step - loss: 0.3475 - val_loss: 0.3524
Epoch 452/500
50/50 - 10s - 206ms/step - loss: 0.3475 - val_loss: 0.3524
Epoch 453/500
50/50 - 10s - 205ms/step - loss: 0.3475 - val_loss: 0.3524
Epoch 454/500
50/50 - 10s - 204ms/step - loss: 0.3475 - val_loss: 0.3524
Epoch 455/500
50/50 - 10s - 204ms/step - loss: 0.3474 - val_loss: 0.3524
Epoch 456/500
50/50 - 10s - 205ms/step - loss: 0.3474 - val_loss: 0.3523
Epoch 457/500
50/50 - 10s - 204ms/step - loss: 0.3474 - val_loss: 0.3523
Epoch 458/500
50/50 - 10s - 205ms/step - loss: 0.3474 - val_loss: 0.3523
Epoch 459/500
50/50 - 10s - 205ms/step - loss: 0.3474 - val_loss: 0.3523
Epoch 460/500
50/50 - 10s - 205ms/step - loss: 0.3473 - val_loss: 0.3523
Epoch 461/500
50/50 - 10s - 204ms/step - loss: 0.3473 - val_loss: 0.3522
Epoch 462/500
50/50 - 10s - 207ms/step - loss: 0.3473 - val_loss: 0.3522
Epoch 463/500
50/50 - 10s - 206ms/step - loss: 0.3473 - val_loss: 0.3522
Epoch 464/500
50/50 - 10s - 204ms/step - loss: 0.3473 - val_loss: 0.3522
Epoch 465/500
50/50 - 10s - 206ms/step - loss: 0.3472 - val_loss: 0.3522
Epoch 466/500
50/50 - 10s - 206ms/step - loss: 0.3472 - val_loss: 0.3522
Epoch 467/500
50/50 - 10s - 205ms/step - loss: 0.3472 - val_loss: 0.3521
Epoch 468/500
50/50 - 10s - 205ms/step - loss: 0.3472 - val_loss: 0.3521
Epoch 469/500
50/50 - 10s - 203ms/step - loss: 0.3472 - val_loss: 0.3521
Epoch 470/500
50/50 - 10s - 204ms/step - loss: 0.3472 - val_loss: 0.3521
Epoch 471/500
50/50 - 10s - 201ms/step - loss: 0.3471 - val_loss: 0.3521
Epoch 472/500
50/50 - 10s - 206ms/step - loss: 0.3471 - val_loss: 0.3521
Epoch 473/500
50/50 - 10s - 206ms/step - loss: 0.3471 - val_loss: 0.3520
Epoch 474/500
50/50 - 10s - 201ms/step - loss: 0.3471 - val_loss: 0.3520
Epoch 475/500
50/50 - 10s - 205ms/step - loss: 0.3471 - val_loss: 0.3520
Epoch 476/500
50/50 - 10s - 203ms/step - loss: 0.3470 - val_loss: 0.3520
Epoch 477/500
50/50 - 10s - 205ms/step - loss: 0.3470 - val_loss: 0.3520
Epoch 478/500
50/50 - 10s - 206ms/step - loss: 0.3470 - val_loss: 0.3520
Epoch 479/500
50/50 - 10s - 205ms/step - loss: 0.3470 - val_loss: 0.3519
Epoch 480/500
50/50 - 10s - 205ms/step - loss: 0.3470 - val_loss: 0.3519
Epoch 481/500
50/50 - 10s - 206ms/step - loss: 0.3470 - val_loss: 0.3519
Epoch 482/500
50/50 - 10s - 207ms/step - loss: 0.3469 - val_loss: 0.3519
Epoch 483/500
50/50 - 10s - 206ms/step - loss: 0.3469 - val_loss: 0.3519
Epoch 484/500
50/50 - 10s - 205ms/step - loss: 0.3469 - val_loss: 0.3519
Epoch 485/500
50/50 - 10s - 203ms/step - loss: 0.3469 - val_loss: 0.3518
Epoch 486/500
50/50 - 10s - 204ms/step - loss: 0.3469 - val_loss: 0.3518
Epoch 487/500
50/50 - 10s - 206ms/step - loss: 0.3469 - val_loss: 0.3518
Epoch 488/500
50/50 - 10s - 208ms/step - loss: 0.3468 - val_loss: 0.3518
Epoch 489/500
50/50 - 10s - 206ms/step - loss: 0.3468 - val_loss: 0.3518
Epoch 490/500
50/50 - 10s - 207ms/step - loss: 0.3468 - val_loss: 0.3518
Epoch 491/500
50/50 - 10s - 208ms/step - loss: 0.3468 - val_loss: 0.3517
Epoch 492/500
50/50 - 10s - 207ms/step - loss: 0.3468 - val_loss: 0.3517
Epoch 493/500
50/50 - 10s - 206ms/step - loss: 0.3468 - val_loss: 0.3517
Epoch 494/500
50/50 - 10s - 208ms/step - loss: 0.3467 - val_loss: 0.3517
Epoch 495/500
50/50 - 10s - 208ms/step - loss: 0.3467 - val_loss: 0.3517
Epoch 496/500
50/50 - 10s - 205ms/step - loss: 0.3467 - val_loss: 0.3517
Epoch 497/500
50/50 - 10s - 206ms/step - loss: 0.3467 - val_loss: 0.3516
Epoch 498/500
50/50 - 10s - 198ms/step - loss: 0.3467 - val_loss: 0.3516
Epoch 499/500
50/50 - 8s - 160ms/step - loss: 0.3467 - val_loss: 0.3516
Epoch 500/500
50/50 - 8s - 160ms/step - loss: 0.3466 - val_loss: 0.3516
[Run 1/5] Training shared encoder (weighted, sigmoid head, baseline preprocessing)...
Epoch 1/500
50/50 - 14s - 273ms/step - loss: 0.8675 - val_loss: 0.8305
Epoch 2/500
50/50 - 11s - 222ms/step - loss: 0.7945 - val_loss: 0.7635
Epoch 3/500
50/50 - 10s - 206ms/step - loss: 0.7353 - val_loss: 0.7096
Epoch 4/500
50/50 - 11s - 216ms/step - loss: 0.6886 - val_loss: 0.6674
Epoch 5/500
50/50 - 11s - 214ms/step - loss: 0.6521 - val_loss: 0.6347
Epoch 6/500
50/50 - 11s - 211ms/step - loss: 0.6235 - val_loss: 0.6093
Epoch 7/500
50/50 - 11s - 216ms/step - loss: 0.6007 - val_loss: 0.5890
Epoch 8/500
50/50 - 11s - 212ms/step - loss: 0.5822 - val_loss: 0.5725
Epoch 9/500
50/50 - 11s - 216ms/step - loss: 0.5670 - val_loss: 0.5589
Epoch 10/500
50/50 - 11s - 213ms/step - loss: 0.5542 - val_loss: 0.5474
Epoch 11/500
50/50 - 11s - 216ms/step - loss: 0.5433 - val_loss: 0.5376
Epoch 12/500
50/50 - 11s - 213ms/step - loss: 0.5338 - val_loss: 0.5290
Epoch 13/500
50/50 - 11s - 215ms/step - loss: 0.5256 - val_loss: 0.5216
Epoch 14/500
50/50 - 11s - 214ms/step - loss: 0.5184 - val_loss: 0.5149
Epoch 15/500
50/50 - 11s - 213ms/step - loss: 0.5119 - val_loss: 0.5090
Epoch 16/500
50/50 - 11s - 212ms/step - loss: 0.5062 - val_loss: 0.5036
Epoch 17/500
50/50 - 11s - 211ms/step - loss: 0.5010 - val_loss: 0.4988
Epoch 18/500
50/50 - 11s - 213ms/step - loss: 0.4962 - val_loss: 0.4943
Epoch 19/500
50/50 - 11s - 216ms/step - loss: 0.4919 - val_loss: 0.4902
Epoch 20/500
50/50 - 11s - 215ms/step - loss: 0.4880 - val_loss: 0.4864
Epoch 21/500
50/50 - 10s - 210ms/step - loss: 0.4844 - val_loss: 0.4829
Epoch 22/500
50/50 - 11s - 213ms/step - loss: 0.4810 - val_loss: 0.4796
Epoch 23/500
50/50 - 11s - 215ms/step - loss: 0.4779 - val_loss: 0.4765
Epoch 24/500
50/50 - 11s - 213ms/step - loss: 0.4749 - val_loss: 0.4736
Epoch 25/500
50/50 - 11s - 213ms/step - loss: 0.4722 - val_loss: 0.4709
Epoch 26/500
50/50 - 11s - 217ms/step - loss: 0.4696 - val_loss: 0.4683
Epoch 27/500
50/50 - 11s - 214ms/step - loss: 0.4672 - val_loss: 0.4659
Epoch 28/500
50/50 - 11s - 213ms/step - loss: 0.4649 - val_loss: 0.4636
Epoch 29/500
50/50 - 11s - 210ms/step - loss: 0.4627 - val_loss: 0.4614
Epoch 30/500
50/50 - 11s - 213ms/step - loss: 0.4607 - val_loss: 0.4592
Epoch 31/500
50/50 - 11s - 213ms/step - loss: 0.4587 - val_loss: 0.4572
Epoch 32/500
50/50 - 11s - 214ms/step - loss: 0.4568 - val_loss: 0.4553
Epoch 33/500
50/50 - 10s - 207ms/step - loss: 0.4550 - val_loss: 0.4534
Epoch 34/500
50/50 - 11s - 214ms/step - loss: 0.4533 - val_loss: 0.4517
Epoch 35/500
50/50 - 10s - 209ms/step - loss: 0.4517 - val_loss: 0.4500
Epoch 36/500
50/50 - 11s - 212ms/step - loss: 0.4501 - val_loss: 0.4483
Epoch 37/500
50/50 - 11s - 212ms/step - loss: 0.4486 - val_loss: 0.4467
Epoch 38/500
50/50 - 11s - 217ms/step - loss: 0.4471 - val_loss: 0.4452
Epoch 39/500
50/50 - 11s - 214ms/step - loss: 0.4457 - val_loss: 0.4437
Epoch 40/500
50/50 - 10s - 206ms/step - loss: 0.4443 - val_loss: 0.4423
Epoch 41/500
50/50 - 11s - 211ms/step - loss: 0.4430 - val_loss: 0.4409
Epoch 42/500
50/50 - 10s - 209ms/step - loss: 0.4417 - val_loss: 0.4396
Epoch 43/500
50/50 - 11s - 213ms/step - loss: 0.4405 - val_loss: 0.4383
Epoch 44/500
50/50 - 11s - 212ms/step - loss: 0.4393 - val_loss: 0.4370
Epoch 45/500
50/50 - 11s - 213ms/step - loss: 0.4382 - val_loss: 0.4358
Epoch 46/500
50/50 - 11s - 212ms/step - loss: 0.4370 - val_loss: 0.4346
Epoch 47/500
50/50 - 11s - 213ms/step - loss: 0.4360 - val_loss: 0.4335
Epoch 48/500
50/50 - 11s - 211ms/step - loss: 0.4349 - val_loss: 0.4324
Epoch 49/500
50/50 - 10s - 206ms/step - loss: 0.4339 - val_loss: 0.4313
Epoch 50/500
50/50 - 11s - 215ms/step - loss: 0.4329 - val_loss: 0.4302
Epoch 51/500
50/50 - 11s - 214ms/step - loss: 0.4319 - val_loss: 0.4292
Epoch 52/500
50/50 - 10s - 210ms/step - loss: 0.4310 - val_loss: 0.4282
Epoch 53/500
50/50 - 11s - 213ms/step - loss: 0.4300 - val_loss: 0.4272
Epoch 54/500
50/50 - 11s - 218ms/step - loss: 0.4291 - val_loss: 0.4262
Epoch 55/500
50/50 - 11s - 212ms/step - loss: 0.4283 - val_loss: 0.4253
Epoch 56/500
50/50 - 11s - 213ms/step - loss: 0.4274 - val_loss: 0.4244
Epoch 57/500
50/50 - 11s - 212ms/step - loss: 0.4266 - val_loss: 0.4235
Epoch 58/500
50/50 - 11s - 214ms/step - loss: 0.4257 - val_loss: 0.4227
Epoch 59/500
50/50 - 11s - 215ms/step - loss: 0.4249 - val_loss: 0.4218
Epoch 60/500
50/50 - 11s - 211ms/step - loss: 0.4242 - val_loss: 0.4210
Epoch 61/500
50/50 - 11s - 211ms/step - loss: 0.4234 - val_loss: 0.4202
Epoch 62/500
50/50 - 11s - 211ms/step - loss: 0.4227 - val_loss: 0.4194
Epoch 63/500
50/50 - 10s - 210ms/step - loss: 0.4219 - val_loss: 0.4186
Epoch 64/500
50/50 - 11s - 214ms/step - loss: 0.4212 - val_loss: 0.4179
Epoch 65/500
50/50 - 11s - 213ms/step - loss: 0.4205 - val_loss: 0.4171
Epoch 66/500
50/50 - 10s - 209ms/step - loss: 0.4198 - val_loss: 0.4164
Epoch 67/500
50/50 - 10s - 209ms/step - loss: 0.4192 - val_loss: 0.4157
Epoch 68/500
50/50 - 11s - 210ms/step - loss: 0.4185 - val_loss: 0.4150
Epoch 69/500
50/50 - 11s - 212ms/step - loss: 0.4179 - val_loss: 0.4144
Epoch 70/500
50/50 - 11s - 213ms/step - loss: 0.4172 - val_loss: 0.4137
Epoch 71/500
50/50 - 11s - 211ms/step - loss: 0.4166 - val_loss: 0.4130
Epoch 72/500
50/50 - 10s - 208ms/step - loss: 0.4160 - val_loss: 0.4124
Epoch 73/500
50/50 - 11s - 210ms/step - loss: 0.4154 - val_loss: 0.4118
Epoch 74/500
50/50 - 11s - 212ms/step - loss: 0.4149 - val_loss: 0.4112
Epoch 75/500
50/50 - 11s - 212ms/step - loss: 0.4143 - val_loss: 0.4106
Epoch 76/500
50/50 - 11s - 211ms/step - loss: 0.4137 - val_loss: 0.4100
Epoch 77/500
50/50 - 11s - 214ms/step - loss: 0.4132 - val_loss: 0.4094
Epoch 78/500
50/50 - 11s - 216ms/step - loss: 0.4126 - val_loss: 0.4089
Epoch 79/500
50/50 - 11s - 214ms/step - loss: 0.4121 - val_loss: 0.4083
Epoch 80/500
50/50 - 11s - 212ms/step - loss: 0.4116 - val_loss: 0.4078
Epoch 81/500
50/50 - 11s - 212ms/step - loss: 0.4111 - val_loss: 0.4072
Epoch 82/500
50/50 - 11s - 211ms/step - loss: 0.4106 - val_loss: 0.4067
Epoch 83/500
50/50 - 11s - 212ms/step - loss: 0.4101 - val_loss: 0.4062
Epoch 84/500
50/50 - 11s - 213ms/step - loss: 0.4096 - val_loss: 0.4057
Epoch 85/500
50/50 - 11s - 212ms/step - loss: 0.4091 - val_loss: 0.4052
Epoch 86/500
50/50 - 11s - 214ms/step - loss: 0.4086 - val_loss: 0.4047
Epoch 87/500
50/50 - 11s - 211ms/step - loss: 0.4082 - val_loss: 0.4042
Epoch 88/500
50/50 - 11s - 212ms/step - loss: 0.4077 - val_loss: 0.4037
Epoch 89/500
50/50 - 11s - 214ms/step - loss: 0.4073 - val_loss: 0.4033
Epoch 90/500
50/50 - 11s - 212ms/step - loss: 0.4068 - val_loss: 0.4028
Epoch 91/500
50/50 - 11s - 212ms/step - loss: 0.4064 - val_loss: 0.4024
Epoch 92/500
50/50 - 11s - 212ms/step - loss: 0.4060 - val_loss: 0.4019
Epoch 93/500
50/50 - 11s - 212ms/step - loss: 0.4056 - val_loss: 0.4015
Epoch 94/500
50/50 - 11s - 213ms/step - loss: 0.4051 - val_loss: 0.4011
Epoch 95/500
50/50 - 11s - 214ms/step - loss: 0.4047 - val_loss: 0.4007
Epoch 96/500
50/50 - 11s - 210ms/step - loss: 0.4043 - val_loss: 0.4002
Epoch 97/500
50/50 - 11s - 211ms/step - loss: 0.4040 - val_loss: 0.3998
Epoch 98/500
50/50 - 11s - 210ms/step - loss: 0.4036 - val_loss: 0.3994
Epoch 99/500
50/50 - 11s - 213ms/step - loss: 0.4032 - val_loss: 0.3990
Epoch 100/500
50/50 - 11s - 213ms/step - loss: 0.4028 - val_loss: 0.3987
Epoch 101/500
50/50 - 11s - 214ms/step - loss: 0.4024 - val_loss: 0.3983
Epoch 102/500
50/50 - 11s - 212ms/step - loss: 0.4021 - val_loss: 0.3979
Epoch 103/500
50/50 - 10s - 210ms/step - loss: 0.4017 - val_loss: 0.3975
Epoch 104/500
50/50 - 11s - 213ms/step - loss: 0.4014 - val_loss: 0.3972
Epoch 105/500
50/50 - 11s - 214ms/step - loss: 0.4010 - val_loss: 0.3968
Epoch 106/500
50/50 - 10s - 206ms/step - loss: 0.4007 - val_loss: 0.3965
Epoch 107/500
50/50 - 11s - 214ms/step - loss: 0.4003 - val_loss: 0.3961
Epoch 108/500
50/50 - 11s - 214ms/step - loss: 0.4000 - val_loss: 0.3958
Epoch 109/500
50/50 - 11s - 211ms/step - loss: 0.3997 - val_loss: 0.3954
Epoch 110/500
50/50 - 11s - 214ms/step - loss: 0.3994 - val_loss: 0.3951
Epoch 111/500
50/50 - 11s - 214ms/step - loss: 0.3990 - val_loss: 0.3948
Epoch 112/500
50/50 - 11s - 215ms/step - loss: 0.3987 - val_loss: 0.3945
Epoch 113/500
50/50 - 11s - 215ms/step - loss: 0.3984 - val_loss: 0.3941
Epoch 114/500
50/50 - 11s - 214ms/step - loss: 0.3981 - val_loss: 0.3938
Epoch 115/500
50/50 - 11s - 214ms/step - loss: 0.3978 - val_loss: 0.3935
Epoch 116/500
50/50 - 11s - 212ms/step - loss: 0.3975 - val_loss: 0.3932
Epoch 117/500
50/50 - 11s - 212ms/step - loss: 0.3972 - val_loss: 0.3929
Epoch 118/500
50/50 - 11s - 213ms/step - loss: 0.3969 - val_loss: 0.3926
Epoch 119/500
50/50 - 11s - 213ms/step - loss: 0.3967 - val_loss: 0.3923
Epoch 120/500
50/50 - 11s - 213ms/step - loss: 0.3964 - val_loss: 0.3920
Epoch 121/500
50/50 - 11s - 214ms/step - loss: 0.3961 - val_loss: 0.3918
Epoch 122/500
50/50 - 11s - 217ms/step - loss: 0.3958 - val_loss: 0.3915
Epoch 123/500
50/50 - 11s - 213ms/step - loss: 0.3956 - val_loss: 0.3912
Epoch 124/500
50/50 - 11s - 214ms/step - loss: 0.3953 - val_loss: 0.3909
Epoch 125/500
50/50 - 11s - 214ms/step - loss: 0.3951 - val_loss: 0.3907
Epoch 126/500
50/50 - 11s - 212ms/step - loss: 0.3948 - val_loss: 0.3904
Epoch 127/500
50/50 - 11s - 211ms/step - loss: 0.3946 - val_loss: 0.3902
Epoch 128/500
50/50 - 10s - 208ms/step - loss: 0.3943 - val_loss: 0.3899
Epoch 129/500
50/50 - 11s - 212ms/step - loss: 0.3941 - val_loss: 0.3897
Epoch 130/500
50/50 - 11s - 211ms/step - loss: 0.3938 - val_loss: 0.3894
Epoch 131/500
50/50 - 10s - 205ms/step - loss: 0.3936 - val_loss: 0.3892
Epoch 132/500
50/50 - 11s - 212ms/step - loss: 0.3933 - val_loss: 0.3889
Epoch 133/500
50/50 - 11s - 214ms/step - loss: 0.3931 - val_loss: 0.3887
Epoch 134/500
50/50 - 11s - 212ms/step - loss: 0.3929 - val_loss: 0.3884
Epoch 135/500
50/50 - 11s - 214ms/step - loss: 0.3927 - val_loss: 0.3882
Epoch 136/500
50/50 - 11s - 213ms/step - loss: 0.3924 - val_loss: 0.3880
Epoch 137/500
50/50 - 11s - 213ms/step - loss: 0.3922 - val_loss: 0.3877
Epoch 138/500
50/50 - 11s - 213ms/step - loss: 0.3920 - val_loss: 0.3875
Epoch 139/500
50/50 - 11s - 212ms/step - loss: 0.3918 - val_loss: 0.3873
Epoch 140/500
50/50 - 11s - 213ms/step - loss: 0.3916 - val_loss: 0.3871
Epoch 141/500
50/50 - 11s - 214ms/step - loss: 0.3913 - val_loss: 0.3869
Epoch 142/500
50/50 - 11s - 211ms/step - loss: 0.3911 - val_loss: 0.3867
Epoch 143/500
50/50 - 11s - 212ms/step - loss: 0.3909 - val_loss: 0.3864
Epoch 144/500
50/50 - 11s - 212ms/step - loss: 0.3907 - val_loss: 0.3862
Epoch 145/500
50/50 - 11s - 214ms/step - loss: 0.3905 - val_loss: 0.3860
Epoch 146/500
50/50 - 11s - 212ms/step - loss: 0.3903 - val_loss: 0.3858
Epoch 147/500
50/50 - 11s - 212ms/step - loss: 0.3901 - val_loss: 0.3856
Epoch 148/500
50/50 - 11s - 212ms/step - loss: 0.3899 - val_loss: 0.3854
Epoch 149/500
50/50 - 11s - 212ms/step - loss: 0.3897 - val_loss: 0.3852
Epoch 150/500
50/50 - 11s - 212ms/step - loss: 0.3895 - val_loss: 0.3850
Epoch 151/500
50/50 - 11s - 212ms/step - loss: 0.3894 - val_loss: 0.3848
Epoch 152/500
50/50 - 11s - 213ms/step - loss: 0.3892 - val_loss: 0.3847
Epoch 153/500
50/50 - 10s - 210ms/step - loss: 0.3890 - val_loss: 0.3845
Epoch 154/500
50/50 - 11s - 212ms/step - loss: 0.3888 - val_loss: 0.3843
Epoch 155/500
50/50 - 11s - 214ms/step - loss: 0.3886 - val_loss: 0.3841
Epoch 156/500
50/50 - 10s - 209ms/step - loss: 0.3885 - val_loss: 0.3839
Epoch 157/500
50/50 - 11s - 211ms/step - loss: 0.3883 - val_loss: 0.3838
Epoch 158/500
50/50 - 11s - 215ms/step - loss: 0.3881 - val_loss: 0.3836
Epoch 159/500
50/50 - 11s - 214ms/step - loss: 0.3879 - val_loss: 0.3834
Epoch 160/500
50/50 - 11s - 213ms/step - loss: 0.3878 - val_loss: 0.3833
Epoch 161/500
50/50 - 11s - 214ms/step - loss: 0.3876 - val_loss: 0.3831
Epoch 162/500
50/50 - 11s - 212ms/step - loss: 0.3874 - val_loss: 0.3830
Epoch 163/500
50/50 - 11s - 214ms/step - loss: 0.3873 - val_loss: 0.3828
Epoch 164/500
50/50 - 11s - 214ms/step - loss: 0.3871 - val_loss: 0.3827
Epoch 165/500
50/50 - 11s - 214ms/step - loss: 0.3870 - val_loss: 0.3825
Epoch 166/500
50/50 - 11s - 217ms/step - loss: 0.3868 - val_loss: 0.3824
Epoch 167/500
50/50 - 11s - 212ms/step - loss: 0.3867 - val_loss: 0.3822
Epoch 168/500
50/50 - 11s - 211ms/step - loss: 0.3865 - val_loss: 0.3821
Epoch 169/500
50/50 - 11s - 212ms/step - loss: 0.3864 - val_loss: 0.3819
Epoch 170/500
50/50 - 11s - 214ms/step - loss: 0.3862 - val_loss: 0.3818
Epoch 171/500
50/50 - 11s - 214ms/step - loss: 0.3861 - val_loss: 0.3817
Epoch 172/500
50/50 - 11s - 213ms/step - loss: 0.3859 - val_loss: 0.3815
Epoch 173/500
50/50 - 11s - 213ms/step - loss: 0.3858 - val_loss: 0.3814
Epoch 174/500
50/50 - 11s - 212ms/step - loss: 0.3856 - val_loss: 0.3813
Epoch 175/500
50/50 - 11s - 213ms/step - loss: 0.3855 - val_loss: 0.3811
Epoch 176/500
50/50 - 11s - 212ms/step - loss: 0.3854 - val_loss: 0.3810
Epoch 177/500
50/50 - 11s - 214ms/step - loss: 0.3852 - val_loss: 0.3809
Epoch 178/500
50/50 - 11s - 214ms/step - loss: 0.3851 - val_loss: 0.3808
Epoch 179/500
50/50 - 10s - 210ms/step - loss: 0.3850 - val_loss: 0.3806
Epoch 180/500
50/50 - 11s - 213ms/step - loss: 0.3848 - val_loss: 0.3805
Epoch 181/500
50/50 - 11s - 214ms/step - loss: 0.3847 - val_loss: 0.3804
Epoch 182/500
50/50 - 11s - 213ms/step - loss: 0.3846 - val_loss: 0.3803
Epoch 183/500
50/50 - 11s - 213ms/step - loss: 0.3845 - val_loss: 0.3801
Epoch 184/500
50/50 - 11s - 211ms/step - loss: 0.3843 - val_loss: 0.3800
Epoch 185/500
50/50 - 11s - 214ms/step - loss: 0.3842 - val_loss: 0.3799
Epoch 186/500
50/50 - 10s - 208ms/step - loss: 0.3841 - val_loss: 0.3798
Epoch 187/500
50/50 - 11s - 213ms/step - loss: 0.3840 - val_loss: 0.3797
Epoch 188/500
50/50 - 11s - 213ms/step - loss: 0.3838 - val_loss: 0.3796
Epoch 189/500
50/50 - 11s - 214ms/step - loss: 0.3837 - val_loss: 0.3794
Epoch 190/500
50/50 - 11s - 215ms/step - loss: 0.3836 - val_loss: 0.3793
Epoch 191/500
50/50 - 11s - 213ms/step - loss: 0.3835 - val_loss: 0.3792
Epoch 192/500
50/50 - 11s - 215ms/step - loss: 0.3834 - val_loss: 0.3791
Epoch 193/500
50/50 - 11s - 214ms/step - loss: 0.3833 - val_loss: 0.3790
Epoch 194/500
50/50 - 11s - 212ms/step - loss: 0.3831 - val_loss: 0.3789
Epoch 195/500
50/50 - 10s - 207ms/step - loss: 0.3830 - val_loss: 0.3788
Epoch 196/500
50/50 - 11s - 212ms/step - loss: 0.3829 - val_loss: 0.3787
Epoch 197/500
50/50 - 11s - 215ms/step - loss: 0.3828 - val_loss: 0.3786
Epoch 198/500
50/50 - 11s - 211ms/step - loss: 0.3827 - val_loss: 0.3785
Epoch 199/500
50/50 - 10s - 208ms/step - loss: 0.3826 - val_loss: 0.3784
Epoch 200/500
50/50 - 11s - 216ms/step - loss: 0.3825 - val_loss: 0.3783
Epoch 201/500
50/50 - 11s - 215ms/step - loss: 0.3824 - val_loss: 0.3782
Epoch 202/500
50/50 - 11s - 215ms/step - loss: 0.3823 - val_loss: 0.3781
Epoch 203/500
50/50 - 11s - 214ms/step - loss: 0.3822 - val_loss: 0.3780
Epoch 204/500
50/50 - 11s - 213ms/step - loss: 0.3820 - val_loss: 0.3779
Epoch 205/500
50/50 - 11s - 210ms/step - loss: 0.3819 - val_loss: 0.3778
Epoch 206/500
50/50 - 11s - 213ms/step - loss: 0.3818 - val_loss: 0.3777
Epoch 207/500
50/50 - 11s - 213ms/step - loss: 0.3817 - val_loss: 0.3776
Epoch 208/500
50/50 - 11s - 211ms/step - loss: 0.3816 - val_loss: 0.3775
Epoch 209/500
50/50 - 10s - 205ms/step - loss: 0.3815 - val_loss: 0.3774
Epoch 210/500
50/50 - 11s - 212ms/step - loss: 0.3814 - val_loss: 0.3773
Epoch 211/500
50/50 - 11s - 213ms/step - loss: 0.3813 - val_loss: 0.3772
Epoch 212/500
50/50 - 11s - 214ms/step - loss: 0.3812 - val_loss: 0.3771
Epoch 213/500
50/50 - 10s - 209ms/step - loss: 0.3811 - val_loss: 0.3770
Epoch 214/500
50/50 - 10s - 208ms/step - loss: 0.3810 - val_loss: 0.3769
Epoch 215/500
50/50 - 10s - 209ms/step - loss: 0.3809 - val_loss: 0.3768
Epoch 216/500
50/50 - 10s - 209ms/step - loss: 0.3808 - val_loss: 0.3768
Epoch 217/500
50/50 - 11s - 213ms/step - loss: 0.3807 - val_loss: 0.3767
Epoch 218/500
50/50 - 11s - 211ms/step - loss: 0.3806 - val_loss: 0.3766
Epoch 219/500
50/50 - 11s - 211ms/step - loss: 0.3806 - val_loss: 0.3765
Epoch 220/500
50/50 - 11s - 211ms/step - loss: 0.3805 - val_loss: 0.3764
Epoch 221/500
50/50 - 11s - 212ms/step - loss: 0.3804 - val_loss: 0.3763
Epoch 222/500
50/50 - 11s - 212ms/step - loss: 0.3803 - val_loss: 0.3763
Epoch 223/500
50/50 - 11s - 211ms/step - loss: 0.3802 - val_loss: 0.3762
Epoch 224/500
50/50 - 11s - 214ms/step - loss: 0.3801 - val_loss: 0.3761
Epoch 225/500
50/50 - 11s - 210ms/step - loss: 0.3800 - val_loss: 0.3760
Epoch 226/500
50/50 - 11s - 213ms/step - loss: 0.3800 - val_loss: 0.3759
Epoch 227/500
50/50 - 11s - 212ms/step - loss: 0.3799 - val_loss: 0.3759
Epoch 228/500
50/50 - 11s - 213ms/step - loss: 0.3798 - val_loss: 0.3758
Epoch 229/500
50/50 - 11s - 213ms/step - loss: 0.3797 - val_loss: 0.3757
Epoch 230/500
50/50 - 11s - 214ms/step - loss: 0.3796 - val_loss: 0.3756
Epoch 231/500
50/50 - 11s - 212ms/step - loss: 0.3796 - val_loss: 0.3756
Epoch 232/500
50/50 - 11s - 214ms/step - loss: 0.3795 - val_loss: 0.3755
Epoch 233/500
50/50 - 11s - 213ms/step - loss: 0.3794 - val_loss: 0.3754
Epoch 234/500
50/50 - 11s - 213ms/step - loss: 0.3793 - val_loss: 0.3753
Epoch 235/500
50/50 - 11s - 213ms/step - loss: 0.3793 - val_loss: 0.3753
Epoch 236/500
50/50 - 11s - 213ms/step - loss: 0.3792 - val_loss: 0.3752
Epoch 237/500
50/50 - 10s - 210ms/step - loss: 0.3791 - val_loss: 0.3751
Epoch 238/500
50/50 - 11s - 213ms/step - loss: 0.3790 - val_loss: 0.3750
Epoch 239/500
50/50 - 11s - 213ms/step - loss: 0.3790 - val_loss: 0.3750
Epoch 240/500
50/50 - 11s - 214ms/step - loss: 0.3789 - val_loss: 0.3749
Epoch 241/500
50/50 - 11s - 211ms/step - loss: 0.3788 - val_loss: 0.3748
Epoch 242/500
50/50 - 11s - 214ms/step - loss: 0.3788 - val_loss: 0.3748
Epoch 243/500
50/50 - 11s - 211ms/step - loss: 0.3787 - val_loss: 0.3747
Epoch 244/500
50/50 - 11s - 213ms/step - loss: 0.3786 - val_loss: 0.3746
Epoch 245/500
50/50 - 11s - 213ms/step - loss: 0.3785 - val_loss: 0.3745
Epoch 246/500
50/50 - 11s - 211ms/step - loss: 0.3785 - val_loss: 0.3745
Epoch 247/500
50/50 - 11s - 211ms/step - loss: 0.3784 - val_loss: 0.3744
Epoch 248/500
50/50 - 11s - 213ms/step - loss: 0.3784 - val_loss: 0.3743
Epoch 249/500
50/50 - 10s - 205ms/step - loss: 0.3783 - val_loss: 0.3743
Epoch 250/500
50/50 - 10s - 209ms/step - loss: 0.3782 - val_loss: 0.3742
Epoch 251/500
50/50 - 11s - 213ms/step - loss: 0.3782 - val_loss: 0.3741
Epoch 252/500
50/50 - 10s - 202ms/step - loss: 0.3781 - val_loss: 0.3741
Epoch 253/500
50/50 - 10s - 203ms/step - loss: 0.3780 - val_loss: 0.3740
Epoch 254/500
50/50 - 11s - 214ms/step - loss: 0.3780 - val_loss: 0.3739
Epoch 255/500
50/50 - 11s - 214ms/step - loss: 0.3779 - val_loss: 0.3739
Epoch 256/500
50/50 - 11s - 210ms/step - loss: 0.3778 - val_loss: 0.3738
Epoch 257/500
50/50 - 11s - 213ms/step - loss: 0.3778 - val_loss: 0.3738
Epoch 258/500
50/50 - 11s - 214ms/step - loss: 0.3777 - val_loss: 0.3737
Epoch 259/500
50/50 - 11s - 212ms/step - loss: 0.3777 - val_loss: 0.3736
Epoch 260/500
50/50 - 11s - 211ms/step - loss: 0.3776 - val_loss: 0.3736
Epoch 261/500
50/50 - 11s - 213ms/step - loss: 0.3775 - val_loss: 0.3735
Epoch 262/500
50/50 - 11s - 215ms/step - loss: 0.3775 - val_loss: 0.3734
Epoch 263/500
50/50 - 11s - 214ms/step - loss: 0.3774 - val_loss: 0.3734
Epoch 264/500
50/50 - 11s - 215ms/step - loss: 0.3774 - val_loss: 0.3733
Epoch 265/500
50/50 - 11s - 213ms/step - loss: 0.3773 - val_loss: 0.3733
Epoch 266/500
50/50 - 11s - 212ms/step - loss: 0.3773 - val_loss: 0.3732
Epoch 267/500
50/50 - 10s - 193ms/step - loss: 0.3772 - val_loss: 0.3732
Epoch 268/500
50/50 - 8s - 156ms/step - loss: 0.3772 - val_loss: 0.3731
Epoch 269/500
50/50 - 9s - 187ms/step - loss: 0.3771 - val_loss: 0.3730
Epoch 270/500
50/50 - 11s - 220ms/step - loss: 0.3770 - val_loss: 0.3730
Epoch 271/500
50/50 - 11s - 217ms/step - loss: 0.3770 - val_loss: 0.3729
Epoch 272/500
50/50 - 11s - 217ms/step - loss: 0.3769 - val_loss: 0.3729
Epoch 273/500
50/50 - 11s - 216ms/step - loss: 0.3769 - val_loss: 0.3728
Epoch 274/500
50/50 - 11s - 216ms/step - loss: 0.3768 - val_loss: 0.3728
Epoch 275/500
50/50 - 11s - 214ms/step - loss: 0.3768 - val_loss: 0.3727
Epoch 276/500
50/50 - 11s - 211ms/step - loss: 0.3767 - val_loss: 0.3727
Epoch 277/500
50/50 - 11s - 217ms/step - loss: 0.3767 - val_loss: 0.3726
Epoch 278/500
50/50 - 11s - 217ms/step - loss: 0.3766 - val_loss: 0.3726
Epoch 279/500
50/50 - 11s - 217ms/step - loss: 0.3766 - val_loss: 0.3725
Epoch 280/500
50/50 - 11s - 216ms/step - loss: 0.3765 - val_loss: 0.3725
Epoch 281/500
50/50 - 11s - 216ms/step - loss: 0.3765 - val_loss: 0.3724
Epoch 282/500
50/50 - 11s - 217ms/step - loss: 0.3764 - val_loss: 0.3724
Epoch 283/500
50/50 - 11s - 218ms/step - loss: 0.3764 - val_loss: 0.3723
Epoch 284/500
50/50 - 11s - 218ms/step - loss: 0.3763 - val_loss: 0.3723
Epoch 285/500
50/50 - 11s - 217ms/step - loss: 0.3763 - val_loss: 0.3722
Epoch 286/500
50/50 - 11s - 218ms/step - loss: 0.3762 - val_loss: 0.3722
Epoch 287/500
50/50 - 11s - 218ms/step - loss: 0.3762 - val_loss: 0.3721
Epoch 288/500
50/50 - 11s - 219ms/step - loss: 0.3761 - val_loss: 0.3721
Epoch 289/500
50/50 - 11s - 216ms/step - loss: 0.3761 - val_loss: 0.3721
Epoch 290/500
50/50 - 11s - 220ms/step - loss: 0.3760 - val_loss: 0.3720
Epoch 291/500
50/50 - 11s - 218ms/step - loss: 0.3760 - val_loss: 0.3720
Epoch 292/500
50/50 - 11s - 213ms/step - loss: 0.3759 - val_loss: 0.3719
Epoch 293/500
50/50 - 11s - 210ms/step - loss: 0.3759 - val_loss: 0.3719
Epoch 294/500
50/50 - 8s - 165ms/step - loss: 0.3759 - val_loss: 0.3718
Epoch 295/500
50/50 - 8s - 152ms/step - loss: 0.3758 - val_loss: 0.3718
Epoch 296/500
50/50 - 11s - 223ms/step - loss: 0.3758 - val_loss: 0.3718
Epoch 297/500
50/50 - 11s - 221ms/step - loss: 0.3757 - val_loss: 0.3717
Epoch 298/500
50/50 - 11s - 221ms/step - loss: 0.3757 - val_loss: 0.3717
Epoch 299/500
50/50 - 11s - 219ms/step - loss: 0.3756 - val_loss: 0.3716
Epoch 300/500
50/50 - 11s - 219ms/step - loss: 0.3756 - val_loss: 0.3716
Epoch 301/500
50/50 - 11s - 217ms/step - loss: 0.3755 - val_loss: 0.3716
Epoch 302/500
50/50 - 11s - 219ms/step - loss: 0.3755 - val_loss: 0.3715
Epoch 303/500
50/50 - 11s - 218ms/step - loss: 0.3755 - val_loss: 0.3715
Epoch 304/500
50/50 - 11s - 217ms/step - loss: 0.3754 - val_loss: 0.3714
Epoch 305/500
50/50 - 11s - 216ms/step - loss: 0.3754 - val_loss: 0.3714
Epoch 306/500
50/50 - 11s - 215ms/step - loss: 0.3753 - val_loss: 0.3714
Epoch 307/500
50/50 - 11s - 218ms/step - loss: 0.3753 - val_loss: 0.3713
Epoch 308/500
50/50 - 11s - 219ms/step - loss: 0.3753 - val_loss: 0.3713
Epoch 309/500
50/50 - 11s - 220ms/step - loss: 0.3752 - val_loss: 0.3713
Epoch 310/500
50/50 - 11s - 221ms/step - loss: 0.3752 - val_loss: 0.3712
Epoch 311/500
50/50 - 11s - 217ms/step - loss: 0.3751 - val_loss: 0.3712
Epoch 312/500
50/50 - 11s - 215ms/step - loss: 0.3751 - val_loss: 0.3711
Epoch 313/500
50/50 - 11s - 217ms/step - loss: 0.3751 - val_loss: 0.3711
Epoch 314/500
50/50 - 11s - 215ms/step - loss: 0.3750 - val_loss: 0.3711
Epoch 315/500
50/50 - 11s - 215ms/step - loss: 0.3750 - val_loss: 0.3710
Epoch 316/500
50/50 - 11s - 216ms/step - loss: 0.3749 - val_loss: 0.3710
Epoch 317/500
50/50 - 10s - 208ms/step - loss: 0.3749 - val_loss: 0.3710
Epoch 318/500
50/50 - 8s - 170ms/step - loss: 0.3749 - val_loss: 0.3709
Epoch 319/500
50/50 - 8s - 163ms/step - loss: 0.3748 - val_loss: 0.3709
Epoch 320/500
50/50 - 8s - 155ms/step - loss: 0.3748 - val_loss: 0.3709
Epoch 321/500
50/50 - 10s - 196ms/step - loss: 0.3748 - val_loss: 0.3708
Epoch 322/500
50/50 - 11s - 223ms/step - loss: 0.3747 - val_loss: 0.3708
Epoch 323/500
50/50 - 11s - 221ms/step - loss: 0.3747 - val_loss: 0.3708
Epoch 324/500
50/50 - 11s - 220ms/step - loss: 0.3746 - val_loss: 0.3708
Epoch 325/500
50/50 - 11s - 218ms/step - loss: 0.3746 - val_loss: 0.3707
Epoch 326/500
50/50 - 11s - 220ms/step - loss: 0.3746 - val_loss: 0.3707
Epoch 327/500
50/50 - 11s - 218ms/step - loss: 0.3745 - val_loss: 0.3707
Epoch 328/500
50/50 - 11s - 220ms/step - loss: 0.3745 - val_loss: 0.3706
Epoch 329/500
50/50 - 11s - 217ms/step - loss: 0.3745 - val_loss: 0.3706
Epoch 330/500
50/50 - 11s - 215ms/step - loss: 0.3744 - val_loss: 0.3706
Epoch 331/500
50/50 - 11s - 218ms/step - loss: 0.3744 - val_loss: 0.3705
Epoch 332/500
50/50 - 11s - 217ms/step - loss: 0.3744 - val_loss: 0.3705
Epoch 333/500
50/50 - 11s - 216ms/step - loss: 0.3743 - val_loss: 0.3705
Epoch 334/500
50/50 - 11s - 218ms/step - loss: 0.3743 - val_loss: 0.3705
Epoch 335/500
50/50 - 11s - 216ms/step - loss: 0.3743 - val_loss: 0.3704
Epoch 336/500
50/50 - 11s - 219ms/step - loss: 0.3742 - val_loss: 0.3704
Epoch 337/500
50/50 - 11s - 220ms/step - loss: 0.3742 - val_loss: 0.3704
Epoch 338/500
50/50 - 11s - 217ms/step - loss: 0.3742 - val_loss: 0.3703
Epoch 339/500
50/50 - 11s - 218ms/step - loss: 0.3741 - val_loss: 0.3703
Epoch 340/500
50/50 - 11s - 219ms/step - loss: 0.3741 - val_loss: 0.3703
Epoch 341/500
50/50 - 11s - 220ms/step - loss: 0.3741 - val_loss: 0.3703
Epoch 342/500
50/50 - 11s - 223ms/step - loss: 0.3740 - val_loss: 0.3702
Epoch 343/500
50/50 - 11s - 220ms/step - loss: 0.3740 - val_loss: 0.3702
Epoch 344/500
50/50 - 11s - 217ms/step - loss: 0.3740 - val_loss: 0.3702
Epoch 345/500
50/50 - 11s - 219ms/step - loss: 0.3739 - val_loss: 0.3702
Epoch 346/500
50/50 - 11s - 216ms/step - loss: 0.3739 - val_loss: 0.3701
Epoch 347/500
50/50 - 11s - 218ms/step - loss: 0.3739 - val_loss: 0.3701
Epoch 348/500
50/50 - 11s - 217ms/step - loss: 0.3738 - val_loss: 0.3701
Epoch 349/500
50/50 - 11s - 217ms/step - loss: 0.3738 - val_loss: 0.3701
Epoch 350/500
50/50 - 11s - 218ms/step - loss: 0.3738 - val_loss: 0.3700
Epoch 351/500
50/50 - 11s - 218ms/step - loss: 0.3738 - val_loss: 0.3700
Epoch 352/500
50/50 - 11s - 219ms/step - loss: 0.3737 - val_loss: 0.3700
Epoch 353/500
50/50 - 11s - 219ms/step - loss: 0.3737 - val_loss: 0.3700
Epoch 354/500
50/50 - 11s - 218ms/step - loss: 0.3737 - val_loss: 0.3699
Epoch 355/500
50/50 - 11s - 218ms/step - loss: 0.3736 - val_loss: 0.3699
Epoch 356/500
50/50 - 11s - 221ms/step - loss: 0.3736 - val_loss: 0.3699
Epoch 357/500
50/50 - 11s - 217ms/step - loss: 0.3736 - val_loss: 0.3699
Epoch 358/500
50/50 - 11s - 218ms/step - loss: 0.3735 - val_loss: 0.3698
Epoch 359/500
50/50 - 11s - 217ms/step - loss: 0.3735 - val_loss: 0.3698
Epoch 360/500
50/50 - 11s - 218ms/step - loss: 0.3735 - val_loss: 0.3698
Epoch 361/500
50/50 - 11s - 216ms/step - loss: 0.3735 - val_loss: 0.3698
Epoch 362/500
50/50 - 11s - 212ms/step - loss: 0.3734 - val_loss: 0.3698
Epoch 363/500
50/50 - 11s - 214ms/step - loss: 0.3734 - val_loss: 0.3697
Epoch 364/500
50/50 - 11s - 214ms/step - loss: 0.3734 - val_loss: 0.3697
Epoch 365/500
50/50 - 11s - 213ms/step - loss: 0.3733 - val_loss: 0.3697
Epoch 366/500
50/50 - 11s - 216ms/step - loss: 0.3733 - val_loss: 0.3697
Epoch 367/500
50/50 - 10s - 199ms/step - loss: 0.3733 - val_loss: 0.3696
Epoch 368/500
50/50 - 8s - 163ms/step - loss: 0.3733 - val_loss: 0.3696
Epoch 369/500
50/50 - 8s - 161ms/step - loss: 0.3732 - val_loss: 0.3696
Epoch 370/500
50/50 - 8s - 154ms/step - loss: 0.3732 - val_loss: 0.3696
Epoch 371/500
50/50 - 8s - 151ms/step - loss: 0.3732 - val_loss: 0.3696
Epoch 372/500
50/50 - 8s - 150ms/step - loss: 0.3732 - val_loss: 0.3695
Epoch 373/500
50/50 - 9s - 189ms/step - loss: 0.3731 - val_loss: 0.3695
Epoch 374/500
50/50 - 11s - 217ms/step - loss: 0.3731 - val_loss: 0.3695
Epoch 375/500
50/50 - 11s - 215ms/step - loss: 0.3731 - val_loss: 0.3695
Epoch 376/500
50/50 - 11s - 217ms/step - loss: 0.3730 - val_loss: 0.3695
Epoch 377/500
50/50 - 11s - 214ms/step - loss: 0.3730 - val_loss: 0.3694
Epoch 378/500
50/50 - 11s - 214ms/step - loss: 0.3730 - val_loss: 0.3694
Epoch 379/500
50/50 - 11s - 213ms/step - loss: 0.3730 - val_loss: 0.3694
Epoch 380/500
50/50 - 11s - 216ms/step - loss: 0.3729 - val_loss: 0.3694
Epoch 381/500
50/50 - 11s - 212ms/step - loss: 0.3729 - val_loss: 0.3694
Epoch 382/500
50/50 - 11s - 214ms/step - loss: 0.3729 - val_loss: 0.3693
Epoch 383/500
50/50 - 11s - 215ms/step - loss: 0.3729 - val_loss: 0.3693
Epoch 384/500
50/50 - 11s - 212ms/step - loss: 0.3728 - val_loss: 0.3693
Epoch 385/500
50/50 - 11s - 213ms/step - loss: 0.3728 - val_loss: 0.3693
Epoch 386/500
50/50 - 11s - 214ms/step - loss: 0.3728 - val_loss: 0.3693
Epoch 387/500
50/50 - 11s - 212ms/step - loss: 0.3728 - val_loss: 0.3692
Epoch 388/500
50/50 - 11s - 214ms/step - loss: 0.3727 - val_loss: 0.3692
Epoch 389/500
50/50 - 11s - 213ms/step - loss: 0.3727 - val_loss: 0.3692
Epoch 390/500
50/50 - 11s - 212ms/step - loss: 0.3727 - val_loss: 0.3692
Epoch 391/500
50/50 - 11s - 213ms/step - loss: 0.3727 - val_loss: 0.3692
Epoch 392/500
50/50 - 11s - 213ms/step - loss: 0.3726 - val_loss: 0.3691
Epoch 393/500
50/50 - 11s - 212ms/step - loss: 0.3726 - val_loss: 0.3691
Epoch 394/500
50/50 - 11s - 212ms/step - loss: 0.3726 - val_loss: 0.3691
Epoch 395/500
50/50 - 11s - 211ms/step - loss: 0.3726 - val_loss: 0.3691
Epoch 396/500
50/50 - 11s - 210ms/step - loss: 0.3725 - val_loss: 0.3691
Epoch 397/500
50/50 - 11s - 213ms/step - loss: 0.3725 - val_loss: 0.3691
Epoch 398/500
50/50 - 11s - 213ms/step - loss: 0.3725 - val_loss: 0.3690
Epoch 399/500
50/50 - 11s - 211ms/step - loss: 0.3725 - val_loss: 0.3690
Epoch 400/500
50/50 - 11s - 213ms/step - loss: 0.3725 - val_loss: 0.3690
Epoch 401/500
50/50 - 11s - 211ms/step - loss: 0.3724 - val_loss: 0.3690
Epoch 402/500
50/50 - 11s - 212ms/step - loss: 0.3724 - val_loss: 0.3690
Epoch 403/500
50/50 - 11s - 211ms/step - loss: 0.3724 - val_loss: 0.3690
Epoch 404/500
50/50 - 11s - 213ms/step - loss: 0.3724 - val_loss: 0.3689
Epoch 405/500
50/50 - 11s - 210ms/step - loss: 0.3723 - val_loss: 0.3689
Epoch 406/500
50/50 - 11s - 211ms/step - loss: 0.3723 - val_loss: 0.3689
Epoch 407/500
50/50 - 11s - 212ms/step - loss: 0.3723 - val_loss: 0.3689
Epoch 408/500
50/50 - 11s - 212ms/step - loss: 0.3723 - val_loss: 0.3689
Epoch 409/500
50/50 - 11s - 213ms/step - loss: 0.3723 - val_loss: 0.3689
Epoch 410/500
50/50 - 11s - 213ms/step - loss: 0.3722 - val_loss: 0.3688
Epoch 411/500
50/50 - 10s - 209ms/step - loss: 0.3722 - val_loss: 0.3688
Epoch 412/500
50/50 - 10s - 207ms/step - loss: 0.3722 - val_loss: 0.3688
Epoch 413/500
50/50 - 11s - 211ms/step - loss: 0.3722 - val_loss: 0.3688
Epoch 414/500
50/50 - 11s - 210ms/step - loss: 0.3721 - val_loss: 0.3688
Epoch 415/500
50/50 - 11s - 214ms/step - loss: 0.3721 - val_loss: 0.3688
Epoch 416/500
50/50 - 11s - 213ms/step - loss: 0.3721 - val_loss: 0.3687
Epoch 417/500
50/50 - 11s - 211ms/step - loss: 0.3721 - val_loss: 0.3687
Epoch 418/500
50/50 - 11s - 214ms/step - loss: 0.3721 - val_loss: 0.3687
Epoch 419/500
50/50 - 11s - 211ms/step - loss: 0.3720 - val_loss: 0.3687
Epoch 420/500
50/50 - 11s - 211ms/step - loss: 0.3720 - val_loss: 0.3687
Epoch 421/500
50/50 - 11s - 212ms/step - loss: 0.3720 - val_loss: 0.3687
Epoch 422/500
50/50 - 11s - 212ms/step - loss: 0.3720 - val_loss: 0.3686
Epoch 423/500
50/50 - 10s - 209ms/step - loss: 0.3719 - val_loss: 0.3686
Epoch 424/500
50/50 - 10s - 210ms/step - loss: 0.3719 - val_loss: 0.3686
Epoch 425/500
50/50 - 11s - 212ms/step - loss: 0.3719 - val_loss: 0.3686
Epoch 426/500
50/50 - 10s - 208ms/step - loss: 0.3719 - val_loss: 0.3686
Epoch 427/500
50/50 - 10s - 210ms/step - loss: 0.3719 - val_loss: 0.3686
Epoch 428/500
50/50 - 11s - 211ms/step - loss: 0.3718 - val_loss: 0.3686
Epoch 429/500
50/50 - 11s - 210ms/step - loss: 0.3718 - val_loss: 0.3685
Epoch 430/500
50/50 - 11s - 213ms/step - loss: 0.3718 - val_loss: 0.3685
Epoch 431/500
50/50 - 10s - 210ms/step - loss: 0.3718 - val_loss: 0.3685
Epoch 432/500
50/50 - 10s - 209ms/step - loss: 0.3718 - val_loss: 0.3685
Epoch 433/500
50/50 - 11s - 213ms/step - loss: 0.3717 - val_loss: 0.3685
Epoch 434/500
50/50 - 11s - 214ms/step - loss: 0.3717 - val_loss: 0.3685
Epoch 435/500
50/50 - 11s - 213ms/step - loss: 0.3717 - val_loss: 0.3685
Epoch 436/500
50/50 - 11s - 210ms/step - loss: 0.3717 - val_loss: 0.3684
Epoch 437/500
50/50 - 11s - 211ms/step - loss: 0.3717 - val_loss: 0.3684
Epoch 438/500
50/50 - 11s - 211ms/step - loss: 0.3716 - val_loss: 0.3684
Epoch 439/500
50/50 - 11s - 213ms/step - loss: 0.3716 - val_loss: 0.3684
Epoch 440/500
50/50 - 11s - 212ms/step - loss: 0.3716 - val_loss: 0.3684
Epoch 441/500
50/50 - 11s - 210ms/step - loss: 0.3716 - val_loss: 0.3684
Epoch 442/500
50/50 - 11s - 211ms/step - loss: 0.3716 - val_loss: 0.3684
Epoch 443/500
50/50 - 11s - 213ms/step - loss: 0.3715 - val_loss: 0.3683
Epoch 444/500
50/50 - 11s - 211ms/step - loss: 0.3715 - val_loss: 0.3683
Epoch 445/500
50/50 - 11s - 211ms/step - loss: 0.3715 - val_loss: 0.3683
Epoch 446/500
50/50 - 10s - 208ms/step - loss: 0.3715 - val_loss: 0.3683
Epoch 447/500
50/50 - 11s - 213ms/step - loss: 0.3715 - val_loss: 0.3683
Epoch 448/500
50/50 - 11s - 214ms/step - loss: 0.3715 - val_loss: 0.3683
Epoch 449/500
50/50 - 11s - 214ms/step - loss: 0.3714 - val_loss: 0.3683
Epoch 450/500
50/50 - 10s - 209ms/step - loss: 0.3714 - val_loss: 0.3682
Epoch 451/500
50/50 - 10s - 209ms/step - loss: 0.3714 - val_loss: 0.3682
Epoch 452/500
50/50 - 10s - 210ms/step - loss: 0.3714 - val_loss: 0.3682
Epoch 453/500
50/50 - 11s - 211ms/step - loss: 0.3714 - val_loss: 0.3682
Epoch 454/500
50/50 - 11s - 212ms/step - loss: 0.3713 - val_loss: 0.3682
Epoch 455/500
50/50 - 11s - 211ms/step - loss: 0.3713 - val_loss: 0.3682
Epoch 456/500
50/50 - 10s - 210ms/step - loss: 0.3713 - val_loss: 0.3682
Epoch 457/500
50/50 - 10s - 209ms/step - loss: 0.3713 - val_loss: 0.3681
Epoch 458/500
50/50 - 10s - 209ms/step - loss: 0.3713 - val_loss: 0.3681
Epoch 459/500
50/50 - 10s - 201ms/step - loss: 0.3713 - val_loss: 0.3681
Epoch 460/500
50/50 - 10s - 210ms/step - loss: 0.3712 - val_loss: 0.3681
Epoch 461/500
50/50 - 10s - 205ms/step - loss: 0.3712 - val_loss: 0.3681
Epoch 462/500
50/50 - 10s - 208ms/step - loss: 0.3712 - val_loss: 0.3681
Epoch 463/500
50/50 - 11s - 212ms/step - loss: 0.3712 - val_loss: 0.3681
Epoch 464/500
50/50 - 10s - 210ms/step - loss: 0.3712 - val_loss: 0.3681
Epoch 465/500
50/50 - 10s - 209ms/step - loss: 0.3711 - val_loss: 0.3680
Epoch 466/500
50/50 - 10s - 209ms/step - loss: 0.3711 - val_loss: 0.3680
Epoch 467/500
50/50 - 10s - 206ms/step - loss: 0.3711 - val_loss: 0.3680
Epoch 468/500
50/50 - 10s - 207ms/step - loss: 0.3711 - val_loss: 0.3680
Epoch 469/500
50/50 - 10s - 209ms/step - loss: 0.3711 - val_loss: 0.3680
Epoch 470/500
50/50 - 11s - 210ms/step - loss: 0.3711 - val_loss: 0.3680
Epoch 471/500
50/50 - 10s - 209ms/step - loss: 0.3710 - val_loss: 0.3680
Epoch 472/500
50/50 - 10s - 208ms/step - loss: 0.3710 - val_loss: 0.3680
Epoch 473/500
50/50 - 11s - 210ms/step - loss: 0.3710 - val_loss: 0.3679
Epoch 474/500
50/50 - 10s - 207ms/step - loss: 0.3710 - val_loss: 0.3679
Epoch 475/500
50/50 - 10s - 206ms/step - loss: 0.3710 - val_loss: 0.3679
Epoch 476/500
50/50 - 10s - 209ms/step - loss: 0.3710 - val_loss: 0.3679
Epoch 477/500
50/50 - 10s - 209ms/step - loss: 0.3709 - val_loss: 0.3679
Epoch 478/500
50/50 - 11s - 211ms/step - loss: 0.3709 - val_loss: 0.3679
Epoch 479/500
50/50 - 10s - 210ms/step - loss: 0.3709 - val_loss: 0.3679
Epoch 480/500
50/50 - 10s - 208ms/step - loss: 0.3709 - val_loss: 0.3679
Epoch 481/500
50/50 - 11s - 212ms/step - loss: 0.3709 - val_loss: 0.3678
Epoch 482/500
50/50 - 11s - 211ms/step - loss: 0.3709 - val_loss: 0.3678
Epoch 483/500
50/50 - 11s - 210ms/step - loss: 0.3708 - val_loss: 0.3678
Epoch 484/500
50/50 - 11s - 211ms/step - loss: 0.3708 - val_loss: 0.3678
Epoch 485/500
50/50 - 10s - 209ms/step - loss: 0.3708 - val_loss: 0.3678
Epoch 486/500
50/50 - 10s - 208ms/step - loss: 0.3708 - val_loss: 0.3678
Epoch 487/500
50/50 - 10s - 209ms/step - loss: 0.3708 - val_loss: 0.3678
Epoch 488/500
50/50 - 11s - 210ms/step - loss: 0.3708 - val_loss: 0.3678
Epoch 489/500
50/50 - 10s - 208ms/step - loss: 0.3707 - val_loss: 0.3677
Epoch 490/500
50/50 - 10s - 209ms/step - loss: 0.3707 - val_loss: 0.3677
Epoch 491/500
50/50 - 11s - 212ms/step - loss: 0.3707 - val_loss: 0.3677
Epoch 492/500
50/50 - 10s - 209ms/step - loss: 0.3707 - val_loss: 0.3677
Epoch 493/500
50/50 - 10s - 207ms/step - loss: 0.3707 - val_loss: 0.3677
Epoch 494/500
50/50 - 10s - 207ms/step - loss: 0.3707 - val_loss: 0.3677
Epoch 495/500
50/50 - 10s - 205ms/step - loss: 0.3706 - val_loss: 0.3677
Epoch 496/500
50/50 - 10s - 209ms/step - loss: 0.3706 - val_loss: 0.3677
Epoch 497/500
50/50 - 10s - 210ms/step - loss: 0.3706 - val_loss: 0.3677
Epoch 498/500
50/50 - 11s - 212ms/step - loss: 0.3706 - val_loss: 0.3676
Epoch 499/500
50/50 - 11s - 211ms/step - loss: 0.3706 - val_loss: 0.3676
Epoch 500/500
50/50 - 11s - 210ms/step - loss: 0.3706 - val_loss: 0.3676
[Run 1/5] Training single encoder baseline (baseline preprocessing, linear structure, sigmoid head)...
[Run 1/5] Shared encoder (unweight) validation threshold=0.5953 (balanced_accuracy=0.8318).
[Run 1/5] Shared encoder (weighted) validation threshold=0.4916 (balanced_accuracy=0.8272).
[Run 2/5] Training shared encoder (unweighted, sigmoid head, baseline preprocessing)...
Epoch 1/500
50/50 - 13s - 254ms/step - loss: 1.1213 - val_loss: 1.0745
Epoch 2/500
50/50 - 10s - 205ms/step - loss: 1.0231 - val_loss: 0.9715
Epoch 3/500
50/50 - 10s - 196ms/step - loss: 0.9218 - val_loss: 0.8715
Epoch 4/500
50/50 - 10s - 204ms/step - loss: 0.8283 - val_loss: 0.7849
Epoch 5/500
50/50 - 10s - 204ms/step - loss: 0.7511 - val_loss: 0.7160
Epoch 6/500
50/50 - 10s - 204ms/step - loss: 0.6916 - val_loss: 0.6636
Epoch 7/500
50/50 - 10s - 201ms/step - loss: 0.6467 - val_loss: 0.6238
Epoch 8/500
50/50 - 8s - 158ms/step - loss: 0.6126 - val_loss: 0.5932
Epoch 9/500
50/50 - 8s - 162ms/step - loss: 0.5862 - val_loss: 0.5692
Epoch 10/500
50/50 - 10s - 208ms/step - loss: 0.5652 - val_loss: 0.5499
Epoch 11/500
50/50 - 10s - 202ms/step - loss: 0.5481 - val_loss: 0.5340
Epoch 12/500
50/50 - 10s - 203ms/step - loss: 0.5340 - val_loss: 0.5208
Epoch 13/500
50/50 - 10s - 205ms/step - loss: 0.5222 - val_loss: 0.5094
Epoch 14/500
50/50 - 10s - 206ms/step - loss: 0.5121 - val_loss: 0.4997
Epoch 15/500
50/50 - 10s - 204ms/step - loss: 0.5034 - val_loss: 0.4912
Epoch 16/500
50/50 - 10s - 203ms/step - loss: 0.4959 - val_loss: 0.4838
Epoch 17/500
50/50 - 10s - 200ms/step - loss: 0.4892 - val_loss: 0.4772
Epoch 18/500
50/50 - 10s - 205ms/step - loss: 0.4833 - val_loss: 0.4713
Epoch 19/500
50/50 - 10s - 205ms/step - loss: 0.4781 - val_loss: 0.4660
Epoch 20/500
50/50 - 10s - 204ms/step - loss: 0.4733 - val_loss: 0.4612
Epoch 21/500
50/50 - 10s - 204ms/step - loss: 0.4690 - val_loss: 0.4568
Epoch 22/500
50/50 - 10s - 207ms/step - loss: 0.4651 - val_loss: 0.4528
Epoch 23/500
50/50 - 10s - 204ms/step - loss: 0.4616 - val_loss: 0.4491
Epoch 24/500
50/50 - 10s - 203ms/step - loss: 0.4583 - val_loss: 0.4458
Epoch 25/500
50/50 - 10s - 203ms/step - loss: 0.4552 - val_loss: 0.4426
Epoch 26/500
50/50 - 10s - 199ms/step - loss: 0.4524 - val_loss: 0.4397
Epoch 27/500
50/50 - 10s - 205ms/step - loss: 0.4498 - val_loss: 0.4370
Epoch 28/500
50/50 - 10s - 201ms/step - loss: 0.4474 - val_loss: 0.4344
Epoch 29/500
50/50 - 10s - 202ms/step - loss: 0.4451 - val_loss: 0.4320
Epoch 30/500
50/50 - 10s - 203ms/step - loss: 0.4429 - val_loss: 0.4298
Epoch 31/500
50/50 - 10s - 201ms/step - loss: 0.4409 - val_loss: 0.4276
Epoch 32/500
50/50 - 10s - 202ms/step - loss: 0.4390 - val_loss: 0.4256
Epoch 33/500
50/50 - 10s - 198ms/step - loss: 0.4372 - val_loss: 0.4236
Epoch 34/500
50/50 - 10s - 202ms/step - loss: 0.4354 - val_loss: 0.4218
Epoch 35/500
50/50 - 10s - 200ms/step - loss: 0.4338 - val_loss: 0.4200
Epoch 36/500
50/50 - 10s - 204ms/step - loss: 0.4322 - val_loss: 0.4183
Epoch 37/500
50/50 - 10s - 202ms/step - loss: 0.4307 - val_loss: 0.4167
Epoch 38/500
50/50 - 10s - 198ms/step - loss: 0.4293 - val_loss: 0.4151
Epoch 39/500
50/50 - 10s - 204ms/step - loss: 0.4279 - val_loss: 0.4136
Epoch 40/500
50/50 - 10s - 201ms/step - loss: 0.4266 - val_loss: 0.4122
Epoch 41/500
50/50 - 10s - 204ms/step - loss: 0.4253 - val_loss: 0.4108
Epoch 42/500
50/50 - 10s - 202ms/step - loss: 0.4241 - val_loss: 0.4095
Epoch 43/500
50/50 - 10s - 203ms/step - loss: 0.4229 - val_loss: 0.4082
Epoch 44/500
50/50 - 10s - 205ms/step - loss: 0.4217 - val_loss: 0.4069
Epoch 45/500
50/50 - 10s - 203ms/step - loss: 0.4206 - val_loss: 0.4057
Epoch 46/500
50/50 - 10s - 204ms/step - loss: 0.4195 - val_loss: 0.4046
Epoch 47/500
50/50 - 10s - 201ms/step - loss: 0.4185 - val_loss: 0.4034
Epoch 48/500
50/50 - 10s - 201ms/step - loss: 0.4175 - val_loss: 0.4023
Epoch 49/500
50/50 - 10s - 202ms/step - loss: 0.4165 - val_loss: 0.4013
Epoch 50/500
50/50 - 10s - 202ms/step - loss: 0.4155 - val_loss: 0.4002
Epoch 51/500
50/50 - 10s - 201ms/step - loss: 0.4146 - val_loss: 0.3992
Epoch 52/500
50/50 - 10s - 204ms/step - loss: 0.4137 - val_loss: 0.3982
Epoch 53/500
50/50 - 10s - 203ms/step - loss: 0.4128 - val_loss: 0.3973
Epoch 54/500
50/50 - 10s - 203ms/step - loss: 0.4120 - val_loss: 0.3963
Epoch 55/500
50/50 - 10s - 200ms/step - loss: 0.4111 - val_loss: 0.3954
Epoch 56/500
50/50 - 10s - 203ms/step - loss: 0.4103 - val_loss: 0.3945
Epoch 57/500
50/50 - 10s - 206ms/step - loss: 0.4095 - val_loss: 0.3937
Epoch 58/500
50/50 - 10s - 203ms/step - loss: 0.4088 - val_loss: 0.3928
Epoch 59/500
50/50 - 10s - 204ms/step - loss: 0.4080 - val_loss: 0.3920
Epoch 60/500
50/50 - 10s - 201ms/step - loss: 0.4073 - val_loss: 0.3912
Epoch 61/500
50/50 - 10s - 203ms/step - loss: 0.4065 - val_loss: 0.3904
Epoch 62/500
50/50 - 10s - 203ms/step - loss: 0.4058 - val_loss: 0.3896
Epoch 63/500
50/50 - 10s - 201ms/step - loss: 0.4051 - val_loss: 0.3889
Epoch 64/500
50/50 - 10s - 203ms/step - loss: 0.4045 - val_loss: 0.3881
Epoch 65/500
50/50 - 10s - 204ms/step - loss: 0.4038 - val_loss: 0.3874
Epoch 66/500
50/50 - 10s - 201ms/step - loss: 0.4031 - val_loss: 0.3867
Epoch 67/500
50/50 - 10s - 203ms/step - loss: 0.4025 - val_loss: 0.3860
Epoch 68/500
50/50 - 10s - 201ms/step - loss: 0.4019 - val_loss: 0.3853
Epoch 69/500
50/50 - 10s - 200ms/step - loss: 0.4013 - val_loss: 0.3847
Epoch 70/500
50/50 - 10s - 204ms/step - loss: 0.4007 - val_loss: 0.3840
Epoch 71/500
50/50 - 10s - 209ms/step - loss: 0.4001 - val_loss: 0.3834
Epoch 72/500
50/50 - 10s - 205ms/step - loss: 0.3995 - val_loss: 0.3827
Epoch 73/500
50/50 - 10s - 208ms/step - loss: 0.3989 - val_loss: 0.3821
Epoch 74/500
50/50 - 10s - 207ms/step - loss: 0.3984 - val_loss: 0.3815
Epoch 75/500
50/50 - 10s - 205ms/step - loss: 0.3978 - val_loss: 0.3809
Epoch 76/500
50/50 - 10s - 204ms/step - loss: 0.3973 - val_loss: 0.3803
Epoch 77/500
50/50 - 10s - 204ms/step - loss: 0.3967 - val_loss: 0.3797
Epoch 78/500
50/50 - 10s - 205ms/step - loss: 0.3962 - val_loss: 0.3792
Epoch 79/500
50/50 - 10s - 203ms/step - loss: 0.3957 - val_loss: 0.3786
Epoch 80/500
50/50 - 10s - 203ms/step - loss: 0.3952 - val_loss: 0.3781
Epoch 81/500
50/50 - 10s - 198ms/step - loss: 0.3947 - val_loss: 0.3775
Epoch 82/500
50/50 - 10s - 203ms/step - loss: 0.3942 - val_loss: 0.3770
Epoch 83/500
50/50 - 10s - 202ms/step - loss: 0.3938 - val_loss: 0.3765
Epoch 84/500
50/50 - 10s - 205ms/step - loss: 0.3933 - val_loss: 0.3760
Epoch 85/500
50/50 - 10s - 196ms/step - loss: 0.3928 - val_loss: 0.3755
Epoch 86/500
50/50 - 10s - 199ms/step - loss: 0.3924 - val_loss: 0.3750
Epoch 87/500
50/50 - 10s - 204ms/step - loss: 0.3920 - val_loss: 0.3745
Epoch 88/500
50/50 - 10s - 202ms/step - loss: 0.3915 - val_loss: 0.3740
Epoch 89/500
50/50 - 10s - 204ms/step - loss: 0.3911 - val_loss: 0.3735
Epoch 90/500
50/50 - 10s - 208ms/step - loss: 0.3907 - val_loss: 0.3731
Epoch 91/500
50/50 - 10s - 205ms/step - loss: 0.3903 - val_loss: 0.3726
Epoch 92/500
50/50 - 10s - 202ms/step - loss: 0.3899 - val_loss: 0.3722
Epoch 93/500
50/50 - 10s - 201ms/step - loss: 0.3895 - val_loss: 0.3717
Epoch 94/500
50/50 - 10s - 201ms/step - loss: 0.3891 - val_loss: 0.3713
Epoch 95/500
50/50 - 10s - 198ms/step - loss: 0.3887 - val_loss: 0.3709
Epoch 96/500
50/50 - 10s - 201ms/step - loss: 0.3883 - val_loss: 0.3704
Epoch 97/500
50/50 - 10s - 201ms/step - loss: 0.3879 - val_loss: 0.3700
Epoch 98/500
50/50 - 10s - 196ms/step - loss: 0.3876 - val_loss: 0.3696
Epoch 99/500
50/50 - 10s - 205ms/step - loss: 0.3872 - val_loss: 0.3692
Epoch 100/500
50/50 - 10s - 204ms/step - loss: 0.3868 - val_loss: 0.3688
Epoch 101/500
50/50 - 10s - 206ms/step - loss: 0.3865 - val_loss: 0.3684
Epoch 102/500
50/50 - 10s - 207ms/step - loss: 0.3861 - val_loss: 0.3680
Epoch 103/500
50/50 - 10s - 206ms/step - loss: 0.3858 - val_loss: 0.3677
Epoch 104/500
50/50 - 10s - 204ms/step - loss: 0.3855 - val_loss: 0.3673
Epoch 105/500
50/50 - 10s - 205ms/step - loss: 0.3851 - val_loss: 0.3669
Epoch 106/500
50/50 - 10s - 203ms/step - loss: 0.3848 - val_loss: 0.3666
Epoch 107/500
50/50 - 10s - 194ms/step - loss: 0.3845 - val_loss: 0.3662
Epoch 108/500
50/50 - 10s - 202ms/step - loss: 0.3842 - val_loss: 0.3659
Epoch 109/500
50/50 - 10s - 207ms/step - loss: 0.3839 - val_loss: 0.3655
Epoch 110/500
50/50 - 10s - 202ms/step - loss: 0.3836 - val_loss: 0.3652
Epoch 111/500
50/50 - 10s - 200ms/step - loss: 0.3833 - val_loss: 0.3648
Epoch 112/500
50/50 - 10s - 196ms/step - loss: 0.3830 - val_loss: 0.3645
Epoch 113/500
50/50 - 10s - 201ms/step - loss: 0.3827 - val_loss: 0.3642
Epoch 114/500
50/50 - 10s - 198ms/step - loss: 0.3824 - val_loss: 0.3639
Epoch 115/500
50/50 - 9s - 186ms/step - loss: 0.3821 - val_loss: 0.3636
Epoch 116/500
50/50 - 10s - 203ms/step - loss: 0.3819 - val_loss: 0.3633
Epoch 117/500
50/50 - 10s - 203ms/step - loss: 0.3816 - val_loss: 0.3630
Epoch 118/500
50/50 - 10s - 204ms/step - loss: 0.3813 - val_loss: 0.3627
Epoch 119/500
50/50 - 10s - 198ms/step - loss: 0.3811 - val_loss: 0.3624
Epoch 120/500
50/50 - 10s - 199ms/step - loss: 0.3808 - val_loss: 0.3621
Epoch 121/500
50/50 - 10s - 202ms/step - loss: 0.3805 - val_loss: 0.3618
Epoch 122/500
50/50 - 10s - 204ms/step - loss: 0.3803 - val_loss: 0.3615
Epoch 123/500
50/50 - 10s - 201ms/step - loss: 0.3800 - val_loss: 0.3613
Epoch 124/500
50/50 - 10s - 204ms/step - loss: 0.3798 - val_loss: 0.3610
Epoch 125/500
50/50 - 10s - 205ms/step - loss: 0.3795 - val_loss: 0.3607
Epoch 126/500
50/50 - 10s - 204ms/step - loss: 0.3793 - val_loss: 0.3605
Epoch 127/500
50/50 - 10s - 203ms/step - loss: 0.3791 - val_loss: 0.3602
Epoch 128/500
50/50 - 10s - 203ms/step - loss: 0.3788 - val_loss: 0.3599
Epoch 129/500
50/50 - 10s - 203ms/step - loss: 0.3786 - val_loss: 0.3597
Epoch 130/500
50/50 - 10s - 206ms/step - loss: 0.3784 - val_loss: 0.3594
Epoch 131/500
50/50 - 10s - 203ms/step - loss: 0.3782 - val_loss: 0.3592
Epoch 132/500
50/50 - 10s - 203ms/step - loss: 0.3780 - val_loss: 0.3590
Epoch 133/500
50/50 - 10s - 203ms/step - loss: 0.3777 - val_loss: 0.3587
Epoch 134/500
50/50 - 10s - 208ms/step - loss: 0.3775 - val_loss: 0.3585
Epoch 135/500
50/50 - 10s - 205ms/step - loss: 0.3773 - val_loss: 0.3582
Epoch 136/500
50/50 - 10s - 203ms/step - loss: 0.3771 - val_loss: 0.3580
Epoch 137/500
50/50 - 10s - 200ms/step - loss: 0.3769 - val_loss: 0.3578
Epoch 138/500
50/50 - 10s - 206ms/step - loss: 0.3767 - val_loss: 0.3576
Epoch 139/500
50/50 - 10s - 202ms/step - loss: 0.3765 - val_loss: 0.3573
Epoch 140/500
50/50 - 10s - 203ms/step - loss: 0.3763 - val_loss: 0.3571
Epoch 141/500
50/50 - 10s - 201ms/step - loss: 0.3761 - val_loss: 0.3569
Epoch 142/500
50/50 - 10s - 202ms/step - loss: 0.3759 - val_loss: 0.3567
Epoch 143/500
50/50 - 10s - 204ms/step - loss: 0.3757 - val_loss: 0.3565
Epoch 144/500
50/50 - 10s - 203ms/step - loss: 0.3755 - val_loss: 0.3563
Epoch 145/500
50/50 - 10s - 203ms/step - loss: 0.3753 - val_loss: 0.3560
Epoch 146/500
50/50 - 10s - 204ms/step - loss: 0.3752 - val_loss: 0.3558
Epoch 147/500
50/50 - 10s - 206ms/step - loss: 0.3750 - val_loss: 0.3556
Epoch 148/500
50/50 - 10s - 207ms/step - loss: 0.3748 - val_loss: 0.3554
Epoch 149/500
50/50 - 10s - 204ms/step - loss: 0.3746 - val_loss: 0.3552
Epoch 150/500
50/50 - 10s - 205ms/step - loss: 0.3745 - val_loss: 0.3550
Epoch 151/500
50/50 - 10s - 204ms/step - loss: 0.3743 - val_loss: 0.3548
Epoch 152/500
50/50 - 10s - 206ms/step - loss: 0.3741 - val_loss: 0.3546
Epoch 153/500
50/50 - 10s - 207ms/step - loss: 0.3739 - val_loss: 0.3544
Epoch 154/500
50/50 - 10s - 203ms/step - loss: 0.3738 - val_loss: 0.3543
Epoch 155/500
50/50 - 10s - 203ms/step - loss: 0.3736 - val_loss: 0.3541
Epoch 156/500
50/50 - 10s - 202ms/step - loss: 0.3735 - val_loss: 0.3539
Epoch 157/500
50/50 - 10s - 201ms/step - loss: 0.3733 - val_loss: 0.3537
Epoch 158/500
50/50 - 10s - 205ms/step - loss: 0.3731 - val_loss: 0.3535
Epoch 159/500
50/50 - 10s - 203ms/step - loss: 0.3730 - val_loss: 0.3533
Epoch 160/500
50/50 - 10s - 204ms/step - loss: 0.3728 - val_loss: 0.3532
Epoch 161/500
50/50 - 10s - 203ms/step - loss: 0.3727 - val_loss: 0.3530
Epoch 162/500
50/50 - 10s - 203ms/step - loss: 0.3725 - val_loss: 0.3528
Epoch 163/500
50/50 - 10s - 199ms/step - loss: 0.3724 - val_loss: 0.3527
Epoch 164/500
50/50 - 10s - 199ms/step - loss: 0.3722 - val_loss: 0.3525
Epoch 165/500
50/50 - 10s - 202ms/step - loss: 0.3721 - val_loss: 0.3523
Epoch 166/500
50/50 - 10s - 199ms/step - loss: 0.3719 - val_loss: 0.3522
Epoch 167/500
50/50 - 10s - 206ms/step - loss: 0.3718 - val_loss: 0.3520
Epoch 168/500
50/50 - 10s - 204ms/step - loss: 0.3717 - val_loss: 0.3518
Epoch 169/500
50/50 - 10s - 206ms/step - loss: 0.3715 - val_loss: 0.3517
Epoch 170/500
50/50 - 10s - 203ms/step - loss: 0.3714 - val_loss: 0.3515
Epoch 171/500
50/50 - 10s - 205ms/step - loss: 0.3712 - val_loss: 0.3514
Epoch 172/500
50/50 - 10s - 206ms/step - loss: 0.3711 - val_loss: 0.3512
Epoch 173/500
50/50 - 10s - 205ms/step - loss: 0.3710 - val_loss: 0.3511
Epoch 174/500
50/50 - 10s - 204ms/step - loss: 0.3708 - val_loss: 0.3509
Epoch 175/500
50/50 - 10s - 205ms/step - loss: 0.3707 - val_loss: 0.3508
Epoch 176/500
50/50 - 10s - 205ms/step - loss: 0.3706 - val_loss: 0.3507
Epoch 177/500
50/50 - 10s - 205ms/step - loss: 0.3705 - val_loss: 0.3505
Epoch 178/500
50/50 - 10s - 203ms/step - loss: 0.3703 - val_loss: 0.3504
Epoch 179/500
50/50 - 10s - 204ms/step - loss: 0.3702 - val_loss: 0.3502
Epoch 180/500
50/50 - 10s - 205ms/step - loss: 0.3701 - val_loss: 0.3501
Epoch 181/500
50/50 - 10s - 206ms/step - loss: 0.3700 - val_loss: 0.3500
Epoch 182/500
50/50 - 10s - 205ms/step - loss: 0.3699 - val_loss: 0.3498
Epoch 183/500
50/50 - 10s - 204ms/step - loss: 0.3697 - val_loss: 0.3497
Epoch 184/500
50/50 - 10s - 203ms/step - loss: 0.3696 - val_loss: 0.3496
Epoch 185/500
50/50 - 10s - 201ms/step - loss: 0.3695 - val_loss: 0.3495
Epoch 186/500
50/50 - 10s - 203ms/step - loss: 0.3694 - val_loss: 0.3493
Epoch 187/500
50/50 - 10s - 204ms/step - loss: 0.3693 - val_loss: 0.3492
Epoch 188/500
50/50 - 10s - 204ms/step - loss: 0.3692 - val_loss: 0.3491
Epoch 189/500
50/50 - 10s - 206ms/step - loss: 0.3691 - val_loss: 0.3490
Epoch 190/500
50/50 - 10s - 204ms/step - loss: 0.3690 - val_loss: 0.3489
Epoch 191/500
50/50 - 10s - 207ms/step - loss: 0.3688 - val_loss: 0.3488
Epoch 192/500
50/50 - 10s - 203ms/step - loss: 0.3687 - val_loss: 0.3486
Epoch 193/500
50/50 - 10s - 203ms/step - loss: 0.3686 - val_loss: 0.3485
Epoch 194/500
50/50 - 10s - 203ms/step - loss: 0.3685 - val_loss: 0.3484
Epoch 195/500
50/50 - 10s - 205ms/step - loss: 0.3684 - val_loss: 0.3483
Epoch 196/500
50/50 - 10s - 199ms/step - loss: 0.3683 - val_loss: 0.3482
Epoch 197/500
50/50 - 10s - 206ms/step - loss: 0.3682 - val_loss: 0.3481
Epoch 198/500
50/50 - 10s - 201ms/step - loss: 0.3681 - val_loss: 0.3480
Epoch 199/500
50/50 - 10s - 203ms/step - loss: 0.3680 - val_loss: 0.3479
Epoch 200/500
50/50 - 10s - 202ms/step - loss: 0.3679 - val_loss: 0.3478
Epoch 201/500
50/50 - 10s - 196ms/step - loss: 0.3678 - val_loss: 0.3477
Epoch 202/500
50/50 - 10s - 205ms/step - loss: 0.3677 - val_loss: 0.3476
Epoch 203/500
50/50 - 10s - 206ms/step - loss: 0.3676 - val_loss: 0.3475
Epoch 204/500
50/50 - 10s - 203ms/step - loss: 0.3676 - val_loss: 0.3474
Epoch 205/500
50/50 - 10s - 203ms/step - loss: 0.3675 - val_loss: 0.3473
Epoch 206/500
50/50 - 10s - 204ms/step - loss: 0.3674 - val_loss: 0.3472
Epoch 207/500
50/50 - 10s - 207ms/step - loss: 0.3673 - val_loss: 0.3471
Epoch 208/500
50/50 - 10s - 202ms/step - loss: 0.3672 - val_loss: 0.3470
Epoch 209/500
50/50 - 10s - 204ms/step - loss: 0.3671 - val_loss: 0.3470
Epoch 210/500
50/50 - 10s - 205ms/step - loss: 0.3670 - val_loss: 0.3469
Epoch 211/500
50/50 - 10s - 203ms/step - loss: 0.3669 - val_loss: 0.3468
Epoch 212/500
50/50 - 10s - 203ms/step - loss: 0.3668 - val_loss: 0.3467
Epoch 213/500
50/50 - 10s - 203ms/step - loss: 0.3668 - val_loss: 0.3466
Epoch 214/500
50/50 - 10s - 206ms/step - loss: 0.3667 - val_loss: 0.3465
Epoch 215/500
50/50 - 10s - 202ms/step - loss: 0.3666 - val_loss: 0.3465
Epoch 216/500
50/50 - 10s - 203ms/step - loss: 0.3665 - val_loss: 0.3464
Epoch 217/500
50/50 - 10s - 201ms/step - loss: 0.3664 - val_loss: 0.3463
Epoch 218/500
50/50 - 10s - 205ms/step - loss: 0.3664 - val_loss: 0.3462
Epoch 219/500
50/50 - 10s - 198ms/step - loss: 0.3663 - val_loss: 0.3461
Epoch 220/500
50/50 - 10s - 203ms/step - loss: 0.3662 - val_loss: 0.3461
Epoch 221/500
50/50 - 10s - 199ms/step - loss: 0.3661 - val_loss: 0.3460
Epoch 222/500
50/50 - 10s - 201ms/step - loss: 0.3660 - val_loss: 0.3459
Epoch 223/500
50/50 - 10s - 203ms/step - loss: 0.3660 - val_loss: 0.3459
Epoch 224/500
50/50 - 10s - 204ms/step - loss: 0.3659 - val_loss: 0.3458
Epoch 225/500
50/50 - 10s - 205ms/step - loss: 0.3658 - val_loss: 0.3457
Epoch 226/500
50/50 - 10s - 204ms/step - loss: 0.3657 - val_loss: 0.3456
Epoch 227/500
50/50 - 10s - 205ms/step - loss: 0.3657 - val_loss: 0.3456
Epoch 228/500
50/50 - 10s - 204ms/step - loss: 0.3656 - val_loss: 0.3455
Epoch 229/500
50/50 - 10s - 208ms/step - loss: 0.3655 - val_loss: 0.3454
Epoch 230/500
50/50 - 10s - 204ms/step - loss: 0.3654 - val_loss: 0.3454
Epoch 231/500
50/50 - 10s - 204ms/step - loss: 0.3654 - val_loss: 0.3453
Epoch 232/500
50/50 - 10s - 204ms/step - loss: 0.3653 - val_loss: 0.3453
Epoch 233/500
50/50 - 10s - 205ms/step - loss: 0.3652 - val_loss: 0.3452
Epoch 234/500
50/50 - 10s - 208ms/step - loss: 0.3651 - val_loss: 0.3451
Epoch 235/500
50/50 - 10s - 204ms/step - loss: 0.3651 - val_loss: 0.3451
Epoch 236/500
50/50 - 10s - 205ms/step - loss: 0.3650 - val_loss: 0.3450
Epoch 237/500
50/50 - 10s - 206ms/step - loss: 0.3649 - val_loss: 0.3450
Epoch 238/500
50/50 - 10s - 207ms/step - loss: 0.3649 - val_loss: 0.3449
Epoch 239/500
50/50 - 10s - 208ms/step - loss: 0.3648 - val_loss: 0.3448
Epoch 240/500
50/50 - 10s - 207ms/step - loss: 0.3647 - val_loss: 0.3448
Epoch 241/500
50/50 - 10s - 206ms/step - loss: 0.3647 - val_loss: 0.3447
Epoch 242/500
50/50 - 10s - 206ms/step - loss: 0.3646 - val_loss: 0.3447
Epoch 243/500
50/50 - 10s - 206ms/step - loss: 0.3645 - val_loss: 0.3446
Epoch 244/500
50/50 - 10s - 206ms/step - loss: 0.3645 - val_loss: 0.3446
Epoch 245/500
50/50 - 10s - 209ms/step - loss: 0.3644 - val_loss: 0.3445
Epoch 246/500
50/50 - 10s - 205ms/step - loss: 0.3643 - val_loss: 0.3445
Epoch 247/500
50/50 - 10s - 207ms/step - loss: 0.3643 - val_loss: 0.3444
Epoch 248/500
50/50 - 10s - 207ms/step - loss: 0.3642 - val_loss: 0.3444
Epoch 249/500
50/50 - 10s - 205ms/step - loss: 0.3641 - val_loss: 0.3443
Epoch 250/500
50/50 - 10s - 204ms/step - loss: 0.3641 - val_loss: 0.3443
Epoch 251/500
50/50 - 10s - 208ms/step - loss: 0.3640 - val_loss: 0.3442
Epoch 252/500
50/50 - 10s - 207ms/step - loss: 0.3640 - val_loss: 0.3442
Epoch 253/500
50/50 - 10s - 207ms/step - loss: 0.3639 - val_loss: 0.3441
Epoch 254/500
50/50 - 10s - 205ms/step - loss: 0.3638 - val_loss: 0.3441
Epoch 255/500
50/50 - 10s - 202ms/step - loss: 0.3638 - val_loss: 0.3440
Epoch 256/500
50/50 - 10s - 205ms/step - loss: 0.3637 - val_loss: 0.3440
Epoch 257/500
50/50 - 10s - 203ms/step - loss: 0.3637 - val_loss: 0.3439
Epoch 258/500
50/50 - 10s - 204ms/step - loss: 0.3636 - val_loss: 0.3439
Epoch 259/500
50/50 - 10s - 207ms/step - loss: 0.3635 - val_loss: 0.3438
Epoch 260/500
50/50 - 10s - 204ms/step - loss: 0.3635 - val_loss: 0.3438
Epoch 261/500
50/50 - 10s - 205ms/step - loss: 0.3634 - val_loss: 0.3437
Epoch 262/500
50/50 - 10s - 204ms/step - loss: 0.3634 - val_loss: 0.3437
Epoch 263/500
50/50 - 10s - 206ms/step - loss: 0.3633 - val_loss: 0.3436
Epoch 264/500
50/50 - 10s - 205ms/step - loss: 0.3633 - val_loss: 0.3436
Epoch 265/500
50/50 - 10s - 207ms/step - loss: 0.3632 - val_loss: 0.3435
Epoch 266/500
50/50 - 10s - 204ms/step - loss: 0.3632 - val_loss: 0.3435
Epoch 267/500
50/50 - 10s - 204ms/step - loss: 0.3631 - val_loss: 0.3434
Epoch 268/500
50/50 - 10s - 203ms/step - loss: 0.3630 - val_loss: 0.3434
Epoch 269/500
50/50 - 10s - 207ms/step - loss: 0.3630 - val_loss: 0.3434
Epoch 270/500
50/50 - 10s - 209ms/step - loss: 0.3629 - val_loss: 0.3433
Epoch 271/500
50/50 - 10s - 205ms/step - loss: 0.3629 - val_loss: 0.3433
Epoch 272/500
50/50 - 10s - 207ms/step - loss: 0.3628 - val_loss: 0.3432
Epoch 273/500
50/50 - 10s - 206ms/step - loss: 0.3628 - val_loss: 0.3432
Epoch 274/500
50/50 - 10s - 207ms/step - loss: 0.3627 - val_loss: 0.3431
Epoch 275/500
50/50 - 10s - 208ms/step - loss: 0.3627 - val_loss: 0.3431
Epoch 276/500
50/50 - 10s - 199ms/step - loss: 0.3626 - val_loss: 0.3430
Epoch 277/500
50/50 - 10s - 201ms/step - loss: 0.3626 - val_loss: 0.3430
Epoch 278/500
50/50 - 10s - 201ms/step - loss: 0.3625 - val_loss: 0.3429
Epoch 279/500
50/50 - 10s - 202ms/step - loss: 0.3625 - val_loss: 0.3429
Epoch 280/500
50/50 - 10s - 201ms/step - loss: 0.3624 - val_loss: 0.3429
Epoch 281/500
50/50 - 10s - 201ms/step - loss: 0.3624 - val_loss: 0.3428
Epoch 282/500
50/50 - 10s - 201ms/step - loss: 0.3623 - val_loss: 0.3428
Epoch 283/500
50/50 - 10s - 204ms/step - loss: 0.3623 - val_loss: 0.3427
Epoch 284/500
50/50 - 10s - 202ms/step - loss: 0.3622 - val_loss: 0.3427
Epoch 285/500
50/50 - 10s - 202ms/step - loss: 0.3622 - val_loss: 0.3426
Epoch 286/500
50/50 - 10s - 198ms/step - loss: 0.3621 - val_loss: 0.3426
Epoch 287/500
50/50 - 8s - 163ms/step - loss: 0.3621 - val_loss: 0.3425
Epoch 288/500
50/50 - 9s - 185ms/step - loss: 0.3620 - val_loss: 0.3425
Epoch 289/500
50/50 - 10s - 206ms/step - loss: 0.3620 - val_loss: 0.3425
Epoch 290/500
50/50 - 10s - 204ms/step - loss: 0.3620 - val_loss: 0.3424
Epoch 291/500
50/50 - 10s - 205ms/step - loss: 0.3619 - val_loss: 0.3424
Epoch 292/500
50/50 - 10s - 204ms/step - loss: 0.3619 - val_loss: 0.3423
Epoch 293/500
50/50 - 10s - 207ms/step - loss: 0.3618 - val_loss: 0.3423
Epoch 294/500
50/50 - 10s - 200ms/step - loss: 0.3618 - val_loss: 0.3423
Epoch 295/500
50/50 - 10s - 203ms/step - loss: 0.3617 - val_loss: 0.3422
Epoch 296/500
50/50 - 10s - 203ms/step - loss: 0.3617 - val_loss: 0.3422
Epoch 297/500
50/50 - 10s - 204ms/step - loss: 0.3616 - val_loss: 0.3421
Epoch 298/500
50/50 - 10s - 204ms/step - loss: 0.3616 - val_loss: 0.3421
Epoch 299/500
50/50 - 10s - 205ms/step - loss: 0.3616 - val_loss: 0.3420
Epoch 300/500
50/50 - 10s - 206ms/step - loss: 0.3615 - val_loss: 0.3420
Epoch 301/500
50/50 - 10s - 203ms/step - loss: 0.3615 - val_loss: 0.3420
Epoch 302/500
50/50 - 10s - 204ms/step - loss: 0.3614 - val_loss: 0.3419
Epoch 303/500
50/50 - 10s - 206ms/step - loss: 0.3614 - val_loss: 0.3419
Epoch 304/500
50/50 - 10s - 203ms/step - loss: 0.3613 - val_loss: 0.3419
Epoch 305/500
50/50 - 10s - 205ms/step - loss: 0.3613 - val_loss: 0.3418
Epoch 306/500
50/50 - 10s - 206ms/step - loss: 0.3613 - val_loss: 0.3418
Epoch 307/500
50/50 - 10s - 203ms/step - loss: 0.3612 - val_loss: 0.3417
Epoch 308/500
50/50 - 10s - 205ms/step - loss: 0.3612 - val_loss: 0.3417
Epoch 309/500
50/50 - 10s - 205ms/step - loss: 0.3611 - val_loss: 0.3417
Epoch 310/500
50/50 - 10s - 203ms/step - loss: 0.3611 - val_loss: 0.3416
Epoch 311/500
50/50 - 10s - 201ms/step - loss: 0.3611 - val_loss: 0.3416
Epoch 312/500
50/50 - 10s - 201ms/step - loss: 0.3610 - val_loss: 0.3416
Epoch 313/500
50/50 - 10s - 204ms/step - loss: 0.3610 - val_loss: 0.3415
Epoch 314/500
50/50 - 10s - 205ms/step - loss: 0.3609 - val_loss: 0.3415
Epoch 315/500
50/50 - 10s - 203ms/step - loss: 0.3609 - val_loss: 0.3414
Epoch 316/500
50/50 - 10s - 205ms/step - loss: 0.3609 - val_loss: 0.3414
Epoch 317/500
50/50 - 10s - 204ms/step - loss: 0.3608 - val_loss: 0.3414
Epoch 318/500
50/50 - 10s - 204ms/step - loss: 0.3608 - val_loss: 0.3413
Epoch 319/500
50/50 - 10s - 205ms/step - loss: 0.3607 - val_loss: 0.3413
Epoch 320/500
50/50 - 10s - 206ms/step - loss: 0.3607 - val_loss: 0.3413
Epoch 321/500
50/50 - 10s - 203ms/step - loss: 0.3607 - val_loss: 0.3413
Epoch 322/500
50/50 - 10s - 204ms/step - loss: 0.3606 - val_loss: 0.3412
Epoch 323/500
50/50 - 10s - 203ms/step - loss: 0.3606 - val_loss: 0.3412
Epoch 324/500
50/50 - 10s - 205ms/step - loss: 0.3606 - val_loss: 0.3412
Epoch 325/500
50/50 - 10s - 203ms/step - loss: 0.3605 - val_loss: 0.3411
Epoch 326/500
50/50 - 10s - 203ms/step - loss: 0.3605 - val_loss: 0.3411
Epoch 327/500
50/50 - 10s - 204ms/step - loss: 0.3605 - val_loss: 0.3411
Epoch 328/500
50/50 - 10s - 201ms/step - loss: 0.3604 - val_loss: 0.3410
Epoch 329/500
50/50 - 10s - 203ms/step - loss: 0.3604 - val_loss: 0.3410
Epoch 330/500
50/50 - 10s - 199ms/step - loss: 0.3604 - val_loss: 0.3410
Epoch 331/500
50/50 - 10s - 203ms/step - loss: 0.3603 - val_loss: 0.3409
Epoch 332/500
50/50 - 10s - 205ms/step - loss: 0.3603 - val_loss: 0.3409
Epoch 333/500
50/50 - 10s - 199ms/step - loss: 0.3603 - val_loss: 0.3409
Epoch 334/500
50/50 - 10s - 205ms/step - loss: 0.3602 - val_loss: 0.3409
Epoch 335/500
50/50 - 10s - 205ms/step - loss: 0.3602 - val_loss: 0.3408
Epoch 336/500
50/50 - 10s - 199ms/step - loss: 0.3602 - val_loss: 0.3408
Epoch 337/500
50/50 - 10s - 202ms/step - loss: 0.3601 - val_loss: 0.3408
Epoch 338/500
50/50 - 10s - 202ms/step - loss: 0.3601 - val_loss: 0.3408
Epoch 339/500
50/50 - 10s - 200ms/step - loss: 0.3601 - val_loss: 0.3407
Epoch 340/500
50/50 - 10s - 205ms/step - loss: 0.3600 - val_loss: 0.3407
Epoch 341/500
50/50 - 10s - 201ms/step - loss: 0.3600 - val_loss: 0.3407
Epoch 342/500
50/50 - 10s - 200ms/step - loss: 0.3600 - val_loss: 0.3407
Epoch 343/500
50/50 - 10s - 202ms/step - loss: 0.3599 - val_loss: 0.3406
Epoch 344/500
50/50 - 10s - 203ms/step - loss: 0.3599 - val_loss: 0.3406
Epoch 345/500
50/50 - 10s - 202ms/step - loss: 0.3599 - val_loss: 0.3406
Epoch 346/500
50/50 - 10s - 204ms/step - loss: 0.3598 - val_loss: 0.3406
Epoch 347/500
50/50 - 10s - 205ms/step - loss: 0.3598 - val_loss: 0.3405
Epoch 348/500
50/50 - 10s - 204ms/step - loss: 0.3598 - val_loss: 0.3405
Epoch 349/500
50/50 - 10s - 201ms/step - loss: 0.3597 - val_loss: 0.3405
Epoch 350/500
50/50 - 10s - 203ms/step - loss: 0.3597 - val_loss: 0.3405
Epoch 351/500
50/50 - 10s - 202ms/step - loss: 0.3597 - val_loss: 0.3404
Epoch 352/500
50/50 - 10s - 204ms/step - loss: 0.3597 - val_loss: 0.3404
Epoch 353/500
50/50 - 10s - 202ms/step - loss: 0.3596 - val_loss: 0.3404
Epoch 354/500
50/50 - 10s - 202ms/step - loss: 0.3596 - val_loss: 0.3404
Epoch 355/500
50/50 - 10s - 205ms/step - loss: 0.3596 - val_loss: 0.3404
Epoch 356/500
50/50 - 10s - 205ms/step - loss: 0.3595 - val_loss: 0.3403
Epoch 357/500
50/50 - 10s - 204ms/step - loss: 0.3595 - val_loss: 0.3403
Epoch 358/500
50/50 - 10s - 204ms/step - loss: 0.3595 - val_loss: 0.3403
Epoch 359/500
50/50 - 10s - 203ms/step - loss: 0.3595 - val_loss: 0.3403
Epoch 360/500
50/50 - 10s - 206ms/step - loss: 0.3594 - val_loss: 0.3403
Epoch 361/500
50/50 - 10s - 206ms/step - loss: 0.3594 - val_loss: 0.3402
Epoch 362/500
50/50 - 10s - 206ms/step - loss: 0.3594 - val_loss: 0.3402
Epoch 363/500
50/50 - 10s - 205ms/step - loss: 0.3593 - val_loss: 0.3402
Epoch 364/500
50/50 - 10s - 204ms/step - loss: 0.3593 - val_loss: 0.3402
Epoch 365/500
50/50 - 10s - 204ms/step - loss: 0.3593 - val_loss: 0.3402
Epoch 366/500
50/50 - 10s - 202ms/step - loss: 0.3593 - val_loss: 0.3401
Epoch 367/500
50/50 - 10s - 201ms/step - loss: 0.3592 - val_loss: 0.3401
Epoch 368/500
50/50 - 10s - 203ms/step - loss: 0.3592 - val_loss: 0.3401
Epoch 369/500
50/50 - 10s - 205ms/step - loss: 0.3592 - val_loss: 0.3401
Epoch 370/500
50/50 - 10s - 205ms/step - loss: 0.3592 - val_loss: 0.3401
Epoch 371/500
50/50 - 10s - 204ms/step - loss: 0.3591 - val_loss: 0.3400
Epoch 372/500
50/50 - 10s - 201ms/step - loss: 0.3591 - val_loss: 0.3400
Epoch 373/500
50/50 - 10s - 204ms/step - loss: 0.3591 - val_loss: 0.3400
Epoch 374/500
50/50 - 10s - 205ms/step - loss: 0.3591 - val_loss: 0.3400
Epoch 375/500
50/50 - 10s - 205ms/step - loss: 0.3590 - val_loss: 0.3400
Epoch 376/500
50/50 - 10s - 202ms/step - loss: 0.3590 - val_loss: 0.3400
Epoch 377/500
50/50 - 10s - 204ms/step - loss: 0.3590 - val_loss: 0.3399
Epoch 378/500
50/50 - 10s - 204ms/step - loss: 0.3589 - val_loss: 0.3399
Epoch 379/500
50/50 - 10s - 203ms/step - loss: 0.3589 - val_loss: 0.3399
Epoch 380/500
50/50 - 10s - 201ms/step - loss: 0.3589 - val_loss: 0.3399
Epoch 381/500
50/50 - 10s - 201ms/step - loss: 0.3589 - val_loss: 0.3399
Epoch 382/500
50/50 - 10s - 202ms/step - loss: 0.3588 - val_loss: 0.3399
Epoch 383/500
50/50 - 10s - 204ms/step - loss: 0.3588 - val_loss: 0.3398
Epoch 384/500
50/50 - 10s - 203ms/step - loss: 0.3588 - val_loss: 0.3398
Epoch 385/500
50/50 - 10s - 200ms/step - loss: 0.3588 - val_loss: 0.3398
Epoch 386/500
50/50 - 10s - 202ms/step - loss: 0.3587 - val_loss: 0.3398
Epoch 387/500
50/50 - 10s - 206ms/step - loss: 0.3587 - val_loss: 0.3398
Epoch 388/500
50/50 - 10s - 205ms/step - loss: 0.3587 - val_loss: 0.3398
Epoch 389/500
50/50 - 10s - 201ms/step - loss: 0.3587 - val_loss: 0.3397
Epoch 390/500
50/50 - 10s - 204ms/step - loss: 0.3586 - val_loss: 0.3397
Epoch 391/500
50/50 - 10s - 204ms/step - loss: 0.3586 - val_loss: 0.3397
Epoch 392/500
50/50 - 10s - 199ms/step - loss: 0.3586 - val_loss: 0.3397
Epoch 393/500
50/50 - 10s - 201ms/step - loss: 0.3586 - val_loss: 0.3397
Epoch 394/500
50/50 - 10s - 203ms/step - loss: 0.3586 - val_loss: 0.3397
Epoch 395/500
50/50 - 10s - 191ms/step - loss: 0.3585 - val_loss: 0.3397
Epoch 396/500
50/50 - 10s - 201ms/step - loss: 0.3585 - val_loss: 0.3396
Epoch 397/500
50/50 - 10s - 205ms/step - loss: 0.3585 - val_loss: 0.3396
Epoch 398/500
50/50 - 10s - 203ms/step - loss: 0.3585 - val_loss: 0.3396
Epoch 399/500
50/50 - 10s - 202ms/step - loss: 0.3584 - val_loss: 0.3396
Epoch 400/500
50/50 - 10s - 205ms/step - loss: 0.3584 - val_loss: 0.3396
Epoch 401/500
50/50 - 10s - 201ms/step - loss: 0.3584 - val_loss: 0.3396
Epoch 402/500
50/50 - 10s - 207ms/step - loss: 0.3584 - val_loss: 0.3396
Epoch 403/500
50/50 - 10s - 201ms/step - loss: 0.3583 - val_loss: 0.3395
Epoch 404/500
50/50 - 10s - 198ms/step - loss: 0.3583 - val_loss: 0.3395
Epoch 405/500
50/50 - 10s - 203ms/step - loss: 0.3583 - val_loss: 0.3395
Epoch 406/500
50/50 - 10s - 196ms/step - loss: 0.3583 - val_loss: 0.3395
Epoch 407/500
50/50 - 10s - 201ms/step - loss: 0.3582 - val_loss: 0.3395
Epoch 408/500
50/50 - 10s - 202ms/step - loss: 0.3582 - val_loss: 0.3395
Epoch 409/500
50/50 - 10s - 205ms/step - loss: 0.3582 - val_loss: 0.3395
Epoch 410/500
50/50 - 10s - 205ms/step - loss: 0.3582 - val_loss: 0.3395
Epoch 411/500
50/50 - 10s - 202ms/step - loss: 0.3582 - val_loss: 0.3395
Epoch 412/500
50/50 - 10s - 203ms/step - loss: 0.3581 - val_loss: 0.3394
Epoch 413/500
50/50 - 10s - 203ms/step - loss: 0.3581 - val_loss: 0.3394
Epoch 414/500
50/50 - 10s - 205ms/step - loss: 0.3581 - val_loss: 0.3394
Epoch 415/500
50/50 - 10s - 202ms/step - loss: 0.3581 - val_loss: 0.3394
Epoch 416/500
50/50 - 10s - 204ms/step - loss: 0.3580 - val_loss: 0.3394
Epoch 417/500
50/50 - 10s - 205ms/step - loss: 0.3580 - val_loss: 0.3394
Epoch 418/500
50/50 - 10s - 205ms/step - loss: 0.3580 - val_loss: 0.3394
Epoch 419/500
50/50 - 10s - 204ms/step - loss: 0.3580 - val_loss: 0.3394
Epoch 420/500
50/50 - 10s - 202ms/step - loss: 0.3580 - val_loss: 0.3394
Epoch 421/500
50/50 - 10s - 205ms/step - loss: 0.3579 - val_loss: 0.3393
Epoch 422/500
50/50 - 10s - 201ms/step - loss: 0.3579 - val_loss: 0.3393
Epoch 423/500
50/50 - 10s - 202ms/step - loss: 0.3579 - val_loss: 0.3393
Epoch 424/500
50/50 - 10s - 205ms/step - loss: 0.3579 - val_loss: 0.3393
Epoch 425/500
50/50 - 10s - 206ms/step - loss: 0.3579 - val_loss: 0.3393
Epoch 426/500
50/50 - 10s - 206ms/step - loss: 0.3578 - val_loss: 0.3393
Epoch 427/500
50/50 - 10s - 205ms/step - loss: 0.3578 - val_loss: 0.3393
Epoch 428/500
50/50 - 10s - 204ms/step - loss: 0.3578 - val_loss: 0.3393
Epoch 429/500
50/50 - 10s - 205ms/step - loss: 0.3578 - val_loss: 0.3393
Epoch 430/500
50/50 - 10s - 204ms/step - loss: 0.3577 - val_loss: 0.3393
[Run 2/5] Training shared encoder (weighted, sigmoid head, baseline preprocessing)...
Epoch 1/500
50/50 - 13s - 266ms/step - loss: 1.0313 - val_loss: 0.9741
Epoch 2/500
50/50 - 11s - 211ms/step - loss: 0.9426 - val_loss: 0.8869
Epoch 3/500
50/50 - 10s - 205ms/step - loss: 0.8627 - val_loss: 0.8132
Epoch 4/500
50/50 - 11s - 214ms/step - loss: 0.7959 - val_loss: 0.7530
Epoch 5/500
50/50 - 11s - 216ms/step - loss: 0.7414 - val_loss: 0.7041
Epoch 6/500
50/50 - 10s - 209ms/step - loss: 0.6974 - val_loss: 0.6645
Epoch 7/500
50/50 - 11s - 213ms/step - loss: 0.6618 - val_loss: 0.6325
Epoch 8/500
50/50 - 11s - 213ms/step - loss: 0.6330 - val_loss: 0.6068
Epoch 9/500
50/50 - 11s - 213ms/step - loss: 0.6095 - val_loss: 0.5858
Epoch 10/500
50/50 - 10s - 207ms/step - loss: 0.5905 - val_loss: 0.5684
Epoch 11/500
50/50 - 11s - 214ms/step - loss: 0.5750 - val_loss: 0.5537
Epoch 12/500
50/50 - 11s - 210ms/step - loss: 0.5620 - val_loss: 0.5411
Epoch 13/500
50/50 - 11s - 210ms/step - loss: 0.5508 - val_loss: 0.5303
Epoch 14/500
50/50 - 11s - 213ms/step - loss: 0.5412 - val_loss: 0.5207
Epoch 15/500
50/50 - 11s - 213ms/step - loss: 0.5328 - val_loss: 0.5123
Epoch 16/500
50/50 - 11s - 212ms/step - loss: 0.5253 - val_loss: 0.5049
Epoch 17/500
50/50 - 11s - 211ms/step - loss: 0.5186 - val_loss: 0.4982
Epoch 18/500
50/50 - 11s - 212ms/step - loss: 0.5127 - val_loss: 0.4922
Epoch 19/500
50/50 - 11s - 211ms/step - loss: 0.5074 - val_loss: 0.4868
Epoch 20/500
50/50 - 11s - 214ms/step - loss: 0.5025 - val_loss: 0.4818
Epoch 21/500
50/50 - 11s - 213ms/step - loss: 0.4981 - val_loss: 0.4773
Epoch 22/500
50/50 - 11s - 211ms/step - loss: 0.4941 - val_loss: 0.4732
Epoch 23/500
50/50 - 11s - 212ms/step - loss: 0.4904 - val_loss: 0.4693
Epoch 24/500
50/50 - 11s - 212ms/step - loss: 0.4870 - val_loss: 0.4658
Epoch 25/500
50/50 - 11s - 210ms/step - loss: 0.4838 - val_loss: 0.4624
Epoch 26/500
50/50 - 11s - 215ms/step - loss: 0.4808 - val_loss: 0.4593
Epoch 27/500
50/50 - 11s - 213ms/step - loss: 0.4781 - val_loss: 0.4564
Epoch 28/500
50/50 - 11s - 212ms/step - loss: 0.4755 - val_loss: 0.4537
Epoch 29/500
50/50 - 11s - 211ms/step - loss: 0.4730 - val_loss: 0.4511
Epoch 30/500
50/50 - 11s - 210ms/step - loss: 0.4707 - val_loss: 0.4486
Epoch 31/500
50/50 - 11s - 213ms/step - loss: 0.4686 - val_loss: 0.4463
Epoch 32/500
50/50 - 11s - 212ms/step - loss: 0.4665 - val_loss: 0.4440
Epoch 33/500
50/50 - 11s - 211ms/step - loss: 0.4645 - val_loss: 0.4419
Epoch 34/500
50/50 - 11s - 212ms/step - loss: 0.4627 - val_loss: 0.4399
Epoch 35/500
50/50 - 11s - 213ms/step - loss: 0.4609 - val_loss: 0.4379
Epoch 36/500
50/50 - 11s - 212ms/step - loss: 0.4592 - val_loss: 0.4361
Epoch 37/500
50/50 - 11s - 214ms/step - loss: 0.4575 - val_loss: 0.4343
Epoch 38/500
50/50 - 11s - 214ms/step - loss: 0.4560 - val_loss: 0.4325
Epoch 39/500
50/50 - 11s - 211ms/step - loss: 0.4545 - val_loss: 0.4309
Epoch 40/500
50/50 - 11s - 211ms/step - loss: 0.4530 - val_loss: 0.4293
Epoch 41/500
50/50 - 11s - 213ms/step - loss: 0.4516 - val_loss: 0.4277
Epoch 42/500
50/50 - 11s - 211ms/step - loss: 0.4503 - val_loss: 0.4262
Epoch 43/500
50/50 - 10s - 209ms/step - loss: 0.4490 - val_loss: 0.4248
Epoch 44/500
50/50 - 10s - 209ms/step - loss: 0.4477 - val_loss: 0.4233
Epoch 45/500
50/50 - 10s - 209ms/step - loss: 0.4465 - val_loss: 0.4220
Epoch 46/500
50/50 - 11s - 211ms/step - loss: 0.4453 - val_loss: 0.4207
Epoch 47/500
50/50 - 11s - 212ms/step - loss: 0.4442 - val_loss: 0.4194
Epoch 48/500
50/50 - 11s - 213ms/step - loss: 0.4431 - val_loss: 0.4182
Epoch 49/500
50/50 - 10s - 208ms/step - loss: 0.4420 - val_loss: 0.4170
Epoch 50/500
50/50 - 11s - 212ms/step - loss: 0.4410 - val_loss: 0.4158
Epoch 51/500
50/50 - 11s - 216ms/step - loss: 0.4399 - val_loss: 0.4147
Epoch 52/500
50/50 - 11s - 212ms/step - loss: 0.4390 - val_loss: 0.4136
Epoch 53/500
50/50 - 11s - 214ms/step - loss: 0.4380 - val_loss: 0.4125
Epoch 54/500
50/50 - 11s - 213ms/step - loss: 0.4371 - val_loss: 0.4115
Epoch 55/500
50/50 - 11s - 211ms/step - loss: 0.4362 - val_loss: 0.4104
Epoch 56/500
50/50 - 11s - 213ms/step - loss: 0.4353 - val_loss: 0.4095
Epoch 57/500
50/50 - 11s - 214ms/step - loss: 0.4344 - val_loss: 0.4085
Epoch 58/500
50/50 - 11s - 213ms/step - loss: 0.4336 - val_loss: 0.4076
Epoch 59/500
50/50 - 11s - 210ms/step - loss: 0.4328 - val_loss: 0.4067
Epoch 60/500
50/50 - 10s - 209ms/step - loss: 0.4320 - val_loss: 0.4058
Epoch 61/500
50/50 - 11s - 214ms/step - loss: 0.4312 - val_loss: 0.4049
Epoch 62/500
50/50 - 11s - 215ms/step - loss: 0.4304 - val_loss: 0.4041
Epoch 63/500
50/50 - 11s - 212ms/step - loss: 0.4297 - val_loss: 0.4033
Epoch 64/500
50/50 - 11s - 210ms/step - loss: 0.4290 - val_loss: 0.4025
Epoch 65/500
50/50 - 11s - 212ms/step - loss: 0.4283 - val_loss: 0.4017
Epoch 66/500
50/50 - 11s - 212ms/step - loss: 0.4276 - val_loss: 0.4009
Epoch 67/500
50/50 - 11s - 213ms/step - loss: 0.4269 - val_loss: 0.4002
Epoch 68/500
50/50 - 11s - 211ms/step - loss: 0.4262 - val_loss: 0.3995
Epoch 69/500
50/50 - 11s - 213ms/step - loss: 0.4256 - val_loss: 0.3988
Epoch 70/500
50/50 - 11s - 211ms/step - loss: 0.4249 - val_loss: 0.3981
Epoch 71/500
50/50 - 10s - 208ms/step - loss: 0.4243 - val_loss: 0.3974
Epoch 72/500
50/50 - 10s - 208ms/step - loss: 0.4237 - val_loss: 0.3967
Epoch 73/500
50/50 - 11s - 213ms/step - loss: 0.4231 - val_loss: 0.3961
Epoch 74/500
50/50 - 11s - 212ms/step - loss: 0.4225 - val_loss: 0.3954
Epoch 75/500
50/50 - 11s - 213ms/step - loss: 0.4219 - val_loss: 0.3948
Epoch 76/500
50/50 - 11s - 212ms/step - loss: 0.4213 - val_loss: 0.3942
Epoch 77/500
50/50 - 11s - 215ms/step - loss: 0.4208 - val_loss: 0.3936
Epoch 78/500
50/50 - 11s - 210ms/step - loss: 0.4202 - val_loss: 0.3930
Epoch 79/500
50/50 - 11s - 211ms/step - loss: 0.4197 - val_loss: 0.3925
Epoch 80/500
50/50 - 11s - 212ms/step - loss: 0.4191 - val_loss: 0.3919
Epoch 81/500
50/50 - 11s - 211ms/step - loss: 0.4186 - val_loss: 0.3914
Epoch 82/500
50/50 - 11s - 212ms/step - loss: 0.4181 - val_loss: 0.3908
Epoch 83/500
50/50 - 11s - 213ms/step - loss: 0.4176 - val_loss: 0.3903
Epoch 84/500
50/50 - 11s - 211ms/step - loss: 0.4171 - val_loss: 0.3898
Epoch 85/500
50/50 - 11s - 217ms/step - loss: 0.4166 - val_loss: 0.3893
Epoch 86/500
50/50 - 11s - 212ms/step - loss: 0.4161 - val_loss: 0.3888
Epoch 87/500
50/50 - 11s - 215ms/step - loss: 0.4157 - val_loss: 0.3883
Epoch 88/500
50/50 - 11s - 215ms/step - loss: 0.4152 - val_loss: 0.3878
Epoch 89/500
50/50 - 11s - 215ms/step - loss: 0.4147 - val_loss: 0.3873
Epoch 90/500
50/50 - 11s - 215ms/step - loss: 0.4143 - val_loss: 0.3869
Epoch 91/500
50/50 - 11s - 218ms/step - loss: 0.4138 - val_loss: 0.3864
Epoch 92/500
50/50 - 11s - 214ms/step - loss: 0.4134 - val_loss: 0.3860
Epoch 93/500
50/50 - 11s - 216ms/step - loss: 0.4130 - val_loss: 0.3855
Epoch 94/500
50/50 - 11s - 215ms/step - loss: 0.4126 - val_loss: 0.3851
Epoch 95/500
50/50 - 11s - 218ms/step - loss: 0.4121 - val_loss: 0.3847
Epoch 96/500
50/50 - 11s - 217ms/step - loss: 0.4117 - val_loss: 0.3843
Epoch 97/500
50/50 - 11s - 215ms/step - loss: 0.4113 - val_loss: 0.3838
Epoch 98/500
50/50 - 11s - 215ms/step - loss: 0.4109 - val_loss: 0.3834
Epoch 99/500
50/50 - 11s - 214ms/step - loss: 0.4105 - val_loss: 0.3830
Epoch 100/500
50/50 - 11s - 215ms/step - loss: 0.4102 - val_loss: 0.3826
Epoch 101/500
50/50 - 11s - 212ms/step - loss: 0.4098 - val_loss: 0.3823
Epoch 102/500
50/50 - 11s - 215ms/step - loss: 0.4094 - val_loss: 0.3819
Epoch 103/500
50/50 - 11s - 218ms/step - loss: 0.4090 - val_loss: 0.3815
Epoch 104/500
50/50 - 11s - 216ms/step - loss: 0.4087 - val_loss: 0.3811
Epoch 105/500
50/50 - 11s - 214ms/step - loss: 0.4083 - val_loss: 0.3808
Epoch 106/500
50/50 - 11s - 216ms/step - loss: 0.4080 - val_loss: 0.3804
Epoch 107/500
50/50 - 11s - 217ms/step - loss: 0.4076 - val_loss: 0.3801
Epoch 108/500
50/50 - 11s - 217ms/step - loss: 0.4073 - val_loss: 0.3798
Epoch 109/500
50/50 - 11s - 217ms/step - loss: 0.4069 - val_loss: 0.3794
Epoch 110/500
50/50 - 11s - 217ms/step - loss: 0.4066 - val_loss: 0.3791
Epoch 111/500
50/50 - 11s - 215ms/step - loss: 0.4063 - val_loss: 0.3788
Epoch 112/500
50/50 - 11s - 214ms/step - loss: 0.4060 - val_loss: 0.3785
Epoch 113/500
50/50 - 11s - 213ms/step - loss: 0.4057 - val_loss: 0.3782
Epoch 114/500
50/50 - 11s - 212ms/step - loss: 0.4053 - val_loss: 0.3779
Epoch 115/500
50/50 - 11s - 217ms/step - loss: 0.4050 - val_loss: 0.3776
Epoch 116/500
50/50 - 11s - 216ms/step - loss: 0.4047 - val_loss: 0.3773
Epoch 117/500
50/50 - 11s - 215ms/step - loss: 0.4044 - val_loss: 0.3770
Epoch 118/500
50/50 - 11s - 214ms/step - loss: 0.4042 - val_loss: 0.3767
Epoch 119/500
50/50 - 11s - 214ms/step - loss: 0.4039 - val_loss: 0.3765
Epoch 120/500
50/50 - 11s - 215ms/step - loss: 0.4036 - val_loss: 0.3762
Epoch 121/500
50/50 - 11s - 213ms/step - loss: 0.4033 - val_loss: 0.3759
Epoch 122/500
50/50 - 11s - 214ms/step - loss: 0.4031 - val_loss: 0.3757
Epoch 123/500
50/50 - 11s - 214ms/step - loss: 0.4028 - val_loss: 0.3754
Epoch 124/500
50/50 - 11s - 215ms/step - loss: 0.4025 - val_loss: 0.3752
Epoch 125/500
50/50 - 11s - 213ms/step - loss: 0.4023 - val_loss: 0.3749
Epoch 126/500
50/50 - 11s - 210ms/step - loss: 0.4020 - val_loss: 0.3747
Epoch 127/500
50/50 - 11s - 214ms/step - loss: 0.4018 - val_loss: 0.3744
Epoch 128/500
50/50 - 11s - 215ms/step - loss: 0.4015 - val_loss: 0.3742
Epoch 129/500
50/50 - 11s - 213ms/step - loss: 0.4013 - val_loss: 0.3740
Epoch 130/500
50/50 - 11s - 215ms/step - loss: 0.4010 - val_loss: 0.3738
Epoch 131/500
50/50 - 11s - 212ms/step - loss: 0.4008 - val_loss: 0.3735
Epoch 132/500
50/50 - 10s - 209ms/step - loss: 0.4006 - val_loss: 0.3733
Epoch 133/500
50/50 - 8s - 162ms/step - loss: 0.4003 - val_loss: 0.3731
Epoch 134/500
50/50 - 9s - 182ms/step - loss: 0.4001 - val_loss: 0.3729
Epoch 135/500
50/50 - 11s - 213ms/step - loss: 0.3999 - val_loss: 0.3727
Epoch 136/500
50/50 - 11s - 214ms/step - loss: 0.3997 - val_loss: 0.3725
Epoch 137/500
50/50 - 11s - 218ms/step - loss: 0.3994 - val_loss: 0.3723
Epoch 138/500
50/50 - 11s - 215ms/step - loss: 0.3992 - val_loss: 0.3721
Epoch 139/500
50/50 - 11s - 217ms/step - loss: 0.3990 - val_loss: 0.3719
Epoch 140/500
50/50 - 11s - 214ms/step - loss: 0.3988 - val_loss: 0.3717
Epoch 141/500
50/50 - 11s - 214ms/step - loss: 0.3986 - val_loss: 0.3715
Epoch 142/500
50/50 - 11s - 212ms/step - loss: 0.3984 - val_loss: 0.3713
Epoch 143/500
50/50 - 11s - 214ms/step - loss: 0.3982 - val_loss: 0.3711
Epoch 144/500
50/50 - 11s - 215ms/step - loss: 0.3980 - val_loss: 0.3709
Epoch 145/500
50/50 - 11s - 212ms/step - loss: 0.3978 - val_loss: 0.3708
Epoch 146/500
50/50 - 11s - 213ms/step - loss: 0.3976 - val_loss: 0.3706
Epoch 147/500
50/50 - 11s - 210ms/step - loss: 0.3974 - val_loss: 0.3704
Epoch 148/500
50/50 - 11s - 214ms/step - loss: 0.3972 - val_loss: 0.3702
Epoch 149/500
50/50 - 11s - 214ms/step - loss: 0.3970 - val_loss: 0.3701
Epoch 150/500
50/50 - 11s - 214ms/step - loss: 0.3969 - val_loss: 0.3699
Epoch 151/500
50/50 - 11s - 215ms/step - loss: 0.3967 - val_loss: 0.3697
Epoch 152/500
50/50 - 11s - 213ms/step - loss: 0.3965 - val_loss: 0.3696
Epoch 153/500
50/50 - 11s - 217ms/step - loss: 0.3963 - val_loss: 0.3694
Epoch 154/500
50/50 - 10s - 210ms/step - loss: 0.3961 - val_loss: 0.3693
Epoch 155/500
50/50 - 10s - 203ms/step - loss: 0.3960 - val_loss: 0.3691
Epoch 156/500
50/50 - 11s - 215ms/step - loss: 0.3958 - val_loss: 0.3689
Epoch 157/500
50/50 - 11s - 212ms/step - loss: 0.3956 - val_loss: 0.3688
Epoch 158/500
50/50 - 11s - 214ms/step - loss: 0.3955 - val_loss: 0.3686
Epoch 159/500
50/50 - 11s - 210ms/step - loss: 0.3953 - val_loss: 0.3685
Epoch 160/500
50/50 - 11s - 213ms/step - loss: 0.3951 - val_loss: 0.3683
Epoch 161/500
50/50 - 10s - 209ms/step - loss: 0.3950 - val_loss: 0.3682
Epoch 162/500
50/50 - 11s - 213ms/step - loss: 0.3948 - val_loss: 0.3681
Epoch 163/500
50/50 - 11s - 211ms/step - loss: 0.3947 - val_loss: 0.3679
Epoch 164/500
50/50 - 11s - 212ms/step - loss: 0.3945 - val_loss: 0.3678
Epoch 165/500
50/50 - 11s - 216ms/step - loss: 0.3943 - val_loss: 0.3676
Epoch 166/500
50/50 - 11s - 213ms/step - loss: 0.3942 - val_loss: 0.3675
Epoch 167/500
50/50 - 11s - 211ms/step - loss: 0.3940 - val_loss: 0.3674
Epoch 168/500
50/50 - 11s - 213ms/step - loss: 0.3939 - val_loss: 0.3672
Epoch 169/500
50/50 - 11s - 211ms/step - loss: 0.3937 - val_loss: 0.3671
Epoch 170/500
50/50 - 11s - 216ms/step - loss: 0.3936 - val_loss: 0.3670
Epoch 171/500
50/50 - 11s - 213ms/step - loss: 0.3934 - val_loss: 0.3669
Epoch 172/500
50/50 - 11s - 214ms/step - loss: 0.3933 - val_loss: 0.3667
Epoch 173/500
50/50 - 11s - 214ms/step - loss: 0.3932 - val_loss: 0.3666
Epoch 174/500
50/50 - 11s - 213ms/step - loss: 0.3930 - val_loss: 0.3665
Epoch 175/500
50/50 - 11s - 213ms/step - loss: 0.3929 - val_loss: 0.3664
Epoch 176/500
50/50 - 11s - 214ms/step - loss: 0.3927 - val_loss: 0.3663
Epoch 177/500
50/50 - 11s - 212ms/step - loss: 0.3926 - val_loss: 0.3661
Epoch 178/500
50/50 - 11s - 212ms/step - loss: 0.3925 - val_loss: 0.3660
Epoch 179/500
50/50 - 11s - 214ms/step - loss: 0.3923 - val_loss: 0.3659
Epoch 180/500
50/50 - 11s - 213ms/step - loss: 0.3922 - val_loss: 0.3658
Epoch 181/500
50/50 - 11s - 216ms/step - loss: 0.3921 - val_loss: 0.3657
Epoch 182/500
50/50 - 11s - 211ms/step - loss: 0.3919 - val_loss: 0.3656
Epoch 183/500
50/50 - 11s - 214ms/step - loss: 0.3918 - val_loss: 0.3655
Epoch 184/500
50/50 - 10s - 209ms/step - loss: 0.3917 - val_loss: 0.3654
Epoch 185/500
50/50 - 11s - 214ms/step - loss: 0.3916 - val_loss: 0.3653
Epoch 186/500
50/50 - 11s - 211ms/step - loss: 0.3914 - val_loss: 0.3651
Epoch 187/500
50/50 - 11s - 212ms/step - loss: 0.3913 - val_loss: 0.3650
Epoch 188/500
50/50 - 11s - 213ms/step - loss: 0.3912 - val_loss: 0.3649
Epoch 189/500
50/50 - 11s - 213ms/step - loss: 0.3911 - val_loss: 0.3648
Epoch 190/500
50/50 - 11s - 211ms/step - loss: 0.3909 - val_loss: 0.3647
Epoch 191/500
50/50 - 10s - 209ms/step - loss: 0.3908 - val_loss: 0.3646
Epoch 192/500
50/50 - 11s - 211ms/step - loss: 0.3907 - val_loss: 0.3645
Epoch 193/500
50/50 - 11s - 211ms/step - loss: 0.3906 - val_loss: 0.3644
Epoch 194/500
50/50 - 11s - 214ms/step - loss: 0.3905 - val_loss: 0.3643
Epoch 195/500
50/50 - 11s - 211ms/step - loss: 0.3903 - val_loss: 0.3643
Epoch 196/500
50/50 - 11s - 210ms/step - loss: 0.3902 - val_loss: 0.3642
Epoch 197/500
50/50 - 10s - 207ms/step - loss: 0.3901 - val_loss: 0.3641
Epoch 198/500
50/50 - 10s - 209ms/step - loss: 0.3900 - val_loss: 0.3640
Epoch 199/500
50/50 - 10s - 209ms/step - loss: 0.3899 - val_loss: 0.3639
Epoch 200/500
50/50 - 11s - 212ms/step - loss: 0.3898 - val_loss: 0.3638
Epoch 201/500
50/50 - 10s - 209ms/step - loss: 0.3897 - val_loss: 0.3637
Epoch 202/500
50/50 - 11s - 214ms/step - loss: 0.3895 - val_loss: 0.3636
Epoch 203/500
50/50 - 11s - 212ms/step - loss: 0.3894 - val_loss: 0.3635
Epoch 204/500
50/50 - 11s - 214ms/step - loss: 0.3893 - val_loss: 0.3634
Epoch 205/500
50/50 - 11s - 211ms/step - loss: 0.3892 - val_loss: 0.3634
Epoch 206/500
50/50 - 11s - 211ms/step - loss: 0.3891 - val_loss: 0.3633
Epoch 207/500
50/50 - 11s - 212ms/step - loss: 0.3890 - val_loss: 0.3632
Epoch 208/500
50/50 - 11s - 214ms/step - loss: 0.3889 - val_loss: 0.3631
Epoch 209/500
50/50 - 11s - 211ms/step - loss: 0.3888 - val_loss: 0.3630
Epoch 210/500
50/50 - 11s - 213ms/step - loss: 0.3887 - val_loss: 0.3630
Epoch 211/500
50/50 - 11s - 212ms/step - loss: 0.3886 - val_loss: 0.3629
Epoch 212/500
50/50 - 11s - 211ms/step - loss: 0.3885 - val_loss: 0.3628
Epoch 213/500
50/50 - 11s - 212ms/step - loss: 0.3884 - val_loss: 0.3627
Epoch 214/500
50/50 - 11s - 214ms/step - loss: 0.3883 - val_loss: 0.3627
Epoch 215/500
50/50 - 11s - 213ms/step - loss: 0.3882 - val_loss: 0.3626
Epoch 216/500
50/50 - 11s - 211ms/step - loss: 0.3881 - val_loss: 0.3625
Epoch 217/500
50/50 - 11s - 210ms/step - loss: 0.3880 - val_loss: 0.3624
Epoch 218/500
50/50 - 11s - 215ms/step - loss: 0.3879 - val_loss: 0.3624
Epoch 219/500
50/50 - 11s - 215ms/step - loss: 0.3878 - val_loss: 0.3623
Epoch 220/500
50/50 - 11s - 210ms/step - loss: 0.3878 - val_loss: 0.3622
Epoch 221/500
50/50 - 11s - 211ms/step - loss: 0.3877 - val_loss: 0.3622
Epoch 222/500
50/50 - 11s - 210ms/step - loss: 0.3876 - val_loss: 0.3621
Epoch 223/500
50/50 - 11s - 212ms/step - loss: 0.3875 - val_loss: 0.3620
Epoch 224/500
50/50 - 11s - 211ms/step - loss: 0.3874 - val_loss: 0.3620
Epoch 225/500
50/50 - 11s - 212ms/step - loss: 0.3873 - val_loss: 0.3619
Epoch 226/500
50/50 - 11s - 212ms/step - loss: 0.3872 - val_loss: 0.3618
Epoch 227/500
50/50 - 11s - 213ms/step - loss: 0.3872 - val_loss: 0.3618
Epoch 228/500
50/50 - 11s - 211ms/step - loss: 0.3871 - val_loss: 0.3617
Epoch 229/500
50/50 - 11s - 212ms/step - loss: 0.3870 - val_loss: 0.3616
Epoch 230/500
50/50 - 11s - 214ms/step - loss: 0.3869 - val_loss: 0.3616
Epoch 231/500
50/50 - 11s - 212ms/step - loss: 0.3868 - val_loss: 0.3615
Epoch 232/500
50/50 - 11s - 213ms/step - loss: 0.3868 - val_loss: 0.3615
Epoch 233/500
50/50 - 11s - 215ms/step - loss: 0.3867 - val_loss: 0.3614
Epoch 234/500
50/50 - 11s - 212ms/step - loss: 0.3866 - val_loss: 0.3613
Epoch 235/500
50/50 - 11s - 217ms/step - loss: 0.3865 - val_loss: 0.3613
Epoch 236/500
50/50 - 11s - 215ms/step - loss: 0.3865 - val_loss: 0.3612
Epoch 237/500
50/50 - 11s - 216ms/step - loss: 0.3864 - val_loss: 0.3612
Epoch 238/500
50/50 - 11s - 214ms/step - loss: 0.3863 - val_loss: 0.3611
Epoch 239/500
50/50 - 11s - 214ms/step - loss: 0.3862 - val_loss: 0.3610
Epoch 240/500
50/50 - 11s - 214ms/step - loss: 0.3862 - val_loss: 0.3610
Epoch 241/500
50/50 - 11s - 215ms/step - loss: 0.3861 - val_loss: 0.3609
Epoch 242/500
50/50 - 11s - 215ms/step - loss: 0.3860 - val_loss: 0.3609
Epoch 243/500
50/50 - 11s - 214ms/step - loss: 0.3860 - val_loss: 0.3608
Epoch 244/500
50/50 - 11s - 213ms/step - loss: 0.3859 - val_loss: 0.3608
Epoch 245/500
50/50 - 11s - 212ms/step - loss: 0.3858 - val_loss: 0.3607
Epoch 246/500
50/50 - 11s - 212ms/step - loss: 0.3858 - val_loss: 0.3607
Epoch 247/500
50/50 - 11s - 215ms/step - loss: 0.3857 - val_loss: 0.3606
Epoch 248/500
50/50 - 11s - 211ms/step - loss: 0.3856 - val_loss: 0.3606
Epoch 249/500
50/50 - 11s - 215ms/step - loss: 0.3856 - val_loss: 0.3605
Epoch 250/500
50/50 - 11s - 215ms/step - loss: 0.3855 - val_loss: 0.3605
Epoch 251/500
50/50 - 11s - 214ms/step - loss: 0.3854 - val_loss: 0.3604
Epoch 252/500
50/50 - 11s - 217ms/step - loss: 0.3854 - val_loss: 0.3604
Epoch 253/500
50/50 - 11s - 214ms/step - loss: 0.3853 - val_loss: 0.3603
Epoch 254/500
50/50 - 11s - 216ms/step - loss: 0.3852 - val_loss: 0.3603
Epoch 255/500
50/50 - 11s - 213ms/step - loss: 0.3852 - val_loss: 0.3602
Epoch 256/500
50/50 - 11s - 215ms/step - loss: 0.3851 - val_loss: 0.3602
Epoch 257/500
50/50 - 11s - 215ms/step - loss: 0.3851 - val_loss: 0.3601
Epoch 258/500
50/50 - 11s - 217ms/step - loss: 0.3850 - val_loss: 0.3601
Epoch 259/500
50/50 - 11s - 217ms/step - loss: 0.3849 - val_loss: 0.3600
Epoch 260/500
50/50 - 11s - 214ms/step - loss: 0.3849 - val_loss: 0.3600
Epoch 261/500
50/50 - 11s - 216ms/step - loss: 0.3848 - val_loss: 0.3599
Epoch 262/500
50/50 - 11s - 214ms/step - loss: 0.3848 - val_loss: 0.3599
Epoch 263/500
50/50 - 11s - 215ms/step - loss: 0.3847 - val_loss: 0.3599
Epoch 264/500
50/50 - 11s - 212ms/step - loss: 0.3847 - val_loss: 0.3598
Epoch 265/500
50/50 - 10s - 205ms/step - loss: 0.3846 - val_loss: 0.3598
Epoch 266/500
50/50 - 11s - 215ms/step - loss: 0.3845 - val_loss: 0.3597
Epoch 267/500
50/50 - 10s - 210ms/step - loss: 0.3845 - val_loss: 0.3597
Epoch 268/500
50/50 - 11s - 215ms/step - loss: 0.3844 - val_loss: 0.3596
Epoch 269/500
50/50 - 11s - 211ms/step - loss: 0.3844 - val_loss: 0.3596
Epoch 270/500
50/50 - 11s - 213ms/step - loss: 0.3843 - val_loss: 0.3596
Epoch 271/500
50/50 - 11s - 214ms/step - loss: 0.3843 - val_loss: 0.3595
Epoch 272/500
50/50 - 11s - 213ms/step - loss: 0.3842 - val_loss: 0.3595
Epoch 273/500
50/50 - 11s - 212ms/step - loss: 0.3842 - val_loss: 0.3594
Epoch 274/500
50/50 - 11s - 215ms/step - loss: 0.3841 - val_loss: 0.3594
Epoch 275/500
50/50 - 11s - 215ms/step - loss: 0.3841 - val_loss: 0.3594
Epoch 276/500
50/50 - 11s - 215ms/step - loss: 0.3840 - val_loss: 0.3593
Epoch 277/500
50/50 - 11s - 212ms/step - loss: 0.3840 - val_loss: 0.3593
Epoch 278/500
50/50 - 10s - 209ms/step - loss: 0.3839 - val_loss: 0.3592
Epoch 279/500
50/50 - 11s - 213ms/step - loss: 0.3839 - val_loss: 0.3592
Epoch 280/500
50/50 - 10s - 210ms/step - loss: 0.3838 - val_loss: 0.3592
Epoch 281/500
50/50 - 11s - 212ms/step - loss: 0.3838 - val_loss: 0.3591
Epoch 282/500
50/50 - 11s - 215ms/step - loss: 0.3837 - val_loss: 0.3591
Epoch 283/500
50/50 - 11s - 214ms/step - loss: 0.3837 - val_loss: 0.3590
Epoch 284/500
50/50 - 11s - 217ms/step - loss: 0.3836 - val_loss: 0.3590
Epoch 285/500
50/50 - 11s - 213ms/step - loss: 0.3836 - val_loss: 0.3590
Epoch 286/500
50/50 - 11s - 212ms/step - loss: 0.3835 - val_loss: 0.3589
Epoch 287/500
50/50 - 11s - 214ms/step - loss: 0.3835 - val_loss: 0.3589
Epoch 288/500
50/50 - 11s - 216ms/step - loss: 0.3834 - val_loss: 0.3589
Epoch 289/500
50/50 - 11s - 214ms/step - loss: 0.3834 - val_loss: 0.3588
Epoch 290/500
50/50 - 10s - 210ms/step - loss: 0.3833 - val_loss: 0.3588
Epoch 291/500
50/50 - 11s - 211ms/step - loss: 0.3833 - val_loss: 0.3588
Epoch 292/500
50/50 - 11s - 215ms/step - loss: 0.3832 - val_loss: 0.3587
Epoch 293/500
50/50 - 11s - 214ms/step - loss: 0.3832 - val_loss: 0.3587
Epoch 294/500
50/50 - 11s - 213ms/step - loss: 0.3831 - val_loss: 0.3587
Epoch 295/500
50/50 - 11s - 216ms/step - loss: 0.3831 - val_loss: 0.3586
Epoch 296/500
50/50 - 11s - 212ms/step - loss: 0.3831 - val_loss: 0.3586
Epoch 297/500
50/50 - 10s - 208ms/step - loss: 0.3830 - val_loss: 0.3586
Epoch 298/500
50/50 - 11s - 213ms/step - loss: 0.3830 - val_loss: 0.3585
Epoch 299/500
50/50 - 11s - 214ms/step - loss: 0.3829 - val_loss: 0.3585
Epoch 300/500
50/50 - 11s - 210ms/step - loss: 0.3829 - val_loss: 0.3585
Epoch 301/500
50/50 - 11s - 215ms/step - loss: 0.3828 - val_loss: 0.3584
Epoch 302/500
50/50 - 11s - 212ms/step - loss: 0.3828 - val_loss: 0.3584
Epoch 303/500
50/50 - 11s - 215ms/step - loss: 0.3828 - val_loss: 0.3584
Epoch 304/500
50/50 - 11s - 217ms/step - loss: 0.3827 - val_loss: 0.3583
Epoch 305/500
50/50 - 11s - 214ms/step - loss: 0.3827 - val_loss: 0.3583
Epoch 306/500
50/50 - 10s - 209ms/step - loss: 0.3826 - val_loss: 0.3583
Epoch 307/500
50/50 - 11s - 213ms/step - loss: 0.3826 - val_loss: 0.3582
Epoch 308/500
50/50 - 11s - 212ms/step - loss: 0.3826 - val_loss: 0.3582
Epoch 309/500
50/50 - 10s - 209ms/step - loss: 0.3825 - val_loss: 0.3582
Epoch 310/500
50/50 - 10s - 208ms/step - loss: 0.3825 - val_loss: 0.3581
Epoch 311/500
50/50 - 11s - 212ms/step - loss: 0.3824 - val_loss: 0.3581
Epoch 312/500
50/50 - 10s - 209ms/step - loss: 0.3824 - val_loss: 0.3581
Epoch 313/500
50/50 - 10s - 209ms/step - loss: 0.3824 - val_loss: 0.3580
Epoch 314/500
50/50 - 10s - 210ms/step - loss: 0.3823 - val_loss: 0.3580
Epoch 315/500
50/50 - 10s - 208ms/step - loss: 0.3823 - val_loss: 0.3580
Epoch 316/500
50/50 - 10s - 208ms/step - loss: 0.3822 - val_loss: 0.3580
Epoch 317/500
50/50 - 11s - 214ms/step - loss: 0.3822 - val_loss: 0.3579
Epoch 318/500
50/50 - 11s - 212ms/step - loss: 0.3822 - val_loss: 0.3579
Epoch 319/500
50/50 - 11s - 215ms/step - loss: 0.3821 - val_loss: 0.3579
Epoch 320/500
50/50 - 11s - 216ms/step - loss: 0.3821 - val_loss: 0.3578
Epoch 321/500
50/50 - 11s - 215ms/step - loss: 0.3821 - val_loss: 0.3578
Epoch 322/500
50/50 - 11s - 213ms/step - loss: 0.3820 - val_loss: 0.3578
Epoch 323/500
50/50 - 11s - 215ms/step - loss: 0.3820 - val_loss: 0.3578
Epoch 324/500
50/50 - 11s - 216ms/step - loss: 0.3819 - val_loss: 0.3577
Epoch 325/500
50/50 - 11s - 211ms/step - loss: 0.3819 - val_loss: 0.3577
Epoch 326/500
50/50 - 11s - 215ms/step - loss: 0.3819 - val_loss: 0.3577
Epoch 327/500
50/50 - 11s - 214ms/step - loss: 0.3818 - val_loss: 0.3577
Epoch 328/500
50/50 - 11s - 213ms/step - loss: 0.3818 - val_loss: 0.3576
Epoch 329/500
50/50 - 11s - 213ms/step - loss: 0.3818 - val_loss: 0.3576
Epoch 330/500
50/50 - 11s - 213ms/step - loss: 0.3817 - val_loss: 0.3576
Epoch 331/500
50/50 - 11s - 213ms/step - loss: 0.3817 - val_loss: 0.3575
Epoch 332/500
50/50 - 11s - 214ms/step - loss: 0.3817 - val_loss: 0.3575
Epoch 333/500
50/50 - 11s - 214ms/step - loss: 0.3816 - val_loss: 0.3575
Epoch 334/500
50/50 - 11s - 216ms/step - loss: 0.3816 - val_loss: 0.3575
Epoch 335/500
50/50 - 11s - 215ms/step - loss: 0.3816 - val_loss: 0.3574
Epoch 336/500
50/50 - 11s - 214ms/step - loss: 0.3815 - val_loss: 0.3574
Epoch 337/500
50/50 - 11s - 215ms/step - loss: 0.3815 - val_loss: 0.3574
Epoch 338/500
50/50 - 11s - 211ms/step - loss: 0.3815 - val_loss: 0.3574
Epoch 339/500
50/50 - 10s - 207ms/step - loss: 0.3814 - val_loss: 0.3573
Epoch 340/500
50/50 - 11s - 211ms/step - loss: 0.3814 - val_loss: 0.3573
Epoch 341/500
50/50 - 10s - 210ms/step - loss: 0.3814 - val_loss: 0.3573
Epoch 342/500
50/50 - 11s - 212ms/step - loss: 0.3813 - val_loss: 0.3573
Epoch 343/500
50/50 - 10s - 204ms/step - loss: 0.3813 - val_loss: 0.3572
Epoch 344/500
50/50 - 11s - 212ms/step - loss: 0.3813 - val_loss: 0.3572
Epoch 345/500
50/50 - 11s - 213ms/step - loss: 0.3812 - val_loss: 0.3572
Epoch 346/500
50/50 - 11s - 214ms/step - loss: 0.3812 - val_loss: 0.3572
Epoch 347/500
50/50 - 11s - 214ms/step - loss: 0.3812 - val_loss: 0.3572
Epoch 348/500
50/50 - 11s - 214ms/step - loss: 0.3811 - val_loss: 0.3571
Epoch 349/500
50/50 - 11s - 215ms/step - loss: 0.3811 - val_loss: 0.3571
Epoch 350/500
50/50 - 10s - 205ms/step - loss: 0.3811 - val_loss: 0.3571
Epoch 351/500
50/50 - 11s - 214ms/step - loss: 0.3810 - val_loss: 0.3571
Epoch 352/500
50/50 - 11s - 215ms/step - loss: 0.3810 - val_loss: 0.3570
Epoch 353/500
50/50 - 11s - 214ms/step - loss: 0.3810 - val_loss: 0.3570
Epoch 354/500
50/50 - 11s - 215ms/step - loss: 0.3810 - val_loss: 0.3570
Epoch 355/500
50/50 - 11s - 214ms/step - loss: 0.3809 - val_loss: 0.3570
Epoch 356/500
50/50 - 11s - 214ms/step - loss: 0.3809 - val_loss: 0.3569
Epoch 357/500
50/50 - 11s - 214ms/step - loss: 0.3809 - val_loss: 0.3569
Epoch 358/500
50/50 - 11s - 216ms/step - loss: 0.3808 - val_loss: 0.3569
Epoch 359/500
50/50 - 11s - 212ms/step - loss: 0.3808 - val_loss: 0.3569
Epoch 360/500
50/50 - 11s - 213ms/step - loss: 0.3808 - val_loss: 0.3569
Epoch 361/500
50/50 - 11s - 212ms/step - loss: 0.3808 - val_loss: 0.3568
Epoch 362/500
50/50 - 11s - 212ms/step - loss: 0.3807 - val_loss: 0.3568
Epoch 363/500
50/50 - 11s - 210ms/step - loss: 0.3807 - val_loss: 0.3568
Epoch 364/500
50/50 - 11s - 215ms/step - loss: 0.3807 - val_loss: 0.3568
Epoch 365/500
50/50 - 11s - 215ms/step - loss: 0.3806 - val_loss: 0.3567
Epoch 366/500
50/50 - 11s - 214ms/step - loss: 0.3806 - val_loss: 0.3567
Epoch 367/500
50/50 - 11s - 215ms/step - loss: 0.3806 - val_loss: 0.3567
Epoch 368/500
50/50 - 11s - 213ms/step - loss: 0.3806 - val_loss: 0.3567
Epoch 369/500
50/50 - 11s - 213ms/step - loss: 0.3805 - val_loss: 0.3567
Epoch 370/500
50/50 - 10s - 209ms/step - loss: 0.3805 - val_loss: 0.3566
Epoch 371/500
50/50 - 11s - 212ms/step - loss: 0.3805 - val_loss: 0.3566
Epoch 372/500
50/50 - 11s - 211ms/step - loss: 0.3804 - val_loss: 0.3566
Epoch 373/500
50/50 - 10s - 209ms/step - loss: 0.3804 - val_loss: 0.3566
Epoch 374/500
50/50 - 11s - 212ms/step - loss: 0.3804 - val_loss: 0.3565
Epoch 375/500
50/50 - 11s - 214ms/step - loss: 0.3804 - val_loss: 0.3565
Epoch 376/500
50/50 - 11s - 212ms/step - loss: 0.3803 - val_loss: 0.3565
Epoch 377/500
50/50 - 11s - 212ms/step - loss: 0.3803 - val_loss: 0.3565
Epoch 378/500
50/50 - 11s - 216ms/step - loss: 0.3803 - val_loss: 0.3565
Epoch 379/500
50/50 - 11s - 214ms/step - loss: 0.3803 - val_loss: 0.3564
Epoch 380/500
50/50 - 10s - 209ms/step - loss: 0.3802 - val_loss: 0.3564
Epoch 381/500
50/50 - 11s - 214ms/step - loss: 0.3802 - val_loss: 0.3564
Epoch 382/500
50/50 - 11s - 215ms/step - loss: 0.3802 - val_loss: 0.3564
Epoch 383/500
50/50 - 11s - 214ms/step - loss: 0.3802 - val_loss: 0.3564
Epoch 384/500
50/50 - 11s - 212ms/step - loss: 0.3801 - val_loss: 0.3563
Epoch 385/500
50/50 - 11s - 214ms/step - loss: 0.3801 - val_loss: 0.3563
Epoch 386/500
50/50 - 11s - 213ms/step - loss: 0.3801 - val_loss: 0.3563
Epoch 387/500
50/50 - 11s - 211ms/step - loss: 0.3801 - val_loss: 0.3563
Epoch 388/500
50/50 - 11s - 212ms/step - loss: 0.3800 - val_loss: 0.3563
Epoch 389/500
50/50 - 11s - 212ms/step - loss: 0.3800 - val_loss: 0.3562
Epoch 390/500
50/50 - 10s - 204ms/step - loss: 0.3800 - val_loss: 0.3562
Epoch 391/500
50/50 - 11s - 215ms/step - loss: 0.3800 - val_loss: 0.3562
Epoch 392/500
50/50 - 11s - 214ms/step - loss: 0.3799 - val_loss: 0.3562
Epoch 393/500
50/50 - 11s - 210ms/step - loss: 0.3799 - val_loss: 0.3562
Epoch 394/500
50/50 - 11s - 215ms/step - loss: 0.3799 - val_loss: 0.3561
Epoch 395/500
50/50 - 11s - 216ms/step - loss: 0.3799 - val_loss: 0.3561
Epoch 396/500
50/50 - 11s - 214ms/step - loss: 0.3798 - val_loss: 0.3561
Epoch 397/500
50/50 - 11s - 214ms/step - loss: 0.3798 - val_loss: 0.3561
Epoch 398/500
50/50 - 11s - 214ms/step - loss: 0.3798 - val_loss: 0.3561
Epoch 399/500
50/50 - 11s - 211ms/step - loss: 0.3798 - val_loss: 0.3560
Epoch 400/500
50/50 - 10s - 209ms/step - loss: 0.3797 - val_loss: 0.3560
Epoch 401/500
50/50 - 10s - 210ms/step - loss: 0.3797 - val_loss: 0.3560
Epoch 402/500
50/50 - 11s - 214ms/step - loss: 0.3797 - val_loss: 0.3560
Epoch 403/500
50/50 - 11s - 210ms/step - loss: 0.3797 - val_loss: 0.3560
Epoch 404/500
50/50 - 11s - 214ms/step - loss: 0.3796 - val_loss: 0.3559
Epoch 405/500
50/50 - 11s - 211ms/step - loss: 0.3796 - val_loss: 0.3559
Epoch 406/500
50/50 - 9s - 179ms/step - loss: 0.3796 - val_loss: 0.3559
Epoch 407/500
50/50 - 8s - 153ms/step - loss: 0.3796 - val_loss: 0.3559
Epoch 408/500
50/50 - 10s - 208ms/step - loss: 0.3796 - val_loss: 0.3559
Epoch 409/500
50/50 - 11s - 217ms/step - loss: 0.3795 - val_loss: 0.3558
Epoch 410/500
50/50 - 11s - 216ms/step - loss: 0.3795 - val_loss: 0.3558
Epoch 411/500
50/50 - 11s - 214ms/step - loss: 0.3795 - val_loss: 0.3558
Epoch 412/500
50/50 - 11s - 215ms/step - loss: 0.3795 - val_loss: 0.3558
Epoch 413/500
50/50 - 11s - 213ms/step - loss: 0.3794 - val_loss: 0.3558
Epoch 414/500
50/50 - 11s - 213ms/step - loss: 0.3794 - val_loss: 0.3557
Epoch 415/500
50/50 - 11s - 212ms/step - loss: 0.3794 - val_loss: 0.3557
Epoch 416/500
50/50 - 11s - 214ms/step - loss: 0.3794 - val_loss: 0.3557
Epoch 417/500
50/50 - 11s - 214ms/step - loss: 0.3794 - val_loss: 0.3557
Epoch 418/500
50/50 - 11s - 214ms/step - loss: 0.3793 - val_loss: 0.3557
Epoch 419/500
50/50 - 11s - 211ms/step - loss: 0.3793 - val_loss: 0.3556
Epoch 420/500
50/50 - 11s - 215ms/step - loss: 0.3793 - val_loss: 0.3556
Epoch 421/500
50/50 - 11s - 210ms/step - loss: 0.3793 - val_loss: 0.3556
Epoch 422/500
50/50 - 11s - 214ms/step - loss: 0.3792 - val_loss: 0.3556
Epoch 423/500
50/50 - 11s - 215ms/step - loss: 0.3792 - val_loss: 0.3556
Epoch 424/500
50/50 - 11s - 214ms/step - loss: 0.3792 - val_loss: 0.3556
Epoch 425/500
50/50 - 11s - 213ms/step - loss: 0.3792 - val_loss: 0.3555
Epoch 426/500
50/50 - 11s - 213ms/step - loss: 0.3792 - val_loss: 0.3555
Epoch 427/500
50/50 - 11s - 213ms/step - loss: 0.3791 - val_loss: 0.3555
Epoch 428/500
50/50 - 11s - 212ms/step - loss: 0.3791 - val_loss: 0.3555
Epoch 429/500
50/50 - 11s - 212ms/step - loss: 0.3791 - val_loss: 0.3555
Epoch 430/500
50/50 - 10s - 209ms/step - loss: 0.3791 - val_loss: 0.3554
Epoch 431/500
50/50 - 11s - 213ms/step - loss: 0.3791 - val_loss: 0.3554
Epoch 432/500
50/50 - 11s - 213ms/step - loss: 0.3790 - val_loss: 0.3554
Epoch 433/500
50/50 - 11s - 211ms/step - loss: 0.3790 - val_loss: 0.3554
Epoch 434/500
50/50 - 11s - 213ms/step - loss: 0.3790 - val_loss: 0.3554
Epoch 435/500
50/50 - 11s - 216ms/step - loss: 0.3790 - val_loss: 0.3554
Epoch 436/500
50/50 - 11s - 212ms/step - loss: 0.3790 - val_loss: 0.3553
Epoch 437/500
50/50 - 11s - 213ms/step - loss: 0.3789 - val_loss: 0.3553
Epoch 438/500
50/50 - 11s - 212ms/step - loss: 0.3789 - val_loss: 0.3553
Epoch 439/500
50/50 - 10s - 207ms/step - loss: 0.3789 - val_loss: 0.3553
Epoch 440/500
50/50 - 11s - 213ms/step - loss: 0.3789 - val_loss: 0.3553
Epoch 441/500
50/50 - 11s - 215ms/step - loss: 0.3789 - val_loss: 0.3552
Epoch 442/500
50/50 - 11s - 212ms/step - loss: 0.3788 - val_loss: 0.3552
Epoch 443/500
50/50 - 11s - 214ms/step - loss: 0.3788 - val_loss: 0.3552
Epoch 444/500
50/50 - 10s - 210ms/step - loss: 0.3788 - val_loss: 0.3552
Epoch 445/500
50/50 - 11s - 213ms/step - loss: 0.3788 - val_loss: 0.3552
Epoch 446/500
50/50 - 11s - 215ms/step - loss: 0.3788 - val_loss: 0.3552
Epoch 447/500
50/50 - 11s - 211ms/step - loss: 0.3787 - val_loss: 0.3551
Epoch 448/500
50/50 - 11s - 212ms/step - loss: 0.3787 - val_loss: 0.3551
Epoch 449/500
50/50 - 11s - 213ms/step - loss: 0.3787 - val_loss: 0.3551
Epoch 450/500
50/50 - 11s - 213ms/step - loss: 0.3787 - val_loss: 0.3551
Epoch 451/500
50/50 - 11s - 213ms/step - loss: 0.3787 - val_loss: 0.3551
Epoch 452/500
50/50 - 10s - 207ms/step - loss: 0.3787 - val_loss: 0.3551
Epoch 453/500
50/50 - 11s - 215ms/step - loss: 0.3786 - val_loss: 0.3550
Epoch 454/500
50/50 - 11s - 214ms/step - loss: 0.3786 - val_loss: 0.3550
Epoch 455/500
50/50 - 11s - 214ms/step - loss: 0.3786 - val_loss: 0.3550
Epoch 456/500
50/50 - 11s - 211ms/step - loss: 0.3786 - val_loss: 0.3550
Epoch 457/500
50/50 - 11s - 214ms/step - loss: 0.3786 - val_loss: 0.3550
Epoch 458/500
50/50 - 11s - 214ms/step - loss: 0.3785 - val_loss: 0.3550
Epoch 459/500
50/50 - 11s - 211ms/step - loss: 0.3785 - val_loss: 0.3549
Epoch 460/500
50/50 - 11s - 212ms/step - loss: 0.3785 - val_loss: 0.3549
Epoch 461/500
50/50 - 11s - 212ms/step - loss: 0.3785 - val_loss: 0.3549
Epoch 462/500
50/50 - 11s - 213ms/step - loss: 0.3785 - val_loss: 0.3549
Epoch 463/500
50/50 - 11s - 216ms/step - loss: 0.3785 - val_loss: 0.3549
Epoch 464/500
50/50 - 11s - 215ms/step - loss: 0.3784 - val_loss: 0.3549
Epoch 465/500
50/50 - 11s - 213ms/step - loss: 0.3784 - val_loss: 0.3548
Epoch 466/500
50/50 - 11s - 213ms/step - loss: 0.3784 - val_loss: 0.3548
Epoch 467/500
50/50 - 11s - 210ms/step - loss: 0.3784 - val_loss: 0.3548
Epoch 468/500
50/50 - 11s - 212ms/step - loss: 0.3784 - val_loss: 0.3548
Epoch 469/500
50/50 - 11s - 215ms/step - loss: 0.3784 - val_loss: 0.3548
Epoch 470/500
50/50 - 11s - 212ms/step - loss: 0.3783 - val_loss: 0.3548
Epoch 471/500
50/50 - 11s - 215ms/step - loss: 0.3783 - val_loss: 0.3547
Epoch 472/500
50/50 - 10s - 204ms/step - loss: 0.3783 - val_loss: 0.3547
Epoch 473/500
50/50 - 11s - 214ms/step - loss: 0.3783 - val_loss: 0.3547
Epoch 474/500
50/50 - 11s - 213ms/step - loss: 0.3783 - val_loss: 0.3547
Epoch 475/500
50/50 - 11s - 216ms/step - loss: 0.3783 - val_loss: 0.3547
Epoch 476/500
50/50 - 11s - 215ms/step - loss: 0.3782 - val_loss: 0.3547
Epoch 477/500
50/50 - 11s - 212ms/step - loss: 0.3782 - val_loss: 0.3546
Epoch 478/500
50/50 - 11s - 216ms/step - loss: 0.3782 - val_loss: 0.3546
Epoch 479/500
50/50 - 10s - 206ms/step - loss: 0.3782 - val_loss: 0.3546
Epoch 480/500
50/50 - 11s - 211ms/step - loss: 0.3782 - val_loss: 0.3546
Epoch 481/500
50/50 - 11s - 213ms/step - loss: 0.3782 - val_loss: 0.3546
Epoch 482/500
50/50 - 11s - 215ms/step - loss: 0.3781 - val_loss: 0.3546
Epoch 483/500
50/50 - 11s - 213ms/step - loss: 0.3781 - val_loss: 0.3546
Epoch 484/500
50/50 - 11s - 212ms/step - loss: 0.3781 - val_loss: 0.3545
Epoch 485/500
50/50 - 11s - 214ms/step - loss: 0.3781 - val_loss: 0.3545
Epoch 486/500
50/50 - 11s - 217ms/step - loss: 0.3781 - val_loss: 0.3545
Epoch 487/500
50/50 - 11s - 216ms/step - loss: 0.3781 - val_loss: 0.3545
Epoch 488/500
50/50 - 11s - 215ms/step - loss: 0.3780 - val_loss: 0.3545
Epoch 489/500
50/50 - 10s - 207ms/step - loss: 0.3780 - val_loss: 0.3545
Epoch 490/500
50/50 - 11s - 212ms/step - loss: 0.3780 - val_loss: 0.3544
Epoch 491/500
50/50 - 11s - 215ms/step - loss: 0.3780 - val_loss: 0.3544
Epoch 492/500
50/50 - 11s - 213ms/step - loss: 0.3780 - val_loss: 0.3544
Epoch 493/500
50/50 - 11s - 216ms/step - loss: 0.3780 - val_loss: 0.3544
Epoch 494/500
50/50 - 11s - 217ms/step - loss: 0.3780 - val_loss: 0.3544
Epoch 495/500
50/50 - 11s - 215ms/step - loss: 0.3779 - val_loss: 0.3544
Epoch 496/500
50/50 - 11s - 212ms/step - loss: 0.3779 - val_loss: 0.3544
Epoch 497/500
50/50 - 11s - 212ms/step - loss: 0.3779 - val_loss: 0.3543
Epoch 498/500
50/50 - 10s - 210ms/step - loss: 0.3779 - val_loss: 0.3543
Epoch 499/500
50/50 - 10s - 209ms/step - loss: 0.3779 - val_loss: 0.3543
Epoch 500/500
50/50 - 11s - 212ms/step - loss: 0.3779 - val_loss: 0.3543
[Run 2/5] Training single encoder baseline (baseline preprocessing, linear structure, sigmoid head)...
[Run 2/5] Shared encoder (unweight) validation threshold=0.5470 (balanced_accuracy=0.8382).
[Run 2/5] Shared encoder (weighted) validation threshold=0.4911 (balanced_accuracy=0.8313).
[Run 3/5] Training shared encoder (unweighted, sigmoid head, baseline preprocessing)...
Epoch 1/500
51/51 - 13s - 264ms/step - loss: 1.1311 - val_loss: 1.0867
Epoch 2/500
51/51 - 11s - 212ms/step - loss: 1.0371 - val_loss: 0.9881
Epoch 3/500
51/51 - 10s - 199ms/step - loss: 0.9388 - val_loss: 0.8895
Epoch 4/500
51/51 - 11s - 209ms/step - loss: 0.8455 - val_loss: 0.8004
Epoch 5/500
51/51 - 11s - 210ms/step - loss: 0.7650 - val_loss: 0.7270
Epoch 6/500
51/51 - 11s - 207ms/step - loss: 0.7012 - val_loss: 0.6709
Epoch 7/500
51/51 - 11s - 208ms/step - loss: 0.6535 - val_loss: 0.6292
Epoch 8/500
51/51 - 10s - 206ms/step - loss: 0.6179 - val_loss: 0.5977
Epoch 9/500
51/51 - 11s - 206ms/step - loss: 0.5906 - val_loss: 0.5731
Epoch 10/500
51/51 - 11s - 206ms/step - loss: 0.5692 - val_loss: 0.5535
Epoch 11/500
51/51 - 11s - 211ms/step - loss: 0.5518 - val_loss: 0.5375
Epoch 12/500
51/51 - 11s - 209ms/step - loss: 0.5375 - val_loss: 0.5241
Epoch 13/500
51/51 - 10s - 205ms/step - loss: 0.5254 - val_loss: 0.5128
Epoch 14/500
51/51 - 11s - 206ms/step - loss: 0.5151 - val_loss: 0.5031
Epoch 15/500
51/51 - 11s - 208ms/step - loss: 0.5062 - val_loss: 0.4947
Epoch 16/500
51/51 - 11s - 209ms/step - loss: 0.4984 - val_loss: 0.4873
Epoch 17/500
51/51 - 11s - 208ms/step - loss: 0.4916 - val_loss: 0.4807
Epoch 18/500
51/51 - 11s - 209ms/step - loss: 0.4854 - val_loss: 0.4749
Epoch 19/500
51/51 - 11s - 208ms/step - loss: 0.4799 - val_loss: 0.4696
Epoch 20/500
51/51 - 11s - 210ms/step - loss: 0.4750 - val_loss: 0.4648
Epoch 21/500
51/51 - 11s - 209ms/step - loss: 0.4705 - val_loss: 0.4604
Epoch 22/500
51/51 - 10s - 202ms/step - loss: 0.4663 - val_loss: 0.4565
Epoch 23/500
51/51 - 8s - 159ms/step - loss: 0.4626 - val_loss: 0.4528
Epoch 24/500
51/51 - 9s - 172ms/step - loss: 0.4591 - val_loss: 0.4495
Epoch 25/500
51/51 - 11s - 216ms/step - loss: 0.4558 - val_loss: 0.4464
Epoch 26/500
51/51 - 11s - 215ms/step - loss: 0.4528 - val_loss: 0.4435
Epoch 27/500
51/51 - 11s - 211ms/step - loss: 0.4500 - val_loss: 0.4408
Epoch 28/500
51/51 - 11s - 209ms/step - loss: 0.4474 - val_loss: 0.4383
Epoch 29/500
51/51 - 11s - 208ms/step - loss: 0.4449 - val_loss: 0.4360
Epoch 30/500
51/51 - 11s - 210ms/step - loss: 0.4425 - val_loss: 0.4338
Epoch 31/500
51/51 - 11s - 212ms/step - loss: 0.4403 - val_loss: 0.4317
Epoch 32/500
51/51 - 11s - 211ms/step - loss: 0.4382 - val_loss: 0.4297
Epoch 33/500
51/51 - 11s - 212ms/step - loss: 0.4362 - val_loss: 0.4279
Epoch 34/500
51/51 - 11s - 211ms/step - loss: 0.4343 - val_loss: 0.4261
Epoch 35/500
51/51 - 11s - 212ms/step - loss: 0.4325 - val_loss: 0.4245
Epoch 36/500
51/51 - 11s - 211ms/step - loss: 0.4308 - val_loss: 0.4229
Epoch 37/500
51/51 - 11s - 211ms/step - loss: 0.4292 - val_loss: 0.4214
Epoch 38/500
51/51 - 11s - 212ms/step - loss: 0.4276 - val_loss: 0.4199
Epoch 39/500
51/51 - 11s - 211ms/step - loss: 0.4261 - val_loss: 0.4185
Epoch 40/500
51/51 - 11s - 211ms/step - loss: 0.4246 - val_loss: 0.4172
Epoch 41/500
51/51 - 11s - 211ms/step - loss: 0.4232 - val_loss: 0.4159
Epoch 42/500
51/51 - 11s - 211ms/step - loss: 0.4218 - val_loss: 0.4147
Epoch 43/500
51/51 - 11s - 206ms/step - loss: 0.4205 - val_loss: 0.4135
Epoch 44/500
51/51 - 11s - 207ms/step - loss: 0.4193 - val_loss: 0.4123
Epoch 45/500
51/51 - 11s - 210ms/step - loss: 0.4180 - val_loss: 0.4112
Epoch 46/500
51/51 - 11s - 210ms/step - loss: 0.4169 - val_loss: 0.4102
Epoch 47/500
51/51 - 11s - 211ms/step - loss: 0.4157 - val_loss: 0.4091
Epoch 48/500
51/51 - 11s - 210ms/step - loss: 0.4146 - val_loss: 0.4081
Epoch 49/500
51/51 - 11s - 212ms/step - loss: 0.4135 - val_loss: 0.4072
Epoch 50/500
51/51 - 11s - 212ms/step - loss: 0.4125 - val_loss: 0.4062
Epoch 51/500
51/51 - 11s - 211ms/step - loss: 0.4115 - val_loss: 0.4053
Epoch 52/500
51/51 - 11s - 212ms/step - loss: 0.4105 - val_loss: 0.4044
Epoch 53/500
51/51 - 11s - 212ms/step - loss: 0.4095 - val_loss: 0.4035
Epoch 54/500
51/51 - 11s - 212ms/step - loss: 0.4086 - val_loss: 0.4027
Epoch 55/500
51/51 - 11s - 212ms/step - loss: 0.4077 - val_loss: 0.4019
Epoch 56/500
51/51 - 11s - 213ms/step - loss: 0.4068 - val_loss: 0.4011
Epoch 57/500
51/51 - 11s - 213ms/step - loss: 0.4060 - val_loss: 0.4003
Epoch 58/500
51/51 - 11s - 212ms/step - loss: 0.4051 - val_loss: 0.3995
Epoch 59/500
51/51 - 11s - 213ms/step - loss: 0.4043 - val_loss: 0.3988
Epoch 60/500
51/51 - 11s - 214ms/step - loss: 0.4035 - val_loss: 0.3981
Epoch 61/500
51/51 - 11s - 215ms/step - loss: 0.4028 - val_loss: 0.3974
Epoch 62/500
51/51 - 11s - 212ms/step - loss: 0.4020 - val_loss: 0.3967
Epoch 63/500
51/51 - 11s - 212ms/step - loss: 0.4013 - val_loss: 0.3960
Epoch 64/500
51/51 - 11s - 212ms/step - loss: 0.4005 - val_loss: 0.3954
Epoch 65/500
51/51 - 11s - 212ms/step - loss: 0.3998 - val_loss: 0.3947
Epoch 66/500
51/51 - 11s - 212ms/step - loss: 0.3991 - val_loss: 0.3941
Epoch 67/500
51/51 - 11s - 210ms/step - loss: 0.3985 - val_loss: 0.3935
Epoch 68/500
51/51 - 11s - 212ms/step - loss: 0.3978 - val_loss: 0.3929
Epoch 69/500
51/51 - 11s - 213ms/step - loss: 0.3972 - val_loss: 0.3923
Epoch 70/500
51/51 - 11s - 212ms/step - loss: 0.3965 - val_loss: 0.3918
Epoch 71/500
51/51 - 11s - 213ms/step - loss: 0.3959 - val_loss: 0.3912
Epoch 72/500
51/51 - 10s - 205ms/step - loss: 0.3953 - val_loss: 0.3907
Epoch 73/500
51/51 - 8s - 158ms/step - loss: 0.3947 - val_loss: 0.3901
Epoch 74/500
51/51 - 8s - 159ms/step - loss: 0.3941 - val_loss: 0.3896
Epoch 75/500
51/51 - 11s - 220ms/step - loss: 0.3935 - val_loss: 0.3891
Epoch 76/500
51/51 - 11s - 215ms/step - loss: 0.3930 - val_loss: 0.3886
Epoch 77/500
51/51 - 11s - 213ms/step - loss: 0.3924 - val_loss: 0.3881
Epoch 78/500
51/51 - 11s - 212ms/step - loss: 0.3919 - val_loss: 0.3876
Epoch 79/500
51/51 - 11s - 217ms/step - loss: 0.3914 - val_loss: 0.3872
Epoch 80/500
51/51 - 11s - 212ms/step - loss: 0.3909 - val_loss: 0.3867
Epoch 81/500
51/51 - 11s - 212ms/step - loss: 0.3904 - val_loss: 0.3862
Epoch 82/500
51/51 - 11s - 211ms/step - loss: 0.3899 - val_loss: 0.3858
Epoch 83/500
51/51 - 11s - 213ms/step - loss: 0.3894 - val_loss: 0.3854
Epoch 84/500
51/51 - 11s - 213ms/step - loss: 0.3889 - val_loss: 0.3850
Epoch 85/500
51/51 - 11s - 212ms/step - loss: 0.3884 - val_loss: 0.3845
Epoch 86/500
51/51 - 11s - 212ms/step - loss: 0.3880 - val_loss: 0.3841
Epoch 87/500
51/51 - 11s - 211ms/step - loss: 0.3875 - val_loss: 0.3837
Epoch 88/500
51/51 - 11s - 212ms/step - loss: 0.3871 - val_loss: 0.3833
Epoch 89/500
51/51 - 11s - 211ms/step - loss: 0.3866 - val_loss: 0.3830
Epoch 90/500
51/51 - 11s - 211ms/step - loss: 0.3862 - val_loss: 0.3826
Epoch 91/500
51/51 - 11s - 210ms/step - loss: 0.3858 - val_loss: 0.3822
Epoch 92/500
51/51 - 11s - 211ms/step - loss: 0.3854 - val_loss: 0.3818
Epoch 93/500
51/51 - 11s - 211ms/step - loss: 0.3850 - val_loss: 0.3815
Epoch 94/500
51/51 - 11s - 210ms/step - loss: 0.3846 - val_loss: 0.3811
Epoch 95/500
51/51 - 11s - 211ms/step - loss: 0.3842 - val_loss: 0.3808
Epoch 96/500
51/51 - 11s - 212ms/step - loss: 0.3838 - val_loss: 0.3805
Epoch 97/500
51/51 - 11s - 213ms/step - loss: 0.3834 - val_loss: 0.3801
Epoch 98/500
51/51 - 11s - 212ms/step - loss: 0.3830 - val_loss: 0.3798
Epoch 99/500
51/51 - 11s - 213ms/step - loss: 0.3827 - val_loss: 0.3795
Epoch 100/500
51/51 - 11s - 212ms/step - loss: 0.3823 - val_loss: 0.3792
Epoch 101/500
51/51 - 11s - 212ms/step - loss: 0.3820 - val_loss: 0.3789
Epoch 102/500
51/51 - 11s - 208ms/step - loss: 0.3816 - val_loss: 0.3786
Epoch 103/500
51/51 - 11s - 207ms/step - loss: 0.3813 - val_loss: 0.3783
Epoch 104/500
51/51 - 11s - 211ms/step - loss: 0.3809 - val_loss: 0.3780
Epoch 105/500
51/51 - 11s - 214ms/step - loss: 0.3806 - val_loss: 0.3777
Epoch 106/500
51/51 - 11s - 216ms/step - loss: 0.3803 - val_loss: 0.3774
Epoch 107/500
51/51 - 11s - 216ms/step - loss: 0.3799 - val_loss: 0.3771
Epoch 108/500
51/51 - 11s - 214ms/step - loss: 0.3796 - val_loss: 0.3769
Epoch 109/500
51/51 - 11s - 214ms/step - loss: 0.3793 - val_loss: 0.3766
Epoch 110/500
51/51 - 11s - 214ms/step - loss: 0.3790 - val_loss: 0.3763
Epoch 111/500
51/51 - 11s - 213ms/step - loss: 0.3787 - val_loss: 0.3761
Epoch 112/500
51/51 - 11s - 213ms/step - loss: 0.3784 - val_loss: 0.3758
Epoch 113/500
51/51 - 11s - 212ms/step - loss: 0.3781 - val_loss: 0.3756
Epoch 114/500
51/51 - 11s - 213ms/step - loss: 0.3778 - val_loss: 0.3753
Epoch 115/500
51/51 - 11s - 214ms/step - loss: 0.3775 - val_loss: 0.3751
Epoch 116/500
51/51 - 11s - 213ms/step - loss: 0.3773 - val_loss: 0.3748
Epoch 117/500
51/51 - 11s - 213ms/step - loss: 0.3770 - val_loss: 0.3746
Epoch 118/500
51/51 - 11s - 211ms/step - loss: 0.3767 - val_loss: 0.3744
Epoch 119/500
51/51 - 11s - 212ms/step - loss: 0.3764 - val_loss: 0.3741
Epoch 120/500
51/51 - 11s - 216ms/step - loss: 0.3762 - val_loss: 0.3739
Epoch 121/500
51/51 - 11s - 211ms/step - loss: 0.3759 - val_loss: 0.3737
Epoch 122/500
51/51 - 10s - 193ms/step - loss: 0.3757 - val_loss: 0.3735
Epoch 123/500
51/51 - 8s - 159ms/step - loss: 0.3754 - val_loss: 0.3733
Epoch 124/500
51/51 - 7s - 147ms/step - loss: 0.3752 - val_loss: 0.3731
Epoch 125/500
51/51 - 7s - 146ms/step - loss: 0.3749 - val_loss: 0.3728
Epoch 126/500
51/51 - 7s - 146ms/step - loss: 0.3747 - val_loss: 0.3726
Epoch 127/500
51/51 - 10s - 198ms/step - loss: 0.3744 - val_loss: 0.3724
Epoch 128/500
51/51 - 11s - 212ms/step - loss: 0.3742 - val_loss: 0.3722
Epoch 129/500
51/51 - 11s - 211ms/step - loss: 0.3740 - val_loss: 0.3720
Epoch 130/500
51/51 - 11s - 207ms/step - loss: 0.3737 - val_loss: 0.3718
Epoch 131/500
51/51 - 11s - 207ms/step - loss: 0.3735 - val_loss: 0.3717
Epoch 132/500
51/51 - 11s - 206ms/step - loss: 0.3733 - val_loss: 0.3715
Epoch 133/500
51/51 - 11s - 207ms/step - loss: 0.3731 - val_loss: 0.3713
Epoch 134/500
51/51 - 11s - 207ms/step - loss: 0.3728 - val_loss: 0.3711
Epoch 135/500
51/51 - 11s - 211ms/step - loss: 0.3726 - val_loss: 0.3709
Epoch 136/500
51/51 - 11s - 208ms/step - loss: 0.3724 - val_loss: 0.3707
Epoch 137/500
51/51 - 11s - 207ms/step - loss: 0.3722 - val_loss: 0.3706
Epoch 138/500
51/51 - 11s - 207ms/step - loss: 0.3720 - val_loss: 0.3704
Epoch 139/500
51/51 - 11s - 207ms/step - loss: 0.3718 - val_loss: 0.3702
Epoch 140/500
51/51 - 11s - 209ms/step - loss: 0.3716 - val_loss: 0.3701
Epoch 141/500
51/51 - 11s - 209ms/step - loss: 0.3714 - val_loss: 0.3699
Epoch 142/500
51/51 - 11s - 210ms/step - loss: 0.3712 - val_loss: 0.3697
Epoch 143/500
51/51 - 11s - 209ms/step - loss: 0.3710 - val_loss: 0.3696
Epoch 144/500
51/51 - 11s - 207ms/step - loss: 0.3708 - val_loss: 0.3694
Epoch 145/500
51/51 - 11s - 211ms/step - loss: 0.3706 - val_loss: 0.3692
Epoch 146/500
51/51 - 11s - 210ms/step - loss: 0.3704 - val_loss: 0.3691
Epoch 147/500
51/51 - 11s - 209ms/step - loss: 0.3702 - val_loss: 0.3689
Epoch 148/500
51/51 - 11s - 207ms/step - loss: 0.3700 - val_loss: 0.3688
Epoch 149/500
51/51 - 10s - 206ms/step - loss: 0.3698 - val_loss: 0.3686
Epoch 150/500
51/51 - 11s - 209ms/step - loss: 0.3697 - val_loss: 0.3685
Epoch 151/500
51/51 - 10s - 205ms/step - loss: 0.3695 - val_loss: 0.3683
Epoch 152/500
51/51 - 11s - 210ms/step - loss: 0.3693 - val_loss: 0.3682
Epoch 153/500
51/51 - 10s - 203ms/step - loss: 0.3691 - val_loss: 0.3681
Epoch 154/500
51/51 - 11s - 207ms/step - loss: 0.3689 - val_loss: 0.3679
Epoch 155/500
51/51 - 11s - 209ms/step - loss: 0.3688 - val_loss: 0.3678
Epoch 156/500
51/51 - 11s - 210ms/step - loss: 0.3686 - val_loss: 0.3676
Epoch 157/500
51/51 - 11s - 206ms/step - loss: 0.3684 - val_loss: 0.3675
Epoch 158/500
51/51 - 11s - 208ms/step - loss: 0.3683 - val_loss: 0.3674
Epoch 159/500
51/51 - 11s - 207ms/step - loss: 0.3681 - val_loss: 0.3673
Epoch 160/500
51/51 - 11s - 209ms/step - loss: 0.3679 - val_loss: 0.3671
Epoch 161/500
51/51 - 11s - 208ms/step - loss: 0.3678 - val_loss: 0.3670
Epoch 162/500
51/51 - 11s - 208ms/step - loss: 0.3676 - val_loss: 0.3669
Epoch 163/500
51/51 - 11s - 206ms/step - loss: 0.3674 - val_loss: 0.3668
Epoch 164/500
51/51 - 11s - 208ms/step - loss: 0.3673 - val_loss: 0.3666
Epoch 165/500
51/51 - 11s - 210ms/step - loss: 0.3671 - val_loss: 0.3665
Epoch 166/500
51/51 - 11s - 206ms/step - loss: 0.3670 - val_loss: 0.3664
Epoch 167/500
51/51 - 10s - 205ms/step - loss: 0.3668 - val_loss: 0.3663
Epoch 168/500
51/51 - 11s - 207ms/step - loss: 0.3667 - val_loss: 0.3662
Epoch 169/500
51/51 - 10s - 205ms/step - loss: 0.3665 - val_loss: 0.3661
Epoch 170/500
51/51 - 10s - 206ms/step - loss: 0.3664 - val_loss: 0.3660
Epoch 171/500
51/51 - 11s - 208ms/step - loss: 0.3662 - val_loss: 0.3659
Epoch 172/500
51/51 - 10s - 201ms/step - loss: 0.3661 - val_loss: 0.3658
Epoch 173/500
51/51 - 10s - 205ms/step - loss: 0.3659 - val_loss: 0.3657
Epoch 174/500
51/51 - 10s - 205ms/step - loss: 0.3658 - val_loss: 0.3656
Epoch 175/500
51/51 - 11s - 209ms/step - loss: 0.3657 - val_loss: 0.3655
Epoch 176/500
51/51 - 10s - 205ms/step - loss: 0.3655 - val_loss: 0.3654
Epoch 177/500
51/51 - 11s - 207ms/step - loss: 0.3654 - val_loss: 0.3653
Epoch 178/500
51/51 - 11s - 207ms/step - loss: 0.3653 - val_loss: 0.3652
Epoch 179/500
51/51 - 11s - 208ms/step - loss: 0.3651 - val_loss: 0.3651
Epoch 180/500
51/51 - 10s - 206ms/step - loss: 0.3650 - val_loss: 0.3650
Epoch 181/500
51/51 - 11s - 206ms/step - loss: 0.3649 - val_loss: 0.3649
Epoch 182/500
51/51 - 11s - 207ms/step - loss: 0.3647 - val_loss: 0.3648
Epoch 183/500
51/51 - 11s - 206ms/step - loss: 0.3646 - val_loss: 0.3647
Epoch 184/500
51/51 - 10s - 206ms/step - loss: 0.3645 - val_loss: 0.3646
Epoch 185/500
51/51 - 11s - 207ms/step - loss: 0.3644 - val_loss: 0.3645
Epoch 186/500
51/51 - 10s - 205ms/step - loss: 0.3642 - val_loss: 0.3644
Epoch 187/500
51/51 - 10s - 205ms/step - loss: 0.3641 - val_loss: 0.3644
Epoch 188/500
51/51 - 10s - 205ms/step - loss: 0.3640 - val_loss: 0.3643
Epoch 189/500
51/51 - 11s - 210ms/step - loss: 0.3639 - val_loss: 0.3642
Epoch 190/500
51/51 - 11s - 209ms/step - loss: 0.3638 - val_loss: 0.3641
Epoch 191/500
51/51 - 10s - 205ms/step - loss: 0.3637 - val_loss: 0.3640
Epoch 192/500
51/51 - 10s - 205ms/step - loss: 0.3636 - val_loss: 0.3640
Epoch 193/500
51/51 - 10s - 202ms/step - loss: 0.3634 - val_loss: 0.3639
Epoch 194/500
51/51 - 10s - 205ms/step - loss: 0.3633 - val_loss: 0.3638
Epoch 195/500
51/51 - 11s - 206ms/step - loss: 0.3632 - val_loss: 0.3637
Epoch 196/500
51/51 - 11s - 207ms/step - loss: 0.3631 - val_loss: 0.3636
Epoch 197/500
51/51 - 11s - 206ms/step - loss: 0.3630 - val_loss: 0.3636
Epoch 198/500
51/51 - 11s - 209ms/step - loss: 0.3629 - val_loss: 0.3635
Epoch 199/500
51/51 - 11s - 206ms/step - loss: 0.3628 - val_loss: 0.3634
Epoch 200/500
51/51 - 11s - 208ms/step - loss: 0.3627 - val_loss: 0.3634
Epoch 201/500
51/51 - 11s - 206ms/step - loss: 0.3626 - val_loss: 0.3633
Epoch 202/500
51/51 - 10s - 204ms/step - loss: 0.3625 - val_loss: 0.3632
Epoch 203/500
51/51 - 11s - 207ms/step - loss: 0.3624 - val_loss: 0.3631
Epoch 204/500
51/51 - 10s - 205ms/step - loss: 0.3623 - val_loss: 0.3631
Epoch 205/500
51/51 - 10s - 204ms/step - loss: 0.3622 - val_loss: 0.3630
Epoch 206/500
51/51 - 11s - 207ms/step - loss: 0.3621 - val_loss: 0.3629
Epoch 207/500
51/51 - 10s - 205ms/step - loss: 0.3620 - val_loss: 0.3629
Epoch 208/500
51/51 - 11s - 207ms/step - loss: 0.3619 - val_loss: 0.3628
Epoch 209/500
51/51 - 11s - 207ms/step - loss: 0.3618 - val_loss: 0.3627
Epoch 210/500
51/51 - 11s - 207ms/step - loss: 0.3618 - val_loss: 0.3627
Epoch 211/500
51/51 - 10s - 206ms/step - loss: 0.3617 - val_loss: 0.3626
Epoch 212/500
51/51 - 10s - 202ms/step - loss: 0.3616 - val_loss: 0.3626
Epoch 213/500
51/51 - 10s - 203ms/step - loss: 0.3615 - val_loss: 0.3625
Epoch 214/500
51/51 - 10s - 202ms/step - loss: 0.3614 - val_loss: 0.3624
Epoch 215/500
51/51 - 10s - 203ms/step - loss: 0.3613 - val_loss: 0.3624
Epoch 216/500
51/51 - 10s - 202ms/step - loss: 0.3612 - val_loss: 0.3623
Epoch 217/500
51/51 - 11s - 209ms/step - loss: 0.3611 - val_loss: 0.3622
Epoch 218/500
51/51 - 10s - 205ms/step - loss: 0.3611 - val_loss: 0.3622
Epoch 219/500
51/51 - 10s - 204ms/step - loss: 0.3610 - val_loss: 0.3621
Epoch 220/500
51/51 - 11s - 206ms/step - loss: 0.3609 - val_loss: 0.3621
Epoch 221/500
51/51 - 10s - 204ms/step - loss: 0.3608 - val_loss: 0.3620
Epoch 222/500
51/51 - 11s - 206ms/step - loss: 0.3607 - val_loss: 0.3620
Epoch 223/500
51/51 - 10s - 202ms/step - loss: 0.3607 - val_loss: 0.3619
Epoch 224/500
51/51 - 10s - 201ms/step - loss: 0.3606 - val_loss: 0.3618
Epoch 225/500
51/51 - 11s - 206ms/step - loss: 0.3605 - val_loss: 0.3618
Epoch 226/500
51/51 - 10s - 204ms/step - loss: 0.3604 - val_loss: 0.3617
Epoch 227/500
51/51 - 11s - 206ms/step - loss: 0.3604 - val_loss: 0.3617
Epoch 228/500
51/51 - 10s - 204ms/step - loss: 0.3603 - val_loss: 0.3616
Epoch 229/500
51/51 - 11s - 207ms/step - loss: 0.3602 - val_loss: 0.3616
Epoch 230/500
51/51 - 10s - 205ms/step - loss: 0.3601 - val_loss: 0.3615
Epoch 231/500
51/51 - 11s - 206ms/step - loss: 0.3601 - val_loss: 0.3615
Epoch 232/500
51/51 - 11s - 206ms/step - loss: 0.3600 - val_loss: 0.3614
Epoch 233/500
51/51 - 10s - 204ms/step - loss: 0.3599 - val_loss: 0.3613
Epoch 234/500
51/51 - 10s - 205ms/step - loss: 0.3598 - val_loss: 0.3613
Epoch 235/500
51/51 - 11s - 207ms/step - loss: 0.3598 - val_loss: 0.3612
Epoch 236/500
51/51 - 10s - 202ms/step - loss: 0.3597 - val_loss: 0.3612
Epoch 237/500
51/51 - 10s - 204ms/step - loss: 0.3596 - val_loss: 0.3611
Epoch 238/500
51/51 - 10s - 204ms/step - loss: 0.3596 - val_loss: 0.3611
Epoch 239/500
51/51 - 10s - 204ms/step - loss: 0.3595 - val_loss: 0.3610
Epoch 240/500
51/51 - 11s - 206ms/step - loss: 0.3594 - val_loss: 0.3610
Epoch 241/500
51/51 - 10s - 205ms/step - loss: 0.3594 - val_loss: 0.3609
Epoch 242/500
51/51 - 10s - 205ms/step - loss: 0.3593 - val_loss: 0.3609
Epoch 243/500
51/51 - 11s - 206ms/step - loss: 0.3592 - val_loss: 0.3608
Epoch 244/500
51/51 - 11s - 208ms/step - loss: 0.3592 - val_loss: 0.3608
Epoch 245/500
51/51 - 10s - 205ms/step - loss: 0.3591 - val_loss: 0.3607
Epoch 246/500
51/51 - 11s - 207ms/step - loss: 0.3590 - val_loss: 0.3607
Epoch 247/500
51/51 - 10s - 205ms/step - loss: 0.3590 - val_loss: 0.3607
Epoch 248/500
51/51 - 10s - 204ms/step - loss: 0.3589 - val_loss: 0.3606
Epoch 249/500
51/51 - 10s - 204ms/step - loss: 0.3588 - val_loss: 0.3606
Epoch 250/500
51/51 - 11s - 207ms/step - loss: 0.3588 - val_loss: 0.3605
Epoch 251/500
51/51 - 10s - 203ms/step - loss: 0.3587 - val_loss: 0.3605
Epoch 252/500
51/51 - 10s - 203ms/step - loss: 0.3587 - val_loss: 0.3604
Epoch 253/500
51/51 - 10s - 202ms/step - loss: 0.3586 - val_loss: 0.3604
Epoch 254/500
51/51 - 10s - 202ms/step - loss: 0.3585 - val_loss: 0.3603
Epoch 255/500
51/51 - 10s - 204ms/step - loss: 0.3585 - val_loss: 0.3603
Epoch 256/500
51/51 - 10s - 203ms/step - loss: 0.3584 - val_loss: 0.3602
Epoch 257/500
51/51 - 10s - 206ms/step - loss: 0.3584 - val_loss: 0.3602
Epoch 258/500
51/51 - 10s - 205ms/step - loss: 0.3583 - val_loss: 0.3602
Epoch 259/500
51/51 - 10s - 204ms/step - loss: 0.3582 - val_loss: 0.3601
Epoch 260/500
51/51 - 10s - 204ms/step - loss: 0.3582 - val_loss: 0.3601
Epoch 261/500
51/51 - 10s - 202ms/step - loss: 0.3581 - val_loss: 0.3600
Epoch 262/500
51/51 - 10s - 204ms/step - loss: 0.3581 - val_loss: 0.3600
Epoch 263/500
51/51 - 10s - 204ms/step - loss: 0.3580 - val_loss: 0.3600
Epoch 264/500
51/51 - 10s - 206ms/step - loss: 0.3580 - val_loss: 0.3599
Epoch 265/500
51/51 - 10s - 205ms/step - loss: 0.3579 - val_loss: 0.3599
Epoch 266/500
51/51 - 10s - 204ms/step - loss: 0.3578 - val_loss: 0.3598
Epoch 267/500
51/51 - 10s - 205ms/step - loss: 0.3578 - val_loss: 0.3598
Epoch 268/500
51/51 - 10s - 205ms/step - loss: 0.3577 - val_loss: 0.3598
Epoch 269/500
51/51 - 11s - 207ms/step - loss: 0.3577 - val_loss: 0.3597
Epoch 270/500
51/51 - 10s - 203ms/step - loss: 0.3576 - val_loss: 0.3597
Epoch 271/500
51/51 - 11s - 206ms/step - loss: 0.3576 - val_loss: 0.3596
Epoch 272/500
51/51 - 10s - 200ms/step - loss: 0.3575 - val_loss: 0.3596
Epoch 273/500
51/51 - 10s - 205ms/step - loss: 0.3575 - val_loss: 0.3596
Epoch 274/500
51/51 - 10s - 204ms/step - loss: 0.3574 - val_loss: 0.3595
Epoch 275/500
51/51 - 10s - 203ms/step - loss: 0.3574 - val_loss: 0.3595
Epoch 276/500
51/51 - 10s - 198ms/step - loss: 0.3573 - val_loss: 0.3595
Epoch 277/500
51/51 - 10s - 202ms/step - loss: 0.3573 - val_loss: 0.3594
Epoch 278/500
51/51 - 11s - 206ms/step - loss: 0.3572 - val_loss: 0.3594
Epoch 279/500
51/51 - 10s - 205ms/step - loss: 0.3572 - val_loss: 0.3594
Epoch 280/500
51/51 - 10s - 205ms/step - loss: 0.3571 - val_loss: 0.3593
Epoch 281/500
51/51 - 10s - 204ms/step - loss: 0.3571 - val_loss: 0.3593
Epoch 282/500
51/51 - 10s - 194ms/step - loss: 0.3570 - val_loss: 0.3593
Epoch 283/500
51/51 - 10s - 204ms/step - loss: 0.3570 - val_loss: 0.3592
Epoch 284/500
51/51 - 10s - 206ms/step - loss: 0.3569 - val_loss: 0.3592
Epoch 285/500
51/51 - 10s - 202ms/step - loss: 0.3569 - val_loss: 0.3592
Epoch 286/500
51/51 - 10s - 203ms/step - loss: 0.3568 - val_loss: 0.3591
Epoch 287/500
51/51 - 10s - 204ms/step - loss: 0.3568 - val_loss: 0.3591
Epoch 288/500
51/51 - 10s - 198ms/step - loss: 0.3567 - val_loss: 0.3591
Epoch 289/500
51/51 - 11s - 206ms/step - loss: 0.3567 - val_loss: 0.3591
Epoch 290/500
51/51 - 10s - 203ms/step - loss: 0.3566 - val_loss: 0.3590
Epoch 291/500
51/51 - 10s - 205ms/step - loss: 0.3566 - val_loss: 0.3590
Epoch 292/500
51/51 - 10s - 204ms/step - loss: 0.3565 - val_loss: 0.3590
Epoch 293/500
51/51 - 10s - 204ms/step - loss: 0.3565 - val_loss: 0.3589
Epoch 294/500
51/51 - 10s - 205ms/step - loss: 0.3564 - val_loss: 0.3589
Epoch 295/500
51/51 - 11s - 206ms/step - loss: 0.3564 - val_loss: 0.3589
Epoch 296/500
51/51 - 10s - 206ms/step - loss: 0.3564 - val_loss: 0.3589
Epoch 297/500
51/51 - 10s - 205ms/step - loss: 0.3563 - val_loss: 0.3588
Epoch 298/500
51/51 - 10s - 206ms/step - loss: 0.3563 - val_loss: 0.3588
Epoch 299/500
51/51 - 10s - 205ms/step - loss: 0.3562 - val_loss: 0.3588
Epoch 300/500
51/51 - 10s - 204ms/step - loss: 0.3562 - val_loss: 0.3588
Epoch 301/500
51/51 - 10s - 204ms/step - loss: 0.3561 - val_loss: 0.3587
Epoch 302/500
51/51 - 11s - 206ms/step - loss: 0.3561 - val_loss: 0.3587
Epoch 303/500
51/51 - 10s - 204ms/step - loss: 0.3560 - val_loss: 0.3587
Epoch 304/500
51/51 - 10s - 206ms/step - loss: 0.3560 - val_loss: 0.3587
Epoch 305/500
51/51 - 10s - 205ms/step - loss: 0.3560 - val_loss: 0.3586
Epoch 306/500
51/51 - 11s - 206ms/step - loss: 0.3559 - val_loss: 0.3586
Epoch 307/500
51/51 - 11s - 206ms/step - loss: 0.3559 - val_loss: 0.3586
Epoch 308/500
51/51 - 10s - 205ms/step - loss: 0.3558 - val_loss: 0.3586
Epoch 309/500
51/51 - 11s - 207ms/step - loss: 0.3558 - val_loss: 0.3585
Epoch 310/500
51/51 - 10s - 204ms/step - loss: 0.3558 - val_loss: 0.3585
Epoch 311/500
51/51 - 10s - 204ms/step - loss: 0.3557 - val_loss: 0.3585
Epoch 312/500
51/51 - 10s - 205ms/step - loss: 0.3557 - val_loss: 0.3585
Epoch 313/500
51/51 - 10s - 206ms/step - loss: 0.3556 - val_loss: 0.3584
Epoch 314/500
51/51 - 11s - 209ms/step - loss: 0.3556 - val_loss: 0.3584
Epoch 315/500
51/51 - 10s - 204ms/step - loss: 0.3556 - val_loss: 0.3584
Epoch 316/500
51/51 - 10s - 197ms/step - loss: 0.3555 - val_loss: 0.3584
Epoch 317/500
51/51 - 10s - 202ms/step - loss: 0.3555 - val_loss: 0.3584
Epoch 318/500
51/51 - 10s - 202ms/step - loss: 0.3554 - val_loss: 0.3583
Epoch 319/500
51/51 - 10s - 205ms/step - loss: 0.3554 - val_loss: 0.3583
Epoch 320/500
51/51 - 10s - 203ms/step - loss: 0.3554 - val_loss: 0.3583
Epoch 321/500
51/51 - 10s - 206ms/step - loss: 0.3553 - val_loss: 0.3583
Epoch 322/500
51/51 - 10s - 204ms/step - loss: 0.3553 - val_loss: 0.3582
Epoch 323/500
51/51 - 10s - 206ms/step - loss: 0.3553 - val_loss: 0.3582
Epoch 324/500
51/51 - 10s - 196ms/step - loss: 0.3552 - val_loss: 0.3582
Epoch 325/500
51/51 - 10s - 204ms/step - loss: 0.3552 - val_loss: 0.3582
Epoch 326/500
51/51 - 11s - 208ms/step - loss: 0.3552 - val_loss: 0.3582
Epoch 327/500
51/51 - 11s - 206ms/step - loss: 0.3551 - val_loss: 0.3581
Epoch 328/500
51/51 - 10s - 205ms/step - loss: 0.3551 - val_loss: 0.3581
Epoch 329/500
51/51 - 11s - 206ms/step - loss: 0.3551 - val_loss: 0.3581
Epoch 330/500
51/51 - 11s - 207ms/step - loss: 0.3550 - val_loss: 0.3581
Epoch 331/500
51/51 - 11s - 207ms/step - loss: 0.3550 - val_loss: 0.3581
Epoch 332/500
51/51 - 11s - 206ms/step - loss: 0.3549 - val_loss: 0.3580
Epoch 333/500
51/51 - 11s - 207ms/step - loss: 0.3549 - val_loss: 0.3580
Epoch 334/500
51/51 - 11s - 207ms/step - loss: 0.3549 - val_loss: 0.3580
Epoch 335/500
51/51 - 11s - 208ms/step - loss: 0.3548 - val_loss: 0.3580
Epoch 336/500
51/51 - 11s - 208ms/step - loss: 0.3548 - val_loss: 0.3580
Epoch 337/500
51/51 - 11s - 210ms/step - loss: 0.3548 - val_loss: 0.3580
Epoch 338/500
51/51 - 11s - 207ms/step - loss: 0.3547 - val_loss: 0.3579
Epoch 339/500
51/51 - 11s - 208ms/step - loss: 0.3547 - val_loss: 0.3579
Epoch 340/500
51/51 - 11s - 208ms/step - loss: 0.3547 - val_loss: 0.3579
Epoch 341/500
51/51 - 11s - 208ms/step - loss: 0.3546 - val_loss: 0.3579
Epoch 342/500
51/51 - 11s - 208ms/step - loss: 0.3546 - val_loss: 0.3579
Epoch 343/500
51/51 - 11s - 206ms/step - loss: 0.3546 - val_loss: 0.3578
Epoch 344/500
51/51 - 10s - 204ms/step - loss: 0.3546 - val_loss: 0.3578
Epoch 345/500
51/51 - 10s - 205ms/step - loss: 0.3545 - val_loss: 0.3578
Epoch 346/500
51/51 - 10s - 205ms/step - loss: 0.3545 - val_loss: 0.3578
Epoch 347/500
51/51 - 11s - 209ms/step - loss: 0.3545 - val_loss: 0.3578
Epoch 348/500
51/51 - 11s - 208ms/step - loss: 0.3544 - val_loss: 0.3578
Epoch 349/500
51/51 - 11s - 208ms/step - loss: 0.3544 - val_loss: 0.3577
Epoch 350/500
51/51 - 11s - 207ms/step - loss: 0.3544 - val_loss: 0.3577
Epoch 351/500
51/51 - 11s - 209ms/step - loss: 0.3543 - val_loss: 0.3577
Epoch 352/500
51/51 - 11s - 210ms/step - loss: 0.3543 - val_loss: 0.3577
Epoch 353/500
51/51 - 11s - 208ms/step - loss: 0.3543 - val_loss: 0.3577
Epoch 354/500
51/51 - 11s - 210ms/step - loss: 0.3542 - val_loss: 0.3577
Epoch 355/500
51/51 - 11s - 209ms/step - loss: 0.3542 - val_loss: 0.3576
Epoch 356/500
51/51 - 11s - 207ms/step - loss: 0.3542 - val_loss: 0.3576
Epoch 357/500
51/51 - 11s - 208ms/step - loss: 0.3542 - val_loss: 0.3576
Epoch 358/500
51/51 - 11s - 209ms/step - loss: 0.3541 - val_loss: 0.3576
Epoch 359/500
51/51 - 11s - 208ms/step - loss: 0.3541 - val_loss: 0.3576
Epoch 360/500
51/51 - 11s - 210ms/step - loss: 0.3541 - val_loss: 0.3576
Epoch 361/500
51/51 - 11s - 209ms/step - loss: 0.3540 - val_loss: 0.3575
Epoch 362/500
51/51 - 11s - 206ms/step - loss: 0.3540 - val_loss: 0.3575
Epoch 363/500
51/51 - 11s - 207ms/step - loss: 0.3540 - val_loss: 0.3575
Epoch 364/500
51/51 - 10s - 204ms/step - loss: 0.3540 - val_loss: 0.3575
Epoch 365/500
51/51 - 11s - 210ms/step - loss: 0.3539 - val_loss: 0.3575
Epoch 366/500
51/51 - 11s - 207ms/step - loss: 0.3539 - val_loss: 0.3575
Epoch 367/500
51/51 - 11s - 209ms/step - loss: 0.3539 - val_loss: 0.3574
Epoch 368/500
51/51 - 11s - 207ms/step - loss: 0.3539 - val_loss: 0.3574
Epoch 369/500
51/51 - 11s - 207ms/step - loss: 0.3538 - val_loss: 0.3574
Epoch 370/500
51/51 - 10s - 206ms/step - loss: 0.3538 - val_loss: 0.3574
Epoch 371/500
51/51 - 11s - 207ms/step - loss: 0.3538 - val_loss: 0.3574
Epoch 372/500
51/51 - 11s - 208ms/step - loss: 0.3537 - val_loss: 0.3574
Epoch 373/500
51/51 - 11s - 210ms/step - loss: 0.3537 - val_loss: 0.3574
Epoch 374/500
51/51 - 11s - 207ms/step - loss: 0.3537 - val_loss: 0.3573
Epoch 375/500
51/51 - 11s - 206ms/step - loss: 0.3537 - val_loss: 0.3573
Epoch 376/500
51/51 - 10s - 203ms/step - loss: 0.3536 - val_loss: 0.3573
Epoch 377/500
51/51 - 11s - 209ms/step - loss: 0.3536 - val_loss: 0.3573
Epoch 378/500
51/51 - 11s - 210ms/step - loss: 0.3536 - val_loss: 0.3573
Epoch 379/500
51/51 - 11s - 209ms/step - loss: 0.3536 - val_loss: 0.3573
Epoch 380/500
51/51 - 11s - 210ms/step - loss: 0.3535 - val_loss: 0.3573
Epoch 381/500
51/51 - 11s - 210ms/step - loss: 0.3535 - val_loss: 0.3572
Epoch 382/500
51/51 - 11s - 210ms/step - loss: 0.3535 - val_loss: 0.3572
Epoch 383/500
51/51 - 11s - 208ms/step - loss: 0.3535 - val_loss: 0.3572
Epoch 384/500
51/51 - 11s - 209ms/step - loss: 0.3534 - val_loss: 0.3572
Epoch 385/500
51/51 - 11s - 210ms/step - loss: 0.3534 - val_loss: 0.3572
Epoch 386/500
51/51 - 10s - 202ms/step - loss: 0.3534 - val_loss: 0.3572
Epoch 387/500
51/51 - 11s - 207ms/step - loss: 0.3534 - val_loss: 0.3572
Epoch 388/500
51/51 - 11s - 207ms/step - loss: 0.3533 - val_loss: 0.3571
Epoch 389/500
51/51 - 10s - 206ms/step - loss: 0.3533 - val_loss: 0.3571
Epoch 390/500
51/51 - 11s - 207ms/step - loss: 0.3533 - val_loss: 0.3571
Epoch 391/500
51/51 - 10s - 205ms/step - loss: 0.3533 - val_loss: 0.3571
Epoch 392/500
51/51 - 11s - 206ms/step - loss: 0.3532 - val_loss: 0.3571
Epoch 393/500
51/51 - 11s - 206ms/step - loss: 0.3532 - val_loss: 0.3571
Epoch 394/500
51/51 - 11s - 207ms/step - loss: 0.3532 - val_loss: 0.3571
Epoch 395/500
51/51 - 11s - 207ms/step - loss: 0.3532 - val_loss: 0.3570
Epoch 396/500
51/51 - 10s - 205ms/step - loss: 0.3531 - val_loss: 0.3570
Epoch 397/500
51/51 - 11s - 209ms/step - loss: 0.3531 - val_loss: 0.3570
Epoch 398/500
51/51 - 11s - 207ms/step - loss: 0.3531 - val_loss: 0.3570
Epoch 399/500
51/51 - 11s - 208ms/step - loss: 0.3531 - val_loss: 0.3570
Epoch 400/500
51/51 - 11s - 206ms/step - loss: 0.3531 - val_loss: 0.3570
Epoch 401/500
51/51 - 11s - 208ms/step - loss: 0.3530 - val_loss: 0.3570
Epoch 402/500
51/51 - 9s - 173ms/step - loss: 0.3530 - val_loss: 0.3570
Epoch 403/500
51/51 - 8s - 148ms/step - loss: 0.3530 - val_loss: 0.3569
Epoch 404/500
51/51 - 11s - 210ms/step - loss: 0.3530 - val_loss: 0.3569
Epoch 405/500
51/51 - 11s - 208ms/step - loss: 0.3529 - val_loss: 0.3569
Epoch 406/500
51/51 - 10s - 204ms/step - loss: 0.3529 - val_loss: 0.3569
Epoch 407/500
51/51 - 10s - 204ms/step - loss: 0.3529 - val_loss: 0.3569
Epoch 408/500
51/51 - 11s - 208ms/step - loss: 0.3529 - val_loss: 0.3569
Epoch 409/500
51/51 - 11s - 207ms/step - loss: 0.3529 - val_loss: 0.3569
Epoch 410/500
51/51 - 11s - 209ms/step - loss: 0.3528 - val_loss: 0.3569
Epoch 411/500
51/51 - 10s - 206ms/step - loss: 0.3528 - val_loss: 0.3568
Epoch 412/500
51/51 - 11s - 208ms/step - loss: 0.3528 - val_loss: 0.3568
Epoch 413/500
51/51 - 11s - 208ms/step - loss: 0.3528 - val_loss: 0.3568
Epoch 414/500
51/51 - 11s - 208ms/step - loss: 0.3527 - val_loss: 0.3568
Epoch 415/500
51/51 - 11s - 208ms/step - loss: 0.3527 - val_loss: 0.3568
Epoch 416/500
51/51 - 10s - 205ms/step - loss: 0.3527 - val_loss: 0.3568
Epoch 417/500
51/51 - 11s - 207ms/step - loss: 0.3527 - val_loss: 0.3568
Epoch 418/500
51/51 - 10s - 206ms/step - loss: 0.3527 - val_loss: 0.3568
Epoch 419/500
51/51 - 11s - 206ms/step - loss: 0.3526 - val_loss: 0.3568
Epoch 420/500
51/51 - 11s - 208ms/step - loss: 0.3526 - val_loss: 0.3567
Epoch 421/500
51/51 - 10s - 206ms/step - loss: 0.3526 - val_loss: 0.3567
Epoch 422/500
51/51 - 11s - 208ms/step - loss: 0.3526 - val_loss: 0.3567
Epoch 423/500
51/51 - 11s - 208ms/step - loss: 0.3526 - val_loss: 0.3567
Epoch 424/500
51/51 - 11s - 208ms/step - loss: 0.3525 - val_loss: 0.3567
Epoch 425/500
51/51 - 11s - 209ms/step - loss: 0.3525 - val_loss: 0.3567
Epoch 426/500
51/51 - 11s - 208ms/step - loss: 0.3525 - val_loss: 0.3567
Epoch 427/500
51/51 - 11s - 206ms/step - loss: 0.3525 - val_loss: 0.3567
Epoch 428/500
51/51 - 10s - 204ms/step - loss: 0.3525 - val_loss: 0.3567
Epoch 429/500
51/51 - 10s - 205ms/step - loss: 0.3524 - val_loss: 0.3566
Epoch 430/500
51/51 - 10s - 206ms/step - loss: 0.3524 - val_loss: 0.3566
Epoch 431/500
51/51 - 10s - 205ms/step - loss: 0.3524 - val_loss: 0.3566
Epoch 432/500
51/51 - 10s - 206ms/step - loss: 0.3524 - val_loss: 0.3566
Epoch 433/500
51/51 - 10s - 205ms/step - loss: 0.3524 - val_loss: 0.3566
Epoch 434/500
51/51 - 10s - 206ms/step - loss: 0.3523 - val_loss: 0.3566
Epoch 435/500
51/51 - 10s - 204ms/step - loss: 0.3523 - val_loss: 0.3566
Epoch 436/500
51/51 - 10s - 205ms/step - loss: 0.3523 - val_loss: 0.3566
Epoch 437/500
51/51 - 10s - 200ms/step - loss: 0.3523 - val_loss: 0.3566
Epoch 438/500
51/51 - 10s - 200ms/step - loss: 0.3523 - val_loss: 0.3566
Epoch 439/500
51/51 - 10s - 205ms/step - loss: 0.3522 - val_loss: 0.3565
Epoch 440/500
51/51 - 10s - 205ms/step - loss: 0.3522 - val_loss: 0.3565
Epoch 441/500
51/51 - 10s - 204ms/step - loss: 0.3522 - val_loss: 0.3565
Epoch 442/500
51/51 - 10s - 204ms/step - loss: 0.3522 - val_loss: 0.3565
Epoch 443/500
51/51 - 10s - 204ms/step - loss: 0.3522 - val_loss: 0.3565
Epoch 444/500
51/51 - 10s - 203ms/step - loss: 0.3522 - val_loss: 0.3565
Epoch 445/500
51/51 - 11s - 206ms/step - loss: 0.3521 - val_loss: 0.3565
Epoch 446/500
51/51 - 10s - 205ms/step - loss: 0.3521 - val_loss: 0.3565
Epoch 447/500
51/51 - 10s - 204ms/step - loss: 0.3521 - val_loss: 0.3565
Epoch 448/500
51/51 - 10s - 205ms/step - loss: 0.3521 - val_loss: 0.3565
Epoch 449/500
51/51 - 11s - 207ms/step - loss: 0.3521 - val_loss: 0.3564
Epoch 450/500
51/51 - 10s - 200ms/step - loss: 0.3520 - val_loss: 0.3564
Epoch 451/500
51/51 - 11s - 207ms/step - loss: 0.3520 - val_loss: 0.3564
Epoch 452/500
51/51 - 11s - 206ms/step - loss: 0.3520 - val_loss: 0.3564
[Run 3/5] Training shared encoder (weighted, sigmoid head, baseline preprocessing)...
Epoch 1/500
51/51 - 14s - 271ms/step - loss: 0.8988 - val_loss: 0.8585
Epoch 2/500
51/51 - 11s - 217ms/step - loss: 0.8156 - val_loss: 0.7780
Epoch 3/500
51/51 - 10s - 205ms/step - loss: 0.7449 - val_loss: 0.7126
Epoch 4/500
51/51 - 11s - 216ms/step - loss: 0.6900 - val_loss: 0.6634
Epoch 5/500
51/51 - 11s - 212ms/step - loss: 0.6491 - val_loss: 0.6272
Epoch 6/500
51/51 - 11s - 212ms/step - loss: 0.6187 - val_loss: 0.5999
Epoch 7/500
51/51 - 11s - 214ms/step - loss: 0.5953 - val_loss: 0.5787
Epoch 8/500
51/51 - 11s - 214ms/step - loss: 0.5768 - val_loss: 0.5617
Epoch 9/500
51/51 - 11s - 214ms/step - loss: 0.5619 - val_loss: 0.5479
Epoch 10/500
51/51 - 11s - 212ms/step - loss: 0.5495 - val_loss: 0.5365
Epoch 11/500
51/51 - 11s - 212ms/step - loss: 0.5392 - val_loss: 0.5268
Epoch 12/500
51/51 - 11s - 214ms/step - loss: 0.5303 - val_loss: 0.5186
Epoch 13/500
51/51 - 11s - 209ms/step - loss: 0.5226 - val_loss: 0.5114
Epoch 14/500
51/51 - 11s - 209ms/step - loss: 0.5159 - val_loss: 0.5051
Epoch 15/500
51/51 - 11s - 209ms/step - loss: 0.5099 - val_loss: 0.4996
Epoch 16/500
51/51 - 10s - 205ms/step - loss: 0.5046 - val_loss: 0.4946
Epoch 17/500
51/51 - 11s - 213ms/step - loss: 0.4998 - val_loss: 0.4901
Epoch 18/500
51/51 - 11s - 211ms/step - loss: 0.4954 - val_loss: 0.4860
Epoch 19/500
51/51 - 11s - 212ms/step - loss: 0.4914 - val_loss: 0.4823
Epoch 20/500
51/51 - 11s - 213ms/step - loss: 0.4877 - val_loss: 0.4788
Epoch 21/500
51/51 - 11s - 209ms/step - loss: 0.4844 - val_loss: 0.4756
Epoch 22/500
51/51 - 11s - 211ms/step - loss: 0.4812 - val_loss: 0.4727
Epoch 23/500
51/51 - 11s - 213ms/step - loss: 0.4783 - val_loss: 0.4699
Epoch 24/500
51/51 - 11s - 210ms/step - loss: 0.4756 - val_loss: 0.4673
Epoch 25/500
51/51 - 11s - 212ms/step - loss: 0.4730 - val_loss: 0.4649
Epoch 26/500
51/51 - 11s - 212ms/step - loss: 0.4706 - val_loss: 0.4626
Epoch 27/500
51/51 - 11s - 214ms/step - loss: 0.4683 - val_loss: 0.4604
Epoch 28/500
51/51 - 11s - 210ms/step - loss: 0.4662 - val_loss: 0.4584
Epoch 29/500
51/51 - 11s - 212ms/step - loss: 0.4642 - val_loss: 0.4564
Epoch 30/500
51/51 - 11s - 208ms/step - loss: 0.4622 - val_loss: 0.4545
Epoch 31/500
51/51 - 11s - 213ms/step - loss: 0.4604 - val_loss: 0.4528
Epoch 32/500
51/51 - 11s - 214ms/step - loss: 0.4587 - val_loss: 0.4511
Epoch 33/500
51/51 - 11s - 212ms/step - loss: 0.4570 - val_loss: 0.4495
Epoch 34/500
51/51 - 11s - 213ms/step - loss: 0.4554 - val_loss: 0.4479
Epoch 35/500
51/51 - 11s - 214ms/step - loss: 0.4539 - val_loss: 0.4464
Epoch 36/500
51/51 - 11s - 212ms/step - loss: 0.4524 - val_loss: 0.4450
Epoch 37/500
51/51 - 11s - 212ms/step - loss: 0.4510 - val_loss: 0.4436
Epoch 38/500
51/51 - 11s - 215ms/step - loss: 0.4497 - val_loss: 0.4423
Epoch 39/500
51/51 - 11s - 209ms/step - loss: 0.4484 - val_loss: 0.4410
Epoch 40/500
51/51 - 11s - 211ms/step - loss: 0.4471 - val_loss: 0.4398
Epoch 41/500
51/51 - 11s - 213ms/step - loss: 0.4459 - val_loss: 0.4386
Epoch 42/500
51/51 - 11s - 210ms/step - loss: 0.4448 - val_loss: 0.4375
Epoch 43/500
51/51 - 11s - 209ms/step - loss: 0.4436 - val_loss: 0.4364
Epoch 44/500
51/51 - 11s - 209ms/step - loss: 0.4426 - val_loss: 0.4353
Epoch 45/500
51/51 - 11s - 212ms/step - loss: 0.4415 - val_loss: 0.4343
Epoch 46/500
51/51 - 11s - 210ms/step - loss: 0.4405 - val_loss: 0.4333
Epoch 47/500
51/51 - 11s - 214ms/step - loss: 0.4395 - val_loss: 0.4323
Epoch 48/500
51/51 - 11s - 213ms/step - loss: 0.4386 - val_loss: 0.4313
Epoch 49/500
51/51 - 11s - 214ms/step - loss: 0.4376 - val_loss: 0.4304
Epoch 50/500
51/51 - 11s - 210ms/step - loss: 0.4367 - val_loss: 0.4295
Epoch 51/500
51/51 - 11s - 214ms/step - loss: 0.4359 - val_loss: 0.4287
Epoch 52/500
51/51 - 11s - 214ms/step - loss: 0.4350 - val_loss: 0.4278
Epoch 53/500
51/51 - 11s - 212ms/step - loss: 0.4342 - val_loss: 0.4270
Epoch 54/500
51/51 - 11s - 209ms/step - loss: 0.4334 - val_loss: 0.4262
Epoch 55/500
51/51 - 11s - 213ms/step - loss: 0.4326 - val_loss: 0.4254
Epoch 56/500
51/51 - 11s - 210ms/step - loss: 0.4318 - val_loss: 0.4247
Epoch 57/500
51/51 - 11s - 215ms/step - loss: 0.4311 - val_loss: 0.4240
Epoch 58/500
51/51 - 11s - 213ms/step - loss: 0.4304 - val_loss: 0.4232
Epoch 59/500
51/51 - 11s - 210ms/step - loss: 0.4296 - val_loss: 0.4225
Epoch 60/500
51/51 - 11s - 209ms/step - loss: 0.4289 - val_loss: 0.4218
Epoch 61/500
51/51 - 11s - 213ms/step - loss: 0.4283 - val_loss: 0.4212
Epoch 62/500
51/51 - 11s - 208ms/step - loss: 0.4276 - val_loss: 0.4205
Epoch 63/500
51/51 - 11s - 214ms/step - loss: 0.4269 - val_loss: 0.4199
Epoch 64/500
51/51 - 11s - 211ms/step - loss: 0.4263 - val_loss: 0.4192
Epoch 65/500
51/51 - 11s - 214ms/step - loss: 0.4257 - val_loss: 0.4186
Epoch 66/500
51/51 - 11s - 213ms/step - loss: 0.4251 - val_loss: 0.4180
Epoch 67/500
51/51 - 11s - 209ms/step - loss: 0.4245 - val_loss: 0.4174
Epoch 68/500
51/51 - 11s - 209ms/step - loss: 0.4239 - val_loss: 0.4169
Epoch 69/500
51/51 - 11s - 216ms/step - loss: 0.4233 - val_loss: 0.4163
Epoch 70/500
51/51 - 11s - 213ms/step - loss: 0.4227 - val_loss: 0.4157
Epoch 71/500
51/51 - 11s - 208ms/step - loss: 0.4222 - val_loss: 0.4152
Epoch 72/500
51/51 - 11s - 210ms/step - loss: 0.4216 - val_loss: 0.4147
Epoch 73/500
51/51 - 11s - 208ms/step - loss: 0.4211 - val_loss: 0.4141
Epoch 74/500
51/51 - 11s - 208ms/step - loss: 0.4206 - val_loss: 0.4136
Epoch 75/500
51/51 - 11s - 208ms/step - loss: 0.4201 - val_loss: 0.4131
Epoch 76/500
51/51 - 11s - 211ms/step - loss: 0.4195 - val_loss: 0.4126
Epoch 77/500
51/51 - 11s - 216ms/step - loss: 0.4190 - val_loss: 0.4121
Epoch 78/500
51/51 - 11s - 214ms/step - loss: 0.4186 - val_loss: 0.4117
Epoch 79/500
51/51 - 11s - 214ms/step - loss: 0.4181 - val_loss: 0.4112
Epoch 80/500
51/51 - 11s - 213ms/step - loss: 0.4176 - val_loss: 0.4107
Epoch 81/500
51/51 - 11s - 213ms/step - loss: 0.4171 - val_loss: 0.4103
Epoch 82/500
51/51 - 11s - 215ms/step - loss: 0.4167 - val_loss: 0.4098
Epoch 83/500
51/51 - 11s - 213ms/step - loss: 0.4162 - val_loss: 0.4094
Epoch 84/500
51/51 - 11s - 215ms/step - loss: 0.4158 - val_loss: 0.4090
Epoch 85/500
51/51 - 11s - 209ms/step - loss: 0.4153 - val_loss: 0.4086
Epoch 86/500
51/51 - 10s - 205ms/step - loss: 0.4149 - val_loss: 0.4081
Epoch 87/500
51/51 - 11s - 210ms/step - loss: 0.4145 - val_loss: 0.4077
Epoch 88/500
51/51 - 11s - 213ms/step - loss: 0.4141 - val_loss: 0.4073
Epoch 89/500
51/51 - 11s - 212ms/step - loss: 0.4136 - val_loss: 0.4069
Epoch 90/500
51/51 - 11s - 211ms/step - loss: 0.4132 - val_loss: 0.4066
Epoch 91/500
51/51 - 11s - 214ms/step - loss: 0.4128 - val_loss: 0.4062
Epoch 92/500
51/51 - 11s - 210ms/step - loss: 0.4125 - val_loss: 0.4058
Epoch 93/500
51/51 - 11s - 211ms/step - loss: 0.4121 - val_loss: 0.4054
Epoch 94/500
51/51 - 11s - 214ms/step - loss: 0.4117 - val_loss: 0.4051
Epoch 95/500
51/51 - 11s - 211ms/step - loss: 0.4113 - val_loss: 0.4047
Epoch 96/500
51/51 - 11s - 214ms/step - loss: 0.4110 - val_loss: 0.4044
Epoch 97/500
51/51 - 11s - 213ms/step - loss: 0.4106 - val_loss: 0.4040
Epoch 98/500
51/51 - 11s - 210ms/step - loss: 0.4102 - val_loss: 0.4037
Epoch 99/500
51/51 - 11s - 218ms/step - loss: 0.4099 - val_loss: 0.4034
Epoch 100/500
51/51 - 11s - 213ms/step - loss: 0.4095 - val_loss: 0.4031
Epoch 101/500
51/51 - 11s - 221ms/step - loss: 0.4092 - val_loss: 0.4028
Epoch 102/500
51/51 - 12s - 238ms/step - loss: 0.4089 - val_loss: 0.4024
Epoch 103/500
51/51 - 11s - 215ms/step - loss: 0.4085 - val_loss: 0.4021
Epoch 104/500
51/51 - 11s - 215ms/step - loss: 0.4082 - val_loss: 0.4018
Epoch 105/500
51/51 - 11s - 213ms/step - loss: 0.4079 - val_loss: 0.4015
Epoch 106/500
51/51 - 11s - 212ms/step - loss: 0.4076 - val_loss: 0.4013
Epoch 107/500
51/51 - 11s - 212ms/step - loss: 0.4073 - val_loss: 0.4010
Epoch 108/500
51/51 - 11s - 212ms/step - loss: 0.4070 - val_loss: 0.4007
Epoch 109/500
51/51 - 11s - 212ms/step - loss: 0.4067 - val_loss: 0.4004
Epoch 110/500
51/51 - 11s - 212ms/step - loss: 0.4064 - val_loss: 0.4002
Epoch 111/500
51/51 - 11s - 211ms/step - loss: 0.4061 - val_loss: 0.3999
Epoch 112/500
51/51 - 11s - 210ms/step - loss: 0.4058 - val_loss: 0.3996
Epoch 113/500
51/51 - 11s - 212ms/step - loss: 0.4056 - val_loss: 0.3994
Epoch 114/500
51/51 - 11s - 213ms/step - loss: 0.4053 - val_loss: 0.3991
Epoch 115/500
51/51 - 11s - 210ms/step - loss: 0.4050 - val_loss: 0.3989
Epoch 116/500
51/51 - 11s - 212ms/step - loss: 0.4047 - val_loss: 0.3987
Epoch 117/500
51/51 - 11s - 212ms/step - loss: 0.4045 - val_loss: 0.3984
Epoch 118/500
51/51 - 11s - 214ms/step - loss: 0.4042 - val_loss: 0.3982
Epoch 119/500
51/51 - 11s - 212ms/step - loss: 0.4040 - val_loss: 0.3980
Epoch 120/500
51/51 - 11s - 212ms/step - loss: 0.4037 - val_loss: 0.3978
Epoch 121/500
51/51 - 11s - 213ms/step - loss: 0.4035 - val_loss: 0.3975
Epoch 122/500
51/51 - 11s - 213ms/step - loss: 0.4032 - val_loss: 0.3973
Epoch 123/500
51/51 - 11s - 212ms/step - loss: 0.4030 - val_loss: 0.3971
Epoch 124/500
51/51 - 11s - 212ms/step - loss: 0.4028 - val_loss: 0.3969
Epoch 125/500
51/51 - 11s - 212ms/step - loss: 0.4025 - val_loss: 0.3967
Epoch 126/500
51/51 - 11s - 214ms/step - loss: 0.4023 - val_loss: 0.3965
Epoch 127/500
51/51 - 11s - 211ms/step - loss: 0.4021 - val_loss: 0.3963
Epoch 128/500
51/51 - 11s - 207ms/step - loss: 0.4019 - val_loss: 0.3961
Epoch 129/500
51/51 - 11s - 210ms/step - loss: 0.4016 - val_loss: 0.3959
Epoch 130/500
51/51 - 11s - 212ms/step - loss: 0.4014 - val_loss: 0.3957
Epoch 131/500
51/51 - 11s - 209ms/step - loss: 0.4012 - val_loss: 0.3956
Epoch 132/500
51/51 - 11s - 210ms/step - loss: 0.4010 - val_loss: 0.3954
Epoch 133/500
51/51 - 11s - 207ms/step - loss: 0.4008 - val_loss: 0.3952
Epoch 134/500
51/51 - 11s - 212ms/step - loss: 0.4006 - val_loss: 0.3950
Epoch 135/500
51/51 - 11s - 209ms/step - loss: 0.4004 - val_loss: 0.3949
Epoch 136/500
51/51 - 11s - 211ms/step - loss: 0.4002 - val_loss: 0.3947
Epoch 137/500
51/51 - 11s - 208ms/step - loss: 0.4000 - val_loss: 0.3945
Epoch 138/500
51/51 - 11s - 212ms/step - loss: 0.3998 - val_loss: 0.3944
Epoch 139/500
51/51 - 11s - 210ms/step - loss: 0.3996 - val_loss: 0.3942
Epoch 140/500
51/51 - 11s - 209ms/step - loss: 0.3994 - val_loss: 0.3941
Epoch 141/500
51/51 - 11s - 210ms/step - loss: 0.3993 - val_loss: 0.3939
Epoch 142/500
51/51 - 11s - 212ms/step - loss: 0.3991 - val_loss: 0.3938
Epoch 143/500
51/51 - 11s - 213ms/step - loss: 0.3989 - val_loss: 0.3936
Epoch 144/500
51/51 - 11s - 212ms/step - loss: 0.3987 - val_loss: 0.3935
Epoch 145/500
51/51 - 11s - 208ms/step - loss: 0.3986 - val_loss: 0.3933
Epoch 146/500
51/51 - 11s - 212ms/step - loss: 0.3984 - val_loss: 0.3932
Epoch 147/500
51/51 - 11s - 210ms/step - loss: 0.3982 - val_loss: 0.3931
Epoch 148/500
51/51 - 11s - 211ms/step - loss: 0.3980 - val_loss: 0.3929
Epoch 149/500
51/51 - 11s - 211ms/step - loss: 0.3979 - val_loss: 0.3928
Epoch 150/500
51/51 - 11s - 210ms/step - loss: 0.3977 - val_loss: 0.3927
Epoch 151/500
51/51 - 11s - 211ms/step - loss: 0.3976 - val_loss: 0.3925
Epoch 152/500
51/51 - 10s - 205ms/step - loss: 0.3974 - val_loss: 0.3924
Epoch 153/500
51/51 - 11s - 210ms/step - loss: 0.3972 - val_loss: 0.3923
Epoch 154/500
51/51 - 11s - 212ms/step - loss: 0.3971 - val_loss: 0.3922
Epoch 155/500
51/51 - 11s - 213ms/step - loss: 0.3969 - val_loss: 0.3920
Epoch 156/500
51/51 - 11s - 211ms/step - loss: 0.3968 - val_loss: 0.3919
Epoch 157/500
51/51 - 11s - 210ms/step - loss: 0.3966 - val_loss: 0.3918
Epoch 158/500
51/51 - 11s - 210ms/step - loss: 0.3965 - val_loss: 0.3917
Epoch 159/500
51/51 - 11s - 211ms/step - loss: 0.3964 - val_loss: 0.3916
Epoch 160/500
51/51 - 11s - 208ms/step - loss: 0.3962 - val_loss: 0.3915
Epoch 161/500
51/51 - 10s - 203ms/step - loss: 0.3961 - val_loss: 0.3913
Epoch 162/500
51/51 - 11s - 210ms/step - loss: 0.3959 - val_loss: 0.3912
Epoch 163/500
51/51 - 11s - 211ms/step - loss: 0.3958 - val_loss: 0.3911
Epoch 164/500
51/51 - 11s - 209ms/step - loss: 0.3957 - val_loss: 0.3910
Epoch 165/500
51/51 - 11s - 210ms/step - loss: 0.3955 - val_loss: 0.3909
Epoch 166/500
51/51 - 11s - 212ms/step - loss: 0.3954 - val_loss: 0.3908
Epoch 167/500
51/51 - 11s - 213ms/step - loss: 0.3952 - val_loss: 0.3907
Epoch 168/500
51/51 - 11s - 217ms/step - loss: 0.3951 - val_loss: 0.3906
Epoch 169/500
51/51 - 11s - 216ms/step - loss: 0.3950 - val_loss: 0.3905
Epoch 170/500
51/51 - 11s - 209ms/step - loss: 0.3949 - val_loss: 0.3904
Epoch 171/500
51/51 - 11s - 213ms/step - loss: 0.3947 - val_loss: 0.3903
Epoch 172/500
51/51 - 11s - 211ms/step - loss: 0.3946 - val_loss: 0.3902
Epoch 173/500
51/51 - 11s - 212ms/step - loss: 0.3945 - val_loss: 0.3901
Epoch 174/500
51/51 - 10s - 205ms/step - loss: 0.3944 - val_loss: 0.3900
Epoch 175/500
51/51 - 11s - 217ms/step - loss: 0.3942 - val_loss: 0.3899
Epoch 176/500
51/51 - 11s - 216ms/step - loss: 0.3941 - val_loss: 0.3898
Epoch 177/500
51/51 - 11s - 214ms/step - loss: 0.3940 - val_loss: 0.3897
Epoch 178/500
51/51 - 11s - 207ms/step - loss: 0.3939 - val_loss: 0.3896
Epoch 179/500
51/51 - 11s - 214ms/step - loss: 0.3938 - val_loss: 0.3895
Epoch 180/500
51/51 - 11s - 209ms/step - loss: 0.3937 - val_loss: 0.3894
Epoch 181/500
51/51 - 11s - 212ms/step - loss: 0.3935 - val_loss: 0.3894
Epoch 182/500
51/51 - 11s - 216ms/step - loss: 0.3934 - val_loss: 0.3893
Epoch 183/500
51/51 - 11s - 216ms/step - loss: 0.3933 - val_loss: 0.3892
Epoch 184/500
51/51 - 11s - 212ms/step - loss: 0.3932 - val_loss: 0.3891
Epoch 185/500
51/51 - 10s - 206ms/step - loss: 0.3931 - val_loss: 0.3890
Epoch 186/500
51/51 - 11s - 215ms/step - loss: 0.3930 - val_loss: 0.3889
Epoch 187/500
51/51 - 11s - 214ms/step - loss: 0.3929 - val_loss: 0.3888
Epoch 188/500
51/51 - 11s - 212ms/step - loss: 0.3928 - val_loss: 0.3887
Epoch 189/500
51/51 - 11s - 214ms/step - loss: 0.3927 - val_loss: 0.3887
Epoch 190/500
51/51 - 11s - 209ms/step - loss: 0.3926 - val_loss: 0.3886
Epoch 191/500
51/51 - 11s - 209ms/step - loss: 0.3925 - val_loss: 0.3885
Epoch 192/500
51/51 - 11s - 217ms/step - loss: 0.3923 - val_loss: 0.3884
Epoch 193/500
51/51 - 11s - 215ms/step - loss: 0.3922 - val_loss: 0.3883
Epoch 194/500
51/51 - 11s - 208ms/step - loss: 0.3921 - val_loss: 0.3882
Epoch 195/500
51/51 - 11s - 215ms/step - loss: 0.3920 - val_loss: 0.3882
Epoch 196/500
51/51 - 11s - 215ms/step - loss: 0.3919 - val_loss: 0.3881
Epoch 197/500
51/51 - 11s - 208ms/step - loss: 0.3918 - val_loss: 0.3880
Epoch 198/500
51/51 - 11s - 211ms/step - loss: 0.3918 - val_loss: 0.3879
Epoch 199/500
51/51 - 11s - 213ms/step - loss: 0.3917 - val_loss: 0.3878
Epoch 200/500
51/51 - 11s - 211ms/step - loss: 0.3916 - val_loss: 0.3878
Epoch 201/500
51/51 - 10s - 198ms/step - loss: 0.3915 - val_loss: 0.3877
Epoch 202/500
51/51 - 11s - 216ms/step - loss: 0.3914 - val_loss: 0.3876
Epoch 203/500
51/51 - 11s - 212ms/step - loss: 0.3913 - val_loss: 0.3875
Epoch 204/500
51/51 - 11s - 211ms/step - loss: 0.3912 - val_loss: 0.3875
Epoch 205/500
51/51 - 11s - 211ms/step - loss: 0.3911 - val_loss: 0.3874
Epoch 206/500
51/51 - 11s - 212ms/step - loss: 0.3910 - val_loss: 0.3873
Epoch 207/500
51/51 - 11s - 215ms/step - loss: 0.3909 - val_loss: 0.3872
Epoch 208/500
51/51 - 11s - 219ms/step - loss: 0.3908 - val_loss: 0.3872
Epoch 209/500
51/51 - 11s - 213ms/step - loss: 0.3907 - val_loss: 0.3871
Epoch 210/500
51/51 - 11s - 216ms/step - loss: 0.3907 - val_loss: 0.3870
Epoch 211/500
51/51 - 11s - 212ms/step - loss: 0.3906 - val_loss: 0.3870
Epoch 212/500
51/51 - 11s - 214ms/step - loss: 0.3905 - val_loss: 0.3869
Epoch 213/500
51/51 - 11s - 211ms/step - loss: 0.3904 - val_loss: 0.3868
Epoch 214/500
51/51 - 11s - 212ms/step - loss: 0.3903 - val_loss: 0.3868
Epoch 215/500
51/51 - 11s - 213ms/step - loss: 0.3902 - val_loss: 0.3867
Epoch 216/500
51/51 - 9s - 183ms/step - loss: 0.3901 - val_loss: 0.3866
Epoch 217/500
51/51 - 8s - 153ms/step - loss: 0.3901 - val_loss: 0.3866
Epoch 218/500
51/51 - 11s - 211ms/step - loss: 0.3900 - val_loss: 0.3865
Epoch 219/500
51/51 - 11s - 212ms/step - loss: 0.3899 - val_loss: 0.3864
Epoch 220/500
51/51 - 11s - 214ms/step - loss: 0.3898 - val_loss: 0.3864
Epoch 221/500
51/51 - 11s - 213ms/step - loss: 0.3897 - val_loss: 0.3863
Epoch 222/500
51/51 - 11s - 213ms/step - loss: 0.3897 - val_loss: 0.3862
Epoch 223/500
51/51 - 11s - 213ms/step - loss: 0.3896 - val_loss: 0.3862
Epoch 224/500
51/51 - 11s - 212ms/step - loss: 0.3895 - val_loss: 0.3861
Epoch 225/500
51/51 - 11s - 212ms/step - loss: 0.3894 - val_loss: 0.3861
Epoch 226/500
51/51 - 11s - 213ms/step - loss: 0.3894 - val_loss: 0.3860
Epoch 227/500
51/51 - 11s - 212ms/step - loss: 0.3893 - val_loss: 0.3859
Epoch 228/500
51/51 - 11s - 212ms/step - loss: 0.3892 - val_loss: 0.3859
Epoch 229/500
51/51 - 11s - 218ms/step - loss: 0.3891 - val_loss: 0.3858
Epoch 230/500
51/51 - 11s - 214ms/step - loss: 0.3891 - val_loss: 0.3858
Epoch 231/500
51/51 - 11s - 213ms/step - loss: 0.3890 - val_loss: 0.3857
Epoch 232/500
51/51 - 11s - 211ms/step - loss: 0.3889 - val_loss: 0.3857
Epoch 233/500
51/51 - 11s - 210ms/step - loss: 0.3889 - val_loss: 0.3856
Epoch 234/500
51/51 - 11s - 213ms/step - loss: 0.3888 - val_loss: 0.3856
Epoch 235/500
51/51 - 11s - 209ms/step - loss: 0.3887 - val_loss: 0.3855
Epoch 236/500
51/51 - 10s - 206ms/step - loss: 0.3887 - val_loss: 0.3855
Epoch 237/500
51/51 - 11s - 211ms/step - loss: 0.3886 - val_loss: 0.3854
Epoch 238/500
51/51 - 11s - 212ms/step - loss: 0.3885 - val_loss: 0.3854
Epoch 239/500
51/51 - 11s - 210ms/step - loss: 0.3885 - val_loss: 0.3853
Epoch 240/500
51/51 - 11s - 210ms/step - loss: 0.3884 - val_loss: 0.3852
Epoch 241/500
51/51 - 10s - 205ms/step - loss: 0.3883 - val_loss: 0.3852
Epoch 242/500
51/51 - 10s - 203ms/step - loss: 0.3883 - val_loss: 0.3852
Epoch 243/500
51/51 - 11s - 209ms/step - loss: 0.3882 - val_loss: 0.3851
Epoch 244/500
51/51 - 11s - 210ms/step - loss: 0.3881 - val_loss: 0.3851
Epoch 245/500
51/51 - 11s - 213ms/step - loss: 0.3881 - val_loss: 0.3850
Epoch 246/500
51/51 - 11s - 211ms/step - loss: 0.3880 - val_loss: 0.3850
Epoch 247/500
51/51 - 11s - 213ms/step - loss: 0.3880 - val_loss: 0.3849
Epoch 248/500
51/51 - 11s - 210ms/step - loss: 0.3879 - val_loss: 0.3849
Epoch 249/500
51/51 - 11s - 208ms/step - loss: 0.3878 - val_loss: 0.3848
Epoch 250/500
51/51 - 11s - 209ms/step - loss: 0.3878 - val_loss: 0.3848
Epoch 251/500
51/51 - 11s - 212ms/step - loss: 0.3877 - val_loss: 0.3847
Epoch 252/500
51/51 - 11s - 213ms/step - loss: 0.3877 - val_loss: 0.3847
Epoch 253/500
51/51 - 11s - 214ms/step - loss: 0.3876 - val_loss: 0.3847
Epoch 254/500
51/51 - 11s - 211ms/step - loss: 0.3875 - val_loss: 0.3846
Epoch 255/500
51/51 - 11s - 211ms/step - loss: 0.3875 - val_loss: 0.3846
Epoch 256/500
51/51 - 11s - 211ms/step - loss: 0.3874 - val_loss: 0.3845
Epoch 257/500
51/51 - 11s - 212ms/step - loss: 0.3874 - val_loss: 0.3845
Epoch 258/500
51/51 - 11s - 208ms/step - loss: 0.3873 - val_loss: 0.3844
Epoch 259/500
51/51 - 11s - 210ms/step - loss: 0.3873 - val_loss: 0.3844
Epoch 260/500
51/51 - 11s - 211ms/step - loss: 0.3872 - val_loss: 0.3844
Epoch 261/500
51/51 - 11s - 209ms/step - loss: 0.3872 - val_loss: 0.3843
Epoch 262/500
51/51 - 11s - 213ms/step - loss: 0.3871 - val_loss: 0.3843
Epoch 263/500
51/51 - 11s - 211ms/step - loss: 0.3871 - val_loss: 0.3843
Epoch 264/500
51/51 - 11s - 208ms/step - loss: 0.3870 - val_loss: 0.3842
Epoch 265/500
51/51 - 11s - 208ms/step - loss: 0.3870 - val_loss: 0.3842
Epoch 266/500
51/51 - 10s - 200ms/step - loss: 0.3869 - val_loss: 0.3841
Epoch 267/500
51/51 - 10s - 205ms/step - loss: 0.3869 - val_loss: 0.3841
Epoch 268/500
51/51 - 11s - 211ms/step - loss: 0.3868 - val_loss: 0.3841
Epoch 269/500
51/51 - 11s - 213ms/step - loss: 0.3868 - val_loss: 0.3840
Epoch 270/500
51/51 - 11s - 209ms/step - loss: 0.3867 - val_loss: 0.3840
Epoch 271/500
51/51 - 10s - 190ms/step - loss: 0.3867 - val_loss: 0.3840
Epoch 272/500
51/51 - 11s - 213ms/step - loss: 0.3866 - val_loss: 0.3839
Epoch 273/500
51/51 - 11s - 210ms/step - loss: 0.3866 - val_loss: 0.3839
Epoch 274/500
51/51 - 11s - 212ms/step - loss: 0.3865 - val_loss: 0.3839
Epoch 275/500
51/51 - 11s - 212ms/step - loss: 0.3865 - val_loss: 0.3838
Epoch 276/500
51/51 - 11s - 214ms/step - loss: 0.3864 - val_loss: 0.3838
Epoch 277/500
51/51 - 11s - 213ms/step - loss: 0.3864 - val_loss: 0.3838
Epoch 278/500
51/51 - 11s - 208ms/step - loss: 0.3863 - val_loss: 0.3837
Epoch 279/500
51/51 - 11s - 207ms/step - loss: 0.3863 - val_loss: 0.3837
Epoch 280/500
51/51 - 11s - 209ms/step - loss: 0.3862 - val_loss: 0.3837
Epoch 281/500
51/51 - 11s - 210ms/step - loss: 0.3862 - val_loss: 0.3836
Epoch 282/500
51/51 - 11s - 208ms/step - loss: 0.3861 - val_loss: 0.3836
Epoch 283/500
51/51 - 11s - 210ms/step - loss: 0.3861 - val_loss: 0.3836
Epoch 284/500
51/51 - 11s - 212ms/step - loss: 0.3861 - val_loss: 0.3836
Epoch 285/500
51/51 - 11s - 212ms/step - loss: 0.3860 - val_loss: 0.3835
Epoch 286/500
51/51 - 11s - 210ms/step - loss: 0.3860 - val_loss: 0.3835
Epoch 287/500
51/51 - 11s - 212ms/step - loss: 0.3859 - val_loss: 0.3835
Epoch 288/500
51/51 - 11s - 215ms/step - loss: 0.3859 - val_loss: 0.3834
Epoch 289/500
51/51 - 11s - 213ms/step - loss: 0.3858 - val_loss: 0.3834
Epoch 290/500
51/51 - 11s - 211ms/step - loss: 0.3858 - val_loss: 0.3834
Epoch 291/500
51/51 - 11s - 210ms/step - loss: 0.3858 - val_loss: 0.3834
Epoch 292/500
51/51 - 11s - 214ms/step - loss: 0.3857 - val_loss: 0.3833
Epoch 293/500
51/51 - 11s - 209ms/step - loss: 0.3857 - val_loss: 0.3833
Epoch 294/500
51/51 - 11s - 209ms/step - loss: 0.3856 - val_loss: 0.3833
Epoch 295/500
51/51 - 11s - 213ms/step - loss: 0.3856 - val_loss: 0.3833
Epoch 296/500
51/51 - 11s - 214ms/step - loss: 0.3856 - val_loss: 0.3832
Epoch 297/500
51/51 - 11s - 210ms/step - loss: 0.3855 - val_loss: 0.3832
Epoch 298/500
51/51 - 11s - 211ms/step - loss: 0.3855 - val_loss: 0.3832
Epoch 299/500
51/51 - 11s - 210ms/step - loss: 0.3854 - val_loss: 0.3832
Epoch 300/500
51/51 - 11s - 207ms/step - loss: 0.3854 - val_loss: 0.3831
Epoch 301/500
51/51 - 11s - 210ms/step - loss: 0.3854 - val_loss: 0.3831
Epoch 302/500
51/51 - 11s - 212ms/step - loss: 0.3853 - val_loss: 0.3831
Epoch 303/500
51/51 - 11s - 210ms/step - loss: 0.3853 - val_loss: 0.3831
Epoch 304/500
51/51 - 11s - 213ms/step - loss: 0.3852 - val_loss: 0.3831
Epoch 305/500
51/51 - 11s - 212ms/step - loss: 0.3852 - val_loss: 0.3830
Epoch 306/500
51/51 - 11s - 211ms/step - loss: 0.3852 - val_loss: 0.3830
Epoch 307/500
51/51 - 11s - 213ms/step - loss: 0.3851 - val_loss: 0.3830
Epoch 308/500
51/51 - 11s - 208ms/step - loss: 0.3851 - val_loss: 0.3830
Epoch 309/500
51/51 - 11s - 209ms/step - loss: 0.3850 - val_loss: 0.3829
Epoch 310/500
51/51 - 11s - 207ms/step - loss: 0.3850 - val_loss: 0.3829
Epoch 311/500
51/51 - 11s - 212ms/step - loss: 0.3850 - val_loss: 0.3829
Epoch 312/500
51/51 - 11s - 213ms/step - loss: 0.3849 - val_loss: 0.3829
Epoch 313/500
51/51 - 11s - 210ms/step - loss: 0.3849 - val_loss: 0.3829
Epoch 314/500
51/51 - 11s - 210ms/step - loss: 0.3849 - val_loss: 0.3828
Epoch 315/500
51/51 - 11s - 209ms/step - loss: 0.3848 - val_loss: 0.3828
Epoch 316/500
51/51 - 11s - 212ms/step - loss: 0.3848 - val_loss: 0.3828
Epoch 317/500
51/51 - 11s - 209ms/step - loss: 0.3848 - val_loss: 0.3828
Epoch 318/500
51/51 - 11s - 211ms/step - loss: 0.3847 - val_loss: 0.3828
Epoch 319/500
51/51 - 11s - 215ms/step - loss: 0.3847 - val_loss: 0.3828
Epoch 320/500
51/51 - 11s - 211ms/step - loss: 0.3847 - val_loss: 0.3827
Epoch 321/500
51/51 - 11s - 210ms/step - loss: 0.3846 - val_loss: 0.3827
Epoch 322/500
51/51 - 11s - 215ms/step - loss: 0.3846 - val_loss: 0.3827
Epoch 323/500
51/51 - 11s - 214ms/step - loss: 0.3845 - val_loss: 0.3827
Epoch 324/500
51/51 - 11s - 208ms/step - loss: 0.3845 - val_loss: 0.3827
Epoch 325/500
51/51 - 11s - 206ms/step - loss: 0.3845 - val_loss: 0.3827
Epoch 326/500
51/51 - 11s - 210ms/step - loss: 0.3844 - val_loss: 0.3826
Epoch 327/500
51/51 - 11s - 213ms/step - loss: 0.3844 - val_loss: 0.3826
Epoch 328/500
51/51 - 11s - 210ms/step - loss: 0.3844 - val_loss: 0.3826
Epoch 329/500
51/51 - 11s - 210ms/step - loss: 0.3843 - val_loss: 0.3826
Epoch 330/500
51/51 - 10s - 201ms/step - loss: 0.3843 - val_loss: 0.3826
Epoch 331/500
51/51 - 11s - 217ms/step - loss: 0.3843 - val_loss: 0.3826
Epoch 332/500
51/51 - 11s - 212ms/step - loss: 0.3842 - val_loss: 0.3825
Epoch 333/500
51/51 - 11s - 215ms/step - loss: 0.3842 - val_loss: 0.3825
Epoch 334/500
51/51 - 11s - 211ms/step - loss: 0.3842 - val_loss: 0.3825
Epoch 335/500
51/51 - 11s - 210ms/step - loss: 0.3841 - val_loss: 0.3825
Epoch 336/500
51/51 - 11s - 214ms/step - loss: 0.3841 - val_loss: 0.3825
Epoch 337/500
51/51 - 11s - 214ms/step - loss: 0.3841 - val_loss: 0.3825
Epoch 338/500
51/51 - 11s - 211ms/step - loss: 0.3840 - val_loss: 0.3825
Epoch 339/500
51/51 - 11s - 213ms/step - loss: 0.3840 - val_loss: 0.3825
Epoch 340/500
51/51 - 11s - 215ms/step - loss: 0.3840 - val_loss: 0.3824
Epoch 341/500
51/51 - 11s - 213ms/step - loss: 0.3840 - val_loss: 0.3824
Epoch 342/500
51/51 - 11s - 212ms/step - loss: 0.3839 - val_loss: 0.3824
Epoch 343/500
51/51 - 11s - 212ms/step - loss: 0.3839 - val_loss: 0.3824
Epoch 344/500
51/51 - 11s - 214ms/step - loss: 0.3839 - val_loss: 0.3824
Epoch 345/500
51/51 - 11s - 218ms/step - loss: 0.3838 - val_loss: 0.3824
Epoch 346/500
51/51 - 11s - 214ms/step - loss: 0.3838 - val_loss: 0.3824
Epoch 347/500
51/51 - 11s - 215ms/step - loss: 0.3838 - val_loss: 0.3824
Epoch 348/500
51/51 - 11s - 212ms/step - loss: 0.3837 - val_loss: 0.3823
Epoch 349/500
51/51 - 11s - 216ms/step - loss: 0.3837 - val_loss: 0.3823
Epoch 350/500
51/51 - 11s - 214ms/step - loss: 0.3837 - val_loss: 0.3823
Epoch 351/500
51/51 - 11s - 215ms/step - loss: 0.3836 - val_loss: 0.3823
Epoch 352/500
51/51 - 11s - 213ms/step - loss: 0.3836 - val_loss: 0.3823
Epoch 353/500
51/51 - 11s - 214ms/step - loss: 0.3836 - val_loss: 0.3823
Epoch 354/500
51/51 - 11s - 212ms/step - loss: 0.3836 - val_loss: 0.3823
Epoch 355/500
51/51 - 11s - 216ms/step - loss: 0.3835 - val_loss: 0.3823
Epoch 356/500
51/51 - 11s - 214ms/step - loss: 0.3835 - val_loss: 0.3823
Epoch 357/500
51/51 - 11s - 213ms/step - loss: 0.3835 - val_loss: 0.3822
Epoch 358/500
51/51 - 11s - 213ms/step - loss: 0.3834 - val_loss: 0.3822
Epoch 359/500
51/51 - 11s - 213ms/step - loss: 0.3834 - val_loss: 0.3822
Epoch 360/500
51/51 - 11s - 214ms/step - loss: 0.3834 - val_loss: 0.3822
Epoch 361/500
51/51 - 11s - 213ms/step - loss: 0.3833 - val_loss: 0.3822
Epoch 362/500
51/51 - 11s - 212ms/step - loss: 0.3833 - val_loss: 0.3822
Epoch 363/500
51/51 - 11s - 215ms/step - loss: 0.3833 - val_loss: 0.3822
Epoch 364/500
51/51 - 11s - 210ms/step - loss: 0.3833 - val_loss: 0.3822
Epoch 365/500
51/51 - 11s - 210ms/step - loss: 0.3832 - val_loss: 0.3822
Epoch 366/500
51/51 - 11s - 213ms/step - loss: 0.3832 - val_loss: 0.3822
Epoch 367/500
51/51 - 11s - 211ms/step - loss: 0.3832 - val_loss: 0.3821
Epoch 368/500
51/51 - 11s - 208ms/step - loss: 0.3832 - val_loss: 0.3821
Epoch 369/500
51/51 - 11s - 213ms/step - loss: 0.3831 - val_loss: 0.3821
Epoch 370/500
51/51 - 11s - 214ms/step - loss: 0.3831 - val_loss: 0.3821
Epoch 371/500
51/51 - 11s - 216ms/step - loss: 0.3831 - val_loss: 0.3821
[Run 3/5] Training single encoder baseline (baseline preprocessing, linear structure, sigmoid head)...
[Run 3/5] Shared encoder (unweight) validation threshold=0.6814 (balanced_accuracy=0.8297).
[Run 3/5] Shared encoder (weighted) validation threshold=0.2905 (balanced_accuracy=0.8183).
[Run 4/5] Training shared encoder (unweighted, sigmoid head, baseline preprocessing)...
Epoch 1/500
50/50 - 13s - 259ms/step - loss: 0.9255 - val_loss: 0.8768
Epoch 2/500
50/50 - 10s - 209ms/step - loss: 0.8280 - val_loss: 0.7862
Epoch 3/500
50/50 - 10s - 199ms/step - loss: 0.7453 - val_loss: 0.7145
Epoch 4/500
50/50 - 10s - 207ms/step - loss: 0.6819 - val_loss: 0.6618
Epoch 5/500
50/50 - 10s - 203ms/step - loss: 0.6355 - val_loss: 0.6234
Epoch 6/500
50/50 - 10s - 207ms/step - loss: 0.6012 - val_loss: 0.5946
Epoch 7/500
50/50 - 10s - 209ms/step - loss: 0.5750 - val_loss: 0.5722
Epoch 8/500
50/50 - 10s - 203ms/step - loss: 0.5544 - val_loss: 0.5543
Epoch 9/500
50/50 - 10s - 205ms/step - loss: 0.5379 - val_loss: 0.5397
Epoch 10/500
50/50 - 10s - 202ms/step - loss: 0.5242 - val_loss: 0.5276
Epoch 11/500
50/50 - 10s - 205ms/step - loss: 0.5129 - val_loss: 0.5174
Epoch 12/500
50/50 - 10s - 206ms/step - loss: 0.5032 - val_loss: 0.5087
Epoch 13/500
50/50 - 10s - 207ms/step - loss: 0.4949 - val_loss: 0.5012
Epoch 14/500
50/50 - 10s - 207ms/step - loss: 0.4877 - val_loss: 0.4946
Epoch 15/500
50/50 - 10s - 207ms/step - loss: 0.4814 - val_loss: 0.4888
Epoch 16/500
50/50 - 10s - 206ms/step - loss: 0.4758 - val_loss: 0.4836
Epoch 17/500
50/50 - 10s - 208ms/step - loss: 0.4708 - val_loss: 0.4790
Epoch 18/500
50/50 - 10s - 206ms/step - loss: 0.4662 - val_loss: 0.4748
Epoch 19/500
50/50 - 10s - 205ms/step - loss: 0.4621 - val_loss: 0.4710
Epoch 20/500
50/50 - 10s - 205ms/step - loss: 0.4584 - val_loss: 0.4675
Epoch 21/500
50/50 - 10s - 208ms/step - loss: 0.4549 - val_loss: 0.4643
Epoch 22/500
50/50 - 10s - 205ms/step - loss: 0.4517 - val_loss: 0.4613
Epoch 23/500
50/50 - 10s - 205ms/step - loss: 0.4487 - val_loss: 0.4585
Epoch 24/500
50/50 - 10s - 203ms/step - loss: 0.4460 - val_loss: 0.4559
Epoch 25/500
50/50 - 10s - 205ms/step - loss: 0.4434 - val_loss: 0.4535
Epoch 26/500
50/50 - 10s - 207ms/step - loss: 0.4409 - val_loss: 0.4512
Epoch 27/500
50/50 - 10s - 207ms/step - loss: 0.4386 - val_loss: 0.4490
Epoch 28/500
50/50 - 10s - 205ms/step - loss: 0.4365 - val_loss: 0.4469
Epoch 29/500
50/50 - 10s - 205ms/step - loss: 0.4344 - val_loss: 0.4450
Epoch 30/500
50/50 - 10s - 209ms/step - loss: 0.4324 - val_loss: 0.4431
Epoch 31/500
50/50 - 10s - 207ms/step - loss: 0.4306 - val_loss: 0.4413
Epoch 32/500
50/50 - 10s - 205ms/step - loss: 0.4288 - val_loss: 0.4396
Epoch 33/500
50/50 - 10s - 203ms/step - loss: 0.4271 - val_loss: 0.4380
Epoch 34/500
50/50 - 10s - 205ms/step - loss: 0.4255 - val_loss: 0.4364
Epoch 35/500
50/50 - 10s - 206ms/step - loss: 0.4239 - val_loss: 0.4349
Epoch 36/500
50/50 - 10s - 207ms/step - loss: 0.4224 - val_loss: 0.4334
Epoch 37/500
50/50 - 10s - 205ms/step - loss: 0.4210 - val_loss: 0.4320
Epoch 38/500
50/50 - 10s - 204ms/step - loss: 0.4196 - val_loss: 0.4307
Epoch 39/500
50/50 - 10s - 206ms/step - loss: 0.4183 - val_loss: 0.4294
Epoch 40/500
50/50 - 10s - 208ms/step - loss: 0.4170 - val_loss: 0.4281
Epoch 41/500
50/50 - 10s - 207ms/step - loss: 0.4158 - val_loss: 0.4269
Epoch 42/500
50/50 - 10s - 208ms/step - loss: 0.4146 - val_loss: 0.4257
Epoch 43/500
50/50 - 10s - 207ms/step - loss: 0.4134 - val_loss: 0.4245
Epoch 44/500
50/50 - 10s - 208ms/step - loss: 0.4123 - val_loss: 0.4234
Epoch 45/500
50/50 - 10s - 204ms/step - loss: 0.4112 - val_loss: 0.4223
Epoch 46/500
50/50 - 10s - 205ms/step - loss: 0.4101 - val_loss: 0.4213
Epoch 47/500
50/50 - 10s - 203ms/step - loss: 0.4091 - val_loss: 0.4203
Epoch 48/500
50/50 - 10s - 207ms/step - loss: 0.4081 - val_loss: 0.4193
Epoch 49/500
50/50 - 10s - 208ms/step - loss: 0.4072 - val_loss: 0.4183
Epoch 50/500
50/50 - 11s - 210ms/step - loss: 0.4062 - val_loss: 0.4174
Epoch 51/500
50/50 - 10s - 206ms/step - loss: 0.4053 - val_loss: 0.4165
Epoch 52/500
50/50 - 10s - 209ms/step - loss: 0.4044 - val_loss: 0.4156
Epoch 53/500
50/50 - 10s - 205ms/step - loss: 0.4036 - val_loss: 0.4147
Epoch 54/500
50/50 - 10s - 204ms/step - loss: 0.4027 - val_loss: 0.4139
Epoch 55/500
50/50 - 10s - 207ms/step - loss: 0.4019 - val_loss: 0.4130
Epoch 56/500
50/50 - 10s - 206ms/step - loss: 0.4011 - val_loss: 0.4122
Epoch 57/500
50/50 - 10s - 208ms/step - loss: 0.4004 - val_loss: 0.4115
Epoch 58/500
50/50 - 10s - 205ms/step - loss: 0.3996 - val_loss: 0.4107
Epoch 59/500
50/50 - 10s - 206ms/step - loss: 0.3989 - val_loss: 0.4099
Epoch 60/500
50/50 - 10s - 207ms/step - loss: 0.3982 - val_loss: 0.4092
Epoch 61/500
50/50 - 10s - 206ms/step - loss: 0.3975 - val_loss: 0.4085
Epoch 62/500
50/50 - 10s - 206ms/step - loss: 0.3968 - val_loss: 0.4078
Epoch 63/500
50/50 - 10s - 204ms/step - loss: 0.3961 - val_loss: 0.4071
Epoch 64/500
50/50 - 10s - 209ms/step - loss: 0.3955 - val_loss: 0.4065
Epoch 65/500
50/50 - 10s - 208ms/step - loss: 0.3949 - val_loss: 0.4058
Epoch 66/500
50/50 - 10s - 207ms/step - loss: 0.3943 - val_loss: 0.4052
Epoch 67/500
50/50 - 10s - 207ms/step - loss: 0.3937 - val_loss: 0.4046
Epoch 68/500
50/50 - 10s - 208ms/step - loss: 0.3931 - val_loss: 0.4040
Epoch 69/500
50/50 - 10s - 204ms/step - loss: 0.3925 - val_loss: 0.4034
Epoch 70/500
50/50 - 10s - 197ms/step - loss: 0.3919 - val_loss: 0.4028
Epoch 71/500
50/50 - 10s - 205ms/step - loss: 0.3914 - val_loss: 0.4023
Epoch 72/500
50/50 - 10s - 206ms/step - loss: 0.3908 - val_loss: 0.4017
Epoch 73/500
50/50 - 10s - 203ms/step - loss: 0.3903 - val_loss: 0.4012
Epoch 74/500
50/50 - 10s - 206ms/step - loss: 0.3898 - val_loss: 0.4007
Epoch 75/500
50/50 - 10s - 204ms/step - loss: 0.3893 - val_loss: 0.4002
Epoch 76/500
50/50 - 10s - 199ms/step - loss: 0.3888 - val_loss: 0.3997
Epoch 77/500
50/50 - 10s - 202ms/step - loss: 0.3883 - val_loss: 0.3992
Epoch 78/500
50/50 - 10s - 206ms/step - loss: 0.3879 - val_loss: 0.3987
Epoch 79/500
50/50 - 10s - 207ms/step - loss: 0.3874 - val_loss: 0.3982
Epoch 80/500
50/50 - 10s - 200ms/step - loss: 0.3869 - val_loss: 0.3977
Epoch 81/500
50/50 - 10s - 201ms/step - loss: 0.3865 - val_loss: 0.3973
Epoch 82/500
50/50 - 10s - 205ms/step - loss: 0.3861 - val_loss: 0.3968
Epoch 83/500
50/50 - 10s - 204ms/step - loss: 0.3856 - val_loss: 0.3964
Epoch 84/500
50/50 - 10s - 208ms/step - loss: 0.3852 - val_loss: 0.3960
Epoch 85/500
50/50 - 10s - 205ms/step - loss: 0.3848 - val_loss: 0.3955
Epoch 86/500
50/50 - 10s - 203ms/step - loss: 0.3844 - val_loss: 0.3951
Epoch 87/500
50/50 - 10s - 208ms/step - loss: 0.3840 - val_loss: 0.3947
Epoch 88/500
50/50 - 10s - 207ms/step - loss: 0.3836 - val_loss: 0.3943
Epoch 89/500
50/50 - 10s - 206ms/step - loss: 0.3832 - val_loss: 0.3939
Epoch 90/500
50/50 - 10s - 207ms/step - loss: 0.3829 - val_loss: 0.3936
Epoch 91/500
50/50 - 10s - 205ms/step - loss: 0.3825 - val_loss: 0.3932
Epoch 92/500
50/50 - 10s - 208ms/step - loss: 0.3821 - val_loss: 0.3928
Epoch 93/500
50/50 - 10s - 207ms/step - loss: 0.3818 - val_loss: 0.3925
Epoch 94/500
50/50 - 10s - 205ms/step - loss: 0.3814 - val_loss: 0.3921
Epoch 95/500
50/50 - 10s - 206ms/step - loss: 0.3811 - val_loss: 0.3917
Epoch 96/500
50/50 - 10s - 205ms/step - loss: 0.3808 - val_loss: 0.3914
Epoch 97/500
50/50 - 10s - 205ms/step - loss: 0.3804 - val_loss: 0.3911
Epoch 98/500
50/50 - 10s - 206ms/step - loss: 0.3801 - val_loss: 0.3907
Epoch 99/500
50/50 - 11s - 211ms/step - loss: 0.3798 - val_loss: 0.3904
Epoch 100/500
50/50 - 10s - 206ms/step - loss: 0.3795 - val_loss: 0.3901
Epoch 101/500
50/50 - 10s - 206ms/step - loss: 0.3792 - val_loss: 0.3898
Epoch 102/500
50/50 - 10s - 206ms/step - loss: 0.3789 - val_loss: 0.3894
Epoch 103/500
50/50 - 10s - 204ms/step - loss: 0.3786 - val_loss: 0.3891
Epoch 104/500
50/50 - 10s - 207ms/step - loss: 0.3783 - val_loss: 0.3888
Epoch 105/500
50/50 - 10s - 208ms/step - loss: 0.3780 - val_loss: 0.3885
Epoch 106/500
50/50 - 10s - 206ms/step - loss: 0.3777 - val_loss: 0.3882
Epoch 107/500
50/50 - 10s - 207ms/step - loss: 0.3774 - val_loss: 0.3879
Epoch 108/500
50/50 - 10s - 205ms/step - loss: 0.3772 - val_loss: 0.3877
Epoch 109/500
50/50 - 10s - 206ms/step - loss: 0.3769 - val_loss: 0.3874
Epoch 110/500
50/50 - 10s - 207ms/step - loss: 0.3766 - val_loss: 0.3871
Epoch 111/500
50/50 - 10s - 208ms/step - loss: 0.3764 - val_loss: 0.3868
Epoch 112/500
50/50 - 10s - 206ms/step - loss: 0.3761 - val_loss: 0.3866
Epoch 113/500
50/50 - 10s - 205ms/step - loss: 0.3758 - val_loss: 0.3863
Epoch 114/500
50/50 - 10s - 209ms/step - loss: 0.3756 - val_loss: 0.3860
Epoch 115/500
50/50 - 11s - 212ms/step - loss: 0.3753 - val_loss: 0.3858
Epoch 116/500
50/50 - 10s - 207ms/step - loss: 0.3751 - val_loss: 0.3855
Epoch 117/500
50/50 - 10s - 208ms/step - loss: 0.3749 - val_loss: 0.3853
Epoch 118/500
50/50 - 10s - 207ms/step - loss: 0.3746 - val_loss: 0.3850
Epoch 119/500
50/50 - 11s - 210ms/step - loss: 0.3744 - val_loss: 0.3848
Epoch 120/500
50/50 - 10s - 210ms/step - loss: 0.3741 - val_loss: 0.3846
Epoch 121/500
50/50 - 10s - 209ms/step - loss: 0.3739 - val_loss: 0.3843
Epoch 122/500
50/50 - 11s - 211ms/step - loss: 0.3737 - val_loss: 0.3841
Epoch 123/500
50/50 - 10s - 209ms/step - loss: 0.3735 - val_loss: 0.3839
Epoch 124/500
50/50 - 10s - 208ms/step - loss: 0.3733 - val_loss: 0.3836
Epoch 125/500
50/50 - 10s - 205ms/step - loss: 0.3730 - val_loss: 0.3834
Epoch 126/500
50/50 - 10s - 209ms/step - loss: 0.3728 - val_loss: 0.3832
Epoch 127/500
50/50 - 10s - 207ms/step - loss: 0.3726 - val_loss: 0.3830
Epoch 128/500
50/50 - 10s - 209ms/step - loss: 0.3724 - val_loss: 0.3828
Epoch 129/500
50/50 - 10s - 208ms/step - loss: 0.3722 - val_loss: 0.3826
Epoch 130/500
50/50 - 10s - 208ms/step - loss: 0.3720 - val_loss: 0.3824
Epoch 131/500
50/50 - 10s - 209ms/step - loss: 0.3718 - val_loss: 0.3822
Epoch 132/500
50/50 - 10s - 210ms/step - loss: 0.3716 - val_loss: 0.3820
Epoch 133/500
50/50 - 10s - 206ms/step - loss: 0.3714 - val_loss: 0.3818
Epoch 134/500
50/50 - 10s - 208ms/step - loss: 0.3712 - val_loss: 0.3816
Epoch 135/500
50/50 - 11s - 211ms/step - loss: 0.3710 - val_loss: 0.3814
Epoch 136/500
50/50 - 10s - 209ms/step - loss: 0.3708 - val_loss: 0.3812
Epoch 137/500
50/50 - 10s - 206ms/step - loss: 0.3707 - val_loss: 0.3810
Epoch 138/500
50/50 - 10s - 205ms/step - loss: 0.3705 - val_loss: 0.3809
Epoch 139/500
50/50 - 10s - 207ms/step - loss: 0.3703 - val_loss: 0.3807
Epoch 140/500
50/50 - 10s - 206ms/step - loss: 0.3701 - val_loss: 0.3805
Epoch 141/500
50/50 - 10s - 207ms/step - loss: 0.3700 - val_loss: 0.3803
Epoch 142/500
50/50 - 10s - 210ms/step - loss: 0.3698 - val_loss: 0.3802
Epoch 143/500
50/50 - 10s - 208ms/step - loss: 0.3696 - val_loss: 0.3800
Epoch 144/500
50/50 - 10s - 209ms/step - loss: 0.3694 - val_loss: 0.3798
Epoch 145/500
50/50 - 10s - 208ms/step - loss: 0.3693 - val_loss: 0.3797
Epoch 146/500
50/50 - 10s - 208ms/step - loss: 0.3691 - val_loss: 0.3795
Epoch 147/500
50/50 - 10s - 208ms/step - loss: 0.3690 - val_loss: 0.3794
Epoch 148/500
50/50 - 10s - 205ms/step - loss: 0.3688 - val_loss: 0.3792
Epoch 149/500
50/50 - 10s - 208ms/step - loss: 0.3686 - val_loss: 0.3790
Epoch 150/500
50/50 - 10s - 207ms/step - loss: 0.3685 - val_loss: 0.3789
Epoch 151/500
50/50 - 10s - 204ms/step - loss: 0.3683 - val_loss: 0.3788
Epoch 152/500
50/50 - 10s - 210ms/step - loss: 0.3682 - val_loss: 0.3786
Epoch 153/500
50/50 - 10s - 209ms/step - loss: 0.3680 - val_loss: 0.3785
Epoch 154/500
50/50 - 10s - 208ms/step - loss: 0.3679 - val_loss: 0.3783
Epoch 155/500
50/50 - 10s - 208ms/step - loss: 0.3677 - val_loss: 0.3782
Epoch 156/500
50/50 - 10s - 207ms/step - loss: 0.3676 - val_loss: 0.3780
Epoch 157/500
50/50 - 10s - 205ms/step - loss: 0.3675 - val_loss: 0.3779
Epoch 158/500
50/50 - 10s - 206ms/step - loss: 0.3673 - val_loss: 0.3778
Epoch 159/500
50/50 - 10s - 206ms/step - loss: 0.3672 - val_loss: 0.3776
Epoch 160/500
50/50 - 10s - 207ms/step - loss: 0.3671 - val_loss: 0.3775
Epoch 161/500
50/50 - 10s - 204ms/step - loss: 0.3669 - val_loss: 0.3774
Epoch 162/500
50/50 - 10s - 204ms/step - loss: 0.3668 - val_loss: 0.3773
Epoch 163/500
50/50 - 10s - 205ms/step - loss: 0.3667 - val_loss: 0.3771
Epoch 164/500
50/50 - 10s - 206ms/step - loss: 0.3665 - val_loss: 0.3770
Epoch 165/500
50/50 - 10s - 206ms/step - loss: 0.3664 - val_loss: 0.3769
Epoch 166/500
50/50 - 10s - 206ms/step - loss: 0.3663 - val_loss: 0.3768
Epoch 167/500
50/50 - 10s - 206ms/step - loss: 0.3661 - val_loss: 0.3767
Epoch 168/500
50/50 - 10s - 205ms/step - loss: 0.3660 - val_loss: 0.3765
Epoch 169/500
50/50 - 10s - 204ms/step - loss: 0.3659 - val_loss: 0.3764
Epoch 170/500
50/50 - 10s - 205ms/step - loss: 0.3658 - val_loss: 0.3763
Epoch 171/500
50/50 - 10s - 206ms/step - loss: 0.3657 - val_loss: 0.3762
Epoch 172/500
50/50 - 10s - 208ms/step - loss: 0.3655 - val_loss: 0.3761
Epoch 173/500
50/50 - 10s - 204ms/step - loss: 0.3654 - val_loss: 0.3760
Epoch 174/500
50/50 - 10s - 207ms/step - loss: 0.3653 - val_loss: 0.3759
Epoch 175/500
50/50 - 10s - 209ms/step - loss: 0.3652 - val_loss: 0.3758
Epoch 176/500
50/50 - 10s - 210ms/step - loss: 0.3651 - val_loss: 0.3757
Epoch 177/500
50/50 - 10s - 207ms/step - loss: 0.3650 - val_loss: 0.3756
Epoch 178/500
50/50 - 10s - 209ms/step - loss: 0.3649 - val_loss: 0.3754
Epoch 179/500
50/50 - 11s - 210ms/step - loss: 0.3648 - val_loss: 0.3753
Epoch 180/500
50/50 - 10s - 208ms/step - loss: 0.3647 - val_loss: 0.3752
Epoch 181/500
50/50 - 10s - 206ms/step - loss: 0.3646 - val_loss: 0.3751
Epoch 182/500
50/50 - 10s - 205ms/step - loss: 0.3645 - val_loss: 0.3750
Epoch 183/500
50/50 - 10s - 206ms/step - loss: 0.3644 - val_loss: 0.3749
Epoch 184/500
50/50 - 10s - 205ms/step - loss: 0.3642 - val_loss: 0.3749
Epoch 185/500
50/50 - 10s - 208ms/step - loss: 0.3641 - val_loss: 0.3748
Epoch 186/500
50/50 - 10s - 207ms/step - loss: 0.3640 - val_loss: 0.3747
Epoch 187/500
50/50 - 10s - 204ms/step - loss: 0.3640 - val_loss: 0.3746
Epoch 188/500
50/50 - 10s - 207ms/step - loss: 0.3639 - val_loss: 0.3745
Epoch 189/500
50/50 - 10s - 206ms/step - loss: 0.3638 - val_loss: 0.3744
Epoch 190/500
50/50 - 10s - 204ms/step - loss: 0.3637 - val_loss: 0.3743
Epoch 191/500
50/50 - 10s - 206ms/step - loss: 0.3636 - val_loss: 0.3742
Epoch 192/500
50/50 - 10s - 206ms/step - loss: 0.3635 - val_loss: 0.3741
Epoch 193/500
50/50 - 10s - 205ms/step - loss: 0.3634 - val_loss: 0.3740
Epoch 194/500
50/50 - 11s - 212ms/step - loss: 0.3633 - val_loss: 0.3739
Epoch 195/500
50/50 - 10s - 206ms/step - loss: 0.3632 - val_loss: 0.3739
Epoch 196/500
50/50 - 10s - 209ms/step - loss: 0.3631 - val_loss: 0.3738
Epoch 197/500
50/50 - 10s - 209ms/step - loss: 0.3630 - val_loss: 0.3737
Epoch 198/500
50/50 - 10s - 207ms/step - loss: 0.3629 - val_loss: 0.3736
Epoch 199/500
50/50 - 10s - 207ms/step - loss: 0.3629 - val_loss: 0.3735
Epoch 200/500
50/50 - 10s - 204ms/step - loss: 0.3628 - val_loss: 0.3734
Epoch 201/500
50/50 - 10s - 208ms/step - loss: 0.3627 - val_loss: 0.3734
Epoch 202/500
50/50 - 10s - 199ms/step - loss: 0.3626 - val_loss: 0.3733
Epoch 203/500
50/50 - 10s - 207ms/step - loss: 0.3625 - val_loss: 0.3732
Epoch 204/500
50/50 - 10s - 209ms/step - loss: 0.3624 - val_loss: 0.3731
Epoch 205/500
50/50 - 10s - 206ms/step - loss: 0.3624 - val_loss: 0.3730
Epoch 206/500
50/50 - 10s - 208ms/step - loss: 0.3623 - val_loss: 0.3730
Epoch 207/500
50/50 - 10s - 208ms/step - loss: 0.3622 - val_loss: 0.3729
Epoch 208/500
50/50 - 11s - 212ms/step - loss: 0.3621 - val_loss: 0.3728
Epoch 209/500
50/50 - 10s - 210ms/step - loss: 0.3621 - val_loss: 0.3727
Epoch 210/500
50/50 - 10s - 209ms/step - loss: 0.3620 - val_loss: 0.3727
Epoch 211/500
50/50 - 11s - 212ms/step - loss: 0.3619 - val_loss: 0.3726
Epoch 212/500
50/50 - 10s - 209ms/step - loss: 0.3618 - val_loss: 0.3725
Epoch 213/500
50/50 - 10s - 207ms/step - loss: 0.3618 - val_loss: 0.3725
Epoch 214/500
50/50 - 10s - 209ms/step - loss: 0.3617 - val_loss: 0.3724
Epoch 215/500
50/50 - 10s - 208ms/step - loss: 0.3616 - val_loss: 0.3723
Epoch 216/500
50/50 - 10s - 207ms/step - loss: 0.3615 - val_loss: 0.3722
Epoch 217/500
50/50 - 10s - 210ms/step - loss: 0.3615 - val_loss: 0.3722
Epoch 218/500
50/50 - 10s - 207ms/step - loss: 0.3614 - val_loss: 0.3721
Epoch 219/500
50/50 - 10s - 208ms/step - loss: 0.3613 - val_loss: 0.3720
Epoch 220/500
50/50 - 10s - 207ms/step - loss: 0.3613 - val_loss: 0.3720
Epoch 221/500
50/50 - 11s - 211ms/step - loss: 0.3612 - val_loss: 0.3719
Epoch 222/500
50/50 - 10s - 208ms/step - loss: 0.3611 - val_loss: 0.3718
Epoch 223/500
50/50 - 9s - 187ms/step - loss: 0.3611 - val_loss: 0.3718
Epoch 224/500
50/50 - 8s - 151ms/step - loss: 0.3610 - val_loss: 0.3717
Epoch 225/500
50/50 - 9s - 185ms/step - loss: 0.3609 - val_loss: 0.3717
Epoch 226/500
50/50 - 10s - 207ms/step - loss: 0.3609 - val_loss: 0.3716
Epoch 227/500
50/50 - 10s - 209ms/step - loss: 0.3608 - val_loss: 0.3715
Epoch 228/500
50/50 - 11s - 213ms/step - loss: 0.3607 - val_loss: 0.3715
Epoch 229/500
50/50 - 10s - 209ms/step - loss: 0.3607 - val_loss: 0.3714
Epoch 230/500
50/50 - 10s - 209ms/step - loss: 0.3606 - val_loss: 0.3713
Epoch 231/500
50/50 - 10s - 207ms/step - loss: 0.3605 - val_loss: 0.3713
Epoch 232/500
50/50 - 10s - 206ms/step - loss: 0.3605 - val_loss: 0.3712
Epoch 233/500
50/50 - 10s - 206ms/step - loss: 0.3604 - val_loss: 0.3712
Epoch 234/500
50/50 - 10s - 206ms/step - loss: 0.3604 - val_loss: 0.3711
Epoch 235/500
50/50 - 10s - 205ms/step - loss: 0.3603 - val_loss: 0.3710
Epoch 236/500
50/50 - 10s - 209ms/step - loss: 0.3602 - val_loss: 0.3710
Epoch 237/500
50/50 - 10s - 197ms/step - loss: 0.3602 - val_loss: 0.3709
Epoch 238/500
50/50 - 10s - 199ms/step - loss: 0.3601 - val_loss: 0.3709
Epoch 239/500
50/50 - 10s - 203ms/step - loss: 0.3601 - val_loss: 0.3708
Epoch 240/500
50/50 - 10s - 196ms/step - loss: 0.3600 - val_loss: 0.3708
Epoch 241/500
50/50 - 10s - 207ms/step - loss: 0.3600 - val_loss: 0.3707
Epoch 242/500
50/50 - 10s - 207ms/step - loss: 0.3599 - val_loss: 0.3706
Epoch 243/500
50/50 - 10s - 208ms/step - loss: 0.3599 - val_loss: 0.3706
Epoch 244/500
50/50 - 10s - 206ms/step - loss: 0.3598 - val_loss: 0.3705
Epoch 245/500
50/50 - 10s - 207ms/step - loss: 0.3597 - val_loss: 0.3705
Epoch 246/500
50/50 - 10s - 207ms/step - loss: 0.3597 - val_loss: 0.3704
Epoch 247/500
50/50 - 10s - 194ms/step - loss: 0.3596 - val_loss: 0.3704
Epoch 248/500
50/50 - 10s - 207ms/step - loss: 0.3596 - val_loss: 0.3703
Epoch 249/500
50/50 - 10s - 208ms/step - loss: 0.3595 - val_loss: 0.3703
Epoch 250/500
50/50 - 10s - 204ms/step - loss: 0.3595 - val_loss: 0.3702
Epoch 251/500
50/50 - 10s - 207ms/step - loss: 0.3594 - val_loss: 0.3702
Epoch 252/500
50/50 - 10s - 208ms/step - loss: 0.3594 - val_loss: 0.3701
Epoch 253/500
50/50 - 10s - 209ms/step - loss: 0.3593 - val_loss: 0.3700
Epoch 254/500
50/50 - 10s - 207ms/step - loss: 0.3593 - val_loss: 0.3700
Epoch 255/500
50/50 - 10s - 209ms/step - loss: 0.3592 - val_loss: 0.3699
Epoch 256/500
50/50 - 10s - 207ms/step - loss: 0.3592 - val_loss: 0.3699
Epoch 257/500
50/50 - 10s - 196ms/step - loss: 0.3591 - val_loss: 0.3698
Epoch 258/500
50/50 - 10s - 208ms/step - loss: 0.3591 - val_loss: 0.3698
Epoch 259/500
50/50 - 10s - 204ms/step - loss: 0.3590 - val_loss: 0.3697
Epoch 260/500
50/50 - 10s - 209ms/step - loss: 0.3590 - val_loss: 0.3697
Epoch 261/500
50/50 - 10s - 204ms/step - loss: 0.3589 - val_loss: 0.3696
Epoch 262/500
50/50 - 10s - 205ms/step - loss: 0.3589 - val_loss: 0.3696
Epoch 263/500
50/50 - 10s - 207ms/step - loss: 0.3588 - val_loss: 0.3695
Epoch 264/500
50/50 - 10s - 206ms/step - loss: 0.3588 - val_loss: 0.3695
Epoch 265/500
50/50 - 10s - 206ms/step - loss: 0.3588 - val_loss: 0.3694
Epoch 266/500
50/50 - 10s - 207ms/step - loss: 0.3587 - val_loss: 0.3694
Epoch 267/500
50/50 - 10s - 208ms/step - loss: 0.3587 - val_loss: 0.3694
Epoch 268/500
50/50 - 10s - 210ms/step - loss: 0.3586 - val_loss: 0.3693
Epoch 269/500
50/50 - 10s - 208ms/step - loss: 0.3586 - val_loss: 0.3693
Epoch 270/500
50/50 - 10s - 205ms/step - loss: 0.3585 - val_loss: 0.3692
Epoch 271/500
50/50 - 11s - 211ms/step - loss: 0.3585 - val_loss: 0.3692
Epoch 272/500
50/50 - 10s - 210ms/step - loss: 0.3584 - val_loss: 0.3691
Epoch 273/500
50/50 - 10s - 209ms/step - loss: 0.3584 - val_loss: 0.3691
Epoch 274/500
50/50 - 10s - 208ms/step - loss: 0.3584 - val_loss: 0.3690
Epoch 275/500
50/50 - 10s - 208ms/step - loss: 0.3583 - val_loss: 0.3690
Epoch 276/500
50/50 - 10s - 208ms/step - loss: 0.3583 - val_loss: 0.3689
Epoch 277/500
50/50 - 10s - 206ms/step - loss: 0.3582 - val_loss: 0.3689
Epoch 278/500
50/50 - 10s - 208ms/step - loss: 0.3582 - val_loss: 0.3688
Epoch 279/500
50/50 - 10s - 207ms/step - loss: 0.3582 - val_loss: 0.3688
Epoch 280/500
50/50 - 10s - 205ms/step - loss: 0.3581 - val_loss: 0.3688
Epoch 281/500
50/50 - 10s - 206ms/step - loss: 0.3581 - val_loss: 0.3687
Epoch 282/500
50/50 - 10s - 208ms/step - loss: 0.3580 - val_loss: 0.3687
Epoch 283/500
50/50 - 10s - 208ms/step - loss: 0.3580 - val_loss: 0.3686
Epoch 284/500
50/50 - 10s - 209ms/step - loss: 0.3580 - val_loss: 0.3686
Epoch 285/500
50/50 - 10s - 206ms/step - loss: 0.3579 - val_loss: 0.3685
Epoch 286/500
50/50 - 10s - 208ms/step - loss: 0.3579 - val_loss: 0.3685
Epoch 287/500
50/50 - 10s - 207ms/step - loss: 0.3578 - val_loss: 0.3685
Epoch 288/500
50/50 - 10s - 207ms/step - loss: 0.3578 - val_loss: 0.3684
Epoch 289/500
50/50 - 10s - 206ms/step - loss: 0.3578 - val_loss: 0.3684
Epoch 290/500
50/50 - 10s - 207ms/step - loss: 0.3577 - val_loss: 0.3683
Epoch 291/500
50/50 - 10s - 208ms/step - loss: 0.3577 - val_loss: 0.3683
Epoch 292/500
50/50 - 10s - 205ms/step - loss: 0.3577 - val_loss: 0.3683
Epoch 293/500
50/50 - 10s - 207ms/step - loss: 0.3576 - val_loss: 0.3682
Epoch 294/500
50/50 - 10s - 207ms/step - loss: 0.3576 - val_loss: 0.3682
Epoch 295/500
50/50 - 10s - 207ms/step - loss: 0.3575 - val_loss: 0.3681
Epoch 296/500
50/50 - 10s - 208ms/step - loss: 0.3575 - val_loss: 0.3681
Epoch 297/500
50/50 - 10s - 209ms/step - loss: 0.3575 - val_loss: 0.3681
Epoch 298/500
50/50 - 10s - 206ms/step - loss: 0.3574 - val_loss: 0.3680
Epoch 299/500
50/50 - 10s - 204ms/step - loss: 0.3574 - val_loss: 0.3680
Epoch 300/500
50/50 - 10s - 207ms/step - loss: 0.3574 - val_loss: 0.3679
Epoch 301/500
50/50 - 10s - 207ms/step - loss: 0.3573 - val_loss: 0.3679
Epoch 302/500
50/50 - 10s - 206ms/step - loss: 0.3573 - val_loss: 0.3679
Epoch 303/500
50/50 - 10s - 207ms/step - loss: 0.3573 - val_loss: 0.3678
Epoch 304/500
50/50 - 10s - 206ms/step - loss: 0.3572 - val_loss: 0.3678
Epoch 305/500
50/50 - 10s - 205ms/step - loss: 0.3572 - val_loss: 0.3678
Epoch 306/500
50/50 - 11s - 210ms/step - loss: 0.3572 - val_loss: 0.3677
Epoch 307/500
50/50 - 10s - 203ms/step - loss: 0.3571 - val_loss: 0.3677
Epoch 308/500
50/50 - 10s - 203ms/step - loss: 0.3571 - val_loss: 0.3676
Epoch 309/500
50/50 - 10s - 207ms/step - loss: 0.3571 - val_loss: 0.3676
Epoch 310/500
50/50 - 10s - 208ms/step - loss: 0.3570 - val_loss: 0.3676
Epoch 311/500
50/50 - 10s - 208ms/step - loss: 0.3570 - val_loss: 0.3675
Epoch 312/500
50/50 - 10s - 208ms/step - loss: 0.3570 - val_loss: 0.3675
Epoch 313/500
50/50 - 10s - 203ms/step - loss: 0.3569 - val_loss: 0.3675
Epoch 314/500
50/50 - 10s - 195ms/step - loss: 0.3569 - val_loss: 0.3674
Epoch 315/500
50/50 - 10s - 207ms/step - loss: 0.3569 - val_loss: 0.3674
Epoch 316/500
50/50 - 10s - 206ms/step - loss: 0.3568 - val_loss: 0.3674
Epoch 317/500
50/50 - 10s - 207ms/step - loss: 0.3568 - val_loss: 0.3673
Epoch 318/500
50/50 - 10s - 205ms/step - loss: 0.3568 - val_loss: 0.3673
Epoch 319/500
50/50 - 10s - 208ms/step - loss: 0.3568 - val_loss: 0.3673
Epoch 320/500
50/50 - 10s - 206ms/step - loss: 0.3567 - val_loss: 0.3672
Epoch 321/500
50/50 - 10s - 208ms/step - loss: 0.3567 - val_loss: 0.3672
Epoch 322/500
50/50 - 10s - 203ms/step - loss: 0.3567 - val_loss: 0.3672
Epoch 323/500
50/50 - 11s - 213ms/step - loss: 0.3566 - val_loss: 0.3671
Epoch 324/500
50/50 - 10s - 209ms/step - loss: 0.3566 - val_loss: 0.3671
Epoch 325/500
50/50 - 10s - 208ms/step - loss: 0.3566 - val_loss: 0.3671
Epoch 326/500
50/50 - 10s - 210ms/step - loss: 0.3565 - val_loss: 0.3670
Epoch 327/500
50/50 - 10s - 206ms/step - loss: 0.3565 - val_loss: 0.3670
Epoch 328/500
50/50 - 10s - 205ms/step - loss: 0.3565 - val_loss: 0.3670
Epoch 329/500
50/50 - 10s - 203ms/step - loss: 0.3565 - val_loss: 0.3669
Epoch 330/500
50/50 - 10s - 205ms/step - loss: 0.3564 - val_loss: 0.3669
Epoch 331/500
50/50 - 10s - 205ms/step - loss: 0.3564 - val_loss: 0.3669
Epoch 332/500
50/50 - 10s - 207ms/step - loss: 0.3564 - val_loss: 0.3668
Epoch 333/500
50/50 - 10s - 208ms/step - loss: 0.3563 - val_loss: 0.3668
Epoch 334/500
50/50 - 10s - 207ms/step - loss: 0.3563 - val_loss: 0.3668
Epoch 335/500
50/50 - 10s - 207ms/step - loss: 0.3563 - val_loss: 0.3667
Epoch 336/500
50/50 - 10s - 208ms/step - loss: 0.3563 - val_loss: 0.3667
Epoch 337/500
50/50 - 10s - 207ms/step - loss: 0.3562 - val_loss: 0.3667
Epoch 338/500
50/50 - 10s - 206ms/step - loss: 0.3562 - val_loss: 0.3666
Epoch 339/500
50/50 - 10s - 204ms/step - loss: 0.3562 - val_loss: 0.3666
Epoch 340/500
50/50 - 10s - 207ms/step - loss: 0.3562 - val_loss: 0.3666
Epoch 341/500
50/50 - 10s - 206ms/step - loss: 0.3561 - val_loss: 0.3665
Epoch 342/500
50/50 - 10s - 205ms/step - loss: 0.3561 - val_loss: 0.3665
Epoch 343/500
50/50 - 10s - 205ms/step - loss: 0.3561 - val_loss: 0.3665
Epoch 344/500
50/50 - 10s - 205ms/step - loss: 0.3560 - val_loss: 0.3664
Epoch 345/500
50/50 - 10s - 202ms/step - loss: 0.3560 - val_loss: 0.3664
Epoch 346/500
50/50 - 10s - 205ms/step - loss: 0.3560 - val_loss: 0.3664
Epoch 347/500
50/50 - 10s - 205ms/step - loss: 0.3560 - val_loss: 0.3664
Epoch 348/500
50/50 - 10s - 207ms/step - loss: 0.3559 - val_loss: 0.3663
Epoch 349/500
50/50 - 10s - 202ms/step - loss: 0.3559 - val_loss: 0.3663
Epoch 350/500
50/50 - 10s - 200ms/step - loss: 0.3559 - val_loss: 0.3663
Epoch 351/500
50/50 - 10s - 196ms/step - loss: 0.3559 - val_loss: 0.3662
Epoch 352/500
50/50 - 10s - 204ms/step - loss: 0.3558 - val_loss: 0.3662
Epoch 353/500
50/50 - 10s - 209ms/step - loss: 0.3558 - val_loss: 0.3662
Epoch 354/500
50/50 - 10s - 202ms/step - loss: 0.3558 - val_loss: 0.3662
Epoch 355/500
50/50 - 10s - 200ms/step - loss: 0.3558 - val_loss: 0.3661
Epoch 356/500
50/50 - 10s - 202ms/step - loss: 0.3557 - val_loss: 0.3661
Epoch 357/500
50/50 - 10s - 209ms/step - loss: 0.3557 - val_loss: 0.3661
Epoch 358/500
50/50 - 10s - 205ms/step - loss: 0.3557 - val_loss: 0.3660
Epoch 359/500
50/50 - 10s - 205ms/step - loss: 0.3557 - val_loss: 0.3660
Epoch 360/500
50/50 - 10s - 206ms/step - loss: 0.3557 - val_loss: 0.3660
Epoch 361/500
50/50 - 10s - 207ms/step - loss: 0.3556 - val_loss: 0.3660
Epoch 362/500
50/50 - 10s - 203ms/step - loss: 0.3556 - val_loss: 0.3659
Epoch 363/500
50/50 - 10s - 203ms/step - loss: 0.3556 - val_loss: 0.3659
Epoch 364/500
50/50 - 10s - 204ms/step - loss: 0.3556 - val_loss: 0.3659
Epoch 365/500
50/50 - 10s - 207ms/step - loss: 0.3555 - val_loss: 0.3658
Epoch 366/500
50/50 - 10s - 204ms/step - loss: 0.3555 - val_loss: 0.3658
Epoch 367/500
50/50 - 10s - 205ms/step - loss: 0.3555 - val_loss: 0.3658
Epoch 368/500
50/50 - 10s - 208ms/step - loss: 0.3555 - val_loss: 0.3658
Epoch 369/500
50/50 - 10s - 208ms/step - loss: 0.3554 - val_loss: 0.3657
Epoch 370/500
50/50 - 10s - 203ms/step - loss: 0.3554 - val_loss: 0.3657
Epoch 371/500
50/50 - 10s - 206ms/step - loss: 0.3554 - val_loss: 0.3657
Epoch 372/500
50/50 - 10s - 207ms/step - loss: 0.3554 - val_loss: 0.3656
Epoch 373/500
50/50 - 10s - 207ms/step - loss: 0.3554 - val_loss: 0.3656
Epoch 374/500
50/50 - 10s - 205ms/step - loss: 0.3553 - val_loss: 0.3656
Epoch 375/500
50/50 - 10s - 206ms/step - loss: 0.3553 - val_loss: 0.3656
Epoch 376/500
50/50 - 10s - 204ms/step - loss: 0.3553 - val_loss: 0.3655
Epoch 377/500
50/50 - 10s - 206ms/step - loss: 0.3553 - val_loss: 0.3655
Epoch 378/500
50/50 - 10s - 203ms/step - loss: 0.3552 - val_loss: 0.3655
Epoch 379/500
50/50 - 10s - 206ms/step - loss: 0.3552 - val_loss: 0.3655
Epoch 380/500
50/50 - 10s - 206ms/step - loss: 0.3552 - val_loss: 0.3654
Epoch 381/500
50/50 - 10s - 208ms/step - loss: 0.3552 - val_loss: 0.3654
Epoch 382/500
50/50 - 10s - 207ms/step - loss: 0.3552 - val_loss: 0.3654
Epoch 383/500
50/50 - 10s - 205ms/step - loss: 0.3551 - val_loss: 0.3653
Epoch 384/500
50/50 - 10s - 201ms/step - loss: 0.3551 - val_loss: 0.3653
Epoch 385/500
50/50 - 10s - 207ms/step - loss: 0.3551 - val_loss: 0.3653
Epoch 386/500
50/50 - 10s - 206ms/step - loss: 0.3551 - val_loss: 0.3653
Epoch 387/500
50/50 - 10s - 205ms/step - loss: 0.3551 - val_loss: 0.3652
Epoch 388/500
50/50 - 10s - 207ms/step - loss: 0.3550 - val_loss: 0.3652
Epoch 389/500
50/50 - 10s - 203ms/step - loss: 0.3550 - val_loss: 0.3652
Epoch 390/500
50/50 - 10s - 208ms/step - loss: 0.3550 - val_loss: 0.3652
Epoch 391/500
50/50 - 10s - 205ms/step - loss: 0.3550 - val_loss: 0.3651
Epoch 392/500
50/50 - 10s - 205ms/step - loss: 0.3550 - val_loss: 0.3651
Epoch 393/500
50/50 - 10s - 206ms/step - loss: 0.3549 - val_loss: 0.3651
Epoch 394/500
50/50 - 10s - 207ms/step - loss: 0.3549 - val_loss: 0.3651
Epoch 395/500
50/50 - 10s - 206ms/step - loss: 0.3549 - val_loss: 0.3650
Epoch 396/500
50/50 - 10s - 208ms/step - loss: 0.3549 - val_loss: 0.3650
Epoch 397/500
50/50 - 10s - 204ms/step - loss: 0.3549 - val_loss: 0.3650
Epoch 398/500
50/50 - 10s - 207ms/step - loss: 0.3548 - val_loss: 0.3650
Epoch 399/500
50/50 - 10s - 205ms/step - loss: 0.3548 - val_loss: 0.3649
Epoch 400/500
50/50 - 10s - 205ms/step - loss: 0.3548 - val_loss: 0.3649
Epoch 401/500
50/50 - 10s - 208ms/step - loss: 0.3548 - val_loss: 0.3649
Epoch 402/500
50/50 - 10s - 204ms/step - loss: 0.3548 - val_loss: 0.3649
Epoch 403/500
50/50 - 10s - 206ms/step - loss: 0.3547 - val_loss: 0.3648
Epoch 404/500
50/50 - 10s - 202ms/step - loss: 0.3547 - val_loss: 0.3648
Epoch 405/500
50/50 - 10s - 205ms/step - loss: 0.3547 - val_loss: 0.3648
Epoch 406/500
50/50 - 10s - 205ms/step - loss: 0.3547 - val_loss: 0.3648
Epoch 407/500
50/50 - 10s - 203ms/step - loss: 0.3547 - val_loss: 0.3647
Epoch 408/500
50/50 - 10s - 206ms/step - loss: 0.3547 - val_loss: 0.3647
Epoch 409/500
50/50 - 10s - 206ms/step - loss: 0.3546 - val_loss: 0.3647
Epoch 410/500
50/50 - 10s - 203ms/step - loss: 0.3546 - val_loss: 0.3647
Epoch 411/500
50/50 - 10s - 202ms/step - loss: 0.3546 - val_loss: 0.3646
Epoch 412/500
50/50 - 10s - 206ms/step - loss: 0.3546 - val_loss: 0.3646
Epoch 413/500
50/50 - 10s - 204ms/step - loss: 0.3546 - val_loss: 0.3646
Epoch 414/500
50/50 - 10s - 208ms/step - loss: 0.3545 - val_loss: 0.3646
Epoch 415/500
50/50 - 10s - 206ms/step - loss: 0.3545 - val_loss: 0.3645
Epoch 416/500
50/50 - 10s - 207ms/step - loss: 0.3545 - val_loss: 0.3645
Epoch 417/500
50/50 - 10s - 206ms/step - loss: 0.3545 - val_loss: 0.3645
Epoch 418/500
50/50 - 10s - 206ms/step - loss: 0.3545 - val_loss: 0.3645
Epoch 419/500
50/50 - 10s - 204ms/step - loss: 0.3545 - val_loss: 0.3644
Epoch 420/500
50/50 - 10s - 208ms/step - loss: 0.3544 - val_loss: 0.3644
Epoch 421/500
50/50 - 10s - 206ms/step - loss: 0.3544 - val_loss: 0.3644
Epoch 422/500
50/50 - 10s - 204ms/step - loss: 0.3544 - val_loss: 0.3644
Epoch 423/500
50/50 - 10s - 207ms/step - loss: 0.3544 - val_loss: 0.3643
Epoch 424/500
50/50 - 10s - 203ms/step - loss: 0.3544 - val_loss: 0.3643
Epoch 425/500
50/50 - 10s - 208ms/step - loss: 0.3544 - val_loss: 0.3643
Epoch 426/500
50/50 - 10s - 206ms/step - loss: 0.3543 - val_loss: 0.3643
Epoch 427/500
50/50 - 10s - 207ms/step - loss: 0.3543 - val_loss: 0.3643
Epoch 428/500
50/50 - 10s - 204ms/step - loss: 0.3543 - val_loss: 0.3642
Epoch 429/500
50/50 - 10s - 200ms/step - loss: 0.3543 - val_loss: 0.3642
Epoch 430/500
50/50 - 10s - 207ms/step - loss: 0.3543 - val_loss: 0.3642
Epoch 431/500
50/50 - 10s - 209ms/step - loss: 0.3543 - val_loss: 0.3642
Epoch 432/500
50/50 - 10s - 200ms/step - loss: 0.3542 - val_loss: 0.3641
Epoch 433/500
50/50 - 10s - 203ms/step - loss: 0.3542 - val_loss: 0.3641
Epoch 434/500
50/50 - 10s - 205ms/step - loss: 0.3542 - val_loss: 0.3641
Epoch 435/500
50/50 - 10s - 207ms/step - loss: 0.3542 - val_loss: 0.3641
Epoch 436/500
50/50 - 10s - 202ms/step - loss: 0.3542 - val_loss: 0.3641
Epoch 437/500
50/50 - 10s - 201ms/step - loss: 0.3542 - val_loss: 0.3640
Epoch 438/500
50/50 - 10s - 204ms/step - loss: 0.3541 - val_loss: 0.3640
Epoch 439/500
50/50 - 10s - 207ms/step - loss: 0.3541 - val_loss: 0.3640
Epoch 440/500
50/50 - 10s - 206ms/step - loss: 0.3541 - val_loss: 0.3640
Epoch 441/500
50/50 - 10s - 205ms/step - loss: 0.3541 - val_loss: 0.3640
Epoch 442/500
50/50 - 10s - 203ms/step - loss: 0.3541 - val_loss: 0.3639
Epoch 443/500
50/50 - 10s - 207ms/step - loss: 0.3541 - val_loss: 0.3639
Epoch 444/500
50/50 - 11s - 212ms/step - loss: 0.3540 - val_loss: 0.3639
Epoch 445/500
50/50 - 10s - 208ms/step - loss: 0.3540 - val_loss: 0.3639
Epoch 446/500
50/50 - 10s - 206ms/step - loss: 0.3540 - val_loss: 0.3638
Epoch 447/500
50/50 - 10s - 206ms/step - loss: 0.3540 - val_loss: 0.3638
Epoch 448/500
50/50 - 10s - 204ms/step - loss: 0.3540 - val_loss: 0.3638
Epoch 449/500
50/50 - 10s - 207ms/step - loss: 0.3540 - val_loss: 0.3638
Epoch 450/500
50/50 - 10s - 206ms/step - loss: 0.3540 - val_loss: 0.3638
Epoch 451/500
50/50 - 10s - 207ms/step - loss: 0.3539 - val_loss: 0.3637
Epoch 452/500
50/50 - 10s - 206ms/step - loss: 0.3539 - val_loss: 0.3637
Epoch 453/500
50/50 - 10s - 204ms/step - loss: 0.3539 - val_loss: 0.3637
Epoch 454/500
50/50 - 10s - 204ms/step - loss: 0.3539 - val_loss: 0.3637
Epoch 455/500
50/50 - 10s - 207ms/step - loss: 0.3539 - val_loss: 0.3637
Epoch 456/500
50/50 - 10s - 208ms/step - loss: 0.3539 - val_loss: 0.3636
Epoch 457/500
50/50 - 10s - 206ms/step - loss: 0.3539 - val_loss: 0.3636
Epoch 458/500
50/50 - 10s - 202ms/step - loss: 0.3538 - val_loss: 0.3636
Epoch 459/500
50/50 - 10s - 206ms/step - loss: 0.3538 - val_loss: 0.3636
Epoch 460/500
50/50 - 10s - 204ms/step - loss: 0.3538 - val_loss: 0.3636
Epoch 461/500
50/50 - 10s - 204ms/step - loss: 0.3538 - val_loss: 0.3635
Epoch 462/500
50/50 - 10s - 204ms/step - loss: 0.3538 - val_loss: 0.3635
Epoch 463/500
50/50 - 10s - 205ms/step - loss: 0.3538 - val_loss: 0.3635
Epoch 464/500
50/50 - 10s - 204ms/step - loss: 0.3538 - val_loss: 0.3635
Epoch 465/500
50/50 - 10s - 201ms/step - loss: 0.3537 - val_loss: 0.3635
Epoch 466/500
50/50 - 10s - 204ms/step - loss: 0.3537 - val_loss: 0.3634
Epoch 467/500
50/50 - 10s - 206ms/step - loss: 0.3537 - val_loss: 0.3634
Epoch 468/500
50/50 - 10s - 206ms/step - loss: 0.3537 - val_loss: 0.3634
Epoch 469/500
50/50 - 10s - 206ms/step - loss: 0.3537 - val_loss: 0.3634
Epoch 470/500
50/50 - 10s - 207ms/step - loss: 0.3537 - val_loss: 0.3634
Epoch 471/500
50/50 - 10s - 193ms/step - loss: 0.3537 - val_loss: 0.3633
Epoch 472/500
50/50 - 10s - 203ms/step - loss: 0.3536 - val_loss: 0.3633
Epoch 473/500
50/50 - 10s - 206ms/step - loss: 0.3536 - val_loss: 0.3633
Epoch 474/500
50/50 - 10s - 207ms/step - loss: 0.3536 - val_loss: 0.3633
Epoch 475/500
50/50 - 10s - 206ms/step - loss: 0.3536 - val_loss: 0.3633
Epoch 476/500
50/50 - 10s - 205ms/step - loss: 0.3536 - val_loss: 0.3633
Epoch 477/500
50/50 - 10s - 203ms/step - loss: 0.3536 - val_loss: 0.3632
Epoch 478/500
50/50 - 10s - 207ms/step - loss: 0.3536 - val_loss: 0.3632
Epoch 479/500
50/50 - 10s - 198ms/step - loss: 0.3535 - val_loss: 0.3632
Epoch 480/500
50/50 - 10s - 206ms/step - loss: 0.3535 - val_loss: 0.3632
Epoch 481/500
50/50 - 10s - 206ms/step - loss: 0.3535 - val_loss: 0.3632
Epoch 482/500
50/50 - 10s - 203ms/step - loss: 0.3535 - val_loss: 0.3631
Epoch 483/500
50/50 - 10s - 207ms/step - loss: 0.3535 - val_loss: 0.3631
Epoch 484/500
50/50 - 10s - 209ms/step - loss: 0.3535 - val_loss: 0.3631
Epoch 485/500
50/50 - 10s - 209ms/step - loss: 0.3535 - val_loss: 0.3631
Epoch 486/500
50/50 - 10s - 206ms/step - loss: 0.3535 - val_loss: 0.3631
Epoch 487/500
50/50 - 10s - 206ms/step - loss: 0.3534 - val_loss: 0.3631
Epoch 488/500
50/50 - 10s - 208ms/step - loss: 0.3534 - val_loss: 0.3630
Epoch 489/500
50/50 - 10s - 207ms/step - loss: 0.3534 - val_loss: 0.3630
Epoch 490/500
50/50 - 10s - 208ms/step - loss: 0.3534 - val_loss: 0.3630
Epoch 491/500
50/50 - 10s - 207ms/step - loss: 0.3534 - val_loss: 0.3630
Epoch 492/500
50/50 - 10s - 209ms/step - loss: 0.3534 - val_loss: 0.3630
Epoch 493/500
50/50 - 10s - 209ms/step - loss: 0.3534 - val_loss: 0.3630
Epoch 494/500
50/50 - 10s - 209ms/step - loss: 0.3533 - val_loss: 0.3629
Epoch 495/500
50/50 - 10s - 209ms/step - loss: 0.3533 - val_loss: 0.3629
Epoch 496/500
50/50 - 10s - 209ms/step - loss: 0.3533 - val_loss: 0.3629
Epoch 497/500
50/50 - 10s - 208ms/step - loss: 0.3533 - val_loss: 0.3629
Epoch 498/500
50/50 - 9s - 172ms/step - loss: 0.3533 - val_loss: 0.3629
Epoch 499/500
50/50 - 8s - 166ms/step - loss: 0.3533 - val_loss: 0.3629
Epoch 500/500
50/50 - 11s - 219ms/step - loss: 0.3533 - val_loss: 0.3628
[Run 4/5] Training shared encoder (weighted, sigmoid head, baseline preprocessing)...
Epoch 1/500
50/50 - 14s - 278ms/step - loss: 0.8922 - val_loss: 0.8518
Epoch 2/500
50/50 - 11s - 221ms/step - loss: 0.8098 - val_loss: 0.7753
Epoch 3/500
50/50 - 11s - 212ms/step - loss: 0.7406 - val_loss: 0.7135
Epoch 4/500
50/50 - 11s - 223ms/step - loss: 0.6863 - val_loss: 0.6663
Epoch 5/500
50/50 - 11s - 219ms/step - loss: 0.6452 - val_loss: 0.6306
Epoch 6/500
50/50 - 11s - 217ms/step - loss: 0.6142 - val_loss: 0.6036
Epoch 7/500
50/50 - 11s - 219ms/step - loss: 0.5906 - val_loss: 0.5832
Epoch 8/500
50/50 - 11s - 216ms/step - loss: 0.5723 - val_loss: 0.5671
Epoch 9/500
50/50 - 11s - 217ms/step - loss: 0.5576 - val_loss: 0.5540
Epoch 10/500
50/50 - 11s - 219ms/step - loss: 0.5455 - val_loss: 0.5431
Epoch 11/500
50/50 - 11s - 218ms/step - loss: 0.5353 - val_loss: 0.5337
Epoch 12/500
50/50 - 11s - 223ms/step - loss: 0.5265 - val_loss: 0.5256
Epoch 13/500
50/50 - 11s - 221ms/step - loss: 0.5188 - val_loss: 0.5185
Epoch 14/500
50/50 - 11s - 219ms/step - loss: 0.5120 - val_loss: 0.5121
Epoch 15/500
50/50 - 11s - 219ms/step - loss: 0.5059 - val_loss: 0.5064
Epoch 16/500
50/50 - 11s - 220ms/step - loss: 0.5005 - val_loss: 0.5013
Epoch 17/500
50/50 - 11s - 219ms/step - loss: 0.4955 - val_loss: 0.4966
Epoch 18/500
50/50 - 11s - 220ms/step - loss: 0.4910 - val_loss: 0.4923
Epoch 19/500
50/50 - 11s - 221ms/step - loss: 0.4869 - val_loss: 0.4884
Epoch 20/500
50/50 - 11s - 219ms/step - loss: 0.4831 - val_loss: 0.4848
Epoch 21/500
50/50 - 11s - 222ms/step - loss: 0.4796 - val_loss: 0.4814
Epoch 22/500
50/50 - 11s - 221ms/step - loss: 0.4764 - val_loss: 0.4783
Epoch 23/500
50/50 - 11s - 221ms/step - loss: 0.4734 - val_loss: 0.4754
Epoch 24/500
50/50 - 11s - 219ms/step - loss: 0.4705 - val_loss: 0.4726
Epoch 25/500
50/50 - 11s - 223ms/step - loss: 0.4678 - val_loss: 0.4700
Epoch 26/500
50/50 - 11s - 218ms/step - loss: 0.4653 - val_loss: 0.4676
Epoch 27/500
50/50 - 11s - 218ms/step - loss: 0.4630 - val_loss: 0.4653
Epoch 28/500
50/50 - 11s - 220ms/step - loss: 0.4607 - val_loss: 0.4631
Epoch 29/500
50/50 - 11s - 220ms/step - loss: 0.4586 - val_loss: 0.4610
Epoch 30/500
50/50 - 11s - 224ms/step - loss: 0.4566 - val_loss: 0.4590
Epoch 31/500
50/50 - 11s - 221ms/step - loss: 0.4546 - val_loss: 0.4571
Epoch 32/500
50/50 - 11s - 220ms/step - loss: 0.4528 - val_loss: 0.4553
Epoch 33/500
50/50 - 11s - 221ms/step - loss: 0.4511 - val_loss: 0.4536
Epoch 34/500
50/50 - 11s - 222ms/step - loss: 0.4494 - val_loss: 0.4519
Epoch 35/500
50/50 - 11s - 221ms/step - loss: 0.4478 - val_loss: 0.4504
Epoch 36/500
50/50 - 11s - 218ms/step - loss: 0.4463 - val_loss: 0.4488
Epoch 37/500
50/50 - 11s - 217ms/step - loss: 0.4448 - val_loss: 0.4474
Epoch 38/500
50/50 - 11s - 221ms/step - loss: 0.4434 - val_loss: 0.4460
Epoch 39/500
50/50 - 11s - 220ms/step - loss: 0.4420 - val_loss: 0.4447
Epoch 40/500
50/50 - 11s - 220ms/step - loss: 0.4407 - val_loss: 0.4434
Epoch 41/500
50/50 - 11s - 219ms/step - loss: 0.4395 - val_loss: 0.4421
Epoch 42/500
50/50 - 11s - 223ms/step - loss: 0.4382 - val_loss: 0.4409
Epoch 43/500
50/50 - 11s - 223ms/step - loss: 0.4371 - val_loss: 0.4398
Epoch 44/500
50/50 - 11s - 219ms/step - loss: 0.4359 - val_loss: 0.4386
Epoch 45/500
50/50 - 9s - 178ms/step - loss: 0.4349 - val_loss: 0.4376
Epoch 46/500
50/50 - 8s - 168ms/step - loss: 0.4338 - val_loss: 0.4365
Epoch 47/500
50/50 - 8s - 154ms/step - loss: 0.4328 - val_loss: 0.4355
Epoch 48/500
50/50 - 10s - 209ms/step - loss: 0.4318 - val_loss: 0.4345
Epoch 49/500
50/50 - 11s - 223ms/step - loss: 0.4308 - val_loss: 0.4336
Epoch 50/500
50/50 - 11s - 220ms/step - loss: 0.4299 - val_loss: 0.4326
Epoch 51/500
50/50 - 11s - 221ms/step - loss: 0.4290 - val_loss: 0.4317
Epoch 52/500
50/50 - 11s - 220ms/step - loss: 0.4281 - val_loss: 0.4309
Epoch 53/500
50/50 - 11s - 220ms/step - loss: 0.4273 - val_loss: 0.4300
Epoch 54/500
50/50 - 11s - 219ms/step - loss: 0.4264 - val_loss: 0.4292
Epoch 55/500
50/50 - 11s - 221ms/step - loss: 0.4256 - val_loss: 0.4284
Epoch 56/500
50/50 - 11s - 221ms/step - loss: 0.4249 - val_loss: 0.4276
Epoch 57/500
50/50 - 11s - 221ms/step - loss: 0.4241 - val_loss: 0.4269
Epoch 58/500
50/50 - 11s - 222ms/step - loss: 0.4233 - val_loss: 0.4262
Epoch 59/500
50/50 - 11s - 222ms/step - loss: 0.4226 - val_loss: 0.4254
Epoch 60/500
50/50 - 11s - 220ms/step - loss: 0.4219 - val_loss: 0.4247
Epoch 61/500
50/50 - 11s - 219ms/step - loss: 0.4212 - val_loss: 0.4241
Epoch 62/500
50/50 - 11s - 224ms/step - loss: 0.4205 - val_loss: 0.4234
Epoch 63/500
50/50 - 11s - 222ms/step - loss: 0.4199 - val_loss: 0.4228
Epoch 64/500
50/50 - 11s - 221ms/step - loss: 0.4192 - val_loss: 0.4221
Epoch 65/500
50/50 - 11s - 220ms/step - loss: 0.4186 - val_loss: 0.4215
Epoch 66/500
50/50 - 11s - 218ms/step - loss: 0.4180 - val_loss: 0.4209
Epoch 67/500
50/50 - 11s - 220ms/step - loss: 0.4174 - val_loss: 0.4203
Epoch 68/500
50/50 - 11s - 219ms/step - loss: 0.4168 - val_loss: 0.4197
Epoch 69/500
50/50 - 11s - 220ms/step - loss: 0.4162 - val_loss: 0.4192
Epoch 70/500
50/50 - 11s - 220ms/step - loss: 0.4157 - val_loss: 0.4186
Epoch 71/500
50/50 - 11s - 221ms/step - loss: 0.4151 - val_loss: 0.4181
Epoch 72/500
50/50 - 11s - 221ms/step - loss: 0.4146 - val_loss: 0.4176
Epoch 73/500
50/50 - 11s - 221ms/step - loss: 0.4140 - val_loss: 0.4171
Epoch 74/500
50/50 - 11s - 222ms/step - loss: 0.4135 - val_loss: 0.4166
Epoch 75/500
50/50 - 11s - 222ms/step - loss: 0.4130 - val_loss: 0.4161
Epoch 76/500
50/50 - 11s - 223ms/step - loss: 0.4125 - val_loss: 0.4156
Epoch 77/500
50/50 - 11s - 223ms/step - loss: 0.4120 - val_loss: 0.4151
Epoch 78/500
50/50 - 11s - 223ms/step - loss: 0.4115 - val_loss: 0.4146
Epoch 79/500
50/50 - 11s - 223ms/step - loss: 0.4111 - val_loss: 0.4142
Epoch 80/500
50/50 - 11s - 222ms/step - loss: 0.4106 - val_loss: 0.4137
Epoch 81/500
50/50 - 11s - 221ms/step - loss: 0.4101 - val_loss: 0.4133
Epoch 82/500
50/50 - 11s - 220ms/step - loss: 0.4097 - val_loss: 0.4129
Epoch 83/500
50/50 - 11s - 220ms/step - loss: 0.4093 - val_loss: 0.4125
Epoch 84/500
50/50 - 11s - 223ms/step - loss: 0.4088 - val_loss: 0.4121
Epoch 85/500
50/50 - 11s - 222ms/step - loss: 0.4084 - val_loss: 0.4117
Epoch 86/500
50/50 - 11s - 220ms/step - loss: 0.4080 - val_loss: 0.4113
Epoch 87/500
50/50 - 11s - 219ms/step - loss: 0.4076 - val_loss: 0.4109
Epoch 88/500
50/50 - 11s - 219ms/step - loss: 0.4072 - val_loss: 0.4105
Epoch 89/500
50/50 - 11s - 218ms/step - loss: 0.4068 - val_loss: 0.4101
Epoch 90/500
50/50 - 11s - 221ms/step - loss: 0.4064 - val_loss: 0.4098
Epoch 91/500
50/50 - 11s - 219ms/step - loss: 0.4060 - val_loss: 0.4094
Epoch 92/500
50/50 - 11s - 218ms/step - loss: 0.4057 - val_loss: 0.4090
Epoch 93/500
50/50 - 10s - 199ms/step - loss: 0.4053 - val_loss: 0.4087
Epoch 94/500
50/50 - 8s - 167ms/step - loss: 0.4049 - val_loss: 0.4084
Epoch 95/500
50/50 - 8s - 162ms/step - loss: 0.4046 - val_loss: 0.4080
Epoch 96/500
50/50 - 8s - 154ms/step - loss: 0.4042 - val_loss: 0.4077
Epoch 97/500
50/50 - 8s - 153ms/step - loss: 0.4039 - val_loss: 0.4074
Epoch 98/500
50/50 - 8s - 152ms/step - loss: 0.4035 - val_loss: 0.4071
Epoch 99/500
50/50 - 10s - 206ms/step - loss: 0.4032 - val_loss: 0.4067
Epoch 100/500
50/50 - 11s - 211ms/step - loss: 0.4029 - val_loss: 0.4064
Epoch 101/500
50/50 - 11s - 217ms/step - loss: 0.4026 - val_loss: 0.4061
Epoch 102/500
50/50 - 11s - 215ms/step - loss: 0.4022 - val_loss: 0.4058
Epoch 103/500
50/50 - 11s - 215ms/step - loss: 0.4019 - val_loss: 0.4055
Epoch 104/500
50/50 - 11s - 214ms/step - loss: 0.4016 - val_loss: 0.4053
Epoch 105/500
50/50 - 11s - 217ms/step - loss: 0.4013 - val_loss: 0.4050
Epoch 106/500
50/50 - 11s - 215ms/step - loss: 0.4010 - val_loss: 0.4047
Epoch 107/500
50/50 - 11s - 215ms/step - loss: 0.4007 - val_loss: 0.4044
Epoch 108/500
50/50 - 11s - 217ms/step - loss: 0.4005 - val_loss: 0.4041
Epoch 109/500
50/50 - 11s - 216ms/step - loss: 0.4002 - val_loss: 0.4039
Epoch 110/500
50/50 - 11s - 218ms/step - loss: 0.3999 - val_loss: 0.4036
Epoch 111/500
50/50 - 11s - 212ms/step - loss: 0.3996 - val_loss: 0.4034
Epoch 112/500
50/50 - 11s - 214ms/step - loss: 0.3994 - val_loss: 0.4031
Epoch 113/500
50/50 - 11s - 212ms/step - loss: 0.3991 - val_loss: 0.4029
Epoch 114/500
50/50 - 11s - 215ms/step - loss: 0.3988 - val_loss: 0.4026
Epoch 115/500
50/50 - 11s - 216ms/step - loss: 0.3986 - val_loss: 0.4024
Epoch 116/500
50/50 - 11s - 218ms/step - loss: 0.3983 - val_loss: 0.4021
Epoch 117/500
50/50 - 11s - 217ms/step - loss: 0.3981 - val_loss: 0.4019
Epoch 118/500
50/50 - 11s - 216ms/step - loss: 0.3978 - val_loss: 0.4017
Epoch 119/500
50/50 - 11s - 216ms/step - loss: 0.3976 - val_loss: 0.4014
Epoch 120/500
50/50 - 10s - 210ms/step - loss: 0.3973 - val_loss: 0.4012
Epoch 121/500
50/50 - 11s - 217ms/step - loss: 0.3971 - val_loss: 0.4010
Epoch 122/500
50/50 - 11s - 219ms/step - loss: 0.3969 - val_loss: 0.4008
Epoch 123/500
50/50 - 11s - 219ms/step - loss: 0.3966 - val_loss: 0.4005
Epoch 124/500
50/50 - 11s - 216ms/step - loss: 0.3964 - val_loss: 0.4003
Epoch 125/500
50/50 - 11s - 220ms/step - loss: 0.3962 - val_loss: 0.4001
Epoch 126/500
50/50 - 11s - 219ms/step - loss: 0.3960 - val_loss: 0.3999
Epoch 127/500
50/50 - 11s - 216ms/step - loss: 0.3958 - val_loss: 0.3997
Epoch 128/500
50/50 - 11s - 215ms/step - loss: 0.3956 - val_loss: 0.3995
Epoch 129/500
50/50 - 11s - 217ms/step - loss: 0.3953 - val_loss: 0.3993
Epoch 130/500
50/50 - 11s - 216ms/step - loss: 0.3951 - val_loss: 0.3991
Epoch 131/500
50/50 - 11s - 216ms/step - loss: 0.3949 - val_loss: 0.3989
Epoch 132/500
50/50 - 11s - 214ms/step - loss: 0.3947 - val_loss: 0.3987
Epoch 133/500
50/50 - 11s - 216ms/step - loss: 0.3945 - val_loss: 0.3985
Epoch 134/500
50/50 - 11s - 218ms/step - loss: 0.3943 - val_loss: 0.3983
Epoch 135/500
50/50 - 11s - 216ms/step - loss: 0.3942 - val_loss: 0.3981
Epoch 136/500
50/50 - 11s - 215ms/step - loss: 0.3940 - val_loss: 0.3980
Epoch 137/500
50/50 - 11s - 215ms/step - loss: 0.3938 - val_loss: 0.3978
Epoch 138/500
50/50 - 11s - 214ms/step - loss: 0.3936 - val_loss: 0.3976
Epoch 139/500
50/50 - 11s - 215ms/step - loss: 0.3934 - val_loss: 0.3974
Epoch 140/500
50/50 - 11s - 216ms/step - loss: 0.3932 - val_loss: 0.3972
Epoch 141/500
50/50 - 11s - 217ms/step - loss: 0.3931 - val_loss: 0.3971
Epoch 142/500
50/50 - 11s - 216ms/step - loss: 0.3929 - val_loss: 0.3969
Epoch 143/500
50/50 - 11s - 218ms/step - loss: 0.3927 - val_loss: 0.3967
Epoch 144/500
50/50 - 11s - 215ms/step - loss: 0.3925 - val_loss: 0.3966
Epoch 145/500
50/50 - 11s - 217ms/step - loss: 0.3924 - val_loss: 0.3964
Epoch 146/500
50/50 - 11s - 218ms/step - loss: 0.3922 - val_loss: 0.3962
Epoch 147/500
50/50 - 11s - 217ms/step - loss: 0.3920 - val_loss: 0.3961
Epoch 148/500
50/50 - 11s - 218ms/step - loss: 0.3919 - val_loss: 0.3959
Epoch 149/500
50/50 - 11s - 217ms/step - loss: 0.3917 - val_loss: 0.3958
Epoch 150/500
50/50 - 11s - 215ms/step - loss: 0.3916 - val_loss: 0.3956
Epoch 151/500
50/50 - 11s - 216ms/step - loss: 0.3914 - val_loss: 0.3955
Epoch 152/500
50/50 - 11s - 214ms/step - loss: 0.3912 - val_loss: 0.3953
Epoch 153/500
50/50 - 11s - 215ms/step - loss: 0.3911 - val_loss: 0.3952
Epoch 154/500
50/50 - 11s - 213ms/step - loss: 0.3909 - val_loss: 0.3950
Epoch 155/500
50/50 - 11s - 214ms/step - loss: 0.3908 - val_loss: 0.3949
Epoch 156/500
50/50 - 11s - 212ms/step - loss: 0.3907 - val_loss: 0.3947
Epoch 157/500
50/50 - 11s - 214ms/step - loss: 0.3905 - val_loss: 0.3946
Epoch 158/500
50/50 - 11s - 212ms/step - loss: 0.3904 - val_loss: 0.3944
Epoch 159/500
50/50 - 11s - 212ms/step - loss: 0.3902 - val_loss: 0.3943
Epoch 160/500
50/50 - 11s - 214ms/step - loss: 0.3901 - val_loss: 0.3942
Epoch 161/500
50/50 - 10s - 209ms/step - loss: 0.3899 - val_loss: 0.3940
Epoch 162/500
50/50 - 10s - 206ms/step - loss: 0.3898 - val_loss: 0.3939
Epoch 163/500
50/50 - 11s - 211ms/step - loss: 0.3897 - val_loss: 0.3938
Epoch 164/500
50/50 - 11s - 214ms/step - loss: 0.3895 - val_loss: 0.3936
Epoch 165/500
50/50 - 11s - 213ms/step - loss: 0.3894 - val_loss: 0.3935
Epoch 166/500
50/50 - 11s - 211ms/step - loss: 0.3893 - val_loss: 0.3934
Epoch 167/500
50/50 - 10s - 205ms/step - loss: 0.3892 - val_loss: 0.3932
Epoch 168/500
50/50 - 11s - 211ms/step - loss: 0.3890 - val_loss: 0.3931
Epoch 169/500
50/50 - 11s - 213ms/step - loss: 0.3889 - val_loss: 0.3930
Epoch 170/500
50/50 - 11s - 216ms/step - loss: 0.3888 - val_loss: 0.3929
Epoch 171/500
50/50 - 11s - 214ms/step - loss: 0.3887 - val_loss: 0.3927
Epoch 172/500
50/50 - 11s - 215ms/step - loss: 0.3885 - val_loss: 0.3926
Epoch 173/500
50/50 - 11s - 213ms/step - loss: 0.3884 - val_loss: 0.3925
Epoch 174/500
50/50 - 11s - 211ms/step - loss: 0.3883 - val_loss: 0.3924
Epoch 175/500
50/50 - 11s - 214ms/step - loss: 0.3882 - val_loss: 0.3923
Epoch 176/500
50/50 - 11s - 213ms/step - loss: 0.3881 - val_loss: 0.3922
Epoch 177/500
50/50 - 11s - 214ms/step - loss: 0.3880 - val_loss: 0.3920
Epoch 178/500
50/50 - 11s - 216ms/step - loss: 0.3879 - val_loss: 0.3919
Epoch 179/500
50/50 - 11s - 215ms/step - loss: 0.3877 - val_loss: 0.3918
Epoch 180/500
50/50 - 10s - 205ms/step - loss: 0.3876 - val_loss: 0.3917
Epoch 181/500
50/50 - 11s - 211ms/step - loss: 0.3875 - val_loss: 0.3916
Epoch 182/500
50/50 - 11s - 214ms/step - loss: 0.3874 - val_loss: 0.3915
Epoch 183/500
50/50 - 11s - 212ms/step - loss: 0.3873 - val_loss: 0.3914
Epoch 184/500
50/50 - 11s - 211ms/step - loss: 0.3872 - val_loss: 0.3913
Epoch 185/500
50/50 - 10s - 209ms/step - loss: 0.3871 - val_loss: 0.3912
Epoch 186/500
50/50 - 11s - 211ms/step - loss: 0.3870 - val_loss: 0.3911
Epoch 187/500
50/50 - 11s - 213ms/step - loss: 0.3869 - val_loss: 0.3910
Epoch 188/500
50/50 - 11s - 211ms/step - loss: 0.3868 - val_loss: 0.3909
Epoch 189/500
50/50 - 11s - 211ms/step - loss: 0.3867 - val_loss: 0.3908
Epoch 190/500
50/50 - 11s - 215ms/step - loss: 0.3866 - val_loss: 0.3907
Epoch 191/500
50/50 - 11s - 211ms/step - loss: 0.3865 - val_loss: 0.3906
Epoch 192/500
50/50 - 11s - 212ms/step - loss: 0.3864 - val_loss: 0.3905
Epoch 193/500
50/50 - 11s - 211ms/step - loss: 0.3863 - val_loss: 0.3904
Epoch 194/500
50/50 - 11s - 213ms/step - loss: 0.3862 - val_loss: 0.3903
Epoch 195/500
50/50 - 11s - 216ms/step - loss: 0.3861 - val_loss: 0.3902
Epoch 196/500
50/50 - 11s - 214ms/step - loss: 0.3860 - val_loss: 0.3901
Epoch 197/500
50/50 - 11s - 213ms/step - loss: 0.3859 - val_loss: 0.3900
Epoch 198/500
50/50 - 11s - 212ms/step - loss: 0.3859 - val_loss: 0.3899
Epoch 199/500
50/50 - 11s - 213ms/step - loss: 0.3858 - val_loss: 0.3898
Epoch 200/500
50/50 - 11s - 214ms/step - loss: 0.3857 - val_loss: 0.3897
Epoch 201/500
50/50 - 11s - 212ms/step - loss: 0.3856 - val_loss: 0.3896
Epoch 202/500
50/50 - 11s - 213ms/step - loss: 0.3855 - val_loss: 0.3896
Epoch 203/500
50/50 - 11s - 213ms/step - loss: 0.3854 - val_loss: 0.3895
Epoch 204/500
50/50 - 11s - 214ms/step - loss: 0.3853 - val_loss: 0.3894
Epoch 205/500
50/50 - 11s - 210ms/step - loss: 0.3853 - val_loss: 0.3893
Epoch 206/500
50/50 - 11s - 211ms/step - loss: 0.3852 - val_loss: 0.3892
Epoch 207/500
50/50 - 10s - 208ms/step - loss: 0.3851 - val_loss: 0.3891
Epoch 208/500
50/50 - 11s - 212ms/step - loss: 0.3850 - val_loss: 0.3890
Epoch 209/500
50/50 - 11s - 212ms/step - loss: 0.3849 - val_loss: 0.3890
Epoch 210/500
50/50 - 11s - 212ms/step - loss: 0.3848 - val_loss: 0.3889
Epoch 211/500
50/50 - 11s - 213ms/step - loss: 0.3848 - val_loss: 0.3888
Epoch 212/500
50/50 - 11s - 212ms/step - loss: 0.3847 - val_loss: 0.3887
Epoch 213/500
50/50 - 11s - 211ms/step - loss: 0.3846 - val_loss: 0.3886
Epoch 214/500
50/50 - 11s - 215ms/step - loss: 0.3845 - val_loss: 0.3886
Epoch 215/500
50/50 - 11s - 211ms/step - loss: 0.3845 - val_loss: 0.3885
Epoch 216/500
50/50 - 11s - 212ms/step - loss: 0.3844 - val_loss: 0.3884
Epoch 217/500
50/50 - 10s - 209ms/step - loss: 0.3843 - val_loss: 0.3883
Epoch 218/500
50/50 - 10s - 210ms/step - loss: 0.3842 - val_loss: 0.3882
Epoch 219/500
50/50 - 11s - 212ms/step - loss: 0.3842 - val_loss: 0.3882
Epoch 220/500
50/50 - 11s - 213ms/step - loss: 0.3841 - val_loss: 0.3881
Epoch 221/500
50/50 - 11s - 214ms/step - loss: 0.3840 - val_loss: 0.3880
Epoch 222/500
50/50 - 11s - 213ms/step - loss: 0.3839 - val_loss: 0.3879
Epoch 223/500
50/50 - 11s - 213ms/step - loss: 0.3839 - val_loss: 0.3879
Epoch 224/500
50/50 - 11s - 210ms/step - loss: 0.3838 - val_loss: 0.3878
Epoch 225/500
50/50 - 11s - 212ms/step - loss: 0.3837 - val_loss: 0.3877
Epoch 226/500
50/50 - 11s - 213ms/step - loss: 0.3837 - val_loss: 0.3876
Epoch 227/500
50/50 - 11s - 211ms/step - loss: 0.3836 - val_loss: 0.3876
Epoch 228/500
50/50 - 11s - 213ms/step - loss: 0.3835 - val_loss: 0.3875
Epoch 229/500
50/50 - 11s - 211ms/step - loss: 0.3835 - val_loss: 0.3874
Epoch 230/500
50/50 - 10s - 210ms/step - loss: 0.3834 - val_loss: 0.3874
Epoch 231/500
50/50 - 10s - 210ms/step - loss: 0.3833 - val_loss: 0.3873
Epoch 232/500
50/50 - 11s - 213ms/step - loss: 0.3833 - val_loss: 0.3872
Epoch 233/500
50/50 - 11s - 211ms/step - loss: 0.3832 - val_loss: 0.3872
Epoch 234/500
50/50 - 11s - 213ms/step - loss: 0.3831 - val_loss: 0.3871
Epoch 235/500
50/50 - 11s - 214ms/step - loss: 0.3831 - val_loss: 0.3870
Epoch 236/500
50/50 - 11s - 212ms/step - loss: 0.3830 - val_loss: 0.3869
Epoch 237/500
50/50 - 11s - 210ms/step - loss: 0.3829 - val_loss: 0.3869
Epoch 238/500
50/50 - 11s - 212ms/step - loss: 0.3829 - val_loss: 0.3868
Epoch 239/500
50/50 - 11s - 212ms/step - loss: 0.3828 - val_loss: 0.3867
Epoch 240/500
50/50 - 11s - 211ms/step - loss: 0.3828 - val_loss: 0.3867
Epoch 241/500
50/50 - 11s - 211ms/step - loss: 0.3827 - val_loss: 0.3866
Epoch 242/500
50/50 - 11s - 210ms/step - loss: 0.3826 - val_loss: 0.3865
Epoch 243/500
50/50 - 11s - 210ms/step - loss: 0.3826 - val_loss: 0.3865
Epoch 244/500
50/50 - 11s - 211ms/step - loss: 0.3825 - val_loss: 0.3864
Epoch 245/500
50/50 - 11s - 214ms/step - loss: 0.3825 - val_loss: 0.3864
Epoch 246/500
50/50 - 10s - 210ms/step - loss: 0.3824 - val_loss: 0.3863
Epoch 247/500
50/50 - 11s - 212ms/step - loss: 0.3824 - val_loss: 0.3862
Epoch 248/500
50/50 - 10s - 210ms/step - loss: 0.3823 - val_loss: 0.3862
Epoch 249/500
50/50 - 10s - 206ms/step - loss: 0.3822 - val_loss: 0.3861
Epoch 250/500
50/50 - 10s - 207ms/step - loss: 0.3822 - val_loss: 0.3861
Epoch 251/500
50/50 - 10s - 208ms/step - loss: 0.3821 - val_loss: 0.3860
Epoch 252/500
50/50 - 11s - 213ms/step - loss: 0.3821 - val_loss: 0.3859
Epoch 253/500
50/50 - 11s - 213ms/step - loss: 0.3820 - val_loss: 0.3859
Epoch 254/500
50/50 - 11s - 210ms/step - loss: 0.3820 - val_loss: 0.3858
Epoch 255/500
50/50 - 11s - 211ms/step - loss: 0.3819 - val_loss: 0.3858
Epoch 256/500
50/50 - 11s - 210ms/step - loss: 0.3819 - val_loss: 0.3857
Epoch 257/500
50/50 - 10s - 207ms/step - loss: 0.3818 - val_loss: 0.3856
Epoch 258/500
50/50 - 10s - 202ms/step - loss: 0.3818 - val_loss: 0.3856
Epoch 259/500
50/50 - 11s - 213ms/step - loss: 0.3817 - val_loss: 0.3855
Epoch 260/500
50/50 - 11s - 214ms/step - loss: 0.3816 - val_loss: 0.3855
Epoch 261/500
50/50 - 11s - 212ms/step - loss: 0.3816 - val_loss: 0.3854
Epoch 262/500
50/50 - 11s - 213ms/step - loss: 0.3815 - val_loss: 0.3854
Epoch 263/500
50/50 - 11s - 211ms/step - loss: 0.3815 - val_loss: 0.3853
Epoch 264/500
50/50 - 10s - 210ms/step - loss: 0.3814 - val_loss: 0.3853
Epoch 265/500
50/50 - 10s - 209ms/step - loss: 0.3814 - val_loss: 0.3852
Epoch 266/500
50/50 - 11s - 211ms/step - loss: 0.3813 - val_loss: 0.3852
Epoch 267/500
50/50 - 11s - 214ms/step - loss: 0.3813 - val_loss: 0.3851
Epoch 268/500
50/50 - 10s - 204ms/step - loss: 0.3813 - val_loss: 0.3851
Epoch 269/500
50/50 - 10s - 207ms/step - loss: 0.3812 - val_loss: 0.3850
Epoch 270/500
50/50 - 11s - 211ms/step - loss: 0.3812 - val_loss: 0.3850
Epoch 271/500
50/50 - 10s - 208ms/step - loss: 0.3811 - val_loss: 0.3849
Epoch 272/500
50/50 - 11s - 211ms/step - loss: 0.3811 - val_loss: 0.3849
Epoch 273/500
50/50 - 10s - 210ms/step - loss: 0.3810 - val_loss: 0.3848
Epoch 274/500
50/50 - 11s - 211ms/step - loss: 0.3810 - val_loss: 0.3848
Epoch 275/500
50/50 - 10s - 210ms/step - loss: 0.3809 - val_loss: 0.3847
Epoch 276/500
50/50 - 10s - 205ms/step - loss: 0.3809 - val_loss: 0.3847
Epoch 277/500
50/50 - 11s - 212ms/step - loss: 0.3808 - val_loss: 0.3846
Epoch 278/500
50/50 - 10s - 209ms/step - loss: 0.3808 - val_loss: 0.3846
Epoch 279/500
50/50 - 10s - 206ms/step - loss: 0.3807 - val_loss: 0.3845
Epoch 280/500
50/50 - 11s - 210ms/step - loss: 0.3807 - val_loss: 0.3845
Epoch 281/500
50/50 - 10s - 206ms/step - loss: 0.3807 - val_loss: 0.3844
Epoch 282/500
50/50 - 10s - 207ms/step - loss: 0.3806 - val_loss: 0.3844
Epoch 283/500
50/50 - 10s - 209ms/step - loss: 0.3806 - val_loss: 0.3843
Epoch 284/500
50/50 - 10s - 206ms/step - loss: 0.3805 - val_loss: 0.3843
Epoch 285/500
50/50 - 11s - 215ms/step - loss: 0.3805 - val_loss: 0.3842
Epoch 286/500
50/50 - 11s - 211ms/step - loss: 0.3804 - val_loss: 0.3842
Epoch 287/500
50/50 - 10s - 209ms/step - loss: 0.3804 - val_loss: 0.3842
Epoch 288/500
50/50 - 11s - 213ms/step - loss: 0.3804 - val_loss: 0.3841
Epoch 289/500
50/50 - 11s - 213ms/step - loss: 0.3803 - val_loss: 0.3841
Epoch 290/500
50/50 - 11s - 214ms/step - loss: 0.3803 - val_loss: 0.3840
Epoch 291/500
50/50 - 11s - 214ms/step - loss: 0.3802 - val_loss: 0.3840
Epoch 292/500
50/50 - 11s - 214ms/step - loss: 0.3802 - val_loss: 0.3839
Epoch 293/500
50/50 - 11s - 216ms/step - loss: 0.3801 - val_loss: 0.3839
Epoch 294/500
50/50 - 11s - 210ms/step - loss: 0.3801 - val_loss: 0.3838
Epoch 295/500
50/50 - 11s - 213ms/step - loss: 0.3801 - val_loss: 0.3838
Epoch 296/500
50/50 - 10s - 207ms/step - loss: 0.3800 - val_loss: 0.3838
Epoch 297/500
50/50 - 11s - 212ms/step - loss: 0.3800 - val_loss: 0.3837
Epoch 298/500
50/50 - 11s - 210ms/step - loss: 0.3799 - val_loss: 0.3837
Epoch 299/500
50/50 - 11s - 212ms/step - loss: 0.3799 - val_loss: 0.3836
Epoch 300/500
50/50 - 11s - 211ms/step - loss: 0.3799 - val_loss: 0.3836
Epoch 301/500
50/50 - 11s - 211ms/step - loss: 0.3798 - val_loss: 0.3836
Epoch 302/500
50/50 - 10s - 209ms/step - loss: 0.3798 - val_loss: 0.3835
Epoch 303/500
50/50 - 11s - 210ms/step - loss: 0.3798 - val_loss: 0.3835
Epoch 304/500
50/50 - 11s - 211ms/step - loss: 0.3797 - val_loss: 0.3834
Epoch 305/500
50/50 - 10s - 210ms/step - loss: 0.3797 - val_loss: 0.3834
Epoch 306/500
50/50 - 11s - 210ms/step - loss: 0.3796 - val_loss: 0.3833
Epoch 307/500
50/50 - 11s - 211ms/step - loss: 0.3796 - val_loss: 0.3833
Epoch 308/500
50/50 - 11s - 212ms/step - loss: 0.3796 - val_loss: 0.3833
Epoch 309/500
50/50 - 11s - 210ms/step - loss: 0.3795 - val_loss: 0.3832
Epoch 310/500
50/50 - 11s - 213ms/step - loss: 0.3795 - val_loss: 0.3832
Epoch 311/500
50/50 - 11s - 213ms/step - loss: 0.3795 - val_loss: 0.3831
Epoch 312/500
50/50 - 11s - 212ms/step - loss: 0.3794 - val_loss: 0.3831
Epoch 313/500
50/50 - 11s - 214ms/step - loss: 0.3794 - val_loss: 0.3831
Epoch 314/500
50/50 - 11s - 213ms/step - loss: 0.3793 - val_loss: 0.3830
Epoch 315/500
50/50 - 11s - 211ms/step - loss: 0.3793 - val_loss: 0.3830
Epoch 316/500
50/50 - 10s - 210ms/step - loss: 0.3793 - val_loss: 0.3830
Epoch 317/500
50/50 - 11s - 212ms/step - loss: 0.3792 - val_loss: 0.3829
Epoch 318/500
50/50 - 11s - 212ms/step - loss: 0.3792 - val_loss: 0.3829
Epoch 319/500
50/50 - 11s - 210ms/step - loss: 0.3792 - val_loss: 0.3828
Epoch 320/500
50/50 - 10s - 207ms/step - loss: 0.3791 - val_loss: 0.3828
Epoch 321/500
50/50 - 11s - 214ms/step - loss: 0.3791 - val_loss: 0.3828
Epoch 322/500
50/50 - 10s - 210ms/step - loss: 0.3791 - val_loss: 0.3827
Epoch 323/500
50/50 - 10s - 208ms/step - loss: 0.3790 - val_loss: 0.3827
Epoch 324/500
50/50 - 11s - 210ms/step - loss: 0.3790 - val_loss: 0.3827
Epoch 325/500
50/50 - 10s - 210ms/step - loss: 0.3790 - val_loss: 0.3826
Epoch 326/500
50/50 - 10s - 205ms/step - loss: 0.3789 - val_loss: 0.3826
Epoch 327/500
50/50 - 11s - 210ms/step - loss: 0.3789 - val_loss: 0.3826
Epoch 328/500
50/50 - 11s - 215ms/step - loss: 0.3789 - val_loss: 0.3825
Epoch 329/500
50/50 - 11s - 215ms/step - loss: 0.3788 - val_loss: 0.3825
Epoch 330/500
50/50 - 11s - 215ms/step - loss: 0.3788 - val_loss: 0.3824
Epoch 331/500
50/50 - 11s - 212ms/step - loss: 0.3788 - val_loss: 0.3824
Epoch 332/500
50/50 - 11s - 213ms/step - loss: 0.3787 - val_loss: 0.3824
Epoch 333/500
50/50 - 10s - 210ms/step - loss: 0.3787 - val_loss: 0.3823
Epoch 334/500
50/50 - 10s - 209ms/step - loss: 0.3787 - val_loss: 0.3823
Epoch 335/500
50/50 - 10s - 204ms/step - loss: 0.3786 - val_loss: 0.3823
Epoch 336/500
50/50 - 10s - 207ms/step - loss: 0.3786 - val_loss: 0.3822
Epoch 337/500
50/50 - 11s - 210ms/step - loss: 0.3786 - val_loss: 0.3822
Epoch 338/500
50/50 - 11s - 218ms/step - loss: 0.3785 - val_loss: 0.3822
Epoch 339/500
50/50 - 11s - 217ms/step - loss: 0.3785 - val_loss: 0.3821
Epoch 340/500
50/50 - 11s - 211ms/step - loss: 0.3785 - val_loss: 0.3821
Epoch 341/500
50/50 - 11s - 211ms/step - loss: 0.3784 - val_loss: 0.3821
Epoch 342/500
50/50 - 11s - 212ms/step - loss: 0.3784 - val_loss: 0.3820
Epoch 343/500
50/50 - 11s - 212ms/step - loss: 0.3784 - val_loss: 0.3820
Epoch 344/500
50/50 - 11s - 213ms/step - loss: 0.3783 - val_loss: 0.3820
Epoch 345/500
50/50 - 11s - 213ms/step - loss: 0.3783 - val_loss: 0.3819
Epoch 346/500
50/50 - 11s - 212ms/step - loss: 0.3783 - val_loss: 0.3819
Epoch 347/500
50/50 - 11s - 210ms/step - loss: 0.3782 - val_loss: 0.3819
Epoch 348/500
50/50 - 10s - 209ms/step - loss: 0.3782 - val_loss: 0.3818
Epoch 349/500
50/50 - 10s - 209ms/step - loss: 0.3782 - val_loss: 0.3818
Epoch 350/500
50/50 - 11s - 211ms/step - loss: 0.3781 - val_loss: 0.3818
Epoch 351/500
50/50 - 11s - 210ms/step - loss: 0.3781 - val_loss: 0.3817
Epoch 352/500
