Training log file: /home/xx4455/Comparable/Code/Synthetic/Results/TrainingLogs/comm_default_20260416_183405.log
Starting experiments (dataset=comm, sensitive_attribute=default).
[Run 1/5] Training shared encoder (unweighted, linear head)...
Epoch 1/200
55/55 - 11s - 199ms/step - loss: 1.0082 - val_loss: 0.7981
Epoch 2/200
55/55 - 9s - 159ms/step - loss: 0.7276 - val_loss: 0.6925
Epoch 3/200
55/55 - 8s - 150ms/step - loss: 0.6777 - val_loss: 0.6651
Epoch 4/200
55/55 - 8s - 153ms/step - loss: 0.6571 - val_loss: 0.6507
Epoch 5/200
55/55 - 9s - 156ms/step - loss: 0.6438 - val_loss: 0.6411
Epoch 6/200
55/55 - 8s - 153ms/step - loss: 0.6345 - val_loss: 0.6340
Epoch 7/200
55/55 - 8s - 154ms/step - loss: 0.6278 - val_loss: 0.6290
Epoch 8/200
55/55 - 9s - 155ms/step - loss: 0.6231 - val_loss: 0.6256
Epoch 9/200
55/55 - 8s - 153ms/step - loss: 0.6197 - val_loss: 0.6231
Epoch 10/200
55/55 - 9s - 155ms/step - loss: 0.6171 - val_loss: 0.6212
Epoch 11/200
55/55 - 8s - 153ms/step - loss: 0.6151 - val_loss: 0.6197
Epoch 12/200
55/55 - 8s - 153ms/step - loss: 0.6136 - val_loss: 0.6184
Epoch 13/200
55/55 - 8s - 152ms/step - loss: 0.6123 - val_loss: 0.6175
Epoch 14/200
55/55 - 8s - 154ms/step - loss: 0.6112 - val_loss: 0.6168
Epoch 15/200
55/55 - 9s - 155ms/step - loss: 0.6102 - val_loss: 0.6160
Epoch 16/200
55/55 - 8s - 151ms/step - loss: 0.6093 - val_loss: 0.6153
Epoch 17/200
55/55 - 8s - 151ms/step - loss: 0.6085 - val_loss: 0.6146
Epoch 18/200
55/55 - 8s - 153ms/step - loss: 0.6077 - val_loss: 0.6140
Epoch 19/200
55/55 - 9s - 155ms/step - loss: 0.6070 - val_loss: 0.6135
Epoch 20/200
55/55 - 8s - 153ms/step - loss: 0.6064 - val_loss: 0.6129
Epoch 21/200
55/55 - 8s - 152ms/step - loss: 0.6057 - val_loss: 0.6122
Epoch 22/200
55/55 - 8s - 152ms/step - loss: 0.6051 - val_loss: 0.6117
Epoch 23/200
55/55 - 8s - 152ms/step - loss: 0.6046 - val_loss: 0.6112
Epoch 24/200
55/55 - 8s - 152ms/step - loss: 0.6041 - val_loss: 0.6107
Epoch 25/200
55/55 - 8s - 152ms/step - loss: 0.6036 - val_loss: 0.6101
Epoch 26/200
55/55 - 8s - 152ms/step - loss: 0.6031 - val_loss: 0.6096
Epoch 27/200
55/55 - 8s - 153ms/step - loss: 0.6026 - val_loss: 0.6091
Epoch 28/200
55/55 - 8s - 152ms/step - loss: 0.6022 - val_loss: 0.6086
Epoch 29/200
55/55 - 8s - 152ms/step - loss: 0.6018 - val_loss: 0.6082
Epoch 30/200
55/55 - 8s - 152ms/step - loss: 0.6013 - val_loss: 0.6078
Epoch 31/200
55/55 - 8s - 152ms/step - loss: 0.6010 - val_loss: 0.6074
Epoch 32/200
55/55 - 8s - 152ms/step - loss: 0.6006 - val_loss: 0.6069
Epoch 33/200
55/55 - 8s - 151ms/step - loss: 0.6002 - val_loss: 0.6065
Epoch 34/200
55/55 - 8s - 152ms/step - loss: 0.5999 - val_loss: 0.6061
Epoch 35/200
55/55 - 8s - 151ms/step - loss: 0.5996 - val_loss: 0.6057
Epoch 36/200
55/55 - 8s - 151ms/step - loss: 0.5993 - val_loss: 0.6053
Epoch 37/200
55/55 - 8s - 152ms/step - loss: 0.5990 - val_loss: 0.6050
Epoch 38/200
55/55 - 8s - 152ms/step - loss: 0.5987 - val_loss: 0.6047
Epoch 39/200
55/55 - 8s - 152ms/step - loss: 0.5984 - val_loss: 0.6044
Epoch 40/200
55/55 - 8s - 152ms/step - loss: 0.5982 - val_loss: 0.6041
Epoch 41/200
55/55 - 8s - 152ms/step - loss: 0.5979 - val_loss: 0.6038
Epoch 42/200
55/55 - 8s - 153ms/step - loss: 0.5977 - val_loss: 0.6035
Epoch 43/200
55/55 - 8s - 154ms/step - loss: 0.5974 - val_loss: 0.6032
Epoch 44/200
55/55 - 8s - 153ms/step - loss: 0.5972 - val_loss: 0.6029
Epoch 45/200
55/55 - 8s - 152ms/step - loss: 0.5970 - val_loss: 0.6025
Epoch 46/200
55/55 - 8s - 151ms/step - loss: 0.5968 - val_loss: 0.6022
Epoch 47/200
55/55 - 8s - 152ms/step - loss: 0.5966 - val_loss: 0.6020
Epoch 48/200
55/55 - 9s - 155ms/step - loss: 0.5964 - val_loss: 0.6017
Epoch 49/200
55/55 - 8s - 154ms/step - loss: 0.5962 - val_loss: 0.6015
Epoch 50/200
55/55 - 8s - 152ms/step - loss: 0.5961 - val_loss: 0.6012
Epoch 51/200
55/55 - 8s - 152ms/step - loss: 0.5959 - val_loss: 0.6010
Epoch 52/200
55/55 - 8s - 152ms/step - loss: 0.5957 - val_loss: 0.6008
Epoch 53/200
55/55 - 8s - 152ms/step - loss: 0.5955 - val_loss: 0.6006
Epoch 54/200
55/55 - 8s - 152ms/step - loss: 0.5954 - val_loss: 0.6003
Epoch 55/200
55/55 - 8s - 153ms/step - loss: 0.5952 - val_loss: 0.6001
Epoch 56/200
55/55 - 8s - 152ms/step - loss: 0.5950 - val_loss: 0.5999
Epoch 57/200
55/55 - 8s - 152ms/step - loss: 0.5949 - val_loss: 0.5997
Epoch 58/200
55/55 - 8s - 152ms/step - loss: 0.5948 - val_loss: 0.5995
Epoch 59/200
55/55 - 8s - 152ms/step - loss: 0.5946 - val_loss: 0.5994
Epoch 60/200
55/55 - 8s - 152ms/step - loss: 0.5945 - val_loss: 0.5992
Epoch 61/200
55/55 - 8s - 153ms/step - loss: 0.5944 - val_loss: 0.5990
Epoch 62/200
55/55 - 8s - 151ms/step - loss: 0.5943 - val_loss: 0.5988
Epoch 63/200
55/55 - 8s - 152ms/step - loss: 0.5942 - val_loss: 0.5987
Epoch 64/200
55/55 - 8s - 152ms/step - loss: 0.5940 - val_loss: 0.5985
Epoch 65/200
55/55 - 8s - 152ms/step - loss: 0.5939 - val_loss: 0.5983
Epoch 66/200
55/55 - 8s - 152ms/step - loss: 0.5938 - val_loss: 0.5981
Epoch 67/200
55/55 - 8s - 153ms/step - loss: 0.5937 - val_loss: 0.5979
Epoch 68/200
55/55 - 8s - 152ms/step - loss: 0.5936 - val_loss: 0.5977
Epoch 69/200
55/55 - 8s - 152ms/step - loss: 0.5935 - val_loss: 0.5976
Epoch 70/200
55/55 - 8s - 152ms/step - loss: 0.5935 - val_loss: 0.5974
Epoch 71/200
55/55 - 8s - 152ms/step - loss: 0.5934 - val_loss: 0.5973
Epoch 72/200
55/55 - 8s - 152ms/step - loss: 0.5933 - val_loss: 0.5971
Epoch 73/200
55/55 - 8s - 152ms/step - loss: 0.5932 - val_loss: 0.5969
Epoch 74/200
55/55 - 8s - 152ms/step - loss: 0.5931 - val_loss: 0.5967
Epoch 75/200
55/55 - 8s - 152ms/step - loss: 0.5930 - val_loss: 0.5966
Epoch 76/200
55/55 - 8s - 151ms/step - loss: 0.5930 - val_loss: 0.5965
Epoch 77/200
55/55 - 8s - 152ms/step - loss: 0.5929 - val_loss: 0.5964
Epoch 78/200
55/55 - 8s - 152ms/step - loss: 0.5928 - val_loss: 0.5962
Epoch 79/200
55/55 - 8s - 152ms/step - loss: 0.5927 - val_loss: 0.5961
Epoch 80/200
55/55 - 8s - 152ms/step - loss: 0.5927 - val_loss: 0.5960
Epoch 81/200
55/55 - 8s - 152ms/step - loss: 0.5926 - val_loss: 0.5959
Epoch 82/200
55/55 - 8s - 152ms/step - loss: 0.5925 - val_loss: 0.5957
Epoch 83/200
55/55 - 8s - 152ms/step - loss: 0.5925 - val_loss: 0.5956
Epoch 84/200
55/55 - 8s - 152ms/step - loss: 0.5924 - val_loss: 0.5954
Epoch 85/200
55/55 - 8s - 152ms/step - loss: 0.5924 - val_loss: 0.5953
Epoch 86/200
55/55 - 8s - 152ms/step - loss: 0.5923 - val_loss: 0.5952
Epoch 87/200
55/55 - 8s - 153ms/step - loss: 0.5922 - val_loss: 0.5951
Epoch 88/200
55/55 - 8s - 152ms/step - loss: 0.5922 - val_loss: 0.5951
Epoch 89/200
55/55 - 8s - 152ms/step - loss: 0.5921 - val_loss: 0.5950
Epoch 90/200
55/55 - 8s - 152ms/step - loss: 0.5921 - val_loss: 0.5948
Epoch 91/200
55/55 - 8s - 152ms/step - loss: 0.5920 - val_loss: 0.5948
Epoch 92/200
55/55 - 8s - 153ms/step - loss: 0.5920 - val_loss: 0.5947
Epoch 93/200
55/55 - 8s - 153ms/step - loss: 0.5920 - val_loss: 0.5946
Epoch 94/200
55/55 - 8s - 152ms/step - loss: 0.5919 - val_loss: 0.5945
Epoch 95/200
55/55 - 8s - 152ms/step - loss: 0.5919 - val_loss: 0.5945
Epoch 96/200
55/55 - 8s - 153ms/step - loss: 0.5918 - val_loss: 0.5944
Epoch 97/200
55/55 - 8s - 152ms/step - loss: 0.5918 - val_loss: 0.5944
Epoch 98/200
55/55 - 8s - 152ms/step - loss: 0.5917 - val_loss: 0.5943
Epoch 99/200
55/55 - 8s - 152ms/step - loss: 0.5917 - val_loss: 0.5942
Epoch 100/200
55/55 - 8s - 153ms/step - loss: 0.5917 - val_loss: 0.5942
Epoch 101/200
55/55 - 8s - 152ms/step - loss: 0.5916 - val_loss: 0.5941
Epoch 102/200
55/55 - 8s - 152ms/step - loss: 0.5916 - val_loss: 0.5941
Epoch 103/200
55/55 - 8s - 152ms/step - loss: 0.5916 - val_loss: 0.5940
Epoch 104/200
55/55 - 8s - 152ms/step - loss: 0.5915 - val_loss: 0.5939
Epoch 105/200
55/55 - 8s - 153ms/step - loss: 0.5915 - val_loss: 0.5938
Epoch 106/200
55/55 - 8s - 153ms/step - loss: 0.5915 - val_loss: 0.5938
Epoch 107/200
55/55 - 8s - 152ms/step - loss: 0.5914 - val_loss: 0.5938
Epoch 108/200
55/55 - 8s - 152ms/step - loss: 0.5914 - val_loss: 0.5937
Epoch 109/200
55/55 - 8s - 152ms/step - loss: 0.5914 - val_loss: 0.5937
Epoch 110/200
55/55 - 8s - 152ms/step - loss: 0.5913 - val_loss: 0.5936
Epoch 111/200
55/55 - 8s - 153ms/step - loss: 0.5913 - val_loss: 0.5936
Epoch 112/200
55/55 - 8s - 152ms/step - loss: 0.5913 - val_loss: 0.5935
Epoch 113/200
55/55 - 8s - 152ms/step - loss: 0.5912 - val_loss: 0.5935
Epoch 114/200
55/55 - 8s - 152ms/step - loss: 0.5912 - val_loss: 0.5934
Epoch 115/200
55/55 - 8s - 153ms/step - loss: 0.5912 - val_loss: 0.5934
Epoch 116/200
55/55 - 9s - 155ms/step - loss: 0.5911 - val_loss: 0.5933
Epoch 117/200
55/55 - 8s - 152ms/step - loss: 0.5911 - val_loss: 0.5933
Epoch 118/200
55/55 - 8s - 152ms/step - loss: 0.5911 - val_loss: 0.5932
Epoch 119/200
55/55 - 8s - 153ms/step - loss: 0.5911 - val_loss: 0.5932
Epoch 120/200
55/55 - 8s - 153ms/step - loss: 0.5911 - val_loss: 0.5931
Epoch 121/200
55/55 - 8s - 154ms/step - loss: 0.5910 - val_loss: 0.5931
Epoch 122/200
55/55 - 8s - 153ms/step - loss: 0.5910 - val_loss: 0.5931
Epoch 123/200
55/55 - 8s - 152ms/step - loss: 0.5910 - val_loss: 0.5931
Epoch 124/200
55/55 - 8s - 153ms/step - loss: 0.5910 - val_loss: 0.5931
Epoch 125/200
55/55 - 8s - 152ms/step - loss: 0.5909 - val_loss: 0.5930
Epoch 126/200
55/55 - 8s - 153ms/step - loss: 0.5909 - val_loss: 0.5930
Epoch 127/200
55/55 - 8s - 152ms/step - loss: 0.5909 - val_loss: 0.5929
Epoch 128/200
55/55 - 8s - 153ms/step - loss: 0.5909 - val_loss: 0.5929
Epoch 129/200
55/55 - 8s - 152ms/step - loss: 0.5909 - val_loss: 0.5928
Epoch 130/200
55/55 - 8s - 152ms/step - loss: 0.5908 - val_loss: 0.5928
Epoch 131/200
55/55 - 8s - 152ms/step - loss: 0.5908 - val_loss: 0.5927
Epoch 132/200
55/55 - 8s - 152ms/step - loss: 0.5908 - val_loss: 0.5927
Epoch 133/200
55/55 - 8s - 153ms/step - loss: 0.5908 - val_loss: 0.5927
Epoch 134/200
55/55 - 8s - 152ms/step - loss: 0.5907 - val_loss: 0.5927
Epoch 135/200
55/55 - 8s - 152ms/step - loss: 0.5907 - val_loss: 0.5926
Epoch 136/200
55/55 - 8s - 152ms/step - loss: 0.5907 - val_loss: 0.5926
Epoch 137/200
55/55 - 8s - 152ms/step - loss: 0.5907 - val_loss: 0.5926
Epoch 138/200
55/55 - 8s - 152ms/step - loss: 0.5907 - val_loss: 0.5926
Epoch 139/200
55/55 - 8s - 152ms/step - loss: 0.5906 - val_loss: 0.5925
Epoch 140/200
55/55 - 8s - 152ms/step - loss: 0.5906 - val_loss: 0.5925
Epoch 141/200
55/55 - 8s - 152ms/step - loss: 0.5906 - val_loss: 0.5925
Epoch 142/200
55/55 - 8s - 153ms/step - loss: 0.5906 - val_loss: 0.5924
Epoch 143/200
55/55 - 8s - 152ms/step - loss: 0.5906 - val_loss: 0.5924
Epoch 144/200
55/55 - 8s - 153ms/step - loss: 0.5906 - val_loss: 0.5924
Epoch 145/200
55/55 - 8s - 152ms/step - loss: 0.5905 - val_loss: 0.5923
Epoch 146/200
55/55 - 8s - 152ms/step - loss: 0.5905 - val_loss: 0.5924
Epoch 147/200
55/55 - 8s - 153ms/step - loss: 0.5905 - val_loss: 0.5923
Epoch 148/200
55/55 - 8s - 152ms/step - loss: 0.5905 - val_loss: 0.5923
Epoch 149/200
55/55 - 8s - 152ms/step - loss: 0.5905 - val_loss: 0.5922
Epoch 150/200
55/55 - 8s - 152ms/step - loss: 0.5905 - val_loss: 0.5922
Epoch 151/200
55/55 - 8s - 152ms/step - loss: 0.5904 - val_loss: 0.5922
Epoch 152/200
55/55 - 8s - 152ms/step - loss: 0.5904 - val_loss: 0.5921
Epoch 153/200
55/55 - 8s - 152ms/step - loss: 0.5904 - val_loss: 0.5921
Epoch 154/200
55/55 - 8s - 152ms/step - loss: 0.5904 - val_loss: 0.5921
Epoch 155/200
55/55 - 8s - 153ms/step - loss: 0.5904 - val_loss: 0.5921
Epoch 156/200
55/55 - 8s - 152ms/step - loss: 0.5903 - val_loss: 0.5920
Epoch 157/200
55/55 - 8s - 152ms/step - loss: 0.5903 - val_loss: 0.5920
Epoch 158/200
55/55 - 8s - 152ms/step - loss: 0.5903 - val_loss: 0.5920
Epoch 159/200
55/55 - 8s - 152ms/step - loss: 0.5903 - val_loss: 0.5919
Epoch 160/200
55/55 - 8s - 153ms/step - loss: 0.5903 - val_loss: 0.5919
Epoch 161/200
55/55 - 8s - 153ms/step - loss: 0.5903 - val_loss: 0.5919
Epoch 162/200
55/55 - 8s - 152ms/step - loss: 0.5902 - val_loss: 0.5919
Epoch 163/200
55/55 - 8s - 154ms/step - loss: 0.5902 - val_loss: 0.5919
Epoch 164/200
55/55 - 8s - 153ms/step - loss: 0.5902 - val_loss: 0.5918
Epoch 165/200
55/55 - 8s - 153ms/step - loss: 0.5902 - val_loss: 0.5918
Epoch 166/200
55/55 - 8s - 153ms/step - loss: 0.5902 - val_loss: 0.5918
Epoch 167/200
55/55 - 8s - 153ms/step - loss: 0.5902 - val_loss: 0.5917
Epoch 168/200
55/55 - 8s - 152ms/step - loss: 0.5902 - val_loss: 0.5917
Epoch 169/200
55/55 - 8s - 153ms/step - loss: 0.5901 - val_loss: 0.5917
Epoch 170/200
55/55 - 8s - 152ms/step - loss: 0.5901 - val_loss: 0.5916
Epoch 171/200
55/55 - 8s - 152ms/step - loss: 0.5901 - val_loss: 0.5916
Epoch 172/200
55/55 - 8s - 152ms/step - loss: 0.5901 - val_loss: 0.5917
Epoch 173/200
55/55 - 8s - 152ms/step - loss: 0.5901 - val_loss: 0.5916
Epoch 174/200
55/55 - 8s - 153ms/step - loss: 0.5901 - val_loss: 0.5916
Epoch 175/200
55/55 - 8s - 153ms/step - loss: 0.5901 - val_loss: 0.5916
Epoch 176/200
55/55 - 8s - 152ms/step - loss: 0.5900 - val_loss: 0.5915
Epoch 177/200
55/55 - 8s - 152ms/step - loss: 0.5900 - val_loss: 0.5915
Epoch 178/200
55/55 - 8s - 153ms/step - loss: 0.5900 - val_loss: 0.5915
Epoch 179/200
55/55 - 8s - 152ms/step - loss: 0.5900 - val_loss: 0.5915
Epoch 180/200
55/55 - 8s - 153ms/step - loss: 0.5900 - val_loss: 0.5914
Epoch 181/200
55/55 - 8s - 153ms/step - loss: 0.5900 - val_loss: 0.5915
Epoch 182/200
55/55 - 8s - 152ms/step - loss: 0.5900 - val_loss: 0.5914
Epoch 183/200
55/55 - 8s - 152ms/step - loss: 0.5900 - val_loss: 0.5914
Epoch 184/200
55/55 - 8s - 152ms/step - loss: 0.5899 - val_loss: 0.5914
Epoch 185/200
55/55 - 8s - 153ms/step - loss: 0.5899 - val_loss: 0.5914
Epoch 186/200
55/55 - 8s - 154ms/step - loss: 0.5899 - val_loss: 0.5914
Epoch 187/200
55/55 - 8s - 154ms/step - loss: 0.5899 - val_loss: 0.5914
Epoch 188/200
55/55 - 8s - 152ms/step - loss: 0.5899 - val_loss: 0.5914
Epoch 189/200
55/55 - 8s - 153ms/step - loss: 0.5899 - val_loss: 0.5914
Epoch 190/200
55/55 - 8s - 152ms/step - loss: 0.5899 - val_loss: 0.5913
Epoch 191/200
55/55 - 8s - 154ms/step - loss: 0.5899 - val_loss: 0.5913
Epoch 192/200
55/55 - 8s - 153ms/step - loss: 0.5898 - val_loss: 0.5913
Epoch 193/200
55/55 - 8s - 153ms/step - loss: 0.5898 - val_loss: 0.5912
Epoch 194/200
55/55 - 8s - 153ms/step - loss: 0.5898 - val_loss: 0.5912
Epoch 195/200
55/55 - 8s - 153ms/step - loss: 0.5898 - val_loss: 0.5912
Epoch 196/200
55/55 - 8s - 152ms/step - loss: 0.5898 - val_loss: 0.5912
Epoch 197/200
55/55 - 8s - 151ms/step - loss: 0.5898 - val_loss: 0.5912
Epoch 198/200
55/55 - 8s - 153ms/step - loss: 0.5898 - val_loss: 0.5912
Epoch 199/200
55/55 - 8s - 153ms/step - loss: 0.5898 - val_loss: 0.5912
Epoch 200/200
55/55 - 8s - 152ms/step - loss: 0.5898 - val_loss: 0.5911
[Run 1/5] Training shared encoder (weighted, linear head)...
Epoch 1/200
55/55 - 10s - 186ms/step - loss: 1.0237 - val_loss: 0.8619
Epoch 2/200
55/55 - 9s - 163ms/step - loss: 0.7772 - val_loss: 0.7338
Epoch 3/200
55/55 - 8s - 153ms/step - loss: 0.7118 - val_loss: 0.6992
Epoch 4/200
55/55 - 9s - 156ms/step - loss: 0.6873 - val_loss: 0.6795
Epoch 5/200
55/55 - 9s - 158ms/step - loss: 0.6724 - val_loss: 0.6677
Epoch 6/200
55/55 - 9s - 159ms/step - loss: 0.6625 - val_loss: 0.6597
Epoch 7/200
55/55 - 9s - 159ms/step - loss: 0.6557 - val_loss: 0.6536
Epoch 8/200
55/55 - 9s - 158ms/step - loss: 0.6506 - val_loss: 0.6487
Epoch 9/200
55/55 - 9s - 158ms/step - loss: 0.6467 - val_loss: 0.6449
Epoch 10/200
55/55 - 9s - 158ms/step - loss: 0.6434 - val_loss: 0.6418
Epoch 11/200
55/55 - 9s - 157ms/step - loss: 0.6408 - val_loss: 0.6393
Epoch 12/200
55/55 - 9s - 159ms/step - loss: 0.6385 - val_loss: 0.6369
Epoch 13/200
55/55 - 9s - 158ms/step - loss: 0.6365 - val_loss: 0.6350
Epoch 14/200
55/55 - 9s - 158ms/step - loss: 0.6348 - val_loss: 0.6335
Epoch 15/200
55/55 - 9s - 158ms/step - loss: 0.6334 - val_loss: 0.6320
Epoch 16/200
55/55 - 9s - 158ms/step - loss: 0.6320 - val_loss: 0.6307
Epoch 17/200
55/55 - 9s - 158ms/step - loss: 0.6307 - val_loss: 0.6295
Epoch 18/200
55/55 - 9s - 159ms/step - loss: 0.6296 - val_loss: 0.6283
Epoch 19/200
55/55 - 9s - 159ms/step - loss: 0.6285 - val_loss: 0.6270
Epoch 20/200
55/55 - 9s - 158ms/step - loss: 0.6275 - val_loss: 0.6259
Epoch 21/200
55/55 - 9s - 159ms/step - loss: 0.6266 - val_loss: 0.6249
Epoch 22/200
55/55 - 9s - 158ms/step - loss: 0.6257 - val_loss: 0.6241
Epoch 23/200
55/55 - 9s - 158ms/step - loss: 0.6250 - val_loss: 0.6232
Epoch 24/200
55/55 - 9s - 158ms/step - loss: 0.6243 - val_loss: 0.6225
Epoch 25/200
55/55 - 9s - 158ms/step - loss: 0.6237 - val_loss: 0.6218
Epoch 26/200
55/55 - 9s - 158ms/step - loss: 0.6231 - val_loss: 0.6211
Epoch 27/200
55/55 - 9s - 159ms/step - loss: 0.6225 - val_loss: 0.6204
Epoch 28/200
55/55 - 9s - 158ms/step - loss: 0.6220 - val_loss: 0.6198
Epoch 29/200
55/55 - 9s - 158ms/step - loss: 0.6215 - val_loss: 0.6193
Epoch 30/200
55/55 - 9s - 158ms/step - loss: 0.6210 - val_loss: 0.6188
Epoch 31/200
55/55 - 9s - 159ms/step - loss: 0.6205 - val_loss: 0.6183
Epoch 32/200
55/55 - 9s - 159ms/step - loss: 0.6201 - val_loss: 0.6179
Epoch 33/200
55/55 - 9s - 162ms/step - loss: 0.6196 - val_loss: 0.6174
Epoch 34/200
55/55 - 9s - 162ms/step - loss: 0.6192 - val_loss: 0.6170
Epoch 35/200
55/55 - 9s - 160ms/step - loss: 0.6189 - val_loss: 0.6165
Epoch 36/200
55/55 - 9s - 161ms/step - loss: 0.6185 - val_loss: 0.6161
Epoch 37/200
55/55 - 9s - 159ms/step - loss: 0.6181 - val_loss: 0.6158
Epoch 38/200
55/55 - 9s - 161ms/step - loss: 0.6178 - val_loss: 0.6155
Epoch 39/200
55/55 - 9s - 159ms/step - loss: 0.6175 - val_loss: 0.6151
Epoch 40/200
55/55 - 9s - 158ms/step - loss: 0.6172 - val_loss: 0.6148
Epoch 41/200
55/55 - 9s - 159ms/step - loss: 0.6169 - val_loss: 0.6144
Epoch 42/200
55/55 - 9s - 158ms/step - loss: 0.6166 - val_loss: 0.6140
Epoch 43/200
55/55 - 9s - 158ms/step - loss: 0.6164 - val_loss: 0.6136
Epoch 44/200
55/55 - 9s - 158ms/step - loss: 0.6161 - val_loss: 0.6133
Epoch 45/200
55/55 - 9s - 159ms/step - loss: 0.6158 - val_loss: 0.6129
Epoch 46/200
55/55 - 9s - 158ms/step - loss: 0.6156 - val_loss: 0.6127
Epoch 47/200
55/55 - 9s - 158ms/step - loss: 0.6153 - val_loss: 0.6124
Epoch 48/200
55/55 - 9s - 158ms/step - loss: 0.6151 - val_loss: 0.6121
Epoch 49/200
55/55 - 9s - 159ms/step - loss: 0.6148 - val_loss: 0.6118
Epoch 50/200
55/55 - 9s - 158ms/step - loss: 0.6146 - val_loss: 0.6116
Epoch 51/200
55/55 - 9s - 158ms/step - loss: 0.6144 - val_loss: 0.6113
Epoch 52/200
55/55 - 9s - 158ms/step - loss: 0.6142 - val_loss: 0.6110
Epoch 53/200
55/55 - 9s - 158ms/step - loss: 0.6140 - val_loss: 0.6107
Epoch 54/200
55/55 - 9s - 161ms/step - loss: 0.6137 - val_loss: 0.6104
Epoch 55/200
55/55 - 9s - 160ms/step - loss: 0.6136 - val_loss: 0.6102
Epoch 56/200
55/55 - 9s - 158ms/step - loss: 0.6134 - val_loss: 0.6100
Epoch 57/200
55/55 - 9s - 158ms/step - loss: 0.6132 - val_loss: 0.6097
Epoch 58/200
55/55 - 9s - 162ms/step - loss: 0.6130 - val_loss: 0.6095
Epoch 59/200
55/55 - 9s - 159ms/step - loss: 0.6128 - val_loss: 0.6093
Epoch 60/200
55/55 - 9s - 158ms/step - loss: 0.6127 - val_loss: 0.6090
Epoch 61/200
55/55 - 9s - 158ms/step - loss: 0.6125 - val_loss: 0.6088
Epoch 62/200
55/55 - 9s - 159ms/step - loss: 0.6123 - val_loss: 0.6086
Epoch 63/200
55/55 - 9s - 160ms/step - loss: 0.6122 - val_loss: 0.6085
Epoch 64/200
55/55 - 9s - 159ms/step - loss: 0.6120 - val_loss: 0.6084
Epoch 65/200
55/55 - 9s - 159ms/step - loss: 0.6119 - val_loss: 0.6082
Epoch 66/200
55/55 - 9s - 159ms/step - loss: 0.6117 - val_loss: 0.6080
Epoch 67/200
55/55 - 9s - 158ms/step - loss: 0.6116 - val_loss: 0.6079
Epoch 68/200
55/55 - 9s - 160ms/step - loss: 0.6114 - val_loss: 0.6076
Epoch 69/200
55/55 - 9s - 159ms/step - loss: 0.6113 - val_loss: 0.6075
Epoch 70/200
55/55 - 9s - 158ms/step - loss: 0.6112 - val_loss: 0.6073
Epoch 71/200
55/55 - 9s - 158ms/step - loss: 0.6111 - val_loss: 0.6071
Epoch 72/200
55/55 - 9s - 158ms/step - loss: 0.6110 - val_loss: 0.6069
Epoch 73/200
55/55 - 9s - 158ms/step - loss: 0.6108 - val_loss: 0.6068
Epoch 74/200
55/55 - 9s - 158ms/step - loss: 0.6107 - val_loss: 0.6066
Epoch 75/200
55/55 - 9s - 158ms/step - loss: 0.6106 - val_loss: 0.6064
Epoch 76/200
55/55 - 9s - 159ms/step - loss: 0.6105 - val_loss: 0.6063
Epoch 77/200
55/55 - 9s - 158ms/step - loss: 0.6104 - val_loss: 0.6062
Epoch 78/200
55/55 - 9s - 158ms/step - loss: 0.6103 - val_loss: 0.6061
Epoch 79/200
55/55 - 9s - 158ms/step - loss: 0.6101 - val_loss: 0.6060
Epoch 80/200
55/55 - 9s - 158ms/step - loss: 0.6100 - val_loss: 0.6059
Epoch 81/200
55/55 - 9s - 158ms/step - loss: 0.6100 - val_loss: 0.6056
Epoch 82/200
55/55 - 9s - 158ms/step - loss: 0.6099 - val_loss: 0.6056
Epoch 83/200
55/55 - 9s - 159ms/step - loss: 0.6098 - val_loss: 0.6054
Epoch 84/200
55/55 - 9s - 160ms/step - loss: 0.6096 - val_loss: 0.6053
Epoch 85/200
55/55 - 9s - 159ms/step - loss: 0.6096 - val_loss: 0.6052
Epoch 86/200
55/55 - 9s - 159ms/step - loss: 0.6095 - val_loss: 0.6050
Epoch 87/200
55/55 - 9s - 158ms/step - loss: 0.6094 - val_loss: 0.6048
Epoch 88/200
55/55 - 9s - 158ms/step - loss: 0.6093 - val_loss: 0.6047
Epoch 89/200
55/55 - 9s - 160ms/step - loss: 0.6092 - val_loss: 0.6046
Epoch 90/200
55/55 - 9s - 160ms/step - loss: 0.6091 - val_loss: 0.6044
Epoch 91/200
55/55 - 9s - 158ms/step - loss: 0.6091 - val_loss: 0.6043
Epoch 92/200
55/55 - 9s - 157ms/step - loss: 0.6090 - val_loss: 0.6042
Epoch 93/200
55/55 - 9s - 158ms/step - loss: 0.6089 - val_loss: 0.6040
Epoch 94/200
55/55 - 9s - 158ms/step - loss: 0.6089 - val_loss: 0.6039
Epoch 95/200
55/55 - 9s - 158ms/step - loss: 0.6088 - val_loss: 0.6037
Epoch 96/200
55/55 - 9s - 157ms/step - loss: 0.6087 - val_loss: 0.6038
Epoch 97/200
55/55 - 9s - 158ms/step - loss: 0.6087 - val_loss: 0.6036
Epoch 98/200
55/55 - 9s - 158ms/step - loss: 0.6086 - val_loss: 0.6034
Epoch 99/200
55/55 - 9s - 158ms/step - loss: 0.6085 - val_loss: 0.6033
Epoch 100/200
55/55 - 9s - 159ms/step - loss: 0.6085 - val_loss: 0.6032
Epoch 101/200
55/55 - 9s - 157ms/step - loss: 0.6084 - val_loss: 0.6032
Epoch 102/200
55/55 - 9s - 158ms/step - loss: 0.6084 - val_loss: 0.6030
Epoch 103/200
55/55 - 9s - 158ms/step - loss: 0.6083 - val_loss: 0.6030
Epoch 104/200
55/55 - 9s - 159ms/step - loss: 0.6083 - val_loss: 0.6029
Epoch 105/200
55/55 - 9s - 158ms/step - loss: 0.6082 - val_loss: 0.6028
Epoch 106/200
55/55 - 9s - 158ms/step - loss: 0.6082 - val_loss: 0.6028
Epoch 107/200
55/55 - 9s - 158ms/step - loss: 0.6081 - val_loss: 0.6028
Epoch 108/200
55/55 - 9s - 158ms/step - loss: 0.6081 - val_loss: 0.6026
Epoch 109/200
55/55 - 9s - 159ms/step - loss: 0.6080 - val_loss: 0.6025
Epoch 110/200
55/55 - 9s - 160ms/step - loss: 0.6080 - val_loss: 0.6024
Epoch 111/200
55/55 - 9s - 159ms/step - loss: 0.6079 - val_loss: 0.6024
Epoch 112/200
55/55 - 9s - 158ms/step - loss: 0.6078 - val_loss: 0.6024
Epoch 113/200
55/55 - 9s - 158ms/step - loss: 0.6078 - val_loss: 0.6023
Epoch 114/200
55/55 - 9s - 159ms/step - loss: 0.6078 - val_loss: 0.6023
Epoch 115/200
55/55 - 9s - 161ms/step - loss: 0.6077 - val_loss: 0.6022
Epoch 116/200
55/55 - 9s - 159ms/step - loss: 0.6077 - val_loss: 0.6022
Epoch 117/200
55/55 - 9s - 158ms/step - loss: 0.6077 - val_loss: 0.6021
Epoch 118/200
55/55 - 9s - 158ms/step - loss: 0.6076 - val_loss: 0.6021
Epoch 119/200
55/55 - 9s - 158ms/step - loss: 0.6075 - val_loss: 0.6020
Epoch 120/200
55/55 - 9s - 158ms/step - loss: 0.6075 - val_loss: 0.6018
Epoch 121/200
55/55 - 9s - 158ms/step - loss: 0.6075 - val_loss: 0.6020
Epoch 122/200
55/55 - 9s - 158ms/step - loss: 0.6075 - val_loss: 0.6020
Epoch 123/200
55/55 - 9s - 158ms/step - loss: 0.6074 - val_loss: 0.6019
Epoch 124/200
55/55 - 9s - 158ms/step - loss: 0.6074 - val_loss: 0.6019
Epoch 125/200
55/55 - 9s - 159ms/step - loss: 0.6073 - val_loss: 0.6019
Epoch 126/200
55/55 - 9s - 158ms/step - loss: 0.6073 - val_loss: 0.6018
Epoch 127/200
55/55 - 9s - 158ms/step - loss: 0.6072 - val_loss: 0.6018
Epoch 128/200
55/55 - 9s - 158ms/step - loss: 0.6072 - val_loss: 0.6018
Epoch 129/200
55/55 - 9s - 158ms/step - loss: 0.6072 - val_loss: 0.6018
Epoch 130/200
55/55 - 9s - 158ms/step - loss: 0.6072 - val_loss: 0.6016
Epoch 131/200
55/55 - 9s - 158ms/step - loss: 0.6071 - val_loss: 0.6016
Epoch 132/200
55/55 - 9s - 158ms/step - loss: 0.6071 - val_loss: 0.6017
Epoch 133/200
55/55 - 9s - 158ms/step - loss: 0.6070 - val_loss: 0.6016
Epoch 134/200
55/55 - 9s - 157ms/step - loss: 0.6070 - val_loss: 0.6017
Epoch 135/200
55/55 - 9s - 158ms/step - loss: 0.6070 - val_loss: 0.6016
Epoch 136/200
55/55 - 9s - 158ms/step - loss: 0.6069 - val_loss: 0.6016
Epoch 137/200
55/55 - 9s - 158ms/step - loss: 0.6069 - val_loss: 0.6015
Epoch 138/200
55/55 - 9s - 158ms/step - loss: 0.6069 - val_loss: 0.6014
Epoch 139/200
55/55 - 9s - 159ms/step - loss: 0.6068 - val_loss: 0.6014
Epoch 140/200
55/55 - 9s - 159ms/step - loss: 0.6068 - val_loss: 0.6015
Epoch 141/200
55/55 - 9s - 158ms/step - loss: 0.6068 - val_loss: 0.6014
Epoch 142/200
55/55 - 9s - 158ms/step - loss: 0.6068 - val_loss: 0.6013
Epoch 143/200
55/55 - 9s - 158ms/step - loss: 0.6067 - val_loss: 0.6013
Epoch 144/200
55/55 - 9s - 160ms/step - loss: 0.6067 - val_loss: 0.6013
Epoch 145/200
55/55 - 9s - 159ms/step - loss: 0.6067 - val_loss: 0.6012
Epoch 146/200
55/55 - 9s - 157ms/step - loss: 0.6067 - val_loss: 0.6012
Epoch 147/200
55/55 - 9s - 158ms/step - loss: 0.6066 - val_loss: 0.6012
Epoch 148/200
55/55 - 9s - 157ms/step - loss: 0.6066 - val_loss: 0.6011
Epoch 149/200
55/55 - 9s - 158ms/step - loss: 0.6066 - val_loss: 0.6012
Epoch 150/200
55/55 - 9s - 157ms/step - loss: 0.6065 - val_loss: 0.6011
Epoch 151/200
55/55 - 9s - 157ms/step - loss: 0.6065 - val_loss: 0.6012
Epoch 152/200
55/55 - 9s - 158ms/step - loss: 0.6065 - val_loss: 0.6011
Epoch 153/200
55/55 - 9s - 158ms/step - loss: 0.6065 - val_loss: 0.6011
Epoch 154/200
55/55 - 9s - 157ms/step - loss: 0.6064 - val_loss: 0.6010
Epoch 155/200
55/55 - 9s - 157ms/step - loss: 0.6064 - val_loss: 0.6012
Epoch 156/200
55/55 - 9s - 158ms/step - loss: 0.6064 - val_loss: 0.6011
Epoch 157/200
55/55 - 9s - 157ms/step - loss: 0.6064 - val_loss: 0.6009
Epoch 158/200
55/55 - 9s - 158ms/step - loss: 0.6063 - val_loss: 0.6009
Epoch 159/200
55/55 - 9s - 158ms/step - loss: 0.6063 - val_loss: 0.6010
Epoch 160/200
55/55 - 9s - 158ms/step - loss: 0.6063 - val_loss: 0.6010
Epoch 161/200
55/55 - 9s - 157ms/step - loss: 0.6063 - val_loss: 0.6008
Epoch 162/200
55/55 - 9s - 157ms/step - loss: 0.6063 - val_loss: 0.6008
Epoch 163/200
55/55 - 9s - 157ms/step - loss: 0.6062 - val_loss: 0.6009
Epoch 164/200
55/55 - 9s - 158ms/step - loss: 0.6062 - val_loss: 0.6008
Epoch 165/200
55/55 - 9s - 158ms/step - loss: 0.6062 - val_loss: 0.6008
Epoch 166/200
55/55 - 9s - 157ms/step - loss: 0.6062 - val_loss: 0.6008
Epoch 167/200
55/55 - 9s - 158ms/step - loss: 0.6062 - val_loss: 0.6007
Epoch 168/200
55/55 - 9s - 158ms/step - loss: 0.6062 - val_loss: 0.6006
Epoch 169/200
55/55 - 9s - 157ms/step - loss: 0.6061 - val_loss: 0.6006
Epoch 170/200
55/55 - 9s - 158ms/step - loss: 0.6061 - val_loss: 0.6006
Epoch 171/200
55/55 - 9s - 157ms/step - loss: 0.6061 - val_loss: 0.6006
Epoch 172/200
55/55 - 9s - 158ms/step - loss: 0.6061 - val_loss: 0.6005
Epoch 173/200
55/55 - 9s - 157ms/step - loss: 0.6060 - val_loss: 0.6006
Epoch 174/200
55/55 - 9s - 157ms/step - loss: 0.6060 - val_loss: 0.6005
Epoch 175/200
55/55 - 9s - 158ms/step - loss: 0.6060 - val_loss: 0.6004
Epoch 176/200
55/55 - 9s - 157ms/step - loss: 0.6060 - val_loss: 0.6004
Epoch 177/200
55/55 - 9s - 157ms/step - loss: 0.6059 - val_loss: 0.6003
Epoch 178/200
55/55 - 9s - 157ms/step - loss: 0.6059 - val_loss: 0.6004
Epoch 179/200
55/55 - 9s - 157ms/step - loss: 0.6059 - val_loss: 0.6003
Epoch 180/200
55/55 - 9s - 158ms/step - loss: 0.6059 - val_loss: 0.6003
Epoch 181/200
55/55 - 9s - 156ms/step - loss: 0.6059 - val_loss: 0.6003
Epoch 182/200
55/55 - 9s - 157ms/step - loss: 0.6059 - val_loss: 0.6002
Epoch 183/200
55/55 - 9s - 157ms/step - loss: 0.6058 - val_loss: 0.6002
Epoch 184/200
55/55 - 9s - 157ms/step - loss: 0.6058 - val_loss: 0.6002
Epoch 185/200
55/55 - 9s - 157ms/step - loss: 0.6058 - val_loss: 0.6001
Epoch 186/200
55/55 - 9s - 157ms/step - loss: 0.6058 - val_loss: 0.6001
Epoch 187/200
55/55 - 9s - 157ms/step - loss: 0.6057 - val_loss: 0.6000
Epoch 188/200
55/55 - 9s - 157ms/step - loss: 0.6057 - val_loss: 0.6002
Epoch 189/200
55/55 - 9s - 158ms/step - loss: 0.6057 - val_loss: 0.6001
Epoch 190/200
55/55 - 9s - 158ms/step - loss: 0.6057 - val_loss: 0.6001
Epoch 191/200
55/55 - 9s - 157ms/step - loss: 0.6057 - val_loss: 0.6000
Epoch 192/200
55/55 - 9s - 157ms/step - loss: 0.6057 - val_loss: 0.6000
Epoch 193/200
55/55 - 9s - 159ms/step - loss: 0.6056 - val_loss: 0.5999
Epoch 194/200
55/55 - 9s - 157ms/step - loss: 0.6056 - val_loss: 0.5998
Epoch 195/200
55/55 - 9s - 158ms/step - loss: 0.6056 - val_loss: 0.5999
Epoch 196/200
55/55 - 9s - 157ms/step - loss: 0.6056 - val_loss: 0.5999
Epoch 197/200
55/55 - 9s - 158ms/step - loss: 0.6056 - val_loss: 0.5998
Epoch 198/200
55/55 - 9s - 158ms/step - loss: 0.6056 - val_loss: 0.5998
Epoch 199/200
55/55 - 9s - 157ms/step - loss: 0.6056 - val_loss: 0.5997
Epoch 200/200
55/55 - 9s - 158ms/step - loss: 0.6055 - val_loss: 0.5997
[Run 1/5] Training single encoder baseline (baseline preprocessing, linear structure, linear head)...
[Run 2/5] Training shared encoder (unweighted, linear head)...
Epoch 1/200
55/55 - 10s - 178ms/step - loss: 0.8430 - val_loss: 0.7078
Epoch 2/200
55/55 - 9s - 156ms/step - loss: 0.6879 - val_loss: 0.6726
Epoch 3/200
55/55 - 8s - 148ms/step - loss: 0.6600 - val_loss: 0.6559
Epoch 4/200
55/55 - 8s - 151ms/step - loss: 0.6461 - val_loss: 0.6471
Epoch 5/200
55/55 - 8s - 153ms/step - loss: 0.6379 - val_loss: 0.6416
Epoch 6/200
55/55 - 8s - 154ms/step - loss: 0.6325 - val_loss: 0.6375
Epoch 7/200
55/55 - 8s - 153ms/step - loss: 0.6286 - val_loss: 0.6343
Epoch 8/200
55/55 - 8s - 152ms/step - loss: 0.6257 - val_loss: 0.6316
Epoch 9/200
55/55 - 8s - 154ms/step - loss: 0.6234 - val_loss: 0.6293
Epoch 10/200
55/55 - 8s - 153ms/step - loss: 0.6216 - val_loss: 0.6274
Epoch 11/200
55/55 - 8s - 154ms/step - loss: 0.6201 - val_loss: 0.6259
Epoch 12/200
55/55 - 8s - 154ms/step - loss: 0.6188 - val_loss: 0.6246
Epoch 13/200
55/55 - 8s - 154ms/step - loss: 0.6177 - val_loss: 0.6233
Epoch 14/200
55/55 - 8s - 154ms/step - loss: 0.6167 - val_loss: 0.6223
Epoch 15/200
55/55 - 8s - 154ms/step - loss: 0.6159 - val_loss: 0.6213
Epoch 16/200
55/55 - 8s - 154ms/step - loss: 0.6151 - val_loss: 0.6205
Epoch 17/200
55/55 - 8s - 154ms/step - loss: 0.6144 - val_loss: 0.6198
Epoch 18/200
55/55 - 8s - 153ms/step - loss: 0.6137 - val_loss: 0.6191
Epoch 19/200
55/55 - 8s - 154ms/step - loss: 0.6131 - val_loss: 0.6184
Epoch 20/200
55/55 - 8s - 153ms/step - loss: 0.6126 - val_loss: 0.6177
Epoch 21/200
55/55 - 8s - 153ms/step - loss: 0.6121 - val_loss: 0.6171
Epoch 22/200
55/55 - 8s - 153ms/step - loss: 0.6116 - val_loss: 0.6166
Epoch 23/200
55/55 - 8s - 152ms/step - loss: 0.6111 - val_loss: 0.6161
Epoch 24/200
55/55 - 8s - 154ms/step - loss: 0.6107 - val_loss: 0.6156
Epoch 25/200
55/55 - 8s - 154ms/step - loss: 0.6103 - val_loss: 0.6153
Epoch 26/200
55/55 - 8s - 154ms/step - loss: 0.6099 - val_loss: 0.6149
Epoch 27/200
55/55 - 8s - 154ms/step - loss: 0.6095 - val_loss: 0.6146
Epoch 28/200
55/55 - 8s - 153ms/step - loss: 0.6091 - val_loss: 0.6144
Epoch 29/200
55/55 - 8s - 153ms/step - loss: 0.6088 - val_loss: 0.6141
Epoch 30/200
55/55 - 8s - 154ms/step - loss: 0.6085 - val_loss: 0.6139
Epoch 31/200
55/55 - 8s - 153ms/step - loss: 0.6081 - val_loss: 0.6137
Epoch 32/200
55/55 - 8s - 152ms/step - loss: 0.6078 - val_loss: 0.6134
Epoch 33/200
55/55 - 8s - 152ms/step - loss: 0.6075 - val_loss: 0.6132
Epoch 34/200
55/55 - 8s - 153ms/step - loss: 0.6072 - val_loss: 0.6129
Epoch 35/200
55/55 - 8s - 153ms/step - loss: 0.6069 - val_loss: 0.6127
Epoch 36/200
55/55 - 8s - 153ms/step - loss: 0.6067 - val_loss: 0.6125
Epoch 37/200
55/55 - 8s - 153ms/step - loss: 0.6064 - val_loss: 0.6122
Epoch 38/200
55/55 - 8s - 154ms/step - loss: 0.6062 - val_loss: 0.6121
Epoch 39/200
55/55 - 8s - 153ms/step - loss: 0.6059 - val_loss: 0.6119
Epoch 40/200
55/55 - 8s - 153ms/step - loss: 0.6057 - val_loss: 0.6116
Epoch 41/200
55/55 - 8s - 154ms/step - loss: 0.6055 - val_loss: 0.6114
Epoch 42/200
55/55 - 8s - 153ms/step - loss: 0.6053 - val_loss: 0.6113
Epoch 43/200
55/55 - 8s - 153ms/step - loss: 0.6051 - val_loss: 0.6111
Epoch 44/200
55/55 - 8s - 153ms/step - loss: 0.6049 - val_loss: 0.6110
Epoch 45/200
55/55 - 8s - 153ms/step - loss: 0.6047 - val_loss: 0.6110
Epoch 46/200
55/55 - 8s - 153ms/step - loss: 0.6045 - val_loss: 0.6108
Epoch 47/200
55/55 - 8s - 154ms/step - loss: 0.6043 - val_loss: 0.6107
Epoch 48/200
55/55 - 8s - 154ms/step - loss: 0.6041 - val_loss: 0.6105
Epoch 49/200
55/55 - 8s - 153ms/step - loss: 0.6039 - val_loss: 0.6103
Epoch 50/200
55/55 - 8s - 154ms/step - loss: 0.6038 - val_loss: 0.6102
Epoch 51/200
55/55 - 8s - 153ms/step - loss: 0.6036 - val_loss: 0.6102
Epoch 52/200
55/55 - 8s - 154ms/step - loss: 0.6034 - val_loss: 0.6101
Epoch 53/200
55/55 - 8s - 153ms/step - loss: 0.6033 - val_loss: 0.6099
Epoch 54/200
55/55 - 8s - 153ms/step - loss: 0.6031 - val_loss: 0.6098
Epoch 55/200
55/55 - 8s - 154ms/step - loss: 0.6030 - val_loss: 0.6098
Epoch 56/200
55/55 - 8s - 153ms/step - loss: 0.6028 - val_loss: 0.6097
Epoch 57/200
55/55 - 8s - 153ms/step - loss: 0.6027 - val_loss: 0.6096
Epoch 58/200
55/55 - 8s - 154ms/step - loss: 0.6025 - val_loss: 0.6094
Epoch 59/200
55/55 - 8s - 153ms/step - loss: 0.6024 - val_loss: 0.6094
Epoch 60/200
55/55 - 8s - 153ms/step - loss: 0.6022 - val_loss: 0.6093
Epoch 61/200
55/55 - 8s - 153ms/step - loss: 0.6021 - val_loss: 0.6092
Epoch 62/200
55/55 - 8s - 152ms/step - loss: 0.6020 - val_loss: 0.6092
Epoch 63/200
55/55 - 8s - 153ms/step - loss: 0.6019 - val_loss: 0.6091
Epoch 64/200
55/55 - 8s - 153ms/step - loss: 0.6017 - val_loss: 0.6090
Epoch 65/200
55/55 - 8s - 152ms/step - loss: 0.6016 - val_loss: 0.6090
Epoch 66/200
55/55 - 8s - 152ms/step - loss: 0.6015 - val_loss: 0.6089
Epoch 67/200
55/55 - 8s - 153ms/step - loss: 0.6014 - val_loss: 0.6089
Epoch 68/200
55/55 - 8s - 153ms/step - loss: 0.6013 - val_loss: 0.6088
Epoch 69/200
55/55 - 8s - 153ms/step - loss: 0.6012 - val_loss: 0.6087
Epoch 70/200
55/55 - 8s - 153ms/step - loss: 0.6011 - val_loss: 0.6086
Epoch 71/200
55/55 - 8s - 153ms/step - loss: 0.6010 - val_loss: 0.6085
Epoch 72/200
55/55 - 8s - 153ms/step - loss: 0.6009 - val_loss: 0.6084
Epoch 73/200
55/55 - 8s - 153ms/step - loss: 0.6008 - val_loss: 0.6084
Epoch 74/200
55/55 - 8s - 154ms/step - loss: 0.6008 - val_loss: 0.6083
Epoch 75/200
55/55 - 8s - 153ms/step - loss: 0.6007 - val_loss: 0.6083
Epoch 76/200
55/55 - 8s - 153ms/step - loss: 0.6006 - val_loss: 0.6082
Epoch 77/200
55/55 - 8s - 154ms/step - loss: 0.6005 - val_loss: 0.6081
Epoch 78/200
55/55 - 8s - 153ms/step - loss: 0.6004 - val_loss: 0.6082
Epoch 79/200
55/55 - 8s - 153ms/step - loss: 0.6004 - val_loss: 0.6081
Epoch 80/200
55/55 - 8s - 153ms/step - loss: 0.6003 - val_loss: 0.6080
Epoch 81/200
55/55 - 8s - 153ms/step - loss: 0.6002 - val_loss: 0.6081
Epoch 82/200
55/55 - 8s - 153ms/step - loss: 0.6002 - val_loss: 0.6080
Epoch 83/200
55/55 - 8s - 153ms/step - loss: 0.6001 - val_loss: 0.6080
Epoch 84/200
55/55 - 8s - 153ms/step - loss: 0.6001 - val_loss: 0.6079
Epoch 85/200
55/55 - 8s - 153ms/step - loss: 0.6000 - val_loss: 0.6079
Epoch 86/200
55/55 - 8s - 153ms/step - loss: 0.5999 - val_loss: 0.6079
Epoch 87/200
55/55 - 8s - 152ms/step - loss: 0.5999 - val_loss: 0.6079
Epoch 88/200
55/55 - 8s - 153ms/step - loss: 0.5998 - val_loss: 0.6078
Epoch 89/200
55/55 - 8s - 153ms/step - loss: 0.5997 - val_loss: 0.6077
Epoch 90/200
55/55 - 8s - 153ms/step - loss: 0.5997 - val_loss: 0.6077
Epoch 91/200
55/55 - 8s - 153ms/step - loss: 0.5996 - val_loss: 0.6076
Epoch 92/200
55/55 - 8s - 153ms/step - loss: 0.5996 - val_loss: 0.6075
Epoch 93/200
55/55 - 8s - 153ms/step - loss: 0.5995 - val_loss: 0.6074
Epoch 94/200
55/55 - 8s - 153ms/step - loss: 0.5995 - val_loss: 0.6075
Epoch 95/200
55/55 - 8s - 153ms/step - loss: 0.5994 - val_loss: 0.6074
Epoch 96/200
55/55 - 8s - 152ms/step - loss: 0.5994 - val_loss: 0.6074
Epoch 97/200
55/55 - 8s - 153ms/step - loss: 0.5993 - val_loss: 0.6073
Epoch 98/200
55/55 - 8s - 153ms/step - loss: 0.5993 - val_loss: 0.6072
Epoch 99/200
55/55 - 8s - 152ms/step - loss: 0.5992 - val_loss: 0.6072
Epoch 100/200
55/55 - 8s - 153ms/step - loss: 0.5992 - val_loss: 0.6072
Epoch 101/200
55/55 - 8s - 152ms/step - loss: 0.5992 - val_loss: 0.6071
Epoch 102/200
55/55 - 8s - 153ms/step - loss: 0.5991 - val_loss: 0.6072
Epoch 103/200
55/55 - 8s - 154ms/step - loss: 0.5991 - val_loss: 0.6072
Epoch 104/200
55/55 - 8s - 153ms/step - loss: 0.5990 - val_loss: 0.6071
Epoch 105/200
55/55 - 8s - 153ms/step - loss: 0.5990 - val_loss: 0.6071
Epoch 106/200
55/55 - 8s - 152ms/step - loss: 0.5990 - val_loss: 0.6070
Epoch 107/200
55/55 - 8s - 153ms/step - loss: 0.5989 - val_loss: 0.6071
Epoch 108/200
55/55 - 8s - 153ms/step - loss: 0.5989 - val_loss: 0.6070
Epoch 109/200
55/55 - 8s - 153ms/step - loss: 0.5988 - val_loss: 0.6070
Epoch 110/200
55/55 - 8s - 152ms/step - loss: 0.5988 - val_loss: 0.6070
Epoch 111/200
55/55 - 8s - 153ms/step - loss: 0.5988 - val_loss: 0.6069
Epoch 112/200
55/55 - 8s - 153ms/step - loss: 0.5987 - val_loss: 0.6069
Epoch 113/200
55/55 - 8s - 153ms/step - loss: 0.5987 - val_loss: 0.6070
Epoch 114/200
55/55 - 8s - 154ms/step - loss: 0.5987 - val_loss: 0.6070
Epoch 115/200
55/55 - 8s - 154ms/step - loss: 0.5986 - val_loss: 0.6070
Epoch 116/200
55/55 - 8s - 153ms/step - loss: 0.5986 - val_loss: 0.6069
[Run 2/5] Training shared encoder (weighted, linear head)...
Epoch 1/200
55/55 - 10s - 185ms/step - loss: 0.8460 - val_loss: 0.7824
Epoch 2/200
55/55 - 9s - 162ms/step - loss: 0.7462 - val_loss: 0.7507
Epoch 3/200
55/55 - 8s - 154ms/step - loss: 0.7164 - val_loss: 0.7333
Epoch 4/200
55/55 - 9s - 157ms/step - loss: 0.6995 - val_loss: 0.7215
Epoch 5/200
55/55 - 9s - 162ms/step - loss: 0.6881 - val_loss: 0.7122
Epoch 6/200
55/55 - 9s - 160ms/step - loss: 0.6794 - val_loss: 0.7044
Epoch 7/200
55/55 - 9s - 159ms/step - loss: 0.6725 - val_loss: 0.6984
Epoch 8/200
55/55 - 9s - 159ms/step - loss: 0.6669 - val_loss: 0.6933
Epoch 9/200
55/55 - 9s - 159ms/step - loss: 0.6624 - val_loss: 0.6892
Epoch 10/200
55/55 - 9s - 159ms/step - loss: 0.6587 - val_loss: 0.6857
Epoch 11/200
55/55 - 9s - 162ms/step - loss: 0.6557 - val_loss: 0.6829
Epoch 12/200
55/55 - 9s - 161ms/step - loss: 0.6532 - val_loss: 0.6807
Epoch 13/200
55/55 - 9s - 162ms/step - loss: 0.6510 - val_loss: 0.6786
Epoch 14/200
55/55 - 9s - 160ms/step - loss: 0.6490 - val_loss: 0.6766
Epoch 15/200
55/55 - 9s - 163ms/step - loss: 0.6474 - val_loss: 0.6747
Epoch 16/200
55/55 - 9s - 161ms/step - loss: 0.6459 - val_loss: 0.6732
Epoch 17/200
55/55 - 9s - 161ms/step - loss: 0.6447 - val_loss: 0.6717
Epoch 18/200
55/55 - 9s - 161ms/step - loss: 0.6436 - val_loss: 0.6705
Epoch 19/200
55/55 - 9s - 160ms/step - loss: 0.6426 - val_loss: 0.6693
Epoch 20/200
55/55 - 9s - 160ms/step - loss: 0.6417 - val_loss: 0.6682
Epoch 21/200
55/55 - 9s - 158ms/step - loss: 0.6408 - val_loss: 0.6671
Epoch 22/200
55/55 - 9s - 161ms/step - loss: 0.6400 - val_loss: 0.6662
Epoch 23/200
55/55 - 9s - 160ms/step - loss: 0.6392 - val_loss: 0.6653
Epoch 24/200
55/55 - 9s - 159ms/step - loss: 0.6385 - val_loss: 0.6645
Epoch 25/200
55/55 - 9s - 160ms/step - loss: 0.6378 - val_loss: 0.6637
Epoch 26/200
55/55 - 9s - 160ms/step - loss: 0.6373 - val_loss: 0.6630
Epoch 27/200
55/55 - 9s - 160ms/step - loss: 0.6367 - val_loss: 0.6624
Epoch 28/200
55/55 - 9s - 160ms/step - loss: 0.6362 - val_loss: 0.6616
Epoch 29/200
55/55 - 9s - 159ms/step - loss: 0.6357 - val_loss: 0.6610
Epoch 30/200
55/55 - 9s - 158ms/step - loss: 0.6352 - val_loss: 0.6604
Epoch 31/200
55/55 - 9s - 158ms/step - loss: 0.6347 - val_loss: 0.6598
Epoch 32/200
55/55 - 9s - 159ms/step - loss: 0.6343 - val_loss: 0.6593
Epoch 33/200
55/55 - 9s - 159ms/step - loss: 0.6339 - val_loss: 0.6587
Epoch 34/200
55/55 - 9s - 159ms/step - loss: 0.6335 - val_loss: 0.6582
Epoch 35/200
55/55 - 9s - 159ms/step - loss: 0.6331 - val_loss: 0.6578
Epoch 36/200
55/55 - 9s - 159ms/step - loss: 0.6327 - val_loss: 0.6573
Epoch 37/200
55/55 - 9s - 160ms/step - loss: 0.6324 - val_loss: 0.6569
Epoch 38/200
55/55 - 9s - 159ms/step - loss: 0.6320 - val_loss: 0.6564
Epoch 39/200
55/55 - 9s - 159ms/step - loss: 0.6317 - val_loss: 0.6559
Epoch 40/200
55/55 - 9s - 160ms/step - loss: 0.6313 - val_loss: 0.6555
Epoch 41/200
55/55 - 9s - 161ms/step - loss: 0.6311 - val_loss: 0.6551
Epoch 42/200
55/55 - 9s - 161ms/step - loss: 0.6308 - val_loss: 0.6547
Epoch 43/200
55/55 - 9s - 159ms/step - loss: 0.6305 - val_loss: 0.6543
Epoch 44/200
55/55 - 9s - 160ms/step - loss: 0.6303 - val_loss: 0.6539
Epoch 45/200
55/55 - 9s - 160ms/step - loss: 0.6300 - val_loss: 0.6535
Epoch 46/200
55/55 - 9s - 159ms/step - loss: 0.6297 - val_loss: 0.6531
Epoch 47/200
55/55 - 9s - 159ms/step - loss: 0.6295 - val_loss: 0.6528
Epoch 48/200
55/55 - 9s - 159ms/step - loss: 0.6292 - val_loss: 0.6524
Epoch 49/200
55/55 - 9s - 159ms/step - loss: 0.6290 - val_loss: 0.6522
Epoch 50/200
55/55 - 9s - 160ms/step - loss: 0.6288 - val_loss: 0.6519
Epoch 51/200
55/55 - 9s - 158ms/step - loss: 0.6286 - val_loss: 0.6516
Epoch 52/200
55/55 - 9s - 158ms/step - loss: 0.6284 - val_loss: 0.6513
Epoch 53/200
55/55 - 9s - 159ms/step - loss: 0.6282 - val_loss: 0.6512
Epoch 54/200
55/55 - 9s - 161ms/step - loss: 0.6280 - val_loss: 0.6509
Epoch 55/200
55/55 - 9s - 159ms/step - loss: 0.6278 - val_loss: 0.6505
Epoch 56/200
55/55 - 9s - 158ms/step - loss: 0.6276 - val_loss: 0.6503
Epoch 57/200
55/55 - 9s - 159ms/step - loss: 0.6274 - val_loss: 0.6500
Epoch 58/200
55/55 - 9s - 159ms/step - loss: 0.6273 - val_loss: 0.6498
Epoch 59/200
55/55 - 9s - 161ms/step - loss: 0.6271 - val_loss: 0.6496
Epoch 60/200
55/55 - 9s - 160ms/step - loss: 0.6269 - val_loss: 0.6492
Epoch 61/200
55/55 - 9s - 158ms/step - loss: 0.6268 - val_loss: 0.6489
Epoch 62/200
55/55 - 9s - 158ms/step - loss: 0.6266 - val_loss: 0.6488
Epoch 63/200
55/55 - 9s - 159ms/step - loss: 0.6265 - val_loss: 0.6483
Epoch 64/200
55/55 - 9s - 161ms/step - loss: 0.6263 - val_loss: 0.6483
Epoch 65/200
55/55 - 9s - 162ms/step - loss: 0.6262 - val_loss: 0.6479
Epoch 66/200
55/55 - 9s - 160ms/step - loss: 0.6261 - val_loss: 0.6476
Epoch 67/200
55/55 - 9s - 159ms/step - loss: 0.6259 - val_loss: 0.6475
Epoch 68/200
55/55 - 9s - 159ms/step - loss: 0.6258 - val_loss: 0.6474
Epoch 69/200
55/55 - 9s - 160ms/step - loss: 0.6257 - val_loss: 0.6471
Epoch 70/200
55/55 - 9s - 160ms/step - loss: 0.6256 - val_loss: 0.6470
Epoch 71/200
55/55 - 9s - 159ms/step - loss: 0.6255 - val_loss: 0.6467
Epoch 72/200
55/55 - 9s - 159ms/step - loss: 0.6253 - val_loss: 0.6466
Epoch 73/200
55/55 - 9s - 160ms/step - loss: 0.6252 - val_loss: 0.6464
Epoch 74/200
55/55 - 9s - 159ms/step - loss: 0.6251 - val_loss: 0.6463
Epoch 75/200
55/55 - 9s - 159ms/step - loss: 0.6250 - val_loss: 0.6461
Epoch 76/200
55/55 - 9s - 159ms/step - loss: 0.6249 - val_loss: 0.6459
Epoch 77/200
55/55 - 9s - 161ms/step - loss: 0.6248 - val_loss: 0.6457
Epoch 78/200
55/55 - 9s - 158ms/step - loss: 0.6247 - val_loss: 0.6455
Epoch 79/200
55/55 - 9s - 159ms/step - loss: 0.6246 - val_loss: 0.6455
Epoch 80/200
55/55 - 9s - 160ms/step - loss: 0.6245 - val_loss: 0.6453
Epoch 81/200
55/55 - 9s - 159ms/step - loss: 0.6244 - val_loss: 0.6452
Epoch 82/200
55/55 - 9s - 159ms/step - loss: 0.6243 - val_loss: 0.6450
Epoch 83/200
55/55 - 9s - 161ms/step - loss: 0.6243 - val_loss: 0.6449
Epoch 84/200
55/55 - 9s - 160ms/step - loss: 0.6242 - val_loss: 0.6446
Epoch 85/200
55/55 - 9s - 160ms/step - loss: 0.6241 - val_loss: 0.6447
Epoch 86/200
55/55 - 9s - 160ms/step - loss: 0.6240 - val_loss: 0.6445
Epoch 87/200
55/55 - 9s - 159ms/step - loss: 0.6239 - val_loss: 0.6443
Epoch 88/200
55/55 - 9s - 158ms/step - loss: 0.6238 - val_loss: 0.6441
Epoch 89/200
55/55 - 9s - 158ms/step - loss: 0.6237 - val_loss: 0.6439
Epoch 90/200
55/55 - 9s - 162ms/step - loss: 0.6237 - val_loss: 0.6438
Epoch 91/200
55/55 - 9s - 159ms/step - loss: 0.6236 - val_loss: 0.6437
Epoch 92/200
55/55 - 9s - 159ms/step - loss: 0.6235 - val_loss: 0.6436
Epoch 93/200
55/55 - 9s - 159ms/step - loss: 0.6234 - val_loss: 0.6434
Epoch 94/200
55/55 - 9s - 160ms/step - loss: 0.6234 - val_loss: 0.6432
Epoch 95/200
55/55 - 9s - 162ms/step - loss: 0.6233 - val_loss: 0.6431
Epoch 96/200
55/55 - 9s - 160ms/step - loss: 0.6232 - val_loss: 0.6430
Epoch 97/200
55/55 - 9s - 159ms/step - loss: 0.6232 - val_loss: 0.6429
Epoch 98/200
55/55 - 9s - 159ms/step - loss: 0.6231 - val_loss: 0.6427
Epoch 99/200
55/55 - 9s - 163ms/step - loss: 0.6231 - val_loss: 0.6426
Epoch 100/200
55/55 - 9s - 160ms/step - loss: 0.6230 - val_loss: 0.6424
Epoch 101/200
55/55 - 9s - 158ms/step - loss: 0.6229 - val_loss: 0.6423
Epoch 102/200
55/55 - 9s - 159ms/step - loss: 0.6229 - val_loss: 0.6422
Epoch 103/200
55/55 - 9s - 159ms/step - loss: 0.6228 - val_loss: 0.6420
Epoch 104/200
55/55 - 9s - 159ms/step - loss: 0.6228 - val_loss: 0.6419
Epoch 105/200
55/55 - 9s - 162ms/step - loss: 0.6227 - val_loss: 0.6418
Epoch 106/200
55/55 - 9s - 159ms/step - loss: 0.6226 - val_loss: 0.6417
Epoch 107/200
55/55 - 9s - 160ms/step - loss: 0.6226 - val_loss: 0.6415
Epoch 108/200
55/55 - 9s - 159ms/step - loss: 0.6225 - val_loss: 0.6414
Epoch 109/200
55/55 - 9s - 159ms/step - loss: 0.6225 - val_loss: 0.6414
Epoch 110/200
55/55 - 9s - 161ms/step - loss: 0.6224 - val_loss: 0.6413
Epoch 111/200
55/55 - 9s - 161ms/step - loss: 0.6224 - val_loss: 0.6411
Epoch 112/200
55/55 - 9s - 159ms/step - loss: 0.6223 - val_loss: 0.6411
Epoch 113/200
55/55 - 9s - 159ms/step - loss: 0.6223 - val_loss: 0.6411
Epoch 114/200
55/55 - 9s - 161ms/step - loss: 0.6222 - val_loss: 0.6410
Epoch 115/200
55/55 - 9s - 159ms/step - loss: 0.6222 - val_loss: 0.6409
Epoch 116/200
55/55 - 9s - 159ms/step - loss: 0.6221 - val_loss: 0.6409
Epoch 117/200
55/55 - 9s - 159ms/step - loss: 0.6221 - val_loss: 0.6408
Epoch 118/200
55/55 - 9s - 158ms/step - loss: 0.6220 - val_loss: 0.6407
Epoch 119/200
55/55 - 9s - 158ms/step - loss: 0.6220 - val_loss: 0.6406
Epoch 120/200
55/55 - 9s - 160ms/step - loss: 0.6219 - val_loss: 0.6405
Epoch 121/200
55/55 - 9s - 158ms/step - loss: 0.6219 - val_loss: 0.6405
Epoch 122/200
55/55 - 9s - 158ms/step - loss: 0.6218 - val_loss: 0.6405
Epoch 123/200
55/55 - 9s - 159ms/step - loss: 0.6218 - val_loss: 0.6406
Epoch 124/200
55/55 - 9s - 159ms/step - loss: 0.6217 - val_loss: 0.6404
Epoch 125/200
55/55 - 9s - 158ms/step - loss: 0.6217 - val_loss: 0.6403
Epoch 126/200
55/55 - 9s - 159ms/step - loss: 0.6216 - val_loss: 0.6402
Epoch 127/200
55/55 - 9s - 159ms/step - loss: 0.6216 - val_loss: 0.6401
Epoch 128/200
55/55 - 9s - 159ms/step - loss: 0.6215 - val_loss: 0.6401
Epoch 129/200
55/55 - 9s - 159ms/step - loss: 0.6215 - val_loss: 0.6400
Epoch 130/200
55/55 - 9s - 159ms/step - loss: 0.6215 - val_loss: 0.6400
Epoch 131/200
55/55 - 9s - 158ms/step - loss: 0.6214 - val_loss: 0.6401
Epoch 132/200
55/55 - 9s - 159ms/step - loss: 0.6214 - val_loss: 0.6400
Epoch 133/200
55/55 - 9s - 158ms/step - loss: 0.6213 - val_loss: 0.6399
Epoch 134/200
55/55 - 9s - 159ms/step - loss: 0.6213 - val_loss: 0.6398
Epoch 135/200
55/55 - 9s - 159ms/step - loss: 0.6213 - val_loss: 0.6398
Epoch 136/200
55/55 - 9s - 158ms/step - loss: 0.6212 - val_loss: 0.6398
Epoch 137/200
55/55 - 9s - 159ms/step - loss: 0.6212 - val_loss: 0.6397
Epoch 138/200
55/55 - 9s - 159ms/step - loss: 0.6212 - val_loss: 0.6396
Epoch 139/200
55/55 - 9s - 158ms/step - loss: 0.6211 - val_loss: 0.6396
Epoch 140/200
55/55 - 9s - 159ms/step - loss: 0.6211 - val_loss: 0.6396
Epoch 141/200
55/55 - 9s - 159ms/step - loss: 0.6211 - val_loss: 0.6396
Epoch 142/200
55/55 - 9s - 159ms/step - loss: 0.6210 - val_loss: 0.6396
Epoch 143/200
55/55 - 9s - 159ms/step - loss: 0.6210 - val_loss: 0.6395
Epoch 144/200
55/55 - 9s - 159ms/step - loss: 0.6210 - val_loss: 0.6396
Epoch 145/200
55/55 - 9s - 159ms/step - loss: 0.6209 - val_loss: 0.6395
Epoch 146/200
55/55 - 9s - 159ms/step - loss: 0.6209 - val_loss: 0.6395
Epoch 147/200
55/55 - 9s - 159ms/step - loss: 0.6209 - val_loss: 0.6395
Epoch 148/200
55/55 - 9s - 159ms/step - loss: 0.6208 - val_loss: 0.6394
Epoch 149/200
55/55 - 9s - 158ms/step - loss: 0.6208 - val_loss: 0.6395
Epoch 150/200
55/55 - 9s - 159ms/step - loss: 0.6208 - val_loss: 0.6395
Epoch 151/200
55/55 - 9s - 158ms/step - loss: 0.6207 - val_loss: 0.6394
Epoch 152/200
55/55 - 9s - 159ms/step - loss: 0.6207 - val_loss: 0.6394
Epoch 153/200
55/55 - 9s - 159ms/step - loss: 0.6207 - val_loss: 0.6393
Epoch 154/200
55/55 - 9s - 158ms/step - loss: 0.6206 - val_loss: 0.6393
Epoch 155/200
55/55 - 9s - 159ms/step - loss: 0.6206 - val_loss: 0.6394
Epoch 156/200
55/55 - 9s - 158ms/step - loss: 0.6206 - val_loss: 0.6392
Epoch 157/200
55/55 - 9s - 159ms/step - loss: 0.6206 - val_loss: 0.6392
Epoch 158/200
55/55 - 9s - 159ms/step - loss: 0.6205 - val_loss: 0.6392
Epoch 159/200
55/55 - 9s - 158ms/step - loss: 0.6205 - val_loss: 0.6391
Epoch 160/200
55/55 - 9s - 160ms/step - loss: 0.6205 - val_loss: 0.6392
Epoch 161/200
55/55 - 9s - 159ms/step - loss: 0.6204 - val_loss: 0.6391
Epoch 162/200
55/55 - 9s - 158ms/step - loss: 0.6204 - val_loss: 0.6390
Epoch 163/200
55/55 - 9s - 159ms/step - loss: 0.6204 - val_loss: 0.6391
Epoch 164/200
55/55 - 9s - 158ms/step - loss: 0.6204 - val_loss: 0.6391
Epoch 165/200
55/55 - 9s - 158ms/step - loss: 0.6203 - val_loss: 0.6391
Epoch 166/200
55/55 - 9s - 159ms/step - loss: 0.6203 - val_loss: 0.6390
Epoch 167/200
55/55 - 9s - 159ms/step - loss: 0.6203 - val_loss: 0.6390
Epoch 168/200
55/55 - 9s - 158ms/step - loss: 0.6203 - val_loss: 0.6389
Epoch 169/200
55/55 - 9s - 159ms/step - loss: 0.6203 - val_loss: 0.6390
Epoch 170/200
55/55 - 9s - 160ms/step - loss: 0.6202 - val_loss: 0.6389
Epoch 171/200
55/55 - 9s - 159ms/step - loss: 0.6202 - val_loss: 0.6390
Epoch 172/200
55/55 - 9s - 159ms/step - loss: 0.6202 - val_loss: 0.6389
[Run 2/5] Training single encoder baseline (baseline preprocessing, linear structure, linear head)...
[Run 3/5] Training shared encoder (unweighted, linear head)...
Epoch 1/200
55/55 - 10s - 180ms/step - loss: 0.7390 - val_loss: 0.6770
Epoch 2/200
55/55 - 9s - 158ms/step - loss: 0.6765 - val_loss: 0.6556
Epoch 3/200
55/55 - 8s - 150ms/step - loss: 0.6581 - val_loss: 0.6435
Epoch 4/200
55/55 - 8s - 153ms/step - loss: 0.6455 - val_loss: 0.6356
Epoch 5/200
55/55 - 8s - 154ms/step - loss: 0.6370 - val_loss: 0.6305
Epoch 6/200
55/55 - 9s - 155ms/step - loss: 0.6309 - val_loss: 0.6266
Epoch 7/200
55/55 - 8s - 155ms/step - loss: 0.6264 - val_loss: 0.6235
Epoch 8/200
55/55 - 9s - 155ms/step - loss: 0.6230 - val_loss: 0.6209
Epoch 9/200
55/55 - 9s - 155ms/step - loss: 0.6204 - val_loss: 0.6189
Epoch 10/200
55/55 - 8s - 154ms/step - loss: 0.6182 - val_loss: 0.6173
Epoch 11/200
55/55 - 9s - 155ms/step - loss: 0.6163 - val_loss: 0.6160
Epoch 12/200
55/55 - 9s - 155ms/step - loss: 0.6147 - val_loss: 0.6151
Epoch 13/200
55/55 - 9s - 155ms/step - loss: 0.6133 - val_loss: 0.6142
Epoch 14/200
55/55 - 9s - 155ms/step - loss: 0.6120 - val_loss: 0.6135
Epoch 15/200
55/55 - 8s - 154ms/step - loss: 0.6109 - val_loss: 0.6126
Epoch 16/200
55/55 - 8s - 154ms/step - loss: 0.6100 - val_loss: 0.6120
Epoch 17/200
55/55 - 8s - 154ms/step - loss: 0.6091 - val_loss: 0.6114
Epoch 18/200
55/55 - 8s - 154ms/step - loss: 0.6083 - val_loss: 0.6109
Epoch 19/200
55/55 - 9s - 155ms/step - loss: 0.6076 - val_loss: 0.6104
Epoch 20/200
55/55 - 9s - 155ms/step - loss: 0.6069 - val_loss: 0.6100
Epoch 21/200
55/55 - 9s - 155ms/step - loss: 0.6062 - val_loss: 0.6095
Epoch 22/200
55/55 - 9s - 155ms/step - loss: 0.6056 - val_loss: 0.6091
Epoch 23/200
55/55 - 9s - 155ms/step - loss: 0.6051 - val_loss: 0.6087
Epoch 24/200
55/55 - 9s - 155ms/step - loss: 0.6046 - val_loss: 0.6083
Epoch 25/200
55/55 - 9s - 156ms/step - loss: 0.6041 - val_loss: 0.6079
Epoch 26/200
55/55 - 9s - 155ms/step - loss: 0.6036 - val_loss: 0.6077
Epoch 27/200
55/55 - 9s - 155ms/step - loss: 0.6031 - val_loss: 0.6073
Epoch 28/200
55/55 - 8s - 154ms/step - loss: 0.6027 - val_loss: 0.6070
Epoch 29/200
55/55 - 8s - 154ms/step - loss: 0.6023 - val_loss: 0.6067
Epoch 30/200
55/55 - 9s - 155ms/step - loss: 0.6020 - val_loss: 0.6065
Epoch 31/200
55/55 - 9s - 155ms/step - loss: 0.6016 - val_loss: 0.6062
Epoch 32/200
55/55 - 8s - 154ms/step - loss: 0.6013 - val_loss: 0.6059
Epoch 33/200
55/55 - 8s - 154ms/step - loss: 0.6010 - val_loss: 0.6057
Epoch 34/200
55/55 - 8s - 154ms/step - loss: 0.6006 - val_loss: 0.6056
Epoch 35/200
55/55 - 8s - 154ms/step - loss: 0.6003 - val_loss: 0.6053
Epoch 36/200
55/55 - 8s - 154ms/step - loss: 0.6001 - val_loss: 0.6052
Epoch 37/200
55/55 - 8s - 154ms/step - loss: 0.5998 - val_loss: 0.6050
Epoch 38/200
55/55 - 8s - 154ms/step - loss: 0.5995 - val_loss: 0.6048
Epoch 39/200
55/55 - 8s - 154ms/step - loss: 0.5992 - val_loss: 0.6047
Epoch 40/200
55/55 - 8s - 154ms/step - loss: 0.5990 - val_loss: 0.6045
Epoch 41/200
55/55 - 8s - 154ms/step - loss: 0.5987 - val_loss: 0.6043
Epoch 42/200
55/55 - 9s - 155ms/step - loss: 0.5985 - val_loss: 0.6041
Epoch 43/200
55/55 - 8s - 154ms/step - loss: 0.5982 - val_loss: 0.6040
Epoch 44/200
55/55 - 8s - 154ms/step - loss: 0.5980 - val_loss: 0.6038
Epoch 45/200
55/55 - 9s - 155ms/step - loss: 0.5978 - val_loss: 0.6037
Epoch 46/200
55/55 - 8s - 154ms/step - loss: 0.5976 - val_loss: 0.6035
Epoch 47/200
55/55 - 8s - 154ms/step - loss: 0.5974 - val_loss: 0.6034
Epoch 48/200
55/55 - 8s - 154ms/step - loss: 0.5972 - val_loss: 0.6033
Epoch 49/200
55/55 - 8s - 154ms/step - loss: 0.5970 - val_loss: 0.6031
Epoch 50/200
55/55 - 9s - 155ms/step - loss: 0.5968 - val_loss: 0.6031
Epoch 51/200
55/55 - 8s - 154ms/step - loss: 0.5967 - val_loss: 0.6029
Epoch 52/200
55/55 - 8s - 154ms/step - loss: 0.5965 - val_loss: 0.6028
Epoch 53/200
55/55 - 8s - 154ms/step - loss: 0.5963 - val_loss: 0.6026
Epoch 54/200
55/55 - 9s - 155ms/step - loss: 0.5962 - val_loss: 0.6026
Epoch 55/200
55/55 - 8s - 154ms/step - loss: 0.5961 - val_loss: 0.6024
Epoch 56/200
55/55 - 8s - 154ms/step - loss: 0.5959 - val_loss: 0.6023
Epoch 57/200
55/55 - 9s - 157ms/step - loss: 0.5958 - val_loss: 0.6023
Epoch 58/200
55/55 - 8s - 155ms/step - loss: 0.5956 - val_loss: 0.6022
Epoch 59/200
55/55 - 8s - 154ms/step - loss: 0.5955 - val_loss: 0.6020
Epoch 60/200
55/55 - 8s - 154ms/step - loss: 0.5954 - val_loss: 0.6020
Epoch 61/200
55/55 - 8s - 154ms/step - loss: 0.5952 - val_loss: 0.6019
Epoch 62/200
55/55 - 8s - 154ms/step - loss: 0.5951 - val_loss: 0.6018
Epoch 63/200
55/55 - 9s - 155ms/step - loss: 0.5950 - val_loss: 0.6017
Epoch 64/200
55/55 - 8s - 153ms/step - loss: 0.5949 - val_loss: 0.6017
Epoch 65/200
55/55 - 8s - 154ms/step - loss: 0.5948 - val_loss: 0.6016
Epoch 66/200
55/55 - 8s - 154ms/step - loss: 0.5947 - val_loss: 0.6015
Epoch 67/200
55/55 - 8s - 154ms/step - loss: 0.5945 - val_loss: 0.6015
Epoch 68/200
55/55 - 8s - 154ms/step - loss: 0.5944 - val_loss: 0.6014
Epoch 69/200
55/55 - 8s - 154ms/step - loss: 0.5943 - val_loss: 0.6013
Epoch 70/200
55/55 - 8s - 154ms/step - loss: 0.5942 - val_loss: 0.6012
Epoch 71/200
55/55 - 8s - 154ms/step - loss: 0.5941 - val_loss: 0.6011
Epoch 72/200
55/55 - 8s - 154ms/step - loss: 0.5940 - val_loss: 0.6010
Epoch 73/200
55/55 - 8s - 154ms/step - loss: 0.5940 - val_loss: 0.6010
Epoch 74/200
55/55 - 8s - 154ms/step - loss: 0.5939 - val_loss: 0.6009
Epoch 75/200
55/55 - 8s - 153ms/step - loss: 0.5938 - val_loss: 0.6009
Epoch 76/200
55/55 - 8s - 154ms/step - loss: 0.5937 - val_loss: 0.6007
Epoch 77/200
55/55 - 8s - 154ms/step - loss: 0.5936 - val_loss: 0.6007
Epoch 78/200
55/55 - 8s - 154ms/step - loss: 0.5936 - val_loss: 0.6006
Epoch 79/200
55/55 - 8s - 154ms/step - loss: 0.5935 - val_loss: 0.6006
Epoch 80/200
55/55 - 8s - 154ms/step - loss: 0.5934 - val_loss: 0.6005
Epoch 81/200
55/55 - 8s - 154ms/step - loss: 0.5934 - val_loss: 0.6006
Epoch 82/200
55/55 - 8s - 155ms/step - loss: 0.5933 - val_loss: 0.6005
Epoch 83/200
55/55 - 8s - 153ms/step - loss: 0.5932 - val_loss: 0.6004
Epoch 84/200
55/55 - 8s - 154ms/step - loss: 0.5932 - val_loss: 0.6004
Epoch 85/200
55/55 - 8s - 154ms/step - loss: 0.5931 - val_loss: 0.6003
Epoch 86/200
55/55 - 8s - 154ms/step - loss: 0.5931 - val_loss: 0.6003
Epoch 87/200
55/55 - 8s - 154ms/step - loss: 0.5930 - val_loss: 0.6003
Epoch 88/200
55/55 - 8s - 154ms/step - loss: 0.5930 - val_loss: 0.6003
Epoch 89/200
55/55 - 8s - 154ms/step - loss: 0.5929 - val_loss: 0.6002
Epoch 90/200
55/55 - 9s - 155ms/step - loss: 0.5928 - val_loss: 0.6002
Epoch 91/200
55/55 - 8s - 154ms/step - loss: 0.5928 - val_loss: 0.6002
Epoch 92/200
55/55 - 8s - 154ms/step - loss: 0.5927 - val_loss: 0.6001
Epoch 93/200
55/55 - 8s - 154ms/step - loss: 0.5927 - val_loss: 0.6001
Epoch 94/200
55/55 - 9s - 155ms/step - loss: 0.5927 - val_loss: 0.6001
Epoch 95/200
55/55 - 8s - 154ms/step - loss: 0.5926 - val_loss: 0.6001
Epoch 96/200
55/55 - 8s - 154ms/step - loss: 0.5926 - val_loss: 0.6001
Epoch 97/200
55/55 - 8s - 154ms/step - loss: 0.5925 - val_loss: 0.6000
Epoch 98/200
55/55 - 8s - 154ms/step - loss: 0.5925 - val_loss: 0.5999
Epoch 99/200
55/55 - 8s - 154ms/step - loss: 0.5924 - val_loss: 0.5999
Epoch 100/200
55/55 - 8s - 155ms/step - loss: 0.5924 - val_loss: 0.5999
Epoch 101/200
55/55 - 8s - 154ms/step - loss: 0.5924 - val_loss: 0.5998
Epoch 102/200
55/55 - 8s - 154ms/step - loss: 0.5923 - val_loss: 0.5998
Epoch 103/200
55/55 - 9s - 155ms/step - loss: 0.5923 - val_loss: 0.5997
Epoch 104/200
55/55 - 8s - 154ms/step - loss: 0.5922 - val_loss: 0.5997
Epoch 105/200
55/55 - 8s - 154ms/step - loss: 0.5922 - val_loss: 0.5997
Epoch 106/200
55/55 - 9s - 155ms/step - loss: 0.5922 - val_loss: 0.5997
Epoch 107/200
55/55 - 8s - 154ms/step - loss: 0.5921 - val_loss: 0.5996
Epoch 108/200
55/55 - 8s - 155ms/step - loss: 0.5921 - val_loss: 0.5996
Epoch 109/200
55/55 - 9s - 155ms/step - loss: 0.5920 - val_loss: 0.5996
Epoch 110/200
55/55 - 9s - 155ms/step - loss: 0.5920 - val_loss: 0.5996
Epoch 111/200
55/55 - 8s - 154ms/step - loss: 0.5920 - val_loss: 0.5996
Epoch 112/200
55/55 - 8s - 154ms/step - loss: 0.5920 - val_loss: 0.5996
Epoch 113/200
55/55 - 9s - 155ms/step - loss: 0.5919 - val_loss: 0.5995
Epoch 114/200
55/55 - 8s - 154ms/step - loss: 0.5919 - val_loss: 0.5995
Epoch 115/200
55/55 - 8s - 154ms/step - loss: 0.5919 - val_loss: 0.5995
Epoch 116/200
55/55 - 8s - 154ms/step - loss: 0.5918 - val_loss: 0.5995
Epoch 117/200
55/55 - 8s - 154ms/step - loss: 0.5918 - val_loss: 0.5995
Epoch 118/200
55/55 - 8s - 154ms/step - loss: 0.5918 - val_loss: 0.5995
Epoch 119/200
55/55 - 8s - 153ms/step - loss: 0.5918 - val_loss: 0.5995
Epoch 120/200
55/55 - 8s - 153ms/step - loss: 0.5917 - val_loss: 0.5995
Epoch 121/200
55/55 - 8s - 154ms/step - loss: 0.5917 - val_loss: 0.5995
Epoch 122/200
55/55 - 9s - 155ms/step - loss: 0.5917 - val_loss: 0.5995
Epoch 123/200
55/55 - 8s - 154ms/step - loss: 0.5917 - val_loss: 0.5994
Epoch 124/200
55/55 - 9s - 155ms/step - loss: 0.5916 - val_loss: 0.5994
Epoch 125/200
55/55 - 8s - 154ms/step - loss: 0.5916 - val_loss: 0.5994
Epoch 126/200
55/55 - 8s - 154ms/step - loss: 0.5916 - val_loss: 0.5993
Epoch 127/200
55/55 - 8s - 155ms/step - loss: 0.5915 - val_loss: 0.5993
Epoch 128/200
55/55 - 9s - 155ms/step - loss: 0.5915 - val_loss: 0.5993
Epoch 129/200
55/55 - 8s - 154ms/step - loss: 0.5915 - val_loss: 0.5993
Epoch 130/200
55/55 - 8s - 154ms/step - loss: 0.5915 - val_loss: 0.5992
Epoch 131/200
55/55 - 9s - 156ms/step - loss: 0.5915 - val_loss: 0.5993
Epoch 132/200
55/55 - 9s - 156ms/step - loss: 0.5914 - val_loss: 0.5992
Epoch 133/200
55/55 - 9s - 157ms/step - loss: 0.5914 - val_loss: 0.5993
Epoch 134/200
55/55 - 9s - 156ms/step - loss: 0.5914 - val_loss: 0.5992
Epoch 135/200
55/55 - 9s - 156ms/step - loss: 0.5913 - val_loss: 0.5992
Epoch 136/200
55/55 - 9s - 155ms/step - loss: 0.5913 - val_loss: 0.5992
Epoch 137/200
55/55 - 9s - 155ms/step - loss: 0.5913 - val_loss: 0.5991
Epoch 138/200
55/55 - 9s - 155ms/step - loss: 0.5913 - val_loss: 0.5991
Epoch 139/200
55/55 - 9s - 156ms/step - loss: 0.5913 - val_loss: 0.5991
Epoch 140/200
55/55 - 9s - 155ms/step - loss: 0.5912 - val_loss: 0.5991
Epoch 141/200
55/55 - 9s - 156ms/step - loss: 0.5912 - val_loss: 0.5990
Epoch 142/200
55/55 - 9s - 156ms/step - loss: 0.5912 - val_loss: 0.5990
Epoch 143/200
55/55 - 9s - 155ms/step - loss: 0.5912 - val_loss: 0.5990
Epoch 144/200
55/55 - 9s - 155ms/step - loss: 0.5912 - val_loss: 0.5990
Epoch 145/200
55/55 - 9s - 155ms/step - loss: 0.5911 - val_loss: 0.5990
Epoch 146/200
55/55 - 9s - 155ms/step - loss: 0.5911 - val_loss: 0.5990
Epoch 147/200
55/55 - 9s - 156ms/step - loss: 0.5911 - val_loss: 0.5990
Epoch 148/200
55/55 - 9s - 155ms/step - loss: 0.5911 - val_loss: 0.5989
Epoch 149/200
55/55 - 8s - 154ms/step - loss: 0.5911 - val_loss: 0.5989
Epoch 150/200
55/55 - 9s - 155ms/step - loss: 0.5910 - val_loss: 0.5989
Epoch 151/200
55/55 - 8s - 154ms/step - loss: 0.5910 - val_loss: 0.5989
Epoch 152/200
55/55 - 8s - 154ms/step - loss: 0.5910 - val_loss: 0.5989
Epoch 153/200
55/55 - 8s - 154ms/step - loss: 0.5910 - val_loss: 0.5989
Epoch 154/200
55/55 - 8s - 154ms/step - loss: 0.5910 - val_loss: 0.5989
Epoch 155/200
55/55 - 8s - 154ms/step - loss: 0.5909 - val_loss: 0.5988
Epoch 156/200
55/55 - 8s - 153ms/step - loss: 0.5909 - val_loss: 0.5988
Epoch 157/200
55/55 - 9s - 155ms/step - loss: 0.5909 - val_loss: 0.5989
Epoch 158/200
55/55 - 8s - 154ms/step - loss: 0.5909 - val_loss: 0.5988
Epoch 159/200
55/55 - 9s - 155ms/step - loss: 0.5909 - val_loss: 0.5988
Epoch 160/200
55/55 - 8s - 154ms/step - loss: 0.5909 - val_loss: 0.5988
Epoch 161/200
55/55 - 8s - 154ms/step - loss: 0.5908 - val_loss: 0.5988
Epoch 162/200
55/55 - 8s - 154ms/step - loss: 0.5908 - val_loss: 0.5987
Epoch 163/200
55/55 - 8s - 154ms/step - loss: 0.5908 - val_loss: 0.5988
Epoch 164/200
55/55 - 9s - 155ms/step - loss: 0.5908 - val_loss: 0.5987
Epoch 165/200
55/55 - 8s - 154ms/step - loss: 0.5908 - val_loss: 0.5987
Epoch 166/200
55/55 - 8s - 154ms/step - loss: 0.5908 - val_loss: 0.5987
Epoch 167/200
55/55 - 8s - 154ms/step - loss: 0.5908 - val_loss: 0.5986
Epoch 168/200
55/55 - 8s - 154ms/step - loss: 0.5907 - val_loss: 0.5987
Epoch 169/200
55/55 - 8s - 154ms/step - loss: 0.5907 - val_loss: 0.5986
Epoch 170/200
55/55 - 8s - 154ms/step - loss: 0.5907 - val_loss: 0.5986
Epoch 171/200
55/55 - 8s - 154ms/step - loss: 0.5907 - val_loss: 0.5986
Epoch 172/200
55/55 - 8s - 154ms/step - loss: 0.5907 - val_loss: 0.5986
Epoch 173/200
55/55 - 8s - 154ms/step - loss: 0.5906 - val_loss: 0.5986
Epoch 174/200
55/55 - 8s - 155ms/step - loss: 0.5906 - val_loss: 0.5985
Epoch 175/200
55/55 - 9s - 155ms/step - loss: 0.5906 - val_loss: 0.5985
Epoch 176/200
55/55 - 8s - 154ms/step - loss: 0.5906 - val_loss: 0.5985
Epoch 177/200
55/55 - 8s - 154ms/step - loss: 0.5906 - val_loss: 0.5985
Epoch 178/200
55/55 - 9s - 155ms/step - loss: 0.5906 - val_loss: 0.5985
Epoch 179/200
55/55 - 8s - 154ms/step - loss: 0.5906 - val_loss: 0.5985
Epoch 180/200
55/55 - 8s - 154ms/step - loss: 0.5905 - val_loss: 0.5985
Epoch 181/200
55/55 - 8s - 154ms/step - loss: 0.5905 - val_loss: 0.5984
Epoch 182/200
55/55 - 8s - 154ms/step - loss: 0.5905 - val_loss: 0.5984
Epoch 183/200
55/55 - 9s - 155ms/step - loss: 0.5905 - val_loss: 0.5984
Epoch 184/200
55/55 - 8s - 154ms/step - loss: 0.5905 - val_loss: 0.5984
Epoch 185/200
55/55 - 8s - 154ms/step - loss: 0.5905 - val_loss: 0.5984
Epoch 186/200
55/55 - 8s - 154ms/step - loss: 0.5905 - val_loss: 0.5984
Epoch 187/200
55/55 - 8s - 154ms/step - loss: 0.5904 - val_loss: 0.5984
Epoch 188/200
55/55 - 8s - 154ms/step - loss: 0.5904 - val_loss: 0.5983
Epoch 189/200
55/55 - 8s - 154ms/step - loss: 0.5904 - val_loss: 0.5983
Epoch 190/200
55/55 - 9s - 155ms/step - loss: 0.5904 - val_loss: 0.5983
Epoch 191/200
55/55 - 8s - 154ms/step - loss: 0.5904 - val_loss: 0.5983
Epoch 192/200
55/55 - 8s - 154ms/step - loss: 0.5904 - val_loss: 0.5983
Epoch 193/200
55/55 - 9s - 155ms/step - loss: 0.5904 - val_loss: 0.5983
Epoch 194/200
55/55 - 8s - 154ms/step - loss: 0.5904 - val_loss: 0.5983
Epoch 195/200
55/55 - 8s - 154ms/step - loss: 0.5904 - val_loss: 0.5983
Epoch 196/200
55/55 - 9s - 157ms/step - loss: 0.5903 - val_loss: 0.5982
Epoch 197/200
55/55 - 9s - 156ms/step - loss: 0.5903 - val_loss: 0.5982
Epoch 198/200
55/55 - 9s - 155ms/step - loss: 0.5903 - val_loss: 0.5982
Epoch 199/200
55/55 - 9s - 156ms/step - loss: 0.5903 - val_loss: 0.5982
Epoch 200/200
55/55 - 8s - 154ms/step - loss: 0.5903 - val_loss: 0.5982
[Run 3/5] Training shared encoder (weighted, linear head)...
Epoch 1/200
55/55 - 10s - 185ms/step - loss: 0.9465 - val_loss: 0.8247
Epoch 2/200
55/55 - 9s - 162ms/step - loss: 0.7718 - val_loss: 0.7452
Epoch 3/200
55/55 - 8s - 153ms/step - loss: 0.7273 - val_loss: 0.7147
Epoch 4/200
55/55 - 9s - 157ms/step - loss: 0.7043 - val_loss: 0.6941
Epoch 5/200
55/55 - 9s - 159ms/step - loss: 0.6877 - val_loss: 0.6791
Epoch 6/200
55/55 - 9s - 158ms/step - loss: 0.6754 - val_loss: 0.6691
Epoch 7/200
55/55 - 9s - 160ms/step - loss: 0.6666 - val_loss: 0.6622
Epoch 8/200
55/55 - 9s - 159ms/step - loss: 0.6602 - val_loss: 0.6578
Epoch 9/200
55/55 - 9s - 158ms/step - loss: 0.6551 - val_loss: 0.6542
Epoch 10/200
55/55 - 9s - 158ms/step - loss: 0.6511 - val_loss: 0.6509
Epoch 11/200
55/55 - 9s - 158ms/step - loss: 0.6478 - val_loss: 0.6483
Epoch 12/200
55/55 - 9s - 158ms/step - loss: 0.6453 - val_loss: 0.6461
Epoch 13/200
55/55 - 9s - 158ms/step - loss: 0.6431 - val_loss: 0.6442
Epoch 14/200
55/55 - 9s - 159ms/step - loss: 0.6412 - val_loss: 0.6426
Epoch 15/200
55/55 - 9s - 158ms/step - loss: 0.6396 - val_loss: 0.6413
Epoch 16/200
55/55 - 9s - 158ms/step - loss: 0.6381 - val_loss: 0.6402
Epoch 17/200
55/55 - 9s - 158ms/step - loss: 0.6368 - val_loss: 0.6391
Epoch 18/200
55/55 - 9s - 158ms/step - loss: 0.6356 - val_loss: 0.6380
Epoch 19/200
55/55 - 9s - 158ms/step - loss: 0.6345 - val_loss: 0.6370
Epoch 20/200
55/55 - 9s - 158ms/step - loss: 0.6335 - val_loss: 0.6362
Epoch 21/200
55/55 - 9s - 158ms/step - loss: 0.6325 - val_loss: 0.6354
Epoch 22/200
55/55 - 9s - 158ms/step - loss: 0.6317 - val_loss: 0.6347
Epoch 23/200
55/55 - 9s - 158ms/step - loss: 0.6309 - val_loss: 0.6341
Epoch 24/200
55/55 - 9s - 159ms/step - loss: 0.6301 - val_loss: 0.6335
Epoch 25/200
55/55 - 9s - 158ms/step - loss: 0.6295 - val_loss: 0.6329
Epoch 26/200
55/55 - 9s - 159ms/step - loss: 0.6288 - val_loss: 0.6322
Epoch 27/200
55/55 - 9s - 158ms/step - loss: 0.6282 - val_loss: 0.6316
Epoch 28/200
55/55 - 9s - 159ms/step - loss: 0.6276 - val_loss: 0.6310
Epoch 29/200
55/55 - 9s - 159ms/step - loss: 0.6271 - val_loss: 0.6306
Epoch 30/200
55/55 - 9s - 158ms/step - loss: 0.6265 - val_loss: 0.6301
Epoch 31/200
55/55 - 9s - 158ms/step - loss: 0.6260 - val_loss: 0.6298
Epoch 32/200
55/55 - 9s - 158ms/step - loss: 0.6255 - val_loss: 0.6294
Epoch 33/200
55/55 - 9s - 158ms/step - loss: 0.6251 - val_loss: 0.6289
Epoch 34/200
55/55 - 9s - 158ms/step - loss: 0.6246 - val_loss: 0.6284
Epoch 35/200
55/55 - 9s - 158ms/step - loss: 0.6242 - val_loss: 0.6280
Epoch 36/200
55/55 - 9s - 159ms/step - loss: 0.6238 - val_loss: 0.6276
Epoch 37/200
55/55 - 9s - 158ms/step - loss: 0.6234 - val_loss: 0.6273
Epoch 38/200
55/55 - 9s - 158ms/step - loss: 0.6231 - val_loss: 0.6270
Epoch 39/200
55/55 - 9s - 159ms/step - loss: 0.6227 - val_loss: 0.6266
Epoch 40/200
55/55 - 9s - 159ms/step - loss: 0.6223 - val_loss: 0.6263
Epoch 41/200
55/55 - 9s - 158ms/step - loss: 0.6220 - val_loss: 0.6259
Epoch 42/200
55/55 - 9s - 158ms/step - loss: 0.6217 - val_loss: 0.6257
Epoch 43/200
55/55 - 9s - 158ms/step - loss: 0.6213 - val_loss: 0.6253
Epoch 44/200
55/55 - 9s - 158ms/step - loss: 0.6211 - val_loss: 0.6251
Epoch 45/200
55/55 - 9s - 158ms/step - loss: 0.6208 - val_loss: 0.6248
Epoch 46/200
55/55 - 9s - 158ms/step - loss: 0.6205 - val_loss: 0.6245
Epoch 47/200
55/55 - 9s - 159ms/step - loss: 0.6202 - val_loss: 0.6242
Epoch 48/200
55/55 - 9s - 158ms/step - loss: 0.6199 - val_loss: 0.6240
Epoch 49/200
55/55 - 9s - 158ms/step - loss: 0.6197 - val_loss: 0.6237
Epoch 50/200
55/55 - 9s - 159ms/step - loss: 0.6195 - val_loss: 0.6234
Epoch 51/200
55/55 - 9s - 157ms/step - loss: 0.6192 - val_loss: 0.6231
Epoch 52/200
55/55 - 9s - 158ms/step - loss: 0.6190 - val_loss: 0.6228
Epoch 53/200
55/55 - 9s - 158ms/step - loss: 0.6188 - val_loss: 0.6226
Epoch 54/200
55/55 - 9s - 158ms/step - loss: 0.6186 - val_loss: 0.6223
Epoch 55/200
55/55 - 9s - 158ms/step - loss: 0.6184 - val_loss: 0.6221
Epoch 56/200
55/55 - 9s - 157ms/step - loss: 0.6183 - val_loss: 0.6219
Epoch 57/200
55/55 - 9s - 158ms/step - loss: 0.6181 - val_loss: 0.6216
Epoch 58/200
55/55 - 9s - 158ms/step - loss: 0.6179 - val_loss: 0.6214
Epoch 59/200
55/55 - 9s - 159ms/step - loss: 0.6177 - val_loss: 0.6213
Epoch 60/200
55/55 - 9s - 160ms/step - loss: 0.6176 - val_loss: 0.6210
Epoch 61/200
55/55 - 9s - 158ms/step - loss: 0.6174 - val_loss: 0.6208
Epoch 62/200
55/55 - 9s - 158ms/step - loss: 0.6173 - val_loss: 0.6206
Epoch 63/200
55/55 - 9s - 159ms/step - loss: 0.6171 - val_loss: 0.6205
Epoch 64/200
55/55 - 9s - 158ms/step - loss: 0.6170 - val_loss: 0.6203
Epoch 65/200
55/55 - 9s - 158ms/step - loss: 0.6168 - val_loss: 0.6202
Epoch 66/200
55/55 - 9s - 158ms/step - loss: 0.6167 - val_loss: 0.6200
Epoch 67/200
55/55 - 9s - 159ms/step - loss: 0.6166 - val_loss: 0.6199
Epoch 68/200
55/55 - 9s - 158ms/step - loss: 0.6165 - val_loss: 0.6198
Epoch 69/200
55/55 - 9s - 158ms/step - loss: 0.6164 - val_loss: 0.6196
Epoch 70/200
55/55 - 9s - 158ms/step - loss: 0.6162 - val_loss: 0.6195
Epoch 71/200
55/55 - 9s - 158ms/step - loss: 0.6161 - val_loss: 0.6194
Epoch 72/200
55/55 - 9s - 158ms/step - loss: 0.6160 - val_loss: 0.6194
Epoch 73/200
55/55 - 9s - 158ms/step - loss: 0.6159 - val_loss: 0.6192
Epoch 74/200
55/55 - 9s - 158ms/step - loss: 0.6158 - val_loss: 0.6191
Epoch 75/200
55/55 - 9s - 158ms/step - loss: 0.6157 - val_loss: 0.6190
Epoch 76/200
55/55 - 9s - 158ms/step - loss: 0.6156 - val_loss: 0.6189
Epoch 77/200
55/55 - 9s - 159ms/step - loss: 0.6155 - val_loss: 0.6188
Epoch 78/200
55/55 - 9s - 158ms/step - loss: 0.6155 - val_loss: 0.6187
Epoch 79/200
55/55 - 9s - 158ms/step - loss: 0.6154 - val_loss: 0.6185
Epoch 80/200
55/55 - 9s - 158ms/step - loss: 0.6153 - val_loss: 0.6184
Epoch 81/200
55/55 - 9s - 158ms/step - loss: 0.6152 - val_loss: 0.6184
Epoch 82/200
55/55 - 9s - 158ms/step - loss: 0.6151 - val_loss: 0.6183
Epoch 83/200
55/55 - 9s - 158ms/step - loss: 0.6150 - val_loss: 0.6181
Epoch 84/200
55/55 - 9s - 158ms/step - loss: 0.6150 - val_loss: 0.6181
Epoch 85/200
55/55 - 9s - 159ms/step - loss: 0.6149 - val_loss: 0.6180
Epoch 86/200
55/55 - 9s - 158ms/step - loss: 0.6148 - val_loss: 0.6180
Epoch 87/200
55/55 - 9s - 158ms/step - loss: 0.6147 - val_loss: 0.6178
Epoch 88/200
55/55 - 9s - 158ms/step - loss: 0.6146 - val_loss: 0.6178
Epoch 89/200
55/55 - 9s - 158ms/step - loss: 0.6145 - val_loss: 0.6177
Epoch 90/200
55/55 - 9s - 159ms/step - loss: 0.6145 - val_loss: 0.6176
Epoch 91/200
55/55 - 9s - 159ms/step - loss: 0.6144 - val_loss: 0.6176
Epoch 92/200
55/55 - 9s - 159ms/step - loss: 0.6143 - val_loss: 0.6175
Epoch 93/200
55/55 - 9s - 158ms/step - loss: 0.6143 - val_loss: 0.6175
Epoch 94/200
55/55 - 9s - 158ms/step - loss: 0.6142 - val_loss: 0.6174
Epoch 95/200
55/55 - 9s - 159ms/step - loss: 0.6141 - val_loss: 0.6174
Epoch 96/200
55/55 - 9s - 158ms/step - loss: 0.6141 - val_loss: 0.6174
Epoch 97/200
55/55 - 9s - 158ms/step - loss: 0.6140 - val_loss: 0.6173
Epoch 98/200
55/55 - 9s - 158ms/step - loss: 0.6139 - val_loss: 0.6172
Epoch 99/200
55/55 - 9s - 158ms/step - loss: 0.6139 - val_loss: 0.6171
Epoch 100/200
55/55 - 9s - 158ms/step - loss: 0.6138 - val_loss: 0.6170
Epoch 101/200
55/55 - 9s - 158ms/step - loss: 0.6138 - val_loss: 0.6169
Epoch 102/200
55/55 - 9s - 158ms/step - loss: 0.6137 - val_loss: 0.6168
Epoch 103/200
55/55 - 9s - 158ms/step - loss: 0.6136 - val_loss: 0.6167
Epoch 104/200
55/55 - 9s - 159ms/step - loss: 0.6136 - val_loss: 0.6167
Epoch 105/200
55/55 - 9s - 159ms/step - loss: 0.6135 - val_loss: 0.6166
Epoch 106/200
55/55 - 9s - 158ms/step - loss: 0.6135 - val_loss: 0.6166
Epoch 107/200
55/55 - 9s - 157ms/step - loss: 0.6134 - val_loss: 0.6165
Epoch 108/200
55/55 - 9s - 158ms/step - loss: 0.6134 - val_loss: 0.6164
Epoch 109/200
55/55 - 9s - 158ms/step - loss: 0.6133 - val_loss: 0.6164
Epoch 110/200
55/55 - 9s - 158ms/step - loss: 0.6133 - val_loss: 0.6164
Epoch 111/200
55/55 - 9s - 159ms/step - loss: 0.6132 - val_loss: 0.6163
Epoch 112/200
55/55 - 9s - 158ms/step - loss: 0.6132 - val_loss: 0.6163
Epoch 113/200
55/55 - 9s - 159ms/step - loss: 0.6132 - val_loss: 0.6162
Epoch 114/200
55/55 - 9s - 161ms/step - loss: 0.6131 - val_loss: 0.6161
Epoch 115/200
55/55 - 9s - 163ms/step - loss: 0.6131 - val_loss: 0.6161
Epoch 116/200
55/55 - 9s - 163ms/step - loss: 0.6130 - val_loss: 0.6161
Epoch 117/200
55/55 - 9s - 164ms/step - loss: 0.6130 - val_loss: 0.6160
Epoch 118/200
55/55 - 9s - 160ms/step - loss: 0.6130 - val_loss: 0.6159
Epoch 119/200
55/55 - 9s - 160ms/step - loss: 0.6129 - val_loss: 0.6160
Epoch 120/200
55/55 - 9s - 162ms/step - loss: 0.6129 - val_loss: 0.6159
Epoch 121/200
55/55 - 9s - 160ms/step - loss: 0.6128 - val_loss: 0.6159
Epoch 122/200
55/55 - 9s - 160ms/step - loss: 0.6128 - val_loss: 0.6159
Epoch 123/200
55/55 - 9s - 161ms/step - loss: 0.6128 - val_loss: 0.6158
Epoch 124/200
55/55 - 9s - 160ms/step - loss: 0.6127 - val_loss: 0.6158
Epoch 125/200
55/55 - 9s - 159ms/step - loss: 0.6127 - val_loss: 0.6156
Epoch 126/200
55/55 - 9s - 161ms/step - loss: 0.6126 - val_loss: 0.6156
Epoch 127/200
55/55 - 9s - 160ms/step - loss: 0.6126 - val_loss: 0.6156
Epoch 128/200
55/55 - 9s - 160ms/step - loss: 0.6126 - val_loss: 0.6156
Epoch 129/200
55/55 - 9s - 161ms/step - loss: 0.6126 - val_loss: 0.6155
Epoch 130/200
55/55 - 9s - 161ms/step - loss: 0.6125 - val_loss: 0.6155
Epoch 131/200
55/55 - 9s - 160ms/step - loss: 0.6125 - val_loss: 0.6155
Epoch 132/200
55/55 - 9s - 159ms/step - loss: 0.6124 - val_loss: 0.6155
Epoch 133/200
55/55 - 9s - 159ms/step - loss: 0.6124 - val_loss: 0.6154
Epoch 134/200
55/55 - 9s - 159ms/step - loss: 0.6124 - val_loss: 0.6154
Epoch 135/200
55/55 - 9s - 159ms/step - loss: 0.6124 - val_loss: 0.6153
Epoch 136/200
55/55 - 9s - 158ms/step - loss: 0.6124 - val_loss: 0.6153
Epoch 137/200
55/55 - 9s - 159ms/step - loss: 0.6123 - val_loss: 0.6153
Epoch 138/200
55/55 - 9s - 159ms/step - loss: 0.6123 - val_loss: 0.6152
Epoch 139/200
55/55 - 9s - 159ms/step - loss: 0.6122 - val_loss: 0.6152
Epoch 140/200
55/55 - 9s - 159ms/step - loss: 0.6122 - val_loss: 0.6152
Epoch 141/200
55/55 - 9s - 160ms/step - loss: 0.6122 - val_loss: 0.6152
Epoch 142/200
55/55 - 9s - 159ms/step - loss: 0.6122 - val_loss: 0.6151
Epoch 143/200
55/55 - 9s - 159ms/step - loss: 0.6121 - val_loss: 0.6151
Epoch 144/200
55/55 - 9s - 159ms/step - loss: 0.6121 - val_loss: 0.6150
Epoch 145/200
55/55 - 9s - 159ms/step - loss: 0.6121 - val_loss: 0.6150
Epoch 146/200
55/55 - 9s - 159ms/step - loss: 0.6121 - val_loss: 0.6149
Epoch 147/200
55/55 - 9s - 159ms/step - loss: 0.6120 - val_loss: 0.6149
Epoch 148/200
55/55 - 9s - 159ms/step - loss: 0.6121 - val_loss: 0.6149
Epoch 149/200
55/55 - 9s - 159ms/step - loss: 0.6120 - val_loss: 0.6149
Epoch 150/200
55/55 - 9s - 159ms/step - loss: 0.6120 - val_loss: 0.6148
Epoch 151/200
55/55 - 9s - 159ms/step - loss: 0.6119 - val_loss: 0.6147
Epoch 152/200
55/55 - 9s - 159ms/step - loss: 0.6119 - val_loss: 0.6148
Epoch 153/200
55/55 - 9s - 159ms/step - loss: 0.6119 - val_loss: 0.6147
Epoch 154/200
55/55 - 9s - 158ms/step - loss: 0.6119 - val_loss: 0.6148
Epoch 155/200
55/55 - 9s - 159ms/step - loss: 0.6119 - val_loss: 0.6147
Epoch 156/200
55/55 - 9s - 159ms/step - loss: 0.6119 - val_loss: 0.6147
Epoch 157/200
55/55 - 9s - 159ms/step - loss: 0.6118 - val_loss: 0.6146
Epoch 158/200
55/55 - 9s - 160ms/step - loss: 0.6118 - val_loss: 0.6147
Epoch 159/200
55/55 - 9s - 160ms/step - loss: 0.6118 - val_loss: 0.6146
Epoch 160/200
55/55 - 9s - 158ms/step - loss: 0.6118 - val_loss: 0.6146
Epoch 161/200
55/55 - 9s - 159ms/step - loss: 0.6118 - val_loss: 0.6146
Epoch 162/200
55/55 - 9s - 159ms/step - loss: 0.6117 - val_loss: 0.6146
Epoch 163/200
55/55 - 9s - 159ms/step - loss: 0.6117 - val_loss: 0.6145
Epoch 164/200
55/55 - 9s - 159ms/step - loss: 0.6117 - val_loss: 0.6144
Epoch 165/200
55/55 - 9s - 159ms/step - loss: 0.6117 - val_loss: 0.6145
Epoch 166/200
55/55 - 9s - 160ms/step - loss: 0.6117 - val_loss: 0.6145
Epoch 167/200
55/55 - 9s - 159ms/step - loss: 0.6117 - val_loss: 0.6145
Epoch 168/200
55/55 - 9s - 159ms/step - loss: 0.6116 - val_loss: 0.6145
Epoch 169/200
55/55 - 9s - 159ms/step - loss: 0.6116 - val_loss: 0.6145
Epoch 170/200
55/55 - 9s - 159ms/step - loss: 0.6116 - val_loss: 0.6144
Epoch 171/200
55/55 - 9s - 159ms/step - loss: 0.6116 - val_loss: 0.6144
Epoch 172/200
55/55 - 9s - 160ms/step - loss: 0.6116 - val_loss: 0.6145
Epoch 173/200
55/55 - 9s - 159ms/step - loss: 0.6116 - val_loss: 0.6144
[Run 3/5] Training single encoder baseline (baseline preprocessing, linear structure, linear head)...
[Run 4/5] Training shared encoder (unweighted, linear head)...
Epoch 1/200
55/55 - 10s - 175ms/step - loss: 0.9338 - val_loss: 0.7418
Epoch 2/200
55/55 - 9s - 158ms/step - loss: 0.6811 - val_loss: 0.6735
Epoch 3/200
55/55 - 8s - 149ms/step - loss: 0.6501 - val_loss: 0.6607
Epoch 4/200
55/55 - 8s - 151ms/step - loss: 0.6383 - val_loss: 0.6529
Epoch 5/200
55/55 - 8s - 154ms/step - loss: 0.6304 - val_loss: 0.6474
Epoch 6/200
55/55 - 8s - 154ms/step - loss: 0.6250 - val_loss: 0.6439
Epoch 7/200
55/55 - 8s - 153ms/step - loss: 0.6212 - val_loss: 0.6415
Epoch 8/200
55/55 - 8s - 154ms/step - loss: 0.6183 - val_loss: 0.6398
Epoch 9/200
55/55 - 9s - 155ms/step - loss: 0.6160 - val_loss: 0.6385
Epoch 10/200
55/55 - 8s - 153ms/step - loss: 0.6142 - val_loss: 0.6374
Epoch 11/200
55/55 - 8s - 154ms/step - loss: 0.6127 - val_loss: 0.6365
Epoch 12/200
55/55 - 8s - 154ms/step - loss: 0.6113 - val_loss: 0.6357
Epoch 13/200
55/55 - 8s - 154ms/step - loss: 0.6102 - val_loss: 0.6350
Epoch 14/200
55/55 - 8s - 154ms/step - loss: 0.6092 - val_loss: 0.6343
Epoch 15/200
55/55 - 8s - 154ms/step - loss: 0.6084 - val_loss: 0.6337
Epoch 16/200
55/55 - 8s - 154ms/step - loss: 0.6075 - val_loss: 0.6331
Epoch 17/200
55/55 - 9s - 155ms/step - loss: 0.6068 - val_loss: 0.6324
Epoch 18/200
55/55 - 9s - 155ms/step - loss: 0.6061 - val_loss: 0.6320
Epoch 19/200
55/55 - 8s - 154ms/step - loss: 0.6054 - val_loss: 0.6315
Epoch 20/200
55/55 - 8s - 154ms/step - loss: 0.6048 - val_loss: 0.6309
Epoch 21/200
55/55 - 9s - 155ms/step - loss: 0.6042 - val_loss: 0.6304
Epoch 22/200
55/55 - 8s - 154ms/step - loss: 0.6037 - val_loss: 0.6299
Epoch 23/200
55/55 - 8s - 154ms/step - loss: 0.6032 - val_loss: 0.6295
Epoch 24/200
55/55 - 8s - 154ms/step - loss: 0.6027 - val_loss: 0.6291
Epoch 25/200
55/55 - 9s - 156ms/step - loss: 0.6022 - val_loss: 0.6287
Epoch 26/200
55/55 - 8s - 154ms/step - loss: 0.6018 - val_loss: 0.6282
Epoch 27/200
55/55 - 8s - 154ms/step - loss: 0.6014 - val_loss: 0.6278
Epoch 28/200
55/55 - 8s - 153ms/step - loss: 0.6009 - val_loss: 0.6273
Epoch 29/200
55/55 - 8s - 154ms/step - loss: 0.6005 - val_loss: 0.6270
Epoch 30/200
55/55 - 8s - 154ms/step - loss: 0.6002 - val_loss: 0.6266
Epoch 31/200
55/55 - 8s - 154ms/step - loss: 0.5998 - val_loss: 0.6262
Epoch 32/200
55/55 - 8s - 153ms/step - loss: 0.5994 - val_loss: 0.6259
Epoch 33/200
55/55 - 8s - 154ms/step - loss: 0.5991 - val_loss: 0.6256
Epoch 34/200
55/55 - 8s - 153ms/step - loss: 0.5988 - val_loss: 0.6252
Epoch 35/200
55/55 - 8s - 153ms/step - loss: 0.5984 - val_loss: 0.6249
Epoch 36/200
55/55 - 8s - 153ms/step - loss: 0.5981 - val_loss: 0.6246
Epoch 37/200
55/55 - 8s - 153ms/step - loss: 0.5978 - val_loss: 0.6243
Epoch 38/200
55/55 - 8s - 153ms/step - loss: 0.5975 - val_loss: 0.6240
Epoch 39/200
55/55 - 8s - 153ms/step - loss: 0.5972 - val_loss: 0.6237
Epoch 40/200
55/55 - 9s - 157ms/step - loss: 0.5969 - val_loss: 0.6234
Epoch 41/200
55/55 - 8s - 154ms/step - loss: 0.5966 - val_loss: 0.6231
Epoch 42/200
55/55 - 8s - 154ms/step - loss: 0.5963 - val_loss: 0.6228
Epoch 43/200
55/55 - 8s - 154ms/step - loss: 0.5961 - val_loss: 0.6225
Epoch 44/200
55/55 - 8s - 154ms/step - loss: 0.5958 - val_loss: 0.6222
Epoch 45/200
55/55 - 8s - 154ms/step - loss: 0.5956 - val_loss: 0.6221
Epoch 46/200
55/55 - 8s - 153ms/step - loss: 0.5954 - val_loss: 0.6219
Epoch 47/200
55/55 - 8s - 154ms/step - loss: 0.5951 - val_loss: 0.6217
Epoch 48/200
55/55 - 8s - 153ms/step - loss: 0.5949 - val_loss: 0.6216
Epoch 49/200
55/55 - 8s - 153ms/step - loss: 0.5947 - val_loss: 0.6215
Epoch 50/200
55/55 - 8s - 154ms/step - loss: 0.5945 - val_loss: 0.6213
Epoch 51/200
55/55 - 8s - 154ms/step - loss: 0.5943 - val_loss: 0.6212
Epoch 52/200
55/55 - 8s - 153ms/step - loss: 0.5941 - val_loss: 0.6211
Epoch 53/200
55/55 - 8s - 153ms/step - loss: 0.5939 - val_loss: 0.6208
Epoch 54/200
55/55 - 8s - 154ms/step - loss: 0.5938 - val_loss: 0.6206
Epoch 55/200
55/55 - 8s - 154ms/step - loss: 0.5936 - val_loss: 0.6205
Epoch 56/200
55/55 - 8s - 153ms/step - loss: 0.5934 - val_loss: 0.6203
Epoch 57/200
55/55 - 8s - 153ms/step - loss: 0.5933 - val_loss: 0.6202
Epoch 58/200
55/55 - 8s - 154ms/step - loss: 0.5931 - val_loss: 0.6200
Epoch 59/200
55/55 - 8s - 153ms/step - loss: 0.5930 - val_loss: 0.6199
Epoch 60/200
55/55 - 8s - 154ms/step - loss: 0.5928 - val_loss: 0.6197
Epoch 61/200
55/55 - 8s - 153ms/step - loss: 0.5927 - val_loss: 0.6196
Epoch 62/200
55/55 - 8s - 154ms/step - loss: 0.5926 - val_loss: 0.6195
Epoch 63/200
55/55 - 8s - 154ms/step - loss: 0.5924 - val_loss: 0.6194
Epoch 64/200
55/55 - 8s - 154ms/step - loss: 0.5923 - val_loss: 0.6193
Epoch 65/200
55/55 - 8s - 153ms/step - loss: 0.5922 - val_loss: 0.6192
Epoch 66/200
55/55 - 8s - 153ms/step - loss: 0.5921 - val_loss: 0.6191
Epoch 67/200
55/55 - 8s - 153ms/step - loss: 0.5919 - val_loss: 0.6190
Epoch 68/200
55/55 - 8s - 154ms/step - loss: 0.5918 - val_loss: 0.6189
Epoch 69/200
55/55 - 8s - 153ms/step - loss: 0.5917 - val_loss: 0.6188
Epoch 70/200
55/55 - 8s - 153ms/step - loss: 0.5916 - val_loss: 0.6187
Epoch 71/200
55/55 - 8s - 154ms/step - loss: 0.5915 - val_loss: 0.6185
Epoch 72/200
55/55 - 8s - 154ms/step - loss: 0.5914 - val_loss: 0.6184
Epoch 73/200
55/55 - 8s - 154ms/step - loss: 0.5913 - val_loss: 0.6183
Epoch 74/200
55/55 - 8s - 153ms/step - loss: 0.5912 - val_loss: 0.6182
Epoch 75/200
55/55 - 8s - 152ms/step - loss: 0.5911 - val_loss: 0.6181
Epoch 76/200
55/55 - 8s - 152ms/step - loss: 0.5911 - val_loss: 0.6181
Epoch 77/200
55/55 - 8s - 154ms/step - loss: 0.5910 - val_loss: 0.6181
Epoch 78/200
55/55 - 8s - 153ms/step - loss: 0.5909 - val_loss: 0.6180
Epoch 79/200
55/55 - 8s - 153ms/step - loss: 0.5908 - val_loss: 0.6180
Epoch 80/200
55/55 - 8s - 153ms/step - loss: 0.5907 - val_loss: 0.6178
Epoch 81/200
55/55 - 8s - 153ms/step - loss: 0.5907 - val_loss: 0.6178
Epoch 82/200
55/55 - 8s - 153ms/step - loss: 0.5906 - val_loss: 0.6177
Epoch 83/200
55/55 - 8s - 154ms/step - loss: 0.5905 - val_loss: 0.6176
Epoch 84/200
55/55 - 8s - 153ms/step - loss: 0.5905 - val_loss: 0.6176
Epoch 85/200
55/55 - 8s - 154ms/step - loss: 0.5904 - val_loss: 0.6175
Epoch 86/200
55/55 - 8s - 153ms/step - loss: 0.5903 - val_loss: 0.6174
Epoch 87/200
55/55 - 8s - 153ms/step - loss: 0.5903 - val_loss: 0.6174
Epoch 88/200
55/55 - 8s - 149ms/step - loss: 0.5902 - val_loss: 0.6173
Epoch 89/200
55/55 - 8s - 152ms/step - loss: 0.5902 - val_loss: 0.6173
Epoch 90/200
55/55 - 8s - 153ms/step - loss: 0.5901 - val_loss: 0.6172
Epoch 91/200
55/55 - 8s - 154ms/step - loss: 0.5900 - val_loss: 0.6171
Epoch 92/200
55/55 - 8s - 154ms/step - loss: 0.5900 - val_loss: 0.6170
Epoch 93/200
55/55 - 8s - 153ms/step - loss: 0.5899 - val_loss: 0.6170
Epoch 94/200
55/55 - 8s - 154ms/step - loss: 0.5899 - val_loss: 0.6170
Epoch 95/200
55/55 - 8s - 154ms/step - loss: 0.5898 - val_loss: 0.6169
Epoch 96/200
55/55 - 8s - 152ms/step - loss: 0.5898 - val_loss: 0.6169
Epoch 97/200
55/55 - 8s - 153ms/step - loss: 0.5897 - val_loss: 0.6169
Epoch 98/200
55/55 - 8s - 153ms/step - loss: 0.5897 - val_loss: 0.6169
Epoch 99/200
55/55 - 8s - 153ms/step - loss: 0.5896 - val_loss: 0.6169
Epoch 100/200
55/55 - 8s - 153ms/step - loss: 0.5896 - val_loss: 0.6169
Epoch 101/200
55/55 - 8s - 153ms/step - loss: 0.5895 - val_loss: 0.6169
Epoch 102/200
55/55 - 8s - 153ms/step - loss: 0.5895 - val_loss: 0.6168
Epoch 103/200
55/55 - 8s - 154ms/step - loss: 0.5894 - val_loss: 0.6168
Epoch 104/200
55/55 - 8s - 153ms/step - loss: 0.5894 - val_loss: 0.6168
Epoch 105/200
55/55 - 8s - 154ms/step - loss: 0.5894 - val_loss: 0.6169
Epoch 106/200
55/55 - 8s - 154ms/step - loss: 0.5893 - val_loss: 0.6168
Epoch 107/200
55/55 - 8s - 154ms/step - loss: 0.5893 - val_loss: 0.6168
Epoch 108/200
55/55 - 8s - 153ms/step - loss: 0.5893 - val_loss: 0.6168
Epoch 109/200
55/55 - 8s - 154ms/step - loss: 0.5892 - val_loss: 0.6167
Epoch 110/200
55/55 - 8s - 153ms/step - loss: 0.5892 - val_loss: 0.6167
Epoch 111/200
55/55 - 8s - 153ms/step - loss: 0.5891 - val_loss: 0.6167
Epoch 112/200
55/55 - 8s - 154ms/step - loss: 0.5891 - val_loss: 0.6167
Epoch 113/200
55/55 - 8s - 153ms/step - loss: 0.5891 - val_loss: 0.6168
Epoch 114/200
55/55 - 8s - 153ms/step - loss: 0.5890 - val_loss: 0.6168
Epoch 115/200
55/55 - 8s - 154ms/step - loss: 0.5890 - val_loss: 0.6167
Epoch 116/200
55/55 - 8s - 154ms/step - loss: 0.5890 - val_loss: 0.6167
Epoch 117/200
55/55 - 8s - 154ms/step - loss: 0.5890 - val_loss: 0.6167
Epoch 118/200
55/55 - 8s - 153ms/step - loss: 0.5889 - val_loss: 0.6167
Epoch 119/200
55/55 - 8s - 154ms/step - loss: 0.5889 - val_loss: 0.6167
[Run 4/5] Training shared encoder (weighted, linear head)...
Epoch 1/200
55/55 - 10s - 186ms/step - loss: 0.9741 - val_loss: 0.8724
Epoch 2/200
55/55 - 9s - 165ms/step - loss: 0.7605 - val_loss: 0.7639
Epoch 3/200
55/55 - 9s - 157ms/step - loss: 0.7019 - val_loss: 0.7348
Epoch 4/200
55/55 - 9s - 158ms/step - loss: 0.6822 - val_loss: 0.7190
Epoch 5/200
55/55 - 9s - 158ms/step - loss: 0.6698 - val_loss: 0.7072
Epoch 6/200
55/55 - 9s - 161ms/step - loss: 0.6612 - val_loss: 0.6987
Epoch 7/200
55/55 - 9s - 161ms/step - loss: 0.6548 - val_loss: 0.6917
Epoch 8/200
55/55 - 9s - 159ms/step - loss: 0.6499 - val_loss: 0.6863
Epoch 9/200
55/55 - 9s - 159ms/step - loss: 0.6460 - val_loss: 0.6817
Epoch 10/200
55/55 - 9s - 159ms/step - loss: 0.6429 - val_loss: 0.6781
Epoch 11/200
55/55 - 9s - 161ms/step - loss: 0.6405 - val_loss: 0.6749
Epoch 12/200
55/55 - 9s - 159ms/step - loss: 0.6384 - val_loss: 0.6721
Epoch 13/200
55/55 - 9s - 158ms/step - loss: 0.6365 - val_loss: 0.6699
Epoch 14/200
55/55 - 9s - 160ms/step - loss: 0.6350 - val_loss: 0.6678
Epoch 15/200
55/55 - 9s - 158ms/step - loss: 0.6336 - val_loss: 0.6661
Epoch 16/200
55/55 - 9s - 158ms/step - loss: 0.6324 - val_loss: 0.6645
Epoch 17/200
55/55 - 9s - 159ms/step - loss: 0.6313 - val_loss: 0.6631
Epoch 18/200
55/55 - 9s - 159ms/step - loss: 0.6303 - val_loss: 0.6618
Epoch 19/200
55/55 - 9s - 158ms/step - loss: 0.6295 - val_loss: 0.6607
Epoch 20/200
55/55 - 9s - 157ms/step - loss: 0.6286 - val_loss: 0.6597
Epoch 21/200
55/55 - 9s - 157ms/step - loss: 0.6278 - val_loss: 0.6587
Epoch 22/200
55/55 - 9s - 157ms/step - loss: 0.6271 - val_loss: 0.6577
Epoch 23/200
55/55 - 9s - 158ms/step - loss: 0.6264 - val_loss: 0.6568
Epoch 24/200
55/55 - 9s - 157ms/step - loss: 0.6257 - val_loss: 0.6561
Epoch 25/200
55/55 - 9s - 158ms/step - loss: 0.6250 - val_loss: 0.6552
Epoch 26/200
55/55 - 9s - 157ms/step - loss: 0.6244 - val_loss: 0.6545
Epoch 27/200
55/55 - 9s - 158ms/step - loss: 0.6239 - val_loss: 0.6538
Epoch 28/200
55/55 - 9s - 158ms/step - loss: 0.6233 - val_loss: 0.6533
Epoch 29/200
55/55 - 9s - 157ms/step - loss: 0.6228 - val_loss: 0.6527
Epoch 30/200
55/55 - 9s - 157ms/step - loss: 0.6223 - val_loss: 0.6522
Epoch 31/200
55/55 - 9s - 158ms/step - loss: 0.6218 - val_loss: 0.6518
Epoch 32/200
55/55 - 9s - 158ms/step - loss: 0.6213 - val_loss: 0.6514
Epoch 33/200
55/55 - 9s - 159ms/step - loss: 0.6209 - val_loss: 0.6511
Epoch 34/200
55/55 - 9s - 160ms/step - loss: 0.6204 - val_loss: 0.6507
Epoch 35/200
55/55 - 9s - 159ms/step - loss: 0.6200 - val_loss: 0.6504
Epoch 36/200
55/55 - 9s - 159ms/step - loss: 0.6196 - val_loss: 0.6501
Epoch 37/200
55/55 - 9s - 161ms/step - loss: 0.6192 - val_loss: 0.6499
Epoch 38/200
55/55 - 9s - 157ms/step - loss: 0.6189 - val_loss: 0.6496
Epoch 39/200
55/55 - 9s - 158ms/step - loss: 0.6185 - val_loss: 0.6494
Epoch 40/200
55/55 - 9s - 157ms/step - loss: 0.6181 - val_loss: 0.6490
Epoch 41/200
55/55 - 9s - 157ms/step - loss: 0.6178 - val_loss: 0.6487
Epoch 42/200
55/55 - 9s - 158ms/step - loss: 0.6175 - val_loss: 0.6484
Epoch 43/200
55/55 - 9s - 157ms/step - loss: 0.6172 - val_loss: 0.6481
Epoch 44/200
55/55 - 9s - 157ms/step - loss: 0.6168 - val_loss: 0.6479
Epoch 45/200
55/55 - 9s - 158ms/step - loss: 0.6165 - val_loss: 0.6476
Epoch 46/200
55/55 - 9s - 158ms/step - loss: 0.6163 - val_loss: 0.6473
Epoch 47/200
55/55 - 9s - 159ms/step - loss: 0.6160 - val_loss: 0.6471
Epoch 48/200
55/55 - 9s - 158ms/step - loss: 0.6158 - val_loss: 0.6468
Epoch 49/200
55/55 - 9s - 158ms/step - loss: 0.6155 - val_loss: 0.6466
Epoch 50/200
55/55 - 9s - 158ms/step - loss: 0.6153 - val_loss: 0.6463
Epoch 51/200
55/55 - 9s - 158ms/step - loss: 0.6150 - val_loss: 0.6461
Epoch 52/200
55/55 - 9s - 158ms/step - loss: 0.6148 - val_loss: 0.6458
Epoch 53/200
55/55 - 9s - 158ms/step - loss: 0.6145 - val_loss: 0.6457
Epoch 54/200
55/55 - 9s - 158ms/step - loss: 0.6143 - val_loss: 0.6455
Epoch 55/200
55/55 - 9s - 157ms/step - loss: 0.6141 - val_loss: 0.6453
Epoch 56/200
55/55 - 9s - 158ms/step - loss: 0.6139 - val_loss: 0.6452
Epoch 57/200
55/55 - 9s - 158ms/step - loss: 0.6137 - val_loss: 0.6450
Epoch 58/200
55/55 - 9s - 158ms/step - loss: 0.6135 - val_loss: 0.6448
Epoch 59/200
55/55 - 9s - 158ms/step - loss: 0.6133 - val_loss: 0.6447
Epoch 60/200
55/55 - 9s - 159ms/step - loss: 0.6132 - val_loss: 0.6445
Epoch 61/200
55/55 - 9s - 158ms/step - loss: 0.6130 - val_loss: 0.6444
Epoch 62/200
55/55 - 9s - 159ms/step - loss: 0.6128 - val_loss: 0.6442
Epoch 63/200
55/55 - 9s - 159ms/step - loss: 0.6126 - val_loss: 0.6441
Epoch 64/200
55/55 - 9s - 158ms/step - loss: 0.6124 - val_loss: 0.6440
Epoch 65/200
55/55 - 9s - 158ms/step - loss: 0.6123 - val_loss: 0.6439
Epoch 66/200
55/55 - 9s - 158ms/step - loss: 0.6121 - val_loss: 0.6437
Epoch 67/200
55/55 - 9s - 160ms/step - loss: 0.6120 - val_loss: 0.6436
Epoch 68/200
55/55 - 9s - 162ms/step - loss: 0.6119 - val_loss: 0.6435
Epoch 69/200
55/55 - 9s - 161ms/step - loss: 0.6117 - val_loss: 0.6435
Epoch 70/200
55/55 - 9s - 158ms/step - loss: 0.6116 - val_loss: 0.6434
Epoch 71/200
55/55 - 9s - 158ms/step - loss: 0.6115 - val_loss: 0.6434
Epoch 72/200
55/55 - 9s - 157ms/step - loss: 0.6113 - val_loss: 0.6433
Epoch 73/200
55/55 - 9s - 157ms/step - loss: 0.6112 - val_loss: 0.6433
Epoch 74/200
55/55 - 9s - 157ms/step - loss: 0.6111 - val_loss: 0.6432
Epoch 75/200
55/55 - 9s - 157ms/step - loss: 0.6110 - val_loss: 0.6432
Epoch 76/200
55/55 - 9s - 158ms/step - loss: 0.6108 - val_loss: 0.6432
Epoch 77/200
55/55 - 9s - 157ms/step - loss: 0.6108 - val_loss: 0.6431
Epoch 78/200
55/55 - 9s - 157ms/step - loss: 0.6106 - val_loss: 0.6430
Epoch 79/200
55/55 - 9s - 157ms/step - loss: 0.6106 - val_loss: 0.6429
Epoch 80/200
55/55 - 9s - 158ms/step - loss: 0.6104 - val_loss: 0.6428
Epoch 81/200
55/55 - 9s - 159ms/step - loss: 0.6104 - val_loss: 0.6427
Epoch 82/200
55/55 - 9s - 160ms/step - loss: 0.6103 - val_loss: 0.6426
Epoch 83/200
55/55 - 9s - 158ms/step - loss: 0.6102 - val_loss: 0.6425
Epoch 84/200
55/55 - 9s - 158ms/step - loss: 0.6101 - val_loss: 0.6425
Epoch 85/200
55/55 - 9s - 159ms/step - loss: 0.6100 - val_loss: 0.6424
Epoch 86/200
55/55 - 9s - 159ms/step - loss: 0.6099 - val_loss: 0.6424
Epoch 87/200
55/55 - 9s - 157ms/step - loss: 0.6098 - val_loss: 0.6423
Epoch 88/200
55/55 - 9s - 157ms/step - loss: 0.6097 - val_loss: 0.6423
Epoch 89/200
55/55 - 9s - 158ms/step - loss: 0.6096 - val_loss: 0.6423
Epoch 90/200
55/55 - 9s - 158ms/step - loss: 0.6095 - val_loss: 0.6423
Epoch 91/200
55/55 - 9s - 157ms/step - loss: 0.6094 - val_loss: 0.6422
Epoch 92/200
55/55 - 9s - 159ms/step - loss: 0.6094 - val_loss: 0.6421
Epoch 93/200
55/55 - 9s - 160ms/step - loss: 0.6093 - val_loss: 0.6421
Epoch 94/200
55/55 - 9s - 158ms/step - loss: 0.6092 - val_loss: 0.6421
Epoch 95/200
55/55 - 9s - 158ms/step - loss: 0.6092 - val_loss: 0.6421
Epoch 96/200
55/55 - 9s - 158ms/step - loss: 0.6091 - val_loss: 0.6420
Epoch 97/200
55/55 - 9s - 158ms/step - loss: 0.6091 - val_loss: 0.6419
Epoch 98/200
55/55 - 9s - 158ms/step - loss: 0.6090 - val_loss: 0.6419
Epoch 99/200
55/55 - 9s - 158ms/step - loss: 0.6089 - val_loss: 0.6418
Epoch 100/200
55/55 - 9s - 158ms/step - loss: 0.6089 - val_loss: 0.6418
Epoch 101/200
55/55 - 9s - 158ms/step - loss: 0.6088 - val_loss: 0.6418
Epoch 102/200
55/55 - 9s - 158ms/step - loss: 0.6088 - val_loss: 0.6417
Epoch 103/200
55/55 - 9s - 157ms/step - loss: 0.6087 - val_loss: 0.6416
Epoch 104/200
55/55 - 9s - 157ms/step - loss: 0.6087 - val_loss: 0.6416
Epoch 105/200
55/55 - 9s - 157ms/step - loss: 0.6085 - val_loss: 0.6416
Epoch 106/200
55/55 - 9s - 157ms/step - loss: 0.6085 - val_loss: 0.6415
Epoch 107/200
55/55 - 9s - 159ms/step - loss: 0.6085 - val_loss: 0.6415
Epoch 108/200
55/55 - 9s - 164ms/step - loss: 0.6084 - val_loss: 0.6415
Epoch 109/200
55/55 - 9s - 158ms/step - loss: 0.6084 - val_loss: 0.6415
Epoch 110/200
55/55 - 9s - 158ms/step - loss: 0.6083 - val_loss: 0.6414
Epoch 111/200
55/55 - 9s - 157ms/step - loss: 0.6083 - val_loss: 0.6414
Epoch 112/200
55/55 - 9s - 157ms/step - loss: 0.6082 - val_loss: 0.6415
Epoch 113/200
55/55 - 9s - 157ms/step - loss: 0.6081 - val_loss: 0.6415
Epoch 114/200
55/55 - 9s - 158ms/step - loss: 0.6081 - val_loss: 0.6414
Epoch 115/200
55/55 - 9s - 158ms/step - loss: 0.6081 - val_loss: 0.6414
Epoch 116/200
55/55 - 9s - 157ms/step - loss: 0.6080 - val_loss: 0.6413
Epoch 117/200
55/55 - 9s - 158ms/step - loss: 0.6080 - val_loss: 0.6413
Epoch 118/200
55/55 - 9s - 157ms/step - loss: 0.6079 - val_loss: 0.6413
Epoch 119/200
55/55 - 9s - 157ms/step - loss: 0.6079 - val_loss: 0.6413
Epoch 120/200
55/55 - 9s - 159ms/step - loss: 0.6079 - val_loss: 0.6413
Epoch 121/200
55/55 - 9s - 163ms/step - loss: 0.6078 - val_loss: 0.6413
Epoch 122/200
55/55 - 9s - 157ms/step - loss: 0.6078 - val_loss: 0.6412
Epoch 123/200
55/55 - 9s - 158ms/step - loss: 0.6077 - val_loss: 0.6412
Epoch 124/200
55/55 - 9s - 158ms/step - loss: 0.6077 - val_loss: 0.6412
Epoch 125/200
55/55 - 9s - 157ms/step - loss: 0.6077 - val_loss: 0.6412
Epoch 126/200
55/55 - 9s - 157ms/step - loss: 0.6076 - val_loss: 0.6411
Epoch 127/200
55/55 - 9s - 158ms/step - loss: 0.6076 - val_loss: 0.6412
Epoch 128/200
55/55 - 9s - 158ms/step - loss: 0.6076 - val_loss: 0.6411
Epoch 129/200
55/55 - 9s - 158ms/step - loss: 0.6076 - val_loss: 0.6411
Epoch 130/200
55/55 - 9s - 158ms/step - loss: 0.6075 - val_loss: 0.6411
Epoch 131/200
55/55 - 9s - 157ms/step - loss: 0.6075 - val_loss: 0.6411
Epoch 132/200
55/55 - 9s - 161ms/step - loss: 0.6075 - val_loss: 0.6411
Epoch 133/200
55/55 - 9s - 158ms/step - loss: 0.6075 - val_loss: 0.6411
Epoch 134/200
55/55 - 9s - 157ms/step - loss: 0.6074 - val_loss: 0.6411
Epoch 135/200
55/55 - 9s - 158ms/step - loss: 0.6074 - val_loss: 0.6411
Epoch 136/200
55/55 - 9s - 157ms/step - loss: 0.6073 - val_loss: 0.6411
[Run 4/5] Training single encoder baseline (baseline preprocessing, linear structure, linear head)...
[Run 5/5] Training shared encoder (unweighted, linear head)...
Epoch 1/200
55/55 - 10s - 181ms/step - loss: 0.7946 - val_loss: 0.6983
Epoch 2/200
55/55 - 9s - 163ms/step - loss: 0.6848 - val_loss: 0.6634
Epoch 3/200
55/55 - 8s - 149ms/step - loss: 0.6538 - val_loss: 0.6498
Epoch 4/200
55/55 - 8s - 151ms/step - loss: 0.6393 - val_loss: 0.6418
Epoch 5/200
55/55 - 8s - 153ms/step - loss: 0.6308 - val_loss: 0.6356
Epoch 6/200
55/55 - 8s - 154ms/step - loss: 0.6251 - val_loss: 0.6309
Epoch 7/200
55/55 - 8s - 153ms/step - loss: 0.6211 - val_loss: 0.6273
Epoch 8/200
55/55 - 8s - 154ms/step - loss: 0.6181 - val_loss: 0.6244
Epoch 9/200
55/55 - 8s - 154ms/step - loss: 0.6158 - val_loss: 0.6227
Epoch 10/200
55/55 - 8s - 154ms/step - loss: 0.6141 - val_loss: 0.6210
Epoch 11/200
55/55 - 9s - 155ms/step - loss: 0.6126 - val_loss: 0.6195
Epoch 12/200
55/55 - 9s - 155ms/step - loss: 0.6113 - val_loss: 0.6181
Epoch 13/200
55/55 - 8s - 154ms/step - loss: 0.6102 - val_loss: 0.6171
Epoch 14/200
55/55 - 9s - 157ms/step - loss: 0.6093 - val_loss: 0.6163
Epoch 15/200
55/55 - 9s - 155ms/step - loss: 0.6085 - val_loss: 0.6156
Epoch 16/200
55/55 - 8s - 154ms/step - loss: 0.6077 - val_loss: 0.6148
Epoch 17/200
55/55 - 8s - 154ms/step - loss: 0.6070 - val_loss: 0.6141
Epoch 18/200
55/55 - 8s - 154ms/step - loss: 0.6064 - val_loss: 0.6134
Epoch 19/200
55/55 - 8s - 154ms/step - loss: 0.6058 - val_loss: 0.6127
Epoch 20/200
55/55 - 8s - 154ms/step - loss: 0.6052 - val_loss: 0.6121
Epoch 21/200
55/55 - 8s - 154ms/step - loss: 0.6047 - val_loss: 0.6117
Epoch 22/200
55/55 - 8s - 153ms/step - loss: 0.6042 - val_loss: 0.6113
Epoch 23/200
55/55 - 8s - 154ms/step - loss: 0.6037 - val_loss: 0.6109
Epoch 24/200
55/55 - 8s - 154ms/step - loss: 0.6033 - val_loss: 0.6105
Epoch 25/200
55/55 - 9s - 155ms/step - loss: 0.6029 - val_loss: 0.6101
Epoch 26/200
55/55 - 8s - 155ms/step - loss: 0.6025 - val_loss: 0.6096
Epoch 27/200
55/55 - 8s - 153ms/step - loss: 0.6021 - val_loss: 0.6092
Epoch 28/200
55/55 - 8s - 154ms/step - loss: 0.6017 - val_loss: 0.6088
Epoch 29/200
55/55 - 8s - 153ms/step - loss: 0.6014 - val_loss: 0.6085
Epoch 30/200
55/55 - 8s - 154ms/step - loss: 0.6010 - val_loss: 0.6080
Epoch 31/200
55/55 - 8s - 153ms/step - loss: 0.6007 - val_loss: 0.6077
Epoch 32/200
55/55 - 8s - 154ms/step - loss: 0.6004 - val_loss: 0.6074
Epoch 33/200
55/55 - 8s - 154ms/step - loss: 0.6002 - val_loss: 0.6072
Epoch 34/200
55/55 - 8s - 154ms/step - loss: 0.5999 - val_loss: 0.6069
Epoch 35/200
55/55 - 8s - 153ms/step - loss: 0.5996 - val_loss: 0.6066
Epoch 36/200
55/55 - 8s - 153ms/step - loss: 0.5994 - val_loss: 0.6063
Epoch 37/200
55/55 - 9s - 155ms/step - loss: 0.5991 - val_loss: 0.6062
Epoch 38/200
55/55 - 8s - 154ms/step - loss: 0.5989 - val_loss: 0.6059
Epoch 39/200
55/55 - 8s - 153ms/step - loss: 0.5987 - val_loss: 0.6055
Epoch 40/200
55/55 - 8s - 154ms/step - loss: 0.5984 - val_loss: 0.6053
Epoch 41/200
55/55 - 8s - 154ms/step - loss: 0.5982 - val_loss: 0.6050
Epoch 42/200
55/55 - 8s - 154ms/step - loss: 0.5980 - val_loss: 0.6047
Epoch 43/200
55/55 - 8s - 154ms/step - loss: 0.5978 - val_loss: 0.6044
Epoch 44/200
55/55 - 8s - 154ms/step - loss: 0.5976 - val_loss: 0.6042
Epoch 45/200
55/55 - 8s - 154ms/step - loss: 0.5974 - val_loss: 0.6040
Epoch 46/200
55/55 - 8s - 154ms/step - loss: 0.5973 - val_loss: 0.6038
Epoch 47/200
55/55 - 8s - 153ms/step - loss: 0.5971 - val_loss: 0.6036
Epoch 48/200
55/55 - 8s - 153ms/step - loss: 0.5969 - val_loss: 0.6035
Epoch 49/200
55/55 - 9s - 155ms/step - loss: 0.5968 - val_loss: 0.6033
Epoch 50/200
55/55 - 8s - 153ms/step - loss: 0.5966 - val_loss: 0.6030
Epoch 51/200
55/55 - 8s - 153ms/step - loss: 0.5965 - val_loss: 0.6028
Epoch 52/200
55/55 - 8s - 154ms/step - loss: 0.5964 - val_loss: 0.6026
Epoch 53/200
55/55 - 9s - 155ms/step - loss: 0.5962 - val_loss: 0.6024
Epoch 54/200
55/55 - 9s - 156ms/step - loss: 0.5961 - val_loss: 0.6023
Epoch 55/200
55/55 - 8s - 153ms/step - loss: 0.5960 - val_loss: 0.6021
Epoch 56/200
55/55 - 8s - 153ms/step - loss: 0.5958 - val_loss: 0.6019
Epoch 57/200
55/55 - 8s - 153ms/step - loss: 0.5957 - val_loss: 0.6018
Epoch 58/200
55/55 - 8s - 154ms/step - loss: 0.5956 - val_loss: 0.6017
Epoch 59/200
55/55 - 8s - 153ms/step - loss: 0.5955 - val_loss: 0.6016
Epoch 60/200
55/55 - 8s - 154ms/step - loss: 0.5954 - val_loss: 0.6014
Epoch 61/200
55/55 - 8s - 154ms/step - loss: 0.5953 - val_loss: 0.6011
Epoch 62/200
55/55 - 8s - 153ms/step - loss: 0.5952 - val_loss: 0.6010
Epoch 63/200
55/55 - 8s - 152ms/step - loss: 0.5951 - val_loss: 0.6008
Epoch 64/200
55/55 - 8s - 153ms/step - loss: 0.5950 - val_loss: 0.6007
Epoch 65/200
55/55 - 8s - 153ms/step - loss: 0.5949 - val_loss: 0.6005
Epoch 66/200
55/55 - 22s - 406ms/step - loss: 0.5949 - val_loss: 0.6004
Epoch 67/200
55/55 - 8s - 154ms/step - loss: 0.5948 - val_loss: 0.6002
Epoch 68/200
55/55 - 8s - 153ms/step - loss: 0.5947 - val_loss: 0.6001
Epoch 69/200
55/55 - 8s - 152ms/step - loss: 0.5946 - val_loss: 0.6000
Epoch 70/200
55/55 - 8s - 153ms/step - loss: 0.5945 - val_loss: 0.5999
Epoch 71/200
55/55 - 8s - 153ms/step - loss: 0.5945 - val_loss: 0.5999
Epoch 72/200
55/55 - 8s - 153ms/step - loss: 0.5944 - val_loss: 0.5998
Epoch 73/200
55/55 - 8s - 153ms/step - loss: 0.5943 - val_loss: 0.5997
Epoch 74/200
55/55 - 8s - 153ms/step - loss: 0.5943 - val_loss: 0.5996
Epoch 75/200
55/55 - 8s - 153ms/step - loss: 0.5942 - val_loss: 0.5995
Epoch 76/200
55/55 - 8s - 154ms/step - loss: 0.5942 - val_loss: 0.5994
Epoch 77/200
55/55 - 8s - 153ms/step - loss: 0.5941 - val_loss: 0.5993
Epoch 78/200
55/55 - 8s - 153ms/step - loss: 0.5940 - val_loss: 0.5992
Epoch 79/200
55/55 - 8s - 153ms/step - loss: 0.5940 - val_loss: 0.5992
Epoch 80/200
55/55 - 8s - 154ms/step - loss: 0.5939 - val_loss: 0.5990
Epoch 81/200
55/55 - 8s - 153ms/step - loss: 0.5939 - val_loss: 0.5990
Epoch 82/200
55/55 - 8s - 153ms/step - loss: 0.5938 - val_loss: 0.5989
Epoch 83/200
55/55 - 8s - 153ms/step - loss: 0.5938 - val_loss: 0.5988
Epoch 84/200
55/55 - 8s - 153ms/step - loss: 0.5937 - val_loss: 0.5988
Epoch 85/200
55/55 - 8s - 153ms/step - loss: 0.5937 - val_loss: 0.5988
Epoch 86/200
55/55 - 8s - 153ms/step - loss: 0.5936 - val_loss: 0.5987
Epoch 87/200
55/55 - 8s - 153ms/step - loss: 0.5936 - val_loss: 0.5986
Epoch 88/200
55/55 - 8s - 153ms/step - loss: 0.5935 - val_loss: 0.5986
Epoch 89/200
55/55 - 8s - 153ms/step - loss: 0.5935 - val_loss: 0.5985
Epoch 90/200
55/55 - 8s - 153ms/step - loss: 0.5935 - val_loss: 0.5984
Epoch 91/200
55/55 - 8s - 153ms/step - loss: 0.5934 - val_loss: 0.5984
Epoch 92/200
55/55 - 8s - 153ms/step - loss: 0.5934 - val_loss: 0.5984
Epoch 93/200
55/55 - 8s - 153ms/step - loss: 0.5933 - val_loss: 0.5984
Epoch 94/200
55/55 - 8s - 153ms/step - loss: 0.5933 - val_loss: 0.5984
Epoch 95/200
55/55 - 8s - 153ms/step - loss: 0.5933 - val_loss: 0.5983
Epoch 96/200
55/55 - 8s - 153ms/step - loss: 0.5932 - val_loss: 0.5983
Epoch 97/200
55/55 - 8s - 153ms/step - loss: 0.5932 - val_loss: 0.5983
Epoch 98/200
55/55 - 8s - 154ms/step - loss: 0.5932 - val_loss: 0.5982
Epoch 99/200
55/55 - 8s - 153ms/step - loss: 0.5932 - val_loss: 0.5982
Epoch 100/200
55/55 - 22s - 404ms/step - loss: 0.5931 - val_loss: 0.5982
Epoch 101/200
55/55 - 8s - 153ms/step - loss: 0.5931 - val_loss: 0.5982
Epoch 102/200
55/55 - 8s - 153ms/step - loss: 0.5931 - val_loss: 0.5982
Epoch 103/200
55/55 - 8s - 153ms/step - loss: 0.5930 - val_loss: 0.5982
Epoch 104/200
55/55 - 8s - 153ms/step - loss: 0.5930 - val_loss: 0.5982
Epoch 105/200
55/55 - 8s - 153ms/step - loss: 0.5930 - val_loss: 0.5980
Epoch 106/200
55/55 - 8s - 153ms/step - loss: 0.5930 - val_loss: 0.5980
Epoch 107/200
55/55 - 8s - 153ms/step - loss: 0.5930 - val_loss: 0.5980
Epoch 108/200
55/55 - 8s - 154ms/step - loss: 0.5929 - val_loss: 0.5980
Epoch 109/200
55/55 - 8s - 153ms/step - loss: 0.5929 - val_loss: 0.5979
Epoch 110/200
55/55 - 8s - 153ms/step - loss: 0.5928 - val_loss: 0.5979
Epoch 111/200
55/55 - 8s - 153ms/step - loss: 0.5928 - val_loss: 0.5978
Epoch 112/200
55/55 - 8s - 153ms/step - loss: 0.5928 - val_loss: 0.5979
Epoch 113/200
55/55 - 8s - 153ms/step - loss: 0.5928 - val_loss: 0.5978
Epoch 114/200
55/55 - 8s - 153ms/step - loss: 0.5928 - val_loss: 0.5977
Epoch 115/200
55/55 - 8s - 153ms/step - loss: 0.5927 - val_loss: 0.5977
Epoch 116/200
55/55 - 8s - 152ms/step - loss: 0.5927 - val_loss: 0.5977
Epoch 117/200
55/55 - 8s - 153ms/step - loss: 0.5927 - val_loss: 0.5977
Epoch 118/200
55/55 - 8s - 154ms/step - loss: 0.5927 - val_loss: 0.5976
Epoch 119/200
55/55 - 8s - 153ms/step - loss: 0.5926 - val_loss: 0.5976
Epoch 120/200
55/55 - 8s - 153ms/step - loss: 0.5926 - val_loss: 0.5975
Epoch 121/200
55/55 - 8s - 153ms/step - loss: 0.5926 - val_loss: 0.5974
Epoch 122/200
55/55 - 8s - 153ms/step - loss: 0.5926 - val_loss: 0.5974
Epoch 123/200
55/55 - 8s - 153ms/step - loss: 0.5925 - val_loss: 0.5974
Epoch 124/200
55/55 - 8s - 153ms/step - loss: 0.5925 - val_loss: 0.5973
Epoch 125/200
55/55 - 8s - 153ms/step - loss: 0.5925 - val_loss: 0.5973
Epoch 126/200
55/55 - 8s - 153ms/step - loss: 0.5925 - val_loss: 0.5973
Epoch 127/200
55/55 - 8s - 153ms/step - loss: 0.5925 - val_loss: 0.5972
Epoch 128/200
55/55 - 8s - 153ms/step - loss: 0.5924 - val_loss: 0.5972
Epoch 129/200
55/55 - 9s - 156ms/step - loss: 0.5924 - val_loss: 0.5972
Epoch 130/200
55/55 - 8s - 154ms/step - loss: 0.5924 - val_loss: 0.5971
Epoch 131/200
55/55 - 9s - 156ms/step - loss: 0.5924 - val_loss: 0.5971
Epoch 132/200
55/55 - 8s - 154ms/step - loss: 0.5924 - val_loss: 0.5970
Epoch 133/200
55/55 - 8s - 153ms/step - loss: 0.5923 - val_loss: 0.5971
Epoch 134/200
55/55 - 8s - 153ms/step - loss: 0.5923 - val_loss: 0.5970
Epoch 135/200
55/55 - 8s - 152ms/step - loss: 0.5923 - val_loss: 0.5970
Epoch 136/200
55/55 - 8s - 154ms/step - loss: 0.5923 - val_loss: 0.5970
Epoch 137/200
55/55 - 8s - 154ms/step - loss: 0.5923 - val_loss: 0.5969
Epoch 138/200
55/55 - 8s - 153ms/step - loss: 0.5922 - val_loss: 0.5969
Epoch 139/200
55/55 - 8s - 153ms/step - loss: 0.5922 - val_loss: 0.5969
Epoch 140/200
55/55 - 8s - 153ms/step - loss: 0.5922 - val_loss: 0.5969
Epoch 141/200
55/55 - 8s - 154ms/step - loss: 0.5922 - val_loss: 0.5969
Epoch 142/200
55/55 - 8s - 153ms/step - loss: 0.5922 - val_loss: 0.5969
Epoch 143/200
55/55 - 8s - 153ms/step - loss: 0.5922 - val_loss: 0.5968
Epoch 144/200
55/55 - 8s - 153ms/step - loss: 0.5921 - val_loss: 0.5969
Epoch 145/200
55/55 - 8s - 153ms/step - loss: 0.5921 - val_loss: 0.5968
Epoch 146/200
55/55 - 8s - 153ms/step - loss: 0.5921 - val_loss: 0.5968
Epoch 147/200
55/55 - 8s - 153ms/step - loss: 0.5921 - val_loss: 0.5967
Epoch 148/200
55/55 - 8s - 153ms/step - loss: 0.5921 - val_loss: 0.5967
Epoch 149/200
55/55 - 8s - 153ms/step - loss: 0.5921 - val_loss: 0.5967
Epoch 150/200
55/55 - 8s - 154ms/step - loss: 0.5920 - val_loss: 0.5967
Epoch 151/200
55/55 - 9s - 156ms/step - loss: 0.5920 - val_loss: 0.5967
Epoch 152/200
55/55 - 8s - 154ms/step - loss: 0.5920 - val_loss: 0.5966
Epoch 153/200
55/55 - 8s - 153ms/step - loss: 0.5920 - val_loss: 0.5966
Epoch 154/200
55/55 - 9s - 155ms/step - loss: 0.5920 - val_loss: 0.5966
Epoch 155/200
55/55 - 9s - 155ms/step - loss: 0.5919 - val_loss: 0.5966
Epoch 156/200
55/55 - 8s - 152ms/step - loss: 0.5919 - val_loss: 0.5966
Epoch 157/200
55/55 - 8s - 153ms/step - loss: 0.5919 - val_loss: 0.5965
Epoch 158/200
55/55 - 9s - 155ms/step - loss: 0.5919 - val_loss: 0.5965
Epoch 159/200
55/55 - 9s - 155ms/step - loss: 0.5919 - val_loss: 0.5965
Epoch 160/200
55/55 - 8s - 153ms/step - loss: 0.5919 - val_loss: 0.5965
Epoch 161/200
55/55 - 8s - 153ms/step - loss: 0.5919 - val_loss: 0.5965
Epoch 162/200
55/55 - 9s - 155ms/step - loss: 0.5918 - val_loss: 0.5964
Epoch 163/200
55/55 - 8s - 154ms/step - loss: 0.5918 - val_loss: 0.5964
Epoch 164/200
55/55 - 8s - 153ms/step - loss: 0.5918 - val_loss: 0.5964
Epoch 165/200
55/55 - 8s - 153ms/step - loss: 0.5918 - val_loss: 0.5964
Epoch 166/200
55/55 - 8s - 153ms/step - loss: 0.5918 - val_loss: 0.5963
Epoch 167/200
55/55 - 8s - 153ms/step - loss: 0.5918 - val_loss: 0.5963
Epoch 168/200
55/55 - 8s - 153ms/step - loss: 0.5918 - val_loss: 0.5963
Epoch 169/200
55/55 - 8s - 154ms/step - loss: 0.5917 - val_loss: 0.5963
Epoch 170/200
55/55 - 8s - 153ms/step - loss: 0.5917 - val_loss: 0.5963
Epoch 171/200
55/55 - 8s - 153ms/step - loss: 0.5917 - val_loss: 0.5963
Epoch 172/200
55/55 - 8s - 153ms/step - loss: 0.5917 - val_loss: 0.5962
Epoch 173/200
55/55 - 9s - 155ms/step - loss: 0.5917 - val_loss: 0.5963
Epoch 174/200
55/55 - 9s - 155ms/step - loss: 0.5917 - val_loss: 0.5963
Epoch 175/200
55/55 - 8s - 153ms/step - loss: 0.5917 - val_loss: 0.5962
Epoch 176/200
55/55 - 8s - 154ms/step - loss: 0.5916 - val_loss: 0.5963
Epoch 177/200
55/55 - 9s - 156ms/step - loss: 0.5916 - val_loss: 0.5962
Epoch 178/200
55/55 - 8s - 154ms/step - loss: 0.5916 - val_loss: 0.5963
Epoch 179/200
55/55 - 8s - 153ms/step - loss: 0.5916 - val_loss: 0.5962
Epoch 180/200
55/55 - 8s - 152ms/step - loss: 0.5916 - val_loss: 0.5963
Epoch 181/200
55/55 - 8s - 153ms/step - loss: 0.5916 - val_loss: 0.5963
[Run 5/5] Training shared encoder (weighted, linear head)...
Epoch 1/200
55/55 - 10s - 185ms/step - loss: 0.8273 - val_loss: 0.7649
Epoch 2/200
55/55 - 9s - 166ms/step - loss: 0.7431 - val_loss: 0.7293
Epoch 3/200
55/55 - 9s - 156ms/step - loss: 0.7093 - val_loss: 0.7090
Epoch 4/200
55/55 - 9s - 157ms/step - loss: 0.6892 - val_loss: 0.6959
Epoch 5/200
55/55 - 9s - 161ms/step - loss: 0.6764 - val_loss: 0.6860
Epoch 6/200
55/55 - 9s - 159ms/step - loss: 0.6676 - val_loss: 0.6791
Epoch 7/200
55/55 - 9s - 160ms/step - loss: 0.6614 - val_loss: 0.6737
Epoch 8/200
55/55 - 9s - 159ms/step - loss: 0.6569 - val_loss: 0.6697
Epoch 9/200
55/55 - 9s - 158ms/step - loss: 0.6534 - val_loss: 0.6665
Epoch 10/200
55/55 - 9s - 158ms/step - loss: 0.6506 - val_loss: 0.6643
Epoch 11/200
55/55 - 9s - 158ms/step - loss: 0.6484 - val_loss: 0.6626
Epoch 12/200
55/55 - 9s - 158ms/step - loss: 0.6465 - val_loss: 0.6611
Epoch 13/200
55/55 - 9s - 158ms/step - loss: 0.6449 - val_loss: 0.6594
Epoch 14/200
55/55 - 9s - 159ms/step - loss: 0.6434 - val_loss: 0.6581
Epoch 15/200
55/55 - 9s - 160ms/step - loss: 0.6421 - val_loss: 0.6570
Epoch 16/200
55/55 - 9s - 159ms/step - loss: 0.6409 - val_loss: 0.6558
Epoch 17/200
55/55 - 9s - 158ms/step - loss: 0.6398 - val_loss: 0.6547
Epoch 18/200
55/55 - 9s - 159ms/step - loss: 0.6388 - val_loss: 0.6538
Epoch 19/200
55/55 - 9s - 157ms/step - loss: 0.6379 - val_loss: 0.6529
Epoch 20/200
55/55 - 9s - 158ms/step - loss: 0.6371 - val_loss: 0.6522
Epoch 21/200
55/55 - 9s - 157ms/step - loss: 0.6363 - val_loss: 0.6515
Epoch 22/200
55/55 - 9s - 157ms/step - loss: 0.6356 - val_loss: 0.6508
Epoch 23/200
55/55 - 9s - 158ms/step - loss: 0.6349 - val_loss: 0.6502
Epoch 24/200
55/55 - 9s - 160ms/step - loss: 0.6342 - val_loss: 0.6496
Epoch 25/200
55/55 - 9s - 159ms/step - loss: 0.6336 - val_loss: 0.6490
Epoch 26/200
55/55 - 9s - 158ms/step - loss: 0.6330 - val_loss: 0.6485
Epoch 27/200
55/55 - 9s - 158ms/step - loss: 0.6325 - val_loss: 0.6480
Epoch 28/200
55/55 - 9s - 159ms/step - loss: 0.6320 - val_loss: 0.6475
Epoch 29/200
55/55 - 9s - 160ms/step - loss: 0.6315 - val_loss: 0.6469
Epoch 30/200
55/55 - 22s - 409ms/step - loss: 0.6310 - val_loss: 0.6464
Epoch 31/200
55/55 - 9s - 160ms/step - loss: 0.6305 - val_loss: 0.6458
Epoch 32/200
55/55 - 9s - 159ms/step - loss: 0.6301 - val_loss: 0.6453
Epoch 33/200
55/55 - 9s - 158ms/step - loss: 0.6297 - val_loss: 0.6449
Epoch 34/200
55/55 - 9s - 158ms/step - loss: 0.6293 - val_loss: 0.6444
Epoch 35/200
55/55 - 9s - 160ms/step - loss: 0.6289 - val_loss: 0.6438
Epoch 36/200
55/55 - 9s - 159ms/step - loss: 0.6286 - val_loss: 0.6433
Epoch 37/200
55/55 - 9s - 157ms/step - loss: 0.6283 - val_loss: 0.6429
Epoch 38/200
55/55 - 9s - 158ms/step - loss: 0.6280 - val_loss: 0.6425
Epoch 39/200
55/55 - 9s - 158ms/step - loss: 0.6277 - val_loss: 0.6420
Epoch 40/200
55/55 - 9s - 159ms/step - loss: 0.6274 - val_loss: 0.6416
Epoch 41/200
55/55 - 9s - 159ms/step - loss: 0.6272 - val_loss: 0.6412
Epoch 42/200
55/55 - 9s - 158ms/step - loss: 0.6269 - val_loss: 0.6410
Epoch 43/200
55/55 - 9s - 158ms/step - loss: 0.6267 - val_loss: 0.6407
Epoch 44/200
55/55 - 9s - 160ms/step - loss: 0.6265 - val_loss: 0.6405
Epoch 45/200
55/55 - 9s - 159ms/step - loss: 0.6263 - val_loss: 0.6401
Epoch 46/200
55/55 - 9s - 158ms/step - loss: 0.6261 - val_loss: 0.6398
Epoch 47/200
55/55 - 9s - 159ms/step - loss: 0.6259 - val_loss: 0.6394
Epoch 48/200
55/55 - 9s - 161ms/step - loss: 0.6257 - val_loss: 0.6392
Epoch 49/200
55/55 - 9s - 159ms/step - loss: 0.6256 - val_loss: 0.6388
Epoch 50/200
55/55 - 9s - 157ms/step - loss: 0.6254 - val_loss: 0.6386
Epoch 51/200
55/55 - 9s - 159ms/step - loss: 0.6252 - val_loss: 0.6384
Epoch 52/200
55/55 - 9s - 161ms/step - loss: 0.6251 - val_loss: 0.6382
Epoch 53/200
55/55 - 9s - 158ms/step - loss: 0.6249 - val_loss: 0.6380
Epoch 54/200
55/55 - 9s - 158ms/step - loss: 0.6248 - val_loss: 0.6377
Epoch 55/200
55/55 - 9s - 160ms/step - loss: 0.6246 - val_loss: 0.6376
Epoch 56/200
55/55 - 9s - 160ms/step - loss: 0.6245 - val_loss: 0.6373
Epoch 57/200
55/55 - 9s - 158ms/step - loss: 0.6244 - val_loss: 0.6371
Epoch 58/200
55/55 - 9s - 159ms/step - loss: 0.6242 - val_loss: 0.6368
Epoch 59/200
55/55 - 9s - 160ms/step - loss: 0.6241 - val_loss: 0.6367
Epoch 60/200
55/55 - 9s - 159ms/step - loss: 0.6240 - val_loss: 0.6366
Epoch 61/200
55/55 - 9s - 158ms/step - loss: 0.6239 - val_loss: 0.6364
Epoch 62/200
55/55 - 9s - 158ms/step - loss: 0.6238 - val_loss: 0.6362
Epoch 63/200
55/55 - 9s - 158ms/step - loss: 0.6237 - val_loss: 0.6361
Epoch 64/200
55/55 - 9s - 157ms/step - loss: 0.6235 - val_loss: 0.6359
Epoch 65/200
55/55 - 9s - 158ms/step - loss: 0.6235 - val_loss: 0.6356
Epoch 66/200
55/55 - 9s - 158ms/step - loss: 0.6234 - val_loss: 0.6354
Epoch 67/200
55/55 - 9s - 158ms/step - loss: 0.6233 - val_loss: 0.6352
Epoch 68/200
55/55 - 9s - 160ms/step - loss: 0.6232 - val_loss: 0.6350
Epoch 69/200
55/55 - 9s - 160ms/step - loss: 0.6231 - val_loss: 0.6349
Epoch 70/200
55/55 - 9s - 158ms/step - loss: 0.6230 - val_loss: 0.6347
Epoch 71/200
55/55 - 9s - 157ms/step - loss: 0.6229 - val_loss: 0.6346
Epoch 72/200
55/55 - 9s - 160ms/step - loss: 0.6228 - val_loss: 0.6345
Epoch 73/200
55/55 - 9s - 159ms/step - loss: 0.6227 - val_loss: 0.6343
Epoch 74/200
55/55 - 9s - 157ms/step - loss: 0.6226 - val_loss: 0.6342
Epoch 75/200
55/55 - 9s - 159ms/step - loss: 0.6226 - val_loss: 0.6340
Epoch 76/200
55/55 - 9s - 160ms/step - loss: 0.6225 - val_loss: 0.6340
Epoch 77/200
55/55 - 9s - 158ms/step - loss: 0.6224 - val_loss: 0.6338
Epoch 78/200
55/55 - 9s - 158ms/step - loss: 0.6223 - val_loss: 0.6337
Epoch 79/200
55/55 - 9s - 158ms/step - loss: 0.6223 - val_loss: 0.6334
Epoch 80/200
55/55 - 9s - 160ms/step - loss: 0.6222 - val_loss: 0.6334
Epoch 81/200
55/55 - 9s - 159ms/step - loss: 0.6221 - val_loss: 0.6334
Epoch 82/200
55/55 - 9s - 157ms/step - loss: 0.6221 - val_loss: 0.6333
Epoch 83/200
55/55 - 9s - 158ms/step - loss: 0.6220 - val_loss: 0.6333
Epoch 84/200
55/55 - 22s - 409ms/step - loss: 0.6220 - val_loss: 0.6330
Epoch 85/200
55/55 - 9s - 158ms/step - loss: 0.6219 - val_loss: 0.6329
Epoch 86/200
55/55 - 9s - 158ms/step - loss: 0.6219 - val_loss: 0.6328
Epoch 87/200
55/55 - 9s - 158ms/step - loss: 0.6218 - val_loss: 0.6326
Epoch 88/200
55/55 - 9s - 158ms/step - loss: 0.6218 - val_loss: 0.6325
Epoch 89/200
55/55 - 9s - 158ms/step - loss: 0.6217 - val_loss: 0.6325
Epoch 90/200
55/55 - 9s - 157ms/step - loss: 0.6217 - val_loss: 0.6324
Epoch 91/200
55/55 - 9s - 158ms/step - loss: 0.6216 - val_loss: 0.6323
Epoch 92/200
55/55 - 9s - 157ms/step - loss: 0.6216 - val_loss: 0.6322
Epoch 93/200
55/55 - 9s - 157ms/step - loss: 0.6215 - val_loss: 0.6321
Epoch 94/200
55/55 - 9s - 157ms/step - loss: 0.6215 - val_loss: 0.6321
Epoch 95/200
55/55 - 9s - 157ms/step - loss: 0.6214 - val_loss: 0.6320
Epoch 96/200
55/55 - 23s - 409ms/step - loss: 0.6214 - val_loss: 0.6319
Epoch 97/200
55/55 - 9s - 158ms/step - loss: 0.6213 - val_loss: 0.6319
Epoch 98/200
55/55 - 9s - 159ms/step - loss: 0.6213 - val_loss: 0.6318
Epoch 99/200
55/55 - 9s - 158ms/step - loss: 0.6213 - val_loss: 0.6318
Epoch 100/200
55/55 - 9s - 158ms/step - loss: 0.6212 - val_loss: 0.6317
Epoch 101/200
55/55 - 9s - 158ms/step - loss: 0.6212 - val_loss: 0.6315
Epoch 102/200
55/55 - 9s - 157ms/step - loss: 0.6211 - val_loss: 0.6315
Epoch 103/200
55/55 - 9s - 159ms/step - loss: 0.6211 - val_loss: 0.6314
Epoch 104/200
55/55 - 9s - 158ms/step - loss: 0.6210 - val_loss: 0.6314
Epoch 105/200
55/55 - 9s - 159ms/step - loss: 0.6210 - val_loss: 0.6312
Epoch 106/200
55/55 - 9s - 158ms/step - loss: 0.6210 - val_loss: 0.6310
Epoch 107/200
55/55 - 9s - 157ms/step - loss: 0.6210 - val_loss: 0.6309
Epoch 108/200
55/55 - 9s - 159ms/step - loss: 0.6209 - val_loss: 0.6310
Epoch 109/200
55/55 - 9s - 159ms/step - loss: 0.6209 - val_loss: 0.6308
Epoch 110/200
55/55 - 9s - 158ms/step - loss: 0.6209 - val_loss: 0.6307
Epoch 111/200
55/55 - 9s - 158ms/step - loss: 0.6208 - val_loss: 0.6307
Epoch 112/200
55/55 - 9s - 158ms/step - loss: 0.6208 - val_loss: 0.6306
Epoch 113/200
55/55 - 9s - 158ms/step - loss: 0.6208 - val_loss: 0.6307
Epoch 114/200
55/55 - 22s - 409ms/step - loss: 0.6207 - val_loss: 0.6305
Epoch 115/200
55/55 - 9s - 158ms/step - loss: 0.6207 - val_loss: 0.6304
Epoch 116/200
55/55 - 9s - 158ms/step - loss: 0.6207 - val_loss: 0.6305
Epoch 117/200
55/55 - 9s - 158ms/step - loss: 0.6206 - val_loss: 0.6303
Epoch 118/200
55/55 - 9s - 157ms/step - loss: 0.6206 - val_loss: 0.6303
Epoch 119/200
55/55 - 9s - 157ms/step - loss: 0.6206 - val_loss: 0.6301
Epoch 120/200
55/55 - 9s - 157ms/step - loss: 0.6206 - val_loss: 0.6303
Epoch 121/200
55/55 - 9s - 157ms/step - loss: 0.6205 - val_loss: 0.6301
Epoch 122/200
55/55 - 9s - 159ms/step - loss: 0.6205 - val_loss: 0.6300
Epoch 123/200
55/55 - 9s - 158ms/step - loss: 0.6205 - val_loss: 0.6301
Epoch 124/200
55/55 - 9s - 157ms/step - loss: 0.6205 - val_loss: 0.6300
Epoch 125/200
55/55 - 9s - 157ms/step - loss: 0.6204 - val_loss: 0.6300
Epoch 126/200
55/55 - 9s - 158ms/step - loss: 0.6204 - val_loss: 0.6300
Epoch 127/200
55/55 - 9s - 159ms/step - loss: 0.6204 - val_loss: 0.6300
Epoch 128/200
55/55 - 9s - 157ms/step - loss: 0.6204 - val_loss: 0.6299
Epoch 129/200
55/55 - 9s - 157ms/step - loss: 0.6203 - val_loss: 0.6299
Epoch 130/200
55/55 - 9s - 157ms/step - loss: 0.6203 - val_loss: 0.6298
Epoch 131/200
55/55 - 9s - 159ms/step - loss: 0.6203 - val_loss: 0.6296
Epoch 132/200
55/55 - 9s - 158ms/step - loss: 0.6202 - val_loss: 0.6296
Epoch 133/200
55/55 - 9s - 157ms/step - loss: 0.6203 - val_loss: 0.6296
Epoch 134/200
55/55 - 9s - 158ms/step - loss: 0.6202 - val_loss: 0.6297
Epoch 135/200
55/55 - 9s - 158ms/step - loss: 0.6202 - val_loss: 0.6296
Epoch 136/200
55/55 - 9s - 159ms/step - loss: 0.6202 - val_loss: 0.6295
Epoch 137/200
55/55 - 9s - 158ms/step - loss: 0.6201 - val_loss: 0.6296
Epoch 138/200
55/55 - 9s - 157ms/step - loss: 0.6201 - val_loss: 0.6294
Epoch 139/200
55/55 - 9s - 159ms/step - loss: 0.6201 - val_loss: 0.6294
Epoch 140/200
55/55 - 9s - 159ms/step - loss: 0.6201 - val_loss: 0.6294
Epoch 141/200
55/55 - 22s - 409ms/step - loss: 0.6201 - val_loss: 0.6293
Epoch 142/200
55/55 - 9s - 158ms/step - loss: 0.6200 - val_loss: 0.6293
Epoch 143/200
55/55 - 9s - 158ms/step - loss: 0.6200 - val_loss: 0.6293
Epoch 144/200
55/55 - 9s - 157ms/step - loss: 0.6200 - val_loss: 0.6292
Epoch 145/200
55/55 - 9s - 158ms/step - loss: 0.6200 - val_loss: 0.6292
Epoch 146/200
55/55 - 29s - 521ms/step - loss: 0.6200 - val_loss: 0.6292
Epoch 147/200
55/55 - 16s - 297ms/step - loss: 0.6200 - val_loss: 0.6291
Epoch 148/200
55/55 - 9s - 159ms/step - loss: 0.6199 - val_loss: 0.6291
Epoch 149/200
55/55 - 9s - 159ms/step - loss: 0.6199 - val_loss: 0.6291
Epoch 150/200
55/55 - 9s - 158ms/step - loss: 0.6199 - val_loss: 0.6290
Epoch 151/200
55/55 - 9s - 161ms/step - loss: 0.6199 - val_loss: 0.6289
Epoch 152/200
55/55 - 9s - 159ms/step - loss: 0.6199 - val_loss: 0.6289
Epoch 153/200
55/55 - 9s - 158ms/step - loss: 0.6198 - val_loss: 0.6289
Epoch 154/200
55/55 - 9s - 158ms/step - loss: 0.6198 - val_loss: 0.6288
Epoch 155/200
55/55 - 9s - 159ms/step - loss: 0.6198 - val_loss: 0.6288
Epoch 156/200
55/55 - 9s - 159ms/step - loss: 0.6198 - val_loss: 0.6288
Epoch 157/200
55/55 - 9s - 159ms/step - loss: 0.6198 - val_loss: 0.6288
Epoch 158/200
55/55 - 9s - 157ms/step - loss: 0.6198 - val_loss: 0.6288
Epoch 159/200
55/55 - 9s - 158ms/step - loss: 0.6197 - val_loss: 0.6287
Epoch 160/200
55/55 - 9s - 160ms/step - loss: 0.6197 - val_loss: 0.6287
Epoch 161/200
55/55 - 9s - 160ms/step - loss: 0.6197 - val_loss: 0.6286
Epoch 162/200
55/55 - 9s - 158ms/step - loss: 0.6197 - val_loss: 0.6285
Epoch 163/200
55/55 - 9s - 158ms/step - loss: 0.6197 - val_loss: 0.6286
Epoch 164/200
55/55 - 9s - 158ms/step - loss: 0.6196 - val_loss: 0.6286
Epoch 165/200
55/55 - 9s - 161ms/step - loss: 0.6197 - val_loss: 0.6284
Epoch 166/200
55/55 - 9s - 158ms/step - loss: 0.6196 - val_loss: 0.6284
Epoch 167/200
55/55 - 9s - 158ms/step - loss: 0.6196 - val_loss: 0.6285
Epoch 168/200
55/55 - 9s - 158ms/step - loss: 0.6196 - val_loss: 0.6286
Epoch 169/200
55/55 - 9s - 158ms/step - loss: 0.6196 - val_loss: 0.6283
Epoch 170/200
55/55 - 9s - 158ms/step - loss: 0.6196 - val_loss: 0.6284
Epoch 171/200
55/55 - 9s - 158ms/step - loss: 0.6196 - val_loss: 0.6284
Epoch 172/200
55/55 - 9s - 160ms/step - loss: 0.6195 - val_loss: 0.6285
Epoch 173/200
55/55 - 9s - 159ms/step - loss: 0.6195 - val_loss: 0.6283
Epoch 174/200
55/55 - 9s - 158ms/step - loss: 0.6195 - val_loss: 0.6282
Epoch 175/200
55/55 - 9s - 158ms/step - loss: 0.6195 - val_loss: 0.6283
Epoch 176/200
55/55 - 9s - 159ms/step - loss: 0.6195 - val_loss: 0.6282
Epoch 177/200
55/55 - 9s - 159ms/step - loss: 0.6195 - val_loss: 0.6283
Epoch 178/200
55/55 - 9s - 159ms/step - loss: 0.6195 - val_loss: 0.6283
Epoch 179/200
55/55 - 9s - 158ms/step - loss: 0.6194 - val_loss: 0.6282
Epoch 180/200
55/55 - 9s - 157ms/step - loss: 0.6194 - val_loss: 0.6282
Epoch 181/200
55/55 - 9s - 157ms/step - loss: 0.6194 - val_loss: 0.6282
Epoch 182/200
55/55 - 9s - 157ms/step - loss: 0.6194 - val_loss: 0.6281
Epoch 183/200
55/55 - 9s - 158ms/step - loss: 0.6194 - val_loss: 0.6282
Epoch 184/200
55/55 - 9s - 158ms/step - loss: 0.6194 - val_loss: 0.6280
Epoch 185/200
55/55 - 9s - 160ms/step - loss: 0.6194 - val_loss: 0.6280
Epoch 186/200
55/55 - 9s - 158ms/step - loss: 0.6193 - val_loss: 0.6280
Epoch 187/200
55/55 - 9s - 157ms/step - loss: 0.6193 - val_loss: 0.6279
Epoch 188/200
55/55 - 9s - 158ms/step - loss: 0.6193 - val_loss: 0.6280
Epoch 189/200
55/55 - 9s - 157ms/step - loss: 0.6193 - val_loss: 0.6281
Epoch 190/200
55/55 - 9s - 160ms/step - loss: 0.6193 - val_loss: 0.6279
Epoch 191/200
55/55 - 9s - 159ms/step - loss: 0.6193 - val_loss: 0.6279
Epoch 192/200
55/55 - 9s - 158ms/step - loss: 0.6193 - val_loss: 0.6279
Epoch 193/200
55/55 - 9s - 158ms/step - loss: 0.6193 - val_loss: 0.6279
Epoch 194/200
55/55 - 9s - 159ms/step - loss: 0.6192 - val_loss: 0.6279
[Run 5/5] Training single encoder baseline (baseline preprocessing, linear structure, linear head)...
