Training log file: /home/xx4455/Comparable/Code/Synthetic/Results/TrainingLogs/compas_default_20260421_152053.log
Starting experiments (dataset=compas, sensitive_attribute=default).
[Run 1/5] Training shared encoder (unweighted, sigmoid head, baseline preprocessing)...
Epoch 1/200
51/51 - 11s - 213ms/step - loss: 0.9120 - val_loss: 0.9028
Epoch 2/200
51/51 - 9s - 175ms/step - loss: 0.8957 - val_loss: 0.8874
Epoch 3/200
51/51 - 9s - 169ms/step - loss: 0.8815 - val_loss: 0.8738
Epoch 4/200
51/51 - 9s - 176ms/step - loss: 0.8689 - val_loss: 0.8615
Epoch 5/200
51/51 - 9s - 181ms/step - loss: 0.8575 - val_loss: 0.8504
Epoch 6/200
51/51 - 9s - 174ms/step - loss: 0.8471 - val_loss: 0.8403
Epoch 7/200
51/51 - 9s - 175ms/step - loss: 0.8374 - val_loss: 0.8310
Epoch 8/200
51/51 - 9s - 175ms/step - loss: 0.8282 - val_loss: 0.8224
Epoch 9/200
51/51 - 9s - 176ms/step - loss: 0.8195 - val_loss: 0.8146
Epoch 10/200
51/51 - 8s - 162ms/step - loss: 0.8117 - val_loss: 0.8078
Epoch 11/200
51/51 - 9s - 168ms/step - loss: 0.8051 - val_loss: 0.8019
Epoch 12/200
51/51 - 8s - 164ms/step - loss: 0.7996 - val_loss: 0.7969
Epoch 13/200
51/51 - 8s - 164ms/step - loss: 0.7949 - val_loss: 0.7924
Epoch 14/200
51/51 - 8s - 162ms/step - loss: 0.7908 - val_loss: 0.7884
Epoch 15/200
51/51 - 8s - 162ms/step - loss: 0.7870 - val_loss: 0.7847
Epoch 16/200
51/51 - 8s - 167ms/step - loss: 0.7836 - val_loss: 0.7813
Epoch 17/200
51/51 - 8s - 164ms/step - loss: 0.7804 - val_loss: 0.7781
Epoch 18/200
51/51 - 8s - 167ms/step - loss: 0.7774 - val_loss: 0.7752
Epoch 19/200
51/51 - 8s - 164ms/step - loss: 0.7746 - val_loss: 0.7723
Epoch 20/200
51/51 - 8s - 166ms/step - loss: 0.7720 - val_loss: 0.7697
Epoch 21/200
51/51 - 9s - 167ms/step - loss: 0.7695 - val_loss: 0.7671
Epoch 22/200
51/51 - 8s - 164ms/step - loss: 0.7671 - val_loss: 0.7647
Epoch 23/200
51/51 - 9s - 181ms/step - loss: 0.7648 - val_loss: 0.7624
Epoch 24/200
51/51 - 10s - 187ms/step - loss: 0.7626 - val_loss: 0.7602
Epoch 25/200
51/51 - 10s - 189ms/step - loss: 0.7605 - val_loss: 0.7581
Epoch 26/200
51/51 - 9s - 181ms/step - loss: 0.7585 - val_loss: 0.7560
Epoch 27/200
51/51 - 9s - 181ms/step - loss: 0.7565 - val_loss: 0.7541
Epoch 28/200
51/51 - 9s - 181ms/step - loss: 0.7546 - val_loss: 0.7522
Epoch 29/200
51/51 - 9s - 182ms/step - loss: 0.7528 - val_loss: 0.7503
Epoch 30/200
51/51 - 9s - 183ms/step - loss: 0.7510 - val_loss: 0.7485
Epoch 31/200
51/51 - 9s - 181ms/step - loss: 0.7493 - val_loss: 0.7468
Epoch 32/200
51/51 - 9s - 177ms/step - loss: 0.7477 - val_loss: 0.7451
Epoch 33/200
51/51 - 9s - 181ms/step - loss: 0.7461 - val_loss: 0.7435
Epoch 34/200
51/51 - 10s - 187ms/step - loss: 0.7445 - val_loss: 0.7419
Epoch 35/200
51/51 - 9s - 177ms/step - loss: 0.7430 - val_loss: 0.7404
Epoch 36/200
51/51 - 9s - 173ms/step - loss: 0.7415 - val_loss: 0.7389
Epoch 37/200
51/51 - 9s - 176ms/step - loss: 0.7401 - val_loss: 0.7375
Epoch 38/200
51/51 - 8s - 166ms/step - loss: 0.7387 - val_loss: 0.7360
Epoch 39/200
51/51 - 9s - 168ms/step - loss: 0.7374 - val_loss: 0.7347
Epoch 40/200
51/51 - 9s - 174ms/step - loss: 0.7360 - val_loss: 0.7333
Epoch 41/200
51/51 - 9s - 176ms/step - loss: 0.7348 - val_loss: 0.7320
Epoch 42/200
51/51 - 9s - 174ms/step - loss: 0.7335 - val_loss: 0.7308
Epoch 43/200
51/51 - 9s - 174ms/step - loss: 0.7323 - val_loss: 0.7295
Epoch 44/200
51/51 - 9s - 174ms/step - loss: 0.7311 - val_loss: 0.7283
Epoch 45/200
51/51 - 9s - 174ms/step - loss: 0.7299 - val_loss: 0.7271
Epoch 46/200
51/51 - 9s - 169ms/step - loss: 0.7288 - val_loss: 0.7260
Epoch 47/200
51/51 - 9s - 177ms/step - loss: 0.7277 - val_loss: 0.7249
Epoch 48/200
51/51 - 9s - 174ms/step - loss: 0.7266 - val_loss: 0.7238
Epoch 49/200
51/51 - 9s - 175ms/step - loss: 0.7255 - val_loss: 0.7227
Epoch 50/200
51/51 - 9s - 171ms/step - loss: 0.7245 - val_loss: 0.7217
Epoch 51/200
51/51 - 9s - 172ms/step - loss: 0.7235 - val_loss: 0.7207
Epoch 52/200
51/51 - 9s - 177ms/step - loss: 0.7225 - val_loss: 0.7197
Epoch 53/200
51/51 - 9s - 176ms/step - loss: 0.7215 - val_loss: 0.7187
Epoch 54/200
51/51 - 9s - 177ms/step - loss: 0.7206 - val_loss: 0.7177
Epoch 55/200
51/51 - 9s - 178ms/step - loss: 0.7196 - val_loss: 0.7168
Epoch 56/200
51/51 - 9s - 176ms/step - loss: 0.7187 - val_loss: 0.7159
Epoch 57/200
51/51 - 9s - 176ms/step - loss: 0.7178 - val_loss: 0.7150
Epoch 58/200
51/51 - 9s - 176ms/step - loss: 0.7169 - val_loss: 0.7141
Epoch 59/200
51/51 - 9s - 176ms/step - loss: 0.7160 - val_loss: 0.7132
Epoch 60/200
51/51 - 9s - 176ms/step - loss: 0.7152 - val_loss: 0.7124
Epoch 61/200
51/51 - 9s - 176ms/step - loss: 0.7143 - val_loss: 0.7115
Epoch 62/200
51/51 - 9s - 168ms/step - loss: 0.7135 - val_loss: 0.7107
Epoch 63/200
51/51 - 9s - 174ms/step - loss: 0.7127 - val_loss: 0.7099
Epoch 64/200
51/51 - 9s - 179ms/step - loss: 0.7119 - val_loss: 0.7091
Epoch 65/200
51/51 - 9s - 179ms/step - loss: 0.7111 - val_loss: 0.7084
Epoch 66/200
51/51 - 9s - 176ms/step - loss: 0.7103 - val_loss: 0.7076
Epoch 67/200
51/51 - 9s - 175ms/step - loss: 0.7096 - val_loss: 0.7069
Epoch 68/200
51/51 - 9s - 176ms/step - loss: 0.7088 - val_loss: 0.7061
Epoch 69/200
51/51 - 9s - 178ms/step - loss: 0.7081 - val_loss: 0.7054
Epoch 70/200
51/51 - 9s - 176ms/step - loss: 0.7073 - val_loss: 0.7047
Epoch 71/200
51/51 - 9s - 178ms/step - loss: 0.7066 - val_loss: 0.7040
Epoch 72/200
51/51 - 9s - 177ms/step - loss: 0.7059 - val_loss: 0.7033
Epoch 73/200
51/51 - 9s - 175ms/step - loss: 0.7052 - val_loss: 0.7026
Epoch 74/200
51/51 - 9s - 174ms/step - loss: 0.7045 - val_loss: 0.7020
Epoch 75/200
51/51 - 9s - 169ms/step - loss: 0.7038 - val_loss: 0.7013
Epoch 76/200
51/51 - 9s - 171ms/step - loss: 0.7031 - val_loss: 0.7007
Epoch 77/200
51/51 - 9s - 177ms/step - loss: 0.7025 - val_loss: 0.7001
Epoch 78/200
51/51 - 9s - 176ms/step - loss: 0.7018 - val_loss: 0.6994
Epoch 79/200
51/51 - 9s - 175ms/step - loss: 0.7012 - val_loss: 0.6988
Epoch 80/200
51/51 - 9s - 176ms/step - loss: 0.7005 - val_loss: 0.6982
Epoch 81/200
51/51 - 9s - 178ms/step - loss: 0.6999 - val_loss: 0.6976
Epoch 82/200
51/51 - 9s - 176ms/step - loss: 0.6993 - val_loss: 0.6970
Epoch 83/200
51/51 - 9s - 177ms/step - loss: 0.6987 - val_loss: 0.6965
Epoch 84/200
51/51 - 9s - 177ms/step - loss: 0.6981 - val_loss: 0.6959
Epoch 85/200
51/51 - 9s - 177ms/step - loss: 0.6975 - val_loss: 0.6953
Epoch 86/200
51/51 - 9s - 176ms/step - loss: 0.6969 - val_loss: 0.6948
Epoch 87/200
51/51 - 9s - 169ms/step - loss: 0.6963 - val_loss: 0.6942
Epoch 88/200
51/51 - 9s - 176ms/step - loss: 0.6958 - val_loss: 0.6937
Epoch 89/200
51/51 - 9s - 176ms/step - loss: 0.6952 - val_loss: 0.6932
Epoch 90/200
51/51 - 9s - 180ms/step - loss: 0.6946 - val_loss: 0.6927
Epoch 91/200
51/51 - 9s - 179ms/step - loss: 0.6941 - val_loss: 0.6921
Epoch 92/200
51/51 - 9s - 181ms/step - loss: 0.6935 - val_loss: 0.6916
Epoch 93/200
51/51 - 9s - 179ms/step - loss: 0.6930 - val_loss: 0.6911
Epoch 94/200
51/51 - 9s - 182ms/step - loss: 0.6925 - val_loss: 0.6907
Epoch 95/200
51/51 - 9s - 181ms/step - loss: 0.6919 - val_loss: 0.6902
Epoch 96/200
51/51 - 9s - 182ms/step - loss: 0.6914 - val_loss: 0.6897
Epoch 97/200
51/51 - 9s - 181ms/step - loss: 0.6909 - val_loss: 0.6892
Epoch 98/200
51/51 - 9s - 181ms/step - loss: 0.6904 - val_loss: 0.6888
Epoch 99/200
51/51 - 9s - 173ms/step - loss: 0.6899 - val_loss: 0.6883
Epoch 100/200
51/51 - 9s - 179ms/step - loss: 0.6894 - val_loss: 0.6878
Epoch 101/200
51/51 - 9s - 177ms/step - loss: 0.6889 - val_loss: 0.6874
Epoch 102/200
51/51 - 9s - 176ms/step - loss: 0.6885 - val_loss: 0.6870
Epoch 103/200
51/51 - 9s - 174ms/step - loss: 0.6880 - val_loss: 0.6865
Epoch 104/200
51/51 - 9s - 172ms/step - loss: 0.6875 - val_loss: 0.6861
Epoch 105/200
51/51 - 9s - 178ms/step - loss: 0.6871 - val_loss: 0.6857
Epoch 106/200
51/51 - 9s - 177ms/step - loss: 0.6866 - val_loss: 0.6853
Epoch 107/200
51/51 - 9s - 177ms/step - loss: 0.6862 - val_loss: 0.6848
Epoch 108/200
51/51 - 9s - 177ms/step - loss: 0.6857 - val_loss: 0.6844
Epoch 109/200
51/51 - 9s - 177ms/step - loss: 0.6853 - val_loss: 0.6840
Epoch 110/200
51/51 - 9s - 176ms/step - loss: 0.6848 - val_loss: 0.6836
Epoch 111/200
51/51 - 8s - 166ms/step - loss: 0.6844 - val_loss: 0.6832
Epoch 112/200
51/51 - 9s - 171ms/step - loss: 0.6840 - val_loss: 0.6829
Epoch 113/200
51/51 - 9s - 181ms/step - loss: 0.6836 - val_loss: 0.6825
Epoch 114/200
51/51 - 9s - 177ms/step - loss: 0.6832 - val_loss: 0.6821
Epoch 115/200
51/51 - 9s - 177ms/step - loss: 0.6827 - val_loss: 0.6817
Epoch 116/200
51/51 - 9s - 176ms/step - loss: 0.6823 - val_loss: 0.6814
Epoch 117/200
51/51 - 9s - 176ms/step - loss: 0.6819 - val_loss: 0.6810
Epoch 118/200
51/51 - 9s - 177ms/step - loss: 0.6815 - val_loss: 0.6807
Epoch 119/200
51/51 - 9s - 176ms/step - loss: 0.6812 - val_loss: 0.6803
Epoch 120/200
51/51 - 9s - 172ms/step - loss: 0.6808 - val_loss: 0.6799
Epoch 121/200
51/51 - 9s - 177ms/step - loss: 0.6804 - val_loss: 0.6796
Epoch 122/200
51/51 - 9s - 176ms/step - loss: 0.6800 - val_loss: 0.6793
Epoch 123/200
51/51 - 9s - 172ms/step - loss: 0.6796 - val_loss: 0.6789
Epoch 124/200
51/51 - 9s - 173ms/step - loss: 0.6793 - val_loss: 0.6786
Epoch 125/200
51/51 - 9s - 176ms/step - loss: 0.6789 - val_loss: 0.6783
Epoch 126/200
51/51 - 9s - 176ms/step - loss: 0.6786 - val_loss: 0.6779
Epoch 127/200
51/51 - 9s - 179ms/step - loss: 0.6782 - val_loss: 0.6776
Epoch 128/200
51/51 - 9s - 179ms/step - loss: 0.6779 - val_loss: 0.6773
Epoch 129/200
51/51 - 9s - 176ms/step - loss: 0.6775 - val_loss: 0.6770
Epoch 130/200
51/51 - 9s - 177ms/step - loss: 0.6772 - val_loss: 0.6767
Epoch 131/200
51/51 - 9s - 175ms/step - loss: 0.6768 - val_loss: 0.6764
Epoch 132/200
51/51 - 9s - 177ms/step - loss: 0.6765 - val_loss: 0.6761
Epoch 133/200
51/51 - 9s - 176ms/step - loss: 0.6762 - val_loss: 0.6758
Epoch 134/200
51/51 - 9s - 175ms/step - loss: 0.6758 - val_loss: 0.6755
Epoch 135/200
51/51 - 9s - 169ms/step - loss: 0.6755 - val_loss: 0.6752
Epoch 136/200
51/51 - 9s - 168ms/step - loss: 0.6752 - val_loss: 0.6749
Epoch 137/200
51/51 - 9s - 177ms/step - loss: 0.6749 - val_loss: 0.6746
Epoch 138/200
51/51 - 9s - 176ms/step - loss: 0.6746 - val_loss: 0.6744
Epoch 139/200
51/51 - 9s - 175ms/step - loss: 0.6743 - val_loss: 0.6741
Epoch 140/200
51/51 - 9s - 177ms/step - loss: 0.6740 - val_loss: 0.6738
Epoch 141/200
51/51 - 9s - 175ms/step - loss: 0.6736 - val_loss: 0.6735
Epoch 142/200
51/51 - 9s - 176ms/step - loss: 0.6734 - val_loss: 0.6733
Epoch 143/200
51/51 - 9s - 176ms/step - loss: 0.6731 - val_loss: 0.6730
Epoch 144/200
51/51 - 9s - 177ms/step - loss: 0.6728 - val_loss: 0.6728
Epoch 145/200
51/51 - 9s - 176ms/step - loss: 0.6725 - val_loss: 0.6725
Epoch 146/200
51/51 - 9s - 176ms/step - loss: 0.6722 - val_loss: 0.6722
Epoch 147/200
51/51 - 9s - 173ms/step - loss: 0.6719 - val_loss: 0.6720
Epoch 148/200
51/51 - 8s - 163ms/step - loss: 0.6716 - val_loss: 0.6717
Epoch 149/200
51/51 - 9s - 171ms/step - loss: 0.6714 - val_loss: 0.6715
Epoch 150/200
51/51 - 9s - 176ms/step - loss: 0.6711 - val_loss: 0.6713
Epoch 151/200
51/51 - 9s - 176ms/step - loss: 0.6708 - val_loss: 0.6710
Epoch 152/200
51/51 - 9s - 173ms/step - loss: 0.6706 - val_loss: 0.6708
Epoch 153/200
51/51 - 9s - 177ms/step - loss: 0.6703 - val_loss: 0.6706
Epoch 154/200
51/51 - 9s - 176ms/step - loss: 0.6700 - val_loss: 0.6703
Epoch 155/200
51/51 - 9s - 176ms/step - loss: 0.6698 - val_loss: 0.6701
Epoch 156/200
51/51 - 9s - 176ms/step - loss: 0.6695 - val_loss: 0.6699
Epoch 157/200
51/51 - 9s - 176ms/step - loss: 0.6693 - val_loss: 0.6697
Epoch 158/200
51/51 - 9s - 176ms/step - loss: 0.6690 - val_loss: 0.6694
Epoch 159/200
51/51 - 9s - 178ms/step - loss: 0.6688 - val_loss: 0.6692
Epoch 160/200
51/51 - 9s - 174ms/step - loss: 0.6685 - val_loss: 0.6690
Epoch 161/200
51/51 - 9s - 175ms/step - loss: 0.6683 - val_loss: 0.6688
Epoch 162/200
51/51 - 9s - 175ms/step - loss: 0.6681 - val_loss: 0.6686
Epoch 163/200
51/51 - 9s - 177ms/step - loss: 0.6678 - val_loss: 0.6684
Epoch 164/200
51/51 - 9s - 176ms/step - loss: 0.6676 - val_loss: 0.6682
Epoch 165/200
51/51 - 9s - 176ms/step - loss: 0.6674 - val_loss: 0.6680
Epoch 166/200
51/51 - 9s - 170ms/step - loss: 0.6671 - val_loss: 0.6678
Epoch 167/200
51/51 - 9s - 179ms/step - loss: 0.6669 - val_loss: 0.6676
Epoch 168/200
51/51 - 9s - 176ms/step - loss: 0.6667 - val_loss: 0.6674
Epoch 169/200
51/51 - 9s - 176ms/step - loss: 0.6665 - val_loss: 0.6672
Epoch 170/200
51/51 - 9s - 176ms/step - loss: 0.6663 - val_loss: 0.6670
Epoch 171/200
51/51 - 9s - 177ms/step - loss: 0.6660 - val_loss: 0.6668
Epoch 172/200
51/51 - 8s - 166ms/step - loss: 0.6658 - val_loss: 0.6666
Epoch 173/200
51/51 - 9s - 174ms/step - loss: 0.6656 - val_loss: 0.6664
Epoch 174/200
51/51 - 9s - 177ms/step - loss: 0.6654 - val_loss: 0.6663
Epoch 175/200
51/51 - 9s - 178ms/step - loss: 0.6652 - val_loss: 0.6661
Epoch 176/200
51/51 - 9s - 176ms/step - loss: 0.6650 - val_loss: 0.6659
Epoch 177/200
51/51 - 9s - 178ms/step - loss: 0.6648 - val_loss: 0.6657
Epoch 178/200
51/51 - 9s - 178ms/step - loss: 0.6646 - val_loss: 0.6656
Epoch 179/200
51/51 - 9s - 176ms/step - loss: 0.6644 - val_loss: 0.6654
Epoch 180/200
51/51 - 9s - 176ms/step - loss: 0.6642 - val_loss: 0.6652
Epoch 181/200
51/51 - 9s - 171ms/step - loss: 0.6640 - val_loss: 0.6650
Epoch 182/200
51/51 - 9s - 182ms/step - loss: 0.6638 - val_loss: 0.6649
Epoch 183/200
51/51 - 9s - 181ms/step - loss: 0.6637 - val_loss: 0.6647
Epoch 184/200
51/51 - 9s - 167ms/step - loss: 0.6635 - val_loss: 0.6645
Epoch 185/200
51/51 - 9s - 171ms/step - loss: 0.6633 - val_loss: 0.6644
Epoch 186/200
51/51 - 9s - 181ms/step - loss: 0.6631 - val_loss: 0.6642
Epoch 187/200
51/51 - 9s - 181ms/step - loss: 0.6629 - val_loss: 0.6641
Epoch 188/200
51/51 - 9s - 178ms/step - loss: 0.6627 - val_loss: 0.6639
Epoch 189/200
51/51 - 9s - 175ms/step - loss: 0.6626 - val_loss: 0.6638
Epoch 190/200
51/51 - 9s - 177ms/step - loss: 0.6624 - val_loss: 0.6636
Epoch 191/200
51/51 - 9s - 176ms/step - loss: 0.6622 - val_loss: 0.6635
Epoch 192/200
51/51 - 9s - 178ms/step - loss: 0.6621 - val_loss: 0.6633
Epoch 193/200
51/51 - 9s - 175ms/step - loss: 0.6619 - val_loss: 0.6632
Epoch 194/200
51/51 - 9s - 176ms/step - loss: 0.6617 - val_loss: 0.6630
Epoch 195/200
51/51 - 9s - 175ms/step - loss: 0.6615 - val_loss: 0.6629
Epoch 196/200
51/51 - 9s - 172ms/step - loss: 0.6614 - val_loss: 0.6627
Epoch 197/200
51/51 - 9s - 170ms/step - loss: 0.6612 - val_loss: 0.6626
Epoch 198/200
51/51 - 9s - 177ms/step - loss: 0.6611 - val_loss: 0.6624
Epoch 199/200
51/51 - 9s - 176ms/step - loss: 0.6609 - val_loss: 0.6623
Epoch 200/200
51/51 - 9s - 175ms/step - loss: 0.6607 - val_loss: 0.6622
[Run 1/5] Training shared encoder (weighted, sigmoid head, baseline preprocessing)...
Epoch 1/200
51/51 - 12s - 232ms/step - loss: 1.0055 - val_loss: 0.9922
Epoch 2/200
51/51 - 9s - 184ms/step - loss: 0.9870 - val_loss: 0.9726
Epoch 3/200
51/51 - 9s - 175ms/step - loss: 0.9683 - val_loss: 0.9530
Epoch 4/200
51/51 - 9s - 185ms/step - loss: 0.9496 - val_loss: 0.9337
Epoch 5/200
51/51 - 9s - 183ms/step - loss: 0.9312 - val_loss: 0.9152
Epoch 6/200
51/51 - 9s - 182ms/step - loss: 0.9136 - val_loss: 0.8979
Epoch 7/200
51/51 - 9s - 181ms/step - loss: 0.8976 - val_loss: 0.8824
Epoch 8/200
51/51 - 9s - 176ms/step - loss: 0.8833 - val_loss: 0.8686
Epoch 9/200
51/51 - 9s - 182ms/step - loss: 0.8706 - val_loss: 0.8565
Epoch 10/200
51/51 - 9s - 181ms/step - loss: 0.8595 - val_loss: 0.8461
Epoch 11/200
51/51 - 9s - 181ms/step - loss: 0.8498 - val_loss: 0.8373
Epoch 12/200
51/51 - 9s - 178ms/step - loss: 0.8414 - val_loss: 0.8295
Epoch 13/200
51/51 - 9s - 182ms/step - loss: 0.8340 - val_loss: 0.8226
Epoch 14/200
51/51 - 9s - 181ms/step - loss: 0.8273 - val_loss: 0.8163
Epoch 15/200
51/51 - 9s - 182ms/step - loss: 0.8212 - val_loss: 0.8107
Epoch 16/200
51/51 - 9s - 182ms/step - loss: 0.8158 - val_loss: 0.8056
Epoch 17/200
51/51 - 9s - 182ms/step - loss: 0.8109 - val_loss: 0.8010
Epoch 18/200
51/51 - 9s - 181ms/step - loss: 0.8064 - val_loss: 0.7968
Epoch 19/200
51/51 - 9s - 179ms/step - loss: 0.8023 - val_loss: 0.7929
Epoch 20/200
51/51 - 9s - 169ms/step - loss: 0.7985 - val_loss: 0.7893
Epoch 21/200
51/51 - 9s - 176ms/step - loss: 0.7950 - val_loss: 0.7860
Epoch 22/200
51/51 - 9s - 182ms/step - loss: 0.7917 - val_loss: 0.7828
Epoch 23/200
51/51 - 9s - 180ms/step - loss: 0.7886 - val_loss: 0.7799
Epoch 24/200
51/51 - 9s - 183ms/step - loss: 0.7857 - val_loss: 0.7771
Epoch 25/200
51/51 - 9s - 181ms/step - loss: 0.7830 - val_loss: 0.7745
Epoch 26/200
51/51 - 9s - 181ms/step - loss: 0.7804 - val_loss: 0.7720
Epoch 27/200
51/51 - 9s - 178ms/step - loss: 0.7780 - val_loss: 0.7697
Epoch 28/200
51/51 - 9s - 183ms/step - loss: 0.7756 - val_loss: 0.7675
Epoch 29/200
51/51 - 9s - 182ms/step - loss: 0.7734 - val_loss: 0.7653
Epoch 30/200
51/51 - 9s - 181ms/step - loss: 0.7713 - val_loss: 0.7633
Epoch 31/200
51/51 - 9s - 181ms/step - loss: 0.7693 - val_loss: 0.7613
Epoch 32/200
51/51 - 9s - 173ms/step - loss: 0.7673 - val_loss: 0.7594
Epoch 33/200
51/51 - 9s - 181ms/step - loss: 0.7655 - val_loss: 0.7576
Epoch 34/200
51/51 - 9s - 182ms/step - loss: 0.7637 - val_loss: 0.7559
Epoch 35/200
51/51 - 9s - 182ms/step - loss: 0.7619 - val_loss: 0.7542
Epoch 36/200
51/51 - 9s - 181ms/step - loss: 0.7602 - val_loss: 0.7526
Epoch 37/200
51/51 - 9s - 181ms/step - loss: 0.7586 - val_loss: 0.7510
Epoch 38/200
51/51 - 9s - 181ms/step - loss: 0.7570 - val_loss: 0.7495
Epoch 39/200
51/51 - 9s - 182ms/step - loss: 0.7555 - val_loss: 0.7480
Epoch 40/200
51/51 - 9s - 181ms/step - loss: 0.7540 - val_loss: 0.7466
Epoch 41/200
51/51 - 9s - 179ms/step - loss: 0.7526 - val_loss: 0.7452
Epoch 42/200
51/51 - 9s - 181ms/step - loss: 0.7512 - val_loss: 0.7438
Epoch 43/200
51/51 - 9s - 183ms/step - loss: 0.7498 - val_loss: 0.7425
Epoch 44/200
51/51 - 9s - 182ms/step - loss: 0.7485 - val_loss: 0.7412
Epoch 45/200
51/51 - 10s - 187ms/step - loss: 0.7471 - val_loss: 0.7400
Epoch 46/200
51/51 - 9s - 182ms/step - loss: 0.7459 - val_loss: 0.7388
Epoch 47/200
51/51 - 9s - 182ms/step - loss: 0.7446 - val_loss: 0.7376
Epoch 48/200
51/51 - 9s - 181ms/step - loss: 0.7434 - val_loss: 0.7364
Epoch 49/200
51/51 - 9s - 182ms/step - loss: 0.7422 - val_loss: 0.7353
Epoch 50/200
51/51 - 9s - 182ms/step - loss: 0.7410 - val_loss: 0.7342
Epoch 51/200
51/51 - 9s - 182ms/step - loss: 0.7399 - val_loss: 0.7331
Epoch 52/200
51/51 - 9s - 180ms/step - loss: 0.7388 - val_loss: 0.7320
Epoch 53/200
51/51 - 9s - 182ms/step - loss: 0.7377 - val_loss: 0.7310
Epoch 54/200
51/51 - 9s - 181ms/step - loss: 0.7366 - val_loss: 0.7300
Epoch 55/200
51/51 - 9s - 170ms/step - loss: 0.7355 - val_loss: 0.7290
Epoch 56/200
51/51 - 9s - 170ms/step - loss: 0.7345 - val_loss: 0.7280
Epoch 57/200
51/51 - 9s - 180ms/step - loss: 0.7335 - val_loss: 0.7270
Epoch 58/200
51/51 - 9s - 178ms/step - loss: 0.7325 - val_loss: 0.7261
Epoch 59/200
51/51 - 9s - 182ms/step - loss: 0.7315 - val_loss: 0.7252
Epoch 60/200
51/51 - 10s - 187ms/step - loss: 0.7306 - val_loss: 0.7243
Epoch 61/200
51/51 - 9s - 185ms/step - loss: 0.7296 - val_loss: 0.7234
Epoch 62/200
51/51 - 9s - 182ms/step - loss: 0.7287 - val_loss: 0.7226
Epoch 63/200
51/51 - 9s - 181ms/step - loss: 0.7278 - val_loss: 0.7217
Epoch 64/200
51/51 - 9s - 181ms/step - loss: 0.7269 - val_loss: 0.7209
Epoch 65/200
51/51 - 9s - 177ms/step - loss: 0.7261 - val_loss: 0.7201
Epoch 66/200
51/51 - 9s - 182ms/step - loss: 0.7252 - val_loss: 0.7193
Epoch 67/200
51/51 - 9s - 179ms/step - loss: 0.7244 - val_loss: 0.7185
Epoch 68/200
51/51 - 9s - 178ms/step - loss: 0.7236 - val_loss: 0.7178
Epoch 69/200
51/51 - 9s - 182ms/step - loss: 0.7227 - val_loss: 0.7170
Epoch 70/200
51/51 - 9s - 182ms/step - loss: 0.7220 - val_loss: 0.7163
Epoch 71/200
51/51 - 9s - 180ms/step - loss: 0.7212 - val_loss: 0.7155
Epoch 72/200
51/51 - 9s - 176ms/step - loss: 0.7204 - val_loss: 0.7148
Epoch 73/200
51/51 - 9s - 183ms/step - loss: 0.7196 - val_loss: 0.7141
Epoch 74/200
51/51 - 9s - 181ms/step - loss: 0.7189 - val_loss: 0.7134
Epoch 75/200
51/51 - 9s - 181ms/step - loss: 0.7182 - val_loss: 0.7127
Epoch 76/200
51/51 - 9s - 181ms/step - loss: 0.7175 - val_loss: 0.7121
Epoch 77/200
51/51 - 9s - 181ms/step - loss: 0.7167 - val_loss: 0.7114
Epoch 78/200
51/51 - 9s - 182ms/step - loss: 0.7160 - val_loss: 0.7108
Epoch 79/200
51/51 - 9s - 172ms/step - loss: 0.7154 - val_loss: 0.7101
Epoch 80/200
51/51 - 9s - 175ms/step - loss: 0.7147 - val_loss: 0.7095
Epoch 81/200
51/51 - 9s - 183ms/step - loss: 0.7140 - val_loss: 0.7089
Epoch 82/200
51/51 - 9s - 180ms/step - loss: 0.7134 - val_loss: 0.7082
Epoch 83/200
51/51 - 9s - 181ms/step - loss: 0.7127 - val_loss: 0.7076
Epoch 84/200
51/51 - 9s - 181ms/step - loss: 0.7121 - val_loss: 0.7070
Epoch 85/200
51/51 - 9s - 181ms/step - loss: 0.7114 - val_loss: 0.7065
Epoch 86/200
51/51 - 9s - 181ms/step - loss: 0.7108 - val_loss: 0.7059
Epoch 87/200
51/51 - 9s - 177ms/step - loss: 0.7102 - val_loss: 0.7053
Epoch 88/200
51/51 - 9s - 183ms/step - loss: 0.7096 - val_loss: 0.7047
Epoch 89/200
51/51 - 9s - 181ms/step - loss: 0.7090 - val_loss: 0.7042
Epoch 90/200
51/51 - 9s - 181ms/step - loss: 0.7084 - val_loss: 0.7036
Epoch 91/200
51/51 - 9s - 172ms/step - loss: 0.7078 - val_loss: 0.7031
Epoch 92/200
51/51 - 9s - 167ms/step - loss: 0.7073 - val_loss: 0.7025
Epoch 93/200
51/51 - 9s - 181ms/step - loss: 0.7067 - val_loss: 0.7020
Epoch 94/200
51/51 - 9s - 182ms/step - loss: 0.7061 - val_loss: 0.7015
Epoch 95/200
51/51 - 9s - 180ms/step - loss: 0.7056 - val_loss: 0.7010
Epoch 96/200
51/51 - 9s - 181ms/step - loss: 0.7050 - val_loss: 0.7005
Epoch 97/200
51/51 - 9s - 183ms/step - loss: 0.7045 - val_loss: 0.7000
Epoch 98/200
51/51 - 9s - 181ms/step - loss: 0.7040 - val_loss: 0.6995
Epoch 99/200
51/51 - 9s - 180ms/step - loss: 0.7035 - val_loss: 0.6990
Epoch 100/200
51/51 - 9s - 182ms/step - loss: 0.7029 - val_loss: 0.6985
Epoch 101/200
51/51 - 9s - 181ms/step - loss: 0.7024 - val_loss: 0.6980
Epoch 102/200
51/51 - 9s - 181ms/step - loss: 0.7019 - val_loss: 0.6976
Epoch 103/200
51/51 - 9s - 179ms/step - loss: 0.7014 - val_loss: 0.6971
Epoch 104/200
51/51 - 9s - 173ms/step - loss: 0.7010 - val_loss: 0.6966
Epoch 105/200
51/51 - 9s - 182ms/step - loss: 0.7005 - val_loss: 0.6962
Epoch 106/200
51/51 - 9s - 182ms/step - loss: 0.7000 - val_loss: 0.6957
Epoch 107/200
51/51 - 9s - 181ms/step - loss: 0.6995 - val_loss: 0.6953
Epoch 108/200
51/51 - 9s - 181ms/step - loss: 0.6991 - val_loss: 0.6949
Epoch 109/200
51/51 - 9s - 180ms/step - loss: 0.6986 - val_loss: 0.6944
Epoch 110/200
51/51 - 9s - 181ms/step - loss: 0.6981 - val_loss: 0.6940
Epoch 111/200
51/51 - 9s - 184ms/step - loss: 0.6977 - val_loss: 0.6936
Epoch 112/200
51/51 - 9s - 181ms/step - loss: 0.6972 - val_loss: 0.6932
Epoch 113/200
51/51 - 9s - 181ms/step - loss: 0.6968 - val_loss: 0.6928
Epoch 114/200
51/51 - 9s - 183ms/step - loss: 0.6964 - val_loss: 0.6924
Epoch 115/200
51/51 - 9s - 170ms/step - loss: 0.6960 - val_loss: 0.6920
Epoch 116/200
51/51 - 9s - 179ms/step - loss: 0.6955 - val_loss: 0.6916
Epoch 117/200
51/51 - 9s - 181ms/step - loss: 0.6951 - val_loss: 0.6912
Epoch 118/200
51/51 - 9s - 178ms/step - loss: 0.6947 - val_loss: 0.6909
Epoch 119/200
51/51 - 9s - 182ms/step - loss: 0.6943 - val_loss: 0.6905
Epoch 120/200
51/51 - 9s - 183ms/step - loss: 0.6939 - val_loss: 0.6901
Epoch 121/200
51/51 - 9s - 180ms/step - loss: 0.6935 - val_loss: 0.6898
Epoch 122/200
51/51 - 9s - 181ms/step - loss: 0.6931 - val_loss: 0.6894
Epoch 123/200
51/51 - 9s - 183ms/step - loss: 0.6927 - val_loss: 0.6891
Epoch 124/200
51/51 - 9s - 186ms/step - loss: 0.6923 - val_loss: 0.6887
Epoch 125/200
51/51 - 10s - 190ms/step - loss: 0.6919 - val_loss: 0.6884
Epoch 126/200
51/51 - 9s - 181ms/step - loss: 0.6916 - val_loss: 0.6881
Epoch 127/200
51/51 - 9s - 172ms/step - loss: 0.6912 - val_loss: 0.6877
Epoch 128/200
51/51 - 9s - 181ms/step - loss: 0.6908 - val_loss: 0.6874
Epoch 129/200
51/51 - 9s - 185ms/step - loss: 0.6905 - val_loss: 0.6871
Epoch 130/200
51/51 - 9s - 185ms/step - loss: 0.6901 - val_loss: 0.6868
Epoch 131/200
51/51 - 9s - 186ms/step - loss: 0.6898 - val_loss: 0.6865
Epoch 132/200
51/51 - 9s - 185ms/step - loss: 0.6894 - val_loss: 0.6861
Epoch 133/200
51/51 - 9s - 181ms/step - loss: 0.6891 - val_loss: 0.6858
Epoch 134/200
51/51 - 9s - 182ms/step - loss: 0.6887 - val_loss: 0.6855
Epoch 135/200
51/51 - 9s - 182ms/step - loss: 0.6884 - val_loss: 0.6853
Epoch 136/200
51/51 - 9s - 180ms/step - loss: 0.6880 - val_loss: 0.6850
Epoch 137/200
51/51 - 9s - 182ms/step - loss: 0.6877 - val_loss: 0.6847
Epoch 138/200
51/51 - 9s - 181ms/step - loss: 0.6874 - val_loss: 0.6844
Epoch 139/200
51/51 - 9s - 177ms/step - loss: 0.6871 - val_loss: 0.6841
Epoch 140/200
51/51 - 10s - 188ms/step - loss: 0.6867 - val_loss: 0.6838
Epoch 141/200
51/51 - 10s - 187ms/step - loss: 0.6864 - val_loss: 0.6836
Epoch 142/200
51/51 - 10s - 187ms/step - loss: 0.6861 - val_loss: 0.6833
Epoch 143/200
51/51 - 9s - 183ms/step - loss: 0.6858 - val_loss: 0.6831
Epoch 144/200
51/51 - 9s - 186ms/step - loss: 0.6855 - val_loss: 0.6828
Epoch 145/200
51/51 - 9s - 186ms/step - loss: 0.6852 - val_loss: 0.6825
Epoch 146/200
51/51 - 9s - 181ms/step - loss: 0.6849 - val_loss: 0.6823
Epoch 147/200
51/51 - 10s - 189ms/step - loss: 0.6846 - val_loss: 0.6820
Epoch 148/200
51/51 - 9s - 184ms/step - loss: 0.6843 - val_loss: 0.6818
Epoch 149/200
51/51 - 9s - 181ms/step - loss: 0.6840 - val_loss: 0.6816
Epoch 150/200
51/51 - 9s - 176ms/step - loss: 0.6837 - val_loss: 0.6813
Epoch 151/200
51/51 - 9s - 176ms/step - loss: 0.6834 - val_loss: 0.6811
Epoch 152/200
51/51 - 9s - 181ms/step - loss: 0.6831 - val_loss: 0.6809
Epoch 153/200
51/51 - 9s - 182ms/step - loss: 0.6829 - val_loss: 0.6806
Epoch 154/200
51/51 - 9s - 183ms/step - loss: 0.6826 - val_loss: 0.6804
Epoch 155/200
51/51 - 9s - 181ms/step - loss: 0.6823 - val_loss: 0.6802
Epoch 156/200
51/51 - 9s - 180ms/step - loss: 0.6820 - val_loss: 0.6800
Epoch 157/200
51/51 - 9s - 182ms/step - loss: 0.6818 - val_loss: 0.6798
Epoch 158/200
51/51 - 9s - 180ms/step - loss: 0.6815 - val_loss: 0.6795
Epoch 159/200
51/51 - 9s - 180ms/step - loss: 0.6812 - val_loss: 0.6793
Epoch 160/200
51/51 - 9s - 179ms/step - loss: 0.6810 - val_loss: 0.6791
Epoch 161/200
51/51 - 9s - 182ms/step - loss: 0.6807 - val_loss: 0.6789
Epoch 162/200
51/51 - 9s - 177ms/step - loss: 0.6805 - val_loss: 0.6787
Epoch 163/200
51/51 - 9s - 173ms/step - loss: 0.6802 - val_loss: 0.6785
Epoch 164/200
51/51 - 9s - 177ms/step - loss: 0.6800 - val_loss: 0.6783
Epoch 165/200
51/51 - 9s - 181ms/step - loss: 0.6797 - val_loss: 0.6781
Epoch 166/200
51/51 - 9s - 181ms/step - loss: 0.6795 - val_loss: 0.6779
Epoch 167/200
51/51 - 9s - 184ms/step - loss: 0.6792 - val_loss: 0.6778
Epoch 168/200
51/51 - 9s - 181ms/step - loss: 0.6790 - val_loss: 0.6776
Epoch 169/200
51/51 - 9s - 181ms/step - loss: 0.6787 - val_loss: 0.6774
Epoch 170/200
51/51 - 10s - 187ms/step - loss: 0.6785 - val_loss: 0.6772
Epoch 171/200
51/51 - 9s - 185ms/step - loss: 0.6783 - val_loss: 0.6770
Epoch 172/200
51/51 - 9s - 185ms/step - loss: 0.6780 - val_loss: 0.6768
Epoch 173/200
51/51 - 9s - 182ms/step - loss: 0.6778 - val_loss: 0.6767
Epoch 174/200
51/51 - 9s - 181ms/step - loss: 0.6776 - val_loss: 0.6765
Epoch 175/200
51/51 - 9s - 178ms/step - loss: 0.6774 - val_loss: 0.6763
Epoch 176/200
51/51 - 9s - 184ms/step - loss: 0.6771 - val_loss: 0.6762
Epoch 177/200
51/51 - 9s - 185ms/step - loss: 0.6769 - val_loss: 0.6760
Epoch 178/200
51/51 - 9s - 186ms/step - loss: 0.6767 - val_loss: 0.6758
Epoch 179/200
51/51 - 9s - 186ms/step - loss: 0.6765 - val_loss: 0.6757
Epoch 180/200
51/51 - 10s - 187ms/step - loss: 0.6763 - val_loss: 0.6755
Epoch 181/200
51/51 - 9s - 186ms/step - loss: 0.6760 - val_loss: 0.6754
Epoch 182/200
51/51 - 9s - 180ms/step - loss: 0.6758 - val_loss: 0.6752
Epoch 183/200
51/51 - 9s - 171ms/step - loss: 0.6756 - val_loss: 0.6750
Epoch 184/200
51/51 - 9s - 168ms/step - loss: 0.6754 - val_loss: 0.6749
Epoch 185/200
51/51 - 9s - 167ms/step - loss: 0.6752 - val_loss: 0.6747
Epoch 186/200
51/51 - 9s - 167ms/step - loss: 0.6750 - val_loss: 0.6746
Epoch 187/200
51/51 - 9s - 167ms/step - loss: 0.6748 - val_loss: 0.6744
Epoch 188/200
51/51 - 9s - 167ms/step - loss: 0.6746 - val_loss: 0.6743
Epoch 189/200
51/51 - 9s - 167ms/step - loss: 0.6744 - val_loss: 0.6742
Epoch 190/200
51/51 - 9s - 168ms/step - loss: 0.6742 - val_loss: 0.6740
Epoch 191/200
51/51 - 9s - 167ms/step - loss: 0.6740 - val_loss: 0.6739
Epoch 192/200
51/51 - 9s - 167ms/step - loss: 0.6738 - val_loss: 0.6737
Epoch 193/200
51/51 - 9s - 171ms/step - loss: 0.6736 - val_loss: 0.6736
Epoch 194/200
51/51 - 9s - 169ms/step - loss: 0.6735 - val_loss: 0.6735
Epoch 195/200
51/51 - 9s - 173ms/step - loss: 0.6733 - val_loss: 0.6733
Epoch 196/200
51/51 - 10s - 193ms/step - loss: 0.6731 - val_loss: 0.6732
Epoch 197/200
51/51 - 10s - 193ms/step - loss: 0.6729 - val_loss: 0.6731
Epoch 198/200
51/51 - 10s - 190ms/step - loss: 0.6727 - val_loss: 0.6729
Epoch 199/200
51/51 - 9s - 181ms/step - loss: 0.6726 - val_loss: 0.6728
Epoch 200/200
51/51 - 9s - 179ms/step - loss: 0.6724 - val_loss: 0.6727
[Run 1/5] Training single encoder baseline (baseline preprocessing, linear structure, sigmoid head)...
[Run 1/5] Shared encoder (unweight) threshold comparison: dynamic=0.2798 (balanced_accuracy=0.6808), fixed_0.5=0.5000 (balanced_accuracy=0.6760).
[Run 1/5] Shared encoder (weighted) threshold comparison: dynamic=0.4261 (balanced_accuracy=0.6791), fixed_0.5=0.5000 (balanced_accuracy=0.6752).
[Run 1/5] Saved raw test predictions to /home/xx4455/Comparable/Code/Synthetic/Results/Predictions/compas_race_28756_5_run1_raw_predictions.csv.
[Run 2/5] Training shared encoder (unweighted, sigmoid head, baseline preprocessing)...
Epoch 1/200
50/50 - 12s - 231ms/step - loss: 1.0578 - val_loss: 1.0375
Epoch 2/200
50/50 - 9s - 178ms/step - loss: 1.0331 - val_loss: 1.0148
Epoch 3/200
50/50 - 8s - 169ms/step - loss: 1.0091 - val_loss: 0.9934
Epoch 4/200
50/50 - 9s - 177ms/step - loss: 0.9865 - val_loss: 0.9737
Epoch 5/200
50/50 - 9s - 174ms/step - loss: 0.9654 - val_loss: 0.9556
Epoch 6/200
50/50 - 8s - 169ms/step - loss: 0.9456 - val_loss: 0.9387
Epoch 7/200
50/50 - 9s - 181ms/step - loss: 0.9271 - val_loss: 0.9228
Epoch 8/200
50/50 - 9s - 177ms/step - loss: 0.9096 - val_loss: 0.9074
Epoch 9/200
50/50 - 9s - 180ms/step - loss: 0.8930 - val_loss: 0.8930
Epoch 10/200
50/50 - 9s - 181ms/step - loss: 0.8780 - val_loss: 0.8800
Epoch 11/200
50/50 - 9s - 177ms/step - loss: 0.8648 - val_loss: 0.8686
Epoch 12/200
50/50 - 9s - 173ms/step - loss: 0.8536 - val_loss: 0.8594
Epoch 13/200
50/50 - 9s - 174ms/step - loss: 0.8446 - val_loss: 0.8519
Epoch 14/200
50/50 - 9s - 181ms/step - loss: 0.8370 - val_loss: 0.8456
Epoch 15/200
50/50 - 9s - 182ms/step - loss: 0.8304 - val_loss: 0.8401
Epoch 16/200
50/50 - 9s - 181ms/step - loss: 0.8245 - val_loss: 0.8351
Epoch 17/200
50/50 - 9s - 174ms/step - loss: 0.8192 - val_loss: 0.8307
Epoch 18/200
50/50 - 9s - 174ms/step - loss: 0.8143 - val_loss: 0.8266
Epoch 19/200
50/50 - 9s - 181ms/step - loss: 0.8098 - val_loss: 0.8228
Epoch 20/200
50/50 - 9s - 174ms/step - loss: 0.8056 - val_loss: 0.8193
Epoch 21/200
50/50 - 9s - 179ms/step - loss: 0.8017 - val_loss: 0.8161
Epoch 22/200
50/50 - 9s - 181ms/step - loss: 0.7980 - val_loss: 0.8130
Epoch 23/200
50/50 - 9s - 181ms/step - loss: 0.7946 - val_loss: 0.8101
Epoch 24/200
50/50 - 9s - 178ms/step - loss: 0.7913 - val_loss: 0.8074
Epoch 25/200
50/50 - 9s - 180ms/step - loss: 0.7882 - val_loss: 0.8048
Epoch 26/200
50/50 - 9s - 181ms/step - loss: 0.7852 - val_loss: 0.8023
Epoch 27/200
50/50 - 9s - 177ms/step - loss: 0.7823 - val_loss: 0.7999
Epoch 28/200
50/50 - 9s - 180ms/step - loss: 0.7796 - val_loss: 0.7977
Epoch 29/200
50/50 - 9s - 174ms/step - loss: 0.7769 - val_loss: 0.7955
Epoch 30/200
50/50 - 8s - 165ms/step - loss: 0.7744 - val_loss: 0.7934
Epoch 31/200
50/50 - 9s - 174ms/step - loss: 0.7720 - val_loss: 0.7914
Epoch 32/200
50/50 - 9s - 180ms/step - loss: 0.7696 - val_loss: 0.7895
Epoch 33/200
50/50 - 9s - 175ms/step - loss: 0.7673 - val_loss: 0.7876
Epoch 34/200
50/50 - 9s - 176ms/step - loss: 0.7651 - val_loss: 0.7858
Epoch 35/200
50/50 - 9s - 174ms/step - loss: 0.7630 - val_loss: 0.7840
Epoch 36/200
50/50 - 9s - 174ms/step - loss: 0.7609 - val_loss: 0.7823
Epoch 37/200
50/50 - 9s - 177ms/step - loss: 0.7589 - val_loss: 0.7806
Epoch 38/200
50/50 - 9s - 174ms/step - loss: 0.7569 - val_loss: 0.7790
Epoch 39/200
50/50 - 9s - 175ms/step - loss: 0.7550 - val_loss: 0.7774
Epoch 40/200
50/50 - 9s - 175ms/step - loss: 0.7531 - val_loss: 0.7759
Epoch 41/200
50/50 - 9s - 173ms/step - loss: 0.7513 - val_loss: 0.7743
Epoch 42/200
50/50 - 9s - 173ms/step - loss: 0.7495 - val_loss: 0.7728
Epoch 43/200
50/50 - 8s - 168ms/step - loss: 0.7478 - val_loss: 0.7714
Epoch 44/200
50/50 - 8s - 170ms/step - loss: 0.7461 - val_loss: 0.7699
Epoch 45/200
50/50 - 9s - 176ms/step - loss: 0.7444 - val_loss: 0.7685
Epoch 46/200
50/50 - 9s - 175ms/step - loss: 0.7428 - val_loss: 0.7672
Epoch 47/200
50/50 - 9s - 175ms/step - loss: 0.7412 - val_loss: 0.7658
Epoch 48/200
50/50 - 9s - 176ms/step - loss: 0.7397 - val_loss: 0.7645
Epoch 49/200
50/50 - 9s - 178ms/step - loss: 0.7382 - val_loss: 0.7632
Epoch 50/200
50/50 - 9s - 175ms/step - loss: 0.7368 - val_loss: 0.7620
Epoch 51/200
50/50 - 9s - 177ms/step - loss: 0.7354 - val_loss: 0.7607
Epoch 52/200
50/50 - 9s - 179ms/step - loss: 0.7340 - val_loss: 0.7595
Epoch 53/200
50/50 - 9s - 174ms/step - loss: 0.7327 - val_loss: 0.7584
Epoch 54/200
50/50 - 9s - 175ms/step - loss: 0.7314 - val_loss: 0.7572
Epoch 55/200
50/50 - 9s - 171ms/step - loss: 0.7302 - val_loss: 0.7561
Epoch 56/200
50/50 - 9s - 174ms/step - loss: 0.7290 - val_loss: 0.7550
Epoch 57/200
50/50 - 9s - 174ms/step - loss: 0.7278 - val_loss: 0.7540
Epoch 58/200
50/50 - 9s - 172ms/step - loss: 0.7266 - val_loss: 0.7529
Epoch 59/200
50/50 - 9s - 176ms/step - loss: 0.7255 - val_loss: 0.7519
Epoch 60/200
50/50 - 9s - 176ms/step - loss: 0.7244 - val_loss: 0.7510
Epoch 61/200
50/50 - 9s - 175ms/step - loss: 0.7234 - val_loss: 0.7500
Epoch 62/200
50/50 - 9s - 174ms/step - loss: 0.7223 - val_loss: 0.7490
Epoch 63/200
50/50 - 9s - 175ms/step - loss: 0.7213 - val_loss: 0.7481
Epoch 64/200
50/50 - 9s - 176ms/step - loss: 0.7204 - val_loss: 0.7472
Epoch 65/200
50/50 - 9s - 177ms/step - loss: 0.7194 - val_loss: 0.7463
Epoch 66/200
50/50 - 9s - 174ms/step - loss: 0.7185 - val_loss: 0.7455
Epoch 67/200
50/50 - 9s - 174ms/step - loss: 0.7176 - val_loss: 0.7446
Epoch 68/200
50/50 - 8s - 170ms/step - loss: 0.7167 - val_loss: 0.7438
Epoch 69/200
50/50 - 9s - 175ms/step - loss: 0.7158 - val_loss: 0.7430
Epoch 70/200
50/50 - 9s - 173ms/step - loss: 0.7149 - val_loss: 0.7422
Epoch 71/200
50/50 - 9s - 175ms/step - loss: 0.7141 - val_loss: 0.7414
Epoch 72/200
50/50 - 9s - 172ms/step - loss: 0.7133 - val_loss: 0.7406
Epoch 73/200
50/50 - 9s - 176ms/step - loss: 0.7125 - val_loss: 0.7398
Epoch 74/200
50/50 - 9s - 175ms/step - loss: 0.7117 - val_loss: 0.7391
Epoch 75/200
50/50 - 9s - 174ms/step - loss: 0.7109 - val_loss: 0.7384
Epoch 76/200
50/50 - 9s - 176ms/step - loss: 0.7101 - val_loss: 0.7376
Epoch 77/200
50/50 - 9s - 174ms/step - loss: 0.7094 - val_loss: 0.7369
Epoch 78/200
50/50 - 9s - 174ms/step - loss: 0.7087 - val_loss: 0.7362
Epoch 79/200
50/50 - 9s - 176ms/step - loss: 0.7080 - val_loss: 0.7355
Epoch 80/200
50/50 - 9s - 173ms/step - loss: 0.7072 - val_loss: 0.7349
Epoch 81/200
50/50 - 9s - 175ms/step - loss: 0.7066 - val_loss: 0.7342
Epoch 82/200
50/50 - 9s - 176ms/step - loss: 0.7059 - val_loss: 0.7335
Epoch 83/200
50/50 - 9s - 175ms/step - loss: 0.7052 - val_loss: 0.7329
Epoch 84/200
50/50 - 9s - 174ms/step - loss: 0.7045 - val_loss: 0.7322
Epoch 85/200
50/50 - 9s - 175ms/step - loss: 0.7039 - val_loss: 0.7316
Epoch 86/200
50/50 - 9s - 174ms/step - loss: 0.7033 - val_loss: 0.7310
Epoch 87/200
50/50 - 9s - 171ms/step - loss: 0.7026 - val_loss: 0.7304
Epoch 88/200
50/50 - 9s - 176ms/step - loss: 0.7020 - val_loss: 0.7298
Epoch 89/200
50/50 - 9s - 175ms/step - loss: 0.7014 - val_loss: 0.7292
Epoch 90/200
50/50 - 9s - 174ms/step - loss: 0.7008 - val_loss: 0.7286
Epoch 91/200
50/50 - 9s - 176ms/step - loss: 0.7002 - val_loss: 0.7280
Epoch 92/200
50/50 - 8s - 168ms/step - loss: 0.6996 - val_loss: 0.7274
Epoch 93/200
50/50 - 8s - 169ms/step - loss: 0.6991 - val_loss: 0.7268
Epoch 94/200
50/50 - 9s - 176ms/step - loss: 0.6985 - val_loss: 0.7263
Epoch 95/200
50/50 - 9s - 174ms/step - loss: 0.6979 - val_loss: 0.7257
Epoch 96/200
50/50 - 9s - 177ms/step - loss: 0.6974 - val_loss: 0.7252
Epoch 97/200
50/50 - 9s - 175ms/step - loss: 0.6968 - val_loss: 0.7246
Epoch 98/200
50/50 - 9s - 175ms/step - loss: 0.6963 - val_loss: 0.7241
Epoch 99/200
50/50 - 9s - 175ms/step - loss: 0.6958 - val_loss: 0.7236
Epoch 100/200
50/50 - 9s - 176ms/step - loss: 0.6953 - val_loss: 0.7231
Epoch 101/200
50/50 - 9s - 174ms/step - loss: 0.6947 - val_loss: 0.7225
Epoch 102/200
50/50 - 9s - 174ms/step - loss: 0.6942 - val_loss: 0.7220
Epoch 103/200
50/50 - 9s - 171ms/step - loss: 0.6937 - val_loss: 0.7215
Epoch 104/200
50/50 - 9s - 176ms/step - loss: 0.6932 - val_loss: 0.7210
Epoch 105/200
50/50 - 8s - 167ms/step - loss: 0.6928 - val_loss: 0.7205
Epoch 106/200
50/50 - 9s - 172ms/step - loss: 0.6923 - val_loss: 0.7200
Epoch 107/200
50/50 - 9s - 177ms/step - loss: 0.6918 - val_loss: 0.7196
Epoch 108/200
50/50 - 9s - 180ms/step - loss: 0.6913 - val_loss: 0.7191
Epoch 109/200
50/50 - 9s - 177ms/step - loss: 0.6909 - val_loss: 0.7186
Epoch 110/200
50/50 - 9s - 174ms/step - loss: 0.6904 - val_loss: 0.7181
Epoch 111/200
50/50 - 9s - 177ms/step - loss: 0.6900 - val_loss: 0.7177
Epoch 112/200
50/50 - 9s - 175ms/step - loss: 0.6895 - val_loss: 0.7172
Epoch 113/200
50/50 - 9s - 177ms/step - loss: 0.6891 - val_loss: 0.7168
Epoch 114/200
50/50 - 9s - 174ms/step - loss: 0.6886 - val_loss: 0.7163
Epoch 115/200
50/50 - 9s - 175ms/step - loss: 0.6882 - val_loss: 0.7159
Epoch 116/200
50/50 - 9s - 174ms/step - loss: 0.6878 - val_loss: 0.7154
Epoch 117/200
50/50 - 9s - 172ms/step - loss: 0.6874 - val_loss: 0.7150
Epoch 118/200
50/50 - 8s - 170ms/step - loss: 0.6870 - val_loss: 0.7146
Epoch 119/200
50/50 - 9s - 171ms/step - loss: 0.6865 - val_loss: 0.7141
Epoch 120/200
50/50 - 9s - 175ms/step - loss: 0.6861 - val_loss: 0.7137
Epoch 121/200
50/50 - 9s - 175ms/step - loss: 0.6857 - val_loss: 0.7133
Epoch 122/200
50/50 - 9s - 174ms/step - loss: 0.6853 - val_loss: 0.7129
Epoch 123/200
50/50 - 9s - 174ms/step - loss: 0.6849 - val_loss: 0.7125
Epoch 124/200
50/50 - 9s - 175ms/step - loss: 0.6846 - val_loss: 0.7121
Epoch 125/200
50/50 - 9s - 174ms/step - loss: 0.6842 - val_loss: 0.7117
Epoch 126/200
50/50 - 9s - 176ms/step - loss: 0.6838 - val_loss: 0.7113
Epoch 127/200
50/50 - 9s - 176ms/step - loss: 0.6834 - val_loss: 0.7109
Epoch 128/200
50/50 - 9s - 174ms/step - loss: 0.6830 - val_loss: 0.7105
Epoch 129/200
50/50 - 9s - 172ms/step - loss: 0.6827 - val_loss: 0.7101
Epoch 130/200
50/50 - 8s - 167ms/step - loss: 0.6823 - val_loss: 0.7097
Epoch 131/200
50/50 - 9s - 176ms/step - loss: 0.6819 - val_loss: 0.7093
Epoch 132/200
50/50 - 9s - 174ms/step - loss: 0.6816 - val_loss: 0.7089
Epoch 133/200
50/50 - 9s - 174ms/step - loss: 0.6812 - val_loss: 0.7086
Epoch 134/200
50/50 - 8s - 170ms/step - loss: 0.6809 - val_loss: 0.7082
Epoch 135/200
50/50 - 9s - 177ms/step - loss: 0.6805 - val_loss: 0.7078
Epoch 136/200
50/50 - 9s - 176ms/step - loss: 0.6802 - val_loss: 0.7075
Epoch 137/200
50/50 - 9s - 174ms/step - loss: 0.6798 - val_loss: 0.7071
Epoch 138/200
50/50 - 9s - 175ms/step - loss: 0.6795 - val_loss: 0.7067
Epoch 139/200
50/50 - 9s - 174ms/step - loss: 0.6792 - val_loss: 0.7064
Epoch 140/200
50/50 - 9s - 174ms/step - loss: 0.6788 - val_loss: 0.7060
Epoch 141/200
50/50 - 9s - 174ms/step - loss: 0.6785 - val_loss: 0.7057
Epoch 142/200
50/50 - 8s - 164ms/step - loss: 0.6782 - val_loss: 0.7053
Epoch 143/200
50/50 - 8s - 164ms/step - loss: 0.6779 - val_loss: 0.7050
Epoch 144/200
50/50 - 9s - 176ms/step - loss: 0.6775 - val_loss: 0.7046
Epoch 145/200
50/50 - 9s - 175ms/step - loss: 0.6772 - val_loss: 0.7043
Epoch 146/200
50/50 - 9s - 175ms/step - loss: 0.6769 - val_loss: 0.7040
Epoch 147/200
50/50 - 9s - 175ms/step - loss: 0.6766 - val_loss: 0.7036
Epoch 148/200
50/50 - 9s - 176ms/step - loss: 0.6763 - val_loss: 0.7033
Epoch 149/200
50/50 - 9s - 177ms/step - loss: 0.6760 - val_loss: 0.7030
Epoch 150/200
50/50 - 9s - 180ms/step - loss: 0.6757 - val_loss: 0.7026
Epoch 151/200
50/50 - 9s - 174ms/step - loss: 0.6754 - val_loss: 0.7023
Epoch 152/200
50/50 - 9s - 180ms/step - loss: 0.6751 - val_loss: 0.7020
Epoch 153/200
50/50 - 9s - 180ms/step - loss: 0.6748 - val_loss: 0.7017
Epoch 154/200
50/50 - 9s - 176ms/step - loss: 0.6745 - val_loss: 0.7014
Epoch 155/200
50/50 - 9s - 174ms/step - loss: 0.6742 - val_loss: 0.7010
Epoch 156/200
50/50 - 9s - 179ms/step - loss: 0.6739 - val_loss: 0.7007
Epoch 157/200
50/50 - 9s - 177ms/step - loss: 0.6736 - val_loss: 0.7004
Epoch 158/200
50/50 - 9s - 179ms/step - loss: 0.6733 - val_loss: 0.7001
Epoch 159/200
50/50 - 9s - 175ms/step - loss: 0.6730 - val_loss: 0.6998
Epoch 160/200
50/50 - 9s - 175ms/step - loss: 0.6728 - val_loss: 0.6995
Epoch 161/200
50/50 - 9s - 175ms/step - loss: 0.6725 - val_loss: 0.6992
Epoch 162/200
50/50 - 9s - 175ms/step - loss: 0.6722 - val_loss: 0.6989
Epoch 163/200
50/50 - 9s - 175ms/step - loss: 0.6719 - val_loss: 0.6986
Epoch 164/200
50/50 - 9s - 175ms/step - loss: 0.6717 - val_loss: 0.6983
Epoch 165/200
50/50 - 9s - 171ms/step - loss: 0.6714 - val_loss: 0.6980
Epoch 166/200
50/50 - 9s - 176ms/step - loss: 0.6711 - val_loss: 0.6978
Epoch 167/200
50/50 - 8s - 168ms/step - loss: 0.6708 - val_loss: 0.6975
Epoch 168/200
50/50 - 9s - 170ms/step - loss: 0.6706 - val_loss: 0.6972
Epoch 169/200
50/50 - 9s - 176ms/step - loss: 0.6703 - val_loss: 0.6969
Epoch 170/200
50/50 - 9s - 177ms/step - loss: 0.6701 - val_loss: 0.6966
Epoch 171/200
50/50 - 9s - 175ms/step - loss: 0.6698 - val_loss: 0.6964
Epoch 172/200
50/50 - 9s - 174ms/step - loss: 0.6696 - val_loss: 0.6961
Epoch 173/200
50/50 - 9s - 176ms/step - loss: 0.6693 - val_loss: 0.6958
Epoch 174/200
50/50 - 9s - 177ms/step - loss: 0.6691 - val_loss: 0.6956
Epoch 175/200
50/50 - 9s - 176ms/step - loss: 0.6688 - val_loss: 0.6953
Epoch 176/200
50/50 - 9s - 174ms/step - loss: 0.6686 - val_loss: 0.6951
Epoch 177/200
50/50 - 9s - 175ms/step - loss: 0.6683 - val_loss: 0.6948
Epoch 178/200
50/50 - 9s - 175ms/step - loss: 0.6681 - val_loss: 0.6946
Epoch 179/200
50/50 - 9s - 174ms/step - loss: 0.6678 - val_loss: 0.6943
Epoch 180/200
50/50 - 8s - 166ms/step - loss: 0.6676 - val_loss: 0.6941
Epoch 181/200
50/50 - 8s - 170ms/step - loss: 0.6674 - val_loss: 0.6938
Epoch 182/200
50/50 - 9s - 172ms/step - loss: 0.6671 - val_loss: 0.6936
Epoch 183/200
50/50 - 9s - 175ms/step - loss: 0.6669 - val_loss: 0.6933
Epoch 184/200
50/50 - 9s - 176ms/step - loss: 0.6667 - val_loss: 0.6931
Epoch 185/200
50/50 - 9s - 174ms/step - loss: 0.6664 - val_loss: 0.6929
Epoch 186/200
50/50 - 9s - 175ms/step - loss: 0.6662 - val_loss: 0.6927
Epoch 187/200
50/50 - 9s - 174ms/step - loss: 0.6660 - val_loss: 0.6924
Epoch 188/200
50/50 - 9s - 175ms/step - loss: 0.6658 - val_loss: 0.6922
Epoch 189/200
50/50 - 9s - 176ms/step - loss: 0.6656 - val_loss: 0.6920
Epoch 190/200
50/50 - 9s - 176ms/step - loss: 0.6653 - val_loss: 0.6918
Epoch 191/200
50/50 - 9s - 174ms/step - loss: 0.6651 - val_loss: 0.6916
Epoch 192/200
50/50 - 9s - 173ms/step - loss: 0.6649 - val_loss: 0.6913
Epoch 193/200
50/50 - 8s - 169ms/step - loss: 0.6647 - val_loss: 0.6911
Epoch 194/200
50/50 - 9s - 175ms/step - loss: 0.6645 - val_loss: 0.6909
Epoch 195/200
50/50 - 9s - 174ms/step - loss: 0.6643 - val_loss: 0.6907
Epoch 196/200
50/50 - 9s - 175ms/step - loss: 0.6641 - val_loss: 0.6905
Epoch 197/200
50/50 - 9s - 172ms/step - loss: 0.6639 - val_loss: 0.6903
Epoch 198/200
50/50 - 9s - 175ms/step - loss: 0.6637 - val_loss: 0.6901
Epoch 199/200
50/50 - 9s - 176ms/step - loss: 0.6635 - val_loss: 0.6899
Epoch 200/200
50/50 - 9s - 175ms/step - loss: 0.6633 - val_loss: 0.6898
[Run 2/5] Training shared encoder (weighted, sigmoid head, baseline preprocessing)...
Epoch 1/200
50/50 - 11s - 229ms/step - loss: 1.0871 - val_loss: 1.0813
Epoch 2/200
50/50 - 9s - 184ms/step - loss: 1.0678 - val_loss: 1.0632
Epoch 3/200
50/50 - 9s - 176ms/step - loss: 1.0457 - val_loss: 1.0424
Epoch 4/200
50/50 - 9s - 181ms/step - loss: 1.0217 - val_loss: 1.0206
Epoch 5/200
50/50 - 9s - 177ms/step - loss: 0.9980 - val_loss: 0.9997
Epoch 6/200
50/50 - 9s - 182ms/step - loss: 0.9759 - val_loss: 0.9801
Epoch 7/200
50/50 - 9s - 182ms/step - loss: 0.9555 - val_loss: 0.9618
Epoch 8/200
50/50 - 9s - 183ms/step - loss: 0.9365 - val_loss: 0.9447
Epoch 9/200
50/50 - 9s - 182ms/step - loss: 0.9190 - val_loss: 0.9286
Epoch 10/200
50/50 - 9s - 182ms/step - loss: 0.9029 - val_loss: 0.9140
Epoch 11/200
50/50 - 9s - 178ms/step - loss: 0.8886 - val_loss: 0.9014
Epoch 12/200
50/50 - 9s - 183ms/step - loss: 0.8763 - val_loss: 0.8905
Epoch 13/200
50/50 - 9s - 182ms/step - loss: 0.8655 - val_loss: 0.8808
Epoch 14/200
50/50 - 9s - 183ms/step - loss: 0.8559 - val_loss: 0.8721
Epoch 15/200
50/50 - 9s - 183ms/step - loss: 0.8473 - val_loss: 0.8643
Epoch 16/200
50/50 - 9s - 175ms/step - loss: 0.8394 - val_loss: 0.8573
Epoch 17/200
50/50 - 8s - 168ms/step - loss: 0.8323 - val_loss: 0.8510
Epoch 18/200
50/50 - 9s - 183ms/step - loss: 0.8258 - val_loss: 0.8452
Epoch 19/200
50/50 - 9s - 182ms/step - loss: 0.8200 - val_loss: 0.8401
Epoch 20/200
50/50 - 9s - 185ms/step - loss: 0.8146 - val_loss: 0.8353
Epoch 21/200
50/50 - 9s - 182ms/step - loss: 0.8096 - val_loss: 0.8310
Epoch 22/200
50/50 - 9s - 183ms/step - loss: 0.8050 - val_loss: 0.8270
Epoch 23/200
50/50 - 9s - 181ms/step - loss: 0.8008 - val_loss: 0.8232
Epoch 24/200
50/50 - 9s - 183ms/step - loss: 0.7968 - val_loss: 0.8197
Epoch 25/200
50/50 - 9s - 181ms/step - loss: 0.7931 - val_loss: 0.8164
Epoch 26/200
50/50 - 9s - 181ms/step - loss: 0.7896 - val_loss: 0.8133
Epoch 27/200
50/50 - 9s - 177ms/step - loss: 0.7864 - val_loss: 0.8103
Epoch 28/200
50/50 - 9s - 186ms/step - loss: 0.7833 - val_loss: 0.8075
Epoch 29/200
50/50 - 9s - 182ms/step - loss: 0.7804 - val_loss: 0.8048
Epoch 30/200
50/50 - 9s - 181ms/step - loss: 0.7776 - val_loss: 0.8023
Epoch 31/200
50/50 - 9s - 183ms/step - loss: 0.7750 - val_loss: 0.7999
Epoch 32/200
50/50 - 9s - 184ms/step - loss: 0.7725 - val_loss: 0.7975
Epoch 33/200
50/50 - 9s - 185ms/step - loss: 0.7702 - val_loss: 0.7953
Epoch 34/200
50/50 - 9s - 184ms/step - loss: 0.7679 - val_loss: 0.7932
Epoch 35/200
50/50 - 9s - 183ms/step - loss: 0.7658 - val_loss: 0.7912
Epoch 36/200
50/50 - 9s - 182ms/step - loss: 0.7637 - val_loss: 0.7892
Epoch 37/200
50/50 - 9s - 182ms/step - loss: 0.7618 - val_loss: 0.7874
Epoch 38/200
50/50 - 9s - 183ms/step - loss: 0.7599 - val_loss: 0.7856
Epoch 39/200
50/50 - 9s - 182ms/step - loss: 0.7582 - val_loss: 0.7839
Epoch 40/200
50/50 - 9s - 175ms/step - loss: 0.7565 - val_loss: 0.7822
Epoch 41/200
50/50 - 9s - 175ms/step - loss: 0.7548 - val_loss: 0.7806
Epoch 42/200
50/50 - 9s - 184ms/step - loss: 0.7532 - val_loss: 0.7791
Epoch 43/200
50/50 - 9s - 182ms/step - loss: 0.7517 - val_loss: 0.7776
Epoch 44/200
50/50 - 9s - 182ms/step - loss: 0.7503 - val_loss: 0.7762
Epoch 45/200
50/50 - 9s - 183ms/step - loss: 0.7489 - val_loss: 0.7748
Epoch 46/200
50/50 - 9s - 183ms/step - loss: 0.7475 - val_loss: 0.7735
Epoch 47/200
50/50 - 9s - 182ms/step - loss: 0.7462 - val_loss: 0.7722
Epoch 48/200
50/50 - 9s - 183ms/step - loss: 0.7449 - val_loss: 0.7710
Epoch 49/200
50/50 - 9s - 184ms/step - loss: 0.7437 - val_loss: 0.7698
Epoch 50/200
50/50 - 9s - 181ms/step - loss: 0.7425 - val_loss: 0.7686
Epoch 51/200
50/50 - 9s - 182ms/step - loss: 0.7413 - val_loss: 0.7675
Epoch 52/200
50/50 - 9s - 177ms/step - loss: 0.7402 - val_loss: 0.7663
Epoch 53/200
50/50 - 9s - 176ms/step - loss: 0.7391 - val_loss: 0.7653
Epoch 54/200
50/50 - 9s - 181ms/step - loss: 0.7381 - val_loss: 0.7642
Epoch 55/200
50/50 - 9s - 181ms/step - loss: 0.7370 - val_loss: 0.7632
Epoch 56/200
50/50 - 9s - 177ms/step - loss: 0.7360 - val_loss: 0.7622
Epoch 57/200
50/50 - 9s - 184ms/step - loss: 0.7350 - val_loss: 0.7612
Epoch 58/200
50/50 - 9s - 182ms/step - loss: 0.7341 - val_loss: 0.7603
Epoch 59/200
50/50 - 9s - 181ms/step - loss: 0.7332 - val_loss: 0.7594
Epoch 60/200
50/50 - 9s - 182ms/step - loss: 0.7323 - val_loss: 0.7585
Epoch 61/200
50/50 - 9s - 183ms/step - loss: 0.7314 - val_loss: 0.7576
Epoch 62/200
50/50 - 9s - 185ms/step - loss: 0.7305 - val_loss: 0.7567
Epoch 63/200
50/50 - 9s - 185ms/step - loss: 0.7297 - val_loss: 0.7559
Epoch 64/200
50/50 - 9s - 180ms/step - loss: 0.7288 - val_loss: 0.7551
Epoch 65/200
50/50 - 9s - 180ms/step - loss: 0.7280 - val_loss: 0.7543
Epoch 66/200
50/50 - 9s - 188ms/step - loss: 0.7272 - val_loss: 0.7535
Epoch 67/200
50/50 - 9s - 184ms/step - loss: 0.7265 - val_loss: 0.7527
Epoch 68/200
50/50 - 9s - 182ms/step - loss: 0.7257 - val_loss: 0.7520
Epoch 69/200
50/50 - 9s - 181ms/step - loss: 0.7250 - val_loss: 0.7513
Epoch 70/200
50/50 - 9s - 180ms/step - loss: 0.7242 - val_loss: 0.7505
Epoch 71/200
50/50 - 9s - 177ms/step - loss: 0.7235 - val_loss: 0.7498
Epoch 72/200
50/50 - 9s - 183ms/step - loss: 0.7228 - val_loss: 0.7491
Epoch 73/200
50/50 - 9s - 185ms/step - loss: 0.7221 - val_loss: 0.7485
Epoch 74/200
50/50 - 9s - 181ms/step - loss: 0.7215 - val_loss: 0.7478
Epoch 75/200
50/50 - 9s - 182ms/step - loss: 0.7208 - val_loss: 0.7471
Epoch 76/200
50/50 - 9s - 171ms/step - loss: 0.7201 - val_loss: 0.7465
Epoch 77/200
50/50 - 9s - 179ms/step - loss: 0.7195 - val_loss: 0.7458
Epoch 78/200
50/50 - 9s - 183ms/step - loss: 0.7189 - val_loss: 0.7452
Epoch 79/200
50/50 - 9s - 183ms/step - loss: 0.7183 - val_loss: 0.7446
Epoch 80/200
50/50 - 9s - 182ms/step - loss: 0.7177 - val_loss: 0.7440
Epoch 81/200
50/50 - 9s - 181ms/step - loss: 0.7171 - val_loss: 0.7434
Epoch 82/200
50/50 - 9s - 181ms/step - loss: 0.7165 - val_loss: 0.7428
Epoch 83/200
50/50 - 9s - 182ms/step - loss: 0.7159 - val_loss: 0.7422
Epoch 84/200
50/50 - 9s - 176ms/step - loss: 0.7153 - val_loss: 0.7417
Epoch 85/200
50/50 - 9s - 183ms/step - loss: 0.7148 - val_loss: 0.7411
Epoch 86/200
50/50 - 9s - 182ms/step - loss: 0.7142 - val_loss: 0.7405
Epoch 87/200
50/50 - 9s - 181ms/step - loss: 0.7137 - val_loss: 0.7400
Epoch 88/200
50/50 - 8s - 170ms/step - loss: 0.7131 - val_loss: 0.7394
Epoch 89/200
50/50 - 9s - 171ms/step - loss: 0.7126 - val_loss: 0.7389
Epoch 90/200
50/50 - 9s - 183ms/step - loss: 0.7121 - val_loss: 0.7384
Epoch 91/200
50/50 - 9s - 181ms/step - loss: 0.7115 - val_loss: 0.7379
Epoch 92/200
50/50 - 9s - 189ms/step - loss: 0.7110 - val_loss: 0.7373
Epoch 93/200
50/50 - 9s - 182ms/step - loss: 0.7105 - val_loss: 0.7368
Epoch 94/200
50/50 - 9s - 183ms/step - loss: 0.7100 - val_loss: 0.7363
Epoch 95/200
50/50 - 9s - 182ms/step - loss: 0.7095 - val_loss: 0.7358
Epoch 96/200
50/50 - 9s - 181ms/step - loss: 0.7091 - val_loss: 0.7353
Epoch 97/200
50/50 - 9s - 182ms/step - loss: 0.7086 - val_loss: 0.7348
Epoch 98/200
50/50 - 9s - 177ms/step - loss: 0.7081 - val_loss: 0.7343
Epoch 99/200
50/50 - 9s - 182ms/step - loss: 0.7076 - val_loss: 0.7339
Epoch 100/200
50/50 - 9s - 178ms/step - loss: 0.7072 - val_loss: 0.7334
Epoch 101/200
50/50 - 9s - 176ms/step - loss: 0.7067 - val_loss: 0.7329
Epoch 102/200
50/50 - 9s - 181ms/step - loss: 0.7063 - val_loss: 0.7325
Epoch 103/200
50/50 - 9s - 182ms/step - loss: 0.7058 - val_loss: 0.7320
Epoch 104/200
50/50 - 9s - 184ms/step - loss: 0.7054 - val_loss: 0.7315
Epoch 105/200
50/50 - 9s - 182ms/step - loss: 0.7050 - val_loss: 0.7311
Epoch 106/200
50/50 - 9s - 182ms/step - loss: 0.7045 - val_loss: 0.7306
Epoch 107/200
50/50 - 9s - 182ms/step - loss: 0.7041 - val_loss: 0.7302
Epoch 108/200
50/50 - 9s - 181ms/step - loss: 0.7037 - val_loss: 0.7298
Epoch 109/200
50/50 - 9s - 177ms/step - loss: 0.7033 - val_loss: 0.7293
Epoch 110/200
50/50 - 8s - 168ms/step - loss: 0.7029 - val_loss: 0.7289
Epoch 111/200
50/50 - 8s - 168ms/step - loss: 0.7025 - val_loss: 0.7285
Epoch 112/200
50/50 - 8s - 167ms/step - loss: 0.7021 - val_loss: 0.7280
Epoch 113/200
50/50 - 8s - 168ms/step - loss: 0.7017 - val_loss: 0.7276
Epoch 114/200
50/50 - 8s - 168ms/step - loss: 0.7013 - val_loss: 0.7272
Epoch 115/200
50/50 - 8s - 168ms/step - loss: 0.7009 - val_loss: 0.7268
Epoch 116/200
50/50 - 8s - 168ms/step - loss: 0.7005 - val_loss: 0.7264
Epoch 117/200
50/50 - 8s - 168ms/step - loss: 0.7001 - val_loss: 0.7260
Epoch 118/200
50/50 - 8s - 168ms/step - loss: 0.6997 - val_loss: 0.7256
Epoch 119/200
50/50 - 8s - 168ms/step - loss: 0.6993 - val_loss: 0.7252
Epoch 120/200
50/50 - 8s - 168ms/step - loss: 0.6990 - val_loss: 0.7248
Epoch 121/200
50/50 - 8s - 168ms/step - loss: 0.6986 - val_loss: 0.7244
Epoch 122/200
50/50 - 8s - 167ms/step - loss: 0.6982 - val_loss: 0.7240
Epoch 123/200
50/50 - 10s - 191ms/step - loss: 0.6979 - val_loss: 0.7236
Epoch 124/200
50/50 - 10s - 194ms/step - loss: 0.6975 - val_loss: 0.7232
Epoch 125/200
50/50 - 9s - 186ms/step - loss: 0.6972 - val_loss: 0.7229
Epoch 126/200
50/50 - 9s - 182ms/step - loss: 0.6968 - val_loss: 0.7225
Epoch 127/200
50/50 - 9s - 189ms/step - loss: 0.6965 - val_loss: 0.7221
Epoch 128/200
50/50 - 9s - 189ms/step - loss: 0.6961 - val_loss: 0.7218
Epoch 129/200
50/50 - 10s - 193ms/step - loss: 0.6958 - val_loss: 0.7214
Epoch 130/200
50/50 - 10s - 194ms/step - loss: 0.6954 - val_loss: 0.7210
Epoch 131/200
50/50 - 9s - 189ms/step - loss: 0.6951 - val_loss: 0.7207
Epoch 132/200
50/50 - 9s - 179ms/step - loss: 0.6948 - val_loss: 0.7203
Epoch 133/200
50/50 - 9s - 182ms/step - loss: 0.6944 - val_loss: 0.7200
Epoch 134/200
50/50 - 10s - 195ms/step - loss: 0.6941 - val_loss: 0.7196
Epoch 135/200
50/50 - 9s - 183ms/step - loss: 0.6938 - val_loss: 0.7193
Epoch 136/200
50/50 - 9s - 183ms/step - loss: 0.6935 - val_loss: 0.7190
Epoch 137/200
50/50 - 9s - 178ms/step - loss: 0.6931 - val_loss: 0.7186
Epoch 138/200
50/50 - 9s - 182ms/step - loss: 0.6928 - val_loss: 0.7183
Epoch 139/200
50/50 - 9s - 183ms/step - loss: 0.6925 - val_loss: 0.7179
Epoch 140/200
50/50 - 9s - 182ms/step - loss: 0.6922 - val_loss: 0.7176
Epoch 141/200
50/50 - 9s - 182ms/step - loss: 0.6919 - val_loss: 0.7173
Epoch 142/200
50/50 - 9s - 181ms/step - loss: 0.6916 - val_loss: 0.7170
Epoch 143/200
50/50 - 9s - 182ms/step - loss: 0.6913 - val_loss: 0.7167
Epoch 144/200
50/50 - 9s - 180ms/step - loss: 0.6910 - val_loss: 0.7163
Epoch 145/200
50/50 - 9s - 181ms/step - loss: 0.6907 - val_loss: 0.7160
Epoch 146/200
50/50 - 9s - 179ms/step - loss: 0.6904 - val_loss: 0.7157
Epoch 147/200
50/50 - 9s - 183ms/step - loss: 0.6901 - val_loss: 0.7154
Epoch 148/200
50/50 - 9s - 184ms/step - loss: 0.6898 - val_loss: 0.7151
Epoch 149/200
50/50 - 9s - 171ms/step - loss: 0.6895 - val_loss: 0.7148
Epoch 150/200
50/50 - 9s - 178ms/step - loss: 0.6892 - val_loss: 0.7145
Epoch 151/200
50/50 - 9s - 183ms/step - loss: 0.6889 - val_loss: 0.7142
Epoch 152/200
50/50 - 9s - 182ms/step - loss: 0.6887 - val_loss: 0.7139
Epoch 153/200
50/50 - 9s - 181ms/step - loss: 0.6884 - val_loss: 0.7136
Epoch 154/200
50/50 - 9s - 183ms/step - loss: 0.6881 - val_loss: 0.7134
Epoch 155/200
50/50 - 9s - 184ms/step - loss: 0.6878 - val_loss: 0.7131
Epoch 156/200
50/50 - 9s - 182ms/step - loss: 0.6876 - val_loss: 0.7128
Epoch 157/200
50/50 - 9s - 181ms/step - loss: 0.6873 - val_loss: 0.7125
Epoch 158/200
50/50 - 9s - 181ms/step - loss: 0.6870 - val_loss: 0.7123
Epoch 159/200
50/50 - 9s - 185ms/step - loss: 0.6868 - val_loss: 0.7120
Epoch 160/200
50/50 - 9s - 186ms/step - loss: 0.6865 - val_loss: 0.7117
Epoch 161/200
50/50 - 9s - 175ms/step - loss: 0.6863 - val_loss: 0.7115
Epoch 162/200
50/50 - 9s - 173ms/step - loss: 0.6860 - val_loss: 0.7112
Epoch 163/200
50/50 - 9s - 180ms/step - loss: 0.6857 - val_loss: 0.7110
Epoch 164/200
50/50 - 9s - 182ms/step - loss: 0.6855 - val_loss: 0.7107
Epoch 165/200
50/50 - 9s - 183ms/step - loss: 0.6852 - val_loss: 0.7105
Epoch 166/200
50/50 - 9s - 181ms/step - loss: 0.6850 - val_loss: 0.7102
Epoch 167/200
50/50 - 9s - 182ms/step - loss: 0.6848 - val_loss: 0.7100
Epoch 168/200
50/50 - 9s - 181ms/step - loss: 0.6845 - val_loss: 0.7097
Epoch 169/200
50/50 - 9s - 182ms/step - loss: 0.6843 - val_loss: 0.7095
Epoch 170/200
50/50 - 9s - 185ms/step - loss: 0.6840 - val_loss: 0.7093
Epoch 171/200
50/50 - 9s - 182ms/step - loss: 0.6838 - val_loss: 0.7090
Epoch 172/200
50/50 - 9s - 181ms/step - loss: 0.6836 - val_loss: 0.7088
Epoch 173/200
50/50 - 9s - 180ms/step - loss: 0.6834 - val_loss: 0.7086
Epoch 174/200
50/50 - 9s - 176ms/step - loss: 0.6831 - val_loss: 0.7084
Epoch 175/200
50/50 - 9s - 181ms/step - loss: 0.6829 - val_loss: 0.7082
Epoch 176/200
50/50 - 9s - 182ms/step - loss: 0.6827 - val_loss: 0.7079
Epoch 177/200
50/50 - 9s - 179ms/step - loss: 0.6825 - val_loss: 0.7077
Epoch 178/200
50/50 - 9s - 183ms/step - loss: 0.6823 - val_loss: 0.7075
Epoch 179/200
50/50 - 9s - 182ms/step - loss: 0.6820 - val_loss: 0.7073
Epoch 180/200
50/50 - 9s - 181ms/step - loss: 0.6818 - val_loss: 0.7071
Epoch 181/200
50/50 - 9s - 182ms/step - loss: 0.6816 - val_loss: 0.7069
Epoch 182/200
50/50 - 9s - 182ms/step - loss: 0.6814 - val_loss: 0.7067
Epoch 183/200
50/50 - 9s - 183ms/step - loss: 0.6812 - val_loss: 0.7065
Epoch 184/200
50/50 - 9s - 183ms/step - loss: 0.6810 - val_loss: 0.7063
Epoch 185/200
50/50 - 9s - 176ms/step - loss: 0.6808 - val_loss: 0.7061
Epoch 186/200
50/50 - 9s - 176ms/step - loss: 0.6806 - val_loss: 0.7060
Epoch 187/200
50/50 - 9s - 181ms/step - loss: 0.6804 - val_loss: 0.7058
Epoch 188/200
50/50 - 9s - 181ms/step - loss: 0.6802 - val_loss: 0.7056
Epoch 189/200
50/50 - 9s - 181ms/step - loss: 0.6800 - val_loss: 0.7054
Epoch 190/200
50/50 - 9s - 176ms/step - loss: 0.6798 - val_loss: 0.7052
Epoch 191/200
50/50 - 9s - 186ms/step - loss: 0.6796 - val_loss: 0.7050
Epoch 192/200
50/50 - 9s - 186ms/step - loss: 0.6794 - val_loss: 0.7049
Epoch 193/200
50/50 - 9s - 186ms/step - loss: 0.6793 - val_loss: 0.7047
Epoch 194/200
50/50 - 9s - 188ms/step - loss: 0.6791 - val_loss: 0.7045
Epoch 195/200
50/50 - 9s - 188ms/step - loss: 0.6789 - val_loss: 0.7044
Epoch 196/200
50/50 - 9s - 186ms/step - loss: 0.6787 - val_loss: 0.7042
Epoch 197/200
50/50 - 9s - 178ms/step - loss: 0.6785 - val_loss: 0.7040
Epoch 198/200
50/50 - 9s - 176ms/step - loss: 0.6783 - val_loss: 0.7039
Epoch 199/200
50/50 - 9s - 176ms/step - loss: 0.6782 - val_loss: 0.7037
Epoch 200/200
50/50 - 9s - 183ms/step - loss: 0.6780 - val_loss: 0.7035
[Run 2/5] Training single encoder baseline (baseline preprocessing, linear structure, sigmoid head)...
[Run 2/5] Shared encoder (unweight) threshold comparison: dynamic=0.5602 (balanced_accuracy=0.6709), fixed_0.5=0.5000 (balanced_accuracy=0.6684).
[Run 2/5] Shared encoder (weighted) threshold comparison: dynamic=0.3373 (balanced_accuracy=0.6697), fixed_0.5=0.5000 (balanced_accuracy=0.6642).
[Run 2/5] Saved raw test predictions to /home/xx4455/Comparable/Code/Synthetic/Results/Predictions/compas_race_28062_5_run2_raw_predictions.csv.
[Run 3/5] Training shared encoder (unweighted, sigmoid head, baseline preprocessing)...
Epoch 1/200
51/51 - 11s - 222ms/step - loss: 0.9080 - val_loss: 0.8963
Epoch 2/200
51/51 - 9s - 180ms/step - loss: 0.8864 - val_loss: 0.8762
Epoch 3/200
51/51 - 9s - 171ms/step - loss: 0.8678 - val_loss: 0.8591
Epoch 4/200
51/51 - 9s - 171ms/step - loss: 0.8521 - val_loss: 0.8446
Epoch 5/200
51/51 - 9s - 178ms/step - loss: 0.8388 - val_loss: 0.8326
Epoch 6/200
51/51 - 9s - 179ms/step - loss: 0.8279 - val_loss: 0.8228
Epoch 7/200
51/51 - 9s - 182ms/step - loss: 0.8187 - val_loss: 0.8146
Epoch 8/200
51/51 - 9s - 178ms/step - loss: 0.8109 - val_loss: 0.8076
Epoch 9/200
51/51 - 9s - 177ms/step - loss: 0.8041 - val_loss: 0.8015
Epoch 10/200
51/51 - 9s - 178ms/step - loss: 0.7982 - val_loss: 0.7962
Epoch 11/200
51/51 - 9s - 178ms/step - loss: 0.7929 - val_loss: 0.7916
Epoch 12/200
51/51 - 9s - 177ms/step - loss: 0.7882 - val_loss: 0.7874
Epoch 13/200
51/51 - 9s - 177ms/step - loss: 0.7840 - val_loss: 0.7837
Epoch 14/200
51/51 - 9s - 174ms/step - loss: 0.7802 - val_loss: 0.7803
Epoch 15/200
51/51 - 9s - 174ms/step - loss: 0.7767 - val_loss: 0.7772
Epoch 16/200
51/51 - 9s - 169ms/step - loss: 0.7735 - val_loss: 0.7743
Epoch 17/200
51/51 - 9s - 178ms/step - loss: 0.7706 - val_loss: 0.7717
Epoch 18/200
51/51 - 9s - 177ms/step - loss: 0.7678 - val_loss: 0.7692
Epoch 19/200
51/51 - 9s - 178ms/step - loss: 0.7653 - val_loss: 0.7670
Epoch 20/200
51/51 - 9s - 177ms/step - loss: 0.7629 - val_loss: 0.7648
Epoch 21/200
51/51 - 9s - 178ms/step - loss: 0.7606 - val_loss: 0.7628
Epoch 22/200
51/51 - 9s - 179ms/step - loss: 0.7585 - val_loss: 0.7609
Epoch 23/200
51/51 - 9s - 177ms/step - loss: 0.7565 - val_loss: 0.7591
Epoch 24/200
51/51 - 9s - 181ms/step - loss: 0.7545 - val_loss: 0.7573
Epoch 25/200
51/51 - 9s - 177ms/step - loss: 0.7527 - val_loss: 0.7557
Epoch 26/200
51/51 - 9s - 178ms/step - loss: 0.7510 - val_loss: 0.7541
Epoch 27/200
51/51 - 9s - 176ms/step - loss: 0.7493 - val_loss: 0.7526
Epoch 28/200
51/51 - 9s - 168ms/step - loss: 0.7477 - val_loss: 0.7511
Epoch 29/200
51/51 - 9s - 174ms/step - loss: 0.7461 - val_loss: 0.7497
Epoch 30/200
51/51 - 9s - 173ms/step - loss: 0.7446 - val_loss: 0.7484
Epoch 31/200
51/51 - 9s - 179ms/step - loss: 0.7432 - val_loss: 0.7470
Epoch 32/200
51/51 - 9s - 178ms/step - loss: 0.7418 - val_loss: 0.7458
Epoch 33/200
51/51 - 9s - 176ms/step - loss: 0.7404 - val_loss: 0.7445
Epoch 34/200
51/51 - 9s - 178ms/step - loss: 0.7391 - val_loss: 0.7433
Epoch 35/200
51/51 - 9s - 177ms/step - loss: 0.7379 - val_loss: 0.7422
Epoch 36/200
51/51 - 9s - 176ms/step - loss: 0.7366 - val_loss: 0.7410
Epoch 37/200
51/51 - 9s - 178ms/step - loss: 0.7354 - val_loss: 0.7399
Epoch 38/200
51/51 - 9s - 177ms/step - loss: 0.7343 - val_loss: 0.7388
Epoch 39/200
51/51 - 9s - 178ms/step - loss: 0.7331 - val_loss: 0.7378
Epoch 40/200
51/51 - 9s - 167ms/step - loss: 0.7320 - val_loss: 0.7367
Epoch 41/200
51/51 - 9s - 175ms/step - loss: 0.7310 - val_loss: 0.7357
Epoch 42/200
51/51 - 9s - 176ms/step - loss: 0.7299 - val_loss: 0.7347
Epoch 43/200
51/51 - 9s - 176ms/step - loss: 0.7289 - val_loss: 0.7338
Epoch 44/200
51/51 - 9s - 174ms/step - loss: 0.7279 - val_loss: 0.7328
Epoch 45/200
51/51 - 9s - 177ms/step - loss: 0.7269 - val_loss: 0.7319
Epoch 46/200
51/51 - 9s - 175ms/step - loss: 0.7260 - val_loss: 0.7310
Epoch 47/200
51/51 - 9s - 178ms/step - loss: 0.7250 - val_loss: 0.7301
Epoch 48/200
51/51 - 9s - 176ms/step - loss: 0.7241 - val_loss: 0.7292
Epoch 49/200
51/51 - 9s - 178ms/step - loss: 0.7232 - val_loss: 0.7283
Epoch 50/200
51/51 - 9s - 177ms/step - loss: 0.7223 - val_loss: 0.7275
Epoch 51/200
51/51 - 9s - 177ms/step - loss: 0.7215 - val_loss: 0.7267
Epoch 52/200
51/51 - 9s - 168ms/step - loss: 0.7206 - val_loss: 0.7259
Epoch 53/200
51/51 - 9s - 176ms/step - loss: 0.7198 - val_loss: 0.7251
Epoch 54/200
51/51 - 9s - 180ms/step - loss: 0.7190 - val_loss: 0.7243
Epoch 55/200
51/51 - 9s - 182ms/step - loss: 0.7182 - val_loss: 0.7235
Epoch 56/200
51/51 - 9s - 178ms/step - loss: 0.7174 - val_loss: 0.7227
Epoch 57/200
51/51 - 9s - 178ms/step - loss: 0.7167 - val_loss: 0.7220
Epoch 58/200
51/51 - 9s - 177ms/step - loss: 0.7159 - val_loss: 0.7212
Epoch 59/200
51/51 - 9s - 176ms/step - loss: 0.7152 - val_loss: 0.7205
Epoch 60/200
51/51 - 9s - 172ms/step - loss: 0.7144 - val_loss: 0.7198
Epoch 61/200
51/51 - 9s - 177ms/step - loss: 0.7137 - val_loss: 0.7191
Epoch 62/200
51/51 - 9s - 178ms/step - loss: 0.7130 - val_loss: 0.7184
Epoch 63/200
51/51 - 9s - 177ms/step - loss: 0.7123 - val_loss: 0.7177
Epoch 64/200
51/51 - 9s - 169ms/step - loss: 0.7116 - val_loss: 0.7170
Epoch 65/200
51/51 - 8s - 163ms/step - loss: 0.7110 - val_loss: 0.7164
Epoch 66/200
51/51 - 9s - 177ms/step - loss: 0.7103 - val_loss: 0.7157
Epoch 67/200
51/51 - 9s - 176ms/step - loss: 0.7097 - val_loss: 0.7151
Epoch 68/200
51/51 - 9s - 177ms/step - loss: 0.7090 - val_loss: 0.7144
Epoch 69/200
51/51 - 9s - 179ms/step - loss: 0.7084 - val_loss: 0.7138
Epoch 70/200
51/51 - 9s - 176ms/step - loss: 0.7078 - val_loss: 0.7132
Epoch 71/200
51/51 - 9s - 174ms/step - loss: 0.7072 - val_loss: 0.7126
Epoch 72/200
51/51 - 9s - 176ms/step - loss: 0.7066 - val_loss: 0.7120
Epoch 73/200
51/51 - 9s - 176ms/step - loss: 0.7060 - val_loss: 0.7114
Epoch 74/200
51/51 - 9s - 176ms/step - loss: 0.7054 - val_loss: 0.7108
Epoch 75/200
51/51 - 9s - 175ms/step - loss: 0.7048 - val_loss: 0.7102
Epoch 76/200
51/51 - 9s - 173ms/step - loss: 0.7042 - val_loss: 0.7096
Epoch 77/200
51/51 - 9s - 172ms/step - loss: 0.7037 - val_loss: 0.7091
Epoch 78/200
51/51 - 9s - 177ms/step - loss: 0.7031 - val_loss: 0.7085
Epoch 79/200
51/51 - 9s - 177ms/step - loss: 0.7026 - val_loss: 0.7080
Epoch 80/200
51/51 - 9s - 177ms/step - loss: 0.7020 - val_loss: 0.7074
Epoch 81/200
51/51 - 9s - 177ms/step - loss: 0.7015 - val_loss: 0.7069
Epoch 82/200
51/51 - 9s - 177ms/step - loss: 0.7010 - val_loss: 0.7064
Epoch 83/200
51/51 - 9s - 177ms/step - loss: 0.7005 - val_loss: 0.7058
Epoch 84/200
51/51 - 9s - 178ms/step - loss: 0.7000 - val_loss: 0.7053
Epoch 85/200
51/51 - 9s - 177ms/step - loss: 0.6995 - val_loss: 0.7048
Epoch 86/200
51/51 - 9s - 177ms/step - loss: 0.6990 - val_loss: 0.7043
Epoch 87/200
51/51 - 9s - 176ms/step - loss: 0.6985 - val_loss: 0.7038
Epoch 88/200
51/51 - 9s - 175ms/step - loss: 0.6980 - val_loss: 0.7033
Epoch 89/200
51/51 - 9s - 167ms/step - loss: 0.6975 - val_loss: 0.7029
Epoch 90/200
51/51 - 9s - 175ms/step - loss: 0.6970 - val_loss: 0.7024
Epoch 91/200
51/51 - 9s - 171ms/step - loss: 0.6966 - val_loss: 0.7019
Epoch 92/200
51/51 - 9s - 178ms/step - loss: 0.6961 - val_loss: 0.7015
Epoch 93/200
51/51 - 9s - 177ms/step - loss: 0.6957 - val_loss: 0.7010
Epoch 94/200
51/51 - 9s - 176ms/step - loss: 0.6952 - val_loss: 0.7005
Epoch 95/200
51/51 - 9s - 177ms/step - loss: 0.6948 - val_loss: 0.7001
Epoch 96/200
51/51 - 9s - 177ms/step - loss: 0.6943 - val_loss: 0.6997
Epoch 97/200
51/51 - 9s - 176ms/step - loss: 0.6939 - val_loss: 0.6992
Epoch 98/200
51/51 - 9s - 177ms/step - loss: 0.6935 - val_loss: 0.6988
Epoch 99/200
51/51 - 9s - 181ms/step - loss: 0.6931 - val_loss: 0.6984
Epoch 100/200
51/51 - 9s - 177ms/step - loss: 0.6927 - val_loss: 0.6980
Epoch 101/200
51/51 - 9s - 174ms/step - loss: 0.6922 - val_loss: 0.6975
Epoch 102/200
51/51 - 8s - 166ms/step - loss: 0.6918 - val_loss: 0.6971
Epoch 103/200
51/51 - 9s - 176ms/step - loss: 0.6914 - val_loss: 0.6967
Epoch 104/200
51/51 - 9s - 177ms/step - loss: 0.6910 - val_loss: 0.6963
Epoch 105/200
51/51 - 9s - 177ms/step - loss: 0.6906 - val_loss: 0.6959
Epoch 106/200
51/51 - 9s - 176ms/step - loss: 0.6903 - val_loss: 0.6956
Epoch 107/200
51/51 - 9s - 173ms/step - loss: 0.6899 - val_loss: 0.6952
Epoch 108/200
51/51 - 9s - 178ms/step - loss: 0.6895 - val_loss: 0.6948
Epoch 109/200
51/51 - 9s - 183ms/step - loss: 0.6891 - val_loss: 0.6944
Epoch 110/200
51/51 - 9s - 181ms/step - loss: 0.6887 - val_loss: 0.6940
Epoch 111/200
51/51 - 9s - 182ms/step - loss: 0.6884 - val_loss: 0.6937
Epoch 112/200
51/51 - 9s - 182ms/step - loss: 0.6880 - val_loss: 0.6933
Epoch 113/200
51/51 - 9s - 180ms/step - loss: 0.6877 - val_loss: 0.6930
Epoch 114/200
51/51 - 9s - 176ms/step - loss: 0.6873 - val_loss: 0.6926
Epoch 115/200
51/51 - 9s - 184ms/step - loss: 0.6869 - val_loss: 0.6922
Epoch 116/200
51/51 - 9s - 180ms/step - loss: 0.6866 - val_loss: 0.6919
Epoch 117/200
51/51 - 9s - 179ms/step - loss: 0.6863 - val_loss: 0.6916
Epoch 118/200
51/51 - 9s - 184ms/step - loss: 0.6859 - val_loss: 0.6912
Epoch 119/200
51/51 - 9s - 182ms/step - loss: 0.6856 - val_loss: 0.6909
Epoch 120/200
51/51 - 9s - 181ms/step - loss: 0.6852 - val_loss: 0.6905
Epoch 121/200
51/51 - 9s - 174ms/step - loss: 0.6849 - val_loss: 0.6902
Epoch 122/200
51/51 - 9s - 178ms/step - loss: 0.6846 - val_loss: 0.6899
Epoch 123/200
51/51 - 9s - 177ms/step - loss: 0.6842 - val_loss: 0.6896
Epoch 124/200
51/51 - 9s - 175ms/step - loss: 0.6839 - val_loss: 0.6893
Epoch 125/200
51/51 - 9s - 175ms/step - loss: 0.6836 - val_loss: 0.6889
Epoch 126/200
51/51 - 9s - 168ms/step - loss: 0.6833 - val_loss: 0.6886
Epoch 127/200
51/51 - 9s - 178ms/step - loss: 0.6830 - val_loss: 0.6883
Epoch 128/200
51/51 - 9s - 176ms/step - loss: 0.6827 - val_loss: 0.6880
Epoch 129/200
51/51 - 9s - 179ms/step - loss: 0.6824 - val_loss: 0.6877
Epoch 130/200
51/51 - 9s - 178ms/step - loss: 0.6820 - val_loss: 0.6874
Epoch 131/200
51/51 - 9s - 179ms/step - loss: 0.6817 - val_loss: 0.6871
Epoch 132/200
51/51 - 9s - 177ms/step - loss: 0.6814 - val_loss: 0.6868
Epoch 133/200
51/51 - 9s - 176ms/step - loss: 0.6811 - val_loss: 0.6865
Epoch 134/200
51/51 - 9s - 176ms/step - loss: 0.6809 - val_loss: 0.6862
Epoch 135/200
51/51 - 9s - 176ms/step - loss: 0.6806 - val_loss: 0.6860
Epoch 136/200
51/51 - 9s - 173ms/step - loss: 0.6803 - val_loss: 0.6857
Epoch 137/200
51/51 - 9s - 177ms/step - loss: 0.6800 - val_loss: 0.6854
Epoch 138/200
51/51 - 9s - 169ms/step - loss: 0.6797 - val_loss: 0.6851
Epoch 139/200
51/51 - 9s - 174ms/step - loss: 0.6794 - val_loss: 0.6849
Epoch 140/200
51/51 - 9s - 177ms/step - loss: 0.6791 - val_loss: 0.6846
Epoch 141/200
51/51 - 9s - 178ms/step - loss: 0.6789 - val_loss: 0.6843
Epoch 142/200
51/51 - 9s - 177ms/step - loss: 0.6786 - val_loss: 0.6841
Epoch 143/200
51/51 - 9s - 177ms/step - loss: 0.6783 - val_loss: 0.6838
Epoch 144/200
51/51 - 9s - 178ms/step - loss: 0.6781 - val_loss: 0.6836
Epoch 145/200
51/51 - 9s - 177ms/step - loss: 0.6778 - val_loss: 0.6833
Epoch 146/200
51/51 - 9s - 178ms/step - loss: 0.6775 - val_loss: 0.6830
Epoch 147/200
51/51 - 9s - 177ms/step - loss: 0.6773 - val_loss: 0.6828
Epoch 148/200
51/51 - 9s - 176ms/step - loss: 0.6770 - val_loss: 0.6826
Epoch 149/200
51/51 - 9s - 175ms/step - loss: 0.6767 - val_loss: 0.6823
Epoch 150/200
51/51 - 9s - 169ms/step - loss: 0.6765 - val_loss: 0.6821
Epoch 151/200
51/51 - 9s - 176ms/step - loss: 0.6762 - val_loss: 0.6818
Epoch 152/200
51/51 - 9s - 177ms/step - loss: 0.6760 - val_loss: 0.6816
Epoch 153/200
51/51 - 9s - 175ms/step - loss: 0.6757 - val_loss: 0.6814
Epoch 154/200
51/51 - 9s - 176ms/step - loss: 0.6755 - val_loss: 0.6811
Epoch 155/200
51/51 - 9s - 177ms/step - loss: 0.6753 - val_loss: 0.6809
Epoch 156/200
51/51 - 9s - 177ms/step - loss: 0.6750 - val_loss: 0.6807
Epoch 157/200
51/51 - 9s - 176ms/step - loss: 0.6748 - val_loss: 0.6805
Epoch 158/200
51/51 - 9s - 176ms/step - loss: 0.6745 - val_loss: 0.6802
Epoch 159/200
51/51 - 9s - 181ms/step - loss: 0.6743 - val_loss: 0.6800
Epoch 160/200
51/51 - 9s - 177ms/step - loss: 0.6741 - val_loss: 0.6798
Epoch 161/200
51/51 - 9s - 176ms/step - loss: 0.6739 - val_loss: 0.6796
Epoch 162/200
51/51 - 8s - 165ms/step - loss: 0.6736 - val_loss: 0.6794
Epoch 163/200
51/51 - 9s - 177ms/step - loss: 0.6734 - val_loss: 0.6792
Epoch 164/200
51/51 - 9s - 178ms/step - loss: 0.6732 - val_loss: 0.6790
Epoch 165/200
51/51 - 9s - 176ms/step - loss: 0.6730 - val_loss: 0.6788
Epoch 166/200
51/51 - 9s - 171ms/step - loss: 0.6727 - val_loss: 0.6786
Epoch 167/200
51/51 - 9s - 178ms/step - loss: 0.6725 - val_loss: 0.6784
Epoch 168/200
51/51 - 9s - 181ms/step - loss: 0.6723 - val_loss: 0.6782
Epoch 169/200
51/51 - 9s - 177ms/step - loss: 0.6721 - val_loss: 0.6780
Epoch 170/200
51/51 - 9s - 177ms/step - loss: 0.6719 - val_loss: 0.6778
Epoch 171/200
51/51 - 9s - 176ms/step - loss: 0.6717 - val_loss: 0.6776
Epoch 172/200
51/51 - 9s - 176ms/step - loss: 0.6715 - val_loss: 0.6774
Epoch 173/200
51/51 - 9s - 177ms/step - loss: 0.6713 - val_loss: 0.6772
Epoch 174/200
51/51 - 8s - 164ms/step - loss: 0.6711 - val_loss: 0.6770
Epoch 175/200
51/51 - 9s - 174ms/step - loss: 0.6709 - val_loss: 0.6768
Epoch 176/200
51/51 - 9s - 177ms/step - loss: 0.6707 - val_loss: 0.6766
Epoch 177/200
51/51 - 9s - 177ms/step - loss: 0.6705 - val_loss: 0.6765
Epoch 178/200
51/51 - 9s - 176ms/step - loss: 0.6703 - val_loss: 0.6763
Epoch 179/200
51/51 - 9s - 177ms/step - loss: 0.6701 - val_loss: 0.6761
Epoch 180/200
51/51 - 9s - 176ms/step - loss: 0.6699 - val_loss: 0.6759
Epoch 181/200
51/51 - 9s - 176ms/step - loss: 0.6697 - val_loss: 0.6758
Epoch 182/200
51/51 - 9s - 174ms/step - loss: 0.6695 - val_loss: 0.6756
Epoch 183/200
51/51 - 9s - 178ms/step - loss: 0.6693 - val_loss: 0.6754
Epoch 184/200
51/51 - 9s - 177ms/step - loss: 0.6692 - val_loss: 0.6753
Epoch 185/200
51/51 - 9s - 176ms/step - loss: 0.6690 - val_loss: 0.6751
Epoch 186/200
51/51 - 9s - 174ms/step - loss: 0.6688 - val_loss: 0.6749
Epoch 187/200
51/51 - 9s - 176ms/step - loss: 0.6686 - val_loss: 0.6748
Epoch 188/200
51/51 - 9s - 177ms/step - loss: 0.6684 - val_loss: 0.6746
Epoch 189/200
51/51 - 9s - 177ms/step - loss: 0.6683 - val_loss: 0.6744
Epoch 190/200
51/51 - 9s - 178ms/step - loss: 0.6681 - val_loss: 0.6743
Epoch 191/200
51/51 - 9s - 177ms/step - loss: 0.6679 - val_loss: 0.6741
Epoch 192/200
51/51 - 9s - 176ms/step - loss: 0.6677 - val_loss: 0.6740
Epoch 193/200
51/51 - 9s - 177ms/step - loss: 0.6676 - val_loss: 0.6738
Epoch 194/200
51/51 - 9s - 178ms/step - loss: 0.6674 - val_loss: 0.6737
Epoch 195/200
51/51 - 9s - 176ms/step - loss: 0.6672 - val_loss: 0.6735
Epoch 196/200
51/51 - 9s - 171ms/step - loss: 0.6671 - val_loss: 0.6734
Epoch 197/200
51/51 - 9s - 178ms/step - loss: 0.6669 - val_loss: 0.6732
Epoch 198/200
51/51 - 8s - 165ms/step - loss: 0.6668 - val_loss: 0.6731
Epoch 199/200
51/51 - 9s - 176ms/step - loss: 0.6666 - val_loss: 0.6729
Epoch 200/200
51/51 - 9s - 176ms/step - loss: 0.6664 - val_loss: 0.6728
[Run 3/5] Training shared encoder (weighted, sigmoid head, baseline preprocessing)...
Epoch 1/200
51/51 - 12s - 238ms/step - loss: 1.0424 - val_loss: 1.0308
Epoch 2/200
51/51 - 10s - 188ms/step - loss: 1.0203 - val_loss: 1.0091
Epoch 3/200
51/51 - 9s - 178ms/step - loss: 0.9983 - val_loss: 0.9879
Epoch 4/200
51/51 - 9s - 185ms/step - loss: 0.9773 - val_loss: 0.9676
Epoch 5/200
51/51 - 9s - 183ms/step - loss: 0.9573 - val_loss: 0.9481
Epoch 6/200
51/51 - 9s - 172ms/step - loss: 0.9385 - val_loss: 0.9300
Epoch 7/200
51/51 - 9s - 185ms/step - loss: 0.9213 - val_loss: 0.9136
Epoch 8/200
51/51 - 9s - 184ms/step - loss: 0.9056 - val_loss: 0.8991
Epoch 9/200
51/51 - 9s - 184ms/step - loss: 0.8916 - val_loss: 0.8862
Epoch 10/200
51/51 - 9s - 184ms/step - loss: 0.8792 - val_loss: 0.8749
Epoch 11/200
51/51 - 9s - 183ms/step - loss: 0.8683 - val_loss: 0.8652
Epoch 12/200
51/51 - 9s - 184ms/step - loss: 0.8588 - val_loss: 0.8568
Epoch 13/200
51/51 - 10s - 187ms/step - loss: 0.8504 - val_loss: 0.8494
Epoch 14/200
51/51 - 9s - 183ms/step - loss: 0.8429 - val_loss: 0.8429
Epoch 15/200
51/51 - 9s - 184ms/step - loss: 0.8363 - val_loss: 0.8370
Epoch 16/200
51/51 - 9s - 184ms/step - loss: 0.8303 - val_loss: 0.8318
Epoch 17/200
51/51 - 9s - 183ms/step - loss: 0.8249 - val_loss: 0.8270
Epoch 18/200
51/51 - 9s - 177ms/step - loss: 0.8200 - val_loss: 0.8227
Epoch 19/200
51/51 - 9s - 180ms/step - loss: 0.8154 - val_loss: 0.8187
Epoch 20/200
51/51 - 9s - 184ms/step - loss: 0.8113 - val_loss: 0.8150
Epoch 21/200
51/51 - 9s - 184ms/step - loss: 0.8074 - val_loss: 0.8115
Epoch 22/200
51/51 - 9s - 183ms/step - loss: 0.8037 - val_loss: 0.8083
Epoch 23/200
51/51 - 9s - 183ms/step - loss: 0.8003 - val_loss: 0.8052
Epoch 24/200
51/51 - 9s - 185ms/step - loss: 0.7971 - val_loss: 0.8024
Epoch 25/200
51/51 - 9s - 184ms/step - loss: 0.7941 - val_loss: 0.7996
Epoch 26/200
51/51 - 9s - 185ms/step - loss: 0.7913 - val_loss: 0.7971
Epoch 27/200
51/51 - 9s - 183ms/step - loss: 0.7885 - val_loss: 0.7946
Epoch 28/200
51/51 - 9s - 184ms/step - loss: 0.7859 - val_loss: 0.7923
Epoch 29/200
51/51 - 9s - 174ms/step - loss: 0.7835 - val_loss: 0.7900
Epoch 30/200
51/51 - 9s - 183ms/step - loss: 0.7811 - val_loss: 0.7879
Epoch 31/200
51/51 - 9s - 182ms/step - loss: 0.7788 - val_loss: 0.7858
Epoch 32/200
51/51 - 9s - 183ms/step - loss: 0.7767 - val_loss: 0.7838
Epoch 33/200
51/51 - 9s - 184ms/step - loss: 0.7746 - val_loss: 0.7819
Epoch 34/200
51/51 - 9s - 183ms/step - loss: 0.7725 - val_loss: 0.7800
Epoch 35/200
51/51 - 9s - 186ms/step - loss: 0.7706 - val_loss: 0.7782
Epoch 36/200
51/51 - 10s - 189ms/step - loss: 0.7687 - val_loss: 0.7765
Epoch 37/200
51/51 - 10s - 191ms/step - loss: 0.7669 - val_loss: 0.7748
Epoch 38/200
51/51 - 9s - 185ms/step - loss: 0.7652 - val_loss: 0.7732
Epoch 39/200
51/51 - 10s - 189ms/step - loss: 0.7635 - val_loss: 0.7717
Epoch 40/200
51/51 - 9s - 185ms/step - loss: 0.7618 - val_loss: 0.7701
Epoch 41/200
51/51 - 9s - 182ms/step - loss: 0.7602 - val_loss: 0.7687
Epoch 42/200
51/51 - 10s - 187ms/step - loss: 0.7587 - val_loss: 0.7673
Epoch 43/200
51/51 - 9s - 185ms/step - loss: 0.7572 - val_loss: 0.7659
Epoch 44/200
51/51 - 10s - 188ms/step - loss: 0.7557 - val_loss: 0.7645
Epoch 45/200
51/51 - 9s - 184ms/step - loss: 0.7543 - val_loss: 0.7632
Epoch 46/200
51/51 - 9s - 183ms/step - loss: 0.7529 - val_loss: 0.7619
Epoch 47/200
51/51 - 9s - 183ms/step - loss: 0.7516 - val_loss: 0.7607
Epoch 48/200
51/51 - 9s - 186ms/step - loss: 0.7503 - val_loss: 0.7595
Epoch 49/200
51/51 - 9s - 184ms/step - loss: 0.7490 - val_loss: 0.7583
Epoch 50/200
51/51 - 9s - 183ms/step - loss: 0.7478 - val_loss: 0.7572
Epoch 51/200
51/51 - 9s - 185ms/step - loss: 0.7466 - val_loss: 0.7561
Epoch 52/200
51/51 - 9s - 175ms/step - loss: 0.7454 - val_loss: 0.7550
Epoch 53/200
51/51 - 9s - 179ms/step - loss: 0.7443 - val_loss: 0.7539
Epoch 54/200
51/51 - 9s - 184ms/step - loss: 0.7431 - val_loss: 0.7529
Epoch 55/200
51/51 - 9s - 182ms/step - loss: 0.7420 - val_loss: 0.7518
Epoch 56/200
51/51 - 9s - 184ms/step - loss: 0.7409 - val_loss: 0.7508
Epoch 57/200
51/51 - 9s - 183ms/step - loss: 0.7399 - val_loss: 0.7499
Epoch 58/200
51/51 - 9s - 184ms/step - loss: 0.7389 - val_loss: 0.7489
Epoch 59/200
51/51 - 9s - 184ms/step - loss: 0.7378 - val_loss: 0.7480
Epoch 60/200
51/51 - 9s - 183ms/step - loss: 0.7369 - val_loss: 0.7471
Epoch 61/200
51/51 - 9s - 183ms/step - loss: 0.7359 - val_loss: 0.7462
Epoch 62/200
51/51 - 9s - 179ms/step - loss: 0.7349 - val_loss: 0.7453
Epoch 63/200
51/51 - 9s - 180ms/step - loss: 0.7340 - val_loss: 0.7444
Epoch 64/200
51/51 - 9s - 178ms/step - loss: 0.7331 - val_loss: 0.7436
Epoch 65/200
51/51 - 9s - 184ms/step - loss: 0.7322 - val_loss: 0.7427
Epoch 66/200
51/51 - 9s - 183ms/step - loss: 0.7313 - val_loss: 0.7419
Epoch 67/200
51/51 - 9s - 185ms/step - loss: 0.7305 - val_loss: 0.7411
Epoch 68/200
51/51 - 9s - 183ms/step - loss: 0.7296 - val_loss: 0.7403
Epoch 69/200
51/51 - 9s - 183ms/step - loss: 0.7288 - val_loss: 0.7396
Epoch 70/200
51/51 - 9s - 182ms/step - loss: 0.7280 - val_loss: 0.7388
Epoch 71/200
51/51 - 9s - 180ms/step - loss: 0.7272 - val_loss: 0.7380
Epoch 72/200
51/51 - 9s - 183ms/step - loss: 0.7264 - val_loss: 0.7373
Epoch 73/200
51/51 - 9s - 183ms/step - loss: 0.7257 - val_loss: 0.7366
Epoch 74/200
51/51 - 9s - 183ms/step - loss: 0.7249 - val_loss: 0.7359
Epoch 75/200
51/51 - 9s - 178ms/step - loss: 0.7242 - val_loss: 0.7352
Epoch 76/200
51/51 - 9s - 173ms/step - loss: 0.7235 - val_loss: 0.7345
Epoch 77/200
51/51 - 9s - 179ms/step - loss: 0.7227 - val_loss: 0.7338
Epoch 78/200
51/51 - 9s - 184ms/step - loss: 0.7221 - val_loss: 0.7332
Epoch 79/200
51/51 - 9s - 184ms/step - loss: 0.7214 - val_loss: 0.7325
Epoch 80/200
51/51 - 9s - 183ms/step - loss: 0.7207 - val_loss: 0.7319
Epoch 81/200
51/51 - 9s - 185ms/step - loss: 0.7201 - val_loss: 0.7312
Epoch 82/200
51/51 - 10s - 188ms/step - loss: 0.7194 - val_loss: 0.7306
Epoch 83/200
51/51 - 9s - 184ms/step - loss: 0.7188 - val_loss: 0.7300
Epoch 84/200
51/51 - 9s - 183ms/step - loss: 0.7182 - val_loss: 0.7294
Epoch 85/200
51/51 - 10s - 187ms/step - loss: 0.7175 - val_loss: 0.7288
Epoch 86/200
51/51 - 9s - 183ms/step - loss: 0.7169 - val_loss: 0.7282
Epoch 87/200
51/51 - 9s - 183ms/step - loss: 0.7164 - val_loss: 0.7277
Epoch 88/200
51/51 - 9s - 176ms/step - loss: 0.7158 - val_loss: 0.7271
Epoch 89/200
51/51 - 9s - 180ms/step - loss: 0.7152 - val_loss: 0.7265
Epoch 90/200
51/51 - 9s - 182ms/step - loss: 0.7146 - val_loss: 0.7260
Epoch 91/200
51/51 - 9s - 184ms/step - loss: 0.7141 - val_loss: 0.7254
Epoch 92/200
51/51 - 9s - 184ms/step - loss: 0.7136 - val_loss: 0.7249
Epoch 93/200
51/51 - 9s - 183ms/step - loss: 0.7130 - val_loss: 0.7244
Epoch 94/200
51/51 - 9s - 184ms/step - loss: 0.7125 - val_loss: 0.7239
Epoch 95/200
51/51 - 9s - 184ms/step - loss: 0.7120 - val_loss: 0.7234
Epoch 96/200
51/51 - 9s - 184ms/step - loss: 0.7115 - val_loss: 0.7229
Epoch 97/200
51/51 - 9s - 183ms/step - loss: 0.7110 - val_loss: 0.7224
Epoch 98/200
51/51 - 9s - 179ms/step - loss: 0.7105 - val_loss: 0.7219
Epoch 99/200
51/51 - 9s - 176ms/step - loss: 0.7100 - val_loss: 0.7214
Epoch 100/200
51/51 - 9s - 180ms/step - loss: 0.7095 - val_loss: 0.7209
Epoch 101/200
51/51 - 9s - 183ms/step - loss: 0.7090 - val_loss: 0.7204
Epoch 102/200
51/51 - 9s - 183ms/step - loss: 0.7085 - val_loss: 0.7200
Epoch 103/200
51/51 - 9s - 185ms/step - loss: 0.7081 - val_loss: 0.7195
Epoch 104/200
51/51 - 9s - 184ms/step - loss: 0.7076 - val_loss: 0.7190
Epoch 105/200
51/51 - 9s - 181ms/step - loss: 0.7072 - val_loss: 0.7186
Epoch 106/200
51/51 - 9s - 183ms/step - loss: 0.7067 - val_loss: 0.7181
Epoch 107/200
51/51 - 9s - 179ms/step - loss: 0.7063 - val_loss: 0.7177
Epoch 108/200
51/51 - 9s - 184ms/step - loss: 0.7059 - val_loss: 0.7173
Epoch 109/200
51/51 - 9s - 186ms/step - loss: 0.7054 - val_loss: 0.7168
Epoch 110/200
51/51 - 10s - 189ms/step - loss: 0.7050 - val_loss: 0.7164
Epoch 111/200
51/51 - 9s - 181ms/step - loss: 0.7046 - val_loss: 0.7160
Epoch 112/200
51/51 - 10s - 187ms/step - loss: 0.7042 - val_loss: 0.7156
Epoch 113/200
51/51 - 10s - 190ms/step - loss: 0.7038 - val_loss: 0.7152
Epoch 114/200
51/51 - 9s - 186ms/step - loss: 0.7034 - val_loss: 0.7148
Epoch 115/200
51/51 - 9s - 183ms/step - loss: 0.7030 - val_loss: 0.7144
Epoch 116/200
51/51 - 9s - 179ms/step - loss: 0.7026 - val_loss: 0.7140
Epoch 117/200
51/51 - 9s - 185ms/step - loss: 0.7022 - val_loss: 0.7136
Epoch 118/200
51/51 - 9s - 183ms/step - loss: 0.7018 - val_loss: 0.7132
Epoch 119/200
51/51 - 9s - 184ms/step - loss: 0.7015 - val_loss: 0.7128
Epoch 120/200
51/51 - 9s - 184ms/step - loss: 0.7011 - val_loss: 0.7124
Epoch 121/200
51/51 - 9s - 184ms/step - loss: 0.7007 - val_loss: 0.7121
Epoch 122/200
51/51 - 9s - 183ms/step - loss: 0.7004 - val_loss: 0.7117
Epoch 123/200
51/51 - 9s - 180ms/step - loss: 0.7000 - val_loss: 0.7113
Epoch 124/200
51/51 - 10s - 188ms/step - loss: 0.6997 - val_loss: 0.7110
Epoch 125/200
51/51 - 9s - 180ms/step - loss: 0.6993 - val_loss: 0.7106
Epoch 126/200
51/51 - 10s - 189ms/step - loss: 0.6990 - val_loss: 0.7103
Epoch 127/200
51/51 - 10s - 188ms/step - loss: 0.6986 - val_loss: 0.7099
Epoch 128/200
51/51 - 10s - 188ms/step - loss: 0.6983 - val_loss: 0.7096
Epoch 129/200
51/51 - 10s - 189ms/step - loss: 0.6980 - val_loss: 0.7092
Epoch 130/200
51/51 - 10s - 189ms/step - loss: 0.6976 - val_loss: 0.7089
Epoch 131/200
51/51 - 10s - 186ms/step - loss: 0.6973 - val_loss: 0.7086
Epoch 132/200
51/51 - 10s - 188ms/step - loss: 0.6970 - val_loss: 0.7082
Epoch 133/200
51/51 - 9s - 179ms/step - loss: 0.6967 - val_loss: 0.7079
Epoch 134/200
51/51 - 9s - 182ms/step - loss: 0.6964 - val_loss: 0.7076
Epoch 135/200
51/51 - 9s - 181ms/step - loss: 0.6961 - val_loss: 0.7073
Epoch 136/200
51/51 - 9s - 183ms/step - loss: 0.6958 - val_loss: 0.7070
Epoch 137/200
51/51 - 9s - 182ms/step - loss: 0.6955 - val_loss: 0.7067
Epoch 138/200
51/51 - 9s - 184ms/step - loss: 0.6952 - val_loss: 0.7064
Epoch 139/200
51/51 - 9s - 183ms/step - loss: 0.6949 - val_loss: 0.7061
Epoch 140/200
51/51 - 9s - 183ms/step - loss: 0.6946 - val_loss: 0.7058
Epoch 141/200
51/51 - 9s - 183ms/step - loss: 0.6943 - val_loss: 0.7055
Epoch 142/200
51/51 - 9s - 178ms/step - loss: 0.6941 - val_loss: 0.7052
Epoch 143/200
51/51 - 9s - 184ms/step - loss: 0.6938 - val_loss: 0.7049
Epoch 144/200
51/51 - 9s - 183ms/step - loss: 0.6935 - val_loss: 0.7046
Epoch 145/200
51/51 - 9s - 183ms/step - loss: 0.6932 - val_loss: 0.7043
Epoch 146/200
51/51 - 9s - 172ms/step - loss: 0.6930 - val_loss: 0.7040
Epoch 147/200
51/51 - 9s - 177ms/step - loss: 0.6927 - val_loss: 0.7038
Epoch 148/200
51/51 - 9s - 185ms/step - loss: 0.6925 - val_loss: 0.7035
Epoch 149/200
51/51 - 9s - 184ms/step - loss: 0.6922 - val_loss: 0.7032
Epoch 150/200
51/51 - 9s - 183ms/step - loss: 0.6919 - val_loss: 0.7030
Epoch 151/200
51/51 - 9s - 182ms/step - loss: 0.6917 - val_loss: 0.7027
Epoch 152/200
51/51 - 9s - 180ms/step - loss: 0.6914 - val_loss: 0.7024
Epoch 153/200
51/51 - 9s - 183ms/step - loss: 0.6912 - val_loss: 0.7022
Epoch 154/200
51/51 - 9s - 183ms/step - loss: 0.6910 - val_loss: 0.7019
Epoch 155/200
51/51 - 9s - 183ms/step - loss: 0.6907 - val_loss: 0.7017
Epoch 156/200
51/51 - 9s - 183ms/step - loss: 0.6905 - val_loss: 0.7014
Epoch 157/200
51/51 - 9s - 183ms/step - loss: 0.6902 - val_loss: 0.7012
Epoch 158/200
51/51 - 9s - 176ms/step - loss: 0.6900 - val_loss: 0.7009
Epoch 159/200
51/51 - 9s - 183ms/step - loss: 0.6898 - val_loss: 0.7007
Epoch 160/200
51/51 - 9s - 182ms/step - loss: 0.6896 - val_loss: 0.7004
Epoch 161/200
51/51 - 9s - 180ms/step - loss: 0.6893 - val_loss: 0.7002
Epoch 162/200
51/51 - 9s - 183ms/step - loss: 0.6891 - val_loss: 0.7000
Epoch 163/200
51/51 - 9s - 183ms/step - loss: 0.6889 - val_loss: 0.6997
Epoch 164/200
51/51 - 9s - 184ms/step - loss: 0.6887 - val_loss: 0.6995
Epoch 165/200
51/51 - 9s - 184ms/step - loss: 0.6885 - val_loss: 0.6993
Epoch 166/200
51/51 - 9s - 184ms/step - loss: 0.6883 - val_loss: 0.6991
Epoch 167/200
51/51 - 9s - 183ms/step - loss: 0.6880 - val_loss: 0.6988
Epoch 168/200
51/51 - 9s - 182ms/step - loss: 0.6878 - val_loss: 0.6986
Epoch 169/200
51/51 - 9s - 175ms/step - loss: 0.6876 - val_loss: 0.6984
Epoch 170/200
51/51 - 9s - 181ms/step - loss: 0.6874 - val_loss: 0.6982
Epoch 171/200
51/51 - 9s - 186ms/step - loss: 0.6872 - val_loss: 0.6980
Epoch 172/200
51/51 - 10s - 189ms/step - loss: 0.6870 - val_loss: 0.6978
Epoch 173/200
51/51 - 10s - 188ms/step - loss: 0.6868 - val_loss: 0.6975
Epoch 174/200
51/51 - 10s - 190ms/step - loss: 0.6866 - val_loss: 0.6973
Epoch 175/200
51/51 - 10s - 189ms/step - loss: 0.6864 - val_loss: 0.6971
Epoch 176/200
51/51 - 10s - 189ms/step - loss: 0.6862 - val_loss: 0.6969
Epoch 177/200
51/51 - 9s - 185ms/step - loss: 0.6861 - val_loss: 0.6967
Epoch 178/200
51/51 - 9s - 184ms/step - loss: 0.6859 - val_loss: 0.6965
Epoch 179/200
51/51 - 10s - 190ms/step - loss: 0.6857 - val_loss: 0.6963
Epoch 180/200
51/51 - 9s - 185ms/step - loss: 0.6855 - val_loss: 0.6961
Epoch 181/200
51/51 - 9s - 174ms/step - loss: 0.6853 - val_loss: 0.6959
Epoch 182/200
51/51 - 10s - 189ms/step - loss: 0.6851 - val_loss: 0.6957
Epoch 183/200
51/51 - 10s - 189ms/step - loss: 0.6849 - val_loss: 0.6956
Epoch 184/200
51/51 - 10s - 187ms/step - loss: 0.6848 - val_loss: 0.6954
Epoch 185/200
51/51 - 9s - 182ms/step - loss: 0.6846 - val_loss: 0.6952
Epoch 186/200
51/51 - 9s - 184ms/step - loss: 0.6844 - val_loss: 0.6950
Epoch 187/200
51/51 - 9s - 179ms/step - loss: 0.6842 - val_loss: 0.6948
Epoch 188/200
51/51 - 9s - 183ms/step - loss: 0.6841 - val_loss: 0.6946
Epoch 189/200
51/51 - 9s - 183ms/step - loss: 0.6839 - val_loss: 0.6945
Epoch 190/200
51/51 - 9s - 183ms/step - loss: 0.6837 - val_loss: 0.6943
Epoch 191/200
51/51 - 9s - 183ms/step - loss: 0.6836 - val_loss: 0.6941
Epoch 192/200
51/51 - 9s - 178ms/step - loss: 0.6834 - val_loss: 0.6939
Epoch 193/200
51/51 - 9s - 182ms/step - loss: 0.6832 - val_loss: 0.6938
Epoch 194/200
51/51 - 9s - 183ms/step - loss: 0.6831 - val_loss: 0.6936
Epoch 195/200
51/51 - 9s - 182ms/step - loss: 0.6829 - val_loss: 0.6934
Epoch 196/200
51/51 - 9s - 179ms/step - loss: 0.6827 - val_loss: 0.6932
Epoch 197/200
51/51 - 9s - 184ms/step - loss: 0.6826 - val_loss: 0.6931
Epoch 198/200
51/51 - 9s - 183ms/step - loss: 0.6824 - val_loss: 0.6929
Epoch 199/200
51/51 - 9s - 184ms/step - loss: 0.6823 - val_loss: 0.6928
Epoch 200/200
51/51 - 9s - 182ms/step - loss: 0.6821 - val_loss: 0.6926
[Run 3/5] Training single encoder baseline (baseline preprocessing, linear structure, sigmoid head)...
[Run 3/5] Shared encoder (unweight) threshold comparison: dynamic=0.3707 (balanced_accuracy=0.6773), fixed_0.5=0.5000 (balanced_accuracy=0.6746).
[Run 3/5] Shared encoder (weighted) threshold comparison: dynamic=0.3655 (balanced_accuracy=0.6661), fixed_0.5=0.5000 (balanced_accuracy=0.6647).
[Run 3/5] Saved raw test predictions to /home/xx4455/Comparable/Code/Synthetic/Results/Predictions/compas_race_28754_5_run3_raw_predictions.csv.
[Run 4/5] Training shared encoder (unweighted, sigmoid head, baseline preprocessing)...
Epoch 1/200
51/51 - 10s - 201ms/step - loss: 1.0685 - val_loss: 1.0567
Epoch 2/200
51/51 - 8s - 164ms/step - loss: 1.0432 - val_loss: 1.0337
Epoch 3/200
51/51 - 8s - 157ms/step - loss: 1.0173 - val_loss: 1.0105
Epoch 4/200
51/51 - 8s - 164ms/step - loss: 0.9916 - val_loss: 0.9877
Epoch 5/200
51/51 - 8s - 162ms/step - loss: 0.9668 - val_loss: 0.9646
Epoch 6/200
51/51 - 8s - 162ms/step - loss: 0.9435 - val_loss: 0.9433
Epoch 7/200
51/51 - 8s - 163ms/step - loss: 0.9230 - val_loss: 0.9250
Epoch 8/200
51/51 - 8s - 162ms/step - loss: 0.9054 - val_loss: 0.9088
Epoch 9/200
51/51 - 8s - 162ms/step - loss: 0.8902 - val_loss: 0.8946
Epoch 10/200
51/51 - 8s - 161ms/step - loss: 0.8771 - val_loss: 0.8823
Epoch 11/200
51/51 - 8s - 162ms/step - loss: 0.8659 - val_loss: 0.8719
Epoch 12/200
51/51 - 8s - 162ms/step - loss: 0.8563 - val_loss: 0.8628
Epoch 13/200
51/51 - 9s - 175ms/step - loss: 0.8480 - val_loss: 0.8548
Epoch 14/200
51/51 - 9s - 183ms/step - loss: 0.8406 - val_loss: 0.8477
Epoch 15/200
51/51 - 9s - 183ms/step - loss: 0.8340 - val_loss: 0.8412
Epoch 16/200
51/51 - 9s - 184ms/step - loss: 0.8280 - val_loss: 0.8354
Epoch 17/200
51/51 - 9s - 184ms/step - loss: 0.8227 - val_loss: 0.8300
Epoch 18/200
51/51 - 10s - 187ms/step - loss: 0.8177 - val_loss: 0.8251
Epoch 19/200
51/51 - 10s - 189ms/step - loss: 0.8132 - val_loss: 0.8205
Epoch 20/200
51/51 - 9s - 185ms/step - loss: 0.8090 - val_loss: 0.8162
Epoch 21/200
51/51 - 9s - 184ms/step - loss: 0.8051 - val_loss: 0.8122
Epoch 22/200
51/51 - 9s - 175ms/step - loss: 0.8014 - val_loss: 0.8084
Epoch 23/200
51/51 - 9s - 168ms/step - loss: 0.7980 - val_loss: 0.8048
Epoch 24/200
51/51 - 9s - 184ms/step - loss: 0.7947 - val_loss: 0.8013
Epoch 25/200
51/51 - 9s - 185ms/step - loss: 0.7916 - val_loss: 0.7981
Epoch 26/200
51/51 - 9s - 176ms/step - loss: 0.7887 - val_loss: 0.7950
Epoch 27/200
51/51 - 9s - 178ms/step - loss: 0.7858 - val_loss: 0.7920
Epoch 28/200
51/51 - 9s - 177ms/step - loss: 0.7831 - val_loss: 0.7891
Epoch 29/200
51/51 - 9s - 176ms/step - loss: 0.7805 - val_loss: 0.7864
Epoch 30/200
51/51 - 9s - 177ms/step - loss: 0.7781 - val_loss: 0.7837
Epoch 31/200
51/51 - 9s - 177ms/step - loss: 0.7757 - val_loss: 0.7811
Epoch 32/200
51/51 - 9s - 175ms/step - loss: 0.7733 - val_loss: 0.7787
Epoch 33/200
51/51 - 9s - 176ms/step - loss: 0.7711 - val_loss: 0.7763
Epoch 34/200
51/51 - 9s - 176ms/step - loss: 0.7689 - val_loss: 0.7740
Epoch 35/200
51/51 - 9s - 170ms/step - loss: 0.7668 - val_loss: 0.7717
Epoch 36/200
51/51 - 9s - 170ms/step - loss: 0.7647 - val_loss: 0.7695
Epoch 37/200
51/51 - 9s - 175ms/step - loss: 0.7627 - val_loss: 0.7674
Epoch 38/200
51/51 - 9s - 177ms/step - loss: 0.7608 - val_loss: 0.7654
Epoch 39/200
51/51 - 9s - 178ms/step - loss: 0.7589 - val_loss: 0.7634
Epoch 40/200
51/51 - 9s - 176ms/step - loss: 0.7570 - val_loss: 0.7614
Epoch 41/200
51/51 - 9s - 176ms/step - loss: 0.7552 - val_loss: 0.7596
Epoch 42/200
51/51 - 9s - 177ms/step - loss: 0.7534 - val_loss: 0.7577
Epoch 43/200
51/51 - 9s - 176ms/step - loss: 0.7517 - val_loss: 0.7560
Epoch 44/200
51/51 - 9s - 178ms/step - loss: 0.7500 - val_loss: 0.7543
Epoch 45/200
51/51 - 9s - 178ms/step - loss: 0.7484 - val_loss: 0.7526
Epoch 46/200
51/51 - 9s - 177ms/step - loss: 0.7468 - val_loss: 0.7510
Epoch 47/200
51/51 - 9s - 171ms/step - loss: 0.7453 - val_loss: 0.7494
Epoch 48/200
51/51 - 8s - 165ms/step - loss: 0.7438 - val_loss: 0.7479
Epoch 49/200
51/51 - 9s - 173ms/step - loss: 0.7423 - val_loss: 0.7464
Epoch 50/200
51/51 - 9s - 177ms/step - loss: 0.7409 - val_loss: 0.7449
Epoch 51/200
51/51 - 9s - 177ms/step - loss: 0.7395 - val_loss: 0.7435
Epoch 52/200
51/51 - 9s - 177ms/step - loss: 0.7382 - val_loss: 0.7422
Epoch 53/200
51/51 - 9s - 172ms/step - loss: 0.7369 - val_loss: 0.7409
Epoch 54/200
51/51 - 9s - 179ms/step - loss: 0.7356 - val_loss: 0.7396
Epoch 55/200
51/51 - 9s - 178ms/step - loss: 0.7344 - val_loss: 0.7383
Epoch 56/200
51/51 - 9s - 177ms/step - loss: 0.7332 - val_loss: 0.7371
Epoch 57/200
51/51 - 9s - 178ms/step - loss: 0.7321 - val_loss: 0.7359
Epoch 58/200
51/51 - 9s - 175ms/step - loss: 0.7309 - val_loss: 0.7347
Epoch 59/200
51/51 - 9s - 176ms/step - loss: 0.7298 - val_loss: 0.7336
Epoch 60/200
51/51 - 9s - 170ms/step - loss: 0.7288 - val_loss: 0.7325
Epoch 61/200
51/51 - 9s - 178ms/step - loss: 0.7277 - val_loss: 0.7314
Epoch 62/200
51/51 - 9s - 178ms/step - loss: 0.7267 - val_loss: 0.7304
Epoch 63/200
51/51 - 9s - 177ms/step - loss: 0.7257 - val_loss: 0.7293
Epoch 64/200
51/51 - 9s - 177ms/step - loss: 0.7247 - val_loss: 0.7283
Epoch 65/200
51/51 - 9s - 177ms/step - loss: 0.7238 - val_loss: 0.7274
Epoch 66/200
51/51 - 9s - 174ms/step - loss: 0.7229 - val_loss: 0.7264
Epoch 67/200
51/51 - 9s - 172ms/step - loss: 0.7220 - val_loss: 0.7255
Epoch 68/200
51/51 - 9s - 178ms/step - loss: 0.7211 - val_loss: 0.7245
Epoch 69/200
51/51 - 9s - 177ms/step - loss: 0.7202 - val_loss: 0.7236
Epoch 70/200
51/51 - 9s - 176ms/step - loss: 0.7194 - val_loss: 0.7228
Epoch 71/200
51/51 - 9s - 177ms/step - loss: 0.7186 - val_loss: 0.7219
Epoch 72/200
51/51 - 9s - 170ms/step - loss: 0.7178 - val_loss: 0.7210
Epoch 73/200
51/51 - 9s - 175ms/step - loss: 0.7170 - val_loss: 0.7202
Epoch 74/200
51/51 - 9s - 178ms/step - loss: 0.7162 - val_loss: 0.7194
Epoch 75/200
51/51 - 9s - 178ms/step - loss: 0.7154 - val_loss: 0.7186
Epoch 76/200
51/51 - 9s - 178ms/step - loss: 0.7147 - val_loss: 0.7178
Epoch 77/200
51/51 - 9s - 177ms/step - loss: 0.7140 - val_loss: 0.7170
Epoch 78/200
51/51 - 9s - 176ms/step - loss: 0.7132 - val_loss: 0.7163
Epoch 79/200
51/51 - 9s - 176ms/step - loss: 0.7125 - val_loss: 0.7155
Epoch 80/200
51/51 - 9s - 176ms/step - loss: 0.7118 - val_loss: 0.7148
Epoch 81/200
51/51 - 9s - 175ms/step - loss: 0.7112 - val_loss: 0.7141
Epoch 82/200
51/51 - 9s - 178ms/step - loss: 0.7105 - val_loss: 0.7134
Epoch 83/200
51/51 - 9s - 177ms/step - loss: 0.7098 - val_loss: 0.7127
Epoch 84/200
51/51 - 9s - 171ms/step - loss: 0.7092 - val_loss: 0.7120
Epoch 85/200
51/51 - 9s - 168ms/step - loss: 0.7086 - val_loss: 0.7113
Epoch 86/200
51/51 - 9s - 177ms/step - loss: 0.7079 - val_loss: 0.7107
Epoch 87/200
51/51 - 9s - 182ms/step - loss: 0.7073 - val_loss: 0.7100
Epoch 88/200
51/51 - 9s - 181ms/step - loss: 0.7067 - val_loss: 0.7094
Epoch 89/200
51/51 - 9s - 178ms/step - loss: 0.7061 - val_loss: 0.7087
Epoch 90/200
51/51 - 9s - 178ms/step - loss: 0.7056 - val_loss: 0.7081
Epoch 91/200
51/51 - 9s - 176ms/step - loss: 0.7050 - val_loss: 0.7075
Epoch 92/200
51/51 - 9s - 184ms/step - loss: 0.7044 - val_loss: 0.7069
Epoch 93/200
51/51 - 9s - 181ms/step - loss: 0.7039 - val_loss: 0.7063
Epoch 94/200
51/51 - 9s - 176ms/step - loss: 0.7033 - val_loss: 0.7057
Epoch 95/200
51/51 - 9s - 174ms/step - loss: 0.7028 - val_loss: 0.7052
Epoch 96/200
51/51 - 9s - 177ms/step - loss: 0.7022 - val_loss: 0.7046
Epoch 97/200
51/51 - 9s - 172ms/step - loss: 0.7017 - val_loss: 0.7041
Epoch 98/200
51/51 - 9s - 178ms/step - loss: 0.7012 - val_loss: 0.7035
Epoch 99/200
51/51 - 9s - 178ms/step - loss: 0.7007 - val_loss: 0.7030
Epoch 100/200
51/51 - 9s - 177ms/step - loss: 0.7002 - val_loss: 0.7025
Epoch 101/200
51/51 - 9s - 179ms/step - loss: 0.6997 - val_loss: 0.7019
Epoch 102/200
51/51 - 9s - 178ms/step - loss: 0.6992 - val_loss: 0.7014
Epoch 103/200
51/51 - 9s - 179ms/step - loss: 0.6987 - val_loss: 0.7009
Epoch 104/200
51/51 - 9s - 178ms/step - loss: 0.6983 - val_loss: 0.7004
Epoch 105/200
51/51 - 9s - 177ms/step - loss: 0.6978 - val_loss: 0.6999
Epoch 106/200
51/51 - 9s - 177ms/step - loss: 0.6973 - val_loss: 0.6995
Epoch 107/200
51/51 - 9s - 177ms/step - loss: 0.6969 - val_loss: 0.6990
Epoch 108/200
51/51 - 9s - 172ms/step - loss: 0.6964 - val_loss: 0.6985
Epoch 109/200
51/51 - 9s - 172ms/step - loss: 0.6960 - val_loss: 0.6981
Epoch 110/200
51/51 - 9s - 173ms/step - loss: 0.6956 - val_loss: 0.6976
Epoch 111/200
51/51 - 9s - 179ms/step - loss: 0.6951 - val_loss: 0.6972
Epoch 112/200
51/51 - 9s - 177ms/step - loss: 0.6947 - val_loss: 0.6967
Epoch 113/200
51/51 - 9s - 176ms/step - loss: 0.6943 - val_loss: 0.6963
Epoch 114/200
51/51 - 9s - 178ms/step - loss: 0.6939 - val_loss: 0.6959
Epoch 115/200
51/51 - 9s - 176ms/step - loss: 0.6935 - val_loss: 0.6955
Epoch 116/200
51/51 - 9s - 175ms/step - loss: 0.6931 - val_loss: 0.6950
Epoch 117/200
51/51 - 9s - 178ms/step - loss: 0.6927 - val_loss: 0.6946
Epoch 118/200
51/51 - 9s - 178ms/step - loss: 0.6923 - val_loss: 0.6942
Epoch 119/200
51/51 - 9s - 178ms/step - loss: 0.6919 - val_loss: 0.6938
Epoch 120/200
51/51 - 9s - 170ms/step - loss: 0.6915 - val_loss: 0.6935
Epoch 121/200
51/51 - 8s - 165ms/step - loss: 0.6911 - val_loss: 0.6931
Epoch 122/200
51/51 - 9s - 177ms/step - loss: 0.6908 - val_loss: 0.6927
Epoch 123/200
51/51 - 9s - 177ms/step - loss: 0.6904 - val_loss: 0.6923
Epoch 124/200
51/51 - 9s - 176ms/step - loss: 0.6900 - val_loss: 0.6920
Epoch 125/200
51/51 - 9s - 176ms/step - loss: 0.6897 - val_loss: 0.6916
Epoch 126/200
51/51 - 9s - 175ms/step - loss: 0.6893 - val_loss: 0.6912
Epoch 127/200
51/51 - 9s - 175ms/step - loss: 0.6890 - val_loss: 0.6909
Epoch 128/200
51/51 - 9s - 176ms/step - loss: 0.6886 - val_loss: 0.6906
Epoch 129/200
51/51 - 9s - 175ms/step - loss: 0.6883 - val_loss: 0.6902
Epoch 130/200
51/51 - 9s - 179ms/step - loss: 0.6879 - val_loss: 0.6899
Epoch 131/200
51/51 - 9s - 181ms/step - loss: 0.6876 - val_loss: 0.6896
Epoch 132/200
51/51 - 9s - 180ms/step - loss: 0.6873 - val_loss: 0.6892
Epoch 133/200
51/51 - 9s - 175ms/step - loss: 0.6869 - val_loss: 0.6889
Epoch 134/200
51/51 - 9s - 178ms/step - loss: 0.6866 - val_loss: 0.6886
Epoch 135/200
51/51 - 9s - 178ms/step - loss: 0.6863 - val_loss: 0.6883
Epoch 136/200
51/51 - 9s - 176ms/step - loss: 0.6860 - val_loss: 0.6880
Epoch 137/200
51/51 - 9s - 175ms/step - loss: 0.6857 - val_loss: 0.6877
Epoch 138/200
51/51 - 9s - 175ms/step - loss: 0.6853 - val_loss: 0.6874
Epoch 139/200
51/51 - 9s - 178ms/step - loss: 0.6850 - val_loss: 0.6871
Epoch 140/200
51/51 - 9s - 172ms/step - loss: 0.6847 - val_loss: 0.6868
Epoch 141/200
51/51 - 9s - 175ms/step - loss: 0.6844 - val_loss: 0.6865
Epoch 142/200
51/51 - 9s - 177ms/step - loss: 0.6841 - val_loss: 0.6863
Epoch 143/200
51/51 - 9s - 175ms/step - loss: 0.6838 - val_loss: 0.6860
Epoch 144/200
51/51 - 9s - 173ms/step - loss: 0.6835 - val_loss: 0.6857
Epoch 145/200
51/51 - 9s - 167ms/step - loss: 0.6833 - val_loss: 0.6854
Epoch 146/200
51/51 - 9s - 176ms/step - loss: 0.6830 - val_loss: 0.6852
Epoch 147/200
51/51 - 9s - 175ms/step - loss: 0.6827 - val_loss: 0.6849
Epoch 148/200
51/51 - 9s - 184ms/step - loss: 0.6824 - val_loss: 0.6847
Epoch 149/200
51/51 - 9s - 181ms/step - loss: 0.6821 - val_loss: 0.6844
Epoch 150/200
51/51 - 9s - 178ms/step - loss: 0.6818 - val_loss: 0.6842
Epoch 151/200
51/51 - 9s - 181ms/step - loss: 0.6816 - val_loss: 0.6839
Epoch 152/200
51/51 - 9s - 181ms/step - loss: 0.6813 - val_loss: 0.6837
Epoch 153/200
51/51 - 9s - 180ms/step - loss: 0.6810 - val_loss: 0.6834
Epoch 154/200
51/51 - 9s - 178ms/step - loss: 0.6808 - val_loss: 0.6832
Epoch 155/200
51/51 - 9s - 177ms/step - loss: 0.6805 - val_loss: 0.6830
Epoch 156/200
51/51 - 9s - 177ms/step - loss: 0.6802 - val_loss: 0.6827
Epoch 157/200
51/51 - 8s - 165ms/step - loss: 0.6800 - val_loss: 0.6825
Epoch 158/200
51/51 - 9s - 182ms/step - loss: 0.6797 - val_loss: 0.6823
Epoch 159/200
51/51 - 9s - 181ms/step - loss: 0.6795 - val_loss: 0.6821
Epoch 160/200
51/51 - 9s - 177ms/step - loss: 0.6792 - val_loss: 0.6818
Epoch 161/200
51/51 - 9s - 176ms/step - loss: 0.6790 - val_loss: 0.6816
Epoch 162/200
51/51 - 9s - 176ms/step - loss: 0.6787 - val_loss: 0.6814
Epoch 163/200
51/51 - 9s - 178ms/step - loss: 0.6785 - val_loss: 0.6812
Epoch 164/200
51/51 - 9s - 177ms/step - loss: 0.6782 - val_loss: 0.6810
Epoch 165/200
51/51 - 9s - 177ms/step - loss: 0.6780 - val_loss: 0.6808
Epoch 166/200
51/51 - 9s - 175ms/step - loss: 0.6777 - val_loss: 0.6806
Epoch 167/200
51/51 - 9s - 178ms/step - loss: 0.6775 - val_loss: 0.6804
Epoch 168/200
51/51 - 9s - 176ms/step - loss: 0.6773 - val_loss: 0.6802
Epoch 169/200
51/51 - 9s - 168ms/step - loss: 0.6770 - val_loss: 0.6800
Epoch 170/200
51/51 - 9s - 184ms/step - loss: 0.6768 - val_loss: 0.6798
Epoch 171/200
51/51 - 9s - 180ms/step - loss: 0.6766 - val_loss: 0.6796
Epoch 172/200
51/51 - 9s - 180ms/step - loss: 0.6764 - val_loss: 0.6794
Epoch 173/200
51/51 - 9s - 182ms/step - loss: 0.6761 - val_loss: 0.6792
Epoch 174/200
51/51 - 9s - 181ms/step - loss: 0.6759 - val_loss: 0.6790
Epoch 175/200
51/51 - 9s - 183ms/step - loss: 0.6757 - val_loss: 0.6788
Epoch 176/200
51/51 - 9s - 178ms/step - loss: 0.6755 - val_loss: 0.6786
Epoch 177/200
51/51 - 9s - 184ms/step - loss: 0.6753 - val_loss: 0.6784
Epoch 178/200
51/51 - 9s - 182ms/step - loss: 0.6750 - val_loss: 0.6782
Epoch 179/200
51/51 - 9s - 182ms/step - loss: 0.6748 - val_loss: 0.6780
Epoch 180/200
51/51 - 9s - 169ms/step - loss: 0.6746 - val_loss: 0.6778
Epoch 181/200
51/51 - 9s - 171ms/step - loss: 0.6744 - val_loss: 0.6777
Epoch 182/200
51/51 - 9s - 176ms/step - loss: 0.6742 - val_loss: 0.6775
Epoch 183/200
51/51 - 9s - 178ms/step - loss: 0.6740 - val_loss: 0.6773
Epoch 184/200
51/51 - 9s - 173ms/step - loss: 0.6738 - val_loss: 0.6771
Epoch 185/200
51/51 - 9s - 176ms/step - loss: 0.6736 - val_loss: 0.6769
Epoch 186/200
51/51 - 9s - 177ms/step - loss: 0.6734 - val_loss: 0.6768
Epoch 187/200
51/51 - 9s - 177ms/step - loss: 0.6732 - val_loss: 0.6766
Epoch 188/200
51/51 - 9s - 177ms/step - loss: 0.6730 - val_loss: 0.6764
Epoch 189/200
51/51 - 9s - 178ms/step - loss: 0.6728 - val_loss: 0.6762
Epoch 190/200
51/51 - 9s - 176ms/step - loss: 0.6726 - val_loss: 0.6761
Epoch 191/200
51/51 - 9s - 177ms/step - loss: 0.6724 - val_loss: 0.6759
Epoch 192/200
51/51 - 9s - 172ms/step - loss: 0.6722 - val_loss: 0.6757
Epoch 193/200
51/51 - 8s - 165ms/step - loss: 0.6721 - val_loss: 0.6755
Epoch 194/200
51/51 - 9s - 178ms/step - loss: 0.6719 - val_loss: 0.6754
Epoch 195/200
51/51 - 9s - 178ms/step - loss: 0.6717 - val_loss: 0.6752
Epoch 196/200
51/51 - 9s - 176ms/step - loss: 0.6715 - val_loss: 0.6750
Epoch 197/200
51/51 - 9s - 176ms/step - loss: 0.6713 - val_loss: 0.6749
Epoch 198/200
51/51 - 9s - 176ms/step - loss: 0.6712 - val_loss: 0.6747
Epoch 199/200
51/51 - 9s - 177ms/step - loss: 0.6710 - val_loss: 0.6746
Epoch 200/200
51/51 - 9s - 173ms/step - loss: 0.6708 - val_loss: 0.6744
[Run 4/5] Training shared encoder (weighted, sigmoid head, baseline preprocessing)...
Epoch 1/200
51/51 - 12s - 230ms/step - loss: 1.0634 - val_loss: 1.0496
Epoch 2/200
51/51 - 9s - 185ms/step - loss: 1.0418 - val_loss: 1.0295
Epoch 3/200
51/51 - 9s - 176ms/step - loss: 1.0199 - val_loss: 1.0095
Epoch 4/200
51/51 - 9s - 179ms/step - loss: 0.9986 - val_loss: 0.9903
Epoch 5/200
51/51 - 9s - 182ms/step - loss: 0.9784 - val_loss: 0.9718
Epoch 6/200
51/51 - 9s - 183ms/step - loss: 0.9597 - val_loss: 0.9542
Epoch 7/200
51/51 - 9s - 184ms/step - loss: 0.9429 - val_loss: 0.9390
Epoch 8/200
51/51 - 9s - 186ms/step - loss: 0.9280 - val_loss: 0.9256
Epoch 9/200
51/51 - 9s - 183ms/step - loss: 0.9149 - val_loss: 0.9136
Epoch 10/200
51/51 - 9s - 183ms/step - loss: 0.9032 - val_loss: 0.9029
Epoch 11/200
51/51 - 9s - 183ms/step - loss: 0.8929 - val_loss: 0.8934
Epoch 12/200
51/51 - 9s - 184ms/step - loss: 0.8835 - val_loss: 0.8847
Epoch 13/200
51/51 - 9s - 182ms/step - loss: 0.8750 - val_loss: 0.8767
Epoch 14/200
51/51 - 9s - 182ms/step - loss: 0.8670 - val_loss: 0.8693
Epoch 15/200
51/51 - 9s - 179ms/step - loss: 0.8596 - val_loss: 0.8623
Epoch 16/200
51/51 - 9s - 173ms/step - loss: 0.8526 - val_loss: 0.8558
Epoch 17/200
51/51 - 9s - 183ms/step - loss: 0.8459 - val_loss: 0.8495
Epoch 18/200
51/51 - 9s - 182ms/step - loss: 0.8396 - val_loss: 0.8435
Epoch 19/200
51/51 - 9s - 183ms/step - loss: 0.8335 - val_loss: 0.8377
Epoch 20/200
51/51 - 9s - 184ms/step - loss: 0.8278 - val_loss: 0.8322
Epoch 21/200
51/51 - 9s - 182ms/step - loss: 0.8223 - val_loss: 0.8269
Epoch 22/200
51/51 - 9s - 183ms/step - loss: 0.8171 - val_loss: 0.8219
Epoch 23/200
51/51 - 9s - 184ms/step - loss: 0.8122 - val_loss: 0.8171
Epoch 24/200
51/51 - 9s - 183ms/step - loss: 0.8076 - val_loss: 0.8125
Epoch 25/200
51/51 - 9s - 183ms/step - loss: 0.8033 - val_loss: 0.8083
Epoch 26/200
51/51 - 9s - 182ms/step - loss: 0.7993 - val_loss: 0.8043
Epoch 27/200
51/51 - 9s - 175ms/step - loss: 0.7955 - val_loss: 0.8005
Epoch 28/200
51/51 - 9s - 173ms/step - loss: 0.7920 - val_loss: 0.7970
Epoch 29/200
51/51 - 9s - 181ms/step - loss: 0.7888 - val_loss: 0.7937
Epoch 30/200
51/51 - 9s - 179ms/step - loss: 0.7857 - val_loss: 0.7906
Epoch 31/200
51/51 - 9s - 183ms/step - loss: 0.7828 - val_loss: 0.7877
Epoch 32/200
51/51 - 9s - 183ms/step - loss: 0.7801 - val_loss: 0.7850
Epoch 33/200
51/51 - 9s - 182ms/step - loss: 0.7775 - val_loss: 0.7824
Epoch 34/200
51/51 - 9s - 183ms/step - loss: 0.7751 - val_loss: 0.7800
Epoch 35/200
51/51 - 9s - 182ms/step - loss: 0.7728 - val_loss: 0.7777
Epoch 36/200
51/51 - 9s - 182ms/step - loss: 0.7707 - val_loss: 0.7755
Epoch 37/200
51/51 - 9s - 185ms/step - loss: 0.7686 - val_loss: 0.7735
Epoch 38/200
51/51 - 9s - 184ms/step - loss: 0.7666 - val_loss: 0.7715
Epoch 39/200
51/51 - 9s - 177ms/step - loss: 0.7647 - val_loss: 0.7696
Epoch 40/200
51/51 - 9s - 181ms/step - loss: 0.7629 - val_loss: 0.7678
Epoch 41/200
51/51 - 9s - 186ms/step - loss: 0.7612 - val_loss: 0.7661
Epoch 42/200
51/51 - 10s - 187ms/step - loss: 0.7595 - val_loss: 0.7645
Epoch 43/200
51/51 - 9s - 185ms/step - loss: 0.7579 - val_loss: 0.7629
Epoch 44/200
51/51 - 9s - 183ms/step - loss: 0.7564 - val_loss: 0.7614
Epoch 45/200
51/51 - 9s - 185ms/step - loss: 0.7549 - val_loss: 0.7599
Epoch 46/200
51/51 - 9s - 182ms/step - loss: 0.7535 - val_loss: 0.7585
Epoch 47/200
51/51 - 9s - 182ms/step - loss: 0.7521 - val_loss: 0.7572
Epoch 48/200
51/51 - 9s - 184ms/step - loss: 0.7507 - val_loss: 0.7558
Epoch 49/200
51/51 - 9s - 182ms/step - loss: 0.7494 - val_loss: 0.7546
Epoch 50/200
51/51 - 9s - 180ms/step - loss: 0.7482 - val_loss: 0.7534
Epoch 51/200
51/51 - 9s - 175ms/step - loss: 0.7470 - val_loss: 0.7522
Epoch 52/200
51/51 - 10s - 187ms/step - loss: 0.7458 - val_loss: 0.7510
Epoch 53/200
51/51 - 9s - 182ms/step - loss: 0.7447 - val_loss: 0.7499
Epoch 54/200
51/51 - 9s - 182ms/step - loss: 0.7436 - val_loss: 0.7488
Epoch 55/200
51/51 - 9s - 183ms/step - loss: 0.7425 - val_loss: 0.7478
Epoch 56/200
51/51 - 9s - 183ms/step - loss: 0.7414 - val_loss: 0.7468
Epoch 57/200
51/51 - 9s - 183ms/step - loss: 0.7404 - val_loss: 0.7458
Epoch 58/200
51/51 - 9s - 177ms/step - loss: 0.7394 - val_loss: 0.7448
Epoch 59/200
51/51 - 9s - 185ms/step - loss: 0.7385 - val_loss: 0.7439
Epoch 60/200
51/51 - 9s - 183ms/step - loss: 0.7375 - val_loss: 0.7430
Epoch 61/200
51/51 - 9s - 183ms/step - loss: 0.7366 - val_loss: 0.7421
Epoch 62/200
51/51 - 9s - 177ms/step - loss: 0.7358 - val_loss: 0.7412
Epoch 63/200
51/51 - 9s - 179ms/step - loss: 0.7349 - val_loss: 0.7404
Epoch 64/200
51/51 - 10s - 188ms/step - loss: 0.7340 - val_loss: 0.7396
Epoch 65/200
51/51 - 10s - 187ms/step - loss: 0.7332 - val_loss: 0.7388
Epoch 66/200
51/51 - 10s - 188ms/step - loss: 0.7324 - val_loss: 0.7380
Epoch 67/200
51/51 - 10s - 189ms/step - loss: 0.7316 - val_loss: 0.7372
Epoch 68/200
51/51 - 10s - 189ms/step - loss: 0.7309 - val_loss: 0.7365
Epoch 69/200
51/51 - 10s - 188ms/step - loss: 0.7301 - val_loss: 0.7357
Epoch 70/200
51/51 - 9s - 185ms/step - loss: 0.7294 - val_loss: 0.7350
Epoch 71/200
51/51 - 9s - 182ms/step - loss: 0.7287 - val_loss: 0.7343
Epoch 72/200
51/51 - 9s - 183ms/step - loss: 0.7280 - val_loss: 0.7336
Epoch 73/200
51/51 - 9s - 181ms/step - loss: 0.7273 - val_loss: 0.7330
Epoch 74/200
51/51 - 9s - 174ms/step - loss: 0.7266 - val_loss: 0.7323
Epoch 75/200
51/51 - 9s - 183ms/step - loss: 0.7260 - val_loss: 0.7317
Epoch 76/200
51/51 - 9s - 183ms/step - loss: 0.7253 - val_loss: 0.7310
Epoch 77/200
51/51 - 9s - 182ms/step - loss: 0.7247 - val_loss: 0.7304
Epoch 78/200
51/51 - 9s - 183ms/step - loss: 0.7241 - val_loss: 0.7298
Epoch 79/200
51/51 - 9s - 183ms/step - loss: 0.7235 - val_loss: 0.7292
Epoch 80/200
51/51 - 9s - 185ms/step - loss: 0.7229 - val_loss: 0.7286
Epoch 81/200
51/51 - 9s - 184ms/step - loss: 0.7223 - val_loss: 0.7280
Epoch 82/200
51/51 - 9s - 183ms/step - loss: 0.7217 - val_loss: 0.7275
Epoch 83/200
51/51 - 9s - 184ms/step - loss: 0.7211 - val_loss: 0.7269
Epoch 84/200
51/51 - 9s - 183ms/step - loss: 0.7206 - val_loss: 0.7264
Epoch 85/200
51/51 - 9s - 177ms/step - loss: 0.7200 - val_loss: 0.7258
Epoch 86/200
51/51 - 9s - 179ms/step - loss: 0.7195 - val_loss: 0.7253
Epoch 87/200
51/51 - 9s - 181ms/step - loss: 0.7190 - val_loss: 0.7248
Epoch 88/200
51/51 - 9s - 182ms/step - loss: 0.7185 - val_loss: 0.7242
Epoch 89/200
51/51 - 9s - 183ms/step - loss: 0.7179 - val_loss: 0.7237
Epoch 90/200
51/51 - 9s - 182ms/step - loss: 0.7174 - val_loss: 0.7232
Epoch 91/200
51/51 - 9s - 183ms/step - loss: 0.7169 - val_loss: 0.7227
Epoch 92/200
51/51 - 9s - 183ms/step - loss: 0.7164 - val_loss: 0.7222
Epoch 93/200
51/51 - 9s - 185ms/step - loss: 0.7160 - val_loss: 0.7217
Epoch 94/200
51/51 - 9s - 182ms/step - loss: 0.7155 - val_loss: 0.7212
Epoch 95/200
51/51 - 9s - 183ms/step - loss: 0.7150 - val_loss: 0.7208
Epoch 96/200
51/51 - 9s - 182ms/step - loss: 0.7145 - val_loss: 0.7203
Epoch 97/200
51/51 - 9s - 176ms/step - loss: 0.7141 - val_loss: 0.7198
Epoch 98/200
51/51 - 9s - 174ms/step - loss: 0.7136 - val_loss: 0.7194
Epoch 99/200
51/51 - 9s - 182ms/step - loss: 0.7132 - val_loss: 0.7189
Epoch 100/200
51/51 - 9s - 183ms/step - loss: 0.7127 - val_loss: 0.7185
Epoch 101/200
51/51 - 9s - 182ms/step - loss: 0.7123 - val_loss: 0.7180
Epoch 102/200
51/51 - 9s - 182ms/step - loss: 0.7119 - val_loss: 0.7176
Epoch 103/200
51/51 - 9s - 183ms/step - loss: 0.7114 - val_loss: 0.7171
Epoch 104/200
51/51 - 9s - 183ms/step - loss: 0.7110 - val_loss: 0.7167
Epoch 105/200
51/51 - 9s - 183ms/step - loss: 0.7106 - val_loss: 0.7162
Epoch 106/200
51/51 - 9s - 182ms/step - loss: 0.7102 - val_loss: 0.7158
Epoch 107/200
51/51 - 9s - 182ms/step - loss: 0.7097 - val_loss: 0.7154
Epoch 108/200
51/51 - 9s - 181ms/step - loss: 0.7093 - val_loss: 0.7150
Epoch 109/200
51/51 - 9s - 171ms/step - loss: 0.7089 - val_loss: 0.7145
Epoch 110/200
51/51 - 9s - 184ms/step - loss: 0.7085 - val_loss: 0.7141
Epoch 111/200
51/51 - 9s - 181ms/step - loss: 0.7081 - val_loss: 0.7137
Epoch 112/200
51/51 - 9s - 182ms/step - loss: 0.7077 - val_loss: 0.7133
Epoch 113/200
51/51 - 9s - 185ms/step - loss: 0.7073 - val_loss: 0.7129
Epoch 114/200
51/51 - 10s - 188ms/step - loss: 0.7069 - val_loss: 0.7125
Epoch 115/200
51/51 - 10s - 188ms/step - loss: 0.7066 - val_loss: 0.7121
Epoch 116/200
51/51 - 9s - 185ms/step - loss: 0.7062 - val_loss: 0.7117
Epoch 117/200
51/51 - 9s - 186ms/step - loss: 0.7058 - val_loss: 0.7113
Epoch 118/200
51/51 - 9s - 186ms/step - loss: 0.7054 - val_loss: 0.7109
Epoch 119/200
51/51 - 9s - 180ms/step - loss: 0.7050 - val_loss: 0.7106
Epoch 120/200
51/51 - 9s - 178ms/step - loss: 0.7047 - val_loss: 0.7102
Epoch 121/200
51/51 - 9s - 180ms/step - loss: 0.7043 - val_loss: 0.7098
Epoch 122/200
51/51 - 9s - 182ms/step - loss: 0.7039 - val_loss: 0.7094
Epoch 123/200
51/51 - 9s - 182ms/step - loss: 0.7036 - val_loss: 0.7091
Epoch 124/200
51/51 - 9s - 183ms/step - loss: 0.7032 - val_loss: 0.7087
Epoch 125/200
51/51 - 9s - 183ms/step - loss: 0.7029 - val_loss: 0.7084
Epoch 126/200
51/51 - 9s - 182ms/step - loss: 0.7025 - val_loss: 0.7080
Epoch 127/200
51/51 - 9s - 182ms/step - loss: 0.7022 - val_loss: 0.7077
Epoch 128/200
51/51 - 9s - 181ms/step - loss: 0.7018 - val_loss: 0.7073
Epoch 129/200
51/51 - 9s - 180ms/step - loss: 0.7015 - val_loss: 0.7070
Epoch 130/200
51/51 - 9s - 181ms/step - loss: 0.7012 - val_loss: 0.7066
Epoch 131/200
51/51 - 9s - 181ms/step - loss: 0.7008 - val_loss: 0.7063
Epoch 132/200
51/51 - 9s - 172ms/step - loss: 0.7005 - val_loss: 0.7060
Epoch 133/200
51/51 - 9s - 178ms/step - loss: 0.7002 - val_loss: 0.7056
Epoch 134/200
51/51 - 9s - 183ms/step - loss: 0.6999 - val_loss: 0.7053
Epoch 135/200
51/51 - 9s - 184ms/step - loss: 0.6995 - val_loss: 0.7050
Epoch 136/200
51/51 - 9s - 182ms/step - loss: 0.6992 - val_loss: 0.7047
Epoch 137/200
51/51 - 9s - 183ms/step - loss: 0.6989 - val_loss: 0.7044
Epoch 138/200
51/51 - 9s - 179ms/step - loss: 0.6986 - val_loss: 0.7041
Epoch 139/200
51/51 - 9s - 178ms/step - loss: 0.6983 - val_loss: 0.7038
Epoch 140/200
51/51 - 9s - 183ms/step - loss: 0.6980 - val_loss: 0.7035
Epoch 141/200
51/51 - 9s - 182ms/step - loss: 0.6977 - val_loss: 0.7032
Epoch 142/200
51/51 - 9s - 182ms/step - loss: 0.6974 - val_loss: 0.7029
Epoch 143/200
51/51 - 9s - 184ms/step - loss: 0.6971 - val_loss: 0.7026
Epoch 144/200
51/51 - 9s - 178ms/step - loss: 0.6968 - val_loss: 0.7023
Epoch 145/200
51/51 - 9s - 182ms/step - loss: 0.6965 - val_loss: 0.7021
Epoch 146/200
51/51 - 9s - 182ms/step - loss: 0.6962 - val_loss: 0.7018
Epoch 147/200
51/51 - 9s - 179ms/step - loss: 0.6960 - val_loss: 0.7015
Epoch 148/200
51/51 - 9s - 181ms/step - loss: 0.6957 - val_loss: 0.7013
Epoch 149/200
51/51 - 9s - 182ms/step - loss: 0.6954 - val_loss: 0.7010
Epoch 150/200
51/51 - 9s - 182ms/step - loss: 0.6951 - val_loss: 0.7007
Epoch 151/200
51/51 - 9s - 181ms/step - loss: 0.6949 - val_loss: 0.7005
Epoch 152/200
51/51 - 9s - 183ms/step - loss: 0.6946 - val_loss: 0.7002
Epoch 153/200
51/51 - 9s - 182ms/step - loss: 0.6944 - val_loss: 0.7000
Epoch 154/200
51/51 - 9s - 181ms/step - loss: 0.6941 - val_loss: 0.6997
Epoch 155/200
51/51 - 9s - 181ms/step - loss: 0.6938 - val_loss: 0.6995
Epoch 156/200
51/51 - 9s - 173ms/step - loss: 0.6936 - val_loss: 0.6992
Epoch 157/200
51/51 - 9s - 183ms/step - loss: 0.6933 - val_loss: 0.6990
Epoch 158/200
51/51 - 9s - 182ms/step - loss: 0.6931 - val_loss: 0.6988
Epoch 159/200
51/51 - 9s - 182ms/step - loss: 0.6929 - val_loss: 0.6985
Epoch 160/200
51/51 - 9s - 182ms/step - loss: 0.6926 - val_loss: 0.6983
Epoch 161/200
51/51 - 9s - 183ms/step - loss: 0.6924 - val_loss: 0.6981
Epoch 162/200
51/51 - 9s - 181ms/step - loss: 0.6921 - val_loss: 0.6979
Epoch 163/200
51/51 - 9s - 182ms/step - loss: 0.6919 - val_loss: 0.6976
Epoch 164/200
51/51 - 9s - 179ms/step - loss: 0.6917 - val_loss: 0.6974
Epoch 165/200
51/51 - 9s - 167ms/step - loss: 0.6914 - val_loss: 0.6972
Epoch 166/200
51/51 - 9s - 168ms/step - loss: 0.6912 - val_loss: 0.6970
Epoch 167/200
51/51 - 9s - 168ms/step - loss: 0.6910 - val_loss: 0.6968
Epoch 168/200
51/51 - 9s - 167ms/step - loss: 0.6908 - val_loss: 0.6966
Epoch 169/200
51/51 - 9s - 168ms/step - loss: 0.6906 - val_loss: 0.6964
Epoch 170/200
51/51 - 9s - 167ms/step - loss: 0.6903 - val_loss: 0.6962
Epoch 171/200
51/51 - 9s - 168ms/step - loss: 0.6901 - val_loss: 0.6960
Epoch 172/200
51/51 - 9s - 168ms/step - loss: 0.6899 - val_loss: 0.6958
Epoch 173/200
51/51 - 9s - 168ms/step - loss: 0.6897 - val_loss: 0.6956
Epoch 174/200
51/51 - 9s - 168ms/step - loss: 0.6895 - val_loss: 0.6954
Epoch 175/200
51/51 - 9s - 168ms/step - loss: 0.6893 - val_loss: 0.6952
Epoch 176/200
51/51 - 9s - 168ms/step - loss: 0.6891 - val_loss: 0.6950
Epoch 177/200
51/51 - 9s - 168ms/step - loss: 0.6889 - val_loss: 0.6948
Epoch 178/200
51/51 - 9s - 181ms/step - loss: 0.6887 - val_loss: 0.6946
Epoch 179/200
51/51 - 9s - 185ms/step - loss: 0.6885 - val_loss: 0.6944
Epoch 180/200
51/51 - 10s - 188ms/step - loss: 0.6883 - val_loss: 0.6942
Epoch 181/200
51/51 - 9s - 183ms/step - loss: 0.6881 - val_loss: 0.6941
Epoch 182/200
51/51 - 10s - 189ms/step - loss: 0.6879 - val_loss: 0.6939
Epoch 183/200
51/51 - 10s - 189ms/step - loss: 0.6877 - val_loss: 0.6937
Epoch 184/200
51/51 - 10s - 189ms/step - loss: 0.6876 - val_loss: 0.6935
Epoch 185/200
51/51 - 10s - 190ms/step - loss: 0.6874 - val_loss: 0.6934
Epoch 186/200
51/51 - 10s - 189ms/step - loss: 0.6872 - val_loss: 0.6932
Epoch 187/200
51/51 - 9s - 185ms/step - loss: 0.6870 - val_loss: 0.6930
Epoch 188/200
51/51 - 9s - 186ms/step - loss: 0.6868 - val_loss: 0.6929
Epoch 189/200
51/51 - 10s - 194ms/step - loss: 0.6867 - val_loss: 0.6927
Epoch 190/200
51/51 - 9s - 183ms/step - loss: 0.6865 - val_loss: 0.6925
Epoch 191/200
51/51 - 9s - 182ms/step - loss: 0.6863 - val_loss: 0.6924
Epoch 192/200
51/51 - 9s - 172ms/step - loss: 0.6861 - val_loss: 0.6922
Epoch 193/200
51/51 - 9s - 182ms/step - loss: 0.6860 - val_loss: 0.6920
Epoch 194/200
51/51 - 9s - 183ms/step - loss: 0.6858 - val_loss: 0.6919
Epoch 195/200
51/51 - 9s - 183ms/step - loss: 0.6856 - val_loss: 0.6917
Epoch 196/200
51/51 - 9s - 183ms/step - loss: 0.6855 - val_loss: 0.6916
Epoch 197/200
51/51 - 9s - 182ms/step - loss: 0.6853 - val_loss: 0.6914
Epoch 198/200
51/51 - 9s - 184ms/step - loss: 0.6851 - val_loss: 0.6913
Epoch 199/200
51/51 - 9s - 181ms/step - loss: 0.6850 - val_loss: 0.6911
Epoch 200/200
51/51 - 9s - 178ms/step - loss: 0.6848 - val_loss: 0.6909
[Run 4/5] Training single encoder baseline (baseline preprocessing, linear structure, sigmoid head)...
[Run 4/5] Shared encoder (unweight) threshold comparison: dynamic=0.5205 (balanced_accuracy=0.6707), fixed_0.5=0.5000 (balanced_accuracy=0.6699).
[Run 4/5] Shared encoder (weighted) threshold comparison: dynamic=0.6854 (balanced_accuracy=0.6665), fixed_0.5=0.5000 (balanced_accuracy=0.6616).
[Run 4/5] Saved raw test predictions to /home/xx4455/Comparable/Code/Synthetic/Results/Predictions/compas_race_28572_5_run4_raw_predictions.csv.
[Run 5/5] Training shared encoder (unweighted, sigmoid head, baseline preprocessing)...
Epoch 1/200
50/50 - 11s - 224ms/step - loss: 0.9374 - val_loss: 0.9269
Epoch 2/200
50/50 - 9s - 179ms/step - loss: 0.9172 - val_loss: 0.9076
Epoch 3/200
50/50 - 9s - 174ms/step - loss: 0.8988 - val_loss: 0.8901
Epoch 4/200
50/50 - 9s - 181ms/step - loss: 0.8821 - val_loss: 0.8741
Epoch 5/200
50/50 - 9s - 181ms/step - loss: 0.8671 - val_loss: 0.8597
Epoch 6/200
50/50 - 9s - 179ms/step - loss: 0.8539 - val_loss: 0.8469
Epoch 7/200
50/50 - 9s - 180ms/step - loss: 0.8423 - val_loss: 0.8359
Epoch 8/200
50/50 - 9s - 180ms/step - loss: 0.8324 - val_loss: 0.8269
Epoch 9/200
50/50 - 9s - 179ms/step - loss: 0.8242 - val_loss: 0.8198
Epoch 10/200
50/50 - 9s - 170ms/step - loss: 0.8176 - val_loss: 0.8141
Epoch 11/200
50/50 - 9s - 174ms/step - loss: 0.8121 - val_loss: 0.8092
Epoch 12/200
50/50 - 9s - 179ms/step - loss: 0.8073 - val_loss: 0.8049
Epoch 13/200
50/50 - 9s - 180ms/step - loss: 0.8031 - val_loss: 0.8011
Epoch 14/200
50/50 - 9s - 178ms/step - loss: 0.7992 - val_loss: 0.7977
Epoch 15/200
50/50 - 9s - 178ms/step - loss: 0.7957 - val_loss: 0.7945
Epoch 16/200
50/50 - 9s - 178ms/step - loss: 0.7924 - val_loss: 0.7916
Epoch 17/200
50/50 - 9s - 179ms/step - loss: 0.7893 - val_loss: 0.7889
Epoch 18/200
50/50 - 9s - 182ms/step - loss: 0.7863 - val_loss: 0.7863
Epoch 19/200
50/50 - 9s - 179ms/step - loss: 0.7836 - val_loss: 0.7839
Epoch 20/200
50/50 - 9s - 179ms/step - loss: 0.7809 - val_loss: 0.7815
Epoch 21/200
50/50 - 9s - 179ms/step - loss: 0.7784 - val_loss: 0.7793
Epoch 22/200
50/50 - 9s - 173ms/step - loss: 0.7759 - val_loss: 0.7772
Epoch 23/200
50/50 - 9s - 179ms/step - loss: 0.7736 - val_loss: 0.7752
Epoch 24/200
50/50 - 9s - 178ms/step - loss: 0.7713 - val_loss: 0.7732
Epoch 25/200
50/50 - 9s - 175ms/step - loss: 0.7691 - val_loss: 0.7713
Epoch 26/200
50/50 - 9s - 181ms/step - loss: 0.7670 - val_loss: 0.7695
Epoch 27/200
50/50 - 9s - 179ms/step - loss: 0.7649 - val_loss: 0.7677
Epoch 28/200
50/50 - 9s - 178ms/step - loss: 0.7629 - val_loss: 0.7660
Epoch 29/200
50/50 - 9s - 179ms/step - loss: 0.7610 - val_loss: 0.7644
Epoch 30/200
50/50 - 9s - 180ms/step - loss: 0.7591 - val_loss: 0.7628
Epoch 31/200
50/50 - 9s - 178ms/step - loss: 0.7573 - val_loss: 0.7612
Epoch 32/200
50/50 - 9s - 179ms/step - loss: 0.7555 - val_loss: 0.7597
Epoch 33/200
50/50 - 9s - 180ms/step - loss: 0.7538 - val_loss: 0.7583
Epoch 34/200
50/50 - 9s - 174ms/step - loss: 0.7522 - val_loss: 0.7568
Epoch 35/200
50/50 - 9s - 176ms/step - loss: 0.7505 - val_loss: 0.7555
Epoch 36/200
50/50 - 9s - 180ms/step - loss: 0.7490 - val_loss: 0.7541
Epoch 37/200
50/50 - 9s - 177ms/step - loss: 0.7475 - val_loss: 0.7528
Epoch 38/200
50/50 - 9s - 173ms/step - loss: 0.7460 - val_loss: 0.7516
Epoch 39/200
50/50 - 9s - 180ms/step - loss: 0.7446 - val_loss: 0.7504
Epoch 40/200
50/50 - 9s - 178ms/step - loss: 0.7433 - val_loss: 0.7492
Epoch 41/200
50/50 - 9s - 178ms/step - loss: 0.7419 - val_loss: 0.7481
Epoch 42/200
50/50 - 9s - 179ms/step - loss: 0.7406 - val_loss: 0.7469
Epoch 43/200
50/50 - 9s - 177ms/step - loss: 0.7394 - val_loss: 0.7459
Epoch 44/200
50/50 - 9s - 178ms/step - loss: 0.7382 - val_loss: 0.7448
Epoch 45/200
50/50 - 9s - 173ms/step - loss: 0.7370 - val_loss: 0.7438
Epoch 46/200
50/50 - 9s - 179ms/step - loss: 0.7358 - val_loss: 0.7428
Epoch 47/200
50/50 - 9s - 171ms/step - loss: 0.7347 - val_loss: 0.7419
Epoch 48/200
50/50 - 9s - 178ms/step - loss: 0.7336 - val_loss: 0.7409
Epoch 49/200
50/50 - 9s - 179ms/step - loss: 0.7326 - val_loss: 0.7400
Epoch 50/200
50/50 - 9s - 179ms/step - loss: 0.7316 - val_loss: 0.7391
Epoch 51/200
50/50 - 9s - 176ms/step - loss: 0.7306 - val_loss: 0.7383
Epoch 52/200
50/50 - 9s - 173ms/step - loss: 0.7296 - val_loss: 0.7374
Epoch 53/200
50/50 - 9s - 181ms/step - loss: 0.7287 - val_loss: 0.7366
Epoch 54/200
50/50 - 9s - 178ms/step - loss: 0.7277 - val_loss: 0.7358
Epoch 55/200
50/50 - 9s - 177ms/step - loss: 0.7268 - val_loss: 0.7351
Epoch 56/200
50/50 - 9s - 177ms/step - loss: 0.7259 - val_loss: 0.7343
Epoch 57/200
50/50 - 9s - 179ms/step - loss: 0.7251 - val_loss: 0.7336
Epoch 58/200
50/50 - 9s - 177ms/step - loss: 0.7243 - val_loss: 0.7329
Epoch 59/200
50/50 - 8s - 168ms/step - loss: 0.7234 - val_loss: 0.7322
Epoch 60/200
50/50 - 9s - 182ms/step - loss: 0.7226 - val_loss: 0.7315
Epoch 61/200
50/50 - 9s - 185ms/step - loss: 0.7219 - val_loss: 0.7308
Epoch 62/200
50/50 - 9s - 182ms/step - loss: 0.7211 - val_loss: 0.7302
Epoch 63/200
50/50 - 9s - 183ms/step - loss: 0.7203 - val_loss: 0.7296
Epoch 64/200
50/50 - 9s - 184ms/step - loss: 0.7196 - val_loss: 0.7289
Epoch 65/200
50/50 - 9s - 182ms/step - loss: 0.7189 - val_loss: 0.7283
Epoch 66/200
50/50 - 9s - 179ms/step - loss: 0.7182 - val_loss: 0.7277
Epoch 67/200
50/50 - 9s - 174ms/step - loss: 0.7175 - val_loss: 0.7272
Epoch 68/200
50/50 - 9s - 179ms/step - loss: 0.7168 - val_loss: 0.7266
Epoch 69/200
50/50 - 9s - 178ms/step - loss: 0.7162 - val_loss: 0.7260
Epoch 70/200
50/50 - 9s - 177ms/step - loss: 0.7155 - val_loss: 0.7255
Epoch 71/200
50/50 - 8s - 164ms/step - loss: 0.7149 - val_loss: 0.7250
Epoch 72/200
50/50 - 9s - 172ms/step - loss: 0.7143 - val_loss: 0.7244
Epoch 73/200
50/50 - 9s - 178ms/step - loss: 0.7137 - val_loss: 0.7239
Epoch 74/200
50/50 - 9s - 177ms/step - loss: 0.7131 - val_loss: 0.7234
Epoch 75/200
50/50 - 9s - 177ms/step - loss: 0.7125 - val_loss: 0.7229
Epoch 76/200
50/50 - 9s - 179ms/step - loss: 0.7119 - val_loss: 0.7225
Epoch 77/200
50/50 - 9s - 178ms/step - loss: 0.7113 - val_loss: 0.7220
Epoch 78/200
50/50 - 9s - 178ms/step - loss: 0.7107 - val_loss: 0.7215
Epoch 79/200
50/50 - 9s - 178ms/step - loss: 0.7102 - val_loss: 0.7210
Epoch 80/200
50/50 - 9s - 178ms/step - loss: 0.7096 - val_loss: 0.7206
Epoch 81/200
50/50 - 9s - 178ms/step - loss: 0.7091 - val_loss: 0.7201
Epoch 82/200
50/50 - 9s - 177ms/step - loss: 0.7086 - val_loss: 0.7197
Epoch 83/200
50/50 - 9s - 174ms/step - loss: 0.7081 - val_loss: 0.7193
Epoch 84/200
50/50 - 8s - 169ms/step - loss: 0.7075 - val_loss: 0.7189
Epoch 85/200
50/50 - 9s - 178ms/step - loss: 0.7070 - val_loss: 0.7184
Epoch 86/200
50/50 - 9s - 179ms/step - loss: 0.7065 - val_loss: 0.7180
Epoch 87/200
50/50 - 9s - 178ms/step - loss: 0.7060 - val_loss: 0.7176
Epoch 88/200
50/50 - 9s - 179ms/step - loss: 0.7055 - val_loss: 0.7172
Epoch 89/200
50/50 - 9s - 177ms/step - loss: 0.7051 - val_loss: 0.7168
Epoch 90/200
50/50 - 9s - 177ms/step - loss: 0.7046 - val_loss: 0.7164
Epoch 91/200
50/50 - 9s - 179ms/step - loss: 0.7041 - val_loss: 0.7160
Epoch 92/200
50/50 - 9s - 178ms/step - loss: 0.7037 - val_loss: 0.7156
Epoch 93/200
50/50 - 9s - 181ms/step - loss: 0.7032 - val_loss: 0.7153
Epoch 94/200
50/50 - 9s - 183ms/step - loss: 0.7028 - val_loss: 0.7149
Epoch 95/200
50/50 - 9s - 178ms/step - loss: 0.7023 - val_loss: 0.7145
Epoch 96/200
50/50 - 9s - 173ms/step - loss: 0.7019 - val_loss: 0.7141
Epoch 97/200
50/50 - 9s - 176ms/step - loss: 0.7014 - val_loss: 0.7138
Epoch 98/200
50/50 - 9s - 172ms/step - loss: 0.7010 - val_loss: 0.7134
Epoch 99/200
50/50 - 9s - 179ms/step - loss: 0.7006 - val_loss: 0.7131
Epoch 100/200
50/50 - 9s - 178ms/step - loss: 0.7002 - val_loss: 0.7127
Epoch 101/200
50/50 - 9s - 178ms/step - loss: 0.6997 - val_loss: 0.7124
Epoch 102/200
50/50 - 9s - 177ms/step - loss: 0.6993 - val_loss: 0.7120
Epoch 103/200
50/50 - 9s - 177ms/step - loss: 0.6989 - val_loss: 0.7117
Epoch 104/200
50/50 - 9s - 178ms/step - loss: 0.6985 - val_loss: 0.7113
Epoch 105/200
50/50 - 9s - 177ms/step - loss: 0.6981 - val_loss: 0.7110
Epoch 106/200
50/50 - 9s - 181ms/step - loss: 0.6977 - val_loss: 0.7107
Epoch 107/200
50/50 - 9s - 178ms/step - loss: 0.6974 - val_loss: 0.7103
Epoch 108/200
50/50 - 8s - 168ms/step - loss: 0.6970 - val_loss: 0.7100
Epoch 109/200
50/50 - 8s - 169ms/step - loss: 0.6966 - val_loss: 0.7097
Epoch 110/200
50/50 - 9s - 178ms/step - loss: 0.6962 - val_loss: 0.7094
Epoch 111/200
50/50 - 9s - 178ms/step - loss: 0.6958 - val_loss: 0.7090
Epoch 112/200
50/50 - 9s - 177ms/step - loss: 0.6955 - val_loss: 0.7087
Epoch 113/200
50/50 - 9s - 177ms/step - loss: 0.6951 - val_loss: 0.7084
Epoch 114/200
50/50 - 9s - 173ms/step - loss: 0.6947 - val_loss: 0.7081
Epoch 115/200
50/50 - 9s - 180ms/step - loss: 0.6944 - val_loss: 0.7078
Epoch 116/200
50/50 - 9s - 177ms/step - loss: 0.6940 - val_loss: 0.7075
Epoch 117/200
50/50 - 9s - 177ms/step - loss: 0.6937 - val_loss: 0.7072
Epoch 118/200
50/50 - 9s - 178ms/step - loss: 0.6933 - val_loss: 0.7069
Epoch 119/200
50/50 - 9s - 178ms/step - loss: 0.6930 - val_loss: 0.7066
Epoch 120/200
50/50 - 9s - 176ms/step - loss: 0.6926 - val_loss: 0.7063
Epoch 121/200
50/50 - 9s - 172ms/step - loss: 0.6923 - val_loss: 0.7060
Epoch 122/200
50/50 - 9s - 178ms/step - loss: 0.6919 - val_loss: 0.7057
Epoch 123/200
50/50 - 9s - 178ms/step - loss: 0.6916 - val_loss: 0.7054
Epoch 124/200
50/50 - 9s - 179ms/step - loss: 0.6913 - val_loss: 0.7051
Epoch 125/200
50/50 - 9s - 177ms/step - loss: 0.6909 - val_loss: 0.7048
Epoch 126/200
50/50 - 9s - 179ms/step - loss: 0.6906 - val_loss: 0.7045
Epoch 127/200
50/50 - 9s - 178ms/step - loss: 0.6903 - val_loss: 0.7042
Epoch 128/200
50/50 - 9s - 177ms/step - loss: 0.6900 - val_loss: 0.7040
Epoch 129/200
50/50 - 9s - 175ms/step - loss: 0.6897 - val_loss: 0.7037
Epoch 130/200
50/50 - 9s - 185ms/step - loss: 0.6893 - val_loss: 0.7034
Epoch 131/200
50/50 - 9s - 179ms/step - loss: 0.6890 - val_loss: 0.7031
Epoch 132/200
50/50 - 9s - 176ms/step - loss: 0.6887 - val_loss: 0.7028
Epoch 133/200
50/50 - 9s - 175ms/step - loss: 0.6884 - val_loss: 0.7026
Epoch 134/200
50/50 - 9s - 177ms/step - loss: 0.6881 - val_loss: 0.7023
Epoch 135/200
50/50 - 9s - 177ms/step - loss: 0.6878 - val_loss: 0.7020
Epoch 136/200
50/50 - 9s - 178ms/step - loss: 0.6875 - val_loss: 0.7018
Epoch 137/200
50/50 - 9s - 179ms/step - loss: 0.6872 - val_loss: 0.7015
Epoch 138/200
50/50 - 9s - 178ms/step - loss: 0.6869 - val_loss: 0.7012
Epoch 139/200
50/50 - 9s - 177ms/step - loss: 0.6866 - val_loss: 0.7010
Epoch 140/200
50/50 - 9s - 179ms/step - loss: 0.6863 - val_loss: 0.7007
Epoch 141/200
50/50 - 9s - 178ms/step - loss: 0.6860 - val_loss: 0.7004
Epoch 142/200
50/50 - 9s - 176ms/step - loss: 0.6857 - val_loss: 0.7002
Epoch 143/200
50/50 - 9s - 172ms/step - loss: 0.6854 - val_loss: 0.6999
Epoch 144/200
50/50 - 9s - 177ms/step - loss: 0.6851 - val_loss: 0.6997
Epoch 145/200
50/50 - 8s - 164ms/step - loss: 0.6849 - val_loss: 0.6994
Epoch 146/200
50/50 - 9s - 175ms/step - loss: 0.6846 - val_loss: 0.6992
Epoch 147/200
50/50 - 9s - 177ms/step - loss: 0.6843 - val_loss: 0.6989
Epoch 148/200
50/50 - 9s - 181ms/step - loss: 0.6840 - val_loss: 0.6987
Epoch 149/200
50/50 - 9s - 183ms/step - loss: 0.6838 - val_loss: 0.6984
Epoch 150/200
50/50 - 9s - 183ms/step - loss: 0.6835 - val_loss: 0.6982
Epoch 151/200
50/50 - 9s - 181ms/step - loss: 0.6832 - val_loss: 0.6979
Epoch 152/200
50/50 - 9s - 187ms/step - loss: 0.6830 - val_loss: 0.6977
Epoch 153/200
50/50 - 9s - 183ms/step - loss: 0.6827 - val_loss: 0.6974
Epoch 154/200
50/50 - 9s - 182ms/step - loss: 0.6824 - val_loss: 0.6972
Epoch 155/200
50/50 - 9s - 180ms/step - loss: 0.6822 - val_loss: 0.6970
Epoch 156/200
50/50 - 9s - 178ms/step - loss: 0.6819 - val_loss: 0.6967
Epoch 157/200
50/50 - 9s - 171ms/step - loss: 0.6817 - val_loss: 0.6965
Epoch 158/200
50/50 - 9s - 178ms/step - loss: 0.6814 - val_loss: 0.6963
Epoch 159/200
50/50 - 9s - 174ms/step - loss: 0.6812 - val_loss: 0.6961
Epoch 160/200
50/50 - 9s - 179ms/step - loss: 0.6809 - val_loss: 0.6958
Epoch 161/200
50/50 - 9s - 179ms/step - loss: 0.6807 - val_loss: 0.6956
Epoch 162/200
50/50 - 9s - 177ms/step - loss: 0.6804 - val_loss: 0.6954
Epoch 163/200
50/50 - 9s - 177ms/step - loss: 0.6802 - val_loss: 0.6952
Epoch 164/200
50/50 - 9s - 178ms/step - loss: 0.6800 - val_loss: 0.6949
Epoch 165/200
50/50 - 9s - 177ms/step - loss: 0.6797 - val_loss: 0.6947
Epoch 166/200
50/50 - 9s - 177ms/step - loss: 0.6795 - val_loss: 0.6945
Epoch 167/200
50/50 - 9s - 181ms/step - loss: 0.6793 - val_loss: 0.6943
Epoch 168/200
50/50 - 9s - 178ms/step - loss: 0.6790 - val_loss: 0.6941
Epoch 169/200
50/50 - 9s - 170ms/step - loss: 0.6788 - val_loss: 0.6939
Epoch 170/200
50/50 - 9s - 183ms/step - loss: 0.6786 - val_loss: 0.6937
Epoch 171/200
50/50 - 9s - 180ms/step - loss: 0.6784 - val_loss: 0.6935
Epoch 172/200
50/50 - 9s - 183ms/step - loss: 0.6782 - val_loss: 0.6933
Epoch 173/200
50/50 - 9s - 179ms/step - loss: 0.6779 - val_loss: 0.6931
Epoch 174/200
50/50 - 9s - 182ms/step - loss: 0.6777 - val_loss: 0.6929
Epoch 175/200
50/50 - 9s - 178ms/step - loss: 0.6775 - val_loss: 0.6927
Epoch 176/200
50/50 - 9s - 183ms/step - loss: 0.6773 - val_loss: 0.6925
Epoch 177/200
50/50 - 9s - 183ms/step - loss: 0.6771 - val_loss: 0.6923
Epoch 178/200
50/50 - 9s - 181ms/step - loss: 0.6769 - val_loss: 0.6921
Epoch 179/200
50/50 - 9s - 179ms/step - loss: 0.6767 - val_loss: 0.6919
Epoch 180/200
50/50 - 9s - 178ms/step - loss: 0.6765 - val_loss: 0.6917
Epoch 181/200
50/50 - 8s - 166ms/step - loss: 0.6763 - val_loss: 0.6915
Epoch 182/200
50/50 - 8s - 169ms/step - loss: 0.6761 - val_loss: 0.6913
Epoch 183/200
50/50 - 9s - 180ms/step - loss: 0.6759 - val_loss: 0.6911
Epoch 184/200
50/50 - 9s - 179ms/step - loss: 0.6757 - val_loss: 0.6910
Epoch 185/200
50/50 - 9s - 177ms/step - loss: 0.6755 - val_loss: 0.6908
Epoch 186/200
50/50 - 9s - 176ms/step - loss: 0.6753 - val_loss: 0.6906
Epoch 187/200
50/50 - 9s - 178ms/step - loss: 0.6752 - val_loss: 0.6904
Epoch 188/200
50/50 - 9s - 177ms/step - loss: 0.6750 - val_loss: 0.6902
Epoch 189/200
50/50 - 9s - 177ms/step - loss: 0.6748 - val_loss: 0.6901
Epoch 190/200
50/50 - 9s - 180ms/step - loss: 0.6746 - val_loss: 0.6899
Epoch 191/200
50/50 - 9s - 181ms/step - loss: 0.6744 - val_loss: 0.6897
Epoch 192/200
50/50 - 9s - 178ms/step - loss: 0.6743 - val_loss: 0.6896
Epoch 193/200
50/50 - 9s - 173ms/step - loss: 0.6741 - val_loss: 0.6894
Epoch 194/200
50/50 - 9s - 174ms/step - loss: 0.6739 - val_loss: 0.6892
Epoch 195/200
50/50 - 9s - 177ms/step - loss: 0.6737 - val_loss: 0.6891
Epoch 196/200
50/50 - 9s - 177ms/step - loss: 0.6736 - val_loss: 0.6889
Epoch 197/200
50/50 - 9s - 178ms/step - loss: 0.6734 - val_loss: 0.6887
Epoch 198/200
50/50 - 9s - 180ms/step - loss: 0.6732 - val_loss: 0.6886
Epoch 199/200
50/50 - 9s - 177ms/step - loss: 0.6731 - val_loss: 0.6884
Epoch 200/200
50/50 - 9s - 178ms/step - loss: 0.6729 - val_loss: 0.6883
[Run 5/5] Training shared encoder (weighted, sigmoid head, baseline preprocessing)...
Epoch 1/200
50/50 - 12s - 231ms/step - loss: 0.9865 - val_loss: 0.9738
Epoch 2/200
50/50 - 9s - 185ms/step - loss: 0.9654 - val_loss: 0.9533
Epoch 3/200
50/50 - 9s - 178ms/step - loss: 0.9459 - val_loss: 0.9343
Epoch 4/200
50/50 - 9s - 185ms/step - loss: 0.9284 - val_loss: 0.9176
Epoch 5/200
50/50 - 8s - 169ms/step - loss: 0.9130 - val_loss: 0.9034
Epoch 6/200
50/50 - 9s - 188ms/step - loss: 0.9000 - val_loss: 0.8914
Epoch 7/200
50/50 - 9s - 185ms/step - loss: 0.8888 - val_loss: 0.8809
Epoch 8/200
50/50 - 9s - 185ms/step - loss: 0.8789 - val_loss: 0.8715
Epoch 9/200
50/50 - 9s - 186ms/step - loss: 0.8700 - val_loss: 0.8629
Epoch 10/200
50/50 - 9s - 186ms/step - loss: 0.8616 - val_loss: 0.8548
Epoch 11/200
50/50 - 9s - 185ms/step - loss: 0.8538 - val_loss: 0.8472
Epoch 12/200
50/50 - 9s - 187ms/step - loss: 0.8464 - val_loss: 0.8400
Epoch 13/200
50/50 - 9s - 186ms/step - loss: 0.8393 - val_loss: 0.8333
Epoch 14/200
50/50 - 9s - 186ms/step - loss: 0.8327 - val_loss: 0.8271
Epoch 15/200
50/50 - 9s - 188ms/step - loss: 0.8265 - val_loss: 0.8213
Epoch 16/200
50/50 - 9s - 182ms/step - loss: 0.8207 - val_loss: 0.8159
Epoch 17/200
50/50 - 9s - 176ms/step - loss: 0.8152 - val_loss: 0.8110
Epoch 18/200
50/50 - 9s - 184ms/step - loss: 0.8102 - val_loss: 0.8065
Epoch 19/200
50/50 - 9s - 184ms/step - loss: 0.8055 - val_loss: 0.8023
Epoch 20/200
50/50 - 9s - 181ms/step - loss: 0.8011 - val_loss: 0.7985
Epoch 21/200
50/50 - 9s - 187ms/step - loss: 0.7970 - val_loss: 0.7949
Epoch 22/200
50/50 - 9s - 186ms/step - loss: 0.7932 - val_loss: 0.7916
Epoch 23/200
50/50 - 9s - 184ms/step - loss: 0.7896 - val_loss: 0.7885
Epoch 24/200
50/50 - 9s - 185ms/step - loss: 0.7863 - val_loss: 0.7856
Epoch 25/200
50/50 - 9s - 184ms/step - loss: 0.7832 - val_loss: 0.7830
Epoch 26/200
50/50 - 9s - 186ms/step - loss: 0.7803 - val_loss: 0.7804
Epoch 27/200
50/50 - 9s - 187ms/step - loss: 0.7775 - val_loss: 0.7781
Epoch 28/200
50/50 - 9s - 186ms/step - loss: 0.7749 - val_loss: 0.7758
Epoch 29/200
50/50 - 9s - 178ms/step - loss: 0.7724 - val_loss: 0.7737
Epoch 30/200
50/50 - 9s - 184ms/step - loss: 0.7701 - val_loss: 0.7717
Epoch 31/200
50/50 - 9s - 186ms/step - loss: 0.7679 - val_loss: 0.7698
Epoch 32/200
50/50 - 9s - 184ms/step - loss: 0.7658 - val_loss: 0.7680
Epoch 33/200
50/50 - 9s - 184ms/step - loss: 0.7638 - val_loss: 0.7663
Epoch 34/200
50/50 - 9s - 182ms/step - loss: 0.7619 - val_loss: 0.7647
Epoch 35/200
50/50 - 9s - 185ms/step - loss: 0.7601 - val_loss: 0.7631
Epoch 36/200
50/50 - 9s - 185ms/step - loss: 0.7584 - val_loss: 0.7617
Epoch 37/200
50/50 - 9s - 189ms/step - loss: 0.7567 - val_loss: 0.7602
Epoch 38/200
50/50 - 9s - 186ms/step - loss: 0.7551 - val_loss: 0.7589
Epoch 39/200
50/50 - 9s - 184ms/step - loss: 0.7536 - val_loss: 0.7576
Epoch 40/200
50/50 - 9s - 178ms/step - loss: 0.7521 - val_loss: 0.7563
Epoch 41/200
50/50 - 9s - 183ms/step - loss: 0.7507 - val_loss: 0.7551
Epoch 42/200
50/50 - 9s - 186ms/step - loss: 0.7494 - val_loss: 0.7539
Epoch 43/200
50/50 - 9s - 184ms/step - loss: 0.7481 - val_loss: 0.7528
Epoch 44/200
50/50 - 9s - 186ms/step - loss: 0.7468 - val_loss: 0.7517
Epoch 45/200
50/50 - 9s - 185ms/step - loss: 0.7456 - val_loss: 0.7506
Epoch 46/200
50/50 - 9s - 184ms/step - loss: 0.7444 - val_loss: 0.7496
Epoch 47/200
50/50 - 9s - 183ms/step - loss: 0.7432 - val_loss: 0.7486
Epoch 48/200
50/50 - 9s - 184ms/step - loss: 0.7421 - val_loss: 0.7476
Epoch 49/200
50/50 - 9s - 184ms/step - loss: 0.7410 - val_loss: 0.7467
Epoch 50/200
50/50 - 9s - 185ms/step - loss: 0.7400 - val_loss: 0.7457
Epoch 51/200
50/50 - 9s - 184ms/step - loss: 0.7390 - val_loss: 0.7449
Epoch 52/200
50/50 - 9s - 176ms/step - loss: 0.7380 - val_loss: 0.7440
Epoch 53/200
50/50 - 9s - 176ms/step - loss: 0.7370 - val_loss: 0.7431
Epoch 54/200
50/50 - 9s - 187ms/step - loss: 0.7361 - val_loss: 0.7423
Epoch 55/200
50/50 - 9s - 185ms/step - loss: 0.7352 - val_loss: 0.7415
Epoch 56/200
50/50 - 9s - 185ms/step - loss: 0.7343 - val_loss: 0.7407
Epoch 57/200
50/50 - 9s - 186ms/step - loss: 0.7334 - val_loss: 0.7400
Epoch 58/200
50/50 - 9s - 184ms/step - loss: 0.7326 - val_loss: 0.7392
Epoch 59/200
50/50 - 9s - 180ms/step - loss: 0.7318 - val_loss: 0.7385
Epoch 60/200
50/50 - 9s - 186ms/step - loss: 0.7310 - val_loss: 0.7378
Epoch 61/200
50/50 - 9s - 187ms/step - loss: 0.7302 - val_loss: 0.7371
Epoch 62/200
50/50 - 9s - 186ms/step - loss: 0.7294 - val_loss: 0.7364
Epoch 63/200
50/50 - 9s - 185ms/step - loss: 0.7286 - val_loss: 0.7357
Epoch 64/200
50/50 - 9s - 178ms/step - loss: 0.7279 - val_loss: 0.7351
Epoch 65/200
50/50 - 9s - 182ms/step - loss: 0.7272 - val_loss: 0.7345
Epoch 66/200
50/50 - 9s - 187ms/step - loss: 0.7265 - val_loss: 0.7338
Epoch 67/200
50/50 - 9s - 186ms/step - loss: 0.7258 - val_loss: 0.7332
Epoch 68/200
50/50 - 9s - 184ms/step - loss: 0.7251 - val_loss: 0.7326
Epoch 69/200
50/50 - 9s - 190ms/step - loss: 0.7244 - val_loss: 0.7320
Epoch 70/200
50/50 - 9s - 186ms/step - loss: 0.7238 - val_loss: 0.7315
Epoch 71/200
50/50 - 9s - 189ms/step - loss: 0.7231 - val_loss: 0.7309
Epoch 72/200
50/50 - 9s - 189ms/step - loss: 0.7225 - val_loss: 0.7303
Epoch 73/200
50/50 - 9s - 190ms/step - loss: 0.7219 - val_loss: 0.7298
Epoch 74/200
50/50 - 9s - 185ms/step - loss: 0.7213 - val_loss: 0.7293
Epoch 75/200
50/50 - 9s - 185ms/step - loss: 0.7207 - val_loss: 0.7288
Epoch 76/200
50/50 - 9s - 174ms/step - loss: 0.7201 - val_loss: 0.7282
Epoch 77/200
50/50 - 9s - 184ms/step - loss: 0.7195 - val_loss: 0.7277
Epoch 78/200
50/50 - 9s - 185ms/step - loss: 0.7190 - val_loss: 0.7273
Epoch 79/200
50/50 - 9s - 182ms/step - loss: 0.7184 - val_loss: 0.7268
Epoch 80/200
50/50 - 9s - 183ms/step - loss: 0.7179 - val_loss: 0.7263
Epoch 81/200
50/50 - 9s - 184ms/step - loss: 0.7174 - val_loss: 0.7258
Epoch 82/200
50/50 - 9s - 184ms/step - loss: 0.7168 - val_loss: 0.7254
Epoch 83/200
50/50 - 9s - 184ms/step - loss: 0.7163 - val_loss: 0.7249
Epoch 84/200
50/50 - 9s - 186ms/step - loss: 0.7158 - val_loss: 0.7245
Epoch 85/200
50/50 - 9s - 184ms/step - loss: 0.7153 - val_loss: 0.7241
Epoch 86/200
50/50 - 9s - 184ms/step - loss: 0.7148 - val_loss: 0.7236
Epoch 87/200
50/50 - 9s - 179ms/step - loss: 0.7143 - val_loss: 0.7232
Epoch 88/200
50/50 - 9s - 172ms/step - loss: 0.7139 - val_loss: 0.7228
Epoch 89/200
50/50 - 9s - 178ms/step - loss: 0.7134 - val_loss: 0.7224
Epoch 90/200
50/50 - 9s - 187ms/step - loss: 0.7129 - val_loss: 0.7220
Epoch 91/200
50/50 - 9s - 184ms/step - loss: 0.7125 - val_loss: 0.7216
Epoch 92/200
50/50 - 9s - 184ms/step - loss: 0.7120 - val_loss: 0.7212
Epoch 93/200
50/50 - 9s - 185ms/step - loss: 0.7116 - val_loss: 0.7208
Epoch 94/200
50/50 - 9s - 187ms/step - loss: 0.7111 - val_loss: 0.7205
Epoch 95/200
50/50 - 9s - 186ms/step - loss: 0.7107 - val_loss: 0.7201
Epoch 96/200
50/50 - 9s - 184ms/step - loss: 0.7103 - val_loss: 0.7197
Epoch 97/200
50/50 - 9s - 185ms/step - loss: 0.7098 - val_loss: 0.7194
Epoch 98/200
50/50 - 9s - 180ms/step - loss: 0.7094 - val_loss: 0.7190
Epoch 99/200
50/50 - 9s - 186ms/step - loss: 0.7090 - val_loss: 0.7187
Epoch 100/200
50/50 - 9s - 178ms/step - loss: 0.7086 - val_loss: 0.7183
Epoch 101/200
50/50 - 9s - 183ms/step - loss: 0.7082 - val_loss: 0.7180
Epoch 102/200
50/50 - 9s - 184ms/step - loss: 0.7078 - val_loss: 0.7176
Epoch 103/200
50/50 - 9s - 185ms/step - loss: 0.7074 - val_loss: 0.7173
Epoch 104/200
50/50 - 9s - 185ms/step - loss: 0.7071 - val_loss: 0.7170
Epoch 105/200
50/50 - 9s - 185ms/step - loss: 0.7067 - val_loss: 0.7167
Epoch 106/200
50/50 - 9s - 184ms/step - loss: 0.7063 - val_loss: 0.7164
Epoch 107/200
50/50 - 9s - 183ms/step - loss: 0.7059 - val_loss: 0.7160
Epoch 108/200
50/50 - 9s - 182ms/step - loss: 0.7056 - val_loss: 0.7157
Epoch 109/200
50/50 - 9s - 185ms/step - loss: 0.7052 - val_loss: 0.7154
Epoch 110/200
50/50 - 9s - 184ms/step - loss: 0.7048 - val_loss: 0.7151
Epoch 111/200
50/50 - 9s - 183ms/step - loss: 0.7045 - val_loss: 0.7148
Epoch 112/200
50/50 - 9s - 176ms/step - loss: 0.7041 - val_loss: 0.7145
Epoch 113/200
50/50 - 9s - 189ms/step - loss: 0.7038 - val_loss: 0.7143
Epoch 114/200
50/50 - 9s - 183ms/step - loss: 0.7034 - val_loss: 0.7140
Epoch 115/200
50/50 - 9s - 185ms/step - loss: 0.7031 - val_loss: 0.7137
Epoch 116/200
50/50 - 9s - 185ms/step - loss: 0.7028 - val_loss: 0.7134
Epoch 117/200
50/50 - 9s - 182ms/step - loss: 0.7024 - val_loss: 0.7131
Epoch 118/200
50/50 - 9s - 185ms/step - loss: 0.7021 - val_loss: 0.7129
Epoch 119/200
50/50 - 9s - 183ms/step - loss: 0.7018 - val_loss: 0.7126
Epoch 120/200
50/50 - 9s - 184ms/step - loss: 0.7014 - val_loss: 0.7123
Epoch 121/200
50/50 - 9s - 186ms/step - loss: 0.7011 - val_loss: 0.7121
Epoch 122/200
50/50 - 9s - 185ms/step - loss: 0.7008 - val_loss: 0.7118
Epoch 123/200
50/50 - 9s - 179ms/step - loss: 0.7005 - val_loss: 0.7115
Epoch 124/200
50/50 - 9s - 171ms/step - loss: 0.7002 - val_loss: 0.7113
Epoch 125/200
50/50 - 9s - 185ms/step - loss: 0.6999 - val_loss: 0.7110
Epoch 126/200
50/50 - 9s - 183ms/step - loss: 0.6996 - val_loss: 0.7108
Epoch 127/200
50/50 - 8s - 168ms/step - loss: 0.6992 - val_loss: 0.7105
Epoch 128/200
50/50 - 9s - 170ms/step - loss: 0.6989 - val_loss: 0.7103
Epoch 129/200
50/50 - 9s - 170ms/step - loss: 0.6986 - val_loss: 0.7100
Epoch 130/200
50/50 - 8s - 170ms/step - loss: 0.6983 - val_loss: 0.7098
Epoch 131/200
50/50 - 9s - 170ms/step - loss: 0.6980 - val_loss: 0.7095
Epoch 132/200
50/50 - 9s - 170ms/step - loss: 0.6978 - val_loss: 0.7093
Epoch 133/200
50/50 - 8s - 170ms/step - loss: 0.6975 - val_loss: 0.7091
Epoch 134/200
50/50 - 8s - 170ms/step - loss: 0.6972 - val_loss: 0.7088
Epoch 135/200
50/50 - 8s - 169ms/step - loss: 0.6969 - val_loss: 0.7086
Epoch 136/200
50/50 - 9s - 171ms/step - loss: 0.6966 - val_loss: 0.7084
Epoch 137/200
50/50 - 9s - 170ms/step - loss: 0.6963 - val_loss: 0.7081
Epoch 138/200
50/50 - 8s - 169ms/step - loss: 0.6960 - val_loss: 0.7079
Epoch 139/200
50/50 - 9s - 180ms/step - loss: 0.6957 - val_loss: 0.7077
Epoch 140/200
50/50 - 10s - 191ms/step - loss: 0.6955 - val_loss: 0.7074
Epoch 141/200
50/50 - 10s - 190ms/step - loss: 0.6952 - val_loss: 0.7072
Epoch 142/200
50/50 - 10s - 191ms/step - loss: 0.6949 - val_loss: 0.7070
Epoch 143/200
50/50 - 10s - 191ms/step - loss: 0.6946 - val_loss: 0.7067
Epoch 144/200
50/50 - 10s - 190ms/step - loss: 0.6944 - val_loss: 0.7065
Epoch 145/200
50/50 - 10s - 191ms/step - loss: 0.6941 - val_loss: 0.7063
Epoch 146/200
50/50 - 10s - 191ms/step - loss: 0.6938 - val_loss: 0.7060
Epoch 147/200
50/50 - 9s - 190ms/step - loss: 0.6935 - val_loss: 0.7058
Epoch 148/200
50/50 - 9s - 180ms/step - loss: 0.6933 - val_loss: 0.7056
Epoch 149/200
50/50 - 9s - 187ms/step - loss: 0.6930 - val_loss: 0.7054
Epoch 150/200
50/50 - 10s - 197ms/step - loss: 0.6927 - val_loss: 0.7051
Epoch 151/200
50/50 - 9s - 186ms/step - loss: 0.6925 - val_loss: 0.7049
Epoch 152/200
50/50 - 9s - 185ms/step - loss: 0.6922 - val_loss: 0.7047
Epoch 153/200
50/50 - 9s - 184ms/step - loss: 0.6919 - val_loss: 0.7044
Epoch 154/200
50/50 - 9s - 184ms/step - loss: 0.6917 - val_loss: 0.7042
Epoch 155/200
50/50 - 9s - 183ms/step - loss: 0.6914 - val_loss: 0.7040
Epoch 156/200
50/50 - 9s - 187ms/step - loss: 0.6911 - val_loss: 0.7038
Epoch 157/200
50/50 - 9s - 185ms/step - loss: 0.6909 - val_loss: 0.7036
Epoch 158/200
50/50 - 9s - 185ms/step - loss: 0.6906 - val_loss: 0.7033
Epoch 159/200
50/50 - 9s - 177ms/step - loss: 0.6904 - val_loss: 0.7031
Epoch 160/200
50/50 - 9s - 172ms/step - loss: 0.6901 - val_loss: 0.7029
Epoch 161/200
50/50 - 9s - 183ms/step - loss: 0.6899 - val_loss: 0.7027
Epoch 162/200
50/50 - 9s - 180ms/step - loss: 0.6896 - val_loss: 0.7025
Epoch 163/200
50/50 - 9s - 189ms/step - loss: 0.6894 - val_loss: 0.7022
Epoch 164/200
50/50 - 9s - 186ms/step - loss: 0.6891 - val_loss: 0.7020
Epoch 165/200
50/50 - 9s - 185ms/step - loss: 0.6889 - val_loss: 0.7018
Epoch 166/200
50/50 - 9s - 185ms/step - loss: 0.6887 - val_loss: 0.7016
Epoch 167/200
50/50 - 9s - 185ms/step - loss: 0.6884 - val_loss: 0.7014
Epoch 168/200
50/50 - 9s - 184ms/step - loss: 0.6882 - val_loss: 0.7012
Epoch 169/200
50/50 - 9s - 185ms/step - loss: 0.6880 - val_loss: 0.7010
Epoch 170/200
50/50 - 9s - 187ms/step - loss: 0.6877 - val_loss: 0.7008
Epoch 171/200
50/50 - 9s - 180ms/step - loss: 0.6875 - val_loss: 0.7006
Epoch 172/200
50/50 - 9s - 186ms/step - loss: 0.6873 - val_loss: 0.7004
Epoch 173/200
50/50 - 9s - 185ms/step - loss: 0.6871 - val_loss: 0.7002
Epoch 174/200
50/50 - 9s - 186ms/step - loss: 0.6868 - val_loss: 0.7000
Epoch 175/200
50/50 - 9s - 185ms/step - loss: 0.6866 - val_loss: 0.6998
Epoch 176/200
50/50 - 9s - 185ms/step - loss: 0.6864 - val_loss: 0.6996
Epoch 177/200
50/50 - 9s - 181ms/step - loss: 0.6862 - val_loss: 0.6994
Epoch 178/200
50/50 - 9s - 187ms/step - loss: 0.6860 - val_loss: 0.6992
Epoch 179/200
50/50 - 9s - 187ms/step - loss: 0.6858 - val_loss: 0.6990
Epoch 180/200
50/50 - 9s - 184ms/step - loss: 0.6856 - val_loss: 0.6989
Epoch 181/200
50/50 - 9s - 185ms/step - loss: 0.6854 - val_loss: 0.6987
Epoch 182/200
50/50 - 9s - 184ms/step - loss: 0.6852 - val_loss: 0.6985
Epoch 183/200
50/50 - 9s - 173ms/step - loss: 0.6850 - val_loss: 0.6983
Epoch 184/200
50/50 - 9s - 185ms/step - loss: 0.6848 - val_loss: 0.6981
Epoch 185/200
50/50 - 9s - 186ms/step - loss: 0.6846 - val_loss: 0.6980
Epoch 186/200
50/50 - 9s - 186ms/step - loss: 0.6844 - val_loss: 0.6978
Epoch 187/200
50/50 - 9s - 185ms/step - loss: 0.6842 - val_loss: 0.6976
Epoch 188/200
50/50 - 9s - 185ms/step - loss: 0.6840 - val_loss: 0.6974
Epoch 189/200
50/50 - 9s - 184ms/step - loss: 0.6838 - val_loss: 0.6973
Epoch 190/200
50/50 - 9s - 183ms/step - loss: 0.6837 - val_loss: 0.6971
Epoch 191/200
50/50 - 9s - 183ms/step - loss: 0.6835 - val_loss: 0.6970
Epoch 192/200
50/50 - 9s - 185ms/step - loss: 0.6833 - val_loss: 0.6968
Epoch 193/200
50/50 - 9s - 188ms/step - loss: 0.6831 - val_loss: 0.6966
Epoch 194/200
50/50 - 9s - 185ms/step - loss: 0.6830 - val_loss: 0.6965
Epoch 195/200
50/50 - 9s - 174ms/step - loss: 0.6828 - val_loss: 0.6963
Epoch 196/200
50/50 - 9s - 188ms/step - loss: 0.6826 - val_loss: 0.6962
Epoch 197/200
50/50 - 9s - 190ms/step - loss: 0.6825 - val_loss: 0.6960
Epoch 198/200
50/50 - 10s - 193ms/step - loss: 0.6823 - val_loss: 0.6959
Epoch 199/200
50/50 - 10s - 191ms/step - loss: 0.6821 - val_loss: 0.6957
Epoch 200/200
50/50 - 9s - 184ms/step - loss: 0.6820 - val_loss: 0.6956
[Run 5/5] Training single encoder baseline (baseline preprocessing, linear structure, sigmoid head)...
[Run 5/5] Shared encoder (unweight) threshold comparison: dynamic=0.4873 (balanced_accuracy=0.6690), fixed_0.5=0.5000 (balanced_accuracy=0.6678).
[Run 5/5] Shared encoder (weighted) threshold comparison: dynamic=0.6277 (balanced_accuracy=0.6654), fixed_0.5=0.5000 (balanced_accuracy=0.6609).
[Run 5/5] Saved raw test predictions to /home/xx4455/Comparable/Code/Synthetic/Results/Predictions/compas_race_28272_5_run5_raw_predictions.csv.
