Training log file: /Users/albert/Downloads/Documents/PhD Thesis/Comparable/Code/Synthetic/Results/TrainingLogs/compas_default_20260414_233913.log
Starting experiments (dataset=compas, sensitive_attribute=default).
/Users/albert/Downloads/Documents/PhD Thesis/Comparable/Code/Synthetic/synthetic.py:106: Pandas4Warning: For backward compatibility, 'str' dtypes are included by select_dtypes when 'object' dtype is specified. This behavior is deprecated and will be removed in a future version. Explicitly pass 'str' to `include` to select them, or to `exclude` to remove them and silence this warning.
See https://pandas.pydata.org/docs/user_guide/migration-3-strings.html#string-migration-select-dtypes for details on how to write code that works with pandas 2 and 3.
  text_cols = df.select_dtypes(include="object").columns
[Run 1/5] Training shared encoder (unweighted, sigmoid head, baseline preprocessing)...
/Users/albert/Downloads/Documents/PhD Thesis/Comparable/.venv/lib/python3.12/site-packages/keras/src/trainers/trainer.py:212: UserWarning: Model doesn't support `jit_compile=True`. Proceeding with `jit_compile=False`.
  warnings.warn(
Epoch 1/500
51/51 - 3s - 55ms/step - loss: 0.9985 - val_loss: 0.9886
Epoch 2/500
51/51 - 3s - 49ms/step - loss: 0.9758 - val_loss: 0.9655
Epoch 3/500
51/51 - 3s - 51ms/step - loss: 0.9521 - val_loss: 0.9421
Epoch 4/500
51/51 - 3s - 52ms/step - loss: 0.9288 - val_loss: 0.9199
Epoch 5/500
51/51 - 3s - 51ms/step - loss: 0.9069 - val_loss: 0.8995
Epoch 6/500
51/51 - 2s - 49ms/step - loss: 0.8869 - val_loss: 0.8812
Epoch 7/500
51/51 - 3s - 52ms/step - loss: 0.8691 - val_loss: 0.8652
Epoch 8/500
51/51 - 3s - 50ms/step - loss: 0.8536 - val_loss: 0.8512
Epoch 9/500
51/51 - 3s - 49ms/step - loss: 0.8399 - val_loss: 0.8390
Epoch 10/500
51/51 - 3s - 50ms/step - loss: 0.8280 - val_loss: 0.8283
Epoch 11/500
51/51 - 3s - 49ms/step - loss: 0.8175 - val_loss: 0.8190
Epoch 12/500
51/51 - 3s - 49ms/step - loss: 0.8084 - val_loss: 0.8109
Epoch 13/500
51/51 - 3s - 49ms/step - loss: 0.8004 - val_loss: 0.8037
Epoch 14/500
51/51 - 3s - 49ms/step - loss: 0.7933 - val_loss: 0.7974
Epoch 15/500
51/51 - 3s - 50ms/step - loss: 0.7871 - val_loss: 0.7918
Epoch 16/500
51/51 - 3s - 50ms/step - loss: 0.7816 - val_loss: 0.7869
Epoch 17/500
51/51 - 3s - 49ms/step - loss: 0.7767 - val_loss: 0.7824
Epoch 18/500
51/51 - 3s - 49ms/step - loss: 0.7723 - val_loss: 0.7784
Epoch 19/500
51/51 - 3s - 49ms/step - loss: 0.7684 - val_loss: 0.7747
Epoch 20/500
51/51 - 3s - 49ms/step - loss: 0.7648 - val_loss: 0.7714
Epoch 21/500
51/51 - 3s - 49ms/step - loss: 0.7615 - val_loss: 0.7683
Epoch 22/500
51/51 - 3s - 49ms/step - loss: 0.7584 - val_loss: 0.7655
Epoch 23/500
51/51 - 3s - 49ms/step - loss: 0.7556 - val_loss: 0.7629
Epoch 24/500
51/51 - 3s - 49ms/step - loss: 0.7529 - val_loss: 0.7604
Epoch 25/500
51/51 - 3s - 50ms/step - loss: 0.7505 - val_loss: 0.7581
Epoch 26/500
51/51 - 3s - 49ms/step - loss: 0.7481 - val_loss: 0.7559
Epoch 27/500
51/51 - 3s - 50ms/step - loss: 0.7459 - val_loss: 0.7538
Epoch 28/500
51/51 - 3s - 50ms/step - loss: 0.7439 - val_loss: 0.7518
Epoch 29/500
51/51 - 3s - 50ms/step - loss: 0.7419 - val_loss: 0.7499
Epoch 30/500
51/51 - 3s - 50ms/step - loss: 0.7400 - val_loss: 0.7481
Epoch 31/500
51/51 - 3s - 49ms/step - loss: 0.7382 - val_loss: 0.7464
Epoch 32/500
51/51 - 3s - 49ms/step - loss: 0.7364 - val_loss: 0.7448
Epoch 33/500
51/51 - 3s - 50ms/step - loss: 0.7348 - val_loss: 0.7432
Epoch 34/500
51/51 - 3s - 50ms/step - loss: 0.7332 - val_loss: 0.7417
Epoch 35/500
51/51 - 3s - 49ms/step - loss: 0.7316 - val_loss: 0.7402
Epoch 36/500
51/51 - 3s - 49ms/step - loss: 0.7302 - val_loss: 0.7388
Epoch 37/500
51/51 - 3s - 49ms/step - loss: 0.7287 - val_loss: 0.7375
Epoch 38/500
51/51 - 3s - 49ms/step - loss: 0.7274 - val_loss: 0.7362
Epoch 39/500
51/51 - 3s - 49ms/step - loss: 0.7260 - val_loss: 0.7349
Epoch 40/500
51/51 - 3s - 50ms/step - loss: 0.7247 - val_loss: 0.7337
Epoch 41/500
51/51 - 3s - 50ms/step - loss: 0.7235 - val_loss: 0.7325
Epoch 42/500
51/51 - 3s - 49ms/step - loss: 0.7223 - val_loss: 0.7314
Epoch 43/500
51/51 - 3s - 49ms/step - loss: 0.7211 - val_loss: 0.7302
Epoch 44/500
51/51 - 3s - 49ms/step - loss: 0.7200 - val_loss: 0.7292
Epoch 45/500
51/51 - 3s - 49ms/step - loss: 0.7189 - val_loss: 0.7281
Epoch 46/500
51/51 - 3s - 49ms/step - loss: 0.7178 - val_loss: 0.7271
Epoch 47/500
51/51 - 3s - 51ms/step - loss: 0.7168 - val_loss: 0.7261
Epoch 48/500
51/51 - 3s - 49ms/step - loss: 0.7158 - val_loss: 0.7252
Epoch 49/500
51/51 - 3s - 50ms/step - loss: 0.7148 - val_loss: 0.7242
Epoch 50/500
51/51 - 3s - 51ms/step - loss: 0.7138 - val_loss: 0.7233
Epoch 51/500
51/51 - 3s - 50ms/step - loss: 0.7129 - val_loss: 0.7224
Epoch 52/500
51/51 - 3s - 49ms/step - loss: 0.7120 - val_loss: 0.7216
Epoch 53/500
51/51 - 3s - 50ms/step - loss: 0.7111 - val_loss: 0.7207
Epoch 54/500
51/51 - 3s - 50ms/step - loss: 0.7102 - val_loss: 0.7199
Epoch 55/500
51/51 - 3s - 49ms/step - loss: 0.7094 - val_loss: 0.7191
Epoch 56/500
51/51 - 3s - 50ms/step - loss: 0.7086 - val_loss: 0.7183
Epoch 57/500
51/51 - 3s - 50ms/step - loss: 0.7077 - val_loss: 0.7175
Epoch 58/500
51/51 - 3s - 49ms/step - loss: 0.7069 - val_loss: 0.7167
Epoch 59/500
51/51 - 3s - 49ms/step - loss: 0.7062 - val_loss: 0.7160
Epoch 60/500
51/51 - 3s - 49ms/step - loss: 0.7054 - val_loss: 0.7153
Epoch 61/500
51/51 - 3s - 49ms/step - loss: 0.7046 - val_loss: 0.7145
Epoch 62/500
51/51 - 3s - 49ms/step - loss: 0.7039 - val_loss: 0.7138
Epoch 63/500
51/51 - 3s - 49ms/step - loss: 0.7032 - val_loss: 0.7132
Epoch 64/500
51/51 - 3s - 50ms/step - loss: 0.7025 - val_loss: 0.7125
Epoch 65/500
51/51 - 3s - 49ms/step - loss: 0.7018 - val_loss: 0.7118
Epoch 66/500
51/51 - 3s - 49ms/step - loss: 0.7011 - val_loss: 0.7112
Epoch 67/500
51/51 - 3s - 49ms/step - loss: 0.7004 - val_loss: 0.7105
Epoch 68/500
51/51 - 3s - 49ms/step - loss: 0.6997 - val_loss: 0.7099
Epoch 69/500
51/51 - 3s - 49ms/step - loss: 0.6991 - val_loss: 0.7093
Epoch 70/500
51/51 - 3s - 49ms/step - loss: 0.6984 - val_loss: 0.7086
Epoch 71/500
51/51 - 3s - 49ms/step - loss: 0.6978 - val_loss: 0.7080
Epoch 72/500
51/51 - 3s - 49ms/step - loss: 0.6972 - val_loss: 0.7074
Epoch 73/500
51/51 - 3s - 49ms/step - loss: 0.6966 - val_loss: 0.7068
Epoch 74/500
51/51 - 3s - 50ms/step - loss: 0.6960 - val_loss: 0.7063
Epoch 75/500
51/51 - 3s - 49ms/step - loss: 0.6954 - val_loss: 0.7057
Epoch 76/500
51/51 - 3s - 49ms/step - loss: 0.6948 - val_loss: 0.7051
Epoch 77/500
51/51 - 3s - 50ms/step - loss: 0.6942 - val_loss: 0.7046
Epoch 78/500
51/51 - 3s - 50ms/step - loss: 0.6936 - val_loss: 0.7040
Epoch 79/500
51/51 - 3s - 50ms/step - loss: 0.6931 - val_loss: 0.7035
Epoch 80/500
51/51 - 3s - 49ms/step - loss: 0.6925 - val_loss: 0.7029
Epoch 81/500
51/51 - 3s - 49ms/step - loss: 0.6920 - val_loss: 0.7024
Epoch 82/500
51/51 - 3s - 49ms/step - loss: 0.6915 - val_loss: 0.7019
Epoch 83/500
51/51 - 3s - 50ms/step - loss: 0.6909 - val_loss: 0.7014
Epoch 84/500
51/51 - 3s - 49ms/step - loss: 0.6904 - val_loss: 0.7009
Epoch 85/500
51/51 - 3s - 49ms/step - loss: 0.6899 - val_loss: 0.7004
Epoch 86/500
51/51 - 3s - 49ms/step - loss: 0.6894 - val_loss: 0.6999
Epoch 87/500
51/51 - 3s - 50ms/step - loss: 0.6889 - val_loss: 0.6994
Epoch 88/500
51/51 - 3s - 50ms/step - loss: 0.6884 - val_loss: 0.6989
Epoch 89/500
51/51 - 3s - 50ms/step - loss: 0.6879 - val_loss: 0.6984
Epoch 90/500
51/51 - 3s - 49ms/step - loss: 0.6874 - val_loss: 0.6979
Epoch 91/500
51/51 - 3s - 49ms/step - loss: 0.6870 - val_loss: 0.6975
Epoch 92/500
51/51 - 3s - 49ms/step - loss: 0.6865 - val_loss: 0.6970
Epoch 93/500
51/51 - 3s - 49ms/step - loss: 0.6860 - val_loss: 0.6966
Epoch 94/500
51/51 - 3s - 49ms/step - loss: 0.6856 - val_loss: 0.6961
Epoch 95/500
51/51 - 3s - 49ms/step - loss: 0.6851 - val_loss: 0.6957
Epoch 96/500
51/51 - 3s - 50ms/step - loss: 0.6847 - val_loss: 0.6952
Epoch 97/500
51/51 - 3s - 50ms/step - loss: 0.6843 - val_loss: 0.6948
Epoch 98/500
51/51 - 3s - 49ms/step - loss: 0.6838 - val_loss: 0.6943
Epoch 99/500
51/51 - 3s - 49ms/step - loss: 0.6834 - val_loss: 0.6939
Epoch 100/500
51/51 - 3s - 49ms/step - loss: 0.6830 - val_loss: 0.6935
Epoch 101/500
51/51 - 3s - 49ms/step - loss: 0.6826 - val_loss: 0.6931
Epoch 102/500
51/51 - 3s - 49ms/step - loss: 0.6822 - val_loss: 0.6927
Epoch 103/500
51/51 - 3s - 49ms/step - loss: 0.6818 - val_loss: 0.6923
Epoch 104/500
51/51 - 3s - 49ms/step - loss: 0.6814 - val_loss: 0.6918
Epoch 105/500
51/51 - 3s - 49ms/step - loss: 0.6810 - val_loss: 0.6914
Epoch 106/500
51/51 - 3s - 49ms/step - loss: 0.6806 - val_loss: 0.6911
Epoch 107/500
51/51 - 3s - 49ms/step - loss: 0.6802 - val_loss: 0.6907
Epoch 108/500
51/51 - 3s - 49ms/step - loss: 0.6798 - val_loss: 0.6903
Epoch 109/500
51/51 - 3s - 49ms/step - loss: 0.6794 - val_loss: 0.6899
Epoch 110/500
51/51 - 3s - 49ms/step - loss: 0.6791 - val_loss: 0.6895
Epoch 111/500
51/51 - 2s - 49ms/step - loss: 0.6787 - val_loss: 0.6891
Epoch 112/500
51/51 - 3s - 50ms/step - loss: 0.6783 - val_loss: 0.6888
Epoch 113/500
51/51 - 3s - 50ms/step - loss: 0.6780 - val_loss: 0.6884
Epoch 114/500
51/51 - 3s - 50ms/step - loss: 0.6776 - val_loss: 0.6880
Epoch 115/500
51/51 - 3s - 52ms/step - loss: 0.6773 - val_loss: 0.6877
Epoch 116/500
51/51 - 3s - 52ms/step - loss: 0.6769 - val_loss: 0.6873
Epoch 117/500
51/51 - 3s - 53ms/step - loss: 0.6766 - val_loss: 0.6869
Epoch 118/500
51/51 - 3s - 49ms/step - loss: 0.6762 - val_loss: 0.6866
Epoch 119/500
51/51 - 3s - 52ms/step - loss: 0.6759 - val_loss: 0.6863
Epoch 120/500
51/51 - 3s - 51ms/step - loss: 0.6756 - val_loss: 0.6859
Epoch 121/500
51/51 - 3s - 50ms/step - loss: 0.6753 - val_loss: 0.6856
Epoch 122/500
51/51 - 2s - 49ms/step - loss: 0.6749 - val_loss: 0.6852
Epoch 123/500
51/51 - 2s - 49ms/step - loss: 0.6746 - val_loss: 0.6849
Epoch 124/500
51/51 - 2s - 49ms/step - loss: 0.6743 - val_loss: 0.6846
Epoch 125/500
51/51 - 2s - 49ms/step - loss: 0.6740 - val_loss: 0.6842
Epoch 126/500
51/51 - 2s - 48ms/step - loss: 0.6737 - val_loss: 0.6839
Epoch 127/500
51/51 - 2s - 48ms/step - loss: 0.6734 - val_loss: 0.6836
Epoch 128/500
51/51 - 2s - 49ms/step - loss: 0.6731 - val_loss: 0.6833
Epoch 129/500
51/51 - 2s - 49ms/step - loss: 0.6728 - val_loss: 0.6830
Epoch 130/500
51/51 - 2s - 48ms/step - loss: 0.6725 - val_loss: 0.6826
Epoch 131/500
51/51 - 2s - 49ms/step - loss: 0.6722 - val_loss: 0.6823
Epoch 132/500
51/51 - 2s - 49ms/step - loss: 0.6719 - val_loss: 0.6820
Epoch 133/500
51/51 - 2s - 49ms/step - loss: 0.6716 - val_loss: 0.6817
Epoch 134/500
51/51 - 2s - 49ms/step - loss: 0.6713 - val_loss: 0.6814
Epoch 135/500
51/51 - 2s - 49ms/step - loss: 0.6711 - val_loss: 0.6811
Epoch 136/500
51/51 - 2s - 49ms/step - loss: 0.6708 - val_loss: 0.6808
Epoch 137/500
51/51 - 2s - 49ms/step - loss: 0.6705 - val_loss: 0.6805
Epoch 138/500
51/51 - 2s - 49ms/step - loss: 0.6702 - val_loss: 0.6802
Epoch 139/500
51/51 - 3s - 50ms/step - loss: 0.6700 - val_loss: 0.6800
Epoch 140/500
51/51 - 3s - 57ms/step - loss: 0.6697 - val_loss: 0.6797
Epoch 141/500
51/51 - 3s - 54ms/step - loss: 0.6694 - val_loss: 0.6794
Epoch 142/500
51/51 - 3s - 50ms/step - loss: 0.6692 - val_loss: 0.6791
Epoch 143/500
51/51 - 2s - 49ms/step - loss: 0.6689 - val_loss: 0.6788
Epoch 144/500
51/51 - 2s - 49ms/step - loss: 0.6687 - val_loss: 0.6786
Epoch 145/500
51/51 - 2s - 49ms/step - loss: 0.6684 - val_loss: 0.6783
Epoch 146/500
51/51 - 2s - 49ms/step - loss: 0.6682 - val_loss: 0.6780
Epoch 147/500
51/51 - 3s - 50ms/step - loss: 0.6679 - val_loss: 0.6778
Epoch 148/500
51/51 - 3s - 50ms/step - loss: 0.6677 - val_loss: 0.6775
Epoch 149/500
51/51 - 3s - 49ms/step - loss: 0.6674 - val_loss: 0.6772
Epoch 150/500
51/51 - 3s - 52ms/step - loss: 0.6672 - val_loss: 0.6770
Epoch 151/500
51/51 - 3s - 50ms/step - loss: 0.6670 - val_loss: 0.6767
Epoch 152/500
51/51 - 3s - 50ms/step - loss: 0.6667 - val_loss: 0.6765
Epoch 153/500
51/51 - 2s - 49ms/step - loss: 0.6665 - val_loss: 0.6762
Epoch 154/500
51/51 - 2s - 49ms/step - loss: 0.6663 - val_loss: 0.6760
Epoch 155/500
51/51 - 2s - 48ms/step - loss: 0.6660 - val_loss: 0.6757
Epoch 156/500
51/51 - 3s - 49ms/step - loss: 0.6658 - val_loss: 0.6755
Epoch 157/500
51/51 - 2s - 49ms/step - loss: 0.6656 - val_loss: 0.6752
Epoch 158/500
51/51 - 2s - 49ms/step - loss: 0.6654 - val_loss: 0.6750
Epoch 159/500
51/51 - 2s - 49ms/step - loss: 0.6651 - val_loss: 0.6747
Epoch 160/500
51/51 - 2s - 49ms/step - loss: 0.6649 - val_loss: 0.6745
Epoch 161/500
51/51 - 2s - 49ms/step - loss: 0.6647 - val_loss: 0.6743
Epoch 162/500
51/51 - 2s - 49ms/step - loss: 0.6645 - val_loss: 0.6740
Epoch 163/500
51/51 - 2s - 48ms/step - loss: 0.6643 - val_loss: 0.6738
Epoch 164/500
51/51 - 2s - 49ms/step - loss: 0.6641 - val_loss: 0.6736
Epoch 165/500
51/51 - 2s - 49ms/step - loss: 0.6639 - val_loss: 0.6733
Epoch 166/500
51/51 - 2s - 49ms/step - loss: 0.6637 - val_loss: 0.6731
Epoch 167/500
51/51 - 2s - 48ms/step - loss: 0.6635 - val_loss: 0.6729
Epoch 168/500
51/51 - 2s - 49ms/step - loss: 0.6633 - val_loss: 0.6727
Epoch 169/500
51/51 - 2s - 49ms/step - loss: 0.6631 - val_loss: 0.6724
Epoch 170/500
51/51 - 2s - 49ms/step - loss: 0.6629 - val_loss: 0.6722
Epoch 171/500
51/51 - 2s - 49ms/step - loss: 0.6627 - val_loss: 0.6720
Epoch 172/500
51/51 - 2s - 49ms/step - loss: 0.6625 - val_loss: 0.6718
Epoch 173/500
51/51 - 2s - 49ms/step - loss: 0.6623 - val_loss: 0.6716
Epoch 174/500
51/51 - 2s - 48ms/step - loss: 0.6621 - val_loss: 0.6714
Epoch 175/500
51/51 - 2s - 49ms/step - loss: 0.6619 - val_loss: 0.6711
Epoch 176/500
51/51 - 2s - 48ms/step - loss: 0.6617 - val_loss: 0.6709
Epoch 177/500
51/51 - 2s - 49ms/step - loss: 0.6615 - val_loss: 0.6707
Epoch 178/500
51/51 - 2s - 49ms/step - loss: 0.6613 - val_loss: 0.6705
Epoch 179/500
51/51 - 2s - 49ms/step - loss: 0.6611 - val_loss: 0.6703
Epoch 180/500
51/51 - 2s - 49ms/step - loss: 0.6610 - val_loss: 0.6701
Epoch 181/500
51/51 - 2s - 49ms/step - loss: 0.6608 - val_loss: 0.6699
Epoch 182/500
51/51 - 3s - 49ms/step - loss: 0.6606 - val_loss: 0.6697
Epoch 183/500
51/51 - 2s - 49ms/step - loss: 0.6604 - val_loss: 0.6695
Epoch 184/500
51/51 - 2s - 49ms/step - loss: 0.6602 - val_loss: 0.6693
Epoch 185/500
51/51 - 2s - 49ms/step - loss: 0.6600 - val_loss: 0.6691
Epoch 186/500
51/51 - 2s - 49ms/step - loss: 0.6599 - val_loss: 0.6689
Epoch 187/500
51/51 - 2s - 49ms/step - loss: 0.6597 - val_loss: 0.6687
Epoch 188/500
51/51 - 2s - 49ms/step - loss: 0.6595 - val_loss: 0.6685
Epoch 189/500
51/51 - 2s - 49ms/step - loss: 0.6593 - val_loss: 0.6683
Epoch 190/500
51/51 - 2s - 49ms/step - loss: 0.6592 - val_loss: 0.6681
Epoch 191/500
51/51 - 2s - 49ms/step - loss: 0.6590 - val_loss: 0.6679
Epoch 192/500
51/51 - 2s - 49ms/step - loss: 0.6588 - val_loss: 0.6677
Epoch 193/500
51/51 - 2s - 49ms/step - loss: 0.6587 - val_loss: 0.6675
Epoch 194/500
51/51 - 2s - 49ms/step - loss: 0.6585 - val_loss: 0.6673
Epoch 195/500
51/51 - 2s - 49ms/step - loss: 0.6583 - val_loss: 0.6671
Epoch 196/500
51/51 - 2s - 49ms/step - loss: 0.6582 - val_loss: 0.6669
Epoch 197/500
51/51 - 3s - 50ms/step - loss: 0.6580 - val_loss: 0.6668
Epoch 198/500
51/51 - 2s - 49ms/step - loss: 0.6578 - val_loss: 0.6666
Epoch 199/500
51/51 - 2s - 49ms/step - loss: 0.6577 - val_loss: 0.6664
Epoch 200/500
51/51 - 2s - 49ms/step - loss: 0.6575 - val_loss: 0.6662
Epoch 201/500
51/51 - 2s - 49ms/step - loss: 0.6574 - val_loss: 0.6660
Epoch 202/500
51/51 - 2s - 49ms/step - loss: 0.6572 - val_loss: 0.6659
Epoch 203/500
51/51 - 2s - 49ms/step - loss: 0.6571 - val_loss: 0.6657
Epoch 204/500
51/51 - 2s - 49ms/step - loss: 0.6569 - val_loss: 0.6655
Epoch 205/500
51/51 - 2s - 49ms/step - loss: 0.6568 - val_loss: 0.6653
Epoch 206/500
51/51 - 2s - 49ms/step - loss: 0.6566 - val_loss: 0.6652
Epoch 207/500
51/51 - 2s - 49ms/step - loss: 0.6565 - val_loss: 0.6650
Epoch 208/500
51/51 - 2s - 49ms/step - loss: 0.6563 - val_loss: 0.6648
Epoch 209/500
51/51 - 2s - 49ms/step - loss: 0.6562 - val_loss: 0.6647
Epoch 210/500
51/51 - 2s - 49ms/step - loss: 0.6560 - val_loss: 0.6645
Epoch 211/500
51/51 - 2s - 49ms/step - loss: 0.6559 - val_loss: 0.6644
Epoch 212/500
51/51 - 3s - 51ms/step - loss: 0.6557 - val_loss: 0.6642
Epoch 213/500
51/51 - 3s - 49ms/step - loss: 0.6556 - val_loss: 0.6641
Epoch 214/500
51/51 - 3s - 51ms/step - loss: 0.6555 - val_loss: 0.6639
Epoch 215/500
51/51 - 3s - 49ms/step - loss: 0.6553 - val_loss: 0.6637
Epoch 216/500
51/51 - 2s - 49ms/step - loss: 0.6552 - val_loss: 0.6636
Epoch 217/500
51/51 - 2s - 49ms/step - loss: 0.6551 - val_loss: 0.6634
Epoch 218/500
51/51 - 3s - 49ms/step - loss: 0.6549 - val_loss: 0.6633
Epoch 219/500
51/51 - 2s - 49ms/step - loss: 0.6548 - val_loss: 0.6632
Epoch 220/500
51/51 - 2s - 49ms/step - loss: 0.6547 - val_loss: 0.6630
Epoch 221/500
51/51 - 2s - 49ms/step - loss: 0.6545 - val_loss: 0.6629
Epoch 222/500
51/51 - 3s - 51ms/step - loss: 0.6544 - val_loss: 0.6627
Epoch 223/500
51/51 - 3s - 50ms/step - loss: 0.6543 - val_loss: 0.6626
Epoch 224/500
51/51 - 3s - 51ms/step - loss: 0.6542 - val_loss: 0.6625
Epoch 225/500
51/51 - 3s - 49ms/step - loss: 0.6540 - val_loss: 0.6623
Epoch 226/500
51/51 - 2s - 49ms/step - loss: 0.6539 - val_loss: 0.6622
Epoch 227/500
51/51 - 2s - 49ms/step - loss: 0.6538 - val_loss: 0.6621
Epoch 228/500
51/51 - 3s - 51ms/step - loss: 0.6537 - val_loss: 0.6619
Epoch 229/500
51/51 - 2s - 49ms/step - loss: 0.6535 - val_loss: 0.6618
Epoch 230/500
51/51 - 3s - 49ms/step - loss: 0.6534 - val_loss: 0.6617
Epoch 231/500
51/51 - 2s - 49ms/step - loss: 0.6533 - val_loss: 0.6615
Epoch 232/500
51/51 - 2s - 49ms/step - loss: 0.6532 - val_loss: 0.6614
Epoch 233/500
51/51 - 2s - 49ms/step - loss: 0.6531 - val_loss: 0.6613
Epoch 234/500
51/51 - 3s - 49ms/step - loss: 0.6530 - val_loss: 0.6612
Epoch 235/500
51/51 - 2s - 49ms/step - loss: 0.6529 - val_loss: 0.6610
Epoch 236/500
51/51 - 2s - 49ms/step - loss: 0.6527 - val_loss: 0.6609
Epoch 237/500
51/51 - 3s - 52ms/step - loss: 0.6526 - val_loss: 0.6608
Epoch 238/500
51/51 - 3s - 53ms/step - loss: 0.6525 - val_loss: 0.6607
Epoch 239/500
51/51 - 3s - 50ms/step - loss: 0.6524 - val_loss: 0.6606
Epoch 240/500
51/51 - 3s - 49ms/step - loss: 0.6523 - val_loss: 0.6605
Epoch 241/500
51/51 - 3s - 49ms/step - loss: 0.6522 - val_loss: 0.6603
Epoch 242/500
51/51 - 2s - 49ms/step - loss: 0.6521 - val_loss: 0.6602
Epoch 243/500
51/51 - 3s - 49ms/step - loss: 0.6520 - val_loss: 0.6601
Epoch 244/500
51/51 - 2s - 49ms/step - loss: 0.6519 - val_loss: 0.6600
Epoch 245/500
51/51 - 2s - 49ms/step - loss: 0.6518 - val_loss: 0.6599
Epoch 246/500
51/51 - 2s - 49ms/step - loss: 0.6517 - val_loss: 0.6598
Epoch 247/500
51/51 - 2s - 49ms/step - loss: 0.6516 - val_loss: 0.6597
Epoch 248/500
51/51 - 3s - 49ms/step - loss: 0.6515 - val_loss: 0.6596
Epoch 249/500
51/51 - 3s - 49ms/step - loss: 0.6514 - val_loss: 0.6595
Epoch 250/500
51/51 - 3s - 53ms/step - loss: 0.6513 - val_loss: 0.6593
Epoch 251/500
51/51 - 2s - 49ms/step - loss: 0.6512 - val_loss: 0.6592
Epoch 252/500
51/51 - 2s - 48ms/step - loss: 0.6511 - val_loss: 0.6591
Epoch 253/500
51/51 - 2s - 49ms/step - loss: 0.6510 - val_loss: 0.6590
Epoch 254/500
51/51 - 2s - 49ms/step - loss: 0.6509 - val_loss: 0.6589
Epoch 255/500
51/51 - 2s - 49ms/step - loss: 0.6508 - val_loss: 0.6588
Epoch 256/500
51/51 - 2s - 49ms/step - loss: 0.6507 - val_loss: 0.6587
Epoch 257/500
51/51 - 2s - 49ms/step - loss: 0.6506 - val_loss: 0.6586
Epoch 258/500
51/51 - 2s - 49ms/step - loss: 0.6505 - val_loss: 0.6585
Epoch 259/500
51/51 - 2s - 49ms/step - loss: 0.6504 - val_loss: 0.6584
Epoch 260/500
51/51 - 2s - 49ms/step - loss: 0.6503 - val_loss: 0.6583
Epoch 261/500
51/51 - 2s - 49ms/step - loss: 0.6503 - val_loss: 0.6582
Epoch 262/500
51/51 - 3s - 49ms/step - loss: 0.6502 - val_loss: 0.6581
Epoch 263/500
51/51 - 2s - 49ms/step - loss: 0.6501 - val_loss: 0.6580
Epoch 264/500
51/51 - 2s - 49ms/step - loss: 0.6500 - val_loss: 0.6579
Epoch 265/500
51/51 - 2s - 49ms/step - loss: 0.6499 - val_loss: 0.6578
Epoch 266/500
51/51 - 2s - 49ms/step - loss: 0.6498 - val_loss: 0.6577
Epoch 267/500
51/51 - 2s - 49ms/step - loss: 0.6497 - val_loss: 0.6576
Epoch 268/500
51/51 - 2s - 49ms/step - loss: 0.6496 - val_loss: 0.6576
Epoch 269/500
51/51 - 2s - 49ms/step - loss: 0.6496 - val_loss: 0.6575
Epoch 270/500
51/51 - 2s - 49ms/step - loss: 0.6495 - val_loss: 0.6574
Epoch 271/500
51/51 - 2s - 49ms/step - loss: 0.6494 - val_loss: 0.6573
Epoch 272/500
51/51 - 2s - 49ms/step - loss: 0.6493 - val_loss: 0.6572
Epoch 273/500
51/51 - 2s - 49ms/step - loss: 0.6492 - val_loss: 0.6571
Epoch 274/500
51/51 - 2s - 49ms/step - loss: 0.6491 - val_loss: 0.6570
Epoch 275/500
51/51 - 3s - 50ms/step - loss: 0.6491 - val_loss: 0.6569
Epoch 276/500
51/51 - 2s - 49ms/step - loss: 0.6490 - val_loss: 0.6568
Epoch 277/500
51/51 - 2s - 49ms/step - loss: 0.6489 - val_loss: 0.6568
Epoch 278/500
51/51 - 2s - 49ms/step - loss: 0.6488 - val_loss: 0.6567
Epoch 279/500
51/51 - 2s - 49ms/step - loss: 0.6487 - val_loss: 0.6566
Epoch 280/500
51/51 - 2s - 49ms/step - loss: 0.6487 - val_loss: 0.6565
Epoch 281/500
51/51 - 2s - 49ms/step - loss: 0.6486 - val_loss: 0.6564
Epoch 282/500
51/51 - 2s - 49ms/step - loss: 0.6485 - val_loss: 0.6563
Epoch 283/500
51/51 - 2s - 49ms/step - loss: 0.6484 - val_loss: 0.6562
Epoch 284/500
51/51 - 2s - 49ms/step - loss: 0.6484 - val_loss: 0.6562
Epoch 285/500
51/51 - 2s - 49ms/step - loss: 0.6483 - val_loss: 0.6561
Epoch 286/500
51/51 - 2s - 49ms/step - loss: 0.6482 - val_loss: 0.6560
Epoch 287/500
51/51 - 2s - 49ms/step - loss: 0.6481 - val_loss: 0.6559
Epoch 288/500
51/51 - 2s - 49ms/step - loss: 0.6481 - val_loss: 0.6558
Epoch 289/500
51/51 - 2s - 49ms/step - loss: 0.6480 - val_loss: 0.6558
Epoch 290/500
51/51 - 2s - 49ms/step - loss: 0.6479 - val_loss: 0.6557
Epoch 291/500
51/51 - 2s - 49ms/step - loss: 0.6479 - val_loss: 0.6556
Epoch 292/500
51/51 - 2s - 49ms/step - loss: 0.6478 - val_loss: 0.6555
Epoch 293/500
51/51 - 2s - 49ms/step - loss: 0.6477 - val_loss: 0.6554
Epoch 294/500
51/51 - 2s - 49ms/step - loss: 0.6476 - val_loss: 0.6554
Epoch 295/500
51/51 - 2s - 49ms/step - loss: 0.6476 - val_loss: 0.6553
Epoch 296/500
51/51 - 2s - 49ms/step - loss: 0.6475 - val_loss: 0.6552
Epoch 297/500
51/51 - 2s - 48ms/step - loss: 0.6474 - val_loss: 0.6551
Epoch 298/500
51/51 - 2s - 48ms/step - loss: 0.6474 - val_loss: 0.6551
Epoch 299/500
51/51 - 3s - 50ms/step - loss: 0.6473 - val_loss: 0.6550
Epoch 300/500
51/51 - 2s - 49ms/step - loss: 0.6472 - val_loss: 0.6549
Epoch 301/500
51/51 - 2s - 49ms/step - loss: 0.6472 - val_loss: 0.6548
Epoch 302/500
51/51 - 2s - 49ms/step - loss: 0.6471 - val_loss: 0.6548
Epoch 303/500
51/51 - 2s - 49ms/step - loss: 0.6470 - val_loss: 0.6547
Epoch 304/500
51/51 - 2s - 49ms/step - loss: 0.6470 - val_loss: 0.6546
Epoch 305/500
51/51 - 2s - 49ms/step - loss: 0.6469 - val_loss: 0.6546
Epoch 306/500
51/51 - 2s - 49ms/step - loss: 0.6468 - val_loss: 0.6545
Epoch 307/500
51/51 - 2s - 49ms/step - loss: 0.6468 - val_loss: 0.6544
Epoch 308/500
51/51 - 2s - 49ms/step - loss: 0.6467 - val_loss: 0.6543
Epoch 309/500
51/51 - 2s - 49ms/step - loss: 0.6466 - val_loss: 0.6543
Epoch 310/500
51/51 - 2s - 49ms/step - loss: 0.6466 - val_loss: 0.6542
Epoch 311/500
51/51 - 2s - 49ms/step - loss: 0.6465 - val_loss: 0.6541
Epoch 312/500
51/51 - 2s - 48ms/step - loss: 0.6465 - val_loss: 0.6541
Epoch 313/500
51/51 - 2s - 49ms/step - loss: 0.6464 - val_loss: 0.6540
Epoch 314/500
51/51 - 2s - 49ms/step - loss: 0.6463 - val_loss: 0.6539
Epoch 315/500
51/51 - 2s - 49ms/step - loss: 0.6463 - val_loss: 0.6539
Epoch 316/500
51/51 - 2s - 48ms/step - loss: 0.6462 - val_loss: 0.6538
Epoch 317/500
51/51 - 2s - 49ms/step - loss: 0.6461 - val_loss: 0.6537
Epoch 318/500
51/51 - 3s - 52ms/step - loss: 0.6461 - val_loss: 0.6537
Epoch 319/500
51/51 - 3s - 51ms/step - loss: 0.6460 - val_loss: 0.6536
Epoch 320/500
51/51 - 3s - 51ms/step - loss: 0.6460 - val_loss: 0.6535
Epoch 321/500
51/51 - 3s - 51ms/step - loss: 0.6459 - val_loss: 0.6535
Epoch 322/500
51/51 - 3s - 49ms/step - loss: 0.6458 - val_loss: 0.6534
Epoch 323/500
51/51 - 2s - 49ms/step - loss: 0.6458 - val_loss: 0.6533
Epoch 324/500
51/51 - 2s - 49ms/step - loss: 0.6457 - val_loss: 0.6533
Epoch 325/500
51/51 - 2s - 49ms/step - loss: 0.6457 - val_loss: 0.6532
Epoch 326/500
51/51 - 2s - 49ms/step - loss: 0.6456 - val_loss: 0.6532
Epoch 327/500
51/51 - 2s - 49ms/step - loss: 0.6456 - val_loss: 0.6531
Epoch 328/500
51/51 - 2s - 49ms/step - loss: 0.6455 - val_loss: 0.6530
Epoch 329/500
51/51 - 2s - 49ms/step - loss: 0.6454 - val_loss: 0.6530
Epoch 330/500
51/51 - 2s - 49ms/step - loss: 0.6454 - val_loss: 0.6529
Epoch 331/500
51/51 - 2s - 49ms/step - loss: 0.6453 - val_loss: 0.6529
Epoch 332/500
51/51 - 3s - 49ms/step - loss: 0.6453 - val_loss: 0.6528
Epoch 333/500
51/51 - 2s - 49ms/step - loss: 0.6452 - val_loss: 0.6527
Epoch 334/500
51/51 - 2s - 49ms/step - loss: 0.6452 - val_loss: 0.6527
Epoch 335/500
51/51 - 2s - 49ms/step - loss: 0.6451 - val_loss: 0.6526
Epoch 336/500
51/51 - 2s - 49ms/step - loss: 0.6451 - val_loss: 0.6526
Epoch 337/500
51/51 - 2s - 49ms/step - loss: 0.6450 - val_loss: 0.6525
Epoch 338/500
51/51 - 2s - 49ms/step - loss: 0.6450 - val_loss: 0.6524
Epoch 339/500
51/51 - 2s - 49ms/step - loss: 0.6449 - val_loss: 0.6524
Epoch 340/500
51/51 - 2s - 49ms/step - loss: 0.6449 - val_loss: 0.6523
Epoch 341/500
51/51 - 2s - 49ms/step - loss: 0.6448 - val_loss: 0.6523
Epoch 342/500
51/51 - 2s - 49ms/step - loss: 0.6448 - val_loss: 0.6522
Epoch 343/500
51/51 - 2s - 49ms/step - loss: 0.6447 - val_loss: 0.6522
Epoch 344/500
51/51 - 3s - 49ms/step - loss: 0.6446 - val_loss: 0.6521
Epoch 345/500
51/51 - 2s - 49ms/step - loss: 0.6446 - val_loss: 0.6521
Epoch 346/500
51/51 - 2s - 48ms/step - loss: 0.6445 - val_loss: 0.6520
Epoch 347/500
51/51 - 2s - 49ms/step - loss: 0.6445 - val_loss: 0.6520
Epoch 348/500
51/51 - 2s - 49ms/step - loss: 0.6444 - val_loss: 0.6519
Epoch 349/500
51/51 - 2s - 49ms/step - loss: 0.6444 - val_loss: 0.6518
Epoch 350/500
51/51 - 2s - 49ms/step - loss: 0.6443 - val_loss: 0.6518
Epoch 351/500
51/51 - 2s - 49ms/step - loss: 0.6443 - val_loss: 0.6517
Epoch 352/500
51/51 - 2s - 49ms/step - loss: 0.6442 - val_loss: 0.6517
Epoch 353/500
51/51 - 2s - 49ms/step - loss: 0.6442 - val_loss: 0.6516
Epoch 354/500
51/51 - 2s - 49ms/step - loss: 0.6442 - val_loss: 0.6516
Epoch 355/500
51/51 - 2s - 49ms/step - loss: 0.6441 - val_loss: 0.6515
Epoch 356/500
51/51 - 2s - 49ms/step - loss: 0.6441 - val_loss: 0.6515
Epoch 357/500
51/51 - 3s - 49ms/step - loss: 0.6440 - val_loss: 0.6514
Epoch 358/500
51/51 - 2s - 49ms/step - loss: 0.6440 - val_loss: 0.6514
Epoch 359/500
51/51 - 2s - 49ms/step - loss: 0.6439 - val_loss: 0.6513
Epoch 360/500
51/51 - 2s - 49ms/step - loss: 0.6439 - val_loss: 0.6513
Epoch 361/500
51/51 - 2s - 49ms/step - loss: 0.6438 - val_loss: 0.6512
Epoch 362/500
51/51 - 2s - 49ms/step - loss: 0.6438 - val_loss: 0.6512
Epoch 363/500
51/51 - 2s - 49ms/step - loss: 0.6437 - val_loss: 0.6511
Epoch 364/500
51/51 - 2s - 49ms/step - loss: 0.6437 - val_loss: 0.6511
Epoch 365/500
51/51 - 2s - 49ms/step - loss: 0.6436 - val_loss: 0.6510
Epoch 366/500
51/51 - 2s - 49ms/step - loss: 0.6436 - val_loss: 0.6510
Epoch 367/500
51/51 - 2s - 49ms/step - loss: 0.6436 - val_loss: 0.6510
Epoch 368/500
51/51 - 3s - 49ms/step - loss: 0.6435 - val_loss: 0.6509
Epoch 369/500
51/51 - 2s - 49ms/step - loss: 0.6435 - val_loss: 0.6509
Epoch 370/500
51/51 - 2s - 49ms/step - loss: 0.6434 - val_loss: 0.6508
Epoch 371/500
51/51 - 2s - 49ms/step - loss: 0.6434 - val_loss: 0.6508
Epoch 372/500
51/51 - 2s - 49ms/step - loss: 0.6433 - val_loss: 0.6507
Epoch 373/500
51/51 - 2s - 49ms/step - loss: 0.6433 - val_loss: 0.6507
Epoch 374/500
51/51 - 2s - 49ms/step - loss: 0.6432 - val_loss: 0.6506
Epoch 375/500
51/51 - 2s - 49ms/step - loss: 0.6432 - val_loss: 0.6506
Epoch 376/500
51/51 - 2s - 48ms/step - loss: 0.6432 - val_loss: 0.6505
Epoch 377/500
51/51 - 2s - 48ms/step - loss: 0.6431 - val_loss: 0.6505
Epoch 378/500
51/51 - 2s - 49ms/step - loss: 0.6431 - val_loss: 0.6505
Epoch 379/500
51/51 - 2s - 49ms/step - loss: 0.6430 - val_loss: 0.6504
Epoch 380/500
51/51 - 2s - 49ms/step - loss: 0.6430 - val_loss: 0.6504
Epoch 381/500
51/51 - 3s - 50ms/step - loss: 0.6430 - val_loss: 0.6503
Epoch 382/500
51/51 - 2s - 49ms/step - loss: 0.6429 - val_loss: 0.6503
Epoch 383/500
51/51 - 2s - 49ms/step - loss: 0.6429 - val_loss: 0.6502
Epoch 384/500
51/51 - 2s - 49ms/step - loss: 0.6428 - val_loss: 0.6502
Epoch 385/500
51/51 - 2s - 49ms/step - loss: 0.6428 - val_loss: 0.6502
Epoch 386/500
51/51 - 3s - 49ms/step - loss: 0.6427 - val_loss: 0.6501
Epoch 387/500
51/51 - 2s - 49ms/step - loss: 0.6427 - val_loss: 0.6501
Epoch 388/500
51/51 - 2s - 49ms/step - loss: 0.6427 - val_loss: 0.6500
Epoch 389/500
51/51 - 2s - 49ms/step - loss: 0.6426 - val_loss: 0.6500
Epoch 390/500
51/51 - 2s - 49ms/step - loss: 0.6426 - val_loss: 0.6500
Epoch 391/500
51/51 - 2s - 49ms/step - loss: 0.6425 - val_loss: 0.6499
Epoch 392/500
51/51 - 2s - 49ms/step - loss: 0.6425 - val_loss: 0.6499
Epoch 393/500
51/51 - 2s - 49ms/step - loss: 0.6425 - val_loss: 0.6498
Epoch 394/500
51/51 - 2s - 49ms/step - loss: 0.6424 - val_loss: 0.6498
Epoch 395/500
51/51 - 2s - 49ms/step - loss: 0.6424 - val_loss: 0.6498
Epoch 396/500
51/51 - 2s - 49ms/step - loss: 0.6424 - val_loss: 0.6497
Epoch 397/500
51/51 - 2s - 48ms/step - loss: 0.6423 - val_loss: 0.6497
Epoch 398/500
51/51 - 2s - 49ms/step - loss: 0.6423 - val_loss: 0.6496
Epoch 399/500
51/51 - 2s - 48ms/step - loss: 0.6422 - val_loss: 0.6496
Epoch 400/500
51/51 - 2s - 49ms/step - loss: 0.6422 - val_loss: 0.6496
Epoch 401/500
51/51 - 2s - 49ms/step - loss: 0.6422 - val_loss: 0.6495
Epoch 402/500
51/51 - 2s - 49ms/step - loss: 0.6421 - val_loss: 0.6495
Epoch 403/500
51/51 - 2s - 49ms/step - loss: 0.6421 - val_loss: 0.6495
Epoch 404/500
51/51 - 2s - 49ms/step - loss: 0.6421 - val_loss: 0.6494
Epoch 405/500
51/51 - 3s - 50ms/step - loss: 0.6420 - val_loss: 0.6494
Epoch 406/500
51/51 - 2s - 49ms/step - loss: 0.6420 - val_loss: 0.6493
Epoch 407/500
51/51 - 2s - 49ms/step - loss: 0.6419 - val_loss: 0.6493
Epoch 408/500
51/51 - 2s - 49ms/step - loss: 0.6419 - val_loss: 0.6493
Epoch 409/500
51/51 - 2s - 49ms/step - loss: 0.6419 - val_loss: 0.6492
Epoch 410/500
51/51 - 2s - 49ms/step - loss: 0.6418 - val_loss: 0.6492
Epoch 411/500
51/51 - 2s - 49ms/step - loss: 0.6418 - val_loss: 0.6492
Epoch 412/500
51/51 - 3s - 49ms/step - loss: 0.6418 - val_loss: 0.6491
Epoch 413/500
51/51 - 2s - 49ms/step - loss: 0.6417 - val_loss: 0.6491
Epoch 414/500
51/51 - 2s - 49ms/step - loss: 0.6417 - val_loss: 0.6491
Epoch 415/500
51/51 - 2s - 49ms/step - loss: 0.6417 - val_loss: 0.6490
Epoch 416/500
51/51 - 2s - 49ms/step - loss: 0.6416 - val_loss: 0.6490
Epoch 417/500
51/51 - 2s - 49ms/step - loss: 0.6416 - val_loss: 0.6490
Epoch 418/500
51/51 - 2s - 49ms/step - loss: 0.6416 - val_loss: 0.6489
Epoch 419/500
51/51 - 2s - 49ms/step - loss: 0.6415 - val_loss: 0.6489
Epoch 420/500
51/51 - 2s - 49ms/step - loss: 0.6415 - val_loss: 0.6489
Epoch 421/500
51/51 - 2s - 49ms/step - loss: 0.6415 - val_loss: 0.6488
Epoch 422/500
51/51 - 2s - 49ms/step - loss: 0.6414 - val_loss: 0.6488
Epoch 423/500
51/51 - 2s - 49ms/step - loss: 0.6414 - val_loss: 0.6488
Epoch 424/500
51/51 - 2s - 49ms/step - loss: 0.6414 - val_loss: 0.6487
Epoch 425/500
51/51 - 2s - 49ms/step - loss: 0.6413 - val_loss: 0.6487
Epoch 426/500
51/51 - 2s - 49ms/step - loss: 0.6413 - val_loss: 0.6487
Epoch 427/500
51/51 - 3s - 49ms/step - loss: 0.6413 - val_loss: 0.6486
Epoch 428/500
51/51 - 3s - 49ms/step - loss: 0.6412 - val_loss: 0.6486
Epoch 429/500
51/51 - 3s - 50ms/step - loss: 0.6412 - val_loss: 0.6486
Epoch 430/500
51/51 - 3s - 49ms/step - loss: 0.6412 - val_loss: 0.6485
Epoch 431/500
51/51 - 3s - 49ms/step - loss: 0.6411 - val_loss: 0.6485
Epoch 432/500
51/51 - 2s - 49ms/step - loss: 0.6411 - val_loss: 0.6485
Epoch 433/500
51/51 - 2s - 49ms/step - loss: 0.6411 - val_loss: 0.6484
Epoch 434/500
51/51 - 3s - 49ms/step - loss: 0.6410 - val_loss: 0.6484
Epoch 435/500
51/51 - 3s - 49ms/step - loss: 0.6410 - val_loss: 0.6484
Epoch 436/500
51/51 - 2s - 49ms/step - loss: 0.6410 - val_loss: 0.6483
Epoch 437/500
51/51 - 2s - 49ms/step - loss: 0.6409 - val_loss: 0.6483
Epoch 438/500
51/51 - 2s - 49ms/step - loss: 0.6409 - val_loss: 0.6483
Epoch 439/500
51/51 - 2s - 49ms/step - loss: 0.6409 - val_loss: 0.6482
Epoch 440/500
51/51 - 2s - 49ms/step - loss: 0.6408 - val_loss: 0.6482
Epoch 441/500
51/51 - 3s - 52ms/step - loss: 0.6408 - val_loss: 0.6482
Epoch 442/500
51/51 - 3s - 52ms/step - loss: 0.6408 - val_loss: 0.6482
Epoch 443/500
51/51 - 3s - 51ms/step - loss: 0.6408 - val_loss: 0.6481
Epoch 444/500
51/51 - 2s - 49ms/step - loss: 0.6407 - val_loss: 0.6481
Epoch 445/500
51/51 - 2s - 48ms/step - loss: 0.6407 - val_loss: 0.6481
Epoch 446/500
51/51 - 2s - 49ms/step - loss: 0.6407 - val_loss: 0.6480
Epoch 447/500
51/51 - 2s - 48ms/step - loss: 0.6406 - val_loss: 0.6480
Epoch 448/500
51/51 - 2s - 49ms/step - loss: 0.6406 - val_loss: 0.6480
Epoch 449/500
51/51 - 2s - 49ms/step - loss: 0.6406 - val_loss: 0.6480
Epoch 450/500
51/51 - 2s - 49ms/step - loss: 0.6405 - val_loss: 0.6479
Epoch 451/500
51/51 - 2s - 49ms/step - loss: 0.6405 - val_loss: 0.6479
Epoch 452/500
51/51 - 2s - 49ms/step - loss: 0.6405 - val_loss: 0.6479
Epoch 453/500
51/51 - 2s - 49ms/step - loss: 0.6405 - val_loss: 0.6478
Epoch 454/500
51/51 - 2s - 49ms/step - loss: 0.6404 - val_loss: 0.6478
Epoch 455/500
51/51 - 2s - 49ms/step - loss: 0.6404 - val_loss: 0.6478
Epoch 456/500
51/51 - 3s - 49ms/step - loss: 0.6404 - val_loss: 0.6478
Epoch 457/500
51/51 - 2s - 49ms/step - loss: 0.6403 - val_loss: 0.6477
Epoch 458/500
51/51 - 2s - 49ms/step - loss: 0.6403 - val_loss: 0.6477
Epoch 459/500
51/51 - 2s - 49ms/step - loss: 0.6403 - val_loss: 0.6477
Epoch 460/500
51/51 - 2s - 49ms/step - loss: 0.6403 - val_loss: 0.6476
Epoch 461/500
51/51 - 2s - 49ms/step - loss: 0.6402 - val_loss: 0.6476
Epoch 462/500
51/51 - 2s - 49ms/step - loss: 0.6402 - val_loss: 0.6476
Epoch 463/500
51/51 - 2s - 49ms/step - loss: 0.6402 - val_loss: 0.6476
Epoch 464/500
51/51 - 2s - 49ms/step - loss: 0.6401 - val_loss: 0.6475
Epoch 465/500
51/51 - 2s - 49ms/step - loss: 0.6401 - val_loss: 0.6475
Epoch 466/500
51/51 - 2s - 49ms/step - loss: 0.6401 - val_loss: 0.6475
Epoch 467/500
51/51 - 2s - 49ms/step - loss: 0.6401 - val_loss: 0.6475
Epoch 468/500
51/51 - 2s - 49ms/step - loss: 0.6400 - val_loss: 0.6474
Epoch 469/500
51/51 - 2s - 49ms/step - loss: 0.6400 - val_loss: 0.6474
Epoch 470/500
51/51 - 2s - 49ms/step - loss: 0.6400 - val_loss: 0.6474
Epoch 471/500
51/51 - 2s - 49ms/step - loss: 0.6400 - val_loss: 0.6473
Epoch 472/500
51/51 - 2s - 49ms/step - loss: 0.6399 - val_loss: 0.6473
Epoch 473/500
51/51 - 2s - 49ms/step - loss: 0.6399 - val_loss: 0.6473
Epoch 474/500
51/51 - 2s - 49ms/step - loss: 0.6399 - val_loss: 0.6473
Epoch 475/500
51/51 - 2s - 49ms/step - loss: 0.6398 - val_loss: 0.6472
Epoch 476/500
51/51 - 2s - 49ms/step - loss: 0.6398 - val_loss: 0.6472
Epoch 477/500
51/51 - 2s - 48ms/step - loss: 0.6398 - val_loss: 0.6472
Epoch 478/500
51/51 - 2s - 49ms/step - loss: 0.6398 - val_loss: 0.6472
Epoch 479/500
51/51 - 2s - 49ms/step - loss: 0.6397 - val_loss: 0.6471
Epoch 480/500
51/51 - 3s - 49ms/step - loss: 0.6397 - val_loss: 0.6471
Epoch 481/500
51/51 - 2s - 49ms/step - loss: 0.6397 - val_loss: 0.6471
Epoch 482/500
51/51 - 2s - 49ms/step - loss: 0.6397 - val_loss: 0.6471
Epoch 483/500
51/51 - 2s - 49ms/step - loss: 0.6396 - val_loss: 0.6470
Epoch 484/500
51/51 - 2s - 49ms/step - loss: 0.6396 - val_loss: 0.6470
Epoch 485/500
51/51 - 2s - 49ms/step - loss: 0.6396 - val_loss: 0.6470
Epoch 486/500
51/51 - 2s - 49ms/step - loss: 0.6396 - val_loss: 0.6470
Epoch 487/500
51/51 - 2s - 49ms/step - loss: 0.6395 - val_loss: 0.6469
Epoch 488/500
51/51 - 2s - 49ms/step - loss: 0.6395 - val_loss: 0.6469
Epoch 489/500
51/51 - 2s - 49ms/step - loss: 0.6395 - val_loss: 0.6469
Epoch 490/500
51/51 - 2s - 49ms/step - loss: 0.6395 - val_loss: 0.6469
Epoch 491/500
51/51 - 2s - 49ms/step - loss: 0.6394 - val_loss: 0.6469
Epoch 492/500
51/51 - 2s - 49ms/step - loss: 0.6394 - val_loss: 0.6468
Epoch 493/500
51/51 - 2s - 49ms/step - loss: 0.6394 - val_loss: 0.6468
Epoch 494/500
51/51 - 2s - 49ms/step - loss: 0.6394 - val_loss: 0.6468
Epoch 495/500
51/51 - 2s - 49ms/step - loss: 0.6393 - val_loss: 0.6468
Epoch 496/500
51/51 - 2s - 49ms/step - loss: 0.6393 - val_loss: 0.6467
Epoch 497/500
51/51 - 2s - 49ms/step - loss: 0.6393 - val_loss: 0.6467
Epoch 498/500
51/51 - 2s - 49ms/step - loss: 0.6393 - val_loss: 0.6467
Epoch 499/500
51/51 - 2s - 49ms/step - loss: 0.6392 - val_loss: 0.6467
Epoch 500/500
51/51 - 3s - 50ms/step - loss: 0.6392 - val_loss: 0.6466
[Run 1/5] Training shared encoder (weighted, sigmoid head, baseline preprocessing)...
Epoch 1/500
51/51 - 3s - 57ms/step - loss: 0.9329 - val_loss: 0.9227
Epoch 2/500
51/51 - 3s - 55ms/step - loss: 0.9117 - val_loss: 0.9027
Epoch 3/500
51/51 - 3s - 55ms/step - loss: 0.8919 - val_loss: 0.8844
Epoch 4/500
51/51 - 3s - 54ms/step - loss: 0.8740 - val_loss: 0.8683
Epoch 5/500
51/51 - 3s - 54ms/step - loss: 0.8584 - val_loss: 0.8544
Epoch 6/500
51/51 - 3s - 54ms/step - loss: 0.8450 - val_loss: 0.8425
Epoch 7/500
51/51 - 3s - 54ms/step - loss: 0.8338 - val_loss: 0.8327
Epoch 8/500
51/51 - 3s - 54ms/step - loss: 0.8244 - val_loss: 0.8244
Epoch 9/500
51/51 - 3s - 54ms/step - loss: 0.8164 - val_loss: 0.8174
Epoch 10/500
51/51 - 3s - 54ms/step - loss: 0.8095 - val_loss: 0.8112
Epoch 11/500
51/51 - 3s - 54ms/step - loss: 0.8034 - val_loss: 0.8058
Epoch 12/500
51/51 - 3s - 54ms/step - loss: 0.7980 - val_loss: 0.8010
Epoch 13/500
51/51 - 3s - 54ms/step - loss: 0.7932 - val_loss: 0.7967
Epoch 14/500
51/51 - 3s - 54ms/step - loss: 0.7888 - val_loss: 0.7927
Epoch 15/500
51/51 - 3s - 54ms/step - loss: 0.7848 - val_loss: 0.7892
Epoch 16/500
51/51 - 3s - 54ms/step - loss: 0.7812 - val_loss: 0.7859
Epoch 17/500
51/51 - 3s - 54ms/step - loss: 0.7779 - val_loss: 0.7828
Epoch 18/500
51/51 - 3s - 54ms/step - loss: 0.7748 - val_loss: 0.7800
Epoch 19/500
51/51 - 3s - 54ms/step - loss: 0.7720 - val_loss: 0.7774
Epoch 20/500
51/51 - 3s - 54ms/step - loss: 0.7693 - val_loss: 0.7750
Epoch 21/500
51/51 - 3s - 54ms/step - loss: 0.7668 - val_loss: 0.7727
Epoch 22/500
51/51 - 3s - 54ms/step - loss: 0.7645 - val_loss: 0.7706
Epoch 23/500
51/51 - 3s - 54ms/step - loss: 0.7624 - val_loss: 0.7686
Epoch 24/500
51/51 - 3s - 54ms/step - loss: 0.7603 - val_loss: 0.7667
Epoch 25/500
51/51 - 3s - 55ms/step - loss: 0.7584 - val_loss: 0.7649
Epoch 26/500
51/51 - 3s - 54ms/step - loss: 0.7565 - val_loss: 0.7632
Epoch 27/500
51/51 - 3s - 54ms/step - loss: 0.7548 - val_loss: 0.7616
Epoch 28/500
51/51 - 3s - 54ms/step - loss: 0.7531 - val_loss: 0.7601
Epoch 29/500
51/51 - 3s - 54ms/step - loss: 0.7516 - val_loss: 0.7586
Epoch 30/500
51/51 - 3s - 54ms/step - loss: 0.7500 - val_loss: 0.7572
Epoch 31/500
51/51 - 3s - 54ms/step - loss: 0.7486 - val_loss: 0.7559
Epoch 32/500
51/51 - 3s - 54ms/step - loss: 0.7472 - val_loss: 0.7546
Epoch 33/500
51/51 - 3s - 54ms/step - loss: 0.7459 - val_loss: 0.7533
Epoch 34/500
51/51 - 3s - 54ms/step - loss: 0.7446 - val_loss: 0.7521
Epoch 35/500
51/51 - 3s - 54ms/step - loss: 0.7434 - val_loss: 0.7510
Epoch 36/500
51/51 - 3s - 54ms/step - loss: 0.7422 - val_loss: 0.7499
Epoch 37/500
51/51 - 3s - 54ms/step - loss: 0.7411 - val_loss: 0.7488
Epoch 38/500
51/51 - 3s - 54ms/step - loss: 0.7399 - val_loss: 0.7477
Epoch 39/500
51/51 - 3s - 54ms/step - loss: 0.7389 - val_loss: 0.7467
Epoch 40/500
51/51 - 3s - 54ms/step - loss: 0.7378 - val_loss: 0.7457
Epoch 41/500
51/51 - 3s - 54ms/step - loss: 0.7368 - val_loss: 0.7448
Epoch 42/500
51/51 - 3s - 54ms/step - loss: 0.7359 - val_loss: 0.7439
Epoch 43/500
51/51 - 3s - 54ms/step - loss: 0.7349 - val_loss: 0.7430
Epoch 44/500
51/51 - 3s - 54ms/step - loss: 0.7340 - val_loss: 0.7421
Epoch 45/500
51/51 - 3s - 54ms/step - loss: 0.7331 - val_loss: 0.7412
Epoch 46/500
51/51 - 3s - 54ms/step - loss: 0.7322 - val_loss: 0.7404
Epoch 47/500
51/51 - 3s - 54ms/step - loss: 0.7314 - val_loss: 0.7396
Epoch 48/500
51/51 - 3s - 54ms/step - loss: 0.7305 - val_loss: 0.7388
Epoch 49/500
51/51 - 3s - 54ms/step - loss: 0.7297 - val_loss: 0.7380
Epoch 50/500
51/51 - 3s - 54ms/step - loss: 0.7289 - val_loss: 0.7373
Epoch 51/500
51/51 - 3s - 54ms/step - loss: 0.7282 - val_loss: 0.7366
Epoch 52/500
51/51 - 3s - 54ms/step - loss: 0.7274 - val_loss: 0.7358
Epoch 53/500
51/51 - 3s - 54ms/step - loss: 0.7267 - val_loss: 0.7351
Epoch 54/500
51/51 - 3s - 54ms/step - loss: 0.7260 - val_loss: 0.7344
Epoch 55/500
51/51 - 3s - 54ms/step - loss: 0.7253 - val_loss: 0.7338
Epoch 56/500
51/51 - 3s - 54ms/step - loss: 0.7246 - val_loss: 0.7331
Epoch 57/500
51/51 - 3s - 54ms/step - loss: 0.7239 - val_loss: 0.7324
Epoch 58/500
51/51 - 3s - 54ms/step - loss: 0.7232 - val_loss: 0.7318
Epoch 59/500
51/51 - 3s - 54ms/step - loss: 0.7226 - val_loss: 0.7312
Epoch 60/500
51/51 - 3s - 54ms/step - loss: 0.7219 - val_loss: 0.7306
Epoch 61/500
51/51 - 3s - 54ms/step - loss: 0.7213 - val_loss: 0.7300
Epoch 62/500
51/51 - 3s - 54ms/step - loss: 0.7207 - val_loss: 0.7294
Epoch 63/500
51/51 - 3s - 54ms/step - loss: 0.7201 - val_loss: 0.7288
Epoch 64/500
51/51 - 3s - 54ms/step - loss: 0.7195 - val_loss: 0.7282
Epoch 65/500
51/51 - 3s - 54ms/step - loss: 0.7189 - val_loss: 0.7276
Epoch 66/500
51/51 - 3s - 54ms/step - loss: 0.7183 - val_loss: 0.7271
Epoch 67/500
51/51 - 3s - 54ms/step - loss: 0.7177 - val_loss: 0.7265
Epoch 68/500
51/51 - 3s - 54ms/step - loss: 0.7172 - val_loss: 0.7260
Epoch 69/500
51/51 - 3s - 55ms/step - loss: 0.7166 - val_loss: 0.7255
Epoch 70/500
51/51 - 3s - 54ms/step - loss: 0.7161 - val_loss: 0.7249
Epoch 71/500
51/51 - 3s - 54ms/step - loss: 0.7155 - val_loss: 0.7244
Epoch 72/500
51/51 - 3s - 54ms/step - loss: 0.7150 - val_loss: 0.7239
Epoch 73/500
51/51 - 3s - 54ms/step - loss: 0.7145 - val_loss: 0.7234
Epoch 74/500
51/51 - 3s - 53ms/step - loss: 0.7139 - val_loss: 0.7229
Epoch 75/500
51/51 - 3s - 54ms/step - loss: 0.7134 - val_loss: 0.7224
Epoch 76/500
51/51 - 3s - 54ms/step - loss: 0.7129 - val_loss: 0.7219
Epoch 77/500
51/51 - 3s - 54ms/step - loss: 0.7124 - val_loss: 0.7214
Epoch 78/500
51/51 - 3s - 54ms/step - loss: 0.7119 - val_loss: 0.7209
Epoch 79/500
51/51 - 3s - 54ms/step - loss: 0.7114 - val_loss: 0.7205
Epoch 80/500
51/51 - 3s - 54ms/step - loss: 0.7109 - val_loss: 0.7200
Epoch 81/500
51/51 - 3s - 54ms/step - loss: 0.7104 - val_loss: 0.7195
Epoch 82/500
51/51 - 3s - 54ms/step - loss: 0.7099 - val_loss: 0.7190
Epoch 83/500
51/51 - 3s - 54ms/step - loss: 0.7094 - val_loss: 0.7186
Epoch 84/500
51/51 - 3s - 54ms/step - loss: 0.7089 - val_loss: 0.7181
Epoch 85/500
51/51 - 3s - 54ms/step - loss: 0.7085 - val_loss: 0.7177
Epoch 86/500
51/51 - 3s - 54ms/step - loss: 0.7080 - val_loss: 0.7172
Epoch 87/500
51/51 - 3s - 54ms/step - loss: 0.7075 - val_loss: 0.7167
Epoch 88/500
51/51 - 3s - 54ms/step - loss: 0.7070 - val_loss: 0.7163
Epoch 89/500
51/51 - 3s - 54ms/step - loss: 0.7066 - val_loss: 0.7158
Epoch 90/500
51/51 - 3s - 54ms/step - loss: 0.7061 - val_loss: 0.7154
Epoch 91/500
51/51 - 3s - 54ms/step - loss: 0.7056 - val_loss: 0.7149
Epoch 92/500
51/51 - 3s - 54ms/step - loss: 0.7051 - val_loss: 0.7145
Epoch 93/500
51/51 - 3s - 54ms/step - loss: 0.7047 - val_loss: 0.7140
Epoch 94/500
51/51 - 3s - 54ms/step - loss: 0.7042 - val_loss: 0.7136
Epoch 95/500
51/51 - 3s - 54ms/step - loss: 0.7038 - val_loss: 0.7132
Epoch 96/500
51/51 - 3s - 54ms/step - loss: 0.7033 - val_loss: 0.7127
Epoch 97/500
51/51 - 3s - 54ms/step - loss: 0.7028 - val_loss: 0.7123
Epoch 98/500
51/51 - 3s - 54ms/step - loss: 0.7024 - val_loss: 0.7118
Epoch 99/500
51/51 - 3s - 54ms/step - loss: 0.7019 - val_loss: 0.7114
Epoch 100/500
51/51 - 3s - 54ms/step - loss: 0.7015 - val_loss: 0.7109
Epoch 101/500
51/51 - 3s - 54ms/step - loss: 0.7010 - val_loss: 0.7105
Epoch 102/500
51/51 - 3s - 54ms/step - loss: 0.7006 - val_loss: 0.7101
Epoch 103/500
51/51 - 3s - 54ms/step - loss: 0.7001 - val_loss: 0.7096
Epoch 104/500
51/51 - 3s - 54ms/step - loss: 0.6997 - val_loss: 0.7092
Epoch 105/500
51/51 - 3s - 54ms/step - loss: 0.6993 - val_loss: 0.7088
Epoch 106/500
51/51 - 3s - 54ms/step - loss: 0.6988 - val_loss: 0.7083
Epoch 107/500
51/51 - 3s - 54ms/step - loss: 0.6984 - val_loss: 0.7079
Epoch 108/500
51/51 - 3s - 54ms/step - loss: 0.6980 - val_loss: 0.7075
Epoch 109/500
51/51 - 3s - 54ms/step - loss: 0.6975 - val_loss: 0.7071
Epoch 110/500
51/51 - 3s - 54ms/step - loss: 0.6971 - val_loss: 0.7067
Epoch 111/500
51/51 - 3s - 54ms/step - loss: 0.6967 - val_loss: 0.7062
Epoch 112/500
51/51 - 3s - 54ms/step - loss: 0.6963 - val_loss: 0.7058
Epoch 113/500
51/51 - 3s - 54ms/step - loss: 0.6959 - val_loss: 0.7054
Epoch 114/500
51/51 - 3s - 54ms/step - loss: 0.6955 - val_loss: 0.7050
Epoch 115/500
51/51 - 3s - 54ms/step - loss: 0.6951 - val_loss: 0.7046
Epoch 116/500
51/51 - 3s - 53ms/step - loss: 0.6947 - val_loss: 0.7042
Epoch 117/500
51/51 - 3s - 54ms/step - loss: 0.6943 - val_loss: 0.7038
Epoch 118/500
51/51 - 3s - 54ms/step - loss: 0.6940 - val_loss: 0.7034
Epoch 119/500
51/51 - 3s - 54ms/step - loss: 0.6936 - val_loss: 0.7030
Epoch 120/500
51/51 - 3s - 54ms/step - loss: 0.6932 - val_loss: 0.7026
Epoch 121/500
51/51 - 3s - 54ms/step - loss: 0.6928 - val_loss: 0.7023
Epoch 122/500
51/51 - 3s - 54ms/step - loss: 0.6925 - val_loss: 0.7019
Epoch 123/500
51/51 - 3s - 54ms/step - loss: 0.6921 - val_loss: 0.7015
Epoch 124/500
51/51 - 3s - 54ms/step - loss: 0.6918 - val_loss: 0.7011
Epoch 125/500
51/51 - 3s - 54ms/step - loss: 0.6914 - val_loss: 0.7007
Epoch 126/500
51/51 - 3s - 54ms/step - loss: 0.6911 - val_loss: 0.7004
Epoch 127/500
51/51 - 3s - 54ms/step - loss: 0.6907 - val_loss: 0.7000
Epoch 128/500
51/51 - 3s - 54ms/step - loss: 0.6904 - val_loss: 0.6996
Epoch 129/500
51/51 - 3s - 54ms/step - loss: 0.6901 - val_loss: 0.6993
Epoch 130/500
51/51 - 3s - 54ms/step - loss: 0.6897 - val_loss: 0.6989
Epoch 131/500
51/51 - 3s - 54ms/step - loss: 0.6894 - val_loss: 0.6986
Epoch 132/500
51/51 - 3s - 54ms/step - loss: 0.6891 - val_loss: 0.6982
Epoch 133/500
51/51 - 3s - 54ms/step - loss: 0.6888 - val_loss: 0.6978
Epoch 134/500
51/51 - 3s - 54ms/step - loss: 0.6884 - val_loss: 0.6975
Epoch 135/500
51/51 - 3s - 55ms/step - loss: 0.6881 - val_loss: 0.6971
Epoch 136/500
51/51 - 3s - 54ms/step - loss: 0.6878 - val_loss: 0.6968
Epoch 137/500
51/51 - 3s - 54ms/step - loss: 0.6875 - val_loss: 0.6965
Epoch 138/500
51/51 - 3s - 54ms/step - loss: 0.6872 - val_loss: 0.6961
Epoch 139/500
51/51 - 3s - 54ms/step - loss: 0.6869 - val_loss: 0.6958
Epoch 140/500
51/51 - 3s - 54ms/step - loss: 0.6866 - val_loss: 0.6954
Epoch 141/500
51/51 - 3s - 54ms/step - loss: 0.6863 - val_loss: 0.6951
Epoch 142/500
51/51 - 3s - 54ms/step - loss: 0.6860 - val_loss: 0.6948
Epoch 143/500
51/51 - 3s - 54ms/step - loss: 0.6857 - val_loss: 0.6945
Epoch 144/500
51/51 - 3s - 54ms/step - loss: 0.6854 - val_loss: 0.6941
Epoch 145/500
51/51 - 3s - 54ms/step - loss: 0.6851 - val_loss: 0.6938
Epoch 146/500
51/51 - 3s - 54ms/step - loss: 0.6849 - val_loss: 0.6935
Epoch 147/500
51/51 - 3s - 54ms/step - loss: 0.6846 - val_loss: 0.6932
Epoch 148/500
51/51 - 3s - 54ms/step - loss: 0.6843 - val_loss: 0.6929
Epoch 149/500
51/51 - 3s - 54ms/step - loss: 0.6840 - val_loss: 0.6925
Epoch 150/500
51/51 - 3s - 54ms/step - loss: 0.6838 - val_loss: 0.6922
Epoch 151/500
51/51 - 3s - 53ms/step - loss: 0.6835 - val_loss: 0.6919
Epoch 152/500
51/51 - 3s - 54ms/step - loss: 0.6832 - val_loss: 0.6916
Epoch 153/500
51/51 - 3s - 54ms/step - loss: 0.6830 - val_loss: 0.6913
Epoch 154/500
51/51 - 3s - 54ms/step - loss: 0.6827 - val_loss: 0.6910
Epoch 155/500
51/51 - 3s - 54ms/step - loss: 0.6825 - val_loss: 0.6907
Epoch 156/500
51/51 - 3s - 54ms/step - loss: 0.6822 - val_loss: 0.6904
Epoch 157/500
51/51 - 3s - 56ms/step - loss: 0.6819 - val_loss: 0.6901
Epoch 158/500
51/51 - 3s - 54ms/step - loss: 0.6817 - val_loss: 0.6898
Epoch 159/500
51/51 - 3s - 54ms/step - loss: 0.6814 - val_loss: 0.6896
Epoch 160/500
51/51 - 3s - 54ms/step - loss: 0.6812 - val_loss: 0.6893
Epoch 161/500
51/51 - 3s - 54ms/step - loss: 0.6810 - val_loss: 0.6890
Epoch 162/500
51/51 - 3s - 54ms/step - loss: 0.6807 - val_loss: 0.6887
Epoch 163/500
51/51 - 3s - 54ms/step - loss: 0.6805 - val_loss: 0.6884
Epoch 164/500
51/51 - 3s - 54ms/step - loss: 0.6802 - val_loss: 0.6882
Epoch 165/500
51/51 - 3s - 54ms/step - loss: 0.6800 - val_loss: 0.6879
Epoch 166/500
51/51 - 3s - 54ms/step - loss: 0.6798 - val_loss: 0.6876
Epoch 167/500
51/51 - 3s - 54ms/step - loss: 0.6795 - val_loss: 0.6873
Epoch 168/500
51/51 - 3s - 54ms/step - loss: 0.6793 - val_loss: 0.6871
Epoch 169/500
51/51 - 3s - 54ms/step - loss: 0.6791 - val_loss: 0.6868
Epoch 170/500
51/51 - 3s - 54ms/step - loss: 0.6789 - val_loss: 0.6866
Epoch 171/500
51/51 - 3s - 54ms/step - loss: 0.6786 - val_loss: 0.6863
Epoch 172/500
51/51 - 3s - 54ms/step - loss: 0.6784 - val_loss: 0.6860
Epoch 173/500
51/51 - 3s - 55ms/step - loss: 0.6782 - val_loss: 0.6858
Epoch 174/500
51/51 - 3s - 55ms/step - loss: 0.6780 - val_loss: 0.6855
Epoch 175/500
51/51 - 3s - 55ms/step - loss: 0.6778 - val_loss: 0.6853
Epoch 176/500
51/51 - 3s - 54ms/step - loss: 0.6776 - val_loss: 0.6850
Epoch 177/500
51/51 - 3s - 54ms/step - loss: 0.6773 - val_loss: 0.6848
Epoch 178/500
51/51 - 3s - 54ms/step - loss: 0.6771 - val_loss: 0.6845
Epoch 179/500
51/51 - 3s - 54ms/step - loss: 0.6769 - val_loss: 0.6843
Epoch 180/500
51/51 - 3s - 54ms/step - loss: 0.6767 - val_loss: 0.6841
Epoch 181/500
51/51 - 3s - 54ms/step - loss: 0.6765 - val_loss: 0.6838
Epoch 182/500
51/51 - 3s - 54ms/step - loss: 0.6763 - val_loss: 0.6836
Epoch 183/500
51/51 - 3s - 54ms/step - loss: 0.6761 - val_loss: 0.6834
Epoch 184/500
51/51 - 3s - 54ms/step - loss: 0.6759 - val_loss: 0.6831
Epoch 185/500
51/51 - 3s - 54ms/step - loss: 0.6757 - val_loss: 0.6829
Epoch 186/500
51/51 - 3s - 54ms/step - loss: 0.6755 - val_loss: 0.6827
Epoch 187/500
51/51 - 3s - 54ms/step - loss: 0.6754 - val_loss: 0.6825
Epoch 188/500
51/51 - 3s - 54ms/step - loss: 0.6752 - val_loss: 0.6822
Epoch 189/500
51/51 - 3s - 54ms/step - loss: 0.6750 - val_loss: 0.6820
Epoch 190/500
51/51 - 3s - 54ms/step - loss: 0.6748 - val_loss: 0.6818
Epoch 191/500
51/51 - 3s - 54ms/step - loss: 0.6746 - val_loss: 0.6816
Epoch 192/500
51/51 - 3s - 54ms/step - loss: 0.6744 - val_loss: 0.6814
Epoch 193/500
51/51 - 3s - 54ms/step - loss: 0.6742 - val_loss: 0.6812
Epoch 194/500
51/51 - 3s - 54ms/step - loss: 0.6741 - val_loss: 0.6810
Epoch 195/500
51/51 - 3s - 54ms/step - loss: 0.6739 - val_loss: 0.6808
Epoch 196/500
51/51 - 3s - 54ms/step - loss: 0.6737 - val_loss: 0.6806
Epoch 197/500
51/51 - 3s - 54ms/step - loss: 0.6735 - val_loss: 0.6804
Epoch 198/500
51/51 - 3s - 54ms/step - loss: 0.6734 - val_loss: 0.6802
Epoch 199/500
51/51 - 3s - 54ms/step - loss: 0.6732 - val_loss: 0.6800
Epoch 200/500
51/51 - 3s - 54ms/step - loss: 0.6730 - val_loss: 0.6798
Epoch 201/500
51/51 - 3s - 54ms/step - loss: 0.6729 - val_loss: 0.6796
Epoch 202/500
51/51 - 3s - 54ms/step - loss: 0.6727 - val_loss: 0.6794
Epoch 203/500
51/51 - 3s - 54ms/step - loss: 0.6725 - val_loss: 0.6792
Epoch 204/500
51/51 - 3s - 55ms/step - loss: 0.6724 - val_loss: 0.6790
Epoch 205/500
51/51 - 3s - 54ms/step - loss: 0.6722 - val_loss: 0.6788
Epoch 206/500
51/51 - 3s - 54ms/step - loss: 0.6720 - val_loss: 0.6786
Epoch 207/500
51/51 - 3s - 54ms/step - loss: 0.6719 - val_loss: 0.6784
Epoch 208/500
51/51 - 3s - 54ms/step - loss: 0.6717 - val_loss: 0.6783
Epoch 209/500
51/51 - 3s - 54ms/step - loss: 0.6716 - val_loss: 0.6781
Epoch 210/500
51/51 - 3s - 54ms/step - loss: 0.6714 - val_loss: 0.6779
Epoch 211/500
51/51 - 3s - 54ms/step - loss: 0.6713 - val_loss: 0.6777
Epoch 212/500
51/51 - 3s - 54ms/step - loss: 0.6711 - val_loss: 0.6775
Epoch 213/500
51/51 - 3s - 54ms/step - loss: 0.6710 - val_loss: 0.6774
Epoch 214/500
51/51 - 3s - 54ms/step - loss: 0.6708 - val_loss: 0.6772
Epoch 215/500
51/51 - 3s - 54ms/step - loss: 0.6707 - val_loss: 0.6770
Epoch 216/500
51/51 - 3s - 54ms/step - loss: 0.6705 - val_loss: 0.6769
Epoch 217/500
51/51 - 3s - 54ms/step - loss: 0.6704 - val_loss: 0.6767
Epoch 218/500
51/51 - 3s - 54ms/step - loss: 0.6702 - val_loss: 0.6765
Epoch 219/500
51/51 - 3s - 54ms/step - loss: 0.6701 - val_loss: 0.6764
Epoch 220/500
51/51 - 3s - 54ms/step - loss: 0.6699 - val_loss: 0.6762
Epoch 221/500
51/51 - 3s - 54ms/step - loss: 0.6698 - val_loss: 0.6760
Epoch 222/500
51/51 - 3s - 54ms/step - loss: 0.6697 - val_loss: 0.6759
Epoch 223/500
51/51 - 3s - 54ms/step - loss: 0.6695 - val_loss: 0.6757
Epoch 224/500
51/51 - 3s - 54ms/step - loss: 0.6694 - val_loss: 0.6756
Epoch 225/500
51/51 - 3s - 54ms/step - loss: 0.6693 - val_loss: 0.6754
Epoch 226/500
51/51 - 3s - 55ms/step - loss: 0.6691 - val_loss: 0.6752
Epoch 227/500
51/51 - 3s - 54ms/step - loss: 0.6690 - val_loss: 0.6751
Epoch 228/500
51/51 - 3s - 54ms/step - loss: 0.6689 - val_loss: 0.6749
Epoch 229/500
51/51 - 3s - 54ms/step - loss: 0.6687 - val_loss: 0.6748
Epoch 230/500
51/51 - 3s - 54ms/step - loss: 0.6686 - val_loss: 0.6746
Epoch 231/500
51/51 - 3s - 54ms/step - loss: 0.6685 - val_loss: 0.6745
Epoch 232/500
51/51 - 3s - 54ms/step - loss: 0.6683 - val_loss: 0.6744
Epoch 233/500
51/51 - 3s - 54ms/step - loss: 0.6682 - val_loss: 0.6742
Epoch 234/500
51/51 - 3s - 54ms/step - loss: 0.6681 - val_loss: 0.6741
Epoch 235/500
51/51 - 3s - 54ms/step - loss: 0.6680 - val_loss: 0.6739
Epoch 236/500
51/51 - 3s - 54ms/step - loss: 0.6678 - val_loss: 0.6738
Epoch 237/500
51/51 - 3s - 54ms/step - loss: 0.6677 - val_loss: 0.6736
Epoch 238/500
51/51 - 3s - 54ms/step - loss: 0.6676 - val_loss: 0.6735
Epoch 239/500
51/51 - 3s - 54ms/step - loss: 0.6675 - val_loss: 0.6734
Epoch 240/500
51/51 - 3s - 54ms/step - loss: 0.6674 - val_loss: 0.6732
Epoch 241/500
51/51 - 3s - 54ms/step - loss: 0.6672 - val_loss: 0.6731
Epoch 242/500
51/51 - 3s - 54ms/step - loss: 0.6671 - val_loss: 0.6730
Epoch 243/500
51/51 - 3s - 54ms/step - loss: 0.6670 - val_loss: 0.6728
Epoch 244/500
51/51 - 3s - 54ms/step - loss: 0.6669 - val_loss: 0.6727
Epoch 245/500
51/51 - 3s - 54ms/step - loss: 0.6668 - val_loss: 0.6726
Epoch 246/500
51/51 - 3s - 54ms/step - loss: 0.6667 - val_loss: 0.6724
Epoch 247/500
51/51 - 3s - 54ms/step - loss: 0.6666 - val_loss: 0.6723
Epoch 248/500
51/51 - 3s - 54ms/step - loss: 0.6664 - val_loss: 0.6722
Epoch 249/500
51/51 - 3s - 54ms/step - loss: 0.6663 - val_loss: 0.6721
Epoch 250/500
51/51 - 3s - 54ms/step - loss: 0.6662 - val_loss: 0.6719
Epoch 251/500
51/51 - 3s - 54ms/step - loss: 0.6661 - val_loss: 0.6718
Epoch 252/500
51/51 - 3s - 54ms/step - loss: 0.6660 - val_loss: 0.6717
Epoch 253/500
51/51 - 3s - 54ms/step - loss: 0.6659 - val_loss: 0.6716
Epoch 254/500
51/51 - 3s - 54ms/step - loss: 0.6658 - val_loss: 0.6715
Epoch 255/500
51/51 - 3s - 54ms/step - loss: 0.6657 - val_loss: 0.6713
Epoch 256/500
51/51 - 3s - 54ms/step - loss: 0.6656 - val_loss: 0.6712
Epoch 257/500
51/51 - 3s - 54ms/step - loss: 0.6655 - val_loss: 0.6711
Epoch 258/500
51/51 - 3s - 54ms/step - loss: 0.6654 - val_loss: 0.6710
Epoch 259/500
51/51 - 3s - 56ms/step - loss: 0.6653 - val_loss: 0.6709
Epoch 260/500
51/51 - 3s - 57ms/step - loss: 0.6652 - val_loss: 0.6708
Epoch 261/500
51/51 - 3s - 54ms/step - loss: 0.6651 - val_loss: 0.6706
Epoch 262/500
51/51 - 3s - 54ms/step - loss: 0.6650 - val_loss: 0.6705
Epoch 263/500
51/51 - 3s - 56ms/step - loss: 0.6649 - val_loss: 0.6704
Epoch 264/500
51/51 - 3s - 54ms/step - loss: 0.6648 - val_loss: 0.6703
Epoch 265/500
51/51 - 3s - 54ms/step - loss: 0.6647 - val_loss: 0.6702
Epoch 266/500
51/51 - 3s - 54ms/step - loss: 0.6646 - val_loss: 0.6701
Epoch 267/500
51/51 - 3s - 55ms/step - loss: 0.6645 - val_loss: 0.6700
Epoch 268/500
51/51 - 3s - 56ms/step - loss: 0.6644 - val_loss: 0.6699
Epoch 269/500
51/51 - 3s - 54ms/step - loss: 0.6643 - val_loss: 0.6698
Epoch 270/500
51/51 - 3s - 54ms/step - loss: 0.6642 - val_loss: 0.6697
Epoch 271/500
51/51 - 3s - 54ms/step - loss: 0.6641 - val_loss: 0.6696
Epoch 272/500
51/51 - 3s - 54ms/step - loss: 0.6640 - val_loss: 0.6695
Epoch 273/500
51/51 - 3s - 54ms/step - loss: 0.6639 - val_loss: 0.6694
Epoch 274/500
51/51 - 3s - 54ms/step - loss: 0.6638 - val_loss: 0.6693
Epoch 275/500
51/51 - 3s - 54ms/step - loss: 0.6637 - val_loss: 0.6692
Epoch 276/500
51/51 - 3s - 54ms/step - loss: 0.6637 - val_loss: 0.6691
Epoch 277/500
51/51 - 3s - 54ms/step - loss: 0.6636 - val_loss: 0.6690
Epoch 278/500
51/51 - 3s - 54ms/step - loss: 0.6635 - val_loss: 0.6689
Epoch 279/500
51/51 - 3s - 54ms/step - loss: 0.6634 - val_loss: 0.6688
Epoch 280/500
51/51 - 3s - 54ms/step - loss: 0.6633 - val_loss: 0.6687
Epoch 281/500
51/51 - 3s - 54ms/step - loss: 0.6632 - val_loss: 0.6686
Epoch 282/500
51/51 - 3s - 54ms/step - loss: 0.6631 - val_loss: 0.6685
Epoch 283/500
51/51 - 3s - 54ms/step - loss: 0.6630 - val_loss: 0.6684
Epoch 284/500
51/51 - 3s - 54ms/step - loss: 0.6630 - val_loss: 0.6683
Epoch 285/500
51/51 - 3s - 54ms/step - loss: 0.6629 - val_loss: 0.6682
Epoch 286/500
51/51 - 3s - 54ms/step - loss: 0.6628 - val_loss: 0.6681
Epoch 287/500
51/51 - 3s - 54ms/step - loss: 0.6627 - val_loss: 0.6680
Epoch 288/500
51/51 - 3s - 54ms/step - loss: 0.6626 - val_loss: 0.6679
Epoch 289/500
51/51 - 3s - 54ms/step - loss: 0.6626 - val_loss: 0.6678
Epoch 290/500
51/51 - 3s - 54ms/step - loss: 0.6625 - val_loss: 0.6678
Epoch 291/500
51/51 - 3s - 54ms/step - loss: 0.6624 - val_loss: 0.6677
Epoch 292/500
51/51 - 3s - 55ms/step - loss: 0.6623 - val_loss: 0.6676
Epoch 293/500
51/51 - 3s - 54ms/step - loss: 0.6622 - val_loss: 0.6675
Epoch 294/500
51/51 - 3s - 54ms/step - loss: 0.6622 - val_loss: 0.6674
Epoch 295/500
51/51 - 3s - 54ms/step - loss: 0.6621 - val_loss: 0.6673
Epoch 296/500
51/51 - 3s - 54ms/step - loss: 0.6620 - val_loss: 0.6672
Epoch 297/500
51/51 - 3s - 54ms/step - loss: 0.6619 - val_loss: 0.6672
Epoch 298/500
51/51 - 3s - 54ms/step - loss: 0.6618 - val_loss: 0.6671
Epoch 299/500
51/51 - 3s - 54ms/step - loss: 0.6618 - val_loss: 0.6670
Epoch 300/500
51/51 - 3s - 54ms/step - loss: 0.6617 - val_loss: 0.6669
Epoch 301/500
51/51 - 3s - 54ms/step - loss: 0.6616 - val_loss: 0.6668
Epoch 302/500
51/51 - 3s - 54ms/step - loss: 0.6615 - val_loss: 0.6668
Epoch 303/500
51/51 - 3s - 57ms/step - loss: 0.6615 - val_loss: 0.6667
Epoch 304/500
51/51 - 3s - 54ms/step - loss: 0.6614 - val_loss: 0.6666
Epoch 305/500
51/51 - 3s - 55ms/step - loss: 0.6613 - val_loss: 0.6665
Epoch 306/500
51/51 - 3s - 54ms/step - loss: 0.6613 - val_loss: 0.6664
Epoch 307/500
51/51 - 3s - 54ms/step - loss: 0.6612 - val_loss: 0.6664
Epoch 308/500
51/51 - 3s - 54ms/step - loss: 0.6611 - val_loss: 0.6663
Epoch 309/500
51/51 - 3s - 54ms/step - loss: 0.6610 - val_loss: 0.6662
Epoch 310/500
51/51 - 3s - 54ms/step - loss: 0.6610 - val_loss: 0.6661
Epoch 311/500
51/51 - 3s - 54ms/step - loss: 0.6609 - val_loss: 0.6661
Epoch 312/500
51/51 - 3s - 54ms/step - loss: 0.6608 - val_loss: 0.6660
Epoch 313/500
51/51 - 3s - 54ms/step - loss: 0.6608 - val_loss: 0.6659
Epoch 314/500
51/51 - 3s - 55ms/step - loss: 0.6607 - val_loss: 0.6658
Epoch 315/500
51/51 - 3s - 54ms/step - loss: 0.6606 - val_loss: 0.6658
Epoch 316/500
51/51 - 3s - 54ms/step - loss: 0.6606 - val_loss: 0.6657
Epoch 317/500
51/51 - 3s - 54ms/step - loss: 0.6605 - val_loss: 0.6656
Epoch 318/500
51/51 - 3s - 54ms/step - loss: 0.6604 - val_loss: 0.6656
Epoch 319/500
51/51 - 3s - 54ms/step - loss: 0.6604 - val_loss: 0.6655
Epoch 320/500
51/51 - 3s - 54ms/step - loss: 0.6603 - val_loss: 0.6654
Epoch 321/500
51/51 - 3s - 54ms/step - loss: 0.6602 - val_loss: 0.6654
Epoch 322/500
51/51 - 3s - 54ms/step - loss: 0.6602 - val_loss: 0.6653
Epoch 323/500
51/51 - 3s - 54ms/step - loss: 0.6601 - val_loss: 0.6652
Epoch 324/500
51/51 - 3s - 54ms/step - loss: 0.6600 - val_loss: 0.6652
Epoch 325/500
51/51 - 3s - 54ms/step - loss: 0.6600 - val_loss: 0.6651
Epoch 326/500
51/51 - 3s - 54ms/step - loss: 0.6599 - val_loss: 0.6650
Epoch 327/500
51/51 - 3s - 54ms/step - loss: 0.6599 - val_loss: 0.6650
Epoch 328/500
51/51 - 3s - 54ms/step - loss: 0.6598 - val_loss: 0.6649
Epoch 329/500
51/51 - 3s - 54ms/step - loss: 0.6597 - val_loss: 0.6648
Epoch 330/500
51/51 - 3s - 54ms/step - loss: 0.6597 - val_loss: 0.6648
Epoch 331/500
51/51 - 3s - 54ms/step - loss: 0.6596 - val_loss: 0.6647
Epoch 332/500
51/51 - 3s - 54ms/step - loss: 0.6596 - val_loss: 0.6646
Epoch 333/500
51/51 - 3s - 54ms/step - loss: 0.6595 - val_loss: 0.6646
Epoch 334/500
51/51 - 3s - 54ms/step - loss: 0.6594 - val_loss: 0.6645
Epoch 335/500
51/51 - 3s - 54ms/step - loss: 0.6594 - val_loss: 0.6645
Epoch 336/500
51/51 - 3s - 54ms/step - loss: 0.6593 - val_loss: 0.6644
Epoch 337/500
51/51 - 3s - 55ms/step - loss: 0.6593 - val_loss: 0.6643
Epoch 338/500
51/51 - 3s - 54ms/step - loss: 0.6592 - val_loss: 0.6643
Epoch 339/500
51/51 - 3s - 54ms/step - loss: 0.6591 - val_loss: 0.6642
Epoch 340/500
51/51 - 3s - 54ms/step - loss: 0.6591 - val_loss: 0.6642
Epoch 341/500
51/51 - 3s - 54ms/step - loss: 0.6590 - val_loss: 0.6641
Epoch 342/500
51/51 - 3s - 54ms/step - loss: 0.6590 - val_loss: 0.6640
Epoch 343/500
51/51 - 3s - 54ms/step - loss: 0.6589 - val_loss: 0.6640
Epoch 344/500
51/51 - 3s - 54ms/step - loss: 0.6589 - val_loss: 0.6639
Epoch 345/500
51/51 - 3s - 54ms/step - loss: 0.6588 - val_loss: 0.6639
Epoch 346/500
51/51 - 3s - 54ms/step - loss: 0.6588 - val_loss: 0.6638
Epoch 347/500
51/51 - 3s - 54ms/step - loss: 0.6587 - val_loss: 0.6637
Epoch 348/500
51/51 - 3s - 54ms/step - loss: 0.6586 - val_loss: 0.6637
Epoch 349/500
51/51 - 3s - 54ms/step - loss: 0.6586 - val_loss: 0.6636
Epoch 350/500
51/51 - 3s - 54ms/step - loss: 0.6585 - val_loss: 0.6636
Epoch 351/500
51/51 - 3s - 54ms/step - loss: 0.6585 - val_loss: 0.6635
Epoch 352/500
51/51 - 3s - 54ms/step - loss: 0.6584 - val_loss: 0.6635
Epoch 353/500
51/51 - 3s - 54ms/step - loss: 0.6584 - val_loss: 0.6634
Epoch 354/500
51/51 - 3s - 54ms/step - loss: 0.6583 - val_loss: 0.6634
Epoch 355/500
51/51 - 3s - 54ms/step - loss: 0.6583 - val_loss: 0.6633
Epoch 356/500
51/51 - 3s - 54ms/step - loss: 0.6582 - val_loss: 0.6633
Epoch 357/500
51/51 - 3s - 54ms/step - loss: 0.6582 - val_loss: 0.6632
Epoch 358/500
51/51 - 3s - 54ms/step - loss: 0.6581 - val_loss: 0.6632
Epoch 359/500
51/51 - 3s - 54ms/step - loss: 0.6581 - val_loss: 0.6631
Epoch 360/500
51/51 - 3s - 54ms/step - loss: 0.6580 - val_loss: 0.6631
Epoch 361/500
51/51 - 3s - 54ms/step - loss: 0.6580 - val_loss: 0.6630
Epoch 362/500
51/51 - 3s - 54ms/step - loss: 0.6579 - val_loss: 0.6630
Epoch 363/500
51/51 - 3s - 54ms/step - loss: 0.6579 - val_loss: 0.6629
Epoch 364/500
51/51 - 3s - 54ms/step - loss: 0.6578 - val_loss: 0.6629
Epoch 365/500
51/51 - 3s - 54ms/step - loss: 0.6578 - val_loss: 0.6628
Epoch 366/500
51/51 - 3s - 54ms/step - loss: 0.6577 - val_loss: 0.6628
Epoch 367/500
51/51 - 3s - 54ms/step - loss: 0.6577 - val_loss: 0.6627
Epoch 368/500
51/51 - 3s - 54ms/step - loss: 0.6576 - val_loss: 0.6627
Epoch 369/500
51/51 - 3s - 54ms/step - loss: 0.6576 - val_loss: 0.6626
Epoch 370/500
51/51 - 3s - 54ms/step - loss: 0.6575 - val_loss: 0.6626
Epoch 371/500
51/51 - 3s - 54ms/step - loss: 0.6575 - val_loss: 0.6625
Epoch 372/500
51/51 - 3s - 54ms/step - loss: 0.6574 - val_loss: 0.6625
Epoch 373/500
51/51 - 3s - 54ms/step - loss: 0.6574 - val_loss: 0.6624
Epoch 374/500
51/51 - 3s - 54ms/step - loss: 0.6573 - val_loss: 0.6624
Epoch 375/500
51/51 - 3s - 54ms/step - loss: 0.6573 - val_loss: 0.6623
Epoch 376/500
51/51 - 3s - 54ms/step - loss: 0.6573 - val_loss: 0.6623
Epoch 377/500
51/51 - 3s - 54ms/step - loss: 0.6572 - val_loss: 0.6622
Epoch 378/500
51/51 - 3s - 54ms/step - loss: 0.6572 - val_loss: 0.6622
Epoch 379/500
51/51 - 3s - 54ms/step - loss: 0.6571 - val_loss: 0.6621
Epoch 380/500
51/51 - 3s - 54ms/step - loss: 0.6571 - val_loss: 0.6621
Epoch 381/500
51/51 - 3s - 55ms/step - loss: 0.6570 - val_loss: 0.6621
Epoch 382/500
51/51 - 3s - 54ms/step - loss: 0.6570 - val_loss: 0.6620
Epoch 383/500
51/51 - 3s - 54ms/step - loss: 0.6569 - val_loss: 0.6620
Epoch 384/500
51/51 - 3s - 54ms/step - loss: 0.6569 - val_loss: 0.6619
Epoch 385/500
51/51 - 3s - 54ms/step - loss: 0.6569 - val_loss: 0.6619
Epoch 386/500
51/51 - 3s - 54ms/step - loss: 0.6568 - val_loss: 0.6618
Epoch 387/500
51/51 - 3s - 54ms/step - loss: 0.6568 - val_loss: 0.6618
Epoch 388/500
51/51 - 3s - 54ms/step - loss: 0.6567 - val_loss: 0.6618
Epoch 389/500
51/51 - 3s - 54ms/step - loss: 0.6567 - val_loss: 0.6617
Epoch 390/500
51/51 - 3s - 54ms/step - loss: 0.6566 - val_loss: 0.6617
Epoch 391/500
51/51 - 3s - 54ms/step - loss: 0.6566 - val_loss: 0.6616
Epoch 392/500
51/51 - 3s - 54ms/step - loss: 0.6566 - val_loss: 0.6616
Epoch 393/500
51/51 - 3s - 54ms/step - loss: 0.6565 - val_loss: 0.6615
Epoch 394/500
51/51 - 3s - 54ms/step - loss: 0.6565 - val_loss: 0.6615
Epoch 395/500
51/51 - 3s - 54ms/step - loss: 0.6564 - val_loss: 0.6615
Epoch 396/500
51/51 - 3s - 54ms/step - loss: 0.6564 - val_loss: 0.6614
Epoch 397/500
51/51 - 3s - 54ms/step - loss: 0.6564 - val_loss: 0.6614
Epoch 398/500
51/51 - 3s - 54ms/step - loss: 0.6563 - val_loss: 0.6613
Epoch 399/500
51/51 - 3s - 54ms/step - loss: 0.6563 - val_loss: 0.6613
Epoch 400/500
51/51 - 3s - 54ms/step - loss: 0.6562 - val_loss: 0.6613
Epoch 401/500
51/51 - 3s - 54ms/step - loss: 0.6562 - val_loss: 0.6612
Epoch 402/500
51/51 - 3s - 54ms/step - loss: 0.6562 - val_loss: 0.6612
Epoch 403/500
51/51 - 3s - 55ms/step - loss: 0.6561 - val_loss: 0.6612
Epoch 404/500
51/51 - 3s - 54ms/step - loss: 0.6561 - val_loss: 0.6611
Epoch 405/500
51/51 - 3s - 54ms/step - loss: 0.6560 - val_loss: 0.6611
Epoch 406/500
51/51 - 3s - 54ms/step - loss: 0.6560 - val_loss: 0.6610
Epoch 407/500
51/51 - 3s - 54ms/step - loss: 0.6560 - val_loss: 0.6610
Epoch 408/500
51/51 - 3s - 54ms/step - loss: 0.6559 - val_loss: 0.6610
Epoch 409/500
51/51 - 3s - 54ms/step - loss: 0.6559 - val_loss: 0.6609
Epoch 410/500
51/51 - 3s - 54ms/step - loss: 0.6558 - val_loss: 0.6609
Epoch 411/500
51/51 - 3s - 54ms/step - loss: 0.6558 - val_loss: 0.6608
Epoch 412/500
51/51 - 3s - 54ms/step - loss: 0.6558 - val_loss: 0.6608
Epoch 413/500
51/51 - 3s - 54ms/step - loss: 0.6557 - val_loss: 0.6608
Epoch 414/500
51/51 - 3s - 54ms/step - loss: 0.6557 - val_loss: 0.6607
Epoch 415/500
51/51 - 3s - 54ms/step - loss: 0.6557 - val_loss: 0.6607
Epoch 416/500
51/51 - 3s - 54ms/step - loss: 0.6556 - val_loss: 0.6607
Epoch 417/500
51/51 - 3s - 54ms/step - loss: 0.6556 - val_loss: 0.6606
Epoch 418/500
51/51 - 3s - 54ms/step - loss: 0.6555 - val_loss: 0.6606
Epoch 419/500
51/51 - 3s - 54ms/step - loss: 0.6555 - val_loss: 0.6606
Epoch 420/500
51/51 - 3s - 54ms/step - loss: 0.6555 - val_loss: 0.6605
Epoch 421/500
51/51 - 3s - 54ms/step - loss: 0.6554 - val_loss: 0.6605
Epoch 422/500
51/51 - 3s - 54ms/step - loss: 0.6554 - val_loss: 0.6605
Epoch 423/500
51/51 - 3s - 54ms/step - loss: 0.6554 - val_loss: 0.6604
Epoch 424/500
51/51 - 3s - 54ms/step - loss: 0.6553 - val_loss: 0.6604
Epoch 425/500
51/51 - 3s - 55ms/step - loss: 0.6553 - val_loss: 0.6604
Epoch 426/500
51/51 - 3s - 54ms/step - loss: 0.6553 - val_loss: 0.6603
Epoch 427/500
51/51 - 3s - 54ms/step - loss: 0.6552 - val_loss: 0.6603
Epoch 428/500
51/51 - 3s - 54ms/step - loss: 0.6552 - val_loss: 0.6603
Epoch 429/500
51/51 - 3s - 54ms/step - loss: 0.6552 - val_loss: 0.6602
Epoch 430/500
51/51 - 3s - 54ms/step - loss: 0.6551 - val_loss: 0.6602
Epoch 431/500
51/51 - 3s - 54ms/step - loss: 0.6551 - val_loss: 0.6602
Epoch 432/500
51/51 - 3s - 54ms/step - loss: 0.6551 - val_loss: 0.6601
Epoch 433/500
51/51 - 3s - 54ms/step - loss: 0.6550 - val_loss: 0.6601
Epoch 434/500
51/51 - 3s - 54ms/step - loss: 0.6550 - val_loss: 0.6601
Epoch 435/500
51/51 - 3s - 54ms/step - loss: 0.6550 - val_loss: 0.6600
Epoch 436/500
51/51 - 3s - 55ms/step - loss: 0.6549 - val_loss: 0.6600
Epoch 437/500
51/51 - 3s - 54ms/step - loss: 0.6549 - val_loss: 0.6600
Epoch 438/500
51/51 - 3s - 54ms/step - loss: 0.6549 - val_loss: 0.6599
Epoch 439/500
51/51 - 3s - 54ms/step - loss: 0.6548 - val_loss: 0.6599
Epoch 440/500
51/51 - 3s - 54ms/step - loss: 0.6548 - val_loss: 0.6599
Epoch 441/500
51/51 - 3s - 54ms/step - loss: 0.6548 - val_loss: 0.6598
Epoch 442/500
51/51 - 3s - 54ms/step - loss: 0.6547 - val_loss: 0.6598
Epoch 443/500
51/51 - 3s - 54ms/step - loss: 0.6547 - val_loss: 0.6598
Epoch 444/500
51/51 - 3s - 54ms/step - loss: 0.6547 - val_loss: 0.6597
Epoch 445/500
51/51 - 3s - 54ms/step - loss: 0.6546 - val_loss: 0.6597
Epoch 446/500
51/51 - 3s - 54ms/step - loss: 0.6546 - val_loss: 0.6597
Epoch 447/500
51/51 - 3s - 54ms/step - loss: 0.6546 - val_loss: 0.6597
Epoch 448/500
51/51 - 3s - 54ms/step - loss: 0.6545 - val_loss: 0.6596
Epoch 449/500
51/51 - 3s - 54ms/step - loss: 0.6545 - val_loss: 0.6596
Epoch 450/500
51/51 - 3s - 54ms/step - loss: 0.6545 - val_loss: 0.6596
Epoch 451/500
51/51 - 3s - 54ms/step - loss: 0.6544 - val_loss: 0.6595
Epoch 452/500
51/51 - 3s - 54ms/step - loss: 0.6544 - val_loss: 0.6595
Epoch 453/500
51/51 - 3s - 54ms/step - loss: 0.6544 - val_loss: 0.6595
Epoch 454/500
51/51 - 3s - 54ms/step - loss: 0.6543 - val_loss: 0.6594
Epoch 455/500
51/51 - 3s - 54ms/step - loss: 0.6543 - val_loss: 0.6594
Epoch 456/500
51/51 - 3s - 54ms/step - loss: 0.6543 - val_loss: 0.6594
Epoch 457/500
51/51 - 3s - 54ms/step - loss: 0.6543 - val_loss: 0.6594
Epoch 458/500
51/51 - 3s - 54ms/step - loss: 0.6542 - val_loss: 0.6593
Epoch 459/500
51/51 - 3s - 54ms/step - loss: 0.6542 - val_loss: 0.6593
Epoch 460/500
51/51 - 3s - 54ms/step - loss: 0.6542 - val_loss: 0.6593
Epoch 461/500
51/51 - 3s - 54ms/step - loss: 0.6541 - val_loss: 0.6592
Epoch 462/500
51/51 - 3s - 54ms/step - loss: 0.6541 - val_loss: 0.6592
Epoch 463/500
51/51 - 3s - 54ms/step - loss: 0.6541 - val_loss: 0.6592
Epoch 464/500
51/51 - 3s - 54ms/step - loss: 0.6540 - val_loss: 0.6592
Epoch 465/500
51/51 - 3s - 54ms/step - loss: 0.6540 - val_loss: 0.6591
Epoch 466/500
51/51 - 3s - 54ms/step - loss: 0.6540 - val_loss: 0.6591
Epoch 467/500
51/51 - 3s - 54ms/step - loss: 0.6540 - val_loss: 0.6591
Epoch 468/500
51/51 - 3s - 54ms/step - loss: 0.6539 - val_loss: 0.6590
Epoch 469/500
51/51 - 3s - 54ms/step - loss: 0.6539 - val_loss: 0.6590
Epoch 470/500
51/51 - 3s - 55ms/step - loss: 0.6539 - val_loss: 0.6590
Epoch 471/500
51/51 - 3s - 54ms/step - loss: 0.6538 - val_loss: 0.6590
Epoch 472/500
51/51 - 3s - 54ms/step - loss: 0.6538 - val_loss: 0.6589
Epoch 473/500
51/51 - 3s - 54ms/step - loss: 0.6538 - val_loss: 0.6589
Epoch 474/500
51/51 - 3s - 54ms/step - loss: 0.6538 - val_loss: 0.6589
Epoch 475/500
51/51 - 3s - 54ms/step - loss: 0.6537 - val_loss: 0.6589
Epoch 476/500
51/51 - 3s - 54ms/step - loss: 0.6537 - val_loss: 0.6588
Epoch 477/500
51/51 - 3s - 54ms/step - loss: 0.6537 - val_loss: 0.6588
Epoch 478/500
51/51 - 3s - 54ms/step - loss: 0.6537 - val_loss: 0.6588
Epoch 479/500
51/51 - 3s - 54ms/step - loss: 0.6536 - val_loss: 0.6588
Epoch 480/500
51/51 - 3s - 54ms/step - loss: 0.6536 - val_loss: 0.6587
Epoch 481/500
51/51 - 3s - 54ms/step - loss: 0.6536 - val_loss: 0.6587
Epoch 482/500
51/51 - 3s - 54ms/step - loss: 0.6535 - val_loss: 0.6587
Epoch 483/500
51/51 - 3s - 54ms/step - loss: 0.6535 - val_loss: 0.6587
Epoch 484/500
51/51 - 3s - 54ms/step - loss: 0.6535 - val_loss: 0.6586
Epoch 485/500
51/51 - 3s - 54ms/step - loss: 0.6535 - val_loss: 0.6586
Epoch 486/500
51/51 - 3s - 54ms/step - loss: 0.6534 - val_loss: 0.6586
Epoch 487/500
51/51 - 3s - 53ms/step - loss: 0.6534 - val_loss: 0.6586
Epoch 488/500
51/51 - 3s - 54ms/step - loss: 0.6534 - val_loss: 0.6585
Epoch 489/500
51/51 - 8s - 157ms/step - loss: 0.6534 - val_loss: 0.6585
Epoch 490/500
51/51 - 3s - 51ms/step - loss: 0.6533 - val_loss: 0.6585
Epoch 491/500
51/51 - 3s - 53ms/step - loss: 0.6533 - val_loss: 0.6585
Epoch 492/500
51/51 - 3s - 55ms/step - loss: 0.6533 - val_loss: 0.6584
Epoch 493/500
51/51 - 3s - 54ms/step - loss: 0.6533 - val_loss: 0.6584
Epoch 494/500
51/51 - 3s - 54ms/step - loss: 0.6532 - val_loss: 0.6584
Epoch 495/500
51/51 - 3s - 54ms/step - loss: 0.6532 - val_loss: 0.6584
Epoch 496/500
51/51 - 3s - 54ms/step - loss: 0.6532 - val_loss: 0.6583
Epoch 497/500
51/51 - 3s - 54ms/step - loss: 0.6531 - val_loss: 0.6583
Epoch 498/500
51/51 - 3s - 54ms/step - loss: 0.6531 - val_loss: 0.6583
Epoch 499/500
51/51 - 3s - 54ms/step - loss: 0.6531 - val_loss: 0.6583
Epoch 500/500
51/51 - 3s - 54ms/step - loss: 0.6531 - val_loss: 0.6582
[Run 1/5] Training single encoder baseline (baseline preprocessing, linear structure, sigmoid head)...
/Users/albert/Downloads/Documents/PhD Thesis/Comparable/.venv/lib/python3.12/site-packages/sklearn/linear_model/_linear_loss.py:203: RuntimeWarning: divide by zero encountered in matmul
  raw_prediction = X @ weights + intercept
/Users/albert/Downloads/Documents/PhD Thesis/Comparable/.venv/lib/python3.12/site-packages/sklearn/linear_model/_linear_loss.py:203: RuntimeWarning: overflow encountered in matmul
  raw_prediction = X @ weights + intercept
/Users/albert/Downloads/Documents/PhD Thesis/Comparable/.venv/lib/python3.12/site-packages/sklearn/linear_model/_linear_loss.py:203: RuntimeWarning: invalid value encountered in matmul
  raw_prediction = X @ weights + intercept
/Users/albert/Downloads/Documents/PhD Thesis/Comparable/.venv/lib/python3.12/site-packages/sklearn/linear_model/_linear_loss.py:333: RuntimeWarning: divide by zero encountered in matmul
  grad[:n_features] = X.T @ grad_pointwise + l2_reg_strength * weights
/Users/albert/Downloads/Documents/PhD Thesis/Comparable/.venv/lib/python3.12/site-packages/sklearn/linear_model/_linear_loss.py:333: RuntimeWarning: overflow encountered in matmul
  grad[:n_features] = X.T @ grad_pointwise + l2_reg_strength * weights
/Users/albert/Downloads/Documents/PhD Thesis/Comparable/.venv/lib/python3.12/site-packages/sklearn/linear_model/_linear_loss.py:333: RuntimeWarning: invalid value encountered in matmul
  grad[:n_features] = X.T @ grad_pointwise + l2_reg_strength * weights
/Users/albert/Downloads/Documents/PhD Thesis/Comparable/.venv/lib/python3.12/site-packages/sklearn/utils/extmath.py:227: RuntimeWarning: divide by zero encountered in matmul
  ret = a @ b
/Users/albert/Downloads/Documents/PhD Thesis/Comparable/.venv/lib/python3.12/site-packages/sklearn/utils/extmath.py:227: RuntimeWarning: overflow encountered in matmul
  ret = a @ b
/Users/albert/Downloads/Documents/PhD Thesis/Comparable/.venv/lib/python3.12/site-packages/sklearn/utils/extmath.py:227: RuntimeWarning: invalid value encountered in matmul
  ret = a @ b
[Run 1/5] Shared encoder (unweight) validation threshold=0.4901 (balanced_accuracy=0.6800).
[Run 1/5] Shared encoder (weighted) validation threshold=0.5741 (balanced_accuracy=0.6773).
/Users/albert/Downloads/Documents/PhD Thesis/Comparable/.venv/lib/python3.12/site-packages/sklearn/linear_model/_base.py:293: RuntimeWarning: divide by zero encountered in matmul
  return X @ coef_ + self.intercept_
/Users/albert/Downloads/Documents/PhD Thesis/Comparable/.venv/lib/python3.12/site-packages/sklearn/linear_model/_base.py:293: RuntimeWarning: overflow encountered in matmul
  return X @ coef_ + self.intercept_
/Users/albert/Downloads/Documents/PhD Thesis/Comparable/.venv/lib/python3.12/site-packages/sklearn/linear_model/_base.py:293: RuntimeWarning: invalid value encountered in matmul
  return X @ coef_ + self.intercept_
/Users/albert/Downloads/Documents/PhD Thesis/Comparable/.venv/lib/python3.12/site-packages/sklearn/linear_model/_base.py:293: RuntimeWarning: divide by zero encountered in matmul
  return X @ coef_ + self.intercept_
/Users/albert/Downloads/Documents/PhD Thesis/Comparable/.venv/lib/python3.12/site-packages/sklearn/linear_model/_base.py:293: RuntimeWarning: overflow encountered in matmul
  return X @ coef_ + self.intercept_
/Users/albert/Downloads/Documents/PhD Thesis/Comparable/.venv/lib/python3.12/site-packages/sklearn/linear_model/_base.py:293: RuntimeWarning: invalid value encountered in matmul
  return X @ coef_ + self.intercept_
/Users/albert/Downloads/Documents/PhD Thesis/Comparable/.venv/lib/python3.12/site-packages/sklearn/linear_model/_base.py:293: RuntimeWarning: divide by zero encountered in matmul
  return X @ coef_ + self.intercept_
/Users/albert/Downloads/Documents/PhD Thesis/Comparable/.venv/lib/python3.12/site-packages/sklearn/linear_model/_base.py:293: RuntimeWarning: overflow encountered in matmul
  return X @ coef_ + self.intercept_
/Users/albert/Downloads/Documents/PhD Thesis/Comparable/.venv/lib/python3.12/site-packages/sklearn/linear_model/_base.py:293: RuntimeWarning: invalid value encountered in matmul
  return X @ coef_ + self.intercept_
/Users/albert/Downloads/Documents/PhD Thesis/Comparable/.venv/lib/python3.12/site-packages/sklearn/linear_model/_base.py:293: RuntimeWarning: divide by zero encountered in matmul
  return X @ coef_ + self.intercept_
/Users/albert/Downloads/Documents/PhD Thesis/Comparable/.venv/lib/python3.12/site-packages/sklearn/linear_model/_base.py:293: RuntimeWarning: overflow encountered in matmul
  return X @ coef_ + self.intercept_
/Users/albert/Downloads/Documents/PhD Thesis/Comparable/.venv/lib/python3.12/site-packages/sklearn/linear_model/_base.py:293: RuntimeWarning: invalid value encountered in matmul
  return X @ coef_ + self.intercept_
/Users/albert/Downloads/Documents/PhD Thesis/Comparable/Code/Synthetic/synthetic.py:106: Pandas4Warning: For backward compatibility, 'str' dtypes are included by select_dtypes when 'object' dtype is specified. This behavior is deprecated and will be removed in a future version. Explicitly pass 'str' to `include` to select them, or to `exclude` to remove them and silence this warning.
See https://pandas.pydata.org/docs/user_guide/migration-3-strings.html#string-migration-select-dtypes for details on how to write code that works with pandas 2 and 3.
  text_cols = df.select_dtypes(include="object").columns
[Run 2/5] Training shared encoder (unweighted, sigmoid head, baseline preprocessing)...
/Users/albert/Downloads/Documents/PhD Thesis/Comparable/.venv/lib/python3.12/site-packages/keras/src/trainers/trainer.py:212: UserWarning: Model doesn't support `jit_compile=True`. Proceeding with `jit_compile=False`.
  warnings.warn(
Epoch 1/500
51/51 - 3s - 57ms/step - loss: 1.0019 - val_loss: 0.9856
Epoch 2/500
51/51 - 2s - 48ms/step - loss: 0.9815 - val_loss: 0.9691
Epoch 3/500
51/51 - 402s - 8s/step - loss: 0.9634 - val_loss: 0.9540
Epoch 4/500
51/51 - 3s - 55ms/step - loss: 0.9468 - val_loss: 0.9400
Epoch 5/500
51/51 - 2s - 48ms/step - loss: 0.9314 - val_loss: 0.9269
Epoch 6/500
51/51 - 2s - 48ms/step - loss: 0.9168 - val_loss: 0.9142
Epoch 7/500
51/51 - 2s - 48ms/step - loss: 0.9024 - val_loss: 0.9015
Epoch 8/500
51/51 - 2s - 48ms/step - loss: 0.8881 - val_loss: 0.8894
Epoch 9/500
51/51 - 2s - 48ms/step - loss: 0.8749 - val_loss: 0.8785
Epoch 10/500
51/51 - 2s - 49ms/step - loss: 0.8631 - val_loss: 0.8686
Epoch 11/500
51/51 - 3s - 50ms/step - loss: 0.8526 - val_loss: 0.8599
Epoch 12/500
51/51 - 2s - 49ms/step - loss: 0.8436 - val_loss: 0.8526
Epoch 13/500
51/51 - 2s - 49ms/step - loss: 0.8363 - val_loss: 0.8465
Epoch 14/500
51/51 - 3s - 49ms/step - loss: 0.8301 - val_loss: 0.8412
Epoch 15/500
51/51 - 2s - 49ms/step - loss: 0.8246 - val_loss: 0.8366
Epoch 16/500
51/51 - 2s - 49ms/step - loss: 0.8198 - val_loss: 0.8324
Epoch 17/500
51/51 - 2s - 49ms/step - loss: 0.8154 - val_loss: 0.8287
Epoch 18/500
51/51 - 2s - 49ms/step - loss: 0.8114 - val_loss: 0.8252
Epoch 19/500
51/51 - 2s - 49ms/step - loss: 0.8077 - val_loss: 0.8220
Epoch 20/500
51/51 - 2s - 49ms/step - loss: 0.8043 - val_loss: 0.8190
Epoch 21/500
51/51 - 2s - 49ms/step - loss: 0.8011 - val_loss: 0.8162
Epoch 22/500
51/51 - 7s - 144ms/step - loss: 0.7981 - val_loss: 0.8135
Epoch 23/500
51/51 - 2s - 49ms/step - loss: 0.7952 - val_loss: 0.8109
Epoch 24/500
51/51 - 2s - 49ms/step - loss: 0.7925 - val_loss: 0.8085
Epoch 25/500
51/51 - 2s - 49ms/step - loss: 0.7898 - val_loss: 0.8061
Epoch 26/500
51/51 - 2s - 48ms/step - loss: 0.7873 - val_loss: 0.8038
Epoch 27/500
51/51 - 2s - 49ms/step - loss: 0.7849 - val_loss: 0.8016
Epoch 28/500
51/51 - 2s - 48ms/step - loss: 0.7826 - val_loss: 0.7994
Epoch 29/500
51/51 - 2s - 48ms/step - loss: 0.7803 - val_loss: 0.7973
Epoch 30/500
51/51 - 2s - 48ms/step - loss: 0.7781 - val_loss: 0.7953
Epoch 31/500
51/51 - 2s - 48ms/step - loss: 0.7760 - val_loss: 0.7933
Epoch 32/500
51/51 - 2s - 48ms/step - loss: 0.7739 - val_loss: 0.7913
Epoch 33/500
51/51 - 2s - 49ms/step - loss: 0.7719 - val_loss: 0.7894
Epoch 34/500
51/51 - 2s - 48ms/step - loss: 0.7699 - val_loss: 0.7875
Epoch 35/500
51/51 - 3s - 49ms/step - loss: 0.7680 - val_loss: 0.7857
Epoch 36/500
51/51 - 2s - 48ms/step - loss: 0.7661 - val_loss: 0.7839
Epoch 37/500
51/51 - 2s - 48ms/step - loss: 0.7643 - val_loss: 0.7821
Epoch 38/500
51/51 - 2s - 47ms/step - loss: 0.7625 - val_loss: 0.7804
Epoch 39/500
51/51 - 2s - 48ms/step - loss: 0.7607 - val_loss: 0.7786
Epoch 40/500
51/51 - 2s - 48ms/step - loss: 0.7590 - val_loss: 0.7770
Epoch 41/500
51/51 - 105s - 2s/step - loss: 0.7573 - val_loss: 0.7753
Epoch 42/500
51/51 - 2s - 49ms/step - loss: 0.7557 - val_loss: 0.7737
Epoch 43/500
51/51 - 2s - 49ms/step - loss: 0.7540 - val_loss: 0.7721
Epoch 44/500
51/51 - 2s - 49ms/step - loss: 0.7524 - val_loss: 0.7705
Epoch 45/500
51/51 - 2s - 49ms/step - loss: 0.7509 - val_loss: 0.7689
Epoch 46/500
51/51 - 2s - 49ms/step - loss: 0.7494 - val_loss: 0.7674
Epoch 47/500
51/51 - 2s - 49ms/step - loss: 0.7479 - val_loss: 0.7659
Epoch 48/500
51/51 - 2s - 49ms/step - loss: 0.7464 - val_loss: 0.7645
Epoch 49/500
51/51 - 2s - 49ms/step - loss: 0.7450 - val_loss: 0.7630
Epoch 50/500
51/51 - 3s - 49ms/step - loss: 0.7436 - val_loss: 0.7616
Epoch 51/500
51/51 - 2s - 49ms/step - loss: 0.7422 - val_loss: 0.7602
Epoch 52/500
51/51 - 2s - 49ms/step - loss: 0.7408 - val_loss: 0.7589
Epoch 53/500
51/51 - 2s - 48ms/step - loss: 0.7395 - val_loss: 0.7576
Epoch 54/500
51/51 - 2s - 49ms/step - loss: 0.7382 - val_loss: 0.7563
Epoch 55/500
51/51 - 2s - 49ms/step - loss: 0.7369 - val_loss: 0.7550
Epoch 56/500
51/51 - 2s - 49ms/step - loss: 0.7357 - val_loss: 0.7538
Epoch 57/500
51/51 - 2s - 49ms/step - loss: 0.7344 - val_loss: 0.7526
Epoch 58/500
51/51 - 2s - 49ms/step - loss: 0.7332 - val_loss: 0.7514
Epoch 59/500
51/51 - 2s - 49ms/step - loss: 0.7321 - val_loss: 0.7502
Epoch 60/500
51/51 - 686s - 13s/step - loss: 0.7309 - val_loss: 0.7491
Epoch 61/500
51/51 - 2s - 48ms/step - loss: 0.7298 - val_loss: 0.7479
Epoch 62/500
51/51 - 2s - 48ms/step - loss: 0.7287 - val_loss: 0.7468
Epoch 63/500
51/51 - 2s - 47ms/step - loss: 0.7276 - val_loss: 0.7458
Epoch 64/500
51/51 - 2s - 47ms/step - loss: 0.7265 - val_loss: 0.7447
Epoch 65/500
51/51 - 2s - 48ms/step - loss: 0.7254 - val_loss: 0.7437
Epoch 66/500
51/51 - 2s - 47ms/step - loss: 0.7244 - val_loss: 0.7427
Epoch 67/500
51/51 - 2s - 48ms/step - loss: 0.7234 - val_loss: 0.7417
Epoch 68/500
51/51 - 2s - 48ms/step - loss: 0.7224 - val_loss: 0.7407
Epoch 69/500
51/51 - 2s - 48ms/step - loss: 0.7214 - val_loss: 0.7397
Epoch 70/500
51/51 - 2s - 49ms/step - loss: 0.7205 - val_loss: 0.7388
Epoch 71/500
51/51 - 2s - 49ms/step - loss: 0.7195 - val_loss: 0.7379
Epoch 72/500
51/51 - 2s - 49ms/step - loss: 0.7186 - val_loss: 0.7370
Epoch 73/500
51/51 - 2s - 49ms/step - loss: 0.7177 - val_loss: 0.7361
Epoch 74/500
51/51 - 2s - 49ms/step - loss: 0.7168 - val_loss: 0.7352
Epoch 75/500
51/51 - 2s - 49ms/step - loss: 0.7159 - val_loss: 0.7343
Epoch 76/500
51/51 - 2s - 49ms/step - loss: 0.7150 - val_loss: 0.7335
Epoch 77/500
51/51 - 2s - 48ms/step - loss: 0.7142 - val_loss: 0.7327
Epoch 78/500
51/51 - 2s - 49ms/step - loss: 0.7134 - val_loss: 0.7318
Epoch 79/500
51/51 - 291s - 6s/step - loss: 0.7125 - val_loss: 0.7310
Epoch 80/500
51/51 - 2s - 47ms/step - loss: 0.7117 - val_loss: 0.7302
Epoch 81/500
51/51 - 2s - 47ms/step - loss: 0.7109 - val_loss: 0.7295
Epoch 82/500
51/51 - 2s - 48ms/step - loss: 0.7101 - val_loss: 0.7287
Epoch 83/500
51/51 - 2s - 48ms/step - loss: 0.7094 - val_loss: 0.7279
Epoch 84/500
51/51 - 2s - 48ms/step - loss: 0.7086 - val_loss: 0.7272
Epoch 85/500
51/51 - 2s - 48ms/step - loss: 0.7079 - val_loss: 0.7265
Epoch 86/500
51/51 - 2s - 48ms/step - loss: 0.7071 - val_loss: 0.7258
Epoch 87/500
51/51 - 2s - 48ms/step - loss: 0.7064 - val_loss: 0.7251
Epoch 88/500
51/51 - 2s - 48ms/step - loss: 0.7057 - val_loss: 0.7244
Epoch 89/500
51/51 - 2s - 48ms/step - loss: 0.7050 - val_loss: 0.7237
Epoch 90/500
51/51 - 2s - 48ms/step - loss: 0.7043 - val_loss: 0.7230
Epoch 91/500
51/51 - 2s - 48ms/step - loss: 0.7036 - val_loss: 0.7223
Epoch 92/500
51/51 - 2s - 48ms/step - loss: 0.7029 - val_loss: 0.7217
Epoch 93/500
51/51 - 2s - 49ms/step - loss: 0.7022 - val_loss: 0.7210
Epoch 94/500
51/51 - 2s - 49ms/step - loss: 0.7016 - val_loss: 0.7204
Epoch 95/500
51/51 - 2s - 49ms/step - loss: 0.7009 - val_loss: 0.7198
Epoch 96/500
51/51 - 2s - 49ms/step - loss: 0.7003 - val_loss: 0.7191
Epoch 97/500
51/51 - 2s - 49ms/step - loss: 0.6996 - val_loss: 0.7185
Epoch 98/500
51/51 - 2s - 49ms/step - loss: 0.6990 - val_loss: 0.7179
Epoch 99/500
51/51 - 2s - 49ms/step - loss: 0.6984 - val_loss: 0.7173
Epoch 100/500
51/51 - 3s - 49ms/step - loss: 0.6978 - val_loss: 0.7167
Epoch 101/500
51/51 - 2s - 49ms/step - loss: 0.6972 - val_loss: 0.7162
Epoch 102/500
51/51 - 2s - 49ms/step - loss: 0.6966 - val_loss: 0.7156
Epoch 103/500
51/51 - 2s - 49ms/step - loss: 0.6960 - val_loss: 0.7150
Epoch 104/500
51/51 - 2s - 49ms/step - loss: 0.6954 - val_loss: 0.7145
Epoch 105/500
51/51 - 5s - 102ms/step - loss: 0.6948 - val_loss: 0.7139
Epoch 106/500
51/51 - 2s - 47ms/step - loss: 0.6943 - val_loss: 0.7134
Epoch 107/500
51/51 - 2s - 49ms/step - loss: 0.6937 - val_loss: 0.7129
Epoch 108/500
51/51 - 2s - 49ms/step - loss: 0.6932 - val_loss: 0.7124
Epoch 109/500
51/51 - 3s - 49ms/step - loss: 0.6926 - val_loss: 0.7118
Epoch 110/500
51/51 - 2s - 49ms/step - loss: 0.6921 - val_loss: 0.7113
Epoch 111/500
51/51 - 2s - 48ms/step - loss: 0.6915 - val_loss: 0.7108
Epoch 112/500
51/51 - 2s - 48ms/step - loss: 0.6910 - val_loss: 0.7103
Epoch 113/500
51/51 - 2s - 48ms/step - loss: 0.6905 - val_loss: 0.7099
Epoch 114/500
51/51 - 2s - 48ms/step - loss: 0.6900 - val_loss: 0.7094
Epoch 115/500
51/51 - 2s - 48ms/step - loss: 0.6895 - val_loss: 0.7089
Epoch 116/500
51/51 - 2s - 48ms/step - loss: 0.6889 - val_loss: 0.7084
Epoch 117/500
51/51 - 2s - 48ms/step - loss: 0.6884 - val_loss: 0.7080
Epoch 118/500
51/51 - 2s - 48ms/step - loss: 0.6879 - val_loss: 0.7075
Epoch 119/500
51/51 - 2s - 49ms/step - loss: 0.6875 - val_loss: 0.7071
Epoch 120/500
51/51 - 2s - 49ms/step - loss: 0.6870 - val_loss: 0.7066
Epoch 121/500
51/51 - 2s - 49ms/step - loss: 0.6865 - val_loss: 0.7062
Epoch 122/500
51/51 - 2s - 49ms/step - loss: 0.6860 - val_loss: 0.7058
Epoch 123/500
51/51 - 2s - 49ms/step - loss: 0.6855 - val_loss: 0.7053
Epoch 124/500
51/51 - 2s - 49ms/step - loss: 0.6851 - val_loss: 0.7049
Epoch 125/500
51/51 - 2s - 49ms/step - loss: 0.6846 - val_loss: 0.7045
Epoch 126/500
51/51 - 2s - 49ms/step - loss: 0.6842 - val_loss: 0.7041
Epoch 127/500
51/51 - 2s - 49ms/step - loss: 0.6837 - val_loss: 0.7037
Epoch 128/500
51/51 - 2s - 49ms/step - loss: 0.6833 - val_loss: 0.7033
Epoch 129/500
51/51 - 82s - 2s/step - loss: 0.6828 - val_loss: 0.7029
Epoch 130/500
51/51 - 3s - 54ms/step - loss: 0.6824 - val_loss: 0.7025
Epoch 131/500
51/51 - 3s - 49ms/step - loss: 0.6819 - val_loss: 0.7021
Epoch 132/500
51/51 - 2s - 49ms/step - loss: 0.6815 - val_loss: 0.7018
Epoch 133/500
51/51 - 3s - 49ms/step - loss: 0.6811 - val_loss: 0.7014
Epoch 134/500
51/51 - 2s - 49ms/step - loss: 0.6807 - val_loss: 0.7010
Epoch 135/500
51/51 - 2s - 49ms/step - loss: 0.6802 - val_loss: 0.7007
Epoch 136/500
51/51 - 2s - 49ms/step - loss: 0.6798 - val_loss: 0.7003
Epoch 137/500
51/51 - 2s - 49ms/step - loss: 0.6794 - val_loss: 0.6999
Epoch 138/500
51/51 - 2s - 49ms/step - loss: 0.6790 - val_loss: 0.6996
Epoch 139/500
51/51 - 2s - 49ms/step - loss: 0.6786 - val_loss: 0.6992
Epoch 140/500
51/51 - 2s - 49ms/step - loss: 0.6782 - val_loss: 0.6989
Epoch 141/500
51/51 - 2s - 49ms/step - loss: 0.6778 - val_loss: 0.6986
Epoch 142/500
51/51 - 2s - 49ms/step - loss: 0.6774 - val_loss: 0.6982
Epoch 143/500
51/51 - 2s - 49ms/step - loss: 0.6770 - val_loss: 0.6979
Epoch 144/500
51/51 - 2s - 49ms/step - loss: 0.6767 - val_loss: 0.6975
Epoch 145/500
51/51 - 2s - 49ms/step - loss: 0.6763 - val_loss: 0.6972
Epoch 146/500
51/51 - 2s - 49ms/step - loss: 0.6759 - val_loss: 0.6969
Epoch 147/500
51/51 - 2s - 49ms/step - loss: 0.6755 - val_loss: 0.6966
Epoch 148/500
51/51 - 6s - 113ms/step - loss: 0.6752 - val_loss: 0.6963
Epoch 149/500
51/51 - 3s - 50ms/step - loss: 0.6748 - val_loss: 0.6959
Epoch 150/500
51/51 - 2s - 48ms/step - loss: 0.6744 - val_loss: 0.6956
Epoch 151/500
51/51 - 2s - 49ms/step - loss: 0.6741 - val_loss: 0.6953
Epoch 152/500
51/51 - 2s - 49ms/step - loss: 0.6737 - val_loss: 0.6950
Epoch 153/500
51/51 - 3s - 49ms/step - loss: 0.6734 - val_loss: 0.6947
Epoch 154/500
51/51 - 2s - 48ms/step - loss: 0.6730 - val_loss: 0.6944
Epoch 155/500
51/51 - 2s - 48ms/step - loss: 0.6727 - val_loss: 0.6941
Epoch 156/500
51/51 - 2s - 48ms/step - loss: 0.6724 - val_loss: 0.6938
Epoch 157/500
51/51 - 2s - 48ms/step - loss: 0.6720 - val_loss: 0.6935
Epoch 158/500
51/51 - 2s - 47ms/step - loss: 0.6717 - val_loss: 0.6932
Epoch 159/500
51/51 - 2s - 47ms/step - loss: 0.6714 - val_loss: 0.6930
Epoch 160/500
51/51 - 2s - 48ms/step - loss: 0.6710 - val_loss: 0.6927
Epoch 161/500
51/51 - 2s - 48ms/step - loss: 0.6707 - val_loss: 0.6924
Epoch 162/500
51/51 - 2s - 47ms/step - loss: 0.6704 - val_loss: 0.6921
Epoch 163/500
51/51 - 2s - 48ms/step - loss: 0.6701 - val_loss: 0.6918
Epoch 164/500
51/51 - 2s - 48ms/step - loss: 0.6698 - val_loss: 0.6916
Epoch 165/500
51/51 - 2s - 48ms/step - loss: 0.6695 - val_loss: 0.6913
Epoch 166/500
51/51 - 2s - 48ms/step - loss: 0.6692 - val_loss: 0.6910
Epoch 167/500
51/51 - 2s - 48ms/step - loss: 0.6689 - val_loss: 0.6908
Epoch 168/500
51/51 - 8s - 160ms/step - loss: 0.6686 - val_loss: 0.6905
Epoch 169/500
51/51 - 3s - 49ms/step - loss: 0.6683 - val_loss: 0.6902
Epoch 170/500
51/51 - 2s - 49ms/step - loss: 0.6680 - val_loss: 0.6900
Epoch 171/500
51/51 - 2s - 48ms/step - loss: 0.6677 - val_loss: 0.6897
Epoch 172/500
51/51 - 2s - 49ms/step - loss: 0.6674 - val_loss: 0.6895
Epoch 173/500
51/51 - 2s - 49ms/step - loss: 0.6671 - val_loss: 0.6892
Epoch 174/500
51/51 - 3s - 53ms/step - loss: 0.6668 - val_loss: 0.6890
Epoch 175/500
51/51 - 2s - 49ms/step - loss: 0.6666 - val_loss: 0.6887
Epoch 176/500
51/51 - 2s - 48ms/step - loss: 0.6663 - val_loss: 0.6885
Epoch 177/500
51/51 - 2s - 49ms/step - loss: 0.6660 - val_loss: 0.6882
Epoch 178/500
51/51 - 3s - 51ms/step - loss: 0.6657 - val_loss: 0.6880
Epoch 179/500
51/51 - 3s - 51ms/step - loss: 0.6655 - val_loss: 0.6878
Epoch 180/500
51/51 - 3s - 50ms/step - loss: 0.6652 - val_loss: 0.6875
Epoch 181/500
51/51 - 3s - 51ms/step - loss: 0.6650 - val_loss: 0.6873
Epoch 182/500
51/51 - 3s - 56ms/step - loss: 0.6647 - val_loss: 0.6871
Epoch 183/500
51/51 - 3s - 52ms/step - loss: 0.6644 - val_loss: 0.6868
Epoch 184/500
51/51 - 3s - 52ms/step - loss: 0.6642 - val_loss: 0.6866
Epoch 185/500
51/51 - 3s - 53ms/step - loss: 0.6639 - val_loss: 0.6864
Epoch 186/500
51/51 - 368s - 7s/step - loss: 0.6637 - val_loss: 0.6862
Epoch 187/500
51/51 - 3s - 54ms/step - loss: 0.6635 - val_loss: 0.6859
Epoch 188/500
51/51 - 2s - 48ms/step - loss: 0.6632 - val_loss: 0.6857
Epoch 189/500
51/51 - 2s - 48ms/step - loss: 0.6630 - val_loss: 0.6855
Epoch 190/500
51/51 - 2s - 48ms/step - loss: 0.6627 - val_loss: 0.6853
Epoch 191/500
51/51 - 2s - 48ms/step - loss: 0.6625 - val_loss: 0.6851
Epoch 192/500
51/51 - 2s - 48ms/step - loss: 0.6623 - val_loss: 0.6849
Epoch 193/500
51/51 - 2s - 49ms/step - loss: 0.6620 - val_loss: 0.6847
Epoch 194/500
51/51 - 2s - 48ms/step - loss: 0.6618 - val_loss: 0.6844
Epoch 195/500
51/51 - 2s - 49ms/step - loss: 0.6616 - val_loss: 0.6842
Epoch 196/500
51/51 - 2s - 49ms/step - loss: 0.6614 - val_loss: 0.6840
Epoch 197/500
51/51 - 2s - 49ms/step - loss: 0.6611 - val_loss: 0.6838
Epoch 198/500
51/51 - 2s - 48ms/step - loss: 0.6609 - val_loss: 0.6836
Epoch 199/500
51/51 - 2s - 49ms/step - loss: 0.6607 - val_loss: 0.6834
Epoch 200/500
51/51 - 2s - 49ms/step - loss: 0.6605 - val_loss: 0.6832
Epoch 201/500
51/51 - 2s - 49ms/step - loss: 0.6603 - val_loss: 0.6830
Epoch 202/500
51/51 - 2s - 49ms/step - loss: 0.6601 - val_loss: 0.6829
Epoch 203/500
51/51 - 2s - 49ms/step - loss: 0.6599 - val_loss: 0.6827
Epoch 204/500
51/51 - 2s - 49ms/step - loss: 0.6597 - val_loss: 0.6825
Epoch 205/500
51/51 - 8s - 152ms/step - loss: 0.6595 - val_loss: 0.6823
Epoch 206/500
51/51 - 3s - 50ms/step - loss: 0.6593 - val_loss: 0.6821
Epoch 207/500
51/51 - 2s - 49ms/step - loss: 0.6591 - val_loss: 0.6819
Epoch 208/500
51/51 - 2s - 49ms/step - loss: 0.6589 - val_loss: 0.6817
Epoch 209/500
51/51 - 2s - 49ms/step - loss: 0.6587 - val_loss: 0.6815
Epoch 210/500
51/51 - 2s - 49ms/step - loss: 0.6585 - val_loss: 0.6814
Epoch 211/500
51/51 - 2s - 49ms/step - loss: 0.6583 - val_loss: 0.6812
Epoch 212/500
51/51 - 2s - 49ms/step - loss: 0.6581 - val_loss: 0.6810
Epoch 213/500
51/51 - 2s - 49ms/step - loss: 0.6579 - val_loss: 0.6808
Epoch 214/500
51/51 - 2s - 49ms/step - loss: 0.6577 - val_loss: 0.6807
Epoch 215/500
51/51 - 2s - 49ms/step - loss: 0.6576 - val_loss: 0.6805
Epoch 216/500
51/51 - 2s - 49ms/step - loss: 0.6574 - val_loss: 0.6803
Epoch 217/500
51/51 - 2s - 48ms/step - loss: 0.6572 - val_loss: 0.6801
Epoch 218/500
51/51 - 2s - 49ms/step - loss: 0.6570 - val_loss: 0.6800
Epoch 219/500
51/51 - 2s - 49ms/step - loss: 0.6568 - val_loss: 0.6798
Epoch 220/500
51/51 - 2s - 49ms/step - loss: 0.6567 - val_loss: 0.6796
Epoch 221/500
51/51 - 2s - 49ms/step - loss: 0.6565 - val_loss: 0.6795
Epoch 222/500
51/51 - 2s - 48ms/step - loss: 0.6563 - val_loss: 0.6793
Epoch 223/500
51/51 - 2s - 49ms/step - loss: 0.6562 - val_loss: 0.6792
Epoch 224/500
51/51 - 240s - 5s/step - loss: 0.6560 - val_loss: 0.6790
Epoch 225/500
51/51 - 2s - 48ms/step - loss: 0.6558 - val_loss: 0.6788
Epoch 226/500
51/51 - 2s - 48ms/step - loss: 0.6557 - val_loss: 0.6787
Epoch 227/500
51/51 - 2s - 48ms/step - loss: 0.6555 - val_loss: 0.6785
Epoch 228/500
51/51 - 2s - 48ms/step - loss: 0.6553 - val_loss: 0.6784
Epoch 229/500
51/51 - 2s - 49ms/step - loss: 0.6552 - val_loss: 0.6782
Epoch 230/500
51/51 - 2s - 48ms/step - loss: 0.6550 - val_loss: 0.6781
Epoch 231/500
51/51 - 3s - 50ms/step - loss: 0.6549 - val_loss: 0.6779
Epoch 232/500
51/51 - 2s - 49ms/step - loss: 0.6547 - val_loss: 0.6778
Epoch 233/500
51/51 - 2s - 49ms/step - loss: 0.6546 - val_loss: 0.6776
Epoch 234/500
51/51 - 2s - 49ms/step - loss: 0.6544 - val_loss: 0.6775
Epoch 235/500
51/51 - 2s - 49ms/step - loss: 0.6542 - val_loss: 0.6773
Epoch 236/500
51/51 - 3s - 49ms/step - loss: 0.6541 - val_loss: 0.6772
Epoch 237/500
51/51 - 3s - 49ms/step - loss: 0.6540 - val_loss: 0.6770
Epoch 238/500
51/51 - 3s - 49ms/step - loss: 0.6538 - val_loss: 0.6769
Epoch 239/500
51/51 - 3s - 49ms/step - loss: 0.6537 - val_loss: 0.6768
Epoch 240/500
51/51 - 2s - 49ms/step - loss: 0.6535 - val_loss: 0.6766
Epoch 241/500
51/51 - 2s - 49ms/step - loss: 0.6534 - val_loss: 0.6765
Epoch 242/500
51/51 - 2s - 49ms/step - loss: 0.6532 - val_loss: 0.6764
Epoch 243/500
51/51 - 4s - 72ms/step - loss: 0.6531 - val_loss: 0.6762
Epoch 244/500
51/51 - 3s - 49ms/step - loss: 0.6530 - val_loss: 0.6761
Epoch 245/500
51/51 - 2s - 49ms/step - loss: 0.6528 - val_loss: 0.6760
Epoch 246/500
51/51 - 2s - 49ms/step - loss: 0.6527 - val_loss: 0.6758
Epoch 247/500
51/51 - 3s - 49ms/step - loss: 0.6526 - val_loss: 0.6757
Epoch 248/500
51/51 - 2s - 49ms/step - loss: 0.6524 - val_loss: 0.6756
Epoch 249/500
51/51 - 2s - 49ms/step - loss: 0.6523 - val_loss: 0.6754
Epoch 250/500
51/51 - 3s - 49ms/step - loss: 0.6522 - val_loss: 0.6753
Epoch 251/500
51/51 - 3s - 49ms/step - loss: 0.6520 - val_loss: 0.6752
Epoch 252/500
51/51 - 2s - 49ms/step - loss: 0.6519 - val_loss: 0.6750
Epoch 253/500
51/51 - 3s - 49ms/step - loss: 0.6518 - val_loss: 0.6749
Epoch 254/500
51/51 - 3s - 49ms/step - loss: 0.6517 - val_loss: 0.6748
Epoch 255/500
51/51 - 3s - 50ms/step - loss: 0.6515 - val_loss: 0.6747
Epoch 256/500
51/51 - 2s - 49ms/step - loss: 0.6514 - val_loss: 0.6746
Epoch 257/500
51/51 - 2s - 49ms/step - loss: 0.6513 - val_loss: 0.6744
Epoch 258/500
51/51 - 2s - 49ms/step - loss: 0.6512 - val_loss: 0.6743
Epoch 259/500
51/51 - 2s - 49ms/step - loss: 0.6510 - val_loss: 0.6742
Epoch 260/500
51/51 - 2s - 49ms/step - loss: 0.6509 - val_loss: 0.6741
Epoch 261/500
51/51 - 2s - 49ms/step - loss: 0.6508 - val_loss: 0.6740
Epoch 262/500
51/51 - 3s - 58ms/step - loss: 0.6507 - val_loss: 0.6738
Epoch 263/500
51/51 - 2s - 49ms/step - loss: 0.6506 - val_loss: 0.6737
Epoch 264/500
51/51 - 2s - 49ms/step - loss: 0.6505 - val_loss: 0.6736
Epoch 265/500
51/51 - 2s - 49ms/step - loss: 0.6504 - val_loss: 0.6735
Epoch 266/500
51/51 - 3s - 49ms/step - loss: 0.6502 - val_loss: 0.6734
Epoch 267/500
51/51 - 3s - 49ms/step - loss: 0.6501 - val_loss: 0.6733
Epoch 268/500
51/51 - 3s - 49ms/step - loss: 0.6500 - val_loss: 0.6732
Epoch 269/500
51/51 - 2s - 49ms/step - loss: 0.6499 - val_loss: 0.6731
Epoch 270/500
51/51 - 2s - 49ms/step - loss: 0.6498 - val_loss: 0.6730
Epoch 271/500
51/51 - 2s - 49ms/step - loss: 0.6497 - val_loss: 0.6729
Epoch 272/500
51/51 - 2s - 49ms/step - loss: 0.6496 - val_loss: 0.6727
Epoch 273/500
51/51 - 2s - 49ms/step - loss: 0.6495 - val_loss: 0.6726
Epoch 274/500
51/51 - 2s - 48ms/step - loss: 0.6494 - val_loss: 0.6725
Epoch 275/500
51/51 - 2s - 49ms/step - loss: 0.6493 - val_loss: 0.6724
Epoch 276/500
51/51 - 2s - 49ms/step - loss: 0.6492 - val_loss: 0.6723
Epoch 277/500
51/51 - 2s - 48ms/step - loss: 0.6491 - val_loss: 0.6722
Epoch 278/500
51/51 - 2s - 49ms/step - loss: 0.6490 - val_loss: 0.6721
Epoch 279/500
51/51 - 3s - 52ms/step - loss: 0.6489 - val_loss: 0.6720
Epoch 280/500
51/51 - 3s - 53ms/step - loss: 0.6488 - val_loss: 0.6719
Epoch 281/500
51/51 - 528s - 10s/step - loss: 0.6487 - val_loss: 0.6718
Epoch 282/500
51/51 - 3s - 52ms/step - loss: 0.6486 - val_loss: 0.6717
Epoch 283/500
51/51 - 3s - 59ms/step - loss: 0.6485 - val_loss: 0.6716
Epoch 284/500
51/51 - 3s - 55ms/step - loss: 0.6484 - val_loss: 0.6715
Epoch 285/500
51/51 - 3s - 59ms/step - loss: 0.6483 - val_loss: 0.6714
Epoch 286/500
51/51 - 3s - 51ms/step - loss: 0.6482 - val_loss: 0.6713
Epoch 287/500
51/51 - 3s - 51ms/step - loss: 0.6481 - val_loss: 0.6712
Epoch 288/500
51/51 - 3s - 49ms/step - loss: 0.6480 - val_loss: 0.6712
Epoch 289/500
51/51 - 3s - 50ms/step - loss: 0.6479 - val_loss: 0.6711
Epoch 290/500
51/51 - 3s - 49ms/step - loss: 0.6478 - val_loss: 0.6710
Epoch 291/500
51/51 - 3s - 50ms/step - loss: 0.6477 - val_loss: 0.6709
Epoch 292/500
51/51 - 3s - 50ms/step - loss: 0.6477 - val_loss: 0.6708
Epoch 293/500
51/51 - 3s - 50ms/step - loss: 0.6476 - val_loss: 0.6707
Epoch 294/500
51/51 - 3s - 51ms/step - loss: 0.6475 - val_loss: 0.6706
Epoch 295/500
51/51 - 3s - 51ms/step - loss: 0.6474 - val_loss: 0.6705
Epoch 296/500
51/51 - 3s - 49ms/step - loss: 0.6473 - val_loss: 0.6704
Epoch 297/500
51/51 - 3s - 49ms/step - loss: 0.6472 - val_loss: 0.6703
Epoch 298/500
51/51 - 3s - 51ms/step - loss: 0.6471 - val_loss: 0.6703
Epoch 299/500
51/51 - 2s - 49ms/step - loss: 0.6471 - val_loss: 0.6702
Epoch 300/500
51/51 - 2s - 49ms/step - loss: 0.6470 - val_loss: 0.6701
Epoch 301/500
51/51 - 3s - 49ms/step - loss: 0.6469 - val_loss: 0.6700
Epoch 302/500
51/51 - 3s - 49ms/step - loss: 0.6468 - val_loss: 0.6699
Epoch 303/500
51/51 - 3s - 50ms/step - loss: 0.6467 - val_loss: 0.6698
Epoch 304/500
51/51 - 2s - 49ms/step - loss: 0.6466 - val_loss: 0.6697
Epoch 305/500
51/51 - 2s - 49ms/step - loss: 0.6466 - val_loss: 0.6697
Epoch 306/500
51/51 - 2s - 49ms/step - loss: 0.6465 - val_loss: 0.6696
Epoch 307/500
51/51 - 3s - 49ms/step - loss: 0.6464 - val_loss: 0.6695
Epoch 308/500
51/51 - 2s - 49ms/step - loss: 0.6463 - val_loss: 0.6694
Epoch 309/500
51/51 - 3s - 49ms/step - loss: 0.6463 - val_loss: 0.6693
Epoch 310/500
51/51 - 3s - 49ms/step - loss: 0.6462 - val_loss: 0.6693
Epoch 311/500
51/51 - 3s - 49ms/step - loss: 0.6461 - val_loss: 0.6692
Epoch 312/500
51/51 - 3s - 49ms/step - loss: 0.6460 - val_loss: 0.6691
Epoch 313/500
51/51 - 2s - 49ms/step - loss: 0.6460 - val_loss: 0.6690
Epoch 314/500
51/51 - 3s - 49ms/step - loss: 0.6459 - val_loss: 0.6690
Epoch 315/500
51/51 - 3s - 49ms/step - loss: 0.6458 - val_loss: 0.6689
Epoch 316/500
51/51 - 3s - 49ms/step - loss: 0.6457 - val_loss: 0.6688
Epoch 317/500
51/51 - 2s - 49ms/step - loss: 0.6457 - val_loss: 0.6687
Epoch 318/500
51/51 - 2s - 49ms/step - loss: 0.6456 - val_loss: 0.6687
Epoch 319/500
51/51 - 3s - 49ms/step - loss: 0.6455 - val_loss: 0.6686
Epoch 320/500
51/51 - 3s - 49ms/step - loss: 0.6454 - val_loss: 0.6685
Epoch 321/500
51/51 - 3s - 49ms/step - loss: 0.6454 - val_loss: 0.6684
Epoch 322/500
51/51 - 3s - 49ms/step - loss: 0.6453 - val_loss: 0.6684
Epoch 323/500
51/51 - 3s - 49ms/step - loss: 0.6452 - val_loss: 0.6683
Epoch 324/500
51/51 - 2s - 49ms/step - loss: 0.6452 - val_loss: 0.6682
Epoch 325/500
51/51 - 3s - 49ms/step - loss: 0.6451 - val_loss: 0.6681
Epoch 326/500
51/51 - 3s - 49ms/step - loss: 0.6450 - val_loss: 0.6681
Epoch 327/500
51/51 - 3s - 50ms/step - loss: 0.6450 - val_loss: 0.6680
Epoch 328/500
51/51 - 3s - 49ms/step - loss: 0.6449 - val_loss: 0.6679
Epoch 329/500
51/51 - 3s - 49ms/step - loss: 0.6448 - val_loss: 0.6679
Epoch 330/500
51/51 - 3s - 49ms/step - loss: 0.6448 - val_loss: 0.6678
Epoch 331/500
51/51 - 2s - 49ms/step - loss: 0.6447 - val_loss: 0.6677
Epoch 332/500
51/51 - 3s - 49ms/step - loss: 0.6446 - val_loss: 0.6677
Epoch 333/500
51/51 - 3s - 49ms/step - loss: 0.6446 - val_loss: 0.6676
Epoch 334/500
51/51 - 3s - 49ms/step - loss: 0.6445 - val_loss: 0.6675
Epoch 335/500
51/51 - 3s - 49ms/step - loss: 0.6444 - val_loss: 0.6675
Epoch 336/500
51/51 - 3s - 49ms/step - loss: 0.6444 - val_loss: 0.6674
Epoch 337/500
51/51 - 3s - 49ms/step - loss: 0.6443 - val_loss: 0.6673
Epoch 338/500
51/51 - 3s - 49ms/step - loss: 0.6443 - val_loss: 0.6673
Epoch 339/500
51/51 - 3s - 49ms/step - loss: 0.6442 - val_loss: 0.6672
Epoch 340/500
51/51 - 3s - 49ms/step - loss: 0.6441 - val_loss: 0.6671
Epoch 341/500
51/51 - 3s - 49ms/step - loss: 0.6441 - val_loss: 0.6671
Epoch 342/500
51/51 - 3s - 49ms/step - loss: 0.6440 - val_loss: 0.6670
Epoch 343/500
51/51 - 3s - 50ms/step - loss: 0.6440 - val_loss: 0.6670
Epoch 344/500
51/51 - 3s - 49ms/step - loss: 0.6439 - val_loss: 0.6669
Epoch 345/500
51/51 - 3s - 49ms/step - loss: 0.6438 - val_loss: 0.6668
Epoch 346/500
51/51 - 2s - 49ms/step - loss: 0.6438 - val_loss: 0.6668
Epoch 347/500
51/51 - 3s - 49ms/step - loss: 0.6437 - val_loss: 0.6667
Epoch 348/500
51/51 - 3s - 49ms/step - loss: 0.6437 - val_loss: 0.6666
Epoch 349/500
51/51 - 3s - 49ms/step - loss: 0.6436 - val_loss: 0.6666
Epoch 350/500
51/51 - 2s - 49ms/step - loss: 0.6436 - val_loss: 0.6665
Epoch 351/500
51/51 - 3s - 50ms/step - loss: 0.6435 - val_loss: 0.6665
Epoch 352/500
51/51 - 3s - 49ms/step - loss: 0.6434 - val_loss: 0.6664
Epoch 353/500
51/51 - 3s - 49ms/step - loss: 0.6434 - val_loss: 0.6664
Epoch 354/500
51/51 - 2s - 49ms/step - loss: 0.6433 - val_loss: 0.6663
Epoch 355/500
51/51 - 3s - 49ms/step - loss: 0.6433 - val_loss: 0.6662
Epoch 356/500
51/51 - 2s - 49ms/step - loss: 0.6432 - val_loss: 0.6662
Epoch 357/500
51/51 - 3s - 50ms/step - loss: 0.6432 - val_loss: 0.6661
Epoch 358/500
51/51 - 3s - 49ms/step - loss: 0.6431 - val_loss: 0.6661
Epoch 359/500
51/51 - 3s - 49ms/step - loss: 0.6431 - val_loss: 0.6660
Epoch 360/500
51/51 - 3s - 49ms/step - loss: 0.6430 - val_loss: 0.6660
Epoch 361/500
51/51 - 3s - 49ms/step - loss: 0.6430 - val_loss: 0.6659
Epoch 362/500
51/51 - 3s - 49ms/step - loss: 0.6429 - val_loss: 0.6658
Epoch 363/500
51/51 - 3s - 49ms/step - loss: 0.6429 - val_loss: 0.6658
Epoch 364/500
51/51 - 2s - 49ms/step - loss: 0.6428 - val_loss: 0.6657
Epoch 365/500
51/51 - 3s - 49ms/step - loss: 0.6428 - val_loss: 0.6657
Epoch 366/500
51/51 - 3s - 49ms/step - loss: 0.6427 - val_loss: 0.6656
Epoch 367/500
51/51 - 3s - 49ms/step - loss: 0.6427 - val_loss: 0.6656
Epoch 368/500
51/51 - 3s - 49ms/step - loss: 0.6426 - val_loss: 0.6655
Epoch 369/500
51/51 - 3s - 49ms/step - loss: 0.6426 - val_loss: 0.6655
Epoch 370/500
51/51 - 3s - 49ms/step - loss: 0.6425 - val_loss: 0.6654
Epoch 371/500
51/51 - 3s - 49ms/step - loss: 0.6425 - val_loss: 0.6654
Epoch 372/500
51/51 - 3s - 49ms/step - loss: 0.6424 - val_loss: 0.6653
Epoch 373/500
51/51 - 2s - 49ms/step - loss: 0.6424 - val_loss: 0.6653
Epoch 374/500
51/51 - 2s - 49ms/step - loss: 0.6423 - val_loss: 0.6652
Epoch 375/500
51/51 - 3s - 49ms/step - loss: 0.6423 - val_loss: 0.6652
Epoch 376/500
51/51 - 3s - 50ms/step - loss: 0.6422 - val_loss: 0.6651
Epoch 377/500
51/51 - 2s - 49ms/step - loss: 0.6422 - val_loss: 0.6651
Epoch 378/500
51/51 - 3s - 49ms/step - loss: 0.6421 - val_loss: 0.6650
Epoch 379/500
51/51 - 3s - 49ms/step - loss: 0.6421 - val_loss: 0.6650
Epoch 380/500
51/51 - 3s - 49ms/step - loss: 0.6420 - val_loss: 0.6649
Epoch 381/500
51/51 - 3s - 49ms/step - loss: 0.6420 - val_loss: 0.6649
Epoch 382/500
51/51 - 3s - 50ms/step - loss: 0.6419 - val_loss: 0.6648
Epoch 383/500
51/51 - 3s - 49ms/step - loss: 0.6419 - val_loss: 0.6648
Epoch 384/500
51/51 - 3s - 49ms/step - loss: 0.6418 - val_loss: 0.6647
Epoch 385/500
51/51 - 2s - 49ms/step - loss: 0.6418 - val_loss: 0.6647
Epoch 386/500
51/51 - 3s - 49ms/step - loss: 0.6417 - val_loss: 0.6646
Epoch 387/500
51/51 - 3s - 49ms/step - loss: 0.6417 - val_loss: 0.6646
Epoch 388/500
51/51 - 3s - 49ms/step - loss: 0.6417 - val_loss: 0.6645
Epoch 389/500
51/51 - 3s - 49ms/step - loss: 0.6416 - val_loss: 0.6645
Epoch 390/500
51/51 - 3s - 49ms/step - loss: 0.6416 - val_loss: 0.6644
Epoch 391/500
51/51 - 3s - 49ms/step - loss: 0.6415 - val_loss: 0.6644
Epoch 392/500
51/51 - 3s - 49ms/step - loss: 0.6415 - val_loss: 0.6644
Epoch 393/500
51/51 - 3s - 49ms/step - loss: 0.6414 - val_loss: 0.6643
Epoch 394/500
51/51 - 2s - 49ms/step - loss: 0.6414 - val_loss: 0.6643
Epoch 395/500
51/51 - 3s - 49ms/step - loss: 0.6414 - val_loss: 0.6642
Epoch 396/500
51/51 - 3s - 49ms/step - loss: 0.6413 - val_loss: 0.6642
Epoch 397/500
51/51 - 3s - 49ms/step - loss: 0.6413 - val_loss: 0.6641
Epoch 398/500
51/51 - 2s - 49ms/step - loss: 0.6412 - val_loss: 0.6641
Epoch 399/500
51/51 - 3s - 49ms/step - loss: 0.6412 - val_loss: 0.6640
Epoch 400/500
51/51 - 3s - 50ms/step - loss: 0.6411 - val_loss: 0.6640
Epoch 401/500
51/51 - 3s - 49ms/step - loss: 0.6411 - val_loss: 0.6640
Epoch 402/500
51/51 - 3s - 49ms/step - loss: 0.6411 - val_loss: 0.6639
Epoch 403/500
51/51 - 3s - 49ms/step - loss: 0.6410 - val_loss: 0.6639
Epoch 404/500
51/51 - 2s - 49ms/step - loss: 0.6410 - val_loss: 0.6638
Epoch 405/500
51/51 - 3s - 49ms/step - loss: 0.6409 - val_loss: 0.6638
Epoch 406/500
51/51 - 3s - 49ms/step - loss: 0.6409 - val_loss: 0.6637
Epoch 407/500
51/51 - 3s - 49ms/step - loss: 0.6409 - val_loss: 0.6637
Epoch 408/500
51/51 - 3s - 49ms/step - loss: 0.6408 - val_loss: 0.6637
Epoch 409/500
51/51 - 3s - 49ms/step - loss: 0.6408 - val_loss: 0.6636
Epoch 410/500
51/51 - 3s - 49ms/step - loss: 0.6407 - val_loss: 0.6636
Epoch 411/500
51/51 - 3s - 49ms/step - loss: 0.6407 - val_loss: 0.6635
Epoch 412/500
51/51 - 3s - 49ms/step - loss: 0.6407 - val_loss: 0.6635
Epoch 413/500
51/51 - 2s - 49ms/step - loss: 0.6406 - val_loss: 0.6635
Epoch 414/500
51/51 - 3s - 49ms/step - loss: 0.6406 - val_loss: 0.6634
Epoch 415/500
51/51 - 2s - 49ms/step - loss: 0.6406 - val_loss: 0.6634
Epoch 416/500
51/51 - 2s - 49ms/step - loss: 0.6405 - val_loss: 0.6633
Epoch 417/500
51/51 - 2s - 49ms/step - loss: 0.6405 - val_loss: 0.6633
Epoch 418/500
51/51 - 2s - 49ms/step - loss: 0.6404 - val_loss: 0.6633
Epoch 419/500
51/51 - 2s - 49ms/step - loss: 0.6404 - val_loss: 0.6632
Epoch 420/500
51/51 - 2s - 49ms/step - loss: 0.6404 - val_loss: 0.6632
Epoch 421/500
51/51 - 2s - 49ms/step - loss: 0.6403 - val_loss: 0.6631
Epoch 422/500
51/51 - 3s - 49ms/step - loss: 0.6403 - val_loss: 0.6631
Epoch 423/500
51/51 - 3s - 49ms/step - loss: 0.6403 - val_loss: 0.6631
Epoch 424/500
51/51 - 3s - 50ms/step - loss: 0.6402 - val_loss: 0.6630
Epoch 425/500
51/51 - 3s - 49ms/step - loss: 0.6402 - val_loss: 0.6630
Epoch 426/500
51/51 - 3s - 49ms/step - loss: 0.6401 - val_loss: 0.6630
Epoch 427/500
51/51 - 3s - 49ms/step - loss: 0.6401 - val_loss: 0.6629
Epoch 428/500
51/51 - 2s - 49ms/step - loss: 0.6401 - val_loss: 0.6629
Epoch 429/500
51/51 - 3s - 50ms/step - loss: 0.6400 - val_loss: 0.6628
Epoch 430/500
51/51 - 3s - 49ms/step - loss: 0.6400 - val_loss: 0.6628
Epoch 431/500
51/51 - 2s - 49ms/step - loss: 0.6400 - val_loss: 0.6628
Epoch 432/500
51/51 - 3s - 49ms/step - loss: 0.6399 - val_loss: 0.6627
Epoch 433/500
51/51 - 2s - 49ms/step - loss: 0.6399 - val_loss: 0.6627
Epoch 434/500
51/51 - 2s - 49ms/step - loss: 0.6399 - val_loss: 0.6627
Epoch 435/500
51/51 - 3s - 49ms/step - loss: 0.6398 - val_loss: 0.6626
Epoch 436/500
51/51 - 3s - 49ms/step - loss: 0.6398 - val_loss: 0.6626
Epoch 437/500
51/51 - 3s - 49ms/step - loss: 0.6398 - val_loss: 0.6626
Epoch 438/500
51/51 - 3s - 49ms/step - loss: 0.6397 - val_loss: 0.6625
Epoch 439/500
51/51 - 3s - 49ms/step - loss: 0.6397 - val_loss: 0.6625
Epoch 440/500
51/51 - 3s - 49ms/step - loss: 0.6397 - val_loss: 0.6625
Epoch 441/500
51/51 - 3s - 49ms/step - loss: 0.6396 - val_loss: 0.6624
Epoch 442/500
51/51 - 3s - 49ms/step - loss: 0.6396 - val_loss: 0.6624
Epoch 443/500
51/51 - 3s - 49ms/step - loss: 0.6396 - val_loss: 0.6624
Epoch 444/500
51/51 - 3s - 49ms/step - loss: 0.6395 - val_loss: 0.6623
Epoch 445/500
51/51 - 3s - 49ms/step - loss: 0.6395 - val_loss: 0.6623
Epoch 446/500
51/51 - 3s - 49ms/step - loss: 0.6395 - val_loss: 0.6623
Epoch 447/500
51/51 - 3s - 49ms/step - loss: 0.6394 - val_loss: 0.6622
Epoch 448/500
51/51 - 3s - 49ms/step - loss: 0.6394 - val_loss: 0.6622
Epoch 449/500
51/51 - 3s - 50ms/step - loss: 0.6394 - val_loss: 0.6622
Epoch 450/500
51/51 - 3s - 49ms/step - loss: 0.6393 - val_loss: 0.6621
Epoch 451/500
51/51 - 3s - 49ms/step - loss: 0.6393 - val_loss: 0.6621
Epoch 452/500
51/51 - 3s - 49ms/step - loss: 0.6393 - val_loss: 0.6621
Epoch 453/500
51/51 - 2s - 49ms/step - loss: 0.6392 - val_loss: 0.6620
Epoch 454/500
51/51 - 3s - 49ms/step - loss: 0.6392 - val_loss: 0.6620
Epoch 455/500
51/51 - 3s - 49ms/step - loss: 0.6392 - val_loss: 0.6620
Epoch 456/500
51/51 - 3s - 49ms/step - loss: 0.6391 - val_loss: 0.6619
Epoch 457/500
51/51 - 3s - 49ms/step - loss: 0.6391 - val_loss: 0.6619
Epoch 458/500
51/51 - 3s - 49ms/step - loss: 0.6391 - val_loss: 0.6619
Epoch 459/500
51/51 - 2s - 49ms/step - loss: 0.6390 - val_loss: 0.6618
Epoch 460/500
51/51 - 2s - 49ms/step - loss: 0.6390 - val_loss: 0.6618
Epoch 461/500
51/51 - 2s - 49ms/step - loss: 0.6390 - val_loss: 0.6618
Epoch 462/500
51/51 - 3s - 49ms/step - loss: 0.6389 - val_loss: 0.6617
Epoch 463/500
51/51 - 3s - 49ms/step - loss: 0.6389 - val_loss: 0.6617
Epoch 464/500
51/51 - 3s - 49ms/step - loss: 0.6389 - val_loss: 0.6617
Epoch 465/500
51/51 - 2s - 49ms/step - loss: 0.6389 - val_loss: 0.6616
Epoch 466/500
51/51 - 3s - 49ms/step - loss: 0.6388 - val_loss: 0.6616
Epoch 467/500
51/51 - 3s - 49ms/step - loss: 0.6388 - val_loss: 0.6616
Epoch 468/500
51/51 - 3s - 49ms/step - loss: 0.6388 - val_loss: 0.6616
Epoch 469/500
51/51 - 3s - 49ms/step - loss: 0.6387 - val_loss: 0.6615
Epoch 470/500
51/51 - 3s - 49ms/step - loss: 0.6387 - val_loss: 0.6615
Epoch 471/500
51/51 - 3s - 49ms/step - loss: 0.6387 - val_loss: 0.6615
Epoch 472/500
51/51 - 3s - 49ms/step - loss: 0.6386 - val_loss: 0.6614
Epoch 473/500
51/51 - 3s - 50ms/step - loss: 0.6386 - val_loss: 0.6614
Epoch 474/500
51/51 - 2s - 49ms/step - loss: 0.6386 - val_loss: 0.6614
Epoch 475/500
51/51 - 2s - 49ms/step - loss: 0.6386 - val_loss: 0.6613
Epoch 476/500
51/51 - 2s - 49ms/step - loss: 0.6385 - val_loss: 0.6613
Epoch 477/500
51/51 - 2s - 49ms/step - loss: 0.6385 - val_loss: 0.6613
Epoch 478/500
51/51 - 2s - 49ms/step - loss: 0.6385 - val_loss: 0.6613
Epoch 479/500
51/51 - 2s - 49ms/step - loss: 0.6384 - val_loss: 0.6612
Epoch 480/500
51/51 - 2s - 49ms/step - loss: 0.6384 - val_loss: 0.6612
Epoch 481/500
51/51 - 2s - 49ms/step - loss: 0.6384 - val_loss: 0.6612
Epoch 482/500
51/51 - 3s - 49ms/step - loss: 0.6384 - val_loss: 0.6611
Epoch 483/500
51/51 - 2s - 49ms/step - loss: 0.6383 - val_loss: 0.6611
Epoch 484/500
51/51 - 2s - 49ms/step - loss: 0.6383 - val_loss: 0.6611
Epoch 485/500
51/51 - 2s - 49ms/step - loss: 0.6383 - val_loss: 0.6611
Epoch 486/500
51/51 - 3s - 49ms/step - loss: 0.6382 - val_loss: 0.6610
Epoch 487/500
51/51 - 3s - 49ms/step - loss: 0.6382 - val_loss: 0.6610
Epoch 488/500
51/51 - 3s - 49ms/step - loss: 0.6382 - val_loss: 0.6610
Epoch 489/500
51/51 - 3s - 49ms/step - loss: 0.6382 - val_loss: 0.6610
Epoch 490/500
51/51 - 3s - 49ms/step - loss: 0.6381 - val_loss: 0.6609
Epoch 491/500
51/51 - 3s - 49ms/step - loss: 0.6381 - val_loss: 0.6609
Epoch 492/500
51/51 - 3s - 49ms/step - loss: 0.6381 - val_loss: 0.6609
Epoch 493/500
51/51 - 3s - 49ms/step - loss: 0.6381 - val_loss: 0.6608
Epoch 494/500
51/51 - 3s - 49ms/step - loss: 0.6380 - val_loss: 0.6608
Epoch 495/500
51/51 - 3s - 49ms/step - loss: 0.6380 - val_loss: 0.6608
Epoch 496/500
51/51 - 2s - 49ms/step - loss: 0.6380 - val_loss: 0.6608
Epoch 497/500
51/51 - 3s - 50ms/step - loss: 0.6379 - val_loss: 0.6607
Epoch 498/500
51/51 - 2s - 49ms/step - loss: 0.6379 - val_loss: 0.6607
Epoch 499/500
51/51 - 2s - 49ms/step - loss: 0.6379 - val_loss: 0.6607
Epoch 500/500
51/51 - 2s - 49ms/step - loss: 0.6379 - val_loss: 0.6607
[Run 2/5] Training shared encoder (weighted, sigmoid head, baseline preprocessing)...
Epoch 1/500
51/51 - 3s - 57ms/step - loss: 0.9931 - val_loss: 0.9937
Epoch 2/500
51/51 - 3s - 55ms/step - loss: 0.9721 - val_loss: 0.9771
Epoch 3/500
51/51 - 3s - 56ms/step - loss: 0.9538 - val_loss: 0.9614
Epoch 4/500
51/51 - 3s - 54ms/step - loss: 0.9368 - val_loss: 0.9465
Epoch 5/500
51/51 - 3s - 54ms/step - loss: 0.9207 - val_loss: 0.9322
Epoch 6/500
51/51 - 3s - 54ms/step - loss: 0.9054 - val_loss: 0.9188
Epoch 7/500
51/51 - 3s - 54ms/step - loss: 0.8920 - val_loss: 0.9073
Epoch 8/500
51/51 - 3s - 54ms/step - loss: 0.8808 - val_loss: 0.8976
Epoch 9/500
51/51 - 3s - 54ms/step - loss: 0.8713 - val_loss: 0.8892
Epoch 10/500
51/51 - 3s - 54ms/step - loss: 0.8631 - val_loss: 0.8818
Epoch 11/500
51/51 - 3s - 54ms/step - loss: 0.8560 - val_loss: 0.8753
Epoch 12/500
51/51 - 3s - 54ms/step - loss: 0.8496 - val_loss: 0.8694
Epoch 13/500
51/51 - 3s - 54ms/step - loss: 0.8438 - val_loss: 0.8640
Epoch 14/500
51/51 - 3s - 54ms/step - loss: 0.8386 - val_loss: 0.8591
Epoch 15/500
51/51 - 3s - 54ms/step - loss: 0.8337 - val_loss: 0.8545
Epoch 16/500
51/51 - 3s - 53ms/step - loss: 0.8293 - val_loss: 0.8503
Epoch 17/500
51/51 - 3s - 53ms/step - loss: 0.8251 - val_loss: 0.8463
Epoch 18/500
51/51 - 3s - 54ms/step - loss: 0.8211 - val_loss: 0.8424
Epoch 19/500
51/51 - 3s - 54ms/step - loss: 0.8174 - val_loss: 0.8388
Epoch 20/500
51/51 - 3s - 54ms/step - loss: 0.8138 - val_loss: 0.8354
Epoch 21/500
51/51 - 3s - 53ms/step - loss: 0.8104 - val_loss: 0.8321
Epoch 22/500
51/51 - 3s - 54ms/step - loss: 0.8071 - val_loss: 0.8289
Epoch 23/500
51/51 - 3s - 54ms/step - loss: 0.8040 - val_loss: 0.8258
Epoch 24/500
51/51 - 3s - 54ms/step - loss: 0.8010 - val_loss: 0.8228
Epoch 25/500
51/51 - 3s - 54ms/step - loss: 0.7981 - val_loss: 0.8199
Epoch 26/500
51/51 - 3s - 53ms/step - loss: 0.7952 - val_loss: 0.8171
Epoch 27/500
51/51 - 3s - 54ms/step - loss: 0.7925 - val_loss: 0.8144
Epoch 28/500
51/51 - 3s - 54ms/step - loss: 0.7898 - val_loss: 0.8117
Epoch 29/500
51/51 - 3s - 53ms/step - loss: 0.7872 - val_loss: 0.8091
Epoch 30/500
51/51 - 3s - 54ms/step - loss: 0.7847 - val_loss: 0.8066
Epoch 31/500
51/51 - 3s - 54ms/step - loss: 0.7822 - val_loss: 0.8041
Epoch 32/500
51/51 - 3s - 54ms/step - loss: 0.7798 - val_loss: 0.8016
Epoch 33/500
51/51 - 3s - 54ms/step - loss: 0.7774 - val_loss: 0.7992
Epoch 34/500
51/51 - 3s - 54ms/step - loss: 0.7751 - val_loss: 0.7969
Epoch 35/500
51/51 - 3s - 55ms/step - loss: 0.7728 - val_loss: 0.7945
Epoch 36/500
51/51 - 3s - 62ms/step - loss: 0.7706 - val_loss: 0.7922
Epoch 37/500
51/51 - 3s - 54ms/step - loss: 0.7684 - val_loss: 0.7900
Epoch 38/500
51/51 - 3s - 54ms/step - loss: 0.7663 - val_loss: 0.7878
Epoch 39/500
51/51 - 3s - 54ms/step - loss: 0.7642 - val_loss: 0.7856
Epoch 40/500
51/51 - 3s - 54ms/step - loss: 0.7622 - val_loss: 0.7834
Epoch 41/500
51/51 - 3s - 54ms/step - loss: 0.7602 - val_loss: 0.7814
Epoch 42/500
51/51 - 3s - 55ms/step - loss: 0.7583 - val_loss: 0.7793
Epoch 43/500
51/51 - 3s - 54ms/step - loss: 0.7564 - val_loss: 0.7774
Epoch 44/500
51/51 - 3s - 54ms/step - loss: 0.7546 - val_loss: 0.7754
Epoch 45/500
51/51 - 3s - 53ms/step - loss: 0.7528 - val_loss: 0.7736
Epoch 46/500
51/51 - 3s - 54ms/step - loss: 0.7511 - val_loss: 0.7718
Epoch 47/500
51/51 - 3s - 54ms/step - loss: 0.7494 - val_loss: 0.7700
Epoch 48/500
51/51 - 3s - 54ms/step - loss: 0.7478 - val_loss: 0.7683
Epoch 49/500
51/51 - 3s - 54ms/step - loss: 0.7463 - val_loss: 0.7667
Epoch 50/500
51/51 - 3s - 54ms/step - loss: 0.7448 - val_loss: 0.7651
Epoch 51/500
51/51 - 3s - 54ms/step - loss: 0.7433 - val_loss: 0.7635
Epoch 52/500
51/51 - 3s - 54ms/step - loss: 0.7419 - val_loss: 0.7620
Epoch 53/500
51/51 - 491s - 10s/step - loss: 0.7405 - val_loss: 0.7606
Epoch 54/500
51/51 - 3s - 55ms/step - loss: 0.7392 - val_loss: 0.7592
Epoch 55/500
51/51 - 3s - 52ms/step - loss: 0.7379 - val_loss: 0.7578
Epoch 56/500
51/51 - 3s - 53ms/step - loss: 0.7366 - val_loss: 0.7565
Epoch 57/500
51/51 - 3s - 53ms/step - loss: 0.7354 - val_loss: 0.7552
Epoch 58/500
51/51 - 3s - 53ms/step - loss: 0.7342 - val_loss: 0.7539
Epoch 59/500
51/51 - 3s - 53ms/step - loss: 0.7330 - val_loss: 0.7527
Epoch 60/500
51/51 - 3s - 53ms/step - loss: 0.7319 - val_loss: 0.7515
Epoch 61/500
51/51 - 3s - 53ms/step - loss: 0.7308 - val_loss: 0.7504
Epoch 62/500
51/51 - 3s - 53ms/step - loss: 0.7297 - val_loss: 0.7493
Epoch 63/500
51/51 - 3s - 54ms/step - loss: 0.7287 - val_loss: 0.7482
Epoch 64/500
51/51 - 3s - 55ms/step - loss: 0.7277 - val_loss: 0.7471
Epoch 65/500
51/51 - 3s - 54ms/step - loss: 0.7267 - val_loss: 0.7461
Epoch 66/500
51/51 - 3s - 54ms/step - loss: 0.7257 - val_loss: 0.7451
Epoch 67/500
51/51 - 3s - 54ms/step - loss: 0.7247 - val_loss: 0.7441
Epoch 68/500
51/51 - 3s - 54ms/step - loss: 0.7238 - val_loss: 0.7432
Epoch 69/500
51/51 - 3s - 54ms/step - loss: 0.7229 - val_loss: 0.7423
Epoch 70/500
51/51 - 3s - 54ms/step - loss: 0.7220 - val_loss: 0.7414
Epoch 71/500
51/51 - 6s - 125ms/step - loss: 0.7212 - val_loss: 0.7405
Epoch 72/500
51/51 - 3s - 54ms/step - loss: 0.7203 - val_loss: 0.7396
Epoch 73/500
51/51 - 3s - 54ms/step - loss: 0.7195 - val_loss: 0.7388
Epoch 74/500
51/51 - 3s - 54ms/step - loss: 0.7187 - val_loss: 0.7380
Epoch 75/500
51/51 - 3s - 54ms/step - loss: 0.7179 - val_loss: 0.7372
Epoch 76/500
51/51 - 3s - 54ms/step - loss: 0.7171 - val_loss: 0.7364
Epoch 77/500
51/51 - 3s - 54ms/step - loss: 0.7164 - val_loss: 0.7357
Epoch 78/500
51/51 - 3s - 54ms/step - loss: 0.7156 - val_loss: 0.7349
Epoch 79/500
51/51 - 3s - 54ms/step - loss: 0.7149 - val_loss: 0.7342
Epoch 80/500
51/51 - 3s - 54ms/step - loss: 0.7142 - val_loss: 0.7335
Epoch 81/500
51/51 - 3s - 55ms/step - loss: 0.7135 - val_loss: 0.7328
Epoch 82/500
51/51 - 3s - 54ms/step - loss: 0.7128 - val_loss: 0.7321
Epoch 83/500
51/51 - 3s - 54ms/step - loss: 0.7121 - val_loss: 0.7314
Epoch 84/500
51/51 - 3s - 54ms/step - loss: 0.7114 - val_loss: 0.7308
Epoch 85/500
51/51 - 3s - 54ms/step - loss: 0.7108 - val_loss: 0.7301
Epoch 86/500
51/51 - 3s - 55ms/step - loss: 0.7101 - val_loss: 0.7295
Epoch 87/500
51/51 - 3s - 54ms/step - loss: 0.7095 - val_loss: 0.7289
Epoch 88/500
51/51 - 959s - 19s/step - loss: 0.7088 - val_loss: 0.7283
Epoch 89/500
51/51 - 3s - 51ms/step - loss: 0.7082 - val_loss: 0.7277
Epoch 90/500
51/51 - 3s - 51ms/step - loss: 0.7076 - val_loss: 0.7271
Epoch 91/500
51/51 - 3s - 52ms/step - loss: 0.7070 - val_loss: 0.7265
Epoch 92/500
51/51 - 3s - 52ms/step - loss: 0.7064 - val_loss: 0.7260
Epoch 93/500
51/51 - 3s - 52ms/step - loss: 0.7058 - val_loss: 0.7254
Epoch 94/500
51/51 - 3s - 52ms/step - loss: 0.7052 - val_loss: 0.7249
Epoch 95/500
51/51 - 3s - 52ms/step - loss: 0.7046 - val_loss: 0.7243
Epoch 96/500
51/51 - 3s - 53ms/step - loss: 0.7041 - val_loss: 0.7238
Epoch 97/500
51/51 - 3s - 53ms/step - loss: 0.7035 - val_loss: 0.7233
Epoch 98/500
51/51 - 3s - 53ms/step - loss: 0.7030 - val_loss: 0.7228
Epoch 99/500
51/51 - 3s - 53ms/step - loss: 0.7024 - val_loss: 0.7223
Epoch 100/500
51/51 - 3s - 53ms/step - loss: 0.7019 - val_loss: 0.7218
Epoch 101/500
51/51 - 3s - 53ms/step - loss: 0.7013 - val_loss: 0.7213
Epoch 102/500
51/51 - 3s - 53ms/step - loss: 0.7008 - val_loss: 0.7208
Epoch 103/500
51/51 - 3s - 54ms/step - loss: 0.7003 - val_loss: 0.7203
Epoch 104/500
51/51 - 3s - 54ms/step - loss: 0.6998 - val_loss: 0.7199
Epoch 105/500
51/51 - 325s - 6s/step - loss: 0.6993 - val_loss: 0.7194
Epoch 106/500
51/51 - 3s - 50ms/step - loss: 0.6987 - val_loss: 0.7189
Epoch 107/500
51/51 - 3s - 52ms/step - loss: 0.6982 - val_loss: 0.7185
Epoch 108/500
51/51 - 3s - 51ms/step - loss: 0.6977 - val_loss: 0.7181
Epoch 109/500
51/51 - 3s - 53ms/step - loss: 0.6972 - val_loss: 0.7176
Epoch 110/500
51/51 - 3s - 52ms/step - loss: 0.6968 - val_loss: 0.7172
Epoch 111/500
51/51 - 3s - 52ms/step - loss: 0.6963 - val_loss: 0.7168
Epoch 112/500
51/51 - 3s - 53ms/step - loss: 0.6958 - val_loss: 0.7163
Epoch 113/500
51/51 - 3s - 53ms/step - loss: 0.6953 - val_loss: 0.7159
Epoch 114/500
51/51 - 3s - 53ms/step - loss: 0.6949 - val_loss: 0.7155
Epoch 115/500
51/51 - 3s - 53ms/step - loss: 0.6944 - val_loss: 0.7151
Epoch 116/500
51/51 - 3s - 53ms/step - loss: 0.6939 - val_loss: 0.7147
Epoch 117/500
51/51 - 3s - 53ms/step - loss: 0.6935 - val_loss: 0.7143
Epoch 118/500
51/51 - 3s - 53ms/step - loss: 0.6930 - val_loss: 0.7139
Epoch 119/500
51/51 - 3s - 54ms/step - loss: 0.6926 - val_loss: 0.7135
Epoch 120/500
51/51 - 3s - 54ms/step - loss: 0.6922 - val_loss: 0.7131
Epoch 121/500
51/51 - 3s - 54ms/step - loss: 0.6917 - val_loss: 0.7128
Epoch 122/500
51/51 - 3s - 54ms/step - loss: 0.6913 - val_loss: 0.7124
Epoch 123/500
51/51 - 966s - 19s/step - loss: 0.6909 - val_loss: 0.7120
Epoch 124/500
51/51 - 3s - 51ms/step - loss: 0.6905 - val_loss: 0.7117
Epoch 125/500
51/51 - 3s - 51ms/step - loss: 0.6901 - val_loss: 0.7113
Epoch 126/500
51/51 - 3s - 51ms/step - loss: 0.6896 - val_loss: 0.7110
Epoch 127/500
51/51 - 3s - 51ms/step - loss: 0.6892 - val_loss: 0.7106
Epoch 128/500
51/51 - 3s - 52ms/step - loss: 0.6888 - val_loss: 0.7103
Epoch 129/500
51/51 - 3s - 56ms/step - loss: 0.6884 - val_loss: 0.7099
Epoch 130/500
51/51 - 3s - 52ms/step - loss: 0.6881 - val_loss: 0.7096
Epoch 131/500
51/51 - 3s - 54ms/step - loss: 0.6877 - val_loss: 0.7092
Epoch 132/500
51/51 - 3s - 52ms/step - loss: 0.6873 - val_loss: 0.7089
Epoch 133/500
51/51 - 3s - 53ms/step - loss: 0.6869 - val_loss: 0.7086
Epoch 134/500
51/51 - 3s - 53ms/step - loss: 0.6865 - val_loss: 0.7083
Epoch 135/500
51/51 - 3s - 53ms/step - loss: 0.6862 - val_loss: 0.7079
Epoch 136/500
51/51 - 3s - 53ms/step - loss: 0.6858 - val_loss: 0.7076
Epoch 137/500
51/51 - 3s - 53ms/step - loss: 0.6854 - val_loss: 0.7073
Epoch 138/500
51/51 - 3s - 53ms/step - loss: 0.6851 - val_loss: 0.7070
Epoch 139/500
51/51 - 3s - 53ms/step - loss: 0.6847 - val_loss: 0.7067
Epoch 140/500
51/51 - 960s - 19s/step - loss: 0.6844 - val_loss: 0.7064
Epoch 141/500
51/51 - 3s - 51ms/step - loss: 0.6841 - val_loss: 0.7061
Epoch 142/500
51/51 - 3s - 51ms/step - loss: 0.6837 - val_loss: 0.7058
Epoch 143/500
51/51 - 3s - 51ms/step - loss: 0.6834 - val_loss: 0.7055
Epoch 144/500
51/51 - 3s - 51ms/step - loss: 0.6831 - val_loss: 0.7052
Epoch 145/500
51/51 - 3s - 51ms/step - loss: 0.6827 - val_loss: 0.7049
Epoch 146/500
51/51 - 3s - 51ms/step - loss: 0.6824 - val_loss: 0.7046
Epoch 147/500
51/51 - 3s - 52ms/step - loss: 0.6821 - val_loss: 0.7044
Epoch 148/500
51/51 - 3s - 52ms/step - loss: 0.6818 - val_loss: 0.7041
Epoch 149/500
51/51 - 3s - 52ms/step - loss: 0.6815 - val_loss: 0.7038
Epoch 150/500
51/51 - 3s - 52ms/step - loss: 0.6811 - val_loss: 0.7035
Epoch 151/500
51/51 - 3s - 52ms/step - loss: 0.6808 - val_loss: 0.7033
Epoch 152/500
51/51 - 3s - 52ms/step - loss: 0.6805 - val_loss: 0.7030
Epoch 153/500
51/51 - 3s - 52ms/step - loss: 0.6802 - val_loss: 0.7027
Epoch 154/500
51/51 - 3s - 54ms/step - loss: 0.6799 - val_loss: 0.7025
Epoch 155/500
51/51 - 3s - 53ms/step - loss: 0.6797 - val_loss: 0.7022
Epoch 156/500
51/51 - 3s - 53ms/step - loss: 0.6794 - val_loss: 0.7020
Epoch 157/500
51/51 - 3s - 53ms/step - loss: 0.6791 - val_loss: 0.7017
Epoch 158/500
51/51 - 3s - 53ms/step - loss: 0.6788 - val_loss: 0.7015
Epoch 159/500
51/51 - 945s - 19s/step - loss: 0.6785 - val_loss: 0.7012
Epoch 160/500
51/51 - 3s - 54ms/step - loss: 0.6782 - val_loss: 0.7010
Epoch 161/500
51/51 - 3s - 51ms/step - loss: 0.6780 - val_loss: 0.7007
Epoch 162/500
51/51 - 3s - 51ms/step - loss: 0.6777 - val_loss: 0.7005
Epoch 163/500
51/51 - 3s - 51ms/step - loss: 0.6774 - val_loss: 0.7003
Epoch 164/500
51/51 - 3s - 51ms/step - loss: 0.6772 - val_loss: 0.7000
Epoch 165/500
51/51 - 3s - 51ms/step - loss: 0.6769 - val_loss: 0.6998
Epoch 166/500
51/51 - 3s - 52ms/step - loss: 0.6766 - val_loss: 0.6995
Epoch 167/500
51/51 - 3s - 51ms/step - loss: 0.6764 - val_loss: 0.6993
Epoch 168/500
51/51 - 3s - 52ms/step - loss: 0.6761 - val_loss: 0.6991
Epoch 169/500
51/51 - 3s - 52ms/step - loss: 0.6759 - val_loss: 0.6989
Epoch 170/500
51/51 - 3s - 52ms/step - loss: 0.6756 - val_loss: 0.6986
Epoch 171/500
51/51 - 3s - 52ms/step - loss: 0.6754 - val_loss: 0.6984
Epoch 172/500
51/51 - 3s - 52ms/step - loss: 0.6751 - val_loss: 0.6982
Epoch 173/500
51/51 - 3s - 52ms/step - loss: 0.6749 - val_loss: 0.6980
Epoch 174/500
51/51 - 3s - 53ms/step - loss: 0.6746 - val_loss: 0.6977
Epoch 175/500
51/51 - 3s - 53ms/step - loss: 0.6744 - val_loss: 0.6975
Epoch 176/500
51/51 - 3s - 53ms/step - loss: 0.6742 - val_loss: 0.6973
Epoch 177/500
51/51 - 74s - 1s/step - loss: 0.6739 - val_loss: 0.6971
Epoch 178/500
51/51 - 3s - 51ms/step - loss: 0.6737 - val_loss: 0.6969
Epoch 179/500
51/51 - 3s - 52ms/step - loss: 0.6735 - val_loss: 0.6967
Epoch 180/500
51/51 - 3s - 52ms/step - loss: 0.6733 - val_loss: 0.6965
Epoch 181/500
51/51 - 3s - 52ms/step - loss: 0.6730 - val_loss: 0.6963
Epoch 182/500
51/51 - 3s - 52ms/step - loss: 0.6728 - val_loss: 0.6961
Epoch 183/500
51/51 - 3s - 53ms/step - loss: 0.6726 - val_loss: 0.6959
Epoch 184/500
51/51 - 3s - 53ms/step - loss: 0.6724 - val_loss: 0.6957
Epoch 185/500
51/51 - 3s - 53ms/step - loss: 0.6721 - val_loss: 0.6954
Epoch 186/500
51/51 - 3s - 53ms/step - loss: 0.6719 - val_loss: 0.6952
Epoch 187/500
51/51 - 3s - 53ms/step - loss: 0.6717 - val_loss: 0.6950
Epoch 188/500
51/51 - 3s - 53ms/step - loss: 0.6715 - val_loss: 0.6949
Epoch 189/500
51/51 - 3s - 54ms/step - loss: 0.6713 - val_loss: 0.6947
Epoch 190/500
51/51 - 3s - 53ms/step - loss: 0.6711 - val_loss: 0.6945
Epoch 191/500
51/51 - 3s - 54ms/step - loss: 0.6709 - val_loss: 0.6943
Epoch 192/500
51/51 - 3s - 53ms/step - loss: 0.6707 - val_loss: 0.6941
Epoch 193/500
51/51 - 3s - 54ms/step - loss: 0.6705 - val_loss: 0.6939
Epoch 194/500
51/51 - 3s - 54ms/step - loss: 0.6703 - val_loss: 0.6937
Epoch 195/500
51/51 - 988s - 19s/step - loss: 0.6701 - val_loss: 0.6935
Epoch 196/500
51/51 - 3s - 51ms/step - loss: 0.6699 - val_loss: 0.6933
Epoch 197/500
51/51 - 3s - 50ms/step - loss: 0.6697 - val_loss: 0.6931
Epoch 198/500
51/51 - 3s - 51ms/step - loss: 0.6695 - val_loss: 0.6929
Epoch 199/500
51/51 - 3s - 53ms/step - loss: 0.6693 - val_loss: 0.6928
Epoch 200/500
51/51 - 3s - 53ms/step - loss: 0.6691 - val_loss: 0.6926
Epoch 201/500
51/51 - 3s - 52ms/step - loss: 0.6689 - val_loss: 0.6924
Epoch 202/500
51/51 - 3s - 52ms/step - loss: 0.6688 - val_loss: 0.6922
Epoch 203/500
51/51 - 3s - 52ms/step - loss: 0.6686 - val_loss: 0.6920
Epoch 204/500
51/51 - 3s - 52ms/step - loss: 0.6684 - val_loss: 0.6919
Epoch 205/500
51/51 - 3s - 52ms/step - loss: 0.6682 - val_loss: 0.6917
Epoch 206/500
51/51 - 3s - 52ms/step - loss: 0.6680 - val_loss: 0.6915
Epoch 207/500
51/51 - 3s - 52ms/step - loss: 0.6678 - val_loss: 0.6914
Epoch 208/500
51/51 - 3s - 52ms/step - loss: 0.6677 - val_loss: 0.6912
Epoch 209/500
51/51 - 3s - 53ms/step - loss: 0.6675 - val_loss: 0.6910
Epoch 210/500
51/51 - 3s - 53ms/step - loss: 0.6673 - val_loss: 0.6908
Epoch 211/500
51/51 - 3s - 53ms/step - loss: 0.6672 - val_loss: 0.6907
Epoch 212/500
51/51 - 3s - 53ms/step - loss: 0.6670 - val_loss: 0.6905
Epoch 213/500
51/51 - 455s - 9s/step - loss: 0.6668 - val_loss: 0.6903
Epoch 214/500
51/51 - 3s - 51ms/step - loss: 0.6667 - val_loss: 0.6902
Epoch 215/500
51/51 - 3s - 51ms/step - loss: 0.6665 - val_loss: 0.6900
Epoch 216/500
51/51 - 3s - 51ms/step - loss: 0.6663 - val_loss: 0.6899
Epoch 217/500
51/51 - 3s - 51ms/step - loss: 0.6662 - val_loss: 0.6897
Epoch 218/500
51/51 - 3s - 51ms/step - loss: 0.6660 - val_loss: 0.6895
Epoch 219/500
51/51 - 3s - 52ms/step - loss: 0.6658 - val_loss: 0.6894
Epoch 220/500
51/51 - 3s - 52ms/step - loss: 0.6657 - val_loss: 0.6892
Epoch 221/500
51/51 - 3s - 52ms/step - loss: 0.6655 - val_loss: 0.6891
Epoch 222/500
51/51 - 3s - 53ms/step - loss: 0.6654 - val_loss: 0.6889
Epoch 223/500
51/51 - 3s - 52ms/step - loss: 0.6652 - val_loss: 0.6888
Epoch 224/500
51/51 - 3s - 53ms/step - loss: 0.6651 - val_loss: 0.6886
Epoch 225/500
51/51 - 3s - 53ms/step - loss: 0.6649 - val_loss: 0.6885
Epoch 226/500
51/51 - 3s - 52ms/step - loss: 0.6648 - val_loss: 0.6883
Epoch 227/500
51/51 - 3s - 53ms/step - loss: 0.6646 - val_loss: 0.6882
Epoch 228/500
51/51 - 3s - 53ms/step - loss: 0.6645 - val_loss: 0.6880
Epoch 229/500
51/51 - 3s - 53ms/step - loss: 0.6644 - val_loss: 0.6879
Epoch 230/500
51/51 - 282s - 6s/step - loss: 0.6642 - val_loss: 0.6877
Epoch 231/500
51/51 - 3s - 53ms/step - loss: 0.6641 - val_loss: 0.6876
Epoch 232/500
51/51 - 3s - 51ms/step - loss: 0.6639 - val_loss: 0.6875
Epoch 233/500
51/51 - 3s - 51ms/step - loss: 0.6638 - val_loss: 0.6873
Epoch 234/500
51/51 - 3s - 52ms/step - loss: 0.6637 - val_loss: 0.6872
Epoch 235/500
51/51 - 3s - 52ms/step - loss: 0.6635 - val_loss: 0.6870
Epoch 236/500
51/51 - 3s - 51ms/step - loss: 0.6634 - val_loss: 0.6869
Epoch 237/500
51/51 - 3s - 52ms/step - loss: 0.6633 - val_loss: 0.6868
Epoch 238/500
51/51 - 3s - 52ms/step - loss: 0.6631 - val_loss: 0.6866
Epoch 239/500
51/51 - 3s - 52ms/step - loss: 0.6630 - val_loss: 0.6865
Epoch 240/500
51/51 - 3s - 52ms/step - loss: 0.6629 - val_loss: 0.6864
Epoch 241/500
51/51 - 3s - 53ms/step - loss: 0.6627 - val_loss: 0.6863
Epoch 242/500
51/51 - 3s - 53ms/step - loss: 0.6626 - val_loss: 0.6861
Epoch 243/500
51/51 - 3s - 53ms/step - loss: 0.6625 - val_loss: 0.6860
Epoch 244/500
51/51 - 3s - 53ms/step - loss: 0.6624 - val_loss: 0.6859
Epoch 245/500
51/51 - 3s - 54ms/step - loss: 0.6622 - val_loss: 0.6857
Epoch 246/500
51/51 - 3s - 53ms/step - loss: 0.6621 - val_loss: 0.6856
Epoch 247/500
51/51 - 3s - 53ms/step - loss: 0.6620 - val_loss: 0.6855
Epoch 248/500
51/51 - 299s - 6s/step - loss: 0.6619 - val_loss: 0.6854
Epoch 249/500
51/51 - 3s - 51ms/step - loss: 0.6617 - val_loss: 0.6852
Epoch 250/500
51/51 - 3s - 51ms/step - loss: 0.6616 - val_loss: 0.6851
Epoch 251/500
51/51 - 3s - 51ms/step - loss: 0.6615 - val_loss: 0.6850
Epoch 252/500
51/51 - 3s - 52ms/step - loss: 0.6614 - val_loss: 0.6849
Epoch 253/500
51/51 - 3s - 52ms/step - loss: 0.6613 - val_loss: 0.6848
Epoch 254/500
51/51 - 3s - 52ms/step - loss: 0.6612 - val_loss: 0.6847
Epoch 255/500
51/51 - 3s - 52ms/step - loss: 0.6611 - val_loss: 0.6845
Epoch 256/500
51/51 - 3s - 52ms/step - loss: 0.6609 - val_loss: 0.6844
Epoch 257/500
51/51 - 3s - 53ms/step - loss: 0.6608 - val_loss: 0.6843
Epoch 258/500
51/51 - 3s - 53ms/step - loss: 0.6607 - val_loss: 0.6842
Epoch 259/500
51/51 - 3s - 52ms/step - loss: 0.6606 - val_loss: 0.6841
Epoch 260/500
51/51 - 3s - 53ms/step - loss: 0.6605 - val_loss: 0.6840
Epoch 261/500
51/51 - 3s - 53ms/step - loss: 0.6604 - val_loss: 0.6839
Epoch 262/500
51/51 - 3s - 53ms/step - loss: 0.6603 - val_loss: 0.6837
Epoch 263/500
51/51 - 3s - 53ms/step - loss: 0.6602 - val_loss: 0.6836
Epoch 264/500
51/51 - 3s - 54ms/step - loss: 0.6601 - val_loss: 0.6835
Epoch 265/500
51/51 - 3s - 53ms/step - loss: 0.6600 - val_loss: 0.6834
Epoch 266/500
51/51 - 3s - 53ms/step - loss: 0.6599 - val_loss: 0.6833
Epoch 267/500
51/51 - 3s - 53ms/step - loss: 0.6598 - val_loss: 0.6832
Epoch 268/500
51/51 - 3s - 55ms/step - loss: 0.6597 - val_loss: 0.6831
Epoch 269/500
51/51 - 3s - 54ms/step - loss: 0.6596 - val_loss: 0.6830
Epoch 270/500
51/51 - 3s - 53ms/step - loss: 0.6595 - val_loss: 0.6829
Epoch 271/500
51/51 - 3s - 54ms/step - loss: 0.6594 - val_loss: 0.6828
Epoch 272/500
51/51 - 3s - 54ms/step - loss: 0.6593 - val_loss: 0.6827
Epoch 273/500
51/51 - 1075s - 21s/step - loss: 0.6592 - val_loss: 0.6826
Epoch 274/500
51/51 - 3s - 50ms/step - loss: 0.6591 - val_loss: 0.6825
Epoch 275/500
51/51 - 3s - 51ms/step - loss: 0.6590 - val_loss: 0.6824
Epoch 276/500
51/51 - 3s - 51ms/step - loss: 0.6589 - val_loss: 0.6823
Epoch 277/500
51/51 - 3s - 51ms/step - loss: 0.6588 - val_loss: 0.6822
Epoch 278/500
51/51 - 3s - 51ms/step - loss: 0.6587 - val_loss: 0.6821
Epoch 279/500
51/51 - 3s - 52ms/step - loss: 0.6586 - val_loss: 0.6820
Epoch 280/500
51/51 - 3s - 52ms/step - loss: 0.6585 - val_loss: 0.6819
Epoch 281/500
51/51 - 3s - 52ms/step - loss: 0.6585 - val_loss: 0.6818
Epoch 282/500
51/51 - 3s - 52ms/step - loss: 0.6584 - val_loss: 0.6817
Epoch 283/500
51/51 - 3s - 52ms/step - loss: 0.6583 - val_loss: 0.6816
Epoch 284/500
51/51 - 3s - 52ms/step - loss: 0.6582 - val_loss: 0.6815
Epoch 285/500
51/51 - 3s - 53ms/step - loss: 0.6581 - val_loss: 0.6814
Epoch 286/500
51/51 - 3s - 53ms/step - loss: 0.6580 - val_loss: 0.6814
Epoch 287/500
51/51 - 3s - 53ms/step - loss: 0.6579 - val_loss: 0.6813
Epoch 288/500
51/51 - 3s - 53ms/step - loss: 0.6578 - val_loss: 0.6812
Epoch 289/500
51/51 - 3s - 53ms/step - loss: 0.6578 - val_loss: 0.6811
Epoch 290/500
51/51 - 888s - 17s/step - loss: 0.6577 - val_loss: 0.6810
Epoch 291/500
51/51 - 3s - 54ms/step - loss: 0.6576 - val_loss: 0.6809
Epoch 292/500
51/51 - 3s - 50ms/step - loss: 0.6575 - val_loss: 0.6808
Epoch 293/500
51/51 - 3s - 50ms/step - loss: 0.6574 - val_loss: 0.6807
Epoch 294/500
51/51 - 3s - 51ms/step - loss: 0.6573 - val_loss: 0.6807
Epoch 295/500
51/51 - 3s - 51ms/step - loss: 0.6573 - val_loss: 0.6806
Epoch 296/500
51/51 - 3s - 51ms/step - loss: 0.6572 - val_loss: 0.6805
Epoch 297/500
51/51 - 3s - 51ms/step - loss: 0.6571 - val_loss: 0.6804
Epoch 298/500
51/51 - 3s - 51ms/step - loss: 0.6570 - val_loss: 0.6803
Epoch 299/500
51/51 - 3s - 52ms/step - loss: 0.6570 - val_loss: 0.6802
Epoch 300/500
51/51 - 3s - 52ms/step - loss: 0.6569 - val_loss: 0.6801
Epoch 301/500
51/51 - 3s - 52ms/step - loss: 0.6568 - val_loss: 0.6801
Epoch 302/500
51/51 - 3s - 52ms/step - loss: 0.6567 - val_loss: 0.6800
Epoch 303/500
51/51 - 3s - 53ms/step - loss: 0.6566 - val_loss: 0.6799
Epoch 304/500
51/51 - 3s - 53ms/step - loss: 0.6566 - val_loss: 0.6798
Epoch 305/500
51/51 - 3s - 53ms/step - loss: 0.6565 - val_loss: 0.6797
Epoch 306/500
51/51 - 3s - 53ms/step - loss: 0.6564 - val_loss: 0.6797
Epoch 307/500
51/51 - 3s - 53ms/step - loss: 0.6564 - val_loss: 0.6796
Epoch 308/500
51/51 - 88s - 2s/step - loss: 0.6563 - val_loss: 0.6795
Epoch 309/500
51/51 - 3s - 50ms/step - loss: 0.6562 - val_loss: 0.6794
Epoch 310/500
51/51 - 3s - 51ms/step - loss: 0.6561 - val_loss: 0.6794
Epoch 311/500
51/51 - 3s - 52ms/step - loss: 0.6561 - val_loss: 0.6793
Epoch 312/500
51/51 - 3s - 52ms/step - loss: 0.6560 - val_loss: 0.6792
Epoch 313/500
51/51 - 3s - 53ms/step - loss: 0.6559 - val_loss: 0.6791
Epoch 314/500
51/51 - 3s - 52ms/step - loss: 0.6559 - val_loss: 0.6790
Epoch 315/500
51/51 - 3s - 53ms/step - loss: 0.6558 - val_loss: 0.6790
Epoch 316/500
51/51 - 3s - 53ms/step - loss: 0.6557 - val_loss: 0.6789
Epoch 317/500
51/51 - 3s - 53ms/step - loss: 0.6556 - val_loss: 0.6788
Epoch 318/500
51/51 - 3s - 53ms/step - loss: 0.6556 - val_loss: 0.6788
Epoch 319/500
51/51 - 3s - 53ms/step - loss: 0.6555 - val_loss: 0.6787
Epoch 320/500
51/51 - 3s - 53ms/step - loss: 0.6554 - val_loss: 0.6786
Epoch 321/500
51/51 - 3s - 53ms/step - loss: 0.6554 - val_loss: 0.6785
Epoch 322/500
51/51 - 3s - 53ms/step - loss: 0.6553 - val_loss: 0.6785
Epoch 323/500
51/51 - 3s - 53ms/step - loss: 0.6553 - val_loss: 0.6784
Epoch 324/500
51/51 - 3s - 54ms/step - loss: 0.6552 - val_loss: 0.6783
Epoch 325/500
51/51 - 3s - 54ms/step - loss: 0.6551 - val_loss: 0.6782
Epoch 326/500
51/51 - 927s - 18s/step - loss: 0.6551 - val_loss: 0.6782
Epoch 327/500
51/51 - 3s - 52ms/step - loss: 0.6550 - val_loss: 0.6781
Epoch 328/500
51/51 - 3s - 51ms/step - loss: 0.6549 - val_loss: 0.6780
Epoch 329/500
51/51 - 3s - 51ms/step - loss: 0.6549 - val_loss: 0.6780
Epoch 330/500
51/51 - 3s - 51ms/step - loss: 0.6548 - val_loss: 0.6779
Epoch 331/500
51/51 - 3s - 52ms/step - loss: 0.6547 - val_loss: 0.6778
Epoch 332/500
51/51 - 3s - 52ms/step - loss: 0.6547 - val_loss: 0.6778
Epoch 333/500
51/51 - 3s - 52ms/step - loss: 0.6546 - val_loss: 0.6777
Epoch 334/500
51/51 - 3s - 52ms/step - loss: 0.6546 - val_loss: 0.6776
Epoch 335/500
51/51 - 3s - 53ms/step - loss: 0.6545 - val_loss: 0.6776
Epoch 336/500
51/51 - 3s - 54ms/step - loss: 0.6544 - val_loss: 0.6775
Epoch 337/500
51/51 - 3s - 53ms/step - loss: 0.6544 - val_loss: 0.6774
Epoch 338/500
51/51 - 3s - 53ms/step - loss: 0.6543 - val_loss: 0.6774
Epoch 339/500
51/51 - 3s - 53ms/step - loss: 0.6543 - val_loss: 0.6773
Epoch 340/500
51/51 - 3s - 53ms/step - loss: 0.6542 - val_loss: 0.6772
Epoch 341/500
51/51 - 3s - 53ms/step - loss: 0.6541 - val_loss: 0.6772
Epoch 342/500
51/51 - 3s - 53ms/step - loss: 0.6541 - val_loss: 0.6771
Epoch 343/500
51/51 - 3s - 53ms/step - loss: 0.6540 - val_loss: 0.6770
Epoch 344/500
51/51 - 3s - 54ms/step - loss: 0.6540 - val_loss: 0.6770
Epoch 345/500
51/51 - 3s - 53ms/step - loss: 0.6539 - val_loss: 0.6769
Epoch 346/500
51/51 - 3s - 54ms/step - loss: 0.6539 - val_loss: 0.6768
Epoch 347/500
51/51 - 3s - 53ms/step - loss: 0.6538 - val_loss: 0.6768
Epoch 348/500
51/51 - 3s - 54ms/step - loss: 0.6537 - val_loss: 0.6767
Epoch 349/500
51/51 - 3s - 54ms/step - loss: 0.6537 - val_loss: 0.6767
Epoch 350/500
51/51 - 3s - 54ms/step - loss: 0.6536 - val_loss: 0.6766
Epoch 351/500
51/51 - 3s - 54ms/step - loss: 0.6536 - val_loss: 0.6765
Epoch 352/500
51/51 - 3s - 54ms/step - loss: 0.6535 - val_loss: 0.6765
Epoch 353/500
51/51 - 3s - 54ms/step - loss: 0.6535 - val_loss: 0.6764
Epoch 354/500
51/51 - 3s - 54ms/step - loss: 0.6534 - val_loss: 0.6764
Epoch 355/500
51/51 - 3s - 54ms/step - loss: 0.6534 - val_loss: 0.6763
Epoch 356/500
51/51 - 3s - 54ms/step - loss: 0.6533 - val_loss: 0.6762
Epoch 357/500
51/51 - 3s - 54ms/step - loss: 0.6532 - val_loss: 0.6762
Epoch 358/500
51/51 - 3s - 55ms/step - loss: 0.6532 - val_loss: 0.6761
Epoch 359/500
51/51 - 3s - 54ms/step - loss: 0.6531 - val_loss: 0.6761
Epoch 360/500
51/51 - 3s - 54ms/step - loss: 0.6531 - val_loss: 0.6760
Epoch 361/500
51/51 - 3s - 54ms/step - loss: 0.6530 - val_loss: 0.6759
Epoch 362/500
51/51 - 3s - 54ms/step - loss: 0.6530 - val_loss: 0.6759
Epoch 363/500
51/51 - 3s - 54ms/step - loss: 0.6529 - val_loss: 0.6758
Epoch 364/500
51/51 - 3s - 54ms/step - loss: 0.6529 - val_loss: 0.6758
Epoch 365/500
51/51 - 3s - 54ms/step - loss: 0.6528 - val_loss: 0.6757
Epoch 366/500
51/51 - 3s - 54ms/step - loss: 0.6528 - val_loss: 0.6756
Epoch 367/500
51/51 - 3s - 54ms/step - loss: 0.6527 - val_loss: 0.6756
Epoch 368/500
51/51 - 3s - 54ms/step - loss: 0.6527 - val_loss: 0.6755
Epoch 369/500
51/51 - 3s - 54ms/step - loss: 0.6526 - val_loss: 0.6755
Epoch 370/500
51/51 - 3s - 54ms/step - loss: 0.6526 - val_loss: 0.6754
Epoch 371/500
51/51 - 3s - 54ms/step - loss: 0.6525 - val_loss: 0.6754
Epoch 372/500
51/51 - 3s - 54ms/step - loss: 0.6525 - val_loss: 0.6753
Epoch 373/500
51/51 - 3s - 54ms/step - loss: 0.6524 - val_loss: 0.6752
Epoch 374/500
51/51 - 3s - 54ms/step - loss: 0.6524 - val_loss: 0.6752
Epoch 375/500
51/51 - 3s - 54ms/step - loss: 0.6523 - val_loss: 0.6751
Epoch 376/500
51/51 - 3s - 54ms/step - loss: 0.6523 - val_loss: 0.6751
Epoch 377/500
51/51 - 3s - 54ms/step - loss: 0.6522 - val_loss: 0.6750
Epoch 378/500
51/51 - 3s - 54ms/step - loss: 0.6522 - val_loss: 0.6750
Epoch 379/500
51/51 - 3s - 54ms/step - loss: 0.6521 - val_loss: 0.6749
Epoch 380/500
51/51 - 3s - 54ms/step - loss: 0.6521 - val_loss: 0.6748
Epoch 381/500
51/51 - 3s - 54ms/step - loss: 0.6520 - val_loss: 0.6748
Epoch 382/500
51/51 - 3s - 54ms/step - loss: 0.6520 - val_loss: 0.6747
Epoch 383/500
51/51 - 3s - 54ms/step - loss: 0.6519 - val_loss: 0.6747
Epoch 384/500
51/51 - 3s - 54ms/step - loss: 0.6519 - val_loss: 0.6746
Epoch 385/500
51/51 - 3s - 54ms/step - loss: 0.6518 - val_loss: 0.6746
Epoch 386/500
51/51 - 3s - 54ms/step - loss: 0.6518 - val_loss: 0.6745
Epoch 387/500
51/51 - 3s - 54ms/step - loss: 0.6517 - val_loss: 0.6745
Epoch 388/500
51/51 - 3s - 54ms/step - loss: 0.6517 - val_loss: 0.6744
Epoch 389/500
51/51 - 3s - 54ms/step - loss: 0.6517 - val_loss: 0.6744
Epoch 390/500
51/51 - 3s - 54ms/step - loss: 0.6516 - val_loss: 0.6743
Epoch 391/500
51/51 - 3s - 54ms/step - loss: 0.6516 - val_loss: 0.6743
Epoch 392/500
51/51 - 3s - 55ms/step - loss: 0.6515 - val_loss: 0.6742
Epoch 393/500
51/51 - 3s - 55ms/step - loss: 0.6515 - val_loss: 0.6741
Epoch 394/500
51/51 - 3s - 53ms/step - loss: 0.6514 - val_loss: 0.6741
Epoch 395/500
51/51 - 3s - 53ms/step - loss: 0.6514 - val_loss: 0.6740
Epoch 396/500
51/51 - 3s - 54ms/step - loss: 0.6513 - val_loss: 0.6740
Epoch 397/500
51/51 - 3s - 54ms/step - loss: 0.6513 - val_loss: 0.6739
Epoch 398/500
51/51 - 3s - 53ms/step - loss: 0.6512 - val_loss: 0.6739
Epoch 399/500
51/51 - 3s - 54ms/step - loss: 0.6512 - val_loss: 0.6738
Epoch 400/500
51/51 - 3s - 54ms/step - loss: 0.6512 - val_loss: 0.6738
Epoch 401/500
51/51 - 3s - 54ms/step - loss: 0.6511 - val_loss: 0.6737
Epoch 402/500
51/51 - 3s - 54ms/step - loss: 0.6511 - val_loss: 0.6737
Epoch 403/500
51/51 - 3s - 59ms/step - loss: 0.6510 - val_loss: 0.6736
Epoch 404/500
51/51 - 3s - 53ms/step - loss: 0.6510 - val_loss: 0.6736
Epoch 405/500
51/51 - 3s - 53ms/step - loss: 0.6509 - val_loss: 0.6735
Epoch 406/500
51/51 - 3s - 54ms/step - loss: 0.6509 - val_loss: 0.6735
Epoch 407/500
51/51 - 3s - 54ms/step - loss: 0.6508 - val_loss: 0.6734
Epoch 408/500
51/51 - 3s - 55ms/step - loss: 0.6508 - val_loss: 0.6734
Epoch 409/500
51/51 - 3s - 56ms/step - loss: 0.6508 - val_loss: 0.6733
Epoch 410/500
51/51 - 3s - 55ms/step - loss: 0.6507 - val_loss: 0.6733
Epoch 411/500
51/51 - 3s - 54ms/step - loss: 0.6507 - val_loss: 0.6732
Epoch 412/500
51/51 - 3s - 54ms/step - loss: 0.6506 - val_loss: 0.6732
Epoch 413/500
51/51 - 3s - 56ms/step - loss: 0.6506 - val_loss: 0.6731
Epoch 414/500
51/51 - 3s - 58ms/step - loss: 0.6505 - val_loss: 0.6731
Epoch 415/500
51/51 - 3s - 55ms/step - loss: 0.6505 - val_loss: 0.6730
Epoch 416/500
51/51 - 3s - 54ms/step - loss: 0.6505 - val_loss: 0.6730
Epoch 417/500
51/51 - 3s - 54ms/step - loss: 0.6504 - val_loss: 0.6729
Epoch 418/500
51/51 - 3s - 57ms/step - loss: 0.6504 - val_loss: 0.6729
Epoch 419/500
51/51 - 3s - 56ms/step - loss: 0.6503 - val_loss: 0.6728
Epoch 420/500
51/51 - 3s - 56ms/step - loss: 0.6503 - val_loss: 0.6728
Epoch 421/500
51/51 - 3s - 57ms/step - loss: 0.6502 - val_loss: 0.6727
Epoch 422/500
51/51 - 3s - 56ms/step - loss: 0.6502 - val_loss: 0.6727
Epoch 423/500
51/51 - 3s - 56ms/step - loss: 0.6502 - val_loss: 0.6726
Epoch 424/500
51/51 - 3s - 61ms/step - loss: 0.6501 - val_loss: 0.6726
Epoch 425/500
51/51 - 3s - 57ms/step - loss: 0.6501 - val_loss: 0.6725
Epoch 426/500
51/51 - 3s - 55ms/step - loss: 0.6500 - val_loss: 0.6725
Epoch 427/500
51/51 - 3s - 57ms/step - loss: 0.6500 - val_loss: 0.6724
Epoch 428/500
51/51 - 983s - 19s/step - loss: 0.6500 - val_loss: 0.6724
Epoch 429/500
51/51 - 3s - 68ms/step - loss: 0.6499 - val_loss: 0.6723
Epoch 430/500
51/51 - 3s - 54ms/step - loss: 0.6499 - val_loss: 0.6723
Epoch 431/500
51/51 - 3s - 51ms/step - loss: 0.6498 - val_loss: 0.6722
Epoch 432/500
51/51 - 3s - 51ms/step - loss: 0.6498 - val_loss: 0.6722
Epoch 433/500
51/51 - 3s - 52ms/step - loss: 0.6498 - val_loss: 0.6721
Epoch 434/500
51/51 - 3s - 52ms/step - loss: 0.6497 - val_loss: 0.6721
Epoch 435/500
51/51 - 3s - 52ms/step - loss: 0.6497 - val_loss: 0.6720
Epoch 436/500
51/51 - 3s - 53ms/step - loss: 0.6496 - val_loss: 0.6720
Epoch 437/500
51/51 - 3s - 53ms/step - loss: 0.6496 - val_loss: 0.6719
Epoch 438/500
51/51 - 3s - 53ms/step - loss: 0.6496 - val_loss: 0.6719
Epoch 439/500
51/51 - 3s - 53ms/step - loss: 0.6495 - val_loss: 0.6719
Epoch 440/500
51/51 - 3s - 53ms/step - loss: 0.6495 - val_loss: 0.6718
Epoch 441/500
51/51 - 3s - 53ms/step - loss: 0.6494 - val_loss: 0.6718
Epoch 442/500
51/51 - 3s - 53ms/step - loss: 0.6494 - val_loss: 0.6717
Epoch 443/500
51/51 - 3s - 53ms/step - loss: 0.6494 - val_loss: 0.6717
Epoch 444/500
51/51 - 3s - 54ms/step - loss: 0.6493 - val_loss: 0.6716
Epoch 445/500
51/51 - 3s - 53ms/step - loss: 0.6493 - val_loss: 0.6716
Epoch 446/500
51/51 - 3s - 54ms/step - loss: 0.6492 - val_loss: 0.6715
Epoch 447/500
51/51 - 3s - 54ms/step - loss: 0.6492 - val_loss: 0.6715
Epoch 448/500
51/51 - 3s - 54ms/step - loss: 0.6492 - val_loss: 0.6714
Epoch 449/500
51/51 - 3s - 54ms/step - loss: 0.6491 - val_loss: 0.6714
Epoch 450/500
51/51 - 3s - 54ms/step - loss: 0.6491 - val_loss: 0.6713
Epoch 451/500
51/51 - 3s - 54ms/step - loss: 0.6490 - val_loss: 0.6713
Epoch 452/500
51/51 - 3s - 54ms/step - loss: 0.6490 - val_loss: 0.6712
Epoch 453/500
51/51 - 1004s - 20s/step - loss: 0.6490 - val_loss: 0.6712
Epoch 454/500
51/51 - 3s - 51ms/step - loss: 0.6489 - val_loss: 0.6712
Epoch 455/500
51/51 - 3s - 51ms/step - loss: 0.6489 - val_loss: 0.6711
Epoch 456/500
51/51 - 3s - 51ms/step - loss: 0.6489 - val_loss: 0.6711
Epoch 457/500
51/51 - 3s - 51ms/step - loss: 0.6488 - val_loss: 0.6710
Epoch 458/500
51/51 - 3s - 52ms/step - loss: 0.6488 - val_loss: 0.6710
Epoch 459/500
51/51 - 3s - 51ms/step - loss: 0.6487 - val_loss: 0.6709
Epoch 460/500
51/51 - 3s - 52ms/step - loss: 0.6487 - val_loss: 0.6709
Epoch 461/500
51/51 - 3s - 52ms/step - loss: 0.6487 - val_loss: 0.6708
Epoch 462/500
51/51 - 3s - 52ms/step - loss: 0.6486 - val_loss: 0.6708
Epoch 463/500
51/51 - 3s - 52ms/step - loss: 0.6486 - val_loss: 0.6708
Epoch 464/500
51/51 - 3s - 52ms/step - loss: 0.6486 - val_loss: 0.6707
Epoch 465/500
51/51 - 3s - 52ms/step - loss: 0.6485 - val_loss: 0.6707
Epoch 466/500
51/51 - 3s - 53ms/step - loss: 0.6485 - val_loss: 0.6706
Epoch 467/500
51/51 - 3s - 53ms/step - loss: 0.6484 - val_loss: 0.6706
Epoch 468/500
51/51 - 3s - 53ms/step - loss: 0.6484 - val_loss: 0.6705
Epoch 469/500
51/51 - 3s - 54ms/step - loss: 0.6484 - val_loss: 0.6705
Epoch 470/500
51/51 - 921s - 18s/step - loss: 0.6483 - val_loss: 0.6704
Epoch 471/500
51/51 - 3s - 57ms/step - loss: 0.6483 - val_loss: 0.6704
Epoch 472/500
51/51 - 3s - 54ms/step - loss: 0.6483 - val_loss: 0.6704
Epoch 473/500
51/51 - 3s - 51ms/step - loss: 0.6482 - val_loss: 0.6703
Epoch 474/500
51/51 - 3s - 51ms/step - loss: 0.6482 - val_loss: 0.6703
Epoch 475/500
51/51 - 3s - 54ms/step - loss: 0.6481 - val_loss: 0.6702
Epoch 476/500
51/51 - 3s - 53ms/step - loss: 0.6481 - val_loss: 0.6702
Epoch 477/500
51/51 - 3s - 52ms/step - loss: 0.6481 - val_loss: 0.6701
Epoch 478/500
51/51 - 3s - 52ms/step - loss: 0.6480 - val_loss: 0.6701
Epoch 479/500
51/51 - 3s - 52ms/step - loss: 0.6480 - val_loss: 0.6701
Epoch 480/500
51/51 - 3s - 52ms/step - loss: 0.6480 - val_loss: 0.6700
Epoch 481/500
51/51 - 3s - 53ms/step - loss: 0.6479 - val_loss: 0.6700
Epoch 482/500
51/51 - 3s - 53ms/step - loss: 0.6479 - val_loss: 0.6699
Epoch 483/500
51/51 - 3s - 52ms/step - loss: 0.6479 - val_loss: 0.6699
Epoch 484/500
51/51 - 3s - 52ms/step - loss: 0.6478 - val_loss: 0.6698
Epoch 485/500
51/51 - 3s - 53ms/step - loss: 0.6478 - val_loss: 0.6698
Epoch 486/500
51/51 - 3s - 53ms/step - loss: 0.6477 - val_loss: 0.6698
Epoch 487/500
51/51 - 3s - 53ms/step - loss: 0.6477 - val_loss: 0.6697
Epoch 488/500
51/51 - 173s - 3s/step - loss: 0.6477 - val_loss: 0.6697
Epoch 489/500
51/51 - 3s - 51ms/step - loss: 0.6476 - val_loss: 0.6696
Epoch 490/500
51/51 - 3s - 51ms/step - loss: 0.6476 - val_loss: 0.6696
Epoch 491/500
51/51 - 3s - 51ms/step - loss: 0.6476 - val_loss: 0.6695
Epoch 492/500
51/51 - 3s - 52ms/step - loss: 0.6475 - val_loss: 0.6695
Epoch 493/500
51/51 - 3s - 52ms/step - loss: 0.6475 - val_loss: 0.6695
Epoch 494/500
51/51 - 3s - 52ms/step - loss: 0.6475 - val_loss: 0.6694
Epoch 495/500
51/51 - 3s - 52ms/step - loss: 0.6474 - val_loss: 0.6694
Epoch 496/500
51/51 - 3s - 53ms/step - loss: 0.6474 - val_loss: 0.6693
Epoch 497/500
51/51 - 3s - 53ms/step - loss: 0.6474 - val_loss: 0.6693
Epoch 498/500
51/51 - 3s - 53ms/step - loss: 0.6473 - val_loss: 0.6692
Epoch 499/500
51/51 - 3s - 53ms/step - loss: 0.6473 - val_loss: 0.6692
Epoch 500/500
51/51 - 3s - 53ms/step - loss: 0.6473 - val_loss: 0.6692
[Run 2/5] Training single encoder baseline (baseline preprocessing, linear structure, sigmoid head)...
/Users/albert/Downloads/Documents/PhD Thesis/Comparable/.venv/lib/python3.12/site-packages/sklearn/linear_model/_linear_loss.py:203: RuntimeWarning: divide by zero encountered in matmul
  raw_prediction = X @ weights + intercept
/Users/albert/Downloads/Documents/PhD Thesis/Comparable/.venv/lib/python3.12/site-packages/sklearn/linear_model/_linear_loss.py:203: RuntimeWarning: overflow encountered in matmul
  raw_prediction = X @ weights + intercept
/Users/albert/Downloads/Documents/PhD Thesis/Comparable/.venv/lib/python3.12/site-packages/sklearn/linear_model/_linear_loss.py:203: RuntimeWarning: invalid value encountered in matmul
  raw_prediction = X @ weights + intercept
/Users/albert/Downloads/Documents/PhD Thesis/Comparable/.venv/lib/python3.12/site-packages/sklearn/linear_model/_linear_loss.py:333: RuntimeWarning: divide by zero encountered in matmul
  grad[:n_features] = X.T @ grad_pointwise + l2_reg_strength * weights
/Users/albert/Downloads/Documents/PhD Thesis/Comparable/.venv/lib/python3.12/site-packages/sklearn/linear_model/_linear_loss.py:333: RuntimeWarning: overflow encountered in matmul
  grad[:n_features] = X.T @ grad_pointwise + l2_reg_strength * weights
/Users/albert/Downloads/Documents/PhD Thesis/Comparable/.venv/lib/python3.12/site-packages/sklearn/linear_model/_linear_loss.py:333: RuntimeWarning: invalid value encountered in matmul
  grad[:n_features] = X.T @ grad_pointwise + l2_reg_strength * weights
/Users/albert/Downloads/Documents/PhD Thesis/Comparable/.venv/lib/python3.12/site-packages/sklearn/utils/extmath.py:227: RuntimeWarning: divide by zero encountered in matmul
  ret = a @ b
/Users/albert/Downloads/Documents/PhD Thesis/Comparable/.venv/lib/python3.12/site-packages/sklearn/utils/extmath.py:227: RuntimeWarning: overflow encountered in matmul
  ret = a @ b
/Users/albert/Downloads/Documents/PhD Thesis/Comparable/.venv/lib/python3.12/site-packages/sklearn/utils/extmath.py:227: RuntimeWarning: invalid value encountered in matmul
  ret = a @ b
[Run 2/5] Shared encoder (unweight) validation threshold=0.3725 (balanced_accuracy=0.6795).
[Run 2/5] Shared encoder (weighted) validation threshold=0.2381 (balanced_accuracy=0.6755).
/Users/albert/Downloads/Documents/PhD Thesis/Comparable/.venv/lib/python3.12/site-packages/sklearn/linear_model/_base.py:293: RuntimeWarning: divide by zero encountered in matmul
  return X @ coef_ + self.intercept_
/Users/albert/Downloads/Documents/PhD Thesis/Comparable/.venv/lib/python3.12/site-packages/sklearn/linear_model/_base.py:293: RuntimeWarning: overflow encountered in matmul
  return X @ coef_ + self.intercept_
/Users/albert/Downloads/Documents/PhD Thesis/Comparable/.venv/lib/python3.12/site-packages/sklearn/linear_model/_base.py:293: RuntimeWarning: invalid value encountered in matmul
  return X @ coef_ + self.intercept_
/Users/albert/Downloads/Documents/PhD Thesis/Comparable/.venv/lib/python3.12/site-packages/sklearn/linear_model/_base.py:293: RuntimeWarning: divide by zero encountered in matmul
  return X @ coef_ + self.intercept_
/Users/albert/Downloads/Documents/PhD Thesis/Comparable/.venv/lib/python3.12/site-packages/sklearn/linear_model/_base.py:293: RuntimeWarning: overflow encountered in matmul
  return X @ coef_ + self.intercept_
/Users/albert/Downloads/Documents/PhD Thesis/Comparable/.venv/lib/python3.12/site-packages/sklearn/linear_model/_base.py:293: RuntimeWarning: invalid value encountered in matmul
  return X @ coef_ + self.intercept_
/Users/albert/Downloads/Documents/PhD Thesis/Comparable/.venv/lib/python3.12/site-packages/sklearn/linear_model/_base.py:293: RuntimeWarning: divide by zero encountered in matmul
  return X @ coef_ + self.intercept_
/Users/albert/Downloads/Documents/PhD Thesis/Comparable/.venv/lib/python3.12/site-packages/sklearn/linear_model/_base.py:293: RuntimeWarning: overflow encountered in matmul
  return X @ coef_ + self.intercept_
/Users/albert/Downloads/Documents/PhD Thesis/Comparable/.venv/lib/python3.12/site-packages/sklearn/linear_model/_base.py:293: RuntimeWarning: invalid value encountered in matmul
  return X @ coef_ + self.intercept_
/Users/albert/Downloads/Documents/PhD Thesis/Comparable/.venv/lib/python3.12/site-packages/sklearn/linear_model/_base.py:293: RuntimeWarning: divide by zero encountered in matmul
  return X @ coef_ + self.intercept_
/Users/albert/Downloads/Documents/PhD Thesis/Comparable/.venv/lib/python3.12/site-packages/sklearn/linear_model/_base.py:293: RuntimeWarning: overflow encountered in matmul
  return X @ coef_ + self.intercept_
/Users/albert/Downloads/Documents/PhD Thesis/Comparable/.venv/lib/python3.12/site-packages/sklearn/linear_model/_base.py:293: RuntimeWarning: invalid value encountered in matmul
  return X @ coef_ + self.intercept_
/Users/albert/Downloads/Documents/PhD Thesis/Comparable/Code/Synthetic/synthetic.py:106: Pandas4Warning: For backward compatibility, 'str' dtypes are included by select_dtypes when 'object' dtype is specified. This behavior is deprecated and will be removed in a future version. Explicitly pass 'str' to `include` to select them, or to `exclude` to remove them and silence this warning.
See https://pandas.pydata.org/docs/user_guide/migration-3-strings.html#string-migration-select-dtypes for details on how to write code that works with pandas 2 and 3.
  text_cols = df.select_dtypes(include="object").columns
[Run 3/5] Training shared encoder (unweighted, sigmoid head, baseline preprocessing)...
/Users/albert/Downloads/Documents/PhD Thesis/Comparable/.venv/lib/python3.12/site-packages/keras/src/trainers/trainer.py:212: UserWarning: Model doesn't support `jit_compile=True`. Proceeding with `jit_compile=False`.
  warnings.warn(
Epoch 1/500
51/51 - 3s - 50ms/step - loss: 0.9225 - val_loss: 0.9252
Epoch 2/500
51/51 - 2s - 45ms/step - loss: 0.9053 - val_loss: 0.9092
Epoch 3/500
51/51 - 2s - 48ms/step - loss: 0.8908 - val_loss: 0.8953
Epoch 4/500
51/51 - 2s - 46ms/step - loss: 0.8783 - val_loss: 0.8832
Epoch 5/500
51/51 - 2s - 47ms/step - loss: 0.8675 - val_loss: 0.8724
Epoch 6/500
51/51 - 2s - 47ms/step - loss: 0.8580 - val_loss: 0.8627
Epoch 7/500
51/51 - 2s - 47ms/step - loss: 0.8496 - val_loss: 0.8540
Epoch 8/500
51/51 - 2s - 47ms/step - loss: 0.8420 - val_loss: 0.8461
Epoch 9/500
51/51 - 2s - 48ms/step - loss: 0.8352 - val_loss: 0.8390
Epoch 10/500
51/51 - 2s - 48ms/step - loss: 0.8290 - val_loss: 0.8325
Epoch 11/500
51/51 - 2s - 48ms/step - loss: 0.8233 - val_loss: 0.8265
Epoch 12/500
51/51 - 2s - 48ms/step - loss: 0.8181 - val_loss: 0.8210
Epoch 13/500
51/51 - 2s - 48ms/step - loss: 0.8133 - val_loss: 0.8160
Epoch 14/500
51/51 - 2s - 48ms/step - loss: 0.8088 - val_loss: 0.8113
Epoch 15/500
51/51 - 2s - 48ms/step - loss: 0.8046 - val_loss: 0.8069
Epoch 16/500
51/51 - 2s - 48ms/step - loss: 0.8007 - val_loss: 0.8028
Epoch 17/500
51/51 - 2s - 48ms/step - loss: 0.7970 - val_loss: 0.7990
Epoch 18/500
51/51 - 2s - 49ms/step - loss: 0.7936 - val_loss: 0.7953
Epoch 19/500
51/51 - 2s - 49ms/step - loss: 0.7903 - val_loss: 0.7919
Epoch 20/500
51/51 - 1033s - 20s/step - loss: 0.7872 - val_loss: 0.7886
Epoch 21/500
51/51 - 2s - 47ms/step - loss: 0.7843 - val_loss: 0.7856
Epoch 22/500
51/51 - 2s - 49ms/step - loss: 0.7815 - val_loss: 0.7826
Epoch 23/500
51/51 - 2s - 46ms/step - loss: 0.7789 - val_loss: 0.7799
Epoch 24/500
51/51 - 2s - 47ms/step - loss: 0.7763 - val_loss: 0.7772
Epoch 25/500
51/51 - 2s - 47ms/step - loss: 0.7739 - val_loss: 0.7747
Epoch 26/500
51/51 - 2s - 47ms/step - loss: 0.7716 - val_loss: 0.7722
Epoch 27/500
51/51 - 2s - 47ms/step - loss: 0.7694 - val_loss: 0.7699
Epoch 28/500
51/51 - 2s - 47ms/step - loss: 0.7673 - val_loss: 0.7677
Epoch 29/500
51/51 - 2s - 47ms/step - loss: 0.7652 - val_loss: 0.7655
Epoch 30/500
51/51 - 2s - 48ms/step - loss: 0.7633 - val_loss: 0.7635
Epoch 31/500
51/51 - 2s - 47ms/step - loss: 0.7614 - val_loss: 0.7615
Epoch 32/500
51/51 - 2s - 47ms/step - loss: 0.7595 - val_loss: 0.7595
Epoch 33/500
51/51 - 2s - 48ms/step - loss: 0.7578 - val_loss: 0.7577
Epoch 34/500
51/51 - 2s - 48ms/step - loss: 0.7561 - val_loss: 0.7559
Epoch 35/500
51/51 - 2s - 48ms/step - loss: 0.7544 - val_loss: 0.7542
Epoch 36/500
51/51 - 2s - 48ms/step - loss: 0.7528 - val_loss: 0.7525
Epoch 37/500
51/51 - 2s - 48ms/step - loss: 0.7513 - val_loss: 0.7509
Epoch 38/500
51/51 - 2s - 48ms/step - loss: 0.7498 - val_loss: 0.7494
Epoch 39/500
51/51 - 965s - 19s/step - loss: 0.7483 - val_loss: 0.7478
Epoch 40/500
51/51 - 2s - 47ms/step - loss: 0.7469 - val_loss: 0.7464
Epoch 41/500
51/51 - 2s - 47ms/step - loss: 0.7455 - val_loss: 0.7450
Epoch 42/500
51/51 - 2s - 46ms/step - loss: 0.7442 - val_loss: 0.7436
Epoch 43/500
51/51 - 2s - 46ms/step - loss: 0.7429 - val_loss: 0.7422
Epoch 44/500
51/51 - 2s - 46ms/step - loss: 0.7416 - val_loss: 0.7409
Epoch 45/500
51/51 - 2s - 47ms/step - loss: 0.7404 - val_loss: 0.7396
Epoch 46/500
51/51 - 3s - 49ms/step - loss: 0.7392 - val_loss: 0.7384
Epoch 47/500
51/51 - 2s - 48ms/step - loss: 0.7380 - val_loss: 0.7371
Epoch 48/500
51/51 - 2s - 47ms/step - loss: 0.7368 - val_loss: 0.7360
Epoch 49/500
51/51 - 2s - 47ms/step - loss: 0.7357 - val_loss: 0.7348
Epoch 50/500
51/51 - 2s - 48ms/step - loss: 0.7346 - val_loss: 0.7336
Epoch 51/500
51/51 - 2s - 48ms/step - loss: 0.7335 - val_loss: 0.7325
Epoch 52/500
51/51 - 2s - 48ms/step - loss: 0.7325 - val_loss: 0.7314
Epoch 53/500
51/51 - 2s - 48ms/step - loss: 0.7314 - val_loss: 0.7303
Epoch 54/500
51/51 - 2s - 47ms/step - loss: 0.7304 - val_loss: 0.7293
Epoch 55/500
51/51 - 2s - 48ms/step - loss: 0.7294 - val_loss: 0.7282
Epoch 56/500
51/51 - 2s - 48ms/step - loss: 0.7284 - val_loss: 0.7272
Epoch 57/500
51/51 - 2s - 48ms/step - loss: 0.7275 - val_loss: 0.7262
Epoch 58/500
51/51 - 2s - 48ms/step - loss: 0.7266 - val_loss: 0.7252
Epoch 59/500
51/51 - 1017s - 20s/step - loss: 0.7256 - val_loss: 0.7243
Epoch 60/500
51/51 - 2s - 48ms/step - loss: 0.7247 - val_loss: 0.7233
Epoch 61/500
51/51 - 2s - 46ms/step - loss: 0.7238 - val_loss: 0.7224
Epoch 62/500
51/51 - 2s - 46ms/step - loss: 0.7230 - val_loss: 0.7214
Epoch 63/500
51/51 - 2s - 46ms/step - loss: 0.7221 - val_loss: 0.7205
Epoch 64/500
51/51 - 2s - 46ms/step - loss: 0.7213 - val_loss: 0.7196
Epoch 65/500
51/51 - 2s - 46ms/step - loss: 0.7204 - val_loss: 0.7187
Epoch 66/500
51/51 - 2s - 47ms/step - loss: 0.7196 - val_loss: 0.7178
Epoch 67/500
51/51 - 2s - 47ms/step - loss: 0.7188 - val_loss: 0.7170
Epoch 68/500
51/51 - 2s - 47ms/step - loss: 0.7180 - val_loss: 0.7161
Epoch 69/500
51/51 - 2s - 47ms/step - loss: 0.7172 - val_loss: 0.7153
Epoch 70/500
51/51 - 2s - 47ms/step - loss: 0.7165 - val_loss: 0.7144
Epoch 71/500
51/51 - 2s - 47ms/step - loss: 0.7157 - val_loss: 0.7136
Epoch 72/500
51/51 - 2s - 47ms/step - loss: 0.7150 - val_loss: 0.7128
Epoch 73/500
51/51 - 2s - 47ms/step - loss: 0.7142 - val_loss: 0.7120
Epoch 74/500
51/51 - 2s - 47ms/step - loss: 0.7135 - val_loss: 0.7112
Epoch 75/500
51/51 - 2s - 47ms/step - loss: 0.7128 - val_loss: 0.7104
Epoch 76/500
51/51 - 2s - 48ms/step - loss: 0.7121 - val_loss: 0.7096
Epoch 77/500
51/51 - 2s - 48ms/step - loss: 0.7114 - val_loss: 0.7088
Epoch 78/500
51/51 - 2s - 48ms/step - loss: 0.7107 - val_loss: 0.7081
Epoch 79/500
51/51 - 926s - 18s/step - loss: 0.7100 - val_loss: 0.7073
Epoch 80/500
51/51 - 2s - 47ms/step - loss: 0.7093 - val_loss: 0.7066
Epoch 81/500
51/51 - 2s - 46ms/step - loss: 0.7087 - val_loss: 0.7058
Epoch 82/500
51/51 - 2s - 46ms/step - loss: 0.7080 - val_loss: 0.7051
Epoch 83/500
51/51 - 2s - 47ms/step - loss: 0.7073 - val_loss: 0.7044
Epoch 84/500
51/51 - 2s - 47ms/step - loss: 0.7067 - val_loss: 0.7036
Epoch 85/500
51/51 - 2s - 48ms/step - loss: 0.7061 - val_loss: 0.7029
Epoch 86/500
51/51 - 2s - 47ms/step - loss: 0.7054 - val_loss: 0.7022
Epoch 87/500
51/51 - 2s - 47ms/step - loss: 0.7048 - val_loss: 0.7016
Epoch 88/500
51/51 - 2s - 47ms/step - loss: 0.7042 - val_loss: 0.7009
Epoch 89/500
51/51 - 2s - 47ms/step - loss: 0.7036 - val_loss: 0.7002
Epoch 90/500
51/51 - 2s - 47ms/step - loss: 0.7030 - val_loss: 0.6995
Epoch 91/500
51/51 - 2s - 47ms/step - loss: 0.7024 - val_loss: 0.6989
Epoch 92/500
51/51 - 2s - 47ms/step - loss: 0.7018 - val_loss: 0.6982
Epoch 93/500
51/51 - 2s - 47ms/step - loss: 0.7013 - val_loss: 0.6976
Epoch 94/500
51/51 - 2s - 48ms/step - loss: 0.7007 - val_loss: 0.6969
Epoch 95/500
51/51 - 2s - 47ms/step - loss: 0.7001 - val_loss: 0.6963
Epoch 96/500
51/51 - 2s - 48ms/step - loss: 0.6996 - val_loss: 0.6957
Epoch 97/500
51/51 - 2s - 48ms/step - loss: 0.6991 - val_loss: 0.6951
Epoch 98/500
51/51 - 2s - 48ms/step - loss: 0.6985 - val_loss: 0.6945
Epoch 99/500
51/51 - 2s - 48ms/step - loss: 0.6980 - val_loss: 0.6939
Epoch 100/500
51/51 - 2s - 48ms/step - loss: 0.6975 - val_loss: 0.6933
Epoch 101/500
51/51 - 2s - 48ms/step - loss: 0.6969 - val_loss: 0.6927
Epoch 102/500
51/51 - 2s - 49ms/step - loss: 0.6964 - val_loss: 0.6921
Epoch 103/500
51/51 - 3s - 50ms/step - loss: 0.6959 - val_loss: 0.6915
Epoch 104/500
51/51 - 2s - 49ms/step - loss: 0.6954 - val_loss: 0.6910
Epoch 105/500
51/51 - 2s - 49ms/step - loss: 0.6949 - val_loss: 0.6904
Epoch 106/500
51/51 - 2s - 49ms/step - loss: 0.6944 - val_loss: 0.6899
Epoch 107/500
51/51 - 3s - 49ms/step - loss: 0.6940 - val_loss: 0.6893
Epoch 108/500
51/51 - 2s - 49ms/step - loss: 0.6935 - val_loss: 0.6888
Epoch 109/500
51/51 - 933s - 18s/step - loss: 0.6930 - val_loss: 0.6883
Epoch 110/500
51/51 - 2s - 48ms/step - loss: 0.6925 - val_loss: 0.6877
Epoch 111/500
51/51 - 2s - 46ms/step - loss: 0.6921 - val_loss: 0.6872
Epoch 112/500
51/51 - 2s - 46ms/step - loss: 0.6916 - val_loss: 0.6867
Epoch 113/500
51/51 - 2s - 46ms/step - loss: 0.6912 - val_loss: 0.6862
Epoch 114/500
51/51 - 2s - 46ms/step - loss: 0.6908 - val_loss: 0.6857
Epoch 115/500
51/51 - 2s - 47ms/step - loss: 0.6903 - val_loss: 0.6852
Epoch 116/500
51/51 - 2s - 47ms/step - loss: 0.6899 - val_loss: 0.6847
Epoch 117/500
51/51 - 2s - 47ms/step - loss: 0.6895 - val_loss: 0.6843
Epoch 118/500
51/51 - 2s - 48ms/step - loss: 0.6890 - val_loss: 0.6838
Epoch 119/500
51/51 - 2s - 47ms/step - loss: 0.6886 - val_loss: 0.6833
Epoch 120/500
51/51 - 2s - 47ms/step - loss: 0.6882 - val_loss: 0.6829
Epoch 121/500
51/51 - 2s - 47ms/step - loss: 0.6878 - val_loss: 0.6824
Epoch 122/500
51/51 - 2s - 47ms/step - loss: 0.6874 - val_loss: 0.6820
Epoch 123/500
51/51 - 2s - 47ms/step - loss: 0.6870 - val_loss: 0.6815
Epoch 124/500
51/51 - 2s - 48ms/step - loss: 0.6866 - val_loss: 0.6811
Epoch 125/500
51/51 - 2s - 48ms/step - loss: 0.6863 - val_loss: 0.6807
Epoch 126/500
51/51 - 2s - 48ms/step - loss: 0.6859 - val_loss: 0.6802
Epoch 127/500
51/51 - 2s - 48ms/step - loss: 0.6855 - val_loss: 0.6798
Epoch 128/500
51/51 - 2s - 48ms/step - loss: 0.6851 - val_loss: 0.6794
Epoch 129/500
51/51 - 910s - 18s/step - loss: 0.6848 - val_loss: 0.6790
Epoch 130/500
51/51 - 2s - 46ms/step - loss: 0.6844 - val_loss: 0.6786
Epoch 131/500
51/51 - 2s - 46ms/step - loss: 0.6841 - val_loss: 0.6782
Epoch 132/500
51/51 - 2s - 46ms/step - loss: 0.6837 - val_loss: 0.6778
Epoch 133/500
51/51 - 2s - 46ms/step - loss: 0.6834 - val_loss: 0.6774
Epoch 134/500
51/51 - 2s - 48ms/step - loss: 0.6830 - val_loss: 0.6771
Epoch 135/500
51/51 - 2s - 48ms/step - loss: 0.6827 - val_loss: 0.6767
Epoch 136/500
51/51 - 2s - 46ms/step - loss: 0.6823 - val_loss: 0.6763
Epoch 137/500
51/51 - 2s - 47ms/step - loss: 0.6820 - val_loss: 0.6759
Epoch 138/500
51/51 - 2s - 47ms/step - loss: 0.6817 - val_loss: 0.6756
Epoch 139/500
51/51 - 2s - 47ms/step - loss: 0.6814 - val_loss: 0.6752
Epoch 140/500
51/51 - 2s - 47ms/step - loss: 0.6810 - val_loss: 0.6749
Epoch 141/500
51/51 - 2s - 47ms/step - loss: 0.6807 - val_loss: 0.6745
Epoch 142/500
51/51 - 2s - 47ms/step - loss: 0.6804 - val_loss: 0.6742
Epoch 143/500
51/51 - 2s - 48ms/step - loss: 0.6801 - val_loss: 0.6739
Epoch 144/500
51/51 - 2s - 48ms/step - loss: 0.6798 - val_loss: 0.6735
Epoch 145/500
51/51 - 2s - 48ms/step - loss: 0.6795 - val_loss: 0.6732
Epoch 146/500
51/51 - 2s - 48ms/step - loss: 0.6792 - val_loss: 0.6729
Epoch 147/500
51/51 - 2s - 48ms/step - loss: 0.6789 - val_loss: 0.6725
Epoch 148/500
51/51 - 282s - 6s/step - loss: 0.6786 - val_loss: 0.6722
Epoch 149/500
51/51 - 2s - 45ms/step - loss: 0.6784 - val_loss: 0.6719
Epoch 150/500
51/51 - 2s - 46ms/step - loss: 0.6781 - val_loss: 0.6716
Epoch 151/500
51/51 - 2s - 46ms/step - loss: 0.6778 - val_loss: 0.6713
Epoch 152/500
51/51 - 2s - 46ms/step - loss: 0.6775 - val_loss: 0.6710
Epoch 153/500
51/51 - 2s - 46ms/step - loss: 0.6773 - val_loss: 0.6707
Epoch 154/500
51/51 - 2s - 47ms/step - loss: 0.6770 - val_loss: 0.6704
Epoch 155/500
51/51 - 2s - 47ms/step - loss: 0.6767 - val_loss: 0.6701
Epoch 156/500
51/51 - 2s - 47ms/step - loss: 0.6765 - val_loss: 0.6698
Epoch 157/500
51/51 - 2s - 47ms/step - loss: 0.6762 - val_loss: 0.6695
Epoch 158/500
51/51 - 2s - 48ms/step - loss: 0.6759 - val_loss: 0.6693
Epoch 159/500
51/51 - 2s - 48ms/step - loss: 0.6757 - val_loss: 0.6690
Epoch 160/500
51/51 - 2s - 49ms/step - loss: 0.6754 - val_loss: 0.6687
Epoch 161/500
51/51 - 2s - 48ms/step - loss: 0.6752 - val_loss: 0.6684
Epoch 162/500
51/51 - 2s - 48ms/step - loss: 0.6749 - val_loss: 0.6682
Epoch 163/500
51/51 - 2s - 48ms/step - loss: 0.6747 - val_loss: 0.6679
Epoch 164/500
51/51 - 2s - 48ms/step - loss: 0.6745 - val_loss: 0.6676
Epoch 165/500
51/51 - 2s - 48ms/step - loss: 0.6742 - val_loss: 0.6674
Epoch 166/500
51/51 - 2s - 48ms/step - loss: 0.6740 - val_loss: 0.6671
Epoch 167/500
51/51 - 2s - 48ms/step - loss: 0.6738 - val_loss: 0.6669
Epoch 168/500
51/51 - 996s - 20s/step - loss: 0.6735 - val_loss: 0.6666
Epoch 169/500
51/51 - 2s - 48ms/step - loss: 0.6733 - val_loss: 0.6664
Epoch 170/500
51/51 - 2s - 46ms/step - loss: 0.6731 - val_loss: 0.6661
Epoch 171/500
51/51 - 2s - 46ms/step - loss: 0.6729 - val_loss: 0.6659
Epoch 172/500
51/51 - 2s - 46ms/step - loss: 0.6726 - val_loss: 0.6656
Epoch 173/500
51/51 - 2s - 46ms/step - loss: 0.6724 - val_loss: 0.6654
Epoch 174/500
51/51 - 2s - 47ms/step - loss: 0.6722 - val_loss: 0.6652
Epoch 175/500
51/51 - 2s - 47ms/step - loss: 0.6720 - val_loss: 0.6649
Epoch 176/500
51/51 - 2s - 47ms/step - loss: 0.6718 - val_loss: 0.6647
Epoch 177/500
51/51 - 2s - 47ms/step - loss: 0.6716 - val_loss: 0.6645
Epoch 178/500
51/51 - 2s - 47ms/step - loss: 0.6714 - val_loss: 0.6643
Epoch 179/500
51/51 - 2s - 48ms/step - loss: 0.6712 - val_loss: 0.6640
Epoch 180/500
51/51 - 2s - 47ms/step - loss: 0.6710 - val_loss: 0.6638
Epoch 181/500
51/51 - 2s - 48ms/step - loss: 0.6708 - val_loss: 0.6636
Epoch 182/500
51/51 - 2s - 48ms/step - loss: 0.6706 - val_loss: 0.6634
Epoch 183/500
51/51 - 2s - 48ms/step - loss: 0.6704 - val_loss: 0.6632
Epoch 184/500
51/51 - 2s - 48ms/step - loss: 0.6702 - val_loss: 0.6629
Epoch 185/500
51/51 - 2s - 49ms/step - loss: 0.6700 - val_loss: 0.6627
Epoch 186/500
51/51 - 2s - 48ms/step - loss: 0.6698 - val_loss: 0.6625
Epoch 187/500
51/51 - 2s - 48ms/step - loss: 0.6696 - val_loss: 0.6623
Epoch 188/500
51/51 - 2s - 48ms/step - loss: 0.6694 - val_loss: 0.6621
Epoch 189/500
51/51 - 2s - 48ms/step - loss: 0.6692 - val_loss: 0.6619
Epoch 190/500
51/51 - 2s - 48ms/step - loss: 0.6691 - val_loss: 0.6617
Epoch 191/500
51/51 - 2s - 49ms/step - loss: 0.6689 - val_loss: 0.6615
Epoch 192/500
51/51 - 2s - 49ms/step - loss: 0.6687 - val_loss: 0.6613
Epoch 193/500
51/51 - 2s - 49ms/step - loss: 0.6685 - val_loss: 0.6611
Epoch 194/500
51/51 - 273s - 5s/step - loss: 0.6684 - val_loss: 0.6609
Epoch 195/500
51/51 - 2s - 46ms/step - loss: 0.6682 - val_loss: 0.6608
Epoch 196/500
51/51 - 2s - 47ms/step - loss: 0.6680 - val_loss: 0.6606
Epoch 197/500
51/51 - 2s - 47ms/step - loss: 0.6678 - val_loss: 0.6604
Epoch 198/500
51/51 - 2s - 47ms/step - loss: 0.6677 - val_loss: 0.6602
Epoch 199/500
51/51 - 2s - 47ms/step - loss: 0.6675 - val_loss: 0.6600
Epoch 200/500
51/51 - 2s - 47ms/step - loss: 0.6674 - val_loss: 0.6598
Epoch 201/500
51/51 - 2s - 47ms/step - loss: 0.6672 - val_loss: 0.6597
Epoch 202/500
51/51 - 2s - 48ms/step - loss: 0.6670 - val_loss: 0.6595
Epoch 203/500
51/51 - 2s - 47ms/step - loss: 0.6669 - val_loss: 0.6593
Epoch 204/500
51/51 - 2s - 47ms/step - loss: 0.6667 - val_loss: 0.6591
Epoch 205/500
51/51 - 2s - 48ms/step - loss: 0.6666 - val_loss: 0.6590
Epoch 206/500
51/51 - 2s - 48ms/step - loss: 0.6664 - val_loss: 0.6588
Epoch 207/500
51/51 - 2s - 48ms/step - loss: 0.6663 - val_loss: 0.6586
Epoch 208/500
51/51 - 2s - 48ms/step - loss: 0.6661 - val_loss: 0.6584
Epoch 209/500
51/51 - 2s - 48ms/step - loss: 0.6660 - val_loss: 0.6583
Epoch 210/500
51/51 - 3s - 49ms/step - loss: 0.6658 - val_loss: 0.6581
Epoch 211/500
51/51 - 2s - 49ms/step - loss: 0.6657 - val_loss: 0.6580
Epoch 212/500
51/51 - 2s - 49ms/step - loss: 0.6655 - val_loss: 0.6578
Epoch 213/500
51/51 - 982s - 19s/step - loss: 0.6654 - val_loss: 0.6576
Epoch 214/500
51/51 - 2s - 47ms/step - loss: 0.6652 - val_loss: 0.6575
Epoch 215/500
51/51 - 2s - 46ms/step - loss: 0.6651 - val_loss: 0.6573
Epoch 216/500
51/51 - 2s - 46ms/step - loss: 0.6650 - val_loss: 0.6572
Epoch 217/500
51/51 - 2s - 46ms/step - loss: 0.6648 - val_loss: 0.6570
Epoch 218/500
51/51 - 2s - 47ms/step - loss: 0.6647 - val_loss: 0.6569
Epoch 219/500
51/51 - 2s - 46ms/step - loss: 0.6645 - val_loss: 0.6567
Epoch 220/500
51/51 - 2s - 47ms/step - loss: 0.6644 - val_loss: 0.6566
Epoch 221/500
51/51 - 2s - 47ms/step - loss: 0.6643 - val_loss: 0.6564
Epoch 222/500
51/51 - 2s - 47ms/step - loss: 0.6641 - val_loss: 0.6563
Epoch 223/500
51/51 - 2s - 47ms/step - loss: 0.6640 - val_loss: 0.6561
Epoch 224/500
51/51 - 2s - 47ms/step - loss: 0.6639 - val_loss: 0.6560
Epoch 225/500
51/51 - 2s - 47ms/step - loss: 0.6638 - val_loss: 0.6558
Epoch 226/500
51/51 - 2s - 47ms/step - loss: 0.6636 - val_loss: 0.6557
Epoch 227/500
51/51 - 2s - 48ms/step - loss: 0.6635 - val_loss: 0.6556
Epoch 228/500
51/51 - 2s - 48ms/step - loss: 0.6634 - val_loss: 0.6554
Epoch 229/500
51/51 - 2s - 48ms/step - loss: 0.6633 - val_loss: 0.6553
Epoch 230/500
51/51 - 2s - 48ms/step - loss: 0.6631 - val_loss: 0.6551
Epoch 231/500
51/51 - 2s - 48ms/step - loss: 0.6630 - val_loss: 0.6550
Epoch 232/500
51/51 - 2s - 48ms/step - loss: 0.6629 - val_loss: 0.6549
Epoch 233/500
51/51 - 429s - 8s/step - loss: 0.6628 - val_loss: 0.6547
Epoch 234/500
51/51 - 2s - 46ms/step - loss: 0.6627 - val_loss: 0.6546
Epoch 235/500
51/51 - 2s - 47ms/step - loss: 0.6625 - val_loss: 0.6545
Epoch 236/500
51/51 - 2s - 46ms/step - loss: 0.6624 - val_loss: 0.6544
Epoch 237/500
51/51 - 2s - 46ms/step - loss: 0.6623 - val_loss: 0.6542
Epoch 238/500
51/51 - 2s - 47ms/step - loss: 0.6622 - val_loss: 0.6541
Epoch 239/500
51/51 - 2s - 48ms/step - loss: 0.6621 - val_loss: 0.6540
Epoch 240/500
51/51 - 2s - 47ms/step - loss: 0.6620 - val_loss: 0.6539
Epoch 241/500
51/51 - 2s - 47ms/step - loss: 0.6619 - val_loss: 0.6537
Epoch 242/500
51/51 - 2s - 47ms/step - loss: 0.6618 - val_loss: 0.6536
Epoch 243/500
51/51 - 2s - 47ms/step - loss: 0.6617 - val_loss: 0.6535
Epoch 244/500
51/51 - 2s - 47ms/step - loss: 0.6615 - val_loss: 0.6534
Epoch 245/500
51/51 - 2s - 47ms/step - loss: 0.6614 - val_loss: 0.6533
Epoch 246/500
51/51 - 2s - 47ms/step - loss: 0.6613 - val_loss: 0.6531
Epoch 247/500
51/51 - 2s - 48ms/step - loss: 0.6612 - val_loss: 0.6530
Epoch 248/500
51/51 - 2s - 48ms/step - loss: 0.6611 - val_loss: 0.6529
Epoch 249/500
51/51 - 2s - 48ms/step - loss: 0.6610 - val_loss: 0.6528
Epoch 250/500
51/51 - 2s - 48ms/step - loss: 0.6609 - val_loss: 0.6527
Epoch 251/500
51/51 - 2s - 49ms/step - loss: 0.6608 - val_loss: 0.6526
Epoch 252/500
51/51 - 948s - 19s/step - loss: 0.6607 - val_loss: 0.6525
Epoch 253/500
51/51 - 2s - 44ms/step - loss: 0.6606 - val_loss: 0.6524
Epoch 254/500
51/51 - 2s - 46ms/step - loss: 0.6605 - val_loss: 0.6522
Epoch 255/500
51/51 - 2s - 46ms/step - loss: 0.6604 - val_loss: 0.6521
Epoch 256/500
51/51 - 2s - 46ms/step - loss: 0.6603 - val_loss: 0.6520
Epoch 257/500
51/51 - 2s - 46ms/step - loss: 0.6602 - val_loss: 0.6519
Epoch 258/500
51/51 - 2s - 46ms/step - loss: 0.6601 - val_loss: 0.6518
Epoch 259/500
51/51 - 2s - 46ms/step - loss: 0.6601 - val_loss: 0.6517
Epoch 260/500
51/51 - 2s - 47ms/step - loss: 0.6600 - val_loss: 0.6516
Epoch 261/500
51/51 - 2s - 48ms/step - loss: 0.6599 - val_loss: 0.6515
Epoch 262/500
51/51 - 2s - 47ms/step - loss: 0.6598 - val_loss: 0.6514
Epoch 263/500
51/51 - 2s - 47ms/step - loss: 0.6597 - val_loss: 0.6513
Epoch 264/500
51/51 - 2s - 47ms/step - loss: 0.6596 - val_loss: 0.6512
Epoch 265/500
51/51 - 2s - 47ms/step - loss: 0.6595 - val_loss: 0.6511
Epoch 266/500
51/51 - 2s - 47ms/step - loss: 0.6594 - val_loss: 0.6510
Epoch 267/500
51/51 - 2s - 47ms/step - loss: 0.6593 - val_loss: 0.6509
Epoch 268/500
51/51 - 2s - 48ms/step - loss: 0.6592 - val_loss: 0.6508
Epoch 269/500
51/51 - 2s - 48ms/step - loss: 0.6592 - val_loss: 0.6507
Epoch 270/500
51/51 - 2s - 48ms/step - loss: 0.6591 - val_loss: 0.6506
Epoch 271/500
51/51 - 2s - 48ms/step - loss: 0.6590 - val_loss: 0.6505
Epoch 272/500
51/51 - 1013s - 20s/step - loss: 0.6589 - val_loss: 0.6504
Epoch 273/500
51/51 - 2s - 49ms/step - loss: 0.6588 - val_loss: 0.6504
Epoch 274/500
51/51 - 3s - 50ms/step - loss: 0.6587 - val_loss: 0.6503
Epoch 275/500
51/51 - 2s - 46ms/step - loss: 0.6587 - val_loss: 0.6502
Epoch 276/500
51/51 - 2s - 47ms/step - loss: 0.6586 - val_loss: 0.6501
Epoch 277/500
51/51 - 2s - 47ms/step - loss: 0.6585 - val_loss: 0.6500
Epoch 278/500
51/51 - 2s - 47ms/step - loss: 0.6584 - val_loss: 0.6499
Epoch 279/500
51/51 - 2s - 47ms/step - loss: 0.6583 - val_loss: 0.6498
Epoch 280/500
51/51 - 2s - 47ms/step - loss: 0.6583 - val_loss: 0.6497
Epoch 281/500
51/51 - 2s - 47ms/step - loss: 0.6582 - val_loss: 0.6497
Epoch 282/500
51/51 - 2s - 47ms/step - loss: 0.6581 - val_loss: 0.6496
Epoch 283/500
51/51 - 2s - 47ms/step - loss: 0.6580 - val_loss: 0.6495
Epoch 284/500
51/51 - 2s - 47ms/step - loss: 0.6580 - val_loss: 0.6494
Epoch 285/500
51/51 - 2s - 47ms/step - loss: 0.6579 - val_loss: 0.6493
Epoch 286/500
51/51 - 2s - 49ms/step - loss: 0.6578 - val_loss: 0.6492
Epoch 287/500
51/51 - 2s - 48ms/step - loss: 0.6577 - val_loss: 0.6492
Epoch 288/500
51/51 - 2s - 48ms/step - loss: 0.6577 - val_loss: 0.6491
Epoch 289/500
51/51 - 2s - 48ms/step - loss: 0.6576 - val_loss: 0.6490
Epoch 290/500
51/51 - 2s - 48ms/step - loss: 0.6575 - val_loss: 0.6489
Epoch 291/500
51/51 - 2s - 48ms/step - loss: 0.6574 - val_loss: 0.6488
Epoch 292/500
51/51 - 2s - 48ms/step - loss: 0.6574 - val_loss: 0.6488
Epoch 293/500
51/51 - 2s - 48ms/step - loss: 0.6573 - val_loss: 0.6487
Epoch 294/500
51/51 - 2s - 48ms/step - loss: 0.6572 - val_loss: 0.6486
Epoch 295/500
51/51 - 2s - 48ms/step - loss: 0.6572 - val_loss: 0.6485
Epoch 296/500
51/51 - 2s - 48ms/step - loss: 0.6571 - val_loss: 0.6485
Epoch 297/500
51/51 - 2s - 49ms/step - loss: 0.6570 - val_loss: 0.6484
Epoch 298/500
51/51 - 1006s - 20s/step - loss: 0.6570 - val_loss: 0.6483
Epoch 299/500
51/51 - 2s - 46ms/step - loss: 0.6569 - val_loss: 0.6482
Epoch 300/500
51/51 - 2s - 46ms/step - loss: 0.6568 - val_loss: 0.6482
Epoch 301/500
51/51 - 2s - 46ms/step - loss: 0.6568 - val_loss: 0.6481
Epoch 302/500
51/51 - 2s - 46ms/step - loss: 0.6567 - val_loss: 0.6480
Epoch 303/500
51/51 - 2s - 46ms/step - loss: 0.6566 - val_loss: 0.6479
Epoch 304/500
51/51 - 2s - 46ms/step - loss: 0.6566 - val_loss: 0.6479
Epoch 305/500
51/51 - 2s - 47ms/step - loss: 0.6565 - val_loss: 0.6478
Epoch 306/500
51/51 - 2s - 46ms/step - loss: 0.6564 - val_loss: 0.6477
Epoch 307/500
51/51 - 2s - 47ms/step - loss: 0.6564 - val_loss: 0.6477
Epoch 308/500
51/51 - 2s - 47ms/step - loss: 0.6563 - val_loss: 0.6476
Epoch 309/500
51/51 - 2s - 47ms/step - loss: 0.6562 - val_loss: 0.6475
Epoch 310/500
51/51 - 2s - 47ms/step - loss: 0.6562 - val_loss: 0.6475
Epoch 311/500
51/51 - 2s - 48ms/step - loss: 0.6561 - val_loss: 0.6474
Epoch 312/500
51/51 - 2s - 47ms/step - loss: 0.6561 - val_loss: 0.6473
Epoch 313/500
51/51 - 2s - 48ms/step - loss: 0.6560 - val_loss: 0.6473
Epoch 314/500
51/51 - 2s - 48ms/step - loss: 0.6559 - val_loss: 0.6472
Epoch 315/500
51/51 - 2s - 48ms/step - loss: 0.6559 - val_loss: 0.6471
Epoch 316/500
51/51 - 2s - 48ms/step - loss: 0.6558 - val_loss: 0.6471
Epoch 317/500
51/51 - 2s - 48ms/step - loss: 0.6558 - val_loss: 0.6470
Epoch 318/500
51/51 - 926s - 18s/step - loss: 0.6557 - val_loss: 0.6470
Epoch 319/500
51/51 - 2s - 46ms/step - loss: 0.6556 - val_loss: 0.6469
Epoch 320/500
51/51 - 2s - 46ms/step - loss: 0.6556 - val_loss: 0.6468
Epoch 321/500
51/51 - 2s - 46ms/step - loss: 0.6555 - val_loss: 0.6468
Epoch 322/500
51/51 - 2s - 46ms/step - loss: 0.6555 - val_loss: 0.6467
Epoch 323/500
51/51 - 2s - 46ms/step - loss: 0.6554 - val_loss: 0.6466
Epoch 324/500
51/51 - 2s - 47ms/step - loss: 0.6554 - val_loss: 0.6466
Epoch 325/500
51/51 - 2s - 46ms/step - loss: 0.6553 - val_loss: 0.6465
Epoch 326/500
51/51 - 2s - 47ms/step - loss: 0.6552 - val_loss: 0.6465
Epoch 327/500
51/51 - 2s - 47ms/step - loss: 0.6552 - val_loss: 0.6464
Epoch 328/500
51/51 - 2s - 47ms/step - loss: 0.6551 - val_loss: 0.6463
Epoch 329/500
51/51 - 2s - 47ms/step - loss: 0.6551 - val_loss: 0.6463
Epoch 330/500
51/51 - 2s - 47ms/step - loss: 0.6550 - val_loss: 0.6462
Epoch 331/500
51/51 - 2s - 47ms/step - loss: 0.6550 - val_loss: 0.6462
Epoch 332/500
51/51 - 2s - 47ms/step - loss: 0.6549 - val_loss: 0.6461
Epoch 333/500
51/51 - 2s - 47ms/step - loss: 0.6549 - val_loss: 0.6461
Epoch 334/500
51/51 - 2s - 47ms/step - loss: 0.6548 - val_loss: 0.6460
Epoch 335/500
51/51 - 2s - 48ms/step - loss: 0.6548 - val_loss: 0.6460
Epoch 336/500
51/51 - 2s - 49ms/step - loss: 0.6547 - val_loss: 0.6459
Epoch 337/500
51/51 - 2s - 48ms/step - loss: 0.6547 - val_loss: 0.6458
Epoch 338/500
51/51 - 3s - 54ms/step - loss: 0.6546 - val_loss: 0.6458
Epoch 339/500
51/51 - 2s - 48ms/step - loss: 0.6546 - val_loss: 0.6457
Epoch 340/500
51/51 - 2s - 48ms/step - loss: 0.6545 - val_loss: 0.6457
Epoch 341/500
51/51 - 2s - 48ms/step - loss: 0.6545 - val_loss: 0.6456
Epoch 342/500
51/51 - 2s - 48ms/step - loss: 0.6544 - val_loss: 0.6456
Epoch 343/500
51/51 - 2s - 49ms/step - loss: 0.6544 - val_loss: 0.6455
Epoch 344/500
51/51 - 2s - 49ms/step - loss: 0.6543 - val_loss: 0.6455
Epoch 345/500
51/51 - 2s - 49ms/step - loss: 0.6543 - val_loss: 0.6454
Epoch 346/500
51/51 - 2s - 49ms/step - loss: 0.6542 - val_loss: 0.6454
Epoch 347/500
51/51 - 2s - 49ms/step - loss: 0.6542 - val_loss: 0.6453
Epoch 348/500
51/51 - 2s - 49ms/step - loss: 0.6541 - val_loss: 0.6453
Epoch 349/500
51/51 - 2s - 49ms/step - loss: 0.6541 - val_loss: 0.6452
Epoch 350/500
51/51 - 2s - 49ms/step - loss: 0.6540 - val_loss: 0.6452
Epoch 351/500
51/51 - 2s - 49ms/step - loss: 0.6540 - val_loss: 0.6451
Epoch 352/500
51/51 - 3s - 49ms/step - loss: 0.6539 - val_loss: 0.6451
Epoch 353/500
51/51 - 3s - 49ms/step - loss: 0.6539 - val_loss: 0.6450
Epoch 354/500
51/51 - 3s - 49ms/step - loss: 0.6538 - val_loss: 0.6450
Epoch 355/500
51/51 - 3s - 49ms/step - loss: 0.6538 - val_loss: 0.6449
Epoch 356/500
51/51 - 3s - 49ms/step - loss: 0.6537 - val_loss: 0.6449
Epoch 357/500
51/51 - 204s - 4s/step - loss: 0.6537 - val_loss: 0.6448
Epoch 358/500
51/51 - 2s - 46ms/step - loss: 0.6536 - val_loss: 0.6448
Epoch 359/500
51/51 - 2s - 47ms/step - loss: 0.6536 - val_loss: 0.6447
Epoch 360/500
51/51 - 2s - 47ms/step - loss: 0.6536 - val_loss: 0.6447
Epoch 361/500
51/51 - 2s - 49ms/step - loss: 0.6535 - val_loss: 0.6446
Epoch 362/500
51/51 - 2s - 47ms/step - loss: 0.6535 - val_loss: 0.6446
Epoch 363/500
51/51 - 2s - 48ms/step - loss: 0.6534 - val_loss: 0.6445
Epoch 364/500
51/51 - 2s - 47ms/step - loss: 0.6534 - val_loss: 0.6445
Epoch 365/500
51/51 - 2s - 47ms/step - loss: 0.6533 - val_loss: 0.6445
Epoch 366/500
51/51 - 2s - 48ms/step - loss: 0.6533 - val_loss: 0.6444
Epoch 367/500
51/51 - 2s - 48ms/step - loss: 0.6532 - val_loss: 0.6444
Epoch 368/500
51/51 - 2s - 48ms/step - loss: 0.6532 - val_loss: 0.6443
Epoch 369/500
51/51 - 2s - 48ms/step - loss: 0.6532 - val_loss: 0.6443
Epoch 370/500
51/51 - 2s - 48ms/step - loss: 0.6531 - val_loss: 0.6442
Epoch 371/500
51/51 - 2s - 48ms/step - loss: 0.6531 - val_loss: 0.6442
Epoch 372/500
51/51 - 2s - 49ms/step - loss: 0.6530 - val_loss: 0.6441
Epoch 373/500
51/51 - 2s - 49ms/step - loss: 0.6530 - val_loss: 0.6441
Epoch 374/500
51/51 - 2s - 49ms/step - loss: 0.6529 - val_loss: 0.6441
Epoch 375/500
51/51 - 2s - 49ms/step - loss: 0.6529 - val_loss: 0.6440
Epoch 376/500
51/51 - 988s - 19s/step - loss: 0.6529 - val_loss: 0.6440
Epoch 377/500
51/51 - 2s - 46ms/step - loss: 0.6528 - val_loss: 0.6439
Epoch 378/500
51/51 - 2s - 46ms/step - loss: 0.6528 - val_loss: 0.6439
Epoch 379/500
51/51 - 2s - 46ms/step - loss: 0.6527 - val_loss: 0.6439
Epoch 380/500
51/51 - 2s - 46ms/step - loss: 0.6527 - val_loss: 0.6438
Epoch 381/500
51/51 - 2s - 47ms/step - loss: 0.6527 - val_loss: 0.6438
Epoch 382/500
51/51 - 2s - 46ms/step - loss: 0.6526 - val_loss: 0.6437
Epoch 383/500
51/51 - 2s - 46ms/step - loss: 0.6526 - val_loss: 0.6437
Epoch 384/500
51/51 - 2s - 47ms/step - loss: 0.6525 - val_loss: 0.6436
Epoch 385/500
51/51 - 2s - 47ms/step - loss: 0.6525 - val_loss: 0.6436
Epoch 386/500
51/51 - 2s - 49ms/step - loss: 0.6525 - val_loss: 0.6436
Epoch 387/500
51/51 - 2s - 48ms/step - loss: 0.6524 - val_loss: 0.6435
Epoch 388/500
51/51 - 2s - 47ms/step - loss: 0.6524 - val_loss: 0.6435
Epoch 389/500
51/51 - 2s - 47ms/step - loss: 0.6523 - val_loss: 0.6434
Epoch 390/500
51/51 - 2s - 48ms/step - loss: 0.6523 - val_loss: 0.6434
Epoch 391/500
51/51 - 2s - 48ms/step - loss: 0.6523 - val_loss: 0.6434
Epoch 392/500
51/51 - 2s - 48ms/step - loss: 0.6522 - val_loss: 0.6433
Epoch 393/500
51/51 - 2s - 48ms/step - loss: 0.6522 - val_loss: 0.6433
Epoch 394/500
51/51 - 2s - 48ms/step - loss: 0.6522 - val_loss: 0.6433
Epoch 395/500
51/51 - 2s - 48ms/step - loss: 0.6521 - val_loss: 0.6432
Epoch 396/500
51/51 - 2s - 48ms/step - loss: 0.6521 - val_loss: 0.6432
Epoch 397/500
51/51 - 2s - 48ms/step - loss: 0.6520 - val_loss: 0.6431
Epoch 398/500
51/51 - 2s - 48ms/step - loss: 0.6520 - val_loss: 0.6431
Epoch 399/500
51/51 - 2s - 48ms/step - loss: 0.6520 - val_loss: 0.6431
Epoch 400/500
51/51 - 2s - 48ms/step - loss: 0.6519 - val_loss: 0.6430
Epoch 401/500
51/51 - 2s - 49ms/step - loss: 0.6519 - val_loss: 0.6430
Epoch 402/500
51/51 - 612s - 12s/step - loss: 0.6519 - val_loss: 0.6430
Epoch 403/500
51/51 - 2s - 47ms/step - loss: 0.6518 - val_loss: 0.6429
Epoch 404/500
51/51 - 2s - 46ms/step - loss: 0.6518 - val_loss: 0.6429
Epoch 405/500
51/51 - 2s - 46ms/step - loss: 0.6518 - val_loss: 0.6428
Epoch 406/500
51/51 - 2s - 47ms/step - loss: 0.6517 - val_loss: 0.6428
Epoch 407/500
51/51 - 2s - 46ms/step - loss: 0.6517 - val_loss: 0.6428
Epoch 408/500
51/51 - 2s - 46ms/step - loss: 0.6516 - val_loss: 0.6427
Epoch 409/500
51/51 - 2s - 47ms/step - loss: 0.6516 - val_loss: 0.6427
Epoch 410/500
51/51 - 2s - 47ms/step - loss: 0.6516 - val_loss: 0.6427
Epoch 411/500
51/51 - 2s - 49ms/step - loss: 0.6515 - val_loss: 0.6426
Epoch 412/500
51/51 - 2s - 47ms/step - loss: 0.6515 - val_loss: 0.6426
Epoch 413/500
51/51 - 2s - 48ms/step - loss: 0.6515 - val_loss: 0.6426
Epoch 414/500
51/51 - 2s - 48ms/step - loss: 0.6514 - val_loss: 0.6425
Epoch 415/500
51/51 - 2s - 48ms/step - loss: 0.6514 - val_loss: 0.6425
Epoch 416/500
51/51 - 2s - 48ms/step - loss: 0.6514 - val_loss: 0.6425
Epoch 417/500
51/51 - 2s - 48ms/step - loss: 0.6513 - val_loss: 0.6424
Epoch 418/500
51/51 - 2s - 48ms/step - loss: 0.6513 - val_loss: 0.6424
Epoch 419/500
51/51 - 2s - 48ms/step - loss: 0.6513 - val_loss: 0.6424
Epoch 420/500
51/51 - 2s - 48ms/step - loss: 0.6512 - val_loss: 0.6423
Epoch 421/500
51/51 - 43s - 840ms/step - loss: 0.6512 - val_loss: 0.6423
Epoch 422/500
51/51 - 3s - 49ms/step - loss: 0.6512 - val_loss: 0.6423
Epoch 423/500
51/51 - 2s - 48ms/step - loss: 0.6511 - val_loss: 0.6422
Epoch 424/500
51/51 - 2s - 48ms/step - loss: 0.6511 - val_loss: 0.6422
Epoch 425/500
51/51 - 2s - 48ms/step - loss: 0.6511 - val_loss: 0.6422
Epoch 426/500
51/51 - 2s - 48ms/step - loss: 0.6510 - val_loss: 0.6421
Epoch 427/500
51/51 - 2s - 48ms/step - loss: 0.6510 - val_loss: 0.6421
Epoch 428/500
51/51 - 2s - 48ms/step - loss: 0.6510 - val_loss: 0.6421
Epoch 429/500
51/51 - 2s - 48ms/step - loss: 0.6509 - val_loss: 0.6420
Epoch 430/500
51/51 - 2s - 48ms/step - loss: 0.6509 - val_loss: 0.6420
Epoch 431/500
51/51 - 2s - 48ms/step - loss: 0.6509 - val_loss: 0.6420
Epoch 432/500
51/51 - 2s - 49ms/step - loss: 0.6509 - val_loss: 0.6419
Epoch 433/500
51/51 - 2s - 49ms/step - loss: 0.6508 - val_loss: 0.6419
Epoch 434/500
51/51 - 2s - 49ms/step - loss: 0.6508 - val_loss: 0.6419
Epoch 435/500
51/51 - 3s - 50ms/step - loss: 0.6508 - val_loss: 0.6418
Epoch 436/500
51/51 - 2s - 49ms/step - loss: 0.6507 - val_loss: 0.6418
Epoch 437/500
51/51 - 2s - 49ms/step - loss: 0.6507 - val_loss: 0.6418
Epoch 438/500
51/51 - 2s - 49ms/step - loss: 0.6507 - val_loss: 0.6417
Epoch 439/500
51/51 - 2s - 49ms/step - loss: 0.6506 - val_loss: 0.6417
Epoch 440/500
51/51 - 2s - 49ms/step - loss: 0.6506 - val_loss: 0.6417
Epoch 441/500
51/51 - 468s - 9s/step - loss: 0.6506 - val_loss: 0.6416
Epoch 442/500
51/51 - 2s - 46ms/step - loss: 0.6505 - val_loss: 0.6416
Epoch 443/500
51/51 - 2s - 47ms/step - loss: 0.6505 - val_loss: 0.6416
Epoch 444/500
51/51 - 2s - 47ms/step - loss: 0.6505 - val_loss: 0.6416
Epoch 445/500
51/51 - 2s - 47ms/step - loss: 0.6505 - val_loss: 0.6415
Epoch 446/500
51/51 - 2s - 47ms/step - loss: 0.6504 - val_loss: 0.6415
Epoch 447/500
51/51 - 2s - 47ms/step - loss: 0.6504 - val_loss: 0.6415
Epoch 448/500
51/51 - 2s - 47ms/step - loss: 0.6504 - val_loss: 0.6414
Epoch 449/500
51/51 - 2s - 47ms/step - loss: 0.6503 - val_loss: 0.6414
Epoch 450/500
51/51 - 2s - 48ms/step - loss: 0.6503 - val_loss: 0.6414
Epoch 451/500
51/51 - 2s - 48ms/step - loss: 0.6503 - val_loss: 0.6413
Epoch 452/500
51/51 - 2s - 48ms/step - loss: 0.6502 - val_loss: 0.6413
Epoch 453/500
51/51 - 2s - 48ms/step - loss: 0.6502 - val_loss: 0.6413
Epoch 454/500
51/51 - 2s - 48ms/step - loss: 0.6502 - val_loss: 0.6413
Epoch 455/500
51/51 - 2s - 48ms/step - loss: 0.6502 - val_loss: 0.6412
Epoch 456/500
51/51 - 2s - 48ms/step - loss: 0.6501 - val_loss: 0.6412
Epoch 457/500
51/51 - 2s - 48ms/step - loss: 0.6501 - val_loss: 0.6412
Epoch 458/500
51/51 - 2s - 48ms/step - loss: 0.6501 - val_loss: 0.6411
Epoch 459/500
51/51 - 2s - 48ms/step - loss: 0.6501 - val_loss: 0.6411
Epoch 460/500
51/51 - 75s - 1s/step - loss: 0.6500 - val_loss: 0.6411
Epoch 461/500
51/51 - 2s - 47ms/step - loss: 0.6500 - val_loss: 0.6411
Epoch 462/500
51/51 - 2s - 47ms/step - loss: 0.6500 - val_loss: 0.6410
Epoch 463/500
51/51 - 2s - 48ms/step - loss: 0.6499 - val_loss: 0.6410
Epoch 464/500
51/51 - 2s - 48ms/step - loss: 0.6499 - val_loss: 0.6410
Epoch 465/500
51/51 - 2s - 48ms/step - loss: 0.6499 - val_loss: 0.6409
Epoch 466/500
51/51 - 2s - 48ms/step - loss: 0.6499 - val_loss: 0.6409
Epoch 467/500
51/51 - 2s - 48ms/step - loss: 0.6498 - val_loss: 0.6409
Epoch 468/500
51/51 - 2s - 48ms/step - loss: 0.6498 - val_loss: 0.6409
Epoch 469/500
51/51 - 2s - 48ms/step - loss: 0.6498 - val_loss: 0.6408
Epoch 470/500
51/51 - 2s - 49ms/step - loss: 0.6498 - val_loss: 0.6408
Epoch 471/500
51/51 - 2s - 49ms/step - loss: 0.6497 - val_loss: 0.6408
Epoch 472/500
51/51 - 2s - 49ms/step - loss: 0.6497 - val_loss: 0.6408
Epoch 473/500
51/51 - 2s - 49ms/step - loss: 0.6497 - val_loss: 0.6407
Epoch 474/500
51/51 - 3s - 49ms/step - loss: 0.6496 - val_loss: 0.6407
Epoch 475/500
51/51 - 3s - 49ms/step - loss: 0.6496 - val_loss: 0.6407
Epoch 476/500
51/51 - 3s - 49ms/step - loss: 0.6496 - val_loss: 0.6406
Epoch 477/500
51/51 - 3s - 49ms/step - loss: 0.6496 - val_loss: 0.6406
Epoch 478/500
51/51 - 3s - 49ms/step - loss: 0.6495 - val_loss: 0.6406
Epoch 479/500
51/51 - 435s - 9s/step - loss: 0.6495 - val_loss: 0.6406
Epoch 480/500
51/51 - 2s - 47ms/step - loss: 0.6495 - val_loss: 0.6405
Epoch 481/500
51/51 - 2s - 46ms/step - loss: 0.6495 - val_loss: 0.6405
Epoch 482/500
51/51 - 2s - 47ms/step - loss: 0.6494 - val_loss: 0.6405
Epoch 483/500
51/51 - 2s - 47ms/step - loss: 0.6494 - val_loss: 0.6405
Epoch 484/500
51/51 - 2s - 47ms/step - loss: 0.6494 - val_loss: 0.6404
Epoch 485/500
51/51 - 3s - 54ms/step - loss: 0.6494 - val_loss: 0.6404
Epoch 486/500
51/51 - 2s - 48ms/step - loss: 0.6493 - val_loss: 0.6404
Epoch 487/500
51/51 - 2s - 48ms/step - loss: 0.6493 - val_loss: 0.6404
Epoch 488/500
51/51 - 2s - 48ms/step - loss: 0.6493 - val_loss: 0.6403
Epoch 489/500
51/51 - 2s - 48ms/step - loss: 0.6493 - val_loss: 0.6403
Epoch 490/500
51/51 - 2s - 48ms/step - loss: 0.6492 - val_loss: 0.6403
Epoch 491/500
51/51 - 2s - 48ms/step - loss: 0.6492 - val_loss: 0.6403
Epoch 492/500
51/51 - 2s - 48ms/step - loss: 0.6492 - val_loss: 0.6402
Epoch 493/500
51/51 - 2s - 48ms/step - loss: 0.6492 - val_loss: 0.6402
Epoch 494/500
51/51 - 2s - 48ms/step - loss: 0.6491 - val_loss: 0.6402
Epoch 495/500
51/51 - 2s - 48ms/step - loss: 0.6491 - val_loss: 0.6402
Epoch 496/500
51/51 - 2s - 49ms/step - loss: 0.6491 - val_loss: 0.6401
Epoch 497/500
51/51 - 2s - 49ms/step - loss: 0.6491 - val_loss: 0.6401
Epoch 498/500
51/51 - 68s - 1s/step - loss: 0.6490 - val_loss: 0.6401
Epoch 499/500
51/51 - 2s - 47ms/step - loss: 0.6490 - val_loss: 0.6401
Epoch 500/500
51/51 - 2s - 48ms/step - loss: 0.6490 - val_loss: 0.6400
[Run 3/5] Training shared encoder (weighted, sigmoid head, baseline preprocessing)...
Epoch 1/500
51/51 - 3s - 56ms/step - loss: 0.9961 - val_loss: 0.9958
Epoch 2/500
51/51 - 3s - 54ms/step - loss: 0.9779 - val_loss: 0.9791
Epoch 3/500
51/51 - 3s - 55ms/step - loss: 0.9613 - val_loss: 0.9638
Epoch 4/500
51/51 - 3s - 53ms/step - loss: 0.9458 - val_loss: 0.9494
Epoch 5/500
51/51 - 3s - 54ms/step - loss: 0.9314 - val_loss: 0.9362
Epoch 6/500
51/51 - 3s - 54ms/step - loss: 0.9184 - val_loss: 0.9242
Epoch 7/500
51/51 - 3s - 54ms/step - loss: 0.9066 - val_loss: 0.9132
Epoch 8/500
51/51 - 3s - 55ms/step - loss: 0.8957 - val_loss: 0.9031
Epoch 9/500
51/51 - 3s - 54ms/step - loss: 0.8860 - val_loss: 0.8941
Epoch 10/500
51/51 - 3s - 54ms/step - loss: 0.8777 - val_loss: 0.8862
Epoch 11/500
51/51 - 3s - 54ms/step - loss: 0.8703 - val_loss: 0.8790
Epoch 12/500
51/51 - 3s - 54ms/step - loss: 0.8635 - val_loss: 0.8724
Epoch 13/500
51/51 - 3s - 54ms/step - loss: 0.8574 - val_loss: 0.8663
Epoch 14/500
51/51 - 3s - 54ms/step - loss: 0.8517 - val_loss: 0.8607
Epoch 15/500
51/51 - 3s - 54ms/step - loss: 0.8465 - val_loss: 0.8555
Epoch 16/500
51/51 - 229s - 4s/step - loss: 0.8416 - val_loss: 0.8506
Epoch 17/500
51/51 - 3s - 52ms/step - loss: 0.8370 - val_loss: 0.8461
Epoch 18/500
51/51 - 3s - 52ms/step - loss: 0.8327 - val_loss: 0.8417
Epoch 19/500
51/51 - 3s - 52ms/step - loss: 0.8285 - val_loss: 0.8376
Epoch 20/500
51/51 - 3s - 52ms/step - loss: 0.8246 - val_loss: 0.8337
Epoch 21/500
51/51 - 3s - 52ms/step - loss: 0.8208 - val_loss: 0.8299
Epoch 22/500
51/51 - 3s - 53ms/step - loss: 0.8172 - val_loss: 0.8263
Epoch 23/500
51/51 - 3s - 53ms/step - loss: 0.8136 - val_loss: 0.8228
Epoch 24/500
51/51 - 3s - 53ms/step - loss: 0.8103 - val_loss: 0.8195
Epoch 25/500
51/51 - 3s - 53ms/step - loss: 0.8070 - val_loss: 0.8162
Epoch 26/500
51/51 - 3s - 53ms/step - loss: 0.8038 - val_loss: 0.8131
Epoch 27/500
51/51 - 3s - 53ms/step - loss: 0.8008 - val_loss: 0.8100
Epoch 28/500
51/51 - 3s - 53ms/step - loss: 0.7978 - val_loss: 0.8070
Epoch 29/500
51/51 - 3s - 54ms/step - loss: 0.7949 - val_loss: 0.8041
Epoch 30/500
51/51 - 3s - 53ms/step - loss: 0.7921 - val_loss: 0.8013
Epoch 31/500
51/51 - 3s - 55ms/step - loss: 0.7894 - val_loss: 0.7985
Epoch 32/500
51/51 - 3s - 53ms/step - loss: 0.7868 - val_loss: 0.7958
Epoch 33/500
51/51 - 174s - 3s/step - loss: 0.7842 - val_loss: 0.7932
Epoch 34/500
51/51 - 3s - 49ms/step - loss: 0.7817 - val_loss: 0.7906
Epoch 35/500
51/51 - 3s - 52ms/step - loss: 0.7793 - val_loss: 0.7882
Epoch 36/500
51/51 - 3s - 52ms/step - loss: 0.7770 - val_loss: 0.7858
Epoch 37/500
51/51 - 3s - 52ms/step - loss: 0.7748 - val_loss: 0.7835
Epoch 38/500
51/51 - 3s - 53ms/step - loss: 0.7726 - val_loss: 0.7813
Epoch 39/500
51/51 - 3s - 53ms/step - loss: 0.7705 - val_loss: 0.7791
Epoch 40/500
51/51 - 3s - 53ms/step - loss: 0.7685 - val_loss: 0.7771
Epoch 41/500
51/51 - 3s - 53ms/step - loss: 0.7666 - val_loss: 0.7751
Epoch 42/500
51/51 - 3s - 53ms/step - loss: 0.7648 - val_loss: 0.7732
Epoch 43/500
51/51 - 3s - 53ms/step - loss: 0.7630 - val_loss: 0.7714
Epoch 44/500
51/51 - 3s - 54ms/step - loss: 0.7613 - val_loss: 0.7696
Epoch 45/500
51/51 - 3s - 54ms/step - loss: 0.7597 - val_loss: 0.7679
Epoch 46/500
51/51 - 3s - 53ms/step - loss: 0.7581 - val_loss: 0.7663
Epoch 47/500
51/51 - 3s - 54ms/step - loss: 0.7565 - val_loss: 0.7647
Epoch 48/500
51/51 - 3s - 54ms/step - loss: 0.7551 - val_loss: 0.7631
Epoch 49/500
51/51 - 3s - 54ms/step - loss: 0.7536 - val_loss: 0.7616
Epoch 50/500
51/51 - 3s - 54ms/step - loss: 0.7522 - val_loss: 0.7602
Epoch 51/500
51/51 - 105s - 2s/step - loss: 0.7509 - val_loss: 0.7588
Epoch 52/500
51/51 - 3s - 52ms/step - loss: 0.7496 - val_loss: 0.7574
Epoch 53/500
51/51 - 3s - 54ms/step - loss: 0.7483 - val_loss: 0.7561
Epoch 54/500
51/51 - 3s - 53ms/step - loss: 0.7471 - val_loss: 0.7548
Epoch 55/500
51/51 - 3s - 53ms/step - loss: 0.7459 - val_loss: 0.7535
Epoch 56/500
51/51 - 3s - 53ms/step - loss: 0.7448 - val_loss: 0.7523
Epoch 57/500
51/51 - 3s - 53ms/step - loss: 0.7436 - val_loss: 0.7511
Epoch 58/500
51/51 - 3s - 53ms/step - loss: 0.7425 - val_loss: 0.7499
Epoch 59/500
51/51 - 3s - 53ms/step - loss: 0.7415 - val_loss: 0.7487
Epoch 60/500
51/51 - 3s - 53ms/step - loss: 0.7404 - val_loss: 0.7476
Epoch 61/500
51/51 - 3s - 54ms/step - loss: 0.7394 - val_loss: 0.7465
Epoch 62/500
51/51 - 3s - 53ms/step - loss: 0.7384 - val_loss: 0.7454
Epoch 63/500
51/51 - 3s - 53ms/step - loss: 0.7374 - val_loss: 0.7444
Epoch 64/500
51/51 - 3s - 54ms/step - loss: 0.7365 - val_loss: 0.7434
Epoch 65/500
51/51 - 3s - 54ms/step - loss: 0.7356 - val_loss: 0.7424
Epoch 66/500
51/51 - 3s - 54ms/step - loss: 0.7347 - val_loss: 0.7414
Epoch 67/500
51/51 - 3s - 54ms/step - loss: 0.7338 - val_loss: 0.7404
Epoch 68/500
51/51 - 405s - 8s/step - loss: 0.7329 - val_loss: 0.7395
Epoch 69/500
51/51 - 3s - 51ms/step - loss: 0.7321 - val_loss: 0.7386
Epoch 70/500
51/51 - 3s - 52ms/step - loss: 0.7313 - val_loss: 0.7377
Epoch 71/500
51/51 - 3s - 52ms/step - loss: 0.7304 - val_loss: 0.7368
Epoch 72/500
51/51 - 3s - 52ms/step - loss: 0.7296 - val_loss: 0.7360
Epoch 73/500
51/51 - 3s - 52ms/step - loss: 0.7289 - val_loss: 0.7351
Epoch 74/500
51/51 - 3s - 52ms/step - loss: 0.7281 - val_loss: 0.7343
Epoch 75/500
51/51 - 3s - 52ms/step - loss: 0.7274 - val_loss: 0.7335
Epoch 76/500
51/51 - 3s - 54ms/step - loss: 0.7266 - val_loss: 0.7327
Epoch 77/500
51/51 - 3s - 53ms/step - loss: 0.7259 - val_loss: 0.7319
Epoch 78/500
51/51 - 3s - 53ms/step - loss: 0.7252 - val_loss: 0.7311
Epoch 79/500
51/51 - 3s - 53ms/step - loss: 0.7245 - val_loss: 0.7304
Epoch 80/500
51/51 - 3s - 53ms/step - loss: 0.7238 - val_loss: 0.7296
Epoch 81/500
51/51 - 3s - 53ms/step - loss: 0.7231 - val_loss: 0.7289
Epoch 82/500
51/51 - 3s - 53ms/step - loss: 0.7225 - val_loss: 0.7282
Epoch 83/500
51/51 - 3s - 53ms/step - loss: 0.7218 - val_loss: 0.7275
Epoch 84/500
51/51 - 3s - 53ms/step - loss: 0.7212 - val_loss: 0.7268
Epoch 85/500
51/51 - 3s - 54ms/step - loss: 0.7205 - val_loss: 0.7261
Epoch 86/500
51/51 - 357s - 7s/step - loss: 0.7199 - val_loss: 0.7254
Epoch 87/500
51/51 - 3s - 51ms/step - loss: 0.7193 - val_loss: 0.7248
Epoch 88/500
51/51 - 3s - 52ms/step - loss: 0.7187 - val_loss: 0.7241
Epoch 89/500
51/51 - 3s - 52ms/step - loss: 0.7181 - val_loss: 0.7235
Epoch 90/500
51/51 - 3s - 52ms/step - loss: 0.7175 - val_loss: 0.7228
Epoch 91/500
51/51 - 3s - 52ms/step - loss: 0.7169 - val_loss: 0.7222
Epoch 92/500
51/51 - 3s - 52ms/step - loss: 0.7164 - val_loss: 0.7216
Epoch 93/500
51/51 - 3s - 52ms/step - loss: 0.7158 - val_loss: 0.7210
Epoch 94/500
51/51 - 3s - 53ms/step - loss: 0.7152 - val_loss: 0.7204
Epoch 95/500
51/51 - 3s - 53ms/step - loss: 0.7147 - val_loss: 0.7198
Epoch 96/500
51/51 - 3s - 53ms/step - loss: 0.7141 - val_loss: 0.7192
Epoch 97/500
51/51 - 3s - 53ms/step - loss: 0.7136 - val_loss: 0.7186
Epoch 98/500
51/51 - 3s - 54ms/step - loss: 0.7131 - val_loss: 0.7180
Epoch 99/500
51/51 - 3s - 53ms/step - loss: 0.7126 - val_loss: 0.7175
Epoch 100/500
51/51 - 3s - 53ms/step - loss: 0.7120 - val_loss: 0.7169
Epoch 101/500
51/51 - 3s - 54ms/step - loss: 0.7115 - val_loss: 0.7164
Epoch 102/500
51/51 - 3s - 53ms/step - loss: 0.7110 - val_loss: 0.7158
Epoch 103/500
51/51 - 155s - 3s/step - loss: 0.7105 - val_loss: 0.7153
Epoch 104/500
51/51 - 3s - 50ms/step - loss: 0.7100 - val_loss: 0.7148
Epoch 105/500
51/51 - 3s - 52ms/step - loss: 0.7095 - val_loss: 0.7142
Epoch 106/500
51/51 - 3s - 52ms/step - loss: 0.7091 - val_loss: 0.7137
Epoch 107/500
51/51 - 3s - 52ms/step - loss: 0.7086 - val_loss: 0.7132
Epoch 108/500
51/51 - 3s - 52ms/step - loss: 0.7081 - val_loss: 0.7127
Epoch 109/500
51/51 - 3s - 53ms/step - loss: 0.7076 - val_loss: 0.7122
Epoch 110/500
51/51 - 3s - 53ms/step - loss: 0.7072 - val_loss: 0.7117
Epoch 111/500
51/51 - 3s - 53ms/step - loss: 0.7067 - val_loss: 0.7112
Epoch 112/500
51/51 - 3s - 53ms/step - loss: 0.7063 - val_loss: 0.7107
Epoch 113/500
51/51 - 3s - 53ms/step - loss: 0.7058 - val_loss: 0.7103
Epoch 114/500
51/51 - 3s - 53ms/step - loss: 0.7054 - val_loss: 0.7098
Epoch 115/500
51/51 - 3s - 53ms/step - loss: 0.7049 - val_loss: 0.7093
Epoch 116/500
51/51 - 3s - 53ms/step - loss: 0.7045 - val_loss: 0.7089
Epoch 117/500
51/51 - 3s - 54ms/step - loss: 0.7041 - val_loss: 0.7084
Epoch 118/500
51/51 - 3s - 53ms/step - loss: 0.7037 - val_loss: 0.7079
Epoch 119/500
51/51 - 3s - 53ms/step - loss: 0.7032 - val_loss: 0.7075
Epoch 120/500
51/51 - 3s - 54ms/step - loss: 0.7028 - val_loss: 0.7071
Epoch 121/500
51/51 - 558s - 11s/step - loss: 0.7024 - val_loss: 0.7066
Epoch 122/500
51/51 - 3s - 51ms/step - loss: 0.7020 - val_loss: 0.7062
Epoch 123/500
51/51 - 3s - 51ms/step - loss: 0.7016 - val_loss: 0.7058
Epoch 124/500
51/51 - 3s - 51ms/step - loss: 0.7012 - val_loss: 0.7054
Epoch 125/500
51/51 - 3s - 51ms/step - loss: 0.7008 - val_loss: 0.7049
Epoch 126/500
51/51 - 3s - 52ms/step - loss: 0.7004 - val_loss: 0.7045
Epoch 127/500
51/51 - 3s - 52ms/step - loss: 0.7000 - val_loss: 0.7041
Epoch 128/500
51/51 - 3s - 52ms/step - loss: 0.6997 - val_loss: 0.7037
Epoch 129/500
51/51 - 3s - 53ms/step - loss: 0.6993 - val_loss: 0.7033
Epoch 130/500
51/51 - 3s - 52ms/step - loss: 0.6989 - val_loss: 0.7030
Epoch 131/500
51/51 - 3s - 53ms/step - loss: 0.6986 - val_loss: 0.7026
Epoch 132/500
51/51 - 3s - 53ms/step - loss: 0.6982 - val_loss: 0.7022
Epoch 133/500
51/51 - 3s - 53ms/step - loss: 0.6978 - val_loss: 0.7018
Epoch 134/500
51/51 - 3s - 53ms/step - loss: 0.6975 - val_loss: 0.7014
Epoch 135/500
51/51 - 3s - 53ms/step - loss: 0.6971 - val_loss: 0.7011
Epoch 136/500
51/51 - 3s - 53ms/step - loss: 0.6968 - val_loss: 0.7007
Epoch 137/500
51/51 - 3s - 53ms/step - loss: 0.6965 - val_loss: 0.7004
Epoch 138/500
51/51 - 3s - 53ms/step - loss: 0.6961 - val_loss: 0.7000
Epoch 139/500
51/51 - 75s - 1s/step - loss: 0.6958 - val_loss: 0.6997
Epoch 140/500
51/51 - 3s - 52ms/step - loss: 0.6955 - val_loss: 0.6993
Epoch 141/500
51/51 - 3s - 52ms/step - loss: 0.6951 - val_loss: 0.6990
Epoch 142/500
51/51 - 3s - 53ms/step - loss: 0.6948 - val_loss: 0.6986
Epoch 143/500
51/51 - 3s - 54ms/step - loss: 0.6945 - val_loss: 0.6983
Epoch 144/500
51/51 - 3s - 53ms/step - loss: 0.6942 - val_loss: 0.6980
Epoch 145/500
51/51 - 3s - 53ms/step - loss: 0.6939 - val_loss: 0.6977
Epoch 146/500
51/51 - 3s - 53ms/step - loss: 0.6936 - val_loss: 0.6973
Epoch 147/500
51/51 - 3s - 53ms/step - loss: 0.6933 - val_loss: 0.6970
Epoch 148/500
51/51 - 3s - 53ms/step - loss: 0.6930 - val_loss: 0.6967
Epoch 149/500
51/51 - 3s - 53ms/step - loss: 0.6927 - val_loss: 0.6964
Epoch 150/500
51/51 - 3s - 53ms/step - loss: 0.6924 - val_loss: 0.6961
Epoch 151/500
51/51 - 3s - 54ms/step - loss: 0.6921 - val_loss: 0.6958
Epoch 152/500
51/51 - 3s - 54ms/step - loss: 0.6918 - val_loss: 0.6955
Epoch 153/500
51/51 - 3s - 54ms/step - loss: 0.6915 - val_loss: 0.6952
Epoch 154/500
51/51 - 3s - 54ms/step - loss: 0.6912 - val_loss: 0.6949
Epoch 155/500
51/51 - 3s - 54ms/step - loss: 0.6910 - val_loss: 0.6946
Epoch 156/500
51/51 - 437s - 9s/step - loss: 0.6907 - val_loss: 0.6943
Epoch 157/500
51/51 - 3s - 51ms/step - loss: 0.6904 - val_loss: 0.6940
Epoch 158/500
51/51 - 3s - 51ms/step - loss: 0.6902 - val_loss: 0.6937
Epoch 159/500
51/51 - 3s - 52ms/step - loss: 0.6899 - val_loss: 0.6934
Epoch 160/500
51/51 - 3s - 52ms/step - loss: 0.6896 - val_loss: 0.6932
Epoch 161/500
51/51 - 3s - 52ms/step - loss: 0.6894 - val_loss: 0.6929
Epoch 162/500
51/51 - 3s - 52ms/step - loss: 0.6891 - val_loss: 0.6926
Epoch 163/500
51/51 - 3s - 53ms/step - loss: 0.6889 - val_loss: 0.6923
Epoch 164/500
51/51 - 3s - 52ms/step - loss: 0.6886 - val_loss: 0.6921
Epoch 165/500
51/51 - 3s - 52ms/step - loss: 0.6884 - val_loss: 0.6918
Epoch 166/500
51/51 - 3s - 54ms/step - loss: 0.6882 - val_loss: 0.6915
Epoch 167/500
51/51 - 3s - 53ms/step - loss: 0.6879 - val_loss: 0.6913
Epoch 168/500
51/51 - 3s - 53ms/step - loss: 0.6877 - val_loss: 0.6910
Epoch 169/500
51/51 - 3s - 53ms/step - loss: 0.6874 - val_loss: 0.6908
Epoch 170/500
51/51 - 3s - 53ms/step - loss: 0.6872 - val_loss: 0.6905
Epoch 171/500
51/51 - 3s - 53ms/step - loss: 0.6870 - val_loss: 0.6903
Epoch 172/500
51/51 - 3s - 53ms/step - loss: 0.6868 - val_loss: 0.6900
Epoch 173/500
51/51 - 3s - 53ms/step - loss: 0.6865 - val_loss: 0.6898
Epoch 174/500
51/51 - 38s - 754ms/step - loss: 0.6863 - val_loss: 0.6895
Epoch 175/500
51/51 - 3s - 53ms/step - loss: 0.6861 - val_loss: 0.6893
Epoch 176/500
51/51 - 3s - 53ms/step - loss: 0.6859 - val_loss: 0.6890
Epoch 177/500
51/51 - 3s - 53ms/step - loss: 0.6857 - val_loss: 0.6888
Epoch 178/500
51/51 - 3s - 54ms/step - loss: 0.6855 - val_loss: 0.6886
Epoch 179/500
51/51 - 3s - 54ms/step - loss: 0.6852 - val_loss: 0.6883
Epoch 180/500
51/51 - 3s - 54ms/step - loss: 0.6850 - val_loss: 0.6881
Epoch 181/500
51/51 - 3s - 54ms/step - loss: 0.6848 - val_loss: 0.6879
Epoch 182/500
51/51 - 3s - 54ms/step - loss: 0.6846 - val_loss: 0.6876
Epoch 183/500
51/51 - 3s - 54ms/step - loss: 0.6844 - val_loss: 0.6874
Epoch 184/500
51/51 - 3s - 54ms/step - loss: 0.6842 - val_loss: 0.6872
Epoch 185/500
51/51 - 3s - 54ms/step - loss: 0.6840 - val_loss: 0.6870
Epoch 186/500
51/51 - 3s - 54ms/step - loss: 0.6838 - val_loss: 0.6868
Epoch 187/500
51/51 - 3s - 54ms/step - loss: 0.6837 - val_loss: 0.6865
Epoch 188/500
51/51 - 3s - 55ms/step - loss: 0.6835 - val_loss: 0.6863
Epoch 189/500
51/51 - 3s - 54ms/step - loss: 0.6833 - val_loss: 0.6861
Epoch 190/500
51/51 - 3s - 54ms/step - loss: 0.6831 - val_loss: 0.6859
Epoch 191/500
51/51 - 268s - 5s/step - loss: 0.6829 - val_loss: 0.6857
Epoch 192/500
51/51 - 3s - 53ms/step - loss: 0.6827 - val_loss: 0.6855
Epoch 193/500
51/51 - 3s - 52ms/step - loss: 0.6825 - val_loss: 0.6853
Epoch 194/500
51/51 - 3s - 52ms/step - loss: 0.6824 - val_loss: 0.6851
Epoch 195/500
51/51 - 3s - 52ms/step - loss: 0.6822 - val_loss: 0.6849
Epoch 196/500
51/51 - 3s - 54ms/step - loss: 0.6820 - val_loss: 0.6847
Epoch 197/500
51/51 - 3s - 57ms/step - loss: 0.6818 - val_loss: 0.6845
Epoch 198/500
51/51 - 3s - 53ms/step - loss: 0.6817 - val_loss: 0.6843
Epoch 199/500
51/51 - 3s - 53ms/step - loss: 0.6815 - val_loss: 0.6841
Epoch 200/500
51/51 - 3s - 53ms/step - loss: 0.6813 - val_loss: 0.6839
Epoch 201/500
51/51 - 3s - 54ms/step - loss: 0.6812 - val_loss: 0.6837
Epoch 202/500
51/51 - 3s - 53ms/step - loss: 0.6810 - val_loss: 0.6835
Epoch 203/500
51/51 - 3s - 53ms/step - loss: 0.6809 - val_loss: 0.6833
Epoch 204/500
51/51 - 3s - 53ms/step - loss: 0.6807 - val_loss: 0.6831
Epoch 205/500
51/51 - 3s - 54ms/step - loss: 0.6805 - val_loss: 0.6829
Epoch 206/500
51/51 - 3s - 54ms/step - loss: 0.6804 - val_loss: 0.6827
Epoch 207/500
51/51 - 3s - 54ms/step - loss: 0.6802 - val_loss: 0.6826
Epoch 208/500
51/51 - 3s - 54ms/step - loss: 0.6801 - val_loss: 0.6824
Epoch 209/500
51/51 - 115s - 2s/step - loss: 0.6799 - val_loss: 0.6822
Epoch 210/500
51/51 - 4s - 71ms/step - loss: 0.6798 - val_loss: 0.6820
Epoch 211/500
51/51 - 3s - 67ms/step - loss: 0.6796 - val_loss: 0.6818
Epoch 212/500
51/51 - 3s - 54ms/step - loss: 0.6795 - val_loss: 0.6817
Epoch 213/500
51/51 - 3s - 55ms/step - loss: 0.6793 - val_loss: 0.6815
Epoch 214/500
51/51 - 3s - 55ms/step - loss: 0.6792 - val_loss: 0.6813
Epoch 215/500
51/51 - 3s - 55ms/step - loss: 0.6790 - val_loss: 0.6811
Epoch 216/500
51/51 - 3s - 56ms/step - loss: 0.6789 - val_loss: 0.6810
Epoch 217/500
51/51 - 3s - 57ms/step - loss: 0.6787 - val_loss: 0.6808
Epoch 218/500
51/51 - 3s - 56ms/step - loss: 0.6786 - val_loss: 0.6806
Epoch 219/500
51/51 - 3s - 56ms/step - loss: 0.6785 - val_loss: 0.6805
Epoch 220/500
51/51 - 3s - 57ms/step - loss: 0.6783 - val_loss: 0.6803
Epoch 221/500
51/51 - 3s - 57ms/step - loss: 0.6782 - val_loss: 0.6801
Epoch 222/500
51/51 - 3s - 58ms/step - loss: 0.6781 - val_loss: 0.6800
Epoch 223/500
51/51 - 3s - 56ms/step - loss: 0.6779 - val_loss: 0.6798
Epoch 224/500
51/51 - 3s - 57ms/step - loss: 0.6778 - val_loss: 0.6797
Epoch 225/500
51/51 - 3s - 56ms/step - loss: 0.6777 - val_loss: 0.6795
Epoch 226/500
51/51 - 3s - 55ms/step - loss: 0.6775 - val_loss: 0.6793
Epoch 227/500
51/51 - 3s - 56ms/step - loss: 0.6774 - val_loss: 0.6792
Epoch 228/500
51/51 - 3s - 55ms/step - loss: 0.6773 - val_loss: 0.6790
Epoch 229/500
51/51 - 3s - 55ms/step - loss: 0.6772 - val_loss: 0.6789
Epoch 230/500
51/51 - 3s - 55ms/step - loss: 0.6770 - val_loss: 0.6787
Epoch 231/500
51/51 - 3s - 57ms/step - loss: 0.6769 - val_loss: 0.6786
Epoch 232/500
51/51 - 3s - 56ms/step - loss: 0.6768 - val_loss: 0.6784
Epoch 233/500
51/51 - 3s - 55ms/step - loss: 0.6767 - val_loss: 0.6783
Epoch 234/500
51/51 - 3s - 55ms/step - loss: 0.6766 - val_loss: 0.6781
Epoch 235/500
51/51 - 3s - 55ms/step - loss: 0.6764 - val_loss: 0.6780
Epoch 236/500
51/51 - 3s - 54ms/step - loss: 0.6763 - val_loss: 0.6778
Epoch 237/500
51/51 - 3s - 54ms/step - loss: 0.6762 - val_loss: 0.6777
Epoch 238/500
51/51 - 3s - 54ms/step - loss: 0.6761 - val_loss: 0.6775
Epoch 239/500
51/51 - 3s - 55ms/step - loss: 0.6760 - val_loss: 0.6774
Epoch 240/500
51/51 - 3s - 55ms/step - loss: 0.6759 - val_loss: 0.6773
Epoch 241/500
51/51 - 3s - 55ms/step - loss: 0.6757 - val_loss: 0.6771
Epoch 242/500
51/51 - 3s - 54ms/step - loss: 0.6756 - val_loss: 0.6770
Epoch 243/500
51/51 - 3s - 57ms/step - loss: 0.6755 - val_loss: 0.6768
Epoch 244/500
51/51 - 3s - 54ms/step - loss: 0.6754 - val_loss: 0.6767
Epoch 245/500
51/51 - 3s - 54ms/step - loss: 0.6753 - val_loss: 0.6766
Epoch 246/500
51/51 - 3s - 54ms/step - loss: 0.6752 - val_loss: 0.6764
Epoch 247/500
51/51 - 3s - 54ms/step - loss: 0.6751 - val_loss: 0.6763
Epoch 248/500
51/51 - 3s - 54ms/step - loss: 0.6750 - val_loss: 0.6762
Epoch 249/500
51/51 - 3s - 54ms/step - loss: 0.6749 - val_loss: 0.6760
Epoch 250/500
51/51 - 3s - 54ms/step - loss: 0.6748 - val_loss: 0.6759
Epoch 251/500
51/51 - 3s - 54ms/step - loss: 0.6747 - val_loss: 0.6758
Epoch 252/500
51/51 - 3s - 54ms/step - loss: 0.6746 - val_loss: 0.6756
Epoch 253/500
51/51 - 3s - 55ms/step - loss: 0.6745 - val_loss: 0.6755
Epoch 254/500
51/51 - 3s - 54ms/step - loss: 0.6744 - val_loss: 0.6754
Epoch 255/500
51/51 - 3s - 54ms/step - loss: 0.6743 - val_loss: 0.6753
Epoch 256/500
51/51 - 3s - 54ms/step - loss: 0.6742 - val_loss: 0.6751
Epoch 257/500
51/51 - 3s - 54ms/step - loss: 0.6741 - val_loss: 0.6750
Epoch 258/500
51/51 - 3s - 54ms/step - loss: 0.6740 - val_loss: 0.6749
Epoch 259/500
51/51 - 3s - 55ms/step - loss: 0.6739 - val_loss: 0.6748
Epoch 260/500
51/51 - 3s - 54ms/step - loss: 0.6738 - val_loss: 0.6746
Epoch 261/500
51/51 - 3s - 54ms/step - loss: 0.6737 - val_loss: 0.6745
Epoch 262/500
51/51 - 3s - 54ms/step - loss: 0.6736 - val_loss: 0.6744
Epoch 263/500
51/51 - 3s - 54ms/step - loss: 0.6735 - val_loss: 0.6743
Epoch 264/500
51/51 - 3s - 54ms/step - loss: 0.6734 - val_loss: 0.6741
Epoch 265/500
51/51 - 3s - 55ms/step - loss: 0.6733 - val_loss: 0.6740
Epoch 266/500
51/51 - 3s - 54ms/step - loss: 0.6732 - val_loss: 0.6739
Epoch 267/500
51/51 - 3s - 54ms/step - loss: 0.6731 - val_loss: 0.6738
Epoch 268/500
51/51 - 3s - 54ms/step - loss: 0.6731 - val_loss: 0.6737
Epoch 269/500
51/51 - 3s - 54ms/step - loss: 0.6730 - val_loss: 0.6736
Epoch 270/500
51/51 - 3s - 54ms/step - loss: 0.6729 - val_loss: 0.6734
Epoch 271/500
51/51 - 3s - 54ms/step - loss: 0.6728 - val_loss: 0.6733
Epoch 272/500
51/51 - 3s - 54ms/step - loss: 0.6727 - val_loss: 0.6732
Epoch 273/500
51/51 - 3s - 54ms/step - loss: 0.6726 - val_loss: 0.6731
Epoch 274/500
51/51 - 3s - 54ms/step - loss: 0.6725 - val_loss: 0.6730
Epoch 275/500
51/51 - 3s - 55ms/step - loss: 0.6725 - val_loss: 0.6729
Epoch 276/500
51/51 - 3s - 54ms/step - loss: 0.6724 - val_loss: 0.6728
Epoch 277/500
51/51 - 3s - 54ms/step - loss: 0.6723 - val_loss: 0.6727
Epoch 278/500
51/51 - 3s - 54ms/step - loss: 0.6722 - val_loss: 0.6726
Epoch 279/500
51/51 - 3s - 54ms/step - loss: 0.6721 - val_loss: 0.6724
Epoch 280/500
51/51 - 3s - 54ms/step - loss: 0.6720 - val_loss: 0.6723
Epoch 281/500
51/51 - 3s - 54ms/step - loss: 0.6720 - val_loss: 0.6722
Epoch 282/500
51/51 - 3s - 54ms/step - loss: 0.6719 - val_loss: 0.6721
Epoch 283/500
51/51 - 3s - 54ms/step - loss: 0.6718 - val_loss: 0.6720
Epoch 284/500
51/51 - 3s - 54ms/step - loss: 0.6717 - val_loss: 0.6719
Epoch 285/500
51/51 - 3s - 54ms/step - loss: 0.6716 - val_loss: 0.6718
Epoch 286/500
51/51 - 3s - 54ms/step - loss: 0.6716 - val_loss: 0.6717
Epoch 287/500
51/51 - 3s - 54ms/step - loss: 0.6715 - val_loss: 0.6716
Epoch 288/500
51/51 - 3s - 54ms/step - loss: 0.6714 - val_loss: 0.6715
Epoch 289/500
51/51 - 3s - 54ms/step - loss: 0.6713 - val_loss: 0.6714
Epoch 290/500
51/51 - 3s - 54ms/step - loss: 0.6713 - val_loss: 0.6713
Epoch 291/500
51/51 - 3s - 54ms/step - loss: 0.6712 - val_loss: 0.6712
Epoch 292/500
51/51 - 3s - 54ms/step - loss: 0.6711 - val_loss: 0.6711
Epoch 293/500
51/51 - 3s - 54ms/step - loss: 0.6710 - val_loss: 0.6710
Epoch 294/500
51/51 - 3s - 54ms/step - loss: 0.6710 - val_loss: 0.6709
Epoch 295/500
51/51 - 3s - 54ms/step - loss: 0.6709 - val_loss: 0.6708
Epoch 296/500
51/51 - 3s - 54ms/step - loss: 0.6708 - val_loss: 0.6707
Epoch 297/500
51/51 - 3s - 59ms/step - loss: 0.6707 - val_loss: 0.6706
Epoch 298/500
51/51 - 3s - 54ms/step - loss: 0.6707 - val_loss: 0.6705
Epoch 299/500
51/51 - 3s - 54ms/step - loss: 0.6706 - val_loss: 0.6704
Epoch 300/500
51/51 - 3s - 54ms/step - loss: 0.6705 - val_loss: 0.6703
Epoch 301/500
51/51 - 3s - 54ms/step - loss: 0.6705 - val_loss: 0.6702
Epoch 302/500
51/51 - 3s - 54ms/step - loss: 0.6704 - val_loss: 0.6701
Epoch 303/500
51/51 - 3s - 54ms/step - loss: 0.6703 - val_loss: 0.6700
Epoch 304/500
51/51 - 3s - 54ms/step - loss: 0.6703 - val_loss: 0.6699
Epoch 305/500
51/51 - 3s - 55ms/step - loss: 0.6702 - val_loss: 0.6698
Epoch 306/500
51/51 - 3s - 54ms/step - loss: 0.6701 - val_loss: 0.6698
Epoch 307/500
51/51 - 3s - 55ms/step - loss: 0.6700 - val_loss: 0.6697
Epoch 308/500
51/51 - 3s - 55ms/step - loss: 0.6700 - val_loss: 0.6696
Epoch 309/500
51/51 - 3s - 54ms/step - loss: 0.6699 - val_loss: 0.6695
Epoch 310/500
51/51 - 3s - 54ms/step - loss: 0.6698 - val_loss: 0.6694
Epoch 311/500
51/51 - 3s - 54ms/step - loss: 0.6698 - val_loss: 0.6693
Epoch 312/500
51/51 - 3s - 54ms/step - loss: 0.6697 - val_loss: 0.6692
Epoch 313/500
51/51 - 3s - 54ms/step - loss: 0.6696 - val_loss: 0.6691
Epoch 314/500
51/51 - 3s - 54ms/step - loss: 0.6696 - val_loss: 0.6690
Epoch 315/500
51/51 - 3s - 54ms/step - loss: 0.6695 - val_loss: 0.6689
Epoch 316/500
51/51 - 3s - 54ms/step - loss: 0.6695 - val_loss: 0.6689
Epoch 317/500
51/51 - 3s - 54ms/step - loss: 0.6694 - val_loss: 0.6688
Epoch 318/500
51/51 - 3s - 54ms/step - loss: 0.6693 - val_loss: 0.6687
Epoch 319/500
51/51 - 3s - 55ms/step - loss: 0.6693 - val_loss: 0.6686
Epoch 320/500
51/51 - 3s - 55ms/step - loss: 0.6692 - val_loss: 0.6685
Epoch 321/500
51/51 - 3s - 54ms/step - loss: 0.6691 - val_loss: 0.6684
Epoch 322/500
51/51 - 3s - 54ms/step - loss: 0.6691 - val_loss: 0.6683
Epoch 323/500
51/51 - 3s - 54ms/step - loss: 0.6690 - val_loss: 0.6683
Epoch 324/500
51/51 - 3s - 55ms/step - loss: 0.6690 - val_loss: 0.6682
Epoch 325/500
51/51 - 3s - 55ms/step - loss: 0.6689 - val_loss: 0.6681
Epoch 326/500
51/51 - 3s - 54ms/step - loss: 0.6688 - val_loss: 0.6680
Epoch 327/500
51/51 - 3s - 54ms/step - loss: 0.6688 - val_loss: 0.6679
Epoch 328/500
51/51 - 3s - 54ms/step - loss: 0.6687 - val_loss: 0.6678
Epoch 329/500
51/51 - 3s - 54ms/step - loss: 0.6687 - val_loss: 0.6678
Epoch 330/500
51/51 - 3s - 54ms/step - loss: 0.6686 - val_loss: 0.6677
Epoch 331/500
51/51 - 3s - 54ms/step - loss: 0.6685 - val_loss: 0.6676
Epoch 332/500
51/51 - 3s - 54ms/step - loss: 0.6685 - val_loss: 0.6675
Epoch 333/500
51/51 - 3s - 54ms/step - loss: 0.6684 - val_loss: 0.6674
Epoch 334/500
51/51 - 3s - 54ms/step - loss: 0.6684 - val_loss: 0.6674
Epoch 335/500
51/51 - 3s - 54ms/step - loss: 0.6683 - val_loss: 0.6673
Epoch 336/500
51/51 - 3s - 54ms/step - loss: 0.6682 - val_loss: 0.6672
Epoch 337/500
51/51 - 3s - 54ms/step - loss: 0.6682 - val_loss: 0.6671
Epoch 338/500
51/51 - 3s - 55ms/step - loss: 0.6681 - val_loss: 0.6671
Epoch 339/500
51/51 - 3s - 55ms/step - loss: 0.6681 - val_loss: 0.6670
Epoch 340/500
51/51 - 3s - 55ms/step - loss: 0.6680 - val_loss: 0.6669
Epoch 341/500
51/51 - 3s - 55ms/step - loss: 0.6680 - val_loss: 0.6668
Epoch 342/500
51/51 - 3s - 55ms/step - loss: 0.6679 - val_loss: 0.6668
Epoch 343/500
51/51 - 3s - 55ms/step - loss: 0.6679 - val_loss: 0.6667
Epoch 344/500
51/51 - 3s - 54ms/step - loss: 0.6678 - val_loss: 0.6666
Epoch 345/500
51/51 - 3s - 55ms/step - loss: 0.6677 - val_loss: 0.6665
Epoch 346/500
51/51 - 3s - 54ms/step - loss: 0.6677 - val_loss: 0.6665
Epoch 347/500
51/51 - 3s - 54ms/step - loss: 0.6676 - val_loss: 0.6664
Epoch 348/500
51/51 - 3s - 54ms/step - loss: 0.6676 - val_loss: 0.6663
Epoch 349/500
51/51 - 3s - 54ms/step - loss: 0.6675 - val_loss: 0.6662
Epoch 350/500
51/51 - 3s - 54ms/step - loss: 0.6675 - val_loss: 0.6662
Epoch 351/500
51/51 - 3s - 54ms/step - loss: 0.6674 - val_loss: 0.6661
Epoch 352/500
51/51 - 3s - 54ms/step - loss: 0.6674 - val_loss: 0.6660
Epoch 353/500
51/51 - 3s - 55ms/step - loss: 0.6673 - val_loss: 0.6659
Epoch 354/500
51/51 - 3s - 54ms/step - loss: 0.6673 - val_loss: 0.6659
Epoch 355/500
51/51 - 3s - 54ms/step - loss: 0.6672 - val_loss: 0.6658
Epoch 356/500
51/51 - 3s - 54ms/step - loss: 0.6672 - val_loss: 0.6657
Epoch 357/500
51/51 - 3s - 54ms/step - loss: 0.6671 - val_loss: 0.6657
Epoch 358/500
51/51 - 3s - 54ms/step - loss: 0.6671 - val_loss: 0.6656
Epoch 359/500
51/51 - 3s - 54ms/step - loss: 0.6670 - val_loss: 0.6655
Epoch 360/500
51/51 - 3s - 54ms/step - loss: 0.6670 - val_loss: 0.6655
Epoch 361/500
51/51 - 3s - 54ms/step - loss: 0.6669 - val_loss: 0.6654
Epoch 362/500
51/51 - 3s - 54ms/step - loss: 0.6669 - val_loss: 0.6653
Epoch 363/500
51/51 - 3s - 55ms/step - loss: 0.6668 - val_loss: 0.6652
Epoch 364/500
51/51 - 3s - 54ms/step - loss: 0.6668 - val_loss: 0.6652
Epoch 365/500
51/51 - 3s - 54ms/step - loss: 0.6667 - val_loss: 0.6651
Epoch 366/500
51/51 - 3s - 55ms/step - loss: 0.6667 - val_loss: 0.6650
Epoch 367/500
51/51 - 3s - 54ms/step - loss: 0.6666 - val_loss: 0.6650
Epoch 368/500
51/51 - 3s - 54ms/step - loss: 0.6666 - val_loss: 0.6649
Epoch 369/500
51/51 - 3s - 55ms/step - loss: 0.6665 - val_loss: 0.6648
Epoch 370/500
51/51 - 3s - 54ms/step - loss: 0.6665 - val_loss: 0.6648
Epoch 371/500
51/51 - 3s - 54ms/step - loss: 0.6664 - val_loss: 0.6647
Epoch 372/500
51/51 - 3s - 54ms/step - loss: 0.6664 - val_loss: 0.6646
Epoch 373/500
51/51 - 3s - 54ms/step - loss: 0.6663 - val_loss: 0.6646
Epoch 374/500
51/51 - 3s - 55ms/step - loss: 0.6663 - val_loss: 0.6645
Epoch 375/500
51/51 - 3s - 54ms/step - loss: 0.6662 - val_loss: 0.6645
Epoch 376/500
51/51 - 3s - 54ms/step - loss: 0.6662 - val_loss: 0.6644
Epoch 377/500
51/51 - 3s - 54ms/step - loss: 0.6661 - val_loss: 0.6643
Epoch 378/500
51/51 - 3s - 54ms/step - loss: 0.6661 - val_loss: 0.6643
Epoch 379/500
51/51 - 3s - 54ms/step - loss: 0.6660 - val_loss: 0.6642
Epoch 380/500
51/51 - 3s - 54ms/step - loss: 0.6660 - val_loss: 0.6641
Epoch 381/500
51/51 - 3s - 54ms/step - loss: 0.6659 - val_loss: 0.6641
Epoch 382/500
51/51 - 3s - 54ms/step - loss: 0.6659 - val_loss: 0.6640
Epoch 383/500
51/51 - 3s - 54ms/step - loss: 0.6658 - val_loss: 0.6639
Epoch 384/500
51/51 - 3s - 54ms/step - loss: 0.6658 - val_loss: 0.6639
Epoch 385/500
51/51 - 3s - 56ms/step - loss: 0.6658 - val_loss: 0.6638
Epoch 386/500
51/51 - 3s - 54ms/step - loss: 0.6657 - val_loss: 0.6638
Epoch 387/500
51/51 - 3s - 54ms/step - loss: 0.6657 - val_loss: 0.6637
Epoch 388/500
51/51 - 3s - 54ms/step - loss: 0.6656 - val_loss: 0.6636
Epoch 389/500
51/51 - 3s - 54ms/step - loss: 0.6656 - val_loss: 0.6636
Epoch 390/500
51/51 - 3s - 54ms/step - loss: 0.6655 - val_loss: 0.6635
Epoch 391/500
51/51 - 3s - 54ms/step - loss: 0.6655 - val_loss: 0.6635
Epoch 392/500
51/51 - 3s - 54ms/step - loss: 0.6654 - val_loss: 0.6634
Epoch 393/500
51/51 - 3s - 54ms/step - loss: 0.6654 - val_loss: 0.6633
Epoch 394/500
51/51 - 3s - 54ms/step - loss: 0.6654 - val_loss: 0.6633
Epoch 395/500
51/51 - 3s - 54ms/step - loss: 0.6653 - val_loss: 0.6632
Epoch 396/500
51/51 - 3s - 54ms/step - loss: 0.6653 - val_loss: 0.6632
Epoch 397/500
51/51 - 3s - 54ms/step - loss: 0.6652 - val_loss: 0.6631
Epoch 398/500
51/51 - 3s - 54ms/step - loss: 0.6652 - val_loss: 0.6630
Epoch 399/500
51/51 - 3s - 54ms/step - loss: 0.6651 - val_loss: 0.6630
Epoch 400/500
51/51 - 3s - 54ms/step - loss: 0.6651 - val_loss: 0.6629
Epoch 401/500
51/51 - 3s - 54ms/step - loss: 0.6651 - val_loss: 0.6629
Epoch 402/500
51/51 - 3s - 54ms/step - loss: 0.6650 - val_loss: 0.6628
Epoch 403/500
51/51 - 3s - 54ms/step - loss: 0.6650 - val_loss: 0.6628
Epoch 404/500
51/51 - 3s - 54ms/step - loss: 0.6649 - val_loss: 0.6627
Epoch 405/500
51/51 - 3s - 54ms/step - loss: 0.6649 - val_loss: 0.6626
Epoch 406/500
51/51 - 3s - 54ms/step - loss: 0.6648 - val_loss: 0.6626
Epoch 407/500
51/51 - 3s - 55ms/step - loss: 0.6648 - val_loss: 0.6625
Epoch 408/500
51/51 - 3s - 54ms/step - loss: 0.6648 - val_loss: 0.6625
Epoch 409/500
51/51 - 3s - 54ms/step - loss: 0.6647 - val_loss: 0.6624
Epoch 410/500
51/51 - 3s - 54ms/step - loss: 0.6647 - val_loss: 0.6624
Epoch 411/500
51/51 - 3s - 54ms/step - loss: 0.6646 - val_loss: 0.6623
Epoch 412/500
51/51 - 3s - 54ms/step - loss: 0.6646 - val_loss: 0.6623
Epoch 413/500
51/51 - 3s - 54ms/step - loss: 0.6646 - val_loss: 0.6622
Epoch 414/500
51/51 - 3s - 54ms/step - loss: 0.6645 - val_loss: 0.6621
Epoch 415/500
51/51 - 3s - 54ms/step - loss: 0.6645 - val_loss: 0.6621
Epoch 416/500
51/51 - 3s - 54ms/step - loss: 0.6644 - val_loss: 0.6620
Epoch 417/500
51/51 - 3s - 54ms/step - loss: 0.6644 - val_loss: 0.6620
Epoch 418/500
51/51 - 3s - 54ms/step - loss: 0.6644 - val_loss: 0.6619
Epoch 419/500
51/51 - 3s - 54ms/step - loss: 0.6643 - val_loss: 0.6619
Epoch 420/500
51/51 - 3s - 54ms/step - loss: 0.6643 - val_loss: 0.6618
Epoch 421/500
51/51 - 3s - 54ms/step - loss: 0.6642 - val_loss: 0.6618
Epoch 422/500
51/51 - 3s - 54ms/step - loss: 0.6642 - val_loss: 0.6617
Epoch 423/500
51/51 - 3s - 54ms/step - loss: 0.6642 - val_loss: 0.6617
Epoch 424/500
51/51 - 3s - 55ms/step - loss: 0.6641 - val_loss: 0.6616
Epoch 425/500
51/51 - 3s - 56ms/step - loss: 0.6641 - val_loss: 0.6616
Epoch 426/500
51/51 - 3s - 55ms/step - loss: 0.6640 - val_loss: 0.6615
Epoch 427/500
51/51 - 3s - 55ms/step - loss: 0.6640 - val_loss: 0.6615
Epoch 428/500
51/51 - 3s - 55ms/step - loss: 0.6640 - val_loss: 0.6614
Epoch 429/500
51/51 - 3s - 57ms/step - loss: 0.6639 - val_loss: 0.6614
Epoch 430/500
51/51 - 3s - 55ms/step - loss: 0.6639 - val_loss: 0.6613
Epoch 431/500
51/51 - 3s - 55ms/step - loss: 0.6639 - val_loss: 0.6613
Epoch 432/500
51/51 - 3s - 54ms/step - loss: 0.6638 - val_loss: 0.6612
Epoch 433/500
51/51 - 3s - 55ms/step - loss: 0.6638 - val_loss: 0.6612
Epoch 434/500
51/51 - 3s - 54ms/step - loss: 0.6637 - val_loss: 0.6611
Epoch 435/500
51/51 - 3s - 56ms/step - loss: 0.6637 - val_loss: 0.6610
Epoch 436/500
51/51 - 3s - 55ms/step - loss: 0.6637 - val_loss: 0.6610
Epoch 437/500
51/51 - 3s - 55ms/step - loss: 0.6636 - val_loss: 0.6609
Epoch 438/500
51/51 - 3s - 54ms/step - loss: 0.6636 - val_loss: 0.6609
Epoch 439/500
51/51 - 3s - 54ms/step - loss: 0.6636 - val_loss: 0.6608
Epoch 440/500
51/51 - 3s - 54ms/step - loss: 0.6635 - val_loss: 0.6608
Epoch 441/500
51/51 - 3s - 55ms/step - loss: 0.6635 - val_loss: 0.6608
Epoch 442/500
51/51 - 3s - 56ms/step - loss: 0.6634 - val_loss: 0.6607
Epoch 443/500
51/51 - 3s - 55ms/step - loss: 0.6634 - val_loss: 0.6607
Epoch 444/500
51/51 - 3s - 54ms/step - loss: 0.6634 - val_loss: 0.6606
Epoch 445/500
51/51 - 3s - 54ms/step - loss: 0.6633 - val_loss: 0.6606
Epoch 446/500
51/51 - 3s - 54ms/step - loss: 0.6633 - val_loss: 0.6605
Epoch 447/500
51/51 - 3s - 54ms/step - loss: 0.6633 - val_loss: 0.6605
Epoch 448/500
51/51 - 3s - 54ms/step - loss: 0.6632 - val_loss: 0.6604
Epoch 449/500
51/51 - 3s - 54ms/step - loss: 0.6632 - val_loss: 0.6604
Epoch 450/500
51/51 - 3s - 55ms/step - loss: 0.6632 - val_loss: 0.6603
Epoch 451/500
51/51 - 3s - 55ms/step - loss: 0.6631 - val_loss: 0.6603
Epoch 452/500
51/51 - 3s - 54ms/step - loss: 0.6631 - val_loss: 0.6602
Epoch 453/500
51/51 - 3s - 60ms/step - loss: 0.6630 - val_loss: 0.6602
Epoch 454/500
51/51 - 3s - 57ms/step - loss: 0.6630 - val_loss: 0.6601
Epoch 455/500
51/51 - 3s - 55ms/step - loss: 0.6630 - val_loss: 0.6601
Epoch 456/500
51/51 - 3s - 56ms/step - loss: 0.6629 - val_loss: 0.6600
Epoch 457/500
51/51 - 3s - 57ms/step - loss: 0.6629 - val_loss: 0.6600
Epoch 458/500
51/51 - 3s - 55ms/step - loss: 0.6629 - val_loss: 0.6599
Epoch 459/500
51/51 - 3s - 56ms/step - loss: 0.6628 - val_loss: 0.6599
Epoch 460/500
51/51 - 3s - 55ms/step - loss: 0.6628 - val_loss: 0.6598
Epoch 461/500
51/51 - 3s - 56ms/step - loss: 0.6628 - val_loss: 0.6598
Epoch 462/500
51/51 - 3s - 57ms/step - loss: 0.6627 - val_loss: 0.6598
Epoch 463/500
51/51 - 3s - 56ms/step - loss: 0.6627 - val_loss: 0.6597
Epoch 464/500
51/51 - 3s - 58ms/step - loss: 0.6627 - val_loss: 0.6597
Epoch 465/500
51/51 - 3s - 55ms/step - loss: 0.6626 - val_loss: 0.6596
Epoch 466/500
51/51 - 3s - 55ms/step - loss: 0.6626 - val_loss: 0.6596
Epoch 467/500
51/51 - 3s - 55ms/step - loss: 0.6626 - val_loss: 0.6595
Epoch 468/500
51/51 - 3s - 54ms/step - loss: 0.6625 - val_loss: 0.6595
Epoch 469/500
51/51 - 3s - 55ms/step - loss: 0.6625 - val_loss: 0.6594
Epoch 470/500
51/51 - 3s - 54ms/step - loss: 0.6625 - val_loss: 0.6594
Epoch 471/500
51/51 - 3s - 54ms/step - loss: 0.6624 - val_loss: 0.6593
Epoch 472/500
51/51 - 3s - 54ms/step - loss: 0.6624 - val_loss: 0.6593
Epoch 473/500
51/51 - 3s - 55ms/step - loss: 0.6624 - val_loss: 0.6593
Epoch 474/500
51/51 - 3s - 54ms/step - loss: 0.6623 - val_loss: 0.6592
Epoch 475/500
51/51 - 3s - 54ms/step - loss: 0.6623 - val_loss: 0.6592
Epoch 476/500
51/51 - 3s - 54ms/step - loss: 0.6623 - val_loss: 0.6591
Epoch 477/500
51/51 - 3s - 54ms/step - loss: 0.6622 - val_loss: 0.6591
Epoch 478/500
51/51 - 3s - 54ms/step - loss: 0.6622 - val_loss: 0.6590
Epoch 479/500
51/51 - 3s - 54ms/step - loss: 0.6622 - val_loss: 0.6590
Epoch 480/500
51/51 - 3s - 54ms/step - loss: 0.6621 - val_loss: 0.6590
Epoch 481/500
51/51 - 3s - 54ms/step - loss: 0.6621 - val_loss: 0.6589
Epoch 482/500
51/51 - 3s - 54ms/step - loss: 0.6621 - val_loss: 0.6589
Epoch 483/500
51/51 - 3s - 55ms/step - loss: 0.6620 - val_loss: 0.6588
Epoch 484/500
51/51 - 3s - 54ms/step - loss: 0.6620 - val_loss: 0.6588
Epoch 485/500
51/51 - 3s - 55ms/step - loss: 0.6620 - val_loss: 0.6587
Epoch 486/500
51/51 - 3s - 55ms/step - loss: 0.6619 - val_loss: 0.6587
Epoch 487/500
51/51 - 3s - 54ms/step - loss: 0.6619 - val_loss: 0.6587
Epoch 488/500
51/51 - 3s - 54ms/step - loss: 0.6619 - val_loss: 0.6586
Epoch 489/500
51/51 - 3s - 55ms/step - loss: 0.6619 - val_loss: 0.6586
Epoch 490/500
51/51 - 3s - 54ms/step - loss: 0.6618 - val_loss: 0.6585
Epoch 491/500
51/51 - 3s - 57ms/step - loss: 0.6618 - val_loss: 0.6585
Epoch 492/500
51/51 - 3s - 54ms/step - loss: 0.6618 - val_loss: 0.6584
Epoch 493/500
51/51 - 3s - 55ms/step - loss: 0.6617 - val_loss: 0.6584
Epoch 494/500
51/51 - 3s - 55ms/step - loss: 0.6617 - val_loss: 0.6584
Epoch 495/500
51/51 - 3s - 54ms/step - loss: 0.6617 - val_loss: 0.6583
Epoch 496/500
51/51 - 3s - 54ms/step - loss: 0.6616 - val_loss: 0.6583
Epoch 497/500
51/51 - 3s - 54ms/step - loss: 0.6616 - val_loss: 0.6582
Epoch 498/500
51/51 - 3s - 55ms/step - loss: 0.6616 - val_loss: 0.6582
Epoch 499/500
51/51 - 3s - 54ms/step - loss: 0.6615 - val_loss: 0.6582
Epoch 500/500
51/51 - 3s - 54ms/step - loss: 0.6615 - val_loss: 0.6581
[Run 3/5] Training single encoder baseline (baseline preprocessing, linear structure, sigmoid head)...
/Users/albert/Downloads/Documents/PhD Thesis/Comparable/.venv/lib/python3.12/site-packages/sklearn/linear_model/_linear_loss.py:203: RuntimeWarning: divide by zero encountered in matmul
  raw_prediction = X @ weights + intercept
/Users/albert/Downloads/Documents/PhD Thesis/Comparable/.venv/lib/python3.12/site-packages/sklearn/linear_model/_linear_loss.py:203: RuntimeWarning: overflow encountered in matmul
  raw_prediction = X @ weights + intercept
/Users/albert/Downloads/Documents/PhD Thesis/Comparable/.venv/lib/python3.12/site-packages/sklearn/linear_model/_linear_loss.py:203: RuntimeWarning: invalid value encountered in matmul
  raw_prediction = X @ weights + intercept
/Users/albert/Downloads/Documents/PhD Thesis/Comparable/.venv/lib/python3.12/site-packages/sklearn/linear_model/_linear_loss.py:333: RuntimeWarning: divide by zero encountered in matmul
  grad[:n_features] = X.T @ grad_pointwise + l2_reg_strength * weights
/Users/albert/Downloads/Documents/PhD Thesis/Comparable/.venv/lib/python3.12/site-packages/sklearn/linear_model/_linear_loss.py:333: RuntimeWarning: overflow encountered in matmul
  grad[:n_features] = X.T @ grad_pointwise + l2_reg_strength * weights
/Users/albert/Downloads/Documents/PhD Thesis/Comparable/.venv/lib/python3.12/site-packages/sklearn/linear_model/_linear_loss.py:333: RuntimeWarning: invalid value encountered in matmul
  grad[:n_features] = X.T @ grad_pointwise + l2_reg_strength * weights
/Users/albert/Downloads/Documents/PhD Thesis/Comparable/.venv/lib/python3.12/site-packages/sklearn/utils/extmath.py:227: RuntimeWarning: divide by zero encountered in matmul
  ret = a @ b
/Users/albert/Downloads/Documents/PhD Thesis/Comparable/.venv/lib/python3.12/site-packages/sklearn/utils/extmath.py:227: RuntimeWarning: overflow encountered in matmul
  ret = a @ b
/Users/albert/Downloads/Documents/PhD Thesis/Comparable/.venv/lib/python3.12/site-packages/sklearn/utils/extmath.py:227: RuntimeWarning: invalid value encountered in matmul
  ret = a @ b
[Run 3/5] Shared encoder (unweight) validation threshold=0.3174 (balanced_accuracy=0.6846).
[Run 3/5] Shared encoder (weighted) validation threshold=0.5758 (balanced_accuracy=0.6809).
/Users/albert/Downloads/Documents/PhD Thesis/Comparable/.venv/lib/python3.12/site-packages/sklearn/linear_model/_base.py:293: RuntimeWarning: divide by zero encountered in matmul
  return X @ coef_ + self.intercept_
/Users/albert/Downloads/Documents/PhD Thesis/Comparable/.venv/lib/python3.12/site-packages/sklearn/linear_model/_base.py:293: RuntimeWarning: overflow encountered in matmul
  return X @ coef_ + self.intercept_
/Users/albert/Downloads/Documents/PhD Thesis/Comparable/.venv/lib/python3.12/site-packages/sklearn/linear_model/_base.py:293: RuntimeWarning: invalid value encountered in matmul
  return X @ coef_ + self.intercept_
/Users/albert/Downloads/Documents/PhD Thesis/Comparable/.venv/lib/python3.12/site-packages/sklearn/linear_model/_base.py:293: RuntimeWarning: divide by zero encountered in matmul
  return X @ coef_ + self.intercept_
/Users/albert/Downloads/Documents/PhD Thesis/Comparable/.venv/lib/python3.12/site-packages/sklearn/linear_model/_base.py:293: RuntimeWarning: overflow encountered in matmul
  return X @ coef_ + self.intercept_
/Users/albert/Downloads/Documents/PhD Thesis/Comparable/.venv/lib/python3.12/site-packages/sklearn/linear_model/_base.py:293: RuntimeWarning: invalid value encountered in matmul
  return X @ coef_ + self.intercept_
/Users/albert/Downloads/Documents/PhD Thesis/Comparable/.venv/lib/python3.12/site-packages/sklearn/linear_model/_base.py:293: RuntimeWarning: divide by zero encountered in matmul
  return X @ coef_ + self.intercept_
/Users/albert/Downloads/Documents/PhD Thesis/Comparable/.venv/lib/python3.12/site-packages/sklearn/linear_model/_base.py:293: RuntimeWarning: overflow encountered in matmul
  return X @ coef_ + self.intercept_
/Users/albert/Downloads/Documents/PhD Thesis/Comparable/.venv/lib/python3.12/site-packages/sklearn/linear_model/_base.py:293: RuntimeWarning: invalid value encountered in matmul
  return X @ coef_ + self.intercept_
/Users/albert/Downloads/Documents/PhD Thesis/Comparable/.venv/lib/python3.12/site-packages/sklearn/linear_model/_base.py:293: RuntimeWarning: divide by zero encountered in matmul
  return X @ coef_ + self.intercept_
/Users/albert/Downloads/Documents/PhD Thesis/Comparable/.venv/lib/python3.12/site-packages/sklearn/linear_model/_base.py:293: RuntimeWarning: overflow encountered in matmul
  return X @ coef_ + self.intercept_
/Users/albert/Downloads/Documents/PhD Thesis/Comparable/.venv/lib/python3.12/site-packages/sklearn/linear_model/_base.py:293: RuntimeWarning: invalid value encountered in matmul
  return X @ coef_ + self.intercept_
/Users/albert/Downloads/Documents/PhD Thesis/Comparable/Code/Synthetic/synthetic.py:106: Pandas4Warning: For backward compatibility, 'str' dtypes are included by select_dtypes when 'object' dtype is specified. This behavior is deprecated and will be removed in a future version. Explicitly pass 'str' to `include` to select them, or to `exclude` to remove them and silence this warning.
See https://pandas.pydata.org/docs/user_guide/migration-3-strings.html#string-migration-select-dtypes for details on how to write code that works with pandas 2 and 3.
  text_cols = df.select_dtypes(include="object").columns
[Run 4/5] Training shared encoder (unweighted, sigmoid head, baseline preprocessing)...
/Users/albert/Downloads/Documents/PhD Thesis/Comparable/.venv/lib/python3.12/site-packages/keras/src/trainers/trainer.py:212: UserWarning: Model doesn't support `jit_compile=True`. Proceeding with `jit_compile=False`.
  warnings.warn(
Epoch 1/500
51/51 - 3s - 55ms/step - loss: 0.9832 - val_loss: 0.9602
Epoch 2/500
