Training log file: /Users/albert/Downloads/Documents/PhD Thesis/Comparable/Code/Synthetic/Results/TrainingLogs/german_default_20260414_203647.log
Starting experiments (dataset=german, sensitive_attribute=default).
/Users/albert/Downloads/Documents/PhD Thesis/Comparable/Code/Synthetic/synthetic.py:106: Pandas4Warning: For backward compatibility, 'str' dtypes are included by select_dtypes when 'object' dtype is specified. This behavior is deprecated and will be removed in a future version. Explicitly pass 'str' to `include` to select them, or to `exclude` to remove them and silence this warning.
See https://pandas.pydata.org/docs/user_guide/migration-3-strings.html#string-migration-select-dtypes for details on how to write code that works with pandas 2 and 3.
  text_cols = df.select_dtypes(include="object").columns
[Run 1/5] Training shared encoder (unweighted, sigmoid head, baseline preprocessing)...
/Users/albert/Downloads/Documents/PhD Thesis/Comparable/.venv/lib/python3.12/site-packages/keras/src/trainers/trainer.py:212: UserWarning: Model doesn't support `jit_compile=True`. Proceeding with `jit_compile=False`.
  warnings.warn(
Epoch 1/500
36/36 - 3s - 70ms/step - loss: 0.8829 - val_loss: 0.8783
Epoch 2/500
36/36 - 2s - 49ms/step - loss: 0.8634 - val_loss: 0.8603
Epoch 3/500
36/36 - 2s - 51ms/step - loss: 0.8448 - val_loss: 0.8430
Epoch 4/500
36/36 - 2s - 51ms/step - loss: 0.8272 - val_loss: 0.8268
Epoch 5/500
36/36 - 2s - 48ms/step - loss: 0.8108 - val_loss: 0.8117
Epoch 6/500
36/36 - 2s - 49ms/step - loss: 0.7957 - val_loss: 0.7979
Epoch 7/500
36/36 - 2s - 49ms/step - loss: 0.7820 - val_loss: 0.7854
Epoch 8/500
36/36 - 2s - 49ms/step - loss: 0.7696 - val_loss: 0.7740
Epoch 9/500
36/36 - 2s - 49ms/step - loss: 0.7585 - val_loss: 0.7637
Epoch 10/500
36/36 - 2s - 50ms/step - loss: 0.7486 - val_loss: 0.7544
Epoch 11/500
36/36 - 2s - 52ms/step - loss: 0.7397 - val_loss: 0.7460
Epoch 12/500
36/36 - 2s - 50ms/step - loss: 0.7317 - val_loss: 0.7383
Epoch 13/500
36/36 - 2s - 49ms/step - loss: 0.7244 - val_loss: 0.7314
Epoch 14/500
36/36 - 2s - 49ms/step - loss: 0.7179 - val_loss: 0.7251
Epoch 15/500
36/36 - 2s - 51ms/step - loss: 0.7119 - val_loss: 0.7193
Epoch 16/500
36/36 - 2s - 51ms/step - loss: 0.7064 - val_loss: 0.7139
Epoch 17/500
36/36 - 2s - 49ms/step - loss: 0.7013 - val_loss: 0.7090
Epoch 18/500
36/36 - 2s - 52ms/step - loss: 0.6967 - val_loss: 0.7045
Epoch 19/500
36/36 - 2s - 49ms/step - loss: 0.6923 - val_loss: 0.7003
Epoch 20/500
36/36 - 2s - 50ms/step - loss: 0.6883 - val_loss: 0.6964
Epoch 21/500
36/36 - 2s - 49ms/step - loss: 0.6845 - val_loss: 0.6927
Epoch 22/500
36/36 - 2s - 49ms/step - loss: 0.6808 - val_loss: 0.6892
Epoch 23/500
36/36 - 2s - 50ms/step - loss: 0.6774 - val_loss: 0.6858
Epoch 24/500
36/36 - 2s - 52ms/step - loss: 0.6741 - val_loss: 0.6827
Epoch 25/500
36/36 - 2s - 50ms/step - loss: 0.6710 - val_loss: 0.6796
Epoch 26/500
36/36 - 2s - 49ms/step - loss: 0.6679 - val_loss: 0.6767
Epoch 27/500
36/36 - 2s - 50ms/step - loss: 0.6650 - val_loss: 0.6739
Epoch 28/500
36/36 - 2s - 50ms/step - loss: 0.6622 - val_loss: 0.6711
Epoch 29/500
36/36 - 2s - 51ms/step - loss: 0.6595 - val_loss: 0.6685
Epoch 30/500
36/36 - 2s - 50ms/step - loss: 0.6568 - val_loss: 0.6659
Epoch 31/500
36/36 - 2s - 51ms/step - loss: 0.6543 - val_loss: 0.6634
Epoch 32/500
36/36 - 2s - 50ms/step - loss: 0.6518 - val_loss: 0.6610
Epoch 33/500
36/36 - 2s - 49ms/step - loss: 0.6494 - val_loss: 0.6587
Epoch 34/500
36/36 - 2s - 49ms/step - loss: 0.6470 - val_loss: 0.6564
Epoch 35/500
36/36 - 2s - 49ms/step - loss: 0.6448 - val_loss: 0.6541
Epoch 36/500
36/36 - 2s - 49ms/step - loss: 0.6426 - val_loss: 0.6520
Epoch 37/500
36/36 - 2s - 49ms/step - loss: 0.6404 - val_loss: 0.6498
Epoch 38/500
36/36 - 2s - 49ms/step - loss: 0.6384 - val_loss: 0.6478
Epoch 39/500
36/36 - 2s - 50ms/step - loss: 0.6364 - val_loss: 0.6458
Epoch 40/500
36/36 - 2s - 56ms/step - loss: 0.6344 - val_loss: 0.6438
Epoch 41/500
36/36 - 2s - 55ms/step - loss: 0.6325 - val_loss: 0.6419
Epoch 42/500
36/36 - 2s - 50ms/step - loss: 0.6307 - val_loss: 0.6400
Epoch 43/500
36/36 - 2s - 51ms/step - loss: 0.6289 - val_loss: 0.6382
Epoch 44/500
36/36 - 2s - 52ms/step - loss: 0.6272 - val_loss: 0.6365
Epoch 45/500
36/36 - 2s - 50ms/step - loss: 0.6256 - val_loss: 0.6347
Epoch 46/500
36/36 - 2s - 51ms/step - loss: 0.6239 - val_loss: 0.6330
Epoch 47/500
36/36 - 2s - 66ms/step - loss: 0.6223 - val_loss: 0.6314
Epoch 48/500
36/36 - 2s - 56ms/step - loss: 0.6208 - val_loss: 0.6298
Epoch 49/500
36/36 - 2s - 55ms/step - loss: 0.6193 - val_loss: 0.6282
Epoch 50/500
36/36 - 2s - 51ms/step - loss: 0.6179 - val_loss: 0.6267
Epoch 51/500
36/36 - 2s - 52ms/step - loss: 0.6164 - val_loss: 0.6252
Epoch 52/500
36/36 - 2s - 53ms/step - loss: 0.6151 - val_loss: 0.6237
Epoch 53/500
36/36 - 2s - 59ms/step - loss: 0.6137 - val_loss: 0.6223
Epoch 54/500
36/36 - 2s - 50ms/step - loss: 0.6124 - val_loss: 0.6209
Epoch 55/500
36/36 - 2s - 49ms/step - loss: 0.6111 - val_loss: 0.6195
Epoch 56/500
36/36 - 2s - 50ms/step - loss: 0.6098 - val_loss: 0.6181
Epoch 57/500
36/36 - 2s - 58ms/step - loss: 0.6086 - val_loss: 0.6168
Epoch 58/500
36/36 - 2s - 60ms/step - loss: 0.6074 - val_loss: 0.6155
Epoch 59/500
36/36 - 2s - 52ms/step - loss: 0.6062 - val_loss: 0.6143
Epoch 60/500
36/36 - 2s - 50ms/step - loss: 0.6051 - val_loss: 0.6130
Epoch 61/500
36/36 - 2s - 50ms/step - loss: 0.6040 - val_loss: 0.6118
Epoch 62/500
36/36 - 2s - 49ms/step - loss: 0.6029 - val_loss: 0.6106
Epoch 63/500
36/36 - 2s - 50ms/step - loss: 0.6018 - val_loss: 0.6094
Epoch 64/500
36/36 - 2s - 56ms/step - loss: 0.6007 - val_loss: 0.6083
Epoch 65/500
36/36 - 2s - 50ms/step - loss: 0.5997 - val_loss: 0.6072
Epoch 66/500
36/36 - 2s - 50ms/step - loss: 0.5987 - val_loss: 0.6061
Epoch 67/500
36/36 - 2s - 50ms/step - loss: 0.5977 - val_loss: 0.6050
Epoch 68/500
36/36 - 2s - 57ms/step - loss: 0.5967 - val_loss: 0.6039
Epoch 69/500
36/36 - 2s - 53ms/step - loss: 0.5958 - val_loss: 0.6029
Epoch 70/500
36/36 - 2s - 54ms/step - loss: 0.5948 - val_loss: 0.6018
Epoch 71/500
36/36 - 2s - 50ms/step - loss: 0.5939 - val_loss: 0.6008
Epoch 72/500
36/36 - 2s - 53ms/step - loss: 0.5930 - val_loss: 0.5998
Epoch 73/500
36/36 - 2s - 52ms/step - loss: 0.5921 - val_loss: 0.5988
Epoch 74/500
36/36 - 2s - 51ms/step - loss: 0.5912 - val_loss: 0.5979
Epoch 75/500
36/36 - 2s - 50ms/step - loss: 0.5904 - val_loss: 0.5969
Epoch 76/500
36/36 - 2s - 50ms/step - loss: 0.5895 - val_loss: 0.5960
Epoch 77/500
36/36 - 2s - 50ms/step - loss: 0.5887 - val_loss: 0.5951
Epoch 78/500
36/36 - 2s - 50ms/step - loss: 0.5879 - val_loss: 0.5942
Epoch 79/500
36/36 - 2s - 50ms/step - loss: 0.5871 - val_loss: 0.5933
Epoch 80/500
36/36 - 2s - 50ms/step - loss: 0.5863 - val_loss: 0.5925
Epoch 81/500
36/36 - 2s - 50ms/step - loss: 0.5855 - val_loss: 0.5916
Epoch 82/500
36/36 - 2s - 52ms/step - loss: 0.5847 - val_loss: 0.5908
Epoch 83/500
36/36 - 2s - 50ms/step - loss: 0.5840 - val_loss: 0.5899
Epoch 84/500
36/36 - 2s - 49ms/step - loss: 0.5832 - val_loss: 0.5891
Epoch 85/500
36/36 - 2s - 49ms/step - loss: 0.5825 - val_loss: 0.5883
Epoch 86/500
36/36 - 2s - 49ms/step - loss: 0.5818 - val_loss: 0.5875
Epoch 87/500
36/36 - 2s - 49ms/step - loss: 0.5811 - val_loss: 0.5867
Epoch 88/500
36/36 - 2s - 49ms/step - loss: 0.5804 - val_loss: 0.5860
Epoch 89/500
36/36 - 2s - 49ms/step - loss: 0.5797 - val_loss: 0.5852
Epoch 90/500
36/36 - 2s - 49ms/step - loss: 0.5790 - val_loss: 0.5845
Epoch 91/500
36/36 - 2s - 49ms/step - loss: 0.5783 - val_loss: 0.5837
Epoch 92/500
36/36 - 2s - 49ms/step - loss: 0.5777 - val_loss: 0.5830
Epoch 93/500
36/36 - 2s - 49ms/step - loss: 0.5770 - val_loss: 0.5823
Epoch 94/500
36/36 - 2s - 49ms/step - loss: 0.5764 - val_loss: 0.5816
Epoch 95/500
36/36 - 2s - 49ms/step - loss: 0.5757 - val_loss: 0.5809
Epoch 96/500
36/36 - 2s - 50ms/step - loss: 0.5751 - val_loss: 0.5802
Epoch 97/500
36/36 - 2s - 49ms/step - loss: 0.5745 - val_loss: 0.5796
Epoch 98/500
36/36 - 2s - 49ms/step - loss: 0.5739 - val_loss: 0.5789
Epoch 99/500
36/36 - 2s - 49ms/step - loss: 0.5733 - val_loss: 0.5783
Epoch 100/500
36/36 - 2s - 49ms/step - loss: 0.5727 - val_loss: 0.5776
Epoch 101/500
36/36 - 2s - 49ms/step - loss: 0.5721 - val_loss: 0.5770
Epoch 102/500
36/36 - 2s - 49ms/step - loss: 0.5716 - val_loss: 0.5764
Epoch 103/500
36/36 - 2s - 51ms/step - loss: 0.5710 - val_loss: 0.5758
Epoch 104/500
36/36 - 2s - 49ms/step - loss: 0.5704 - val_loss: 0.5751
Epoch 105/500
36/36 - 2s - 49ms/step - loss: 0.5699 - val_loss: 0.5746
Epoch 106/500
36/36 - 2s - 49ms/step - loss: 0.5693 - val_loss: 0.5740
Epoch 107/500
36/36 - 2s - 49ms/step - loss: 0.5688 - val_loss: 0.5734
Epoch 108/500
36/36 - 2s - 50ms/step - loss: 0.5683 - val_loss: 0.5728
Epoch 109/500
36/36 - 2s - 49ms/step - loss: 0.5678 - val_loss: 0.5722
Epoch 110/500
36/36 - 2s - 49ms/step - loss: 0.5672 - val_loss: 0.5717
Epoch 111/500
36/36 - 2s - 49ms/step - loss: 0.5667 - val_loss: 0.5711
Epoch 112/500
36/36 - 2s - 49ms/step - loss: 0.5662 - val_loss: 0.5706
Epoch 113/500
36/36 - 2s - 49ms/step - loss: 0.5657 - val_loss: 0.5701
Epoch 114/500
36/36 - 2s - 50ms/step - loss: 0.5652 - val_loss: 0.5695
Epoch 115/500
36/36 - 2s - 50ms/step - loss: 0.5647 - val_loss: 0.5690
Epoch 116/500
36/36 - 2s - 50ms/step - loss: 0.5643 - val_loss: 0.5685
Epoch 117/500
36/36 - 2s - 49ms/step - loss: 0.5638 - val_loss: 0.5680
Epoch 118/500
36/36 - 2s - 49ms/step - loss: 0.5633 - val_loss: 0.5675
Epoch 119/500
36/36 - 2s - 49ms/step - loss: 0.5629 - val_loss: 0.5670
Epoch 120/500
36/36 - 2s - 49ms/step - loss: 0.5624 - val_loss: 0.5665
Epoch 121/500
36/36 - 2s - 49ms/step - loss: 0.5619 - val_loss: 0.5660
Epoch 122/500
36/36 - 2s - 49ms/step - loss: 0.5615 - val_loss: 0.5656
Epoch 123/500
36/36 - 2s - 49ms/step - loss: 0.5611 - val_loss: 0.5651
Epoch 124/500
36/36 - 2s - 49ms/step - loss: 0.5606 - val_loss: 0.5646
Epoch 125/500
36/36 - 2s - 49ms/step - loss: 0.5602 - val_loss: 0.5642
Epoch 126/500
36/36 - 2s - 49ms/step - loss: 0.5598 - val_loss: 0.5637
Epoch 127/500
36/36 - 2s - 50ms/step - loss: 0.5593 - val_loss: 0.5633
Epoch 128/500
36/36 - 2s - 49ms/step - loss: 0.5589 - val_loss: 0.5628
Epoch 129/500
36/36 - 2s - 49ms/step - loss: 0.5585 - val_loss: 0.5624
Epoch 130/500
36/36 - 2s - 49ms/step - loss: 0.5581 - val_loss: 0.5620
Epoch 131/500
36/36 - 2s - 49ms/step - loss: 0.5577 - val_loss: 0.5616
Epoch 132/500
36/36 - 2s - 49ms/step - loss: 0.5573 - val_loss: 0.5611
Epoch 133/500
36/36 - 2s - 49ms/step - loss: 0.5569 - val_loss: 0.5607
Epoch 134/500
36/36 - 2s - 49ms/step - loss: 0.5565 - val_loss: 0.5603
Epoch 135/500
36/36 - 2s - 50ms/step - loss: 0.5561 - val_loss: 0.5599
Epoch 136/500
36/36 - 2s - 49ms/step - loss: 0.5557 - val_loss: 0.5595
Epoch 137/500
36/36 - 2s - 50ms/step - loss: 0.5554 - val_loss: 0.5591
Epoch 138/500
36/36 - 2s - 49ms/step - loss: 0.5550 - val_loss: 0.5587
Epoch 139/500
36/36 - 2s - 49ms/step - loss: 0.5546 - val_loss: 0.5583
Epoch 140/500
36/36 - 2s - 49ms/step - loss: 0.5543 - val_loss: 0.5579
Epoch 141/500
36/36 - 2s - 49ms/step - loss: 0.5539 - val_loss: 0.5576
Epoch 142/500
36/36 - 2s - 49ms/step - loss: 0.5535 - val_loss: 0.5572
Epoch 143/500
36/36 - 2s - 49ms/step - loss: 0.5532 - val_loss: 0.5568
Epoch 144/500
36/36 - 2s - 49ms/step - loss: 0.5528 - val_loss: 0.5565
Epoch 145/500
36/36 - 2s - 49ms/step - loss: 0.5525 - val_loss: 0.5561
Epoch 146/500
36/36 - 2s - 49ms/step - loss: 0.5522 - val_loss: 0.5557
Epoch 147/500
36/36 - 2s - 49ms/step - loss: 0.5518 - val_loss: 0.5554
Epoch 148/500
36/36 - 2s - 49ms/step - loss: 0.5515 - val_loss: 0.5550
Epoch 149/500
36/36 - 2s - 49ms/step - loss: 0.5511 - val_loss: 0.5547
Epoch 150/500
36/36 - 2s - 50ms/step - loss: 0.5508 - val_loss: 0.5543
Epoch 151/500
36/36 - 2s - 49ms/step - loss: 0.5505 - val_loss: 0.5540
Epoch 152/500
36/36 - 2s - 49ms/step - loss: 0.5502 - val_loss: 0.5537
Epoch 153/500
36/36 - 2s - 49ms/step - loss: 0.5499 - val_loss: 0.5533
Epoch 154/500
36/36 - 2s - 49ms/step - loss: 0.5495 - val_loss: 0.5530
Epoch 155/500
36/36 - 2s - 49ms/step - loss: 0.5492 - val_loss: 0.5527
Epoch 156/500
36/36 - 2s - 49ms/step - loss: 0.5489 - val_loss: 0.5524
Epoch 157/500
36/36 - 2s - 49ms/step - loss: 0.5486 - val_loss: 0.5521
Epoch 158/500
36/36 - 2s - 49ms/step - loss: 0.5483 - val_loss: 0.5517
Epoch 159/500
36/36 - 2s - 49ms/step - loss: 0.5480 - val_loss: 0.5514
Epoch 160/500
36/36 - 2s - 49ms/step - loss: 0.5477 - val_loss: 0.5511
Epoch 161/500
36/36 - 2s - 49ms/step - loss: 0.5474 - val_loss: 0.5508
Epoch 162/500
36/36 - 2s - 49ms/step - loss: 0.5471 - val_loss: 0.5505
Epoch 163/500
36/36 - 2s - 49ms/step - loss: 0.5468 - val_loss: 0.5502
Epoch 164/500
36/36 - 2s - 49ms/step - loss: 0.5466 - val_loss: 0.5499
Epoch 165/500
36/36 - 2s - 49ms/step - loss: 0.5463 - val_loss: 0.5496
Epoch 166/500
36/36 - 2s - 50ms/step - loss: 0.5460 - val_loss: 0.5493
Epoch 167/500
36/36 - 2s - 49ms/step - loss: 0.5457 - val_loss: 0.5491
Epoch 168/500
36/36 - 2s - 49ms/step - loss: 0.5455 - val_loss: 0.5488
Epoch 169/500
36/36 - 2s - 49ms/step - loss: 0.5452 - val_loss: 0.5485
Epoch 170/500
36/36 - 2s - 49ms/step - loss: 0.5449 - val_loss: 0.5482
Epoch 171/500
36/36 - 2s - 50ms/step - loss: 0.5447 - val_loss: 0.5479
Epoch 172/500
36/36 - 2s - 49ms/step - loss: 0.5444 - val_loss: 0.5477
Epoch 173/500
36/36 - 2s - 50ms/step - loss: 0.5441 - val_loss: 0.5474
Epoch 174/500
36/36 - 2s - 49ms/step - loss: 0.5439 - val_loss: 0.5471
Epoch 175/500
36/36 - 2s - 49ms/step - loss: 0.5436 - val_loss: 0.5469
Epoch 176/500
36/36 - 2s - 50ms/step - loss: 0.5434 - val_loss: 0.5466
Epoch 177/500
36/36 - 2s - 49ms/step - loss: 0.5431 - val_loss: 0.5464
Epoch 178/500
36/36 - 2s - 49ms/step - loss: 0.5429 - val_loss: 0.5461
Epoch 179/500
36/36 - 2s - 49ms/step - loss: 0.5426 - val_loss: 0.5458
Epoch 180/500
36/36 - 2s - 49ms/step - loss: 0.5424 - val_loss: 0.5456
Epoch 181/500
36/36 - 2s - 49ms/step - loss: 0.5421 - val_loss: 0.5453
Epoch 182/500
36/36 - 2s - 49ms/step - loss: 0.5419 - val_loss: 0.5451
Epoch 183/500
36/36 - 2s - 49ms/step - loss: 0.5417 - val_loss: 0.5449
Epoch 184/500
36/36 - 2s - 50ms/step - loss: 0.5414 - val_loss: 0.5446
Epoch 185/500
36/36 - 2s - 50ms/step - loss: 0.5412 - val_loss: 0.5444
Epoch 186/500
36/36 - 2s - 49ms/step - loss: 0.5410 - val_loss: 0.5441
Epoch 187/500
36/36 - 2s - 49ms/step - loss: 0.5407 - val_loss: 0.5439
Epoch 188/500
36/36 - 2s - 49ms/step - loss: 0.5405 - val_loss: 0.5437
Epoch 189/500
36/36 - 2s - 49ms/step - loss: 0.5403 - val_loss: 0.5435
Epoch 190/500
36/36 - 2s - 49ms/step - loss: 0.5401 - val_loss: 0.5432
Epoch 191/500
36/36 - 2s - 49ms/step - loss: 0.5398 - val_loss: 0.5430
Epoch 192/500
36/36 - 2s - 49ms/step - loss: 0.5396 - val_loss: 0.5428
Epoch 193/500
36/36 - 2s - 49ms/step - loss: 0.5394 - val_loss: 0.5426
Epoch 194/500
36/36 - 2s - 50ms/step - loss: 0.5392 - val_loss: 0.5423
Epoch 195/500
36/36 - 2s - 49ms/step - loss: 0.5390 - val_loss: 0.5421
Epoch 196/500
36/36 - 2s - 50ms/step - loss: 0.5388 - val_loss: 0.5419
Epoch 197/500
36/36 - 2s - 49ms/step - loss: 0.5386 - val_loss: 0.5417
Epoch 198/500
36/36 - 2s - 49ms/step - loss: 0.5384 - val_loss: 0.5415
Epoch 199/500
36/36 - 2s - 49ms/step - loss: 0.5382 - val_loss: 0.5413
Epoch 200/500
36/36 - 2s - 49ms/step - loss: 0.5380 - val_loss: 0.5411
Epoch 201/500
36/36 - 2s - 49ms/step - loss: 0.5378 - val_loss: 0.5409
Epoch 202/500
36/36 - 2s - 49ms/step - loss: 0.5376 - val_loss: 0.5407
Epoch 203/500
36/36 - 2s - 49ms/step - loss: 0.5374 - val_loss: 0.5405
Epoch 204/500
36/36 - 2s - 50ms/step - loss: 0.5372 - val_loss: 0.5403
Epoch 205/500
36/36 - 2s - 49ms/step - loss: 0.5370 - val_loss: 0.5401
Epoch 206/500
36/36 - 2s - 49ms/step - loss: 0.5368 - val_loss: 0.5399
Epoch 207/500
36/36 - 2s - 49ms/step - loss: 0.5366 - val_loss: 0.5397
Epoch 208/500
36/36 - 2s - 50ms/step - loss: 0.5364 - val_loss: 0.5395
Epoch 209/500
36/36 - 2s - 49ms/step - loss: 0.5362 - val_loss: 0.5393
Epoch 210/500
36/36 - 2s - 49ms/step - loss: 0.5360 - val_loss: 0.5391
Epoch 211/500
36/36 - 2s - 49ms/step - loss: 0.5359 - val_loss: 0.5389
Epoch 212/500
36/36 - 2s - 49ms/step - loss: 0.5357 - val_loss: 0.5388
Epoch 213/500
36/36 - 2s - 50ms/step - loss: 0.5355 - val_loss: 0.5386
Epoch 214/500
36/36 - 2s - 50ms/step - loss: 0.5353 - val_loss: 0.5384
Epoch 215/500
36/36 - 2s - 50ms/step - loss: 0.5351 - val_loss: 0.5382
Epoch 216/500
36/36 - 2s - 49ms/step - loss: 0.5350 - val_loss: 0.5380
Epoch 217/500
36/36 - 2s - 50ms/step - loss: 0.5348 - val_loss: 0.5379
Epoch 218/500
36/36 - 2s - 49ms/step - loss: 0.5346 - val_loss: 0.5377
Epoch 219/500
36/36 - 2s - 50ms/step - loss: 0.5344 - val_loss: 0.5375
Epoch 220/500
36/36 - 2s - 49ms/step - loss: 0.5343 - val_loss: 0.5374
Epoch 221/500
36/36 - 2s - 49ms/step - loss: 0.5341 - val_loss: 0.5372
Epoch 222/500
36/36 - 2s - 49ms/step - loss: 0.5339 - val_loss: 0.5370
Epoch 223/500
36/36 - 2s - 49ms/step - loss: 0.5338 - val_loss: 0.5369
Epoch 224/500
36/36 - 2s - 49ms/step - loss: 0.5336 - val_loss: 0.5367
Epoch 225/500
36/36 - 2s - 49ms/step - loss: 0.5334 - val_loss: 0.5365
Epoch 226/500
36/36 - 2s - 49ms/step - loss: 0.5333 - val_loss: 0.5364
Epoch 227/500
36/36 - 2s - 49ms/step - loss: 0.5331 - val_loss: 0.5362
Epoch 228/500
36/36 - 2s - 49ms/step - loss: 0.5330 - val_loss: 0.5360
Epoch 229/500
36/36 - 2s - 49ms/step - loss: 0.5328 - val_loss: 0.5359
Epoch 230/500
36/36 - 2s - 49ms/step - loss: 0.5326 - val_loss: 0.5357
Epoch 231/500
36/36 - 2s - 49ms/step - loss: 0.5325 - val_loss: 0.5356
Epoch 232/500
36/36 - 2s - 49ms/step - loss: 0.5323 - val_loss: 0.5354
Epoch 233/500
36/36 - 2s - 49ms/step - loss: 0.5322 - val_loss: 0.5353
Epoch 234/500
36/36 - 2s - 50ms/step - loss: 0.5320 - val_loss: 0.5351
Epoch 235/500
36/36 - 2s - 50ms/step - loss: 0.5319 - val_loss: 0.5350
Epoch 236/500
36/36 - 2s - 50ms/step - loss: 0.5317 - val_loss: 0.5348
Epoch 237/500
36/36 - 2s - 49ms/step - loss: 0.5316 - val_loss: 0.5347
Epoch 238/500
36/36 - 2s - 50ms/step - loss: 0.5314 - val_loss: 0.5345
Epoch 239/500
36/36 - 2s - 49ms/step - loss: 0.5313 - val_loss: 0.5344
Epoch 240/500
36/36 - 2s - 49ms/step - loss: 0.5312 - val_loss: 0.5343
Epoch 241/500
36/36 - 2s - 49ms/step - loss: 0.5310 - val_loss: 0.5341
Epoch 242/500
36/36 - 2s - 49ms/step - loss: 0.5309 - val_loss: 0.5340
Epoch 243/500
36/36 - 2s - 49ms/step - loss: 0.5307 - val_loss: 0.5338
Epoch 244/500
36/36 - 2s - 49ms/step - loss: 0.5306 - val_loss: 0.5337
Epoch 245/500
36/36 - 2s - 49ms/step - loss: 0.5304 - val_loss: 0.5336
Epoch 246/500
36/36 - 2s - 49ms/step - loss: 0.5303 - val_loss: 0.5334
Epoch 247/500
36/36 - 2s - 49ms/step - loss: 0.5302 - val_loss: 0.5333
Epoch 248/500
36/36 - 2s - 49ms/step - loss: 0.5300 - val_loss: 0.5332
Epoch 249/500
36/36 - 2s - 49ms/step - loss: 0.5299 - val_loss: 0.5330
Epoch 250/500
36/36 - 2s - 49ms/step - loss: 0.5298 - val_loss: 0.5329
Epoch 251/500
36/36 - 2s - 49ms/step - loss: 0.5296 - val_loss: 0.5328
Epoch 252/500
36/36 - 2s - 49ms/step - loss: 0.5295 - val_loss: 0.5326
Epoch 253/500
36/36 - 2s - 50ms/step - loss: 0.5294 - val_loss: 0.5325
Epoch 254/500
36/36 - 2s - 49ms/step - loss: 0.5292 - val_loss: 0.5324
Epoch 255/500
36/36 - 2s - 51ms/step - loss: 0.5291 - val_loss: 0.5323
Epoch 256/500
36/36 - 2s - 49ms/step - loss: 0.5290 - val_loss: 0.5321
Epoch 257/500
36/36 - 2s - 49ms/step - loss: 0.5289 - val_loss: 0.5320
Epoch 258/500
36/36 - 2s - 49ms/step - loss: 0.5287 - val_loss: 0.5319
Epoch 259/500
36/36 - 2s - 49ms/step - loss: 0.5286 - val_loss: 0.5318
Epoch 260/500
36/36 - 2s - 49ms/step - loss: 0.5285 - val_loss: 0.5316
Epoch 261/500
36/36 - 2s - 49ms/step - loss: 0.5284 - val_loss: 0.5315
Epoch 262/500
36/36 - 2s - 49ms/step - loss: 0.5282 - val_loss: 0.5314
Epoch 263/500
36/36 - 2s - 49ms/step - loss: 0.5281 - val_loss: 0.5313
Epoch 264/500
36/36 - 2s - 49ms/step - loss: 0.5280 - val_loss: 0.5312
Epoch 265/500
36/36 - 2s - 49ms/step - loss: 0.5279 - val_loss: 0.5311
Epoch 266/500
36/36 - 2s - 49ms/step - loss: 0.5278 - val_loss: 0.5309
Epoch 267/500
36/36 - 2s - 49ms/step - loss: 0.5276 - val_loss: 0.5308
Epoch 268/500
36/36 - 2s - 49ms/step - loss: 0.5275 - val_loss: 0.5307
Epoch 269/500
36/36 - 2s - 49ms/step - loss: 0.5274 - val_loss: 0.5306
Epoch 270/500
36/36 - 2s - 49ms/step - loss: 0.5273 - val_loss: 0.5305
Epoch 271/500
36/36 - 2s - 49ms/step - loss: 0.5272 - val_loss: 0.5304
Epoch 272/500
36/36 - 2s - 49ms/step - loss: 0.5271 - val_loss: 0.5303
Epoch 273/500
36/36 - 2s - 49ms/step - loss: 0.5270 - val_loss: 0.5302
Epoch 274/500
36/36 - 2s - 49ms/step - loss: 0.5268 - val_loss: 0.5301
Epoch 275/500
36/36 - 2s - 49ms/step - loss: 0.5267 - val_loss: 0.5299
Epoch 276/500
36/36 - 2s - 49ms/step - loss: 0.5266 - val_loss: 0.5298
Epoch 277/500
36/36 - 2s - 49ms/step - loss: 0.5265 - val_loss: 0.5297
Epoch 278/500
36/36 - 2s - 49ms/step - loss: 0.5264 - val_loss: 0.5296
Epoch 279/500
36/36 - 2s - 49ms/step - loss: 0.5263 - val_loss: 0.5295
Epoch 280/500
36/36 - 2s - 49ms/step - loss: 0.5262 - val_loss: 0.5294
Epoch 281/500
36/36 - 2s - 49ms/step - loss: 0.5261 - val_loss: 0.5293
Epoch 282/500
36/36 - 2s - 49ms/step - loss: 0.5260 - val_loss: 0.5292
Epoch 283/500
36/36 - 2s - 49ms/step - loss: 0.5259 - val_loss: 0.5291
Epoch 284/500
36/36 - 2s - 49ms/step - loss: 0.5258 - val_loss: 0.5290
Epoch 285/500
36/36 - 2s - 49ms/step - loss: 0.5256 - val_loss: 0.5289
Epoch 286/500
36/36 - 2s - 50ms/step - loss: 0.5255 - val_loss: 0.5288
Epoch 287/500
36/36 - 2s - 49ms/step - loss: 0.5254 - val_loss: 0.5287
Epoch 288/500
36/36 - 2s - 50ms/step - loss: 0.5253 - val_loss: 0.5286
Epoch 289/500
36/36 - 2s - 49ms/step - loss: 0.5252 - val_loss: 0.5285
Epoch 290/500
36/36 - 2s - 49ms/step - loss: 0.5251 - val_loss: 0.5284
Epoch 291/500
36/36 - 2s - 49ms/step - loss: 0.5250 - val_loss: 0.5283
Epoch 292/500
36/36 - 2s - 49ms/step - loss: 0.5249 - val_loss: 0.5282
Epoch 293/500
36/36 - 2s - 49ms/step - loss: 0.5248 - val_loss: 0.5281
Epoch 294/500
36/36 - 2s - 49ms/step - loss: 0.5247 - val_loss: 0.5281
Epoch 295/500
36/36 - 2s - 49ms/step - loss: 0.5246 - val_loss: 0.5280
Epoch 296/500
36/36 - 2s - 49ms/step - loss: 0.5245 - val_loss: 0.5279
Epoch 297/500
36/36 - 2s - 49ms/step - loss: 0.5244 - val_loss: 0.5278
Epoch 298/500
36/36 - 2s - 49ms/step - loss: 0.5243 - val_loss: 0.5277
Epoch 299/500
36/36 - 2s - 49ms/step - loss: 0.5242 - val_loss: 0.5276
Epoch 300/500
36/36 - 2s - 49ms/step - loss: 0.5242 - val_loss: 0.5275
Epoch 301/500
36/36 - 2s - 49ms/step - loss: 0.5241 - val_loss: 0.5274
Epoch 302/500
36/36 - 2s - 49ms/step - loss: 0.5240 - val_loss: 0.5273
Epoch 303/500
36/36 - 2s - 49ms/step - loss: 0.5239 - val_loss: 0.5272
Epoch 304/500
36/36 - 2s - 49ms/step - loss: 0.5238 - val_loss: 0.5272
Epoch 305/500
36/36 - 2s - 49ms/step - loss: 0.5237 - val_loss: 0.5271
Epoch 306/500
36/36 - 2s - 49ms/step - loss: 0.5236 - val_loss: 0.5270
Epoch 307/500
36/36 - 2s - 49ms/step - loss: 0.5235 - val_loss: 0.5269
Epoch 308/500
36/36 - 2s - 49ms/step - loss: 0.5234 - val_loss: 0.5268
Epoch 309/500
36/36 - 2s - 49ms/step - loss: 0.5233 - val_loss: 0.5267
Epoch 310/500
36/36 - 2s - 49ms/step - loss: 0.5232 - val_loss: 0.5266
Epoch 311/500
36/36 - 2s - 49ms/step - loss: 0.5231 - val_loss: 0.5266
Epoch 312/500
36/36 - 2s - 49ms/step - loss: 0.5230 - val_loss: 0.5265
Epoch 313/500
36/36 - 2s - 49ms/step - loss: 0.5230 - val_loss: 0.5264
Epoch 314/500
36/36 - 2s - 49ms/step - loss: 0.5229 - val_loss: 0.5263
Epoch 315/500
36/36 - 2s - 49ms/step - loss: 0.5228 - val_loss: 0.5262
Epoch 316/500
36/36 - 2s - 49ms/step - loss: 0.5227 - val_loss: 0.5261
Epoch 317/500
36/36 - 2s - 49ms/step - loss: 0.5226 - val_loss: 0.5261
Epoch 318/500
36/36 - 2s - 49ms/step - loss: 0.5225 - val_loss: 0.5260
Epoch 319/500
36/36 - 2s - 49ms/step - loss: 0.5224 - val_loss: 0.5259
Epoch 320/500
36/36 - 2s - 49ms/step - loss: 0.5223 - val_loss: 0.5258
Epoch 321/500
36/36 - 2s - 49ms/step - loss: 0.5223 - val_loss: 0.5257
Epoch 322/500
36/36 - 2s - 50ms/step - loss: 0.5222 - val_loss: 0.5257
Epoch 323/500
36/36 - 2s - 49ms/step - loss: 0.5221 - val_loss: 0.5256
Epoch 324/500
36/36 - 2s - 49ms/step - loss: 0.5220 - val_loss: 0.5255
Epoch 325/500
36/36 - 2s - 49ms/step - loss: 0.5219 - val_loss: 0.5254
Epoch 326/500
36/36 - 2s - 49ms/step - loss: 0.5218 - val_loss: 0.5253
Epoch 327/500
36/36 - 2s - 49ms/step - loss: 0.5218 - val_loss: 0.5253
Epoch 328/500
36/36 - 2s - 49ms/step - loss: 0.5217 - val_loss: 0.5252
Epoch 329/500
36/36 - 2s - 49ms/step - loss: 0.5216 - val_loss: 0.5251
Epoch 330/500
36/36 - 2s - 49ms/step - loss: 0.5215 - val_loss: 0.5250
Epoch 331/500
36/36 - 2s - 49ms/step - loss: 0.5214 - val_loss: 0.5250
Epoch 332/500
36/36 - 2s - 49ms/step - loss: 0.5214 - val_loss: 0.5249
Epoch 333/500
36/36 - 2s - 49ms/step - loss: 0.5213 - val_loss: 0.5248
Epoch 334/500
36/36 - 2s - 49ms/step - loss: 0.5212 - val_loss: 0.5247
Epoch 335/500
36/36 - 2s - 49ms/step - loss: 0.5211 - val_loss: 0.5247
Epoch 336/500
36/36 - 2s - 49ms/step - loss: 0.5210 - val_loss: 0.5246
Epoch 337/500
36/36 - 2s - 48ms/step - loss: 0.5210 - val_loss: 0.5245
Epoch 338/500
36/36 - 2s - 49ms/step - loss: 0.5209 - val_loss: 0.5244
Epoch 339/500
36/36 - 2s - 49ms/step - loss: 0.5208 - val_loss: 0.5244
Epoch 340/500
36/36 - 2s - 49ms/step - loss: 0.5207 - val_loss: 0.5243
Epoch 341/500
36/36 - 2s - 49ms/step - loss: 0.5206 - val_loss: 0.5242
Epoch 342/500
36/36 - 2s - 49ms/step - loss: 0.5206 - val_loss: 0.5242
Epoch 343/500
36/36 - 2s - 49ms/step - loss: 0.5205 - val_loss: 0.5241
Epoch 344/500
36/36 - 2s - 49ms/step - loss: 0.5204 - val_loss: 0.5240
Epoch 345/500
36/36 - 2s - 49ms/step - loss: 0.5203 - val_loss: 0.5239
Epoch 346/500
36/36 - 2s - 49ms/step - loss: 0.5203 - val_loss: 0.5239
Epoch 347/500
36/36 - 2s - 49ms/step - loss: 0.5202 - val_loss: 0.5238
Epoch 348/500
36/36 - 2s - 49ms/step - loss: 0.5201 - val_loss: 0.5237
Epoch 349/500
36/36 - 2s - 49ms/step - loss: 0.5200 - val_loss: 0.5237
Epoch 350/500
36/36 - 2s - 49ms/step - loss: 0.5200 - val_loss: 0.5236
Epoch 351/500
36/36 - 2s - 49ms/step - loss: 0.5199 - val_loss: 0.5235
Epoch 352/500
36/36 - 2s - 49ms/step - loss: 0.5198 - val_loss: 0.5235
Epoch 353/500
36/36 - 2s - 49ms/step - loss: 0.5197 - val_loss: 0.5234
Epoch 354/500
36/36 - 2s - 49ms/step - loss: 0.5197 - val_loss: 0.5233
Epoch 355/500
36/36 - 2s - 49ms/step - loss: 0.5196 - val_loss: 0.5233
Epoch 356/500
36/36 - 2s - 50ms/step - loss: 0.5195 - val_loss: 0.5232
Epoch 357/500
36/36 - 2s - 50ms/step - loss: 0.5195 - val_loss: 0.5231
Epoch 358/500
36/36 - 2s - 50ms/step - loss: 0.5194 - val_loss: 0.5231
Epoch 359/500
36/36 - 2s - 49ms/step - loss: 0.5193 - val_loss: 0.5230
Epoch 360/500
36/36 - 2s - 50ms/step - loss: 0.5192 - val_loss: 0.5229
Epoch 361/500
36/36 - 2s - 49ms/step - loss: 0.5192 - val_loss: 0.5229
Epoch 362/500
36/36 - 2s - 50ms/step - loss: 0.5191 - val_loss: 0.5228
Epoch 363/500
36/36 - 2s - 49ms/step - loss: 0.5190 - val_loss: 0.5227
Epoch 364/500
36/36 - 2s - 49ms/step - loss: 0.5190 - val_loss: 0.5227
Epoch 365/500
36/36 - 2s - 49ms/step - loss: 0.5189 - val_loss: 0.5226
Epoch 366/500
36/36 - 2s - 49ms/step - loss: 0.5188 - val_loss: 0.5225
Epoch 367/500
36/36 - 2s - 49ms/step - loss: 0.5188 - val_loss: 0.5225
Epoch 368/500
36/36 - 2s - 49ms/step - loss: 0.5187 - val_loss: 0.5224
Epoch 369/500
36/36 - 2s - 49ms/step - loss: 0.5186 - val_loss: 0.5223
Epoch 370/500
36/36 - 2s - 49ms/step - loss: 0.5185 - val_loss: 0.5223
Epoch 371/500
36/36 - 2s - 49ms/step - loss: 0.5185 - val_loss: 0.5222
Epoch 372/500
36/36 - 2s - 49ms/step - loss: 0.5184 - val_loss: 0.5222
Epoch 373/500
36/36 - 2s - 49ms/step - loss: 0.5183 - val_loss: 0.5221
Epoch 374/500
36/36 - 2s - 49ms/step - loss: 0.5183 - val_loss: 0.5220
Epoch 375/500
36/36 - 2s - 49ms/step - loss: 0.5182 - val_loss: 0.5220
Epoch 376/500
36/36 - 2s - 49ms/step - loss: 0.5181 - val_loss: 0.5219
Epoch 377/500
36/36 - 2s - 49ms/step - loss: 0.5181 - val_loss: 0.5218
Epoch 378/500
36/36 - 2s - 50ms/step - loss: 0.5180 - val_loss: 0.5218
Epoch 379/500
36/36 - 2s - 49ms/step - loss: 0.5179 - val_loss: 0.5217
Epoch 380/500
36/36 - 2s - 50ms/step - loss: 0.5179 - val_loss: 0.5217
Epoch 381/500
36/36 - 2s - 49ms/step - loss: 0.5178 - val_loss: 0.5216
Epoch 382/500
36/36 - 2s - 49ms/step - loss: 0.5178 - val_loss: 0.5215
Epoch 383/500
36/36 - 2s - 49ms/step - loss: 0.5177 - val_loss: 0.5215
Epoch 384/500
36/36 - 2s - 49ms/step - loss: 0.5176 - val_loss: 0.5214
Epoch 385/500
36/36 - 2s - 49ms/step - loss: 0.5176 - val_loss: 0.5214
Epoch 386/500
36/36 - 2s - 50ms/step - loss: 0.5175 - val_loss: 0.5213
Epoch 387/500
36/36 - 2s - 49ms/step - loss: 0.5174 - val_loss: 0.5212
Epoch 388/500
36/36 - 2s - 50ms/step - loss: 0.5174 - val_loss: 0.5212
Epoch 389/500
36/36 - 2s - 49ms/step - loss: 0.5173 - val_loss: 0.5211
Epoch 390/500
36/36 - 2s - 49ms/step - loss: 0.5172 - val_loss: 0.5211
Epoch 391/500
36/36 - 2s - 50ms/step - loss: 0.5172 - val_loss: 0.5210
Epoch 392/500
36/36 - 2s - 49ms/step - loss: 0.5171 - val_loss: 0.5210
Epoch 393/500
36/36 - 2s - 49ms/step - loss: 0.5171 - val_loss: 0.5209
Epoch 394/500
36/36 - 2s - 49ms/step - loss: 0.5170 - val_loss: 0.5208
Epoch 395/500
36/36 - 2s - 49ms/step - loss: 0.5169 - val_loss: 0.5208
Epoch 396/500
36/36 - 2s - 50ms/step - loss: 0.5169 - val_loss: 0.5207
Epoch 397/500
36/36 - 2s - 49ms/step - loss: 0.5168 - val_loss: 0.5207
Epoch 398/500
36/36 - 2s - 49ms/step - loss: 0.5168 - val_loss: 0.5206
Epoch 399/500
36/36 - 2s - 49ms/step - loss: 0.5167 - val_loss: 0.5206
Epoch 400/500
36/36 - 2s - 50ms/step - loss: 0.5166 - val_loss: 0.5205
Epoch 401/500
36/36 - 2s - 49ms/step - loss: 0.5166 - val_loss: 0.5204
Epoch 402/500
36/36 - 2s - 49ms/step - loss: 0.5165 - val_loss: 0.5204
Epoch 403/500
36/36 - 2s - 49ms/step - loss: 0.5164 - val_loss: 0.5203
Epoch 404/500
36/36 - 2s - 49ms/step - loss: 0.5164 - val_loss: 0.5203
Epoch 405/500
36/36 - 2s - 49ms/step - loss: 0.5163 - val_loss: 0.5202
Epoch 406/500
36/36 - 2s - 49ms/step - loss: 0.5163 - val_loss: 0.5202
Epoch 407/500
36/36 - 2s - 49ms/step - loss: 0.5162 - val_loss: 0.5201
Epoch 408/500
36/36 - 2s - 49ms/step - loss: 0.5162 - val_loss: 0.5201
Epoch 409/500
36/36 - 2s - 49ms/step - loss: 0.5161 - val_loss: 0.5200
Epoch 410/500
36/36 - 2s - 49ms/step - loss: 0.5160 - val_loss: 0.5200
Epoch 411/500
36/36 - 2s - 49ms/step - loss: 0.5160 - val_loss: 0.5199
Epoch 412/500
36/36 - 2s - 49ms/step - loss: 0.5159 - val_loss: 0.5198
Epoch 413/500
36/36 - 2s - 49ms/step - loss: 0.5159 - val_loss: 0.5198
Epoch 414/500
36/36 - 2s - 49ms/step - loss: 0.5158 - val_loss: 0.5197
Epoch 415/500
36/36 - 2s - 49ms/step - loss: 0.5158 - val_loss: 0.5197
Epoch 416/500
36/36 - 2s - 49ms/step - loss: 0.5157 - val_loss: 0.5196
Epoch 417/500
36/36 - 2s - 49ms/step - loss: 0.5156 - val_loss: 0.5196
Epoch 418/500
36/36 - 2s - 49ms/step - loss: 0.5156 - val_loss: 0.5195
Epoch 419/500
36/36 - 2s - 49ms/step - loss: 0.5155 - val_loss: 0.5195
Epoch 420/500
36/36 - 2s - 49ms/step - loss: 0.5155 - val_loss: 0.5194
Epoch 421/500
36/36 - 2s - 49ms/step - loss: 0.5154 - val_loss: 0.5194
Epoch 422/500
36/36 - 2s - 49ms/step - loss: 0.5154 - val_loss: 0.5193
Epoch 423/500
36/36 - 2s - 49ms/step - loss: 0.5153 - val_loss: 0.5193
Epoch 424/500
36/36 - 2s - 49ms/step - loss: 0.5153 - val_loss: 0.5192
Epoch 425/500
36/36 - 2s - 50ms/step - loss: 0.5152 - val_loss: 0.5192
Epoch 426/500
36/36 - 2s - 51ms/step - loss: 0.5151 - val_loss: 0.5191
Epoch 427/500
36/36 - 2s - 50ms/step - loss: 0.5151 - val_loss: 0.5191
Epoch 428/500
36/36 - 2s - 50ms/step - loss: 0.5150 - val_loss: 0.5190
Epoch 429/500
36/36 - 2s - 49ms/step - loss: 0.5150 - val_loss: 0.5190
Epoch 430/500
36/36 - 30s - 844ms/step - loss: 0.5149 - val_loss: 0.5189
Epoch 431/500
36/36 - 2s - 50ms/step - loss: 0.5149 - val_loss: 0.5189
Epoch 432/500
36/36 - 2s - 50ms/step - loss: 0.5148 - val_loss: 0.5188
Epoch 433/500
36/36 - 2s - 50ms/step - loss: 0.5148 - val_loss: 0.5188
Epoch 434/500
36/36 - 2s - 50ms/step - loss: 0.5147 - val_loss: 0.5187
Epoch 435/500
36/36 - 2s - 50ms/step - loss: 0.5147 - val_loss: 0.5187
Epoch 436/500
36/36 - 2s - 50ms/step - loss: 0.5146 - val_loss: 0.5186
Epoch 437/500
36/36 - 2s - 50ms/step - loss: 0.5146 - val_loss: 0.5186
Epoch 438/500
36/36 - 2s - 50ms/step - loss: 0.5145 - val_loss: 0.5185
Epoch 439/500
36/36 - 2s - 49ms/step - loss: 0.5145 - val_loss: 0.5185
Epoch 440/500
36/36 - 2s - 50ms/step - loss: 0.5144 - val_loss: 0.5184
Epoch 441/500
36/36 - 2s - 49ms/step - loss: 0.5144 - val_loss: 0.5184
Epoch 442/500
36/36 - 2s - 49ms/step - loss: 0.5143 - val_loss: 0.5183
Epoch 443/500
36/36 - 2s - 49ms/step - loss: 0.5142 - val_loss: 0.5183
Epoch 444/500
36/36 - 2s - 49ms/step - loss: 0.5142 - val_loss: 0.5183
Epoch 445/500
36/36 - 2s - 49ms/step - loss: 0.5141 - val_loss: 0.5182
Epoch 446/500
36/36 - 2s - 49ms/step - loss: 0.5141 - val_loss: 0.5182
Epoch 447/500
36/36 - 2s - 49ms/step - loss: 0.5140 - val_loss: 0.5181
Epoch 448/500
36/36 - 2s - 49ms/step - loss: 0.5140 - val_loss: 0.5181
Epoch 449/500
36/36 - 2s - 49ms/step - loss: 0.5139 - val_loss: 0.5180
Epoch 450/500
36/36 - 2s - 49ms/step - loss: 0.5139 - val_loss: 0.5180
Epoch 451/500
36/36 - 2s - 49ms/step - loss: 0.5138 - val_loss: 0.5179
Epoch 452/500
36/36 - 2s - 49ms/step - loss: 0.5138 - val_loss: 0.5179
Epoch 453/500
36/36 - 2s - 49ms/step - loss: 0.5137 - val_loss: 0.5178
Epoch 454/500
36/36 - 2s - 48ms/step - loss: 0.5137 - val_loss: 0.5178
Epoch 455/500
36/36 - 2s - 49ms/step - loss: 0.5137 - val_loss: 0.5178
Epoch 456/500
36/36 - 2s - 50ms/step - loss: 0.5136 - val_loss: 0.5177
Epoch 457/500
36/36 - 5s - 152ms/step - loss: 0.5136 - val_loss: 0.5177
Epoch 458/500
36/36 - 2s - 48ms/step - loss: 0.5135 - val_loss: 0.5176
Epoch 459/500
36/36 - 2s - 50ms/step - loss: 0.5135 - val_loss: 0.5176
Epoch 460/500
36/36 - 2s - 49ms/step - loss: 0.5134 - val_loss: 0.5175
Epoch 461/500
36/36 - 2s - 49ms/step - loss: 0.5134 - val_loss: 0.5175
Epoch 462/500
36/36 - 2s - 49ms/step - loss: 0.5133 - val_loss: 0.5174
Epoch 463/500
36/36 - 2s - 49ms/step - loss: 0.5133 - val_loss: 0.5174
Epoch 464/500
36/36 - 2s - 49ms/step - loss: 0.5132 - val_loss: 0.5174
Epoch 465/500
36/36 - 2s - 49ms/step - loss: 0.5132 - val_loss: 0.5173
Epoch 466/500
36/36 - 2s - 49ms/step - loss: 0.5131 - val_loss: 0.5173
Epoch 467/500
36/36 - 2s - 48ms/step - loss: 0.5131 - val_loss: 0.5172
Epoch 468/500
36/36 - 2s - 50ms/step - loss: 0.5130 - val_loss: 0.5172
Epoch 469/500
36/36 - 2s - 52ms/step - loss: 0.5130 - val_loss: 0.5171
Epoch 470/500
36/36 - 2s - 50ms/step - loss: 0.5129 - val_loss: 0.5171
Epoch 471/500
36/36 - 2s - 49ms/step - loss: 0.5129 - val_loss: 0.5171
Epoch 472/500
36/36 - 2s - 49ms/step - loss: 0.5129 - val_loss: 0.5170
Epoch 473/500
36/36 - 2s - 49ms/step - loss: 0.5128 - val_loss: 0.5170
Epoch 474/500
36/36 - 2s - 50ms/step - loss: 0.5128 - val_loss: 0.5169
Epoch 475/500
36/36 - 2s - 49ms/step - loss: 0.5127 - val_loss: 0.5169
Epoch 476/500
36/36 - 2s - 51ms/step - loss: 0.5127 - val_loss: 0.5169
Epoch 477/500
36/36 - 2s - 52ms/step - loss: 0.5126 - val_loss: 0.5168
Epoch 478/500
36/36 - 2s - 52ms/step - loss: 0.5126 - val_loss: 0.5168
Epoch 479/500
36/36 - 2s - 51ms/step - loss: 0.5125 - val_loss: 0.5167
Epoch 480/500
36/36 - 2s - 51ms/step - loss: 0.5125 - val_loss: 0.5167
Epoch 481/500
36/36 - 2s - 52ms/step - loss: 0.5125 - val_loss: 0.5167
Epoch 482/500
36/36 - 2s - 53ms/step - loss: 0.5124 - val_loss: 0.5166
Epoch 483/500
36/36 - 214s - 6s/step - loss: 0.5124 - val_loss: 0.5166
Epoch 484/500
36/36 - 2s - 52ms/step - loss: 0.5123 - val_loss: 0.5165
Epoch 485/500
36/36 - 2s - 49ms/step - loss: 0.5123 - val_loss: 0.5165
Epoch 486/500
36/36 - 2s - 49ms/step - loss: 0.5122 - val_loss: 0.5165
Epoch 487/500
36/36 - 2s - 49ms/step - loss: 0.5122 - val_loss: 0.5164
Epoch 488/500
36/36 - 2s - 49ms/step - loss: 0.5121 - val_loss: 0.5164
Epoch 489/500
36/36 - 2s - 49ms/step - loss: 0.5121 - val_loss: 0.5163
Epoch 490/500
36/36 - 2s - 49ms/step - loss: 0.5121 - val_loss: 0.5163
Epoch 491/500
36/36 - 2s - 49ms/step - loss: 0.5120 - val_loss: 0.5163
Epoch 492/500
36/36 - 2s - 49ms/step - loss: 0.5120 - val_loss: 0.5162
Epoch 493/500
36/36 - 2s - 50ms/step - loss: 0.5119 - val_loss: 0.5162
Epoch 494/500
36/36 - 2s - 49ms/step - loss: 0.5119 - val_loss: 0.5162
Epoch 495/500
36/36 - 2s - 49ms/step - loss: 0.5119 - val_loss: 0.5161
Epoch 496/500
36/36 - 2s - 49ms/step - loss: 0.5118 - val_loss: 0.5161
Epoch 497/500
36/36 - 2s - 49ms/step - loss: 0.5118 - val_loss: 0.5160
Epoch 498/500
36/36 - 2s - 49ms/step - loss: 0.5117 - val_loss: 0.5160
Epoch 499/500
36/36 - 2s - 49ms/step - loss: 0.5117 - val_loss: 0.5160
Epoch 500/500
36/36 - 2s - 49ms/step - loss: 0.5116 - val_loss: 0.5159
[Run 1/5] Training shared encoder (weighted, sigmoid head, baseline preprocessing)...
Epoch 1/500
36/36 - 2s - 58ms/step - loss: 0.9415 - val_loss: 0.9283
Epoch 2/500
36/36 - 2s - 57ms/step - loss: 0.9152 - val_loss: 0.9047
Epoch 3/500
36/36 - 2s - 54ms/step - loss: 0.8906 - val_loss: 0.8828
Epoch 4/500
36/36 - 2s - 54ms/step - loss: 0.8680 - val_loss: 0.8625
Epoch 5/500
36/36 - 2s - 54ms/step - loss: 0.8473 - val_loss: 0.8437
Epoch 6/500
36/36 - 2s - 54ms/step - loss: 0.8283 - val_loss: 0.8264
Epoch 7/500
36/36 - 2s - 55ms/step - loss: 0.8111 - val_loss: 0.8104
Epoch 8/500
36/36 - 2s - 54ms/step - loss: 0.7956 - val_loss: 0.7959
Epoch 9/500
36/36 - 12s - 338ms/step - loss: 0.7817 - val_loss: 0.7830
Epoch 10/500
36/36 - 2s - 54ms/step - loss: 0.7694 - val_loss: 0.7715
Epoch 11/500
36/36 - 2s - 54ms/step - loss: 0.7584 - val_loss: 0.7614
Epoch 12/500
36/36 - 2s - 55ms/step - loss: 0.7487 - val_loss: 0.7523
Epoch 13/500
36/36 - 2s - 54ms/step - loss: 0.7400 - val_loss: 0.7443
Epoch 14/500
36/36 - 2s - 54ms/step - loss: 0.7321 - val_loss: 0.7369
Epoch 15/500
36/36 - 2s - 54ms/step - loss: 0.7249 - val_loss: 0.7303
Epoch 16/500
36/36 - 2s - 54ms/step - loss: 0.7184 - val_loss: 0.7242
Epoch 17/500
36/36 - 2s - 54ms/step - loss: 0.7124 - val_loss: 0.7185
Epoch 18/500
36/36 - 2s - 54ms/step - loss: 0.7069 - val_loss: 0.7133
Epoch 19/500
36/36 - 2s - 54ms/step - loss: 0.7017 - val_loss: 0.7085
Epoch 20/500
36/36 - 2s - 55ms/step - loss: 0.6970 - val_loss: 0.7040
Epoch 21/500
36/36 - 2s - 55ms/step - loss: 0.6925 - val_loss: 0.6997
Epoch 22/500
36/36 - 2s - 54ms/step - loss: 0.6883 - val_loss: 0.6957
Epoch 23/500
36/36 - 2s - 54ms/step - loss: 0.6844 - val_loss: 0.6920
Epoch 24/500
36/36 - 2s - 54ms/step - loss: 0.6806 - val_loss: 0.6884
Epoch 25/500
36/36 - 2s - 54ms/step - loss: 0.6771 - val_loss: 0.6850
Epoch 26/500
36/36 - 2s - 54ms/step - loss: 0.6738 - val_loss: 0.6818
Epoch 27/500
36/36 - 2s - 54ms/step - loss: 0.6706 - val_loss: 0.6787
Epoch 28/500
36/36 - 2s - 55ms/step - loss: 0.6676 - val_loss: 0.6758
Epoch 29/500
36/36 - 2s - 54ms/step - loss: 0.6647 - val_loss: 0.6730
Epoch 30/500
36/36 - 2s - 53ms/step - loss: 0.6620 - val_loss: 0.6703
Epoch 31/500
36/36 - 2s - 54ms/step - loss: 0.6593 - val_loss: 0.6677
Epoch 32/500
36/36 - 2s - 54ms/step - loss: 0.6568 - val_loss: 0.6652
Epoch 33/500
36/36 - 4s - 117ms/step - loss: 0.6544 - val_loss: 0.6628
Epoch 34/500
36/36 - 2s - 54ms/step - loss: 0.6520 - val_loss: 0.6605
Epoch 35/500
36/36 - 2s - 54ms/step - loss: 0.6498 - val_loss: 0.6583
Epoch 36/500
36/36 - 2s - 54ms/step - loss: 0.6476 - val_loss: 0.6561
Epoch 37/500
36/36 - 2s - 54ms/step - loss: 0.6455 - val_loss: 0.6541
Epoch 38/500
36/36 - 2s - 54ms/step - loss: 0.6435 - val_loss: 0.6521
Epoch 39/500
36/36 - 2s - 54ms/step - loss: 0.6415 - val_loss: 0.6501
Epoch 40/500
36/36 - 2s - 54ms/step - loss: 0.6396 - val_loss: 0.6482
Epoch 41/500
36/36 - 2s - 55ms/step - loss: 0.6378 - val_loss: 0.6464
Epoch 42/500
36/36 - 2s - 58ms/step - loss: 0.6360 - val_loss: 0.6446
Epoch 43/500
36/36 - 2s - 55ms/step - loss: 0.6343 - val_loss: 0.6429
Epoch 44/500
36/36 - 2s - 54ms/step - loss: 0.6326 - val_loss: 0.6412
Epoch 45/500
36/36 - 2s - 54ms/step - loss: 0.6309 - val_loss: 0.6395
Epoch 46/500
36/36 - 2s - 55ms/step - loss: 0.6293 - val_loss: 0.6379
Epoch 47/500
36/36 - 2s - 56ms/step - loss: 0.6278 - val_loss: 0.6364
Epoch 48/500
36/36 - 2s - 58ms/step - loss: 0.6263 - val_loss: 0.6349
Epoch 49/500
36/36 - 2s - 58ms/step - loss: 0.6248 - val_loss: 0.6334
Epoch 50/500
36/36 - 2s - 56ms/step - loss: 0.6234 - val_loss: 0.6319
Epoch 51/500
36/36 - 2s - 56ms/step - loss: 0.6220 - val_loss: 0.6305
Epoch 52/500
36/36 - 2s - 57ms/step - loss: 0.6206 - val_loss: 0.6291
Epoch 53/500
36/36 - 2s - 58ms/step - loss: 0.6193 - val_loss: 0.6278
Epoch 54/500
36/36 - 2s - 58ms/step - loss: 0.6180 - val_loss: 0.6265
Epoch 55/500
36/36 - 2s - 64ms/step - loss: 0.6167 - val_loss: 0.6252
Epoch 56/500
36/36 - 29s - 818ms/step - loss: 0.6155 - val_loss: 0.6239
Epoch 57/500
36/36 - 2s - 60ms/step - loss: 0.6143 - val_loss: 0.6227
Epoch 58/500
36/36 - 2s - 55ms/step - loss: 0.6131 - val_loss: 0.6215
Epoch 59/500
36/36 - 2s - 54ms/step - loss: 0.6120 - val_loss: 0.6203
Epoch 60/500
36/36 - 2s - 54ms/step - loss: 0.6108 - val_loss: 0.6192
Epoch 61/500
36/36 - 2s - 54ms/step - loss: 0.6097 - val_loss: 0.6180
Epoch 62/500
36/36 - 2s - 54ms/step - loss: 0.6086 - val_loss: 0.6169
Epoch 63/500
36/36 - 2s - 54ms/step - loss: 0.6076 - val_loss: 0.6158
Epoch 64/500
36/36 - 2s - 53ms/step - loss: 0.6065 - val_loss: 0.6148
Epoch 65/500
36/36 - 2s - 60ms/step - loss: 0.6055 - val_loss: 0.6137
Epoch 66/500
36/36 - 2s - 58ms/step - loss: 0.6045 - val_loss: 0.6127
Epoch 67/500
36/36 - 2s - 55ms/step - loss: 0.6035 - val_loss: 0.6117
Epoch 68/500
36/36 - 2s - 53ms/step - loss: 0.6025 - val_loss: 0.6107
Epoch 69/500
36/36 - 2s - 55ms/step - loss: 0.6016 - val_loss: 0.6097
Epoch 70/500
36/36 - 2s - 57ms/step - loss: 0.6007 - val_loss: 0.6087
Epoch 71/500
36/36 - 2s - 58ms/step - loss: 0.5998 - val_loss: 0.6078
Epoch 72/500
36/36 - 2s - 57ms/step - loss: 0.5989 - val_loss: 0.6068
Epoch 73/500
36/36 - 2s - 56ms/step - loss: 0.5980 - val_loss: 0.6059
Epoch 74/500
36/36 - 2s - 57ms/step - loss: 0.5971 - val_loss: 0.6050
Epoch 75/500
36/36 - 2s - 58ms/step - loss: 0.5962 - val_loss: 0.6041
Epoch 76/500
36/36 - 2s - 58ms/step - loss: 0.5954 - val_loss: 0.6033
Epoch 77/500
36/36 - 2s - 59ms/step - loss: 0.5946 - val_loss: 0.6024
Epoch 78/500
36/36 - 2s - 59ms/step - loss: 0.5938 - val_loss: 0.6016
Epoch 79/500
36/36 - 2s - 68ms/step - loss: 0.5930 - val_loss: 0.6007
Epoch 80/500
36/36 - 2s - 60ms/step - loss: 0.5922 - val_loss: 0.5999
Epoch 81/500
36/36 - 2s - 58ms/step - loss: 0.5914 - val_loss: 0.5991
Epoch 82/500
36/36 - 2s - 55ms/step - loss: 0.5906 - val_loss: 0.5983
Epoch 83/500
36/36 - 2s - 56ms/step - loss: 0.5899 - val_loss: 0.5975
Epoch 84/500
36/36 - 2s - 55ms/step - loss: 0.5891 - val_loss: 0.5967
Epoch 85/500
36/36 - 2s - 55ms/step - loss: 0.5884 - val_loss: 0.5959
Epoch 86/500
36/36 - 2s - 61ms/step - loss: 0.5877 - val_loss: 0.5952
Epoch 87/500
36/36 - 2s - 56ms/step - loss: 0.5870 - val_loss: 0.5944
Epoch 88/500
36/36 - 2s - 57ms/step - loss: 0.5863 - val_loss: 0.5936
Epoch 89/500
36/36 - 2s - 54ms/step - loss: 0.5856 - val_loss: 0.5929
Epoch 90/500
36/36 - 2s - 58ms/step - loss: 0.5849 - val_loss: 0.5922
Epoch 91/500
36/36 - 2s - 54ms/step - loss: 0.5842 - val_loss: 0.5914
Epoch 92/500
36/36 - 2s - 56ms/step - loss: 0.5836 - val_loss: 0.5907
Epoch 93/500
36/36 - 2s - 56ms/step - loss: 0.5829 - val_loss: 0.5900
Epoch 94/500
36/36 - 2s - 55ms/step - loss: 0.5823 - val_loss: 0.5893
Epoch 95/500
36/36 - 2s - 67ms/step - loss: 0.5816 - val_loss: 0.5886
Epoch 96/500
36/36 - 2s - 55ms/step - loss: 0.5810 - val_loss: 0.5879
Epoch 97/500
36/36 - 2s - 54ms/step - loss: 0.5804 - val_loss: 0.5872
Epoch 98/500
36/36 - 2s - 54ms/step - loss: 0.5797 - val_loss: 0.5865
Epoch 99/500
36/36 - 2s - 55ms/step - loss: 0.5791 - val_loss: 0.5858
Epoch 100/500
36/36 - 2s - 54ms/step - loss: 0.5785 - val_loss: 0.5851
Epoch 101/500
36/36 - 2s - 55ms/step - loss: 0.5779 - val_loss: 0.5844
Epoch 102/500
36/36 - 2s - 54ms/step - loss: 0.5773 - val_loss: 0.5838
Epoch 103/500
36/36 - 2s - 54ms/step - loss: 0.5767 - val_loss: 0.5831
Epoch 104/500
36/36 - 2s - 54ms/step - loss: 0.5761 - val_loss: 0.5824
Epoch 105/500
36/36 - 2s - 55ms/step - loss: 0.5756 - val_loss: 0.5818
Epoch 106/500
36/36 - 2s - 55ms/step - loss: 0.5750 - val_loss: 0.5811
Epoch 107/500
36/36 - 2s - 55ms/step - loss: 0.5744 - val_loss: 0.5805
Epoch 108/500
36/36 - 2s - 54ms/step - loss: 0.5739 - val_loss: 0.5799
Epoch 109/500
36/36 - 2s - 55ms/step - loss: 0.5733 - val_loss: 0.5792
Epoch 110/500
36/36 - 2s - 55ms/step - loss: 0.5728 - val_loss: 0.5786
Epoch 111/500
36/36 - 2s - 54ms/step - loss: 0.5722 - val_loss: 0.5780
Epoch 112/500
36/36 - 2s - 54ms/step - loss: 0.5717 - val_loss: 0.5774
Epoch 113/500
36/36 - 2s - 55ms/step - loss: 0.5711 - val_loss: 0.5768
Epoch 114/500
36/36 - 2s - 54ms/step - loss: 0.5706 - val_loss: 0.5762
Epoch 115/500
36/36 - 2s - 55ms/step - loss: 0.5701 - val_loss: 0.5756
Epoch 116/500
36/36 - 2s - 55ms/step - loss: 0.5696 - val_loss: 0.5751
Epoch 117/500
36/36 - 2s - 55ms/step - loss: 0.5691 - val_loss: 0.5745
Epoch 118/500
36/36 - 2s - 54ms/step - loss: 0.5685 - val_loss: 0.5739
Epoch 119/500
36/36 - 2s - 55ms/step - loss: 0.5680 - val_loss: 0.5734
Epoch 120/500
36/36 - 2s - 54ms/step - loss: 0.5675 - val_loss: 0.5729
Epoch 121/500
36/36 - 2s - 56ms/step - loss: 0.5671 - val_loss: 0.5723
Epoch 122/500
36/36 - 2s - 56ms/step - loss: 0.5666 - val_loss: 0.5718
Epoch 123/500
36/36 - 2s - 54ms/step - loss: 0.5661 - val_loss: 0.5713
Epoch 124/500
36/36 - 2s - 55ms/step - loss: 0.5656 - val_loss: 0.5708
Epoch 125/500
36/36 - 2s - 55ms/step - loss: 0.5652 - val_loss: 0.5703
Epoch 126/500
36/36 - 2s - 56ms/step - loss: 0.5647 - val_loss: 0.5698
Epoch 127/500
36/36 - 2s - 55ms/step - loss: 0.5642 - val_loss: 0.5693
Epoch 128/500
36/36 - 2s - 55ms/step - loss: 0.5638 - val_loss: 0.5688
Epoch 129/500
36/36 - 2s - 55ms/step - loss: 0.5633 - val_loss: 0.5684
Epoch 130/500
36/36 - 2s - 55ms/step - loss: 0.5629 - val_loss: 0.5679
Epoch 131/500
36/36 - 2s - 55ms/step - loss: 0.5625 - val_loss: 0.5674
Epoch 132/500
36/36 - 2s - 55ms/step - loss: 0.5620 - val_loss: 0.5670
Epoch 133/500
36/36 - 2s - 55ms/step - loss: 0.5616 - val_loss: 0.5666
Epoch 134/500
36/36 - 2s - 56ms/step - loss: 0.5612 - val_loss: 0.5661
Epoch 135/500
36/36 - 2s - 57ms/step - loss: 0.5608 - val_loss: 0.5657
Epoch 136/500
36/36 - 2s - 56ms/step - loss: 0.5604 - val_loss: 0.5653
Epoch 137/500
36/36 - 2s - 56ms/step - loss: 0.5600 - val_loss: 0.5649
Epoch 138/500
36/36 - 2s - 56ms/step - loss: 0.5596 - val_loss: 0.5644
Epoch 139/500
36/36 - 2s - 56ms/step - loss: 0.5592 - val_loss: 0.5640
Epoch 140/500
36/36 - 2s - 56ms/step - loss: 0.5588 - val_loss: 0.5636
Epoch 141/500
36/36 - 2s - 56ms/step - loss: 0.5584 - val_loss: 0.5632
Epoch 142/500
36/36 - 2s - 57ms/step - loss: 0.5580 - val_loss: 0.5628
Epoch 143/500
36/36 - 2s - 56ms/step - loss: 0.5576 - val_loss: 0.5624
Epoch 144/500
36/36 - 2s - 59ms/step - loss: 0.5572 - val_loss: 0.5621
Epoch 145/500
36/36 - 2s - 58ms/step - loss: 0.5569 - val_loss: 0.5617
Epoch 146/500
36/36 - 2s - 60ms/step - loss: 0.5565 - val_loss: 0.5613
Epoch 147/500
36/36 - 2s - 56ms/step - loss: 0.5561 - val_loss: 0.5609
Epoch 148/500
36/36 - 2s - 57ms/step - loss: 0.5558 - val_loss: 0.5606
Epoch 149/500
36/36 - 2s - 56ms/step - loss: 0.5554 - val_loss: 0.5602
Epoch 150/500
36/36 - 2s - 57ms/step - loss: 0.5551 - val_loss: 0.5598
Epoch 151/500
36/36 - 2s - 56ms/step - loss: 0.5547 - val_loss: 0.5595
Epoch 152/500
36/36 - 2s - 56ms/step - loss: 0.5544 - val_loss: 0.5591
Epoch 153/500
36/36 - 2s - 57ms/step - loss: 0.5540 - val_loss: 0.5588
Epoch 154/500
36/36 - 2s - 57ms/step - loss: 0.5537 - val_loss: 0.5584
Epoch 155/500
36/36 - 2s - 57ms/step - loss: 0.5534 - val_loss: 0.5581
Epoch 156/500
36/36 - 2s - 58ms/step - loss: 0.5530 - val_loss: 0.5578
Epoch 157/500
36/36 - 2s - 56ms/step - loss: 0.5527 - val_loss: 0.5574
Epoch 158/500
36/36 - 2s - 57ms/step - loss: 0.5524 - val_loss: 0.5571
Epoch 159/500
36/36 - 2s - 56ms/step - loss: 0.5521 - val_loss: 0.5568
Epoch 160/500
36/36 - 2s - 55ms/step - loss: 0.5517 - val_loss: 0.5564
Epoch 161/500
36/36 - 2s - 56ms/step - loss: 0.5514 - val_loss: 0.5561
Epoch 162/500
36/36 - 2s - 56ms/step - loss: 0.5511 - val_loss: 0.5558
Epoch 163/500
36/36 - 2s - 57ms/step - loss: 0.5508 - val_loss: 0.5555
Epoch 164/500
36/36 - 2s - 55ms/step - loss: 0.5505 - val_loss: 0.5552
Epoch 165/500
36/36 - 2s - 55ms/step - loss: 0.5502 - val_loss: 0.5549
Epoch 166/500
36/36 - 2s - 55ms/step - loss: 0.5499 - val_loss: 0.5545
Epoch 167/500
36/36 - 2s - 56ms/step - loss: 0.5496 - val_loss: 0.5542
Epoch 168/500
36/36 - 2s - 56ms/step - loss: 0.5493 - val_loss: 0.5539
Epoch 169/500
36/36 - 2s - 55ms/step - loss: 0.5490 - val_loss: 0.5536
Epoch 170/500
36/36 - 2s - 54ms/step - loss: 0.5487 - val_loss: 0.5533
Epoch 171/500
36/36 - 2s - 55ms/step - loss: 0.5484 - val_loss: 0.5530
Epoch 172/500
36/36 - 2s - 55ms/step - loss: 0.5481 - val_loss: 0.5528
Epoch 173/500
36/36 - 2s - 55ms/step - loss: 0.5478 - val_loss: 0.5525
Epoch 174/500
36/36 - 2s - 55ms/step - loss: 0.5475 - val_loss: 0.5522
Epoch 175/500
36/36 - 2s - 55ms/step - loss: 0.5473 - val_loss: 0.5519
Epoch 176/500
36/36 - 2s - 56ms/step - loss: 0.5470 - val_loss: 0.5516
Epoch 177/500
36/36 - 2s - 56ms/step - loss: 0.5467 - val_loss: 0.5513
Epoch 178/500
36/36 - 2s - 55ms/step - loss: 0.5464 - val_loss: 0.5511
Epoch 179/500
36/36 - 2s - 55ms/step - loss: 0.5462 - val_loss: 0.5508
Epoch 180/500
36/36 - 2s - 55ms/step - loss: 0.5459 - val_loss: 0.5505
Epoch 181/500
36/36 - 2s - 55ms/step - loss: 0.5456 - val_loss: 0.5502
Epoch 182/500
36/36 - 2s - 55ms/step - loss: 0.5454 - val_loss: 0.5500
Epoch 183/500
36/36 - 2s - 55ms/step - loss: 0.5451 - val_loss: 0.5497
Epoch 184/500
36/36 - 2s - 55ms/step - loss: 0.5448 - val_loss: 0.5494
Epoch 185/500
36/36 - 2s - 54ms/step - loss: 0.5446 - val_loss: 0.5492
Epoch 186/500
36/36 - 2s - 55ms/step - loss: 0.5443 - val_loss: 0.5489
Epoch 187/500
36/36 - 2s - 55ms/step - loss: 0.5441 - val_loss: 0.5487
Epoch 188/500
36/36 - 2s - 54ms/step - loss: 0.5438 - val_loss: 0.5484
Epoch 189/500
36/36 - 2s - 55ms/step - loss: 0.5435 - val_loss: 0.5482
Epoch 190/500
36/36 - 2s - 55ms/step - loss: 0.5433 - val_loss: 0.5479
Epoch 191/500
36/36 - 2s - 55ms/step - loss: 0.5431 - val_loss: 0.5477
Epoch 192/500
36/36 - 2s - 54ms/step - loss: 0.5428 - val_loss: 0.5474
Epoch 193/500
36/36 - 2s - 55ms/step - loss: 0.5426 - val_loss: 0.5472
Epoch 194/500
36/36 - 2s - 55ms/step - loss: 0.5423 - val_loss: 0.5469
Epoch 195/500
36/36 - 2s - 54ms/step - loss: 0.5421 - val_loss: 0.5467
Epoch 196/500
36/36 - 2s - 54ms/step - loss: 0.5418 - val_loss: 0.5464
Epoch 197/500
36/36 - 2s - 55ms/step - loss: 0.5416 - val_loss: 0.5462
Epoch 198/500
36/36 - 2s - 54ms/step - loss: 0.5413 - val_loss: 0.5459
Epoch 199/500
36/36 - 2s - 55ms/step - loss: 0.5410 - val_loss: 0.5456
Epoch 200/500
36/36 - 2s - 55ms/step - loss: 0.5406 - val_loss: 0.5451
Epoch 201/500
36/36 - 2s - 55ms/step - loss: 0.5401 - val_loss: 0.5444
Epoch 202/500
36/36 - 2s - 55ms/step - loss: 0.5394 - val_loss: 0.5437
Epoch 203/500
36/36 - 2s - 55ms/step - loss: 0.5388 - val_loss: 0.5432
Epoch 204/500
36/36 - 2s - 55ms/step - loss: 0.5383 - val_loss: 0.5428
Epoch 205/500
36/36 - 2s - 55ms/step - loss: 0.5380 - val_loss: 0.5424
Epoch 206/500
36/36 - 2s - 54ms/step - loss: 0.5377 - val_loss: 0.5422
Epoch 207/500
36/36 - 2s - 56ms/step - loss: 0.5374 - val_loss: 0.5419
Epoch 208/500
36/36 - 2s - 55ms/step - loss: 0.5372 - val_loss: 0.5416
Epoch 209/500
36/36 - 2s - 55ms/step - loss: 0.5369 - val_loss: 0.5414
Epoch 210/500
36/36 - 2s - 55ms/step - loss: 0.5367 - val_loss: 0.5412
Epoch 211/500
36/36 - 2s - 55ms/step - loss: 0.5364 - val_loss: 0.5409
Epoch 212/500
36/36 - 2s - 55ms/step - loss: 0.5362 - val_loss: 0.5407
Epoch 213/500
36/36 - 2s - 54ms/step - loss: 0.5360 - val_loss: 0.5405
Epoch 214/500
36/36 - 2s - 55ms/step - loss: 0.5358 - val_loss: 0.5403
Epoch 215/500
36/36 - 2s - 55ms/step - loss: 0.5355 - val_loss: 0.5400
Epoch 216/500
36/36 - 2s - 55ms/step - loss: 0.5353 - val_loss: 0.5398
Epoch 217/500
36/36 - 2s - 55ms/step - loss: 0.5351 - val_loss: 0.5396
Epoch 218/500
36/36 - 2s - 55ms/step - loss: 0.5349 - val_loss: 0.5394
Epoch 219/500
36/36 - 2s - 55ms/step - loss: 0.5347 - val_loss: 0.5392
Epoch 220/500
36/36 - 2s - 55ms/step - loss: 0.5345 - val_loss: 0.5390
Epoch 221/500
36/36 - 2s - 55ms/step - loss: 0.5343 - val_loss: 0.5388
Epoch 222/500
36/36 - 2s - 55ms/step - loss: 0.5341 - val_loss: 0.5386
Epoch 223/500
36/36 - 2s - 55ms/step - loss: 0.5339 - val_loss: 0.5384
Epoch 224/500
36/36 - 2s - 55ms/step - loss: 0.5337 - val_loss: 0.5382
Epoch 225/500
36/36 - 2s - 55ms/step - loss: 0.5335 - val_loss: 0.5380
Epoch 226/500
36/36 - 2s - 55ms/step - loss: 0.5333 - val_loss: 0.5378
Epoch 227/500
36/36 - 2s - 55ms/step - loss: 0.5331 - val_loss: 0.5376
Epoch 228/500
36/36 - 2s - 55ms/step - loss: 0.5329 - val_loss: 0.5374
Epoch 229/500
36/36 - 2s - 55ms/step - loss: 0.5328 - val_loss: 0.5373
Epoch 230/500
36/36 - 2s - 55ms/step - loss: 0.5326 - val_loss: 0.5371
Epoch 231/500
36/36 - 2s - 55ms/step - loss: 0.5324 - val_loss: 0.5369
Epoch 232/500
36/36 - 2s - 54ms/step - loss: 0.5322 - val_loss: 0.5367
Epoch 233/500
36/36 - 2s - 54ms/step - loss: 0.5320 - val_loss: 0.5365
Epoch 234/500
36/36 - 2s - 54ms/step - loss: 0.5319 - val_loss: 0.5364
Epoch 235/500
36/36 - 2s - 55ms/step - loss: 0.5317 - val_loss: 0.5362
Epoch 236/500
36/36 - 2s - 55ms/step - loss: 0.5315 - val_loss: 0.5360
Epoch 237/500
36/36 - 2s - 55ms/step - loss: 0.5313 - val_loss: 0.5359
Epoch 238/500
36/36 - 2s - 56ms/step - loss: 0.5312 - val_loss: 0.5357
Epoch 239/500
36/36 - 2s - 54ms/step - loss: 0.5310 - val_loss: 0.5355
Epoch 240/500
36/36 - 2s - 55ms/step - loss: 0.5308 - val_loss: 0.5354
Epoch 241/500
36/36 - 2s - 54ms/step - loss: 0.5307 - val_loss: 0.5352
Epoch 242/500
36/36 - 2s - 55ms/step - loss: 0.5305 - val_loss: 0.5350
Epoch 243/500
36/36 - 2s - 54ms/step - loss: 0.5303 - val_loss: 0.5349
Epoch 244/500
36/36 - 2s - 55ms/step - loss: 0.5302 - val_loss: 0.5347
Epoch 245/500
36/36 - 2s - 55ms/step - loss: 0.5300 - val_loss: 0.5346
Epoch 246/500
36/36 - 2s - 55ms/step - loss: 0.5298 - val_loss: 0.5344
Epoch 247/500
36/36 - 2s - 55ms/step - loss: 0.5297 - val_loss: 0.5342
Epoch 248/500
36/36 - 2s - 54ms/step - loss: 0.5295 - val_loss: 0.5341
Epoch 249/500
36/36 - 2s - 54ms/step - loss: 0.5294 - val_loss: 0.5339
Epoch 250/500
36/36 - 2s - 54ms/step - loss: 0.5292 - val_loss: 0.5338
Epoch 251/500
36/36 - 2s - 55ms/step - loss: 0.5291 - val_loss: 0.5336
Epoch 252/500
36/36 - 2s - 55ms/step - loss: 0.5289 - val_loss: 0.5335
Epoch 253/500
36/36 - 2s - 55ms/step - loss: 0.5288 - val_loss: 0.5333
Epoch 254/500
36/36 - 2s - 55ms/step - loss: 0.5286 - val_loss: 0.5332
Epoch 255/500
36/36 - 2s - 54ms/step - loss: 0.5285 - val_loss: 0.5330
Epoch 256/500
36/36 - 2s - 55ms/step - loss: 0.5283 - val_loss: 0.5329
Epoch 257/500
36/36 - 2s - 55ms/step - loss: 0.5282 - val_loss: 0.5328
Epoch 258/500
36/36 - 2s - 54ms/step - loss: 0.5280 - val_loss: 0.5326
Epoch 259/500
36/36 - 2s - 55ms/step - loss: 0.5279 - val_loss: 0.5325
Epoch 260/500
36/36 - 2s - 55ms/step - loss: 0.5277 - val_loss: 0.5323
Epoch 261/500
36/36 - 2s - 55ms/step - loss: 0.5276 - val_loss: 0.5322
Epoch 262/500
36/36 - 2s - 54ms/step - loss: 0.5275 - val_loss: 0.5321
Epoch 263/500
36/36 - 2s - 55ms/step - loss: 0.5273 - val_loss: 0.5319
Epoch 264/500
36/36 - 2s - 54ms/step - loss: 0.5272 - val_loss: 0.5318
Epoch 265/500
36/36 - 2s - 55ms/step - loss: 0.5270 - val_loss: 0.5316
Epoch 266/500
36/36 - 2s - 55ms/step - loss: 0.5269 - val_loss: 0.5315
Epoch 267/500
36/36 - 2s - 55ms/step - loss: 0.5268 - val_loss: 0.5314
Epoch 268/500
36/36 - 2s - 55ms/step - loss: 0.5266 - val_loss: 0.5312
Epoch 269/500
36/36 - 2s - 56ms/step - loss: 0.5265 - val_loss: 0.5311
Epoch 270/500
36/36 - 2s - 55ms/step - loss: 0.5264 - val_loss: 0.5310
Epoch 271/500
36/36 - 2s - 55ms/step - loss: 0.5262 - val_loss: 0.5309
Epoch 272/500
36/36 - 2s - 55ms/step - loss: 0.5261 - val_loss: 0.5307
Epoch 273/500
36/36 - 2s - 55ms/step - loss: 0.5260 - val_loss: 0.5306
Epoch 274/500
36/36 - 2s - 55ms/step - loss: 0.5258 - val_loss: 0.5305
Epoch 275/500
36/36 - 2s - 54ms/step - loss: 0.5257 - val_loss: 0.5304
Epoch 276/500
36/36 - 2s - 55ms/step - loss: 0.5256 - val_loss: 0.5302
Epoch 277/500
36/36 - 2s - 55ms/step - loss: 0.5255 - val_loss: 0.5301
Epoch 278/500
36/36 - 2s - 55ms/step - loss: 0.5253 - val_loss: 0.5300
Epoch 279/500
36/36 - 2s - 55ms/step - loss: 0.5252 - val_loss: 0.5299
Epoch 280/500
36/36 - 2s - 55ms/step - loss: 0.5251 - val_loss: 0.5297
Epoch 281/500
36/36 - 2s - 55ms/step - loss: 0.5250 - val_loss: 0.5296
Epoch 282/500
36/36 - 2s - 55ms/step - loss: 0.5248 - val_loss: 0.5295
Epoch 283/500
36/36 - 2s - 55ms/step - loss: 0.5247 - val_loss: 0.5294
Epoch 284/500
36/36 - 2s - 55ms/step - loss: 0.5246 - val_loss: 0.5293
Epoch 285/500
36/36 - 2s - 55ms/step - loss: 0.5245 - val_loss: 0.5292
Epoch 286/500
36/36 - 2s - 55ms/step - loss: 0.5244 - val_loss: 0.5290
Epoch 287/500
36/36 - 2s - 55ms/step - loss: 0.5242 - val_loss: 0.5289
Epoch 288/500
36/36 - 2s - 55ms/step - loss: 0.5241 - val_loss: 0.5288
Epoch 289/500
36/36 - 2s - 55ms/step - loss: 0.5240 - val_loss: 0.5287
Epoch 290/500
36/36 - 2s - 55ms/step - loss: 0.5239 - val_loss: 0.5286
Epoch 291/500
36/36 - 2s - 55ms/step - loss: 0.5238 - val_loss: 0.5285
Epoch 292/500
36/36 - 2s - 55ms/step - loss: 0.5237 - val_loss: 0.5284
Epoch 293/500
36/36 - 2s - 55ms/step - loss: 0.5235 - val_loss: 0.5283
Epoch 294/500
36/36 - 2s - 55ms/step - loss: 0.5234 - val_loss: 0.5281
Epoch 295/500
36/36 - 2s - 54ms/step - loss: 0.5233 - val_loss: 0.5280
Epoch 296/500
36/36 - 2s - 55ms/step - loss: 0.5232 - val_loss: 0.5279
Epoch 297/500
36/36 - 2s - 55ms/step - loss: 0.5231 - val_loss: 0.5278
Epoch 298/500
36/36 - 2s - 55ms/step - loss: 0.5230 - val_loss: 0.5277
Epoch 299/500
36/36 - 2s - 55ms/step - loss: 0.5229 - val_loss: 0.5276
Epoch 300/500
36/36 - 2s - 55ms/step - loss: 0.5228 - val_loss: 0.5275
Epoch 301/500
36/36 - 2s - 55ms/step - loss: 0.5227 - val_loss: 0.5274
Epoch 302/500
36/36 - 2s - 54ms/step - loss: 0.5226 - val_loss: 0.5273
Epoch 303/500
36/36 - 2s - 55ms/step - loss: 0.5224 - val_loss: 0.5272
Epoch 304/500
36/36 - 2s - 54ms/step - loss: 0.5223 - val_loss: 0.5271
Epoch 305/500
36/36 - 2s - 55ms/step - loss: 0.5222 - val_loss: 0.5270
Epoch 306/500
36/36 - 2s - 55ms/step - loss: 0.5221 - val_loss: 0.5269
Epoch 307/500
36/36 - 2s - 55ms/step - loss: 0.5220 - val_loss: 0.5268
Epoch 308/500
36/36 - 2s - 55ms/step - loss: 0.5219 - val_loss: 0.5267
Epoch 309/500
36/36 - 2s - 55ms/step - loss: 0.5218 - val_loss: 0.5266
Epoch 310/500
36/36 - 2s - 54ms/step - loss: 0.5217 - val_loss: 0.5265
Epoch 311/500
36/36 - 2s - 55ms/step - loss: 0.5216 - val_loss: 0.5264
Epoch 312/500
36/36 - 2s - 55ms/step - loss: 0.5215 - val_loss: 0.5263
Epoch 313/500
36/36 - 2s - 54ms/step - loss: 0.5214 - val_loss: 0.5262
Epoch 314/500
36/36 - 2s - 54ms/step - loss: 0.5213 - val_loss: 0.5261
Epoch 315/500
36/36 - 2s - 55ms/step - loss: 0.5212 - val_loss: 0.5260
Epoch 316/500
36/36 - 2s - 54ms/step - loss: 0.5211 - val_loss: 0.5259
Epoch 317/500
36/36 - 2s - 55ms/step - loss: 0.5210 - val_loss: 0.5258
Epoch 318/500
36/36 - 2s - 55ms/step - loss: 0.5209 - val_loss: 0.5257
Epoch 319/500
36/36 - 2s - 55ms/step - loss: 0.5208 - val_loss: 0.5256
Epoch 320/500
36/36 - 2s - 55ms/step - loss: 0.5207 - val_loss: 0.5255
Epoch 321/500
36/36 - 2s - 55ms/step - loss: 0.5206 - val_loss: 0.5254
Epoch 322/500
36/36 - 2s - 55ms/step - loss: 0.5205 - val_loss: 0.5253
Epoch 323/500
36/36 - 2s - 55ms/step - loss: 0.5204 - val_loss: 0.5253
Epoch 324/500
36/36 - 2s - 55ms/step - loss: 0.5203 - val_loss: 0.5252
Epoch 325/500
36/36 - 2s - 55ms/step - loss: 0.5202 - val_loss: 0.5251
Epoch 326/500
36/36 - 2s - 55ms/step - loss: 0.5201 - val_loss: 0.5250
Epoch 327/500
36/36 - 2s - 55ms/step - loss: 0.5200 - val_loss: 0.5249
Epoch 328/500
36/36 - 2s - 54ms/step - loss: 0.5199 - val_loss: 0.5248
Epoch 329/500
36/36 - 2s - 55ms/step - loss: 0.5199 - val_loss: 0.5247
Epoch 330/500
36/36 - 2s - 55ms/step - loss: 0.5198 - val_loss: 0.5246
Epoch 331/500
36/36 - 2s - 56ms/step - loss: 0.5197 - val_loss: 0.5245
Epoch 332/500
36/36 - 2s - 55ms/step - loss: 0.5196 - val_loss: 0.5244
Epoch 333/500
36/36 - 2s - 55ms/step - loss: 0.5195 - val_loss: 0.5244
Epoch 334/500
36/36 - 2s - 55ms/step - loss: 0.5194 - val_loss: 0.5243
Epoch 335/500
36/36 - 2s - 55ms/step - loss: 0.5193 - val_loss: 0.5242
Epoch 336/500
36/36 - 2s - 55ms/step - loss: 0.5192 - val_loss: 0.5241
Epoch 337/500
36/36 - 2s - 55ms/step - loss: 0.5191 - val_loss: 0.5240
Epoch 338/500
36/36 - 2s - 54ms/step - loss: 0.5190 - val_loss: 0.5239
Epoch 339/500
36/36 - 2s - 55ms/step - loss: 0.5190 - val_loss: 0.5239
Epoch 340/500
36/36 - 2s - 55ms/step - loss: 0.5189 - val_loss: 0.5238
Epoch 341/500
36/36 - 2s - 55ms/step - loss: 0.5188 - val_loss: 0.5237
Epoch 342/500
36/36 - 2s - 55ms/step - loss: 0.5187 - val_loss: 0.5236
Epoch 343/500
36/36 - 2s - 55ms/step - loss: 0.5186 - val_loss: 0.5235
Epoch 344/500
36/36 - 2s - 55ms/step - loss: 0.5185 - val_loss: 0.5234
Epoch 345/500
36/36 - 2s - 55ms/step - loss: 0.5184 - val_loss: 0.5234
Epoch 346/500
36/36 - 2s - 55ms/step - loss: 0.5183 - val_loss: 0.5233
Epoch 347/500
36/36 - 2s - 55ms/step - loss: 0.5183 - val_loss: 0.5232
Epoch 348/500
36/36 - 2s - 55ms/step - loss: 0.5182 - val_loss: 0.5231
Epoch 349/500
36/36 - 2s - 54ms/step - loss: 0.5181 - val_loss: 0.5230
Epoch 350/500
36/36 - 2s - 55ms/step - loss: 0.5180 - val_loss: 0.5230
Epoch 351/500
36/36 - 2s - 55ms/step - loss: 0.5179 - val_loss: 0.5229
Epoch 352/500
36/36 - 2s - 55ms/step - loss: 0.5178 - val_loss: 0.5228
Epoch 353/500
36/36 - 2s - 55ms/step - loss: 0.5178 - val_loss: 0.5227
Epoch 354/500
36/36 - 2s - 54ms/step - loss: 0.5177 - val_loss: 0.5226
Epoch 355/500
36/36 - 2s - 55ms/step - loss: 0.5176 - val_loss: 0.5226
Epoch 356/500
36/36 - 2s - 54ms/step - loss: 0.5175 - val_loss: 0.5225
Epoch 357/500
36/36 - 2s - 54ms/step - loss: 0.5174 - val_loss: 0.5224
Epoch 358/500
36/36 - 2s - 55ms/step - loss: 0.5174 - val_loss: 0.5223
Epoch 359/500
36/36 - 2s - 55ms/step - loss: 0.5173 - val_loss: 0.5222
Epoch 360/500
36/36 - 2s - 55ms/step - loss: 0.5172 - val_loss: 0.5222
Epoch 361/500
36/36 - 2s - 55ms/step - loss: 0.5171 - val_loss: 0.5221
Epoch 362/500
36/36 - 2s - 56ms/step - loss: 0.5170 - val_loss: 0.5220
Epoch 363/500
36/36 - 2s - 54ms/step - loss: 0.5170 - val_loss: 0.5219
Epoch 364/500
36/36 - 2s - 55ms/step - loss: 0.5169 - val_loss: 0.5219
Epoch 365/500
36/36 - 2s - 54ms/step - loss: 0.5168 - val_loss: 0.5218
Epoch 366/500
36/36 - 2s - 55ms/step - loss: 0.5167 - val_loss: 0.5217
Epoch 367/500
36/36 - 2s - 55ms/step - loss: 0.5167 - val_loss: 0.5216
Epoch 368/500
36/36 - 2s - 55ms/step - loss: 0.5166 - val_loss: 0.5216
Epoch 369/500
36/36 - 2s - 54ms/step - loss: 0.5165 - val_loss: 0.5215
Epoch 370/500
36/36 - 2s - 55ms/step - loss: 0.5164 - val_loss: 0.5214
Epoch 371/500
36/36 - 2s - 55ms/step - loss: 0.5163 - val_loss: 0.5214
Epoch 372/500
36/36 - 2s - 55ms/step - loss: 0.5163 - val_loss: 0.5213
Epoch 373/500
36/36 - 2s - 55ms/step - loss: 0.5162 - val_loss: 0.5212
Epoch 374/500
36/36 - 2s - 55ms/step - loss: 0.5161 - val_loss: 0.5211
Epoch 375/500
36/36 - 2s - 54ms/step - loss: 0.5160 - val_loss: 0.5211
Epoch 376/500
36/36 - 2s - 55ms/step - loss: 0.5160 - val_loss: 0.5210
Epoch 377/500
36/36 - 2s - 55ms/step - loss: 0.5159 - val_loss: 0.5209
Epoch 378/500
36/36 - 2s - 55ms/step - loss: 0.5158 - val_loss: 0.5209
Epoch 379/500
36/36 - 2s - 54ms/step - loss: 0.5158 - val_loss: 0.5208
Epoch 380/500
36/36 - 2s - 55ms/step - loss: 0.5157 - val_loss: 0.5207
Epoch 381/500
36/36 - 2s - 54ms/step - loss: 0.5156 - val_loss: 0.5206
Epoch 382/500
36/36 - 2s - 55ms/step - loss: 0.5155 - val_loss: 0.5206
Epoch 383/500
36/36 - 2s - 55ms/step - loss: 0.5155 - val_loss: 0.5205
Epoch 384/500
36/36 - 2s - 55ms/step - loss: 0.5154 - val_loss: 0.5204
Epoch 385/500
36/36 - 2s - 55ms/step - loss: 0.5153 - val_loss: 0.5204
Epoch 386/500
36/36 - 2s - 55ms/step - loss: 0.5153 - val_loss: 0.5203
Epoch 387/500
36/36 - 2s - 54ms/step - loss: 0.5152 - val_loss: 0.5202
Epoch 388/500
36/36 - 2s - 54ms/step - loss: 0.5151 - val_loss: 0.5202
Epoch 389/500
36/36 - 2s - 55ms/step - loss: 0.5150 - val_loss: 0.5201
Epoch 390/500
36/36 - 2s - 55ms/step - loss: 0.5150 - val_loss: 0.5200
Epoch 391/500
36/36 - 2s - 56ms/step - loss: 0.5149 - val_loss: 0.5200
Epoch 392/500
36/36 - 2s - 56ms/step - loss: 0.5148 - val_loss: 0.5199
Epoch 393/500
36/36 - 2s - 57ms/step - loss: 0.5148 - val_loss: 0.5198
Epoch 394/500
36/36 - 2s - 55ms/step - loss: 0.5147 - val_loss: 0.5198
Epoch 395/500
36/36 - 2s - 55ms/step - loss: 0.5146 - val_loss: 0.5197
Epoch 396/500
36/36 - 2s - 57ms/step - loss: 0.5146 - val_loss: 0.5196
Epoch 397/500
36/36 - 2s - 56ms/step - loss: 0.5145 - val_loss: 0.5196
Epoch 398/500
36/36 - 2s - 55ms/step - loss: 0.5144 - val_loss: 0.5195
Epoch 399/500
36/36 - 2s - 58ms/step - loss: 0.5144 - val_loss: 0.5194
Epoch 400/500
36/36 - 2s - 57ms/step - loss: 0.5143 - val_loss: 0.5194
Epoch 401/500
36/36 - 2s - 57ms/step - loss: 0.5142 - val_loss: 0.5193
Epoch 402/500
36/36 - 2s - 57ms/step - loss: 0.5142 - val_loss: 0.5192
Epoch 403/500
36/36 - 2s - 57ms/step - loss: 0.5141 - val_loss: 0.5192
Epoch 404/500
36/36 - 2s - 57ms/step - loss: 0.5140 - val_loss: 0.5191
Epoch 405/500
36/36 - 2s - 57ms/step - loss: 0.5140 - val_loss: 0.5191
Epoch 406/500
36/36 - 2s - 55ms/step - loss: 0.5139 - val_loss: 0.5190
Epoch 407/500
36/36 - 2s - 55ms/step - loss: 0.5138 - val_loss: 0.5189
Epoch 408/500
36/36 - 2s - 56ms/step - loss: 0.5138 - val_loss: 0.5189
Epoch 409/500
36/36 - 2s - 57ms/step - loss: 0.5137 - val_loss: 0.5188
Epoch 410/500
36/36 - 2s - 55ms/step - loss: 0.5137 - val_loss: 0.5187
Epoch 411/500
36/36 - 2s - 56ms/step - loss: 0.5136 - val_loss: 0.5187
Epoch 412/500
36/36 - 2s - 56ms/step - loss: 0.5135 - val_loss: 0.5186
Epoch 413/500
36/36 - 2s - 56ms/step - loss: 0.5135 - val_loss: 0.5186
Epoch 414/500
36/36 - 2s - 55ms/step - loss: 0.5134 - val_loss: 0.5185
Epoch 415/500
36/36 - 2s - 55ms/step - loss: 0.5133 - val_loss: 0.5184
Epoch 416/500
36/36 - 2s - 55ms/step - loss: 0.5133 - val_loss: 0.5184
Epoch 417/500
36/36 - 2s - 56ms/step - loss: 0.5132 - val_loss: 0.5183
Epoch 418/500
36/36 - 2s - 56ms/step - loss: 0.5132 - val_loss: 0.5183
Epoch 419/500
36/36 - 2s - 56ms/step - loss: 0.5131 - val_loss: 0.5182
Epoch 420/500
36/36 - 2s - 58ms/step - loss: 0.5130 - val_loss: 0.5181
Epoch 421/500
36/36 - 2s - 56ms/step - loss: 0.5130 - val_loss: 0.5181
Epoch 422/500
36/36 - 2s - 55ms/step - loss: 0.5129 - val_loss: 0.5180
Epoch 423/500
36/36 - 2s - 56ms/step - loss: 0.5129 - val_loss: 0.5180
Epoch 424/500
36/36 - 2s - 55ms/step - loss: 0.5128 - val_loss: 0.5179
Epoch 425/500
36/36 - 2s - 55ms/step - loss: 0.5127 - val_loss: 0.5178
Epoch 426/500
36/36 - 2s - 55ms/step - loss: 0.5127 - val_loss: 0.5178
Epoch 427/500
36/36 - 2s - 55ms/step - loss: 0.5126 - val_loss: 0.5177
Epoch 428/500
36/36 - 2s - 55ms/step - loss: 0.5126 - val_loss: 0.5177
Epoch 429/500
36/36 - 2s - 55ms/step - loss: 0.5125 - val_loss: 0.5176
Epoch 430/500
36/36 - 2s - 55ms/step - loss: 0.5125 - val_loss: 0.5176
Epoch 431/500
36/36 - 2s - 55ms/step - loss: 0.5124 - val_loss: 0.5175
Epoch 432/500
36/36 - 2s - 55ms/step - loss: 0.5123 - val_loss: 0.5174
Epoch 433/500
36/36 - 2s - 55ms/step - loss: 0.5123 - val_loss: 0.5174
Epoch 434/500
36/36 - 2s - 54ms/step - loss: 0.5122 - val_loss: 0.5173
Epoch 435/500
36/36 - 2s - 55ms/step - loss: 0.5122 - val_loss: 0.5173
Epoch 436/500
36/36 - 2s - 55ms/step - loss: 0.5121 - val_loss: 0.5172
Epoch 437/500
36/36 - 2s - 55ms/step - loss: 0.5121 - val_loss: 0.5172
Epoch 438/500
36/36 - 2s - 55ms/step - loss: 0.5120 - val_loss: 0.5171
Epoch 439/500
36/36 - 2s - 55ms/step - loss: 0.5119 - val_loss: 0.5170
Epoch 440/500
36/36 - 2s - 55ms/step - loss: 0.5119 - val_loss: 0.5170
Epoch 441/500
36/36 - 2s - 55ms/step - loss: 0.5118 - val_loss: 0.5169
Epoch 442/500
36/36 - 2s - 55ms/step - loss: 0.5118 - val_loss: 0.5169
Epoch 443/500
36/36 - 2s - 55ms/step - loss: 0.5117 - val_loss: 0.5168
Epoch 444/500
36/36 - 2s - 55ms/step - loss: 0.5117 - val_loss: 0.5168
Epoch 445/500
36/36 - 2s - 55ms/step - loss: 0.5116 - val_loss: 0.5167
Epoch 446/500
36/36 - 2s - 54ms/step - loss: 0.5116 - val_loss: 0.5167
Epoch 447/500
36/36 - 2s - 55ms/step - loss: 0.5115 - val_loss: 0.5166
Epoch 448/500
36/36 - 2s - 55ms/step - loss: 0.5115 - val_loss: 0.5166
Epoch 449/500
36/36 - 2s - 55ms/step - loss: 0.5114 - val_loss: 0.5165
Epoch 450/500
36/36 - 2s - 54ms/step - loss: 0.5114 - val_loss: 0.5165
Epoch 451/500
36/36 - 2s - 57ms/step - loss: 0.5113 - val_loss: 0.5164
Epoch 452/500
36/36 - 2s - 57ms/step - loss: 0.5112 - val_loss: 0.5164
Epoch 453/500
36/36 - 2s - 55ms/step - loss: 0.5112 - val_loss: 0.5163
Epoch 454/500
36/36 - 2s - 55ms/step - loss: 0.5111 - val_loss: 0.5162
Epoch 455/500
36/36 - 2s - 55ms/step - loss: 0.5111 - val_loss: 0.5162
Epoch 456/500
36/36 - 2s - 55ms/step - loss: 0.5110 - val_loss: 0.5161
Epoch 457/500
36/36 - 2s - 55ms/step - loss: 0.5110 - val_loss: 0.5161
Epoch 458/500
36/36 - 2s - 55ms/step - loss: 0.5109 - val_loss: 0.5160
Epoch 459/500
36/36 - 2s - 55ms/step - loss: 0.5109 - val_loss: 0.5160
Epoch 460/500
36/36 - 2s - 55ms/step - loss: 0.5108 - val_loss: 0.5159
Epoch 461/500
36/36 - 2s - 55ms/step - loss: 0.5108 - val_loss: 0.5159
Epoch 462/500
36/36 - 2s - 54ms/step - loss: 0.5107 - val_loss: 0.5158
Epoch 463/500
36/36 - 2s - 55ms/step - loss: 0.5107 - val_loss: 0.5158
Epoch 464/500
36/36 - 2s - 55ms/step - loss: 0.5106 - val_loss: 0.5157
Epoch 465/500
36/36 - 2s - 55ms/step - loss: 0.5106 - val_loss: 0.5157
Epoch 466/500
36/36 - 2s - 55ms/step - loss: 0.5105 - val_loss: 0.5156
Epoch 467/500
36/36 - 2s - 55ms/step - loss: 0.5105 - val_loss: 0.5156
Epoch 468/500
36/36 - 2s - 55ms/step - loss: 0.5104 - val_loss: 0.5155
Epoch 469/500
36/36 - 2s - 55ms/step - loss: 0.5104 - val_loss: 0.5155
Epoch 470/500
36/36 - 2s - 55ms/step - loss: 0.5104 - val_loss: 0.5154
Epoch 471/500
36/36 - 2s - 55ms/step - loss: 0.5103 - val_loss: 0.5154
Epoch 472/500
36/36 - 2s - 55ms/step - loss: 0.5103 - val_loss: 0.5154
Epoch 473/500
36/36 - 2s - 55ms/step - loss: 0.5102 - val_loss: 0.5153
Epoch 474/500
36/36 - 2s - 55ms/step - loss: 0.5102 - val_loss: 0.5153
Epoch 475/500
36/36 - 2s - 55ms/step - loss: 0.5101 - val_loss: 0.5152
Epoch 476/500
36/36 - 2s - 55ms/step - loss: 0.5101 - val_loss: 0.5152
Epoch 477/500
36/36 - 2s - 55ms/step - loss: 0.5100 - val_loss: 0.5151
Epoch 478/500
36/36 - 2s - 55ms/step - loss: 0.5100 - val_loss: 0.5151
Epoch 479/500
36/36 - 2s - 55ms/step - loss: 0.5099 - val_loss: 0.5150
Epoch 480/500
36/36 - 2s - 55ms/step - loss: 0.5099 - val_loss: 0.5150
Epoch 481/500
36/36 - 2s - 55ms/step - loss: 0.5098 - val_loss: 0.5149
Epoch 482/500
36/36 - 2s - 55ms/step - loss: 0.5098 - val_loss: 0.5149
Epoch 483/500
36/36 - 2s - 55ms/step - loss: 0.5097 - val_loss: 0.5148
Epoch 484/500
36/36 - 2s - 55ms/step - loss: 0.5097 - val_loss: 0.5148
Epoch 485/500
36/36 - 2s - 56ms/step - loss: 0.5097 - val_loss: 0.5147
Epoch 486/500
36/36 - 2s - 55ms/step - loss: 0.5096 - val_loss: 0.5147
Epoch 487/500
36/36 - 2s - 55ms/step - loss: 0.5096 - val_loss: 0.5147
Epoch 488/500
36/36 - 2s - 55ms/step - loss: 0.5095 - val_loss: 0.5146
Epoch 489/500
36/36 - 2s - 55ms/step - loss: 0.5095 - val_loss: 0.5146
Epoch 490/500
36/36 - 2s - 55ms/step - loss: 0.5094 - val_loss: 0.5145
Epoch 491/500
36/36 - 2s - 55ms/step - loss: 0.5094 - val_loss: 0.5145
Epoch 492/500
36/36 - 2s - 55ms/step - loss: 0.5093 - val_loss: 0.5144
Epoch 493/500
36/36 - 2s - 55ms/step - loss: 0.5093 - val_loss: 0.5144
Epoch 494/500
36/36 - 2s - 55ms/step - loss: 0.5093 - val_loss: 0.5143
Epoch 495/500
36/36 - 2s - 55ms/step - loss: 0.5092 - val_loss: 0.5143
Epoch 496/500
36/36 - 2s - 55ms/step - loss: 0.5092 - val_loss: 0.5143
Epoch 497/500
36/36 - 2s - 55ms/step - loss: 0.5091 - val_loss: 0.5142
Epoch 498/500
36/36 - 2s - 55ms/step - loss: 0.5091 - val_loss: 0.5142
Epoch 499/500
36/36 - 2s - 55ms/step - loss: 0.5090 - val_loss: 0.5141
Epoch 500/500
36/36 - 2s - 55ms/step - loss: 0.5090 - val_loss: 0.5141
[Run 1/5] Training single encoder baseline (baseline preprocessing, linear structure, sigmoid head)...
/Users/albert/Downloads/Documents/PhD Thesis/Comparable/.venv/lib/python3.12/site-packages/sklearn/linear_model/_linear_loss.py:203: RuntimeWarning: divide by zero encountered in matmul
  raw_prediction = X @ weights + intercept
/Users/albert/Downloads/Documents/PhD Thesis/Comparable/.venv/lib/python3.12/site-packages/sklearn/linear_model/_linear_loss.py:203: RuntimeWarning: overflow encountered in matmul
  raw_prediction = X @ weights + intercept
/Users/albert/Downloads/Documents/PhD Thesis/Comparable/.venv/lib/python3.12/site-packages/sklearn/linear_model/_linear_loss.py:203: RuntimeWarning: invalid value encountered in matmul
  raw_prediction = X @ weights + intercept
/Users/albert/Downloads/Documents/PhD Thesis/Comparable/.venv/lib/python3.12/site-packages/sklearn/linear_model/_linear_loss.py:333: RuntimeWarning: divide by zero encountered in matmul
  grad[:n_features] = X.T @ grad_pointwise + l2_reg_strength * weights
/Users/albert/Downloads/Documents/PhD Thesis/Comparable/.venv/lib/python3.12/site-packages/sklearn/linear_model/_linear_loss.py:333: RuntimeWarning: overflow encountered in matmul
  grad[:n_features] = X.T @ grad_pointwise + l2_reg_strength * weights
/Users/albert/Downloads/Documents/PhD Thesis/Comparable/.venv/lib/python3.12/site-packages/sklearn/linear_model/_linear_loss.py:333: RuntimeWarning: invalid value encountered in matmul
  grad[:n_features] = X.T @ grad_pointwise + l2_reg_strength * weights
/Users/albert/Downloads/Documents/PhD Thesis/Comparable/.venv/lib/python3.12/site-packages/sklearn/utils/extmath.py:227: RuntimeWarning: divide by zero encountered in matmul
  ret = a @ b
/Users/albert/Downloads/Documents/PhD Thesis/Comparable/.venv/lib/python3.12/site-packages/sklearn/utils/extmath.py:227: RuntimeWarning: overflow encountered in matmul
  ret = a @ b
/Users/albert/Downloads/Documents/PhD Thesis/Comparable/.venv/lib/python3.12/site-packages/sklearn/utils/extmath.py:227: RuntimeWarning: invalid value encountered in matmul
  ret = a @ b
[Run 1/5] Shared encoder (unweight) validation threshold=0.5086 (balanced_accuracy=0.7523).
[Run 1/5] Shared encoder (weighted) validation threshold=0.1769 (balanced_accuracy=0.7536).
/Users/albert/Downloads/Documents/PhD Thesis/Comparable/Code/Synthetic/synthetic.py:106: Pandas4Warning: For backward compatibility, 'str' dtypes are included by select_dtypes when 'object' dtype is specified. This behavior is deprecated and will be removed in a future version. Explicitly pass 'str' to `include` to select them, or to `exclude` to remove them and silence this warning.
See https://pandas.pydata.org/docs/user_guide/migration-3-strings.html#string-migration-select-dtypes for details on how to write code that works with pandas 2 and 3.
  text_cols = df.select_dtypes(include="object").columns
[Run 2/5] Training shared encoder (unweighted, sigmoid head, baseline preprocessing)...
/Users/albert/Downloads/Documents/PhD Thesis/Comparable/.venv/lib/python3.12/site-packages/keras/src/trainers/trainer.py:212: UserWarning: Model doesn't support `jit_compile=True`. Proceeding with `jit_compile=False`.
  warnings.warn(
Epoch 1/500
35/35 - 2s - 58ms/step - loss: 1.0223 - val_loss: 1.0047
Epoch 2/500
35/35 - 2s - 51ms/step - loss: 0.9959 - val_loss: 0.9785
Epoch 3/500
35/35 - 2s - 51ms/step - loss: 0.9705 - val_loss: 0.9534
Epoch 4/500
35/35 - 2s - 51ms/step - loss: 0.9465 - val_loss: 0.9299
Epoch 5/500
35/35 - 2s - 52ms/step - loss: 0.9241 - val_loss: 0.9082
Epoch 6/500
35/35 - 2s - 51ms/step - loss: 0.9036 - val_loss: 0.8886
Epoch 7/500
35/35 - 2s - 52ms/step - loss: 0.8850 - val_loss: 0.8710
Epoch 8/500
35/35 - 2s - 52ms/step - loss: 0.8684 - val_loss: 0.8553
Epoch 9/500
35/35 - 2s - 51ms/step - loss: 0.8536 - val_loss: 0.8412
Epoch 10/500
35/35 - 2s - 51ms/step - loss: 0.8402 - val_loss: 0.8286
Epoch 11/500
35/35 - 2s - 53ms/step - loss: 0.8281 - val_loss: 0.8171
Epoch 12/500
35/35 - 2s - 50ms/step - loss: 0.8171 - val_loss: 0.8066
Epoch 13/500
35/35 - 2s - 51ms/step - loss: 0.8069 - val_loss: 0.7968
Epoch 14/500
35/35 - 2s - 50ms/step - loss: 0.7974 - val_loss: 0.7877
Epoch 15/500
35/35 - 2s - 51ms/step - loss: 0.7885 - val_loss: 0.7792
Epoch 16/500
35/35 - 2s - 51ms/step - loss: 0.7802 - val_loss: 0.7711
Epoch 17/500
35/35 - 2s - 50ms/step - loss: 0.7723 - val_loss: 0.7635
Epoch 18/500
35/35 - 2s - 50ms/step - loss: 0.7649 - val_loss: 0.7564
Epoch 19/500
35/35 - 2s - 50ms/step - loss: 0.7579 - val_loss: 0.7497
Epoch 20/500
35/35 - 2s - 50ms/step - loss: 0.7513 - val_loss: 0.7434
Epoch 21/500
35/35 - 2s - 50ms/step - loss: 0.7450 - val_loss: 0.7374
Epoch 22/500
35/35 - 2s - 50ms/step - loss: 0.7392 - val_loss: 0.7319
Epoch 23/500
35/35 - 2s - 50ms/step - loss: 0.7336 - val_loss: 0.7266
Epoch 24/500
35/35 - 2s - 50ms/step - loss: 0.7284 - val_loss: 0.7217
Epoch 25/500
35/35 - 2s - 50ms/step - loss: 0.7235 - val_loss: 0.7170
Epoch 26/500
35/35 - 2s - 51ms/step - loss: 0.7188 - val_loss: 0.7126
Epoch 27/500
35/35 - 2s - 50ms/step - loss: 0.7144 - val_loss: 0.7084
Epoch 28/500
35/35 - 2s - 50ms/step - loss: 0.7102 - val_loss: 0.7045
Epoch 29/500
35/35 - 2s - 50ms/step - loss: 0.7062 - val_loss: 0.7007
Epoch 30/500
35/35 - 2s - 50ms/step - loss: 0.7024 - val_loss: 0.6971
Epoch 31/500
35/35 - 2s - 50ms/step - loss: 0.6988 - val_loss: 0.6936
Epoch 32/500
35/35 - 2s - 50ms/step - loss: 0.6953 - val_loss: 0.6903
Epoch 33/500
35/35 - 2s - 50ms/step - loss: 0.6919 - val_loss: 0.6868
Epoch 34/500
35/35 - 2s - 50ms/step - loss: 0.6884 - val_loss: 0.6827
Epoch 35/500
35/35 - 2s - 50ms/step - loss: 0.6846 - val_loss: 0.6787
Epoch 36/500
35/35 - 2s - 50ms/step - loss: 0.6813 - val_loss: 0.6753
Epoch 37/500
35/35 - 2s - 50ms/step - loss: 0.6782 - val_loss: 0.6723
Epoch 38/500
35/35 - 2s - 51ms/step - loss: 0.6754 - val_loss: 0.6695
Epoch 39/500
35/35 - 2s - 50ms/step - loss: 0.6728 - val_loss: 0.6669
Epoch 40/500
35/35 - 2s - 50ms/step - loss: 0.6702 - val_loss: 0.6644
Epoch 41/500
35/35 - 2s - 50ms/step - loss: 0.6678 - val_loss: 0.6620
Epoch 42/500
35/35 - 2s - 51ms/step - loss: 0.6654 - val_loss: 0.6596
Epoch 43/500
35/35 - 2s - 50ms/step - loss: 0.6631 - val_loss: 0.6574
Epoch 44/500
35/35 - 2s - 50ms/step - loss: 0.6609 - val_loss: 0.6551
Epoch 45/500
35/35 - 2s - 50ms/step - loss: 0.6588 - val_loss: 0.6530
Epoch 46/500
35/35 - 2s - 50ms/step - loss: 0.6567 - val_loss: 0.6509
Epoch 47/500
35/35 - 2s - 50ms/step - loss: 0.6547 - val_loss: 0.6489
Epoch 48/500
35/35 - 2s - 50ms/step - loss: 0.6527 - val_loss: 0.6469
Epoch 49/500
35/35 - 2s - 50ms/step - loss: 0.6508 - val_loss: 0.6449
Epoch 50/500
35/35 - 2s - 50ms/step - loss: 0.6490 - val_loss: 0.6430
Epoch 51/500
35/35 - 2s - 50ms/step - loss: 0.6472 - val_loss: 0.6412
Epoch 52/500
35/35 - 2s - 50ms/step - loss: 0.6454 - val_loss: 0.6394
Epoch 53/500
35/35 - 2s - 50ms/step - loss: 0.6437 - val_loss: 0.6376
Epoch 54/500
35/35 - 2s - 50ms/step - loss: 0.6420 - val_loss: 0.6359
Epoch 55/500
35/35 - 2s - 50ms/step - loss: 0.6404 - val_loss: 0.6342
Epoch 56/500
35/35 - 2s - 50ms/step - loss: 0.6388 - val_loss: 0.6326
Epoch 57/500
35/35 - 2s - 50ms/step - loss: 0.6373 - val_loss: 0.6309
Epoch 58/500
35/35 - 2s - 50ms/step - loss: 0.6358 - val_loss: 0.6293
Epoch 59/500
35/35 - 2s - 50ms/step - loss: 0.6343 - val_loss: 0.6278
Epoch 60/500
35/35 - 2s - 50ms/step - loss: 0.6328 - val_loss: 0.6262
Epoch 61/500
35/35 - 2s - 50ms/step - loss: 0.6314 - val_loss: 0.6247
Epoch 62/500
35/35 - 2s - 50ms/step - loss: 0.6300 - val_loss: 0.6232
Epoch 63/500
35/35 - 2s - 50ms/step - loss: 0.6286 - val_loss: 0.6218
Epoch 64/500
35/35 - 2s - 51ms/step - loss: 0.6272 - val_loss: 0.6203
Epoch 65/500
35/35 - 2s - 50ms/step - loss: 0.6259 - val_loss: 0.6189
Epoch 66/500
35/35 - 2s - 50ms/step - loss: 0.6246 - val_loss: 0.6175
Epoch 67/500
35/35 - 2s - 50ms/step - loss: 0.6233 - val_loss: 0.6162
Epoch 68/500
35/35 - 2s - 51ms/step - loss: 0.6220 - val_loss: 0.6148
Epoch 69/500
35/35 - 2s - 50ms/step - loss: 0.6208 - val_loss: 0.6135
Epoch 70/500
35/35 - 2s - 51ms/step - loss: 0.6196 - val_loss: 0.6122
Epoch 71/500
35/35 - 2s - 50ms/step - loss: 0.6184 - val_loss: 0.6109
Epoch 72/500
35/35 - 2s - 51ms/step - loss: 0.6172 - val_loss: 0.6097
Epoch 73/500
35/35 - 2s - 50ms/step - loss: 0.6160 - val_loss: 0.6084
Epoch 74/500
35/35 - 2s - 50ms/step - loss: 0.6149 - val_loss: 0.6072
Epoch 75/500
35/35 - 2s - 50ms/step - loss: 0.6137 - val_loss: 0.6060
Epoch 76/500
35/35 - 2s - 50ms/step - loss: 0.6126 - val_loss: 0.6048
Epoch 77/500
35/35 - 2s - 51ms/step - loss: 0.6115 - val_loss: 0.6036
Epoch 78/500
35/35 - 2s - 50ms/step - loss: 0.6104 - val_loss: 0.6024
Epoch 79/500
35/35 - 2s - 50ms/step - loss: 0.6094 - val_loss: 0.6013
Epoch 80/500
35/35 - 2s - 50ms/step - loss: 0.6083 - val_loss: 0.6001
Epoch 81/500
35/35 - 2s - 50ms/step - loss: 0.6072 - val_loss: 0.5990
Epoch 82/500
35/35 - 2s - 50ms/step - loss: 0.6062 - val_loss: 0.5979
Epoch 83/500
35/35 - 2s - 50ms/step - loss: 0.6052 - val_loss: 0.5968
Epoch 84/500
35/35 - 2s - 50ms/step - loss: 0.6042 - val_loss: 0.5957
Epoch 85/500
35/35 - 2s - 50ms/step - loss: 0.6032 - val_loss: 0.5946
Epoch 86/500
35/35 - 2s - 50ms/step - loss: 0.6022 - val_loss: 0.5936
Epoch 87/500
35/35 - 2s - 50ms/step - loss: 0.6012 - val_loss: 0.5925
Epoch 88/500
35/35 - 2s - 50ms/step - loss: 0.6003 - val_loss: 0.5914
Epoch 89/500
35/35 - 2s - 50ms/step - loss: 0.5993 - val_loss: 0.5904
Epoch 90/500
35/35 - 2s - 50ms/step - loss: 0.5984 - val_loss: 0.5894
Epoch 91/500
35/35 - 2s - 51ms/step - loss: 0.5974 - val_loss: 0.5883
Epoch 92/500
35/35 - 2s - 50ms/step - loss: 0.5965 - val_loss: 0.5873
Epoch 93/500
35/35 - 2s - 50ms/step - loss: 0.5956 - val_loss: 0.5863
Epoch 94/500
35/35 - 2s - 50ms/step - loss: 0.5947 - val_loss: 0.5853
Epoch 95/500
35/35 - 2s - 50ms/step - loss: 0.5938 - val_loss: 0.5843
Epoch 96/500
35/35 - 2s - 50ms/step - loss: 0.5929 - val_loss: 0.5834
Epoch 97/500
35/35 - 2s - 50ms/step - loss: 0.5920 - val_loss: 0.5824
Epoch 98/500
35/35 - 2s - 50ms/step - loss: 0.5911 - val_loss: 0.5815
Epoch 99/500
35/35 - 2s - 50ms/step - loss: 0.5902 - val_loss: 0.5806
Epoch 100/500
35/35 - 2s - 51ms/step - loss: 0.5894 - val_loss: 0.5797
Epoch 101/500
35/35 - 2s - 50ms/step - loss: 0.5885 - val_loss: 0.5789
Epoch 102/500
35/35 - 2s - 51ms/step - loss: 0.5877 - val_loss: 0.5781
Epoch 103/500
35/35 - 2s - 50ms/step - loss: 0.5868 - val_loss: 0.5773
Epoch 104/500
35/35 - 2s - 50ms/step - loss: 0.5860 - val_loss: 0.5765
Epoch 105/500
35/35 - 2s - 50ms/step - loss: 0.5852 - val_loss: 0.5758
Epoch 106/500
35/35 - 2s - 50ms/step - loss: 0.5844 - val_loss: 0.5751
Epoch 107/500
35/35 - 2s - 50ms/step - loss: 0.5836 - val_loss: 0.5744
Epoch 108/500
35/35 - 2s - 50ms/step - loss: 0.5828 - val_loss: 0.5737
Epoch 109/500
35/35 - 2s - 50ms/step - loss: 0.5820 - val_loss: 0.5729
Epoch 110/500
35/35 - 2s - 50ms/step - loss: 0.5813 - val_loss: 0.5722
Epoch 111/500
35/35 - 2s - 50ms/step - loss: 0.5806 - val_loss: 0.5715
Epoch 112/500
35/35 - 2s - 51ms/step - loss: 0.5799 - val_loss: 0.5708
Epoch 113/500
35/35 - 2s - 50ms/step - loss: 0.5792 - val_loss: 0.5701
Epoch 114/500
35/35 - 2s - 50ms/step - loss: 0.5785 - val_loss: 0.5695
Epoch 115/500
35/35 - 2s - 50ms/step - loss: 0.5778 - val_loss: 0.5688
Epoch 116/500
35/35 - 2s - 50ms/step - loss: 0.5772 - val_loss: 0.5681
Epoch 117/500
35/35 - 2s - 50ms/step - loss: 0.5765 - val_loss: 0.5674
Epoch 118/500
35/35 - 2s - 50ms/step - loss: 0.5759 - val_loss: 0.5668
Epoch 119/500
35/35 - 2s - 50ms/step - loss: 0.5752 - val_loss: 0.5661
Epoch 120/500
35/35 - 2s - 50ms/step - loss: 0.5746 - val_loss: 0.5654
Epoch 121/500
35/35 - 2s - 50ms/step - loss: 0.5740 - val_loss: 0.5648
Epoch 122/500
35/35 - 2s - 50ms/step - loss: 0.5734 - val_loss: 0.5641
Epoch 123/500
35/35 - 2s - 50ms/step - loss: 0.5728 - val_loss: 0.5635
Epoch 124/500
35/35 - 2s - 50ms/step - loss: 0.5722 - val_loss: 0.5629
Epoch 125/500
35/35 - 2s - 50ms/step - loss: 0.5716 - val_loss: 0.5622
Epoch 126/500
35/35 - 2s - 50ms/step - loss: 0.5710 - val_loss: 0.5616
Epoch 127/500
35/35 - 2s - 50ms/step - loss: 0.5704 - val_loss: 0.5609
Epoch 128/500
35/35 - 2s - 50ms/step - loss: 0.5699 - val_loss: 0.5603
Epoch 129/500
35/35 - 2s - 50ms/step - loss: 0.5693 - val_loss: 0.5597
Epoch 130/500
35/35 - 2s - 50ms/step - loss: 0.5687 - val_loss: 0.5590
Epoch 131/500
35/35 - 2s - 50ms/step - loss: 0.5682 - val_loss: 0.5584
Epoch 132/500
35/35 - 2s - 50ms/step - loss: 0.5676 - val_loss: 0.5578
Epoch 133/500
35/35 - 2s - 50ms/step - loss: 0.5670 - val_loss: 0.5571
Epoch 134/500
35/35 - 2s - 50ms/step - loss: 0.5665 - val_loss: 0.5565
Epoch 135/500
35/35 - 2s - 50ms/step - loss: 0.5659 - val_loss: 0.5559
Epoch 136/500
35/35 - 2s - 50ms/step - loss: 0.5654 - val_loss: 0.5552
Epoch 137/500
35/35 - 2s - 50ms/step - loss: 0.5648 - val_loss: 0.5546
Epoch 138/500
35/35 - 2s - 50ms/step - loss: 0.5642 - val_loss: 0.5539
Epoch 139/500
35/35 - 2s - 50ms/step - loss: 0.5637 - val_loss: 0.5533
Epoch 140/500
35/35 - 2s - 51ms/step - loss: 0.5631 - val_loss: 0.5526
Epoch 141/500
35/35 - 2s - 51ms/step - loss: 0.5626 - val_loss: 0.5520
Epoch 142/500
35/35 - 2s - 50ms/step - loss: 0.5620 - val_loss: 0.5513
Epoch 143/500
35/35 - 2s - 50ms/step - loss: 0.5614 - val_loss: 0.5507
Epoch 144/500
35/35 - 2s - 50ms/step - loss: 0.5609 - val_loss: 0.5500
Epoch 145/500
35/35 - 2s - 50ms/step - loss: 0.5603 - val_loss: 0.5494
Epoch 146/500
35/35 - 2s - 51ms/step - loss: 0.5598 - val_loss: 0.5488
Epoch 147/500
35/35 - 2s - 50ms/step - loss: 0.5592 - val_loss: 0.5481
Epoch 148/500
35/35 - 2s - 50ms/step - loss: 0.5587 - val_loss: 0.5475
Epoch 149/500
35/35 - 2s - 50ms/step - loss: 0.5581 - val_loss: 0.5469
Epoch 150/500
35/35 - 2s - 50ms/step - loss: 0.5576 - val_loss: 0.5463
Epoch 151/500
35/35 - 2s - 50ms/step - loss: 0.5571 - val_loss: 0.5457
Epoch 152/500
35/35 - 2s - 50ms/step - loss: 0.5565 - val_loss: 0.5451
Epoch 153/500
35/35 - 2s - 50ms/step - loss: 0.5560 - val_loss: 0.5445
Epoch 154/500
35/35 - 2s - 50ms/step - loss: 0.5555 - val_loss: 0.5439
Epoch 155/500
35/35 - 2s - 50ms/step - loss: 0.5550 - val_loss: 0.5433
Epoch 156/500
35/35 - 2s - 50ms/step - loss: 0.5545 - val_loss: 0.5428
Epoch 157/500
35/35 - 2s - 50ms/step - loss: 0.5540 - val_loss: 0.5422
Epoch 158/500
35/35 - 2s - 50ms/step - loss: 0.5535 - val_loss: 0.5417
Epoch 159/500
35/35 - 2s - 50ms/step - loss: 0.5530 - val_loss: 0.5411
Epoch 160/500
35/35 - 2s - 50ms/step - loss: 0.5525 - val_loss: 0.5406
Epoch 161/500
35/35 - 2s - 50ms/step - loss: 0.5521 - val_loss: 0.5401
Epoch 162/500
35/35 - 2s - 50ms/step - loss: 0.5516 - val_loss: 0.5396
Epoch 163/500
35/35 - 2s - 50ms/step - loss: 0.5511 - val_loss: 0.5390
Epoch 164/500
35/35 - 2s - 50ms/step - loss: 0.5506 - val_loss: 0.5385
Epoch 165/500
35/35 - 2s - 50ms/step - loss: 0.5501 - val_loss: 0.5380
Epoch 166/500
35/35 - 2s - 50ms/step - loss: 0.5496 - val_loss: 0.5374
Epoch 167/500
35/35 - 2s - 50ms/step - loss: 0.5490 - val_loss: 0.5367
Epoch 168/500
35/35 - 2s - 50ms/step - loss: 0.5484 - val_loss: 0.5361
Epoch 169/500
35/35 - 2s - 50ms/step - loss: 0.5478 - val_loss: 0.5356
Epoch 170/500
35/35 - 2s - 50ms/step - loss: 0.5473 - val_loss: 0.5351
Epoch 171/500
35/35 - 2s - 50ms/step - loss: 0.5469 - val_loss: 0.5346
Epoch 172/500
35/35 - 2s - 51ms/step - loss: 0.5465 - val_loss: 0.5342
Epoch 173/500
35/35 - 2s - 50ms/step - loss: 0.5461 - val_loss: 0.5337
Epoch 174/500
35/35 - 2s - 50ms/step - loss: 0.5456 - val_loss: 0.5333
Epoch 175/500
35/35 - 2s - 50ms/step - loss: 0.5452 - val_loss: 0.5329
Epoch 176/500
35/35 - 2s - 50ms/step - loss: 0.5448 - val_loss: 0.5324
Epoch 177/500
35/35 - 2s - 50ms/step - loss: 0.5444 - val_loss: 0.5320
Epoch 178/500
35/35 - 2s - 50ms/step - loss: 0.5441 - val_loss: 0.5316
Epoch 179/500
35/35 - 2s - 50ms/step - loss: 0.5437 - val_loss: 0.5312
Epoch 180/500
35/35 - 2s - 51ms/step - loss: 0.5433 - val_loss: 0.5308
Epoch 181/500
35/35 - 2s - 52ms/step - loss: 0.5429 - val_loss: 0.5304
Epoch 182/500
35/35 - 2s - 50ms/step - loss: 0.5426 - val_loss: 0.5300
Epoch 183/500
35/35 - 2s - 50ms/step - loss: 0.5422 - val_loss: 0.5296
Epoch 184/500
35/35 - 2s - 50ms/step - loss: 0.5418 - val_loss: 0.5292
Epoch 185/500
35/35 - 2s - 50ms/step - loss: 0.5415 - val_loss: 0.5288
Epoch 186/500
35/35 - 2s - 50ms/step - loss: 0.5411 - val_loss: 0.5284
Epoch 187/500
35/35 - 2s - 50ms/step - loss: 0.5408 - val_loss: 0.5281
Epoch 188/500
35/35 - 2s - 50ms/step - loss: 0.5404 - val_loss: 0.5277
Epoch 189/500
35/35 - 2s - 50ms/step - loss: 0.5401 - val_loss: 0.5273
Epoch 190/500
35/35 - 2s - 50ms/step - loss: 0.5397 - val_loss: 0.5270
Epoch 191/500
35/35 - 2s - 50ms/step - loss: 0.5394 - val_loss: 0.5266
Epoch 192/500
35/35 - 2s - 50ms/step - loss: 0.5391 - val_loss: 0.5262
Epoch 193/500
35/35 - 2s - 50ms/step - loss: 0.5388 - val_loss: 0.5259
Epoch 194/500
35/35 - 2s - 50ms/step - loss: 0.5384 - val_loss: 0.5255
Epoch 195/500
35/35 - 2s - 50ms/step - loss: 0.5381 - val_loss: 0.5252
Epoch 196/500
35/35 - 2s - 50ms/step - loss: 0.5378 - val_loss: 0.5249
Epoch 197/500
35/35 - 2s - 50ms/step - loss: 0.5375 - val_loss: 0.5245
Epoch 198/500
35/35 - 2s - 50ms/step - loss: 0.5372 - val_loss: 0.5242
Epoch 199/500
35/35 - 2s - 50ms/step - loss: 0.5369 - val_loss: 0.5239
Epoch 200/500
35/35 - 2s - 50ms/step - loss: 0.5366 - val_loss: 0.5235
Epoch 201/500
35/35 - 2s - 50ms/step - loss: 0.5363 - val_loss: 0.5232
Epoch 202/500
35/35 - 2s - 50ms/step - loss: 0.5360 - val_loss: 0.5229
Epoch 203/500
35/35 - 2s - 50ms/step - loss: 0.5357 - val_loss: 0.5226
Epoch 204/500
35/35 - 2s - 50ms/step - loss: 0.5354 - val_loss: 0.5223
Epoch 205/500
35/35 - 2s - 50ms/step - loss: 0.5351 - val_loss: 0.5220
Epoch 206/500
35/35 - 2s - 50ms/step - loss: 0.5348 - val_loss: 0.5217
Epoch 207/500
35/35 - 2s - 50ms/step - loss: 0.5345 - val_loss: 0.5214
Epoch 208/500
35/35 - 2s - 51ms/step - loss: 0.5342 - val_loss: 0.5211
Epoch 209/500
35/35 - 2s - 50ms/step - loss: 0.5340 - val_loss: 0.5208
Epoch 210/500
35/35 - 2s - 50ms/step - loss: 0.5337 - val_loss: 0.5205
Epoch 211/500
35/35 - 2s - 50ms/step - loss: 0.5334 - val_loss: 0.5202
Epoch 212/500
35/35 - 2s - 50ms/step - loss: 0.5331 - val_loss: 0.5199
Epoch 213/500
35/35 - 2s - 50ms/step - loss: 0.5329 - val_loss: 0.5196
Epoch 214/500
35/35 - 2s - 50ms/step - loss: 0.5326 - val_loss: 0.5193
Epoch 215/500
35/35 - 2s - 54ms/step - loss: 0.5323 - val_loss: 0.5191
Epoch 216/500
35/35 - 2s - 52ms/step - loss: 0.5321 - val_loss: 0.5188
Epoch 217/500
35/35 - 2s - 50ms/step - loss: 0.5318 - val_loss: 0.5185
Epoch 218/500
35/35 - 2s - 50ms/step - loss: 0.5316 - val_loss: 0.5182
Epoch 219/500
35/35 - 2s - 50ms/step - loss: 0.5313 - val_loss: 0.5180
Epoch 220/500
35/35 - 2s - 50ms/step - loss: 0.5311 - val_loss: 0.5177
Epoch 221/500
35/35 - 2s - 50ms/step - loss: 0.5308 - val_loss: 0.5175
Epoch 222/500
35/35 - 2s - 50ms/step - loss: 0.5306 - val_loss: 0.5172
Epoch 223/500
35/35 - 2s - 50ms/step - loss: 0.5303 - val_loss: 0.5169
Epoch 224/500
35/35 - 2s - 50ms/step - loss: 0.5301 - val_loss: 0.5167
Epoch 225/500
35/35 - 2s - 50ms/step - loss: 0.5298 - val_loss: 0.5164
Epoch 226/500
35/35 - 2s - 50ms/step - loss: 0.5296 - val_loss: 0.5162
Epoch 227/500
35/35 - 2s - 50ms/step - loss: 0.5294 - val_loss: 0.5159
Epoch 228/500
35/35 - 2s - 50ms/step - loss: 0.5291 - val_loss: 0.5157
Epoch 229/500
35/35 - 2s - 50ms/step - loss: 0.5289 - val_loss: 0.5154
Epoch 230/500
35/35 - 2s - 50ms/step - loss: 0.5287 - val_loss: 0.5152
Epoch 231/500
35/35 - 2s - 50ms/step - loss: 0.5284 - val_loss: 0.5150
Epoch 232/500
35/35 - 2s - 50ms/step - loss: 0.5282 - val_loss: 0.5147
Epoch 233/500
35/35 - 2s - 50ms/step - loss: 0.5280 - val_loss: 0.5145
Epoch 234/500
35/35 - 2s - 50ms/step - loss: 0.5278 - val_loss: 0.5143
Epoch 235/500
35/35 - 2s - 50ms/step - loss: 0.5275 - val_loss: 0.5140
Epoch 236/500
35/35 - 2s - 50ms/step - loss: 0.5273 - val_loss: 0.5138
Epoch 237/500
35/35 - 2s - 50ms/step - loss: 0.5271 - val_loss: 0.5136
Epoch 238/500
35/35 - 2s - 50ms/step - loss: 0.5269 - val_loss: 0.5134
Epoch 239/500
35/35 - 2s - 50ms/step - loss: 0.5267 - val_loss: 0.5131
Epoch 240/500
35/35 - 2s - 50ms/step - loss: 0.5264 - val_loss: 0.5129
Epoch 241/500
35/35 - 2s - 50ms/step - loss: 0.5262 - val_loss: 0.5127
Epoch 242/500
35/35 - 2s - 50ms/step - loss: 0.5260 - val_loss: 0.5125
Epoch 243/500
35/35 - 2s - 51ms/step - loss: 0.5258 - val_loss: 0.5123
Epoch 244/500
35/35 - 2s - 50ms/step - loss: 0.5256 - val_loss: 0.5120
Epoch 245/500
35/35 - 2s - 50ms/step - loss: 0.5254 - val_loss: 0.5118
Epoch 246/500
35/35 - 2s - 50ms/step - loss: 0.5252 - val_loss: 0.5116
Epoch 247/500
35/35 - 2s - 50ms/step - loss: 0.5250 - val_loss: 0.5114
Epoch 248/500
35/35 - 2s - 50ms/step - loss: 0.5248 - val_loss: 0.5112
Epoch 249/500
35/35 - 2s - 50ms/step - loss: 0.5246 - val_loss: 0.5110
Epoch 250/500
35/35 - 2s - 51ms/step - loss: 0.5244 - val_loss: 0.5108
Epoch 251/500
35/35 - 2s - 50ms/step - loss: 0.5242 - val_loss: 0.5106
Epoch 252/500
35/35 - 2s - 50ms/step - loss: 0.5240 - val_loss: 0.5104
Epoch 253/500
35/35 - 2s - 50ms/step - loss: 0.5238 - val_loss: 0.5102
Epoch 254/500
35/35 - 2s - 50ms/step - loss: 0.5236 - val_loss: 0.5100
Epoch 255/500
35/35 - 2s - 50ms/step - loss: 0.5234 - val_loss: 0.5098
Epoch 256/500
35/35 - 2s - 50ms/step - loss: 0.5232 - val_loss: 0.5096
Epoch 257/500
35/35 - 2s - 50ms/step - loss: 0.5231 - val_loss: 0.5094
Epoch 258/500
35/35 - 2s - 50ms/step - loss: 0.5229 - val_loss: 0.5092
Epoch 259/500
35/35 - 2s - 50ms/step - loss: 0.5227 - val_loss: 0.5090
Epoch 260/500
35/35 - 2s - 50ms/step - loss: 0.5225 - val_loss: 0.5088
Epoch 261/500
35/35 - 2s - 50ms/step - loss: 0.5223 - val_loss: 0.5087
Epoch 262/500
35/35 - 2s - 50ms/step - loss: 0.5221 - val_loss: 0.5085
Epoch 263/500
35/35 - 2s - 51ms/step - loss: 0.5220 - val_loss: 0.5083
Epoch 264/500
35/35 - 2s - 50ms/step - loss: 0.5218 - val_loss: 0.5081
Epoch 265/500
35/35 - 2s - 50ms/step - loss: 0.5216 - val_loss: 0.5079
Epoch 266/500
35/35 - 2s - 50ms/step - loss: 0.5214 - val_loss: 0.5077
Epoch 267/500
35/35 - 2s - 50ms/step - loss: 0.5213 - val_loss: 0.5076
Epoch 268/500
35/35 - 2s - 50ms/step - loss: 0.5211 - val_loss: 0.5074
Epoch 269/500
35/35 - 2s - 50ms/step - loss: 0.5209 - val_loss: 0.5072
Epoch 270/500
35/35 - 2s - 50ms/step - loss: 0.5208 - val_loss: 0.5070
Epoch 271/500
35/35 - 2s - 50ms/step - loss: 0.5206 - val_loss: 0.5068
Epoch 272/500
35/35 - 2s - 50ms/step - loss: 0.5204 - val_loss: 0.5067
Epoch 273/500
35/35 - 2s - 50ms/step - loss: 0.5203 - val_loss: 0.5065
Epoch 274/500
35/35 - 2s - 50ms/step - loss: 0.5201 - val_loss: 0.5063
Epoch 275/500
35/35 - 2s - 50ms/step - loss: 0.5199 - val_loss: 0.5062
Epoch 276/500
35/35 - 2s - 50ms/step - loss: 0.5198 - val_loss: 0.5060
Epoch 277/500
35/35 - 2s - 50ms/step - loss: 0.5196 - val_loss: 0.5058
Epoch 278/500
35/35 - 2s - 50ms/step - loss: 0.5195 - val_loss: 0.5056
Epoch 279/500
35/35 - 2s - 50ms/step - loss: 0.5193 - val_loss: 0.5055
Epoch 280/500
35/35 - 2s - 50ms/step - loss: 0.5191 - val_loss: 0.5053
Epoch 281/500
35/35 - 2s - 50ms/step - loss: 0.5190 - val_loss: 0.5051
Epoch 282/500
35/35 - 2s - 50ms/step - loss: 0.5188 - val_loss: 0.5050
Epoch 283/500
35/35 - 2s - 51ms/step - loss: 0.5187 - val_loss: 0.5048
Epoch 284/500
35/35 - 2s - 50ms/step - loss: 0.5185 - val_loss: 0.5047
Epoch 285/500
35/35 - 2s - 51ms/step - loss: 0.5184 - val_loss: 0.5045
Epoch 286/500
35/35 - 2s - 50ms/step - loss: 0.5182 - val_loss: 0.5043
Epoch 287/500
35/35 - 2s - 50ms/step - loss: 0.5181 - val_loss: 0.5042
Epoch 288/500
35/35 - 2s - 50ms/step - loss: 0.5179 - val_loss: 0.5040
Epoch 289/500
35/35 - 2s - 50ms/step - loss: 0.5178 - val_loss: 0.5039
Epoch 290/500
35/35 - 2s - 50ms/step - loss: 0.5176 - val_loss: 0.5037
Epoch 291/500
35/35 - 2s - 50ms/step - loss: 0.5175 - val_loss: 0.5035
Epoch 292/500
35/35 - 2s - 50ms/step - loss: 0.5174 - val_loss: 0.5034
Epoch 293/500
35/35 - 2s - 50ms/step - loss: 0.5172 - val_loss: 0.5032
Epoch 294/500
35/35 - 2s - 50ms/step - loss: 0.5171 - val_loss: 0.5031
Epoch 295/500
35/35 - 2s - 50ms/step - loss: 0.5169 - val_loss: 0.5029
Epoch 296/500
35/35 - 2s - 50ms/step - loss: 0.5168 - val_loss: 0.5028
Epoch 297/500
35/35 - 2s - 50ms/step - loss: 0.5167 - val_loss: 0.5026
Epoch 298/500
35/35 - 2s - 50ms/step - loss: 0.5165 - val_loss: 0.5025
Epoch 299/500
35/35 - 2s - 50ms/step - loss: 0.5164 - val_loss: 0.5023
Epoch 300/500
35/35 - 2s - 50ms/step - loss: 0.5163 - val_loss: 0.5022
Epoch 301/500
35/35 - 2s - 50ms/step - loss: 0.5161 - val_loss: 0.5020
Epoch 302/500
35/35 - 2s - 50ms/step - loss: 0.5160 - val_loss: 0.5019
Epoch 303/500
35/35 - 2s - 50ms/step - loss: 0.5159 - val_loss: 0.5017
Epoch 304/500
35/35 - 2s - 50ms/step - loss: 0.5157 - val_loss: 0.5016
Epoch 305/500
35/35 - 2s - 50ms/step - loss: 0.5156 - val_loss: 0.5014
Epoch 306/500
35/35 - 2s - 50ms/step - loss: 0.5155 - val_loss: 0.5013
Epoch 307/500
35/35 - 2s - 51ms/step - loss: 0.5153 - val_loss: 0.5012
Epoch 308/500
35/35 - 2s - 50ms/step - loss: 0.5152 - val_loss: 0.5010
Epoch 309/500
35/35 - 2s - 50ms/step - loss: 0.5151 - val_loss: 0.5009
Epoch 310/500
35/35 - 2s - 50ms/step - loss: 0.5150 - val_loss: 0.5007
Epoch 311/500
35/35 - 2s - 50ms/step - loss: 0.5148 - val_loss: 0.5006
Epoch 312/500
35/35 - 2s - 50ms/step - loss: 0.5147 - val_loss: 0.5005
Epoch 313/500
35/35 - 2s - 50ms/step - loss: 0.5146 - val_loss: 0.5003
Epoch 314/500
35/35 - 2s - 50ms/step - loss: 0.5145 - val_loss: 0.5002
Epoch 315/500
35/35 - 2s - 50ms/step - loss: 0.5143 - val_loss: 0.5000
Epoch 316/500
35/35 - 2s - 50ms/step - loss: 0.5142 - val_loss: 0.4999
Epoch 317/500
35/35 - 2s - 50ms/step - loss: 0.5141 - val_loss: 0.4998
Epoch 318/500
35/35 - 2s - 50ms/step - loss: 0.5140 - val_loss: 0.4996
Epoch 319/500
35/35 - 2s - 50ms/step - loss: 0.5139 - val_loss: 0.4995
Epoch 320/500
35/35 - 2s - 51ms/step - loss: 0.5137 - val_loss: 0.4994
Epoch 321/500
35/35 - 2s - 50ms/step - loss: 0.5136 - val_loss: 0.4992
Epoch 322/500
35/35 - 2s - 50ms/step - loss: 0.5135 - val_loss: 0.4991
Epoch 323/500
35/35 - 2s - 50ms/step - loss: 0.5134 - val_loss: 0.4990
Epoch 324/500
35/35 - 2s - 50ms/step - loss: 0.5133 - val_loss: 0.4988
Epoch 325/500
35/35 - 2s - 50ms/step - loss: 0.5132 - val_loss: 0.4987
Epoch 326/500
35/35 - 2s - 51ms/step - loss: 0.5131 - val_loss: 0.4986
Epoch 327/500
35/35 - 2s - 50ms/step - loss: 0.5129 - val_loss: 0.4984
Epoch 328/500
35/35 - 2s - 50ms/step - loss: 0.5128 - val_loss: 0.4983
Epoch 329/500
35/35 - 2s - 50ms/step - loss: 0.5127 - val_loss: 0.4982
Epoch 330/500
35/35 - 2s - 50ms/step - loss: 0.5126 - val_loss: 0.4981
Epoch 331/500
35/35 - 2s - 50ms/step - loss: 0.5125 - val_loss: 0.4979
Epoch 332/500
35/35 - 2s - 50ms/step - loss: 0.5124 - val_loss: 0.4978
Epoch 333/500
35/35 - 2s - 50ms/step - loss: 0.5123 - val_loss: 0.4977
Epoch 334/500
35/35 - 2s - 50ms/step - loss: 0.5122 - val_loss: 0.4976
Epoch 335/500
35/35 - 2s - 50ms/step - loss: 0.5121 - val_loss: 0.4975
Epoch 336/500
35/35 - 2s - 50ms/step - loss: 0.5120 - val_loss: 0.4973
Epoch 337/500
35/35 - 2s - 50ms/step - loss: 0.5119 - val_loss: 0.4972
Epoch 338/500
35/35 - 2s - 50ms/step - loss: 0.5118 - val_loss: 0.4971
Epoch 339/500
35/35 - 2s - 50ms/step - loss: 0.5117 - val_loss: 0.4970
Epoch 340/500
35/35 - 2s - 50ms/step - loss: 0.5116 - val_loss: 0.4969
Epoch 341/500
35/35 - 2s - 51ms/step - loss: 0.5115 - val_loss: 0.4967
Epoch 342/500
35/35 - 2s - 50ms/step - loss: 0.5114 - val_loss: 0.4966
Epoch 343/500
35/35 - 2s - 50ms/step - loss: 0.5113 - val_loss: 0.4965
Epoch 344/500
35/35 - 2s - 50ms/step - loss: 0.5112 - val_loss: 0.4964
Epoch 345/500
35/35 - 2s - 50ms/step - loss: 0.5111 - val_loss: 0.4963
Epoch 346/500
35/35 - 2s - 51ms/step - loss: 0.5110 - val_loss: 0.4962
Epoch 347/500
35/35 - 2s - 50ms/step - loss: 0.5109 - val_loss: 0.4960
Epoch 348/500
35/35 - 2s - 50ms/step - loss: 0.5108 - val_loss: 0.4959
Epoch 349/500
35/35 - 2s - 50ms/step - loss: 0.5107 - val_loss: 0.4958
Epoch 350/500
35/35 - 2s - 50ms/step - loss: 0.5106 - val_loss: 0.4957
Epoch 351/500
35/35 - 2s - 50ms/step - loss: 0.5105 - val_loss: 0.4956
Epoch 352/500
35/35 - 2s - 50ms/step - loss: 0.5104 - val_loss: 0.4955
Epoch 353/500
35/35 - 2s - 50ms/step - loss: 0.5103 - val_loss: 0.4954
Epoch 354/500
35/35 - 2s - 51ms/step - loss: 0.5102 - val_loss: 0.4953
Epoch 355/500
35/35 - 2s - 50ms/step - loss: 0.5101 - val_loss: 0.4952
Epoch 356/500
35/35 - 2s - 50ms/step - loss: 0.5100 - val_loss: 0.4951
Epoch 357/500
35/35 - 2s - 50ms/step - loss: 0.5099 - val_loss: 0.4950
Epoch 358/500
35/35 - 2s - 50ms/step - loss: 0.5098 - val_loss: 0.4949
Epoch 359/500
35/35 - 2s - 50ms/step - loss: 0.5097 - val_loss: 0.4947
Epoch 360/500
35/35 - 2s - 50ms/step - loss: 0.5096 - val_loss: 0.4946
Epoch 361/500
35/35 - 2s - 50ms/step - loss: 0.5096 - val_loss: 0.4945
Epoch 362/500
35/35 - 2s - 50ms/step - loss: 0.5095 - val_loss: 0.4944
Epoch 363/500
35/35 - 2s - 50ms/step - loss: 0.5094 - val_loss: 0.4943
Epoch 364/500
35/35 - 2s - 50ms/step - loss: 0.5093 - val_loss: 0.4942
Epoch 365/500
35/35 - 2s - 50ms/step - loss: 0.5092 - val_loss: 0.4941
Epoch 366/500
35/35 - 2s - 50ms/step - loss: 0.5091 - val_loss: 0.4940
Epoch 367/500
35/35 - 2s - 50ms/step - loss: 0.5090 - val_loss: 0.4939
Epoch 368/500
35/35 - 2s - 50ms/step - loss: 0.5090 - val_loss: 0.4938
Epoch 369/500
35/35 - 2s - 50ms/step - loss: 0.5089 - val_loss: 0.4937
Epoch 370/500
35/35 - 2s - 50ms/step - loss: 0.5088 - val_loss: 0.4936
Epoch 371/500
35/35 - 2s - 50ms/step - loss: 0.5087 - val_loss: 0.4935
Epoch 372/500
35/35 - 2s - 50ms/step - loss: 0.5086 - val_loss: 0.4934
Epoch 373/500
35/35 - 2s - 50ms/step - loss: 0.5085 - val_loss: 0.4933
Epoch 374/500
35/35 - 2s - 50ms/step - loss: 0.5084 - val_loss: 0.4933
Epoch 375/500
35/35 - 2s - 50ms/step - loss: 0.5084 - val_loss: 0.4932
Epoch 376/500
35/35 - 2s - 50ms/step - loss: 0.5083 - val_loss: 0.4931
Epoch 377/500
35/35 - 2s - 50ms/step - loss: 0.5082 - val_loss: 0.4930
Epoch 378/500
35/35 - 2s - 50ms/step - loss: 0.5081 - val_loss: 0.4929
Epoch 379/500
35/35 - 2s - 50ms/step - loss: 0.5080 - val_loss: 0.4928
Epoch 380/500
35/35 - 2s - 50ms/step - loss: 0.5080 - val_loss: 0.4927
Epoch 381/500
35/35 - 2s - 50ms/step - loss: 0.5079 - val_loss: 0.4926
Epoch 382/500
35/35 - 2s - 50ms/step - loss: 0.5078 - val_loss: 0.4925
Epoch 383/500
35/35 - 2s - 50ms/step - loss: 0.5077 - val_loss: 0.4924
Epoch 384/500
35/35 - 2s - 50ms/step - loss: 0.5077 - val_loss: 0.4923
Epoch 385/500
35/35 - 2s - 50ms/step - loss: 0.5076 - val_loss: 0.4922
Epoch 386/500
35/35 - 2s - 50ms/step - loss: 0.5075 - val_loss: 0.4921
Epoch 387/500
35/35 - 2s - 50ms/step - loss: 0.5074 - val_loss: 0.4921
Epoch 388/500
35/35 - 2s - 50ms/step - loss: 0.5073 - val_loss: 0.4920
Epoch 389/500
35/35 - 2s - 51ms/step - loss: 0.5073 - val_loss: 0.4919
Epoch 390/500
35/35 - 2s - 50ms/step - loss: 0.5072 - val_loss: 0.4918
Epoch 391/500
35/35 - 2s - 50ms/step - loss: 0.5071 - val_loss: 0.4917
Epoch 392/500
35/35 - 2s - 50ms/step - loss: 0.5070 - val_loss: 0.4916
Epoch 393/500
35/35 - 2s - 50ms/step - loss: 0.5070 - val_loss: 0.4915
Epoch 394/500
35/35 - 2s - 50ms/step - loss: 0.5069 - val_loss: 0.4914
Epoch 395/500
35/35 - 2s - 50ms/step - loss: 0.5068 - val_loss: 0.4914
Epoch 396/500
35/35 - 2s - 50ms/step - loss: 0.5068 - val_loss: 0.4913
Epoch 397/500
35/35 - 2s - 50ms/step - loss: 0.5067 - val_loss: 0.4912
Epoch 398/500
35/35 - 2s - 50ms/step - loss: 0.5066 - val_loss: 0.4911
Epoch 399/500
35/35 - 2s - 50ms/step - loss: 0.5065 - val_loss: 0.4910
Epoch 400/500
35/35 - 2s - 50ms/step - loss: 0.5065 - val_loss: 0.4909
Epoch 401/500
35/35 - 2s - 50ms/step - loss: 0.5064 - val_loss: 0.4909
Epoch 402/500
35/35 - 2s - 50ms/step - loss: 0.5063 - val_loss: 0.4908
Epoch 403/500
35/35 - 2s - 50ms/step - loss: 0.5063 - val_loss: 0.4907
Epoch 404/500
35/35 - 2s - 50ms/step - loss: 0.5062 - val_loss: 0.4906
Epoch 405/500
35/35 - 2s - 50ms/step - loss: 0.5061 - val_loss: 0.4905
Epoch 406/500
35/35 - 2s - 50ms/step - loss: 0.5061 - val_loss: 0.4904
Epoch 407/500
35/35 - 2s - 50ms/step - loss: 0.5060 - val_loss: 0.4904
Epoch 408/500
35/35 - 2s - 50ms/step - loss: 0.5059 - val_loss: 0.4903
Epoch 409/500
35/35 - 2s - 50ms/step - loss: 0.5059 - val_loss: 0.4902
Epoch 410/500
35/35 - 2s - 50ms/step - loss: 0.5058 - val_loss: 0.4901
Epoch 411/500
35/35 - 2s - 50ms/step - loss: 0.5057 - val_loss: 0.4901
Epoch 412/500
35/35 - 2s - 51ms/step - loss: 0.5057 - val_loss: 0.4900
Epoch 413/500
35/35 - 2s - 50ms/step - loss: 0.5056 - val_loss: 0.4899
Epoch 414/500
35/35 - 2s - 50ms/step - loss: 0.5055 - val_loss: 0.4898
Epoch 415/500
35/35 - 2s - 50ms/step - loss: 0.5055 - val_loss: 0.4897
Epoch 416/500
35/35 - 2s - 50ms/step - loss: 0.5054 - val_loss: 0.4897
Epoch 417/500
35/35 - 2s - 50ms/step - loss: 0.5053 - val_loss: 0.4896
Epoch 418/500
35/35 - 2s - 51ms/step - loss: 0.5053 - val_loss: 0.4895
Epoch 419/500
35/35 - 2s - 50ms/step - loss: 0.5052 - val_loss: 0.4894
Epoch 420/500
35/35 - 2s - 50ms/step - loss: 0.5051 - val_loss: 0.4894
Epoch 421/500
35/35 - 2s - 50ms/step - loss: 0.5051 - val_loss: 0.4893
Epoch 422/500
35/35 - 2s - 52ms/step - loss: 0.5050 - val_loss: 0.4892
Epoch 423/500
35/35 - 2s - 50ms/step - loss: 0.5049 - val_loss: 0.4891
Epoch 424/500
35/35 - 2s - 51ms/step - loss: 0.5049 - val_loss: 0.4891
Epoch 425/500
35/35 - 2s - 50ms/step - loss: 0.5048 - val_loss: 0.4890
Epoch 426/500
35/35 - 24s - 688ms/step - loss: 0.5048 - val_loss: 0.4889
Epoch 427/500
35/35 - 2s - 51ms/step - loss: 0.5047 - val_loss: 0.4888
Epoch 428/500
35/35 - 2s - 57ms/step - loss: 0.5046 - val_loss: 0.4888
Epoch 429/500
35/35 - 2s - 55ms/step - loss: 0.5046 - val_loss: 0.4887
Epoch 430/500
35/35 - 2s - 52ms/step - loss: 0.5045 - val_loss: 0.4886
Epoch 431/500
35/35 - 2s - 51ms/step - loss: 0.5045 - val_loss: 0.4886
Epoch 432/500
35/35 - 2s - 51ms/step - loss: 0.5044 - val_loss: 0.4885
Epoch 433/500
35/35 - 2s - 51ms/step - loss: 0.5043 - val_loss: 0.4884
Epoch 434/500
35/35 - 2s - 51ms/step - loss: 0.5043 - val_loss: 0.4883
Epoch 435/500
35/35 - 2s - 51ms/step - loss: 0.5042 - val_loss: 0.4883
Epoch 436/500
35/35 - 2s - 51ms/step - loss: 0.5042 - val_loss: 0.4882
Epoch 437/500
35/35 - 2s - 51ms/step - loss: 0.5041 - val_loss: 0.4881
Epoch 438/500
35/35 - 2s - 51ms/step - loss: 0.5040 - val_loss: 0.4881
Epoch 439/500
35/35 - 2s - 50ms/step - loss: 0.5040 - val_loss: 0.4880
Epoch 440/500
35/35 - 2s - 51ms/step - loss: 0.5039 - val_loss: 0.4879
Epoch 441/500
35/35 - 2s - 51ms/step - loss: 0.5039 - val_loss: 0.4879
Epoch 442/500
35/35 - 2s - 51ms/step - loss: 0.5038 - val_loss: 0.4878
Epoch 443/500
35/35 - 2s - 50ms/step - loss: 0.5038 - val_loss: 0.4877
Epoch 444/500
35/35 - 2s - 50ms/step - loss: 0.5037 - val_loss: 0.4877
Epoch 445/500
35/35 - 2s - 50ms/step - loss: 0.5036 - val_loss: 0.4876
Epoch 446/500
35/35 - 2s - 51ms/step - loss: 0.5036 - val_loss: 0.4875
Epoch 447/500
35/35 - 2s - 51ms/step - loss: 0.5035 - val_loss: 0.4875
Epoch 448/500
35/35 - 2s - 51ms/step - loss: 0.5035 - val_loss: 0.4874
Epoch 449/500
35/35 - 2s - 50ms/step - loss: 0.5034 - val_loss: 0.4873
Epoch 450/500
35/35 - 2s - 51ms/step - loss: 0.5034 - val_loss: 0.4873
Epoch 451/500
35/35 - 2s - 50ms/step - loss: 0.5033 - val_loss: 0.4872
Epoch 452/500
35/35 - 2s - 50ms/step - loss: 0.5033 - val_loss: 0.4871
Epoch 453/500
35/35 - 2s - 50ms/step - loss: 0.5032 - val_loss: 0.4871
Epoch 454/500
35/35 - 2s - 50ms/step - loss: 0.5031 - val_loss: 0.4870
Epoch 455/500
35/35 - 2s - 51ms/step - loss: 0.5031 - val_loss: 0.4870
Epoch 456/500
35/35 - 2s - 51ms/step - loss: 0.5030 - val_loss: 0.4869
Epoch 457/500
35/35 - 2s - 50ms/step - loss: 0.5030 - val_loss: 0.4868
Epoch 458/500
35/35 - 2s - 51ms/step - loss: 0.5029 - val_loss: 0.4868
Epoch 459/500
35/35 - 2s - 50ms/step - loss: 0.5029 - val_loss: 0.4867
Epoch 460/500
35/35 - 2s - 51ms/step - loss: 0.5028 - val_loss: 0.4866
Epoch 461/500
35/35 - 2s - 50ms/step - loss: 0.5028 - val_loss: 0.4866
Epoch 462/500
35/35 - 2s - 50ms/step - loss: 0.5027 - val_loss: 0.4865
Epoch 463/500
35/35 - 2s - 50ms/step - loss: 0.5027 - val_loss: 0.4865
Epoch 464/500
35/35 - 2s - 51ms/step - loss: 0.5026 - val_loss: 0.4864
Epoch 465/500
35/35 - 2s - 51ms/step - loss: 0.5026 - val_loss: 0.4863
Epoch 466/500
35/35 - 2s - 51ms/step - loss: 0.5025 - val_loss: 0.4863
Epoch 467/500
35/35 - 2s - 50ms/step - loss: 0.5025 - val_loss: 0.4862
Epoch 468/500
35/35 - 2s - 50ms/step - loss: 0.5024 - val_loss: 0.4862
Epoch 469/500
35/35 - 2s - 50ms/step - loss: 0.5024 - val_loss: 0.4861
Epoch 470/500
35/35 - 2s - 50ms/step - loss: 0.5023 - val_loss: 0.4860
Epoch 471/500
35/35 - 2s - 50ms/step - loss: 0.5023 - val_loss: 0.4860
Epoch 472/500
35/35 - 2s - 50ms/step - loss: 0.5022 - val_loss: 0.4859
Epoch 473/500
35/35 - 2s - 50ms/step - loss: 0.5022 - val_loss: 0.4859
Epoch 474/500
35/35 - 2s - 50ms/step - loss: 0.5021 - val_loss: 0.4858
Epoch 475/500
35/35 - 2s - 51ms/step - loss: 0.5021 - val_loss: 0.4858
Epoch 476/500
35/35 - 2s - 50ms/step - loss: 0.5020 - val_loss: 0.4857
Epoch 477/500
35/35 - 2s - 51ms/step - loss: 0.5020 - val_loss: 0.4856
Epoch 478/500
35/35 - 2s - 51ms/step - loss: 0.5019 - val_loss: 0.4856
Epoch 479/500
35/35 - 2s - 50ms/step - loss: 0.5019 - val_loss: 0.4855
Epoch 480/500
35/35 - 2s - 50ms/step - loss: 0.5018 - val_loss: 0.4855
Epoch 481/500
35/35 - 2s - 51ms/step - loss: 0.5018 - val_loss: 0.4854
Epoch 482/500
35/35 - 2s - 50ms/step - loss: 0.5017 - val_loss: 0.4854
Epoch 483/500
35/35 - 2s - 50ms/step - loss: 0.5017 - val_loss: 0.4853
Epoch 484/500
35/35 - 2s - 50ms/step - loss: 0.5016 - val_loss: 0.4853
Epoch 485/500
35/35 - 2s - 50ms/step - loss: 0.5016 - val_loss: 0.4852
Epoch 486/500
35/35 - 2s - 50ms/step - loss: 0.5016 - val_loss: 0.4851
Epoch 487/500
35/35 - 2s - 50ms/step - loss: 0.5015 - val_loss: 0.4851
Epoch 488/500
35/35 - 2s - 50ms/step - loss: 0.5015 - val_loss: 0.4850
Epoch 489/500
35/35 - 2s - 50ms/step - loss: 0.5014 - val_loss: 0.4850
Epoch 490/500
35/35 - 2s - 50ms/step - loss: 0.5014 - val_loss: 0.4849
Epoch 491/500
35/35 - 2s - 50ms/step - loss: 0.5013 - val_loss: 0.4849
Epoch 492/500
35/35 - 2s - 51ms/step - loss: 0.5013 - val_loss: 0.4848
Epoch 493/500
35/35 - 2s - 50ms/step - loss: 0.5012 - val_loss: 0.4848
Epoch 494/500
35/35 - 2s - 50ms/step - loss: 0.5012 - val_loss: 0.4847
Epoch 495/500
35/35 - 2s - 50ms/step - loss: 0.5011 - val_loss: 0.4847
Epoch 496/500
35/35 - 2s - 50ms/step - loss: 0.5011 - val_loss: 0.4846
Epoch 497/500
35/35 - 2s - 50ms/step - loss: 0.5011 - val_loss: 0.4846
Epoch 498/500
35/35 - 2s - 50ms/step - loss: 0.5010 - val_loss: 0.4845
Epoch 499/500
35/35 - 2s - 50ms/step - loss: 0.5010 - val_loss: 0.4845
Epoch 500/500
35/35 - 2s - 50ms/step - loss: 0.5009 - val_loss: 0.4844
[Run 2/5] Training shared encoder (weighted, sigmoid head, baseline preprocessing)...
Epoch 1/500
35/35 - 2s - 60ms/step - loss: 1.0420 - val_loss: 1.0274
Epoch 2/500
35/35 - 2s - 58ms/step - loss: 1.0205 - val_loss: 1.0067
Epoch 3/500
35/35 - 2s - 55ms/step - loss: 0.9993 - val_loss: 0.9864
Epoch 4/500
35/35 - 2s - 55ms/step - loss: 0.9783 - val_loss: 0.9663
Epoch 5/500
35/35 - 2s - 55ms/step - loss: 0.9574 - val_loss: 0.9465
Epoch 6/500
35/35 - 2s - 56ms/step - loss: 0.9369 - val_loss: 0.9269
Epoch 7/500
35/35 - 2s - 55ms/step - loss: 0.9169 - val_loss: 0.9080
Epoch 8/500
35/35 - 2s - 55ms/step - loss: 0.8979 - val_loss: 0.8900
Epoch 9/500
35/35 - 2s - 56ms/step - loss: 0.8801 - val_loss: 0.8731
Epoch 10/500
35/35 - 2s - 56ms/step - loss: 0.8636 - val_loss: 0.8573
Epoch 11/500
35/35 - 2s - 56ms/step - loss: 0.8484 - val_loss: 0.8426
Epoch 12/500
35/35 - 2s - 55ms/step - loss: 0.8347 - val_loss: 0.8292
Epoch 13/500
35/35 - 2s - 55ms/step - loss: 0.8221 - val_loss: 0.8169
Epoch 14/500
35/35 - 2s - 55ms/step - loss: 0.8107 - val_loss: 0.8055
Epoch 15/500
35/35 - 2s - 55ms/step - loss: 0.8003 - val_loss: 0.7949
Epoch 16/500
35/35 - 2s - 55ms/step - loss: 0.7906 - val_loss: 0.7851
Epoch 17/500
35/35 - 2s - 55ms/step - loss: 0.7817 - val_loss: 0.7760
Epoch 18/500
35/35 - 2s - 55ms/step - loss: 0.7735 - val_loss: 0.7675
Epoch 19/500
35/35 - 2s - 55ms/step - loss: 0.7658 - val_loss: 0.7596
Epoch 20/500
35/35 - 2s - 55ms/step - loss: 0.7587 - val_loss: 0.7523
Epoch 21/500
35/35 - 2s - 55ms/step - loss: 0.7520 - val_loss: 0.7454
Epoch 22/500
35/35 - 2s - 55ms/step - loss: 0.7457 - val_loss: 0.7390
Epoch 23/500
35/35 - 2s - 55ms/step - loss: 0.7398 - val_loss: 0.7330
Epoch 24/500
35/35 - 2s - 56ms/step - loss: 0.7343 - val_loss: 0.7273
Epoch 25/500
35/35 - 2s - 55ms/step - loss: 0.7291 - val_loss: 0.7219
Epoch 26/500
35/35 - 2s - 55ms/step - loss: 0.7241 - val_loss: 0.7169
Epoch 27/500
35/35 - 2s - 55ms/step - loss: 0.7195 - val_loss: 0.7121
Epoch 28/500
35/35 - 2s - 55ms/step - loss: 0.7150 - val_loss: 0.7075
Epoch 29/500
35/35 - 2s - 55ms/step - loss: 0.7108 - val_loss: 0.7032
Epoch 30/500
35/35 - 2s - 55ms/step - loss: 0.7067 - val_loss: 0.6990
Epoch 31/500
35/35 - 2s - 55ms/step - loss: 0.7029 - val_loss: 0.6950
Epoch 32/500
35/35 - 2s - 55ms/step - loss: 0.6991 - val_loss: 0.6911
Epoch 33/500
35/35 - 2s - 55ms/step - loss: 0.6955 - val_loss: 0.6874
Epoch 34/500
35/35 - 2s - 56ms/step - loss: 0.6921 - val_loss: 0.6838
Epoch 35/500
35/35 - 2s - 55ms/step - loss: 0.6887 - val_loss: 0.6803
Epoch 36/500
35/35 - 2s - 55ms/step - loss: 0.6855 - val_loss: 0.6769
Epoch 37/500
35/35 - 2s - 55ms/step - loss: 0.6823 - val_loss: 0.6736
Epoch 38/500
35/35 - 2s - 55ms/step - loss: 0.6792 - val_loss: 0.6703
Epoch 39/500
35/35 - 2s - 55ms/step - loss: 0.6763 - val_loss: 0.6672
Epoch 40/500
35/35 - 2s - 55ms/step - loss: 0.6733 - val_loss: 0.6642
Epoch 41/500
35/35 - 2s - 55ms/step - loss: 0.6705 - val_loss: 0.6612
Epoch 42/500
35/35 - 2s - 55ms/step - loss: 0.6678 - val_loss: 0.6583
Epoch 43/500
35/35 - 2s - 55ms/step - loss: 0.6651 - val_loss: 0.6555
Epoch 44/500
35/35 - 2s - 55ms/step - loss: 0.6625 - val_loss: 0.6527
Epoch 45/500
35/35 - 2s - 55ms/step - loss: 0.6599 - val_loss: 0.6501
Epoch 46/500
35/35 - 2s - 55ms/step - loss: 0.6574 - val_loss: 0.6475
Epoch 47/500
35/35 - 2s - 55ms/step - loss: 0.6550 - val_loss: 0.6449
Epoch 48/500
35/35 - 2s - 55ms/step - loss: 0.6527 - val_loss: 0.6425
Epoch 49/500
35/35 - 2s - 55ms/step - loss: 0.6504 - val_loss: 0.6401
Epoch 50/500
35/35 - 2s - 55ms/step - loss: 0.6482 - val_loss: 0.6377
Epoch 51/500
35/35 - 2s - 55ms/step - loss: 0.6460 - val_loss: 0.6354
Epoch 52/500
35/35 - 2s - 55ms/step - loss: 0.6439 - val_loss: 0.6332
Epoch 53/500
35/35 - 2s - 55ms/step - loss: 0.6419 - val_loss: 0.6310
Epoch 54/500
35/35 - 2s - 55ms/step - loss: 0.6399 - val_loss: 0.6289
Epoch 55/500
35/35 - 2s - 55ms/step - loss: 0.6380 - val_loss: 0.6269
Epoch 56/500
35/35 - 2s - 56ms/step - loss: 0.6361 - val_loss: 0.6249
Epoch 57/500
35/35 - 2s - 55ms/step - loss: 0.6343 - val_loss: 0.6230
Epoch 58/500
35/35 - 2s - 55ms/step - loss: 0.6325 - val_loss: 0.6211
Epoch 59/500
35/35 - 2s - 55ms/step - loss: 0.6308 - val_loss: 0.6193
Epoch 60/500
35/35 - 2s - 55ms/step - loss: 0.6291 - val_loss: 0.6175
Epoch 61/500
35/35 - 2s - 55ms/step - loss: 0.6275 - val_loss: 0.6158
Epoch 62/500
35/35 - 2s - 55ms/step - loss: 0.6260 - val_loss: 0.6142
Epoch 63/500
35/35 - 2s - 55ms/step - loss: 0.6245 - val_loss: 0.6126
Epoch 64/500
35/35 - 2s - 55ms/step - loss: 0.6230 - val_loss: 0.6111
Epoch 65/500
35/35 - 2s - 55ms/step - loss: 0.6216 - val_loss: 0.6096
Epoch 66/500
35/35 - 2s - 55ms/step - loss: 0.6202 - val_loss: 0.6081
Epoch 67/500
35/35 - 2s - 55ms/step - loss: 0.6188 - val_loss: 0.6068
Epoch 68/500
35/35 - 2s - 55ms/step - loss: 0.6175 - val_loss: 0.6054
Epoch 69/500
35/35 - 2s - 55ms/step - loss: 0.6162 - val_loss: 0.6041
Epoch 70/500
35/35 - 2s - 55ms/step - loss: 0.6150 - val_loss: 0.6028
Epoch 71/500
35/35 - 2s - 55ms/step - loss: 0.6138 - val_loss: 0.6016
Epoch 72/500
35/35 - 2s - 55ms/step - loss: 0.6126 - val_loss: 0.6004
Epoch 73/500
35/35 - 2s - 55ms/step - loss: 0.6115 - val_loss: 0.5992
Epoch 74/500
35/35 - 2s - 55ms/step - loss: 0.6104 - val_loss: 0.5980
Epoch 75/500
35/35 - 2s - 55ms/step - loss: 0.6093 - val_loss: 0.5969
Epoch 76/500
35/35 - 2s - 55ms/step - loss: 0.6082 - val_loss: 0.5958
Epoch 77/500
35/35 - 2s - 55ms/step - loss: 0.6072 - val_loss: 0.5948
Epoch 78/500
35/35 - 2s - 55ms/step - loss: 0.6061 - val_loss: 0.5938
Epoch 79/500
35/35 - 2s - 55ms/step - loss: 0.6051 - val_loss: 0.5927
Epoch 80/500
35/35 - 2s - 55ms/step - loss: 0.6042 - val_loss: 0.5918
Epoch 81/500
35/35 - 2s - 55ms/step - loss: 0.6032 - val_loss: 0.5908
Epoch 82/500
35/35 - 2s - 55ms/step - loss: 0.6023 - val_loss: 0.5899
Epoch 83/500
35/35 - 2s - 55ms/step - loss: 0.6014 - val_loss: 0.5889
Epoch 84/500
35/35 - 2s - 55ms/step - loss: 0.6005 - val_loss: 0.5880
Epoch 85/500
35/35 - 2s - 55ms/step - loss: 0.5996 - val_loss: 0.5872
Epoch 86/500
35/35 - 2s - 55ms/step - loss: 0.5988 - val_loss: 0.5863
Epoch 87/500
35/35 - 2s - 55ms/step - loss: 0.5979 - val_loss: 0.5855
Epoch 88/500
35/35 - 2s - 56ms/step - loss: 0.5971 - val_loss: 0.5846
Epoch 89/500
35/35 - 2s - 55ms/step - loss: 0.5963 - val_loss: 0.5838
Epoch 90/500
35/35 - 2s - 55ms/step - loss: 0.5955 - val_loss: 0.5830
Epoch 91/500
35/35 - 2s - 55ms/step - loss: 0.5947 - val_loss: 0.5822
Epoch 92/500
35/35 - 2s - 55ms/step - loss: 0.5939 - val_loss: 0.5815
Epoch 93/500
35/35 - 2s - 55ms/step - loss: 0.5932 - val_loss: 0.5807
Epoch 94/500
35/35 - 2s - 55ms/step - loss: 0.5924 - val_loss: 0.5800
Epoch 95/500
35/35 - 2s - 55ms/step - loss: 0.5917 - val_loss: 0.5793
Epoch 96/500
35/35 - 2s - 56ms/step - loss: 0.5910 - val_loss: 0.5786
Epoch 97/500
35/35 - 2s - 55ms/step - loss: 0.5903 - val_loss: 0.5779
Epoch 98/500
35/35 - 2s - 55ms/step - loss: 0.5896 - val_loss: 0.5772
Epoch 99/500
35/35 - 2s - 55ms/step - loss: 0.5889 - val_loss: 0.5765
Epoch 100/500
35/35 - 2s - 56ms/step - loss: 0.5883 - val_loss: 0.5758
Epoch 101/500
35/35 - 2s - 55ms/step - loss: 0.5876 - val_loss: 0.5752
Epoch 102/500
35/35 - 2s - 55ms/step - loss: 0.5869 - val_loss: 0.5745
Epoch 103/500
35/35 - 2s - 55ms/step - loss: 0.5863 - val_loss: 0.5739
Epoch 104/500
35/35 - 2s - 55ms/step - loss: 0.5857 - val_loss: 0.5733
Epoch 105/500
35/35 - 2s - 55ms/step - loss: 0.5851 - val_loss: 0.5727
Epoch 106/500
35/35 - 2s - 55ms/step - loss: 0.5844 - val_loss: 0.5721
Epoch 107/500
35/35 - 2s - 55ms/step - loss: 0.5838 - val_loss: 0.5715
Epoch 108/500
35/35 - 2s - 55ms/step - loss: 0.5832 - val_loss: 0.5709
Epoch 109/500
35/35 - 2s - 55ms/step - loss: 0.5827 - val_loss: 0.5703
Epoch 110/500
35/35 - 2s - 55ms/step - loss: 0.5821 - val_loss: 0.5698
Epoch 111/500
35/35 - 2s - 55ms/step - loss: 0.5815 - val_loss: 0.5692
Epoch 112/500
35/35 - 2s - 55ms/step - loss: 0.5809 - val_loss: 0.5686
Epoch 113/500
35/35 - 2s - 55ms/step - loss: 0.5804 - val_loss: 0.5681
Epoch 114/500
35/35 - 2s - 55ms/step - loss: 0.5798 - val_loss: 0.5676
Epoch 115/500
35/35 - 2s - 55ms/step - loss: 0.5793 - val_loss: 0.5670
Epoch 116/500
35/35 - 2s - 55ms/step - loss: 0.5787 - val_loss: 0.5665
Epoch 117/500
35/35 - 2s - 55ms/step - loss: 0.5782 - val_loss: 0.5660
Epoch 118/500
35/35 - 2s - 55ms/step - loss: 0.5777 - val_loss: 0.5655
Epoch 119/500
35/35 - 2s - 56ms/step - loss: 0.5772 - val_loss: 0.5650
Epoch 120/500
35/35 - 2s - 55ms/step - loss: 0.5766 - val_loss: 0.5645
Epoch 121/500
35/35 - 2s - 55ms/step - loss: 0.5761 - val_loss: 0.5640
Epoch 122/500
35/35 - 2s - 55ms/step - loss: 0.5756 - val_loss: 0.5635
Epoch 123/500
35/35 - 2s - 55ms/step - loss: 0.5751 - val_loss: 0.5631
Epoch 124/500
35/35 - 2s - 55ms/step - loss: 0.5746 - val_loss: 0.5626
Epoch 125/500
35/35 - 2s - 55ms/step - loss: 0.5742 - val_loss: 0.5622
Epoch 126/500
35/35 - 2s - 55ms/step - loss: 0.5737 - val_loss: 0.5617
Epoch 127/500
35/35 - 2s - 55ms/step - loss: 0.5732 - val_loss: 0.5613
Epoch 128/500
35/35 - 2s - 55ms/step - loss: 0.5727 - val_loss: 0.5608
Epoch 129/500
35/35 - 2s - 55ms/step - loss: 0.5722 - val_loss: 0.5604
Epoch 130/500
35/35 - 2s - 55ms/step - loss: 0.5717 - val_loss: 0.5600
Epoch 131/500
35/35 - 2s - 55ms/step - loss: 0.5713 - val_loss: 0.5596
Epoch 132/500
35/35 - 2s - 55ms/step - loss: 0.5708 - val_loss: 0.5593
Epoch 133/500
35/35 - 2s - 55ms/step - loss: 0.5703 - val_loss: 0.5589
Epoch 134/500
35/35 - 2s - 55ms/step - loss: 0.5698 - val_loss: 0.5586
Epoch 135/500
35/35 - 2s - 55ms/step - loss: 0.5693 - val_loss: 0.5583
Epoch 136/500
35/35 - 2s - 55ms/step - loss: 0.5687 - val_loss: 0.5581
Epoch 137/500
35/35 - 2s - 55ms/step - loss: 0.5682 - val_loss: 0.5578
Epoch 138/500
35/35 - 2s - 55ms/step - loss: 0.5677 - val_loss: 0.5576
Epoch 139/500
35/35 - 2s - 55ms/step - loss: 0.5672 - val_loss: 0.5573
Epoch 140/500
35/35 - 2s - 55ms/step - loss: 0.5667 - val_loss: 0.5570
Epoch 141/500
35/35 - 2s - 55ms/step - loss: 0.5662 - val_loss: 0.5567
Epoch 142/500
35/35 - 2s - 55ms/step - loss: 0.5657 - val_loss: 0.5564
Epoch 143/500
35/35 - 2s - 55ms/step - loss: 0.5653 - val_loss: 0.5561
Epoch 144/500
35/35 - 2s - 55ms/step - loss: 0.5648 - val_loss: 0.5558
Epoch 145/500
35/35 - 2s - 55ms/step - loss: 0.5644 - val_loss: 0.5554
Epoch 146/500
35/35 - 2s - 55ms/step - loss: 0.5640 - val_loss: 0.5551
Epoch 147/500
35/35 - 2s - 55ms/step - loss: 0.5636 - val_loss: 0.5547
Epoch 148/500
35/35 - 2s - 55ms/step - loss: 0.5632 - val_loss: 0.5544
Epoch 149/500
35/35 - 2s - 55ms/step - loss: 0.5628 - val_loss: 0.5541
Epoch 150/500
35/35 - 2s - 55ms/step - loss: 0.5624 - val_loss: 0.5537
Epoch 151/500
35/35 - 2s - 56ms/step - loss: 0.5620 - val_loss: 0.5534
Epoch 152/500
35/35 - 2s - 55ms/step - loss: 0.5617 - val_loss: 0.5531
Epoch 153/500
35/35 - 2s - 55ms/step - loss: 0.5613 - val_loss: 0.5528
Epoch 154/500
35/35 - 2s - 55ms/step - loss: 0.5609 - val_loss: 0.5524
Epoch 155/500
35/35 - 2s - 55ms/step - loss: 0.5606 - val_loss: 0.5521
Epoch 156/500
35/35 - 2s - 55ms/step - loss: 0.5602 - val_loss: 0.5518
Epoch 157/500
35/35 - 2s - 56ms/step - loss: 0.5599 - val_loss: 0.5515
Epoch 158/500
35/35 - 2s - 55ms/step - loss: 0.5595 - val_loss: 0.5512
Epoch 159/500
35/35 - 2s - 55ms/step - loss: 0.5592 - val_loss: 0.5509
Epoch 160/500
35/35 - 2s - 55ms/step - loss: 0.5589 - val_loss: 0.5506
Epoch 161/500
35/35 - 2s - 55ms/step - loss: 0.5585 - val_loss: 0.5504
Epoch 162/500
35/35 - 2s - 55ms/step - loss: 0.5582 - val_loss: 0.5501
Epoch 163/500
35/35 - 2s - 55ms/step - loss: 0.5579 - val_loss: 0.5498
Epoch 164/500
35/35 - 2s - 55ms/step - loss: 0.5576 - val_loss: 0.5495
Epoch 165/500
35/35 - 2s - 55ms/step - loss: 0.5573 - val_loss: 0.5492
Epoch 166/500
35/35 - 2s - 55ms/step - loss: 0.5570 - val_loss: 0.5490
Epoch 167/500
35/35 - 2s - 55ms/step - loss: 0.5567 - val_loss: 0.5487
Epoch 168/500
35/35 - 2s - 55ms/step - loss: 0.5564 - val_loss: 0.5485
Epoch 169/500
35/35 - 2s - 55ms/step - loss: 0.5561 - val_loss: 0.5482
Epoch 170/500
35/35 - 2s - 55ms/step - loss: 0.5558 - val_loss: 0.5479
Epoch 171/500
35/35 - 2s - 55ms/step - loss: 0.5555 - val_loss: 0.5477
Epoch 172/500
35/35 - 2s - 55ms/step - loss: 0.5552 - val_loss: 0.5474
Epoch 173/500
35/35 - 2s - 55ms/step - loss: 0.5549 - val_loss: 0.5472
Epoch 174/500
35/35 - 2s - 55ms/step - loss: 0.5547 - val_loss: 0.5470
Epoch 175/500
35/35 - 2s - 55ms/step - loss: 0.5544 - val_loss: 0.5467
Epoch 176/500
35/35 - 2s - 55ms/step - loss: 0.5541 - val_loss: 0.5465
Epoch 177/500
35/35 - 2s - 55ms/step - loss: 0.5538 - val_loss: 0.5462
Epoch 178/500
35/35 - 2s - 55ms/step - loss: 0.5536 - val_loss: 0.5460
Epoch 179/500
35/35 - 2s - 55ms/step - loss: 0.5533 - val_loss: 0.5458
Epoch 180/500
35/35 - 2s - 55ms/step - loss: 0.5531 - val_loss: 0.5455
Epoch 181/500
35/35 - 2s - 55ms/step - loss: 0.5528 - val_loss: 0.5453
Epoch 182/500
35/35 - 2s - 56ms/step - loss: 0.5525 - val_loss: 0.5451
Epoch 183/500
35/35 - 2s - 55ms/step - loss: 0.5523 - val_loss: 0.5448
Epoch 184/500
35/35 - 2s - 55ms/step - loss: 0.5520 - val_loss: 0.5446
Epoch 185/500
35/35 - 2s - 55ms/step - loss: 0.5518 - val_loss: 0.5444
Epoch 186/500
35/35 - 2s - 55ms/step - loss: 0.5515 - val_loss: 0.5441
Epoch 187/500
35/35 - 2s - 55ms/step - loss: 0.5512 - val_loss: 0.5439
Epoch 188/500
35/35 - 2s - 55ms/step - loss: 0.5510 - val_loss: 0.5436
Epoch 189/500
35/35 - 2s - 55ms/step - loss: 0.5507 - val_loss: 0.5434
Epoch 190/500
35/35 - 2s - 55ms/step - loss: 0.5505 - val_loss: 0.5431
Epoch 191/500
35/35 - 2s - 55ms/step - loss: 0.5502 - val_loss: 0.5429
Epoch 192/500
35/35 - 2s - 55ms/step - loss: 0.5499 - val_loss: 0.5426
Epoch 193/500
35/35 - 2s - 55ms/step - loss: 0.5497 - val_loss: 0.5424
Epoch 194/500
35/35 - 2s - 55ms/step - loss: 0.5494 - val_loss: 0.5421
Epoch 195/500
35/35 - 2s - 55ms/step - loss: 0.5491 - val_loss: 0.5418
Epoch 196/500
35/35 - 2s - 55ms/step - loss: 0.5489 - val_loss: 0.5415
Epoch 197/500
35/35 - 2s - 55ms/step - loss: 0.5486 - val_loss: 0.5412
Epoch 198/500
35/35 - 2s - 55ms/step - loss: 0.5483 - val_loss: 0.5409
Epoch 199/500
35/35 - 2s - 55ms/step - loss: 0.5480 - val_loss: 0.5405
Epoch 200/500
35/35 - 2s - 55ms/step - loss: 0.5477 - val_loss: 0.5402
Epoch 201/500
35/35 - 2s - 55ms/step - loss: 0.5473 - val_loss: 0.5398
Epoch 202/500
35/35 - 2s - 55ms/step - loss: 0.5470 - val_loss: 0.5394
Epoch 203/500
35/35 - 2s - 55ms/step - loss: 0.5467 - val_loss: 0.5390
Epoch 204/500
35/35 - 2s - 55ms/step - loss: 0.5463 - val_loss: 0.5385
Epoch 205/500
35/35 - 2s - 55ms/step - loss: 0.5459 - val_loss: 0.5380
Epoch 206/500
35/35 - 2s - 55ms/step - loss: 0.5456 - val_loss: 0.5376
Epoch 207/500
35/35 - 2s - 55ms/step - loss: 0.5452 - val_loss: 0.5371
Epoch 208/500
35/35 - 2s - 55ms/step - loss: 0.5448 - val_loss: 0.5365
Epoch 209/500
35/35 - 2s - 55ms/step - loss: 0.5443 - val_loss: 0.5360
Epoch 210/500
35/35 - 2s - 55ms/step - loss: 0.5439 - val_loss: 0.5354
Epoch 211/500
35/35 - 2s - 55ms/step - loss: 0.5435 - val_loss: 0.5349
Epoch 212/500
35/35 - 2s - 55ms/step - loss: 0.5430 - val_loss: 0.5343
Epoch 213/500
35/35 - 2s - 55ms/step - loss: 0.5426 - val_loss: 0.5338
Epoch 214/500
35/35 - 2s - 56ms/step - loss: 0.5422 - val_loss: 0.5332
Epoch 215/500
35/35 - 2s - 55ms/step - loss: 0.5417 - val_loss: 0.5326
Epoch 216/500
35/35 - 2s - 55ms/step - loss: 0.5412 - val_loss: 0.5321
Epoch 217/500
35/35 - 2s - 56ms/step - loss: 0.5408 - val_loss: 0.5315
Epoch 218/500
35/35 - 2s - 55ms/step - loss: 0.5403 - val_loss: 0.5310
Epoch 219/500
35/35 - 2s - 55ms/step - loss: 0.5399 - val_loss: 0.5304
Epoch 220/500
35/35 - 2s - 55ms/step - loss: 0.5395 - val_loss: 0.5299
Epoch 221/500
35/35 - 2s - 55ms/step - loss: 0.5390 - val_loss: 0.5294
Epoch 222/500
35/35 - 2s - 55ms/step - loss: 0.5386 - val_loss: 0.5289
Epoch 223/500
35/35 - 2s - 55ms/step - loss: 0.5382 - val_loss: 0.5284
Epoch 224/500
35/35 - 2s - 55ms/step - loss: 0.5378 - val_loss: 0.5279
Epoch 225/500
35/35 - 2s - 55ms/step - loss: 0.5374 - val_loss: 0.5275
Epoch 226/500
35/35 - 2s - 55ms/step - loss: 0.5370 - val_loss: 0.5271
Epoch 227/500
35/35 - 2s - 55ms/step - loss: 0.5367 - val_loss: 0.5266
Epoch 228/500
35/35 - 2s - 55ms/step - loss: 0.5363 - val_loss: 0.5262
Epoch 229/500
35/35 - 2s - 55ms/step - loss: 0.5360 - val_loss: 0.5258
Epoch 230/500
35/35 - 2s - 55ms/step - loss: 0.5356 - val_loss: 0.5254
Epoch 231/500
35/35 - 2s - 55ms/step - loss: 0.5353 - val_loss: 0.5251
Epoch 232/500
35/35 - 2s - 55ms/step - loss: 0.5350 - val_loss: 0.5247
Epoch 233/500
35/35 - 2s - 55ms/step - loss: 0.5347 - val_loss: 0.5243
Epoch 234/500
35/35 - 2s - 55ms/step - loss: 0.5344 - val_loss: 0.5240
Epoch 235/500
35/35 - 2s - 55ms/step - loss: 0.5341 - val_loss: 0.5236
Epoch 236/500
35/35 - 2s - 55ms/step - loss: 0.5338 - val_loss: 0.5233
Epoch 237/500
35/35 - 2s - 55ms/step - loss: 0.5335 - val_loss: 0.5230
Epoch 238/500
35/35 - 2s - 55ms/step - loss: 0.5332 - val_loss: 0.5227
Epoch 239/500
35/35 - 2s - 55ms/step - loss: 0.5329 - val_loss: 0.5224
Epoch 240/500
35/35 - 2s - 55ms/step - loss: 0.5327 - val_loss: 0.5220
Epoch 241/500
35/35 - 2s - 55ms/step - loss: 0.5324 - val_loss: 0.5217
Epoch 242/500
35/35 - 2s - 55ms/step - loss: 0.5322 - val_loss: 0.5215
Epoch 243/500
35/35 - 2s - 55ms/step - loss: 0.5319 - val_loss: 0.5212
Epoch 244/500
35/35 - 2s - 55ms/step - loss: 0.5316 - val_loss: 0.5209
Epoch 245/500
35/35 - 2s - 56ms/step - loss: 0.5314 - val_loss: 0.5206
Epoch 246/500
35/35 - 2s - 55ms/step - loss: 0.5311 - val_loss: 0.5203
Epoch 247/500
35/35 - 2s - 55ms/step - loss: 0.5309 - val_loss: 0.5200
Epoch 248/500
35/35 - 2s - 55ms/step - loss: 0.5307 - val_loss: 0.5198
Epoch 249/500
35/35 - 2s - 55ms/step - loss: 0.5304 - val_loss: 0.5195
Epoch 250/500
35/35 - 2s - 55ms/step - loss: 0.5302 - val_loss: 0.5192
Epoch 251/500
35/35 - 2s - 55ms/step - loss: 0.5300 - val_loss: 0.5190
Epoch 252/500
35/35 - 2s - 55ms/step - loss: 0.5297 - val_loss: 0.5187
Epoch 253/500
35/35 - 2s - 55ms/step - loss: 0.5295 - val_loss: 0.5185
Epoch 254/500
35/35 - 2s - 55ms/step - loss: 0.5293 - val_loss: 0.5182
Epoch 255/500
35/35 - 2s - 55ms/step - loss: 0.5290 - val_loss: 0.5180
Epoch 256/500
35/35 - 2s - 55ms/step - loss: 0.5288 - val_loss: 0.5177
Epoch 257/500
35/35 - 2s - 55ms/step - loss: 0.5286 - val_loss: 0.5175
Epoch 258/500
35/35 - 2s - 55ms/step - loss: 0.5284 - val_loss: 0.5173
Epoch 259/500
35/35 - 2s - 55ms/step - loss: 0.5282 - val_loss: 0.5170
Epoch 260/500
35/35 - 2s - 55ms/step - loss: 0.5279 - val_loss: 0.5168
Epoch 261/500
35/35 - 2s - 55ms/step - loss: 0.5277 - val_loss: 0.5166
Epoch 262/500
35/35 - 2s - 56ms/step - loss: 0.5275 - val_loss: 0.5163
Epoch 263/500
35/35 - 2s - 55ms/step - loss: 0.5273 - val_loss: 0.5161
Epoch 264/500
35/35 - 2s - 55ms/step - loss: 0.5271 - val_loss: 0.5159
Epoch 265/500
35/35 - 2s - 55ms/step - loss: 0.5269 - val_loss: 0.5156
Epoch 266/500
35/35 - 2s - 55ms/step - loss: 0.5267 - val_loss: 0.5154
Epoch 267/500
35/35 - 2s - 55ms/step - loss: 0.5265 - val_loss: 0.5152
Epoch 268/500
35/35 - 2s - 55ms/step - loss: 0.5263 - val_loss: 0.5150
Epoch 269/500
35/35 - 2s - 55ms/step - loss: 0.5261 - val_loss: 0.5148
Epoch 270/500
35/35 - 2s - 56ms/step - loss: 0.5258 - val_loss: 0.5146
Epoch 271/500
35/35 - 2s - 55ms/step - loss: 0.5256 - val_loss: 0.5144
Epoch 272/500
35/35 - 2s - 55ms/step - loss: 0.5254 - val_loss: 0.5141
Epoch 273/500
35/35 - 2s - 55ms/step - loss: 0.5252 - val_loss: 0.5139
Epoch 274/500
35/35 - 2s - 55ms/step - loss: 0.5250 - val_loss: 0.5137
Epoch 275/500
35/35 - 2s - 55ms/step - loss: 0.5249 - val_loss: 0.5135
Epoch 276/500
35/35 - 2s - 55ms/step - loss: 0.5247 - val_loss: 0.5133
Epoch 277/500
35/35 - 2s - 56ms/step - loss: 0.5245 - val_loss: 0.5131
Epoch 278/500
35/35 - 2s - 55ms/step - loss: 0.5243 - val_loss: 0.5129
Epoch 279/500
35/35 - 2s - 55ms/step - loss: 0.5241 - val_loss: 0.5127
Epoch 280/500
35/35 - 2s - 56ms/step - loss: 0.5239 - val_loss: 0.5126
Epoch 281/500
35/35 - 2s - 57ms/step - loss: 0.5237 - val_loss: 0.5124
Epoch 282/500
35/35 - 2s - 55ms/step - loss: 0.5235 - val_loss: 0.5122
Epoch 283/500
35/35 - 2s - 55ms/step - loss: 0.5234 - val_loss: 0.5120
Epoch 284/500
35/35 - 2s - 55ms/step - loss: 0.5232 - val_loss: 0.5118
Epoch 285/500
35/35 - 2s - 55ms/step - loss: 0.5230 - val_loss: 0.5116
Epoch 286/500
35/35 - 2s - 55ms/step - loss: 0.5228 - val_loss: 0.5114
Epoch 287/500
35/35 - 2s - 55ms/step - loss: 0.5227 - val_loss: 0.5113
Epoch 288/500
35/35 - 2s - 55ms/step - loss: 0.5225 - val_loss: 0.5111
Epoch 289/500
35/35 - 2s - 55ms/step - loss: 0.5223 - val_loss: 0.5109
Epoch 290/500
35/35 - 2s - 55ms/step - loss: 0.5222 - val_loss: 0.5107
Epoch 291/500
35/35 - 2s - 55ms/step - loss: 0.5220 - val_loss: 0.5106
Epoch 292/500
35/35 - 2s - 55ms/step - loss: 0.5218 - val_loss: 0.5104
Epoch 293/500
35/35 - 2s - 55ms/step - loss: 0.5217 - val_loss: 0.5102
Epoch 294/500
35/35 - 2s - 55ms/step - loss: 0.5215 - val_loss: 0.5101
Epoch 295/500
35/35 - 2s - 55ms/step - loss: 0.5214 - val_loss: 0.5099
Epoch 296/500
35/35 - 2s - 55ms/step - loss: 0.5212 - val_loss: 0.5097
Epoch 297/500
35/35 - 2s - 55ms/step - loss: 0.5210 - val_loss: 0.5096
Epoch 298/500
35/35 - 2s - 56ms/step - loss: 0.5209 - val_loss: 0.5094
Epoch 299/500
35/35 - 2s - 55ms/step - loss: 0.5207 - val_loss: 0.5092
Epoch 300/500
35/35 - 2s - 55ms/step - loss: 0.5206 - val_loss: 0.5091
Epoch 301/500
35/35 - 2s - 55ms/step - loss: 0.5204 - val_loss: 0.5089
Epoch 302/500
35/35 - 2s - 55ms/step - loss: 0.5203 - val_loss: 0.5088
Epoch 303/500
35/35 - 2s - 55ms/step - loss: 0.5201 - val_loss: 0.5086
Epoch 304/500
35/35 - 2s - 55ms/step - loss: 0.5200 - val_loss: 0.5085
Epoch 305/500
35/35 - 2s - 55ms/step - loss: 0.5199 - val_loss: 0.5083
Epoch 306/500
35/35 - 2s - 55ms/step - loss: 0.5197 - val_loss: 0.5082
Epoch 307/500
35/35 - 2s - 55ms/step - loss: 0.5196 - val_loss: 0.5080
Epoch 308/500
35/35 - 2s - 55ms/step - loss: 0.5194 - val_loss: 0.5079
Epoch 309/500
35/35 - 2s - 56ms/step - loss: 0.5193 - val_loss: 0.5077
Epoch 310/500
35/35 - 2s - 55ms/step - loss: 0.5192 - val_loss: 0.5076
Epoch 311/500
35/35 - 2s - 55ms/step - loss: 0.5190 - val_loss: 0.5074
Epoch 312/500
35/35 - 2s - 55ms/step - loss: 0.5189 - val_loss: 0.5073
Epoch 313/500
35/35 - 2s - 55ms/step - loss: 0.5188 - val_loss: 0.5071
Epoch 314/500
35/35 - 2s - 56ms/step - loss: 0.5186 - val_loss: 0.5070
Epoch 315/500
35/35 - 2s - 55ms/step - loss: 0.5185 - val_loss: 0.5068
Epoch 316/500
35/35 - 2s - 55ms/step - loss: 0.5184 - val_loss: 0.5067
Epoch 317/500
35/35 - 2s - 55ms/step - loss: 0.5182 - val_loss: 0.5066
Epoch 318/500
35/35 - 2s - 55ms/step - loss: 0.5181 - val_loss: 0.5064
Epoch 319/500
35/35 - 2s - 55ms/step - loss: 0.5180 - val_loss: 0.5063
Epoch 320/500
35/35 - 2s - 55ms/step - loss: 0.5179 - val_loss: 0.5062
Epoch 321/500
35/35 - 2s - 55ms/step - loss: 0.5177 - val_loss: 0.5060
Epoch 322/500
35/35 - 2s - 55ms/step - loss: 0.5176 - val_loss: 0.5059
Epoch 323/500
35/35 - 2s - 55ms/step - loss: 0.5175 - val_loss: 0.5058
Epoch 324/500
35/35 - 2s - 55ms/step - loss: 0.5174 - val_loss: 0.5056
Epoch 325/500
35/35 - 2s - 55ms/step - loss: 0.5172 - val_loss: 0.5055
Epoch 326/500
35/35 - 2s - 55ms/step - loss: 0.5171 - val_loss: 0.5054
Epoch 327/500
35/35 - 2s - 55ms/step - loss: 0.5170 - val_loss: 0.5052
Epoch 328/500
35/35 - 2s - 55ms/step - loss: 0.5169 - val_loss: 0.5051
Epoch 329/500
35/35 - 2s - 55ms/step - loss: 0.5168 - val_loss: 0.5050
Epoch 330/500
35/35 - 2s - 55ms/step - loss: 0.5166 - val_loss: 0.5049
Epoch 331/500
35/35 - 2s - 55ms/step - loss: 0.5165 - val_loss: 0.5047
Epoch 332/500
35/35 - 2s - 55ms/step - loss: 0.5164 - val_loss: 0.5046
Epoch 333/500
35/35 - 2s - 55ms/step - loss: 0.5163 - val_loss: 0.5045
Epoch 334/500
35/35 - 2s - 55ms/step - loss: 0.5162 - val_loss: 0.5044
Epoch 335/500
35/35 - 2s - 55ms/step - loss: 0.5161 - val_loss: 0.5043
Epoch 336/500
35/35 - 2s - 55ms/step - loss: 0.5160 - val_loss: 0.5041
Epoch 337/500
35/35 - 2s - 55ms/step - loss: 0.5158 - val_loss: 0.5040
Epoch 338/500
35/35 - 2s - 55ms/step - loss: 0.5157 - val_loss: 0.5039
Epoch 339/500
35/35 - 2s - 55ms/step - loss: 0.5156 - val_loss: 0.5038
Epoch 340/500
35/35 - 2s - 56ms/step - loss: 0.5155 - val_loss: 0.5037
Epoch 341/500
35/35 - 2s - 55ms/step - loss: 0.5154 - val_loss: 0.5035
Epoch 342/500
35/35 - 2s - 55ms/step - loss: 0.5153 - val_loss: 0.5034
Epoch 343/500
35/35 - 2s - 55ms/step - loss: 0.5152 - val_loss: 0.5033
Epoch 344/500
35/35 - 2s - 55ms/step - loss: 0.5151 - val_loss: 0.5032
Epoch 345/500
35/35 - 2s - 55ms/step - loss: 0.5150 - val_loss: 0.5031
Epoch 346/500
35/35 - 2s - 55ms/step - loss: 0.5149 - val_loss: 0.5030
Epoch 347/500
35/35 - 2s - 55ms/step - loss: 0.5148 - val_loss: 0.5029
Epoch 348/500
35/35 - 2s - 55ms/step - loss: 0.5147 - val_loss: 0.5028
Epoch 349/500
35/35 - 2s - 55ms/step - loss: 0.5146 - val_loss: 0.5027
Epoch 350/500
35/35 - 2s - 55ms/step - loss: 0.5145 - val_loss: 0.5025
Epoch 351/500
35/35 - 2s - 55ms/step - loss: 0.5144 - val_loss: 0.5024
Epoch 352/500
35/35 - 2s - 55ms/step - loss: 0.5143 - val_loss: 0.5023
Epoch 353/500
35/35 - 2s - 56ms/step - loss: 0.5142 - val_loss: 0.5022
Epoch 354/500
35/35 - 2s - 55ms/step - loss: 0.5141 - val_loss: 0.5021
Epoch 355/500
35/35 - 2s - 55ms/step - loss: 0.5140 - val_loss: 0.5020
Epoch 356/500
35/35 - 2s - 55ms/step - loss: 0.5139 - val_loss: 0.5019
Epoch 357/500
35/35 - 2s - 55ms/step - loss: 0.5138 - val_loss: 0.5018
Epoch 358/500
35/35 - 2s - 55ms/step - loss: 0.5137 - val_loss: 0.5017
Epoch 359/500
35/35 - 2s - 55ms/step - loss: 0.5136 - val_loss: 0.5016
Epoch 360/500
35/35 - 2s - 55ms/step - loss: 0.5135 - val_loss: 0.5015
Epoch 361/500
35/35 - 2s - 55ms/step - loss: 0.5134 - val_loss: 0.5014
Epoch 362/500
35/35 - 2s - 55ms/step - loss: 0.5133 - val_loss: 0.5013
Epoch 363/500
35/35 - 2s - 55ms/step - loss: 0.5132 - val_loss: 0.5012
Epoch 364/500
35/35 - 2s - 55ms/step - loss: 0.5131 - val_loss: 0.5011
Epoch 365/500
35/35 - 2s - 55ms/step - loss: 0.5131 - val_loss: 0.5010
Epoch 366/500
35/35 - 2s - 55ms/step - loss: 0.5130 - val_loss: 0.5009
Epoch 367/500
35/35 - 2s - 55ms/step - loss: 0.5129 - val_loss: 0.5008
Epoch 368/500
35/35 - 2s - 55ms/step - loss: 0.5128 - val_loss: 0.5007
Epoch 369/500
35/35 - 2s - 55ms/step - loss: 0.5127 - val_loss: 0.5006
Epoch 370/500
35/35 - 2s - 55ms/step - loss: 0.5126 - val_loss: 0.5005
Epoch 371/500
35/35 - 2s - 55ms/step - loss: 0.5125 - val_loss: 0.5005
Epoch 372/500
35/35 - 2s - 56ms/step - loss: 0.5124 - val_loss: 0.5004
Epoch 373/500
35/35 - 2s - 55ms/step - loss: 0.5123 - val_loss: 0.5003
Epoch 374/500
35/35 - 2s - 55ms/step - loss: 0.5123 - val_loss: 0.5002
Epoch 375/500
35/35 - 2s - 55ms/step - loss: 0.5122 - val_loss: 0.5001
Epoch 376/500
35/35 - 2s - 55ms/step - loss: 0.5121 - val_loss: 0.5000
Epoch 377/500
35/35 - 2s - 55ms/step - loss: 0.5120 - val_loss: 0.4999
Epoch 378/500
35/35 - 2s - 55ms/step - loss: 0.5119 - val_loss: 0.4998
Epoch 379/500
35/35 - 2s - 55ms/step - loss: 0.5118 - val_loss: 0.4997
Epoch 380/500
35/35 - 2s - 55ms/step - loss: 0.5118 - val_loss: 0.4996
Epoch 381/500
35/35 - 2s - 55ms/step - loss: 0.5117 - val_loss: 0.4996
Epoch 382/500
35/35 - 2s - 55ms/step - loss: 0.5116 - val_loss: 0.4995
Epoch 383/500
35/35 - 2s - 55ms/step - loss: 0.5115 - val_loss: 0.4994
Epoch 384/500
35/35 - 2s - 55ms/step - loss: 0.5114 - val_loss: 0.4993
Epoch 385/500
35/35 - 2s - 55ms/step - loss: 0.5114 - val_loss: 0.4992
Epoch 386/500
35/35 - 2s - 55ms/step - loss: 0.5113 - val_loss: 0.4991
Epoch 387/500
35/35 - 2s - 55ms/step - loss: 0.5112 - val_loss: 0.4991
Epoch 388/500
35/35 - 2s - 55ms/step - loss: 0.5111 - val_loss: 0.4990
Epoch 389/500
35/35 - 2s - 55ms/step - loss: 0.5110 - val_loss: 0.4989
Epoch 390/500
35/35 - 2s - 55ms/step - loss: 0.5110 - val_loss: 0.4988
Epoch 391/500
35/35 - 2s - 55ms/step - loss: 0.5109 - val_loss: 0.4987
Epoch 392/500
35/35 - 2s - 55ms/step - loss: 0.5108 - val_loss: 0.4986
Epoch 393/500
35/35 - 2s - 55ms/step - loss: 0.5107 - val_loss: 0.4986
Epoch 394/500
35/35 - 2s - 55ms/step - loss: 0.5107 - val_loss: 0.4985
Epoch 395/500
35/35 - 2s - 55ms/step - loss: 0.5106 - val_loss: 0.4984
Epoch 396/500
35/35 - 2s - 55ms/step - loss: 0.5105 - val_loss: 0.4983
Epoch 397/500
35/35 - 2s - 55ms/step - loss: 0.5104 - val_loss: 0.4983
Epoch 398/500
35/35 - 2s - 55ms/step - loss: 0.5104 - val_loss: 0.4982
Epoch 399/500
35/35 - 2s - 55ms/step - loss: 0.5103 - val_loss: 0.4981
Epoch 400/500
35/35 - 2s - 55ms/step - loss: 0.5102 - val_loss: 0.4980
Epoch 401/500
35/35 - 2s - 55ms/step - loss: 0.5101 - val_loss: 0.4979
Epoch 402/500
35/35 - 2s - 55ms/step - loss: 0.5101 - val_loss: 0.4979
Epoch 403/500
35/35 - 2s - 56ms/step - loss: 0.5100 - val_loss: 0.4978
Epoch 404/500
35/35 - 2s - 55ms/step - loss: 0.5099 - val_loss: 0.4977
Epoch 405/500
35/35 - 2s - 55ms/step - loss: 0.5099 - val_loss: 0.4976
Epoch 406/500
35/35 - 2s - 55ms/step - loss: 0.5098 - val_loss: 0.4976
Epoch 407/500
35/35 - 2s - 55ms/step - loss: 0.5097 - val_loss: 0.4975
Epoch 408/500
35/35 - 2s - 56ms/step - loss: 0.5096 - val_loss: 0.4974
Epoch 409/500
35/35 - 2s - 55ms/step - loss: 0.5096 - val_loss: 0.4974
Epoch 410/500
35/35 - 2s - 55ms/step - loss: 0.5095 - val_loss: 0.4973
Epoch 411/500
35/35 - 2s - 55ms/step - loss: 0.5094 - val_loss: 0.4972
Epoch 412/500
35/35 - 2s - 55ms/step - loss: 0.5094 - val_loss: 0.4971
Epoch 413/500
35/35 - 2s - 55ms/step - loss: 0.5093 - val_loss: 0.4971
Epoch 414/500
35/35 - 2s - 55ms/step - loss: 0.5092 - val_loss: 0.4970
Epoch 415/500
35/35 - 2s - 55ms/step - loss: 0.5092 - val_loss: 0.4969
Epoch 416/500
35/35 - 2s - 55ms/step - loss: 0.5091 - val_loss: 0.4969
Epoch 417/500
35/35 - 2s - 55ms/step - loss: 0.5090 - val_loss: 0.4968
Epoch 418/500
35/35 - 2s - 55ms/step - loss: 0.5090 - val_loss: 0.4967
Epoch 419/500
35/35 - 2s - 55ms/step - loss: 0.5089 - val_loss: 0.4967
Epoch 420/500
35/35 - 2s - 55ms/step - loss: 0.5088 - val_loss: 0.4966
Epoch 421/500
35/35 - 2s - 55ms/step - loss: 0.5088 - val_loss: 0.4965
Epoch 422/500
35/35 - 2s - 55ms/step - loss: 0.5087 - val_loss: 0.4965
Epoch 423/500
35/35 - 2s - 55ms/step - loss: 0.5087 - val_loss: 0.4964
Epoch 424/500
35/35 - 2s - 55ms/step - loss: 0.5086 - val_loss: 0.4963
Epoch 425/500
35/35 - 2s - 55ms/step - loss: 0.5085 - val_loss: 0.4963
Epoch 426/500
35/35 - 2s - 55ms/step - loss: 0.5085 - val_loss: 0.4962
Epoch 427/500
35/35 - 2s - 55ms/step - loss: 0.5084 - val_loss: 0.4961
Epoch 428/500
35/35 - 2s - 55ms/step - loss: 0.5083 - val_loss: 0.4961
Epoch 429/500
35/35 - 2s - 55ms/step - loss: 0.5083 - val_loss: 0.4960
Epoch 430/500
35/35 - 2s - 55ms/step - loss: 0.5082 - val_loss: 0.4960
Epoch 431/500
35/35 - 2s - 55ms/step - loss: 0.5081 - val_loss: 0.4959
Epoch 432/500
35/35 - 2s - 55ms/step - loss: 0.5081 - val_loss: 0.4958
Epoch 433/500
35/35 - 2s - 55ms/step - loss: 0.5080 - val_loss: 0.4958
Epoch 434/500
35/35 - 2s - 55ms/step - loss: 0.5080 - val_loss: 0.4957
Epoch 435/500
35/35 - 2s - 56ms/step - loss: 0.5079 - val_loss: 0.4956
Epoch 436/500
35/35 - 2s - 55ms/step - loss: 0.5078 - val_loss: 0.4956
Epoch 437/500
35/35 - 2s - 55ms/step - loss: 0.5078 - val_loss: 0.4955
Epoch 438/500
35/35 - 2s - 55ms/step - loss: 0.5077 - val_loss: 0.4955
Epoch 439/500
35/35 - 2s - 55ms/step - loss: 0.5077 - val_loss: 0.4954
Epoch 440/500
35/35 - 2s - 55ms/step - loss: 0.5076 - val_loss: 0.4954
Epoch 441/500
35/35 - 2s - 55ms/step - loss: 0.5076 - val_loss: 0.4953
Epoch 442/500
35/35 - 2s - 55ms/step - loss: 0.5075 - val_loss: 0.4952
Epoch 443/500
35/35 - 2s - 55ms/step - loss: 0.5074 - val_loss: 0.4952
Epoch 444/500
35/35 - 2s - 55ms/step - loss: 0.5074 - val_loss: 0.4951
Epoch 445/500
35/35 - 2s - 55ms/step - loss: 0.5073 - val_loss: 0.4951
Epoch 446/500
35/35 - 2s - 55ms/step - loss: 0.5073 - val_loss: 0.4950
Epoch 447/500
35/35 - 2s - 55ms/step - loss: 0.5072 - val_loss: 0.4950
Epoch 448/500
35/35 - 2s - 55ms/step - loss: 0.5072 - val_loss: 0.4949
Epoch 449/500
35/35 - 2s - 55ms/step - loss: 0.5071 - val_loss: 0.4948
Epoch 450/500
35/35 - 2s - 55ms/step - loss: 0.5070 - val_loss: 0.4948
Epoch 451/500
35/35 - 2s - 55ms/step - loss: 0.5070 - val_loss: 0.4947
Epoch 452/500
35/35 - 2s - 56ms/step - loss: 0.5069 - val_loss: 0.4947
Epoch 453/500
35/35 - 2s - 55ms/step - loss: 0.5069 - val_loss: 0.4946
Epoch 454/500
35/35 - 2s - 55ms/step - loss: 0.5068 - val_loss: 0.4946
Epoch 455/500
35/35 - 2s - 55ms/step - loss: 0.5068 - val_loss: 0.4945
Epoch 456/500
35/35 - 2s - 55ms/step - loss: 0.5067 - val_loss: 0.4945
Epoch 457/500
35/35 - 2s - 55ms/step - loss: 0.5067 - val_loss: 0.4944
Epoch 458/500
35/35 - 2s - 55ms/step - loss: 0.5066 - val_loss: 0.4944
Epoch 459/500
35/35 - 2s - 55ms/step - loss: 0.5065 - val_loss: 0.4943
Epoch 460/500
35/35 - 2s - 55ms/step - loss: 0.5065 - val_loss: 0.4943
Epoch 461/500
35/35 - 2s - 55ms/step - loss: 0.5064 - val_loss: 0.4942
Epoch 462/500
35/35 - 2s - 55ms/step - loss: 0.5064 - val_loss: 0.4942
Epoch 463/500
35/35 - 2s - 55ms/step - loss: 0.5063 - val_loss: 0.4941
Epoch 464/500
35/35 - 2s - 55ms/step - loss: 0.5063 - val_loss: 0.4940
Epoch 465/500
35/35 - 2s - 55ms/step - loss: 0.5062 - val_loss: 0.4940
Epoch 466/500
35/35 - 2s - 55ms/step - loss: 0.5062 - val_loss: 0.4939
Epoch 467/500
35/35 - 2s - 56ms/step - loss: 0.5061 - val_loss: 0.4939
Epoch 468/500
35/35 - 2s - 55ms/step - loss: 0.5061 - val_loss: 0.4939
Epoch 469/500
35/35 - 2s - 55ms/step - loss: 0.5060 - val_loss: 0.4938
Epoch 470/500
35/35 - 2s - 55ms/step - loss: 0.5060 - val_loss: 0.4938
Epoch 471/500
35/35 - 2s - 55ms/step - loss: 0.5059 - val_loss: 0.4937
Epoch 472/500
35/35 - 2s - 55ms/step - loss: 0.5059 - val_loss: 0.4937
Epoch 473/500
35/35 - 2s - 55ms/step - loss: 0.5058 - val_loss: 0.4936
Epoch 474/500
35/35 - 2s - 55ms/step - loss: 0.5058 - val_loss: 0.4936
Epoch 475/500
35/35 - 2s - 55ms/step - loss: 0.5057 - val_loss: 0.4935
Epoch 476/500
35/35 - 2s - 55ms/step - loss: 0.5057 - val_loss: 0.4935
Epoch 477/500
35/35 - 2s - 55ms/step - loss: 0.5056 - val_loss: 0.4934
Epoch 478/500
35/35 - 2s - 55ms/step - loss: 0.5056 - val_loss: 0.4934
Epoch 479/500
35/35 - 2s - 55ms/step - loss: 0.5055 - val_loss: 0.4933
Epoch 480/500
35/35 - 2s - 55ms/step - loss: 0.5055 - val_loss: 0.4933
Epoch 481/500
35/35 - 2s - 55ms/step - loss: 0.5054 - val_loss: 0.4932
Epoch 482/500
35/35 - 2s - 55ms/step - loss: 0.5054 - val_loss: 0.4932
Epoch 483/500
35/35 - 2s - 55ms/step - loss: 0.5053 - val_loss: 0.4932
Epoch 484/500
35/35 - 2s - 55ms/step - loss: 0.5053 - val_loss: 0.4931
Epoch 485/500
35/35 - 2s - 55ms/step - loss: 0.5052 - val_loss: 0.4931
Epoch 486/500
35/35 - 2s - 55ms/step - loss: 0.5052 - val_loss: 0.4930
Epoch 487/500
35/35 - 2s - 55ms/step - loss: 0.5051 - val_loss: 0.4930
Epoch 488/500
35/35 - 2s - 55ms/step - loss: 0.5051 - val_loss: 0.4929
Epoch 489/500
35/35 - 2s - 55ms/step - loss: 0.5050 - val_loss: 0.4929
Epoch 490/500
35/35 - 2s - 55ms/step - loss: 0.5050 - val_loss: 0.4929
Epoch 491/500
35/35 - 2s - 55ms/step - loss: 0.5050 - val_loss: 0.4928
Epoch 492/500
35/35 - 2s - 55ms/step - loss: 0.5049 - val_loss: 0.4928
Epoch 493/500
35/35 - 2s - 55ms/step - loss: 0.5049 - val_loss: 0.4927
Epoch 494/500
35/35 - 2s - 55ms/step - loss: 0.5048 - val_loss: 0.4927
Epoch 495/500
35/35 - 2s - 55ms/step - loss: 0.5048 - val_loss: 0.4927
Epoch 496/500
35/35 - 2s - 55ms/step - loss: 0.5047 - val_loss: 0.4926
Epoch 497/500
35/35 - 2s - 55ms/step - loss: 0.5047 - val_loss: 0.4926
Epoch 498/500
35/35 - 2s - 56ms/step - loss: 0.5046 - val_loss: 0.4925
Epoch 499/500
35/35 - 2s - 55ms/step - loss: 0.5046 - val_loss: 0.4925
Epoch 500/500
35/35 - 2s - 55ms/step - loss: 0.5045 - val_loss: 0.4925
[Run 2/5] Training single encoder baseline (baseline preprocessing, linear structure, sigmoid head)...
/Users/albert/Downloads/Documents/PhD Thesis/Comparable/.venv/lib/python3.12/site-packages/sklearn/linear_model/_linear_loss.py:203: RuntimeWarning: divide by zero encountered in matmul
  raw_prediction = X @ weights + intercept
/Users/albert/Downloads/Documents/PhD Thesis/Comparable/.venv/lib/python3.12/site-packages/sklearn/linear_model/_linear_loss.py:203: RuntimeWarning: overflow encountered in matmul
  raw_prediction = X @ weights + intercept
/Users/albert/Downloads/Documents/PhD Thesis/Comparable/.venv/lib/python3.12/site-packages/sklearn/linear_model/_linear_loss.py:203: RuntimeWarning: invalid value encountered in matmul
  raw_prediction = X @ weights + intercept
/Users/albert/Downloads/Documents/PhD Thesis/Comparable/.venv/lib/python3.12/site-packages/sklearn/linear_model/_linear_loss.py:333: RuntimeWarning: divide by zero encountered in matmul
  grad[:n_features] = X.T @ grad_pointwise + l2_reg_strength * weights
/Users/albert/Downloads/Documents/PhD Thesis/Comparable/.venv/lib/python3.12/site-packages/sklearn/linear_model/_linear_loss.py:333: RuntimeWarning: overflow encountered in matmul
  grad[:n_features] = X.T @ grad_pointwise + l2_reg_strength * weights
/Users/albert/Downloads/Documents/PhD Thesis/Comparable/.venv/lib/python3.12/site-packages/sklearn/linear_model/_linear_loss.py:333: RuntimeWarning: invalid value encountered in matmul
  grad[:n_features] = X.T @ grad_pointwise + l2_reg_strength * weights
/Users/albert/Downloads/Documents/PhD Thesis/Comparable/.venv/lib/python3.12/site-packages/sklearn/utils/extmath.py:227: RuntimeWarning: divide by zero encountered in matmul
  ret = a @ b
/Users/albert/Downloads/Documents/PhD Thesis/Comparable/.venv/lib/python3.12/site-packages/sklearn/utils/extmath.py:227: RuntimeWarning: overflow encountered in matmul
  ret = a @ b
/Users/albert/Downloads/Documents/PhD Thesis/Comparable/.venv/lib/python3.12/site-packages/sklearn/utils/extmath.py:227: RuntimeWarning: invalid value encountered in matmul
  ret = a @ b
[Run 2/5] Shared encoder (unweight) validation threshold=0.3917 (balanced_accuracy=0.7585).
[Run 2/5] Shared encoder (weighted) validation threshold=0.4538 (balanced_accuracy=0.7576).
/Users/albert/Downloads/Documents/PhD Thesis/Comparable/Code/Synthetic/synthetic.py:106: Pandas4Warning: For backward compatibility, 'str' dtypes are included by select_dtypes when 'object' dtype is specified. This behavior is deprecated and will be removed in a future version. Explicitly pass 'str' to `include` to select them, or to `exclude` to remove them and silence this warning.
See https://pandas.pydata.org/docs/user_guide/migration-3-strings.html#string-migration-select-dtypes for details on how to write code that works with pandas 2 and 3.
  text_cols = df.select_dtypes(include="object").columns
[Run 3/5] Training shared encoder (unweighted, sigmoid head, baseline preprocessing)...
/Users/albert/Downloads/Documents/PhD Thesis/Comparable/.venv/lib/python3.12/site-packages/keras/src/trainers/trainer.py:212: UserWarning: Model doesn't support `jit_compile=True`. Proceeding with `jit_compile=False`.
  warnings.warn(
Epoch 1/500
36/36 - 2s - 60ms/step - loss: 0.9522 - val_loss: 0.9401
Epoch 2/500
36/36 - 2s - 52ms/step - loss: 0.9270 - val_loss: 0.9135
Epoch 3/500
36/36 - 2s - 51ms/step - loss: 0.9026 - val_loss: 0.8879
Epoch 4/500
36/36 - 2s - 52ms/step - loss: 0.8795 - val_loss: 0.8638
Epoch 5/500
36/36 - 2s - 50ms/step - loss: 0.8581 - val_loss: 0.8416
Epoch 6/500
36/36 - 2s - 51ms/step - loss: 0.8384 - val_loss: 0.8214
Epoch 7/500
36/36 - 2s - 50ms/step - loss: 0.8205 - val_loss: 0.8029
Epoch 8/500
36/36 - 2s - 50ms/step - loss: 0.8041 - val_loss: 0.7863
Epoch 9/500
36/36 - 2s - 50ms/step - loss: 0.7893 - val_loss: 0.7712
Epoch 10/500
36/36 - 2s - 50ms/step - loss: 0.7760 - val_loss: 0.7577
Epoch 11/500
36/36 - 2s - 50ms/step - loss: 0.7640 - val_loss: 0.7456
Epoch 12/500
36/36 - 2s - 50ms/step - loss: 0.7531 - val_loss: 0.7347
Epoch 13/500
36/36 - 2s - 50ms/step - loss: 0.7434 - val_loss: 0.7248
Epoch 14/500
36/36 - 2s - 50ms/step - loss: 0.7344 - val_loss: 0.7158
Epoch 15/500
36/36 - 2s - 50ms/step - loss: 0.7262 - val_loss: 0.7075
Epoch 16/500
36/36 - 2s - 50ms/step - loss: 0.7186 - val_loss: 0.7000
Epoch 17/500
36/36 - 2s - 50ms/step - loss: 0.7117 - val_loss: 0.6934
Epoch 18/500
36/36 - 2s - 50ms/step - loss: 0.7055 - val_loss: 0.6874
Epoch 19/500
36/36 - 2s - 50ms/step - loss: 0.6999 - val_loss: 0.6820
Epoch 20/500
36/36 - 2s - 50ms/step - loss: 0.6947 - val_loss: 0.6771
Epoch 21/500
36/36 - 2s - 50ms/step - loss: 0.6900 - val_loss: 0.6726
Epoch 22/500
36/36 - 2s - 49ms/step - loss: 0.6857 - val_loss: 0.6685
Epoch 23/500
36/36 - 2s - 51ms/step - loss: 0.6816 - val_loss: 0.6646
Epoch 24/500
36/36 - 2s - 50ms/step - loss: 0.6778 - val_loss: 0.6609
Epoch 25/500
36/36 - 2s - 49ms/step - loss: 0.6743 - val_loss: 0.6575
Epoch 26/500
36/36 - 2s - 49ms/step - loss: 0.6709 - val_loss: 0.6542
Epoch 27/500
36/36 - 2s - 50ms/step - loss: 0.6678 - val_loss: 0.6511
Epoch 28/500
36/36 - 2s - 49ms/step - loss: 0.6647 - val_loss: 0.6481
Epoch 29/500
36/36 - 2s - 49ms/step - loss: 0.6618 - val_loss: 0.6453
Epoch 30/500
36/36 - 2s - 50ms/step - loss: 0.6590 - val_loss: 0.6425
Epoch 31/500
36/36 - 2s - 50ms/step - loss: 0.6563 - val_loss: 0.6399
Epoch 32/500
36/36 - 2s - 50ms/step - loss: 0.6537 - val_loss: 0.6373
Epoch 33/500
36/36 - 2s - 50ms/step - loss: 0.6512 - val_loss: 0.6348
Epoch 34/500
36/36 - 2s - 50ms/step - loss: 0.6487 - val_loss: 0.6324
Epoch 35/500
36/36 - 2s - 50ms/step - loss: 0.6463 - val_loss: 0.6301
Epoch 36/500
36/36 - 2s - 49ms/step - loss: 0.6440 - val_loss: 0.6278
Epoch 37/500
36/36 - 2s - 49ms/step - loss: 0.6418 - val_loss: 0.6256
Epoch 38/500
36/36 - 2s - 50ms/step - loss: 0.6396 - val_loss: 0.6235
Epoch 39/500
36/36 - 2s - 50ms/step - loss: 0.6375 - val_loss: 0.6214
Epoch 40/500
36/36 - 2s - 50ms/step - loss: 0.6355 - val_loss: 0.6194
Epoch 41/500
36/36 - 2s - 50ms/step - loss: 0.6334 - val_loss: 0.6174
Epoch 42/500
36/36 - 2s - 50ms/step - loss: 0.6315 - val_loss: 0.6155
Epoch 43/500
36/36 - 2s - 50ms/step - loss: 0.6296 - val_loss: 0.6136
Epoch 44/500
36/36 - 2s - 50ms/step - loss: 0.6277 - val_loss: 0.6118
Epoch 45/500
36/36 - 2s - 50ms/step - loss: 0.6259 - val_loss: 0.6100
Epoch 46/500
36/36 - 2s - 50ms/step - loss: 0.6241 - val_loss: 0.6083
Epoch 47/500
36/36 - 2s - 50ms/step - loss: 0.6224 - val_loss: 0.6066
Epoch 48/500
36/36 - 2s - 50ms/step - loss: 0.6207 - val_loss: 0.6050
Epoch 49/500
36/36 - 2s - 50ms/step - loss: 0.6191 - val_loss: 0.6033
Epoch 50/500
36/36 - 2s - 50ms/step - loss: 0.6174 - val_loss: 0.6018
Epoch 51/500
36/36 - 2s - 50ms/step - loss: 0.6159 - val_loss: 0.6002
Epoch 52/500
36/36 - 2s - 50ms/step - loss: 0.6143 - val_loss: 0.5987
Epoch 53/500
36/36 - 2s - 50ms/step - loss: 0.6128 - val_loss: 0.5972
Epoch 54/500
36/36 - 2s - 50ms/step - loss: 0.6113 - val_loss: 0.5958
Epoch 55/500
36/36 - 2s - 50ms/step - loss: 0.6099 - val_loss: 0.5943
Epoch 56/500
36/36 - 2s - 50ms/step - loss: 0.6085 - val_loss: 0.5929
Epoch 57/500
36/36 - 2s - 51ms/step - loss: 0.6071 - val_loss: 0.5916
Epoch 58/500
36/36 - 2s - 50ms/step - loss: 0.6057 - val_loss: 0.5902
Epoch 59/500
36/36 - 2s - 50ms/step - loss: 0.6044 - val_loss: 0.5889
Epoch 60/500
36/36 - 2s - 50ms/step - loss: 0.6031 - val_loss: 0.5876
Epoch 61/500
36/36 - 2s - 50ms/step - loss: 0.6018 - val_loss: 0.5864
Epoch 62/500
36/36 - 2s - 50ms/step - loss: 0.6005 - val_loss: 0.5851
Epoch 63/500
36/36 - 2s - 50ms/step - loss: 0.5993 - val_loss: 0.5839
Epoch 64/500
36/36 - 2s - 50ms/step - loss: 0.5981 - val_loss: 0.5827
Epoch 65/500
36/36 - 2s - 50ms/step - loss: 0.5969 - val_loss: 0.5815
Epoch 66/500
36/36 - 2s - 49ms/step - loss: 0.5957 - val_loss: 0.5804
Epoch 67/500
36/36 - 2s - 50ms/step - loss: 0.5946 - val_loss: 0.5792
Epoch 68/500
36/36 - 2s - 50ms/step - loss: 0.5935 - val_loss: 0.5781
Epoch 69/500
36/36 - 2s - 50ms/step - loss: 0.5924 - val_loss: 0.5770
Epoch 70/500
36/36 - 2s - 50ms/step - loss: 0.5913 - val_loss: 0.5759
Epoch 71/500
36/36 - 2s - 50ms/step - loss: 0.5902 - val_loss: 0.5748
Epoch 72/500
36/36 - 2s - 50ms/step - loss: 0.5892 - val_loss: 0.5738
Epoch 73/500
36/36 - 2s - 50ms/step - loss: 0.5882 - val_loss: 0.5728
Epoch 74/500
36/36 - 2s - 50ms/step - loss: 0.5871 - val_loss: 0.5718
Epoch 75/500
36/36 - 2s - 49ms/step - loss: 0.5861 - val_loss: 0.5708
Epoch 76/500
36/36 - 2s - 50ms/step - loss: 0.5852 - val_loss: 0.5698
Epoch 77/500
36/36 - 2s - 50ms/step - loss: 0.5842 - val_loss: 0.5688
Epoch 78/500
36/36 - 2s - 50ms/step - loss: 0.5833 - val_loss: 0.5678
Epoch 79/500
36/36 - 2s - 50ms/step - loss: 0.5823 - val_loss: 0.5669
Epoch 80/500
36/36 - 2s - 50ms/step - loss: 0.5814 - val_loss: 0.5660
Epoch 81/500
36/36 - 2s - 50ms/step - loss: 0.5805 - val_loss: 0.5651
Epoch 82/500
36/36 - 2s - 50ms/step - loss: 0.5796 - val_loss: 0.5642
Epoch 83/500
36/36 - 2s - 50ms/step - loss: 0.5787 - val_loss: 0.5633
Epoch 84/500
36/36 - 2s - 50ms/step - loss: 0.5779 - val_loss: 0.5624
Epoch 85/500
36/36 - 2s - 50ms/step - loss: 0.5770 - val_loss: 0.5616
Epoch 86/500
36/36 - 2s - 50ms/step - loss: 0.5762 - val_loss: 0.5607
Epoch 87/500
36/36 - 2s - 50ms/step - loss: 0.5754 - val_loss: 0.5599
Epoch 88/500
36/36 - 2s - 50ms/step - loss: 0.5746 - val_loss: 0.5591
Epoch 89/500
36/36 - 2s - 50ms/step - loss: 0.5737 - val_loss: 0.5583
Epoch 90/500
36/36 - 2s - 50ms/step - loss: 0.5730 - val_loss: 0.5575
Epoch 91/500
36/36 - 2s - 51ms/step - loss: 0.5722 - val_loss: 0.5567
Epoch 92/500
36/36 - 2s - 50ms/step - loss: 0.5714 - val_loss: 0.5559
Epoch 93/500
36/36 - 2s - 51ms/step - loss: 0.5707 - val_loss: 0.5551
Epoch 94/500
36/36 - 2s - 50ms/step - loss: 0.5699 - val_loss: 0.5544
Epoch 95/500
36/36 - 2s - 49ms/step - loss: 0.5692 - val_loss: 0.5537
Epoch 96/500
36/36 - 2s - 50ms/step - loss: 0.5684 - val_loss: 0.5529
Epoch 97/500
36/36 - 2s - 49ms/step - loss: 0.5677 - val_loss: 0.5522
Epoch 98/500
36/36 - 2s - 49ms/step - loss: 0.5670 - val_loss: 0.5515
Epoch 99/500
36/36 - 2s - 50ms/step - loss: 0.5663 - val_loss: 0.5508
Epoch 100/500
36/36 - 2s - 50ms/step - loss: 0.5656 - val_loss: 0.5501
Epoch 101/500
36/36 - 2s - 50ms/step - loss: 0.5650 - val_loss: 0.5494
Epoch 102/500
36/36 - 2s - 49ms/step - loss: 0.5643 - val_loss: 0.5487
Epoch 103/500
36/36 - 2s - 50ms/step - loss: 0.5636 - val_loss: 0.5481
Epoch 104/500
36/36 - 2s - 50ms/step - loss: 0.5630 - val_loss: 0.5474
Epoch 105/500
36/36 - 2s - 50ms/step - loss: 0.5623 - val_loss: 0.5468
Epoch 106/500
36/36 - 2s - 50ms/step - loss: 0.5617 - val_loss: 0.5461
Epoch 107/500
36/36 - 2s - 50ms/step - loss: 0.5611 - val_loss: 0.5455
Epoch 108/500
36/36 - 2s - 50ms/step - loss: 0.5605 - val_loss: 0.5449
Epoch 109/500
36/36 - 2s - 50ms/step - loss: 0.5599 - val_loss: 0.5442
Epoch 110/500
36/36 - 2s - 50ms/step - loss: 0.5593 - val_loss: 0.5436
Epoch 111/500
36/36 - 2s - 50ms/step - loss: 0.5587 - val_loss: 0.5430
Epoch 112/500
36/36 - 2s - 50ms/step - loss: 0.5581 - val_loss: 0.5424
Epoch 113/500
36/36 - 2s - 50ms/step - loss: 0.5575 - val_loss: 0.5418
Epoch 114/500
36/36 - 2s - 50ms/step - loss: 0.5569 - val_loss: 0.5412
Epoch 115/500
36/36 - 2s - 50ms/step - loss: 0.5564 - val_loss: 0.5407
Epoch 116/500
36/36 - 2s - 50ms/step - loss: 0.5558 - val_loss: 0.5401
Epoch 117/500
36/36 - 2s - 50ms/step - loss: 0.5553 - val_loss: 0.5395
Epoch 118/500
36/36 - 2s - 50ms/step - loss: 0.5547 - val_loss: 0.5390
Epoch 119/500
36/36 - 2s - 49ms/step - loss: 0.5542 - val_loss: 0.5384
Epoch 120/500
36/36 - 2s - 50ms/step - loss: 0.5537 - val_loss: 0.5379
Epoch 121/500
36/36 - 2s - 50ms/step - loss: 0.5531 - val_loss: 0.5373
Epoch 122/500
36/36 - 2s - 50ms/step - loss: 0.5526 - val_loss: 0.5368
Epoch 123/500
36/36 - 2s - 50ms/step - loss: 0.5521 - val_loss: 0.5362
Epoch 124/500
36/36 - 2s - 50ms/step - loss: 0.5516 - val_loss: 0.5357
Epoch 125/500
36/36 - 2s - 51ms/step - loss: 0.5511 - val_loss: 0.5352
Epoch 126/500
36/36 - 2s - 50ms/step - loss: 0.5506 - val_loss: 0.5347
Epoch 127/500
36/36 - 2s - 50ms/step - loss: 0.5501 - val_loss: 0.5342
Epoch 128/500
36/36 - 2s - 50ms/step - loss: 0.5497 - val_loss: 0.5336
Epoch 129/500
36/36 - 2s - 50ms/step - loss: 0.5492 - val_loss: 0.5331
Epoch 130/500
36/36 - 2s - 50ms/step - loss: 0.5487 - val_loss: 0.5326
Epoch 131/500
36/36 - 2s - 50ms/step - loss: 0.5482 - val_loss: 0.5321
Epoch 132/500
36/36 - 2s - 50ms/step - loss: 0.5478 - val_loss: 0.5316
Epoch 133/500
36/36 - 2s - 50ms/step - loss: 0.5473 - val_loss: 0.5312
Epoch 134/500
36/36 - 2s - 50ms/step - loss: 0.5469 - val_loss: 0.5307
Epoch 135/500
36/36 - 2s - 50ms/step - loss: 0.5464 - val_loss: 0.5302
Epoch 136/500
36/36 - 2s - 50ms/step - loss: 0.5460 - val_loss: 0.5297
Epoch 137/500
36/36 - 2s - 50ms/step - loss: 0.5456 - val_loss: 0.5293
Epoch 138/500
36/36 - 2s - 50ms/step - loss: 0.5451 - val_loss: 0.5288
Epoch 139/500
36/36 - 2s - 49ms/step - loss: 0.5447 - val_loss: 0.5283
Epoch 140/500
36/36 - 2s - 50ms/step - loss: 0.5443 - val_loss: 0.5279
Epoch 141/500
36/36 - 2s - 50ms/step - loss: 0.5439 - val_loss: 0.5274
Epoch 142/500
36/36 - 2s - 50ms/step - loss: 0.5434 - val_loss: 0.5270
Epoch 143/500
36/36 - 2s - 50ms/step - loss: 0.5430 - val_loss: 0.5265
Epoch 144/500
36/36 - 2s - 50ms/step - loss: 0.5426 - val_loss: 0.5261
Epoch 145/500
36/36 - 2s - 50ms/step - loss: 0.5422 - val_loss: 0.5257
Epoch 146/500
36/36 - 2s - 50ms/step - loss: 0.5418 - val_loss: 0.5253
Epoch 147/500
36/36 - 2s - 50ms/step - loss: 0.5415 - val_loss: 0.5248
Epoch 148/500
36/36 - 2s - 50ms/step - loss: 0.5411 - val_loss: 0.5244
Epoch 149/500
36/36 - 2s - 49ms/step - loss: 0.5407 - val_loss: 0.5240
Epoch 150/500
36/36 - 2s - 50ms/step - loss: 0.5403 - val_loss: 0.5236
Epoch 151/500
36/36 - 2s - 50ms/step - loss: 0.5400 - val_loss: 0.5232
Epoch 152/500
36/36 - 2s - 49ms/step - loss: 0.5396 - val_loss: 0.5228
Epoch 153/500
36/36 - 2s - 50ms/step - loss: 0.5392 - val_loss: 0.5224
Epoch 154/500
36/36 - 2s - 50ms/step - loss: 0.5389 - val_loss: 0.5220
Epoch 155/500
36/36 - 2s - 50ms/step - loss: 0.5385 - val_loss: 0.5217
Epoch 156/500
36/36 - 2s - 50ms/step - loss: 0.5382 - val_loss: 0.5213
Epoch 157/500
36/36 - 2s - 49ms/step - loss: 0.5378 - val_loss: 0.5209
Epoch 158/500
36/36 - 2s - 50ms/step - loss: 0.5375 - val_loss: 0.5205
Epoch 159/500
36/36 - 2s - 51ms/step - loss: 0.5371 - val_loss: 0.5202
Epoch 160/500
36/36 - 2s - 50ms/step - loss: 0.5368 - val_loss: 0.5198
Epoch 161/500
36/36 - 2s - 50ms/step - loss: 0.5365 - val_loss: 0.5195
Epoch 162/500
36/36 - 2s - 50ms/step - loss: 0.5362 - val_loss: 0.5191
Epoch 163/500
36/36 - 2s - 50ms/step - loss: 0.5358 - val_loss: 0.5188
Epoch 164/500
36/36 - 2s - 50ms/step - loss: 0.5355 - val_loss: 0.5184
Epoch 165/500
36/36 - 2s - 50ms/step - loss: 0.5352 - val_loss: 0.5181
Epoch 166/500
36/36 - 2s - 50ms/step - loss: 0.5349 - val_loss: 0.5177
Epoch 167/500
36/36 - 2s - 50ms/step - loss: 0.5346 - val_loss: 0.5174
Epoch 168/500
36/36 - 2s - 50ms/step - loss: 0.5343 - val_loss: 0.5171
Epoch 169/500
36/36 - 2s - 50ms/step - loss: 0.5340 - val_loss: 0.5167
Epoch 170/500
36/36 - 2s - 50ms/step - loss: 0.5337 - val_loss: 0.5164
Epoch 171/500
36/36 - 2s - 50ms/step - loss: 0.5334 - val_loss: 0.5161
Epoch 172/500
36/36 - 2s - 49ms/step - loss: 0.5331 - val_loss: 0.5158
Epoch 173/500
36/36 - 2s - 50ms/step - loss: 0.5328 - val_loss: 0.5155
Epoch 174/500
36/36 - 2s - 49ms/step - loss: 0.5325 - val_loss: 0.5152
Epoch 175/500
36/36 - 2s - 49ms/step - loss: 0.5322 - val_loss: 0.5149
Epoch 176/500
36/36 - 2s - 49ms/step - loss: 0.5319 - val_loss: 0.5146
Epoch 177/500
36/36 - 2s - 50ms/step - loss: 0.5316 - val_loss: 0.5143
Epoch 178/500
36/36 - 2s - 50ms/step - loss: 0.5314 - val_loss: 0.5140
Epoch 179/500
36/36 - 2s - 49ms/step - loss: 0.5311 - val_loss: 0.5137
Epoch 180/500
36/36 - 2s - 49ms/step - loss: 0.5308 - val_loss: 0.5134
Epoch 181/500
36/36 - 2s - 49ms/step - loss: 0.5305 - val_loss: 0.5131
Epoch 182/500
36/36 - 2s - 50ms/step - loss: 0.5303 - val_loss: 0.5128
Epoch 183/500
36/36 - 2s - 50ms/step - loss: 0.5300 - val_loss: 0.5125
Epoch 184/500
36/36 - 2s - 50ms/step - loss: 0.5298 - val_loss: 0.5122
Epoch 185/500
36/36 - 2s - 50ms/step - loss: 0.5295 - val_loss: 0.5120
Epoch 186/500
36/36 - 2s - 50ms/step - loss: 0.5292 - val_loss: 0.5117
Epoch 187/500
36/36 - 2s - 50ms/step - loss: 0.5290 - val_loss: 0.5114
Epoch 188/500
36/36 - 2s - 50ms/step - loss: 0.5287 - val_loss: 0.5112
Epoch 189/500
36/36 - 2s - 50ms/step - loss: 0.5285 - val_loss: 0.5109
Epoch 190/500
36/36 - 2s - 50ms/step - loss: 0.5282 - val_loss: 0.5106
Epoch 191/500
36/36 - 2s - 49ms/step - loss: 0.5280 - val_loss: 0.5104
Epoch 192/500
36/36 - 2s - 50ms/step - loss: 0.5277 - val_loss: 0.5101
Epoch 193/500
36/36 - 2s - 51ms/step - loss: 0.5275 - val_loss: 0.5099
Epoch 194/500
36/36 - 2s - 50ms/step - loss: 0.5273 - val_loss: 0.5096
Epoch 195/500
36/36 - 2s - 50ms/step - loss: 0.5270 - val_loss: 0.5094
Epoch 196/500
36/36 - 2s - 50ms/step - loss: 0.5268 - val_loss: 0.5091
Epoch 197/500
36/36 - 2s - 50ms/step - loss: 0.5266 - val_loss: 0.5089
Epoch 198/500
36/36 - 2s - 50ms/step - loss: 0.5263 - val_loss: 0.5086
Epoch 199/500
36/36 - 2s - 50ms/step - loss: 0.5261 - val_loss: 0.5084
Epoch 200/500
36/36 - 2s - 50ms/step - loss: 0.5259 - val_loss: 0.5081
Epoch 201/500
36/36 - 2s - 50ms/step - loss: 0.5257 - val_loss: 0.5079
Epoch 202/500
36/36 - 2s - 50ms/step - loss: 0.5255 - val_loss: 0.5077
Epoch 203/500
36/36 - 2s - 50ms/step - loss: 0.5252 - val_loss: 0.5074
Epoch 204/500
36/36 - 2s - 49ms/step - loss: 0.5250 - val_loss: 0.5072
Epoch 205/500
36/36 - 2s - 50ms/step - loss: 0.5248 - val_loss: 0.5070
Epoch 206/500
36/36 - 2s - 50ms/step - loss: 0.5246 - val_loss: 0.5068
Epoch 207/500
36/36 - 2s - 49ms/step - loss: 0.5244 - val_loss: 0.5065
Epoch 208/500
36/36 - 2s - 49ms/step - loss: 0.5242 - val_loss: 0.5063
Epoch 209/500
36/36 - 2s - 50ms/step - loss: 0.5240 - val_loss: 0.5061
Epoch 210/500
36/36 - 2s - 50ms/step - loss: 0.5238 - val_loss: 0.5059
Epoch 211/500
36/36 - 2s - 50ms/step - loss: 0.5236 - val_loss: 0.5057
Epoch 212/500
36/36 - 2s - 50ms/step - loss: 0.5234 - val_loss: 0.5055
Epoch 213/500
36/36 - 2s - 50ms/step - loss: 0.5232 - val_loss: 0.5053
Epoch 214/500
36/36 - 2s - 50ms/step - loss: 0.5230 - val_loss: 0.5050
Epoch 215/500
36/36 - 2s - 49ms/step - loss: 0.5228 - val_loss: 0.5048
Epoch 216/500
36/36 - 2s - 50ms/step - loss: 0.5226 - val_loss: 0.5046
Epoch 217/500
36/36 - 2s - 50ms/step - loss: 0.5224 - val_loss: 0.5044
Epoch 218/500
36/36 - 2s - 50ms/step - loss: 0.5222 - val_loss: 0.5042
Epoch 219/500
36/36 - 2s - 50ms/step - loss: 0.5220 - val_loss: 0.5040
Epoch 220/500
36/36 - 2s - 50ms/step - loss: 0.5218 - val_loss: 0.5038
Epoch 221/500
36/36 - 2s - 49ms/step - loss: 0.5216 - val_loss: 0.5036
Epoch 222/500
36/36 - 2s - 49ms/step - loss: 0.5214 - val_loss: 0.5034
Epoch 223/500
36/36 - 2s - 49ms/step - loss: 0.5213 - val_loss: 0.5033
Epoch 224/500
36/36 - 2s - 49ms/step - loss: 0.5211 - val_loss: 0.5031
Epoch 225/500
36/36 - 2s - 49ms/step - loss: 0.5209 - val_loss: 0.5029
Epoch 226/500
36/36 - 2s - 50ms/step - loss: 0.5207 - val_loss: 0.5027
Epoch 227/500
36/36 - 2s - 51ms/step - loss: 0.5205 - val_loss: 0.5025
Epoch 228/500
36/36 - 2s - 50ms/step - loss: 0.5204 - val_loss: 0.5023
Epoch 229/500
36/36 - 2s - 50ms/step - loss: 0.5202 - val_loss: 0.5021
Epoch 230/500
36/36 - 2s - 50ms/step - loss: 0.5200 - val_loss: 0.5020
Epoch 231/500
36/36 - 2s - 50ms/step - loss: 0.5198 - val_loss: 0.5018
Epoch 232/500
36/36 - 2s - 50ms/step - loss: 0.5197 - val_loss: 0.5016
Epoch 233/500
36/36 - 2s - 49ms/step - loss: 0.5195 - val_loss: 0.5014
Epoch 234/500
36/36 - 2s - 50ms/step - loss: 0.5193 - val_loss: 0.5013
Epoch 235/500
36/36 - 2s - 50ms/step - loss: 0.5192 - val_loss: 0.5011
Epoch 236/500
36/36 - 2s - 50ms/step - loss: 0.5190 - val_loss: 0.5009
Epoch 237/500
36/36 - 2s - 50ms/step - loss: 0.5189 - val_loss: 0.5007
Epoch 238/500
36/36 - 2s - 50ms/step - loss: 0.5187 - val_loss: 0.5006
Epoch 239/500
36/36 - 2s - 50ms/step - loss: 0.5185 - val_loss: 0.5004
Epoch 240/500
36/36 - 2s - 50ms/step - loss: 0.5184 - val_loss: 0.5002
Epoch 241/500
36/36 - 2s - 50ms/step - loss: 0.5182 - val_loss: 0.5001
Epoch 242/500
36/36 - 2s - 50ms/step - loss: 0.5181 - val_loss: 0.4999
Epoch 243/500
36/36 - 2s - 50ms/step - loss: 0.5179 - val_loss: 0.4998
Epoch 244/500
36/36 - 2s - 50ms/step - loss: 0.5178 - val_loss: 0.4996
Epoch 245/500
36/36 - 2s - 50ms/step - loss: 0.5176 - val_loss: 0.4994
Epoch 246/500
36/36 - 2s - 50ms/step - loss: 0.5175 - val_loss: 0.4993
Epoch 247/500
36/36 - 2s - 50ms/step - loss: 0.5173 - val_loss: 0.4991
Epoch 248/500
36/36 - 2s - 49ms/step - loss: 0.5172 - val_loss: 0.4990
Epoch 249/500
36/36 - 2s - 50ms/step - loss: 0.5170 - val_loss: 0.4988
Epoch 250/500
36/36 - 2s - 50ms/step - loss: 0.5169 - val_loss: 0.4987
Epoch 251/500
36/36 - 2s - 50ms/step - loss: 0.5167 - val_loss: 0.4985
Epoch 252/500
36/36 - 2s - 50ms/step - loss: 0.5166 - val_loss: 0.4984
Epoch 253/500
36/36 - 2s - 50ms/step - loss: 0.5164 - val_loss: 0.4982
Epoch 254/500
36/36 - 2s - 50ms/step - loss: 0.5163 - val_loss: 0.4981
Epoch 255/500
36/36 - 2s - 50ms/step - loss: 0.5162 - val_loss: 0.4979
Epoch 256/500
36/36 - 2s - 50ms/step - loss: 0.5160 - val_loss: 0.4978
Epoch 257/500
36/36 - 2s - 49ms/step - loss: 0.5159 - val_loss: 0.4976
Epoch 258/500
36/36 - 2s - 50ms/step - loss: 0.5157 - val_loss: 0.4975
Epoch 259/500
36/36 - 2s - 50ms/step - loss: 0.5156 - val_loss: 0.4974
Epoch 260/500
36/36 - 2s - 50ms/step - loss: 0.5155 - val_loss: 0.4972
Epoch 261/500
36/36 - 2s - 51ms/step - loss: 0.5153 - val_loss: 0.4971
Epoch 262/500
36/36 - 2s - 50ms/step - loss: 0.5152 - val_loss: 0.4969
Epoch 263/500
36/36 - 2s - 50ms/step - loss: 0.5151 - val_loss: 0.4968
Epoch 264/500
36/36 - 2s - 50ms/step - loss: 0.5149 - val_loss: 0.4967
Epoch 265/500
36/36 - 2s - 50ms/step - loss: 0.5148 - val_loss: 0.4965
Epoch 266/500
36/36 - 2s - 50ms/step - loss: 0.5147 - val_loss: 0.4964
Epoch 267/500
36/36 - 2s - 50ms/step - loss: 0.5146 - val_loss: 0.4963
Epoch 268/500
36/36 - 2s - 50ms/step - loss: 0.5144 - val_loss: 0.4962
Epoch 269/500
36/36 - 2s - 50ms/step - loss: 0.5143 - val_loss: 0.4960
Epoch 270/500
36/36 - 2s - 50ms/step - loss: 0.5142 - val_loss: 0.4959
Epoch 271/500
36/36 - 2s - 50ms/step - loss: 0.5141 - val_loss: 0.4958
Epoch 272/500
36/36 - 2s - 50ms/step - loss: 0.5139 - val_loss: 0.4956
Epoch 273/500
36/36 - 2s - 49ms/step - loss: 0.5138 - val_loss: 0.4955
Epoch 274/500
36/36 - 2s - 50ms/step - loss: 0.5137 - val_loss: 0.4954
Epoch 275/500
36/36 - 2s - 50ms/step - loss: 0.5136 - val_loss: 0.4953
Epoch 276/500
36/36 - 2s - 50ms/step - loss: 0.5135 - val_loss: 0.4951
Epoch 277/500
36/36 - 2s - 50ms/step - loss: 0.5133 - val_loss: 0.4950
Epoch 278/500
36/36 - 2s - 50ms/step - loss: 0.5132 - val_loss: 0.4949
Epoch 279/500
36/36 - 2s - 50ms/step - loss: 0.5131 - val_loss: 0.4948
Epoch 280/500
36/36 - 2s - 50ms/step - loss: 0.5130 - val_loss: 0.4947
Epoch 281/500
36/36 - 2s - 50ms/step - loss: 0.5129 - val_loss: 0.4945
Epoch 282/500
36/36 - 2s - 50ms/step - loss: 0.5128 - val_loss: 0.4944
Epoch 283/500
36/36 - 2s - 50ms/step - loss: 0.5127 - val_loss: 0.4943
Epoch 284/500
36/36 - 2s - 50ms/step - loss: 0.5125 - val_loss: 0.4942
Epoch 285/500
36/36 - 2s - 50ms/step - loss: 0.5124 - val_loss: 0.4941
Epoch 286/500
36/36 - 2s - 50ms/step - loss: 0.5123 - val_loss: 0.4940
Epoch 287/500
36/36 - 2s - 50ms/step - loss: 0.5122 - val_loss: 0.4939
Epoch 288/500
36/36 - 2s - 50ms/step - loss: 0.5121 - val_loss: 0.4937
Epoch 289/500
36/36 - 2s - 50ms/step - loss: 0.5120 - val_loss: 0.4936
Epoch 290/500
36/36 - 2s - 50ms/step - loss: 0.5119 - val_loss: 0.4935
Epoch 291/500
36/36 - 2s - 50ms/step - loss: 0.5118 - val_loss: 0.4934
Epoch 292/500
36/36 - 2s - 49ms/step - loss: 0.5117 - val_loss: 0.4933
Epoch 293/500
36/36 - 2s - 50ms/step - loss: 0.5116 - val_loss: 0.4932
Epoch 294/500
36/36 - 2s - 50ms/step - loss: 0.5115 - val_loss: 0.4931
Epoch 295/500
36/36 - 2s - 50ms/step - loss: 0.5114 - val_loss: 0.4930
Epoch 296/500
36/36 - 2s - 50ms/step - loss: 0.5113 - val_loss: 0.4929
Epoch 297/500
36/36 - 2s - 50ms/step - loss: 0.5112 - val_loss: 0.4928
Epoch 298/500
36/36 - 2s - 50ms/step - loss: 0.5111 - val_loss: 0.4927
Epoch 299/500
36/36 - 2s - 50ms/step - loss: 0.5110 - val_loss: 0.4926
Epoch 300/500
36/36 - 2s - 50ms/step - loss: 0.5109 - val_loss: 0.4925
Epoch 301/500
36/36 - 2s - 50ms/step - loss: 0.5108 - val_loss: 0.4924
Epoch 302/500
36/36 - 2s - 50ms/step - loss: 0.5107 - val_loss: 0.4923
Epoch 303/500
36/36 - 2s - 50ms/step - loss: 0.5106 - val_loss: 0.4922
Epoch 304/500
36/36 - 2s - 50ms/step - loss: 0.5105 - val_loss: 0.4921
Epoch 305/500
36/36 - 2s - 50ms/step - loss: 0.5104 - val_loss: 0.4920
Epoch 306/500
36/36 - 2s - 50ms/step - loss: 0.5103 - val_loss: 0.4919
Epoch 307/500
36/36 - 2s - 50ms/step - loss: 0.5102 - val_loss: 0.4918
Epoch 308/500
36/36 - 2s - 50ms/step - loss: 0.5101 - val_loss: 0.4917
Epoch 309/500
36/36 - 2s - 50ms/step - loss: 0.5100 - val_loss: 0.4916
Epoch 310/500
36/36 - 2s - 50ms/step - loss: 0.5099 - val_loss: 0.4915
Epoch 311/500
36/36 - 2s - 50ms/step - loss: 0.5098 - val_loss: 0.4914
Epoch 312/500
36/36 - 2s - 50ms/step - loss: 0.5097 - val_loss: 0.4913
Epoch 313/500
36/36 - 2s - 50ms/step - loss: 0.5096 - val_loss: 0.4912
Epoch 314/500
36/36 - 2s - 50ms/step - loss: 0.5095 - val_loss: 0.4911
Epoch 315/500
36/36 - 2s - 50ms/step - loss: 0.5095 - val_loss: 0.4910
Epoch 316/500
36/36 - 2s - 50ms/step - loss: 0.5094 - val_loss: 0.4909
Epoch 317/500
36/36 - 2s - 50ms/step - loss: 0.5093 - val_loss: 0.4909
Epoch 318/500
36/36 - 2s - 50ms/step - loss: 0.5092 - val_loss: 0.4908
Epoch 319/500
36/36 - 2s - 50ms/step - loss: 0.5091 - val_loss: 0.4907
Epoch 320/500
36/36 - 2s - 50ms/step - loss: 0.5090 - val_loss: 0.4906
Epoch 321/500
36/36 - 2s - 50ms/step - loss: 0.5089 - val_loss: 0.4905
Epoch 322/500
36/36 - 2s - 50ms/step - loss: 0.5088 - val_loss: 0.4904
Epoch 323/500
36/36 - 2s - 50ms/step - loss: 0.5088 - val_loss: 0.4903
Epoch 324/500
36/36 - 2s - 50ms/step - loss: 0.5087 - val_loss: 0.4902
Epoch 325/500
36/36 - 2s - 50ms/step - loss: 0.5086 - val_loss: 0.4902
Epoch 326/500
36/36 - 2s - 50ms/step - loss: 0.5085 - val_loss: 0.4901
Epoch 327/500
36/36 - 2s - 50ms/step - loss: 0.5084 - val_loss: 0.4900
Epoch 328/500
36/36 - 2s - 50ms/step - loss: 0.5083 - val_loss: 0.4899
Epoch 329/500
36/36 - 2s - 50ms/step - loss: 0.5083 - val_loss: 0.4898
Epoch 330/500
36/36 - 2s - 51ms/step - loss: 0.5082 - val_loss: 0.4897
Epoch 331/500
36/36 - 2s - 49ms/step - loss: 0.5081 - val_loss: 0.4897
Epoch 332/500
36/36 - 2s - 50ms/step - loss: 0.5080 - val_loss: 0.4896
Epoch 333/500
36/36 - 2s - 49ms/step - loss: 0.5079 - val_loss: 0.4895
Epoch 334/500
36/36 - 2s - 50ms/step - loss: 0.5079 - val_loss: 0.4894
Epoch 335/500
36/36 - 2s - 49ms/step - loss: 0.5078 - val_loss: 0.4893
Epoch 336/500
36/36 - 2s - 50ms/step - loss: 0.5077 - val_loss: 0.4893
Epoch 337/500
36/36 - 2s - 50ms/step - loss: 0.5076 - val_loss: 0.4892
Epoch 338/500
36/36 - 2s - 50ms/step - loss: 0.5076 - val_loss: 0.4891
Epoch 339/500
36/36 - 2s - 50ms/step - loss: 0.5075 - val_loss: 0.4890
Epoch 340/500
36/36 - 2s - 50ms/step - loss: 0.5074 - val_loss: 0.4889
Epoch 341/500
36/36 - 2s - 50ms/step - loss: 0.5073 - val_loss: 0.4889
Epoch 342/500
36/36 - 2s - 50ms/step - loss: 0.5072 - val_loss: 0.4888
Epoch 343/500
36/36 - 2s - 50ms/step - loss: 0.5072 - val_loss: 0.4887
Epoch 344/500
36/36 - 2s - 50ms/step - loss: 0.5071 - val_loss: 0.4886
Epoch 345/500
36/36 - 2s - 50ms/step - loss: 0.5070 - val_loss: 0.4886
Epoch 346/500
36/36 - 2s - 50ms/step - loss: 0.5070 - val_loss: 0.4885
Epoch 347/500
36/36 - 2s - 51ms/step - loss: 0.5069 - val_loss: 0.4884
Epoch 348/500
36/36 - 2s - 50ms/step - loss: 0.5068 - val_loss: 0.4883
Epoch 349/500
36/36 - 2s - 49ms/step - loss: 0.5067 - val_loss: 0.4883
Epoch 350/500
36/36 - 2s - 49ms/step - loss: 0.5067 - val_loss: 0.4882
Epoch 351/500
36/36 - 3s - 77ms/step - loss: 0.5066 - val_loss: 0.4881
Epoch 352/500
36/36 - 2s - 49ms/step - loss: 0.5065 - val_loss: 0.4880
Epoch 353/500
36/36 - 2s - 50ms/step - loss: 0.5064 - val_loss: 0.4880
Epoch 354/500
36/36 - 2s - 50ms/step - loss: 0.5064 - val_loss: 0.4879
Epoch 355/500
36/36 - 2s - 50ms/step - loss: 0.5063 - val_loss: 0.4878
Epoch 356/500
36/36 - 2s - 49ms/step - loss: 0.5062 - val_loss: 0.4878
Epoch 357/500
36/36 - 2s - 49ms/step - loss: 0.5062 - val_loss: 0.4877
Epoch 358/500
36/36 - 2s - 49ms/step - loss: 0.5061 - val_loss: 0.4876
Epoch 359/500
36/36 - 2s - 49ms/step - loss: 0.5060 - val_loss: 0.4876
Epoch 360/500
36/36 - 2s - 50ms/step - loss: 0.5060 - val_loss: 0.4875
Epoch 361/500
36/36 - 2s - 49ms/step - loss: 0.5059 - val_loss: 0.4874
Epoch 362/500
36/36 - 2s - 49ms/step - loss: 0.5058 - val_loss: 0.4874
Epoch 363/500
36/36 - 2s - 49ms/step - loss: 0.5058 - val_loss: 0.4873
Epoch 364/500
36/36 - 2s - 50ms/step - loss: 0.5057 - val_loss: 0.4872
Epoch 365/500
36/36 - 2s - 50ms/step - loss: 0.5056 - val_loss: 0.4871
Epoch 366/500
36/36 - 2s - 50ms/step - loss: 0.5056 - val_loss: 0.4871
Epoch 367/500
36/36 - 2s - 49ms/step - loss: 0.5055 - val_loss: 0.4870
Epoch 368/500
36/36 - 2s - 50ms/step - loss: 0.5054 - val_loss: 0.4870
Epoch 369/500
36/36 - 2s - 50ms/step - loss: 0.5054 - val_loss: 0.4869
Epoch 370/500
36/36 - 2s - 50ms/step - loss: 0.5053 - val_loss: 0.4868
Epoch 371/500
36/36 - 2s - 50ms/step - loss: 0.5052 - val_loss: 0.4868
Epoch 372/500
36/36 - 2s - 50ms/step - loss: 0.5052 - val_loss: 0.4867
Epoch 373/500
36/36 - 2s - 50ms/step - loss: 0.5051 - val_loss: 0.4866
Epoch 374/500
36/36 - 2s - 50ms/step - loss: 0.5050 - val_loss: 0.4866
Epoch 375/500
36/36 - 2s - 50ms/step - loss: 0.5050 - val_loss: 0.4865
Epoch 376/500
36/36 - 2s - 50ms/step - loss: 0.5049 - val_loss: 0.4864
Epoch 377/500
36/36 - 326s - 9s/step - loss: 0.5049 - val_loss: 0.4864
Epoch 378/500
36/36 - 2s - 47ms/step - loss: 0.5048 - val_loss: 0.4863
Epoch 379/500
36/36 - 2s - 49ms/step - loss: 0.5047 - val_loss: 0.4863
Epoch 380/500
36/36 - 2s - 50ms/step - loss: 0.5047 - val_loss: 0.4862
Epoch 381/500
36/36 - 2s - 56ms/step - loss: 0.5046 - val_loss: 0.4861
Epoch 382/500
36/36 - 2s - 55ms/step - loss: 0.5046 - val_loss: 0.4861
Epoch 383/500
36/36 - 2s - 54ms/step - loss: 0.5045 - val_loss: 0.4860
Epoch 384/500
36/36 - 2s - 51ms/step - loss: 0.5044 - val_loss: 0.4859
Epoch 385/500
36/36 - 2s - 50ms/step - loss: 0.5044 - val_loss: 0.4859
Epoch 386/500
36/36 - 2s - 50ms/step - loss: 0.5043 - val_loss: 0.4858
Epoch 387/500
36/36 - 2s - 50ms/step - loss: 0.5043 - val_loss: 0.4858
Epoch 388/500
36/36 - 2s - 50ms/step - loss: 0.5042 - val_loss: 0.4857
Epoch 389/500
36/36 - 2s - 50ms/step - loss: 0.5041 - val_loss: 0.4857
Epoch 390/500
36/36 - 2s - 50ms/step - loss: 0.5041 - val_loss: 0.4856
Epoch 391/500
36/36 - 2s - 50ms/step - loss: 0.5040 - val_loss: 0.4855
Epoch 392/500
36/36 - 2s - 50ms/step - loss: 0.5040 - val_loss: 0.4855
Epoch 393/500
36/36 - 2s - 50ms/step - loss: 0.5039 - val_loss: 0.4854
Epoch 394/500
36/36 - 2s - 50ms/step - loss: 0.5038 - val_loss: 0.4854
Epoch 395/500
36/36 - 2s - 50ms/step - loss: 0.5038 - val_loss: 0.4853
Epoch 396/500
36/36 - 2s - 50ms/step - loss: 0.5037 - val_loss: 0.4853
Epoch 397/500
36/36 - 2s - 51ms/step - loss: 0.5037 - val_loss: 0.4852
Epoch 398/500
36/36 - 2s - 50ms/step - loss: 0.5036 - val_loss: 0.4851
Epoch 399/500
36/36 - 2s - 50ms/step - loss: 0.5036 - val_loss: 0.4851
Epoch 400/500
36/36 - 2s - 50ms/step - loss: 0.5035 - val_loss: 0.4850
Epoch 401/500
36/36 - 2s - 50ms/step - loss: 0.5034 - val_loss: 0.4850
Epoch 402/500
36/36 - 2s - 50ms/step - loss: 0.5034 - val_loss: 0.4849
Epoch 403/500
36/36 - 2s - 50ms/step - loss: 0.5033 - val_loss: 0.4849
Epoch 404/500
36/36 - 2s - 52ms/step - loss: 0.5033 - val_loss: 0.4848
Epoch 405/500
36/36 - 2s - 51ms/step - loss: 0.5032 - val_loss: 0.4848
Epoch 406/500
36/36 - 2s - 52ms/step - loss: 0.5032 - val_loss: 0.4847
Epoch 407/500
36/36 - 2s - 51ms/step - loss: 0.5031 - val_loss: 0.4846
Epoch 408/500
36/36 - 2s - 50ms/step - loss: 0.5031 - val_loss: 0.4846
Epoch 409/500
36/36 - 2s - 50ms/step - loss: 0.5030 - val_loss: 0.4845
Epoch 410/500
36/36 - 2s - 50ms/step - loss: 0.5029 - val_loss: 0.4845
Epoch 411/500
36/36 - 2s - 50ms/step - loss: 0.5029 - val_loss: 0.4844
Epoch 412/500
36/36 - 2s - 50ms/step - loss: 0.5028 - val_loss: 0.4844
Epoch 413/500
36/36 - 2s - 50ms/step - loss: 0.5028 - val_loss: 0.4843
Epoch 414/500
36/36 - 2s - 50ms/step - loss: 0.5027 - val_loss: 0.4843
Epoch 415/500
36/36 - 2s - 50ms/step - loss: 0.5027 - val_loss: 0.4842
Epoch 416/500
36/36 - 2s - 50ms/step - loss: 0.5026 - val_loss: 0.4842
Epoch 417/500
36/36 - 2s - 50ms/step - loss: 0.5026 - val_loss: 0.4841
Epoch 418/500
36/36 - 2s - 50ms/step - loss: 0.5025 - val_loss: 0.4841
Epoch 419/500
36/36 - 2s - 50ms/step - loss: 0.5025 - val_loss: 0.4840
Epoch 420/500
36/36 - 2s - 50ms/step - loss: 0.5024 - val_loss: 0.4840
Epoch 421/500
36/36 - 2s - 49ms/step - loss: 0.5024 - val_loss: 0.4839
Epoch 422/500
36/36 - 2s - 50ms/step - loss: 0.5023 - val_loss: 0.4839
Epoch 423/500
36/36 - 2s - 50ms/step - loss: 0.5023 - val_loss: 0.4838
Epoch 424/500
36/36 - 2s - 50ms/step - loss: 0.5022 - val_loss: 0.4838
Epoch 425/500
36/36 - 2s - 50ms/step - loss: 0.5021 - val_loss: 0.4837
Epoch 426/500
36/36 - 2s - 50ms/step - loss: 0.5021 - val_loss: 0.4837
Epoch 427/500
36/36 - 2s - 49ms/step - loss: 0.5020 - val_loss: 0.4836
Epoch 428/500
36/36 - 2s - 50ms/step - loss: 0.5020 - val_loss: 0.4836
Epoch 429/500
36/36 - 2s - 50ms/step - loss: 0.5019 - val_loss: 0.4835
Epoch 430/500
36/36 - 2s - 50ms/step - loss: 0.5019 - val_loss: 0.4835
Epoch 431/500
36/36 - 2s - 51ms/step - loss: 0.5018 - val_loss: 0.4834
Epoch 432/500
36/36 - 2s - 50ms/step - loss: 0.5018 - val_loss: 0.4834
Epoch 433/500
36/36 - 2s - 50ms/step - loss: 0.5017 - val_loss: 0.4833
Epoch 434/500
36/36 - 2s - 50ms/step - loss: 0.5017 - val_loss: 0.4833
Epoch 435/500
36/36 - 2s - 50ms/step - loss: 0.5016 - val_loss: 0.4833
Epoch 436/500
36/36 - 2s - 50ms/step - loss: 0.5016 - val_loss: 0.4832
Epoch 437/500
36/36 - 2s - 50ms/step - loss: 0.5015 - val_loss: 0.4832
Epoch 438/500
36/36 - 2s - 50ms/step - loss: 0.5015 - val_loss: 0.4831
Epoch 439/500
36/36 - 2s - 50ms/step - loss: 0.5014 - val_loss: 0.4831
Epoch 440/500
36/36 - 2s - 50ms/step - loss: 0.5014 - val_loss: 0.4830
Epoch 441/500
36/36 - 2s - 50ms/step - loss: 0.5014 - val_loss: 0.4830
Epoch 442/500
36/36 - 2s - 50ms/step - loss: 0.5013 - val_loss: 0.4829
Epoch 443/500
36/36 - 2s - 50ms/step - loss: 0.5013 - val_loss: 0.4829
Epoch 444/500
36/36 - 2s - 49ms/step - loss: 0.5012 - val_loss: 0.4828
Epoch 445/500
36/36 - 2s - 49ms/step - loss: 0.5012 - val_loss: 0.4828
Epoch 446/500
36/36 - 2s - 49ms/step - loss: 0.5011 - val_loss: 0.4828
Epoch 447/500
36/36 - 2s - 50ms/step - loss: 0.5011 - val_loss: 0.4827
Epoch 448/500
36/36 - 2s - 50ms/step - loss: 0.5010 - val_loss: 0.4827
Epoch 449/500
36/36 - 2s - 50ms/step - loss: 0.5010 - val_loss: 0.4826
Epoch 450/500
36/36 - 2s - 50ms/step - loss: 0.5009 - val_loss: 0.4826
Epoch 451/500
36/36 - 2s - 50ms/step - loss: 0.5009 - val_loss: 0.4825
Epoch 452/500
36/36 - 2s - 50ms/step - loss: 0.5008 - val_loss: 0.4825
Epoch 453/500
36/36 - 2s - 50ms/step - loss: 0.5008 - val_loss: 0.4825
Epoch 454/500
36/36 - 2s - 50ms/step - loss: 0.5007 - val_loss: 0.4824
Epoch 455/500
36/36 - 2s - 50ms/step - loss: 0.5007 - val_loss: 0.4824
Epoch 456/500
36/36 - 2s - 50ms/step - loss: 0.5006 - val_loss: 0.4823
Epoch 457/500
36/36 - 2s - 49ms/step - loss: 0.5006 - val_loss: 0.4823
Epoch 458/500
36/36 - 2s - 50ms/step - loss: 0.5006 - val_loss: 0.4822
Epoch 459/500
36/36 - 2s - 50ms/step - loss: 0.5005 - val_loss: 0.4822
Epoch 460/500
36/36 - 2s - 50ms/step - loss: 0.5005 - val_loss: 0.4822
Epoch 461/500
36/36 - 2s - 50ms/step - loss: 0.5004 - val_loss: 0.4821
Epoch 462/500
36/36 - 2s - 50ms/step - loss: 0.5004 - val_loss: 0.4821
Epoch 463/500
36/36 - 2s - 50ms/step - loss: 0.5003 - val_loss: 0.4820
Epoch 464/500
36/36 - 2s - 50ms/step - loss: 0.5003 - val_loss: 0.4820
Epoch 465/500
36/36 - 2s - 51ms/step - loss: 0.5002 - val_loss: 0.4820
Epoch 466/500
36/36 - 2s - 50ms/step - loss: 0.5002 - val_loss: 0.4819
Epoch 467/500
36/36 - 2s - 50ms/step - loss: 0.5002 - val_loss: 0.4819
Epoch 468/500
36/36 - 2s - 50ms/step - loss: 0.5001 - val_loss: 0.4818
Epoch 469/500
36/36 - 2s - 49ms/step - loss: 0.5001 - val_loss: 0.4818
Epoch 470/500
36/36 - 2s - 50ms/step - loss: 0.5000 - val_loss: 0.4818
Epoch 471/500
36/36 - 2s - 50ms/step - loss: 0.5000 - val_loss: 0.4817
Epoch 472/500
36/36 - 2s - 49ms/step - loss: 0.4999 - val_loss: 0.4817
Epoch 473/500
36/36 - 2s - 50ms/step - loss: 0.4999 - val_loss: 0.4816
Epoch 474/500
36/36 - 2s - 49ms/step - loss: 0.4999 - val_loss: 0.4816
Epoch 475/500
36/36 - 2s - 50ms/step - loss: 0.4998 - val_loss: 0.4816
Epoch 476/500
36/36 - 2s - 49ms/step - loss: 0.4998 - val_loss: 0.4815
Epoch 477/500
36/36 - 2s - 50ms/step - loss: 0.4997 - val_loss: 0.4815
Epoch 478/500
36/36 - 2s - 49ms/step - loss: 0.4997 - val_loss: 0.4815
Epoch 479/500
36/36 - 2s - 50ms/step - loss: 0.4997 - val_loss: 0.4814
Epoch 480/500
36/36 - 2s - 49ms/step - loss: 0.4996 - val_loss: 0.4814
Epoch 481/500
36/36 - 2s - 50ms/step - loss: 0.4996 - val_loss: 0.4813
Epoch 482/500
36/36 - 2s - 50ms/step - loss: 0.4995 - val_loss: 0.4813
Epoch 483/500
36/36 - 2s - 50ms/step - loss: 0.4995 - val_loss: 0.4813
Epoch 484/500
36/36 - 2s - 50ms/step - loss: 0.4994 - val_loss: 0.4812
Epoch 485/500
36/36 - 2s - 50ms/step - loss: 0.4994 - val_loss: 0.4812
Epoch 486/500
36/36 - 2s - 50ms/step - loss: 0.4994 - val_loss: 0.4812
Epoch 487/500
36/36 - 2s - 50ms/step - loss: 0.4993 - val_loss: 0.4811
Epoch 488/500
36/36 - 2s - 50ms/step - loss: 0.4993 - val_loss: 0.4811
Epoch 489/500
36/36 - 2s - 51ms/step - loss: 0.4992 - val_loss: 0.4811
Epoch 490/500
36/36 - 2s - 50ms/step - loss: 0.4992 - val_loss: 0.4810
Epoch 491/500
36/36 - 2s - 50ms/step - loss: 0.4992 - val_loss: 0.4810
Epoch 492/500
36/36 - 2s - 50ms/step - loss: 0.4991 - val_loss: 0.4809
Epoch 493/500
36/36 - 2s - 50ms/step - loss: 0.4991 - val_loss: 0.4809
Epoch 494/500
36/36 - 2s - 50ms/step - loss: 0.4990 - val_loss: 0.4809
Epoch 495/500
36/36 - 2s - 50ms/step - loss: 0.4990 - val_loss: 0.4808
Epoch 496/500
36/36 - 2s - 50ms/step - loss: 0.4990 - val_loss: 0.4808
Epoch 497/500
36/36 - 2s - 49ms/step - loss: 0.4989 - val_loss: 0.4808
Epoch 498/500
36/36 - 2s - 49ms/step - loss: 0.4989 - val_loss: 0.4807
Epoch 499/500
36/36 - 2s - 51ms/step - loss: 0.4989 - val_loss: 0.4807
Epoch 500/500
36/36 - 2s - 50ms/step - loss: 0.4988 - val_loss: 0.4807
[Run 3/5] Training shared encoder (weighted, sigmoid head, baseline preprocessing)...
Epoch 1/500
36/36 - 2s - 59ms/step - loss: 1.0379 - val_loss: 1.0274
Epoch 2/500
36/36 - 2s - 57ms/step - loss: 1.0133 - val_loss: 1.0018
Epoch 3/500
36/36 - 2s - 55ms/step - loss: 0.9884 - val_loss: 0.9762
Epoch 4/500
36/36 - 2s - 55ms/step - loss: 0.9637 - val_loss: 0.9510
Epoch 5/500
36/36 - 2s - 55ms/step - loss: 0.9395 - val_loss: 0.9267
Epoch 6/500
36/36 - 2s - 54ms/step - loss: 0.9164 - val_loss: 0.9036
Epoch 7/500
36/36 - 2s - 55ms/step - loss: 0.8950 - val_loss: 0.8823
Epoch 8/500
36/36 - 2s - 54ms/step - loss: 0.8755 - val_loss: 0.8628
Epoch 9/500
36/36 - 2s - 54ms/step - loss: 0.8579 - val_loss: 0.8453
Epoch 10/500
36/36 - 2s - 54ms/step - loss: 0.8420 - val_loss: 0.8295
Epoch 11/500
36/36 - 2s - 54ms/step - loss: 0.8279 - val_loss: 0.8155
Epoch 12/500
36/36 - 2s - 54ms/step - loss: 0.8154 - val_loss: 0.8029
Epoch 13/500
36/36 - 2s - 54ms/step - loss: 0.8041 - val_loss: 0.7915
Epoch 14/500
36/36 - 2s - 54ms/step - loss: 0.7938 - val_loss: 0.7811
Epoch 15/500
36/36 - 2s - 54ms/step - loss: 0.7844 - val_loss: 0.7713
Epoch 16/500
36/36 - 2s - 54ms/step - loss: 0.7752 - val_loss: 0.7617
Epoch 17/500
36/36 - 2s - 54ms/step - loss: 0.7661 - val_loss: 0.7525
Epoch 18/500
36/36 - 2s - 54ms/step - loss: 0.7577 - val_loss: 0.7445
Epoch 19/500
36/36 - 2s - 54ms/step - loss: 0.7505 - val_loss: 0.7375
Epoch 20/500
36/36 - 2s - 54ms/step - loss: 0.7441 - val_loss: 0.7312
Epoch 21/500
36/36 - 2s - 56ms/step - loss: 0.7382 - val_loss: 0.7252
Epoch 22/500
36/36 - 2s - 57ms/step - loss: 0.7327 - val_loss: 0.7196
Epoch 23/500
36/36 - 2s - 57ms/step - loss: 0.7275 - val_loss: 0.7143
Epoch 24/500
36/36 - 2s - 57ms/step - loss: 0.7225 - val_loss: 0.7092
Epoch 25/500
36/36 - 2s - 54ms/step - loss: 0.7178 - val_loss: 0.7044
Epoch 26/500
36/36 - 2s - 54ms/step - loss: 0.7133 - val_loss: 0.6998
Epoch 27/500
36/36 - 2s - 54ms/step - loss: 0.7090 - val_loss: 0.6955
Epoch 28/500
36/36 - 2s - 54ms/step - loss: 0.7049 - val_loss: 0.6913
Epoch 29/500
36/36 - 2s - 55ms/step - loss: 0.7009 - val_loss: 0.6874
Epoch 30/500
36/36 - 2s - 55ms/step - loss: 0.6972 - val_loss: 0.6837
Epoch 31/500
36/36 - 2s - 54ms/step - loss: 0.6936 - val_loss: 0.6801
Epoch 32/500
36/36 - 2s - 54ms/step - loss: 0.6901 - val_loss: 0.6766
Epoch 33/500
36/36 - 2s - 55ms/step - loss: 0.6868 - val_loss: 0.6733
Epoch 34/500
36/36 - 2s - 54ms/step - loss: 0.6836 - val_loss: 0.6702
Epoch 35/500
36/36 - 2s - 55ms/step - loss: 0.6805 - val_loss: 0.6671
Epoch 36/500
36/36 - 2s - 54ms/step - loss: 0.6776 - val_loss: 0.6641
Epoch 37/500
36/36 - 2s - 54ms/step - loss: 0.6747 - val_loss: 0.6613
Epoch 38/500
36/36 - 2s - 54ms/step - loss: 0.6719 - val_loss: 0.6585
Epoch 39/500
36/36 - 2s - 54ms/step - loss: 0.6692 - val_loss: 0.6558
Epoch 40/500
36/36 - 2s - 55ms/step - loss: 0.6666 - val_loss: 0.6532
Epoch 41/500
36/36 - 2s - 55ms/step - loss: 0.6641 - val_loss: 0.6507
Epoch 42/500
36/36 - 2s - 54ms/step - loss: 0.6616 - val_loss: 0.6482
Epoch 43/500
36/36 - 2s - 54ms/step - loss: 0.6592 - val_loss: 0.6458
Epoch 44/500
36/36 - 2s - 55ms/step - loss: 0.6569 - val_loss: 0.6435
Epoch 45/500
36/36 - 2s - 55ms/step - loss: 0.6546 - val_loss: 0.6412
Epoch 46/500
36/36 - 2s - 55ms/step - loss: 0.6524 - val_loss: 0.6390
Epoch 47/500
36/36 - 2s - 55ms/step - loss: 0.6502 - val_loss: 0.6368
Epoch 48/500
36/36 - 2s - 55ms/step - loss: 0.6481 - val_loss: 0.6347
Epoch 49/500
36/36 - 2s - 55ms/step - loss: 0.6460 - val_loss: 0.6326
Epoch 50/500
36/36 - 2s - 55ms/step - loss: 0.6440 - val_loss: 0.6306
Epoch 51/500
36/36 - 2s - 55ms/step - loss: 0.6421 - val_loss: 0.6286
Epoch 52/500
36/36 - 2s - 55ms/step - loss: 0.6402 - val_loss: 0.6266
Epoch 53/500
36/36 - 2s - 55ms/step - loss: 0.6383 - val_loss: 0.6247
Epoch 54/500
36/36 - 2s - 55ms/step - loss: 0.6365 - val_loss: 0.6229
Epoch 55/500
36/36 - 2s - 55ms/step - loss: 0.6347 - val_loss: 0.6211
Epoch 56/500
36/36 - 2s - 54ms/step - loss: 0.6329 - val_loss: 0.6193
Epoch 57/500
36/36 - 2s - 55ms/step - loss: 0.6312 - val_loss: 0.6175
Epoch 58/500
36/36 - 2s - 55ms/step - loss: 0.6295 - val_loss: 0.6158
Epoch 59/500
36/36 - 2s - 55ms/step - loss: 0.6279 - val_loss: 0.6142
Epoch 60/500
36/36 - 2s - 55ms/step - loss: 0.6263 - val_loss: 0.6126
Epoch 61/500
36/36 - 2s - 56ms/step - loss: 0.6248 - val_loss: 0.6110
Epoch 62/500
36/36 - 2s - 55ms/step - loss: 0.6232 - val_loss: 0.6094
Epoch 63/500
36/36 - 2s - 55ms/step - loss: 0.6217 - val_loss: 0.6079
Epoch 64/500
36/36 - 2s - 55ms/step - loss: 0.6203 - val_loss: 0.6064
Epoch 65/500
36/36 - 2s - 55ms/step - loss: 0.6188 - val_loss: 0.6049
Epoch 66/500
36/36 - 2s - 55ms/step - loss: 0.6174 - val_loss: 0.6035
Epoch 67/500
36/36 - 2s - 55ms/step - loss: 0.6161 - val_loss: 0.6021
Epoch 68/500
36/36 - 2s - 55ms/step - loss: 0.6147 - val_loss: 0.6007
Epoch 69/500
36/36 - 2s - 55ms/step - loss: 0.6134 - val_loss: 0.5994
Epoch 70/500
36/36 - 2s - 55ms/step - loss: 0.6121 - val_loss: 0.5981
Epoch 71/500
36/36 - 2s - 55ms/step - loss: 0.6108 - val_loss: 0.5968
Epoch 72/500
36/36 - 2s - 55ms/step - loss: 0.6096 - val_loss: 0.5955
Epoch 73/500
36/36 - 2s - 55ms/step - loss: 0.6084 - val_loss: 0.5943
Epoch 74/500
36/36 - 2s - 55ms/step - loss: 0.6072 - val_loss: 0.5931
Epoch 75/500
36/36 - 2s - 55ms/step - loss: 0.6060 - val_loss: 0.5919
Epoch 76/500
36/36 - 2s - 56ms/step - loss: 0.6049 - val_loss: 0.5907
Epoch 77/500
36/36 - 2s - 55ms/step - loss: 0.6037 - val_loss: 0.5896
Epoch 78/500
36/36 - 2s - 55ms/step - loss: 0.6026 - val_loss: 0.5885
Epoch 79/500
36/36 - 2s - 55ms/step - loss: 0.6015 - val_loss: 0.5874
Epoch 80/500
36/36 - 2s - 55ms/step - loss: 0.6005 - val_loss: 0.5863
Epoch 81/500
36/36 - 2s - 55ms/step - loss: 0.5994 - val_loss: 0.5852
Epoch 82/500
36/36 - 2s - 55ms/step - loss: 0.5984 - val_loss: 0.5842
Epoch 83/500
36/36 - 2s - 55ms/step - loss: 0.5974 - val_loss: 0.5831
Epoch 84/500
36/36 - 2s - 55ms/step - loss: 0.5964 - val_loss: 0.5821
Epoch 85/500
36/36 - 2s - 55ms/step - loss: 0.5954 - val_loss: 0.5812
Epoch 86/500
36/36 - 2s - 55ms/step - loss: 0.5944 - val_loss: 0.5802
Epoch 87/500
36/36 - 2s - 55ms/step - loss: 0.5935 - val_loss: 0.5792
Epoch 88/500
36/36 - 2s - 55ms/step - loss: 0.5925 - val_loss: 0.5783
Epoch 89/500
36/36 - 2s - 55ms/step - loss: 0.5916 - val_loss: 0.5774
Epoch 90/500
36/36 - 2s - 55ms/step - loss: 0.5907 - val_loss: 0.5764
Epoch 91/500
36/36 - 2s - 55ms/step - loss: 0.5898 - val_loss: 0.5756
Epoch 92/500
36/36 - 2s - 56ms/step - loss: 0.5889 - val_loss: 0.5747
Epoch 93/500
36/36 - 2s - 55ms/step - loss: 0.5881 - val_loss: 0.5738
Epoch 94/500
36/36 - 2s - 55ms/step - loss: 0.5872 - val_loss: 0.5730
Epoch 95/500
36/36 - 2s - 55ms/step - loss: 0.5864 - val_loss: 0.5721
Epoch 96/500
36/36 - 2s - 55ms/step - loss: 0.5856 - val_loss: 0.5713
Epoch 97/500
36/36 - 2s - 55ms/step - loss: 0.5848 - val_loss: 0.5705
Epoch 98/500
36/36 - 2s - 55ms/step - loss: 0.5840 - val_loss: 0.5697
Epoch 99/500
36/36 - 2s - 55ms/step - loss: 0.5832 - val_loss: 0.5689
Epoch 100/500
36/36 - 2s - 55ms/step - loss: 0.5824 - val_loss: 0.5681
Epoch 101/500
36/36 - 2s - 55ms/step - loss: 0.5817 - val_loss: 0.5673
Epoch 102/500
36/36 - 2s - 55ms/step - loss: 0.5809 - val_loss: 0.5666
Epoch 103/500
36/36 - 2s - 55ms/step - loss: 0.5802 - val_loss: 0.5658
Epoch 104/500
36/36 - 2s - 55ms/step - loss: 0.5794 - val_loss: 0.5651
Epoch 105/500
36/36 - 2s - 55ms/step - loss: 0.5787 - val_loss: 0.5644
Epoch 106/500
36/36 - 2s - 55ms/step - loss: 0.5780 - val_loss: 0.5637
Epoch 107/500
36/36 - 2s - 55ms/step - loss: 0.5773 - val_loss: 0.5630
Epoch 108/500
36/36 - 2s - 55ms/step - loss: 0.5766 - val_loss: 0.5623
Epoch 109/500
36/36 - 2s - 55ms/step - loss: 0.5759 - val_loss: 0.5616
Epoch 110/500
36/36 - 2s - 55ms/step - loss: 0.5753 - val_loss: 0.5609
Epoch 111/500
36/36 - 2s - 55ms/step - loss: 0.5746 - val_loss: 0.5603
Epoch 112/500
36/36 - 2s - 55ms/step - loss: 0.5740 - val_loss: 0.5596
Epoch 113/500
36/36 - 2s - 55ms/step - loss: 0.5733 - val_loss: 0.5590
Epoch 114/500
36/36 - 2s - 55ms/step - loss: 0.5727 - val_loss: 0.5583
Epoch 115/500
36/36 - 2s - 55ms/step - loss: 0.5721 - val_loss: 0.5577
Epoch 116/500
36/36 - 2s - 55ms/step - loss: 0.5714 - val_loss: 0.5571
Epoch 117/500
36/36 - 2s - 55ms/step - loss: 0.5708 - val_loss: 0.5565
Epoch 118/500
36/36 - 2s - 55ms/step - loss: 0.5702 - val_loss: 0.5559
Epoch 119/500
36/36 - 2s - 55ms/step - loss: 0.5696 - val_loss: 0.5553
Epoch 120/500
36/36 - 2s - 55ms/step - loss: 0.5691 - val_loss: 0.5547
Epoch 121/500
36/36 - 2s - 55ms/step - loss: 0.5685 - val_loss: 0.5541
Epoch 122/500
36/36 - 2s - 55ms/step - loss: 0.5679 - val_loss: 0.5535
Epoch 123/500
36/36 - 2s - 56ms/step - loss: 0.5674 - val_loss: 0.5529
Epoch 124/500
36/36 - 2s - 55ms/step - loss: 0.5668 - val_loss: 0.5524
Epoch 125/500
36/36 - 2s - 55ms/step - loss: 0.5663 - val_loss: 0.5518
Epoch 126/500
36/36 - 2s - 55ms/step - loss: 0.5657 - val_loss: 0.5513
Epoch 127/500
36/36 - 2s - 55ms/step - loss: 0.5652 - val_loss: 0.5507
Epoch 128/500
36/36 - 2s - 55ms/step - loss: 0.5647 - val_loss: 0.5502
Epoch 129/500
36/36 - 2s - 55ms/step - loss: 0.5641 - val_loss: 0.5496
Epoch 130/500
36/36 - 2s - 55ms/step - loss: 0.5636 - val_loss: 0.5491
Epoch 131/500
36/36 - 2s - 55ms/step - loss: 0.5631 - val_loss: 0.5486
Epoch 132/500
36/36 - 2s - 55ms/step - loss: 0.5626 - val_loss: 0.5481
Epoch 133/500
36/36 - 2s - 55ms/step - loss: 0.5621 - val_loss: 0.5475
Epoch 134/500
36/36 - 2s - 55ms/step - loss: 0.5616 - val_loss: 0.5470
Epoch 135/500
36/36 - 2s - 55ms/step - loss: 0.5611 - val_loss: 0.5465
Epoch 136/500
36/36 - 2s - 55ms/step - loss: 0.5607 - val_loss: 0.5460
Epoch 137/500
36/36 - 2s - 55ms/step - loss: 0.5602 - val_loss: 0.5455
Epoch 138/500
36/36 - 2s - 55ms/step - loss: 0.5597 - val_loss: 0.5450
Epoch 139/500
36/36 - 2s - 55ms/step - loss: 0.5593 - val_loss: 0.5446
Epoch 140/500
36/36 - 2s - 55ms/step - loss: 0.5588 - val_loss: 0.5441
Epoch 141/500
36/36 - 2s - 55ms/step - loss: 0.5583 - val_loss: 0.5436
Epoch 142/500
36/36 - 2s - 55ms/step - loss: 0.5579 - val_loss: 0.5431
Epoch 143/500
36/36 - 2s - 55ms/step - loss: 0.5574 - val_loss: 0.5426
Epoch 144/500
36/36 - 2s - 55ms/step - loss: 0.5570 - val_loss: 0.5422
Epoch 145/500
36/36 - 2s - 55ms/step - loss: 0.5565 - val_loss: 0.5417
Epoch 146/500
36/36 - 2s - 55ms/step - loss: 0.5561 - val_loss: 0.5412
Epoch 147/500
36/36 - 2s - 55ms/step - loss: 0.5557 - val_loss: 0.5407
Epoch 148/500
36/36 - 2s - 55ms/step - loss: 0.5552 - val_loss: 0.5403
Epoch 149/500
36/36 - 2s - 55ms/step - loss: 0.5548 - val_loss: 0.5398
Epoch 150/500
36/36 - 2s - 55ms/step - loss: 0.5543 - val_loss: 0.5393
Epoch 151/500
36/36 - 2s - 55ms/step - loss: 0.5539 - val_loss: 0.5388
Epoch 152/500
36/36 - 2s - 55ms/step - loss: 0.5535 - val_loss: 0.5383
Epoch 153/500
36/36 - 2s - 56ms/step - loss: 0.5530 - val_loss: 0.5378
Epoch 154/500
36/36 - 2s - 55ms/step - loss: 0.5526 - val_loss: 0.5374
Epoch 155/500
36/36 - 2s - 55ms/step - loss: 0.5522 - val_loss: 0.5369
Epoch 156/500
36/36 - 2s - 55ms/step - loss: 0.5517 - val_loss: 0.5364
Epoch 157/500
36/36 - 2s - 55ms/step - loss: 0.5513 - val_loss: 0.5358
Epoch 158/500
36/36 - 2s - 55ms/step - loss: 0.5508 - val_loss: 0.5353
Epoch 159/500
36/36 - 2s - 55ms/step - loss: 0.5504 - val_loss: 0.5348
Epoch 160/500
36/36 - 2s - 55ms/step - loss: 0.5499 - val_loss: 0.5343
Epoch 161/500
36/36 - 2s - 55ms/step - loss: 0.5495 - val_loss: 0.5338
Epoch 162/500
36/36 - 2s - 55ms/step - loss: 0.5490 - val_loss: 0.5332
Epoch 163/500
36/36 - 2s - 55ms/step - loss: 0.5486 - val_loss: 0.5327
Epoch 164/500
36/36 - 2s - 55ms/step - loss: 0.5481 - val_loss: 0.5322
Epoch 165/500
36/36 - 2s - 55ms/step - loss: 0.5477 - val_loss: 0.5317
Epoch 166/500
36/36 - 2s - 55ms/step - loss: 0.5473 - val_loss: 0.5312
Epoch 167/500
36/36 - 2s - 55ms/step - loss: 0.5468 - val_loss: 0.5307
Epoch 168/500
36/36 - 2s - 55ms/step - loss: 0.5464 - val_loss: 0.5302
Epoch 169/500
36/36 - 2s - 55ms/step - loss: 0.5460 - val_loss: 0.5297
Epoch 170/500
36/36 - 2s - 55ms/step - loss: 0.5456 - val_loss: 0.5292
Epoch 171/500
36/36 - 2s - 55ms/step - loss: 0.5452 - val_loss: 0.5287
Epoch 172/500
36/36 - 2s - 55ms/step - loss: 0.5448 - val_loss: 0.5282
Epoch 173/500
36/36 - 2s - 55ms/step - loss: 0.5444 - val_loss: 0.5278
Epoch 174/500
36/36 - 2s - 55ms/step - loss: 0.5440 - val_loss: 0.5273
Epoch 175/500
36/36 - 2s - 55ms/step - loss: 0.5437 - val_loss: 0.5269
Epoch 176/500
36/36 - 2s - 55ms/step - loss: 0.5433 - val_loss: 0.5265
Epoch 177/500
36/36 - 2s - 55ms/step - loss: 0.5429 - val_loss: 0.5261
Epoch 178/500
36/36 - 2s - 55ms/step - loss: 0.5426 - val_loss: 0.5256
Epoch 179/500
36/36 - 2s - 55ms/step - loss: 0.5422 - val_loss: 0.5252
Epoch 180/500
36/36 - 2s - 55ms/step - loss: 0.5419 - val_loss: 0.5248
Epoch 181/500
36/36 - 2s - 55ms/step - loss: 0.5416 - val_loss: 0.5245
Epoch 182/500
36/36 - 2s - 55ms/step - loss: 0.5412 - val_loss: 0.5241
Epoch 183/500
36/36 - 2s - 55ms/step - loss: 0.5409 - val_loss: 0.5237
Epoch 184/500
36/36 - 2s - 56ms/step - loss: 0.5406 - val_loss: 0.5233
Epoch 185/500
36/36 - 2s - 55ms/step - loss: 0.5403 - val_loss: 0.5230
Epoch 186/500
36/36 - 2s - 55ms/step - loss: 0.5399 - val_loss: 0.5226
Epoch 187/500
36/36 - 2s - 55ms/step - loss: 0.5396 - val_loss: 0.5223
Epoch 188/500
36/36 - 2s - 55ms/step - loss: 0.5393 - val_loss: 0.5220
Epoch 189/500
36/36 - 2s - 55ms/step - loss: 0.5390 - val_loss: 0.5216
Epoch 190/500
36/36 - 2s - 55ms/step - loss: 0.5387 - val_loss: 0.5213
Epoch 191/500
36/36 - 2s - 55ms/step - loss: 0.5384 - val_loss: 0.5210
Epoch 192/500
36/36 - 2s - 55ms/step - loss: 0.5381 - val_loss: 0.5206
Epoch 193/500
36/36 - 2s - 55ms/step - loss: 0.5379 - val_loss: 0.5203
Epoch 194/500
36/36 - 2s - 55ms/step - loss: 0.5376 - val_loss: 0.5200
Epoch 195/500
36/36 - 2s - 55ms/step - loss: 0.5373 - val_loss: 0.5197
Epoch 196/500
36/36 - 2s - 55ms/step - loss: 0.5370 - val_loss: 0.5194
Epoch 197/500
36/36 - 2s - 55ms/step - loss: 0.5367 - val_loss: 0.5191
Epoch 198/500
36/36 - 2s - 55ms/step - loss: 0.5365 - val_loss: 0.5188
Epoch 199/500
36/36 - 2s - 55ms/step - loss: 0.5362 - val_loss: 0.5185
Epoch 200/500
36/36 - 2s - 54ms/step - loss: 0.5359 - val_loss: 0.5182
Epoch 201/500
36/36 - 2s - 55ms/step - loss: 0.5357 - val_loss: 0.5179
Epoch 202/500
36/36 - 2s - 55ms/step - loss: 0.5354 - val_loss: 0.5177
Epoch 203/500
36/36 - 2s - 55ms/step - loss: 0.5352 - val_loss: 0.5174
Epoch 204/500
36/36 - 2s - 55ms/step - loss: 0.5349 - val_loss: 0.5171
Epoch 205/500
36/36 - 2s - 55ms/step - loss: 0.5346 - val_loss: 0.5168
Epoch 206/500
36/36 - 2s - 55ms/step - loss: 0.5344 - val_loss: 0.5166
Epoch 207/500
36/36 - 2s - 55ms/step - loss: 0.5341 - val_loss: 0.5163
Epoch 208/500
36/36 - 2s - 55ms/step - loss: 0.5339 - val_loss: 0.5160
Epoch 209/500
36/36 - 2s - 55ms/step - loss: 0.5337 - val_loss: 0.5158
Epoch 210/500
36/36 - 2s - 55ms/step - loss: 0.5334 - val_loss: 0.5155
Epoch 211/500
36/36 - 2s - 55ms/step - loss: 0.5332 - val_loss: 0.5153
Epoch 212/500
36/36 - 2s - 55ms/step - loss: 0.5329 - val_loss: 0.5150
Epoch 213/500
36/36 - 2s - 55ms/step - loss: 0.5327 - val_loss: 0.5148
Epoch 214/500
36/36 - 2s - 55ms/step - loss: 0.5325 - val_loss: 0.5145
Epoch 215/500
36/36 - 2s - 56ms/step - loss: 0.5322 - val_loss: 0.5143
Epoch 216/500
36/36 - 2s - 55ms/step - loss: 0.5320 - val_loss: 0.5140
Epoch 217/500
36/36 - 2s - 55ms/step - loss: 0.5318 - val_loss: 0.5138
Epoch 218/500
36/36 - 2s - 55ms/step - loss: 0.5316 - val_loss: 0.5136
Epoch 219/500
36/36 - 2s - 55ms/step - loss: 0.5314 - val_loss: 0.5133
Epoch 220/500
36/36 - 2s - 55ms/step - loss: 0.5311 - val_loss: 0.5131
Epoch 221/500
36/36 - 2s - 55ms/step - loss: 0.5309 - val_loss: 0.5129
Epoch 222/500
36/36 - 2s - 55ms/step - loss: 0.5307 - val_loss: 0.5126
Epoch 223/500
36/36 - 2s - 55ms/step - loss: 0.5305 - val_loss: 0.5124
Epoch 224/500
36/36 - 2s - 55ms/step - loss: 0.5303 - val_loss: 0.5122
Epoch 225/500
36/36 - 2s - 54ms/step - loss: 0.5301 - val_loss: 0.5120
Epoch 226/500
36/36 - 2s - 55ms/step - loss: 0.5299 - val_loss: 0.5117
Epoch 227/500
36/36 - 2s - 55ms/step - loss: 0.5297 - val_loss: 0.5115
Epoch 228/500
36/36 - 2s - 55ms/step - loss: 0.5295 - val_loss: 0.5113
Epoch 229/500
36/36 - 2s - 55ms/step - loss: 0.5292 - val_loss: 0.5111
Epoch 230/500
36/36 - 2s - 55ms/step - loss: 0.5290 - val_loss: 0.5109
Epoch 231/500
36/36 - 2s - 55ms/step - loss: 0.5289 - val_loss: 0.5107
Epoch 232/500
36/36 - 2s - 55ms/step - loss: 0.5287 - val_loss: 0.5105
Epoch 233/500
36/36 - 2s - 55ms/step - loss: 0.5285 - val_loss: 0.5102
Epoch 234/500
36/36 - 2s - 55ms/step - loss: 0.5283 - val_loss: 0.5100
Epoch 235/500
36/36 - 2s - 55ms/step - loss: 0.5281 - val_loss: 0.5098
Epoch 236/500
36/36 - 2s - 55ms/step - loss: 0.5279 - val_loss: 0.5096
Epoch 237/500
36/36 - 2s - 54ms/step - loss: 0.5277 - val_loss: 0.5094
Epoch 238/500
36/36 - 2s - 55ms/step - loss: 0.5275 - val_loss: 0.5092
Epoch 239/500
36/36 - 2s - 55ms/step - loss: 0.5273 - val_loss: 0.5091
Epoch 240/500
36/36 - 2s - 55ms/step - loss: 0.5271 - val_loss: 0.5089
Epoch 241/500
36/36 - 2s - 55ms/step - loss: 0.5270 - val_loss: 0.5087
Epoch 242/500
36/36 - 2s - 55ms/step - loss: 0.5268 - val_loss: 0.5085
Epoch 243/500
36/36 - 2s - 55ms/step - loss: 0.5266 - val_loss: 0.5083
Epoch 244/500
36/36 - 2s - 55ms/step - loss: 0.5264 - val_loss: 0.5081
Epoch 245/500
36/36 - 2s - 55ms/step - loss: 0.5262 - val_loss: 0.5079
Epoch 246/500
36/36 - 2s - 56ms/step - loss: 0.5261 - val_loss: 0.5077
Epoch 247/500
36/36 - 2s - 55ms/step - loss: 0.5259 - val_loss: 0.5075
Epoch 248/500
36/36 - 2s - 55ms/step - loss: 0.5257 - val_loss: 0.5074
Epoch 249/500
36/36 - 2s - 55ms/step - loss: 0.5256 - val_loss: 0.5072
Epoch 250/500
36/36 - 2s - 55ms/step - loss: 0.5254 - val_loss: 0.5070
Epoch 251/500
36/36 - 2s - 55ms/step - loss: 0.5252 - val_loss: 0.5068
Epoch 252/500
36/36 - 2s - 55ms/step - loss: 0.5251 - val_loss: 0.5067
Epoch 253/500
36/36 - 2s - 55ms/step - loss: 0.5249 - val_loss: 0.5065
Epoch 254/500
36/36 - 2s - 55ms/step - loss: 0.5247 - val_loss: 0.5063
Epoch 255/500
36/36 - 2s - 55ms/step - loss: 0.5246 - val_loss: 0.5061
Epoch 256/500
36/36 - 2s - 55ms/step - loss: 0.5244 - val_loss: 0.5060
Epoch 257/500
36/36 - 2s - 55ms/step - loss: 0.5243 - val_loss: 0.5058
Epoch 258/500
36/36 - 2s - 55ms/step - loss: 0.5241 - val_loss: 0.5056
Epoch 259/500
36/36 - 2s - 55ms/step - loss: 0.5239 - val_loss: 0.5055
Epoch 260/500
36/36 - 2s - 55ms/step - loss: 0.5238 - val_loss: 0.5053
Epoch 261/500
36/36 - 2s - 55ms/step - loss: 0.5236 - val_loss: 0.5052
Epoch 262/500
36/36 - 2s - 55ms/step - loss: 0.5235 - val_loss: 0.5050
Epoch 263/500
36/36 - 2s - 55ms/step - loss: 0.5233 - val_loss: 0.5048
Epoch 264/500
36/36 - 2s - 55ms/step - loss: 0.5232 - val_loss: 0.5047
Epoch 265/500
36/36 - 2s - 55ms/step - loss: 0.5230 - val_loss: 0.5045
Epoch 266/500
36/36 - 2s - 55ms/step - loss: 0.5229 - val_loss: 0.5044
Epoch 267/500
36/36 - 2s - 55ms/step - loss: 0.5227 - val_loss: 0.5042
Epoch 268/500
36/36 - 2s - 55ms/step - loss: 0.5226 - val_loss: 0.5041
Epoch 269/500
36/36 - 2s - 55ms/step - loss: 0.5224 - val_loss: 0.5039
Epoch 270/500
36/36 - 2s - 55ms/step - loss: 0.5223 - val_loss: 0.5038
Epoch 271/500
36/36 - 2s - 55ms/step - loss: 0.5222 - val_loss: 0.5036
Epoch 272/500
36/36 - 2s - 55ms/step - loss: 0.5220 - val_loss: 0.5035
Epoch 273/500
36/36 - 2s - 55ms/step - loss: 0.5219 - val_loss: 0.5033
Epoch 274/500
36/36 - 2s - 55ms/step - loss: 0.5217 - val_loss: 0.5032
Epoch 275/500
36/36 - 2s - 55ms/step - loss: 0.5216 - val_loss: 0.5030
Epoch 276/500
36/36 - 2s - 56ms/step - loss: 0.5215 - val_loss: 0.5029
Epoch 277/500
36/36 - 2s - 55ms/step - loss: 0.5213 - val_loss: 0.5027
Epoch 278/500
36/36 - 2s - 55ms/step - loss: 0.5212 - val_loss: 0.5026
Epoch 279/500
36/36 - 2s - 55ms/step - loss: 0.5211 - val_loss: 0.5025
Epoch 280/500
36/36 - 2s - 55ms/step - loss: 0.5209 - val_loss: 0.5023
Epoch 281/500
36/36 - 2s - 55ms/step - loss: 0.5208 - val_loss: 0.5022
Epoch 282/500
36/36 - 2s - 55ms/step - loss: 0.5207 - val_loss: 0.5021
Epoch 283/500
36/36 - 2s - 55ms/step - loss: 0.5205 - val_loss: 0.5019
Epoch 284/500
36/36 - 2s - 55ms/step - loss: 0.5204 - val_loss: 0.5018
Epoch 285/500
36/36 - 2s - 55ms/step - loss: 0.5203 - val_loss: 0.5016
Epoch 286/500
36/36 - 2s - 55ms/step - loss: 0.5202 - val_loss: 0.5015
Epoch 287/500
36/36 - 2s - 55ms/step - loss: 0.5200 - val_loss: 0.5014
Epoch 288/500
36/36 - 2s - 55ms/step - loss: 0.5199 - val_loss: 0.5013
Epoch 289/500
36/36 - 2s - 55ms/step - loss: 0.5198 - val_loss: 0.5011
Epoch 290/500
36/36 - 2s - 55ms/step - loss: 0.5197 - val_loss: 0.5010
Epoch 291/500
36/36 - 2s - 55ms/step - loss: 0.5195 - val_loss: 0.5009
Epoch 292/500
36/36 - 2s - 55ms/step - loss: 0.5194 - val_loss: 0.5007
Epoch 293/500
36/36 - 2s - 55ms/step - loss: 0.5193 - val_loss: 0.5006
Epoch 294/500
36/36 - 2s - 55ms/step - loss: 0.5192 - val_loss: 0.5005
Epoch 295/500
36/36 - 2s - 55ms/step - loss: 0.5191 - val_loss: 0.5004
Epoch 296/500
36/36 - 2s - 55ms/step - loss: 0.5189 - val_loss: 0.5002
Epoch 297/500
36/36 - 2s - 55ms/step - loss: 0.5188 - val_loss: 0.5001
Epoch 298/500
36/36 - 2s - 55ms/step - loss: 0.5187 - val_loss: 0.5000
Epoch 299/500
36/36 - 2s - 55ms/step - loss: 0.5186 - val_loss: 0.4999
Epoch 300/500
36/36 - 2s - 55ms/step - loss: 0.5185 - val_loss: 0.4998
Epoch 301/500
36/36 - 2s - 55ms/step - loss: 0.5184 - val_loss: 0.4996
Epoch 302/500
36/36 - 2s - 55ms/step - loss: 0.5183 - val_loss: 0.4995
Epoch 303/500
36/36 - 2s - 55ms/step - loss: 0.5181 - val_loss: 0.4994
Epoch 304/500
36/36 - 2s - 55ms/step - loss: 0.5180 - val_loss: 0.4993
Epoch 305/500
36/36 - 2s - 55ms/step - loss: 0.5179 - val_loss: 0.4992
Epoch 306/500
36/36 - 2s - 55ms/step - loss: 0.5178 - val_loss: 0.4991
Epoch 307/500
36/36 - 2s - 56ms/step - loss: 0.5177 - val_loss: 0.4990
Epoch 308/500
36/36 - 2s - 55ms/step - loss: 0.5176 - val_loss: 0.4988
Epoch 309/500
36/36 - 2s - 55ms/step - loss: 0.5175 - val_loss: 0.4987
Epoch 310/500
36/36 - 2s - 55ms/step - loss: 0.5174 - val_loss: 0.4986
Epoch 311/500
36/36 - 2s - 55ms/step - loss: 0.5173 - val_loss: 0.4985
Epoch 312/500
36/36 - 2s - 55ms/step - loss: 0.5172 - val_loss: 0.4984
Epoch 313/500
36/36 - 2s - 55ms/step - loss: 0.5171 - val_loss: 0.4983
Epoch 314/500
36/36 - 2s - 55ms/step - loss: 0.5170 - val_loss: 0.4982
Epoch 315/500
36/36 - 2s - 55ms/step - loss: 0.5169 - val_loss: 0.4981
Epoch 316/500
36/36 - 2s - 55ms/step - loss: 0.5168 - val_loss: 0.4980
Epoch 317/500
36/36 - 2s - 55ms/step - loss: 0.5167 - val_loss: 0.4979
Epoch 318/500
36/36 - 2s - 55ms/step - loss: 0.5166 - val_loss: 0.4978
Epoch 319/500
36/36 - 2s - 55ms/step - loss: 0.5165 - val_loss: 0.4977
Epoch 320/500
36/36 - 2s - 55ms/step - loss: 0.5164 - val_loss: 0.4976
Epoch 321/500
36/36 - 2s - 55ms/step - loss: 0.5163 - val_loss: 0.4974
Epoch 322/500
36/36 - 2s - 55ms/step - loss: 0.5162 - val_loss: 0.4973
Epoch 323/500
36/36 - 2s - 55ms/step - loss: 0.5161 - val_loss: 0.4972
Epoch 324/500
36/36 - 2s - 55ms/step - loss: 0.5160 - val_loss: 0.4971
Epoch 325/500
36/36 - 2s - 55ms/step - loss: 0.5159 - val_loss: 0.4970
Epoch 326/500
36/36 - 2s - 55ms/step - loss: 0.5158 - val_loss: 0.4969
Epoch 327/500
36/36 - 2s - 55ms/step - loss: 0.5157 - val_loss: 0.4968
Epoch 328/500
36/36 - 2s - 55ms/step - loss: 0.5156 - val_loss: 0.4967
Epoch 329/500
36/36 - 2s - 55ms/step - loss: 0.5155 - val_loss: 0.4967
Epoch 330/500
36/36 - 2s - 55ms/step - loss: 0.5154 - val_loss: 0.4966
Epoch 331/500
36/36 - 2s - 55ms/step - loss: 0.5153 - val_loss: 0.4965
Epoch 332/500
36/36 - 2s - 55ms/step - loss: 0.5152 - val_loss: 0.4964
Epoch 333/500
36/36 - 2s - 55ms/step - loss: 0.5151 - val_loss: 0.4963
Epoch 334/500
36/36 - 2s - 55ms/step - loss: 0.5150 - val_loss: 0.4962
Epoch 335/500
36/36 - 2s - 55ms/step - loss: 0.5150 - val_loss: 0.4961
Epoch 336/500
36/36 - 2s - 55ms/step - loss: 0.5149 - val_loss: 0.4960
Epoch 337/500
36/36 - 2s - 55ms/step - loss: 0.5148 - val_loss: 0.4959
Epoch 338/500
36/36 - 2s - 56ms/step - loss: 0.5147 - val_loss: 0.4958
Epoch 339/500
36/36 - 2s - 55ms/step - loss: 0.5146 - val_loss: 0.4957
Epoch 340/500
36/36 - 2s - 55ms/step - loss: 0.5145 - val_loss: 0.4956
Epoch 341/500
36/36 - 2s - 55ms/step - loss: 0.5144 - val_loss: 0.4955
Epoch 342/500
36/36 - 2s - 55ms/step - loss: 0.5143 - val_loss: 0.4954
Epoch 343/500
36/36 - 2s - 55ms/step - loss: 0.5143 - val_loss: 0.4954
Epoch 344/500
36/36 - 2s - 55ms/step - loss: 0.5142 - val_loss: 0.4953
Epoch 345/500
36/36 - 2s - 55ms/step - loss: 0.5141 - val_loss: 0.4952
Epoch 346/500
36/36 - 2s - 55ms/step - loss: 0.5140 - val_loss: 0.4951
Epoch 347/500
36/36 - 2s - 55ms/step - loss: 0.5139 - val_loss: 0.4950
Epoch 348/500
36/36 - 2s - 55ms/step - loss: 0.5138 - val_loss: 0.4949
Epoch 349/500
36/36 - 2s - 55ms/step - loss: 0.5138 - val_loss: 0.4948
Epoch 350/500
36/36 - 2s - 55ms/step - loss: 0.5137 - val_loss: 0.4947
Epoch 351/500
36/36 - 2s - 55ms/step - loss: 0.5136 - val_loss: 0.4947
Epoch 352/500
36/36 - 2s - 55ms/step - loss: 0.5135 - val_loss: 0.4946
Epoch 353/500
36/36 - 2s - 55ms/step - loss: 0.5134 - val_loss: 0.4945
Epoch 354/500
36/36 - 2s - 55ms/step - loss: 0.5134 - val_loss: 0.4944
Epoch 355/500
36/36 - 2s - 56ms/step - loss: 0.5133 - val_loss: 0.4943
Epoch 356/500
36/36 - 2s - 54ms/step - loss: 0.5132 - val_loss: 0.4942
Epoch 357/500
36/36 - 2s - 55ms/step - loss: 0.5131 - val_loss: 0.4942
Epoch 358/500
36/36 - 2s - 68ms/step - loss: 0.5130 - val_loss: 0.4941
Epoch 359/500
36/36 - 2s - 50ms/step - loss: 0.5130 - val_loss: 0.4940
Epoch 360/500
36/36 - 2s - 54ms/step - loss: 0.5129 - val_loss: 0.4939
Epoch 361/500
36/36 - 2s - 55ms/step - loss: 0.5128 - val_loss: 0.4938
Epoch 362/500
36/36 - 2s - 55ms/step - loss: 0.5127 - val_loss: 0.4938
Epoch 363/500
36/36 - 2s - 55ms/step - loss: 0.5127 - val_loss: 0.4937
Epoch 364/500
36/36 - 2s - 55ms/step - loss: 0.5126 - val_loss: 0.4936
Epoch 365/500
36/36 - 2s - 55ms/step - loss: 0.5125 - val_loss: 0.4935
Epoch 366/500
36/36 - 2s - 55ms/step - loss: 0.5124 - val_loss: 0.4935
Epoch 367/500
36/36 - 2s - 55ms/step - loss: 0.5124 - val_loss: 0.4934
Epoch 368/500
36/36 - 2s - 55ms/step - loss: 0.5123 - val_loss: 0.4933
Epoch 369/500
36/36 - 2s - 56ms/step - loss: 0.5122 - val_loss: 0.4932
Epoch 370/500
36/36 - 2s - 55ms/step - loss: 0.5121 - val_loss: 0.4931
Epoch 371/500
36/36 - 2s - 55ms/step - loss: 0.5121 - val_loss: 0.4931
Epoch 372/500
36/36 - 2s - 55ms/step - loss: 0.5120 - val_loss: 0.4930
Epoch 373/500
36/36 - 2s - 55ms/step - loss: 0.5119 - val_loss: 0.4929
Epoch 374/500
36/36 - 2s - 55ms/step - loss: 0.5119 - val_loss: 0.4929
Epoch 375/500
36/36 - 2s - 55ms/step - loss: 0.5118 - val_loss: 0.4928
Epoch 376/500
36/36 - 2s - 55ms/step - loss: 0.5117 - val_loss: 0.4927
Epoch 377/500
36/36 - 2s - 55ms/step - loss: 0.5116 - val_loss: 0.4926
Epoch 378/500
36/36 - 2s - 55ms/step - loss: 0.5116 - val_loss: 0.4926
Epoch 379/500
36/36 - 2s - 55ms/step - loss: 0.5115 - val_loss: 0.4925
Epoch 380/500
36/36 - 2s - 55ms/step - loss: 0.5114 - val_loss: 0.4924
Epoch 381/500
36/36 - 2s - 55ms/step - loss: 0.5114 - val_loss: 0.4923
Epoch 382/500
36/36 - 336s - 9s/step - loss: 0.5113 - val_loss: 0.4923
Epoch 383/500
36/36 - 2s - 65ms/step - loss: 0.5112 - val_loss: 0.4922
Epoch 384/500
36/36 - 2s - 63ms/step - loss: 0.5112 - val_loss: 0.4921
Epoch 385/500
36/36 - 2s - 59ms/step - loss: 0.5111 - val_loss: 0.4921
Epoch 386/500
36/36 - 2s - 56ms/step - loss: 0.5110 - val_loss: 0.4920
Epoch 387/500
36/36 - 2s - 55ms/step - loss: 0.5110 - val_loss: 0.4919
Epoch 388/500
36/36 - 2s - 56ms/step - loss: 0.5109 - val_loss: 0.4919
Epoch 389/500
36/36 - 2s - 56ms/step - loss: 0.5108 - val_loss: 0.4918
Epoch 390/500
36/36 - 2s - 55ms/step - loss: 0.5108 - val_loss: 0.4917
Epoch 391/500
36/36 - 2s - 55ms/step - loss: 0.5107 - val_loss: 0.4917
Epoch 392/500
36/36 - 2s - 55ms/step - loss: 0.5106 - val_loss: 0.4916
Epoch 393/500
36/36 - 2s - 56ms/step - loss: 0.5106 - val_loss: 0.4915
Epoch 394/500
36/36 - 2s - 55ms/step - loss: 0.5105 - val_loss: 0.4915
Epoch 395/500
36/36 - 2s - 55ms/step - loss: 0.5105 - val_loss: 0.4914
Epoch 396/500
36/36 - 2s - 55ms/step - loss: 0.5104 - val_loss: 0.4913
Epoch 397/500
36/36 - 2s - 55ms/step - loss: 0.5103 - val_loss: 0.4913
Epoch 398/500
36/36 - 2s - 55ms/step - loss: 0.5103 - val_loss: 0.4912
Epoch 399/500
36/36 - 2s - 56ms/step - loss: 0.5102 - val_loss: 0.4911
Epoch 400/500
36/36 - 2s - 55ms/step - loss: 0.5101 - val_loss: 0.4911
Epoch 401/500
36/36 - 2s - 55ms/step - loss: 0.5101 - val_loss: 0.4910
Epoch 402/500
36/36 - 2s - 55ms/step - loss: 0.5100 - val_loss: 0.4909
Epoch 403/500
36/36 - 2s - 55ms/step - loss: 0.5100 - val_loss: 0.4909
Epoch 404/500
36/36 - 2s - 55ms/step - loss: 0.5099 - val_loss: 0.4908
Epoch 405/500
36/36 - 2s - 56ms/step - loss: 0.5098 - val_loss: 0.4908
Epoch 406/500
36/36 - 2s - 55ms/step - loss: 0.5098 - val_loss: 0.4907
Epoch 407/500
36/36 - 2s - 55ms/step - loss: 0.5097 - val_loss: 0.4906
Epoch 408/500
36/36 - 2s - 55ms/step - loss: 0.5097 - val_loss: 0.4906
Epoch 409/500
36/36 - 2s - 55ms/step - loss: 0.5096 - val_loss: 0.4905
Epoch 410/500
36/36 - 2s - 56ms/step - loss: 0.5095 - val_loss: 0.4904
Epoch 411/500
36/36 - 2s - 55ms/step - loss: 0.5095 - val_loss: 0.4904
Epoch 412/500
36/36 - 2s - 55ms/step - loss: 0.5094 - val_loss: 0.4903
Epoch 413/500
36/36 - 2s - 55ms/step - loss: 0.5094 - val_loss: 0.4903
Epoch 414/500
36/36 - 2s - 56ms/step - loss: 0.5093 - val_loss: 0.4902
Epoch 415/500
36/36 - 2s - 55ms/step - loss: 0.5092 - val_loss: 0.4901
Epoch 416/500
36/36 - 2s - 55ms/step - loss: 0.5092 - val_loss: 0.4901
Epoch 417/500
36/36 - 2s - 55ms/step - loss: 0.5091 - val_loss: 0.4900
Epoch 418/500
36/36 - 2s - 55ms/step - loss: 0.5091 - val_loss: 0.4900
Epoch 419/500
36/36 - 2s - 55ms/step - loss: 0.5090 - val_loss: 0.4899
Epoch 420/500
36/36 - 2s - 56ms/step - loss: 0.5090 - val_loss: 0.4899
Epoch 421/500
36/36 - 2s - 55ms/step - loss: 0.5089 - val_loss: 0.4898
Epoch 422/500
36/36 - 2s - 55ms/step - loss: 0.5089 - val_loss: 0.4897
Epoch 423/500
36/36 - 2s - 55ms/step - loss: 0.5088 - val_loss: 0.4897
Epoch 424/500
36/36 - 2s - 55ms/step - loss: 0.5087 - val_loss: 0.4896
Epoch 425/500
36/36 - 2s - 55ms/step - loss: 0.5087 - val_loss: 0.4896
Epoch 426/500
36/36 - 2s - 55ms/step - loss: 0.5086 - val_loss: 0.4895
Epoch 427/500
36/36 - 2s - 55ms/step - loss: 0.5086 - val_loss: 0.4895
Epoch 428/500
36/36 - 2s - 55ms/step - loss: 0.5085 - val_loss: 0.4894
Epoch 429/500
36/36 - 2s - 56ms/step - loss: 0.5085 - val_loss: 0.4894
Epoch 430/500
36/36 - 2s - 56ms/step - loss: 0.5084 - val_loss: 0.4893
Epoch 431/500
36/36 - 2s - 56ms/step - loss: 0.5084 - val_loss: 0.4892
Epoch 432/500
36/36 - 2s - 55ms/step - loss: 0.5083 - val_loss: 0.4892
Epoch 433/500
36/36 - 2s - 55ms/step - loss: 0.5083 - val_loss: 0.4891
Epoch 434/500
36/36 - 2s - 55ms/step - loss: 0.5082 - val_loss: 0.4891
Epoch 435/500
36/36 - 2s - 55ms/step - loss: 0.5081 - val_loss: 0.4890
Epoch 436/500
36/36 - 2s - 55ms/step - loss: 0.5081 - val_loss: 0.4890
Epoch 437/500
36/36 - 2s - 55ms/step - loss: 0.5080 - val_loss: 0.4889
Epoch 438/500
36/36 - 2s - 55ms/step - loss: 0.5080 - val_loss: 0.4889
Epoch 439/500
36/36 - 2s - 56ms/step - loss: 0.5079 - val_loss: 0.4888
Epoch 440/500
36/36 - 2s - 55ms/step - loss: 0.5079 - val_loss: 0.4888
Epoch 441/500
36/36 - 2s - 55ms/step - loss: 0.5078 - val_loss: 0.4887
Epoch 442/500
36/36 - 2s - 56ms/step - loss: 0.5078 - val_loss: 0.4887
Epoch 443/500
36/36 - 2s - 55ms/step - loss: 0.5077 - val_loss: 0.4886
Epoch 444/500
36/36 - 2s - 55ms/step - loss: 0.5077 - val_loss: 0.4886
Epoch 445/500
36/36 - 2s - 56ms/step - loss: 0.5076 - val_loss: 0.4885
Epoch 446/500
36/36 - 2s - 55ms/step - loss: 0.5076 - val_loss: 0.4885
Epoch 447/500
36/36 - 2s - 55ms/step - loss: 0.5075 - val_loss: 0.4884
Epoch 448/500
36/36 - 2s - 55ms/step - loss: 0.5075 - val_loss: 0.4884
Epoch 449/500
36/36 - 2s - 55ms/step - loss: 0.5074 - val_loss: 0.4883
Epoch 450/500
36/36 - 2s - 55ms/step - loss: 0.5074 - val_loss: 0.4883
Epoch 451/500
36/36 - 2s - 55ms/step - loss: 0.5073 - val_loss: 0.4882
Epoch 452/500
36/36 - 2s - 55ms/step - loss: 0.5073 - val_loss: 0.4882
Epoch 453/500
36/36 - 2s - 55ms/step - loss: 0.5072 - val_loss: 0.4881
Epoch 454/500
36/36 - 2s - 55ms/step - loss: 0.5072 - val_loss: 0.4881
Epoch 455/500
36/36 - 2s - 55ms/step - loss: 0.5071 - val_loss: 0.4880
Epoch 456/500
36/36 - 2s - 56ms/step - loss: 0.5071 - val_loss: 0.4880
Epoch 457/500
36/36 - 2s - 55ms/step - loss: 0.5070 - val_loss: 0.4879
Epoch 458/500
36/36 - 2s - 55ms/step - loss: 0.5070 - val_loss: 0.4879
Epoch 459/500
36/36 - 2s - 55ms/step - loss: 0.5069 - val_loss: 0.4878
Epoch 460/500
36/36 - 2s - 56ms/step - loss: 0.5069 - val_loss: 0.4878
Epoch 461/500
36/36 - 2s - 56ms/step - loss: 0.5068 - val_loss: 0.4877
Epoch 462/500
36/36 - 2s - 55ms/step - loss: 0.5068 - val_loss: 0.4877
Epoch 463/500
36/36 - 2s - 55ms/step - loss: 0.5067 - val_loss: 0.4876
Epoch 464/500
36/36 - 2s - 55ms/step - loss: 0.5067 - val_loss: 0.4876
Epoch 465/500
36/36 - 2s - 55ms/step - loss: 0.5067 - val_loss: 0.4875
Epoch 466/500
36/36 - 2s - 55ms/step - loss: 0.5066 - val_loss: 0.4875
Epoch 467/500
36/36 - 2s - 55ms/step - loss: 0.5066 - val_loss: 0.4874
Epoch 468/500
36/36 - 2s - 55ms/step - loss: 0.5065 - val_loss: 0.4874
Epoch 469/500
36/36 - 2s - 55ms/step - loss: 0.5065 - val_loss: 0.4874
Epoch 470/500
36/36 - 2s - 55ms/step - loss: 0.5064 - val_loss: 0.4873
Epoch 471/500
36/36 - 2s - 56ms/step - loss: 0.5064 - val_loss: 0.4873
Epoch 472/500
36/36 - 2s - 56ms/step - loss: 0.5063 - val_loss: 0.4872
Epoch 473/500
36/36 - 2s - 56ms/step - loss: 0.5063 - val_loss: 0.4872
Epoch 474/500
36/36 - 2s - 56ms/step - loss: 0.5062 - val_loss: 0.4871
Epoch 475/500
36/36 - 2s - 55ms/step - loss: 0.5062 - val_loss: 0.4871
Epoch 476/500
36/36 - 2s - 55ms/step - loss: 0.5061 - val_loss: 0.4870
Epoch 477/500
36/36 - 2s - 55ms/step - loss: 0.5061 - val_loss: 0.4870
Epoch 478/500
36/36 - 2s - 55ms/step - loss: 0.5060 - val_loss: 0.4870
Epoch 479/500
36/36 - 2s - 55ms/step - loss: 0.5060 - val_loss: 0.4869
Epoch 480/500
36/36 - 2s - 56ms/step - loss: 0.5060 - val_loss: 0.4869
Epoch 481/500
36/36 - 2s - 55ms/step - loss: 0.5059 - val_loss: 0.4868
Epoch 482/500
36/36 - 2s - 55ms/step - loss: 0.5059 - val_loss: 0.4868
Epoch 483/500
36/36 - 2s - 55ms/step - loss: 0.5058 - val_loss: 0.4867
Epoch 484/500
36/36 - 2s - 56ms/step - loss: 0.5058 - val_loss: 0.4867
Epoch 485/500
36/36 - 2s - 55ms/step - loss: 0.5057 - val_loss: 0.4867
Epoch 486/500
36/36 - 2s - 56ms/step - loss: 0.5057 - val_loss: 0.4866
Epoch 487/500
36/36 - 2s - 55ms/step - loss: 0.5056 - val_loss: 0.4866
Epoch 488/500
36/36 - 2s - 55ms/step - loss: 0.5056 - val_loss: 0.4865
Epoch 489/500
36/36 - 2s - 55ms/step - loss: 0.5056 - val_loss: 0.4865
Epoch 490/500
36/36 - 2s - 55ms/step - loss: 0.5055 - val_loss: 0.4865
Epoch 491/500
36/36 - 2s - 56ms/step - loss: 0.5055 - val_loss: 0.4864
Epoch 492/500
36/36 - 2s - 55ms/step - loss: 0.5054 - val_loss: 0.4864
Epoch 493/500
36/36 - 2s - 55ms/step - loss: 0.5054 - val_loss: 0.4863
Epoch 494/500
36/36 - 2s - 55ms/step - loss: 0.5053 - val_loss: 0.4863
Epoch 495/500
36/36 - 2s - 55ms/step - loss: 0.5053 - val_loss: 0.4863
Epoch 496/500
36/36 - 2s - 56ms/step - loss: 0.5052 - val_loss: 0.4862
Epoch 497/500
36/36 - 2s - 55ms/step - loss: 0.5052 - val_loss: 0.4862
Epoch 498/500
36/36 - 2s - 55ms/step - loss: 0.5052 - val_loss: 0.4861
Epoch 499/500
36/36 - 2s - 55ms/step - loss: 0.5051 - val_loss: 0.4861
Epoch 500/500
36/36 - 2s - 55ms/step - loss: 0.5051 - val_loss: 0.4861
[Run 3/5] Training single encoder baseline (baseline preprocessing, linear structure, sigmoid head)...
/Users/albert/Downloads/Documents/PhD Thesis/Comparable/.venv/lib/python3.12/site-packages/sklearn/linear_model/_linear_loss.py:203: RuntimeWarning: divide by zero encountered in matmul
  raw_prediction = X @ weights + intercept
/Users/albert/Downloads/Documents/PhD Thesis/Comparable/.venv/lib/python3.12/site-packages/sklearn/linear_model/_linear_loss.py:203: RuntimeWarning: overflow encountered in matmul
  raw_prediction = X @ weights + intercept
/Users/albert/Downloads/Documents/PhD Thesis/Comparable/.venv/lib/python3.12/site-packages/sklearn/linear_model/_linear_loss.py:203: RuntimeWarning: invalid value encountered in matmul
  raw_prediction = X @ weights + intercept
/Users/albert/Downloads/Documents/PhD Thesis/Comparable/.venv/lib/python3.12/site-packages/sklearn/linear_model/_linear_loss.py:333: RuntimeWarning: divide by zero encountered in matmul
  grad[:n_features] = X.T @ grad_pointwise + l2_reg_strength * weights
/Users/albert/Downloads/Documents/PhD Thesis/Comparable/.venv/lib/python3.12/site-packages/sklearn/linear_model/_linear_loss.py:333: RuntimeWarning: overflow encountered in matmul
  grad[:n_features] = X.T @ grad_pointwise + l2_reg_strength * weights
/Users/albert/Downloads/Documents/PhD Thesis/Comparable/.venv/lib/python3.12/site-packages/sklearn/linear_model/_linear_loss.py:333: RuntimeWarning: invalid value encountered in matmul
  grad[:n_features] = X.T @ grad_pointwise + l2_reg_strength * weights
/Users/albert/Downloads/Documents/PhD Thesis/Comparable/.venv/lib/python3.12/site-packages/sklearn/utils/extmath.py:227: RuntimeWarning: divide by zero encountered in matmul
  ret = a @ b
/Users/albert/Downloads/Documents/PhD Thesis/Comparable/.venv/lib/python3.12/site-packages/sklearn/utils/extmath.py:227: RuntimeWarning: overflow encountered in matmul
  ret = a @ b
/Users/albert/Downloads/Documents/PhD Thesis/Comparable/.venv/lib/python3.12/site-packages/sklearn/utils/extmath.py:227: RuntimeWarning: invalid value encountered in matmul
  ret = a @ b
[Run 3/5] Shared encoder (unweight) validation threshold=0.5123 (balanced_accuracy=0.7571).
[Run 3/5] Shared encoder (weighted) validation threshold=0.3176 (balanced_accuracy=0.7590).
/Users/albert/Downloads/Documents/PhD Thesis/Comparable/Code/Synthetic/synthetic.py:106: Pandas4Warning: For backward compatibility, 'str' dtypes are included by select_dtypes when 'object' dtype is specified. This behavior is deprecated and will be removed in a future version. Explicitly pass 'str' to `include` to select them, or to `exclude` to remove them and silence this warning.
See https://pandas.pydata.org/docs/user_guide/migration-3-strings.html#string-migration-select-dtypes for details on how to write code that works with pandas 2 and 3.
  text_cols = df.select_dtypes(include="object").columns
[Run 4/5] Training shared encoder (unweighted, sigmoid head, baseline preprocessing)...
/Users/albert/Downloads/Documents/PhD Thesis/Comparable/.venv/lib/python3.12/site-packages/keras/src/trainers/trainer.py:212: UserWarning: Model doesn't support `jit_compile=True`. Proceeding with `jit_compile=False`.
  warnings.warn(
Epoch 1/500
35/35 - 2s - 61ms/step - loss: 0.9736 - val_loss: 0.9585
Epoch 2/500
35/35 - 2s - 50ms/step - loss: 0.9521 - val_loss: 0.9377
Epoch 3/500
35/35 - 2s - 50ms/step - loss: 0.9316 - val_loss: 0.9179
Epoch 4/500
35/35 - 2s - 50ms/step - loss: 0.9124 - val_loss: 0.8995
Epoch 5/500
35/35 - 2s - 50ms/step - loss: 0.8945 - val_loss: 0.8823
Epoch 6/500
35/35 - 2s - 50ms/step - loss: 0.8779 - val_loss: 0.8665
Epoch 7/500
35/35 - 2s - 50ms/step - loss: 0.8625 - val_loss: 0.8518
Epoch 8/500
35/35 - 2s - 50ms/step - loss: 0.8481 - val_loss: 0.8381
Epoch 9/500
35/35 - 2s - 50ms/step - loss: 0.8346 - val_loss: 0.8253
Epoch 10/500
35/35 - 2s - 50ms/step - loss: 0.8218 - val_loss: 0.8132
Epoch 11/500
35/35 - 2s - 51ms/step - loss: 0.8098 - val_loss: 0.8019
Epoch 12/500
35/35 - 2s - 51ms/step - loss: 0.7984 - val_loss: 0.7910
Epoch 13/500
35/35 - 2s - 51ms/step - loss: 0.7874 - val_loss: 0.7802
Epoch 14/500
35/35 - 2s - 51ms/step - loss: 0.7765 - val_loss: 0.7690
Epoch 15/500
35/35 - 2s - 50ms/step - loss: 0.7657 - val_loss: 0.7580
Epoch 16/500
35/35 - 2s - 51ms/step - loss: 0.7557 - val_loss: 0.7485
Epoch 17/500
35/35 - 2s - 51ms/step - loss: 0.7471 - val_loss: 0.7406
Epoch 18/500
35/35 - 2s - 51ms/step - loss: 0.7397 - val_loss: 0.7338
Epoch 19/500
35/35 - 2s - 51ms/step - loss: 0.7331 - val_loss: 0.7277
Epoch 20/500
35/35 - 2s - 51ms/step - loss: 0.7272 - val_loss: 0.7223
Epoch 21/500
35/35 - 2s - 51ms/step - loss: 0.7218 - val_loss: 0.7174
Epoch 22/500
35/35 - 2s - 51ms/step - loss: 0.7168 - val_loss: 0.7128
Epoch 23/500
35/35 - 2s - 50ms/step - loss: 0.7122 - val_loss: 0.7086
Epoch 24/500
35/35 - 2s - 51ms/step - loss: 0.7079 - val_loss: 0.7047
Epoch 25/500
35/35 - 2s - 51ms/step - loss: 0.7039 - val_loss: 0.7010
Epoch 26/500
35/35 - 2s - 51ms/step - loss: 0.7001 - val_loss: 0.6976
Epoch 27/500
35/35 - 2s - 50ms/step - loss: 0.6966 - val_loss: 0.6944
Epoch 28/500
35/35 - 2s - 50ms/step - loss: 0.6932 - val_loss: 0.6913
Epoch 29/500
35/35 - 2s - 51ms/step - loss: 0.6901 - val_loss: 0.6884
Epoch 30/500
35/35 - 2s - 51ms/step - loss: 0.6871 - val_loss: 0.6857
Epoch 31/500
35/35 - 2s - 51ms/step - loss: 0.6842 - val_loss: 0.6831
Epoch 32/500
35/35 - 2s - 51ms/step - loss: 0.6815 - val_loss: 0.6806
Epoch 33/500
35/35 - 2s - 51ms/step - loss: 0.6789 - val_loss: 0.6782
Epoch 34/500
35/35 - 2s - 51ms/step - loss: 0.6764 - val_loss: 0.6759
Epoch 35/500
35/35 - 2s - 51ms/step - loss: 0.6740 - val_loss: 0.6737
Epoch 36/500
35/35 - 2s - 50ms/step - loss: 0.6717 - val_loss: 0.6716
Epoch 37/500
35/35 - 2s - 51ms/step - loss: 0.6695 - val_loss: 0.6696
Epoch 38/500
35/35 - 2s - 50ms/step - loss: 0.6674 - val_loss: 0.6676
Epoch 39/500
35/35 - 2s - 51ms/step - loss: 0.6654 - val_loss: 0.6657
Epoch 40/500
35/35 - 2s - 51ms/step - loss: 0.6634 - val_loss: 0.6639
Epoch 41/500
35/35 - 2s - 51ms/step - loss: 0.6615 - val_loss: 0.6621
Epoch 42/500
35/35 - 2s - 50ms/step - loss: 0.6597 - val_loss: 0.6604
Epoch 43/500
35/35 - 2s - 51ms/step - loss: 0.6579 - val_loss: 0.6588
Epoch 44/500
35/35 - 2s - 50ms/step - loss: 0.6562 - val_loss: 0.6572
Epoch 45/500
35/35 - 2s - 51ms/step - loss: 0.6546 - val_loss: 0.6557
Epoch 46/500
35/35 - 2s - 51ms/step - loss: 0.6530 - val_loss: 0.6542
Epoch 47/500
35/35 - 2s - 51ms/step - loss: 0.6514 - val_loss: 0.6527
Epoch 48/500
35/35 - 2s - 51ms/step - loss: 0.6499 - val_loss: 0.6513
Epoch 49/500
35/35 - 2s - 51ms/step - loss: 0.6484 - val_loss: 0.6499
Epoch 50/500
35/35 - 2s - 51ms/step - loss: 0.6470 - val_loss: 0.6486
Epoch 51/500
35/35 - 2s - 50ms/step - loss: 0.6456 - val_loss: 0.6473
Epoch 52/500
35/35 - 2s - 51ms/step - loss: 0.6443 - val_loss: 0.6460
Epoch 53/500
35/35 - 2s - 51ms/step - loss: 0.6430 - val_loss: 0.6448
Epoch 54/500
35/35 - 2s - 51ms/step - loss: 0.6417 - val_loss: 0.6436
Epoch 55/500
35/35 - 2s - 51ms/step - loss: 0.6405 - val_loss: 0.6425
Epoch 56/500
35/35 - 2s - 50ms/step - loss: 0.6393 - val_loss: 0.6413
Epoch 57/500
35/35 - 2s - 51ms/step - loss: 0.6381 - val_loss: 0.6402
Epoch 58/500
35/35 - 2s - 51ms/step - loss: 0.6370 - val_loss: 0.6391
Epoch 59/500
35/35 - 2s - 51ms/step - loss: 0.6358 - val_loss: 0.6381
Epoch 60/500
35/35 - 2s - 50ms/step - loss: 0.6348 - val_loss: 0.6371
Epoch 61/500
35/35 - 2s - 51ms/step - loss: 0.6337 - val_loss: 0.6361
Epoch 62/500
35/35 - 2s - 51ms/step - loss: 0.6327 - val_loss: 0.6351
Epoch 63/500
35/35 - 2s - 51ms/step - loss: 0.6316 - val_loss: 0.6341
Epoch 64/500
35/35 - 2s - 51ms/step - loss: 0.6306 - val_loss: 0.6332
Epoch 65/500
35/35 - 2s - 51ms/step - loss: 0.6297 - val_loss: 0.6323
Epoch 66/500
35/35 - 2s - 51ms/step - loss: 0.6287 - val_loss: 0.6314
Epoch 67/500
35/35 - 2s - 51ms/step - loss: 0.6278 - val_loss: 0.6305
Epoch 68/500
35/35 - 2s - 51ms/step - loss: 0.6269 - val_loss: 0.6296
Epoch 69/500
35/35 - 2s - 51ms/step - loss: 0.6260 - val_loss: 0.6288
Epoch 70/500
35/35 - 2s - 51ms/step - loss: 0.6251 - val_loss: 0.6280
Epoch 71/500
35/35 - 2s - 51ms/step - loss: 0.6243 - val_loss: 0.6272
Epoch 72/500
35/35 - 2s - 50ms/step - loss: 0.6234 - val_loss: 0.6264
Epoch 73/500
35/35 - 2s - 50ms/step - loss: 0.6226 - val_loss: 0.6256
Epoch 74/500
35/35 - 2s - 50ms/step - loss: 0.6218 - val_loss: 0.6248
Epoch 75/500
35/35 - 2s - 50ms/step - loss: 0.6210 - val_loss: 0.6241
Epoch 76/500
35/35 - 2s - 51ms/step - loss: 0.6202 - val_loss: 0.6234
Epoch 77/500
35/35 - 2s - 52ms/step - loss: 0.6195 - val_loss: 0.6226
Epoch 78/500
35/35 - 2s - 51ms/step - loss: 0.6187 - val_loss: 0.6219
Epoch 79/500
35/35 - 2s - 51ms/step - loss: 0.6180 - val_loss: 0.6212
Epoch 80/500
35/35 - 2s - 51ms/step - loss: 0.6173 - val_loss: 0.6206
Epoch 81/500
35/35 - 2s - 51ms/step - loss: 0.6166 - val_loss: 0.6199
Epoch 82/500
35/35 - 2s - 51ms/step - loss: 0.6159 - val_loss: 0.6192
Epoch 83/500
35/35 - 2s - 51ms/step - loss: 0.6152 - val_loss: 0.6186
Epoch 84/500
35/35 - 2s - 52ms/step - loss: 0.6145 - val_loss: 0.6180
Epoch 85/500
35/35 - 2s - 51ms/step - loss: 0.6139 - val_loss: 0.6173
Epoch 86/500
35/35 - 2s - 51ms/step - loss: 0.6132 - val_loss: 0.6167
Epoch 87/500
35/35 - 2s - 51ms/step - loss: 0.6126 - val_loss: 0.6161
Epoch 88/500
35/35 - 2s - 51ms/step - loss: 0.6119 - val_loss: 0.6155
Epoch 89/500
35/35 - 2s - 51ms/step - loss: 0.6113 - val_loss: 0.6149
Epoch 90/500
35/35 - 2s - 51ms/step - loss: 0.6107 - val_loss: 0.6143
Epoch 91/500
35/35 - 2s - 51ms/step - loss: 0.6101 - val_loss: 0.6138
Epoch 92/500
35/35 - 2s - 51ms/step - loss: 0.6095 - val_loss: 0.6132
Epoch 93/500
35/35 - 2s - 51ms/step - loss: 0.6089 - val_loss: 0.6126
Epoch 94/500
35/35 - 2s - 51ms/step - loss: 0.6083 - val_loss: 0.6121
Epoch 95/500
35/35 - 2s - 51ms/step - loss: 0.6078 - val_loss: 0.6115
Epoch 96/500
35/35 - 2s - 51ms/step - loss: 0.6072 - val_loss: 0.6110
Epoch 97/500
35/35 - 2s - 51ms/step - loss: 0.6067 - val_loss: 0.6105
Epoch 98/500
35/35 - 2s - 51ms/step - loss: 0.6061 - val_loss: 0.6099
Epoch 99/500
35/35 - 2s - 51ms/step - loss: 0.6056 - val_loss: 0.6094
Epoch 100/500
35/35 - 2s - 51ms/step - loss: 0.6051 - val_loss: 0.6089
Epoch 101/500
35/35 - 2s - 50ms/step - loss: 0.6045 - val_loss: 0.6084
Epoch 102/500
35/35 - 2s - 50ms/step - loss: 0.6040 - val_loss: 0.6079
Epoch 103/500
35/35 - 2s - 51ms/step - loss: 0.6035 - val_loss: 0.6074
Epoch 104/500
35/35 - 2s - 51ms/step - loss: 0.6030 - val_loss: 0.6069
Epoch 105/500
35/35 - 2s - 51ms/step - loss: 0.6025 - val_loss: 0.6064
Epoch 106/500
35/35 - 2s - 51ms/step - loss: 0.6020 - val_loss: 0.6059
Epoch 107/500
35/35 - 2s - 51ms/step - loss: 0.6015 - val_loss: 0.6055
Epoch 108/500
35/35 - 2s - 51ms/step - loss: 0.6011 - val_loss: 0.6050
Epoch 109/500
35/35 - 2s - 51ms/step - loss: 0.6006 - val_loss: 0.6045
Epoch 110/500
35/35 - 2s - 51ms/step - loss: 0.6001 - val_loss: 0.6041
Epoch 111/500
35/35 - 2s - 51ms/step - loss: 0.5997 - val_loss: 0.6036
Epoch 112/500
35/35 - 2s - 51ms/step - loss: 0.5992 - val_loss: 0.6031
Epoch 113/500
35/35 - 2s - 51ms/step - loss: 0.5988 - val_loss: 0.6027
Epoch 114/500
35/35 - 2s - 51ms/step - loss: 0.5983 - val_loss: 0.6022
Epoch 115/500
35/35 - 2s - 51ms/step - loss: 0.5979 - val_loss: 0.6018
Epoch 116/500
35/35 - 2s - 51ms/step - loss: 0.5975 - val_loss: 0.6013
Epoch 117/500
35/35 - 2s - 51ms/step - loss: 0.5970 - val_loss: 0.6009
Epoch 118/500
35/35 - 2s - 51ms/step - loss: 0.5966 - val_loss: 0.6005
Epoch 119/500
35/35 - 2s - 52ms/step - loss: 0.5962 - val_loss: 0.6000
Epoch 120/500
35/35 - 2s - 51ms/step - loss: 0.5958 - val_loss: 0.5996
Epoch 121/500
35/35 - 2s - 51ms/step - loss: 0.5954 - val_loss: 0.5992
Epoch 122/500
35/35 - 2s - 51ms/step - loss: 0.5950 - val_loss: 0.5988
Epoch 123/500
35/35 - 2s - 51ms/step - loss: 0.5946 - val_loss: 0.5983
Epoch 124/500
35/35 - 2s - 51ms/step - loss: 0.5942 - val_loss: 0.5979
Epoch 125/500
35/35 - 2s - 51ms/step - loss: 0.5938 - val_loss: 0.5975
Epoch 126/500
35/35 - 2s - 51ms/step - loss: 0.5934 - val_loss: 0.5971
Epoch 127/500
35/35 - 2s - 51ms/step - loss: 0.5930 - val_loss: 0.5967
Epoch 128/500
35/35 - 2s - 51ms/step - loss: 0.5926 - val_loss: 0.5963
Epoch 129/500
35/35 - 2s - 51ms/step - loss: 0.5922 - val_loss: 0.5959
Epoch 130/500
35/35 - 2s - 51ms/step - loss: 0.5919 - val_loss: 0.5955
Epoch 131/500
35/35 - 2s - 51ms/step - loss: 0.5915 - val_loss: 0.5951
Epoch 132/500
35/35 - 2s - 51ms/step - loss: 0.5911 - val_loss: 0.5947
Epoch 133/500
35/35 - 2s - 51ms/step - loss: 0.5908 - val_loss: 0.5943
Epoch 134/500
35/35 - 2s - 51ms/step - loss: 0.5904 - val_loss: 0.5940
Epoch 135/500
35/35 - 2s - 51ms/step - loss: 0.5900 - val_loss: 0.5936
Epoch 136/500
35/35 - 2s - 51ms/step - loss: 0.5897 - val_loss: 0.5932
Epoch 137/500
35/35 - 2s - 51ms/step - loss: 0.5894 - val_loss: 0.5928
Epoch 138/500
35/35 - 2s - 51ms/step - loss: 0.5890 - val_loss: 0.5925
Epoch 139/500
35/35 - 2s - 51ms/step - loss: 0.5887 - val_loss: 0.5921
Epoch 140/500
35/35 - 2s - 51ms/step - loss: 0.5883 - val_loss: 0.5917
Epoch 141/500
35/35 - 2s - 51ms/step - loss: 0.5880 - val_loss: 0.5914
Epoch 142/500
35/35 - 2s - 51ms/step - loss: 0.5877 - val_loss: 0.5910
Epoch 143/500
35/35 - 2s - 50ms/step - loss: 0.5873 - val_loss: 0.5907
Epoch 144/500
35/35 - 2s - 51ms/step - loss: 0.5870 - val_loss: 0.5903
Epoch 145/500
35/35 - 2s - 51ms/step - loss: 0.5867 - val_loss: 0.5900
Epoch 146/500
35/35 - 2s - 52ms/step - loss: 0.5864 - val_loss: 0.5897
Epoch 147/500
35/35 - 2s - 52ms/step - loss: 0.5860 - val_loss: 0.5893
Epoch 148/500
35/35 - 2s - 51ms/step - loss: 0.5857 - val_loss: 0.5890
Epoch 149/500
35/35 - 2s - 51ms/step - loss: 0.5854 - val_loss: 0.5886
Epoch 150/500
35/35 - 2s - 50ms/step - loss: 0.5851 - val_loss: 0.5883
Epoch 151/500
35/35 - 2s - 51ms/step - loss: 0.5848 - val_loss: 0.5880
Epoch 152/500
35/35 - 2s - 51ms/step - loss: 0.5845 - val_loss: 0.5877
Epoch 153/500
35/35 - 2s - 52ms/step - loss: 0.5842 - val_loss: 0.5873
Epoch 154/500
35/35 - 2s - 51ms/step - loss: 0.5839 - val_loss: 0.5870
Epoch 155/500
35/35 - 2s - 51ms/step - loss: 0.5836 - val_loss: 0.5867
Epoch 156/500
35/35 - 2s - 51ms/step - loss: 0.5833 - val_loss: 0.5864
Epoch 157/500
35/35 - 2s - 51ms/step - loss: 0.5830 - val_loss: 0.5861
Epoch 158/500
35/35 - 2s - 50ms/step - loss: 0.5828 - val_loss: 0.5858
Epoch 159/500
35/35 - 2s - 51ms/step - loss: 0.5825 - val_loss: 0.5855
Epoch 160/500
35/35 - 2s - 51ms/step - loss: 0.5822 - val_loss: 0.5852
Epoch 161/500
35/35 - 2s - 51ms/step - loss: 0.5819 - val_loss: 0.5849
Epoch 162/500
35/35 - 2s - 51ms/step - loss: 0.5816 - val_loss: 0.5846
Epoch 163/500
35/35 - 2s - 50ms/step - loss: 0.5814 - val_loss: 0.5843
Epoch 164/500
35/35 - 2s - 50ms/step - loss: 0.5811 - val_loss: 0.5840
Epoch 165/500
35/35 - 2s - 51ms/step - loss: 0.5808 - val_loss: 0.5837
Epoch 166/500
35/35 - 2s - 51ms/step - loss: 0.5805 - val_loss: 0.5835
Epoch 167/500
35/35 - 2s - 50ms/step - loss: 0.5803 - val_loss: 0.5832
Epoch 168/500
35/35 - 2s - 51ms/step - loss: 0.5800 - val_loss: 0.5829
Epoch 169/500
35/35 - 2s - 50ms/step - loss: 0.5798 - val_loss: 0.5826
Epoch 170/500
35/35 - 2s - 51ms/step - loss: 0.5795 - val_loss: 0.5823
Epoch 171/500
35/35 - 2s - 51ms/step - loss: 0.5792 - val_loss: 0.5821
Epoch 172/500
35/35 - 2s - 50ms/step - loss: 0.5790 - val_loss: 0.5818
Epoch 173/500
35/35 - 2s - 50ms/step - loss: 0.5787 - val_loss: 0.5815
Epoch 174/500
35/35 - 2s - 51ms/step - loss: 0.5785 - val_loss: 0.5813
Epoch 175/500
35/35 - 2s - 50ms/step - loss: 0.5782 - val_loss: 0.5810
Epoch 176/500
35/35 - 2s - 50ms/step - loss: 0.5780 - val_loss: 0.5808
Epoch 177/500
35/35 - 2s - 51ms/step - loss: 0.5777 - val_loss: 0.5805
Epoch 178/500
35/35 - 2s - 50ms/step - loss: 0.5775 - val_loss: 0.5803
Epoch 179/500
35/35 - 2s - 51ms/step - loss: 0.5773 - val_loss: 0.5800
Epoch 180/500
35/35 - 2s - 50ms/step - loss: 0.5770 - val_loss: 0.5798
Epoch 181/500
35/35 - 2s - 51ms/step - loss: 0.5768 - val_loss: 0.5795
Epoch 182/500
35/35 - 2s - 51ms/step - loss: 0.5766 - val_loss: 0.5793
Epoch 183/500
35/35 - 2s - 50ms/step - loss: 0.5763 - val_loss: 0.5791
Epoch 184/500
35/35 - 2s - 50ms/step - loss: 0.5761 - val_loss: 0.5788
Epoch 185/500
35/35 - 2s - 51ms/step - loss: 0.5759 - val_loss: 0.5786
Epoch 186/500
35/35 - 2s - 50ms/step - loss: 0.5756 - val_loss: 0.5784
Epoch 187/500
35/35 - 2s - 52ms/step - loss: 0.5754 - val_loss: 0.5781
Epoch 188/500
35/35 - 2s - 50ms/step - loss: 0.5752 - val_loss: 0.5779
Epoch 189/500
35/35 - 2s - 50ms/step - loss: 0.5750 - val_loss: 0.5777
Epoch 190/500
35/35 - 2s - 50ms/step - loss: 0.5748 - val_loss: 0.5775
Epoch 191/500
35/35 - 2s - 51ms/step - loss: 0.5746 - val_loss: 0.5772
Epoch 192/500
35/35 - 2s - 50ms/step - loss: 0.5743 - val_loss: 0.5770
Epoch 193/500
35/35 - 2s - 51ms/step - loss: 0.5741 - val_loss: 0.5768
Epoch 194/500
35/35 - 2s - 51ms/step - loss: 0.5739 - val_loss: 0.5766
Epoch 195/500
35/35 - 2s - 51ms/step - loss: 0.5737 - val_loss: 0.5764
Epoch 196/500
35/35 - 2s - 51ms/step - loss: 0.5735 - val_loss: 0.5762
Epoch 197/500
35/35 - 2s - 51ms/step - loss: 0.5733 - val_loss: 0.5760
Epoch 198/500
35/35 - 2s - 50ms/step - loss: 0.5731 - val_loss: 0.5758
Epoch 199/500
35/35 - 2s - 50ms/step - loss: 0.5729 - val_loss: 0.5755
Epoch 200/500
35/35 - 2s - 51ms/step - loss: 0.5727 - val_loss: 0.5753
Epoch 201/500
35/35 - 2s - 51ms/step - loss: 0.5725 - val_loss: 0.5751
Epoch 202/500
35/35 - 2s - 51ms/step - loss: 0.5723 - val_loss: 0.5749
Epoch 203/500
35/35 - 2s - 51ms/step - loss: 0.5721 - val_loss: 0.5747
Epoch 204/500
35/35 - 2s - 50ms/step - loss: 0.5719 - val_loss: 0.5745
Epoch 205/500
35/35 - 2s - 51ms/step - loss: 0.5717 - val_loss: 0.5743
Epoch 206/500
35/35 - 2s - 50ms/step - loss: 0.5715 - val_loss: 0.5741
Epoch 207/500
35/35 - 2s - 51ms/step - loss: 0.5713 - val_loss: 0.5739
Epoch 208/500
35/35 - 2s - 51ms/step - loss: 0.5711 - val_loss: 0.5737
Epoch 209/500
35/35 - 2s - 51ms/step - loss: 0.5709 - val_loss: 0.5735
Epoch 210/500
35/35 - 2s - 51ms/step - loss: 0.5707 - val_loss: 0.5733
Epoch 211/500
35/35 - 2s - 51ms/step - loss: 0.5705 - val_loss: 0.5731
Epoch 212/500
35/35 - 2s - 51ms/step - loss: 0.5704 - val_loss: 0.5729
Epoch 213/500
35/35 - 2s - 51ms/step - loss: 0.5702 - val_loss: 0.5727
Epoch 214/500
35/35 - 2s - 51ms/step - loss: 0.5700 - val_loss: 0.5724
Epoch 215/500
35/35 - 2s - 51ms/step - loss: 0.5698 - val_loss: 0.5722
Epoch 216/500
35/35 - 2s - 51ms/step - loss: 0.5696 - val_loss: 0.5720
Epoch 217/500
35/35 - 2s - 51ms/step - loss: 0.5694 - val_loss: 0.5718
Epoch 218/500
35/35 - 2s - 51ms/step - loss: 0.5692 - val_loss: 0.5715
Epoch 219/500
35/35 - 2s - 50ms/step - loss: 0.5690 - val_loss: 0.5713
Epoch 220/500
35/35 - 2s - 50ms/step - loss: 0.5688 - val_loss: 0.5711
Epoch 221/500
35/35 - 2s - 51ms/step - loss: 0.5686 - val_loss: 0.5708
Epoch 222/500
35/35 - 2s - 52ms/step - loss: 0.5684 - val_loss: 0.5706
Epoch 223/500
35/35 - 2s - 50ms/step - loss: 0.5682 - val_loss: 0.5703
Epoch 224/500
35/35 - 2s - 51ms/step - loss: 0.5680 - val_loss: 0.5701
Epoch 225/500
35/35 - 2s - 50ms/step - loss: 0.5678 - val_loss: 0.5698
Epoch 226/500
35/35 - 2s - 50ms/step - loss: 0.5676 - val_loss: 0.5696
Epoch 227/500
35/35 - 2s - 50ms/step - loss: 0.5674 - val_loss: 0.5693
Epoch 228/500
35/35 - 2s - 50ms/step - loss: 0.5671 - val_loss: 0.5691
Epoch 229/500
35/35 - 2s - 51ms/step - loss: 0.5669 - val_loss: 0.5688
Epoch 230/500
35/35 - 2s - 50ms/step - loss: 0.5667 - val_loss: 0.5686
Epoch 231/500
35/35 - 2s - 51ms/step - loss: 0.5665 - val_loss: 0.5683
Epoch 232/500
35/35 - 2s - 51ms/step - loss: 0.5663 - val_loss: 0.5680
Epoch 233/500
35/35 - 2s - 51ms/step - loss: 0.5661 - val_loss: 0.5678
Epoch 234/500
35/35 - 2s - 51ms/step - loss: 0.5659 - val_loss: 0.5675
Epoch 235/500
35/35 - 2s - 51ms/step - loss: 0.5657 - val_loss: 0.5672
Epoch 236/500
35/35 - 2s - 51ms/step - loss: 0.5655 - val_loss: 0.5670
Epoch 237/500
35/35 - 2s - 50ms/step - loss: 0.5653 - val_loss: 0.5667
Epoch 238/500
35/35 - 2s - 51ms/step - loss: 0.5651 - val_loss: 0.5664
Epoch 239/500
35/35 - 2s - 51ms/step - loss: 0.5649 - val_loss: 0.5662
Epoch 240/500
35/35 - 2s - 51ms/step - loss: 0.5647 - val_loss: 0.5659
Epoch 241/500
35/35 - 2s - 51ms/step - loss: 0.5645 - val_loss: 0.5656
Epoch 242/500
35/35 - 2s - 51ms/step - loss: 0.5643 - val_loss: 0.5654
Epoch 243/500
35/35 - 2s - 51ms/step - loss: 0.5641 - val_loss: 0.5651
Epoch 244/500
35/35 - 2s - 51ms/step - loss: 0.5639 - val_loss: 0.5648
Epoch 245/500
35/35 - 2s - 51ms/step - loss: 0.5637 - val_loss: 0.5646
Epoch 246/500
35/35 - 2s - 50ms/step - loss: 0.5635 - val_loss: 0.5643
Epoch 247/500
35/35 - 2s - 51ms/step - loss: 0.5633 - val_loss: 0.5640
Epoch 248/500
35/35 - 2s - 51ms/step - loss: 0.5631 - val_loss: 0.5638
Epoch 249/500
35/35 - 2s - 51ms/step - loss: 0.5629 - val_loss: 0.5635
Epoch 250/500
35/35 - 2s - 51ms/step - loss: 0.5627 - val_loss: 0.5632
Epoch 251/500
35/35 - 2s - 50ms/step - loss: 0.5625 - val_loss: 0.5630
Epoch 252/500
35/35 - 2s - 51ms/step - loss: 0.5624 - val_loss: 0.5627
Epoch 253/500
35/35 - 2s - 51ms/step - loss: 0.5622 - val_loss: 0.5625
Epoch 254/500
35/35 - 2s - 51ms/step - loss: 0.5620 - val_loss: 0.5622
Epoch 255/500
35/35 - 2s - 51ms/step - loss: 0.5618 - val_loss: 0.5620
Epoch 256/500
35/35 - 2s - 52ms/step - loss: 0.5616 - val_loss: 0.5617
Epoch 257/500
35/35 - 2s - 51ms/step - loss: 0.5614 - val_loss: 0.5615
Epoch 258/500
35/35 - 2s - 51ms/step - loss: 0.5612 - val_loss: 0.5612
Epoch 259/500
35/35 - 2s - 50ms/step - loss: 0.5611 - val_loss: 0.5610
Epoch 260/500
35/35 - 2s - 50ms/step - loss: 0.5609 - val_loss: 0.5607
Epoch 261/500
35/35 - 2s - 51ms/step - loss: 0.5607 - val_loss: 0.5605
Epoch 262/500
35/35 - 2s - 50ms/step - loss: 0.5605 - val_loss: 0.5602
Epoch 263/500
35/35 - 2s - 51ms/step - loss: 0.5604 - val_loss: 0.5600
Epoch 264/500
35/35 - 2s - 51ms/step - loss: 0.5602 - val_loss: 0.5598
Epoch 265/500
35/35 - 2s - 51ms/step - loss: 0.5600 - val_loss: 0.5596
Epoch 266/500
35/35 - 2s - 51ms/step - loss: 0.5598 - val_loss: 0.5593
Epoch 267/500
35/35 - 2s - 52ms/step - loss: 0.5597 - val_loss: 0.5591
Epoch 268/500
35/35 - 2s - 51ms/step - loss: 0.5595 - val_loss: 0.5589
Epoch 269/500
35/35 - 2s - 51ms/step - loss: 0.5594 - val_loss: 0.5587
Epoch 270/500
35/35 - 2s - 51ms/step - loss: 0.5592 - val_loss: 0.5584
Epoch 271/500
35/35 - 2s - 51ms/step - loss: 0.5590 - val_loss: 0.5582
Epoch 272/500
35/35 - 2s - 51ms/step - loss: 0.5589 - val_loss: 0.5580
Epoch 273/500
35/35 - 2s - 51ms/step - loss: 0.5587 - val_loss: 0.5578
Epoch 274/500
35/35 - 2s - 51ms/step - loss: 0.5586 - val_loss: 0.5576
Epoch 275/500
35/35 - 2s - 51ms/step - loss: 0.5584 - val_loss: 0.5574
Epoch 276/500
35/35 - 2s - 51ms/step - loss: 0.5583 - val_loss: 0.5572
Epoch 277/500
35/35 - 2s - 51ms/step - loss: 0.5581 - val_loss: 0.5570
Epoch 278/500
35/35 - 2s - 50ms/step - loss: 0.5580 - val_loss: 0.5568
Epoch 279/500
35/35 - 2s - 50ms/step - loss: 0.5578 - val_loss: 0.5566
Epoch 280/500
35/35 - 2s - 50ms/step - loss: 0.5577 - val_loss: 0.5564
Epoch 281/500
35/35 - 2s - 50ms/step - loss: 0.5575 - val_loss: 0.5562
Epoch 282/500
35/35 - 2s - 50ms/step - loss: 0.5574 - val_loss: 0.5560
Epoch 283/500
35/35 - 2s - 50ms/step - loss: 0.5573 - val_loss: 0.5559
Epoch 284/500
35/35 - 2s - 50ms/step - loss: 0.5571 - val_loss: 0.5557
Epoch 285/500
35/35 - 2s - 50ms/step - loss: 0.5570 - val_loss: 0.5555
Epoch 286/500
35/35 - 2s - 50ms/step - loss: 0.5568 - val_loss: 0.5553
Epoch 287/500
35/35 - 2s - 51ms/step - loss: 0.5567 - val_loss: 0.5551
Epoch 288/500
35/35 - 2s - 50ms/step - loss: 0.5566 - val_loss: 0.5549
Epoch 289/500
35/35 - 2s - 50ms/step - loss: 0.5564 - val_loss: 0.5548
Epoch 290/500
35/35 - 2s - 52ms/step - loss: 0.5563 - val_loss: 0.5546
Epoch 291/500
35/35 - 2s - 50ms/step - loss: 0.5562 - val_loss: 0.5544
Epoch 292/500
35/35 - 2s - 50ms/step - loss: 0.5560 - val_loss: 0.5542
Epoch 293/500
35/35 - 2s - 51ms/step - loss: 0.5559 - val_loss: 0.5541
Epoch 294/500
35/35 - 2s - 51ms/step - loss: 0.5558 - val_loss: 0.5539
Epoch 295/500
35/35 - 2s - 51ms/step - loss: 0.5556 - val_loss: 0.5537
Epoch 296/500
35/35 - 2s - 51ms/step - loss: 0.5555 - val_loss: 0.5535
Epoch 297/500
35/35 - 2s - 51ms/step - loss: 0.5554 - val_loss: 0.5534
Epoch 298/500
35/35 - 2s - 51ms/step - loss: 0.5552 - val_loss: 0.5532
Epoch 299/500
35/35 - 2s - 51ms/step - loss: 0.5551 - val_loss: 0.5530
Epoch 300/500
35/35 - 2s - 51ms/step - loss: 0.5550 - val_loss: 0.5528
Epoch 301/500
35/35 - 2s - 51ms/step - loss: 0.5549 - val_loss: 0.5526
Epoch 302/500
35/35 - 2s - 51ms/step - loss: 0.5547 - val_loss: 0.5524
Epoch 303/500
35/35 - 2s - 51ms/step - loss: 0.5546 - val_loss: 0.5523
Epoch 304/500
35/35 - 2s - 51ms/step - loss: 0.5544 - val_loss: 0.5521
Epoch 305/500
35/35 - 2s - 51ms/step - loss: 0.5543 - val_loss: 0.5519
Epoch 306/500
35/35 - 2s - 51ms/step - loss: 0.5542 - val_loss: 0.5517
Epoch 307/500
35/35 - 2s - 51ms/step - loss: 0.5540 - val_loss: 0.5514
Epoch 308/500
35/35 - 2s - 51ms/step - loss: 0.5539 - val_loss: 0.5512
Epoch 309/500
35/35 - 2s - 51ms/step - loss: 0.5537 - val_loss: 0.5510
Epoch 310/500
35/35 - 2s - 50ms/step - loss: 0.5535 - val_loss: 0.5507
Epoch 311/500
35/35 - 2s - 51ms/step - loss: 0.5533 - val_loss: 0.5505
Epoch 312/500
35/35 - 2s - 51ms/step - loss: 0.5531 - val_loss: 0.5502
Epoch 313/500
35/35 - 2s - 51ms/step - loss: 0.5529 - val_loss: 0.5499
Epoch 314/500
35/35 - 2s - 50ms/step - loss: 0.5527 - val_loss: 0.5496
Epoch 315/500
35/35 - 2s - 51ms/step - loss: 0.5525 - val_loss: 0.5493
Epoch 316/500
35/35 - 2s - 51ms/step - loss: 0.5522 - val_loss: 0.5490
Epoch 317/500
35/35 - 2s - 51ms/step - loss: 0.5520 - val_loss: 0.5486
Epoch 318/500
35/35 - 2s - 50ms/step - loss: 0.5517 - val_loss: 0.5483
Epoch 319/500
35/35 - 2s - 51ms/step - loss: 0.5515 - val_loss: 0.5480
Epoch 320/500
35/35 - 2s - 51ms/step - loss: 0.5512 - val_loss: 0.5477
Epoch 321/500
35/35 - 2s - 51ms/step - loss: 0.5510 - val_loss: 0.5474
Epoch 322/500
35/35 - 2s - 51ms/step - loss: 0.5508 - val_loss: 0.5471
Epoch 323/500
35/35 - 2s - 50ms/step - loss: 0.5505 - val_loss: 0.5468
Epoch 324/500
35/35 - 2s - 51ms/step - loss: 0.5503 - val_loss: 0.5466
Epoch 325/500
35/35 - 2s - 52ms/step - loss: 0.5501 - val_loss: 0.5464
Epoch 326/500
35/35 - 2s - 51ms/step - loss: 0.5500 - val_loss: 0.5462
Epoch 327/500
35/35 - 2s - 51ms/step - loss: 0.5498 - val_loss: 0.5460
Epoch 328/500
35/35 - 2s - 51ms/step - loss: 0.5496 - val_loss: 0.5458
Epoch 329/500
35/35 - 2s - 51ms/step - loss: 0.5495 - val_loss: 0.5456
Epoch 330/500
35/35 - 2s - 51ms/step - loss: 0.5493 - val_loss: 0.5455
Epoch 331/500
35/35 - 2s - 51ms/step - loss: 0.5492 - val_loss: 0.5453
Epoch 332/500
35/35 - 2s - 51ms/step - loss: 0.5490 - val_loss: 0.5451
Epoch 333/500
35/35 - 2s - 51ms/step - loss: 0.5489 - val_loss: 0.5450
Epoch 334/500
35/35 - 2s - 51ms/step - loss: 0.5488 - val_loss: 0.5449
Epoch 335/500
35/35 - 2s - 51ms/step - loss: 0.5487 - val_loss: 0.5447
Epoch 336/500
35/35 - 2s - 51ms/step - loss: 0.5485 - val_loss: 0.5446
Epoch 337/500
35/35 - 2s - 51ms/step - loss: 0.5484 - val_loss: 0.5445
Epoch 338/500
35/35 - 2s - 51ms/step - loss: 0.5483 - val_loss: 0.5443
Epoch 339/500
35/35 - 2s - 51ms/step - loss: 0.5482 - val_loss: 0.5442
Epoch 340/500
35/35 - 2s - 51ms/step - loss: 0.5481 - val_loss: 0.5441
Epoch 341/500
35/35 - 2s - 51ms/step - loss: 0.5479 - val_loss: 0.5440
Epoch 342/500
35/35 - 2s - 51ms/step - loss: 0.5478 - val_loss: 0.5439
Epoch 343/500
35/35 - 2s - 50ms/step - loss: 0.5477 - val_loss: 0.5438
Epoch 344/500
35/35 - 2s - 51ms/step - loss: 0.5476 - val_loss: 0.5436
Epoch 345/500
35/35 - 2s - 51ms/step - loss: 0.5475 - val_loss: 0.5435
Epoch 346/500
35/35 - 2s - 51ms/step - loss: 0.5474 - val_loss: 0.5434
Epoch 347/500
35/35 - 2s - 51ms/step - loss: 0.5473 - val_loss: 0.5433
Epoch 348/500
35/35 - 2s - 51ms/step - loss: 0.5472 - val_loss: 0.5432
Epoch 349/500
35/35 - 2s - 51ms/step - loss: 0.5471 - val_loss: 0.5431
Epoch 350/500
35/35 - 2s - 51ms/step - loss: 0.5470 - val_loss: 0.5430
Epoch 351/500
35/35 - 2s - 51ms/step - loss: 0.5469 - val_loss: 0.5429
Epoch 352/500
35/35 - 2s - 50ms/step - loss: 0.5468 - val_loss: 0.5428
Epoch 353/500
35/35 - 2s - 51ms/step - loss: 0.5467 - val_loss: 0.5427
Epoch 354/500
35/35 - 2s - 50ms/step - loss: 0.5466 - val_loss: 0.5426
Epoch 355/500
35/35 - 2s - 50ms/step - loss: 0.5465 - val_loss: 0.5425
Epoch 356/500
35/35 - 2s - 51ms/step - loss: 0.5464 - val_loss: 0.5424
Epoch 357/500
35/35 - 2s - 51ms/step - loss: 0.5463 - val_loss: 0.5423
Epoch 358/500
35/35 - 2s - 51ms/step - loss: 0.5462 - val_loss: 0.5422
Epoch 359/500
35/35 - 2s - 52ms/step - loss: 0.5461 - val_loss: 0.5421
Epoch 360/500
35/35 - 2s - 50ms/step - loss: 0.5461 - val_loss: 0.5420
Epoch 361/500
35/35 - 2s - 50ms/step - loss: 0.5460 - val_loss: 0.5419
Epoch 362/500
35/35 - 2s - 51ms/step - loss: 0.5459 - val_loss: 0.5419
Epoch 363/500
35/35 - 2s - 51ms/step - loss: 0.5458 - val_loss: 0.5418
Epoch 364/500
35/35 - 2s - 50ms/step - loss: 0.5457 - val_loss: 0.5417
Epoch 365/500
35/35 - 2s - 50ms/step - loss: 0.5456 - val_loss: 0.5416
Epoch 366/500
35/35 - 2s - 51ms/step - loss: 0.5455 - val_loss: 0.5415
Epoch 367/500
35/35 - 2s - 50ms/step - loss: 0.5454 - val_loss: 0.5414
Epoch 368/500
35/35 - 2s - 51ms/step - loss: 0.5454 - val_loss: 0.5413
Epoch 369/500
35/35 - 2s - 51ms/step - loss: 0.5453 - val_loss: 0.5412
Epoch 370/500
35/35 - 2s - 51ms/step - loss: 0.5452 - val_loss: 0.5412
Epoch 371/500
35/35 - 2s - 51ms/step - loss: 0.5451 - val_loss: 0.5411
Epoch 372/500
35/35 - 2s - 51ms/step - loss: 0.5450 - val_loss: 0.5410
Epoch 373/500
35/35 - 2s - 51ms/step - loss: 0.5450 - val_loss: 0.5409
Epoch 374/500
35/35 - 2s - 50ms/step - loss: 0.5449 - val_loss: 0.5408
Epoch 375/500
35/35 - 2s - 51ms/step - loss: 0.5448 - val_loss: 0.5407
Epoch 376/500
35/35 - 2s - 51ms/step - loss: 0.5447 - val_loss: 0.5407
Epoch 377/500
35/35 - 2s - 50ms/step - loss: 0.5446 - val_loss: 0.5406
Epoch 378/500
35/35 - 2s - 51ms/step - loss: 0.5446 - val_loss: 0.5405
Epoch 379/500
35/35 - 2s - 51ms/step - loss: 0.5445 - val_loss: 0.5404
Epoch 380/500
35/35 - 2s - 51ms/step - loss: 0.5444 - val_loss: 0.5403
Epoch 381/500
35/35 - 2s - 51ms/step - loss: 0.5443 - val_loss: 0.5403
Epoch 382/500
35/35 - 2s - 51ms/step - loss: 0.5442 - val_loss: 0.5402
Epoch 383/500
35/35 - 2s - 51ms/step - loss: 0.5442 - val_loss: 0.5401
Epoch 384/500
35/35 - 2s - 51ms/step - loss: 0.5441 - val_loss: 0.5400
Epoch 385/500
35/35 - 2s - 51ms/step - loss: 0.5440 - val_loss: 0.5400
Epoch 386/500
35/35 - 2s - 51ms/step - loss: 0.5439 - val_loss: 0.5399
Epoch 387/500
35/35 - 2s - 51ms/step - loss: 0.5439 - val_loss: 0.5398
Epoch 388/500
35/35 - 2s - 51ms/step - loss: 0.5438 - val_loss: 0.5397
Epoch 389/500
35/35 - 2s - 51ms/step - loss: 0.5437 - val_loss: 0.5397
Epoch 390/500
35/35 - 2s - 51ms/step - loss: 0.5437 - val_loss: 0.5396
Epoch 391/500
35/35 - 2s - 51ms/step - loss: 0.5436 - val_loss: 0.5395
Epoch 392/500
35/35 - 2s - 51ms/step - loss: 0.5435 - val_loss: 0.5394
Epoch 393/500
35/35 - 2s - 51ms/step - loss: 0.5434 - val_loss: 0.5394
Epoch 394/500
35/35 - 2s - 51ms/step - loss: 0.5434 - val_loss: 0.5393
Epoch 395/500
35/35 - 2s - 51ms/step - loss: 0.5433 - val_loss: 0.5392
Epoch 396/500
35/35 - 2s - 51ms/step - loss: 0.5432 - val_loss: 0.5391
Epoch 397/500
35/35 - 2s - 50ms/step - loss: 0.5432 - val_loss: 0.5391
Epoch 398/500
35/35 - 2s - 50ms/step - loss: 0.5431 - val_loss: 0.5390
Epoch 399/500
35/35 - 2s - 51ms/step - loss: 0.5430 - val_loss: 0.5389
Epoch 400/500
35/35 - 2s - 50ms/step - loss: 0.5430 - val_loss: 0.5389
Epoch 401/500
35/35 - 2s - 50ms/step - loss: 0.5429 - val_loss: 0.5388
Epoch 402/500
35/35 - 2s - 51ms/step - loss: 0.5428 - val_loss: 0.5387
Epoch 403/500
35/35 - 2s - 50ms/step - loss: 0.5428 - val_loss: 0.5387
Epoch 404/500
35/35 - 2s - 51ms/step - loss: 0.5427 - val_loss: 0.5386
Epoch 405/500
35/35 - 2s - 51ms/step - loss: 0.5426 - val_loss: 0.5385
Epoch 406/500
35/35 - 2s - 51ms/step - loss: 0.5426 - val_loss: 0.5384
Epoch 407/500
35/35 - 2s - 51ms/step - loss: 0.5425 - val_loss: 0.5384
Epoch 408/500
35/35 - 2s - 50ms/step - loss: 0.5424 - val_loss: 0.5383
Epoch 409/500
35/35 - 2s - 51ms/step - loss: 0.5424 - val_loss: 0.5382
Epoch 410/500
35/35 - 2s - 50ms/step - loss: 0.5423 - val_loss: 0.5382
Epoch 411/500
35/35 - 2s - 50ms/step - loss: 0.5422 - val_loss: 0.5381
Epoch 412/500
35/35 - 2s - 51ms/step - loss: 0.5422 - val_loss: 0.5380
Epoch 413/500
35/35 - 2s - 50ms/step - loss: 0.5421 - val_loss: 0.5380
Epoch 414/500
35/35 - 2s - 51ms/step - loss: 0.5420 - val_loss: 0.5379
Epoch 415/500
35/35 - 2s - 51ms/step - loss: 0.5420 - val_loss: 0.5378
Epoch 416/500
35/35 - 2s - 51ms/step - loss: 0.5419 - val_loss: 0.5378
Epoch 417/500
35/35 - 2s - 51ms/step - loss: 0.5419 - val_loss: 0.5377
Epoch 418/500
35/35 - 2s - 50ms/step - loss: 0.5418 - val_loss: 0.5377
Epoch 419/500
35/35 - 2s - 50ms/step - loss: 0.5417 - val_loss: 0.5376
Epoch 420/500
35/35 - 2s - 50ms/step - loss: 0.5417 - val_loss: 0.5375
Epoch 421/500
35/35 - 2s - 50ms/step - loss: 0.5416 - val_loss: 0.5375
Epoch 422/500
35/35 - 2s - 50ms/step - loss: 0.5416 - val_loss: 0.5374
Epoch 423/500
35/35 - 2s - 51ms/step - loss: 0.5415 - val_loss: 0.5373
Epoch 424/500
35/35 - 2s - 51ms/step - loss: 0.5414 - val_loss: 0.5373
Epoch 425/500
35/35 - 2s - 51ms/step - loss: 0.5414 - val_loss: 0.5372
Epoch 426/500
35/35 - 2s - 51ms/step - loss: 0.5413 - val_loss: 0.5372
Epoch 427/500
35/35 - 2s - 50ms/step - loss: 0.5413 - val_loss: 0.5371
Epoch 428/500
35/35 - 2s - 51ms/step - loss: 0.5412 - val_loss: 0.5370
Epoch 429/500
35/35 - 2s - 51ms/step - loss: 0.5411 - val_loss: 0.5370
Epoch 430/500
35/35 - 2s - 51ms/step - loss: 0.5411 - val_loss: 0.5369
Epoch 431/500
35/35 - 2s - 51ms/step - loss: 0.5410 - val_loss: 0.5368
Epoch 432/500
35/35 - 2s - 51ms/step - loss: 0.5410 - val_loss: 0.5368
Epoch 433/500
35/35 - 2s - 51ms/step - loss: 0.5409 - val_loss: 0.5367
Epoch 434/500
35/35 - 2s - 51ms/step - loss: 0.5408 - val_loss: 0.5367
Epoch 435/500
35/35 - 2s - 51ms/step - loss: 0.5408 - val_loss: 0.5366
Epoch 436/500
35/35 - 2s - 51ms/step - loss: 0.5407 - val_loss: 0.5365
Epoch 437/500
35/35 - 2s - 50ms/step - loss: 0.5407 - val_loss: 0.5365
Epoch 438/500
35/35 - 2s - 51ms/step - loss: 0.5406 - val_loss: 0.5364
Epoch 439/500
35/35 - 2s - 51ms/step - loss: 0.5406 - val_loss: 0.5364
Epoch 440/500
35/35 - 2s - 51ms/step - loss: 0.5405 - val_loss: 0.5363
Epoch 441/500
35/35 - 2s - 51ms/step - loss: 0.5405 - val_loss: 0.5363
Epoch 442/500
35/35 - 2s - 51ms/step - loss: 0.5404 - val_loss: 0.5362
Epoch 443/500
35/35 - 2s - 51ms/step - loss: 0.5403 - val_loss: 0.5361
Epoch 444/500
35/35 - 2s - 51ms/step - loss: 0.5403 - val_loss: 0.5361
Epoch 445/500
35/35 - 2s - 50ms/step - loss: 0.5402 - val_loss: 0.5360
Epoch 446/500
35/35 - 2s - 51ms/step - loss: 0.5402 - val_loss: 0.5360
Epoch 447/500
35/35 - 2s - 51ms/step - loss: 0.5401 - val_loss: 0.5359
Epoch 448/500
35/35 - 2s - 51ms/step - loss: 0.5401 - val_loss: 0.5359
Epoch 449/500
35/35 - 2s - 51ms/step - loss: 0.5400 - val_loss: 0.5358
Epoch 450/500
35/35 - 2s - 51ms/step - loss: 0.5400 - val_loss: 0.5357
Epoch 451/500
35/35 - 2s - 50ms/step - loss: 0.5399 - val_loss: 0.5357
Epoch 452/500
35/35 - 2s - 51ms/step - loss: 0.5399 - val_loss: 0.5356
Epoch 453/500
35/35 - 2s - 50ms/step - loss: 0.5398 - val_loss: 0.5356
Epoch 454/500
35/35 - 2s - 51ms/step - loss: 0.5397 - val_loss: 0.5355
Epoch 455/500
35/35 - 2s - 51ms/step - loss: 0.5397 - val_loss: 0.5355
Epoch 456/500
35/35 - 2s - 51ms/step - loss: 0.5396 - val_loss: 0.5354
Epoch 457/500
35/35 - 2s - 50ms/step - loss: 0.5396 - val_loss: 0.5354
Epoch 458/500
35/35 - 2s - 51ms/step - loss: 0.5395 - val_loss: 0.5353
Epoch 459/500
35/35 - 2s - 51ms/step - loss: 0.5395 - val_loss: 0.5352
Epoch 460/500
35/35 - 2s - 51ms/step - loss: 0.5394 - val_loss: 0.5352
Epoch 461/500
35/35 - 2s - 51ms/step - loss: 0.5394 - val_loss: 0.5351
Epoch 462/500
35/35 - 2s - 51ms/step - loss: 0.5393 - val_loss: 0.5351
Epoch 463/500
35/35 - 2s - 51ms/step - loss: 0.5393 - val_loss: 0.5350
Epoch 464/500
35/35 - 2s - 51ms/step - loss: 0.5392 - val_loss: 0.5350
Epoch 465/500
35/35 - 2s - 51ms/step - loss: 0.5392 - val_loss: 0.5349
Epoch 466/500
35/35 - 2s - 51ms/step - loss: 0.5391 - val_loss: 0.5349
Epoch 467/500
35/35 - 2s - 51ms/step - loss: 0.5391 - val_loss: 0.5348
Epoch 468/500
35/35 - 2s - 51ms/step - loss: 0.5390 - val_loss: 0.5348
Epoch 469/500
35/35 - 2s - 50ms/step - loss: 0.5390 - val_loss: 0.5347
Epoch 470/500
35/35 - 2s - 51ms/step - loss: 0.5389 - val_loss: 0.5346
Epoch 471/500
35/35 - 2s - 51ms/step - loss: 0.5389 - val_loss: 0.5346
Epoch 472/500
35/35 - 2s - 51ms/step - loss: 0.5388 - val_loss: 0.5345
Epoch 473/500
35/35 - 2s - 51ms/step - loss: 0.5388 - val_loss: 0.5345
Epoch 474/500
35/35 - 2s - 51ms/step - loss: 0.5387 - val_loss: 0.5344
Epoch 475/500
35/35 - 2s - 51ms/step - loss: 0.5387 - val_loss: 0.5344
Epoch 476/500
35/35 - 2s - 51ms/step - loss: 0.5386 - val_loss: 0.5343
Epoch 477/500
35/35 - 2s - 51ms/step - loss: 0.5386 - val_loss: 0.5343
Epoch 478/500
35/35 - 2s - 51ms/step - loss: 0.5385 - val_loss: 0.5342
Epoch 479/500
35/35 - 2s - 51ms/step - loss: 0.5385 - val_loss: 0.5342
Epoch 480/500
35/35 - 2s - 51ms/step - loss: 0.5384 - val_loss: 0.5341
Epoch 481/500
35/35 - 2s - 51ms/step - loss: 0.5384 - val_loss: 0.5341
Epoch 482/500
35/35 - 2s - 51ms/step - loss: 0.5383 - val_loss: 0.5340
Epoch 483/500
35/35 - 2s - 51ms/step - loss: 0.5383 - val_loss: 0.5339
Epoch 484/500
35/35 - 2s - 50ms/step - loss: 0.5382 - val_loss: 0.5339
Epoch 485/500
35/35 - 2s - 51ms/step - loss: 0.5382 - val_loss: 0.5338
Epoch 486/500
35/35 - 2s - 50ms/step - loss: 0.5381 - val_loss: 0.5338
Epoch 487/500
35/35 - 2s - 50ms/step - loss: 0.5381 - val_loss: 0.5337
Epoch 488/500
35/35 - 2s - 50ms/step - loss: 0.5380 - val_loss: 0.5337
Epoch 489/500
35/35 - 2s - 51ms/step - loss: 0.5380 - val_loss: 0.5336
Epoch 490/500
35/35 - 2s - 51ms/step - loss: 0.5379 - val_loss: 0.5336
Epoch 491/500
35/35 - 2s - 51ms/step - loss: 0.5379 - val_loss: 0.5335
Epoch 492/500
35/35 - 2s - 51ms/step - loss: 0.5378 - val_loss: 0.5334
Epoch 493/500
35/35 - 2s - 50ms/step - loss: 0.5378 - val_loss: 0.5334
Epoch 494/500
35/35 - 2s - 51ms/step - loss: 0.5377 - val_loss: 0.5333
Epoch 495/500
35/35 - 2s - 51ms/step - loss: 0.5377 - val_loss: 0.5333
Epoch 496/500
35/35 - 2s - 51ms/step - loss: 0.5376 - val_loss: 0.5332
Epoch 497/500
35/35 - 2s - 52ms/step - loss: 0.5376 - val_loss: 0.5332
Epoch 498/500
35/35 - 2s - 51ms/step - loss: 0.5375 - val_loss: 0.5331
Epoch 499/500
35/35 - 2s - 51ms/step - loss: 0.5375 - val_loss: 0.5331
Epoch 500/500
35/35 - 2s - 51ms/step - loss: 0.5374 - val_loss: 0.5330
[Run 4/5] Training shared encoder (weighted, sigmoid head, baseline preprocessing)...
Epoch 1/500
35/35 - 2s - 60ms/step - loss: 0.9350 - val_loss: 0.9177
Epoch 2/500
35/35 - 2s - 57ms/step - loss: 0.9139 - val_loss: 0.8974
Epoch 3/500
35/35 - 2s - 55ms/step - loss: 0.8942 - val_loss: 0.8788
Epoch 4/500
35/35 - 2s - 55ms/step - loss: 0.8761 - val_loss: 0.8618
Epoch 5/500
35/35 - 2s - 55ms/step - loss: 0.8596 - val_loss: 0.8461
Epoch 6/500
35/35 - 2s - 55ms/step - loss: 0.8443 - val_loss: 0.8312
Epoch 7/500
35/35 - 2s - 55ms/step - loss: 0.8299 - val_loss: 0.8173
Epoch 8/500
35/35 - 2s - 54ms/step - loss: 0.8166 - val_loss: 0.8049
Epoch 9/500
35/35 - 2s - 55ms/step - loss: 0.8047 - val_loss: 0.7939
Epoch 10/500
35/35 - 2s - 55ms/step - loss: 0.7940 - val_loss: 0.7841
Epoch 11/500
35/35 - 2s - 55ms/step - loss: 0.7843 - val_loss: 0.7751
Epoch 12/500
35/35 - 2s - 55ms/step - loss: 0.7753 - val_loss: 0.7667
Epoch 13/500
35/35 - 2s - 55ms/step - loss: 0.7669 - val_loss: 0.7586
Epoch 14/500
35/35 - 2s - 55ms/step - loss: 0.7587 - val_loss: 0.7508
Epoch 15/500
35/35 - 2s - 55ms/step - loss: 0.7508 - val_loss: 0.7431
Epoch 16/500
35/35 - 2s - 55ms/step - loss: 0.7431 - val_loss: 0.7356
Epoch 17/500
35/35 - 2s - 55ms/step - loss: 0.7359 - val_loss: 0.7287
Epoch 18/500
35/35 - 2s - 55ms/step - loss: 0.7293 - val_loss: 0.7227
Epoch 19/500
35/35 - 2s - 55ms/step - loss: 0.7235 - val_loss: 0.7174
Epoch 20/500
35/35 - 2s - 55ms/step - loss: 0.7184 - val_loss: 0.7126
Epoch 21/500
35/35 - 2s - 55ms/step - loss: 0.7137 - val_loss: 0.7083
Epoch 22/500
35/35 - 2s - 55ms/step - loss: 0.7093 - val_loss: 0.7043
Epoch 23/500
35/35 - 2s - 55ms/step - loss: 0.7053 - val_loss: 0.7007
Epoch 24/500
35/35 - 2s - 55ms/step - loss: 0.7015 - val_loss: 0.6972
Epoch 25/500
35/35 - 2s - 55ms/step - loss: 0.6980 - val_loss: 0.6940
Epoch 26/500
35/35 - 2s - 55ms/step - loss: 0.6946 - val_loss: 0.6910
Epoch 27/500
35/35 - 2s - 55ms/step - loss: 0.6914 - val_loss: 0.6881
Epoch 28/500
35/35 - 2s - 56ms/step - loss: 0.6884 - val_loss: 0.6854
Epoch 29/500
35/35 - 2s - 55ms/step - loss: 0.6855 - val_loss: 0.6828
Epoch 30/500
35/35 - 2s - 55ms/step - loss: 0.6827 - val_loss: 0.6803
Epoch 31/500
35/35 - 2s - 55ms/step - loss: 0.6800 - val_loss: 0.6780
Epoch 32/500
35/35 - 2s - 55ms/step - loss: 0.6775 - val_loss: 0.6757
Epoch 33/500
35/35 - 2s - 55ms/step - loss: 0.6750 - val_loss: 0.6736
Epoch 34/500
35/35 - 2s - 55ms/step - loss: 0.6727 - val_loss: 0.6715
Epoch 35/500
35/35 - 2s - 55ms/step - loss: 0.6705 - val_loss: 0.6695
Epoch 36/500
35/35 - 2s - 55ms/step - loss: 0.6683 - val_loss: 0.6676
Epoch 37/500
35/35 - 2s - 55ms/step - loss: 0.6662 - val_loss: 0.6658
Epoch 38/500
35/35 - 2s - 55ms/step - loss: 0.6642 - val_loss: 0.6640
Epoch 39/500
35/35 - 2s - 55ms/step - loss: 0.6623 - val_loss: 0.6623
Epoch 40/500
35/35 - 2s - 55ms/step - loss: 0.6605 - val_loss: 0.6606
Epoch 41/500
35/35 - 2s - 55ms/step - loss: 0.6587 - val_loss: 0.6590
Epoch 42/500
35/35 - 2s - 55ms/step - loss: 0.6569 - val_loss: 0.6574
Epoch 43/500
35/35 - 2s - 55ms/step - loss: 0.6553 - val_loss: 0.6559
Epoch 44/500
35/35 - 2s - 55ms/step - loss: 0.6537 - val_loss: 0.6544
Epoch 45/500
35/35 - 2s - 55ms/step - loss: 0.6521 - val_loss: 0.6530
Epoch 46/500
35/35 - 2s - 55ms/step - loss: 0.6506 - val_loss: 0.6516
Epoch 47/500
35/35 - 2s - 55ms/step - loss: 0.6491 - val_loss: 0.6503
Epoch 48/500
35/35 - 2s - 55ms/step - loss: 0.6477 - val_loss: 0.6489
Epoch 49/500
35/35 - 2s - 55ms/step - loss: 0.6463 - val_loss: 0.6476
Epoch 50/500
35/35 - 2s - 55ms/step - loss: 0.6449 - val_loss: 0.6464
Epoch 51/500
35/35 - 2s - 55ms/step - loss: 0.6436 - val_loss: 0.6451
Epoch 52/500
35/35 - 2s - 55ms/step - loss: 0.6423 - val_loss: 0.6439
Epoch 53/500
35/35 - 2s - 55ms/step - loss: 0.6411 - val_loss: 0.6428
Epoch 54/500
35/35 - 2s - 55ms/step - loss: 0.6399 - val_loss: 0.6416
Epoch 55/500
35/35 - 2s - 55ms/step - loss: 0.6387 - val_loss: 0.6405
Epoch 56/500
35/35 - 2s - 55ms/step - loss: 0.6375 - val_loss: 0.6394
Epoch 57/500
35/35 - 2s - 55ms/step - loss: 0.6364 - val_loss: 0.6383
Epoch 58/500
35/35 - 2s - 55ms/step - loss: 0.6353 - val_loss: 0.6373
Epoch 59/500
35/35 - 2s - 55ms/step - loss: 0.6342 - val_loss: 0.6363
Epoch 60/500
35/35 - 2s - 56ms/step - loss: 0.6332 - val_loss: 0.6353
Epoch 61/500
35/35 - 2s - 55ms/step - loss: 0.6322 - val_loss: 0.6343
Epoch 62/500
35/35 - 2s - 55ms/step - loss: 0.6312 - val_loss: 0.6333
Epoch 63/500
35/35 - 2s - 55ms/step - loss: 0.6302 - val_loss: 0.6324
Epoch 64/500
35/35 - 2s - 55ms/step - loss: 0.6292 - val_loss: 0.6315
Epoch 65/500
35/35 - 2s - 55ms/step - loss: 0.6283 - val_loss: 0.6306
Epoch 66/500
35/35 - 2s - 56ms/step - loss: 0.6274 - val_loss: 0.6297
Epoch 67/500
35/35 - 2s - 55ms/step - loss: 0.6265 - val_loss: 0.6288
Epoch 68/500
35/35 - 2s - 55ms/step - loss: 0.6256 - val_loss: 0.6280
Epoch 69/500
35/35 - 2s - 55ms/step - loss: 0.6247 - val_loss: 0.6271
Epoch 70/500
35/35 - 2s - 55ms/step - loss: 0.6239 - val_loss: 0.6263
Epoch 71/500
35/35 - 2s - 55ms/step - loss: 0.6230 - val_loss: 0.6255
Epoch 72/500
35/35 - 2s - 55ms/step - loss: 0.6222 - val_loss: 0.6247
Epoch 73/500
35/35 - 2s - 55ms/step - loss: 0.6214 - val_loss: 0.6239
Epoch 74/500
35/35 - 2s - 55ms/step - loss: 0.6206 - val_loss: 0.6232
Epoch 75/500
35/35 - 2s - 55ms/step - loss: 0.6198 - val_loss: 0.6224
Epoch 76/500
35/35 - 2s - 55ms/step - loss: 0.6191 - val_loss: 0.6217
Epoch 77/500
35/35 - 2s - 55ms/step - loss: 0.6183 - val_loss: 0.6210
Epoch 78/500
35/35 - 2s - 55ms/step - loss: 0.6176 - val_loss: 0.6202
Epoch 79/500
35/35 - 2s - 55ms/step - loss: 0.6169 - val_loss: 0.6195
Epoch 80/500
35/35 - 2s - 55ms/step - loss: 0.6162 - val_loss: 0.6188
Epoch 81/500
35/35 - 2s - 55ms/step - loss: 0.6155 - val_loss: 0.6182
Epoch 82/500
35/35 - 2s - 55ms/step - loss: 0.6148 - val_loss: 0.6175
Epoch 83/500
35/35 - 2s - 55ms/step - loss: 0.6141 - val_loss: 0.6168
Epoch 84/500
35/35 - 2s - 55ms/step - loss: 0.6134 - val_loss: 0.6162
Epoch 85/500
35/35 - 2s - 55ms/step - loss: 0.6128 - val_loss: 0.6155
Epoch 86/500
35/35 - 2s - 55ms/step - loss: 0.6122 - val_loss: 0.6149
Epoch 87/500
35/35 - 2s - 55ms/step - loss: 0.6115 - val_loss: 0.6142
Epoch 88/500
35/35 - 2s - 55ms/step - loss: 0.6109 - val_loss: 0.6136
Epoch 89/500
35/35 - 2s - 55ms/step - loss: 0.6103 - val_loss: 0.6130
Epoch 90/500
35/35 - 2s - 55ms/step - loss: 0.6097 - val_loss: 0.6124
Epoch 91/500
35/35 - 2s - 55ms/step - loss: 0.6091 - val_loss: 0.6118
Epoch 92/500
35/35 - 2s - 56ms/step - loss: 0.6085 - val_loss: 0.6112
Epoch 93/500
35/35 - 2s - 55ms/step - loss: 0.6079 - val_loss: 0.6106
Epoch 94/500
35/35 - 2s - 55ms/step - loss: 0.6073 - val_loss: 0.6101
Epoch 95/500
35/35 - 2s - 55ms/step - loss: 0.6068 - val_loss: 0.6095
Epoch 96/500
35/35 - 2s - 55ms/step - loss: 0.6062 - val_loss: 0.6089
Epoch 97/500
35/35 - 2s - 55ms/step - loss: 0.6057 - val_loss: 0.6084
Epoch 98/500
35/35 - 2s - 55ms/step - loss: 0.6051 - val_loss: 0.6078
Epoch 99/500
35/35 - 2s - 55ms/step - loss: 0.6046 - val_loss: 0.6073
Epoch 100/500
35/35 - 2s - 55ms/step - loss: 0.6041 - val_loss: 0.6068
Epoch 101/500
35/35 - 2s - 55ms/step - loss: 0.6036 - val_loss: 0.6062
Epoch 102/500
35/35 - 2s - 55ms/step - loss: 0.6030 - val_loss: 0.6057
Epoch 103/500
35/35 - 2s - 55ms/step - loss: 0.6025 - val_loss: 0.6052
Epoch 104/500
35/35 - 2s - 55ms/step - loss: 0.6020 - val_loss: 0.6047
Epoch 105/500
35/35 - 2s - 55ms/step - loss: 0.6015 - val_loss: 0.6042
Epoch 106/500
35/35 - 2s - 55ms/step - loss: 0.6011 - val_loss: 0.6037
Epoch 107/500
35/35 - 2s - 55ms/step - loss: 0.6006 - val_loss: 0.6032
Epoch 108/500
35/35 - 2s - 55ms/step - loss: 0.6001 - val_loss: 0.6027
Epoch 109/500
35/35 - 2s - 56ms/step - loss: 0.5996 - val_loss: 0.6022
Epoch 110/500
35/35 - 2s - 55ms/step - loss: 0.5991 - val_loss: 0.6017
Epoch 111/500
35/35 - 2s - 55ms/step - loss: 0.5987 - val_loss: 0.6012
Epoch 112/500
35/35 - 2s - 55ms/step - loss: 0.5982 - val_loss: 0.6008
Epoch 113/500
35/35 - 2s - 55ms/step - loss: 0.5978 - val_loss: 0.6003
Epoch 114/500
35/35 - 2s - 55ms/step - loss: 0.5973 - val_loss: 0.5998
Epoch 115/500
35/35 - 2s - 55ms/step - loss: 0.5969 - val_loss: 0.5994
Epoch 116/500
35/35 - 2s - 55ms/step - loss: 0.5964 - val_loss: 0.5989
Epoch 117/500
35/35 - 2s - 54ms/step - loss: 0.5960 - val_loss: 0.5985
Epoch 118/500
35/35 - 2s - 56ms/step - loss: 0.5956 - val_loss: 0.5980
Epoch 119/500
35/35 - 2s - 55ms/step - loss: 0.5951 - val_loss: 0.5976
Epoch 120/500
35/35 - 2s - 55ms/step - loss: 0.5947 - val_loss: 0.5971
Epoch 121/500
35/35 - 2s - 55ms/step - loss: 0.5943 - val_loss: 0.5967
Epoch 122/500
35/35 - 2s - 55ms/step - loss: 0.5939 - val_loss: 0.5963
Epoch 123/500
35/35 - 2s - 55ms/step - loss: 0.5935 - val_loss: 0.5958
Epoch 124/500
35/35 - 2s - 55ms/step - loss: 0.5931 - val_loss: 0.5954
Epoch 125/500
35/35 - 2s - 55ms/step - loss: 0.5927 - val_loss: 0.5950
Epoch 126/500
35/35 - 2s - 55ms/step - loss: 0.5923 - val_loss: 0.5946
Epoch 127/500
35/35 - 2s - 55ms/step - loss: 0.5919 - val_loss: 0.5942
Epoch 128/500
35/35 - 2s - 55ms/step - loss: 0.5915 - val_loss: 0.5938
Epoch 129/500
35/35 - 2s - 55ms/step - loss: 0.5911 - val_loss: 0.5934
Epoch 130/500
35/35 - 2s - 55ms/step - loss: 0.5907 - val_loss: 0.5930
Epoch 131/500
35/35 - 2s - 55ms/step - loss: 0.5903 - val_loss: 0.5926
Epoch 132/500
35/35 - 2s - 55ms/step - loss: 0.5899 - val_loss: 0.5922
Epoch 133/500
35/35 - 2s - 55ms/step - loss: 0.5896 - val_loss: 0.5918
Epoch 134/500
35/35 - 2s - 54ms/step - loss: 0.5892 - val_loss: 0.5914
Epoch 135/500
35/35 - 2s - 55ms/step - loss: 0.5888 - val_loss: 0.5910
Epoch 136/500
35/35 - 2s - 55ms/step - loss: 0.5885 - val_loss: 0.5906
Epoch 137/500
35/35 - 2s - 55ms/step - loss: 0.5881 - val_loss: 0.5902
Epoch 138/500
35/35 - 2s - 54ms/step - loss: 0.5877 - val_loss: 0.5899
Epoch 139/500
35/35 - 2s - 55ms/step - loss: 0.5874 - val_loss: 0.5895
Epoch 140/500
35/35 - 2s - 55ms/step - loss: 0.5870 - val_loss: 0.5891
Epoch 141/500
35/35 - 2s - 55ms/step - loss: 0.5867 - val_loss: 0.5887
Epoch 142/500
35/35 - 2s - 55ms/step - loss: 0.5863 - val_loss: 0.5884
Epoch 143/500
35/35 - 2s - 55ms/step - loss: 0.5860 - val_loss: 0.5880
Epoch 144/500
35/35 - 2s - 55ms/step - loss: 0.5856 - val_loss: 0.5876
Epoch 145/500
35/35 - 2s - 55ms/step - loss: 0.5853 - val_loss: 0.5873
Epoch 146/500
35/35 - 2s - 55ms/step - loss: 0.5849 - val_loss: 0.5869
Epoch 147/500
35/35 - 2s - 55ms/step - loss: 0.5846 - val_loss: 0.5865
Epoch 148/500
35/35 - 2s - 55ms/step - loss: 0.5843 - val_loss: 0.5862
Epoch 149/500
35/35 - 2s - 55ms/step - loss: 0.5839 - val_loss: 0.5858
Epoch 150/500
35/35 - 2s - 54ms/step - loss: 0.5836 - val_loss: 0.5854
Epoch 151/500
35/35 - 2s - 55ms/step - loss: 0.5833 - val_loss: 0.5851
Epoch 152/500
35/35 - 2s - 55ms/step - loss: 0.5829 - val_loss: 0.5847
Epoch 153/500
35/35 - 2s - 54ms/step - loss: 0.5826 - val_loss: 0.5843
Epoch 154/500
35/35 - 2s - 55ms/step - loss: 0.5823 - val_loss: 0.5840
Epoch 155/500
35/35 - 2s - 56ms/step - loss: 0.5819 - val_loss: 0.5836
Epoch 156/500
35/35 - 2s - 55ms/step - loss: 0.5816 - val_loss: 0.5832
Epoch 157/500
35/35 - 2s - 54ms/step - loss: 0.5813 - val_loss: 0.5829
Epoch 158/500
35/35 - 2s - 55ms/step - loss: 0.5809 - val_loss: 0.5825
Epoch 159/500
35/35 - 2s - 55ms/step - loss: 0.5806 - val_loss: 0.5821
Epoch 160/500
35/35 - 2s - 56ms/step - loss: 0.5803 - val_loss: 0.5817
Epoch 161/500
35/35 - 2s - 55ms/step - loss: 0.5800 - val_loss: 0.5813
Epoch 162/500
35/35 - 2s - 55ms/step - loss: 0.5796 - val_loss: 0.5810
Epoch 163/500
35/35 - 2s - 55ms/step - loss: 0.5793 - val_loss: 0.5806
Epoch 164/500
35/35 - 2s - 55ms/step - loss: 0.5790 - val_loss: 0.5802
Epoch 165/500
35/35 - 2s - 55ms/step - loss: 0.5787 - val_loss: 0.5798
Epoch 166/500
35/35 - 2s - 55ms/step - loss: 0.5783 - val_loss: 0.5794
Epoch 167/500
35/35 - 2s - 55ms/step - loss: 0.5780 - val_loss: 0.5791
Epoch 168/500
35/35 - 2s - 55ms/step - loss: 0.5777 - val_loss: 0.5787
Epoch 169/500
35/35 - 2s - 55ms/step - loss: 0.5774 - val_loss: 0.5783
Epoch 170/500
35/35 - 2s - 54ms/step - loss: 0.5771 - val_loss: 0.5779
Epoch 171/500
35/35 - 2s - 55ms/step - loss: 0.5768 - val_loss: 0.5775
Epoch 172/500
35/35 - 2s - 55ms/step - loss: 0.5765 - val_loss: 0.5772
Epoch 173/500
35/35 - 2s - 55ms/step - loss: 0.5762 - val_loss: 0.5768
Epoch 174/500
35/35 - 2s - 55ms/step - loss: 0.5758 - val_loss: 0.5764
Epoch 175/500
35/35 - 2s - 55ms/step - loss: 0.5755 - val_loss: 0.5760
Epoch 176/500
35/35 - 2s - 55ms/step - loss: 0.5752 - val_loss: 0.5757
Epoch 177/500
35/35 - 2s - 55ms/step - loss: 0.5749 - val_loss: 0.5753
Epoch 178/500
35/35 - 2s - 54ms/step - loss: 0.5747 - val_loss: 0.5749
Epoch 179/500
35/35 - 2s - 55ms/step - loss: 0.5744 - val_loss: 0.5746
Epoch 180/500
35/35 - 2s - 55ms/step - loss: 0.5741 - val_loss: 0.5742
Epoch 181/500
35/35 - 2s - 55ms/step - loss: 0.5738 - val_loss: 0.5739
Epoch 182/500
35/35 - 2s - 55ms/step - loss: 0.5735 - val_loss: 0.5735
Epoch 183/500
35/35 - 2s - 55ms/step - loss: 0.5732 - val_loss: 0.5731
Epoch 184/500
35/35 - 2s - 55ms/step - loss: 0.5729 - val_loss: 0.5728
Epoch 185/500
35/35 - 2s - 55ms/step - loss: 0.5727 - val_loss: 0.5725
Epoch 186/500
35/35 - 2s - 55ms/step - loss: 0.5724 - val_loss: 0.5721
Epoch 187/500
35/35 - 2s - 56ms/step - loss: 0.5721 - val_loss: 0.5718
Epoch 188/500
35/35 - 2s - 55ms/step - loss: 0.5718 - val_loss: 0.5714
Epoch 189/500
35/35 - 2s - 55ms/step - loss: 0.5716 - val_loss: 0.5711
Epoch 190/500
35/35 - 2s - 55ms/step - loss: 0.5713 - val_loss: 0.5707
Epoch 191/500
35/35 - 2s - 55ms/step - loss: 0.5710 - val_loss: 0.5704
Epoch 192/500
35/35 - 2s - 55ms/step - loss: 0.5708 - val_loss: 0.5701
Epoch 193/500
35/35 - 2s - 55ms/step - loss: 0.5705 - val_loss: 0.5698
Epoch 194/500
35/35 - 2s - 55ms/step - loss: 0.5703 - val_loss: 0.5694
Epoch 195/500
35/35 - 2s - 55ms/step - loss: 0.5700 - val_loss: 0.5691
Epoch 196/500
35/35 - 2s - 55ms/step - loss: 0.5697 - val_loss: 0.5688
Epoch 197/500
35/35 - 2s - 56ms/step - loss: 0.5695 - val_loss: 0.5684
Epoch 198/500
35/35 - 2s - 55ms/step - loss: 0.5692 - val_loss: 0.5681
Epoch 199/500
35/35 - 2s - 54ms/step - loss: 0.5690 - val_loss: 0.5678
Epoch 200/500
35/35 - 2s - 71ms/step - loss: 0.5687 - val_loss: 0.5675
Epoch 201/500
35/35 - 2s - 52ms/step - loss: 0.5685 - val_loss: 0.5672
Epoch 202/500
35/35 - 2s - 54ms/step - loss: 0.5682 - val_loss: 0.5668
Epoch 203/500
35/35 - 2s - 55ms/step - loss: 0.5680 - val_loss: 0.5665
Epoch 204/500
35/35 - 2s - 55ms/step - loss: 0.5677 - val_loss: 0.5662
Epoch 205/500
35/35 - 2s - 55ms/step - loss: 0.5675 - val_loss: 0.5659
Epoch 206/500
35/35 - 2s - 55ms/step - loss: 0.5673 - val_loss: 0.5655
Epoch 207/500
35/35 - 2s - 55ms/step - loss: 0.5670 - val_loss: 0.5652
Epoch 208/500
35/35 - 2s - 55ms/step - loss: 0.5668 - val_loss: 0.5649
Epoch 209/500
35/35 - 2s - 54ms/step - loss: 0.5665 - val_loss: 0.5645
Epoch 210/500
35/35 - 2s - 55ms/step - loss: 0.5663 - val_loss: 0.5642
Epoch 211/500
35/35 - 2s - 55ms/step - loss: 0.5660 - val_loss: 0.5638
Epoch 212/500
35/35 - 2s - 55ms/step - loss: 0.5657 - val_loss: 0.5635
Epoch 213/500
35/35 - 2s - 55ms/step - loss: 0.5655 - val_loss: 0.5631
Epoch 214/500
35/35 - 2s - 55ms/step - loss: 0.5652 - val_loss: 0.5628
Epoch 215/500
35/35 - 2s - 55ms/step - loss: 0.5649 - val_loss: 0.5624
Epoch 216/500
35/35 - 2s - 55ms/step - loss: 0.5646 - val_loss: 0.5620
Epoch 217/500
35/35 - 2s - 54ms/step - loss: 0.5644 - val_loss: 0.5616
Epoch 218/500
35/35 - 2s - 55ms/step - loss: 0.5641 - val_loss: 0.5612
Epoch 219/500
35/35 - 2s - 55ms/step - loss: 0.5638 - val_loss: 0.5608
Epoch 220/500
35/35 - 2s - 54ms/step - loss: 0.5635 - val_loss: 0.5604
Epoch 221/500
35/35 - 2s - 54ms/step - loss: 0.5632 - val_loss: 0.5600
Epoch 222/500
35/35 - 2s - 55ms/step - loss: 0.5629 - val_loss: 0.5596
Epoch 223/500
35/35 - 2s - 54ms/step - loss: 0.5625 - val_loss: 0.5592
Epoch 224/500
35/35 - 2s - 55ms/step - loss: 0.5622 - val_loss: 0.5588
Epoch 225/500
35/35 - 2s - 64ms/step - loss: 0.5619 - val_loss: 0.5584
Epoch 226/500
35/35 - 2s - 54ms/step - loss: 0.5617 - val_loss: 0.5581
Epoch 227/500
35/35 - 2s - 55ms/step - loss: 0.5614 - val_loss: 0.5577
Epoch 228/500
35/35 - 2s - 55ms/step - loss: 0.5611 - val_loss: 0.5574
Epoch 229/500
35/35 - 2s - 55ms/step - loss: 0.5608 - val_loss: 0.5571
Epoch 230/500
35/35 - 2s - 54ms/step - loss: 0.5606 - val_loss: 0.5567
Epoch 231/500
35/35 - 2s - 55ms/step - loss: 0.5603 - val_loss: 0.5564
Epoch 232/500
35/35 - 2s - 55ms/step - loss: 0.5601 - val_loss: 0.5561
Epoch 233/500
35/35 - 2s - 59ms/step - loss: 0.5598 - val_loss: 0.5559
Epoch 234/500
35/35 - 2s - 55ms/step - loss: 0.5596 - val_loss: 0.5556
Epoch 235/500
35/35 - 2s - 54ms/step - loss: 0.5594 - val_loss: 0.5553
Epoch 236/500
35/35 - 2s - 55ms/step - loss: 0.5591 - val_loss: 0.5551
Epoch 237/500
35/35 - 2s - 54ms/step - loss: 0.5589 - val_loss: 0.5548
Epoch 238/500
35/35 - 2s - 54ms/step - loss: 0.5587 - val_loss: 0.5546
Epoch 239/500
35/35 - 2s - 55ms/step - loss: 0.5585 - val_loss: 0.5543
Epoch 240/500
35/35 - 2s - 55ms/step - loss: 0.5583 - val_loss: 0.5541
Epoch 241/500
35/35 - 2s - 55ms/step - loss: 0.5581 - val_loss: 0.5539
Epoch 242/500
35/35 - 2s - 54ms/step - loss: 0.5579 - val_loss: 0.5536
Epoch 243/500
35/35 - 2s - 54ms/step - loss: 0.5577 - val_loss: 0.5534
Epoch 244/500
35/35 - 2s - 55ms/step - loss: 0.5575 - val_loss: 0.5532
Epoch 245/500
35/35 - 2s - 54ms/step - loss: 0.5573 - val_loss: 0.5530
Epoch 246/500
35/35 - 2s - 55ms/step - loss: 0.5571 - val_loss: 0.5528
Epoch 247/500
35/35 - 2s - 54ms/step - loss: 0.5569 - val_loss: 0.5526
Epoch 248/500
35/35 - 2s - 54ms/step - loss: 0.5568 - val_loss: 0.5524
Epoch 249/500
35/35 - 2s - 54ms/step - loss: 0.5566 - val_loss: 0.5522
Epoch 250/500
35/35 - 160s - 5s/step - loss: 0.5564 - val_loss: 0.5520
Epoch 251/500
35/35 - 2s - 55ms/step - loss: 0.5562 - val_loss: 0.5518
Epoch 252/500
35/35 - 2s - 55ms/step - loss: 0.5561 - val_loss: 0.5516
Epoch 253/500
35/35 - 2s - 55ms/step - loss: 0.5559 - val_loss: 0.5514
Epoch 254/500
35/35 - 2s - 55ms/step - loss: 0.5557 - val_loss: 0.5512
Epoch 255/500
35/35 - 2s - 55ms/step - loss: 0.5555 - val_loss: 0.5511
Epoch 256/500
35/35 - 2s - 55ms/step - loss: 0.5554 - val_loss: 0.5509
Epoch 257/500
35/35 - 2s - 67ms/step - loss: 0.5552 - val_loss: 0.5507
Epoch 258/500
35/35 - 2s - 61ms/step - loss: 0.5550 - val_loss: 0.5505
Epoch 259/500
35/35 - 2s - 59ms/step - loss: 0.5549 - val_loss: 0.5504
Epoch 260/500
35/35 - 2s - 56ms/step - loss: 0.5547 - val_loss: 0.5502
Epoch 261/500
35/35 - 2s - 55ms/step - loss: 0.5546 - val_loss: 0.5500
Epoch 262/500
35/35 - 2s - 55ms/step - loss: 0.5544 - val_loss: 0.5499
Epoch 263/500
35/35 - 2s - 56ms/step - loss: 0.5543 - val_loss: 0.5497
Epoch 264/500
35/35 - 2s - 61ms/step - loss: 0.5541 - val_loss: 0.5495
Epoch 265/500
35/35 - 2s - 56ms/step - loss: 0.5540 - val_loss: 0.5494
Epoch 266/500
35/35 - 2s - 56ms/step - loss: 0.5538 - val_loss: 0.5492
Epoch 267/500
35/35 - 2s - 56ms/step - loss: 0.5537 - val_loss: 0.5491
Epoch 268/500
35/35 - 2s - 55ms/step - loss: 0.5535 - val_loss: 0.5489
Epoch 269/500
35/35 - 2s - 55ms/step - loss: 0.5534 - val_loss: 0.5487
Epoch 270/500
35/35 - 2s - 55ms/step - loss: 0.5532 - val_loss: 0.5486
Epoch 271/500
35/35 - 2s - 55ms/step - loss: 0.5531 - val_loss: 0.5484
Epoch 272/500
35/35 - 2s - 56ms/step - loss: 0.5529 - val_loss: 0.5483
Epoch 273/500
35/35 - 2s - 55ms/step - loss: 0.5528 - val_loss: 0.5481
Epoch 274/500
35/35 - 2s - 56ms/step - loss: 0.5527 - val_loss: 0.5480
Epoch 275/500
35/35 - 2s - 55ms/step - loss: 0.5525 - val_loss: 0.5479
Epoch 276/500
35/35 - 2s - 55ms/step - loss: 0.5524 - val_loss: 0.5477
Epoch 277/500
35/35 - 2s - 55ms/step - loss: 0.5522 - val_loss: 0.5476
Epoch 278/500
35/35 - 2s - 55ms/step - loss: 0.5521 - val_loss: 0.5474
Epoch 279/500
35/35 - 2s - 55ms/step - loss: 0.5520 - val_loss: 0.5473
Epoch 280/500
35/35 - 2s - 55ms/step - loss: 0.5519 - val_loss: 0.5471
Epoch 281/500
35/35 - 2s - 56ms/step - loss: 0.5517 - val_loss: 0.5470
Epoch 282/500
35/35 - 2s - 56ms/step - loss: 0.5516 - val_loss: 0.5469
Epoch 283/500
35/35 - 2s - 55ms/step - loss: 0.5515 - val_loss: 0.5467
Epoch 284/500
35/35 - 2s - 55ms/step - loss: 0.5513 - val_loss: 0.5466
Epoch 285/500
35/35 - 2s - 56ms/step - loss: 0.5512 - val_loss: 0.5465
Epoch 286/500
35/35 - 2s - 56ms/step - loss: 0.5511 - val_loss: 0.5463
Epoch 287/500
35/35 - 2s - 56ms/step - loss: 0.5510 - val_loss: 0.5462
Epoch 288/500
35/35 - 2s - 55ms/step - loss: 0.5508 - val_loss: 0.5461
Epoch 289/500
35/35 - 2s - 56ms/step - loss: 0.5507 - val_loss: 0.5459
Epoch 290/500
35/35 - 2s - 55ms/step - loss: 0.5506 - val_loss: 0.5458
Epoch 291/500
35/35 - 2s - 55ms/step - loss: 0.5505 - val_loss: 0.5457
Epoch 292/500
35/35 - 2s - 56ms/step - loss: 0.5503 - val_loss: 0.5456
Epoch 293/500
35/35 - 2s - 55ms/step - loss: 0.5502 - val_loss: 0.5454
Epoch 294/500
35/35 - 2s - 56ms/step - loss: 0.5501 - val_loss: 0.5453
Epoch 295/500
35/35 - 2s - 56ms/step - loss: 0.5500 - val_loss: 0.5452
Epoch 296/500
35/35 - 2s - 57ms/step - loss: 0.5499 - val_loss: 0.5451
Epoch 297/500
35/35 - 2s - 55ms/step - loss: 0.5498 - val_loss: 0.5450
Epoch 298/500
35/35 - 2s - 57ms/step - loss: 0.5497 - val_loss: 0.5448
Epoch 299/500
35/35 - 2s - 56ms/step - loss: 0.5495 - val_loss: 0.5447
Epoch 300/500
35/35 - 2s - 56ms/step - loss: 0.5494 - val_loss: 0.5446
Epoch 301/500
35/35 - 2s - 55ms/step - loss: 0.5493 - val_loss: 0.5445
Epoch 302/500
35/35 - 2s - 55ms/step - loss: 0.5492 - val_loss: 0.5444
Epoch 303/500
35/35 - 2s - 55ms/step - loss: 0.5491 - val_loss: 0.5442
Epoch 304/500
35/35 - 2s - 56ms/step - loss: 0.5490 - val_loss: 0.5441
Epoch 305/500
35/35 - 2s - 56ms/step - loss: 0.5489 - val_loss: 0.5440
Epoch 306/500
35/35 - 2s - 56ms/step - loss: 0.5488 - val_loss: 0.5439
Epoch 307/500
35/35 - 2s - 55ms/step - loss: 0.5487 - val_loss: 0.5438
Epoch 308/500
35/35 - 2s - 55ms/step - loss: 0.5486 - val_loss: 0.5437
Epoch 309/500
35/35 - 2s - 55ms/step - loss: 0.5484 - val_loss: 0.5436
Epoch 310/500
35/35 - 2s - 55ms/step - loss: 0.5483 - val_loss: 0.5435
Epoch 311/500
35/35 - 2s - 55ms/step - loss: 0.5482 - val_loss: 0.5433
Epoch 312/500
35/35 - 2s - 55ms/step - loss: 0.5481 - val_loss: 0.5432
Epoch 313/500
35/35 - 2s - 56ms/step - loss: 0.5480 - val_loss: 0.5431
Epoch 314/500
35/35 - 2s - 56ms/step - loss: 0.5479 - val_loss: 0.5430
Epoch 315/500
35/35 - 2s - 55ms/step - loss: 0.5478 - val_loss: 0.5429
Epoch 316/500
35/35 - 2s - 55ms/step - loss: 0.5477 - val_loss: 0.5428
Epoch 317/500
35/35 - 2s - 55ms/step - loss: 0.5476 - val_loss: 0.5427
Epoch 318/500
35/35 - 2s - 55ms/step - loss: 0.5475 - val_loss: 0.5426
Epoch 319/500
35/35 - 2s - 55ms/step - loss: 0.5474 - val_loss: 0.5425
Epoch 320/500
35/35 - 2s - 55ms/step - loss: 0.5473 - val_loss: 0.5424
Epoch 321/500
35/35 - 2s - 55ms/step - loss: 0.5472 - val_loss: 0.5423
Epoch 322/500
35/35 - 2s - 55ms/step - loss: 0.5471 - val_loss: 0.5422
Epoch 323/500
35/35 - 2s - 55ms/step - loss: 0.5470 - val_loss: 0.5421
Epoch 324/500
35/35 - 2s - 55ms/step - loss: 0.5469 - val_loss: 0.5420
Epoch 325/500
35/35 - 2s - 55ms/step - loss: 0.5468 - val_loss: 0.5419
Epoch 326/500
35/35 - 2s - 55ms/step - loss: 0.5468 - val_loss: 0.5418
Epoch 327/500
35/35 - 2s - 56ms/step - loss: 0.5467 - val_loss: 0.5417
Epoch 328/500
35/35 - 2s - 55ms/step - loss: 0.5466 - val_loss: 0.5416
Epoch 329/500
35/35 - 2s - 55ms/step - loss: 0.5465 - val_loss: 0.5415
Epoch 330/500
35/35 - 2s - 56ms/step - loss: 0.5464 - val_loss: 0.5414
Epoch 331/500
35/35 - 2s - 56ms/step - loss: 0.5463 - val_loss: 0.5413
Epoch 332/500
35/35 - 2s - 55ms/step - loss: 0.5462 - val_loss: 0.5412
Epoch 333/500
35/35 - 2s - 55ms/step - loss: 0.5461 - val_loss: 0.5411
Epoch 334/500
35/35 - 2s - 55ms/step - loss: 0.5460 - val_loss: 0.5410
Epoch 335/500
35/35 - 2s - 55ms/step - loss: 0.5459 - val_loss: 0.5409
Epoch 336/500
35/35 - 2s - 56ms/step - loss: 0.5458 - val_loss: 0.5408
Epoch 337/500
35/35 - 2s - 55ms/step - loss: 0.5458 - val_loss: 0.5407
Epoch 338/500
35/35 - 2s - 55ms/step - loss: 0.5457 - val_loss: 0.5406
Epoch 339/500
35/35 - 2s - 55ms/step - loss: 0.5456 - val_loss: 0.5405
Epoch 340/500
35/35 - 2s - 57ms/step - loss: 0.5455 - val_loss: 0.5404
Epoch 341/500
35/35 - 2s - 56ms/step - loss: 0.5454 - val_loss: 0.5403
Epoch 342/500
35/35 - 2s - 55ms/step - loss: 0.5453 - val_loss: 0.5403
Epoch 343/500
35/35 - 2s - 55ms/step - loss: 0.5452 - val_loss: 0.5402
Epoch 344/500
35/35 - 2s - 56ms/step - loss: 0.5451 - val_loss: 0.5401
Epoch 345/500
35/35 - 2s - 55ms/step - loss: 0.5451 - val_loss: 0.5400
Epoch 346/500
35/35 - 2s - 55ms/step - loss: 0.5450 - val_loss: 0.5399
Epoch 347/500
35/35 - 2s - 55ms/step - loss: 0.5449 - val_loss: 0.5398
Epoch 348/500
35/35 - 2s - 55ms/step - loss: 0.5448 - val_loss: 0.5397
Epoch 349/500
35/35 - 2s - 56ms/step - loss: 0.5447 - val_loss: 0.5396
Epoch 350/500
35/35 - 2s - 56ms/step - loss: 0.5447 - val_loss: 0.5395
Epoch 351/500
35/35 - 2s - 56ms/step - loss: 0.5446 - val_loss: 0.5395
Epoch 352/500
35/35 - 2s - 55ms/step - loss: 0.5445 - val_loss: 0.5394
Epoch 353/500
35/35 - 2s - 56ms/step - loss: 0.5444 - val_loss: 0.5393
Epoch 354/500
35/35 - 2s - 55ms/step - loss: 0.5443 - val_loss: 0.5392
Epoch 355/500
35/35 - 2s - 55ms/step - loss: 0.5442 - val_loss: 0.5391
Epoch 356/500
35/35 - 2s - 55ms/step - loss: 0.5442 - val_loss: 0.5390
Epoch 357/500
35/35 - 2s - 56ms/step - loss: 0.5441 - val_loss: 0.5389
Epoch 358/500
35/35 - 2s - 55ms/step - loss: 0.5440 - val_loss: 0.5389
Epoch 359/500
35/35 - 2s - 56ms/step - loss: 0.5439 - val_loss: 0.5388
Epoch 360/500
35/35 - 2s - 56ms/step - loss: 0.5439 - val_loss: 0.5387
Epoch 361/500
35/35 - 2s - 56ms/step - loss: 0.5438 - val_loss: 0.5386
Epoch 362/500
35/35 - 2s - 55ms/step - loss: 0.5437 - val_loss: 0.5385
Epoch 363/500
35/35 - 2s - 56ms/step - loss: 0.5436 - val_loss: 0.5384
Epoch 364/500
35/35 - 2s - 55ms/step - loss: 0.5436 - val_loss: 0.5384
Epoch 365/500
35/35 - 2s - 55ms/step - loss: 0.5435 - val_loss: 0.5383
Epoch 366/500
35/35 - 2s - 55ms/step - loss: 0.5434 - val_loss: 0.5382
Epoch 367/500
35/35 - 2s - 56ms/step - loss: 0.5433 - val_loss: 0.5381
Epoch 368/500
35/35 - 2s - 55ms/step - loss: 0.5433 - val_loss: 0.5380
Epoch 369/500
35/35 - 2s - 55ms/step - loss: 0.5432 - val_loss: 0.5380
Epoch 370/500
35/35 - 2s - 55ms/step - loss: 0.5431 - val_loss: 0.5379
Epoch 371/500
35/35 - 2s - 55ms/step - loss: 0.5430 - val_loss: 0.5378
Epoch 372/500
35/35 - 2s - 55ms/step - loss: 0.5430 - val_loss: 0.5377
Epoch 373/500
35/35 - 2s - 55ms/step - loss: 0.5429 - val_loss: 0.5377
Epoch 374/500
35/35 - 2s - 55ms/step - loss: 0.5428 - val_loss: 0.5376
Epoch 375/500
35/35 - 2s - 56ms/step - loss: 0.5427 - val_loss: 0.5375
Epoch 376/500
35/35 - 2s - 55ms/step - loss: 0.5427 - val_loss: 0.5374
Epoch 377/500
35/35 - 2s - 55ms/step - loss: 0.5426 - val_loss: 0.5373
Epoch 378/500
35/35 - 2s - 55ms/step - loss: 0.5425 - val_loss: 0.5373
Epoch 379/500
35/35 - 2s - 56ms/step - loss: 0.5425 - val_loss: 0.5372
Epoch 380/500
35/35 - 2s - 56ms/step - loss: 0.5424 - val_loss: 0.5371
Epoch 381/500
35/35 - 2s - 56ms/step - loss: 0.5423 - val_loss: 0.5370
Epoch 382/500
35/35 - 2s - 56ms/step - loss: 0.5423 - val_loss: 0.5370
Epoch 383/500
35/35 - 2s - 56ms/step - loss: 0.5422 - val_loss: 0.5369
Epoch 384/500
35/35 - 2s - 56ms/step - loss: 0.5421 - val_loss: 0.5368
Epoch 385/500
35/35 - 2s - 56ms/step - loss: 0.5421 - val_loss: 0.5368
Epoch 386/500
35/35 - 2s - 56ms/step - loss: 0.5420 - val_loss: 0.5367
Epoch 387/500
35/35 - 2s - 56ms/step - loss: 0.5419 - val_loss: 0.5366
Epoch 388/500
35/35 - 2s - 55ms/step - loss: 0.5419 - val_loss: 0.5365
Epoch 389/500
35/35 - 2s - 55ms/step - loss: 0.5418 - val_loss: 0.5365
Epoch 390/500
35/35 - 2s - 56ms/step - loss: 0.5417 - val_loss: 0.5364
Epoch 391/500
35/35 - 2s - 56ms/step - loss: 0.5417 - val_loss: 0.5363
Epoch 392/500
35/35 - 2s - 56ms/step - loss: 0.5416 - val_loss: 0.5363
Epoch 393/500
35/35 - 2s - 56ms/step - loss: 0.5415 - val_loss: 0.5362
Epoch 394/500
35/35 - 2s - 55ms/step - loss: 0.5415 - val_loss: 0.5361
Epoch 395/500
35/35 - 2s - 56ms/step - loss: 0.5414 - val_loss: 0.5360
Epoch 396/500
35/35 - 2s - 55ms/step - loss: 0.5413 - val_loss: 0.5360
Epoch 397/500
35/35 - 2s - 56ms/step - loss: 0.5413 - val_loss: 0.5359
Epoch 398/500
35/35 - 2s - 56ms/step - loss: 0.5412 - val_loss: 0.5358
Epoch 399/500
35/35 - 2s - 56ms/step - loss: 0.5411 - val_loss: 0.5358
Epoch 400/500
35/35 - 2s - 56ms/step - loss: 0.5411 - val_loss: 0.5357
Epoch 401/500
35/35 - 2s - 56ms/step - loss: 0.5410 - val_loss: 0.5356
Epoch 402/500
35/35 - 2s - 56ms/step - loss: 0.5410 - val_loss: 0.5356
Epoch 403/500
35/35 - 2s - 56ms/step - loss: 0.5409 - val_loss: 0.5355
Epoch 404/500
35/35 - 2s - 56ms/step - loss: 0.5408 - val_loss: 0.5354
Epoch 405/500
35/35 - 2s - 56ms/step - loss: 0.5408 - val_loss: 0.5354
Epoch 406/500
35/35 - 2s - 56ms/step - loss: 0.5407 - val_loss: 0.5353
Epoch 407/500
35/35 - 2s - 57ms/step - loss: 0.5407 - val_loss: 0.5352
Epoch 408/500
35/35 - 2s - 55ms/step - loss: 0.5406 - val_loss: 0.5352
Epoch 409/500
35/35 - 2s - 56ms/step - loss: 0.5405 - val_loss: 0.5351
Epoch 410/500
35/35 - 2s - 56ms/step - loss: 0.5405 - val_loss: 0.5350
Epoch 411/500
35/35 - 2s - 56ms/step - loss: 0.5404 - val_loss: 0.5350
Epoch 412/500
35/35 - 2s - 55ms/step - loss: 0.5404 - val_loss: 0.5349
Epoch 413/500
35/35 - 2s - 56ms/step - loss: 0.5403 - val_loss: 0.5348
Epoch 414/500
35/35 - 2s - 56ms/step - loss: 0.5402 - val_loss: 0.5348
Epoch 415/500
35/35 - 2s - 56ms/step - loss: 0.5402 - val_loss: 0.5347
Epoch 416/500
35/35 - 2s - 55ms/step - loss: 0.5401 - val_loss: 0.5346
Epoch 417/500
35/35 - 2s - 56ms/step - loss: 0.5401 - val_loss: 0.5346
Epoch 418/500
35/35 - 2s - 56ms/step - loss: 0.5400 - val_loss: 0.5345
Epoch 419/500
35/35 - 2s - 55ms/step - loss: 0.5399 - val_loss: 0.5345
Epoch 420/500
35/35 - 2s - 56ms/step - loss: 0.5399 - val_loss: 0.5344
Epoch 421/500
35/35 - 2s - 56ms/step - loss: 0.5398 - val_loss: 0.5343
Epoch 422/500
35/35 - 2s - 55ms/step - loss: 0.5398 - val_loss: 0.5343
Epoch 423/500
35/35 - 2s - 56ms/step - loss: 0.5397 - val_loss: 0.5342
Epoch 424/500
35/35 - 2s - 56ms/step - loss: 0.5397 - val_loss: 0.5342
Epoch 425/500
35/35 - 2s - 55ms/step - loss: 0.5396 - val_loss: 0.5341
Epoch 426/500
35/35 - 2s - 55ms/step - loss: 0.5395 - val_loss: 0.5340
Epoch 427/500
35/35 - 2s - 56ms/step - loss: 0.5395 - val_loss: 0.5340
Epoch 428/500
35/35 - 2s - 56ms/step - loss: 0.5394 - val_loss: 0.5339
Epoch 429/500
35/35 - 2s - 56ms/step - loss: 0.5394 - val_loss: 0.5338
Epoch 430/500
35/35 - 2s - 56ms/step - loss: 0.5393 - val_loss: 0.5338
Epoch 431/500
35/35 - 2s - 56ms/step - loss: 0.5393 - val_loss: 0.5337
Epoch 432/500
35/35 - 2s - 56ms/step - loss: 0.5392 - val_loss: 0.5337
Epoch 433/500
35/35 - 2s - 56ms/step - loss: 0.5392 - val_loss: 0.5336
Epoch 434/500
35/35 - 2s - 55ms/step - loss: 0.5391 - val_loss: 0.5336
Epoch 435/500
35/35 - 2s - 55ms/step - loss: 0.5391 - val_loss: 0.5335
Epoch 436/500
35/35 - 2s - 55ms/step - loss: 0.5390 - val_loss: 0.5334
Epoch 437/500
35/35 - 2s - 55ms/step - loss: 0.5390 - val_loss: 0.5334
Epoch 438/500
35/35 - 2s - 56ms/step - loss: 0.5389 - val_loss: 0.5333
Epoch 439/500
35/35 - 2s - 55ms/step - loss: 0.5388 - val_loss: 0.5333
Epoch 440/500
35/35 - 2s - 55ms/step - loss: 0.5388 - val_loss: 0.5332
Epoch 441/500
35/35 - 2s - 56ms/step - loss: 0.5387 - val_loss: 0.5332
Epoch 442/500
35/35 - 2s - 55ms/step - loss: 0.5387 - val_loss: 0.5331
Epoch 443/500
35/35 - 2s - 55ms/step - loss: 0.5386 - val_loss: 0.5330
Epoch 444/500
35/35 - 2s - 55ms/step - loss: 0.5386 - val_loss: 0.5330
Epoch 445/500
35/35 - 2s - 55ms/step - loss: 0.5385 - val_loss: 0.5329
Epoch 446/500
35/35 - 2s - 55ms/step - loss: 0.5385 - val_loss: 0.5329
Epoch 447/500
35/35 - 2s - 55ms/step - loss: 0.5384 - val_loss: 0.5328
Epoch 448/500
35/35 - 2s - 55ms/step - loss: 0.5384 - val_loss: 0.5328
Epoch 449/500
35/35 - 2s - 55ms/step - loss: 0.5383 - val_loss: 0.5327
Epoch 450/500
35/35 - 2s - 55ms/step - loss: 0.5383 - val_loss: 0.5327
Epoch 451/500
35/35 - 2s - 55ms/step - loss: 0.5382 - val_loss: 0.5326
Epoch 452/500
35/35 - 2s - 55ms/step - loss: 0.5382 - val_loss: 0.5325
Epoch 453/500
35/35 - 2s - 55ms/step - loss: 0.5381 - val_loss: 0.5325
Epoch 454/500
35/35 - 2s - 55ms/step - loss: 0.5381 - val_loss: 0.5324
Epoch 455/500
35/35 - 2s - 55ms/step - loss: 0.5380 - val_loss: 0.5324
Epoch 456/500
35/35 - 2s - 55ms/step - loss: 0.5380 - val_loss: 0.5323
Epoch 457/500
35/35 - 2s - 55ms/step - loss: 0.5379 - val_loss: 0.5323
Epoch 458/500
35/35 - 2s - 55ms/step - loss: 0.5379 - val_loss: 0.5322
Epoch 459/500
35/35 - 2s - 55ms/step - loss: 0.5378 - val_loss: 0.5322
Epoch 460/500
35/35 - 2s - 55ms/step - loss: 0.5378 - val_loss: 0.5321
Epoch 461/500
35/35 - 2s - 55ms/step - loss: 0.5377 - val_loss: 0.5321
Epoch 462/500
35/35 - 2s - 55ms/step - loss: 0.5377 - val_loss: 0.5320
Epoch 463/500
35/35 - 2s - 55ms/step - loss: 0.5376 - val_loss: 0.5320
Epoch 464/500
35/35 - 2s - 55ms/step - loss: 0.5376 - val_loss: 0.5319
Epoch 465/500
35/35 - 2s - 54ms/step - loss: 0.5376 - val_loss: 0.5319
Epoch 466/500
35/35 - 2s - 55ms/step - loss: 0.5375 - val_loss: 0.5318
Epoch 467/500
35/35 - 2s - 55ms/step - loss: 0.5375 - val_loss: 0.5318
Epoch 468/500
35/35 - 2s - 55ms/step - loss: 0.5374 - val_loss: 0.5317
Epoch 469/500
35/35 - 2s - 56ms/step - loss: 0.5374 - val_loss: 0.5317
Epoch 470/500
35/35 - 2s - 55ms/step - loss: 0.5373 - val_loss: 0.5316
Epoch 471/500
35/35 - 2s - 55ms/step - loss: 0.5373 - val_loss: 0.5316
Epoch 472/500
35/35 - 2s - 55ms/step - loss: 0.5372 - val_loss: 0.5315
Epoch 473/500
35/35 - 2s - 55ms/step - loss: 0.5372 - val_loss: 0.5315
Epoch 474/500
35/35 - 2s - 54ms/step - loss: 0.5371 - val_loss: 0.5314
Epoch 475/500
35/35 - 2s - 55ms/step - loss: 0.5371 - val_loss: 0.5314
Epoch 476/500
35/35 - 2s - 55ms/step - loss: 0.5370 - val_loss: 0.5313
Epoch 477/500
35/35 - 2s - 55ms/step - loss: 0.5370 - val_loss: 0.5313
Epoch 478/500
35/35 - 2s - 55ms/step - loss: 0.5370 - val_loss: 0.5312
Epoch 479/500
35/35 - 2s - 55ms/step - loss: 0.5369 - val_loss: 0.5312
Epoch 480/500
35/35 - 2s - 55ms/step - loss: 0.5369 - val_loss: 0.5311
Epoch 481/500
35/35 - 2s - 55ms/step - loss: 0.5368 - val_loss: 0.5311
Epoch 482/500
35/35 - 2s - 55ms/step - loss: 0.5368 - val_loss: 0.5310
Epoch 483/500
35/35 - 2s - 55ms/step - loss: 0.5367 - val_loss: 0.5310
Epoch 484/500
35/35 - 2s - 55ms/step - loss: 0.5367 - val_loss: 0.5309
Epoch 485/500
35/35 - 2s - 55ms/step - loss: 0.5366 - val_loss: 0.5309
Epoch 486/500
35/35 - 2s - 55ms/step - loss: 0.5366 - val_loss: 0.5308
Epoch 487/500
35/35 - 2s - 55ms/step - loss: 0.5366 - val_loss: 0.5308
Epoch 488/500
35/35 - 2s - 55ms/step - loss: 0.5365 - val_loss: 0.5308
Epoch 489/500
35/35 - 2s - 55ms/step - loss: 0.5365 - val_loss: 0.5307
Epoch 490/500
35/35 - 2s - 55ms/step - loss: 0.5364 - val_loss: 0.5307
Epoch 491/500
35/35 - 2s - 55ms/step - loss: 0.5364 - val_loss: 0.5306
Epoch 492/500
35/35 - 2s - 55ms/step - loss: 0.5363 - val_loss: 0.5306
Epoch 493/500
35/35 - 2s - 55ms/step - loss: 0.5363 - val_loss: 0.5305
Epoch 494/500
35/35 - 2s - 55ms/step - loss: 0.5363 - val_loss: 0.5305
Epoch 495/500
35/35 - 2s - 55ms/step - loss: 0.5362 - val_loss: 0.5304
Epoch 496/500
35/35 - 2s - 55ms/step - loss: 0.5362 - val_loss: 0.5304
Epoch 497/500
35/35 - 2s - 55ms/step - loss: 0.5361 - val_loss: 0.5303
Epoch 498/500
35/35 - 2s - 55ms/step - loss: 0.5361 - val_loss: 0.5303
Epoch 499/500
35/35 - 2s - 55ms/step - loss: 0.5361 - val_loss: 0.5303
Epoch 500/500
35/35 - 2s - 55ms/step - loss: 0.5360 - val_loss: 0.5302
[Run 4/5] Training single encoder baseline (baseline preprocessing, linear structure, sigmoid head)...
/Users/albert/Downloads/Documents/PhD Thesis/Comparable/.venv/lib/python3.12/site-packages/sklearn/linear_model/_linear_loss.py:203: RuntimeWarning: divide by zero encountered in matmul
  raw_prediction = X @ weights + intercept
/Users/albert/Downloads/Documents/PhD Thesis/Comparable/.venv/lib/python3.12/site-packages/sklearn/linear_model/_linear_loss.py:203: RuntimeWarning: overflow encountered in matmul
  raw_prediction = X @ weights + intercept
/Users/albert/Downloads/Documents/PhD Thesis/Comparable/.venv/lib/python3.12/site-packages/sklearn/linear_model/_linear_loss.py:203: RuntimeWarning: invalid value encountered in matmul
  raw_prediction = X @ weights + intercept
/Users/albert/Downloads/Documents/PhD Thesis/Comparable/.venv/lib/python3.12/site-packages/sklearn/linear_model/_linear_loss.py:333: RuntimeWarning: divide by zero encountered in matmul
  grad[:n_features] = X.T @ grad_pointwise + l2_reg_strength * weights
/Users/albert/Downloads/Documents/PhD Thesis/Comparable/.venv/lib/python3.12/site-packages/sklearn/linear_model/_linear_loss.py:333: RuntimeWarning: overflow encountered in matmul
  grad[:n_features] = X.T @ grad_pointwise + l2_reg_strength * weights
/Users/albert/Downloads/Documents/PhD Thesis/Comparable/.venv/lib/python3.12/site-packages/sklearn/linear_model/_linear_loss.py:333: RuntimeWarning: invalid value encountered in matmul
  grad[:n_features] = X.T @ grad_pointwise + l2_reg_strength * weights
/Users/albert/Downloads/Documents/PhD Thesis/Comparable/.venv/lib/python3.12/site-packages/sklearn/utils/extmath.py:227: RuntimeWarning: divide by zero encountered in matmul
  ret = a @ b
/Users/albert/Downloads/Documents/PhD Thesis/Comparable/.venv/lib/python3.12/site-packages/sklearn/utils/extmath.py:227: RuntimeWarning: overflow encountered in matmul
  ret = a @ b
/Users/albert/Downloads/Documents/PhD Thesis/Comparable/.venv/lib/python3.12/site-packages/sklearn/utils/extmath.py:227: RuntimeWarning: invalid value encountered in matmul
  ret = a @ b
[Run 4/5] Shared encoder (unweight) validation threshold=0.5436 (balanced_accuracy=0.7480).
[Run 4/5] Shared encoder (weighted) validation threshold=0.5375 (balanced_accuracy=0.7496).
/Users/albert/Downloads/Documents/PhD Thesis/Comparable/Code/Synthetic/synthetic.py:106: Pandas4Warning: For backward compatibility, 'str' dtypes are included by select_dtypes when 'object' dtype is specified. This behavior is deprecated and will be removed in a future version. Explicitly pass 'str' to `include` to select them, or to `exclude` to remove them and silence this warning.
See https://pandas.pydata.org/docs/user_guide/migration-3-strings.html#string-migration-select-dtypes for details on how to write code that works with pandas 2 and 3.
  text_cols = df.select_dtypes(include="object").columns
[Run 5/5] Training shared encoder (unweighted, sigmoid head, baseline preprocessing)...
/Users/albert/Downloads/Documents/PhD Thesis/Comparable/.venv/lib/python3.12/site-packages/keras/src/trainers/trainer.py:212: UserWarning: Model doesn't support `jit_compile=True`. Proceeding with `jit_compile=False`.
  warnings.warn(
Epoch 1/500
36/36 - 2s - 57ms/step - loss: 0.9766 - val_loss: 0.9772
Epoch 2/500
36/36 - 2s - 49ms/step - loss: 0.9522 - val_loss: 0.9526
Epoch 3/500
36/36 - 2s - 49ms/step - loss: 0.9293 - val_loss: 0.9296
Epoch 4/500
36/36 - 2s - 49ms/step - loss: 0.9081 - val_loss: 0.9084
Epoch 5/500
36/36 - 2s - 49ms/step - loss: 0.8888 - val_loss: 0.8893
Epoch 6/500
36/36 - 2s - 49ms/step - loss: 0.8714 - val_loss: 0.8719
Epoch 7/500
36/36 - 2s - 49ms/step - loss: 0.8556 - val_loss: 0.8562
Epoch 8/500
36/36 - 2s - 49ms/step - loss: 0.8413 - val_loss: 0.8419
Epoch 9/500
36/36 - 2s - 49ms/step - loss: 0.8284 - val_loss: 0.8288
Epoch 10/500
36/36 - 2s - 49ms/step - loss: 0.8166 - val_loss: 0.8169
Epoch 11/500
36/36 - 2s - 50ms/step - loss: 0.8058 - val_loss: 0.8059
Epoch 12/500
36/36 - 2s - 50ms/step - loss: 0.7959 - val_loss: 0.7958
Epoch 13/500
36/36 - 2s - 49ms/step - loss: 0.7868 - val_loss: 0.7864
Epoch 14/500
36/36 - 2s - 49ms/step - loss: 0.7783 - val_loss: 0.7776
Epoch 15/500
36/36 - 2s - 49ms/step - loss: 0.7705 - val_loss: 0.7693
Epoch 16/500
36/36 - 2s - 50ms/step - loss: 0.7631 - val_loss: 0.7615
Epoch 17/500
36/36 - 2s - 50ms/step - loss: 0.7562 - val_loss: 0.7541
Epoch 18/500
36/36 - 2s - 50ms/step - loss: 0.7497 - val_loss: 0.7471
Epoch 19/500
36/36 - 2s - 49ms/step - loss: 0.7435 - val_loss: 0.7404
Epoch 20/500
36/36 - 2s - 50ms/step - loss: 0.7376 - val_loss: 0.7341
Epoch 21/500
36/36 - 2s - 50ms/step - loss: 0.7321 - val_loss: 0.7280
Epoch 22/500
36/36 - 2s - 50ms/step - loss: 0.7268 - val_loss: 0.7222
Epoch 23/500
36/36 - 2s - 50ms/step - loss: 0.7217 - val_loss: 0.7167
Epoch 24/500
36/36 - 2s - 49ms/step - loss: 0.7169 - val_loss: 0.7115
Epoch 25/500
36/36 - 2s - 50ms/step - loss: 0.7123 - val_loss: 0.7064
Epoch 26/500
36/36 - 2s - 50ms/step - loss: 0.7079 - val_loss: 0.7016
Epoch 27/500
36/36 - 2s - 51ms/step - loss: 0.7036 - val_loss: 0.6970
Epoch 28/500
36/36 - 2s - 50ms/step - loss: 0.6995 - val_loss: 0.6926
Epoch 29/500
36/36 - 2s - 50ms/step - loss: 0.6956 - val_loss: 0.6883
Epoch 30/500
36/36 - 2s - 49ms/step - loss: 0.6918 - val_loss: 0.6843
Epoch 31/500
36/36 - 2s - 49ms/step - loss: 0.6882 - val_loss: 0.6804
Epoch 32/500
36/36 - 2s - 50ms/step - loss: 0.6846 - val_loss: 0.6766
Epoch 33/500
36/36 - 2s - 50ms/step - loss: 0.6813 - val_loss: 0.6730
Epoch 34/500
36/36 - 2s - 49ms/step - loss: 0.6780 - val_loss: 0.6695
Epoch 35/500
36/36 - 2s - 49ms/step - loss: 0.6748 - val_loss: 0.6661
Epoch 36/500
36/36 - 2s - 49ms/step - loss: 0.6718 - val_loss: 0.6629
Epoch 37/500
36/36 - 2s - 49ms/step - loss: 0.6688 - val_loss: 0.6597
Epoch 38/500
36/36 - 2s - 50ms/step - loss: 0.6660 - val_loss: 0.6566
Epoch 39/500
36/36 - 2s - 49ms/step - loss: 0.6632 - val_loss: 0.6537
Epoch 40/500
36/36 - 2s - 50ms/step - loss: 0.6605 - val_loss: 0.6508
Epoch 41/500
36/36 - 2s - 49ms/step - loss: 0.6579 - val_loss: 0.6480
Epoch 42/500
36/36 - 2s - 49ms/step - loss: 0.6553 - val_loss: 0.6453
Epoch 43/500
36/36 - 2s - 49ms/step - loss: 0.6529 - val_loss: 0.6426
Epoch 44/500
36/36 - 2s - 49ms/step - loss: 0.6505 - val_loss: 0.6401
Epoch 45/500
36/36 - 2s - 49ms/step - loss: 0.6482 - val_loss: 0.6376
Epoch 46/500
36/36 - 2s - 49ms/step - loss: 0.6459 - val_loss: 0.6352
Epoch 47/500
36/36 - 2s - 49ms/step - loss: 0.6437 - val_loss: 0.6328
Epoch 48/500
36/36 - 2s - 50ms/step - loss: 0.6416 - val_loss: 0.6306
Epoch 49/500
36/36 - 2s - 49ms/step - loss: 0.6396 - val_loss: 0.6283
Epoch 50/500
36/36 - 2s - 49ms/step - loss: 0.6375 - val_loss: 0.6262
Epoch 51/500
36/36 - 2s - 49ms/step - loss: 0.6356 - val_loss: 0.6241
Epoch 52/500
36/36 - 2s - 49ms/step - loss: 0.6337 - val_loss: 0.6220
Epoch 53/500
36/36 - 2s - 49ms/step - loss: 0.6319 - val_loss: 0.6201
Epoch 54/500
36/36 - 2s - 49ms/step - loss: 0.6301 - val_loss: 0.6181
Epoch 55/500
36/36 - 2s - 49ms/step - loss: 0.6283 - val_loss: 0.6162
Epoch 56/500
36/36 - 2s - 49ms/step - loss: 0.6266 - val_loss: 0.6144
Epoch 57/500
36/36 - 2s - 50ms/step - loss: 0.6249 - val_loss: 0.6126
Epoch 58/500
36/36 - 2s - 49ms/step - loss: 0.6233 - val_loss: 0.6108
Epoch 59/500
36/36 - 2s - 49ms/step - loss: 0.6217 - val_loss: 0.6091
Epoch 60/500
36/36 - 2s - 49ms/step - loss: 0.6202 - val_loss: 0.6075
Epoch 61/500
36/36 - 2s - 50ms/step - loss: 0.6187 - val_loss: 0.6058
Epoch 62/500
36/36 - 2s - 49ms/step - loss: 0.6172 - val_loss: 0.6042
Epoch 63/500
36/36 - 2s - 49ms/step - loss: 0.6158 - val_loss: 0.6027
Epoch 64/500
36/36 - 2s - 49ms/step - loss: 0.6143 - val_loss: 0.6012
Epoch 65/500
36/36 - 2s - 49ms/step - loss: 0.6130 - val_loss: 0.5997
Epoch 66/500
36/36 - 2s - 49ms/step - loss: 0.6116 - val_loss: 0.5982
Epoch 67/500
36/36 - 2s - 49ms/step - loss: 0.6103 - val_loss: 0.5968
Epoch 68/500
36/36 - 2s - 49ms/step - loss: 0.6090 - val_loss: 0.5954
Epoch 69/500
36/36 - 2s - 49ms/step - loss: 0.6077 - val_loss: 0.5941
Epoch 70/500
36/36 - 2s - 49ms/step - loss: 0.6064 - val_loss: 0.5927
Epoch 71/500
36/36 - 2s - 49ms/step - loss: 0.6052 - val_loss: 0.5914
Epoch 72/500
36/36 - 2s - 49ms/step - loss: 0.6040 - val_loss: 0.5901
Epoch 73/500
36/36 - 2s - 49ms/step - loss: 0.6028 - val_loss: 0.5889
Epoch 74/500
36/36 - 2s - 49ms/step - loss: 0.6017 - val_loss: 0.5877
Epoch 75/500
36/36 - 2s - 49ms/step - loss: 0.6005 - val_loss: 0.5865
Epoch 76/500
36/36 - 2s - 49ms/step - loss: 0.5994 - val_loss: 0.5853
Epoch 77/500
36/36 - 2s - 49ms/step - loss: 0.5983 - val_loss: 0.5842
Epoch 78/500
36/36 - 2s - 49ms/step - loss: 0.5972 - val_loss: 0.5830
Epoch 79/500
36/36 - 2s - 49ms/step - loss: 0.5962 - val_loss: 0.5819
Epoch 80/500
36/36 - 2s - 50ms/step - loss: 0.5951 - val_loss: 0.5809
Epoch 81/500
36/36 - 2s - 49ms/step - loss: 0.5941 - val_loss: 0.5798
Epoch 82/500
36/36 - 2s - 49ms/step - loss: 0.5931 - val_loss: 0.5788
Epoch 83/500
36/36 - 2s - 49ms/step - loss: 0.5921 - val_loss: 0.5778
Epoch 84/500
36/36 - 2s - 49ms/step - loss: 0.5912 - val_loss: 0.5768
Epoch 85/500
36/36 - 2s - 49ms/step - loss: 0.5903 - val_loss: 0.5759
Epoch 86/500
36/36 - 2s - 49ms/step - loss: 0.5893 - val_loss: 0.5749
Epoch 87/500
36/36 - 2s - 49ms/step - loss: 0.5885 - val_loss: 0.5740
Epoch 88/500
36/36 - 2s - 49ms/step - loss: 0.5876 - val_loss: 0.5731
Epoch 89/500
36/36 - 2s - 49ms/step - loss: 0.5867 - val_loss: 0.5722
Epoch 90/500
36/36 - 2s - 50ms/step - loss: 0.5859 - val_loss: 0.5714
Epoch 91/500
36/36 - 2s - 49ms/step - loss: 0.5851 - val_loss: 0.5706
Epoch 92/500
36/36 - 2s - 49ms/step - loss: 0.5843 - val_loss: 0.5697
Epoch 93/500
36/36 - 2s - 49ms/step - loss: 0.5835 - val_loss: 0.5689
Epoch 94/500
36/36 - 2s - 49ms/step - loss: 0.5827 - val_loss: 0.5682
Epoch 95/500
36/36 - 2s - 49ms/step - loss: 0.5820 - val_loss: 0.5674
Epoch 96/500
36/36 - 2s - 50ms/step - loss: 0.5813 - val_loss: 0.5667
Epoch 97/500
36/36 - 2s - 49ms/step - loss: 0.5805 - val_loss: 0.5659
Epoch 98/500
36/36 - 2s - 49ms/step - loss: 0.5798 - val_loss: 0.5652
Epoch 99/500
36/36 - 2s - 50ms/step - loss: 0.5792 - val_loss: 0.5645
Epoch 100/500
36/36 - 2s - 50ms/step - loss: 0.5785 - val_loss: 0.5638
Epoch 101/500
36/36 - 2s - 49ms/step - loss: 0.5778 - val_loss: 0.5632
Epoch 102/500
36/36 - 2s - 49ms/step - loss: 0.5772 - val_loss: 0.5625
Epoch 103/500
36/36 - 2s - 49ms/step - loss: 0.5766 - val_loss: 0.5619
Epoch 104/500
36/36 - 2s - 49ms/step - loss: 0.5759 - val_loss: 0.5613
Epoch 105/500
36/36 - 2s - 49ms/step - loss: 0.5753 - val_loss: 0.5607
Epoch 106/500
36/36 - 2s - 49ms/step - loss: 0.5747 - val_loss: 0.5601
Epoch 107/500
36/36 - 2s - 49ms/step - loss: 0.5742 - val_loss: 0.5595
Epoch 108/500
36/36 - 2s - 49ms/step - loss: 0.5736 - val_loss: 0.5589
Epoch 109/500
36/36 - 2s - 49ms/step - loss: 0.5730 - val_loss: 0.5583
Epoch 110/500
36/36 - 2s - 50ms/step - loss: 0.5725 - val_loss: 0.5578
Epoch 111/500
36/36 - 2s - 50ms/step - loss: 0.5719 - val_loss: 0.5572
Epoch 112/500
36/36 - 2s - 49ms/step - loss: 0.5714 - val_loss: 0.5567
Epoch 113/500
36/36 - 2s - 49ms/step - loss: 0.5709 - val_loss: 0.5562
Epoch 114/500
36/36 - 2s - 49ms/step - loss: 0.5704 - val_loss: 0.5557
Epoch 115/500
36/36 - 2s - 49ms/step - loss: 0.5699 - val_loss: 0.5551
Epoch 116/500
36/36 - 2s - 50ms/step - loss: 0.5694 - val_loss: 0.5546
Epoch 117/500
36/36 - 2s - 49ms/step - loss: 0.5689 - val_loss: 0.5542
Epoch 118/500
36/36 - 2s - 49ms/step - loss: 0.5684 - val_loss: 0.5537
Epoch 119/500
36/36 - 3s - 72ms/step - loss: 0.5679 - val_loss: 0.5532
Epoch 120/500
36/36 - 2s - 48ms/step - loss: 0.5675 - val_loss: 0.5527
Epoch 121/500
36/36 - 2s - 49ms/step - loss: 0.5670 - val_loss: 0.5523
Epoch 122/500
36/36 - 2s - 49ms/step - loss: 0.5666 - val_loss: 0.5518
Epoch 123/500
36/36 - 2s - 49ms/step - loss: 0.5661 - val_loss: 0.5514
Epoch 124/500
36/36 - 2s - 49ms/step - loss: 0.5657 - val_loss: 0.5509
Epoch 125/500
36/36 - 2s - 50ms/step - loss: 0.5653 - val_loss: 0.5505
Epoch 126/500
36/36 - 2s - 49ms/step - loss: 0.5649 - val_loss: 0.5501
Epoch 127/500
36/36 - 2s - 50ms/step - loss: 0.5644 - val_loss: 0.5497
Epoch 128/500
36/36 - 2s - 49ms/step - loss: 0.5640 - val_loss: 0.5493
Epoch 129/500
36/36 - 2s - 49ms/step - loss: 0.5636 - val_loss: 0.5489
Epoch 130/500
36/36 - 2s - 51ms/step - loss: 0.5632 - val_loss: 0.5485
Epoch 131/500
36/36 - 2s - 50ms/step - loss: 0.5628 - val_loss: 0.5481
Epoch 132/500
36/36 - 2s - 49ms/step - loss: 0.5625 - val_loss: 0.5477
Epoch 133/500
36/36 - 2s - 49ms/step - loss: 0.5621 - val_loss: 0.5473
Epoch 134/500
36/36 - 2s - 49ms/step - loss: 0.5617 - val_loss: 0.5469
Epoch 135/500
36/36 - 2s - 49ms/step - loss: 0.5613 - val_loss: 0.5465
Epoch 136/500
36/36 - 2s - 50ms/step - loss: 0.5610 - val_loss: 0.5462
Epoch 137/500
36/36 - 2s - 49ms/step - loss: 0.5606 - val_loss: 0.5458
Epoch 138/500
36/36 - 2s - 49ms/step - loss: 0.5603 - val_loss: 0.5454
Epoch 139/500
36/36 - 2s - 54ms/step - loss: 0.5599 - val_loss: 0.5451
Epoch 140/500
36/36 - 2s - 54ms/step - loss: 0.5596 - val_loss: 0.5447
Epoch 141/500
36/36 - 2s - 51ms/step - loss: 0.5592 - val_loss: 0.5444
Epoch 142/500
36/36 - 2s - 49ms/step - loss: 0.5589 - val_loss: 0.5440
Epoch 143/500
36/36 - 2s - 51ms/step - loss: 0.5586 - val_loss: 0.5437
Epoch 144/500
36/36 - 2s - 52ms/step - loss: 0.5582 - val_loss: 0.5434
Epoch 145/500
36/36 - 252s - 7s/step - loss: 0.5579 - val_loss: 0.5430
Epoch 146/500
36/36 - 2s - 51ms/step - loss: 0.5576 - val_loss: 0.5427
Epoch 147/500
36/36 - 3s - 92ms/step - loss: 0.5573 - val_loss: 0.5424
Epoch 148/500
36/36 - 2s - 55ms/step - loss: 0.5570 - val_loss: 0.5421
Epoch 149/500
36/36 - 2s - 50ms/step - loss: 0.5567 - val_loss: 0.5418
Epoch 150/500
36/36 - 2s - 50ms/step - loss: 0.5564 - val_loss: 0.5415
Epoch 151/500
36/36 - 2s - 49ms/step - loss: 0.5561 - val_loss: 0.5411
Epoch 152/500
36/36 - 2s - 50ms/step - loss: 0.5558 - val_loss: 0.5408
Epoch 153/500
36/36 - 2s - 50ms/step - loss: 0.5555 - val_loss: 0.5405
Epoch 154/500
36/36 - 2s - 50ms/step - loss: 0.5552 - val_loss: 0.5402
Epoch 155/500
36/36 - 2s - 49ms/step - loss: 0.5549 - val_loss: 0.5399
Epoch 156/500
36/36 - 2s - 49ms/step - loss: 0.5546 - val_loss: 0.5397
Epoch 157/500
36/36 - 2s - 49ms/step - loss: 0.5544 - val_loss: 0.5394
Epoch 158/500
36/36 - 2s - 49ms/step - loss: 0.5541 - val_loss: 0.5391
Epoch 159/500
36/36 - 2s - 50ms/step - loss: 0.5538 - val_loss: 0.5388
Epoch 160/500
36/36 - 2s - 50ms/step - loss: 0.5535 - val_loss: 0.5385
Epoch 161/500
36/36 - 2s - 50ms/step - loss: 0.5533 - val_loss: 0.5382
Epoch 162/500
36/36 - 2s - 50ms/step - loss: 0.5530 - val_loss: 0.5380
Epoch 163/500
36/36 - 2s - 49ms/step - loss: 0.5528 - val_loss: 0.5377
Epoch 164/500
36/36 - 2s - 49ms/step - loss: 0.5525 - val_loss: 0.5374
Epoch 165/500
36/36 - 2s - 50ms/step - loss: 0.5523 - val_loss: 0.5372
Epoch 166/500
36/36 - 2s - 50ms/step - loss: 0.5520 - val_loss: 0.5369
Epoch 167/500
36/36 - 2s - 49ms/step - loss: 0.5518 - val_loss: 0.5366
Epoch 168/500
36/36 - 2s - 49ms/step - loss: 0.5515 - val_loss: 0.5364
Epoch 169/500
36/36 - 2s - 49ms/step - loss: 0.5513 - val_loss: 0.5361
Epoch 170/500
36/36 - 2s - 49ms/step - loss: 0.5510 - val_loss: 0.5359
Epoch 171/500
36/36 - 2s - 49ms/step - loss: 0.5508 - val_loss: 0.5356
Epoch 172/500
36/36 - 2s - 50ms/step - loss: 0.5506 - val_loss: 0.5354
Epoch 173/500
36/36 - 2s - 50ms/step - loss: 0.5503 - val_loss: 0.5351
Epoch 174/500
36/36 - 2s - 49ms/step - loss: 0.5501 - val_loss: 0.5349
Epoch 175/500
36/36 - 2s - 49ms/step - loss: 0.5499 - val_loss: 0.5347
Epoch 176/500
36/36 - 2s - 49ms/step - loss: 0.5497 - val_loss: 0.5344
Epoch 177/500
36/36 - 2s - 49ms/step - loss: 0.5494 - val_loss: 0.5342
Epoch 178/500
36/36 - 2s - 50ms/step - loss: 0.5492 - val_loss: 0.5340
Epoch 179/500
36/36 - 2s - 49ms/step - loss: 0.5490 - val_loss: 0.5337
Epoch 180/500
36/36 - 2s - 49ms/step - loss: 0.5488 - val_loss: 0.5335
Epoch 181/500
36/36 - 2s - 50ms/step - loss: 0.5486 - val_loss: 0.5333
Epoch 182/500
36/36 - 2s - 49ms/step - loss: 0.5484 - val_loss: 0.5330
Epoch 183/500
36/36 - 2s - 49ms/step - loss: 0.5482 - val_loss: 0.5328
Epoch 184/500
36/36 - 2s - 49ms/step - loss: 0.5480 - val_loss: 0.5326
Epoch 185/500
36/36 - 2s - 49ms/step - loss: 0.5478 - val_loss: 0.5324
Epoch 186/500
36/36 - 2s - 49ms/step - loss: 0.5476 - val_loss: 0.5322
Epoch 187/500
36/36 - 2s - 49ms/step - loss: 0.5474 - val_loss: 0.5319
Epoch 188/500
36/36 - 2s - 50ms/step - loss: 0.5472 - val_loss: 0.5317
Epoch 189/500
36/36 - 2s - 50ms/step - loss: 0.5470 - val_loss: 0.5315
Epoch 190/500
36/36 - 2s - 52ms/step - loss: 0.5468 - val_loss: 0.5313
Epoch 191/500
36/36 - 2s - 49ms/step - loss: 0.5466 - val_loss: 0.5311
Epoch 192/500
36/36 - 2s - 49ms/step - loss: 0.5464 - val_loss: 0.5309
Epoch 193/500
36/36 - 2s - 49ms/step - loss: 0.5462 - val_loss: 0.5307
Epoch 194/500
36/36 - 2s - 49ms/step - loss: 0.5460 - val_loss: 0.5305
Epoch 195/500
36/36 - 2s - 49ms/step - loss: 0.5458 - val_loss: 0.5303
Epoch 196/500
36/36 - 2s - 49ms/step - loss: 0.5456 - val_loss: 0.5301
Epoch 197/500
36/36 - 2s - 50ms/step - loss: 0.5455 - val_loss: 0.5299
Epoch 198/500
36/36 - 2s - 49ms/step - loss: 0.5453 - val_loss: 0.5297
Epoch 199/500
36/36 - 2s - 49ms/step - loss: 0.5451 - val_loss: 0.5295
Epoch 200/500
36/36 - 2s - 49ms/step - loss: 0.5449 - val_loss: 0.5293
Epoch 201/500
36/36 - 2s - 49ms/step - loss: 0.5448 - val_loss: 0.5291
Epoch 202/500
36/36 - 2s - 50ms/step - loss: 0.5446 - val_loss: 0.5289
Epoch 203/500
36/36 - 2s - 49ms/step - loss: 0.5444 - val_loss: 0.5287
Epoch 204/500
36/36 - 2s - 49ms/step - loss: 0.5442 - val_loss: 0.5285
Epoch 205/500
36/36 - 2s - 49ms/step - loss: 0.5441 - val_loss: 0.5284
Epoch 206/500
36/36 - 2s - 49ms/step - loss: 0.5439 - val_loss: 0.5282
Epoch 207/500
36/36 - 2s - 50ms/step - loss: 0.5437 - val_loss: 0.5280
Epoch 208/500
36/36 - 2s - 49ms/step - loss: 0.5436 - val_loss: 0.5278
Epoch 209/500
36/36 - 2s - 49ms/step - loss: 0.5434 - val_loss: 0.5276
Epoch 210/500
36/36 - 2s - 49ms/step - loss: 0.5433 - val_loss: 0.5275
Epoch 211/500
36/36 - 2s - 49ms/step - loss: 0.5431 - val_loss: 0.5273
Epoch 212/500
36/36 - 2s - 49ms/step - loss: 0.5429 - val_loss: 0.5271
Epoch 213/500
36/36 - 2s - 49ms/step - loss: 0.5428 - val_loss: 0.5269
Epoch 214/500
36/36 - 2s - 49ms/step - loss: 0.5426 - val_loss: 0.5268
Epoch 215/500
36/36 - 2s - 50ms/step - loss: 0.5425 - val_loss: 0.5266
Epoch 216/500
36/36 - 2s - 49ms/step - loss: 0.5423 - val_loss: 0.5264
Epoch 217/500
36/36 - 2s - 50ms/step - loss: 0.5422 - val_loss: 0.5262
Epoch 218/500
36/36 - 2s - 49ms/step - loss: 0.5420 - val_loss: 0.5261
Epoch 219/500
36/36 - 2s - 49ms/step - loss: 0.5419 - val_loss: 0.5259
Epoch 220/500
36/36 - 2s - 49ms/step - loss: 0.5417 - val_loss: 0.5257
Epoch 221/500
36/36 - 2s - 49ms/step - loss: 0.5416 - val_loss: 0.5256
Epoch 222/500
36/36 - 2s - 49ms/step - loss: 0.5414 - val_loss: 0.5254
Epoch 223/500
36/36 - 2s - 49ms/step - loss: 0.5413 - val_loss: 0.5252
Epoch 224/500
36/36 - 2s - 50ms/step - loss: 0.5411 - val_loss: 0.5251
Epoch 225/500
36/36 - 2s - 49ms/step - loss: 0.5410 - val_loss: 0.5249
Epoch 226/500
36/36 - 2s - 49ms/step - loss: 0.5409 - val_loss: 0.5247
Epoch 227/500
36/36 - 2s - 49ms/step - loss: 0.5407 - val_loss: 0.5246
Epoch 228/500
36/36 - 2s - 49ms/step - loss: 0.5406 - val_loss: 0.5244
Epoch 229/500
36/36 - 2s - 49ms/step - loss: 0.5404 - val_loss: 0.5243
Epoch 230/500
36/36 - 2s - 50ms/step - loss: 0.5403 - val_loss: 0.5241
Epoch 231/500
36/36 - 2s - 50ms/step - loss: 0.5402 - val_loss: 0.5239
Epoch 232/500
36/36 - 2s - 49ms/step - loss: 0.5400 - val_loss: 0.5238
Epoch 233/500
36/36 - 2s - 49ms/step - loss: 0.5399 - val_loss: 0.5236
Epoch 234/500
36/36 - 2s - 49ms/step - loss: 0.5397 - val_loss: 0.5235
Epoch 235/500
36/36 - 2s - 49ms/step - loss: 0.5396 - val_loss: 0.5233
Epoch 236/500
36/36 - 2s - 50ms/step - loss: 0.5395 - val_loss: 0.5232
Epoch 237/500
36/36 - 2s - 50ms/step - loss: 0.5393 - val_loss: 0.5230
Epoch 238/500
36/36 - 2s - 49ms/step - loss: 0.5392 - val_loss: 0.5228
Epoch 239/500
36/36 - 2s - 49ms/step - loss: 0.5391 - val_loss: 0.5227
Epoch 240/500
36/36 - 2s - 49ms/step - loss: 0.5389 - val_loss: 0.5225
Epoch 241/500
36/36 - 2s - 49ms/step - loss: 0.5388 - val_loss: 0.5224
Epoch 242/500
36/36 - 2s - 49ms/step - loss: 0.5387 - val_loss: 0.5222
Epoch 243/500
36/36 - 2s - 49ms/step - loss: 0.5386 - val_loss: 0.5221
Epoch 244/500
36/36 - 2s - 49ms/step - loss: 0.5384 - val_loss: 0.5219
Epoch 245/500
36/36 - 2s - 50ms/step - loss: 0.5383 - val_loss: 0.5218
Epoch 246/500
36/36 - 2s - 49ms/step - loss: 0.5382 - val_loss: 0.5216
Epoch 247/500
36/36 - 2s - 49ms/step - loss: 0.5381 - val_loss: 0.5215
Epoch 248/500
36/36 - 2s - 50ms/step - loss: 0.5379 - val_loss: 0.5213
Epoch 249/500
36/36 - 2s - 50ms/step - loss: 0.5378 - val_loss: 0.5212
Epoch 250/500
36/36 - 2s - 50ms/step - loss: 0.5377 - val_loss: 0.5210
Epoch 251/500
36/36 - 2s - 49ms/step - loss: 0.5376 - val_loss: 0.5209
Epoch 252/500
36/36 - 2s - 49ms/step - loss: 0.5374 - val_loss: 0.5208
Epoch 253/500
36/36 - 2s - 49ms/step - loss: 0.5373 - val_loss: 0.5206
Epoch 254/500
36/36 - 2s - 49ms/step - loss: 0.5372 - val_loss: 0.5205
Epoch 255/500
36/36 - 2s - 50ms/step - loss: 0.5371 - val_loss: 0.5203
Epoch 256/500
36/36 - 2s - 49ms/step - loss: 0.5369 - val_loss: 0.5202
Epoch 257/500
36/36 - 2s - 49ms/step - loss: 0.5368 - val_loss: 0.5200
Epoch 258/500
36/36 - 2s - 49ms/step - loss: 0.5367 - val_loss: 0.5199
Epoch 259/500
36/36 - 2s - 51ms/step - loss: 0.5366 - val_loss: 0.5198
Epoch 260/500
36/36 - 2s - 49ms/step - loss: 0.5365 - val_loss: 0.5196
Epoch 261/500
36/36 - 2s - 56ms/step - loss: 0.5363 - val_loss: 0.5195
Epoch 262/500
36/36 - 2s - 50ms/step - loss: 0.5362 - val_loss: 0.5193
Epoch 263/500
36/36 - 2s - 50ms/step - loss: 0.5361 - val_loss: 0.5192
Epoch 264/500
36/36 - 2s - 50ms/step - loss: 0.5360 - val_loss: 0.5191
Epoch 265/500
36/36 - 2s - 51ms/step - loss: 0.5359 - val_loss: 0.5189
Epoch 266/500
36/36 - 2s - 50ms/step - loss: 0.5358 - val_loss: 0.5188
Epoch 267/500
36/36 - 2s - 51ms/step - loss: 0.5357 - val_loss: 0.5187
Epoch 268/500
36/36 - 2s - 50ms/step - loss: 0.5355 - val_loss: 0.5185
Epoch 269/500
36/36 - 2s - 50ms/step - loss: 0.5354 - val_loss: 0.5184
Epoch 270/500
36/36 - 2s - 49ms/step - loss: 0.5353 - val_loss: 0.5183
Epoch 271/500
36/36 - 2s - 49ms/step - loss: 0.5352 - val_loss: 0.5182
Epoch 272/500
36/36 - 2s - 50ms/step - loss: 0.5351 - val_loss: 0.5180
Epoch 273/500
36/36 - 2s - 50ms/step - loss: 0.5350 - val_loss: 0.5179
Epoch 274/500
36/36 - 2s - 49ms/step - loss: 0.5349 - val_loss: 0.5178
Epoch 275/500
36/36 - 2s - 49ms/step - loss: 0.5348 - val_loss: 0.5177
Epoch 276/500
36/36 - 2s - 50ms/step - loss: 0.5347 - val_loss: 0.5175
Epoch 277/500
36/36 - 2s - 49ms/step - loss: 0.5346 - val_loss: 0.5174
Epoch 278/500
36/36 - 2s - 50ms/step - loss: 0.5344 - val_loss: 0.5173
Epoch 279/500
36/36 - 2s - 49ms/step - loss: 0.5343 - val_loss: 0.5172
Epoch 280/500
36/36 - 2s - 49ms/step - loss: 0.5342 - val_loss: 0.5171
Epoch 281/500
36/36 - 2s - 49ms/step - loss: 0.5341 - val_loss: 0.5170
Epoch 282/500
36/36 - 2s - 50ms/step - loss: 0.5340 - val_loss: 0.5168
Epoch 283/500
36/36 - 2s - 49ms/step - loss: 0.5339 - val_loss: 0.5167
Epoch 284/500
36/36 - 2s - 49ms/step - loss: 0.5338 - val_loss: 0.5166
Epoch 285/500
36/36 - 2s - 49ms/step - loss: 0.5337 - val_loss: 0.5165
Epoch 286/500
36/36 - 2s - 49ms/step - loss: 0.5336 - val_loss: 0.5164
Epoch 287/500
36/36 - 2s - 49ms/step - loss: 0.5335 - val_loss: 0.5163
Epoch 288/500
36/36 - 2s - 50ms/step - loss: 0.5334 - val_loss: 0.5162
Epoch 289/500
36/36 - 2s - 49ms/step - loss: 0.5333 - val_loss: 0.5161
Epoch 290/500
36/36 - 2s - 49ms/step - loss: 0.5332 - val_loss: 0.5160
Epoch 291/500
36/36 - 2s - 49ms/step - loss: 0.5331 - val_loss: 0.5158
Epoch 292/500
36/36 - 2s - 49ms/step - loss: 0.5330 - val_loss: 0.5157
Epoch 293/500
36/36 - 2s - 49ms/step - loss: 0.5329 - val_loss: 0.5156
Epoch 294/500
36/36 - 2s - 49ms/step - loss: 0.5328 - val_loss: 0.5155
Epoch 295/500
36/36 - 2s - 49ms/step - loss: 0.5327 - val_loss: 0.5154
Epoch 296/500
36/36 - 2s - 49ms/step - loss: 0.5326 - val_loss: 0.5153
Epoch 297/500
36/36 - 2s - 49ms/step - loss: 0.5325 - val_loss: 0.5152
Epoch 298/500
36/36 - 2s - 50ms/step - loss: 0.5324 - val_loss: 0.5151
Epoch 299/500
36/36 - 2s - 50ms/step - loss: 0.5323 - val_loss: 0.5150
Epoch 300/500
36/36 - 2s - 49ms/step - loss: 0.5322 - val_loss: 0.5149
Epoch 301/500
36/36 - 2s - 49ms/step - loss: 0.5321 - val_loss: 0.5148
Epoch 302/500
36/36 - 2s - 49ms/step - loss: 0.5320 - val_loss: 0.5147
Epoch 303/500
36/36 - 2s - 49ms/step - loss: 0.5319 - val_loss: 0.5146
Epoch 304/500
36/36 - 2s - 49ms/step - loss: 0.5318 - val_loss: 0.5145
Epoch 305/500
36/36 - 2s - 51ms/step - loss: 0.5317 - val_loss: 0.5144
Epoch 306/500
36/36 - 2s - 60ms/step - loss: 0.5316 - val_loss: 0.5143
Epoch 307/500
36/36 - 2s - 54ms/step - loss: 0.5315 - val_loss: 0.5142
Epoch 308/500
36/36 - 2s - 50ms/step - loss: 0.5314 - val_loss: 0.5142
Epoch 309/500
36/36 - 2s - 53ms/step - loss: 0.5313 - val_loss: 0.5141
Epoch 310/500
36/36 - 2s - 49ms/step - loss: 0.5312 - val_loss: 0.5140
Epoch 311/500
36/36 - 2s - 57ms/step - loss: 0.5311 - val_loss: 0.5139
Epoch 312/500
36/36 - 2s - 54ms/step - loss: 0.5310 - val_loss: 0.5138
Epoch 313/500
36/36 - 2s - 52ms/step - loss: 0.5309 - val_loss: 0.5137
Epoch 314/500
36/36 - 2s - 55ms/step - loss: 0.5308 - val_loss: 0.5136
Epoch 315/500
36/36 - 2s - 50ms/step - loss: 0.5308 - val_loss: 0.5135
Epoch 316/500
36/36 - 2s - 52ms/step - loss: 0.5307 - val_loss: 0.5134
Epoch 317/500
36/36 - 2s - 52ms/step - loss: 0.5306 - val_loss: 0.5133
Epoch 318/500
36/36 - 2s - 51ms/step - loss: 0.5305 - val_loss: 0.5132
Epoch 319/500
36/36 - 2s - 51ms/step - loss: 0.5304 - val_loss: 0.5132
Epoch 320/500
36/36 - 2s - 49ms/step - loss: 0.5303 - val_loss: 0.5131
Epoch 321/500
36/36 - 2s - 54ms/step - loss: 0.5302 - val_loss: 0.5130
Epoch 322/500
36/36 - 2s - 50ms/step - loss: 0.5301 - val_loss: 0.5129
Epoch 323/500
36/36 - 2s - 50ms/step - loss: 0.5300 - val_loss: 0.5128
Epoch 324/500
36/36 - 2s - 50ms/step - loss: 0.5299 - val_loss: 0.5127
Epoch 325/500
36/36 - 2s - 52ms/step - loss: 0.5298 - val_loss: 0.5126
Epoch 326/500
36/36 - 2s - 53ms/step - loss: 0.5297 - val_loss: 0.5125
Epoch 327/500
36/36 - 2s - 50ms/step - loss: 0.5296 - val_loss: 0.5125
Epoch 328/500
36/36 - 2s - 51ms/step - loss: 0.5295 - val_loss: 0.5124
Epoch 329/500
36/36 - 2s - 50ms/step - loss: 0.5294 - val_loss: 0.5123
Epoch 330/500
36/36 - 2s - 49ms/step - loss: 0.5294 - val_loss: 0.5122
Epoch 331/500
36/36 - 2s - 51ms/step - loss: 0.5293 - val_loss: 0.5121
Epoch 332/500
36/36 - 2s - 49ms/step - loss: 0.5292 - val_loss: 0.5120
Epoch 333/500
36/36 - 2s - 52ms/step - loss: 0.5291 - val_loss: 0.5120
Epoch 334/500
36/36 - 2s - 51ms/step - loss: 0.5290 - val_loss: 0.5119
Epoch 335/500
36/36 - 2s - 50ms/step - loss: 0.5289 - val_loss: 0.5118
Epoch 336/500
36/36 - 2s - 49ms/step - loss: 0.5288 - val_loss: 0.5117
Epoch 337/500
36/36 - 2s - 49ms/step - loss: 0.5287 - val_loss: 0.5116
Epoch 338/500
36/36 - 2s - 50ms/step - loss: 0.5286 - val_loss: 0.5115
Epoch 339/500
36/36 - 2s - 50ms/step - loss: 0.5285 - val_loss: 0.5115
Epoch 340/500
36/36 - 2s - 49ms/step - loss: 0.5285 - val_loss: 0.5114
Epoch 341/500
36/36 - 2s - 49ms/step - loss: 0.5284 - val_loss: 0.5113
Epoch 342/500
36/36 - 2s - 49ms/step - loss: 0.5283 - val_loss: 0.5112
Epoch 343/500
36/36 - 2s - 51ms/step - loss: 0.5282 - val_loss: 0.5111
Epoch 344/500
36/36 - 2s - 49ms/step - loss: 0.5281 - val_loss: 0.5110
Epoch 345/500
36/36 - 2s - 50ms/step - loss: 0.5280 - val_loss: 0.5110
Epoch 346/500
36/36 - 2s - 50ms/step - loss: 0.5279 - val_loss: 0.5109
Epoch 347/500
36/36 - 2s - 50ms/step - loss: 0.5278 - val_loss: 0.5108
Epoch 348/500
36/36 - 2s - 50ms/step - loss: 0.5278 - val_loss: 0.5107
Epoch 349/500
36/36 - 2s - 49ms/step - loss: 0.5277 - val_loss: 0.5106
Epoch 350/500
36/36 - 2s - 50ms/step - loss: 0.5276 - val_loss: 0.5106
Epoch 351/500
36/36 - 2s - 50ms/step - loss: 0.5275 - val_loss: 0.5105
Epoch 352/500
36/36 - 2s - 50ms/step - loss: 0.5274 - val_loss: 0.5104
Epoch 353/500
36/36 - 2s - 49ms/step - loss: 0.5273 - val_loss: 0.5103
Epoch 354/500
36/36 - 2s - 49ms/step - loss: 0.5273 - val_loss: 0.5102
Epoch 355/500
36/36 - 2s - 51ms/step - loss: 0.5272 - val_loss: 0.5102
Epoch 356/500
36/36 - 2s - 50ms/step - loss: 0.5271 - val_loss: 0.5101
Epoch 357/500
36/36 - 2s - 50ms/step - loss: 0.5270 - val_loss: 0.5100
Epoch 358/500
36/36 - 2s - 51ms/step - loss: 0.5269 - val_loss: 0.5099
Epoch 359/500
36/36 - 2s - 50ms/step - loss: 0.5268 - val_loss: 0.5098
Epoch 360/500
36/36 - 2s - 50ms/step - loss: 0.5268 - val_loss: 0.5097
Epoch 361/500
36/36 - 2s - 49ms/step - loss: 0.5267 - val_loss: 0.5097
Epoch 362/500
36/36 - 2s - 49ms/step - loss: 0.5266 - val_loss: 0.5096
Epoch 363/500
36/36 - 2s - 49ms/step - loss: 0.5265 - val_loss: 0.5095
Epoch 364/500
36/36 - 2s - 49ms/step - loss: 0.5264 - val_loss: 0.5094
Epoch 365/500
36/36 - 2s - 49ms/step - loss: 0.5263 - val_loss: 0.5093
Epoch 366/500
36/36 - 2s - 49ms/step - loss: 0.5263 - val_loss: 0.5092
Epoch 367/500
36/36 - 2s - 49ms/step - loss: 0.5262 - val_loss: 0.5092
Epoch 368/500
36/36 - 2s - 52ms/step - loss: 0.5261 - val_loss: 0.5091
Epoch 369/500
36/36 - 2s - 56ms/step - loss: 0.5260 - val_loss: 0.5090
Epoch 370/500
36/36 - 2s - 50ms/step - loss: 0.5259 - val_loss: 0.5089
Epoch 371/500
36/36 - 2s - 51ms/step - loss: 0.5258 - val_loss: 0.5088
Epoch 372/500
36/36 - 2s - 54ms/step - loss: 0.5258 - val_loss: 0.5087
Epoch 373/500
36/36 - 2s - 53ms/step - loss: 0.5257 - val_loss: 0.5086
Epoch 374/500
36/36 - 2s - 50ms/step - loss: 0.5256 - val_loss: 0.5085
Epoch 375/500
36/36 - 2s - 51ms/step - loss: 0.5255 - val_loss: 0.5084
Epoch 376/500
36/36 - 2s - 51ms/step - loss: 0.5254 - val_loss: 0.5083
Epoch 377/500
36/36 - 2s - 50ms/step - loss: 0.5253 - val_loss: 0.5082
Epoch 378/500
36/36 - 2s - 49ms/step - loss: 0.5252 - val_loss: 0.5081
Epoch 379/500
36/36 - 2s - 51ms/step - loss: 0.5251 - val_loss: 0.5080
Epoch 380/500
36/36 - 2s - 55ms/step - loss: 0.5251 - val_loss: 0.5079
Epoch 381/500
36/36 - 2s - 61ms/step - loss: 0.5250 - val_loss: 0.5078
Epoch 382/500
36/36 - 2s - 51ms/step - loss: 0.5249 - val_loss: 0.5077
Epoch 383/500
36/36 - 2s - 50ms/step - loss: 0.5248 - val_loss: 0.5076
Epoch 384/500
36/36 - 2s - 49ms/step - loss: 0.5247 - val_loss: 0.5074
Epoch 385/500
36/36 - 2s - 50ms/step - loss: 0.5246 - val_loss: 0.5073
Epoch 386/500
36/36 - 2s - 49ms/step - loss: 0.5244 - val_loss: 0.5071
Epoch 387/500
36/36 - 2s - 50ms/step - loss: 0.5243 - val_loss: 0.5068
Epoch 388/500
36/36 - 2s - 52ms/step - loss: 0.5241 - val_loss: 0.5064
Epoch 389/500
36/36 - 2s - 51ms/step - loss: 0.5239 - val_loss: 0.5058
Epoch 390/500
36/36 - 2s - 51ms/step - loss: 0.5235 - val_loss: 0.5051
Epoch 391/500
36/36 - 2s - 49ms/step - loss: 0.5232 - val_loss: 0.5046
Epoch 392/500
36/36 - 2s - 50ms/step - loss: 0.5230 - val_loss: 0.5042
Epoch 393/500
36/36 - 2s - 49ms/step - loss: 0.5229 - val_loss: 0.5039
Epoch 394/500
36/36 - 2s - 49ms/step - loss: 0.5227 - val_loss: 0.5037
Epoch 395/500
36/36 - 2s - 49ms/step - loss: 0.5226 - val_loss: 0.5036
Epoch 396/500
36/36 - 2s - 49ms/step - loss: 0.5225 - val_loss: 0.5034
Epoch 397/500
36/36 - 2s - 49ms/step - loss: 0.5224 - val_loss: 0.5033
Epoch 398/500
36/36 - 2s - 49ms/step - loss: 0.5223 - val_loss: 0.5031
Epoch 399/500
36/36 - 2s - 49ms/step - loss: 0.5222 - val_loss: 0.5030
Epoch 400/500
36/36 - 2s - 49ms/step - loss: 0.5221 - val_loss: 0.5029
Epoch 401/500
36/36 - 2s - 49ms/step - loss: 0.5220 - val_loss: 0.5028
Epoch 402/500
36/36 - 2s - 49ms/step - loss: 0.5219 - val_loss: 0.5027
Epoch 403/500
36/36 - 2s - 49ms/step - loss: 0.5218 - val_loss: 0.5026
Epoch 404/500
36/36 - 2s - 49ms/step - loss: 0.5217 - val_loss: 0.5025
Epoch 405/500
36/36 - 2s - 49ms/step - loss: 0.5217 - val_loss: 0.5024
Epoch 406/500
36/36 - 2s - 49ms/step - loss: 0.5216 - val_loss: 0.5023
Epoch 407/500
36/36 - 2s - 49ms/step - loss: 0.5215 - val_loss: 0.5022
Epoch 408/500
36/36 - 2s - 49ms/step - loss: 0.5214 - val_loss: 0.5021
Epoch 409/500
36/36 - 2s - 49ms/step - loss: 0.5213 - val_loss: 0.5020
Epoch 410/500
36/36 - 2s - 49ms/step - loss: 0.5213 - val_loss: 0.5019
Epoch 411/500
36/36 - 2s - 49ms/step - loss: 0.5212 - val_loss: 0.5018
Epoch 412/500
36/36 - 2s - 49ms/step - loss: 0.5211 - val_loss: 0.5017
Epoch 413/500
36/36 - 2s - 49ms/step - loss: 0.5210 - val_loss: 0.5016
Epoch 414/500
36/36 - 2s - 49ms/step - loss: 0.5210 - val_loss: 0.5015
Epoch 415/500
36/36 - 2s - 51ms/step - loss: 0.5209 - val_loss: 0.5014
Epoch 416/500
36/36 - 2s - 56ms/step - loss: 0.5208 - val_loss: 0.5014
Epoch 417/500
36/36 - 2s - 52ms/step - loss: 0.5207 - val_loss: 0.5013
Epoch 418/500
36/36 - 2s - 50ms/step - loss: 0.5207 - val_loss: 0.5012
Epoch 419/500
36/36 - 2s - 53ms/step - loss: 0.5206 - val_loss: 0.5011
Epoch 420/500
36/36 - 2s - 51ms/step - loss: 0.5205 - val_loss: 0.5010
Epoch 421/500
36/36 - 2s - 50ms/step - loss: 0.5204 - val_loss: 0.5009
Epoch 422/500
36/36 - 2s - 51ms/step - loss: 0.5204 - val_loss: 0.5009
Epoch 423/500
36/36 - 2s - 52ms/step - loss: 0.5203 - val_loss: 0.5008
Epoch 424/500
36/36 - 2s - 50ms/step - loss: 0.5202 - val_loss: 0.5007
Epoch 425/500
36/36 - 2s - 50ms/step - loss: 0.5201 - val_loss: 0.5006
Epoch 426/500
36/36 - 2s - 50ms/step - loss: 0.5201 - val_loss: 0.5005
Epoch 427/500
36/36 - 2s - 49ms/step - loss: 0.5200 - val_loss: 0.5005
Epoch 428/500
36/36 - 2s - 50ms/step - loss: 0.5199 - val_loss: 0.5004
Epoch 429/500
36/36 - 2s - 50ms/step - loss: 0.5199 - val_loss: 0.5003
Epoch 430/500
36/36 - 2s - 49ms/step - loss: 0.5198 - val_loss: 0.5002
Epoch 431/500
36/36 - 2s - 49ms/step - loss: 0.5197 - val_loss: 0.5002
Epoch 432/500
36/36 - 2s - 50ms/step - loss: 0.5197 - val_loss: 0.5001
Epoch 433/500
36/36 - 2s - 50ms/step - loss: 0.5196 - val_loss: 0.5000
Epoch 434/500
36/36 - 2s - 49ms/step - loss: 0.5195 - val_loss: 0.4999
Epoch 435/500
36/36 - 2s - 49ms/step - loss: 0.5194 - val_loss: 0.4999
Epoch 436/500
36/36 - 2s - 49ms/step - loss: 0.5194 - val_loss: 0.4998
Epoch 437/500
36/36 - 2s - 49ms/step - loss: 0.5193 - val_loss: 0.4997
Epoch 438/500
36/36 - 2s - 49ms/step - loss: 0.5192 - val_loss: 0.4996
Epoch 439/500
36/36 - 2s - 49ms/step - loss: 0.5192 - val_loss: 0.4996
Epoch 440/500
36/36 - 2s - 49ms/step - loss: 0.5191 - val_loss: 0.4995
Epoch 441/500
36/36 - 2s - 51ms/step - loss: 0.5190 - val_loss: 0.4994
Epoch 442/500
36/36 - 2s - 49ms/step - loss: 0.5190 - val_loss: 0.4994
Epoch 443/500
36/36 - 2s - 50ms/step - loss: 0.5189 - val_loss: 0.4993
Epoch 444/500
36/36 - 2s - 50ms/step - loss: 0.5188 - val_loss: 0.4992
Epoch 445/500
36/36 - 2s - 50ms/step - loss: 0.5188 - val_loss: 0.4991
Epoch 446/500
36/36 - 2s - 50ms/step - loss: 0.5187 - val_loss: 0.4991
Epoch 447/500
36/36 - 2s - 50ms/step - loss: 0.5186 - val_loss: 0.4990
Epoch 448/500
36/36 - 2s - 51ms/step - loss: 0.5186 - val_loss: 0.4989
Epoch 449/500
36/36 - 2s - 50ms/step - loss: 0.5185 - val_loss: 0.4989
Epoch 450/500
36/36 - 2s - 49ms/step - loss: 0.5184 - val_loss: 0.4988
Epoch 451/500
36/36 - 2s - 49ms/step - loss: 0.5184 - val_loss: 0.4987
Epoch 452/500
36/36 - 2s - 49ms/step - loss: 0.5183 - val_loss: 0.4987
Epoch 453/500
36/36 - 2s - 52ms/step - loss: 0.5182 - val_loss: 0.4986
Epoch 454/500
36/36 - 2s - 50ms/step - loss: 0.5182 - val_loss: 0.4985
Epoch 455/500
36/36 - 2s - 50ms/step - loss: 0.5181 - val_loss: 0.4985
Epoch 456/500
36/36 - 2s - 50ms/step - loss: 0.5181 - val_loss: 0.4984
Epoch 457/500
36/36 - 2s - 51ms/step - loss: 0.5180 - val_loss: 0.4983
Epoch 458/500
36/36 - 2s - 51ms/step - loss: 0.5179 - val_loss: 0.4983
Epoch 459/500
36/36 - 2s - 51ms/step - loss: 0.5179 - val_loss: 0.4982
Epoch 460/500
36/36 - 2s - 54ms/step - loss: 0.5178 - val_loss: 0.4981
Epoch 461/500
36/36 - 2s - 49ms/step - loss: 0.5177 - val_loss: 0.4981
Epoch 462/500
36/36 - 2s - 49ms/step - loss: 0.5177 - val_loss: 0.4980
Epoch 463/500
36/36 - 2s - 52ms/step - loss: 0.5176 - val_loss: 0.4979
Epoch 464/500
36/36 - 2s - 50ms/step - loss: 0.5175 - val_loss: 0.4979
Epoch 465/500
36/36 - 2s - 50ms/step - loss: 0.5175 - val_loss: 0.4978
Epoch 466/500
36/36 - 2s - 50ms/step - loss: 0.5174 - val_loss: 0.4977
Epoch 467/500
36/36 - 2s - 50ms/step - loss: 0.5174 - val_loss: 0.4977
Epoch 468/500
36/36 - 2s - 49ms/step - loss: 0.5173 - val_loss: 0.4976
Epoch 469/500
36/36 - 2s - 51ms/step - loss: 0.5172 - val_loss: 0.4976
Epoch 470/500
36/36 - 2s - 50ms/step - loss: 0.5172 - val_loss: 0.4975
Epoch 471/500
36/36 - 2s - 53ms/step - loss: 0.5171 - val_loss: 0.4974
Epoch 472/500
36/36 - 2s - 51ms/step - loss: 0.5171 - val_loss: 0.4974
Epoch 473/500
36/36 - 2s - 50ms/step - loss: 0.5170 - val_loss: 0.4973
Epoch 474/500
36/36 - 2s - 50ms/step - loss: 0.5169 - val_loss: 0.4973
Epoch 475/500
36/36 - 2s - 50ms/step - loss: 0.5169 - val_loss: 0.4972
Epoch 476/500
36/36 - 2s - 50ms/step - loss: 0.5168 - val_loss: 0.4971
Epoch 477/500
36/36 - 2s - 51ms/step - loss: 0.5168 - val_loss: 0.4971
Epoch 478/500
36/36 - 2s - 50ms/step - loss: 0.5167 - val_loss: 0.4970
Epoch 479/500
36/36 - 2s - 52ms/step - loss: 0.5166 - val_loss: 0.4969
Epoch 480/500
36/36 - 2s - 50ms/step - loss: 0.5166 - val_loss: 0.4969
Epoch 481/500
36/36 - 2s - 52ms/step - loss: 0.5165 - val_loss: 0.4968
Epoch 482/500
36/36 - 2s - 50ms/step - loss: 0.5165 - val_loss: 0.4968
Epoch 483/500
36/36 - 2s - 50ms/step - loss: 0.5164 - val_loss: 0.4967
Epoch 484/500
36/36 - 2s - 50ms/step - loss: 0.5164 - val_loss: 0.4967
Epoch 485/500
36/36 - 2s - 50ms/step - loss: 0.5163 - val_loss: 0.4966
Epoch 486/500
36/36 - 2s - 50ms/step - loss: 0.5162 - val_loss: 0.4965
Epoch 487/500
36/36 - 2s - 49ms/step - loss: 0.5162 - val_loss: 0.4965
Epoch 488/500
36/36 - 2s - 50ms/step - loss: 0.5161 - val_loss: 0.4964
Epoch 489/500
36/36 - 2s - 50ms/step - loss: 0.5161 - val_loss: 0.4964
Epoch 490/500
36/36 - 2s - 50ms/step - loss: 0.5160 - val_loss: 0.4963
Epoch 491/500
36/36 - 2s - 50ms/step - loss: 0.5160 - val_loss: 0.4962
Epoch 492/500
36/36 - 2s - 49ms/step - loss: 0.5159 - val_loss: 0.4962
Epoch 493/500
36/36 - 2s - 50ms/step - loss: 0.5158 - val_loss: 0.4961
Epoch 494/500
36/36 - 2s - 49ms/step - loss: 0.5158 - val_loss: 0.4961
Epoch 495/500
36/36 - 2s - 50ms/step - loss: 0.5157 - val_loss: 0.4960
Epoch 496/500
36/36 - 2s - 51ms/step - loss: 0.5157 - val_loss: 0.4960
Epoch 497/500
36/36 - 2s - 51ms/step - loss: 0.5156 - val_loss: 0.4959
Epoch 498/500
36/36 - 2s - 50ms/step - loss: 0.5156 - val_loss: 0.4959
Epoch 499/500
36/36 - 2s - 52ms/step - loss: 0.5155 - val_loss: 0.4958
Epoch 500/500
36/36 - 2s - 51ms/step - loss: 0.5155 - val_loss: 0.4957
[Run 5/5] Training shared encoder (weighted, sigmoid head, baseline preprocessing)...
Epoch 1/500
36/36 - 2s - 63ms/step - loss: 1.0589 - val_loss: 1.0404
Epoch 2/500
36/36 - 2s - 57ms/step - loss: 1.0330 - val_loss: 1.0133
Epoch 3/500
36/36 - 2s - 55ms/step - loss: 1.0069 - val_loss: 0.9865
Epoch 4/500
36/36 - 2s - 54ms/step - loss: 0.9811 - val_loss: 0.9606
Epoch 5/500
36/36 - 2s - 54ms/step - loss: 0.9558 - val_loss: 0.9356
Epoch 6/500
36/36 - 2s - 57ms/step - loss: 0.9313 - val_loss: 0.9118
Epoch 7/500
36/36 - 2s - 54ms/step - loss: 0.9080 - val_loss: 0.8894
Epoch 8/500
36/36 - 2s - 54ms/step - loss: 0.8863 - val_loss: 0.8687
Epoch 9/500
36/36 - 2s - 55ms/step - loss: 0.8663 - val_loss: 0.8497
Epoch 10/500
36/36 - 2s - 55ms/step - loss: 0.8483 - val_loss: 0.8325
Epoch 11/500
36/36 - 2s - 54ms/step - loss: 0.8321 - val_loss: 0.8170
Epoch 12/500
36/36 - 2s - 54ms/step - loss: 0.8176 - val_loss: 0.8031
Epoch 13/500
36/36 - 2s - 54ms/step - loss: 0.8046 - val_loss: 0.7906
Epoch 14/500
36/36 - 2s - 54ms/step - loss: 0.7930 - val_loss: 0.7793
Epoch 15/500
36/36 - 2s - 54ms/step - loss: 0.7826 - val_loss: 0.7691
Epoch 16/500
36/36 - 2s - 55ms/step - loss: 0.7731 - val_loss: 0.7598
Epoch 17/500
36/36 - 2s - 55ms/step - loss: 0.7644 - val_loss: 0.7511
Epoch 18/500
36/36 - 2s - 54ms/step - loss: 0.7564 - val_loss: 0.7432
Epoch 19/500
36/36 - 2s - 54ms/step - loss: 0.7490 - val_loss: 0.7357
Epoch 20/500
36/36 - 2s - 54ms/step - loss: 0.7421 - val_loss: 0.7288
Epoch 21/500
36/36 - 2s - 54ms/step - loss: 0.7357 - val_loss: 0.7222
Epoch 22/500
36/36 - 2s - 55ms/step - loss: 0.7296 - val_loss: 0.7161
Epoch 23/500
36/36 - 2s - 55ms/step - loss: 0.7238 - val_loss: 0.7103
Epoch 24/500
36/36 - 2s - 54ms/step - loss: 0.7184 - val_loss: 0.7049
Epoch 25/500
36/36 - 2s - 55ms/step - loss: 0.7133 - val_loss: 0.6997
Epoch 26/500
36/36 - 2s - 55ms/step - loss: 0.7085 - val_loss: 0.6949
Epoch 27/500
36/36 - 2s - 55ms/step - loss: 0.7039 - val_loss: 0.6903
Epoch 28/500
36/36 - 2s - 56ms/step - loss: 0.6995 - val_loss: 0.6860
Epoch 29/500
36/36 - 2s - 56ms/step - loss: 0.6954 - val_loss: 0.6819
Epoch 30/500
36/36 - 2s - 54ms/step - loss: 0.6915 - val_loss: 0.6780
Epoch 31/500
36/36 - 2s - 54ms/step - loss: 0.6877 - val_loss: 0.6743
Epoch 32/500
36/36 - 2s - 54ms/step - loss: 0.6841 - val_loss: 0.6707
Epoch 33/500
36/36 - 2s - 54ms/step - loss: 0.6807 - val_loss: 0.6673
Epoch 34/500
36/36 - 2s - 54ms/step - loss: 0.6774 - val_loss: 0.6641
Epoch 35/500
36/36 - 2s - 54ms/step - loss: 0.6742 - val_loss: 0.6610
Epoch 36/500
36/36 - 2s - 55ms/step - loss: 0.6712 - val_loss: 0.6580
Epoch 37/500
36/36 - 2s - 55ms/step - loss: 0.6683 - val_loss: 0.6552
Epoch 38/500
36/36 - 2s - 55ms/step - loss: 0.6655 - val_loss: 0.6524
Epoch 39/500
36/36 - 2s - 55ms/step - loss: 0.6628 - val_loss: 0.6497
Epoch 40/500
36/36 - 2s - 54ms/step - loss: 0.6602 - val_loss: 0.6472
Epoch 41/500
36/36 - 2s - 54ms/step - loss: 0.6577 - val_loss: 0.6447
Epoch 42/500
36/36 - 2s - 56ms/step - loss: 0.6552 - val_loss: 0.6423
Epoch 43/500
36/36 - 2s - 56ms/step - loss: 0.6528 - val_loss: 0.6400
Epoch 44/500
36/36 - 2s - 56ms/step - loss: 0.6506 - val_loss: 0.6378
Epoch 45/500
36/36 - 2s - 58ms/step - loss: 0.6483 - val_loss: 0.6356
Epoch 46/500
36/36 - 2s - 56ms/step - loss: 0.6462 - val_loss: 0.6335
Epoch 47/500
36/36 - 2s - 56ms/step - loss: 0.6441 - val_loss: 0.6315
Epoch 48/500
36/36 - 2s - 61ms/step - loss: 0.6421 - val_loss: 0.6295
Epoch 49/500
36/36 - 2s - 58ms/step - loss: 0.6401 - val_loss: 0.6276
Epoch 50/500
36/36 - 2s - 58ms/step - loss: 0.6382 - val_loss: 0.6257
Epoch 51/500
36/36 - 2s - 54ms/step - loss: 0.6363 - val_loss: 0.6239
Epoch 52/500
36/36 - 2s - 54ms/step - loss: 0.6345 - val_loss: 0.6221
Epoch 53/500
36/36 - 2s - 54ms/step - loss: 0.6327 - val_loss: 0.6204
Epoch 54/500
36/36 - 2s - 55ms/step - loss: 0.6310 - val_loss: 0.6187
Epoch 55/500
36/36 - 2s - 61ms/step - loss: 0.6293 - val_loss: 0.6170
Epoch 56/500
36/36 - 2s - 57ms/step - loss: 0.6277 - val_loss: 0.6154
Epoch 57/500
36/36 - 2s - 55ms/step - loss: 0.6261 - val_loss: 0.6139
Epoch 58/500
36/36 - 2s - 54ms/step - loss: 0.6245 - val_loss: 0.6124
Epoch 59/500
36/36 - 2s - 56ms/step - loss: 0.6230 - val_loss: 0.6109
Epoch 60/500
36/36 - 2s - 54ms/step - loss: 0.6215 - val_loss: 0.6094
Epoch 61/500
36/36 - 2s - 55ms/step - loss: 0.6201 - val_loss: 0.6080
Epoch 62/500
36/36 - 2s - 55ms/step - loss: 0.6187 - val_loss: 0.6066
Epoch 63/500
36/36 - 2s - 56ms/step - loss: 0.6173 - val_loss: 0.6053
Epoch 64/500
36/36 - 2s - 54ms/step - loss: 0.6159 - val_loss: 0.6040
Epoch 65/500
36/36 - 2s - 54ms/step - loss: 0.6146 - val_loss: 0.6027
Epoch 66/500
36/36 - 2s - 54ms/step - loss: 0.6133 - val_loss: 0.6014
Epoch 67/500
36/36 - 2s - 54ms/step - loss: 0.6121 - val_loss: 0.6002
Epoch 68/500
36/36 - 2s - 54ms/step - loss: 0.6109 - val_loss: 0.5989
Epoch 69/500
36/36 - 2s - 54ms/step - loss: 0.6097 - val_loss: 0.5978
Epoch 70/500
36/36 - 2s - 54ms/step - loss: 0.6085 - val_loss: 0.5966
Epoch 71/500
36/36 - 2s - 54ms/step - loss: 0.6073 - val_loss: 0.5955
Epoch 72/500
36/36 - 2s - 54ms/step - loss: 0.6062 - val_loss: 0.5944
Epoch 73/500
36/36 - 2s - 54ms/step - loss: 0.6051 - val_loss: 0.5933
Epoch 74/500
36/36 - 2s - 55ms/step - loss: 0.6041 - val_loss: 0.5922
Epoch 75/500
36/36 - 2s - 55ms/step - loss: 0.6030 - val_loss: 0.5912
Epoch 76/500
36/36 - 2s - 57ms/step - loss: 0.6020 - val_loss: 0.5901
Epoch 77/500
36/36 - 2s - 67ms/step - loss: 0.6010 - val_loss: 0.5891
Epoch 78/500
36/36 - 2s - 58ms/step - loss: 0.6000 - val_loss: 0.5881
Epoch 79/500
36/36 - 2s - 55ms/step - loss: 0.5990 - val_loss: 0.5872
Epoch 80/500
36/36 - 2s - 55ms/step - loss: 0.5981 - val_loss: 0.5862
Epoch 81/500
36/36 - 2s - 56ms/step - loss: 0.5971 - val_loss: 0.5853
Epoch 82/500
36/36 - 2s - 54ms/step - loss: 0.5962 - val_loss: 0.5844
Epoch 83/500
36/36 - 2s - 54ms/step - loss: 0.5953 - val_loss: 0.5835
Epoch 84/500
36/36 - 2s - 55ms/step - loss: 0.5944 - val_loss: 0.5826
Epoch 85/500
36/36 - 2s - 60ms/step - loss: 0.5936 - val_loss: 0.5817
Epoch 86/500
36/36 - 2s - 57ms/step - loss: 0.5927 - val_loss: 0.5809
Epoch 87/500
36/36 - 2s - 62ms/step - loss: 0.5919 - val_loss: 0.5801
Epoch 88/500
36/36 - 2s - 56ms/step - loss: 0.5911 - val_loss: 0.5792
Epoch 89/500
36/36 - 2s - 57ms/step - loss: 0.5903 - val_loss: 0.5784
Epoch 90/500
36/36 - 2s - 64ms/step - loss: 0.5895 - val_loss: 0.5777
Epoch 91/500
36/36 - 2s - 55ms/step - loss: 0.5888 - val_loss: 0.5769
Epoch 92/500
36/36 - 2s - 57ms/step - loss: 0.5880 - val_loss: 0.5761
Epoch 93/500
36/36 - 2s - 55ms/step - loss: 0.5873 - val_loss: 0.5754
Epoch 94/500
36/36 - 2s - 55ms/step - loss: 0.5865 - val_loss: 0.5746
Epoch 95/500
36/36 - 2s - 56ms/step - loss: 0.5858 - val_loss: 0.5739
Epoch 96/500
36/36 - 2s - 65ms/step - loss: 0.5851 - val_loss: 0.5732
Epoch 97/500
36/36 - 2s - 56ms/step - loss: 0.5845 - val_loss: 0.5725
Epoch 98/500
36/36 - 2s - 55ms/step - loss: 0.5838 - val_loss: 0.5718
Epoch 99/500
36/36 - 2s - 54ms/step - loss: 0.5831 - val_loss: 0.5712
Epoch 100/500
36/36 - 2s - 55ms/step - loss: 0.5825 - val_loss: 0.5705
Epoch 101/500
36/36 - 2s - 55ms/step - loss: 0.5818 - val_loss: 0.5699
Epoch 102/500
36/36 - 2s - 55ms/step - loss: 0.5812 - val_loss: 0.5692
Epoch 103/500
36/36 - 2s - 61ms/step - loss: 0.5806 - val_loss: 0.5686
Epoch 104/500
36/36 - 2s - 55ms/step - loss: 0.5800 - val_loss: 0.5680
Epoch 105/500
36/36 - 2s - 55ms/step - loss: 0.5794 - val_loss: 0.5674
Epoch 106/500
36/36 - 2s - 55ms/step - loss: 0.5788 - val_loss: 0.5668
Epoch 107/500
36/36 - 2s - 54ms/step - loss: 0.5783 - val_loss: 0.5662
Epoch 108/500
36/36 - 2s - 55ms/step - loss: 0.5777 - val_loss: 0.5657
Epoch 109/500
36/36 - 2s - 56ms/step - loss: 0.5772 - val_loss: 0.5651
Epoch 110/500
36/36 - 2s - 61ms/step - loss: 0.5766 - val_loss: 0.5646
Epoch 111/500
36/36 - 2s - 54ms/step - loss: 0.5761 - val_loss: 0.5640
Epoch 112/500
36/36 - 2s - 54ms/step - loss: 0.5756 - val_loss: 0.5635
Epoch 113/500
36/36 - 2s - 54ms/step - loss: 0.5751 - val_loss: 0.5630
Epoch 114/500
36/36 - 2s - 54ms/step - loss: 0.5746 - val_loss: 0.5624
Epoch 115/500
36/36 - 2s - 55ms/step - loss: 0.5741 - val_loss: 0.5619
Epoch 116/500
36/36 - 2s - 55ms/step - loss: 0.5736 - val_loss: 0.5614
Epoch 117/500
36/36 - 2s - 55ms/step - loss: 0.5731 - val_loss: 0.5609
Epoch 118/500
36/36 - 2s - 55ms/step - loss: 0.5726 - val_loss: 0.5605
Epoch 119/500
36/36 - 2s - 57ms/step - loss: 0.5721 - val_loss: 0.5600
Epoch 120/500
36/36 - 2s - 62ms/step - loss: 0.5717 - val_loss: 0.5595
Epoch 121/500
36/36 - 2s - 57ms/step - loss: 0.5712 - val_loss: 0.5590
Epoch 122/500
36/36 - 2s - 55ms/step - loss: 0.5708 - val_loss: 0.5586
Epoch 123/500
36/36 - 2s - 55ms/step - loss: 0.5703 - val_loss: 0.5581
Epoch 124/500
36/36 - 2s - 55ms/step - loss: 0.5699 - val_loss: 0.5577
Epoch 125/500
36/36 - 2s - 55ms/step - loss: 0.5695 - val_loss: 0.5573
Epoch 126/500
36/36 - 2s - 55ms/step - loss: 0.5691 - val_loss: 0.5568
Epoch 127/500
36/36 - 2s - 57ms/step - loss: 0.5687 - val_loss: 0.5564
Epoch 128/500
36/36 - 3s - 78ms/step - loss: 0.5682 - val_loss: 0.5560
Epoch 129/500
36/36 - 2s - 56ms/step - loss: 0.5678 - val_loss: 0.5556
Epoch 130/500
36/36 - 2s - 56ms/step - loss: 0.5675 - val_loss: 0.5552
Epoch 131/500
36/36 - 2s - 55ms/step - loss: 0.5671 - val_loss: 0.5548
Epoch 132/500
36/36 - 2s - 55ms/step - loss: 0.5667 - val_loss: 0.5544
Epoch 133/500
36/36 - 2s - 55ms/step - loss: 0.5663 - val_loss: 0.5540
Epoch 134/500
36/36 - 2s - 57ms/step - loss: 0.5659 - val_loss: 0.5536
Epoch 135/500
36/36 - 2s - 59ms/step - loss: 0.5655 - val_loss: 0.5532
Epoch 136/500
36/36 - 2s - 62ms/step - loss: 0.5652 - val_loss: 0.5528
Epoch 137/500
36/36 - 2s - 55ms/step - loss: 0.5648 - val_loss: 0.5525
Epoch 138/500
36/36 - 2s - 58ms/step - loss: 0.5645 - val_loss: 0.5521
Epoch 139/500
36/36 - 2s - 57ms/step - loss: 0.5641 - val_loss: 0.5517
Epoch 140/500
36/36 - 2s - 57ms/step - loss: 0.5638 - val_loss: 0.5514
Epoch 141/500
36/36 - 2s - 56ms/step - loss: 0.5634 - val_loss: 0.5510
Epoch 142/500
36/36 - 2s - 56ms/step - loss: 0.5631 - val_loss: 0.5506
Epoch 143/500
36/36 - 2s - 56ms/step - loss: 0.5627 - val_loss: 0.5503
Epoch 144/500
36/36 - 2s - 56ms/step - loss: 0.5624 - val_loss: 0.5500
Epoch 145/500
36/36 - 2s - 56ms/step - loss: 0.5621 - val_loss: 0.5496
Epoch 146/500
36/36 - 2s - 58ms/step - loss: 0.5618 - val_loss: 0.5493
Epoch 147/500
36/36 - 2s - 64ms/step - loss: 0.5614 - val_loss: 0.5489
Epoch 148/500
36/36 - 2s - 60ms/step - loss: 0.5611 - val_loss: 0.5486
Epoch 149/500
36/36 - 2s - 58ms/step - loss: 0.5608 - val_loss: 0.5483
Epoch 150/500
36/36 - 2s - 59ms/step - loss: 0.5605 - val_loss: 0.5479
Epoch 151/500
36/36 - 2s - 59ms/step - loss: 0.5602 - val_loss: 0.5476
Epoch 152/500
36/36 - 2s - 55ms/step - loss: 0.5599 - val_loss: 0.5473
Epoch 153/500
36/36 - 2s - 55ms/step - loss: 0.5595 - val_loss: 0.5469
Epoch 154/500
36/36 - 2s - 55ms/step - loss: 0.5592 - val_loss: 0.5466
Epoch 155/500
36/36 - 2s - 55ms/step - loss: 0.5589 - val_loss: 0.5463
Epoch 156/500
36/36 - 2s - 55ms/step - loss: 0.5586 - val_loss: 0.5459
Epoch 157/500
36/36 - 2s - 54ms/step - loss: 0.5583 - val_loss: 0.5456
Epoch 158/500
36/36 - 2s - 55ms/step - loss: 0.5580 - val_loss: 0.5452
Epoch 159/500
36/36 - 2s - 55ms/step - loss: 0.5577 - val_loss: 0.5449
Epoch 160/500
36/36 - 2s - 55ms/step - loss: 0.5574 - val_loss: 0.5445
Epoch 161/500
36/36 - 2s - 55ms/step - loss: 0.5571 - val_loss: 0.5441
Epoch 162/500
36/36 - 2s - 55ms/step - loss: 0.5567 - val_loss: 0.5438
Epoch 163/500
36/36 - 2s - 55ms/step - loss: 0.5564 - val_loss: 0.5434
Epoch 164/500
36/36 - 2s - 55ms/step - loss: 0.5561 - val_loss: 0.5430
Epoch 165/500
36/36 - 2s - 55ms/step - loss: 0.5558 - val_loss: 0.5426
Epoch 166/500
36/36 - 2s - 55ms/step - loss: 0.5554 - val_loss: 0.5422
Epoch 167/500
36/36 - 2s - 55ms/step - loss: 0.5551 - val_loss: 0.5418
Epoch 168/500
36/36 - 2s - 55ms/step - loss: 0.5548 - val_loss: 0.5415
Epoch 169/500
36/36 - 2s - 55ms/step - loss: 0.5545 - val_loss: 0.5411
Epoch 170/500
36/36 - 2s - 55ms/step - loss: 0.5543 - val_loss: 0.5408
Epoch 171/500
36/36 - 2s - 55ms/step - loss: 0.5540 - val_loss: 0.5404
Epoch 172/500
36/36 - 2s - 56ms/step - loss: 0.5537 - val_loss: 0.5401
Epoch 173/500
36/36 - 2s - 62ms/step - loss: 0.5534 - val_loss: 0.5398
Epoch 174/500
36/36 - 2s - 55ms/step - loss: 0.5531 - val_loss: 0.5395
Epoch 175/500
36/36 - 2s - 55ms/step - loss: 0.5529 - val_loss: 0.5391
Epoch 176/500
36/36 - 2s - 54ms/step - loss: 0.5526 - val_loss: 0.5388
Epoch 177/500
36/36 - 2s - 55ms/step - loss: 0.5523 - val_loss: 0.5385
Epoch 178/500
36/36 - 2s - 55ms/step - loss: 0.5520 - val_loss: 0.5382
Epoch 179/500
36/36 - 2s - 55ms/step - loss: 0.5518 - val_loss: 0.5379
Epoch 180/500
36/36 - 2s - 55ms/step - loss: 0.5515 - val_loss: 0.5376
Epoch 181/500
36/36 - 2s - 55ms/step - loss: 0.5513 - val_loss: 0.5373
Epoch 182/500
36/36 - 2s - 55ms/step - loss: 0.5510 - val_loss: 0.5370
Epoch 183/500
36/36 - 2s - 56ms/step - loss: 0.5507 - val_loss: 0.5368
Epoch 184/500
36/36 - 2s - 55ms/step - loss: 0.5505 - val_loss: 0.5365
Epoch 185/500
36/36 - 2s - 56ms/step - loss: 0.5502 - val_loss: 0.5362
Epoch 186/500
36/36 - 2s - 55ms/step - loss: 0.5500 - val_loss: 0.5359
Epoch 187/500
36/36 - 2s - 54ms/step - loss: 0.5497 - val_loss: 0.5356
Epoch 188/500
36/36 - 2s - 54ms/step - loss: 0.5495 - val_loss: 0.5353
Epoch 189/500
36/36 - 2s - 55ms/step - loss: 0.5492 - val_loss: 0.5351
Epoch 190/500
36/36 - 2s - 54ms/step - loss: 0.5490 - val_loss: 0.5348
Epoch 191/500
36/36 - 2s - 55ms/step - loss: 0.5487 - val_loss: 0.5345
Epoch 192/500
36/36 - 2s - 55ms/step - loss: 0.5485 - val_loss: 0.5343
Epoch 193/500
36/36 - 2s - 55ms/step - loss: 0.5483 - val_loss: 0.5340
Epoch 194/500
36/36 - 2s - 55ms/step - loss: 0.5480 - val_loss: 0.5337
Epoch 195/500
36/36 - 2s - 55ms/step - loss: 0.5478 - val_loss: 0.5335
Epoch 196/500
36/36 - 2s - 55ms/step - loss: 0.5476 - val_loss: 0.5332
Epoch 197/500
36/36 - 2s - 55ms/step - loss: 0.5473 - val_loss: 0.5330
Epoch 198/500
36/36 - 2s - 55ms/step - loss: 0.5471 - val_loss: 0.5327
Epoch 199/500
36/36 - 2s - 55ms/step - loss: 0.5469 - val_loss: 0.5325
Epoch 200/500
36/36 - 2s - 55ms/step - loss: 0.5467 - val_loss: 0.5322
Epoch 201/500
36/36 - 2s - 55ms/step - loss: 0.5464 - val_loss: 0.5320
Epoch 202/500
36/36 - 2s - 55ms/step - loss: 0.5462 - val_loss: 0.5317
Epoch 203/500
36/36 - 2s - 62ms/step - loss: 0.5460 - val_loss: 0.5315
Epoch 204/500
36/36 - 2s - 56ms/step - loss: 0.5458 - val_loss: 0.5312
Epoch 205/500
36/36 - 2s - 62ms/step - loss: 0.5456 - val_loss: 0.5310
Epoch 206/500
36/36 - 2s - 58ms/step - loss: 0.5453 - val_loss: 0.5308
Epoch 207/500
36/36 - 2s - 56ms/step - loss: 0.5451 - val_loss: 0.5305
Epoch 208/500
36/36 - 2s - 56ms/step - loss: 0.5449 - val_loss: 0.5303
Epoch 209/500
36/36 - 2s - 56ms/step - loss: 0.5447 - val_loss: 0.5301
Epoch 210/500
36/36 - 2s - 55ms/step - loss: 0.5445 - val_loss: 0.5298
Epoch 211/500
36/36 - 2s - 55ms/step - loss: 0.5443 - val_loss: 0.5296
Epoch 212/500
36/36 - 2s - 55ms/step - loss: 0.5441 - val_loss: 0.5294
Epoch 213/500
36/36 - 2s - 57ms/step - loss: 0.5439 - val_loss: 0.5292
Epoch 214/500
36/36 - 2s - 61ms/step - loss: 0.5437 - val_loss: 0.5289
Epoch 215/500
36/36 - 2s - 54ms/step - loss: 0.5435 - val_loss: 0.5287
Epoch 216/500
36/36 - 2s - 55ms/step - loss: 0.5433 - val_loss: 0.5285
Epoch 217/500
36/36 - 2s - 54ms/step - loss: 0.5431 - val_loss: 0.5283
Epoch 218/500
36/36 - 2s - 55ms/step - loss: 0.5429 - val_loss: 0.5281
Epoch 219/500
36/36 - 2s - 54ms/step - loss: 0.5427 - val_loss: 0.5279
Epoch 220/500
36/36 - 2s - 55ms/step - loss: 0.5425 - val_loss: 0.5276
Epoch 221/500
36/36 - 2s - 54ms/step - loss: 0.5423 - val_loss: 0.5274
Epoch 222/500
36/36 - 2s - 55ms/step - loss: 0.5421 - val_loss: 0.5272
Epoch 223/500
36/36 - 2s - 56ms/step - loss: 0.5419 - val_loss: 0.5270
Epoch 224/500
36/36 - 2s - 60ms/step - loss: 0.5417 - val_loss: 0.5268
Epoch 225/500
36/36 - 2s - 54ms/step - loss: 0.5416 - val_loss: 0.5266
Epoch 226/500
36/36 - 2s - 55ms/step - loss: 0.5414 - val_loss: 0.5264
Epoch 227/500
36/36 - 2s - 54ms/step - loss: 0.5412 - val_loss: 0.5262
Epoch 228/500
36/36 - 2s - 56ms/step - loss: 0.5410 - val_loss: 0.5260
Epoch 229/500
36/36 - 2s - 60ms/step - loss: 0.5408 - val_loss: 0.5258
Epoch 230/500
36/36 - 2s - 55ms/step - loss: 0.5407 - val_loss: 0.5256
Epoch 231/500
36/36 - 2s - 54ms/step - loss: 0.5405 - val_loss: 0.5254
Epoch 232/500
36/36 - 2s - 54ms/step - loss: 0.5403 - val_loss: 0.5252
Epoch 233/500
36/36 - 2s - 55ms/step - loss: 0.5401 - val_loss: 0.5251
Epoch 234/500
36/36 - 2s - 55ms/step - loss: 0.5400 - val_loss: 0.5249
Epoch 235/500
36/36 - 2s - 55ms/step - loss: 0.5398 - val_loss: 0.5247
Epoch 236/500
36/36 - 2s - 54ms/step - loss: 0.5396 - val_loss: 0.5245
Epoch 237/500
36/36 - 2s - 55ms/step - loss: 0.5394 - val_loss: 0.5243
Epoch 238/500
36/36 - 2s - 55ms/step - loss: 0.5393 - val_loss: 0.5241
Epoch 239/500
36/36 - 2s - 55ms/step - loss: 0.5391 - val_loss: 0.5240
Epoch 240/500
36/36 - 2s - 54ms/step - loss: 0.5389 - val_loss: 0.5238
Epoch 241/500
36/36 - 2s - 55ms/step - loss: 0.5388 - val_loss: 0.5236
Epoch 242/500
36/36 - 2s - 55ms/step - loss: 0.5386 - val_loss: 0.5234
Epoch 243/500
36/36 - 2s - 54ms/step - loss: 0.5384 - val_loss: 0.5232
Epoch 244/500
36/36 - 2s - 55ms/step - loss: 0.5383 - val_loss: 0.5231
Epoch 245/500
36/36 - 2s - 55ms/step - loss: 0.5381 - val_loss: 0.5229
Epoch 246/500
36/36 - 2s - 54ms/step - loss: 0.5380 - val_loss: 0.5227
Epoch 247/500
36/36 - 2s - 54ms/step - loss: 0.5378 - val_loss: 0.5225
Epoch 248/500
36/36 - 2s - 55ms/step - loss: 0.5377 - val_loss: 0.5224
Epoch 249/500
36/36 - 2s - 55ms/step - loss: 0.5375 - val_loss: 0.5222
Epoch 250/500
36/36 - 2s - 54ms/step - loss: 0.5373 - val_loss: 0.5220
Epoch 251/500
36/36 - 2s - 55ms/step - loss: 0.5372 - val_loss: 0.5219
Epoch 252/500
36/36 - 2s - 55ms/step - loss: 0.5370 - val_loss: 0.5217
Epoch 253/500
36/36 - 2s - 55ms/step - loss: 0.5369 - val_loss: 0.5216
Epoch 254/500
36/36 - 2s - 55ms/step - loss: 0.5367 - val_loss: 0.5214
Epoch 255/500
36/36 - 2s - 55ms/step - loss: 0.5366 - val_loss: 0.5212
Epoch 256/500
36/36 - 2s - 54ms/step - loss: 0.5364 - val_loss: 0.5211
Epoch 257/500
36/36 - 2s - 54ms/step - loss: 0.5363 - val_loss: 0.5209
Epoch 258/500
36/36 - 2s - 54ms/step - loss: 0.5361 - val_loss: 0.5208
Epoch 259/500
36/36 - 2s - 54ms/step - loss: 0.5360 - val_loss: 0.5206
Epoch 260/500
36/36 - 2s - 55ms/step - loss: 0.5359 - val_loss: 0.5204
Epoch 261/500
36/36 - 2s - 55ms/step - loss: 0.5357 - val_loss: 0.5203
Epoch 262/500
36/36 - 2s - 57ms/step - loss: 0.5356 - val_loss: 0.5201
Epoch 263/500
36/36 - 2s - 57ms/step - loss: 0.5354 - val_loss: 0.5200
Epoch 264/500
36/36 - 2s - 57ms/step - loss: 0.5353 - val_loss: 0.5198
Epoch 265/500
36/36 - 2s - 57ms/step - loss: 0.5351 - val_loss: 0.5197
Epoch 266/500
36/36 - 2s - 57ms/step - loss: 0.5350 - val_loss: 0.5195
Epoch 267/500
36/36 - 2s - 55ms/step - loss: 0.5349 - val_loss: 0.5194
Epoch 268/500
36/36 - 2s - 55ms/step - loss: 0.5347 - val_loss: 0.5192
Epoch 269/500
36/36 - 2s - 55ms/step - loss: 0.5346 - val_loss: 0.5191
Epoch 270/500
36/36 - 2s - 55ms/step - loss: 0.5345 - val_loss: 0.5189
Epoch 271/500
36/36 - 2s - 55ms/step - loss: 0.5343 - val_loss: 0.5188
Epoch 272/500
36/36 - 2s - 56ms/step - loss: 0.5342 - val_loss: 0.5187
Epoch 273/500
36/36 - 2s - 55ms/step - loss: 0.5341 - val_loss: 0.5185
Epoch 274/500
36/36 - 2s - 55ms/step - loss: 0.5339 - val_loss: 0.5184
Epoch 275/500
36/36 - 2s - 55ms/step - loss: 0.5338 - val_loss: 0.5182
Epoch 276/500
36/36 - 2s - 54ms/step - loss: 0.5337 - val_loss: 0.5181
Epoch 277/500
36/36 - 2s - 54ms/step - loss: 0.5336 - val_loss: 0.5180
Epoch 278/500
36/36 - 2s - 55ms/step - loss: 0.5334 - val_loss: 0.5178
Epoch 279/500
36/36 - 2s - 54ms/step - loss: 0.5333 - val_loss: 0.5177
Epoch 280/500
36/36 - 2s - 55ms/step - loss: 0.5332 - val_loss: 0.5176
Epoch 281/500
36/36 - 2s - 55ms/step - loss: 0.5330 - val_loss: 0.5174
Epoch 282/500
36/36 - 2s - 55ms/step - loss: 0.5329 - val_loss: 0.5173
Epoch 283/500
36/36 - 2s - 54ms/step - loss: 0.5328 - val_loss: 0.5172
Epoch 284/500
36/36 - 2s - 54ms/step - loss: 0.5327 - val_loss: 0.5170
Epoch 285/500
36/36 - 2s - 54ms/step - loss: 0.5326 - val_loss: 0.5169
Epoch 286/500
36/36 - 2s - 55ms/step - loss: 0.5324 - val_loss: 0.5168
Epoch 287/500
36/36 - 2s - 55ms/step - loss: 0.5323 - val_loss: 0.5166
Epoch 288/500
36/36 - 2s - 55ms/step - loss: 0.5322 - val_loss: 0.5165
Epoch 289/500
36/36 - 2s - 56ms/step - loss: 0.5321 - val_loss: 0.5164
Epoch 290/500
36/36 - 2s - 57ms/step - loss: 0.5320 - val_loss: 0.5162
Epoch 291/500
36/36 - 2s - 57ms/step - loss: 0.5318 - val_loss: 0.5161
Epoch 292/500
36/36 - 2s - 57ms/step - loss: 0.5317 - val_loss: 0.5160
Epoch 293/500
36/36 - 2s - 57ms/step - loss: 0.5316 - val_loss: 0.5159
Epoch 294/500
36/36 - 2s - 57ms/step - loss: 0.5315 - val_loss: 0.5157
Epoch 295/500
36/36 - 2s - 56ms/step - loss: 0.5314 - val_loss: 0.5156
Epoch 296/500
36/36 - 2s - 56ms/step - loss: 0.5313 - val_loss: 0.5155
Epoch 297/500
36/36 - 2s - 55ms/step - loss: 0.5311 - val_loss: 0.5154
Epoch 298/500
36/36 - 2s - 63ms/step - loss: 0.5310 - val_loss: 0.5153
Epoch 299/500
36/36 - 2s - 55ms/step - loss: 0.5309 - val_loss: 0.5151
Epoch 300/500
36/36 - 2s - 60ms/step - loss: 0.5308 - val_loss: 0.5150
Epoch 301/500
36/36 - 2s - 60ms/step - loss: 0.5307 - val_loss: 0.5149
Epoch 302/500
36/36 - 2s - 55ms/step - loss: 0.5306 - val_loss: 0.5148
Epoch 303/500
36/36 - 2s - 54ms/step - loss: 0.5305 - val_loss: 0.5147
Epoch 304/500
36/36 - 2s - 55ms/step - loss: 0.5304 - val_loss: 0.5145
Epoch 305/500
36/36 - 2s - 55ms/step - loss: 0.5303 - val_loss: 0.5144
Epoch 306/500
36/36 - 2s - 54ms/step - loss: 0.5302 - val_loss: 0.5143
Epoch 307/500
36/36 - 2s - 55ms/step - loss: 0.5301 - val_loss: 0.5142
Epoch 308/500
36/36 - 2s - 55ms/step - loss: 0.5300 - val_loss: 0.5141
Epoch 309/500
36/36 - 2s - 55ms/step - loss: 0.5298 - val_loss: 0.5140
Epoch 310/500
36/36 - 2s - 55ms/step - loss: 0.5297 - val_loss: 0.5139
Epoch 311/500
36/36 - 2s - 54ms/step - loss: 0.5296 - val_loss: 0.5137
Epoch 312/500
36/36 - 2s - 54ms/step - loss: 0.5295 - val_loss: 0.5136
Epoch 313/500
36/36 - 2s - 55ms/step - loss: 0.5294 - val_loss: 0.5135
Epoch 314/500
36/36 - 2s - 54ms/step - loss: 0.5293 - val_loss: 0.5134
Epoch 315/500
36/36 - 2s - 55ms/step - loss: 0.5292 - val_loss: 0.5133
Epoch 316/500
36/36 - 2s - 55ms/step - loss: 0.5291 - val_loss: 0.5132
Epoch 317/500
36/36 - 2s - 55ms/step - loss: 0.5290 - val_loss: 0.5131
Epoch 318/500
36/36 - 2s - 55ms/step - loss: 0.5289 - val_loss: 0.5130
Epoch 319/500
36/36 - 2s - 57ms/step - loss: 0.5288 - val_loss: 0.5129
Epoch 320/500
36/36 - 2s - 56ms/step - loss: 0.5287 - val_loss: 0.5128
Epoch 321/500
36/36 - 2s - 61ms/step - loss: 0.5286 - val_loss: 0.5127
Epoch 322/500
36/36 - 2s - 57ms/step - loss: 0.5285 - val_loss: 0.5126
Epoch 323/500
36/36 - 2s - 57ms/step - loss: 0.5284 - val_loss: 0.5125
Epoch 324/500
36/36 - 2s - 57ms/step - loss: 0.5283 - val_loss: 0.5124
Epoch 325/500
36/36 - 2s - 55ms/step - loss: 0.5283 - val_loss: 0.5123
Epoch 326/500
36/36 - 2s - 55ms/step - loss: 0.5282 - val_loss: 0.5121
Epoch 327/500
36/36 - 2s - 55ms/step - loss: 0.5281 - val_loss: 0.5120
Epoch 328/500
36/36 - 2s - 54ms/step - loss: 0.5280 - val_loss: 0.5119
Epoch 329/500
36/36 - 2s - 54ms/step - loss: 0.5279 - val_loss: 0.5118
Epoch 330/500
36/36 - 2s - 54ms/step - loss: 0.5278 - val_loss: 0.5117
Epoch 331/500
36/36 - 2s - 55ms/step - loss: 0.5277 - val_loss: 0.5116
Epoch 332/500
36/36 - 2s - 55ms/step - loss: 0.5276 - val_loss: 0.5115
Epoch 333/500
36/36 - 2s - 55ms/step - loss: 0.5275 - val_loss: 0.5114
Epoch 334/500
36/36 - 2s - 55ms/step - loss: 0.5274 - val_loss: 0.5114
Epoch 335/500
36/36 - 2s - 54ms/step - loss: 0.5273 - val_loss: 0.5113
Epoch 336/500
36/36 - 2s - 55ms/step - loss: 0.5272 - val_loss: 0.5112
Epoch 337/500
36/36 - 2s - 54ms/step - loss: 0.5271 - val_loss: 0.5111
Epoch 338/500
36/36 - 2s - 55ms/step - loss: 0.5271 - val_loss: 0.5110
Epoch 339/500
36/36 - 2s - 54ms/step - loss: 0.5270 - val_loss: 0.5109
Epoch 340/500
36/36 - 2s - 55ms/step - loss: 0.5269 - val_loss: 0.5108
Epoch 341/500
36/36 - 2s - 55ms/step - loss: 0.5268 - val_loss: 0.5107
Epoch 342/500
36/36 - 2s - 57ms/step - loss: 0.5267 - val_loss: 0.5106
Epoch 343/500
36/36 - 2s - 57ms/step - loss: 0.5266 - val_loss: 0.5105
Epoch 344/500
36/36 - 2s - 55ms/step - loss: 0.5265 - val_loss: 0.5104
Epoch 345/500
36/36 - 2s - 63ms/step - loss: 0.5265 - val_loss: 0.5103
Epoch 346/500
36/36 - 2s - 60ms/step - loss: 0.5264 - val_loss: 0.5102
Epoch 347/500
36/36 - 2s - 57ms/step - loss: 0.5263 - val_loss: 0.5101
Epoch 348/500
36/36 - 2s - 63ms/step - loss: 0.5262 - val_loss: 0.5100
Epoch 349/500
36/36 - 2s - 58ms/step - loss: 0.5261 - val_loss: 0.5099
Epoch 350/500
36/36 - 2s - 57ms/step - loss: 0.5260 - val_loss: 0.5099
Epoch 351/500
36/36 - 2s - 57ms/step - loss: 0.5260 - val_loss: 0.5098
Epoch 352/500
36/36 - 2s - 63ms/step - loss: 0.5259 - val_loss: 0.5097
Epoch 353/500
36/36 - 2s - 57ms/step - loss: 0.5258 - val_loss: 0.5096
Epoch 354/500
36/36 - 2s - 58ms/step - loss: 0.5257 - val_loss: 0.5095
Epoch 355/500
36/36 - 2s - 56ms/step - loss: 0.5256 - val_loss: 0.5094
Epoch 356/500
36/36 - 2s - 59ms/step - loss: 0.5255 - val_loss: 0.5093
Epoch 357/500
36/36 - 2s - 57ms/step - loss: 0.5255 - val_loss: 0.5092
Epoch 358/500
36/36 - 2s - 57ms/step - loss: 0.5254 - val_loss: 0.5092
Epoch 359/500
36/36 - 2s - 57ms/step - loss: 0.5253 - val_loss: 0.5091
Epoch 360/500
36/36 - 2s - 58ms/step - loss: 0.5252 - val_loss: 0.5090
Epoch 361/500
36/36 - 2s - 56ms/step - loss: 0.5252 - val_loss: 0.5089
Epoch 362/500
36/36 - 2s - 56ms/step - loss: 0.5251 - val_loss: 0.5088
Epoch 363/500
36/36 - 2s - 56ms/step - loss: 0.5250 - val_loss: 0.5087
Epoch 364/500
36/36 - 2s - 57ms/step - loss: 0.5249 - val_loss: 0.5086
Epoch 365/500
36/36 - 2s - 56ms/step - loss: 0.5248 - val_loss: 0.5086
Epoch 366/500
36/36 - 2s - 56ms/step - loss: 0.5248 - val_loss: 0.5085
Epoch 367/500
36/36 - 2s - 57ms/step - loss: 0.5247 - val_loss: 0.5084
Epoch 368/500
36/36 - 2s - 56ms/step - loss: 0.5246 - val_loss: 0.5083
Epoch 369/500
36/36 - 2s - 56ms/step - loss: 0.5245 - val_loss: 0.5082
Epoch 370/500
36/36 - 2s - 56ms/step - loss: 0.5245 - val_loss: 0.5082
Epoch 371/500
36/36 - 2s - 56ms/step - loss: 0.5244 - val_loss: 0.5081
Epoch 372/500
36/36 - 2s - 58ms/step - loss: 0.5243 - val_loss: 0.5080
Epoch 373/500
36/36 - 2s - 56ms/step - loss: 0.5242 - val_loss: 0.5079
Epoch 374/500
36/36 - 2s - 56ms/step - loss: 0.5242 - val_loss: 0.5078
Epoch 375/500
36/36 - 2s - 56ms/step - loss: 0.5241 - val_loss: 0.5078
Epoch 376/500
36/36 - 2s - 57ms/step - loss: 0.5240 - val_loss: 0.5077
Epoch 377/500
36/36 - 2s - 57ms/step - loss: 0.5240 - val_loss: 0.5076
Epoch 378/500
36/36 - 2s - 57ms/step - loss: 0.5239 - val_loss: 0.5075
Epoch 379/500
36/36 - 2s - 56ms/step - loss: 0.5238 - val_loss: 0.5075
Epoch 380/500
36/36 - 2s - 55ms/step - loss: 0.5237 - val_loss: 0.5074
Epoch 381/500
36/36 - 2s - 56ms/step - loss: 0.5237 - val_loss: 0.5073
Epoch 382/500
36/36 - 2s - 56ms/step - loss: 0.5236 - val_loss: 0.5072
Epoch 383/500
36/36 - 2s - 55ms/step - loss: 0.5235 - val_loss: 0.5071
Epoch 384/500
36/36 - 2s - 56ms/step - loss: 0.5235 - val_loss: 0.5071
Epoch 385/500
36/36 - 2s - 56ms/step - loss: 0.5234 - val_loss: 0.5070
Epoch 386/500
36/36 - 2s - 55ms/step - loss: 0.5233 - val_loss: 0.5069
Epoch 387/500
36/36 - 2s - 57ms/step - loss: 0.5233 - val_loss: 0.5068
Epoch 388/500
36/36 - 2s - 56ms/step - loss: 0.5232 - val_loss: 0.5068
Epoch 389/500
36/36 - 2s - 56ms/step - loss: 0.5231 - val_loss: 0.5067
Epoch 390/500
36/36 - 2s - 56ms/step - loss: 0.5231 - val_loss: 0.5066
Epoch 391/500
36/36 - 2s - 57ms/step - loss: 0.5230 - val_loss: 0.5066
Epoch 392/500
36/36 - 2s - 58ms/step - loss: 0.5229 - val_loss: 0.5065
Epoch 393/500
36/36 - 2s - 57ms/step - loss: 0.5229 - val_loss: 0.5064
Epoch 394/500
36/36 - 2s - 57ms/step - loss: 0.5228 - val_loss: 0.5063
Epoch 395/500
36/36 - 2s - 56ms/step - loss: 0.5227 - val_loss: 0.5063
Epoch 396/500
36/36 - 2s - 56ms/step - loss: 0.5227 - val_loss: 0.5062
Epoch 397/500
36/36 - 2s - 56ms/step - loss: 0.5226 - val_loss: 0.5061
Epoch 398/500
36/36 - 2s - 57ms/step - loss: 0.5225 - val_loss: 0.5061
Epoch 399/500
36/36 - 2s - 57ms/step - loss: 0.5225 - val_loss: 0.5060
Epoch 400/500
36/36 - 2s - 56ms/step - loss: 0.5224 - val_loss: 0.5059
Epoch 401/500
36/36 - 2s - 56ms/step - loss: 0.5223 - val_loss: 0.5058
Epoch 402/500
36/36 - 2s - 57ms/step - loss: 0.5223 - val_loss: 0.5058
Epoch 403/500
36/36 - 2s - 55ms/step - loss: 0.5222 - val_loss: 0.5057
Epoch 404/500
36/36 - 2s - 56ms/step - loss: 0.5221 - val_loss: 0.5056
Epoch 405/500
36/36 - 2s - 56ms/step - loss: 0.5221 - val_loss: 0.5056
Epoch 406/500
36/36 - 2s - 55ms/step - loss: 0.5220 - val_loss: 0.5055
Epoch 407/500
36/36 - 2s - 55ms/step - loss: 0.5220 - val_loss: 0.5054
Epoch 408/500
36/36 - 2s - 56ms/step - loss: 0.5219 - val_loss: 0.5054
Epoch 409/500
36/36 - 2s - 55ms/step - loss: 0.5218 - val_loss: 0.5053
Epoch 410/500
36/36 - 2s - 56ms/step - loss: 0.5218 - val_loss: 0.5052
Epoch 411/500
36/36 - 2s - 56ms/step - loss: 0.5217 - val_loss: 0.5052
Epoch 412/500
36/36 - 2s - 56ms/step - loss: 0.5216 - val_loss: 0.5051
Epoch 413/500
36/36 - 2s - 56ms/step - loss: 0.5216 - val_loss: 0.5050
Epoch 414/500
36/36 - 2s - 56ms/step - loss: 0.5215 - val_loss: 0.5050
Epoch 415/500
36/36 - 2s - 55ms/step - loss: 0.5215 - val_loss: 0.5049
Epoch 416/500
36/36 - 2s - 56ms/step - loss: 0.5214 - val_loss: 0.5049
Epoch 417/500
36/36 - 2s - 55ms/step - loss: 0.5213 - val_loss: 0.5048
Epoch 418/500
36/36 - 2s - 55ms/step - loss: 0.5213 - val_loss: 0.5047
Epoch 419/500
36/36 - 2s - 56ms/step - loss: 0.5212 - val_loss: 0.5047
Epoch 420/500
36/36 - 2s - 56ms/step - loss: 0.5212 - val_loss: 0.5046
Epoch 421/500
36/36 - 2s - 56ms/step - loss: 0.5211 - val_loss: 0.5045
Epoch 422/500
36/36 - 2s - 56ms/step - loss: 0.5211 - val_loss: 0.5045
Epoch 423/500
36/36 - 2s - 56ms/step - loss: 0.5210 - val_loss: 0.5044
Epoch 424/500
36/36 - 2s - 55ms/step - loss: 0.5209 - val_loss: 0.5043
Epoch 425/500
36/36 - 2s - 54ms/step - loss: 0.5209 - val_loss: 0.5043
Epoch 426/500
36/36 - 2s - 55ms/step - loss: 0.5208 - val_loss: 0.5042
Epoch 427/500
36/36 - 2s - 55ms/step - loss: 0.5208 - val_loss: 0.5042
Epoch 428/500
36/36 - 2s - 55ms/step - loss: 0.5207 - val_loss: 0.5041
Epoch 429/500
36/36 - 2s - 54ms/step - loss: 0.5207 - val_loss: 0.5040
Epoch 430/500
36/36 - 2s - 54ms/step - loss: 0.5206 - val_loss: 0.5040
Epoch 431/500
36/36 - 2s - 54ms/step - loss: 0.5205 - val_loss: 0.5039
Epoch 432/500
36/36 - 2s - 55ms/step - loss: 0.5205 - val_loss: 0.5039
Epoch 433/500
36/36 - 2s - 57ms/step - loss: 0.5204 - val_loss: 0.5038
Epoch 434/500
36/36 - 2s - 57ms/step - loss: 0.5204 - val_loss: 0.5037
Epoch 435/500
36/36 - 2s - 63ms/step - loss: 0.5203 - val_loss: 0.5037
Epoch 436/500
36/36 - 2s - 60ms/step - loss: 0.5203 - val_loss: 0.5036
Epoch 437/500
36/36 - 2s - 66ms/step - loss: 0.5202 - val_loss: 0.5036
Epoch 438/500
36/36 - 2s - 60ms/step - loss: 0.5202 - val_loss: 0.5035
Epoch 439/500
36/36 - 2s - 61ms/step - loss: 0.5201 - val_loss: 0.5034
Epoch 440/500
36/36 - 2s - 60ms/step - loss: 0.5200 - val_loss: 0.5034
Epoch 441/500
36/36 - 2s - 59ms/step - loss: 0.5200 - val_loss: 0.5033
Epoch 442/500
36/36 - 2s - 56ms/step - loss: 0.5199 - val_loss: 0.5033
Epoch 443/500
36/36 - 2s - 55ms/step - loss: 0.5199 - val_loss: 0.5032
Epoch 444/500
36/36 - 2s - 56ms/step - loss: 0.5198 - val_loss: 0.5032
Epoch 445/500
36/36 - 2s - 55ms/step - loss: 0.5198 - val_loss: 0.5031
Epoch 446/500
36/36 - 2s - 58ms/step - loss: 0.5197 - val_loss: 0.5030
Epoch 447/500
36/36 - 2s - 60ms/step - loss: 0.5197 - val_loss: 0.5030
Epoch 448/500
36/36 - 2s - 57ms/step - loss: 0.5196 - val_loss: 0.5029
Epoch 449/500
36/36 - 2s - 58ms/step - loss: 0.5196 - val_loss: 0.5029
Epoch 450/500
36/36 - 2s - 58ms/step - loss: 0.5195 - val_loss: 0.5028
Epoch 451/500
36/36 - 2s - 56ms/step - loss: 0.5195 - val_loss: 0.5028
Epoch 452/500
36/36 - 2s - 56ms/step - loss: 0.5194 - val_loss: 0.5027
Epoch 453/500
36/36 - 2s - 55ms/step - loss: 0.5194 - val_loss: 0.5027
Epoch 454/500
36/36 - 2s - 57ms/step - loss: 0.5193 - val_loss: 0.5026
Epoch 455/500
36/36 - 2s - 57ms/step - loss: 0.5193 - val_loss: 0.5026
Epoch 456/500
36/36 - 2s - 57ms/step - loss: 0.5192 - val_loss: 0.5025
Epoch 457/500
36/36 - 2s - 56ms/step - loss: 0.5192 - val_loss: 0.5024
Epoch 458/500
36/36 - 2s - 56ms/step - loss: 0.5191 - val_loss: 0.5024
Epoch 459/500
36/36 - 2s - 55ms/step - loss: 0.5191 - val_loss: 0.5023
Epoch 460/500
36/36 - 2s - 56ms/step - loss: 0.5190 - val_loss: 0.5023
Epoch 461/500
36/36 - 2s - 56ms/step - loss: 0.5190 - val_loss: 0.5022
Epoch 462/500
36/36 - 2s - 57ms/step - loss: 0.5189 - val_loss: 0.5022
Epoch 463/500
36/36 - 2s - 55ms/step - loss: 0.5189 - val_loss: 0.5021
Epoch 464/500
36/36 - 2s - 56ms/step - loss: 0.5188 - val_loss: 0.5021
Epoch 465/500
36/36 - 2s - 56ms/step - loss: 0.5188 - val_loss: 0.5020
Epoch 466/500
36/36 - 2s - 55ms/step - loss: 0.5187 - val_loss: 0.5020
Epoch 467/500
36/36 - 2s - 56ms/step - loss: 0.5187 - val_loss: 0.5019
Epoch 468/500
36/36 - 2s - 55ms/step - loss: 0.5186 - val_loss: 0.5019
Epoch 469/500
36/36 - 2s - 54ms/step - loss: 0.5186 - val_loss: 0.5018
Epoch 470/500
36/36 - 2s - 54ms/step - loss: 0.5185 - val_loss: 0.5018
Epoch 471/500
36/36 - 2s - 54ms/step - loss: 0.5185 - val_loss: 0.5017
Epoch 472/500
36/36 - 2s - 54ms/step - loss: 0.5184 - val_loss: 0.5017
Epoch 473/500
36/36 - 2s - 54ms/step - loss: 0.5184 - val_loss: 0.5016
Epoch 474/500
36/36 - 2s - 55ms/step - loss: 0.5183 - val_loss: 0.5016
Epoch 475/500
36/36 - 2s - 55ms/step - loss: 0.5183 - val_loss: 0.5015
Epoch 476/500
36/36 - 2s - 55ms/step - loss: 0.5183 - val_loss: 0.5015
Epoch 477/500
36/36 - 2s - 54ms/step - loss: 0.5182 - val_loss: 0.5014
Epoch 478/500
36/36 - 2s - 55ms/step - loss: 0.5182 - val_loss: 0.5014
Epoch 479/500
36/36 - 2s - 54ms/step - loss: 0.5181 - val_loss: 0.5013
Epoch 480/500
36/36 - 2s - 55ms/step - loss: 0.5181 - val_loss: 0.5013
Epoch 481/500
36/36 - 2s - 55ms/step - loss: 0.5180 - val_loss: 0.5012
Epoch 482/500
36/36 - 2s - 54ms/step - loss: 0.5180 - val_loss: 0.5012
Epoch 483/500
36/36 - 2s - 54ms/step - loss: 0.5179 - val_loss: 0.5011
Epoch 484/500
36/36 - 2s - 54ms/step - loss: 0.5179 - val_loss: 0.5011
Epoch 485/500
36/36 - 2s - 54ms/step - loss: 0.5178 - val_loss: 0.5010
Epoch 486/500
36/36 - 2s - 55ms/step - loss: 0.5178 - val_loss: 0.5010
Epoch 487/500
36/36 - 2s - 55ms/step - loss: 0.5178 - val_loss: 0.5009
Epoch 488/500
36/36 - 2s - 55ms/step - loss: 0.5177 - val_loss: 0.5009
Epoch 489/500
36/36 - 2s - 54ms/step - loss: 0.5177 - val_loss: 0.5008
Epoch 490/500
36/36 - 2s - 54ms/step - loss: 0.5176 - val_loss: 0.5008
Epoch 491/500
36/36 - 2s - 54ms/step - loss: 0.5176 - val_loss: 0.5007
Epoch 492/500
36/36 - 2s - 54ms/step - loss: 0.5175 - val_loss: 0.5007
Epoch 493/500
36/36 - 2s - 56ms/step - loss: 0.5175 - val_loss: 0.5007
Epoch 494/500
36/36 - 2s - 54ms/step - loss: 0.5175 - val_loss: 0.5006
Epoch 495/500
36/36 - 2s - 55ms/step - loss: 0.5174 - val_loss: 0.5006
Epoch 496/500
36/36 - 2s - 54ms/step - loss: 0.5174 - val_loss: 0.5005
Epoch 497/500
36/36 - 2s - 58ms/step - loss: 0.5173 - val_loss: 0.5005
Epoch 498/500
36/36 - 2s - 55ms/step - loss: 0.5173 - val_loss: 0.5004
Epoch 499/500
36/36 - 2s - 55ms/step - loss: 0.5172 - val_loss: 0.5004
Epoch 500/500
36/36 - 2s - 55ms/step - loss: 0.5172 - val_loss: 0.5003
[Run 5/5] Training single encoder baseline (baseline preprocessing, linear structure, sigmoid head)...
/Users/albert/Downloads/Documents/PhD Thesis/Comparable/.venv/lib/python3.12/site-packages/sklearn/linear_model/_linear_loss.py:203: RuntimeWarning: divide by zero encountered in matmul
  raw_prediction = X @ weights + intercept
/Users/albert/Downloads/Documents/PhD Thesis/Comparable/.venv/lib/python3.12/site-packages/sklearn/linear_model/_linear_loss.py:203: RuntimeWarning: overflow encountered in matmul
  raw_prediction = X @ weights + intercept
/Users/albert/Downloads/Documents/PhD Thesis/Comparable/.venv/lib/python3.12/site-packages/sklearn/linear_model/_linear_loss.py:203: RuntimeWarning: invalid value encountered in matmul
  raw_prediction = X @ weights + intercept
/Users/albert/Downloads/Documents/PhD Thesis/Comparable/.venv/lib/python3.12/site-packages/sklearn/linear_model/_linear_loss.py:333: RuntimeWarning: divide by zero encountered in matmul
  grad[:n_features] = X.T @ grad_pointwise + l2_reg_strength * weights
/Users/albert/Downloads/Documents/PhD Thesis/Comparable/.venv/lib/python3.12/site-packages/sklearn/linear_model/_linear_loss.py:333: RuntimeWarning: overflow encountered in matmul
  grad[:n_features] = X.T @ grad_pointwise + l2_reg_strength * weights
/Users/albert/Downloads/Documents/PhD Thesis/Comparable/.venv/lib/python3.12/site-packages/sklearn/linear_model/_linear_loss.py:333: RuntimeWarning: invalid value encountered in matmul
  grad[:n_features] = X.T @ grad_pointwise + l2_reg_strength * weights
/Users/albert/Downloads/Documents/PhD Thesis/Comparable/.venv/lib/python3.12/site-packages/sklearn/utils/extmath.py:227: RuntimeWarning: divide by zero encountered in matmul
  ret = a @ b
/Users/albert/Downloads/Documents/PhD Thesis/Comparable/.venv/lib/python3.12/site-packages/sklearn/utils/extmath.py:227: RuntimeWarning: overflow encountered in matmul
  ret = a @ b
/Users/albert/Downloads/Documents/PhD Thesis/Comparable/.venv/lib/python3.12/site-packages/sklearn/utils/extmath.py:227: RuntimeWarning: invalid value encountered in matmul
  ret = a @ b
[Run 5/5] Shared encoder (unweight) validation threshold=0.4256 (balanced_accuracy=0.7589).
[Run 5/5] Shared encoder (weighted) validation threshold=0.4344 (balanced_accuracy=0.7532).
