Training log file: /home/xx4455/Comparable/Code/Synthetic/Results/TrainingLogs/heart_default_20260421_172318.log
Starting experiments (dataset=heart, sensitive_attribute=default).
[Run 1/5] Training shared encoder (unweighted, sigmoid head, baseline preprocessing)...
Epoch 1/200
52/52 - 11s - 216ms/step - loss: 0.8191 - val_loss: 0.7780
Epoch 2/200
52/52 - 9s - 172ms/step - loss: 0.7522 - val_loss: 0.7161
Epoch 3/200
52/52 - 8s - 160ms/step - loss: 0.6968 - val_loss: 0.6653
Epoch 4/200
52/52 - 9s - 167ms/step - loss: 0.6513 - val_loss: 0.6237
Epoch 5/200
52/52 - 9s - 166ms/step - loss: 0.6139 - val_loss: 0.5894
Epoch 6/200
52/52 - 9s - 167ms/step - loss: 0.5828 - val_loss: 0.5608
Epoch 7/200
52/52 - 9s - 168ms/step - loss: 0.5565 - val_loss: 0.5365
Epoch 8/200
52/52 - 9s - 166ms/step - loss: 0.5341 - val_loss: 0.5157
Epoch 9/200
52/52 - 9s - 165ms/step - loss: 0.5147 - val_loss: 0.4977
Epoch 10/200
52/52 - 9s - 166ms/step - loss: 0.4979 - val_loss: 0.4819
Epoch 11/200
52/52 - 9s - 167ms/step - loss: 0.4831 - val_loss: 0.4680
Epoch 12/200
52/52 - 9s - 168ms/step - loss: 0.4701 - val_loss: 0.4556
Epoch 13/200
52/52 - 9s - 167ms/step - loss: 0.4585 - val_loss: 0.4445
Epoch 14/200
52/52 - 9s - 166ms/step - loss: 0.4482 - val_loss: 0.4346
Epoch 15/200
52/52 - 9s - 169ms/step - loss: 0.4389 - val_loss: 0.4256
Epoch 16/200
52/52 - 9s - 166ms/step - loss: 0.4304 - val_loss: 0.4174
Epoch 17/200
52/52 - 9s - 166ms/step - loss: 0.4228 - val_loss: 0.4099
Epoch 18/200
52/52 - 9s - 168ms/step - loss: 0.4158 - val_loss: 0.4031
Epoch 19/200
52/52 - 9s - 165ms/step - loss: 0.4094 - val_loss: 0.3968
Epoch 20/200
52/52 - 9s - 164ms/step - loss: 0.4036 - val_loss: 0.3910
Epoch 21/200
52/52 - 9s - 165ms/step - loss: 0.3982 - val_loss: 0.3857
Epoch 22/200
52/52 - 9s - 166ms/step - loss: 0.3932 - val_loss: 0.3808
Epoch 23/200
52/52 - 9s - 166ms/step - loss: 0.3886 - val_loss: 0.3762
Epoch 24/200
52/52 - 9s - 166ms/step - loss: 0.3843 - val_loss: 0.3720
Epoch 25/200
52/52 - 9s - 166ms/step - loss: 0.3803 - val_loss: 0.3680
Epoch 26/200
52/52 - 9s - 165ms/step - loss: 0.3765 - val_loss: 0.3643
Epoch 27/200
52/52 - 9s - 166ms/step - loss: 0.3730 - val_loss: 0.3608
Epoch 28/200
52/52 - 9s - 166ms/step - loss: 0.3697 - val_loss: 0.3575
Epoch 29/200
52/52 - 9s - 166ms/step - loss: 0.3665 - val_loss: 0.3544
Epoch 30/200
52/52 - 8s - 162ms/step - loss: 0.3636 - val_loss: 0.3515
Epoch 31/200
52/52 - 9s - 166ms/step - loss: 0.3608 - val_loss: 0.3487
Epoch 32/200
52/52 - 9s - 166ms/step - loss: 0.3581 - val_loss: 0.3460
Epoch 33/200
52/52 - 9s - 168ms/step - loss: 0.3556 - val_loss: 0.3435
Epoch 34/200
52/52 - 9s - 166ms/step - loss: 0.3532 - val_loss: 0.3411
Epoch 35/200
52/52 - 9s - 167ms/step - loss: 0.3508 - val_loss: 0.3388
Epoch 36/200
52/52 - 9s - 165ms/step - loss: 0.3486 - val_loss: 0.3367
Epoch 37/200
52/52 - 9s - 166ms/step - loss: 0.3465 - val_loss: 0.3346
Epoch 38/200
52/52 - 9s - 167ms/step - loss: 0.3445 - val_loss: 0.3326
Epoch 39/200
52/52 - 9s - 169ms/step - loss: 0.3425 - val_loss: 0.3306
Epoch 40/200
52/52 - 9s - 167ms/step - loss: 0.3406 - val_loss: 0.3288
Epoch 41/200
52/52 - 9s - 168ms/step - loss: 0.3388 - val_loss: 0.3270
Epoch 42/200
52/52 - 9s - 165ms/step - loss: 0.3371 - val_loss: 0.3253
Epoch 43/200
52/52 - 9s - 167ms/step - loss: 0.3354 - val_loss: 0.3236
Epoch 44/200
52/52 - 9s - 166ms/step - loss: 0.3337 - val_loss: 0.3220
Epoch 45/200
52/52 - 9s - 167ms/step - loss: 0.3321 - val_loss: 0.3205
Epoch 46/200
52/52 - 9s - 167ms/step - loss: 0.3306 - val_loss: 0.3190
Epoch 47/200
52/52 - 9s - 167ms/step - loss: 0.3291 - val_loss: 0.3175
Epoch 48/200
52/52 - 9s - 167ms/step - loss: 0.3276 - val_loss: 0.3161
Epoch 49/200
52/52 - 9s - 166ms/step - loss: 0.3262 - val_loss: 0.3147
Epoch 50/200
52/52 - 9s - 167ms/step - loss: 0.3248 - val_loss: 0.3134
Epoch 51/200
52/52 - 9s - 166ms/step - loss: 0.3235 - val_loss: 0.3121
Epoch 52/200
52/52 - 9s - 167ms/step - loss: 0.3222 - val_loss: 0.3108
Epoch 53/200
52/52 - 9s - 171ms/step - loss: 0.3209 - val_loss: 0.3096
Epoch 54/200
52/52 - 9s - 168ms/step - loss: 0.3197 - val_loss: 0.3084
Epoch 55/200
52/52 - 9s - 167ms/step - loss: 0.3185 - val_loss: 0.3072
Epoch 56/200
52/52 - 9s - 165ms/step - loss: 0.3173 - val_loss: 0.3061
Epoch 57/200
52/52 - 9s - 168ms/step - loss: 0.3161 - val_loss: 0.3050
Epoch 58/200
52/52 - 9s - 166ms/step - loss: 0.3150 - val_loss: 0.3039
Epoch 59/200
52/52 - 9s - 165ms/step - loss: 0.3139 - val_loss: 0.3029
Epoch 60/200
52/52 - 9s - 167ms/step - loss: 0.3128 - val_loss: 0.3018
Epoch 61/200
52/52 - 9s - 166ms/step - loss: 0.3117 - val_loss: 0.3008
Epoch 62/200
52/52 - 9s - 166ms/step - loss: 0.3107 - val_loss: 0.2998
Epoch 63/200
52/52 - 9s - 167ms/step - loss: 0.3097 - val_loss: 0.2989
Epoch 64/200
52/52 - 9s - 167ms/step - loss: 0.3087 - val_loss: 0.2979
Epoch 65/200
52/52 - 9s - 163ms/step - loss: 0.3077 - val_loss: 0.2970
Epoch 66/200
52/52 - 9s - 169ms/step - loss: 0.3067 - val_loss: 0.2961
Epoch 67/200
52/52 - 9s - 167ms/step - loss: 0.3057 - val_loss: 0.2952
Epoch 68/200
52/52 - 9s - 168ms/step - loss: 0.3048 - val_loss: 0.2943
Epoch 69/200
52/52 - 9s - 167ms/step - loss: 0.3039 - val_loss: 0.2934
Epoch 70/200
52/52 - 9s - 166ms/step - loss: 0.3030 - val_loss: 0.2926
Epoch 71/200
52/52 - 17s - 333ms/step - loss: 0.3021 - val_loss: 0.2918
Epoch 72/200
52/52 - 9s - 167ms/step - loss: 0.3012 - val_loss: 0.2910
Epoch 73/200
52/52 - 9s - 165ms/step - loss: 0.3004 - val_loss: 0.2902
Epoch 74/200
52/52 - 9s - 165ms/step - loss: 0.2995 - val_loss: 0.2894
Epoch 75/200
52/52 - 9s - 166ms/step - loss: 0.2987 - val_loss: 0.2886
Epoch 76/200
52/52 - 9s - 168ms/step - loss: 0.2979 - val_loss: 0.2879
Epoch 77/200
52/52 - 9s - 170ms/step - loss: 0.2971 - val_loss: 0.2871
Epoch 78/200
52/52 - 9s - 167ms/step - loss: 0.2963 - val_loss: 0.2864
Epoch 79/200
52/52 - 9s - 166ms/step - loss: 0.2956 - val_loss: 0.2857
Epoch 80/200
52/52 - 9s - 166ms/step - loss: 0.2948 - val_loss: 0.2850
Epoch 81/200
52/52 - 9s - 167ms/step - loss: 0.2941 - val_loss: 0.2843
Epoch 82/200
52/52 - 9s - 168ms/step - loss: 0.2933 - val_loss: 0.2836
Epoch 83/200
52/52 - 9s - 164ms/step - loss: 0.2926 - val_loss: 0.2829
Epoch 84/200
52/52 - 9s - 167ms/step - loss: 0.2919 - val_loss: 0.2823
Epoch 85/200
52/52 - 9s - 165ms/step - loss: 0.2912 - val_loss: 0.2817
Epoch 86/200
52/52 - 9s - 168ms/step - loss: 0.2906 - val_loss: 0.2810
Epoch 87/200
52/52 - 9s - 166ms/step - loss: 0.2899 - val_loss: 0.2804
Epoch 88/200
52/52 - 9s - 166ms/step - loss: 0.2892 - val_loss: 0.2798
Epoch 89/200
52/52 - 9s - 167ms/step - loss: 0.2886 - val_loss: 0.2792
Epoch 90/200
52/52 - 9s - 173ms/step - loss: 0.2880 - val_loss: 0.2786
Epoch 91/200
52/52 - 9s - 174ms/step - loss: 0.2873 - val_loss: 0.2780
Epoch 92/200
52/52 - 9s - 167ms/step - loss: 0.2867 - val_loss: 0.2775
Epoch 93/200
52/52 - 9s - 165ms/step - loss: 0.2861 - val_loss: 0.2769
Epoch 94/200
52/52 - 9s - 167ms/step - loss: 0.2855 - val_loss: 0.2764
Epoch 95/200
52/52 - 9s - 167ms/step - loss: 0.2850 - val_loss: 0.2758
Epoch 96/200
52/52 - 9s - 167ms/step - loss: 0.2844 - val_loss: 0.2753
Epoch 97/200
52/52 - 9s - 167ms/step - loss: 0.2838 - val_loss: 0.2748
Epoch 98/200
52/52 - 9s - 166ms/step - loss: 0.2833 - val_loss: 0.2743
Epoch 99/200
52/52 - 9s - 166ms/step - loss: 0.2827 - val_loss: 0.2738
Epoch 100/200
52/52 - 9s - 168ms/step - loss: 0.2822 - val_loss: 0.2733
Epoch 101/200
52/52 - 9s - 164ms/step - loss: 0.2817 - val_loss: 0.2728
Epoch 102/200
52/52 - 9s - 167ms/step - loss: 0.2812 - val_loss: 0.2723
Epoch 103/200
52/52 - 9s - 170ms/step - loss: 0.2807 - val_loss: 0.2718
Epoch 104/200
52/52 - 9s - 169ms/step - loss: 0.2802 - val_loss: 0.2714
Epoch 105/200
52/52 - 9s - 166ms/step - loss: 0.2797 - val_loss: 0.2709
Epoch 106/200
52/52 - 9s - 166ms/step - loss: 0.2792 - val_loss: 0.2704
Epoch 107/200
52/52 - 9s - 165ms/step - loss: 0.2787 - val_loss: 0.2700
Epoch 108/200
52/52 - 9s - 168ms/step - loss: 0.2782 - val_loss: 0.2696
Epoch 109/200
52/52 - 9s - 166ms/step - loss: 0.2778 - val_loss: 0.2691
Epoch 110/200
52/52 - 9s - 165ms/step - loss: 0.2773 - val_loss: 0.2687
Epoch 111/200
52/52 - 9s - 166ms/step - loss: 0.2769 - val_loss: 0.2683
Epoch 112/200
52/52 - 9s - 166ms/step - loss: 0.2764 - val_loss: 0.2679
Epoch 113/200
52/52 - 9s - 167ms/step - loss: 0.2760 - val_loss: 0.2675
Epoch 114/200
52/52 - 9s - 167ms/step - loss: 0.2755 - val_loss: 0.2671
Epoch 115/200
52/52 - 9s - 167ms/step - loss: 0.2751 - val_loss: 0.2667
Epoch 116/200
52/52 - 9s - 167ms/step - loss: 0.2747 - val_loss: 0.2663
Epoch 117/200
52/52 - 9s - 166ms/step - loss: 0.2743 - val_loss: 0.2659
Epoch 118/200
52/52 - 9s - 167ms/step - loss: 0.2739 - val_loss: 0.2655
Epoch 119/200
52/52 - 9s - 166ms/step - loss: 0.2735 - val_loss: 0.2651
Epoch 120/200
52/52 - 9s - 167ms/step - loss: 0.2731 - val_loss: 0.2647
Epoch 121/200
52/52 - 9s - 164ms/step - loss: 0.2727 - val_loss: 0.2644
Epoch 122/200
52/52 - 9s - 164ms/step - loss: 0.2723 - val_loss: 0.2640
Epoch 123/200
52/52 - 9s - 166ms/step - loss: 0.2719 - val_loss: 0.2636
Epoch 124/200
52/52 - 9s - 167ms/step - loss: 0.2715 - val_loss: 0.2633
Epoch 125/200
52/52 - 9s - 166ms/step - loss: 0.2711 - val_loss: 0.2629
Epoch 126/200
52/52 - 9s - 166ms/step - loss: 0.2708 - val_loss: 0.2626
Epoch 127/200
52/52 - 9s - 166ms/step - loss: 0.2704 - val_loss: 0.2622
Epoch 128/200
52/52 - 9s - 168ms/step - loss: 0.2700 - val_loss: 0.2619
Epoch 129/200
52/52 - 9s - 170ms/step - loss: 0.2696 - val_loss: 0.2615
Epoch 130/200
52/52 - 9s - 166ms/step - loss: 0.2693 - val_loss: 0.2612
Epoch 131/200
52/52 - 8s - 163ms/step - loss: 0.2689 - val_loss: 0.2608
Epoch 132/200
52/52 - 9s - 167ms/step - loss: 0.2686 - val_loss: 0.2605
Epoch 133/200
52/52 - 9s - 166ms/step - loss: 0.2682 - val_loss: 0.2601
Epoch 134/200
52/52 - 9s - 167ms/step - loss: 0.2678 - val_loss: 0.2598
Epoch 135/200
52/52 - 9s - 166ms/step - loss: 0.2675 - val_loss: 0.2595
Epoch 136/200
52/52 - 9s - 167ms/step - loss: 0.2671 - val_loss: 0.2591
Epoch 137/200
52/52 - 9s - 166ms/step - loss: 0.2668 - val_loss: 0.2588
Epoch 138/200
52/52 - 9s - 167ms/step - loss: 0.2664 - val_loss: 0.2584
Epoch 139/200
52/52 - 8s - 163ms/step - loss: 0.2661 - val_loss: 0.2581
Epoch 140/200
52/52 - 9s - 166ms/step - loss: 0.2657 - val_loss: 0.2578
Epoch 141/200
52/52 - 9s - 166ms/step - loss: 0.2654 - val_loss: 0.2574
Epoch 142/200
52/52 - 9s - 169ms/step - loss: 0.2650 - val_loss: 0.2571
Epoch 143/200
52/52 - 9s - 166ms/step - loss: 0.2647 - val_loss: 0.2567
Epoch 144/200
52/52 - 9s - 167ms/step - loss: 0.2644 - val_loss: 0.2564
Epoch 145/200
52/52 - 9s - 167ms/step - loss: 0.2640 - val_loss: 0.2561
Epoch 146/200
52/52 - 9s - 167ms/step - loss: 0.2637 - val_loss: 0.2557
Epoch 147/200
52/52 - 9s - 170ms/step - loss: 0.2633 - val_loss: 0.2554
Epoch 148/200
52/52 - 9s - 171ms/step - loss: 0.2630 - val_loss: 0.2551
Epoch 149/200
52/52 - 9s - 172ms/step - loss: 0.2627 - val_loss: 0.2547
Epoch 150/200
52/52 - 9s - 174ms/step - loss: 0.2623 - val_loss: 0.2544
Epoch 151/200
52/52 - 9s - 175ms/step - loss: 0.2620 - val_loss: 0.2540
Epoch 152/200
52/52 - 9s - 174ms/step - loss: 0.2617 - val_loss: 0.2537
Epoch 153/200
52/52 - 10s - 194ms/step - loss: 0.2614 - val_loss: 0.2534
Epoch 154/200
52/52 - 9s - 177ms/step - loss: 0.2610 - val_loss: 0.2531
Epoch 155/200
52/52 - 9s - 173ms/step - loss: 0.2607 - val_loss: 0.2527
Epoch 156/200
52/52 - 9s - 174ms/step - loss: 0.2604 - val_loss: 0.2524
Epoch 157/200
52/52 - 9s - 175ms/step - loss: 0.2601 - val_loss: 0.2521
Epoch 158/200
52/52 - 9s - 174ms/step - loss: 0.2598 - val_loss: 0.2518
Epoch 159/200
52/52 - 9s - 175ms/step - loss: 0.2595 - val_loss: 0.2515
Epoch 160/200
52/52 - 9s - 169ms/step - loss: 0.2592 - val_loss: 0.2512
Epoch 161/200
52/52 - 9s - 173ms/step - loss: 0.2589 - val_loss: 0.2509
Epoch 162/200
52/52 - 9s - 172ms/step - loss: 0.2586 - val_loss: 0.2506
Epoch 163/200
52/52 - 9s - 174ms/step - loss: 0.2583 - val_loss: 0.2503
Epoch 164/200
52/52 - 9s - 176ms/step - loss: 0.2581 - val_loss: 0.2500
Epoch 165/200
52/52 - 9s - 173ms/step - loss: 0.2578 - val_loss: 0.2497
Epoch 166/200
52/52 - 9s - 173ms/step - loss: 0.2575 - val_loss: 0.2494
Epoch 167/200
52/52 - 9s - 171ms/step - loss: 0.2572 - val_loss: 0.2491
Epoch 168/200
52/52 - 9s - 173ms/step - loss: 0.2570 - val_loss: 0.2489
Epoch 169/200
52/52 - 9s - 172ms/step - loss: 0.2567 - val_loss: 0.2486
Epoch 170/200
52/52 - 9s - 174ms/step - loss: 0.2564 - val_loss: 0.2483
Epoch 171/200
52/52 - 9s - 175ms/step - loss: 0.2562 - val_loss: 0.2481
Epoch 172/200
52/52 - 9s - 172ms/step - loss: 0.2559 - val_loss: 0.2478
Epoch 173/200
52/52 - 9s - 169ms/step - loss: 0.2557 - val_loss: 0.2475
Epoch 174/200
52/52 - 9s - 174ms/step - loss: 0.2554 - val_loss: 0.2473
Epoch 175/200
52/52 - 9s - 172ms/step - loss: 0.2552 - val_loss: 0.2470
Epoch 176/200
52/52 - 9s - 172ms/step - loss: 0.2549 - val_loss: 0.2468
Epoch 177/200
52/52 - 9s - 175ms/step - loss: 0.2547 - val_loss: 0.2466
Epoch 178/200
52/52 - 9s - 174ms/step - loss: 0.2545 - val_loss: 0.2463
Epoch 179/200
52/52 - 9s - 172ms/step - loss: 0.2542 - val_loss: 0.2461
Epoch 180/200
52/52 - 9s - 175ms/step - loss: 0.2540 - val_loss: 0.2459
Epoch 181/200
52/52 - 9s - 173ms/step - loss: 0.2538 - val_loss: 0.2456
Epoch 182/200
52/52 - 9s - 174ms/step - loss: 0.2536 - val_loss: 0.2454
Epoch 183/200
52/52 - 9s - 174ms/step - loss: 0.2533 - val_loss: 0.2452
Epoch 184/200
52/52 - 9s - 170ms/step - loss: 0.2531 - val_loss: 0.2450
Epoch 185/200
52/52 - 9s - 170ms/step - loss: 0.2529 - val_loss: 0.2447
Epoch 186/200
52/52 - 9s - 169ms/step - loss: 0.2527 - val_loss: 0.2445
Epoch 187/200
52/52 - 9s - 170ms/step - loss: 0.2525 - val_loss: 0.2443
Epoch 188/200
52/52 - 9s - 169ms/step - loss: 0.2523 - val_loss: 0.2441
Epoch 189/200
52/52 - 9s - 170ms/step - loss: 0.2521 - val_loss: 0.2439
Epoch 190/200
52/52 - 9s - 170ms/step - loss: 0.2519 - val_loss: 0.2437
Epoch 191/200
52/52 - 9s - 169ms/step - loss: 0.2517 - val_loss: 0.2435
Epoch 192/200
52/52 - 9s - 170ms/step - loss: 0.2515 - val_loss: 0.2433
Epoch 193/200
52/52 - 9s - 170ms/step - loss: 0.2513 - val_loss: 0.2431
Epoch 194/200
52/52 - 9s - 173ms/step - loss: 0.2511 - val_loss: 0.2429
Epoch 195/200
52/52 - 9s - 176ms/step - loss: 0.2509 - val_loss: 0.2427
Epoch 196/200
52/52 - 9s - 169ms/step - loss: 0.2507 - val_loss: 0.2425
Epoch 197/200
52/52 - 9s - 170ms/step - loss: 0.2505 - val_loss: 0.2424
Epoch 198/200
52/52 - 9s - 178ms/step - loss: 0.2503 - val_loss: 0.2422
Epoch 199/200
52/52 - 10s - 187ms/step - loss: 0.2501 - val_loss: 0.2420
Epoch 200/200
52/52 - 10s - 188ms/step - loss: 0.2500 - val_loss: 0.2418
[Run 1/5] Training shared encoder (weighted, sigmoid head, baseline preprocessing)...
Epoch 1/200
52/52 - 13s - 251ms/step - loss: 1.0233 - val_loss: 0.9775
Epoch 2/200
52/52 - 10s - 193ms/step - loss: 0.9603 - val_loss: 0.9144
Epoch 3/200
52/52 - 10s - 184ms/step - loss: 0.8973 - val_loss: 0.8526
Epoch 4/200
52/52 - 10s - 185ms/step - loss: 0.8367 - val_loss: 0.7950
Epoch 5/200
52/52 - 10s - 192ms/step - loss: 0.7815 - val_loss: 0.7439
Epoch 6/200
52/52 - 10s - 192ms/step - loss: 0.7335 - val_loss: 0.7006
Epoch 7/200
52/52 - 10s - 190ms/step - loss: 0.6934 - val_loss: 0.6650
Epoch 8/200
52/52 - 9s - 178ms/step - loss: 0.6605 - val_loss: 0.6358
Epoch 9/200
52/52 - 10s - 191ms/step - loss: 0.6334 - val_loss: 0.6116
Epoch 10/200
52/52 - 10s - 192ms/step - loss: 0.6108 - val_loss: 0.5913
Epoch 11/200
52/52 - 9s - 180ms/step - loss: 0.5917 - val_loss: 0.5738
Epoch 12/200
52/52 - 9s - 179ms/step - loss: 0.5752 - val_loss: 0.5586
Epoch 13/200
52/52 - 9s - 180ms/step - loss: 0.5607 - val_loss: 0.5452
Epoch 14/200
52/52 - 9s - 182ms/step - loss: 0.5478 - val_loss: 0.5331
Epoch 15/200
52/52 - 9s - 177ms/step - loss: 0.5362 - val_loss: 0.5221
Epoch 16/200
52/52 - 9s - 179ms/step - loss: 0.5256 - val_loss: 0.5121
Epoch 17/200
52/52 - 9s - 181ms/step - loss: 0.5158 - val_loss: 0.5028
Epoch 18/200
52/52 - 9s - 179ms/step - loss: 0.5068 - val_loss: 0.4941
Epoch 19/200
52/52 - 9s - 181ms/step - loss: 0.4983 - val_loss: 0.4859
Epoch 20/200
52/52 - 9s - 180ms/step - loss: 0.4904 - val_loss: 0.4783
Epoch 21/200
52/52 - 9s - 179ms/step - loss: 0.4829 - val_loss: 0.4710
Epoch 22/200
52/52 - 9s - 180ms/step - loss: 0.4757 - val_loss: 0.4642
Epoch 23/200
52/52 - 9s - 178ms/step - loss: 0.4690 - val_loss: 0.4577
Epoch 24/200
52/52 - 9s - 180ms/step - loss: 0.4626 - val_loss: 0.4515
Epoch 25/200
52/52 - 9s - 178ms/step - loss: 0.4565 - val_loss: 0.4456
Epoch 26/200
52/52 - 9s - 183ms/step - loss: 0.4507 - val_loss: 0.4401
Epoch 27/200
52/52 - 10s - 186ms/step - loss: 0.4452 - val_loss: 0.4348
Epoch 28/200
52/52 - 10s - 188ms/step - loss: 0.4400 - val_loss: 0.4298
Epoch 29/200
52/52 - 9s - 182ms/step - loss: 0.4350 - val_loss: 0.4251
Epoch 30/200
52/52 - 9s - 183ms/step - loss: 0.4303 - val_loss: 0.4206
Epoch 31/200
52/52 - 9s - 181ms/step - loss: 0.4258 - val_loss: 0.4163
Epoch 32/200
52/52 - 9s - 181ms/step - loss: 0.4215 - val_loss: 0.4122
Epoch 33/200
52/52 - 9s - 181ms/step - loss: 0.4174 - val_loss: 0.4083
Epoch 34/200
52/52 - 9s - 180ms/step - loss: 0.4135 - val_loss: 0.4046
Epoch 35/200
52/52 - 9s - 182ms/step - loss: 0.4098 - val_loss: 0.4011
Epoch 36/200
52/52 - 9s - 181ms/step - loss: 0.4062 - val_loss: 0.3977
Epoch 37/200
52/52 - 9s - 178ms/step - loss: 0.4028 - val_loss: 0.3945
Epoch 38/200
52/52 - 10s - 183ms/step - loss: 0.3996 - val_loss: 0.3914
Epoch 39/200
52/52 - 9s - 177ms/step - loss: 0.3965 - val_loss: 0.3884
Epoch 40/200
52/52 - 9s - 177ms/step - loss: 0.3935 - val_loss: 0.3856
Epoch 41/200
52/52 - 9s - 180ms/step - loss: 0.3906 - val_loss: 0.3829
Epoch 42/200
52/52 - 9s - 176ms/step - loss: 0.3879 - val_loss: 0.3803
Epoch 43/200
52/52 - 9s - 182ms/step - loss: 0.3853 - val_loss: 0.3778
Epoch 44/200
52/52 - 9s - 180ms/step - loss: 0.3828 - val_loss: 0.3753
Epoch 45/200
52/52 - 9s - 180ms/step - loss: 0.3804 - val_loss: 0.3730
Epoch 46/200
52/52 - 9s - 181ms/step - loss: 0.3780 - val_loss: 0.3708
Epoch 47/200
52/52 - 9s - 181ms/step - loss: 0.3758 - val_loss: 0.3686
Epoch 48/200
52/52 - 9s - 180ms/step - loss: 0.3736 - val_loss: 0.3665
Epoch 49/200
52/52 - 9s - 179ms/step - loss: 0.3715 - val_loss: 0.3645
Epoch 50/200
52/52 - 10s - 183ms/step - loss: 0.3695 - val_loss: 0.3626
Epoch 51/200
52/52 - 9s - 177ms/step - loss: 0.3676 - val_loss: 0.3607
Epoch 52/200
52/52 - 9s - 179ms/step - loss: 0.3657 - val_loss: 0.3588
Epoch 53/200
52/52 - 9s - 180ms/step - loss: 0.3639 - val_loss: 0.3571
Epoch 54/200
52/52 - 9s - 180ms/step - loss: 0.3621 - val_loss: 0.3553
Epoch 55/200
52/52 - 9s - 182ms/step - loss: 0.3604 - val_loss: 0.3537
Epoch 56/200
52/52 - 9s - 180ms/step - loss: 0.3588 - val_loss: 0.3521
Epoch 57/200
52/52 - 9s - 176ms/step - loss: 0.3572 - val_loss: 0.3505
Epoch 58/200
52/52 - 9s - 181ms/step - loss: 0.3557 - val_loss: 0.3490
Epoch 59/200
52/52 - 9s - 180ms/step - loss: 0.3541 - val_loss: 0.3475
Epoch 60/200
52/52 - 9s - 180ms/step - loss: 0.3527 - val_loss: 0.3460
Epoch 61/200
52/52 - 10s - 185ms/step - loss: 0.3513 - val_loss: 0.3446
Epoch 62/200
52/52 - 10s - 183ms/step - loss: 0.3499 - val_loss: 0.3433
Epoch 63/200
52/52 - 9s - 176ms/step - loss: 0.3486 - val_loss: 0.3420
Epoch 64/200
52/52 - 9s - 176ms/step - loss: 0.3473 - val_loss: 0.3407
Epoch 65/200
52/52 - 9s - 178ms/step - loss: 0.3460 - val_loss: 0.3394
Epoch 66/200
52/52 - 9s - 179ms/step - loss: 0.3448 - val_loss: 0.3382
Epoch 67/200
52/52 - 10s - 183ms/step - loss: 0.3436 - val_loss: 0.3370
Epoch 68/200
52/52 - 9s - 180ms/step - loss: 0.3424 - val_loss: 0.3358
Epoch 69/200
52/52 - 9s - 180ms/step - loss: 0.3412 - val_loss: 0.3347
Epoch 70/200
52/52 - 9s - 181ms/step - loss: 0.3401 - val_loss: 0.3335
Epoch 71/200
52/52 - 9s - 182ms/step - loss: 0.3390 - val_loss: 0.3325
Epoch 72/200
52/52 - 10s - 183ms/step - loss: 0.3380 - val_loss: 0.3314
Epoch 73/200
52/52 - 9s - 180ms/step - loss: 0.3370 - val_loss: 0.3304
Epoch 74/200
52/52 - 9s - 182ms/step - loss: 0.3359 - val_loss: 0.3293
Epoch 75/200
52/52 - 9s - 176ms/step - loss: 0.3350 - val_loss: 0.3284
Epoch 76/200
52/52 - 9s - 177ms/step - loss: 0.3340 - val_loss: 0.3274
Epoch 77/200
52/52 - 9s - 181ms/step - loss: 0.3331 - val_loss: 0.3264
Epoch 78/200
52/52 - 9s - 181ms/step - loss: 0.3321 - val_loss: 0.3255
Epoch 79/200
52/52 - 9s - 179ms/step - loss: 0.3312 - val_loss: 0.3246
Epoch 80/200
52/52 - 9s - 182ms/step - loss: 0.3304 - val_loss: 0.3237
Epoch 81/200
52/52 - 9s - 180ms/step - loss: 0.3295 - val_loss: 0.3228
Epoch 82/200
52/52 - 9s - 178ms/step - loss: 0.3287 - val_loss: 0.3220
Epoch 83/200
52/52 - 9s - 182ms/step - loss: 0.3278 - val_loss: 0.3211
Epoch 84/200
52/52 - 9s - 179ms/step - loss: 0.3270 - val_loss: 0.3203
Epoch 85/200
52/52 - 9s - 177ms/step - loss: 0.3262 - val_loss: 0.3195
Epoch 86/200
52/52 - 9s - 179ms/step - loss: 0.3255 - val_loss: 0.3187
Epoch 87/200
52/52 - 9s - 179ms/step - loss: 0.3247 - val_loss: 0.3179
Epoch 88/200
52/52 - 9s - 180ms/step - loss: 0.3240 - val_loss: 0.3171
Epoch 89/200
52/52 - 9s - 182ms/step - loss: 0.3232 - val_loss: 0.3164
Epoch 90/200
52/52 - 9s - 181ms/step - loss: 0.3225 - val_loss: 0.3156
Epoch 91/200
52/52 - 9s - 179ms/step - loss: 0.3218 - val_loss: 0.3149
Epoch 92/200
52/52 - 9s - 177ms/step - loss: 0.3211 - val_loss: 0.3142
Epoch 93/200
52/52 - 9s - 181ms/step - loss: 0.3204 - val_loss: 0.3135
Epoch 94/200
52/52 - 9s - 178ms/step - loss: 0.3198 - val_loss: 0.3128
Epoch 95/200
52/52 - 9s - 180ms/step - loss: 0.3191 - val_loss: 0.3121
Epoch 96/200
52/52 - 9s - 181ms/step - loss: 0.3184 - val_loss: 0.3114
Epoch 97/200
52/52 - 9s - 181ms/step - loss: 0.3178 - val_loss: 0.3108
Epoch 98/200
52/52 - 11s - 216ms/step - loss: 0.3172 - val_loss: 0.3101
Epoch 99/200
52/52 - 11s - 203ms/step - loss: 0.3166 - val_loss: 0.3095
Epoch 100/200
52/52 - 9s - 180ms/step - loss: 0.3160 - val_loss: 0.3088
Epoch 101/200
52/52 - 9s - 180ms/step - loss: 0.3154 - val_loss: 0.3082
Epoch 102/200
52/52 - 10s - 183ms/step - loss: 0.3148 - val_loss: 0.3076
Epoch 103/200
52/52 - 9s - 180ms/step - loss: 0.3142 - val_loss: 0.3069
Epoch 104/200
52/52 - 9s - 181ms/step - loss: 0.3136 - val_loss: 0.3063
Epoch 105/200
52/52 - 9s - 181ms/step - loss: 0.3130 - val_loss: 0.3057
Epoch 106/200
52/52 - 9s - 181ms/step - loss: 0.3125 - val_loss: 0.3051
Epoch 107/200
52/52 - 9s - 181ms/step - loss: 0.3119 - val_loss: 0.3045
Epoch 108/200
52/52 - 9s - 180ms/step - loss: 0.3114 - val_loss: 0.3039
Epoch 109/200
52/52 - 9s - 177ms/step - loss: 0.3108 - val_loss: 0.3033
Epoch 110/200
52/52 - 9s - 178ms/step - loss: 0.3103 - val_loss: 0.3027
Epoch 111/200
52/52 - 9s - 175ms/step - loss: 0.3097 - val_loss: 0.3021
Epoch 112/200
52/52 - 9s - 178ms/step - loss: 0.3092 - val_loss: 0.3016
Epoch 113/200
52/52 - 9s - 180ms/step - loss: 0.3086 - val_loss: 0.3010
Epoch 114/200
52/52 - 9s - 181ms/step - loss: 0.3081 - val_loss: 0.3004
Epoch 115/200
52/52 - 9s - 182ms/step - loss: 0.3076 - val_loss: 0.2998
Epoch 116/200
52/52 - 9s - 181ms/step - loss: 0.3071 - val_loss: 0.2992
Epoch 117/200
52/52 - 9s - 180ms/step - loss: 0.3065 - val_loss: 0.2986
Epoch 118/200
52/52 - 9s - 179ms/step - loss: 0.3060 - val_loss: 0.2980
Epoch 119/200
52/52 - 9s - 182ms/step - loss: 0.3055 - val_loss: 0.2975
Epoch 120/200
52/52 - 9s - 180ms/step - loss: 0.3050 - val_loss: 0.2969
Epoch 121/200
52/52 - 9s - 180ms/step - loss: 0.3044 - val_loss: 0.2963
Epoch 122/200
52/52 - 9s - 180ms/step - loss: 0.3039 - val_loss: 0.2957
Epoch 123/200
52/52 - 9s - 179ms/step - loss: 0.3034 - val_loss: 0.2951
Epoch 124/200
52/52 - 9s - 181ms/step - loss: 0.3029 - val_loss: 0.2946
Epoch 125/200
52/52 - 9s - 182ms/step - loss: 0.3024 - val_loss: 0.2940
Epoch 126/200
52/52 - 10s - 185ms/step - loss: 0.3019 - val_loss: 0.2934
Epoch 127/200
52/52 - 9s - 177ms/step - loss: 0.3014 - val_loss: 0.2928
Epoch 128/200
52/52 - 9s - 181ms/step - loss: 0.3009 - val_loss: 0.2923
Epoch 129/200
52/52 - 9s - 179ms/step - loss: 0.3004 - val_loss: 0.2917
Epoch 130/200
52/52 - 9s - 181ms/step - loss: 0.2999 - val_loss: 0.2912
Epoch 131/200
52/52 - 9s - 181ms/step - loss: 0.2994 - val_loss: 0.2906
Epoch 132/200
52/52 - 9s - 182ms/step - loss: 0.2989 - val_loss: 0.2901
Epoch 133/200
52/52 - 9s - 180ms/step - loss: 0.2985 - val_loss: 0.2895
Epoch 134/200
52/52 - 9s - 178ms/step - loss: 0.2980 - val_loss: 0.2890
Epoch 135/200
52/52 - 9s - 180ms/step - loss: 0.2975 - val_loss: 0.2884
Epoch 136/200
52/52 - 9s - 176ms/step - loss: 0.2970 - val_loss: 0.2879
Epoch 137/200
52/52 - 9s - 178ms/step - loss: 0.2966 - val_loss: 0.2874
Epoch 138/200
52/52 - 9s - 181ms/step - loss: 0.2961 - val_loss: 0.2869
Epoch 139/200
52/52 - 9s - 180ms/step - loss: 0.2956 - val_loss: 0.2864
Epoch 140/200
52/52 - 9s - 181ms/step - loss: 0.2952 - val_loss: 0.2859
Epoch 141/200
52/52 - 9s - 182ms/step - loss: 0.2947 - val_loss: 0.2854
Epoch 142/200
52/52 - 9s - 182ms/step - loss: 0.2943 - val_loss: 0.2849
Epoch 143/200
52/52 - 9s - 182ms/step - loss: 0.2938 - val_loss: 0.2844
Epoch 144/200
52/52 - 9s - 179ms/step - loss: 0.2934 - val_loss: 0.2839
Epoch 145/200
52/52 - 9s - 178ms/step - loss: 0.2929 - val_loss: 0.2834
Epoch 146/200
52/52 - 9s - 181ms/step - loss: 0.2925 - val_loss: 0.2829
Epoch 147/200
52/52 - 9s - 180ms/step - loss: 0.2921 - val_loss: 0.2824
Epoch 148/200
52/52 - 9s - 176ms/step - loss: 0.2917 - val_loss: 0.2820
Epoch 149/200
52/52 - 9s - 177ms/step - loss: 0.2912 - val_loss: 0.2815
Epoch 150/200
52/52 - 9s - 182ms/step - loss: 0.2908 - val_loss: 0.2811
Epoch 151/200
52/52 - 10s - 183ms/step - loss: 0.2904 - val_loss: 0.2806
Epoch 152/200
52/52 - 9s - 178ms/step - loss: 0.2900 - val_loss: 0.2802
Epoch 153/200
52/52 - 9s - 180ms/step - loss: 0.2896 - val_loss: 0.2797
Epoch 154/200
52/52 - 9s - 182ms/step - loss: 0.2891 - val_loss: 0.2793
Epoch 155/200
52/52 - 9s - 181ms/step - loss: 0.2887 - val_loss: 0.2788
Epoch 156/200
52/52 - 9s - 181ms/step - loss: 0.2883 - val_loss: 0.2784
Epoch 157/200
52/52 - 9s - 183ms/step - loss: 0.2879 - val_loss: 0.2780
Epoch 158/200
52/52 - 9s - 181ms/step - loss: 0.2876 - val_loss: 0.2776
Epoch 159/200
52/52 - 9s - 182ms/step - loss: 0.2872 - val_loss: 0.2772
Epoch 160/200
52/52 - 9s - 180ms/step - loss: 0.2868 - val_loss: 0.2767
Epoch 161/200
52/52 - 9s - 181ms/step - loss: 0.2864 - val_loss: 0.2763
Epoch 162/200
52/52 - 9s - 182ms/step - loss: 0.2860 - val_loss: 0.2759
Epoch 163/200
52/52 - 10s - 187ms/step - loss: 0.2856 - val_loss: 0.2755
Epoch 164/200
52/52 - 9s - 180ms/step - loss: 0.2853 - val_loss: 0.2751
Epoch 165/200
52/52 - 10s - 184ms/step - loss: 0.2849 - val_loss: 0.2748
Epoch 166/200
52/52 - 9s - 180ms/step - loss: 0.2845 - val_loss: 0.2744
Epoch 167/200
52/52 - 9s - 180ms/step - loss: 0.2842 - val_loss: 0.2740
Epoch 168/200
52/52 - 9s - 179ms/step - loss: 0.2838 - val_loss: 0.2736
Epoch 169/200
52/52 - 9s - 181ms/step - loss: 0.2835 - val_loss: 0.2732
Epoch 170/200
52/52 - 9s - 181ms/step - loss: 0.2831 - val_loss: 0.2729
Epoch 171/200
52/52 - 9s - 178ms/step - loss: 0.2828 - val_loss: 0.2725
Epoch 172/200
52/52 - 9s - 175ms/step - loss: 0.2824 - val_loss: 0.2722
Epoch 173/200
52/52 - 9s - 180ms/step - loss: 0.2821 - val_loss: 0.2718
Epoch 174/200
52/52 - 9s - 178ms/step - loss: 0.2817 - val_loss: 0.2715
Epoch 175/200
52/52 - 9s - 181ms/step - loss: 0.2814 - val_loss: 0.2711
Epoch 176/200
52/52 - 9s - 181ms/step - loss: 0.2811 - val_loss: 0.2708
Epoch 177/200
52/52 - 9s - 182ms/step - loss: 0.2807 - val_loss: 0.2704
Epoch 178/200
52/52 - 9s - 181ms/step - loss: 0.2804 - val_loss: 0.2701
Epoch 179/200
52/52 - 9s - 179ms/step - loss: 0.2801 - val_loss: 0.2698
Epoch 180/200
52/52 - 9s - 174ms/step - loss: 0.2798 - val_loss: 0.2694
Epoch 181/200
52/52 - 9s - 182ms/step - loss: 0.2795 - val_loss: 0.2691
Epoch 182/200
52/52 - 9s - 180ms/step - loss: 0.2792 - val_loss: 0.2688
Epoch 183/200
52/52 - 9s - 179ms/step - loss: 0.2789 - val_loss: 0.2685
Epoch 184/200
52/52 - 9s - 176ms/step - loss: 0.2785 - val_loss: 0.2682
Epoch 185/200
52/52 - 9s - 177ms/step - loss: 0.2782 - val_loss: 0.2678
Epoch 186/200
52/52 - 9s - 182ms/step - loss: 0.2779 - val_loss: 0.2675
Epoch 187/200
52/52 - 9s - 177ms/step - loss: 0.2776 - val_loss: 0.2672
Epoch 188/200
52/52 - 9s - 182ms/step - loss: 0.2774 - val_loss: 0.2669
Epoch 189/200
52/52 - 9s - 181ms/step - loss: 0.2771 - val_loss: 0.2666
Epoch 190/200
52/52 - 9s - 179ms/step - loss: 0.2768 - val_loss: 0.2663
Epoch 191/200
52/52 - 9s - 183ms/step - loss: 0.2765 - val_loss: 0.2660
Epoch 192/200
52/52 - 9s - 180ms/step - loss: 0.2762 - val_loss: 0.2658
Epoch 193/200
52/52 - 9s - 180ms/step - loss: 0.2759 - val_loss: 0.2655
Epoch 194/200
52/52 - 9s - 180ms/step - loss: 0.2757 - val_loss: 0.2652
Epoch 195/200
52/52 - 10s - 190ms/step - loss: 0.2754 - val_loss: 0.2649
Epoch 196/200
52/52 - 10s - 184ms/step - loss: 0.2751 - val_loss: 0.2646
Epoch 197/200
52/52 - 9s - 183ms/step - loss: 0.2749 - val_loss: 0.2644
Epoch 198/200
52/52 - 9s - 180ms/step - loss: 0.2746 - val_loss: 0.2641
Epoch 199/200
52/52 - 9s - 175ms/step - loss: 0.2743 - val_loss: 0.2638
Epoch 200/200
52/52 - 9s - 179ms/step - loss: 0.2741 - val_loss: 0.2636
[Run 1/5] Training single encoder baseline (baseline preprocessing, linear structure, sigmoid head)...
[Run 1/5] Shared encoder (unweight) threshold comparison: dynamic=0.4594 (balanced_accuracy=0.8929), fixed_0.5=0.5000 (balanced_accuracy=0.8929).
[Run 1/5] Shared encoder (weighted) threshold comparison: dynamic=0.7278 (balanced_accuracy=0.8884), fixed_0.5=0.5000 (balanced_accuracy=0.8794).
[Run 1/5] Saved raw test predictions to /home/xx4455/Comparable/Code/Synthetic/Results/Predictions/heart_age_29082_all_run1_raw_predictions.csv.
[Run 2/5] Training shared encoder (unweighted, sigmoid head, baseline preprocessing)...
Epoch 1/200
51/51 - 11s - 223ms/step - loss: 0.8383 - val_loss: 0.7926
Epoch 2/200
51/51 - 9s - 183ms/step - loss: 0.7638 - val_loss: 0.7226
Epoch 3/200
51/51 - 9s - 172ms/step - loss: 0.6996 - val_loss: 0.6638
Epoch 4/200
51/51 - 9s - 179ms/step - loss: 0.6460 - val_loss: 0.6156
Epoch 5/200
51/51 - 9s - 174ms/step - loss: 0.6020 - val_loss: 0.5762
Epoch 6/200
51/51 - 9s - 179ms/step - loss: 0.5660 - val_loss: 0.5440
Epoch 7/200
51/51 - 9s - 177ms/step - loss: 0.5363 - val_loss: 0.5174
Epoch 8/200
51/51 - 9s - 178ms/step - loss: 0.5115 - val_loss: 0.4952
Epoch 9/200
51/51 - 9s - 177ms/step - loss: 0.4905 - val_loss: 0.4764
Epoch 10/200
51/51 - 9s - 181ms/step - loss: 0.4726 - val_loss: 0.4604
Epoch 11/200
51/51 - 9s - 181ms/step - loss: 0.4571 - val_loss: 0.4465
Epoch 12/200
51/51 - 9s - 180ms/step - loss: 0.4436 - val_loss: 0.4344
Epoch 13/200
51/51 - 9s - 178ms/step - loss: 0.4318 - val_loss: 0.4237
Epoch 14/200
51/51 - 9s - 174ms/step - loss: 0.4212 - val_loss: 0.4142
Epoch 15/200
51/51 - 9s - 180ms/step - loss: 0.4117 - val_loss: 0.4056
Epoch 16/200
51/51 - 9s - 177ms/step - loss: 0.4032 - val_loss: 0.3979
Epoch 17/200
51/51 - 9s - 175ms/step - loss: 0.3954 - val_loss: 0.3908
Epoch 18/200
51/51 - 9s - 174ms/step - loss: 0.3883 - val_loss: 0.3844
Epoch 19/200
51/51 - 9s - 178ms/step - loss: 0.3817 - val_loss: 0.3784
Epoch 20/200
51/51 - 9s - 179ms/step - loss: 0.3757 - val_loss: 0.3729
Epoch 21/200
51/51 - 9s - 182ms/step - loss: 0.3700 - val_loss: 0.3677
Epoch 22/200
51/51 - 9s - 179ms/step - loss: 0.3648 - val_loss: 0.3628
Epoch 23/200
51/51 - 9s - 177ms/step - loss: 0.3598 - val_loss: 0.3583
Epoch 24/200
51/51 - 9s - 179ms/step - loss: 0.3552 - val_loss: 0.3540
Epoch 25/200
51/51 - 9s - 181ms/step - loss: 0.3508 - val_loss: 0.3499
Epoch 26/200
51/51 - 9s - 177ms/step - loss: 0.3466 - val_loss: 0.3460
Epoch 27/200
51/51 - 9s - 180ms/step - loss: 0.3427 - val_loss: 0.3424
Epoch 28/200
51/51 - 9s - 180ms/step - loss: 0.3389 - val_loss: 0.3389
Epoch 29/200
51/51 - 9s - 177ms/step - loss: 0.3353 - val_loss: 0.3355
Epoch 30/200
51/51 - 9s - 178ms/step - loss: 0.3319 - val_loss: 0.3323
Epoch 31/200
51/51 - 9s - 181ms/step - loss: 0.3286 - val_loss: 0.3292
Epoch 32/200
51/51 - 9s - 179ms/step - loss: 0.3255 - val_loss: 0.3263
Epoch 33/200
51/51 - 9s - 174ms/step - loss: 0.3225 - val_loss: 0.3234
Epoch 34/200
51/51 - 9s - 181ms/step - loss: 0.3195 - val_loss: 0.3207
Epoch 35/200
51/51 - 9s - 179ms/step - loss: 0.3167 - val_loss: 0.3181
Epoch 36/200
51/51 - 9s - 179ms/step - loss: 0.3140 - val_loss: 0.3155
Epoch 37/200
51/51 - 9s - 179ms/step - loss: 0.3114 - val_loss: 0.3131
Epoch 38/200
51/51 - 9s - 181ms/step - loss: 0.3089 - val_loss: 0.3107
Epoch 39/200
51/51 - 9s - 180ms/step - loss: 0.3065 - val_loss: 0.3084
Epoch 40/200
51/51 - 9s - 179ms/step - loss: 0.3041 - val_loss: 0.3062
Epoch 41/200
51/51 - 9s - 176ms/step - loss: 0.3018 - val_loss: 0.3040
Epoch 42/200
51/51 - 9s - 174ms/step - loss: 0.2996 - val_loss: 0.3020
Epoch 43/200
51/51 - 9s - 181ms/step - loss: 0.2974 - val_loss: 0.2999
Epoch 44/200
51/51 - 9s - 180ms/step - loss: 0.2953 - val_loss: 0.2980
Epoch 45/200
51/51 - 9s - 179ms/step - loss: 0.2933 - val_loss: 0.2961
Epoch 46/200
51/51 - 9s - 179ms/step - loss: 0.2913 - val_loss: 0.2943
Epoch 47/200
51/51 - 9s - 180ms/step - loss: 0.2894 - val_loss: 0.2925
Epoch 48/200
51/51 - 9s - 181ms/step - loss: 0.2875 - val_loss: 0.2907
Epoch 49/200
51/51 - 9s - 180ms/step - loss: 0.2857 - val_loss: 0.2891
Epoch 50/200
51/51 - 9s - 179ms/step - loss: 0.2840 - val_loss: 0.2874
Epoch 51/200
51/51 - 9s - 177ms/step - loss: 0.2823 - val_loss: 0.2859
Epoch 52/200
51/51 - 9s - 179ms/step - loss: 0.2806 - val_loss: 0.2843
Epoch 53/200
51/51 - 9s - 178ms/step - loss: 0.2790 - val_loss: 0.2828
Epoch 54/200
51/51 - 9s - 176ms/step - loss: 0.2774 - val_loss: 0.2814
Epoch 55/200
51/51 - 9s - 174ms/step - loss: 0.2758 - val_loss: 0.2800
Epoch 56/200
51/51 - 9s - 180ms/step - loss: 0.2743 - val_loss: 0.2786
Epoch 57/200
51/51 - 10s - 193ms/step - loss: 0.2729 - val_loss: 0.2772
Epoch 58/200
51/51 - 9s - 186ms/step - loss: 0.2715 - val_loss: 0.2759
Epoch 59/200
51/51 - 9s - 181ms/step - loss: 0.2701 - val_loss: 0.2747
Epoch 60/200
51/51 - 9s - 180ms/step - loss: 0.2687 - val_loss: 0.2734
Epoch 61/200
51/51 - 9s - 181ms/step - loss: 0.2674 - val_loss: 0.2722
Epoch 62/200
51/51 - 9s - 179ms/step - loss: 0.2661 - val_loss: 0.2711
Epoch 63/200
51/51 - 9s - 180ms/step - loss: 0.2648 - val_loss: 0.2699
Epoch 64/200
51/51 - 9s - 180ms/step - loss: 0.2636 - val_loss: 0.2688
Epoch 65/200
51/51 - 9s - 182ms/step - loss: 0.2624 - val_loss: 0.2677
Epoch 66/200
51/51 - 9s - 180ms/step - loss: 0.2612 - val_loss: 0.2666
Epoch 67/200
51/51 - 9s - 177ms/step - loss: 0.2601 - val_loss: 0.2656
Epoch 68/200
51/51 - 9s - 176ms/step - loss: 0.2589 - val_loss: 0.2646
Epoch 69/200
51/51 - 9s - 179ms/step - loss: 0.2578 - val_loss: 0.2635
Epoch 70/200
51/51 - 9s - 177ms/step - loss: 0.2568 - val_loss: 0.2626
Epoch 71/200
51/51 - 9s - 179ms/step - loss: 0.2557 - val_loss: 0.2616
Epoch 72/200
51/51 - 9s - 179ms/step - loss: 0.2547 - val_loss: 0.2607
Epoch 73/200
51/51 - 9s - 180ms/step - loss: 0.2536 - val_loss: 0.2597
Epoch 74/200
51/51 - 9s - 180ms/step - loss: 0.2527 - val_loss: 0.2588
Epoch 75/200
51/51 - 9s - 177ms/step - loss: 0.2517 - val_loss: 0.2580
Epoch 76/200
51/51 - 9s - 181ms/step - loss: 0.2507 - val_loss: 0.2571
Epoch 77/200
51/51 - 9s - 180ms/step - loss: 0.2498 - val_loss: 0.2562
Epoch 78/200
51/51 - 9s - 177ms/step - loss: 0.2489 - val_loss: 0.2554
Epoch 79/200
51/51 - 9s - 175ms/step - loss: 0.2480 - val_loss: 0.2546
Epoch 80/200
51/51 - 9s - 177ms/step - loss: 0.2471 - val_loss: 0.2538
Epoch 81/200
51/51 - 9s - 180ms/step - loss: 0.2462 - val_loss: 0.2530
Epoch 82/200
51/51 - 9s - 181ms/step - loss: 0.2453 - val_loss: 0.2522
Epoch 83/200
51/51 - 9s - 181ms/step - loss: 0.2445 - val_loss: 0.2514
Epoch 84/200
51/51 - 9s - 179ms/step - loss: 0.2437 - val_loss: 0.2507
Epoch 85/200
51/51 - 9s - 174ms/step - loss: 0.2429 - val_loss: 0.2499
Epoch 86/200
51/51 - 9s - 181ms/step - loss: 0.2421 - val_loss: 0.2492
Epoch 87/200
51/51 - 9s - 179ms/step - loss: 0.2413 - val_loss: 0.2484
Epoch 88/200
51/51 - 9s - 178ms/step - loss: 0.2405 - val_loss: 0.2477
Epoch 89/200
51/51 - 9s - 180ms/step - loss: 0.2397 - val_loss: 0.2470
Epoch 90/200
51/51 - 9s - 182ms/step - loss: 0.2390 - val_loss: 0.2463
Epoch 91/200
51/51 - 10s - 194ms/step - loss: 0.2382 - val_loss: 0.2457
Epoch 92/200
51/51 - 10s - 199ms/step - loss: 0.2375 - val_loss: 0.2450
Epoch 93/200
51/51 - 9s - 178ms/step - loss: 0.2368 - val_loss: 0.2443
Epoch 94/200
51/51 - 9s - 179ms/step - loss: 0.2361 - val_loss: 0.2437
Epoch 95/200
51/51 - 9s - 181ms/step - loss: 0.2354 - val_loss: 0.2430
Epoch 96/200
51/51 - 9s - 179ms/step - loss: 0.2347 - val_loss: 0.2424
Epoch 97/200
51/51 - 9s - 180ms/step - loss: 0.2340 - val_loss: 0.2417
Epoch 98/200
51/51 - 9s - 180ms/step - loss: 0.2334 - val_loss: 0.2411
Epoch 99/200
51/51 - 9s - 179ms/step - loss: 0.2327 - val_loss: 0.2405
Epoch 100/200
51/51 - 9s - 180ms/step - loss: 0.2320 - val_loss: 0.2399
Epoch 101/200
51/51 - 9s - 178ms/step - loss: 0.2314 - val_loss: 0.2393
Epoch 102/200
51/51 - 9s - 176ms/step - loss: 0.2308 - val_loss: 0.2386
Epoch 103/200
51/51 - 9s - 180ms/step - loss: 0.2301 - val_loss: 0.2381
Epoch 104/200
51/51 - 9s - 177ms/step - loss: 0.2295 - val_loss: 0.2375
Epoch 105/200
51/51 - 9s - 177ms/step - loss: 0.2289 - val_loss: 0.2369
Epoch 106/200
51/51 - 9s - 182ms/step - loss: 0.2283 - val_loss: 0.2363
Epoch 107/200
51/51 - 10s - 186ms/step - loss: 0.2277 - val_loss: 0.2357
Epoch 108/200
51/51 - 9s - 180ms/step - loss: 0.2271 - val_loss: 0.2352
Epoch 109/200
51/51 - 9s - 179ms/step - loss: 0.2265 - val_loss: 0.2346
Epoch 110/200
51/51 - 9s - 180ms/step - loss: 0.2260 - val_loss: 0.2341
Epoch 111/200
51/51 - 9s - 179ms/step - loss: 0.2254 - val_loss: 0.2335
Epoch 112/200
51/51 - 9s - 178ms/step - loss: 0.2248 - val_loss: 0.2330
Epoch 113/200
51/51 - 9s - 180ms/step - loss: 0.2243 - val_loss: 0.2324
Epoch 114/200
51/51 - 9s - 179ms/step - loss: 0.2237 - val_loss: 0.2319
Epoch 115/200
51/51 - 9s - 182ms/step - loss: 0.2232 - val_loss: 0.2313
Epoch 116/200
51/51 - 9s - 178ms/step - loss: 0.2226 - val_loss: 0.2308
Epoch 117/200
51/51 - 9s - 174ms/step - loss: 0.2221 - val_loss: 0.2303
Epoch 118/200
51/51 - 9s - 177ms/step - loss: 0.2216 - val_loss: 0.2298
Epoch 119/200
51/51 - 9s - 179ms/step - loss: 0.2211 - val_loss: 0.2293
Epoch 120/200
51/51 - 9s - 176ms/step - loss: 0.2206 - val_loss: 0.2288
Epoch 121/200
51/51 - 9s - 178ms/step - loss: 0.2200 - val_loss: 0.2282
Epoch 122/200
51/51 - 9s - 179ms/step - loss: 0.2195 - val_loss: 0.2277
Epoch 123/200
51/51 - 9s - 179ms/step - loss: 0.2190 - val_loss: 0.2273
Epoch 124/200
51/51 - 9s - 181ms/step - loss: 0.2186 - val_loss: 0.2268
Epoch 125/200
51/51 - 9s - 180ms/step - loss: 0.2181 - val_loss: 0.2263
Epoch 126/200
51/51 - 9s - 178ms/step - loss: 0.2176 - val_loss: 0.2258
Epoch 127/200
51/51 - 9s - 179ms/step - loss: 0.2171 - val_loss: 0.2253
Epoch 128/200
51/51 - 9s - 181ms/step - loss: 0.2166 - val_loss: 0.2248
Epoch 129/200
51/51 - 10s - 197ms/step - loss: 0.2162 - val_loss: 0.2244
Epoch 130/200
51/51 - 9s - 179ms/step - loss: 0.2157 - val_loss: 0.2239
Epoch 131/200
51/51 - 9s - 179ms/step - loss: 0.2152 - val_loss: 0.2234
Epoch 132/200
51/51 - 9s - 180ms/step - loss: 0.2148 - val_loss: 0.2230
Epoch 133/200
51/51 - 9s - 180ms/step - loss: 0.2143 - val_loss: 0.2225
Epoch 134/200
51/51 - 9s - 179ms/step - loss: 0.2139 - val_loss: 0.2221
Epoch 135/200
51/51 - 9s - 179ms/step - loss: 0.2135 - val_loss: 0.2217
Epoch 136/200
51/51 - 9s - 176ms/step - loss: 0.2130 - val_loss: 0.2212
Epoch 137/200
51/51 - 9s - 179ms/step - loss: 0.2126 - val_loss: 0.2208
Epoch 138/200
51/51 - 9s - 178ms/step - loss: 0.2122 - val_loss: 0.2204
Epoch 139/200
51/51 - 9s - 177ms/step - loss: 0.2118 - val_loss: 0.2199
Epoch 140/200
51/51 - 9s - 178ms/step - loss: 0.2113 - val_loss: 0.2195
Epoch 141/200
51/51 - 9s - 179ms/step - loss: 0.2109 - val_loss: 0.2191
Epoch 142/200
51/51 - 9s - 175ms/step - loss: 0.2105 - val_loss: 0.2187
Epoch 143/200
51/51 - 9s - 179ms/step - loss: 0.2101 - val_loss: 0.2183
Epoch 144/200
51/51 - 9s - 177ms/step - loss: 0.2097 - val_loss: 0.2179
Epoch 145/200
51/51 - 9s - 184ms/step - loss: 0.2093 - val_loss: 0.2175
Epoch 146/200
51/51 - 9s - 178ms/step - loss: 0.2090 - val_loss: 0.2171
Epoch 147/200
51/51 - 9s - 178ms/step - loss: 0.2086 - val_loss: 0.2168
Epoch 148/200
51/51 - 9s - 180ms/step - loss: 0.2082 - val_loss: 0.2164
Epoch 149/200
51/51 - 9s - 179ms/step - loss: 0.2078 - val_loss: 0.2160
Epoch 150/200
51/51 - 9s - 177ms/step - loss: 0.2074 - val_loss: 0.2156
Epoch 151/200
51/51 - 9s - 178ms/step - loss: 0.2071 - val_loss: 0.2153
Epoch 152/200
51/51 - 9s - 175ms/step - loss: 0.2067 - val_loss: 0.2149
Epoch 153/200
51/51 - 9s - 178ms/step - loss: 0.2063 - val_loss: 0.2146
Epoch 154/200
51/51 - 9s - 175ms/step - loss: 0.2060 - val_loss: 0.2142
Epoch 155/200
51/51 - 9s - 175ms/step - loss: 0.2056 - val_loss: 0.2139
Epoch 156/200
51/51 - 9s - 176ms/step - loss: 0.2053 - val_loss: 0.2135
Epoch 157/200
51/51 - 9s - 179ms/step - loss: 0.2049 - val_loss: 0.2132
Epoch 158/200
51/51 - 9s - 180ms/step - loss: 0.2046 - val_loss: 0.2128
Epoch 159/200
51/51 - 9s - 177ms/step - loss: 0.2043 - val_loss: 0.2125
Epoch 160/200
51/51 - 9s - 178ms/step - loss: 0.2039 - val_loss: 0.2122
Epoch 161/200
51/51 - 9s - 179ms/step - loss: 0.2036 - val_loss: 0.2119
Epoch 162/200
51/51 - 9s - 179ms/step - loss: 0.2033 - val_loss: 0.2115
Epoch 163/200
51/51 - 9s - 179ms/step - loss: 0.2030 - val_loss: 0.2112
Epoch 164/200
51/51 - 9s - 177ms/step - loss: 0.2026 - val_loss: 0.2109
Epoch 165/200
51/51 - 9s - 179ms/step - loss: 0.2023 - val_loss: 0.2106
Epoch 166/200
51/51 - 9s - 179ms/step - loss: 0.2020 - val_loss: 0.2103
Epoch 167/200
51/51 - 9s - 175ms/step - loss: 0.2017 - val_loss: 0.2100
Epoch 168/200
51/51 - 9s - 174ms/step - loss: 0.2014 - val_loss: 0.2097
Epoch 169/200
51/51 - 9s - 182ms/step - loss: 0.2011 - val_loss: 0.2094
Epoch 170/200
51/51 - 10s - 188ms/step - loss: 0.2008 - val_loss: 0.2091
Epoch 171/200
51/51 - 9s - 185ms/step - loss: 0.2005 - val_loss: 0.2088
Epoch 172/200
51/51 - 10s - 189ms/step - loss: 0.2002 - val_loss: 0.2086
Epoch 173/200
51/51 - 9s - 184ms/step - loss: 0.1999 - val_loss: 0.2083
Epoch 174/200
51/51 - 9s - 181ms/step - loss: 0.1996 - val_loss: 0.2080
Epoch 175/200
51/51 - 9s - 180ms/step - loss: 0.1993 - val_loss: 0.2077
Epoch 176/200
51/51 - 9s - 178ms/step - loss: 0.1990 - val_loss: 0.2075
Epoch 177/200
51/51 - 9s - 181ms/step - loss: 0.1988 - val_loss: 0.2072
Epoch 178/200
51/51 - 9s - 178ms/step - loss: 0.1985 - val_loss: 0.2069
Epoch 179/200
51/51 - 10s - 189ms/step - loss: 0.1982 - val_loss: 0.2067
Epoch 180/200
51/51 - 9s - 182ms/step - loss: 0.1979 - val_loss: 0.2064
Epoch 181/200
51/51 - 9s - 180ms/step - loss: 0.1977 - val_loss: 0.2061
Epoch 182/200
51/51 - 9s - 180ms/step - loss: 0.1974 - val_loss: 0.2059
Epoch 183/200
51/51 - 9s - 178ms/step - loss: 0.1971 - val_loss: 0.2056
Epoch 184/200
51/51 - 9s - 177ms/step - loss: 0.1969 - val_loss: 0.2054
Epoch 185/200
51/51 - 9s - 177ms/step - loss: 0.1966 - val_loss: 0.2051
Epoch 186/200
51/51 - 9s - 178ms/step - loss: 0.1964 - val_loss: 0.2049
Epoch 187/200
51/51 - 9s - 178ms/step - loss: 0.1961 - val_loss: 0.2047
Epoch 188/200
51/51 - 9s - 178ms/step - loss: 0.1959 - val_loss: 0.2044
Epoch 189/200
51/51 - 9s - 179ms/step - loss: 0.1956 - val_loss: 0.2042
Epoch 190/200
51/51 - 9s - 175ms/step - loss: 0.1954 - val_loss: 0.2039
Epoch 191/200
51/51 - 9s - 175ms/step - loss: 0.1951 - val_loss: 0.2037
Epoch 192/200
51/51 - 9s - 173ms/step - loss: 0.1949 - val_loss: 0.2035
Epoch 193/200
51/51 - 9s - 178ms/step - loss: 0.1947 - val_loss: 0.2033
Epoch 194/200
51/51 - 9s - 178ms/step - loss: 0.1944 - val_loss: 0.2030
Epoch 195/200
51/51 - 9s - 179ms/step - loss: 0.1942 - val_loss: 0.2028
Epoch 196/200
51/51 - 9s - 179ms/step - loss: 0.1940 - val_loss: 0.2026
Epoch 197/200
51/51 - 9s - 181ms/step - loss: 0.1937 - val_loss: 0.2024
Epoch 198/200
51/51 - 9s - 179ms/step - loss: 0.1935 - val_loss: 0.2022
Epoch 199/200
51/51 - 9s - 175ms/step - loss: 0.1933 - val_loss: 0.2019
Epoch 200/200
51/51 - 9s - 177ms/step - loss: 0.1931 - val_loss: 0.2017
[Run 2/5] Training shared encoder (weighted, sigmoid head, baseline preprocessing)...
Epoch 1/200
51/51 - 12s - 244ms/step - loss: 0.9690 - val_loss: 0.9380
Epoch 2/200
51/51 - 10s - 187ms/step - loss: 0.9045 - val_loss: 0.8712
Epoch 3/200
51/51 - 9s - 174ms/step - loss: 0.8401 - val_loss: 0.8062
Epoch 4/200
51/51 - 10s - 187ms/step - loss: 0.7797 - val_loss: 0.7476
Epoch 5/200
51/51 - 9s - 183ms/step - loss: 0.7269 - val_loss: 0.6975
Epoch 6/200
51/51 - 9s - 186ms/step - loss: 0.6821 - val_loss: 0.6555
Epoch 7/200
51/51 - 9s - 183ms/step - loss: 0.6446 - val_loss: 0.6203
Epoch 8/200
51/51 - 9s - 185ms/step - loss: 0.6128 - val_loss: 0.5904
Epoch 9/200
51/51 - 9s - 185ms/step - loss: 0.5856 - val_loss: 0.5648
Epoch 10/200
51/51 - 9s - 183ms/step - loss: 0.5620 - val_loss: 0.5426
Epoch 11/200
51/51 - 9s - 183ms/step - loss: 0.5413 - val_loss: 0.5231
Epoch 12/200
51/51 - 10s - 187ms/step - loss: 0.5230 - val_loss: 0.5059
Epoch 13/200
51/51 - 9s - 184ms/step - loss: 0.5067 - val_loss: 0.4907
Epoch 14/200
51/51 - 9s - 180ms/step - loss: 0.4922 - val_loss: 0.4771
Epoch 15/200
51/51 - 9s - 184ms/step - loss: 0.4791 - val_loss: 0.4649
Epoch 16/200
51/51 - 9s - 185ms/step - loss: 0.4672 - val_loss: 0.4539
Epoch 17/200
51/51 - 9s - 185ms/step - loss: 0.4564 - val_loss: 0.4439
Epoch 18/200
51/51 - 9s - 186ms/step - loss: 0.4464 - val_loss: 0.4348
Epoch 19/200
51/51 - 9s - 185ms/step - loss: 0.4373 - val_loss: 0.4264
Epoch 20/200
51/51 - 9s - 185ms/step - loss: 0.4288 - val_loss: 0.4187
Epoch 21/200
51/51 - 9s - 186ms/step - loss: 0.4209 - val_loss: 0.4115
Epoch 22/200
51/51 - 9s - 181ms/step - loss: 0.4136 - val_loss: 0.4049
Epoch 23/200
51/51 - 9s - 180ms/step - loss: 0.4067 - val_loss: 0.3987
Epoch 24/200
51/51 - 9s - 180ms/step - loss: 0.4002 - val_loss: 0.3929
Epoch 25/200
51/51 - 10s - 187ms/step - loss: 0.3941 - val_loss: 0.3875
Epoch 26/200
51/51 - 10s - 194ms/step - loss: 0.3884 - val_loss: 0.3823
Epoch 27/200
51/51 - 10s - 190ms/step - loss: 0.3830 - val_loss: 0.3775
Epoch 28/200
51/51 - 10s - 194ms/step - loss: 0.3779 - val_loss: 0.3729
Epoch 29/200
51/51 - 10s - 188ms/step - loss: 0.3730 - val_loss: 0.3685
Epoch 30/200
51/51 - 9s - 184ms/step - loss: 0.3684 - val_loss: 0.3643
Epoch 31/200
51/51 - 9s - 185ms/step - loss: 0.3639 - val_loss: 0.3602
Epoch 32/200
51/51 - 9s - 185ms/step - loss: 0.3597 - val_loss: 0.3564
Epoch 33/200
51/51 - 9s - 183ms/step - loss: 0.3556 - val_loss: 0.3527
Epoch 34/200
51/51 - 9s - 181ms/step - loss: 0.3516 - val_loss: 0.3491
Epoch 35/200
51/51 - 9s - 180ms/step - loss: 0.3478 - val_loss: 0.3456
Epoch 36/200
51/51 - 9s - 181ms/step - loss: 0.3442 - val_loss: 0.3422
Epoch 37/200
51/51 - 9s - 184ms/step - loss: 0.3406 - val_loss: 0.3390
Epoch 38/200
51/51 - 9s - 185ms/step - loss: 0.3372 - val_loss: 0.3358
Epoch 39/200
51/51 - 9s - 185ms/step - loss: 0.3339 - val_loss: 0.3327
Epoch 40/200
51/51 - 9s - 186ms/step - loss: 0.3306 - val_loss: 0.3297
Epoch 41/200
51/51 - 9s - 182ms/step - loss: 0.3275 - val_loss: 0.3268
Epoch 42/200
51/51 - 9s - 184ms/step - loss: 0.3244 - val_loss: 0.3240
Epoch 43/200
51/51 - 9s - 186ms/step - loss: 0.3215 - val_loss: 0.3212
Epoch 44/200
51/51 - 9s - 181ms/step - loss: 0.3186 - val_loss: 0.3185
Epoch 45/200
51/51 - 9s - 182ms/step - loss: 0.3158 - val_loss: 0.3159
Epoch 46/200
51/51 - 9s - 183ms/step - loss: 0.3131 - val_loss: 0.3134
Epoch 47/200
51/51 - 9s - 182ms/step - loss: 0.3105 - val_loss: 0.3109
Epoch 48/200
51/51 - 9s - 184ms/step - loss: 0.3079 - val_loss: 0.3086
Epoch 49/200
51/51 - 9s - 183ms/step - loss: 0.3055 - val_loss: 0.3062
Epoch 50/200
51/51 - 9s - 185ms/step - loss: 0.3031 - val_loss: 0.3040
Epoch 51/200
51/51 - 9s - 181ms/step - loss: 0.3007 - val_loss: 0.3018
Epoch 52/200
51/51 - 9s - 183ms/step - loss: 0.2985 - val_loss: 0.2997
Epoch 53/200
51/51 - 9s - 186ms/step - loss: 0.2963 - val_loss: 0.2976
Epoch 54/200
51/51 - 9s - 184ms/step - loss: 0.2942 - val_loss: 0.2956
Epoch 55/200
51/51 - 9s - 177ms/step - loss: 0.2921 - val_loss: 0.2937
Epoch 56/200
51/51 - 9s - 183ms/step - loss: 0.2901 - val_loss: 0.2918
Epoch 57/200
51/51 - 9s - 184ms/step - loss: 0.2881 - val_loss: 0.2900
Epoch 58/200
51/51 - 9s - 184ms/step - loss: 0.2863 - val_loss: 0.2882
Epoch 59/200
51/51 - 9s - 181ms/step - loss: 0.2844 - val_loss: 0.2865
Epoch 60/200
51/51 - 9s - 180ms/step - loss: 0.2826 - val_loss: 0.2848
Epoch 61/200
51/51 - 9s - 183ms/step - loss: 0.2809 - val_loss: 0.2832
Epoch 62/200
51/51 - 9s - 184ms/step - loss: 0.2792 - val_loss: 0.2816
Epoch 63/200
51/51 - 9s - 185ms/step - loss: 0.2776 - val_loss: 0.2801
Epoch 64/200
51/51 - 9s - 181ms/step - loss: 0.2760 - val_loss: 0.2786
Epoch 65/200
51/51 - 9s - 183ms/step - loss: 0.2745 - val_loss: 0.2772
Epoch 66/200
51/51 - 9s - 185ms/step - loss: 0.2729 - val_loss: 0.2758
Epoch 67/200
51/51 - 9s - 184ms/step - loss: 0.2715 - val_loss: 0.2744
Epoch 68/200
51/51 - 10s - 189ms/step - loss: 0.2700 - val_loss: 0.2730
Epoch 69/200
51/51 - 10s - 190ms/step - loss: 0.2687 - val_loss: 0.2717
Epoch 70/200
51/51 - 9s - 185ms/step - loss: 0.2673 - val_loss: 0.2705
Epoch 71/200
51/51 - 9s - 185ms/step - loss: 0.2660 - val_loss: 0.2692
Epoch 72/200
51/51 - 9s - 180ms/step - loss: 0.2647 - val_loss: 0.2680
Epoch 73/200
51/51 - 9s - 182ms/step - loss: 0.2634 - val_loss: 0.2668
Epoch 74/200
51/51 - 9s - 185ms/step - loss: 0.2622 - val_loss: 0.2657
Epoch 75/200
51/51 - 9s - 184ms/step - loss: 0.2610 - val_loss: 0.2645
Epoch 76/200
51/51 - 9s - 184ms/step - loss: 0.2598 - val_loss: 0.2634
Epoch 77/200
51/51 - 9s - 184ms/step - loss: 0.2587 - val_loss: 0.2624
Epoch 78/200
51/51 - 9s - 181ms/step - loss: 0.2576 - val_loss: 0.2613
Epoch 79/200
51/51 - 9s - 185ms/step - loss: 0.2565 - val_loss: 0.2603
Epoch 80/200
51/51 - 9s - 183ms/step - loss: 0.2554 - val_loss: 0.2593
Epoch 81/200
51/51 - 9s - 185ms/step - loss: 0.2543 - val_loss: 0.2583
Epoch 82/200
51/51 - 9s - 185ms/step - loss: 0.2533 - val_loss: 0.2573
Epoch 83/200
51/51 - 9s - 181ms/step - loss: 0.2523 - val_loss: 0.2564
Epoch 84/200
51/51 - 9s - 184ms/step - loss: 0.2513 - val_loss: 0.2554
Epoch 85/200
51/51 - 9s - 185ms/step - loss: 0.2504 - val_loss: 0.2545
Epoch 86/200
51/51 - 9s - 183ms/step - loss: 0.2494 - val_loss: 0.2536
Epoch 87/200
51/51 - 9s - 185ms/step - loss: 0.2485 - val_loss: 0.2528
Epoch 88/200
51/51 - 9s - 184ms/step - loss: 0.2476 - val_loss: 0.2519
Epoch 89/200
51/51 - 9s - 181ms/step - loss: 0.2467 - val_loss: 0.2511
Epoch 90/200
51/51 - 9s - 182ms/step - loss: 0.2459 - val_loss: 0.2502
Epoch 91/200
51/51 - 9s - 184ms/step - loss: 0.2450 - val_loss: 0.2494
Epoch 92/200
51/51 - 9s - 186ms/step - loss: 0.2442 - val_loss: 0.2486
Epoch 93/200
51/51 - 9s - 184ms/step - loss: 0.2434 - val_loss: 0.2478
Epoch 94/200
51/51 - 9s - 184ms/step - loss: 0.2426 - val_loss: 0.2471
Epoch 95/200
51/51 - 9s - 182ms/step - loss: 0.2418 - val_loss: 0.2463
Epoch 96/200
51/51 - 9s - 179ms/step - loss: 0.2410 - val_loss: 0.2456
Epoch 97/200
51/51 - 9s - 183ms/step - loss: 0.2402 - val_loss: 0.2448
Epoch 98/200
51/51 - 9s - 185ms/step - loss: 0.2395 - val_loss: 0.2441
Epoch 99/200
51/51 - 9s - 183ms/step - loss: 0.2387 - val_loss: 0.2434
Epoch 100/200
51/51 - 9s - 183ms/step - loss: 0.2380 - val_loss: 0.2427
Epoch 101/200
51/51 - 10s - 195ms/step - loss: 0.2373 - val_loss: 0.2420
Epoch 102/200
51/51 - 10s - 187ms/step - loss: 0.2366 - val_loss: 0.2413
Epoch 103/200
51/51 - 9s - 184ms/step - loss: 0.2359 - val_loss: 0.2406
Epoch 104/200
51/51 - 9s - 185ms/step - loss: 0.2352 - val_loss: 0.2400
Epoch 105/200
51/51 - 9s - 182ms/step - loss: 0.2346 - val_loss: 0.2393
Epoch 106/200
51/51 - 9s - 184ms/step - loss: 0.2339 - val_loss: 0.2387
Epoch 107/200
51/51 - 9s - 185ms/step - loss: 0.2333 - val_loss: 0.2380
Epoch 108/200
51/51 - 9s - 182ms/step - loss: 0.2326 - val_loss: 0.2374
Epoch 109/200
51/51 - 9s - 180ms/step - loss: 0.2320 - val_loss: 0.2368
Epoch 110/200
51/51 - 9s - 179ms/step - loss: 0.2314 - val_loss: 0.2361
Epoch 111/200
51/51 - 9s - 185ms/step - loss: 0.2308 - val_loss: 0.2355
Epoch 112/200
51/51 - 9s - 184ms/step - loss: 0.2302 - val_loss: 0.2349
Epoch 113/200
51/51 - 9s - 185ms/step - loss: 0.2296 - val_loss: 0.2343
Epoch 114/200
51/51 - 9s - 184ms/step - loss: 0.2290 - val_loss: 0.2337
Epoch 115/200
51/51 - 9s - 184ms/step - loss: 0.2284 - val_loss: 0.2331
Epoch 116/200
51/51 - 10s - 187ms/step - loss: 0.2278 - val_loss: 0.2326
Epoch 117/200
51/51 - 9s - 184ms/step - loss: 0.2273 - val_loss: 0.2320
Epoch 118/200
51/51 - 9s - 185ms/step - loss: 0.2267 - val_loss: 0.2314
Epoch 119/200
51/51 - 9s - 183ms/step - loss: 0.2262 - val_loss: 0.2309
Epoch 120/200
51/51 - 9s - 180ms/step - loss: 0.2256 - val_loss: 0.2303
Epoch 121/200
51/51 - 9s - 180ms/step - loss: 0.2251 - val_loss: 0.2298
Epoch 122/200
51/51 - 9s - 183ms/step - loss: 0.2245 - val_loss: 0.2292
Epoch 123/200
51/51 - 9s - 185ms/step - loss: 0.2240 - val_loss: 0.2287
Epoch 124/200
51/51 - 9s - 184ms/step - loss: 0.2235 - val_loss: 0.2281
Epoch 125/200
51/51 - 9s - 183ms/step - loss: 0.2230 - val_loss: 0.2276
Epoch 126/200
51/51 - 9s - 184ms/step - loss: 0.2225 - val_loss: 0.2271
Epoch 127/200
51/51 - 9s - 184ms/step - loss: 0.2220 - val_loss: 0.2266
Epoch 128/200
51/51 - 9s - 184ms/step - loss: 0.2215 - val_loss: 0.2260
Epoch 129/200
51/51 - 9s - 181ms/step - loss: 0.2210 - val_loss: 0.2255
Epoch 130/200
51/51 - 9s - 181ms/step - loss: 0.2205 - val_loss: 0.2250
Epoch 131/200
51/51 - 9s - 181ms/step - loss: 0.2200 - val_loss: 0.2245
Epoch 132/200
51/51 - 9s - 179ms/step - loss: 0.2196 - val_loss: 0.2240
Epoch 133/200
51/51 - 9s - 181ms/step - loss: 0.2191 - val_loss: 0.2235
Epoch 134/200
51/51 - 9s - 183ms/step - loss: 0.2186 - val_loss: 0.2231
Epoch 135/200
51/51 - 9s - 184ms/step - loss: 0.2182 - val_loss: 0.2226
Epoch 136/200
51/51 - 9s - 184ms/step - loss: 0.2177 - val_loss: 0.2221
Epoch 137/200
51/51 - 9s - 184ms/step - loss: 0.2173 - val_loss: 0.2216
Epoch 138/200
51/51 - 9s - 184ms/step - loss: 0.2168 - val_loss: 0.2212
Epoch 139/200
51/51 - 9s - 184ms/step - loss: 0.2164 - val_loss: 0.2207
Epoch 140/200
51/51 - 9s - 183ms/step - loss: 0.2159 - val_loss: 0.2202
Epoch 141/200
51/51 - 9s - 178ms/step - loss: 0.2155 - val_loss: 0.2198
Epoch 142/200
51/51 - 9s - 182ms/step - loss: 0.2151 - val_loss: 0.2193
Epoch 143/200
51/51 - 9s - 184ms/step - loss: 0.2146 - val_loss: 0.2189
Epoch 144/200
51/51 - 9s - 182ms/step - loss: 0.2142 - val_loss: 0.2184
Epoch 145/200
51/51 - 9s - 179ms/step - loss: 0.2138 - val_loss: 0.2180
Epoch 146/200
51/51 - 9s - 184ms/step - loss: 0.2134 - val_loss: 0.2176
Epoch 147/200
51/51 - 9s - 183ms/step - loss: 0.2130 - val_loss: 0.2172
Epoch 148/200
51/51 - 9s - 185ms/step - loss: 0.2126 - val_loss: 0.2167
Epoch 149/200
51/51 - 9s - 183ms/step - loss: 0.2122 - val_loss: 0.2163
Epoch 150/200
51/51 - 9s - 185ms/step - loss: 0.2118 - val_loss: 0.2159
Epoch 151/200
51/51 - 9s - 184ms/step - loss: 0.2114 - val_loss: 0.2155
Epoch 152/200
51/51 - 9s - 179ms/step - loss: 0.2110 - val_loss: 0.2151
Epoch 153/200
51/51 - 9s - 184ms/step - loss: 0.2106 - val_loss: 0.2147
Epoch 154/200
51/51 - 9s - 182ms/step - loss: 0.2102 - val_loss: 0.2143
Epoch 155/200
51/51 - 9s - 184ms/step - loss: 0.2099 - val_loss: 0.2139
Epoch 156/200
51/51 - 9s - 183ms/step - loss: 0.2095 - val_loss: 0.2135
Epoch 157/200
51/51 - 9s - 181ms/step - loss: 0.2091 - val_loss: 0.2131
Epoch 158/200
51/51 - 9s - 186ms/step - loss: 0.2087 - val_loss: 0.2127
Epoch 159/200
51/51 - 9s - 184ms/step - loss: 0.2084 - val_loss: 0.2124
Epoch 160/200
51/51 - 9s - 183ms/step - loss: 0.2080 - val_loss: 0.2120
Epoch 161/200
51/51 - 9s - 185ms/step - loss: 0.2077 - val_loss: 0.2116
Epoch 162/200
51/51 - 9s - 183ms/step - loss: 0.2073 - val_loss: 0.2112
Epoch 163/200
51/51 - 9s - 180ms/step - loss: 0.2070 - val_loss: 0.2109
Epoch 164/200
51/51 - 9s - 184ms/step - loss: 0.2066 - val_loss: 0.2105
Epoch 165/200
51/51 - 9s - 183ms/step - loss: 0.2063 - val_loss: 0.2102
Epoch 166/200
51/51 - 9s - 184ms/step - loss: 0.2059 - val_loss: 0.2098
Epoch 167/200
51/51 - 9s - 183ms/step - loss: 0.2056 - val_loss: 0.2095
Epoch 168/200
51/51 - 9s - 180ms/step - loss: 0.2052 - val_loss: 0.2091
Epoch 169/200
51/51 - 9s - 180ms/step - loss: 0.2049 - val_loss: 0.2088
Epoch 170/200
51/51 - 9s - 184ms/step - loss: 0.2046 - val_loss: 0.2085
Epoch 171/200
51/51 - 10s - 188ms/step - loss: 0.2043 - val_loss: 0.2081
Epoch 172/200
51/51 - 10s - 191ms/step - loss: 0.2039 - val_loss: 0.2078
Epoch 173/200
51/51 - 9s - 183ms/step - loss: 0.2036 - val_loss: 0.2075
Epoch 174/200
51/51 - 9s - 176ms/step - loss: 0.2033 - val_loss: 0.2072
Epoch 175/200
51/51 - 9s - 179ms/step - loss: 0.2030 - val_loss: 0.2069
Epoch 176/200
51/51 - 9s - 179ms/step - loss: 0.2027 - val_loss: 0.2066
Epoch 177/200
51/51 - 9s - 179ms/step - loss: 0.2024 - val_loss: 0.2063
Epoch 178/200
51/51 - 9s - 178ms/step - loss: 0.2021 - val_loss: 0.2060
Epoch 179/200
51/51 - 9s - 179ms/step - loss: 0.2018 - val_loss: 0.2057
Epoch 180/200
51/51 - 9s - 179ms/step - loss: 0.2015 - val_loss: 0.2054
Epoch 181/200
51/51 - 9s - 179ms/step - loss: 0.2012 - val_loss: 0.2051
Epoch 182/200
51/51 - 9s - 179ms/step - loss: 0.2009 - val_loss: 0.2048
Epoch 183/200
51/51 - 9s - 180ms/step - loss: 0.2006 - val_loss: 0.2045
Epoch 184/200
51/51 - 9s - 180ms/step - loss: 0.2003 - val_loss: 0.2042
Epoch 185/200
51/51 - 9s - 179ms/step - loss: 0.2001 - val_loss: 0.2039
Epoch 186/200
51/51 - 9s - 179ms/step - loss: 0.1998 - val_loss: 0.2037
Epoch 187/200
51/51 - 10s - 187ms/step - loss: 0.1995 - val_loss: 0.2034
Epoch 188/200
51/51 - 10s - 199ms/step - loss: 0.1992 - val_loss: 0.2031
Epoch 189/200
51/51 - 10s - 197ms/step - loss: 0.1990 - val_loss: 0.2028
Epoch 190/200
51/51 - 10s - 200ms/step - loss: 0.1987 - val_loss: 0.2026
Epoch 191/200
51/51 - 11s - 210ms/step - loss: 0.1984 - val_loss: 0.2023
Epoch 192/200
51/51 - 10s - 204ms/step - loss: 0.1982 - val_loss: 0.2021
Epoch 193/200
51/51 - 10s - 195ms/step - loss: 0.1979 - val_loss: 0.2018
Epoch 194/200
51/51 - 10s - 197ms/step - loss: 0.1976 - val_loss: 0.2016
Epoch 195/200
51/51 - 10s - 197ms/step - loss: 0.1974 - val_loss: 0.2013
Epoch 196/200
51/51 - 10s - 198ms/step - loss: 0.1971 - val_loss: 0.2011
Epoch 197/200
51/51 - 9s - 182ms/step - loss: 0.1969 - val_loss: 0.2008
Epoch 198/200
51/51 - 10s - 193ms/step - loss: 0.1966 - val_loss: 0.2006
Epoch 199/200
51/51 - 10s - 195ms/step - loss: 0.1964 - val_loss: 0.2003
Epoch 200/200
51/51 - 9s - 186ms/step - loss: 0.1962 - val_loss: 0.2001
[Run 2/5] Training single encoder baseline (baseline preprocessing, linear structure, sigmoid head)...
[Run 2/5] Shared encoder (unweight) threshold comparison: dynamic=0.4091 (balanced_accuracy=0.9183), fixed_0.5=0.5000 (balanced_accuracy=0.9183).
[Run 2/5] Shared encoder (weighted) threshold comparison: dynamic=0.6053 (balanced_accuracy=0.9118), fixed_0.5=0.5000 (balanced_accuracy=0.9071).
[Run 2/5] Saved raw test predictions to /home/xx4455/Comparable/Code/Synthetic/Results/Predictions/heart_age_28944_all_run2_raw_predictions.csv.
[Run 3/5] Training shared encoder (unweighted, sigmoid head, baseline preprocessing)...
Epoch 1/200
51/51 - 11s - 221ms/step - loss: 0.9508 - val_loss: 0.9152
Epoch 2/200
51/51 - 9s - 180ms/step - loss: 0.8801 - val_loss: 0.8484
Epoch 3/200
51/51 - 9s - 173ms/step - loss: 0.8172 - val_loss: 0.7898
Epoch 4/200
51/51 - 9s - 181ms/step - loss: 0.7620 - val_loss: 0.7388
Epoch 5/200
51/51 - 9s - 178ms/step - loss: 0.7137 - val_loss: 0.6941
Epoch 6/200
51/51 - 9s - 174ms/step - loss: 0.6714 - val_loss: 0.6550
Epoch 7/200
51/51 - 9s - 180ms/step - loss: 0.6345 - val_loss: 0.6211
Epoch 8/200
51/51 - 10s - 194ms/step - loss: 0.6026 - val_loss: 0.5920
Epoch 9/200
51/51 - 9s - 184ms/step - loss: 0.5754 - val_loss: 0.5672
Epoch 10/200
51/51 - 9s - 180ms/step - loss: 0.5524 - val_loss: 0.5463
Epoch 11/200
51/51 - 9s - 181ms/step - loss: 0.5330 - val_loss: 0.5285
Epoch 12/200
51/51 - 9s - 181ms/step - loss: 0.5165 - val_loss: 0.5134
Epoch 13/200
51/51 - 9s - 177ms/step - loss: 0.5024 - val_loss: 0.5003
Epoch 14/200
51/51 - 9s - 180ms/step - loss: 0.4903 - val_loss: 0.4891
Epoch 15/200
51/51 - 9s - 177ms/step - loss: 0.4797 - val_loss: 0.4792
Epoch 16/200
51/51 - 9s - 181ms/step - loss: 0.4705 - val_loss: 0.4705
Epoch 17/200
51/51 - 9s - 181ms/step - loss: 0.4624 - val_loss: 0.4628
Epoch 18/200
51/51 - 9s - 177ms/step - loss: 0.4551 - val_loss: 0.4560
Epoch 19/200
51/51 - 9s - 179ms/step - loss: 0.4486 - val_loss: 0.4498
Epoch 20/200
51/51 - 9s - 175ms/step - loss: 0.4426 - val_loss: 0.4441
Epoch 21/200
51/51 - 9s - 181ms/step - loss: 0.4372 - val_loss: 0.4389
Epoch 22/200
51/51 - 9s - 181ms/step - loss: 0.4323 - val_loss: 0.4341
Epoch 23/200
51/51 - 9s - 179ms/step - loss: 0.4277 - val_loss: 0.4297
Epoch 24/200
51/51 - 9s - 182ms/step - loss: 0.4234 - val_loss: 0.4255
Epoch 25/200
51/51 - 9s - 180ms/step - loss: 0.4194 - val_loss: 0.4216
Epoch 26/200
51/51 - 9s - 178ms/step - loss: 0.4156 - val_loss: 0.4179
Epoch 27/200
51/51 - 9s - 180ms/step - loss: 0.4120 - val_loss: 0.4144
Epoch 28/200
51/51 - 9s - 181ms/step - loss: 0.4086 - val_loss: 0.4111
Epoch 29/200
51/51 - 10s - 203ms/step - loss: 0.4054 - val_loss: 0.4079
Epoch 30/200
51/51 - 9s - 178ms/step - loss: 0.4023 - val_loss: 0.4048
Epoch 31/200
51/51 - 9s - 180ms/step - loss: 0.3993 - val_loss: 0.4018
Epoch 32/200
51/51 - 9s - 180ms/step - loss: 0.3964 - val_loss: 0.3990
Epoch 33/200
51/51 - 9s - 180ms/step - loss: 0.3937 - val_loss: 0.3962
Epoch 34/200
51/51 - 9s - 182ms/step - loss: 0.3910 - val_loss: 0.3935
Epoch 35/200
51/51 - 9s - 174ms/step - loss: 0.3884 - val_loss: 0.3909
Epoch 36/200
51/51 - 9s - 180ms/step - loss: 0.3859 - val_loss: 0.3884
Epoch 37/200
51/51 - 9s - 177ms/step - loss: 0.3835 - val_loss: 0.3860
Epoch 38/200
51/51 - 9s - 177ms/step - loss: 0.3812 - val_loss: 0.3836
Epoch 39/200
51/51 - 9s - 176ms/step - loss: 0.3789 - val_loss: 0.3813
Epoch 40/200
51/51 - 9s - 180ms/step - loss: 0.3766 - val_loss: 0.3790
Epoch 41/200
51/51 - 9s - 179ms/step - loss: 0.3745 - val_loss: 0.3768
Epoch 42/200
51/51 - 9s - 176ms/step - loss: 0.3724 - val_loss: 0.3746
Epoch 43/200
51/51 - 9s - 173ms/step - loss: 0.3703 - val_loss: 0.3725
Epoch 44/200
51/51 - 9s - 176ms/step - loss: 0.3683 - val_loss: 0.3705
Epoch 45/200
51/51 - 9s - 181ms/step - loss: 0.3663 - val_loss: 0.3685
Epoch 46/200
51/51 - 9s - 178ms/step - loss: 0.3644 - val_loss: 0.3665
Epoch 47/200
51/51 - 9s - 177ms/step - loss: 0.3625 - val_loss: 0.3646
Epoch 48/200
51/51 - 9s - 179ms/step - loss: 0.3607 - val_loss: 0.3627
Epoch 49/200
51/51 - 9s - 178ms/step - loss: 0.3588 - val_loss: 0.3609
Epoch 50/200
51/51 - 9s - 176ms/step - loss: 0.3571 - val_loss: 0.3591
Epoch 51/200
51/51 - 9s - 178ms/step - loss: 0.3554 - val_loss: 0.3573
Epoch 52/200
51/51 - 9s - 177ms/step - loss: 0.3537 - val_loss: 0.3556
Epoch 53/200
51/51 - 9s - 175ms/step - loss: 0.3520 - val_loss: 0.3539
Epoch 54/200
51/51 - 9s - 178ms/step - loss: 0.3504 - val_loss: 0.3523
Epoch 55/200
51/51 - 9s - 176ms/step - loss: 0.3488 - val_loss: 0.3507
Epoch 56/200
51/51 - 9s - 177ms/step - loss: 0.3473 - val_loss: 0.3491
Epoch 57/200
51/51 - 9s - 179ms/step - loss: 0.3458 - val_loss: 0.3476
Epoch 58/200
51/51 - 9s - 180ms/step - loss: 0.3443 - val_loss: 0.3461
Epoch 59/200
51/51 - 9s - 176ms/step - loss: 0.3428 - val_loss: 0.3446
Epoch 60/200
51/51 - 9s - 174ms/step - loss: 0.3414 - val_loss: 0.3432
Epoch 61/200
51/51 - 9s - 176ms/step - loss: 0.3400 - val_loss: 0.3418
Epoch 62/200
51/51 - 9s - 179ms/step - loss: 0.3386 - val_loss: 0.3404
Epoch 63/200
51/51 - 9s - 177ms/step - loss: 0.3373 - val_loss: 0.3391
Epoch 64/200
51/51 - 9s - 178ms/step - loss: 0.3360 - val_loss: 0.3378
Epoch 65/200
51/51 - 9s - 179ms/step - loss: 0.3347 - val_loss: 0.3365
Epoch 66/200
51/51 - 9s - 178ms/step - loss: 0.3334 - val_loss: 0.3352
Epoch 67/200
51/51 - 9s - 174ms/step - loss: 0.3321 - val_loss: 0.3339
Epoch 68/200
51/51 - 9s - 175ms/step - loss: 0.3309 - val_loss: 0.3327
Epoch 69/200
51/51 - 9s - 177ms/step - loss: 0.3297 - val_loss: 0.3315
Epoch 70/200
51/51 - 9s - 172ms/step - loss: 0.3285 - val_loss: 0.3304
Epoch 71/200
51/51 - 9s - 180ms/step - loss: 0.3273 - val_loss: 0.3292
Epoch 72/200
51/51 - 9s - 177ms/step - loss: 0.3262 - val_loss: 0.3281
Epoch 73/200
51/51 - 9s - 173ms/step - loss: 0.3250 - val_loss: 0.3269
Epoch 74/200
51/51 - 9s - 177ms/step - loss: 0.3239 - val_loss: 0.3259
Epoch 75/200
51/51 - 9s - 179ms/step - loss: 0.3228 - val_loss: 0.3248
Epoch 76/200
51/51 - 9s - 179ms/step - loss: 0.3217 - val_loss: 0.3237
Epoch 77/200
51/51 - 9s - 176ms/step - loss: 0.3207 - val_loss: 0.3227
Epoch 78/200
51/51 - 9s - 179ms/step - loss: 0.3196 - val_loss: 0.3217
Epoch 79/200
51/51 - 9s - 177ms/step - loss: 0.3186 - val_loss: 0.3207
Epoch 80/200
51/51 - 9s - 175ms/step - loss: 0.3176 - val_loss: 0.3197
Epoch 81/200
51/51 - 9s - 173ms/step - loss: 0.3166 - val_loss: 0.3187
Epoch 82/200
51/51 - 9s - 177ms/step - loss: 0.3156 - val_loss: 0.3177
Epoch 83/200
51/51 - 9s - 179ms/step - loss: 0.3146 - val_loss: 0.3168
Epoch 84/200
51/51 - 9s - 178ms/step - loss: 0.3137 - val_loss: 0.3159
Epoch 85/200
51/51 - 9s - 178ms/step - loss: 0.3127 - val_loss: 0.3149
Epoch 86/200
51/51 - 9s - 178ms/step - loss: 0.3118 - val_loss: 0.3140
Epoch 87/200
51/51 - 9s - 180ms/step - loss: 0.3109 - val_loss: 0.3132
Epoch 88/200
51/51 - 9s - 179ms/step - loss: 0.3100 - val_loss: 0.3123
Epoch 89/200
51/51 - 9s - 178ms/step - loss: 0.3091 - val_loss: 0.3114
Epoch 90/200
51/51 - 9s - 175ms/step - loss: 0.3082 - val_loss: 0.3106
Epoch 91/200
51/51 - 9s - 179ms/step - loss: 0.3074 - val_loss: 0.3098
Epoch 92/200
51/51 - 9s - 180ms/step - loss: 0.3065 - val_loss: 0.3089
Epoch 93/200
51/51 - 9s - 181ms/step - loss: 0.3057 - val_loss: 0.3081
Epoch 94/200
51/51 - 9s - 179ms/step - loss: 0.3049 - val_loss: 0.3073
Epoch 95/200
51/51 - 9s - 180ms/step - loss: 0.3040 - val_loss: 0.3066
Epoch 96/200
51/51 - 9s - 180ms/step - loss: 0.3032 - val_loss: 0.3058
Epoch 97/200
51/51 - 9s - 177ms/step - loss: 0.3025 - val_loss: 0.3050
Epoch 98/200
51/51 - 9s - 174ms/step - loss: 0.3017 - val_loss: 0.3043
Epoch 99/200
51/51 - 9s - 176ms/step - loss: 0.3009 - val_loss: 0.3035
Epoch 100/200
51/51 - 9s - 177ms/step - loss: 0.3001 - val_loss: 0.3028
Epoch 101/200
51/51 - 9s - 178ms/step - loss: 0.2994 - val_loss: 0.3021
Epoch 102/200
51/51 - 9s - 177ms/step - loss: 0.2987 - val_loss: 0.3014
Epoch 103/200
51/51 - 9s - 177ms/step - loss: 0.2979 - val_loss: 0.3007
Epoch 104/200
51/51 - 9s - 180ms/step - loss: 0.2972 - val_loss: 0.3000
Epoch 105/200
51/51 - 9s - 173ms/step - loss: 0.2965 - val_loss: 0.2993
Epoch 106/200
51/51 - 9s - 174ms/step - loss: 0.2958 - val_loss: 0.2986
Epoch 107/200
51/51 - 9s - 179ms/step - loss: 0.2951 - val_loss: 0.2980
Epoch 108/200
51/51 - 9s - 178ms/step - loss: 0.2944 - val_loss: 0.2973
Epoch 109/200
51/51 - 9s - 179ms/step - loss: 0.2938 - val_loss: 0.2967
Epoch 110/200
51/51 - 9s - 175ms/step - loss: 0.2931 - val_loss: 0.2961
Epoch 111/200
51/51 - 9s - 177ms/step - loss: 0.2925 - val_loss: 0.2954
Epoch 112/200
51/51 - 9s - 176ms/step - loss: 0.2918 - val_loss: 0.2948
Epoch 113/200
51/51 - 9s - 176ms/step - loss: 0.2912 - val_loss: 0.2942
Epoch 114/200
51/51 - 9s - 179ms/step - loss: 0.2906 - val_loss: 0.2936
Epoch 115/200
51/51 - 9s - 178ms/step - loss: 0.2900 - val_loss: 0.2930
Epoch 116/200
51/51 - 9s - 177ms/step - loss: 0.2893 - val_loss: 0.2924
Epoch 117/200
51/51 - 9s - 176ms/step - loss: 0.2887 - val_loss: 0.2919
Epoch 118/200
51/51 - 9s - 174ms/step - loss: 0.2882 - val_loss: 0.2913
Epoch 119/200
51/51 - 9s - 174ms/step - loss: 0.2876 - val_loss: 0.2907
Epoch 120/200
51/51 - 9s - 179ms/step - loss: 0.2870 - val_loss: 0.2902
Epoch 121/200
51/51 - 9s - 177ms/step - loss: 0.2864 - val_loss: 0.2897
Epoch 122/200
51/51 - 9s - 179ms/step - loss: 0.2859 - val_loss: 0.2891
Epoch 123/200
51/51 - 9s - 180ms/step - loss: 0.2853 - val_loss: 0.2886
Epoch 124/200
51/51 - 9s - 179ms/step - loss: 0.2848 - val_loss: 0.2881
Epoch 125/200
51/51 - 9s - 181ms/step - loss: 0.2842 - val_loss: 0.2876
Epoch 126/200
51/51 - 9s - 178ms/step - loss: 0.2837 - val_loss: 0.2870
Epoch 127/200
51/51 - 9s - 174ms/step - loss: 0.2832 - val_loss: 0.2865
Epoch 128/200
51/51 - 9s - 180ms/step - loss: 0.2826 - val_loss: 0.2860
Epoch 129/200
51/51 - 9s - 177ms/step - loss: 0.2821 - val_loss: 0.2856
Epoch 130/200
51/51 - 9s - 177ms/step - loss: 0.2816 - val_loss: 0.2851
Epoch 131/200
51/51 - 9s - 178ms/step - loss: 0.2811 - val_loss: 0.2846
Epoch 132/200
51/51 - 9s - 176ms/step - loss: 0.2806 - val_loss: 0.2841
Epoch 133/200
51/51 - 9s - 175ms/step - loss: 0.2802 - val_loss: 0.2837
Epoch 134/200
51/51 - 9s - 179ms/step - loss: 0.2797 - val_loss: 0.2832
Epoch 135/200
51/51 - 9s - 180ms/step - loss: 0.2792 - val_loss: 0.2828
Epoch 136/200
51/51 - 9s - 177ms/step - loss: 0.2787 - val_loss: 0.2823
Epoch 137/200
51/51 - 9s - 179ms/step - loss: 0.2783 - val_loss: 0.2819
Epoch 138/200
51/51 - 9s - 179ms/step - loss: 0.2778 - val_loss: 0.2814
Epoch 139/200
51/51 - 9s - 175ms/step - loss: 0.2774 - val_loss: 0.2810
Epoch 140/200
51/51 - 9s - 178ms/step - loss: 0.2769 - val_loss: 0.2806
Epoch 141/200
51/51 - 9s - 180ms/step - loss: 0.2765 - val_loss: 0.2802
Epoch 142/200
51/51 - 9s - 174ms/step - loss: 0.2761 - val_loss: 0.2798
Epoch 143/200
51/51 - 9s - 173ms/step - loss: 0.2756 - val_loss: 0.2793
Epoch 144/200
51/51 - 9s - 179ms/step - loss: 0.2752 - val_loss: 0.2789
Epoch 145/200
51/51 - 9s - 177ms/step - loss: 0.2748 - val_loss: 0.2785
Epoch 146/200
51/51 - 9s - 176ms/step - loss: 0.2744 - val_loss: 0.2782
Epoch 147/200
51/51 - 9s - 175ms/step - loss: 0.2740 - val_loss: 0.2778
Epoch 148/200
51/51 - 9s - 176ms/step - loss: 0.2736 - val_loss: 0.2774
Epoch 149/200
51/51 - 9s - 178ms/step - loss: 0.2732 - val_loss: 0.2770
Epoch 150/200
51/51 - 9s - 178ms/step - loss: 0.2728 - val_loss: 0.2766
Epoch 151/200
51/51 - 9s - 178ms/step - loss: 0.2724 - val_loss: 0.2763
Epoch 152/200
51/51 - 9s - 179ms/step - loss: 0.2720 - val_loss: 0.2759
Epoch 153/200
51/51 - 9s - 183ms/step - loss: 0.2716 - val_loss: 0.2755
Epoch 154/200
51/51 - 9s - 178ms/step - loss: 0.2713 - val_loss: 0.2752
Epoch 155/200
51/51 - 9s - 174ms/step - loss: 0.2709 - val_loss: 0.2748
Epoch 156/200
51/51 - 9s - 175ms/step - loss: 0.2705 - val_loss: 0.2745
Epoch 157/200
51/51 - 9s - 180ms/step - loss: 0.2702 - val_loss: 0.2741
Epoch 158/200
51/51 - 9s - 178ms/step - loss: 0.2698 - val_loss: 0.2738
Epoch 159/200
51/51 - 9s - 177ms/step - loss: 0.2695 - val_loss: 0.2735
Epoch 160/200
51/51 - 9s - 182ms/step - loss: 0.2691 - val_loss: 0.2731
Epoch 161/200
51/51 - 10s - 188ms/step - loss: 0.2688 - val_loss: 0.2728
Epoch 162/200
51/51 - 9s - 179ms/step - loss: 0.2685 - val_loss: 0.2725
Epoch 163/200
51/51 - 9s - 178ms/step - loss: 0.2681 - val_loss: 0.2722
Epoch 164/200
51/51 - 9s - 175ms/step - loss: 0.2678 - val_loss: 0.2719
Epoch 165/200
51/51 - 9s - 175ms/step - loss: 0.2675 - val_loss: 0.2716
Epoch 166/200
51/51 - 9s - 177ms/step - loss: 0.2671 - val_loss: 0.2713
Epoch 167/200
51/51 - 9s - 175ms/step - loss: 0.2668 - val_loss: 0.2710
Epoch 168/200
51/51 - 9s - 177ms/step - loss: 0.2665 - val_loss: 0.2707
Epoch 169/200
51/51 - 9s - 177ms/step - loss: 0.2662 - val_loss: 0.2704
Epoch 170/200
51/51 - 9s - 179ms/step - loss: 0.2659 - val_loss: 0.2701
Epoch 171/200
51/51 - 9s - 178ms/step - loss: 0.2656 - val_loss: 0.2698
Epoch 172/200
51/51 - 9s - 177ms/step - loss: 0.2653 - val_loss: 0.2695
Epoch 173/200
51/51 - 9s - 179ms/step - loss: 0.2650 - val_loss: 0.2692
Epoch 174/200
51/51 - 9s - 179ms/step - loss: 0.2647 - val_loss: 0.2689
Epoch 175/200
51/51 - 9s - 177ms/step - loss: 0.2644 - val_loss: 0.2687
Epoch 176/200
51/51 - 9s - 179ms/step - loss: 0.2641 - val_loss: 0.2684
Epoch 177/200
51/51 - 9s - 180ms/step - loss: 0.2639 - val_loss: 0.2681
Epoch 178/200
51/51 - 9s - 182ms/step - loss: 0.2636 - val_loss: 0.2679
Epoch 179/200
51/51 - 9s - 173ms/step - loss: 0.2633 - val_loss: 0.2676
Epoch 180/200
51/51 - 9s - 174ms/step - loss: 0.2630 - val_loss: 0.2673
Epoch 181/200
51/51 - 9s - 175ms/step - loss: 0.2628 - val_loss: 0.2671
Epoch 182/200
51/51 - 9s - 176ms/step - loss: 0.2625 - val_loss: 0.2668
Epoch 183/200
51/51 - 9s - 176ms/step - loss: 0.2622 - val_loss: 0.2666
Epoch 184/200
51/51 - 9s - 178ms/step - loss: 0.2620 - val_loss: 0.2663
Epoch 185/200
51/51 - 9s - 176ms/step - loss: 0.2617 - val_loss: 0.2661
Epoch 186/200
51/51 - 9s - 177ms/step - loss: 0.2615 - val_loss: 0.2659
Epoch 187/200
51/51 - 9s - 178ms/step - loss: 0.2612 - val_loss: 0.2656
Epoch 188/200
51/51 - 9s - 179ms/step - loss: 0.2610 - val_loss: 0.2654
Epoch 189/200
51/51 - 9s - 178ms/step - loss: 0.2607 - val_loss: 0.2651
Epoch 190/200
51/51 - 9s - 178ms/step - loss: 0.2605 - val_loss: 0.2649
Epoch 191/200
51/51 - 9s - 178ms/step - loss: 0.2603 - val_loss: 0.2647
Epoch 192/200
51/51 - 9s - 173ms/step - loss: 0.2600 - val_loss: 0.2645
Epoch 193/200
51/51 - 9s - 176ms/step - loss: 0.2598 - val_loss: 0.2642
Epoch 194/200
51/51 - 9s - 178ms/step - loss: 0.2595 - val_loss: 0.2640
Epoch 195/200
51/51 - 9s - 179ms/step - loss: 0.2593 - val_loss: 0.2638
Epoch 196/200
51/51 - 9s - 178ms/step - loss: 0.2591 - val_loss: 0.2636
Epoch 197/200
51/51 - 9s - 180ms/step - loss: 0.2589 - val_loss: 0.2634
Epoch 198/200
51/51 - 9s - 177ms/step - loss: 0.2586 - val_loss: 0.2632
Epoch 199/200
51/51 - 9s - 177ms/step - loss: 0.2584 - val_loss: 0.2630
Epoch 200/200
51/51 - 9s - 174ms/step - loss: 0.2582 - val_loss: 0.2628
[Run 3/5] Training shared encoder (weighted, sigmoid head, baseline preprocessing)...
Epoch 1/200
51/51 - 13s - 247ms/step - loss: 0.9105 - val_loss: 0.8758
Epoch 2/200
51/51 - 9s - 185ms/step - loss: 0.8427 - val_loss: 0.8101
Epoch 3/200
51/51 - 9s - 178ms/step - loss: 0.7797 - val_loss: 0.7513
Epoch 4/200
51/51 - 9s - 186ms/step - loss: 0.7250 - val_loss: 0.7019
Epoch 5/200
51/51 - 10s - 188ms/step - loss: 0.6799 - val_loss: 0.6620
Epoch 6/200
51/51 - 9s - 185ms/step - loss: 0.6434 - val_loss: 0.6299
Epoch 7/200
51/51 - 9s - 184ms/step - loss: 0.6138 - val_loss: 0.6038
Epoch 8/200
51/51 - 10s - 188ms/step - loss: 0.5895 - val_loss: 0.5823
Epoch 9/200
51/51 - 9s - 184ms/step - loss: 0.5692 - val_loss: 0.5642
Epoch 10/200
51/51 - 9s - 184ms/step - loss: 0.5521 - val_loss: 0.5489
Epoch 11/200
51/51 - 9s - 185ms/step - loss: 0.5374 - val_loss: 0.5356
Epoch 12/200
51/51 - 9s - 186ms/step - loss: 0.5247 - val_loss: 0.5240
Epoch 13/200
51/51 - 10s - 186ms/step - loss: 0.5136 - val_loss: 0.5137
Epoch 14/200
51/51 - 9s - 183ms/step - loss: 0.5037 - val_loss: 0.5046
Epoch 15/200
51/51 - 9s - 179ms/step - loss: 0.4949 - val_loss: 0.4963
Epoch 16/200
51/51 - 9s - 179ms/step - loss: 0.4870 - val_loss: 0.4888
Epoch 17/200
51/51 - 9s - 179ms/step - loss: 0.4798 - val_loss: 0.4819
Epoch 18/200
51/51 - 10s - 188ms/step - loss: 0.4732 - val_loss: 0.4756
Epoch 19/200
51/51 - 10s - 192ms/step - loss: 0.4672 - val_loss: 0.4697
Epoch 20/200
51/51 - 9s - 183ms/step - loss: 0.4616 - val_loss: 0.4642
Epoch 21/200
51/51 - 9s - 184ms/step - loss: 0.4564 - val_loss: 0.4590
Epoch 22/200
51/51 - 10s - 188ms/step - loss: 0.4516 - val_loss: 0.4542
Epoch 23/200
51/51 - 9s - 184ms/step - loss: 0.4470 - val_loss: 0.4496
Epoch 24/200
51/51 - 9s - 183ms/step - loss: 0.4428 - val_loss: 0.4453
Epoch 25/200
51/51 - 9s - 186ms/step - loss: 0.4388 - val_loss: 0.4412
Epoch 26/200
51/51 - 9s - 182ms/step - loss: 0.4350 - val_loss: 0.4373
Epoch 27/200
51/51 - 9s - 182ms/step - loss: 0.4314 - val_loss: 0.4336
Epoch 28/200
51/51 - 9s - 179ms/step - loss: 0.4280 - val_loss: 0.4300
Epoch 29/200
51/51 - 9s - 184ms/step - loss: 0.4248 - val_loss: 0.4266
Epoch 30/200
51/51 - 9s - 181ms/step - loss: 0.4217 - val_loss: 0.4234
Epoch 31/200
51/51 - 9s - 185ms/step - loss: 0.4187 - val_loss: 0.4203
Epoch 32/200
51/51 - 9s - 185ms/step - loss: 0.4159 - val_loss: 0.4173
Epoch 33/200
51/51 - 9s - 183ms/step - loss: 0.4131 - val_loss: 0.4144
Epoch 34/200
51/51 - 9s - 180ms/step - loss: 0.4105 - val_loss: 0.4116
Epoch 35/200
51/51 - 9s - 186ms/step - loss: 0.4080 - val_loss: 0.4089
Epoch 36/200
51/51 - 9s - 183ms/step - loss: 0.4055 - val_loss: 0.4063
Epoch 37/200
51/51 - 9s - 183ms/step - loss: 0.4031 - val_loss: 0.4037
Epoch 38/200
51/51 - 9s - 184ms/step - loss: 0.4008 - val_loss: 0.4012
Epoch 39/200
51/51 - 9s - 182ms/step - loss: 0.3985 - val_loss: 0.3987
Epoch 40/200
51/51 - 9s - 184ms/step - loss: 0.3962 - val_loss: 0.3963
Epoch 41/200
51/51 - 9s - 182ms/step - loss: 0.3939 - val_loss: 0.3938
Epoch 42/200
51/51 - 9s - 185ms/step - loss: 0.3917 - val_loss: 0.3914
Epoch 43/200
51/51 - 9s - 184ms/step - loss: 0.3894 - val_loss: 0.3891
Epoch 44/200
51/51 - 9s - 182ms/step - loss: 0.3871 - val_loss: 0.3867
Epoch 45/200
51/51 - 9s - 184ms/step - loss: 0.3849 - val_loss: 0.3843
Epoch 46/200
51/51 - 9s - 185ms/step - loss: 0.3826 - val_loss: 0.3819
Epoch 47/200
51/51 - 10s - 187ms/step - loss: 0.3804 - val_loss: 0.3796
Epoch 48/200
51/51 - 9s - 183ms/step - loss: 0.3781 - val_loss: 0.3773
Epoch 49/200
51/51 - 9s - 178ms/step - loss: 0.3759 - val_loss: 0.3750
Epoch 50/200
51/51 - 9s - 184ms/step - loss: 0.3738 - val_loss: 0.3727
Epoch 51/200
51/51 - 9s - 178ms/step - loss: 0.3716 - val_loss: 0.3705
Epoch 52/200
51/51 - 9s - 180ms/step - loss: 0.3695 - val_loss: 0.3683
Epoch 53/200
51/51 - 9s - 182ms/step - loss: 0.3675 - val_loss: 0.3662
Epoch 54/200
51/51 - 9s - 183ms/step - loss: 0.3655 - val_loss: 0.3641
Epoch 55/200
51/51 - 9s - 183ms/step - loss: 0.3635 - val_loss: 0.3620
Epoch 56/200
51/51 - 9s - 182ms/step - loss: 0.3616 - val_loss: 0.3601
Epoch 57/200
51/51 - 9s - 184ms/step - loss: 0.3598 - val_loss: 0.3581
Epoch 58/200
51/51 - 9s - 183ms/step - loss: 0.3580 - val_loss: 0.3562
Epoch 59/200
51/51 - 9s - 184ms/step - loss: 0.3562 - val_loss: 0.3544
Epoch 60/200
51/51 - 9s - 184ms/step - loss: 0.3545 - val_loss: 0.3526
Epoch 61/200
51/51 - 9s - 183ms/step - loss: 0.3528 - val_loss: 0.3508
Epoch 62/200
51/51 - 9s - 183ms/step - loss: 0.3511 - val_loss: 0.3491
Epoch 63/200
51/51 - 9s - 180ms/step - loss: 0.3495 - val_loss: 0.3475
Epoch 64/200
51/51 - 9s - 178ms/step - loss: 0.3480 - val_loss: 0.3458
Epoch 65/200
51/51 - 9s - 184ms/step - loss: 0.3464 - val_loss: 0.3442
Epoch 66/200
51/51 - 9s - 185ms/step - loss: 0.3449 - val_loss: 0.3427
Epoch 67/200
51/51 - 9s - 183ms/step - loss: 0.3435 - val_loss: 0.3412
Epoch 68/200
51/51 - 9s - 180ms/step - loss: 0.3420 - val_loss: 0.3397
Epoch 69/200
51/51 - 9s - 184ms/step - loss: 0.3406 - val_loss: 0.3382
Epoch 70/200
51/51 - 9s - 182ms/step - loss: 0.3393 - val_loss: 0.3368
Epoch 71/200
51/51 - 9s - 183ms/step - loss: 0.3379 - val_loss: 0.3354
Epoch 72/200
51/51 - 10s - 188ms/step - loss: 0.3366 - val_loss: 0.3341
Epoch 73/200
51/51 - 9s - 182ms/step - loss: 0.3353 - val_loss: 0.3328
Epoch 74/200
51/51 - 9s - 183ms/step - loss: 0.3341 - val_loss: 0.3315
Epoch 75/200
51/51 - 9s - 181ms/step - loss: 0.3328 - val_loss: 0.3302
Epoch 76/200
51/51 - 9s - 181ms/step - loss: 0.3316 - val_loss: 0.3290
Epoch 77/200
51/51 - 10s - 189ms/step - loss: 0.3305 - val_loss: 0.3278
Epoch 78/200
51/51 - 10s - 190ms/step - loss: 0.3293 - val_loss: 0.3266
Epoch 79/200
51/51 - 10s - 196ms/step - loss: 0.3282 - val_loss: 0.3255
Epoch 80/200
51/51 - 10s - 187ms/step - loss: 0.3271 - val_loss: 0.3244
Epoch 81/200
51/51 - 9s - 183ms/step - loss: 0.3260 - val_loss: 0.3233
Epoch 82/200
51/51 - 10s - 187ms/step - loss: 0.3250 - val_loss: 0.3222
Epoch 83/200
51/51 - 9s - 185ms/step - loss: 0.3239 - val_loss: 0.3211
Epoch 84/200
51/51 - 9s - 181ms/step - loss: 0.3229 - val_loss: 0.3201
Epoch 85/200
51/51 - 9s - 182ms/step - loss: 0.3219 - val_loss: 0.3191
Epoch 86/200
51/51 - 9s - 182ms/step - loss: 0.3210 - val_loss: 0.3181
Epoch 87/200
51/51 - 9s - 180ms/step - loss: 0.3200 - val_loss: 0.3172
Epoch 88/200
51/51 - 9s - 179ms/step - loss: 0.3191 - val_loss: 0.3162
Epoch 89/200
51/51 - 9s - 184ms/step - loss: 0.3182 - val_loss: 0.3153
Epoch 90/200
51/51 - 9s - 184ms/step - loss: 0.3173 - val_loss: 0.3144
Epoch 91/200
51/51 - 9s - 184ms/step - loss: 0.3164 - val_loss: 0.3135
Epoch 92/200
51/51 - 9s - 185ms/step - loss: 0.3156 - val_loss: 0.3127
Epoch 93/200
51/51 - 9s - 183ms/step - loss: 0.3148 - val_loss: 0.3118
Epoch 94/200
51/51 - 9s - 185ms/step - loss: 0.3139 - val_loss: 0.3110
Epoch 95/200
51/51 - 9s - 184ms/step - loss: 0.3131 - val_loss: 0.3102
Epoch 96/200
51/51 - 9s - 184ms/step - loss: 0.3123 - val_loss: 0.3094
Epoch 97/200
51/51 - 9s - 184ms/step - loss: 0.3116 - val_loss: 0.3086
Epoch 98/200
51/51 - 9s - 184ms/step - loss: 0.3108 - val_loss: 0.3078
Epoch 99/200
51/51 - 10s - 204ms/step - loss: 0.3101 - val_loss: 0.3071
Epoch 100/200
51/51 - 9s - 180ms/step - loss: 0.3093 - val_loss: 0.3064
Epoch 101/200
51/51 - 9s - 184ms/step - loss: 0.3086 - val_loss: 0.3056
Epoch 102/200
51/51 - 9s - 178ms/step - loss: 0.3079 - val_loss: 0.3049
Epoch 103/200
51/51 - 9s - 185ms/step - loss: 0.3072 - val_loss: 0.3042
Epoch 104/200
51/51 - 9s - 181ms/step - loss: 0.3065 - val_loss: 0.3035
Epoch 105/200
51/51 - 10s - 187ms/step - loss: 0.3059 - val_loss: 0.3029
Epoch 106/200
51/51 - 9s - 183ms/step - loss: 0.3052 - val_loss: 0.3022
Epoch 107/200
51/51 - 9s - 184ms/step - loss: 0.3046 - val_loss: 0.3016
Epoch 108/200
51/51 - 9s - 185ms/step - loss: 0.3039 - val_loss: 0.3009
Epoch 109/200
51/51 - 9s - 182ms/step - loss: 0.3033 - val_loss: 0.3003
Epoch 110/200
51/51 - 9s - 180ms/step - loss: 0.3027 - val_loss: 0.2997
Epoch 111/200
51/51 - 9s - 184ms/step - loss: 0.3021 - val_loss: 0.2991
Epoch 112/200
51/51 - 9s - 181ms/step - loss: 0.3015 - val_loss: 0.2985
Epoch 113/200
51/51 - 9s - 181ms/step - loss: 0.3009 - val_loss: 0.2979
Epoch 114/200
51/51 - 9s - 183ms/step - loss: 0.3004 - val_loss: 0.2973
Epoch 115/200
51/51 - 9s - 185ms/step - loss: 0.2998 - val_loss: 0.2968
Epoch 116/200
51/51 - 9s - 185ms/step - loss: 0.2992 - val_loss: 0.2962
Epoch 117/200
51/51 - 9s - 185ms/step - loss: 0.2987 - val_loss: 0.2957
Epoch 118/200
51/51 - 9s - 183ms/step - loss: 0.2982 - val_loss: 0.2951
Epoch 119/200
51/51 - 9s - 179ms/step - loss: 0.2976 - val_loss: 0.2946
Epoch 120/200
51/51 - 9s - 182ms/step - loss: 0.2971 - val_loss: 0.2941
Epoch 121/200
51/51 - 9s - 181ms/step - loss: 0.2966 - val_loss: 0.2936
Epoch 122/200
51/51 - 9s - 184ms/step - loss: 0.2961 - val_loss: 0.2931
Epoch 123/200
51/51 - 9s - 180ms/step - loss: 0.2956 - val_loss: 0.2926
Epoch 124/200
51/51 - 9s - 181ms/step - loss: 0.2951 - val_loss: 0.2921
Epoch 125/200
51/51 - 9s - 185ms/step - loss: 0.2946 - val_loss: 0.2916
Epoch 126/200
51/51 - 9s - 183ms/step - loss: 0.2942 - val_loss: 0.2911
Epoch 127/200
51/51 - 9s - 186ms/step - loss: 0.2937 - val_loss: 0.2907
Epoch 128/200
51/51 - 9s - 182ms/step - loss: 0.2932 - val_loss: 0.2902
Epoch 129/200
51/51 - 9s - 185ms/step - loss: 0.2928 - val_loss: 0.2898
Epoch 130/200
51/51 - 9s - 184ms/step - loss: 0.2924 - val_loss: 0.2893
Epoch 131/200
51/51 - 9s - 185ms/step - loss: 0.2919 - val_loss: 0.2889
Epoch 132/200
51/51 - 9s - 183ms/step - loss: 0.2915 - val_loss: 0.2884
Epoch 133/200
51/51 - 9s - 181ms/step - loss: 0.2911 - val_loss: 0.2880
Epoch 134/200
51/51 - 9s - 184ms/step - loss: 0.2906 - val_loss: 0.2876
Epoch 135/200
51/51 - 9s - 181ms/step - loss: 0.2902 - val_loss: 0.2872
Epoch 136/200
51/51 - 9s - 178ms/step - loss: 0.2898 - val_loss: 0.2868
Epoch 137/200
51/51 - 9s - 180ms/step - loss: 0.2894 - val_loss: 0.2864
Epoch 138/200
51/51 - 9s - 185ms/step - loss: 0.2890 - val_loss: 0.2860
Epoch 139/200
51/51 - 9s - 179ms/step - loss: 0.2886 - val_loss: 0.2856
Epoch 140/200
51/51 - 9s - 183ms/step - loss: 0.2882 - val_loss: 0.2852
Epoch 141/200
51/51 - 9s - 184ms/step - loss: 0.2879 - val_loss: 0.2848
Epoch 142/200
51/51 - 9s - 182ms/step - loss: 0.2875 - val_loss: 0.2844
Epoch 143/200
51/51 - 9s - 182ms/step - loss: 0.2871 - val_loss: 0.2841
Epoch 144/200
51/51 - 9s - 184ms/step - loss: 0.2868 - val_loss: 0.2837
Epoch 145/200
51/51 - 9s - 185ms/step - loss: 0.2864 - val_loss: 0.2833
Epoch 146/200
51/51 - 9s - 185ms/step - loss: 0.2860 - val_loss: 0.2830
Epoch 147/200
51/51 - 9s - 182ms/step - loss: 0.2857 - val_loss: 0.2826
Epoch 148/200
51/51 - 9s - 179ms/step - loss: 0.2853 - val_loss: 0.2823
Epoch 149/200
51/51 - 9s - 181ms/step - loss: 0.2850 - val_loss: 0.2819
Epoch 150/200
51/51 - 9s - 183ms/step - loss: 0.2847 - val_loss: 0.2816
Epoch 151/200
51/51 - 9s - 185ms/step - loss: 0.2843 - val_loss: 0.2813
Epoch 152/200
51/51 - 9s - 183ms/step - loss: 0.2840 - val_loss: 0.2810
Epoch 153/200
51/51 - 9s - 182ms/step - loss: 0.2837 - val_loss: 0.2806
Epoch 154/200
51/51 - 9s - 182ms/step - loss: 0.2834 - val_loss: 0.2803
Epoch 155/200
51/51 - 9s - 182ms/step - loss: 0.2831 - val_loss: 0.2800
Epoch 156/200
51/51 - 9s - 184ms/step - loss: 0.2827 - val_loss: 0.2797
Epoch 157/200
51/51 - 9s - 183ms/step - loss: 0.2824 - val_loss: 0.2794
Epoch 158/200
51/51 - 9s - 179ms/step - loss: 0.2821 - val_loss: 0.2791
Epoch 159/200
51/51 - 9s - 178ms/step - loss: 0.2818 - val_loss: 0.2788
Epoch 160/200
51/51 - 9s - 180ms/step - loss: 0.2815 - val_loss: 0.2785
Epoch 161/200
51/51 - 9s - 182ms/step - loss: 0.2812 - val_loss: 0.2782
Epoch 162/200
51/51 - 9s - 184ms/step - loss: 0.2809 - val_loss: 0.2779
Epoch 163/200
51/51 - 9s - 184ms/step - loss: 0.2807 - val_loss: 0.2776
Epoch 164/200
51/51 - 9s - 185ms/step - loss: 0.2804 - val_loss: 0.2774
Epoch 165/200
51/51 - 9s - 182ms/step - loss: 0.2801 - val_loss: 0.2771
Epoch 166/200
51/51 - 9s - 183ms/step - loss: 0.2798 - val_loss: 0.2768
Epoch 167/200
51/51 - 9s - 185ms/step - loss: 0.2795 - val_loss: 0.2766
Epoch 168/200
51/51 - 9s - 182ms/step - loss: 0.2793 - val_loss: 0.2763
Epoch 169/200
51/51 - 9s - 175ms/step - loss: 0.2790 - val_loss: 0.2760
Epoch 170/200
51/51 - 9s - 178ms/step - loss: 0.2787 - val_loss: 0.2758
Epoch 171/200
51/51 - 9s - 177ms/step - loss: 0.2785 - val_loss: 0.2755
Epoch 172/200
51/51 - 9s - 177ms/step - loss: 0.2782 - val_loss: 0.2753
Epoch 173/200
51/51 - 9s - 177ms/step - loss: 0.2780 - val_loss: 0.2750
Epoch 174/200
51/51 - 9s - 177ms/step - loss: 0.2777 - val_loss: 0.2748
Epoch 175/200
51/51 - 9s - 177ms/step - loss: 0.2775 - val_loss: 0.2746
Epoch 176/200
51/51 - 9s - 177ms/step - loss: 0.2772 - val_loss: 0.2743
Epoch 177/200
51/51 - 9s - 177ms/step - loss: 0.2770 - val_loss: 0.2741
Epoch 178/200
51/51 - 9s - 178ms/step - loss: 0.2767 - val_loss: 0.2739
Epoch 179/200
51/51 - 9s - 179ms/step - loss: 0.2765 - val_loss: 0.2737
Epoch 180/200
51/51 - 9s - 178ms/step - loss: 0.2762 - val_loss: 0.2734
Epoch 181/200
51/51 - 9s - 178ms/step - loss: 0.2760 - val_loss: 0.2732
Epoch 182/200
51/51 - 9s - 178ms/step - loss: 0.2757 - val_loss: 0.2730
Epoch 183/200
51/51 - 10s - 192ms/step - loss: 0.2755 - val_loss: 0.2728
Epoch 184/200
51/51 - 10s - 195ms/step - loss: 0.2753 - val_loss: 0.2726
Epoch 185/200
51/51 - 10s - 191ms/step - loss: 0.2750 - val_loss: 0.2724
Epoch 186/200
51/51 - 10s - 196ms/step - loss: 0.2748 - val_loss: 0.2722
Epoch 187/200
51/51 - 10s - 196ms/step - loss: 0.2746 - val_loss: 0.2720
Epoch 188/200
51/51 - 10s - 196ms/step - loss: 0.2744 - val_loss: 0.2718
Epoch 189/200
51/51 - 10s - 199ms/step - loss: 0.2741 - val_loss: 0.2716
Epoch 190/200
51/51 - 10s - 204ms/step - loss: 0.2739 - val_loss: 0.2714
Epoch 191/200
51/51 - 10s - 196ms/step - loss: 0.2737 - val_loss: 0.2712
Epoch 192/200
51/51 - 10s - 188ms/step - loss: 0.2735 - val_loss: 0.2710
Epoch 193/200
51/51 - 10s - 191ms/step - loss: 0.2732 - val_loss: 0.2709
Epoch 194/200
51/51 - 10s - 198ms/step - loss: 0.2730 - val_loss: 0.2707
Epoch 195/200
51/51 - 11s - 210ms/step - loss: 0.2728 - val_loss: 0.2705
Epoch 196/200
51/51 - 9s - 182ms/step - loss: 0.2726 - val_loss: 0.2703
Epoch 197/200
51/51 - 9s - 181ms/step - loss: 0.2724 - val_loss: 0.2701
Epoch 198/200
51/51 - 9s - 183ms/step - loss: 0.2721 - val_loss: 0.2700
Epoch 199/200
51/51 - 9s - 185ms/step - loss: 0.2719 - val_loss: 0.2698
Epoch 200/200
51/51 - 9s - 183ms/step - loss: 0.2717 - val_loss: 0.2696
[Run 3/5] Training single encoder baseline (baseline preprocessing, linear structure, sigmoid head)...
[Run 3/5] Shared encoder (unweight) threshold comparison: dynamic=0.6056 (balanced_accuracy=0.8957), fixed_0.5=0.5000 (balanced_accuracy=0.8862).
[Run 3/5] Shared encoder (weighted) threshold comparison: dynamic=0.5467 (balanced_accuracy=0.8764), fixed_0.5=0.5000 (balanced_accuracy=0.8716).
[Run 3/5] Saved raw test predictions to /home/xx4455/Comparable/Code/Synthetic/Results/Predictions/heart_age_28770_all_run3_raw_predictions.csv.
[Run 4/5] Training shared encoder (unweighted, sigmoid head, baseline preprocessing)...
Epoch 1/200
52/52 - 11s - 216ms/step - loss: 1.1699 - val_loss: 1.1440
Epoch 2/200
52/52 - 9s - 181ms/step - loss: 1.1041 - val_loss: 1.0727
Epoch 3/200
52/52 - 9s - 166ms/step - loss: 1.0318 - val_loss: 0.9961
Epoch 4/200
52/52 - 9s - 174ms/step - loss: 0.9562 - val_loss: 0.9180
Epoch 5/200
52/52 - 9s - 174ms/step - loss: 0.8814 - val_loss: 0.8431
Epoch 6/200
52/52 - 9s - 176ms/step - loss: 0.8122 - val_loss: 0.7765
Epoch 7/200
52/52 - 9s - 176ms/step - loss: 0.7526 - val_loss: 0.7213
Epoch 8/200
52/52 - 9s - 177ms/step - loss: 0.7037 - val_loss: 0.6767
Epoch 9/200
52/52 - 9s - 175ms/step - loss: 0.6640 - val_loss: 0.6405
Epoch 10/200
52/52 - 9s - 179ms/step - loss: 0.6315 - val_loss: 0.6106
Epoch 11/200
52/52 - 9s - 179ms/step - loss: 0.6044 - val_loss: 0.5857
Epoch 12/200
52/52 - 9s - 177ms/step - loss: 0.5816 - val_loss: 0.5646
Epoch 13/200
52/52 - 9s - 177ms/step - loss: 0.5623 - val_loss: 0.5466
Epoch 14/200
52/52 - 9s - 180ms/step - loss: 0.5458 - val_loss: 0.5311
Epoch 15/200
52/52 - 9s - 175ms/step - loss: 0.5314 - val_loss: 0.5176
Epoch 16/200
52/52 - 9s - 175ms/step - loss: 0.5189 - val_loss: 0.5058
Epoch 17/200
52/52 - 9s - 178ms/step - loss: 0.5079 - val_loss: 0.4953
Epoch 18/200
52/52 - 9s - 177ms/step - loss: 0.4980 - val_loss: 0.4859
Epoch 19/200
52/52 - 10s - 185ms/step - loss: 0.4892 - val_loss: 0.4774
Epoch 20/200
52/52 - 9s - 177ms/step - loss: 0.4812 - val_loss: 0.4697
Epoch 21/200
52/52 - 9s - 173ms/step - loss: 0.4739 - val_loss: 0.4626
Epoch 22/200
52/52 - 9s - 180ms/step - loss: 0.4672 - val_loss: 0.4561
Epoch 23/200
52/52 - 9s - 177ms/step - loss: 0.4610 - val_loss: 0.4501
Epoch 24/200
52/52 - 9s - 178ms/step - loss: 0.4552 - val_loss: 0.4445
Epoch 25/200
52/52 - 9s - 177ms/step - loss: 0.4498 - val_loss: 0.4392
Epoch 26/200
52/52 - 9s - 178ms/step - loss: 0.4447 - val_loss: 0.4342
Epoch 27/200
52/52 - 9s - 177ms/step - loss: 0.4398 - val_loss: 0.4295
Epoch 28/200
52/52 - 9s - 171ms/step - loss: 0.4352 - val_loss: 0.4250
Epoch 29/200
52/52 - 9s - 174ms/step - loss: 0.4309 - val_loss: 0.4206
Epoch 30/200
52/52 - 9s - 177ms/step - loss: 0.4267 - val_loss: 0.4165
Epoch 31/200
52/52 - 9s - 178ms/step - loss: 0.4226 - val_loss: 0.4125
Epoch 32/200
52/52 - 9s - 174ms/step - loss: 0.4187 - val_loss: 0.4087
Epoch 33/200
52/52 - 9s - 177ms/step - loss: 0.4149 - val_loss: 0.4049
Epoch 34/200
52/52 - 9s - 179ms/step - loss: 0.4113 - val_loss: 0.4013
Epoch 35/200
52/52 - 9s - 177ms/step - loss: 0.4077 - val_loss: 0.3978
Epoch 36/200
52/52 - 9s - 177ms/step - loss: 0.4042 - val_loss: 0.3944
Epoch 37/200
52/52 - 9s - 176ms/step - loss: 0.4009 - val_loss: 0.3911
Epoch 38/200
52/52 - 9s - 173ms/step - loss: 0.3976 - val_loss: 0.3880
Epoch 39/200
52/52 - 10s - 186ms/step - loss: 0.3945 - val_loss: 0.3849
Epoch 40/200
52/52 - 9s - 180ms/step - loss: 0.3915 - val_loss: 0.3820
Epoch 41/200
52/52 - 9s - 172ms/step - loss: 0.3886 - val_loss: 0.3792
Epoch 42/200
52/52 - 9s - 177ms/step - loss: 0.3858 - val_loss: 0.3765
Epoch 43/200
52/52 - 9s - 178ms/step - loss: 0.3831 - val_loss: 0.3739
Epoch 44/200
52/52 - 9s - 176ms/step - loss: 0.3806 - val_loss: 0.3714
Epoch 45/200
52/52 - 9s - 172ms/step - loss: 0.3780 - val_loss: 0.3690
Epoch 46/200
52/52 - 9s - 177ms/step - loss: 0.3756 - val_loss: 0.3667
Epoch 47/200
52/52 - 9s - 177ms/step - loss: 0.3732 - val_loss: 0.3644
Epoch 48/200
52/52 - 9s - 179ms/step - loss: 0.3709 - val_loss: 0.3622
Epoch 49/200
52/52 - 9s - 176ms/step - loss: 0.3687 - val_loss: 0.3600
Epoch 50/200
52/52 - 9s - 174ms/step - loss: 0.3665 - val_loss: 0.3579
Epoch 51/200
52/52 - 9s - 174ms/step - loss: 0.3644 - val_loss: 0.3558
Epoch 52/200
52/52 - 9s - 176ms/step - loss: 0.3623 - val_loss: 0.3538
Epoch 53/200
52/52 - 9s - 174ms/step - loss: 0.3603 - val_loss: 0.3519
Epoch 54/200
52/52 - 9s - 180ms/step - loss: 0.3583 - val_loss: 0.3500
Epoch 55/200
52/52 - 9s - 175ms/step - loss: 0.3563 - val_loss: 0.3481
Epoch 56/200
52/52 - 9s - 175ms/step - loss: 0.3544 - val_loss: 0.3463
Epoch 57/200
52/52 - 9s - 172ms/step - loss: 0.3526 - val_loss: 0.3445
Epoch 58/200
52/52 - 9s - 177ms/step - loss: 0.3508 - val_loss: 0.3428
Epoch 59/200
52/52 - 9s - 175ms/step - loss: 0.3490 - val_loss: 0.3411
Epoch 60/200
52/52 - 9s - 177ms/step - loss: 0.3473 - val_loss: 0.3395
Epoch 61/200
52/52 - 9s - 176ms/step - loss: 0.3456 - val_loss: 0.3379
Epoch 62/200
52/52 - 9s - 175ms/step - loss: 0.3440 - val_loss: 0.3363
Epoch 63/200
52/52 - 9s - 176ms/step - loss: 0.3423 - val_loss: 0.3347
Epoch 64/200
52/52 - 9s - 176ms/step - loss: 0.3408 - val_loss: 0.3332
Epoch 65/200
52/52 - 9s - 170ms/step - loss: 0.3392 - val_loss: 0.3318
Epoch 66/200
52/52 - 9s - 175ms/step - loss: 0.3377 - val_loss: 0.3303
Epoch 67/200
52/52 - 9s - 174ms/step - loss: 0.3362 - val_loss: 0.3289
Epoch 68/200
52/52 - 9s - 175ms/step - loss: 0.3348 - val_loss: 0.3275
Epoch 69/200
52/52 - 9s - 176ms/step - loss: 0.3334 - val_loss: 0.3262
Epoch 70/200
52/52 - 9s - 177ms/step - loss: 0.3320 - val_loss: 0.3249
Epoch 71/200
52/52 - 9s - 175ms/step - loss: 0.3307 - val_loss: 0.3236
Epoch 72/200
52/52 - 9s - 171ms/step - loss: 0.3293 - val_loss: 0.3223
Epoch 73/200
52/52 - 9s - 176ms/step - loss: 0.3280 - val_loss: 0.3211
Epoch 74/200
52/52 - 9s - 175ms/step - loss: 0.3268 - val_loss: 0.3199
Epoch 75/200
52/52 - 9s - 177ms/step - loss: 0.3255 - val_loss: 0.3187
Epoch 76/200
52/52 - 9s - 175ms/step - loss: 0.3243 - val_loss: 0.3175
Epoch 77/200
52/52 - 9s - 171ms/step - loss: 0.3231 - val_loss: 0.3164
Epoch 78/200
52/52 - 9s - 171ms/step - loss: 0.3220 - val_loss: 0.3153
Epoch 79/200
52/52 - 9s - 175ms/step - loss: 0.3208 - val_loss: 0.3142
Epoch 80/200
52/52 - 9s - 176ms/step - loss: 0.3197 - val_loss: 0.3131
Epoch 81/200
52/52 - 9s - 174ms/step - loss: 0.3186 - val_loss: 0.3121
Epoch 82/200
52/52 - 9s - 174ms/step - loss: 0.3175 - val_loss: 0.3110
Epoch 83/200
52/52 - 9s - 178ms/step - loss: 0.3165 - val_loss: 0.3100
Epoch 84/200
52/52 - 9s - 176ms/step - loss: 0.3154 - val_loss: 0.3090
Epoch 85/200
52/52 - 9s - 175ms/step - loss: 0.3144 - val_loss: 0.3081
Epoch 86/200
52/52 - 9s - 176ms/step - loss: 0.3134 - val_loss: 0.3071
Epoch 87/200
52/52 - 9s - 176ms/step - loss: 0.3124 - val_loss: 0.3062
Epoch 88/200
52/52 - 9s - 177ms/step - loss: 0.3115 - val_loss: 0.3052
Epoch 89/200
52/52 - 9s - 173ms/step - loss: 0.3105 - val_loss: 0.3043
Epoch 90/200
52/52 - 9s - 174ms/step - loss: 0.3096 - val_loss: 0.3034
Epoch 91/200
52/52 - 9s - 176ms/step - loss: 0.3087 - val_loss: 0.3025
Epoch 92/200
52/52 - 9s - 177ms/step - loss: 0.3077 - val_loss: 0.3017
Epoch 93/200
52/52 - 9s - 175ms/step - loss: 0.3069 - val_loss: 0.3008
Epoch 94/200
52/52 - 9s - 175ms/step - loss: 0.3060 - val_loss: 0.3000
Epoch 95/200
52/52 - 9s - 176ms/step - loss: 0.3051 - val_loss: 0.2992
Epoch 96/200
52/52 - 9s - 178ms/step - loss: 0.3043 - val_loss: 0.2984
Epoch 97/200
52/52 - 9s - 175ms/step - loss: 0.3035 - val_loss: 0.2976
Epoch 98/200
52/52 - 9s - 175ms/step - loss: 0.3026 - val_loss: 0.2968
Epoch 99/200
52/52 - 9s - 178ms/step - loss: 0.3018 - val_loss: 0.2960
Epoch 100/200
52/52 - 9s - 176ms/step - loss: 0.3010 - val_loss: 0.2952
Epoch 101/200
52/52 - 9s - 172ms/step - loss: 0.3003 - val_loss: 0.2945
Epoch 102/200
52/52 - 9s - 171ms/step - loss: 0.2995 - val_loss: 0.2937
Epoch 103/200
52/52 - 9s - 173ms/step - loss: 0.2987 - val_loss: 0.2930
Epoch 104/200
52/52 - 9s - 174ms/step - loss: 0.2980 - val_loss: 0.2923
Epoch 105/200
52/52 - 9s - 175ms/step - loss: 0.2973 - val_loss: 0.2916
Epoch 106/200
52/52 - 9s - 177ms/step - loss: 0.2966 - val_loss: 0.2909
Epoch 107/200
52/52 - 9s - 177ms/step - loss: 0.2958 - val_loss: 0.2902
Epoch 108/200
52/52 - 9s - 176ms/step - loss: 0.2951 - val_loss: 0.2895
Epoch 109/200
52/52 - 9s - 169ms/step - loss: 0.2945 - val_loss: 0.2889
Epoch 110/200
52/52 - 9s - 175ms/step - loss: 0.2938 - val_loss: 0.2882
Epoch 111/200
52/52 - 9s - 175ms/step - loss: 0.2931 - val_loss: 0.2875
Epoch 112/200
52/52 - 9s - 176ms/step - loss: 0.2924 - val_loss: 0.2869
Epoch 113/200
52/52 - 9s - 177ms/step - loss: 0.2918 - val_loss: 0.2863
Epoch 114/200
52/52 - 9s - 172ms/step - loss: 0.2912 - val_loss: 0.2857
Epoch 115/200
52/52 - 9s - 173ms/step - loss: 0.2905 - val_loss: 0.2850
Epoch 116/200
52/52 - 9s - 178ms/step - loss: 0.2899 - val_loss: 0.2844
Epoch 117/200
52/52 - 9s - 176ms/step - loss: 0.2893 - val_loss: 0.2838
Epoch 118/200
52/52 - 9s - 175ms/step - loss: 0.2887 - val_loss: 0.2833
Epoch 119/200
52/52 - 9s - 177ms/step - loss: 0.2881 - val_loss: 0.2827
Epoch 120/200
52/52 - 9s - 175ms/step - loss: 0.2875 - val_loss: 0.2821
Epoch 121/200
52/52 - 9s - 176ms/step - loss: 0.2869 - val_loss: 0.2815
Epoch 122/200
52/52 - 9s - 176ms/step - loss: 0.2863 - val_loss: 0.2810
Epoch 123/200
52/52 - 9s - 178ms/step - loss: 0.2858 - val_loss: 0.2804
Epoch 124/200
52/52 - 9s - 176ms/step - loss: 0.2852 - val_loss: 0.2799
Epoch 125/200
52/52 - 9s - 175ms/step - loss: 0.2847 - val_loss: 0.2794
Epoch 126/200
52/52 - 9s - 170ms/step - loss: 0.2841 - val_loss: 0.2788
Epoch 127/200
52/52 - 9s - 175ms/step - loss: 0.2836 - val_loss: 0.2783
Epoch 128/200
52/52 - 9s - 176ms/step - loss: 0.2831 - val_loss: 0.2778
Epoch 129/200
52/52 - 9s - 177ms/step - loss: 0.2826 - val_loss: 0.2773
Epoch 130/200
52/52 - 9s - 178ms/step - loss: 0.2821 - val_loss: 0.2768
Epoch 131/200
52/52 - 9s - 178ms/step - loss: 0.2816 - val_loss: 0.2763
Epoch 132/200
52/52 - 9s - 176ms/step - loss: 0.2811 - val_loss: 0.2758
Epoch 133/200
52/52 - 9s - 175ms/step - loss: 0.2806 - val_loss: 0.2753
Epoch 134/200
52/52 - 9s - 180ms/step - loss: 0.2801 - val_loss: 0.2749
Epoch 135/200
52/52 - 9s - 176ms/step - loss: 0.2796 - val_loss: 0.2744
Epoch 136/200
52/52 - 9s - 176ms/step - loss: 0.2791 - val_loss: 0.2739
Epoch 137/200
52/52 - 9s - 175ms/step - loss: 0.2787 - val_loss: 0.2735
Epoch 138/200
52/52 - 9s - 171ms/step - loss: 0.2782 - val_loss: 0.2730
Epoch 139/200
52/52 - 9s - 172ms/step - loss: 0.2778 - val_loss: 0.2726
Epoch 140/200
52/52 - 9s - 176ms/step - loss: 0.2773 - val_loss: 0.2722
Epoch 141/200
52/52 - 9s - 176ms/step - loss: 0.2769 - val_loss: 0.2717
Epoch 142/200
52/52 - 9s - 174ms/step - loss: 0.2765 - val_loss: 0.2713
Epoch 143/200
52/52 - 9s - 171ms/step - loss: 0.2760 - val_loss: 0.2709
Epoch 144/200
52/52 - 9s - 178ms/step - loss: 0.2756 - val_loss: 0.2705
Epoch 145/200
52/52 - 9s - 175ms/step - loss: 0.2752 - val_loss: 0.2701
Epoch 146/200
52/52 - 9s - 178ms/step - loss: 0.2748 - val_loss: 0.2697
Epoch 147/200
52/52 - 9s - 176ms/step - loss: 0.2744 - val_loss: 0.2693
Epoch 148/200
52/52 - 9s - 178ms/step - loss: 0.2740 - val_loss: 0.2689
Epoch 149/200
52/52 - 9s - 177ms/step - loss: 0.2736 - val_loss: 0.2685
Epoch 150/200
52/52 - 9s - 173ms/step - loss: 0.2732 - val_loss: 0.2681
Epoch 151/200
52/52 - 9s - 171ms/step - loss: 0.2728 - val_loss: 0.2677
Epoch 152/200
52/52 - 9s - 173ms/step - loss: 0.2725 - val_loss: 0.2674
Epoch 153/200
52/52 - 9s - 178ms/step - loss: 0.2721 - val_loss: 0.2670
Epoch 154/200
52/52 - 9s - 176ms/step - loss: 0.2717 - val_loss: 0.2666
Epoch 155/200
52/52 - 9s - 175ms/step - loss: 0.2714 - val_loss: 0.2663
Epoch 156/200
52/52 - 9s - 173ms/step - loss: 0.2710 - val_loss: 0.2659
Epoch 157/200
52/52 - 9s - 173ms/step - loss: 0.2707 - val_loss: 0.2656
Epoch 158/200
52/52 - 10s - 185ms/step - loss: 0.2703 - val_loss: 0.2652
Epoch 159/200
52/52 - 10s - 188ms/step - loss: 0.2700 - val_loss: 0.2649
Epoch 160/200
52/52 - 9s - 175ms/step - loss: 0.2696 - val_loss: 0.2646
Epoch 161/200
52/52 - 9s - 172ms/step - loss: 0.2693 - val_loss: 0.2642
Epoch 162/200
52/52 - 9s - 176ms/step - loss: 0.2690 - val_loss: 0.2639
Epoch 163/200
52/52 - 9s - 173ms/step - loss: 0.2686 - val_loss: 0.2636
Epoch 164/200
52/52 - 9s - 177ms/step - loss: 0.2683 - val_loss: 0.2633
Epoch 165/200
52/52 - 10s - 184ms/step - loss: 0.2680 - val_loss: 0.2630
Epoch 166/200
52/52 - 9s - 176ms/step - loss: 0.2677 - val_loss: 0.2627
Epoch 167/200
52/52 - 9s - 177ms/step - loss: 0.2674 - val_loss: 0.2623
Epoch 168/200
52/52 - 9s - 175ms/step - loss: 0.2671 - val_loss: 0.2620
Epoch 169/200
52/52 - 9s - 177ms/step - loss: 0.2668 - val_loss: 0.2618
Epoch 170/200
52/52 - 9s - 175ms/step - loss: 0.2665 - val_loss: 0.2615
Epoch 171/200
52/52 - 9s - 175ms/step - loss: 0.2662 - val_loss: 0.2612
Epoch 172/200
52/52 - 9s - 176ms/step - loss: 0.2659 - val_loss: 0.2609
Epoch 173/200
52/52 - 9s - 176ms/step - loss: 0.2656 - val_loss: 0.2606
Epoch 174/200
52/52 - 9s - 176ms/step - loss: 0.2653 - val_loss: 0.2603
Epoch 175/200
52/52 - 9s - 172ms/step - loss: 0.2651 - val_loss: 0.2601
Epoch 176/200
52/52 - 9s - 173ms/step - loss: 0.2648 - val_loss: 0.2598
Epoch 177/200
52/52 - 9s - 173ms/step - loss: 0.2645 - val_loss: 0.2595
Epoch 178/200
52/52 - 9s - 174ms/step - loss: 0.2642 - val_loss: 0.2593
Epoch 179/200
52/52 - 9s - 174ms/step - loss: 0.2640 - val_loss: 0.2590
Epoch 180/200
52/52 - 9s - 176ms/step - loss: 0.2637 - val_loss: 0.2587
Epoch 181/200
52/52 - 9s - 176ms/step - loss: 0.2635 - val_loss: 0.2585
Epoch 182/200
52/52 - 9s - 177ms/step - loss: 0.2632 - val_loss: 0.2582
Epoch 183/200
52/52 - 9s - 175ms/step - loss: 0.2629 - val_loss: 0.2580
Epoch 184/200
52/52 - 9s - 172ms/step - loss: 0.2627 - val_loss: 0.2577
Epoch 185/200
52/52 - 9s - 175ms/step - loss: 0.2625 - val_loss: 0.2575
Epoch 186/200
52/52 - 9s - 177ms/step - loss: 0.2622 - val_loss: 0.2573
Epoch 187/200
52/52 - 9s - 176ms/step - loss: 0.2620 - val_loss: 0.2570
Epoch 188/200
52/52 - 9s - 174ms/step - loss: 0.2617 - val_loss: 0.2568
Epoch 189/200
52/52 - 9s - 171ms/step - loss: 0.2615 - val_loss: 0.2566
Epoch 190/200
52/52 - 9s - 177ms/step - loss: 0.2613 - val_loss: 0.2563
Epoch 191/200
52/52 - 9s - 178ms/step - loss: 0.2610 - val_loss: 0.2561
Epoch 192/200
52/52 - 9s - 177ms/step - loss: 0.2608 - val_loss: 0.2559
Epoch 193/200
52/52 - 9s - 174ms/step - loss: 0.2606 - val_loss: 0.2557
Epoch 194/200
52/52 - 9s - 174ms/step - loss: 0.2604 - val_loss: 0.2555
Epoch 195/200
52/52 - 9s - 174ms/step - loss: 0.2601 - val_loss: 0.2552
Epoch 196/200
52/52 - 9s - 174ms/step - loss: 0.2599 - val_loss: 0.2550
Epoch 197/200
52/52 - 9s - 175ms/step - loss: 0.2597 - val_loss: 0.2548
Epoch 198/200
52/52 - 9s - 175ms/step - loss: 0.2595 - val_loss: 0.2546
Epoch 199/200
52/52 - 9s - 174ms/step - loss: 0.2593 - val_loss: 0.2544
Epoch 200/200
52/52 - 9s - 173ms/step - loss: 0.2591 - val_loss: 0.2542
[Run 4/5] Training shared encoder (weighted, sigmoid head, baseline preprocessing)...
Epoch 1/200
52/52 - 12s - 228ms/step - loss: 0.9409 - val_loss: 0.8982
Epoch 2/200
52/52 - 10s - 183ms/step - loss: 0.8809 - val_loss: 0.8410
Epoch 3/200
52/52 - 9s - 177ms/step - loss: 0.8273 - val_loss: 0.7907
Epoch 4/200
52/52 - 10s - 186ms/step - loss: 0.7805 - val_loss: 0.7472
Epoch 5/200
52/52 - 10s - 187ms/step - loss: 0.7401 - val_loss: 0.7098
Epoch 6/200
52/52 - 9s - 182ms/step - loss: 0.7056 - val_loss: 0.6776
Epoch 7/200
52/52 - 9s - 179ms/step - loss: 0.6759 - val_loss: 0.6497
Epoch 8/200
52/52 - 10s - 188ms/step - loss: 0.6501 - val_loss: 0.6254
Epoch 9/200
52/52 - 9s - 181ms/step - loss: 0.6276 - val_loss: 0.6040
Epoch 10/200
52/52 - 10s - 183ms/step - loss: 0.6077 - val_loss: 0.5850
Epoch 11/200
52/52 - 9s - 181ms/step - loss: 0.5901 - val_loss: 0.5682
Epoch 12/200
52/52 - 9s - 178ms/step - loss: 0.5744 - val_loss: 0.5531
Epoch 13/200
52/52 - 9s - 182ms/step - loss: 0.5603 - val_loss: 0.5397
Epoch 14/200
52/52 - 10s - 183ms/step - loss: 0.5476 - val_loss: 0.5277
Epoch 15/200
52/52 - 9s - 180ms/step - loss: 0.5362 - val_loss: 0.5168
Epoch 16/200
52/52 - 9s - 183ms/step - loss: 0.5259 - val_loss: 0.5070
Epoch 17/200
52/52 - 9s - 182ms/step - loss: 0.5164 - val_loss: 0.4981
Epoch 18/200
52/52 - 10s - 183ms/step - loss: 0.5078 - val_loss: 0.4900
Epoch 19/200
52/52 - 9s - 182ms/step - loss: 0.5000 - val_loss: 0.4825
Epoch 20/200
52/52 - 9s - 175ms/step - loss: 0.4927 - val_loss: 0.4758
Epoch 21/200
52/52 - 9s - 177ms/step - loss: 0.4860 - val_loss: 0.4695
Epoch 22/200
52/52 - 9s - 177ms/step - loss: 0.4799 - val_loss: 0.4638
Epoch 23/200
52/52 - 10s - 196ms/step - loss: 0.4742 - val_loss: 0.4585
Epoch 24/200
52/52 - 9s - 181ms/step - loss: 0.4688 - val_loss: 0.4536
Epoch 25/200
52/52 - 9s - 177ms/step - loss: 0.4639 - val_loss: 0.4491
Epoch 26/200
52/52 - 9s - 177ms/step - loss: 0.4593 - val_loss: 0.4448
Epoch 27/200
52/52 - 9s - 177ms/step - loss: 0.4550 - val_loss: 0.4409
Epoch 28/200
52/52 - 9s - 180ms/step - loss: 0.4509 - val_loss: 0.4372
Epoch 29/200
52/52 - 9s - 177ms/step - loss: 0.4471 - val_loss: 0.4337
Epoch 30/200
52/52 - 9s - 178ms/step - loss: 0.4435 - val_loss: 0.4305
Epoch 31/200
52/52 - 9s - 177ms/step - loss: 0.4401 - val_loss: 0.4274
Epoch 32/200
52/52 - 10s - 188ms/step - loss: 0.4370 - val_loss: 0.4246
Epoch 33/200
52/52 - 10s - 197ms/step - loss: 0.4339 - val_loss: 0.4219
Epoch 34/200
52/52 - 10s - 197ms/step - loss: 0.4311 - val_loss: 0.4193
Epoch 35/200
52/52 - 10s - 193ms/step - loss: 0.4284 - val_loss: 0.4169
Epoch 36/200
52/52 - 10s - 194ms/step - loss: 0.4258 - val_loss: 0.4146
Epoch 37/200
52/52 - 10s - 195ms/step - loss: 0.4234 - val_loss: 0.4124
Epoch 38/200
52/52 - 10s - 196ms/step - loss: 0.4210 - val_loss: 0.4103
Epoch 39/200
52/52 - 10s - 198ms/step - loss: 0.4188 - val_loss: 0.4083
Epoch 40/200
52/52 - 10s - 196ms/step - loss: 0.4167 - val_loss: 0.4064
Epoch 41/200
52/52 - 10s - 188ms/step - loss: 0.4147 - val_loss: 0.4047
Epoch 42/200
52/52 - 9s - 182ms/step - loss: 0.4127 - val_loss: 0.4029
Epoch 43/200
52/52 - 10s - 195ms/step - loss: 0.4109 - val_loss: 0.4013
Epoch 44/200
52/52 - 10s - 195ms/step - loss: 0.4091 - val_loss: 0.3997
Epoch 45/200
52/52 - 10s - 183ms/step - loss: 0.4074 - val_loss: 0.3982
Epoch 46/200
52/52 - 9s - 178ms/step - loss: 0.4058 - val_loss: 0.3968
Epoch 47/200
52/52 - 9s - 178ms/step - loss: 0.4042 - val_loss: 0.3954
Epoch 48/200
52/52 - 9s - 179ms/step - loss: 0.4027 - val_loss: 0.3941
Epoch 49/200
52/52 - 10s - 184ms/step - loss: 0.4012 - val_loss: 0.3928
Epoch 50/200
52/52 - 10s - 184ms/step - loss: 0.3998 - val_loss: 0.3915
Epoch 51/200
52/52 - 10s - 184ms/step - loss: 0.3984 - val_loss: 0.3903
Epoch 52/200
52/52 - 10s - 183ms/step - loss: 0.3971 - val_loss: 0.3892
Epoch 53/200
52/52 - 10s - 184ms/step - loss: 0.3958 - val_loss: 0.3881
Epoch 54/200
52/52 - 9s - 181ms/step - loss: 0.3946 - val_loss: 0.3870
Epoch 55/200
52/52 - 10s - 183ms/step - loss: 0.3934 - val_loss: 0.3860
Epoch 56/200
52/52 - 10s - 184ms/step - loss: 0.3923 - val_loss: 0.3850
Epoch 57/200
52/52 - 10s - 184ms/step - loss: 0.3911 - val_loss: 0.3840
Epoch 58/200
52/52 - 9s - 178ms/step - loss: 0.3900 - val_loss: 0.3830
Epoch 59/200
52/52 - 9s - 178ms/step - loss: 0.3890 - val_loss: 0.3821
Epoch 60/200
52/52 - 9s - 178ms/step - loss: 0.3879 - val_loss: 0.3812
Epoch 61/200
52/52 - 10s - 186ms/step - loss: 0.3869 - val_loss: 0.3803
Epoch 62/200
52/52 - 10s - 194ms/step - loss: 0.3860 - val_loss: 0.3795
Epoch 63/200
52/52 - 10s - 194ms/step - loss: 0.3850 - val_loss: 0.3786
Epoch 64/200
52/52 - 10s - 194ms/step - loss: 0.3840 - val_loss: 0.3778
Epoch 65/200
52/52 - 10s - 184ms/step - loss: 0.3831 - val_loss: 0.3770
Epoch 66/200
52/52 - 10s - 183ms/step - loss: 0.3822 - val_loss: 0.3763
Epoch 67/200
52/52 - 10s - 183ms/step - loss: 0.3813 - val_loss: 0.3755
Epoch 68/200
52/52 - 10s - 184ms/step - loss: 0.3804 - val_loss: 0.3747
Epoch 69/200
52/52 - 10s - 184ms/step - loss: 0.3796 - val_loss: 0.3740
Epoch 70/200
52/52 - 11s - 210ms/step - loss: 0.3787 - val_loss: 0.3732
Epoch 71/200
52/52 - 9s - 181ms/step - loss: 0.3778 - val_loss: 0.3725
Epoch 72/200
52/52 - 10s - 184ms/step - loss: 0.3770 - val_loss: 0.3717
Epoch 73/200
52/52 - 10s - 185ms/step - loss: 0.3761 - val_loss: 0.3710
Epoch 74/200
52/52 - 9s - 182ms/step - loss: 0.3752 - val_loss: 0.3702
Epoch 75/200
52/52 - 9s - 179ms/step - loss: 0.3743 - val_loss: 0.3694
Epoch 76/200
52/52 - 10s - 184ms/step - loss: 0.3734 - val_loss: 0.3686
Epoch 77/200
52/52 - 9s - 182ms/step - loss: 0.3724 - val_loss: 0.3678
Epoch 78/200
52/52 - 10s - 183ms/step - loss: 0.3715 - val_loss: 0.3670
Epoch 79/200
52/52 - 10s - 188ms/step - loss: 0.3704 - val_loss: 0.3661
Epoch 80/200
52/52 - 10s - 195ms/step - loss: 0.3694 - val_loss: 0.3651
Epoch 81/200
52/52 - 10s - 186ms/step - loss: 0.3683 - val_loss: 0.3641
Epoch 82/200
52/52 - 9s - 179ms/step - loss: 0.3671 - val_loss: 0.3631
Epoch 83/200
52/52 - 9s - 179ms/step - loss: 0.3659 - val_loss: 0.3620
Epoch 84/200
52/52 - 10s - 184ms/step - loss: 0.3646 - val_loss: 0.3609
Epoch 85/200
52/52 - 10s - 183ms/step - loss: 0.3633 - val_loss: 0.3598
Epoch 86/200
52/52 - 10s - 183ms/step - loss: 0.3619 - val_loss: 0.3586
Epoch 87/200
52/52 - 9s - 181ms/step - loss: 0.3605 - val_loss: 0.3573
Epoch 88/200
52/52 - 9s - 182ms/step - loss: 0.3590 - val_loss: 0.3560
Epoch 89/200
52/52 - 9s - 182ms/step - loss: 0.3575 - val_loss: 0.3547
Epoch 90/200
52/52 - 10s - 185ms/step - loss: 0.3559 - val_loss: 0.3532
Epoch 91/200
52/52 - 9s - 183ms/step - loss: 0.3543 - val_loss: 0.3517
Epoch 92/200
52/52 - 9s - 180ms/step - loss: 0.3525 - val_loss: 0.3501
Epoch 93/200
52/52 - 10s - 192ms/step - loss: 0.3507 - val_loss: 0.3484
Epoch 94/200
52/52 - 10s - 186ms/step - loss: 0.3487 - val_loss: 0.3466
Epoch 95/200
52/52 - 9s - 181ms/step - loss: 0.3468 - val_loss: 0.3447
Epoch 96/200
52/52 - 9s - 182ms/step - loss: 0.3447 - val_loss: 0.3427
Epoch 97/200
52/52 - 10s - 184ms/step - loss: 0.3428 - val_loss: 0.3409
Epoch 98/200
52/52 - 10s - 185ms/step - loss: 0.3409 - val_loss: 0.3392
Epoch 99/200
52/52 - 10s - 184ms/step - loss: 0.3393 - val_loss: 0.3376
Epoch 100/200
52/52 - 9s - 183ms/step - loss: 0.3378 - val_loss: 0.3362
Epoch 101/200
52/52 - 10s - 183ms/step - loss: 0.3365 - val_loss: 0.3350
Epoch 102/200
52/52 - 10s - 185ms/step - loss: 0.3353 - val_loss: 0.3339
Epoch 103/200
52/52 - 10s - 183ms/step - loss: 0.3342 - val_loss: 0.3329
Epoch 104/200
52/52 - 10s - 183ms/step - loss: 0.3332 - val_loss: 0.3319
Epoch 105/200
52/52 - 9s - 182ms/step - loss: 0.3323 - val_loss: 0.3311
Epoch 106/200
52/52 - 10s - 185ms/step - loss: 0.3314 - val_loss: 0.3303
Epoch 107/200
52/52 - 10s - 184ms/step - loss: 0.3306 - val_loss: 0.3295
Epoch 108/200
52/52 - 9s - 181ms/step - loss: 0.3298 - val_loss: 0.3287
Epoch 109/200
52/52 - 9s - 179ms/step - loss: 0.3290 - val_loss: 0.3280
Epoch 110/200
52/52 - 10s - 185ms/step - loss: 0.3282 - val_loss: 0.3273
Epoch 111/200
52/52 - 9s - 182ms/step - loss: 0.3275 - val_loss: 0.3267
Epoch 112/200
52/52 - 10s - 183ms/step - loss: 0.3268 - val_loss: 0.3260
Epoch 113/200
52/52 - 10s - 184ms/step - loss: 0.3262 - val_loss: 0.3254
Epoch 114/200
52/52 - 10s - 185ms/step - loss: 0.3255 - val_loss: 0.3248
Epoch 115/200
52/52 - 9s - 182ms/step - loss: 0.3249 - val_loss: 0.3242
Epoch 116/200
52/52 - 9s - 182ms/step - loss: 0.3243 - val_loss: 0.3237
Epoch 117/200
52/52 - 9s - 178ms/step - loss: 0.3236 - val_loss: 0.3231
Epoch 118/200
52/52 - 10s - 183ms/step - loss: 0.3231 - val_loss: 0.3226
Epoch 119/200
52/52 - 9s - 183ms/step - loss: 0.3225 - val_loss: 0.3221
Epoch 120/200
52/52 - 10s - 184ms/step - loss: 0.3219 - val_loss: 0.3216
Epoch 121/200
52/52 - 9s - 181ms/step - loss: 0.3214 - val_loss: 0.3211
Epoch 122/200
52/52 - 9s - 182ms/step - loss: 0.3208 - val_loss: 0.3206
Epoch 123/200
52/52 - 10s - 184ms/step - loss: 0.3203 - val_loss: 0.3201
Epoch 124/200
52/52 - 10s - 185ms/step - loss: 0.3198 - val_loss: 0.3196
Epoch 125/200
52/52 - 9s - 179ms/step - loss: 0.3193 - val_loss: 0.3192
Epoch 126/200
52/52 - 10s - 183ms/step - loss: 0.3188 - val_loss: 0.3187
Epoch 127/200
52/52 - 10s - 183ms/step - loss: 0.3183 - val_loss: 0.3183
Epoch 128/200
52/52 - 9s - 181ms/step - loss: 0.3178 - val_loss: 0.3179
Epoch 129/200
52/52 - 9s - 178ms/step - loss: 0.3174 - val_loss: 0.3175
Epoch 130/200
52/52 - 9s - 182ms/step - loss: 0.3169 - val_loss: 0.3171
Epoch 131/200
52/52 - 10s - 183ms/step - loss: 0.3165 - val_loss: 0.3167
Epoch 132/200
52/52 - 10s - 186ms/step - loss: 0.3160 - val_loss: 0.3163
Epoch 133/200
52/52 - 10s - 185ms/step - loss: 0.3156 - val_loss: 0.3159
Epoch 134/200
52/52 - 10s - 183ms/step - loss: 0.3152 - val_loss: 0.3155
Epoch 135/200
52/52 - 10s - 186ms/step - loss: 0.3148 - val_loss: 0.3151
Epoch 136/200
52/52 - 10s - 184ms/step - loss: 0.3144 - val_loss: 0.3148
Epoch 137/200
52/52 - 9s - 182ms/step - loss: 0.3140 - val_loss: 0.3144
Epoch 138/200
52/52 - 10s - 184ms/step - loss: 0.3136 - val_loss: 0.3141
Epoch 139/200
52/52 - 10s - 186ms/step - loss: 0.3132 - val_loss: 0.3138
Epoch 140/200
52/52 - 10s - 183ms/step - loss: 0.3128 - val_loss: 0.3134
Epoch 141/200
52/52 - 9s - 182ms/step - loss: 0.3124 - val_loss: 0.3131
Epoch 142/200
52/52 - 10s - 183ms/step - loss: 0.3121 - val_loss: 0.3128
Epoch 143/200
52/52 - 9s - 180ms/step - loss: 0.3117 - val_loss: 0.3125
Epoch 144/200
52/52 - 10s - 183ms/step - loss: 0.3114 - val_loss: 0.3122
Epoch 145/200
52/52 - 9s - 179ms/step - loss: 0.3110 - val_loss: 0.3119
Epoch 146/200
52/52 - 9s - 180ms/step - loss: 0.3107 - val_loss: 0.3116
Epoch 147/200
52/52 - 9s - 182ms/step - loss: 0.3103 - val_loss: 0.3113
Epoch 148/200
52/52 - 10s - 184ms/step - loss: 0.3100 - val_loss: 0.3110
Epoch 149/200
52/52 - 10s - 184ms/step - loss: 0.3097 - val_loss: 0.3107
Epoch 150/200
52/52 - 10s - 184ms/step - loss: 0.3093 - val_loss: 0.3104
Epoch 151/200
52/52 - 9s - 181ms/step - loss: 0.3090 - val_loss: 0.3102
Epoch 152/200
52/52 - 9s - 179ms/step - loss: 0.3087 - val_loss: 0.3099
Epoch 153/200
52/52 - 9s - 178ms/step - loss: 0.3084 - val_loss: 0.3096
Epoch 154/200
52/52 - 9s - 182ms/step - loss: 0.3081 - val_loss: 0.3094
Epoch 155/200
52/52 - 10s - 185ms/step - loss: 0.3078 - val_loss: 0.3091
Epoch 156/200
52/52 - 9s - 182ms/step - loss: 0.3075 - val_loss: 0.3089
Epoch 157/200
52/52 - 9s - 180ms/step - loss: 0.3072 - val_loss: 0.3086
Epoch 158/200
52/52 - 10s - 184ms/step - loss: 0.3069 - val_loss: 0.3084
Epoch 159/200
52/52 - 10s - 185ms/step - loss: 0.3066 - val_loss: 0.3081
Epoch 160/200
52/52 - 10s - 186ms/step - loss: 0.3064 - val_loss: 0.3079
Epoch 161/200
52/52 - 10s - 183ms/step - loss: 0.3061 - val_loss: 0.3077
Epoch 162/200
52/52 - 9s - 179ms/step - loss: 0.3058 - val_loss: 0.3075
Epoch 163/200
52/52 - 10s - 186ms/step - loss: 0.3055 - val_loss: 0.3072
Epoch 164/200
52/52 - 10s - 187ms/step - loss: 0.3053 - val_loss: 0.3070
Epoch 165/200
52/52 - 9s - 180ms/step - loss: 0.3050 - val_loss: 0.3068
Epoch 166/200
52/52 - 9s - 182ms/step - loss: 0.3047 - val_loss: 0.3066
Epoch 167/200
52/52 - 10s - 183ms/step - loss: 0.3045 - val_loss: 0.3064
Epoch 168/200
52/52 - 10s - 185ms/step - loss: 0.3042 - val_loss: 0.3062
Epoch 169/200
52/52 - 10s - 183ms/step - loss: 0.3040 - val_loss: 0.3060
Epoch 170/200
52/52 - 9s - 182ms/step - loss: 0.3037 - val_loss: 0.3058
Epoch 171/200
52/52 - 10s - 185ms/step - loss: 0.3035 - val_loss: 0.3056
Epoch 172/200
52/52 - 10s - 185ms/step - loss: 0.3033 - val_loss: 0.3054
Epoch 173/200
52/52 - 10s - 183ms/step - loss: 0.3030 - val_loss: 0.3052
Epoch 174/200
52/52 - 10s - 184ms/step - loss: 0.3028 - val_loss: 0.3050
Epoch 175/200
52/52 - 10s - 184ms/step - loss: 0.3025 - val_loss: 0.3048
Epoch 176/200
52/52 - 10s - 185ms/step - loss: 0.3023 - val_loss: 0.3046
Epoch 177/200
52/52 - 9s - 181ms/step - loss: 0.3021 - val_loss: 0.3044
Epoch 178/200
52/52 - 10s - 183ms/step - loss: 0.3018 - val_loss: 0.3042
Epoch 179/200
52/52 - 9s - 180ms/step - loss: 0.3016 - val_loss: 0.3041
Epoch 180/200
52/52 - 10s - 183ms/step - loss: 0.3014 - val_loss: 0.3039
Epoch 181/200
52/52 - 10s - 183ms/step - loss: 0.3012 - val_loss: 0.3037
Epoch 182/200
52/52 - 10s - 185ms/step - loss: 0.3009 - val_loss: 0.3035
Epoch 183/200
52/52 - 10s - 185ms/step - loss: 0.3007 - val_loss: 0.3034
Epoch 184/200
52/52 - 9s - 181ms/step - loss: 0.3005 - val_loss: 0.3032
Epoch 185/200
52/52 - 10s - 184ms/step - loss: 0.3003 - val_loss: 0.3030
Epoch 186/200
52/52 - 10s - 185ms/step - loss: 0.3001 - val_loss: 0.3028
Epoch 187/200
52/52 - 10s - 186ms/step - loss: 0.2999 - val_loss: 0.3027
Epoch 188/200
52/52 - 9s - 178ms/step - loss: 0.2996 - val_loss: 0.3025
Epoch 189/200
52/52 - 9s - 178ms/step - loss: 0.2994 - val_loss: 0.3024
Epoch 190/200
52/52 - 10s - 183ms/step - loss: 0.2992 - val_loss: 0.3022
Epoch 191/200
52/52 - 10s - 187ms/step - loss: 0.2990 - val_loss: 0.3020
Epoch 192/200
52/52 - 10s - 194ms/step - loss: 0.2988 - val_loss: 0.3019
Epoch 193/200
52/52 - 10s - 189ms/step - loss: 0.2986 - val_loss: 0.3017
Epoch 194/200
52/52 - 10s - 188ms/step - loss: 0.2984 - val_loss: 0.3016
Epoch 195/200
52/52 - 10s - 192ms/step - loss: 0.2982 - val_loss: 0.3014
Epoch 196/200
52/52 - 10s - 193ms/step - loss: 0.2980 - val_loss: 0.3012
Epoch 197/200
52/52 - 9s - 182ms/step - loss: 0.2978 - val_loss: 0.3011
Epoch 198/200
52/52 - 10s - 183ms/step - loss: 0.2976 - val_loss: 0.3009
Epoch 199/200
52/52 - 10s - 183ms/step - loss: 0.2974 - val_loss: 0.3008
Epoch 200/200
52/52 - 9s - 179ms/step - loss: 0.2972 - val_loss: 0.3006
[Run 4/5] Training single encoder baseline (baseline preprocessing, linear structure, sigmoid head)...
[Run 4/5] Shared encoder (unweight) threshold comparison: dynamic=0.5207 (balanced_accuracy=0.8894), fixed_0.5=0.5000 (balanced_accuracy=0.8894).
[Run 4/5] Shared encoder (weighted) threshold comparison: dynamic=0.6789 (balanced_accuracy=0.8742), fixed_0.5=0.5000 (balanced_accuracy=0.8636).
[Run 4/5] Saved raw test predictions to /home/xx4455/Comparable/Code/Synthetic/Results/Predictions/heart_age_29040_all_run4_raw_predictions.csv.
[Run 5/5] Training shared encoder (unweighted, sigmoid head, baseline preprocessing)...
Epoch 1/200
51/51 - 11s - 223ms/step - loss: 0.8014 - val_loss: 0.7802
Epoch 2/200
51/51 - 9s - 185ms/step - loss: 0.7392 - val_loss: 0.7222
Epoch 3/200
51/51 - 9s - 172ms/step - loss: 0.6854 - val_loss: 0.6727
Epoch 4/200
51/51 - 9s - 181ms/step - loss: 0.6403 - val_loss: 0.6312
Epoch 5/200
51/51 - 9s - 179ms/step - loss: 0.6030 - val_loss: 0.5970
Epoch 6/200
51/51 - 9s - 182ms/step - loss: 0.5724 - val_loss: 0.5688
Epoch 7/200
51/51 - 9s - 180ms/step - loss: 0.5471 - val_loss: 0.5454
Epoch 8/200
51/51 - 9s - 179ms/step - loss: 0.5259 - val_loss: 0.5255
Epoch 9/200
51/51 - 9s - 173ms/step - loss: 0.5079 - val_loss: 0.5084
Epoch 10/200
51/51 - 9s - 177ms/step - loss: 0.4922 - val_loss: 0.4935
Epoch 11/200
51/51 - 9s - 177ms/step - loss: 0.4783 - val_loss: 0.4801
Epoch 12/200
51/51 - 9s - 178ms/step - loss: 0.4658 - val_loss: 0.4681
Epoch 13/200
51/51 - 9s - 176ms/step - loss: 0.4545 - val_loss: 0.4572
Epoch 14/200
51/51 - 9s - 179ms/step - loss: 0.4442 - val_loss: 0.4471
Epoch 15/200
51/51 - 9s - 181ms/step - loss: 0.4346 - val_loss: 0.4378
Epoch 16/200
51/51 - 9s - 177ms/step - loss: 0.4257 - val_loss: 0.4293
Epoch 17/200
51/51 - 9s - 178ms/step - loss: 0.4175 - val_loss: 0.4213
Epoch 18/200
51/51 - 9s - 180ms/step - loss: 0.4098 - val_loss: 0.4139
Epoch 19/200
51/51 - 9s - 173ms/step - loss: 0.4026 - val_loss: 0.4070
Epoch 20/200
51/51 - 9s - 175ms/step - loss: 0.3958 - val_loss: 0.4006
Epoch 21/200
51/51 - 9s - 173ms/step - loss: 0.3895 - val_loss: 0.3946
Epoch 22/200
51/51 - 9s - 175ms/step - loss: 0.3837 - val_loss: 0.3891
Epoch 23/200
51/51 - 9s - 178ms/step - loss: 0.3782 - val_loss: 0.3839
Epoch 24/200
51/51 - 9s - 180ms/step - loss: 0.3730 - val_loss: 0.3791
Epoch 25/200
51/51 - 9s - 179ms/step - loss: 0.3682 - val_loss: 0.3746
Epoch 26/200
51/51 - 9s - 185ms/step - loss: 0.3637 - val_loss: 0.3703
Epoch 27/200
51/51 - 9s - 179ms/step - loss: 0.3595 - val_loss: 0.3664
Epoch 28/200
51/51 - 9s - 176ms/step - loss: 0.3555 - val_loss: 0.3627
Epoch 29/200
51/51 - 9s - 177ms/step - loss: 0.3517 - val_loss: 0.3592
Epoch 30/200
51/51 - 9s - 179ms/step - loss: 0.3482 - val_loss: 0.3559
Epoch 31/200
51/51 - 9s - 179ms/step - loss: 0.3449 - val_loss: 0.3528
Epoch 32/200
51/51 - 9s - 180ms/step - loss: 0.3417 - val_loss: 0.3498
Epoch 33/200
51/51 - 9s - 175ms/step - loss: 0.3387 - val_loss: 0.3471
Epoch 34/200
51/51 - 9s - 173ms/step - loss: 0.3359 - val_loss: 0.3444
Epoch 35/200
51/51 - 9s - 178ms/step - loss: 0.3332 - val_loss: 0.3419
Epoch 36/200
51/51 - 9s - 178ms/step - loss: 0.3306 - val_loss: 0.3395
Epoch 37/200
51/51 - 9s - 180ms/step - loss: 0.3281 - val_loss: 0.3372
Epoch 38/200
51/51 - 9s - 178ms/step - loss: 0.3258 - val_loss: 0.3350
Epoch 39/200
51/51 - 9s - 179ms/step - loss: 0.3235 - val_loss: 0.3328
Epoch 40/200
51/51 - 9s - 180ms/step - loss: 0.3213 - val_loss: 0.3308
Epoch 41/200
51/51 - 9s - 181ms/step - loss: 0.3192 - val_loss: 0.3288
Epoch 42/200
51/51 - 9s - 179ms/step - loss: 0.3172 - val_loss: 0.3270
Epoch 43/200
51/51 - 9s - 177ms/step - loss: 0.3153 - val_loss: 0.3251
Epoch 44/200
51/51 - 9s - 176ms/step - loss: 0.3134 - val_loss: 0.3234
Epoch 45/200
51/51 - 9s - 178ms/step - loss: 0.3116 - val_loss: 0.3217
Epoch 46/200
51/51 - 9s - 175ms/step - loss: 0.3098 - val_loss: 0.3200
Epoch 47/200
51/51 - 9s - 178ms/step - loss: 0.3081 - val_loss: 0.3184
Epoch 48/200
51/51 - 9s - 179ms/step - loss: 0.3064 - val_loss: 0.3169
Epoch 49/200
51/51 - 9s - 181ms/step - loss: 0.3048 - val_loss: 0.3153
Epoch 50/200
51/51 - 9s - 186ms/step - loss: 0.3032 - val_loss: 0.3139
Epoch 51/200
51/51 - 10s - 189ms/step - loss: 0.3017 - val_loss: 0.3124
Epoch 52/200
51/51 - 9s - 180ms/step - loss: 0.3001 - val_loss: 0.3110
Epoch 53/200
51/51 - 9s - 180ms/step - loss: 0.2987 - val_loss: 0.3096
Epoch 54/200
51/51 - 9s - 177ms/step - loss: 0.2972 - val_loss: 0.3083
Epoch 55/200
51/51 - 9s - 178ms/step - loss: 0.2958 - val_loss: 0.3070
Epoch 56/200
51/51 - 9s - 180ms/step - loss: 0.2945 - val_loss: 0.3057
Epoch 57/200
51/51 - 9s - 183ms/step - loss: 0.2931 - val_loss: 0.3044
Epoch 58/200
51/51 - 9s - 184ms/step - loss: 0.2918 - val_loss: 0.3032
Epoch 59/200
51/51 - 9s - 182ms/step - loss: 0.2905 - val_loss: 0.3020
Epoch 60/200
51/51 - 9s - 177ms/step - loss: 0.2892 - val_loss: 0.3008
Epoch 61/200
51/51 - 9s - 174ms/step - loss: 0.2880 - val_loss: 0.2996
Epoch 62/200
51/51 - 9s - 176ms/step - loss: 0.2868 - val_loss: 0.2985
Epoch 63/200
51/51 - 9s - 177ms/step - loss: 0.2856 - val_loss: 0.2974
Epoch 64/200
51/51 - 9s - 178ms/step - loss: 0.2844 - val_loss: 0.2963
Epoch 65/200
51/51 - 9s - 178ms/step - loss: 0.2833 - val_loss: 0.2952
Epoch 66/200
51/51 - 9s - 179ms/step - loss: 0.2822 - val_loss: 0.2942
Epoch 67/200
51/51 - 9s - 179ms/step - loss: 0.2811 - val_loss: 0.2932
Epoch 68/200
51/51 - 9s - 178ms/step - loss: 0.2800 - val_loss: 0.2922
Epoch 69/200
51/51 - 9s - 180ms/step - loss: 0.2790 - val_loss: 0.2912
Epoch 70/200
51/51 - 9s - 174ms/step - loss: 0.2780 - val_loss: 0.2902
Epoch 71/200
51/51 - 9s - 177ms/step - loss: 0.2770 - val_loss: 0.2893
Epoch 72/200
51/51 - 9s - 177ms/step - loss: 0.2760 - val_loss: 0.2884
Epoch 73/200
51/51 - 9s - 177ms/step - loss: 0.2750 - val_loss: 0.2875
Epoch 74/200
51/51 - 9s - 180ms/step - loss: 0.2741 - val_loss: 0.2866
Epoch 75/200
51/51 - 9s - 180ms/step - loss: 0.2731 - val_loss: 0.2857
Epoch 76/200
51/51 - 9s - 178ms/step - loss: 0.2722 - val_loss: 0.2849
Epoch 77/200
51/51 - 9s - 177ms/step - loss: 0.2713 - val_loss: 0.2840
Epoch 78/200
51/51 - 9s - 174ms/step - loss: 0.2704 - val_loss: 0.2832
Epoch 79/200
51/51 - 9s - 177ms/step - loss: 0.2696 - val_loss: 0.2824
Epoch 80/200
51/51 - 9s - 178ms/step - loss: 0.2687 - val_loss: 0.2816
Epoch 81/200
51/51 - 9s - 178ms/step - loss: 0.2679 - val_loss: 0.2808
Epoch 82/200
51/51 - 9s - 177ms/step - loss: 0.2671 - val_loss: 0.2801
Epoch 83/200
51/51 - 9s - 178ms/step - loss: 0.2663 - val_loss: 0.2793
Epoch 84/200
51/51 - 9s - 178ms/step - loss: 0.2655 - val_loss: 0.2786
Epoch 85/200
51/51 - 9s - 178ms/step - loss: 0.2647 - val_loss: 0.2779
Epoch 86/200
51/51 - 9s - 180ms/step - loss: 0.2639 - val_loss: 0.2772
Epoch 87/200
51/51 - 9s - 178ms/step - loss: 0.2632 - val_loss: 0.2765
Epoch 88/200
51/51 - 9s - 179ms/step - loss: 0.2625 - val_loss: 0.2758
Epoch 89/200
51/51 - 9s - 178ms/step - loss: 0.2617 - val_loss: 0.2751
Epoch 90/200
51/51 - 9s - 181ms/step - loss: 0.2610 - val_loss: 0.2745
Epoch 91/200
51/51 - 9s - 177ms/step - loss: 0.2603 - val_loss: 0.2738
Epoch 92/200
51/51 - 9s - 173ms/step - loss: 0.2596 - val_loss: 0.2732
Epoch 93/200
51/51 - 9s - 180ms/step - loss: 0.2589 - val_loss: 0.2726
Epoch 94/200
51/51 - 9s - 173ms/step - loss: 0.2583 - val_loss: 0.2720
Epoch 95/200
51/51 - 9s - 172ms/step - loss: 0.2576 - val_loss: 0.2714
Epoch 96/200
51/51 - 9s - 178ms/step - loss: 0.2570 - val_loss: 0.2708
Epoch 97/200
51/51 - 9s - 178ms/step - loss: 0.2563 - val_loss: 0.2702
Epoch 98/200
51/51 - 9s - 179ms/step - loss: 0.2557 - val_loss: 0.2696
Epoch 99/200
51/51 - 9s - 180ms/step - loss: 0.2551 - val_loss: 0.2690
Epoch 100/200
51/51 - 9s - 177ms/step - loss: 0.2545 - val_loss: 0.2685
Epoch 101/200
51/51 - 9s - 176ms/step - loss: 0.2539 - val_loss: 0.2679
Epoch 102/200
51/51 - 9s - 178ms/step - loss: 0.2533 - val_loss: 0.2674
Epoch 103/200
51/51 - 9s - 176ms/step - loss: 0.2527 - val_loss: 0.2669
Epoch 104/200
51/51 - 9s - 176ms/step - loss: 0.2522 - val_loss: 0.2664
Epoch 105/200
51/51 - 9s - 177ms/step - loss: 0.2516 - val_loss: 0.2658
Epoch 106/200
51/51 - 9s - 179ms/step - loss: 0.2511 - val_loss: 0.2653
Epoch 107/200
51/51 - 11s - 217ms/step - loss: 0.2505 - val_loss: 0.2648
Epoch 108/200
51/51 - 9s - 183ms/step - loss: 0.2500 - val_loss: 0.2643
Epoch 109/200
51/51 - 9s - 179ms/step - loss: 0.2494 - val_loss: 0.2638
Epoch 110/200
51/51 - 9s - 174ms/step - loss: 0.2489 - val_loss: 0.2634
Epoch 111/200
51/51 - 9s - 179ms/step - loss: 0.2484 - val_loss: 0.2629
Epoch 112/200
51/51 - 9s - 177ms/step - loss: 0.2479 - val_loss: 0.2624
Epoch 113/200
51/51 - 9s - 178ms/step - loss: 0.2474 - val_loss: 0.2620
Epoch 114/200
51/51 - 9s - 180ms/step - loss: 0.2469 - val_loss: 0.2615
Epoch 115/200
51/51 - 9s - 179ms/step - loss: 0.2464 - val_loss: 0.2611
Epoch 116/200
51/51 - 9s - 176ms/step - loss: 0.2459 - val_loss: 0.2606
Epoch 117/200
51/51 - 9s - 178ms/step - loss: 0.2455 - val_loss: 0.2602
Epoch 118/200
51/51 - 9s - 179ms/step - loss: 0.2450 - val_loss: 0.2597
Epoch 119/200
51/51 - 9s - 177ms/step - loss: 0.2445 - val_loss: 0.2593
Epoch 120/200
51/51 - 9s - 177ms/step - loss: 0.2441 - val_loss: 0.2589
Epoch 121/200
51/51 - 9s - 178ms/step - loss: 0.2436 - val_loss: 0.2585
Epoch 122/200
51/51 - 9s - 180ms/step - loss: 0.2432 - val_loss: 0.2580
Epoch 123/200
51/51 - 9s - 180ms/step - loss: 0.2427 - val_loss: 0.2576
Epoch 124/200
51/51 - 9s - 173ms/step - loss: 0.2423 - val_loss: 0.2572
Epoch 125/200
51/51 - 9s - 179ms/step - loss: 0.2418 - val_loss: 0.2568
Epoch 126/200
51/51 - 9s - 177ms/step - loss: 0.2414 - val_loss: 0.2564
Epoch 127/200
51/51 - 9s - 179ms/step - loss: 0.2410 - val_loss: 0.2560
Epoch 128/200
51/51 - 9s - 179ms/step - loss: 0.2406 - val_loss: 0.2556
Epoch 129/200
51/51 - 9s - 181ms/step - loss: 0.2402 - val_loss: 0.2552
Epoch 130/200
51/51 - 9s - 177ms/step - loss: 0.2398 - val_loss: 0.2548
Epoch 131/200
51/51 - 9s - 175ms/step - loss: 0.2393 - val_loss: 0.2544
Epoch 132/200
51/51 - 9s - 175ms/step - loss: 0.2389 - val_loss: 0.2540
Epoch 133/200
51/51 - 9s - 175ms/step - loss: 0.2385 - val_loss: 0.2537
Epoch 134/200
51/51 - 9s - 179ms/step - loss: 0.2381 - val_loss: 0.2533
Epoch 135/200
51/51 - 9s - 177ms/step - loss: 0.2378 - val_loss: 0.2529
Epoch 136/200
51/51 - 9s - 179ms/step - loss: 0.2374 - val_loss: 0.2525
Epoch 137/200
51/51 - 9s - 179ms/step - loss: 0.2370 - val_loss: 0.2521
Epoch 138/200
51/51 - 9s - 178ms/step - loss: 0.2366 - val_loss: 0.2518
Epoch 139/200
51/51 - 9s - 178ms/step - loss: 0.2362 - val_loss: 0.2514
Epoch 140/200
51/51 - 9s - 175ms/step - loss: 0.2358 - val_loss: 0.2510
Epoch 141/200
51/51 - 9s - 178ms/step - loss: 0.2354 - val_loss: 0.2506
Epoch 142/200
51/51 - 9s - 178ms/step - loss: 0.2351 - val_loss: 0.2503
Epoch 143/200
51/51 - 9s - 179ms/step - loss: 0.2347 - val_loss: 0.2499
Epoch 144/200
51/51 - 10s - 188ms/step - loss: 0.2343 - val_loss: 0.2495
Epoch 145/200
51/51 - 9s - 186ms/step - loss: 0.2340 - val_loss: 0.2492
Epoch 146/200
51/51 - 9s - 177ms/step - loss: 0.2336 - val_loss: 0.2488
Epoch 147/200
51/51 - 9s - 178ms/step - loss: 0.2332 - val_loss: 0.2484
Epoch 148/200
51/51 - 9s - 177ms/step - loss: 0.2329 - val_loss: 0.2481
Epoch 149/200
51/51 - 9s - 178ms/step - loss: 0.2325 - val_loss: 0.2477
Epoch 150/200
51/51 - 9s - 178ms/step - loss: 0.2321 - val_loss: 0.2473
Epoch 151/200
51/51 - 9s - 179ms/step - loss: 0.2318 - val_loss: 0.2470
Epoch 152/200
51/51 - 9s - 177ms/step - loss: 0.2314 - val_loss: 0.2466
Epoch 153/200
51/51 - 9s - 172ms/step - loss: 0.2311 - val_loss: 0.2463
Epoch 154/200
51/51 - 9s - 178ms/step - loss: 0.2307 - val_loss: 0.2459
Epoch 155/200
51/51 - 9s - 178ms/step - loss: 0.2304 - val_loss: 0.2456
Epoch 156/200
51/51 - 9s - 180ms/step - loss: 0.2300 - val_loss: 0.2452
Epoch 157/200
51/51 - 9s - 176ms/step - loss: 0.2297 - val_loss: 0.2449
Epoch 158/200
51/51 - 9s - 178ms/step - loss: 0.2294 - val_loss: 0.2445
Epoch 159/200
51/51 - 9s - 177ms/step - loss: 0.2290 - val_loss: 0.2442
Epoch 160/200
51/51 - 9s - 178ms/step - loss: 0.2287 - val_loss: 0.2438
Epoch 161/200
51/51 - 9s - 177ms/step - loss: 0.2284 - val_loss: 0.2435
Epoch 162/200
51/51 - 9s - 177ms/step - loss: 0.2280 - val_loss: 0.2432
Epoch 163/200
51/51 - 9s - 179ms/step - loss: 0.2277 - val_loss: 0.2429
Epoch 164/200
51/51 - 9s - 179ms/step - loss: 0.2274 - val_loss: 0.2425
Epoch 165/200
51/51 - 9s - 176ms/step - loss: 0.2271 - val_loss: 0.2422
Epoch 166/200
51/51 - 9s - 174ms/step - loss: 0.2268 - val_loss: 0.2419
Epoch 167/200
51/51 - 9s - 176ms/step - loss: 0.2265 - val_loss: 0.2416
Epoch 168/200
51/51 - 9s - 178ms/step - loss: 0.2262 - val_loss: 0.2413
Epoch 169/200
51/51 - 9s - 173ms/step - loss: 0.2258 - val_loss: 0.2409
Epoch 170/200
51/51 - 9s - 173ms/step - loss: 0.2255 - val_loss: 0.2406
Epoch 171/200
51/51 - 9s - 179ms/step - loss: 0.2252 - val_loss: 0.2403
Epoch 172/200
51/51 - 9s - 177ms/step - loss: 0.2249 - val_loss: 0.2400
Epoch 173/200
51/51 - 9s - 178ms/step - loss: 0.2247 - val_loss: 0.2397
Epoch 174/200
51/51 - 9s - 177ms/step - loss: 0.2244 - val_loss: 0.2394
Epoch 175/200
51/51 - 9s - 178ms/step - loss: 0.2241 - val_loss: 0.2391
Epoch 176/200
51/51 - 9s - 179ms/step - loss: 0.2238 - val_loss: 0.2389
Epoch 177/200
51/51 - 9s - 178ms/step - loss: 0.2235 - val_loss: 0.2386
Epoch 178/200
51/51 - 9s - 177ms/step - loss: 0.2232 - val_loss: 0.2383
Epoch 179/200
51/51 - 9s - 174ms/step - loss: 0.2229 - val_loss: 0.2380
Epoch 180/200
51/51 - 9s - 177ms/step - loss: 0.2227 - val_loss: 0.2377
Epoch 181/200
51/51 - 10s - 195ms/step - loss: 0.2224 - val_loss: 0.2375
Epoch 182/200
51/51 - 9s - 181ms/step - loss: 0.2221 - val_loss: 0.2372
Epoch 183/200
51/51 - 9s - 178ms/step - loss: 0.2219 - val_loss: 0.2369
Epoch 184/200
51/51 - 9s - 176ms/step - loss: 0.2216 - val_loss: 0.2367
Epoch 185/200
51/51 - 9s - 177ms/step - loss: 0.2213 - val_loss: 0.2364
Epoch 186/200
51/51 - 9s - 176ms/step - loss: 0.2211 - val_loss: 0.2361
Epoch 187/200
51/51 - 9s - 178ms/step - loss: 0.2208 - val_loss: 0.2359
Epoch 188/200
51/51 - 9s - 177ms/step - loss: 0.2206 - val_loss: 0.2356
Epoch 189/200
51/51 - 9s - 174ms/step - loss: 0.2203 - val_loss: 0.2354
Epoch 190/200
51/51 - 9s - 178ms/step - loss: 0.2201 - val_loss: 0.2351
Epoch 191/200
51/51 - 9s - 175ms/step - loss: 0.2198 - val_loss: 0.2349
Epoch 192/200
51/51 - 9s - 177ms/step - loss: 0.2196 - val_loss: 0.2346
Epoch 193/200
51/51 - 9s - 178ms/step - loss: 0.2193 - val_loss: 0.2344
Epoch 194/200
51/51 - 9s - 174ms/step - loss: 0.2191 - val_loss: 0.2341
Epoch 195/200
51/51 - 9s - 176ms/step - loss: 0.2188 - val_loss: 0.2339
Epoch 196/200
51/51 - 9s - 177ms/step - loss: 0.2186 - val_loss: 0.2337
Epoch 197/200
51/51 - 9s - 178ms/step - loss: 0.2184 - val_loss: 0.2334
Epoch 198/200
51/51 - 9s - 178ms/step - loss: 0.2181 - val_loss: 0.2332
Epoch 199/200
51/51 - 9s - 171ms/step - loss: 0.2179 - val_loss: 0.2330
Epoch 200/200
51/51 - 9s - 179ms/step - loss: 0.2177 - val_loss: 0.2327
[Run 5/5] Training shared encoder (weighted, sigmoid head, baseline preprocessing)...
Epoch 1/200
51/51 - 12s - 239ms/step - loss: 0.8245 - val_loss: 0.7973
Epoch 2/200
51/51 - 9s - 186ms/step - loss: 0.7658 - val_loss: 0.7412
Epoch 3/200
51/51 - 9s - 179ms/step - loss: 0.7132 - val_loss: 0.6920
Epoch 4/200
51/51 - 10s - 195ms/step - loss: 0.6675 - val_loss: 0.6498
Epoch 5/200
51/51 - 9s - 183ms/step - loss: 0.6285 - val_loss: 0.6141
Epoch 6/200
51/51 - 9s - 180ms/step - loss: 0.5953 - val_loss: 0.5839
Epoch 7/200
51/51 - 9s - 180ms/step - loss: 0.5670 - val_loss: 0.5583
Epoch 8/200
51/51 - 9s - 185ms/step - loss: 0.5428 - val_loss: 0.5365
Epoch 9/200
51/51 - 10s - 187ms/step - loss: 0.5221 - val_loss: 0.5178
Epoch 10/200
51/51 - 9s - 179ms/step - loss: 0.5041 - val_loss: 0.5017
Epoch 11/200
51/51 - 9s - 185ms/step - loss: 0.4885 - val_loss: 0.4877
Epoch 12/200
51/51 - 9s - 183ms/step - loss: 0.4748 - val_loss: 0.4754
Epoch 13/200
51/51 - 9s - 183ms/step - loss: 0.4627 - val_loss: 0.4645
Epoch 14/200
51/51 - 9s - 186ms/step - loss: 0.4519 - val_loss: 0.4548
Epoch 15/200
51/51 - 9s - 185ms/step - loss: 0.4422 - val_loss: 0.4461
Epoch 16/200
51/51 - 9s - 184ms/step - loss: 0.4334 - val_loss: 0.4381
Epoch 17/200
51/51 - 9s - 183ms/step - loss: 0.4254 - val_loss: 0.4309
Epoch 18/200
51/51 - 9s - 183ms/step - loss: 0.4181 - val_loss: 0.4243
Epoch 19/200
51/51 - 9s - 181ms/step - loss: 0.4115 - val_loss: 0.4182
Epoch 20/200
51/51 - 9s - 182ms/step - loss: 0.4053 - val_loss: 0.4126
Epoch 21/200
51/51 - 9s - 184ms/step - loss: 0.3996 - val_loss: 0.4074
Epoch 22/200
51/51 - 9s - 182ms/step - loss: 0.3944 - val_loss: 0.4026
Epoch 23/200
51/51 - 9s - 182ms/step - loss: 0.3895 - val_loss: 0.3981
Epoch 24/200
51/51 - 9s - 186ms/step - loss: 0.3849 - val_loss: 0.3939
Epoch 25/200
51/51 - 10s - 187ms/step - loss: 0.3807 - val_loss: 0.3900
Epoch 26/200
51/51 - 9s - 184ms/step - loss: 0.3767 - val_loss: 0.3863
Epoch 27/200
51/51 - 9s - 185ms/step - loss: 0.3729 - val_loss: 0.3828
Epoch 28/200
51/51 - 9s - 184ms/step - loss: 0.3694 - val_loss: 0.3796
Epoch 29/200
51/51 - 9s - 186ms/step - loss: 0.3661 - val_loss: 0.3765
Epoch 30/200
51/51 - 9s - 185ms/step - loss: 0.3629 - val_loss: 0.3736
Epoch 31/200
51/51 - 9s - 180ms/step - loss: 0.3600 - val_loss: 0.3708
Epoch 32/200
51/51 - 9s - 180ms/step - loss: 0.3572 - val_loss: 0.3682
Epoch 33/200
51/51 - 9s - 184ms/step - loss: 0.3545 - val_loss: 0.3657
Epoch 34/200
51/51 - 9s - 185ms/step - loss: 0.3519 - val_loss: 0.3633
Epoch 35/200
51/51 - 9s - 186ms/step - loss: 0.3495 - val_loss: 0.3611
Epoch 36/200
51/51 - 9s - 184ms/step - loss: 0.3472 - val_loss: 0.3589
Epoch 37/200
51/51 - 10s - 193ms/step - loss: 0.3449 - val_loss: 0.3568
Epoch 38/200
51/51 - 10s - 196ms/step - loss: 0.3428 - val_loss: 0.3548
Epoch 39/200
51/51 - 9s - 181ms/step - loss: 0.3407 - val_loss: 0.3529
Epoch 40/200
51/51 - 9s - 183ms/step - loss: 0.3388 - val_loss: 0.3511
Epoch 41/200
51/51 - 9s - 184ms/step - loss: 0.3369 - val_loss: 0.3493
Epoch 42/200
51/51 - 10s - 195ms/step - loss: 0.3350 - val_loss: 0.3476
Epoch 43/200
51/51 - 10s - 189ms/step - loss: 0.3332 - val_loss: 0.3459
Epoch 44/200
51/51 - 9s - 185ms/step - loss: 0.3315 - val_loss: 0.3444
Epoch 45/200
51/51 - 9s - 183ms/step - loss: 0.3299 - val_loss: 0.3428
Epoch 46/200
51/51 - 9s - 186ms/step - loss: 0.3283 - val_loss: 0.3413
Epoch 47/200
51/51 - 9s - 186ms/step - loss: 0.3267 - val_loss: 0.3399
Epoch 48/200
51/51 - 9s - 185ms/step - loss: 0.3252 - val_loss: 0.3385
Epoch 49/200
51/51 - 9s - 183ms/step - loss: 0.3238 - val_loss: 0.3371
Epoch 50/200
51/51 - 9s - 182ms/step - loss: 0.3223 - val_loss: 0.3358
Epoch 51/200
51/51 - 9s - 185ms/step - loss: 0.3209 - val_loss: 0.3345
Epoch 52/200
51/51 - 9s - 184ms/step - loss: 0.3196 - val_loss: 0.3332
Epoch 53/200
51/51 - 9s - 181ms/step - loss: 0.3183 - val_loss: 0.3320
Epoch 54/200
51/51 - 9s - 182ms/step - loss: 0.3170 - val_loss: 0.3308
Epoch 55/200
51/51 - 9s - 180ms/step - loss: 0.3157 - val_loss: 0.3297
Epoch 56/200
51/51 - 9s - 181ms/step - loss: 0.3145 - val_loss: 0.3285
Epoch 57/200
51/51 - 9s - 183ms/step - loss: 0.3133 - val_loss: 0.3274
Epoch 58/200
51/51 - 9s - 185ms/step - loss: 0.3122 - val_loss: 0.3263
Epoch 59/200
51/51 - 9s - 185ms/step - loss: 0.3110 - val_loss: 0.3253
Epoch 60/200
51/51 - 9s - 184ms/step - loss: 0.3099 - val_loss: 0.3243
Epoch 61/200
51/51 - 9s - 182ms/step - loss: 0.3088 - val_loss: 0.3232
Epoch 62/200
51/51 - 9s - 185ms/step - loss: 0.3078 - val_loss: 0.3223
Epoch 63/200
51/51 - 9s - 185ms/step - loss: 0.3067 - val_loss: 0.3213
Epoch 64/200
51/51 - 9s - 179ms/step - loss: 0.3057 - val_loss: 0.3203
Epoch 65/200
51/51 - 9s - 185ms/step - loss: 0.3047 - val_loss: 0.3194
Epoch 66/200
51/51 - 9s - 185ms/step - loss: 0.3037 - val_loss: 0.3185
Epoch 67/200
51/51 - 9s - 183ms/step - loss: 0.3028 - val_loss: 0.3176
Epoch 68/200
51/51 - 9s - 184ms/step - loss: 0.3018 - val_loss: 0.3167
Epoch 69/200
51/51 - 9s - 183ms/step - loss: 0.3009 - val_loss: 0.3159
Epoch 70/200
51/51 - 9s - 184ms/step - loss: 0.3000 - val_loss: 0.3150
Epoch 71/200
51/51 - 9s - 185ms/step - loss: 0.2991 - val_loss: 0.3142
Epoch 72/200
51/51 - 9s - 186ms/step - loss: 0.2982 - val_loss: 0.3134
Epoch 73/200
51/51 - 9s - 182ms/step - loss: 0.2974 - val_loss: 0.3126
Epoch 74/200
51/51 - 9s - 181ms/step - loss: 0.2965 - val_loss: 0.3118
Epoch 75/200
51/51 - 9s - 185ms/step - loss: 0.2957 - val_loss: 0.3110
Epoch 76/200
51/51 - 9s - 186ms/step - loss: 0.2949 - val_loss: 0.3102
Epoch 77/200
51/51 - 9s - 185ms/step - loss: 0.2941 - val_loss: 0.3095
Epoch 78/200
51/51 - 9s - 182ms/step - loss: 0.2933 - val_loss: 0.3088
Epoch 79/200
51/51 - 9s - 179ms/step - loss: 0.2925 - val_loss: 0.3080
Epoch 80/200
51/51 - 9s - 185ms/step - loss: 0.2917 - val_loss: 0.3073
Epoch 81/200
51/51 - 9s - 183ms/step - loss: 0.2909 - val_loss: 0.3066
Epoch 82/200
51/51 - 9s - 185ms/step - loss: 0.2902 - val_loss: 0.3059
Epoch 83/200
51/51 - 9s - 185ms/step - loss: 0.2895 - val_loss: 0.3052
Epoch 84/200
51/51 - 9s - 181ms/step - loss: 0.2887 - val_loss: 0.3045
Epoch 85/200
51/51 - 9s - 182ms/step - loss: 0.2880 - val_loss: 0.3038
Epoch 86/200
51/51 - 9s - 184ms/step - loss: 0.2873 - val_loss: 0.3032
Epoch 87/200
51/51 - 10s - 187ms/step - loss: 0.2866 - val_loss: 0.3025
Epoch 88/200
51/51 - 9s - 184ms/step - loss: 0.2859 - val_loss: 0.3018
Epoch 89/200
51/51 - 9s - 185ms/step - loss: 0.2852 - val_loss: 0.3012
Epoch 90/200
51/51 - 9s - 183ms/step - loss: 0.2845 - val_loss: 0.3005
Epoch 91/200
51/51 - 9s - 180ms/step - loss: 0.2839 - val_loss: 0.2999
Epoch 92/200
51/51 - 9s - 180ms/step - loss: 0.2832 - val_loss: 0.2993
Epoch 93/200
51/51 - 10s - 188ms/step - loss: 0.2825 - val_loss: 0.2986
Epoch 94/200
51/51 - 9s - 185ms/step - loss: 0.2819 - val_loss: 0.2980
Epoch 95/200
51/51 - 9s - 180ms/step - loss: 0.2813 - val_loss: 0.2974
Epoch 96/200
51/51 - 9s - 184ms/step - loss: 0.2806 - val_loss: 0.2968
Epoch 97/200
51/51 - 9s - 185ms/step - loss: 0.2800 - val_loss: 0.2962
Epoch 98/200
51/51 - 9s - 186ms/step - loss: 0.2794 - val_loss: 0.2956
Epoch 99/200
51/51 - 9s - 184ms/step - loss: 0.2788 - val_loss: 0.2950
Epoch 100/200
51/51 - 9s - 184ms/step - loss: 0.2782 - val_loss: 0.2944
Epoch 101/200
51/51 - 9s - 184ms/step - loss: 0.2776 - val_loss: 0.2938
Epoch 102/200
51/51 - 9s - 186ms/step - loss: 0.2770 - val_loss: 0.2932
Epoch 103/200
51/51 - 9s - 182ms/step - loss: 0.2764 - val_loss: 0.2926
Epoch 104/200
51/51 - 9s - 182ms/step - loss: 0.2759 - val_loss: 0.2921
Epoch 105/200
51/51 - 9s - 182ms/step - loss: 0.2753 - val_loss: 0.2915
Epoch 106/200
51/51 - 9s - 182ms/step - loss: 0.2747 - val_loss: 0.2909
Epoch 107/200
51/51 - 9s - 185ms/step - loss: 0.2742 - val_loss: 0.2904
Epoch 108/200
51/51 - 9s - 186ms/step - loss: 0.2736 - val_loss: 0.2898
Epoch 109/200
51/51 - 9s - 185ms/step - loss: 0.2731 - val_loss: 0.2893
Epoch 110/200
51/51 - 10s - 189ms/step - loss: 0.2726 - val_loss: 0.2888
Epoch 111/200
51/51 - 9s - 184ms/step - loss: 0.2721 - val_loss: 0.2882
Epoch 112/200
