test_index,y_true,sa,raw_lr,raw_unweight,raw_weighted,raw_single_encoder
0,0,0,0.0022505028246946955,8.4216146e-07,3.4728107e-08,0.0028419164
1,0,0,0.0003087070423318042,2.091667e-14,7.6891716e-13,0.00036738339
2,1,1,0.5911409148347093,0.9994855,0.9961263,0.5954701
3,0,0,0.0066435513241732734,7.852981e-09,5.568717e-07,0.006819409
4,0,1,0.006801760627790219,1.8744366e-06,3.4663626e-07,0.00776623
5,0,1,0.005306996349811525,3.715259e-07,3.0259155e-08,0.0047910474
6,1,1,0.451717552629317,0.99550927,0.98658615,0.444698
7,0,0,0.014912807861382767,2.271557e-06,1.7821752e-05,0.015431033
8,1,1,0.5448787120331375,0.99825734,0.994764,0.5442892
9,0,1,0.0075966031541052585,2.1775557e-07,5.180309e-08,0.008660227
10,0,1,0.6295832952898661,0.9999101,0.9996551,0.63389903
11,0,1,0.04033005919428324,0.003602413,0.0016715267,0.045041367
12,0,1,0.31212174178440394,0.8415168,0.5159219,0.31479067
13,0,1,0.009460626296162313,1.1114993e-05,5.2015794e-06,0.0114394035
14,1,1,0.5153603521044944,0.99962807,0.99832505,0.52041847
15,1,1,0.10132618233758035,0.015451877,0.00083489774,0.09838797
16,0,1,0.07088337220361653,0.0021418384,0.001671709,0.06498476
17,1,1,0.4845413295272996,0.9997428,0.99945766,0.5065106
18,0,1,0.3799778827298083,0.9533452,0.7784881,0.37685063
19,0,1,0.0016190306888186038,2.7801287e-11,1.2759836e-11,0.0018590752
20,1,1,0.7165267672407595,0.9999882,0.9999602,0.71632236
21,0,1,0.2926305084372897,0.15845421,0.018944371,0.28612357
22,1,1,0.3885161686702866,0.9978429,0.9914699,0.38889015
23,0,1,0.19163379016360207,0.37988183,0.15803745,0.19976716
24,0,1,0.6212780999771456,0.999805,0.99783885,0.6263398
25,0,1,0.09112702006000908,0.0052253255,0.0009925168,0.090280965
26,0,1,0.4289232738322411,0.99695647,0.98898417,0.44287762
27,0,0,0.018323751756466677,2.14409e-05,0.00030228673,0.023087913
28,0,0,0.008710664955783534,2.0469223e-07,3.4551028e-06,0.008301987
29,1,1,0.24734047146723015,0.879411,0.55065686,0.2472087
30,0,1,0.07017731173375369,0.0061861263,0.0014920642,0.06848737
31,0,1,0.23345006791589534,0.4918583,0.15273838,0.2328945
32,0,1,0.045450158254788556,0.00085440703,0.0002669618,0.04566684
33,0,1,0.4069970620276771,0.9522182,0.66047674,0.403426
34,0,1,0.0034342273801993184,1.1061005e-09,3.6320646e-10,0.0031289794
35,0,0,0.07170253812047056,0.0060605113,0.1363722,0.07512813
36,1,1,0.6803160274315005,0.9999044,0.9998599,0.68951374
37,0,1,0.020299446018403295,4.6819725e-05,1.0984695e-07,0.03495382
38,1,1,0.826457141054852,0.99999964,0.9999989,0.8283201
39,1,1,0.07581287710228037,0.007318873,0.000512295,0.07381129
40,0,1,0.05780783561571381,5.5587752e-05,1.9212293e-06,0.054128647
41,0,0,0.01690913083916975,7.757491e-06,0.00012218716,0.016402287
42,0,1,0.008099820399480097,4.8323523e-06,1.6669935e-06,0.009571385
43,1,1,0.8626711260408687,0.99999607,0.9999763,0.8465342
44,0,0,0.006383468341706556,2.6860621e-07,2.6149015e-05,0.0063142935
45,1,1,0.3104982949620884,0.69511515,0.35766655,0.2945206
46,0,1,0.11213771997919991,0.11131849,0.021362202,0.11044871
47,0,0,0.06409458608202658,0.002184175,0.041236248,0.064532585
48,1,1,0.9934331491516858,1.0,1.0,0.9925781
49,0,0,0.051106347895283975,0.00011369247,0.003455188,0.049752805
50,0,1,0.01558198765056819,2.7893282e-05,4.4514336e-06,0.01834878
51,0,1,0.01910160022461388,2.877014e-06,5.5210717e-07,0.018131493
52,0,1,0.010121627817449807,4.649484e-07,4.8308543e-08,0.013378523
53,0,1,0.02429164978535455,2.4278143e-05,1.49742245e-05,0.02443868
54,0,1,0.841765250442536,0.9999995,0.99999905,0.842266
55,0,1,0.007616822796612955,5.613614e-07,5.234829e-08,0.0068154284
56,0,1,0.0018686492550118257,2.0394643e-10,2.1004656e-11,0.0022089374
57,0,1,0.13242427732242973,0.06463318,0.018973412,0.1155407
58,0,0,0.1370561153513148,0.015902981,0.11283063,0.13403097
59,1,0,0.022490095047479532,7.462899e-06,0.0001876308,0.022722226
60,0,1,0.03593334740004615,0.00014977384,2.586388e-05,0.03603155
61,0,1,0.003690606895758067,3.2743114e-07,6.033218e-09,0.0059314007
62,0,1,0.24836019147999158,0.75763905,0.16795309,0.25018898
63,0,1,0.45220949386878767,0.999846,0.9998702,0.4398574
64,0,1,0.004086923064118394,1.2276001e-07,8.609182e-09,0.0045317025
65,1,1,0.40329159946329773,0.9744821,0.9232934,0.3959915
66,0,1,0.04193074379679845,0.00015948007,3.0005935e-05,0.047171984
67,0,1,0.07002290705082065,0.0004237805,4.8817175e-05,0.07225345
68,1,1,0.33038918181811183,0.9515621,0.88148606,0.32336214
69,0,1,0.008785560981008475,5.449622e-06,1.5677199e-06,0.010545801
70,0,0,0.007429150802608144,1.5545514e-06,8.700818e-05,0.008554294
71,0,0,0.016356246178669293,6.916771e-07,5.5655278e-06,0.016569214
72,1,1,0.860884967340219,0.9999924,0.9999484,0.86470604
73,1,1,0.7295168003919948,0.999979,0.99996936,0.7286275
74,0,0,0.04228058820907641,0.0031759385,0.03803072,0.043681566
75,0,1,0.0010560418559570025,2.8154767e-11,1.3379695e-11,0.0012130863
76,0,0,0.003692304373648897,3.6490355e-10,3.812064e-08,0.003419318
77,0,1,0.012872371417588957,9.964609e-05,6.400022e-06,0.015285209
78,0,1,0.016023632508634422,9.564572e-08,4.712777e-08,0.0138547905
79,0,1,0.012710630934611397,5.724906e-06,5.9850197e-07,0.01118921
80,0,1,0.6031513948106187,0.99998784,0.9999782,0.61198235
81,0,1,0.3098899282238287,0.8812192,0.7291878,0.30699176
82,0,1,0.4225781778950434,0.990737,0.9754916,0.40622088
83,1,1,0.8430185834524146,0.99999964,0.9999993,0.842735
84,1,1,0.9911885853733688,0.99998975,0.9969587,0.9889108
85,0,1,0.0745196363531066,0.0015667367,0.00037640333,0.07150541
86,0,1,0.2898927279013619,0.99450547,0.9820822,0.29651153
87,0,1,0.30582290060810946,0.96478957,0.9088611,0.30731967
88,0,1,0.06965333799449651,0.0021494904,0.0016838417,0.07095727
89,0,0,0.005365931972852978,2.7882746e-07,4.0385394e-06,0.00687117
90,0,1,0.1800492359553967,0.3348073,0.14013407,0.17370664
91,0,1,0.2776618680785048,0.8586233,0.5402296,0.2765687
92,0,0,0.03710048267112167,0.0019499764,0.027690014,0.03815836
93,1,1,0.8953445707225172,0.9999999,0.99999785,0.8987584
94,0,1,0.005569277607206518,1.960253e-06,4.4139105e-07,0.00669203
95,0,0,0.02846101056075083,0.00016112074,0.0020870804,0.028953027
96,0,1,0.010463074812049937,0.00017767871,2.4447238e-05,0.01832666
97,0,1,0.18258773749597657,0.118040636,0.017969036,0.18259834
98,0,1,0.011574541395305503,1.474449e-08,4.5878934e-10,0.01043913
99,0,1,0.49684930371995634,0.99297297,0.9820838,0.4933047
100,0,0,0.013213841013707907,2.1424444e-08,6.836899e-07,0.01298908
101,0,1,0.01188482919173861,2.3468945e-05,7.89502e-06,0.013558559
102,0,0,0.026702244308202807,1.3782913e-05,0.00057978055,0.024791317
103,0,1,0.24233223461561695,0.76162106,0.5714817,0.24459521
104,1,1,0.5325707573520989,0.9992796,0.9980932,0.5212118
105,0,0,0.1459772850013596,0.12521967,0.99899334,0.14704776
106,1,1,0.6326531614635643,0.9998642,0.9998301,0.6337665
107,0,0,0.0032938256914349863,4.7689106e-09,1.1034191e-07,0.003917115
108,1,1,0.37659362597070883,0.9901723,0.94405663,0.368533
109,0,1,0.03700310629480519,0.007850115,0.008674328,0.04227296
110,0,0,0.17218782211500033,0.094624646,0.7776347,0.16669975
111,1,1,0.916629669458828,1.0,0.9999999,0.9168298
112,0,1,0.03000620049230531,0.0002850338,9.0878886e-05,0.035130218
113,0,1,0.04535353956423061,0.0013886165,0.00051862176,0.044680767
114,1,1,0.81472654604762,0.99999964,0.9999994,0.8128325
115,0,0,0.013376021618979961,3.849863e-07,1.9102246e-05,0.014063773
116,0,1,0.4640581302888033,0.99748117,0.98932916,0.46289065
117,0,1,0.17590215755493235,0.3309054,0.1381826,0.16357188
118,0,1,0.0008749300199057809,8.921522e-12,5.5091792e-14,0.0013875617
119,0,1,0.18745478056666565,0.15222235,0.0235774,0.18741663
120,0,0,0.00021828840858586536,3.0846261e-15,1.0729631e-13,0.00025866722
121,1,1,0.36604154413824713,0.98986423,0.962473,0.36381465
122,0,1,0.0011729238355012547,3.2301245e-13,5.3551494e-15,0.0011065581
123,1,1,0.9808947372408312,1.0,0.9999999,0.97870946
124,0,1,0.22137277978671951,0.103072576,0.015075948,0.20709686
125,0,1,0.07593577691833857,0.12961993,0.026561612,0.07530362
126,1,1,0.8168615423041197,0.9999999,0.9999999,0.81814885
127,0,1,0.4312343202318789,0.9989666,0.9960483,0.443657
128,0,0,0.03331586802880852,0.00027378876,0.024677722,0.03857011
129,0,0,0.01859597660308517,1.2826716e-05,0.00015358611,0.01882247
130,1,0,0.5669458418260765,0.9997441,0.99998844,0.56159794
131,0,1,0.034241782407567006,0.00032521592,5.2234584e-05,0.032771047
132,0,0,0.18274159388592887,0.6329736,0.9881514,0.18833819
133,0,1,0.7303944776137272,0.9999912,0.99992585,0.7330912
134,0,0,0.06736524020901662,0.0023797522,0.070541225,0.05913102
135,1,1,0.24012949257758257,0.89990586,0.6766242,0.23960082
136,0,0,0.08985204897344856,0.0023232023,0.9145158,0.09048289
137,1,1,0.42616805240179995,0.98905164,0.9693318,0.42836463
138,1,0,0.9017298721422381,0.99999094,0.9999981,0.89576596
139,0,1,0.17911473059074165,0.21145779,0.08186843,0.18696392
140,0,0,0.001690560815049697,4.1546966e-09,9.647239e-08,0.0021055671
141,0,1,0.005274759291000095,3.392394e-06,8.7033776e-08,0.008438426
142,0,1,0.39327788616345766,0.99576,0.98651886,0.39700824
143,1,1,0.8303338129159538,0.9999999,0.9999989,0.83284706
144,0,0,0.06660044566353876,0.008585169,0.39550927,0.06453905
145,0,0,0.0013235879057185299,5.5287386e-10,1.7676255e-08,0.0015837181
146,0,0,0.020271206675806477,4.0586438e-06,5.7317566e-06,0.021598237
147,1,1,0.6992431669049939,0.99839205,0.99208087,0.6827816
148,0,0,0.02344642883763895,5.025924e-05,0.0015036946,0.025525624
149,0,1,0.562686110565511,0.9999238,0.99986386,0.570278
150,0,1,0.031604163843791055,4.308604e-07,2.3313599e-07,0.02926503
151,0,1,0.0006097542559142733,5.586661e-13,3.1756095e-13,0.00066701724
152,0,1,0.29357081921118455,0.7609844,0.452672,0.28787217
153,0,1,0.0017613443176295416,8.390424e-10,2.8454714e-11,0.003120716
154,1,1,0.3130950538654929,0.99572337,0.9940933,0.30139747
155,1,1,0.42762669578483153,0.9891838,0.96952033,0.42093182
156,0,1,0.11007950146591672,0.024137476,0.009442755,0.10221465
157,0,1,0.16740891130619184,0.25151014,0.056092218,0.16685078
158,1,1,0.7623402460275674,0.99999964,0.9999995,0.767872
159,0,1,0.0571922666054625,1.1952827e-05,2.3006483e-07,0.058043882
160,0,0,0.07281418781308337,0.00364782,0.09320722,0.073099084
161,0,0,0.0023385839682403876,5.2827787e-10,3.7885425e-08,0.0023942036
162,0,1,0.3260252177496351,0.7878811,0.5004693,0.3314063
163,0,1,0.0011665454166532687,3.271191e-11,2.0187567e-12,0.0012657016
164,0,1,0.35029432716700015,0.9848545,0.965317,0.34559414
165,0,1,0.019408129456528887,8.314295e-06,3.9719495e-07,0.018355284
166,0,0,0.1540593142099665,0.121932976,0.8344515,0.15613993
167,0,1,0.025530941522929815,1.4724976e-05,4.0789496e-06,0.025854306
168,0,0,0.0011749800410047315,4.0572817e-10,5.8421126e-08,0.0013635546
169,1,1,0.2037260138491661,0.29070544,0.05282497,0.20351626
170,0,1,0.4097281921517731,0.9939203,0.9781627,0.40845084
171,0,0,0.009541176599829556,5.074099e-08,1.3718636e-06,0.010544313
172,1,0,0.9131874262267397,0.9999999,1.0,0.91536796
173,1,1,0.28540518496348216,0.7693927,0.39802748,0.28563938
174,0,0,0.08969055200528496,0.029059976,0.66945875,0.08803443
175,0,1,0.0028560478202104534,1.3880391e-08,1.8842257e-10,0.0045773825
176,0,0,0.0118042287000448,1.2923009e-06,6.573864e-05,0.012375326
177,0,1,0.8079432686640776,0.9999944,0.9999697,0.802193
178,1,1,0.9935417167778358,1.0,1.0,0.9928219
179,0,1,0.0010865872453823028,8.6397535e-11,1.36275114e-11,0.0012754046
180,0,0,0.05880186361610606,0.0032262527,0.124950275,0.059374817
181,0,1,0.036190881922047946,0.00021468027,4.670374e-05,0.035392705
182,1,1,0.29398319570556425,0.94320375,0.8227,0.28442642
183,0,1,0.13857104170220272,0.11455763,0.003133133,0.13486665
184,0,1,0.16608204577095592,0.06519642,0.01332452,0.16538684
185,0,1,0.010035107303376633,3.9498406e-07,3.036548e-08,0.009086772
186,0,0,0.0017536105543534658,7.2290707e-09,5.175647e-08,0.0020236713
187,0,0,0.01451242171185401,2.0406085e-06,0.000111310896,0.013578272
188,0,0,0.04560356203809817,0.00086925103,0.022793954,0.043457422
189,0,1,0.22627929427096963,0.49282205,0.13064551,0.2258133
190,0,0,0.6147087828064428,0.9963052,0.99999857,0.5939297
191,0,0,0.0919132776807999,0.0019619921,0.1577075,0.08946016
192,0,1,0.10425733718192519,0.054533616,0.017938938,0.102075025
193,0,1,0.04402435828071484,3.727912e-06,1.2888978e-06,0.04285071
194,0,1,0.04124592133680382,0.008021975,0.0020455252,0.04049291
195,0,0,0.030236091917709065,2.133841e-06,0.00016233315,0.030296817
196,0,1,0.24606184222299154,0.9806913,0.9134837,0.30298758
197,0,1,0.012727856565196838,9.6733966e-05,8.164135e-06,0.022293163
198,0,1,0.4276499471424444,0.9870084,0.93762004,0.42470756
199,0,1,0.5842073684178309,0.999845,0.9995084,0.59077257
200,0,0,0.07076366192106842,0.003801546,0.06576334,0.07278069
201,1,1,0.7820752010417825,0.9999988,0.9999945,0.7797922
202,0,0,0.034974054403885124,6.9356625e-05,0.00075462426,0.018092249
203,0,1,0.6660517979688413,0.9998121,0.9995418,0.6523799
204,0,1,0.0015259387575122386,1.4851816e-10,8.994879e-11,0.0017569979
205,0,1,0.0040629528825295025,1.3053983e-07,5.973153e-08,0.0046775513
206,1,1,0.5209764345060877,0.9926099,0.90498185,0.5457531
207,1,1,0.9965982514374426,1.0,1.0,0.99620336
208,0,0,0.08793083397879964,0.0016347854,0.08237562,0.09108232
209,0,1,0.04094231751620255,2.4436783e-06,1.3848003e-07,0.042153507
210,0,0,0.05271803514365455,0.00022634999,0.011334533,0.0486377
211,0,1,0.7179201824301604,0.99997354,0.9999559,0.7171312
212,1,1,0.7848506565774365,0.99996626,0.999619,0.7872677
213,0,0,0.01346564984094613,1.0785266e-05,0.00019679697,0.01385089
214,0,1,0.0032585457193584433,1.6389073e-08,2.729887e-09,0.0038757296
215,1,1,0.25024416173269837,0.06089409,0.00044762576,0.2513545
216,1,1,0.8668666107770046,0.99999976,0.9999994,0.8689568
217,1,0,0.3839814273155968,0.99895775,0.9999994,0.38170755
218,0,1,0.2928159923710323,0.9034281,0.75708103,0.28826928
219,0,0,0.00040939953694987764,5.318612e-13,6.230235e-12,0.00071349705
220,0,1,0.045491034927518284,0.00010064958,5.916841e-05,0.042296015
221,1,1,0.6622644958393087,0.9995965,0.99895465,0.6565471
222,0,1,0.08775265918803987,0.00076938205,5.7352236e-06,0.08535824
223,1,1,0.8204449160741821,0.99999964,0.9999995,0.82228345
224,0,0,0.1235917162801587,0.004989177,0.19177085,0.1215355
225,0,1,0.015411401199006925,2.781576e-06,9.766308e-07,0.015465252
226,0,1,0.3180800149115921,0.9197478,0.6930905,0.31781515
227,0,0,0.010748327362957642,1.2369793e-07,4.660899e-06,0.010486667
228,0,0,0.0018558202495221878,3.2761456e-09,7.024228e-08,0.0023141066
229,1,1,0.5939314625447525,0.9991881,0.9978573,0.5901574
230,0,0,0.010223094359440625,8.230531e-07,9.090161e-06,0.011037322
231,1,1,0.9865116852503121,1.0,0.99999976,0.98465955
232,0,1,0.20274844956217652,0.14509869,0.028983103,0.2014977
233,0,0,0.021411343515309902,4.406031e-05,0.000510987,0.02164084
234,0,1,0.032959202647879375,8.098718e-05,2.2397535e-05,0.031534538
235,0,1,0.007619732403349198,9.4747446e-07,2.1952812e-07,0.008661832
236,0,1,0.007949044499179202,7.660131e-09,2.141526e-11,0.00762873
237,0,1,0.016940592416993607,0.00022329115,2.2217837e-05,0.029750168
238,0,1,0.05155833185477461,0.00024263594,8.1066064e-05,0.048682068
239,0,0,0.05592867518908046,0.0032738645,0.06291076,0.05590782
240,1,0,0.720725043422651,0.9999913,1.0,0.71817255
241,0,0,0.003003310258305107,5.0490927e-09,4.653884e-08,0.0035480591
242,0,1,0.11253140246109092,0.036768436,0.0022213124,0.1093486
243,0,1,0.03276615896874499,1.9218201e-05,5.3500607e-06,0.03129356
244,1,1,0.4258453107515452,0.9966358,0.9874768,0.4243924
245,0,0,0.0042902714019272615,9.633384e-10,4.2722576e-08,0.0046733203
246,0,1,0.5543664179852128,0.9994031,0.99938,0.5574185
247,0,1,0.02351506387522997,0.0017449262,0.000118770426,0.04033545
248,0,0,0.008166304643294322,8.505381e-08,1.930037e-06,0.008195022
249,1,1,0.5282599554696809,0.9963834,0.95839334,0.5276527
250,1,1,0.061687722898724276,0.0043017813,0.0012626275,0.062487617
251,0,1,0.10287223250474777,0.010637405,0.006865758,0.104423285
252,0,0,0.013103951153479468,1.9425383e-06,4.709018e-05,0.012819072
253,0,0,0.047293481301586254,0.0003624684,0.010778821,0.046585422
254,0,0,0.029682776732458373,0.00015111612,0.0040943474,0.028376976
255,0,0,0.028116650292796856,2.5382706e-05,0.00057288836,0.027133299
256,1,1,0.8839844760932938,0.9999939,0.9999722,0.8724176
257,0,0,0.011704881371598795,2.2428712e-06,3.919089e-05,0.011668095
258,1,1,0.9908867975486477,1.0,1.0,0.98982775
259,0,0,0.05029691978083889,0.00086479855,0.019231152,0.050137937
260,0,0,0.02886600359642341,0.00038864755,0.02341894,0.028371168
261,0,1,0.020808492913069365,6.7362143e-06,3.1258836e-07,0.020501725
262,0,0,0.17884533423911012,0.25416434,0.99855787,0.18583538
263,0,1,0.024533064634860068,4.9332702e-05,2.6034654e-06,0.023153773
264,0,0,0.004033967075148091,7.2304496e-09,3.314061e-07,0.004159397
265,0,1,0.044742336670506186,0.00032346175,8.7153494e-05,0.04608188
266,1,1,0.6888595200919654,0.99987435,0.999425,0.6915871
267,0,1,0.009826157173234262,4.4514804e-06,8.433469e-07,0.011206929
268,1,1,0.14728698948368035,0.092474386,0.017136008,0.1474904
269,1,0,0.7399631949539541,0.99999714,1.0,0.7388927
270,1,0,0.15887543681002217,0.8432722,0.99579626,0.16041546
271,0,1,0.8727586264277081,1.0,1.0,0.8764424
272,0,1,0.0005609673145055119,2.0087244e-12,1.1547747e-12,0.0006381576
273,0,1,0.011795065822636796,1.1144883e-05,3.2947826e-06,0.0135400565
274,0,0,0.02361590484340744,8.3280866e-05,0.0007426306,0.024316391
275,0,0,0.0209476444448489,1.8168763e-05,0.00018739085,0.021306016
276,0,1,0.1977269512737769,0.15321456,0.042993207,0.19444385
277,1,1,0.4356031362778929,0.9960964,0.99111056,0.4497108
278,0,1,0.03885027644778615,0.046434686,0.013107298,0.04444533
279,0,0,0.03275868188988297,1.2806696e-05,0.0005013585,0.032071605
280,1,1,0.617460952224907,0.9998882,0.99974245,0.622547
281,0,1,0.16606934727264067,0.033458613,0.0071412204,0.16295022
282,0,1,0.03787183708355781,1.9417923e-05,9.319084e-06,0.032777403
283,0,0,0.0017963409588423712,6.746015e-09,5.5985147e-08,0.0020724079
284,0,1,0.33042133493292064,0.9809652,0.9721638,0.32717162
285,0,0,0.0023480494761142414,1.7634201e-11,7.632694e-10,0.0023152826
286,0,1,0.0034101821486189963,6.730402e-07,1.4356201e-08,0.0056580408
287,0,0,0.05342038996322825,0.00024189956,0.011651686,0.05380897
288,0,1,0.7736419202769881,0.9999759,0.9998641,0.77241534
289,0,0,0.07836054516983186,0.01194498,0.24363598,0.08003136
290,0,1,0.37756091659250146,0.99713933,0.96492416,0.38994196
291,1,0,0.9999999999987788,1.0,1.0,1.0
292,0,0,0.043626649059549896,0.0004826236,0.010720816,0.046136998
293,1,0,0.8914501282576847,1.0,1.0,0.88783205
294,1,1,0.3035143448100852,0.84187573,0.5410157,0.30339608
295,0,1,0.5751085840537103,0.999585,0.99942523,0.5713003
296,1,1,0.40330010888838685,0.990116,0.95053506,0.40359828
297,0,0,0.01867133162452497,6.334267e-06,6.537868e-05,0.018983364
298,0,0,0.015897733222242152,9.459544e-08,3.9078495e-06,0.01571047
299,1,1,0.9999999999999514,1.0,1.0,1.0
300,0,1,0.003908072607241666,7.537506e-08,4.9713633e-09,0.004318047
301,0,0,0.683257438934251,0.99999976,1.0,0.68681985
302,0,0,0.0028431977690769774,4.3013003e-08,1.1376716e-07,0.0049081715
303,1,1,0.9224371846831189,0.9999995,0.9999982,0.91584766
304,1,1,0.945329744249715,1.0,1.0,0.94764847
305,0,1,0.008240056774702385,8.704563e-07,3.6550196e-07,0.009139337
306,0,1,0.19962537120050933,0.5106955,0.23057875,0.20792855
307,1,1,0.5883056628582192,0.9999478,0.99990773,0.5935672
308,0,0,0.006737700268971382,1.1542485e-08,5.320517e-07,0.0068547735
309,0,1,0.13182525309149032,0.029193662,0.006453096,0.13839467
310,1,1,0.30456693593168566,0.8424596,0.7080452,0.29808834
311,1,1,0.7368038882128447,0.99998796,0.9999676,0.73916286
312,0,1,0.2048245395682818,0.24733052,0.049531568,0.20459804
313,0,1,0.06635699618367127,0.07463848,0.028942948,0.07532566
314,0,1,0.413605299052336,0.9938512,0.9741504,0.41627693
315,0,1,0.047011249738198015,0.00014411715,2.7885544e-05,0.04896714
316,0,0,0.07365566722519905,0.008816599,0.18133782,0.068269305
317,0,1,0.262316224797868,0.95363986,0.67316264,0.2293376
318,0,0,0.001013130061249551,1.9841474e-07,4.2591726e-09,0.0016665116
319,0,1,0.010703538241975423,3.5666588e-07,2.0365107e-07,0.010465709
320,0,0,0.001412066877153465,1.6638235e-09,3.756816e-08,0.0024985692
321,0,1,0.1314739986629981,0.020040298,0.002807981,0.13404907
322,0,1,0.03620697383029557,0.00011925921,1.7843538e-05,0.035511304
323,0,0,0.02800534206341071,0.00020484121,0.0060887774,0.029112063
324,0,1,0.29655732172967914,0.9822865,0.9665808,0.2817407
325,0,0,0.01943953627417689,7.519953e-06,8.95001e-05,0.019786967
326,0,0,0.1443363730275777,0.15598646,0.90089065,0.14559458
327,1,1,0.99999999999999,1.0,1.0,1.0
328,1,1,0.7607044176141167,0.9999937,0.99998784,0.7575389
329,0,0,0.04516462028267491,0.00027067703,0.004965594,0.045303244
330,0,0,0.04945631815551531,0.0011207777,0.037387025,0.050032686
331,0,1,0.03597026028873968,0.00019716115,4.59587e-05,0.036230978
332,0,1,0.25718194507587316,0.098291084,0.012162938,0.25233027
333,0,0,0.7977116598667847,0.9999993,1.0,0.8001704
334,0,1,0.6711368682125296,0.9999597,0.9999058,0.67180943
335,0,1,0.24775094214087495,0.66650844,0.26210228,0.24702746
336,1,1,0.9999999999999938,1.0,1.0,1.0
337,0,0,0.003759904597493765,1.4397557e-07,2.5215952e-06,0.004293597
338,0,0,0.4135074895676059,0.99391913,0.9999976,0.40494132
339,1,1,0.47358700575513163,0.996354,0.9851217,0.47470957
340,0,1,0.005224918142716145,8.5871915e-07,1.04191024e-07,0.00574251
341,0,1,0.08106385078850983,0.00035716518,5.0986648e-05,0.08171807
342,1,1,0.7633697959406901,0.9999974,0.99999547,0.75444573
343,0,0,0.49066573625718846,0.9912688,0.9999982,0.48774415
344,1,1,0.9769627543094269,1.0,1.0,0.9749458
345,0,0,0.002268090049781407,7.937768e-08,1.2814649e-05,0.0026184653
346,0,0,0.07583623996920148,0.00040870297,0.005568317,0.030860519
347,0,1,0.09872160580499356,0.06443073,0.0122974785,0.09590635
348,0,1,0.4861361042973647,0.9894462,0.97786885,0.48704562
349,0,1,0.1408648185330512,0.21875322,0.18009205,0.1439418
350,0,1,0.7220418154950788,0.99999297,0.99983037,0.7273313
351,0,0,0.0012542431335384107,1.2239637e-06,8.206515e-05,0.0022570933
352,0,1,0.002257905604991252,1.3862075e-09,8.876852e-11,0.0024735548
353,0,1,0.059100197894085736,0.012787184,0.0017728185,0.056207176
354,0,1,0.1092014755769317,0.05451149,0.023218289,0.104678124
355,0,1,0.4093118259291914,0.94174737,0.8957892,0.40983948
356,1,1,0.9029112634728309,0.9999999,0.99999917,0.9042348
357,0,0,0.012627278388775734,5.5283817e-06,0.0006104832,0.012739256
358,0,1,0.5939502177049106,0.99582535,0.98346555,0.5912885
359,0,1,0.00775073038112676,1.0145857e-06,2.4466394e-07,0.00880901
360,0,1,0.003819933826441599,1.8123645e-09,1.1644152e-09,0.0035802447
361,0,0,0.004574852614003144,1.5727155e-09,1.1982495e-07,0.004626224
362,0,0,0.47456618271942935,0.99603003,0.99999845,0.47165856
363,0,1,0.1352060366584886,0.051135436,0.0096511375,0.1330002
364,0,0,0.0019640618810159534,1.4913862e-11,4.4671494e-10,0.0020910248
365,0,0,0.03799713217044007,1.7930177e-05,3.3595446e-05,0.03742272
366,0,1,0.04875818175073725,1.1791951e-05,2.5747665e-06,0.017558334
367,0,1,0.4947761145515378,0.99352515,0.78000504,0.50318635
368,0,1,0.029545175455092425,0.00019671912,5.6740846e-05,0.039887533
369,0,0,0.004611455681361386,1.2464227e-08,2.1923564e-07,0.004804485
370,1,1,0.3485898780199615,0.92880875,0.6598934,0.34514883
371,0,0,0.0085208272349061,6.124508e-07,4.5344577e-06,0.007970579
372,1,1,0.9077855263239302,0.9999045,0.99831957,0.89469296
373,0,1,0.6354167183961626,0.99997437,0.9999542,0.6462271
374,1,1,0.8907478685909785,0.9999926,0.9999212,0.88149375
375,0,1,0.6106844426087963,0.9970336,0.9961643,0.6126801
376,0,0,0.14204270599639932,0.20420055,0.91170543,0.144717
377,0,0,0.013501646687864284,0.00018415434,0.000168,0.023856033
378,0,1,0.028875528338679155,3.7090285e-06,6.796412e-08,0.028650325
379,0,1,0.06886275698609673,0.016989242,0.015357496,0.06610295
380,0,1,0.08665043671250514,0.0070719635,0.0024809993,0.082493976
381,1,1,0.1963716588094483,0.0024514382,2.6279735e-05,0.18721828
382,0,1,0.017309692866136168,2.7123904e-05,2.2337606e-06,0.020596888
383,0,0,0.12166800519527589,0.04180959,0.99664104,0.12376308
384,0,1,0.008924832621303608,2.3397445e-06,9.759084e-07,0.010796254
385,0,1,0.00441347219246162,2.5025489e-07,8.699511e-08,0.0052583725
386,0,1,0.14576802830804042,0.1734219,0.033095185,0.14927514
387,0,0,0.003497104337615495,6.0588072e-09,1.6122347e-07,0.004156084
388,0,0,0.5062054304487141,0.999572,0.9999999,0.5054751
389,1,1,0.8080590182216285,0.99999976,0.99999976,0.80760473
390,0,1,0.05197068575358628,0.0029117297,0.0012327872,0.049919408
391,1,1,0.24101317669141534,0.8208278,0.60840076,0.25827312
392,0,1,0.04697238571716776,0.00054846174,6.2804036e-05,0.04571314
393,1,1,0.055482311723290545,3.0553816e-05,2.7467854e-06,0.05197717
394,0,1,0.004864368591850987,3.4296036e-07,3.0086046e-08,0.0053836354
395,0,1,0.07601517537607294,0.0036452701,0.000614089,0.07501158
396,0,1,0.008153691800739174,1.5641264e-05,9.786354e-07,0.009624585
397,0,0,0.03752294402927632,0.0011572593,0.020635761,0.03801757
398,0,1,0.029651127253968016,0.0006355394,0.0009441877,0.029278994
399,1,1,0.9697740840130308,0.9999994,0.99999666,0.9656776
400,0,0,0.0037532326683274056,6.9536683e-09,1.4867508e-07,0.0038455734
401,1,1,0.4114150034683878,0.9992801,0.9989686,0.40131143
402,0,1,0.06260115196280279,0.0009239868,0.0001318755,0.06605872
403,0,1,0.44478136304875515,0.999415,0.9957457,0.44302335
404,0,0,0.09112572366720044,0.28310177,0.9776679,0.09252113
405,0,0,0.010595812367987666,1.0986536e-06,0.00013291437,0.010708679
406,0,0,0.0035342632026471887,7.072116e-11,2.4745688e-09,0.0036167712
407,0,1,0.043658453686047496,0.00011215846,1.4646014e-05,0.04311787
408,0,1,0.001095595005175936,4.8490495e-12,4.1796452e-13,0.0012807655
409,0,1,0.005571505503691667,1.7458398e-06,2.474712e-07,0.0061684866
410,1,1,0.8942281906159891,0.9999894,0.99989164,0.8854956
411,0,1,0.44566719610564076,0.97316754,0.91560495,0.43883237
412,0,0,0.02396528181246001,9.2209506e-05,0.0014688218,0.024345905
413,0,0,0.21034576645051384,0.8534534,0.99988306,0.20192774
414,0,1,0.08287247849526651,0.009498539,0.0021388095,0.07710207
415,1,1,0.29187976755093253,0.17053777,0.055143297,0.28892946
416,0,0,0.005072930471770717,7.241132e-09,4.895926e-07,0.0051660743
417,0,0,0.3692074786007574,0.997035,0.99999774,0.368564
418,1,1,0.42091963870430804,0.9944716,0.97191846,0.41456145
419,0,0,0.0355073738425332,0.0008172702,0.028332893,0.03629527
420,0,1,0.07019550833971795,0.00019985066,7.314393e-05,0.06302161
421,0,1,0.0006600674775008532,3.937072e-12,2.8083152e-12,0.00071993045
422,0,1,0.12210646605500221,0.033459682,0.0019487435,0.11924054
423,1,1,0.07064820703996363,0.022794742,0.010771674,0.0727103
424,0,1,0.038108866229192156,0.00014043938,4.379017e-05,0.03865959
425,0,1,0.01088696018051069,1.2647361e-05,3.5679625e-06,0.012325682
426,0,1,0.01288970711539344,8.5078e-06,1.6007779e-06,0.015061781
427,0,1,0.046791224309078026,0.010005741,0.0026754225,0.04644135
428,0,0,0.002520758320230463,6.609503e-10,1.32386235e-08,0.0025481754
429,1,1,0.85351391438394,0.9997423,0.9836683,0.845498
430,0,1,0.7154397218271502,0.9999355,0.99973685,0.7084146
431,0,0,0.09203072359303605,0.010752069,0.08028627,0.09661583
432,0,1,0.6616115924170385,0.999841,0.99605334,0.66710734
433,0,0,0.0006873670857637065,3.0467814e-12,1.8390475e-10,0.00079101924
434,0,1,0.22208999547788658,0.9621305,0.93612117,0.21472433
435,0,1,0.06965628593023146,0.00030153114,2.8587278e-06,0.06957698
436,0,0,0.02861459934429919,4.4203014e-05,0.0019163496,0.02876789
437,0,1,0.04930836653555297,0.0018591089,0.00023649767,0.048936404
438,0,1,0.29146024768260703,0.9458071,0.5224668,0.27901304
439,0,1,0.12238279201394262,0.08245234,0.069301344,0.11479461
440,0,0,0.020747888569628583,3.6641184e-05,0.0007137521,0.020165976
441,1,1,0.996371761746611,1.0,1.0,0.99599624
442,0,0,0.023431224297637804,6.81361e-06,7.5790704e-05,0.024186905
443,0,1,0.01661193230276584,3.7266513e-05,1.0885074e-05,0.01821235
444,1,0,0.21386624183285666,0.18447292,0.36595935,0.2133988
445,0,1,0.15812157551593845,0.07793303,0.01865613,0.1489656
446,0,1,0.0038494284158111336,2.328424e-08,2.3693312e-08,0.004461665
447,0,1,0.0026183408941377845,2.8831222e-08,4.096889e-09,0.0027986772
448,0,0,0.021627847874105283,0.0013172695,0.055981558,0.026021017
449,0,1,0.0009954878985763973,1.00147945e-11,1.4375652e-12,0.0011626126
450,0,0,0.09449116268726324,0.0028694908,0.11515655,0.09365954
451,0,1,0.1703987886774064,0.03921649,0.0013188344,0.17495124
452,1,1,0.9643365407950507,1.0,1.0,0.96289265
453,1,1,0.9748851090517844,1.0,1.0,0.97343826
454,0,0,0.1964265474764195,0.19857536,0.9409575,0.18792823
455,0,1,0.010058862751060082,2.8352426e-07,1.8392916e-08,0.00929076
456,0,0,0.0011227744027050668,1.0913134e-10,7.9922735e-09,0.0013600042
457,1,1,0.49182151387397066,0.9974783,0.987855,0.49090937
458,0,0,0.012798950622328116,5.204951e-07,2.2270446e-05,0.011888185
459,0,1,0.4840154065993804,0.97762054,0.5856761,0.49018103
460,0,0,0.13386884258292814,0.45795223,0.9735275,0.13496873
461,0,1,0.9202431996775489,1.0,0.99999976,0.9202663
462,0,1,0.16251689400481573,0.57718307,0.26641795,0.15405238
463,1,1,0.11967440424596565,0.15277351,0.039377067,0.118473284
464,0,0,0.08837876745233603,0.0074011786,0.062702626,0.08309207
465,0,1,0.13879395459552507,0.87040967,0.8048127,0.14435306
466,0,1,0.024909691266560563,7.388971e-05,1.6892682e-05,0.022811128
467,0,0,0.16854178331740274,0.84085816,0.9976057,0.16666324
468,1,1,0.6961152881801066,0.9999753,0.99994516,0.6923484
469,0,1,0.050074903619277744,0.00033370382,4.0232615e-05,0.04920211
470,0,1,0.43071381842670425,0.9962883,0.9890559,0.43765727
471,1,0,0.49392332461077665,0.015360206,0.14011766,0.25597185
472,0,0,0.029420520057283843,5.5346292e-05,0.0011236019,0.03050216
473,1,1,0.6683334846257227,0.9999826,0.99995375,0.6706747
474,1,0,0.18597342541698975,0.21560185,0.9952174,0.18266033
475,1,1,0.4018305287490527,0.99750036,0.9908648,0.40012684
476,0,1,0.5548562040826213,0.99979365,0.9995249,0.56279576
477,0,0,0.003904876478736914,2.6796918e-09,1.5846393e-07,0.00396276
478,0,0,0.09538721103098619,0.04248311,0.47897023,0.09774095
479,1,1,0.9962637158752607,1.0,1.0,0.9958294
480,0,0,0.013636415142685985,8.591618e-08,2.2446045e-06,0.013117801
481,0,0,0.006667725758546221,2.473434e-06,4.1286195e-05,0.008017574
482,0,1,0.013876188695589778,0.00010656444,8.727874e-05,0.016148236
483,1,1,0.5633327355891609,0.99797887,0.99433124,0.55979943
484,0,1,0.16707608494702114,0.3135686,0.075902514,0.16984546
485,0,1,0.2358255294372585,0.32529074,0.12686892,0.23406798
486,0,1,0.6800384126009976,0.99805456,0.99558747,0.67148507
487,0,1,0.06342974721612261,0.0049630036,0.0005289057,0.06274337
488,0,0,0.03290959522612039,7.3132134e-05,0.0024890823,0.035073794
489,0,1,0.1928719596669457,0.81683844,0.48110113,0.19876112
490,0,1,0.22868203765803727,0.3995184,0.10369149,0.23126233
491,0,1,0.0017025308765943991,8.2165336e-10,1.3020816e-10,0.0019068033
492,0,0,0.0019531880270332227,6.880127e-10,6.6301755e-09,0.0023135208
493,0,1,0.3133936362476106,0.9885534,0.9709337,0.32807827
494,0,0,0.05211601242438787,0.00029373527,0.66410595,0.05389766
495,0,0,0.031688951849530016,0.0002074012,0.0035931484,0.031963386
496,1,1,0.9661972480514595,0.9999999,0.9999987,0.9634136
497,1,1,0.9881365141210072,1.0,0.9999999,0.98666847
498,0,1,0.24595656733616444,0.76654303,0.3539797,0.2467577
499,1,1,0.28820266947351236,0.27826104,0.009676484,0.28788838
500,1,1,0.5665839544720622,0.99850273,0.99532604,0.56302893
501,0,0,0.0015667328045798393,2.2038549e-09,5.1475396e-08,0.0019528917
502,0,0,0.022768069706607535,7.2341127e-06,0.00021944496,0.021971626
503,1,1,0.273728528954821,0.9337008,0.64819396,0.27455384
504,0,0,0.005209598461690305,1.0372027e-08,1.0686829e-06,0.0050236257
505,0,0,0.006383569520418826,8.069e-08,8.603392e-06,0.0062930924
506,0,1,0.15148985845716312,0.099246964,0.02214442,0.15235479
507,0,1,0.020162159901873394,0.00022360432,1.3502944e-05,0.023356883
508,0,0,0.07993329072323906,0.0050767506,0.29982108,0.08064845
509,0,1,0.21584326795294018,0.4765032,0.28091997,0.20383532
510,0,0,0.0018147204625755414,2.6066906e-09,3.1555996e-07,0.0021158403
511,0,0,0.002569503198363311,1.5615486e-09,1.0080451e-07,0.0031247833
512,1,1,0.4365302791502873,0.9963601,0.9916263,0.43809775
513,0,0,0.0008123139223795393,9.2218955e-11,6.8351064e-10,0.0009400837
514,1,0,0.6981335058370175,0.999979,1.0,0.693332
515,0,1,0.6154226734802076,0.9998716,0.99974924,0.6214841
516,0,0,0.008543172003631092,4.0798923e-07,9.632999e-06,0.00801572
517,1,0,0.33926041418129355,0.9959883,0.99999714,0.33754817
518,1,0,0.8634527774827905,0.99907076,0.99988496,0.851233
519,0,1,0.0005703230478019042,3.054775e-13,1.2619058e-13,0.00064783683
520,1,1,0.692228317557123,0.9996462,0.9981268,0.68702036
521,1,1,0.725515049228767,0.9999889,0.99996424,0.72885936
522,0,0,0.8813663116829729,0.9999989,1.0,0.8841695
523,0,1,0.11810533597926962,0.12324049,0.054792695,0.11308574
524,1,1,0.4426425563254948,0.99565375,0.9884311,0.4621701
525,1,0,0.47847416969854223,0.5626465,0.9258806,0.45677516
526,0,1,0.5148161550788154,0.9990992,0.99783885,0.51489395
527,0,1,0.40192957583514505,0.99028546,0.9305267,0.40599522
528,0,1,0.14779697150626256,0.055792987,0.009668454,0.15107842
529,0,0,0.024090006413617335,0.00083924556,0.0448205,0.02810112
530,1,1,0.9218563141529016,0.99999857,0.9999919,0.9189375
531,1,1,0.7183514246076761,0.99998915,0.99998057,0.71567255
532,1,1,0.9898427335820141,1.0,1.0,0.9892297
533,0,0,0.046467517320446426,0.00012436391,0.002952489,0.04803459
534,1,0,0.9044136803528348,0.9999162,0.9999999,0.8957788
535,1,1,0.420100487662961,0.9987406,0.9929894,0.41421986
536,1,1,0.4650710932631707,0.9993492,0.99826765,0.47728866
537,1,1,0.1767360311271233,0.42254156,0.051642694,0.17220937
538,0,1,0.3509705155273105,0.922387,0.66902083,0.35007286
539,0,1,0.13838625957304632,0.033469845,0.008843776,0.14515358
540,0,0,0.045732317478709726,0.0003541192,0.008134383,0.049263347
541,0,1,0.24216184152397588,0.69242793,0.43883207,0.2523671
542,0,0,0.4553387138859267,0.99802065,0.9999989,0.45681414
543,0,0,0.02400266366996166,9.40703e-07,1.931925e-05,0.023536386
544,0,1,0.46550487785721784,0.99839026,0.9917384,0.45755088
545,0,0,0.0017986189640023097,4.509872e-09,1.3259263e-07,0.0022385952
546,0,1,0.18154686854357707,0.102741875,0.025640272,0.18182874
547,1,1,0.8916036427327186,0.9999999,0.99999917,0.89376813
548,0,1,0.24082123946680797,0.73695505,0.45472547,0.25100827
549,1,1,0.6005814667932462,0.9997976,0.9980738,0.6159673
550,0,0,0.010935207098254412,1.31596225e-05,0.000545155,0.013196119
551,1,1,0.13038263372522624,0.350168,0.04319366,0.12153719
552,0,1,0.6916233933844045,0.99999535,0.9999937,0.6808113
553,0,1,0.004098870669376088,9.0982744e-10,5.5015225e-11,0.0040524113
554,0,1,0.00369151379105338,6.726001e-08,6.879212e-09,0.0040721674
555,0,1,0.1517745807819682,0.048470836,0.020222552,0.14938314
556,0,1,0.052436616927932736,0.0003533323,9.394196e-05,0.049798187
557,0,0,0.10072825736148644,0.01169701,0.30197787,0.09934458
558,1,1,0.8599493956991261,1.0,0.9999999,0.8616854
559,1,1,0.1631134733608564,0.3676146,0.21840033,0.15447798
560,0,0,0.009905166557056724,1.175966e-06,7.5224314e-05,0.011794098
561,1,0,0.9723560157197123,1.0,1.0,0.9687275
562,0,0,0.001629842273468171,3.1449934e-10,8.8528e-09,0.0021466448
563,0,1,0.008075712304800831,1.4425115e-06,3.0385155e-07,0.009137705
564,0,1,0.5398148667342851,0.9998779,0.9996164,0.5437134
565,0,1,0.5147178574040355,0.9957432,0.9865931,0.51443106
566,0,1,0.3883030565188229,0.983844,0.9205229,0.38874763
567,0,0,0.001531824315036753,1.8494599e-10,4.1555523e-09,0.0018099984
568,0,1,0.00377549257515271,5.613383e-10,1.09897105e-10,0.004147896
569,1,1,0.9820364663363363,1.0,1.0,0.98090786
570,0,1,0.043797446626814174,0.00014065906,2.3079929e-05,0.042398658
571,0,1,0.5327821981915706,0.9915378,0.9430537,0.52353764
572,1,1,0.8447785381449862,1.0,1.0,0.8479052
573,0,0,0.01044121207320071,4.00188e-08,7.991939e-07,0.01037541
574,0,1,0.0030286240959591453,7.354531e-13,7.3697414e-16,0.0029551578
575,0,0,0.04533754873758386,8.90938e-06,0.00014029525,0.017244952
576,0,1,0.07343318890905885,0.005181266,0.0010277947,0.07239795
577,0,0,0.011778844451507224,4.957451e-06,0.00010836075,0.011894845
578,0,1,0.03332270894831994,0.00016562577,5.0671482e-05,0.030401759
579,1,1,0.5191386375003545,0.9996481,0.9988788,0.52042806
580,0,1,0.5724913518983039,0.9988752,0.99726593,0.5712271
581,0,0,0.05466001201090741,0.02001086,0.28435114,0.05672941
582,0,1,0.3481386872724771,0.9794176,0.97625244,0.35404015
583,1,1,0.4248358554306885,0.9931727,0.9804792,0.44438764
584,0,1,0.010266172394803427,2.7611253e-07,4.5824322e-08,0.010157224
585,0,0,0.051580743599331874,0.00029885094,0.008579627,0.050988562
586,0,0,0.06260950328303908,0.016732626,0.36651206,0.0623365
587,0,0,0.009625791814096249,3.7146603e-07,1.4577581e-05,0.010092963
588,0,0,0.004974463308992646,8.32184e-07,2.0924886e-05,0.005951312
589,1,1,0.6858200109364074,0.9999399,0.9976179,0.68744284
590,0,1,0.3016360776088304,0.951912,0.83046216,0.30379248
591,0,1,0.026878346952433116,0.000103761755,3.0693e-05,0.024568355
592,0,1,0.5435332308358987,0.99778205,0.99253654,0.54118437
593,0,1,0.28181912190223174,0.6622567,0.6832776,0.28688848
594,0,1,0.2192420265485968,0.37258568,0.09119688,0.21885338
595,1,1,0.7730308643850677,0.9999521,0.9996518,0.7701095
596,0,0,0.003457772637426437,6.00501e-09,1.2749996e-07,0.004346148
597,0,1,0.02338713641493317,1.0810144e-05,3.0583503e-06,0.022309009
598,0,0,0.023758732461125618,2.6543166e-05,0.0013515172,0.023234468
599,0,1,0.036573926143341706,0.0007286011,0.00013177784,0.035256855
600,1,1,0.6546721414756841,0.9998809,0.9997526,0.6514465
601,0,1,0.008606154219969235,1.2695529e-07,2.0028888e-07,0.007784082
602,0,1,0.138703492800385,0.24463667,0.1007322,0.14318159
603,0,0,0.08742413698474108,0.015409945,0.32602447,0.087599374
604,0,1,0.24605251957376986,0.6114494,0.23913036,0.24549502
605,0,1,0.09002077837451047,0.01688644,0.0052758656,0.093257554
606,0,0,0.1923175123084323,0.6147531,0.99881905,0.18634167
607,0,0,0.061654167110326105,0.014031228,0.1956999,0.063943736
608,0,0,0.25013058905000507,0.8732843,0.9998989,0.24057704
609,0,1,0.5409286056845136,0.99932545,0.9975358,0.5324215
610,0,1,0.05664765771725137,0.00043899007,8.20588e-06,0.05921447
611,0,1,0.16983409985596182,0.058360275,0.0108434055,0.16185841
612,0,1,0.0012728245823839053,9.5848836e-11,1.551027e-11,0.0014947647
613,1,1,0.9959627852196687,1.0,1.0,0.99551505
614,0,1,0.15765620223102164,0.008975965,0.00018258793,0.16071457
615,0,0,0.02248796377523747,8.711524e-06,0.0002668613,0.022576276
616,0,1,0.0678226369227559,0.006319489,0.0017874236,0.06499123
617,0,1,0.01555460640505327,2.4925885e-05,9.873227e-06,0.017276142
618,0,0,0.27091366222101465,0.41408724,0.95882696,0.26193947
619,1,1,0.686971778383223,0.99994135,0.9997433,0.6884002
620,0,0,0.11314798324001275,0.03314883,0.62802607,0.11327134
621,0,0,0.0016379488927087253,2.0562285e-10,2.726064e-08,0.0015246926
622,0,1,0.23642535141399626,0.5899756,0.18823895,0.23583992
623,0,0,0.06487798124429894,0.002258418,0.14046843,0.06428743
624,1,1,0.06538943561696628,0.123181365,0.043894842,0.074808314
625,0,1,0.006255098562758852,1.7169597e-07,5.723699e-08,0.006142908
626,0,1,0.256796940803482,0.8873474,0.6916946,0.2535979
627,0,0,0.15547456477847169,0.17215057,0.81082964,0.16315141
628,0,1,0.0087172034576631,1.2023501e-06,2.1024273e-07,0.010212115
629,0,1,0.29574315582650473,0.85327464,0.49253616,0.29753622
630,0,1,0.05158937903129323,0.00023977649,3.470521e-05,0.0500138
631,0,1,0.0015980667894626465,1.7448931e-09,6.39993e-11,0.0018022867
632,0,1,0.007405765443597589,3.985978e-06,7.156363e-07,0.008447979
633,1,1,0.9761640188110478,1.0,0.9999999,0.9740873
634,0,0,0.012099372732067232,1.3638795e-07,1.5109596e-05,0.012003708
635,0,0,0.0021684912413263576,1.2554918e-08,2.9480202e-07,0.0027104174
636,0,1,0.11722924011188315,0.025641443,0.016882386,0.12064636
637,0,1,0.001940921051829778,3.8151824e-09,7.995226e-10,0.0022969763
638,0,1,0.245719662261888,0.5474692,0.14624676,0.24647519
639,0,1,0.06374247397475095,5.88356e-05,4.563095e-05,0.061599195
640,0,0,0.0007788226788641694,1.1525034e-09,3.140872e-08,0.001348707
641,0,1,0.1426231765950944,0.054386023,0.029979961,0.14158715
642,0,1,0.005180879626700849,3.3961115e-08,9.106926e-09,0.005752463
643,0,1,0.3886669415027612,0.9856456,0.93788797,0.3906411
644,0,0,0.07671003884703444,0.028772224,0.6763248,0.07592541
645,0,1,0.07524911130269686,0.10920738,0.034884434,0.071852684
646,0,1,0.00032464885545684287,4.162864e-14,1.8993804e-14,0.00035161656
647,0,1,0.3848999622032812,0.79961765,0.4719655,0.3875123
648,0,0,0.12400515382776506,0.062517434,0.6787788,0.12560141
649,0,1,0.23520830520130542,0.5709383,0.21044792,0.23579396
650,1,1,0.5069912842931926,0.9981413,0.9868976,0.513002
651,0,0,0.0025246522447609425,2.229478e-11,1.1841741e-09,0.002470937
652,0,0,0.019453220546776524,1.0431373e-05,0.00026286588,0.021109166
653,1,0,0.5385696598478286,0.99908745,0.99999976,0.53156054
654,1,1,0.6774465010507825,0.9984971,0.9864653,0.6686398
655,0,0,0.052517850559439264,9.8290046e-05,0.0034454651,0.054448567
656,0,0,0.12662870423361378,0.14110844,0.9210706,0.12728882
657,0,0,0.04079821866750178,0.0013367209,0.03308639,0.041328892
658,1,1,0.9952420119503813,1.0,1.0,0.9948067
659,0,0,0.005178177639909209,3.254554e-08,5.7032383e-07,0.0053885197
660,0,1,0.0019762024626499776,6.4949673e-10,1.937382e-10,0.0022351982
661,0,0,0.02170004497612179,4.1988433e-06,4.6122906e-05,0.022031473
662,0,1,0.5048345228645381,0.9991848,0.96865135,0.51546925
663,0,0,0.04095130575181262,0.0009078182,0.015421519,0.04026909
664,0,1,0.2671283979925815,0.779312,0.42031395,0.26616362
665,1,0,0.6454161758957974,0.99995816,1.0,0.6318552
666,0,0,0.6629951457709917,0.99987566,0.9999999,0.66418463
667,0,0,0.017356210104255077,2.1987307e-05,0.00039981637,0.017338684
668,0,1,0.5637890603926173,0.9985121,0.99369293,0.5662054
669,0,1,0.7622013344353629,0.9999944,0.9999889,0.7590351
670,0,0,0.0018465652741798697,9.776167e-11,4.1922688e-09,0.001883289
671,0,1,0.42091321890665734,0.997402,0.99251294,0.41915402
672,0,1,0.14096488111490293,0.0385682,0.0072297724,0.13984811
673,0,0,0.0006691088279477367,2.0647704e-12,2.3607748e-11,0.0008226653
674,0,0,0.012949271614441198,2.3138283e-07,1.3960943e-06,0.013265284
675,0,1,0.11362510623531935,0.038338505,0.002379192,0.11040397
676,0,1,0.1920498670329059,0.5701285,0.1936487,0.19129243
677,0,1,0.30909280400159694,0.81733304,0.49274307,0.30014488
678,1,1,0.5954150628964437,0.9999336,0.99971706,0.6013424
679,1,1,0.38216484742082135,0.97723323,0.9253524,0.38742694
680,1,1,0.2172033670783004,0.3243195,0.079571486,0.2168356
681,0,1,0.02708244720648507,2.4175938e-06,4.1641787e-08,0.026888514
682,0,0,0.005728608518831738,4.982689e-09,4.4815508e-08,0.0055610207
683,0,0,0.009622586235066111,1.4502275e-07,1.0625073e-06,0.009157525
684,0,1,0.45592958322330845,0.993016,0.9910739,0.45172018
685,1,1,0.8221511604839042,0.9998033,0.99788016,0.8144992
686,1,1,0.9705179741140801,1.0,0.9999999,0.9692192
687,0,1,0.032592646417479096,9.1455964e-05,2.9553908e-05,0.033389285
688,0,1,0.031135219782994713,0.0001788657,4.555425e-05,0.03141593
689,0,0,0.005490073305616907,5.1589717e-07,1.5216893e-05,0.006597774
690,0,1,0.039811451774801256,0.0019520425,0.002893026,0.03912948
691,1,1,0.7991230960034991,0.99999714,0.9999876,0.79944754
692,0,1,0.13959149341334984,0.09825781,0.01761292,0.13776343
693,0,0,0.006683517274129529,2.3930882e-06,9.744621e-05,0.008594443
694,0,1,0.27353109640501183,0.6613115,0.34802273,0.2697869
695,0,1,0.01887969764525012,7.5337066e-06,1.6223124e-06,0.017852534
696,0,0,0.30560684690242196,0.99513227,0.99999404,0.29829708
697,1,1,0.4616451518401515,0.99104416,0.9635319,0.44905928
698,0,0,0.037432430415593874,0.00073295477,0.025702607,0.037624475
699,0,1,0.23317781210930344,0.8718831,0.4426009,0.23291425
700,0,1,0.045616706924562093,0.0098140985,0.004682827,0.05085007
701,0,1,0.009991704076794542,4.0358677e-06,8.7149124e-07,0.011393272
702,0,1,0.33168297614661163,0.9949421,0.9718497,0.33060578
703,0,0,0.005765160639643067,4.2062474e-08,1.8039369e-06,0.007855748
704,0,1,0.008764441222303703,6.307403e-08,4.3179124e-08,0.008500474
705,0,1,0.007617654783262069,9.464377e-07,2.1914786e-07,0.008659499
706,1,1,0.8134360391749533,0.9999975,0.999987,0.8111412
707,0,0,0.7362379506773301,1.0,1.0,0.7430441
708,0,1,0.1090288932663795,0.015798034,0.009429607,0.11012187
709,0,1,0.009921316182121288,1.7048286e-07,1.1864518e-07,0.009610823
710,1,1,0.9933070486666122,1.0,1.0,0.9924972
711,0,1,0.00303202097602009,1.3986801e-08,1.2024489e-08,0.003515771
712,0,0,0.09224125525292026,0.020429213,0.27242067,0.09381591
713,0,0,0.27158468394903085,0.9088244,0.9999274,0.2730374
714,0,1,0.6195820263939186,0.99973553,0.9994382,0.6182751
715,0,1,0.03294411489105441,5.1977763e-06,1.1332751e-07,0.032389402
716,0,0,0.7747733045909904,0.9999943,1.0,0.7757892
717,0,1,0.11381476875790165,0.010742259,0.0013368629,0.11313948
718,0,1,0.11126496706855982,0.011399387,0.0026174795,0.11359784
719,1,0,0.3298394683302138,0.8048776,0.96155953,0.33615097
720,1,1,0.8392944577469427,0.9999994,0.99999917,0.82873553
721,1,0,0.31236083359437167,0.93984246,0.9999701,0.31218043
722,1,1,0.3020160917443644,0.8403653,0.56059784,0.30376783
723,0,1,0.050935349169644296,0.000513344,9.6578755e-05,0.04838589
724,0,1,0.04779763586905302,0.0005000758,6.5479e-05,0.046508033
725,0,1,0.02780214457195359,2.0623953e-05,5.218737e-06,0.026598513
726,1,0,0.7055382446661882,0.999967,1.0,0.7000376
727,0,1,0.1274544615545523,0.34979817,0.10300546,0.12361496
728,1,1,0.49651821397652873,0.99993265,0.99990606,0.4937118
729,0,1,0.5290060712690294,0.99881375,0.9867938,0.521764
730,0,1,0.3523020741887134,0.96965367,0.8774563,0.35166523
731,0,0,0.018938056925860182,5.5251085e-06,0.00021198235,0.024287404
732,0,1,0.0314535465616429,0.00019730444,1.0317548e-05,0.03152075
733,1,1,0.40439137420702465,0.7582642,0.10824093,0.37044823
734,1,0,0.6527591411316803,0.9998847,1.0,0.6374564
735,0,1,0.3493661150164885,0.9865109,0.9419337,0.34735805
736,1,0,0.9544793806228655,1.0,1.0,0.95063955
737,1,1,0.484537971735069,0.9998162,0.99961996,0.48712447
738,0,1,0.19663094851481164,0.2515723,0.045308355,0.1971355
739,0,0,0.0011132903859778658,1.3274331e-11,2.3342245e-10,0.0013092303
740,0,1,0.022154518556368505,7.0171022e-06,8.320888e-07,0.022502664
741,0,1,0.5734981371712997,0.99951684,0.9982481,0.57607585
742,0,1,0.4156095544035466,0.99450415,0.9939603,0.42271823
743,0,1,0.5135943018287576,0.988821,0.8036036,0.51951945
744,0,0,0.00640921764889218,2.3148348e-05,0.00085226365,0.0073018684
745,0,0,0.4405303376433217,0.9998045,0.9999999,0.43757492
746,0,1,0.0030734712968172383,3.9845434e-09,2.9979084e-09,0.003542347
747,0,1,0.05974771924123099,0.0002733993,6.383279e-05,0.055090666
748,0,1,0.013291999959549492,1.4085682e-05,6.3307707e-06,0.015235538
749,0,1,0.54783589566586,0.9990017,0.9963678,0.5497349
750,0,1,0.052026388359583085,0.00022225165,2.2913124e-05,0.051209766
751,0,0,0.7806210789161039,0.99987936,1.0,0.78064114
752,1,1,0.7306352995456284,0.99999666,0.99999464,0.73091286
753,0,1,0.05120811359387595,0.00096177903,0.00045431464,0.047968976
754,0,0,0.19229797746781574,0.0376033,0.5767716,0.18401319
755,1,1,0.19878372903634522,0.14880288,0.03857077,0.19484378
756,0,1,0.048220283689591005,0.0011771955,7.480071e-05,0.046305757
757,0,0,0.01596717707063532,9.514056e-06,0.0001685002,0.01688078
758,0,1,0.01157543729090948,7.2991425e-06,2.2278825e-06,0.013175855
759,1,1,0.4947689704905647,0.9982181,0.99402606,0.49226308
760,0,1,0.12209279467269456,0.016127508,0.000534016,0.12551062
761,0,1,0.2756479152250136,0.058855265,0.0010450409,0.27714747
762,0,1,0.14170741649454063,0.017714713,0.0005656454,0.14513302
763,1,1,0.9442720522639132,0.9999976,0.9999944,0.93894595
764,0,1,0.002104139523938476,2.8196914e-10,1.446721e-10,0.0024251358
765,0,1,0.006190446509765291,0.0002080818,7.321021e-05,0.009863124
766,0,1,0.3642556085510425,0.43160543,0.086798176,0.35640472
767,0,1,0.15662700893465228,0.026612388,0.005728193,0.14612119
768,0,1,0.188499290273097,0.19637604,0.03905936,0.1901644
769,1,1,0.2889797374585715,0.53178734,0.13300803,0.27740854
770,1,1,0.2677272282167482,0.9598612,0.82010174,0.32504317
771,0,1,0.03892168401035738,0.0012834431,0.00018384503,0.04972379
772,0,1,0.06742286277652168,0.05805382,0.034677662,0.06763161
773,0,1,0.17569301772273285,0.007317771,0.00017988816,0.18034384
774,1,1,0.641564361277301,0.9987482,0.99577844,0.6338358
775,1,1,0.2005225526021939,0.51084834,0.258959,0.20950831
776,0,1,0.48306245877270765,0.99978745,0.99946207,0.48365226
777,0,0,0.011910565212956456,2.5002828e-07,3.975253e-06,0.011915376
778,0,0,0.00032081868515612357,3.262472e-12,2.15472e-10,0.00050714787
779,0,1,0.0013121174987701391,2.8219405e-10,4.11361e-11,0.001464423
780,0,1,0.19760801360374844,0.16489086,0.03276627,0.19745667
781,1,1,0.9767317954108448,1.0,0.9999999,0.97328204
782,0,0,0.0012510541808309207,5.525104e-09,1.0304755e-10,0.0015829825
783,0,0,0.016722835399570573,0.00018334454,0.010753895,0.02020983
784,1,1,0.6109109515048922,0.99999607,0.99999416,0.61308986
785,0,0,0.02873727493029043,1.6390612e-05,0.00088728743,0.028569093
786,0,1,0.23515149610640268,0.871429,0.55489725,0.28893006
787,0,0,0.048225194432233796,0.0009286794,0.030697083,0.048800465
788,1,1,0.08335933126515993,0.0006757311,0.00017424219,0.032298017
789,0,1,0.007331343726124212,7.347398e-07,9.37802e-08,0.012015498
790,0,1,0.07780345554666933,0.0029135882,2.981929e-05,0.0823925
791,0,1,0.14467304860272204,0.083223805,0.005495721,0.153579
792,0,1,0.02464002902163691,6.1479077e-06,1.653267e-06,0.023169236
793,0,1,0.32884085110365663,0.9509831,0.78113216,0.32846522
794,0,1,0.10519411728154325,0.9980844,0.99897665,0.12483417
795,0,1,0.838463325341003,0.99999976,0.9999982,0.8425581
796,0,1,0.13781844533155665,0.12677129,0.011411748,0.13375129
797,0,1,0.13156065502072312,0.014068072,0.0036807708,0.122483015
798,0,0,0.005951112123789045,1.1776599e-05,0.00029130338,0.0070905113
799,0,1,0.03985984931744082,0.0026804656,0.0013860085,0.0445231
800,0,1,0.0027088329558197857,1.7524718e-08,3.1014952e-10,0.00433467
801,0,1,0.05601735577717452,0.00041421343,0.00010414538,0.053958286
802,0,0,0.03689358105448967,0.00013556266,0.0042404095,0.03627451
803,0,0,0.012295802769809318,5.2429026e-08,1.2088219e-06,0.012518079
804,0,1,0.4059829825133299,0.9880945,0.89949465,0.40197775
805,0,1,0.03733560738371555,9.555915e-05,4.1327716e-05,0.03407885
806,0,0,0.014741703044551191,2.4230798e-07,5.7962243e-06,0.014227406
807,1,1,0.22761568261773454,0.96733433,0.92293775,0.23306039
808,1,1,0.9989859114314996,1.0,1.0,0.9988349
809,0,1,0.005370274986886016,1.1973317e-08,6.666036e-09,0.0053631584
810,0,1,0.3808644686267523,0.98420507,0.89748275,0.3812853
811,0,1,0.02913377646762849,0.00018005168,8.206757e-05,0.02933745
812,1,1,0.42988097763086236,0.99760497,0.99355066,0.44829896
813,1,1,0.4734159739085873,0.9991811,0.99877137,0.4705077
814,1,1,0.26201249110813823,0.9554171,0.8315775,0.25402826
815,1,1,0.7696717491767368,0.9999981,0.9999962,0.76866585
816,0,1,0.379108803440714,0.96515524,0.8646402,0.38969994
817,0,0,0.19358877651644696,0.88763636,0.9999083,0.19070879
818,0,1,0.2811618270769819,0.83144116,0.64408296,0.27683625
819,0,0,0.06280226426357291,0.0015799182,0.64295423,0.06357666
820,0,0,0.010122325367330754,4.3810887e-05,0.0017871436,0.013091789
821,0,1,0.07588606194794809,0.012996166,0.0030500886,0.074011855
822,0,0,0.0019579203915555525,3.9459394e-10,5.899599e-09,0.0022187352
823,0,1,0.04323288272813233,6.60027e-06,5.003314e-07,0.044322517
824,0,0,0.01086769190950637,2.364429e-07,2.568577e-05,0.010918819
825,1,1,0.6925875440025534,0.9999578,0.9998269,0.6948016
826,1,1,0.4439727546626599,0.99874556,0.9962589,0.4417545
827,0,1,0.07399153267415606,0.0008143497,0.00019500269,0.07751231
828,0,0,0.11720255338376177,0.025582707,0.3432665,0.12023865
829,0,0,0.0326902036430767,8.903409e-06,0.00022342273,0.031763148
830,0,1,0.0022740072157710874,4.94524e-10,4.862398e-11,0.0025527938
831,0,1,0.029039745977496853,4.262791e-05,9.4118905e-06,0.027688
832,0,1,0.42672475192721054,0.7245612,0.28524125,0.41360798
833,0,1,0.1053543522924553,0.010664186,0.0005181069,0.102843605
834,0,1,0.3879479156434314,0.92615396,0.9292658,0.37674403
835,0,0,0.009761968347556762,8.4276564e-07,1.1024404e-05,0.009749571
836,0,1,0.023313838500337827,1.9294468e-05,1.07428505e-05,0.023529746
837,0,1,0.11208638729614413,0.0025784061,7.9718455e-05,0.11331302
838,0,0,0.009842675996948899,9.673456e-07,9.270261e-05,0.009641526
839,0,1,0.005517728744071652,4.457817e-07,1.6925183e-07,0.0065770326
840,1,1,0.736248966719725,0.99997175,0.9999193,0.7304089
841,0,1,0.29597548383035016,0.7173655,0.081154995,0.3046036
842,0,0,0.016285269896593,1.024257e-06,0.00010111209,0.01642952
843,0,1,0.07285510416011992,0.008295504,0.0011736372,0.0716152
844,0,1,0.3993089226670872,0.99589014,0.98792946,0.39876384
845,0,1,0.01178255867801403,3.243872e-05,2.8476181e-06,0.013154545
846,0,1,0.07159691846158009,0.0016152344,0.00021147764,0.06984734
847,0,1,0.16103265445156126,0.13603073,0.042777322,0.16900414
848,0,1,0.21830093852694918,0.73262775,0.27466935,0.21846606
849,0,0,0.057100517035555326,0.002228657,0.03766848,0.05847899
850,0,1,0.0872658200434733,0.013172013,0.0018584525,0.08374893
851,0,0,0.26291140368780136,0.20479539,0.80685425,0.24779363
852,0,0,0.02196625701847384,6.4557375e-06,0.00014034421,0.022537768
853,1,1,0.5195353912313437,0.9979912,0.99665236,0.51895684
854,0,0,0.0014413748042497103,7.655259e-11,1.8717115e-09,0.0016972972
855,0,0,0.029153045861824364,0.0004165153,0.008038163,0.028913578
856,1,1,0.7530070521150681,0.9999962,0.9999927,0.75270224
857,0,1,0.40676276648822784,0.99381304,0.9789652,0.41269448
858,1,0,0.0507700739605184,0.00030609043,0.008462607,0.050272275
859,0,0,0.11334931528082738,0.19744353,0.94009155,0.10735378
860,0,0,0.041762963025507416,8.552125e-05,0.006729335,0.037989143
861,0,1,0.6698837651706021,0.9999552,0.9999174,0.66998935
862,0,0,0.004086469723844669,2.9646233e-07,2.3864877e-05,0.0051646875
863,0,0,0.0019613621943549418,1.3762289e-08,5.671195e-07,0.0023429897
864,0,1,0.2572082716630505,0.70773137,0.40024507,0.25259915
865,0,1,0.20929240506717417,0.45477626,0.2064993,0.20143679
866,0,1,0.11266798933950815,0.9366602,0.884746,0.1363288
867,1,0,0.1688972517707013,0.9967661,0.9999672,0.17409436
868,0,0,0.002206625980924385,1.5729909e-10,9.206053e-09,0.0022246705
869,1,1,0.7022829772697824,0.99996424,0.9999287,0.7016357
870,1,1,0.3265368034354008,0.949004,0.7696395,0.32618672
871,0,1,0.21585965767925389,0.66551566,0.38255244,0.21029712
872,0,1,0.0060225625798056345,7.062152e-08,1.8038403e-08,0.006841134
873,0,1,0.029748020567786894,2.7778287e-05,4.6115074e-06,0.028417932
874,0,0,0.0003350413757911571,6.634662e-14,3.8000926e-12,0.000398473
875,0,1,0.5621501010621207,0.9975368,0.9802623,0.5628639
876,0,0,0.015749923560857967,2.8845388e-06,2.4667916e-05,0.0143421935
877,0,1,0.10284095466339338,0.0014302942,0.0005668933,0.09961096
878,0,0,0.023970961554019475,3.8280043e-05,0.0002904041,0.026001966
879,1,1,0.4373100334170224,0.9971464,0.9827277,0.4299379
880,0,1,0.01053578502885998,2.5252837e-07,1.0054159e-08,0.010039759
881,0,1,0.07224056592666174,0.0041159275,0.0011300155,0.06971318
882,1,1,0.3263127011026429,0.9672605,0.8715607,0.32459685
883,0,0,0.050713403189342025,0.0008754401,0.022599783,0.05167441
884,0,1,0.3034481994003244,0.9859207,0.9874187,0.30932793
885,0,0,0.008426397164630242,8.60147e-07,2.5437252e-05,0.008003274
886,1,1,0.8086145738422322,0.99999905,0.9999974,0.8108114
887,0,1,0.06167807482787833,0.0034853646,0.0014553575,0.059104994
888,0,1,0.12526102001766026,0.006555462,0.00018865403,0.12602642
889,1,1,0.8189662378281084,0.99999976,0.9999995,0.82124174
890,0,1,0.23212230132184908,0.33320817,0.07250394,0.23269084
891,1,0,0.6600461348825749,0.40290338,0.10505539,0.64251876
892,1,1,0.6623071647910034,0.99305564,0.9550336,0.65052086
893,0,1,0.0011822905647484523,1.113874e-10,2.238887e-11,0.0013864725
894,1,0,0.025562878424794874,0.0005153045,0.010872693,0.027311208
895,1,1,0.6555277963979861,0.99954313,0.9855884,0.65970933
896,1,1,0.19903464092847475,0.5341174,0.2918593,0.19198377
897,0,1,0.043253470312603445,0.0003759597,0.00010733523,0.04163812
898,1,1,0.8855511425693513,0.99998593,0.99994206,0.8767183
899,0,1,0.33909673663872575,0.96200824,0.832032,0.33860874
900,0,1,0.2523222310392099,0.7420779,0.40849108,0.2667633
901,0,0,0.015572663835538481,1.0883255e-06,0.00010642349,0.015830867
902,0,1,0.7498870000239483,0.9999949,0.99998367,0.7520454
903,0,0,0.0016018239753025519,1.1919052e-10,2.1069961e-09,0.0018929086
904,0,0,0.009505480363306033,4.9538485e-05,0.00038910226,0.015762538
905,0,1,0.3467284818585272,0.9975319,0.99533606,0.35015473
906,0,1,0.052768808647041594,0.015536469,0.0047499267,0.060159564
907,0,0,0.02586781337322533,0.00014861669,0.0024924302,0.025562089
908,0,0,0.002727282772897207,8.8380836e-10,2.8807644e-08,0.0029348277
909,0,1,0.638382579533107,0.99955136,0.9986405,0.639787
910,0,1,0.0059343656347059905,3.4070036e-09,4.2912002e-10,0.006364641
911,0,1,0.002843357768369516,1.4557815e-09,3.1835345e-10,0.0032395169
912,0,0,0.3577405786763084,0.9977145,0.99999833,0.35542655
913,0,0,0.03149633312990641,1.5367232e-05,0.00023900793,0.031634465
914,0,1,0.03583107660121735,0.022267824,0.0014283464,0.06051438
915,0,0,0.030669846531792673,4.1305888e-05,0.0015167003,0.031047223
916,1,1,0.31637365357167013,0.9663526,0.92588973,0.31397954
917,0,1,0.0075037785595785614,6.1475355e-08,1.1390118e-08,0.006546387
918,0,0,0.1958626288717368,0.7914937,0.99152,0.1944637
919,1,1,0.7869861784931291,0.9999987,0.9999956,0.79093754
920,0,1,0.383857302434083,0.9951159,0.98673046,0.40028027
921,1,1,0.1995350408397198,0.69377565,0.18647696,0.19558756
922,0,0,0.07446602306663994,0.0027534503,0.09121058,0.07146511
923,0,1,0.0156363749796352,9.2208626e-05,2.7495938e-05,0.017734746
924,0,1,0.3052996379859738,0.5737524,0.20687425,0.30561167
925,0,1,0.08674212403887195,0.0119834235,0.001968773,0.085619755
926,0,1,0.42258547302863975,0.9993637,0.99809283,0.42653364
927,0,1,0.13230465963072222,0.075750865,0.0043307124,0.12913194
928,1,0,0.7677226710544554,0.9999888,1.0,0.7616462
929,0,1,0.6460514695828153,0.99862975,0.99868673,0.6301857
930,0,1,0.3543758762264331,0.96108323,0.80522305,0.3512421
931,0,0,0.00205991154976557,8.622871e-09,7.006632e-08,0.0023878182
932,0,1,0.02862400135191756,2.8179065e-05,7.5265107e-06,0.02812086
933,0,0,0.02379619066001706,7.781788e-05,0.0011351699,0.02324022
934,1,0,0.01101771082564685,5.0555882e-05,0.0010779965,0.013303071
935,1,1,0.1916176802392086,0.1555224,0.026872505,0.19153339
936,0,1,0.07922338786446757,0.0026781121,0.00087262574,0.076659665
937,0,1,0.005361818555320326,1.10874545e-08,2.8641567e-09,0.0059304256
938,0,1,0.012321035886680428,1.3578409e-05,6.091223e-06,0.013789625
939,0,1,0.15194995760107258,0.09793407,0.020738203,0.1521078
940,0,1,0.007102829143439286,1.3327141e-06,7.37235e-07,0.008509782
941,0,1,0.0011340569396687066,1.3677795e-11,8.9358625e-12,0.0012400771
942,0,0,0.03476545508608938,5.4029547e-06,0.00047468572,0.034902096
943,0,0,0.011635467476012787,2.569885e-06,0.00017034552,0.012203107
944,0,1,0.7274299788680255,0.999992,0.9999821,0.7231048
945,1,0,0.4832376792489178,0.9998195,0.9999951,0.48778114
946,1,1,0.27561055856945643,0.8117548,0.59370863,0.28793162
947,0,1,0.013513019468765366,4.1407466e-06,5.129712e-07,0.013763593
948,0,1,0.07281505052446086,5.242231e-06,7.268533e-08,0.07025953
949,0,1,0.0016458566184672024,4.718484e-10,3.779971e-10,0.0017909912
950,0,1,0.35186391364360425,0.973963,0.8839214,0.35123608
951,0,1,0.07010090451644144,0.006562763,0.0013340736,0.06788511
952,0,1,0.030804172956235065,0.0005490313,0.00025484918,0.034775823
953,0,0,0.0009227918229736705,8.910418e-12,4.4051715e-10,0.0011134688
954,0,0,0.017564932281622037,0.00023419654,0.0041225,0.020589614
955,1,1,0.7546555022006692,0.999997,0.9999939,0.75034314
956,0,1,0.0017053123486771829,2.323741e-10,3.6777234e-11,0.0028545817
957,1,1,0.9224662370293968,1.0,1.0,0.9259927
958,0,0,0.001280571267084201,1.1821764e-10,7.973195e-09,0.0015523776
959,0,1,0.05038495373428936,0.0008486272,0.00086999056,0.046895698
960,0,1,0.06757396885626524,0.0068110013,0.0012856533,0.06628811
961,1,1,0.9598735530857946,1.0,0.99999976,0.9581954
962,0,0,0.001940878319622242,9.634339e-10,1.41270515e-08,0.0022940014
963,1,1,0.8359643958418201,0.99999774,0.999969,0.8413277
964,0,0,0.0016110821767251924,3.946451e-10,8.3261975e-09,0.0019103778
965,1,1,0.022990043797689912,8.832599e-05,1.071646e-05,0.021078171
966,0,0,0.2179963105360544,0.91787106,0.9953612,0.23395437
967,0,1,0.07297847057968201,0.014976715,0.0023520822,0.070653394
968,0,0,0.022928398785644746,1.4413494e-05,0.00093991705,0.020436075
969,0,1,0.6293074191475181,0.9997055,0.99934,0.62567544
970,0,1,0.3724702723878238,0.9707624,0.9397753,0.38681644
971,0,1,0.11708926026024648,0.003421325,0.00035078722,0.11352638
972,0,1,0.15030811731273183,0.08691,0.045813672,0.13728982
973,0,1,0.0019338389998514564,1.5711976e-10,7.5965255e-11,0.0022308317
974,0,1,0.08172157065836158,0.004200628,0.00055192946,0.08117028
975,1,1,0.381376156268963,0.9969696,0.9926813,0.40108073
976,0,1,0.06417549201154754,0.00011643782,2.8808277e-06,0.0670629
977,1,1,0.6752870339237153,0.9995941,0.9988186,0.664942
978,0,0,0.005088153492470721,5.3817373e-09,3.8259225e-07,0.0051605557
979,0,0,0.007655253258414263,1.4015933e-06,2.6727346e-05,0.009479913
980,1,0,0.6190434295152358,0.99993277,1.0,0.6173097
981,0,0,0.004433129731557772,1.7687653e-05,4.9780743e-07,0.0058072377
982,0,1,0.14026151919863278,0.035545003,0.009752162,0.14708425
983,1,1,0.8684948214589719,0.9999999,0.9999999,0.8680053
984,0,1,0.10855296753035842,0.034118716,0.01593383,0.105704695
985,0,1,0.21539823217743476,0.19375318,0.00093831174,0.22972466
986,1,1,0.3937919278887291,0.99469167,0.9850161,0.39330304
987,0,1,0.2659885421057059,0.80143183,0.6421638,0.2765683
988,0,0,0.03842484392762509,0.00019471324,0.008277887,0.03951082
989,0,1,0.26485232323349744,0.85209274,0.37776208,0.26696616
990,0,0,0.5571361358259985,0.99969536,1.0,0.52850664
991,1,1,0.5751997827709272,0.9997785,0.9995424,0.59452444
992,1,1,0.9991539309461064,1.0,1.0,0.9990042
993,0,1,0.1979975330506099,0.5531221,0.2114186,0.19767691
994,0,1,0.39453666378738855,0.97634083,0.9003765,0.39488587
995,0,0,0.0010505426315232198,9.268391e-12,1.4897238e-10,0.0012351973
996,0,0,0.002417965835649226,3.2385516e-09,1.597733e-08,0.0041761217
997,1,1,0.9605070789865594,0.9999999,0.9999987,0.9586568
998,1,1,0.8256055584674331,0.99999857,0.9999938,0.82388973
999,0,1,0.21463995242390607,0.13841385,0.021378506,0.20998268
1000,0,1,0.0013106037037621911,5.5551325e-10,9.450351e-11,0.0015478234
1001,0,1,0.09437333645367761,0.0038127096,0.0010854107,0.09092845
1002,0,1,0.027019350964237646,0.00046033968,4.7414804e-05,0.024741432
1003,1,1,0.05686206792129054,8.6950604e-05,7.78881e-07,0.0556364
1004,0,1,0.08227690848832188,0.0016124332,0.00046801945,0.08018008
1005,1,1,0.30918848549309114,0.9933356,0.9837902,0.31208313
1006,0,1,0.0021960641005811304,2.351228e-09,1.1254144e-10,0.0024163614
1007,0,1,0.0015771358409494996,6.347761e-12,4.1318043e-12,0.001481335
1008,0,0,0.012762254967771293,2.1500402e-05,0.00076270045,0.015634678
1009,0,1,0.058512313364548305,0.0005491878,7.254902e-05,0.057966895
1010,0,1,0.4467376004138229,0.9899621,0.9724417,0.4441107
1011,1,1,0.7833264480198096,0.999985,0.9999093,0.7787071
1012,0,0,0.06289689086345955,0.0056809997,0.13549742,0.065585524
1013,0,1,0.007404355469638961,1.126593e-07,6.2646217e-09,0.011792905
1014,0,1,0.012229643144176107,1.6107224e-07,3.274542e-08,0.01135954
1015,1,1,0.618103747476434,0.99992967,0.9997266,0.62033355
1016,1,1,0.626488362237889,0.9999366,0.9998318,0.63144237
1017,1,0,0.672368805870484,0.9999726,1.0,0.6707059
1018,0,1,0.05737442491808504,0.00023898038,4.1492898e-05,0.057902843
1019,0,1,0.29605306521760366,0.6536617,0.024573103,0.30081582
1020,0,0,0.013851775925528905,4.1961853e-06,6.763235e-05,0.013869543
1021,0,1,0.25966343226818744,0.48199427,0.10863409,0.2611873
1022,0,1,0.37141703818954164,0.9940655,0.9835359,0.37399775
1023,0,1,0.0010077933769331098,3.840226e-12,1.8263917e-12,0.0011513513
1024,0,0,0.03181110453922038,2.250287e-05,0.00022306386,0.034160916
1025,1,1,0.5062910676366131,0.9994274,0.9969126,0.50943226
1026,0,0,0.04399674497578939,0.00032705913,0.012690298,0.044563945
1027,0,1,0.3645987997387364,0.97410166,0.9243175,0.3666019
1028,0,1,0.14665866994665233,0.05078261,0.014511194,0.15366806
1029,0,1,0.2610999864312,0.9515158,0.8243116,0.26352054
1030,1,1,0.308876481874978,0.6557304,0.4519655,0.29554963
1031,0,1,0.26299835820144374,0.74666435,0.38729772,0.27547234
1032,0,1,0.013457136947834215,0.00010725666,6.906258e-06,0.015386169
1033,0,1,0.29401011406362,0.9689118,0.90069455,0.30368778
1034,0,1,0.002290166296362376,6.325544e-09,6.868147e-09,0.0025429488
1035,0,1,0.2664055186750205,0.9388316,0.8000005,0.25650275
1036,0,1,0.7807907082685135,0.99999905,0.99999726,0.7838361
1037,0,1,0.7282350800471752,0.99998784,0.9999602,0.73073673
1038,0,1,0.009239632928645164,3.1729192e-06,1.3100156e-06,0.011172456
1039,0,0,0.03143884171497572,0.00030440252,0.011477444,0.033967365
1040,0,0,0.05421716211959255,0.0015223273,0.016781336,0.057662882
1041,0,1,0.3632961797741031,0.9898421,0.8985962,0.35805145
1042,1,1,0.21584326795294018,0.4765032,0.28091997,0.20383532
1043,0,0,0.0022785507124956357,4.9937725e-09,7.4872906e-07,0.0027674679
1044,1,1,0.4297412793023211,0.99278146,0.96321505,0.4251694
1045,1,1,0.9729439380596108,1.0,1.0,0.97207457
1046,0,1,0.06267496773948869,0.0011103579,0.00013838267,0.062051117
1047,0,1,0.11172239885615418,0.0077371667,0.0010493187,0.11107701
1048,0,1,0.008580558838769703,6.827283e-06,1.0738544e-06,0.009832297
1049,0,0,0.006244083468772476,1.6808702e-08,1.7450343e-07,0.0061944225
1050,0,1,0.10971234038589253,0.055126645,0.012750337,0.104464054
1051,0,1,0.18626337216003575,0.31111425,0.12263258,0.19427845
1052,0,1,0.06910196873938557,6.74567e-05,4.446597e-06,0.063435376
1053,1,0,0.6410685720695001,0.9995966,0.99999976,0.6313416
1054,0,0,0.04349009802546801,0.00096034975,0.024626931,0.04488765
1055,0,0,0.33319472605309797,0.96308035,0.99853945,0.34766418
1056,0,1,0.4004652436092315,0.95354015,0.83834547,0.38936663
1057,0,0,0.1343597977757563,0.4471065,0.98377895,0.12808904
1058,0,0,0.08720047818978154,0.010415502,0.31088692,0.083426096
1059,0,1,0.7277059648876462,0.999995,0.99999154,0.7315598
1060,0,0,0.5725589393307906,0.999355,0.9999999,0.5698657
1061,0,0,0.001637411962818116,8.312991e-10,6.6012575e-08,0.0019878575
1062,0,1,0.014851737466843241,3.4888226e-06,2.0291729e-07,0.013753046
1063,0,1,0.05502827738480023,0.0013215124,0.00046731508,0.05073079
1064,0,1,0.4183007072482391,0.98922396,0.94822127,0.416637
1065,0,1,0.05435877449579168,0.00019600653,9.78602e-06,0.052788988
1066,0,0,0.5125961590402923,0.9998534,1.0,0.5136498
1067,0,1,0.3627723927181601,0.9962161,0.979393,0.42944476
1068,0,0,0.011815341257028131,5.1935565e-08,9.552517e-07,0.011689087
1069,0,0,0.060955830584436106,0.0004094521,0.027917886,0.061217386
1070,0,1,0.08559290099017744,0.00815604,0.0015502247,0.08449314
1071,0,1,0.2368608899056259,0.4729677,0.18676333,0.23197976
1072,1,0,0.11409301821757388,0.033795755,0.63029784,0.11476305
1073,1,1,0.4082307957245911,0.99471337,0.978889,0.4069749
1074,1,1,0.7598231665046719,0.9999968,0.9999951,0.75625587
1075,0,1,0.12020678792860355,0.012297763,0.00033757015,0.12272861
1076,0,0,0.042345908133180656,0.004319423,0.089393705,0.042429905
1077,0,1,0.7053081417446907,0.9999628,0.99936634,0.72130805
1078,0,1,0.03619485220461248,0.00013091764,1.7848848e-05,0.03538598
1079,1,1,0.35064782271382405,0.9693004,0.8856142,0.3520302
1080,1,1,0.5812693429183317,0.9999608,0.99993,0.5823637
1081,1,1,0.7300801545371006,0.99998677,0.99994886,0.7309708
1082,0,1,0.34940624347922383,0.9681272,0.8685639,0.34880215
1083,1,0,0.14762979814626817,6.2542413e-06,5.0343187e-06,0.14016114
1084,0,0,0.23938791187438144,0.2245139,0.9992943,0.23829262
1085,0,1,0.12802683522129718,0.08170926,0.07065563,0.12304596
1086,1,1,0.11123688502168362,0.0044429535,0.0001296124,0.11335663
1087,1,1,0.7073012163273286,0.9984958,0.9887439,0.7130007
1088,0,1,0.009067991479924181,2.5163261e-05,6.9261505e-06,0.009780836
1089,0,1,0.024508934868840447,1.995517e-05,1.1848558e-06,0.02336298
1090,1,1,0.5889910298114133,0.9984837,0.99687177,0.57347375
1091,0,1,0.23151061474545742,0.50168717,0.1486732,0.23098016
1092,0,1,0.27884490316622906,0.94425154,0.6919866,0.2796273
1093,0,1,0.017283158809031092,2.8368706e-06,8.8555635e-07,0.017360326
1094,0,1,0.07063217736290113,0.004580658,0.0007477137,0.06269345
1095,1,0,0.0888192630077325,0.011075388,0.39743596,0.087358885
1096,1,1,0.6811559534522302,0.9999914,0.9999821,0.68695617
1097,1,0,0.1114054262998544,0.037473854,0.5033449,0.11526504
1098,0,1,0.05762963967372856,0.005438728,0.0018438523,0.054436684
1099,0,1,0.5441615005176677,0.99939144,0.9982826,0.5377199
1100,0,1,0.0506774087791062,0.0005514223,6.8833266e-05,0.050172545
1101,1,1,0.9999999999999916,1.0,1.0,1.0
1102,0,1,0.5827221616273296,0.99994564,0.99978125,0.5865576
1103,0,1,0.026519783579150344,6.0386074e-06,5.5258724e-06,0.025867535
1104,0,0,0.00034323353848454425,1.2745934e-13,6.4471093e-12,0.0004097801
1105,0,1,0.03874900684952108,0.0006891179,0.00023316653,0.035654996
1106,0,1,0.018877387334152063,0.00747292,0.0024990945,0.023656683
1107,0,1,0.7395398463186864,0.9999354,0.99969167,0.7349732
1108,1,1,0.22455865659149618,0.3769152,0.16053195,0.2216411
1109,0,1,0.0163584599963222,2.2675051e-06,4.80698e-07,0.016862264
1110,1,1,0.7067661365706425,0.9999529,0.9999331,0.70928615
1111,0,1,0.24202182105963516,0.97592235,0.91297346,0.2491522
1112,0,1,0.1925376676715087,0.10099238,0.01940857,0.19254944
1113,0,1,0.8917947036481149,1.0,1.0,0.89127225
1114,1,1,0.5506604129340401,0.99993896,0.99971503,0.55236864
1115,0,1,0.018537551724828988,0.00012445194,0.00018269294,0.01791456
1116,0,0,0.0002493892656636554,8.746082e-15,3.4609522e-13,0.0002960728
1117,0,1,0.838393927608214,1.0,1.0,0.84208715
1118,0,1,0.012142563359293137,0.00012281175,3.1487314e-05,0.01313202
1119,0,1,0.009107845499979252,7.995219e-08,5.7220834e-08,0.008830136
1120,0,0,0.02667164202407298,1.0984305e-05,0.00043263478,0.024860425
1121,0,1,0.17595722796442156,0.17660517,0.027714996,0.17410906
1122,0,1,0.1206654056729034,0.026865792,0.004328389,0.110573836
1123,0,0,0.10877515050665507,0.20787051,0.99775654,0.11104035
1124,0,1,0.6798673809203768,0.9999802,0.9999547,0.6791654
1125,0,1,0.001554562294563996,2.332419e-09,4.5110974e-11,0.0025104436
1126,1,1,0.962907845815338,1.0,0.99999976,0.9611042
1127,0,0,0.022681289136201047,1.8892653e-05,0.00025705324,0.022144927
1128,0,1,0.015808029075209198,0.00014954922,6.29477e-05,0.01723238
1129,0,1,0.16722369720015948,0.5145862,0.18167573,0.17274684
1130,0,0,0.0899305119497425,0.0039686025,0.96597254,0.09098236
1131,0,1,0.10617205700958632,0.014826591,0.0064251586,0.09812712
1132,0,0,0.011181945349810485,5.4981365e-07,8.737e-06,0.011848843
1133,1,0,0.8847588626486105,0.99999964,1.0,0.88849825
1134,0,1,0.07025689673983046,0.016065927,0.00681617,0.067721784
1135,0,0,0.015454569181583234,7.228487e-07,4.6967747e-05,0.016119737
1136,0,1,0.004580863476088309,3.2327705e-08,2.4181033e-09,0.0040424983
1137,1,1,0.03600995718114997,0.00041024503,8.833509e-05,0.033602867
1138,1,1,0.5213530029444842,0.9988111,0.9914662,0.5214157
1139,1,1,0.6836601502978547,0.99963963,0.99825937,0.6742921
1140,0,0,0.04214594194130981,0.0022541506,0.032328904,0.04354263
1141,0,1,0.002244204047024691,5.2292154e-10,7.535827e-11,0.002649786
1142,1,1,0.7897981133063025,0.99999547,0.9999895,0.78631353
1143,0,1,0.6764948824772973,0.99992824,0.99986315,0.67749697
1144,1,1,0.5892019817343712,0.99964464,0.9976115,0.5900863
1145,0,0,0.011475340210172871,1.7013542e-06,5.0931638e-05,0.013250251
1146,0,1,0.33382679097902174,0.91021484,0.9029963,0.34114203
1147,0,1,0.2202817185214228,0.5173744,0.41716048,0.2124418
1148,0,0,0.09518679132961784,0.020688793,0.77847296,0.091182366
1149,0,1,0.12260891685132791,0.027149182,0.004985623,0.1193525
1150,0,1,0.1010363224649012,0.0034801234,0.0022974222,0.1031518
1151,0,0,0.24362670828785515,0.716927,0.9802358,0.24302438
1152,0,0,0.0019382369366610062,1.2103309e-10,2.475003e-09,0.002285209
1153,1,1,0.4034192567095983,0.9852728,0.9522143,0.40121156
1154,1,1,0.9678942991626274,1.0,1.0,0.9691834
1155,0,0,0.005031526042256058,2.7935784e-10,3.046879e-09,0.0050452966
1156,0,1,0.03800849441385286,0.00029521482,7.882879e-05,0.036155827
1157,1,1,0.8467683134310328,0.99999106,0.999933,0.8391414
1158,0,0,0.002614425610398232,6.7100197e-09,8.895356e-08,0.003112118
1159,0,1,0.018203675302424956,0.0004760966,0.00019006016,0.021033647
1160,0,1,0.0016799879782095973,1.3976041e-10,7.1800475e-11,0.0019366522
1161,1,1,0.666683001292729,0.99955887,0.99940026,0.65857863
1162,0,1,0.3853706257481985,0.99268043,0.97734785,0.38289243
1163,0,0,0.0037730664395418515,5.0256894e-08,3.6796905e-07,0.0065319305
1164,0,0,0.1404253443029254,0.56282806,0.98701173,0.1347729
1165,0,1,0.006696499398575234,5.580771e-06,1.5299019e-06,0.0073029953
1166,0,0,0.009549416673132347,1.13960986e-07,1.9534771e-05,0.009170692
1167,0,1,0.030062495464227686,0.0007309975,0.00021150407,0.034067806
1168,0,0,0.0686796774487554,0.0018592541,0.049531836,0.07104246
1169,0,1,0.018300178193362132,0.019675521,0.002186425,0.031448264
1170,0,1,0.009497577228947259,4.1643484e-06,1.3069134e-06,0.010863416
1171,0,0,0.00132477104120447,1.2959575e-09,1.4874104e-07,0.0015293728
1172,0,0,0.00442774080347294,1.2898751e-07,5.1117886e-06,0.0053007505
1173,0,0,0.008561612003754271,6.2925007e-09,4.5195524e-08,0.0050068577
1174,0,1,0.07259493691523616,0.008496045,0.0058329194,0.076280825
1175,0,1,0.021392494132748255,5.890904e-06,1.9805436e-06,0.021571515
1176,0,1,0.07431901605739175,0.00063751225,0.00014069205,0.06961131
1177,0,1,0.16435962548597519,0.046020526,0.012888646,0.16093299
1178,0,0,0.011207235121275003,4.2766933e-07,3.4340363e-05,0.011677778
1179,0,1,0.02844252459861677,1.9018686e-05,5.2445666e-06,0.027015785
1180,0,0,0.062379842847478266,0.00043121263,0.69255704,0.062529035
1181,0,1,0.0027414294750498615,9.97439e-10,1.8192697e-10,0.0030894524
1182,0,1,0.5637632765504796,0.9996351,0.99915934,0.57235914
1183,0,0,0.03550861581621339,0.00019152499,0.0029794064,0.036110993
1184,0,0,0.013747776768209609,4.1566167e-05,0.00075603067,0.015914755
1185,1,1,0.26040474278764586,0.7696505,0.376798,0.2595273
1186,1,1,0.24254141330857507,0.72545075,0.2869396,0.24262837
1187,0,0,0.008134420771760213,4.3889312e-07,6.130689e-06,0.010128872
1188,1,1,0.3987450712850252,0.9962489,0.98640436,0.396262
1189,0,1,0.7552520025311006,0.9999727,0.9997018,0.75931126
1190,0,1,0.07677246726003506,0.053307205,0.0038231213,0.073662944
1191,1,1,0.26643853661485,0.46804595,0.150382,0.26603928
1192,0,1,0.0036060060027849495,1.9475875e-08,1.6252416e-08,0.004182597
1193,1,1,0.9987435457648772,1.0,1.0,0.99840266
1194,1,1,0.8385262816742268,0.99999964,0.9999995,0.8374347
1195,0,0,0.012235229717902274,1.8985023e-08,1.2008863e-07,0.012192364
1196,0,1,0.3270646700832643,0.973315,0.8979998,0.32724494
1197,1,1,0.5072124179546784,0.9998156,0.9992575,0.5180933
1198,0,1,0.010619469454290075,5.160881e-08,2.0642469e-08,0.01059073
1199,1,1,0.9913487852041913,1.0,1.0,0.990466
1200,0,1,0.45255654687214597,0.99411947,0.9759359,0.4426009
1201,0,1,0.005873242403221491,5.5702064e-11,6.4906235e-13,0.00559238
1202,0,0,0.09473638528007938,0.0145564135,0.38909838,0.095349915
1203,0,1,0.3379778984336401,0.9640711,0.8638482,0.34037226
1204,0,1,0.07361414745849391,0.0007091762,0.00011261972,0.07172709
1205,0,1,0.09982482718524967,0.030442879,0.005030588,0.09770253
1206,1,1,0.3551793077878372,0.9891026,0.95887274,0.35507575
1207,0,0,0.03860022799902288,0.000828057,0.01580126,0.03879405
1208,0,1,0.011367769674757121,0.00085612526,4.6716614e-05,0.01684414
1209,0,0,0.587388834590556,0.9978649,0.9999995,0.5806067
1210,0,0,0.02134622439819062,6.9037655e-05,0.0018293877,0.020582797
1211,0,0,0.005981498996965097,1.5338272e-09,1.8698497e-08,0.003319208
1212,0,1,0.6563749546627901,0.9997854,0.99914193,0.6581838
1213,1,1,0.5473291168172634,0.99764377,0.9472907,0.5520256
1214,0,1,0.021796415977543938,2.620004e-06,7.600137e-07,0.020272547
1215,0,1,0.2865789168872748,0.70454663,0.3901805,0.28842747
1216,0,0,0.6052262678635218,0.99904305,0.99999976,0.6052389
1217,0,1,0.026528680983377136,0.00013058165,1.7507215e-05,0.025294017
1218,1,1,0.742669385138409,0.9999945,0.9999801,0.7449467
1219,0,1,0.13741364995214195,0.112257116,0.04753279,0.12970404
1220,0,1,0.30513415007999345,0.95758975,0.83288956,0.3054034
1221,0,0,0.0019861025299469405,4.2951576e-09,1.078714e-07,0.0024747162
1222,0,1,0.4601515491221389,0.9994817,0.998754,0.46734577
1223,0,1,0.3147563018372309,0.9413314,0.8308798,0.3080711
1224,1,1,0.7229413203446841,0.9999813,0.9999455,0.7255219
1225,0,0,0.05849939048423929,0.03381718,0.31928745,0.078835785
1226,0,0,0.001643981201749612,7.7770324e-10,6.525632e-08,0.0019957277
1227,0,0,0.005036157233237565,1.7650168e-09,6.7014525e-08,0.0051760036
1228,0,1,0.16031450267406994,0.10948473,0.033233047,0.16770005
1229,1,0,0.5380873011933377,0.999614,0.9999999,0.5269324
1230,0,1,0.037519380136676765,0.0046512694,0.0011794312,0.044625282
1231,0,1,0.017869653055697612,3.3346128e-06,1.8046237e-07,0.016912486
1232,0,0,0.05655998672385956,0.011465073,0.44052902,0.05510418
1233,0,0,0.04078766165621169,0.010028083,0.5324442,0.043088015
1234,1,1,0.5458438580386137,0.99934655,0.9986268,0.5421996
1235,0,1,0.012336857692756466,1.8923669e-05,2.809173e-06,0.014527432
1236,0,1,0.305422040822879,0.92410314,0.7864523,0.3032752
1237,0,0,0.04424510512830179,0.0002891231,0.0057835383,0.04563335
1238,0,1,0.35172216567236947,0.9438856,0.76203483,0.35250938
1239,1,0,0.08707289046397469,0.0006992292,0.0019314609,0.09029075
1240,1,1,0.7408248041262335,0.9999579,0.9998685,0.74208
1241,0,0,0.05777623104513141,0.0013083054,0.08218238,0.05216113
1242,0,1,0.21388996063999352,0.32347432,0.15900704,0.22353101
1243,0,1,0.028807721528682384,5.92998e-05,4.4095865e-05,0.028930085
1244,1,0,0.40967168034685003,0.9984933,0.99999917,0.40857074
1245,0,1,0.2769573203901561,0.9927014,0.98666614,0.28696737
1246,0,1,0.07140579407533743,0.002360889,0.00059833226,0.06740606
1247,0,0,0.020190203332748114,2.1563215e-05,0.0007428132,0.021592846
1248,1,1,0.777485618670875,0.9999939,0.99996424,0.7790702
1249,1,1,0.9962477656396672,1.0,1.0,0.9957741
1250,0,0,0.02917047652783067,0.0017999883,0.07340609,0.028181888
1251,1,1,0.7236290847999801,0.9999833,0.9999422,0.7254006
1252,0,1,0.3088550624791469,0.9325105,0.5208289,0.30992097
1253,0,1,0.4088558553325489,0.992927,0.956793,0.4089669
1254,1,1,0.939879844283606,0.9999994,0.9999981,0.93341094
1255,0,1,0.05658996081015393,5.358195e-05,1.1780347e-06,0.051928274
1256,0,0,0.00359186660463672,6.69927e-11,4.5096887e-10,0.0033866724
1257,0,1,0.07629492584057058,0.0007097431,0.00022482114,0.07359788
1258,0,1,0.006607946798216538,5.6620344e-08,6.8599675e-08,0.006168551
1259,0,0,0.0043428894880265575,5.253361e-09,3.4713514e-07,0.004402432
1260,1,1,0.7490502130915494,0.99999917,0.99999845,0.75268126
1261,0,0,0.024160215812660524,4.4873956e-05,0.0005162937,0.024497788
1262,0,0,0.03958169422180059,0.0015903944,0.034711834,0.03917288
1263,0,0,0.01166649926915019,1.1202734e-06,6.280432e-06,0.011637984
1264,1,1,0.9196468963621953,0.9999975,0.99998415,0.9168492
1265,0,1,0.1565521011137472,0.112553634,0.033681292,0.16439246
1266,0,0,0.05031985349466899,0.0002676892,0.015471302,0.05034144
1267,1,1,0.15440396221102626,0.21967134,0.041964706,0.1551667
1268,0,1,0.21595116068238873,0.28665945,0.07984349,0.21708386
1269,0,1,0.0373357394845468,0.00013038717,5.5371842e-05,0.037158795
1270,1,1,0.34799256038678195,0.9934989,0.9842999,0.33959016
1271,0,1,0.26522477177416287,0.6623834,0.24327555,0.26549643
1272,0,1,0.004598756656361988,3.083338e-07,2.5128436e-08,0.005000761
1273,0,1,0.15259695677424814,0.09385543,0.016658086,0.15128683
1274,0,1,0.39882193599602067,0.93146324,0.86719257,0.39945507
1275,1,1,0.489021264251592,0.99993217,0.99984694,0.4946017
1276,0,1,0.12548072186990478,0.0018875953,0.00025075368,0.12464828
1277,1,1,0.719747144155958,0.999979,0.9999521,0.71750534
1278,0,0,0.0033799637441007603,3.3888028e-10,3.856122e-09,0.0034979307
1279,0,1,0.06164042431065153,7.795351e-05,1.549021e-05,0.05784498
1280,0,1,0.0003211092720548717,7.8012444e-11,1.5226942e-14,0.00045852785
1281,0,0,0.012928646978825686,2.403895e-07,1.1234477e-05,0.012159089
1282,0,0,0.01203269558442193,0.00024911278,0.014164706,0.0142395105
1283,0,0,0.05625270082259603,0.0033534672,0.117705084,0.057046015
1284,0,0,0.000459147092033917,1.8983635e-13,8.302698e-12,0.00054935535
1285,1,1,0.8107366415400755,0.9999987,0.99998593,0.8145349
1286,0,1,0.003547629754540679,2.68548e-08,6.2912524e-09,0.0039918004
1287,0,1,0.024572466347269353,9.727921e-06,4.097656e-06,0.022512035
1288,0,0,0.007304979080090522,1.4851095e-08,5.4596025e-08,0.008022123
1289,1,1,0.4172970917549532,0.9983113,0.99159193,0.4114507
1290,0,1,0.001115348729049253,6.249932e-12,3.5958658e-12,0.0012728615
1291,0,1,0.004604652833499885,2.7681386e-07,6.000857e-08,0.0055002184
1292,0,0,0.0009745594435142168,1.1077082e-11,6.218677e-10,0.0011752459
1293,0,1,0.28837855690923,3.3132703e-05,1.3312938e-05,0.30987236
1294,0,0,0.42417228052324507,0.9996734,0.99999976,0.42140833
1295,0,0,0.01173261762733222,2.1885461e-07,1.4339309e-05,0.012119993
1296,0,1,0.13819249608592024,0.9799295,0.8662033,0.20648071
1297,0,1,0.12821145817382967,0.23621143,0.07094458,0.12989889
1298,0,1,0.5508032348340062,0.9996332,0.99893516,0.55328906
1299,0,1,0.06726355872044812,0.014599498,0.0031390958,0.06930305
1300,0,1,0.2726414303756105,0.2966947,0.07741004,0.26617402
1301,0,0,0.004445270885691066,1.1574494e-06,3.6920734e-05,0.0053625554
1302,0,1,0.1572694994720976,0.12989351,0.07377081,0.15599431
1303,1,1,0.7644776904859545,0.9999852,0.99996054,0.75729394
1304,0,1,0.004656980403445479,1.1694839e-08,3.0648721e-09,0.0051558428
1305,0,0,0.014581242875729483,6.6157536e-06,0.00010490928,0.014592448
1306,0,0,0.1724388918341295,0.19132717,0.99709094,0.1681544
1307,0,1,0.010201378758941452,2.823516e-07,3.0223805e-07,0.009539654
1308,1,1,0.1873159994652849,0.36445317,0.12229683,0.18711033
1309,0,1,0.002537417646235395,3.3356e-08,9.9587885e-09,0.004102564
1310,1,1,0.6071965185886083,0.99928844,0.9801563,0.6143929
1311,0,1,0.45595316991915824,0.99800855,0.9908241,0.45060435
1312,0,1,0.5708762558701391,0.99474674,0.9896116,0.57335913
1313,1,0,0.999999999999994,1.0,1.0,1.0
1314,0,0,0.04399598813603262,4.9407e-05,0.0018142487,0.04544061
1315,0,1,0.03888631935046611,0.00027297734,0.000116489566,0.03628228
1316,1,1,0.45729980706617657,0.9966186,0.9879011,0.45719838
1317,0,1,0.1794988840624776,0.29429498,0.061196294,0.18286389
1318,0,1,0.006769951486238166,4.2674433e-06,4.209442e-07,0.009778745
1319,0,1,0.007746468730295864,7.2826633e-06,7.616884e-07,0.012888943
1320,1,1,0.5528804941605574,0.9995244,0.9976184,0.5547402
1321,0,0,0.050830430402123,0.0072946376,0.2479198,0.04815293
1322,0,0,0.01612383646672578,1.1723206e-05,0.0002151122,0.01611945
1323,0,0,0.00032342827626528046,2.9026738e-14,3.004159e-13,0.00039345401
1324,0,0,0.021418958922151076,8.043252e-06,0.0004553604,0.020409113
1325,0,1,0.005634091798251201,3.4947747e-10,2.0699449e-11,0.0049180277
1326,1,1,0.6454431111088537,0.9994035,0.99891245,0.64611226
1327,0,0,0.0032618540489577057,4.5092932e-10,2.3291927e-08,0.0034683493
1328,1,1,0.7396540616859654,0.9974722,0.9792294,0.73204464
1329,0,0,0.0035987670044186956,5.978314e-09,4.219204e-07,0.0036160578
1330,0,0,0.006700325590242545,3.3634853e-06,3.204947e-05,0.008662732
1331,0,1,0.1348235990093952,0.17839396,0.05303022,0.13166413
1332,0,1,0.16714360126096445,0.14007509,0.046584204,0.17470394
1333,0,1,0.001976950443551935,1.840009e-10,2.7212756e-11,0.0021988354
1334,0,0,0.0051957824929146045,1.8065364e-08,8.363308e-07,0.0051120967
1335,0,0,0.13176287927625951,0.019068409,0.48703936,0.13179667
1336,0,0,0.03474245731045362,0.00031880365,0.012384012,0.035261936
1337,1,1,0.5135689549658513,0.9998692,0.9997509,0.51383847
1338,0,1,0.1291065882312943,0.13350369,0.05236746,0.13341825
1339,0,1,0.8542515630388245,0.9999995,0.9999964,0.85578096
1340,0,1,0.5671609044687228,0.9994268,0.99843985,0.57198364
1341,0,0,0.001848358437001543,1.6182934e-05,6.167553e-07,0.0028923517
1342,0,1,0.08574164196597446,0.04465334,0.0079415925,0.087985426
1343,0,1,0.03473468005026171,0.00054615596,0.00058357377,0.032930564
1344,0,0,0.03227007678221646,2.4656909e-05,0.00027858315,0.03392736
1345,0,0,0.025722966008092152,6.296307e-05,0.00080341497,0.026064862
1346,0,1,0.7271501186034037,0.9997602,0.9980712,0.7222999
1347,1,1,0.20935707467587353,0.13430037,0.09332434,0.21351208
1348,0,1,0.1299815001158127,0.0038110253,0.0007560127,0.13212156
1349,0,1,0.1951774578310904,0.15661478,0.02982208,0.19505294
1350,0,1,0.6442925061305615,0.9999739,0.9999393,0.66485804
1351,0,0,0.008983139200168572,6.049571e-07,1.3670569e-05,0.008713171
1352,0,1,0.49247616472106087,0.999443,0.9960853,0.4957696
1353,1,1,0.07235592317520613,0.00012691494,2.663863e-06,0.0737939
1354,0,0,0.009569901602188036,4.7384653e-08,1.0163918e-06,0.009378868
1355,0,1,0.01864018864806877,0.00030173216,0.00016430214,0.020761572
1356,0,1,0.015942894774567076,2.478028e-07,1.5283456e-07,0.015868237
1357,0,1,0.03555036645531051,3.303742e-05,9.901146e-07,0.03476514
1358,0,1,0.2535069215055207,0.9157278,0.81681526,0.26426888
1359,0,0,0.16865736391281497,0.7721404,0.99454755,0.17054725
1360,0,1,0.689624704989192,0.9999341,0.9997445,0.6910149
1361,1,1,0.9990029050698862,1.0,1.0,0.9988921
1362,1,1,0.1278218482810927,0.036337625,0.021679783,0.13011685
1363,0,0,0.038342431977617684,0.00012983309,0.0026124874,0.03919129
1364,0,0,0.014563522352413824,0.00013935515,0.0011842981,0.01881813
1365,0,0,0.05281702803855012,0.0002688581,0.005911399,0.051846206
1366,1,1,0.4705172577694989,0.98679274,0.9584032,0.47621375
1367,0,1,0.0011874967434002879,2.6811396e-12,4.3664004e-13,0.0013573852
1368,0,0,0.13251171997306627,0.047459487,0.9831645,0.13061045
1369,0,0,0.04309043698695178,0.0006605979,0.009277494,0.043945167
1370,0,0,0.00939196140457155,1.769687e-07,2.4054668e-06,0.010067955
1371,1,1,0.2790791196206966,0.8805084,0.56941235,0.27797124
1372,0,0,0.055291790931374415,0.0009418479,0.034706257,0.054299977
1373,0,1,0.007156828225883861,2.2632148e-06,4.293604e-07,0.008140841
1374,0,1,0.01257360142862434,8.44098e-05,2.68689e-05,0.014439618
1375,0,1,0.4076062365212065,0.96965885,0.8494195,0.40756086
1376,0,0,0.1379891853917368,0.28267455,0.90858036,0.14044252
1377,0,0,0.005728960955980321,4.538363e-05,0.0019084349,0.0065999124
1378,0,0,0.008558737661534102,2.0939679e-05,0.00029406926,0.010568346
1379,1,1,0.4515873436778913,0.9942413,0.9849936,0.44456297
1380,0,1,0.20449427433583545,0.53545547,0.199431,0.20225815
1381,1,1,0.5391264940757973,0.9964226,0.9288134,0.54611313
1382,0,1,0.44976702087386283,0.99868745,0.99713063,0.4660984
1383,0,0,0.011972723699843865,5.815492e-06,0.00013066771,0.012325114
1384,0,1,0.018809897944815707,2.7909753e-05,6.224199e-06,0.018065168
1385,1,1,0.5788550878678974,0.9999678,0.9998503,0.5714897
1386,0,0,0.022974591997252714,7.795193e-07,2.0339894e-05,0.029048791
1387,0,0,0.0010245699605966536,6.077041e-11,4.4507376e-09,0.0012768802
1388,0,1,0.07891302981777507,0.0077864137,0.0019716413,0.07838092
1389,0,0,0.062101593980960136,0.0023937263,0.041873842,0.06278528
1390,0,0,0.019801395571431207,2.4226498e-05,0.00021522134,0.02050844
1391,0,0,0.020690497571157904,9.861042e-06,0.00021369512,0.020843154
1392,0,0,0.0127868921677043,9.799345e-07,6.399137e-05,0.013159392
1393,1,1,0.39468397479398454,0.99749607,0.9936359,0.39805153
1394,0,1,0.0191404454779867,3.102344e-08,8.5769875e-10,0.018405043
1395,1,1,0.28359637482926714,0.8717223,0.64313954,0.2850276
1396,1,1,0.4885924554963958,0.6529755,0.32481748,0.4530571
1397,0,1,0.18520643951181232,0.1211121,0.0054225903,0.18674289
1398,1,1,0.8603834923862561,1.0,0.9999999,0.87120026
1399,1,1,0.6433440648010849,0.99987507,0.999747,0.6428011
1400,0,0,0.11110871813023307,0.06438689,0.6969952,0.11247057
1401,0,1,0.046837318630857425,1.3036187e-05,8.7703675e-08,0.047443517
1402,0,0,0.0021638352502333837,1.326827e-09,1.4151187e-08,0.0025602411
1403,1,1,0.7783031476916464,0.9998156,0.99961734,0.77482504
1404,0,1,0.027004165696036118,8.591795e-05,2.907332e-05,0.023160012
1405,1,1,0.9109496721736657,0.99999833,0.9999863,0.9052119
1406,0,0,0.31417627394699893,0.7009247,0.99510324,0.2987272
1407,0,1,0.010803172285941805,0.00015437811,3.7447194e-06,0.017171364
1408,1,1,0.31694095487677104,0.98423856,0.9018451,0.31738126
1409,0,0,0.002683759863418945,3.4001558e-12,3.894612e-12,0.0028412868
1410,0,0,0.0552183256531979,0.0022781107,0.039265092,0.059706293
1411,0,1,0.006298697008411553,3.4866873e-06,1.0003461e-06,0.0075576776
1412,0,1,0.0004803821234502416,3.9787786e-13,2.4997126e-15,0.0007572082
1413,0,1,0.008338147645967024,3.4231805e-06,1.9234478e-06,0.009121706
1414,0,0,0.008684452509255347,2.5655153e-08,4.0535238e-07,0.008764747
1415,1,1,0.7418148840659643,0.9997414,0.99865675,0.7351559
1416,0,1,0.21873130299767743,0.44953495,0.102419436,0.21835476
1417,0,1,0.4692546975975566,0.998817,0.9968195,0.46951002
1418,0,1,0.0066043744522969365,5.692263e-06,1.1151579e-06,0.009869169
1419,0,1,0.06738302449056226,0.0082016755,0.00088819163,0.06661629
1420,0,1,0.14808505732358254,0.23207349,0.026332485,0.14395429
1421,0,1,0.6640609960123321,0.9902268,0.9511523,0.64334255
1422,0,0,0.34462621457027837,0.9950852,0.99999785,0.36355656
1423,0,0,0.007347269370343541,1.0258395e-05,0.00033145427,0.009227736
1424,0,1,0.17795330354926828,0.4281037,0.4122081,0.17874098
1425,0,1,0.57586563236353,0.99973744,0.9991744,0.58156765
1426,0,0,0.03278361045489024,0.0003594216,0.0053915875,0.033854764
1427,0,1,0.16757690160119787,0.2625676,0.08607877,0.16171086
1428,1,1,0.1534002035394645,0.13645335,0.0405158,0.14823298
1429,1,0,0.9987767756415015,1.0,1.0,0.99864095
1430,1,1,0.028691217412099287,0.00014853365,3.867648e-05,0.034873743
1431,0,0,0.12246440498185238,0.05196759,0.8315223,0.12278691
1432,1,1,0.7770286723532978,0.99996686,0.99900025,0.7836853
1433,0,0,0.31456857728097504,0.91766006,0.9999665,0.30404213
1434,0,0,0.06458595723544377,0.034043476,0.57731247,0.06501724
1435,0,1,0.043591854060702234,0.00010297674,1.162978e-05,0.04272398
1436,0,1,0.6122174104483429,0.9978617,0.9889509,0.623531
1437,0,0,0.004453340530495895,5.9941414e-08,9.257035e-06,0.004256272
1438,0,1,0.07191785502778517,0.001597526,0.00038055584,0.07493961
1439,0,1,0.022958355747732865,8.671895e-06,1.4353496e-06,0.021884488
1440,0,1,0.0004477577310100091,1.6770777e-13,9.153085e-14,0.00048636156
1441,1,0,0.45043233878298455,0.9964381,0.9999976,0.44781226
1442,0,1,0.3343112187805474,0.9306932,0.671076,0.3352626
1443,0,0,0.02209980941981413,2.1633821e-05,0.0017108072,0.023735845
1444,0,0,0.06513117498538212,0.00075436255,0.45641008,0.06609023
1445,1,0,0.08763919708383973,0.010669606,0.96243256,0.08334116
1446,0,1,0.05883671765392113,0.04754577,0.016237812,0.06734911
1447,0,0,0.007241962569613884,5.841834e-08,6.3008833e-06,0.0073476485
1448,0,1,0.31122501292909327,0.96917546,0.782823,0.31196842
1449,1,1,0.9202547977180222,0.99998,0.9998667,0.9073876
1450,0,1,0.20092366734209197,0.4687425,0.1346598,0.20104194
1451,0,1,0.0024787523128217467,2.2313393e-09,1.643154e-09,0.0028572553
1452,0,1,0.33540729471166203,0.93194723,0.6778943,0.33634865
1453,0,0,0.005848288894354965,1.6481359e-08,8.2955495e-07,0.0060571404
1454,1,0,0.23154515654367877,0.9639346,0.99995005,0.22502027
1455,0,0,0.01294795253439909,6.3986334e-07,3.6057554e-05,0.0135569
1456,0,1,0.6052789210084163,0.9999598,0.99982166,0.6114443
1457,0,0,0.0011227712017212153,4.336619e-10,4.8960374e-08,0.0013036347
1458,0,1,0.2470396273502044,0.9097765,0.5842995,0.24691775
1459,0,1,0.508402762014599,0.9963122,0.9951195,0.4965511
1460,0,1,0.4912938710533316,0.9964065,0.98746,0.4965812
1461,0,1,0.3293533439965716,0.9810414,0.94925916,0.32589507
1462,0,0,0.0030793777174992053,6.145017e-11,4.5688155e-09,0.003027851
1463,0,1,0.11285273760113548,0.02058907,0.005703565,0.10862068
1464,1,0,0.43303852463476306,0.9008448,0.99888784,0.40929568
1465,0,1,0.014535998590487455,2.0229525e-06,3.9502626e-07,0.0136400685
1466,0,0,0.0008267584419045629,7.891168e-12,4.661609e-10,0.0009957422
1467,0,1,0.0045798132697700954,4.883624e-08,2.0074415e-08,0.0054922327
1468,0,1,0.2727945161406975,0.8353554,0.49261257,0.27176234
1469,0,1,0.1754476709788762,0.27606976,0.107326806,0.18442535
1470,0,1,0.15278614995495032,0.09435209,0.016809935,0.1514727
1471,0,0,0.0004923121077790493,6.440417e-10,3.337122e-11,0.0005916875
1472,0,1,0.026357967743218125,2.4295003e-05,4.6619434e-06,0.025153052
1473,0,0,0.011713958553707174,2.2498896e-06,3.938538e-05,0.011677045
1474,0,0,0.004256728451590997,4.4641024e-09,2.9467552e-07,0.0043159663
1475,1,1,0.6164290210690687,0.999577,0.99915385,0.60146725
1476,0,0,0.061408754971037795,0.0017305696,0.072515,0.060248874
1477,0,1,0.22850670592514077,0.22271565,0.05428776,0.2326212
1478,0,1,0.8468331143151065,0.99999976,0.9999995,0.84651893
1479,1,1,0.9594589581867723,0.9999999,0.9999994,0.9567021
1480,0,0,0.000837967128965838,8.519511e-11,2.0131343e-09,0.00088320917
1481,0,1,0.03100514209467926,4.5546345e-05,1.0728608e-05,0.031875286
1482,0,1,0.004896251562591299,5.183304e-07,1.3925117e-07,0.008273209
1483,0,0,0.0032513021143601595,1.0043694e-08,2.407169e-07,0.0038432998
1484,0,0,0.03401325893574164,0.00015211408,0.0044848877,0.034342226
1485,0,1,0.5648678494641197,0.99984884,0.99931526,0.5716286
1486,0,0,0.0040146793646698665,1.6064624e-09,1.041645e-09,0.004198237
1487,1,0,0.14367306784801598,0.15303965,0.26379335,0.14930765
1488,1,1,0.20948663408972978,0.6594262,0.31094274,0.20903207
1489,0,1,0.17484798610386432,0.16812,0.13973418,0.16848156
1490,1,1,0.5574594288178535,0.9998349,0.9992605,0.5596197
1491,1,1,0.9658498022987687,1.0,1.0,0.9638418
1492,0,1,0.4160224590491641,0.9912447,0.92256844,0.41547537
1493,1,1,0.5925522108114097,0.9989573,0.9940495,0.59516734
1494,1,1,0.7425763392620449,0.99999297,0.99989843,0.74954975
1495,0,0,0.0019421752826009177,3.96339e-12,2.5875632e-10,0.0018726252
1496,0,0,0.002652628855738698,7.4538736e-11,8.260233e-10,0.0026867636
1497,1,1,0.870926253217835,0.9999914,0.9999578,0.86512834
1498,0,0,0.009227558353188723,2.0930908e-07,2.1348385e-06,0.009204103
1499,0,1,0.01862952755534813,4.442519e-06,1.0605523e-06,0.017547874
1500,0,0,0.02827299048090879,2.821849e-05,0.0006441809,0.028378826
1501,0,0,0.004036076358971909,2.6540194e-09,3.5354812e-08,0.0042438456
1502,0,0,0.0034794322467544625,5.545155e-08,9.5109107e-07,0.004145694
1503,0,1,0.0713011126579184,0.20641378,0.063683785,0.12255908
1504,0,1,0.2231768825042814,0.097474724,0.0026827024,0.22442257
1505,0,1,0.013385156636552566,5.335456e-07,1.06391205e-07,0.012372185
1506,1,1,0.8429731272876619,0.9999995,0.99999785,0.8412273
1507,0,1,0.31961668367180923,0.95266545,0.7947252,0.321098
1508,0,1,0.0019230864228219548,2.6979063e-10,2.0119356e-10,0.0021735344
1509,0,1,0.3318549172936506,0.6975869,0.4319036,0.31688493
1510,1,1,0.2705132507363191,0.9580815,0.77910936,0.27013713
1511,0,1,0.3208531221511504,0.99073625,0.9546333,0.31989723
1512,0,1,0.7686882469573839,0.99996567,0.99973804,0.7639332
1513,0,1,0.14488993471797132,0.13938273,0.1197683,0.14647247
1514,1,1,0.6329196761531638,0.99998665,0.99998343,0.63937736
1515,0,1,0.08669972200111606,0.00037951279,7.2071603e-06,0.08726648
1516,0,1,0.6521891726726641,0.99982715,0.99959254,0.6520185
1517,0,0,0.040444464045640005,0.0004446537,0.015362183,0.039333455
1518,0,0,0.03671142295534119,3.7614845e-06,0.00012830294,0.03611072
1519,0,0,0.022618756037835114,1.6413042e-05,0.00068586646,0.02265746
1520,0,1,0.0037584923946392657,4.0140655e-08,2.7654132e-09,0.0041377307
1521,0,0,0.15622085907224276,0.061977018,0.8051962,0.15479757
1522,0,1,0.06943931711039024,0.0008078207,0.00011267741,0.071751446
1523,1,1,0.49339733307514677,0.9833113,0.9225337,0.49038798
1524,0,1,0.028450651171490406,6.188869e-05,2.8490904e-06,0.027463512
1525,1,1,0.624507124171587,0.9996683,0.9988194,0.6175976
1526,0,0,0.006915690332389037,8.480028e-07,2.078411e-07,0.012497354
1527,0,1,0.1282082965774178,0.2265067,0.13888341,0.12525041
1528,1,1,0.9986943845475261,1.0,1.0,0.9985563
1529,1,1,0.9979214357745645,1.0,1.0,0.99765164
1530,1,1,0.9964293821705972,1.0,1.0,0.99601233
1531,0,1,0.022738581857995082,1.7858594e-06,7.844577e-07,0.022918638
1532,1,1,0.8332711613861757,0.99999976,0.9999995,0.8365366
1533,0,1,0.0017110941722134172,1.7909457e-09,1.1425007e-10,0.0018794147
1534,0,0,0.03279288372886504,0.00035083838,0.0058052316,0.031440157
1535,0,1,0.008796545463236093,2.3932677e-07,2.3184691e-07,0.00814754
1536,0,1,0.45426378035063814,0.9948618,0.95689744,0.4504292
1537,0,1,0.7641305300108138,0.9999976,0.99999475,0.7580368
1538,0,0,0.015895664425788183,2.0585383e-05,0.0015760717,0.018990092
1539,0,1,0.17498121672269984,0.16581547,0.030011322,0.17452103
1540,0,0,0.09339506733453286,0.021069681,0.28991482,0.10157524
1541,0,1,0.7307328916615997,0.99998844,0.9999666,0.7337997
1542,0,0,0.0012872828799097577,1.9514153e-10,2.9365388e-09,0.0015984603
1543,0,1,0.008217504595248773,2.4850854e-06,4.7654163e-07,0.009333849
1544,1,1,0.5289484199760799,0.288856,0.0038094237,0.5183092
1545,1,1,0.3915300654013789,0.9799619,0.9047285,0.3911317
1546,0,0,0.001940032919669603,3.6567291e-09,3.1374447e-07,0.0023605544
1547,1,1,0.6934994057152786,0.99997354,0.9999546,0.6916066
1548,0,1,0.18350726796040737,0.5986158,0.37982616,0.18793848
1549,0,1,0.08267060792240749,0.0036537347,0.0021231128,0.08528865
1550,0,1,0.001642251229356849,2.399911e-10,4.0370245e-11,0.0027720989
1551,0,1,0.30920815230775417,0.97574574,0.9558436,0.31893975
1552,0,0,0.003542354504160567,1.5857076e-08,1.1747566e-06,0.0035842718
1553,1,1,0.9549279634701713,0.9999999,0.9999995,0.95183104
1554,0,1,0.7393621030496828,0.9999988,0.999998,0.74395025
1555,0,1,0.031307346107337826,6.7562476e-05,3.387516e-06,0.029842833
1556,0,1,0.13806885895570176,0.058571484,0.0143771935,0.13315186
1557,0,1,0.3670801595603944,0.9777559,0.9118496,0.3671916
1558,0,0,0.021162149746727837,9.376834e-05,0.0016898635,0.020792069
1559,0,0,0.0005576074441564962,6.10345e-13,3.4595486e-12,0.00065152126
1560,0,0,0.03311665676148102,0.00013742251,0.005899136,0.032667708
1561,0,1,0.00252597121506853,4.6512203e-09,9.362033e-10,0.0030822544
1562,1,1,0.20450059469259058,0.54849684,0.31098837,0.21397994
1563,0,1,0.01828070980111804,2.6184796e-05,1.9065438e-06,0.01709945
1564,0,0,0.030875803642848965,0.00060574367,0.007086624,0.03182219
1565,0,0,0.04204219430967581,0.00070889003,0.008970291,0.042954996
1566,0,0,0.08651848190244837,0.027103249,0.5653455,0.09116102
1567,0,1,0.14910116178579003,0.041842144,0.0075869933,0.14724414
1568,0,1,0.2263755473022177,0.49126747,0.26455802,0.23628013
1569,0,1,0.0023212373469509856,1.1771347e-09,1.3973375e-10,0.0027487343
1570,0,1,0.0011105867959055424,6.428457e-12,3.6638305e-12,0.00126851
1571,0,0,0.03041511775670403,0.0011436256,0.026931964,0.038217742
1572,0,1,0.10825163494309292,0.009112509,0.0013717493,0.10897966
1573,0,1,0.5558847142349165,0.998791,0.99680066,0.5594525
1574,0,1,0.05000000632449481,0.009726528,0.0029768492,0.05705699
1575,0,0,0.029029411692567373,1.573018e-05,0.00091327704,0.028856259
1576,0,1,0.0064146399396460135,2.5700212e-08,6.867515e-10,0.007476238
1577,1,1,0.9991416671924871,1.0,1.0,0.99902475
1578,0,0,0.37277552461079216,0.99994123,1.0,0.37111172
1579,0,0,0.0017359462108392594,1.6940014e-12,6.501632e-11,0.0017027541
1580,0,0,0.19440482412788032,0.062208828,0.7545757,0.18841594
1581,0,0,0.10357986097996842,0.14108661,0.8649677,0.10043836
1582,0,1,0.03688405060639816,0.001295362,0.0002796177,0.03528541
1583,0,1,0.0012430194176545838,3.458264e-11,1.628752e-11,0.0014285423
1584,0,0,0.004838349269115848,6.513058e-09,3.3806206e-08,0.004662274
1585,0,1,0.8436327198088245,0.9999976,0.9999771,0.84845513
1586,0,0,0.009747599141745101,1.2370265e-07,4.715399e-06,0.010059218
1587,1,1,0.9951905245637277,1.0,1.0,0.99454755
1588,0,0,0.008381284994682566,6.749297e-09,1.5758985e-07,0.008106661
1589,0,0,0.0076860353703728556,1.0586063e-08,7.584376e-08,0.0073942943
1590,0,1,0.09891659346769618,0.0027134053,5.224425e-05,0.0963573
1591,0,1,0.05940567735845566,0.00023364321,1.73004e-05,0.030991541
1592,1,1,0.08717128937943033,0.018886322,0.0056581697,0.08443936
1593,1,1,0.7030969438221049,0.99999416,0.9999862,0.7059471
1594,0,1,0.08805059757322052,0.025081946,0.017793218,0.080497846
1595,0,1,0.8188551641726033,0.99999964,0.99999905,0.81365067
1596,0,1,0.6630755428108485,0.99997056,0.9999037,0.6389584
1597,0,1,0.04537473300377122,0.0002384378,4.0939372e-05,0.04311558
1598,0,1,0.0010234780480512325,4.488672e-14,5.036455e-16,0.00096200354
1599,0,0,0.07338206067789534,0.0004491401,0.6185819,0.073729545
1600,1,0,0.9062663135780263,0.9999999,1.0,0.8983127
1601,0,0,0.00862104743238019,3.633709e-05,0.0006817972,0.01022906
1602,0,1,0.293218766793192,0.9644826,0.870059,0.2855892
1603,0,1,0.6398342625268256,0.9997073,0.9987955,0.6427811
1604,1,1,0.09764802827973396,0.040831354,0.0033082375,0.091063805
1605,0,1,0.04768255117922507,0.0014527501,0.00044539542,0.04428492
1606,1,1,0.5966088096785176,0.99938965,0.99136335,0.60477024
1607,0,1,0.10559000392187733,0.034555275,0.015527668,0.10027609
1608,1,1,0.9999999999999896,1.0,1.0,1.0
1609,0,1,0.589501253207417,0.9998982,0.9998176,0.6107811
1610,0,1,0.22554384089667479,0.66628575,0.51971567,0.2338204
1611,0,1,0.29705943295918397,0.8678838,0.768462,0.29325262
1612,0,1,0.024759502231578155,6.16524e-06,2.0559285e-06,0.02366104
1613,0,1,0.007193550458176822,3.813675e-07,1.9778273e-08,0.011884427
1614,0,0,0.0028684117954487463,3.2292177e-10,1.6296207e-09,0.003435148
1615,1,1,0.8706272344982897,1.0,0.9999999,0.87079173
1616,0,1,0.02279200619708295,7.1558966e-06,1.7422656e-06,0.021270802
1617,0,1,0.0030084620070895103,1.8885595e-08,1.1917217e-09,0.0032993504
1618,0,0,0.000650705205121165,5.6183933e-11,3.643265e-09,0.0010360616
1619,0,1,0.4960330759341472,0.99698013,0.9878049,0.4950698
1620,0,0,0.021431740162218917,2.01845e-05,0.0005441578,0.023008406
1621,0,1,0.18349496727391676,0.06421768,0.015326346,0.1776397
1622,0,0,0.0032925955345347625,4.761793e-09,1.1008124e-07,0.0039156675
1623,0,1,0.7874242962577579,0.9999932,0.99993646,0.7825214
1624,0,1,0.39521556107669154,0.98936415,0.96744823,0.41310677
1625,0,0,0.01177138546974536,4.5161144e-08,2.1518025e-07,0.011832903
1626,0,0,0.017637821664841884,7.059274e-06,0.00014748983,0.016642278
1627,0,1,0.24624374609082203,0.84782666,0.76645523,0.23645289
1628,0,0,0.006228608945863721,3.1134288e-08,1.5855146e-06,0.006462421
1629,0,0,0.12648332027717146,0.0014426874,0.1854102,0.12709014
1630,0,0,0.013166794637812191,0.0029947262,0.0076279105,0.01623249
1631,0,1,0.0022360852426280033,8.5490753e-10,3.628268e-11,0.0024553253
1632,0,1,0.08564394491942084,0.0016915036,0.00016175512,0.087116
1633,0,1,0.537681185480091,0.99900395,0.99563473,0.53969836
1634,0,1,0.13200616185521916,0.118672505,0.007042483,0.12280316
1635,1,1,0.6466982685194012,0.9726361,0.3877504,0.63987875
1636,0,1,0.03134129410792695,3.58027e-05,1.8127572e-05,0.031172972
1637,1,1,0.6302368830086016,0.9997915,0.99876887,0.63401306
1638,0,1,0.7690297582196707,0.99999976,0.99999964,0.7724829
1639,0,1,0.10470299809936898,0.02340861,0.0068495786,0.10025825
1640,0,1,0.04552121647681749,7.562364e-05,1.5118965e-05,0.04592287
1641,0,1,0.0038705028372786267,5.21099e-08,4.0356585e-09,0.0042768335
1642,0,0,0.0012404016120922564,8.998242e-11,3.4469272e-09,0.0012810566
1643,0,0,0.000582381300025781,3.2086513e-13,1.43853705e-11,0.00069379417
1644,0,0,0.00959483031430638,9.9540266e-08,4.188593e-06,0.010094783
1645,1,1,0.03981481274995742,0.12902823,0.010119348,0.06684792
1646,1,1,0.8518295595300095,0.99999785,0.9999753,0.85269094
1647,0,1,0.22664815584132272,0.41095212,0.2831673,0.2170294
1648,0,1,0.2227626368583439,0.7618198,0.2710812,0.22177155
1649,0,0,0.008822201623377884,2.0015898e-06,3.149939e-05,0.009365662
1650,1,1,0.5848244522906628,0.9992004,0.99747676,0.58112603
1651,0,1,0.13830077899081397,0.12826884,0.066589296,0.13145696
1652,0,1,0.20992604417655158,0.65575796,0.20442803,0.21017042
1653,1,1,0.9824224404460267,1.0,1.0,0.98072046
1654,1,1,0.5993202654294083,0.99988186,0.9996271,0.6046908
1655,0,1,0.09415658635790715,0.0136184255,0.0045510214,0.09144844
1656,0,1,0.19175414561154827,0.49666026,0.38188067,0.18338042
1657,0,1,0.03235190160983465,1.0039597e-05,1.5285995e-06,0.029873313
1658,0,0,0.7149750245477733,0.9999876,1.0,0.72086215
1659,0,0,0.20833171264650813,0.57518905,0.9999113,0.20407082
1660,0,1,0.07832209200225512,0.047788355,0.013477858,0.07871049
1661,0,1,0.2683258974111168,0.70964813,0.39503828,0.27124205
1662,0,1,0.13124053010649808,0.028041974,0.004301789,0.13028765
1663,0,1,0.3118168724969624,0.9807287,0.97486013,0.2997564
1664,0,1,0.6082943667321603,0.99997604,0.9999349,0.6086464
1665,1,1,0.997688705758464,1.0,1.0,0.9974642
1666,1,0,0.014264864913075602,2.8957236e-06,0.00026626835,0.014867609
1667,0,1,0.0673540298800263,0.0028327967,0.00049485813,0.06625098
1668,0,1,0.26548059894219417,0.9537791,0.74999475,0.26516148
1669,1,1,0.9945436963053075,1.0,1.0,0.99392444
1670,0,1,0.11980268063835732,0.001226816,0.00045060113,0.12231796
1671,1,1,0.8400005219360245,0.9999962,0.9999528,0.8410032
1672,0,1,0.3300874386014577,0.95795107,0.84334505,0.328296
1673,1,1,0.24555043098111626,0.9949091,0.98935705,0.2563908
1674,0,0,0.004998777484195714,8.740706e-09,4.1043023e-07,0.0058862036
1675,0,1,0.023863665151767518,3.1515163e-05,7.4201907e-06,0.021054288
1676,0,0,0.017452063493393774,2.2308324e-05,0.00039217414,0.017405896
1677,0,1,0.0076063942822238596,1.1672865e-08,4.0761386e-10,0.007208061
1678,1,1,0.472364300598379,0.99827576,0.9954348,0.47614762
1679,0,1,0.07060007990535935,0.0022884412,0.0007161839,0.070889734
1680,0,1,0.662676625550141,0.99999166,0.9999876,0.6699706
1681,0,0,0.002553750109203845,4.7378285e-10,5.6362595e-09,0.002664794
1682,0,0,0.001276721705504898,4.7184277e-11,8.696301e-10,0.0015053714
1683,0,1,0.20671733257417332,0.37008542,0.084179536,0.20779945
1684,1,1,0.6046334577093653,0.9998585,0.9994512,0.60606235
1685,0,0,0.010011617951988336,2.745156e-08,3.9108292e-07,0.010247862
1686,0,0,0.007926291573343366,1.0351971e-07,2.6214484e-06,0.00854339
1687,1,1,0.6598442375349937,0.9998665,0.9993523,0.6616179
1688,0,1,0.009854342140696628,8.951537e-07,3.1179493e-07,0.011191443
1689,0,1,0.2068177695854045,0.88162196,0.6338071,0.21286963
1690,0,1,0.004573448368080725,1.13575345e-08,5.8280976e-09,0.005782452
1691,0,1,0.07564387098164388,0.0053350944,0.00053907384,0.077876404
1692,1,1,0.2577774365186668,0.19075096,0.044996377,0.25175297
1693,0,1,0.36929266384330817,0.8840048,0.5862542,0.36440074
1694,0,1,0.8348024547822277,1.0,1.0,0.8368607
1695,0,0,0.017712268129345458,1.6414606e-05,0.0002600277,0.019121027
1696,0,1,0.3704827166513782,0.999022,0.9969657,0.37925184
1697,0,1,0.013455487559584695,2.0641012e-06,2.5611307e-06,0.012489423
1698,0,1,0.0711332546969311,0.17027654,0.20183708,0.06475934
1699,0,1,0.00406235273322336,2.0747513e-07,1.7574258e-08,0.004476928
1700,0,0,0.005278178109493225,1.3764486e-07,3.2643231e-06,0.0068690553
1701,0,0,0.3270332759431912,0.9962018,0.999998,0.3167077
1702,0,0,0.010258490449395464,4.2726242e-08,4.225053e-06,0.010194388
1703,1,1,0.1815915128493664,0.505511,0.16748185,0.17885987
1704,0,0,0.047444853243623825,0.0032217677,0.039764505,0.049240146
1705,1,1,0.5632569723333353,0.99999964,0.9999999,0.5561284
1706,0,1,0.05286535665228565,3.5087353e-07,3.4203642e-09,0.053249847
1707,0,1,0.5209874966807867,0.9995154,0.99885976,0.51848996
1708,0,0,0.0012633191748169835,4.7465906e-11,1.2833682e-09,0.0014252953
1709,0,1,0.2158013049654002,0.41245827,0.08979119,0.21545751
1710,0,0,0.17477994372587605,0.10042558,0.85600406,0.17086108
1711,1,1,0.9134110269063782,0.99999833,0.99999464,0.904174
1712,0,1,0.005443823886515876,3.7414075e-11,6.2904234e-13,0.0051052575
1713,1,1,0.5727185644811381,0.99950767,0.99802554,0.5735182
1714,0,0,0.04116990013071513,2.8038632e-05,0.00068143726,0.042321905
1715,0,1,0.02211768082296207,5.427304e-06,8.189542e-07,0.020973962
1716,0,1,0.3331614935798741,0.83227754,0.6689546,0.31135097
1717,0,0,0.22707980011715911,0.6405928,0.9274308,0.23985837
1718,0,1,0.005203587894564986,9.29656e-08,2.9738143e-08,0.005648812
1719,0,1,0.0022719172744710674,9.893938e-10,4.1625925e-11,0.0024942674
1720,0,1,0.07067265037917786,9.725182e-05,2.108818e-06,0.0720964
1721,0,1,0.5507361555752858,0.9991655,0.998007,0.55752563
1722,0,0,0.2622412247090799,0.6452021,0.9997335,0.26085678
1723,1,1,0.2667759276516048,0.65089226,0.24573332,0.26703054
1724,0,1,0.06360352401229767,0.00044664778,9.9438395e-05,0.061100684
1725,0,0,0.006641529223808866,8.2334966e-09,3.3835818e-07,0.006921462
1726,0,0,0.005957277022146711,1.9587767e-06,3.6947964e-05,0.0071283737
1727,0,1,0.23438173708091484,0.52192056,0.17950627,0.23539326
1728,0,1,0.5111989318177815,0.9999325,0.9998461,0.5142703
1729,0,0,0.008835640608036738,1.1065109e-07,1.5167528e-06,0.00825968
1730,0,1,0.08143426007837169,0.0040224553,0.0011421394,0.07853955
1731,0,1,0.015159293038053153,9.016825e-07,1.3468168e-07,0.013830192
1732,1,1,0.7536811853812847,0.99993896,0.9996544,0.75073355
1733,0,0,0.0020216708092745234,8.7357055e-09,8.800846e-07,0.002439682
1734,0,1,0.5603398686089023,0.999851,0.9995523,0.56455296
1735,0,0,0.016577554027258103,6.823468e-06,6.821354e-05,0.016799882
1736,0,1,0.09650096577091334,0.007940736,0.0012556082,0.09505566
1737,0,1,0.00316944361989971,6.792583e-10,9.3746795e-11,0.0037037728
1738,0,0,0.01304277981496092,4.6080427e-07,1.7972752e-05,0.013468815
1739,0,1,0.0665761799466506,0.003258964,0.0017739141,0.063189186
1740,0,0,0.038172112434283374,0.005967464,0.18523008,0.046589535
1741,0,1,0.6919522151959668,0.99980235,0.9993955,0.68172204
1742,0,1,0.8018677388194153,0.9993593,0.9963671,0.7926841
1743,0,0,0.001728541927888039,1.6681546e-09,3.3126607e-08,0.0021483472
1744,0,1,0.13370315010364298,0.007549259,0.0017741987,0.1306111
1745,0,0,0.048674645290961965,0.0019432645,0.045627654,0.048511732
1746,0,1,0.004060142250737677,3.9771283e-11,1.7288456e-13,0.004779167
1747,0,1,0.06791899993278168,0.001188951,0.000849626,0.06609633
1748,0,1,0.13205807058439772,0.05393384,0.014269683,0.13789405
1749,0,1,0.8919529431773854,1.0,1.0,0.8931596
1750,1,0,0.7041418226850532,0.99998856,1.0,0.70710313
1751,0,1,0.1810129359598447,0.32421455,0.08238738,0.17426033
1752,0,1,0.7151781775301278,0.9996906,0.99860847,0.70036364
1753,0,1,0.004011524484768519,3.8948123e-08,1.9024415e-09,0.004837649
1754,0,0,0.03736419613868487,0.00076820474,0.01156489,0.038655456
1755,0,0,0.596160515066976,0.9983065,0.99999964,0.59587073
1756,0,1,0.09374225987272682,0.0063043498,0.0016972286,0.09099219
1757,0,1,0.10145979557971763,0.0067789042,0.0025032084,0.09549472
1758,0,1,0.30859093260458065,0.9658509,0.88336617,0.31156805
1759,0,1,0.042557984671716925,0.00012921407,1.3822481e-05,0.042042796
1760,0,0,0.0031518806200337393,9.0517976e-10,3.552983e-08,0.003204306
1761,0,1,0.03673124324437553,2.2828259e-05,4.7206814e-07,0.036358476
1762,0,1,0.0007905341408925089,1.7615231e-12,7.68558e-13,0.0009020027
1763,0,1,0.30129957364297427,0.9407823,0.53996253,0.31161147
1764,0,0,0.028769632337962276,5.432726e-06,9.656447e-05,0.028032508
1765,0,1,0.10385431832487876,0.0008478682,1.5068701e-05,0.09833266
1766,0,0,0.033628300961193194,0.00049730664,0.0058386736,0.0348337
1767,0,1,0.0041208685349942,2.6363324e-08,8.984309e-09,0.004548529
1768,0,1,0.009338610975385539,4.5129214e-06,1.1161123e-06,0.010591495
1769,0,0,0.00535187239825001,1.3600424e-08,1.740799e-06,0.005285123
1770,0,1,0.3871536656005309,0.99895906,0.9981888,0.4044069
1771,0,0,0.03837445706974416,0.00020789973,0.0026461,0.037260603
1772,0,0,0.06430370526510557,0.00572499,0.12908225,0.06234461
1773,0,0,0.027937872586819252,0.00028787053,0.0073766,0.02700236
1774,0,1,0.12149871777770774,0.027762346,0.010051149,0.11343121
1775,0,1,0.12568026367972485,0.09333635,0.026718002,0.12338992
1776,1,0,0.7481553686193227,0.99999523,1.0,0.749887
1777,0,0,0.0027392620630097148,1.5061339e-07,2.6529892e-06,0.003381462
1778,0,1,0.19544917546112264,0.50989103,0.11559124,0.19582497
1779,1,1,0.8258024725222732,0.9999987,0.99999726,0.82451165
1780,1,1,0.5352518035010222,0.99846184,0.9950718,0.5394673
1781,1,0,0.047696605031271995,0.061039288,0.9515496,0.049534936
1782,0,1,0.4358556736352005,0.9986669,0.9891422,0.3032849
1783,1,1,0.7353371047235132,0.99997556,0.99992275,0.7294975
1784,0,1,0.01936758302506348,2.028727e-06,2.3836483e-07,0.01890306
1785,0,1,0.4291991964985592,0.94422776,0.8707063,0.4300707
1786,1,1,0.7376478171088303,0.99996305,0.99927634,0.7406661
1787,0,0,0.0032106606559806697,6.932079e-10,5.3632338e-08,0.0032183484
1788,0,0,0.0009228721172282856,4.6875676e-12,2.7896116e-10,0.0009157067
1789,1,1,0.5000931634878792,0.9999336,0.9999101,0.49472088
1790,0,0,0.011182699619934568,8.5253237e-07,9.992391e-06,0.01064607
1791,0,1,0.04689283758392127,0.015495456,0.0015347771,0.04505649
1792,0,0,0.004431217963898253,4.0882938e-07,8.99996e-06,0.005308259
1793,0,1,0.0020951471381663697,7.68122e-11,1.839387e-11,0.0022917304
1794,0,1,0.0011506462698938303,5.609399e-11,2.6723582e-12,0.0012527305
1795,1,1,0.6012146526482759,0.9980496,0.99619293,0.603342
1796,0,0,0.023952436949013344,7.550489e-05,0.0029274875,0.02383554
1797,0,1,0.05916030360237427,4.9865335e-05,9.760185e-06,0.05715769
1798,0,1,0.1023169130690055,0.029347047,0.0021667485,0.095942676
1799,0,1,0.0006596084134137042,9.096629e-13,4.3990525e-13,0.00075055356
1800,0,0,0.008211590343899197,3.297198e-08,1.3115482e-06,0.007895495
1801,0,0,0.0188927919947255,2.7903548e-06,1.8523833e-06,0.019320428
1802,0,1,0.13714628337922913,0.029676419,0.007987436,0.1438755
1803,1,0,0.7241231219413691,0.9999932,1.0,0.7144138
1804,0,0,0.059920988827957135,0.0015897207,0.020833662,0.06175671
1805,0,0,0.0014481504576717551,4.036747e-11,7.6126005e-10,0.0016493942
1806,0,1,0.7931958261998845,0.9999995,0.9999989,0.7972982
1807,0,0,0.020064790896855884,1.6599482e-06,0.00012676363,0.01943284
1808,0,0,0.02054951701041283,3.925682e-06,5.590363e-05,0.021289572
1809,1,1,0.306838514206257,0.8521647,0.59563535,0.3085548
1810,0,0,0.012594186573567397,9.534773e-06,0.00012704654,0.016179636
1811,1,1,0.34620593009387507,0.9566162,0.869864,0.3403314
1812,0,1,0.6732706548558706,0.9999232,0.99805355,0.68142414
1813,0,1,0.07570795588106029,0.008081049,0.002029821,0.075558506
1814,1,0,0.9898112295488896,1.0,1.0,0.9911643
1815,0,0,0.3802912253757011,0.68376,0.9992581,0.37615505
1816,0,1,0.008255140932088675,8.490042e-06,5.0912297e-07,0.009510287
1817,0,0,0.028886282354634186,2.7190745e-05,0.00047823455,0.029301327
1818,0,1,0.02276271287569976,1.5772079e-07,2.0862296e-09,0.021680685
1819,1,1,0.72605529767244,0.9999982,0.99999666,0.7309311
1820,1,1,0.7163694051982766,0.9998859,0.9997218,0.7063525
1821,1,1,0.7276496999951101,0.99988234,0.99931085,0.7220499
1822,0,1,0.029743154133980515,4.8060596e-05,9.769861e-06,0.028241983
1823,0,1,0.003918747408469453,7.0159e-08,4.8751154e-09,0.004329672
1824,1,1,0.9988000773602109,1.0,1.0,0.99867314
1825,0,1,0.08549665651043797,0.00029694065,0.00025843258,0.084817275
1826,0,0,0.04216896027234914,0.00072535645,0.0205706,0.040872365
1827,0,0,0.003022439071046598,9.0267993e-10,7.797552e-08,0.002924302
1828,0,1,0.018665191783493094,1.8198044e-06,3.3019404e-07,0.017381396
1829,0,0,0.037872895025077895,0.003998662,0.066948056,0.03954805
1830,0,1,0.06395746623870768,0.0031854787,0.000427032,0.063037686
1831,0,1,0.03977744685838663,0.0006856563,0.00022296076,0.042590793
1832,0,1,0.2860099324065719,0.4485617,0.10889755,0.27921483
1833,1,1,0.4088001327927374,0.7585694,0.37062553,0.40220162
1834,0,0,0.06225304275390714,0.00914538,0.26497227,0.063300945
1835,0,1,0.0004652725369500847,6.842819e-13,8.840612e-14,0.0007371928
1836,0,1,0.3952008726088049,0.9694418,0.88031965,0.38604116
1837,0,0,0.05178331004408948,0.0006727547,0.014900819,0.05194775
1838,0,0,0.029945650867264324,5.4002635e-07,2.3828607e-05,0.029594809
1839,1,1,0.83032315110789,0.99999774,0.9999722,0.8325904
1840,0,1,0.0025009847201473406,1.344066e-09,2.0807368e-10,0.002959115
1841,0,0,0.0008560083054762784,1.4077021e-12,2.0161142e-11,0.0010012912
1842,0,0,0.011835129338230013,2.5179224e-05,0.0008488977,0.0117344875
1843,0,1,0.015221847168342866,2.5375153e-05,3.8318562e-06,0.017930254
1844,1,1,0.6613217550156106,0.99992836,0.99967533,0.6657799
1845,0,1,0.01018026146438503,8.074827e-05,1.0334297e-05,0.017628832
1846,0,0,0.009948335252514465,2.841153e-05,0.00052249443,0.012027245
1847,0,0,0.055537549957146805,0.15089871,0.9020846,0.05240163
1848,1,1,0.3608350693907403,0.99358267,0.8979313,0.36271197
1849,0,1,0.017029095005198388,1.4594593e-05,2.279956e-06,0.015537667
1850,0,1,0.019475354266972278,4.661877e-06,1.9481895e-06,0.019577561
1851,0,0,0.004125849603335348,1.7474592e-07,4.1114401e-07,0.0071580764
1852,0,0,0.009362067224547755,3.1486823e-07,2.6686852e-05,0.009540231
1853,1,1,0.8410123055988299,0.9999455,0.9994224,0.8327115
1854,0,0,0.011142138264179893,1.5311642e-07,2.129704e-06,0.011082487
1855,0,1,0.018856428102696565,3.5083795e-05,1.631857e-05,0.021089258
1856,0,1,0.0029667407080145977,1.6090913e-08,1.1834788e-09,0.0032671187
1857,0,0,0.1076417688198708,0.07338183,0.85500747,0.106765054
1858,1,1,0.9973352434765381,1.0,1.0,0.9970626
1859,0,0,0.1687632037115925,0.6319619,0.9900898,0.17244986
1860,0,1,0.2888156312849337,0.88417435,0.7710185,0.285984
1861,0,1,0.2224047720311586,0.44478512,0.12408223,0.22267814
1862,0,1,0.2620944449691148,0.90965456,0.7342572,0.26375166
1863,0,1,0.13274637131752837,0.38183716,0.3398008,0.12422597
1864,0,0,0.3763711424955233,0.9998481,0.999998,0.38655093
1865,0,0,0.00046559029922273046,3.8634685e-13,2.3505843e-11,0.00055620976
1866,0,1,0.643076387498644,0.999982,0.9999597,0.6463216
1867,1,1,0.26907173861381667,0.7837142,0.44384822,0.2816593
1868,0,1,0.999187394447827,0.9995997,0.1211665,0.9978811
1869,0,1,0.005866054115750706,2.2817214e-07,2.9038732e-08,0.0066750213
1870,1,1,0.27750220511483953,0.8679957,0.5481191,0.2764129
1871,0,0,0.0628962769162932,0.00076668215,0.03304119,0.06468704
1872,0,0,0.00393796925666188,1.873987e-09,1.2353854e-07,0.0039798478
1873,1,1,0.6403722267387699,0.99978197,0.9958919,0.63786227
1874,0,0,0.0014394159055685321,9.1465757e-10,7.2399615e-08,0.0017460929
1875,0,1,0.5857380759023494,0.99990046,0.99982953,0.5856938
1876,1,1,0.5989075168424342,0.9996604,0.99784315,0.6050592
1877,0,0,0.0010752639726844212,5.8019195e-10,7.011619e-08,0.0013174859
1878,1,1,0.9275937126699819,0.9999995,0.99999714,0.92267144
1879,0,1,0.12007939060375364,0.08393568,0.024517484,0.11819059
1880,0,1,0.14733651536696218,0.031185051,0.010549449,0.1390325
1881,0,1,0.025462997834805542,1.8873672e-05,3.9530764e-06,0.023648446
1882,0,0,0.007134794286004344,2.0549368e-08,7.353581e-08,0.006786891
1883,0,1,0.01715301191793309,0.00028355094,0.00019036066,0.019712921
1884,0,1,0.006312951093057273,1.0249219e-07,2.973983e-09,0.007378415
1885,0,1,0.014338099707694986,5.992173e-09,7.3888166e-11,0.014010463
1886,1,0,0.8856621925574575,0.99999976,1.0,0.8878231
1887,0,0,0.001400675374967723,3.5260784e-13,8.038645e-12,0.0014153632
1888,0,1,0.05699364784150171,0.004714,0.0005423667,0.05631614
1889,1,1,0.34474650736400225,0.96993566,0.80816793,0.34006155
1890,0,0,0.0034884510152978967,2.5317153e-09,3.386594e-07,0.0031482964
1891,0,0,0.020133847250972715,1.7917544e-05,0.00031107015,0.022822186
1892,0,0,0.006303769392594546,3.6339648e-06,7.158525e-05,0.0075684437
1893,0,1,0.20189604320173313,0.21967866,0.04289104,0.20170109
1894,1,0,0.2100209034735124,0.9316296,0.9984249,0.2080444
1895,1,0,0.9290905489585282,0.99999976,1.0,0.9227759
1896,0,1,0.19878504055326282,0.40340272,0.1942782,0.20706408
1897,1,1,0.7414635593390289,0.99998033,0.99987745,0.73616904
1898,0,1,0.015809639163867083,3.9744496e-05,6.2495014e-06,0.018143438
1899,0,1,0.023246533833843057,8.720966e-06,1.4862181e-06,0.022139061
1900,0,0,0.0013068260111692193,3.701891e-11,2.0490208e-10,0.001736164
1901,0,1,0.005109668426981321,2.1682762e-07,7.302287e-08,0.0061451565
1902,0,1,0.7687237958047521,0.99984896,0.9991504,0.7656638
1903,0,0,0.07936558494320775,0.06398719,0.72590613,0.0782516
1904,0,1,0.3541599794462518,0.98120606,0.9547496,0.34756258
1905,0,0,0.4741506852694526,0.9272904,0.9999536,0.4638387
1906,1,1,0.604536974057613,0.9833715,0.9433695,0.58359975
1907,1,1,0.8388655949362649,0.9999999,0.99999905,0.8413731
1908,0,0,0.018536242996978338,1.9169549e-05,0.00048193263,0.020035628
1909,1,1,0.8062790207574909,0.99998605,0.9999106,0.81060344
1910,0,1,0.10357285427645009,0.18747513,0.07354981,0.09940784
1911,0,0,0.06511922491250688,0.0029917038,0.05074655,0.065554455
1912,0,0,0.0036619385677957314,2.5764638e-07,5.105562e-06,0.004368913
1913,0,1,0.056665429358165244,0.00013253318,3.0372948e-06,0.05634067
1914,0,0,0.02076226738396273,4.447313e-06,3.528241e-06,0.021210466
1915,0,1,0.3611511857537934,0.98769355,0.97088325,0.35535
1916,0,1,0.052531765120352056,8.553137e-05,1.13371e-05,0.049119834
1917,0,1,0.015835787115012025,2.9922655e-06,2.5463086e-07,0.014654845
1918,1,1,0.24072983526397862,0.7678102,0.50124,0.24250245
1919,1,1,0.17069241464521237,0.04887682,0.010916641,0.16790839
1920,1,1,0.9514305591672617,1.0,0.9999999,0.95071703
1921,0,1,0.00429851722485551,1.9352609e-07,3.7395655e-08,0.0051385164
1922,0,1,0.37469910336241735,0.95105475,0.80035096,0.3735252
1923,0,1,0.37073885566627035,0.92382824,0.81488764,0.36491925
1924,1,1,0.9496847080875118,1.0,0.99999976,0.9464981
1925,0,1,0.027132188857330108,0.0013902077,0.00042919413,0.030925345
1926,0,1,0.012557565398710514,4.258715e-05,3.4620884e-06,0.020885805
1927,0,1,0.024160113102198837,2.064984e-07,3.6859014e-09,0.023627065
1928,0,0,0.0461745663671329,7.142447e-05,0.0017266315,0.044307664
1929,0,1,0.37978654395280115,0.987151,0.94509804,0.3784679
1930,0,1,0.017735754970978127,7.473803e-06,1.9895526e-06,0.017895224
1931,0,0,0.007260090803967358,3.2986698e-08,1.2185075e-06,0.0076202294
1932,0,1,0.013376673146642449,2.1520853e-08,4.561577e-10,0.012969263
1933,0,1,0.3543115332996753,0.9971213,0.9944563,0.35583872
1934,1,1,0.999832779188512,1.0,1.0,0.99980366
1935,0,0,0.0013048044736205114,3.0160938e-10,5.0284488e-09,0.002297255
1936,0,1,0.17539986058110377,0.0641632,0.009480903,0.17489617
1937,0,0,0.006382474231061051,2.0302718e-08,1.0285081e-06,0.006693409
1938,0,0,0.09427931135698281,0.015867967,0.30078566,0.094928004
1939,1,1,0.8464864961180286,1.0,0.9999999,0.85043746
1940,0,1,0.03014067062207,0.00024123855,8.683054e-05,0.0334099
1941,1,1,0.676558939388975,0.9998218,0.99958235,0.6775062
1942,0,0,0.008013669759899665,5.819115e-06,0.00030848273,0.009901929
1943,0,1,0.2752266242178843,0.7419229,0.33252603,0.28444254
1944,1,1,0.5799496103802881,0.9994731,0.998676,0.5870867
1945,0,0,0.025675118137834886,2.3118631e-05,0.0004552558,0.025820047
1946,0,1,0.11548464862455922,0.004830306,0.00012299376,0.11671253
1947,0,0,0.009340554623963269,5.2689593e-05,0.0012739573,0.011653027
1948,1,1,0.9982732850574911,1.0,1.0,0.9979619
1949,0,1,0.0010406526844002934,5.850811e-12,2.6150377e-12,0.0011894772
1950,0,1,0.016493270336210224,3.0233539e-06,7.504797e-07,0.017052708
1951,0,0,0.04957502560691799,0.0033222856,0.053176288,0.05109744
1952,0,0,0.0025689077321870133,6.765075e-08,1.6342054e-06,0.002937431
1953,0,0,0.08586972419729723,0.014269608,0.31469956,0.08637093
1954,0,0,0.002047401237259255,1.4487982e-09,1.3008716e-08,0.00243376
1955,1,0,0.5756697736047136,0.9982363,0.99999785,0.56550133
1956,0,1,0.19853919741895118,0.5154015,0.2028535,0.19820939
1957,1,1,0.5371540833931303,0.9991278,0.9977094,0.53076607
1958,0,0,0.0003598912788663992,7.661438e-11,2.7977137e-12,0.0004463049
1959,0,0,0.002386807326629003,1.5074302e-06,5.2719965e-06,0.0036306821
1960,0,0,0.010541062869460195,1.1491847e-05,0.00041084384,0.012663383
1961,0,1,0.09700129441748884,0.0018774647,2.534449e-05,0.09502301
1962,1,1,0.7404448657482772,0.99999774,0.999995,0.73795146
1963,0,1,0.005433268869372997,2.8300797e-06,7.712581e-07,0.0064901575
1964,1,0,0.5283784915565992,0.9995691,0.99999976,0.53066885
1965,0,1,0.0038059035099243005,1.2238729e-08,3.196374e-09,0.0043086405
1966,0,0,0.01564969361632019,2.102936e-06,2.8217386e-05,0.016174901
1967,0,1,0.005476580297599132,1.6574191e-09,6.7832745e-10,0.0052728183
1968,0,0,0.6521863588491149,0.99997115,1.0,0.6561807
1969,0,1,0.8206683860461091,0.9999882,0.9998517,0.8240539
1970,0,1,0.2769593058614659,0.8858167,0.8196332,0.26203528
1971,0,1,0.09411418199967188,0.019809602,0.0042061945,0.08818709
1972,1,1,0.61215109879774,0.99970967,0.99943644,0.6153961
1973,0,1,0.1935717927947985,0.4723973,0.26376805,0.18220712
1974,0,1,0.09689776563208456,0.015416038,0.0038447094,0.09282552
1975,0,1,0.1484400606638374,0.069272324,0.0112331575,0.15183277
1976,0,1,0.07263660544785355,0.0053984853,0.0003368741,0.063673936
1977,1,1,0.8479106686802445,0.9999999,0.9999988,0.85634434
1978,0,1,0.13933444141107934,0.02426049,0.004136501,0.137675
1979,0,1,0.03160145169841506,8.053964e-05,2.416392e-05,0.03238519
1980,0,0,0.0008139532293411139,1.1164935e-12,1.1160895e-11,0.0008268475
1981,0,0,0.04758117762810177,0.001984636,0.112909175,0.046144404
1982,1,0,0.32528220968428145,0.27881703,0.8048476,0.3029943
1983,0,1,0.25862673652103585,0.73652273,0.8114599,0.25243992
1984,1,1,0.37682428713011956,0.99425817,0.98314834,0.38234797
1985,0,1,0.43185296194669875,0.99205244,0.9730482,0.43184748
1986,0,1,0.04278652863713776,0.000725764,0.0002630065,0.04116418
1987,0,1,0.03708355749493847,0.00039118502,8.592687e-05,0.0353671
1988,0,1,0.013070228078433102,6.2402665e-07,5.1936848e-08,0.011551877
1989,0,1,0.2048947367388591,0.22736983,0.07203762,0.20210005
1990,0,0,0.0079597480733932,4.7725063e-08,2.1873557e-06,0.00834623
1991,0,0,0.019037776009047533,2.6640942e-06,7.090599e-05,0.01847504
1992,1,0,0.1299121268732232,0.27978522,0.9513756,0.13056085
1993,1,1,0.4986527160261586,0.99871814,0.99320436,0.4918658
1994,0,0,0.04119693064531881,0.0029938521,0.050925605,0.043164536
1995,1,0,0.31145839239899553,0.99976844,0.999997,0.3116067
1996,0,0,0.01397356792022493,6.757324e-07,4.4233593e-06,0.014837579
1997,1,1,0.6305073665889539,0.99967986,0.9989127,0.60620046
1998,0,1,0.04604537440368714,8.212684e-05,1.6436505e-05,0.04400613
1999,0,1,0.5916821921672978,0.99994946,0.9997451,0.59270173
2000,1,0,0.16698341393230462,0.26049408,0.99764377,0.1668364
2001,0,1,0.669573241965806,0.99999416,0.9999876,0.6871398
2002,0,1,0.3802880032035261,0.9815528,0.9034096,0.38081306
2003,0,1,0.31272381008454453,0.9227817,0.9148133,0.3186662
2004,0,0,0.037036313063516714,0.0003658834,0.004560229,0.036244083
2005,0,1,0.6751784753930862,0.9998969,0.9994512,0.67256916
2006,0,1,0.2054802991672863,0.07987991,0.026711613,0.20006572
2007,1,1,0.5966223278764374,0.99979734,0.9991486,0.59717256
2008,0,0,0.1352787472172554,0.08208094,0.67528945,0.13733807
2009,0,1,0.20938754771758966,0.617791,0.40479183,0.21978675
2010,0,1,0.01047267886375001,3.9515996e-08,2.5160091e-08,0.009999783
2011,1,1,0.9532370167640837,0.9999995,0.9999974,0.9484186
2012,0,1,0.4900314831191183,0.99260205,0.94688004,0.47248816
2013,0,0,0.0027536340463492678,1.8737525e-07,1.263408e-06,0.0050026923
2014,1,1,0.721034336001471,0.9999908,0.99998057,0.7175307
2015,0,0,0.010652343592341018,5.630422e-07,9.103574e-06,0.012635665
2016,0,1,0.3039098107627299,0.1475565,0.017170029,0.31029487
2017,1,1,0.8280521063810744,0.9999995,0.999997,0.82832736
2018,0,0,0.0021426793845347736,1.1019653e-08,2.634174e-07,0.0026784854
2019,0,1,0.09391178684285914,0.0047329986,0.00302956,0.095429905
2020,0,0,0.027467100549725613,3.53802e-05,0.00039677697,0.03000244
2021,1,1,0.6993701432064116,0.9999883,0.99998045,0.69599473
2022,0,0,0.6419641081067643,0.99999976,1.0,0.6681148
2023,1,1,0.7099249818341314,0.99999917,0.999997,0.7200065
2024,0,1,0.04541402378215233,0.0007161907,0.0003091154,0.047644325
2025,1,1,0.681443963930379,0.99990463,0.9997106,0.6728368
2026,0,1,0.32656554493331913,0.9920231,0.95725864,0.32958275
2027,0,1,0.7745115793027765,0.99999964,0.9999994,0.77749175
2028,0,1,0.014577501945917929,6.220119e-08,1.5790736e-08,0.0135053
2029,0,0,0.04888643686073346,0.00031709555,0.65848905,0.04692998
2030,0,1,0.1421398597235493,0.05593823,0.012887129,0.14902312
2031,1,1,0.47729037949233477,0.9207126,0.64451134,0.48090044
2032,0,0,0.005605964190542812,3.1412075e-08,6.673849e-07,0.005701783
2033,0,0,0.00235555288173173,2.75428e-09,3.2759406e-08,0.0027958027
2034,0,1,0.47073223182959567,0.9898679,0.98541516,0.4716455
2035,0,1,0.10772142673730929,0.089821495,0.030192267,0.10582273
2036,0,1,0.0005955662947618566,2.048166e-13,6.638118e-14,0.0006771458
2037,1,1,0.4716224300869212,0.99912673,0.9981743,0.49025878
2038,1,0,0.8557070678534463,1.0,1.0,0.85525054
2039,0,0,0.0019133284995393,1.3865261e-11,5.030871e-11,0.001934065
2040,0,0,0.010364636559865829,1.3764686e-06,2.9348626e-05,0.010297634
2041,0,0,0.0022974462534237883,3.042039e-11,1.6437589e-09,0.0023324802
2042,0,0,0.004580250723144895,7.407342e-08,1.1861667e-07,0.00589773
2043,1,0,0.8865305768617127,0.99998,1.0,0.8750288
2044,0,1,0.16313922069853212,0.01210517,0.0017200672,0.16122913
2045,0,0,0.007437837091635013,2.7355992e-07,1.3700824e-05,0.008030919
2046,0,1,0.040464880008329505,0.0012992778,0.00071733975,0.040295344
2047,0,1,0.05802825644340675,0.00011271835,4.119536e-06,0.033526827
2048,0,1,0.17212331112923224,0.0020501718,4.2375566e-05,0.17585264
2049,1,1,0.9195526778949062,1.0,0.9999999,0.92107147
2050,0,1,0.020263851566132248,0.0033273564,0.0007679471,0.025023973
2051,1,0,0.5662227419610103,0.9999361,1.0,0.6167423
2052,0,1,0.15125311862717192,0.34416208,0.17392069,0.14791793
2053,0,0,0.17872188606270317,0.36273655,0.5497874,0.18497981
2054,0,0,0.03840458631848129,0.003151781,0.04188546,0.03954624
2055,1,1,0.49780915220398353,0.9989691,0.99667865,0.49713245
2056,1,1,0.5603072027297062,0.9996506,0.99722713,0.5589876
2057,0,1,0.05071458418387562,0.0011662396,0.00016611225,0.050164834
2058,0,0,0.0007834275617999459,8.895492e-12,7.080889e-11,0.00092030177
2059,1,1,0.2932651400665177,0.97825044,0.90938437,0.29843673
2060,0,1,0.07922645037358876,0.0075021125,0.0011857959,0.081536934
2061,0,1,0.3691519748083795,0.96388906,0.8762062,0.37276265
2062,0,1,0.26287851151630365,0.6131539,0.21675774,0.26316983
2063,1,1,0.5749436390922394,0.9975382,0.9697636,0.5790896
2064,0,1,0.000816628977220734,1.4839936e-12,7.640999e-13,0.00092918304
2065,0,0,0.05554607518290579,0.00079934555,0.01685874,0.056874614
2066,0,0,0.04505229035575978,0.00123202,0.03579121,0.045003265
2067,0,1,0.06662683931766214,0.005040129,0.00091852434,0.06169245
2068,1,1,0.6473466114236566,0.9999347,0.99959373,0.6527139
2069,1,1,0.9766549528292564,0.9999995,0.99999464,0.973459
2070,1,0,0.9860964306710468,1.0,1.0,0.98600787
2071,0,1,0.0018671414123742262,1.9733414e-10,1.074636e-10,0.0021344603
2072,0,0,0.005239699222033147,1.1010051e-06,2.5489486e-05,0.006207311
2073,0,1,0.4961237898594315,0.9964819,0.98785394,0.5055454
2074,0,0,0.012786693265497938,1.4448175e-07,1.9979982e-05,0.01267808
2075,0,1,0.12379528532911231,0.08803059,0.04737705,0.12044028
2076,0,0,0.07052156337830977,0.002929799,0.07382267,0.07082144
2077,0,0,0.21469420248802498,0.90089357,0.9999281,0.21362291
2078,1,1,0.9999999999999845,1.0,1.0,1.0
2079,0,1,0.25556399052424833,0.82061017,0.45109007,0.25643924
2080,0,0,0.06844387708872084,0.025937954,0.4304446,0.06931341
2081,0,1,0.05327789964837238,0.00078204734,0.00014098911,0.05201273
2082,1,1,0.5224624465271781,0.9784055,0.93773586,0.5077696
2083,0,1,0.07561473513114683,0.00064985617,0.00012671444,0.070935264
2084,0,1,0.44238060827763737,0.9893062,0.94529104,0.44197828
2085,0,1,0.3352112338634261,0.97338355,0.9332685,0.32986945
2086,1,1,0.9999999999999891,1.0,1.0,1.0
2087,0,1,0.00268659269471087,2.851429e-09,4.3504045e-10,0.0031840315
2088,0,1,0.007581963784970253,6.948665e-07,3.9654356e-07,0.00808794
2089,0,1,0.2391955463859142,0.08035596,0.012960268,0.23149171
2090,0,1,0.001882856651084703,3.9815784e-10,2.5182487e-10,0.0022409332
2091,0,1,0.47638582919065725,0.999791,0.9992625,0.48362923
2092,1,1,0.3555963713983358,0.6671046,0.10588791,0.3489595
2093,0,1,0.0351387213625456,1.7176151e-05,3.7873833e-06,0.03345634
2094,1,1,0.3377060114436277,0.9372318,0.8394686,0.3327982
2095,1,1,0.5275491730352025,0.999789,0.99925965,0.52859664
2096,0,0,0.00951186574056028,2.5731471e-05,0.00031472737,0.011802427
2097,1,1,0.7261989455321712,0.99999475,0.9999895,0.7242993
2098,0,1,0.34842003033680774,0.9838644,0.93621945,0.34642038
2099,0,1,0.05826463893381146,0.00084105163,0.00010549644,0.058077484
2100,0,1,0.29984596773398986,0.89655393,0.6060282,0.30062416
2101,0,0,0.015976613556026763,2.3098313e-05,7.04796e-05,0.018556515
2102,0,1,0.13875903217653984,0.022995153,0.0034938941,0.13929594
2103,1,1,0.9833315466553372,1.0,1.0,0.9840942
2104,0,1,0.5322229245496916,0.9991309,0.9974987,0.5258811
2105,1,1,0.4648135025653492,0.9992687,0.9959526,0.4662185
2106,1,1,0.4071730165433912,0.9695817,0.9488698,0.4062242
2107,1,1,0.6377396526295702,0.9999819,0.99988294,0.6385457
2108,1,1,0.5625148303361586,0.9978606,0.98244405,0.58600235
2109,0,1,0.005694962648471189,4.8672202e-08,1.4104597e-08,0.0053802812
2110,0,1,0.004757082832625141,1.07401064e-07,3.3477783e-09,0.00752337
2111,1,1,0.3935518830024299,0.84775805,0.7774273,0.3932569
2112,1,1,0.3843423438155787,0.99701786,0.98676187,0.3840981
2113,0,0,0.024521197756888123,0.0007647776,0.015837228,0.02479963
2114,0,0,0.0017440318338764712,1.9898543e-10,4.1011736e-09,0.0020624099
2115,1,1,0.1793186497735409,0.5108579,0.15926114,0.17663862
2116,0,0,0.000526993906646916,4.056156e-12,9.667819e-11,0.00064545264
2117,0,1,0.0035133551876675765,3.4064513e-09,1.3631002e-10,0.004102393
2118,0,0,0.03582131166450351,0.00019729992,0.0024600448,0.036692087
2119,1,1,0.7684109870963997,0.9999776,0.99996233,0.7601981
2120,0,0,0.023844067261727407,0.00049031473,0.011454528,0.024121268
2121,1,1,0.7404767375450318,0.9998107,0.99879766,0.73335123
2122,0,1,0.003443662117043665,6.527114e-08,4.947224e-09,0.003801732
2123,0,1,0.03420312356414013,8.0305195e-05,3.407726e-05,0.03452845
2124,0,0,0.13979978319723071,0.061873667,0.9857975,0.14331487
2125,0,0,0.009495123815479714,8.102448e-05,0.0048819715,0.011450268
2126,1,1,0.41370620093077404,0.94408447,0.06921488,0.4216264
2127,0,1,0.001905721628200009,1.9579782e-09,4.9329746e-10,0.0022483969
2128,0,0,0.0011290757464375355,6.10327e-11,8.4852486e-10,0.0013982747
2129,1,1,0.9528083827589213,0.9999999,0.9999994,0.95055723
2130,0,1,0.07734586872149417,0.008060878,0.0027342713,0.071072794
2131,0,1,0.010174677958553901,1.9419795e-07,7.0065255e-08,0.0114542255
2132,0,0,0.020472761906299482,4.5830313e-07,4.5090883e-06,0.020412363
2133,1,1,0.6200262344422963,0.99942166,0.99890125,0.61935854
2134,0,1,0.6230064084542988,0.99999964,0.99999976,0.61412764
2135,0,0,0.1402316381450198,0.07625828,0.99301296,0.13914394
2136,1,1,0.1598377937170103,0.110570356,0.043924287,0.16854294
2137,1,1,0.30888140252009655,0.90574247,0.7579644,0.30637196
2138,0,0,0.1405848110402522,0.9953942,0.9999659,0.13527103
2139,1,1,0.44505354158446886,0.98724335,0.9799876,0.44269532
2140,1,1,0.7761332494755473,0.99999535,0.999967,0.771621
2141,0,0,0.005487254420244105,2.0918968e-08,2.3635866e-06,0.0054175933
2142,0,0,0.10777708298208417,0.00089899526,0.039812334,0.09143493
2143,0,1,0.011132645683128422,7.0024765e-07,4.3811106e-08,0.010272979
2144,1,0,0.3705203706295238,0.9991391,0.99999976,0.36207607
2145,0,0,0.013570302006884144,2.319772e-05,0.0012254473,0.014004562
2146,0,1,0.0033727143373105967,8.885453e-08,2.2886294e-08,0.0038474968
2147,0,1,0.05529327569807915,0.08419746,0.06994567,0.061976206
2148,1,1,0.4311286623648119,0.99689746,0.991388,0.43275493
2149,0,1,0.2633026084446921,0.6880734,0.35695103,0.26623687
2150,1,1,0.8357733540478021,0.9999999,0.9999999,0.83651614
2151,0,1,0.02430172009398231,2.1459597e-05,4.54175e-06,0.024429886
2152,1,1,0.36128928788948633,0.9907862,0.98890734,0.34917802
2153,0,1,0.10292231143332335,0.03459639,0.02847473,0.10741273
2154,0,1,0.005257862979250918,4.6570237e-10,8.544633e-12,0.005015721
2155,1,1,0.02717574348772538,1.9136078e-06,3.8126746e-08,0.026979482
2156,0,0,0.050918504601838485,0.000104710394,0.0006534038,0.02947194
2157,0,1,0.061791575629632854,0.0003817018,0.00020870751,0.06143028
2158,0,1,0.13456966146872992,0.07060506,0.034404866,0.1270194
2159,0,0,0.09257159229163682,0.027566748,0.99494505,0.09196591
2160,0,1,0.7180891623504823,0.9999825,0.9999411,0.7207521
2161,0,1,0.02344156719101846,2.549228e-05,5.210432e-06,0.022346308
2162,1,1,0.4176653298572966,0.9969176,0.9903099,0.4204046
2163,1,1,0.1997006756935542,0.52264506,0.21038747,0.1993572
2164,0,1,0.26548509625720834,0.7031567,0.4434586,0.25709683
2165,0,1,0.15159538204758535,0.01350633,0.0029010891,0.14883716
2166,0,0,0.0023635765424993216,2.6226143e-09,8.5425796e-08,0.0029696175
2167,1,1,0.36078945332165174,0.9997286,0.9995591,0.37990567
2168,1,1,0.6028167904715548,0.99980545,0.99950457,0.60716164
2169,0,0,0.00757312626575728,2.2827223e-08,2.1939502e-07,0.0074783433
2170,0,1,0.24850618947059405,0.9982346,0.866819,0.36431652
2171,0,1,0.012452544821493034,1.829478e-05,5.7772557e-08,0.02115291
2172,0,1,0.058228278390726036,0.0029418585,0.0004151877,0.05823333
2173,1,1,0.2510355819898664,0.85981035,0.8090694,0.24163315
2174,1,1,0.9994028638282509,1.0,1.0,0.999295
2175,0,0,0.03458632394518749,0.000186872,0.0032928681,0.03520006
2176,0,1,0.006176621897551096,1.5992183e-07,2.3469548e-08,0.007371845
2177,0,0,0.0906412369335454,0.002769689,0.026240334,0.09397455
2178,0,1,0.22473192473337816,0.7187282,0.20747831,0.22592515
2179,0,0,0.0376380868859153,0.00010849123,0.0044792597,0.03860079
2180,1,1,0.29494842453465503,0.99312675,0.9878655,0.2895941
2181,0,1,0.07706866867134424,0.0013449634,0.00025663254,0.07800188
2182,0,0,0.005309021596947585,4.7734265e-08,4.4812964e-06,0.004824868
2183,1,1,0.6487407857227442,0.99991775,0.9997921,0.64648384
2184,1,0,0.2517688897761545,0.48943153,0.9691329,0.24956284
2185,0,0,0.01723189160313541,2.180857e-05,0.0016781577,0.01796123
2186,0,1,0.01669661659007407,1.7723149e-06,6.1231003e-07,0.016776709
2187,0,1,0.005111095484987035,1.558651e-08,3.2831269e-09,0.0047223275
2188,1,1,0.7854857984619623,0.9999893,0.9995191,0.7999292
2189,0,1,0.2609662539542289,0.74129355,0.36390895,0.26007825
2190,0,1,0.15816918658542095,0.54085034,0.3780712,0.15909421
2191,0,0,0.020164658793628998,2.2390936e-05,0.00021573498,0.021278512
2192,0,1,0.6986509351652528,0.9999862,0.99995685,0.70116806
2193,0,1,0.5311192900906001,0.9998137,0.9994757,0.5349504
2194,0,0,0.2592357865819248,0.9983296,0.9999999,0.2650648
2195,0,1,0.24458157216355775,0.5447868,0.2581361,0.24317676
2196,1,1,0.5231912745609067,0.99520856,0.90215015,0.52797973
2197,0,0,0.03251214194746933,0.0005765702,0.0068692863,0.03395467
2198,1,1,0.2659108702494672,0.99781644,0.9967331,0.25278372
2199,0,1,0.16697050612214603,0.024701973,0.004190529,0.16222045
2200,1,1,0.5018338187083038,0.99814475,0.99763703,0.5008845
2201,1,0,0.6685437407868096,0.99989414,1.0,0.6637936
2202,0,0,0.0004774057416984143,9.325272e-13,1.2115914e-11,0.0005855137
2203,0,0,0.038508922209563444,0.000558727,0.0074269734,0.041148715
2204,0,1,0.06771612795853392,0.0005998048,0.00038058485,0.06423143
2205,0,1,0.0036806607110996966,2.5366936e-07,3.0898008e-08,0.006032936
2206,0,1,0.06718023040762691,0.009505118,0.0011254284,0.06691664
2207,0,1,0.007882034733387007,5.084366e-09,4.809653e-12,0.009549408
2208,0,1,0.000789152401995452,5.44618e-10,1.4895496e-11,0.0012477565
2209,0,1,0.2045828195375437,0.4316821,0.19453394,0.19831431
2210,0,1,0.0005971520751851691,8.342571e-13,1.07298766e-13,0.0006644996
2211,0,0,0.0031488829368465877,3.347202e-10,4.05236e-08,0.002979385
2212,1,1,0.2382557323297424,0.90275526,0.6444583,0.24885371
2213,0,1,0.032692239682932216,0.01323542,0.0009433703,0.05464393
2214,0,1,0.005126093390741067,2.6263655e-07,1.05751084e-07,0.0063713724
2215,0,1,0.0031336014371818872,8.054158e-09,5.471512e-10,0.0034479809
2216,1,1,0.6976305570551412,0.99995196,0.99981284,0.69892097
2217,1,1,0.9484002271820839,1.0,1.0,0.9466733
2218,0,1,0.004319568300210989,3.128962e-07,2.791499e-08,0.0047572814
2219,1,1,0.6538794573295061,0.99986863,0.9997491,0.6519519
2220,0,1,0.16486401864857636,0.41580564,0.14680263,0.17034544
2221,0,1,0.09337642376296962,1.037896e-05,4.4396056e-09,0.0921128
2222,0,1,0.3775233218715413,0.91306883,0.7181126,0.3670871
2223,0,1,0.22721660646711053,0.25494945,0.039201465,0.21868365
2224,1,1,0.191274737620514,0.3425896,0.02383531,0.19470918
2225,0,1,0.5184344783361482,0.9987602,0.9957413,0.51925915
2226,0,1,0.10457281534439238,0.13058355,0.02587877,0.0995145
2227,0,0,0.01590313176407495,3.1512307e-05,0.0005207473,0.015804827
2228,0,0,0.0014174803809398576,3.1514632e-12,1.2928461e-10,0.0014125474
2229,0,0,0.08118169439187731,0.008345118,0.24355769,0.079622544
2230,1,1,0.41110391411275826,0.9923844,0.943789,0.414693
2231,1,0,0.2996886907100984,0.19781366,0.83174664,0.2959834
2232,0,1,0.09109776630867084,0.008318768,0.00038987084,0.08865526
2233,0,0,0.14486313814079493,0.18687396,0.77918386,0.14155646
2234,0,1,0.00826343877256797,1.8261534e-06,4.2611052e-07,0.009385082
2235,0,0,0.003926742963479633,1.1516595e-09,1.1665009e-08,0.0041189445
2236,0,1,0.0036688791600672215,2.9560598e-10,2.3413342e-12,0.0046040313
2237,0,0,0.011332893578925246,2.2089287e-06,4.251634e-05,0.011035094
2238,0,0,0.015822657434916912,2.0848012e-07,1.7864924e-05,0.015874693
2239,0,1,0.09835093638639435,0.028560173,0.0045350636,0.09627172
2240,0,0,0.057229365274400465,0.0011827789,0.04485767,0.056184992
2241,0,1,0.7952335899842264,0.9999263,0.99960136,0.7911182
2242,1,1,0.5717137422451244,0.99995494,0.9998375,0.642868
2243,0,0,0.010874411041723063,2.2429206e-06,1.5356729e-05,0.013235781
2244,0,0,0.004134908529048959,1.3445967e-09,7.050375e-08,0.004185919
2245,0,0,0.006478814459579826,2.973695e-06,3.066258e-05,0.011301886
2246,0,1,0.0005629498697038408,3.287406e-13,1.6179859e-15,0.00092792895
2247,1,0,0.5560574540541118,0.99994075,1.0,0.556527
2248,0,0,0.0011489956713165723,1.6978257e-07,2.2957545e-09,0.0023766523
2249,0,1,0.006125532043543109,1.2566775e-06,4.7197446e-07,0.007411095
2250,1,1,0.35823519536918896,0.9972928,0.9856926,0.36158797
2251,0,1,0.36574611028055326,0.99162674,0.97189707,0.36630806
2252,0,1,0.0009258848803344206,1.19849955e-11,4.5204465e-13,0.0010070398
2253,0,1,0.0037895132452643045,9.139119e-08,2.9235119e-09,0.0040383805
2254,0,0,0.025987374125610113,0.00040367755,0.025578117,0.02737654
2255,0,1,0.0029733987950488457,7.9939e-10,1.1776619e-10,0.0033450043
2256,0,1,0.002708916642005445,3.7856296e-09,1.9145185e-10,0.0029805452
2257,0,0,0.005011334144600562,7.106645e-09,4.4027357e-07,0.0048440876
2258,0,1,0.2700264898277422,0.83901566,0.4797467,0.26903158
2259,0,1,0.007059193423737234,4.985847e-07,2.4053355e-07,0.0075301523
2260,0,1,0.011443415024406087,1.8468079e-07,2.1244261e-08,0.010471675
2261,0,0,0.19538351191178246,0.1841902,0.96864164,0.19066283
2262,0,0,0.28214622744383944,0.65425026,0.9996907,0.29075572
2263,0,1,0.2625026644851573,0.97360116,0.89714515,0.27023143
2264,1,1,0.7614401893460483,0.9994881,0.9974944,0.76142067
2265,0,1,0.008015712452322942,7.831714e-08,9.211238e-08,0.0074305567
2266,1,1,0.936542939327132,1.0,0.9999999,0.9386062
2267,0,0,0.03196806493756808,7.880421e-05,0.0018878902,0.031209812
2268,0,1,0.22363366744177124,0.24440792,0.014029373,0.21448877
2269,0,1,0.1443498824753977,0.44837335,0.35000178,0.14139876
2270,1,1,0.9946153330585448,1.0,1.0,0.9938917
2271,1,1,0.6438142940007205,0.99970967,0.99873906,0.6457843
2272,0,1,0.1279825782788283,0.062509105,0.030096244,0.118694976
2273,0,0,0.01731599052475038,1.058102e-05,0.00030689867,0.016738934
2274,0,0,0.0617281178276812,0.0010763305,0.019870946,0.055887166
2275,0,0,0.0016798025838919073,2.7169306e-10,8.126417e-10,0.0028789476
2276,0,1,0.2442663668073506,0.9284115,0.7794929,0.25181895
2277,0,1,0.16056685535580842,0.5895371,0.15152805,0.15517345
2278,0,1,0.1911846296370604,0.21435013,0.0449713,0.1907432
2279,0,1,0.042620022188019184,3.7433885e-05,7.298725e-06,0.0428929
2280,0,0,0.0012268236506995246,3.705536e-11,6.51534e-10,0.0014471434
2281,0,1,0.0006960879633511759,2.0420274e-12,8.9218585e-13,0.0007942099
2282,0,1,0.15294306444564898,0.007860201,0.00036595858,0.14493382
2283,0,0,0.008165004642532352,1.165978e-06,1.8056193e-05,0.0072962088
2284,0,0,0.0002585900517775669,1.148257e-14,4.724781e-13,0.00030712932
2285,0,1,0.008425607971836401,2.2317391e-07,7.39887e-08,0.00955522
2286,0,0,0.01348754541226635,2.2581818e-07,2.3832856e-05,0.013675039
2287,0,0,0.22237499490521473,0.4917826,0.96340764,0.22229388
2288,0,1,0.011026483049356953,0.00010640806,8.2255065e-06,0.019225333
2289,0,0,0.035366361353693504,0.010410671,0.6793994,0.03686184
2290,1,1,0.6080183309627495,0.9995147,0.9990815,0.60680866
2291,1,1,0.565850438351402,0.99913895,0.99887997,0.56381273
2292,0,0,0.15876741398910849,0.51518136,0.9483017,0.16015421
2293,0,1,0.003734719342694274,2.3626889e-07,2.1087422e-08,0.0040941373
2294,0,1,0.09257020598907524,0.008218048,0.00042004933,0.090076186
2295,0,1,0.15514159563596355,0.08605268,0.012337297,0.14957637
2296,0,0,0.11878208034102182,0.14122984,0.86291564,0.12152257
2297,0,1,0.4791760595576294,0.99645317,0.99074066,0.49639478
2298,1,1,0.8323993472394532,0.9999987,0.99999785,0.83107626
2299,0,1,0.23603750272193297,0.053507973,0.0004352794,0.24317512
2300,1,1,0.46587262304646254,0.997795,0.9889486,0.46368825
2301,1,1,0.7573902576239337,0.9999987,0.999997,0.7605052
2302,0,0,0.0019313550945086189,1.7902728e-09,2.069573e-08,0.0022922014
2303,1,1,0.5831489583948234,0.9998168,0.9992827,0.58134955
2304,0,1,0.008257212999662021,1.1002411e-05,1.850464e-06,0.009407945
2305,0,0,0.041033543701712735,0.00036009142,0.0044759545,0.042475432
2306,0,0,0.0010121626004734462,1.519705e-11,8.5026325e-10,0.0012201199
2307,0,0,0.03954550294366069,6.293198e-05,0.00052237144,0.049468018
2308,0,1,0.8278831699290011,0.99999976,0.9999994,0.8312929
2309,0,0,0.0023866534399057814,3.272787e-08,1.7191485e-06,0.0028680803
2310,0,0,0.010061998289567565,4.3906457e-05,0.00097157987,0.017492546
2311,0,1,0.14540227839780856,0.10478735,0.05492245,0.14647113
2312,0,1,0.033469850869286256,3.6848134e-05,2.0726658e-05,0.031140208
2313,0,1,0.0013786132397457795,3.380525e-11,1.2924602e-12,0.0015022177
2314,0,1,0.2855254295012403,0.9894142,0.90002674,0.27870357
2315,0,1,0.3124707702109346,0.9634186,0.8751318,0.31455618
2316,0,1,0.2918214177376655,0.9160536,0.19215839,0.31407508
2317,0,1,0.36301595399353104,0.9908111,0.9899256,0.35670003
2318,0,1,0.00688832794291973,1.9792198e-08,3.9822563e-09,0.006767536
2319,0,1,0.19535085529914445,0.16845508,0.031115634,0.1952258
2320,1,1,0.348432410639485,0.9662379,0.8174916,0.3513815
2321,0,0,0.18611339240653316,0.22158428,0.99617565,0.18376036
2322,0,1,0.5864448990739445,0.9998276,0.999438,0.5920015
2323,1,1,0.999999999999976,1.0,1.0,1.0
2324,0,1,0.05380394244465415,0.000999117,9.336416e-05,0.05574619
2325,0,1,0.011863666155613682,1.12165235e-05,3.0205206e-06,0.013500385
2326,1,0,0.014971242364336425,5.125647e-06,4.9350027e-05,0.014994678
2327,1,1,0.8299985347115261,0.9998871,0.9985874,0.82128483
2328,0,1,0.31763863393353475,0.8667641,0.7196603,0.30880442
2329,0,1,0.06422216818464747,0.0014303445,0.00034998055,0.061796732
2330,0,1,0.004587866171600704,8.539214e-07,1.2364065e-06,0.0051455637
2331,0,0,0.0015346523297690739,5.7244387e-09,3.6367726e-07,0.0019123891
2332,1,0,0.05015001317360413,0.00027052918,0.01085796,0.049962483
2333,0,0,0.0010860310928479172,3.985035e-10,3.440111e-08,0.001362884
2334,0,0,0.0057453299187511095,3.800236e-09,1.8272705e-07,0.005882914
2335,0,0,0.0023066001818262327,2.9877933e-09,3.087704e-08,0.0027383792
2336,0,0,0.002029954794404384,9.646021e-09,1.9418368e-07,0.0025391078
2337,0,1,0.012499963829674969,4.7169237e-06,1.19920915e-05,0.01456021
2338,1,1,0.6785131476023298,0.9998486,0.9997662,0.68058103
2339,0,1,0.2912288719840967,0.49222428,0.16035897,0.29152477
2340,0,1,0.3707053985737305,0.24976079,0.04613175,0.35784748
2341,0,1,0.03762363135168119,0.00022576372,5.8660706e-05,0.035653524
2342,1,1,0.2801347595730819,0.8327194,0.5320484,0.27900428
2343,0,1,0.0012664404691571192,4.8192533e-10,2.6942441e-11,0.0013867426
2344,0,1,0.003952938302334133,1.13918555e-08,4.5663823e-10,0.0046388838
2345,0,1,0.0738400579050871,0.00039261795,7.0414164e-05,0.07168035
2346,1,0,0.8510827657489973,0.9999995,1.0,0.85061026
2347,0,0,0.01616826660913507,1.8489363e-06,3.257338e-05,0.015026855
2348,0,1,0.000566793644213285,3.2830073e-13,3.374902e-14,0.00065796304
2349,1,1,0.9970591490209432,1.0,1.0,0.99658895
2350,0,0,0.0575913129223296,0.0012146813,0.0467013,0.05653698
2351,0,0,0.0016398259033838908,1.04839e-09,8.375817e-08,0.0019988092
2352,0,1,0.38637480844744515,0.98827213,0.96883684,0.38935027
2353,1,1,0.9972320959373523,1.0,1.0,0.99694437
2354,0,1,0.20686338269996712,0.3067522,0.059237164,0.20661812
2355,0,0,0.002723175960035741,8.576452e-09,1.1944113e-07,0.0032401446
2356,0,0,0.03578247223751171,8.665323e-06,8.67525e-05,0.036022816
2357,0,0,0.015511480464497343,4.8000265e-06,4.2928277e-05,0.015730597
2358,0,1,0.06917195437302578,0.0007430108,0.000102765734,0.06961886
2359,1,1,0.27591157138213607,0.9085093,0.81303596,0.2882864
2360,0,1,0.04233976386636744,0.00052116765,7.865953e-05,0.03915688
2361,0,1,0.27700181829262893,0.9377689,0.72052085,0.26789692
2362,0,1,0.016116452416688073,2.600897e-05,6.224395e-06,0.01854631
2363,0,0,0.0031082262240687696,2.5624527e-09,1.681812e-07,0.0031926802
2364,0,0,0.1055143678489725,0.011546198,0.22761624,0.10294584
2365,0,0,0.01594873440014059,1.3631567e-05,0.0012302189,0.016897334
2366,0,1,0.001074654104303711,1.4665822e-11,9.529046e-12,0.0012291945
2367,0,1,0.012984665192956784,0.00013477824,2.8947406e-06,0.023357926
2368,0,0,0.0013170189933053242,5.3411445e-11,1.058311e-09,0.0015523674
2369,1,1,0.22163470707540484,0.4457632,0.1090244,0.22122239
2370,0,0,0.004667288616391876,4.498933e-07,1.5074343e-06,0.00838322
2371,0,1,0.12371002618473509,0.028176613,0.014744109,0.11678521
2372,0,1,0.03436870769113641,6.5769185e-05,1.48453455e-05,0.035781056
2373,0,0,0.004722565860240437,6.2652816e-08,9.592732e-07,0.0054343813
2374,0,0,0.020244578528879134,3.3324544e-05,0.0010325256,0.019741548
2375,0,1,0.020776640643003653,7.3503134e-07,1.6949977e-07,0.01932739
2376,0,1,0.012177306682673441,6.8482535e-07,1.2115511e-07,0.013945236
2377,1,1,0.5619680774730382,0.99990535,0.9994978,0.56450474
2378,1,1,0.40742875370432163,0.999642,0.9989857,0.38567793
2379,0,1,0.012130189776428386,5.8318483e-07,2.911222e-07,0.013681845
2380,0,1,0.06925506758834006,0.0026404746,0.00060387916,0.066278435
2381,0,1,0.028888039891876993,1.696284e-05,9.27385e-06,0.029362138
2382,0,1,0.5514574039546974,0.99932307,0.99713963,0.5533244
2383,1,1,0.9790338947422478,1.0,1.0,0.97877264
2384,0,1,0.7237915600252919,0.9996102,0.997131,0.7107929
2385,0,1,0.13450412428409975,0.088661365,0.068251476,0.13609599
2386,0,0,0.012585235219621278,1.8032626e-06,9.7232354e-05,0.013163933
2387,0,1,0.007357444701488734,9.584076e-06,9.0471013e-07,0.0128096435
2388,0,1,0.05782160827451825,0.01799319,0.008001719,0.058276244
2389,0,1,0.11561530717963506,0.01777268,0.008486061,0.109164
2390,0,1,0.25939062263296886,0.1252862,0.0032055369,0.2569874
2391,0,0,0.5961909922997098,0.99052376,0.99841726,0.58995223
2392,0,1,0.10246028648470977,0.027180899,0.0060276086,0.100548975
2393,0,1,0.04958034532493815,0.0014449608,0.00011640895,0.04708207
2394,1,1,0.7541524199960947,0.9984376,0.9819392,0.7425733
2395,1,1,0.6293677395015446,0.9995208,0.99548954,0.63083655
2396,0,1,0.5234670360413075,0.99942464,0.9986626,0.50927293
2397,1,1,0.4132095032674249,0.99155635,0.97918725,0.4062033
2398,0,0,0.009999392099564982,3.7347227e-06,0.00030339282,0.010028093
2399,1,1,0.8343674254293539,0.9999976,0.9999721,0.8395942
2400,0,0,0.008896964268581884,2.242701e-05,0.0010874424,0.010760501
2401,0,0,0.008890355109449351,3.5510465e-07,4.0644e-06,0.009877211
2402,0,1,0.017512094016363434,5.5549335e-05,1.6661445e-05,0.019809986
2403,0,1,0.5464434482179009,0.9996215,0.996741,0.54626286
2404,0,0,0.1929912666220521,0.39162526,0.9993579,0.200762
2405,1,1,0.6318519071132057,0.9998268,0.99947834,0.6278398
2406,1,1,0.8015929271228415,0.9999962,0.99998724,0.7989273
2407,0,1,0.0653900845064771,0.0036793218,0.00093471946,0.06469121
2408,1,1,0.21412572616487824,0.7652914,0.40534735,0.21993245
2409,1,1,0.7392842894437636,0.99999106,0.9999865,0.728274
2410,0,1,0.21641842334822642,0.7878925,0.7522045,0.21880053
2411,1,1,0.8203845990670164,0.9999635,0.9997354,0.8133681
2412,0,1,0.10195970982932653,0.0031801444,0.0022922058,0.099663615
2413,0,0,0.006214918816858747,7.6702065e-08,1.487351e-06,0.0064034364
2414,0,0,0.003650619004103246,3.8990015e-07,7.9341025e-06,0.0045019877
2415,0,1,0.14665555555626217,0.15852995,0.052524485,0.14498886
2416,0,1,0.0044791520729978475,7.307998e-07,9.701466e-09,0.00741253
2417,0,1,0.46792782859268306,0.9913385,0.9648094,0.47284064
2418,1,1,0.4761179498472466,0.9619408,0.9340525,0.46653992
2419,0,0,0.09005620907053612,0.0037876987,0.7947692,0.0926949
2420,1,1,0.5167961754435961,0.99975187,0.9994104,0.5175781
2421,0,0,0.0018593250800134286,4.0569965e-05,4.450842e-08,0.004158435
2422,0,1,0.207256346738058,0.891773,0.65857595,0.21358454
2423,1,0,0.9999999999998814,1.0,1.0,1.0
2424,1,0,0.6692256732714263,0.99994016,1.0,0.66538244
2425,0,1,0.015521841520014451,4.86762e-07,1.7009617e-07,0.015454133
2426,0,1,0.08274931658542539,0.0064173765,0.004513069,0.079396695
2427,0,1,0.39975238468958296,0.99525,0.9764524,0.39860016
2428,1,1,0.11439395638041333,0.006158931,0.00016873318,0.11645131
2429,0,1,0.05696392553508189,0.0006258615,0.00023482353,0.055799995
2430,0,1,0.2629054976936056,0.7146086,0.033913363,0.2624772
2431,0,0,0.05912862210410819,0.00093013665,0.04669589,0.05544571
2432,0,1,0.005104654769527105,1.9884988e-07,6.994535e-08,0.006139142
2433,0,1,0.3053239018058655,0.9876859,0.930267,0.30455434
2434,1,1,0.41642396532894166,0.9912061,0.970096,0.4193405
2435,1,0,0.24017288811089693,0.8047309,0.99976367,0.2374745
2436,0,0,0.010660203696576375,1.0487795e-06,3.3279066e-05,0.012368911
2437,0,1,0.42904270362408414,0.99734616,0.97738975,0.4323224
2438,0,1,0.0011393967929466014,2.4390445e-13,4.1419606e-15,0.0010752344
2439,0,0,0.0029425983557452465,2.407866e-10,1.1565757e-08,0.0029708336
2440,1,1,0.4581508824431554,0.9955615,0.99070483,0.4410995
2441,0,1,0.1927175934113924,0.077565685,0.023731701,0.18892205
2442,1,1,0.7715441789433003,0.99996257,0.9994373,0.7788796
2443,0,1,0.1193721461234966,0.001403107,3.9306546e-05,0.12278063
2444,0,1,0.027759078024565294,0.000120839846,5.8311667e-05,0.026600039
2445,0,1,0.27637905879516445,0.5393567,0.034397762,0.2840453
2446,0,0,0.0026873173208929106,1.3421422e-09,1.1552852e-07,0.0032663208
2447,0,1,0.012633421145521292,1.0394991e-06,2.3905986e-07,0.011818817
2448,1,0,0.8126835447062846,0.9999994,1.0,0.8128788
2449,1,1,0.2737453889500271,0.44427243,0.17056598,0.2564419
2450,1,1,0.25846115134628245,0.97708523,0.7067429,0.26730147
2451,0,1,0.2381622387052894,0.52131265,0.029848734,0.24524795
2452,0,1,0.004292759134327614,1.6229869e-07,1.2195365e-08,0.004757421
2453,0,1,0.240290130558919,0.45250025,0.14930254,0.23891294
2454,1,1,0.4991435962031313,0.90913194,0.7159573,0.47923478
2455,0,1,0.013000736027106939,0.000103278355,3.093803e-05,0.014876852
2456,0,1,0.1356899573814817,0.22149187,0.11494396,0.13194238
2457,1,1,0.012399256482283875,8.796557e-05,1.8130873e-05,0.014147074
2458,0,1,0.7194197170232055,0.999987,0.9999734,0.7150957
2459,0,0,0.10027747281213417,0.009605609,0.23139413,0.10018631
2460,1,1,0.4287831551718268,0.9989073,0.9973532,0.43089142
2461,0,1,0.053628051247060146,0.001156782,3.53012e-05,0.05411871
2462,0,1,0.009207744656212253,9.065696e-06,1.6827729e-06,0.010542199
2463,1,1,0.5574544176163567,0.99922585,0.9984604,0.55619365
2464,1,1,0.7530044552702446,0.9999131,0.99947035,0.7520297
2465,0,1,0.020456434744176348,4.2631227e-06,7.1372654e-07,0.019738834
2466,0,1,0.36585602569454395,0.9910726,0.94930375,0.3686142
2467,0,1,0.04534497187778946,0.019581553,0.010540658,0.052017093
2468,0,0,0.002971652015783707,2.9729025e-11,4.447443e-10,0.0028386104
2469,1,1,0.9999999999999936,1.0,1.0,1.0
2470,1,1,0.7882155163632758,0.998933,0.9773447,0.77798945
2471,0,0,0.01852022675291749,2.0413559e-06,0.00013887428,0.018766046
2472,0,0,0.1482113204622498,0.096099064,0.63371474,0.15420854
2473,0,1,0.11482181903873993,0.023584701,0.0056558414,0.1127706
2474,0,0,0.23336287657541077,0.07386852,0.99555993,0.21090603
2475,0,1,0.5152171706228218,0.98545593,0.8269768,0.50564456
2476,0,0,0.1043306199953765,0.007335542,0.97429615,0.104893
2477,1,1,0.4300871907109487,0.96754295,0.8933071,0.41063163
2478,1,1,0.872940357360883,1.0,0.9999999,0.87287414
2479,0,0,0.03674095647473645,0.00034406965,0.0017667564,0.037305973
2480,0,0,0.007639604672552767,7.728965e-08,7.751965e-07,0.007924503
2481,0,0,0.00026718832963223233,2.6778342e-11,7.529456e-13,0.00033031264
2482,0,0,0.08766932930536599,0.002348299,0.7658768,0.089227185
2483,0,1,0.0032011700965285167,1.2756279e-08,1.0241314e-09,0.003391351
2484,1,1,0.5650651120226399,0.9999124,0.9993684,0.5703331
2485,0,0,0.004382475966125847,3.8290193e-09,1.8527581e-07,0.0044770744
2486,0,0,0.0003360945855422191,1.1721764e-13,5.645988e-12,0.00040134616
2487,1,1,0.8594682284291798,0.99999976,0.99999964,0.8585556
2488,0,1,0.29588163254300126,0.84456617,0.50214577,0.29584837
2489,0,1,0.0010224627276434694,3.2244644e-11,1.2213544e-12,0.0011145603
2490,0,1,0.13873145339356513,0.021483388,0.0043461975,0.13755928
2491,1,1,0.40085235760322774,0.995815,0.98744243,0.3900682
2492,1,1,0.6921779625055938,0.9999826,0.9999459,0.70009285
2493,1,1,0.5943875108691024,0.9999211,0.99976057,0.5963793
2494,0,0,0.055887336014221085,0.0009853471,0.037186142,0.054879274
2495,1,1,0.5481716100992211,0.9997074,0.9993092,0.5554336
2496,1,0,0.19813843443512916,0.48655233,0.9697856,0.20168559
2497,1,1,0.8222320348838112,0.99970573,0.9979462,0.80914706
2498,0,1,0.06742098462465006,0.058151927,0.008523528,0.07691495
2499,0,1,0.009542586451810126,6.151049e-05,1.7513561e-05,0.0105146635
2500,1,1,0.3549219930964577,0.937799,0.764693,0.35567465
2501,0,0,0.0630086899438926,0.003131698,0.05747034,0.06452103
2502,0,0,0.0061644729998389615,5.4166602e-08,2.9755417e-06,0.0060546636
2503,0,0,0.0019178469362808501,1.3610601e-11,6.922328e-10,0.0018670842
2504,1,1,0.9395814552255294,0.99999845,0.9999896,0.9339718
2505,1,1,0.37298528215624815,0.9184823,0.7517652,0.36424273
2506,0,1,0.017322253896233236,0.0006697965,0.00036787684,0.02004828
2507,0,1,0.016137499433988737,8.492018e-06,8.026512e-08,0.019369897
2508,0,0,0.04284286891591597,0.006259818,0.016177557,0.06944086
2509,0,1,0.09389077545646855,0.012123053,0.00053708797,0.0913541
2510,0,0,0.003907477259812504,3.936695e-09,1.6150134e-08,0.003953824
2511,0,0,0.02043902831249933,5.711654e-06,0.00015723733,0.019900175
2512,0,0,0.005959288559360428,9.181627e-07,2.8599945e-05,0.0071550068
2513,0,1,0.017931193609442057,9.082779e-06,2.5712086e-06,0.02049446
2514,0,0,0.2942996087525001,0.9637814,0.9999801,0.2931353
2515,0,1,0.7641360078809443,0.9999782,0.99990785,0.76035184
2516,0,0,0.0009452393247089106,7.500212e-10,4.366162e-08,0.0011617248
2517,0,0,0.004481582349384765,1.5221007e-08,2.375747e-06,0.0042334488
2518,1,1,0.5798225571167125,0.9989764,0.9969093,0.5761603
2519,0,1,0.0035968153414929803,2.2394884e-08,4.917843e-09,0.004273322
2520,1,1,0.9981945415049711,1.0,1.0,0.9980141
2521,0,0,0.03255376007104622,2.698785e-05,0.0015603736,0.03352023
2522,1,1,0.7770048355383004,0.99999654,0.9999938,0.76739305
2523,0,0,0.0010785886188760263,3.0432053e-11,6.1180283e-10,0.0012701905
2524,0,1,0.030492157906776535,1.0103468e-05,8.765992e-07,0.028025547
2525,1,1,0.5712216868842429,0.99969023,0.998869,0.569526
2526,0,0,0.010553172844910105,4.8371976e-06,0.00012671371,0.009821311
2527,0,1,0.007801956147197537,6.423518e-08,3.7583696e-09,0.007053074
2528,0,1,0.5128402258996989,0.83754885,0.6774066,0.5124643
2529,1,1,0.7064939780711937,0.9998342,0.999327,0.6991217
2530,0,0,0.01738283161673377,2.8872725e-07,7.5289518e-06,0.01696809
2531,0,0,0.641179274008403,0.9996146,0.9999995,0.6312067
2532,0,1,0.13364953714506694,0.010426389,0.0023809536,0.12572101
2533,0,1,0.08167837740996596,0.0031647303,0.00014711678,0.079554334
2534,0,1,0.17045355736684573,0.23560451,0.137846,0.15581183
2535,1,1,0.5872224404402903,0.99997234,0.99992,0.58975613
2536,0,0,0.004526816203624,7.724187e-09,8.691368e-08,0.004336547
2537,0,0,0.010934610731929136,8.776389e-07,0.00010597164,0.010854011
2538,1,0,0.44909329452109914,0.9900563,0.9999962,0.43842664
2539,1,1,0.7443753238437651,0.9999969,0.9999782,0.75073165
2540,1,1,0.6063853547881101,0.99992657,0.99948406,0.6056114
2541,1,1,0.5918016347300561,0.99816775,0.99733466,0.59253377
2542,0,0,0.03870461437510342,0.00023400705,0.006632163,0.038421843
2543,0,0,0.058717024252082986,0.0011176388,0.049260676,0.057630632
2544,0,0,0.050194199965953305,0.00013476473,0.40947044,0.04974522
2545,0,1,0.19327322423614907,0.5056003,0.22256759,0.19374745
2546,0,1,0.6238093089334951,0.9999006,0.9997477,0.61933166
2547,0,0,0.014001948394844175,2.69438e-05,0.00062180666,0.017460292
2548,0,1,0.7023932587013565,0.99999976,0.99999976,0.7003522
2549,1,1,0.7485884207504601,0.9999912,0.999982,0.7457503
2550,0,1,0.036975219031397916,0.00011791066,1.1534095e-05,0.03543062
2551,0,1,0.008857202870076413,4.067804e-06,1.4677858e-06,0.009658944
2552,0,1,0.012063982187682181,1.8344883e-06,1.10585255e-07,0.011168885
2553,0,1,0.023944751626426876,1.4291212e-06,5.0568143e-08,0.023849262
2554,1,1,0.7915735172547361,0.99999845,0.9999958,0.79174596
2555,0,1,0.01296064992596884,1.143377e-06,9.44147e-07,0.012522165
2556,1,1,0.6553723539668684,0.9998399,0.99968344,0.6512222
2557,0,1,0.007135141463341013,2.0761863e-07,2.0405599e-08,0.008024563
2558,0,1,0.5797291988195931,0.99993026,0.9998456,0.58235574
2559,0,0,0.09936734053462873,0.86012685,0.99471325,0.10579836
2560,0,1,0.016080108441836972,5.980876e-06,6.878382e-06,0.015627107
2561,0,1,0.248385849059689,0.7757215,0.37303877,0.24916662
2562,1,1,0.42628486012550687,0.98976725,0.98633933,0.42360726
2563,1,1,0.5676341928355129,0.998314,0.9960889,0.552662
2564,0,1,0.3606127351784834,0.99067444,0.97520524,0.35654676
2565,0,0,0.001177550878565205,5.300105e-11,8.485103e-10,0.0014517579
2566,1,1,0.59399372929187,0.99840075,0.9951657,0.58000517
2567,0,0,0.0044731554337550505,6.325837e-08,1.8173209e-06,0.005344713
2568,1,1,0.6113377844050855,0.99887687,0.9927696,0.6072619
2569,0,1,0.6443993996955828,0.9999691,0.9999106,0.65458995
2570,0,1,0.04851489155765415,0.011675037,0.003516703,0.055880155
2571,0,1,0.36770263048709434,0.99163437,0.9665356,0.3654581
2572,1,1,0.8059609814636426,0.99999917,0.99999225,0.8039687
2573,1,1,0.1947244085933598,0.94647247,0.90762246,0.19108115
2574,0,1,0.24345099462112477,0.42339227,0.16985185,0.24276286
2575,1,1,0.8978629284001021,0.9999988,0.99999666,0.8885598
2576,0,1,0.007619993140785689,7.9276815e-06,9.757715e-07,0.013258826
2577,0,0,0.002253231147073586,1.6628812e-09,8.5137565e-08,0.002382983
2578,0,0,0.009449590711912285,2.545452e-06,4.5306784e-05,0.00901644
2579,0,1,0.1729795090044493,0.0998562,0.02903899,0.18160553
2580,0,0,0.04898884493382843,0.00014781085,0.005175474,0.048522986
2581,0,1,0.07004860677419941,3.3376543e-06,3.2813436e-08,0.070139796
2582,1,1,0.16613930756939232,0.60731864,0.44874194,0.16137965
2583,0,1,0.41400877855134727,0.9825866,0.8974103,0.40641543
2584,0,1,0.0259306109021258,3.209559e-05,9.381251e-06,0.0233886
2585,0,1,0.10305119766388744,0.0007595041,7.658479e-05,0.10696205
2586,0,1,0.7357120624074538,0.9999999,0.9999999,0.75134456
2587,1,0,0.5136923998799872,0.99606586,0.9999957,0.5142077
2588,0,1,0.01470775019381564,4.3330583e-06,8.166348e-07,0.015648246
2589,1,1,0.7934399185011378,0.9999958,0.9999583,0.79373825
2590,1,1,0.9231242247838198,1.0,0.9999993,0.9256252
2591,0,0,0.00333630103256077,3.076326e-10,2.9269279e-08,0.003231503
2592,0,1,0.10478633335778263,0.06908783,0.020838497,0.103494465
2593,0,1,0.0022082319849870183,4.902472e-10,6.803705e-11,0.0026077726
2594,1,1,0.998117072378315,1.0,1.0,0.9979297
2595,0,1,0.308482930421791,0.9299456,0.6493304,0.3125717
2596,0,0,0.04546072511975506,0.00056652573,0.01882164,0.04603202
2597,1,1,0.11504459337935381,0.056620583,0.023698108,0.111582704
2598,0,0,0.007089059910587868,4.907112e-07,8.153125e-06,0.0061931307
2599,0,0,0.036225179774207916,0.000106039566,0.0069725425,0.03603086
2600,0,1,0.011454676466595433,5.8894153e-07,3.9841734e-07,0.011080768
2601,0,0,0.029122476006684727,0.0024154615,0.11299564,0.03417746
2602,0,1,0.5346080092663497,0.9961249,0.9473577,0.5409255
2603,0,1,0.14858713646358843,0.13163336,0.051537592,0.15162101
2604,0,1,0.00968451566460911,3.7537266e-06,1.2144064e-06,0.010978717
2605,0,1,0.04021904165353773,0.00018674997,4.447019e-05,0.038320746
2606,0,1,0.44870265333947595,0.99214375,0.9923581,0.42138782
2607,1,1,0.12905762461879186,0.00047918555,7.191197e-06,0.13133553
2608,0,1,0.11109022532304212,0.61087453,0.2220736,0.110308774
2609,0,1,0.4216795927497642,0.854938,0.7315925,0.41288084
2610,0,1,0.02457817335529674,1.0463077e-05,2.0352384e-06,0.02337659
2611,0,0,0.008916126909315683,6.5226973e-06,0.00088016293,0.009590629
2612,1,1,0.8364062376979202,0.9999176,0.99826694,0.8292521
2613,1,1,0.4158086472644417,0.99047244,0.94866014,0.41417825
2614,1,1,0.7002581021078442,0.99998796,0.9999739,0.70612013
2615,1,1,0.9737969771302515,1.0,0.9999999,0.97164446
2616,0,1,0.08499099046172653,0.00024130919,4.7170947e-06,0.08700887
2617,1,1,0.28306681830772296,0.7651388,0.54857963,0.27707994
2618,0,1,0.019901100426652205,6.941347e-06,1.6411005e-06,0.018768372
2619,0,1,0.030260148212959102,5.1424555e-05,1.5194892e-06,0.031019758
2620,0,0,0.08347964805519441,0.0051932633,0.2343095,0.08269119
2621,0,0,0.1153507118227461,0.018591657,0.31312048,0.11733672
2622,0,0,0.007376082558153916,4.8070488e-06,7.673684e-05,0.008697571
2623,0,0,0.005190629466764031,7.8078637e-07,1.3422203e-05,0.0062256837
2624,0,0,0.001077273255097892,3.4344416e-11,3.7367456e-10,0.0012794719
2625,0,0,0.006055208590495073,7.4629035e-08,1.8425994e-06,0.006371798
2626,0,0,0.004587743655089129,3.2231953e-09,2.6366223e-07,0.0046031666
2627,0,1,0.005022929858585773,5.02338e-07,1.1631788e-07,0.0059940424
2628,0,0,0.03755669493899712,9.169384e-06,0.00038433148,0.03779109
2629,0,0,0.006377018376273934,7.950586e-08,4.121386e-06,0.0062613813
2630,1,1,0.8018848483426269,0.9997748,0.9979096,0.7917332
2631,0,1,0.44065646860960156,0.9987596,0.9932749,0.4448618
2632,1,1,0.9165884655563745,1.0,0.99999964,0.9192026
2633,1,1,0.20509052449134496,0.73078376,0.36315945,0.2057459
2634,0,1,0.2770240213442444,0.9587193,0.9645381,0.27808508
2635,0,0,0.03041858218674308,4.5246594e-05,0.0022987886,0.03209346
2636,0,1,0.22401415449215115,0.45932427,0.11773732,0.22357364
2637,1,1,0.09573854832911008,0.009295629,0.0012901023,0.0980387
2638,1,1,0.5657782799627756,0.9981969,0.9945789,0.56182975
2639,0,0,0.008255998966273643,1.1753246e-08,1.3225105e-06,0.0073345415
2640,0,0,0.0039999988980983624,6.359277e-06,5.726607e-05,0.0067046154
2641,1,1,0.8465745138699926,0.99999225,0.99997616,0.8266364
2642,0,1,0.229297111453765,0.30145735,0.21197966,0.22923858
2643,0,0,0.001691454502762883,1.03263105e-08,1.097624e-06,0.002112799
2644,0,1,0.08797646307874175,0.20982003,0.06259064,0.08976049
2645,0,1,0.017162945656590156,3.34002e-06,1.499049e-07,0.016250195
2646,1,1,0.81215347542271,0.9999994,0.9999968,0.8150603
2647,1,1,0.20987914794428297,0.43661132,0.11565902,0.21583559
2648,0,1,0.22752113025841714,0.14719275,0.0047707604,0.2301666
2649,0,0,0.058894828631853816,0.0011700111,0.070913404,0.058413472
2650,1,1,0.9971458957011526,1.0,1.0,0.9967663
2651,1,1,0.5183586723394583,0.9952264,0.9737637,0.50121015
2652,0,0,0.5150299866484104,0.9997285,0.9999999,0.5134124
2653,0,1,0.2313131830080604,0.8150251,0.6208163,0.24136762
2654,0,0,0.013716873311867092,7.487954e-07,1.6303715e-05,0.0152559625
2655,1,1,0.6730302802591114,0.9999882,0.9999757,0.67899
2656,0,0,0.07322114193797585,0.002153164,0.0028397227,0.075508095
2657,0,1,0.04829223845150709,0.00011417507,1.0820459e-05,0.049950954
2658,0,1,0.2208006927803536,0.6718377,0.4192291,0.22949764
2659,0,0,0.014212781573491944,1.8370833e-05,0.0009319307,0.01681416
2660,0,0,0.035229142788868475,0.0032978363,0.15620841,0.04134998
2661,0,0,0.0055109029095016015,2.7639365e-07,1.03140255e-05,0.0065956647
2662,1,1,0.7396594770475854,0.99999356,0.99997973,0.7427526
2663,0,1,0.3816961788811154,0.9910541,0.91098225,0.3800522
2664,1,1,0.7753828580366569,0.99940336,0.99217224,0.7657156
2665,1,1,0.36515228156283686,0.99181914,0.97319824,0.38580123
2666,0,0,0.009427504579196987,1.1526001e-07,2.5059383e-06,0.009167514
2667,0,0,0.005250365882422733,1.748669e-08,4.1572352e-07,0.005444984
2668,0,1,0.4820234315588697,0.9995028,0.99869716,0.49977836
2669,0,1,0.0034533185066578423,2.0559325e-08,1.3958812e-09,0.003805132
2670,0,1,0.04992930170370024,0.0019425821,0.0010728023,0.05210954
2671,0,1,0.0059517986527193,5.559908e-07,2.2278307e-07,0.0071455254
2672,1,1,0.9387174473165075,1.0,0.99999976,0.940726
2673,1,1,0.9997603984983571,1.0,1.0,0.99971884
2674,0,1,0.007076610071971681,4.0431707e-09,1.9579633e-09,0.006837846
2675,0,1,0.09031672570523831,0.14819498,0.08068544,0.087548874
2676,0,1,0.004884631921023703,7.0060304e-07,1.4578515e-07,0.005868565
2677,0,1,0.27902718156357376,0.980167,0.9467368,0.28095067
2678,1,0,0.12429704876016938,0.5032256,0.98944014,0.12422352
2679,0,1,0.23360959797716924,0.31895286,0.13669044,0.22879788
2680,0,1,0.568978367036022,0.99992836,0.9998398,0.58272684
2681,0,0,0.0028139566036140978,1.5347197e-09,2.1936318e-08,0.0027106288
2682,1,1,0.2943570086114804,0.92761564,0.7142576,0.2933894
2683,0,1,0.4100364644843468,0.787755,0.3188876,0.40148568
2684,0,1,0.0388150906811367,0.00018896801,5.8129066e-05,0.039803833
2685,0,0,0.01288372026544694,7.866566e-07,1.6395348e-05,0.01422825
2686,1,1,0.9999999999999307,1.0,1.0,1.0
2687,0,0,0.005655486516350032,7.67151e-08,1.9519964e-06,0.0057392134
2688,0,1,0.5982785617405069,0.99888116,0.9944845,0.60081744
2689,0,0,0.43096494051557,0.9906059,0.99999475,0.4285557
2690,0,1,0.0027078763134504536,5.5856604e-09,4.4228283e-09,0.0031360982
2691,0,0,0.001709604542231635,2.8294803e-10,7.3071598e-09,0.0019394506
2692,0,0,0.0017592183459449477,2.6463276e-08,2.007825e-07,0.0030679787
2693,0,1,0.019965570469570138,2.237957e-06,9.267496e-07,0.018061237
2694,1,1,0.37370403711968864,0.9989961,0.9946625,0.37307617
2695,0,1,0.49714738802107983,0.9985195,0.99658453,0.48109543
2696,0,0,0.03974070451472421,0.00043672614,0.005426938,0.03977403
2697,1,1,0.6078370715246644,0.9998857,0.99980426,0.6140159
2698,0,0,0.00267566494343635,1.5670627e-16,6.820422e-16,0.0029027672
2699,0,1,0.05262818542616734,0.0007137331,0.0001619318,0.05442168
2700,0,1,0.007334175394539875,4.597227e-07,4.684994e-08,0.008987866
2701,0,1,0.2755253549587724,0.9913127,0.96413034,0.2742143
2702,1,0,0.9029332695673168,0.99999964,1.0,0.8978801
2703,0,1,0.07141956313593818,0.010267115,0.002671297,0.069979385
2704,0,0,0.05765421732711366,0.00062415167,0.012131045,0.052325975
2705,1,0,0.0710935633518622,0.0067648464,0.2266064,0.06966267
2706,1,1,0.3009486210852222,0.93572646,0.8540234,0.29792887
2707,1,1,0.5476016532651659,0.9984257,0.99700856,0.5320782
2708,0,1,0.030330441408113435,7.571954e-05,3.6982979e-06,0.029146189
2709,0,0,0.001778964802214756,2.6901167e-10,7.1148767e-09,0.0022292964
2710,0,1,0.02011886223705723,7.707362e-06,3.2871108e-07,0.019288937
2711,0,1,0.015936029663825183,3.8376023e-05,4.2885767e-06,0.019576568
2712,1,1,0.5867765230850328,0.9910388,0.9245848,0.57707214
2713,0,0,0.0037830791878620995,7.735481e-09,7.295716e-08,0.0033854044
2714,0,0,0.08122966285264573,0.0029240989,0.10535111,0.08183442
2715,1,1,0.40263791757479905,0.9769304,0.9059247,0.39334446
2716,1,1,0.21350115296706412,0.64555067,0.379504,0.21874207
2717,0,1,0.017114730898253296,7.466545e-05,1.8673512e-05,0.019350473
2718,0,0,0.0006359405026659565,9.642966e-13,1.5747521e-11,0.00074292516
2719,0,1,0.012713297128907855,9.898247e-07,3.7148232e-07,0.0126539655
2720,0,1,0.1007382198716228,0.011044657,0.0031304685,0.09773349
2721,0,1,0.07012604933241098,0.0012157914,0.00029787066,0.07309659
2722,0,0,0.02089076325101492,2.3372611e-05,0.00093423494,0.01943256
2723,0,1,0.008973581538909516,4.68958e-08,1.7587921e-10,0.00834728
2724,0,1,0.15670613222307103,0.3390724,0.091643706,0.16494027
2725,1,1,0.6590666311650483,0.9999789,0.9999491,0.64363426
2726,1,1,0.8426492719341852,0.99999976,0.9999987,0.84570295
2727,0,1,0.014702903503243296,7.4980653e-07,1.8732611e-07,0.015570785
2728,0,1,0.18573212500903666,0.101962894,0.018353853,0.18570557
2729,1,0,0.6669469483402599,0.9998779,1.0,0.66075915
2730,0,1,0.17039751864597308,0.035509594,0.012873803,0.17775598
2731,0,0,0.034333015651496886,0.00042333113,0.0077339467,0.034682475
2732,0,1,0.34326762029991514,0.885175,0.6701865,0.34496552
2733,0,1,0.6093690074145489,0.9998878,0.9997279,0.6069051
2734,0,0,0.0012227702455417646,1.9611007e-11,5.54276e-10,0.0015221374
2735,0,1,0.004564110523694775,2.252787e-07,1.8660659e-08,0.0050547794
2736,1,1,0.1287827326898657,0.2179851,0.086997844,0.12239759
2737,0,1,0.17623403851707004,0.4317435,0.02894285,0.18188855
2738,0,0,0.02103701507787801,8.182868e-05,0.0031956912,0.02191271
2739,0,1,0.17160738276118034,0.17901832,0.06037602,0.17927971
2740,0,1,0.25807872851973734,0.11742272,0.0010119216,0.2659362
2741,0,0,0.07960208635405165,0.00063147326,0.026031999,0.079587005
2742,0,1,0.03154898931694902,0.0001811581,2.7407685e-05,0.030215595
2743,0,1,0.004848282244183316,6.820238e-09,1.0078077e-09,0.005466666
2744,0,1,0.42036787118639,0.9986628,0.99881536,0.408876
2745,0,1,0.003466931816849694,1.1362458e-07,3.229603e-08,0.003966394
2746,0,1,0.004354235667812143,9.899516e-08,2.587862e-08,0.0051831882
2747,0,1,0.5034364436416298,0.998744,0.99505544,0.5054312
2748,0,1,0.0433086072841859,0.0005613899,0.00016756772,0.04293993
2749,0,1,0.012256333140000259,5.206987e-07,6.348961e-08,0.012219695
2750,0,1,0.44037459302560106,0.999642,0.99940467,0.45486522
2751,0,1,0.21760613543425458,0.3486529,0.09342905,0.21873213
2752,0,1,0.024679977746556447,4.528743e-05,6.6831426e-06,0.023949254
2753,0,1,0.6685380757035173,0.9999882,0.9999788,0.6633744
2754,0,1,0.024563286854127935,6.4469154e-06,7.679545e-07,0.023760112
2755,0,1,0.4027510266774913,0.9975122,0.99010605,0.41524005
2756,0,1,0.01746974576778977,1.5447165e-06,1.0821142e-07,0.020161703
2757,0,1,0.7962567487338287,0.99999905,0.9999976,0.8011231
2758,1,1,0.7954621070299076,0.9999989,0.9999968,0.79559594
2759,1,1,0.5636326430573781,0.9994134,0.99798214,0.5662809
2760,0,1,0.20792666926439354,0.2779164,0.057433177,0.20766632
2761,0,1,0.03616935856017199,5.6548062e-05,1.9819734e-05,0.03385288
2762,0,1,0.011487230724745848,1.5785939e-06,7.1076965e-07,0.01220693
2763,0,1,0.029892618543559953,0.00010657541,1.7970404e-05,0.031324603
2764,0,1,0.03574531781930302,3.3431494e-05,2.393337e-05,0.035858937
2765,1,1,0.8920096034259495,1.0,1.0,0.89534366
2766,0,1,0.4011869164658035,0.9930051,0.97283936,0.40000758
2767,0,1,0.06570382230010122,3.3862805e-05,1.29032e-05,0.06262181
2768,1,1,0.3037184803802284,0.951135,0.7779614,0.30230036
2769,0,1,0.43048763342989665,0.8948157,0.834298,0.4195247
2770,1,1,0.4265653478770565,0.99714464,0.9938047,0.42571822
2771,0,0,0.03255225552724842,0.00042562583,0.0053177737,0.033863172
2772,0,1,0.022926289172083395,0.00026955214,2.506999e-05,0.029497467
2773,1,1,0.2245051159118823,0.32824215,0.11325085,0.21992472
2774,1,1,0.1911609556394607,0.6281777,0.53972924,0.17373143
2775,0,1,0.07897491026355971,0.004444314,0.0008258924,0.08306093
2776,0,0,0.07236238828627961,0.04653644,0.99089324,0.07028278
2777,0,0,0.00269342249741561,4.8788996e-07,1.1594095e-08,0.0034500787
2778,0,1,0.3181218234211178,0.98184997,0.8983132,0.31854674
2779,1,1,0.9958934487556929,1.0,1.0,0.99545735
2780,0,1,0.11076504729389815,0.004960348,0.0006843216,0.109979905
2781,0,1,0.2374444851275565,0.5550456,0.18248759,0.23684338
2782,0,0,0.044306014774888575,0.0001965515,0.0041402234,0.044518363
2783,1,1,0.6493093499907722,0.9999645,0.9997996,0.6454346
2784,0,0,0.006002904077107154,3.015158e-09,1.03980184e-07,0.006152435
2785,0,1,0.5199395811418223,0.9935341,0.9650936,0.49973205
2786,0,0,0.00032293325950451376,2.8682386e-14,4.8518405e-13,0.0003954828
2787,0,1,0.0011325763985904173,5.2900484e-10,4.8112056e-11,0.0019453735
2788,0,0,0.0015700339227322916,1.7809785e-09,1.8756577e-08,0.0029890665
2789,0,1,0.005789759851433157,2.7915928e-07,1.4448216e-07,0.0069527975
2790,0,0,0.1522766999609714,0.6788093,0.9945339,0.15121856
2791,0,1,0.007935573338474906,1.2988201e-05,9.1036617e-07,0.013513887
2792,0,1,0.005263872494285713,1.28255655e-08,2.1274824e-09,0.005977213
2793,1,0,0.6642326548190276,0.97663534,0.9991567,0.6611584
2794,0,1,0.013328931226569491,1.6803764e-05,6.936727e-06,0.015277604
2795,0,1,0.1738711560297885,0.29052693,0.11340434,0.17108537
2796,1,1,0.551612543827815,0.99961674,0.99185014,0.5597933
2797,0,1,0.15133765110470035,0.06487588,0.010924404,0.14922594
2798,0,1,0.13916817876257667,0.027716963,0.014033615,0.14128631
2799,0,0,0.055698596905261216,0.007664884,0.14274712,0.0563954
2800,0,1,0.7502640520218298,0.9996066,0.9966053,0.7555891
2801,1,1,0.8705248079885337,0.9999256,0.99917585,0.8638114
2802,0,1,0.21443616642330654,0.71446794,0.24695694,0.21463954
2803,1,1,0.34625552023197886,0.968073,0.86383486,0.34673595
2804,0,0,0.05982880190175408,0.00031572452,0.020662878,0.059915096
2805,0,1,0.0019573949118607908,3.277166e-08,7.596737e-09,0.0043420317
2806,0,0,0.019672773648081045,6.3765237e-06,8.7182416e-05,0.019095533
2807,0,1,0.09154866100426691,0.0004432873,1.0127605e-05,0.09209066
2808,0,1,0.03857217019913661,0.0021548674,0.0010770366,0.043105986
2809,0,1,0.021104814348167588,9.528362e-05,3.0245708e-05,0.023962125
2810,0,0,0.012957401673928864,1.08125384e-07,1.7026204e-06,0.012422977
2811,1,1,0.589527920110246,0.99986994,0.9994743,0.5929282
2812,0,1,0.00502789844147565,2.794115e-07,1.3821531e-08,0.008343188
2813,0,0,0.010225166341931238,1.5725806e-07,7.649214e-06,0.011010378
2814,1,1,0.42908793895377095,0.9565178,0.6623411,0.41771853
2815,0,1,0.11317390007972176,0.00048247364,1.0101002e-05,0.11409876
2816,0,1,0.043180524427397365,0.00021967734,8.4757514e-05,0.040177364
2817,0,1,0.0027922300061765408,9.601549e-12,2.0187557e-13,0.00262186
2818,1,1,0.8838988329618226,0.99999106,0.99991786,0.87777907
2819,0,1,0.004978580070637847,4.885381e-07,5.6040545e-07,0.0057421145
2820,1,0,0.7996724347096252,0.9999362,0.9999999,0.79912925
2821,0,0,0.005349395047436702,7.3281092e-09,5.802579e-08,0.005311079
2822,0,1,0.06558765463481084,2.7990063e-05,5.7328924e-07,0.06621301
2823,0,1,0.08918721446340228,0.437964,0.25944823,0.10061251
2824,1,0,0.7903062118635622,0.99986875,0.9999999,0.79040694
2825,0,1,0.317938988016249,0.93691987,0.7646648,0.3145847
2826,1,1,0.7451514940524882,0.9999856,0.99997437,0.74200803
2827,0,1,0.27624058661532125,0.92342156,0.7194946,0.27392948
2828,1,1,0.8476238677945632,0.99999285,0.99985313,0.85108733
2829,0,1,0.010210411276096839,1.0664268e-06,1.8544286e-07,0.011533118
2830,0,0,0.06899419507943481,0.015580883,0.460581,0.06789384
2831,1,1,0.37910080758481507,0.9894727,0.93281215,0.38184503
2832,0,1,0.09306267346710792,0.08474371,0.0057609403,0.08903192
2833,1,1,0.6964978045327272,0.99996233,0.9997522,0.7005941
2834,0,0,0.00585280246323205,1.4565576e-07,1.1991852e-05,0.007677361
2835,0,0,0.01156337444613287,0.00021143087,0.007373751,0.0133287655
2836,0,0,0.011685821715272675,5.8712965e-07,1.5441949e-05,0.012398986
2837,1,1,0.2680949869259274,0.80946726,0.4460362,0.26712132
2838,1,0,0.5832825929752441,0.99988806,1.0,0.5744529
2839,1,1,0.7714983042034184,0.9994677,0.9846891,0.7574575
2840,1,1,0.9677281296998167,1.0,1.0,0.9662209
2841,0,1,0.0013466675466001937,1.41566e-10,1.0379675e-10,0.0015605816
2842,0,0,0.006582010355724881,5.097544e-06,0.00010137905,0.007898621
2843,0,1,0.018751467016030518,0.00018209849,8.4512496e-05,0.021551713
2844,0,0,0.005364878855888979,1.4658582e-06,4.7530564e-05,0.0069726217
2845,0,1,0.01995416345076046,0.0005425691,0.00013255012,0.02290913
2846,0,1,0.001740480036401455,2.0055986e-10,1.2396383e-10,0.002019971
2847,0,0,0.031009574504367553,3.353438e-06,0.00010193266,0.030049156
2848,0,1,0.001476824396344187,2.4013214e-10,4.2660462e-11,0.0016671569
2849,0,0,0.1567178036977216,0.2543543,0.8109071,0.1659472
2850,0,1,0.36224649765699957,0.58247375,0.05019807,0.34818625
2851,0,0,0.026258310886782297,2.0977795e-05,9.721985e-06,0.033607606
2852,0,0,0.006446441310318086,2.988638e-08,5.8626125e-07,0.0069639403
2853,1,1,0.4045690665409238,0.9934942,0.9779278,0.4054659
2854,1,0,0.741395926413275,0.9999937,1.0,0.73800856
2855,0,1,0.62064342082074,0.9999025,0.99977195,0.6256816
2856,0,0,0.2901173229078993,0.9998785,0.99999857,0.3001314
2857,0,1,0.0006973586097165006,4.961294e-13,2.1208374e-13,0.0007928515
2858,0,0,0.08009482912143133,0.00898511,0.19735087,0.08032953
2859,0,1,0.4716985010011544,0.9903894,0.96554434,0.47657132
2860,0,1,0.06931355815305412,0.004557444,0.0011969524,0.07050684
2861,1,1,0.7381758544383331,0.99999607,0.9999901,0.7333296
2862,1,1,0.5233308910983864,0.9999753,0.999912,0.60510117
2863,0,0,0.006687128124597113,9.879424e-07,4.4074764e-05,0.007933478
2864,0,0,0.030912793607897882,0.0004973574,0.0100287795,0.037251648
2865,0,1,0.08903248546643681,0.012992001,0.0037285574,0.08475227
2866,1,1,0.9316393687743196,0.999776,0.9736921,0.9255815
2867,0,1,0.0022606092085102765,3.9115986e-09,4.7171906e-09,0.0025023238
2868,0,0,0.02383484874567835,5.5476703e-05,0.0012113077,0.02000742
2869,0,1,0.007256104959725953,8.4569064e-07,1.6690392e-07,0.008253199
2870,0,0,0.33552870722879685,0.9994874,0.99999523,0.3420037
2871,1,1,0.4151813850616234,0.81264585,0.21619353,0.41510254
2872,0,1,0.28166094721945406,0.89134514,0.4358933,0.28074133
2873,0,0,0.001963795488378844,1.6480723e-09,4.3988365e-08,0.002333125
2874,0,0,0.014110854270032992,2.7048839e-06,8.38655e-05,0.013744285
2875,1,0,0.9948112611196531,1.0,1.0,0.9940368
2876,1,1,0.8545582151456975,0.9999676,0.9997465,0.8478302
2877,0,1,0.14074156755162176,0.122554466,0.007574158,0.13731255
2878,0,0,0.0112635349268158,5.2161413e-05,0.00030717705,0.020069145
2879,1,0,0.12273668175127266,0.106865,0.8007292,0.123227865
2880,1,1,0.8506307984383852,0.99999976,0.9999994,0.85321754
2881,0,1,0.3611273405889399,0.7092331,0.43951997,0.35570747
2882,0,1,0.649595284689654,0.9888038,0.9660786,0.64282537
2883,0,0,0.0065757778209609916,1.2099096e-06,2.1235375e-05,0.008013612
2884,1,1,0.994975552127892,1.0,1.0,0.9943807
2885,1,1,0.9865743072123687,1.0,1.0,0.98503286
2886,1,0,0.739736994482497,0.9999907,1.0,0.7330121
2887,1,1,0.9999999999999944,1.0,1.0,1.0
2888,1,1,0.8092539815771896,0.999992,0.99996936,0.8110288
2889,1,1,0.5450259415960007,0.9990952,0.9967785,0.5479565
2890,0,1,0.0026267519432406463,1.6262888e-09,1.00481685e-10,0.0028793088
2891,0,1,0.039659398064646925,0.0007394302,0.00011215203,0.03866024
2892,0,1,0.05579084285057962,0.0053793807,0.00309128,0.05116231
2893,0,0,0.06869081485591164,0.0016439288,0.027740411,0.07512034
2894,0,1,0.5832802387459513,0.99995744,0.99992836,0.59056705
2895,0,1,0.22551820328357333,0.8045656,0.5043626,0.23494606
2896,1,1,0.6369214606744754,0.99990034,0.9997817,0.6424116
2897,1,0,0.979711951975729,1.0,1.0,0.9778048
2898,0,1,0.05578108589107402,0.00020275253,2.9779361e-05,0.05503749
2899,0,1,0.254749869583148,0.74041426,0.69014686,0.2373162
2900,0,0,0.4092582087081769,0.9996776,0.9999999,0.40921006
2901,0,0,0.014171345845005538,1.825093e-08,2.0438435e-08,0.014441784
2902,1,1,0.7630136110900951,0.9999968,0.99999034,0.76496273
2903,0,0,0.0046308079695889775,9.994335e-06,0.0003690828,0.005347276
2904,0,1,0.13750490113167582,0.11700927,0.025843687,0.13714589
2905,0,1,0.11991385361241667,0.07156027,0.046450343,0.11636375
2906,0,1,0.22849402739843505,0.5539455,0.3365274,0.22540933
2907,0,1,0.15023482034199828,0.068137914,0.0023864466,0.15293595
2908,0,1,0.11943514069981712,0.5036648,0.29243112,0.118269235
2909,1,0,0.37255538748532846,0.98773146,0.9999939,0.3825217
2910,0,0,0.0014350334471391704,5.252206e-10,8.499085e-09,0.0017870951
2911,0,0,0.006210413443592912,2.1455032e-08,6.205602e-08,0.0063715563
2912,0,1,0.009181154245074987,1.3321574e-05,4.493386e-06,0.010552066
2913,0,0,0.0009353220482383084,3.5892e-11,1.9675022e-09,0.0011323884
2914,0,1,0.008863882191621725,2.2143835e-10,2.8542925e-12,0.008509967
2915,1,0,0.04169467998289475,0.0006305826,0.00819236,0.042603612
2916,0,1,0.0035358370825714983,1.9490075e-07,2.6475545e-08,0.0037259208
2917,0,1,0.16613143576012576,0.21054469,0.09366752,0.16797113
2918,1,1,0.9981213619772811,1.0,1.0,0.99789244
2919,0,0,0.05656770440804401,0.0025053534,0.0964085,0.0535531
2920,0,1,0.10134835403268962,0.013818336,0.004124756,0.10676988
2921,0,1,0.2873288426644438,0.8876868,0.8319618,0.27540943
2922,0,0,0.0016979851078306833,1.5452293e-09,1.0477649e-08,0.0019564275
2923,0,0,0.8067449793498068,0.9999999,1.0,0.8093213
2924,0,1,0.26334811965190136,0.48807135,0.011946365,0.27001697
2925,1,0,0.8446343829047378,0.99999857,1.0,0.8384239
2926,0,1,0.3852918818873245,0.99532944,0.973958,0.38651457
2927,1,1,0.09969751075349312,0.063013814,0.024356503,0.094943926
2928,0,1,0.2801781441061961,0.84493995,0.719992,0.26438576
2929,0,1,0.002474181611879076,3.1836576e-09,2.1045007e-10,0.0027144845
2930,0,1,0.11697887225327207,0.01993617,0.014916857,0.120389566
2931,0,0,0.0036069377846218126,4.5892086e-09,5.1803045e-07,0.0034147338
2932,1,1,0.41199136904307304,0.998182,0.994507,0.4115335
2933,0,1,0.011907411678806752,1.993858e-05,9.2682185e-06,0.014538361
2934,0,1,0.0030653779995385854,2.821039e-08,5.034977e-08,0.0033931488
2935,0,1,0.006498512780113346,1.0677715e-05,4.654298e-06,0.010611807
2936,0,1,0.09011567817161063,0.0018733328,0.00022368577,0.091673926
2937,0,0,0.0906027599102181,0.010719769,0.4001612,0.09276374
2938,0,0,0.03969800316996237,1.0889683e-05,0.00032805436,0.03800589
2939,0,1,0.3526529423765035,0.94590694,0.81332886,0.3426178
2940,0,1,0.09238486712964519,0.00014087502,2.0922635e-06,0.09335568
2941,0,0,0.016186744882937934,4.7901045e-05,0.004931473,0.017049009
2942,1,1,0.6293556727006008,0.9999691,0.9999459,0.64885944
2943,0,1,0.06613871389405215,0.0010856062,0.00013300628,0.06499347
2944,0,0,0.1470164047066762,0.36365363,0.97889847,0.15096451
2945,0,1,0.022123006104246508,2.4494142e-05,1.4172577e-05,0.022128684
2946,0,1,0.003470704455234616,7.3538615e-08,1.5234018e-08,0.004132953
2947,0,1,0.3510399534798806,0.9868954,0.9444211,0.34900987
2948,0,0,0.0003478192723800166,3.6452455e-13,4.2572577e-12,0.00041997945
2949,1,1,0.4278349642804438,0.99456865,0.97463053,0.42804235
2950,0,0,0.03544045935141707,2.0057585e-05,0.0014265316,0.030677907
2951,0,0,0.027742907790829198,6.962713e-05,0.0020150766,0.030203313
2952,1,1,0.14761537958245086,0.4097218,0.17262362,0.14606367
2953,1,1,0.8560091635004826,0.9999546,0.9996482,0.8588799
2954,0,1,0.12756532668437892,0.036583606,0.009983806,0.13327843
2955,0,0,0.03313789354007686,0.0009087468,0.014863776,0.03334072
2956,0,0,0.0011983162691412354,1.1285721e-10,9.593581e-09,0.0014446437
2957,0,0,0.0009574554621188095,2.4506208e-11,5.1241134e-10,0.0010810152
2958,0,0,0.5345989267863503,0.99667525,0.9999956,0.5250498
2959,0,1,0.26866707545173435,0.65762573,0.37151694,0.27157667
2960,0,0,0.0059630522691712685,4.2215406e-06,1.1988638e-05,0.010756665
2961,0,0,0.06945531465111884,0.008694686,0.18448749,0.06813352
2962,1,0,0.7867298624284835,0.9999993,1.0,0.7839831
2963,0,0,0.3082765953795916,0.9091295,0.9999486,0.3064201
2964,0,0,0.15484328198770028,0.12776297,0.7615867,0.15775773
2965,0,0,0.02946357673466853,1.3114195e-05,0.00012267985,0.030358259
2966,0,0,0.12462030464107993,0.17332815,0.8956388,0.12406087
2967,0,1,0.11751522655815194,0.038880978,0.008978247,0.14594553
2968,1,1,0.39845855172894423,0.9760109,0.927769,0.3922007
2969,0,1,0.07329150650035608,0.0043464922,0.0014547491,0.068812095
2970,0,1,0.05744382807541376,0.001328396,0.00016347873,0.056587934
2971,0,1,0.2651128066060249,0.37867734,0.09459221,0.26269183
2972,1,0,0.18166201790533854,0.3492246,0.94699407,0.18587892
2973,1,1,0.7629979496497958,0.9999975,0.9999964,0.76405466
2974,1,1,0.1145879988150685,0.025377655,0.008526511,0.115750395
2975,0,0,0.17733063827774107,0.18340209,0.9981334,0.18416418
2976,0,1,0.698467123525563,0.9999089,0.99990237,0.70175356
2977,0,0,0.5875693523623979,0.98496395,0.999995,0.58587724
2978,0,1,0.05346365060375013,0.0053533367,0.0008442183,0.05453824
2979,1,1,0.9050606495387277,0.9999988,0.99999547,0.9023901
2980,0,1,0.06325961331563498,0.0008156547,0.00048836984,0.05624809
2981,0,1,0.04036789479749491,6.9647335e-06,4.7891024e-08,0.04055517
2982,0,1,0.016193161840762468,6.7596375e-07,8.5203354e-08,0.015486061
2983,0,1,0.010593872435944722,1.6841594e-05,1.08440845e-05,0.012256766
2984,0,1,0.1778828809371493,0.078317285,0.043303907,0.16407895
2985,0,0,0.1099046201007531,0.031442136,0.59673977,0.11465611
2986,1,1,0.6175656168194883,0.99998355,0.99998426,0.6212604
2987,0,0,0.04541269998027407,0.0026847187,0.030063692,0.047156584
2988,0,1,0.006780057287786877,2.5929694e-06,3.531691e-07,0.011842691
2989,0,1,0.199437172519309,0.99052715,0.98464173,0.19724654
2990,1,1,0.9908502584490118,1.0,1.0,0.9897984
2991,0,0,0.0027887498220784206,7.827085e-08,7.984192e-07,0.0046804207
2992,0,0,0.09215784607803815,0.056136463,0.5197066,0.0950303
2993,0,1,0.3112786572862836,0.8559107,0.46095577,0.32082993
2994,0,1,0.03453220219854355,0.00018211169,0.00014375962,0.034508795
2995,0,1,0.45835147927611597,0.99917847,0.9967409,0.45755348
2996,1,1,0.6444924310685873,0.9996912,0.99912566,0.64183336
2997,0,0,0.015462320212123386,3.3125111e-06,2.5671323e-05,0.016339116
2998,0,0,0.0033413535824836607,3.4379648e-09,1.4857503e-07,0.0038176188
2999,0,1,0.031734342237504674,5.1331663e-05,3.193258e-06,0.03024512
3000,0,1,0.007129368137822479,1.4066559e-07,2.8396748e-08,0.0080628535
3001,0,1,0.17352948097795812,0.21346907,0.070027,0.18125057
3002,0,0,0.006929117644923654,8.362329e-08,7.01117e-07,0.0067064767
3003,0,1,0.3523295894904408,0.99176544,0.89114857,0.34918168
3004,0,1,0.034085249782091695,0.00035205024,7.843654e-05,0.035112143
3005,0,0,0.007595951778430657,6.7215254e-08,1.1909189e-06,0.007596542
3006,0,1,0.8512280229966743,0.9999999,0.99999976,0.85190034
3007,0,1,0.5957707332477219,0.9995418,0.9989179,0.57587314
3008,1,1,0.8887812298247348,0.99978626,0.99824023,0.8634255
3009,0,1,0.7911292780165469,0.9999975,0.99999535,0.7903346
3010,0,1,0.6450873648635467,0.9999926,0.999987,0.6495037
3011,0,1,0.011538093225499684,5.3813624e-06,1.8941295e-06,0.013195281
3012,0,0,0.005756463071956596,4.984628e-09,2.3047308e-07,0.0059132385
3013,1,0,0.2424708231587891,0.81909347,0.99984527,0.23290403
3014,0,0,0.10677431397771231,9.125817e-06,1.93446e-05,0.10306568
3015,1,1,0.2192182617372708,0.6439071,0.39814845,0.22012034
3016,1,1,0.22427041765792613,0.96761763,0.73075765,0.22368237
3017,0,1,0.5830893245603422,0.999961,0.9999418,0.59661937
3018,0,1,0.5889665403049277,0.99997437,0.9999486,0.5961742
3019,0,1,0.2511427130524387,0.7715172,0.38623017,0.2518984
3020,0,1,0.3006102431024722,0.8987348,0.7217708,0.30106065
3021,1,0,0.38408809983526787,0.99834275,0.9999987,0.38328537
3022,1,1,0.1715738973960914,0.20701122,0.07153458,0.17972198
3023,1,0,0.7725918776748467,0.99999344,1.0,0.7736361
3024,0,0,0.005362805778747681,1.0423451e-08,6.3632837e-07,0.0054320055
3025,0,1,0.020479436629462083,1.5802305e-05,1.511121e-05,0.019820368
3026,0,0,0.031176046142293825,3.7180962e-05,0.0017917244,0.031285707
3027,0,1,0.0007623166863265865,1.1278716e-12,4.9474026e-13,0.00086801895
3028,0,0,0.002571115886415187,4.8368566e-08,5.924488e-06,0.0030997721
3029,1,1,0.35141045866247184,0.9859594,0.96145463,0.34419873
3030,1,1,0.6373569268004571,0.9936759,0.9906789,0.63635516
3031,0,1,0.8689924482819341,0.9999893,0.9999757,0.86420846
3032,0,1,0.020208305946161315,2.9644725e-06,5.9262175e-07,0.01880503
3033,0,1,0.02707740531580625,0.0007327899,0.00014876953,0.031833623
3034,0,1,0.29229722963005095,0.92436606,0.68971,0.29102305
3035,1,1,0.27502556821167234,0.8151994,0.473437,0.274745
3036,0,0,0.059256801214522224,0.0018484929,0.02976605,0.06172393
3037,1,0,0.5505776094337911,0.9994541,0.99999976,0.54847324
3038,0,1,0.021755550959520926,1.3619504e-08,1.2160256e-10,0.021761408
3039,0,0,0.01017634174354085,2.8562749e-08,4.4139017e-07,0.010201503
3040,0,0,0.019128393040855805,5.69166e-05,0.001087203,0.019166177
3041,1,1,0.6742538790160993,0.9999857,0.9999254,0.6707999
3042,0,0,0.006247586743716626,0.00048051498,2.1910968e-05,0.008087239
3043,0,0,0.03978067433144431,5.5025535e-05,0.001448018,0.03885162
3044,1,1,0.3455845530185986,0.9975349,0.98624724,0.34525803
3045,0,1,0.4158941482214781,0.9975563,0.9929583,0.41517323
3046,0,0,0.006564013356820912,3.5073532e-07,8.7336675e-06,0.007915124
3047,1,1,0.7256029549995934,0.99998546,0.99996436,0.7233339
3048,1,1,0.6974588357452484,0.9999032,0.99775094,0.6962247
3049,0,1,0.18128308578904537,0.20116287,0.09105428,0.17478691
3050,0,1,0.18620343399961117,0.850132,0.6542221,0.24074602
3051,0,1,0.3229736521301595,0.9413821,0.74400765,0.3226609
3052,0,1,0.007072195017251388,3.11789e-07,1.1502831e-07,0.007857294
3053,0,1,0.014935908446647089,1.1581623e-05,1.097867e-06,0.013584265
3054,0,1,0.430941477586928,0.9892603,0.95415044,0.42830953
3055,0,0,0.589056351291345,0.99777335,0.9999988,0.5789955
3056,0,1,0.0016286799639724755,2.7004317e-12,3.7548063e-14,0.0018646385
3057,0,0,0.2832217230380653,0.88696146,0.9998987,0.27419254
3058,1,1,0.7782994973996512,0.9999993,0.9999989,0.77685446
3059,1,1,0.42471383703004545,0.99303573,0.97926265,0.42971116
3060,0,0,0.010626144424754883,1.5991963e-08,2.780802e-07,0.010645206
3061,0,1,0.40269027708749267,0.9974698,0.9937538,0.40502262
3062,0,1,0.27319056831009964,0.9465109,0.82858413,0.27510107
3063,0,1,0.31958746154049184,0.33572325,0.06636594,0.3206921
3064,1,1,0.7521311627145142,0.9999219,0.99855906,0.7593611
3065,0,1,0.04536454235711359,1.6418631e-05,5.6325503e-06,0.04170902
3066,0,1,0.04999522251966707,0.00017251677,2.0363708e-05,0.049604844
3067,1,1,0.42500681442412835,0.9835871,0.9364679,0.42834827
3068,0,0,0.004608244728043338,4.351336e-09,1.7488912e-07,0.004698232
3069,0,0,0.008495091384355325,2.6152275e-08,1.548129e-07,0.008977526
3070,1,1,0.9999999999999343,1.0,1.0,1.0
3071,0,0,0.22843239721367814,0.7325474,0.99974006,0.22806083
3072,1,1,0.37158588374963136,0.98898196,0.95536846,0.3726249
3073,0,1,0.021163858780499787,7.982344e-08,8.3835777e-10,0.021086257
3074,0,1,0.041111985918514636,2.314709e-05,2.112236e-06,0.040243145
3075,0,1,0.11048403329730383,0.022182971,0.0062006544,0.10796901
3076,0,1,0.017874786019694153,4.1271132e-06,6.7064e-07,0.016637307
3077,0,1,0.2133870167598739,0.39120626,0.025891569,0.22107306
3078,1,1,0.1323344673482974,0.021370137,0.0029963437,0.13338263
3079,1,1,0.2382192237950388,0.37804362,0.06967172,0.24437867
3080,1,1,0.7464549094857832,0.99999535,0.9999758,0.7511564
3081,0,0,0.5622942979729795,0.9998721,0.9999999,0.5591573
3082,0,1,0.13029301084045877,0.2079197,0.06910086,0.12951027
3083,0,1,0.0013765477313640883,6.7093726e-11,3.661045e-11,0.001582856
3084,0,1,0.02411995897595661,7.4756276e-06,2.297802e-07,0.02338941
3085,0,1,0.03908917830978439,0.00041552563,9.299887e-05,0.044537984
3086,0,1,0.09170306968955011,0.0031156943,0.0024148514,0.08764792
3087,0,1,0.016227306731882368,7.676997e-07,1.867044e-07,0.015040412
3088,0,1,0.7257802796230859,0.999998,0.9999958,0.7297059
3089,0,0,0.026509988100957872,6.235622e-05,0.00083428377,0.025857387
3090,0,0,0.0025747656925869528,8.660249e-10,1.48053605e-08,0.0030578226
3091,0,0,0.2780743105560221,0.60575783,0.999619,0.27786502
3092,0,1,0.018133915435844694,5.191985e-06,1.5009147e-06,0.017599706
3093,0,1,0.4495476786296214,0.2167737,0.028976623,0.43768018
3094,0,1,0.7499739127225509,0.99998915,0.99997056,0.7414655
3095,0,0,0.07670580527714034,0.0027303384,0.17752273,0.0769664
3096,0,0,0.0018082645413491237,5.676281e-10,6.8497236e-10,0.0032050188
3097,0,1,0.15947912682737445,0.3102488,0.065905824,0.1657368
3098,0,0,0.010095413292109816,1.2033769e-06,2.2257791e-05,0.0098887505
3099,0,1,0.3322612774966981,0.960538,0.80899364,0.33185154
3100,0,1,0.06631668476313483,0.0037864645,4.318808e-05,0.06590283
3101,1,1,0.2425488686502414,0.76305467,0.31310213,0.24361081
3102,0,1,0.6566719651208063,0.99997425,0.99980617,0.661728
3103,0,1,0.001609088258928965,9.984188e-11,4.563888e-12,0.0017547832
3104,0,0,0.006276127542198467,6.5218333e-06,5.7210607e-05,0.011484447
3105,0,1,0.03712375348510513,8.4978536e-05,2.8606273e-05,0.03463441
3106,0,1,0.319675631872867,0.8454803,0.5673341,0.33330727
3107,0,0,0.02985108884674549,0.00048554927,0.0054921308,0.030777713
3108,0,0,0.0005131839103624249,2.2000894e-11,2.5369984e-13,0.00067108753
3109,0,1,0.37988059042356864,0.99752504,0.9959313,0.3792775
3110,0,0,0.0017643900743506838,7.152345e-10,8.021871e-09,0.0020875798
3111,0,0,0.10402624405123159,0.028724043,0.12361876,0.103103325
3112,0,1,0.007919286666444002,5.346957e-07,1.8497286e-07,0.0074576074
3113,1,1,0.7015515794326365,0.99998605,0.99994147,0.706775
3114,0,1,0.1309164740421573,0.097337395,0.0067509525,0.12664607
3115,0,0,0.34937455762785125,0.8479697,0.9999167,0.34147674
3116,0,1,0.018976198934346204,7.242529e-07,9.878994e-08,0.01824635
3117,0,1,0.04190933666958088,0.0001731118,2.8699313e-05,0.04020626
3118,0,1,0.2882380938534465,0.986001,0.94351774,0.29703093
3119,0,0,0.02248220302333935,6.7586894e-05,0.0011806104,0.021980204
3120,0,0,0.04272346425446784,4.466152e-05,0.0010888993,0.04182381
3121,0,1,0.11254985861175028,0.004537019,0.0010771845,0.10563131
3122,0,0,0.0025090004818316696,5.624149e-08,1.2844841e-06,0.0028650397
3123,0,0,0.0029917212264897047,1.0924042e-07,3.0594862e-07,0.005888416
3124,1,1,0.3469827537771105,0.97890395,0.92662174,0.344996
3125,0,0,0.011221710242966587,1.1779189e-06,1.3869449e-05,0.011242674
3126,0,1,0.1713738527087631,0.14462131,0.053872608,0.1790366
3127,0,1,0.06349436555112255,0.0032944195,0.00041789105,0.06572279
3128,1,1,0.31685810868548725,0.9937655,0.98740524,0.33021098
3129,1,1,0.9968217839684511,1.0,1.0,0.9963886
3130,0,0,0.016708680988327403,1.8875417e-05,0.0002989823,0.017152382
3131,1,1,0.6462965409663831,0.9995534,0.995401,0.6367214
3132,0,1,0.03911350341178911,0.00014506503,1.6215903e-05,0.038441606
3133,1,0,0.11898054252473998,0.035990443,0.994952,0.12030791
3134,0,0,0.10468370967073737,0.18952444,0.90183216,0.10525025
3135,0,1,0.15662410551877815,0.030573951,0.0008464503,0.16156894
3136,1,1,0.9683082248236508,1.0,1.0,0.96916324
3137,0,1,0.010716469528192111,1.3379506e-06,1.775775e-07,0.010874401
3138,0,0,0.022700607095156915,2.7161304e-05,0.000309111,0.023032758
3139,0,1,0.0015975460257608388,1.7891138e-11,6.3426295e-12,0.0017947612
3140,1,0,0.07476168502694809,0.016900899,0.4715285,0.074209616
3141,0,0,0.012207261415840975,2.3575128e-06,1.1103201e-05,0.012436346
3142,1,1,0.4650516990216937,0.9974195,0.99196213,0.46689555
3143,0,1,0.5631103896987124,0.9997602,0.9974726,0.5860217
3144,1,1,0.6621754084998258,0.99995196,0.99983907,0.6652302
3145,0,1,0.12189475650344138,0.08247025,0.004892639,0.118388705
3146,1,0,0.554851107874519,0.99889946,0.99999976,0.5523141
3147,0,0,0.07366534666616668,0.003531012,0.09684497,0.07394368
3148,0,1,0.22570357993353052,0.93600917,0.8812501,0.22767513
3149,1,1,0.49469243192918555,0.9713457,0.9451737,0.48398075
3150,0,1,0.01783677857088,9.085031e-06,1.064286e-06,0.020335877
3151,0,0,0.0007175331602105731,1.0413382e-11,1.505365e-10,0.0008846421
3152,0,1,0.0200652132258328,3.2620078e-06,1.1311959e-06,0.020246284
3153,0,0,0.2458548873864478,0.5937533,0.9994386,0.24321559
3154,0,0,0.007665728299287385,8.917321e-08,5.941281e-06,0.007821682
3155,0,1,0.017382578256161445,4.5059073e-06,1.8166263e-07,0.016456572
3156,0,1,0.21195297794995868,0.8740524,0.58523375,0.21000576
3157,0,1,0.2446025232873256,0.72997767,0.32708162,0.24541165
3158,0,1,0.023701849877312185,0.0006778625,0.00012841861,0.027752379
3159,0,1,0.1628540891431929,0.88124204,0.8002005,0.15959404
3160,0,1,0.25711749344644846,0.86980796,0.7098694,0.24918042
3161,1,1,0.9539255239053436,1.0,1.0,0.9556349
3162,0,1,0.005778258988141701,3.5883554e-09,1.2477915e-10,0.0052801394
3163,0,0,0.001906507734814543,1.4960545e-09,1.7557237e-08,0.002261184
3164,0,0,0.11807256746411271,0.42796758,0.97420406,0.11975514
3165,0,1,0.18302021786456824,0.07149765,0.01721794,0.17947422
3166,0,1,0.2588821932896238,0.5514732,0.15796985,0.26579583
3167,0,1,0.0013315260207895788,6.202043e-11,2.9480277e-12,0.0014517771
3168,1,1,0.8969836214842907,0.9999981,0.9999924,0.8915705
3169,0,0,0.024975073937060898,9.735141e-06,0.0001979925,0.025001965
3170,0,1,0.3552383993845818,0.99364114,0.9770982,0.35685188
3171,0,1,0.2229564105786882,0.35634407,0.14588983,0.14006269
3172,1,1,0.4259929052313951,0.9888954,0.96825,0.41932195
3173,0,0,0.07452657698362683,0.0017612182,0.08133907,0.07529378
3174,1,1,0.8907962541069322,1.0,0.99999964,0.89565927
3175,1,1,0.6691645661567559,0.9999484,0.9998785,0.66713524
3176,0,1,0.4142806885596347,0.9989166,0.99462634,0.42430773
3177,0,1,0.041728588103410395,5.7271853e-05,2.0436859e-05,0.037170447
3178,0,1,0.3070600556913495,0.92973965,0.84493744,0.3028921
3179,1,1,0.9947538920223168,1.0,1.0,0.9942103
3180,0,0,0.016172249353009392,7.4758914e-06,0.00011122962,0.015756968
3181,1,0,0.7179362929932022,1.0,1.0,0.7145564
3182,0,0,0.023147660322973922,1.783323e-05,0.00015479361,0.023776423
3183,0,1,0.0087502366211172,9.673936e-07,3.0367772e-07,0.009758933
3184,1,1,0.17003606421477432,0.3805289,0.24008027,0.16048923
3185,0,1,0.11875181755567228,0.100751065,0.02111518,0.11607427
3186,0,0,0.01519954747321125,1.5086871e-06,6.2645595e-05,0.015194164
3187,1,1,0.6973546998297947,0.99969846,0.9981969,0.69257665
3188,0,0,0.006654003078841573,5.7124954e-09,2.5137888e-07,0.006839692
3189,0,0,0.19200366200460361,0.47757143,0.9801159,0.18667717
3190,1,1,0.210375479161846,0.7466207,0.54782605,0.21851239
3191,0,0,0.13034273155042933,0.40779763,0.97506356,0.1311421
3192,0,1,0.0506599183728274,1.0904648e-05,3.2113066e-06,0.045187972
3193,0,1,0.2154144485193336,0.5408025,0.27550855,0.22651002
3194,0,1,0.009599942908815282,1.7437766e-07,1.5147386e-08,0.008661242
3195,0,1,0.07260680549897736,0.0062558353,0.0011556702,0.07163837
3196,0,0,0.03322840945250092,0.00088982814,0.011810877,0.034218293
3197,0,0,0.003853422516938033,7.274511e-08,1.8724232e-06,0.0045802468
3198,0,0,0.019806173573421723,2.8244312e-06,1.346098e-05,0.020990066
3199,0,1,0.11428505094543896,0.05549655,0.0035710437,0.111681245
3200,0,0,0.0049794350981353765,2.5099924e-09,5.994633e-08,0.0052154525
3201,0,0,0.036194504325175084,0.0023448584,0.03433465,0.037527703
3202,0,1,0.06520208960266818,0.0002747162,6.0318844e-06,0.06729392
3203,0,1,0.23125710964681187,0.3775389,0.076321885,0.23789549
3204,0,1,0.002052740989009017,5.3000265e-10,3.1510816e-10,0.0023594834
3205,0,0,0.006621268955677693,8.779244e-07,5.9097824e-06,0.008444868
3206,1,1,0.9195814886224536,1.0,0.9999999,0.92113066
3207,0,1,0.10384786321017365,0.031630114,0.018438967,0.09406004
3208,1,0,0.6194220839082668,0.99912554,0.9999994,0.61922187
3209,0,1,0.13418258455938492,0.15330507,0.055156283,0.1354773
3210,1,1,0.9175501076737883,1.0,0.9999994,0.92110276
3211,0,0,0.007163175504652207,1.1909505e-06,4.3640175e-05,0.008329538
3212,0,0,0.013813941053979845,1.1676433e-05,0.0010511717,0.013810748
3213,0,1,0.03589887377005051,0.0012081309,0.00020566492,0.03648793
3214,0,0,0.03945796337515955,0.0017715194,0.027074847,0.039864995
3215,1,1,0.27950568181478924,0.7677798,0.33055034,0.27350312
3216,0,1,0.29590059567137594,0.5613789,0.2813784,0.29249257
3217,0,0,0.017142579668069226,3.5899863e-08,5.507672e-07,0.01710494
3218,0,1,0.007778936116140808,9.599091e-07,1.4148117e-07,0.009228599
3219,1,1,0.894995235979393,1.0,1.0,0.8916574
3220,0,0,0.027039842325448617,0.00019720796,0.0023234542,0.027909277
3221,0,1,0.0006170274081668235,3.6528406e-12,2.5079355e-12,0.0007029326
3222,1,1,0.26198066253803265,0.8332086,0.4922758,0.26264527
3223,0,1,0.3540691882178371,0.9284828,0.6033412,0.35600156
3224,0,0,0.015849222376947025,0.00012319775,0.011777566,0.01796018
3225,0,0,0.033373391270166905,0.00011098127,0.0026885057,0.03256875
3226,1,0,0.862136827136663,0.9999982,1.0,0.8538563
3227,0,0,0.0820424131755773,0.01245797,0.26714322,0.08256746
3228,0,1,0.018552179145236488,1.5152727e-05,7.0374685e-06,0.019812329
3229,0,1,0.7777991661019173,0.9999796,0.99997973,0.78630567
3230,0,0,0.0282273451682415,2.3619125e-06,3.538897e-05,0.027828485
3231,0,1,0.13197771428141122,0.0058204234,0.00014203216,0.13603331
3232,0,1,0.0037622966125811764,3.5537912e-06,2.6575043e-07,0.0055491254
3233,1,1,0.8373715682318165,0.9999987,0.99999785,0.8276211
3234,0,0,0.24815640651367618,0.4174045,0.9997296,0.25104326
3235,0,1,0.20008035045473657,0.7355156,0.57190317,0.19377851
3236,0,1,0.2361866333346003,0.4790297,0.22769989,0.23275587
3237,0,1,0.6291130726672993,0.9998183,0.9981359,0.6345521
3238,0,0,0.04056668679330085,6.250464e-05,0.0015967406,0.040399205
3239,0,1,0.01422721591148169,3.9588526e-06,3.2568046e-06,0.013843636
3240,0,0,0.0009940433773256642,1.1986961e-11,7.047007e-10,0.0011984879
3241,0,1,0.546673179868981,0.9998584,0.99978304,0.5455854
3242,0,0,0.002871495394096531,2.6310316e-09,6.3034584e-08,0.0033371765
3243,0,1,0.20198678893283337,0.7181233,0.741488,0.20338003
3244,0,1,0.011097921497531547,3.7254205e-07,2.8096315e-07,0.010738728
3245,0,0,0.020467273477949254,0.0010489589,0.012106681,0.035152707
3246,0,1,0.25980304739739246,0.76267725,0.45949396,0.26217344
3247,1,1,0.5518562061963166,0.999825,0.9995986,0.55561775
3248,0,0,0.03828125505333165,1.4985411e-05,0.0005159041,0.03768043
3249,1,1,0.48403523698833134,0.9932903,0.9763099,0.4887921
3250,1,1,0.8754530264430802,0.99999917,0.99998665,0.87920976
3251,0,0,0.014032137408818783,5.7917096e-06,0.0006307275,0.013781184
3252,0,1,0.05738921685386197,0.00049273274,0.00014235594,0.05985387
3253,0,1,0.7650508049630327,0.99999595,0.9999908,0.7675156
3254,0,0,0.209958001536638,0.26280165,0.9494965,0.20675835
3255,0,1,0.3068798771745789,0.9909978,0.9813173,0.31049377
3256,0,0,0.044927669021447895,0.018067636,0.40362042,0.046966955
3257,0,0,0.015196109692297129,1.2500889e-06,1.3821025e-06,0.014879179
3258,1,1,0.92428978320531,1.0,0.9999999,0.92121637
3259,1,1,0.2102812874158111,0.18232347,0.069547586,0.18514194
3260,0,0,0.03999534348999632,0.00012679868,0.0049259313,0.03979748
3261,0,1,0.03593738718052195,4.0806262e-06,2.1703514e-07,0.013058267
3262,0,1,0.09879629700018933,0.0025072787,0.0013668337,0.09816646
3263,0,0,0.005926416097707752,1.5548064e-06,5.8561323e-05,0.0070721516
3264,0,1,0.002211951749720661,1.972616e-09,5.4600346e-10,0.0035465457
3265,0,0,0.021329833641700355,2.2079178e-06,0.00011859975,0.021931965
3266,0,1,0.07581072956757401,0.015393096,0.0032493717,0.07429346
3267,0,1,0.12318155716673185,0.2615517,0.10949855,0.12514152
3268,0,0,0.035711209724527355,1.740034e-05,0.0008084568,0.035796814
3269,1,1,0.24111002958507058,0.93458575,0.77346796,0.24863414
3270,0,1,0.023554697421695844,1.608132e-05,7.847519e-06,0.022579338
3271,1,1,0.7525522191313033,0.9999057,0.9985856,0.74451864
3272,1,1,0.7049644950142809,0.9999423,0.99974686,0.7082869
3273,0,1,0.004322188443780108,4.183452e-08,1.6064502e-09,0.00746485
3274,0,1,0.0015861995641528435,2.749004e-10,2.179051e-10,0.0017467545
3275,0,0,0.041006463852907606,0.00014338082,0.003299509,0.041361637
3276,0,1,0.062464642162329324,0.00090928463,0.00031021956,0.06552244
3277,0,1,0.07337758239607638,0.005456779,0.0019838675,0.07004166
3278,1,1,0.7008323592603496,0.99995613,0.9998634,0.70342594
3279,0,1,0.012255075682164428,1.6366745e-05,9.080674e-06,0.014286345
3280,0,0,0.0007916626646347974,2.4206445e-10,9.244729e-09,0.0009712656
3281,0,0,0.01413855175183047,1.0983049e-05,0.00018947572,0.01406753
3282,0,1,0.009117714952455122,6.7715305e-08,1.7362979e-09,0.010637491
3283,1,1,0.36162007349932324,0.979645,0.9117542,0.36088347
3284,0,1,0.0004400114195351127,7.4756786e-13,1.0157662e-13,0.00049061835
3285,0,1,0.32970989868949396,0.6604661,0.5047507,0.32617992
3286,0,1,0.061697681330256576,8.2912156e-05,4.5269815e-05,0.056354165
3287,1,1,0.6215047827111432,0.9997354,0.99923,0.6175517
3288,1,0,0.46911425383296185,0.9993244,0.99999964,0.45896918
3289,0,1,0.01121253012488502,7.5870815e-08,4.068158e-08,0.010895286
3290,0,0,0.2623532310067309,0.078622624,0.98914206,0.25067934
3291,0,0,0.0084509029157364,9.920455e-09,1.8806107e-07,0.0046629244
3292,0,0,0.2423975170117255,0.946971,0.9977658,0.2487586
3293,0,1,0.5244445204165717,0.9927146,0.9720452,0.5057393
3294,0,1,0.25157439706873747,0.97731996,0.92293274,0.25801298
3295,0,1,0.09910273832111671,0.005210379,0.00079503,0.09809126
3296,1,1,0.8538927143645251,1.0,1.0,0.8566154
3297,1,1,0.21022854742176608,0.40677705,0.12841937,0.20334953
3298,0,0,0.0060617217917849344,2.4262032e-08,1.8905455e-06,0.0061616963
3299,0,1,0.314579286131982,0.95840025,0.8886872,0.30514416
3300,0,0,0.2893339961917218,0.77991265,0.9934422,0.2898578
3301,0,1,0.9168080539990671,1.0,1.0,0.9173181
3302,0,1,0.400334812027414,0.98339844,0.9528906,0.39064065
3303,1,1,0.7685027527241426,0.99999845,0.99999535,0.77179456
3304,1,1,0.5477301772439853,0.86779886,0.58920884,0.60492367
3305,0,1,0.004917456071826187,1.2452179e-08,7.9552503e-10,0.004489356
3306,0,1,0.2266639480056413,0.021005837,0.0040218784,0.09721594
3307,0,0,0.004627736404527124,6.2377967e-07,2.9977877e-05,0.008165952
3308,1,0,0.06364159280147796,0.0055626063,0.18346487,0.06393683
3309,0,1,0.18834822806209287,0.2879024,0.1240132,0.19640581
3310,0,1,0.77283006064724,0.99999654,0.99993145,0.7773452
3311,1,0,0.9033839543612635,1.0,1.0,0.90379417
3312,0,0,0.35289432064274445,0.95712686,0.99996555,0.3531199
3313,1,1,0.6108528890505531,0.9999025,0.9997249,0.6160478
3314,0,0,0.0021182255859031256,1.5304044e-10,1.2540199e-08,0.002123142
3315,0,1,0.3223727273711518,0.96698105,0.9031621,0.31733868
3316,0,0,0.00861322204235002,6.2605807e-07,2.1672995e-05,0.009883532
3317,0,1,0.014774525005393531,4.555156e-05,1.7237737e-05,0.018325513
3318,0,0,0.009004332804168451,3.0476835e-07,7.7910245e-06,0.010426783
3319,0,1,0.31549251024024993,0.9142062,0.6733092,0.310447
3320,0,1,0.02322960946393646,0.00021275504,4.792581e-05,0.023599043
3321,0,1,0.003332292006905029,1.6791516e-07,5.330029e-08,0.0037904382
3322,0,0,0.008960952354441111,2.3613643e-07,8.584314e-06,0.009403067
3323,0,0,0.6482105278371503,0.9998932,0.9999999,0.6476093
3324,0,1,0.004710817185362128,2.0200625e-08,1.3782069e-08,0.0054499283
3325,0,1,0.2739573862999926,0.85275084,0.6498468,0.26499525
3326,0,1,0.24533236167957387,0.93783,0.7389834,0.23786058
3327,0,0,0.0003140453658125244,5.490418e-12,1.4789095e-13,0.00038457595
3328,0,0,0.024040198760170432,0.0010688596,0.034602992,0.023608787
3329,0,0,0.0012908860241009198,1.2671296e-10,8.313281e-09,0.001563497
3330,0,1,0.16837059876238508,0.07392195,0.0035482175,0.16998535
3331,0,0,0.0022682277466670427,2.3167929e-10,3.864479e-09,0.0026821855
3332,1,1,0.45698959395274397,0.9974612,0.9936172,0.45913276
3333,0,0,0.030459130982336123,1.8100347e-05,0.00061278127,0.031022009
3334,0,0,0.09493051777031372,0.0065480373,0.1270123,0.09499587
3335,0,0,0.020782003088587082,1.200142e-07,5.7795924e-06,0.008251423
3336,0,1,0.17232132206460163,0.3175786,0.037287466,0.1679247
3337,1,1,0.679907819123494,0.99982965,0.9997279,0.6810804
3338,0,1,0.05745545179272228,0.0001415472,1.5296042e-05,0.05504176
3339,0,0,0.04548245523688511,0.000119851116,0.008522924,0.044512413
3340,0,0,0.021588092032609127,2.3917512e-06,4.379823e-05,0.021386635
3341,0,1,0.2426975908115211,0.77822393,0.3221919,0.24376005
3342,1,1,0.28405186779587804,0.9266268,0.7262922,0.28093448
3343,1,1,0.6815310662428712,0.999923,0.9995887,0.68675196
3344,0,1,0.12403970601119077,0.07092899,0.013901523,0.12875274
3345,0,1,0.023070332576575123,5.809212e-06,3.0932603e-07,0.021658434
3346,1,1,0.7425289513953226,0.99922,0.9878006,0.7248267
3347,1,1,0.1662912783936229,0.4641033,0.11957763,0.16517921
3348,0,1,0.014079332119698097,8.5561136e-05,3.7565842e-05,0.016131427
3349,1,1,0.6485171611502637,0.98248696,0.8489901,0.6371682
3350,0,1,0.0029194868151510805,2.6547298e-08,5.7953535e-09,0.004703729
3351,0,1,0.181067007612319,0.37736005,0.062815085,0.18156576
3352,0,0,0.002421766148072921,5.115159e-10,3.310475e-08,0.0024706502
3353,0,1,0.25169666772844346,0.8869965,0.74087375,0.2608688
3354,0,0,0.13694839362021152,0.007624449,0.039488748,0.08162409
3355,0,0,0.03994947463170666,0.0009138506,0.013050054,0.040597178
3356,0,1,0.25624538915926753,0.9476187,0.8852864,0.26863888
3357,0,0,0.0013564027529630025,5.510757e-10,7.679313e-08,0.0015070804
3358,0,1,0.5143690896060693,0.9963873,0.9546704,0.53283453
3359,1,0,0.9735651114587507,1.0,1.0,0.9721024
3360,0,1,0.013086482720219941,1.425332e-06,4.991761e-07,0.013021814
3361,0,1,0.9240943158738529,1.0,1.0,0.92533267
3362,0,1,0.012347835459510674,1.08486365e-05,5.58421e-06,0.013826636
3363,0,0,0.000683075991212034,9.570498e-13,1.3678396e-11,0.0008547307
3364,0,0,0.06843516446101262,0.0025302097,0.046797436,0.06804108
3365,0,0,0.027306719880694993,2.9243272e-05,0.0019379071,0.02880929
3366,1,1,0.9999999999999942,1.0,1.0,1.0
3367,0,0,0.012610034620730829,1.4018084e-06,6.955222e-05,0.013788179
3368,0,1,0.03198445374627572,6.27665e-05,1.6664417e-05,0.029791974
3369,0,0,0.05660664242041377,5.017745e-05,0.0001570093,0.056822255
3370,1,1,0.24289371637481236,0.56400317,0.20620309,0.24222398
3371,0,0,0.0032345083240576476,5.4874868e-12,1.3293106e-11,0.0033476257
3372,1,1,0.39507434186735985,0.9971028,0.98749954,0.397837
3373,0,1,0.7026703106886542,0.9999064,0.99982643,0.6986488
3374,1,1,0.8141486583010491,0.9999989,0.9999949,0.81579566
3375,0,1,0.1583809981278746,0.102350466,0.07305599,0.15925682
3376,0,1,0.1704126350418063,0.1741368,0.05742842,0.17805596
3377,0,0,0.11210715871169899,0.0041186647,0.19191372,0.10867489
3378,0,0,0.004927425261050817,1.1401964e-08,5.349467e-07,0.0048506157
3379,0,1,0.20358051814957576,0.5953078,0.17922956,0.20453702
3380,0,0,0.0038217347023928915,3.3195872e-07,6.9428625e-06,0.0045574154
3381,1,1,0.10043072228980104,0.022975957,0.007951689,0.097497776
3382,0,0,0.000496239959646929,2.2135217e-14,6.312599e-13,0.00044399698
3383,1,1,0.29917794432423694,0.98030406,0.9436705,0.30228037
3384,0,0,0.012664605279411717,7.2188357e-07,1.948985e-05,0.012684444
3385,0,0,0.04192780186119918,0.0010165394,0.021555811,0.043098312
3386,0,1,0.27068114942330734,0.5717332,0.16907735,0.2762113
3387,1,1,0.533478571008272,0.9999893,0.99995804,0.5357265
3388,1,1,0.4793243295533909,0.99997175,0.9999614,0.4841174
3389,0,1,0.07438451063171234,0.00080389174,0.00025604013,0.06942508
3390,0,1,0.007124291876064168,6.660369e-07,1.3799581e-07,0.008104838
3391,1,1,0.39815000416162494,0.9867936,0.9156712,0.4022365
3392,0,1,0.007794031324293414,2.2802286e-08,2.0320655e-08,0.007389082
3393,0,0,0.2585405638848595,0.5127873,0.6866827,0.2655661
3394,0,1,0.2210003209318983,0.2932985,0.097744554,0.21650605
3395,0,0,0.012599649520162634,2.2452542e-07,2.9733378e-06,0.012948526
3396,0,1,0.3713257051806446,0.9990553,0.99648815,0.4388825
3397,0,1,0.0014293693253253426,3.6734346e-10,2.1466796e-10,0.0016500595
3398,1,1,0.6440250771732504,0.99992955,0.9998063,0.64574444
3399,0,1,0.37487383006794484,0.99756277,0.992415,0.37859875
3400,0,0,0.0359688020932283,0.0017253038,0.030254519,0.034992397
3401,1,1,0.9500458298267198,0.99999976,0.9999981,0.9479751
3402,0,0,0.0030256734167389008,6.183431e-10,6.327502e-08,0.0028326751
3403,1,1,0.1725097192888535,0.22493175,0.010501492,0.1758713
3404,1,1,0.768226822535962,1.0,1.0,0.77303386
3405,0,0,0.27389421182187984,0.6334687,0.9996486,0.2701027
3406,1,1,0.7557227519145285,0.9999957,0.99998486,0.75690097
3407,0,1,0.4135089459649801,0.9851258,0.9353923,0.41189453
3408,0,0,0.05254532273617224,0.0025744715,0.05703707,0.0519306
3409,1,1,0.3190450311749072,0.8303009,0.63127357,0.3025141
3410,0,0,0.026381977884191523,3.310172e-05,0.0006061783,0.02652391
3411,1,1,0.3258533543198898,0.90107363,0.25041217,0.33552453
3412,0,0,0.0123563840395614,6.815482e-08,4.932232e-07,0.01166849
3413,0,0,0.24389556319836747,0.76220787,0.9999192,0.25248745
3414,0,0,0.0023427304275343845,2.1769509e-08,7.469241e-08,0.0040610675
3415,1,1,0.3412472819188904,0.9751521,0.8466424,0.33388978
3416,0,1,0.14273418737892682,0.06309614,0.01860003,0.13781938
3417,0,0,0.0024187968931474384,3.168067e-08,2.8911293e-06,0.0029600214
3418,0,1,0.45209880002722813,0.99671835,0.9897816,0.44607565
3419,0,1,0.10901373377007369,0.009351471,0.0016731994,0.10780732
3420,0,1,0.0062366565524176265,5.770051e-09,4.8424337e-11,0.006391706
3421,0,1,0.10326256772898099,0.01834317,0.0010449085,0.1004005
3422,1,1,0.05142629453352435,2.5201455e-06,3.2042866e-08,0.051067553
3423,1,1,0.8984865078965963,0.9999999,0.9999989,0.900857
3424,0,1,0.3986866896213842,0.9720075,0.94916785,0.39880267
3425,1,0,0.5994584476942187,0.9999604,1.0,0.59737945
3426,1,1,0.7996302508833523,0.9999951,0.99999225,0.79145986
3427,0,0,0.04361914061397092,0.0005417591,0.009862323,0.045078658
3428,0,1,0.007085343390729433,3.2889886e-08,1.42541595e-11,0.011862065
3429,0,0,0.001813507760247871,9.267133e-09,3.3301717e-07,0.0021681956
3430,0,0,0.0011313908199898908,6.153321e-11,8.5957724e-10,0.0014011106
3431,0,1,0.0028134630052228235,1.5744474e-09,1.5270715e-10,0.0023924
3432,0,0,0.045337787103196504,0.00014620554,0.010921833,0.04359248
3433,0,0,0.0010075433461230157,5.6543752e-11,1.0325852e-09,0.0010628393
3434,1,1,0.8489910139357248,0.9999995,0.9999932,0.8520829
3435,0,0,0.0640021652377725,0.00021557006,0.00029577856,0.06483672
3436,0,1,0.006771829193196656,5.5764126e-08,9.214485e-09,0.005999653
3437,0,0,0.0044325433498023405,1.659885e-07,5.748365e-06,0.005306574
3438,0,1,0.11479693576502314,0.025848422,0.017747993,0.1163759
3439,0,1,0.1302711178615706,0.020054666,0.0051163933,0.13678801
3440,0,1,0.231956952691417,0.55222446,0.03451668,0.23639132
3441,0,1,0.041565936018577256,0.0040682512,0.0034437894,0.036845863
3442,0,1,0.016804598697116774,0.00013260523,5.478156e-06,0.028594267
3443,1,1,0.8721234181939492,1.0,0.9999999,0.86954993
3444,1,1,0.761416248904998,0.9999912,0.99998236,0.7608591
3445,0,0,0.33573819972637536,0.92330235,0.99994314,0.34090048
3446,1,1,0.9915361804214048,0.9999999,0.99997914,0.9900969
3447,1,1,0.9999999999999925,1.0,1.0,1.0
3448,1,1,0.687985241272518,0.9999993,0.99999905,0.6823422
3449,1,0,0.5241238695127618,0.99808526,0.9999988,0.5236658
3450,0,0,0.03706760172232028,0.00018015834,0.004823309,0.036812764
3451,0,1,0.8360429680914298,0.9999982,0.99998474,0.81647295
3452,1,1,0.49730790569168054,0.99959004,0.99800426,0.4985635
3453,1,1,0.9888504837301821,1.0,1.0,0.9874607
3454,1,1,0.4235841481635864,0.9978016,0.9894782,0.4375653
3455,1,1,0.47774783197085996,0.9926778,0.9749483,0.46884307
3456,0,1,0.00493601824535822,5.4072467e-07,1.2616269e-07,0.0059151924
3457,0,0,0.0943553004090802,0.008745851,0.30986613,0.09710122
3458,0,0,0.0036970060631208628,3.6924126e-07,9.090829e-06,0.004992992
3459,0,0,0.03303302050018701,0.00035877683,0.01710438,0.03407214
3460,0,1,0.08902904554037036,0.15423892,0.07901233,0.08166048
3461,1,1,0.24146869196841278,0.41897348,0.051079012,0.24141963
3462,1,1,0.7677032416116452,0.99999666,0.9999672,0.7740778
3463,0,1,0.032805891646923026,0.0001254711,2.6946394e-05,0.031246305
3464,0,0,0.038791989193389664,0.00011492252,0.0038934685,0.037877403
3465,0,1,0.01527205346115542,0.00027980143,0.000112086935,0.017496536
3466,0,0,0.0021519066043118296,1.1210366e-08,2.706747e-07,0.0026898934
3467,0,1,0.0011696044004498925,1.9153787e-12,8.33705e-13,0.0012820031
3468,0,0,0.04945427064005252,0.0020839213,0.075384215,0.048050325
3469,0,1,0.021102638368524516,2.6069212e-05,6.721084e-06,0.0202375
3470,0,1,0.02325265497402298,5.6899287e-05,1.5395557e-05,0.02220799
3471,0,0,0.530150707408377,0.99798846,0.99999917,0.5191845
3472,1,0,0.036428901814295596,0.012930607,0.26551938,0.03590775
3473,0,1,0.0037317258274130083,7.669827e-08,2.1591529e-08,0.0044400566
3474,0,1,0.04284889771694242,0.00083263504,0.0008954305,0.04242552
3475,0,0,0.019114891269608716,9.30388e-06,0.000113903,0.020181883
3476,1,0,0.8530861617341763,0.999997,0.9999999,0.8465482
3477,1,1,0.15998074016111383,0.13493203,0.03641856,0.16736133
3478,0,0,0.00960868414635172,1.448531e-08,2.1439944e-07,0.00980017
3479,0,1,0.0027818897712068706,1.893304e-10,5.3652183e-12,0.0032445814
3480,1,1,0.3282076627934417,0.9291321,0.7863915,0.33047888
3481,1,1,0.9799055063453779,1.0,1.0,0.9790004
3482,1,1,0.3431225047439707,0.90775055,0.6649112,0.35364506
3483,0,1,0.01349249201332534,3.7905377e-06,1.5541659e-07,0.017531654
3484,0,0,0.15154264294132902,0.029372538,0.35653833,0.15407689
3485,0,1,0.013625868966982386,1.779423e-06,2.8495063e-07,0.01361249
3486,0,0,0.14284481774288288,0.09561328,0.7903627,0.1390845
3487,0,1,0.2747086148518924,0.64255047,0.23860958,0.27359915
3488,1,1,0.95944961275085,0.99999976,0.9999962,0.95768356
3489,1,0,0.15977254447025846,0.6153052,0.989795,0.15835054
3490,0,1,0.05838874774890535,0.0010230498,0.00015737893,0.05750784
3491,0,1,0.18672060472550697,0.055422988,0.013252981,0.18187481
3492,0,1,0.03276558158775219,0.00013329032,6.8318027e-06,0.031464588
3493,0,1,0.02225109568029414,2.807277e-06,6.0656026e-07,0.022738982
3494,1,0,0.3027849295224043,0.89103186,0.9998708,0.30074155
3495,0,0,0.12308134178590532,0.28040096,0.96936303,0.12050899
3496,0,0,0.038804746691727315,0.0002007925,0.008698231,0.037721828
3497,0,1,0.8447109404893203,0.9999969,0.99997544,0.84077287
3498,1,1,0.7494715073938201,0.9999918,0.9999269,0.752253
3499,1,1,0.9968514859826385,1.0,1.0,0.9965419
3500,0,1,0.02012898463448529,2.1961787e-06,4.6727104e-07,0.020337958
3501,1,1,0.7337762063209297,0.9999969,0.99998724,0.73911715
3502,0,1,0.13690058261615862,0.885198,0.92646915,0.120801546
3503,1,1,0.3437460003129781,0.9951183,0.9721028,0.34575108
3504,0,0,0.02811232221112815,0.0006474356,0.014213997,0.029107241
3505,0,1,0.044136414477624626,0.0001429925,2.1769214e-05,0.042592384
3506,0,1,0.38483285953235746,0.96015126,0.88616425,0.36749408
3507,1,1,0.5272942086055697,0.9982534,0.9939773,0.5316024
3508,0,1,0.1163835983016668,0.015007817,0.00045912448,0.12014965
3509,0,0,0.7279248218300365,0.9999738,1.0,0.728347
3510,1,1,0.5040535397054516,0.99927527,0.99948704,0.49146768
3511,0,0,0.0004244401646408267,2.141439e-12,2.92847e-11,0.0007408207
3512,0,0,0.012274274646128942,5.8662145e-06,0.00013128531,0.011753548
3513,0,0,0.05584371554622974,0.011960067,0.333599,0.055421133
3514,0,1,0.06575794072731395,0.00072472484,0.00019639151,0.06510485
3515,0,1,0.08081579893033752,0.0014682484,6.577853e-05,0.077787384
3516,1,1,0.73842459380658,0.9999945,0.9999515,0.7444043
3517,0,0,0.018721913652620614,8.998236e-06,0.00021698984,0.020357138
3518,0,0,0.0030073621735559374,7.757972e-08,1.2205054e-06,0.0035956947
3519,0,1,0.17452835682123108,0.29725567,0.11335516,0.17236757
3520,0,1,0.08932947426313598,0.002582616,0.00034551232,0.08850294
3521,0,0,0.0814411505152778,0.002996834,0.11172236,0.07639344
3522,0,1,0.5854719099187455,0.9999418,0.9997085,0.5982218
3523,1,1,0.4750234108765279,0.9977737,0.993548,0.4677143
3524,1,1,0.9822139130839064,1.0,1.0,0.98032826
3525,0,0,0.003473486689869975,1.7455479e-10,1.3394849e-09,0.003287583
3526,0,1,0.26469938970085727,0.92574024,0.61693954,0.26638785
3527,1,1,0.9455878401075286,0.9999925,0.99989736,0.9399924
3528,0,1,0.0029418353287135684,3.2594978e-09,6.333913e-12,0.0049796747
3529,0,0,0.0028408239165507512,7.4033025e-08,1.3662025e-06,0.0036665744
3530,1,1,0.0712399179410425,0.0035814252,0.0014355971,0.07338983
3531,0,1,0.5992813237535979,0.9895055,0.9270459,0.57739973
3532,0,1,0.14160039112942105,0.06446158,0.028926522,0.13404694
3533,0,0,0.009348053054455078,4.1227268e-06,8.051614e-05,0.0161269
3534,0,1,0.46004450618718673,0.9934127,0.97458696,0.46145633
3535,1,1,0.36341712564019113,0.9931993,0.9796228,0.36605856
3536,0,0,0.0030529674670796356,2.7477056e-09,6.109044e-08,0.0036336465
3537,0,0,0.20643343217040971,4.0516337e-05,0.07827404,0.2223935
3538,0,1,0.00540752202748264,6.856684e-08,2.0373814e-09,0.006292171
3539,0,0,0.036120498673384405,0.001480446,0.021718776,0.037161328
3540,0,0,0.0034726708437496493,4.8424944e-09,5.1798047e-08,0.0031353154
3541,0,1,0.014002473462719118,3.6851194e-05,1.2997209e-05,0.016066123
3542,1,0,0.7907692983134963,0.99999857,1.0,0.79054916
3543,0,1,0.20351447108269985,0.25685093,0.048874266,0.20330425
3544,0,1,0.6962227711153324,0.99999475,0.9999875,0.70070493
3545,1,0,0.7456549570658424,0.9999906,1.0,0.7458905
3546,0,1,0.09974581125591722,0.25929525,0.05663915,0.09836141
3547,0,0,0.031782150355830235,0.0003965529,0.017326802,0.031675693
3548,0,0,0.0013700460574235824,4.9689813e-10,4.4075286e-08,0.001662757
3549,0,0,0.002235496672767774,5.6906364e-09,1.5651952e-07,0.0026630394
3550,1,1,0.21053123368454546,0.6773434,0.21433152,0.21077122
3551,0,0,0.0012125820254912177,5.8096404e-13,3.9319234e-12,0.0012394855
3552,0,1,0.48060277139250074,0.88152415,0.6234431,0.46744484
3553,0,0,0.02430588035102683,0.0038529139,0.07146688,0.04160556
3554,1,1,0.48447879545673084,0.9999347,0.9999063,0.49545074
3555,0,0,0.5452357563093152,0.9984439,0.99999976,0.5343397
3556,0,1,0.104307476316854,0.009836552,0.001368607,0.10319764
3557,0,0,0.013617955743746876,1.1381441e-06,3.5866327e-05,0.0131970085
3558,0,1,0.4104000035186514,0.99939716,0.99757165,0.42513984
3559,0,0,0.009240521267335476,6.564093e-08,6.357024e-07,0.009873477
3560,0,1,0.01844368894792167,6.995914e-06,3.7296472e-06,0.018974077
3561,0,1,0.01496942317050746,3.6786554e-07,5.95143e-09,0.007776171
3562,0,1,0.4032677643188333,0.98835456,0.94691175,0.40356198
3563,1,1,0.9011949506470696,0.99999976,0.99999595,0.9053296
3564,0,1,0.006700582543786597,5.0150412e-08,2.4357826e-08,0.0066030864
3565,0,1,0.3336809228672692,0.9748502,0.9281971,0.3356113
3566,0,0,0.9414599654432841,1.0,1.0,0.93929976
3567,0,0,0.010343709035043233,0.00016789479,4.1778612e-06,0.013438916
3568,0,0,0.0072242558806971755,6.662169e-06,0.0002765613,0.008601443
3569,0,1,0.0019318700121565473,1.0082307e-09,1.4170891e-10,0.0032424033
3570,1,1,0.22370915823729987,0.7329587,0.50225586,0.23317747
3571,0,0,0.013319592394531829,2.387566e-07,6.1554115e-06,0.013255727
3572,0,0,0.0010111172567745861,2.8880787e-10,3.0084724e-08,0.0012297315
3573,0,1,0.19295391835070358,0.61228395,0.23311871,0.21017177
3574,0,0,0.005753839333996694,3.4058662e-06,7.614726e-05,0.0068727774
3575,1,1,0.20161091509873005,0.24799208,0.045530893,0.20142205
3576,0,1,0.23326619608280497,0.5114873,0.15670687,0.23271443
3577,0,1,0.0009262585514402909,8.8092245e-13,1.211756e-14,0.0010606404
3578,1,1,0.6394413582592392,0.9998207,0.99954325,0.6353803
3579,1,1,0.5068044540041268,0.9984144,0.99334455,0.5067458
3580,0,1,0.0033514674257822267,1.23206805e-08,9.497289e-09,0.0038904408
3581,1,0,0.34107981043068275,0.9883564,0.99999154,0.33982491
3582,1,1,0.4946988441988485,0.99675983,0.98404515,0.4971672
3583,0,1,0.1320108626230958,0.07594833,0.058034733,0.133603
3584,0,1,0.197209335901612,0.29512417,0.12206933,0.19780828
3585,1,1,0.6645725446071981,0.9997291,0.99959636,0.6668259
3586,0,1,0.1998841077943638,0.5129612,0.25735736,0.24593152
3587,0,1,0.0030620642419473968,4.923274e-10,1.1534545e-11,0.0035419115
3588,1,1,0.46111512591400416,0.9945978,0.94563586,0.46079394
3589,0,0,0.017711184555082703,0.00013522286,0.0076251314,0.021025594
3590,0,1,0.18599832806493555,0.6135645,0.46685284,0.17930391
3591,0,0,0.027618824313243227,5.5570057e-05,0.0009451255,0.027754823
3592,0,1,0.06349412645254024,0.0025865815,0.0007097489,0.06550721
3593,1,1,0.09276180336618246,0.009000174,0.0004421116,0.09026191
3594,1,1,0.36449001926613006,0.9846029,0.91589576,0.35665926
3595,0,1,0.3251435837125202,0.96304274,0.87682366,0.3243212
3596,0,1,0.6098735295578289,0.99971515,0.99923,0.6079209
3597,0,1,0.00391869190101582,6.493933e-08,1.3270758e-08,0.004670282
3598,0,1,0.21795473157129305,0.59212846,0.2873891,0.22855036
3599,0,1,0.13808226207350646,0.010325034,0.0020539039,0.13605154
3600,0,0,0.022166928926521477,0.0004667159,0.023958627,0.025888221
3601,0,0,0.005450663832620151,1.0356785e-08,1.9492754e-07,0.0051030177
3602,0,1,0.18472286057037127,0.08187146,0.011280072,0.19247057
3603,1,0,0.9976795165289183,1.0,1.0,0.99736685
3604,1,1,0.9096867163963304,1.0,0.9999994,0.9133235
3605,0,0,0.0015433968995497585,3.206342e-11,1.4518245e-09,0.0015546075
3606,0,1,0.02992100116604988,7.5261624e-07,8.7434934e-08,0.029934408
3607,1,0,0.6006915119579205,0.99985695,1.0,0.596273
3608,1,1,0.5659732194789608,0.9994677,0.9987717,0.566292
3609,0,1,0.023211066644443133,2.5847681e-05,4.5688016e-06,0.022155976
3610,1,1,0.358404875460712,0.9497353,0.7938087,0.35912815
3611,0,1,0.7615738372111353,0.9999695,0.9998027,0.7555291
3612,0,0,0.01659683514618894,8.327636e-07,4.1663866e-06,0.016868362
3613,0,0,0.0003445989315658817,1.1871191e-12,1.2608589e-10,0.0003950563
3614,0,0,0.1525805577133877,0.73559594,0.9999603,0.15528233
3615,0,0,0.050934901495055994,0.00023479575,0.0108414665,0.05204867
3616,1,1,0.6385545841466372,0.9999373,0.99979115,0.6392194
3617,0,1,0.015572409137769614,7.709574e-08,8.7829144e-10,0.020373696
3618,0,1,0.009234933496010712,2.0219591e-08,1.7958124e-10,0.0089667775
3619,1,1,0.43630016144568085,0.98687124,0.98784864,0.4348919
3620,1,1,0.5612424491985092,0.99845445,0.99581814,0.5594911
3621,1,1,0.9501078724913566,1.0,1.0,0.95182127
3622,1,1,0.3181958950289489,0.9923966,0.9560567,0.31727788
3623,0,0,0.0009044940704052665,2.9609593e-09,5.7189434e-11,0.0011759603
3624,0,0,0.025775828730670976,6.96448e-05,0.0014782315,0.027348952
3625,0,1,0.00503684727098105,8.0996e-10,4.2635676e-10,0.004738413
3626,0,1,0.019935645190820684,1.3062122e-05,1.7460596e-06,0.020242942
3627,0,0,0.0006759932669852277,9.788775e-12,1.7698096e-10,0.0007985134
3628,1,1,0.4355108870237525,0.9959949,0.9724113,0.43890184
3629,0,1,0.009259509357261457,1.9124992e-07,3.6245112e-08,0.008770599
3630,0,0,0.029085680356308343,3.886916e-05,0.00038608236,0.029721417
3631,0,0,0.010461347569763068,1.0247201e-06,6.928114e-05,0.010922239
3632,0,1,0.07244584599481245,0.0027359035,0.0004947096,0.07183465
3633,0,1,0.44156826463520243,0.9986516,0.9953076,0.4532516
3634,0,0,0.14116768328048734,0.008296226,0.20994648,0.13535906
3635,1,1,0.4043171350403239,0.98456025,0.93432385,0.38767287
3636,0,0,0.17701394042252666,0.50209224,0.9996561,0.1891645
3637,0,1,0.23096278966660905,0.3176389,0.09874225,0.22486804
3638,0,1,0.26928045176997495,0.88691926,0.56173277,0.27013338
3639,1,1,0.9935172796886117,1.0,1.0,0.9928907
3640,0,1,0.017404723449396,2.3202106e-06,2.149313e-07,0.01786488
3641,0,1,0.7096969519089381,0.9999746,0.9999167,0.70744115
3642,0,0,0.008510300670656638,2.078982e-07,1.8307695e-05,0.008964045
3643,1,0,0.9673375569674044,1.0,1.0,0.9791681
3644,0,1,0.09759969985532861,0.0054234182,0.0007671652,0.10020796
3645,0,1,0.02758677162134729,0.002449678,0.0003549698,0.044532128
3646,0,1,0.020574392170947583,0.01239787,0.008320278,0.023975434
3647,0,1,0.0023962860903549094,4.6935618e-08,4.759042e-09,0.004158676
3648,1,0,0.816013832087543,0.9999989,1.0,0.8153297
3649,0,1,0.0019750678222833274,1.6278427e-10,2.6691403e-11,0.0022107353
3650,0,1,0.31106541267946,0.99376726,0.9862934,0.30913416
3651,0,0,0.01162918082936535,1.8122621e-07,9.450398e-07,0.012443675
3652,0,0,0.05252016983614356,0.005414577,0.16269556,0.054207165
3653,0,0,0.00996609486967232,6.167416e-09,1.6327567e-07,0.009166871
3654,0,1,0.10747446165968184,0.008303063,0.0021756678,0.10171261
3655,0,1,0.7512070550714923,0.99996436,0.99985373,0.7455749
3656,0,1,0.7087252848705129,0.99966574,0.99835616,0.6903783
3657,0,0,0.008335904824750424,6.5185377e-06,0.00022327006,0.009486139
3658,0,1,0.0008905237932454601,3.657463e-12,1.9235611e-12,0.0010164654
3659,0,1,0.22740149473777174,0.7788785,0.55381155,0.2369414
3660,0,1,0.0010986781831472127,3.779688e-11,1.7710168e-12,0.0011957508
3661,0,0,0.003317756279982693,1.4913053e-09,1.9847997e-08,0.0037784383
3662,0,1,0.13358170908182798,0.09891247,0.016417695,0.12748398
3663,0,1,0.5196722500990532,0.99750525,0.9914568,0.5228059
3664,0,0,0.07233574902700914,0.00095884665,0.006598399,0.04356716
3665,0,0,0.15357299229968932,0.6340356,0.9918276,0.15079193
3666,1,1,0.07862024392371009,0.0071663735,0.0008850548,0.08114217
3667,1,1,0.5611334774246288,0.99990416,0.9994869,0.56367993
3668,0,1,0.23648228099293314,0.55400133,0.19635686,0.23747943
3669,0,0,0.02765072268642609,6.11883e-05,0.0014757939,0.026763475
3670,0,0,0.013217319314189612,3.2368913e-05,0.0040409435,0.013705603
3671,0,0,0.05771527476820929,0.00099044,0.042911153,0.05413007
3672,0,0,0.003048073028506245,8.2791596e-10,1.11359725e-07,0.002754477
3673,0,1,0.49534141896198963,0.9982095,0.9923955,0.49641004
3674,0,1,0.14627359482047592,0.103422076,0.06897257,0.14864217
3675,1,1,0.422810752784528,0.9969223,0.9911929,0.4255027
3676,0,0,0.12106284962910067,0.0031713485,0.23382598,0.12352849
3677,0,1,0.000982827237708191,2.0612144e-11,2.8206998e-12,0.0016348672
3678,0,1,0.8147102878235775,0.9999981,0.9999809,0.81620306
3679,1,0,0.2154307101604775,0.2104481,0.9620063,0.20561063
3680,1,1,0.15571798473450302,0.1505379,0.17223474,0.15727527
3681,1,1,0.29489557390185417,0.994552,0.9780316,0.35532218
3682,1,1,0.2261784374039329,0.033797603,0.0007985363,0.23160763
3683,0,1,0.03442996569014814,3.1038333e-05,8.953527e-06,0.03337778
3684,0,0,0.026606064057891572,0.013388144,0.12834753,0.04532282
3685,0,1,0.2271932809246535,0.7522963,0.5041636,0.23600082
3686,1,1,0.6308649517068713,0.9998343,0.9995411,0.62780046
3687,1,1,0.09227690147277035,0.006307894,0.0021308367,0.085718326
3688,0,0,0.018795908605473064,1.2729929e-06,8.325752e-05,0.018215701
3689,0,1,0.01271039127048114,2.652922e-05,5.886322e-05,0.011908091
3690,0,0,0.004297847357670788,3.9879646e-09,6.122954e-07,0.004013664
3691,0,0,0.011212299585249424,1.8860454e-06,2.9784333e-05,0.011182095
3692,0,1,0.2672722691824488,0.49652976,0.23075375,0.26285595
3693,0,1,0.36930678108700343,0.9864102,0.9541872,0.36719987
3694,0,0,0.05970096274254151,0.0048654587,0.12415506,0.060091253
3695,1,1,0.4298965679040504,0.9961747,0.9873698,0.43468642
3696,0,0,0.08205462947497127,0.98030865,0.994366,0.1015279
3697,0,1,0.6672366738028573,0.99994874,0.9998323,0.66619354
3698,0,1,0.23458141977400543,0.6750383,0.5760621,0.22333679
3699,0,1,0.5266488275972093,0.9999505,0.9998987,0.5494769
3700,0,1,0.18237858719744057,0.4252227,0.121856116,0.18174477
3701,1,1,0.7924576984997841,0.9999789,0.9997644,0.78468317
3702,1,1,0.9999999999999547,1.0,1.0,1.0
3703,0,0,0.030749485273236805,0.00014361383,0.0036609664,0.028814375
3704,0,1,0.08416055435809375,0.0055533284,0.0013482999,0.08376104
3705,1,1,0.999999999999994,1.0,1.0,1.0
3706,0,1,0.0029772914122773563,1.3870698e-09,3.0672448e-10,0.0033522488
3707,0,0,0.6453242367318537,0.999877,1.0,0.6489942
3708,0,1,0.10680369908769075,0.0054189805,0.0019945977,0.0971188
3709,0,1,0.18094580542910066,0.3329493,0.058490936,0.18520407
3710,1,1,0.9415044356752061,0.9999994,0.9999926,0.93917567
3711,0,1,0.25083584234655726,0.21168262,0.007812325,0.2567542
3712,0,1,0.0019054704182271214,3.3168018e-08,8.645808e-10,0.0029105032
3713,0,1,0.6406561102611394,0.9999949,0.9999517,0.65872943
3714,0,1,0.002227116856375666,4.173088e-10,2.230436e-10,0.00256534
3715,0,1,0.17165126243609544,0.17602648,0.06756832,0.17991678
3716,1,1,0.7174170921939393,0.99999547,0.99999356,0.7194689
3717,0,1,0.020974404151998402,0.00015571606,5.4941847e-05,0.024196249
3718,1,0,0.1087081424820773,0.07605782,0.9955414,0.11176423
3719,0,1,0.010681542350110663,6.49201e-05,5.74962e-06,0.018444136
3720,0,1,0.02569918393932438,8.50291e-06,2.1145256e-06,0.026474243
3721,0,0,0.07185823990493383,0.01648966,0.23942548,0.07402289
3722,0,0,0.024269712709543825,1.6795857e-06,4.071787e-05,0.02427604
3723,0,1,0.08806382112220926,0.00070266746,0.00012568219,0.08402463
3724,0,0,0.030685946718489943,9.0727444e-05,0.0018485473,0.032525793
3725,0,0,0.009812315748023501,2.8239244e-08,2.5173824e-07,0.009744747
3726,0,1,0.030115888353231687,0.00012914707,0.00013953463,0.029217787
3727,0,0,0.0034468235496380338,1.3064101e-06,1.3845358e-05,0.0062056165
3728,0,1,0.11379006048074666,0.017228764,0.0008167894,0.11053969
3729,0,1,0.10269814035406877,0.015726723,0.0012009975,0.10078744
3730,0,1,0.08061233540929892,4.7362693e-05,6.5423126e-07,0.08158397
3731,0,1,0.31587679371433414,0.9574066,0.8286182,0.31429675
3732,0,1,0.39640996904070475,0.99453884,0.98360705,0.40597874
3733,0,0,0.08331707357314387,0.0029153035,0.109129794,0.07715027
3734,0,0,0.004064022061261181,2.6651037e-09,1.8960948e-07,0.004122449
3735,0,0,0.07162809683216408,0.0036920563,0.08706828,0.07192173
3736,0,1,0.04302872476178772,3.553093e-05,8.0365817e-07,0.04041663
3737,0,0,0.008713092952416148,8.878981e-08,6.14894e-06,0.008479902
3738,0,1,0.010639409462075875,3.0025938e-06,8.2036513e-07,0.0128631
3739,0,1,0.16866712224612632,0.13634224,0.050588176,0.17649761
3740,1,0,0.16507645310509542,0.36290938,0.9575431,0.16928425
3741,0,1,0.1544913092819153,0.13073325,0.026065947,0.15462789
3742,0,0,0.0074287455434031485,4.869486e-08,1.609709e-06,0.00825067
3743,0,0,0.0004840836839127253,9.856177e-13,1.322654e-11,0.00059361616
3744,0,1,0.1649130430869625,0.13252142,0.042271424,0.17241754
3745,1,0,0.661616615509122,0.9999324,1.0,0.65938824
3746,0,0,0.023875279903426805,2.9875218e-05,0.00029662828,0.02419505
3747,0,1,0.011139816884022366,5.0705958e-06,4.862721e-07,0.010091621
3748,1,1,0.6368746959723592,0.99996567,0.99988985,0.6414843
3749,0,0,0.016272624401660583,1.12026055e-05,0.00021991583,0.016266484
3750,0,1,0.11319780166867834,0.0077165402,0.0016151314,0.11915004
3751,1,1,0.3236251279239681,0.9948726,0.9819506,0.33484745
3752,0,1,0.028841266871809712,0.00016421631,8.238521e-05,0.030837296
3753,0,0,0.00680619742186617,1.5687399e-06,6.6071676e-05,0.008846695
3754,0,1,0.03195326715603762,2.9088795e-05,6.577862e-06,0.030503944
3755,0,1,0.1757124986256042,0.27352512,0.04391567,0.17625025
3756,0,0,0.00420737963671089,2.3531785e-10,5.4623395e-09,0.004266332
3757,0,1,0.0380601846653689,0.00019033182,1.8909777e-05,0.035494264
3758,0,1,0.0929131800298547,0.003146947,0.000683419,0.08887273
3759,0,0,0.022258262589952588,3.153858e-05,0.0005339595,0.021414977
3760,0,0,0.2517992607217876,0.88868105,0.99995553,0.26050314
3761,0,1,0.007597711026470059,1.3758428e-06,2.3341987e-07,0.008648216
3762,0,1,0.004897823182226345,5.5702443e-09,1.6449382e-09,0.0047469386
3763,1,0,0.4940592657502902,0.9727351,0.9999937,0.49042845
3764,1,1,0.31855112929390156,0.93112856,0.8079712,0.32123405
3765,1,0,0.9971427390817328,1.0,1.0,0.9967809
3766,0,1,0.005205221494416442,8.431356e-08,1.9614179e-08,0.0061230743
3767,1,0,0.6591193444457282,0.9999933,1.0,0.6417131
3768,1,0,0.2743554572806318,0.8826288,0.98451495,0.28294834
3769,0,0,0.043303247017814184,0.0003611033,0.012305533,0.043869983
3770,1,1,0.19960536577944,0.7246515,0.394792,0.19827728
3771,0,0,0.02902163410120741,5.1478974e-06,0.00020640278,0.030152494
3772,0,0,0.043834841123577786,7.564412e-05,0.001950046,0.04139569
3773,0,0,0.4090072393086304,0.9886813,0.99985754,0.40592712
3774,0,1,0.16204774944146397,0.030477704,0.0049256086,0.15579352
3775,0,1,0.07341221280385271,0.00017305584,3.2835405e-06,0.074859954
3776,0,0,0.0165682604605192,8.242483e-06,0.00071813515,0.017112326
3777,0,1,0.42003823202796703,0.99640816,0.9918499,0.41666573
3778,1,0,0.06735644970775762,0.0034858915,0.089815296,0.066519454
3779,0,1,0.010042562358016364,1.357696e-07,2.683483e-08,0.009032961
3780,0,1,0.0025103428631972806,6.4601385e-10,1.00442966e-10,0.0028317082
3781,0,1,0.1920954751014191,0.46726176,0.23242809,0.1893972
3782,0,1,0.622390596917635,0.99976677,0.99949634,0.6243623
3783,0,0,0.004557743175143684,7.463872e-08,2.2425932e-06,0.00545339
3784,1,1,0.2208608568212733,0.9763049,0.96693444,0.24196318
3785,1,1,0.3527647793381835,0.9987186,0.9965394,0.36233228
3786,0,1,0.1235303863754346,0.04278362,0.006325798,0.12203742
3787,0,1,0.10260759063427097,0.6222307,0.38061067,0.100156486
3788,0,0,0.03264185718859064,2.0575724e-05,0.00035984552,0.03290292
3789,1,1,0.7750598556817923,0.9999987,0.9999958,0.7775235
3790,0,1,0.03564892777273848,0.000115607174,2.2669215e-05,0.037099224
3791,0,1,0.07942255534820584,0.014696457,0.006231667,0.07786427
3792,1,1,0.6661572224653274,0.9998807,0.999458,0.6678487
3793,0,0,0.013020308470185158,1.131689e-06,2.1473415e-05,0.012219857
3794,0,0,0.0035826895295009336,4.323337e-11,1.4057047e-10,0.0035257947
3795,1,1,0.8177922822916132,0.9999982,0.9999914,0.8161009
3796,0,1,0.2717591461956747,0.96221524,0.90699434,0.2738633
3797,0,0,0.17267303088202302,0.19068393,0.65936804,0.17856461
3798,0,1,0.015501674368673375,2.4659624e-07,4.0648462e-08,0.013953841
3799,0,1,0.05665095753530974,0.5107802,0.052635558,0.08706364
3800,0,0,0.038849563837159415,3.636451e-05,0.0013385975,0.038095217
3801,0,0,0.15239509877431895,0.005167314,0.061750397,0.15110293
3802,0,0,0.0022660802990775697,1.6256571e-08,4.04054e-07,0.0028310418
3803,0,1,0.6351879912602751,0.9999652,0.99991596,0.64186436
3804,0,1,0.014996712632271538,0.00040219375,0.000976522,0.016920393
3805,0,1,0.010856667939197585,8.512535e-09,1.1584032e-09,0.009919204
3806,0,1,0.01192256373312964,2.3825105e-06,2.6012417e-06,0.01101153
3807,0,0,0.008649426771979149,5.3075536e-07,9.726028e-06,0.008762394
3808,0,0,0.003078858381429294,2.743677e-10,1.9078206e-08,0.0030331425
3809,0,1,0.5584679963787328,0.99937975,0.9971551,0.5594241
3810,0,1,0.3824312193678512,0.9988311,0.99759716,0.38693592
3811,1,1,0.9858683079637728,1.0,1.0,0.9843796
3812,0,0,0.0059099183920017975,9.0134546e-07,4.668642e-05,0.0065766466
3813,1,1,0.5571252760847692,0.9989718,0.985345,0.5613177
3814,1,1,0.8669976990160684,0.99999964,0.9999994,0.8625616
3815,0,1,0.021673131109902998,3.103608e-05,3.2573724e-05,0.021097414
3816,0,0,0.037217259077371924,0.000911026,0.010786668,0.0383574
3817,0,1,0.043938997398897374,0.0002743916,9.0150745e-05,0.04218726
3818,0,1,0.7144178665772504,0.99998355,0.9998038,0.7275577
3819,0,0,0.01398874649410941,6.5997856e-06,8.659117e-05,0.014005859
3820,0,1,0.0680838492617563,0.026912842,0.009639154,0.06584941
3821,1,0,0.08159661612595277,0.0218582,0.5632281,0.08690532
3822,0,0,0.01876574259518861,2.3887285e-05,0.0002794213,0.019052232
3823,0,0,0.07526521474433333,0.01061037,0.4926319,0.073106326
3824,0,1,0.13239068609244375,0.13144031,0.063394494,0.127529
3825,0,0,0.0017912509479176472,3.5055486e-11,2.6702989e-09,0.0017912188
3826,0,1,0.5766319065457389,0.99940443,0.96745604,0.58143795
3827,0,1,0.16788086709665828,0.3154903,0.045404192,0.16515245
3828,0,0,0.001617934559185376,1.6001971e-08,1.1250296e-07,0.0030030636
3829,0,1,0.0022278274294302595,3.3008252e-10,7.1857326e-11,0.002500496
3830,0,1,0.380056638274063,0.95129275,0.83289033,0.37323487
3831,0,1,0.0999723115194698,0.0031592743,0.0005989502,0.096021675
3832,0,1,0.1123908770117463,0.009277186,0.0017002011,0.11150021
3833,0,0,0.01435757347095911,6.6023904e-07,7.4213867e-06,0.013978952
3834,0,1,0.005702233844025391,1.3412999e-07,4.9815387e-09,0.006733307
3835,1,1,0.392532885480661,0.9960039,0.94250464,0.40588692
3836,0,0,0.0009324750889662785,1.7497113e-10,1.52564e-09,0.0012445103
3837,0,1,0.1967181692274044,0.37963587,0.1374375,0.189347
3838,0,0,0.002268420305192652,4.8595716e-10,8.084957e-09,0.002648579
3839,0,1,0.022555597271097464,4.0025465e-05,6.233013e-06,0.024941023
3840,1,1,0.8340534866898941,0.99999964,0.99999833,0.8353697
3841,0,0,0.03687067243722586,0.0028010828,0.28565302,0.037751053
3842,0,1,0.008606331334781855,1.5328827e-05,2.5925833e-06,0.009801146
3843,0,0,0.0028403360012745635,2.0591813e-09,3.8684043e-08,0.0033832751
3844,0,1,0.3460930390123506,0.8184202,0.24896944,0.34598958
3845,1,1,0.5780133227141928,0.9999571,0.99985075,0.57869333
3846,0,0,0.015973142071035513,1.2257919e-05,0.00021013958,0.015970515
3847,0,1,0.18163881334757495,0.42231303,0.16810258,0.17524104
3848,0,1,0.03537457680177518,0.00014525423,4.617048e-05,0.03642179
3849,0,0,0.004234583205809316,2.7918768e-08,3.653577e-07,0.0051511563
3850,0,1,0.019559701919379825,2.3904354e-06,4.6297768e-07,0.01820672
3851,0,1,0.2958062399017168,0.8089646,0.4739747,0.29576823
3852,0,1,0.09500128168866653,0.01424644,0.004006265,0.098615095
3853,1,1,0.6245137905720336,0.99997187,0.9999343,0.6286498
3854,0,0,0.012936458161860837,1.1982772e-06,1.9218935e-05,0.01306712
3855,1,1,0.6061324368211569,0.99995816,0.99977636,0.610591
3856,1,1,0.9993434804937399,1.0,1.0,0.99924135
3857,1,0,0.1467229258133407,0.24442941,0.9944469,0.1420521
3858,1,0,0.9186045108121454,0.9999989,1.0,0.9136711
3859,0,1,0.08255375504053875,0.007213031,0.0073948232,0.07863761
3860,1,1,0.8620072434262962,0.99999917,0.99999344,0.86749715
3861,0,1,0.017891936204129055,9.553133e-06,1.02015865e-05,0.01720543
3862,0,1,0.13095469720601616,0.04998561,0.023280093,0.120978184
3863,0,1,0.0029843285316682798,9.949167e-08,2.5557377e-08,0.0033987048
3864,0,1,0.3775151955383485,0.9942273,0.9859583,0.37245637
3865,0,1,0.40015493234923405,0.98572004,0.936512,0.395274
3866,0,0,0.06735005105431124,0.00095044426,0.06771796,0.06473569
3867,0,1,0.185813686122606,0.2912403,0.11677766,0.19381751
3868,0,0,0.04369487871024313,0.00020147371,0.0039200913,0.043911222
3869,0,0,0.030744505220023366,3.0599655e-05,0.0005846271,0.030424224
3870,0,1,0.006796566617931037,4.165588e-06,4.2106265e-07,0.0074951146
3871,0,1,0.0029179353770976586,1.01717825e-08,8.762873e-09,0.0033848477
3872,1,1,0.3875318551976566,0.9878328,0.9270408,0.39071947
3873,0,0,0.0052658775184310945,5.297584e-06,0.00010278133,0.0062577184
3874,1,1,0.4039813299087636,0.98925424,0.94270694,0.39690638
3875,0,1,0.07704745785943828,0.0025342358,2.9938565e-05,0.07911458
3876,0,1,0.14725409707083523,0.12771893,0.023857389,0.1498447
3877,0,0,0.01381006826431327,2.7425451e-06,5.518239e-05,0.013827617
3878,0,1,0.49539607151059456,0.999757,0.9995435,0.4958479
3879,0,1,0.09844053361292658,0.0119144665,0.00059449975,0.095396616
3880,0,0,0.070407641272908,0.0024999338,0.048503023,0.06934715
3881,0,0,0.07742593409828388,0.0041201552,0.19985068,0.07114079
3882,0,0,0.03229737940136367,0.00061793346,0.008812196,0.033269547
3883,0,1,0.5961304775918336,0.99992895,0.99979913,0.59884787
3884,0,1,0.03998883077902687,0.001114907,0.00017484467,0.040682252
3885,0,0,0.003583777630813859,1.0163448e-07,3.055776e-06,0.0044816313
3886,0,0,0.0010598453665320688,1.7016416e-11,3.9359047e-10,0.0012442798
3887,0,0,0.2585069701023347,0.99722594,0.99995995,0.26383135
3888,0,1,0.008090651115779132,4.9793175e-06,2.623259e-07,0.0133586675
3889,0,1,0.00038540477817614017,5.272561e-14,1.617925e-14,0.00043684233
3890,0,0,0.5058825963702632,0.994467,0.9999988,0.47799158
3891,1,1,0.9986336765041784,1.0,1.0,0.99846715
3892,0,1,0.3020555008441599,0.8548813,0.8086099,0.30284104
3893,0,0,0.005147896743131646,1.7169313e-08,1.3442802e-06,0.005217727
3894,0,0,0.033454883337009494,5.612226e-05,0.0010436798,0.035359543
3895,0,1,0.026263022131085584,3.1156895e-05,5.674015e-06,0.025142703
3896,0,1,0.05929975796155719,0.010295169,0.004144141,0.061160922
3897,0,1,0.008163132636588338,2.9854598e-07,1.3296402e-07,0.008028708
3898,0,1,0.7242703137360766,0.9999925,0.9999856,0.72156906
3899,0,0,0.000387139843834191,1.320238e-13,5.9912036e-12,0.000462634
3900,0,1,0.013467803571691422,0.00013302038,1.284046e-05,0.023599321
3901,0,1,0.3649800105164052,0.9934097,0.97523177,0.36463922
3902,0,1,0.1602945204650036,0.52275926,0.08645887,0.1604025
3903,1,1,0.18823302938126363,0.578056,0.28657088,0.18690215
3904,0,0,0.012945125045947524,2.9519044e-06,4.3832155e-05,0.012563014
3905,0,1,0.01191412175956658,2.7491296e-05,7.6268225e-06,0.013474574
3906,1,1,0.6316053992964331,0.9999087,0.9996127,0.64091045
3907,0,0,0.01565655894441992,2.0957832e-07,2.393485e-05,0.015390191
3908,1,1,0.5710272666783122,0.99896157,0.9975299,0.55108374
3909,0,0,0.0038131633048454692,1.3756252e-08,3.91543e-07,0.0045457017
3910,1,1,0.6023156283524996,0.99936026,0.99917537,0.60144883
3911,0,1,0.706122912052636,0.9999367,0.99976534,0.7054351
3912,1,1,0.6634081427500869,0.9999994,0.9999993,0.6844408
3913,0,1,0.0023558447129353424,1.7673665e-11,2.8679882e-13,0.0027056076
3914,1,1,0.7807368494891971,0.9999995,0.99999917,0.78357303
3915,1,1,0.8598974041377219,1.0,0.9999999,0.85970247
3916,0,1,0.006400901228329918,8.3691725e-07,2.7306726e-07,0.0069619725
3917,0,0,0.02794729486041256,2.7253109e-06,4.9287984e-05,0.026217742
3918,0,1,0.11609012314153097,0.011693825,0.0037569448,0.109834015
3919,0,0,0.44178056365250884,0.9921125,0.99999905,0.43540433
3920,0,1,0.46985332440314526,0.9899368,0.95939213,0.47255436
3921,0,0,0.001647671394416107,1.4602691e-10,2.7597857e-09,0.0019496396
3922,0,1,0.07621572344379224,0.97250086,0.97743386,0.08642349
3923,0,1,0.14440965782631354,0.26130372,0.15869796,0.1414789
3924,0,0,0.005308766413581022,3.8227824e-07,1.1423455e-05,0.006382258
3925,0,1,0.2852891396447089,0.68564767,0.26087287,0.28813165
3926,0,1,0.012156368998597346,1.6388423e-05,5.689935e-06,0.0139825465
3927,0,0,0.010484420749526,1.0569418e-06,1.4882145e-05,0.010421647
3928,0,0,0.015453073173559364,1.4342096e-07,1.6764795e-07,0.014206723
3929,0,1,0.5685068568153273,0.99933916,0.99723566,0.5683607
3930,0,1,0.08782331960551686,0.0010658817,0.00025856565,0.08513982
3931,1,1,0.9422483888885306,1.0,0.9999999,0.9403981
3932,0,1,0.34350933370922526,0.9762576,0.947174,0.33809432
3933,0,0,0.0035600248373985404,2.1189936e-07,4.115389e-06,0.00424863
3934,0,1,0.08299152601642086,0.50501686,0.40286276,0.09343555
3935,0,1,0.26344575434983425,0.83735454,0.5042085,0.2640973
3936,0,1,0.1425428434238146,0.035249297,0.02459146,0.13744983
3937,0,0,0.013187780392584551,1.0092e-05,9.817689e-05,0.023611272
3938,1,1,0.9304278238966097,0.99992347,0.9997489,0.9193016
3939,0,1,0.0016567173895152706,4.4529938e-10,3.7413384e-10,0.0018309574
3940,1,1,0.7713322948046555,0.9999988,0.99999726,0.77650946
3941,1,1,0.020464638159929664,0.094265506,0.046618897,0.024536256
3942,0,1,0.050379149345182506,0.0034193029,0.0011550627,0.048186075
3943,0,0,0.01996004010246038,4.036218e-06,4.023381e-05,0.020361276
3944,0,1,0.007944233982122231,1.5220011e-09,5.1514716e-11,0.0071878713
3945,0,0,0.0012084388318542116,3.4889522e-11,5.9224836e-10,0.0014256876
3946,0,0,0.004940781841210938,9.824245e-07,2.8894046e-05,0.0057557966
3947,0,1,0.3260853925708962,0.9668728,0.69422054,0.32094592
3948,0,1,0.0074056808840158245,5.4411416e-06,1.977933e-06,0.0087982705
3949,0,1,0.04320823476159814,0.0004967393,0.00010221181,0.045161154
3950,1,1,0.45750985769937175,0.99727696,0.9924517,0.4622461
3951,0,1,0.0012717826256854823,1.5722701e-11,1.1731998e-11,0.0013404672
3952,0,1,0.2679433059975841,0.6324356,0.32924926,0.27968407
3953,0,1,0.09249465425040262,0.0021600965,0.00026194745,0.090631545
3954,0,0,0.003505881675721888,3.835349e-09,2.5215374e-09,0.0041789864
3955,0,1,0.28979070776937027,0.81460506,0.49342024,0.29212835
3956,0,1,0.11376649258632494,0.06722559,0.014019753,0.11123494
3957,0,1,0.0029299465260986344,1.4873291e-08,1.504353e-08,0.0034367072
3958,0,0,0.05880243567715001,0.0059223487,0.15610963,0.058405403
3959,0,1,0.160881910617579,0.23561788,0.19804733,0.16438971
3960,0,1,0.06865339883276601,0.0046378006,0.0006769722,0.06751984
3961,0,1,0.012141086628304367,1.2452674e-06,9.580621e-08,0.011239085
3962,0,0,0.004523114032016848,4.1473256e-09,7.863265e-07,0.0042217537
3963,0,0,0.3010028712603908,0.9634996,0.9999713,0.30107018
3964,0,0,0.0048841242114940646,7.7330697e-07,1.8628796e-05,0.0058444613
3965,0,0,0.020632017688056423,3.0349722e-05,0.0035277721,0.021258624
3966,0,0,0.007648370764494746,6.7724315e-09,1.4467602e-07,0.007577144
3967,0,1,0.03639711922316492,0.00017491504,8.112151e-05,0.03382657
3968,1,1,0.8981374764497706,0.99999964,0.9999939,0.9013029
3969,0,1,0.014483835785960322,0.00085836387,6.278398e-05,0.024052836
3970,0,0,0.18582284678004857,0.9070112,0.99856395,0.18928145
3971,0,1,0.30407371355778945,0.8432733,0.54515725,0.30394942
3972,0,1,0.35831702944832394,0.98813,0.9675143,0.36005726
3973,0,0,0.003988863398035699,1.920621e-08,3.224232e-06,0.0037918284
3974,0,1,0.26726573632821143,0.8068544,0.4394498,0.26630268
3975,0,1,0.01229266023173708,5.249107e-08,6.5385617e-09,0.012169643
3976,0,0,0.015069188184197313,8.1775937e-07,1.619053e-05,0.015518722
3977,0,1,0.12743974352810436,0.29153168,0.03432466,0.11879367
3978,0,1,0.10719248961834904,0.02979421,0.0015748439,0.10419655
3979,0,1,0.00741876160905372,9.0998594e-07,3.90668e-07,0.00754707
3980,0,0,0.019152043239508632,2.7680012e-06,4.2535085e-05,0.019393377
3981,0,0,0.016252134331119644,0.00010904717,0.0029099279,0.01542671
3982,1,1,0.7036246832834938,0.9990927,0.9944382,0.6967965
3983,1,0,0.7855139124431144,0.9999975,1.0,0.7605218
3984,1,0,0.6565310009215606,0.99996984,0.9999999,0.66387206
3985,1,1,0.2724497293151412,0.8600173,0.5987445,0.27363497
3986,0,0,0.6498401193184197,0.9999982,1.0,0.6523045
3987,0,0,0.007093919076220892,5.120435e-08,3.3691772e-06,0.0070149736
3988,1,1,0.5649379537973747,0.99969083,0.99900526,0.57021767
3989,0,0,0.06970079618784432,0.011997003,0.03954048,0.07432573
3990,0,1,0.07145909826226562,0.004580508,0.001265786,0.07459739
3991,0,0,0.00053973241763158,9.5274e-14,1.214754e-12,0.0005341394
3992,0,0,0.011921786213349847,4.0251995e-05,0.0023362916,0.01381245
3993,0,0,0.0016834018730245996,8.394422e-11,2.091397e-09,0.0019833446
3994,0,1,0.0967142890470645,0.18080086,0.07481396,0.10625048
3995,0,0,0.08791224341841941,0.089641124,0.99121785,0.08570114
3996,1,1,0.8157632330289135,0.99999523,0.9999871,0.81149375
3997,1,1,0.6181062352818754,0.99956983,0.9991848,0.61684644
3998,0,1,0.03089075749092476,0.0001861324,2.2680526e-05,0.027669724
3999,1,1,0.9819789171993898,1.0,1.0,0.98278505
4000,0,0,0.004141263556712057,3.002854e-08,7.870617e-07,0.0049285353
4001,1,1,0.9607682480814536,1.0,0.99999976,0.95904803
4002,0,0,0.1494182134547134,0.5845964,0.999718,0.14886901
4003,0,1,0.004792290520147345,8.1724636e-07,5.057287e-08,0.008329253
4004,1,0,0.03267569498944875,1.6562573e-05,0.00030945035,0.031383168
4005,1,0,0.38134992826548525,0.95724535,0.99998903,0.36209372
4006,0,1,0.49706517731494165,0.99825376,0.99446005,0.46573856
4007,0,0,0.021946429948335646,0.0008584964,0.053485755,0.026119644
4008,0,0,0.003407199237339386,5.638407e-10,2.5077396e-08,0.0034897053
4009,0,1,0.1906952945700869,0.008787408,0.00010002642,0.1926204
4010,0,1,0.004002525063805938,5.9722054e-09,2.1712976e-09,0.0034699566
4011,0,0,0.06366705691261182,0.0013885254,0.018621374,0.06453198
4012,0,0,0.012714705866252894,5.96333e-08,1.3828553e-06,0.012239609
4013,0,1,0.008754965203934185,1.5454267e-06,6.229028e-07,0.009704053
4014,0,0,0.015988785904562625,1.6758348e-05,0.0002757772,0.016049888
4015,0,0,0.005140423238443524,4.575576e-08,3.5858604e-06,0.0053631384
4016,0,1,0.1347819687374138,0.19316924,0.039577678,0.13475017
4017,0,1,0.21276792791380028,0.9870143,0.9758499,0.22694275
4018,0,1,0.011600524363409411,3.5622264e-07,6.460601e-08,0.010908454
4019,0,0,0.008609861361019024,5.2956113e-07,1.1379419e-05,0.008156565
4020,1,1,0.4332952062315218,0.942468,0.592945,0.43179795
4021,0,0,0.16106803059628677,0.59284097,0.9754553,0.1647616
4022,0,0,0.0014893044603852654,1.0078077e-09,7.877453e-08,0.0018050331
4023,0,1,0.05583980993929316,0.06094399,0.0355812,0.06251531
4024,0,0,0.0014084553904282196,5.548472e-10,5.2490265e-08,0.001708862
4025,1,1,0.7432112230153606,0.9999907,0.9999678,0.74393994
4026,0,0,0.030879935798146126,0.00015742757,0.0022180935,0.030505367
4027,1,1,0.7592819838653191,0.99986327,0.9987546,0.75206316
4028,0,0,0.023640375100846187,1.9972818e-05,0.0011971953,0.025047055
4029,1,1,0.6145778432739022,0.9999006,0.9997416,0.61971295
4030,0,0,0.03125954041312203,7.326287e-05,0.0035179732,0.030708188
4031,1,1,0.19334967840444595,0.48090816,0.23460037,0.20282254
4032,0,0,0.003042532006437451,4.747897e-10,8.4259515e-09,0.0030066206
4033,0,1,1.6039043461409168e-05,1.0,1.0,5.862318e-05
4034,0,0,0.0008259709056422911,9.1295345e-09,4.9605725e-10,0.000970299
4035,0,1,0.023848821417884695,3.581124e-06,6.174692e-07,0.02286801
4036,0,1,0.0023569090553699715,7.746136e-10,3.880681e-11,0.002576097
4037,0,1,0.7317361907848497,0.9999838,0.99996316,0.7286356
4038,0,0,0.003914083180313926,2.7936434e-07,6.1395763e-06,0.0047477833
4039,1,1,0.6079670781163248,0.9999635,0.9998909,0.6201859
4040,0,0,0.015777033658112605,2.60284e-06,2.6626321e-05,0.016693663
4041,0,1,0.533739563516942,0.99971646,0.9988538,0.5318691
4042,0,1,0.48392165973263734,0.9973997,0.99360865,0.49642932
4043,0,0,0.0873642626167394,0.082270905,0.5610537,0.091003396
4044,0,1,0.06773503695713577,0.0015801439,0.00079265394,0.06779008
4045,0,0,0.0003704411856789116,1.2135052e-13,4.4662145e-13,0.00041943512
4046,0,1,0.12476080090884926,0.012942055,0.0033572388,0.13109985
4047,0,1,0.02396418888345168,2.7919737e-05,3.3029057e-06,0.023008691
4048,0,1,0.09622081114767728,0.008885063,0.003496226,0.09184496
4049,1,1,0.8156546825293436,0.9999993,0.999998,0.8177167
4050,1,1,0.16460072703517592,0.009973814,0.00021817088,0.16724162
4051,1,1,0.4902966599655271,0.99968463,0.9992772,0.49437776
4052,0,1,0.03874998820002025,9.749426e-05,2.7920774e-05,0.036930937
4053,0,0,0.0554425929453917,0.0008418261,0.0029786157,0.054211665
4054,0,0,0.032863931507862224,0.001280485,0.022474872,0.03337928
4055,1,1,0.427355691625028,0.98133975,0.937082,0.4221826
4056,1,1,0.24388241093170282,0.4511873,0.2387245,0.2552888
4057,0,1,0.03906468186381253,0.000120966666,3.5876485e-05,0.037544932
4058,0,1,0.00882241895674404,2.2042516e-07,5.1039564e-08,0.008467722
4059,0,1,0.3050890026179491,0.91222715,0.6511977,0.30582133
4060,0,1,0.0943519125973145,0.012470436,0.0048463778,0.085914865
4061,0,1,0.0218093407063367,3.9257307e-06,1.493218e-06,0.019968608
4062,0,1,0.00978025821901925,2.3225558e-08,5.1664033e-09,0.008977305
4063,0,1,0.4317384768647577,0.8006923,0.3147019,0.43205094
4064,0,1,0.16952187155426351,0.29676497,0.06308405,0.16904552
4065,0,0,0.006971692878121058,1.1040211e-07,2.2994734e-06,0.007277021
4066,0,1,0.28717585519696176,0.97678226,0.9486105,0.2816071
4067,0,1,0.02296061508560414,0.00024724583,4.256109e-05,0.02705938
4068,0,1,0.21423528715232143,0.22844818,0.040895138,0.2184335
4069,1,1,0.9960333753981407,1.0,1.0,0.9954939
4070,0,0,0.4555580617230003,0.9885604,0.999995,0.44229668
4071,0,0,0.01546099508895538,2.0202024e-05,0.00037514593,0.015369398
4072,0,1,0.8013782638403424,0.9999933,0.99989116,0.80425495
4073,0,0,0.01030346128801533,1.3200259e-05,0.00093556405,0.011636558
4074,0,0,0.17079723004868655,0.9341211,0.99999595,0.16643415
4075,0,0,0.1502943006880699,0.06805392,0.23048979,0.15239158
4076,0,0,0.07991422578860928,0.3475565,0.96750176,0.07884465
4077,0,0,0.046083664997422835,0.0060024774,0.11158168,0.046696525
4078,0,0,0.017778754505483104,6.7170467e-06,0.00015002754,0.01934355
4079,0,1,0.13682509485366265,0.12196023,0.04745187,0.12933353
4080,0,0,0.01176605331119571,2.0081711e-06,2.3811637e-05,0.011429825
4081,1,1,0.758015014856079,0.99884117,0.99017316,0.74684393
4082,1,1,0.5700308719770982,0.99987113,0.9996789,0.56978726
4083,0,0,0.011770010213744206,2.7657555e-07,9.770587e-06,0.011422037
4084,0,0,0.0031946223443011694,4.583715e-09,9.433005e-08,0.0038004662
4085,1,1,0.5587746717479167,0.99841416,0.9945838,0.5587331
4086,0,1,0.05842974777818634,0.0024411168,0.0009323446,0.055972844
4087,0,1,0.3475990892348263,0.9987186,0.9963563,0.35753015
4088,0,1,0.003367759945997169,6.860949e-08,1.7081348e-08,0.0056830207
4089,0,0,0.07417210623733979,0.00063089194,0.031112947,0.075312935
4090,0,1,0.11285642649200782,0.03722982,0.0022672436,0.10966224
4091,0,1,0.017723546224502448,2.043132e-06,4.7416708e-07,0.017893028
4092,0,0,0.0538378852373469,0.0014049956,0.007789545,0.055056397
4093,0,1,0.005712534743263372,1.8396634e-08,1.4739393e-09,0.005706281
4094,0,0,0.02303771615154901,3.1553934e-06,0.00015223598,0.022953747
4095,0,1,0.11417441393583437,0.07122305,0.030969892,0.1113824
4096,0,1,0.12305292650387427,0.016253091,0.003010645,0.12345232
4097,0,1,0.000989410625429416,5.0404663e-11,7.0046412e-12,0.0011624842
4098,0,1,0.15038120867823115,0.08334837,0.0208713,0.15750052
4099,0,1,0.2436559225960702,0.33910152,0.0982433,0.24779588
4100,0,1,0.002821944611074576,9.665783e-09,7.357015e-09,0.0032747297
4101,0,1,0.5744843367589275,0.99996316,0.9999387,0.5838697
4102,0,1,0.020154907487179866,0.00031074556,5.0014492e-05,0.022769943
4103,1,1,0.9097203603368897,1.0,1.0,0.90863043
4104,1,1,0.361895889730056,0.9565241,0.87869495,0.36223525
4105,0,1,0.06061575496549409,0.009871212,0.0044493005,0.0581537
4106,0,1,0.5719602936582272,0.99887437,0.9973755,0.57109547
4107,0,0,0.014950309525914064,1.0502819e-06,1.2802824e-05,0.014962237
4108,1,1,0.631976665114076,0.99998856,0.9999833,0.6512665
4109,0,0,0.07004953734837087,0.004964294,0.19177482,0.06864709
4110,0,1,0.330466819567137,0.90803766,0.23785901,0.32781664
4111,0,1,0.5911813195617519,0.9998071,0.9995579,0.58975405
4112,1,1,0.7657458356466799,0.9999993,0.9999944,0.75212014
4113,0,1,0.09918953962628596,0.008319279,0.0006539489,0.10349099
4114,0,0,0.061518139864271584,0.00015631065,0.017250657,0.0601225
4115,0,1,0.017540187186452217,3.5909896e-05,3.9410315e-06,0.030607365
4116,0,1,0.09358837405680183,0.00067651307,2.277785e-05,0.09550271
4117,0,0,0.0263534069328969,4.7276957e-05,0.0016372988,0.027037999
4118,0,0,0.08178763501129517,0.012069279,0.39319283,0.08133492
4119,0,1,0.01265680362357268,1.1120325e-06,5.362338e-07,0.014325868
4120,0,1,0.05314907131786696,0.000261611,0.00015420126,0.05039583
4121,0,1,0.08002809333709239,4.269523e-06,5.687656e-08,0.076080285
4122,1,1,0.5023573436897684,0.9957424,0.9860059,0.50692916
4123,1,1,0.7716136632684765,0.9999999,0.9999994,0.7755503
4124,0,1,0.3083243489588195,0.872144,0.66717315,0.303941
4125,1,1,0.47224897707615465,0.9588254,0.7297704,0.46678895
4126,0,0,0.01375722515305511,4.625898e-06,8.099876e-05,0.015477999
4127,1,1,0.7141940769035714,0.9999449,0.99979603,0.7074634
4128,0,0,0.003330399099502796,3.117785e-08,2.3675904e-07,0.0057709063
4129,0,0,0.004705185898360664,2.896456e-07,2.9122905e-06,0.005740332
4130,0,1,0.027626194498148605,6.854264e-05,2.362661e-05,0.025087077
4131,1,1,0.38738252549534025,0.9748837,0.8751407,0.3951646
4132,0,1,0.03737117813743394,0.00015776357,3.1498395e-05,0.035713382
4133,1,1,0.4642684415797434,0.9990383,0.99753976,0.46658435
4134,1,0,0.10559621558239213,0.23905897,0.9322845,0.11286824
4135,0,0,0.0034871128412604364,7.624211e-10,4.757048e-08,0.0035285668
4136,0,0,0.006022542443199815,1.1995031e-08,9.1334806e-07,0.0060488926
4137,0,0,0.004318963201162798,5.594038e-07,2.5579804e-05,0.0049387207
4138,1,1,0.5548705379430919,0.99965584,0.9987274,0.55512583
4139,0,0,0.002792658349036706,1.111786e-09,1.2380162e-08,0.0029114776
4140,0,1,0.0729057696259787,0.009939918,0.0012507335,0.07175223
4141,1,1,0.6412088814599848,0.99977684,0.9989612,0.64414245
4142,0,0,0.012914800079510534,0.00015747739,0.0036993853,0.015562367
4143,0,1,0.023168206512159874,3.5700345e-05,5.2311643e-06,0.022116218
4144,0,0,0.05542289922960456,0.0007993128,0.041515008,0.052392066
4145,0,1,0.1356985497840798,0.005945194,0.004201629,0.13333963
4146,0,1,0.16675670003649723,0.18906708,0.0681398,0.17547359
4147,1,1,0.9358620319382805,1.0,0.9999999,0.9371367
4148,0,1,0.8802199538902079,0.9999919,0.9999598,0.8741719
4149,0,0,0.20819102695995167,0.30372876,0.9326684,0.2063077
4150,1,1,0.9007038867553153,0.9999912,0.9999485,0.88407445
4151,0,0,0.055278380744878966,0.0016466351,0.07282699,0.05585301
4152,0,1,0.02643157273112511,5.7104597e-05,2.7271302e-05,0.029557312
4153,0,1,0.14300887509382643,0.6324612,0.4185892,0.14284898
4154,0,1,0.1773348017144633,0.059143018,0.018760147,0.17553942
4155,0,0,0.004560123360636253,3.660372e-09,3.247359e-07,0.00460153
4156,0,1,0.265071069903432,0.33786914,0.15639137,0.25254938
4157,0,0,0.0012137408728788832,8.26986e-11,4.6901687e-09,0.0014662909
4158,0,1,0.5849836096647817,0.99996614,0.99994564,0.599268
4159,0,1,0.035080520894430284,0.0001306022,9.6158976e-05,0.03545466
4160,0,1,0.3515332545495154,0.8125291,0.38904756,0.34549493
4161,0,0,0.0018909502931785652,6.445702e-10,1.7550274e-08,0.0021463924
4162,1,1,0.6000918547973194,0.9999094,0.9996376,0.60299385
4163,0,0,0.007774662596583471,1.41203145e-05,0.00014119402,0.013524665
4164,0,0,0.08192286797182612,0.004003642,0.077554934,0.08778514
4165,0,0,0.03530108946677497,0.00018223381,0.005942562,0.03360815
4166,0,1,0.1317507431973169,0.022961693,0.0045676483,0.128139
4167,0,0,0.005047584985857661,1.0422576e-08,9.02202e-07,0.0050216145
4168,0,1,0.38645482957994215,0.99893206,0.9960193,0.3862486
4169,0,1,0.0275214683952557,0.00020781196,8.091761e-06,0.03447386
4170,0,1,0.612051754976805,0.99997044,0.9999192,0.6251259
4171,0,0,0.05547310743204474,0.009086854,0.12822331,0.05564898
4172,0,0,0.019920287305219754,4.446527e-05,0.0016226636,0.021382274
4173,0,1,0.01595042169814538,2.7313995e-06,1.3991239e-06,0.015746655
4174,0,0,0.002801670678281055,5.043017e-10,1.1299711e-08,0.0030866032
4175,0,1,0.1154310337749573,0.16655159,0.09148111,0.110493004
4176,1,0,0.5593349688586444,0.99953026,0.9999999,0.55217
4177,1,1,0.9991236200406208,1.0,1.0,0.9990183
4178,1,0,0.5592878319485057,0.9805895,0.999191,0.54364395
4179,0,1,0.3544407088609957,0.9389156,0.37512022,0.36157188
4180,0,0,0.03245205984572153,0.0011052723,0.04029421,0.034690425
4181,0,1,0.9422539662714096,1.0,1.0,0.9440015
4182,1,1,0.9664542177464757,1.0,1.0,0.96762097
4183,0,1,0.06727493200548594,0.0030459245,0.0010106219,0.069356434
4184,0,0,0.012492615154887685,4.821208e-07,1.157183e-05,0.013326796
4185,0,0,0.02336303227670769,0.00010270021,0.0027353102,0.029900197
4186,0,1,0.047339199214040804,0.000286273,4.0590745e-05,0.047715016
4187,0,0,0.07273957635955562,0.0040750387,0.1541845,0.07123001
4188,0,1,0.4177120519524275,0.45630297,0.25942615,0.17688604
4189,0,1,0.7837159347456594,0.9999536,0.9989718,0.78955024
4190,0,0,0.0006721390614762488,3.630447e-12,2.4758562e-10,0.00087427185
4191,0,1,0.38144030780253585,0.67528456,0.29783046,0.37034225
4192,0,0,0.009327381157460879,1.18634446e-07,2.0163807e-06,0.011010735
4193,1,1,0.9999999999999858,1.0,1.0,1.0
4194,0,1,0.5146367290432682,0.99988675,0.9996517,0.5158819
4195,0,1,0.8280137133319923,0.9999995,0.99999917,0.82674795
4196,0,0,0.03340260177069474,0.00029504488,0.0057985997,0.03375179
4197,0,1,0.08684923843076979,0.003478009,0.0025436962,0.08923867
4198,0,0,0.013953824126959925,2.3703587e-06,3.2185675e-05,0.0150448335
4199,0,1,0.12968327849270547,0.018121535,0.004773872,0.13618076
4200,0,1,0.0006254116415769852,6.13181e-11,8.6755126e-13,0.0009879129
4201,0,0,0.0025859969288149587,1.8856028e-10,2.5855483e-08,0.002412236
4202,0,1,0.12594096190035,0.0075183655,0.002550876,0.12280611
4203,0,1,0.02368519342460465,5.9511257e-07,6.462216e-08,0.022917185
4204,0,1,0.3257199649757398,0.9724969,0.8794719,0.32893473
4205,0,0,0.05938727842977174,0.012087954,0.2802958,0.060743306
4206,0,0,0.09219032391699787,0.036788,0.42029563,0.09450724
4207,0,1,0.04430592387527021,0.004602804,0.001198947,0.05066489
4208,0,0,0.00809405600349196,1.7939918e-07,2.9730427e-06,0.007907688
4209,0,0,0.004665324900390432,3.5503602e-09,2.7516828e-07,0.0046689743
4210,0,1,0.683915162524925,0.9999268,0.99969786,0.6853794
4211,0,0,0.006033491866107466,7.934283e-09,3.1523507e-07,0.0063704452
4212,1,0,0.643147033022352,0.9999665,1.0,0.63732857
4213,0,0,0.03398764696986639,7.140771e-05,0.0010118646,0.03449375
4214,1,1,0.35674902092921845,0.97789395,0.9004012,0.35606784
4215,0,1,0.15746782197496287,0.094191425,0.028149616,0.16477755
4216,0,0,0.0013592853028561184,4.753615e-10,5.6645515e-08,0.0015721463
4217,0,1,0.047864395922108005,0.0006113528,0.0001709391,0.047026478
4218,0,0,0.056894727101207666,0.00030583635,0.017766573,0.05718143
4219,1,1,0.9452762268484006,1.0,0.9999999,0.9426383
4220,1,1,0.9999999999999922,1.0,1.0,1.0
4221,0,1,0.8215120208603622,0.9999999,0.99999976,0.82245857
4222,0,1,0.2756407285988768,0.9954471,0.99451405,0.26305857
4223,0,1,0.12828546464509175,0.3154996,0.12995288,0.1265831
4224,1,1,0.854855612365467,0.99999905,0.99999547,0.8556777
4225,1,1,0.5197676386096829,0.9992773,0.99825853,0.5119828
4226,0,0,0.00689949774768146,2.8711298e-07,8.5457395e-07,0.008381135
4227,0,0,0.1070278834154216,0.011145096,0.2450958,0.10883069
4228,0,1,0.00477369332596018,3.770231e-09,2.0020059e-10,0.0043582665
4229,0,1,0.37720921991644957,0.9788938,0.89365053,0.3716594
4230,1,1,0.9814970197937324,1.0,1.0,0.9796562
4231,1,1,0.8808009746202604,0.99999976,0.99999714,0.8859642
4232,0,1,0.00438313512844395,8.042786e-08,2.6900427e-08,0.0054357783
4233,0,1,0.37185526354601006,0.9029592,0.82780886,0.37034762
4234,0,0,0.10577506631662788,0.011116031,0.021233175,0.11227144
4235,0,0,0.00827056774073436,9.404925e-08,1.5038061e-06,0.008207403
4236,0,1,0.08145128687908942,0.07272563,0.017706724,0.07892516
4237,1,1,0.14763474861928685,0.056546953,0.015792497,0.15467282
4238,0,1,0.36271605639330595,0.82432216,0.387386,0.36440888
4239,0,0,0.006655046546664988,3.6793992e-07,1.1641698e-05,0.0062853526
4240,0,0,0.001021535501767104,7.824249e-12,1.3862017e-10,0.0010229792
4241,0,1,0.008684457753628212,1.1184975e-07,1.5453763e-07,0.007667834
4242,0,1,0.41249403076187885,0.99669194,0.99142176,0.41180402
4243,0,1,0.2691504694649004,0.75217986,0.3872867,0.26861346
4244,0,1,0.012234251606219878,1.0947975e-05,3.865885e-06,0.014037659
4245,1,1,0.2452140658595741,0.9807536,0.81684923,0.2382911
4246,0,0,0.006649662358174843,3.4983304e-07,1.133861e-07,0.011547281
4247,0,1,0.0010075936428568227,3.5555234e-13,6.0873306e-15,0.001158999
4248,0,1,0.008065891177392705,8.6768637e-07,3.310198e-07,0.008948418
4249,1,1,0.4229048818300377,0.9891452,0.9521206,0.42118555
4250,0,1,0.04261752293079269,6.266393e-05,1.2183924e-05,0.041145507
4251,0,1,0.04715008359090739,8.794435e-05,2.2898008e-05,0.045480255
4252,1,1,0.942602235264071,1.0,0.99999976,0.944653
4253,1,1,0.42451985594592784,0.9942959,0.96290743,0.4284147
4254,1,1,0.2611314473079434,0.7456393,0.46194628,0.27579018
4255,0,1,0.11387295638057575,0.00107174,4.0363237e-05,0.06467432
4256,0,0,0.05535748339371261,0.008135452,0.22973228,0.055605516
4257,0,0,0.027535250382738272,0.00019558573,0.0025188855,0.028414492
4258,0,1,0.22598660168049972,0.47199917,0.20554623,0.2278562
4259,0,1,0.0029227745404260337,1.2079176e-08,9.532187e-09,0.0033904598
4260,0,0,0.03116040655485537,4.2380132e-05,0.0025513007,0.031196307
4261,0,1,0.48716559866374815,0.99667263,0.98648036,0.4808506
4262,0,0,0.0759271846220545,0.012986713,0.45974407,0.07696774
4263,0,1,0.9107081873075048,1.0,1.0,0.91439205
4264,0,0,0.005955410017318135,2.0897312e-08,1.6884072e-06,0.005863042
4265,0,0,0.6513303860913667,0.9998001,1.0,0.6466402
4266,0,1,0.29061167230654317,0.8713979,0.7036672,0.30282235
4267,0,1,0.7737568766734781,0.99999654,0.9999949,0.76338995
4268,0,0,0.01902913078461023,4.9350547e-07,9.174387e-06,0.018575234
4269,0,0,0.002545489496889137,2.945288e-10,2.5426097e-08,0.0024027398
4270,0,0,0.0016148924284372145,7.350191e-11,2.542007e-09,0.001622583
4271,0,0,0.4465049539561841,0.9990299,0.99999964,0.44485652
4272,0,1,0.007454543856300976,7.9886854e-07,1.8406398e-07,0.008476121
4273,1,1,0.6137451972749645,0.9993924,0.97928315,0.63483286
4274,0,1,0.4098122073992819,0.96671414,0.81935316,0.41305178
4275,0,1,0.012426955623183642,6.006215e-07,3.584797e-07,0.011681387
4276,0,0,0.0033314715025474406,5.3135676e-11,2.9897944e-09,0.0031129257
4277,0,1,0.48123621274083794,0.9996513,0.9991192,0.48422146
4278,0,1,0.024516016613354483,3.8118153e-05,7.004319e-06,0.023389973
4279,0,1,0.1812459776721372,0.714115,0.1695557,0.17627011
4280,1,0,0.48161762796816604,0.8076255,0.98756415,0.4600987
4281,0,0,0.02935527176278689,0.0010656376,0.026068917,0.028268144
4282,0,0,0.015610393315657054,7.389655e-06,0.00015086403,0.015610912
4283,1,1,0.2312461782857597,0.7832846,0.5494018,0.24011967
4284,0,0,0.003647193746707572,7.589075e-09,2.2290207e-07,0.003550626
4285,1,1,0.7088594775234076,0.9999733,0.9998709,0.7069081
4286,0,0,0.13839422149619304,0.435626,0.9992063,0.12414158
4287,0,1,0.16833968032202767,0.19321087,0.06950753,0.16544786
4288,0,1,0.04716797116819318,0.00060688815,0.00023693034,0.0484079
4289,1,1,0.4701878593213421,0.9928946,0.98271257,0.48549646
4290,1,1,0.46585504712052556,0.998526,0.99210465,0.4578987
4291,0,1,0.1653798409580085,0.31444252,0.22923411,0.15958175
4292,0,1,0.27144077816078727,0.8801854,0.20955929,0.2775472
4293,0,1,0.361132370429254,0.99080515,0.9688219,0.3763065
4294,0,1,0.16451072653712262,0.04200207,0.008210726,0.16769402
4295,0,1,0.35191676842003167,0.9504751,0.83598346,0.35141048
4296,0,0,0.09188729284794399,0.022675855,0.5220218,0.08597295
4297,0,1,0.32352147568131095,0.858618,0.569449,0.32666007
4298,0,0,0.09591077403868378,0.0025411327,0.15301654,0.09503372
4299,0,1,0.0030797639244543934,4.1533313e-10,1.37378e-11,0.003587446
4300,1,1,0.8046158111668225,0.9999951,0.99999285,0.7969925
4301,0,1,0.3936013218033348,0.9879153,0.96713525,0.39516988
4302,0,0,0.042370263718038724,1.4873617e-05,2.1054719e-05,0.042858575
4303,1,1,0.1725053253747623,0.18632594,0.10127375,0.1656198
4304,0,1,0.014420846958651295,4.185231e-06,3.191177e-07,0.013275599
4305,0,1,0.018305847600124867,1.37462375e-05,3.4028244e-06,0.020917727
4306,0,1,0.07968448874710589,0.0051444755,4.687776e-05,0.08018878
4307,1,1,0.09724988081320106,0.023880342,0.021426097,0.094726026
4308,0,1,0.05444394172839145,0.000104802886,2.4435954e-05,0.05001835
4309,0,0,0.0019827529090176215,1.5372569e-09,4.9723806e-08,0.0026164935
4310,0,1,0.07719778978943163,0.0054472643,0.0021508662,0.073207155
4311,0,0,0.06346966347818962,0.0050663417,0.11599592,0.06372815
4312,0,0,0.02223818394574365,7.052121e-05,0.004347863,0.023294652
4313,0,1,0.2484856700447627,0.9158996,0.8413615,0.24115115
4314,1,1,0.7401261964744511,0.99998367,0.9999609,0.7397633
4315,0,0,0.023650936905666133,2.3226652e-05,0.0009846836,0.023680672
4316,0,0,0.033893918204472934,0.0008186062,0.012480528,0.03489504
4317,0,0,0.6008274442226164,0.999697,1.0,0.57341576
4318,1,1,0.3241848633090143,0.97257924,0.910898,0.3261886
4319,0,0,0.0846311493289743,0.020270605,0.98277056,0.08680643
4320,1,1,0.878165559577057,1.0,1.0,0.8811366
4321,0,0,0.004834044981937322,5.071961e-07,2.463754e-05,0.005555052
4322,1,1,0.17667455206624716,0.6570856,0.49010032,0.17668231
4323,0,1,0.1322724562976865,0.2311204,0.05533704,0.12919493
4324,1,1,0.9827376798336964,1.0,1.0,0.9807813
4325,1,1,0.9980013837054555,1.0,1.0,0.9974821
4326,0,0,0.020862694705118097,2.0447287e-05,0.0008634878,0.020789137
4327,0,1,0.5115094349796038,0.9940766,0.9767939,0.50846463
4328,0,1,0.0038224957235670964,7.881825e-08,1.3254718e-08,0.0045607006
4329,0,1,0.22160126517115733,0.440213,0.12092649,0.22188237
4330,0,0,0.01707039517398214,1.6708276e-06,7.735842e-05,0.015566036
4331,0,1,0.6393373554878945,0.9998635,0.99976903,0.6259035
4332,0,0,0.012871373512877485,7.7724565e-08,1.1324965e-06,0.012993652
4333,0,0,0.050190394651953324,0.0011913566,0.019750547,0.04919249
4334,0,1,0.1821622887245592,0.45574856,0.21982181,0.1769145
4335,0,0,0.07349550402972022,0.03550406,0.548131,0.076330766
4336,0,1,0.01552375365922753,1.6556463e-06,2.9447185e-07,0.014647473
4337,0,1,0.030099727922902223,0.013207239,0.0013281817,0.04896485
4338,0,1,0.10189593004197474,0.0036890798,0.00024641625,0.108198434
4339,0,1,0.5639484696168384,0.99997663,0.9999572,0.56450045
4340,0,1,0.0200159728429224,1.1094797e-05,3.1635168e-06,0.019128313
4341,1,1,0.21295695504965426,0.22183448,0.077507116,0.209326
4342,0,1,0.12132478463718431,0.036534335,0.0053613656,0.11987666
4343,1,1,0.7881200045964506,0.9998385,0.99882144,0.7789123
4344,0,1,0.004848263769875671,3.3923544e-07,2.0448675e-07,0.0055707917
4345,1,1,0.8787341168088515,1.0,1.0,0.87879926
4346,0,1,0.012925179661856186,0.00010247042,3.325077e-05,0.014838429
4347,0,0,0.005731505143782852,4.7840905e-07,1.7904153e-05,0.0068842852
4348,0,0,0.004227264375047218,9.888491e-09,1.1859603e-06,0.0040925895
4349,1,0,0.6649120645948919,0.99998164,1.0,0.66511565
4350,0,1,0.0008699511044027946,5.605674e-12,2.1916814e-13,0.0009437379
4351,0,1,0.1576923083249474,0.12930088,0.016560258,0.15836138
4352,1,1,0.42160382429065624,0.99160683,0.9687487,0.42262307
4353,1,1,0.09023051016016809,0.00061515695,1.23917225e-05,0.09111525
4354,1,1,0.7322419040108719,0.9999995,0.99999917,0.73577297
4355,0,0,0.5145910589588225,0.9988199,0.9999999,0.50083125
4356,0,0,0.05349241253463718,0.0019267906,0.14896297,0.05081837
4357,0,0,0.011658545144090404,5.0887625e-06,0.00017530206,0.011027531
4358,0,1,0.33875384284158816,0.6674315,0.1796484,0.3387868
4359,0,0,0.06002102248489907,0.10081839,0.78619117,0.05957771
4360,0,0,0.2998228158935476,0.9919784,0.9999949,0.29025453
4361,1,1,0.17649340916956147,0.51549333,0.27312082,0.18899666
4362,0,1,0.09990266515373618,0.019102527,0.007124805,0.096987315
4363,1,1,0.3609205834884113,0.98100513,0.91316813,0.36019403
4364,0,0,0.00811038298021529,2.5944354e-08,4.4396077e-07,0.008626253
4365,0,1,0.1075616464122049,0.030916154,0.012827263,0.10436938
4366,0,0,0.0015094432069656422,1.690054e-09,1.9094065e-07,0.0018580907
4367,0,1,0.6934819809556193,0.9999311,0.9997682,0.7023067
4368,0,0,0.45493114469487317,0.99884653,0.99999964,0.452184
4369,0,0,0.04388278964099969,0.062906966,0.42737618,0.07463668
4370,0,0,0.003213503991002754,1.8439439e-10,1.0408967e-08,0.0031206924
4371,1,1,0.5732819909718901,0.9996189,0.9989776,0.5790118
4372,0,1,0.12694284303818515,0.07391768,0.0140646985,0.13125785
4373,1,1,0.760709135249485,0.9999943,0.9999807,0.7604954
4374,1,1,0.8843444258597872,0.9999982,0.99997425,0.88312846
4375,0,0,0.06047083561947505,0.0026337611,0.874303,0.061825965
4376,0,1,0.15543665231548406,0.0062949085,0.00067336316,0.15211053
4377,0,0,0.01016006401986068,3.5302996e-08,5.199965e-07,0.010209941
4378,0,1,0.12022712181666964,0.16129926,0.018386655,0.1120718
4379,1,1,0.9936776613254644,1.0,1.0,0.9930321
4380,1,1,0.20595409829546765,0.17360806,0.04349068,0.20896757
4381,0,0,0.11564609122899702,0.029180508,0.43597665,0.116726205
4382,0,1,0.008960007045238484,6.857736e-07,5.2811316e-08,0.014433357
4383,0,0,0.06633040418259048,0.0014367733,0.05878405,0.0625204
4384,1,1,0.5109809024613868,0.9984642,0.99762374,0.5079273
4385,0,0,0.057278957558807304,0.0016341062,0.02797893,0.0587198
4386,1,1,0.30950066265248943,0.9608243,0.75718427,0.31134054
4387,0,1,0.15751173192588874,0.10736159,0.021014484,0.1561152
4388,0,1,0.0005198490465513234,6.8287826e-15,6.051714e-17,0.0005892178
4389,0,1,0.04910621771425608,0.011458081,0.0038188524,0.047690608
4390,0,1,0.15706700221165995,0.20781574,0.05644062,0.15591532
4391,1,1,0.9583680998130799,0.9999999,0.9999995,0.9553839
4392,1,1,0.6837850900871345,0.99992025,0.99968535,0.6852491
4393,0,1,0.035298517967974306,0.00035194907,3.938617e-05,0.03304916
4394,1,0,0.49907002725119365,0.99964523,0.9999999,0.5036766
4395,0,0,0.0547302429346658,0.0006973861,0.05943315,0.052663136
4396,0,1,0.1272339368523235,0.025280867,0.0057446687,0.12830158
4397,0,1,0.12234508534218234,0.011772583,0.0024398887,0.11900536
4398,0,0,0.11381384382337208,0.01866941,0.9903145,0.11473068
4399,1,1,0.5628179555831486,0.99985564,0.9987822,0.5644637
4400,0,0,0.055346953380776,0.00063793076,0.009568275,0.05709536
4401,0,0,0.005369189323469058,3.1405243e-08,5.1626336e-07,0.0056467066
4402,0,1,0.21968946331745284,0.14727244,0.05717639,0.21817021
4403,0,1,0.009765172299918985,1.3083188e-06,1.9970958e-06,0.009376866
4404,0,1,0.002380578595725018,4.413512e-11,3.7788515e-11,0.0022187585
4405,0,1,0.0879950325756609,0.0037375093,0.003041997,0.085944876
4406,1,1,0.18132090661991135,0.22154799,0.08923683,0.18922041
4407,0,1,0.018186517371246092,2.722295e-06,1.0999755e-06,0.018257389
4408,0,1,0.2811989418696572,0.8219201,0.46689203,0.28295004
4409,0,1,0.13152290338133177,0.19797307,0.10399548,0.12533922
4410,0,0,0.10638213601184568,0.73765844,0.95844626,0.17411089
4411,0,1,0.4900628823848214,0.99809855,0.9966582,0.48374766
4412,0,0,0.0038676558983016,9.843911e-09,3.165703e-07,0.004591322
4413,0,0,0.0050951055625044015,5.6226263e-06,0.00015936865,0.0058195125
4414,0,0,0.0009435921092561844,4.438653e-11,7.092788e-10,0.00120274
4415,0,1,0.41758907577497156,0.97221774,0.91196156,0.41254455
4416,0,1,0.0049189128480855064,8.527436e-09,2.6448224e-09,0.005398887
4417,0,0,0.007069851098218581,1.1648149e-07,2.7936244e-06,0.006432035
4418,1,1,0.9987108829796508,1.0,1.0,0.99858284
4419,0,0,0.11348151562441487,0.036203757,0.49620163,0.11490219
4420,0,1,0.14093632324526886,0.026341809,0.020346448,0.13590477
4421,0,1,0.0011366464516402437,1.17592845e-11,5.902607e-12,0.0013022021
4422,0,1,0.14734951906842564,0.0909768,0.026073245,0.14225766
4423,1,1,0.4248728735753151,0.98958045,0.96849245,0.41822058
4424,0,1,0.01486836819504264,2.7651972e-09,8.5242736e-11,0.014170781
4425,0,1,0.04830773254660258,0.00014956862,4.309847e-05,0.04449861
4426,0,1,0.016976782284216035,4.3604607e-05,9.060934e-06,0.020141024
4427,0,1,0.4563900086414068,0.9985457,0.9906856,0.44856304
4428,0,0,0.02989718150804434,9.251442e-05,0.0025375239,0.032415926
4429,0,1,0.004920996361990457,4.2605242e-07,9.8441774e-08,0.00587373
4430,0,0,0.04417230974378102,0.00016120497,0.013825368,0.044466283
4431,0,1,0.0042019746128830505,4.746731e-09,1.4938104e-09,0.00457445
4432,0,1,0.0013821350946818878,1.3082548e-11,5.8514296e-14,0.002305541
4433,0,0,0.006876375245610763,9.334263e-08,2.2850977e-06,0.008229448
4434,1,1,0.7763300216606416,0.9999969,0.99999547,0.7745619
4435,0,1,0.6608315272890053,0.9985416,0.9913761,0.65236086
4436,0,1,0.4626224873800819,0.9958662,0.9845382,0.46045876
4437,0,1,0.025147648880896614,1.2374575e-05,5.841918e-06,0.025314525
4438,1,1,0.16540682731521697,0.021857023,0.0006310949,0.16854256
4439,0,1,0.04291369982007999,0.00026431217,9.009197e-05,0.04137076
4440,0,1,0.11361417804291805,0.066565074,0.0072434857,0.11087746
4441,0,0,0.05914735504311898,0.0008679164,0.054514237,0.05907549
4442,0,0,0.044731483721126675,0.00048583822,0.016724186,0.043823544
4443,0,0,0.03763338403743364,5.745033e-06,0.00041808188,0.036315374
4444,0,0,0.0032012637905666345,1.1623893e-09,6.857835e-08,0.0031224757
4445,0,1,0.004583413354511474,3.9961444e-07,1.9775659e-07,0.005486188
4446,0,1,0.02248747679018421,0.0007702939,0.00016236858,0.025933363
4447,0,1,0.07904433854788569,0.0002206335,9.184742e-05,0.079161294
4448,1,1,0.4276782027530841,0.9971765,0.9948619,0.42777064
4449,0,1,0.012593424691882864,4.975765e-05,1.6554535e-05,0.014347121
4450,1,0,0.6923860059008669,0.99997413,0.99999917,0.69795287
4451,0,0,0.010314438904752716,3.2295475e-08,6.86798e-07,0.010250561
4452,0,1,0.16119118633318527,0.0713684,0.027911898,0.16859193
4453,0,1,0.0015590567421892563,6.228043e-10,1.847274e-10,0.0018526511
4454,0,0,0.1696077820794409,0.35413042,0.96656024,0.1622391
4455,0,1,0.001931057583176073,1.8428925e-10,8.1031494e-11,0.0022276964
4456,0,0,0.016959424449243737,3.0781218e-06,8.161173e-05,0.017012432
4457,0,1,0.42884866360079765,0.9564965,0.44981256,0.43674526
4458,1,1,0.9850171981634711,1.0,1.0,0.98397833
4459,0,1,0.22774120398212316,0.4804738,0.13244407,0.22725615
4460,0,1,0.006001028359695849,3.211537e-08,6.4676877e-09,0.0057939473
4461,0,0,0.008452967555521523,4.3933449e-07,3.1997275e-05,0.008275984
4462,0,1,0.009902377155998595,1.1586827e-05,4.347093e-06,0.011794026
4463,0,0,0.059257378331505496,0.019520666,0.4799216,0.06039412
4464,0,1,0.19828734194888514,0.433601,0.22060049,0.19268563
4465,0,0,0.0012400751810532887,5.3984175e-11,2.1337923e-10,0.0014636186
4466,1,1,0.8846722740684618,0.9999999,0.9999999,0.8832475
4467,0,1,0.09942459252518858,0.0032546935,0.0007825677,0.0938559
4468,0,0,0.0008052815367282087,3.722637e-11,3.4301242e-09,0.0009706101
4469,0,0,0.0047330962108704305,2.9543323e-06,0.00039523447,0.005596306
4470,1,0,0.9649112160131311,1.0,1.0,0.9622918
4471,1,1,0.6633360659170945,0.99997056,0.9999256,0.6659012
4472,0,1,0.20637562867954146,0.5942318,0.40301147,0.19456352
4473,1,1,0.6716908604688421,0.99989843,0.9996035,0.6741954
4474,0,0,0.21499022067329207,0.13744417,0.83902323,0.21081425
4475,0,1,0.6810639370264272,0.9999616,0.9994023,0.6852499
4476,0,1,0.05060545109018039,0.000981179,0.0007967941,0.051127966
4477,0,1,0.14346769550051658,0.042565428,0.011921401,0.15038486
4478,0,0,0.0003389182968623831,2.8754432e-13,4.1788027e-12,0.00041197884
4479,0,0,0.0206634144396659,5.3906238e-06,9.238121e-05,0.02152662
4480,1,1,0.47144758926728975,0.9924535,0.9688459,0.4763294
4481,0,1,0.003571040446264177,8.157593e-08,1.2536324e-08,0.004055705
4482,0,1,0.0011729238355012547,3.2301245e-13,5.3551494e-15,0.0011065581
4483,1,1,0.9972616950583834,1.0,1.0,0.9967571
4484,0,1,0.46161297424359665,0.9982065,0.99493283,0.46613777
4485,0,0,0.00134982161792893,5.3593904e-11,3.3185026e-09,0.0016323553
4486,0,1,0.18878978629494214,0.17022921,0.022579202,0.17593394
4487,0,1,0.5292895529082311,0.9603083,0.56607366,0.5274184
4488,0,1,0.043190224171604785,7.3588955e-05,8.755835e-06,0.041047134
4489,0,0,0.07097465521765821,0.0010328321,0.83211935,0.068629384
4490,0,1,0.6468835458110371,0.99976665,0.9989235,0.6488177
4491,1,1,0.7923243595828335,0.9998981,0.9994911,0.79042673
4492,0,0,0.04286196644837254,0.0004980196,0.0065706708,0.045853432
4493,0,1,0.0016181976715577235,1.9367772e-09,1.5245369e-10,0.0017673756
4494,1,1,0.22640936996804853,0.924515,0.91744643,0.21787307
4495,0,1,0.4102958765139151,0.9921876,0.9691996,0.41247243
4496,0,1,0.11970129211902929,0.07344258,0.005438006,0.11710065
4497,1,0,0.1811154319674776,0.36589563,0.91204596,0.18753198
4498,0,0,0.01578840253677675,0.000106454645,0.0044910233,0.01907898
4499,1,1,0.3328811504061703,0.98297477,0.89165765,0.3352683
4500,0,1,0.3400270685467049,0.97310096,0.92696637,0.33993107
4501,0,0,0.015491165618231849,1.0828263e-05,0.00017266719,0.01549361
4502,0,1,0.18227996627806284,0.038329206,0.015949966,0.18241332
4503,0,0,0.041738111369653955,0.0021211507,0.043660708,0.04223942
4504,0,1,0.3605856906545847,0.7657419,0.21066102,0.3511465
4505,0,0,0.004298850729348314,1.5696199e-07,2.3852274e-06,0.0051420107
4506,0,0,0.05186838636804517,3.66481e-05,0.12249719,0.052965466
4507,0,1,0.22968106830951224,0.6485068,0.32093906,0.22653764
4508,0,1,0.0007729488780123195,1.19174315e-11,2.1640673e-12,0.001230663
4509,0,0,0.012744331666982982,1.2944766e-07,2.361881e-06,0.013012017
4510,0,1,0.35868246648801144,0.93205553,0.78600496,0.35307905
4511,0,0,0.003380526046702696,1.13996954e-07,2.4668639e-06,0.0040365662
4512,1,1,0.7831085197559379,0.9999993,0.9999957,0.7862941
4513,0,0,0.0786896354974918,0.07344399,0.6921803,0.09355262
4514,1,1,0.08139682225224357,0.0046480033,0.0014003963,0.08064338
4515,0,1,0.11451714541025967,0.060953494,0.0039686514,0.11206723
4516,0,0,0.04909033997001155,0.0054212324,0.10321337,0.053667847
4517,0,1,0.03428910840071631,8.7392174e-05,1.4476254e-05,0.033909082
4518,0,0,0.0029261913555791936,2.986347e-08,1.4306731e-06,0.003674776
4519,0,0,0.010315212251526647,2.1989931e-06,6.474211e-05,0.012088171
4520,0,1,0.0341341596001384,0.00013312988,3.7880578e-05,0.032626282
4521,0,1,0.13775248047662053,0.30574876,0.070551984,0.14373976
4522,0,1,0.02898064272963476,1.9296545e-05,1.8884913e-06,0.027503425
4523,0,0,0.035846051051069784,0.0015579439,0.021442223,0.03688255
4524,0,0,0.07978538922313354,0.03565446,0.52265006,0.080575384
4525,1,1,0.06291413436460674,0.007539569,0.0004727476,0.060040083
4526,0,1,0.03960700505800346,0.00024862282,6.95363e-05,0.040730894
4527,1,0,0.9999999999995057,1.0,1.0,1.0
4528,0,1,0.005937926283232174,1.5144291e-05,3.6157155e-06,0.006773686
4529,0,0,0.01966946544442094,6.9530724e-05,0.001398956,0.01908726
4530,1,0,0.9916745748295037,0.99999976,0.9999999,0.9897453
4531,0,1,0.11226036610074652,0.026417281,0.001885069,0.10908359
4532,0,1,0.0019696898046223134,1.3548318e-10,5.689716e-12,0.003381658
4533,0,0,0.022136899727144024,3.817104e-05,0.00045585335,0.022225276
4534,0,1,0.01393863717650126,1.405176e-06,2.989417e-07,0.013115728
4535,0,0,0.05134365890147423,8.621035e-06,0.00041567083,0.05044116
4536,0,1,0.05901064911370515,0.00070630223,0.00013585873,0.05632567
4537,1,1,0.9984010325610448,1.0,1.0,0.9981926
4538,0,1,0.585753854228288,0.9989912,0.9972499,0.5820415
4539,0,0,0.0015100822490185606,7.1456736e-11,3.6978842e-10,0.0014389292
4540,0,0,0.37598895020110934,0.9996233,0.9999999,0.36301422
4541,0,1,0.02700446747263456,5.1745094e-05,2.5971716e-05,0.027055418
4542,0,1,0.005181534729709287,2.4860043e-08,2.0785649e-08,0.0047647282
4543,0,1,0.019249363980029608,7.4260947e-06,1.5952824e-06,0.019279584
4544,1,1,0.6375211568119704,0.99949133,0.9987374,0.62363946
4545,0,1,0.012006019904018207,2.5389758e-07,5.7561046e-08,0.013637092
4546,0,0,0.010549403753385022,3.6613164e-07,1.7575183e-05,0.01126123
4547,0,0,0.22313513492071624,0.90926886,0.9967912,0.23148012
4548,0,1,0.3775223991411458,0.9862692,0.9617795,0.37527558
4549,0,0,0.012377813767785928,5.5896805e-07,9.16573e-05,0.011726792
4550,1,1,0.49179939748227497,0.99947286,0.9982997,0.49604928
4551,0,0,0.45777322177176205,0.999933,1.0,0.4483348
4552,0,1,0.6680043642581388,0.9999628,0.99992335,0.66740525
4553,1,1,0.3584125545695443,0.96572924,0.9495595,0.35226792
4554,0,1,0.04635737232461765,0.00070930464,0.0001580724,0.044120215
4555,1,1,0.9466759113850559,1.0,1.0,0.94862634
4556,0,1,0.011770077782399043,2.414409e-07,1.4139484e-07,0.011361774
4557,0,1,0.34984064004401855,0.9983273,0.9824527,0.35925904
4558,0,0,0.029110111631179943,0.0001733308,0.0030834503,0.027292207
4559,0,1,0.0028219880887549466,7.544277e-09,6.588047e-09,0.0032746925
4560,1,1,0.27717541768590886,0.8574456,0.53642356,0.27608857
4561,0,1,0.10729518666627529,0.26543266,0.07648218,0.098682046
4562,0,1,0.026295093736713952,4.7893514e-05,7.0195674e-05,0.022595719
4563,1,1,0.9999999999999929,1.0,1.0,1.0
4564,0,0,0.0012744046032125255,4.3128934e-11,8.286174e-10,0.0015026554
4565,1,0,0.8137425458799922,0.9999801,1.0,0.8157193
4566,0,0,0.010936062201628034,2.1293636e-07,2.2599297e-06,0.010526706
4567,0,1,0.03926401434568594,0.00013116455,4.7871076e-06,0.03780637
4568,0,0,0.004200692480939531,9.651339e-09,1.176657e-06,0.0039453055
4569,0,1,0.27960776421592987,0.95860153,0.9075773,0.28976706
4570,0,1,0.6548551261080754,0.9997352,0.99946904,0.6537359
4571,0,0,0.06870354384771934,0.00771769,0.24409129,0.0677486
4572,0,0,0.0027493213130638217,2.6557603e-10,7.955509e-10,0.002716765
4573,1,1,0.9947390511713178,1.0,1.0,0.9942174
4574,0,1,0.016821399681145762,2.0767189e-07,1.4095579e-07,0.016452143
4575,0,1,0.44345886595456696,0.9997615,0.99944824,0.4500703
4576,0,1,0.2588536655305147,0.5483618,0.21911208,0.24460365
4577,1,1,0.31618329823975955,0.9661754,0.8662583,0.31581974
4578,0,1,0.0011314104551086834,2.6484317e-09,2.4279828e-10,0.002004614
4579,0,0,0.015011476331701187,6.7742665e-05,0.0029146369,0.018152237
4580,1,1,0.6044611636361245,0.9813881,0.9221837,0.5874145
4581,1,0,0.5982427311395622,0.99912125,0.99999964,0.5928458
4582,0,1,0.006783416289254863,1.03253306e-07,8.859608e-09,0.006173528
4583,0,1,0.4958835442138062,0.995868,0.9860004,0.49983275
4584,1,1,0.9111903798995956,0.99999857,0.99999404,0.91171443
4585,0,1,0.06272714171150211,0.00080094906,0.00012009915,0.062100176
4586,0,1,0.2994808783537439,0.8533587,0.52927345,0.29940945
4587,0,0,0.009258501791766452,1.4166264e-06,2.9874222e-05,0.0114173
4588,0,1,0.17115081568046925,0.035515957,0.008639259,0.16790098
4589,0,1,0.02199672105295529,2.1224512e-06,7.2188357e-07,0.020456636
4590,0,0,0.023682118260378044,0.0003852096,0.021558244,0.0236191
4591,1,1,0.22331430673173433,0.5711337,0.30347311,0.23388556
4592,0,1,0.010716958039698741,7.677394e-08,1.1134164e-08,0.008688955
4593,1,1,0.26457309490480135,0.80609405,0.7697994,0.25171342
4594,0,0,0.07727412369509853,0.023035295,0.99252903,0.07663737
4595,1,1,0.4550376926844047,0.9990384,0.99673164,0.45526958
4596,0,1,0.09058957741230945,0.005113002,0.0007515484,0.08928221
4597,0,1,0.2503550263843727,0.5136977,0.19824609,0.26310748
4598,0,0,0.012331520905083356,4.3438013e-05,0.000818307,0.021169204
4599,0,1,0.227817941038627,0.80820644,0.7952528,0.2108853
4600,0,0,0.007641449616381706,2.9995485e-06,4.676622e-05,0.009208387
4601,0,1,0.10737055480254254,0.03267901,0.004655128,0.11169917
4602,0,0,0.0003589929624713625,2.8886358e-13,1.2935387e-11,0.00043014626
4603,0,1,0.0011248919853258904,4.942284e-12,2.196671e-12,0.001047189
4604,0,1,0.054573351490297024,0.0005051837,0.00011408355,0.052781194
4605,0,0,0.03950926446804204,0.00027506292,0.008939597,0.038871255
4606,1,1,0.9050064290401466,0.9999999,0.9999989,0.9080445
4607,1,1,0.7632923336676336,0.9999968,0.9999893,0.76451427
4608,0,0,0.4746059716967887,0.9986728,0.9999975,0.47592324
4609,0,1,0.18664837822369132,0.7822552,0.26131037,0.18256459
4610,1,1,0.32263224306069493,0.93225265,0.75163114,0.32424042
4611,0,0,0.2471745546745287,0.78527194,0.9997895,0.23958953
4612,0,0,0.1258539458275756,0.067875646,0.99718994,0.12717716
4613,1,0,0.9994719190426384,1.0,1.0,0.99937654
4614,0,1,0.07253585496383255,0.00252825,0.0018620207,0.07081737
4615,0,0,0.0020901957914842436,1.6104638e-08,3.0488075e-06,0.0024418114
4616,0,1,0.035308584393744284,0.004576175,0.00059936877,0.057915602
4617,1,1,0.9727198905781074,1.0,1.0,0.9720358
4618,0,1,0.16377343318278378,0.03137606,0.006432682,0.16071275
4619,0,0,0.027072588852295153,1.7529102e-06,2.5499845e-05,0.026127892
4620,1,1,0.7136599366373254,0.99996674,0.99986947,0.7182852
4621,0,0,0.008770976346687965,1.223309e-06,3.061095e-05,0.008447643
4622,0,1,0.23936367822364274,0.022166114,0.00073461275,0.24276188
4623,0,1,0.3388831430932534,0.97857463,0.976935,0.34874296
4624,0,0,0.0013465233459820048,7.4566225e-10,4.9840287e-09,0.0015518633
4625,0,1,0.14529486151966264,0.03633265,0.0078287525,0.1402534
4626,0,1,0.035307378470211565,0.0016242377,0.0006262458,0.03951015
4627,0,1,0.06451779756129024,0.0074505764,0.0031968276,0.062229365
4628,1,1,0.6143991127104174,0.9999155,0.9997588,0.61954117
4629,0,1,0.011525588786439384,3.839213e-05,1.7759456e-05,0.013220184
4630,0,0,0.0029028937018844418,0.00043593463,4.213179e-06,0.0065700174
4631,0,1,0.31096820139337794,0.8394662,0.4840227,0.3129773
4632,0,1,0.8781532978537543,1.0,1.0,0.8806592
4633,0,0,0.09902020812462688,0.022284346,0.9945078,0.0962234
4634,0,0,0.0061001193690971055,1.3448185e-07,5.3332906e-06,0.0052464954
4635,1,1,0.25894750869727584,0.7526679,0.45331028,0.27355453
4636,0,1,0.0055423771419222025,3.3108595e-06,3.213986e-07,0.00613703
4637,0,0,0.013248654973894563,5.588227e-06,0.00010398423,0.013190484
4638,0,1,0.11104813851763533,0.003483729,0.00033596612,0.105087645
4639,1,1,0.3737714391744569,0.9963761,0.9921886,0.37452754
4640,0,1,0.05854995329029646,0.00013704954,0.00011629578,0.05641389
4641,0,0,0.01811518369960758,5.8583537e-06,0.00022959882,0.01680472
4642,0,0,0.023893614269948585,8.7618726e-05,0.003959106,0.023117233
4643,1,1,0.661380818223875,0.9999912,0.99997854,0.6634788
4644,0,1,0.01538171686788214,1.1884061e-05,8.833026e-07,0.014265463
4645,0,0,0.0010370846800315703,1.5663278e-12,8.158573e-12,0.0014062036
4646,0,1,0.001245417258742453,3.4858839e-12,5.1664497e-14,0.0014305857
4647,0,0,0.003470539692928019,2.2578328e-07,3.770377e-06,0.0041430905
4648,0,0,0.03309418262660811,0.0003174349,0.011585894,0.033854824
4649,0,1,0.03580924280027784,0.00033304468,6.741516e-05,0.0332022
4650,1,1,0.550627249824595,0.99846244,0.97028494,0.5570914
4651,0,1,0.06657836350159177,0.026640523,0.015158154,0.06105081
4652,0,1,0.5406640420463011,0.9990385,0.9978138,0.5432668
4653,0,1,0.016323193883916273,1.2129169e-05,6.477847e-06,0.018566199
4654,0,1,0.6113658587114806,0.9999167,0.9997147,0.6144788
4655,0,1,0.5513310929743561,0.9997675,0.9993876,0.541695
4656,1,1,0.8497036939784148,0.99999785,0.99998105,0.8520084
4657,0,1,0.28094014675404516,0.69969475,0.11496968,0.27097124
4658,1,1,0.5016866310206862,0.99932224,0.9972019,0.50073904
4659,0,1,0.03448720676590842,2.3669187e-05,2.406102e-06,0.03413903
4660,0,1,0.09964839570170603,0.029727891,0.0052092765,0.09555408
4661,0,0,0.007204026310104251,1.327252e-07,3.306552e-06,0.008616957
4662,0,1,0.0368982139385273,0.00011299525,2.6387443e-05,0.038382787
4663,0,0,0.4833443926634471,0.9998431,0.9999999,0.4814523
4664,0,0,0.003031877768861646,7.751131e-10,2.7789243e-08,0.0030835704
4665,0,0,0.4693271510700217,0.9999981,1.0,0.480875
4666,0,0,0.011996532973494026,0.00037858737,4.6903015e-06,0.00850508
4667,0,1,0.6656950487129322,0.9999585,0.999913,0.66491127
4668,0,1,0.15851434134423445,0.022239935,0.00072290585,0.16315152
4669,0,0,0.0010323122144972453,3.434581e-10,5.6140927e-09,0.0012844623
4670,0,1,0.018328328000476398,5.5967444e-06,4.117365e-07,0.016509894
4671,0,1,0.12912457562595012,0.05850936,0.0033750306,0.12604748
4672,1,1,0.14866089877866603,0.06806259,0.017857283,0.15573002
4673,0,1,0.48335383992032993,0.99637944,0.97670615,0.47828412
4674,1,1,0.5221570236669177,0.9999213,0.9997796,0.5311557
4675,0,1,0.015693421153223332,1.0506181e-05,7.0996145e-07,0.014436627
4676,1,1,0.99999999999998,1.0,1.0,1.0
4677,1,1,0.06560951037111543,0.0010439513,0.00028796686,0.06575362
4678,0,1,0.5764764468525078,0.9992926,0.9982723,0.57655877
4679,0,1,0.3709634675853222,0.9992687,0.9983658,0.37348238
4680,1,1,0.1158615003617856,0.059543762,0.03448754,0.109882884
4681,0,1,0.06687546466844452,0.00021475911,2.0153154e-06,0.06682664
4682,1,1,0.6142014881781401,0.9992173,0.9976173,0.6117663
4683,0,0,0.11807636794566281,0.09711975,0.99871767,0.11420019
4684,0,0,0.0005287297213505856,1.4003686e-10,3.4390418e-12,0.00064493006
4685,0,1,0.006996347690928783,2.476153e-06,4.4638458e-07,0.007985963
4686,1,1,0.3112471889456891,0.9763066,0.946726,0.32412136
4687,0,1,0.13476546518779697,0.23233913,0.13930573,0.12896505
4688,0,1,0.004561954065577484,2.6668243e-07,5.6566922e-08,0.005449794
4689,0,1,0.49396540795029953,0.99470556,0.9937499,0.501931
4690,0,1,0.17109491421042106,0.8906281,0.7589465,0.16992041
4691,0,0,0.010346361612889435,3.063253e-05,0.00064662285,0.0125021385
4692,0,1,0.17813267550999684,0.99893075,0.9983082,0.21024144
4693,0,1,0.5950960612384963,0.9998411,0.9994763,0.5995589
4694,0,0,0.07353135091187805,0.006628786,0.25504443,0.072028466
4695,1,1,0.8729812551659591,1.0,0.9999999,0.87300444
4696,0,0,0.04168249734997684,0.026652766,0.46195206,0.037734725
4697,0,1,0.41579671771523413,0.95498914,0.9163546,0.4162628
4698,0,1,0.18310864994110806,0.026782889,0.00028340254,0.18534063
4699,0,0,0.006305444878337916,1.2392074e-07,2.754789e-06,0.0067298515
4700,0,1,0.44079033516983557,0.98275805,0.9504474,0.4362424
4701,0,0,0.0007850537549710288,7.511128e-12,9.190552e-11,0.00093174697
4702,0,0,0.007453707861866877,2.1570186e-06,3.2215954e-05,0.00872955
4703,1,1,0.9213291948603481,1.0,1.0,0.92308104
4704,0,0,0.0255812935489926,2.5696403e-05,2.8151268e-05,0.025668621
4705,0,1,0.17720528096026186,0.20292442,0.07589141,0.18501033
4706,0,1,0.07189764567559402,0.0006306776,0.00012560899,0.070023924
4707,0,1,0.022618546093123266,1.1832369e-05,7.1210143e-06,0.021776512
4708,1,1,0.6701548082517238,0.99971706,0.9995827,0.67144114
4709,0,1,0.5689823023541128,0.9998498,0.99965894,0.5752279
4710,0,0,0.0014950047125996929,2.7564674e-12,1.3749367e-10,0.0014668705
4711,0,1,0.1864467250779368,0.47577026,0.18093717,0.1836035
4712,1,1,0.748351660373915,0.9999994,0.9999951,0.75630033
4713,0,0,0.07651892151035045,0.008709985,0.19522,0.08184259
4714,0,1,0.01574443543621149,8.900425e-05,4.1341744e-05,0.01930026
4715,0,1,0.4393238058689653,0.99711204,0.9918475,0.43987814
4716,1,1,0.9909271154864966,1.0,1.0,0.99022037
4717,0,0,0.00996083082207778,3.1681736e-07,9.897758e-06,0.010174007
4718,0,0,0.0009028026474507995,7.096735e-11,1.0552713e-09,0.0010001251
4719,1,1,0.2354152199728836,0.4008187,0.13843602,0.23482773
4720,0,1,0.010590285989834339,3.5599157e-08,1.3144917e-09,0.00995271
4721,0,1,0.39838603578329085,0.9953636,0.9823121,0.39956355
4722,1,0,0.10946291777142406,0.0068136016,0.89703065,0.111013174
4723,0,1,0.034239243918836204,3.0420282e-05,1.3522314e-05,0.034096908
4724,0,0,0.012915624767001444,9.6710615e-08,9.2204203e-07,0.013654407
4725,0,0,0.0026895100758805375,1.5911155e-08,1.8419128e-07,0.0036378356
4726,0,1,0.0063442146035781665,7.119549e-07,3.4506787e-08,0.007242858
4727,0,1,0.027890959919295296,7.738317e-06,1.679121e-06,0.026676046
4728,0,1,0.03550131850758356,0.0017882143,0.0005871478,0.033913177
4729,0,0,0.023589438121129732,4.2733626e-07,9.266778e-06,0.022773623
4730,0,1,0.3899785616960839,0.9842844,0.92371696,0.39040622
4731,1,1,0.7705604519171825,0.9999975,0.9999949,0.76839966
4732,1,1,0.9816057782889678,1.0,1.0,0.980817
4733,0,1,0.09885362734533222,0.012585068,0.002788576,0.1031316
4734,0,1,0.0455973066328029,0.0061119096,0.0015598462,0.052116763
4735,1,1,0.8027395472804348,0.99999833,0.99996924,0.81431067
4736,0,0,0.25539582607807515,0.97783864,0.9999844,0.2606574
4737,1,1,0.8895946328201665,1.0,1.0,0.8911355
4738,0,0,0.08724942678475914,0.0009066262,0.0060248496,0.051792827
4739,1,1,0.6052177367145538,0.9995242,0.999316,0.60432905
4740,0,1,0.08385094952041824,0.10188424,0.038320217,0.08225218
4741,1,1,0.9907098781702321,1.0,1.0,0.98968893
4742,1,0,0.1808123212940274,0.49590707,0.9993544,0.18710972
4743,0,1,0.3002439687444334,0.8963782,0.80863,0.28398004
4744,0,1,0.2351923735314232,0.46030268,0.1511433,0.23461238
4745,1,1,0.1498451087622693,0.19537802,0.16311376,0.15142234
4746,1,1,0.15841804601844997,0.2570152,0.122598685,0.15195443
4747,1,1,0.8208966697696678,0.99999785,0.99999595,0.81237453
4748,0,0,0.005233555187853925,1.283178e-08,3.8051886e-07,0.0064019007
4749,0,1,0.05083269356241867,0.0008201907,7.052478e-05,0.048618026
4750,0,1,0.12592892269680145,0.019547714,0.0058982666,0.12179845
4751,0,1,0.20446671324053065,0.16556518,0.03957388,0.2042356
4752,0,0,0.007963187505817733,3.9655372e-08,2.2934616e-06,0.00838299
4753,0,1,0.0061364046188302985,3.2498127e-07,4.3949036e-08,0.006990374
4754,0,1,0.07534841942620242,7.3976786e-05,1.5379283e-06,0.07724961
4755,1,1,0.38750234480161033,0.9836291,0.918952,0.38795498
4756,0,1,0.0038755826969186116,1.8667608e-07,1.3532034e-08,0.0042733303
4757,0,0,0.041788215479478336,6.886281e-05,0.006252288,0.03922314
4758,0,1,0.025987826052403608,2.4628554e-07,4.3332893e-09,0.02519743
4759,0,1,0.14266676580336926,0.30017987,0.20868823,0.14044963
4760,1,1,0.8472049996985672,1.0,1.0,0.84883475
4761,0,1,0.17212148735108676,0.5864625,0.31197223,0.21146874
4762,0,1,0.07687602882252202,0.005737407,0.0014230988,0.07351948
4763,0,0,0.005931534420491735,1.5561875e-07,5.764241e-06,0.0068565104
4764,0,0,0.0029816672214447366,2.3653735e-10,4.351378e-09,0.0029329387
4765,1,1,0.09528097888040486,0.016516013,0.00116055,0.08756304
4766,0,0,0.08173968121307824,9.694368e-05,0.0038066022,0.07903251
4767,0,1,0.2190202433034071,0.22168508,0.07997526,0.21456958
4768,1,1,0.9155595963265336,0.99999857,0.9999889,0.9106915
4769,1,1,0.2529739676051325,0.8596488,0.6807283,0.24516498
4770,1,0,0.847037220990726,0.9999999,1.0,0.84860694
4771,0,0,0.023900516822968367,4.7880272e-05,0.0013609837,0.023132455
4772,0,0,0.002779501696867233,7.119892e-11,3.479499e-09,0.0027470812
4773,0,0,0.024495344188553887,9.014146e-05,0.0019046293,0.02495309
4774,0,1,0.42615845075178416,0.99894685,0.99633044,0.4247689
4775,0,1,0.046979636291971855,0.00049985945,0.00029103746,0.047000445
4776,0,1,0.48262331392884,0.9957378,0.97768843,0.4852139
4777,0,1,0.04500690186416607,7.447443e-06,1.5100401e-06,0.040233195
4778,1,1,0.15349091674075627,0.19105025,0.040224373,0.1513672
4779,0,0,0.011721738746068968,2.0244681e-07,8.612127e-06,0.012752612
4780,0,1,0.021365822869777396,5.6802404e-05,1.7802102e-05,0.024596501
4781,0,1,0.0014018421473701388,2.8012456e-10,6.8060925e-11,0.0015798807
4782,0,0,0.018565935289042466,7.351936e-06,0.00019228984,0.018636556
4783,0,0,0.007235712618807631,2.7096196e-09,8.498165e-08,0.0061993296
4784,0,1,0.005327371763884368,1.4584619e-07,5.4601223e-08,0.0058407057
4785,0,1,0.21610318385864982,0.9225583,0.73312694,0.22225396
4786,0,1,0.01338613835631906,3.1775198e-08,2.86184e-10,0.012992876
4787,1,1,0.3057219083888616,0.85262126,0.57722336,0.30727255
4788,0,1,0.4487348144001965,0.8198153,0.6725165,0.23008317
4789,0,1,0.5451746011203007,0.9979101,0.9921937,0.55081475
4790,0,0,0.004914824500130863,1.7257322e-06,9.248655e-05,0.0061368444
4791,0,0,0.06376971268152908,0.0056931414,0.08904247,0.06710499
4792,0,1,0.005788366103123404,1.9394934e-06,5.23824e-07,0.006952037
4793,0,1,0.0027153015180772025,1.7456711e-10,3.700936e-12,0.0031321815
4794,0,1,0.16514853805653132,0.7057599,0.3846638,0.17350502
4795,0,0,0.09253251065370692,0.0021544902,0.9026587,0.09247258
4796,1,1,0.9955431405099032,1.0,1.0,0.9949337
4797,0,1,0.04585302824828231,0.00096543797,0.00044639382,0.042731736
4798,0,1,0.01575338244212994,0.0007471015,9.507397e-05,0.02641598
4799,0,0,0.022669808140429553,7.73759e-05,0.0008556585,0.022899536
4800,0,0,0.016537550999816488,5.911874e-07,3.2759013e-05,0.01604711
4801,1,1,0.6213455909697302,0.99990356,0.9997761,0.62637275
4802,1,1,0.8543888714227529,0.9999949,0.99993396,0.85615367
4803,1,1,0.9999999999999944,1.0,1.0,1.0
4804,1,1,0.13737871114457495,0.32437187,0.1589296,0.13385953
4805,0,1,0.0019259165839572389,1.678789e-10,7.679594e-11,0.0022218102
4806,0,0,0.030163293594533094,2.276731e-07,9.540473e-07,0.029924572
4807,0,0,0.0234353070702509,0.00013623702,0.002642711,0.03018671
4808,1,1,0.15520986052896804,0.07607263,0.023582917,0.16245703
4809,1,1,0.802255302779595,0.99999774,0.99997187,0.81468195
4810,0,0,0.008743270455229914,1.2355173e-07,3.4609532e-06,0.009233894
4811,0,1,0.1526658571836029,0.17646962,0.07892526,0.14689551
4812,0,1,0.24635553624902295,0.3899008,0.12259298,0.24842915
4813,0,1,0.37913061098140205,0.0310399,0.0043204892,0.15852147
4814,0,1,0.5373424630788423,0.99497837,0.8796158,0.5429324
4815,0,1,0.22963820091462758,0.448857,0.16204587,0.23139584
4816,0,0,0.1160139828557324,0.016183704,0.35767275,0.1131088
4817,1,0,0.6655766856504876,0.9998932,1.0,0.6590335
4818,1,1,0.5235307416304742,0.99869585,0.9950711,0.5277076
4819,0,1,0.5479201494526623,0.9994592,0.9982231,0.5492541
4820,0,1,0.012379951500161667,1.4463546e-07,5.3736066e-08,0.011162816
4821,0,1,0.11342021404891958,0.012078619,0.008825654,0.10928236
4822,1,1,0.9997656506207344,1.0,1.0,0.99972135
4823,0,1,0.5829560431516241,0.9960238,0.9926508,0.5852957
4824,0,1,0.13549268786532512,0.01852819,0.0044109533,0.12517107
4825,1,1,0.9416650271085986,0.9999993,0.9999968,0.93829006
4826,1,1,0.1369856283685889,0.22532901,0.13546465,0.13365905
4827,0,0,0.001486520068093259,9.008709e-09,2.9353535e-07,0.002509868
4828,0,0,0.0024404050513399255,2.1620625e-08,1.2206226e-07,0.004165781
4829,1,1,0.2194368280194398,0.9160884,0.74276394,0.22561616
4830,1,1,0.16106117934533798,0.4493683,0.13879319,0.1664857
4831,0,0,0.05414325010523732,0.00013562111,0.0052592456,0.051983844
4832,1,1,0.4826261526474837,0.99985003,0.99969774,0.5020531
4833,0,1,0.1871997416314925,0.2274643,0.08504332,0.18494873
4834,0,0,0.07917368942335959,0.00615866,0.16388871,0.07941297
4835,0,1,0.013326482835836057,1.279242e-06,7.867593e-07,0.012568866
4836,0,0,0.0008595222412524839,3.5422039e-12,1.8611837e-10,0.0010336821
4837,0,0,0.03624162439020287,0.00029838944,0.006296889,0.037485704
4838,0,0,0.0039663089016475465,9.649549e-10,5.031099e-08,0.0040169344
4839,0,0,0.003995789539983882,3.1885156e-07,5.0298463e-06,0.0047923527
4840,0,1,0.020223022920134733,1.2778412e-06,3.9002583e-07,0.018821072
4841,0,1,0.7104471609956078,0.9999149,0.99969524,0.70612913
4842,0,0,0.4828232740340696,0.9990327,0.9999993,0.48559582
4843,0,0,0.007598331905606184,6.154551e-08,1.5377099e-06,0.007490646
4844,1,1,0.564303682645073,0.99944717,0.99838185,0.56916624
4845,0,1,0.0018539972069655827,4.8074383e-10,4.6055162e-10,0.0021545785
4846,0,1,0.05753462840816055,2.7620166e-05,4.5604423e-07,0.057431106
4847,0,1,0.033310425679540435,2.3783065e-05,3.6912195e-06,0.03257536
4848,1,1,0.1922768983847047,0.29031923,0.077112526,0.19298343
4849,1,1,0.6041314497108535,0.98502165,0.9158143,0.5819384
4850,0,1,0.16120071769147132,0.28848886,0.07312857,0.15945125
4851,0,1,0.5831511585046998,0.9999124,0.99961734,0.5896504
4852,0,0,0.0035278833851970443,2.4097877e-09,1.2220657e-07,0.0036542378
4853,1,1,0.5141159730738329,0.99995136,0.99992776,0.52165234
4854,0,1,0.3797338930695405,0.99637043,0.99015176,0.38208392
4855,0,1,0.01558093798566423,3.1527378e-08,4.3448793e-11,0.015624629
4856,0,1,0.01613906897850708,1.0636844e-06,9.42991e-08,0.016513225
4857,0,0,0.0016386231530668835,1.0920511e-09,2.097262e-08,0.0020360975
4858,0,0,0.07634494741237076,0.020354006,0.4100352,0.07883125
4859,0,0,0.013361955529729656,0.001439012,0.014503429,0.022283142
4860,0,1,0.4223371652982588,0.9950402,0.975626,0.42339143
4861,1,1,0.4554962699445262,0.96630824,0.42804402,0.45671964
4862,0,1,0.12575330138139745,0.23660007,0.074626535,0.12505342
4863,0,1,0.24864755656462753,0.420913,0.14412244,0.24462694
4864,0,0,0.0065625336879286565,1.7106738e-09,2.9465719e-08,0.0069372253
4865,0,0,0.08995565374884332,0.0666119,0.8848371,0.09193982
4866,0,1,0.4344749635343706,0.9210539,0.49454063,0.43721354
4867,1,1,0.36899852089033486,0.99277323,0.9670466,0.35185838
4868,1,1,0.9974877664581704,1.0,1.0,0.9971539
4869,1,1,0.7539004030446514,0.9999949,0.99999213,0.7446797
4870,1,0,0.29048113794169245,0.66676205,0.9996905,0.28456327
4871,0,1,0.04174434181903153,0.00020126326,0.0001153142,0.038617097
4872,1,1,0.3032670813346186,0.96111834,0.919009,0.29882362
4873,0,0,0.001064458577917745,1.10439664e-10,1.7236701e-09,0.0013194022
4874,1,0,0.059816361111210116,0.17476031,0.8520542,0.05959317
4875,1,1,0.40619147037083464,0.9741838,0.8749736,0.39411896
4876,0,1,0.005194694545054646,2.65199e-07,3.455863e-07,0.006044814
4877,0,1,0.33681482383184785,0.962488,0.7903428,0.32883245
4878,1,1,0.9295538022294649,1.0,0.9999999,0.9322766
4879,0,0,0.09094745556720116,0.007817402,0.2427028,0.091513686
4880,0,1,0.030228078034098813,2.6454454e-06,1.9735165e-08,0.030694352
4881,0,0,0.06947716997593141,0.00010911312,0.004640357,0.06634122
4882,0,0,0.004328966904507136,3.2316099e-09,2.177142e-08,0.004133483
4883,0,0,0.01010297939421037,4.8044e-07,7.775089e-06,0.010005788
4884,1,1,0.9977058500585786,1.0,1.0,0.99740475
4885,0,1,0.1299253731275758,0.020858053,0.019833077,0.124652326
4886,0,1,0.035137341548816474,0.0005027757,5.535785e-05,0.034467407
4887,0,1,0.7098799515796252,0.9999901,0.99997735,0.70724916
4888,0,1,0.037672379839807695,2.8201326e-05,8.317872e-06,0.038003694
4889,0,1,0.25440180210144675,0.75719666,0.42457694,0.25679848
4890,0,0,0.07975510162906227,0.008383279,0.18600987,0.08011161
4891,0,0,0.0010932457939349964,5.7474733e-11,4.119401e-09,0.0013139448
4892,0,1,0.0061944420583292205,6.7022556e-09,2.072673e-09,0.005672686
4893,0,0,0.0015304254881163529,2.8887044e-07,1.3056868e-08,0.001871171
4894,1,1,0.4296475039528597,0.99802303,0.99821883,0.43514392
4895,0,0,0.0130514257209125,8.900633e-06,0.00039047634,0.014670663
4896,1,1,0.8369215831732827,0.9999995,0.99999785,0.8362925
4897,0,1,0.44347205866414185,0.9617845,0.91270626,0.4442038
4898,0,1,0.3474836319367291,0.97994107,0.92370576,0.33102104
4899,0,0,0.0011587266517864088,5.7995417e-06,5.9153873e-08,0.0025376494
4900,1,0,0.995735224652582,1.0,1.0,0.9947719
4901,0,1,0.540557059691309,0.99993086,0.99986255,0.55994344
4902,0,1,0.010256947445646637,0.0001307526,1.6075646e-05,0.0114084985
4903,1,1,0.3078809638460162,0.9289584,0.7951162,0.30894932
4904,0,0,0.01428954863320912,2.577791e-06,9.948848e-05,0.015175168
4905,0,0,0.0071117734211360506,2.6063093e-08,2.7597982e-06,0.0069525437
4906,0,1,0.16231151820709291,0.46123132,0.096046805,0.16723047
4907,0,1,0.001780034899584359,2.0417713e-11,8.2081255e-13,0.0016005186
4908,0,0,0.020957171454612157,0.00018700639,0.0041066147,0.020769553
4909,0,1,0.001013914239578477,2.9117377e-12,1.5367386e-12,0.0011554441
4910,0,0,0.1270442065302027,0.004385094,0.08203334,0.12707126
4911,1,1,0.654183160250127,0.9999995,0.99999905,0.6596317
4912,1,1,0.1453180234875289,0.008778508,0.00016655446,0.14691374
4913,0,0,0.008280201959542351,3.057604e-06,5.7677935e-05,0.010212462
4914,1,1,0.2579522877066581,0.8442717,0.47766972,0.25865588
4915,0,1,0.006380052120536831,2.435732e-07,3.7615774e-08,0.0072181174
4916,0,0,0.01747515574122641,1.8278875e-05,0.000630579,0.018169926
4917,0,0,0.03525149079320357,0.0019624627,0.0031619398,0.0601542
4918,0,0,0.007542141530026464,1.5908641e-06,6.283644e-05,0.008764996
4919,0,0,0.0005411096878003526,7.2900355e-13,9.404369e-12,0.000662609
4920,0,1,0.07854948199087393,7.839034e-05,1.0510751e-05,0.06937206
4921,0,1,0.18330429172451812,0.9322916,0.79604626,0.18815446
4922,0,1,0.577973208518959,0.9999405,0.99976486,0.5822817
4923,0,1,0.5408317627201489,0.99876696,0.9976163,0.5138834
4924,1,1,0.31691914871919047,0.9617317,0.9128677,0.31364754
4925,0,1,0.051617912284175,2.7473275e-06,3.2415699e-07,0.04504627
4926,1,1,0.6244041416152016,0.9950801,0.99384755,0.6224387
4927,0,1,0.5136744871177534,0.9968208,0.99374884,0.51083094
4928,1,0,0.05277687684269186,4.7893376e-05,0.0007392971,0.052420978
4929,1,0,0.7840151373747479,0.9999827,1.0,0.77790827
4930,0,1,0.18299594862746554,0.08322521,0.018491182,0.1794532
4931,1,1,0.46828314383432024,0.99300146,0.9684765,0.47201213
4932,0,1,0.06472571520865592,0.0028905813,4.2891206e-05,0.06703758
4933,0,1,0.4362220009606361,0.9969638,0.9911786,0.43680802
4934,0,0,0.05279688893843866,9.187677e-05,0.0007283502,0.032022033
4935,0,1,0.10952371792423836,0.025759183,0.0076976274,0.106494226
4936,1,1,0.5022285299728554,0.99975926,0.9995203,0.49802348
4937,0,1,0.006683703598071429,7.370887e-07,4.689813e-08,0.011398468
4938,1,0,0.5529897674345466,0.9842663,0.99999166,0.54407465
4939,1,1,0.34816614211302677,0.99889624,0.9961014,0.34988984
4940,0,1,0.05215894358055057,0.0002838858,6.769197e-05,0.04923352
4941,0,1,0.001853284594292275,3.0615518e-10,1.6239966e-11,0.0020262809
4942,1,1,0.30211257777160716,0.93645954,0.74938524,0.3007099
4943,0,1,0.3103467978320244,0.69304216,0.2944106,0.3029723
4944,1,1,0.7543701685386787,0.99998903,0.99996126,0.75685567
4945,1,1,0.6598851569707148,0.99984264,0.9993036,0.6616543
4946,0,0,0.020114524779464422,2.0248468e-05,0.00019374244,0.021192634
4947,0,1,0.09197927342090845,0.047278475,0.0081908265,0.09208615
4948,1,0,0.7289309549758181,0.99997914,1.0,0.72868735
4949,0,1,0.0005050131278599931,1.4567728e-13,4.9635528e-14,0.000573451
4950,1,0,0.7977113078288622,0.9999988,1.0,0.79415035
4951,1,1,0.4636574006286489,0.9959091,0.9904281,0.45705816
4952,0,0,0.0021896767220708512,1.8433022e-08,8.9956636e-08,0.0027179488
4953,0,0,0.06477017218265323,0.55880755,0.9527156,0.111401215
4954,0,1,0.19955479835909926,0.63061494,0.41853982,0.19067067
4955,0,1,0.0015831595029247205,5.477062e-12,8.760078e-14,0.0018105954
4956,1,1,0.09530615427449918,0.0155436555,0.0018725058,0.09193433
4957,0,1,0.004481500485012902,5.2899228e-08,2.2469107e-09,0.0049894988
4958,0,1,0.22070244565969435,0.6484333,0.10554068,0.22377871
4959,1,1,0.8381050346443434,0.9999993,0.99999833,0.8307149
4960,0,0,0.02321212105863625,5.796688e-06,0.00014707007,0.023322655
4961,0,0,0.05251537645871467,4.711044e-05,0.00086683786,0.022003535
4962,0,0,0.05282739079980044,0.0004444992,0.006533951,0.05452656
4963,1,0,0.7420206208833913,0.9985306,0.99999964,0.726551
4964,0,0,0.001421610940649071,1.0152647e-09,4.16815e-09,0.0025717192
4965,0,0,0.0035823722753176414,4.923552e-07,9.182072e-06,0.0044366415
4966,1,1,0.9963928987576396,1.0,1.0,0.9959767
4967,0,1,0.0008177525515232823,7.911607e-11,1.3463011e-12,0.0012804382
4968,0,1,0.2635066911412157,0.96576446,0.9065064,0.2655183
4969,0,0,0.04407914427290304,0.00026876893,0.0047874795,0.0436603
4970,0,1,0.011270410698839172,2.8030585e-05,3.0952394e-06,0.012728676
4971,0,1,0.21451468684953723,0.8290704,0.799573,0.19844991
4972,1,1,0.10113435200496432,0.016751165,0.00090275065,0.098346435
4973,0,1,0.09463476021552363,0.00018471638,2.662908e-06,0.095604144
4974,0,0,0.006647264775745064,4.4295592e-07,1.0236115e-05,0.0061874404
4975,0,0,0.016998433309139818,7.54789e-05,0.0031812268,0.019923624
4976,0,0,0.017700427875201485,0.00010843807,0.006389735,0.020962948
4977,0,1,0.10791738142643842,0.015011695,0.006931807,0.10257568
4978,0,0,0.6004594033951137,0.99990606,1.0,0.5683569
4979,1,1,0.903859859395378,1.0,0.9999994,0.9063407
4980,0,0,0.026316630919418077,5.609647e-05,0.0036816297,0.03138907
4981,0,1,0.01332455876586561,8.0038835e-06,3.0932947e-06,0.017472323
4982,0,1,0.13302834789507673,0.018739823,0.005532176,0.13962843
4983,1,1,0.11365471134459065,0.013310322,0.007588782,0.11586739
4984,0,0,0.05962550107696316,0.021625696,0.187658,0.072000585
4985,0,1,0.07732957696103598,0.04596594,0.020824421,0.079271056
4986,1,1,0.4472987360623108,0.99967366,0.99960303,0.44449645
4987,0,1,0.029448900735007798,0.00096911745,0.00036233262,0.03401511
4988,0,1,0.005522549484868355,3.7924977e-07,1.3352148e-07,0.0066359118
4989,0,1,0.004087975555139035,1.0533117e-07,3.1294607e-09,0.006947259
4990,1,1,0.6705458835653815,0.9999275,0.99990976,0.673309
4991,0,0,0.06726836102255676,0.0035568175,0.12699112,0.057746165
4992,0,1,0.04342047479847413,0.006948134,0.0013538754,0.051258758
4993,0,1,0.003678604287759628,3.388212e-08,2.5887557e-08,0.004283194
4994,0,1,0.03911899933248885,0.0002543069,7.158969e-05,0.040991362
4995,1,0,0.08363214042145206,0.010391118,0.23929672,0.08923991
4996,0,0,0.03408531808058271,4.6921937e-06,4.836169e-05,0.033669654
4997,1,1,0.33298378352847524,0.96596634,0.9600684,0.3389148
4998,0,0,0.0073006961408558614,7.4917705e-05,0.0021782687,0.0087480135
4999,0,0,0.3101500637499186,0.9364748,0.9999639,0.30811837
5000,1,1,0.05355211036481412,0.00055192184,0.00015693626,0.055363286
5001,0,0,0.09207137879994579,0.00081293104,0.03456854,0.094239876
5002,0,0,0.002726100177958398,1.6157095e-08,9.936997e-07,0.00306608
5003,1,0,0.11661053934526153,0.096799344,0.7685448,0.12714961
5004,1,1,0.3155265423523319,0.9115781,0.8411495,0.31053293
5005,0,1,0.31087675034315254,0.43722543,0.21739507,0.30664304
5006,1,1,0.3965485636569651,0.9935916,0.97153026,0.39542666
5007,0,0,0.0024709632457451066,9.715294e-10,2.4391813e-08,0.0029293422
5008,0,1,0.3137470162992909,0.91774625,0.6875119,0.31405017
5009,0,1,0.03980379327130391,0.00047257033,0.0002145303,0.037421893
5010,0,0,0.022494286514829712,2.2406251e-05,0.00022419865,0.022327097
5011,0,0,0.016398742717512384,7.325938e-05,0.0037813706,0.019441478
5012,0,1,0.0032405786585203017,8.4306775e-09,1.2575234e-09,0.0041960846
5013,0,0,0.0989035967348093,0.0199281,0.9898462,0.099665605
5014,0,1,0.2751074819613212,0.40070632,0.020445619,0.28112614
5015,0,0,0.3335350970799973,0.8308299,0.99992824,0.32068732
5016,1,1,0.7346791910728483,0.9999938,0.9999877,0.7353381
5017,0,1,0.009110861934082084,2.7035273e-06,7.9328686e-07,0.010335735
5018,1,1,0.5314710705738824,0.99982476,0.999106,0.53635675
5019,0,0,0.01017751419247067,2.5091495e-07,2.0320138e-05,0.010434407
5020,0,0,0.04153572516415737,0.00010224651,0.002148608,0.04166289
5021,0,0,0.16486241520443748,0.014318565,0.92529553,0.16940325
5022,0,0,0.13990786415555126,0.24917236,0.913274,0.14506674
5023,0,1,0.0727005099700941,0.107306704,0.046437103,0.0701381
5024,1,1,0.8992189589928034,0.9999994,0.9999975,0.894533
5025,1,1,0.6622555925042173,0.8115291,0.25522727,0.6351123
5026,0,1,0.03712487835327041,0.00050367607,0.00022237607,0.037572358
5027,0,0,0.0025298955332589876,1.9986e-09,3.1495286e-08,0.0031366886
5028,0,0,0.02182010354676585,4.3813518e-05,0.00055637624,0.022049317
5029,0,0,0.09152876523531081,0.052932627,0.6621247,0.09599088
5030,0,1,0.4715377445167115,0.99479395,0.9834769,0.46581346
5031,0,1,0.013165042572626504,1.2021678e-06,7.248749e-08,0.012204315
5032,1,1,0.22109963499992966,0.9634766,0.867781,0.2294358
5033,0,1,0.6614712879502775,0.99970824,0.9994491,0.6603308
5034,1,1,0.3836868658227066,0.98233706,0.89937896,0.37694833
5035,0,1,0.4605386192940069,0.998847,0.9963161,0.46088922
5036,1,0,0.5175080175064494,0.9981951,0.9999994,0.5098787
5037,1,1,0.6754101045623732,0.999882,0.999695,0.6725557
5038,0,0,0.022683093695144894,2.8089214e-06,0.00012456627,0.022550713
5039,0,0,0.009069861056790232,1.5311598e-07,3.5118926e-06,0.009680355
5040,1,1,0.4000973087258179,0.9288836,0.85255677,0.39975092
5041,0,0,0.024507881354917035,2.2550326e-05,0.00036264915,0.024658885
5042,1,1,0.7089519021005647,0.99998593,0.9999423,0.7125957
5043,0,1,0.5245460246874759,0.9999207,0.9997696,0.53616655
5044,0,1,0.49847812516332624,0.99886537,0.9712905,0.512454
5045,1,1,0.809209383221471,0.9999988,0.999997,0.8038889
5046,0,1,0.003190106858444064,4.0755676e-08,2.8317875e-09,0.003524676
5047,0,0,0.032825676808659957,6.4004256e-05,0.002459337,0.03054797
5048,0,0,0.0026943998282462733,1.4214082e-08,2.076301e-07,0.0030927458
5049,0,0,0.001355710166827911,2.0653633e-10,1.3246302e-08,0.0016425131
5050,0,0,0.01106224880775061,1.8450368e-06,3.512105e-05,0.010774123
5051,0,1,0.28837343737356175,0.91888803,0.6634223,0.2871504
5052,0,1,0.05688181247907037,0.031033417,0.01054703,0.06500517
5053,0,0,0.009270084648949989,2.9192068e-07,1.7395163e-05,0.009574979
5054,1,1,0.49189300388256796,0.99990404,0.9998803,0.49567997
5055,1,1,0.5107484538782248,0.9996356,0.998092,0.51543844
5056,0,0,0.0874940468136192,0.00010057551,0.00029652705,0.0927758
5057,0,0,0.08614992602312325,0.01229115,0.28877398,0.08633478
5058,0,0,0.05443639493634843,0.00091159955,0.044680055,0.054034654
5059,1,1,0.7582013320850098,0.9999918,0.99997246,0.7463266
5060,0,1,0.43483547108893633,0.9973731,0.99354464,0.4528413
5061,0,1,0.00302149796939782,6.3607515e-09,3.964709e-10,0.0033205808
5062,0,0,0.010476327346160346,1.1198226e-06,1.7293818e-05,0.010455273
5063,0,1,0.08516448947384068,0.017703433,0.007145779,0.08300311
5064,0,1,0.007162817786884428,9.556986e-08,1.8622577e-08,0.007070564
5065,0,0,0.014038030231199771,0.00044549903,0.0032163973,0.025198841
5066,0,1,0.021414149571179052,2.3251037e-06,3.6857767e-07,0.022414917
5067,1,1,0.9990987791382943,1.0,1.0,0.9989544
5068,1,1,0.5708315104343636,0.9998857,0.9993694,0.5763423
5069,0,1,0.30261868298191286,0.9850877,0.96297854,0.3036829
5070,0,0,0.0033778448120373892,2.6349387e-09,1.7354765e-07,0.0033635786
5071,0,1,0.5859023151482179,0.999918,0.99980223,0.5977688
5072,0,0,0.0007081429102059123,9.491492e-13,1.3497859e-11,0.0008281608
5073,1,1,0.9626738642865246,1.0,1.0,0.9611534
5074,1,1,0.8444487658052307,0.9999999,0.99999976,0.8466837
5075,1,1,0.5021835583735857,0.99136615,0.98358697,0.50232047
5076,0,0,0.005971988762145513,1.3600443e-09,3.8406194e-09,0.0062223957
5077,1,1,0.7467668719385583,0.99999964,0.99999917,0.75856405
5078,1,0,0.8825869409710869,0.9999969,1.0,0.8818681
5079,0,1,0.004574981273535159,7.3716535e-07,3.9095788e-08,0.007956777
5080,0,0,0.005775582846138086,1.6843652e-08,3.4833627e-07,0.006098845
5081,1,1,0.9799734465741119,1.0,0.9999995,0.9776958
5082,0,1,0.07497798976255506,1.5891424e-10,7.430364e-12,0.0331707
5083,0,0,0.001970055515894064,2.3200374e-11,1.1146035e-09,0.0019944687
5084,0,1,0.5615831378071366,0.9993332,0.9978988,0.5654898
5085,0,1,0.11714833008448212,0.018669637,0.0056592696,0.114483036
5086,0,1,0.7685502045946708,0.9999989,0.9999976,0.7713213
5087,0,1,0.0184063572643667,1.3548805e-06,2.6706493e-07,0.017363677
5088,0,1,0.0478984607799242,0.00022070462,0.0001450245,0.043672495
5089,0,1,0.37418740319570154,0.93766856,0.8788243,0.34924844
5090,0,1,0.01358873710184792,2.790376e-06,2.0265446e-07,0.012516341
5091,0,1,0.008674098349827167,7.0301985e-07,1.8205252e-07,0.009913394
5092,0,0,0.014476536680529787,9.236894e-06,0.00022937173,0.014028378
5093,1,0,0.99792082225876,1.0,1.0,0.99763584
5094,0,1,0.03852963937362454,0.00028533617,7.865938e-05,0.036590204
5095,0,0,0.028043115313906866,6.7518165e-05,0.0017218294,0.02793523
5096,0,0,0.01403844327071243,1.2751848e-06,0.000112887225,0.014409459
5097,1,1,0.6606071866836577,0.9999051,0.9988009,0.6666144
5098,0,0,0.09773199181848871,0.086436644,0.5649922,0.09839675
5099,1,1,0.7633863989136089,0.9999981,0.99999607,0.7631587
5100,0,0,0.049859522366467034,0.005812873,0.12800367,0.050168946
5101,0,0,0.0004084789253712557,4.129893e-14,2.517611e-13,0.00045621744
5102,0,0,0.07832229298235152,3.1704865e-05,0.00049942534,0.028715223
5103,0,1,0.19211011289622423,0.8289196,0.25122333,0.18959887
5104,0,1,0.008846739522247874,2.4295193e-07,2.2760796e-07,0.008180502
5105,0,0,0.019053328041162176,5.676211e-07,8.811177e-06,0.018659828
5106,0,1,0.02693455410797294,2.4976638e-05,4.5933803e-06,0.025597485
5107,0,1,0.39879281283804713,0.9825091,0.9056823,0.39130712
5108,0,1,0.21038819389189714,0.83021444,0.65152395,0.20575549
5109,1,1,0.0634842813381234,3.913558e-05,6.459836e-07,0.06435768
5110,1,1,0.7914923720471062,0.9999994,0.9999975,0.79052603
5111,0,1,0.010203958950448004,2.537647e-06,6.284473e-07,0.012343185
5112,0,1,0.04695783190435072,9.489924e-05,2.3021477e-05,0.048910122
5113,0,1,0.0036072825246498182,5.990981e-07,5.6837948e-08,0.005610787
5114,1,1,0.5521891073668469,0.9969595,0.9884724,0.5394766
5115,1,0,0.5257461105984634,0.989305,0.9999943,0.5171098
5116,0,1,0.02167338575417249,4.0933635e-05,2.4153398e-06,0.021405283
5117,0,1,0.09638091916155211,0.0015119172,0.0006941182,0.09682291
5118,0,1,0.3233364696712924,0.97845,0.9465721,0.32084882
5119,0,0,0.0020710499364272016,1.3682475e-10,6.349975e-09,0.0020927936
5120,1,1,0.8074412770778344,0.9999981,0.9999957,0.80750304
5121,0,0,0.1072197878705496,0.22871327,0.9530085,0.10623671
5122,0,0,0.05032762793614102,0.006166601,0.25007343,0.049159534
5123,0,1,0.0025354771346908465,5.937334e-10,4.705928e-10,0.0029163642
5124,1,1,0.5960550044896658,0.99999404,0.99999094,0.5906189
5125,0,0,0.015415315191821767,5.065242e-07,1.124126e-05,0.014930791
5126,1,1,0.9956208579395497,1.0,1.0,0.99487936
5127,0,1,0.01316892918178331,0.00046734206,2.4449544e-05,0.023373798
5128,0,1,0.09050520259406389,0.0052379994,0.0012105971,0.09454285
5129,0,1,0.1737995603302283,0.8493259,0.60867906,0.171769
5130,0,1,0.025840173363785714,0.016845232,0.002593334,0.04308556
5131,0,0,0.007549880362916577,2.6027024e-08,2.6067423e-07,0.007485557
5132,0,0,0.36198704304767376,0.98887247,0.99999714,0.3520351
5133,0,1,0.1762626075130997,0.60516435,0.64047676,0.18014145
5134,1,0,0.3840134221060223,0.93716323,0.9999759,0.37722605
5135,0,0,0.018570266360799552,6.347696e-05,0.00531621,0.02213875
5136,0,1,0.019704191020499334,1.2487471e-06,3.4229964e-07,0.018342715
5137,0,1,0.017126789582588273,4.4111033e-07,8.437467e-09,0.008795535
5138,0,0,0.0912592291857377,0.0065054283,0.21047248,0.087017976
5139,1,0,0.3978411848344623,0.99510854,0.9999982,0.39672473
5140,0,1,0.01950372148017697,0.00020686106,3.3237804e-05,0.020851102
5141,0,0,0.015123730345816174,2.8633253e-06,8.145778e-05,0.015120221
5142,0,1,0.0016649919284226515,1.6690767e-10,1.1520742e-10,0.0018365819
5143,0,0,0.07738643252708029,0.0009973609,0.001550131,0.08578149
5144,0,0,0.05660839557037446,0.0009892771,0.03416609,0.0560787
5145,0,0,0.003163538906409207,3.4403327e-09,7.9392514e-08,0.0037637975
5146,0,1,0.7892634340790794,0.9999944,0.99999344,0.7908989
5147,0,0,0.012526348747661339,6.7423514e-07,3.995819e-05,0.011774358
5148,1,1,0.5458559100610714,0.99995303,0.9999255,0.5443227
5149,0,1,0.3309227798842103,0.96912396,0.9253576,0.3374924
5150,0,0,0.11880898146373872,0.21811336,0.9004696,0.12259026
5151,0,1,0.004198704922289172,4.4935945e-08,1.7661225e-08,0.004705075
5152,0,1,0.01139974357703685,5.2371456e-07,1.0638979e-07,0.011293663
5153,0,1,0.03404871767991065,0.00025188996,6.758799e-05,0.031060187
5154,0,1,0.04015302869937993,0.02354341,0.046160113,0.039758705
5155,0,0,0.09240326099849466,0.01825803,0.2863942,0.09623726
5156,0,1,0.0015031656329710236,3.5227155e-10,4.8085247e-12,0.0023872855
5157,0,0,0.011720039750484988,1.8122328e-06,2.159011e-05,0.011755552
5158,1,1,0.551639854219233,0.99659187,0.8493193,0.55868584
5159,0,1,0.1323462105393075,0.14325342,0.15123335,0.13453358
5160,0,1,0.49016682268999623,0.88329625,0.53878707,0.4845823
5161,0,0,0.5142699451209385,0.99690384,0.9999988,0.51249826
5162,0,1,0.004181495231606004,2.3290956e-07,2.1107137e-08,0.004606773
5163,0,1,0.5762956341459471,0.99642104,0.8912115,0.58290404
5164,0,0,0.03880509199471014,0.00024190487,0.005236509,0.03990493
5165,0,1,0.6252621959348809,0.9998472,0.99847335,0.6255169
5166,0,0,0.0012037480838610337,1.2530132e-12,5.714764e-12,0.0013114137
5167,0,1,0.03687928600714048,0.0004119372,7.656069e-05,0.037550293
5168,0,1,0.4677104946661695,0.9987172,0.9942532,0.46852183
5169,0,0,0.013463618192868367,2.6304765e-06,0.00027981825,0.014198438
5170,0,1,0.441432586027738,0.9980684,0.9892476,0.4357887
5171,0,0,0.0007497722824879805,1.0841776e-12,5.196987e-11,0.00089932774
5172,0,0,0.03552822735117069,0.010925347,0.12507424,0.05971337
5173,0,1,0.5992801486256362,0.9993561,0.99846196,0.5964376
5174,0,1,0.3253717707567085,0.9820408,0.86826926,0.3226681
5175,1,0,0.6112921710939889,0.99989784,1.0,0.60460824
5176,1,1,0.805930418468183,0.9999974,0.9999933,0.80474323
5177,0,0,0.01824821413185877,1.5222452e-05,0.00015192505,0.018474704
5178,0,0,0.011799811017012976,4.3748068e-07,1.4272595e-05,0.011548451
5179,1,1,0.48474427879707727,0.99964964,0.9990588,0.48668784
5180,0,1,0.02134274960798256,7.4016452e-06,3.327251e-07,0.021540022
5181,1,0,0.7348716484653881,0.99998367,1.0,0.73522145
5182,0,1,0.0059379767482594294,5.688388e-07,2.411783e-07,0.0065813926
5183,0,0,0.008299120206862198,9.699683e-07,1.738604e-05,0.010289225
5184,0,1,0.003013282845366531,3.60214e-08,1.1932256e-08,0.004872393
5185,0,0,0.012777822231782135,6.533353e-07,1.7984616e-05,0.012766013
5186,0,1,0.3731403765642655,0.9921449,0.9809796,0.3671375
5187,0,1,0.018373427159074165,0.00013473659,1.8055349e-05,0.0247913
5188,0,1,0.28446186295037285,0.9177367,0.6710457,0.28410807
5189,0,1,0.1996607668010713,0.21031354,0.039423835,0.19949085
5190,0,1,0.3734844999839962,0.99016696,0.9589774,0.37450776
5191,0,0,0.04824027308556924,0.0004827508,0.009779641,0.048257083
5192,0,1,0.18309299343484514,0.25005054,0.011168801,0.18831049
5193,0,1,0.0007780276623842869,6.3098216e-12,2.8502934e-12,0.0008910024
5194,1,1,0.734727319531512,0.9998095,0.99892825,0.72962785
5195,0,1,0.046403017707253746,0.00058721576,0.00016590868,0.048067212
5196,1,1,0.734406146887237,0.99995387,0.9998647,0.7269571
5197,1,1,0.8686479841333701,0.99999964,0.999998,0.87222224
5198,0,1,0.2861527394091278,0.77730286,0.2587314,0.28742933
5199,0,1,0.38076761494546346,0.9919413,0.972555,0.37927544
5200,0,0,0.012634865288849783,1.0053374e-06,7.5853095e-05,0.013212895
5201,1,1,0.36179620389525413,0.9398043,0.8512636,0.3595868
5202,0,0,0.43194616282721143,0.99954134,0.99999964,0.43061534
5203,0,1,0.090721350240758,0.009843882,0.0032691876,0.088135555
5204,0,0,0.012244988601739545,1.8992015e-06,9.484587e-05,0.011442526
5205,0,1,0.10489429507242982,0.012882254,0.0015897963,0.1037753
5206,0,1,0.06716034534656538,0.0038899253,0.00056230614,0.06606443
5207,1,1,0.43285803925162325,0.9671185,0.7068563,0.42787093
5208,0,1,0.003046107663684463,4.12545e-08,5.5067062e-08,0.0033667947
5209,0,1,0.0038374638842949547,6.486456e-08,1.2057584e-08,0.0045745936
5210,0,0,0.01282755214047464,1.7439079e-05,0.00068117824,0.015481617
5211,1,1,0.5223256608370964,0.9988901,0.98591506,0.5431431
5212,0,0,0.004387011344621339,3.6985068e-09,2.735114e-07,0.0044287355
5213,0,1,0.5278696829502261,0.9969279,0.97620165,0.53399175
5214,0,0,0.010440882389006595,2.6925534e-07,1.861033e-05,0.010959629
5215,0,0,0.034210040264975955,0.00018642741,0.00201945,0.03692498
5216,0,1,0.005140390329983065,4.7370514e-07,4.6100116e-08,0.008996739
5217,0,1,0.05645137919979115,0.0013458251,0.00041136352,0.0527453
5218,0,0,0.03420202827491178,5.7083857e-05,0.00050626346,0.0342219
5219,1,1,0.7557310764493654,0.9999709,0.99934894,0.7634633
5220,0,0,0.0030868103242454566,9.218863e-09,2.3631712e-07,0.0036803756
5221,0,0,0.04787976486339948,0.0003199839,0.009348252,0.045926183
5222,0,1,0.1893908559407136,0.02402696,0.010233581,0.18191378
5223,0,1,0.37077409077069456,0.9994553,0.9987093,0.37389928
5224,0,0,0.01616885756674455,1.211667e-05,0.00019456809,0.016100207
5225,0,1,0.0034557551662980027,5.6412308e-08,1.32725795e-08,0.0041152393
5226,1,0,0.36933304408659556,0.987112,0.9999901,0.36084697
5227,1,1,0.7141683483200993,0.9999838,0.99997675,0.7130013
5228,0,1,0.009007492907572991,1.8284139e-07,2.5710948e-08,0.008981243
5229,0,0,0.021372555154739042,2.9529297e-06,9.9876015e-05,0.019952847
5230,0,1,0.15182482325065258,0.37436995,0.2857786,0.14442198
5231,0,0,0.02269098877889028,1.3380129e-05,0.0001426409,0.023199571
5232,0,1,0.2744796858842492,0.86210114,0.69075894,0.27188414
5233,0,1,0.6554344553449103,0.9999912,0.9999403,0.6560488
5234,0,0,0.0007488470576441627,2.6298526e-09,8.040765e-11,0.00094055093
5235,0,1,0.014896445610039813,8.025269e-07,2.5427607e-07,0.014985482
5236,0,0,0.009784843378727072,1.6824932e-05,0.00025869117,0.012794813
5237,0,1,0.06358262754080267,0.0009811416,0.00010578647,0.06554903
5238,0,0,0.2876966120244781,0.9730631,0.9999924,0.29844677
5239,0,0,0.11084514124121723,0.12359287,0.8576715,0.11247758
5240,0,1,0.17163189723342487,0.036145393,0.01903456,0.17591962
5241,0,1,0.011074633740829112,8.368012e-06,2.4208211e-06,0.012754882
5242,1,1,0.1005689921973334,0.021453729,0.0064075207,0.10430983
5243,0,1,0.05060191817215478,0.000544425,0.00012844017,0.04841147
5244,0,1,0.003431321553527466,1.24633e-08,1.0625753e-08,0.003982064
5245,1,1,0.5870957584716543,0.998242,0.99166214,0.5818644
5246,0,0,0.031955525612882264,9.772556e-05,0.005605543,0.030661214
5247,1,0,0.28204343227168166,0.9739561,0.99997747,0.2810478
5248,0,1,0.009232251817577574,5.0155865e-08,6.6330976e-09,0.009149067
5249,1,1,0.2370036313581337,0.61283314,0.19710858,0.23641278
5250,0,1,0.6050235368694105,0.999892,0.9997429,0.62656045
5251,0,1,0.055344493370887364,0.0008800003,0.0003522799,0.056246523
5252,0,1,0.3430194208492262,0.9927797,0.9768424,0.36211398
5253,0,1,0.0006417132511449099,1.159708e-12,1.2131626e-13,0.00074761035
5254,0,0,0.012065281931135518,1.466062e-07,4.7407076e-07,0.012960697
5255,1,0,0.24020839123144908,0.9387997,0.9977791,0.24729969
5256,0,1,0.0037406652006445108,1.736619e-09,3.7385706e-10,0.0041177613
5257,0,1,0.026053010888915203,2.1345968e-05,2.7826961e-06,0.02751039
5258,1,1,0.1731472694996579,0.6412887,0.5078822,0.16608292
5259,0,0,0.0004274007391446037,4.6460947e-13,5.1078516e-12,0.00052394375
5260,0,0,0.0060396537681666005,6.700009e-08,2.6225385e-07,0.0060057105
5261,0,1,0.026579167799820648,0.0034805352,0.00019697512,0.044708855
5262,0,0,0.04775532540442892,0.007731104,0.13425736,0.04837243
5263,0,0,0.001292471290239531,1.2481752e-09,1.4861315e-07,0.0014984929
5264,0,0,0.6018203165377028,0.999616,0.9999999,0.60269547
5265,0,0,0.05032412028666816,4.8517686e-05,0.14466545,0.04948077
5266,0,0,0.009631573066334071,3.43874e-08,6.976135e-08,0.009945053
5267,0,1,0.11105017539290149,0.04849108,0.014709831,0.10687308
5268,0,1,0.16893903042290373,0.025947504,0.00502544,0.16118193
5269,0,1,0.003970653581578359,9.7778965e-08,1.1326188e-08,0.00437665
5270,0,0,0.003245492357549508,1.2410061e-07,2.1283274e-06,0.0038771934
5271,1,1,0.5368222768814583,0.9999144,0.99980485,0.53822684
5272,0,0,0.0575698285947434,0.00092611834,0.02491135,0.05693766
5273,0,1,0.0028356196257494056,4.5685624e-09,7.2216394e-10,0.0033641318
5274,0,0,0.014345643080536163,0.04252884,0.29016522,0.025617948
5275,1,1,0.5432159786945416,0.99970156,0.999433,0.5616849
5276,1,1,0.5707129622888852,0.9963265,0.9952689,0.57265353
5277,1,0,0.5730094507928395,0.99979794,0.9999999,0.57130116
5278,0,0,0.007296675098258195,5.111512e-07,2.1175496e-05,0.00836726
5279,0,1,0.36430325082755094,0.97750753,0.9211997,0.3655662
5280,0,1,0.09571992052615676,0.16069049,0.018734999,0.14546026
5281,0,0,0.0002464578708201646,9.481477e-15,3.4885828e-13,0.0002928684
5282,0,0,0.014605638222865413,9.71115e-07,1.6340357e-05,0.014748015
5283,0,0,0.008857856937128532,1.433127e-06,9.0609596e-05,0.010530299
5284,0,1,0.19811170190368346,0.10857639,0.026961803,0.19794628
5285,0,0,0.026964205668898733,0.00019495937,0.0022817187,0.027832098
5286,0,1,0.2060244914942099,0.0005323181,1.3987934e-05,0.19991754
5287,0,1,0.039276701948545115,0.0003659722,0.00014686392,0.035900578
5288,0,1,0.005150478145524919,2.5292098e-07,3.8397687e-07,0.0055166776
5289,1,1,0.8529744423807659,0.9999999,0.9999995,0.85325664
5290,0,0,0.021678611420880733,0.00019613291,0.0057006073,0.025923584
5291,0,1,0.008593305864635479,2.5090399e-06,1.5212088e-07,0.013598508
5292,0,1,0.2727023659115515,0.60620373,0.4057937,0.25760555
5293,0,0,0.4334301005097521,0.99490803,0.9999976,0.43027285
5294,0,1,0.024588388572175393,7.132678e-06,8.002075e-07,0.024127552
5295,0,1,0.13220627964249798,0.04948477,0.0065937247,0.13170327
5296,0,1,0.052985098650815,0.00014019388,1.6967031e-05,0.052176513
5297,0,1,0.04345076338760223,0.00022454628,3.240026e-05,0.042660557
5298,0,1,0.008725573548808119,4.5872252e-06,8.88203e-08,0.014034222
5299,0,0,0.27128357818248977,0.92831016,0.99994624,0.27385655
5300,0,1,0.9341704756022218,1.0,1.0,0.9331959
5301,0,1,0.1127819999758736,0.030354481,0.0073845503,0.1089774
5302,0,0,0.0012999638589459009,3.9702613e-11,1.4139282e-09,0.0014498249
5303,1,0,0.8019513619884264,0.99999917,1.0,0.79905164
5304,0,1,0.02437141324283279,1.010825e-05,1.926997e-06,0.023181759
5305,1,1,0.2946796022180061,0.9155785,0.6894626,0.29337063
5306,0,1,0.05445854977798592,0.00068320346,0.000110993446,0.052443117
5307,0,0,0.0015156389756796878,7.1213496e-10,2.0643297e-08,0.0017074983
5308,1,1,0.5403059306053809,0.99995625,0.9999417,0.5474449
5309,0,1,0.2303544006129297,0.36718002,0.17158107,0.22703709
5310,0,0,0.04885468372925065,0.9995198,0.9970855,0.059887774
5311,0,1,0.10247310564857089,0.13255443,0.025320346,0.107695274
5312,0,1,0.31246113198212755,0.9556038,0.84228027,0.31349933
5313,0,1,0.0028716457643303273,5.2187663e-09,8.1158064e-10,0.003406429
5314,0,0,0.003442839505331333,1.3678227e-09,3.5126753e-08,0.0039394093
5315,1,1,0.5767413897541862,0.9999869,0.99994946,0.577063
5316,0,1,0.004405160356040628,1.3199009e-09,3.816088e-11,0.0043342467
5317,0,1,0.0516844810205213,0.00010016959,1.6290644e-05,0.051296055
5318,0,0,0.004728202083093144,4.149842e-09,2.3372682e-07,0.0046359627
5319,0,1,0.2581936209901314,0.56981254,0.18619053,0.25852883
5320,1,1,0.6296498148426206,0.99894315,0.9847452,0.6286735
5321,0,0,0.16676069809298252,0.82734454,0.9961573,0.16619126
5322,1,0,0.9608323361848097,1.0,1.0,0.9576424
5323,1,1,0.8239549021379416,0.99927074,0.99712723,0.814742
5324,0,0,0.0018256758803429326,2.0618063e-09,1.8440308e-07,0.002222805
5325,1,1,0.8120563559555605,0.99999785,0.99994946,0.8181627
5326,0,0,0.0338318374957368,0.011891377,0.3985416,0.040343195
5327,0,1,0.032145496070563134,0.00053234067,0.00010377363,0.030837318
5328,0,1,0.5637493018283563,0.9986646,0.9979328,0.5642561
5329,0,0,0.10407647324073789,0.035884406,0.64984536,0.12226324
5330,0,0,0.03461701861621013,0.000341847,0.0073111034,0.034965333
5331,0,0,0.1518387163526969,0.011544244,0.33756185,0.1539188
5332,0,0,0.0647573989838472,0.0075463844,0.29016024,0.06571513
5333,0,1,0.003281680026755215,2.7214933e-11,4.2214187e-13,0.003115854
5334,1,0,0.19855275464258457,0.9538294,0.9999621,0.24783453
5335,0,1,0.2575326915199151,0.83101964,0.48841366,0.25883222
5336,0,1,0.003876644282200285,4.1786993e-08,3.6086867e-08,0.00451115
5337,0,1,0.3440747147671752,0.99822396,0.9976336,0.34849733
5338,0,1,0.039398398138955834,0.00027972783,7.428711e-05,0.040396426
5339,0,1,0.9289230589066335,0.9999999,0.99999976,0.92520493
5340,0,0,0.006488926293193938,2.6393568e-07,1.707232e-05,0.007694365
5341,1,1,0.5037401303149189,0.9958348,0.98647946,0.5082971
5342,0,0,0.012803975849634847,1.0815132e-06,1.2566267e-05,0.01220835
5343,0,1,0.4278968580354391,0.9780508,0.90521646,0.42763615
5344,0,0,0.008431480837346144,2.7034991e-06,0.00013247404,0.0097857425
5345,0,0,0.00460686493987935,6.5620526e-08,7.4890113e-07,0.004451489
5346,0,0,0.03832517882705298,0.0027926206,0.06945608,0.03766926
5347,1,1,0.28923667415193016,0.9874221,0.9728985,0.30307433
5348,0,0,0.004155468192016527,8.457142e-08,3.4137065e-06,0.0048191193
5349,0,1,0.012231073035038747,1.5466593e-06,9.605139e-08,0.011276888
5350,1,1,0.22817594306845937,0.7887698,0.36013082,0.22824241
5351,0,1,0.015206126920867383,4.7436558e-08,1.2704479e-09,0.014688707
5352,0,1,0.398540725405447,0.9960914,0.9877017,0.41810143
5353,1,1,0.5622095663555824,0.9981047,0.99437624,0.55868834
5354,1,1,0.7880438196955132,0.9999883,0.9999504,0.7876166
5355,0,0,0.010374906032305675,1.0768119e-06,1.6253556e-05,0.010355111
5356,0,0,0.0036526641564726924,1.6479905e-07,2.3063892e-06,0.0043745995
5357,0,1,0.022163389404517363,6.5127374e-08,8.343649e-10,0.021983977
5358,0,0,0.007669909654862275,1.693642e-06,3.0421208e-05,0.008911198
5359,1,1,0.48881748465933844,0.99905187,0.9939847,0.49113092
5360,0,1,0.06171180039652473,2.6987875e-05,5.8582586e-06,0.057838015
5361,0,1,0.564801788343852,0.9981825,0.99473625,0.56125784
5362,0,0,0.05627122612563933,0.00088805874,0.046044216,0.05400728
5363,1,1,0.3789034562065686,0.9969451,0.9894777,0.38031694
5364,0,0,0.0012715247760247063,1.3221017e-11,1.939371e-10,0.0015509984
5365,0,1,0.13454810687009325,0.059511557,0.03841987,0.122428544
5366,1,0,0.9686403805757625,1.0,1.0,0.96886647
5367,1,1,0.42464293758593946,0.99759585,0.9980775,0.42949238
5368,0,0,0.19532263172814712,0.5827157,0.87356794,0.19350155
5369,0,1,0.003345291948276825,2.7093213e-08,2.340338e-09,0.0058053825
5370,0,1,0.05436378157431819,0.00017878403,5.191225e-05,0.051319454
5371,0,1,0.3743682627993702,0.967935,0.87334156,0.3758193
5372,1,0,0.5887646369144645,0.99986863,0.9999999,0.5873034
5373,0,1,0.090167463731999,0.006841247,0.00014102085,0.08281351
5374,0,1,0.4077481273914706,0.99933213,0.99266714,0.4085141
5375,0,1,0.029083526758769122,9.187826e-06,2.2039333e-06,0.027805893
5376,1,1,0.9154324372297248,0.9999958,0.9999776,0.9091488
5377,1,1,0.6323578027530447,0.99912256,0.9893295,0.62816316
5378,0,0,0.020960047110953114,1.9926001e-06,0.00010311834,0.020695634
5379,0,1,0.17309143727770743,0.05235379,0.0050575044,0.16780928
5380,0,0,0.006381278151052868,5.0706914e-09,1.8040765e-07,0.0066052233
5381,1,1,0.4072312857257611,0.97253853,0.9448499,0.40531498
5382,1,1,0.7942335695716306,0.99999905,0.9999975,0.79569346
5383,0,1,0.4560113200038989,0.99966073,0.9992982,0.47565016
5384,0,1,0.05900069724005702,0.0023572508,0.00079307327,0.060570378
5385,0,0,0.004042148113635421,9.75204e-09,9.612273e-07,0.0039152605
5386,0,1,0.043151246820019945,0.00038409777,9.4791976e-05,0.041218806
5387,0,1,0.36433489059337615,0.9864886,0.95774734,0.37800437
5388,0,1,0.6421720642341207,0.9997965,0.9996426,0.6287465
5389,0,1,0.4573054374187645,0.99958223,0.99762833,0.45784706
5390,0,1,0.29165803006228846,0.9783185,0.88581556,0.3496733
5391,0,0,0.003915663344151708,4.972409e-08,9.0075514e-07,0.004663664
5392,0,0,0.005122350289882089,3.2552478e-05,7.7496884e-07,0.006949091
5393,0,0,0.0015264532917199597,3.4254856e-11,3.2286342e-09,0.0014396743
5394,0,0,0.014140687745567449,6.746122e-06,0.00010443986,0.014212568
5395,0,1,0.2709710480146744,0.6324498,0.25721657,0.27118033
5396,0,0,0.01734311956533964,4.9634593e-07,4.014868e-05,0.017384224
5397,1,1,0.4030557926065077,0.9970752,0.9920962,0.4040249
5398,0,1,0.011094153873757685,1.4016948e-06,2.6965031e-07,0.012469302
5399,0,0,0.3719070028124476,0.87728506,0.99996316,0.36832577
5400,0,1,0.5424736343462437,0.99698216,0.9950179,0.54219913
5401,0,1,0.0017055530447598968,4.7743525e-09,5.461909e-10,0.001857677
5402,0,1,0.2522644309469812,0.13626915,0.0010206248,0.26074407
5403,0,0,0.042678380758067055,7.577726e-05,0.0042148954,0.041463118
5404,0,0,0.033840314023188364,0.0065130787,0.15872374,0.034108736
5405,1,1,0.5376380439060372,0.99977034,0.99954504,0.5435641
5406,0,0,0.01196496858332187,1.1542176e-06,7.357155e-05,0.013247638
5407,0,1,0.055840719023711224,0.0026437368,0.0012563511,0.05450336
5408,1,1,0.8725383030360149,0.99999917,0.9999944,0.87618244
5409,1,1,0.6154079486953162,0.99965405,0.9990245,0.6114913
5410,0,1,0.35927176877228806,0.7994489,0.6080463,0.35934693
5411,0,0,0.011200504265156178,2.8751815e-08,2.205428e-06,0.011163452
5412,0,1,0.3113613443023174,0.9644327,0.6647031,0.3078736
5413,0,0,0.025123452286326477,8.522954e-05,0.0009854573,0.025605032
5414,0,0,0.0044237542344059844,4.7224958e-08,1.5166025e-06,0.0052862163
5415,1,1,0.42842794312927734,0.99861467,0.99525964,0.44085544
5416,0,0,0.013614229250347509,2.716092e-06,8.150891e-05,0.014466345
5417,0,0,0.43470121075341034,0.99319893,0.999998,0.42457184
5418,1,1,0.8287978528684435,0.99999785,0.99997556,0.84374726
5419,0,1,0.3105892019557392,0.9597133,0.9570878,0.3083416
5420,1,1,0.5596671551940293,0.9992723,0.99888164,0.5558897
5421,0,1,0.23174101851869164,0.8084847,0.47853372,0.22900842
5422,0,1,0.0279453927766168,6.5996346e-06,2.9874527e-06,0.027930861
5423,0,0,0.569589715182414,0.9997174,0.9999999,0.57127994
5424,0,1,0.10584458929832868,0.0036174103,0.00010171583,0.108240694
5425,0,1,0.3285812896902972,0.7052945,0.3843222,0.31736237
5426,0,1,0.024798542832003626,1.0851605e-05,2.156247e-06,0.023584234
5427,1,1,0.5726239828079676,0.99621576,0.99474335,0.5735575
5428,1,0,0.26363035285964354,0.9743556,0.9998168,0.26307034
5429,1,1,0.7884157805099756,0.99999785,0.9999938,0.79150885
5430,0,0,0.03543074921807958,3.299447e-05,0.00021555423,0.0364248
5431,0,1,0.02955315810343224,2.0068952e-05,4.1157778e-06,0.031403083
5432,0,1,0.024138730598970905,3.2227747e-06,6.3287507e-07,0.022751316
5433,0,1,0.19727682253809334,0.3673286,0.023904786,0.19777864
5434,1,1,0.8846156328878598,0.99999976,0.9999982,0.886569
5435,1,1,0.33002167223545936,0.9777605,0.8973683,0.32826465
5436,0,1,0.3318632223627983,0.9795618,0.9400055,0.3286951
5437,0,1,0.012941898881296973,1.788537e-06,1.3283234e-07,0.011925737
5438,0,1,0.6698815807344491,0.9999658,0.99989545,0.6687744
5439,0,1,0.00234189442071617,9.741704e-09,4.3593756e-10,0.0038345908
5440,0,1,0.30237110134820716,0.7962613,0.5166688,0.29631424
5441,0,1,0.04928366018601179,0.0006797781,0.00039861645,0.043942012
5442,1,1,0.5980419819617396,0.9997682,0.99792236,0.602116
5443,0,0,0.016935091751349343,2.4952806e-06,1.2031234e-05,0.015920745
5444,1,0,0.999999999999801,1.0,1.0,1.0
5445,0,1,0.5972932573115594,0.99952257,0.99879396,0.59561
5446,0,1,0.00215745075000797,5.3005097e-11,5.8060653e-12,0.0025114156
5447,0,1,0.06756669880493164,0.004803831,0.0010861502,0.070056945
5448,1,1,0.7341836208338137,0.9999956,0.99999094,0.7314468
5449,0,1,0.026918542269644328,2.1120963e-05,4.2507572e-06,0.025581963
5450,1,1,0.900553734753055,0.99999523,0.9999522,0.901409
5451,0,0,0.046114529213528044,4.8198704e-05,0.0021159127,0.044923477
5452,0,0,0.0008054020035758903,4.050599e-11,8.3882645e-10,0.0009535009
5453,0,1,0.013639287973894675,4.7879385e-06,1.7205557e-06,0.013483686
5454,0,1,0.12386583629786067,0.2878081,0.13236392,0.117095105
5455,0,0,0.006326927976944397,6.821633e-08,1.0902423e-05,0.006307185
5456,0,0,0.10058407098826537,0.069813535,0.8033313,0.099832304
5457,0,0,0.017703604520815583,6.873353e-06,8.401839e-05,0.01898562
5458,0,0,0.024473542550333686,5.5796103e-05,0.00060401217,0.024812456
5459,1,1,0.8449321095880968,0.99999857,0.99998677,0.8516755
5460,0,0,0.02049165637536896,2.2447957e-05,0.00030876134,0.020719988
5461,1,1,0.17855002380093113,0.00018572765,1.5570915e-06,0.17026669
5462,0,0,0.003836045422249831,4.953255e-07,1.0564818e-05,0.0046070134
5463,0,0,0.002412144426453492,7.1957725e-11,2.2538598e-09,0.0028223577
5464,0,1,0.03558732693048458,8.3729414e-05,1.0754403e-05,0.035114314
5465,0,0,0.0025531153816163742,7.532976e-09,8.626198e-08,0.003042437
5466,0,0,0.14960700368276908,0.01697027,0.16740564,0.14336477
5467,0,0,0.0024263303630332675,6.144985e-10,2.6511117e-08,0.0023614326
5468,1,1,0.434534923354445,0.9860935,0.9748784,0.43230134
5469,0,1,0.10295976575966218,0.073410586,0.022274531,0.102076076
5470,0,0,0.010040880799158847,7.707825e-08,1.6848862e-06,0.008654165
5471,0,0,0.02968619467792108,9.982688e-05,0.0032418147,0.03229059
5472,0,1,0.35181411557541137,0.931603,0.8667119,0.34511334
5473,0,0,0.007717568697287475,0.0015767427,5.9723618e-05,0.010123672
5474,0,0,0.006474837222795543,3.1602333e-08,2.8735562e-06,0.0065770233
5475,0,1,0.007288158935658942,4.3217028e-08,1.5183979e-08,0.0075382926
5476,0,1,0.0077236795054680014,1.9743244e-07,6.5774785e-08,0.0076936153
5477,0,1,0.2713096600238345,0.9377918,0.8584106,0.2807179
5478,0,1,0.0052478955981244595,2.0492458e-08,6.7833033e-09,0.0058024554
5479,1,1,0.8473548101442461,0.99999976,0.99999964,0.8515608
5480,1,1,0.25867685139949,0.9319635,0.70772225,0.25919965
5481,0,1,0.2676809772996101,0.79365695,0.64623517,0.27828246
5482,0,1,0.01834254988460702,5.2270248e-06,3.5604437e-06,0.018082386
5483,0,1,0.28586846538053967,0.09301311,0.021358043,0.2815678
5484,0,1,0.45039695346490344,0.99922717,0.9970559,0.4566883
5485,0,1,0.004577579118359815,2.7035685e-07,5.7806503e-08,0.0054682475
5486,0,0,0.0016941358474642065,7.949933e-12,6.5414024e-10,0.0015846504
5487,1,1,0.6756833838026033,0.99985087,0.9946782,0.68470377
5488,0,1,0.012643343202203177,1.6017832e-05,5.3274143e-06,0.014501548
5489,0,0,0.005104251043771278,6.3640607e-07,5.0867484e-06,0.0067193317
5490,0,0,0.0012284761148697921,3.6224582e-12,2.6350566e-11,0.001108219
5491,1,1,0.8364342195383699,0.99973613,0.99893814,0.8149014
5492,1,1,0.2532577276007492,0.040151354,0.008769827,0.24760291
5493,0,1,0.007677884176555597,5.5557103e-07,2.1660937e-07,0.008522513
5494,0,1,0.1053513619998327,0.04427877,0.015603754,0.10031317
5495,0,1,0.3841248934640941,0.95170677,0.8952683,0.36980242
5496,1,1,0.8676877300792132,0.99999404,0.9999751,0.86168104
5497,0,0,0.0024691331566298893,1.2477332e-08,2.1873132e-07,0.0028192163
5498,0,1,0.5074379754085983,0.9999802,0.99997914,0.5115358
5499,0,1,0.606561788242212,0.9998505,0.9988285,0.60726744
5500,0,1,0.22889275362977318,0.46636903,0.13295214,0.2283923
5501,1,1,0.1794458512110369,0.22713259,0.08578715,0.18730398
5502,0,0,0.007614842749897982,6.955037e-08,7.223007e-06,0.0074301767
5503,0,1,0.09625250974028389,0.018334007,0.003851772,0.0998563
5504,0,0,0.002848179250995203,1.9972435e-09,1.7966285e-07,0.0034596685
5505,0,0,0.007211302285059156,2.1373349e-07,1.1227537e-05,0.007071877
5506,0,0,0.13548951927884356,0.12541075,0.8047202,0.13066205
5507,0,0,0.22399187757454872,0.9580248,0.99997807,0.23121919
5508,0,0,0.0029092658994085154,4.5943256e-08,7.3119503e-07,0.0034656262
5509,0,0,0.002056399585814688,4.924908e-10,4.8685087e-09,0.0026345104
5510,0,0,0.005681635515640321,1.764675e-07,5.390433e-06,0.005640186
5511,0,0,0.061185577798837876,0.0007359637,0.020729644,0.061062742
5512,1,1,0.955237045503087,1.0,1.0,0.9572449
5513,0,0,0.0893764899908375,0.0002919618,0.012241386,0.086419165
5514,0,1,0.0017156452681855855,6.139253e-11,9.114888e-12,0.0019231774
5515,0,1,0.24516189439018343,0.6396043,0.31878617,0.25940588
5516,1,0,0.04653962037958164,0.0009991747,0.02184547,0.043993466
5517,0,0,0.020739863819335725,1.7931781e-05,0.0008288899,0.018783236
5518,0,1,0.5841529197145986,0.99935955,0.9957184,0.58954865
5519,0,0,0.20254583318910596,0.09842872,0.9933425,0.20050137
5520,0,1,0.04246310128773019,0.00012446546,2.426752e-05,0.046236966
5521,0,1,0.1595230421646947,0.0555337,0.01430032,0.1677528
5522,0,1,0.6337143586254984,0.99975663,0.9993987,0.63466835
5523,0,0,0.0002406660326708796,9.367048e-15,3.1149538e-13,0.00028606044
5524,0,1,0.18758471851751748,0.358409,0.022086315,0.19101031
5525,1,1,0.5538492930256088,0.99985814,0.9995485,0.5537789
5526,0,1,0.25291457347194174,0.078255184,0.040395282,0.24220484
5527,0,1,0.17256206654226963,0.51165926,0.35415414,0.16583775
5528,0,0,0.06324511531350573,9.0057525e-05,0.0019970748,0.061727375
5529,0,1,0.006793394626609485,3.5186008e-06,2.7883917e-07,0.011108365
5530,1,1,0.7416650317876474,0.9999962,0.99999285,0.7388994
5531,0,1,0.17034146295808886,0.44297346,0.39786777,0.17187122
5532,1,1,0.8154295895778769,0.99999917,0.99999857,0.81446934
5533,0,1,0.005372955317776524,1.5613756e-07,7.028396e-08,0.0057172673
5534,0,1,0.4695571625790274,0.9505424,0.31625834,0.47240266
5535,0,1,0.06289156211873674,0.0025349653,0.0004625535,0.060767062
5536,0,1,0.01593946566932368,0.00017868467,4.4211065e-05,0.017572701
5537,0,1,0.0007638784174349423,4.5096817e-13,1.6156407e-13,0.00086394657
5538,0,1,0.35945433917461245,0.9852977,0.94219655,0.35707748
5539,0,1,0.27307741587215356,0.8673367,0.52246964,0.2720469
5540,0,0,0.08484076771349136,0.00413959,0.04628697,0.08932027
5541,0,1,0.20823305328192276,0.23686843,0.09838702,0.20653355
5542,0,1,0.10728030267110152,0.07421052,0.040279202,0.10434425
5543,0,1,0.10186356697408057,0.026907362,0.028374549,0.09918398
5544,1,1,0.6524908520208684,0.9999169,0.99982405,0.65186477
5545,0,1,0.3934822700098702,0.99398977,0.9792246,0.39505792
5546,0,1,0.08199305774125736,0.010140075,0.0016042542,0.07895036
5547,0,0,0.000662134946693579,3.3077109e-12,1.9676097e-10,0.00079499785
5548,0,1,0.03864763211195814,0.00020243786,4.838111e-05,0.040337116
5549,0,1,0.08950611424802016,0.005036651,0.00019158745,0.09169686
5550,0,1,0.2324443020219819,0.98275226,0.7998894,0.23867919
5551,1,1,0.9586735332798636,1.0,0.9999999,0.9555187
5552,0,0,0.003061172582004631,2.4127234e-08,5.3102167e-07,0.0038284427
5553,0,0,0.012612486436568737,1.3702945e-06,5.6149027e-05,0.012266491
5554,0,1,0.17770903201486657,0.047605056,0.0018170115,0.18233413
5555,1,1,0.9300373910200882,0.9999995,0.99999654,0.92677
5556,0,0,0.011222899907153699,1.03265315e-07,4.4290414e-06,0.010307245
5557,0,1,0.29010350843469473,0.80474675,0.44001198,0.29012734
5558,0,0,0.0318652709561807,4.318668e-05,0.001107645,0.03156969
5559,0,0,0.00234310392166542,2.4091098e-05,4.1416044e-07,0.0051638936
5560,0,0,0.47415002080025304,0.9920448,0.9999958,0.47179243
5561,0,0,0.19498413997710842,0.41799936,0.9998188,0.19636798
5562,0,0,0.033233804162412034,0.0008198699,0.01140058,0.034223486
5563,0,1,0.0024305900947749633,8.429741e-10,5.293996e-10,0.0028106528
5564,1,1,0.8022245731222721,0.9999993,0.9999951,0.80535334
5565,1,1,0.9982815070049866,1.0,1.0,0.9976113
5566,0,0,0.00828204215123506,2.9402617e-08,2.6601614e-07,0.008715198
5567,0,1,0.06904035443262664,0.0034014226,0.0012041797,0.071153
5568,1,0,0.08375942950379331,0.31853887,0.9719819,0.076725475
5569,1,1,0.28522358024154487,0.8683662,0.43295684,0.27909866
5570,0,1,0.0019587038646568865,1.950485e-10,8.865228e-11,0.002259243
5571,1,1,0.999230300841534,1.0,1.0,0.999068
5572,0,1,0.10660876185579436,0.14792168,0.074894555,0.10230031
5573,0,1,0.026969659669332985,1.295228e-05,2.9321775e-06,0.027504738
5574,0,0,0.10980380575735532,0.06954992,0.7764224,0.110158
5575,0,1,0.05578691975562095,0.0012339532,0.00025551775,0.05434945
5576,0,1,0.009151663865703525,6.0491666e-06,3.270632e-07,0.010511138
5577,0,0,0.028038234752789222,0.00022430299,0.0058848835,0.026347656
5578,0,1,0.05806853683625001,0.0011657397,0.00039197976,0.055956572
5579,0,0,0.004043689012260083,2.8371503e-09,1.9056935e-07,0.004102079
5580,0,0,0.015547658471574835,1.0600387e-06,3.148122e-05,0.015572379
5581,1,1,0.18045356322977493,0.14851853,0.044153906,0.18928815
5582,0,1,0.0010317517439371046,3.7509838e-14,2.2692942e-16,0.0011700033
5583,1,1,0.6125702370732277,0.99996245,0.99991107,0.62562597
5584,0,1,0.06403638719298896,0.008430662,0.005668997,0.06221003
5585,1,1,0.363152302657616,0.9454164,0.75256103,0.3621161
5586,0,0,0.040288425385891675,9.257567e-05,7.505185e-05,0.04176532
5587,0,1,0.20252243542470463,0.07055164,0.012808329,0.19761062
5588,0,0,0.00038901660312549204,1.3459282e-13,6.1769413e-12,0.00046485287
5589,0,1,0.6339904829002136,0.99994826,0.9998449,0.6317602
5590,0,0,0.006468140157247206,1.0809626e-06,4.4703065e-05,0.0077583473
5591,1,1,0.2813051916719396,0.63787895,0.3035424,0.27531725
5592,0,1,0.0431690010865213,0.0016250515,0.00068956555,0.03995843
5593,0,1,0.005517124285031601,1.2594575e-10,1.5772612e-12,0.005158815
5594,0,1,0.27458188376775483,0.88194054,0.17655127,0.27813897
5595,0,0,0.00044413472026332885,2.2448725e-12,2.770093e-11,0.00054615363
5596,1,1,0.17304625768068826,0.1232854,0.1464964,0.17798054
5597,0,0,0.0017912069952918635,6.439165e-10,8.197863e-09,0.0021189253
5598,1,1,0.9947621411083923,1.0,1.0,0.9940502
5599,0,1,0.1765624907212169,0.7006481,0.6382674,0.17260323
5600,0,1,0.005445442050975532,8.541456e-08,1.1447049e-08,0.006171492
5601,0,1,0.24807340075078477,0.5579994,0.1494221,0.24850829
5602,0,0,0.003513053707784969,2.1824769e-07,3.925326e-06,0.0041932343
5603,0,0,0.0010707790547428637,3.604877e-11,1.8337666e-09,0.0012952794
5604,0,0,0.012162732904787721,3.5702124e-06,9.0300025e-05,0.013049156
5605,0,1,0.18582821206304082,0.0542078,0.012775794,0.1810096
5606,0,0,0.06195766993145252,0.0052620275,0.16755614,0.06229147
5607,0,0,0.03563479649556665,4.8504688e-05,0.0007958455,0.035887707
5608,0,1,0.0025329953722271364,2.7997275e-11,1.505565e-11,0.002412298
5609,0,1,0.19627314720617667,0.094381884,0.016344054,0.1948731
5610,0,1,0.10142480414084809,0.0016816419,5.821305e-05,0.10377319
5611,0,1,0.5469407265533351,0.362833,0.15255421,0.28544128
5612,1,1,0.8744833197305406,1.0,1.0,0.87977374
5613,1,1,0.40314508527828097,0.97311664,0.8863532,0.40583533
5614,0,1,0.107584171972176,0.011408241,0.008611171,0.10681748
5615,0,1,0.09726330374464011,0.004148503,0.0013007239,0.08967292
5616,1,1,0.23743128427402832,0.14265332,0.017493028,0.100923985
5617,1,1,0.4263221802197233,0.99062085,0.9706809,0.4196507
5618,0,1,0.18065225028581758,0.24926998,0.0861913,0.17493363
5619,0,1,0.12020680569940381,0.18789558,0.0651786,0.12126296
5620,0,1,0.25975528412262594,0.7866517,0.43486777,0.250114
5621,1,1,0.5456473410394949,0.99974316,0.99845624,0.55090564
5622,0,0,0.0016829136548595887,1.6056291e-09,1.6648788e-07,0.0020298401
5623,0,1,0.00826576010708875,3.6604014e-08,2.2802853e-08,0.007989438
5624,0,1,0.015533628928679646,1.6916898e-05,1.3376482e-06,0.018105322
5625,0,0,0.03579191812694592,5.6571793e-05,0.0018976063,0.034946643
5626,0,1,0.0006246275360611618,8.372742e-14,3.3783414e-14,0.0005724162
5627,0,0,0.14855551544427475,0.27403334,0.9666386,0.14547542
5628,1,1,0.7417079043246093,0.99983835,0.9989396,0.7331958
5629,0,0,0.0014578400958171764,5.514355e-09,2.158781e-07,0.0024618872
5630,0,0,0.002220421412241227,2.7440867e-09,6.5292426e-08,0.0027270578
5631,0,1,0.7777995362815071,0.99999905,0.999998,0.7774395
5632,0,1,0.15336125514436005,0.94980055,0.9577437,0.1517038
5633,1,1,0.9058311455129194,0.99999785,0.9999678,0.9007581
5634,0,1,0.5511182813879727,0.9987048,0.9965796,0.5551412
5635,1,1,0.8982796045067832,1.0,1.0,0.8977215
5636,0,1,0.21501628595447259,0.480191,0.11319481,0.20818666
5637,0,1,0.753909202577533,0.99999857,0.9999974,0.7526175
5638,0,1,0.2935922993611987,0.60606605,0.117656514,0.2888023
5639,0,1,0.24081846473000912,0.86423045,0.33565655,0.23552333
5640,0,1,0.846143983924144,0.9999939,0.9999522,0.8454468
5641,0,1,0.0065047657642342185,4.9622905e-08,3.9798493e-09,0.0060266512
5642,0,1,0.7173940729909966,0.99998057,0.99997056,0.7147224
5643,0,1,0.29099031639635115,0.757192,0.41246057,0.28113708
5644,0,0,0.0020333093768005236,7.578169e-09,1.7569522e-07,0.0025431907
5645,0,1,0.08080410758504482,0.0047525335,4.4067914e-05,0.07153672
5646,0,1,0.7047452592328044,0.99999964,0.99999917,0.72833663
5647,1,1,0.5993089864648664,0.99893373,0.9758798,0.6048232
5648,0,1,0.7665330146941023,0.999997,0.99999416,0.7648208
5649,1,1,0.2527650820162912,0.036756203,0.0061076507,0.24039312
5650,0,0,0.0539358410058642,0.0012718963,0.025696397,0.05420973
5651,0,0,0.08114156882038936,0.0075246347,0.21441185,0.07811803
5652,0,1,0.12141555392010056,0.0020943456,4.655939e-05,0.124059096
5653,1,1,0.8553710603275713,0.9999999,0.99999976,0.8559838
5654,1,1,0.5957170384591982,0.99999845,0.9999974,0.581751
5655,1,1,0.313097792621396,0.90588593,0.6529896,0.31288543
5656,0,0,0.0008896854463371618,3.8352993e-12,4.3174613e-11,0.0010395844
5657,0,0,0.13713401283926377,0.38437855,0.9497999,0.13867988
5658,0,0,0.4104079092061457,0.9990928,0.9999994,0.40931156
5659,1,0,0.14516900367666036,0.2329131,0.9280077,0.1479754
5660,0,1,0.0006218352913881159,3.9117472e-13,1.0998328e-14,0.00067092385
5661,0,0,0.032937142217428404,0.0011682231,0.014504214,0.034054894
5662,0,1,0.3302251567360716,0.9885556,0.93325394,0.33053577
5663,0,0,0.004859449877168055,1.215356e-09,7.2245115e-08,0.0049378327
5664,1,1,0.9948412313422852,1.0,1.0,0.9941865
5665,1,0,0.11251168816409554,0.027855871,0.4806614,0.11425463
5666,0,0,0.009385311199683756,0.00020527584,0.0006057377,0.021373047
5667,0,1,0.4497679223056972,0.9915343,0.972779,0.44086653
5668,0,1,0.7183271841413569,0.99999607,0.99999154,0.7181186
5669,0,1,0.010536224390946689,2.6179282e-07,1.1611295e-07,0.009920005
5670,0,0,0.036791059606763946,0.0001537196,0.0040841284,0.036332138
5671,0,1,0.3465391275958932,0.968306,0.9007796,0.34978476
5672,0,1,0.19921663596213615,0.6786992,0.66049665,0.1860176
5673,0,1,0.03959956920490449,0.00056047324,0.0001097845,0.038202297
5674,0,1,0.13597386606903467,0.048819155,0.0066783545,0.13494696
5675,0,1,0.013788589321663509,1.6497121e-06,6.206573e-08,0.016134644
5676,1,1,0.562187973752339,0.99796706,0.9948496,0.547724
5677,0,1,0.02981947172514925,0.00017528736,1.20239965e-05,0.027182015
5678,0,1,0.28661212345199294,0.9951619,0.988831,0.29502577
5679,0,1,0.026291696399144686,1.7658394e-05,3.516645e-06,0.024991425
5680,0,1,3.9189530237427045e-05,1.0,1.0,0.000123847
5681,0,1,0.14658910545716708,0.012448339,0.00088635285,0.14072335
5682,0,0,0.006847699498041309,5.097555e-08,1.0712738e-06,0.0068501686
5683,0,1,0.21195252298857203,0.9260812,0.7916653,0.2071568
5684,0,0,0.031384312674585045,0.0003638439,0.007877608,0.0315429
5685,1,1,0.13432367594751962,0.016714796,0.0033193345,0.13902494
5686,0,0,0.01963213418186081,0.0005148148,0.0062961914,0.033170346
5687,0,1,0.08532342641409205,0.02110943,0.00096388796,0.08815818
5688,0,0,0.002090685754865598,3.268185e-11,2.3758058e-09,0.0020259358
5689,0,1,0.22348060767960948,0.37407994,0.24929479,0.23602171
5690,0,1,0.02411090131655119,1.01435735e-05,4.3032537e-07,0.023036497
5691,0,1,0.00821379167797151,1.6411273e-06,3.9525122e-07,0.009329264
5692,0,1,0.1057318371055849,0.009205381,0.006334646,0.1089676
5693,0,0,0.0029370602350540145,8.587284e-10,1.1050804e-08,0.0030891206
5694,0,1,0.008526629962341641,1.0651689e-07,1.557405e-09,0.009829396
5695,0,0,0.05157580840426747,0.0022151172,0.08476129,0.05117147
5696,1,1,0.9997660242305506,1.0,1.0,0.9997248
5697,0,1,0.08621340137641954,0.08354975,0.026023747,0.08361648
5698,0,1,0.010751331976646565,3.1599134e-06,1.08064e-06,0.012305717
5699,0,1,0.4254128792288044,0.9820886,0.9091244,0.42518514
5700,0,0,0.00963244132368766,0.31542936,0.060160663,0.012152292
5701,0,0,0.027227595384001345,0.00017851658,0.0019577118,0.027965803
5702,0,0,0.004760547049893874,3.5658636e-06,0.0001666345,0.005537362
5703,0,1,0.25111726643148435,0.55154294,0.07780323,0.24048384
5704,1,1,0.4446135729732769,0.99872035,0.99492526,0.4494862
5705,0,0,0.002979330468480181,1.3392634e-08,1.2553263e-06,0.0036387222
5706,0,1,0.1178637019766266,0.011304562,0.0028120887,0.11624493
5707,0,0,0.024070621813071437,5.297008e-06,0.00010533269,0.02436904
5708,0,1,0.697830272146264,0.9999614,0.9999105,0.69657004
5709,0,1,0.011272908610372114,7.351082e-05,1.3964131e-05,0.012979791
5710,0,1,0.28234201379026647,0.9053574,0.66235745,0.28249833
5711,0,0,0.08918534098720375,0.03947259,0.5132336,0.09094725
5712,0,1,0.2934294199216146,0.8744328,0.68936354,0.2877733
5713,1,1,0.6419701762280958,0.9998133,0.99905485,0.64489716
5714,0,1,0.017320804902854606,9.682671e-05,1.326993e-05,0.021472188
5715,0,0,0.0037324741037206757,1.2207604e-06,5.4901902e-06,0.0065111504
5716,0,0,0.0015738569945073753,1.3332788e-12,4.7887024e-11,0.0015336602
5717,0,0,0.05213734604605423,0.1034164,0.38278872,0.09167481
5718,1,1,0.34151361558244936,0.983231,0.9262421,0.339607
5719,0,1,0.29051820615286683,0.88816255,0.48251382,0.28427142
5720,0,1,0.16936033628019462,0.069330156,0.031388655,0.16893458
5721,0,1,0.008174193619243524,3.0207428e-05,1.1126043e-05,0.009856933
5722,1,1,0.3730627558810484,0.98600066,0.957717,0.390903
5723,0,0,0.008395018886282335,5.1092945e-07,1.0604983e-05,0.00990214
5724,0,0,0.00188671661764876,7.2807504e-10,1.5564554e-08,0.0023137508
5725,1,1,0.7539160550078459,0.9999151,0.9996882,0.7533472
5726,0,1,0.10691693270180397,0.055785976,0.04253093,0.11151917
5727,0,0,0.0035533043289362083,3.8346615e-09,1.460185e-07,0.0034599479
5728,0,0,0.0013442545921313021,3.1967522e-09,3.134235e-08,0.0014850922
5729,0,1,0.1982707309879118,0.6963433,0.40164563,0.19759822
5730,0,0,0.008874580155434143,2.9975124e-06,9.53727e-05,0.010694226
5731,0,0,0.000344254955377754,4.958453e-14,2.051909e-12,0.00041055295
5732,0,1,0.08377165104476585,0.00023484413,4.9073783e-06,0.084348775
5733,0,0,0.005341346544028618,1.3856689e-08,2.5778647e-07,0.006374945
5734,0,1,0.047275505838077984,0.009211476,0.0019064812,0.055500127
5735,0,1,0.19657134133959203,0.9345889,0.85078174,0.19622469
5736,0,1,0.03688583970529911,0.0020339882,9.535879e-05,0.037397996
5737,0,1,0.2042461497231177,0.20182474,0.04363527,0.20402187
5738,0,0,0.005109470696265382,2.8224548e-08,1.9898107e-06,0.0052127372
5739,1,0,0.1414600449014865,0.20254673,0.9258843,0.1411007
5740,1,1,0.6921563431205254,0.9998709,0.99889636,0.69192797
5741,1,1,0.15726498750301487,0.005574869,0.00010167568,0.15880488
5742,0,1,0.022531464389213298,2.366878e-05,9.160846e-07,0.021580016
5743,0,0,0.0012510480592137277,7.0274667e-13,2.2881053e-12,0.0011602556
5744,0,0,0.2121780097580016,0.55517626,0.99905497,0.20931026
5745,0,0,0.005431225897603506,1.9972755e-07,4.3968507e-06,0.0065900553
5746,0,1,0.0093989519524698,8.703146e-06,4.1920775e-06,0.011338423
5747,0,0,0.006285099594082435,2.7213198e-09,2.973727e-07,0.0059458977
5748,0,0,0.00046253951642531667,9.1302e-12,8.492162e-10,0.0005566489
5749,1,1,0.7092267519478345,0.999974,0.9993265,0.71659017
5750,1,0,0.8816106921017732,0.9999726,0.99999726,0.87433445
5751,0,1,0.054073501568666825,0.00037023495,9.8823395e-05,0.052256845
5752,0,0,0.04705065660873891,0.0006440412,0.020875491,0.04436655
5753,0,0,0.012904169018705194,4.8983406e-07,1.0677258e-05,0.014091536
5754,0,1,0.29764613764980186,0.9901868,0.9701011,0.29860964
5755,0,0,0.07014289569553206,0.002863167,0.07136241,0.070445254
5756,1,1,0.7877178750783679,0.9995664,0.99722975,0.7762542
5757,0,1,0.004120608505593332,1.2754082e-07,2.5615108e-08,0.00492807
5758,0,1,0.02052869699390487,5.7591033e-06,4.944731e-07,0.023222936
5759,0,1,0.03167942537837729,0.000114913644,1.4456294e-05,0.030844223
5760,1,1,0.16479931559421432,0.09123236,0.08231606,0.16196972
5761,0,0,0.029475520833960257,2.4997678e-05,0.0004642374,0.031621233
5762,0,1,0.13837484231955768,0.20270066,0.039723314,0.13629423
5763,1,1,0.9182812549770821,0.9999999,0.9999994,0.9199132
5764,0,1,0.06677610844304205,0.033651013,0.006828351,0.06261065
5765,0,0,0.0056204104576349926,4.0404505e-08,1.2796484e-06,0.0058541885
5766,0,0,0.015159326647649808,8.0497443e-07,2.0339661e-05,0.015377661
5767,0,0,0.011385271109543842,9.74163e-07,5.713085e-05,0.011930319
5768,0,0,0.008113985693601373,9.8172336e-08,3.1328002e-06,0.008159034
5769,0,1,0.1314668461185428,0.3691836,0.19946301,0.12972374
5770,0,1,0.003260538762319845,1.6429166e-08,2.7404774e-09,0.0038780754
5771,0,1,0.03142434221210898,0.00070819113,0.00014686392,0.038933236
5772,1,1,0.8401437239966905,0.9999944,0.9999697,0.8381003
5773,0,1,0.00542577685210752,4.660032e-06,1.4729726e-07,0.008746298
5774,1,1,0.9944480221705055,1.0,1.0,0.9937388
5775,0,0,0.0019074486686120433,2.8971059e-09,2.6186171e-07,0.0023212957
5776,1,1,0.4755266374438081,0.9943836,0.9767172,0.46274868
5777,1,0,0.1295612963021984,0.014599115,0.40600723,0.12862237
5778,0,0,0.003131829138503635,9.7680495e-09,2.590011e-07,0.003733451
5779,0,1,0.04666883171805002,0.00015022123,2.7686254e-05,0.04502279
5780,0,1,0.4731061517945371,0.9994954,0.99827445,0.4832536
5781,0,0,0.005679750100482949,3.0005156e-06,7.139756e-05,0.0067960965
5782,0,1,0.22628530533666907,0.97844213,0.98131853,0.20874134
5783,0,0,0.02129874305149214,3.0850174e-07,5.2515124e-06,0.020615255
5784,0,1,0.11421952098729779,0.002816301,0.0008759003,0.111467935
5785,0,0,0.0652837192193436,0.002928125,0.040597457,0.06721337
5786,0,1,0.002172785495180612,9.420783e-11,9.165829e-12,0.0024287468
5787,1,0,0.16588094908672002,0.36835566,0.9817463,0.16426834
5788,0,1,0.002746390684132612,3.6662843e-08,3.9832133e-09,0.0029016493
5789,1,1,0.10010341191753873,0.032181982,0.0019160412,0.096807264
5790,1,1,0.6273586177280349,0.9998075,0.99964046,0.621897
5791,0,1,0.149449901623845,0.3532265,0.039693948,0.14598632
5792,0,0,0.36072804832991046,0.86717564,0.9953849,0.34625244
5793,0,1,0.13444400479251153,0.013568224,0.002052624,0.13453797
5794,0,1,0.010063803889414018,5.7312013e-09,1.8851557e-11,0.010556017
5795,0,0,0.021786458355547253,0.00019542039,0.0040850057,0.021447087
5796,1,1,0.27416786951561545,0.72921973,0.41534212,0.2712121
5797,0,1,0.3309835114675129,0.9678473,0.8943097,0.3311461
5798,0,1,0.552684200099284,0.999998,0.9999987,0.5405506
5799,0,0,0.013647470974822752,2.5325093e-07,1.3194292e-06,0.013379838
5800,1,1,0.5588668339892987,0.99961007,0.99867886,0.58008397
5801,0,1,0.13371614011745572,0.0307202,0.013753999,0.12164548
5802,0,0,0.066744415297045,0.011358951,0.29291895,0.06519386
5803,0,1,0.005480629928814038,1.2594033e-06,2.6966677e-07,0.005784246
5804,0,0,0.0013399487665607724,6.390693e-12,2.036579e-11,0.0014090441
5805,1,0,0.426613725533851,0.92575157,0.99461913,0.4192508
5806,0,1,0.0025580410416057957,1.8844926e-09,2.6803038e-10,0.0030259558
5807,1,1,0.8924089907593366,1.0,0.99999976,0.89703584
5808,0,0,0.30142100683971423,0.07033571,0.52635235,0.14015332
5809,1,1,0.805714066970072,0.9999286,0.99981415,0.8035331
5810,0,0,0.020250278866208754,9.483799e-06,0.0004466671,0.020072758
5811,0,1,0.003917863558266797,8.4433616e-08,7.967696e-08,0.0045196037
5812,0,1,0.013684034813720488,1.6038974e-05,4.110016e-06,0.015640756
5813,1,1,0.572351037028709,0.9763072,0.91982085,0.5357994
5814,0,1,0.44528569082297625,0.99962735,0.9986407,0.44508934
5815,1,1,0.5671261442456417,0.999017,0.9877741,0.56252253
5816,0,0,0.038223622391368735,4.4979647e-06,0.000248939,0.037980225
5817,0,1,0.2257245237780439,0.8739171,0.89299905,0.21858759
5818,0,1,0.007608717957296172,1.9701296e-10,3.705025e-12,0.0070423693
5819,0,1,0.04247662535438292,0.0006538193,0.00046179577,0.042777985
5820,0,1,0.0028575675175023596,1.2753748e-08,8.9971836e-10,0.0031481378
5821,1,0,0.21586367140640084,0.9036864,0.99994767,0.2215871
5822,0,1,0.0077326275326865075,7.200369e-08,1.5580447e-08,0.008485921
5823,1,1,0.7250818685470024,0.9999782,0.999951,0.7220009
5824,0,1,0.4021866549876088,0.98936117,0.97770965,0.4050314
5825,0,0,0.0147905028405872,5.0358503e-06,9.9190176e-05,0.014799126
5826,1,1,0.5942135759550655,0.998779,0.99744403,0.59042656
5827,0,0,0.006594413614011217,2.1425507e-05,0.00053450995,0.007816458
5828,0,1,0.010497978685669512,2.7421265e-07,1.8996602e-07,0.010163851
5829,0,1,0.3161114166810304,0.94068307,0.84720826,0.32056284
5830,1,1,0.9257393564826274,0.99997985,0.9998932,0.9132896
5831,0,1,0.16023552465023883,0.047625154,0.03381592,0.16193818
5832,1,1,0.21816880840416328,0.8170956,0.7969435,0.2212408
5833,0,1,0.19534089917474076,0.0972514,0.031430557,0.19198014
5834,0,0,0.00534884318613162,3.4682827e-08,2.1239991e-07,0.0051379753
5835,0,1,0.1263496907829671,0.031595986,0.011735467,0.15014954
5836,0,0,0.002499573358891885,1.14102186e-10,4.9928874e-09,0.0025523626
5837,0,1,0.1963757319612527,0.48293188,0.21915646,0.20500569
5838,0,0,0.007390450705253654,1.3190933e-05,6.35751e-05,0.012922868
5839,0,1,0.003579052668544635,3.9723185e-09,1.4274009e-09,0.0037756125
5840,0,1,0.004075305392858616,4.433709e-08,8.906302e-09,0.0046072667
5841,0,1,0.05271937504647025,0.00051922916,7.1220966e-05,0.05197395
5842,0,1,0.5372881360329069,0.9959697,0.90269077,0.5581949
5843,1,1,0.7893120061602024,0.9996727,0.9989152,0.7903089
5844,0,1,0.1228657632375368,0.0014346084,0.0003009926,0.12028886
5845,0,0,0.014353042905242475,1.0894724e-07,1.6369662e-06,0.015104856
5846,0,1,0.12749049915237448,0.06608373,0.026031686,0.12425199
5847,0,1,0.5955838115535376,0.99952537,0.99847406,0.5947395
5848,0,1,0.1392623850608278,0.43346962,0.1948554,0.14439996
5849,0,0,0.15083703506046892,0.6857214,0.99485,0.15019831
5850,1,1,0.3062730333954947,0.94538903,0.7783739,0.3048176
5851,0,1,0.2077127418051077,0.53962785,0.28350016,0.21617106
5852,0,0,0.0009152517307543321,1.0119755e-10,1.2867213e-09,0.0011143824
5853,1,1,0.04446413798024323,0.00075368135,0.000116946656,0.041107904
5854,0,1,0.5460757836495728,0.99940443,0.9975986,0.5446193
5855,1,1,0.8426902756128782,0.99999964,0.9999994,0.8437154
5856,0,1,0.17182352263229939,0.040890023,0.0058625643,0.17065878
5857,0,1,0.06891638884171672,0.00017160802,4.8756367e-05,0.06425391
5858,0,1,0.016893674737270686,6.687e-06,1.6336118e-06,0.020610608
5859,1,1,0.18065849498323014,0.010928263,0.00022107802,0.18475536
5860,0,1,0.6816565219401852,0.99997234,0.9998623,0.68641174
5861,0,1,0.17075715025404667,0.5739131,0.30003098,0.16478294
5862,1,0,0.6664717398941963,0.9999331,1.0,0.66174084
5863,0,1,0.659438735281574,0.9999851,0.9999528,0.6579408
5864,1,1,0.9939584490139077,1.0,1.0,0.99331146
5865,0,0,0.002389540668264527,1.3406727e-10,5.9883223e-09,0.0030602466
5866,0,1,0.09115426199956271,0.0009696374,9.278388e-06,0.09103959
5867,0,0,0.008194211292310197,1.8940551e-05,0.00020463957,0.014242354
5868,0,0,0.00902151276699804,8.265918e-06,0.0013215212,0.009382634
5869,1,0,0.7485631320701811,0.99999547,1.0,0.74784094
5870,1,1,0.5722762010721917,0.99920005,0.9939498,0.5713669
5871,0,0,0.6056829708456323,0.99999416,1.0,0.60637933
5872,0,1,0.03036158382376151,3.167325e-05,1.2607601e-06,0.029124588
5873,0,1,0.1310465401488653,0.17622226,0.06384734,0.12925097
5874,0,0,0.010480445229455716,1.2181996e-06,1.7987672e-05,0.010459429
5875,0,1,0.17478666406334553,0.30624112,0.09137977,0.16636436
5876,1,0,0.7665452916005318,0.999997,1.0,0.7656739
5877,0,0,0.0364464758623449,0.00086995075,0.015917562,0.036938123
5878,0,1,0.1453612476411036,0.0217753,0.0019993733,0.13966918
5879,0,1,0.00035027631244828605,7.140764e-16,6.7488794e-18,0.0003990575
5880,0,0,0.010493842996717196,0.00033415464,0.009132258,0.012725302
5881,0,1,0.05149068963488568,0.0022368021,0.00034608992,0.05326045
5882,0,1,0.11367822572883551,0.13823038,0.02587885,0.1089768
5883,0,0,0.046544796368867866,4.7057816e-05,0.002614486,0.044062264
5884,0,0,0.023620790917543936,1.4830036e-05,0.0001583237,0.024044834
5885,0,1,0.11050490892780308,0.023894135,0.01487542,0.11223835
5886,0,0,0.004999236962726603,1.0242668e-08,7.8104176e-07,0.0050400957
5887,1,0,0.8361365853317865,0.99999833,1.0,0.82767755
5888,1,0,0.8003093804593204,0.9999701,1.0,0.7877774
5889,1,1,0.41795280078080715,0.99232167,0.8451983,0.42070994
5890,0,0,0.077862340704289,0.018517587,0.3497277,0.07760735
5891,1,1,0.45198985281999204,0.99563414,0.97629845,0.453336
5892,1,1,0.9999999999999296,1.0,1.0,1.0
5893,0,0,0.06317708476244178,0.0025228038,0.10790521,0.06071798
5894,0,0,0.014111188532786237,1.1277647e-07,2.8743787e-06,0.014720686
5895,0,1,0.00883293097688226,4.102686e-08,1.8947148e-08,0.008906247
5896,0,1,0.006737069881285384,6.8816103e-06,4.5313404e-06,0.00777542
5897,1,1,0.9999999999999942,1.0,1.0,1.0
5898,0,1,0.42515539265889063,0.99816304,0.9943579,0.43889514
5899,1,1,0.5687823800827323,0.99801576,0.99548596,0.5542917
5900,1,1,0.6452044440801512,0.99938774,0.9990274,0.6467948
5901,0,1,0.2573401366430549,0.3962711,0.16899763,0.25328118
5902,0,1,0.6917440017063218,0.9999677,0.9999485,0.68985987
5903,0,1,0.0298301271171443,3.6637655e-05,1.6519052e-05,0.029801842
5904,0,1,0.2137672998805547,0.32467985,0.07312671,0.21344118
5905,0,1,0.007531045481356036,2.3373283e-07,1.4676274e-07,0.0084857885
5906,0,1,0.09129649143618958,0.0023504214,0.0019256766,0.09279898
5907,0,0,0.006533001194595336,1.3272462e-06,5.126855e-05,0.007835363
5908,0,1,0.04270501665457799,4.2950927e-05,4.6128316e-06,0.04291433
5909,0,1,0.4387551048539685,0.9992045,0.996865,0.44114956
5910,0,0,0.0004105287293710427,1.6679603e-13,8.676592e-12,0.0004902792
5911,1,1,0.24308123389950334,0.60509235,0.2196221,0.2424124
5912,0,0,0.006082995370269934,8.45123e-07,3.0270869e-05,0.007301647
5913,0,1,0.10428118583426678,0.107669145,0.019148862,0.10521358
5914,1,1,0.03468131532800122,4.0255258e-05,1.070402e-05,0.03159343
5915,0,0,0.13498180985971228,0.18813774,0.90957737,0.13585426
5916,0,1,0.014380476426876,9.33799e-07,3.2204073e-07,0.013180295
5917,0,0,0.19261481401350805,0.89046943,0.9973105,0.19735688
5918,1,0,0.8547303333245696,0.99999666,1.0,0.8461621
5919,0,0,0.07066426376313877,0.065559275,0.6017917,0.071140364
5920,1,1,0.6251733358530709,0.99925894,0.99810153,0.61123556
5921,0,1,0.020562255118586305,5.446406e-06,1.5921013e-06,0.020743288
5922,1,1,0.9254270185189584,0.99999964,0.99999774,0.9216824
5923,0,0,0.018955727248386612,0.0001683462,0.0025626912,0.022506997
5924,0,0,0.012965651446676708,2.5224824e-06,0.0001298207,0.013334066
5925,0,1,0.26012210892196325,0.912689,0.66541576,0.2533003
5926,0,1,0.619389236071238,0.9999987,0.99999714,0.6350472
5927,1,1,0.44968265297050813,0.99844354,0.99602425,0.4521337
5928,0,1,0.33261189958279364,0.92470497,0.8308211,0.32867855
5929,0,0,0.004786683396047006,1.7071088e-08,2.989497e-07,0.004985145
5930,0,0,0.05023119244736521,0.00820341,0.134528,0.052808534
5931,1,1,0.47184501561405834,0.98916817,0.85533226,0.46919164
5932,0,1,0.6786171557247959,0.9999881,0.9999294,0.6803226
5933,0,1,0.38028993362750757,0.99431825,0.9830372,0.38086927
5934,0,0,0.01245945642466723,3.5234592e-07,3.235536e-05,0.012753519
5935,1,1,0.9898603646406878,1.0,1.0,0.98874974
5936,0,1,0.027163534144156353,8.4449166e-05,3.6772738e-06,0.026465025
5937,1,1,0.6129615720731452,0.9994443,0.99852633,0.61319155
5938,0,1,0.011902547989180444,3.4605725e-07,3.1210693e-08,0.01059227
5939,0,1,0.0016241770294739425,1.4963268e-11,4.1366197e-13,0.0018815985
5940,0,1,0.6527738023921409,0.998836,0.99751496,0.4128871
5941,0,1,0.008282457116021047,4.3720347e-06,1.3214767e-06,0.009454452
5942,0,1,0.029971911997786364,2.6133606e-05,2.529777e-06,0.028436074
5943,1,1,0.7729767179909041,0.99974805,0.99848783,0.7759917
5944,0,0,0.053342615122106654,1.6615952e-05,0.00028201335,0.055305272
5945,0,1,0.33171813584610893,0.99305046,0.9774828,0.3411709
5946,0,0,0.11964233407487572,0.4016328,0.982552,0.118752345
5947,0,0,0.027474965509532785,0.00024349295,0.0020724176,0.029574415
5948,0,1,0.1672541127485757,0.071305126,0.01239026,0.1689764
5949,0,0,0.0011148747284456524,6.612829e-11,1.2820618e-09,0.0013211488
5950,0,0,0.015925768659574784,2.2756183e-05,0.00089697266,0.016434204
5951,0,0,0.055107901576413314,0.01466597,0.7256758,0.056070067
5952,1,1,0.5642697014752114,0.9999325,0.9997507,0.5652434
5953,0,0,0.002722211498283724,1.7253804e-09,2.5712959e-08,0.003299509
5954,0,0,0.021991029773962095,8.356376e-06,0.0002614811,0.021395873
5955,0,1,0.42978650274976743,0.99955636,0.99716574,0.42595458
5956,0,0,0.010863266165699827,3.134998e-07,8.419025e-06,0.010640899
5957,1,0,0.9999999999994804,1.0,1.0,1.0
5958,0,0,0.0021384486522386297,1.6859288e-10,2.5660232e-09,0.0025303252
5959,0,1,0.07171394872026508,6.906333e-05,2.8575736e-05,0.06841248
5960,0,1,0.08341762384624442,0.016871167,0.006580052,0.08313986
5961,0,1,0.046599613084756235,0.00047233503,0.00010539439,0.044817504
5962,0,0,0.010612690580009052,1.4012495e-07,3.1568052e-06,0.011341513
5963,0,1,0.04064867277287653,0.00018277274,5.2029314e-05,0.039054465
5964,0,1,0.19533322056433272,0.26445457,0.013506291,0.19625612
5965,1,1,0.7882424321071156,0.9999993,0.9999988,0.7847041
5966,1,0,0.3350342924352082,0.8125757,0.97699976,0.22775474
5967,1,0,0.13011311389728475,0.17084226,0.43753928,0.13400334
5968,0,1,0.0010637752541801577,4.5025098e-11,2.6875702e-12,0.0011098577
5969,0,0,0.10839596668067494,0.33617166,0.94897974,0.10934299
5970,0,1,0.036486643373744625,7.162554e-05,1.6971951e-05,0.03766708
5971,0,1,0.15399249733818046,0.21908468,0.0993157,0.1595329
5972,1,1,0.8294664800301564,0.99999976,0.99999964,0.83096415
5973,0,1,0.03334902233772571,1.299447e-05,1.5609336e-06,0.031514395
5974,0,1,0.13889405839758098,0.17277756,0.07859328,0.13202348
5975,0,1,0.0523600275806801,0.0014081158,0.000542497,0.05054869
5976,1,0,0.996322263009204,1.0,1.0,0.9958235
5977,0,1,0.036311004820593386,0.000628438,3.6698955e-05,0.034630068
5978,0,1,0.05189826430223103,0.00023310096,0.00012080506,0.052482195
5979,0,0,0.260736328489635,0.93988866,0.99996746,0.25879022
5980,0,0,0.011766247831199065,8.258592e-07,1.8637524e-05,0.011504342
5981,0,0,0.05923663638785081,4.6500823e-05,0.039267175,0.060325302
5982,0,1,0.05192848783084388,0.00020804231,4.124519e-05,0.04966893
5983,0,1,0.047312931809871374,0.00025749698,3.108113e-05,0.04669226
5984,0,1,0.4832285900744839,0.9970793,0.98572075,0.492353
5985,1,1,0.3766844515902234,0.9970791,0.98923826,0.37812012
5986,0,1,0.45645677726349426,0.9939715,0.9775054,0.45992747
5987,0,1,0.09625789230668133,0.0036592304,0.001183299,0.088269524
5988,0,1,0.6024500634099784,0.9997532,0.9963061,0.6080155
5989,0,1,0.16966592312187825,0.53191286,0.19861038,0.17522624
5990,0,1,0.1606530647259753,0.004097817,0.00066820544,0.0936041
5991,0,0,0.0016544979189118776,8.6924534e-10,5.2062507e-08,0.0019559404
5992,0,1,0.0074043951676417055,3.5941116e-06,5.8489644e-07,0.008593534
5993,0,1,0.18701131303653715,0.38705137,0.11255065,0.18620075
5994,0,1,0.05586807046375665,0.0019349608,0.0008750294,0.053946797
5995,0,1,0.027882753625413377,6.4283064e-05,4.3252785e-05,0.028774422
5996,0,0,0.014761779338898537,0.0012493636,0.041006546,0.018306358
5997,1,1,0.44676496086294926,0.997985,0.99661213,0.44315594
5998,0,1,0.3312782153595022,0.9447693,0.62128484,0.33022335
5999,1,1,0.5880493653340036,0.99996424,0.9998356,0.591823
6000,0,1,0.0024351138749089175,4.952381e-08,7.1833837e-09,0.0029591727
6001,0,1,0.3105731230876059,0.9566868,0.85506034,0.3124923
6002,1,1,0.929068879977497,1.0,1.0,0.92974794
6003,0,0,0.13078444493313873,0.0023372779,0.25150406,0.1313668
6004,0,1,0.061206058375479995,0.0031302394,0.0004961069,0.059337635
6005,0,0,0.022237227602204764,0.00029390558,0.008273608,0.026644874
6006,1,1,0.16021837384352594,0.117508374,0.03428738,0.16760266
6007,0,0,0.004813749662624146,2.0598144e-08,3.3351677e-07,0.005013119
6008,0,0,0.006711605272338284,2.1928326e-08,8.3313644e-08,0.0065311505
6009,0,0,0.09088390020860068,0.036009334,0.527654,0.091702156
6010,0,1,0.043653382458018364,5.4575947e-05,3.0019613e-05,0.04145367
6011,0,1,0.06980625371176148,0.0034816768,0.00055181,0.07222948
6012,1,1,0.484584717232254,0.9999527,0.9999658,0.4768445
6013,1,1,0.007117632979126637,3.3568096e-05,4.2372435e-06,0.012331988
6014,0,1,0.6400838123739608,0.9983632,0.99341595,0.63315713
6015,0,1,0.23352972443901918,0.7156662,0.4061455,0.23855966
6016,0,1,0.21004485437532522,0.10135652,0.026484994,0.2068365
6017,0,1,0.20985563852428923,0.61544317,0.46315154,0.20712306
6018,0,0,0.029465945387958412,1.95964e-05,0.0004293255,0.030732013
6019,0,0,0.03205050461673955,0.00015759774,0.003814811,0.03168601
6020,0,1,0.0079849901435091,8.332586e-07,3.1045732e-07,0.008859686
6021,0,1,0.3385108096826716,0.7450191,0.3234392,0.32804504
6022,1,1,0.30615258023241937,0.86332285,0.5708927,0.3070202
6023,1,1,0.4915740793741068,0.9991385,0.9962273,0.48480836
6024,1,1,0.6482655703681063,0.9999399,0.99987507,0.6436602
6025,0,0,0.32847533244223026,0.9158639,0.9999659,0.32319483
6026,0,1,0.0038607583976848435,3.919463e-09,1.5898376e-09,0.0043346495
6027,0,1,0.47060172883790885,0.99675685,0.98509336,0.47175935
6028,0,1,0.6420755913682908,0.99959755,0.99924475,0.6446385
6029,0,1,0.15608275120758486,0.06446756,0.017673623,0.15442768
6030,0,1,0.21444236301079203,0.702987,0.36085707,0.21392903
6031,0,1,0.01932564589654551,0.00010134773,2.936173e-05,0.021187056
6032,0,1,0.16007368095350077,0.16081043,0.05100438,0.16522115
6033,1,1,0.9231949354153248,0.9999989,0.99999404,0.9134678
6034,0,0,0.023716499366772056,9.075479e-06,0.0010289389,0.022049142
6035,0,0,0.08922202286712512,0.0061458605,0.035157803,0.09043965
6036,0,0,0.023950719259326802,3.1418745e-05,0.0012862167,0.024053322
6037,0,0,0.07621103902487279,0.00010773587,0.0023309006,0.030758198
6038,0,0,0.4417566159754696,0.99726367,0.99999905,0.44168514
6039,1,0,0.560796890937821,0.9996756,0.9999999,0.5609532
6040,0,1,0.15409683559019136,0.5307837,0.39270356,0.14241149
6041,0,0,0.01599719885826168,2.5085326e-06,3.905848e-05,0.015711362
6042,0,0,0.0025734059620066965,2.9037928e-10,9.413014e-09,0.0027397678
6043,0,0,0.2861708250086886,0.12118412,0.7513387,0.13512476
6044,0,1,0.5111297276653202,0.99497503,0.9820104,0.51826113
6045,0,1,0.16928613405314094,0.06603684,0.045280952,0.17346942
6046,1,1,0.4368969210518328,0.9991319,0.99670464,0.449296
6047,0,1,0.09873252762022516,0.021316499,0.0054648207,0.09811403
6048,0,1,0.3265128640293443,0.9813595,0.9363363,0.32834497
6049,0,0,0.08735486786986545,0.013923247,0.24306892,0.08934428
6050,0,1,0.03194272470450838,0.0004625302,2.4194496e-05,0.030079981
6051,0,0,0.017688389557167193,0.00033717192,0.0043183197,0.023383895
6052,0,0,0.014495872760304155,5.224195e-06,0.00015254272,0.015102885
6053,1,1,0.2720984811344408,0.88236713,0.62878865,0.27849427
6054,0,0,0.0031115962083533757,7.0612155e-10,2.1158208e-08,0.0034241322
6055,0,1,0.004793123594420238,8.991646e-09,2.1783828e-09,0.0052432544
6056,1,0,0.23712298592889458,0.89014065,0.9953531,0.24608086
6057,0,1,0.5022259230091398,0.9925518,0.96978194,0.4992753
6058,1,1,0.6866398280505343,0.9999492,0.9998683,0.6874172
6059,0,0,0.028451599481285554,8.640681e-05,0.0021222148,0.029145278
6060,1,1,0.4021905099638495,0.96937907,0.5426571,0.39857167
6061,1,1,0.7162419322764939,0.9999912,0.9999814,0.71357876
6062,0,0,0.012510003618355862,8.896507e-07,3.2029548e-05,0.012004691
6063,0,1,0.2514246539552802,0.48125935,0.20529358,0.2513788
6064,0,1,0.20041006783913526,0.48918915,0.03552545,0.20686872
6065,0,1,0.026276394620811102,3.611155e-05,1.9478644e-05,0.02633289
6066,0,1,0.19559333736169934,0.38997605,0.40725636,0.1862186
6067,0,0,0.022143092585073066,4.2849548e-05,0.00040538365,0.021630537
6068,0,0,0.10503050509648999,0.073138416,0.65761626,0.10326634
6069,0,1,0.30193944639558323,0.9539243,0.86354464,0.3064361
6070,0,0,0.18025989120371766,0.59078604,0.98759365,0.18160546
6071,1,1,0.18525900062114853,0.5410599,0.08039485,0.18047646
6072,1,1,0.33974778190359955,0.74910295,0.60537034,0.33861613
6073,1,1,0.6735957293358507,0.9999027,0.9997445,0.671645
6074,1,1,0.13304660839003946,0.03228778,0.0049264636,0.13206464
6075,0,0,0.037393503556559717,0.0021874905,0.030172015,0.038456563
6076,1,1,0.3945274905045507,0.9898886,0.9195841,0.39864808
6077,0,0,0.07275158815663821,0.018529434,0.2273931,0.07625624
6078,1,1,0.32604748003066675,0.99685055,0.96210897,0.33522052
6079,1,1,0.14411144521343602,0.03184657,0.0044911765,0.14370833
6080,1,1,0.7999379371471615,0.99998903,0.99986196,0.80699486
6081,0,0,0.01190514746545963,6.013969e-06,0.00047757858,0.011972301
6082,0,1,0.008294863404595095,3.4152272e-06,5.9430494e-07,0.00947035
6083,0,1,0.18144952999713046,0.23605853,0.080804355,0.18376604
6084,0,1,0.05571215925775656,0.00011386694,1.614426e-05,0.052274294
6085,1,1,0.4888198775481459,0.99980175,0.99958676,0.4903537
6086,0,1,0.35451573070069814,0.97558707,0.75015604,0.3457542
6087,0,1,0.27743112008334125,0.85806584,0.5384253,0.27634096
6088,0,1,0.09744833985518385,0.070270665,0.031316515,0.100576706
6089,0,1,0.07942078964595044,0.09261882,0.098377,0.09086752
6090,0,1,0.02343013626569553,8.384543e-07,1.2910036e-07,0.022811128
6091,0,1,0.8142064408768556,0.99999833,0.9999896,0.8167871
6092,0,1,0.5044114298806474,0.9999963,0.9999881,0.48527387
6093,0,1,0.1399926914890889,0.25872344,0.07591252,0.13973683
6094,0,1,0.12483793441651042,0.014533659,0.0038421024,0.12227561
6095,1,1,0.4717365219393215,0.9969959,0.99217975,0.46446112
6096,0,1,0.08638184748316259,0.0077268286,0.0026385062,0.082334325
6097,0,1,0.11848808768103435,0.011844094,0.0017167398,0.1177381
6098,0,1,0.30699297451746527,0.9602149,0.6671956,0.31431285
6099,0,1,0.05003684007705907,0.0001460456,3.776138e-05,0.052076366
6100,0,0,0.14007660205206807,0.1081416,0.7648052,0.14263803
6101,0,1,0.11420101675376337,0.22539939,0.06690563,0.11907712
6102,0,0,0.002915176437487522,1.4364956e-07,4.062621e-06,0.0033288714
6103,1,1,0.5136879459990187,0.9999666,0.9999198,0.5168212
6104,1,0,0.5624865676712891,0.9999299,1.0,0.5530232
6105,1,0,0.06075772595621679,0.009266455,0.15747373,0.060626134
6106,0,1,0.4639070693842865,0.9970408,0.9895616,0.46455508
6107,0,0,0.2712747898524099,0.2278311,0.9291222,0.25830054
6108,0,1,0.2620238611100589,0.8187258,0.50436556,0.25978035
6109,0,0,0.0051201488602052505,2.4538183e-09,4.4736595e-08,0.002681836
6110,1,1,0.8224778321981087,0.9999045,0.9990834,0.8138949
6111,0,0,0.004380535313331346,2.319801e-09,5.5946508e-08,0.005085443
6112,1,0,0.06229994840652919,0.09983614,0.8315856,0.065484144
6113,1,1,0.4858671255128917,0.9988918,0.99559575,0.48548174
6114,0,1,0.3305098756023332,0.9957599,0.98109,0.33191743
6115,1,0,0.038867891539688795,0.0006859135,0.07080552,0.039893605
6116,0,1,0.13005756398088536,0.017982455,0.0033538102,0.1291193
6117,0,0,0.004888157398786738,4.5934144e-07,3.4364573e-05,0.0054775546
6118,0,0,0.0008370997181359313,3.2374474e-12,1.4571114e-10,0.0009980915
6119,0,0,0.08891713221304628,0.011685942,0.39620268,0.088920906
6120,0,1,0.27248674977600873,0.9815839,0.9283191,0.28029326
6121,1,1,0.4454068265900349,0.99943525,0.9987213,0.44836193
6122,0,1,0.7572621385782031,0.99997425,0.999966,0.7586703
6123,0,1,0.44431531377946887,0.815144,0.4318489,0.44840258
6124,0,1,0.19095891400064985,0.12132519,0.026247408,0.18003641
6125,0,0,0.08123123621233416,0.028597577,0.40158477,0.08117942
6126,0,1,0.0036524634167946417,1.4501612e-09,7.709475e-11,0.0033496418
6127,0,1,0.011168288018380735,4.1506513e-07,3.0350287e-07,0.010806219
6128,0,0,0.02124688656369896,1.320717e-06,1.8892077e-05,0.022725385
6129,0,1,0.6264494302631562,0.99776876,0.9892916,0.62153727
6130,0,0,0.00021115823445828365,2.7022771e-15,8.70058e-14,0.0002503058
6131,1,1,0.744473663013154,0.99998915,0.9999609,0.7484776
6132,0,1,0.0008514451333837544,1.9918344e-12,1.0802823e-12,0.0009691594
6133,0,1,0.5946744877028726,0.999992,0.99996245,0.6129887
6134,0,0,0.0019318789156035883,7.020873e-10,2.009487e-08,0.002192344
6135,0,0,0.03536586653904955,0.0005161517,0.030909512,0.033994563
6136,1,1,0.6941699551170376,0.9999031,0.99983,0.69189274
6137,0,1,0.05272986441777347,0.0009844041,0.00014951044,0.05291043
6138,0,0,0.021931011323094933,1.2401653e-05,8.8722074e-05,0.023403028
6139,0,1,0.02583496827095394,8.9257446e-05,1.6746795e-05,0.028517282
6140,1,1,0.4550355759585413,0.99822277,0.9950695,0.44577536
6141,1,1,0.6194601542382614,0.99994004,0.9998505,0.6201969
6142,1,1,0.03453199030440782,0.3295589,0.392258,0.04222754
6143,0,1,0.026600684491339198,3.9666724e-05,2.073113e-06,0.025239475
6144,0,1,0.03416952027408488,0.00030711436,0.000170068,0.034083523
6145,1,0,0.8162994013297481,0.9999999,1.0,0.81477755
6146,0,0,0.008973489239421978,1.2239755e-06,2.875745e-05,0.008330593
6147,0,1,0.0445135236467275,5.7364723e-05,7.426952e-06,0.04341776
6148,0,1,0.15204983429921798,0.10135363,0.038526695,0.15881702
6149,0,0,0.004160359090066484,4.06994e-07,6.73935e-06,0.004987494
6150,0,0,0.03593825432654259,0.00018687216,0.0037871266,0.035871796
6151,0,1,0.01209512831987616,5.7719585e-06,2.4891726e-06,0.013835149
6152,0,1,0.02850214398376442,1.4958126e-05,7.6268566e-07,0.02590268
6153,0,1,0.10629623168420119,0.0026937502,0.000381341,0.1052771
6154,0,1,0.012683212679948576,1.227043e-07,1.0347658e-09,0.012352343
6155,0,1,0.15324258304392957,0.2060242,0.10774335,0.14567249
6156,0,1,0.002259927213929656,5.444906e-09,1.2307687e-09,0.0025457914
6157,0,1,0.020711774366378905,0.00012283272,3.10473e-05,0.02352261
6158,0,1,0.01132468582713905,2.7210875e-08,3.134084e-09,0.006108611
6159,0,1,0.4885339083170721,0.9983002,0.9820135,0.4889461
6160,1,1,0.5035911060802453,0.99955636,0.9976294,0.50835663
6161,0,1,0.20385125363904302,0.59246355,0.21343651,0.20163135
6162,0,0,0.040910784495529456,0.0039742477,0.06592671,0.042193018
6163,0,1,0.34887070532820547,0.96179605,0.84071684,0.34134027
6164,0,1,0.024897181402110693,3.1085194e-05,1.3960535e-05,0.024914477
6165,0,0,0.349117651453792,0.15062754,0.81337816,0.3541335
6166,0,1,0.23362062279875898,0.8549128,0.6137858,0.24539632
6167,0,1,0.257598170654676,0.92178875,0.7430713,0.24799977
6168,0,1,0.0025461405400400037,3.4563747e-09,2.256118e-09,0.0029341816
6169,0,0,0.005282784468244245,6.44612e-10,1.9576914e-08,0.0055479356
6170,0,0,0.05864839122624116,0.0006412279,0.0025526735,0.058101825
6171,0,1,0.24196237635247778,0.2840734,0.18022123,0.24737002
6172,0,1,0.6493878902464391,0.99992347,0.9998251,0.6480451
6173,0,1,0.040390576307911145,0.00055821566,0.00017461408,0.038667206
6174,0,0,0.1269280540791405,0.056117065,0.988473,0.13050461
6175,0,0,0.0050484345494179,5.958031e-08,4.3746118e-06,0.00510279
6176,0,1,0.2727360357650845,0.9118984,0.6887038,0.27047807
6177,0,0,0.13516377728108772,0.03873964,0.9946064,0.13624926
6178,0,1,0.008157214892443886,5.243453e-07,1.6766904e-07,0.009104564
6179,1,1,0.4162254275152496,0.9688222,0.75171334,0.415373
6180,1,1,0.04351865807779659,7.379296e-05,4.1228395e-05,0.04117605
6181,0,1,0.20335840380836856,0.85297126,0.5844353,0.20936976
6182,0,1,0.0023433687787160515,3.3095078e-09,1.7605441e-10,0.0025766692
6183,0,1,0.07456958966756397,0.0043104454,0.0027915863,0.06977528
6184,1,1,0.32809355907200194,0.87915534,0.622088,0.32680014
6185,1,1,0.4795845036598421,0.99866974,0.99464935,0.47926325
6186,0,0,0.00643900909597776,5.0697836e-06,9.1485446e-05,0.0077290875
6187,1,1,0.20697635874147974,0.4193883,0.15836759,0.21647632
6188,0,0,0.1034019894740689,0.053483382,0.58161235,0.10798412
6189,0,1,0.20745918689862367,0.946619,0.87692493,0.21042112
6190,0,0,0.056061809981850445,0.0010697335,0.025040125,0.05916778
6191,0,1,0.02456648141750449,1.3738256e-05,3.3794165e-06,0.02559846
6192,0,1,0.18427669750935888,0.29587424,0.11064223,0.18542399
6193,0,0,0.07150843886566734,0.0002896142,0.022574183,0.069738545
6194,0,1,0.09028145298753915,0.09007562,0.04651374,0.09356497
6195,0,0,0.03770843539154096,4.5189854e-06,1.9682573e-06,0.04061429
6196,0,0,0.022222056442707982,6.191337e-05,0.000906064,0.022047503
6197,0,0,0.12798060165146088,0.19988501,0.9000464,0.12851003
6198,0,1,0.17652958039132544,0.24259968,0.052494355,0.18115816
6199,1,1,0.771672528960125,0.99999547,0.9999831,0.7738687
6200,1,1,0.3870002192248536,0.9964227,0.98689204,0.3860423
6201,0,0,0.04188556228559672,9.700916e-05,0.0032196443,0.043030784
6202,1,1,0.37475443448609524,0.8716292,0.22445667,0.38139045
6203,0,0,0.001754455827565883,1.2230714e-10,4.6624296e-09,0.0018762061
6204,0,0,0.010571091263903787,7.4274436e-07,1.5554455e-05,0.009880038
6205,0,1,0.01390477188197351,0.00033291578,2.640786e-05,0.022927253
6206,1,1,0.8472213130533057,0.99996626,0.99981403,0.83665603
6207,0,0,0.008718010776277487,7.6876427e-07,5.5129214e-05,0.009218403
6208,0,1,0.2511553402006355,0.4803459,0.21227519,0.24472688
6209,0,0,0.04933135678197826,0.00010086759,0.0021660496,0.050488196
6210,0,1,0.10759916340613104,0.14771627,0.034855243,0.107938424
6211,1,0,0.9298889203601947,1.0,1.0,0.9307487
6212,1,1,0.4758335520952104,0.97618616,0.88044196,0.47301337
6213,0,1,0.052031530949228015,0.0041923407,0.00030473992,0.04977442
6214,0,1,0.4294586342950159,0.9974497,0.97790545,0.41880223
6215,0,1,0.0032243774884512318,4.6250562e-11,6.1710153e-13,0.0032030102
6216,1,1,0.33457224319835993,0.979665,0.95274574,0.3310275
6217,0,0,0.037135218058211246,0.00046406794,0.012304604,0.037665658
6218,0,1,0.26513693173131725,0.21015525,0.07927321,0.2520329
6219,0,1,0.004584196790035288,9.2902845e-08,3.0521907e-08,0.0055198334
6220,0,1,0.6829638485425115,0.99996996,0.999876,0.6901823
6221,1,0,0.8127642104407288,0.9999989,1.0,0.8102124
6222,0,1,0.010551073371735744,2.7983924e-07,1.961776e-07,0.010214732
6223,1,1,0.7468652632898077,0.9999851,0.9999397,0.748722
6224,0,1,0.11215835301476983,0.014679136,0.0091002425,0.10807626
6225,0,0,0.057917234385142645,0.0035640004,0.096884996,0.059925243
6226,1,0,0.5462828474487761,0.9982888,0.9999993,0.5387526
6227,0,0,0.0016020289168839025,9.613066e-10,1.8345407e-08,0.001992707
6228,1,0,0.02705507897814905,2.1339903e-05,0.0021603473,0.028302297
6229,0,1,0.433595453584569,0.99718624,0.9935464,0.4281746
6230,0,0,0.00018505384730496753,1.5092064e-13,9.98793e-13,0.00020859948
6231,0,1,0.13509018843282908,0.04911451,0.024542818,0.13464685
6232,1,0,0.5881682479233301,0.99981546,0.9999999,0.5867041
6233,0,1,0.01437447999223241,4.8061734e-06,4.0004e-07,0.013307229
6234,0,1,0.003384453562310709,1.9286882e-10,1.03874784e-10,0.0028418354
6235,0,0,0.004049729470711105,6.251065e-07,5.965854e-06,0.0048659393
6236,0,0,0.0031349214762476257,3.2169736e-09,2.7099155e-08,0.0028333312
6237,0,1,0.5522662403429069,0.96818495,0.87041616,0.52280015
6238,1,1,0.8417691262806788,1.0,0.9999999,0.84359735
6239,1,1,0.9761545635149849,1.0,1.0,0.9741228
6240,0,1,0.8018396364505123,0.99999464,0.9999796,0.7974849
6241,0,1,0.012225245474667456,0.00071658404,9.1763555e-05,0.020345293
6242,0,1,0.001547347239562913,9.705861e-11,3.870795e-12,0.0016895336
6243,1,1,0.23297619126638097,0.7757309,0.5554403,0.24187483
6244,0,1,0.28425321513809215,0.96535856,0.7825515,0.28581616
6245,1,1,0.05777802462250249,0.08008776,0.058430612,0.06533595
6246,0,0,0.055145087914823296,0.00047337485,0.004607571,0.05302439
6247,1,1,0.15499574996169424,0.41123113,0.050561592,0.15116303
6248,0,1,0.6306620037678843,0.99975413,0.9993757,0.62664884
6249,0,1,0.08886379925913539,0.0074683623,0.00032822514,0.086498134
6250,0,0,0.0035003010093688828,2.537463e-07,4.129188e-06,0.0041782563
6251,0,1,0.3169778523124343,0.9389877,0.8347842,0.31024182
6252,0,0,0.019492485061360386,1.1126627e-05,0.00012738888,0.019892462
6253,0,0,0.018539029661780355,9.1925705e-07,0.00011764998,0.016470933
6254,1,1,0.3017208295787563,0.9208923,0.7979669,0.31723416
6255,0,1,0.012866476551949323,1.2058375e-06,9.3494674e-07,0.012432201
6256,0,0,0.03330769630566445,0.00031416348,0.0044664075,0.033449087
6257,0,1,0.26297884558827717,0.85990775,0.67768323,0.25648606
6258,1,1,0.9833593691890856,1.0,1.0,0.9829207
6259,0,1,0.3324222662429999,0.95009786,0.8619094,0.34740904
6260,0,1,0.19443866422720035,0.39173278,0.19139254,0.20328067
6261,0,0,0.013430488863967336,8.379751e-06,0.0001563767,0.016673036
6262,0,1,0.1429298667214971,0.13479343,0.023266971,0.14103343
6263,0,1,0.0026861201199206964,1.033394e-07,1.859116e-09,0.0038223988
6264,1,0,0.8812896093147856,0.9999975,1.0,0.87850565
6265,0,1,0.15768258537857677,0.097537555,0.031148048,0.15420493
6266,0,1,0.3257978596307167,0.9969098,0.99117225,0.3274065
6267,0,1,0.12404519953119508,0.008022848,0.00019638629,0.12481993
6268,0,1,0.025497566553602784,4.2196996e-07,5.0336686e-09,0.025555784
6269,1,1,0.6526136968084281,0.9994622,0.9992076,0.6541113
6270,0,0,0.028876812458887964,1.9284496e-05,0.00047282738,0.02858693
6271,0,0,0.043841997908467045,0.002142243,0.06179339,0.04354184
6272,1,1,0.8642033534625114,0.9999708,0.9997497,0.8572348
6273,0,0,0.005216667322932945,4.6789484e-08,9.405567e-07,0.005788986
6274,0,1,0.39400522524672993,0.9853864,0.97662383,0.3992756
6275,1,1,0.17859058005304698,0.6323613,0.40470076,0.18552944
6276,0,1,0.041071298193771234,0.0023139964,0.0011139367,0.044136707
6277,0,1,0.20843862716483408,0.15815544,0.0514765,0.20425147
6278,1,1,0.8775852377912184,0.99999905,0.99998474,0.88087124
6279,0,0,0.0013669001504313435,9.460716e-12,1.5893213e-10,0.0013706876
6280,1,1,0.4628914106296016,0.9929463,0.9082313,0.46643054
6281,0,0,0.00221911407085718,6.393391e-11,2.723729e-09,0.0023621607
6282,0,0,0.01999416891115136,1.2743138e-05,0.0001289546,0.020346178
6283,0,0,0.015063081310128323,0.00025566982,0.004334629,0.01869165
6284,0,0,0.0005682151057572795,3.5128871e-13,1.5617941e-11,0.0006803815
6285,0,1,0.026836318756490982,4.0829622e-05,6.6254015e-06,0.025738478
6286,0,0,0.0008729518743515978,4.6739196e-11,9.621577e-10,0.0011111599
6287,1,1,0.5604070710542463,0.99956757,0.9986286,0.5663164
6288,1,1,0.2601433402559405,0.93129903,0.8521019,0.2710142
6289,0,1,0.035830506325584,0.00023290458,8.830645e-05,0.03292485
6290,0,1,0.618590810377912,0.9999614,0.99990547,0.6222094
6291,0,1,0.0007455809308020379,8.3640473e-13,3.8161791e-13,0.0008484618
6292,0,0,0.008692040389634167,2.2110221e-08,8.379163e-07,0.009016264
6293,0,1,0.00425005731296437,4.543451e-08,9.591587e-09,0.0047833486
6294,1,0,0.8879983589870928,0.9999999,1.0,0.89034545
6295,0,0,0.010712370941978841,9.616243e-07,1.3957926e-05,0.010489458
6296,0,1,0.035871770263638685,7.825843e-05,1.9771258e-05,0.034502488
6297,0,0,0.002566932508140624,7.877024e-10,1.3997504e-08,0.0030485957
6298,0,0,0.001657582779440706,2.8337202e-10,3.6089396e-09,0.0019561015
6299,0,0,0.027700741601543465,4.5298228e-05,0.0010734525,0.028010251
6300,0,0,0.03918118564619757,0.0011041948,0.021777224,0.0395249
6301,0,1,0.16631546445052872,0.5445138,0.21344264,0.16394983
6302,0,1,0.024325038112723674,0.009797902,0.004143901,0.027592957
6303,0,0,0.0036784227545664165,1.6329186e-07,3.7415782e-06,0.0043706056
6304,0,0,0.003259950488750138,9.077395e-08,1.8891974e-06,0.003894135
6305,1,0,0.6477106396648666,0.9998064,1.0,0.63281506
6306,0,0,0.03042123293447781,2.0429863e-05,0.00044852737,0.031149244
6307,0,1,0.11162165698604504,0.017742988,0.0063487324,0.11278625
6308,0,1,0.8082938263115992,0.9999993,0.9999987,0.8086339
6309,1,1,0.6988188279432684,0.9999764,0.99993813,0.6984089
6310,0,1,0.011001809366898067,6.118751e-07,2.2718963e-07,0.009654497
6311,0,1,0.001970681063847268,1.840051e-10,8.880443e-11,0.0022728874
6312,0,1,0.036701636174879586,0.00025275623,5.6441982e-05,0.036960274
6313,0,1,0.7560737276516755,0.9999974,0.999995,0.75648695
6314,1,0,0.5349085589733317,0.9988728,0.9999994,0.5319446
6315,0,0,0.012523206767200677,1.3087297e-05,0.00066950644,0.013555581
6316,0,1,0.24052100957320874,0.30810955,0.060428325,0.23328657
6317,0,1,0.04672013707492858,0.0005834445,0.00016758594,0.04846373
6318,0,1,0.3917324032795297,0.9994955,0.9994659,0.3909165
6319,1,1,0.36054523154530005,0.26771933,0.00082420674,0.37118465
6320,0,0,0.009011935620808263,1.1397076e-07,4.87199e-06,0.009890945
6321,0,1,0.1457482082089179,0.055183407,0.009125723,0.14064421
6322,0,1,0.014467336465679395,3.6161155e-06,1.9061166e-06,0.01641417
6323,0,0,0.045134119696305576,0.00018683136,0.0028051122,0.045683686
6324,0,1,0.5760321184217249,0.99851435,0.98479825,0.5799378
6325,0,1,0.08908370545751665,0.004671967,0.0011957604,0.08677873
6326,0,0,0.0095470374355313,6.66647e-07,8.626357e-05,0.008921235
6327,0,1,0.14700778925211086,0.16370249,0.17119654,0.14960872
6328,0,1,0.040697546352861304,0.00045814642,8.773126e-05,0.040492468
6329,0,1,0.6272095861437934,0.9999926,0.9999665,0.6302986
6330,0,1,0.7840243745203713,0.9999994,0.99999857,0.7886235
6331,0,0,0.002201017016549066,4.944158e-09,1.758231e-07,0.002772691
6332,0,1,0.35824266642659597,0.97844714,0.9040214,0.3575445
6333,0,1,0.3170847179942074,0.96554595,0.886136,0.31790426
6334,0,0,0.11672609508761962,0.20707496,0.9565622,0.11549266
6335,0,0,0.00869427439229214,3.1313377e-07,4.290086e-06,0.008132117
6336,0,1,0.03653978850880886,7.069136e-05,1.8982573e-05,0.033769973
6337,0,0,0.15712012869726694,0.45115024,0.9989988,0.15404801
6338,1,1,0.6017023299219508,0.9999926,0.99998856,0.5993985
6339,0,1,0.009534026473506077,1.1923701e-06,3.1608673e-07,0.010790088
6340,0,1,0.07913924576208231,0.035912704,0.012606488,0.081345804
6341,0,1,0.44692220665272164,0.9955617,0.9808703,0.44573492
6342,0,1,0.0010240187493213916,1.2097948e-11,7.02479e-12,0.0011718799
6343,0,0,0.02782969205257628,0.00024128665,0.0037558204,0.028006509
6344,0,0,0.006086531405125316,8.599913e-08,7.2620383e-06,0.0061982926
6345,0,0,0.5786085962482261,0.99988306,1.0,0.57253194
6346,0,0,0.009300440174820736,3.4171888e-09,7.6085875e-08,0.008789052
6347,1,1,0.2819823207407485,0.9945663,0.98971194,0.28031266
6348,0,1,0.03933686630554289,0.00039505662,0.00013487299,0.040388443
6349,0,1,0.03389702505769845,1.0544475e-05,1.2405321e-06,0.032690942
6350,0,1,0.15789670070519163,0.07439065,0.0656665,0.15271308
6351,0,1,0.03844379184122323,0.00015468399,2.5540217e-05,0.037562497
6352,0,0,0.01370137514732334,1.5278473e-06,0.00010713972,0.0140901515
6353,1,0,0.17770528173707667,0.33522707,0.9213873,0.18071002
6354,0,1,0.024933397423732077,3.0333866e-05,1.6379797e-06,0.023857167
6355,1,0,0.9985559213781394,1.0,1.0,0.9982343
6356,0,0,0.0018372862374363378,6.1039485e-10,2.72102e-08,0.0023142837
6357,1,0,0.201233003054789,0.2407081,0.9987331,0.20425847
6358,1,1,0.4320600862375537,0.999087,0.9977264,0.43297243
6359,0,1,0.14008466271930517,0.010362987,0.006361831,0.1376209
6360,0,1,0.026184279763202624,0.000120849305,3.537534e-05,0.023448497
6361,1,1,0.5369725682773473,0.99842274,0.993471,0.53645736
6362,1,1,0.3377670483124486,0.9876859,0.9547153,0.31092796
6363,0,1,0.43519250358163053,0.9304438,0.63211113,0.42862213
6364,0,1,0.307054954132419,0.9940333,0.98664385,0.32117414
6365,0,0,0.04307116242395973,0.0004652164,0.014901219,0.045512408
6366,0,1,0.22600304350778283,0.8115789,0.5001505,0.22535257
6367,0,1,0.5753960551777385,0.99807906,0.9892846,0.57821524
6368,0,0,0.025147040288022816,3.2097734e-05,0.00047838865,0.02529569
6369,0,0,0.02903451089651487,0.00013384817,0.0027156258,0.027221236
6370,0,0,0.03057762723882667,3.824399e-05,0.00084832846,0.030066261
6371,0,1,0.17226785379870702,0.18868847,0.055402637,0.17222053
6372,1,1,0.5281469926402733,0.9853889,0.92813975,0.53324485
6373,0,1,0.67883795436667,0.99999046,0.9999777,0.68381494
6374,1,1,0.9435084659103236,1.0,1.0,0.94507015
6375,0,1,0.0046213144448961395,3.2514457e-08,3.0997045e-09,0.0052259825
6376,1,1,0.5762550481689834,0.9984995,0.97490543,0.5841168
6377,1,1,0.7322873967579334,0.999995,0.9999852,0.7335135
6378,1,1,0.9580311456284494,0.9999987,0.99998677,0.9547413
6379,0,0,0.013340432974651728,1.4110549e-07,2.73344e-06,0.013570663
6380,1,1,0.48463486030607655,0.9964138,0.9889177,0.47876236
6381,1,0,0.660597555929775,0.99996734,1.0,0.652266
6382,0,0,0.01407014201744503,3.0011635e-09,1.4511019e-09,0.014494768
6383,1,1,0.909591761846369,0.9999999,0.9999988,0.91182584
6384,0,1,0.15829380461018708,0.09632446,0.029242251,0.1656253
6385,0,0,0.10453517381467774,0.000838895,0.027719995,0.10862108
6386,0,1,0.36379547311474353,0.6720202,0.55756897,0.3638049
6387,1,1,0.9935687032500627,1.0,1.0,0.99292576
6388,0,1,0.08478302571875657,0.01047379,0.008928203,0.0861738
6389,0,1,0.1441380129248311,0.043458194,0.012332974,0.15107445
6390,0,1,0.1716516990571724,0.0027179539,5.3589105e-05,0.17334779
6391,0,1,0.0024253294684287445,7.028925e-10,4.5929544e-10,0.0028000881
6392,0,1,0.875684410522095,0.9999999,0.9999999,0.87023115
6393,0,0,0.2647770559224805,0.97206163,0.99998033,0.25625327
6394,0,1,0.0790580467515557,0.015192359,0.0035019356,0.07648841
6395,0,1,0.11381007025021761,0.015837347,0.013538401,0.11054471
6396,1,0,0.0890173017034635,0.031143123,0.639241,0.08706015
6397,0,0,0.0019040465750667405,3.3622276e-09,1.3797271e-12,0.0024508669
6398,0,1,0.044695574143647124,0.00028127356,0.0001373976,0.041907616
6399,1,1,0.6886641123200037,0.9999455,0.99988484,0.6881417
6400,0,1,0.3640314474110726,0.98538023,0.9695602,0.3689356
6401,0,1,0.14033886020694583,0.045202628,0.010922745,0.14716722
6402,0,1,0.11448014536061546,0.015182901,0.003842166,0.10619875
6403,0,1,0.1559877428388482,0.064618185,0.019925045,0.14719829
6404,0,1,0.39755693586525487,0.98975104,0.96857756,0.38984028
6405,1,1,0.88179216941109,1.0,1.0,0.88392216
6406,1,1,0.7436270712243822,0.99997807,0.99994695,0.74168545
6407,1,1,0.8247872598979648,0.9999995,0.99999917,0.82827026
6408,0,0,0.010285819182178234,9.575941e-07,1.4827603e-05,0.010267032
6409,1,1,0.9027733513794839,0.99999785,0.99998534,0.8999687
6410,0,0,0.007986917922255468,1.9182892e-06,4.2409967e-05,0.009925026
6411,0,1,0.03519181268792198,2.4790712e-05,3.938612e-06,0.034941494
6412,0,1,0.6510291830614128,0.9999646,0.9999064,0.6486695
6413,0,0,0.007052517568911846,3.3645644e-08,1.0199798e-06,0.0068199136
6414,1,0,0.9765120335161371,1.0,1.0,0.97368115
6415,0,0,0.006147649427143357,8.817094e-07,3.2372678e-05,0.007378339
6416,0,1,0.029781315409306692,5.2380633e-06,1.5206024e-07,0.029360734
6417,0,1,0.27622354207575855,0.96532214,0.81438154,0.2757839
6418,1,1,0.29718913496635596,0.9911482,0.9508498,0.30434254
6419,0,0,0.0007972020249579204,2.538355e-12,3.968709e-11,0.0009341883
6420,1,1,0.9810340637672651,1.0,1.0,0.9816858
6421,1,1,0.36064121611001926,0.99894553,0.994951,0.36257577
6422,0,1,0.007159620183367254,6.0366847e-07,2.3233653e-07,0.008042232
6423,0,0,0.031789493235582236,0.0010015889,0.021059671,0.042675186
6424,0,1,0.05666228332294383,0.0019353236,0.0014051984,0.051997393
6425,0,1,0.06284464897229973,0.006088829,0.00041644668,0.059927665
6426,0,1,0.05127321527641162,0.0011069984,0.00028865735,0.052725855
6427,0,0,0.01477676737346005,6.4281658e-06,0.00011012011,0.014785921
6428,0,0,0.003034957892749694,1.2765503e-08,6.173903e-07,0.0029816537
6429,1,1,0.9807255821719183,1.0,1.0,0.9799889
6430,0,0,0.11694727412882255,0.14384504,0.8985204,0.11477142
6431,1,1,0.18405529795346362,0.026404278,0.005903614,0.07703005
6432,0,0,0.0036652342909055773,3.476302e-09,9.9416546e-08,0.0038171385
6433,1,0,0.9965271457468725,1.0,1.0,0.99613094
6434,0,0,0.0033321350506292946,4.9945155e-09,1.1872384e-07,0.0039621647
6435,1,1,0.3502521360658114,0.95750374,0.868574,0.3516298
6436,0,1,0.005405596269606071,2.0744222e-08,3.0101701e-09,0.0061076037
6437,0,1,0.12206690286930799,0.01700674,0.0029481703,0.12247485
6438,0,1,0.028257699976683166,0.006623357,0.00031235072,0.047046743
6439,1,1,0.8221232899924878,0.9999999,0.9999999,0.8211971
6440,0,1,0.23990243803248815,0.4861242,0.1734251,0.23926467
6441,0,0,0.021267031570002544,3.629515e-05,0.0012184776,0.021188915
6442,1,1,0.7858450066108529,0.9999995,0.99999845,0.7899542
6443,0,0,0.01121323279970638,8.550267e-06,0.0006022502,0.012678552
6444,0,0,0.0016988604487245742,5.297015e-10,1.2080419e-08,0.0020133243
6445,0,1,0.4856122170916933,0.99863523,0.9937399,0.48321563
6446,1,1,0.5102062707198503,0.9998443,0.9995179,0.5172982
6447,1,1,0.30310145571347985,0.9604208,0.47672603,0.3092831
6448,0,1,0.001183486881488481,2.8648665e-13,1.13935e-13,0.001097514
6449,0,1,0.10003560018945186,1.823267e-05,2.5099058e-07,0.100804135
6450,0,0,0.0054228230833956665,7.756596e-08,1.865929e-06,0.005761325
6451,0,1,0.0028352235299026907,1.0504456e-09,2.1695039e-10,0.0031939582
6452,0,1,0.4251484379633992,0.9825874,0.91517746,0.42934975
6453,0,1,0.019383448448821627,0.00089299877,0.00034021,0.022274926
6454,0,1,0.11492361281774433,0.08363083,0.035279892,0.10965777
6455,1,1,0.5127613119865444,0.9989649,0.9976797,0.50503814
6456,1,1,0.25352996615150397,0.69763535,0.38568157,0.2651409
6457,0,1,0.4105812192105944,0.9891712,0.9533404,0.41095582
6458,1,1,0.5288298648161984,0.99975437,0.99918526,0.5294582
6459,0,1,0.012231627722231122,3.8696263e-07,2.4902e-07,0.011868964
6460,0,0,0.006969782965561295,1.22999255e-08,4.0504126e-08,0.007658051
6461,0,0,0.02551641808880672,1.0224962e-05,0.00032711742,0.02497171
6462,0,1,0.004193034521416335,3.6615535e-08,5.8835075e-09,0.0043903165
6463,1,1,0.5482634918301811,0.9992391,0.9971558,0.5523366
6464,0,1,0.6112833097466863,0.99989617,0.99960876,0.6285265
6465,1,1,0.2803099955101408,0.9538675,0.88670605,0.2792829
6466,0,0,0.5575016155938258,0.9998113,0.9999999,0.53760976
6467,0,1,0.009190637710609007,3.9632687e-06,1.0999105e-06,0.010516526
6468,0,1,0.08582894211773123,0.0024967801,0.0014557067,0.08730966
6469,0,0,0.00978078985546011,1.2533179e-06,2.9507471e-05,0.009165161
6470,0,0,0.06348449140278625,0.00033952066,0.009256151,0.06424223
6471,0,1,0.006555462458992504,9.209461e-07,3.1775235e-07,0.0071281986
6472,1,1,0.8243452698774353,0.9999963,0.99998724,0.82268643
6473,0,1,0.08770584038826004,0.007861019,0.00055206206,0.082288206
6474,0,1,0.23829681304911385,0.6055297,0.22579448,0.23856431
6475,0,1,0.003323215412948478,3.894293e-08,1.2883968e-08,0.003794122
6476,1,1,0.38859447885392745,0.99249285,0.97539854,0.39156327
6477,0,0,0.024923328300778067,1.900324e-05,0.00060843385,0.024111336
6478,0,0,0.35594130779375044,0.99981034,0.9999989,0.35045147
6479,0,1,0.04494215726713299,0.0022214942,0.0012772231,0.04806733
6480,0,1,0.44715870476979724,0.9956808,0.98381376,0.4471619
6481,0,0,0.05084027729271212,0.0012485636,0.87906605,0.05021242
6482,1,1,0.11474159009970092,0.0058151446,8.508832e-05,0.11191146
6483,0,1,0.15858649077118994,0.15249664,0.018560197,0.15925156
6484,0,1,0.28219907026828406,0.93908125,0.54430574,0.2771321
6485,0,1,0.13438275969662014,0.03324972,0.0065784133,0.13469353
6486,0,0,0.004142783237200317,1.1080691e-08,1.8298113e-07,0.0048659253
6487,1,1,0.15919229027278803,0.41421288,0.047961008,0.15438783
6488,1,0,0.16635168872788839,0.32035184,0.9500415,0.17000009
6489,0,0,0.16591661598711538,0.89301074,0.99812406,0.16814344
6490,0,1,0.023059898895775026,0.0003547124,2.5942556e-05,0.040079296
6491,0,0,0.027548179623291043,0.00023116458,0.002719164,0.028428169
6492,0,0,0.006602375434673744,3.2423113e-08,8.1432114e-07,0.006152709
6493,0,0,0.03702524555039015,0.0009345635,0.012637539,0.038364824
6494,0,1,0.005542964502250314,1.181748e-06,1.5727215e-07,0.006088143
6495,0,1,0.10377933576678208,0.0027137967,0.00060130673,0.101724096
6496,0,0,0.09270796596488716,0.01919104,0.33354613,0.096973285
6497,0,0,0.0008981913359261012,5.210592e-12,2.769281e-10,0.001080571
6498,1,1,0.9993841082360884,1.0,1.0,0.99929845
6499,0,1,0.040223305513646515,0.00043309465,0.00021512,0.036094442
6500,0,0,0.030903803173610158,0.000823625,0.01318375,0.030561501
6501,1,1,0.616890424215013,0.9999825,0.99995184,0.6171538
6502,0,0,0.033136691744706126,5.388957e-05,0.005133086,0.03163918
6503,1,1,0.9034877140434631,0.9999969,0.9999902,0.89111155
6504,1,1,0.649450716099845,0.99987113,0.9995269,0.64993656
6505,0,1,0.03661320944637351,0.0014546957,0.0011311797,0.034857247
6506,0,0,0.15218269324586314,0.29245457,0.99974674,0.15315087
6507,0,0,0.011837448671950345,3.8837823e-07,9.65138e-06,0.011761504
6508,1,0,0.12691326296997252,0.017701002,0.53464556,0.12389835
6509,0,1,0.3345128870423249,0.9589046,0.813147,0.33407614
6510,0,0,0.09259859859117466,0.030578244,0.056813568,0.10143997
6511,0,0,0.06294547942475336,0.0015508626,0.10661822,0.062389627
6512,0,1,0.2754405743346442,0.7177754,0.4311617,0.27435836
6513,0,1,0.12520015114623598,0.011157916,0.0075148838,0.120800085
6514,0,1,0.15578177259886672,0.06256592,0.021423787,0.1387339
6515,0,1,0.18963741043860033,0.4422212,0.12103982,0.18767591
6516,0,1,0.14152272574045183,0.002264445,0.00052970997,0.13160144
6517,1,1,0.2209739467088249,0.6906459,0.4297787,0.22967544
6518,1,1,0.49069631246202805,0.99943167,0.9986308,0.4917422
6519,0,1,0.27517456771526017,0.89830804,0.7983998,0.2784955
6520,0,0,0.010659871019055025,3.7506595e-07,2.3726589e-05,0.0111872265
6521,0,1,0.0034717306003520113,9.944585e-10,1.8127301e-10,0.003259274
6522,0,1,0.2157252907217969,0.7242175,0.71854466,0.21810314
6523,1,1,0.4559277957306559,0.9964194,0.9877044,0.45567894
6524,0,1,0.46587622921880795,0.99927795,0.9965281,0.45637923
6525,1,1,0.6848423682804724,0.99999225,0.99998116,0.6895336
6526,0,0,0.009538274330225256,3.8890636e-07,1.4269423e-05,0.010002289
6527,0,1,0.009402789944297614,7.858065e-08,4.179815e-08,0.010180752
6528,0,0,0.03299764716402978,0.0010198662,0.012144315,0.03398397
6529,0,0,0.011321673575240733,7.7813276e-08,1.3964392e-06,0.011950339
6530,0,1,0.03195564826275294,0.00085075444,0.00017501463,0.03120345
6531,0,1,0.24394489272803865,0.1844367,0.025191128,0.23885186
6532,0,0,0.03340670224545303,0.00015993282,0.0068023135,0.03237521
6533,1,1,0.7509892271662234,0.99989736,0.99958163,0.75036496
6534,1,1,0.5737390687745386,0.9996666,0.9940501,0.58572686
6535,1,1,0.16762259096201368,0.4039914,0.36045823,0.16916022
6536,0,0,0.02668071157189578,0.00014841475,0.0018958335,0.027281525
6537,0,0,0.012875850132138978,2.05748e-06,1.627299e-05,0.012864474
6538,0,0,0.018783309352707195,0.000119830875,0.0020331386,0.01863625
6539,0,1,0.7312126369451581,0.99998343,0.99994874,0.72794384
6540,0,0,0.010942449420446978,4.9179154e-05,0.0010319125,0.013213356
6541,1,1,0.33900312350884865,0.9359015,0.6996528,0.33991152
6542,0,1,0.2515195830934199,0.6840808,0.28738815,0.25074902
6543,0,0,0.0177099013444097,7.66183e-06,0.000104425024,0.018920897
6544,0,1,0.002165359855268895,3.376406e-08,5.346631e-10,0.003459236
6545,0,1,0.4849400218723204,0.9728186,0.8612889,0.48237252
6546,1,0,0.07770274810598925,0.0104725845,0.18470214,0.08042007
6547,1,1,0.9226728942310646,1.0,0.9999994,0.925848
6548,0,0,0.08901414019227119,0.095563725,0.6015091,0.09269762
6549,0,0,0.009052021812263656,3.6349206e-07,3.312607e-05,0.009376914
6550,0,0,0.09103867873192656,0.027136777,0.5601037,0.0898575
6551,0,1,0.009660448841516773,3.407193e-08,5.5203113e-09,0.009172625
6552,0,1,0.09486310143311762,0.0009403147,0.00020339167,0.08979772
6553,0,0,0.00859191492647603,4.0269106e-07,1.9332427e-05,0.008779723
6554,0,1,0.011761027479268243,1.6139514e-07,3.6881534e-08,0.010863758
6555,0,0,0.0023588677866228556,3.7005814e-09,2.1496798e-07,0.0029752476
6556,0,0,0.010897669374519432,8.765852e-08,3.0569652e-06,0.010575552
6557,0,0,0.008762465522904946,5.088957e-08,2.4674498e-06,0.008995837
6558,0,1,0.3914292163319234,0.9980666,0.9932268,0.39273363
6559,0,1,0.07473702694270885,0.012975827,0.0024767078,0.07234036
6560,0,0,0.02800968875062932,1.9394492e-05,0.00042724863,0.028555034
6561,1,1,0.8595947332923823,0.9999976,0.999987,0.857423
6562,0,1,0.2569915280133177,0.6037912,0.19139656,0.25734177
6563,0,1,0.04449009355684383,0.0007228308,0.0003242809,0.042568147
6564,0,1,0.5541326329861073,0.9999056,0.99963975,0.5594295
6565,1,1,0.9893496215510531,1.0,1.0,0.9886115
6566,0,1,0.08927712132435625,0.0043563615,0.00082105404,0.08827382
6567,1,1,0.2962080247179056,0.9497916,0.7830711,0.2962303
6568,0,1,0.00873562770082438,1.2704095e-06,9.838252e-07,0.008869352
6569,0,1,0.3931895670190892,0.94657165,0.8891795,0.38699716
6570,0,0,0.020937652198199732,4.6357773e-06,3.7441023e-05,0.021763546
6571,0,1,0.008141386670830652,7.635714e-07,3.2629055e-07,0.009031057
6572,0,1,0.3074048200365671,0.9241581,0.7497023,0.3104985
6573,0,1,0.008472527151686764,1.2450485e-07,4.3606566e-10,0.0106624905
6574,0,0,0.04947397661406521,6.697794e-05,0.0027672392,0.050169352
6575,0,0,0.0012256662283577971,6.6346756e-10,1.4821156e-08,0.0020129324
6576,0,0,0.019160321002843525,1.18862945e-05,0.00013457327,0.019850591
6577,0,1,0.0021277145860179596,1.1717988e-09,3.0580966e-10,0.0023358124
6578,0,1,0.04269836060406365,0.00016851998,4.300441e-05,0.0399716
6579,1,1,0.599237860224704,0.99990916,0.99973756,0.6051807
6580,0,1,0.6717773436230954,0.9999777,0.9998276,0.6747996
6581,0,1,0.22334977073247134,0.4760971,0.11906152,0.22291867
6582,0,1,0.0006690708026219377,4.827391e-12,9.407575e-13,0.00074741873
6583,1,1,0.9211543574323114,1.0,0.99999976,0.92359376
6584,0,1,0.586115664916711,0.99577326,0.97752905,0.57920337
6585,1,1,0.8164574801753623,0.99999917,0.9999945,0.81686807
6586,1,1,0.8043394555700448,0.99999154,0.9999881,0.7953962
6587,0,0,0.13021968554220392,0.16512214,0.8043065,0.13527513
6588,1,1,0.5586904398588156,0.99659014,0.9935191,0.55978674
6589,0,0,0.0042018244190267255,2.0165356e-09,1.3081873e-07,0.004168896
6590,0,1,0.058844977328336434,0.001614116,6.3707696e-05,0.05539149
6591,0,1,0.004577587841974514,7.22887e-11,1.0767667e-12,0.0043857666
6592,0,0,0.007651296995663222,3.031878e-07,9.4158495e-06,0.007202914
6593,0,0,0.19698750906667958,0.84261763,0.9959442,0.19996567
6594,0,0,0.00826868325185577,2.3956717e-10,7.8520335e-10,0.008198763
6595,0,1,0.20260670105553708,0.16215064,0.038393993,0.2056192
6596,0,0,0.001748538789465566,5.3981496e-11,3.6744876e-09,0.0017074716
6597,0,1,0.12348013361602711,0.071217045,0.011936361,0.12138777
6598,1,1,0.2626685743795422,0.61212933,0.21559891,0.26296192
6599,0,0,0.15405067102077405,0.69782865,0.9907038,0.15453954
6600,1,1,0.9909732605919608,1.0,1.0,0.98991466
6601,0,0,0.00716327767217088,1.209476e-08,4.2117992e-07,0.007712364
6602,0,1,0.002588398581316211,2.17137e-07,4.7383665e-08,0.00403863
6603,0,1,0.006223592479667985,1.4571816e-06,1.8325356e-07,0.009660194
6604,0,1,0.22887547034081962,0.34557602,0.14401439,0.22488578
6605,0,0,0.0008309235469783064,3.866722e-12,6.081668e-11,0.0009748664
6606,0,1,0.0041741636539016904,1.4508943e-07,1.0211399e-08,0.0046274094
6607,1,1,0.20778511559280002,0.5605065,0.29161388,0.21624632
6608,0,1,0.008693066214638305,5.6037157e-09,1.1638224e-09,0.007849547
6609,0,0,0.004907411666820554,4.412429e-07,1.6755566e-05,0.004770054
6610,0,0,0.1948455517148631,0.51421565,0.9998653,0.1968717
6611,1,1,0.7415816649488207,0.9999975,0.9999856,0.7436705
6612,0,1,0.01675129344384109,1.1793809e-07,2.5075089e-09,0.016741706
6613,1,1,0.8042172591318154,0.99999845,0.99999785,0.80445015
6614,0,1,0.07677749486503234,0.002081752,0.0012859643,0.07775775
6615,1,0,0.19637635061385159,0.8723349,0.9963916,0.2052192
6616,0,1,0.328342114974052,0.9335666,0.77462786,0.32990253
6617,0,1,0.06814243811272054,0.20230372,0.13497336,0.075735174
6618,0,1,0.12098935882335979,0.13275667,0.009418976,0.11903095
6619,0,1,0.0048130412895125525,2.4373728e-07,2.5792238e-08,0.00844877
6620,0,1,0.0004025318115784915,6.2878895e-14,3.208313e-14,0.00043594628
6621,0,1,0.003670064642528024,6.0506565e-08,1.16822205e-08,0.004141574
6622,0,1,0.5159038713887233,0.9931069,0.9517644,0.51929957
6623,0,0,0.13434138689298336,0.010654446,0.2646549,0.12794486
6624,1,1,0.5384221174204021,0.99993587,0.9999039,0.52212936
6625,0,0,0.10410393561735554,0.015298415,0.4609653,0.10459602
6626,1,0,0.4593218309137438,0.99824995,0.9999994,0.4590691
6627,1,1,0.5465508792179359,0.988649,0.94004256,0.5494353
6628,0,1,0.00645563102625281,3.3234517e-07,5.0505204e-08,0.007326207
6629,0,1,0.3700434218461538,0.99317646,0.97069776,0.3677725
6630,0,0,0.0063758614923926675,3.570849e-06,1.4550957e-05,0.010766321
6631,0,1,0.13605362768820817,0.7273979,0.44603962,0.14409423
6632,0,1,0.3140678542632798,0.99116117,0.98070014,0.30318108
6633,0,1,0.03379175856053309,0.00015065228,3.8177306e-05,0.032302488
6634,0,0,0.08466329610659207,0.005013804,0.25986096,0.086109124
6635,0,1,0.027179849415497514,1.378495e-05,5.2679775e-07,0.0326295
6636,0,1,0.3251887165066714,0.9793052,0.93172467,0.32702902
6637,0,1,0.10142878737498721,0.0019074796,4.7687106e-05,0.10303291
6638,0,1,0.0005424504460245359,2.5548107e-20,3.448325e-22,0.00068883126
6639,0,0,0.021753122174050364,1.67534e-07,1.903882e-06,0.012584747
6640,1,1,0.3196674128020629,0.9645335,0.8961943,0.325
6641,0,1,0.025478977648240322,2.146345e-07,3.861716e-09,0.025618574
6642,1,0,0.055678234712238116,0.004339295,0.121763214,0.055077437
6643,0,0,0.03763663887455142,1.48403915e-05,0.00042438283,0.047750253
6644,0,0,0.00039806180760508015,1.4750501e-13,7.141596e-12,0.00047554573
6645,0,1,0.8809820114938144,1.0,1.0,0.881569
6646,0,0,0.014038735524776379,1.604699e-05,0.00015019787,0.023866802
6647,0,1,0.12242077777996249,0.001841566,8.619573e-05,0.11874628
6648,0,1,0.6372734830759552,0.9999645,0.99988174,0.64004374
6649,1,1,0.4509605395547391,0.95453846,0.8111988,0.46386346
6650,0,1,0.02235146164562915,2.4366678e-05,9.313575e-06,0.022534173
6651,0,1,0.23591679779676905,0.06254153,0.0004627833,0.24027152
6652,0,0,0.0417739134976441,0.0024724642,0.028669953,0.04392753
6653,0,0,0.05728525550458113,0.0023587102,0.1012841,0.054143563
6654,0,1,0.12985061845581858,0.1469267,0.04315398,0.13006897
6655,0,1,0.3798118164404086,0.9991393,0.9981463,0.4432773
6656,1,1,0.6016314352707292,0.999946,0.9998714,0.61280453
6657,0,1,0.7902078810026248,0.9999974,0.9999943,0.778981
6658,0,1,0.12965534634158626,0.015959684,0.01611998,0.13194737
6659,1,1,0.1630121883233597,0.3618965,0.23841062,0.15490744
6660,1,1,0.3400255398146276,0.98466206,0.9543925,0.34282142
6661,1,1,0.4567900158589583,0.9967476,0.988398,0.4565342
6662,0,1,0.007281963227153392,8.210711e-07,2.5448787e-07,0.0082499515
6663,1,1,0.5568931064261653,0.99516165,0.9773057,0.5479889
6664,1,1,0.3658546664397189,0.9751438,0.9411923,0.36140054
6665,1,1,0.9973801648012903,1.0,1.0,0.9969985
6666,0,1,0.054089804269401645,0.004059164,0.001731135,0.051938485
6667,0,1,0.06755101173029127,0.000503853,2.0818954e-05,0.06549903
6668,1,1,0.9726058444202985,1.0,1.0,0.9704564
6669,1,1,0.4548069104920011,0.9910528,0.95903695,0.44620854
6670,0,0,0.002210028814143883,5.9284533e-09,1.942185e-07,0.0027839656
6671,0,1,0.0016011746150803208,5.5591203e-13,7.230014e-15,0.0018241067
6672,0,0,0.012780420236123597,9.535861e-07,2.7246919e-05,0.0138717415
6673,0,1,0.15605721668949513,0.18115126,0.037674405,0.15335281
6674,1,0,0.19142773927588258,0.38984814,0.90480596,0.19064198
6675,0,1,0.01976973920321682,1.3000515e-06,1.3005213e-07,0.019811915
6676,0,0,0.0016186477116025531,1.4153542e-11,1.1030645e-09,0.001569086
6677,0,1,0.10794160679205689,0.053713635,0.04379487,0.1125703
6678,0,1,0.06119879614744039,0.0013806144,0.00022235888,0.059697986
6679,0,1,0.036410482591753376,0.0002169164,5.2098723e-05,0.036698163
6680,1,1,0.5726966351979597,0.99988496,0.99977326,0.5762024
6681,0,0,0.0006763245420344556,2.7032725e-11,2.1253044e-09,0.000810314
6682,0,0,0.002877122756960134,5.5742657e-06,2.463633e-07,0.0036236027
6683,0,1,0.00991880942580852,2.424109e-06,6.16923e-07,0.011211501
6684,0,1,0.38584405330327254,0.9891317,0.96179605,0.39649484
6685,0,0,0.01662518258461943,1.7335395e-07,1.8588389e-06,0.017307807
6686,0,1,0.11367668745887209,0.045683715,0.0028648828,0.1107721
6687,0,0,0.011040178253134837,2.0409275e-06,6.387968e-05,0.01033294
6688,0,1,0.0076157499085165396,6.50205e-07,1.8303174e-07,0.008697947
6689,0,0,0.0008267205212622036,1.7384093e-12,9.993504e-11,0.0009906004
6690,0,0,0.024440742838715467,6.7315073e-06,0.00057322043,0.022523137
6691,1,1,0.8690698551059628,0.9999999,0.9999999,0.86439437
6692,0,1,0.25559537788208303,0.8808704,0.66937596,0.26358005
6693,0,1,0.3253138416514189,0.3863349,0.027635677,0.31106317
6694,1,1,0.7978966175682868,0.99999106,0.9999751,0.78658277
6695,0,1,0.4104615282641546,0.9949032,0.9800593,0.40918005
6696,0,1,0.5813641080072259,0.9998399,0.99959075,0.5844979
6697,0,1,0.21174834461210776,0.363007,0.13604343,0.2084203
6698,1,0,0.23602737714732958,0.7030791,0.8156271,0.24578516
6699,0,1,0.050356860254229426,9.299383e-06,4.943288e-07,0.018560546
6700,0,1,0.7011920402156641,0.9999753,0.9999589,0.6985917
6701,1,1,0.13358531563740747,0.580101,0.37181637,0.12706788
6702,1,1,0.35424666809445615,0.94617313,0.7744524,0.35500985
6703,0,0,0.02843540350384402,0.00028272544,0.0056260675,0.028879527
6704,0,1,0.27141679686084175,0.93791765,0.85882574,0.28082618
6705,0,1,0.022454695746505292,6.881813e-06,1.4058355e-06,0.020876516
6706,0,0,0.027862896749319268,0.00048170093,0.022127416,0.028123349
6707,0,0,0.012525769179617601,0.00010002603,0.0026284894,0.015099119
6708,0,1,0.0011523005957113988,2.886005e-12,1.1678226e-13,0.0010145116
6709,0,0,0.00091713023703748,8.749666e-12,1.0754624e-10,0.0011290966
6710,0,1,0.002163043016908251,1.1831215e-10,1.1757446e-11,0.0024913705
6711,1,1,0.6035607911853301,0.99941325,0.9984534,0.599719
6712,1,1,0.7837373023934047,0.99999213,0.99998355,0.7747151
6713,0,1,0.06600712162056262,0.02249285,0.011017078,0.06352595
6714,0,1,0.5910425156982416,0.9998095,0.9995615,0.5848362
6715,1,1,0.42094988814170303,0.9523769,0.9117759,0.4203795
6716,0,1,0.6622647564427401,0.9994782,0.99769264,0.6643868
6717,1,0,0.510382747624798,0.9956866,0.99997926,0.51528966
6718,0,0,0.8665765432822655,0.99999964,1.0,0.8672692
6719,1,1,0.6264464173136959,0.99987245,0.9990633,0.6312287
6720,0,0,0.0004514293880496973,2.6452207e-13,1.6396459e-11,0.000538588
6721,1,1,0.5938092627786843,0.9998987,0.9996624,0.5937072
6722,0,1,0.007197402977510743,1.4053596e-06,8.018973e-07,0.008621733
6723,1,1,0.1014446100181624,0.018364944,0.016859127,0.10346513
6724,0,1,0.02385896543559386,7.5844705e-06,3.600094e-07,0.022797452
6725,0,1,0.2116060543818716,0.14071544,0.05233632,0.1995113
6726,0,0,0.08935480372520664,0.0029695977,0.1385405,0.09053723
6727,0,0,0.0027828168241992956,7.9814844e-10,8.415592e-09,0.0031818014
6728,0,1,0.16460835505568328,0.11375867,0.038862456,0.1721026
6729,0,1,0.3316231437628899,0.9836856,0.9307241,0.3316319
6730,0,0,0.35287137689106046,0.98496693,0.9999876,0.35289383
6731,0,1,0.27952750255169545,0.081100024,0.0020927228,0.28412485
6732,0,0,0.0014197889367641326,2.9945751e-10,5.405615e-09,0.0017597208
6733,0,1,0.10978457678025351,0.010326409,0.001437296,0.11174065
6734,1,0,0.9177523837395182,0.99999976,1.0,0.90487695
6735,0,0,0.013194623054334984,2.356261e-06,5.2974905e-05,0.01290709
6736,0,1,0.21244625622632982,0.23815614,0.07060666,0.20816532
6737,0,0,0.020955824476271038,7.676926e-05,0.006090322,0.025092
6738,0,0,0.013296408267397449,3.647606e-06,3.0489055e-05,0.02355851
6739,0,0,0.0025009752790891536,3.4016676e-08,3.2192315e-07,0.004585481
6740,1,1,0.9256343449887753,1.0,0.99999976,0.9279949
6741,0,0,0.1262236063648249,0.09631251,0.7490899,0.124155305
6742,0,0,0.0063427186968400264,1.995581e-07,4.756018e-06,0.007612174
6743,0,1,0.6837108042970824,0.99999404,0.9999857,0.68946683
6744,0,0,0.023548958029873404,7.416573e-05,0.0007909661,0.024343278
6745,0,1,0.02346108751686002,0.0012735758,0.00024736775,0.027040973
6746,0,1,0.009505243678357637,1.8012949e-07,3.9785377e-08,0.009000839
6747,0,0,0.031113289152880495,0.0004618096,0.014662595,0.030077042
6748,0,1,0.8514074197599907,1.0,0.99999976,0.85446966
6749,1,1,0.8298941410200796,0.9999981,0.9999932,0.8322991
6750,0,1,0.1326826297139241,0.005892504,0.00063390034,0.13220409
6751,0,1,0.5125558939794727,0.9988456,0.99541175,0.51344746
6752,0,1,0.3979912498067229,0.972146,0.7390086,0.40370116
6753,0,0,0.004345151508125384,2.8486799e-08,2.782704e-06,0.004239765
6754,0,1,0.584873747008746,0.9962574,0.9944102,0.5759366
6755,0,0,0.009923125893415602,0.0001232451,0.005103054,0.012516146
6756,0,1,0.31409407909016335,0.93383455,0.779995,0.31337458
6757,0,1,0.13839338662353606,0.05099412,0.0143518355,0.13364744
6758,0,0,0.1144934507243288,0.09150592,0.80486995,0.11575048
6759,1,0,0.04682241478616857,0.036185615,0.67352027,0.047188293
6760,0,1,0.05857299346342409,1.680822e-05,2.8542144e-07,0.059340604
6761,0,1,0.279446336687939,0.8975014,0.59016085,0.2783373
6762,0,1,0.37205117323551085,0.9778757,0.9381468,0.3657158
6763,0,0,0.0012158725375834528,1.1336344e-06,6.5498114e-08,0.0015011173
6764,0,0,0.42657687681377143,0.99971086,0.9999999,0.42378575
6765,0,1,0.15887488098638924,0.9867676,0.9775194,0.16003804
6766,0,1,0.14611488112739343,0.013685126,0.0019700807,0.14052352
6767,0,0,0.002408205113357053,9.073013e-09,3.4689091e-07,0.003030744
6768,1,1,0.998034354775994,1.0,1.0,0.9978467
6769,0,1,0.19280629679980127,0.10497463,0.027491476,0.18901396
6770,0,1,0.844187307493758,0.99999976,0.9999987,0.84428114
6771,1,1,0.5924745889126123,0.99489456,0.9659045,0.58567
6772,0,1,0.5488923094382836,0.99657923,0.9832644,0.5398096
6773,0,1,0.2108831282621967,0.88321996,0.6608368,0.21697596
6774,0,1,0.022400412392243513,1.8038776e-05,7.899381e-07,0.02145513
6775,0,0,0.09486663650822372,0.0005130212,0.01908837,0.09145436
6776,0,0,0.0026428504822434227,1.0711327e-10,6.2639405e-09,0.002607682
6777,0,0,0.002789966448875885,3.2614007e-09,1.6700401e-08,0.0048244945
6778,0,1,0.07320930242899862,0.0009806845,0.00015838728,0.06858101
6779,1,1,0.8471290208963538,0.99999976,0.9999994,0.84992427
6780,0,0,0.004291995232610745,1.5981433e-07,9.294294e-06,0.005389815
6781,1,1,0.6118946586276215,0.9963955,0.9463022,0.6179489
6782,0,0,0.07353664225234322,0.0048705456,0.10935281,0.07381833
6783,1,1,0.8426102556820599,0.99999976,0.99999964,0.8409629
6784,0,1,0.6032204326137759,0.9991228,0.9946222,0.5972061
6785,0,1,0.9916137252963624,1.0,1.0,0.9907285
6786,1,1,0.19488909929951637,0.48800007,0.17794366,0.19071189
6787,0,1,0.003409937643580599,8.431546e-09,8.030899e-10,0.0038602964
6788,0,1,0.018889965920235927,5.662538e-06,1.8168894e-06,0.018957123
6789,0,1,0.12276457439839537,0.35789868,0.21256755,0.12259903
6790,1,1,0.1673890817268599,0.37688208,0.20193163,0.16198716
6791,0,0,0.0020791604298004136,1.0613841e-08,2.2593858e-07,0.0025999697
6792,0,1,0.06741903944887367,0.080051176,0.028362662,0.065081574
6793,1,1,0.7383887547396807,0.9999919,0.9999701,0.7399564
6794,0,1,0.17151758670089973,0.39615256,0.30262482,0.17405531
6795,0,1,0.38288818816650055,0.9974093,0.9949663,0.38563767
6796,0,1,0.004310888279292863,2.4087505e-08,2.2452227e-09,0.0048982487
6797,0,1,0.4627487343242298,0.9959758,0.95913744,0.44921824
6798,0,1,0.09728957978966367,0.0008365079,0.00044209688,0.09460357
6799,0,0,0.0038693282881228784,8.873479e-08,2.341843e-06,0.0046393964
6800,1,1,0.5750486869080828,0.99985313,0.9996178,0.5943877
6801,0,1,0.005033651394454811,2.841379e-07,9.1106635e-08,0.0060063163
6802,0,1,0.3484723245822587,0.9866369,0.9414472,0.35155848
6803,0,1,0.011692404423847377,8.0581856e-07,9.608085e-07,0.0112745175
6804,0,1,0.0009187818184633815,4.2700114e-11,3.049521e-11,0.0010523229
6805,0,1,0.10350344883736405,0.03609731,0.004259745,0.101799384
6806,1,1,0.5968442650721208,0.9898527,0.91331846,0.5865319
6807,0,1,0.10472233599723968,0.0035323314,4.540233e-05,0.11050941
6808,0,1,0.09652903872531927,0.007414101,0.004247137,0.098059796
6809,1,1,0.9974828940514876,1.0,1.0,0.9972185
6810,0,0,0.049934370011260734,0.080248736,0.9074601,0.05852277
6811,0,1,0.5275784209096801,0.99789846,0.99467576,0.52474254
6812,0,1,0.5424924925518766,0.9997224,0.99942917,0.5573757
6813,0,0,0.01133892820196545,8.036291e-06,0.00045467896,0.013621892
6814,1,1,0.863838461026513,0.99997306,0.9997839,0.8584219
6815,0,0,0.0006598753608777069,5.9454275e-13,2.8540432e-11,0.0007613284
6816,0,1,0.2151614656445538,0.15058978,0.03682296,0.21184821
6817,0,0,0.08499654183108832,0.008777541,0.18575898,0.08901947
6818,0,1,0.2029925344749452,0.51089853,0.24792401,0.2113606
6819,0,1,0.008144124003280519,1.16660485e-05,2.1885492e-06,0.009340037
6820,0,1,0.2655786566581993,0.58303696,0.35879618,0.259995
6821,0,1,0.006180081459726374,5.896509e-08,1.3434414e-08,0.005870212
6822,1,1,0.5077178678898503,0.9966833,0.98861516,0.51223636
6823,1,1,0.49929001076974155,0.99986243,0.9996827,0.5142275
6824,0,0,0.0024028134164583662,6.3089856e-10,4.3272376e-08,0.0023290152
6825,1,1,0.661546052155434,0.99989474,0.99972945,0.66128784
6826,0,1,0.34924910757127214,0.72143936,0.14610131,0.34530473
6827,0,1,0.04894566170823744,0.00014310081,3.3992193e-05,0.047198433
6828,0,0,0.03793718831468425,0.0006779187,0.033015195,0.036021776
6829,0,0,0.05709390445365257,0.0008550243,0.038763247,0.058578905
6830,1,0,0.5325849703058998,0.99971575,0.9999999,0.5225273
6831,0,0,0.025652170316107958,0.0022885206,0.08095162,0.031483855
6832,0,1,0.026606592288302814,1.1530509e-05,3.1727832e-06,0.025780432
6833,0,1,0.04734842817890292,0.008253066,0.005169021,0.05274717
6834,1,1,0.40608145961105824,0.99512553,0.98704064,0.4098848
6835,0,1,0.38511469003093973,0.9670233,0.90728676,0.38001716
6836,1,0,0.9995454527179473,1.0,1.0,0.99946916
6837,0,1,0.09943104202243225,0.00039260782,0.00012419469,0.09771708
6838,0,0,0.26701024754283625,0.9587614,0.9992192,0.26298177
6839,0,1,0.005670014831656903,4.357852e-11,5.630993e-13,0.0054223975
6840,1,1,0.9394041746869084,1.0,1.0,0.9425502
6841,0,1,0.00883086478141248,2.0560894e-06,6.8382485e-07,0.010109079
6842,0,0,0.0042205717020125984,3.5847638e-09,1.545294e-07,0.0044472814
6843,0,1,0.9090144662913306,1.0,1.0,0.90472066
6844,0,0,0.002068129309592013,1.0390818e-08,2.1846404e-07,0.0025863266
6845,0,1,0.033082768473903526,0.00017665635,2.8681967e-05,0.03242913
6846,0,1,0.3121960993109407,0.88871676,0.684449,0.3147438
6847,1,1,0.8034528233287392,0.9999987,0.9999914,0.8132867
6848,0,1,0.29984318523822934,0.93385404,0.7363852,0.2984703
6849,0,1,0.1213070494057187,0.03049026,0.0010307305,0.14369321
6850,0,1,0.22629805855963891,0.5081527,0.14938007,0.22653674
6851,0,0,0.008080270945792493,3.4126228e-06,8.2698876e-05,0.009572402
6852,1,1,0.8436171709818537,0.9999993,0.99998915,0.8455775
6853,0,1,0.22896954115550652,0.5080615,0.14200987,0.22847128
6854,0,1,0.056677734548274274,0.0001975051,3.572582e-05,0.03282654
6855,0,0,0.0032255811847848107,6.6559447e-10,4.5209926e-08,0.00320194
6856,0,1,0.41824848720362773,0.99043983,0.9614499,0.4185443
6857,0,0,0.00962903189208789,1.8242373e-07,2.1470667e-06,0.009561797
6858,0,1,0.13144979925079797,0.0363211,0.0011350624,0.13499166
6859,1,1,0.34442460468984415,0.98371446,0.9387827,0.34338507
6860,0,0,0.0035756347931554465,1.9572173e-08,6.4525034e-07,0.0042562946
6861,0,1,0.5858281621774526,0.99849,0.9963456,0.58451885
6862,0,1,0.3100753768495403,0.9089313,0.7834983,0.30823386
6863,1,1,0.345569235866802,0.98179126,0.96360415,0.3418499
6864,0,1,0.20994838269325916,0.6131607,0.32491434,0.2184529
6865,0,1,0.7740985333494753,0.99999774,0.999992,0.77447027
6866,0,1,0.03257560886243762,0.0011627731,0.0005715695,0.030127151
6867,0,1,0.15906571183570453,0.014123563,0.004552285,0.14652482
6868,1,1,0.35646275944736106,0.98421097,0.938936,0.35856295
6869,0,1,0.5830403912422861,0.99973863,0.99940383,0.5747463
6870,1,0,0.06853637327114974,0.0025900258,0.05492988,0.07040894
6871,1,1,0.8809091657559968,0.9999999,0.9999982,0.88800466
6872,0,1,0.020529580328530642,6.813915e-06,2.9447767e-06,0.020626137
6873,0,0,0.0016929409066203914,9.049576e-09,2.0706615e-07,0.0030015337
6874,0,1,0.025926827361439555,3.8632323e-05,1.5292133e-05,0.023757884
6875,0,1,0.5312851054665853,0.9953027,0.98527247,0.52804
6876,0,1,0.12846041288509896,0.03413821,0.006975356,0.12685943
6877,0,1,0.04894607891346917,0.008272635,0.0005823969,0.046749953
6878,0,0,0.0007754839818361989,3.6891735e-12,5.6750014e-11,0.0009504234
6879,0,0,0.029409652762890568,1.795561e-06,2.3662551e-05,0.02927666
6880,0,0,0.013706151311267319,1.4815792e-07,2.2904844e-06,0.013882631
6881,1,1,0.3898485267764811,0.9859232,0.93969023,0.39181235
6882,0,0,0.01042529289210315,5.099116e-07,4.413361e-06,0.012633547
6883,0,0,0.05651734412616316,0.02067643,0.34751117,0.05241699
6884,0,0,0.036674377098047425,0.00012805959,0.0031768146,0.036908176
6885,0,0,0.04542166675373714,0.0009893912,0.025615437,0.046605412
6886,0,1,0.019018875897101016,0.00013022638,6.5856286e-05,0.019114833
6887,0,0,0.002129018048380652,1.07418225e-08,2.5297453e-07,0.0026615963
6888,0,0,0.007409416000720613,1.8738703e-07,7.2074174e-05,0.006963828
6889,0,1,0.6320920017185173,0.999759,0.99948955,0.61078966
6890,1,0,0.7978854592853298,0.9996128,0.99999976,0.7873304
6891,0,0,0.033295840517713685,9.6646654e-05,0.0013044507,0.032638572
6892,0,1,0.10778307915438659,0.03305252,0.001698445,0.10476733
6893,0,1,0.22591975984432874,0.8412716,0.75592136,0.21569176
6894,0,1,0.2672655023185126,0.10101503,0.028359823,0.24819283
6895,0,1,0.6630869444473724,0.9998189,0.99902797,0.6442658
6896,0,0,0.15512469887062813,0.062837936,0.7301612,0.14944938
6897,1,1,0.47976894965758843,0.9949951,0.97963035,0.4789714
6898,1,1,0.6682231943817247,0.99998164,0.999951,0.67070824
6899,0,0,0.06591740580842545,0.021881625,0.17899343,0.07936592
6900,0,0,0.01818045947393809,0.0017571528,0.018359344,0.031247959
6901,1,1,0.520817815865729,0.9912292,0.9764488,0.505599
6902,0,1,0.12867077176792932,0.018051608,0.0022749861,0.13104557
6903,0,0,0.04902558918337635,0.0008434802,0.031771954,0.0496005
6904,0,1,0.026346017681664554,2.2658267e-07,3.332355e-09,0.026108213
6905,1,1,0.3513396864649293,0.9324663,0.71216667,0.351357
6906,0,1,0.09945670422353606,0.02517101,0.0035256408,0.09860952
6907,0,1,0.048769750297244466,5.3819526e-06,8.123062e-08,0.048463985
6908,0,1,0.21849836573802464,0.22319749,0.03789606,0.2116869
6909,0,1,0.37713905327689556,0.9664152,0.88260806,0.379747
6910,0,1,0.02084685879979368,1.0746271e-05,3.624087e-06,0.020866824
6911,0,1,0.012450052453293902,8.820525e-07,4.48383e-07,0.014094432
6912,0,1,0.045108239947319904,0.005383543,0.0014002196,0.05156692
6913,1,1,0.0536204558557125,0.0047513605,0.00091298285,0.0491164
6914,0,1,0.05755080893856198,0.0061905775,0.00026308477,0.07225203
6915,0,1,0.03154887333551946,0.00023338896,0.000112265785,0.030910145
6916,0,0,0.1315574637905146,0.068964645,0.7215524,0.13764003
6917,0,0,0.007236024188296041,3.5188793e-06,0.00027322888,0.009124119
6918,0,1,0.0008535190632538087,4.9219734e-12,1.9556015e-12,0.0009770679
6919,0,0,0.1675242777765028,0.059195645,0.8293902,0.16377078
6920,1,1,0.8252077113706373,0.9999999,0.99999976,0.82894444
6921,1,1,0.8080293751546533,0.9999988,0.9999796,0.8118963
6922,0,1,0.10645149614050231,0.0051690354,0.0035672141,0.108609065
6923,0,0,0.011121600767857545,4.8024986e-06,0.0001015533,0.015502462
6924,0,0,0.03715957296167476,0.0033261024,0.04926203,0.038632177
6925,0,0,0.27506478253030037,0.98088366,0.9992273,0.2829115
6926,0,0,0.018529465037888174,1.3964597e-05,0.0011176409,0.019571804
6927,0,0,0.0017434527656878588,9.620127e-10,1.136256e-08,0.0021325783
6928,0,1,0.05176917951802507,0.0011776934,0.00024776687,0.050135758
6929,1,1,0.918795813951119,0.9999994,0.9999963,0.90791893
6930,0,1,0.09833609433775516,0.013664648,0.00071488146,0.095644675
6931,0,1,0.00777264287211532,1.4236792e-08,1.9034143e-09,0.0072785434
6932,0,1,0.2713540622964879,0.80057526,0.43979046,0.25777376
6933,0,0,0.005307700656036446,5.274749e-07,1.9248339e-05,0.006316205
6934,0,1,0.1835074966792901,0.2001717,0.10102898,0.19207619
6935,1,1,0.9809302601110299,1.0,1.0,0.9802312
6936,0,0,0.03429482194108855,0.00051275914,0.008201428,0.03469936
6937,0,0,0.03127947944137256,0.00020967488,0.0027089422,0.03303761
6938,0,0,0.015109790419564,3.681098e-07,1.8980707e-05,0.015081373
6939,0,0,0.02893772749513102,0.000116626274,0.0018681759,0.029239161
6940,0,0,0.0565180939054518,4.469424e-05,0.0013375755,0.06129267
6941,1,1,0.012143334565618879,2.7328744e-07,1.084478e-07,0.010884397
6942,0,1,0.33364936136869033,0.98382163,0.94621366,0.33522096
6943,0,1,0.3984763952438021,0.96757555,0.8216271,0.398529
6944,1,1,0.39246056239562244,0.98468286,0.96266615,0.3856926
6945,0,1,0.005609933185429621,4.6707896e-08,1.5087469e-08,0.0062233564
6946,1,1,0.17346987389220145,0.3687072,0.14336672,0.16811746
6947,0,1,0.03779861775977177,4.446694e-06,1.5988965e-07,0.03625229
6948,0,1,0.004848750393298498,1.6184242e-07,5.047708e-08,0.0058348333
6949,0,1,0.04272293176713678,2.8233135e-06,6.878814e-07,0.037993003
6950,0,1,0.04573189963016353,0.0003106798,8.084921e-05,0.04514925
6951,0,1,0.6781608231996338,0.9999666,0.99994624,0.6790589
6952,0,1,0.3737540142683356,0.99436694,0.9813944,0.3736938
6953,0,1,0.0580111790228946,0.00045029173,0.00013338821,0.060356215
6954,1,1,0.9388837746391077,1.0,0.9999999,0.94071376
6955,0,1,0.46265913063501524,0.99920917,0.99559134,0.46526846
6956,1,1,0.20935741311554787,0.75105745,0.6477138,0.21003458
6957,1,1,0.2861601772805564,0.8329771,0.5370765,0.30269682
6958,0,0,0.0022860828469511564,2.1133848e-08,2.6725095e-07,0.004015069
6959,0,0,0.02398608229687466,0.00043462362,0.013918946,0.028707707
6960,1,1,0.3535229041112083,0.9968426,0.9904461,0.35957432
6961,0,1,0.08514968226329753,0.018319758,0.005343539,0.08225767
6962,0,0,0.0013497796309533178,1.7339635e-10,1.2642073e-08,0.0016380053
6963,0,0,0.02416941218455404,1.8914435e-06,3.104141e-05,0.023202308
6964,0,1,0.025491257136040415,1.1877818e-05,8.560238e-06,0.025353162
6965,0,0,0.005823831923363116,1.0950385e-08,2.1448594e-07,0.005788756
6966,0,1,0.03613463308928678,0.005011373,0.0022351258,0.04176831
6967,0,1,0.19328234232944494,0.81515276,0.5148144,0.19981827
6968,0,1,0.007397475480308486,2.6442575e-09,7.7390726e-11,0.0071909623
6969,0,0,0.16239610593611314,0.8375109,0.9913584,0.17012538
6970,1,1,0.8136013374213489,0.99994755,0.99921954,0.80626047
6971,0,1,0.1946338194418191,0.5047197,0.112282746,0.19501698
6972,0,1,0.10110997866281213,0.0010603373,2.164542e-05,0.101234555
6973,0,0,0.008595023428581063,3.040918e-08,4.226256e-07,0.009225718
6974,0,1,0.02428150422160125,9.061253e-06,9.180743e-07,0.024255622
6975,0,1,0.21547104207546525,0.114749916,0.019714978,0.2154691
6976,0,1,0.0359551448223552,6.381653e-06,9.1979194e-07,0.034702633
6977,0,1,0.5586021954600385,0.9986827,0.9871174,0.55049115
6978,1,1,0.002765983033755198,1.3345211e-11,2.34439e-13,0.0026144262
6979,1,1,0.327113623574591,0.9740814,0.8972084,0.3262758
6980,0,1,0.3010506239489081,0.7603964,0.19822262,0.3016544
6981,1,1,0.9972182490890282,1.0,1.0,0.9969168
6982,0,0,0.01164156718162573,7.4435115e-07,4.8236227e-05,0.012206027
6983,0,1,0.23881427390769966,0.6425978,0.3093569,0.2284421
6984,0,1,0.6425747117737864,0.999882,0.99974936,0.64107245
6985,1,1,0.9577337667124858,1.0,1.0,0.9585186
6986,0,0,0.006824053031823111,3.808772e-06,0.0001661715,0.008130152
6987,0,1,0.03808175682787083,0.00025600227,7.737281e-05,0.038098168
6988,0,1,0.03461094956134079,0.0046514617,0.0017798819,0.040385857
6989,0,1,0.8101626289180799,0.9999982,0.99997246,0.81279683
6990,0,1,0.24451056536180216,0.53157043,0.29471403,0.2567024
6991,1,0,0.35816857553815273,0.9963605,0.9999975,0.3602558
6992,0,1,0.008846473915257379,2.4016915e-06,6.576424e-07,0.010039266
6993,0,1,0.33165448961360733,0.9753277,0.8887067,0.3293397
6994,0,0,0.39371878168665353,0.9991147,0.9999995,0.39132124
6995,0,1,0.5103994859720544,0.9977665,0.99763584,0.48354375
6996,0,1,0.4071133834909829,0.9971788,0.98206013,0.4082411
6997,0,0,0.011294889176903517,6.173502e-07,2.2910022e-05,0.011895703
6998,0,1,0.23454964466502704,0.38357332,0.08397269,0.23509985
6999,0,1,0.24384813836042302,0.69674397,0.64215106,0.24845226
7000,1,0,0.3473584422373759,0.98623556,0.99999166,0.34482628
7001,0,1,0.004368807053607441,1.901268e-07,3.9945967e-08,0.005221535
7002,0,1,0.00354413601390316,4.311987e-08,1.0225705e-08,0.004185478
7003,1,0,0.7271120275244556,0.9999808,1.0,0.72755057
7004,1,1,0.34870356103672784,0.94101995,0.7465236,0.34951937
7005,1,1,0.5139768256137724,0.9991635,0.9950722,0.51358664
7006,0,1,0.16556462233446453,0.21504565,0.12309114,0.1611978
7007,0,1,0.012637133654722153,3.5478547e-06,1.9153663e-06,0.014330449
7008,0,0,0.010592675998618774,6.307685e-07,2.5850366e-05,0.010814245
7009,0,1,0.009970142747145675,2.0035875e-06,1.9109204e-07,0.010504583
7010,1,1,0.8404101904047668,0.9999994,0.9999832,0.8444096
7011,0,0,0.01977888747357064,1.2844927e-06,9.757521e-07,0.020339217
7012,0,1,0.2121920804079892,0.69006723,0.27240995,0.2184719
7013,0,0,0.18245603331712196,0.4285651,0.9549947,0.188183
7014,1,0,0.046197358284665486,0.0010035475,0.028877398,0.047024272
7015,0,1,0.012160050652431222,3.8694083e-07,4.346184e-07,0.0117551815
7016,0,1,0.004650139386358601,6.7167893e-10,5.929474e-12,0.004541341
7017,0,0,0.0004867612172147026,2.6670867e-13,2.4109061e-12,0.00056572305
7018,0,0,0.03319438103669017,9.569675e-05,0.0020543006,0.034153696
7019,1,1,0.25918288272551976,0.9395918,0.8505138,0.26972508
7020,0,1,0.023786853412770703,0.00013022886,1.0667628e-05,0.021919025
7021,1,1,0.9578734584102364,0.9999999,0.99999964,0.9530954
7022,0,1,0.6080127585976922,0.9998859,0.9997447,0.6073053
7023,0,0,0.001984741807051243,1.7075467e-10,8.412254e-09,0.0018816361
7024,0,1,0.07735292620241857,0.013134344,0.0033384487,0.075789414
7025,1,1,0.7188550190095337,0.9999603,0.9998208,0.7211342
7026,1,1,0.2512302509831901,0.7296029,0.33424938,0.2512235
7027,1,0,0.6611141522922275,0.99992883,1.0,0.6589125
7028,0,0,0.012200591508317286,1.3618719e-06,3.621138e-05,0.012979997
7029,0,1,0.008939297283612096,1.9056984e-06,1.5739143e-06,0.011302878
7030,0,1,0.24473698410546169,0.5737715,0.21672182,0.2440444
7031,0,1,0.00741130252660692,7.031182e-09,3.016389e-09,0.007152419
7032,0,0,0.004711712041101346,1.2810352e-09,4.4413436e-08,0.0048307185
7033,0,0,0.01135300974861838,2.4719287e-07,1.2262408e-05,0.011884858
7034,0,1,0.002400953487736304,2.0985977e-09,2.8542611e-11,0.0038248268
7035,0,0,0.0028317171770183484,5.1707634e-08,7.7469326e-07,0.003387886
7036,0,0,0.002052454548790319,1.1069314e-10,2.3918925e-09,0.0023687591
7037,1,0,0.052887062865593616,0.005570691,0.21856098,0.050971907
7038,0,1,0.0011602427233251022,1.3862909e-11,6.9729817e-12,0.0013289555
7039,0,0,0.02829614163486505,5.2320574e-06,8.959497e-05,0.027773611
7040,0,0,0.8081041521105967,0.9999994,1.0,0.8052108
7041,1,1,0.5533611468176495,0.9982558,0.9943897,0.55092007
7042,0,1,0.31087058611068286,0.6242588,0.30792046,0.29845342
7043,0,0,0.045450650269543494,0.004655203,0.062002435,0.046916366
7044,0,1,0.12041262074978863,0.0014912382,3.716391e-05,0.12340005
7045,0,1,0.003518228446333598,7.723203e-08,5.8786056e-09,0.0038831811
7046,0,1,0.17877347495223025,0.07789066,0.002371418,0.18341663
7047,0,0,0.044076691336639155,7.150501e-05,0.005877384,0.042871907
7048,0,1,0.09559756197798483,0.010261602,0.0005452512,0.09299959
7049,0,1,0.14716423753776534,0.13053238,0.025332142,0.14497477
7050,0,1,0.002695383154784077,3.730616e-09,5.2389093e-10,0.0031995485
7051,0,1,0.01589544762615354,5.6808466e-07,5.2219747e-08,0.015078576
7052,0,0,0.00848237109971717,1.0360922e-05,0.00025353706,0.010194941
7053,0,1,0.058661159296621045,0.0015762353,0.00019519057,0.057775985
7054,0,1,0.04375921094888705,0.0011495486,0.00049923826,0.041111883
7055,0,1,0.0009392312340333705,1.975874e-12,9.134898e-13,0.0010711991
7056,1,1,0.9967077388874181,1.0,1.0,0.9963496
7057,1,1,0.6691277411357125,0.9998772,0.9994832,0.6707785
7058,0,0,0.04398669271689721,0.00022719234,0.0029814097,0.045966543
7059,0,1,0.2969547473330847,0.8704803,0.8421022,0.28498474
7060,1,0,0.29551459485384896,0.9657439,0.9999809,0.2844065
7061,0,1,0.003371914777770985,5.1136908e-08,1.1360892e-08,0.0040164995
7062,0,1,0.1063408799343984,0.06568229,0.0045358473,0.10385217
7063,0,0,0.0010452889164631574,1.4980239e-10,1.1928844e-08,0.0012623108
7064,0,0,0.10024997364787595,0.007907284,0.19852713,0.10494499
7065,0,1,0.6524175218178847,0.9997802,0.97579795,0.6581092
7066,0,0,0.003350729125751931,9.723692e-10,3.707592e-08,0.0035620756
7067,1,1,0.9736362527638358,1.0,0.9999999,0.9710824
7068,1,1,0.6467943706349136,0.99979746,0.9991091,0.64964896
7069,0,1,0.021587985969437295,0.0006006572,0.000120260614,0.024909988
7070,0,1,0.0031092026435050693,2.4867111e-08,1.7786295e-09,0.0034223574
7071,0,1,0.14707281682137685,0.21460071,0.0211225,0.14268465
7072,0,1,0.42811667788843677,0.99166214,0.9448496,0.42958385
7073,0,0,0.028116392129958895,4.9071736e-05,0.00076734583,0.028918043
7074,0,1,0.08784576955712,0.009280631,0.0020987,0.08739398
7075,0,1,0.25873960247517674,0.88171285,0.49487054,0.2596841
7076,0,0,0.050828668493330446,0.28007817,0.9758918,0.05948371
7077,0,1,0.14127627718669084,0.41930076,0.18087213,0.14063863
7078,1,0,0.9641868806332085,0.9999999,1.0,0.95948046
7079,0,1,0.0034932146204523754,8.4615076e-10,3.8810285e-11,0.0032723555
7080,0,1,0.22816897002941838,0.8348428,0.62359625,0.23041129
7081,0,0,0.004794707778999088,1.930103e-08,2.8007818e-07,0.0061879093
7082,0,1,0.29311556063327276,0.98486114,0.96487767,0.29494557
7083,0,0,0.0007103727229901977,2.3792801e-12,1.2385795e-10,0.00085414987
7084,0,1,0.24298470173594724,0.839342,0.6245608,0.24712667
7085,0,1,0.060248367922606995,0.0004441432,0.0003566509,0.05707435
7086,1,0,0.5315426338896255,0.99835014,0.9999993,0.54143924
7087,0,1,0.2548927862958532,0.70929784,0.3886805,0.25697482
7088,0,1,0.16183685899575662,0.3731003,0.2352136,0.15379277
7089,0,1,0.15705871344083686,0.3205569,0.1150137,0.16206113
7090,0,1,0.1824900535327614,0.3321039,0.093779854,0.17799973
7091,0,0,0.014696228340038768,3.9706163e-07,4.3737247e-05,0.01441332
7092,0,1,0.25900789106416683,0.999366,0.9987404,0.25826114
7093,0,1,0.03941974204785142,0.0068760007,0.0017122672,0.046685982
7094,0,0,0.002677184744863014,4.716246e-09,1.6291926e-08,0.004790436
7095,0,1,0.19045928999381095,0.32133177,0.13627517,0.17003684
7096,0,0,0.15883024317532793,0.2701247,0.9379018,0.16297226
7097,0,0,0.019984123519363683,7.9441765e-05,0.0031965873,0.020538386
7098,0,1,0.13204939973832577,0.008306621,0.00038469213,0.12891386
7099,1,1,0.5263000140979684,0.9976561,0.99012285,0.5364948
7100,0,1,0.04550313932359867,2.5488514e-05,2.1379412e-06,0.043818068
7101,0,1,0.0038200349839570395,9.592057e-10,1.6789524e-10,0.0034800125
7102,0,1,0.4705556626728533,0.99929094,0.9985159,0.47481942
7103,0,1,0.011587511227773746,5.720446e-07,2.3394873e-07,0.013077177
7104,0,1,0.474948551921174,0.9754809,0.9318483,0.46233928
7105,0,0,0.006282978874360654,3.0199995e-08,7.3563234e-07,0.0056353263
7106,0,1,0.020144155611497287,1.9461508e-05,1.787989e-05,0.017650183
7107,1,1,0.2913508699290373,0.92517513,0.86213076,0.28704983
7108,0,0,0.04545862259805106,2.1444375e-05,0.00017138956,0.048194554
7109,0,1,0.7440422698926898,0.99998295,0.9999684,0.7491561
7110,0,0,0.00025568798000889705,1.6109474e-14,5.6369357e-13,0.00030446492
7111,0,1,0.22198472414567819,0.34913725,0.0934596,0.22156058
7112,0,1,0.01649215424947212,6.1438695e-06,4.413622e-06,0.018680632
7113,0,0,0.09304699661347456,0.041781936,0.540971,0.09365052
7114,0,0,0.011639797763297263,3.152082e-06,5.6314664e-05,0.011331139
7115,0,1,0.748446576957859,0.99999857,0.99999785,0.7492948
7116,0,1,0.002987490730475076,2.810727e-08,1.3786979e-09,0.00502379
7117,0,0,0.012138765769179426,9.914614e-08,7.254004e-07,0.012142599
7118,0,1,0.6812785613008043,0.9992536,0.99899846,0.67593604
7119,0,0,0.0017081778164174121,1.2339537e-09,1.0842711e-07,0.0020811995
7120,0,1,0.047692610755168986,0.0004800167,0.00015814824,0.04842261
7121,0,1,0.14213530990990525,0.12755704,0.008138488,0.13866341
7122,0,1,0.7270681960981977,0.9998392,0.99665356,0.7284319
7123,0,0,0.0028385847921590032,2.6391772e-10,1.2937379e-08,0.002894743
7124,0,0,0.005489533721312834,1.502263e-08,5.576428e-07,0.005819811
7125,1,1,0.791825674075339,0.9999988,0.9999974,0.78865975
7126,1,1,0.9999999999999916,1.0,1.0,1.0
7127,1,1,0.7745629274870113,0.9999994,0.9999989,0.7830433
7128,0,1,0.042313590592857324,9.798628e-05,2.3653822e-05,0.043867823
7129,0,1,0.006054527947901561,2.1445382e-07,2.7985784e-08,0.0068539525
7130,0,1,0.21932820437000636,0.2375638,0.083593406,0.21487132
7131,1,1,0.7562183803107113,0.9999981,0.999997,0.7562701
7132,0,1,0.2871581622230002,0.9203427,0.79236686,0.27956563
7133,0,1,0.23599741391770446,0.97286814,0.9641034,0.22725068
7134,0,1,0.3680448618858867,0.9954079,0.990746,0.36642843
7135,1,1,0.835715244747156,0.99996316,0.9998082,0.82730293
7136,0,1,0.023650691562089897,3.46516e-05,9.718889e-06,0.028886512
7137,1,1,0.868715307946075,0.99999976,0.999997,0.873207
7138,0,1,0.07221722952031372,0.016501071,0.002652739,0.070185244
7139,0,1,0.23667187607921064,0.44792736,0.15307297,0.23607218
7140,0,0,0.011438934622601248,7.5345866e-05,0.0015289882,0.013805377
7141,0,0,0.03063955289905823,7.022098e-05,0.0049680597,0.031876143
7142,0,0,0.0010751962003157005,1.14148075e-11,1.378863e-10,0.0013179403
7143,0,1,0.012041252665776872,1.9248153e-05,5.151836e-06,0.013854668
7144,1,1,0.7729839664801628,0.9999958,0.9999906,0.77233547
7145,0,0,0.01344527048880753,1.0906423e-06,5.90679e-06,0.013271677
7146,1,0,0.9260343506212956,1.0,1.0,0.9279097
7147,1,1,0.2948177723589733,0.97751594,0.8900192,0.2941634
7148,0,1,0.17277769047685584,0.07428697,0.015762538,0.17254628
7149,1,1,0.373451494922215,0.9923071,0.9721372,0.3871675
7150,1,1,0.904368016239775,0.9999994,0.99999607,0.907286
7151,0,1,0.3690297996496743,0.99246454,0.96881276,0.36677
7152,0,1,0.01749238269106946,1.4035183e-05,6.800004e-06,0.017493151
7153,0,0,0.01674800131549511,1.3428324e-06,8.602608e-05,0.016469287
7154,0,0,0.02624922660588949,5.2804644e-06,7.553053e-05,0.026902005
7155,0,0,0.049231408787250706,0.0024315524,0.03141767,0.04916622
7156,0,0,0.3750071065925015,0.97830886,0.9999918,0.38362172
7157,0,1,0.17828126382469955,0.015104467,0.00044405536,0.17774199
7158,0,1,0.12621553028478016,0.02046572,0.0043837395,0.13260639
7159,1,0,0.8311568400702071,0.9995461,0.9999995,0.8170275
7160,0,0,0.008046348037998358,5.062187e-09,1.2294977e-08,0.008103708
7161,0,0,0.3643236674189263,0.9936602,0.9999962,0.35206768
7162,0,0,0.06691021888233988,8.500634e-05,0.00030843154,0.06616774
7163,0,0,0.22442833750641517,0.4267015,0.9546635,0.22741762
7164,0,1,0.09042592831395316,0.009362451,0.0020457006,0.088894956
7165,0,1,0.0008968675065472598,5.928617e-11,5.1143076e-11,0.0010432156
7166,0,1,0.023129805139350403,1.2505118e-05,6.4271967e-06,0.023693783
7167,0,1,0.7391227316450262,0.99999845,0.9999974,0.73187435
7168,0,0,0.1018624080525149,0.061133057,0.7174807,0.10677954
7169,0,0,0.003637984693912095,1.4020716e-09,4.994604e-08,0.003716034
7170,0,1,0.1936700542308351,0.36766785,0.1811119,0.20249283
7171,0,1,0.27059492287182957,0.49270707,0.24337944,0.2661072
7172,0,1,0.5935583880155189,0.9998683,0.99960184,0.5802899
7173,0,1,0.0017086149841948773,6.5894484e-11,2.5724436e-12,0.0018647121
7174,0,0,0.005650725940165412,1.3562732e-08,1.4557552e-06,0.005588017
7175,0,0,0.16675364157604822,0.47190166,0.97944516,0.16871917
7176,0,1,0.057080296119372584,0.003859369,0.0009675471,0.056422025
7177,0,1,0.08534265541336374,0.0019313563,0.0013652873,0.08160427
7178,1,1,0.04342977671098728,0.00077224744,0.00029019764,0.041777536
7179,0,1,0.3909853283004455,0.9331778,0.5915592,0.38663825
7180,0,0,0.02027173953493436,1.1425036e-05,0.0001309204,0.020625187
7181,1,1,0.024226096560220397,3.649764e-05,1.3036027e-05,0.023110773
7182,0,0,0.10142231576305542,0.13525695,0.80931306,0.10580212
7183,0,1,0.38690137729886537,0.98566884,0.91703933,0.37954128
7184,0,0,0.2693241125202318,0.3484472,0.99869055,0.26587912
7185,1,0,0.5038949834277523,0.9997129,0.99999976,0.5049013
7186,0,0,0.020859221789207415,7.288992e-05,0.0002865616,0.036056247
7187,0,1,0.0021490081926697777,3.0946404e-10,1.5691125e-11,0.0023453974
7188,0,0,0.0008113832854824314,2.9451613e-12,1.3538295e-10,0.000977179
7189,0,1,0.28080357640943093,0.8999419,0.6003934,0.27967697
7190,0,1,0.07427533601808976,0.000737282,9.001279e-05,0.076756015
7191,0,1,0.08862911973000732,0.012813648,0.0015921686,0.083794914
7192,0,0,0.0010287616963085629,3.8772253e-11,4.5434725e-10,0.0012753091
7193,0,0,0.039633551220370475,9.796797e-05,0.00096484454,0.04240563
7194,0,0,0.017019920032211037,0.0016435315,0.015200023,0.030139212
7195,0,0,0.03322821184986284,3.120804e-05,0.0005310106,0.03208515
7196,1,0,0.2588372607656521,0.6932455,0.9986696,0.25685084
7197,0,1,0.029731702947532596,0.0036358451,0.0003278874,0.04829678
7198,0,1,0.1319900327916844,0.1176977,0.057804376,0.13001841
7199,1,1,0.060911198184746176,0.0019067825,8.094702e-05,0.057644915
7200,0,1,0.0022527773825798264,1.0718725e-10,2.2983677e-11,0.0021463477
7201,0,0,0.004403525337036908,9.167276e-09,9.756469e-07,0.00417634
7202,0,0,0.008150844852012586,3.9020108e-07,4.4363887e-06,0.008194527
7203,0,1,0.1338547124652738,0.057271056,0.014052486,0.12470482
7204,0,0,0.043055726112248956,0.002423203,0.083711356,0.040840074
7205,0,1,0.001693601619805497,2.0387692e-09,3.2552339e-10,0.0020072346
7206,1,1,0.3511191604489999,0.9962692,0.9914585,0.35083494
7207,0,0,0.07393240087747366,0.001265246,0.03700274,0.077609144
7208,1,1,0.29984786258164653,0.8793799,0.6754091,0.29846
7209,0,1,0.12707263174779745,0.02391941,0.00423451,0.12744318
7210,0,1,0.27823253433031997,0.7947769,0.49142835,0.26755363
7211,0,1,0.31476040605772065,0.8992825,0.78236383,0.30771893
7212,1,1,0.9987350020339671,1.0,1.0,0.99860907
7213,1,1,0.5856060030485581,0.9995851,0.9981755,0.59579855
7214,1,1,0.25461179365251024,0.6620672,0.29348272,0.25379905
7215,0,1,0.7634995463083406,0.99999845,0.99999714,0.760676
7216,1,1,0.8354186239378301,0.9999672,0.9995286,0.82828486
7217,0,0,0.01845029383913398,1.259003e-05,0.00015742757,0.019703114
7218,1,1,0.8176588127969815,0.9999436,0.999496,0.81143427
7219,1,1,0.9502248946988001,1.0,0.99999964,0.9479739
7220,0,0,0.051502153138864915,0.00014890876,0.011982018,0.04785544
7221,0,1,0.5667809553043235,0.993907,0.98804307,0.56931055
7222,0,1,0.3988798356572087,0.9968928,0.9752294,0.39580908
7223,0,1,0.7988698358631378,0.9999889,0.999979,0.79117763
7224,0,1,0.1429486415218653,0.060853455,0.010304157,0.14949167
7225,0,0,0.008673596626032388,7.1184223e-07,1.323183e-05,0.008137295
7226,0,0,0.11957616511107436,0.02528526,0.59560275,0.11673829
7227,1,0,0.1563572943026032,0.15791531,0.5020692,0.16237776
7228,0,1,0.049778999287093575,0.0010539985,0.00024635612,0.053928014
7229,1,1,0.5019233107199523,0.99960077,0.9980596,0.5081377
7230,0,0,0.008781748508607534,6.051372e-07,1.8273317e-05,0.0105216475
7231,1,1,0.37419462335768455,0.99865097,0.9938425,0.3731277
7232,0,0,0.0024909396165888604,5.7416067e-09,6.49142e-08,0.0029643378
7233,0,1,0.4016145984577611,0.9941058,0.9749947,0.40043458
7234,0,0,0.003370696333961478,4.3217003e-09,1.2114124e-07,0.0032840597
7235,0,0,0.0024794304492891384,6.858078e-10,1.1239719e-08,0.0029457954
7236,0,0,0.01595396656416787,2.0553837e-06,2.0164394e-05,0.016273094
7237,0,1,0.0067546248093587075,2.6045747e-08,7.498743e-09,0.006762784
7238,0,1,0.007569306210226339,2.0491889e-06,4.6339244e-07,0.012714128
7239,0,0,0.005773919014774166,1.34133655e-08,7.3537484e-07,0.0057775234
7240,1,1,0.686515093406807,0.9999844,0.99965954,0.69129723
7241,0,0,0.12358125130505482,0.004172608,0.04715828,0.12701619
7242,0,1,0.8632878677654295,0.9999989,0.9999895,0.8600107
7243,1,0,0.712836664204555,0.9999932,1.0,0.7103227
7244,1,0,0.0069824063700171714,4.908221e-06,0.0001161414,0.0083331065
7245,0,0,0.011203160669985208,6.044882e-06,4.2093554e-05,0.014605454
7246,1,1,0.8814440823158487,0.9999993,0.99998796,0.88515985
7247,0,1,0.3795427058282229,0.9760879,0.79118246,0.37937897
7248,0,1,0.34222231879762294,0.35263303,0.10831887,0.33498174
7249,1,1,0.8572385098308123,0.9999994,0.99998975,0.86037254
7250,0,1,0.0417744423580643,0.006357305,0.0026111247,0.048272714
7251,0,0,0.030039954925771682,2.812052e-06,0.00016892877,0.02875136
7252,1,1,0.7880300649284501,0.99999857,0.99997604,0.8004247
7253,0,1,0.009382884289199376,3.3463312e-08,2.9848554e-08,0.008898388
7254,0,1,0.05032602444320455,0.0014157109,0.00046705414,0.04842006
7255,0,0,0.03363044964356705,0.0004733906,0.008108409,0.03521225
7256,1,1,0.2405542248710472,0.7525559,0.5111904,0.23154438
7257,0,0,0.04656334604655703,0.00027153103,0.0048712133,0.047375575
7258,1,1,0.8998037732693737,1.0,0.9999995,0.9027429
7259,0,1,0.0017449082873989233,5.4769733e-10,5.192937e-10,0.0019273547
7260,0,1,0.017565550394467763,0.00040950775,1.9192597e-05,0.03170687
7261,1,0,0.08874651897834497,7.3899995e-05,0.0003747606,0.051056124
7262,0,1,0.011252371253031171,1.8112123e-05,5.536929e-06,0.012785305
7263,0,1,0.04742398292473323,0.0040067695,0.0022301567,0.04340611
7264,0,1,0.006765910824134463,6.346043e-08,2.1548413e-08,0.0075065233
7265,0,0,0.019930717415649602,4.472541e-05,0.0015901522,0.020142071
7266,1,1,0.26749785218924876,0.76612437,0.41425273,0.2665266
7267,0,1,0.058008223474807205,0.0009463739,0.00018656682,0.055851776
7268,0,0,0.02837116616284528,0.00035599121,0.009041155,0.030455004
7269,1,1,0.538357468278365,0.99916065,0.9968675,0.5435489
7270,0,0,0.02179632724941746,8.957242e-06,0.00022408091,0.021126661
7271,0,0,0.011475721102166249,1.7367746e-07,3.4936802e-06,0.0109409755
7272,0,1,0.0693332143085436,0.0041830842,0.0006600747,0.07152358
7273,0,1,0.21106739997832147,0.37812358,0.023772554,0.21871805
7274,1,1,0.6031971557108923,0.9999645,0.99990284,0.6026341
7275,0,1,0.2434763891532441,0.70711994,0.33113232,0.24486567
7276,0,0,0.0005799149342407123,2.4567237e-11,4.6253762e-10,0.0010170237
7277,0,1,0.47476474841874744,0.99817705,0.9954014,0.46946672
7278,0,1,0.9653811349998983,1.0,1.0,0.9643426
7279,0,1,0.4745943222177864,0.99867994,0.99207157,0.47805303
7280,1,1,0.6932362345244952,0.9999901,0.99997354,0.7078098
7281,0,0,0.061392697283487986,0.00041217075,0.009838905,0.061020724
7282,0,0,0.002286321821454928,1.9106737e-10,1.0163036e-08,0.0022986652
7283,1,0,0.3529431448224368,0.987004,0.9999968,0.34523034
7284,0,1,0.00706382470830729,1.5481379e-07,6.774759e-08,0.0069796313
7285,0,1,0.21655902863938503,0.29870993,0.08388668,0.21687907
7286,0,1,0.0007966745049229789,3.772383e-12,1.201011e-13,0.00086435245
7287,0,0,0.3357885255658378,0.43694317,0.9437291,0.32816118
7288,0,1,0.023568045761132844,2.6859856e-05,1.5411819e-06,0.027240152
7289,1,1,0.26812543168615127,0.77183104,0.51856875,0.28294972
7290,0,0,0.023699600319698207,8.52954e-05,0.0029422923,0.023586953
7291,0,0,0.0008802376998888568,4.6672002e-12,4.120733e-11,0.0010740575
7292,1,1,0.3767504300014534,0.99729496,0.9870913,0.3775377
7293,0,0,0.007239848158420869,1.5089494e-05,5.1285813e-05,0.013020662
7294,0,1,0.1083225468594699,0.023736173,0.0077296365,0.102827296
7295,1,1,0.570955318025513,0.99678916,0.9470795,0.5788246
7296,0,1,0.657816213777602,0.99996364,0.9995493,0.66399896
7297,0,1,0.14397266401322692,0.21269546,0.051259268,0.1490923
7298,0,1,0.600381643272631,0.9989328,0.98813206,0.6023097
7299,0,0,0.045574342222272135,0.0006965525,0.020416,0.04621823
7300,0,0,0.0014612965884362227,8.131824e-11,5.7269256e-10,0.0017264172
7301,0,0,0.031244075593114408,0.00031943803,0.004594592,0.032691542
7302,0,1,0.003395863474135279,4.3944545e-10,9.302875e-12,0.0039321803
7303,1,1,0.6657817148535776,0.9983474,0.9873704,0.6594523
7304,0,1,0.17639537042517064,0.27427784,0.06347981,0.18057908
7305,0,1,0.1710754849682409,0.3823106,0.27138877,0.16201603
7306,0,1,0.23422353379922756,0.4591811,0.16304347,0.2352314
7307,0,0,0.0026972715383989836,1.2187865e-10,1.46895e-08,0.0026178404
7308,0,1,0.06030752009784529,0.00764946,0.00088445714,0.059559237
7309,0,0,0.000972534347613377,1.5596063e-11,2.6971966e-10,0.001144693
7310,0,0,0.061589754249179916,0.00022153147,0.0065854406,0.058431596
7311,1,1,0.8213539057607742,0.9998765,0.9996077,0.8021478
7312,0,1,0.41407386248985706,0.95842206,0.84570134,0.40606934
7313,0,1,0.3340278504897392,0.86353433,0.52038044,0.3333191
7314,0,0,0.0012364866909058488,4.1526324e-11,7.1033207e-10,0.0014584318
7315,0,1,0.17627524603889835,0.34731475,0.05172219,0.17681359
7316,0,0,0.016733320448213962,2.229973e-05,4.7925587e-05,0.020187683
7317,0,0,0.01406197248589989,5.2720615e-09,5.270143e-08,0.0056721563
7318,0,0,0.002284545482363239,2.3856217e-10,3.6408545e-09,0.0028041627
7319,1,0,0.611960984080679,0.9999546,1.0,0.6156538
7320,1,1,0.4654496481380873,0.9988117,0.99352324,0.46601793
7321,0,1,0.30270182331054596,0.77934545,0.67214835,0.28509626
7322,0,1,0.011832940456323647,1.0690402e-07,2.8016547e-08,0.010528092
7323,0,0,0.3437592362668859,0.9532695,0.9999769,0.3446426
7324,0,0,0.03434365458148289,0.0029425945,0.09640676,0.041114815
7325,0,1,0.210035646112391,0.18719816,0.05845826,0.20581107
7326,0,0,0.009146681611101872,9.431313e-08,4.8516677e-06,0.009446413
7327,0,1,0.18077419143533677,0.06454848,0.021680593,0.17891543
7328,0,0,0.019764403625428747,3.95189e-05,0.00079677283,0.019400425
7329,1,0,0.9718470148961067,1.0,1.0,0.972539
7330,1,1,0.6598996615290313,0.9998431,0.99979985,0.6621027
7331,0,0,0.009991033818263167,3.4750346e-07,1.508287e-06,0.009831169
7332,0,1,0.4364391718605194,0.9989681,0.9976877,0.43824688
7333,0,1,0.14142631508424397,0.50196356,0.22280991,0.14097567
7334,0,1,0.006669912356640348,2.0442624e-06,3.2949822e-07,0.0076175323
7335,0,0,0.026911946250787078,1.3217577e-05,0.00051947765,0.025935184
7336,0,0,0.02226805988914247,0.00025749576,0.0050454643,0.021669392
7337,0,1,0.2431669022187797,0.6074056,0.22965646,0.24279274
7338,0,0,0.0057126984683298875,3.0298057e-07,4.6647565e-05,0.0057852003
7339,0,0,0.0012170327325580891,6.52444e-11,4.2720196e-09,0.0014701855
7340,1,1,0.33879842389287923,0.99055463,0.9723584,0.3391172
7341,0,1,0.04447569778638475,0.0013430857,0.00039521148,0.0471875
7342,0,0,0.04361448059372708,0.0004913611,0.006766613,0.042870086
7343,0,1,0.06572552217776641,0.008910558,0.000714432,0.05695063
7344,0,1,0.05463045939690856,0.0012034762,0.00047963703,0.050586194
7345,0,1,0.5190652601948266,0.99624354,0.99541783,0.52382666
7346,0,1,0.668994881349474,0.99999464,0.99998844,0.6916968
7347,0,1,0.17430274913742938,0.03340451,0.00776617,0.17017384
7348,1,1,0.24493285103176038,0.9324397,0.78215635,0.24569152
7349,0,1,0.23610785753068925,0.5681318,0.18102339,0.2355247
7350,0,1,0.09496443957441802,0.0023607768,0.00027770907,0.09808565
7351,0,0,0.013745066289413431,9.615844e-06,5.1218314e-05,0.023638556
7352,0,1,0.02608088250466394,5.9193826e-06,2.5158638e-06,0.024219403
7353,0,0,0.010260450540596041,2.815761e-07,2.2202143e-05,0.01051861
7354,0,0,0.02339699270230641,0.00011211076,0.002476816,0.023608513
7355,0,0,0.013214813761476124,7.0518263e-07,2.0202004e-05,0.013198056
7356,0,0,0.39541196835940934,0.7338561,0.99916434,0.3832464
7357,0,0,0.006593091526957118,1.3905729e-07,3.2169066e-06,0.0077827256
7358,1,0,0.30984629223979365,0.84756386,0.9969595,0.31103337
7359,1,1,0.6706394803675455,0.9999324,0.9997422,0.6804241
7360,0,1,0.18524251455604138,0.15541022,0.022338472,0.18522923
7361,1,1,0.23797810096037372,0.80756646,0.6070316,0.2469536
7362,0,1,0.3718934829572292,0.9858265,0.8941287,0.37186268
7363,1,1,0.36367135918213567,0.98633134,0.94331956,0.36478192
7364,0,0,0.03581743171205638,0.1284357,0.94430596,0.042865932
7365,0,1,0.24262695360762498,0.5677518,0.27254742,0.2540181
7366,1,1,0.5618114803198482,0.99991786,0.9995838,0.565342
7367,0,1,0.00208348410431825,1.0521221e-09,5.588671e-11,0.0022862866
7368,0,0,0.10329134871770139,0.014271077,0.33602554,0.10492369
7369,0,1,0.01062335612983723,5.338983e-07,3.1321196e-08,0.0098073725
7370,0,0,0.1297824507222635,0.017688671,0.95094603,0.13206694
7371,0,1,0.011106689719188961,2.344526e-07,1.3814156e-07,0.010813607
7372,0,1,0.07062320871574185,0.00035463274,0.0001470691,0.06796648
7373,0,0,0.08036649336489843,0.00040826824,0.002578254,0.07786999
7374,1,0,0.44486061780900055,0.99552697,0.99999833,0.43239257
7375,1,1,0.6591777521298912,0.99967605,0.99951243,0.6615036
7376,1,1,0.907891878293146,0.9999999,0.99999917,0.90969276
7377,0,1,0.1639769056661021,0.19047835,0.043115098,0.1640205
7378,0,1,0.060897637378849255,0.0008924595,0.0007632501,0.05974393
7379,0,1,0.007864221256938404,3.5482006e-09,2.0555355e-09,0.007257004
7380,0,0,0.002126779286106502,1.6863927e-09,1.654634e-08,0.0025270695
7381,0,0,0.00037596706846223924,1.85043e-14,6.646813e-13,0.00036587557
7382,0,0,0.006222572131127845,1.7728978e-05,9.846416e-05,0.010802035
7383,0,1,0.06353824134791479,0.0050232178,0.00027578798,0.061171804
7384,0,1,0.022493987635166867,1.0382247e-05,1.4739296e-06,0.023025606
7385,1,1,0.43300206149710113,0.99777055,0.9933408,0.43521115
7386,0,1,0.010872058851589542,0.00016396423,0.000116131436,0.0133575415
7387,0,0,0.00826437530464923,6.4859087e-09,1.6601018e-07,0.007780985
7388,0,1,0.0402818375294773,0.014748757,0.006858264,0.04665981
7389,0,0,0.002592326757219005,1.3225879e-08,5.736059e-07,0.0032598116
7390,0,1,0.0029618397482967878,7.821197e-10,7.7063876e-11,0.0032069876
7391,0,1,0.002564738331988493,4.6279554e-09,1.891023e-10,0.004166968
7392,0,1,0.03626601411858198,0.00015498385,2.4030842e-05,0.036467277
7393,1,1,0.7976722308145765,0.9999987,0.9999908,0.7996097
7394,0,1,0.010606991370752338,1.0628999e-05,5.0848195e-07,0.017119085
7395,0,1,0.004399889660873129,4.7654525e-10,4.428355e-10,0.0039350125
7396,0,1,0.03618151084741731,4.2400985e-05,7.053103e-06,0.03948478
7397,1,1,0.9685074180504272,1.0,1.0,0.96917015
7398,0,1,0.009031204832573983,4.653415e-06,9.707622e-07,0.010247054
7399,0,1,0.028286889237029378,2.660112e-05,9.601421e-06,0.026576385
7400,0,1,0.47379849403694857,0.9946389,0.99188566,0.47112522
7401,0,0,0.026267712823873697,4.2973334e-05,0.00065447396,0.026442967
7402,0,0,0.12494944956259407,1.0,1.0,0.12600087
7403,0,1,0.012937554264810195,7.112722e-07,3.5278603e-07,0.012900766
7404,0,1,0.055269225721662645,0.00019351352,3.0722815e-05,0.05814614
7405,0,1,0.004699389286157306,1.3146646e-07,3.989648e-08,0.0056570778
7406,0,1,0.41538156530488907,0.9921659,0.96276456,0.41571337
7407,1,1,0.7942685076158971,0.9998795,0.9994307,0.76618946
7408,0,0,0.11971115623241137,0.011993623,0.12598577,0.06952215
7409,0,0,0.009434904527084844,1.0843327e-06,2.3458493e-05,0.008844202
7410,1,1,0.29048771383172417,0.8059114,0.44291377,0.29050756
7411,0,0,0.10731251019630894,0.044867966,0.5710252,0.10789957
7412,0,0,0.09325461496717553,0.037916407,0.52198017,0.09606706
7413,1,1,0.8189296303798806,0.99999964,0.9999988,0.82152826
7414,1,0,0.3094322208729534,0.7817415,0.9997784,0.31923008
7415,0,1,0.2580740573241024,0.6459985,0.35736772,0.25298336
7416,0,1,0.19152012575342972,0.42644092,0.20018259,0.20068444
7417,0,0,0.0005933464133641556,3.0822065e-13,2.2777126e-11,0.0005756173
7418,0,0,0.0012684440347421626,1.1581535e-09,1.319961e-07,0.0014709311
7419,0,0,0.03129788368123154,6.3023194e-06,0.00021069213,0.029303232
7420,1,0,0.904499435061536,0.9999926,1.0,0.8976879
7421,0,1,0.30285761219355656,0.20305024,0.0046915114,0.29865518
7422,1,0,0.9971471932942199,1.0,1.0,0.9967276
7423,1,0,0.45580970931687126,0.99972826,0.9999999,0.4458046
7424,0,0,0.06196125714846097,0.00043695123,0.66652405,0.059661172
7425,0,0,0.063108199057937,0.00038474056,0.0068283062,0.06339018
7426,1,1,0.7533016483045115,0.99999726,0.99999535,0.7504991
7427,0,0,0.0513177900133576,0.055490218,0.6567897,0.05282817
7428,0,0,0.027949016649039576,0.00018356864,0.008051116,0.028290661
7429,0,0,0.5422564262425347,0.99413913,0.9999913,0.53276163
7430,0,0,0.062189276456203806,0.044915143,0.64194345,0.063381374
7431,0,1,0.1931748637534155,0.59220296,0.13894296,0.19420618
7432,1,1,0.3518249610245195,0.96997696,0.9134008,0.36946252
7433,0,1,0.300126154626474,0.9758567,0.93202966,0.30237013
7434,0,1,0.09237090537671283,0.0009862976,2.2210379e-05,0.09393711
7435,1,0,0.6131289067461128,0.9999404,1.0,0.6103132
7436,0,1,0.9570574640146364,1.0,1.0,0.95854896
7437,1,1,0.9977437826528909,1.0,1.0,0.99734396
7438,0,1,0.3280921050812656,0.9859755,0.95660436,0.32850352
7439,0,1,0.26922058035768676,0.9932662,0.97594315,0.27737942
7440,0,1,0.08443135551455405,0.02876986,0.006019712,0.07577448
7441,0,1,0.001025624844077542,1.1597239e-11,2.656001e-12,0.0010813238
7442,0,1,0.03723653397580929,2.1906602e-05,5.446936e-06,0.037278283
7443,1,1,0.9164128325467967,0.9999999,0.9999988,0.9194808
7444,1,1,0.6845690885752396,0.9999888,0.99975485,0.6911776
7445,0,1,0.13238936314028765,0.025531434,0.006530919,0.13916674
7446,0,1,0.03714215857728995,0.0011623269,0.00076009054,0.03759798
7447,0,1,0.7751974761908885,0.9997965,0.9985916,0.7719266
7448,1,1,0.7802488551140342,0.9999937,0.9999877,0.7696955
7449,1,0,0.0578755115076522,0.0008029336,0.024000188,0.05723604
7450,0,1,0.19158224306319874,0.14486443,0.025889503,0.19149697
7451,0,0,0.046843609502594766,0.00087776803,0.030655865,0.046154153
7452,0,1,0.0020800193971387414,6.726847e-12,2.865032e-12,0.0019768858
7453,0,0,0.00021368334402028426,2.213394e-11,9.9969214e-14,0.00046617285
7454,0,1,0.032818257768945855,0.0024687438,0.0004223774,0.03773912
7455,0,1,0.012482071055705287,1.5722537e-07,4.5723223e-08,0.01152546
7456,1,1,0.57238652444438,0.9996443,0.9982809,0.57319856
7457,0,0,0.00681205790889612,9.223403e-08,1.2201757e-07,0.008794139
7458,0,1,0.3230771170001066,0.97242814,0.94028145,0.3205874
7459,0,1,0.3029761940386787,0.4162909,0.115917265,0.29415426
7460,0,1,0.0010214447063387822,6.715671e-11,3.2647752e-12,0.0011119287
7461,1,1,0.18902352449221774,0.54973906,0.34520623,0.17995964
7462,0,0,0.0073642546442052115,1.1477622e-06,2.1519665e-05,0.008828141
7463,0,1,0.024876910726099176,1.1436975e-06,1.9302762e-08,0.024639228
7464,1,1,0.5659417859413437,0.9973761,0.99356514,0.55006206
7465,0,0,0.00250604241235056,5.0782545e-11,8.39867e-10,0.0024787737
7466,1,0,0.4927545430615394,0.9623167,0.99998057,0.4850542
7467,0,1,0.1481104513724876,0.16079028,0.034541458,0.15163635
7468,0,1,0.2326425814081239,0.7199379,0.43902543,0.23574667
7469,0,1,0.008408552732596731,1.8340056e-06,5.1935956e-07,0.009631278
7470,1,0,0.49265071655312165,0.99560755,0.99999845,0.48526722
7471,0,1,0.13098796417247063,0.033015467,0.022831509,0.13052718
7472,1,1,0.999676491122386,1.0,1.0,0.9995935
7473,0,0,0.02508954365750664,0.0005270736,0.026991839,0.029426672
7474,1,1,0.3146883980100063,0.9565031,0.8236284,0.31312403
7475,0,0,0.020690473784843507,9.532591e-06,0.00031761263,0.01928895
7476,1,1,0.6016782298178779,0.9998659,0.99944454,0.60972077
7477,0,1,0.02624237042245132,4.7971344e-06,1.1896095e-07,0.02621224
7478,0,0,0.16499047129767336,0.013451622,0.35303065,0.15773995
7479,1,1,0.4914313373191625,0.99929535,0.99641645,0.48317334
7480,0,1,0.0038846144409424906,3.8828112e-08,3.1664706e-09,0.0042749657
7481,0,0,0.006035055159346617,3.4220232e-08,2.1148198e-06,0.0061450223
7482,0,1,0.30232518244892953,0.9146428,0.64075905,0.30308464
7483,0,1,0.007943372600266022,2.870059e-06,4.5119995e-07,0.00907363
7484,1,1,0.3500671074233922,0.95948553,0.8790764,0.35199776
7485,0,1,0.05329772585932361,0.0016872479,0.0010638717,0.04836148
7486,0,0,0.007738042259111658,7.882909e-08,6.074273e-06,0.007645067
7487,0,1,0.009567210058783035,1.3561171e-07,9.0712334e-08,0.009271158
7488,1,1,0.40291355741043394,0.9563139,0.3989679,0.3978899
7489,0,1,0.11088882215540856,0.00051937066,9.405878e-06,0.111823104
7490,0,1,0.13396002457783648,0.06650584,0.005895929,0.13819174
7491,0,0,0.8633672649333467,0.9999993,1.0,0.86016333
7492,0,0,0.05392203946713605,0.0049469178,0.06442841,0.05380144
7493,0,1,0.23008395768597076,0.72473764,0.34500536,0.229616
7494,0,1,0.1859812821310796,0.11042369,0.019224307,0.18595344
7495,0,1,0.0751007060567813,0.010180358,0.0007464429,0.07295837
7496,0,1,0.0258720222881713,3.1120962e-05,3.8324333e-06,0.024627957
7497,1,1,0.5690962039251919,0.9994097,0.9982668,0.57290816
7498,1,1,0.9999999999999643,1.0,1.0,1.0
7499,0,1,0.05122117974094598,0.0004861842,7.111835e-05,0.049350787
7500,0,1,0.23741231123693432,0.7576651,0.283624,0.23851423
7501,0,0,0.15239567951112284,0.10306877,0.7479813,0.14974053
7502,0,0,0.06653165500410206,0.0106001785,0.06600188,0.07920566
7503,1,1,0.6403595801206504,0.9999105,0.99977565,0.6390971
7504,0,1,0.4183196385551865,0.9993887,0.99819463,0.42173624
7505,0,1,0.029450917614202488,3.841801e-06,1.5225135e-07,0.028941806
7506,0,1,0.024463722303224234,2.8311595e-05,1.4025482e-05,0.02458142
7507,0,0,0.004203040023517753,2.0597581e-07,4.585415e-06,0.0050175753
7508,1,1,0.6445021766200464,0.9998386,0.99980235,0.64325553
7509,1,1,0.7176945409951693,0.99997556,0.9997946,0.71968114
7510,1,0,0.6207814721281572,0.9997681,0.9999999,0.60044867
7511,0,1,0.32634933830278423,0.8410849,0.6404636,0.32375276
7512,1,1,0.2544401038388969,0.7730381,0.3756308,0.2544028
7513,1,1,0.5685268189223204,0.99970406,0.99900275,0.5743316
7514,1,1,0.7482745189735883,0.9999933,0.9999784,0.7497007
7515,0,1,0.563176854415724,0.9960269,0.9653733,0.5584718
7516,0,0,0.008864768084062604,1.9167209e-07,7.445121e-06,0.009303072
7517,0,0,0.04145989691223126,0.0002774529,0.0089348005,0.04202243
7518,0,1,0.016348351332672453,5.071642e-08,8.2058875e-09,0.015560263
7519,1,1,0.8232601862093099,0.9999999,0.99999964,0.823275
7520,0,1,0.6215679038464924,0.9994554,0.99742645,0.623819
7521,0,1,0.2808086972526323,0.8377703,0.47080633,0.2824021
7522,1,1,0.9980134330862781,1.0,1.0,0.99776363
7523,0,1,0.2577658644750839,0.63772976,0.36973235,0.25313762
7524,1,1,0.03805297584310834,0.00013668256,2.9796944e-05,0.0362739
7525,0,1,0.07139563938712075,0.00346754,0.002185154,0.06546092
7526,0,1,0.00920132839898328,8.323418e-06,1.6147368e-06,0.010534851
7527,1,0,0.8303504155632365,0.9999989,1.0,0.8315358
7528,1,1,0.3767740199011348,0.98627263,0.95873487,0.37533882
7529,1,1,0.6713077151810343,0.99994826,0.9999013,0.6642775
7530,0,0,0.0029614511814658713,6.1842506e-08,1.0286298e-06,0.003541344
7531,1,1,0.06879950141255507,0.018818786,0.0071195145,0.066528104
7532,0,1,0.127611048249381,0.0012990538,2.8948434e-05,0.12317078
7533,0,1,0.00702129812666111,3.205081e-08,8.956693e-09,0.007411291
7534,0,1,0.6464197242852698,0.99995327,0.999881,0.64994955
7535,0,0,0.07986979930749212,0.009516317,0.2926667,0.07892637
7536,1,1,0.9971791335199869,1.0,1.0,0.996808
7537,0,1,0.00487401392295305,2.4974156e-07,7.426482e-08,0.005817982
7538,0,0,0.0019410345723497597,7.426974e-09,1.4099693e-07,0.002429061
7539,1,1,0.28383566313366304,0.8978515,0.6141315,0.282668
7540,1,1,0.48245234412481236,0.9997903,0.99953634,0.48425412
7541,1,1,0.19885053859247548,0.038263325,0.00035375226,0.20258479
7542,0,1,0.2463184247778804,0.5809122,0.27115527,0.24798548
7543,0,0,0.00981980664412538,4.7574107e-07,2.6616435e-06,0.009604847
7544,0,1,0.1664017921683042,0.19722897,0.027419424,0.16701037
7545,1,0,0.31597877077800346,0.99313956,0.9999957,0.31664932
7546,0,1,0.1277833507497237,0.0075056,0.00014892407,0.13418813
7547,0,1,0.35836433369634363,0.8320141,0.48753595,0.3595606
7548,0,1,0.49575806670900524,0.9995443,0.99851674,0.49996907
7549,0,0,0.011182913662233738,2.131759e-05,0.0004363396,0.014443528
7550,1,1,0.6467013686257161,0.7800947,0.020319667,0.620801
7551,0,1,0.0330205711912752,4.727335e-05,1.0619526e-05,0.03439335
7552,0,1,0.133997289994126,0.0034062848,7.681459e-05,0.1311673
7553,0,1,0.20711160817108823,0.18903847,0.054466527,0.20296228
7554,1,1,0.21793763247698375,0.34656203,0.084390715,0.21756282
7555,0,1,0.019521432877110702,7.029098e-06,2.3292118e-06,0.019584188
7556,1,1,0.4125679535124862,0.99669397,0.9819729,0.40386808
7557,1,1,0.42227247475693785,0.9900502,0.95770377,0.42134705
7558,0,0,0.0022210709435709916,5.881252e-09,7.16684e-08,0.0026385565
7559,1,0,0.07382188467122976,0.0093592405,0.26486057,0.07731418
7560,0,0,0.0024686067944029687,1.7529991e-09,3.500155e-08,0.0029361688
7561,0,1,0.05323275330294022,0.0018820355,0.000986712,0.05045357
7562,0,0,0.017700975174958784,2.6290394e-07,6.685126e-06,0.017640322
7563,0,1,0.20873977403084118,0.3532707,0.067890964,0.20847602
7564,0,1,0.13556922555750608,0.94725126,0.8433126,0.1387431
7565,0,1,0.08863935873061793,0.0012529739,0.00029282458,0.08438863
7566,0,1,0.22950127769995393,0.22903039,0.054396838,0.22164175
7567,0,0,0.01641553496281586,5.929151e-06,0.00014631475,0.016257294
7568,0,0,0.07218910348471913,0.005206668,0.21122354,0.07253823
7569,1,1,0.8319100841530681,0.99999976,0.99999964,0.8328052
7570,1,1,0.7224322636871787,0.9999962,0.9999927,0.7251327
7571,1,1,0.9397510957553369,1.0,0.9999999,0.93677366
7572,0,1,0.016087839651509443,6.6706693e-06,1.3856328e-06,0.015202808
7573,0,0,0.003368364567994318,9.732956e-07,7.975805e-06,0.0055954624
7574,0,0,0.04921959045194815,0.0021935962,0.04813047,0.048974633
7575,0,1,0.3431822327371149,0.98386663,0.963847,0.33950418
7576,0,0,0.0027346331029605543,1.2933925e-08,7.353461e-07,0.0034437568
7577,0,1,0.6389286931768816,0.9999858,0.9999274,0.6335751
7578,0,0,0.0018107164709143062,2.6833627e-10,2.7177924e-09,0.002137788
7579,0,1,0.0237285563238245,3.071637e-05,5.466158e-06,0.02264543
7580,0,0,0.059591873202229896,0.0025800623,0.08163291,0.060549144
7581,1,1,0.7832987265353312,0.9999981,0.99998283,0.7883656
7582,0,0,0.03835148822975052,0.06281213,0.8424727,0.04524688
7583,1,1,0.023056741113217333,4.2706848e-05,1.905256e-05,0.024041131
7584,0,0,0.11505100091373999,0.511726,0.9387509,0.11936759
7585,1,1,0.6394651113807297,0.99923885,0.9969969,0.6462527
7586,0,1,0.6345821532153698,0.99986994,0.99970764,0.6391799
7587,0,1,0.49173577983994793,0.999866,0.9997915,0.48810214
7588,1,1,0.3371437911589139,0.997292,0.99666303,0.32383943
7589,0,1,0.003380381931223368,2.2269571e-08,1.3126001e-09,0.003725694
7590,0,0,0.021615446419215003,0.48269567,0.0658568,0.027201446
7591,0,1,0.5875902985673597,0.99982584,0.99948514,0.6084917
7592,0,1,0.19464298401525204,0.8297777,0.63948095,0.23844276
7593,0,0,0.2941576464314638,0.77668226,0.9872206,0.2870516
7594,0,1,0.00273839451036244,8.9975e-08,2.07407e-08,0.004575975
7595,0,0,0.44423830034299805,0.9957964,0.99999595,0.44495672
7596,0,1,0.002937936720293011,1.4248445e-08,1.0723721e-09,0.0032357094
7597,1,1,0.9537305308268079,1.0,1.0,0.95483226
7598,0,1,0.005459821330052128,3.6577354e-08,7.655545e-09,0.006154669
7599,0,0,0.0010707590815917164,8.132068e-12,3.1109865e-10,0.0011165789
7600,1,1,0.785630415083494,0.9999989,0.9999981,0.7845152
7601,0,1,0.06479338827644457,3.5408855e-05,7.751308e-07,0.06591536
7602,1,1,0.6571969032014452,0.9999169,0.9998399,0.6565234
7603,0,1,0.4528432707192161,0.89988846,0.8538861,0.44356242
7604,0,1,0.027044942070862013,0.00010203234,8.822663e-06,0.025066053
7605,0,0,0.010048839204710407,4.6324618e-05,0.0013361279,0.012546497
7606,0,1,0.20399894645265026,0.12506491,0.04075338,0.1999212
7607,0,0,0.05664112945644138,0.013660241,0.3509213,0.05611966
7608,0,0,0.0521516389569994,0.00088786165,0.017401379,0.052314613
7609,1,1,0.8006341657677233,0.9999989,0.9999963,0.80298483
7610,0,0,0.04876371559666866,0.0129851615,0.5478071,0.045544222
7611,0,1,0.030481027101601523,6.962196e-05,2.4408191e-05,0.03320015
7612,1,1,0.9724854721860422,1.0,0.99999976,0.96801466
7613,1,1,0.6952873897608324,0.9999814,0.9998702,0.6963832
7614,0,1,0.6016698145930823,0.99999356,0.9999739,0.6061221
7615,0,1,0.6833873302656671,0.9999244,0.9997274,0.6857251
7616,0,1,0.009097835105561836,2.6303203e-08,1.3869224e-08,0.008762129
7617,0,1,0.29650708973029194,0.9045392,0.7352768,0.2978404
7618,0,1,0.009766466199060412,4.5808865e-06,1.379357e-06,0.011070709
7619,1,1,0.5895710266144619,0.9967493,0.9890126,0.5840029
7620,0,0,0.001324347425997898,1.8960433e-10,1.2067224e-08,0.0016075019
7621,0,1,0.07093029461211806,0.0025766115,0.0007376869,0.068199925
7622,0,0,0.043315549945942174,0.0003328704,0.011887815,0.043881934
7623,0,0,0.002110785121763694,1.6745774e-10,2.4738325e-09,0.0024999636
7624,0,1,0.019409608784404786,3.9662445e-06,1.0583831e-06,0.01959241
7625,0,1,0.28210944991806625,0.6502436,0.32259792,0.28623906
7626,1,0,0.03686136121065791,2.2263023e-06,3.1181655e-05,0.04056523
7627,1,1,0.2535904236667647,0.5477841,0.29950455,0.24018557
7628,1,1,0.2843923312207892,0.9725551,0.941785,0.27979487
7629,0,1,0.1567425943653615,0.25894254,0.01997511,0.15282674
7630,0,0,0.0008905924505779788,4.824063e-14,2.6154517e-12,0.0008748998
7631,0,1,0.12963000298895802,0.014483848,0.00029521453,0.12997562
7632,0,1,0.03030249309954553,2.8143484e-05,5.636295e-06,0.03159394
7633,0,1,0.5314614851811006,0.99876285,0.97376716,0.535367
7634,0,1,0.3776421973895876,0.9723745,0.9126696,0.37360975
7635,0,0,0.0034593060780092047,1.4412257e-07,2.5147076e-06,0.0045884023
7636,1,1,0.8718982355696278,0.99999976,0.9999958,0.8756636
7637,0,1,0.010746164760101491,4.3642933e-07,3.0178175e-08,0.009919386
7638,0,0,0.004361140153905289,3.534394e-09,2.965265e-07,0.004420541
7639,0,0,0.0007062271550942086,8.9369826e-13,5.7337107e-11,0.00084098306
7640,0,1,0.0008238285836466724,2.9381816e-12,1.1584516e-13,0.0008913085
7641,1,1,0.9032630151767227,1.0,0.9999999,0.9116124
7642,0,0,0.022869970782114002,2.3499784e-05,0.00025904435,0.022025937
7643,0,1,0.007885998347627366,2.6152306e-05,8.854669e-06,0.009513562
7644,1,1,0.6643747490562104,0.9998728,0.99818796,0.68617594
7645,0,1,0.029599462381329426,0.00039612426,3.3863034e-05,0.0344665
7646,1,1,0.549955001227324,0.99937725,0.997232,0.5618256
7647,0,1,0.04111224690183053,0.0006983252,0.00018226264,0.03629307
7648,0,0,0.05019193727459816,0.0057215,0.09159156,0.051074587
7649,1,1,0.6447144837131905,0.99998474,0.99994135,0.6291679
7650,0,1,0.5515860932278948,0.99988186,0.99965346,0.5533056
7651,0,0,0.07038622185881872,0.024375917,0.5852612,0.0680111
7652,0,1,0.01096585621531302,1.8532123e-07,5.755957e-10,0.010885075
7653,0,0,0.12923593447020096,0.030756285,0.5078891,0.1312702
7654,0,0,0.04080956210852953,0.00014042413,0.006065419,0.040926196
7655,1,1,0.30807504256697704,0.9221546,0.75500625,0.30658644
7656,0,0,0.2909227137170452,0.9594228,0.99996245,0.29109544
7657,0,1,0.3021051904425454,0.9411943,0.756198,0.3007045
7658,0,0,0.014920025217748977,4.9439623e-06,7.6159755e-05,0.015837288
7659,1,0,0.054133415352811576,0.0015585115,0.9134244,0.054526832
7660,0,0,0.006874586094678969,1.4556961e-08,7.7368327e-07,0.0070318505
7661,1,0,0.9999999999999787,1.0,1.0,1.0
7662,0,1,0.18279472853061696,0.03362707,0.013119579,0.18145682
7663,1,1,0.7256478320680884,0.9999602,0.99926156,0.7303424
7664,1,1,0.9249272525075661,0.99999917,0.99999547,0.92242926
7665,0,0,0.05994978114695963,0.0036979653,0.0983287,0.060057558
7666,0,1,0.17286988577779566,0.23754069,0.012435878,0.17681855
7667,1,1,0.6782148937944954,0.9996567,0.995002,0.6507956
7668,0,1,0.17619720902323543,0.21196847,0.07540904,0.18398006
7669,0,1,0.042206862781642915,0.005403418,0.0013588843,0.04070888
7670,0,1,0.14290761186850737,0.027508318,0.028726283,0.13903645
7671,0,1,0.8813676357812906,0.99999595,0.99998164,0.8803118
7672,1,1,0.4946402718927652,0.99771655,0.99466217,0.492501
7673,1,1,0.08519289414599929,0.10306607,0.03040825,0.07897179
7674,0,0,0.010973756861784232,5.799292e-08,1.1663317e-06,0.010992696
7675,1,0,0.5858678229379594,0.9995852,0.9999999,0.5653519
7676,0,0,0.004046091790287929,1.5182154e-08,8.60229e-07,0.0041593653
7677,0,0,0.00039595976191628764,3.6418543e-13,5.662629e-12,0.00048353235
7678,0,1,0.014692752975462204,2.4002145e-06,1.6345452e-07,0.0136067225
7679,0,0,0.030927026742467414,0.0033078194,0.10251782,0.036869373
7680,0,1,0.0024601015276398907,1.3263102e-10,3.124293e-11,0.002946971
7681,1,1,0.6547389745415609,0.9996276,0.9993555,0.65621805
7682,0,1,0.055284237168750826,0.0001734902,3.7716356e-05,0.053369872
7683,0,0,0.012081789949909789,1.9514137e-06,8.654791e-05,0.012637468
7684,0,0,0.0178963520173621,2.861401e-07,5.526837e-06,0.017621469
7685,0,1,0.07880053128568322,0.0003424261,0.0003905944,0.076738104
7686,0,1,0.006109719948454288,4.180113e-06,5.854187e-07,0.0067685996
7687,0,0,0.010220355373321995,2.346034e-06,0.00021728281,0.012128577
7688,1,1,0.9999999999999514,1.0,1.0,1.0
7689,1,0,0.9978495568481317,1.0,1.0,0.9974657
7690,0,0,0.02458178232212964,0.00061543577,0.018140053,0.029410351
7691,0,1,0.03618058978875367,3.1335443e-05,3.4158102e-06,0.03579823
7692,0,0,0.012955621814569645,4.0100655e-05,0.00026930962,0.01643775
7693,0,1,0.06885882345100885,0.00033330833,7.727997e-05,0.06649341
7694,0,0,0.0011238676524957453,2.1242282e-11,1.5877435e-09,0.0013532424
7695,1,0,0.9971836931792074,1.0,1.0,0.9968364
7696,1,1,0.9999999999999942,1.0,1.0,1.0
7697,0,0,0.0009173937025742133,9.569298e-12,1.5814501e-10,0.0010787002
7698,0,1,0.0009579965334295606,3.7541654e-12,3.8267263e-13,0.0011190189
7699,0,1,0.08764879828642401,7.106899e-05,1.4787674e-06,0.08773258
7700,0,0,0.30732404281546327,0.424667,0.9985044,0.3047547
7701,1,1,0.5356031734894766,0.99727964,0.9505692,0.5422529
7702,0,0,0.004739730848238486,2.7791873e-07,4.618475e-06,0.0054862117
7703,1,1,0.9999999999999842,1.0,1.0,1.0
7704,1,1,0.9999999999999918,1.0,1.0,1.0
7705,0,0,0.053491774098579,0.0016190221,0.024705783,0.055218585
7706,0,1,0.0027331219363187346,6.127865e-09,1.4221287e-09,0.0031586273
7707,1,1,0.46126942618158495,0.9947246,0.9871545,0.46588537
7708,0,1,0.01428279600825627,1.8644136e-05,2.5221048e-06,0.016360005
7709,0,1,0.21677477796250944,0.26017165,0.04288409,0.21747412
7710,0,0,0.0007015999288152255,3.66052e-12,4.0803756e-11,0.0008642931
7711,0,1,0.5332154379732478,0.98199135,0.9346703,0.52229583
7712,0,1,0.37649652853007076,0.96192354,0.87169516,0.36539346
7713,0,0,0.05119009885283761,0.0008667405,0.016634624,0.05291685
7714,0,0,0.0022206614359903095,1.8159864e-10,1.1426543e-08,0.0021980917
7715,0,1,0.016260687763926168,0.0001439618,5.1882354e-05,0.018580329
7716,0,1,0.06023647287918494,0.010710786,0.003090309,0.056884162
7717,0,1,0.3406455703967024,0.9948707,0.984665,0.3426229
7718,1,1,0.6476603994564919,0.99981666,0.9996078,0.64354986
7719,0,1,0.07544506878710523,0.00013987249,3.4138172e-06,0.07690501
7720,0,0,0.15695980537947676,0.024541814,0.53558373,0.16322508
7721,0,0,0.19978420202409947,0.62830573,0.978003,0.19830127
7722,1,1,0.999999999999994,1.0,1.0,1.0
7723,0,0,0.09635025962447069,0.015214548,0.42010912,0.09403859
7724,1,0,0.8770705754544942,1.0,1.0,0.87777275
7725,1,1,0.22319528902512284,0.5397519,0.15091123,0.22438495
7726,1,1,0.20064411762699003,0.45329827,0.20699675,0.20115833
7727,0,1,0.02523860996094292,9.229013e-06,2.6321854e-06,0.023445334
7728,1,1,0.34128504934368475,0.9868192,0.9865142,0.35087278
7729,1,0,0.4607223518649591,0.96940124,0.9999807,0.45946673
7730,0,1,0.4230012362806782,0.972376,0.91991365,0.41787928
7731,0,1,0.028875362582349195,4.6226738e-05,8.361439e-06,0.027425539
7732,0,0,0.0009090214858211321,9.114713e-12,4.156367e-10,0.0010970394
7733,0,1,0.0645047559860431,0.0019687563,0.00097189174,0.060407273
7734,0,0,0.01791159288934011,3.7170312e-06,0.00037506263,0.01794735
7735,0,1,0.5739972008163201,0.9992837,0.99772435,0.5723647
7736,0,1,0.006484871160752544,1.5426716e-06,5.7531577e-07,0.0078030974
7737,0,1,0.003921884654687628,1.8023364e-07,1.40619125e-08,0.0043237847
7738,0,0,0.026487595665950863,2.1108335e-05,0.0003044144,0.026791032
7739,0,0,0.0249904895444585,3.1061657e-06,5.7323767e-05,0.024672575
7740,0,1,0.128273642697196,0.86811423,0.7292897,0.14594525
7741,1,1,0.28553437920094027,0.9786653,0.9530145,0.28179544
7742,1,1,0.7156993857457538,0.99998164,0.99993646,0.718401
7743,0,0,0.0019751404509323533,6.0982924e-10,6.610376e-09,0.0023391976
7744,1,1,0.3856725931556917,0.9731511,0.9264843,0.40156713
7745,0,1,0.051007312685871053,0.00023427581,3.5436286e-05,0.04991811
7746,0,1,0.1932914672736473,0.09327832,0.023241635,0.18886767
7747,0,1,0.07369643459215929,1.634762e-05,3.281592e-07,0.075443625
7748,0,1,0.03795087129253775,0.009239151,0.0037001409,0.043834254
7749,0,0,0.0008140353162012134,6.7190763e-12,4.7833193e-10,0.0007897271
7750,0,0,0.0030859580086200797,7.268769e-08,6.5134265e-07,0.0035782922
7751,0,1,0.005536276619557184,1.2555834e-07,2.4136071e-08,0.006601297
7752,0,0,0.010432010010130072,3.550999e-07,2.656479e-05,0.01069277
7753,1,1,0.6519962857942915,0.99983084,0.99910444,0.6467649
7754,1,1,0.5509543433243375,0.9922167,0.9355698,0.54627204
7755,1,1,0.500628403043823,0.99590325,0.9760154,0.49944428
7756,0,1,0.24877576593937956,0.94615656,0.8468399,0.25086257
7757,0,1,0.001320284782249314,1.6408598e-11,6.150874e-13,0.0014875847
7758,1,1,0.9338717279822938,1.0,1.0,0.9321932
7759,0,1,0.15009737514927093,0.294906,0.028254,0.14560755
7760,0,1,0.017681892960774735,7.028871e-05,2.49059e-05,0.019531736
7761,0,1,0.038800030830627545,0.003094169,0.0013696998,0.043425027
7762,1,1,0.9613374245430348,1.0,1.0,0.9622645
7763,0,0,0.05031689632356994,0.0019739303,0.040279906,0.052153196
7764,0,1,0.04495773222359145,0.00016238609,1.9851988e-05,0.044389263
7765,1,1,0.7009856299375583,0.99998796,0.9999707,0.710341
7766,0,1,0.01690637601508752,8.0975747e-07,3.500146e-07,0.017760174
7767,0,1,0.018222530363520343,0.0005438358,0.00014671961,0.03077282
7768,1,1,0.2925294205617631,0.875725,0.7157342,0.27673075
7769,1,1,0.2929568798097175,0.65905327,0.41917586,0.28801197
7770,0,1,0.24415591899980135,0.9542058,0.5536809,0.25281626
7771,0,1,0.0398160572103514,0.00017391653,6.415195e-05,0.03736619
7772,0,0,0.07355392390506751,0.004583585,0.11435606,0.0755549
7773,0,1,0.24647688364415368,0.60875875,0.2669495,0.24769543
7774,0,1,0.13616732497667253,0.016309116,0.013737494,0.13132387
7775,0,1,0.015345988266642132,1.6533112e-06,7.5909804e-07,0.01563396
7776,0,0,0.006248903487294197,3.7780577e-08,2.9173943e-06,0.0062304325
7777,0,1,0.0013446163531430613,4.8926306e-12,5.828875e-13,0.0013010844
7778,0,0,0.000837402230213231,3.452563e-11,3.241005e-09,0.00096739794
7779,0,1,0.23633197049477406,0.58947694,0.18774055,0.23574768
7780,1,0,0.8049159821871233,0.99996805,0.9999987,0.8005344
7781,0,1,0.033712508778379204,0.0002604135,1.4522148e-05,0.031922925
7782,0,1,0.16995831518761575,0.12932879,0.04128869,0.16502117
7783,0,1,0.028975798172692132,3.3370972e-05,1.9339634e-06,0.028695464
7784,0,1,0.2453177659034925,0.6911483,0.26036522,0.24462779
7785,0,1,0.029846004345046192,3.2802905e-05,9.407843e-06,0.028580328
7786,0,0,0.035244854167334826,6.638994e-06,0.00018447138,0.035174496
7787,1,1,0.8853594346098882,0.99999976,0.99999833,0.8878416
7788,1,1,0.3886133105420449,0.9926898,0.96510947,0.38758248
7789,0,1,0.20579240775296329,0.23651366,0.049560018,0.20555347
7790,0,0,0.008333760407332217,1.3494744e-07,1.8289858e-06,0.008269744
7791,0,1,0.11520724795247089,0.06691518,0.021354103,0.119258575
7792,0,0,0.006362096283243935,9.032384e-09,1.6102524e-07,0.0071725715
7793,0,1,0.02856674756750289,1.2938058e-05,1.3125491e-06,0.028616594
7794,0,1,0.01078911860856067,2.645657e-07,1.8756756e-08,0.009783968
7795,0,1,0.4978567938888841,0.9987804,0.9952253,0.49532712
7796,0,0,0.01341856726874058,1.3795411e-06,1.263945e-05,0.013628334
7797,0,1,0.04006358430190509,0.00032435328,0.00013722268,0.040948354
7798,0,0,0.05297599000518225,0.00088303286,0.03890158,0.052599918
7799,0,1,0.1755716612779939,0.7235976,0.28788915,0.21788356
7800,0,1,0.18414049210712582,0.03869574,0.009160975,0.17877734
7801,0,0,0.03053357358909823,5.2477535e-06,0.0001282413,0.029686369
7802,1,1,0.9642180824958345,1.0,1.0,0.96205175
7803,0,1,0.20843971673204134,0.20967165,0.053813834,0.21172477
7804,0,1,0.3500851203370107,0.9833421,0.9556888,0.3628754
7805,0,0,0.13493562022309813,0.3801863,0.99974555,0.13507237
7806,1,0,0.3309094928065957,0.28975934,0.9506455,0.31747106
7807,0,1,0.14570033650580352,0.12235271,0.05971738,0.14677006
7808,0,0,0.5331376676906382,0.9981298,0.9999993,0.5277254
7809,0,0,0.03830849854085998,0.00037790462,0.013632705,0.03658839
7810,0,0,0.025762899373530167,0.0006069315,0.023907568,0.025709413
7811,0,1,0.006989507290530241,5.6798063e-07,1.1780117e-07,0.007953175
7812,1,1,0.4515398221514895,0.9950835,0.98469156,0.4513308
7813,0,1,0.6277784997765927,0.999966,0.9999387,0.62543005
7814,0,1,0.1164228822541451,0.03227303,0.021050535,0.1180057
7815,0,1,0.09121712642085182,0.006495611,0.0042885295,0.09367011
7816,1,1,0.21806706933560377,0.9363773,0.8723142,0.21265988
7817,1,1,0.5644682226230977,0.9996468,0.9988047,0.56382596
7818,0,1,0.49269990039276074,0.99890494,0.99740213,0.508242
7819,0,1,0.19581257660582158,0.38384104,0.100449465,0.19649704
7820,1,1,0.24792165214567058,0.93701655,0.849596,0.25165954
7821,0,1,0.3250162449772351,0.9339012,0.7411769,0.32467705
7822,1,1,0.3144551594106333,0.99444324,0.9918024,0.31359512
7823,0,0,0.01095991852043205,1.7015203e-05,0.00061763317,0.013225909
7824,1,1,0.9995630346776534,1.0,1.0,0.9994392
7825,0,1,0.3794480457571943,0.9797152,0.89810675,0.37997943
7826,0,1,0.32394395085405087,0.96081,0.8395327,0.3213785
7827,0,1,0.08939863465170175,0.002035425,8.813013e-05,0.08686371
7828,0,1,0.20165805142889992,0.8241285,0.8280768,0.20436831
7829,0,1,0.5716924295525568,0.9999342,0.999892,0.5791509
7830,0,1,0.0007588974615073747,2.1179887e-12,6.897615e-14,0.0008217718
7831,0,0,0.00820827643009824,6.509894e-08,2.543855e-06,0.008569881
7832,0,0,0.006410528932544059,4.166751e-09,9.32284e-08,0.006118474
7833,0,0,0.0008260483464768254,4.0529776e-12,1.6931116e-10,0.0009946774
7834,0,0,0.00654420092486939,8.1205215e-08,4.6820337e-06,0.006423746
7835,0,1,0.27744911100632924,0.89207107,0.772052,0.27623093
7836,0,0,0.006624225510538749,1.36863655e-05,0.00026915458,0.007900091
7837,1,1,0.5667843991151479,0.997821,0.98481154,0.5614398
7838,0,1,0.17396608042218015,0.27494332,0.116584636,0.18729763
7839,0,1,0.21373740119292708,0.037297856,0.0011872505,0.22245693
7840,1,1,0.6196359561931831,0.9999225,0.9995542,0.6168896
7841,1,0,0.38632154574940586,0.9991265,0.9999995,0.38570702
7842,1,1,0.45135277447520017,0.9993407,0.9988582,0.44616297
7843,1,1,0.6035650223227418,0.9988317,0.99833894,0.6045583
7844,1,1,0.18957200524751322,0.097399265,0.024174236,0.18586189
7845,0,0,0.004446176603670202,5.766704e-07,1.065369e-05,0.0053261616
7846,0,1,0.016066717826403266,3.1899676e-06,7.891843e-07,0.016023101
7847,0,1,0.028855861109214485,1.4873517e-05,1.9811991e-06,0.029739626
7848,0,0,0.0018012258765891743,3.6350605e-09,1.7966249e-07,0.0021709804
7849,0,1,0.055129653574565965,0.0052940142,0.0035276094,0.054957
7850,0,1,0.0177481319202173,2.7830117e-06,1.0177163e-07,0.016560903
7851,0,0,0.027735134894924678,6.19709e-06,5.7339707e-06,0.030518401
7852,0,1,0.6382463055591578,0.9999496,0.99990404,0.6364945
7853,0,1,0.268147371187015,0.5842516,0.34465522,0.25622785
7854,1,0,0.7294810020904271,0.99999213,1.0,0.72626925
7855,1,0,0.27025897049244,0.94494504,0.99995816,0.26000208
7856,0,1,0.25320366842146713,0.50284606,0.1526346,0.2535834
7857,1,1,0.5686117331555881,0.9945509,0.9889949,0.57112163
7858,0,0,0.10357865472647809,0.0059950817,0.1339065,0.1026597
7859,0,0,0.04498002518020688,3.510531e-05,0.0013205908,0.045659855
7860,0,1,0.004849182893564253,1.2425221e-07,5.285019e-09,0.009079699
7861,0,1,0.16014981407279988,0.63958865,0.15092994,0.15114306
7862,0,1,0.2984000513215256,0.9023189,0.54226327,0.29197106
7863,0,1,0.4012365259310777,0.9928247,0.98092777,0.40409982
7864,0,0,0.1261223626131929,0.064973265,0.99384,0.12303168
7865,1,1,0.28934183433145644,0.51944095,0.22215189,0.28256077
7866,0,0,0.053605277926742585,0.0004585281,0.0187438,0.053369567
7867,0,0,0.20600168702849833,0.9557139,0.9999311,0.20369159
7868,1,1,0.6650340778508188,0.999802,0.9993752,0.66207826
7869,0,1,0.5985993415461186,0.9980059,0.998444,0.5965903
7870,0,0,0.01321980409705384,6.717019e-07,2.2719818e-05,0.013204517
7871,0,1,0.007487056163195533,9.590161e-07,2.0369363e-07,0.008512813
7872,1,1,0.5096855055749819,0.9999864,0.99926037,0.5151234
7873,0,0,0.25325255216007886,0.8784317,0.9869696,0.26251066
7874,0,1,0.050492366563979776,5.6673034e-05,1.6082855e-05,0.048064522
7875,0,1,0.2814558656266946,0.8853597,0.5875413,0.28031725
7876,0,1,0.0026883091871037525,2.2406494e-09,5.079663e-10,0.002863781
7877,1,1,0.7308677211513555,0.9999809,0.99990237,0.7357247
7878,1,1,0.27122369726637807,0.8432911,0.50297457,0.27053088
7879,0,0,0.0636425168550398,0.0023747324,0.096694425,0.062420856
7880,0,0,0.012539794097538148,4.476e-06,7.3165065e-05,0.012491917
7881,1,0,0.07085840423454813,0.3123128,0.9206053,0.0872202
7882,0,0,0.006306301200923999,1.4354146e-08,2.2767634e-07,0.0063132583
7883,0,0,0.17687574129954464,0.9489867,0.99968165,0.16519368
7884,0,1,0.0035453968450769513,4.2173856e-10,1.1025439e-11,0.0039106067
7885,0,1,0.22785153157280677,0.4605156,0.12871222,0.22736357
7886,0,0,0.07470873849577772,0.0024186163,0.14578924,0.07487237
7887,0,1,0.011385021189592507,4.081537e-06,9.520222e-07,0.012434502
7888,0,1,0.17891152692847878,0.059694096,0.013977761,0.17546892
7889,0,1,0.0077572718281025054,1.3043845e-06,2.747181e-07,0.008816595
7890,0,0,0.037969346304361835,6.168406e-05,0.0014229144,0.03724757
7891,0,0,0.07277680316731293,0.010264411,0.1731003,0.07439725
7892,0,1,0.27199102355651184,0.9574253,0.9280253,0.2692211
7893,1,1,0.761911489380447,0.99999726,0.9999951,0.7576075
7894,1,1,0.8894969984085485,0.9999999,0.9999988,0.8928571
7895,0,1,0.09780865034057766,0.0011603307,1.099789e-05,0.10012088
7896,0,0,0.008833412310529575,1.5761013e-07,1.4644926e-05,0.008999494
7897,0,1,0.2783127705403894,0.9548367,0.75421983,0.28139064
7898,0,0,0.06354315128393548,0.0010906303,0.023145378,0.06254593
7899,0,1,0.23899799688558448,0.18398702,0.0453144,0.23629709
7900,1,1,0.8557784925457732,0.99999905,0.99997973,0.8564944
7901,0,1,0.001371811221317234,4.4830428e-10,8.64582e-11,0.0015527066
7902,0,1,0.16691031127351116,0.037088655,0.007693702,0.16377097
7903,0,0,0.014256953226746548,0.0012260404,0.04458506,0.017829439
7904,0,0,0.0008972145567392465,1.460054e-11,1.5929934e-10,0.0010515962
7905,0,0,0.058720398864536796,0.000727963,0.007529179,0.056434073
7906,1,0,0.3331383407022865,0.9936607,0.99999535,0.33536983
7907,1,1,0.5936365780457773,0.99951124,0.9985666,0.5850017
7908,0,0,0.018047096642188853,1.620517e-06,3.0531974e-05,0.018372709
7909,1,1,0.9862621916812994,1.0,1.0,0.9858716
7910,0,1,0.0229228931982183,0.0005066741,0.00032289515,0.025616474
7911,0,1,0.6957977844597066,0.99990165,0.998524,0.6994635
7912,0,1,0.0073141702808961475,6.455957e-08,8.90226e-09,0.00796514
7913,0,1,0.003279485642073701,9.409743e-10,2.6094152e-10,0.0032285783
7914,0,1,0.18232012433851394,0.61211836,0.10527825,0.17881055
7915,0,1,0.006570737636274649,3.5899632e-07,1.16908964e-07,0.007819912
7916,0,1,0.08979089399329519,0.053444143,0.011634172,0.08679579
7917,0,1,0.019928833399816086,2.4148947e-05,2.0786043e-05,0.019446507
7918,0,0,0.09546418106807501,0.002702046,0.06622861,0.09520945
7919,0,1,0.2640695876221804,0.92200893,0.68592453,0.26273173
7920,0,1,0.4211977424730578,0.99784493,0.99532,0.42238012
7921,0,1,0.21284363571597095,0.80248743,0.15399832,0.21895237
7922,1,1,0.18408485462385388,0.11365868,0.018438531,0.18407841
7923,1,1,0.9385381019837173,0.99999964,0.999998,0.935936
7924,0,1,0.8208601451773306,0.99999833,0.99998045,0.8226874
7925,0,1,0.0037153037125246644,1.6533312e-08,1.6019461e-09,0.004202184
7926,1,1,0.5368459526590341,0.9995759,0.99926215,0.52244586
7927,0,0,0.00281280814814932,2.958632e-10,4.5449133e-09,0.002902142
7928,1,1,0.2567144060059494,0.5824603,0.1843793,0.2570656
7929,0,0,0.05119229460361021,0.002197528,0.06123801,0.052009225
7930,0,1,0.002603880673628316,5.5965166e-09,3.1615324e-10,0.0028484613
7931,0,0,0.17249333146847676,0.50419956,0.97711176,0.1728515
7932,0,1,0.11219734454874128,0.039302327,0.0022563727,0.109027125
7933,0,0,0.3661865639314256,0.93668246,0.9986092,0.35553423
7934,1,0,0.08234294973955554,0.007904834,0.19070461,0.08439989
7935,0,1,0.10007758222648164,0.0063931504,0.002731495,0.09876736
7936,0,1,0.10241338872042852,0.0153810335,0.0073179374,0.09940369
7937,0,0,0.010163531089761563,1.5584641e-05,0.00060880685,0.0105745895
7938,1,1,0.7798266900133631,0.99999714,0.9999914,0.78325605
7939,0,0,0.11875017613624157,0.0067520146,0.30965692,0.11623667
7940,0,0,0.2371796619671612,0.15607823,0.5252165,0.2352493
7941,0,0,0.03916110412494602,0.0038914941,0.1964055,0.044162568
7942,0,1,0.03960084273165019,0.0008719745,0.00025973335,0.04136021
7943,0,1,0.6133092408633303,0.99989617,0.9997625,0.6194118
7944,0,1,0.006312099792939731,9.924449e-07,4.2015452e-07,0.007272417
7945,0,0,0.16054864311711817,0.35224912,0.9997062,0.16210403
7946,1,1,0.8668385121090287,0.9999999,0.99999976,0.86066824
7947,0,1,0.25351669690885215,0.7684837,0.54458237,0.25534925
7948,1,1,0.7082769479592574,0.999977,0.99991727,0.71109706
7949,0,1,0.6221177010077616,0.99995995,0.99992824,0.62833405
7950,0,0,0.004103465789819026,1.0286714e-09,8.699826e-08,0.0040720673
7951,0,1,0.0018867649245078227,2.6777996e-10,1.4303762e-10,0.0021636456
7952,0,0,0.0004062566897432633,4.0342266e-13,6.6589724e-12,0.0004959717
7953,0,0,0.003063615132191067,6.6436284e-10,1.4223873e-08,0.0035042658
7954,0,0,0.004409874052971994,4.8935616e-09,5.129443e-07,0.0045193955
7955,0,0,0.00402651181336508,5.6921755e-07,1.1197926e-05,0.0047989595
7956,0,0,0.021609879379644138,4.036799e-06,8.279522e-05,0.023556516
7957,0,1,0.23303607483076272,0.5308237,0.16053829,0.23248869
7958,0,1,0.21382810684499717,0.05771439,0.0005859369,0.21705745
7959,0,1,0.1827102665239902,0.48190418,0.1845131,0.18648735
7960,1,0,0.165530218740034,0.35333154,0.947241,0.16874047
7961,0,1,0.04115851977792103,1.2961164e-05,5.537128e-07,0.022331584
7962,0,1,0.17205731877058533,0.13938403,0.00549048,0.17690337
7963,0,1,0.04346403150671964,3.84189e-05,5.9888557e-06,0.042624056
7964,0,1,0.03751716283973999,1.1380084e-06,1.8809347e-08,0.034814052
7965,0,1,0.17352433640439832,0.26995763,0.056542262,0.17185137
7966,0,1,0.22261713717936013,0.70687354,0.51267815,0.23278017
7967,0,1,0.18957891743604482,0.25315377,0.23832808,0.18771912
7968,0,1,0.001892425632734894,4.854523e-10,3.7701928e-10,0.0020931053
7969,0,1,0.06837623256691747,0.0007910324,9.081538e-05,0.06752498
7970,1,1,0.9796724481449726,1.0,1.0,0.97928506
7971,0,0,0.01315139927166119,2.0237512e-06,0.00012586665,0.014035879
7972,1,1,0.7074079316911791,0.999992,0.99998665,0.7088111
7973,0,1,0.00810227894325284,1.8868054e-09,1.7407403e-10,0.0076876916
7974,0,1,0.2110540256768434,0.07061412,0.025173271,0.20832707
7975,0,1,0.43767018811224156,0.9994137,0.9980871,0.43754572
7976,1,0,0.5886609266015631,0.99972755,0.9999999,0.5805278
7977,0,1,0.09633428975947934,0.004603472,0.00025938096,0.09685246
7978,0,0,0.018464273192841746,7.982714e-06,9.4979e-05,0.019136894
7979,1,1,0.8704649160311541,0.9999995,0.9999945,0.86878264
7980,0,0,0.004488367575719622,4.6849205e-09,3.655689e-07,0.004673402
7981,0,0,0.002235810042181454,1.2391742e-11,9.297331e-10,0.0021395986
7982,0,0,0.6117868188123204,0.99983335,0.99999964,0.6148538
7983,0,0,0.04765817328481367,0.008309733,0.31311628,0.05525056
7984,0,0,0.024551225576604736,0.0004986022,0.033630285,0.029117988
7985,0,0,0.002624118601843421,7.919582e-10,1.5509583e-08,0.0031157297
7986,0,0,0.09730022375332127,0.05156236,0.6126418,0.10068063
7987,1,1,0.8781704573030091,1.0,1.0,0.8803939
7988,0,1,0.3707448714264133,0.990573,0.9631636,0.36859778
7989,0,1,0.0037979004892154033,4.5811033e-12,3.3607042e-15,0.0037415507
7990,0,0,0.010821819223133886,8.2683084e-07,1.3371648e-05,0.010607271
7991,0,1,0.0013060809785984428,1.9647908e-09,1.6494614e-10,0.0022399377
7992,0,1,0.008565704732736542,1.8231106e-07,1.8183961e-07,0.007935674
7993,0,0,0.13129484079398646,0.070991814,0.5554558,0.13844152
7994,1,1,0.8747920246299662,0.9999999,0.9999999,0.868854
7995,0,1,0.03885088817824755,5.937732e-05,1.4182297e-06,0.038916077
7996,0,1,0.0062954846645774335,4.9652717e-06,9.296513e-07,0.0074196826
7997,0,1,0.015527635716711462,8.692474e-09,1.34151865e-11,0.013711843
7998,0,0,0.05426300710702617,0.00014924865,0.006132408,0.054970875
7999,0,0,0.06485896830005138,0.009082789,0.23323548,0.06512843
8000,0,1,0.04013079124112976,0.0036509756,0.0013437842,0.037075043
8001,0,0,0.2730080939635811,0.9796696,0.99999213,0.2819489
8002,0,0,0.042117328940911206,6.1216495e-05,0.00055882736,0.039410304
8003,1,1,0.7395749197509811,0.99998903,0.99997723,0.73723435
8004,0,0,0.03247571860388692,4.743773e-05,0.0009772666,0.032666396
8005,1,1,0.7770723550871007,0.999987,0.9997897,0.7812507
8006,0,0,0.08185488327492563,0.0008512596,0.02539097,0.07822433
8007,0,1,0.01007632193178113,1.8499419e-05,1.444341e-06,0.016722085
8008,0,0,0.0007378579038393657,1.4439654e-12,2.0641376e-11,0.00086394564
8009,0,1,0.07476699865923203,0.015282907,0.0048517277,0.07186571
8010,1,0,0.07627707721367039,0.0001512101,0.0057929065,0.07348473
8011,0,0,0.016139028320013637,1.1431207e-06,5.4672375e-05,0.017502725
8012,1,1,0.8840602813161389,0.9999993,0.9999976,0.8815873
8013,0,1,0.300516660654564,0.9346387,0.7402938,0.29913494
8014,0,0,0.09803395421312633,0.016658165,0.37508655,0.0949303
8015,0,0,0.07220104509084461,0.004165548,0.2636471,0.07713126
8016,0,0,0.0033645967139782204,2.942319e-09,2.3934024e-07,0.003270328
8017,0,0,0.041764490122263465,0.0037567988,0.07951386,0.041853108
8018,0,1,0.010045479935348468,5.1556844e-06,5.2033706e-06,0.011780823
8019,0,1,0.04135921700104459,0.00014984842,6.494437e-06,0.0398049
8020,1,1,0.8439981920130782,0.9999989,0.9999974,0.83998275
8021,1,1,0.1276635391203422,0.11343496,0.01351283,0.12421978
8022,1,0,0.07136251057822482,0.0001697317,0.0021707956,0.028749004
8023,0,1,0.1652964105265402,0.23459616,0.056760192,0.16588533
8024,0,1,0.0038759629796282485,2.5777982e-07,2.32798e-08,0.0044350997
8025,0,1,0.16405944690207624,0.4162104,0.33797356,0.15737626
8026,1,1,0.5205752878136063,0.99860364,0.9886663,0.51014566
8027,1,1,0.03914377351554769,0.0009973738,4.997945e-05,0.037825834
8028,0,0,0.0072881609447864575,1.3221944e-08,6.2938653e-07,0.0075145564
8029,0,1,0.6543182858510184,0.99997926,0.99994814,0.65973705
8030,0,0,0.0016516123642171204,1.25163275e-08,1.3600147e-06,0.0019839648
8031,0,0,0.13037897825365308,0.13105735,0.53706104,0.13800548
8032,1,1,0.9951237275470434,1.0,1.0,0.9944189
8033,0,1,0.010642614809025262,5.3042595e-07,4.7631715e-07,0.009900484
8034,1,1,0.39433779290121207,0.9949136,0.98946023,0.38884926
8035,1,1,0.9504352126395371,0.9999995,0.9999964,0.9455754
8036,1,1,0.5675219441699022,0.9967893,0.9946331,0.5685185
8037,0,0,0.003638776708573622,4.8252974e-07,9.770494e-06,0.004505656
8038,0,1,0.20454864459902677,0.2134492,0.04258904,0.20496324
8039,0,1,0.1245787956630833,0.065601535,0.038821805,0.11349741
8040,0,1,0.19910962027943668,0.44572732,0.2081799,0.20739813
8041,0,0,0.22391505796421451,0.9494984,0.9994798,0.21689676
8042,1,1,0.8864715866537608,0.9999956,0.9999771,0.87770706
8043,0,1,0.20611067477423797,0.28571838,0.05567369,0.20587249
8044,0,0,0.004404442994285606,2.8823365e-08,3.9668876e-06,0.004201823
8045,0,1,0.2761700806891925,0.96189946,0.76544875,0.27859905
8046,0,0,0.005408326899851667,6.7435224e-08,2.1388632e-06,0.0052768565
8047,0,1,0.11761684270974897,0.011597836,0.0003796022,0.12097214
8048,0,1,0.005178807090490897,1.828451e-09,3.085643e-12,0.006050197
8049,0,1,0.025472816897883825,0.00062534283,7.952234e-05,0.028791172
8050,0,0,0.003553384159171856,1.03745e-08,2.5042823e-07,0.00423937
8051,0,1,0.3415078426990809,0.9827436,0.9269123,0.3406394
8052,0,1,0.0373969646622187,8.6142565e-05,2.0694564e-05,0.03859603
8053,1,1,0.28900767299900976,0.9681485,0.90392494,0.2922407
8054,0,1,0.14178721438618755,0.012264925,0.0038616864,0.13215314
8055,0,1,0.19401586064410528,0.15689777,0.02445312,0.18682966
8056,0,0,0.003583824294503475,1.5787715e-06,3.8587647e-08,0.004630907
8057,0,1,0.6462746807445986,0.99998987,0.99997485,0.65790826
8058,0,1,0.05937069719739483,0.005910553,0.00044722398,0.0688982
8059,0,1,0.7898268809592801,0.99999785,0.9999933,0.7923793
8060,0,0,0.014123530009449513,0.000108819884,0.0014485049,0.016509617
8061,0,0,0.12293586762998576,0.052533172,0.68002933,0.12397851
8062,0,0,0.2085364233380296,0.36620417,0.99801123,0.20781659
8063,0,1,0.03496191695281852,4.0338724e-05,1.1473625e-05,0.033502873
8064,0,0,0.0017657723548634794,2.3098523e-10,3.2258152e-09,0.002108596
8065,0,1,0.4142274556024208,0.9946998,0.9875228,0.41737485
8066,1,1,0.45116782034313496,0.96720415,0.8850687,0.43190426
8067,0,0,0.00466042275098869,5.774486e-06,0.00017836703,0.005295363
8068,0,1,0.00684111404007278,2.1724397e-06,8.776599e-07,0.008233216
8069,1,1,0.2737493465108831,0.9937674,0.99001044,0.27657503
8070,0,0,0.33566422670579793,0.93611574,0.99131036,0.34795028
8071,1,1,0.8868568417648447,0.99999964,0.99998605,0.89226043
8072,0,0,0.012853534881546799,3.6078993e-07,7.1397963e-06,0.012848317
8073,1,0,0.39440329603359287,0.9303558,0.9995304,0.3967618
8074,1,1,0.5096035054116695,0.9996096,0.9975478,0.51271796
8075,1,0,0.43968602338651025,0.99961925,0.99999976,0.43926
8076,1,1,0.5041334372438986,0.9545675,0.92888445,0.4957831
8077,0,1,0.5261226568718741,0.9994201,0.99712604,0.5323765
8078,0,0,0.17763945117047572,0.73220915,0.9903127,0.18058598
8079,1,1,0.2361461364932681,0.5683392,0.18122204,0.2355625
8080,1,1,0.44140943033493385,0.98494935,0.935673,0.4410087
8081,0,1,0.11890929161189497,0.045311254,0.023979664,0.11379319
8082,0,1,0.27025264727709364,0.92597365,0.84623474,0.26796827
8083,0,1,0.0016492725537908366,1.5921591e-09,6.018032e-10,0.0019465671
8084,0,0,0.004731815337548383,6.186259e-11,6.868589e-10,0.0048497156
8085,1,1,0.9983777806555061,1.0,1.0,0.99822444
8086,1,1,0.4790079166051464,0.9979278,0.98977226,0.4693628
8087,0,1,0.011035659939596956,2.308165e-06,3.330359e-07,0.011037816
8088,0,0,0.17757949843922755,0.03625679,0.7914844,0.17333339
8089,1,1,0.9999999999999922,1.0,1.0,1.0
8090,0,0,0.008280304976043432,1.1472708e-06,2.9228135e-05,0.011247577
8091,0,1,0.04473096874789726,0.00021466841,6.664886e-05,0.044271465
8092,1,1,0.48170135743473347,0.99416393,0.9788569,0.47275254
8093,1,1,0.3367884789310641,0.98053014,0.9409532,0.32709894
8094,0,1,0.00895786537660219,3.03038e-06,8.677881e-07,0.010253096
8095,0,0,0.06023625665683063,0.0037616203,0.13724849,0.064286426
8096,0,0,0.003308591819017438,2.8945675e-07,4.691801e-05,0.003892226
8097,0,0,0.024401500372324005,0.00066784257,0.013808526,0.024109006
8098,1,1,0.8979359848427655,1.0,1.0,0.8976509
8099,0,1,0.010367980086495488,1.1767664e-07,6.6563928e-09,0.009555784
8100,0,0,0.015775926361530256,4.0646137e-05,0.0007259318,0.015804797
8101,0,0,0.01580001816952133,8.125995e-06,0.000569818,0.016511817
8102,1,1,0.9972356623949605,1.0,1.0,0.9969235
8103,0,1,0.11071988237753605,0.0042770104,0.0016779996,0.108606145
8104,0,1,0.05462713110342962,0.0019087184,0.00043976956,0.051519528
8105,0,1,0.00928150784622332,7.312224e-08,5.995285e-08,0.008996603
8106,0,0,0.006269650124050954,1.0875945e-09,1.9991604e-09,0.006125402
8107,0,0,0.006349521893517183,4.4856044e-08,3.7673974e-06,0.006534936
8108,0,0,0.006734503746805431,1.0455135e-07,5.5367923e-06,0.0063124383
8109,0,1,0.1290902093980143,0.014932629,0.0043108347,0.12640263
8110,0,1,0.12567513613682846,0.027675018,0.0013182366,0.1260688
8111,1,1,0.43497520634106107,0.9937185,0.98394704,0.4508953
8112,0,1,0.047976989970422136,0.00017663394,2.4418856e-05,0.04737228
8113,0,1,0.5675786103295941,0.98459065,0.85629386,0.5575658
8114,0,0,0.0021341088416666275,1.2793315e-08,2.7645746e-07,0.0026679377
8115,0,0,0.018859131108015095,9.755222e-07,1.912943e-05,0.017955462
8116,0,1,0.024769869221698538,4.7849368e-05,2.1340473e-05,0.02498475
8117,0,0,0.045064471220643276,8.356376e-06,0.00017519912,0.046532653
8118,1,1,0.9453074117341252,1.0,1.0,0.9445489
8119,0,1,0.3697441010499668,0.9444321,0.73415595,0.371816
8120,0,0,0.0014094271608775409,1.41803e-10,1.2369321e-09,0.0016648212
8121,0,0,0.0033619507605394065,7.7649894e-08,1.0742508e-06,0.0040235384
8122,1,1,0.6291465995815214,0.9998187,0.9994387,0.6251511
8123,1,1,0.6529873278184081,0.9999678,0.9999465,0.65734804
8124,0,1,0.013500319878747084,0.00014042601,7.623504e-05,0.01621296
8125,0,1,0.0034535802476575216,5.5532418e-08,4.431315e-09,0.0038063885
8126,0,0,0.001764122330329932,6.581162e-10,7.7243625e-09,0.0020872483
8127,0,0,0.008783658264773968,2.5819197e-06,8.154323e-06,0.014836297
8128,1,1,0.47911236648069444,0.9974711,0.974702,0.4796164
8129,1,1,0.4520767016163111,0.99762434,0.99406564,0.46994424
8130,0,0,0.0011278395121962516,1.0810914e-10,1.851423e-09,0.001493027
8131,1,1,0.37262811634604354,0.93606097,0.77244204,0.37147236
8132,0,1,0.0046840468920821155,8.9590765e-11,8.7093684e-13,0.0048256507
8133,0,0,0.003340149202616464,1.4095446e-09,1.5869955e-07,0.0031340818
8134,0,1,0.0061296917645894625,1.27380915e-08,1.924867e-09,0.007216142
8135,0,1,0.011189254905372335,8.8749744e-05,2.4371953e-05,0.012805261
8136,1,1,0.9963211279351368,1.0,1.0,0.995698
8137,0,1,0.04106596534858842,2.5628811e-05,2.6110988e-07,0.0411995
8138,0,0,0.17591226916051458,0.6071004,0.98352313,0.18303728
8139,1,1,0.3480160329609805,0.99345785,0.9626487,0.3481513
8140,1,1,0.941234379802698,0.9999999,0.9999993,0.93621767
8141,0,0,0.01577687132555923,1.148017e-05,0.00015032756,0.015948769
8142,1,1,0.8996346359824081,0.9999999,0.9999999,0.8959589
8143,0,1,0.006801116285258434,3.819634e-07,3.6898562e-08,0.007507912
8144,1,1,0.440845175076049,0.9891376,0.9503981,0.44720072
8145,0,1,0.6820744471595485,0.99994886,0.99988985,0.67782676
8146,0,1,0.17353117406433008,0.2656695,0.1480767,0.16024189
8147,0,0,0.005122735689893403,1.2866427e-09,6.514626e-08,0.0052472698
8148,0,0,0.02803161630948791,0.00013594299,0.0002616235,0.034202915
8149,0,1,0.23128912118026304,0.5416609,0.15719594,0.2307645
8150,1,1,0.9968514344362505,1.0,1.0,0.9965071
8151,0,1,0.11556600971334773,0.054139875,0.008304461,0.11360888
8152,1,1,0.9986648047280285,1.0,1.0,0.9983386
8153,0,0,0.0018575222750357764,4.3220527e-10,9.777071e-09,0.002209687
8154,0,1,0.01125553316891321,6.7061444e-07,8.788838e-08,0.01068589
8155,0,0,0.021486628417308605,2.9569836e-05,0.00043480535,0.02171517
8156,1,1,0.34172526774004797,0.97169185,0.9276986,0.34160915
8157,0,0,0.19725116444708676,0.47720158,0.9584166,0.1950311
8158,0,0,0.011253602754197005,3.2849204e-07,4.653828e-06,0.012196931
8159,0,1,0.7861244425234853,0.9999932,0.99996996,0.780174
8160,0,1,0.024688390490747524,3.1643816e-05,1.5942297e-06,0.02362514
8161,0,0,0.015177174734353273,6.810745e-06,0.00016186868,0.014826054
8162,0,0,0.003718751984962202,1.1701243e-08,1.3456024e-07,0.004273204
8163,0,0,0.5703068904100199,0.99950874,0.9999976,0.5762634
8164,0,1,0.02653152343107888,4.232052e-05,6.383277e-06,0.025449103
8165,1,1,0.5347891496494929,0.9990371,0.99730045,0.5574754
8166,1,1,0.7608159686865791,0.9999796,0.9999659,0.7498307
8167,1,1,0.7498379463712764,0.9999552,0.99989486,0.7398423
8168,1,0,0.29744472608631173,0.9847477,0.9999875,0.29625866
8169,0,0,0.005825855686543197,3.497933e-08,6.854016e-06,0.0055228337
8170,1,1,0.6055088962635806,0.99948096,0.99865913,0.60204077
8171,0,1,0.0015956786816212563,2.4886133e-12,3.299075e-14,0.0018272575
8172,1,1,0.05561689472800347,0.0001586424,5.0034865e-05,0.05267451
8173,0,1,0.5208186795856069,0.9925552,0.97808516,0.5056043
8174,0,0,0.035884745848693805,0.0030610005,0.133834,0.03999963
8175,0,1,0.03224647035852169,3.4995443e-05,1.4989829e-05,0.03169239
8176,0,1,0.24491412577671803,0.55439657,0.21154152,0.2442177
8177,0,0,0.04285630218586978,0.0005141393,0.013414458,0.04076922
8178,0,1,0.39251568203015763,0.9994258,0.9987472,0.39293662
8179,0,0,0.5678727051794796,0.99814224,0.9999993,0.56888425
8180,0,0,0.01888362060543169,1.5282438e-05,0.00058703753,0.018956147
8181,0,1,0.0315787668507703,0.0029757626,0.0010409898,0.035797596
8182,0,0,0.005587632952076995,2.510501e-08,3.3748324e-07,0.00591048
8183,0,1,0.5351897232729774,0.9976929,0.97659236,0.53804713
8184,0,1,0.5033819729912353,0.9999324,0.99977446,0.5210279
8185,0,0,0.004485468199248177,5.1675664e-09,2.4161224e-07,0.0045045977
8186,0,1,0.07150430015743127,0.0016832445,0.0013075125,0.06960793
8187,1,0,0.9026758849049202,0.9999999,1.0,0.9048395
8188,1,1,0.2950512028254831,0.93570983,0.76723784,0.2954148
8189,0,1,0.3518781762804418,0.9668897,0.87213856,0.3512441
8190,0,0,0.15784787378221896,0.40689084,0.99861264,0.15654618
8191,0,1,0.10463910429451141,0.0021849421,0.00051649404,0.10188638
8192,1,1,0.16491339842731575,0.13252263,0.04227209,0.17241791
8193,0,1,0.06812466500748278,0.0014632682,0.00019488411,0.0668899
8194,0,1,0.2829674059541031,0.9833292,0.902142,0.28409606
8195,0,1,0.08492803048299216,0.00312765,0.000737722,0.08892856
8196,1,0,0.030584508856517582,0.00021215259,0.008613703,0.03305536
8197,0,1,0.09254361125590657,0.018413298,0.0061325473,0.09150025
8198,0,1,0.003200051108641119,1.92267e-08,1.5681625e-09,0.0035942905
8199,0,1,0.008048089912314258,3.644101e-08,2.8534107e-08,0.007727282
8200,0,1,0.18321455803033737,0.6638182,0.19491692,0.18397082
8201,0,1,0.030028558828371736,0.000115415954,1.7791746e-05,0.028771732
8202,0,0,0.0943117705862063,0.046170592,0.6598153,0.09389572
8203,0,1,0.020641723440790082,5.080197e-05,1.0444793e-05,0.018847393
8204,1,1,0.49900331991080377,0.9992937,0.98265237,0.47166985
8205,1,1,0.5997061896269172,0.9991296,0.9980173,0.59588426
8206,1,1,0.9158711149057541,0.9983339,0.80868477,0.90807
8207,0,1,0.7645671391161448,0.99999845,0.9999949,0.7679408
8208,1,1,0.2877595507689451,0.991433,0.9838687,0.2953585
8209,0,1,0.13502830163138266,0.033014197,0.010459221,0.13349093
8210,0,1,0.05617985001700094,0.000386068,0.00010234239,0.05411305
8211,0,1,0.43587672110345616,0.998965,0.9974243,0.43692732
8212,1,1,0.41126698054795824,0.9990684,0.998502,0.40516737
8213,0,1,0.007179410058926492,8.956592e-07,3.0404752e-07,0.007893056
8214,0,0,0.03311279601368502,0.00020346424,0.01955237,0.031674825
8215,0,1,0.012313670956887266,1.2205346e-05,4.180217e-06,0.014127787
8216,0,1,0.013281013976031271,1.2522007e-06,2.1655441e-07,0.013271201
8217,0,1,0.3812945205082253,0.99379,0.97811216,0.39503518
8218,1,1,0.7332519023132323,0.99998844,0.9999417,0.73036784
8219,0,1,0.7420357098999659,0.99999917,0.9999994,0.7302673
8220,0,1,0.16317703088323382,0.40389875,0.1506597,0.15985507
8221,1,1,0.13749569220697472,0.2591309,0.075051576,0.13035898
8222,0,0,0.03768157546546717,0.0006230046,0.08558148,0.037951104
8223,0,1,0.5504952707716857,0.9989166,0.98281837,0.5561301
8224,0,1,0.14218171756154416,0.75506115,0.19638741,0.13841702
8225,0,0,0.0753029745468877,0.0042129667,0.11445412,0.075570166
8226,0,0,0.3130402534144481,0.99333924,0.99999726,0.30713272
8227,1,0,0.10711394346370419,0.020738991,0.4693922,0.106259145
8228,1,1,0.9314192961952179,0.9999994,0.999997,0.9239376
8229,0,0,0.005068475699063182,1.566304e-08,1.2980198e-06,0.005150404
8230,0,1,0.18026983134547292,0.1574631,0.060100105,0.17546265
8231,1,1,0.189924920504058,0.2653334,0.17092139,0.17437488
8232,0,1,0.29052271216559683,0.7642944,0.32066798,0.29608917
8233,0,0,0.0038382680526753235,4.8807514e-10,8.597093e-08,0.003530952
8234,1,1,0.6295824315235277,0.9997249,0.9950892,0.63452226
8235,0,1,0.016751721582011703,1.1175231e-07,1.9252049e-09,0.016011491
8236,0,0,0.000760004149490962,1.6090238e-08,4.8208673e-08,0.0012931149
8237,0,0,0.011832026755390612,2.265628e-07,3.6086003e-05,0.011915218
8238,1,0,0.25154430399258665,0.5491413,0.9993986,0.25979558
8239,0,1,0.259778965336163,0.9807371,0.96906507,0.24610306
8240,0,0,0.013357372748072105,5.657109e-05,0.0006769774,0.016638072
8241,1,1,0.3451495642791026,0.925986,0.83168054,0.33920178
8242,0,1,0.036768485161920814,7.971618e-05,7.048929e-07,0.035247613
8243,0,1,0.011631157219461915,3.3147882e-07,6.332718e-08,0.01093688
8244,0,1,0.0022714241637465547,2.7340056e-07,4.4618638e-09,0.004795074
8245,0,1,0.0013369344462953647,5.891382e-12,4.2866044e-13,0.0014867173
8246,0,1,0.03507015457525749,0.00030646974,1.8797062e-05,0.033197183
8247,0,0,0.04442220683556548,0.0073385,0.1245915,0.04541565
8248,0,1,0.5334480341907177,0.99994683,0.9998982,0.5400847
8249,1,1,0.5203280235576854,0.9998646,0.99957424,0.5263293
8250,0,1,0.017688439374299765,2.5924775e-05,4.6633622e-06,0.020240217
8251,1,1,0.5288611126336836,0.99963236,0.9990987,0.5583233
8252,0,1,0.22926216709107355,0.5606799,0.08598815,0.23321036
8253,0,1,0.41627361318846773,0.9821268,0.6632178,0.42261702
8254,0,0,0.01596528100812971,7.8619524e-07,4.4018983e-05,0.017315919
8255,0,0,0.035769763914365565,0.0062867645,0.080905676,0.060530618
8256,0,0,0.060660601030913974,0.0049024993,0.13993123,0.060763504
8257,0,1,0.6961745205806859,0.9999728,0.99989784,0.7000362
8258,1,0,0.5755881299483622,0.99833184,0.9999912,0.5821635
8259,0,1,0.05317162615053023,0.0042749066,0.004409427,0.053990487
8260,0,1,0.2983419457216988,0.9418143,0.7418747,0.29699242
8261,0,1,0.06725242373868758,0.0023432283,5.1297066e-05,0.07067146
8262,1,1,0.5491805114225922,0.9991961,0.9972523,0.54015315
8263,1,1,0.13377267710948743,0.0035644933,0.00056200934,0.13008307
8264,0,1,0.1344862168898007,0.09692177,0.03386999,0.13963594
8265,0,1,0.0533114158933391,6.843207e-05,1.7677636e-05,0.049482875
8266,0,0,0.002396747988720257,1.4271994e-09,3.9928985e-08,0.002721834
8267,0,1,0.41486795109495633,0.9959267,0.9909973,0.41414532
8268,0,0,0.14756528046778647,0.5067311,0.9852639,0.14457464
8269,0,1,0.012194721616495381,4.3701937e-05,1.3478411e-05,0.013898374
8270,0,1,0.0241460752978923,5.944324e-06,3.4678976e-06,0.02311016
8271,1,1,0.2817248162869805,0.7917238,0.38620844,0.28183734
8272,0,1,0.36312597363707333,0.98090416,0.933997,0.36423334
8273,0,1,0.3088779128120375,0.9535534,0.83802855,0.30910572
8274,0,1,0.16626256209136261,0.7046564,0.501527,0.1611169
8275,0,1,0.2984080233540851,0.991087,0.97178805,0.29936677
8276,1,1,0.9987802721663424,1.0,1.0,0.99861896
8277,0,1,0.13416672783350989,0.045091182,0.0068168426,0.13363469
8278,1,1,0.5500199406787114,0.9996918,0.9988643,0.5515255
8279,1,1,0.6021291220131079,0.9998524,0.99941385,0.6035874
8280,1,1,0.2039437658835705,0.22108251,0.091791086,0.19351675
8281,0,0,0.009095095872112631,9.716219e-06,0.003268364,0.008837058
8282,0,1,0.019257788821443318,1.6394706e-05,1.0364522e-06,0.01824652
8283,0,0,0.047432306546496356,0.0055476935,0.24799748,0.04573124
8284,0,0,0.004219060543383688,3.0868794e-08,2.3023364e-07,0.005201
8285,1,1,0.7889614600820257,0.99999475,0.9999213,0.79394656
8286,0,0,0.3381990710599248,0.9944393,0.9999962,0.34626684
8287,1,1,0.9512328675264365,0.99999976,0.99999845,0.94892114
8288,0,1,0.2163204351125324,0.68919575,0.24634427,0.2165022
8289,0,1,0.5870885404194068,0.9990054,0.99719465,0.5829745
8290,0,1,0.005208181163475657,1.8627018e-08,9.222785e-09,0.005123717
8291,0,1,0.03790548932860266,3.4225966e-05,3.3305794e-06,0.038614463
8292,0,1,0.0034680727835904976,4.7583367e-08,6.711917e-08,0.0038578496
8293,0,1,0.26967623799655543,0.92875993,0.54222536,0.26587638
8294,1,1,0.9999999999999392,1.0,1.0,1.0
8295,0,0,0.003360956287483011,1.01884226e-08,2.0081563e-07,0.003104811
8296,0,1,0.01918829484714364,6.4256807e-07,1.9811203e-07,0.017795336
8297,0,1,0.4703204219530356,0.9996016,0.9991246,0.49220383
8298,0,0,0.00602258900280067,4.19507e-08,9.702346e-07,0.006147032
8299,1,0,0.32018534447795566,0.9379382,0.9999908,0.32558942
8300,0,0,0.014912179126633411,0.0032112324,0.10056418,0.017930456
8301,1,1,0.7898177073836958,0.99999905,0.99999726,0.7913502
8302,0,0,0.00707332156820794,3.999789e-08,1.1786854e-06,0.007860279
8303,0,1,0.026933210022364786,4.6230176e-05,1.25656925e-05,0.025724078
8304,1,1,0.9703721965862441,1.0,1.0,0.9682587
8305,0,1,0.08384642010471985,0.0029988037,0.0001912248,0.08257497
8306,1,1,0.2646543352149609,0.8938529,0.54306215,0.26554993
8307,1,1,0.4631346040567052,0.9976459,0.98946965,0.4619793
8308,0,1,0.05129352732043768,0.0030725086,0.0035278108,0.058416184
8309,0,1,0.07478496810449436,0.0280346,0.013683144,0.08346864
8310,0,1,0.0993673231902547,0.0002637068,1.23615055e-05,0.097172685
8311,0,1,0.7661212810523846,0.9999999,0.9999999,0.7724557
8312,0,1,0.9291904279234271,1.0,1.0,0.9264518
8313,0,0,0.32940068214795215,0.9901529,0.9998627,0.31968677
8314,0,1,0.2111648721190461,0.19135049,0.06086273,0.20691182
8315,1,1,0.36607503492893584,0.9962012,0.98518664,0.36760312
8316,0,1,0.008181580635397222,5.207764e-06,2.1265216e-06,0.008952814
8317,0,1,0.00883885523121753,3.6176264e-06,7.8629574e-07,0.0100311665
8318,1,1,0.5672793171509095,0.99970096,0.9992367,0.57272345
8319,0,1,0.10141371112553416,0.00060757133,1.1732153e-05,0.10247374
8320,0,1,0.11668934155826656,0.032542374,0.011693451,0.11018091
8321,1,1,0.9566237798980579,1.0,0.9999999,0.95158064
8322,0,1,0.2732588423087286,0.62390023,0.26416636,0.2734433
8323,0,1,0.07249009804386908,0.01858222,0.024243686,0.074067466
8324,0,1,0.2651057148807643,0.7778963,0.49506354,0.26633874
8325,1,0,0.04479960861280609,0.016560374,0.011718727,0.079645224
8326,1,1,0.6536341815656581,0.9998814,0.99971324,0.64950085
8327,0,1,0.015272117123426283,9.311769e-05,3.252319e-05,0.016533805
8328,0,1,0.5901785838999178,0.99975413,0.997738,0.59008896
8329,1,1,0.9054103858946441,0.99998343,0.99987376,0.89292765
8330,0,0,0.011123342848494422,5.7116488e-08,1.8975219e-07,0.011131163
8331,0,0,0.048399665961051205,0.00054334226,0.042381685,0.049889248
8332,1,1,0.9941671750430158,1.0,1.0,0.9932473
8333,0,0,0.007226380650504472,2.1290342e-08,3.3403307e-07,0.0070651374
8334,0,0,0.0042792675472506075,1.1944501e-09,7.428947e-08,0.00432344
8335,0,1,0.3515830863611286,0.985724,0.94502854,0.3651882
8336,0,1,0.08625107495493137,0.0062751784,0.002035152,0.08600602
8337,0,1,0.10416977773303235,0.026981344,0.024837982,0.10272444
8338,1,1,0.29487931511254645,0.992733,0.9835771,0.29388383
8339,0,1,0.38144411506142867,0.98628455,0.94448715,0.38141146
8340,0,1,0.10948429943992621,0.0007709181,1.35784485e-05,0.11122022
8341,0,0,0.005146069771610477,1.5136267e-08,6.999852e-07,0.0052377507
8342,1,0,0.30282039112477155,0.86116683,0.98344344,0.3058481
8343,0,0,0.07763007016120665,0.000650336,0.72116685,0.07800879
8344,0,0,0.10777328239716844,0.018621676,0.45308384,0.10692685
8345,0,1,0.24374086387374883,0.627994,0.22997811,0.24306554
8346,0,1,0.002391648216409182,1.00063034e-10,2.306768e-12,0.0027935079
8347,0,1,0.2680516871885066,0.81412154,0.5001567,0.2683404
8348,0,1,0.175579506091484,0.22314076,0.07610493,0.18334919
8349,0,0,0.1878443987844711,0.36331326,0.9994893,0.17619517
8350,0,1,0.008779499601721303,4.4891138e-08,7.022014e-09,0.009017704
8351,0,1,0.019703900333028698,0.000417793,0.00020017488,0.022563705
8352,0,1,0.0020380995728541437,2.696466e-10,1.2268773e-10,0.0023498524
8353,1,1,0.896619034264853,1.0,0.99999905,0.8993336
8354,1,1,0.7096905602382985,0.99998736,0.99997437,0.7166079
8355,0,1,0.678767551554578,0.9999572,0.9998405,0.67894524
8356,0,0,0.0057953777794959235,6.78845e-07,1.379663e-05,0.0066793826
8357,0,1,0.5505509000668826,0.99999666,0.99999547,0.53842866
8358,0,1,0.26557886128780067,0.8581504,0.68041444,0.27616176
8359,1,1,0.5378626279736869,0.99949706,0.99844044,0.53493375
8360,0,0,0.06848687393447565,0.004028657,0.08056224,0.07120278
8361,0,0,0.3680976750195428,0.99219817,0.9999989,0.3525274
8362,1,1,0.4832281850418167,0.96553314,0.8854171,0.4774369
8363,0,0,0.002087091654449134,4.820433e-09,1.4227201e-07,0.0025991076
8364,0,1,0.4901764490961,0.99976224,0.99954027,0.4881149
8365,1,0,0.05372597853222176,0.002186348,0.054026853,0.055555757
8366,0,1,0.294868416599126,0.7880657,0.56542027,0.29155645
8367,0,1,0.26657585840157066,0.64996547,0.24453862,0.26683247
8368,0,1,0.4925426262260103,0.9947818,0.93119895,0.5068662
8369,1,1,0.8539558258318846,0.9999999,0.99999964,0.8535835
8370,0,1,0.003915287772108011,1.0904827e-07,1.1154186e-08,0.0043163598
8371,0,1,0.047681171423724425,8.2007726e-05,2.4693918e-06,0.04376795
8372,0,1,0.0037899674786364087,3.255743e-10,7.393483e-11,0.003425724
8373,0,0,0.0006121972691085881,1.7631837e-12,1.2077458e-10,0.00074221386
8374,0,0,0.003394894739769649,1.813785e-10,7.4242085e-10,0.0019473842
8375,0,1,0.13486260736784544,0.0234788,0.005653198,0.13572179
8376,1,1,0.17082573490791172,0.29641235,0.00860455,0.16697371
8377,1,1,0.9386874770850687,0.9999982,0.9999846,0.93315446
8378,0,1,0.030249080172705507,2.3684699e-05,5.1762627e-06,0.031538367
8379,1,1,0.9634131299989647,0.9999639,0.9976158,0.95826536
8380,1,1,0.1477321791984039,0.22462721,0.058514494,0.14495786
8381,0,1,0.0050603714166958325,1.9635128e-07,2.1200286e-07,0.006147795
8382,1,1,0.47231580009127205,0.99839264,0.99545455,0.4670509
8383,0,1,0.4417962147154888,0.99248266,0.922875,0.4426708
8384,0,1,0.25949138655584253,0.97495985,0.792369,0.25408652
8385,0,1,0.0015994624392311177,1.3006308e-12,1.8999493e-14,0.0015014753
8386,1,1,0.765132774803432,0.9999989,0.99999857,0.7658048
8387,0,0,0.02191608419657959,1.569302e-05,0.00021643651,0.0222793
8388,1,1,0.24817054982428766,0.8161038,0.37451476,0.24026868
8389,1,1,0.24403369647150452,0.9819655,0.9096237,0.24404772
8390,0,1,0.5377361573521108,0.99884593,0.9958537,0.54192895
8391,0,0,0.05772373037819561,0.63524246,0.9841367,0.098417915
8392,0,1,0.2683118119141425,0.6805245,0.34644967,0.2844074
8393,1,1,0.662129777094332,0.99988997,0.9996587,0.660269
8394,0,0,0.010449678273723393,0.00024559276,0.0018332317,0.018887466
8395,0,0,0.0038723608155404074,1.1872357e-10,9.094514e-09,0.003806206
8396,0,0,0.013151772787897116,1.8685348e-07,3.0540748e-06,0.013402518
8397,0,0,0.0035541519207885923,2.524622e-09,1.1461927e-08,0.004494495
8398,1,1,0.4413034363341201,0.9969607,0.9830594,0.43367317
8399,0,1,0.02345024203309055,2.2522875e-06,7.1755665e-07,0.022326525
8400,0,0,0.001305778326052738,2.9715813e-11,2.603127e-10,0.0014800562
8401,0,0,0.057569422586332124,8.852541e-05,0.0014743711,0.05713247
8402,1,1,0.4488265175749331,0.99957055,0.9990095,0.467665
8403,1,1,0.7630202602608394,0.999995,0.99993,0.7778075
8404,1,1,0.6010883271658007,0.9993886,0.9983494,0.5972647
8405,0,1,0.015923246704996785,5.383876e-05,1.57892e-05,0.019850941
8406,0,1,0.27918823109321705,0.70115423,0.30987778,0.28011107
8407,0,1,0.0719575369991126,0.004774144,0.0022429265,0.06712278
8408,0,1,0.0049948203989805436,3.5294653e-07,9.687363e-08,0.005960673
8409,0,1,0.31598130144233844,0.93508446,0.77979237,0.33311692
8410,0,1,0.03196339640532433,0.00028994956,1.4282944e-05,0.030517602
8411,0,1,0.029992847934938362,0.007290723,0.0004820218,0.05026945
8412,0,1,0.24066851691691935,0.39592937,0.09857007,0.24116194
8413,1,0,0.9756258899359359,0.9998374,0.999851,0.9707874
8414,0,0,0.1623435713988344,0.22636324,0.9363451,0.16812217
8415,0,1,0.3108527614067194,0.96009326,0.8820659,0.3127893
8416,0,0,0.03144251660913822,0.00024020643,0.008355439,0.030018937
8417,0,1,0.12299459424344973,0.04392908,0.015695965,0.12414137
8418,0,1,0.10672135716557861,0.028606694,0.008685563,0.101987936
8419,0,1,0.18315317776287707,0.10815839,0.04286849,0.18035595
8420,0,0,0.0007031044120526675,1.338794e-11,9.9793895e-11,0.00105051
8421,0,1,0.24598053523263447,0.34090325,0.020623522,0.23388773
8422,0,1,0.043318439748736226,0.017612655,0.0081060855,0.049732078
8423,0,0,0.14549416783234437,0.49131426,0.9996568,0.19003394
8424,0,1,0.7645691010325333,0.9999969,0.9999919,0.7661294
8425,0,0,0.010105379551528708,0.00020238846,0.0018628007,0.01897743
8426,0,1,0.5816529208142899,0.99946976,0.99821657,0.5831487
8427,1,1,0.4588931989891984,0.9872267,0.95126355,0.4638822
8428,0,1,0.10149387437745347,0.023945574,0.0044499254,0.10163474
8429,1,1,0.33642942064286274,0.52053845,0.027141826,0.34273094
8430,0,1,0.02813283297072576,0.00833566,0.0045134956,0.03218685
8431,1,1,0.8534260437903382,0.99991465,0.9993875,0.8332092
8432,0,1,0.1638828412281044,0.11485861,0.019296791,0.16638227
8433,0,1,0.020130649958736774,8.3911555e-06,3.4233264e-07,0.019300295
8434,1,1,0.367479052385149,0.98592514,0.9705935,0.36913288
8435,0,1,0.0009900297608829922,1.0106633e-11,5.421942e-12,0.0011324758
8436,1,1,0.11127596614023301,0.0108780535,0.0014974374,0.113077715
8437,0,0,0.009377017693408735,6.809701e-05,0.00062984385,0.016118892
8438,1,1,0.7179149049462776,0.99998474,0.99997914,0.71586156
8439,0,0,0.005019743292925028,8.692791e-07,3.5767677e-08,0.0061030933
8440,0,1,0.008046760399663639,1.3497063e-06,4.271334e-07,0.009491629
8441,1,1,0.5425908438957926,0.9990188,0.98978454,0.5602431
8442,0,0,0.07477050871422221,0.032869305,0.80611116,0.07986877
8443,0,0,0.026560163004206366,3.9752078e-05,0.0019845455,0.025598008
8444,0,1,0.07680056653355206,0.0074958056,0.0018773226,0.0736796
8445,0,1,0.007014016309524734,2.7899711e-08,5.7534897e-09,0.0076746
8446,0,0,0.0013417016947185982,3.3527005e-08,5.9879767e-07,0.0024830585
8447,0,0,0.00999300223488234,7.495528e-07,1.01156265e-05,0.011993081
8448,0,1,0.19224025137469022,0.86788243,0.39043424,0.18876715
8449,0,1,0.3648649187971446,0.9350334,0.6998285,0.36697462
8450,0,1,0.26599278213647526,0.8245213,0.47688347,0.26583296
8451,0,1,0.332267829407888,0.99391866,0.98276824,0.3352039
8452,0,1,0.6865084616102125,0.9999994,0.9999995,0.68535703
8453,0,1,0.2546597707749763,0.94225967,0.5006924,0.2612598
8454,0,0,0.08406339074558625,0.0018583412,0.103956185,0.075569965
8455,1,0,0.66407399125871,0.99999404,1.0,0.65445805
8456,0,0,0.01342276778810439,2.5089028e-07,9.879388e-06,0.013116098
8457,0,1,0.025122906858823454,6.27757e-06,1.0582328e-06,0.024073407
8458,0,0,0.0017404423832740315,2.4006586e-09,4.909635e-08,0.0021289336
8459,0,1,0.011341367794802517,5.6581433e-07,3.7391953e-07,0.010972263
8460,0,1,0.364005353337103,0.9698935,0.9339403,0.35957614
8461,0,0,0.04897314859060816,0.0043646963,0.10902626,0.052005213
8462,0,1,0.003394768187564963,3.3504822e-08,2.8059264e-09,0.003724146
8463,0,1,0.014425162560284557,0.002049962,8.089802e-07,0.01739643
8464,1,1,0.944056958635706,0.99999976,0.9999988,0.9402652
8465,0,0,0.13595340955178747,0.013977395,0.9520857,0.13377784
8466,1,1,0.2818208448120799,0.8683146,0.5723711,0.2806739
8467,1,1,0.5574496934732793,0.9994805,0.99830365,0.5628018
8468,0,1,0.20646751069609634,0.7334438,0.3928618,0.20683514
8469,0,0,0.014471148005957843,6.132397e-06,9.5470255e-05,0.014471879
8470,0,1,0.5869965715068026,0.9960998,0.9940188,0.58483845
8471,0,1,0.013151319894858978,1.3002251e-06,7.470709e-08,0.012191823
8472,0,0,0.005451757849198058,1.2492977e-08,1.2942297e-07,0.0054525705
8473,0,0,0.02304473308780363,5.9381113e-05,0.002199819,0.022941288
8474,0,1,0.5672219793256132,0.9987367,0.9953139,0.57042706
8475,0,1,0.02897330744282163,0.0048405332,0.00041210136,0.03411037
8476,0,0,0.19381992120558594,0.5456899,0.98170865,0.19649373
8477,1,1,0.7638945514770636,0.999997,0.9999918,0.76638633
8478,0,1,0.1807954791250328,0.31071544,0.11856615,0.18930718
8479,1,1,0.376645352208521,0.97567356,0.86319405,0.37374413
8480,0,0,0.023308965361377647,1.2677766e-05,0.00042004173,0.02543028
8481,0,0,0.612703627779802,0.98928684,0.99999344,0.60365945
8482,0,0,0.021335087434508335,1.486464e-05,7.573283e-05,0.021594604
8483,0,1,0.7040524542760324,0.9999931,0.9999881,0.7083773
8484,0,1,0.4309155971532332,0.9970701,0.992576,0.43353269
8485,0,1,0.0009754412522474886,1.1831909e-11,1.4119049e-12,0.0011394781
8486,0,0,0.024218112480685994,2.1671053e-06,5.0036157e-05,0.024301793
8487,1,1,0.22998022253637848,0.632357,0.33799285,0.23996413
8488,1,1,0.25235600566265803,0.5097438,0.28962448,0.24783999
8489,0,1,0.009494172098098805,3.981345e-09,8.25755e-11,0.008927296
8490,0,1,0.007499879103224236,4.811303e-09,2.8136005e-09,0.007247409
8491,0,0,0.012170125350428529,3.9944604e-07,9.436983e-06,0.012986506
8492,1,1,0.6251904688503954,0.9999026,0.99967664,0.6271478
8493,0,1,0.3747502797356704,0.9692611,0.8922364,0.3698215
8494,0,1,0.0937994391095294,0.0020306015,0.0014073518,0.0942743
8495,0,1,0.1383504310382094,0.09683811,0.017084029,0.14138995
8496,0,1,0.23606586204272337,0.08825464,0.026431039,0.23280731
8497,0,0,0.03014467812227108,0.9945145,0.9623439,0.039319046
8498,0,0,0.038092895773993656,0.00021550513,0.0047873477,0.037881583
8499,1,1,0.5948622655940894,0.99983585,0.9994516,0.5929532
8500,0,1,0.3044296767808109,0.9944236,0.97669685,0.36381724
8501,1,1,0.6118310554558316,0.99978447,0.9995929,0.6091552
8502,1,1,0.9393586584021324,0.9999995,0.9999988,0.93582684
8503,1,0,0.5964891669815751,0.9999161,1.0,0.5867207
8504,0,1,0.02791483990703366,7.5575124e-05,1.1410217e-05,0.027029712
8505,0,1,0.07526322669557917,0.0026363865,0.00014185433,0.0793607
8506,0,1,0.06664779071173235,0.00011918417,5.202966e-05,0.0615053
8507,0,1,0.020816888645854188,1.4876206e-06,9.612054e-07,0.020352993
8508,0,1,0.001095636071986978,1.0156161e-11,4.6796976e-12,0.0012557112
8509,0,1,0.3137515171341523,0.90122056,0.67666614,0.3154232
8510,0,1,0.023409632929461043,0.0001664995,0.00039005038,0.021966686
8511,0,0,0.05398683476703196,0.0016737888,0.031589106,0.056175787
8512,1,1,0.7044534081682404,0.99998057,0.9999442,0.70605665
8513,0,0,0.018540835060504333,0.00011659581,0.005751956,0.021706033
8514,1,1,0.6486593606505027,0.99957687,0.9986345,0.63949955
8515,0,0,0.07933848995493722,0.10178995,0.92397535,0.076310456
8516,0,1,0.14176920349319583,0.11739534,0.0077001997,0.13830751
8517,0,1,0.013981892440265684,1.2483972e-06,8.3795464e-07,0.013582189
8518,0,0,0.0046866544126741875,6.173194e-09,4.6437458e-07,0.0047280528
8519,0,0,0.015028992859174788,3.4823042e-06,0.00014032547,0.014408016
8520,0,1,0.18157230646991568,0.2685367,0.09958784,0.18948157
8521,0,0,0.007983737505199314,1.6977901e-07,2.724487e-06,0.007801015
8522,0,1,0.786097441837682,0.99999475,0.9999229,0.79001844
8523,0,0,0.0030077019963767695,2.6257387e-08,3.5126257e-07,0.0035893875
8524,0,1,0.29087018155507854,0.81960464,0.45492086,0.2908878
8525,1,1,0.7708024291440008,0.99997103,0.9991694,0.77311355
8526,1,1,0.7550709012362441,0.9999157,0.99397624,0.761528
8527,0,1,0.10294954544421202,0.0047061853,0.0010412318,0.09547814
8528,0,0,0.030804236501969756,0.00024940915,0.0036891848,0.031154215
8529,0,1,0.16073802383581987,0.14495519,0.04373154,0.16870233
8530,0,1,0.0643100898233369,0.029433679,0.020094857,0.06326324
8531,0,1,0.3805024995821482,0.994885,0.97713757,0.3775314
8532,0,0,0.05286378412173554,0.00010265673,0.0021662991,0.03139114
8533,1,1,0.21248670606263437,0.5475632,0.31379095,0.22103159
8534,0,1,0.04391665749086552,0.000115153984,3.8875023e-06,0.043931067
8535,0,0,0.006274367351560128,4.4158904e-05,0.00025501396,0.010824114
8536,0,1,0.026542062912371062,0.00023416796,4.5528584e-05,0.031185504
8537,0,1,0.22097237021245414,0.7821766,0.77222335,0.2272429
8538,0,0,0.3225109582960799,0.94801235,0.9998944,0.3345766
8539,0,0,0.028858919118317655,9.415292e-06,0.00016019442,0.027335225
8540,0,1,0.0026137763140586814,9.700763e-09,5.3092136e-10,0.0028823551
8541,0,1,0.17616743129882326,0.68864626,0.40775752,0.18168516
8542,1,1,0.6601658902692163,0.99964964,0.9987186,0.65427047
8543,0,1,0.3450153370451581,0.66685873,0.5404565,0.3421789
8544,0,1,0.23096701388290294,0.9253848,0.7129626,0.23838295
8545,1,1,0.655111002736311,0.9999169,0.9997626,0.6509784
8546,0,1,0.0734626124356146,0.0007769646,0.00040209788,0.074866705
8547,1,1,0.34974132485899745,0.9807561,0.9537972,0.34377372
8548,0,0,0.005881409012276473,5.2231575e-09,1.7409204e-07,0.006181344
8549,0,1,0.31734560352609426,0.9619851,0.8978958,0.3257627
8550,0,1,0.01506838767285265,5.077049e-05,4.424195e-06,0.018696131
8551,0,0,0.004943726933364082,1.5361556e-08,2.2466584e-06,0.0046943887
8552,1,1,0.667301842790555,0.99993706,0.99985576,0.6640115
8553,0,1,0.05778130329857364,0.001493251,0.00035730872,0.056500863
8554,0,1,0.17050603697746136,0.17451555,0.05765448,0.17815167
8555,1,1,0.3358781802413347,0.9367634,0.80411446,0.33737457
8556,0,1,0.02624512110297899,3.6397705e-07,5.0908384e-09,0.026194572
8557,1,1,0.5922112036020746,0.99982965,0.99949825,0.59768116
8558,0,0,0.0054810601504207595,1.804174e-08,9.467776e-08,0.0053762156
8559,0,1,0.05274839407325047,0.005472647,0.003146225,0.049871936
8560,1,1,0.954265741457503,1.0,1.0,0.95597404
8561,1,1,0.6116331559419566,0.99940825,0.9910229,0.61548156
8562,0,1,0.005637056006993301,1.2170975e-06,5.288485e-07,0.006784506
8563,1,1,0.7142616774545936,0.99999833,0.99999464,0.7113656
8564,0,0,0.004245077989126691,1.5913633e-06,1.662608e-05,0.005012448
8565,0,1,0.3183195102953683,0.9314109,0.7099698,0.31805596
8566,1,1,0.9043469477162095,0.9999999,0.99999833,0.9067295
8567,1,1,0.999055550175422,1.0,1.0,0.99896705
8568,0,1,0.029711668161210406,0.0002357008,0.000118264004,0.030054001
8569,0,1,0.23542270440987537,0.56441104,0.17749289,0.23484789
8570,0,0,0.008217764800657959,7.3987974e-07,1.0429686e-06,0.010436755
8571,0,0,0.03315918534008298,7.83786e-05,0.0025490883,0.037906695
8572,0,1,0.2821722927964509,0.8706541,0.5992161,0.28196555
8573,1,1,0.8328468349510526,0.99999857,0.99999297,0.833919
8574,1,1,0.5744151836721935,0.9987859,0.99631435,0.5707956
8575,0,0,0.0027646100967757795,6.159154e-08,6.4222954e-06,0.0033609166
8576,1,1,0.4535776719999723,0.98632205,0.7708318,0.4479803
8577,0,1,0.005146882218137007,1.4768082e-07,6.360208e-08,0.00618912
8578,0,1,0.10472226294965692,0.016765686,0.008289857,0.098359995
8579,0,1,0.003901612755086705,9.115426e-08,1.0134909e-08,0.0043013724
8580,0,1,0.024829012595950543,0.00031196972,3.4737222e-05,0.022931091
8581,1,0,0.490072671959678,0.9985164,0.99999917,0.48069343
8582,0,0,0.04591692946376176,0.00066892547,0.030047093,0.047822718
8583,0,0,0.09523458456577859,0.0023060313,0.03119585,0.09545259
8584,0,1,0.3786164749212035,0.9438936,0.7199016,0.37924746
8585,0,1,0.0023612606033575293,3.7875417e-10,2.7865968e-10,0.0027180314
8586,0,1,0.03662530875232001,0.00013287383,5.7598286e-06,0.035075676
8587,0,1,0.004491701372267558,1.148721e-07,2.655454e-08,0.005130374
8588,0,0,0.0010382490989548796,1.6820254e-11,9.98543e-10,0.0012512244
8589,0,1,0.2159994959772513,0.63123083,0.3939081,0.22517277
8590,0,0,0.024804814683043467,5.691584e-07,1.793753e-05,0.023049282
8591,0,1,0.0035352088598321163,7.4664065e-08,5.481491e-09,0.0038923335
8592,1,1,0.7693639604288806,0.99996006,0.9997228,0.77329546
8593,1,1,0.612349615891949,0.999998,0.99999774,0.63351595
8594,0,1,0.24269282684215263,0.8514561,0.5921582,0.29137155
8595,0,1,0.009675154567224448,5.7666267e-07,1.6317556e-07,0.009042608
8596,0,0,0.0061916231525774796,3.682106e-06,8.671603e-05,0.0068660895
8597,1,1,0.23076999151361616,0.6927995,0.41705063,0.22211659
8598,0,1,0.09417621026231711,0.00410011,0.00017763772,0.0918083
8599,0,1,0.15168745534180417,0.47144789,0.0880321,0.15100764
8600,0,0,0.03389960603604064,0.0005940546,0.009613424,0.034384027
8601,0,0,0.0025638087090733602,3.0910436e-09,1.4118458e-08,0.00305027
8602,1,1,0.6288045603583633,0.9996507,0.9985664,0.62155104
8603,0,1,0.016716344727193033,0.00027758494,6.7003944e-05,0.018418977
8604,1,1,0.783205952703991,0.9999989,0.99999607,0.77950716
8605,0,0,0.015391973416340111,9.658268e-06,0.00037010352,0.015475224
8606,0,1,0.27954828398825804,0.9507405,0.89085644,0.28904146
8607,0,0,0.0042680135683340475,6.9955547e-07,1.6914237e-05,0.004914403
8608,0,1,0.28966321216183805,0.8873755,0.6629728,0.28361735
8609,0,1,0.06720880260959966,0.00039257683,5.7288355e-05,0.06422488
8610,1,1,0.9183014293520623,0.999997,0.9999765,0.91233605
8611,0,1,0.013204841923662803,4.054374e-05,2.1105538e-05,0.015164838
8612,1,1,0.7920987462542795,0.9999964,0.99999213,0.7866043
8613,1,1,0.6197227787779223,0.9998784,0.99966925,0.62288314
8614,0,0,0.005330475702928343,3.190546e-08,2.0109749e-06,0.005210809
8615,0,0,0.01652266531795891,3.3259268e-05,0.00018694738,0.016569423
8616,0,0,0.0014444568524412556,6.3598504e-10,9.535169e-09,0.0017987345
8617,1,1,0.6668415197715194,0.9997996,0.9941164,0.66586894
8618,1,1,0.4380070378057109,0.99951816,0.9949042,0.4409374
8619,0,0,0.018378305272608517,8.750617e-06,0.00013762969,0.018491745
8620,1,1,0.3850833567984241,0.9159978,0.6382569,0.38335258
8621,1,0,0.7598729768149834,0.9999963,1.0,0.7583181
8622,0,1,0.2865621390766363,0.95624536,0.88006586,0.26643586
8623,1,1,0.9972753133237559,1.0,1.0,0.9969585
8624,0,1,0.1263392745192296,0.0032004444,6.0538838e-05,0.12608713
8625,0,1,0.16529478974748307,0.09990327,0.037316024,0.17280379
8626,0,0,0.02827128075427308,2.782694e-05,0.00048793334,0.025300428
8627,0,0,0.0491520201652666,0.0015693108,0.04621838,0.048679553
8628,0,0,0.03661411253346665,0.00027299035,0.006927253,0.037627686
8629,1,1,0.3963948870181763,0.9684364,0.9159105,0.39016366
8630,1,1,0.9531878407152442,1.0,1.0,0.94949746
8631,0,1,0.010725717972818074,6.381217e-08,1.4062101e-08,0.009876274
8632,0,0,0.004821166193649647,5.10718e-07,1.40748725e-05,0.0057395617
8633,0,0,0.002238581608070117,9.139478e-10,2.2803723e-08,0.002539968
8634,1,1,0.26377324796093454,0.83288544,0.43882856,0.2628599
8635,0,0,0.055098256845136126,0.0010078897,0.035158366,0.05411217
8636,0,1,0.019577189013849552,9.53994e-06,2.348707e-06,0.018639168
8637,1,1,0.9970389478439197,1.0,1.0,0.9967187
8638,1,1,0.5287809106745093,0.99499476,0.975915,0.52418005
8639,0,1,0.36045282063943374,0.9940475,0.98882955,0.35424566
8640,0,1,0.19969283678533947,0.5891999,0.4912668,0.19122396
8641,0,0,0.06977203918649591,0.009420448,0.13163441,0.07473757
8642,0,1,0.07536352431921955,0.001394091,0.00023554757,0.075141184
8643,0,1,0.32670981370078345,0.94809693,0.7907619,0.32724187
8644,0,0,0.0035941267067667463,1.1701727e-09,5.8045163e-08,0.0037451733
8645,0,1,0.678083362206118,0.9997274,0.9989459,0.6768032
8646,0,1,0.14143595632980602,0.039945416,0.010746324,0.1482942
8647,0,0,0.008639223069400737,2.0638925e-08,3.0447814e-07,0.008905136
8648,0,1,0.022262296040407047,1.3163638e-06,1.0448397e-07,0.023026299
8649,0,1,0.1649908243112363,0.9785724,0.9533534,0.16439664
8650,0,0,0.0033147656796052426,2.3225871e-08,5.606995e-07,0.0039651543
8651,1,1,0.9712276081246071,1.0,1.0,0.97226
8652,0,0,0.0033112525334406478,2.463549e-09,2.0999627e-07,0.0032137686
8653,0,1,0.008614473431970856,6.3863095e-06,1.0613405e-06,0.009870615
8654,1,0,0.2176342508970838,0.97162104,0.9995877,0.21586153
8655,1,1,0.1635210267714587,0.74966234,0.4971074,0.17877947
8656,0,1,0.19116295831782956,0.03329649,0.0048425687,0.19655101
8657,0,0,0.09256659593561331,0.0913728,0.9105723,0.09437943
8658,0,0,0.010401544560645877,7.962551e-06,0.00032092733,0.012529821
8659,0,0,0.005954964181139042,6.3006944e-08,4.652669e-07,0.006094653
8660,0,1,0.006378554622146904,2.600019e-07,1.4134994e-07,0.006951339
8661,0,1,0.16229380176020664,0.09747587,0.035127625,0.15912326
8662,0,0,0.010311204043231274,4.4367593e-07,2.447182e-05,0.010528599
8663,1,1,0.3853554139544602,0.9969054,0.98794204,0.38480136
8664,0,1,0.09370864115714496,0.00037666285,7.2086173e-06,0.09321203
8665,1,1,0.3009612058027503,0.9824469,0.8790201,0.3025763
8666,0,1,0.027284195182490204,1.2694885e-05,4.3617897e-06,0.025328573
8667,1,1,0.16071222201135615,0.28460574,0.16079877,0.15168236
8668,0,1,0.07200640569338376,0.00011444746,2.4843487e-06,0.07344111
8669,0,1,0.08099264543879237,0.0019173404,0.00042461714,0.07841077
8670,1,0,0.022446222952966832,0.0005793298,0.02784952,0.026210159
8671,1,1,0.8019257171558025,0.9999989,0.9999969,0.8048832
8672,0,1,0.2036008091033287,0.5605301,0.31596932,0.20594929
8673,1,1,0.7115143706595277,0.999998,0.99999666,0.7168807
8674,0,1,0.0020944047666583516,1.5612253e-11,4.974386e-14,0.0019279381
8675,1,0,0.24835480087499973,0.98155314,0.9995097,0.2474409
8676,0,0,0.001328418023202969,2.558343e-11,2.4381414e-10,0.0015017835
8677,1,0,0.024629148593494264,8.497615e-06,0.00059585954,0.024798183
8678,0,0,0.016842504200312483,2.8160907e-06,3.3590353e-05,0.016438244
8679,1,1,0.6867167151282396,0.9999305,0.9997216,0.6881446
8680,0,1,0.32898462521692806,0.9770362,0.9620247,0.3271313
8681,1,1,0.28605071220177425,0.85325634,0.62817323,0.28453702
8682,0,1,0.328741927901099,0.94139713,0.78819305,0.32925028
8683,0,1,0.7141094473730039,0.99999154,0.9999808,0.71145874
8684,0,1,0.00909484683554285,2.499432e-06,6.0495137e-07,0.010892393
8685,0,1,0.025439385580382886,9.573388e-06,2.8725644e-06,0.022894971
8686,1,1,0.9336995546041608,0.99999976,0.99999857,0.92962384
8687,0,0,0.029835621851459163,4.0891696e-06,0.00034642793,0.029623697
8688,0,0,0.022773691108013708,1.7940993e-06,3.5398156e-05,0.022318304
8689,1,1,0.6624213452559099,0.9999187,0.9998956,0.6658158
8690,0,0,0.0034752956563775957,1.4650174e-10,2.8621523e-09,0.0033031036
8691,1,1,0.29732132570962316,0.8908065,0.7256203,0.29864442
8692,1,1,0.7406621418628242,0.9999927,0.99997616,0.742967
8693,0,0,0.020237721907792945,1.1009506e-05,0.000102851125,0.021725424
8694,1,1,0.383105441400779,0.99511635,0.99082595,0.36854586
8695,0,1,0.0033546746154615764,6.2520367e-10,1.3722695e-10,0.0036910814
8696,0,1,0.013980887170027134,6.0433026e-06,9.4988377e-07,0.012296552
8697,0,1,0.08312063508529993,0.005624941,0.001233416,0.09059153
8698,0,1,0.17829906103546198,0.58318156,0.22538495,0.18302035
8699,0,1,0.14819727186276838,0.49900633,0.3468777,0.14553346
8700,0,1,0.08420569261890133,0.009751675,0.0012875943,0.08253071
8701,1,0,0.7824324337649486,0.999997,1.0,0.78060335
8702,1,1,0.3495178646972635,0.99258083,0.98427236,0.36236006
8703,1,1,0.49137495224242744,0.9888875,0.9777614,0.49162322
8704,0,0,0.006298900490943896,3.9618552e-08,3.139239e-06,0.00576517
8705,0,0,0.038387210716145224,0.0016035304,0.036299516,0.038441613
8706,0,1,0.6939010910497517,0.99996006,0.9999207,0.69031996
8707,0,1,0.033259336086767205,8.229547e-06,6.238866e-06,0.029049773
8708,1,1,0.29272164391714556,0.8125619,0.45981222,0.29271805
8709,0,1,0.5706514077471414,0.9993469,0.9964123,0.56328
8710,0,0,0.004796690766964161,6.2796026e-08,4.2730287e-07,0.0060779424
8711,0,1,0.0009065222869446752,1.160669e-11,7.484657e-12,0.0010364694
8712,0,1,0.3761389899371402,0.95997137,0.8717833,0.3787506
8713,0,0,0.01911889018683519,4.62813e-05,0.00078076805,0.019911831
8714,0,0,0.06854162110141883,0.0006620826,0.011608611,0.06960384
8715,0,0,0.0013732583082039613,7.3265644e-11,7.205376e-10,0.001615956
8716,0,0,0.014841131224278659,2.675766e-07,3.782193e-06,0.0149605
8717,0,1,0.17033634467477182,0.13133289,0.049793027,0.17797261
8718,1,0,0.5954269126538714,0.99971837,0.9999999,0.5971552
8719,0,1,0.20271838684809593,0.5816901,0.61000377,0.19265588
8720,0,1,0.17411374097845328,0.12626678,0.025960367,0.17436396
8721,1,1,0.7940533610551739,0.9999957,0.9999919,0.7869259
8722,0,1,0.002447222319394924,1.331309e-09,6.6613506e-11,0.0026845846
8723,0,1,0.1664763888373582,0.5092349,0.17668636,0.17198798
8724,0,0,0.4969489669034707,0.9980578,0.9999987,0.49537823
8725,0,0,0.46558556548521185,0.9999206,1.0,0.46426246
8726,0,1,0.18735372135360986,0.0033258102,0.00040373224,0.17876564
8727,0,0,0.0029550177800350052,1.2829106e-09,1.7063048e-08,0.0030788686
8728,1,1,0.26650296181386895,0.9906369,0.96186143,0.25905988
8729,0,1,0.19425254860219435,0.6717762,0.37534332,0.18861899
8730,0,0,0.16122230250401212,0.008446362,0.12255756,0.16313118
8731,0,1,0.39796678732786056,0.99416673,0.98909575,0.38261616
8732,0,1,0.0035147705604543587,3.869961e-08,6.4216046e-09,0.004193969
8733,0,1,0.10676520175926639,0.027023984,0.0014757968,0.10378335
8734,0,0,0.001654948065930821,6.7495796e-09,1.6191467e-07,0.0021397683
8735,0,0,0.10313467744179741,0.023102798,0.9949974,0.09982836
8736,0,0,0.024088431633524362,4.113783e-05,0.00051557523,0.024463955
8737,0,1,0.010531448221261367,1.366726e-07,1.402113e-07,0.009719228
8738,0,1,0.0035017247174091654,5.6023502e-08,2.3214386e-09,0.003990252
8739,0,1,0.5150694196133512,0.9977616,0.967337,0.52145535
8740,0,0,0.031766367134115264,0.00019538778,0.00537489,0.031634446
8741,0,0,0.0003381393858476647,1.2282365e-12,1.1116539e-10,0.0004011312
8742,0,0,0.07150166346930217,0.0047135483,0.10918411,0.0719901
8743,1,1,0.2170981692041071,0.46074817,0.26344278,0.21865815
8744,0,1,0.023902704076162202,0.0010727879,0.00024986448,0.027541978
8745,1,1,0.9999999999999716,1.0,1.0,1.0
8746,0,1,0.28295760053763613,0.5683391,0.15467553,0.2754703
8747,0,1,0.17556473775646222,0.049249545,0.009005739,0.17766131
8748,0,1,0.12170460421939794,0.0012960975,2.2802737e-05,0.12260405
8749,0,0,0.016436150329662266,4.730705e-06,0.00014949476,0.016418273
8750,0,0,0.1417020194608094,0.2105763,0.8742492,0.14679609
8751,0,1,0.3622168713560333,0.9942513,0.97958547,0.3646821
8752,0,0,0.00032054553678780067,3.4570847e-14,3.1991914e-13,0.00039030664
8753,0,0,0.052847692077726445,0.0037246519,0.09377217,0.055372834
8754,0,1,0.22123026158040018,0.62881976,0.16588679,0.22244081
8755,1,1,0.26528356108582807,0.8635712,0.6871814,0.26334712
8756,0,0,0.002970549993032802,2.133761e-09,4.2401425e-08,0.0035224291
8757,0,1,0.048297401150821095,0.0024843402,0.0007207329,0.046033524
8758,1,1,0.33638537685545167,0.16704279,0.0026428264,0.32407793
8759,0,0,0.15619092565155357,0.08240886,0.7500491,0.15211233
8760,0,0,0.001309020345508364,3.0815056e-10,2.873526e-08,0.0015146119
8761,1,1,0.550834357131186,0.9863485,0.974171,0.552543
8762,1,0,0.5932616187874183,0.99988294,0.9999999,0.5852365
8763,0,1,0.01736131212774745,5.543966e-07,1.6821522e-07,0.015800903
8764,1,0,0.3578697434154784,0.99391115,0.99999523,0.36682352
8765,0,1,0.05171344880584098,0.0019141063,0.000294258,0.049911078
8766,0,1,0.24069487899294362,0.44204077,0.23592372,0.23716694
8767,0,0,0.0034212465749312044,1.9859197e-09,3.2615514e-08,0.0043349788
8768,1,1,0.6484183352569161,0.9996669,0.99111056,0.65349674
8769,0,0,0.012627214054627415,2.1400348e-08,1.0777207e-07,0.013297453
8770,0,1,0.1042020305190503,0.17959136,0.1490668,0.10706601
8771,0,1,0.7360793611653285,0.9998833,0.99983335,0.7328067
8772,1,1,0.4499437595699541,0.99439263,0.9741866,0.45223284
8773,0,1,0.2117277085493741,0.10508547,0.028181115,0.2084829
8774,1,1,0.6353834669174191,0.9997538,0.99943024,0.6313398
8775,0,0,0.02898805150920408,2.0794529e-05,0.00027373002,0.030892566
8776,0,1,0.006578581860194356,8.306102e-07,4.207528e-07,0.007888726
8777,0,1,0.0031261526660978436,1.4551188e-08,1.4064462e-08,0.0036236716
8778,0,1,0.02014442712526199,1.3004846e-05,5.2769865e-06,0.020952946
8779,0,0,0.009931749511931449,1.9152023e-07,3.1494196e-06,0.009886155
8780,0,0,0.004760930048330364,1.9687397e-05,0.0002445054,0.0078253085
8781,0,0,0.006292253320334988,3.9305444e-08,3.3308638e-07,0.006266864
8782,0,0,0.0003909674126263385,1.4912908e-13,6.614301e-12,0.00046716345
8783,0,0,0.003626254548893611,1.0359393e-08,2.7448843e-07,0.004325288
8784,0,0,0.007800743599725576,4.767357e-08,4.5052786e-07,0.007762944
8785,0,1,0.46902381930428017,0.8973854,0.7451485,0.47058058
8786,0,0,0.012989199025309137,6.446887e-07,4.761169e-06,0.013686252
8787,0,0,0.3939571477053316,0.936134,0.99998426,0.39083657
8788,0,0,0.1485884042867137,0.10730597,0.9986193,0.14831792
8789,0,1,0.061810530302114204,0.00035196234,8.090049e-05,0.055067737
8790,1,1,0.4121520806193926,0.9960049,0.974338,0.4142237
8791,0,0,0.026207560670760313,2.2270476e-06,0.00012734455,0.025198698
8792,1,1,0.9576249985658274,0.99999976,0.99999857,0.9506233
8793,0,1,0.0687776157756832,0.008160886,0.00894578,0.06925847
8794,0,0,0.004389242574662162,2.8055893e-09,7.5047986e-08,0.0042588795
8795,0,1,0.3244404214066824,0.96570677,0.8325172,0.32588825
8796,0,0,0.010076685426548725,2.5492675e-08,2.5197342e-06,0.00995153
8797,0,0,0.5352388600084154,0.9997834,0.9999999,0.5374685
8798,0,1,0.007848123175110133,4.129251e-06,6.5635106e-07,0.0135681415
8799,0,1,0.09397608187335607,0.32928553,0.14858042,0.09183584
8800,1,1,0.6432176561474658,0.9999505,0.9998598,0.64606386
8801,0,0,0.02085997610309342,6.732246e-05,0.0035462459,0.02190912
8802,0,0,0.014009470901066655,2.8899473e-07,3.85279e-06,0.013854537
8803,0,1,0.03953981742113549,0.00056405045,8.866127e-05,0.040783077
8804,0,0,0.0445275441968436,0.00018476922,0.0041241995,0.044738177
8805,0,1,0.02991572047955583,0.00033585183,6.036463e-05,0.02871684
8806,0,0,0.13018487199568088,0.03348673,0.7018543,0.15461716
8807,0,1,0.32985724412992085,0.9511186,0.87989104,0.32284158
8808,0,0,0.003738842523356067,2.2468275e-06,5.3956875e-08,0.0047821957
8809,0,0,0.07721930315927622,2.7386402e-06,8.868765e-05,0.02749868
8810,1,1,0.32132980303580566,0.9339045,0.8419288,0.31449464
8811,0,1,0.033424800037520824,0.00033151716,2.9532497e-05,0.030935723
8812,1,1,0.6859225081317775,0.99998033,0.9999734,0.67532843
8813,0,1,0.05199896077525325,0.004115755,0.0022773251,0.048979912
8814,0,0,0.011985597641095623,6.1006254e-08,1.9047063e-06,0.013180779
8815,0,0,0.09039724950855545,0.0055345898,0.12313106,0.09190639
8816,0,1,0.028295061813165597,1.5148913e-05,9.270552e-06,0.026985765
8817,0,1,0.2706835816828985,0.8339961,0.53405666,0.27204838
8818,0,0,0.028617573404157538,4.0339608e-05,0.0011879858,0.028272947
8819,0,1,0.005863458705022697,1.17929035e-08,2.8578648e-09,0.0054480266
8820,0,0,0.0019331715551032275,2.8081523e-10,9.9501305e-09,0.0024194575
8821,0,0,0.0037137310288750274,3.134283e-08,7.299368e-07,0.004861716
8822,1,1,0.528059540841547,0.99952406,0.99794334,0.529805
8823,0,1,0.23090383958648245,0.49828723,0.14596719,0.2303807
8824,0,1,0.6332448818357916,0.99981236,0.99953693,0.6301593
8825,0,1,0.0043690146744011825,5.175655e-09,1.10084865e-10,0.004304727
8826,0,1,0.0038425710383955852,4.0337284e-08,3.412396e-08,0.004471938
8827,0,1,0.0035871880927219155,1.2012701e-09,7.4427253e-10,0.0034624017
8828,0,1,0.0034775643369041845,2.7089543e-08,1.6295865e-09,0.0038316592
8829,1,1,0.9533378085444486,1.0,1.0,0.9524263
8830,0,1,0.12657534222107675,0.042934142,0.03640996,0.12816334
8831,0,1,0.6203276099227182,0.99981236,0.99952465,0.6190223
8832,0,1,0.06919473666274598,0.00030837863,0.00012685481,0.066744894
8833,0,1,0.4109275032983135,0.9904129,0.976713,0.41174874
8834,0,1,0.1648509585191068,0.18021668,0.09227906,0.15640697
8835,0,0,0.012057756027318086,8.0492806e-05,0.00064127916,0.021608412
8836,1,1,0.8971191178709023,0.9999999,0.9999993,0.9006415
8837,0,1,0.008663042474515742,1.187245e-05,3.70141e-06,0.009784209
8838,0,1,0.052505254378081456,0.0009873648,0.00013136683,0.05306842
8839,0,1,0.11038051300372245,0.02512604,0.0013878478,0.13733219
8840,1,1,0.9887030609619243,1.0,1.0,0.98745966
8841,1,1,0.6264414324728228,0.99981546,0.9974988,0.640816
8842,0,1,0.00268700410443249,5.345379e-13,3.036964e-16,0.0026672005
8843,1,1,0.9999999999999782,1.0,1.0,1.0
8844,1,1,0.22378944189775346,0.9078984,0.76040196,0.23014683
8845,0,0,0.009258942366754999,6.675033e-07,6.8907516e-06,0.008653655
8846,0,0,0.024980399656949186,0.00036279063,0.007482699,0.02486387
8847,0,1,0.43015098495333565,0.99812704,0.9965274,0.4241446
8848,0,0,0.00477124493082926,7.4806756e-08,2.6721987e-06,0.0064234477
8849,0,0,0.8452781946771034,0.9999987,1.0,0.8381512
8850,0,1,5.885254779992802e-05,1.0,1.0,0.00033349523
8851,0,1,0.6222879017911944,0.99946195,0.99747556,0.6245297
8852,0,1,0.1612173299016566,0.076586284,0.015312019,0.16212697
8853,0,1,0.5580906735780915,0.9879793,0.9379163,0.5491768
8854,0,1,0.2700584920669264,0.84994775,0.48920137,0.2690649
8855,1,1,0.5667526142443657,0.9984474,0.98510355,0.56192845
8856,0,0,0.020655796530586606,8.416866e-06,0.00019987354,0.022570055
8857,0,1,0.0038018422053854657,1.9783848e-09,5.7171795e-10,0.0036772476
8858,0,1,0.25349790256268007,0.7103261,0.3089299,0.25270423
8859,0,1,0.5647467109628019,0.99785465,0.99432814,0.5611989
8860,0,1,0.011258325386916505,3.4133257e-06,8.5543905e-07,0.0122077875
8861,1,0,0.1417736333316505,0.020888567,0.5982431,0.1444131
8862,0,0,0.013506708962466557,7.202694e-06,0.00020153746,0.012880166
8863,1,1,0.9999999999999785,1.0,1.0,1.0
8864,0,1,0.21705948989052712,0.77033955,0.47747982,0.21788651
8865,0,1,0.17407804067241808,0.46265444,0.173529,0.17310186
8866,0,1,0.15268917675481317,0.17765924,0.014880536,0.1446375
8867,0,0,0.00948890384655527,1.2548669e-08,4.2354714e-08,0.009324925
8868,0,0,0.0528843589300703,0.0004925193,0.021123715,0.049627624
8869,0,0,0.03026187331779831,0.00048982486,0.025145741,0.03171632
8870,0,1,0.5420659294253044,0.9963092,0.55279064,0.55376524
8871,1,1,0.7762128039893093,0.99999774,0.99999416,0.77795124
8872,0,0,0.002628026402190298,5.8865066e-08,1.2535733e-05,0.0030430094
8873,0,0,0.07467529314296181,0.013929724,0.2793671,0.07710449
8874,1,1,0.5243177955854902,0.99826103,0.9931536,0.5434211
8875,0,0,0.4865885795147912,0.99950314,0.9999999,0.552779
8876,0,1,0.0020870386027366378,9.2452055e-09,8.9046624e-11,0.0035954728
8877,1,1,0.31646886249662104,0.86187387,0.6247707,0.31620818
8878,0,1,0.2195630595065761,0.78054684,0.61644536,0.2133246
8879,0,0,0.004449122667921032,8.757004e-10,7.15287e-08,0.0044822013
8880,0,0,0.0035552755745966572,8.4186214e-10,4.7776165e-08,0.0035824312
8881,0,1,0.04540385794662826,0.00012044389,3.4868567e-06,0.04519692
8882,0,0,0.00031645498539498477,2.725657e-13,1.3424018e-11,0.00037884334
8883,0,1,0.2283443207772164,0.9288897,0.87771255,0.23001574
8884,0,1,0.9297690513213223,1.0,0.9999999,0.9329107
8885,0,0,0.06282633185500928,1.1803325e-05,0.00071126356,0.0613075
8886,1,0,0.7346339823003111,0.9935214,0.9996914,0.72063607
8887,1,1,0.4380519782793111,0.99975127,0.9991604,0.44131386
8888,0,1,0.43049194192457213,0.99901843,0.9967169,0.42905322
8889,0,1,0.002698336861224609,1.4268374e-09,1.468571e-09,0.0025459912
8890,0,1,0.3149853651674069,0.8509094,0.6155248,0.31903487
8891,0,1,0.7621345719048598,0.99999785,0.9999721,0.7655338
8892,0,0,0.21320338868946784,0.6527936,0.9994647,0.21219759
8893,0,1,0.08103527028751116,0.0046443604,0.00013766764,0.0834376
8894,0,0,0.024966187369632537,0.005818812,0.27237716,0.030445728
8895,0,0,0.0023088912655529997,2.0956906e-08,1.8039027e-07,0.0042374544
8896,0,1,0.17882728279723412,0.34153235,0.08736597,0.16274837
8897,0,0,0.00283919879788411,6.02361e-11,6.253969e-10,0.0029199077
8898,0,0,0.013979652269951093,3.3988515e-06,6.422583e-05,0.013995866
8899,0,0,0.03108287595002888,0.00021079961,0.005460535,0.03236647
8900,0,1,0.00771253875728744,1.3958734e-06,1.239081e-09,0.012958024
8901,0,1,0.156761195676936,0.17999917,0.039290506,0.15464324
8902,0,0,0.04385184944058016,9.568252e-05,0.0024475022,0.043620545
8903,1,1,0.38158399710866364,0.9934883,0.95717937,0.37343666
8904,1,1,0.39860815555443946,0.99207765,0.9699332,0.39745623
8905,1,1,0.8541367062125758,0.9999999,0.99999976,0.8554926
8906,1,1,0.994380337209569,1.0,1.0,0.9952651
8907,0,1,0.04300442964435461,0.0001676203,4.1004627e-05,0.04172108
8908,0,1,0.07328527621021176,0.2528842,0.11860861,0.0839528
8909,1,1,0.3362225964139643,0.93335414,0.694631,0.33751622
8910,1,1,0.7454150966075148,0.99999666,0.99999523,0.744171
8911,0,0,0.005995729552744093,1.7312676e-06,7.3625735e-05,0.007182558
8912,0,0,0.014574566771757981,1.7578419e-06,5.2518983e-05,0.014553245
8913,0,1,0.07542305199939857,0.10824206,0.018268622,0.08565285
8914,0,0,0.07185982796745664,0.0013650052,0.016015917,0.07116469
8915,0,1,0.22124952589464433,0.48962638,0.21276687,0.21742965
8916,1,1,0.9299535276416141,1.0,0.9999999,0.93478227
8917,0,1,0.002240238841834699,5.819095e-11,9.460802e-13,0.0025895096
8918,0,1,0.015594103398414366,6.777835e-08,3.7509076e-09,0.0055584214
8919,0,1,0.06978284777341642,0.00011802033,2.1611118e-06,0.07120128
8920,1,1,0.9999999999999964,1.0,1.0,1.0
8921,0,1,0.15735999517153387,0.22947297,0.05818107,0.15629071
8922,0,1,0.0022832267916326147,8.279528e-09,5.255052e-10,0.0025818422
8923,0,1,0.5133832240712525,0.99894774,0.99379563,0.517596
8924,0,0,0.012418009046172856,1.4125266e-06,1.6914315e-05,0.013166404
8925,0,0,0.0011672587704819298,1.0888803e-11,8.798873e-11,0.0013192464
8926,0,0,0.01742422748378713,1.1696739e-05,0.00014431545,0.01770364
8927,1,1,0.7930431122055183,0.99999475,0.9999912,0.79036015
8928,0,1,0.019278812197424406,2.1343844e-06,1.0902919e-06,0.01922909
8929,0,1,0.2083071365539915,0.09406742,0.021967968,0.20099561
8930,1,0,0.6589677153530078,0.99985695,1.0,0.64324737
8931,0,1,0.01876962443663419,4.992403e-06,2.812068e-06,0.018759925
8932,0,0,0.06879791395089958,7.9848025e-05,0.00041591976,0.03956191
8933,0,1,0.08420569261890133,0.009751675,0.0012875943,0.08253071
8934,0,1,0.0328083890593792,2.651076e-05,1.0939125e-05,0.029889222
8935,1,1,0.1043040252480237,0.0028748168,8.521224e-05,0.10668414
8936,1,1,0.7762185148825256,0.999995,0.9999918,0.772188
8937,0,0,0.022689492806382675,7.5294076e-05,0.0011510459,0.02300764
8938,0,1,0.008340055121070434,1.861999e-07,2.035584e-08,0.009849656
8939,1,1,0.2457178720925353,0.6225969,0.25849202,0.24664442
8940,0,0,0.022264295561699492,1.815501e-05,0.00066673855,0.022306504
8941,0,0,0.18880219913402188,0.34724718,0.9992095,0.19648892
8942,0,1,0.025262934951717577,1.227412e-05,5.8204245e-07,0.024126621
8943,0,1,0.3229641403917051,0.2979838,0.093776725,0.31884378
8944,0,1,0.42379268218792354,0.9905245,0.9660384,0.41655037
8945,0,1,0.3490283102426968,0.9513018,0.85202974,0.34716365
8946,1,1,0.03527558285695783,4.6518962e-05,9.839915e-06,0.03307152
8947,0,0,0.0007175507861633931,3.1027461e-12,8.047455e-11,0.00080423226
8948,0,0,0.07165134867565415,0.00023114606,0.00025702117,0.074842975
8949,0,0,0.004596821710922198,4.6409316e-09,3.2459687e-07,0.004575015
8950,1,1,0.7121677358209125,0.9999665,0.9998839,0.71327317
8951,0,1,0.3033490211675846,0.8891652,0.5850778,0.30324188
8952,0,1,0.009067652239907029,1.0584381e-05,3.962229e-06,0.010700854
8953,1,1,0.47998509293136643,0.99956995,0.9982266,0.49113885
8954,0,1,0.027248904527183627,7.154198e-05,2.5111602e-05,0.02707333
8955,0,0,0.01092127925734677,3.416193e-08,3.3829992e-06,0.010708226
8956,1,0,0.5815219514311332,0.99985194,1.0,0.58504015
8957,0,0,0.0032918603134072613,6.583572e-10,3.0792333e-09,0.0031519607
8958,0,1,0.39623783924603634,0.9975599,0.99389017,0.3995935
8959,1,1,0.9882405840062788,1.0,1.0,0.9871142
8960,1,1,0.14243748754104357,0.048270006,0.012166491,0.14932713
8961,0,1,0.12771002720489957,0.024458595,0.004389858,0.12807544
8962,0,1,0.02180950964598461,5.4137938e-05,7.1300183e-06,0.019348823
8963,0,1,0.14610640038530284,0.0078065866,0.0009846621,0.14542893
8964,1,1,0.687211308593109,0.9999733,0.9999349,0.6838292
8965,0,1,0.47756609424564594,0.9949867,0.95210654,0.4731507
8966,1,1,0.8618193586650132,0.99999964,0.9999989,0.8633628
8967,0,0,0.0002925794944599973,5.754408e-14,5.547871e-13,0.00035697198
8968,0,0,0.004491176381253808,1.748402e-08,2.2130224e-07,0.004688284
8969,1,1,0.9999999999999913,1.0,1.0,1.0
8970,1,1,0.7512593356712908,0.9999956,0.99999297,0.7517206
8971,0,0,0.16671802936142321,0.4307538,0.9778736,0.1686811
8972,0,0,0.13482245230637602,0.059085265,0.9844929,0.13611491
8973,0,1,0.02721504918505932,6.4405303e-06,1.9726112e-06,0.029064573
8974,0,1,0.41806177607943423,0.99838984,0.99393266,0.43182606
8975,0,0,0.03208518713439767,0.00090874336,0.010134821,0.033054903
8976,0,1,0.002026120890140844,1.2158058e-09,2.2267506e-10,0.0022939239
8977,0,0,0.015936641085330182,6.518575e-06,6.8392146e-05,0.016259992
8978,0,0,0.19520451771319688,0.5978402,0.99988544,0.19723532
8979,0,1,0.4407845469811873,0.9907575,0.9620724,0.437639
8980,0,0,0.010412443714577169,7.675139e-08,1.1604016e-06,0.009543277
8981,0,0,0.5867872152078355,0.9999808,1.0,0.588484
8982,0,0,0.0017568251819256508,1.628294e-09,1.393879e-07,0.002139854
8983,0,0,0.016977512324711248,6.454941e-05,0.0012508002,0.016995726
8984,1,1,0.9742832669396049,1.0,1.0,0.97257036
8985,0,1,0.05499238742191881,0.03441217,0.019913105,0.061116625
8986,0,0,0.003552857043796548,2.031499e-09,1.2120029e-07,0.003445099
8987,1,1,0.09964553880266824,0.0014953904,3.9116996e-05,0.10124188
8988,0,1,0.0909281700480372,0.0013317303,3.0323052e-05,0.09316822
8989,0,1,0.35005860367821234,0.9556681,0.65079236,0.35152087
8990,1,1,0.14951609868224108,0.059792265,0.017319579,0.1566067
8991,0,1,0.10761982658694585,0.039927673,0.024457078,0.09747907
8992,0,1,0.13639959748560188,0.055962574,0.01389926,0.13173383
8993,1,1,0.27935782735961984,0.96415293,0.7829715,0.2817701
8994,1,1,0.6686157527194968,0.99956495,0.99357253,0.66830117
8995,0,0,0.00277105243804674,1.004062e-10,1.001492e-09,0.0028193383
8996,1,1,0.3193673021521818,0.96068585,0.88874876,0.335169
8997,0,0,0.08253564219905617,0.011667919,0.18162666,0.08159289
8998,0,1,0.006888433852673652,4.003025e-06,5.3460553e-08,0.011472154
8999,0,1,0.6089410214363923,0.9999652,0.9997959,0.6118318
9000,0,1,0.001968188280516724,2.9183567e-10,1.8008305e-10,0.0022559683
9001,1,0,0.7787649866719117,0.99999774,1.0,0.7723546
9002,1,1,0.3539451128738031,0.8536463,0.6085633,0.34559062
9003,0,1,0.0017035564821777612,9.3675304e-11,4.7461108e-11,0.0016084549
9004,0,1,0.039550845693983594,0.00035574983,9.093393e-05,0.03746501
9005,0,1,0.03216067187038718,6.2057836e-05,1.7730837e-05,0.030776838
9006,0,1,0.0009637175527918317,1.5173555e-08,5.5571403e-12,0.0011490214
9007,0,0,0.03315621316493889,0.00012440175,0.007846179,0.03519941
9008,0,1,0.009222409403376371,9.968576e-07,8.5431077e-07,0.008776885
9009,0,1,0.1688345478340456,0.1250575,0.121915765,0.16099286
9010,0,1,0.22790498377827348,0.3270343,0.05887545,0.22794512
9011,0,0,0.356960268353681,0.997216,0.99999833,0.3472772
9012,0,1,0.09088943669252142,0.026145149,0.021424921,0.09229272
9013,0,1,0.11523268845888333,0.014150079,0.008365765,0.11745505
9014,0,0,0.002880771487304661,1.708842e-08,1.0388826e-06,0.0036181805
9015,0,0,0.0012014202608649901,5.254475e-12,1.1461996e-11,0.0014508091
9016,1,1,0.50038314142836,0.9394894,0.895331,0.49155685
9017,1,1,0.8434313974817939,0.9999999,0.99999964,0.8449859
9018,0,1,0.22487757066531372,0.80464864,0.36233246,0.2252617
9019,0,0,0.1320784271331045,0.009775804,0.9769334,0.1303434
9020,0,0,0.009906725926295655,8.381233e-07,8.6573506e-05,0.010019406
9021,0,1,0.05749753475038225,3.9677092e-05,5.7069774e-06,0.022997761
9022,0,1,0.010629489510510182,6.7666047e-06,1.6239376e-06,0.013242497
9023,0,0,0.015406827557120922,3.6888713e-07,2.9917017e-05,0.015647674
9024,0,0,0.0019847287405365325,7.334454e-10,7.336962e-09,0.0023504717
9025,0,1,0.004712874273376597,2.4655337e-08,1.9669353e-09,0.006067616
9026,0,0,0.0017538830733799422,2.0828184e-09,2.5433235e-07,0.002023136
9027,0,0,0.08650530732648698,0.01107975,0.45144692,0.08597551
9028,1,1,0.29650003270547354,0.9995948,0.99978876,0.311321
9029,1,0,0.9984802618613109,1.0,1.0,0.9983041
9030,0,0,0.003518896480086387,2.9049452e-10,1.5033779e-08,0.0035537751
9031,1,1,0.32897630323942,0.9791057,0.8980086,0.3272351
9032,0,1,0.06455600404506982,0.006280839,0.0018116176,0.062353946
9033,0,1,0.20024767363991391,0.056623902,0.013573101,0.19660908
9034,0,1,0.06494502202151664,0.0006828168,0.00015064696,0.06250607
9035,0,1,0.27702572227030603,0.7815195,0.1862325,0.261278
9036,0,1,0.5610002700973059,0.9999919,0.9999862,0.57311004
9037,1,0,0.13842204063303898,0.09465645,0.6651147,0.1434238
9038,0,1,0.012340500477125729,3.338609e-05,2.7240092e-06,0.020498816
9039,1,0,0.2343563152003127,0.0019366513,0.01350196,0.24047355
9040,1,0,0.36868390640908794,0.794352,0.98321384,0.36401758
9041,0,1,0.36333352693920334,0.96811366,0.9049718,0.3562245
9042,1,1,0.6074975412535827,0.9999138,0.99983764,0.5944253
9043,0,0,0.010753893544910612,4.2218013e-05,0.0008903234,0.012988431
9044,0,0,0.028272590177746346,3.0398564e-06,5.029961e-05,0.016388444
9045,0,1,0.24040785973831721,0.9990809,0.9986885,0.24215384
9046,0,1,0.02254167923867321,6.5519656e-05,5.155734e-06,0.020797705
9047,0,1,0.006228932259082035,1.7444336e-06,3.1958854e-07,0.0071987347
9048,0,0,0.006280423224991964,4.014793e-08,2.7237909e-06,0.006392154
9049,1,1,0.9999999999998828,1.0,1.0,1.0
9050,0,1,0.22405684128149334,0.75686246,0.67881584,0.21337922
9051,0,1,0.030755007673773593,2.8473645e-05,8.5080355e-06,0.02892257
9052,0,0,0.02154016487061509,0.000258158,0.006747178,0.025821902
9053,0,0,0.09605777935327466,0.10156789,0.74200433,0.102455154
9054,0,1,0.38451561143403673,0.9874269,0.95746374,0.38559738
9055,0,1,0.2540082409743858,0.48642752,0.15134473,0.25437862
9056,0,1,0.028374895071798228,7.038945e-06,1.7442205e-06,0.027134102
9057,0,0,0.02267166829158633,0.0005555771,0.028609117,0.026469385
9058,1,1,0.7825268197405715,0.99999726,0.99999297,0.7827937
9059,0,0,0.01084124964504778,3.481868e-05,0.00038410255,0.017989209
9060,0,1,0.00877273518422002,7.462877e-06,1.2364668e-06,0.010049893
9061,0,0,0.02295910083322137,5.42012e-06,0.00013729166,0.02237776
9062,0,1,0.3603661017588278,0.9903302,0.972451,0.3611804
9063,1,1,0.9722382968099942,1.0,1.0,0.97095233
9064,1,1,0.9999999999999927,1.0,1.0,1.0
9065,0,1,0.16046037876671065,0.7011942,0.5862902,0.16662636
9066,0,1,0.030396094761918985,7.584297e-06,1.1134725e-06,0.030235533
9067,0,0,0.00195478418715324,7.3590883e-10,2.1649674e-08,0.0022180565
9068,0,1,0.06547224990164005,0.01031985,0.0027087757,0.062373552
9069,0,1,0.009125536390599478,3.225656e-06,2.7196302e-06,0.01071438
9070,0,1,0.20933092507702522,0.70971316,0.3661703,0.20979097
9071,0,0,0.0021580534995482297,4.4219934e-09,7.9183664e-08,0.002447726
9072,0,1,0.2120556467046643,0.76006055,0.58652824,0.20671009
9073,0,1,0.05412011124688084,0.0030461866,0.0005385562,0.05477872
9074,0,1,0.37695453879645685,0.98864496,0.94775224,0.37605104
9075,1,1,0.2635818394648754,0.8209686,0.49296245,0.25891545
9076,0,1,0.11736167293132807,0.086276345,0.045441955,0.11722513
9077,0,1,0.13131063614863434,0.06792486,0.041440208,0.13565001
9078,0,0,0.02581675467796629,1.7465642e-05,0.0007647856,0.025078677
9079,0,0,0.17727318830409777,0.8620805,0.99981594,0.16500546
9080,0,1,0.29677669854087296,0.9906082,0.97362024,0.29859048
9081,0,0,0.023507201655529913,3.433547e-07,6.539402e-06,0.023464827
9082,1,1,0.9811431717446817,1.0,1.0,0.9784938
9083,0,1,0.2756761377775666,0.76464635,0.5387223,0.2706588
9084,0,1,0.3961041827231711,0.98123276,0.92526096,0.38218138
9085,1,1,0.8927978615708899,1.0,0.9999999,0.89162576
9086,1,1,0.42973397663073754,0.9903657,0.97210103,0.4230106
9087,0,1,0.32284638263201787,0.96520585,0.8599707,0.32117632
9088,1,1,0.028537651802757514,0.00013921768,3.4752138e-05,0.027458325
9089,0,1,0.0045146786230901535,1.9856864e-07,1.6786084e-08,0.00500059
9090,1,1,0.9171915812163361,0.9999956,0.99998724,0.9132729
9091,1,0,0.8033839661681228,0.99999976,1.0,0.8012793
9092,0,1,0.04602563466259515,4.2433105e-05,7.381338e-06,0.044329423
9093,0,1,0.46748532115790736,0.9928965,0.979631,0.46180305
9094,1,1,0.4127073403345723,0.99637043,0.98858345,0.4154873
9095,0,1,0.17683909665922296,0.29030165,0.060385536,0.18055092
9096,1,1,0.665289012635979,0.99986553,0.9994879,0.66788167
9097,0,1,0.07839517790211026,0.0025529393,2.9176335e-05,0.08300804
9098,0,1,0.01762518446506255,0.00027223091,0.000114506955,0.021572476
9099,0,0,0.22121096440021856,0.9231155,0.9999746,0.21005377
9100,0,0,0.01977771110938745,3.316421e-06,0.00016640141,0.020229697
9101,0,1,0.6028469201538975,0.9998778,0.9996221,0.6064516
9102,0,1,0.005329852246433843,7.848849e-09,5.5413757e-10,0.0048105563
9103,0,1,0.3443848824406211,0.9700575,0.91983104,0.34440434
9104,1,1,0.8244955790397469,0.99991333,0.9992742,0.81293684
9105,1,1,0.19724468964837016,0.5793615,0.2036745,0.1796933
9106,0,1,0.6897857414407854,0.99998105,0.9998286,0.69521326
9107,0,0,0.01205361118018982,8.9698326e-05,2.5909721e-05,0.021708515
9108,1,1,0.3086313879374767,0.547565,0.1503481,0.3039247
9109,0,0,0.19856608884164112,0.945104,0.9999472,0.24637206
9110,0,1,0.011665658886266854,1.8424714e-07,3.76896e-08,0.0107766995
9111,0,0,0.19816171782351513,0.7317898,0.808147,0.2461167
9112,1,1,0.27069900249114615,0.71867204,0.4336239,0.2714127
9113,0,1,0.0039365028238006914,1.684287e-07,1.3876685e-08,0.004339686
9114,0,1,0.551557114410712,0.9997883,0.9996048,0.55182177
9115,0,1,0.022515722888096532,0.00015889098,5.128068e-05,0.025542423
9116,1,1,0.19474662620230912,0.46917903,0.23812683,0.20425388
9117,0,0,0.03158185301529846,9.184681e-06,0.000100347905,0.031789407
9118,0,0,0.3142990685859964,0.9904479,0.9999925,0.31255424
9119,0,1,0.24785325244358092,0.60268706,0.05779338,0.25089732
9120,0,1,0.03614466465821447,0.00026584094,5.2597523e-05,0.03646279
9121,0,1,0.05164705516332215,6.6970197e-06,8.701236e-08,0.051915634
9122,0,1,0.02636401352578297,2.1066628e-05,3.85347e-06,0.025059972
9123,0,1,0.4544040190136982,0.99951136,0.9989832,0.45727473
9124,0,1,0.20610818018451194,0.83236897,0.81177866,0.19766536
9125,0,1,0.03451600151118663,0.000606957,0.00014876356,0.04638388
9126,0,0,0.01338604388046562,7.119211e-05,0.015356628,0.012915948
9127,0,1,0.007961368976003013,4.0767876e-08,2.9013101e-08,0.0075465017
9128,0,1,0.02290294929903107,8.791835e-05,2.5556055e-05,0.023454027
9129,0,0,0.003376504794904636,1.5903211e-07,1.0147753e-05,0.0040674983
9130,0,0,0.08589147586607622,0.059376415,0.75250477,0.08323396
9131,0,1,0.34550928929286945,0.9572896,0.7349989,0.3462667
9132,0,1,0.387522198922634,0.97740024,0.932351,0.39275226
9133,1,1,0.7225350603997693,0.99999404,0.99999154,0.7228947
9134,0,1,0.012261155092368813,1.5112521e-05,4.013265e-06,0.013947359
9135,0,1,0.1465483225833028,0.05473428,0.014965161,0.15355574
9136,0,1,0.117312373404864,0.08663439,0.040766597,0.11458496
9137,0,0,0.029077629115787807,6.652651e-08,3.7615897e-09,0.028804287
9138,1,1,0.870558435371401,0.9999994,0.9999951,0.87239516
9139,0,1,0.1209172914240969,0.03800768,0.015037204,0.11416057
9140,0,0,0.0014356572866218815,5.062619e-10,9.482116e-10,0.0023933551
9141,0,1,0.003064184072730934,5.956086e-09,9.750044e-10,0.0037869485
9142,1,1,0.4233182612249497,0.99799156,0.9930409,0.42505002
9143,0,0,0.007949067036658049,1.2368471e-07,3.7198186e-06,0.008352042
9144,1,1,0.21195379915459603,0.28075665,0.06406841,0.2116457
9145,1,1,0.7080915906700113,0.9999902,0.9999728,0.71197003
9146,0,1,0.26825715918712245,0.88080907,0.7073016,0.27000976
9147,0,1,0.24118750087432425,0.41484943,0.1871873,0.23619327
9148,0,1,0.08603635278582766,0.006784889,0.0018718943,0.08330989
9149,0,1,0.012284649353893848,3.241612e-08,7.941743e-10,0.011942448
9150,0,1,0.07769865594736348,0.0072496706,0.0015141533,0.07632836
9151,0,0,0.09129805092824726,0.042175785,0.61349416,0.088025875
9152,0,0,0.00031744392660272206,2.4458962e-14,9.599822e-13,0.00037797488
9153,1,0,0.4237422640130175,0.99770653,0.9997392,0.43957585
9154,1,1,0.194118917322455,0.39189976,0.28666177,0.1770511
9155,0,1,0.1766691471005285,0.16489649,0.029237289,0.17583697
9156,1,1,0.8155420450387945,0.999998,0.9999902,0.8138572
9157,1,1,0.5079463809295415,0.99678016,0.9944445,0.50464725
9158,1,1,0.1334609015584682,0.16902114,0.018216481,0.13163963
9159,0,1,0.0006073691250541922,2.4052472e-12,3.1243614e-13,0.000965628
9160,0,1,0.014948158701236646,2.5557522e-08,2.7936853e-10,0.01476419
9161,0,0,0.00259578613592436,1.522005e-08,2.5431316e-07,0.003222904
9162,0,1,0.4201884822102347,0.9982893,0.995697,0.42138723
9163,0,1,0.0008072173005101634,2.6852338e-12,1.0732195e-12,0.000922348
9164,0,0,0.04997634069848094,0.00050702196,0.027160821,0.048833586
9165,0,0,0.011898780713579356,1.5985931e-07,2.994041e-06,0.012331935
9166,0,0,0.04998352318427004,0.001502408,0.017049985,0.051272232
9167,0,0,0.03595430578204081,0.0010753578,0.011216022,0.037215672
9168,0,0,0.0010167296615394116,9.598857e-12,5.95989e-10,0.0010078455
9169,0,1,0.3597022323197993,0.98548895,0.9403725,0.36122048
9170,0,0,0.023322396053881075,6.564424e-05,0.0007162474,0.024111496
9171,0,0,0.0010082577593740027,8.940755e-12,1.2481319e-10,0.0011869695
9172,0,1,0.026326705951913994,0.009943115,0.0026849052,0.04601011
9173,0,1,0.730953529371234,1.0,0.9999999,0.7284137
9174,1,1,0.1588232844167503,0.0906636,0.02890951,0.16616744
9175,1,1,0.49289719067529436,0.9995735,0.99827075,0.49547556
9176,0,1,0.45088303631791327,0.9993057,0.9982767,0.45138842
9177,1,1,0.999999999999984,1.0,1.0,1.0
9178,0,0,0.007166660724713276,3.2165026e-08,7.4947343e-07,0.007597117
9179,0,1,0.034421082689871776,0.00018034739,0.000117144096,0.03413418
9180,0,1,0.43165600029414664,0.9993301,0.997436,0.43610036
9181,1,1,0.5774372092859613,0.99884427,0.99659026,0.57379246
9182,0,0,0.018589840322665446,7.6548695e-06,0.00021312556,0.017612604
9183,1,0,0.14517994847214327,0.26602873,0.93474454,0.15262721
9184,0,1,0.03828334485825232,7.108944e-07,1.209776e-08,0.03657154
9185,0,1,0.7019560000006698,0.99994326,0.9998164,0.703185
9186,0,0,0.10056601624533616,0.047269784,0.77238536,0.09981055
9187,1,1,0.5213595702288318,0.81506246,0.4967772,0.5326479
9188,0,0,0.017613548269796546,0.00010629589,0.006192148,0.020861471
9189,1,1,0.9999999999999927,1.0,1.0,1.0
9190,1,1,0.6355293133105145,0.9941076,0.86541986,0.6135242
9191,1,0,0.4276638580648571,0.99626875,0.99999857,0.42773837
9192,0,1,0.042425878863023764,2.130247e-05,5.5710507e-06,0.03999888
9193,0,0,0.010790969086811321,3.2139292e-06,5.5609282e-05,0.010346436
9194,0,1,0.10078412636728498,0.00043982704,3.758247e-05,0.099963956
9195,0,1,0.0041871700067946105,6.7091264e-08,6.3296746e-08,0.0048683966
9196,0,0,0.025455075896361572,1.2551803e-06,5.429361e-05,0.023953974
9197,0,1,0.43903397752526074,0.9916427,0.9127668,0.4314788
9198,0,0,0.002665270001480818,8.548721e-09,1.0816416e-07,0.0031720256
9199,0,1,0.5121775204426586,0.92834085,0.66580105,0.49922076
9200,0,1,0.006816035570309186,4.1809318e-07,6.109428e-08,0.006821493
9201,0,0,0.0039557763747156876,2.914787e-09,2.2104851e-07,0.0039186706
9202,0,1,0.003151604303899162,1.251533e-11,7.744385e-12,0.0027640932
9203,0,0,0.006193061350959885,1.1019674e-08,9.737394e-09,0.0059582894
9204,0,0,0.015682480833742643,3.0940705e-06,9.256181e-05,0.016793778
9205,1,1,0.8803328599000005,0.9999976,0.99999094,0.8822553
9206,0,1,0.08233814662259557,0.0030184847,0.0018924933,0.077705726
9207,0,0,0.02059902861051507,1.7728758e-05,0.00083943666,0.024064833
9208,1,1,0.0739485982010396,0.0058656055,0.0010805884,0.072677135
9209,0,1,0.25359590762918977,0.73691005,0.3959512,0.25568804
9210,0,1,0.13763158855166283,0.15714183,0.034680445,0.13565876
9211,0,1,0.0011617137536159214,5.613809e-11,2.86442e-12,0.0012656624
9212,0,1,0.34432192937216977,0.98337173,0.9342174,0.34417185
9213,0,1,0.043994329635580254,0.006791247,0.00071659836,0.0731311
9214,0,0,0.003071494832362289,8.320768e-09,2.2071148e-07,0.0036622847
9215,0,0,0.011227634444578022,1.0416079e-06,1.7546863e-05,0.011000972
9216,0,1,0.3398483346660165,0.97969806,0.917579,0.33795968
9217,0,1,0.5399238883323538,0.9998374,0.9991574,0.54370934
9218,0,0,0.045990635697391785,3.1809832e-05,0.0023607677,0.044235528
9219,0,0,0.005894045026955907,5.9982335e-09,2.934108e-07,0.006062784
9220,0,1,0.7664529696707092,0.99994516,0.99985135,0.76192236
9221,0,0,0.016863842797835066,0.00052848266,0.005385837,0.029442023
9222,1,0,0.6321174761785342,0.9995708,0.9999571,0.63224393
9223,0,1,0.1589384492654977,0.31554008,0.3360032,0.16200666
9224,1,1,0.3047844840739308,0.9958906,0.9921744,0.29923162
9225,0,0,0.026102356144339273,1.6665736e-05,0.00053894846,0.02585582
9226,0,1,0.2857075660366326,0.84921885,0.62194467,0.2796699
9227,1,1,0.3417170493559299,0.9991324,0.9978168,0.34685305
9228,0,0,0.002238723569848706,4.732105e-09,9.095455e-08,0.0025586965
9229,0,1,0.25594733034810524,0.97063595,0.9209548,0.26327616
9230,1,1,0.4032191466650917,0.9888576,0.97645867,0.3972397
9231,0,0,0.5206646674135597,0.9919012,0.99999547,0.51369226
9232,0,1,0.07308386573604232,0.00030069775,0.00015343227,0.07163433
9233,1,1,0.4612910731603824,0.99387157,0.97867864,0.4556913
9234,0,1,0.5955327866826619,0.999472,0.99865985,0.58199954
9235,1,1,0.7788253576988776,0.99999917,0.9999976,0.78259856
9236,0,0,0.0022645420132332687,1.2417971e-09,1.6895005e-08,0.0026779964
9237,0,0,0.007507909939889729,1.357793e-07,3.3608496e-06,0.007817878
9238,0,1,0.0004817369483299896,5.113554e-12,6.79016e-14,0.0007568903
9239,0,0,0.056946889500252916,3.163736e-05,0.0024983434,0.05673977
9240,1,1,0.694590556593903,0.99999666,0.9999956,0.71277845
9241,0,1,0.7002439207894535,0.9999219,0.9998486,0.68696314
9242,0,0,0.018010161013027423,9.54855e-06,0.00011614838,0.01823547
9243,0,0,0.006558132423596926,4.2256755e-07,7.7270715e-06,0.008136134
9244,0,1,0.45074438197953076,0.9908326,0.9700828,0.4542592
9245,0,1,0.42810112362895214,0.993765,0.9892551,0.41050097
9246,0,1,0.01876784813987786,0.00012077568,3.243318e-05,0.021212667
9247,1,1,0.3175830582279465,0.98720664,0.8594217,0.3191317
9248,0,0,0.002345657888775572,6.2190453e-10,3.8879318e-08,0.0028438414
9249,1,1,0.8465295594681737,0.9999999,0.9999999,0.85049033
9250,1,1,0.6853701976200743,0.99998736,0.9999589,0.68968135
9251,1,1,0.3699228126959491,0.99432826,0.9816559,0.36034352
9252,0,1,0.052355008752405195,0.0006114808,0.00011984998,0.051068828
9253,1,0,0.9965243283993316,1.0,1.0,0.99615043
9254,0,1,0.7671240080099396,0.99999833,0.99999666,0.76934636
9255,1,1,0.5874572539756384,0.9973109,0.9931211,0.57346386
9256,0,0,0.0565775519804636,0.0026737715,0.059139356,0.05735819
9257,1,1,0.3878601012718078,0.99309546,0.98119754,0.3874318
9258,1,1,0.598262996040665,0.99950325,0.9966629,0.60249096
9259,0,1,0.2175229638857519,0.19001634,0.014531386,0.12923096
9260,0,0,0.013728559849303369,4.7575654e-06,6.749016e-05,0.013294637
9261,0,1,0.06926405373313878,0.010283258,0.0034114183,0.06700805
9262,0,0,0.020167331964094704,7.832316e-05,0.0014081816,0.02011671
9263,1,1,0.1491044983410497,0.59040636,0.27458608,0.15270539
9264,0,0,0.044779976752538045,0.0011478241,0.03148922,0.04434375
9265,0,1,0.06260191724572528,0.0018636041,0.00027754577,0.05381977
9266,0,1,0.0036520004914272737,6.0830305e-09,3.8863395e-11,0.00616687
9267,0,0,0.0960659192057995,0.001498015,0.0155901015,0.1009396
9268,0,1,0.29783608551491064,0.9259906,0.71707195,0.29648763
9269,0,1,0.06833370190002158,0.0019038038,0.0005704859,0.06270889
9270,0,0,0.0011880635904960466,4.625568e-11,3.2850371e-09,0.0014355247
9271,0,0,0.0008158813842845073,7.5204376e-14,1.2034393e-13,0.0010208231
9272,0,1,0.08937462555777545,0.010553377,0.005189043,0.086341396
9273,0,1,0.04839304407556253,0.0001269728,3.0252631e-05,0.050386798
9274,0,1,0.07028514595009498,0.0052260095,0.0007793111,0.072494075
9275,0,1,0.0009958053007205069,2.2386876e-10,3.988211e-11,0.0016624524
9276,0,1,0.14420099135002284,0.06220894,0.012704154,0.14442864
9277,0,1,0.16789642776678473,0.8932918,0.7371772,0.16177084
9278,0,0,0.003042021217833805,2.129361e-10,1.2099998e-08,0.003065133
9279,1,1,0.058213726020674365,0.00044940648,0.00011286021,0.065155186
9280,1,1,0.27651107610968795,0.8657202,0.54037267,0.27543455
9281,0,0,0.05663811279888571,0.02913595,0.57018036,0.052826963
9282,0,1,0.052478323302781536,8.44868e-06,1.0416858e-07,0.052743025
9283,0,0,0.013400337703630947,1.1379063e-06,2.007058e-05,0.012470711
9284,0,1,0.22949944770664202,0.75597566,0.5552561,0.22473173
9285,0,1,0.613331392221451,0.9987446,0.9950257,0.60583395
9286,0,0,0.009045864951589223,6.259655e-07,7.630235e-06,0.00971938
9287,1,1,0.1130949419474106,0.025909878,0.0011694484,0.11050451
9288,0,1,0.052187007297672935,0.0017259857,3.0216073e-05,0.056088604
9289,0,1,0.3755135954979982,0.98415136,0.94458884,0.37667784
9290,1,0,0.9999999999999705,1.0,1.0,1.0
9291,1,1,0.6819061404051671,0.99992716,0.99984884,0.6814452
9292,0,0,0.01019875679653392,3.4093588e-07,1.8567784e-05,0.010708619
9293,0,1,0.03335781402911241,0.000107710905,0.0001547163,0.031102281
9294,0,0,0.014126572404201324,0.002066413,0.009744945,0.025097907
9295,0,0,0.002797352333508348,2.0359606e-08,2.5999643e-07,0.0034395207
9296,0,1,0.052956183440364374,4.125563e-06,5.932234e-08,0.052975137
9297,1,1,0.977245726215104,1.0,1.0,0.9762828
9298,1,1,0.7266535975692201,0.9999212,0.99981296,0.7167507
9299,0,0,0.13068559055769904,0.045892972,0.60216695,0.13062271
9300,0,1,0.2138122146681942,0.22856557,0.05848399,0.21380211
9301,0,1,0.04964969805569203,0.00012141898,1.97285e-05,0.049508393
9302,0,1,0.25242887608345455,0.7417033,0.49677393,0.23571227
9303,0,1,0.2157281782197418,0.047616772,0.00056331576,0.21895342
9304,1,0,0.034586474838427694,0.007776304,0.6142407,0.03519551
9305,1,1,0.9818323160705559,1.0,0.9999995,0.97948337
9306,0,0,0.0018773538845468635,1.0808899e-09,1.2783826e-08,0.0022197815
9307,0,1,0.00997936376224017,5.6966008e-05,1.5200038e-05,0.011526345
9308,0,1,0.37003364363497165,0.98892576,0.9909525,0.3572368
9309,0,1,0.42098257913825293,0.9987478,0.99467844,0.42353502
9310,1,1,0.7432168562431843,0.99999166,0.999979,0.74623847
9311,1,1,0.29685083175245747,0.5107003,0.16105449,0.30354795
9312,0,1,0.04806898103936595,2.9080165e-06,5.4897384e-08,0.046139732
9313,0,1,0.6402381596001944,0.9981483,0.99539185,0.6135305
9314,0,1,0.12027897605356701,0.0020229416,6.18264e-05,0.12170828
9315,0,0,0.061219553806666,0.002801793,0.07787336,0.06428109
9316,0,0,0.03770998342011918,0.00023131912,0.0042776666,0.040424872
9317,0,1,0.36115849500738445,0.9454502,0.8643392,0.3468019
9318,1,1,0.46327261328320535,0.9954548,0.98866826,0.45449802
9319,0,1,0.7404292145551963,0.99981356,0.99853027,0.73499304
9320,0,1,0.15521937220055088,0.07277668,0.0029315602,0.15793844
9321,0,0,0.015959334450461743,8.081419e-06,0.00017383462,0.015956156
9322,0,0,0.002371752114406771,1.1395316e-11,4.2303883e-10,0.0023798686
9323,1,1,0.9949615726780255,1.0,1.0,0.99424475
9324,1,1,0.901216476048915,1.0,0.99999964,0.90447414
9325,1,1,0.09189066502785831,0.00039166954,2.4335306e-05,0.09092517
9326,0,0,0.04856826588620134,0.0006875923,0.027848694,0.049142096
9327,0,1,0.04837562431003197,0.00027943784,5.86253e-05,0.047005862
9328,0,0,0.2899479203337649,0.8033955,0.99990726,0.28965414
9329,0,1,0.4646316622098912,0.9983191,0.98944014,0.46818492
9330,0,1,0.01960630173449381,0.00011637432,3.1433403e-05,0.02244537
9331,0,0,0.0010453874973363057,3.0160693e-11,1.5188141e-09,0.0012648791
9332,0,1,0.027531793311074717,0.00026648195,4.420289e-05,0.027785035
9333,0,1,0.6666254815095607,0.9999372,0.9998884,0.67070556
9334,0,1,0.012757405331529931,2.8996503e-08,5.8395894e-10,0.012584641
9335,0,1,0.48084160109299845,0.99561477,0.9866681,0.48281702
9336,0,0,0.004675970938721329,3.0144005e-08,1.1735841e-06,0.0054578613
9337,0,1,0.05185757877694305,0.0015680441,0.0005909104,0.05300482
9338,1,0,0.3278740129627875,0.9657051,0.99999213,0.3385475
9339,1,1,0.7827145282344027,0.9997321,0.9972672,0.7721001
9340,1,1,0.8795678573735092,0.9999926,0.9999095,0.8716779
9341,1,1,0.22999727946128679,0.66940737,0.32499537,0.22206542
9342,0,0,0.028087566467830883,0.0003184385,0.0065890662,0.02930342
9343,1,1,0.18567973766618145,0.167,0.0544557,0.19465181
9344,0,1,0.5801502901652592,0.9999459,0.99979293,0.553951
9345,1,1,0.25361941550462175,0.9136883,0.8273727,0.26063138
9346,0,1,0.18694357154447747,0.29740557,0.12171557,0.1949721
9347,0,1,0.022685563254646362,1.0205372e-05,1.2657101e-06,0.02161993
9348,0,1,0.011848721830185111,1.0450581e-05,3.2690336e-06,0.013600773
9349,0,0,0.023532601090615297,8.3023944e-05,0.001178863,0.024592685
9350,0,1,0.7866703088193528,0.9999982,0.99999475,0.7868962
9351,0,0,0.026792316929167784,0.0036064119,0.08734531,0.032538116
9352,0,1,0.3756594919955133,0.99735695,0.9943081,0.38900253
9353,0,1,0.2157967582239258,0.30280468,0.08106332,0.21598846
9354,0,0,0.024822843789638945,1.0263348e-05,0.00018216293,0.024654739
9355,0,1,0.0005232420844308212,1.5441756e-15,1.3521549e-17,0.00058998633
9356,1,1,0.2387777198736696,0.40567967,0.03844624,0.24275051
9357,0,0,0.01822371089729014,1.0879024e-05,0.00012998855,0.018449515
9358,0,1,0.02943329195303598,3.9207152e-05,1.855525e-06,0.028070176
9359,0,1,0.5433038992954368,0.9995467,0.99228585,0.544972
9360,0,1,0.4544015091512819,0.96314627,0.90436643,0.42861196
9361,0,0,0.08054966426783111,0.0041350005,0.03823915,0.07950783
9362,1,1,0.7558653202326467,0.9999485,0.999915,0.74672
9363,0,0,0.0367420706363955,0.0006367259,0.036100116,0.036738284
9364,1,1,0.6705585471731454,0.9998877,0.9997366,0.6693149
9365,0,1,0.13638506399412345,0.095478505,0.045638453,0.13304743
9366,1,1,0.6573874670911316,0.9998591,0.9996381,0.6566225
9367,0,1,0.23282359319817703,0.44008547,0.40170524,0.23812823
9368,1,0,0.41925294682696446,0.9991498,0.99999964,0.39867225
9369,0,1,0.6731726444194359,0.9993482,0.99538034,0.66403174
9370,0,0,0.004108468783535438,9.417123e-10,5.8421794e-08,0.004159286
9371,1,1,0.1819642653137436,0.73866695,0.16250148,0.17638233
9372,0,0,0.015491936674932105,1.5798403e-05,0.0005741319,0.014723839
9373,0,0,0.007922966092928632,2.5685838e-06,1.6464835e-08,0.005613309
9374,0,1,0.28095318345696957,0.88157386,0.48792946,0.2827845
9375,0,1,0.008847702756327541,8.387675e-06,1.3542744e-06,0.01013484
9376,1,1,0.5383488271765406,0.9989881,0.99700314,0.5445327
9377,0,1,0.4297142206960055,0.9938016,0.9300436,0.4162918
9378,1,0,0.1599270058340895,0.106020175,0.8737038,0.15898092
9379,0,1,0.0008740444985598043,1.7152627e-11,1.7029825e-11,0.00094671117
9380,0,1,0.2984245885828824,0.56415445,0.16508119,0.3016612
9381,0,0,0.007356726829546001,6.728875e-08,3.436218e-06,0.007666398
9382,0,1,0.002876698557850431,5.6837624e-08,1.6848857e-08,0.0032772992
9383,1,0,0.40628315024688433,0.99184424,0.9994479,0.40202066
9384,0,0,0.006234400396337751,2.8165752e-09,2.6696434e-08,0.0064894874
9385,0,1,0.04630051903346162,0.0009913736,0.00039127862,0.04414218
9386,0,1,0.18529112292226252,0.26766846,0.18601266,0.16869082
9387,0,0,0.054139831848674526,0.0013587095,0.020751009,0.062118232
9388,0,1,0.018473415198925553,9.96258e-06,8.860767e-07,0.017072566
9389,0,0,0.014242708450235397,1.0,1.0,0.007914566
9390,0,1,0.015097910904531118,4.5301567e-06,1.0033854e-06,0.0146919
9391,0,0,0.10822970272860769,0.053399604,0.7855889,0.106276065
9392,0,1,0.002731490222098457,7.547703e-09,8.773025e-09,0.0030338936
9393,0,1,0.595737638144863,0.9999616,0.99996865,0.6004969
9394,0,0,0.0031425767713795633,1.5768056e-10,1.7320904e-09,0.0032415944
9395,0,1,0.6039597881588696,0.9998903,0.99942976,0.5964338
9396,1,1,0.4690866520392659,0.9978327,0.99449617,0.46385336
9397,0,1,0.7683937703558739,0.99998987,0.9999771,0.75540143
9398,0,1,0.007161952693408735,1.6410537e-07,4.850067e-08,0.007973174
9399,1,1,0.18735455727616154,0.71256006,0.33077973,0.1921661
9400,1,1,0.3358431521335273,0.9698751,0.773529,0.33725795
9401,0,1,0.001341008669103697,6.087345e-10,1.09241505e-10,0.0015833414
9402,0,1,0.10077664455583721,0.20912926,0.035319865,0.12894076
9403,0,1,0.07853016086668028,0.012312755,0.0038920674,0.07796157
9404,0,0,0.016161226774324845,7.582309e-05,0.0028671492,0.019215139
9405,0,0,0.04160881097901191,0.00022589852,0.005432449,0.041196395
9406,0,1,0.43077081688508945,0.996684,0.9898656,0.43141237
9407,0,0,0.16284610900126043,0.46226814,0.9473,0.16176896
9408,0,1,0.35165035580582776,0.80985653,0.3080664,0.34326842
9409,0,1,0.23001273144042614,0.54965454,0.17228496,0.23021643
9410,0,0,0.0017128247224747705,2.805992e-08,1.8253355e-07,0.002988065
9411,0,1,0.7242554972854733,0.99922764,0.9906385,0.70446193
9412,1,1,0.9962681575511494,1.0,1.0,0.99589664
9413,0,1,0.06061640181433627,1.3347428e-05,1.925994e-07,0.061840944
9414,0,1,0.0015735942004603172,2.9781209e-09,3.311642e-09,0.0018124277
9415,0,1,0.8655465242855197,0.99999964,0.9999968,0.86884713
9416,1,1,0.7262295864407746,0.9999981,0.9999956,0.72951525
9417,1,1,0.9652012606215675,1.0,0.99999917,0.96345365
9418,0,0,0.021893660683148432,0.0002234087,0.000962838,0.027737273
9419,0,1,0.011983899114623183,1.2688096e-05,3.3423141e-06,0.013635655
9420,0,0,0.013114277214945487,1.3397441e-07,1.13747865e-05,0.013144149
9421,0,1,0.07352566875846173,0.0035580264,0.0012205214,0.071134046
9422,0,0,0.1476643295295504,0.05666234,0.6301096,0.14607266
9423,0,0,0.011335586729491445,5.7546565e-08,9.132191e-07,0.011569474
9424,0,1,0.44029419184299595,0.9946886,0.98646563,0.45619765
9425,1,1,0.9385765278356291,1.0,1.0,0.9414677
9426,0,1,0.026643161085782418,1.4929687e-06,2.3269145e-08,0.026740326
9427,0,1,0.39325751789271346,0.9711391,0.9320132,0.38867477
9428,1,1,0.1772546141934303,0.17758137,0.087868646,0.16884564
9429,1,1,0.27076704520103284,0.8296651,0.47646746,0.26976088
9430,0,1,0.15808019019892,0.094377846,0.060664173,0.16131593
9431,0,0,0.11522501892112719,0.008836594,0.3340197,0.116632126
9432,1,1,0.9739634985177181,0.9999999,0.99999785,0.97082436
9433,0,1,0.43740972045776916,0.99550486,0.9897283,0.4379727
9434,1,1,0.4774377563124485,0.99816656,0.99173135,0.47512567
9435,1,1,0.3402203367634887,0.94636023,0.8922929,0.32466924
9436,0,0,0.013799945088496609,9.708492e-07,1.9718023e-05,0.015058533
9437,0,1,0.39143788277297437,0.99665785,0.98574656,0.3942278
9438,0,0,0.020428687671011206,1.180971e-05,0.00036666085,0.02218911
9439,0,0,0.3825544283955612,0.9897836,0.9999963,0.38328966
9440,0,1,0.010157520717088525,1.7793105e-05,1.3071593e-05,0.0108042825
9441,1,1,0.33072671291192707,0.96716833,0.8812451,0.3289506
9442,0,0,0.8086762665475136,0.99999976,1.0,0.8060737
9443,0,1,0.40037174576776763,0.9931288,0.9844006,0.3963726
9444,0,1,0.08953402512920686,0.022085167,0.005651295,0.088555
9445,0,0,0.01026316362215158,4.489533e-08,2.1314715e-06,0.010482778
9446,0,0,0.14343011266317238,0.9961353,0.9999478,0.16578142
9447,1,1,0.96739880075972,1.0,1.0,0.96474063
9448,0,1,0.07508626721330017,0.009587797,0.0052229892,0.07639086
9449,1,0,0.8042200809684945,0.9991793,0.99999833,0.80072135
9450,0,0,0.007925351842397123,2.2335725e-07,4.838573e-06,0.0074235955
9451,1,0,0.937054289558181,0.9999976,1.0,0.93135846
9452,1,0,0.4525881421368825,0.9468702,0.9973544,0.434297
9453,0,1,0.027332139571113006,0.0006462963,0.00019008499,0.03133757
9454,1,1,0.7636403281267339,0.99999654,0.9999939,0.76250416
9455,0,1,0.10269172414207219,0.6027374,0.4113546,0.1282396
9456,1,1,0.2688256107689522,0.91708523,0.8063757,0.255187
9457,1,1,0.5983854265091822,0.9995361,0.99775463,0.5994378
9458,0,0,0.03094393691867485,9.016437e-06,0.00034129663,0.031162092
9459,0,1,0.17108436308619152,0.8080447,0.74103713,0.17210017
9460,0,1,0.013192242930216235,1.4840576e-05,6.259337e-06,0.015122744
9461,0,1,0.03064732436803314,9.6313786e-05,2.8278513e-05,0.036046013
9462,1,0,0.9247822367915216,0.99997056,0.99999666,0.91795444
9463,0,0,0.02596212028124734,4.8774644e-05,0.0004746178,0.026506644
9464,0,0,0.009425113088782695,1.0461373e-08,1.0831549e-07,0.009727387
9465,0,0,0.049119265867206136,0.008549098,0.20197017,0.050732583
9466,0,1,0.001928985583004255,3.069912e-11,8.132902e-13,0.0021149253
9467,0,1,0.0065814642750636546,2.1624915e-08,1.775539e-08,0.0062925047
9468,0,1,0.2514462097468607,0.75054544,0.31794393,0.25068328
9469,0,0,0.18912370991029498,0.58020175,0.9997539,0.19763222
9470,1,1,0.6864607306323943,0.99997604,0.99995124,0.6848233
9471,1,1,0.9773275804243339,1.0,1.0,0.9753371
9472,0,0,0.021801078119128982,0.0003427867,0.0081504565,0.021094661
9473,0,0,0.001177089073628849,7.206101e-11,1.1039106e-09,0.0014570811
9474,0,1,0.17495690984476414,0.43133315,0.21189368,0.1717735
9475,0,1,0.2170194457438708,0.78518105,0.4641075,0.21700783
9476,0,1,0.7397859162941495,0.99999344,0.9999889,0.74037987
9477,0,0,0.003400529671188829,8.6317375e-10,5.1083784e-08,0.0034444993
9478,1,1,0.9326364444649367,1.0,0.9999999,0.93397194
9479,0,0,0.007712715678736632,5.6574578e-08,2.2865322e-06,0.008105808
9480,1,1,0.979049318000534,0.9999999,0.9999995,0.9763591
9481,1,1,0.7603053439320109,0.9999956,0.9999882,0.7622934
9482,0,0,0.0007791316963593427,3.123006e-11,6.2639255e-10,0.0009219723
9483,0,1,0.022454924421801185,0.021320358,0.0029711907,0.03746096
9484,0,1,0.2694798808303796,0.95373863,0.8938741,0.27159342
9485,1,0,0.047295738582968996,0.0015464564,0.045707036,0.04560723
9486,1,1,0.8325448307358367,0.9999726,0.9997932,0.83710694
9487,0,1,0.001896493081261057,5.0736687e-10,1.4393418e-10,0.0021459728
9488,0,1,0.06292039087311671,0.0009270342,0.0002090692,0.060028348
9489,0,1,0.2503412168768449,0.426287,0.12780902,0.2507431
9490,0,1,0.267511882163275,0.76617545,0.41436237,0.26654047
9491,0,0,0.14773822664299813,0.040852252,0.72637457,0.14489579
9492,0,0,0.0105786847238943,1.3737737e-06,1.9806736e-05,0.010556535
9493,0,0,0.0023983835431126287,3.491592e-09,3.9521343e-08,0.0028461271
9494,0,1,0.22578752963348026,0.8407459,0.5031323,0.20606601
9495,0,1,0.43731883422429885,0.99940753,0.9984844,0.44035003
9496,0,1,0.3236909506381422,0.9873125,0.9324988,0.31271
9497,0,1,0.08974171589498661,0.001838625,0.0007667925,0.08646893
9498,1,1,0.38222408510904415,0.99968046,0.9995047,0.40067986
9499,1,1,0.17663074897792055,0.19580072,0.044895317,0.17803803
9500,0,1,0.07138214595425965,0.00058899965,1.3629799e-05,0.071980156
9501,1,1,0.7470745888746242,0.9999652,0.999892,0.748077
9502,1,1,0.6674954966033848,0.9999882,0.9999691,0.6726829
9503,1,1,0.9931675082194682,1.0,1.0,0.99208635
9504,0,0,0.045469824150385606,0.0017038259,0.040432096,0.04273508
9505,0,0,0.022533430802377925,1.6381173e-05,0.00019843,0.022684516
9506,0,0,0.017115456709319618,2.2662452e-05,0.00039316682,0.016565299
9507,0,0,0.010815467774657377,1.1083206e-06,1.8778446e-05,0.010270192
9508,0,0,0.00955164219339312,1.5680125e-05,0.0006153587,0.010852661
9509,0,1,0.5220639845611155,0.9990094,0.99740076,0.5174241
9510,0,0,0.08350764059142818,0.051676326,0.5030486,0.083434395
9511,1,1,0.6187370494889708,0.9996449,0.999074,0.614796
9512,0,1,0.07279594666100968,0.0044366075,0.004037613,0.07065923
9513,1,1,0.6951114852773956,0.9691872,0.56608427,0.7279369
9514,0,0,0.011311384788296066,7.602218e-08,1.3224286e-06,0.011637523
9515,1,1,0.07134988603097635,0.0009730791,0.00054595433,0.07226988
9516,0,1,0.22625254368064363,0.3797547,0.10815477,0.21744926
9517,0,0,0.003408718492145297,1.8607382e-08,6.207798e-07,0.003945682
9518,0,0,0.001705544972510886,2.7290634e-10,2.196155e-09,0.0020182165
9519,0,1,0.004087336168019685,1.4632698e-09,8.8032753e-10,0.0038897402
9520,0,1,0.3775430670803412,0.9736028,0.6076105,0.3779097
9521,0,0,0.002487578415406737,1.4086826e-08,1.863646e-07,0.0029563648
9522,1,1,0.5839703296722752,0.99987507,0.99864393,0.58704096
9523,0,1,0.17157078239993173,0.019154806,0.002531092,0.17209624
9524,0,1,0.14137950547030304,0.97404724,0.85532093,0.168565
9525,0,1,0.29820463616131077,0.9416709,0.7410811,0.2968569
9526,0,1,0.335215764462239,0.9746514,0.80973506,0.3377187
9527,0,1,0.7913168004100027,0.99997485,0.9997909,0.79560983
9528,1,1,0.2637803621956591,0.5831185,0.19042216,0.2632792
9529,1,0,0.9985408170355932,1.0,1.0,0.99830306
9530,1,0,0.5019268044218428,1.0,1.0,0.48810446
9531,0,1,0.003186410448235216,9.187266e-09,8.486451e-09,0.0035553966
9532,1,1,0.8610618069192008,0.9999994,0.99998045,0.86373967
9533,0,1,0.46605377313859897,0.9978551,0.9943252,0.48182678
9534,0,0,0.010447799158198141,1.0277855e-06,1.7301752e-05,0.010443623
9535,0,0,0.05861873191699192,0.18503521,0.9193987,0.05615691
9536,0,0,0.0036325807546378416,3.34916e-08,1.0012299e-06,0.004340879
9537,0,0,0.012715245617895944,4.136355e-07,3.4578154e-06,0.012716606
9538,0,1,0.2670404712976,0.77818567,0.47948888,0.2685838
9539,0,1,0.0007246829183824596,2.5084665e-12,1.2043171e-12,0.00082715094
9540,0,1,0.0010024985896390961,5.8130237e-12,5.188219e-12,0.0010978015
9541,0,1,0.013696828541479338,1.7216999e-07,5.2479457e-08,0.012946374
9542,1,1,0.9999999999998515,1.0,1.0,1.0
9543,0,0,0.26198366766374154,0.9383201,0.99994683,0.2612283
9544,0,1,0.25545563381096176,0.98069054,0.9339579,0.26191884
9545,0,1,0.06576984060594061,0.0028147334,0.0004195779,0.065886274
9546,0,1,0.011039944181717082,1.9512039e-07,3.3096736e-08,0.01253267
9547,0,1,0.15141699737356726,0.10257773,0.029173376,0.1594279
9548,0,1,0.24157391519112575,0.65518004,0.22984548,0.24092858
9549,0,1,0.08420396576773771,0.017202012,0.0048309322,0.07907639
9550,0,0,0.0034589567203468495,1.9173187e-07,2.0406046e-06,0.005739129
9551,0,1,0.18775663222012798,0.14282684,0.023023665,0.18771389
9552,0,0,0.006942105055141713,2.2196849e-07,1.8665876e-05,0.0068759155
9553,0,1,0.007366131813692879,1.0418224e-08,9.74228e-09,0.0069591478
9554,0,1,0.32960049624272236,0.75311565,0.18485788,0.32541412
9555,0,1,0.14161629356230818,0.032493398,0.013722208,0.082077764
9556,1,1,0.06605074775015878,0.00037725686,0.0001023666,0.061686143
9557,1,1,0.749220004684519,0.99976236,0.9987667,0.7350855
9558,0,1,0.06993868160152364,0.0020793779,0.00039812428,0.06999816
9559,1,1,0.8555791088348818,0.99999976,0.99999964,0.855191
9560,1,1,0.8898680835175427,1.0,1.0,0.89323467
9561,1,1,0.8460220396688335,0.99999976,0.9999994,0.84571505
9562,1,1,0.3236372524771582,0.9766789,0.9037894,0.3244449
9563,0,1,0.16014269506034748,0.047746737,0.0019366762,0.16123155
9564,0,1,0.05261539368748469,0.002188721,0.00019768106,0.05421176
9565,0,1,0.2593888434757528,0.6293556,0.49499676,0.2494301
9566,0,1,0.004574758520332985,1.0071607e-06,2.3336443e-07,0.0053536184
9567,1,1,0.5245554023543296,0.9900329,0.9758371,0.5019416
9568,0,0,0.013652469877119908,2.0982671e-07,2.3402907e-07,0.013472787
9569,0,0,0.02595879826093237,2.2139811e-05,0.0008421422,0.02566797
9570,0,0,0.3822187910401845,0.99991584,0.9999864,0.39919734
9571,1,1,0.36921167741418787,0.9439522,0.7313315,0.371288
9572,0,1,0.626975752191379,0.999566,0.9948608,0.6347537
9573,0,1,0.07158196125610546,0.0001429617,2.6652833e-06,0.07301521
9574,1,1,0.9513247915189148,1.0,1.0,0.9499419
9575,0,1,0.0021295555339021005,4.0538398e-10,5.166871e-11,0.0025138275
9576,0,0,0.034695142476409035,7.89003e-05,0.0020634397,0.033010762
9577,0,1,0.0638876160670874,0.059687976,0.014855706,0.0710385
9578,0,0,0.006692950338148834,1.6519809e-07,6.8404147e-06,0.007527231
9579,1,1,0.40389491501089525,0.99343735,0.9828765,0.42189026
9580,0,1,0.045613913213146236,0.00021763652,4.864908e-05,0.0437524
9581,1,0,0.4644301306598858,0.9973207,0.99999857,0.46265078
9582,0,1,0.03511464319852408,1.3790145e-05,3.1522893e-06,0.03317765
9583,0,0,0.021882635585944,4.030014e-06,0.00018319687,0.020306628
9584,1,1,0.1405586913483774,0.005116544,0.0012473061,0.13242447
9585,1,0,0.9999999999999887,1.0,1.0,1.0
9586,0,1,0.005121157552122252,4.2367154e-07,1.17763086e-07,0.00610974
9587,0,1,0.4739274429935232,0.99805635,0.98730063,0.47686356
9588,0,0,0.002667663319059863,4.2748905e-08,1.288265e-06,0.0030294103
9589,0,1,0.0821039295249177,0.0046017594,0.0014186281,0.079823904
9590,0,0,0.006172379144230054,2.9015015e-07,9.817962e-06,0.006122149
9591,0,1,0.02727660215671608,0.0013449289,0.00018132488,0.025612189
9592,0,0,0.04297326222756078,0.00069901865,0.01567162,0.042816695
9593,1,1,0.23728949911969824,0.63370717,0.20462072,0.23669674
9594,0,0,0.23590917348655624,0.028460156,0.112724386,0.10847082
9595,1,1,0.8240490140856284,0.9997243,0.9980008,0.818202
9596,0,0,0.005429194024189622,1.0588693e-05,0.00023952284,0.0066926572
9597,0,0,0.15134914433398747,0.16102247,0.92432064,0.15556547
9598,1,1,0.95262795547542,0.99999976,0.99999785,0.95028085
9599,0,1,0.2205293785269681,0.2808674,0.048017334,0.2279631
9600,0,1,0.0368950380377402,0.00011248609,2.6162583e-05,0.03528868
9601,0,1,0.3334809791633463,0.9767169,0.930246,0.33541492
9602,1,0,0.6926629519441017,0.96764874,0.99913067,0.67552483
9603,1,1,0.6199453745797457,0.99991107,0.9997327,0.61859906
9604,1,1,0.9092978657544429,0.9999987,0.99999154,0.9065953
9605,0,0,0.00025652279539925565,5.784516e-14,1.4242324e-13,0.00028479504
9606,1,1,0.668717169021102,0.9996575,0.99953204,0.6700174
9607,0,1,0.015915868029220893,9.281725e-06,5.117368e-06,0.018108418
9608,0,0,0.0007096075519786344,4.935492e-12,6.110235e-11,0.0009020748
9609,0,0,0.37579928939450813,0.9850177,0.9999951,0.3741625
9610,0,1,0.03635892965674674,0.004838301,0.0019936042,0.041861504
9611,0,0,0.04583818419205746,9.709578e-06,4.0999774e-05,0.040842187
9612,1,0,0.009747887936642434,6.293216e-05,0.0015833881,0.011928457
9613,0,0,0.005548531452653727,1.4709765e-06,1.1046726e-05,0.009701469
9614,0,0,0.022800446815203015,0.00035345764,0.010070107,0.027309699
9615,0,1,0.007758017765525077,1.6084904e-07,5.627024e-08,0.0093079945
9616,0,0,0.015234075323006711,3.1445186e-05,0.0010748012,0.01993862
9617,0,1,0.0054945807076302415,2.681317e-06,7.786143e-07,0.0058001336
9618,1,1,0.952258623695394,0.9999975,0.99989796,0.94506496
9619,0,1,0.15843374963841048,0.26004544,0.056000967,0.15620574
9620,0,1,0.0034144956063877313,4.3969916e-07,9.084302e-09,0.006017789
9621,0,1,0.007531325758634407,2.5436728e-07,3.229576e-07,0.0069002686
9622,0,1,0.07084408040047528,0.02822123,0.013530284,0.06613982
9623,0,1,0.002001337317042961,8.449024e-10,2.0011853e-10,0.0021984964
9624,0,1,0.23896162753253847,0.5058737,0.192574,0.23993483
9625,0,1,0.461842680789831,0.99998677,0.9999746,0.47751147
9626,0,0,0.11197010048653555,0.013899065,0.3076944,0.11246966
9627,0,0,0.04934597426950621,6.822871e-05,0.0022507054,0.048893657
9628,0,1,0.14627189340031072,0.040574834,0.00206352,0.14685795
9629,0,1,0.0015501075485806102,1.2353377e-10,7.993053e-12,0.0016873827
9630,1,1,0.289916101616224,0.91487086,0.6657701,0.28867117
9631,1,1,0.4092879648611574,0.9581637,0.6091555,0.4279882
9632,1,0,0.40428528013929305,0.9911094,0.99999225,0.4033233
9633,1,1,0.503322900244388,0.98416024,0.9311332,0.50756985
9634,1,1,0.8647567247149149,0.9999999,0.99999976,0.86558264
9635,0,1,0.05167096564955879,0.00077663857,0.00018536019,0.05385103
9636,1,1,0.9077821798481751,0.999998,0.99998045,0.8994901
9637,1,1,0.9217608128822716,0.9999925,0.9999207,0.9165104
9638,0,1,0.011294949466373015,3.9991565e-07,3.1435908e-07,0.0109274285
9639,0,0,0.784381020417784,0.99999857,1.0,0.7814851
9640,0,1,0.03256042355382346,0.00011200402,2.4730121e-05,0.03101432
9641,0,0,0.29952101176310014,0.8984846,0.9965663,0.30215368
9642,1,1,0.9531835944885781,1.0,0.9999999,0.95186025
9643,0,0,0.5618469579878186,0.99248594,0.9998164,0.5518729
9644,0,1,0.035454773939277304,5.819879e-05,1.6398975e-05,0.034104165
9645,0,0,0.005571326641889341,4.8183214e-08,5.7573396e-07,0.0060449946
9646,0,0,0.02218355748913728,1.5925249e-06,4.582378e-05,0.020869264
9647,0,0,0.1699031750049741,0.97183955,0.98444045,0.20022705
9648,1,1,0.44737547922743165,0.9678936,0.8471779,0.4462929
9649,0,1,0.0013364654696024023,1.1688116e-10,6.624506e-11,0.0013727124
9650,0,1,0.015084381872953622,1.0592303e-06,2.1142098e-07,0.014236344
9651,0,0,0.03221383741423375,6.0807015e-05,0.0026029944,0.027165275
9652,0,0,0.020898695414841253,5.7004e-05,0.00034538785,0.020902032
9653,1,1,0.9996631278312117,1.0,1.0,0.999599
9654,0,1,0.027532765147526485,1.352684e-05,8.2142105e-06,0.024573464
9655,0,1,0.16124262526856176,0.23805888,0.052794628,0.16388229
9656,0,1,0.1452602604033785,0.07079158,0.012364437,0.14498037
9657,1,1,0.8064571421156991,1.0,0.9999999,0.8100696
9658,0,1,0.4185975664783722,0.9995635,0.99911755,0.42846358
9659,1,1,0.570082588816682,0.99997437,0.99995863,0.56145096
9660,1,1,0.22742333176789226,0.8712935,0.8081353,0.21797618
9661,0,1,0.11571176846519768,0.012441905,0.0037135915,0.12108419
9662,0,1,0.0857248257383276,0.008187933,0.001324958,0.08875346
9663,0,0,0.004519402076981942,1.0432391e-10,1.567229e-10,0.0045786905
9664,1,1,0.9934649727647475,1.0,1.0,0.99271286
9665,1,0,0.11785253568489633,0.022244098,0.9914901,0.11833425
9666,0,1,0.06673684849352349,0.0002376106,5.2561827e-06,0.06803869
9667,0,0,0.06266424236601648,0.0018682791,0.057477467,0.062641785
9668,0,0,0.003893650679970901,2.0529065e-09,2.7172294e-07,0.0039003915
9669,0,1,0.003155565480875119,2.5414122e-08,1.9708597e-09,0.0034756039
9670,1,0,0.8725008480561399,0.9999988,1.0,0.87525326
9671,0,1,0.01450918942542737,8.510783e-07,2.3122158e-07,0.014600246
9672,1,1,0.15430230157402441,0.22544578,0.12077887,0.14573178
9673,0,1,0.004616472201292628,6.478783e-07,3.8458847e-08,0.00802779
9674,0,1,0.06529207156283451,0.0004312046,0.00019372879,0.058849037
9675,0,1,0.1598732422798868,0.37784976,0.37130168,0.16294967
9676,1,1,0.35446316398156474,0.97300047,0.887462,0.3538038
9677,1,1,0.8659174489639502,0.99999857,0.9999858,0.85954046
9678,0,1,0.4672768756254983,0.9813299,0.69909817,0.472113
9679,0,1,0.13364187666306793,0.14848946,0.03451426,0.13240457
9680,0,0,0.03912850390139603,0.00024448233,0.0063068653,0.039747257
9681,0,1,0.2743629252495471,0.83899415,0.5652464,0.2758601
9682,0,1,0.00407956212491507,5.9872995e-11,1.0842974e-12,0.0037815268
9683,0,0,0.15970089881201563,0.023522077,0.97754115,0.1651288
9684,0,1,0.20721103682234643,0.16025583,0.027100872,0.20951277
9685,0,1,0.294207004663605,0.92689306,0.7020157,0.2929079
9686,0,0,0.02301000612808166,2.851408e-05,0.0020533567,0.024239145
9687,0,1,0.1839860715275221,0.038941257,0.0058354856,0.18501857
9688,1,0,0.2171605583402991,0.8653499,0.9967691,0.22174753
9689,1,1,0.055138221310932704,0.0003082408,3.5018707e-05,0.054242905
9690,0,1,0.004917203724804549,1.4511198e-07,5.125233e-08,0.005916148
9691,0,1,0.1805982906755744,0.35684124,0.14755557,0.17423612
9692,0,0,0.0010400513584873498,2.2043908e-11,1.2577849e-09,0.0012574417
9693,0,1,0.04166408279508488,0.00011249103,1.4885921e-05,0.04022734
9694,0,1,0.4143641927422254,0.95673996,1.0,0.4430667
9695,0,1,0.2971245397265402,0.98845434,0.9681502,0.29839635
9696,0,0,0.0007321358422747373,7.567822e-18,2.1970089e-17,0.0009856236
9697,0,1,0.008129479381462992,1.9572256e-07,3.1762834e-08,0.009200464
9698,0,1,0.03407841740137294,0.00021831888,2.7194792e-05,0.030326774
9699,0,1,0.048167858995786,0.0003456629,8.290978e-05,0.046100453
9700,0,1,0.008419780884081346,2.6711456e-08,3.969448e-09,0.0076750824
9701,0,1,0.03423653905777758,0.0013881061,0.00020120053,0.041759245
9702,0,1,0.26956455139843116,0.73765445,0.51973456,0.26546368
9703,1,0,0.1836742302111689,0.95090866,0.99880695,0.19376568
9704,0,1,0.17647647212337506,0.725808,0.40377197,0.16671842
9705,1,1,0.23840413432819452,0.5602469,0.1875234,0.23779126
9706,0,1,0.014724355316797801,1.4294262e-07,1.8481892e-07,0.013423417
9707,0,1,0.7800121451714543,0.9999994,0.9999994,0.780474
9708,0,1,0.16930819774743427,0.18165563,0.05675032,0.17692585
9709,0,1,0.050096968476425564,0.0007812619,0.0002661841,0.051921748
9710,0,1,0.1460805562956607,0.3865594,0.15318714,0.15113701
9711,0,0,0.752361743878081,0.99999464,1.0,0.7525315
9712,0,1,0.003929642072854377,6.4446724e-09,6.334959e-10,0.0044335467
9713,0,0,0.00039357737719517883,1.3475774e-13,6.3512485e-12,0.0004698647
9714,0,0,0.010076025242623838,2.753611e-05,0.0005462395,0.012179553
9715,0,0,6.771645813877696e-05,3.4189413e-17,1.0238822e-15,7.904415e-05
9716,1,0,0.8318081675447415,0.99998367,1.0,0.83260393
9717,0,0,0.008102712261275432,2.7470572e-08,9.625841e-07,0.008012316
9718,1,1,0.45690468169985543,0.99945325,0.9980964,0.4591277
9719,0,0,0.05817022406759456,0.00202614,0.6987538,0.059840515
9720,0,0,0.015301040765469287,3.4452056e-05,0.0017308283,0.0180846
9721,1,0,0.9134586228572386,0.9999999,1.0,0.9144793
9722,0,0,0.010490062880695341,1.3194804e-07,3.1371983e-06,0.010459527
9723,0,1,0.7454491830948745,0.9999498,0.99989176,0.7361688
9724,1,1,0.7661393211504688,0.99998844,0.9999664,0.76769924
9725,1,0,0.05328437916143817,0.0019610967,0.031822387,0.05662903
9726,0,1,0.013448191830055278,0.00011443524,2.936019e-05,0.01622168
9727,0,0,0.04575897929155882,0.023339741,0.5473364,0.046940368
9728,0,0,0.36408847341064543,0.81610554,0.99981475,0.3611094
9729,0,0,0.021994237977330574,1.6010923e-06,6.225658e-05,0.022074737
9730,0,1,0.1268224808923681,0.015113585,0.003918477,0.1332286
9731,0,1,0.0031686190928547574,9.828883e-09,6.6949307e-10,0.0035814831
9732,1,0,0.3260676375018392,0.994015,0.99999547,0.32452238
9733,0,0,0.023483752999330917,1.2136933e-06,5.4908327e-05,0.023976665
9734,0,1,0.0026871728719401427,4.5302156e-10,5.5114056e-11,0.003009123
9735,0,0,0.014571491925882658,9.3186085e-05,0.0059176404,0.017094681
9736,1,1,0.26611628414506383,0.78979015,0.4213294,0.26516616
9737,0,0,0.030876915186364692,0.00040089572,0.005903097,0.031821948
9738,0,1,0.014325511230725133,2.1784188e-06,3.9259672e-07,0.014303928
9739,0,1,0.4818065608216218,0.99970204,0.9991079,0.49522126
9740,0,0,0.06026543760796649,0.0007301007,0.017289551,0.060392115
9741,0,0,0.14856248751343964,0.32630876,0.8823153,0.15520339
9742,0,1,0.0022495104415381035,7.0816384e-09,1.2403129e-09,0.0026746197
9743,0,1,0.33780862128732203,0.98033786,0.9185417,0.35131347
9744,0,0,0.0011520057985145425,9.612925e-07,4.396027e-08,0.0017552075
9745,1,1,0.6640466134660447,0.9998797,0.99954075,0.65539694
9746,0,0,0.06157664393278723,0.008814266,0.2855787,0.061315
9747,0,0,0.07910025917454272,0.0016283558,0.13652611,0.07319007
9748,1,1,0.2545221583465034,0.7312797,0.32427734,0.25371727
9749,1,1,0.6511684572582705,0.98981386,0.9353884,0.65061074
9750,0,1,0.009441665910626574,5.532253e-06,6.6954345e-07,0.0117879035
9751,0,1,0.07597616403953598,0.008504303,0.002935062,0.074116796
9752,1,1,0.7007333480260799,0.9999832,0.9999721,0.7005272
9753,1,1,0.8437536407987084,0.9999677,0.9997515,0.8363315
9754,0,1,0.0017042570325729249,5.4378942e-11,2.3457384e-11,0.0019606713
9755,0,0,0.011169407211318143,3.3949575e-06,8.055715e-05,0.011685661
9756,0,1,0.4282941651642857,0.99662715,0.9831914,0.4306287
9757,0,0,0.01949204799197626,1.8727227e-05,0.0003831802,0.019567592
9758,0,1,0.22173193798382781,0.63642913,0.486481,0.212007
9759,0,1,0.0549541953802421,7.5476164e-05,3.3141867e-05,0.055291645
9760,0,0,0.20595254808259492,0.44362527,0.9292412,0.20672113
9761,0,1,0.29392182123292826,0.914076,0.7343511,0.29527926
9762,1,1,0.4152673539928565,0.99199253,0.984144,0.40919456
9763,0,0,0.0057677883636406664,4.8635953e-05,1.2377881e-06,0.007482001
9764,1,0,0.9820004789975616,1.0,1.0,0.9811684
9765,0,0,0.0012698590591850869,1.373432e-10,6.173182e-09,0.001662879
9766,1,1,0.9547743360817802,1.0,1.0,0.9527903
9767,1,1,0.15000166327351416,0.46883658,0.20187917,0.14840646
9768,0,1,0.000991821972227436,1.2137564e-11,9.39639e-12,0.0010862987
