test_index,y_true,sa,raw_lr,raw_unweight,raw_weighted,raw_single_encoder
0,1,1,0.5078964978228014,0.99988294,0.99829024,0.5116982
1,1,1,0.838848206777277,0.9999999,0.9999968,0.842321
2,0,1,0.33838912040911645,0.962091,0.7667878,0.3433377
3,0,0,0.02823410799008427,0.0002264171,0.0050591193,0.03054302
4,0,0,0.0019749819350267763,1.0992085e-09,9.44982e-09,0.0024133562
5,0,1,0.050669135249538394,8.701203e-06,7.455444e-06,0.04756575
6,0,1,0.7749336212647718,0.9999989,0.99997425,0.78046715
7,0,1,0.015504178518982335,1.0922037e-06,1.5766516e-07,0.015639802
8,1,1,0.6807109941937513,0.9999603,0.9995679,0.6841571
9,0,0,0.004196273827228421,3.3916162e-10,1.0458881e-08,0.0044338894
10,0,0,0.09762791724811502,0.01800639,0.24387105,0.101589575
11,0,1,0.004975593864758681,3.0539553e-08,1.12729154e-07,0.0058573806
12,0,1,0.22829972902740636,0.31988478,0.09572182,0.23016478
13,0,0,0.9722698677783537,0.13860022,0.98317164,0.9390785
14,0,1,0.0021429603240230473,7.031107e-11,4.007228e-11,0.0025316868
15,0,0,0.007290998113115808,2.69002e-07,9.331676e-06,0.009068555
16,0,1,0.4198275950496538,0.9974897,0.9906742,0.4129885
17,1,1,0.9572257919195695,0.9999995,0.9999993,0.94757676
18,1,1,0.43742232510385703,0.99815935,0.99172163,0.442665
19,0,0,0.0798343623653591,0.026162652,0.14230376,0.08210661
20,1,0,0.1923195626103159,0.53891855,0.9673172,0.20071782
21,0,1,0.007462648594018007,2.953949e-08,2.2065732e-08,0.012400698
22,0,1,0.6395484529553421,0.9997447,0.998005,0.6460965
23,0,0,0.007787339391688622,1.8537136e-08,1.8118905e-06,0.00833142
24,0,1,0.06851462725706635,0.002852484,0.0003980087,0.07080205
25,1,1,0.8196968973178015,0.99999905,0.9999939,0.81915736
26,0,1,0.02580741480460424,3.617636e-07,6.89853e-07,0.026302062
27,0,0,0.03394922558022463,0.0032749414,0.057414416,0.040029965
28,0,1,0.07234087572704402,0.004857579,0.005347573,0.07509508
29,0,1,0.0377455117663695,0.00035021116,0.00026653404,0.0372086
30,0,0,0.013554009294050099,1.194315e-06,3.9654693e-05,0.014887589
31,0,0,0.0003648070486316141,8.2223686e-13,3.5226332e-11,0.0004410286
32,0,1,0.06430805937755846,0.002680055,0.0006162103,0.064445704
33,0,1,0.038852960822824245,0.000110467714,4.274364e-05,0.0400827
34,1,1,0.05396868000198677,0.0010050439,0.00020340022,0.05383814
35,0,1,0.08874148699582074,0.06686677,0.005931693,0.09123952
36,0,0,0.030677221643768376,6.475848e-05,0.0013702889,0.032500826
37,0,1,0.36078538559915185,0.9355336,0.8871659,0.3620683
38,1,1,0.8457332498090336,0.99992394,0.99955624,0.8188002
39,0,0,0.0033412115729014764,8.646868e-09,2.6861056e-07,0.0040628845
40,1,1,0.7626309988153048,0.9999982,0.9999833,0.7620576
41,0,1,0.0017151449985956277,8.640705e-12,1.3843223e-11,0.0019892678
42,0,1,0.2129072748137737,0.66345584,0.46548554,0.21509013
43,0,1,0.14078309422643615,0.008362498,0.0016458546,0.14875455
44,1,1,0.4290716124852379,0.99434465,0.9901009,0.42760336
45,0,1,0.13804015538173642,0.5583656,0.07744211,0.13589641
46,0,0,0.07248445102477384,0.0028997918,0.13688093,0.074917994
47,0,1,0.02499856508174165,1.0706929e-05,3.4664363e-06,0.02421014
48,0,1,0.005008523662656582,3.7785114e-08,1.5867307e-07,0.005900386
49,0,1,0.21767450777328237,0.443857,0.1403742,0.22004189
50,1,1,0.353358897513731,0.96705806,0.88254493,0.3548489
51,0,1,0.007378248085527377,5.02281e-07,3.5488253e-07,0.008923462
52,0,0,0.06764213930192245,0.0003526562,0.012626869,0.07252193
53,1,1,0.7104433947707127,0.9999423,0.99977326,0.70869744
54,1,1,0.6321644374743441,0.9694215,0.91000825,0.60653996
55,0,0,0.010831682717730428,1.3620543e-08,2.3959037e-06,0.011151277
56,0,1,0.11444502324193137,0.05022404,0.008044743,0.11206728
57,0,0,0.009055487261353723,1.0185508e-08,1.9939919e-06,0.009478481
58,0,1,0.18430757815847876,0.30583006,0.11762953,0.18529281
59,1,1,0.46040036275834867,0.99977,0.9981735,0.47630954
60,0,1,0.5381756402923906,0.9999014,0.9994767,0.563687
61,0,1,0.0017620952536169944,6.8787827e-12,5.9035073e-12,0.0019401596
62,0,1,0.09550978766825216,0.008034495,0.0020426298,0.09427342
63,0,1,0.6913953092380462,0.9999399,0.99979615,0.6972527
64,0,1,0.1089740283366062,0.0014066718,8.710771e-05,0.106121175
65,0,1,0.0037805908125577723,2.8439973e-10,1.1424249e-09,0.0040374463
66,0,1,0.06380302919258923,0.0019633295,0.0027697904,0.0615959
67,0,0,0.04380638423239358,0.0005076073,0.005899424,0.045504563
68,0,0,0.0004346805500803273,1.0054747e-13,4.1829253e-12,0.00053912366
69,0,1,0.49084807995194707,0.9973495,0.97702765,0.49640483
70,0,1,0.1310720083954914,0.22249842,0.31385398,0.12917274
71,0,1,0.16212244031726178,0.05236094,0.02167092,0.16188668
72,1,1,0.8823404771023964,0.9999999,0.9999988,0.88742954
73,1,1,0.32900380982442723,0.8289797,0.47522613,0.3296124
74,0,0,0.008965755717112453,1.1045946e-06,3.590582e-05,0.011479262
75,1,1,0.7572293778672937,0.99999106,0.9999398,0.75862134
76,1,1,0.6829295014545883,0.99976987,0.9995617,0.68496156
77,0,1,0.03456331118509117,0.0002763373,0.00011002881,0.034837667
78,0,1,0.32620295100674596,0.38386396,0.1170553,0.3313623
79,0,1,0.2905036724104493,0.92099607,0.6876987,0.2926277
80,0,1,0.009303781840045273,7.920291e-07,5.689044e-07,0.011160905
81,1,1,0.6918504234332803,0.9999759,0.99980056,0.7013009
82,0,1,0.00202773024701066,3.2099465e-11,2.122831e-11,0.002373718
83,0,1,0.2081032100463402,0.45229423,0.16109005,0.21157137
84,0,0,0.05912253678120644,0.0011261399,0.03967425,0.06254162
85,0,0,0.0012767374474103783,1.6062799e-11,1.3628045e-09,0.0015381953
86,0,1,0.06182467638631757,0.0065820813,0.003371776,0.06050874
87,1,1,0.7186670426435281,0.99999046,0.9998678,0.72757
88,0,1,0.2738207583927069,0.004340675,0.0055198963,0.2316628
89,1,1,0.49779368319403444,0.99880624,0.99479663,0.5041864
90,0,0,0.011083777881929234,7.830025e-07,2.053981e-05,0.0122638745
91,0,1,0.028351994511790286,6.7066517e-06,2.7148255e-06,0.02894469
92,0,1,0.6279671437899516,0.9999927,0.99994576,0.6526079
93,0,0,0.018232518358504854,1.958196e-06,6.111057e-05,0.020056507
94,0,1,0.11393421409279941,0.033055518,0.004195029,0.116310894
95,0,1,0.18999244975047655,0.09151657,0.00903699,0.18634346
96,0,0,0.031529285269648856,0.00020278772,0.0028624756,0.03362283
97,1,1,0.7120617033901547,0.9999585,0.99959886,0.7158365
98,1,1,0.8538978656710281,0.9999999,0.99999964,0.8559922
99,0,0,0.023266480646829547,0.000246852,0.009507135,0.028699461
100,0,1,0.09382770405380705,0.49901193,0.08412401,0.10149468
101,0,0,0.046573887666981305,0.001365983,0.038870543,0.05772552
102,0,1,0.022421090127122092,8.748798e-06,4.75507e-06,0.022826727
103,1,1,0.6656763058723915,0.99989665,0.9990281,0.6727696
104,1,0,0.54600430304282,0.9999908,1.0,0.5433752
105,0,0,0.004096673050379253,9.475553e-10,1.8367988e-08,0.0042476472
106,0,1,0.1688597797193832,0.004489567,0.0032477477,0.1675727
107,1,1,0.9505613989058392,0.99999976,0.9999988,0.9407782
108,0,1,0.05754263932382588,3.14205e-07,2.8864898e-08,0.037357572
109,0,0,0.0002070053059757285,1.4126819e-14,2.4157518e-13,0.00035740275
110,0,1,0.21003066279407315,0.81307256,0.3679158,0.20605256
111,0,0,0.045616609231689545,0.0009886704,0.009477715,0.049380578
112,0,0,0.013687105373807157,1.6034103e-07,1.8564755e-05,0.014695159
113,0,1,0.3919234298409536,0.9679583,0.82936835,0.40492988
114,0,1,0.06296834013062445,0.00022040453,0.00016588275,0.06291592
115,0,1,0.019757847723140376,7.783903e-06,5.2968667e-06,0.020757925
116,0,0,0.033617917425302735,0.001281189,0.009956342,0.037636146
117,0,0,0.07983720690343027,0.025528913,0.38830402,0.08415604
118,0,1,0.27081202256054454,0.9738115,0.7403237,0.27932373
119,0,1,0.12248711478957121,0.07732373,0.024626708,0.122469984
120,0,0,0.009834028062583215,3.5800722e-06,0.00012170807,0.012467683
121,1,1,0.9980388559784923,1.0,1.0,0.99692863
122,0,1,0.1459182139118416,0.36710837,0.11870424,0.14733817
123,0,1,0.010272273809184105,3.7406435e-06,1.9850627e-06,0.011844561
124,0,1,0.4061716616045114,0.978683,0.9256961,0.41572627
125,0,0,0.041875735108543276,0.00062849285,0.005771902,0.043280687
126,0,0,0.008912896366511382,6.834983e-08,6.267317e-06,0.009562299
127,0,0,0.010156002600295646,8.1671425e-07,1.4362314e-05,0.011413253
128,0,1,0.009240043996637958,8.518473e-07,2.7542717e-07,0.009697302
129,0,1,0.12645529395373808,0.056866385,0.018927598,0.12992178
130,1,1,0.4199492234950967,0.9951887,0.96375597,0.42559212
131,0,0,0.041606497868809496,0.0006524617,0.006414334,0.044180986
132,0,1,0.009646225464604623,9.276497e-07,1.0252285e-06,0.01099618
133,0,1,0.15887180845725837,0.09215482,0.0062308903,0.15839846
134,0,1,0.493988086713807,0.9972398,0.98807794,0.50118726
135,1,1,0.6248847736589851,0.99951065,0.9967591,0.63016766
136,0,0,0.0014929427412731656,1.3652313e-10,5.240421e-09,0.0018390992
137,1,1,0.7401478355978152,0.99999726,0.99998665,0.7482147
138,0,1,0.016468839868713607,6.702001e-07,3.0583746e-07,0.016481396
139,0,1,0.7269144213882919,0.9982541,0.9927954,0.69887865
140,1,0,0.09468201680635696,0.06609023,0.49772096,0.100005195
141,0,1,0.03402851325656763,2.644729e-06,3.374366e-07,0.034523264
142,0,1,0.16989193508983758,0.06326144,0.017628668,0.17426339
143,0,0,0.01675598998558196,4.696965e-08,4.069915e-06,0.017724002
144,0,1,0.0060415476933141825,1.5544477e-06,4.0355687e-07,0.010963382
145,0,0,0.010434163555356667,1.7148356e-07,7.142548e-06,0.011585911
146,1,1,0.9843735365398091,1.0,1.0,0.98065937
147,0,1,0.15505408535265583,0.060349405,0.0076151034,0.15763415
148,1,1,0.6738968350824633,0.99992263,0.99937105,0.68035245
149,1,1,0.9999999999999953,1.0,1.0,1.0
150,0,1,0.01286124433693902,2.1309168e-06,7.634956e-07,0.021491194
151,1,1,0.568375537547065,0.99996364,0.9994394,0.5733701
152,1,1,0.5911133770469479,0.9996994,0.9980344,0.5973184
153,0,0,0.48675318648761307,0.99901783,0.9999974,0.48185822
154,0,1,0.04351631166946017,7.414684e-05,3.811968e-05,0.042110648
155,0,0,0.007545664661595579,3.9044522e-08,6.260841e-06,0.00816803
156,0,1,0.20784463149917493,0.6643729,0.2863014,0.21107092
157,1,1,0.42825315642425554,0.99960923,0.9978029,0.4260901
158,0,0,0.01576884525720437,4.7020976e-06,0.00011414764,0.017468933
159,1,1,0.13087387613487172,0.0153703485,0.0025016442,0.13476373
160,0,1,0.6590756199731164,0.99960136,0.9986828,0.6737786
161,0,1,0.0748144011262941,0.0017614244,0.0023772065,0.08495808
162,0,1,0.008893666756715969,2.1571068e-06,1.1367003e-06,0.010808574
163,0,1,0.02947794705387274,0.00019706284,9.7079115e-05,0.02932515
164,0,0,0.009034337861669947,1.341167e-07,9.043745e-07,0.009426837
165,0,0,0.029318444558304253,5.921939e-05,0.00087978726,0.03233419
166,0,1,0.0056122132955547955,9.974342e-08,1.8637573e-08,0.006516125
167,0,1,0.025734453364808795,0.00012826183,6.684408e-05,0.029426249
168,0,0,0.0005568971753015993,5.346398e-13,7.2998246e-11,0.00097515254
169,0,0,0.022746474763941732,1.6888999e-06,5.6210047e-05,0.024725161
170,0,1,0.35007779538402595,0.12615831,0.016962929,0.33232054
171,1,1,0.5795271373298736,0.9903162,0.9455754,0.5502032
172,0,1,0.0019854838785034316,1.198114e-10,2.3728776e-11,0.0023203813
173,1,1,0.5883796932514599,0.9998871,0.99895895,0.5964284
174,1,1,0.997038723844917,1.0,1.0,0.9954329
175,0,1,0.008022660208038865,2.186266e-07,1.11948985e-07,0.008116793
176,1,1,0.7296144316087587,0.999982,0.9997871,0.7345155
177,0,1,0.0010283192386802659,2.0252552e-12,4.739475e-13,0.0011998278
178,0,1,0.21925344985337888,0.66007626,0.16047466,0.22929588
179,0,1,0.044545170955579055,0.00051560666,0.00014414106,0.046520542
180,0,1,0.0069180488055867245,6.473019e-09,1.2404719e-08,0.008005955
181,0,1,0.5971288059875807,0.99998534,0.9998913,0.6011906
182,0,1,0.19119111880853965,0.59038717,0.2008813,0.19368981
183,0,1,0.07300452034648548,0.003036901,0.001220826,0.07658344
184,0,1,0.06798216424876508,0.0036941867,0.00079955434,0.067061804
185,0,0,0.02120297707560301,9.465457e-06,4.7332807e-05,0.021470191
186,1,1,0.9862796859781476,1.0,0.9999999,0.9788913
187,1,1,0.7646886881593417,0.9999989,0.9999888,0.7697379
188,0,1,0.010505454894163324,6.8840254e-06,2.9564349e-06,0.012776293
189,1,1,0.8936993671462845,1.0,0.99999976,0.8946879
190,0,1,0.46442100599302466,0.98828995,0.9487537,0.4687754
191,0,1,0.04523600417482938,8.089501e-05,3.41878e-05,0.045488622
192,0,1,0.34038720106791176,0.741354,0.45560706,0.3400093
193,0,1,0.8059111996065391,0.9999999,0.9999987,0.82054996
194,1,1,0.7913815051502259,0.9999999,0.99999726,0.7957852
195,0,0,0.009710724702386375,5.738993e-08,2.070799e-06,0.0105707375
196,0,1,0.6486650687683986,0.9999956,0.9999622,0.6532664
197,0,0,0.0020160642407093666,8.4646345e-11,2.8704241e-09,0.0024895014
198,0,1,0.020752456560650608,3.1799532e-06,2.5448185e-06,0.021138998
199,1,1,0.2319657857059241,0.38868186,0.119555324,0.232061
200,0,0,0.007626747094448088,3.1658136e-08,3.0506203e-07,0.00794417
201,0,0,0.032863830021864826,5.7954603e-05,0.0022566102,0.034803253
202,0,1,0.059389449557523365,6.049106e-05,0.00011334186,0.055400014
203,0,0,0.32897734512933363,0.9921496,0.99999666,0.32486543
204,0,0,0.015575395066300495,8.3867263e-07,3.343911e-05,0.016723206
205,0,1,0.016640893358267943,7.570849e-05,2.6267331e-05,0.019532133
206,1,1,0.18866988380793834,0.3547462,0.07597683,0.19707039
207,1,1,0.9994201374935422,1.0,1.0,0.9985588
208,0,0,0.02059449194089863,0.0002774516,0.012830548,0.02597646
209,1,0,0.802959378440187,0.9999993,1.0,0.79762244
210,0,0,0.0059812080986351105,2.111684e-06,3.611089e-05,0.007437132
211,0,0,0.0029029500977756566,2.6310567e-09,4.4325003e-07,0.0035724351
212,0,0,0.0019764322559825006,5.2484406e-10,1.14795e-07,0.0024578623
213,1,1,0.943080677354768,0.99999845,0.99999547,0.93159515
214,1,1,0.6815214283167234,0.999974,0.99976605,0.68702334
215,0,1,0.2774016215755486,0.97540784,0.8422606,0.28300932
216,1,0,0.8463365693111582,0.99968964,0.9999883,0.80861783
217,1,1,0.5700011870290377,0.9987393,0.9960853,0.5772345
218,0,0,0.0009167744940245474,1.46913e-11,4.6163334e-10,0.0011307272
219,1,1,0.3396151038100829,0.9840614,0.9424955,0.340208
220,0,1,0.005581312323313074,6.2867054e-09,3.0440792e-09,0.006383377
221,0,1,0.0033294018558955607,9.413458e-10,4.9880017e-10,0.0038974355
222,0,0,0.027072337044973718,1.8270493e-05,0.00053634995,0.029611602
223,0,1,0.07746325198811897,0.019851342,0.0019148864,0.07801246
224,0,1,0.022310693951858352,3.7122945e-07,4.627578e-08,0.023797084
225,0,1,0.6043167171519477,0.99986124,0.99831825,0.6115928
226,0,1,0.06829162265173216,0.005810278,0.0012950907,0.067822725
227,1,1,0.7498685088700839,0.9999839,0.99994624,0.7510612
228,0,0,0.5228692509286236,0.9996486,0.99999917,0.5127882
229,0,1,0.034773047309828414,0.00014451098,9.003949e-05,0.035716712
230,0,1,0.008043873012603047,9.627906e-07,5.994187e-07,0.009345536
231,1,1,0.7386196892947442,0.99997544,0.99977034,0.7435906
232,0,0,0.004228732738908032,1.1635338e-09,2.840114e-07,0.0047828383
233,0,0,0.004447608753945963,3.388519e-10,7.912177e-08,0.0046623647
234,0,0,0.013424999098628284,7.2695235e-07,2.6145199e-05,0.015053443
235,1,1,0.8022138949277184,0.9999999,0.9999995,0.81285846
236,0,0,0.01780668305607629,4.450954e-06,0.00040766175,0.01902309
237,0,0,0.02824123099739048,9.224781e-06,0.0002432934,0.030530354
238,0,1,0.004567277673800582,1.1968379e-09,6.717276e-10,0.004775866
239,0,1,0.672834433521489,0.9999374,0.9990859,0.6811886
240,0,0,0.0465045093075497,7.140458e-05,0.0013730158,0.048845503
241,0,1,0.22470860804755274,0.7265248,0.27900314,0.22335666
242,1,1,0.3270356206184126,0.9783266,0.9434281,0.32230332
243,0,1,0.13465279128232288,0.0016124272,0.002043877,0.13949771
244,0,1,0.07960567002021952,0.0096832365,0.0015170058,0.07849723
245,1,0,0.7890560435497791,0.9999994,1.0,0.78429073
246,0,1,0.005131783338304231,2.2806201e-08,9.958337e-08,0.0059649213
247,0,1,0.3223704438922196,0.9903458,0.9007062,0.3310631
248,0,1,0.001012671177470935,1.8069788e-14,1.3119486e-14,0.001042242
249,1,0,0.8632668149936483,1.0,1.0,0.8610953
250,0,0,0.0011572788886050369,5.6465904e-12,4.6914456e-10,0.0014244058
251,0,0,0.031808146252959295,0.00015579908,0.0042292355,0.035058644
252,0,1,0.07386199545179672,0.004343289,0.0015391828,0.07444127
253,0,1,0.032012183912248464,2.7981894e-05,4.1460094e-06,0.03194815
254,0,0,0.03907352632512841,1.9316083e-05,0.0012114588,0.041194737
255,0,0,0.30616796711521277,0.43003064,0.999383,0.30526966
256,1,1,0.7525970331361982,0.99999905,0.99997663,0.75778395
257,0,1,0.1417555949352362,0.11572472,0.022225956,0.14456536
258,0,1,0.10127956356497048,0.0050752335,0.0022726008,0.101409934
259,0,0,0.2504085969890355,0.9934064,0.99995685,0.24503939
260,0,0,0.36627100849064975,0.7012194,0.94784206,0.35146296
261,0,0,0.001868629168469982,1.5803775e-09,3.6167837e-08,0.0023110965
262,1,0,0.6125475961730674,0.99999475,1.0,0.6279533
263,0,1,0.12232426906018869,0.0134311225,0.001970269,0.12522043
264,0,1,0.11673161692068912,0.17748557,0.03335929,0.1184459
265,0,1,0.08936496380686772,0.012966163,0.0023622867,0.09094421
266,0,1,0.4319874748199892,0.99935013,0.9900671,0.43947425
267,1,1,0.6298259212672772,0.9998907,0.9992729,0.63745326
268,0,1,0.7373528321222113,0.99996984,0.99984825,0.73805386
269,0,1,0.0741412419478098,7.083294e-05,0.0010618197,0.068805754
270,0,1,0.015368668237904589,3.0716149e-06,4.763204e-07,0.015504368
271,1,1,0.7313947962390709,0.99998724,0.9998648,0.7408077
272,1,0,0.006081136403098959,1.2625744e-06,2.7331575e-05,0.007760609
273,0,0,0.01298974196681353,1.7410746e-06,0.00018670385,0.013539541
274,0,1,0.09369000539607787,0.00012874487,2.0995987e-05,0.10031111
275,0,0,0.05280914532978004,0.00032409083,0.0067286366,0.052819755
276,0,0,0.0039889459925084815,5.3696617e-08,1.7482172e-06,0.0048128124
277,0,1,0.007647607577957394,3.8352925e-07,2.2566705e-07,0.009104578
278,0,0,0.07366629214031085,0.0035116067,0.09852913,0.07400253
279,0,1,0.36969121630249563,0.99437636,0.9430949,0.37538832
280,0,1,0.33037854702039915,0.94876957,0.9515008,0.32334918
281,0,1,0.1172806729623489,0.016130313,0.0032940889,0.122153655
282,1,1,0.2932948250577647,0.94851226,0.84035933,0.29688627
283,1,1,0.7730094183817122,0.9999926,0.99991655,0.7773686
284,1,1,0.843595036589982,0.99999905,0.9999939,0.84920037
285,0,1,0.3923698437386554,0.9923892,0.93985236,0.39440864
286,0,0,0.02053109513498897,4.6051573e-06,6.297472e-05,0.022244088
287,0,1,0.04851293881967102,0.001849416,0.00062792975,0.050204404
288,0,0,0.0038707975152778434,3.1820743e-08,1.0281698e-06,0.0049775066
289,0,0,0.18201236642201438,0.50762373,0.9403347,0.18960366
290,0,1,0.0018037250285011215,1.6425318e-11,2.9191946e-12,0.0018116384
291,0,0,0.0023365159328164616,7.3369305e-10,1.41605305e-08,0.0025881345
292,0,0,0.013044698793818418,3.7337574e-07,4.0676414e-06,0.014015206
293,0,1,0.2707185533179082,0.91723156,0.7535746,0.26735958
294,0,1,0.03409062759551202,3.3769767e-05,1.29766995e-05,0.034350354
295,0,1,0.0283162344091462,3.8080962e-06,2.2506106e-06,0.027776577
296,0,1,0.4327305218564597,0.996216,0.9644979,0.44905317
297,1,1,0.6717816099047436,0.9999137,0.9995249,0.68153834
298,0,0,0.2293890996474634,0.7084302,0.982073,0.2406902
299,0,1,0.03913193965586409,0.0013915157,0.0015761949,0.046690457
300,0,1,0.312413037191138,0.9761864,0.7866005,0.3191427
301,1,0,0.14940180264590053,0.19806731,0.9763875,0.14570557
302,0,0,0.010437471248606656,5.000294e-08,2.6714927e-06,0.011034392
303,0,0,0.042585151859647126,5.7071607e-05,0.0012306313,0.04429689
304,1,1,0.721252253367138,0.9999808,0.9997914,0.72692895
305,0,1,0.07794445764520536,0.013187882,0.0017605184,0.077705465
306,0,0,0.014106578604764147,1.9989435e-05,0.00062452955,0.017838912
307,0,0,0.002444950991069611,1.06382686e-07,8.529862e-07,0.0031597805
308,0,1,0.03385590022731257,2.7490196e-05,1.2775541e-05,0.033875685
309,1,0,0.3930160128277636,0.9712766,0.99994016,0.40142882
310,1,0,0.6218094903906851,0.99996066,0.9999999,0.6197382
311,0,1,0.6313667185485552,0.999749,0.99817574,0.64252096
312,0,0,0.002447807899725035,1.4895164e-10,2.5504686e-08,0.002955128
313,0,1,0.0009014554606256914,7.9704873e-13,6.113085e-13,0.0010478252
314,0,0,0.007648612002626274,4.1693666e-09,8.515202e-08,0.008022927
315,0,0,0.14933036706024988,0.3069949,0.9991661,0.14746591
316,1,1,0.770450907334951,0.9999981,0.99997437,0.77344036
317,0,1,0.29795321393172003,0.63191104,0.12280917,0.29131925
318,0,0,0.005318515927651001,1.0652783e-08,3.046184e-07,0.005625545
319,0,1,0.6157038115274194,0.99809724,0.99728787,0.6128842
320,0,0,0.03594473752167429,0.00044268093,0.028293787,0.041791826
321,1,0,0.3956869756457154,0.962027,0.9998386,0.3629674
322,1,1,0.5007182149089574,0.9990334,0.9879134,0.50962055
323,0,0,0.043246390727074854,0.0005811919,0.0092805615,0.04778709
324,1,1,0.7529604712694111,0.99998784,0.99991107,0.7573777
325,1,1,0.31894152206673715,0.96056026,0.8482829,0.3230172
326,0,1,0.15809232184131036,0.033015486,0.022300098,0.15600356
327,0,0,0.008870023679348105,1.2028031e-06,2.8437824e-05,0.010519711
328,1,1,0.3876024047429161,0.9933488,0.93993163,0.39016244
329,0,1,0.8076993802483218,0.9999989,0.999984,0.8133984
330,1,1,0.4367091379089233,0.9978516,0.99618274,0.43807295
331,0,0,0.008602229353106146,1.4860295e-07,3.4198554e-06,0.009373199
332,1,0,0.2064993746326534,0.55644965,0.9591987,0.21797651
333,0,1,0.4459028467775296,0.9911159,0.9702965,0.44426334
334,0,0,0.037312207225872536,0.0001600828,0.0033971693,0.039054133
335,0,1,0.2829897148815608,0.7297437,0.42581367,0.28500023
336,0,1,0.1754579287096748,0.13245559,0.02647618,0.18130293
337,1,1,0.2617682161682794,0.85366064,0.6458657,0.26354256
338,0,1,0.05481674171863392,0.0014549708,0.0008105233,0.05688834
339,0,1,0.03243611475300827,8.077939e-05,3.2840217e-05,0.03280912
340,1,1,0.11835633028225,0.13706507,0.035253115,0.11921221
341,0,1,0.0005836561360715502,1.4746829e-15,9.712616e-16,0.00061077427
342,0,1,0.011253380362971343,1.6613023e-07,4.3978386e-07,0.011508702
343,0,1,0.2190158088660208,0.9499141,0.8002144,0.23474185
344,0,0,0.01291227978735684,1.3833868e-06,1.1963079e-05,0.013824172
345,0,1,0.028438552792139353,3.355699e-05,1.4391051e-05,0.02850125
346,0,1,0.3286567532754022,0.9481394,0.7272575,0.32677618
347,0,0,0.03850032971746516,0.0002946575,0.0014171549,0.040175896
348,1,1,0.6989406364691435,0.9999362,0.9998169,0.70200425
349,0,0,0.011931233586631444,8.679838e-08,1.7281898e-05,0.012697434
350,1,1,0.7205464609177793,0.99999213,0.9999455,0.7244287
351,0,1,0.013198484356593473,9.0036167e-07,1.0128069e-06,0.015327866
352,0,1,0.007155190025537928,9.830781e-08,4.3084682e-08,0.0071651014
353,1,1,0.40427970954586556,0.9857066,0.9379727,0.4126112
354,0,0,0.00702933057937071,3.0959046e-07,2.301821e-06,0.012169838
355,1,1,0.9518190581872905,0.9999995,0.9999976,0.942868
356,0,1,0.5313786118245614,0.9968311,0.98371273,0.5307924
357,0,1,0.19355680531316752,0.3004766,0.077871755,0.19989559
358,0,1,0.24974662204717565,0.65914756,0.2755039,0.25402468
359,1,1,0.5737524228949351,0.9977877,0.99444896,0.57547283
360,0,1,0.12440472620060733,0.0015582794,0.0018146995,0.06273652
361,0,1,0.09275915647516242,0.0012263417,0.000100437785,0.0945414
362,1,1,0.502653708076233,0.9981744,0.99135125,0.5052911
363,0,1,0.19403152279303543,0.23075137,0.06768057,0.19614406
364,0,1,0.003566340710502591,7.2569355e-09,1.5639062e-09,0.0041282084
365,1,1,0.13529108132682988,0.18177785,0.062145144,0.13549806
366,0,0,0.018018261619907664,8.283178e-07,2.2695716e-05,0.018862909
367,1,0,0.8806139706695604,0.9999945,1.0,0.8522001
368,0,1,0.5409721230477037,0.9999535,0.99965537,0.5380066
369,0,1,0.5940171574793008,0.99741316,0.9884427,0.59823906
370,1,1,0.7306890016338331,0.9999994,0.99999464,0.7476415
371,0,1,0.005135252384715397,1.15332575e-07,4.6801265e-08,0.006065925
372,0,1,0.2955478750580945,0.95021236,0.8879206,0.29169258
373,0,0,0.07685448284349149,0.0048604147,0.05113258,0.079233624
374,0,0,0.0018517395258067447,1.4893411e-09,2.8125449e-08,0.0033980217
375,0,1,0.27463044308939033,0.88023704,0.53663045,0.2788736
376,0,0,0.12601192210647055,0.009589252,0.2863039,0.1308026
377,0,0,0.0022243102534929156,9.716535e-10,2.4510788e-07,0.0027439985
378,0,1,0.02482966753374495,1.3300312e-05,7.022391e-06,0.025766207
379,1,1,0.6438022010418148,0.99995434,0.99945706,0.64989835
380,0,1,0.13825480462534176,0.19673632,0.06623279,0.13979356
381,0,0,0.0073657190938090445,4.5385637e-09,5.51461e-07,0.0075416183
382,0,1,0.00942270194733148,4.352652e-06,1.8911028e-06,0.011069508
383,0,0,0.061546239072862954,0.02294515,0.22201435,0.06611265
384,0,0,0.006615955321744953,9.191981e-09,3.298379e-06,0.007299602
385,0,1,0.7033047207090733,0.9999794,0.9997391,0.7077081
386,1,1,0.05469187451874827,0.011101386,0.0050343983,0.05701289
387,0,1,0.02209619821581663,1.3486472e-05,3.984723e-06,0.022958074
388,0,1,0.01107254683761477,5.2214646e-06,2.5885395e-06,0.012793428
389,0,0,0.03245477257647323,0.0009257764,0.02334827,0.034778703
390,0,1,0.37429755379307084,0.9933415,0.9091536,0.38921183
391,0,1,0.028191007167465903,0.0015258198,0.0003189706,0.048193928
392,1,1,0.9067266290649957,1.0,0.9999993,0.90980273
393,0,0,0.010983646525893604,6.529647e-07,4.376533e-05,0.013366412
394,0,1,0.025184849754265992,0.00022672536,0.00018125556,0.028944638
395,1,1,0.5151444057877679,0.9991441,0.9845932,0.52414984
396,0,1,0.025738986028517607,1.9879742e-05,9.449817e-06,0.025732797
397,0,1,0.3786193383512998,0.56999844,0.566709,0.33945346
398,0,1,0.024841389842395593,7.566678e-05,6.3888205e-05,0.030117242
399,0,1,0.8542091015471699,0.9999999,0.9999957,0.85738873
400,0,0,0.014504960966715781,6.740551e-07,1.37162615e-05,0.015277245
401,0,0,0.0026051855425588515,1.8327017e-11,6.121238e-10,0.0028241754
402,0,0,0.0136683177146141,5.3122324e-07,1.7257227e-05,0.014687326
403,1,1,0.9980003048959376,1.0,1.0,0.9969452
404,1,1,0.5379304148890178,0.99860597,0.98347616,0.55038923
405,0,1,0.00839661178713191,1.1215391e-08,6.05496e-09,0.008438219
406,0,0,0.05814204172633936,4.180241e-05,0.004137717,0.061300065
407,0,1,0.33783648050442067,0.99530005,0.9376804,0.34444875
408,0,0,0.3467350113289066,0.2134594,0.926541,0.31885985
409,0,0,0.027768602584906064,1.2355519e-05,0.0011988316,0.02981932
410,0,1,0.22923163496321938,0.63586265,0.22414798,0.23323898
411,1,0,0.999999999999224,1.0,1.0,1.0
412,0,0,0.004315703007405073,9.488421e-08,3.4021334e-06,0.0054691266
413,1,1,0.971726142718043,1.0,1.0,0.9654367
414,0,1,0.0010777674914149709,2.3880867e-12,1.1634994e-11,0.0012531112
415,0,1,0.0012810666525474009,2.7812626e-12,1.90372e-12,0.0019046369
416,1,1,0.8887787445166612,0.99999917,0.99999726,0.88850045
417,0,0,0.007651918208951983,3.5553356e-08,9.290598e-06,0.00852304
418,0,0,0.054108406519218825,0.00023259655,0.0045021777,0.0565727
419,1,1,0.9246113782579881,1.0,0.99999964,0.92672193
420,0,1,0.0014437513603521317,5.5148122e-11,5.996245e-12,0.0024092959
421,0,0,0.032163279391935966,1.5277324e-06,0.000228806,0.031238426
422,0,0,0.33783901037416564,0.99911386,0.999998,0.35705212
423,0,0,0.05655794860606173,0.0009792737,0.03474566,0.05866114
424,0,0,0.10178029158106112,0.023033308,0.24887232,0.10905025
425,0,1,0.5221260993745078,0.99919206,0.99675125,0.5164261
426,0,1,0.02894834752981342,5.4575325e-05,4.0598487e-05,0.033666324
427,0,1,0.04051709374173443,0.002770403,0.0010528178,0.04170721
428,0,1,0.5360185640729453,0.99951875,0.9957704,0.5429641
429,0,1,0.7101178298914579,0.999995,0.99990666,0.7170087
430,0,1,0.016246024073647846,1.7633087e-06,2.4794983e-07,0.01668177
431,0,0,0.016286492055965336,2.4358505e-07,2.3666003e-05,0.017261276
432,0,1,0.21730016932397805,0.7250236,0.32023776,0.22088839
433,0,1,0.0043855958919811165,4.175879e-08,1.756042e-08,0.0051887482
434,0,1,0.13276206933460874,0.24705353,0.06645926,0.1304577
435,0,0,0.006053110074803375,8.2355806e-10,2.653368e-08,0.0065564676
436,1,1,0.9878224560380127,1.0,0.9999999,0.9812414
437,0,1,0.005428109656846503,2.7318352e-09,2.4652034e-09,0.0055307387
438,0,1,0.029438691818460712,3.1320775e-05,1.2047181e-05,0.030922886
439,1,1,0.6691218604822025,0.9998994,0.99946964,0.6785109
440,0,0,0.024148887735903665,3.8394326e-05,0.0008606013,0.026073698
441,0,1,0.263483836747606,0.910952,0.57590157,0.2698871
442,0,1,0.15693689242323644,0.106576875,0.038238335,0.15823947
443,1,1,0.9976133579535578,1.0,1.0,0.99640447
444,0,1,0.10263767821200706,9.202951e-05,1.0921498e-05,0.10835243
445,0,1,0.00317562925039659,8.5074664e-10,3.4138203e-09,0.0037270589
446,0,0,0.32966856980362286,0.9324941,0.99981034,0.3265893
447,0,1,0.03785709898167485,9.95718e-05,1.9396304e-05,0.039309498
448,0,1,0.26617606143201167,0.90349513,0.568397,0.27170464
449,0,1,0.003970473542485485,8.2888505e-09,5.212568e-09,0.004751762
450,0,1,0.5268752362270731,0.99676144,0.9885811,0.5323318
451,0,0,0.002661462514828555,2.6737258e-11,5.5889107e-09,0.0028269673
452,1,1,0.999999999999992,1.0,1.0,1.0
453,1,1,0.7820687366508025,0.9999937,0.9999535,0.78425145
454,0,1,0.38252635589570066,0.9610566,0.82945997,0.38092062
455,0,1,0.6193814268439365,0.99938834,0.9976306,0.6275855
456,0,1,0.2328720000991578,0.90843177,0.4018399,0.23543486
457,1,1,0.10526929803252867,0.0072769974,0.00052704045,0.107062645
458,1,1,0.6165834426462378,0.99981296,0.9984225,0.6222257
459,0,1,0.23291203469350225,0.13655564,0.05190513,0.2313647
460,0,0,0.020616931947659747,6.6658276e-07,5.7184265e-05,0.02130904
461,1,1,0.5284795662790247,0.99931264,0.99305165,0.53319633
462,0,1,0.10095899926100946,0.04333838,0.01580307,0.1019599
463,0,0,0.0029826322071850185,8.354164e-09,2.9623286e-07,0.0038118947
464,1,0,0.44234066497580976,0.9465731,0.9991324,0.42733702
465,0,0,0.0011159004841751164,5.8506208e-12,5.1803308e-11,0.001938373
466,0,1,0.03172222750609469,9.195102e-06,4.6707996e-06,0.031836715
467,1,1,0.9965805168522758,1.0,1.0,0.9947314
468,0,1,0.020892823968332242,0.0003639941,6.579327e-05,0.024109494
469,0,1,0.10292888128794495,0.42445785,0.049501695,0.104404695
470,0,1,0.17283275692996494,0.027341591,0.0020990756,0.1832415
471,1,0,0.15105379713325062,0.44731885,0.94870305,0.1614098
472,0,0,0.009571473067462095,4.651556e-06,2.8698547e-05,0.016802214
473,0,0,0.05853522026535332,0.0011106896,0.025093842,0.06274245
474,0,0,0.0035700122894357354,1.1341655e-10,3.4371386e-09,0.0037842926
475,0,1,0.02308556329008657,7.3712044e-08,4.5413087e-09,0.015944982
476,0,0,0.09259831932468843,0.024055757,0.1629025,0.09599999
477,0,0,0.5857608766505282,0.9999566,0.9999994,0.5820689
478,0,1,0.09370486944568755,0.00055923924,0.00011120491,0.096281216
479,0,0,0.0600038448678989,0.0016059253,0.017459163,0.06383688
480,0,0,0.017955597641238507,9.6904216e-05,0.0030687018,0.022269525
481,1,1,0.4607977787107646,0.9930687,0.9584564,0.468041
482,1,1,0.8469998517215228,0.95648634,0.9445453,0.77585614
483,0,1,0.272061882750147,0.8831902,0.4773432,0.28508636
484,0,1,0.013291095507662077,4.4274957e-06,1.6116243e-06,0.014947465
485,0,0,0.014335542910092341,5.537532e-09,4.3907897e-07,0.014988073
486,1,1,0.1675191764528384,0.032142445,0.0071036927,0.17587174
487,0,0,0.010143026748577678,4.7407485e-07,1.38839005e-05,0.011250744
488,0,0,0.021041854438323012,1.5199113e-05,0.001634244,0.022404632
489,0,1,0.8119912530646969,0.9999994,0.99999523,0.8162596
490,1,1,0.9738109496325157,1.0,1.0,0.9682579
491,0,1,0.6555133633609567,0.9997515,0.99943715,0.65858924
492,0,0,0.01357514582760352,1.4210037e-06,4.1506275e-05,0.014558977
493,0,1,0.003382720608945811,1.0168286e-09,9.877722e-10,0.00401815
494,1,1,0.6900422658521811,0.9999331,0.9996838,0.6974006
495,0,0,0.01880120608808154,2.5568317e-05,0.00035365394,0.020786226
496,1,1,0.354253743235724,0.925611,0.8385138,0.3577272
497,0,1,0.2777388749424293,0.9805186,0.96216726,0.27936602
498,0,0,0.023358355070088085,3.224109e-06,0.00014968448,0.02391662
499,0,1,0.007235816208229737,3.5304788e-07,1.8982169e-07,0.008535424
500,1,1,0.2563270612604456,0.63506305,0.32263008,0.25834167
501,0,0,0.5847233038980245,0.99987984,0.9999999,0.5785024
502,0,0,0.2936513997707396,0.95572263,0.99992466,0.29218614
503,0,1,0.32930202103948697,0.98063654,0.75729996,0.3286433
504,1,1,0.8055013272264272,0.9984419,0.99455416,0.75735056
505,0,1,0.006188389336967016,1.2086763e-07,6.768289e-08,0.007131645
506,0,0,0.3352912255612968,0.9990163,0.9999615,0.3434424
507,0,0,0.02298115252593828,9.854506e-07,3.6797745e-05,0.024604881
508,0,1,0.011182661714016095,1.0784297e-06,5.084475e-07,0.013147303
509,0,1,0.012165883205370322,1.0044117e-05,4.849623e-06,0.014203139
510,0,1,0.33429662918259645,0.973347,0.91219115,0.3295784
511,1,1,0.28977852371954954,0.19747993,0.081114694,0.25066102
512,0,0,0.17483022219137054,0.05612636,0.7215569,0.1784949
513,0,1,0.12084266092732909,0.07658727,0.022439277,0.11938372
514,0,1,0.3557846495954217,0.98688006,0.9242768,0.36074394
515,0,1,0.27018384200100426,0.9067636,0.5807516,0.27127904
516,0,1,0.15656195805003836,0.1148933,0.023935102,0.1581213
517,0,0,0.19593160363118375,0.7370091,0.97797126,0.20240617
518,0,0,0.01192645993559885,2.0062396e-06,3.4734603e-05,0.012439028
519,0,0,0.016970446264403763,1.6080585e-05,0.0002573642,0.018834867
520,0,1,0.0023922337981391244,1.1239155e-09,1.967925e-10,0.0027919915
521,0,1,0.28820323833875405,0.9363554,0.5320314,0.29799232
522,0,0,0.006969892674990084,2.9315805e-09,7.114962e-08,0.0073928805
523,0,1,0.004112504582879134,5.3907163e-09,1.972158e-08,0.004819881
524,0,0,0.06543053473227775,0.0018695153,0.039250955,0.07096178
525,0,1,0.12352390037981331,0.06738559,0.02347163,0.122292385
526,0,1,0.006144089537043802,4.688803e-07,2.5157073e-07,0.0073314137
527,0,0,0.12371199737013959,0.07225166,0.08659174,0.10169638
528,1,1,0.931874886225642,1.0,0.9999995,0.91820925
529,0,1,0.22594269940185419,0.5044073,0.16913223,0.228033
530,0,1,0.5266229850804365,0.874649,0.68450385,0.5053864
531,0,0,0.02224776067161678,4.626162e-05,0.0012036843,0.02571026
532,0,1,0.014352208489479113,1.6536029e-06,7.815015e-07,0.014410009
533,0,1,0.010362847251446969,4.0749137e-06,2.0725374e-06,0.012361537
534,0,1,0.011397093695367002,5.0034755e-06,1.4790876e-06,0.019393306
535,1,0,0.6859518753954433,0.9999821,1.0,0.68236935
536,0,0,0.14458845186211242,0.41189983,0.9989611,0.141778
537,0,0,0.03964987345859499,0.0004128253,0.00652406,0.04182428
538,0,1,0.842298119685239,0.9999995,0.99999714,0.84784645
539,0,1,0.09572227519633927,0.45334706,0.25170818,0.10998114
540,0,1,0.004314376679733451,3.764132e-08,6.631339e-09,0.005026928
541,0,0,0.08255579546227822,0.00635829,0.0769772,0.08546594
542,0,1,0.3575497298199394,0.9922926,0.9049107,0.36504138
543,1,1,0.8312790050263299,0.99999857,0.9999877,0.8245957
544,1,1,0.6453326103795047,0.9986358,0.99663806,0.62962025
545,0,1,0.08689489841603136,0.00073975726,0.00034018746,0.0905293
546,0,0,0.007165371450356908,1.4596407e-06,1.5285237e-05,0.012577473
547,1,1,0.6063874394394504,0.9992719,0.99726534,0.61153996
548,0,1,0.019222145288387567,5.3992308e-06,2.7140024e-06,0.020376151
549,0,0,0.005460135012103696,2.2075567e-07,8.464875e-06,0.006620609
550,0,0,0.03425301733238766,0.00013279807,0.0026599336,0.037138995
551,0,1,0.09128391106303484,0.01919876,0.006026517,0.0929027
552,0,0,0.012630337139623818,1.1955207e-06,3.419171e-05,0.013812424
553,1,1,0.6423344311348834,0.99964154,0.9976071,0.6464066
554,1,1,0.9615093068207977,1.0,1.0,0.96349317
555,1,1,0.9978445167570279,1.0,1.0,0.99667585
556,0,1,0.001408785901130676,2.5050955e-12,1.8582306e-12,0.0017256063
557,0,1,0.19178446996590423,0.078074574,0.004497848,0.20305933
558,1,1,0.5574005580771174,0.9983069,0.9942881,0.5655002
559,0,0,0.008789982542871905,2.9325471e-07,9.650819e-06,0.009800716
560,0,0,0.18384747668394105,0.9810976,0.9999193,0.19327489
561,0,1,0.7022557588163536,0.99992347,0.99937844,0.7045291
562,0,0,0.006357567571214657,1.0126833e-08,3.204721e-07,0.0065759267
563,0,1,0.17904335000823554,0.2100062,0.03781578,0.18649428
564,0,0,0.019765197599339233,2.6503212e-06,7.332047e-05,0.021593204
565,0,0,0.04306219000882815,8.4363695e-05,0.0019413594,0.047194727
566,1,1,0.5291183575688047,0.99622214,0.98743904,0.5255393
567,0,0,0.018568510077396044,1.1580794e-05,0.0018967412,0.020890744
568,1,1,0.7648790012888103,0.99999285,0.9999225,0.7662668
569,0,1,0.17809748587104532,0.090129435,0.045170892,0.17669505
570,0,1,0.28566217868266397,0.67829055,0.41179264,0.28706947
571,0,0,0.2061117398706086,0.92732346,0.9944867,0.20808767
572,0,1,0.07817789255107584,0.0057361284,0.0019009201,0.079616606
573,0,1,0.12681191847488474,0.0040462436,0.0012710183,0.11993625
574,1,1,0.25816195651677826,0.5903255,0.28764442,0.25787646
575,1,1,0.8307020571837538,0.99999106,0.9998679,0.8140774
576,0,0,0.00086016272655816,9.878612e-13,3.8457397e-11,0.0010647518
577,0,0,0.0023072886397878306,3.0779475e-09,6.0045664e-08,0.0028822236
578,1,1,0.29561896472160476,0.8346845,0.543872,0.305382
579,0,0,0.017285592548165453,8.525503e-07,1.2245907e-05,0.01833111
580,0,1,0.7297702574473964,0.9998158,0.99924535,0.7370597
581,0,0,0.0029007675262338237,7.983911e-12,3.2594107e-09,0.0027606636
582,0,0,0.006649133905793947,1.1517854e-08,5.0886376e-07,0.0073525542
583,0,0,0.01156251078715638,9.572133e-07,2.7330587e-05,0.013128918
584,0,1,0.2062690193581291,0.8194613,0.41290694,0.20576334
585,0,1,0.010188294658990946,1.4278189e-06,7.6044364e-07,0.011755807
586,0,0,0.01997604484551602,7.471872e-05,0.0007745639,0.034657747
587,0,1,0.5523497893893659,0.99992347,0.99951947,0.5574217
588,1,1,0.8627668549358407,1.0,0.99999964,0.86706907
589,0,1,0.023226494527191142,0.01115293,0.0009081184,0.027085608
590,0,1,0.002029932412659893,1.3074262e-08,1.1066561e-08,0.0025108256
591,0,0,0.000279091535411798,1.5060146e-13,2.0116458e-12,0.0004929552
592,0,0,0.07517259290900236,0.004102447,0.06334846,0.074671105
593,0,1,0.07393191715788525,0.0015146767,0.00017423255,0.0713266
594,0,1,0.13602720454582648,0.10383973,0.032824796,0.13679567
595,0,0,0.01493764788810444,4.9055625e-06,0.00010354933,0.016447576
596,0,1,0.09768235079903148,0.0032034137,0.0002831225,0.09874245
597,0,1,0.1254430380894153,0.016278682,0.002314754,0.12841365
598,0,1,0.14186523926712624,0.00080873264,0.00017105488,0.102082126
599,0,1,0.18326587070292366,0.077529475,0.021790693,0.19072166
600,1,1,0.6121261011448527,0.9998981,0.99873835,0.61834234
601,0,0,0.03979987901126227,3.5127316e-05,0.0033262165,0.04427424
602,0,1,0.24791018200799317,0.03770666,0.0038433927,0.22192118
603,0,0,0.001623632578665787,1.2574844e-10,2.9291508e-08,0.00202044
604,0,1,0.18514647611360513,0.08331437,0.01908371,0.19259317
605,0,1,0.01570953166693654,3.9103995e-08,6.896541e-09,0.01681788
606,1,1,0.2249413916549428,0.63416433,0.25878066,0.2289742
607,0,0,0.06257871802878939,0.008204228,0.076766305,0.065032996
608,0,0,0.00233018060030852,3.1535363e-09,3.4628826e-08,0.002823332
609,0,0,0.023020843114397824,1.9129684e-05,0.00052729365,0.025867628
610,0,0,0.014892436833363863,4.4984867e-07,1.1666482e-05,0.015818177
611,1,1,0.9999999999999931,1.0,1.0,1.0
612,0,0,0.07139696453635662,0.0044563096,0.93204176,0.07020717
613,1,1,0.7785434031364159,0.9999833,0.9998839,0.78111845
614,0,1,0.0409577884740671,4.2292754e-07,5.2901953e-07,0.040562853
615,0,1,0.014834749653997097,1.0890213e-05,5.4099155e-06,0.016940704
616,0,1,0.6377884599642535,0.999895,0.99929786,0.64890486
617,1,1,0.9968133564092783,1.0,1.0,0.9951797
618,1,0,0.8908263126794747,0.99999785,1.0,0.86415
619,0,1,0.018675250964827462,4.727381e-06,9.717932e-07,0.01901133
620,0,1,0.18592836897218235,0.0665655,0.006028671,0.19693114
621,0,0,0.06355002427987931,0.00017986483,0.002374731,0.033951942
622,0,1,0.4369776092642769,0.981739,0.7741419,0.43940246
623,0,1,0.0034994278090211078,9.282797e-11,8.533546e-11,0.004123373
624,0,0,0.02318173046931597,2.3544468e-08,3.96716e-06,0.011898462
625,1,1,0.5428330372066431,0.9957354,0.98107785,0.54641044
626,0,1,0.04533806067239183,0.0017161072,0.0007466186,0.05266285
627,0,0,0.020853102846781574,9.411531e-06,0.00019298597,0.02271897
628,0,1,0.21567609065103943,0.7975132,0.22263147,0.22311957
629,0,1,0.06922735449062524,0.055913206,0.010682987,0.07869381
630,0,0,0.03396138313509839,0.00021006147,0.0018158479,0.03551549
631,0,1,0.4117865475620842,0.9924299,0.9521791,0.4129622
632,0,1,0.12707363601980587,0.106510624,0.00435057,0.13086079
633,1,1,0.7182429304816391,0.99996805,0.9997534,0.7208143
634,0,0,0.0005072228246054426,4.8945927e-11,9.416704e-11,0.00040695563
635,0,1,0.37225677429709547,0.9596371,0.78651845,0.37636936
636,0,1,0.3410419704407983,0.9703887,0.80434906,0.34554696
637,1,1,0.3316834284626861,0.989057,0.92800754,0.3373905
638,0,0,0.007060474237586795,1.7425291e-08,6.033658e-07,0.0077781333
639,0,0,0.05776649288228983,0.00066168077,0.010022707,0.05964673
640,0,1,0.0726542845287069,0.00015797417,2.7015378e-05,0.05194105
641,0,1,0.12390250781722617,0.02954954,0.009998135,0.12718911
642,0,1,0.637288370454093,0.9999497,0.9991404,0.64225596
643,1,1,0.9851132978630612,1.0,0.9999999,0.9780863
644,0,0,0.002062536186755256,4.2482906e-10,1.583009e-08,0.0026282244
645,0,1,0.300810349875511,0.68188757,0.21521102,0.307412
646,0,1,0.012337734203145418,3.9540012e-07,5.7642243e-08,0.012405592
647,1,1,0.2313083133748889,0.8681487,0.5124567,0.24094877
648,0,0,0.03528746063974666,0.00019883513,0.004327003,0.039214298
649,0,0,0.01216879771852933,8.3935165e-06,0.00029427148,0.015446365
650,0,0,0.004703141309218184,1.9271125e-08,6.036363e-07,0.0057404432
651,0,1,0.001707193757956147,1.335688e-10,3.9501315e-11,0.002870323
652,1,1,0.9004290299971142,0.9999975,0.9999628,0.88444555
653,0,1,0.5694506562565365,0.99993944,0.9994593,0.5758745
654,1,0,0.3042117553127096,0.9836411,0.9999554,0.30839017
655,0,1,0.014297598279469111,9.6892245e-09,1.8497464e-09,0.006925141
656,0,0,0.0016913625080820563,1.3745802e-10,5.6719123e-09,0.0021677383
657,0,1,0.05356096270059284,0.00044171774,0.00017721594,0.05299316
658,1,1,0.3532393825438444,0.8971953,0.64880824,0.3584335
659,0,1,0.7614200617228094,0.9999999,0.99999774,0.7654274
660,0,1,0.00209317457580522,1.7817615e-11,1.0199918e-11,0.002561743
661,1,1,0.326586964197296,0.9820109,0.8289358,0.33263594
662,0,1,0.011297316184893012,4.462034e-09,2.3094704e-09,0.011758799
663,0,1,0.40967053683218035,0.9928034,0.9379058,0.41697645
664,1,1,0.7443188018931561,0.99999404,0.99994206,0.75111836
665,0,0,0.044900067348203,4.1824096e-06,0.00032420765,0.041483987
666,0,1,0.6570309053529924,0.9997172,0.9990945,0.66071194
667,0,1,0.0037695770795362865,3.1486877e-08,5.4290807e-09,0.004384721
668,0,0,0.10673078492982925,0.008319641,0.9742493,0.104464814
669,0,0,0.004049193741158651,3.730701e-09,5.6807386e-07,0.0043004453
670,1,1,0.6973443363897257,0.9990997,0.9945362,0.67059076
671,0,1,0.006095450212279866,3.291584e-07,4.3198156e-08,0.0071928822
672,0,0,0.003675786400408889,3.8719914e-08,1.5473173e-06,0.004679903
673,0,0,0.0019316430089046537,1.8415539e-10,7.209601e-09,0.0024228457
674,0,1,0.2607978914045027,0.9034318,0.24718067,0.26554558
675,0,1,0.05223256970832188,0.0023341808,0.0012427872,0.052183542
676,0,0,0.03153951153691206,2.8521697e-05,0.0029677148,0.032844294
677,0,1,0.47537609881317955,0.9991555,0.9924379,0.48185235
678,0,1,0.2920311336290965,0.4889777,0.036222126,0.27085087
679,0,1,0.21860851909123738,0.49132237,0.18881498,0.22105528
680,0,1,0.7080926593768908,0.9999889,0.9998585,0.7141816
681,0,1,0.6676377843545785,0.9999813,0.99983406,0.672213
682,0,1,0.06903931452414805,0.006168977,0.0011452717,0.06877037
683,0,0,0.15432950591213485,0.21058056,0.9947877,0.15602742
684,0,0,0.001925275169282566,7.855453e-09,6.930644e-07,0.002353665
685,0,0,0.005018304200709298,8.501959e-08,2.6432413e-06,0.006108333
686,0,1,0.31328517281893414,0.8907324,0.4498832,0.32291692
687,0,1,0.5580395343265648,0.99914074,0.99761766,0.5526324
688,0,0,0.005162726171240654,1.6647156e-09,4.4875816e-07,0.005522525
689,1,1,0.9988507176985206,1.0,1.0,0.99795747
690,0,0,0.40276201796766686,0.53668076,0.99944276,0.3600475
691,0,1,0.18390435277702807,0.5568933,0.102649,0.18761079
692,0,1,0.5932833814749601,0.98495895,0.9532229,0.5630828
693,1,1,0.28325992066584876,0.71394926,0.5052691,0.28771183
694,0,1,0.6964561214248571,0.9999738,0.9998071,0.6997143
695,0,0,0.016665291756059585,5.4123357e-06,0.00013566819,0.018352333
696,0,1,0.05422307020853578,0.0016449098,8.768526e-05,0.05485441
697,0,0,0.6048601423270423,0.9999479,1.0,0.58286273
698,0,1,0.050918636411944884,0.00037159654,9.186861e-05,0.051619593
699,0,0,0.025079909083660496,3.0142137e-05,0.00064091134,0.025907217
700,0,0,0.022461792714664308,3.9426177e-06,8.925455e-05,0.0248328
701,0,0,0.0018292710747752504,2.5264717e-09,3.0116655e-07,0.0022306086
702,0,0,0.017368599458975207,1.0913978e-06,7.45836e-06,0.018119002
703,1,1,0.717107008940949,0.9999629,0.9998299,0.72628975
704,0,1,0.9114187856726884,1.0,0.9999994,0.9061933
705,0,0,0.043700604094220226,0.0007587728,0.0069652954,0.047418352
706,0,1,0.00247623782272774,9.925352e-10,2.1000138e-10,0.0029120897
707,1,0,0.4567756141351745,0.99936575,0.99999774,0.45007354
708,1,1,0.7494462684269548,0.99998856,0.9998995,0.75062436
709,0,0,0.0026242013228679707,2.0885059e-10,9.11937e-09,0.0032461176
710,1,1,0.7186335409060288,0.9999542,0.9996097,0.7240979
711,0,1,0.08779847456317376,0.017147744,0.0059817648,0.08812626
712,0,0,0.05433077614869696,0.00050787884,0.008799282,0.054975383
713,1,1,0.5059444541089787,0.99803466,0.98765254,0.5127189
714,0,1,0.18966195405314498,0.24023929,0.066835746,0.19269294
715,0,0,0.0037606453086196194,1.3270377e-08,3.6769652e-07,0.0046199104
716,0,1,0.36705212024647066,0.9946058,0.93760914,0.36969298
717,0,1,0.11329013358033505,0.014217779,0.0054854467,0.11614504
718,1,1,0.46808482828308406,0.9980648,0.9787415,0.4783163
719,0,1,0.38720030582122955,0.83647835,0.6203046,0.39781797
720,0,1,0.15874681054377532,0.053704254,0.022634072,0.15992336
721,0,1,0.020133403365535558,9.317476e-06,8.890436e-06,0.021721601
722,0,0,0.16059312802933878,0.63243014,0.9792644,0.16907337
723,0,0,0.02125335957020757,5.257308e-07,0.0001122948,0.020598048
724,0,0,0.004791152095838833,9.859319e-09,2.692687e-06,0.0059399595
725,0,0,0.009528093785842219,8.94307e-09,8.33893e-07,0.010232199
726,0,1,0.3186586016880406,0.84875375,0.4964939,0.326646
727,0,0,0.0993355122082002,0.011152741,0.12932236,0.10297859
728,0,1,0.16050013845176417,0.17799948,0.090937704,0.16402496
729,0,0,0.05421938481108731,0.0003748235,0.010018418,0.05821598
730,0,1,0.6497273284813234,0.9999882,0.9999416,0.67472535
731,0,1,0.01184958736738178,9.574557e-08,6.450062e-08,0.012396453
732,1,1,0.6587857071231259,0.9999769,0.999794,0.661246
733,0,1,0.12807878515001064,0.34666833,0.04267713,0.13476881
734,0,1,0.0015040982939831407,7.256928e-11,1.8742136e-11,0.0017422255
735,1,1,0.9756923897453246,1.0,1.0,0.97034353
736,0,0,0.17176362960289493,0.9783864,0.9998548,0.18291616
737,0,0,0.0024499007325899987,1.5842193e-09,3.8207267e-07,0.0030101761
738,0,1,0.6139122379059089,0.9973126,0.98143274,0.59771156
739,1,1,0.3406886680389486,0.97138363,0.8891678,0.34680608
740,0,0,0.10092747932662721,0.0077271755,0.83309823,0.097570196
741,1,1,0.113564380655482,0.03520179,0.0060495487,0.11106022
742,1,1,0.751427197629218,0.9999683,0.99949086,0.72704244
743,1,1,0.5151024266723443,0.99754304,0.98017037,0.52506196
744,0,1,0.3496983783542367,0.9456442,0.86829066,0.3575846
745,0,1,0.028055451464432356,1.47419905e-05,8.532778e-06,0.029466791
746,1,0,0.4762243721332295,0.0063317893,0.3420778,0.2833547
747,1,0,0.9653211857197739,1.0,1.0,0.9561343
748,0,0,0.078506520208706,0.049226243,0.36291674,0.08385521
749,0,1,0.44931156916135223,0.99938524,0.9961159,0.45196152
750,1,1,0.18090720932532672,0.12196379,0.008740652,0.18395261
751,0,0,0.00842104376141677,2.3884347e-06,6.288794e-05,0.010877402
752,0,0,0.014974904726553207,1.561706e-05,4.488576e-06,0.00869802
753,0,0,0.0817194828286294,0.0187427,0.2228206,0.08316036
754,0,1,0.001017931060011061,2.2830257e-13,3.0422274e-13,0.001208049
755,0,1,0.08570154383738302,0.005618774,0.00058110885,0.08874862
756,0,0,0.008027315006410407,8.302451e-07,1.7823335e-05,0.009546667
757,0,0,0.014828081775236878,1.3664462e-06,2.358215e-05,0.015457537
758,0,1,0.3343259903947809,0.9798504,0.87236285,0.33831003
759,1,0,0.13237196171416177,0.30487517,0.8714114,0.13895197
760,0,1,0.2299359372648776,0.4157688,0.23701271,0.22908935
761,0,0,0.006806208649981481,4.6928827e-07,9.053324e-06,0.008111554
762,1,1,0.6652169528985271,0.99842453,0.99006003,0.63574386
763,0,1,0.02047803821638495,4.113269e-05,1.05227355e-05,0.023418244
764,0,1,0.038165068176761394,0.00016086687,6.127174e-05,0.03843445
765,0,1,0.08260048235152283,0.00023627387,2.6935782e-05,0.08534216
766,0,1,0.0334796471818026,6.9797875e-07,8.451691e-08,0.01662451
767,0,1,0.4858196153266582,0.9908852,0.9357807,0.471484
768,0,0,0.13593414454898026,0.21597524,0.993555,0.13244975
769,0,0,0.0009137654756656966,1.9023734e-12,5.093847e-10,0.0011201212
770,0,1,0.242608327714523,0.9963253,0.9048282,0.24736415
771,0,0,0.004722038524446394,4.1961323e-09,9.243129e-08,0.0050800126
772,0,1,0.11444311877955975,0.016379908,0.020017,0.1168466
773,1,1,0.864848251900318,1.0,0.99999964,0.8673348
774,1,1,0.6023835274356908,0.9906241,0.9851413,0.5516533
775,0,1,0.359429696371794,0.99588674,0.9627227,0.36197627
776,1,1,0.1930476718950671,0.32419538,0.018025858,0.20144163
777,0,0,0.01756976252643653,9.265214e-06,0.0003699876,0.020245627
778,1,1,0.41800581579637,0.99860305,0.97989917,0.42799255
779,0,1,0.10931881017947319,0.0045463364,0.00040625347,0.11106045
780,1,0,0.3751288390144523,0.9973884,0.9999888,0.37371126
781,0,1,0.049237694450186345,0.00011992428,4.5975667e-05,0.049623724
782,1,1,0.2687843038017691,0.90526384,0.52595073,0.28320944
783,0,0,0.7827622966726271,1.0,1.0,0.7910788
784,0,1,0.31508285926414753,0.74407786,0.39398676,0.31996542
785,1,1,0.8483340720994259,0.9999989,0.99999344,0.84702224
786,0,1,0.00367721952053846,1.2025796e-08,2.6110694e-09,0.004276967
787,0,1,0.013585496334721656,1.1459178e-07,4.298864e-08,0.01418735
788,1,0,0.20629026429601924,0.816382,0.98161364,0.215023
789,0,0,0.012244561559466426,8.526563e-06,0.00030000822,0.015532007
790,1,1,0.31135734804692616,0.9618953,0.72232634,0.3169912
791,0,1,0.31637231557877815,0.72608125,0.392989,0.3275696
792,1,1,0.39515149360271506,0.9250361,0.8345143,0.3835483
793,0,1,0.42756981186183646,0.995314,0.97570795,0.43879458
794,0,1,0.034905999139903755,0.00011268266,3.9059298e-05,0.03639285
795,0,1,0.1377981202729117,0.8879543,0.61782426,0.14664158
796,0,1,0.3488671436913215,0.9635978,0.7420746,0.34673396
797,0,1,0.10781506285905434,0.0007256565,0.00010639973,0.11048033
798,0,0,0.012376236626294524,2.4453797e-09,2.03238e-07,0.0091825295
799,0,0,0.01406621749685261,1.2597861e-05,0.000103150305,0.015373265
800,1,1,0.8553552107042585,0.99999917,0.9999964,0.8558923
801,0,1,0.0035537498683765704,5.3364424e-10,1.7000043e-10,0.004311733
802,1,1,0.20362694063684122,0.80261034,0.49144107,0.20849411
803,1,0,0.6952929210611081,0.9999193,1.0,0.68108016
804,0,1,0.08848704487596813,0.00019746649,5.8039885e-05,0.0936579
805,1,1,0.9050444819070099,0.9996986,0.9983537,0.8761334
806,0,1,0.0780798163075921,0.04108704,0.007223641,0.08199673
807,0,1,0.07808675872110721,0.0027981715,0.0017006156,0.07847421
808,0,1,0.5631695214053472,0.9997358,0.9993419,0.5781689
809,0,1,0.01035931900206909,4.8840155e-07,5.5706607e-08,0.01057434
810,0,0,0.0015004406672995936,1.1652256e-10,2.8376643e-09,0.0016869812
811,0,0,0.017771174722023848,9.872615e-06,0.00011728784,0.030721363
812,0,1,0.11364824619935292,0.0010905452,0.00013467173,0.1208532
813,0,1,0.06544887599433336,0.0009650495,0.0004173462,0.06517881
814,0,1,0.2665212288499005,0.7587389,0.35616776,0.27179283
815,1,1,0.9828251193473485,0.99999976,0.99999917,0.9703528
816,1,0,0.24728604846209642,0.8355663,0.9991775,0.24997002
817,1,1,0.7631958014608109,0.99999833,0.9999597,0.76862705
818,0,1,0.12561926819006392,0.44544497,0.115169026,0.12662166
819,0,1,0.21304182267146715,0.77068734,0.5714234,0.21806373
820,0,0,0.037325474695548054,0.0003075146,0.006935374,0.04143306
821,1,1,0.7022975133285962,0.99996126,0.99968714,0.70666414
822,0,0,0.0015697314935514833,2.835234e-10,3.97297e-09,0.0027575043
823,1,1,0.6297912639456194,0.99997544,0.9998611,0.6245344
824,0,0,0.01760479478311261,1.2284648e-06,3.2942313e-05,0.019311987
825,0,0,0.005219260009826011,1.6356508e-07,6.5941986e-06,0.0066004186
826,0,1,0.22387866676450752,0.44391522,0.07844998,0.22838888
827,1,1,0.3591872671427424,0.9938069,0.9821681,0.35622758
828,0,1,0.0047881630497315615,2.451279e-08,9.305909e-08,0.005642219
829,1,0,0.8345532719341208,0.9999994,1.0,0.830055
830,1,0,0.23359381738237375,0.20459193,0.89724076,0.23562865
831,0,0,0.026617478467739996,5.8245782e-06,6.20221e-05,0.02811644
832,1,1,0.16146539767853332,0.027021639,0.0017508783,0.17305146
833,1,1,0.6088077567838314,0.9989856,0.9946559,0.6156626
834,0,0,0.0010175784836887185,1.0628041e-12,1.6271103e-10,0.0012104864
835,0,1,0.029244429290797062,0.00057075894,0.0002454673,0.034085926
836,0,0,0.09771604530502552,0.077788256,0.57600147,0.10490272
837,0,1,0.04905706634311459,1.1114822e-06,7.0349535e-07,0.05072542
838,0,1,0.06092867501393218,0.009012014,0.0028824992,0.063828774
839,0,0,0.034930184201658714,0.00015038504,0.0035342015,0.03749985
840,1,1,0.9902709306538482,1.0,1.0,0.98813057
841,0,0,0.022370200768375165,8.3852705e-05,0.0010166111,0.023831101
842,1,1,0.997325592757199,1.0,1.0,0.9959476
843,0,0,0.005346147540319619,3.407231e-09,1.1196735e-07,0.00568705
844,0,1,0.1606572693916139,0.18379846,0.031644188,0.16717504
845,0,0,0.36878708121811876,0.99703574,0.9999962,0.3666709
846,0,0,0.0033781683671190534,2.1639684e-08,9.575521e-07,0.004299355
847,0,1,0.00808808530610739,5.731169e-09,7.488695e-09,0.008397248
848,0,0,0.0012237485309718095,8.854796e-12,2.0914528e-09,0.0015094732
849,0,1,0.046905473203546495,7.42886e-05,2.4954139e-05,0.048128854
850,1,1,0.7096698533180799,0.9999697,0.99981654,0.7133055
851,0,0,0.00040482914327768897,8.1412944e-14,2.3767323e-11,0.00049842807
852,0,1,0.6755429580980346,0.99768436,0.99695927,0.6331417
853,0,1,0.13231977078545057,0.025732119,0.0021615946,0.13471203
854,0,0,0.0034319865727097383,8.257165e-09,1.2915197e-07,0.005954497
855,0,0,0.15325855406983993,0.0024510068,0.0978589,0.14060725
856,0,1,0.23923714423371192,0.77286303,0.58725405,0.24513048
857,0,0,0.00636033433556221,2.6263177e-07,3.3148274e-06,0.0069999266
858,0,1,0.2991341201234443,0.9603445,0.7094668,0.3051073
859,0,0,0.10258172398795025,0.008561034,0.10979331,0.10657588
860,0,1,0.6803245878012341,0.9999033,0.9994418,0.68362576
861,1,0,0.44890454974621774,0.99863476,0.99999666,0.44878244
862,0,1,0.03540353150585975,2.8218652e-05,9.169479e-06,0.03605851
863,1,1,0.5973392848030425,0.99994874,0.999619,0.6036526
864,0,1,0.006137144612811292,3.2580745e-09,1.38529375e-08,0.0072232345
865,1,1,0.6062264914294734,0.9998419,0.99902916,0.60981387
866,0,1,0.0020030496364754377,2.3414976e-10,1.6754208e-10,0.0023339055
867,0,1,0.20153416190344486,0.59616596,0.2052094,0.20512527
868,0,1,0.043293570343585275,0.016276423,0.005470691,0.052829508
869,0,1,0.006012205717084618,3.5384026e-08,1.5212125e-08,0.0070587364
870,0,1,0.03230287906186437,7.4015516e-05,3.232511e-05,0.03198799
871,1,1,0.3987362360365292,0.99065655,0.95633835,0.41045582
872,0,1,0.042900362150322044,0.00013553242,0.00014088173,0.043434493
873,1,1,0.32597393368745264,0.9881457,0.939091,0.32367474
874,1,0,0.9977515919207337,1.0,1.0,0.9966654
875,0,1,0.04846805625037804,0.0003265245,0.0001743785,0.048753984
876,0,1,0.7770201817011075,0.99999785,0.9999597,0.78314006
877,1,0,0.6572812990967315,0.99998903,1.0,0.65917075
878,1,1,0.6313679716784882,0.9999186,0.99897784,0.6370891
879,0,0,0.011400068770830605,1.8456738e-05,0.0003571342,0.012999041
880,0,0,0.010400296562489426,3.9717673e-08,2.2754903e-06,0.010950763
881,1,1,0.6053989103520215,0.9999461,0.9996462,0.6233922
882,1,1,0.9645733665740394,1.0,0.9999999,0.95702845
883,1,1,0.830233963669971,0.99996305,0.9997142,0.80938447
884,0,0,0.03188917006306201,0.00020629812,0.0051756254,0.034371633
885,1,1,0.6575755685397369,0.99981487,0.9985451,0.6627961
886,1,1,0.6693013846754186,0.99998236,0.9997815,0.6759506
887,1,0,0.8698968154450247,0.9999876,1.0,0.84357774
888,0,0,0.017761494087612646,8.7824264e-07,6.437993e-05,0.018857958
889,0,0,0.0066622785847535275,2.0903897e-07,2.0161142e-05,0.008119139
890,0,0,0.015438370611843789,4.1061344e-07,1.0352467e-05,0.017262748
891,0,0,0.008813822699582757,6.1370597e-06,0.00019736071,0.010635142
892,0,1,0.2663547027959317,0.4244661,0.23532005,0.24795191
893,1,1,0.5236661189984254,0.9999759,0.9998646,0.5382354
894,0,1,0.2576755709587687,0.6383846,0.1287636,0.2665612
895,0,1,0.1460645104784586,0.0013270014,0.00021992487,0.15118848
896,0,1,0.23110778659792852,0.7965195,0.5796468,0.2291002
897,0,0,0.07239306555386246,0.006988034,0.11649431,0.08020445
898,0,0,0.09049070368515416,0.038541712,0.1940923,0.093825
899,1,0,0.1465273688327812,0.08830313,0.56232464,0.1589237
900,0,0,0.05047440237535486,0.0011530481,0.020748558,0.053190704
901,1,1,0.9933495730650018,1.0,1.0,0.9898434
902,0,0,0.5936174837959051,0.99996877,0.99999976,0.5887476
903,1,1,0.348808033141737,0.70906657,0.24890895,0.36628637
904,0,0,0.015574875669996598,3.561004e-06,9.4874e-05,0.017170286
905,0,1,0.03203999099550811,0.00012730509,4.0711344e-05,0.033663925
906,0,0,0.020780012014902288,1.9538365e-05,0.0009602546,0.02267865
907,0,1,0.7686601890075745,0.99999917,0.9999732,0.7773672
908,0,0,0.00478018508685989,2.332895e-09,9.9015175e-08,0.005280707
909,0,1,0.14529938117373437,0.0024074786,0.00015952434,0.15680258
910,1,1,0.8117100520140309,0.9999598,0.9998796,0.7954902
911,0,1,0.03597279926569802,0.004794773,0.00030066937,0.03987244
912,0,0,0.031021133506940378,2.7519573e-05,0.0016134607,0.03183695
913,0,1,0.008662770939616923,1.2544706e-06,3.478851e-07,0.010147668
914,0,1,0.02064174897039509,0.00016154457,1.917657e-05,0.022697186
915,0,0,0.5397129945165269,0.88662815,0.99722844,0.5085635
916,1,1,0.6650928668530777,0.9998727,0.99935,0.67020804
917,0,0,0.002333579534494834,1.5861272e-09,3.5386057e-07,0.0028912574
918,1,1,0.38582657653704583,0.9751693,0.90545154,0.3937286
919,0,1,0.0017001064592445116,3.8801867e-10,2.1600984e-10,0.0021456224
920,0,0,0.008448508108223306,1.0784341e-05,0.00015661218,0.010385706
921,0,1,0.045465097679859116,5.0796785e-05,3.275389e-05,0.043269582
922,0,1,0.010938364339318279,6.4780324e-06,2.8849818e-06,0.012734082
923,1,1,0.8837224925732231,0.99999976,0.9999988,0.88667655
924,0,0,0.00302902817033346,1.7037454e-08,6.628459e-08,0.0054848795
925,0,0,0.015236893812970914,3.3909956e-07,8.267006e-06,0.016272727
926,0,1,0.007601388835160942,5.4934776e-07,1.5771238e-07,0.012626494
927,0,0,0.009632201419079896,1.6700864e-05,0.00027364705,0.0123276785
928,0,1,0.1215261366213297,0.08425108,0.019435685,0.12370354
929,0,1,0.03191686209167861,0.00055462745,0.00011549742,0.031742893
930,0,1,0.03191254148657806,4.0479017e-06,1.8496152e-06,0.029365938
931,0,1,0.2733806173011876,0.7587673,0.37308127,0.27289724
932,0,1,0.30466683761154006,0.87391,0.58525914,0.30974928
933,0,1,0.2985996339138982,0.42979962,0.054620866,0.31184673
934,1,1,0.31433830486976666,0.97310567,0.6580064,0.31799498
935,1,1,0.8566553319071335,0.9999999,0.9999994,0.86162317
936,0,1,0.2923170233194459,0.980771,0.8500355,0.2959005
937,1,1,0.971840503139835,1.0,1.0,0.97304404
938,0,0,0.007592747939235011,8.448688e-05,0.0012451801,0.012956987
939,1,1,0.15429624762069305,0.007918904,0.0008314703,0.164855
940,1,1,0.29135017460503215,0.6245895,0.46540755,0.296275
941,0,1,0.1697509722796022,0.20810871,0.12948662,0.17156014
942,0,1,0.36958908248843186,0.9828315,0.91197723,0.3784612
943,0,0,0.004781313835311611,2.632105e-07,4.5469108e-07,0.0038783224
944,0,1,0.4154069120069083,0.8818312,0.40439546,0.40114322
945,0,1,0.2579462308613659,0.668492,0.28729638,0.25788173
946,1,1,0.4679235558015227,0.99662584,0.98247474,0.4789709
947,0,0,0.0018613694493532199,3.0817495e-12,6.5917355e-11,0.00199877
948,0,0,0.013086909145053421,0.00010654097,0.0012263977,0.015310983
949,0,1,0.027953888954683436,3.7857037e-05,3.4860223e-06,0.028330965
950,0,1,0.014724571436626836,2.5768125e-07,1.1235842e-07,0.014768879
951,0,1,0.008976048045912994,1.0651181e-07,3.5516557e-08,0.0092216255
952,0,0,0.019291675707008737,0.00014307121,0.0049216696,0.02386318
953,1,1,0.25005313285623115,0.46769783,0.1440251,0.25794896
954,0,1,0.4012313346223805,0.9714977,0.9357589,0.39399514
955,0,1,0.0012043632195957831,5.1738926e-11,1.9471499e-11,0.0020426286
956,0,0,0.06834106997283394,0.025041914,0.24675259,0.08037756
957,1,0,0.6039543086836897,0.9999552,0.999997,0.6244654
958,0,0,0.29405742313479694,0.9830357,0.999887,0.2910029
959,1,1,0.4451571637782146,0.9896489,0.942581,0.45245922
960,1,1,0.5814174227994304,0.99994624,0.99889946,0.5848509
961,0,1,0.003198486170223885,2.6540652e-09,1.6892836e-09,0.0037426478
962,1,0,0.44153454922505037,0.9979785,0.9999018,0.44954708
963,0,0,0.05603121836624781,0.007821948,0.21950439,0.06134206
964,1,0,0.7678108825438448,0.9999981,1.0,0.7619248
965,0,1,0.20977335594500918,0.5258088,0.26616332,0.21146862
966,0,1,0.5212113061382352,0.99920607,0.9981827,0.53201854
967,0,1,0.004852555994663331,2.2410866e-08,9.013732e-08,0.0056920457
968,0,1,0.40103145488733816,0.9973495,0.9710018,0.40649438
969,0,1,0.01177945144941961,1.1671518e-06,1.5125206e-06,0.013532327
970,0,1,0.31187880822899955,0.9651267,0.7262847,0.32012618
971,1,1,0.6963148744941111,0.8976788,0.86302054,0.6396175
972,0,0,0.1866365034288778,0.12670392,0.60931635,0.15596732
973,0,1,0.3586967749821252,0.99710053,0.97762364,0.36603472
974,0,1,0.0009875343389988997,1.684247e-11,6.043644e-12,0.0016354652
975,0,1,0.4367150879440491,0.99806756,0.97440153,0.44369027
976,0,0,0.023534281133709558,1.2256541e-05,0.00015249486,0.025392171
977,0,0,0.006520664469851542,1.07079714e-07,9.914356e-06,0.011394342
978,0,1,0.17284158182582054,0.09156308,0.020231763,0.17751607
979,1,1,0.20813619160777236,0.5063814,0.095798634,0.21180394
980,1,1,0.6057154013539027,0.9984262,0.9925564,0.5931348
981,0,1,0.16545696865757564,0.123888575,0.053474084,0.1694192
982,0,0,0.044981741274649725,0.00011453458,0.002266992,0.048452415
983,1,0,0.6903403031534209,0.99307597,0.99941397,0.64179224
984,0,0,0.07403923026619114,0.0017051485,0.069586754,0.07446975
985,0,0,0.15374045065023173,0.39412448,0.8982847,0.15822089
986,0,1,0.4011334880951951,0.8011653,0.39751968,0.41748536
987,0,1,0.003951867023038194,3.6110677e-09,2.1721633e-09,0.004745812
988,1,1,0.09940354873268684,0.029036932,0.0076270625,0.100939535
989,0,0,0.062452999757080345,0.0003467838,0.012304413,0.065322354
990,0,0,0.022257100230915837,0.0003257301,0.006681091,0.027368544
991,1,1,0.41858571668573885,0.9720856,0.9010128,0.41608247
992,0,0,0.09458715513965557,0.04390724,0.9523312,0.092503436
993,0,0,0.02400672137579764,0.0058067697,0.09182929,0.025660818
994,0,0,0.035051443273021295,0.0018689032,0.008811629,0.037596297
995,0,1,0.09316953875094625,0.006900671,0.0005044766,0.09617991
996,0,1,0.21167133448010123,0.45229435,0.13605179,0.21516047
997,0,0,0.00843401090550627,2.1908913e-07,2.6522453e-06,0.009074278
998,1,1,0.4891977896623458,0.9999089,0.9990772,0.52400744
999,1,0,0.5024074109096038,0.99929297,0.9999981,0.49550697
1000,1,1,0.4392655677900388,0.9888298,0.91548836,0.45105752
1001,0,0,0.006925829447970292,8.7612015e-09,3.8966556e-07,0.0077066077
1002,0,0,0.003219733225514495,8.402007e-09,4.3872657e-07,0.0039462764
1003,0,1,0.10622726864046753,0.014586499,0.0036835033,0.108447045
1004,0,0,0.021764981052726975,7.796703e-06,0.00019087121,0.023587495
1005,0,1,0.3494871745781573,0.35731268,0.21345715,0.33656096
1006,0,0,0.0014239696614280991,9.109642e-11,2.3265462e-08,0.0017611329
1007,1,1,0.8129160785443508,0.9999999,0.99999964,0.81789297
1008,0,1,0.6919341781008631,0.99998987,0.99991477,0.69562405
1009,0,1,0.18018844804248937,0.00048637128,0.0003149396,0.15234819
1010,0,1,0.00138889531560214,4.2235413e-11,3.450404e-11,0.0016034021
1011,0,1,0.0076075292556446305,4.79664e-07,3.6263512e-07,0.009141889
1012,0,1,0.20318124629783818,0.4411357,0.3312403,0.20093568
1013,0,1,0.16445953027207383,0.038111985,0.0063623404,0.16535373
1014,0,0,0.004676771941118745,2.2771331e-09,6.8735226e-08,0.004954665
1015,0,1,0.0031644601195081295,1.5070665e-09,6.0957372e-09,0.0037546146
1016,0,1,0.23004685170540998,0.8309577,0.37781078,0.23503384
1017,0,0,0.005325255665036791,6.8384485e-09,1.9860387e-07,0.0056418977
1018,0,0,0.10448777260051834,0.004030043,0.09329719,0.10453761
1019,0,0,0.05532208809812548,0.00012797682,0.0024612257,0.05799555
1020,0,1,0.6497603507350324,0.9994275,0.9971042,0.6536166
1021,0,1,0.16690358282272152,0.11174003,0.036613557,0.16458693
1022,0,0,0.7603111371300466,0.9998089,0.99999976,0.72592646
1023,1,1,0.4139870190570149,0.9917563,0.9438304,0.4221204
1024,0,1,0.14471850296411096,0.00556611,0.0002431051,0.15472054
1025,0,0,0.02617212599005131,1.0429592e-05,0.00031126325,0.028494366
1026,1,1,0.894523500937046,1.0,0.9999999,0.8992779
1027,0,1,0.059400875246839555,0.0012436013,0.00044850347,0.060237095
1028,0,1,0.0119784937611885,2.174921e-05,6.0688762e-06,0.013993333
1029,0,1,0.0023442854206808727,1.1947572e-10,7.460872e-11,0.002756677
1030,0,1,0.014740701774205046,2.7513337e-07,9.4884166e-07,0.014824759
1031,0,1,0.010625022009390835,2.4524857e-08,3.763032e-09,0.0111532025
1032,0,1,0.46422980836384,0.99635315,0.9646013,0.45098573
1033,0,1,0.02012725067644361,4.9576115e-06,3.3862287e-07,0.020368129
1034,0,1,0.004746664578206758,6.123323e-08,1.0308245e-08,0.0055089085
1035,0,0,0.09020829401354938,0.0013902818,0.052187875,0.09386667
1036,0,0,0.005774334032079552,5.654141e-07,1.6180187e-05,0.0074067116
1037,0,1,0.2546794878180086,0.05833486,0.006600271,0.19538541
1038,0,1,0.0018902809647158448,1.9086847e-10,3.8476323e-11,0.0022028312
1039,0,1,0.14968723728058547,0.017432043,0.0017535206,0.16013525
1040,0,0,0.0052636774870879355,6.171817e-09,2.2247288e-07,0.005864065
1041,1,1,0.24810966665997355,0.6398592,0.34776258,0.24776714
1042,0,1,0.43575318484894887,0.9883719,0.8147104,0.44416094
1043,0,0,0.006003003285175331,6.9571837e-09,1.2444743e-06,0.006280319
1044,0,1,0.09764649351968963,0.019284504,0.00577358,0.09850266
1045,1,1,0.4523994788687013,0.99995875,0.9992175,0.47953132
1046,0,0,0.006299251350152656,1.1020368e-08,7.361637e-08,0.0066426042
1047,0,1,0.7094082268474721,0.9999969,0.99999416,0.7121757
1048,0,0,0.000408987412241779,4.3327165e-14,1.8767848e-12,0.00050343346
1049,0,0,0.06493124685738197,0.0073393066,0.03888621,0.06715172
1050,0,0,0.157376911055041,0.10425781,0.9806965,0.15491526
1051,0,0,0.028003972329741125,0.00016323481,0.007637561,0.047625575
1052,0,1,0.0984466858867044,0.02398771,0.006701444,0.101271585
1053,0,0,0.045914947630780495,0.0007949808,0.01429878,0.048740912
1054,1,0,0.8924608450363397,1.0,1.0,0.88741904
1055,0,1,0.4172216186868726,0.96293795,0.899057,0.42340076
1056,1,1,0.5772213519149928,0.99973077,0.9989756,0.5754278
1057,0,0,0.0053440465509477465,8.1830684e-09,1.6890758e-07,0.0058939676
1058,0,1,0.2918913799194106,0.93131,0.6208681,0.2959191
1059,0,0,0.003292332101288321,3.6916001e-09,6.066418e-07,0.0040757777
1060,0,0,0.1176796818581992,0.011808195,0.25420272,0.12520592
1061,0,1,0.06837431132450207,0.0015531458,0.0007487661,0.06900946
1062,0,1,0.0231334513542081,1.2548245e-05,6.0462658e-06,0.02426328
1063,1,1,0.7864668815601811,0.99999917,0.9999931,0.791201
1064,0,1,0.04469050703057139,5.561389e-06,1.7074693e-06,0.042973943
1065,0,0,0.17535660819715101,0.12029302,0.81460506,0.18133749
1066,1,1,0.6708878997752433,0.99990404,0.9990588,0.6825571
1067,1,1,0.27867737009499044,0.88845074,0.51862854,0.2820732
1068,0,0,0.26472656770982494,0.7407658,0.92884547,0.23069344
1069,0,1,0.0039218913733568275,6.62948e-09,3.0068776e-08,0.004548784
1070,0,0,0.008844451042587404,1.0179103e-07,2.9675869e-06,0.009329599
1071,0,1,0.13347543388432467,0.009045099,0.0028406237,0.13451932
1072,0,1,0.021103043375653868,1.4443876e-05,1.533216e-05,0.024431033
1073,0,0,0.019897456881412656,3.357133e-05,0.000463058,0.021669678
1074,0,1,0.01024778183608076,4.833984e-07,2.2280283e-07,0.012297096
1075,0,1,0.46287724889113396,0.99571246,0.97846264,0.46906728
1076,0,1,0.1347095554765495,0.67910796,0.3095837,0.14548783
1077,0,1,0.03463555610396133,0.000120146564,5.642012e-06,0.03515743
1078,0,0,0.0033808358719711984,5.172813e-09,1.5056713e-07,0.004141108
1079,0,0,0.022303858180887565,5.216741e-06,0.00012682298,0.023608949
1080,0,1,0.67396819846477,0.9999747,0.99950576,0.67671394
1081,0,1,0.00914740757846236,1.6212972e-08,5.7040035e-09,0.009370693
1082,0,0,0.013567435981871672,2.2973684e-07,6.88654e-06,0.014476472
1083,0,0,0.003171867260869874,3.129992e-09,3.513031e-07,0.003439975
1084,0,0,0.05714962399420049,0.00019129191,0.057295363,0.05683132
1085,0,0,0.008432191800454899,3.973017e-08,2.3382388e-06,0.0091735525
1086,1,1,0.9887143341652448,1.0,1.0,0.9827714
1087,1,1,0.9968418268226938,1.0,1.0,0.99529463
1088,0,1,0.3290769500740546,0.9871454,0.97676915,0.3322948
1089,0,1,0.1764652589952629,0.18357883,0.03344449,0.18364088
1090,0,1,0.05541536021766595,1.0186742e-05,1.7655653e-06,0.059400983
1091,1,1,0.1632391521781658,0.10538627,0.06869928,0.16750802
1092,0,1,0.00915805677635302,4.9215e-07,1.6706126e-06,0.010773158
1093,0,0,0.013574882151900424,0.0004181815,0.017609479,0.018052327
1094,1,1,0.9937202328684146,1.0,1.0,0.9903844
1095,0,1,0.0019311407457673537,3.6875426e-11,2.2220444e-11,0.0022859985
1096,0,1,0.002547025475924043,7.521027e-10,4.5302323e-10,0.0030111922
1097,1,1,0.5562353021962565,0.9971873,0.9839849,0.5623956
1098,0,1,0.41122193337727647,0.9892019,0.9789245,0.42223394
1099,1,1,0.5420037317948886,0.99869764,0.9905406,0.5461259
1100,0,0,0.3233776035342053,0.15045899,0.90548223,0.31215495
1101,0,0,0.022498887810752786,1.6407768e-06,0.00018385661,0.023050759
1102,1,0,0.6209595125861945,0.94894016,0.9999064,0.5662429
1103,1,1,0.6234264691759721,0.99950945,0.99643564,0.63256353
1104,0,0,0.00024184200003883792,1.4378065e-12,3.6477162e-12,0.00019566611
1105,0,1,0.05330170641218467,4.6456986e-05,0.00012171341,0.049963705
1106,0,1,0.4560858347465146,0.97034353,0.86608845,0.44302747
1107,0,0,0.1965798408169576,0.8809825,0.99978137,0.19667698
1108,0,1,0.9579429563510635,1.0,1.0,0.9534032
1109,1,1,0.8377026994915918,0.999915,0.9995054,0.8162339
1110,0,0,0.2741241285382712,0.919873,0.9998547,0.2779144
1111,0,1,0.09448092965041349,0.004734124,0.0008488273,0.09818746
1112,1,1,0.4411652659162628,0.99940777,0.9929686,0.4480838
1113,0,1,0.13909112038618116,0.91594166,0.5883501,0.1398029
1114,0,1,0.11446457767922151,0.07237052,0.022066133,0.11410258
1115,0,1,0.17259647439593762,0.3059217,0.035400357,0.17409009
1116,0,0,0.0029467478768509616,5.720703e-10,1.8358008e-08,0.0036358126
1117,0,1,0.0326377036709964,0.000427225,0.00018471884,0.032815333
1118,0,0,0.053652102614536706,0.0008820031,0.01053168,0.05631911
1119,0,1,0.2652303286136343,0.83368313,0.58279645,0.26636866
1120,0,0,0.03583483994183024,0.0002477839,0.004078882,0.037966933
1121,0,1,0.03847020195830414,0.00016423524,6.285101e-05,0.038708895
1122,1,1,0.6718929677441327,0.9952997,0.9897305,0.6391353
1123,0,0,0.016181346198570125,1.2593548e-05,0.00020614416,0.017995777
1124,0,1,0.1333068950226505,0.03169245,0.032827757,0.13698567
1125,0,0,0.035133436332435986,1.3566308e-05,0.00048228214,0.038817972
1126,0,0,0.0062897896419067826,8.747345e-06,0.00015254723,0.004791898
1127,0,0,0.08108163516386156,0.00448749,0.048217095,0.085128024
1128,0,0,0.010518727037201117,4.3339035e-08,8.5607155e-07,0.010699329
1129,0,1,0.046027363730693265,0.0011837094,0.00046714433,0.04561695
1130,1,1,0.17800053095812868,0.33684984,0.01690242,0.18146332
1131,0,0,0.0019120581339451357,2.937568e-10,1.1213017e-08,0.0023464789
1132,0,1,0.007524314423558686,1.6147421e-08,6.774317e-09,0.011372073
1133,0,1,0.5533035429195364,0.99980545,0.9978684,0.564103
1134,1,1,0.804976716089566,0.9999987,0.9999877,0.8064435
1135,1,1,0.9625325425440623,1.0,0.99999976,0.9555773
1136,1,1,0.17640819641933006,0.25118032,0.16350721,0.18202819
1137,0,0,0.0024793481979429894,1.6060908e-10,9.840625e-09,0.0024378886
1138,0,1,0.1554845618072603,0.17689449,0.05250043,0.15903024
1139,0,0,0.005477337290161705,7.049332e-07,1.33317035e-05,0.0070371004
1140,0,1,0.23932969997758327,0.92671967,0.48810628,0.24486214
1141,0,0,0.011766427833228638,8.343496e-07,1.6766084e-05,0.012660461
1142,0,1,0.08929971273967913,0.11972394,0.0033027956,0.09287002
1143,0,0,0.08984746877498567,0.016223041,0.20750067,0.09462463
1144,1,1,0.47391894477385355,0.9853424,0.92850363,0.47967565
1145,1,1,0.9951587529392552,1.0,1.0,0.9926433
1146,0,0,0.036604538297272296,0.00026609297,0.0066912887,0.040570248
1147,0,0,0.016424664121003952,2.0323569e-05,0.0015080057,0.020003222
1148,0,1,0.34802096731880733,0.9919654,0.93245393,0.36337003
1149,0,1,0.42635632019215486,0.9972721,0.95586693,0.43302625
1150,0,1,0.2668996751649257,0.9085568,0.5278518,0.2733271
1151,0,0,0.004622032499714476,1.4001289e-09,7.140003e-08,0.0048458097
1152,0,1,0.0028845594026563077,6.6983245e-11,4.385962e-11,0.0035155537
1153,0,0,0.29704867330372153,0.12752327,0.76554936,0.2365173
1154,0,1,0.7532703385008411,0.9999944,0.99991274,0.75952613
1155,0,0,0.13333276221850276,0.41436353,0.87567925,0.14145167
1156,1,1,0.6155060197135441,0.9998733,0.99919957,0.6188278
1157,0,0,0.02132218725246501,9.3186145e-07,8.374004e-05,0.0231232
1158,0,1,0.019754463830547797,1.9277045e-06,1.0847381e-06,0.020255907
1159,1,1,0.6498137242237185,0.999851,0.99860126,0.65388405
1160,0,1,0.6476932952378717,0.9950008,0.98297036,0.62247705
1161,1,1,0.4762664701599931,0.9982681,0.98641735,0.48105
1162,0,1,0.008829019496817136,1.7628162e-06,9.963634e-07,0.010251194
1163,0,1,0.006295700547018637,6.9786563e-07,6.258426e-08,0.010493666
1164,0,1,0.008341608432039268,2.7100947e-07,1.5715146e-07,0.008420492
1165,0,0,0.03275264269325752,0.00011089654,0.0007167499,0.034208775
1166,0,0,0.0034614328661105426,8.706271e-11,4.414165e-09,0.0035264501
1167,1,1,0.9240389110089343,1.0,1.0,0.9247409
1168,0,1,0.26581092262107886,0.81356,0.46176574,0.26756302
1169,1,1,0.18078329663612608,0.43748248,0.20574187,0.18338743
1170,0,1,0.003322703567671001,3.3116151e-10,7.6916623e-10,0.00395156
1171,0,0,0.0035806369329418027,3.2047634e-08,1.3263946e-06,0.0045572557
1172,0,1,0.0661081417208236,0.0010137917,0.00077006157,0.06425708
1173,0,0,0.048059091974979755,0.00061931607,0.013314995,0.050310157
1174,0,1,0.1724937311335383,0.08921473,0.029645206,0.1738389
1175,0,1,0.06625412327188393,0.0034484528,0.0007345739,0.06553486
1176,0,1,0.8559062093289014,0.9999999,0.99999845,0.85784507
1177,0,1,0.5268243985467477,0.99961424,0.9984604,0.53395563
1178,0,1,0.1251720499580904,0.03658991,0.0074992264,0.12693411
1179,0,1,0.011273738610853137,1.02050715e-08,1.373769e-08,0.010267701
1180,0,0,0.0007975805081396977,1.3405308e-12,5.1759954e-11,0.0008579682
1181,0,1,0.1924706580712229,0.249251,0.049100872,0.19883682
1182,0,1,0.07302909909491606,0.004267697,0.0012524072,0.07452007
1183,1,1,0.923612361678458,1.0,0.99999976,0.9243363
1184,0,1,0.1915856770752783,0.22441232,0.045035645,0.19752544
1185,0,1,0.02275765652013028,2.0211456e-08,6.490611e-09,0.024182945
1186,0,1,0.5756164285186393,0.99963117,0.99692446,0.58118415
1187,0,0,0.8071345020558143,0.99999964,1.0,0.8063749
1188,0,1,0.09277316380357972,0.0031420845,0.00025567517,0.09457113
1189,0,1,0.6856794538154526,0.9999486,0.9987336,0.69067967
1190,1,1,0.99488544200835,1.0,1.0,0.9921599
1191,1,1,0.4958171930019103,0.99500006,0.95877486,0.5010176
1192,0,0,0.009306306781605234,5.2815026e-06,5.1005612e-05,0.016432919
1193,1,1,0.22143773431412456,0.97494453,0.74494326,0.22457881
1194,1,1,0.7154852090322065,0.9999378,0.9999292,0.7120335
1195,0,1,0.09931831006153016,0.048720773,0.0169431,0.09794723
1196,0,1,0.03074998577744584,0.0005862313,0.00025679605,0.035777766
1197,1,1,0.999434650157202,1.0,1.0,0.9987043
1198,0,1,0.009498000902157926,3.8130531e-06,1.6312873e-06,0.011121253
1199,0,0,0.0014025225144096581,6.754934e-10,2.1605329e-08,0.001764657
1200,0,1,0.01517771735919455,3.4200168e-10,1.254368e-10,0.01540491
1201,0,1,0.6970210192914058,0.99999344,0.99993634,0.70212495
1202,1,1,0.8423946102034072,0.9999999,0.99999905,0.8411995
1203,0,1,0.0135512715290841,1.4472917e-06,3.815651e-07,0.013739477
1204,0,1,0.43978298421039363,0.99415296,0.9861843,0.45049873
1205,1,1,0.7315235368847244,0.9999831,0.99985397,0.7379956
1206,0,0,0.0879772601749986,0.39956218,0.9185612,0.10088498
1207,0,1,0.05292532955986039,0.0072874352,0.0026909052,0.06177695
1208,0,1,0.4277518670107819,0.9806529,0.93831855,0.43434522
1209,0,0,0.06546683965087609,0.0040305173,0.0553047,0.0704233
1210,0,1,0.04563424547380314,0.00527926,0.0018831519,0.053125862
1211,1,1,0.33529734512457426,0.99462986,0.9458218,0.33514425
1212,0,0,0.0036046050495032946,3.282596e-08,5.718799e-07,0.0044674086
1213,0,0,0.00196629462980992,9.480442e-12,2.7744265e-09,0.0021171998
1214,0,1,0.1207429624164053,0.13514894,0.029657178,0.12154025
1215,0,1,0.0006323931607564082,1.24954e-13,8.696101e-14,0.00074846216
1216,0,0,0.001984527363408666,3.7348836e-11,6.3639307e-09,0.0024254217
1217,0,1,0.010826933235398076,1.2879488e-07,4.7572836e-08,0.011044981
1218,1,1,0.5937795147203746,0.99958533,0.99942786,0.584531
1219,0,1,0.010441820621867418,3.3983651e-09,1.4105908e-09,0.010978717
1220,0,0,0.010564217858803236,4.0470496e-07,1.2950169e-05,0.011598339
1221,0,0,0.03632379459911086,0.000108399516,0.00323907,0.039783653
1222,1,1,0.2585713537826595,0.8449496,0.42231897,0.2633062
1223,0,1,0.52983722718386,0.99959993,0.9914635,0.53751695
1224,0,1,0.38089507412534784,0.99332255,0.92443645,0.38815898
1225,1,1,0.652391503215892,0.9999654,0.9991124,0.6597878
1226,0,1,0.0028654981508788877,1.1369177e-11,1.4251162e-12,0.00283677
1227,0,1,0.07275075245675398,7.77114e-05,0.00026113156,0.06554946
1228,0,0,0.02706884353684204,0.004452237,0.060921248,0.030583104
1229,0,1,0.34687618645750157,0.9907489,0.9407442,0.3510645
1230,0,1,0.16618190311706785,0.052766882,0.0036552555,0.17079945
1231,0,1,0.13477498933977153,0.0015743282,0.00017807883,0.14313781
1232,0,0,0.014908917496543312,3.0966564e-06,3.2815013e-05,0.015895596
1233,0,1,0.71450411454229,0.9999577,0.99967533,0.7170145
1234,0,1,0.010750978709758047,3.505956e-06,2.1287922e-06,0.012484584
1235,0,1,0.08683580750802199,0.019186055,0.0022648694,0.09120951
1236,0,1,0.2616482165555512,0.30949086,0.12857878,0.27167183
1237,0,1,0.20749754411686247,0.5287874,0.15362558,0.21296404
1238,0,1,0.5100035549947021,0.99900985,0.99065197,0.51972836
1239,0,0,0.647562963734832,0.9998361,0.9999933,0.65242046
1240,0,0,0.01247878636323106,1.7959823e-06,3.053401e-05,0.013937914
1241,0,1,0.056085714858020184,0.014440521,0.007561982,0.06562169
1242,0,1,0.15038214918551615,0.07972801,0.030764725,0.15139851
1243,0,1,0.05018663053964588,0.00050219835,0.00015638296,0.0503744
1244,0,0,0.009418569564638359,5.0102994e-08,1.6806129e-06,0.010168074
1245,0,1,0.007791618782890972,5.5628726e-07,5.655106e-07,0.008622425
1246,0,0,0.09393670576288285,0.017548466,0.31365433,0.098209865
1247,0,0,0.12692830695698373,0.091680974,0.62563205,0.13005063
1248,0,0,0.01733504005831073,5.616516e-07,1.933145e-05,0.017719908
1249,0,0,0.015149576634134906,5.7954526e-09,1.8764848e-07,0.016850688
1250,0,1,0.32077122802839186,0.8225985,0.63387454,0.32544824
1251,0,1,0.03135866126489128,5.253667e-05,1.6444816e-05,0.031943023
1252,0,0,0.115422630850565,0.009778214,0.40984392,0.11863539
1253,0,0,0.0018445165141335814,3.567335e-10,1.1196668e-08,0.0023240116
1254,1,1,0.4882118344408817,0.9979387,0.9879978,0.49261934
1255,0,1,0.006931543470275061,4.176929e-06,2.113979e-06,0.007971808
1256,1,0,0.333420934816268,0.9927989,0.99997795,0.33743048
1257,0,1,0.0023409422523667112,3.2260025e-11,1.36958335e-11,0.0041644936
1258,0,0,0.005198494377758299,1.9090562e-10,1.14115375e-08,0.005521088
1259,0,0,0.19310250832632928,0.7577082,0.99977046,0.19149502
1260,1,1,0.7421495842531194,0.99998987,0.9999399,0.7448965
1261,1,0,0.8522423135383239,0.9999987,1.0,0.85268426
1262,0,0,0.04843006375287758,0.00026076756,0.00459522,0.050958607
1263,0,1,0.03920388696349398,0.0014070395,0.00064396794,0.044669203
1264,1,1,0.21695913557202556,0.5947083,0.13677174,0.2260721
1265,1,1,0.35207434537313315,0.9647099,0.80513644,0.35751885
1266,0,0,0.06195952671876699,0.002347459,0.068926,0.06625117
1267,1,1,0.6555096639993635,0.9999937,0.99997973,0.6502127
1268,1,1,0.9003422731930417,0.9999999,0.9999995,0.90458506
1269,0,0,0.07667224769724493,0.0066180727,0.21302786,0.08020074
1270,0,0,0.015916926757403856,6.0757225e-07,1.829363e-05,0.017441815
1271,0,1,0.00690128093424745,1.2844603e-07,1.2310774e-07,0.007980804
1272,0,0,0.023249703622720223,3.2626853e-05,0.0006404797,0.024427297
1273,0,1,0.005228522933064253,6.522808e-08,1.2936122e-08,0.006078594
1274,0,1,0.07507074309029352,0.0012450283,0.00029803487,0.07452963
1275,0,1,0.036893515094300756,2.5237328e-05,5.247163e-06,0.035526592
1276,0,1,0.0016277936577615362,3.2126444e-09,1.2175486e-09,0.0028168664
1277,0,1,0.008036984249019628,2.0555758e-08,6.0553527e-09,0.0077240434
1278,0,1,0.37647645307930877,0.99556065,0.9309286,0.39336213
1279,0,0,0.021097231320427536,0.0001125742,0.002333719,0.02284244
1280,0,1,0.20032994054587108,0.26564044,0.09241886,0.20070972
1281,0,0,0.0254099492012488,3.2730288e-05,0.00061967183,0.027558014
1282,0,1,0.03917466676149724,7.3408824e-05,0.00011691712,0.03946266
1283,1,0,0.022857641305990214,2.6484797e-06,0.000217594,0.024182877
1284,0,0,0.05410212966189863,0.00018296052,0.0075300275,0.052473918
1285,0,1,0.1311426676136941,0.06649106,0.019629221,0.12930875
1286,1,1,0.8811536061477285,0.9999926,0.99996924,0.8638446
1287,0,1,0.6998974589908911,0.99991727,0.9994599,0.70141107
1288,0,1,0.41834769576031267,0.9621534,0.7269261,0.42580265
1289,0,0,0.035038363751357465,4.615613e-05,0.0011799864,0.036503665
1290,1,1,0.049634502058648125,0.0006959417,8.3938074e-05,0.053811755
1291,0,1,0.20694860555249397,0.19183855,0.10222748,0.20947401
1292,1,1,0.9917134726816424,1.0,0.9999999,0.9872688
1293,1,1,0.010084546367602185,6.96816e-05,3.2020875e-05,0.012555581
1294,0,1,0.0233981797224775,7.974428e-06,3.6352678e-06,0.023470988
1295,0,0,0.054538098814806764,0.0016013364,0.03440839,0.05884309
1296,1,1,0.3759073038307952,0.9876625,0.89395595,0.3814553
1297,0,1,0.1250058241717943,0.012671641,0.0033111603,0.12993886
1298,0,1,0.08134024517405343,0.0008680595,0.0003994329,0.07807149
1299,1,1,0.9990564441620494,1.0,1.0,0.998569
1300,0,0,0.03896717242484112,0.00035296468,0.005984476,0.042043753
1301,0,0,0.09622925761028055,0.0021946798,0.5495752,0.087806985
1302,0,0,0.14443904648426006,0.40571642,0.9052807,0.15067254
1303,1,1,0.9550364655738411,0.99999976,0.9999993,0.94558907
1304,0,1,0.19054446368140046,0.26224273,0.02869189,0.19097169
1305,1,1,0.07105625454253565,0.025067374,0.0017918914,0.07262737
1306,1,1,0.9463146291352534,1.0,1.0,0.94893205
1307,0,1,0.3423459670437366,0.9606265,0.77696013,0.35453174
1308,0,0,0.220042326259986,0.99417436,0.9999944,0.23115379
1309,0,0,0.03246414669303228,4.7700523e-05,0.011697066,0.0342539
1310,0,1,0.013588107030063188,0.00018447278,0.00013442656,0.015990686
1311,0,1,0.011023439250194722,6.194409e-07,2.7554802e-07,0.01110792
1312,0,1,0.0008951603653945426,7.869853e-12,8.228739e-13,0.0014916649
1313,0,1,0.3731369059493982,0.9947666,0.95973414,0.38077855
1314,0,1,0.23392513218739044,0.7539395,0.22252718,0.24395162
1315,1,1,0.8053941391986124,0.9999809,0.9998809,0.77735823
1316,0,1,0.00607552924292663,1.8813749e-07,1.506093e-08,0.006181391
1317,0,1,0.16079436857909848,0.17189771,0.03997224,0.16501415
1318,0,0,0.00018387360221096475,1.8503513e-15,5.4504535e-13,0.00022814683
1319,0,1,0.27530004991646223,0.80228794,0.52294207,0.27607888
1320,0,1,0.22067451731570503,0.63595337,0.2109246,0.22603662
1321,0,1,0.012556015340571188,1.5991017e-08,8.7965155e-09,0.0131624825
1322,0,0,0.0034791129925109475,8.068619e-11,2.4829419e-09,0.0036774236
1323,0,1,0.18811616206219958,0.088239685,0.011083538,0.19892709
1324,0,1,0.13959071853377358,0.03950834,0.011734986,0.14076489
1325,1,1,0.8974444500463424,1.0,0.9999999,0.9022923
1326,0,1,0.29037971312844474,0.9385417,0.6421841,0.28872672
1327,0,1,0.08960466952448076,0.10981446,0.03916914,0.1020789
1328,0,0,0.00888907975988897,8.4085985e-07,1.3644561e-05,0.01563691
1329,0,1,0.021188769710397345,8.8300285e-06,4.1071044e-06,0.021109385
1330,0,0,0.0023588527130178646,1.11017494e-10,1.3410885e-08,0.0027834729
1331,0,0,0.005252660432331535,3.029685e-09,8.27126e-08,0.0056077065
1332,1,1,0.5614010655407478,0.99098,0.98484844,0.55868745
1333,0,1,0.05096525416657944,0.00021057403,7.5672986e-05,0.05021821
1334,0,0,0.003323586844604567,3.0483904e-09,7.50613e-08,0.0037993253
1335,1,1,0.7650776522679051,0.99999666,0.9999671,0.7737488
1336,0,0,0.0027637907765614964,2.297498e-09,8.5931255e-08,0.0034529949
1337,0,1,0.022248637317729393,1.3681082e-05,5.9722124e-06,0.02259086
1338,0,1,0.07608539171603873,0.0036424515,0.00095570553,0.07481672
1339,1,1,0.3205522416703334,0.9606499,0.88106173,0.31600556
1340,0,1,0.2113283698527164,0.71743566,0.37114733,0.21445917
1341,1,1,0.3685450684711946,0.9818815,0.8822749,0.37229675
1342,0,1,0.07287817100870654,0.11468791,0.041527215,0.085646115
1343,1,1,0.7829475619058913,0.9999957,0.9999633,0.786624
1344,0,0,0.010398129885362479,1.5197313e-07,1.5437974e-05,0.015868638
1345,0,0,0.020856661597022753,3.2408786e-06,0.00017505085,0.022243533
1346,1,0,0.31106986199216197,0.97080356,0.9999418,0.3144569
1347,0,0,0.002416224523230479,6.655335e-10,2.643054e-08,0.0030845585
1348,1,1,0.689175223713821,0.9999063,0.99962723,0.6933955
1349,0,1,0.01170573037254392,2.3425706e-07,7.3267984e-08,0.011963646
1350,0,1,0.014245004338062583,1.5261479e-06,1.6194495e-07,0.014461641
1351,0,0,0.022918905850020294,2.4827787e-05,0.00054460403,0.02443948
1352,0,1,0.09404328520273865,0.12325307,0.025061501,0.09475028
1353,0,1,0.5762524800957887,0.9984561,0.9818258,0.5853264
1354,1,1,0.5717551056554572,0.99981475,0.9971238,0.58029157
1355,0,0,0.02074982397881293,8.2937936e-07,1.8786812e-05,0.021943802
1356,0,1,0.0012044755881637159,3.3143495e-11,1.3811292e-10,0.001424802
1357,0,0,0.10538797872146642,0.0041219364,0.09877893,0.10549925
1358,0,0,0.013665094589929429,1.9276332e-07,1.4636868e-05,0.014397884
1359,0,1,0.5071096866584212,0.9975095,0.9866196,0.5085015
1360,0,1,0.018951745553420423,1.9425554e-05,4.2858577e-05,0.021674382
1361,0,0,0.3620255346584859,0.9979777,0.9999901,0.36487165
1362,1,1,0.6778041388775663,0.99995136,0.999138,0.6829614
1363,0,1,0.27478185150053724,0.94632983,0.6619049,0.28220025
1364,1,1,0.3035440752939707,0.9766261,0.7772664,0.31179208
1365,0,1,0.39352779767523943,0.9969619,0.96143633,0.40008563
1366,1,1,0.2802907045130488,0.92327243,0.6774633,0.28410828
1367,1,1,0.5208270138573282,0.99920124,0.99597895,0.52648884
1368,1,1,0.1625092542986551,0.09677754,0.018681662,0.16894177
1369,1,1,0.8225254669677294,0.9999995,0.99999297,0.82509595
1370,1,0,0.3820766912453152,0.9827405,0.99995553,0.3863321
1371,0,0,0.01041866481785209,2.1411337e-07,3.2774897e-06,0.011315486
1372,0,1,0.015229140299682652,3.3479475e-05,5.9225276e-06,0.025639834
1373,0,1,0.12868822075050493,0.01760717,0.002336076,0.12861855
1374,0,0,0.028945177610567144,9.890852e-05,0.0016310861,0.031492107
1375,0,0,0.004670949833429495,1.353898e-08,3.3612872e-07,0.005039699
1376,0,1,0.30585262853283485,0.9710627,0.75712526,0.31252858
1377,0,1,0.14367479535278452,0.042177085,0.006963591,0.14649671
1378,0,0,0.12893149652489286,0.014744543,0.35131863,0.13459171
1379,0,1,0.23561954817391964,0.7483573,0.33988595,0.24042232
1380,0,1,0.034950063957318735,1.441322e-05,7.4706318e-06,0.0349521
1381,0,1,0.1714059630932916,0.9188806,0.36246508,0.17010388
1382,0,1,0.007128973562409643,5.85622e-07,4.6413416e-07,0.008320561
1383,0,1,0.39554242921760957,0.9946924,0.9694861,0.4058613
1384,0,0,0.0004631132260069914,7.7587524e-13,3.2912804e-11,0.00057075784
1385,0,1,0.0077481693046460316,8.7598244e-07,5.3375066e-07,0.009038268
1386,0,0,0.01229561125562429,0.00015117854,0.0026649474,0.021008242
1387,0,0,0.0064734199371242656,3.6816246e-07,1.3790736e-05,0.008206254
1388,0,1,0.5625876183783799,0.9977679,0.99280787,0.56083655
1389,1,1,0.8459744273067674,0.9999999,0.99999917,0.8519478
1390,1,1,0.9751766386948146,1.0,1.0,0.97012275
1391,1,1,0.9980076861631768,1.0,1.0,0.99694747
1392,0,0,0.035845717698499695,0.00014125381,0.004068188,0.03777755
1393,0,1,0.5214249689152107,0.99994266,0.9997706,0.5175775
1394,0,1,0.003640128558998874,5.884338e-09,1.369402e-09,0.00417952
1395,0,1,0.0013075719073750455,3.0854208e-11,1.5833274e-10,0.0015224244
1396,0,0,0.026227253085098507,1.1538386e-05,0.000121887395,0.02773232
1397,0,1,0.2134313481700241,0.3686247,0.069638446,0.22249004
1398,0,0,0.0011174346530486308,4.6629293e-12,1.0938835e-09,0.0013800728
1399,1,1,0.6915652242600515,0.9999442,0.99954504,0.6966643
1400,0,1,0.2842577288606481,0.91245866,0.7151388,0.28595012
1401,0,1,0.04858424835885218,0.0021972302,0.0007482108,0.05463892
1402,1,1,0.7483289675657597,0.9999844,0.99988866,0.74925554
1403,0,1,0.1098420869505303,0.0069111255,0.0019121652,0.11159005
1404,1,1,0.5286744871631484,0.9771179,0.87828606,0.50700366
1405,0,1,0.2253066794945283,0.117498316,0.008386126,0.2368264
1406,1,1,0.31260065243161844,0.85181695,0.20765401,0.31463504
1407,0,1,0.11688918008855036,0.22996126,0.081132986,0.124377735
1408,1,1,0.917552375801021,1.0,0.99999976,0.91958266
1409,0,0,0.004258760744902758,8.1127496e-08,3.0351114e-06,0.0053877323
1410,0,0,0.11231548395747591,0.038245674,0.20408471,0.12654883
1411,1,1,0.23528823561713677,0.6989752,0.40705857,0.23769669
1412,0,0,0.2661822716623076,0.99178904,0.9999726,0.26315427
1413,1,1,0.22756433411167493,0.9462829,0.5169611,0.23189431
1414,0,1,0.29968294045185384,0.8492672,0.72750425,0.30086133
1415,1,0,0.2670070601964617,0.9342336,0.9998596,0.2697208
1416,0,0,0.025105234190768516,8.8578685e-07,5.3018673e-05,0.026169391
1417,0,1,0.006929546281709002,2.3376674e-07,1.4366422e-07,0.00828564
1418,0,1,0.0604176895398165,0.000126335,1.2339857e-05,0.0642212
1419,0,1,0.001668479350712277,1.2180114e-12,7.4926236e-13,0.0020446612
1420,1,1,0.9212636578400787,1.0,0.99999964,0.9235177
1421,0,1,0.08128710352927873,0.004910161,0.00097104075,0.08491954
1422,0,1,0.07093703734681284,0.01945376,0.0025199135,0.070282534
1423,0,0,0.0014213055265486058,3.1004482e-10,4.4289547e-10,0.0011619439
1424,0,1,0.16768845530670795,0.25728086,0.04823163,0.17200662
1425,0,1,0.2455059833419609,0.7411301,0.38288656,0.24697414
1426,0,1,0.1373332703194356,0.0033479566,0.0005772815,0.14597641
1427,0,1,0.024240174999827557,6.3306925e-06,1.0866391e-06,0.024803927
1428,0,0,0.003443168083377768,7.346596e-09,2.2491591e-07,0.0042299526
1429,1,1,0.28564049659611285,0.93426055,0.6160569,0.29093328
1430,0,1,0.2726504874755871,0.9413879,0.7096901,0.2790472
1431,0,0,0.004479989603857954,5.4659264e-08,2.3979653e-06,0.0055704294
1432,0,1,0.3373077013095307,0.939621,0.85700357,0.34019282
1433,0,0,0.35302169233003955,0.9400922,0.9984363,0.36152503
1434,0,1,0.06036073075646052,0.0016511502,0.00062687136,0.059193544
1435,0,1,0.13758528992619184,0.09492306,0.036031984,0.1410863
1436,0,0,0.004098871566241655,1.3775828e-10,5.3054507e-09,0.004387216
1437,1,1,0.9825991655387035,1.0,1.0,0.97811705
1438,0,1,0.0042634640627190875,5.427921e-09,3.4464538e-09,0.004936137
1439,1,1,0.40601283775063296,0.99431896,0.96807253,0.40873826
1440,1,1,0.6457080725420762,0.99997795,0.9998369,0.6438155
1441,0,1,0.054009731601066265,0.0023223383,0.0013538968,0.056374025
1442,0,1,0.07776549634163944,0.010748169,0.0035143644,0.07616233
1443,0,0,0.012779898924598567,1.11154954e-07,2.740077e-06,0.013840472
1444,1,1,0.7149579370965268,0.9794613,0.91354644,0.6772569
1445,0,1,0.5090136198370682,0.99988997,0.99799144,0.5139144
1446,0,1,0.3915695076326215,0.9654375,0.86987627,0.40243596
1447,1,1,0.6029504462301255,0.99993896,0.9987741,0.6114647
1448,0,1,0.0044657955206055975,1.8186574e-08,6.974605e-08,0.0052851327
1449,0,1,0.008031077643107946,6.9698375e-10,3.0696268e-10,0.008507609
1450,0,1,0.0025769331700145346,7.768852e-13,5.3976913e-13,0.0025430517
1451,0,0,0.00461358465694649,6.3259544e-09,2.0777053e-07,0.005623963
1452,0,0,0.008502177234983236,1.8000424e-08,3.566822e-07,0.009159355
1453,0,1,0.00513839672918292,1.12008e-06,2.8456118e-06,0.006481806
1454,0,1,0.7021261471982777,0.9999926,0.9998518,0.70872223
1455,0,1,0.031781434009828996,4.9396825e-05,2.9926574e-05,0.031759467
1456,0,0,0.050356121126524926,0.00016632098,0.069618054,0.04892852
1457,1,0,0.8267461001665649,0.99999917,1.0,0.8224583
1458,0,1,0.06327210715128988,0.0010021883,0.00010160163,0.06524012
1459,0,0,0.0007085774588604172,7.973165e-09,4.865854e-09,0.00097188394
1460,1,1,0.7750859303980903,0.999845,0.9992638,0.7545941
1461,1,1,0.915082974947759,1.0,1.0,0.92160875
1462,0,1,0.011464517804412022,6.3627434e-05,4.888293e-06,0.019619845
1463,0,1,0.3012335259102325,0.645977,0.31539884,0.30937988
1464,0,1,0.16479164774537255,0.8881227,0.54108137,0.16788553
1465,0,1,0.28023515073958755,0.9057941,0.7346744,0.28144088
1466,0,1,0.05772880760121752,0.009633625,0.0013438893,0.05891439
1467,1,1,0.6211239449829458,0.99986434,0.9989795,0.6278265
1468,0,1,0.012218898708018514,1.7007979e-07,2.3648118e-08,0.012334705
1469,1,1,0.6969223506902678,0.9999889,0.9998697,0.7007766
1470,0,1,0.002251646294268625,1.8367209e-09,5.1163007e-10,0.003748573
1471,0,0,0.1282303858834546,0.039189138,0.945323,0.12591527
1472,0,0,0.06035217035648513,0.00074335776,0.01154604,0.062022768
1473,0,1,0.007305645653211163,1.3669006e-07,8.673466e-08,0.008806204
1474,0,0,0.030523109869376175,6.668212e-05,0.0012192538,0.033035845
1475,1,1,0.5175847136244958,0.9978473,0.9837574,0.5221515
1476,0,1,0.21049700891650872,0.5400862,0.16101728,0.21569473
1477,0,0,0.007275819550779599,5.644029e-08,1.5685155e-06,0.007938483
1478,0,0,0.007388161176641713,7.9564266e-08,1.9999793e-06,0.008204997
1479,1,1,0.786772701350216,0.9999995,0.99998856,0.7915869
1480,1,1,0.6489714451290465,0.9995735,0.9974667,0.6508779
1481,1,0,0.2001515859207779,0.37814525,0.99608034,0.1955406
1482,0,1,0.09457235127391422,0.003745568,0.00029358407,0.09648018
1483,0,0,0.02750266672593833,0.00036271728,0.00923309,0.033394057
1484,0,1,0.0063265956293376184,5.0761224e-07,4.6671832e-07,0.0075100837
1485,1,0,0.23982878853335146,0.8856753,0.9997471,0.24400724
1486,0,1,0.709941205435712,0.9998629,0.9992723,0.68857664
1487,1,1,0.42850212326240494,0.9767165,0.9181846,0.42756987
1488,0,0,0.27435399269613386,0.32220647,0.88644123,0.26805958
1489,0,0,0.27795026014483093,0.94573885,0.99801743,0.28296384
1490,0,0,0.08550369630281904,0.0037064818,0.062701926,0.088494755
1491,0,1,0.014830672693041955,3.886461e-07,3.6898214e-07,0.014092576
1492,1,0,0.520020537844388,0.99727964,0.9999943,0.5189422
1493,0,0,0.0012647221151405393,2.2545799e-11,7.741454e-10,0.0015732201
1494,0,1,0.6726076502501038,0.99996114,0.99981713,0.6754038
1495,0,1,0.08029085128010947,0.019239297,0.007329565,0.082338795
1496,1,1,0.48311763787260265,0.9997489,0.995269,0.48804447
1497,0,0,0.0017711302087339658,1.382468e-10,3.558212e-08,0.0021767882
1498,0,1,0.12461781483228829,0.12181308,0.030811135,0.12209257
1499,0,0,0.1207614561920551,0.09861247,0.5643046,0.12968682
1500,1,1,0.7677940464354914,0.9991955,0.9808132,0.7314158
1501,0,0,0.04434968175530727,0.00043315016,0.0054666502,0.047368366
1502,0,0,0.21092754616200585,0.9844505,0.99848497,0.22458372
1503,0,0,0.010036232442169505,4.3459602e-07,1.2960101e-05,0.010672672
1504,0,1,0.28431124550932046,0.5276142,0.17005599,0.2786738
1505,0,1,0.05716732888268921,0.0032478478,0.00128349,0.059481774
1506,0,1,0.004259171096449827,4.755068e-09,2.6844955e-09,0.005015869
1507,0,1,0.001087988835295506,4.415371e-12,3.2932507e-12,0.0012713101
1508,0,1,0.11049226961556735,0.008180707,0.009040575,0.1140961
1509,0,1,0.029423172468799788,7.3688983e-07,6.2401176e-07,0.026900712
1510,0,1,0.3675208214793997,0.9949396,0.9374998,0.38398096
1511,1,1,0.7184659861618089,0.99998176,0.99995804,0.7190781
1512,1,1,0.26363146557727674,0.84634906,0.51381785,0.2651281
1513,0,1,0.7894460053467335,0.99999607,0.99996734,0.79236656
1514,1,1,0.5138799752730229,0.9992899,0.9957817,0.5161773
1515,0,1,0.021792969920484226,1.5173638e-05,1.1178464e-05,0.023191005
1516,0,1,0.20182110062847722,0.26482034,0.08046409,0.21033025
1517,0,1,0.6590184461939793,0.9992186,0.9955988,0.6489793
1518,1,1,0.8352523014423296,0.9999999,0.9999993,0.85084915
1519,1,1,0.19388636175448645,0.20975992,0.043858845,0.19912519
1520,0,1,0.01804719160266792,8.0803255e-07,1.0016189e-07,0.018071815
1521,0,0,0.0481947549335946,0.00018006457,0.0051758885,0.05189849
1522,0,0,0.028799231182162467,3.7723228e-05,0.013251449,0.028623512
1523,0,1,0.17928439733239482,0.45597172,0.06596427,0.17658263
1524,0,0,0.2510528119317418,0.42726663,0.9962165,0.2488218
1525,0,1,0.0007030226397752411,2.651597e-12,2.0339266e-12,0.0008076429
1526,0,0,0.03499650848207742,2.0912996e-05,0.00049074675,0.03673444
1527,0,0,0.004361967490539593,3.751673e-09,8.394418e-08,0.0047917026
1528,1,1,0.6669238945789305,0.9998636,0.99910086,0.6757732
1529,1,1,0.8294878872280737,0.99999917,0.99999285,0.83426416
1530,0,1,0.1166017947502933,0.12488937,0.013653174,0.1153685
1531,0,1,0.1809150695327069,0.45688075,0.1057503,0.18117566
1532,1,1,0.4320028300586001,0.9952701,0.9869522,0.439892
1533,0,1,0.6292640082147821,0.9998523,0.9990569,0.6381066
1534,0,1,0.7084379984548973,0.9995572,0.99647087,0.6818517
1535,1,1,0.5693353150467343,0.99921966,0.9957336,0.5759409
1536,1,1,0.2465354975473179,0.6615641,0.31966597,0.25071585
1537,0,1,0.30166448761392617,0.9630496,0.78793436,0.30749977
1538,0,1,0.0036381704093625482,1.0349992e-08,2.3482476e-09,0.004223089
1539,0,1,0.5582157210180669,0.9998629,0.9983286,0.5642331
1540,0,1,0.7314451702772373,0.9999174,0.9999312,0.730607
1541,0,0,0.0013936342126700976,3.1266417e-11,6.6749037e-09,0.0017302006
1542,0,0,0.002170367543403762,6.637258e-10,1.5315278e-07,0.0026722206
1543,1,1,0.31088802674666527,0.83261096,0.6590207,0.3186421
1544,0,1,0.8747736238962672,0.99998593,0.9999542,0.86160827
1545,0,0,0.03577074691771972,6.263836e-05,0.0015033095,0.038575143
1546,0,1,0.5908906932701804,0.9996065,0.9981358,0.5976592
1547,1,1,0.8350754556734601,0.9999994,0.99999845,0.8415782
1548,1,1,0.3550102970742256,0.98821217,0.94729286,0.35941327
1549,0,1,0.0038152969022832656,4.224964e-09,8.335903e-10,0.0044129556
1550,0,1,0.350275210142062,0.7954104,0.7410421,0.3462457
1551,0,0,0.11317396584564893,0.008468435,0.22848308,0.11762858
1552,0,0,0.0038816762746828925,9.671228e-08,6.110792e-07,0.006786274
1553,0,1,0.04793485068092037,0.0018402524,0.0003479971,0.05172574
1554,1,1,0.4941732250504606,0.9987275,0.9926138,0.500253
1555,0,0,0.005321290637453734,2.1973528e-07,8.103723e-06,0.006757677
1556,1,1,0.7345881239680034,0.99999905,0.9999919,0.7514274
1557,0,0,0.0355623944668,0.00019980341,0.0019136183,0.038810857
1558,1,1,0.2468281619189705,0.01012827,0.0033970305,0.2158212
1559,0,0,0.010195595684622454,2.593543e-07,9.786449e-06,0.011127879
1560,0,1,0.19107354785426703,0.17743652,0.06388239,0.19094282
1561,0,0,0.03307237793447553,0.00985858,0.14764084,0.033908684
1562,0,1,0.038437629574729536,0.00067414966,0.00022258755,0.038892925
1563,0,1,0.0028604949276857397,4.049947e-09,1.151172e-09,0.0033466234
1564,0,1,0.0136333255548643,2.9308774e-08,7.779781e-09,0.014462171
1565,1,1,0.7870366737434412,0.9999993,0.9999844,0.7911866
1566,0,0,0.004736240785708434,9.946659e-09,5.7205227e-08,0.0051884134
1567,0,1,0.05788418310793217,0.0017458434,0.00133289,0.05844079
1568,0,0,0.024137707375791125,2.5044397e-07,5.5263577e-06,0.022692317
1569,0,1,0.02000395342116524,1.5392811e-07,4.0060574e-08,0.021062648
1570,0,1,0.11553374338128426,0.024404204,0.013315019,0.1176197
1571,1,1,0.695748203021508,0.9997017,0.99942034,0.68976814
1572,0,1,0.3504401424801127,0.9928146,0.95764464,0.35469362
1573,0,0,0.0060026631908764805,4.5856632e-07,6.957703e-06,0.0073977113
1574,1,1,0.699768645222978,0.9997583,0.99960196,0.69865525
1575,0,0,0.025623598841278517,8.125058e-06,0.00019252961,0.02808007
1576,0,1,0.10890858394077807,0.009722441,0.0017525543,0.11001025
1577,1,1,0.5091392706221408,0.99865025,0.98618037,0.5159037
1578,0,1,0.5065500543721608,0.99237025,0.921352,0.51315475
1579,0,1,0.022745724397014954,0.0001364812,6.3813684e-05,0.026466824
1580,1,1,0.7993912522867933,0.9999995,0.9999893,0.80309266
1581,0,0,0.0007777483519237852,1.9254956e-12,7.732419e-11,0.0009545498
1582,0,1,0.0043750629025372705,4.8930975e-08,9.264605e-09,0.0051014414
1583,0,1,0.4429894189655945,0.9994737,0.98534226,0.44761497
1584,1,1,0.6878199865960615,0.99994886,0.99962485,0.689721
1585,0,0,0.017998192462833483,4.5323045e-06,9.303178e-05,0.019307826
1586,0,1,0.6870880627957344,0.9994553,0.99891305,0.6860523
1587,0,0,0.14352695264865836,0.048253097,0.9387519,0.14203954
1588,0,0,0.009590002817260905,1.5636435e-07,3.208536e-06,0.010188631
1589,0,0,0.020040702332565326,3.849161e-06,0.00010777933,0.021922566
1590,0,0,0.0044770362026215985,1.2795931e-07,4.084699e-06,0.005483153
1591,1,1,0.7736884060257561,0.9996849,0.99837315,0.73775905
1592,0,1,0.3470208512274687,0.9900046,0.92227584,0.35536572
1593,0,0,0.010659182933548382,4.2888934e-07,1.273614e-05,0.012069188
1594,0,1,0.20710154560993346,0.8445404,0.44259557,0.21062963
1595,0,1,0.010107183709595107,8.008495e-06,4.033409e-06,0.011828477
1596,0,1,0.23642716253796506,0.73935926,0.29970637,0.24140616
1597,0,1,0.26065567996182765,0.6958745,0.35171926,0.2704788
1598,0,0,0.013726471222247388,4.8061827e-07,5.129056e-06,0.014713108
1599,0,1,0.020403137133652282,9.068714e-06,3.9246747e-06,0.020471586
1600,0,1,0.23495198073960424,0.036375605,0.02392599,0.21932341
1601,0,1,0.031134887902902756,0.00036940875,9.6605e-05,0.03397918
1602,1,1,0.08398914499426992,0.0010878589,0.0009134258,0.08247443
1603,0,1,0.13571639298148103,0.18961403,0.040475346,0.13838327
1604,0,1,0.3462242168156601,0.9905288,0.8912905,0.36252755
1605,0,1,0.008318805140311811,2.5573328e-07,5.691529e-07,0.008858844
1606,0,0,0.0017192388873401895,2.5173744e-10,6.927615e-09,0.003010494
1607,0,0,0.005745011040160197,1.528299e-07,2.0165385e-06,0.006777993
1608,0,0,0.00245376917879792,2.7988215e-10,1.0593495e-08,0.0030737915
1609,0,1,0.0021393374531914165,7.42269e-11,4.862472e-11,0.0025243931
1610,0,1,0.20311629867226824,0.8450759,0.63319623,0.20354964
1611,0,1,0.011070802511895338,7.5982484e-06,5.3223566e-06,0.013502887
1612,0,1,0.3483935885231582,0.86114305,0.6620725,0.35748768
1613,1,1,0.3932174975818098,0.9913605,0.93258744,0.39769244
1614,0,1,0.04820675209028589,0.00027309422,3.3762008e-05,0.049700644
1615,0,0,0.013653457564885502,1.7093413e-06,4.4712277e-05,0.016669637
1616,1,1,0.20589838540251326,0.9020349,0.6380109,0.2009812
1617,0,1,0.011346499956749658,6.7914884e-06,5.9515623e-06,0.013449978
1618,0,1,0.004274413517669655,6.515328e-10,7.540044e-10,0.0064841337
1619,0,0,0.008694121502814116,1.97627e-06,1.56699e-05,0.014939912
1620,0,1,0.5535137326752534,0.9996734,0.99742573,0.56477666
1621,0,1,0.07737234370933319,0.0039177216,0.00073409773,0.07872117
1622,0,0,0.013307501064991796,9.016077e-07,5.7254547e-05,0.014269238
1623,0,1,0.003331142796864938,1.914695e-09,8.674367e-10,0.003929983
1624,0,0,0.028325860905154394,8.205865e-05,0.0024729443,0.030457074
1625,0,1,0.13984932830741845,0.04874452,0.021537539,0.13610326
1626,0,0,0.0013233293420382654,2.3812996e-09,9.2763145e-08,0.0018192114
1627,0,0,0.00445260271022747,7.5889267e-10,1.6412885e-07,0.004671129
1628,0,1,0.2362026631514107,0.5753365,0.2821762,0.2356198
1629,0,1,0.5904333685602342,0.9999473,0.99916846,0.5977052
1630,0,0,0.0032765093706905164,7.8488105e-11,2.6589648e-09,0.003591653
1631,0,1,0.015861467952589175,1.8220554e-07,9.993537e-08,0.016125033
1632,1,1,0.2618542473323965,0.72951394,0.29455236,0.26651478
1633,0,1,0.4882863586698521,0.99649554,0.97754943,0.50417155
1634,1,1,0.41141575355736754,0.9954783,0.9670272,0.41552484
1635,1,1,0.13051081548861626,0.00036512048,0.00052974833,0.06645655
1636,0,1,0.007706779923137951,4.186057e-06,6.8670494e-07,0.0138798645
1637,1,0,0.6422014958938188,0.9999404,0.9999999,0.64147127
1638,0,1,0.1255354907697642,0.14554907,0.0571376,0.12619948
1639,0,0,0.014958770699461745,2.3200595e-05,0.0007498043,0.018795276
1640,0,1,0.2765131554473175,0.9084204,0.54678625,0.28139803
1641,1,1,0.5778632063224287,0.99998057,0.9994319,0.58278203
1642,1,1,0.527909118105235,0.99880266,0.9906612,0.53335124
1643,0,1,0.025948119404481045,1.9278816e-05,8.828337e-06,0.026938422
1644,0,1,0.49865679346339065,0.99889284,0.98639476,0.5042949
1645,1,1,0.9999999999999913,1.0,1.0,1.0
1646,0,1,0.13899283205808652,0.037786037,0.009524104,0.14490965
1647,0,0,0.0009281548386017242,2.5654737e-10,4.8538866e-09,0.0011667286
1648,0,1,0.11937021942535844,0.02095818,0.004970205,0.12043871
1649,1,0,0.9954289845184969,1.0,1.0,0.9928317
1650,0,1,0.29935302795239316,0.96881604,0.73929733,0.30664492
1651,0,0,0.31850178557656317,0.9943469,0.9999739,0.3231272
1652,0,1,0.017932113301230162,5.0933482e-05,1.8305967e-05,0.019957196
1653,1,1,0.8274169556889338,0.99999344,0.99998105,0.831689
1654,0,0,0.18251530087971296,0.17720932,0.8112526,0.19114898
1655,1,0,0.9010390434788407,1.0,1.0,0.8991752
1656,0,1,0.18001766341476544,0.36178958,0.18072627,0.18403962
1657,0,1,0.004112118234975796,3.424535e-09,2.4751918e-09,0.004734533
1658,0,1,0.01148704643214017,2.5702109e-06,2.2111789e-07,0.019070273
1659,1,1,0.6883970988257527,0.9999378,0.99938977,0.69422513
1660,0,1,0.004273096061007973,9.870339e-10,7.5385204e-10,0.004387822
1661,1,1,0.6059499965115084,0.99998736,0.99987376,0.627256
1662,0,1,0.01625277057805535,1.0969752e-06,5.465927e-07,0.016710596
1663,0,0,0.0020201048977948866,9.816775e-10,2.9251696e-08,0.002492276
1664,0,1,0.005767310761123103,2.7101934e-09,9.143964e-09,0.0065904837
1665,0,1,0.010975055138421355,1.5407939e-05,7.0472674e-06,0.013389548
1666,0,1,0.23439905538059946,0.8095076,0.31954178,0.23986141
1667,0,1,0.3460484507594118,0.9886281,0.9720152,0.35423675
1668,0,0,0.17302220248875672,0.027682768,0.46850175,0.16321038
1669,1,1,0.8697233485665238,1.0,0.99999976,0.872414
1670,0,0,0.0007551841792586202,3.4479477e-12,9.2299424e-10,0.00092896447
1671,0,0,0.03632934121712291,0.00043566417,0.027192634,0.043465134
1672,0,0,0.00682635702559952,3.7953267e-08,3.4664254e-07,0.0073667383
1673,1,1,0.6651605647690018,0.99998236,0.999856,0.6705078
1674,0,1,0.10214563450409901,0.10663934,0.14051998,0.10115819
1675,0,1,0.42591517252475436,0.7514606,0.4980954,0.40222937
1676,0,0,0.0037445485540070745,2.7271563e-08,2.6223358e-07,0.004576974
1677,0,0,0.011373096955886047,1.0582055e-06,3.141605e-05,0.012538011
1678,0,1,0.3634311397001621,0.98873466,0.89607143,0.3700459
1679,0,0,0.003352430100478034,1.2631877e-08,9.6828e-08,0.005818666
1680,1,1,0.8961667010186979,0.99999976,0.9999987,0.897515
1681,0,0,0.03951630091670566,0.0001546076,0.0014927889,0.043509744
1682,0,0,0.0005401392325214145,1.5437238e-13,6.698424e-12,0.0006656173
1683,0,0,0.11389963562072122,0.010024212,0.25052303,0.11781973
1684,0,0,0.005870593741415878,5.018324e-08,1.7741598e-06,0.0072724377
1685,1,0,0.13387945066605267,0.20464092,0.80419,0.13904512
1686,0,0,0.006861496676851666,6.996546e-09,2.4075982e-07,0.007655885
1687,0,1,0.03502951768893533,8.110789e-05,0.00014342909,0.033527527
1688,0,0,0.025891291835957325,0.0001681593,0.0025113367,0.028039178
1689,0,1,0.23513861803371816,0.90222913,0.7767123,0.23436773
1690,0,0,0.014770767123768885,4.5156284e-07,4.3165554e-05,0.015568761
1691,0,1,0.004213312777255457,1.2996093e-08,5.026514e-08,0.004910799
1692,0,1,0.054119940881315554,0.00052971096,0.00019978284,0.05648739
1693,0,0,0.020375179317550472,0.00022028688,0.0021953357,0.035231173
1694,0,0,0.0026695862259894176,5.788893e-08,1.7211761e-06,0.0033552612
1695,0,0,0.011746890184388554,8.682578e-06,0.0002836964,0.01501496
1696,1,1,0.1518692805054765,0.35170764,0.06821316,0.1551537
1697,0,0,0.013590652895642956,2.44296e-07,7.1566888e-06,0.014436301
1698,0,1,0.17736643272694902,0.21132728,0.04779794,0.18167402
1699,1,1,0.7152615506513824,0.99988675,0.9993149,0.7166587
1700,0,0,0.002070604791307733,2.1368582e-11,1.964386e-09,0.0035671294
1701,0,1,0.32008024066833474,0.8699009,0.5879101,0.3320357
1702,0,0,0.7676838015703182,0.9999701,0.9999999,0.76544285
1703,0,0,0.0028483412648732448,1.564271e-08,4.6216417e-07,0.0035575768
1704,0,0,0.002891255100577196,1.046801e-10,3.4068668e-09,0.0030958003
1705,0,1,0.004605995849154853,3.2762472e-08,7.0216664e-09,0.0053771236
1706,1,1,0.23052332873465725,0.80029714,0.5382415,0.2319153
1707,0,0,0.17528699772499884,0.009310703,0.87565434,0.15803026
1708,1,1,0.9588435121845427,0.999997,0.9999968,0.94069636
1709,0,1,0.17875484931260638,0.36520228,0.06536373,0.18616477
1710,1,1,0.13624034549628414,0.008352002,0.0014265928,0.14497268
1711,0,0,0.012638633049320145,2.5879222e-06,0.000105381725,0.015683027
1712,0,0,0.08271041376582584,0.15302253,0.5890968,0.08612943
1713,0,1,0.4831817371227068,0.9894484,0.9865696,0.48922363
1714,1,1,0.7528839393078951,0.9999882,0.99986374,0.7557095
1715,0,1,0.1836853772235495,0.160398,0.055522572,0.18433239
1716,1,1,0.9979251270284296,1.0,1.0,0.99702954
1717,0,1,0.2868371274931237,0.9455085,0.593782,0.2971181
1718,0,0,0.009029668591826742,1.7539755e-07,4.6507535e-06,0.00983695
1719,0,1,0.2347348523356598,0.35024497,0.050004717,0.24643129
1720,0,1,0.03263334145993565,0.00054392236,0.0005379243,0.037763745
1721,0,0,0.04365437930017982,0.0033449125,0.06016272,0.04552676
1722,0,1,0.5054967234035014,0.9995034,0.994995,0.5144089
1723,1,1,0.16730782357815283,0.08372091,0.017976174,0.17245741
1724,0,0,0.001785179917847316,3.7755955e-11,1.3893469e-09,0.0019239694
1725,0,1,0.015159611885290502,1.0018507e-06,1.3308531e-07,0.015339219
1726,0,0,0.0110074549169443,1.9679571e-06,9.705811e-06,0.012518108
1727,0,0,0.0024445198207477697,7.8655094e-10,3.097602e-08,0.0031255442
1728,1,1,0.9999999999999944,1.0,1.0,1.0
1729,0,1,0.36061557338466577,0.9832825,0.86959416,0.36531264
1730,0,1,0.01831654509468266,1.4541719e-05,1.8754129e-06,0.019035516
1731,0,1,0.002762305582557313,5.756549e-10,1.2435623e-10,0.0032203346
1732,1,1,0.3480155525291228,0.9502568,0.8231215,0.3538873
1733,0,0,0.004366698983203224,7.7499124e-08,2.9510263e-06,0.005464235
1734,0,1,0.5618089035687447,0.99872977,0.97035116,0.55229735
1735,0,1,0.048562670125846405,9.5263174e-05,5.543984e-05,0.048813537
1736,0,0,0.11844704387066066,0.16311456,0.77387285,0.12453024
1737,0,1,0.4140953120565421,0.71589327,0.3897164,0.39903513
1738,0,1,0.2679511346877427,0.6988932,0.28625798,0.26926762
1739,1,1,0.5604999464957147,0.99966925,0.9980773,0.5658262
1740,0,0,0.0009519712616776569,4.199689e-12,1.0677695e-09,0.0011783005
1741,1,1,0.2601906341425609,0.8476935,0.4286519,0.26477015
1742,0,1,0.25900403379290177,0.8200599,0.12674311,0.26511192
1743,1,1,0.7253851250706979,0.9999628,0.99967283,0.73068494
1744,0,1,0.002301663528838664,2.6531135e-09,1.951718e-09,0.0027112886
1745,0,0,0.06594700157763254,0.0038152118,0.06028964,0.070999235
1746,0,1,0.34614907072367035,0.9980118,0.98692954,0.35608718
1747,0,0,0.015085026827292973,2.070086e-06,0.0001130776,0.01671224
1748,0,1,0.028939819070112657,4.489031e-05,3.6543614e-05,0.029111883
1749,0,0,0.004501326989798788,5.4360044e-07,1.1574776e-05,0.0058022905
1750,0,0,0.00550414385327713,1.3599964e-06,3.3554657e-05,0.0070897588
1751,0,0,0.07246056489144197,0.0015714138,0.026741227,0.079013005
1752,0,1,0.27252819455308785,0.92373323,0.47239536,0.28367028
1753,0,1,0.46121247731218934,0.9945669,0.9532193,0.46688372
1754,0,0,0.08370018559636659,0.007821208,0.0766046,0.085992284
1755,0,0,0.0069978772733405485,1.1161682e-07,3.6612926e-06,0.012066732
1756,0,1,0.01735163760357955,2.3653052e-05,1.2480313e-05,0.020032922
1757,1,1,0.11253632930241696,0.05483627,0.01569976,0.11578832
1758,0,1,0.009830042655571759,5.821518e-07,3.1264264e-07,0.011276819
1759,0,1,0.271727983822955,0.6537354,0.31009087,0.28070268
1760,1,1,0.9999999999999938,1.0,1.0,1.0
1761,0,1,0.5739340010453141,0.9999447,0.99925524,0.57794
1762,0,1,0.21538449598434914,0.38099474,0.114988826,0.21811232
1763,1,1,0.5446992044831553,0.9985536,0.98888737,0.54909426
1764,0,1,0.18372848531521158,0.16967604,0.041688327,0.1865546
1765,0,1,0.20443802729163177,0.23833849,0.02739584,0.21057197
1766,1,1,0.5723204740545063,0.9987866,0.9960732,0.57804614
1767,0,1,0.07361949486250398,8.8918154e-05,0.0012004828,0.068773314
1768,0,0,0.0070990577471498955,2.8995734e-07,8.198589e-06,0.007889174
1769,1,0,0.9943119687267303,1.0,1.0,0.990905
1770,0,1,0.6913499709098514,0.99999726,0.9999535,0.6944337
1771,0,0,0.017828997769937023,9.2583075e-05,0.0009095282,0.032114584
1772,0,1,0.005990314904498672,1.7096397e-07,6.3500494e-07,0.007086611
1773,0,1,0.06206859415379103,0.03967326,0.010878464,0.06126828
1774,0,1,0.07894450824182964,0.0034803038,0.00086921,0.07955728
1775,1,1,0.9966082509873985,1.0,1.0,0.99476737
1776,0,0,0.06854754857115598,0.00065445644,0.026344264,0.07250791
1777,1,1,0.12499665614589262,0.3382959,0.06482443,0.12737519
1778,0,1,0.5282429994148468,0.9997397,0.9992137,0.5537157
1779,0,1,0.009308061619096383,1.0304914e-06,1.6442903e-07,0.015879842
1780,0,0,0.0525223555925787,1.975256e-05,0.00041209432,0.029025804
1781,0,0,0.14673029002214896,0.036058035,0.36325732,0.15230669
1782,0,1,0.004296462001817651,5.68231e-07,9.66105e-08,0.005366067
1783,0,0,0.0841556313014122,0.0036007636,0.054283343,0.08838976
1784,1,1,0.3790172017597169,0.96656156,0.81242114,0.38318068
1785,0,1,0.6469572605352584,0.9999629,0.9994237,0.6545148
1786,0,1,0.5065869062270001,0.99525553,0.98432183,0.5172473
1787,0,0,0.019560797266157087,3.7137906e-05,0.0016352229,0.020150788
1788,0,0,0.37022663815031953,0.99990034,0.99999964,0.36428913
1789,0,0,0.40893562779437365,0.99866235,0.999995,0.40904945
1790,0,1,0.3447082906058635,0.98849523,0.917879,0.34879008
1791,0,1,0.006289658789470128,2.6650673e-07,5.8278562e-08,0.00717049
1792,1,1,0.3955045327058594,0.9972168,0.97288865,0.3996621
1793,0,1,0.01821633147043716,2.2456694e-05,9.253972e-06,0.020815702
1794,0,0,0.0016353033028833782,8.425653e-11,9.387984e-09,0.0028980302
1795,0,1,0.3054990610582324,0.9908755,0.9075595,0.31275782
1796,0,0,0.4228518169828174,0.9935039,0.9999846,0.41377783
1797,0,0,0.04887975695212294,0.00021782109,0.004200155,0.053623654
1798,0,1,0.2068854650369604,0.18513046,0.06902849,0.20431753
1799,0,1,0.022919002874291446,1.241951e-07,7.277202e-07,0.021115473
1800,0,1,0.044217151899324646,0.00086412154,0.00048854377,0.045390613
1801,0,1,0.15863802213924852,0.1215802,0.0714081,0.16416787
1802,0,1,0.056099226061985225,0.0023389517,0.00052762195,0.057166185
1803,0,0,0.0024443366129587194,1.3925517e-09,3.5264037e-07,0.002994635
1804,0,0,0.34071099390993137,1.0,1.0,0.3375972
1805,0,0,0.0032811943035424055,2.095039e-08,2.817179e-06,0.0040963367
1806,0,1,0.49994328280813266,0.99373275,0.9692703,0.5138002
1807,1,0,0.8192745183326436,0.99992764,0.9999999,0.7805026
1808,0,0,0.01832856446288034,2.8972598e-05,0.00062263606,0.020230612
1809,1,1,0.6777015618672142,0.9822465,0.97526985,0.6513105
1810,0,0,0.04058861859007175,0.00071734725,0.011196229,0.044706535
1811,0,0,0.0061706371671865125,1.8436262e-07,6.580629e-06,0.0075330995
1812,0,1,0.09244442235652207,0.0041974834,0.0034480498,0.10148442
1813,0,1,0.05084026403119497,6.7811496e-05,5.817012e-06,0.050445814
1814,0,1,0.24870315387451583,0.751479,0.5900229,0.25252503
1815,0,0,0.03139106915901249,0.00021912382,0.005007342,0.03318516
1816,1,1,0.9674900773389798,1.0,1.0,0.96741796
1817,0,0,0.002456628178478293,2.0410609e-09,4.4602496e-07,0.0030365991
1818,0,1,0.33827776136885135,0.9787192,0.83135986,0.34519622
1819,0,0,0.005544338000103091,4.2113527e-08,1.3778595e-06,0.006165073
1820,0,1,0.08305550053491552,9.270596e-05,1.566058e-05,0.08645832
1821,0,1,0.08478405046587792,0.0006307726,0.0006459182,0.087285705
1822,0,0,0.02988796688690618,5.403643e-05,0.0003912945,0.032290395
1823,0,0,0.0007725241997772941,6.6165727e-12,4.1669557e-10,0.00091502425
1824,0,1,0.046342254197578946,0.0001785806,0.00031969394,0.04728439
1825,0,1,0.3747737174314561,0.9817593,0.61358386,0.3833418
1826,0,1,0.062054185068504006,0.000437304,0.000100819314,0.06213662
1827,0,1,0.0985146863302648,0.04492138,0.009370525,0.10285464
1828,0,0,0.0010778778597020258,3.4175957e-11,1.5689764e-09,0.0013844458
1829,0,0,0.0015622414010659006,4.4349458e-11,2.4643512e-10,0.0027045964
1830,0,1,0.007436808657159883,6.2882265e-07,1.3135681e-07,0.008561248
1831,1,1,0.5386355906682503,0.9994157,0.99292266,0.5442524
1832,1,1,0.624308701143285,0.99972636,0.9983339,0.63303816
1833,0,1,0.2634663761029131,0.68355364,0.36482772,0.26536325
1834,1,1,0.6805581662883885,0.99990356,0.9994436,0.6838334
1835,0,1,0.33926509463179977,0.9975533,0.9712521,0.34781593
1836,0,0,0.01587291225443698,4.9588884e-06,0.0001217508,0.017525675
1837,0,1,0.4204965231916103,0.97014177,0.9182815,0.41846156
1838,0,1,0.34640502622685776,0.9616772,0.8388937,0.34833026
1839,1,1,0.46060209101708,0.9875924,0.96620786,0.4643306
1840,0,0,0.0014459139237310015,6.73243e-12,2.0355587e-10,0.0017904898
1841,1,1,0.3185963118733088,0.964286,0.88574886,0.31495067
1842,0,1,0.2652286339291709,0.8040785,0.39487115,0.26746213
1843,0,0,0.014578747708141306,4.3598172e-07,2.0619922e-05,0.015573227
1844,0,0,0.0006603986828727347,1.913216e-13,6.8706126e-12,0.0008247072
1845,0,0,0.032327981296322805,3.8795174e-06,0.00024895775,0.03271978
1846,1,1,0.5972757503643049,0.9999273,0.9994512,0.6023021
1847,0,0,0.03039358728251801,3.2641045e-05,0.0011793638,0.03352587
1848,0,0,0.4365355146610253,0.99993503,0.99999976,0.4334562
1849,0,1,0.00046218008908152354,1.0,7.736372e-11,0.0006737104
1850,1,0,0.9693205490283938,1.0,1.0,0.9714275
1851,0,1,0.0705277073074428,0.0047867433,0.0011194097,0.078029424
1852,0,1,0.10163091049626748,0.0045162234,0.0013783297,0.1020789
1853,0,0,0.02957278726751925,2.249877e-05,0.0005181738,0.031216355
1854,0,0,0.06063889290327804,0.004703792,0.17156433,0.06388109
1855,0,1,0.05410396017204055,0.00092215644,0.00011304104,0.05513956
1856,0,1,0.13797984788758255,0.034729656,0.059634347,0.13609779
1857,0,1,0.22386862745414826,0.51381475,0.07912926,0.22929507
1858,0,1,0.14597754019825673,0.552265,0.41552168,0.16945456
1859,0,1,0.287474153733603,0.6650926,0.31074104,0.26626948
1860,0,1,0.8698557670371035,0.9999975,0.9999722,0.85846883
1861,0,1,0.028915746449195166,9.44147e-05,2.9539622e-05,0.029908381
1862,1,1,0.28231011011965923,0.76920724,0.3178458,0.28861418
1863,0,1,0.20890831423118644,0.4296579,0.15129931,0.21184479
1864,0,1,0.6776259745842397,0.998776,0.99514866,0.65863764
1865,0,1,0.0031909962610663966,5.7556133e-11,3.1671377e-11,0.0033325553
1866,0,0,0.0863131015290478,0.010994121,0.08979197,0.09018361
1867,1,1,0.9999999999999734,1.0,1.0,1.0
1868,0,0,0.03192429535552489,0.000738229,0.016141124,0.035036735
1869,0,1,0.03290914160518084,0.0001786264,6.545627e-05,0.033297647
1870,0,1,0.013592592839042263,3.7704453e-06,2.8996897e-07,0.013949144
1871,1,1,0.34455665120567697,0.9805675,0.89135104,0.34935832
1872,0,0,0.1429802419419457,0.0029064186,0.07764757,0.13356562
1873,0,1,0.010136949537992287,5.1724106e-07,3.7474848e-07,0.010451131
1874,1,1,0.3907217658230335,0.99748,0.98851293,0.3928704
1875,0,0,0.4780479332493503,0.99582464,0.9999968,0.45943165
1876,0,1,0.47497273841657844,0.87479204,0.7787145,0.44453862
1877,0,1,0.2447964809833333,0.7759542,0.58755916,0.24618806
1878,0,0,0.045571513695753976,0.0005588795,0.013038752,0.04683357
1879,0,1,0.6780677475163854,0.99994004,0.99963534,0.68302464
1880,1,1,0.848144665295411,1.0,0.99999976,0.851128
1881,1,1,0.9974325534119922,1.0,1.0,0.99598265
1882,0,0,0.09784486712273505,0.0788825,0.26094416,0.10218163
1883,0,1,0.2683578254860297,0.81343716,0.39687803,0.2716743
1884,0,1,0.29028686866847453,0.7970634,0.36147702,0.29968664
1885,0,1,0.4548605761748148,0.99967366,0.99890006,0.4592492
1886,0,1,0.7853904728309767,0.99999654,0.9999044,0.7898259
1887,0,1,0.40337384701782014,0.9995293,0.99252963,0.41020453
1888,0,1,0.14886072163075317,0.09394517,0.018174719,0.15659977
1889,0,1,0.37678574122332265,0.997712,0.8888855,0.3867265
1890,0,0,0.03724445063530564,0.00020385707,0.003907675,0.039227955
1891,0,0,0.008268690282918966,1.8104963e-08,1.1029998e-06,0.0084885415
1892,0,0,0.009640575136945545,1.0109795e-07,5.610452e-06,0.010818459
1893,1,1,0.8999529752452425,0.99988353,0.99986804,0.86838675
1894,0,0,0.0038525101563474306,8.510862e-09,1.8070607e-07,0.004326138
1895,0,1,0.009439232283520138,1.4468721e-06,1.0219953e-06,0.011428198
1896,0,1,0.004733801343017554,3.9753686e-11,1.20726614e-11,0.0050760712
1897,0,1,0.2939705542198371,0.88215154,0.6045237,0.29724008
1898,0,0,0.16632742627857966,0.0579721,0.7040843,0.1685651
1899,0,1,0.4680853151324723,0.9956717,0.98255116,0.47731715
1900,0,0,0.04168817002251025,0.00032500236,0.0077693895,0.045796234
1901,1,1,0.5473191719150109,0.99981046,0.99764174,0.54779184
1902,0,0,0.0029187481451487906,4.4895764e-08,6.6641825e-08,0.0024201414
1903,0,1,0.0010050966754404174,6.486647e-14,4.2322598e-14,0.0010181686
1904,0,0,0.00479671701259105,1.1015507e-09,3.470692e-08,0.005079497
1905,0,1,0.231762168076811,0.55646765,0.20105681,0.24457438
1906,1,1,0.37546424999758493,0.9135125,0.636975,0.35079265
1907,0,1,0.013385390159686771,4.5933749e-07,7.441043e-08,0.013545707
1908,0,1,0.10236452624125414,0.017754378,0.0037487869,0.10408479
1909,1,1,0.11463448819154215,0.013973971,0.0030870934,0.1149928
1910,0,1,0.01747690487099024,2.036687e-06,5.4859174e-07,0.017909082
1911,0,0,0.021729628772472954,0.0062810266,0.012044101,0.01760896
1912,1,1,0.08787328180742794,0.33706304,0.02794344,0.14071384
1913,0,1,0.16317191332179157,0.22990419,0.061208684,0.16782214
1914,0,1,0.036744090358321685,0.00023966927,3.8868828e-05,0.03772579
1915,1,0,0.600381583682624,0.9996233,0.9999993,0.59491396
1916,1,1,0.9993077944888962,1.0,1.0,0.99842024
1917,0,1,0.20773991038691583,0.5382833,0.3608375,0.21366788
1918,0,1,0.0877805014531745,0.0011424321,0.00035881958,0.08210156
1919,0,1,0.11505463117444456,0.0008188639,0.0021432259,0.1097795
1920,1,1,0.9999999999999671,1.0,1.0,1.0
1921,0,1,0.08998796921699345,0.019653631,0.007517274,0.09659023
1922,0,1,0.30025443854910455,0.966851,0.9062752,0.30250624
1923,1,0,0.863812188665037,0.99999774,1.0,0.8414518
1924,0,1,0.20988011677450127,0.5377751,0.15948035,0.21513341
1925,0,1,0.008300865217018961,5.803716e-09,2.1313489e-09,0.008189637
1926,0,1,0.018388896412158167,2.259288e-05,1.0316672e-05,0.02137336
1927,0,1,0.26894189713075606,0.883825,0.64839983,0.27156135
1928,0,0,0.11461533553740959,0.000612292,0.1697755,0.10910629
1929,0,1,0.13494227812681217,0.7656649,0.29334518,0.14451924
1930,1,0,0.19420330123283713,0.63328743,0.9442271,0.20327012
1931,0,1,0.0045726195705784395,2.5531847e-08,3.0622385e-08,0.005209511
1932,0,1,0.4730431979930847,0.99373615,0.97646356,0.48343474
1933,0,1,0.2046807464831385,0.51885575,0.10504367,0.21420652
1934,1,1,0.3525886293078041,0.9555266,0.7823347,0.35653302
1935,0,1,0.2484808069694912,0.81933707,0.42507234,0.25324318
1936,0,1,0.21311042754186055,0.5673062,0.34409562,0.2180922
1937,0,1,0.07686316990814314,0.008807319,0.001704677,0.07618099
1938,0,1,0.22899662240268964,0.8078257,0.5291888,0.2327813
1939,1,1,0.30118508022012547,0.8854923,0.56610286,0.30417988
1940,0,1,0.2601422253709809,0.6138376,0.73397005,0.2604967
1941,0,1,0.3535009439117239,0.9984754,0.96604955,0.35754156
1942,0,0,0.018450705434085023,1.788939e-05,0.00031971585,0.019702276
1943,0,1,0.016272043122496804,1.5027026e-05,8.184668e-06,0.019384444
1944,0,0,0.05065108607328074,0.0016834321,0.025994617,0.05383663
1945,0,0,0.12173069527760087,0.028107144,0.2718549,0.12445728
1946,0,0,0.09819011940977386,0.027954698,0.22509027,0.10545676
1947,1,1,0.7616883392924141,0.99998784,0.99991727,0.76452506
1948,0,1,0.26503950485429767,0.93978804,0.771988,0.28962913
1949,0,0,0.16091865089887752,0.5281494,0.93682253,0.16824055
1950,0,0,0.04715405149067849,0.006344796,0.28148502,0.05643835
1951,0,1,0.1508148648040314,0.7240683,0.49851453,0.16644834
1952,1,0,0.6986561496825363,0.99994206,0.9999999,0.6775145
1953,0,0,0.022432521269455368,2.1527854e-05,0.00023617748,0.024028923
1954,0,1,0.06755673988540746,0.0020908655,0.00085573096,0.06793695
1955,1,0,0.7122565323991162,0.90205586,0.9971238,0.62462956
1956,0,0,0.05738060993530411,0.00056171266,0.011736766,0.059533615
1957,1,1,0.6253989950186138,0.99999833,0.99995995,0.6294328
1958,0,1,0.09997732421199895,0.021996632,0.0021808613,0.10339898
1959,0,1,0.7367980264071755,0.99998915,0.9998307,0.74285585
1960,0,1,0.07637630287005931,0.006560941,0.0014589354,0.0771231
1961,0,1,0.7510004160570513,0.99998176,0.9999132,0.75271106
1962,0,0,0.0016983534836564472,1.4090655e-10,2.3278501e-09,0.0030058601
1963,0,1,0.25786887247856294,0.86244184,0.44746345,0.266434
1964,0,1,0.03339353693584351,4.5310757e-05,4.4072578e-05,0.03406008
1965,1,0,0.685902124194044,0.999984,1.0,0.6794013
1966,0,1,0.05076743372257837,0.0014222683,0.00067884,0.052518856
1967,0,0,0.00970079721499096,1.4776163e-08,4.154429e-07,0.010509978
1968,1,1,0.6167678883706792,0.99993443,0.9993751,0.62314
1969,0,1,0.13814819669695996,0.67476064,0.101360455,0.13748114
1970,0,0,0.006525029297510443,1.8640978e-09,2.9661106e-07,0.0062341066
1971,0,1,0.4601915477116245,0.9912579,0.96501386,0.47057804
1972,0,0,0.05172867340586623,0.00020350865,0.004810755,0.05602321
1973,0,1,0.1891535344557221,0.24865419,0.08455153,0.19189869
1974,1,1,0.2264083463589573,0.5068899,0.12274872,0.2324926
1975,0,0,0.017819391414789176,2.7977915e-06,0.00013111328,0.01976728
1976,0,1,0.19943415483003124,0.34853005,0.09751337,0.203041
1977,0,1,0.4256883520506982,0.98246104,0.9334277,0.43039382
1978,0,0,0.12459730931741478,0.08319658,0.9419325,0.124200836
1979,0,1,0.3549892735805454,0.7588565,0.6158436,0.3439565
1980,1,1,0.06644475156551773,0.00022802722,0.00020426662,0.0697249
1981,0,0,0.003954852530438042,3.3556182e-07,1.115142e-05,0.0048976564
1982,1,0,0.5762486577238306,0.9999815,0.9999999,0.57499856
1983,0,1,0.16081976403472695,0.10870397,0.022245245,0.16513894
1984,1,1,0.4680126141807054,0.99915826,0.99137,0.47321978
1985,0,0,0.017208990694744727,3.5763418e-07,8.7175495e-06,0.019019425
1986,1,1,0.3503117591937273,0.9691966,0.88145584,0.35791954
1987,0,0,0.00016944404164530603,2.6287247e-16,1.2117283e-14,0.00021078756
1988,0,0,0.056922664633415485,0.0054788096,0.113362655,0.062449273
1989,1,1,0.6484067428983812,0.99991727,0.9994338,0.65897584
1990,1,1,0.3141908728931062,0.9402245,0.7452517,0.3083858
1991,0,0,0.017472874844407765,8.618639e-07,0.0001114801,0.01766499
1992,0,1,0.004310576099547448,9.82789e-09,6.1240444e-09,0.005039168
1993,0,0,0.012802253236667616,1.1548011e-06,2.9903551e-05,0.013492576
1994,0,0,0.13412829067044701,0.1650213,0.81388986,0.1350116
1995,0,1,0.030022971103582333,3.6657853e-05,1.9113124e-05,0.029235285
1996,0,0,0.027105528854926904,7.061859e-05,0.0020413352,0.02948922
1997,0,1,0.15082149243578352,0.4336197,0.10225472,0.15224507
1998,0,1,0.7055302233858156,0.9999238,0.99948657,0.7053674
1999,1,1,0.46912929122570746,0.8261688,0.62558,0.44980603
2000,0,1,0.13703242382364997,0.005760017,0.003148738,0.13794796
2001,0,1,0.0009175269514983381,1.6598398e-12,1.1928226e-12,0.0010795514
2002,0,1,0.018720605519401592,8.7851566e-07,5.8736987e-07,0.019181212
2003,0,1,0.02925109185573325,0.0014310926,0.00040921566,0.03431731
2004,0,0,0.0026296075434680583,1.8709618e-09,3.342803e-08,0.0030587486
2005,0,1,0.021575795778524115,6.057035e-06,2.383656e-06,0.022062555
2006,0,1,0.24304750997853752,0.9904355,0.912326,0.26130956
2007,0,1,0.0024067055187192315,3.1057674e-11,3.8867996e-11,0.0024569295
2008,0,0,0.013194561975649279,1.6871156e-05,0.0005071725,0.016808216
2009,0,1,0.012961659891554676,7.974596e-06,2.1149067e-06,0.021030622
2010,0,0,0.0041777813742940595,2.415747e-07,3.1142006e-06,0.0077660386
2011,0,1,0.07965364853915044,0.010195755,0.0012912841,0.081271805
2012,0,1,0.5162067265702951,0.9994398,0.991126,0.5270761
2013,1,1,0.8672727206102026,0.9999502,0.99972516,0.8410746
2014,0,1,0.1042814718075049,0.080297545,0.0115103135,0.106008805
2015,0,1,0.6391896762111826,0.9999918,0.9997279,0.6473081
2016,0,0,0.010338518859707687,1.1840506e-08,5.9858013e-07,0.010700712
2017,0,1,0.11867255681559594,0.10804492,0.045518607,0.11928842
2018,0,1,0.00205485911271513,6.7092575e-11,4.2950303e-11,0.002435144
2019,0,0,0.0025882431804455813,1.6075014e-09,4.2061276e-07,0.003151637
2020,0,1,0.013103168473407428,3.8767402e-07,2.0834318e-07,0.013615192
2021,0,1,0.34130912327179447,0.99226946,0.91649675,0.34908327
2022,0,1,0.9717560681977657,1.0,1.0,0.9730146
2023,0,1,0.017026622560701275,1.2051354e-08,4.0560617e-09,0.017484851
2024,0,0,0.005136428223446856,3.4373496e-08,7.672835e-06,0.0062326915
2025,0,1,0.4320749423632226,0.9872796,0.919622,0.43751806
2026,0,1,0.12723323228807606,0.60142213,0.21848288,0.123544365
2027,1,1,0.2620975889040966,0.8852591,0.5072793,0.27077782
2028,1,1,0.8582597516993103,0.99999917,0.9999957,0.86348903
2029,0,1,0.015099626991702211,0.00010858013,2.21861e-05,0.017801814
2030,0,1,0.0594323859061023,0.0009327684,0.00016091333,0.061275993
2031,1,1,0.5894873292787612,0.9996108,0.99795926,0.59524477
2032,0,1,0.0075186088690557,5.3613667e-07,1.03940735e-07,0.012788629
2033,0,1,0.0015008589578832236,1.0584598e-10,2.0214946e-10,0.0025286758
2034,0,1,0.5419207619315166,0.99920344,0.99291635,0.5491777
2035,0,1,0.304827455919611,0.035181124,0.010365173,0.16400927
2036,0,0,0.0014669941854274248,3.643581e-11,3.9123376e-09,0.002601809
2037,0,1,0.05981025312156701,0.0037139868,0.0019251022,0.062247038
2038,0,1,0.09016971526915873,0.011234132,0.0041775564,0.09042826
2039,0,1,0.2191123429370626,0.54123235,0.17266965,0.22297195
2040,1,0,0.6809902085762197,0.9999691,0.9999999,0.6768651
2041,0,1,0.03029103819942922,0.00095140917,0.00058738707,0.03578887
2042,0,0,0.03644608965368708,0.00020550497,0.0025893557,0.039470397
2043,0,1,0.04560926841673337,0.0003097978,0.00011926558,0.04713874
2044,1,1,0.7856216425030329,0.999998,0.999984,0.78796643
2045,0,1,0.24666784076438247,0.7010002,0.33591717,0.24856259
2046,0,1,0.005035992803871572,5.981065e-08,3.708603e-08,0.006042076
2047,0,0,0.018610771792441385,1.2496902e-07,2.4600906e-06,0.019971898
2048,1,1,0.5637597729698267,0.9999865,0.9999217,0.56623036
2049,0,0,0.008281648702815732,1.393626e-08,2.0573022e-07,0.0086335065
2050,0,1,0.42548163727059307,0.98804027,0.9309405,0.4274388
2051,0,0,0.04694839823771814,0.0015372538,0.76355547,0.046070233
2052,0,0,0.01971448770288895,2.458671e-07,1.3913538e-05,0.019813469
2053,0,1,0.011238809996639138,7.695052e-05,1.32101695e-05,0.018603398
2054,0,1,0.29197932827050366,0.95524806,0.7637771,0.30580935
2055,1,1,0.8326172089575457,0.99962974,0.9987459,0.7894011
2056,1,1,0.2541898067836375,0.6339608,0.25292128,0.25527167
2057,0,1,0.5330280567341267,0.9996501,0.99836785,0.5347858
2058,1,1,0.5917008421787113,0.99966204,0.9993781,0.5969204
2059,0,0,0.04743331458640029,0.0017919596,0.014332726,0.051743243
2060,0,1,0.09324192288889162,0.10655828,0.018278498,0.09150282
2061,0,0,0.015460017884245373,3.5805397e-07,8.533479e-06,0.017702876
2062,0,1,0.0012410355659206766,1.0639678e-13,6.878316e-14,0.0013071259
2063,0,1,0.1457510334285395,0.1022569,0.031368446,0.14778385
2064,1,0,0.6866169269726761,0.9999833,1.0,0.68195677
2065,0,1,0.010843330338666135,2.3107839e-06,7.545214e-07,0.012331267
2066,0,1,0.05885045759555041,0.00043647146,0.0003401886,0.05802135
2067,0,0,0.00274597751223512,4.1902064e-09,1.3318865e-07,0.0033872938
2068,0,1,0.14091993690221788,0.04551711,0.010433978,0.14718957
2069,1,1,0.006985807099019101,2.5000088e-05,4.563463e-06,0.012534186
2070,0,1,0.017794491533312157,1.6265292e-06,6.011785e-07,0.017439576
2071,0,1,0.1438666629040455,0.03879573,0.008414827,0.14963092
2072,0,0,0.0012262375164880516,7.236012e-12,3.0584468e-10,0.001494863
2073,0,1,0.487726777807415,0.99755234,0.9871763,0.49748376
2074,0,1,0.6982118180312986,0.9999671,0.99974924,0.7082854
2075,0,0,0.04087366458301619,2.9304103e-05,0.00048959104,0.043743826
2076,0,1,0.6723146905597944,0.9999887,0.99977386,0.689693
2077,1,1,0.3055008862955433,0.8721678,0.6674774,0.30914566
2078,0,0,0.005800820172686335,5.1434137e-07,1.4103586e-05,0.0070409854
2079,1,0,0.08349774288894195,0.013151401,0.263448,0.089657225
2080,0,1,0.06523360520564789,0.021585675,0.0026833683,0.066486955
2081,0,1,0.16820770714053299,0.13610616,0.039276704,0.17483088
2082,0,0,0.05088720593630583,0.0027394497,0.030345025,0.054717902
2083,0,0,0.0022299317527741656,2.2847986e-09,4.6492087e-08,0.0028557056
2084,0,0,0.0015497657778475258,2.1823905e-10,1.6335323e-09,0.0019075251
2085,0,1,0.09859737499473503,0.0031228825,0.0005614394,0.101329245
2086,0,1,0.7005291968543804,0.99990654,0.99931526,0.7055199
2087,0,0,0.00807042333196382,2.864785e-09,5.7306355e-08,0.008621985
2088,0,1,0.44486160955286114,0.99866295,0.9813659,0.46165788
2089,0,0,0.11047361949195245,0.080823645,0.2596438,0.11852925
2090,1,1,0.21438929955542912,0.82482743,0.56028277,0.21323071
2091,0,1,0.2533824384363943,0.79946226,0.55096036,0.24866271
2092,1,1,0.22633000296624964,0.8792575,0.37970787,0.23134565
2093,1,0,0.9563757576656675,0.99999464,0.99999976,0.93519294
2094,0,1,0.010017230957434795,1.262521e-05,3.3276742e-06,0.016494649
2095,0,0,0.002698243434933112,1.635098e-08,6.398682e-07,0.003472213
2096,0,0,0.019693473270504303,5.467618e-06,0.00013720634,0.021972343
2097,1,1,0.9996776375490589,1.0,1.0,0.99924296
2098,0,1,0.03799066974334237,0.00038537267,0.00017846552,0.039625864
2099,0,0,0.0003170526873227082,2.5163361e-11,3.6696233e-11,0.00042481755
2100,0,1,0.016731524083839284,1.3756222e-06,7.111732e-07,0.017191285
2101,0,1,0.034204523852617554,2.3409506e-05,9.204753e-06,0.034682464
2102,0,0,0.011293879025994455,1.2193823e-07,1.3306719e-06,0.011780706
2103,0,0,0.04504200423684584,2.9300278e-05,0.0015244597,0.04555673
2104,1,0,0.7280912716069936,0.99999356,1.0,0.7219636
2105,0,1,0.34241490747595055,0.9691731,0.8075304,0.3502524
2106,1,0,0.8152058405670003,0.9999995,1.0,0.8104791
2107,0,0,0.002746341416255614,4.8466916e-12,7.1879436e-10,0.0027869164
2108,0,1,0.22352205158822003,0.8263377,0.18795359,0.22664487
2109,0,1,0.07361949486250398,8.8918154e-05,0.0012004828,0.068773314
2110,1,1,0.6029325953769864,0.99997675,0.99941915,0.6078134
2111,0,0,0.026665616243349868,3.839612e-05,0.0008120663,0.028082779
2112,0,1,0.2324043615944976,0.9602373,0.39361796,0.23751554
2113,0,1,0.3634792296654796,0.9985984,0.99215466,0.3680591
2114,0,1,0.5029314019545079,0.87427026,0.938016,0.46063143
2115,0,0,0.0002699729924317156,2.271764e-15,1.0707163e-13,0.00033599333
2116,0,1,0.0018560009028079315,5.6889816e-11,2.3884583e-10,0.0021975385
2117,0,1,0.23586891065527135,0.68740654,0.47623342,0.24263145
2118,0,1,0.003783222043368448,2.3159313e-10,1.4615732e-10,0.00461977
2119,0,0,0.042575150337210314,5.061739e-05,0.009169826,0.04207677
2120,0,1,0.3689267463153091,0.9830676,0.86917555,0.37369925
2121,0,0,0.4012979610071403,0.999158,0.99999654,0.39746174
2122,1,0,0.4415998591078776,0.86247367,0.9733435,0.40006524
2123,0,0,0.03253781226067162,8.70231e-05,0.0023233537,0.035932023
2124,0,1,0.16872390847466606,0.15639415,0.06672363,0.16137789
2125,0,0,0.0036629467019999237,1.1685001e-09,4.2458886e-08,0.0039980044
2126,0,0,0.022709864962241245,2.3275995e-06,7.179869e-05,0.024408143
2127,0,1,0.1753141995212777,0.3801959,0.06539873,0.18346009
2128,0,0,0.003250919415301699,2.2135959e-08,1.3081591e-06,0.0040279105
2129,0,1,0.0025393306202645006,4.6911774e-10,1.14133314e-10,0.0029276295
2130,0,1,0.337986339203853,0.9883315,0.90110064,0.33370999
2131,0,0,0.09180484224311224,0.0025318675,0.90089095,0.090297446
2132,0,0,0.036615030731419834,7.0178185e-06,0.0010206482,0.036557473
2133,0,1,0.3074129956273294,0.9402804,0.7034047,0.3077406
2134,0,1,0.6892917846845144,0.998226,0.9755052,0.6650603
2135,0,0,0.04480707898942755,0.00045560524,0.009908097,0.047121737
2136,0,0,0.0334347865299513,0.0011876803,0.014461941,0.0342078
2137,0,0,0.003961079619125728,5.2847586e-08,2.096572e-06,0.0050186226
2138,0,0,0.4115457263446286,0.99918777,0.99999046,0.41100803
2139,0,0,0.41004237769370266,0.99285877,0.9998802,0.42876872
2140,0,1,0.8261566474303357,0.99999964,0.9999924,0.8315203
2141,0,1,0.022481040331571257,0.00016427456,0.000113954266,0.021381466
2142,0,1,0.44163989182423125,0.9908144,0.9863531,0.4393761
2143,0,0,0.016089375443217296,3.0885698e-08,7.242444e-06,0.016062634
2144,0,0,0.10691455159829405,0.001297437,0.057842813,0.10830159
2145,0,1,0.36063155185369067,0.9071437,0.62896854,0.36798522
2146,0,0,0.002180881111300156,1.982782e-09,4.687685e-08,0.0026963905
2147,0,1,0.03723870993274005,0.00019017655,4.262722e-05,0.03725868
2148,1,1,0.3056570294252856,0.9507901,0.69911826,0.31292504
2149,0,1,0.013271614402642275,2.901432e-06,9.769217e-06,0.0155520635
2150,0,0,0.01010899380831322,9.4904885e-07,5.2080242e-05,0.012042995
2151,0,1,0.3603103327368216,0.87331384,0.61950636,0.35907525
2152,0,1,0.07559310918685234,0.00053114374,0.00012965173,0.07600614
2153,0,0,0.02285633261605992,1.8225765e-06,0.00013958322,0.024906486
2154,1,1,0.20830198710144718,0.1994066,0.10337257,0.20791855
2155,0,1,0.06748517737001763,0.0005509019,0.00016759775,0.068614654
2156,1,1,0.20815386459947943,0.35192695,0.15531597,0.20923479
2157,0,1,0.34243093606838537,0.9870777,0.9071627,0.34621367
2158,0,0,0.0020692609412679983,1.9440968e-10,7.466388e-09,0.002641845
2159,0,1,0.14939090576732852,0.49505424,0.6024865,0.1458119
2160,0,1,0.2868381519353504,0.8808682,0.8308572,0.28785887
2161,0,0,0.0028980962826968075,3.0452219e-10,4.6908777e-08,0.0034881765
2162,0,1,0.01085461319036442,3.0129433e-05,3.4817626e-06,0.012614884
2163,1,1,0.2474735218154604,0.6155757,0.15287033,0.23497565
2164,0,1,0.1551675846024111,0.3412116,0.14397003,0.15959062
2165,1,1,0.9270297012669888,0.999998,0.99999213,0.91500366
2166,0,1,0.012973543609632415,2.7836097e-05,9.509792e-06,0.015760045
2167,0,1,0.404765638645762,0.9956178,0.9499597,0.41192168
2168,0,1,0.007420254394656882,6.497067e-07,4.195775e-07,0.008379367
2169,0,0,0.001468430761066541,1.4434053e-10,2.394928e-09,0.002578877
2170,1,1,0.5169210827546163,0.9988876,0.9961218,0.5124413
2171,0,1,0.2745832509346924,0.89573485,0.6281896,0.2776071
2172,0,1,0.13580593796003518,0.29285628,0.04664982,0.13863058
2173,0,1,0.3872133675444438,0.99757046,0.9595161,0.37166244
2174,0,1,0.4794625966992481,0.99630153,0.91122293,0.49130097
2175,0,1,0.006065061523992817,1.0036173e-07,4.891604e-08,0.0105749685
2176,1,1,0.9961424582869942,1.0,1.0,0.99417037
2177,0,1,0.1120509500812008,0.01787611,0.004417961,0.11220196
2178,0,1,0.0038929621226827674,3.670453e-09,1.43838e-08,0.004560672
2179,0,1,0.004969253974492629,2.103255e-08,9.0159155e-08,0.005795928
2180,1,0,0.14345534345363437,0.20429547,0.76208115,0.15022546
2181,0,1,0.1149313769396393,0.6812962,0.17201683,0.116180584
2182,0,1,0.3031326947220477,0.48627868,0.16271672,0.3020587
2183,0,1,0.03780172790047322,0.00027172733,0.00016501226,0.037989218
2184,0,1,0.035224476099121035,0.00025110296,7.89374e-05,0.035654623
2185,0,1,0.11821631277402084,0.01889409,0.0017313574,0.11970491
2186,0,1,0.14156070646818347,0.02571876,0.0019935663,0.14289488
2187,0,1,0.28958413663883703,0.96187675,0.8114235,0.3039133
2188,0,1,0.004597170703802694,3.1449602e-08,1.6476802e-08,0.005391902
2189,0,1,0.1491697751914401,0.06332234,0.010743551,0.15588035
2190,0,1,0.003263870068422725,1.7137314e-08,3.0076506e-09,0.0038311824
2191,0,1,0.006597106747500466,5.2860946e-07,2.1184178e-07,0.0077078333
2192,0,1,0.01836509323675664,3.877949e-06,6.4200294e-06,0.01880861
2193,0,0,0.05245621301721076,0.0021293336,0.038850382,0.05712091
2194,0,1,0.2916776731362561,0.96160376,0.70179164,0.2990221
2195,0,1,0.000658470631373478,3.1095103e-13,1.3432669e-12,0.0007783997
2196,0,0,0.09019576590052884,4.5277542e-05,0.0007876723,0.04844606
2197,1,1,0.5669172500181997,0.99975675,0.99768245,0.57283556
2198,0,1,0.30192617254206683,0.96663797,0.80694324,0.3068973
2199,0,0,0.015964039329752627,6.022413e-08,1.8564508e-06,0.017179044
2200,1,1,0.5774010530603906,0.9992317,0.99658585,0.5872995
2201,0,1,0.25687527523261405,0.84454477,0.21198557,0.26521173
2202,0,1,0.03869157567719604,0.00025930876,9.31788e-05,0.040315174
2203,0,1,0.02345608405041215,1.470694e-05,6.7949604e-06,0.024640853
2204,0,0,0.1622102252499343,0.57940185,0.9442356,0.17400528
2205,0,0,0.03247239793636571,2.714973e-05,0.0011543125,0.03408098
2206,1,1,0.9975196348074961,1.0,1.0,0.99580884
2207,0,0,0.03782854337355495,0.0002381933,0.0053958385,0.04171822
2208,0,0,0.0027613613591601213,6.1861365e-09,2.0044158e-07,0.00355126
2209,0,1,0.2552497839466656,0.70111877,0.29671723,0.26285726
2210,0,1,0.31813397109468844,0.43357375,0.098314606,0.33430082
2211,1,1,0.7317179145700741,0.9999863,0.999822,0.7375971
2212,0,1,0.6783477318742437,0.99984825,0.99924356,0.6948524
2213,0,0,0.012559403903758426,2.2166903e-06,1.8470631e-05,0.013405254
2214,0,1,0.010608000545987343,4.703327e-06,1.1812533e-06,0.017483769
2215,0,1,0.01871692564846078,3.948066e-06,3.533244e-07,0.018380051
2216,0,1,0.7575020459179783,0.9999982,0.9999865,0.76402986
2217,0,1,0.09580113924236489,0.0896076,0.03145241,0.09824425
2218,1,1,0.9930953303589904,1.0,1.0,0.98927027
2219,0,1,0.008638634616099441,2.2569178e-07,2.5417226e-08,0.008772327
2220,1,1,0.4234612037534887,0.99718827,0.9774239,0.4292653
2221,0,1,0.07596784154293885,0.004976765,0.0016873281,0.07832631
2222,0,1,0.09448924870514794,0.0061140684,0.0005221378,0.094956264
2223,0,1,0.04309424624941948,0.00036149836,0.00012114848,0.043362316
2224,0,1,0.2935778551675959,0.9662135,0.66665363,0.3005661
2225,0,1,0.10517731850516064,0.03684686,0.011290001,0.10310959
2226,0,1,0.29663730974529867,0.93611574,0.6277786,0.30168507
2227,0,1,0.44354381601025283,0.74268854,0.14381033,0.43708384
2228,0,1,0.27168720435856364,0.8269349,0.34658098,0.2815233
2229,0,0,0.0016827796196921417,3.1937122e-12,1.8094413e-10,0.0018731547
2230,1,1,0.12728636933747495,0.02623708,0.010384158,0.1269328
2231,1,0,0.17124309471183036,0.5387638,0.9798957,0.17975368
2232,1,0,0.7209211213607288,0.99998677,1.0,0.71490234
2233,0,1,0.617994506548357,0.99742365,0.9907229,0.6214835
2234,0,1,0.15332518749569402,0.15806302,0.057302155,0.15399912
2235,0,0,0.01022008180711583,2.9450323e-08,4.8246943e-07,0.01105375
2236,0,1,0.04223458974963412,5.163241e-05,3.0554864e-05,0.042830933
2237,1,1,0.6895668643773674,0.9999999,0.99999845,0.7101245
2238,1,0,0.9917087411869759,1.0,1.0,0.98613214
2239,0,0,0.07624621773466857,0.025435356,0.21793015,0.07820712
2240,1,1,0.36228572307258894,0.9977348,0.96977913,0.36990607
2241,0,0,0.0401596265623421,0.0005095401,0.008871049,0.04255725
2242,0,1,0.11716045009180445,0.09786184,0.013211142,0.11944357
2243,0,1,0.05327309885086949,0.00064069603,0.00028953908,0.052151028
2244,1,1,0.36866424947935195,0.99617034,0.9693987,0.37431923
2245,0,1,0.5236179228365003,0.9291202,0.7612145,0.49639896
2246,1,1,0.3206933214928682,0.99085593,0.93784255,0.33778512
2247,0,1,0.049920424978382096,0.00017516388,6.3274616e-05,0.05034634
2248,0,1,0.036635978453793544,0.00015630574,4.886496e-05,0.037675917
2249,0,1,0.2238322253974293,0.15775225,0.051322587,0.23253778
2250,0,1,0.6956023012648028,0.99995935,0.99975723,0.70017964
2251,0,1,0.007382241737097283,3.4622488e-08,1.7362224e-08,0.0074557657
2252,0,0,0.010186963622744146,4.047033e-06,4.056586e-05,0.010950556
2253,0,1,0.0063925417489866364,7.229195e-06,3.883289e-06,0.008336172
2254,1,1,0.4664345912565433,0.9974688,0.9845226,0.47539753
2255,0,0,0.028250582162320334,0.0008868014,0.010077616,0.03267805
2256,0,1,0.009938255643305064,1.8185826e-10,1.395106e-10,0.009864232
2257,0,1,0.3380416139899511,0.60017854,0.5663796,0.33578157
2258,0,0,0.361284659993122,0.9945866,0.99995685,0.3580532
2259,0,1,0.016996828506103616,0.0022700648,0.00060802087,0.021456035
2260,0,1,0.001624467296785702,2.7393875e-11,1.9863645e-11,0.0018873977
2261,0,0,0.14134169258336157,0.0139524955,0.23010752,0.1445785
2262,1,1,0.5086135519309724,0.99710363,0.9660473,0.51603466
2263,1,1,0.23457294917545896,0.86784446,0.7231842,0.23855272
2264,0,1,0.06099149817681222,0.00035767,0.00016073392,0.056210745
2265,0,1,0.14868109011318878,0.045637082,0.012098732,0.15384462
2266,1,1,0.9143810641831032,0.9999999,0.9999995,0.89548683
2267,0,1,0.15387266387288612,0.011936678,0.00079550326,0.16392493
2268,1,1,0.655760287637821,0.9999646,0.99957055,0.6612156
2269,1,1,0.6982459811451422,0.99984276,0.9990515,0.7008606
2270,1,1,0.7469277982256137,0.9999809,0.9999105,0.7540725
2271,0,0,0.08953528903728838,0.032755446,0.48302087,0.09449435
2272,0,0,0.0013646554311686038,2.9096043e-13,4.0521447e-11,0.0014489981
2273,1,1,0.677536244918344,0.99991,0.9994636,0.6790786
2274,0,1,0.12365201813753256,0.021418799,0.0020254382,0.12460553
2275,0,1,0.07624785576891462,7.302566e-05,1.3439379e-05,0.081732206
2276,0,0,0.020096223650292386,1.9092466e-05,0.00043876478,0.02207167
2277,0,1,0.2854011426623653,0.8860654,0.5874316,0.29026204
2278,1,0,0.5273018256938233,0.9994497,0.9999982,0.5201149
2279,0,0,0.3458215232593042,0.064404145,0.82297367,0.31865576
2280,0,0,0.05638511313360208,0.0002522709,0.078644484,0.05206456
2281,0,0,0.10605460750491899,0.07021236,0.66076404,0.1131808
2282,0,0,0.004712972103181849,7.117038e-08,1.0741907e-05,0.005801151
2283,0,1,0.29855394800989277,0.9339602,0.5871557,0.30370545
2284,1,1,0.903248369706887,1.0,0.9999999,0.90560156
2285,0,0,0.0003553014984190889,1.7113265e-13,2.4098726e-11,0.00043397926
2286,0,1,0.024827850000228895,1.8635354e-05,2.1953721e-05,0.025483077
2287,0,1,0.03497469016176733,2.4170258e-05,8.198089e-06,0.035559814
2288,0,1,0.0114579450908021,2.433726e-07,7.601697e-08,0.011764253
2289,0,0,0.06984032099503243,0.0017953867,0.068100646,0.06451215
2290,0,0,0.0007848969119262263,1.480073e-12,4.0842552e-10,0.00096136774
2291,0,1,0.3429606307421552,0.9813293,0.8625649,0.3536325
2292,0,1,0.01636393058432186,7.9694485e-07,2.4874043e-06,0.016558992
2293,0,0,0.10442862148700925,0.0069433944,0.77372783,0.10230938
2294,0,1,0.13750656016254792,0.113523714,0.051938448,0.13610987
2295,0,1,0.021557252566960425,6.7896064e-05,2.344966e-05,0.025632845
2296,0,1,0.025102841660471387,2.26855e-05,1.2043827e-05,0.025198828
2297,0,1,0.0073533226411221075,1.4237571e-07,3.65678e-07,0.008487305
2298,0,1,0.1389605219989081,0.4474641,0.2117668,0.14132982
2299,0,1,0.0019709346975266186,4.439579e-13,3.6771934e-13,0.0020831393
2300,0,1,0.08303798812085203,0.0017105793,0.00045406696,0.08589776
2301,0,1,0.21395154815262538,0.44265687,0.11355149,0.21751474
2302,0,1,0.4627377784672702,0.99710363,0.96767396,0.47217828
2303,0,0,0.4179362411982746,0.9984785,0.9999974,0.4185015
2304,0,1,0.001630711599615759,1.3468676e-10,3.6906322e-11,0.0027639237
2305,0,0,0.0671058101267174,0.01864364,0.34017083,0.075008705
2306,0,0,0.1494559821219757,0.16177684,0.9829606,0.14801614
2307,0,1,0.0046088582580357754,5.6860504e-08,9.411812e-09,0.005365851
2308,0,0,0.003240200314627344,1.3934863e-10,4.840795e-09,0.0034276193
2309,0,0,0.025477416568172796,2.2079044e-05,0.0005663303,0.027990729
2310,1,1,0.43216059806779156,0.99772936,0.9827761,0.44303438
2311,1,0,0.6930823918773561,0.99971837,0.9999995,0.656586
2312,0,1,0.30266592533210146,0.9928854,0.9017166,0.30926442
2313,1,1,0.512356472477278,0.9991492,0.9967031,0.51260597
2314,0,1,0.11713059735815205,0.0588734,0.00989941,0.11969731
2315,0,0,0.0030251045195069416,3.1476787e-08,9.204842e-07,0.0039780946
2316,0,1,0.2133468604121761,0.5605211,0.15428317,0.21844365
2317,0,0,0.061068983114160286,0.0054718847,0.08706461,0.063559495
2318,0,0,0.001556175693184462,8.797832e-11,3.2183913e-09,0.0019249475
2319,0,1,0.03442827822345087,0.0013153884,0.00034609402,0.039557643
2320,0,1,0.3158600244822249,0.9770997,0.7947383,0.32225776
2321,0,1,0.13697235143179384,0.049357206,0.032991037,0.13987567
2322,0,1,0.04798174575532928,0.001255228,0.00062446884,0.046597347
2323,0,1,0.27670801687125923,0.75976974,0.37591487,0.2803601
2324,0,0,0.035757315679364035,0.00033884728,0.0032574683,0.03870572
2325,0,0,0.11536290428850975,0.26467076,0.81193054,0.12426691
2326,0,0,0.0021402524445363804,9.978652e-10,2.3420499e-07,0.0026595297
2327,0,0,0.06073068104309404,0.0002917951,0.0055859243,0.065934844
2328,0,1,0.01030834473948404,5.4302436e-08,2.6333673e-08,0.010374901
2329,0,0,0.0018116114272254257,1.8720461e-10,4.415649e-08,0.0022352107
2330,0,0,0.039762550186047,0.00064622244,0.005680838,0.042933602
2331,0,1,0.010221651180404592,2.249853e-06,1.903566e-06,0.011798462
2332,1,1,0.6428031427231681,0.9998933,0.9984132,0.64321774
2333,1,1,0.9671965935217409,0.9999999,0.99999976,0.9597336
2334,0,1,0.14920404089037678,0.13929433,0.054567214,0.15290716
2335,0,0,0.06487833828011001,0.00014701174,0.0074047167,0.06613724
2336,0,1,0.005875395020934591,6.151983e-11,2.8084986e-11,0.0062209037
2337,0,0,0.0012184749713942881,1.1560822e-11,1.4224083e-09,0.0021304789
2338,0,0,0.07754609326534015,0.0008833211,0.22176297,0.077036545
2339,0,0,0.040248699928643085,0.00020794375,0.0030703477,0.042860087
2340,0,0,0.018144441949740103,1.1728814e-06,3.365249e-05,0.019778054
2341,0,1,0.7403588834859868,0.9999541,0.9998181,0.7500328
2342,0,0,0.007876185874536621,1.10661006e-07,6.5753975e-06,0.008267519
2343,0,0,0.08154454347703714,0.0031724297,0.04881475,0.08940997
2344,1,1,0.7950973459772397,0.99999905,0.9999863,0.8031416
2345,0,0,0.004603416336888007,4.395021e-08,1.2683347e-06,0.0056120316
2346,1,1,0.9406814109179354,0.99999917,0.9999944,0.9279093
2347,0,0,0.04299298376575223,0.0001373448,0.0045179906,0.043472152
2348,0,1,0.2696149385166948,0.87664294,0.48364714,0.2739034
2349,0,1,0.793662009476158,0.99999547,0.9999764,0.7931545
2350,0,0,0.0974523262315442,0.111863665,0.79653335,0.10204564
2351,0,1,0.05507395779660872,7.014856e-05,4.0255313e-06,0.05925218
2352,0,0,0.0009565910678473508,2.2051592e-12,8.293428e-11,0.0011844266
2353,0,1,0.024544874308743036,1.8832769e-05,5.3754793e-06,0.02445632
2354,1,0,0.048045426308540175,0.0012364686,0.023806712,0.05160419
2355,0,1,0.08525747081608162,0.0024203782,0.00063411484,0.088392474
2356,0,1,0.0264974364596801,2.1493675e-05,1.0753387e-05,0.027971327
2357,0,1,0.057133912701115765,0.0013955269,8.994612e-05,0.057965823
2358,0,0,0.08615479253743344,0.012205476,0.20109244,0.09049631
2359,0,1,0.9056935783913453,0.99999905,0.99998736,0.8892889
2360,0,1,0.30152398171367917,0.7596206,0.66418386,0.29791152
2361,1,1,0.9960631400928731,1.0,1.0,0.99401146
2362,0,0,0.0011945803291790419,4.1911453e-11,1.51955e-09,0.0015092029
2363,1,1,0.9527291702098318,0.9999963,0.9999877,0.92842525
2364,0,1,0.76534514029827,0.9999993,0.9999876,0.7690274
2365,1,1,0.8418052539873752,0.99999964,0.99999833,0.84115326
2366,1,1,0.8911682552108138,1.0,0.99999976,0.8941569
2367,0,0,0.017638040807298208,8.0346865e-05,0.0019366653,0.021455543
2368,0,0,0.0030046384145961443,2.6364215e-09,9.511904e-08,0.0036198588
2369,0,0,0.006454465809144144,7.827473e-08,1.6730657e-05,0.007691665
2370,0,0,0.0019288964581411908,3.2989306e-10,1.1222304e-08,0.002374014
2371,1,1,0.5788273600175258,0.9999404,0.99955374,0.59606063
2372,1,0,0.5605898141877677,0.631518,0.99458635,0.51546407
2373,1,1,0.9538190687167136,1.0,0.99999976,0.94680214
2374,0,0,0.005918802257996233,3.3644818e-07,4.7131375e-06,0.010349953
2375,0,0,0.029589511303350045,0.00014234822,0.0013577783,0.03070183
2376,1,1,0.36813882642998585,0.9792143,0.86441827,0.37416992
2377,1,1,0.22021284065117352,0.21765679,0.11737311,0.21539415
2378,0,0,0.0020864417519436676,2.5191051e-09,5.8886293e-08,0.002605851
2379,1,0,0.4540719881694065,0.9996802,0.99999845,0.45686978
2380,0,1,0.08017893169718951,0.00029070495,8.41612e-05,0.0807775
2381,1,1,0.4118930248314468,0.92099494,0.863804,0.4063097
2382,0,1,0.0014624513221482309,5.4687943e-12,3.4524029e-12,0.001737571
2383,0,1,0.03763723457405875,1.1638889e-05,1.0269272e-06,0.04050134
2384,0,1,0.11582102063574645,0.026056502,0.0011865088,0.119311795
2385,0,0,0.003574571257158631,4.9277695e-08,9.023431e-07,0.006181438
2386,0,1,0.36777784244953343,0.9930642,0.9680522,0.37003502
2387,0,1,0.0037742365035867737,1.5674838e-09,1.1060519e-09,0.004338158
2388,1,1,0.8457523639390869,0.99875176,0.9967507,0.78817743
2389,0,1,0.009190285121215022,5.4310306e-08,1.7815196e-08,0.009297363
2390,0,0,0.006558255241540155,3.634334e-08,5.18525e-06,0.0068737217
2391,0,1,0.4765253807422347,0.99930096,0.9889966,0.48327032
2392,0,1,0.4874182532807549,0.9997235,0.9980222,0.49213445
2393,0,1,0.04351360154089471,2.810821e-05,2.5607971e-05,0.042451058
2394,0,0,0.08782540891533686,0.006724333,0.10050603,0.09546463
2395,1,1,0.42374512117774693,0.9928121,0.945864,0.4271007
2396,0,0,0.008116850048309853,5.1035914e-07,1.620355e-05,0.010073497
2397,0,0,0.021838763316153396,0.00012709622,0.00455192,0.026546026
2398,0,0,0.020167160834773105,3.1761502e-08,6.210942e-07,0.010601344
2399,0,1,0.2179469517584641,0.47545174,0.15006223,0.22082959
2400,0,1,0.5036241159213298,0.994909,0.9675038,0.51087517
2401,1,1,0.9521431524354522,1.0,1.0,0.9531961
2402,0,1,0.10485705653668262,0.14805709,0.016793353,0.106576875
2403,0,1,0.008399472259235447,4.479079e-06,1.2977264e-06,0.009856067
2404,1,1,0.715785129913426,0.99998105,0.99990654,0.7187664
2405,1,1,0.6107816879718309,0.9997583,0.99815315,0.6196856
2406,0,1,0.1520968128011393,0.060198445,0.06854668,0.15835392
2407,0,1,0.02737430684562697,2.0840129e-05,8.440884e-06,0.028189696
2408,0,1,0.08109351298559704,0.0006824277,0.00016171594,0.083199725
2409,0,1,0.0012104064407360482,7.61161e-11,3.3163747e-10,0.0014268509
2410,0,1,0.02411878513346418,3.1902446e-06,1.2694262e-06,0.025377626
2411,1,1,0.8043741989179982,0.99998844,0.9999565,0.80387175
2412,1,0,0.8014178929062992,0.9997379,0.99999976,0.7633721
2413,0,1,0.4351859075705705,0.9781179,0.9701315,0.44235486
2414,0,0,0.07628734953227843,0.004795756,0.09760112,0.08211374
2415,0,0,0.020478181341840224,5.6832316e-05,0.0008340667,0.022664819
2416,0,1,0.1312213876656212,0.3484595,0.13877593,0.133
2417,0,0,0.01351490652921117,4.2031343e-06,9.956982e-05,0.015413361
2418,0,1,0.0441745615960639,0.00027884886,0.00017545657,0.045478743
2419,0,1,0.11279837039477929,0.17096482,0.032515127,0.11463049
2420,1,1,0.9355293522909403,0.9971547,0.9947004,0.90054315
2421,0,1,0.10400343673831294,0.003676779,0.0012090184,0.10897418
2422,0,1,0.017262190462778108,0.00014815289,3.855106e-05,0.02010101
2423,0,0,0.1792355355866153,0.2833281,0.99915636,0.17715415
2424,0,1,0.003017180946218846,2.593029e-09,1.5182376e-09,0.003563738
2425,1,1,0.6458380270177807,0.9999875,0.9999316,0.6618294
2426,1,0,0.06504707600279451,0.022973323,0.102738865,0.06821645
2427,1,1,0.6208993181283108,0.9983829,0.9962806,0.6188229
2428,0,1,0.007472284757230314,3.5603207e-07,3.7241415e-07,0.008542723
2429,0,0,0.011940674466350347,2.1246638e-07,5.0565627e-06,0.0127127515
2430,1,1,0.3995979078885688,0.9865676,0.96092355,0.40751642
2431,0,1,0.02186529669762768,3.4091813e-06,1.109012e-06,0.022207499
2432,0,1,0.19342657589405385,0.33651006,0.16470121,0.19816932
2433,0,1,0.36549734333260914,0.98815185,0.9349221,0.36659202
2434,1,1,0.3310068675066143,0.98067266,0.82728434,0.33591738
2435,0,1,0.4860593032170164,0.9998727,0.9951591,0.4924452
2436,0,0,0.05288636854828511,0.0013651924,0.055955485,0.05569258
2437,1,1,0.45486897569219387,0.997221,0.98826283,0.46339226
2438,0,1,0.5869340753752951,0.999871,0.99847513,0.5928232
2439,1,0,0.6756060814649842,0.99994004,0.9999975,0.6904962
2440,0,1,0.06651634850652442,0.00086529553,0.0003576751,0.06655544
2441,0,0,0.025149056771650764,1.9742201e-05,0.00021287901,0.026487468
2442,0,1,0.0011333719386016812,2.4037157e-12,1.2315841e-12,0.0013868093
2443,0,0,0.06411037228347859,0.0006918002,0.24988978,0.06230718
2444,0,1,0.01637720736778389,0.00012743285,8.79088e-05,0.018452168
2445,0,1,0.025597152680085614,3.2937412e-05,1.2957062e-05,0.026334643
2446,0,1,0.005388161229352033,3.2989657e-08,1.3401326e-07,0.0062695253
2447,0,0,0.021554845282215726,2.1378069e-06,6.062405e-05,0.02357125
2448,0,1,0.1390238219823799,0.054857936,0.012199085,0.14175041
2449,0,0,0.020547247641364126,9.193419e-06,0.0004203323,0.023502808
2450,1,1,0.4830029287786317,0.99200517,0.9744401,0.48188046
2451,0,1,0.46530022915092445,0.8489562,0.8757683,0.46490973
2452,0,0,0.009927123455991253,2.7828262e-06,5.9403945e-05,0.012378141
2453,0,1,0.2893835518149139,0.06921572,0.011275846,0.30361816
2454,0,1,0.1557463176912169,0.60385966,0.19363281,0.17019449
2455,0,0,0.35522622173242024,0.99802256,0.9996949,0.36220506
2456,0,1,0.20120731629401098,0.29660973,0.08937291,0.20355138
2457,0,0,0.05245808636058709,0.021133194,0.3707659,0.05993868
2458,0,1,0.0804591949730292,0.0018566782,0.00032637917,0.08306678
2459,1,1,0.9647024537073575,1.0,0.99999964,0.957207
2460,0,1,0.3836404491239092,0.9902333,0.97639936,0.3774452
2461,0,0,0.014350732078263985,8.095065e-07,1.1687965e-05,0.014980471
2462,1,1,0.2237280545523768,0.6737761,0.23291932,0.2293683
2463,1,1,0.4699983192743205,0.99723816,0.98407185,0.4778017
2464,1,1,0.9238189949214316,1.0,1.0,0.92745084
2465,0,1,0.31501893245202395,0.9818247,0.9502567,0.317413
2466,0,1,0.015900762852310273,1.0006122e-06,4.6535655e-07,0.01615091
2467,0,1,0.054449565432713114,0.07685082,0.0039594914,0.09093915
2468,0,1,0.6364216915052303,0.9995863,0.9976,0.6401866
2469,0,1,0.21398530652486777,0.4608717,0.14111926,0.21725245
2470,0,1,0.10424793976232823,0.015276535,0.00091209606,0.10609601
2471,0,0,0.03463000914708522,3.956872e-05,0.0008351376,0.03807649
2472,1,1,0.43696938404251623,0.9870561,0.9671039,0.44352022
2473,1,1,0.6998251968441251,0.99995303,0.9996851,0.70362407
2474,0,0,0.10580970467011351,0.003205604,0.102901995,0.1121504
2475,0,1,0.0058897456657422565,5.7634486e-10,2.690866e-10,0.0060135922
2476,0,1,0.07384779221422857,0.025446387,0.011710948,0.07731046
2477,1,1,0.851310684225002,0.99996674,0.9997596,0.82618946
2478,0,1,0.008765882962792494,1.5666723e-06,6.551474e-06,0.010204074
2479,0,1,0.002686689542748737,2.798202e-10,2.82988e-10,0.0031633559
2480,0,1,0.22702527378926654,0.6285706,0.2175218,0.23124214
2481,0,1,0.2270872303737989,0.6520196,0.48146892,0.23511031
2482,1,1,0.6302212277585484,0.99984217,0.99916726,0.6398205
2483,0,1,0.011105686777286643,1.4135552e-05,7.462613e-06,0.012974594
2484,0,1,0.018594137015890192,1.7238623e-05,6.536621e-06,0.018856458
2485,1,1,0.9111369005469135,0.99974626,0.99946916,0.8709729
2486,1,1,0.4950033795026107,0.99868685,0.9926932,0.49676386
2487,1,1,0.6686341580889485,0.99990964,0.9995381,0.67790735
2488,0,0,0.03642455579612968,4.1421536e-05,0.0018820212,0.038925387
2489,0,0,0.004276327186150339,1.0056642e-10,3.0349656e-09,0.0045435876
2490,1,1,0.8329512050266801,0.9999988,0.9999912,0.8315521
2491,0,0,0.00905777758049797,1.5628117e-07,4.3645314e-06,0.009833532
2492,0,1,0.0011618197708594524,5.755827e-13,4.681204e-13,0.0013969298
2493,1,1,0.9940296081897743,1.0,1.0,0.9906295
2494,0,0,0.17436200785849762,0.099780746,0.7245501,0.18651661
2495,0,0,0.024986944304268024,2.1951566e-06,5.3783908e-05,0.027912015
2496,0,1,0.36559109611493606,0.964322,0.8811667,0.36451977
2497,0,1,0.0943840269750423,0.011738315,0.005077095,0.09561789
2498,0,1,0.015495039756018965,1.9713307e-06,4.485435e-06,0.017358884
2499,1,1,0.39624499059758167,0.99656063,0.9790408,0.39955243
2500,0,0,0.009272207053571254,3.993637e-08,1.0842521e-06,0.010031219
2501,1,1,0.7667729776861583,0.99999595,0.99998236,0.763077
2502,0,1,0.05172751677192751,0.0039308695,0.0010083806,0.053997107
2503,0,0,0.002212145035228297,9.455964e-10,4.114966e-08,0.0028245596
2504,0,0,0.0021275534729571577,2.5058759e-11,5.690309e-10,0.00229078
2505,0,1,0.43717147194306166,0.9995079,0.99386495,0.44430828
2506,1,1,0.5958236330620696,0.9993647,0.99729496,0.60365576
2507,0,1,0.0023462301215159426,1.15085975e-10,4.4465012e-10,0.0027731997
2508,0,0,0.057397517054429845,0.0016312725,0.020159435,0.05972276
2509,0,0,0.0049912035285242014,2.2485796e-08,4.6518974e-07,0.0054015787
2510,1,1,0.25712973738158224,0.8370525,0.5124757,0.26863405
2511,0,0,0.002629382228029658,6.2145658e-09,5.838838e-07,0.0031759783
2512,0,1,0.11106347772619728,0.052099545,0.007803116,0.10940291
2513,0,1,0.03267429518643979,0.00024582163,5.612451e-05,0.03359946
2514,1,1,0.30407682545643755,0.9738023,0.76573634,0.31159827
2515,1,1,0.5624633052670319,0.99998105,0.9994749,0.5695011
2516,1,1,0.813837818483215,0.9999974,0.99997294,0.8181393
2517,1,0,0.7413594354910386,0.9999795,1.0,0.73534656
2518,0,0,0.07277200360651682,3.495845e-05,0.0013097466,0.03898643
2519,0,1,0.12609109460265758,0.21884559,0.026149698,0.12965193
2520,0,0,0.013069707439511405,8.331116e-07,2.107133e-05,0.0148261245
2521,0,1,0.07275769131658137,2.4667985e-05,3.520776e-06,0.077411205
2522,0,0,0.010238849050312018,2.499882e-07,1.2378413e-06,0.010898374
2523,0,1,0.005468557088849641,7.3590954e-08,4.7839265e-08,0.006503379
2524,0,0,0.006295682664096703,1.413877e-07,4.1367757e-06,0.0070192493
2525,1,1,0.256937393702954,0.8609884,0.44376346,0.26558366
2526,0,0,0.004070120023974689,2.915879e-07,6.8109207e-06,0.0052538
2527,0,0,0.08722663635820324,0.0038202258,0.07523742,0.09204221
2528,0,1,0.16419594369906912,0.03409129,0.037665475,0.16868657
2529,0,0,0.22658912604775103,0.9174369,0.99108857,0.23647587
2530,0,1,0.00527860035019,2.9292713e-07,1.7247896e-07,0.005988698
2531,0,0,0.03697955648371755,0.00024003105,0.004263517,0.038468715
2532,0,0,0.005128382759348238,5.061386e-09,7.4694256e-08,0.005493983
2533,0,1,0.055898868653649306,0.0012338778,0.00036228343,0.055371344
2534,0,0,0.021275899675266063,2.061998e-05,0.00079882017,0.023924338
2535,0,1,0.12359235191406134,0.01632698,0.0135502,0.12557475
2536,0,0,0.009041175891266292,5.5644756e-07,2.1914375e-05,0.0116359275
2537,0,0,0.010604333110851504,5.543254e-06,0.00017804961,0.013417822
2538,0,1,0.5302564605079072,0.99957484,0.99804235,0.53926945
2539,1,1,0.6915267973224968,0.9999982,0.9999467,0.70025754
2540,0,1,0.01110159840193425,2.581516e-06,7.7171796e-07,0.01270156
2541,0,0,0.0033373802357959162,2.6992102e-09,9.0941185e-08,0.0036682857
2542,0,1,0.002437135638671151,1.7768594e-09,6.4049777e-10,0.003213393
2543,0,1,0.4244284862157414,0.9990024,0.9947038,0.4307116
2544,1,1,0.31357575147096073,0.8945136,0.5158461,0.32357752
2545,1,1,0.6857288025156886,0.999881,0.99908626,0.68849283
2546,1,1,0.2746457678154936,0.84014755,0.4622201,0.28820547
2547,1,1,0.7701826286984346,0.99803,0.9953762,0.7238716
2548,1,1,0.7779640502364091,0.99999535,0.9999337,0.7860278
2549,1,1,0.9658659438615524,0.9999999,0.99999964,0.9581046
2550,0,0,0.002199227496494149,1.2296917e-09,4.538973e-08,0.0028298588
2551,0,0,0.6451074913226826,0.9999999,1.0,0.66026497
2552,0,1,0.37004875696196693,0.63008964,0.6618012,0.37658048
2553,0,1,0.404158411402547,0.9254094,0.61568695,0.40382162
2554,0,1,0.3396739088922824,0.97413105,0.80294347,0.3551451
2555,1,1,0.2828069281625609,0.939671,0.5300019,0.29372394
2556,0,0,0.02625453605227955,0.000647593,0.0044334875,0.02808939
2557,0,1,0.002668120759050542,1.5463185e-11,1.28353595e-11,0.0027164356
2558,1,1,0.8039324433176607,0.9999999,0.999998,0.8201457
2559,0,0,0.01183991546421751,1.3862537e-07,1.8699551e-06,0.012649533
2560,0,1,0.02918368678650487,0.0004670942,0.0008334963,0.0324569
2561,0,1,0.2116597283893402,0.22670159,0.026614381,0.22401981
2562,1,1,0.9607343954342988,0.99999964,0.99999964,0.95149434
2563,0,1,0.008969630346312438,1.5276186e-06,9.1842196e-07,0.010699511
2564,0,0,0.02328635672214791,1.2391745e-05,0.00031710402,0.02518219
2565,0,1,0.2322287899466499,0.6732595,0.24664283,0.23651807
2566,0,1,0.007621031380630425,8.78245e-09,4.484379e-09,0.0077381115
2567,0,1,0.9227378266571613,0.9999994,0.9999957,0.9148978
2568,0,0,0.01327124767556759,1.1022344e-08,4.6842172e-07,0.014382897
2569,0,1,0.045071232474875926,0.003112917,0.00081769394,0.05134054
2570,0,0,0.09417904663412537,0.0055019013,0.24188253,0.0891702
2571,0,0,0.024188695412197973,3.361006e-05,0.0007897298,0.026388617
2572,0,1,0.05622882539632695,1.223945e-05,9.500401e-06,0.048998315
2573,0,1,0.05103905963973775,0.00012377604,4.975988e-05,0.05325396
2574,0,0,0.16386556879521982,0.0455864,0.29734984,0.15587051
2575,0,0,0.0002572385381636604,3.4412018e-15,1.5713121e-13,0.00031697314
2576,0,1,0.0020120026614308235,8.984373e-10,6.026429e-10,0.002336812
2577,0,1,0.0007924655615428818,1.1125968e-12,5.3742917e-12,0.00093304843
2578,1,1,0.858018883778036,0.99974555,0.9995192,0.82763606
2579,0,1,0.5302282659946899,0.9998752,0.99840397,0.53663146
2580,0,0,0.005455905110161395,8.930884e-09,8.475293e-08,0.0057264282
2581,0,1,0.3663643235074302,0.99475074,0.9228559,0.36591744
2582,1,1,0.18201785188542496,0.21746275,0.054341726,0.1838364
2583,1,1,0.501812733713818,0.99017113,0.94949186,0.5013321
2584,0,0,0.0666283844729641,0.0030914973,0.19736235,0.06978261
2585,1,0,0.6726062392652102,0.9997909,0.9999809,0.6500721
2586,1,1,0.9031497033328165,0.9999999,0.99999964,0.9066925
2587,1,1,0.1729993713130242,0.018310115,0.01075667,0.1718318
2588,1,1,0.014709288725096805,3.293641e-05,7.5643898e-06,0.014956334
2589,1,0,0.763887836615104,0.9999964,1.0,0.757571
2590,0,1,0.9061534660307881,0.9999999,0.99999905,0.89723444
2591,0,0,0.17833785708853547,0.048054557,0.69801533,0.17125194
2592,1,1,0.40952824390834675,0.9921698,0.9380107,0.42502022
2593,0,1,0.06589545200636414,0.017935453,0.0079822615,0.06515272
2594,0,0,0.041865824138611195,0.00024046282,0.0146894865,0.046601523
2595,0,0,0.005340188880892255,4.40875e-06,4.2407297e-05,0.010012256
2596,0,1,0.20613123574683961,0.67877114,0.227431,0.21112339
2597,0,1,0.5423183157051495,0.99933964,0.99815696,0.5522394
2598,0,0,0.09886111209095964,0.015208783,0.21345267,0.10373369
2599,1,0,0.7992887766121097,0.99999976,1.0,0.7944439
2600,1,1,0.40741897040216596,0.97017324,0.8532379,0.411562
2601,0,1,0.004983606860516129,1.8111455e-08,1.1095367e-08,0.0057723923
2602,0,1,0.3218955942371084,0.7987361,0.3160492,0.32852468
2603,0,1,0.10907811908230433,0.16112727,0.013869934,0.1166487
2604,0,0,0.02560548448488343,1.3010763e-05,0.00035171764,0.026941827
2605,1,1,0.0785067756116883,0.085349806,0.008347027,0.08232431
2606,0,1,0.05099609381608619,0.0030156993,0.0008223899,0.051328145
2607,0,0,0.03173312414768861,1.1560982e-06,0.00013667396,0.03031986
2608,0,1,0.016448081440737703,5.2199957e-06,4.4543324e-07,0.017282788
2609,0,0,0.0039645116662352245,6.139064e-08,1.1320313e-06,0.0072267647
2610,1,1,0.4765642970259867,0.99930584,0.985388,0.48348868
2611,0,1,0.0532685662572404,0.00030912395,9.2011614e-05,0.054200668
2612,0,0,0.08552037035423722,0.03462939,0.36596477,0.09475224
2613,0,1,0.23848533045292206,0.55335134,0.1952416,0.24058619
2614,0,0,0.0015258437978633147,1.08323815e-10,2.8779413e-08,0.0018732866
2615,1,1,0.9324206267322258,1.0,1.0,0.93959117
2616,0,1,0.382966960584198,0.99257773,0.9210105,0.38500842
2617,0,1,0.4456278515293833,0.99862194,0.9914717,0.4560087
2618,0,1,0.6883420782651536,0.9999888,0.9998709,0.69503313
2619,0,0,0.0005818814304332525,4.733863e-10,1.467356e-09,0.0005436197
2620,0,1,0.02241983183178331,3.0630351e-06,3.5154977e-07,0.022143042
2621,0,1,0.41161117227929045,0.9701666,0.8505274,0.4228999
2622,0,1,0.012988547456695084,4.2514444e-07,1.7975042e-07,0.013164154
2623,0,1,0.005599326949990041,6.014008e-09,8.2696433e-10,0.005432938
2624,0,1,0.00041486452074923,9.36958e-16,7.510053e-16,0.00051210605
2625,0,0,0.002521218594914968,1.9257997e-09,4.4907154e-07,0.0030980574
2626,0,0,0.05514378544994762,0.00045483073,0.0077229613,0.057867244
2627,0,0,0.002064828998426975,5.58554e-10,2.2528164e-08,0.0025720522
2628,0,1,0.05587915359679784,0.0027263812,0.0010134479,0.05577514
2629,1,1,0.9971196998998606,1.0,1.0,0.9949156
2630,0,1,0.1664336857016312,0.05699813,0.01672403,0.16434264
2631,0,1,0.29047493604090713,0.87972814,0.588135,0.2941842
2632,0,0,0.016212382085624137,9.916597e-06,0.00019838537,0.018641824
2633,0,1,0.5590001111715898,0.9998083,0.9973904,0.5624226
2634,0,0,0.022610897805857032,1.1792108e-05,0.00061015657,0.024671102
2635,0,0,0.003505280630264492,2.143457e-09,5.4782323e-08,0.0041054566
2636,0,0,0.004704853881651724,1.2599111e-07,4.7859894e-06,0.006016591
2637,0,1,0.2669541683750273,0.95725286,0.59506536,0.27316773
2638,0,1,0.0006994214729002711,3.358806e-12,4.7091085e-13,0.0011421351
2639,0,1,0.03583597842027862,0.00022887932,8.118512e-05,0.03648951
2640,0,1,0.023494975237927464,1.6706741e-05,7.3489223e-06,0.02475336
2641,1,1,0.5636911117624975,0.99931014,0.99746,0.57151806
2642,0,1,0.002204562904169602,6.4814994e-11,1.873171e-10,0.002594032
2643,0,0,0.005116568154041443,1.0436232e-06,1.9829642e-05,0.0063316273
2644,1,1,0.9996545823210253,1.0,1.0,0.99920857
2645,0,1,0.25387443518963393,0.8669439,0.3866593,0.25826687
2646,0,1,0.307531465873013,0.96313167,0.8862736,0.30872676
2647,0,1,0.003865685488821937,3.3165157e-09,2.200696e-09,0.00449436
2648,1,1,0.5630466165656537,0.99889046,0.99416864,0.5600833
2649,0,1,0.009372021758475558,5.1895936e-06,9.322695e-07,0.010723036
2650,0,1,0.04865135479537433,1.3872076e-06,5.014057e-07,0.024482183
2651,0,0,0.04019331063662617,0.00054321927,0.010832097,0.042330775
2652,0,1,0.04255276692075597,0.000695827,0.00026188404,0.04135367
2653,1,0,0.6467002912066926,0.99998724,1.0,0.65272695
2654,1,1,0.709673655215836,0.9999229,0.9997682,0.7106078
2655,0,1,0.16205274809526157,0.0235381,0.0012498928,0.15053703
2656,0,1,0.228994962702649,0.69010156,0.24984132,0.23415436
2657,0,1,0.14048837694998134,0.044321395,0.008005466,0.14628963
2658,0,0,0.12367656408558284,0.361116,0.8208375,0.12737411
2659,1,1,0.9354579536553158,1.0,1.0,0.93745613
2660,1,1,0.6875174708125462,0.99993706,0.999382,0.6934472
2661,1,0,0.2771911697576015,0.95401514,0.99850994,0.28535628
2662,0,0,0.7425044175660117,0.9999976,1.0,0.7383917
2663,0,1,0.05836238230436115,0.000106217674,1.1421833e-05,0.058535673
2664,0,0,0.017231503607252414,5.607032e-05,0.0013241154,0.020661961
2665,0,1,0.048244985337760456,0.0004446717,7.050918e-05,0.049845867
2666,0,0,0.023817293308570988,1.8478666e-05,0.00037498234,0.02590787
2667,0,0,0.01092270375776041,3.7795562e-08,1.1050065e-06,0.01163788
2668,0,1,0.5696428048951362,0.99959886,0.9973789,0.57680297
2669,0,1,0.5509500806842603,0.99614847,0.97927594,0.5261817
2670,1,0,0.11988793100314601,0.15790145,0.73578525,0.12606348
2671,0,1,0.01789857914722211,7.418836e-07,3.259935e-07,0.01879019
2672,0,1,0.0004969172006388314,5.2065137e-14,1.4020333e-14,0.0008698504
2673,1,1,0.17050099646858577,0.07555566,0.019159462,0.17307553
2674,0,0,0.006464888514071147,1.2303196e-06,3.074509e-05,0.008295324
2675,1,1,0.7042665907296012,0.9999522,0.9997766,0.7094065
2676,0,1,0.36418374846891866,0.99870455,0.9888494,0.3645578
2677,0,1,0.3730490377545113,0.9974124,0.9590342,0.37518054
2678,0,1,0.009468910961299206,9.643501e-07,7.00607e-07,0.011226205
2679,0,1,0.5264580023518689,0.9999666,0.99940145,0.5324806
2680,0,0,0.00645161915152971,5.5324776e-08,6.45693e-07,0.006693643
2681,0,1,0.3255455900832816,0.9921985,0.93602127,0.32854623
2682,0,0,0.006265313896035961,5.002836e-06,0.00012686121,0.008180796
2683,0,1,0.17249257374340107,0.9972729,0.9918739,0.17159256
2684,0,0,0.3350820254498964,0.9923489,0.99995005,0.33570606
2685,1,0,0.15691551827247333,0.19257219,0.72619975,0.16258064
2686,1,1,0.8177977064639252,0.9999845,0.99983966,0.7970571
2687,0,0,0.013466124717936439,2.7387891e-06,5.050779e-05,0.014926109
2688,0,1,0.39432640072051006,0.9956918,0.9893634,0.39629284
2689,0,0,0.45114296100670837,0.9997988,0.9999988,0.457379
2690,0,0,0.001538209452835829,6.2349216e-11,1.44394905e-08,0.0019043738
2691,0,1,0.14580431837754718,0.40111294,0.18080284,0.14680387
2692,0,1,0.17205190811681895,0.09165532,0.04283626,0.17176597
2693,1,1,0.7501657432335677,0.99980974,0.99774146,0.7571876
2694,0,1,0.014374465221208882,2.6982754e-05,2.0043704e-05,0.017080162
2695,0,0,0.1227657434918042,0.9999895,1.0,0.12673703
2696,1,1,0.5803208859886885,0.9997087,0.9969457,0.5872383
2697,0,1,0.09059975330554727,0.32690963,0.24542286,0.10572365
2698,0,1,0.24179662082297368,0.66920996,0.28369388,0.24728802
2699,0,1,0.3420841748679302,0.98947996,0.882012,0.3487406
2700,0,1,0.01692220140047746,2.508111e-07,2.0202214e-07,0.017676312
2701,0,1,0.0014022188573689352,1.0004852e-10,8.328222e-11,0.0016629829
2702,0,0,0.11786615591709218,0.084494546,0.53742915,0.12444269
2703,0,1,0.1403796688260442,0.032075938,0.004286669,0.14311552
2704,0,0,0.17126898208866403,0.9500615,0.99471325,0.17789888
2705,0,0,0.4404097602300269,0.9877822,0.99996936,0.4337161
2706,0,0,0.010188313681118704,3.5490483e-08,5.2500654e-06,0.010730201
2707,0,1,0.05789173791422328,0.0034426097,0.0007570477,0.05851226
2708,1,1,0.5583585922084211,0.9996159,0.99679095,0.5628852
2709,0,0,0.013871550482301482,3.678168e-07,7.642673e-06,0.014638103
2710,1,1,0.5121620546842437,0.9988219,0.9938518,0.52224237
2711,0,1,0.645314873740766,0.9999583,0.999585,0.6508488
2712,0,1,0.010395999977556962,1.13592826e-07,2.7456373e-08,0.010721063
2713,1,0,0.6461453046403275,0.99989295,0.9999999,0.6375514
2714,0,0,0.0025506618198922015,8.993481e-09,3.2117524e-07,0.0031087673
2715,0,0,0.012110748858399445,4.6007006e-08,1.079018e-06,0.012707534
2716,0,1,0.010407486277804773,5.287323e-06,2.578782e-06,0.012280198
2717,0,0,0.36669358990986045,0.13933057,0.9023187,0.33993426
2718,0,0,0.06898660292012014,0.0014719679,0.020517511,0.07257018
2719,0,0,0.08024474583185875,0.0025075483,0.043507736,0.08433789
2720,1,1,0.7894608482743096,0.9999982,0.9999789,0.792978
2721,0,1,0.7240040074801007,0.99996746,0.9997476,0.7223746
2722,0,1,0.07570492113079733,0.062478714,0.00923176,0.077623665
2723,0,1,0.1357482599671886,0.017099755,0.010704438,0.13059999
2724,0,0,0.06594042858682665,0.014120853,0.21342273,0.071449436
2725,1,1,0.36792447391537614,0.8960938,0.7757443,0.36617148
2726,1,1,0.9106322036259706,0.9999944,0.9999752,0.8924041
2727,0,0,0.011649813110124918,3.723918e-07,3.8222165e-06,0.01250709
2728,0,1,0.10697314896463488,0.00071517314,0.0005091631,0.106037125
2729,0,0,0.0014446073870657567,3.1464192e-11,1.1656596e-09,0.0017717084
2730,0,1,0.3641084710804155,0.9970812,0.98101807,0.3674069
2731,0,0,0.0012111998594411147,1.3546051e-09,2.1827875e-09,0.0010182812
2732,0,1,0.4797107483928394,0.9724566,0.9343221,0.48203743
2733,1,1,0.2280747743562735,0.84962595,0.5714051,0.2204409
2734,0,0,0.007424773516466791,1.7050627e-07,4.5041677e-05,0.009162273
2735,0,0,0.08056065270980317,0.038351595,0.32012737,0.08490441
2736,1,1,0.20033568281556066,0.1796113,0.10456052,0.19952513
2737,1,1,0.09895924378415367,0.060985614,0.0153479865,0.101184405
2738,1,0,0.7419982660128978,0.9999683,1.0,0.72864676
2739,0,0,0.001486452353488875,8.5588446e-11,2.8220764e-09,0.0018300236
2740,0,1,0.5105718212262009,0.99947155,0.9945656,0.51914
2741,0,0,0.0013487939289618506,2.5605398e-11,1.1368797e-09,0.0017247947
2742,0,1,0.028595109680156376,7.901242e-05,2.5453244e-05,0.029061329
2743,0,0,0.0643487503076661,0.0018173436,0.0370683,0.06714173
2744,0,1,0.007993703105763056,6.212494e-07,3.5354213e-07,0.009287535
2745,1,1,0.19646415449597243,0.31659734,0.08985818,0.20244502
2746,0,1,0.0009009934827640057,1.4020268e-12,1.0483584e-12,0.001058809
2747,1,1,0.8547859908306014,0.9999964,0.9999882,0.8452448
2748,0,1,0.01073605726426568,8.7621665e-06,3.5316311e-06,0.012553081
2749,1,1,0.5026341091601139,0.99423414,0.9714186,0.49891624
2750,0,0,0.012211557766074934,8.7242356e-08,7.3234137e-06,0.012865261
2751,0,1,0.2922773181476658,0.9174727,0.67598313,0.29505682
2752,0,1,0.2771528307855242,0.8888305,0.61649376,0.27937025
2753,0,1,0.40663914342425433,0.99259293,0.95854056,0.4109339
2754,0,1,0.21332168314092953,0.3910415,0.13822772,0.21595949
2755,0,1,0.009082725251819381,1.6934547e-06,4.0926508e-07,0.015685027
2756,1,1,0.9034640117210991,1.0,0.9999999,0.9064807
2757,0,0,0.009968629953354551,2.287085e-07,4.4628123e-06,0.0107483575
2758,0,1,0.07051409678902687,0.01032555,0.0016110153,0.07184834
2759,0,0,0.020860949166967773,4.5121983e-06,0.0006031656,0.022342548
2760,0,1,0.18539555676728445,0.106108576,0.030996704,0.18819107
2761,0,1,0.4594754958658335,0.99953717,0.994109,0.4661413
2762,0,0,0.0018051344657867997,8.018772e-11,8.618021e-09,0.0021562316
2763,0,0,0.012449603021236861,1.00595125e-05,0.0003398847,0.0158125
2764,1,1,0.9999999999999851,1.0,1.0,1.0
2765,1,1,0.9683472404167222,0.99997246,0.9999858,0.9481544
2766,0,1,0.004568636770030597,3.088433e-09,1.1759005e-09,0.004671976
2767,0,1,0.4137427245542674,0.9717898,0.8851236,0.42858717
2768,0,1,0.0019216709597068046,5.634934e-10,1.358729e-10,0.002196514
2769,0,0,0.003052794588640567,1.0432913e-09,4.228271e-08,0.0033505415
2770,0,1,0.13807670841484918,0.0045169396,0.00038904863,0.13987762
2771,0,1,0.012768756104654699,3.5509624e-06,3.278128e-06,0.012917359
2772,1,1,0.24788003502838651,0.825962,0.2952355,0.2579583
2773,1,1,0.9782941341861509,0.9999994,0.99999714,0.9669882
2774,0,1,0.01184117814708981,6.7895975e-08,6.0576546e-08,0.012445551
2775,0,1,0.8939144872485733,1.0,0.99999976,0.8974744
2776,0,1,0.8515380691067809,0.9999999,0.9999993,0.8531568
2777,0,0,0.019364067093747758,0.0001304353,0.0029998673,0.023459062
2778,0,1,0.07701798727923796,0.0024079254,0.0006097267,0.07805277
2779,0,1,0.025174136380856096,0.00024072203,0.00013599898,0.02577271
2780,1,1,0.1550501741462912,0.3874586,0.090542786,0.15787274
2781,0,1,0.4019536959515816,0.99153954,0.97014296,0.40744627
2782,0,1,0.2809395505429365,0.9920928,0.88394636,0.27683893
2783,0,0,0.011199929672237638,4.9022015e-07,1.8023453e-05,0.012207063
2784,0,0,0.0010016734330786149,2.5112575e-12,1.0042286e-10,0.0012337579
2785,0,1,0.13170837973430413,0.023652477,0.00165968,0.13435717
2786,0,0,0.016051774696515756,3.3772003e-06,0.00016658271,0.017686466
2787,1,1,0.4062646793757853,0.9976173,0.9667302,0.4153742
2788,0,1,0.1630974503467342,0.2093511,0.023372034,0.16859367
2789,0,0,0.03428922094231323,5.978858e-05,0.0012032246,0.03546282
2790,0,0,0.017483889829998652,9.3449664e-05,0.0008640539,0.018539995
2791,0,0,0.0011671399331729358,1.0467586e-11,3.5202843e-10,0.0014484572
2792,0,1,0.2990925147265043,0.944439,0.7155758,0.30593994
2793,1,1,0.9654378755712074,0.9999999,0.99999976,0.9582275
2794,1,1,0.997276801393034,1.0,1.0,0.9958813
2795,0,0,0.006926698645566309,6.654298e-09,1.524033e-07,0.007338848
2796,0,0,0.005175860403036079,1.3924775e-09,1.2399947e-07,0.0051968913
2797,0,1,0.15196151530392574,0.06610342,0.055243954,0.15570667
2798,0,1,0.14152494218618014,0.02589337,0.006383613,0.1462812
2799,0,0,0.010829699492523022,6.6548715e-08,1.2053649e-06,0.011141251
2800,0,0,0.022875021933174155,9.880066e-06,0.00017944616,0.025238086
2801,0,0,0.006034895949024394,1.6971604e-06,2.2687016e-05,0.0114362985
2802,0,1,0.0386628576555307,2.7314536e-05,5.968011e-06,0.039127294
2803,0,1,0.0046900649446080436,2.1458577e-07,9.124646e-08,0.005557934
2804,0,1,0.24449126856273715,0.22282445,0.15329415,0.23572361
2805,0,1,0.0014932855625399823,4.5865986e-10,7.771913e-11,0.0017431581
2806,0,1,0.27808424166779894,0.8570342,0.6865135,0.2805997
2807,0,1,0.04000503384566697,0.0001802977,1.7006138e-05,0.041447297
2808,0,1,0.0704417179302957,0.0005674582,0.00013629913,0.07112475
2809,1,1,0.6983071263174185,0.9999373,0.99981594,0.700707
2810,1,1,0.7288096768246615,0.9999907,0.9999682,0.7317695
2811,0,1,0.27688874788917367,0.8437939,0.6847709,0.27210566
2812,0,1,0.04264208668797111,6.819612e-05,3.4979927e-05,0.041918054
2813,0,1,0.26186767390031157,0.69555986,0.53359437,0.25730896
2814,0,1,0.02164865229028467,0.031327423,0.0016265452,0.038603004
2815,1,1,0.6898255609082766,0.9999374,0.99968165,0.6972592
2816,0,1,0.2683782864268318,0.47329423,0.06562746,0.2810107
2817,0,1,0.0171995220738945,3.369064e-05,7.4942805e-06,0.028800994
2818,0,1,0.30220401231059996,0.9872819,0.9059509,0.30738676
2819,0,1,0.013627480029142562,4.2527154e-06,1.4173927e-06,0.015792282
2820,0,0,0.003953232649280301,9.789013e-09,1.8745283e-07,0.004886903
2821,0,1,0.25650667268436733,0.8275131,0.50097156,0.25955996
2822,0,1,0.3479152872119844,0.994024,0.9468016,0.35447022
2823,1,1,0.15361723448230225,0.1453367,0.032628547,0.149962
2824,1,1,0.21243432362029152,0.31156886,0.10315462,0.22326763
2825,0,1,0.2842562057447453,0.94343585,0.687743,0.28988814
2826,0,1,0.008180251930833297,2.5394044e-07,1.919827e-07,0.009782213
2827,0,0,0.033840404830782725,0.0002496768,0.0016559401,0.0363137
2828,0,1,0.2091956918772586,0.25080097,0.10523877,0.2114243
2829,1,1,0.9949953223820692,1.0,1.0,0.99233
2830,0,1,0.6988858698630788,0.9999827,0.99983263,0.70563126
2831,0,0,0.014657029958143438,2.1221376e-06,9.3217815e-05,0.015981993
2832,0,0,0.004993301524372198,3.6122247e-09,8.175022e-08,0.0053120134
2833,0,0,0.0016391911751250112,1.0424956e-09,6.837862e-09,0.0028722945
2834,0,0,0.012953206054531714,8.085238e-08,5.7764573e-06,0.013550977
2835,1,1,0.8783726132729616,1.0,0.99999976,0.8820329
2836,1,0,0.24661863092890027,0.9718525,0.998078,0.26397446
2837,0,1,0.003247300225423165,4.1264e-09,1.679835e-08,0.003843048
2838,0,1,0.252986033275591,0.6241977,0.2096229,0.25831637
2839,0,1,0.26964498528841285,0.22746651,0.062091798,0.27091497
2840,0,1,0.2472216052406664,0.57837194,0.23291692,0.25825953
2841,0,1,0.03959126908316814,0.00012595706,5.7924815e-05,0.040302336
2842,0,0,0.003731478871551234,7.1748247e-09,5.5641306e-07,0.0046590623
2843,0,1,0.24031904082591368,0.6547558,0.5623851,0.23495637
2844,0,0,0.015225238877941697,2.4934727e-06,5.628326e-05,0.017038895
2845,1,1,0.4613453033820444,0.997183,0.97579396,0.46845663
2846,0,1,0.0059011209178869645,3.9134255e-07,1.7635339e-08,0.009942857
2847,0,0,0.007960103954290284,5.667968e-06,9.7189986e-05,0.009726142
2848,0,0,0.035534016337803793,0.0001283547,0.0012606893,0.03759336
2849,1,1,0.3102316415007829,0.9650474,0.7415061,0.31512398
2850,0,0,0.013331214359767252,1.0084755e-06,1.5430232e-05,0.013988044
2851,0,1,0.05043207439704069,0.00045567087,0.0001757868,0.04958809
2852,1,1,0.18103258744444636,0.13025066,0.039426446,0.18055198
2853,1,1,0.9957041375882242,1.0,1.0,0.99338686
2854,0,0,0.029534586952721778,0.0006230204,0.024791818,0.036331996
2855,0,0,0.02395404410178342,0.00032924276,0.0031483758,0.02583969
2856,1,1,0.5668787186091001,0.9999391,0.99913466,0.570275
2857,0,1,0.008246111572360956,1.4132019e-06,3.1479857e-07,0.013830102
2858,0,0,0.008872277877148544,1.5359348e-07,4.11198e-06,0.009447765
2859,1,1,0.5356963785307344,0.9979013,0.9875529,0.537006
2860,0,1,0.1636137515788886,0.10524606,0.02440749,0.16971709
2861,0,1,0.04415684304260699,9.4104515e-05,4.356371e-05,0.042212024
2862,0,1,0.0006828762714492618,2.7175187e-12,1.94464e-12,0.000802217
2863,0,1,0.4627895515893096,0.99815685,0.9874735,0.4685614
2864,0,0,0.004282652835331596,2.0004305e-09,4.192719e-07,0.004656692
2865,1,1,0.5844463745478152,0.99999166,0.9999503,0.58615214
2866,0,0,0.000964842441655978,8.912742e-13,3.9883177e-11,0.001039832
2867,0,1,0.12825335356679293,0.08124057,0.043932848,0.13133585
2868,1,1,0.8762303411971666,0.9999995,0.99999726,0.87474835
2869,0,1,0.2966138811580567,0.017815601,0.0041480456,0.29264373
2870,0,1,0.011795486087039725,8.162387e-08,4.3138048e-08,0.011918121
2871,0,1,0.07329821250548155,0.00029191808,5.994821e-05,0.076021954
2872,1,0,0.34940739085128186,0.9929342,0.99998343,0.34878626
2873,1,1,0.4315452686113792,0.9902239,0.8890296,0.4463289
2874,0,1,0.003917920621229694,7.0321873e-09,1.4443781e-09,0.004553794
2875,0,1,0.002428259561912812,2.901661e-10,2.6166406e-11,0.004027215
2876,0,1,0.007953730185186645,4.1774567e-07,4.3889145e-07,0.009405798
2877,0,1,0.18208872218916222,0.0010103037,0.00020968786,0.18904425
2878,0,0,0.042121425257601465,0.0012256118,0.023041192,0.046389036
2879,0,1,0.001147829610384961,8.155243e-12,1.8661511e-12,0.0013532856
2880,0,1,0.004266604210813133,2.2715519e-11,1.3396495e-11,0.00449444
2881,0,0,0.0009575608436774032,2.2432971e-12,8.742914e-11,0.0011850925
2882,1,1,0.4358610204752389,0.99866366,0.9903803,0.44425333
2883,0,1,0.1315759593078849,0.04003189,0.0045311367,0.13419789
2884,1,0,0.4380861100188495,0.99901974,0.99999666,0.4318631
2885,0,1,0.33710577782500606,0.88539314,0.596959,0.3404566
2886,0,1,0.3297442187068464,0.9195351,0.4880111,0.33440018
2887,0,0,0.0038447054091634817,5.1231314e-08,2.0169805e-06,0.0046911375
2888,0,1,0.12842628830833855,0.0038378707,0.000289173,0.1378657
2889,0,0,0.002448807781122094,1.5824467e-09,3.815476e-07,0.003008977
2890,0,1,0.1765437870653958,0.044431664,0.0028166065,0.1881871
2891,0,0,0.2038544057595241,0.62234396,0.98582816,0.21012437
2892,0,1,0.3293557910601784,0.813074,0.74557316,0.30323002
2893,1,1,0.010064369633074824,2.0727017e-08,2.7186287e-08,0.010459576
2894,0,1,0.2737872097061421,0.8307484,0.5550548,0.2774253
2895,0,0,0.07139891250722717,0.0039549787,0.049082126,0.07746196
2896,0,0,0.11264384933490289,0.115651235,0.76831526,0.12019059
2897,0,1,0.6616912138688618,0.9999968,0.99999654,0.6664245
2898,0,1,0.012839930176822872,1.18117705e-05,2.7334736e-06,0.022296278
2899,0,0,0.21173995414916788,0.46684808,0.9978612,0.20562601
2900,0,1,0.0017090903506371223,3.6506992e-10,6.064674e-11,0.0028772396
2901,0,1,0.6030331183200436,0.99923944,0.99648094,0.6114622
2902,0,0,0.022379836907380383,0.012714996,0.0873692,0.017137244
2903,0,1,0.4129459649184625,0.98995954,0.92670214,0.4176152
2904,0,0,0.060256121623470014,0.0022162644,0.026670337,0.06503082
2905,0,1,0.0006638165172921704,5.0130397e-13,1.3989486e-13,0.00076036225
2906,0,0,0.025385395615706654,3.378062e-05,0.0003625042,0.026817841
2907,1,1,0.6085689068849501,0.933327,0.9400233,0.57601064
2908,0,1,0.001155622913520154,1.1744177e-11,8.284428e-12,0.0013644866
2909,0,1,0.020422320042967,9.8695755e-06,5.899168e-06,0.021543741
2910,0,1,0.08288912032699822,0.017794376,0.0075702663,0.08625595
2911,1,1,0.2583351347474159,0.92444766,0.48888126,0.26288876
2912,0,1,0.041125312060292116,0.0010084857,0.00014280966,0.042750813
2913,1,1,0.7100728808721792,0.99998665,0.99987733,0.71923697
2914,1,1,0.6062071654550722,0.9999324,0.99908805,0.6168624
2915,1,1,0.8492427054791534,0.9999962,0.9999777,0.85445964
2916,0,1,0.11003435368709058,0.006123533,0.0010184908,0.11268771
2917,0,0,0.0003396268206701364,1.18974265e-14,5.072451e-13,0.0004192712
2918,0,0,0.07864169734338347,0.0005554813,0.029963838,0.08175499
2919,0,1,0.09523008048544308,0.003009166,0.0008354445,0.098964594
2920,0,0,0.007207357440307303,8.377831e-08,5.883869e-07,0.007614632
2921,0,0,0.030916336104661338,0.00011357935,0.0020223092,0.033172183
2922,0,1,0.23559190468528518,0.94562405,0.7786106,0.24119224
2923,0,1,0.019287318026475875,2.2167433e-06,9.838956e-07,0.020227814
2924,0,1,0.0014040008272052235,1.3630676e-12,4.3929565e-13,0.0024478633
2925,0,1,0.008752619082597553,1.9507531e-06,1.043485e-06,0.010203805
2926,0,1,0.08034043824401332,0.0014661358,0.0002200566,0.080239974
2927,1,1,0.6100966753786349,0.99945265,0.9977469,0.6163329
2928,0,0,0.057626499245119596,0.0002954646,0.017154329,0.060747445
2929,0,1,0.17067233528922338,0.25889596,0.029888872,0.18234916
2930,0,1,0.09272242484605728,0.46787193,0.09194476,0.094403975
2931,0,1,0.15918057859920579,0.10451252,0.029472273,0.16050321
2932,0,1,0.008535936659588563,1.265137e-06,7.7520696e-07,0.0098850075
2933,1,1,0.7190243164566731,0.9999579,0.99974555,0.72005314
2934,0,0,0.0010458091838829462,1.3598665e-11,4.8156884e-10,0.0012845381
2935,0,0,0.006315600144555741,1.4175827e-08,4.378463e-07,0.0070241536
2936,0,0,0.008743128646715073,3.5780067e-05,0.00028931999,0.016525216
2937,0,1,0.033170112518766864,0.0014622443,0.0005275606,0.038708534
2938,1,1,0.9975275898001036,1.0,1.0,0.996148
2939,0,1,0.004250662468941815,8.387916e-09,5.4513376e-09,0.004960974
2940,0,1,0.014772061349894991,2.7662253e-07,9.551534e-07,0.014852942
2941,0,1,0.08396121419787424,0.0058528734,0.0012096957,0.08283146
2942,0,0,0.5958560345706603,0.99823004,0.99999905,0.5805259
2943,0,1,0.370883798043088,0.9988752,0.9935923,0.37156996
2944,0,1,0.3021705070119265,0.87776023,0.64530885,0.3019185
2945,0,1,0.10152909511802992,0.0011975425,0.0005551608,0.103379354
2946,0,0,0.02054997555178595,2.268401e-05,0.0025992575,0.023416542
2947,0,1,0.22964201477958845,0.8143236,0.09311632,0.23395702
2948,0,1,0.24617106873353298,0.79297453,0.38628796,0.25062358
2949,0,0,0.023617082272678815,4.0257733e-06,0.000111136,0.025792256
2950,1,1,0.7762231885460842,0.99999213,0.9999622,0.7840771
2951,0,1,0.5222532285700869,0.99980736,0.9984415,0.5284017
2952,0,0,0.26654534001844593,0.93980634,0.99979913,0.2712286
2953,0,1,0.19299366005354532,0.016016006,0.0029047844,0.20233831
2954,1,0,0.3087220492512467,0.063986294,0.706289,0.28394955
2955,0,0,0.05611305225534304,0.00023338382,0.014238245,0.058094636
2956,0,1,0.003321749551272473,1.0054615e-09,6.933203e-10,0.0038583202
2957,0,1,0.4608379624840817,0.99844366,0.9894155,0.46244642
2958,0,0,0.11001361682447572,0.17811264,0.6637789,0.11725282
2959,0,1,0.0020625331219835835,7.4399535e-11,4.2323957e-11,0.002452651
2960,1,1,0.48161174808970586,0.99435526,0.9691105,0.48298767
2961,0,0,0.005327330971161003,7.255897e-09,1.2761069e-06,0.0057669496
2962,0,0,0.050590613792286805,0.00074319553,0.032808863,0.057751954
2963,0,1,0.6604765439108443,0.99995995,0.9998069,0.6409702
2964,0,1,0.04861369348111726,0.0046719494,0.00079929834,0.048837516
2965,0,1,0.08741730417610748,0.018650012,0.0018602136,0.09056111
2966,1,1,0.41337779561660576,0.9949395,0.90537745,0.42099836
2967,1,1,0.9999999999999925,1.0,1.0,1.0
2968,0,0,0.002853725430479561,4.6287587e-09,1.1299367e-06,0.0034983463
2969,1,0,0.9230302092675813,1.0,1.0,0.9205469
2970,0,1,0.02396930855327922,2.3965365e-05,9.402318e-06,0.024369713
2971,0,1,0.6090737320081245,0.99982655,0.99923587,0.6117964
2972,0,0,0.024492102258444576,1.1866945e-06,3.464443e-05,0.023708861
2973,0,1,0.0027620416608235446,3.592106e-10,2.2853337e-10,0.0032366477
2974,0,1,0.40254059669706616,0.9928435,0.9546115,0.40528223
2975,1,1,0.6317304579803624,0.9987311,0.9933436,0.58446926
2976,1,1,0.9980817925285521,1.0,1.0,0.9970625
2977,0,0,0.02540235048986515,1.728818e-05,7.018235e-05,0.026307283
2978,0,0,0.12836219935182344,0.0035294036,0.08916652,0.12260086
2979,1,1,0.1164932250207084,0.016045522,0.000905246,0.12407601
2980,0,0,0.018506498927830944,2.5700735e-06,0.00023268528,0.019132508
2981,1,1,0.9999999999999927,1.0,1.0,1.0
2982,0,0,0.26625047310237304,0.8875074,0.99952054,0.26199937
2983,0,0,0.009037635371922243,5.1943182e-08,9.4398234e-07,0.009921465
2984,0,1,0.027126306097875634,2.0732095e-05,5.162887e-05,0.02863515
2985,1,1,0.8125037118452795,1.0,0.9999989,0.8143941
2986,0,1,0.3655932474282409,0.9453449,0.7445554,0.3689143
2987,0,0,0.03256842707359848,0.00023554826,0.005709978,0.05374703
2988,0,1,0.03430899604719492,0.00039803013,5.6718938e-05,0.035337336
2989,0,0,0.004110717942171205,3.041984e-09,3.9429565e-08,0.0043427553
2990,0,0,0.00744112713218997,1.9667043e-07,6.3487937e-06,0.009484387
2991,0,1,0.0033454180702418984,3.946521e-09,2.5921736e-09,0.003845595
2992,0,1,0.10147381263505562,0.013721758,0.009461923,0.10403854
2993,1,1,0.24199337988635639,0.96789896,0.7835439,0.2651568
2994,0,1,0.007956726264599026,1.9274108e-07,1.8516505e-07,0.009156963
2995,0,1,0.04548448638905347,0.0006430614,0.00042963927,0.04613201
2996,1,0,0.4918602816301677,0.9985512,0.99999785,0.48747918
2997,0,1,0.34300775115720533,0.860594,0.5628064,0.35139182
2998,0,1,0.05802873668271626,0.0011812629,0.00025227113,0.05821744
2999,0,0,0.022085122205844278,1.2561575e-06,6.2771264e-06,0.016263312
3000,0,1,0.31245856394794214,0.11180608,0.021096783,0.30732626
3001,0,1,0.02844381033292314,4.860683e-05,1.7001581e-05,0.029488489
3002,0,0,0.10565408188387422,0.0058713723,0.070607536,0.10387224
3003,0,0,0.029169524443400773,0.0035767679,0.08688783,0.035229348
3004,0,0,0.4646221144783579,0.9972589,0.9999943,0.45281893
3005,0,1,0.6538259410051135,0.999807,0.99846905,0.6594703
3006,0,1,0.10518935296903624,0.0033058014,0.0006511407,0.10704432
3007,0,1,0.6311153196772606,0.9996837,0.9976005,0.63789433
3008,1,1,0.6025954988762652,0.9999448,0.99935704,0.6066013
3009,0,0,0.02043909201705341,3.688893e-06,8.960984e-05,0.021771755
3010,1,1,0.29531418727269343,0.96221006,0.8188248,0.29990366
3011,1,1,0.5236614215471834,0.9952891,0.9844699,0.52763796
3012,1,1,0.6809700184185432,0.34745544,0.20586689,0.64001083
3013,0,0,0.0049515647104212525,1.9608194e-08,3.0505623e-07,0.00537795
3014,0,0,0.027873747565576094,0.00015494706,0.0023669438,0.03105033
3015,0,1,0.35091966145547504,0.99322164,0.9286838,0.361484
3016,0,0,0.06026622894261286,0.0024659915,0.067808144,0.06482893
3017,0,0,0.00018313961709711475,7.4744665e-13,2.561032e-12,0.00017265962
3018,0,1,0.20290982122195594,0.3494244,0.120943874,0.2053901
3019,0,1,0.042312108386971733,0.000298262,0.00016412049,0.043258645
3020,0,0,0.20668102129194577,0.5546996,0.9975942,0.20381603
3021,0,1,0.0040615218919483305,1.6712502e-09,3.417239e-10,0.004086137
3022,0,1,0.2587450606946829,0.43726262,0.08746442,0.26147583
3023,1,1,0.7783456083014486,0.9999802,0.9998658,0.7832753
3024,0,1,0.02080869573652041,3.3535243e-06,1.4639037e-06,0.02091136
3025,0,1,0.3163370532034658,0.9736188,0.8683001,0.3195001
3026,0,1,0.18895514089251755,0.5267667,0.14558537,0.18692856
3027,0,1,0.03604495146829278,2.3786468e-05,6.8927034e-06,0.037038784
3028,0,0,0.019479049397018708,2.6500206e-06,4.4877765e-05,0.020959308
3029,0,1,0.00211451289835087,1.4717089e-09,3.270587e-10,0.0024282015
3030,1,1,0.8324316425568535,0.9999999,0.9999976,0.8358967
3031,0,1,0.040666203476013435,1.1702346e-06,3.1059851e-06,0.039714113
3032,1,1,0.7078932144753978,0.9999323,0.9996963,0.71584755
3033,1,1,0.6341292066574963,0.99980223,0.9993043,0.6405456
3034,1,1,0.6730752628388929,0.9999386,0.99973565,0.6792933
3035,1,0,0.5972395158890188,0.99978805,0.99999964,0.592274
3036,0,1,0.11329825887735284,0.01384637,0.0023243588,0.114599474
3037,0,0,0.049064995265004026,0.00011315365,0.002419584,0.051459946
3038,0,1,0.020044102380378223,5.9704757e-06,3.8890707e-06,0.020221906
3039,0,1,0.24049050619167098,0.42122084,0.3958426,0.23876666
3040,1,1,0.5258673251809107,0.99907386,0.9911532,0.53514266
3041,1,1,0.80185677228335,0.99999905,0.9999906,0.80505353
3042,0,1,0.2660042854291898,0.7928715,0.30225757,0.2724753
3043,1,1,0.7045050835398108,0.9999938,0.9998839,0.71026456
3044,0,0,0.030021616587995965,4.2240217e-06,0.00051277207,0.030308075
3045,0,0,0.0025939657043994252,3.899479e-09,4.8264244e-08,0.0031548985
3046,0,0,0.02044588853843896,3.009965e-05,0.00035635606,0.021239521
3047,0,1,0.005902582479057364,7.232652e-10,1.9590691e-09,0.0060928394
3048,0,1,0.6443294828977693,0.9994923,0.9990608,0.64423686
3049,0,1,0.01343850631706142,3.9740176e-08,2.0931338e-08,0.014486631
3050,0,1,0.046095191336874085,7.639113e-05,2.509726e-05,0.044819906
3051,0,1,0.15717386557551402,0.28510645,0.117683396,0.16106229
3052,1,1,0.5551031142309362,0.9997135,0.9981042,0.5561412
3053,1,0,0.592199793267488,0.99963844,0.9999993,0.571938
3054,0,0,0.3391325312075371,0.99869704,0.99995136,0.35472032
3055,0,1,0.21940493367267772,0.6921825,0.30753002,0.21652107
3056,0,0,0.0020537862232777966,2.9275224e-10,1.1083142e-08,0.002645442
3057,0,0,0.05107773238661089,0.011943957,0.1309039,0.054980516
3058,1,1,0.9993394982264373,1.0,1.0,0.9988279
3059,0,1,0.016023044838968575,1.3817572e-06,5.5085025e-07,0.016118862
3060,0,1,0.013830736260371427,3.528958e-06,1.4363699e-06,0.016229993
3061,0,1,0.5265046693182194,0.9999399,0.9977277,0.5334644
3062,0,1,0.4394865108455508,0.98737025,0.9367434,0.4448414
3063,0,1,0.30090598756581777,0.9745823,0.45868474,0.30732185
3064,0,1,0.5665377045541501,0.9995659,0.9937964,0.55750763
3065,1,1,0.31680543963884716,0.9906839,0.932574,0.3198054
3066,0,1,0.2244746352575599,0.2427615,0.05637466,0.23666552
3067,0,1,0.1838510590584781,0.21732503,0.045304604,0.17937042
3068,0,1,0.7220786101941555,0.9998019,0.99911517,0.7089927
3069,0,1,0.003692062400685235,1.0708493e-09,3.2511013e-10,0.0045531173
3070,0,0,0.009451292652717928,8.185429e-08,1.1117694e-06,0.010120538
3071,0,1,0.4709146118315163,0.9989777,0.9936746,0.47259858
3072,0,0,0.0163826506977598,3.2042996e-07,7.0221627e-06,0.01779842
3073,0,1,0.6396385931951585,0.99984336,0.9992839,0.64726883
3074,0,1,0.000591170203137645,2.1622662e-14,2.9507585e-14,0.00070080697
3075,0,1,0.31780023299454047,0.66391903,0.40130806,0.32101864
3076,0,1,0.5068385968478404,0.9973207,0.98198265,0.5123714
3077,0,0,0.003076543137400108,1.3839304e-09,2.0615445e-07,0.0032848946
3078,0,0,0.006692507000926602,7.728578e-09,3.1154676e-07,0.007434897
3079,0,1,0.044396724422659455,0.00016367558,6.305729e-05,0.0436559
3080,0,1,0.02330943945246758,6.406349e-05,2.914152e-05,0.02712796
3081,0,1,0.006142784523361517,3.168385e-07,5.0735284e-08,0.010016053
3082,0,1,0.0010938558743937806,5.707741e-11,2.1051943e-11,0.0012753754
3083,0,0,0.018016091125866773,7.47771e-06,0.00019595906,0.020293267
3084,1,1,0.5955464332375598,0.99708205,0.99631906,0.5931522
3085,0,0,0.0320367474639727,6.463614e-05,0.0002964886,0.03522774
3086,0,1,0.0436958403697418,7.0556394e-05,1.7016455e-05,0.04396231
3087,0,1,0.12158809083567772,0.019756354,0.004640359,0.12603429
3088,0,1,0.39416426053281506,0.97747666,0.8591771,0.39827293
3089,0,1,0.012844503837448588,4.1529e-05,1.3858196e-05,0.020600364
3090,0,1,0.4678088171604522,0.9994036,0.9894112,0.47704244
3091,0,1,0.0007184816493777499,2.0035194e-13,1.5300665e-13,0.00084095774
3092,0,0,0.02072703281755321,2.2717715e-05,0.00017093649,0.021886315
3093,0,0,0.003091924347014731,3.405778e-11,1.203265e-09,0.0033628896
3094,0,1,0.0161709624690612,9.5007846e-07,1.5534665e-07,0.016139057
3095,1,1,0.27989923319508203,0.91610444,0.6233964,0.28401738
3096,0,1,0.12955542779223697,0.004175472,0.0022726841,0.06626116
3097,0,1,0.001240362930446335,2.2467068e-11,5.6030445e-12,0.001446091
3098,0,0,0.03837554786027148,0.00024725762,0.005647695,0.042254787
3099,1,0,0.07092894576428856,0.0034447531,0.073910356,0.07301813
3100,0,1,0.5767405430186449,0.9990846,0.9938467,0.5771405
3101,1,1,0.6760670178934821,0.99999094,0.9997791,0.68282026
3102,0,1,0.002915502145001843,5.287123e-10,2.1562627e-09,0.00343265
3103,0,0,0.05846506662674877,0.0031496184,0.10416557,0.062188316
3104,0,1,0.020575156310528194,3.095815e-06,1.534942e-06,0.021201532
3105,0,1,0.005114454377631695,5.525747e-09,1.0037772e-09,0.005100423
3106,0,1,0.1092392004370915,0.0045068823,0.008977407,0.10913004
3107,0,1,0.04881469990732218,0.00041804122,6.949712e-05,0.049548496
3108,0,1,0.012313585965965924,4.9698815e-06,7.420548e-07,0.014498197
3109,1,0,0.7497450111216227,0.99998975,1.0,0.7444606
3110,0,1,0.023616591881934896,0.00032381783,0.000113690956,0.027500834
3111,0,0,0.06612884760931739,0.0019717182,0.06279305,0.07172418
3112,0,1,0.21821862699637803,0.6797066,0.18920374,0.22818153
3113,0,1,0.143053060214037,0.116019644,0.005717069,0.1446368
3114,0,1,0.28519841074940666,0.806768,0.36074945,0.29570666
3115,1,1,0.7097642739390332,0.999969,0.99972016,0.71473616
3116,1,1,0.13208535071037633,0.35617757,0.05409894,0.13525487
3117,1,1,0.28952356482020075,0.973431,0.75057,0.293793
3118,0,1,0.0028503229959174216,1.2489945e-09,3.011254e-10,0.0032917385
3119,0,0,0.013864393839385994,1.1981192e-07,3.6193083e-05,0.014536822
3120,0,1,0.027317998359660627,0.007834398,0.0027918187,0.034036405
3121,0,1,0.12533718804024108,0.03512805,0.0018637796,0.1282537
3122,0,1,0.025850700763654727,2.0043799e-05,1.2499705e-05,0.026165148
3123,0,1,0.26243570518634807,0.8923988,0.49196747,0.26865402
3124,1,1,0.9937792048081759,1.0,1.0,0.99052656
3125,1,1,0.9839260706412876,1.0,1.0,0.9806911
3126,0,0,0.008910257913690748,3.4609e-06,5.4412878e-05,0.015991176
3127,1,1,0.37012287968787433,0.8909491,0.36626077,0.37574333
3128,0,1,0.0006044312350959849,2.164961e-14,1.929788e-14,0.00073508057
3129,0,1,0.002924155451320224,4.2986137e-10,1.1869188e-10,0.0034409005
3130,0,1,0.2516191467917708,0.8330254,0.30815554,0.26138702
3131,0,1,0.07255999766769414,9.037098e-06,1.4465037e-06,0.0771687
3132,0,1,0.22038553754340667,0.7698273,0.30674946,0.22515
3133,0,0,0.20254419930405287,0.51319253,0.9625212,0.20544885
3134,0,0,0.27016161481294054,0.84972066,0.994352,0.2817658
3135,0,0,0.19742064106367874,0.8896989,0.99959254,0.19996543
3136,0,1,0.002564827839746171,1.02589005e-11,5.450123e-12,0.0031359012
3137,0,0,0.021603261826319192,2.486724e-05,0.00051031995,0.023638671
3138,0,1,0.007542945218023068,1.2319664e-07,5.692669e-08,0.0077737654
3139,0,1,0.08444392940716709,0.03195152,0.0048764567,0.09271844
3140,1,0,0.5177756450574214,0.999466,0.99999905,0.51537305
3141,0,0,0.0011918360950010985,1.8375109e-11,2.9859304e-09,0.0014796215
3142,0,0,0.027340336441675737,4.637134e-06,0.0005389277,0.02739606
3143,0,1,0.010608716577284875,4.3710215e-06,2.114435e-06,0.01872302
3144,0,1,0.14057709078317474,0.1342794,0.058235012,0.14389764
3145,1,1,0.9433861918218263,1.0,1.0,0.9444249
3146,1,1,0.9999999999999929,1.0,1.0,1.0
3147,0,1,0.017698950299294358,3.5719557e-05,2.022554e-05,0.021539107
3148,0,1,0.04900895408657455,0.00043235772,0.00024471997,0.04803203
3149,1,1,0.8657480590195907,0.9999896,0.9999547,0.8537377
3150,1,1,0.5962827167762523,0.999003,0.9963104,0.6056197
3151,0,0,0.058548009164560176,0.013760144,0.12963974,0.06178985
3152,1,1,0.5847195612047477,0.994699,0.9883245,0.58229995
3153,0,1,0.10480185299882754,0.020302271,0.0105146095,0.106304735
3154,0,0,0.0028251515683024634,1.9630488e-09,7.9079676e-08,0.0035968446
3155,0,1,0.004639393175487535,2.5612227e-08,9.0824e-08,0.005502642
3156,1,1,0.4631117403492614,0.9788835,0.83313364,0.45318767
3157,0,1,0.0845262546010519,0.0009774975,0.00021508452,0.086832635
3158,0,1,0.4321851563644243,0.99876046,0.99317235,0.4395432
3159,1,1,0.3052436421335442,0.9630159,0.7274746,0.3106251
3160,0,1,0.09109044203019181,0.02762443,0.00840939,0.09144812
3161,0,1,0.04449875190713847,0.00088417064,0.00039681233,0.04769175
3162,0,1,0.3987917197960033,0.9972856,0.9854101,0.40434867
3163,0,1,0.2815052749058796,0.81277055,0.3999733,0.2854248
3164,0,1,0.11259818890371506,0.008641343,0.0010196528,0.11620356
3165,0,1,0.12695505645895935,0.053475983,0.011655553,0.124713115
3166,0,0,0.0008522984874198999,9.239916e-13,3.2210838e-11,0.001057138
3167,0,1,0.029308521036792306,6.258645e-06,2.5798743e-06,0.030482037
3168,0,1,0.40089583231506815,0.9650657,0.8868758,0.4081478
3169,0,1,0.03544976889823693,0.00016326984,0.00018196103,0.03687537
3170,1,1,0.5159735508551205,0.99883586,0.9916221,0.5165444
3171,0,0,0.01837838796413444,0.00012913388,0.0027410083,0.02246234
3172,0,1,0.20459635632518774,0.7075995,0.08401516,0.21003677
3173,0,0,0.012454027402049582,1.0149612e-05,0.00027822878,0.015109099
3174,1,1,0.7713757734213544,0.99999917,0.99999714,0.7689093
3175,1,1,0.9524882068580933,0.99999666,0.99999523,0.9399999
3176,1,1,0.6734611748862676,0.9999988,0.9999752,0.6751353
3177,0,0,0.007946318269366499,2.212017e-06,6.2750165e-05,0.010155278
3178,0,0,0.00901145449739815,2.6019464e-07,6.3060106e-06,0.00984562
3179,0,1,0.2754111791452011,0.94804674,0.90596855,0.28185287
3180,0,0,0.010663390153080017,7.533446e-10,2.082307e-08,0.011572185
3181,0,1,0.002600734289417973,7.646011e-10,4.534019e-10,0.0030289923
3182,1,1,0.6616148007381967,0.9999161,0.99925333,0.6661055
3183,0,0,0.037878815768476785,0.00070412003,0.013736177,0.04468841
3184,0,1,0.28858564989448,0.9058142,0.57424194,0.2948025
3185,0,1,0.03989661436364259,5.7763362e-05,2.0788857e-05,0.04074561
3186,0,1,0.0037762961998050936,3.0060276e-09,1.217115e-08,0.004424482
3187,0,1,0.0013195955372592172,1.4897458e-11,3.946839e-12,0.0015118208
3188,0,1,0.011219668167302514,8.65987e-06,3.764158e-06,0.013015742
3189,0,1,0.2951577998457925,0.9772379,0.88627106,0.29876766
3190,1,0,0.8038355030457267,0.99999964,1.0,0.8025394
3191,0,1,0.002660268165958045,2.0314898e-10,9.0166297e-10,0.0030599993
3192,0,1,0.09266704606620339,0.00013298765,2.7867012e-05,0.09883237
3193,0,1,0.003457837571729495,1.2092722e-09,5.018829e-09,0.0040328302
3194,0,0,0.06812959519083409,0.009681612,0.120081715,0.0753206
3195,0,0,0.000799908486512892,2.8437014e-12,1.250937e-10,0.0009833139
3196,0,0,0.02130337432071167,1.2118208e-05,0.0005885028,0.022317106
3197,0,1,0.03251763057828736,6.632102e-05,7.5449375e-06,0.032985132
3198,0,1,0.23432954643399914,0.6718962,0.2982455,0.2374724
3199,0,1,0.011252000803944463,5.9524094e-08,2.7011273e-08,0.011409993
3200,0,0,0.02038508090234429,9.203165e-06,0.00015578081,0.022482537
3201,0,1,0.1795689447457682,0.24546967,0.0744006,0.18375507
3202,0,1,0.12763961268117116,0.04158311,0.0021372896,0.13070853
3203,1,1,0.3147209816481882,0.9586903,0.71726745,0.31933963
3204,0,1,0.09855748967222704,0.0028524788,0.0039574895,0.10132678
3205,0,0,0.0028622333412885027,2.5953644e-09,9.5293736e-08,0.0036619266
3206,0,1,0.1728490701718804,0.7573073,0.79415363,0.1753916
3207,0,0,0.0020732947160541923,6.156095e-10,2.2376824e-08,0.002551796
3208,1,1,0.30033918590282876,0.88164437,0.6155061,0.30497122
3209,0,1,0.040012570167193874,0.00047913438,0.00022248125,0.04624685
3210,0,1,0.007746913379398374,6.4250554e-07,4.440539e-07,0.009349466
3211,1,1,0.237383667602332,0.6589812,0.36932558,0.23758157
3212,1,1,0.5740781182822609,0.99846774,0.99418485,0.5765386
3213,0,1,0.0924082805614286,0.008226775,0.005640408,0.09090314
3214,0,1,0.1862638704030211,0.65005374,0.1833221,0.18854249
3215,0,1,0.39315562298536005,0.6839201,0.58991146,0.3645836
3216,0,1,0.25755123858252466,0.020921245,0.0017952379,0.2563805
3217,0,0,0.06930690807667152,0.001906211,0.024029845,0.07329747
3218,0,1,0.1314613269961025,0.038728606,0.014242743,0.13261089
3219,1,1,0.6615096474006984,0.9735579,0.7429334,0.6163106
3220,0,1,0.610879952614272,0.9999176,0.9998213,0.60617596
3221,0,0,0.007092991984698574,1.1673421e-06,3.2771888e-05,0.008634768
3222,0,1,0.1496079933579248,0.0048560435,0.000844195,0.15788661
3223,0,1,0.0020593665901673594,2.3015428e-08,7.956925e-09,0.0026100506
3224,0,0,0.0016461744049835396,1.1189568e-10,4.6150945e-09,0.002110001
3225,0,0,0.03100616725498134,8.4039144e-05,0.001014626,0.032907598
3226,0,1,0.605762229472145,0.9995846,0.9973889,0.60970426
3227,0,1,0.6552515147604386,0.99972504,0.9981306,0.6586099
3228,0,1,0.040710158295227006,0.00019928988,8.455231e-05,0.041162413
3229,1,1,0.2857019880924822,0.97347504,0.92959654,0.28517437
3230,0,1,0.005339228047494439,1.612437e-08,5.7331255e-09,0.009095711
3231,1,1,0.2560751102903465,0.9474277,0.65107274,0.26248392
3232,0,1,0.00742108842219653,1.4093337e-06,9.4089404e-07,0.008620685
3233,0,1,0.008871959254932822,3.0027568e-08,2.6512737e-08,0.009404963
3234,1,1,0.7699383737907546,0.9999908,0.9999119,0.7766183
3235,0,1,0.007649680402344334,1.1035706e-07,1.4998722e-08,0.01293599
3236,1,1,0.7319109381992436,0.9999776,0.99976236,0.7353188
3237,0,1,0.11535251417924494,0.019049847,0.006751372,0.11868534
3238,1,0,0.7006870283632877,1.0,1.0,0.70273924
3239,0,1,0.11688031875262857,0.2671179,0.098782524,0.12209545
3240,0,1,0.12926748244706657,0.26670498,0.040585477,0.12893426
3241,0,0,0.0014617028066074252,2.0388148e-10,4.6356945e-09,0.0018654765
3242,0,1,0.009248531832615486,3.357407e-10,1.3891925e-10,0.009816281
3243,1,1,0.7859256274317061,0.99999857,0.99999166,0.7887141
3244,0,1,0.0033852855583399793,6.227025e-09,2.8262508e-09,0.004014985
3245,0,1,0.06975062184928242,6.510244e-05,0.00011358021,0.06688782
3246,1,0,0.8830353301777094,0.9991763,0.99997604,0.8357682
3247,0,1,0.28666255826723197,0.9495942,0.7423141,0.2917972
3248,0,1,0.04151780565554497,9.149199e-05,1.6348462e-05,0.041336883
3249,0,1,0.05151329585700994,6.166171e-05,6.0811075e-05,0.050516427
3250,0,0,0.022009022682085357,3.8596854e-06,0.000104546176,0.023153286
3251,1,1,0.5320172455160554,0.99963,0.9961534,0.53716445
3252,0,1,0.002493565183765579,1.9244201e-08,3.7634416e-09,0.0028849095
3253,1,1,0.9334505571018346,1.0,0.9999999,0.93508655
3254,0,0,0.0011961089263764018,3.8368815e-11,6.7980915e-10,0.0013112233
3255,0,0,0.12248809994074797,0.023522662,0.4368153,0.12811238
3256,0,0,0.0019171157590013007,3.8103878e-10,1.2996712e-08,0.0024035994
3257,0,1,0.05514524156805578,0.002743444,0.0006625193,0.055883568
3258,0,1,0.034630064998637244,3.527286e-06,1.5349364e-06,0.02474528
3259,0,1,0.027292098331427386,0.005147009,0.00094624865,0.03167859
3260,0,1,0.0030558190712101354,1.7619155e-09,4.9502885e-10,0.0051336847
3261,0,1,0.3219885984900345,0.9441675,0.7028608,0.33502716
3262,0,0,0.05203981876817131,0.056237664,0.2861832,0.091899045
3263,0,0,0.10536353151820721,0.03406128,0.4316626,0.10932084
3264,1,1,0.8075375324474541,0.99999917,0.99999094,0.8118032
3265,1,1,0.22008291175931385,0.47198913,0.27141437,0.22707228
3266,0,0,0.0433260495978592,1.1046336e-05,0.0009566292,0.043133084
3267,0,1,0.1157545913920396,0.09426668,0.037299506,0.12190185
3268,0,1,0.14852814986319726,0.010183501,0.0024398677,0.15128577
3269,1,1,0.2918219397916525,0.9360072,0.7649769,0.2940368
3270,0,1,0.22340713498714854,0.6171486,0.15097961,0.23199883
3271,0,0,0.012882957838750715,7.516187e-08,3.2643948e-06,0.013482715
3272,0,1,0.2633986227474842,0.88162845,0.3838921,0.27340963
3273,0,0,0.008760381056565514,1.8825212e-08,2.1041865e-07,0.009153706
3274,0,0,0.019151918570418917,6.1494165e-07,1.34591955e-05,0.020921897
3275,0,0,0.03442351421907696,0.0012400598,0.011008467,0.038296036
3276,0,1,0.3485300068716936,0.9985769,0.97942364,0.3592989
3277,0,1,0.04263115892364036,0.00055039703,0.00046113174,0.04241543
3278,0,0,0.001785506394652859,5.0667637e-10,1.5171501e-08,0.0022060282
3279,0,1,0.36464199429181565,0.7631564,0.3762824,0.3510722
3280,0,0,0.004683908927135321,2.2858841e-09,6.905969e-08,0.004961419
3281,0,1,0.2795272739855599,0.93732697,0.5175622,0.29072428
3282,0,0,0.009191631401254894,9.968976e-07,3.511941e-05,0.011120356
3283,0,0,0.0032482097123127263,1.8800768e-09,1.12120794e-07,0.003901466
3284,1,1,0.8905573384349259,0.99996436,0.99991715,0.8705344
3285,1,1,0.6036565344760665,0.998998,0.99429446,0.60831344
3286,1,1,0.5069678964226862,0.9982357,0.98361284,0.51238805
3287,0,1,0.003683507553458158,6.405909e-09,2.6660251e-08,0.004314534
3288,0,0,0.07394502916540996,0.004829969,0.0908804,0.07843626
3289,0,0,0.0062255246452298605,3.311953e-08,2.597719e-06,0.006738744
3290,0,0,0.09299492008024422,0.015607535,0.26462805,0.09593035
3291,0,1,0.31329594550097395,0.9909216,0.96003556,0.3175158
3292,0,1,0.2948147669301611,0.76356274,0.6214127,0.28924844
3293,0,1,0.13846677426621268,0.07436542,0.025677163,0.13993914
3294,0,0,0.0023901540965560247,9.592126e-11,1.9744464e-08,0.0025775332
3295,1,1,0.4929031161522894,0.99918574,0.99574107,0.49700078
3296,0,1,0.6189073106836943,0.99976784,0.9983911,0.6306712
3297,1,1,0.642086016634254,0.9997422,0.9983178,0.6479613
3298,0,0,0.0007942172217167908,2.7161196e-12,1.0072499e-10,0.0009484297
3299,0,1,0.02797236142483924,1.1480903e-05,3.984206e-06,0.028134339
3300,0,0,0.02102928907563952,3.671754e-05,0.0016310427,0.024092851
3301,0,0,0.01592788722402093,1.2324239e-05,0.00019090142,0.017339196
3302,0,0,0.5180239686954394,0.9970663,0.9999988,0.5068618
3303,1,1,0.35646931608073795,0.95165795,0.8544486,0.3567672
3304,0,1,0.03643484522686659,0.0005929103,0.00020589822,0.04107465
3305,0,0,0.5648056531716531,0.99990654,0.9999999,0.5632626
3306,1,1,0.8345828494624578,0.9999999,0.9999975,0.8386451
3307,0,1,0.04604780687380798,0.005446745,0.0018748759,0.05112151
3308,0,1,0.0033670148002491046,3.975297e-09,7.8062495e-10,0.0038926841
3309,0,1,0.023022707678744193,2.110737e-05,2.0277773e-06,0.023304245
3310,0,1,0.13458509153823242,0.21488917,0.06074432,0.13527465
3311,0,1,0.15741904239174473,0.4527946,0.07385191,0.1617621
3312,1,0,0.3265889682790001,0.97803485,0.99987316,0.33316156
3313,0,1,0.06769900467511615,0.01490343,0.0029045024,0.068786174
3314,0,1,0.6200725548119373,0.9993411,0.9960077,0.62441367
3315,0,0,0.2880479561222051,0.5196383,0.9986069,0.28559777
3316,0,0,0.13747319656097948,0.35628211,0.89292735,0.14408089
3317,0,1,0.0767050345436566,0.007007753,0.00044739837,0.07907429
3318,0,0,0.032225806255984694,5.8993537e-05,0.0009748274,0.03401474
3319,0,0,0.0036552432671935666,5.8652715e-11,2.169166e-09,0.003917647
3320,0,0,0.01948959813049149,3.9712973e-05,0.00055855524,0.021854933
3321,0,0,0.00022039731062061972,5.6197245e-14,7.302798e-13,0.0002635148
3322,1,1,0.7970344793271418,0.9999995,0.9999963,0.8194412
3323,1,1,0.8450106978955575,0.99999964,0.99999654,0.8545276
3324,0,1,0.04212775807467524,0.0020078744,0.0014521125,0.04943434
3325,0,0,0.01684352265881354,2.6840748e-06,6.7432324e-05,0.018654957
3326,0,0,0.0007588149566281979,1.599479e-13,3.235252e-11,0.0009254528
3327,0,1,0.16328418550732643,0.06984486,0.015316938,0.16832711
3328,0,1,0.07241601308743183,0.0026278144,0.0011047944,0.07581224
3329,1,1,0.33028365844952096,0.92050874,0.68024325,0.33434707
3330,0,1,0.03798796167591053,7.362187e-05,5.271237e-06,0.038729805
3331,1,1,0.33329671230038654,0.9616828,0.77479815,0.341298
3332,0,1,0.015065366781234924,6.2494496e-07,3.4631606e-07,0.015470831
3333,1,1,0.4141041916565998,0.938174,0.6939964,0.3866718
3334,0,1,0.5583195963536235,0.999799,0.9987081,0.5637725
3335,0,1,0.28789526774486146,0.6859983,0.112555824,0.2923152
3336,0,0,0.014340759528943424,1.4525989e-06,7.593162e-05,0.016391966
3337,1,0,0.02312096289991823,3.409374e-05,0.0009016598,0.024832299
3338,1,0,0.5181279384573542,0.9995198,0.99999833,0.51539147
3339,0,1,0.015033289106933133,3.487275e-07,1.4892656e-07,0.015370654
3340,1,1,0.9999999999999523,1.0,1.0,1.0
3341,0,1,0.891856598864207,1.0,0.9999999,0.893603
3342,0,1,0.32737089704890837,0.9777976,0.8660214,0.33048132
3343,0,1,0.004618827239677452,3.8799385e-08,1.1139649e-07,0.0054492103
3344,0,1,0.19504194920712756,0.38973087,0.10301993,0.20006627
3345,1,1,0.5338000792758263,0.9981066,0.9722534,0.5405148
3346,0,1,0.009503824994630554,5.0018688e-08,2.2015747e-08,0.009678381
3347,0,0,0.12969521565362696,0.3060954,0.9911732,0.12809454
3348,1,0,0.747575318287542,0.99999917,1.0,0.7530784
3349,0,1,0.011338298411176204,1.754708e-06,4.2559105e-07,0.01189688
3350,0,1,0.21263389327379112,0.763083,0.4334327,0.21661569
3351,0,1,0.017591556581807045,1.717007e-06,8.1037007e-07,0.018046578
3352,1,1,0.40124114486231166,0.928958,0.8476747,0.4044166
3353,0,0,0.5680936124003289,0.99998987,0.9999999,0.56461775
3354,1,1,0.43234651036709126,0.9941683,0.96882766,0.44169495
3355,1,1,0.3091845345096371,0.99084175,0.86439437,0.31630528
3356,0,0,0.026012691090851466,7.716451e-07,8.937703e-05,0.025549373
3357,0,1,0.30476861838176966,0.89608496,0.5969717,0.31133944
3358,0,1,0.014942897472897829,2.2654758e-06,1.7234692e-06,0.017223073
3359,0,1,0.012116088645850764,3.8194514e-07,1.4421524e-07,0.012373996
3360,1,1,0.9886721794975905,1.0,0.9999999,0.98276985
3361,0,1,0.28716930111960143,0.84593666,0.5400348,0.2899059
3362,0,0,0.055928893486856035,1.9538606e-05,0.0021879163,0.054075167
3363,0,0,0.006559543314549733,9.47807e-09,2.4777302e-07,0.007159818
3364,0,1,0.10916706456677777,0.0026041388,0.0008033836,0.11091015
3365,0,1,0.38979497216335746,0.9910704,0.88568354,0.40285504
3366,0,0,0.0180129249977603,5.0198844e-07,3.7520767e-05,0.018305283
3367,0,1,0.5510298249910442,0.998259,0.99152046,0.5637912
3368,0,1,0.0039004690582144508,2.8825105e-09,1.2500032e-08,0.0045399247
3369,0,1,0.12105128489151266,0.081034705,0.008773704,0.1264408
3370,1,1,0.9970807771506673,1.0,1.0,0.9955426
3371,0,1,0.10909554104399835,0.03247616,0.014967994,0.1111145
3372,0,1,0.3388611769132756,0.30333182,0.06822554,0.3188087
3373,0,0,0.0029612613641445294,3.6357888e-09,6.92384e-08,0.0033471389
3374,0,0,0.014280364263230358,5.5240685e-07,8.331176e-05,0.015851058
3375,0,0,0.13456165461962813,0.27974,0.74107176,0.14220925
3376,0,0,0.0750397097829805,0.013192718,0.2318184,0.08564178
3377,0,1,0.7198407905960799,0.9999733,0.999907,0.7237766
3378,0,1,0.11739544274451588,0.36069664,0.07865148,0.116196774
3379,1,1,0.259857566814445,0.8664687,0.54733646,0.26387462
3380,0,1,0.11013475851108717,0.0054311557,0.0009496925,0.11246408
3381,0,1,0.7808488795270098,0.99999595,0.99994576,0.78641444
3382,1,1,0.16574357312107973,0.2806384,0.10090908,0.16437945
3383,0,1,0.022338595471481846,9.1719684e-08,2.749616e-07,0.020528594
3384,1,0,0.17081122341995916,0.057582073,0.5689382,0.16192818
3385,1,1,0.9999999999999718,1.0,1.0,1.0
3386,1,0,0.6870899364971659,0.9999869,1.0,0.6838232
3387,0,1,0.2738999955240673,0.47635567,0.22614388,0.2851494
3388,1,1,0.7835525506174169,0.9999975,0.9999845,0.78877157
3389,0,1,0.01529737292803898,1.0274424e-08,6.61223e-09,0.015891172
3390,0,1,0.04096833260626425,6.780946e-06,7.5477334e-07,0.0316456
3391,0,1,0.012179287440356576,8.360076e-06,4.357969e-06,0.014751854
3392,0,1,0.0003059216247996853,3.4449045e-12,1.9230467e-13,0.00027661008
3393,0,0,0.11705718862572922,0.13589123,0.695851,0.12566927
3394,0,1,0.005930296115001452,1.5547034e-10,2.7928487e-10,0.005807508
3395,0,0,0.001503521507681155,1.2288447e-10,3.3171055e-08,0.0018949043
3396,0,1,0.7676879011419201,0.99999976,0.9999906,0.77341
3397,1,1,0.30923001051585675,0.045014024,0.027115755,0.26680064
3398,0,1,0.24422749290830498,0.7881674,0.46429566,0.24327475
3399,1,0,0.6056270564454213,0.9999734,0.9999994,0.61514306
3400,0,1,0.11774057463629543,0.017868996,0.00673884,0.12053606
3401,0,0,0.05751858973425163,3.3517073e-05,0.01857968,0.058097597
3402,0,0,0.0062945222658087295,3.9465007e-07,1.4779025e-05,0.0078037106
3403,1,1,0.8488029843890338,0.99997425,0.999779,0.8223421
3404,0,0,0.003975695839334548,5.8004807e-10,1.1356213e-08,0.00415447
3405,0,0,0.016361865156014406,3.1787856e-06,6.284634e-05,0.017406678
3406,0,1,0.30962536058008105,0.9573882,0.81568974,0.31148702
3407,0,1,0.01221181134194049,3.0108902e-07,4.823185e-08,0.012216001
3408,0,0,0.024985387545051616,2.5387477e-05,0.0005714467,0.02633588
3409,0,0,0.007490130807061722,1.751438e-06,3.8527283e-05,0.009178378
3410,0,1,0.720736592796901,0.99995613,0.9999422,0.7219
3411,0,0,0.013354906657259275,3.3811207e-07,4.1377775e-06,0.01417959
3412,0,1,0.46647764040136436,0.9904643,0.94615656,0.47212073
3413,0,1,0.08123670456993742,0.0005565709,0.0003332146,0.08477122
3414,0,1,0.584178264046382,0.9982262,0.99092275,0.5886945
3415,0,1,0.005178185660443799,1.4114694e-07,1.9443211e-08,0.0060481555
3416,1,1,0.8867696436109122,0.99999976,0.99999726,0.89060056
3417,0,1,0.12163204588205366,0.14064325,0.0435466,0.123215586
3418,0,0,0.02218204418468904,0.00043710935,0.0071622054,0.025196616
3419,0,0,0.01952971338367362,7.440847e-06,0.00020211769,0.02147546
3420,0,0,0.029328700665111375,1.4717042e-05,0.00034145365,0.031867143
3421,0,0,0.4486114858434262,0.9997571,0.99999857,0.44525155
3422,1,1,0.3553789782240205,0.9082439,0.79986846,0.35017005
3423,0,1,0.08468671215188889,4.6562993e-05,9.626221e-06,0.09014762
3424,0,1,0.00801494125930197,2.2442777e-08,1.4175365e-08,0.007913106
3425,0,1,0.004651913339669322,2.0152944e-08,7.9117235e-08,0.0054814005
3426,0,1,0.7657837547760724,0.99998844,0.9998977,0.76481014
3427,1,1,0.5767543501477534,0.999551,0.9956826,0.57664335
3428,0,0,0.11197578254602139,0.066937074,0.5382188,0.11365502
3429,0,1,0.3221711255185537,0.74826324,0.1466139,0.33029458
3430,0,1,0.11975257829581668,0.0104335155,0.00082331034,0.12011887
3431,0,0,0.004296440239893999,4.3721368e-08,1.1634921e-06,0.0051300037
3432,0,1,0.07380217720195065,0.003075057,0.0013645281,0.074984565
3433,0,1,0.006194766947353163,1.0371656e-07,7.76847e-08,0.0072642425
3434,0,1,0.0029311728528335747,4.384684e-10,2.303732e-10,0.0034297605
3435,0,1,0.42770325070166254,0.98901576,0.91510504,0.43451205
3436,0,1,0.002941051551562862,7.621507e-10,1.6232046e-10,0.0034165906
3437,0,1,0.1725946607232284,0.19962278,0.079568274,0.1784547
3438,0,1,0.17646727641167986,0.1899032,0.13753782,0.17482159
3439,0,0,0.008930535925227702,3.644462e-08,6.4346517e-07,0.009764474
3440,0,1,0.07361321974859847,8.1734084e-05,6.7259825e-05,0.07309288
3441,1,1,0.8665501531417903,0.9999914,0.9998549,0.83977205
3442,0,1,0.34427402527124873,0.97517645,0.91287607,0.35332844
3443,0,1,0.14741308757712415,0.12620582,0.030446252,0.15683252
3444,0,1,0.5661124469311477,0.9998288,0.99666613,0.5725609
3445,0,1,0.03698487037155013,5.613195e-05,1.6345843e-05,0.037345123
3446,0,1,0.08946728869678632,0.009082032,0.0026626457,0.089007095
3447,1,1,0.9992604556122489,1.0,1.0,0.99867153
3448,0,1,0.012079505612251233,2.7807257e-05,1.1758397e-05,0.014169508
3449,0,0,0.011851590549444697,1.05347844e-07,5.2749607e-07,0.012320946
3450,0,1,0.24423018685368858,0.7015463,0.2991935,0.25486788
3451,0,0,0.5913182503716845,0.9998752,0.99999964,0.589909
3452,0,1,0.02007565800338451,4.2368858e-05,1.771174e-05,0.022505732
3453,0,0,0.2698877438019437,0.855612,0.985402,0.27399242
3454,0,0,0.00016157215813273156,3.3489688e-15,4.7683882e-14,0.00028725804
3455,0,0,0.07015543134738311,0.01485036,0.14530177,0.07839911
3456,0,0,0.07343476548697953,0.00047394735,0.039801344,0.07394364
3457,0,0,0.0202506589176819,2.3899907e-05,0.00085734087,0.023315541
3458,0,0,0.0006833566678713741,4.956978e-14,7.574963e-12,0.00081310316
3459,1,1,0.6340013558626155,0.99993,0.9990823,0.64015436
3460,1,0,0.480189811635917,0.99986184,0.99999917,0.4750063
3461,1,1,0.7551347665129516,0.9999342,0.99949765,0.74303037
3462,0,1,0.05695430866676086,0.0022142427,0.002614078,0.063226216
3463,0,0,0.01659613124091551,0.000758686,0.008196387,0.012723942
3464,0,0,0.037259077650981506,1.4165524e-05,0.00036276827,0.03968948
3465,0,1,0.025294468254639827,0.0013660796,0.00031082972,0.04143533
3466,0,1,0.012856241230498992,7.0937062e-06,9.823766e-07,0.015160546
3467,0,0,0.04473723187840635,0.064356185,0.54689103,0.0792816
3468,0,0,0.0006284853781949032,1.8307582e-12,4.984518e-11,0.0007725735
3469,1,1,0.7448332025429572,0.9999987,0.99997985,0.7485282
3470,0,0,0.006710769012163995,1.3400343e-07,4.28589e-06,0.008622466
3471,0,1,0.0790136879783315,0.005302468,0.0043011275,0.08153873
3472,0,1,0.2805086124351469,0.9067744,0.60828716,0.28392506
3473,0,1,0.012291200926539793,3.916319e-07,5.696841e-08,0.012363762
3474,1,1,0.10624594886642807,0.010752576,0.004582054,0.10542903
3475,1,1,0.5812639376584045,0.99979067,0.9994561,0.591615
3476,1,0,0.2867494631569307,0.9714456,0.99841154,0.30074033
3477,0,1,0.025217613812599696,6.872197e-05,1.2596251e-05,0.027644219
3478,0,1,0.2911439041995211,0.91433257,0.6423786,0.29675767
3479,0,0,0.014300473232025735,1.443249e-09,6.5534215e-07,0.013672055
3480,0,1,0.03553374215681438,6.404864e-05,2.5767618e-05,0.036139928
3481,0,0,0.29176555675743054,0.6081177,0.99054986,0.3048769
3482,0,1,0.0014183168204716815,1.1366249e-11,2.7958306e-12,0.002465201
3483,1,0,0.4169346216054024,0.7312621,0.9632364,0.3473003
3484,1,1,0.41257610368843,0.99818295,0.98169553,0.43091244
3485,0,0,0.0721747948997049,0.011842636,0.27488476,0.08018634
3486,1,1,0.24634308668557725,0.74284536,0.30030522,0.25118586
3487,1,1,0.7093349110625143,0.9999869,0.99985814,0.71474785
3488,0,1,0.09281095279840607,0.0006825481,0.00020450147,0.09304455
3489,0,1,0.011618877925795277,4.440867e-06,2.4441515e-06,0.013392168
3490,0,0,0.03831509081952556,5.9204645e-05,0.0011467066,0.03975887
3491,0,0,0.6934474345441087,0.99998224,1.0,0.6871883
3492,0,1,0.484192875881014,0.924793,0.7532726,0.46199897
3493,0,0,0.0008061528365954285,9.218581e-13,1.7547035e-11,0.0008548932
3494,0,0,0.0011288986950904127,1.3246056e-11,1.4545871e-10,0.0013953183
3495,0,1,0.05770442957472966,0.0017076975,0.0008044768,0.059299033
3496,0,1,0.0015958496213615927,1.2577314e-10,7.2677184e-11,0.0018847964
3497,1,1,0.35446495361019453,0.97091615,0.8637286,0.35552573
3498,0,1,0.23203269014871392,0.7813831,0.52975947,0.23008186
3499,0,1,0.009457605494259906,2.535458e-06,1.4298723e-06,0.011135431
3500,0,1,0.04473944431787813,0.0005101407,0.00015818035,0.04510961
3501,0,0,0.14531977387680053,0.1593767,0.59175575,0.15216902
3502,0,0,0.07384386259706188,0.006365063,0.20736547,0.07751188
3503,0,1,0.8162714256846495,0.9999982,0.9999894,0.8224259
3504,1,1,0.17542684402455766,0.2548816,0.13872948,0.18072101
3505,0,1,0.20488044938119937,0.35052127,0.16715817,0.20612702
3506,0,1,0.1564057603183886,0.38902837,0.094559364,0.15904385
3507,0,1,0.0009948545165851502,4.8538153e-12,1.1448008e-12,0.0011647042
3508,0,1,0.04358476108226846,0.00013744294,0.00021163459,0.043654
3509,0,0,0.014469883354917347,6.5130007e-06,0.00015452625,0.017661383
3510,0,0,0.06238191561640413,0.0020221646,0.09896703,0.06552627
3511,1,1,0.8164146450842749,0.9999989,0.99998236,0.820605
3512,1,1,0.9979048961449556,1.0,1.0,0.99683005
3513,0,0,0.39822470883954897,0.9993593,0.99999666,0.40601796
3514,1,1,0.916334869109601,1.0,1.0,0.9193352
3515,1,0,0.42927590548316313,0.99759215,0.9998487,0.5738997
3516,0,1,0.014928531909806215,1.5021835e-06,6.483079e-07,0.015386638
3517,0,1,0.43732833352801614,0.9795405,0.89430904,0.44679832
3518,0,1,0.2665680926829161,0.09849824,0.017096901,0.2829123
3519,0,1,0.0027442580702664223,6.460869e-09,1.0557686e-09,0.003194291
3520,1,1,0.9923173588854441,1.0,1.0,0.9882857
3521,1,1,0.6466155948711978,0.9964208,0.9816939,0.6147891
3522,0,1,0.02477981417138456,2.582715e-06,1.1113284e-06,0.02490579
3523,0,0,0.10791645966273815,0.039679684,0.36241812,0.114039615
3524,0,0,0.15978812041458268,0.5554477,0.96800697,0.16696648
3525,0,1,0.008318205280525957,1.516575e-06,8.282831e-07,0.009720183
3526,0,1,0.011012228631684452,2.5359408e-05,1.3996581e-05,0.013295951
3527,0,1,0.1938805469421046,0.27687937,0.077305764,0.19700414
3528,0,0,0.0034635083359883015,7.7353866e-07,7.2847706e-07,0.0028979296
3529,0,1,0.06391425836351929,0.018012041,0.010739782,0.073447086
3530,0,1,0.10369923636567425,0.005405433,0.0017585141,0.10549282
3531,0,1,0.007324467909012367,4.458123e-08,2.042452e-08,0.0075707645
3532,0,1,0.581987510910192,0.9999622,0.9986603,0.589252
3533,1,1,0.4703496290128136,0.9983525,0.9817467,0.4768351
3534,1,1,0.63506546229223,0.9998807,0.9985234,0.6465895
3535,1,1,0.999999999999863,1.0,1.0,1.0
3536,0,0,0.02072177194066202,6.1732615e-05,0.001436179,0.022972377
3537,0,1,0.1464802766413533,0.16517976,0.07159126,0.14966787
3538,1,0,0.1118954379360513,0.0072893603,0.10854342,0.119113244
3539,0,1,0.7337532239129776,0.99997723,0.9999037,0.73347783
3540,0,1,0.5497282435473047,0.9994367,0.99050575,0.56097466
3541,0,0,0.09290431048056615,0.020546531,0.44920957,0.09781202
3542,0,1,0.23065114628179822,0.70638,0.30869395,0.23526959
3543,0,0,0.04246961044349272,2.8526782e-05,0.00082764996,0.045971666
3544,0,1,0.5663800546327121,0.999514,0.9954745,0.57252425
3545,0,1,0.2591170438601024,0.7913201,0.3719195,0.2619658
3546,0,1,0.07577561271166335,0.00958247,0.0013850181,0.07532921
3547,0,0,0.0306764580540574,0.0010062673,0.02001555,0.037472542
3548,0,1,0.007685318972519447,2.7013134e-06,1.1603761e-06,0.009053591
3549,0,1,0.07092974509246673,9.696032e-06,3.1796715e-06,0.07328487
3550,0,0,0.01045268598615148,2.0602995e-06,3.9338684e-05,0.011733614
3551,0,1,0.16400423937454656,0.030538015,0.008945264,0.16605872
3552,0,1,0.047243339917415854,0.0007731105,2.951017e-05,0.048372105
3553,0,1,0.0015306380623799289,8.019961e-12,4.5446984e-12,0.0015689312
3554,0,0,0.019930069774393495,4.6533933e-06,8.044009e-05,0.021521427
3555,1,1,0.24051862691622902,0.80333054,0.30629104,0.2502775
3556,0,0,0.0017467131208608842,6.473765e-11,2.51972e-09,0.002238363
3557,0,0,0.5654627484103435,0.9996033,0.9999994,0.5716063
3558,0,0,0.1731367441574229,0.16272518,0.705011,0.1785328
3559,1,1,0.5259899010481347,0.9991289,0.9935997,0.53087837
3560,0,0,0.02455101090408801,0.00052455586,0.016124511,0.03056735
3561,0,1,0.8700205332016565,1.0,0.9999995,0.8706649
3562,0,0,0.014113437301984139,2.1667229e-06,6.0272196e-05,0.015627768
3563,1,0,0.2853842307202839,0.81575185,0.98905087,0.28938437
3564,0,0,0.0015172197531253208,1.2567243e-10,5.1186753e-09,0.0018599303
3565,0,1,0.07968285397519956,0.007991487,0.003613116,0.08163851
3566,1,1,0.908414446165808,0.9999957,0.9999776,0.89613044
3567,0,1,0.23394323217176569,0.72977215,0.2807378,0.23921576
3568,0,0,0.005276318187476974,1.511417e-08,4.253046e-07,0.0057638986
3569,0,1,0.2975871017768912,0.96414685,0.7197538,0.30437624
3570,0,0,0.015368954597756484,6.715125e-06,0.00017319764,0.016686803
3571,0,1,0.0011297570660400603,3.5252346e-11,1.6095317e-10,0.0013259869
3572,0,1,0.55949907513194,0.9998051,0.99825877,0.5685002
3573,1,1,0.5417442917317831,0.9994239,0.997288,0.56729245
3574,0,1,0.1274094394204873,0.020938741,0.0069654807,0.12710099
3575,0,1,0.004720798419717125,5.686603e-08,1.47274015e-08,0.008061671
3576,0,1,0.014447437527443959,4.928352e-06,2.8398863e-06,0.017143093
3577,1,1,0.7471753667564552,0.9999919,0.99996495,0.75316346
3578,0,1,0.5482009168059591,0.9992906,0.9950813,0.55259687
3579,0,0,0.13005970936948152,0.07241063,0.6574119,0.13222376
3580,0,1,0.0028149897645698713,7.40892e-09,1.4637863e-09,0.003262141
3581,1,0,0.6120768939633379,0.99966335,0.9999987,0.61236733
3582,0,1,0.186241258411917,0.4367188,0.23141241,0.18159318
3583,0,1,0.26989665611563834,0.9089129,0.5153266,0.26985034
3584,0,0,0.0032170194436875214,1.5481018e-10,5.09417e-09,0.003416422
3585,1,1,0.8538209247063953,0.99999714,0.99999094,0.85877687
3586,1,1,0.7331152027905755,0.99999046,0.9999232,0.73844075
3587,0,1,0.005985005888762723,1.7058287e-07,6.332657e-07,0.007081004
3588,0,1,0.0032745937564222245,2.4584044e-09,7.230446e-10,0.0055583077
3589,0,0,0.012209526716406838,1.5001062e-06,2.5203297e-05,0.013249304
3590,0,0,0.3567184630920348,0.9988225,0.99999475,0.3537974
3591,0,1,0.014716859941133123,9.563588e-06,4.026722e-06,0.01718402
3592,0,0,0.008110054373954373,6.188103e-07,1.17859245e-05,0.010051505
3593,0,1,0.0823317352728074,0.006983678,0.0036737341,0.083602995
3594,0,1,0.038722470825277036,0.00046282166,0.00017204319,0.041086417
3595,1,1,0.8700614018243187,0.99717546,0.9807952,0.8397977
3596,0,1,0.006742406006969998,7.266565e-08,3.01677e-08,0.0067778933
3597,0,1,0.03661012824337932,2.2245895e-06,1.6607161e-06,0.038528502
3598,0,1,0.34943880464258753,0.9460946,0.75443465,0.35798514
3599,0,1,0.1949212050787435,0.2566721,0.05140214,0.20108029
3600,0,1,0.27616278916779463,0.91295785,0.5543599,0.29001153
3601,0,1,0.273699275355177,0.9205361,0.3812278,0.2819928
3602,0,0,0.03884502222981753,0.00026541748,0.006437273,0.04291644
3603,0,0,0.18599107279863228,0.3775122,0.8389002,0.19131127
3604,0,1,0.05288629702589542,0.0031185332,0.00047034354,0.054037824
3605,0,0,0.11831440955411793,0.14849065,0.75271714,0.12667261
3606,0,0,0.06475354251767099,0.00014455165,0.007677665,0.067658246
3607,0,1,0.0037005918599059603,3.361894e-09,2.069434e-09,0.004336119
3608,0,1,0.4285603468460989,0.9940415,0.96246356,0.43551818
3609,0,0,0.01474098068543393,1.4653841e-07,3.240338e-06,0.01576444
3610,0,0,0.02977503698012533,7.1068585e-05,0.0008599184,0.033011977
3611,1,1,0.36977881831758863,0.99911255,0.99189126,0.3701372
3612,0,0,0.028601754305586206,5.9039294e-06,0.00050814176,0.029679501
3613,1,1,0.3268553073286017,0.9979298,0.9817027,0.34906155
3614,0,1,0.7306487187658367,0.9999802,0.99988425,0.73143095
3615,0,0,0.002052723265169177,1.4506869e-09,1.6567377e-07,0.0024840366
3616,0,1,0.17575776984241695,0.1861763,0.21545506,0.17597213
3617,0,0,0.0351461902768838,3.9679966e-05,0.0017527895,0.038381398
3618,0,1,0.7481089133153167,0.999966,0.99982727,0.7495746
3619,1,0,0.3600493912306174,0.9965914,0.9999908,0.36302507
3620,0,0,0.02350019489336441,3.8783182e-05,0.08547979,0.02257183
3621,0,0,0.06871055973690936,0.0029986582,0.052323077,0.07391481
3622,1,1,0.8139992773104213,0.9999981,0.99998176,0.8196259
3623,0,1,0.1970749195398047,0.14941305,0.05275072,0.19929606
3624,0,1,0.5978726394981664,0.9999716,0.99898213,0.6041346
3625,1,1,0.9461406943097415,0.99999964,0.9999988,0.9326227
3626,0,1,0.3143221850430366,0.97601867,0.93336886,0.31877396
3627,0,1,0.34270147405900925,0.9715328,0.90505326,0.35118657
3628,0,1,0.009566887249392367,7.273691e-07,2.0846533e-06,0.011465591
3629,0,0,0.002549746666474933,1.980945e-09,4.6491388e-07,0.0031293512
3630,0,1,0.32951358301312605,0.9825886,0.8346448,0.33527535
3631,1,1,0.7140010618827016,0.999969,0.9997796,0.71749824
3632,1,0,0.9386836108444921,0.9999238,0.9999975,0.91283333
3633,1,0,0.9739089970783715,1.0,1.0,0.9656412
3634,0,1,0.028408411770564267,0.00025052667,7.547538e-05,0.047453422
3635,1,1,0.9967012000254308,1.0,1.0,0.99494237
3636,1,1,0.3828018091506616,0.99710435,0.9673872,0.3891721
3637,0,0,0.12913084598433777,0.36426198,0.9159597,0.13511424
3638,1,1,0.06219487643692001,0.00015709976,9.3171075e-05,0.061173145
3639,0,0,0.0035642509532896344,8.012848e-09,2.5021694e-07,0.004362546
3640,0,0,0.12296934560876871,0.019460632,0.41382694,0.12355894
3641,0,1,0.002700894329324291,2.1272947e-10,8.3466417e-10,0.003163601
3642,0,1,0.0921370970545545,0.059257388,0.015040164,0.09512586
3643,0,1,0.010505442845142234,2.0856496e-06,1.3469919e-06,0.011917358
3644,1,1,0.7435726799908432,0.99998224,0.99993134,0.7502273
3645,0,1,0.6532046177563896,0.9999088,0.9996862,0.65992856
3646,0,1,0.6996293174634562,0.99999714,0.9999808,0.7223021
3647,0,1,0.8664875046149328,1.0,0.9999994,0.86913234
3648,0,0,0.08743973742785381,0.00029467323,0.0059521636,0.0861435
3649,0,1,0.03539449479839013,3.7290104e-06,7.17332e-06,0.034460317
3650,0,0,0.014335446819202255,3.0851281e-06,5.684532e-05,0.015223338
3651,0,0,0.20632094531336598,0.689432,0.9997619,0.20363696
3652,1,1,0.6803903426824056,0.9999317,0.9993162,0.68714714
3653,0,1,0.37404884379901115,0.99684274,0.9503276,0.38269022
3654,0,0,0.8078403621676687,0.9999995,1.0,0.7888968
3655,1,0,0.5340408125775685,0.9992112,0.99999857,0.53416824
3656,0,0,0.028265675711972946,9.52525e-06,0.0022496425,0.031068888
3657,0,1,0.4038457841103761,0.99653906,0.95598316,0.41262326
3658,1,1,0.551951860529541,0.9990497,0.9956297,0.55996567
3659,0,1,0.003723024493544253,5.816981e-09,2.5608756e-08,0.004342192
3660,0,1,0.1540353404707761,0.039624043,0.0043257186,0.14932834
3661,0,1,0.061017080550234616,0.014548672,0.0020816529,0.098720714
3662,1,1,0.35403074896644254,0.9832257,0.8975536,0.35688192
3663,0,1,0.10870123069805478,0.014359513,0.0009804267,0.11132472
3664,1,1,0.6111721466624636,0.998735,0.9988721,0.5612865
3665,0,1,0.01186460748934181,8.102717e-06,3.4316233e-06,0.0134452265
3666,0,1,0.1479665639693918,0.07158416,0.0059241657,0.14867865
3667,0,0,0.049524217013868284,5.003028e-05,0.0011586518,0.051000077
3668,0,1,0.011418323380692263,1.01807736e-07,4.5064088e-08,0.011474707
3669,0,1,0.5350655474490934,0.99794763,0.98836654,0.55009943
3670,0,0,0.005147492036447658,2.163134e-09,3.990348e-07,0.005501486
3671,0,0,0.0015964263259045858,5.348383e-11,1.3985308e-08,0.001956283
3672,0,1,0.21626600332364934,0.50005573,0.15559816,0.21985304
3673,0,0,0.0010988404012804709,2.9939e-11,1.2188544e-09,0.0013269053
3674,0,0,0.07552718328510806,0.0022475275,0.035210934,0.08244978
3675,0,1,0.07642506757536018,0.004223273,0.0014442509,0.07940879
3676,0,1,0.08126247760300537,0.031926624,0.0030014392,0.08025077
3677,0,1,0.08544143617535324,0.01052624,0.0031832505,0.08693646
3678,0,0,0.03806145818190654,0.0004507781,0.004273247,0.041044526
3679,0,0,0.15467754821119625,0.20757848,0.7150289,0.16309823
3680,0,0,0.45248561714513263,0.99975544,0.99999905,0.45410573
3681,1,0,0.06108613615589456,0.0010393496,0.013850147,0.062169805
3682,0,1,0.3027911393217364,0.9743662,0.9405724,0.32579076
3683,1,1,0.21767650827808893,0.6134278,0.38015416,0.22278397
3684,0,1,0.2113144963585979,0.24436547,0.10194063,0.21025363
3685,1,1,0.7027583070993397,0.9999833,0.99987507,0.7061538
3686,1,1,0.6497514629106462,0.99979043,0.9985343,0.65833074
3687,0,0,0.09758894964197953,0.0040034163,0.1257039,0.1030834
3688,0,1,0.08848035505193158,0.0021922626,0.0013926446,0.08393235
3689,0,1,0.0037230044513767453,1.3366604e-08,1.1395676e-09,0.0062349983
3690,1,1,0.278411088129765,0.60760784,0.3318061,0.2834639
3691,1,1,0.764312235633347,0.9999949,0.999907,0.76954293
3692,0,1,0.04306188130398775,0.0021479945,0.0005930097,0.044094905
3693,0,1,0.04683246980346494,0.00011930754,2.8690009e-05,0.04863887
3694,1,0,0.2719096948335747,0.000113728915,0.0037250041,0.13255936
3695,0,1,0.09101422754120464,0.11068,0.020184249,0.09141527
3696,0,0,0.0008363397258734494,1.0415142e-12,3.7951545e-11,0.0010416385
3697,0,1,0.007126333999611482,7.093748e-07,4.1193877e-07,0.008387914
3698,1,1,0.8414753759290352,1.0,0.99999976,0.8459804
3699,0,1,0.028271038807872274,1.319112e-05,4.1591302e-05,0.028054887
3700,1,1,0.9610335377470438,1.0,1.0,0.9627208
3701,0,1,0.004763590899630917,1.8911296e-08,7.912509e-08,0.0055812304
3702,1,1,0.7895750415109002,0.9999957,0.99997616,0.7947812
3703,0,0,0.032589779405606714,3.7156966e-05,0.00084878854,0.03424132
3704,0,1,0.278364125447467,0.996114,0.9640759,0.29501262
3705,0,0,0.00666271299777527,1.4137922e-06,3.5027828e-05,0.008184968
3706,1,1,0.6634696089533557,0.9952912,0.9842712,0.6294769
3707,0,1,0.5931277393718141,0.9997821,0.9984462,0.593018
3708,0,1,0.0023835076361913613,2.5909908e-10,5.196293e-11,0.0028001054
3709,0,0,0.03249771837255428,4.270636e-05,0.0021617303,0.03399219
3710,0,0,0.0043313416776939485,1.5271481e-09,2.5818827e-07,0.004640784
3711,1,0,0.9565518789381274,0.9998348,0.999997,0.9375139
3712,0,0,0.04367067783931504,0.0027379796,0.030891184,0.048902582
3713,0,1,0.0028187338433542947,1.8700264e-10,4.383771e-11,0.0029068221
3714,0,1,0.7494686195687379,0.99999166,0.9999242,0.75321525
3715,0,1,0.7188415223420614,0.99988496,0.99826175,0.72738564
3716,0,0,0.016766146356887758,6.2169966e-06,0.00014874229,0.018508611
3717,0,0,0.021955989102037207,4.078285e-05,0.00066622655,0.023425786
3718,0,0,0.011035626414840044,7.848822e-08,2.2491688e-06,0.011571836
3719,0,1,0.0021471253464868337,1.4308918e-10,4.2206745e-11,0.0036207908
3720,1,1,0.7052177688415695,0.9999696,0.9997664,0.71036184
3721,0,0,0.07763017954670579,0.0023706194,0.030901058,0.08327317
3722,0,0,0.38687344833447324,0.99593437,0.9999871,0.39007393
3723,0,1,0.040983985490603655,0.0003586431,0.00011095217,0.041585762
3724,1,1,0.9563253400841472,0.99999976,0.99999917,0.9476159
3725,1,1,0.6886974575787199,0.99997544,0.99967736,0.6947809
3726,0,1,0.041184183206721764,0.00032097477,7.79428e-05,0.039906107
3727,0,1,0.0759451650226051,0.008633038,0.0029209643,0.0743409
3728,0,1,0.1342335483329138,0.034609463,0.012717894,0.13247555
3729,0,0,0.008509795558824782,2.4436607e-08,2.99894e-07,0.008957016
3730,1,1,0.7599563098930214,0.9999956,0.99995244,0.7647847
3731,0,1,0.6311497146548288,0.99996865,0.99952465,0.6358554
3732,1,0,0.6156403899856032,0.9998399,0.99999964,0.6145065
3733,1,1,0.18437779788729158,0.051381603,0.051246714,0.1735835
3734,0,1,0.5456176861574896,0.9929924,0.99146104,0.54618156
3735,0,0,0.06410655291891224,0.0002232705,0.005791039,0.061625823
3736,1,1,0.9224183599004957,1.0,0.9999999,0.9233383
3737,0,1,0.03893769516372123,0.0004345439,0.0003449627,0.03911539
3738,1,1,0.2630678788037431,0.8590907,0.505723,0.26694795
3739,0,1,0.16611682332907504,0.07975149,0.06023784,0.16325232
3740,1,1,0.7649831421089263,0.99999845,0.9999788,0.77430356
3741,0,1,0.1720498222175025,0.15546806,0.028433912,0.17910047
3742,1,1,0.796822367225283,0.99998343,0.9999485,0.8035489
3743,0,1,0.36077207880346424,0.99080396,0.9209248,0.36433578
3744,0,1,0.20116284507805182,0.1714374,0.12560457,0.19941321
3745,1,1,0.40922448822314333,0.98288494,0.88837445,0.41253373
3746,1,1,0.5567975721108939,0.9999411,0.99945015,0.5614256
3747,0,0,0.01043515190218373,1.7807169e-07,8.246124e-06,0.01136742
3748,0,1,0.004174923464063843,2.079342e-08,6.547637e-08,0.004932358
3749,0,1,0.6212208827310044,0.99885917,0.9962018,0.6302331
3750,0,1,0.12076266499593102,0.0011672499,0.0006448031,0.11460737
3751,0,1,0.14519049298106504,0.03868092,0.010652371,0.14576255
3752,0,1,0.3589862231942359,0.38127914,0.14789534,0.34220818
3753,0,0,0.022838637554435628,4.308721e-05,0.0016182809,0.027304234
3754,1,1,0.9974263608425213,1.0,1.0,0.99601847
3755,0,0,0.04243065963512805,0.00024019956,0.49301013,0.041791987
3756,0,0,0.024144008496048495,3.090403e-05,0.001714582,0.026157465
3757,1,0,0.08024873362180718,0.16910647,0.88110644,0.09485568
3758,0,1,0.10191152096805033,0.035715293,0.005297938,0.102306545
3759,1,1,0.8552421611917378,0.9999846,0.9999007,0.8293201
3760,0,1,0.05207747668897342,0.0001804549,0.00010709722,0.04979957
3761,0,1,0.014100461473399065,1.6211365e-08,3.0681136e-08,0.014417479
3762,1,1,0.43699377598134215,0.9998046,0.99764663,0.44097123
3763,0,1,0.7133065115014133,0.9999993,0.9999802,0.7190011
3764,0,1,0.0712947735705233,0.0018846724,0.00050804566,0.071061455
3765,0,1,0.007049848438842829,2.0270242e-07,1.7035049e-08,0.011822959
3766,1,1,0.6408672810861542,0.9993507,0.98723954,0.65043694
3767,0,0,0.03095409793604566,0.00067225256,0.011127904,0.034997337
3768,0,0,0.015612389248209483,5.064463e-06,0.00014535815,0.017740445
3769,0,1,0.06958300881943488,0.0013646712,0.0005214765,0.069015495
3770,0,1,0.0035303736394734038,2.5381943e-09,9.888169e-09,0.0041662087
3771,0,1,0.41225775680274956,0.9910869,0.916995,0.4229496
3772,0,0,0.01525821597670058,1.8672035e-06,1.51407385e-05,0.016104966
3773,1,1,0.6015982931009654,0.9997379,0.99794465,0.61179936
3774,0,0,0.00522067899839449,3.5866854e-09,7.204805e-07,0.0056838533
3775,0,1,0.24547473450223173,0.7127208,0.21828979,0.2527595
3776,0,1,0.5854408248235414,0.9999379,0.9991572,0.591196
3777,0,1,0.26595980437283384,0.83902305,0.40838954,0.272561
3778,0,0,0.02462788032278707,1.1513098e-06,3.0255169e-05,0.025274517
3779,0,0,0.001146231598070026,3.7495215e-12,7.3658146e-10,0.0012155019
3780,1,1,0.6650573118073192,0.9999888,0.99997115,0.68291706
3781,0,1,0.00840089590212748,5.254005e-08,1.6635038e-08,0.009663871
3782,0,1,0.3960074287611038,0.9790891,0.932539,0.39424726
3783,0,1,0.15462746329218288,0.29916802,0.0671594,0.15290353
3784,1,1,0.196463729101916,0.29118976,0.08869661,0.19922979
3785,0,1,0.2688136255182223,0.80293226,0.51765126,0.2723149
3786,0,0,0.011877634623877111,8.0731695e-07,1.7291197e-05,0.012961366
3787,0,1,0.023204489761915467,9.835634e-05,4.824768e-05,0.02683598
3788,0,0,0.003646080199654518,8.48302e-09,2.6836423e-07,0.004451882
3789,0,0,0.06422463435742576,0.0029210031,0.08223495,0.06860309
3790,1,1,0.592691264842801,0.90178794,0.81889004,0.5332965
3791,0,0,0.053132595258296174,0.0041358056,0.06942709,0.057325274
3792,1,1,0.34806219383319753,0.91878337,0.64846635,0.35534674
3793,0,1,0.1002781460828016,0.0007307391,0.00016193722,0.10001809
3794,0,0,0.10058102610401143,0.09429887,0.5370189,0.1033295
3795,0,0,0.07667105956751862,0.0044935094,0.08441935,0.080534935
3796,1,0,0.17830294289637452,0.06416143,0.78891116,0.1773723
3797,1,1,0.7495990611915033,0.99999905,0.9999894,0.75447243
3798,0,1,0.0009188925808426261,1.6660344e-12,1.1982911e-12,0.001080987
3799,0,0,0.004150578951974082,9.066249e-09,3.3319884e-07,0.005031738
3800,0,1,0.004428268463698605,1.0190575e-09,5.411647e-10,0.005223978
3801,0,1,0.005444956644888265,1.31615066e-08,7.219632e-09,0.006340631
3802,0,1,0.020315189538792876,6.6446314e-06,2.2840695e-06,0.021036955
3803,1,1,0.9930961386540836,1.0,1.0,0.98939896
3804,0,1,0.34708441073835306,0.9258929,0.67886454,0.35156474
3805,1,1,0.5439545081979759,0.99904245,0.99704885,0.53189427
3806,0,0,0.0801827372358447,0.014383911,0.18603693,0.08019784
3807,0,1,0.02290808990448611,3.3516953e-06,1.7105432e-06,0.022647172
3808,0,1,0.01597005807492953,1.3286518e-05,5.2891232e-06,0.01812322
3809,0,1,0.3107966230751671,0.106008105,0.04572172,0.2951028
3810,0,1,0.024898506702671568,3.3459113e-05,1.8283983e-05,0.025264045
3811,0,0,0.016235477551431374,2.2920753e-05,0.001068406,0.018020531
3812,0,1,0.07669030286982856,0.0017606047,9.056079e-05,0.07889538
3813,0,0,0.062252711724056,0.0052095805,0.08315756,0.06615532
3814,0,1,0.6694894960784188,0.9994906,0.99879265,0.6692237
3815,0,1,0.11667458652637462,0.046752516,0.021749556,0.12024135
3816,0,1,0.00046689230818205605,7.664817e-14,2.3443078e-14,0.0007942584
3817,1,0,0.1386911590858896,0.043400876,0.96145743,0.14110103
3818,1,1,0.3308068248805974,0.96353656,0.8352101,0.33415946
3819,0,0,0.0012781681359365137,3.556346e-12,9.59872e-10,0.0013258354
3820,1,1,0.6634405654289798,0.9999316,0.99969786,0.6707724
3821,0,0,0.008730167324894124,1.9461206e-08,7.4860696e-07,0.009449795
3822,0,0,0.010543736002601866,4.0667414e-06,0.00012374856,0.012863669
3823,0,1,0.012763353435509526,7.5443113e-06,3.5580267e-06,0.014809169
3824,1,1,0.5167223131561316,0.9999243,0.99903685,0.5135112
3825,1,1,0.255308692350178,0.88347644,0.37066773,0.2666119
3826,1,0,0.0433823791034408,0.00012013293,0.001457104,0.044735663
3827,0,0,0.010616310540492386,3.1241166e-07,1.0481553e-05,0.011445104
3828,0,1,0.05957836945113571,0.00035143894,0.00012311051,0.060063716
3829,1,0,0.533083369666316,0.99954087,0.99999845,0.526077
3830,0,0,0.062210577126914995,0.08266599,0.65791166,0.0756256
3831,0,1,0.011563721600408377,1.2813528e-07,4.9063775e-08,0.011680838
3832,1,1,0.7831257123437936,0.9999999,0.9999988,0.78726053
3833,0,0,0.17984668687867442,0.021923702,0.32104358,0.17522103
3834,1,1,0.6404508495815794,0.9999459,0.99975914,0.6478513
3835,0,1,0.07868571177414511,0.00042325121,5.4578344e-05,0.08293266
3836,0,0,0.08228786463411002,0.008770366,0.21475261,0.08774253
3837,0,0,0.06492532450243656,0.00139504,0.028526423,0.06865411
3838,1,1,0.08359870383737947,0.008925781,0.002081771,0.08253428
3839,0,0,0.19574826797692443,0.11011049,0.6602681,0.18471749
3840,0,0,0.07217464026733314,0.034241684,0.41409683,0.08286341
3841,1,1,0.3601441340400577,0.9904305,0.8948589,0.36591548
3842,0,1,0.07229918883141148,0.015647711,0.004479298,0.073169455
3843,0,1,0.021485006891326323,0.00033675338,0.00011374539,0.024907378
3844,1,1,0.6625987059025553,0.99632365,0.9859587,0.63548636
3845,0,0,0.012003300840323005,6.83598e-07,2.2602795e-05,0.012522889
3846,0,1,0.0783966769583809,0.02825837,0.009824696,0.07831945
3847,0,1,0.0008175326449442356,4.9945382e-15,1.17750675e-14,0.0012816894
3848,0,0,0.6147845359492865,0.99977195,0.99999905,0.61796945
3849,0,0,0.00259953377648717,1.048374e-09,1.9183183e-08,0.004756378
3850,0,1,0.020084903302250837,5.051473e-06,2.0031366e-06,0.021280572
3851,0,0,0.00105713398463639,1.8459795e-12,7.424673e-11,0.0012846496
3852,1,1,0.7980954496652697,1.0,0.9999994,0.8105168
3853,0,1,0.0031675635236918,1.7227833e-08,1.1183349e-08,0.0037064499
3854,0,1,0.03546893428658806,0.000110125584,3.4914305e-05,0.0351822
3855,0,1,0.7170535832490099,0.99997354,0.9998622,0.69749784
3856,0,1,0.0028247106093516176,5.421351e-09,4.8494053e-10,0.004751307
3857,0,1,0.1691467098284724,0.086279,0.01870327,0.17414016
3858,0,1,0.011023638286603325,6.87709e-08,3.4953054e-08,0.011218729
3859,0,1,0.0009637891807727852,5.3745616e-11,1.3051718e-11,0.0015880791
3860,1,1,0.9950268863371037,1.0,1.0,0.99234927
3861,1,1,0.894705985854396,0.9999789,0.9999217,0.8722996
3862,0,0,0.002594143041100373,3.886379e-10,6.6467784e-08,0.0028501032
3863,1,1,0.30896704905467803,0.9294192,0.59443265,0.315781
3864,1,1,0.7472159178250106,0.9999993,0.99998903,0.7531321
3865,0,0,0.001612577503656402,6.5651946e-12,1.928163e-09,0.001743503
3866,0,1,0.021822105207544344,0.00033159426,0.00013918834,0.02125855
3867,0,0,0.03485843402260914,0.00015289687,0.0013750389,0.037063364
3868,0,1,0.3502037152872846,0.88630515,0.8824092,0.3682606
3869,1,1,0.749510671052242,0.99999607,0.99996185,0.75228715
3870,0,0,0.2220013171560418,0.8342145,0.9994369,0.22361302
3871,1,1,0.6677385475189977,0.9999013,0.9993813,0.6731433
3872,0,0,0.045554663109286686,8.749391e-05,0.0016226565,0.047084525
3873,1,0,0.3941087825878495,0.9990321,0.9999956,0.40004125
3874,0,0,0.0016091291368585565,6.976753e-10,1.4296957e-08,0.002006566
3875,1,1,0.9990056151036293,1.0,1.0,0.9985066
3876,0,1,0.16127062719162083,0.68588746,0.28755555,0.16440552
3877,0,0,0.009713885543947023,4.584033e-06,0.00023926947,0.012583112
3878,0,1,0.0787702285334919,0.0019082731,0.00069000805,0.07770735
3879,0,1,0.001157418341779178,8.701601e-12,1.6194402e-11,0.001965939
3880,1,1,0.3869052716190557,0.997532,0.97896874,0.3922044
3881,1,1,0.7806581694241809,0.99999774,0.9999783,0.7837945
3882,0,0,0.38494166164334037,0.9772503,0.9999573,0.3863107
3883,1,1,0.9211421855916125,1.0,0.9999999,0.9218636
3884,0,1,0.603396184059611,0.99991727,0.9996574,0.5993046
3885,0,1,0.013771060700384452,5.415452e-08,1.3071569e-08,0.02275395
3886,0,1,0.036649990536489076,0.00037354394,0.00014858154,0.03740139
3887,1,1,0.7149257151041292,0.99998903,0.9999306,0.7228038
3888,0,1,0.1474782237561634,0.12238838,0.059664037,0.14936912
3889,0,1,0.5160411522799748,0.99985945,0.9997589,0.50836927
3890,0,1,0.3172091429754696,0.9766484,0.83170027,0.322335
3891,1,1,0.5856048217180759,0.99983203,0.9997162,0.5944708
3892,0,1,0.7820420904625199,0.9999883,0.99977815,0.78800374
3893,0,1,0.5737322701219582,0.99826103,0.9937192,0.5754594
3894,0,1,0.2743786255770545,0.88820636,0.7997061,0.2697603
3895,0,0,0.006181106164294193,9.1847795e-07,1.7940625e-05,0.0075584035
3896,0,0,0.004091617025266883,7.336084e-08,2.6823018e-06,0.005198551
3897,0,1,0.4776857347441428,0.9973394,0.98464394,0.4865705
3898,0,0,0.009631133575240158,4.3929088e-08,2.800619e-07,0.01018204
3899,0,1,0.010199081933304854,1.9283392e-07,5.436679e-07,0.010718949
3900,1,1,0.5037847399784299,0.99884474,0.98842245,0.5154386
3901,1,1,0.7070917990876436,0.99994946,0.99966204,0.7057792
3902,0,0,0.020028346983455715,3.9618594e-06,9.0462825e-05,0.021446921
3903,0,1,0.13537854157014054,0.083708815,0.04917603,0.13744265
3904,0,0,0.015496516376844592,5.545258e-06,0.00012825108,0.016984131
3905,0,1,0.0056154508493519014,6.14818e-08,4.4855874e-08,0.006617524
3906,0,1,0.0054150589747582354,3.778735e-08,1.4642093e-07,0.0063172374
3907,0,1,0.0019457402887322495,1.0393295e-08,9.027872e-09,0.0024099904
3908,0,1,0.38295320126514487,0.99651957,0.97573906,0.38270596
3909,1,1,0.2718009253340799,0.78069466,0.37492993,0.27351862
3910,0,0,0.14098628111025924,0.00228993,0.06160104,0.1336342
3911,0,0,0.01698926873387173,1.2471685e-07,1.5085927e-05,0.017932193
3912,0,0,0.021990744459203484,4.2606775e-05,0.00072292966,0.024314014
3913,0,0,0.009247061330368352,3.4329602e-08,1.7898217e-06,0.010516078
3914,1,1,0.6150740759583128,0.99994314,0.999648,0.6126892
3915,1,1,0.4629473958447293,0.9830722,0.95079577,0.46483037
3916,1,1,0.8517198004427244,1.0,0.99999976,0.8526967
3917,0,0,0.01271882625332258,6.46219e-05,0.0011101936,0.015445031
3918,1,1,0.24410237310525096,0.7789917,0.25369447,0.2532941
3919,0,1,0.6261209458037587,0.9986652,0.9980082,0.6226127
3920,1,1,0.5763906415080712,0.99498415,0.9751777,0.5447004
3921,0,0,0.09497584214887186,0.00014115887,0.002269786,0.09193463
3922,1,0,0.568897064370788,0.99992657,1.0,0.5563688
3923,0,1,0.39538601610782503,0.98433906,0.93100506,0.40460658
3924,0,0,0.35539671980479737,0.9934224,0.99998057,0.35658395
3925,0,1,0.02636617317459634,9.102884e-05,2.8355013e-05,0.027171716
3926,0,1,0.3714302829485183,0.9961547,0.96948594,0.37678552
3927,0,0,0.16188365957566045,0.034724172,0.7612928,0.1625618
3928,0,0,0.004600483577512163,7.933582e-10,3.832484e-08,0.005097317
3929,1,1,0.24919920736708537,0.7084565,0.11329201,0.25268704
3930,0,0,0.04091967218487434,0.00012712301,0.00263966,0.042052127
3931,1,0,0.5591309307525628,0.99961686,0.99999833,0.5528944
3932,0,1,0.5147989523514335,0.99704593,0.9759359,0.52845186
3933,0,0,0.08769035669263092,0.008094867,0.26760322,0.09251065
3934,0,0,0.002956255756407796,2.6109563e-08,3.2243648e-08,0.0024014784
3935,1,1,0.7586359602267954,0.998439,0.9901059,0.6982129
3936,0,1,0.2130267520484071,0.28796318,0.0232402,0.21807647
3937,1,1,0.8823064932474328,0.99999964,0.9999989,0.8841011
3938,1,1,0.9057888974778682,0.9999956,0.9999738,0.8887593
3939,0,0,0.01594390074109792,2.6833245e-08,6.788068e-07,0.017595386
3940,1,1,0.9295097588175258,0.9999994,0.99999285,0.9148484
3941,0,1,0.445066836721132,0.9867816,0.93406075,0.45081574
3942,0,1,0.31539576884586457,0.99033844,0.92610246,0.31995788
3943,0,1,0.39035176428580776,0.9835154,0.89497024,0.3941217
3944,0,0,0.060977840660483534,0.00016642666,0.004204996,0.06485115
3945,0,0,0.16280795609762308,0.13109487,0.6053141,0.17209902
3946,1,1,0.6481001006114292,0.9997852,0.998733,0.6476171
3947,1,1,0.7115561943745113,0.99991524,0.99949574,0.713246
3948,0,1,0.08067129770887503,0.00040882634,2.5469708e-05,0.08702842
3949,0,0,0.12081186183354764,0.015598496,0.91252804,0.11636184
3950,1,1,0.7168212109982451,0.99993217,0.9995005,0.7205963
3951,0,0,0.01646637445067537,6.3289616e-07,1.9947709e-05,0.017969787
3952,0,1,0.5500509386163754,0.9963073,0.9914505,0.5587856
3953,0,1,0.2172494705260616,0.84904474,0.4926143,0.21737218
3954,0,1,0.27896874370362884,0.9463536,0.7389987,0.28470042
3955,1,1,0.2188481354972366,0.7112752,0.6132494,0.22355059
3956,0,0,0.005295048336522314,2.7551892e-09,9.863893e-08,0.0056771412
3957,0,0,0.06458470366543234,0.0005861279,0.572658,0.06351718
3958,0,1,0.002786054238294433,1.0964153e-09,2.1896454e-10,0.0032308886
3959,1,1,0.09761206712443668,0.024519484,0.0066692345,0.099033155
3960,1,0,0.31071244384403235,0.9549315,0.99843615,0.32155398
3961,0,1,0.713039777920027,0.9999449,0.999773,0.715892
3962,0,1,0.3466061282650396,0.9961389,0.96735406,0.3492803
3963,0,1,0.07879788108948854,0.0044929762,0.0017564411,0.07919677
3964,0,1,0.13722204967478305,0.0040642275,0.0022029546,0.1358925
3965,1,1,0.7212252498516889,0.99992824,0.999716,0.71983397
3966,0,1,0.2093377286193569,0.32749352,0.10117251,0.21094091
3967,0,1,0.1275575936659892,0.0105164265,0.0030719363,0.13157122
3968,0,0,0.004680219066342088,8.634651e-10,2.451279e-08,0.0049603432
3969,0,1,0.013724499239079136,2.3864081e-06,1.101213e-06,0.013736957
3970,0,0,0.2755228933142503,0.93946815,0.99989355,0.27655917
3971,0,0,0.004532063576207673,1.0169784e-08,2.901737e-07,0.00494696
3972,0,1,0.5139317779808579,0.99988997,0.9986749,0.52126575
3973,0,0,0.0058161729916542185,3.561213e-08,1.1617137e-06,0.0071794647
3974,0,0,0.07399986830034004,0.02957589,0.27311108,0.078874044
3975,0,1,0.012028635640223492,3.7270254e-08,8.063196e-09,0.012220087
3976,1,1,0.809604484465382,0.99999976,0.99999297,0.8135507
3977,0,1,0.004132428203078568,4.5922665e-08,6.261086e-09,0.007017402
3978,1,1,0.7166878548807705,0.9999856,0.9999343,0.72211343
3979,1,1,0.8661175061354673,0.9999999,0.99999905,0.870255
3980,0,1,0.353402661860213,0.9212402,0.7890661,0.35935086
3981,0,1,0.04542177849931989,0.00018692938,8.6990505e-05,0.044483226
3982,0,1,0.5174499437458684,0.9982482,0.98926467,0.52299464
3983,0,0,0.17006809042381496,0.32893777,0.92530787,0.17716908
3984,1,1,0.9951267930882883,1.0,1.0,0.992492
3985,1,1,0.792055525262143,0.999982,0.9999635,0.79385376
3986,0,0,0.019261174103200183,2.0933892e-06,6.780464e-05,0.02166269
3987,0,1,0.01071241948290797,8.12929e-06,4.2470338e-06,0.012462916
3988,0,1,0.012976058996170848,6.299936e-07,1.8330492e-06,0.013778546
3989,0,1,0.017737010424426006,5.104799e-05,1.0716715e-05,0.020143526
3990,1,1,0.45710142478006194,0.28676075,0.09513463,0.2611508
3991,0,0,0.24644306759525064,0.91446406,0.9805972,0.2553009
3992,1,1,0.9949802458040818,1.0,1.0,0.99227214
3993,0,1,0.003107915074914178,8.293468e-09,3.0405394e-09,0.003697516
3994,0,1,0.029467522169396847,7.4080367e-06,3.0675167e-06,0.029959872
3995,0,1,0.028340749878093083,8.944124e-05,4.6804325e-05,0.042895384
3996,1,0,0.9497784525842832,1.0,1.0,0.94808555
3997,1,1,0.703446640551959,0.99993,0.99971837,0.7067236
3998,0,1,0.014812466520389974,1.3785503e-05,2.156792e-06,0.017284926
3999,0,1,0.03497170156419668,3.107328e-05,1.2563284e-05,0.03449259
4000,0,1,0.2896128913730627,0.9489103,0.7820082,0.29344907
4001,0,1,0.005891940719136764,8.432238e-09,1.6750765e-09,0.0058952332
4002,0,1,0.31557345175079937,0.8494624,0.7344994,0.31286332
4003,0,0,0.011197203138427625,3.4866593e-05,0.00044222313,0.013174119
4004,0,1,0.01651549501680413,5.7113862e-08,1.9936141e-07,0.015314505
4005,0,1,0.014397957239283122,2.7360843e-06,1.5003066e-06,0.016557112
4006,0,1,0.6107975826584565,0.9995022,0.9982003,0.61533386
4007,0,1,0.015495015387001291,2.3219165e-07,6.305671e-08,0.016429551
4008,0,1,0.0033433450899725864,2.059241e-08,3.4851315e-09,0.0039267233
4009,0,1,0.019122368962538924,5.292658e-05,3.9956172e-05,0.020756189
4010,1,1,0.969911749013353,0.9999995,0.9999958,0.9615385
4011,1,1,0.7881099831093289,0.99999845,0.9999839,0.7943563
4012,0,0,0.0016043392356835948,4.0925114e-11,1.6098026e-09,0.0019457464
4013,1,1,0.6348311746977137,0.9998324,0.99886984,0.6380911
4014,0,1,0.004319822323839801,2.1141545e-08,1.1014023e-08,0.0050169206
4015,0,0,0.030203770655292367,1.2298527e-05,0.0006293479,0.03089848
4016,0,1,0.6883060354816832,0.9996714,0.9953217,0.66936225
4017,1,0,0.7301355955396471,0.99996173,1.0,0.70777637
4018,0,1,0.019404118245888537,2.0974254e-05,6.959243e-06,0.019983994
4019,0,0,0.004890909653483901,4.219198e-09,5.164604e-07,0.005875228
4020,1,1,0.6185190781314293,0.9999547,0.99955994,0.62769103
4021,1,1,0.4290734109943956,0.9990583,0.99728715,0.42820716
4022,0,1,0.5391191251233365,0.99682105,0.98447406,0.5496848
4023,0,1,0.0027881264957794016,3.2513928e-10,2.1865487e-10,0.0032536942
4024,1,1,0.11744166437121996,0.011916499,0.00089177437,0.12031307
4025,1,1,0.3388166139104175,0.9761356,0.8219381,0.34496936
4026,0,0,0.07727243756829484,0.0219245,0.35385928,0.08745895
4027,1,1,0.23694556517088006,0.7407408,0.3015606,0.24187614
4028,0,1,0.10319888314170954,0.015307144,0.004266231,0.10409004
4029,0,0,0.0009414627236526018,1.6770577e-10,3.6879316e-10,0.00077576796
4030,0,1,0.011901038301570417,8.4444713e-07,2.838251e-07,0.011591853
4031,0,1,0.011523891376121078,9.508748e-08,1.6342507e-07,0.011713698
4032,0,1,0.21245508882234057,0.5638987,0.17009689,0.21541607
4033,1,1,0.2726282475891159,0.9934729,0.9335111,0.2932534
4034,1,1,0.3995802818478806,0.9952807,0.948733,0.40554854
4035,1,1,0.21028024895353004,0.46232408,0.05188622,0.16679747
4036,0,0,0.12348413109038008,0.13606429,0.8234435,0.13009371
4037,0,1,0.08255043365956807,0.0004890551,0.0004501145,0.085094824
4038,1,1,0.7848759378460913,0.9999696,0.99994767,0.7853185
4039,1,1,0.4491065278554223,0.9995763,0.9913522,0.45860583
4040,0,0,0.001982791171923914,1.5316783e-09,4.0415223e-08,0.002466503
4041,0,0,0.0015888413738289918,1.1025655e-10,5.0965707e-09,0.0019260157
4042,0,1,0.007181104116684262,8.11244e-08,6.449938e-08,0.008561386
4043,1,1,0.796275749194592,0.99940574,0.99411654,0.77822626
4044,1,1,0.6708228459140952,0.99973875,0.99837613,0.67178094
4045,1,1,0.38071029381003846,0.99169934,0.9209129,0.38633236
4046,0,0,0.042807322530638146,2.4081495e-05,0.0014969984,0.042806026
4047,0,1,0.6215537350010781,0.9997161,0.9984749,0.6264443
4048,0,1,0.031172244637853702,5.036331e-05,2.3243447e-05,0.031375736
4049,0,1,0.013611859885445327,7.912212e-05,1.7421891e-05,0.022799065
4050,0,1,0.13832400961588437,0.021512853,0.005472533,0.14295033
4051,0,0,0.001598839034611826,3.150275e-11,1.1567781e-09,0.0019667905
4052,1,1,0.12212353797711557,0.00032718698,6.0628558e-05,0.12934037
4053,0,0,0.01409558194251862,4.880165e-07,2.0565447e-05,0.015539052
4054,0,1,0.032228819521036754,2.8889226e-05,1.0952643e-05,0.03273006
4055,0,0,0.04019356401902162,0.0010284137,0.027868222,0.04230436
4056,1,1,0.4548788830645088,0.9984988,0.98792285,0.46114513
4057,0,0,0.001751782818549679,7.2895565e-11,1.3295859e-09,0.002999823
4058,0,1,0.05336379226875881,0.005157022,0.002220333,0.061679896
4059,0,1,0.005744668038846999,5.6869043e-09,1.7455196e-08,0.006573018
4060,1,1,0.25304875178449276,0.7150099,0.43728384,0.25290215
4061,0,0,0.014929344970038887,1.540343e-06,2.246419e-05,0.016129224
4062,0,1,0.014236770121639554,1.4106965e-08,4.275386e-09,0.014779936
4063,0,1,0.009191205101136945,8.306896e-08,8.194786e-08,0.010212727
4064,0,1,0.34878069862773303,0.98101646,0.8504895,0.35466513
4065,1,1,0.6926945185876943,0.99998045,0.9997304,0.69262546
4066,0,0,0.028322467176616763,0.0012890281,0.012374387,0.03347301
4067,0,0,0.23272951850484583,0.62642044,0.9992582,0.22220446
4068,0,1,0.3615361349953668,0.9948993,0.9521189,0.36765155
4069,0,1,0.15491877327311046,0.123099044,0.008466184,0.15665416
4070,0,1,0.23403970862945334,0.7448857,0.43753067,0.23771401
4071,1,0,0.1684307029536221,0.88815033,0.9968315,0.16955014
4072,0,0,0.010064526965220748,2.0025466e-08,3.5247496e-07,0.010733542
4073,0,1,0.03371480518142766,0.00010857134,2.3165905e-05,0.03341341
4074,0,1,0.031436682339766146,5.6443543e-05,3.8024846e-05,0.031640768
4075,0,1,0.20048559713986994,0.20545994,0.1311805,0.20659755
4076,0,0,0.030034241452953785,2.3037333e-05,0.00042392174,0.03123748
4077,0,1,0.004437822097063956,1.3990671e-08,5.9095004e-08,0.005222677
4078,0,1,0.01117088504262116,3.367118e-09,1.6195285e-09,0.011801631
4079,0,0,0.000798105238808864,2.5659935e-13,3.8758576e-11,0.0009576643
4080,0,1,0.13202429967728402,0.6611429,0.16016573,0.14535536
4081,0,1,0.01722036759479244,1.9068801e-06,3.5219338e-07,0.017731158
4082,0,1,0.1704306382742999,0.032335624,0.0032583526,0.18051735
4083,0,0,0.4296505545403372,0.9988122,0.9999932,0.42541492
4084,0,1,0.011565261048589943,2.623329e-07,4.0723968e-08,0.011636311
4085,0,0,0.06349644425913581,0.0028335412,0.079453245,0.06791071
4086,0,1,0.5565488998200755,0.999791,0.99873203,0.560447
4087,0,1,0.11287224715477544,0.5563193,0.17400962,0.129404
4088,0,1,0.2696516201498569,0.9896779,0.8754857,0.273267
4089,0,0,0.0011019580144493424,8.304678e-12,3.6019374e-10,0.001343367
4090,1,1,0.32132654241060393,0.95839715,0.8007644,0.32578665
4091,1,1,0.9999999999999871,1.0,1.0,1.0
4092,0,1,0.15772932570001053,0.0011587352,0.0009744291,0.15679178
4093,0,0,0.0021273675715757097,9.236899e-10,3.751718e-08,0.002662919
4094,1,1,0.4449389209460313,0.99959755,0.99660766,0.4456092
4095,0,1,0.08404074914133021,0.012401585,0.0020675596,0.0863438
4096,0,0,0.026844159165487786,7.904158e-05,0.0020592257,0.027935507
4097,0,0,0.003892012552639442,1.1305705e-08,3.5314514e-07,0.0047339397
4098,1,1,0.3555374700204951,0.1320429,0.25193876,0.33440346
4099,1,1,0.0718651253661574,0.008235942,0.0059144036,0.07452141
4100,0,0,0.08854461562672805,0.0070880335,0.27112985,0.09289065
4101,0,0,0.03562718066540511,0.00017127144,0.002239259,0.038562153
4102,0,1,0.05519829800993266,0.0012978108,0.00030181042,0.055007845
4103,0,0,0.041108824692146745,9.4541654e-05,0.0018303354,0.043408114
4104,0,1,0.04892833110098827,0.12512396,0.0051092263,0.054622862
4105,1,1,0.12951878361606212,0.0872885,0.03839442,0.13305077
4106,0,0,0.25538533260088214,0.9969131,0.9999914,0.2722613
4107,1,1,0.28806896050438596,0.98209083,0.9120418,0.40521598
4108,0,1,0.07076064309336681,0.0017304404,0.0002275904,0.07081574
4109,0,1,0.31877066220624733,0.9773211,0.919333,0.32084125
4110,0,0,0.10225000959740217,0.00075913937,0.034404676,0.09815402
4111,1,1,0.6510320717192122,0.9997721,0.99902093,0.6590568
4112,0,1,0.03880379375897277,0.0003047225,9.701841e-05,0.039335296
4113,0,1,0.2164634615150313,0.5414704,0.1521576,0.2207323
4114,1,1,0.8637238332662877,0.9999995,0.9999976,0.86629903
4115,0,1,0.3082781947149723,0.9180902,0.66733116,0.3204894
4116,1,1,0.221607511095519,0.039568078,0.01861497,0.22990853
4117,0,0,0.09689757473113296,0.016684664,0.23947576,0.10230845
4118,0,1,0.4894172602807369,0.9995306,0.994659,0.4947286
4119,1,1,0.5095772695252377,0.995751,0.98503727,0.50799584
4120,1,0,0.09976846382392042,0.0020347065,0.8639539,0.0983789
4121,1,0,0.33524825508526435,0.9984388,0.99988866,0.34735963
4122,0,1,0.7122696830274076,0.99997735,0.9998412,0.7216994
4123,1,1,0.9984038359598342,1.0,1.0,0.9975429
4124,0,1,0.014147572657279825,1.1391257e-06,4.0188388e-07,0.014466856
4125,0,1,0.0903121080464269,0.08805486,0.015295557,0.08866917
4126,0,1,0.001944749794443394,1.3864667e-09,7.5726025e-10,0.0023329908
4127,1,1,0.9894804599538027,1.0,0.9999999,0.98414224
4128,0,1,0.029142954820654803,5.5322125e-05,2.5038142e-05,0.02900468
4129,0,1,0.34164294481394636,0.8903577,0.44879755,0.3491859
4130,0,1,0.5470154437531991,0.99866486,0.9891816,0.54737663
4131,0,1,0.060177918568076985,3.6354727e-06,1.0042662e-06,0.06301269
4132,1,1,0.39374199096801055,0.98685706,0.9716451,0.40643457
4133,0,1,0.04451731549160536,0.001544477,0.0008826298,0.04437666
4134,0,0,0.008048938268689765,2.4227634e-07,6.293635e-06,0.009857081
4135,0,1,0.1766081856827682,0.1016765,0.04100209,0.17728394
4136,1,1,0.9961311825257413,1.0,1.0,0.99408025
4137,0,0,0.14733994931043762,0.013167624,0.49984708,0.1505857
4138,0,0,0.08835286730326708,0.0006697088,0.6281342,0.08728694
4139,1,1,0.18287790386130556,0.045925234,0.038208816,0.17922579
4140,0,0,0.010425593687286162,1.7692838e-07,4.2929014e-06,0.01113625
4141,0,0,0.039304416602162995,0.0008688659,0.030426612,0.044059966
4142,0,1,0.002149464250595704,1.4441212e-10,8.209261e-11,0.002526048
4143,0,0,0.20373530327019634,0.46002784,0.9829107,0.20821063
4144,0,1,0.004413299068986038,3.2147491e-07,1.4147577e-07,0.005547644
4145,1,1,0.9351644219189189,0.9999994,0.9999945,0.92237514
4146,1,1,0.5301162217395983,0.9985324,0.9890599,0.5355168
4147,0,1,0.0016821234930325677,5.6200444e-11,1.9287018e-11,0.0017222549
4148,0,1,0.45196239812853656,0.938382,0.8100553,0.46287003
4149,0,1,0.07437904273877229,0.03264193,0.011738414,0.08470551
4150,0,1,0.1920720949135142,0.43139112,0.094989724,0.19558921
4151,0,1,0.41235561337700627,0.9957199,0.9470606,0.4148136
4152,0,0,0.1470788981143181,0.09548003,0.71745086,0.150614
4153,0,1,0.008600343283493754,1.4584956e-06,8.5370885e-07,0.009982675
4154,0,1,0.024417939366995066,1.8258528e-05,6.7175656e-06,0.024666203
4155,0,0,0.27727443505353655,0.9330451,0.99820006,0.2815684
4156,1,1,0.49586827071661366,0.99937785,0.9916645,0.50261503
4157,0,1,0.5292002652633847,0.98481536,0.9850171,0.5275851
4158,0,0,0.0004015003411514358,4.748313e-14,2.0048583e-12,0.0004965824
4159,1,1,0.7824708883807233,0.9999963,0.9999802,0.7862358
4160,1,1,0.21364892699300753,0.2048816,0.08008885,0.20737125
4161,0,1,0.671898223841641,0.99993324,0.9994398,0.675067
4162,0,0,0.003976256066378046,2.832173e-11,1.1309366e-09,0.004134058
4163,0,1,0.01300573158561319,4.2929733e-07,1.3051967e-07,0.013256786
4164,0,1,0.019767243566000067,4.3236565e-08,9.330894e-09,0.02079333
4165,0,0,0.0025047261258255046,1.8943456e-09,4.4008175e-07,0.003079949
4166,0,0,0.0027705341189008387,2.2857946e-11,7.973678e-10,0.003039184
4167,1,0,0.8518119924773498,0.99999976,1.0,0.84954506
4168,0,1,0.007474732661014399,9.321449e-09,3.7234718e-09,0.0077427556
4169,0,0,0.10636674524058803,0.116458975,0.601196,0.11487399
4170,1,1,0.6283932198007881,0.9998231,0.99916905,0.6373172
4171,0,1,0.026332503022247315,2.3700536e-06,4.412679e-06,0.02549014
4172,0,1,0.010200909452174691,1.66462e-07,5.6832754e-08,0.010370637
4173,0,1,0.35785846198124605,0.98356783,0.92050236,0.36097234
4174,0,1,0.3825087294336707,0.96717215,0.81779855,0.38812625
4175,0,0,0.028203439857572135,1.8479723e-05,0.00093934,0.02972506
4176,0,0,0.012607750815800527,5.1142035e-07,5.5944342e-06,0.012972169
4177,0,1,0.2208688502059712,0.9432678,0.396848,0.22669914
4178,0,0,0.11164231765859171,0.06519825,0.7386763,0.11661773
4179,0,1,0.07439948449647805,5.5998034e-06,1.4993482e-06,0.07414342
4180,0,1,0.011422546994687754,1.3841371e-05,6.4570554e-06,0.013321236
4181,0,1,0.1724909341332715,0.41160545,0.04253496,0.17591584
4182,0,1,0.02758113987409166,2.5683494e-05,2.2416725e-05,0.027328473
4183,0,1,0.1698808817364364,0.008298996,0.00073931186,0.1794151
4184,0,1,0.07302988960635112,0.00049551943,0.000308473,0.0728916
4185,1,1,0.8729885614353043,0.9999999,0.99999964,0.8710437
4186,0,1,0.046337032310202766,0.0024630914,0.0011304251,0.053941846
4187,0,1,0.01313938471743524,2.2476945e-07,9.361186e-08,0.013372035
4188,0,1,0.056631149183915146,0.007654037,0.0014316652,0.055788264
4189,0,1,0.621633131510257,0.9999969,0.9999403,0.6252066
4190,0,1,0.26687111078600145,0.36465475,0.14852704,0.24879579
4191,0,1,0.27936397530403817,0.008119284,0.006353788,0.23773476
4192,0,0,0.012120114402018224,7.80456e-06,0.00034055088,0.014901519
4193,0,1,0.010880526898411697,3.3929732e-06,2.1289018e-06,0.013134986
4194,0,1,0.012585667725389273,7.07429e-07,2.5363622e-07,0.012738195
4195,1,0,0.11035531198086707,0.30839983,0.8919852,0.12319018
4196,0,1,0.0039484045939735595,3.3672737e-08,1.995843e-08,0.004618709
4197,0,0,0.0991305154808584,0.032323595,0.24405314,0.106651895
4198,0,0,0.008354485874927348,1.8592614e-07,4.6432906e-06,0.009143622
4199,0,0,0.00854134011265572,1.8610653e-07,1.2400649e-06,0.008945662
4200,0,0,0.752932424768481,0.999997,1.0,0.74820256
4201,1,1,0.599505902094857,0.99999714,0.99993765,0.62097293
4202,0,0,0.3759627732008126,0.98987633,0.999982,0.37691215
4203,1,1,0.6683986728636682,0.9999057,0.9995821,0.6774982
4204,0,1,0.9926374419480051,1.0,1.0,0.99043137
4205,1,1,0.6126351709861166,0.99951184,0.9982426,0.6169692
4206,0,1,0.6837174443364428,0.9676308,0.96751016,0.65074915
4207,0,0,0.023663302028327924,3.7233724e-05,0.0009104282,0.026080942
4208,0,1,0.22682090539445138,0.56873137,0.1930889,0.22993807
4209,0,0,0.018704260458331012,1.15399914e-07,3.8970757e-06,0.020110063
4210,0,1,0.08490096845790157,0.0017769904,0.0007289446,0.08577465
4211,0,1,0.061236754823481954,0.00075113744,0.0002617712,0.061515704
4212,0,1,0.005047998813677781,4.4514314e-10,2.1382862e-10,0.0051515014
4213,0,1,0.15799665708273836,0.17628264,0.07622441,0.15919708
4214,0,0,0.029871388956197908,2.040782e-05,0.0017269078,0.03304902
4215,0,0,0.11241512865049483,0.004414464,0.9385792,0.1102379
4216,0,0,0.45157282460743914,0.9991707,0.9999964,0.44544566
4217,0,0,0.042449368280163303,1.0062591e-06,3.0026089e-05,0.036429085
4218,0,1,0.023283185232890705,2.5000062e-07,3.4169562e-07,0.021585263
4219,1,1,0.4148011738852304,0.9969786,0.9744425,0.42086387
4220,0,1,0.02700779129641983,0.0007494178,0.00040800503,0.031844787
4221,1,0,0.7271331503898499,0.99999046,1.0,0.72180057
4222,1,1,0.6514276713996505,0.9998976,0.99937093,0.66022366
4223,0,1,0.26551147647540974,0.88809115,0.6661928,0.26352885
4224,0,1,0.39942854472668193,0.99847716,0.9842871,0.3986942
4225,0,1,0.6346734876251044,0.99992144,0.99902153,0.64002424
4226,0,0,0.042624173272601554,0.001077247,0.00816674,0.044503894
4227,0,1,0.5008186650644706,0.84822106,0.72350186,0.4662241
4228,0,1,0.05639818587559601,0.0036324298,0.0007479902,0.057332437
4229,1,1,0.576747188695023,0.9999039,0.9984073,0.5855186
4230,0,1,0.2628418682140615,0.89213395,0.8867056,0.25522667
4231,0,1,0.016019809533937782,5.997589e-07,1.3238882e-07,0.01631366
4232,0,0,0.0677743417513261,0.008540163,0.13749637,0.07084799
4233,0,0,0.029280539538081286,6.666412e-05,0.00089595787,0.031515
4234,1,1,0.21732190534110699,0.075142846,0.048844,0.21896951
4235,0,1,0.07067336767810464,0.00013751032,0.00016907975,0.072573505
4236,0,0,0.049738651596645714,0.00071084383,0.01623363,0.05313395
4237,0,1,0.02436447207922808,0.00014147203,7.964187e-05,0.02950344
4238,0,1,0.10643015157246226,0.054266598,0.0146273635,0.1097551
4239,1,1,0.5241524048474897,0.9994072,0.99197197,0.5294306
4240,0,1,0.24764838287136678,0.8065338,0.36261645,0.25281462
4241,0,1,0.37208759146947223,0.9940047,0.9576162,0.37618116
4242,0,1,0.174793945910613,0.29029247,0.08354842,0.17639664
4243,1,1,0.3247588538268742,0.97097087,0.83120674,0.33083966
4244,0,1,0.8270295874846492,0.9999994,0.9999976,0.82485944
4245,0,1,0.1271168647329977,0.0047426824,0.00089674536,0.13524102
4246,1,0,0.7565123482137878,1.0,1.0,0.7546617
4247,1,1,0.5003767593009814,0.999201,0.9983646,0.49202195
4248,0,1,0.4286542677383335,0.9871863,0.9366212,0.43729004
4249,0,1,0.20122584859962736,0.3309844,0.057834096,0.20537493
4250,1,1,0.7805350116857296,0.9999999,0.9999995,0.7823778
4251,0,0,0.0016447722399683215,7.2679675e-11,1.6886274e-08,0.0020225141
4252,0,0,0.0022718035405860228,7.7430634e-10,2.9655954e-08,0.0027689794
4253,0,0,0.008420305187362179,4.52851e-08,1.4316872e-06,0.009336116
4254,0,0,0.000258063472630628,3.100718e-15,1.02201024e-13,0.000441874
4255,1,1,0.7006084151875919,0.9999932,0.99992263,0.70565885
4256,0,1,0.033609867186072936,4.9847935e-05,1.8608058e-05,0.03376615
4257,0,1,0.3770175848017367,0.9852242,0.9360723,0.38475218
4258,0,0,0.0010496476817018919,1.4968643e-10,1.5724336e-09,0.0018396386
4259,0,0,0.11655078877703041,0.08509374,0.66186386,0.122716844
4260,0,0,0.015730263187725215,4.8814314e-07,1.2352879e-05,0.016575959
4261,0,1,0.5285577537761332,0.9994924,0.9959411,0.5372141
4262,0,0,0.0008441216407375239,1.2024929e-11,4.2596984e-10,0.0010293645
4263,0,1,0.009760751109269938,4.459575e-06,2.391799e-06,0.011372121
4264,0,1,0.002320987362503317,2.6432026e-10,1.7111658e-10,0.002724147
4265,0,0,0.002012564214695903,4.787527e-10,6.7476362e-09,0.0035209197
4266,0,1,0.093486976288852,0.03976854,0.0076674605,0.09508111
4267,0,1,0.052775739391180146,0.00027287196,0.00010581613,0.051915456
4268,1,1,0.9967254173560276,1.0,1.0,0.9949837
4269,0,0,0.03346379000207445,5.6512954e-06,5.4240045e-05,0.03485413
4270,1,1,0.12116820679657472,0.15016903,0.05043729,0.12250223
4271,0,1,0.0057240905116645565,6.402626e-08,1.47842245e-08,0.0065493807
4272,0,0,0.030562524384351825,4.445183e-05,0.0005016642,0.03255239
4273,0,0,0.006052360518405698,7.039961e-08,6.7051487e-06,0.0065795192
4274,1,1,0.0695552543035608,0.05692198,0.022037921,0.08074186
4275,0,0,0.006893059993424511,8.226214e-07,1.5868118e-05,0.0073546004
4276,0,0,0.01069570159544184,9.628219e-07,3.651202e-05,0.01337099
4277,0,1,0.2566754481766407,0.9229161,0.48221698,0.26138812
4278,1,1,0.6447978103393055,0.999478,0.9986382,0.64688736
4279,0,1,0.7427285640530279,1.0,0.9999995,0.7427225
4280,0,1,0.17148986986405723,0.07755175,0.011222919,0.1737004
4281,0,1,0.11025704353824116,0.009180923,0.0027231183,0.116585135
4282,1,1,0.15202614328343023,0.012253816,0.022284504,0.14800292
4283,0,1,0.002162771439578712,8.55217e-11,6.353215e-11,0.0025619527
4284,0,1,0.11941848152233833,0.009902332,0.0014442585,0.119311415
4285,0,0,0.09358171867996952,0.41960287,0.99351937,0.09118477
4286,0,1,0.1458507830200292,0.026417522,0.021058746,0.14625068
4287,0,1,0.3448022793570966,0.6806193,0.35630786,0.33177367
4288,0,0,0.0007384487054398454,7.3765705e-10,1.3819071e-09,0.0010192469
4289,0,1,0.29492706023886645,0.9191584,0.91570455,0.29005304
4290,0,0,0.0009235795864568365,1.3354115e-12,5.1497816e-11,0.00113821
4291,0,0,0.002946050045249531,6.5973644e-09,1.8579586e-07,0.0036325937
4292,0,0,0.022601606391476882,5.3801505e-05,0.0011966366,0.023604058
4293,0,0,0.02502511009750692,0.00020699382,0.0020839097,0.02674742
4294,0,0,0.006953279371726643,3.121795e-06,2.3289553e-05,0.0127434125
4295,1,1,0.4326900467410866,0.99009264,0.93029565,0.43962303
4296,1,1,0.9950472714201681,1.0,1.0,0.9923496
4297,0,1,0.6070363117730823,0.9998177,0.9990268,0.611123
4298,0,0,0.04478408556826466,0.00022529943,0.003393037,0.04749996
4299,1,1,0.3295874962954302,0.9802332,0.89135575,0.3336654
4300,0,0,0.005224744912353546,9.670687e-09,1.9640166e-07,0.0057011805
4301,1,1,0.5458026488681748,0.9994813,0.9966133,0.54970205
4302,0,1,0.3451851608312994,0.91401666,0.7952634,0.3517406
4303,0,1,0.002273456559138384,3.3826535e-11,2.259259e-11,0.0027790505
4304,0,1,0.43174906272163016,0.98763055,0.958541,0.4400066
4305,0,0,0.056203473967357996,0.00077822467,0.76400536,0.055186775
4306,0,1,0.4552814657038127,0.9822282,0.95709145,0.4566929
4307,0,0,0.261017590682156,0.95510066,0.999764,0.26095384
4308,0,1,0.056799268561768416,0.0001548915,0.00021923313,0.057861708
4309,0,1,0.0008575807939809623,6.6784394e-14,5.1249047e-14,0.0010358641
4310,0,0,0.005707344845416954,2.2058998e-08,2.4678914e-07,0.0063229785
4311,0,0,0.02043380536471777,1.6200955e-05,0.0003428862,0.021567874
4312,1,0,0.7202136408852855,0.9999964,1.0,0.7202459
4313,1,1,0.20185905246281938,0.08636507,0.009816086,0.21468195
4314,0,0,0.029080296648190288,2.494869e-05,0.00044462382,0.031544812
4315,1,1,0.9437331248496388,1.0,1.0,0.93117535
4316,0,0,0.0048773673510745545,9.228944e-09,2.4568271e-06,0.005620122
4317,0,1,0.5135113715423555,0.9977245,0.99131835,0.5233253
4318,0,1,0.00863408927708884,2.5405478e-07,3.0466072e-08,0.008896941
4319,1,1,0.48753378686230603,0.999789,0.99768186,0.49230573
4320,0,1,0.40043784748315625,0.9914569,0.9412786,0.41190943
4321,0,0,0.08052101736399025,0.061279252,0.5018574,0.09125663
4322,0,1,0.6471251321958312,0.9999777,0.99984753,0.66626406
4323,0,1,0.002025753338935977,9.098738e-11,5.7151377e-11,0.0023486274
4324,1,1,0.06656541504576034,0.0022247592,0.0008430523,0.06577836
4325,0,1,0.049721259111252164,0.0010030508,0.0007645586,0.04977693
4326,1,1,0.9995262518038218,1.0,1.0,0.9991338
4327,0,1,0.2220694471471006,0.55271006,0.13044818,0.22965258
4328,0,0,0.11277625038121118,0.8687781,0.9792727,0.19643624
4329,0,0,0.048181298193742846,0.00042406298,0.015591974,0.050763566
4330,1,1,0.4785044192875593,0.99061525,0.9616771,0.48266512
4331,0,1,0.006004067092904527,3.8087933e-08,3.7314414e-09,0.0059189755
4332,0,0,0.0569104575785561,0.0006751698,0.03477875,0.059425242
4333,1,1,0.4862549321886984,0.9970022,0.98744583,0.48421532
4334,0,1,0.19660272625166456,0.196834,0.064083815,0.20698492
4335,0,1,0.030295748700816107,1.0883433e-05,4.2693277e-06,0.030412033
4336,0,0,0.0355629304578777,0.00014215682,0.0027140302,0.038427457
4337,1,1,0.5752048538600167,0.9999231,0.99878377,0.5801771
4338,0,0,0.04175429968429754,0.00053548644,0.0057636662,0.04419204
4339,0,1,0.032314846769231215,0.0013573302,1.6462514e-05,0.033068698
4340,1,1,0.11514957218689537,0.09815956,0.021375395,0.12101609
4341,0,1,0.05451236291475492,0.0016244296,0.0006594201,0.05429225
4342,1,1,0.36997693942694954,0.9755847,0.5629159,0.37753105
4343,0,1,0.16402808697916002,0.025702648,0.0067220367,0.15083402
4344,1,1,0.8302810929191783,0.9997023,0.99884975,0.8006741
4345,0,1,0.42368165903219446,0.9902276,0.9629827,0.4351188
4346,1,1,0.7203297378249347,0.99998116,0.99980843,0.7259781
4347,0,1,0.04354076887438747,0.0003793757,7.4079486e-05,0.043225084
4348,0,1,0.041474718621887396,0.0012347002,0.0005963993,0.04038644
4349,0,1,0.005490930245722855,4.840322e-07,2.7925805e-07,0.0070772027
4350,0,0,0.005269913636747647,1.3097173e-08,5.5414125e-07,0.0055363905
4351,0,1,0.11703873279674153,0.065062486,0.023641132,0.12435152
4352,1,1,0.3948102645168967,0.9934731,0.9450558,0.4002812
4353,0,1,0.4540634504545063,0.9887317,0.95527565,0.45478976
4354,1,0,0.9966944115002193,1.0,1.0,0.99474156
4355,0,0,0.004144363609370625,7.214026e-10,1.0795271e-07,0.0050819456
4356,0,1,0.0008243070801725891,1.7429612e-12,6.8827686e-13,0.000954328
4357,1,1,0.43023789188030215,0.99343324,0.9371479,0.43989235
4358,0,0,0.07813128689449896,0.0033876575,0.05715918,0.085324146
4359,0,0,0.04157641243124365,0.00010242939,0.010797507,0.04449766
4360,0,1,0.011594100235270254,2.3633268e-07,1.9817777e-07,0.011820503
4361,0,1,0.05430556664262842,0.0003603766,0.000115793184,0.053631216
4362,1,1,0.29867921502831973,0.19960284,0.022341019,0.28199983
4363,0,1,0.03578870498949416,0.00026685416,6.8100715e-05,0.037206654
4364,0,1,0.07423589894231022,0.0016078983,0.000590541,0.074345484
4365,0,0,0.10985562050833081,0.0048982347,0.75236154,0.10586151
4366,1,1,0.7279887301578088,0.9999989,0.99998844,0.74319816
4367,0,1,0.011039634102404817,5.4262696e-06,2.8787485e-06,0.0129032
4368,1,1,0.2529801469870654,0.47184342,0.3020545,0.25123304
4369,0,0,0.003830837821696924,2.8372626e-10,8.700224e-08,0.004221886
4370,0,1,0.4947196688880105,0.99673957,0.97470474,0.49828848
4371,0,0,0.006274831352486447,4.408883e-07,6.0747593e-06,0.010936116
4372,0,1,0.11129159926412037,0.0054568644,0.0008966291,0.11097752
4373,0,1,0.0014979449774158114,7.1740414e-10,1.3861811e-09,0.0017797396
4374,0,1,0.012832912995227316,4.1306175e-06,1.2647328e-06,0.015015045
4375,0,1,0.528090350285008,0.99567217,0.98701954,0.5356501
4376,0,0,0.0010843578971626213,2.7889574e-10,6.1726877e-09,0.0019213725
4377,0,1,0.00254150542239224,6.379739e-10,3.9253933e-10,0.0029579701
4378,0,0,0.1948071302716804,0.6250663,0.9971073,0.19314247
4379,0,0,0.07250943269896583,0.003024282,0.062069334,0.07618775
4380,0,0,0.20758437270044847,0.3003386,0.9094652,0.21539992
4381,0,1,0.6497017770392449,0.99999,0.999912,0.6548558
4382,0,0,0.019408318410732834,0.00020231707,0.0009217888,0.034359723
4383,0,0,0.19748278723710352,0.4576966,0.9966845,0.19467515
4384,0,1,0.12132247869932268,0.00015330972,3.8199156e-05,0.12648211
4385,0,0,0.06643763129138751,0.0017674632,0.028349923,0.06974911
4386,1,1,0.8760282591551337,1.0,0.99999917,0.8796488
4387,0,0,0.006571748412625283,9.9260205e-06,1.7152646e-05,0.0053224345
4388,0,1,0.24213235548770456,0.9178087,0.9023424,0.33008045
4389,0,1,0.0019258852248885965,2.185248e-10,1.4681951e-10,0.0022701253
4390,0,0,0.0015569428627338622,1.7156529e-10,6.4158137e-09,0.0019154013
4391,0,0,0.019006203315921344,1.36077315e-05,0.00026715736,0.020971201
4392,0,1,0.06276319982199173,0.0005154789,0.00029015975,0.06238504
4393,0,1,0.12729576595273942,0.6876488,0.38506582,0.1243044
4394,0,0,0.05069585500722122,0.000723977,0.009228133,0.052528437
4395,0,1,0.5898866667300873,0.9997421,0.998226,0.5941585
4396,0,1,0.919060222775358,1.0,0.9999999,0.92102975
4397,0,0,0.023229981940766375,1.2855948e-05,0.00023482353,0.025260795
4398,0,1,0.02392468563617724,1.5059348e-05,2.008351e-06,0.024580896
4399,0,1,0.004689091952337459,2.258571e-10,1.2707237e-10,0.0047627296
4400,0,1,0.5409457028023412,0.9550198,0.85534394,0.5089653
4401,1,1,0.9392921917669489,0.99999976,0.99999726,0.9275572
4402,0,0,0.010227740336172037,6.2031813e-07,1.1394026e-05,0.01131783
4403,0,1,0.8180983434927607,0.99970824,0.9986767,0.8074344
4404,0,1,0.4012925722832986,0.99778146,0.96704,0.4116625
4405,0,1,0.019647334361836234,3.5191676e-06,1.841333e-06,0.01976991
4406,0,1,0.0057010174447092565,3.351754e-08,1.9681785e-08,0.0065868627
4407,0,1,0.00861679089584361,1.13926205e-07,6.2817946e-08,0.01021887
4408,0,1,0.0006826376620358227,3.2438557e-13,3.9501128e-13,0.0007866837
4409,0,1,0.0018562121856414103,6.4880024e-12,1.0273228e-12,0.001860869
4410,1,1,0.6847486097351149,0.999949,0.99971706,0.68797255
4411,0,0,0.071189196707904,0.007900689,0.08414625,0.07358902
4412,0,0,0.6956090111387587,0.9999989,1.0,0.68985665
4413,1,1,0.10348893581957767,0.08627854,0.019490117,0.10218465
4414,0,1,0.4481597754459805,0.9989481,0.98328376,0.4570775
4415,0,1,0.4051394109562066,0.9982943,0.979814,0.41230568
4416,0,0,0.07004898571570724,0.0013222042,0.037201222,0.07311045
4417,0,0,0.003303112122082974,1.0189716e-06,2.0088414e-06,0.002678972
4418,1,1,0.8254713376822879,0.9999995,0.99999344,0.83182114
4419,0,1,0.12715012808038823,0.028177604,0.0072730784,0.12167379
4420,0,1,0.26764535936501427,0.34576523,0.17933258,0.2767423
4421,1,1,0.5224935489856084,0.995815,0.9878223,0.5174007
4422,0,1,0.07613741312811335,0.0049752444,0.0009780043,0.07561675
4423,0,0,0.0034047240157778756,2.3205589e-08,8.233341e-07,0.0043505905
4424,0,0,0.00160238129718387,8.87411e-11,1.8237591e-09,0.0017300376
4425,0,1,0.29059559105829963,0.22107062,0.05696441,0.30454394
4426,0,1,0.013237723673390106,6.841321e-07,8.9383e-08,0.013335257
4427,0,1,0.20896048057479863,0.4555167,0.16325915,0.21234676
4428,0,0,0.01011930463425925,3.2560916e-07,1.1067256e-05,0.011122679
4429,0,1,0.00489872951245377,4.894712e-08,9.831583e-09,0.005717064
4430,1,1,0.3741691188599348,0.9984509,0.98405105,0.37765333
4431,0,1,0.2854051895318063,0.8225558,0.4608479,0.2835744
4432,0,1,0.7556437925875441,0.9999981,0.99995506,0.76284647
4433,0,1,0.0004977894236540418,4.5675577e-14,3.4280165e-14,0.0005873146
4434,0,0,0.003886258244750052,1.8125147e-07,3.3688975e-06,0.0074308026
4435,0,1,0.3064026920527611,0.02674356,0.11039948,0.26402178
4436,0,1,0.02806550902163331,0.0004919042,4.5283374e-05,0.044965032
4437,1,1,0.7589212032170096,0.9999937,0.99995124,0.7603651
4438,0,1,0.014379561399074207,1.0823885e-05,6.2924705e-06,0.01644847
4439,0,1,0.004505029431329224,1.8590958e-08,7.165515e-08,0.005326576
4440,0,1,0.11890014550406558,0.026947167,0.0014409305,0.12203289
4441,0,0,0.20932653748275928,0.34204262,0.81997377,0.20826137
4442,0,0,0.00608373716246966,3.1673648e-09,3.511523e-08,0.0065597952
4443,0,1,0.032237420504561465,5.93437e-05,2.478693e-05,0.032076813
4444,0,1,0.40822170767153626,0.90861607,0.9193235,0.38824922
4445,0,1,0.0008370006316855367,1.3970962e-12,3.3839535e-13,0.000981069
4446,0,0,0.05085414339708133,5.718116e-05,0.0008879116,0.05247597
4447,0,0,0.016721184688621785,1.2458053e-05,0.00014573814,0.017063495
4448,0,0,0.019747631639900756,6.461688e-06,0.00023606491,0.02222738
4449,0,1,0.27036185346088637,0.9064341,0.5883131,0.2754059
4450,0,1,0.31153859204080003,0.97867763,0.7966021,0.31903693
4451,1,1,0.5635320217506911,0.9996506,0.99706846,0.580072
4452,0,1,0.22153733694551614,0.5013645,0.42707396,0.21677576
4453,1,1,0.5524546298478781,0.99830604,0.99543697,0.562022
4454,0,0,0.05002235014205269,0.00066295033,0.004165797,0.052698225
4455,0,1,0.012213180049096557,3.467243e-06,1.7594738e-06,0.014324367
4456,0,1,0.003160315088301999,8.404824e-10,3.363318e-09,0.0037109992
4457,0,0,0.06356588766201197,0.012157554,0.10701626,0.1004984
4458,0,1,0.03295302069217958,0.00019302865,5.3151456e-05,0.052570883
4459,0,0,0.03561197307476398,0.0014474915,0.032150783,0.03679597
4460,0,1,0.14309049929650455,0.2629547,0.054853573,0.14782628
4461,0,1,0.017875098082916107,3.0981157e-06,1.1736579e-06,0.017415652
4462,1,0,0.17161718427008532,0.16720288,0.79630023,0.17596377
4463,0,0,0.02858058186131206,1.8000085e-06,2.9188022e-05,0.030518625
4464,0,1,0.009371094773763328,4.5081424e-06,2.956666e-06,0.0111203715
4465,0,1,0.287566845161365,0.99267274,0.9642814,0.30984518
4466,0,0,0.019162834030862552,1.9018667e-05,0.0004996313,0.022541117
4467,0,1,0.00787605972017152,3.6907153e-08,1.530263e-08,0.008367293
4468,0,1,0.14579347028863546,0.07301396,0.02536959,0.14663406
4469,0,1,0.012784897399431118,4.088629e-07,6.449926e-08,0.01300136
4470,0,1,0.008168080673462157,1.8587474e-09,7.661354e-10,0.008890094
4471,0,0,0.04332144767778843,0.00015675918,0.0053250855,0.043295205
4472,0,1,0.07553151742966392,0.059667196,0.021817839,0.08278134
4473,0,1,0.7996838287223067,0.99998486,0.9998785,0.7999144
4474,0,0,0.11935709951471771,0.006753179,0.12440833,0.12370792
4475,1,1,0.7074762635323214,0.9987214,0.993437,0.6788868
4476,0,1,0.023465670572346276,8.992393e-06,5.077603e-06,0.024348285
4477,0,1,0.20092449783533833,0.25183803,0.05660715,0.2033016
4478,0,1,0.7394911786982598,0.9993221,0.9968254,0.7067048
4479,1,0,0.6142635851987239,0.9999608,0.9999999,0.61086327
4480,0,1,0.004203639893080169,3.3533524e-08,7.2915376e-09,0.0048877615
4481,1,1,0.8083783575982325,0.99999833,0.9999925,0.81273234
4482,1,1,0.18121826966806664,0.31624955,0.08098942,0.18397772
4483,1,1,0.997372323377682,1.0,1.0,0.9959481
4484,0,0,0.0014015255035176532,2.2793293e-11,9.1739716e-10,0.001713598
4485,0,0,0.1404514939801399,0.725367,0.94003636,0.14359497
4486,0,0,0.016958112051187677,5.1466354e-06,7.287701e-06,0.017918965
4487,0,0,0.010631113296134967,4.3959785e-06,0.00013652703,0.013149581
4488,0,0,0.027608900661375526,0.0103298,0.07255999,0.05081681
4489,0,1,0.007459574393157627,2.690654e-07,1.9322327e-07,0.008737014
4490,0,0,0.00778804510474003,1.9970596e-10,2.3144182e-09,0.005670594
4491,0,0,0.10280237861857584,0.03389187,0.811718,0.10694711
4492,0,1,0.07321236219984568,0.06645919,0.021269388,0.08733252
4493,0,1,0.1394758773366344,0.09253696,0.02335425,0.14108549
4494,0,1,0.06672479977363643,0.0008553193,0.00019312954,0.067415684
4495,0,1,0.024384020905916858,0.00018526141,7.001517e-05,0.028833896
4496,0,0,0.07570002313818301,0.012734979,0.7414884,0.07366561
4497,0,0,0.10662439555318004,0.035316598,0.55308676,0.109005414
4498,1,1,0.28845082075979395,0.9239762,0.31334534,0.2937546
4499,0,1,0.015711541988069972,2.2543495e-07,4.9876166e-07,0.015881019
4500,1,1,0.9355768513318388,0.99999964,0.99999833,0.9217256
4501,1,1,0.3434947506369395,0.9652487,0.8271185,0.3458354
4502,1,1,0.8463591672120131,0.9999999,0.99999917,0.8508669
4503,0,1,0.11684577873188678,0.02643431,0.013912051,0.122184366
4504,1,1,0.5697383150964627,0.99981594,0.9919159,0.57684326
4505,1,1,0.2685858465957315,0.8381684,0.44367775,0.2747596
4506,0,1,0.021495126629321966,1.029392e-05,3.885971e-06,0.021875365
4507,0,0,0.023392419963531697,3.472829e-06,0.00010023552,0.025494851
4508,1,1,0.2893524630354408,0.5553808,0.20204967,0.29134616
4509,0,0,0.0018620571500301193,5.351919e-09,1.629939e-07,0.0022723274
4510,0,0,0.048295785030388685,0.00047616946,0.012681172,0.051565018
4511,1,1,0.799264504393235,0.9999932,0.9999596,0.8037398
4512,0,1,0.5304866515691262,0.9968447,0.9944207,0.53773016
4513,0,1,0.014304733573257412,6.923444e-08,4.219093e-09,0.014550941
4514,0,0,0.0008526980344147517,1.5841505e-12,5.7348366e-11,0.0010237197
4515,0,1,0.00295294144244443,4.2761586e-10,3.34041e-10,0.0033674233
4516,1,1,0.10842215278892595,0.15433516,0.042637046,0.111443534
4517,1,1,0.21357332177998414,0.79504806,0.13692257,0.21788257
4518,0,1,0.6761057375925649,0.9999831,0.999797,0.6856937
4519,1,1,0.7046113021391776,0.9890032,0.97365427,0.6388005
4520,0,0,0.2007947539457839,0.6840918,0.99793553,0.19879083
4521,0,1,0.001617381131522423,1.4376715e-09,2.528645e-10,0.0018724111
4522,0,0,0.0011840882302926532,2.6052009e-08,5.2566808e-08,0.0011229353
4523,0,1,0.5278918381347221,0.9992124,0.9963188,0.53659904
4524,0,1,0.009546827155056972,5.82874e-07,9.325667e-08,0.009816939
4525,1,1,0.24974611861231022,0.6440544,0.26083705,0.25054568
4526,0,1,0.31488779443387493,0.9979492,0.9488507,0.31963587
4527,0,0,0.025096441493798114,0.00053243485,0.0067192833,0.02757353
4528,0,0,0.003481458720099163,2.169585e-08,8.1970353e-07,0.004424123
4529,0,1,0.015186856895071923,5.346257e-05,1.8697856e-05,0.01779947
4530,0,0,0.11152349168223694,0.0028473348,0.012809668,0.084916174
4531,0,1,0.003010862270171511,1.944847e-09,1.2229995e-09,0.0034900215
4532,0,1,0.004906768693610474,3.5941106e-08,7.921732e-09,0.0055862586
4533,1,1,0.9977768677961485,1.0,1.0,0.9966527
4534,1,0,0.9183093975481665,0.99998975,1.0,0.8996774
4535,1,1,0.897100002072288,1.0,0.9999999,0.8958281
4536,1,0,0.37657405576480873,0.64652705,0.98982275,0.3416618
4537,1,1,0.8827189832009681,0.9999993,0.9999945,0.87645775
4538,0,0,0.013401354936579613,1.5104175e-06,4.097183e-05,0.014089343
4539,0,1,0.029113685400949253,8.0171514e-05,1.0383654e-05,0.029067235
4540,0,1,0.04317079961563535,0.00017205795,6.200401e-05,0.04270492
4541,0,0,0.6067966873905779,0.99453044,0.99998724,0.56948566
4542,0,1,0.28628303876496375,0.9432715,0.7318635,0.285616
4543,1,1,0.7564935744898813,0.99991655,0.99929464,0.7259096
4544,0,1,0.22768984590486527,0.10039963,0.028097672,0.23808676
4545,0,1,0.21908768256747133,0.63792044,0.36196554,0.22336578
4546,1,1,0.026008503414837486,0.00023224777,0.00011037528,0.026249694
4547,1,0,0.7314031492677209,0.9875188,0.9997588,0.67797697
4548,0,1,0.02468762706852514,3.1619408e-07,6.088245e-08,0.025685942
4549,0,0,0.08317806407485465,0.015099666,0.17271768,0.090549774
4550,0,1,0.11091135140236509,0.15509786,0.01593668,0.17114268
4551,0,0,0.011717996580925831,8.381521e-07,3.9600807e-05,0.0122437775
4552,0,1,0.18978793684517906,0.46782345,0.06133065,0.19587573
4553,0,1,0.010293006975425664,3.3238016e-06,1.8566137e-06,0.011828966
4554,0,1,0.05431856504056379,1.1446051e-05,1.101047e-06,0.03874172
4555,1,1,0.26998678264306203,0.87204903,0.6353342,0.2718759
4556,0,1,0.010597881625140007,6.534286e-09,2.1294755e-09,0.011300033
4557,1,1,0.027515442040684495,0.0020743357,0.00040299722,0.031144392
4558,0,0,0.05675310399002634,0.0039318553,0.084241025,0.05900886
4559,1,1,0.9858337495033898,0.9999999,0.9999995,0.9785255
4560,0,1,0.503496946644347,0.9980889,0.99044305,0.50832903
4561,0,1,0.09228026298998611,0.0031092432,0.0007447284,0.0940738
4562,0,1,0.5343816230980363,0.99973136,0.9961547,0.54205227
4563,0,1,0.02198894851458387,7.576122e-05,3.7864185e-05,0.025502019
4564,0,0,0.024493790965641138,4.120117e-06,5.794167e-05,0.02554592
4565,0,1,0.0022490693398835426,8.414957e-11,5.6724576e-11,0.0026397642
4566,0,0,0.1024655158355879,0.038072575,0.24727485,0.11152342
4567,0,1,0.24157925312557418,0.8394729,0.6575684,0.2403902
4568,1,1,0.4332007556021929,0.95630705,0.9082237,0.42959273
4569,0,1,0.21275868281224383,0.6851073,0.32215175,0.2144068
4570,0,0,0.0102217682125941,3.749369e-06,7.6805656e-05,0.010678514
4571,1,0,0.5018158020553126,0.9998869,0.9999994,0.50731426
4572,0,1,0.22106498700563154,0.006339384,0.0012174416,0.2334396
4573,0,1,0.17912126063716477,0.10567334,0.043130208,0.17953542
4574,0,0,0.009781941871617232,6.1001305e-07,1.1243791e-05,0.01097497
4575,0,1,0.006290384322746067,2.8052025e-10,1.6420786e-10,0.00682317
4576,0,1,0.0842952368330105,0.00010853345,2.0218868e-05,0.089611374
4577,0,1,0.07904536859634223,0.020152424,0.0029281806,0.08025727
4578,1,1,0.759916850054158,0.9999893,0.9999498,0.7659091
4579,1,1,0.886553316236439,0.9999814,0.9998945,0.86414456
4580,0,1,0.12883861753450518,0.03322284,0.008565613,0.12710272
4581,0,1,0.00939352760308766,9.275922e-07,4.9015415e-07,0.0109424405
4582,0,1,0.13825160996263158,0.5491708,0.27764362,0.1541128
4583,0,1,0.17383397696655853,0.18237959,0.097021356,0.17914528
4584,0,0,0.031049538756889535,0.0001281974,0.0020165038,0.033561215
4585,0,0,0.036521628720301465,5.4249776e-05,0.0015067238,0.03865819
4586,0,1,0.005840506078848178,3.2167515e-07,1.2908095e-06,0.0068862587
4587,1,1,0.17514819659432534,0.10082959,0.022843178,0.18235357
4588,1,1,0.944462958863631,1.0,1.0,0.9460343
4589,0,0,0.07062184563789231,0.001918222,0.034632724,0.076115705
4590,0,1,0.38942365674004326,0.9806997,0.8964427,0.39602315
4591,1,1,0.2936768482223386,0.9816669,0.82779205,0.29974455
4592,0,1,0.19039102916360887,0.23890206,0.068776235,0.19328488
4593,0,1,0.010121999478195304,4.1608396e-06,1.9586796e-06,0.011808828
4594,0,1,0.020642808086145725,4.4309936e-06,2.2064864e-06,0.020711392
4595,1,1,0.4671563421933651,0.99982536,0.99843794,0.49097654
4596,0,1,0.18299013227800365,0.8298676,0.57541555,0.18433426
4597,0,1,0.27580960855937803,0.8661598,0.58244383,0.28067556
4598,1,0,0.5132918213955738,0.99966013,0.9999988,0.50648487
4599,0,1,0.0049101482592412244,8.531507e-08,1.3247894e-08,0.005713785
4600,1,1,0.7409547890099052,0.9796459,0.9368239,0.70399725
4601,0,1,0.012840151835106697,9.996565e-07,3.764395e-06,0.014545904
4602,1,1,0.46779031303174046,0.9904874,0.9671959,0.47322506
4603,0,1,0.005164625101762235,6.208526e-08,3.8501852e-08,0.00608106
4604,0,1,0.328363210345293,0.95987064,0.9474403,0.32193273
4605,0,1,0.02406035657135616,8.100596e-08,2.2743691e-08,0.025198143
4606,1,1,0.41584057336256014,0.99830186,0.96827716,0.4229804
4607,1,1,0.9984483618457832,1.0,1.0,0.9978245
4608,1,1,0.9988780475639012,1.0,1.0,0.99830234
4609,0,0,0.015199674374662858,2.1947412e-07,3.932108e-06,0.015958276
4610,0,1,0.4740474027171036,0.9995417,0.9958887,0.48739964
4611,0,0,0.0021793038682012844,1.7789194e-11,4.814375e-10,0.0023535867
4612,1,1,0.21045285214545098,0.9761105,0.85297143,0.21329431
4613,0,0,0.09254468302349037,0.0047799926,0.11362492,0.0964489
4614,0,0,0.003113541432089698,1.1124696e-08,1.7669113e-07,0.0057066265
4615,0,1,0.3859759568633864,0.99301916,0.9738801,0.3875171
4616,1,1,0.3315861586527133,0.9890055,0.8924001,0.33887598
4617,1,1,0.3441229332037009,0.6236103,0.5712433,0.3512608
4618,1,1,0.6399933398133777,0.9998721,0.9985121,0.65021545
4619,0,0,0.004852713114063809,1.3704917e-09,3.1033384e-08,0.005017475
4620,0,1,0.18888588922109176,0.66770554,0.23016974,0.19307801
4621,1,1,0.48093700575251735,0.99980533,0.9984743,0.501749
4622,1,1,0.8967727434535526,0.9999473,0.9998821,0.8775642
4623,0,0,0.0022168566043869508,3.545939e-10,1.4023879e-08,0.0028322872
4624,1,1,0.06320195349363178,0.004920077,0.0007568135,0.064453766
4625,0,0,0.04127551380818917,0.00041843634,0.011427077,0.044061106
4626,0,1,0.006088130271280775,1.8782951e-07,1.8363092e-07,0.0070925495
4627,0,1,0.1854874378036112,0.2285244,0.04295975,0.19242859
4628,0,1,0.07463771530711115,0.0033228544,0.000470984,0.07957178
4629,1,1,0.8218805043780255,0.9999989,0.9999958,0.8248281
4630,0,0,0.08305653017329645,0.03006825,0.46503344,0.09068478
4631,1,1,0.6982386970710531,0.98395777,0.85772246,0.6497665
4632,1,1,0.2876710577678918,0.45191398,0.38137802,0.2819543
4633,0,0,0.018466041736793216,0.00013743796,0.0023360536,0.022665424
4634,1,1,0.9332338459885683,0.9999994,0.99999666,0.91867703
4635,0,0,0.0002666807161690334,1.6722152e-14,2.906803e-13,0.0004769653
4636,0,1,0.6516104996569214,0.99995697,0.99929047,0.6549885
4637,1,1,0.05344040300820373,0.0007015059,0.0001669599,0.054548346
4638,0,1,0.003702876301513655,6.1022982e-09,1.2135053e-09,0.0043298737
4639,0,0,0.00309972440308657,2.6289837e-10,2.0083375e-08,0.0032192785
4640,0,1,0.14190855569726143,0.09590361,0.014727244,0.14654277
4641,0,1,0.25347002574123456,0.84573597,0.46325314,0.2583593
4642,0,1,0.15494066558259917,0.48235607,0.1574483,0.1555885
4643,0,0,0.0020986601706443433,1.015128e-11,4.988896e-10,0.002249866
4644,0,1,0.4861050410458851,0.99856466,0.991855,0.4888096
4645,0,0,0.015484269074906933,9.690925e-07,4.0723386e-05,0.016260473
4646,0,1,0.040240488055824565,1.017215e-05,9.292514e-07,0.041824453
4647,0,1,0.003110603417245434,4.822944e-09,2.8212959e-09,0.0038526098
4648,1,1,0.5884124635623844,0.99998033,0.99982405,0.5928922
4649,0,1,0.013284691405572167,6.1418797e-07,2.5635936e-07,0.015444565
4650,0,1,0.20736295869643168,0.46754664,0.09636208,0.21561472
4651,0,1,0.15645786380055182,0.15228094,0.0091918735,0.15897503
4652,0,1,0.06998024350375544,4.3303526e-06,7.523156e-07,0.04983359
4653,0,1,0.057255120700383154,0.00036440592,0.00016527822,0.059867278
4654,0,1,0.02376993884865701,9.870592e-06,7.160689e-06,0.023978207
4655,0,1,0.04188769476566885,0.00032770017,0.00016165411,0.048513323
4656,1,1,0.7894821591311297,0.9999976,0.99996877,0.79224265
4657,0,0,0.023106610504166555,5.8588583e-05,0.002660185,0.028030828
4658,0,1,0.6531758536544667,0.999208,0.9946458,0.63567036
4659,0,0,0.0532929835570562,2.6380272e-05,0.014911329,0.053297166
4660,0,0,0.006149804731826307,3.0850663e-06,3.2582861e-06,0.004929951
4661,0,1,0.0726824348889131,0.0440123,0.0059007104,0.07460315
4662,0,1,0.46310637715336445,0.99927324,0.9933384,0.46918565
4663,0,1,0.26178456172401043,0.769254,0.45803505,0.27041286
4664,0,1,0.6882592131003687,0.9997315,0.99728537,0.66530854
4665,0,1,0.01435856686230581,7.3849316e-07,8.997071e-08,0.014582346
4666,0,1,0.5212668721611277,0.9901239,0.9217665,0.5105202
4667,0,1,0.23782171066698127,0.36265954,0.07845194,0.24142075
4668,0,1,0.004995716278881183,1.2037271e-08,8.048752e-09,0.0060768942
4669,0,0,0.24951643115397704,0.8637293,0.9993727,0.24716802
4670,1,1,0.6893563794811192,0.9999976,0.9999695,0.7090224
4671,1,1,0.634080470051293,0.99996984,0.999746,0.6380213
4672,0,0,0.001590651744694076,1.5178576e-10,6.4651835e-09,0.0020238813
4673,0,1,0.37231208421538564,0.99867696,0.9940583,0.37844035
4674,0,1,0.050079896137091164,0.00011291909,3.5689896e-05,0.051332783
4675,1,1,0.7171640078462496,0.99999166,0.9999161,0.72293574
4676,0,1,0.19560827532430605,0.49119836,0.30930296,0.20256835
4677,0,1,0.0033912377768606466,1.8532187e-08,4.9557826e-08,0.00405641
4678,1,0,0.3290148595144576,0.9083158,0.9943659,0.3471452
4679,0,1,0.09174543281726144,0.012769871,0.0040434236,0.09263967
4680,0,0,0.00698489495165061,7.627824e-07,2.713751e-05,0.008883766
4681,0,1,0.01967792751782545,6.078323e-06,6.4203084e-07,0.01990023
4682,0,0,0.015952548805972237,2.311692e-06,7.630646e-05,0.017325196
4683,0,0,0.004764804530350208,2.0310502e-08,5.749269e-07,0.005064369
4684,0,0,0.00492709264140102,1.3053646e-07,1.2245779e-06,0.008651904
4685,0,0,0.056548964531033044,0.0013241544,0.026326181,0.059977196
4686,1,1,0.9999999999999913,1.0,1.0,1.0
4687,0,1,0.2608147266736288,0.67746997,0.30468604,0.27198
4688,1,1,0.7359462053135178,0.99958616,0.99840516,0.71143615
4689,1,1,0.9999999999999973,1.0,1.0,1.0
4690,0,0,0.07228759425171052,0.012332032,0.28082705,0.0777643
4691,0,0,0.022493246504275758,3.159444e-08,1.4726777e-06,0.016824253
4692,0,1,0.2677324081457315,0.70977426,0.33658257,0.270237
4693,0,1,0.043965993367611304,0.0029241682,0.0010874397,0.04318081
4694,0,1,0.1270147107240872,0.031254664,0.0117535805,0.12824775
4695,0,1,0.06877890363881906,0.007394841,0.0010051669,0.069080666
4696,0,1,0.08602810938940787,0.0043638255,0.0020821523,0.08430652
4697,0,1,0.002425946365663242,1.4727022e-10,8.920235e-11,0.0028512636
4698,0,1,0.004489318189988583,1.985663e-08,4.8334794e-09,0.0051114326
4699,0,0,0.10532796112041895,0.08158636,0.7139998,0.112670586
4700,0,1,0.006528221234350808,1.0625188e-07,5.949855e-08,0.0075620385
4701,0,1,0.2405185157611831,0.6845712,0.26647198,0.25158182
4702,0,1,0.004544562473779502,6.561752e-08,4.7087587e-09,0.0076297806
4703,0,1,0.5024437084184668,0.9979862,0.9867849,0.50987023
4704,0,0,0.02383604820389628,1.6849648e-06,6.66272e-05,0.024711475
4705,0,0,0.0010278653823504302,9.883743e-12,3.5715017e-10,0.0012577449
4706,0,0,0.014562398320814449,2.8435412e-05,0.00028784937,0.024702594
4707,1,0,0.9546150641837794,0.9999999,1.0,0.93922466
4708,0,1,0.004625614638003233,1.5015209e-08,8.813696e-09,0.005400621
4709,0,0,0.07816753993566833,0.00512109,0.5404974,0.07431824
4710,0,1,0.07483193645541525,0.00021449388,0.00027453815,0.07674429
4711,0,1,0.06835490044233689,0.36955008,0.22394158,0.085473455
4712,0,0,0.1655253598130058,0.012152532,0.551185,0.16785505
4713,1,1,0.6174427866789027,0.9993954,0.997681,0.61453193
4714,1,1,0.5368239492090839,0.99817777,0.9892818,0.5437707
4715,0,0,0.18763886555179995,0.72916204,0.99862814,0.18715349
4716,0,1,0.077437669619099,0.007497764,0.0005353025,0.07711853
4717,0,1,0.04333460521502715,7.5815997e-06,1.9976922e-06,0.022475401
4718,0,0,0.00019525580769778412,2.5289883e-13,3.4749027e-13,0.0002668791
4719,0,1,0.00145515880209803,4.413712e-12,1.013468e-11,0.0016658241
4720,1,1,0.1924161431947091,0.5525617,0.13880087,0.18848158
4721,0,0,0.05802433631501958,0.0011260788,0.014683856,0.06130638
4722,1,1,0.3591576126419971,0.99344593,0.98200023,0.3595376
4723,0,0,0.01476398150008801,3.7234597e-07,9.093353e-06,0.015663538
4724,0,0,0.21338891296044887,0.54283434,0.9976476,0.21189706
4725,1,1,0.8265102957480422,0.99999833,0.9999851,0.83027536
4726,0,0,0.1314531114850401,0.2844513,0.8663768,0.13402402
4727,1,1,0.14929435489282825,0.04305501,0.009603845,0.15463307
4728,0,1,0.03543327983945323,0.011357377,0.0022048873,0.062063318
4729,0,0,0.029417677631567215,0.0041730036,0.1362402,0.036246717
4730,1,1,0.6903312725269878,0.9999777,0.9998958,0.69821715
4731,0,1,0.001112886523101294,2.090265e-12,1.5687886e-12,0.0013006644
4732,1,1,0.6881699577627451,0.99998033,0.9998703,0.6889132
4733,0,0,0.0017224244305809957,1.2907002e-10,1.1582424e-08,0.0020601195
4734,0,0,0.12210074384527346,0.010285864,0.91242826,0.11721166
4735,0,1,0.22153140975601127,0.5623612,0.15463398,0.22601198
4736,0,1,0.027852724192864546,5.0480976e-06,3.9849206e-06,0.028419646
4737,0,0,0.028538691744616148,0.001117296,0.031783484,0.035259116
4738,0,1,0.16087629988561572,0.08222292,0.071975544,0.16635439
4739,0,1,0.24268702025127795,0.90585214,0.40757844,0.25310913
4740,1,1,0.8866051415120951,0.9999949,0.9999583,0.8662232
4741,1,1,0.8868142149375839,0.9999764,0.9998963,0.86229247
4742,1,1,0.7447261821744185,0.9999982,0.999985,0.750582
4743,1,1,0.2999811631303222,0.0077766534,0.009046506,0.24534522
4744,0,1,0.3026358070542741,0.89725804,0.29908872,0.31174618
4745,0,1,0.03669360227873937,0.002191935,0.0007513898,0.04275896
4746,1,1,0.830099633646859,0.99999905,0.99998784,0.8347941
4747,1,1,0.7850655224359194,0.99995446,0.999802,0.7680628
4748,0,0,0.03790470943927708,0.00010495681,0.001395662,0.040127102
4749,0,1,0.04919797549765054,4.056296e-05,2.1726137e-05,0.05079548
4750,0,1,0.007511609045559811,1.6800263e-07,9.694142e-09,0.01221687
4751,1,1,0.8026152163237165,0.9995362,0.9980173,0.7668912
4752,0,0,0.04057828720343461,5.031228e-05,0.0010543258,0.04242979
4753,0,1,0.01125930923064161,1.4214281e-05,7.051759e-06,0.013143507
4754,1,1,0.23711694995914312,0.7620779,0.23209603,0.24688572
4755,1,1,0.8357254001524653,0.99999714,0.99998593,0.8386101
4756,1,1,0.43882475510471514,0.9964465,0.9675811,0.45416632
4757,0,1,0.337539197442399,0.97685665,0.91364515,0.3408472
4758,0,1,0.6919984882807385,0.95734936,0.7101112,0.66158813
4759,1,1,0.1540932310696825,0.052916486,0.011564797,0.1594631
4760,0,1,0.04025424034150027,0.00020905823,7.817459e-05,0.040431373
4761,0,1,0.020230869739117252,6.58997e-05,3.0114463e-06,0.020846529
4762,0,0,0.004392509980113942,8.626606e-09,8.966184e-08,0.0046498105
4763,0,0,0.007040049359317402,1.3961396e-06,1.447275e-05,0.0123817315
4764,0,0,0.0015862027694650237,1.9229232e-08,2.1854795e-08,0.0013337802
4765,0,0,0.007827187923692287,5.8907497e-09,1.0135377e-07,0.008320459
4766,1,1,0.7041074101259626,0.9999281,0.9993294,0.70636874
4767,1,1,0.862927962411844,0.9999999,0.9999993,0.8636588
4768,1,1,0.1677419433182212,0.24908884,0.0117727,0.17123319
4769,1,1,0.8208739733989272,0.99999964,0.99999666,0.82575995
4770,0,1,0.07873040239122751,0.0022579578,0.0006928473,0.07979101
4771,0,0,0.004968359217378292,4.353406e-07,5.1451925e-06,0.009816702
4772,1,1,0.9815209258220251,1.0,1.0,0.97723365
4773,0,0,0.1946613541052522,0.98037887,0.99314344,0.21467113
4774,0,0,0.46758434574398816,0.9976624,0.99999344,0.465186
4775,1,1,0.7550907460967717,0.9999999,0.9999962,0.7723701
4776,0,0,0.03784797882006964,0.00010248517,0.0031791728,0.03971945
4777,0,1,0.359810445486541,0.97519255,0.8099134,0.35777086
4778,0,0,0.019087477227191254,2.7425056e-06,7.071381e-05,0.020996211
4779,0,0,0.051309589522913035,0.0001950092,0.0034735466,0.05325936
4780,0,1,0.2324813924682868,0.97083277,0.79728645,0.23566532
4781,0,0,0.0010012911485723474,3.6715974e-11,7.447696e-10,0.0017615805
4782,0,0,0.0028149301333007374,1.6300518e-10,4.8911257e-09,0.0030867236
4783,0,0,0.15735632950634246,0.0019186916,0.058646996,0.14700761
4784,0,1,0.008720395489405435,2.052557e-06,1.0694251e-06,0.010620536
4785,1,1,0.7008759914323498,0.99994624,0.9994906,0.70527256
4786,0,0,0.020862877698248402,1.8614252e-05,0.00041280204,0.021821065
4787,0,0,0.02175129815826583,3.4126402e-05,0.00096887833,0.025044154
4788,1,0,0.4049752855990813,0.9994719,0.99999714,0.41285127
4789,1,1,0.24418365515114374,0.7084536,0.28616533,0.24731687
4790,0,0,0.0034067346170761686,3.751714e-10,4.6168836e-08,0.0036599385
4791,0,1,0.7919886456406942,0.9999993,0.9999721,0.7969021
4792,0,0,0.04497660328871093,0.0002849895,0.0042853546,0.047087666
4793,0,1,0.055220616320249924,0.0040187566,0.0021063024,0.056452915
4794,0,0,0.0025261307584852136,9.521262e-10,3.5089183e-08,0.0032298232
4795,0,0,0.022760645198246405,1.2069641e-08,7.156254e-07,0.01691934
4796,1,0,0.01496336208402568,4.4748674e-07,4.86238e-05,0.015581241
4797,0,0,0.003189563753695262,2.8949282e-10,3.2297446e-08,0.0033464008
4798,0,0,0.03238447676392224,0.00016013485,0.0017763544,0.035006683
4799,0,0,0.007087905504298612,8.371697e-08,2.8789573e-06,0.008511166
4800,0,0,0.01683643342570834,1.9957395e-05,0.00031230156,0.018745435
4801,1,0,0.9570036852241489,0.9999999,1.0,0.9448316
4802,0,1,0.11138442105626416,0.012839955,0.0013787124,0.11406142
4803,0,1,0.12472733517121314,0.051547892,0.008323867,0.12608801
4804,0,1,0.024274786435160435,5.6566772e-05,2.6427964e-05,0.027457686
4805,0,1,0.3410785685205065,0.96051854,0.8387327,0.3370664
4806,0,1,0.6807733772279515,0.99957746,0.9989335,0.6801992
4807,0,1,0.39315822872078887,0.6510015,0.20989084,0.40600276
4808,0,0,0.004080563349531113,4.6265367e-08,1.5538445e-06,0.005104843
4809,0,1,0.02306809794961841,0.002865777,0.0012289059,0.029892024
4810,0,0,0.026959966993081418,4.7645786e-05,0.0006415402,0.029188547
4811,0,1,0.21136833182216455,0.74139124,0.31038347,0.21503872
4812,0,0,0.003950066165781783,2.4029674e-09,3.773938e-08,0.0070640133
4813,1,0,0.6695661669795419,0.9999622,0.9999999,0.6665512
4814,1,1,0.2905552776811347,0.9562188,0.6826484,0.2973447
4815,0,0,0.010410618170193583,2.7733222e-08,6.266847e-07,0.011066993
4816,0,1,0.23952325101438354,0.8749025,0.55457205,0.23607703
4817,1,1,0.39257331732865314,0.99385166,0.95008355,0.3972246
4818,0,0,0.159753305657502,0.6546625,0.9491583,0.16793087
4819,0,1,0.07357252950344204,0.00542665,0.00093756476,0.07251481
4820,0,0,0.0030668370331607825,1.4761001e-09,4.6187953e-08,0.003211628
4821,0,1,0.0008403613727315939,6.685491e-13,4.9261035e-13,0.0009841303
4822,0,1,0.32623902842941443,0.9251164,0.7234018,0.32685965
4823,0,0,0.036528109309375716,6.1544575e-05,0.0011437595,0.039586958
4824,1,1,0.8476997631109596,1.0,0.99999964,0.8508936
4825,0,1,0.2231850835148696,0.57384074,0.22342405,0.22635342
4826,0,0,0.016886342258232045,8.9440466e-05,0.001999688,0.020795267
4827,0,1,0.7030360323514205,0.9999813,0.99989915,0.70968026
4828,0,1,0.20997036443617492,0.40358898,0.060983237,0.2151815
4829,0,0,0.4778250105494192,0.9992994,0.9999993,0.466362
4830,1,0,0.9397813004561902,0.99999964,1.0,0.9243626
4831,0,0,0.013725853333303556,1.1583339e-06,2.5008649e-05,0.014616287
4832,1,1,0.6173994801639258,0.99994457,0.99965847,0.6147726
4833,1,1,0.8310169701398252,0.99999785,0.99998045,0.8345434
4834,0,0,0.025215056543312204,2.9399918e-05,0.0006327743,0.0266335
4835,0,1,0.03522617952133306,4.1180498e-05,7.0119913e-06,0.03707998
4836,0,1,0.018073790674033488,5.824656e-06,2.368334e-06,0.018339
4837,0,0,0.08440836025919027,0.011282339,0.54686624,0.08279832
4838,0,1,0.008446023512221262,9.9537786e-08,1.166966e-08,0.014940319
4839,0,1,0.0401746547156577,8.70202e-05,1.7580143e-05,0.041201293
4840,0,1,0.005236918873609666,2.1217128e-08,9.8543026e-08,0.0060549187
4841,1,0,0.7673947946871881,0.9999964,1.0,0.762258
4842,0,0,0.010675497770603573,4.247566e-07,5.938523e-06,0.011406596
4843,1,1,0.11765107058608525,0.009781756,0.0045897705,0.12055056
4844,0,0,0.018496882008201848,1.9562378e-05,0.00047765733,0.020479752
4845,1,1,0.6384437624493416,0.9996427,0.99965,0.638117
4846,1,1,0.6771343478270196,0.9971317,0.9894208,0.6514416
4847,0,1,0.17865529903785235,0.044370048,0.032222953,0.180601
4848,1,1,0.41768521346013204,0.9816388,0.90476143,0.41690686
4849,1,1,0.9950714546141035,1.0,1.0,0.9924212
4850,0,0,0.004243820711047607,3.2970437e-10,1.6439603e-08,0.004409839
4851,0,1,0.5247051794261641,0.9998913,0.9982023,0.53333503
4852,0,1,0.027215909728088537,0.00037074587,0.00016894328,0.03178021
4853,0,1,0.24160220712231426,0.012180769,0.0021607175,0.25421685
4854,0,1,0.0842582204854866,0.0051318975,0.0002588286,0.08537302
4855,0,1,0.011264793324238674,4.4631743e-06,2.6479793e-06,0.0130561665
4856,1,0,0.3589173945950549,0.9811086,0.9999604,0.35726133
4857,0,0,0.004977776459061083,2.9659608e-07,3.6264806e-05,0.005899897
4858,1,1,0.7448850194682485,0.9999883,0.9999174,0.75152475
4859,1,1,0.19835875833624628,0.37305066,0.10222429,0.20257574
4860,0,1,0.03805369218636798,0.00015255291,0.00011174383,0.0391652
4861,0,0,0.057593824598422966,0.0034569157,0.042916894,0.06129987
4862,0,1,0.624762301248756,0.9999567,0.9996321,0.6320405
4863,0,0,0.0018962578817124283,4.1973952e-10,1.482814e-08,0.002319046
4864,0,1,0.055423325903422624,0.0002864914,0.0002285446,0.055725805
4865,0,1,0.014351866763546014,7.9777226e-07,2.2094206e-07,0.01461203
4866,0,1,0.08914292992541983,0.011687323,0.0047167083,0.09293662
4867,1,0,0.16089544102014214,0.10427544,0.57090646,0.16837174
4868,0,1,0.001293864215964582,2.8336562e-13,2.4210934e-13,0.0013326273
4869,0,0,0.02419086771930731,9.5231235e-06,0.00018190776,0.026227007
4870,0,1,0.15685828877519548,0.05908846,0.007952626,0.16132517
4871,0,1,0.5335485187733748,0.9878533,0.9815436,0.5327706
4872,0,1,0.1375849262689324,0.05217036,0.0077312686,0.1412409
4873,0,1,0.8003147548353272,0.9999982,0.9999821,0.8075951
4874,0,1,0.8428689005293662,0.9999999,0.9999976,0.8487116
4875,0,0,0.16472078419867825,0.47899988,0.99698794,0.16637956
4876,1,1,0.22602662003725035,0.11735402,0.08581767,0.21052966
4877,0,0,0.007896706341162404,1.1275389e-07,2.0290775e-06,0.008150461
4878,0,0,0.006876795048392286,2.5769667e-08,4.1560093e-06,0.007397217
4879,0,0,0.05943037668433093,0.0022785629,0.065681696,0.06240044
4880,0,0,0.02178559958204208,0.00014413502,0.006228219,0.026821783
4881,0,1,0.10475625023556795,0.0012941961,0.00078961044,0.098692544
4882,0,1,0.009171638052713763,2.7719206e-08,3.0099823e-08,0.009039933
4883,0,0,0.001189585476206972,3.0322966e-10,8.553483e-09,0.0015731511
4884,1,1,0.7611149038983106,0.9985851,0.9941758,0.72307914
4885,0,1,0.02400137635949431,0.0031510678,0.0010887691,0.027581383
4886,1,1,0.9530468279543435,0.9999988,0.99999547,0.9422795
4887,0,1,0.01379236767602418,6.297417e-06,5.692973e-07,0.015679516
4888,1,1,0.4897902235308172,0.9969469,0.9794753,0.50630474
4889,0,1,0.11186513233259221,0.084797405,0.014421099,0.11467044
4890,1,1,0.6328769811879902,0.9999485,0.9994031,0.63681334
4891,0,1,0.06281839703644647,0.00024196418,5.275027e-05,0.06280638
4892,1,1,0.9508208906557002,0.9999994,0.9999968,0.94086695
4893,0,0,0.3293185899477205,0.9858818,0.99996066,0.33016944
4894,0,0,0.12668501132798884,0.0042034313,0.9170151,0.12560286
4895,1,1,0.28042290526404867,0.79441905,0.35363582,0.2856412
4896,0,0,0.04099878244170186,0.0008396111,0.010182251,0.04327609
4897,0,1,0.03589454834532552,1.1809912e-05,1.9699644e-05,0.034871776
4898,1,0,0.5428831839613446,0.9999728,1.0,0.5417568
4899,0,0,0.008065222911996217,3.7006682e-08,7.4684414e-07,0.008594436
4900,0,1,0.46373826997805057,0.99973303,0.99958664,0.47048593
4901,0,1,0.634628111122705,0.99999094,0.99994254,0.66040003
4902,0,1,0.05126518485680039,0.0012455793,0.002630533,0.05823179
4903,0,0,0.032744551801263184,0.0001282676,0.002584749,0.035264913
4904,1,1,0.7651984398842623,0.9999976,0.9999771,0.7732656
4905,0,0,0.009763476898655952,3.7980275e-08,5.3587854e-07,0.010440672
4906,0,1,0.1482618686345285,0.13246533,0.039195444,0.14962246
4907,1,1,0.2930953491133412,0.99315035,0.95181704,0.30966005
4908,0,0,0.1989464638919622,0.9405395,0.9814013,0.20472647
4909,0,1,0.02789235474302054,1.6853282e-07,4.0792457e-08,0.02947807
4910,0,1,0.12098491332804699,0.0020873365,0.0005825809,0.12734562
4911,0,1,0.10723009132975951,0.0017202172,0.00055760867,0.10788036
4912,0,0,0.04961545432491961,0.00036934993,0.15985844,0.04884362
4913,0,0,0.0432412286002245,4.4798788e-05,0.0012881677,0.044210464
4914,0,1,0.04784974843303477,0.00015819514,3.9107526e-05,0.048359197
4915,0,1,0.300153938253401,0.9011853,0.6234638,0.30436665
4916,0,1,0.4340630134962828,0.983008,0.98264545,0.44127664
4917,0,1,0.24940298713285605,0.7904947,0.3524452,0.25380614
4918,0,1,0.006717636177904428,6.845159e-08,4.758461e-09,0.010889814
4919,1,1,0.08416303977416285,0.009931897,0.0022150876,0.08326641
4920,0,1,0.037214025180326224,1.1885542e-06,4.1293072e-07,0.038914714
4921,0,1,0.024828309291895858,3.905245e-06,3.7198577e-06,0.024913238
4922,0,0,0.002648818580945419,1.0066742e-09,7.919409e-08,0.003161702
4923,1,1,0.6396066659211854,0.9999676,0.9997129,0.6434605
4924,0,1,0.07789452056601004,0.036722984,0.008228471,0.07824201
4925,0,1,0.03499373078471155,0.02049433,0.009111075,0.043993276
4926,0,1,0.24165399474888005,0.84940773,0.67643154,0.24213074
4927,0,1,0.08897286904318928,0.0023352315,0.0007868036,0.0891035
4928,0,0,0.01533250254461341,2.6742634e-06,7.804529e-05,0.016826965
4929,0,0,0.0025122249877766044,7.786706e-11,2.2059283e-09,0.0026891758
4930,0,1,0.17270064080698175,0.3086814,0.12543632,0.17714898
4931,0,1,0.18565581170366927,0.31180122,0.12489989,0.18570825
4932,0,1,0.27482531037001684,0.88901293,0.5695136,0.27817038
4933,0,1,0.023449178690500776,2.657778e-07,8.047956e-07,0.011544321
4934,0,0,0.0003624475334390813,2.1172918e-14,8.955258e-13,0.00044812143
4935,0,1,0.5328524875795516,0.9953642,0.9431139,0.5395592
4936,0,1,0.6139444666182585,0.9999174,0.99864894,0.6200499
4937,0,0,0.27956267793920003,0.5293177,0.97241294,0.28095606
4938,0,1,0.0018592942699732972,2.5995842e-10,1.2486657e-09,0.0021812008
4939,0,1,0.19502894273757068,0.2901735,0.063503996,0.20152007
4940,0,0,0.0026454764178891555,1.0554988e-09,7.127906e-08,0.0033105123
4941,1,0,0.4690606907940713,0.9997224,0.9999989,0.47767133
4942,0,0,0.13380249012629078,0.08140132,0.97210926,0.13095339
4943,0,0,0.014016775342207792,3.0623738e-05,0.0009770469,0.017873162
4944,0,1,0.04642434803929386,8.532144e-05,2.3067583e-05,0.044428118
4945,0,0,0.015597208491868757,9.004227e-07,4.4819803e-06,0.016331745
4946,1,1,0.7154093066267732,0.99999225,0.9999559,0.7240772
4947,0,1,0.03685139817706506,0.0002000377,0.000104585066,0.03857761
4948,0,0,0.003540512011752425,7.944276e-09,9.292072e-07,0.0037718408
4949,0,0,0.012132467355998478,9.64547e-07,2.1796448e-05,0.012873439
4950,0,1,0.16232271449613553,0.11985937,0.03118271,0.16647112
4951,0,1,0.15222658436972297,0.07942592,0.015822817,0.15471432
4952,0,0,0.05835297296343472,0.0035374206,0.05002258,0.061617874
4953,0,0,0.009731060290738442,2.6291898e-06,7.721455e-05,0.0120891845
4954,0,0,0.22143066372860895,0.97752166,0.99946076,0.23441206
4955,0,1,0.2603017306555419,0.7154122,0.32674524,0.26416224
4956,0,0,0.028101545304959112,4.6054865e-06,0.0003235139,0.028868338
4957,1,1,0.27226790402898293,0.88579464,0.55979073,0.2758667
4958,0,0,0.029038229698570523,8.6329555e-06,0.0008917999,0.03077604
4959,1,1,0.5326296019326855,0.99967617,0.99903303,0.52772015
4960,0,1,0.3212617861862772,0.9774678,0.6418089,0.330045
4961,0,1,0.5113124190566829,0.99570245,0.9716967,0.51862
4962,0,0,0.07096377678741381,0.019604264,0.27469558,0.074729644
4963,0,1,0.07214262583571308,0.016786221,0.004263728,0.0724754
4964,0,0,0.025468785017384248,3.5957666e-05,0.0004642082,0.026092164
4965,0,1,0.04662484248587401,0.0013926274,0.0008457973,0.047818918
4966,1,1,0.6748337658232357,0.99994755,0.99975246,0.68041867
4967,0,0,0.0010674232483588115,6.583515e-12,2.7483854e-10,0.001302473
4968,0,1,0.22066136613521956,0.6697434,0.2304118,0.22942619
4969,1,1,0.034493020619751194,1.0346782e-05,1.3095197e-06,0.03666665
4970,0,0,0.10640993710452873,0.008194023,0.37445292,0.11637091
4971,0,0,0.0035539139900467353,1.804477e-08,5.8653023e-07,0.0043384586
4972,1,1,0.9999999999999918,1.0,1.0,1.0
4973,0,1,0.13487020614949402,0.22852285,0.059858516,0.13643378
4974,0,1,0.2037226911610048,0.259745,0.17462924,0.20189142
4975,0,0,0.050492670209988794,0.002584867,0.017438857,0.055083245
4976,1,1,0.8408785888162873,0.99999774,0.9999901,0.8464097
4977,0,1,0.23405984553214237,0.7300931,0.28114173,0.2393216
4978,0,0,0.05378430345500269,0.00029680197,0.010171895,0.05747344
4979,0,1,0.027361248403149022,6.334114e-05,2.8618579e-05,0.028756274
4980,0,1,0.10267755856577615,0.0031618827,0.00091512094,0.10414477
4981,0,1,0.21696427124408993,0.7010244,0.44846395,0.21798097
4982,0,1,0.2470187372481211,0.9979235,0.9759153,0.2513861
4983,1,1,0.7211106640766841,0.99997437,0.9997191,0.72575516
4984,0,1,0.2058293854551567,0.2718506,0.07730054,0.21271622
4985,0,1,0.27327850707136336,0.11791955,0.014639876,0.2887123
4986,1,1,0.9919560151036793,1.0,1.0,0.98778313
4987,0,1,0.7120243444973074,0.999938,0.9987968,0.7155172
4988,0,0,0.575980783206852,0.99988246,0.99999964,0.5809343
4989,0,0,0.016099830694446544,2.2971785e-06,7.487664e-05,0.017182732
4990,0,0,0.0036413312821544385,2.4616935e-09,2.9875096e-08,0.0039296634
4991,0,1,0.21786150917464547,0.2790318,0.07212633,0.22673199
4992,0,1,0.1842409836512729,0.20360945,0.056299612,0.18730192
4993,0,1,0.03580406430792657,0.00084525754,0.0005411911,0.04247639
4994,0,0,0.32696269282596224,0.89860547,0.9996592,0.33016172
4995,0,0,0.0071294275646381165,6.651617e-10,1.048861e-07,0.00700162
4996,0,0,0.001420931376935263,1.3459071e-10,1.2488731e-09,0.001747024
4997,0,1,0.00186029585330055,1.7391041e-10,9.346346e-11,0.0021318742
4998,1,1,0.02577495845517005,1.7162245e-06,4.2779416e-07,0.026247706
4999,1,1,0.7619792099174328,0.99999166,0.9999672,0.76415116
5000,1,1,0.7090235040093829,0.99999344,0.9999372,0.71726644
5001,0,0,0.007080917763694336,4.57261e-08,1.4752754e-06,0.00811586
5002,1,0,0.22959382705297848,0.9849606,0.9990619,0.23879099
5003,0,1,0.4083066019622895,0.9918687,0.9152829,0.41246307
5004,1,1,0.3960924618597759,0.987939,0.95147955,0.39427024
5005,1,1,0.6639288807109796,0.9998683,0.9992452,0.6683704
5006,0,1,0.03934218781377253,9.999485e-05,3.0531097e-05,0.03914606
5007,0,1,0.6836003024475522,0.99979806,0.9995965,0.6862386
5008,0,0,0.010372436021611732,5.7396767e-07,4.921307e-06,0.017988374
5009,1,1,0.7361904631364067,0.9999968,0.9999536,0.73941636
5010,0,0,0.05256483472797585,0.0006901336,0.016247695,0.053013816
5011,0,1,0.3860918377639206,0.99394643,0.86530936,0.40633637
5012,0,0,0.0032651040170352777,2.3250489e-10,9.807385e-09,0.0034716618
5013,0,1,0.7275849985583905,0.99999976,0.99999845,0.7320377
5014,0,0,0.04739300541255853,0.0041612675,0.040003818,0.053034693
5015,1,1,0.5299449799851594,0.9998121,0.99761105,0.53707886
5016,0,0,0.011222935247681592,1.1924674e-07,1.8044514e-06,0.011646373
5017,0,0,0.15484801113434643,0.34405115,0.991342,0.15646115
5018,0,1,0.18083653721920692,0.006737741,0.0007639305,0.16535221
5019,1,1,0.6120125748049341,0.9995928,0.9982798,0.6193611
5020,0,1,0.012391329343186762,2.3984796e-07,6.384516e-07,0.012582353
5021,0,1,0.0006264395059309254,1.8574889e-13,1.4524504e-13,0.00073351304
5022,0,1,0.2492216138422487,0.85548246,0.51691145,0.26257288
5023,0,1,0.39053442413101747,0.9880506,0.92504054,0.38726658
5024,0,1,0.007079922665204047,3.232395e-07,9.4624866e-08,0.008253355
5025,0,0,0.016881170155183575,9.566355e-05,0.0021100433,0.021520743
5026,0,0,0.013677507407845865,1.3953023e-06,5.470106e-06,0.01447095
5027,0,1,0.0031134392840266485,3.6594014e-09,9.397438e-10,0.00372536
5028,0,1,0.78110756644374,0.99994195,0.999591,0.76746273
5029,0,1,0.10971218150515803,0.7414644,0.35741863,0.12834461
5030,0,0,0.005856086045758489,3.0753535e-09,1.8208063e-07,0.0064037642
5031,1,1,0.7935382468294516,0.99999714,0.99998283,0.7959425
5032,1,0,0.17737679136307027,0.23036331,0.99898475,0.1745963
5033,0,1,0.36289392732220027,0.98928833,0.8952564,0.36600772
5034,0,0,0.07261037790460087,0.0021309473,0.057866413,0.07924372
5035,0,0,0.08909801119545413,0.011011556,0.169693,0.0931203
5036,1,1,0.14693999188923382,0.014635735,0.0015247798,0.1571199
5037,0,1,0.04421907556731624,0.0015175642,0.00086376956,0.044110812
5038,0,1,0.26162635936459144,0.80188125,0.37605873,0.26174757
5039,1,1,0.5114044177170781,0.9980228,0.99243134,0.524316
5040,0,1,0.4466890618828072,0.97865933,0.88646543,0.44704756
5041,1,1,0.9212667886392617,1.0,1.0,0.92418927
5042,0,0,0.029468594778291682,1.15697e-05,0.00021030937,0.031330984
5043,0,1,0.08591914234898237,0.02096088,0.00960351,0.08721025
5044,0,1,0.18857346149731138,0.62649703,0.40071845,0.19183327
5045,0,1,0.10702563179107875,0.00036823333,0.0001311448,0.055471476
5046,1,1,0.8630343000802905,0.9999988,0.9999945,0.8683544
5047,1,1,0.6956726376314664,0.9999168,0.9997162,0.7032734
5048,0,1,0.16801406753508905,0.061758146,0.020094728,0.17437588
5049,1,1,0.26000111940744014,0.86264193,0.44590694,0.26521313
5050,1,1,0.9031560788269358,0.99999976,0.9999995,0.9052249
5051,0,1,0.2944197578310943,0.97069526,0.73939747,0.30283794
5052,1,0,0.4242579863914718,0.99872345,0.9999957,0.4187753
5053,0,1,0.003475582050916378,1.0437397e-08,2.1941828e-09,0.004066857
5054,0,1,0.38509005122190637,0.9878308,0.9320148,0.39024696
5055,0,0,0.0025092241449389432,3.9765786e-09,1.4376455e-07,0.0030547292
5056,0,0,0.0035432338745431304,1.093894e-09,2.6277428e-08,0.0037991144
5057,0,1,0.4736508334860858,0.99529535,0.9901907,0.48006848
5058,0,0,0.10853685655061787,4.0154457e-05,0.002163941,0.051970735
5059,0,0,0.04971107102994182,9.188781e-05,0.010163377,0.046051003
5060,0,1,0.07237119103287575,0.0033332268,0.0016030343,0.0730421
5061,0,1,0.0036629661274607457,1.7777554e-08,3.1175516e-09,0.0043060086
5062,1,1,0.4489807115568327,0.9827471,0.94912875,0.4445641
5063,0,0,0.024226169133843338,6.645586e-05,0.0051052356,0.028532544
5064,0,1,0.14524552387420514,0.019568535,0.0036287245,0.14980033
5065,0,0,0.07368624028002786,0.005549204,0.107064284,0.07806827
5066,0,0,0.016187316101419418,6.790484e-06,0.00030660562,0.01830121
5067,1,0,0.7825176752917951,0.99999845,1.0,0.7777303
5068,0,1,0.015688705618965886,4.1247065e-07,1.3341944e-06,0.015771648
5069,0,1,0.2755939261780356,0.9567036,0.8243427,0.27776283
5070,0,0,0.22535729538451105,0.7027145,0.95611686,0.23270057
5071,0,1,0.3824324023636402,0.99844295,0.9692801,0.3879833
5072,0,0,0.018731391768904572,5.1234674e-06,9.5949865e-05,0.02065629
5073,0,1,0.14203772613913443,0.30220377,0.02075641,0.14770748
5074,1,1,0.7088073662558018,0.999987,0.9998735,0.7131727
5075,0,1,0.6055523464916878,0.99999666,0.99998593,0.60687006
5076,0,0,0.08504010854089694,0.18751357,0.7979555,0.087481774
5077,0,0,0.06400866830697385,0.00025718292,0.015671121,0.0671348
5078,1,1,0.4858622323813776,0.97666067,0.9487414,0.48990083
5079,1,1,0.8291307760690476,0.9856392,0.9703673,0.65293425
5080,0,1,0.010606060875808291,1.7339461e-06,9.667148e-07,0.012608946
5081,0,0,0.043112528788900276,0.0006985442,0.017955411,0.046189643
5082,0,1,0.0811238165362639,0.045967665,0.007874549,0.1259177
5083,0,0,0.024646074542551914,4.0286304e-06,0.000114401315,0.026576757
5084,0,1,0.00562553987608037,4.3583572e-08,3.8090405e-08,0.0065780077
5085,1,1,0.13576336252664586,0.038268305,0.032607503,0.14009692
5086,0,0,0.04728850500708535,0.0009792388,0.028468477,0.051008083
5087,0,1,0.23892658640487371,0.7665764,0.2376065,0.24854757
5088,0,1,0.2394340015823988,0.597241,0.4920217,0.2361136
5089,0,1,0.001930937946745822,1.1356136e-10,2.0106304e-11,0.0022659665
5090,0,0,0.0028171375200770946,8.059405e-11,2.2802058e-09,0.0030204682
5091,1,1,0.9532509267792548,1.0,1.0,0.9546322
5092,0,1,0.5792445853822562,0.99896693,0.99292845,0.58733094
5093,0,1,0.29341686087624524,0.8464329,0.7243503,0.29032344
5094,0,1,0.12020318173879155,0.006159168,0.0020048842,0.123772666
5095,0,1,0.08444857059211539,0.0022296347,0.00019976818,0.085196674
5096,0,1,0.047402985758449694,0.0017108651,0.00034714153,0.048506465
5097,0,0,0.0015208526029761062,6.212877e-11,2.2319906e-09,0.0018759561
5098,0,1,0.4722753922930533,0.9995771,0.99348974,0.48041594
5099,0,1,0.2681560836444367,0.6357109,0.22160593,0.2713172
5100,1,1,0.7668625459764221,0.9999889,0.99996305,0.7695142
5101,0,1,0.19655309736342036,0.89194167,0.6008989,0.20923604
5102,1,1,0.537694367354321,0.9993806,0.99269825,0.54453
5103,1,1,0.7664192958414856,0.99999654,0.99997413,0.76987636
5104,0,1,0.100838534815385,0.018618966,0.002384599,0.10373568
5105,0,1,0.8836344161031452,1.0,0.99999976,0.8824845
5106,0,0,0.2535273595375093,0.62036735,0.9545082,0.26348048
5107,0,0,0.0376213917003759,4.4378005e-05,0.0014217822,0.04042442
5108,0,1,0.20452464213160773,0.6012709,0.24368405,0.21298546
5109,0,1,0.0010253177902006735,4.6278164e-12,1.1675024e-12,0.0011927595
5110,0,1,0.13527568761698047,0.04328672,0.018894192,0.13655576
5111,1,1,0.3200506099422515,0.96388805,0.7115187,0.31889603
5112,0,1,0.3101022454081537,0.9703812,0.9177174,0.311336
5113,0,0,0.0025340305406313306,2.2062816e-09,4.907613e-07,0.0031219176
5114,0,1,0.021063130989123522,2.7192875e-05,2.0497424e-05,0.024857951
5115,1,1,0.43452293380423085,0.9935521,0.96741074,0.44287077
5116,1,1,0.6348221240278378,0.99982643,0.9993593,0.64188564
5117,0,1,0.28742061319007256,0.86756504,0.5155562,0.2917884
5118,0,1,0.38953239791297956,0.99618274,0.9785961,0.39874655
5119,0,1,0.1750749758699755,0.06989691,0.016686058,0.1809817
5120,0,1,0.11432370233694539,0.12776752,0.01508111,0.11784263
5121,0,1,0.03976684586310326,4.7842062e-05,2.6776735e-05,0.04084798
5122,0,0,0.0002362812707803821,2.7817146e-15,1.2100451e-13,0.00029379103
5123,0,1,0.40713520942543135,0.98385936,0.930082,0.40757573
5124,0,1,0.1297283877882999,0.15940762,0.024881396,0.1286654
5125,0,0,0.032363630240679224,0.0007097455,0.015216591,0.033529337
5126,1,1,0.9992341164397012,1.0,1.0,0.99864334
5127,1,1,0.2778777137831279,0.9709584,0.9157825,0.27591053
5128,0,1,0.39078551712154735,0.82698715,0.49742138,0.3786799
5129,0,0,0.08440846626401187,0.049662717,0.7050789,0.08838345
5130,0,0,0.022305145088355703,1.2482598e-05,0.0002955167,0.024085673
5131,1,1,0.9466282344833381,0.9999994,0.99999857,0.93604827
5132,0,1,0.04031390767978479,0.00023466839,8.526767e-05,0.039728325
5133,0,0,0.004184241069228731,1.2515938e-09,1.5635461e-08,0.0045107305
5134,0,1,0.5710317818088113,0.9997155,0.9963898,0.5768702
5135,0,0,0.07376732133179638,0.00199711,0.12484293,0.07105097
5136,0,1,0.14154290478863896,0.060029235,0.02129287,0.1424261
5137,1,1,0.9161876170217216,1.0,0.99999976,0.91762644
5138,0,1,0.16735272983273747,0.1047498,0.020769887,0.17340095
5139,0,0,0.033963509786931155,0.00028446777,0.005939101,0.0358096
5140,0,1,0.6945567254985392,0.9994175,0.99726355,0.689405
5141,0,1,0.003383044893273124,3.6931918e-09,7.70116e-10,0.0055392766
5142,0,0,0.0032695432463951475,6.176112e-10,1.6466311e-08,0.0035026064
5143,0,1,0.1284142456579091,0.018682193,0.0032191928,0.13092381
5144,0,1,0.09438134317517882,0.015653843,0.007100253,0.09503676
5145,0,1,0.0313076410957735,3.282988e-05,2.2910916e-05,0.03104997
5146,1,1,0.9387586504971402,0.9999995,0.99999714,0.9254326
5147,1,1,0.5846963379216487,0.9984584,0.9962388,0.5925144
5148,0,1,0.030367913467516713,2.3573539e-05,1.433738e-05,0.030667285
5149,0,1,0.0031207777824214813,9.3529895e-09,1.9548176e-09,0.0036348037
5150,0,0,0.03363958501052579,2.761237e-05,0.0011577511,0.03507872
5151,0,1,0.010118398654871082,6.535798e-06,4.6849054e-06,0.012116014
5152,0,1,0.41195307868112047,0.9971271,0.9642664,0.41895384
5153,0,0,0.0007470630847551673,6.7841566e-13,2.6847689e-11,0.0009206411
5154,0,0,0.086654321657027,0.0052267085,0.13217793,0.09135849
5155,0,1,0.012015043148982042,1.238006e-07,7.23215e-08,0.012040227
5156,1,1,0.520539267198083,0.9994499,0.9955214,0.5300627
5157,0,1,0.1417027885708759,0.08283886,0.017901191,0.14335132
5158,0,1,0.4475061966721843,0.99846506,0.99297756,0.4509341
5159,0,1,0.42078657402468467,0.9917629,0.95257753,0.4269959
5160,1,1,0.7019197791629439,0.9999162,0.99951804,0.7064271
5161,0,1,0.007314481596848556,4.30776e-06,7.560701e-07,0.013102802
5162,0,1,0.06250164062627118,0.020578511,0.009167872,0.07223408
5163,0,1,0.06333669091831431,0.00027976543,5.830427e-05,0.06345656
5164,0,1,0.024897185904655856,0.00012758253,6.0127066e-05,0.029539602
5165,0,1,0.08613333141599502,0.048041634,0.014251838,0.08981015
5166,0,0,0.1558477956751427,0.03859107,0.98232543,0.15336113
5167,0,0,0.0024657563000698704,4.7315048e-11,1.2600613e-09,0.004602004
5168,0,1,0.7353131428849944,0.99999285,0.9999087,0.7391614
5169,1,0,0.14078199966034793,0.9999956,1.0,0.14203225
5170,0,1,0.3464619222076382,0.9888299,0.90732956,0.35223827
5171,0,0,0.018266860913896534,9.678529e-09,2.1292173e-07,0.009502412
5172,0,1,0.049488161898962116,0.00038237157,0.0010359944,0.05034588
5173,0,1,0.020930767448772838,3.5334444e-05,1.4002509e-05,0.02453885
5174,0,0,0.005443007672805394,6.684416e-07,1.9263432e-05,0.006656254
5175,0,0,0.0261157125523673,6.1983724e-06,0.00013778385,0.028433347
5176,0,1,0.03450118474913566,0.00021080785,4.2192132e-05,0.03556464
5177,1,1,0.6775131459711191,0.999933,0.999538,0.68823373
5178,0,1,0.1059670250350357,0.068251036,0.029276665,0.10389217
5179,0,0,0.002696254391610729,2.6525052e-10,3.0838724e-08,0.0028183854
5180,0,1,0.00933911120358455,3.5836968e-06,6.6758474e-07,0.015689079
5181,0,0,0.008705852436180257,3.0186925e-08,1.3242636e-06,0.009592269
5182,0,1,0.12396326135909529,0.034075323,0.0017931527,0.12700067
5183,1,1,0.9309380112770378,0.9999994,0.999995,0.9124827
5184,0,0,0.31576194677435876,0.996042,0.9999982,0.32813945
5185,0,0,0.003335036620481832,1.3235689e-09,5.5871016e-08,0.0037209252
5186,0,0,0.0028605912301823805,5.406813e-08,7.726811e-07,0.0055800737
5187,0,0,0.12822099993835523,0.0650094,0.7949376,0.1388105
5188,0,0,0.012575154988565134,2.5507834e-06,3.0074403e-05,0.013343428
5189,0,0,0.006947585960483055,3.411909e-07,9.741828e-06,0.007767071
5190,0,1,0.3838255461351901,0.99371076,0.93349636,0.3906322
5191,0,1,0.25213497260770074,0.933559,0.6436971,0.25631616
5192,0,1,0.01903402384297081,1.971134e-07,1.3709136e-07,0.020388963
5193,0,1,0.03460717909636841,0.00017795763,3.130247e-05,0.03401122
5194,0,1,0.4815143105119089,0.9974269,0.97607327,0.4888464
5195,1,1,0.8900867013177047,0.9999999,0.99999905,0.890137
5196,0,1,0.1614028727052565,0.091794744,0.012604512,0.16329977
5197,0,0,0.0012935256745826012,1.0769624e-11,4.8305454e-10,0.0014322692
5198,0,1,0.12296080217213405,0.014337495,0.00104514,0.12367248
5199,0,1,0.005097418151955691,2.7746026e-08,1.4816662e-08,0.0059456495
5200,0,1,0.18979285565880924,0.38103977,0.05734944,0.18934262
5201,1,1,0.6103659464322176,0.9998585,0.99814475,0.6164373
5202,0,0,0.09989995306519711,0.09840292,0.6689072,0.10711599
5203,0,0,0.020106814741461723,3.2932999e-06,6.9865506e-05,0.022098701
5204,0,1,0.003426843589887094,1.4628206e-09,7.415152e-10,0.004011623
5205,1,1,0.9785999331219177,0.999997,0.99999607,0.9676991
5206,0,1,0.30381986500872527,0.98939276,0.9054782,0.31053838
5207,0,1,0.3569577845463214,0.9935091,0.9546524,0.3615727
5208,0,1,0.006016398450706001,2.5804277e-07,4.7723336e-07,0.010087677
5209,0,1,0.0025590541186578893,5.4105326e-10,1.2575875e-10,0.0029572237
5210,1,1,0.998582763647971,1.0,1.0,0.9978224
5211,0,0,0.0011650784792674132,8.244095e-11,3.9618464e-09,0.0014074455
5212,0,0,0.26533787080086507,0.9467847,0.9998754,0.26945916
5213,0,1,0.3598680501469933,0.98009217,0.919016,0.36115897
5214,0,0,0.007114932163304588,1.0611108e-08,2.181949e-06,0.00734703
5215,0,0,0.01131386123529778,3.2615552e-07,1.6414011e-05,0.012436252
5216,0,0,0.021627409745558865,2.5859263e-06,0.00030430386,0.022536889
5217,1,1,0.3920785748616415,0.98792726,0.97556734,0.38706568
5218,0,1,0.004924742829949955,2.7749836e-08,2.7919087e-08,0.0057073277
5219,1,1,0.13768694433882228,0.69930923,0.3078735,0.14743999
5220,0,1,0.19687682290653555,0.49622998,0.31460842,0.20373192
5221,1,1,0.9955345019522456,1.0,1.0,0.9931196
5222,0,1,0.22546277405861842,0.41094476,0.21971938,0.22311695
5223,1,1,0.21549150120175387,0.061504968,0.011136282,0.21983781
5224,0,0,0.38213058769905767,0.99648523,0.9999901,0.38616058
5225,0,1,0.07879788108948854,0.0044929762,0.0017564411,0.07919677
5226,0,0,0.004752185346192369,1.8828156e-05,4.0532337e-05,0.0040388503
5227,1,1,0.41995675613522787,0.99746585,0.9776703,0.42626053
5228,0,1,0.205509719581914,0.41701722,0.14331384,0.20877384
5229,0,0,0.06931081440078314,0.0015704317,0.035193786,0.07380608
5230,0,1,0.0929240747818129,0.003394471,0.0016400026,0.09253276
5231,1,1,0.5517005417096645,0.99971086,0.997172,0.5611641
5232,0,1,0.0035443495561350495,9.698983e-10,5.060679e-10,0.0043437635
5233,1,1,0.6868006603059692,0.9999188,0.9992774,0.69146895
5234,0,0,0.018583026813126565,4.8979714e-06,0.00023727078,0.020095259
5235,0,0,0.014905172333871184,5.7948022e-05,0.0001969475,0.025627593
5236,0,1,0.10006053207035483,0.16592354,0.016302507,0.10283848
5237,1,0,0.9116256287344331,0.99999785,1.0,0.8902219
5238,0,1,0.004997271565173782,4.901896e-08,4.082349e-09,0.008358928
5239,0,0,0.0021619065068946204,1.2599651e-09,3.341643e-08,0.0026590708
5240,0,1,0.04926557394353288,0.000108485656,0.00037734318,0.050753243
5241,0,1,0.19222657301092652,0.2479052,0.07008929,0.19501163
5242,1,1,0.1489662957702058,0.022731785,0.012889822,0.14248723
5243,0,0,0.044870016221101205,0.0005850351,0.011502596,0.04746518
5244,0,1,0.03972258561021258,0.00010582379,6.3123945e-05,0.042914227
5245,0,1,0.3208198144321262,0.9801276,0.6640461,0.33103767
5246,0,0,0.02242834895030317,0.0002790765,0.0017474839,0.024913996
5247,1,1,0.4849269811622199,0.9973469,0.97160786,0.49828506
5248,0,1,0.549257280744565,0.9999924,0.99992144,0.5614439
5249,1,1,0.7996206275746508,1.0,0.9999993,0.81610304
5250,0,0,0.0048563598595329095,1.1405793e-08,2.1441251e-07,0.0052195513
5251,0,0,0.0015467600893405479,5.5890757e-11,1.3651831e-08,0.0019078136
5252,1,1,0.372521924412205,0.9947175,0.94168687,0.3730321
5253,1,1,0.9535087991605937,1.0,0.99999976,0.9432979
5254,0,1,0.048574005794595795,0.0035633252,0.0015229377,0.056580253
5255,0,1,0.355402958294589,0.1457695,0.13922983,0.35111853
5256,0,1,0.22874220814759402,0.5767697,0.08513131,0.23216963
5257,0,0,0.0016611550127763747,2.6877295e-08,1.5213931e-07,0.0020324343
5258,0,1,0.08836001552850178,0.0006483878,5.3238608e-05,0.09047499
5259,0,1,0.5092377636573098,0.9982907,0.9920184,0.5111749
5260,0,0,0.009305903347570749,1.128528e-08,3.4240807e-07,0.009939515
5261,0,1,0.022133139766337483,7.3766364e-06,3.0255808e-06,0.021525957
5262,0,1,0.08913684267452082,0.0044162627,0.0012392286,0.0872863
5263,1,1,0.1333654790030294,0.030888328,0.011351804,0.13475958
5264,0,1,0.28155462357608707,0.9987172,0.9885817,0.30009937
5265,1,1,0.9938249638046116,1.0,1.0,0.9919635
5266,1,1,0.5030997512451688,0.9997839,0.9979431,0.5092517
5267,0,0,0.21676212681598866,0.69430274,0.94645876,0.21498606
5268,0,0,0.08628934131983225,0.009627968,0.27008832,0.09069459
5269,1,1,0.706848502045191,0.9999896,0.99988747,0.7127313
5270,0,0,0.049727761983242955,0.00019125982,0.019535577,0.04920578
5271,1,1,0.18661330156820075,1.1308236e-05,5.9777058e-06,0.1544492
5272,0,0,0.03875308399511066,0.0009284255,0.012567612,0.04041543
5273,0,0,0.04864845989684549,0.00010232024,0.006805974,0.050707996
5274,0,1,0.1351058475725945,0.010203049,0.014371572,0.12582144
5275,0,0,0.12465083415176952,0.018859128,0.39213103,0.12948449
5276,0,1,0.0037018866624295215,4.368809e-09,2.5201912e-09,0.0043633077
5277,1,1,0.8446168242534667,0.9999994,0.9999931,0.8457051
5278,0,1,0.011778526562581397,1.8983273e-07,3.46108e-08,0.011717788
5279,1,1,0.920189901154066,1.0,0.99999976,0.91984427
5280,0,1,0.22975485275152388,0.48715678,0.16821246,0.23089938
5281,0,0,0.0015654756694772664,3.9144365e-12,1.1024252e-09,0.0016848494
5282,1,0,0.053369784151654984,0.0005926295,0.27767473,0.051117305
5283,1,0,0.966933685306916,0.99999845,1.0,0.9519878
5284,1,1,0.9999999999999896,1.0,1.0,1.0
5285,0,0,0.047063514475886026,0.00045905923,0.010763202,0.048903015
5286,0,1,0.6244558571994259,0.99998164,0.99995947,0.6341717
5287,0,1,0.1372804758627621,0.22026694,0.08868473,0.14431013
5288,0,1,0.32412812785908995,0.9395017,0.7004987,0.3365331
5289,0,1,0.013543422278646121,1.2508184e-05,5.0721824e-06,0.015765296
5290,0,0,0.0038218645719251547,1.2217342e-08,3.5921443e-07,0.004672322
5291,0,1,0.050208428809201934,2.2884585e-06,6.167606e-07,0.052807175
5292,0,1,0.09741879237903342,0.004558004,0.0019908831,0.09794904
5293,0,0,0.013083551236158517,1.0877705e-05,0.00022761688,0.015159248
5294,0,0,0.08476434039075814,8.63171e-07,4.0474362e-05,0.039529417
5295,0,1,0.016878206924502783,6.108292e-07,5.9453737e-07,0.015870217
5296,0,0,0.0017976129725338589,2.8206004e-10,1.1752463e-08,0.0023140118
5297,0,1,0.004222768956975269,6.779785e-09,3.873105e-09,0.004924856
5298,0,1,0.026286471697536323,3.4700442e-05,1.6713147e-05,0.027569534
5299,0,1,0.00491602816497508,7.2883126e-09,8.3447793e-10,0.0054654735
5300,0,0,0.0035583336279651407,4.5140713e-09,9.1798927e-07,0.0043871556
5301,0,0,0.18915514816598497,0.3422532,0.9564062,0.19769987
5302,0,1,0.007501547495704137,9.85679e-07,4.540402e-07,0.008994349
5303,1,1,0.2977234014508689,0.935668,0.6409423,0.3011697
5304,0,0,0.07989535432106619,0.006507176,0.055003382,0.0826034
5305,0,1,0.07233155350027387,0.0010811656,0.00033651106,0.07311216
5306,0,0,0.014361708944562422,2.8519125e-07,4.500741e-06,0.015536184
5307,0,0,0.0025857290471554715,1.8086039e-09,5.988051e-08,0.0031655184
5308,1,1,0.18130068588292125,0.031172728,0.025299668,0.17940727
5309,1,1,0.4839451062737999,0.9870115,0.93805355,0.49536327
5310,0,1,0.26204660108128885,0.8976138,0.71263456,0.25905642
5311,0,0,0.011795748324783105,7.629703e-08,1.0309661e-06,0.01228796
5312,1,1,0.9180568083475987,1.0,0.99999976,0.91927475
5313,0,0,0.22541909679296984,0.08086944,0.9757387,0.22319558
5314,0,1,0.27634831291163703,0.9039788,0.58912003,0.28026456
5315,0,0,0.05305324496444599,0.00036278163,0.0075183837,0.055960298
5316,0,1,0.05144292931594123,0.0041298163,0.0010988598,0.052602693
5317,0,0,0.1282748726173339,0.02470086,0.26111782,0.13518304
5318,1,1,0.7889113054116802,0.99999464,0.99994946,0.7902865
5319,0,0,0.013880863470996653,4.1383515e-05,0.0008673816,0.016693445
5320,0,1,0.0035485764906296553,2.1794218e-09,4.3370103e-09,0.005878075
5321,0,1,0.003206369342437252,2.5227882e-09,4.980729e-10,0.0031936897
5322,0,1,0.30507675575345733,0.90790933,0.9546949,0.30096582
5323,0,0,0.10619839175049184,0.0010469641,0.28457212,0.10798326
5324,1,1,0.8396558092106471,0.9999999,0.99999785,0.8421554
5325,0,1,0.030376506564719838,0.00017698646,0.00013756382,0.031232944
5326,1,1,0.7146266878422247,0.9998659,0.99977875,0.7170079
5327,0,0,0.00046676712040842584,2.8117173e-13,1.1949092e-11,0.0005733253
5328,0,0,0.0341519797864274,9.8644974e-05,0.002708973,0.037515398
5329,1,1,0.839091780693006,0.99993396,0.99954337,0.8097775
5330,0,0,0.15012395364577139,0.0021350759,0.26296043,0.13948372
5331,0,1,0.01793819319839246,5.027152e-07,2.705903e-07,0.018689876
5332,0,0,0.013472678170910031,1.7316936e-06,4.481644e-05,0.014200387
5333,0,1,0.23878660461729853,0.59178257,0.18657169,0.24102801
5334,0,1,0.01792367046742905,1.4959888e-07,3.7131193e-07,0.01778094
5335,1,0,0.7403884907651335,0.9999937,1.0,0.7350453
5336,0,1,0.011891677909053667,8.1438024e-08,2.8967538e-08,0.012083434
5337,1,1,0.8854078225232522,0.9999831,0.99989855,0.86332303
5338,1,1,0.3041822912034598,0.94161606,0.82302046,0.30408502
5339,0,1,0.0931730556766572,9.966784e-05,3.6461148e-05,0.047243822
5340,1,0,0.5086766579302235,0.98876804,0.9999939,0.4984059
5341,0,1,0.24935161145374315,0.8871016,0.4523715,0.26194084
5342,0,0,0.02880095369958528,7.2264884e-05,0.0009148464,0.031149369
5343,1,1,0.6567079708146298,0.9999542,0.9996825,0.6646118
5344,0,1,0.23451893747343944,0.5397262,0.1848513,0.23701745
5345,1,1,0.8268487877567189,0.99944633,0.9987947,0.79619896
5346,0,1,0.03437213261054206,0.00016591123,0.000105268235,0.034682654
5347,0,0,0.04193802030203006,0.00018473153,0.0027550717,0.045587357
5348,0,1,0.23339426850379494,0.68986344,0.25720447,0.2455928
5349,1,1,0.9977861643970722,1.0,1.0,0.99667823
5350,0,1,0.07396338595214665,0.004873593,0.004029262,0.0676233
5351,0,0,0.15466189410872894,0.03998084,0.5819527,0.15990843
5352,0,1,0.013764540159573341,1.2856767e-08,3.0685041e-09,0.014638885
5353,0,0,0.03067148873607143,3.5404533e-05,0.0009316022,0.033562243
5354,1,1,0.5755425752637979,0.9973936,0.99680233,0.57637686
5355,0,0,0.002389273070708619,5.7203425e-10,2.3731529e-08,0.0030442192
5356,0,0,0.008723549535404095,2.9146493e-08,5.057692e-06,0.009396815
5357,1,1,0.6155057433843387,0.99999785,0.999987,0.6185046
5358,0,1,0.0034941860351597387,6.187905e-13,1.5144351e-12,0.0033825934
5359,0,1,0.35370672026261474,0.9956554,0.9539785,0.36205462
5360,0,0,0.002465725617116317,1.8212006e-09,4.1930866e-07,0.0030370757
5361,0,1,0.005101735047435756,2.8669183e-08,1.502392e-08,0.005983676
5362,1,1,0.7147814753038252,0.99999845,0.9999944,0.71101254
5363,0,1,0.8025159265934843,0.99999917,0.9999858,0.81033397
5364,0,1,0.01870703820359927,2.7249314e-06,1.4694286e-06,0.02099846
5365,0,1,0.0237750193273488,2.0748948e-05,8.517932e-06,0.024118798
5366,0,1,0.2109249565493206,0.43396825,0.13017568,0.22140852
5367,0,1,0.016054131406368976,1.9664298e-05,9.06912e-06,0.018985068
5368,0,1,0.015405512859489582,1.00636e-05,4.233172e-06,0.018208595
5369,0,1,0.028763175500565723,2.5589359e-06,9.355025e-07,0.028376358
5370,0,1,0.31617218091956706,0.9949396,0.9500546,0.32765862
5371,0,1,0.002137811474510456,9.480592e-11,5.6162613e-11,0.0025387108
5372,0,1,0.1651359711096031,0.5877863,0.28743383,0.16465448
5373,1,1,0.8081521531726559,0.9999982,0.999974,0.8119225
5374,0,1,0.01957141479604494,3.4816057e-05,1.8164812e-05,0.023062035
5375,0,1,0.10309808167259679,0.0005867355,0.000118044976,0.10928277
5376,0,0,0.0282599760719463,7.308392e-06,0.0003726848,0.02977558
5377,0,0,0.3915570977661382,0.99300027,0.99963677,0.40507075
5378,0,0,0.0016042486741652622,5.544991e-10,6.1242775e-09,0.002856139
5379,0,1,0.4078561795549327,0.9198614,0.6985072,0.41587144
5380,0,1,0.09279347706494728,0.00017859522,3.7983857e-05,0.0664343
5381,0,1,0.03584867561771212,0.00019384759,6.5086984e-05,0.0364265
5382,0,1,0.12194758662947337,0.040159475,0.015043789,0.12251795
5383,0,0,0.029844081917920325,3.6475896e-05,0.00060198194,0.033064608
5384,1,1,0.2842542500767158,0.813214,0.4489529,0.28699148
5385,0,0,0.004639424572791021,7.39071e-10,1.4559244e-07,0.0049285865
5386,0,1,0.3199954510123537,0.842366,0.43043172,0.32663077
5387,0,1,0.0400206580347192,0.001212768,0.00045314792,0.041469038
5388,1,1,0.5731345166440135,0.999213,0.99508494,0.5774995
5389,1,1,0.9547144226923093,0.9999999,0.9999995,0.9452889
5390,1,1,0.05081083736488404,0.0056726136,0.003147086,0.051505923
5391,0,1,0.0015962850681178911,3.713489e-11,9.51655e-12,0.0018427654
5392,0,1,0.7203087702602987,0.9999752,0.99993455,0.71888244
5393,1,1,0.19815856330144593,0.40613407,0.22219259,0.19913691
5394,0,1,0.012339948837902827,1.0412281e-05,5.0688072e-06,0.014384249
5395,1,1,0.16044207412528613,0.10742463,0.08151819,0.16471678
5396,0,0,0.08667557198615466,0.009043484,0.14756276,0.090604
5397,0,0,0.0003177248074821867,1.848037e-12,2.206291e-12,0.00025863
5398,0,0,0.002126751040952899,5.3577986e-10,7.313127e-09,0.0023506864
5399,0,0,0.005216905605032154,2.967868e-07,1.09741395e-05,0.0066749826
5400,0,0,0.022505503266368104,6.969883e-07,1.3959165e-05,0.023746591
5401,0,1,0.3371673977916754,0.9714153,0.8560023,0.33715323
5402,1,1,0.31488892497749277,0.9564916,0.7534476,0.31578308
5403,1,1,0.2486523145304162,0.8086266,0.36644748,0.25372416
5404,0,1,0.007629627818848531,8.4257044e-07,5.0886086e-07,0.008914737
5405,0,0,0.10621604387018889,0.03933731,0.55583614,0.1112834
5406,0,1,0.007763760989087607,2.0907567e-07,9.901235e-08,0.009062356
5407,0,0,0.09193035048244276,0.0059375726,0.08914035,0.09812275
5408,0,1,0.08572857193602383,0.0005990821,0.00019419058,0.0861349
5409,0,0,0.05754224911830968,0.0003056772,0.014173711,0.062574945
5410,0,1,0.25514338891714755,0.6053525,0.26430514,0.26062477
5411,0,1,0.6200019001202193,0.9998199,0.9982932,0.6268877
5412,1,1,0.7422879983147099,0.9999826,0.9998765,0.74790776
5413,1,1,0.6065109334969012,0.99932784,0.9955782,0.6131015
5414,0,1,0.3106929342086894,0.82372373,0.6502504,0.30904064
5415,0,0,0.02870831741280284,0.003433307,0.08296818,0.03473417
5416,0,1,0.01335994019394801,1.0273965e-06,1.9841758e-07,0.0134273125
5417,1,1,0.14602695959229495,0.040455792,0.008873821,0.15162405
5418,0,1,0.17069166984183193,0.8256475,0.4514267,0.18435849
5419,0,1,0.8110080167294393,0.9999994,0.99998474,0.8160772
5420,0,0,0.005402568498961015,3.7351246e-08,1.1555238e-06,0.0066585722
5421,1,1,0.15934106711526802,0.032479446,0.0058634095,0.16352707
5422,0,1,0.02964725155607453,4.5321696e-07,6.223643e-08,0.031916317
5423,1,1,0.1387170823118941,0.029739983,0.0029590758,0.14611559
5424,0,1,0.1819437130625164,0.19744664,0.05384339,0.18522125
5425,0,0,0.006978943712265022,9.405785e-08,1.5773298e-06,0.007372613
5426,0,1,0.27686869624349697,0.96854156,0.62776726,0.29391006
5427,1,1,0.6672907387243079,0.9998888,0.99949574,0.6759821
5428,1,1,0.8180058929278137,0.99999714,0.99998057,0.82176036
5429,0,0,0.0004002391154150401,8.231026e-14,3.8604137e-12,0.0004907923
5430,0,1,0.0034831804988331096,7.271632e-10,1.3512189e-10,0.005799309
5431,0,1,0.4537058510686516,0.9891534,0.9561949,0.46724427
5432,1,1,0.07470763377148026,0.00037608878,8.801667e-05,0.03806664
5433,1,1,0.6480962708565983,0.99998105,0.99985325,0.64667666
5434,0,1,0.03458525883290865,9.649907e-06,1.46648135e-05,0.032226656
5435,0,0,0.10035055635589386,0.02683628,0.20928015,0.11036277
5436,0,1,0.10691318216584053,0.00075832166,2.8453778e-05,0.11618067
5437,0,1,0.0008924442274180663,2.8063717e-12,6.4107243e-13,0.0010510375
5438,1,1,0.4353003595988169,0.99766916,0.97642285,0.4404415
5439,1,1,0.165981269553339,0.14179035,0.024985924,0.17349243
5440,0,1,0.4501646038177833,0.99985445,0.9963742,0.45736724
5441,0,1,0.03373916868547663,0.0014029907,0.00047824436,0.0340604
5442,0,1,0.27976047778260466,0.80462885,0.43214226,0.28294966
5443,0,0,0.000796241707023679,7.958821e-13,3.266415e-11,0.00097461283
5444,0,1,0.000936093990651107,2.6392302e-12,1.8338547e-12,0.0011083469
5445,1,1,0.48019093583191025,0.994985,0.98843795,0.49016893
5446,0,1,0.038702901740220036,0.00024453012,2.3931221e-05,0.039884575
5447,0,0,0.000927519015931263,2.8028625e-12,2.377196e-10,0.0011427087
5448,0,1,0.06178654670141748,0.0011677492,0.0005101718,0.060728177
5449,1,1,0.4094764835807289,0.9985636,0.9791174,0.4203475
5450,0,0,0.035680711741968615,2.9507758e-06,0.00022880624,0.037515447
5451,0,1,0.002060886924680357,2.2337057e-10,1.5186309e-10,0.0024084935
5452,0,1,0.06711931005768122,0.012909799,0.0058635646,0.0692832
5453,0,1,0.19445691092174164,0.60329986,0.16214718,0.19473615
5454,0,0,0.1861577186531344,0.8685673,0.9980019,0.18456496
5455,0,1,0.44105200169003184,0.984463,0.92605716,0.4464384
5456,1,1,0.45246538375916046,0.9883482,0.92735237,0.4657022
5457,0,0,0.006959453096348346,1.6071743e-08,2.0203688e-06,0.007221197
5458,0,0,0.003500548931190574,2.9540811e-10,2.2571045e-08,0.0034730514
5459,0,1,0.015878629437608278,3.4666275e-05,1.0950575e-05,0.01898879
5460,0,0,0.0013865581319330094,1.0943337e-10,3.917296e-09,0.0016997171
5461,1,1,0.7576494691582146,0.9999988,0.99999785,0.7496615
5462,0,1,0.25049095905786545,0.44681412,0.07358869,0.26512805
5463,0,1,0.7272407883851667,0.99996614,0.999752,0.73198617
5464,0,1,0.006138775927491554,1.0455618e-10,3.362051e-11,0.0065622963
5465,0,1,0.12847720821855174,0.06989124,0.0033782593,0.13070595
5466,0,1,0.00524850865321791,2.2323437e-07,1.712013e-08,0.0054997047
5467,0,1,0.6590820498843362,0.9999397,0.9994224,0.6650859
5468,1,1,0.6743807012599748,0.99996305,0.9998063,0.6831858
5469,1,1,0.7866179635336509,0.99975175,0.9990514,0.7755404
5470,0,1,0.07597927298933403,0.00514408,0.0006991033,0.07943375
5471,0,0,0.08656932538623995,0.0013358383,0.057877645,0.09034734
5472,0,0,0.035661788794294096,8.369333e-05,0.0013192779,0.039103456
5473,0,1,0.12989424410190262,0.013765542,0.0036387432,0.13257341
5474,1,1,0.7600332362078563,0.9999919,0.9999316,0.7620039
5475,1,1,0.7668109542986649,0.99999964,0.99998045,0.77158046
5476,0,1,0.0691037076214963,0.005060346,0.0011076777,0.07030224
5477,0,1,0.6743984475938678,0.99989223,0.9986302,0.6855266
5478,0,1,0.006060134197811125,7.6458207e-07,3.0975318e-07,0.007107608
5479,0,0,0.001804076864161196,4.190212e-10,1.3684132e-08,0.0022250589
5480,0,0,0.09340531464994724,0.023755101,0.87529105,0.09275922
5481,0,0,0.27248831336559465,0.97252715,0.9999331,0.27825245
5482,0,1,0.07488342270655626,0.0037220516,0.00079964346,0.074068286
5483,0,1,0.03572825111187634,0.023365913,0.013428514,0.04511421
5484,1,1,0.1799179390237731,0.31847435,0.09278711,0.17848392
5485,0,1,0.33946720335940667,0.85678124,0.6039351,0.3389107
5486,0,0,0.139336743306429,0.05879344,0.8665954,0.14392267
5487,0,0,0.0019845444948318183,1.2945296e-09,3.0237057e-08,0.0024256434
5488,0,1,0.1217134852072638,0.14674935,0.038730774,0.12222751
5489,0,1,0.027138240148675597,2.4423585e-05,8.205582e-06,0.02808326
5490,0,1,0.03191243077440673,6.163032e-05,2.7207321e-05,0.03190186
5491,1,1,0.054132212992378456,0.0005031955,9.53057e-05,0.055876896
5492,0,1,0.18796784125100083,0.19430491,0.039177187,0.19372004
5493,0,0,0.02196579209388059,4.6307217e-05,0.0006688432,0.024349093
5494,0,0,0.02138926907786935,1.2367802e-05,0.00034368655,0.023418592
5495,0,1,0.10366943308517222,0.13435954,0.022428708,0.10462337
5496,1,1,0.9924458033220679,1.0,1.0,0.98833686
5497,0,0,0.0013221163856213468,2.4535428e-12,4.7147686e-10,0.0014116955
5498,0,1,0.31296882680398175,0.9685326,0.8558191,0.31569713
5499,0,1,0.23809798206440672,0.59849185,0.2975066,0.24145405
5500,0,0,0.008107502908121702,1.3836625e-07,4.1251146e-06,0.008457383
5501,0,0,0.00697913813326543,9.049641e-10,1.0446484e-07,0.007185163
5502,0,0,0.13228373501747975,0.030866057,0.6363795,0.13093239
5503,1,1,0.6821137582610577,0.99997175,0.9996182,0.6849978
5504,0,1,0.3579880698449511,0.99809426,0.9780847,0.3657276
5505,0,1,0.22374840145081903,0.37269855,0.23889068,0.22137338
5506,0,1,0.09543198999477488,0.0051018894,0.005098691,0.09850222
5507,0,0,0.012254751987043264,6.2031622e-06,3.3921304e-05,0.013240465
5508,0,1,0.029975920819723362,7.14712e-05,1.4661625e-05,0.04832152
5509,0,1,0.37126244872379166,0.9484115,0.75853527,0.3739984
5510,0,1,0.6304073253031489,0.99869233,0.998251,0.6309559
5511,0,1,0.030811803300672413,3.4476703e-05,1.637146e-05,0.031752937
5512,1,1,0.5703241886543454,0.9994719,0.99536633,0.57526666
5513,1,1,0.7328095062677795,0.99999917,0.9999881,0.73610365
5514,1,0,0.32952554564894,0.9870361,0.9999689,0.33452064
5515,0,0,0.006361007011164208,3.4800988e-07,1.09367775e-05,0.007678261
5516,0,1,0.00852479904514648,6.9865413e-10,3.5100667e-10,0.008913414
5517,0,0,0.08160294974420275,0.0009268329,0.02655819,0.0864762
5518,1,1,0.7551030367348608,0.9999591,0.99983716,0.7313546
5519,0,1,0.1049449668070456,0.19641788,0.0244002,0.10713592
5520,0,0,0.026703569110018054,5.666639e-05,0.000754102,0.02902358
5521,0,1,0.21269773767299321,0.38241863,0.12192367,0.21761325
5522,0,0,0.0020422363960946473,1.5786142e-10,3.962254e-09,0.0022063535
5523,0,0,0.04635547594861539,1.7581286e-05,0.0003971531,0.05003054
5524,0,1,0.13416379331921663,0.0031743692,0.00011755365,0.14345367
5525,0,0,0.0773453483865324,0.008440489,0.22154921,0.08175886
5526,0,1,0.008059757570437701,6.6968903e-07,4.1155084e-07,0.009698863
5527,0,1,0.004650670788039523,2.013938e-08,7.905192e-08,0.0054800957
5528,0,0,0.009276994487422488,3.76595e-06,0.00012305405,0.011870586
5529,0,0,0.0015867073495755338,1.3662452e-09,2.1594865e-08,0.0027746507
5530,0,0,0.016602016658075022,6.999318e-06,0.00010510073,0.018191162
5531,1,1,0.5180565533745187,0.99860376,0.98666984,0.5230801
5532,1,1,0.5413861312976852,0.9989046,0.9935695,0.54982245
5533,0,1,0.06220721850365909,0.02149573,0.010027534,0.06393581
5534,0,0,0.048960686454001326,0.0031735061,0.020364681,0.050930742
5535,0,0,0.4334154313988863,0.99667865,0.99999213,0.42582422
5536,0,0,0.011650006510576573,7.821563e-06,0.0003707379,0.014391186
5537,0,1,0.0066309534304211624,5.274246e-08,5.7986815e-09,0.0067004603
5538,0,1,0.2545918412010448,0.86910605,0.35112223,0.26533753
5539,0,1,0.046836688096297374,2.2987495e-05,3.9301038e-05,0.044570796
5540,0,1,0.09092156862033582,3.1060154e-05,6.174732e-06,0.08571765
5541,1,1,0.21197323736366347,0.1462657,0.0737901,0.21465541
5542,1,1,0.18716353165410263,0.21595646,0.061845932,0.19244877
5543,0,1,0.27371037352305994,0.80434996,0.6315525,0.2681147
5544,0,1,0.5982026432607741,0.9998925,0.9981446,0.6028968
5545,0,0,0.0018110328266558212,1.7202993e-10,6.897251e-09,0.0022159142
5546,1,1,0.9310294001736155,0.9999981,0.99999297,0.9163588
5547,0,1,0.11771888154395996,0.0065630428,0.002005491,0.12183036
5548,0,1,0.21063894573913977,0.50989336,0.15171523,0.21529044
5549,1,1,0.9110079248548953,0.9999999,0.99999964,0.9129571
5550,0,1,0.12367080248039093,0.11764368,0.027258733,0.12893735
5551,0,1,0.3153104044281656,0.9791119,0.73018694,0.32389292
5552,0,1,0.1615039418729059,0.0051725307,0.0030601274,0.14139834
5553,0,0,0.21676187293387864,0.52463603,0.9658788,0.224639
5554,1,1,0.8595757186843415,0.99998784,0.9999188,0.8486753
5555,1,1,0.46030080056132966,0.11382769,0.07992209,0.38205037
5556,0,1,0.005423859550101271,6.2311855e-08,6.461919e-08,0.006288931
5557,0,0,0.044571233067058846,0.0018337526,0.009158568,0.0486671
5558,0,1,0.163876988860654,0.32426062,0.085322544,0.16671307
5559,0,1,0.04425636007455064,0.00031001496,0.00016506105,0.04494042
5560,0,1,0.2556601443787714,0.72797537,0.3264443,0.26057863
5561,1,1,0.7719682959788953,0.9999976,0.9999862,0.77886426
5562,1,1,0.9999999999999836,1.0,1.0,1.0
5563,0,0,0.0019438120062548372,6.483468e-10,1.501745e-07,0.0023883567
5564,0,1,0.19032634795508746,0.7037742,0.5068129,0.19413675
5565,0,1,0.15175541565379344,0.09976868,0.022292202,0.15364926
5566,0,1,0.01961513919893235,1.6925344e-06,1.2663718e-06,0.020767666
5567,0,0,0.00534480934174031,5.149583e-08,1.556621e-06,0.0065844045
5568,0,1,0.0052204283724466664,4.309043e-08,1.2993415e-08,0.008876338
5569,0,1,0.02754011360629419,3.9130555e-06,1.5187707e-06,0.028337527
5570,0,0,0.0018543607820985873,2.183522e-07,2.1802842e-07,0.0017115062
5571,0,1,0.04899516783043146,0.00021974857,9.144297e-05,0.049183074
5572,1,0,0.07654015506126659,0.0038473583,0.06553974,0.078011364
5573,1,0,0.07130928638508413,0.004314291,0.1934458,0.074365556
5574,0,0,0.03065306478808325,0.00035902864,0.009904379,0.03327987
5575,0,1,0.034528534610101275,7.1337476e-05,1.7782113e-05,0.034858853
5576,1,1,0.17097001371249018,0.024305725,0.0028536683,0.18235639
5577,1,1,0.8356477357726231,0.99999857,0.99998724,0.83927715
5578,0,1,0.39396792438937045,0.99891365,0.99563473,0.39412612
5579,0,1,0.20679897166085082,0.43808755,0.26818374,0.20784017
5580,0,1,0.1444087404109817,0.044123765,0.009169627,0.15053427
5581,0,1,0.30345924729259427,0.9481505,0.75542617,0.30450687
5582,0,1,0.11724207603371609,0.021319875,0.019644981,0.117217265
5583,0,1,0.09005528859859259,0.005338641,0.0009934434,0.09290953
5584,0,1,0.3103680036804468,0.8903477,0.57842064,0.31217474
5585,0,0,0.006560788526522885,1.6564623e-08,5.772872e-07,0.007290479
5586,0,1,0.6921001472811217,0.9999417,0.99962103,0.6961075
5587,0,1,0.4826774719561586,0.9997748,0.9990833,0.47811782
5588,1,1,0.054851667016877305,0.0018413765,0.00093820365,0.057163
5589,0,1,0.01626419653544388,3.0926901e-06,5.99974e-06,0.016328545
5590,1,1,0.7138307331175898,0.9999875,0.99992406,0.7212079
5591,1,1,0.2180367845447403,0.5554196,0.20786323,0.22170126
5592,0,1,0.0012669025830073818,3.5667443e-13,1.6000374e-13,0.0013225513
5593,0,1,0.5393020676553796,0.9043022,0.7183725,0.51227117
5594,1,1,0.48197709191414995,0.9926802,0.9756157,0.48985407
5595,0,0,0.2242957958417999,0.9902468,0.9990686,0.23806152
5596,0,1,0.09315809717521119,0.7338872,0.14649183,0.10168735
5597,0,0,0.0023747633693591047,5.748517e-10,2.1140941e-08,0.0028007552
5598,1,1,0.18395557489316217,0.20336895,0.03886568,0.19053277
5599,0,0,0.02257467173277381,2.9484164e-07,2.4697645e-05,0.022122025
5600,1,1,0.5485023208830139,0.9952218,0.997827,0.5210294
5601,1,1,0.13946995872343868,0.06691575,0.0033838057,0.1422198
5602,0,1,0.007596890343882492,1.6241323e-08,7.6152045e-09,0.0076826653
5603,0,1,0.6071803492871845,0.99960995,0.9981207,0.6159831
5604,0,1,0.059049280555136634,0.0024012248,0.00019394742,0.060693648
5605,0,1,0.3000420985985033,0.965147,0.72696,0.30659807
5606,0,1,0.21940514356606264,0.42484164,0.13067856,0.22228077
5607,0,1,0.5962784491451677,0.9894973,0.8184559,0.5679198
5608,0,0,0.028725952911377178,0.0027681878,0.013907407,0.049763538
5609,1,1,0.7063410422084474,0.9999777,0.9999176,0.7140095
5610,0,0,0.008366910882650274,5.549774e-07,7.518763e-06,0.010087058
5611,0,1,0.002322920382623483,2.6854824e-10,2.805058e-10,0.0027032387
5612,0,1,0.32447970576199286,0.95758253,0.87917197,0.3188028
5613,0,1,0.01609724454758668,7.951479e-06,3.5251903e-06,0.018525839
5614,0,1,0.23810893496506436,0.17860606,0.06610778,0.23669411
5615,0,1,0.03914524276015107,8.903082e-05,0.00010871927,0.040012296
5616,1,1,0.41154946058800695,0.9288148,0.71247864,0.39724198
5617,0,1,0.0423948098461726,0.0020979834,0.0009907854,0.04152657
5618,0,0,0.03261630280642393,6.824061e-05,0.0021768047,0.033708286
5619,0,0,0.004349347641427296,2.7804278e-06,6.854369e-05,0.0056918412
5620,0,1,0.3165648627552348,0.96483594,0.81058764,0.32025036
5621,0,1,0.0015768071890682332,7.029069e-11,1.937429e-11,0.002653221
5622,0,0,0.017506029031523786,4.3367418e-06,3.11686e-05,0.01843489
5623,0,0,0.02878385378725605,5.476818e-05,0.0007143921,0.030963788
5624,0,1,0.007414826829109893,5.7579723e-06,1.031435e-05,0.008300123
5625,0,1,0.012443087112491593,1.3235489e-06,8.3365126e-07,0.014708242
5626,0,1,0.241303480617207,0.7978039,0.32454854,0.25542283
5627,0,1,0.0235452379725244,1.7950604e-05,5.2351966e-06,0.024372866
5628,0,1,0.155353979718949,0.012772397,0.004376237,0.15528342
5629,0,0,0.34260923551324024,0.9258677,0.9998925,0.3430825
5630,0,1,0.015363940685237226,5.0260483e-06,1.0678459e-05,0.017638827
5631,0,1,0.14766914081263416,0.036185034,0.037913438,0.15213163
5632,1,1,0.5823494045039914,0.9998361,0.99728286,0.59354
5633,0,1,0.07781765524811998,0.03456796,0.0046238326,0.08000168
5634,0,1,0.014274950447893056,1.2018678e-05,6.6176726e-06,0.01639248
5635,0,1,0.006022845108462776,3.746033e-08,2.0422963e-08,0.007008264
5636,0,0,0.014996978369151183,3.6841462e-07,8.4646645e-06,0.016093638
5637,0,0,0.02066547215061426,1.1831546e-05,0.0034660494,0.021875823
5638,0,0,0.0014718270115101786,3.585109e-11,7.896177e-09,0.0018166812
5639,0,1,0.05615183942372863,0.00049215753,4.5568548e-05,0.05971047
5640,0,0,0.20599171941274919,0.9657923,0.9814606,0.21436736
5641,0,1,0.14957524774220465,0.1287394,0.025460994,0.14750353
5642,0,0,0.011223127466125265,7.586465e-07,2.3536408e-05,0.012053392
5643,0,1,0.2998874281321232,0.9168118,0.61454743,0.30501577
5644,0,1,0.11316212539517939,5.74435e-05,3.4255325e-05,0.116430424
5645,0,1,0.1254737567800531,0.011337984,0.0031188417,0.13001382
5646,0,0,0.01913343534059873,1.1138283e-05,0.00026028146,0.020952357
5647,0,1,0.5649783301983942,0.9995784,0.9968411,0.56978244
5648,0,1,0.17677772593089908,0.6582153,0.10051884,0.18462239
5649,0,0,0.0007291285673285392,1.4573567e-09,4.240238e-09,0.00068602595
5650,0,1,0.0042383213001189425,9.766708e-09,6.3760197e-09,0.0050370265
5651,0,0,0.06536217574597497,0.019091478,0.29524633,0.068601444
5652,0,0,0.007585060679335571,1.1000526e-07,2.548918e-07,0.007894789
5653,0,0,0.023893098151025912,4.254651e-06,5.9023474e-05,0.025298458
5654,0,1,0.039619620279788964,2.1362383e-05,9.611287e-06,0.04046105
5655,0,0,0.31346372678451906,0.87733686,0.9883024,0.324338
5656,0,1,0.3900075842764844,0.984271,0.866595,0.39702758
5657,0,1,0.04143248070214388,0.0013454068,0.0006328117,0.04771024
5658,0,1,0.22725515217253137,0.49993503,0.22654569,0.2278449
5659,0,1,0.0018923431471572836,5.7944766e-10,1.396445e-10,0.0022067714
5660,1,1,0.8120159917527703,0.99990547,0.99965477,0.79111034
5661,0,0,0.04111059851651196,0.00026256606,0.008241225,0.044178315
5662,0,0,0.008960185243892685,6.128796e-07,2.4381021e-05,0.010600979
5663,0,1,0.27993511504409896,0.9044841,0.52084816,0.29122192
5664,0,1,0.14529323074042158,0.19536528,0.022297576,0.14836608
5665,1,1,0.3966932338611408,0.9759728,0.9217755,0.3966029
5666,0,1,0.02729233880681487,1.50516535e-05,5.7479924e-06,0.027636176
5667,0,1,0.2499372364108737,0.012688727,0.007625139,0.13601264
5668,0,1,0.0015597013613685307,1.1180075e-10,7.660108e-11,0.0018402849
5669,0,0,0.23974526923365141,0.07549125,0.9830105,0.2173418
5670,0,1,0.4012978505405666,0.5051011,0.062381078,0.37102118
5671,0,1,0.0444529047461252,0.013543802,0.0013299602,0.049819257
5672,0,1,0.1990906230704774,0.34730744,0.096932545,0.20272978
5673,1,1,0.27627460185067415,0.05256364,0.006392196,0.2543557
5674,1,1,0.7876432555640466,0.99980664,0.9992143,0.7626113
5675,0,1,0.0016080997988647673,6.954002e-12,5.1605946e-12,0.0019696006
5676,0,0,0.0023919667254056823,6.024271e-13,1.7959382e-11,0.002679372
5677,0,1,0.19404070769031467,0.58017826,0.29886118,0.1995375
5678,0,1,0.3833830661609857,0.99433863,0.9663467,0.388175
5679,0,1,0.11824424444882646,0.018427303,0.020670496,0.11251342
5680,0,0,0.014558939171750723,3.0000463e-06,7.686705e-05,0.0161673
5681,0,1,0.22733089676646365,0.40394518,0.14364529,0.23031205
5682,0,1,0.6579180224764101,0.99996686,0.9996407,0.6628988
5683,1,1,0.4614248001252573,0.99205583,0.9574647,0.466051
5684,0,1,0.1524629153036397,0.018904245,0.0065794038,0.15097773
5685,0,1,0.18678766023253937,0.18029602,0.06604046,0.18830882
5686,0,1,0.6239903770960292,0.99985206,0.99793565,0.63823175
5687,0,0,0.007520100728364461,5.4481983e-09,1.3674874e-07,0.00797586
5688,0,1,0.08530600021916564,0.002186556,0.00016590553,0.084845394
5689,0,1,0.010140780128788633,1.3684675e-06,7.816611e-07,0.012076673
5690,1,0,0.044052042051047166,0.0006081811,0.010583384,0.045786876
5691,0,1,0.07405604900368741,0.001173465,0.00028768586,0.07626214
5692,0,0,0.0015340832115189943,5.9888414e-11,1.8792952e-09,0.0018931304
5693,0,0,0.009627243316973774,2.8526435e-08,1.5570067e-05,0.009402298
5694,0,1,0.8989424333591063,1.0,0.99999964,0.90042347
5695,0,0,0.0034237562532570902,1.8690901e-08,6.100428e-07,0.0042477646
5696,1,1,0.7469687806128577,0.99999666,0.9999634,0.7501628
5697,0,0,0.05858868926929473,0.0005018869,0.019197019,0.05961944
5698,1,1,0.5787070678894005,0.99971825,0.9974134,0.5883368
5699,0,1,0.13771094014794888,0.23236543,0.022754852,0.14450416
5700,0,1,0.5609411159410365,0.9436773,0.88052607,0.5233176
5701,1,1,0.28485058309220956,0.87775666,0.52416396,0.29011926
5702,1,1,0.8467759001018248,0.99999976,0.99999785,0.8524131
5703,1,1,0.6531792050886588,0.99979556,0.9987035,0.65780014
5704,1,1,0.34735646157768413,0.9806009,0.8852706,0.3520334
5705,0,1,0.003096983490436677,6.852474e-12,1.4477276e-11,0.0030258463
5706,0,1,0.5078088343505603,0.97518766,0.94933456,0.513337
5707,0,0,0.16214315060055703,0.111399844,0.9817908,0.15916175
5708,0,1,0.003210496803869443,2.0938558e-09,1.4763113e-09,0.0037316706
5709,0,1,0.3806565202546059,0.97942746,0.8747465,0.38467434
5710,0,1,0.14952036832947582,0.07274424,0.031575825,0.1553893
5711,0,0,0.05849917257968416,0.002039934,0.037485823,0.061254967
5712,1,1,0.600492450850454,0.9999801,0.9997458,0.605174
5713,1,1,0.8860596844001947,1.0,0.9999999,0.8972436
5714,0,1,0.0035781869116407313,1.1228705e-08,2.4001867e-09,0.004173931
5715,0,1,0.03907443028264476,0.005769651,0.0018153223,0.044329263
5716,0,0,0.032832090590924734,3.9129886e-06,0.00027347074,0.033813186
5717,0,1,0.40571877961048125,0.99279445,0.93942964,0.42234746
5718,0,1,0.022808402492600913,1.0814496e-05,3.96093e-06,0.023736985
5719,0,1,0.13007518592035947,0.033819634,0.011842474,0.1328177
5720,0,1,0.5454549387378145,0.9997168,0.99726343,0.5561366
5721,1,1,0.46616058963619467,0.9999776,0.9998181,0.4628222
5722,0,0,0.3173807258023099,0.99024457,0.9999703,0.3222963
5723,0,1,0.25422126752096086,0.995993,0.97610134,0.25525576
5724,0,0,0.3067676271342984,1.0,1.0,0.31253934
5725,0,0,0.009273803966191057,1.5891445e-06,4.0375515e-05,0.010680588
5726,0,1,0.008318904912467425,2.0456294e-08,7.65718e-09,0.008374614
5727,0,1,0.00395311848646342,3.4525643e-10,6.4090795e-11,0.0038769082
5728,0,1,0.10825557110704813,0.00074961357,0.0021725313,0.107129715
5729,0,0,0.0059056751923067825,4.4257395e-06,9.582862e-05,0.007907449
5730,0,1,0.18497214807365336,0.15681276,0.05875858,0.18483467
5731,0,0,0.017610834801340805,3.185692e-05,0.000745756,0.019748047
5732,0,1,0.35449240273374566,0.9795551,0.87284446,0.35951197
5733,0,1,0.16557241892275842,7.5363176e-05,2.1598387e-05,0.15877981
5734,1,1,0.28012333555070684,0.0743037,0.019320639,0.21698774
5735,0,0,0.00029019275953359296,1.0641499e-14,4.756129e-13,0.00035902864
5736,0,0,0.003272181666150767,1.9858352e-10,3.2919445e-08,0.0034485857
5737,0,1,0.06109456186107661,0.00041309136,0.00015602937,0.062656194
5738,0,1,0.028463507609287703,0.00047062495,0.00020942852,0.033173926
5739,0,0,0.0036477129457947103,7.8945767e-10,2.502603e-08,0.0039703497
5740,1,1,0.6588589998743141,0.99991107,0.9995337,0.66648126
5741,0,0,0.014152756178003892,7.935556e-06,0.00016796909,0.015465912
5742,0,0,0.052966823718483866,0.0008953157,0.020299237,0.05566509
5743,0,1,0.06576878993199517,0.007853143,0.0020576762,0.06675649
5744,0,1,0.037671336083385604,0.0026536386,0.00087910064,0.043901563
5745,1,1,0.7990584006286668,0.9999956,0.9999727,0.79826885
5746,0,1,0.029102050493376577,1.95794e-06,1.8032699e-07,0.029252801
5747,1,1,0.887357266676503,0.9999995,0.99999785,0.89018434
5748,0,0,0.028038098180795442,2.2585125e-05,0.00032000497,0.029435579
5749,1,0,0.8088566277254085,0.9999995,1.0,0.8059366
5750,0,1,0.43460262294615426,0.9906639,0.8743704,0.44808546
5751,0,0,0.006725247396480577,1.4898076e-08,5.194656e-07,0.007403933
5752,0,1,0.022586654334043013,0.00018316596,7.254106e-05,0.024764258
5753,0,0,0.005568058293956211,5.3076494e-08,4.9279583e-07,0.005910464
5754,0,0,0.020197173040618764,4.6490504e-06,0.00014067822,0.02184036
5755,1,1,0.637879482480387,0.99991286,0.9991749,0.64203686
5756,0,0,0.012118468236494189,3.1778104e-08,3.0576798e-06,0.012924488
5757,0,0,0.03518958281935302,0.00022461479,0.00248743,0.037811857
5758,0,0,0.07557633651731312,0.005396491,0.05603922,0.079182364
5759,0,1,0.10606421348431687,0.17846195,0.027539063,0.1059363
5760,0,0,0.010549566784860565,4.4580716e-08,6.9325745e-07,0.011118814
5761,0,0,0.1270403484257559,0.025231691,0.38326588,0.1302049
5762,0,0,0.0070483987058307575,1.6180384e-07,4.400601e-06,0.009048946
5763,0,1,0.007068249462485337,1.0904245e-07,7.682653e-08,0.0082908375
5764,1,1,0.8656223699842983,0.9999863,0.99994767,0.8512559
5765,0,0,0.27188091179648405,0.6230399,0.9983096,0.26713187
5766,0,0,0.05037163519723781,0.000707756,0.011242685,0.051874813
5767,1,1,0.3968425924659201,0.9968491,0.9909085,0.39711455
5768,0,0,0.003520850938438035,1.0579517e-09,3.7580847e-08,0.003859143
5769,1,1,0.8132626272292327,0.9999994,0.9999869,0.8179121
5770,1,0,0.5876557133645008,0.99990857,0.99999964,0.58081365
5771,0,1,0.07767792772327599,0.011791498,0.008787325,0.08026019
5772,0,1,0.003944449148914324,1.6225098e-08,3.4880976e-09,0.0045678634
5773,0,1,0.31899605974111206,0.7525963,0.40732455,0.32349023
5774,1,1,0.7093745561030536,0.99996555,0.999569,0.7111575
5775,0,1,0.671809068424356,0.999074,0.98861724,0.6627249
5776,0,0,0.6245641740503439,0.99994695,0.9999999,0.62110174
5777,1,0,0.19272882697982846,0.0035274704,0.4024859,0.17099121
5778,0,0,0.002075277260022835,2.2808481e-10,8.951671e-09,0.002655228
5779,0,1,0.05101641170366112,0.0007453454,0.0002866075,0.05049229
5780,1,1,0.9572242081571091,1.0,1.0,0.958364
5781,1,0,0.9962393069162288,0.9999995,1.0,0.99268216
5782,1,1,0.256918886109649,0.7212571,0.3707859,0.2607765
5783,1,1,0.832684481618757,0.9999975,0.9999927,0.83459884
5784,1,1,0.25041111487109946,0.8212446,0.38163176,0.26372868
5785,1,0,0.3381257669323807,0.95019454,0.9999789,0.32832837
5786,0,0,0.006227005935481666,5.3855675e-09,5.5555198e-08,0.006566448
5787,0,1,0.36234596733034014,0.99253064,0.9135508,0.3677137
5788,0,0,0.0007195567857049144,2.7038385e-12,1.3267454e-10,0.0009171662
5789,0,1,0.020356119498500438,1.7218722e-06,1.4225765e-06,0.02029613
5790,1,0,0.1270996042425452,0.111082144,0.6258509,0.13384339
5791,0,1,0.0340691511419716,0.0013270165,0.0013534564,0.038528673
5792,0,1,0.6703731184469034,0.99985087,0.99904805,0.6737793
5793,0,1,0.1351125948511522,2.3431707e-05,4.9850482e-06,0.08972365
5794,0,0,0.0069176675956180945,1.8072429e-08,3.398806e-06,0.0073669488
5795,0,0,0.12606205181763055,0.010065317,0.16609712,0.13058591
5796,0,1,0.3776256912970821,0.99241173,0.923275,0.38430563
5797,1,1,0.14795887395169421,0.11270568,0.005740264,0.1510319
5798,0,1,0.3316361496615446,0.9881886,0.8662107,0.33930683
5799,0,0,0.023821049581670268,6.2131858e-06,0.00010975771,0.025825175
5800,0,0,0.03130864302943467,8.090713e-05,0.0010081923,0.03452243
5801,1,1,0.0028446786433162638,1.4527178e-11,5.8153313e-12,0.0029904495
5802,0,1,0.06343509655492771,0.0033459617,0.00056416873,0.0652861
5803,0,0,0.02114851924521245,0.00010957846,0.0029911506,0.022297442
5804,1,1,0.9789169181754233,0.9999982,0.99999833,0.9676876
5805,0,1,0.6963195496425837,0.99997413,0.9997988,0.7045705
5806,0,1,0.026830257593715285,1.0235119e-05,1.0769332e-06,0.027056083
5807,0,0,0.011319777825079477,6.217426e-08,1.2875759e-06,0.011730474
5808,0,1,0.0651937291574447,0.0004037572,0.00022041526,0.06337823
5809,0,1,0.18210832666591142,0.10976902,0.009571945,0.18715917
5810,0,1,0.11689685346675337,0.11595593,0.01799056,0.119354546
5811,1,1,0.5297988844975134,0.99927753,0.99505436,0.53670675
5812,1,1,0.6804731951207948,0.9994929,0.99953455,0.67646784
5813,0,1,0.3361049470906636,0.98068285,0.9108288,0.33695337
5814,0,1,0.0050512242372281,1.929513e-07,4.3027033e-08,0.0059964973
5815,1,1,0.6589123438062695,0.9999225,0.99958795,0.66715276
5816,0,0,0.18597995170828358,0.33937213,0.99690276,0.18428448
5817,1,1,0.9299282187894153,1.0,1.0,0.93152994
5818,0,1,0.003914433691275714,6.6235906e-09,5.8014473e-09,0.00447259
5819,0,1,0.8993178061218295,0.9999999,0.99999976,0.89959675
5820,0,1,0.0014420795116449204,1.1926585e-09,8.1536757e-11,0.002391035
5821,0,1,0.00765153095503264,6.6470673e-09,2.9687066e-09,0.0077367797
5822,0,0,0.07254753179164918,0.008680773,0.30918914,0.08085132
5823,1,0,0.5311477349471997,0.9983418,0.9999962,0.53116226
5824,1,1,0.6967823336170855,0.999987,0.9999081,0.70181197
5825,1,0,0.639375384008385,0.9995833,0.99999976,0.6259784
5826,0,1,0.528254735878196,0.99967605,0.99469423,0.53653705
5827,0,1,0.5227628441268451,0.9995429,0.99693024,0.52837825
5828,0,1,0.2802835739070956,0.9385952,0.5744561,0.2857753
5829,0,1,0.16626549364048981,0.8204087,0.51807,0.16319424
5830,0,1,0.07806004955005547,0.0027464307,0.0009999365,0.0796817
5831,0,0,0.008643837123052178,1.0481067e-08,1.4396585e-06,0.009053595
5832,1,1,0.43103037113142467,0.98992515,0.9289354,0.43813416
5833,0,0,0.023593168666058907,4.5576977e-05,0.0006516495,0.025020577
5834,0,1,0.00723915827853584,6.86197e-08,1.3309896e-08,0.007291431
5835,0,1,0.09875071676701022,0.011787481,0.006249593,0.1014256
5836,0,1,0.01472704323595783,2.5553318e-06,1.0547909e-06,0.014884017
5837,0,0,0.12209549953313109,0.21743357,0.834258,0.12904313
5838,0,1,0.005657036543888665,1.0254557e-07,6.1491065e-08,0.006745277
5839,0,0,0.0005798288753144236,4.1894084e-12,1.1179037e-09,0.0007174238
5840,0,1,0.2744576521140231,0.9932982,0.95136464,0.27500167
5841,0,0,0.0026784211679108335,5.4658566e-11,1.7603639e-09,0.0027322762
5842,1,1,0.35238437123059047,0.5111433,0.120071225,0.36595082
5843,0,0,0.08769014561989089,0.0048810816,0.26831463,0.08481598
5844,0,1,0.01889487612026483,0.0003841974,0.00021325954,0.021354165
5845,0,0,0.013321128112429814,5.930368e-08,1.41607015e-05,0.0141653335
5846,0,0,0.6462105063130869,0.99999976,1.0,0.65783715
5847,0,1,0.09461949206232886,0.22435087,0.072343975,0.10926191
5848,0,1,0.004608303421826131,1.1778309e-07,1.64365e-08,0.0076917587
5849,0,1,0.21449580799042103,0.6574751,0.30444184,0.22343443
5850,1,1,0.8307849328662437,0.9999994,0.9999951,0.8322994
5851,0,0,0.21536788020506845,0.40613848,0.9013222,0.21778423
5852,0,1,0.06503527117834944,0.033763297,0.010226956,0.06553396
5853,0,1,0.030853979249620835,0.0065554394,0.001470497,0.03603528
5854,0,0,0.06757390784874397,0.011287945,0.13311127,0.06979883
5855,0,0,0.05781007775107681,0.004348032,0.12562382,0.0642521
5856,0,0,0.0013711158525870487,2.3458143e-11,5.484377e-09,0.0016944951
5857,0,1,0.4202743648834187,0.9387797,0.74953496,0.41535306
5858,0,0,0.014131994251073105,3.287197e-06,3.413099e-05,0.014917445
5859,0,1,0.14091753943460567,0.52794576,0.06414931,0.1452514
5860,0,1,0.6811706787346461,0.9999614,0.9998106,0.6884934
5861,0,1,0.2768894998154387,0.5984553,0.084854096,0.2810983
5862,0,0,0.011280590212071891,4.1619126e-07,1.6819364e-05,0.012594961
5863,0,1,0.00280488031849478,1.2258465e-09,7.0588047e-10,0.0033028084
5864,0,1,0.1482664141515238,0.109609224,0.02918618,0.14938927
5865,0,1,0.039004475121520256,0.00073307985,0.0006846406,0.038643345
5866,0,0,0.02106324509205477,9.293585e-06,0.0002829425,0.022958012
5867,0,0,0.02301481106216529,0.0004090368,0.0028662565,0.025820095
5868,0,0,0.0382109716306459,0.00021253484,0.012944749,0.039970018
5869,1,1,0.8479303902917287,0.9999547,0.99980545,0.8208141
5870,0,1,0.005815700473828544,1.7432464e-09,9.081561e-10,0.0059556346
5871,0,1,0.19964956942643047,0.63655746,0.21838114,0.20191489
5872,0,1,0.6457403743859925,0.9998151,0.9992112,0.65007275
5873,0,0,0.030383708672148176,7.279517e-05,0.0020965592,0.050193697
5874,0,0,0.38362065818000574,0.9984365,0.9999937,0.388362
5875,0,1,0.0032624286916531405,1.729578e-09,1.175813e-09,0.003896277
5876,0,0,0.022021649937923205,4.836856e-05,0.00078119524,0.024419513
5877,0,0,0.006849427684251714,2.2576458e-09,6.431806e-08,0.007228232
5878,1,1,0.9987499143994548,1.0,1.0,0.9980696
5879,1,1,0.3074710408941295,0.9307097,0.875563,0.29960266
5880,0,0,0.008187947390908702,3.6159392e-07,1.4229282e-05,0.009433838
5881,0,1,0.01141551754179087,4.135043e-09,2.0179591e-09,0.012218142
5882,0,0,0.04018011631303875,4.551456e-05,0.0011592867,0.043204945
5883,0,1,0.010692051601083117,3.5989925e-07,2.20197e-07,0.010725136
5884,0,0,0.03074444926474094,2.8521752e-05,0.0013185204,0.03436167
5885,0,1,0.5410770390376625,0.99414384,0.9867485,0.51801336
5886,0,1,0.19286980166153445,0.14535509,0.08004819,0.19947594
5887,0,1,0.2525299350200344,0.48668638,0.12896596,0.25818017
5888,0,0,0.007510061349698681,3.8692228e-08,1.3525502e-06,0.00852585
5889,0,1,0.5107677804788502,0.998684,0.98799986,0.5160029
5890,0,1,0.9077953819358422,0.9999999,0.99999976,0.90720296
5891,1,1,0.8686394112542886,0.9999981,0.9999771,0.85275984
5892,0,1,0.07877620840547278,0.0063471175,0.0013013887,0.078133985
5893,0,1,0.5663359767873701,0.9989003,0.9932829,0.5698554
5894,0,0,0.0049658341961158125,2.9884184e-10,7.992959e-09,0.005303298
5895,0,1,0.48334204511953005,0.9944655,0.96822107,0.48821536
5896,0,1,0.02132820357066704,9.344688e-06,3.7816155e-06,0.021252707
5897,0,0,0.015753835684860763,7.520323e-07,2.3214867e-05,0.016213143
5898,1,0,0.4576270710117485,0.9984877,0.9999949,0.4517012
5899,0,1,0.4151935803947861,0.9991317,0.9957432,0.41894108
5900,1,1,0.771974721319042,0.9999939,0.99993837,0.77670527
5901,0,1,0.08395337334471323,0.005050958,0.0017106509,0.08335817
5902,0,0,0.029098093448303903,1.1872461e-05,0.0007153889,0.031079438
5903,0,1,0.34393818275915583,0.9732966,0.83338416,0.3497072
5904,0,0,0.11872124985559178,0.1497273,0.75493824,0.12705818
5905,0,1,0.056697337333721363,0.00029352197,5.0766183e-05,0.056629114
5906,0,1,0.0064321341991037595,1.006249e-07,6.146269e-08,0.007857516
5907,0,0,0.011600866817331912,1.0102552e-06,2.1467988e-05,0.012529076
5908,0,0,0.2984872254976771,0.92362785,0.9998834,0.29848424
5909,1,1,0.4926597630739323,0.9996009,0.9936456,0.49859983
5910,1,1,0.7872171380274527,0.99999976,0.9999957,0.78951484
5911,1,0,0.13565896247592918,0.15500091,0.8998825,0.14103836
5912,0,0,0.004084299330051728,2.4653963e-09,9.264979e-08,0.004417374
5913,0,1,0.29874675717139265,0.9727489,0.822018,0.3053649
5914,0,1,0.06810516649768562,0.0006275352,0.0002677188,0.067372434
5915,1,1,0.9963955916262272,1.0,1.0,0.9945039
5916,0,1,0.39481632341188594,0.9692708,0.86277807,0.40424845
5917,0,0,0.0008368214669535321,1.1592927e-11,1.0757194e-09,0.0010311569
5918,0,1,0.007475833647895877,5.0299286e-07,1.2753478e-06,0.008430873
5919,0,0,0.020644609950176435,3.5003526e-07,7.8026984e-05,0.020804245
5920,0,0,0.01147970348199418,2.0673899e-07,2.5940253e-06,0.012033224
5921,1,1,0.2594396577996899,0.96037966,0.31001624,0.2665929
5922,0,0,0.001873337886132237,2.1320603e-09,9.950833e-09,0.0032852027
5923,1,0,0.8766837964491154,0.9999591,1.0,0.84787977
5924,0,1,0.07115491692942709,0.0013862083,0.0019628662,0.07331446
5925,1,1,0.9392035768719086,1.0,1.0,0.94221264
5926,0,0,0.04142517590064958,2.6850996e-05,0.0015210031,0.04107448
5927,0,1,0.0023072236328891783,2.9755876e-10,1.904194e-10,0.002714341
5928,1,1,0.014097106551048177,2.4476667e-06,1.1302044e-07,0.013967021
5929,1,1,0.2545242461407646,0.5789616,0.15104407,0.26629695
5930,1,1,0.728546137381256,0.99995077,0.9995379,0.7325789
5931,1,1,0.8396448867612115,0.99999964,0.999997,0.8418659
5932,0,0,0.0013319315327797892,2.508975e-11,5.944348e-10,0.0016585981
5933,0,0,0.012718393623162107,5.5435125e-06,9.701054e-05,0.014154309
5934,0,0,0.012025408111062957,7.078988e-07,0.00011321234,0.013372161
5935,0,0,0.021281589776508333,6.900971e-06,8.792724e-05,0.022134747
5936,1,1,0.46706084450153157,0.99685115,0.9728435,0.4699606
5937,0,0,0.015653346146968658,1.7055918e-05,0.0003379377,0.018630179
5938,1,1,0.7600918474004038,0.9999862,0.9999553,0.7629466
5939,0,0,0.002619024765210917,6.069086e-10,1.865187e-08,0.003195603
5940,1,1,0.33240865989264906,0.9964922,0.9693466,0.35706988
5941,0,0,0.015153193011359731,1.1898282e-05,0.0005117216,0.01797747
5942,0,1,0.017086818416892927,6.057289e-06,8.050374e-06,0.016906463
5943,0,0,0.36957842990761636,0.999913,0.9999994,0.35988572
5944,0,1,0.5971604181026208,0.9998034,0.9988268,0.6009834
5945,0,1,0.012924113833653007,1.8728819e-05,1.0672656e-05,0.014911645
5946,0,1,0.14019367152861545,0.0787354,0.02130009,0.14337245
5947,0,1,0.021937545863833268,0.00010775622,5.513926e-05,0.025373163
5948,0,0,0.0030162783494796165,8.8363775e-11,3.0363148e-09,0.0031971894
5949,0,0,0.0036465363355790343,2.6386388e-10,7.1435684e-09,0.0037329914
5950,0,1,0.24091391506406742,0.8722094,0.5060813,0.2450584
5951,1,1,0.6722888643858995,0.9998896,0.9995294,0.6804192
5952,0,0,0.011356376061149585,1.9075647e-07,3.584585e-06,0.011522967
5953,0,0,0.0021131296422299234,5.471095e-10,1.7399355e-08,0.0026064978
5954,0,1,0.7131604872003676,0.9999857,0.99980533,0.717728
5955,0,1,0.04389367974674408,0.00019260873,5.4014796e-05,0.043564465
5956,0,0,0.02806934607293669,3.8775786e-05,0.0012012424,0.030773234
5957,0,1,0.28150250336366345,0.9585183,0.57664746,0.28864202
5958,0,1,0.05890109170070068,0.0014330865,0.00029093758,0.05839034
5959,0,0,0.00043150694247960517,2.832496e-12,9.171373e-12,0.0003663701
5960,0,0,0.012013301254124179,9.802869e-07,2.401398e-05,0.013607798
5961,0,1,0.7477501646268201,0.9999832,0.9998151,0.7557714
5962,0,1,0.019847161854257157,1.5351194e-05,5.9976924e-06,0.020202901
5963,0,1,0.030476709087128104,1.0155865e-05,3.4254174e-06,0.030138392
5964,0,1,0.08741564732614605,0.57550555,0.2540806,0.10115583
5965,1,0,0.11340833128601428,0.010397436,0.426902,0.1153368
5966,0,1,0.4946800154131201,0.9894114,0.9916592,0.48443782
5967,1,1,0.9835574263789946,1.0,1.0,0.9796825
5968,0,0,0.10948290740417436,0.9999825,0.9999999,0.11125718
5969,0,1,0.0027225544871954687,2.2347242e-10,9.448031e-10,0.0031840706
5970,1,1,0.4037873349831258,0.97290015,0.84693176,0.4129047
5971,0,0,0.00365509604039538,3.5629768e-07,1.8121551e-07,0.0030294736
5972,0,1,0.2210596586793969,0.38241673,0.13054356,0.22464892
5973,0,1,0.21754541350640424,0.62605774,0.14696428,0.22716501
5974,1,0,0.8826261615158755,1.0,1.0,0.8812869
5975,0,1,0.01784879038601621,6.8230265e-06,2.5769527e-06,0.017894754
5976,0,1,0.0017981037211093306,2.6922314e-10,1.756469e-10,0.002114705
5977,0,0,0.2861772278335641,0.9725665,0.9999405,0.28987566
5978,0,1,0.8189400836695275,0.9999999,0.9999989,0.83314854
5979,0,1,0.04498742177789937,0.005456218,0.002423898,0.05164564
5980,0,1,0.6237254244941989,0.99595755,0.993423,0.61991674
5981,1,1,0.4527290286680473,0.9997848,0.9980627,0.4881541
5982,0,1,0.11832281296925289,0.26890022,0.08877253,0.11993344
5983,0,0,0.010020174631043818,1.9806724e-07,7.291205e-06,0.011244582
5984,0,1,0.8732275834343682,0.9999995,0.99999595,0.87585133
5985,0,1,0.008740234554941332,6.491146e-07,1.3502442e-07,0.008892628
5986,0,1,0.19392552116256365,0.36686286,0.10811153,0.19838217
5987,0,1,0.028836771822473416,3.9355346e-05,1.5339121e-05,0.029669767
5988,0,0,0.009033436126527551,3.0462976e-07,2.6042278e-05,0.011428855
5989,0,0,0.11690510443844877,0.00054805336,0.0042750835,0.08839173
5990,0,0,0.04050366655493621,0.00028311816,0.008414374,0.04281896
5991,1,1,0.7764174998507611,0.9999949,0.99993193,0.77883184
5992,0,1,0.288735316603804,0.9474421,0.7825227,0.29256895
5993,0,1,0.014903440112563773,9.931313e-07,2.6738428e-07,0.015159832
5994,0,0,0.010163105716116758,3.031245e-07,3.3553853e-05,0.010886383
5995,0,1,0.13397564240437657,0.011748548,0.004110997,0.13979883
5996,0,0,0.7606090360793311,0.9999994,1.0,0.7562329
5997,0,1,0.06952447282129672,0.014132769,0.0013261498,0.07177888
5998,0,1,0.021286071877947652,3.1211193e-06,1.2282317e-06,0.02169766
5999,0,1,0.03285561451041394,0.0003236891,0.00016322343,0.038046967
6000,0,0,0.008120116655024056,3.463193e-08,1.5745885e-06,0.008892066
6001,0,1,0.2984925192892509,0.30631247,0.05245677,0.3152423
6002,0,0,0.14147305309059605,0.67429477,0.97878474,0.15347673
6003,0,1,0.4354283209197936,0.99869955,0.99207664,0.43140385
6004,0,1,0.0430176976054927,1.2152695e-06,2.3701905e-07,0.031079644
6005,0,0,0.09700355073955873,0.012746935,0.14492641,0.09748108
6006,1,1,0.5449044335833556,0.9991707,0.9910812,0.5592649
6007,0,1,0.18529308313669812,0.5105105,0.24569221,0.18702316
6008,0,1,0.25784246308629416,0.8506687,0.48488244,0.26223
6009,0,1,0.007682649347141002,5.5268407e-07,5.054568e-07,0.008839648
6010,0,1,0.021740352558699473,6.9859866e-06,2.6265259e-06,0.022281429
6011,1,1,0.4081579617638739,0.9971551,0.9751032,0.41845798
6012,0,1,0.7537610507797738,0.99997115,0.999723,0.7632683
6013,0,1,0.11541786478931858,0.01366186,0.0028970174,0.120094
6014,0,1,0.010364676396452902,6.0989023e-06,2.3570281e-05,0.012090495
6015,0,1,0.024697095005501137,1.8748027e-05,1.4944351e-05,0.024605602
6016,0,1,0.005749341917385027,1.8428037e-07,2.2039279e-07,0.006565935
6017,1,1,0.9784082214017675,1.0,1.0,0.97333515
6018,1,0,0.9949333087357954,1.0,1.0,0.9916734
6019,0,0,0.06433391180001108,0.002193354,0.044641506,0.066036664
6020,0,1,0.1910480891582774,0.53835523,0.20309405,0.19477287
6021,0,0,0.6530821499311217,0.99998057,1.0,0.64114815
6022,1,1,0.38953961414467597,0.998346,0.9931971,0.41635776
6023,0,1,0.001759006052106538,1.656662e-11,9.704395e-12,0.0020803043
6024,0,0,0.002635682149228049,1.5246153e-10,5.312914e-09,0.002794156
6025,0,1,0.1446991737643537,0.038035445,0.009381553,0.1408714
6026,0,1,0.08273520518973573,0.062917225,0.010636702,0.08174436
6027,1,1,0.44753762231662453,0.9967488,0.8779653,0.45487803
6028,1,1,0.4914106810501645,0.99601644,0.9886156,0.4966437
6029,0,0,0.018643637452732877,4.5012603e-06,3.5280063e-05,0.019440757
6030,0,1,0.003885729750476698,1.7674466e-08,3.5831231e-09,0.004521256
6031,1,1,0.4733950904382551,0.9945932,0.9666666,0.48010513
6032,0,0,0.026255340884919914,6.9104345e-07,8.618694e-05,0.027023025
6033,0,1,0.2260681229939898,0.5356077,0.17998803,0.22870177
6034,0,1,0.2723439231662156,0.74216187,0.1486258,0.28026268
6035,0,1,0.009715110325311466,6.778211e-08,3.6330594e-08,0.009647711
6036,1,1,0.48614189498298765,0.9946178,0.96926427,0.49071896
6037,0,1,0.6852281185110658,0.9999751,0.99990594,0.692686
6038,0,1,0.2364445275228462,0.68606246,0.26030555,0.24033125
6039,0,1,0.4507992639553818,0.9992212,0.99206394,0.4609184
6040,0,1,0.18602563623039137,0.51314986,0.13314946,0.1952304
6041,1,0,0.06587914729864716,0.14837168,0.7327806,0.071013905
6042,0,1,0.7806035989196637,0.9999958,0.99995065,0.78803825
6043,0,0,0.0013089121674491465,6.172552e-11,2.1595679e-09,0.0016014325
6044,0,1,0.08880283413144432,0.0037701284,0.0002548788,0.09021368
6045,0,0,0.04078774156960171,4.781178e-05,0.0010927769,0.042568285
6046,1,1,0.1715656616054103,0.14465137,0.032075286,0.17558396
6047,0,1,0.0035040584664926817,1.3914446e-09,7.493607e-10,0.003636825
6048,1,1,0.6503855478781456,0.999977,0.9994782,0.655177
6049,1,1,0.35780739524018795,0.98025525,0.95656455,0.36159787
6050,0,0,0.2502942905584199,0.9608805,0.9998565,0.24754862
6051,0,0,0.0036425022711837887,8.0593104e-08,3.4779596e-06,0.0045577013
6052,1,1,0.8538962412584307,1.0,0.99999857,0.8602644
6053,0,0,0.12221729032994912,0.02050357,0.93422663,0.1249343
6054,0,0,0.008512812387172159,1.5114188e-07,3.873909e-06,0.009332544
6055,0,1,0.399115222798566,0.96756184,0.9417802,0.40224004
6056,0,1,0.028307145238815494,7.697892e-05,2.4651148e-05,0.028799754
6057,1,1,0.6691201718922482,0.999998,0.9999893,0.674978
6058,0,1,0.020248348221909,2.4636223e-05,8.481067e-06,0.020434849
6059,0,1,0.0008934561483206491,4.917151e-12,1.2507544e-12,0.0010427674
6060,1,1,0.4880300060999531,0.9999324,0.9992206,0.5143997
6061,0,1,0.027649492698362477,8.275505e-05,1.2139467e-05,0.029087348
6062,0,0,0.007138539714426849,1.5927643e-08,1.7050577e-06,0.00739964
6063,1,1,0.7809929327271804,0.99999857,0.99998987,0.78450716
6064,0,0,0.01585621678136881,3.0698607e-06,0.00013919578,0.018151939
6065,1,1,0.4459205541297445,0.99249804,0.9627805,0.45063034
6066,0,1,0.05676574102524261,0.009042078,0.001470434,0.05781483
6067,0,1,0.011978058508113615,3.4275607e-09,2.157353e-09,0.012398209
6068,0,1,0.1555770378290689,0.15589984,0.07651264,0.15708342
6069,0,1,0.039090724705550195,0.002731542,0.0012744027,0.047450975
6070,1,0,0.011202060222214275,1.3942276e-06,4.1715713e-05,0.0127102565
6071,0,0,0.03850531677882959,0.0014547483,0.023600614,0.0412833
6072,0,1,0.416725493024181,0.9953057,0.95877093,0.42106214
6073,0,1,0.011709762716730542,3.0064648e-06,7.0437463e-06,0.013309671
6074,0,1,0.0015664000921745797,3.8800573e-12,1.9734412e-12,0.0015583988
6075,1,1,0.25762501702908974,0.78808355,0.36634642,0.26062253
6076,0,1,0.14579646585396128,0.18459862,0.120011255,0.15055756
6077,1,1,0.14078721681328982,0.054692406,0.014120377,0.14323792
6078,1,1,0.8103175805053966,0.9999994,0.99999094,0.81433696
6079,0,0,0.008928483383729894,5.4862784e-07,1.918032e-05,0.011278924
6080,0,1,0.016425441418699976,2.804609e-06,2.923999e-07,0.016526813
6081,0,1,0.07467567452035774,0.000874536,0.00015577309,0.07692314
6082,1,0,0.3150663783796939,1.0,1.0,0.3202007
6083,0,1,0.05688229418073089,0.0014847288,0.00046173984,0.057402875
6084,0,1,0.40620664715482996,0.9714689,0.83205175,0.41743803
6085,0,1,0.027889248980056295,6.702342e-06,2.9022344e-06,0.027973153
6086,0,1,0.03698402957014469,0.021727618,0.0065355455,0.03912484
6087,1,1,0.6042691672512623,0.9981573,0.99735403,0.6032338
6088,0,0,0.0034831113900581283,8.465192e-09,3.2259342e-07,0.0044251224
6089,0,0,0.023380544057179424,1.6429594e-05,0.00035770936,0.025216464
6090,0,0,0.0007678861515983603,6.3318567e-13,2.5839865e-11,0.00094089366
6091,0,1,0.45232799205161617,0.9800857,0.94765973,0.45055142
6092,1,1,0.3244301714218846,0.9987356,0.97560084,0.3305449
6093,0,1,0.02540643270579743,0.00017818123,9.777525e-05,0.030716302
6094,0,0,0.05607073458025724,0.0021446326,0.03664611,0.05933966
6095,0,0,0.01080127410413577,6.6803324e-08,1.169399e-06,0.011433663
6096,0,0,0.005453374681925505,9.1589845e-07,1.1378258e-05,0.010084763
6097,1,1,0.6709853336066389,0.99998033,0.9996668,0.67786974
6098,0,1,0.02187136204076349,6.841687e-06,2.4400945e-06,0.022080671
6099,0,0,0.018915264918509297,2.1351907e-06,5.1366525e-05,0.020781305
6100,0,0,0.0010661592106653642,1.3632685e-11,2.4497824e-09,0.0013339795
6101,1,1,0.6869928106951556,0.9999037,0.9993492,0.689924
6102,0,1,0.0875033232418895,0.0012997878,0.00056591287,0.09050959
6103,0,1,0.0027681626129478216,1.1344619e-10,1.16817354e-11,0.0046916003
6104,0,0,0.06768524837533343,0.00822698,0.17020315,0.072064936
6105,0,0,0.04258965289664408,2.1890546e-06,4.8024725e-05,0.044483185
6106,0,1,0.9229389689184161,1.0,0.9999999,0.9202808
6107,0,0,0.00869705102877414,3.6406865e-07,6.403923e-06,0.0097622145
6108,0,1,0.003975741113439074,1.6550507e-08,3.574195e-09,0.0046002176
6109,1,1,0.2530843616715154,0.7211923,0.3173338,0.25824672
6110,0,0,0.021402517115289642,4.118467e-06,9.5454954e-05,0.023006184
6111,0,1,0.29642231002422104,0.9278852,0.6763518,0.3021897
6112,0,1,0.023558228783396744,0.000117046286,4.4119253e-05,0.023683004
6113,0,1,0.3304774521832059,0.9768133,0.8157141,0.3381505
6114,1,1,0.7465475954515222,0.999979,0.99979746,0.7477219
6115,0,1,0.2904655924217122,0.9566806,0.45619115,0.29861847
6116,0,0,0.019586515499985545,8.694676e-06,0.0003463802,0.020872394
6117,0,1,0.013476077245760892,2.589648e-06,8.6225145e-06,0.015727313
6118,0,0,0.01373920020716206,2.3286855e-06,5.5142304e-05,0.014541154
6119,0,1,0.1725138343187093,0.416249,0.057708293,0.17967172
6120,0,0,0.018443986966921747,0.00020440826,0.00078180555,0.031336136
6121,0,0,0.0012963457371290771,3.2482423e-11,9.653544e-10,0.0015939706
6122,0,1,0.4433168673063477,0.9749621,0.9173024,0.45877954
6123,1,1,0.5083092367867781,0.9993537,0.9885174,0.51029253
6124,0,0,0.014854387394439457,9.553838e-07,1.4990027e-05,0.015374983
6125,0,1,0.13472613949804293,0.02540061,0.0057658553,0.14040036
6126,0,1,0.004427475976003503,2.4375952e-08,4.506286e-09,0.005183213
6127,0,1,0.23713724059724833,0.77675086,0.5135867,0.24317157
6128,0,1,0.004165338389647127,1.7268239e-07,1.1646605e-07,0.0048028347
6129,0,1,0.7481013085221637,0.999997,0.999985,0.75418603
6130,1,1,0.22006536309135447,0.51399034,0.16480686,0.22328675
6131,0,1,0.5871503562709101,0.99879,0.9965203,0.5963808
6132,0,0,0.004824081524420332,1.6233766e-08,2.6158966e-07,0.0052376217
6133,1,1,0.25080590149332743,0.7305403,0.30036384,0.2546247
6134,1,1,0.4343637525414102,0.997221,0.9714223,0.43780583
6135,0,1,0.27278068143805373,0.95758474,0.6933435,0.27840978
6136,1,1,0.3667464200116095,0.9838734,0.892179,0.3713381
6137,0,1,0.007135777304860184,1.2367057e-09,4.297714e-09,0.0072087673
6138,0,1,0.023489218386152925,8.607457e-05,9.043745e-06,0.02389131
6139,0,1,0.07544842814837105,0.008116617,0.008726798,0.07697788
6140,1,1,0.41126253468654467,0.9991953,0.9846275,0.41678306
6141,0,1,0.06912120513693773,0.0036324922,0.00081684237,0.06897787
6142,0,1,0.002950458250253232,1.5948086e-10,7.9330334e-11,0.0029747186
6143,0,1,0.0435700186441736,0.00086610974,0.00014872527,0.045398887
6144,0,1,0.011651803585654983,1.2088611e-06,6.08612e-07,0.013618798
6145,0,1,0.07491286140154374,0.0059227925,0.0007164925,0.077567786
6146,1,1,0.9952097258619479,1.0,1.0,0.9925305
6147,0,0,0.0007933549674003235,1.2029792e-11,3.7596298e-10,0.0009743761
6148,0,1,0.2370906745203834,0.9177414,0.6426165,0.24280342
6149,0,1,0.6281343584743271,0.9994887,0.99808323,0.63163394
6150,0,1,0.07599667751544532,7.197844e-05,7.172738e-05,0.07567483
6151,0,0,0.004290215019105036,3.1699257e-10,1.0408571e-08,0.0045082984
6152,1,1,0.34431093169144017,0.9924418,0.9623157,0.34532487
6153,0,1,0.82004986209538,0.99999475,0.9999831,0.8253266
6154,0,0,0.051500730750282074,0.00013142834,0.011773126,0.05175286
6155,0,1,0.044046122614392315,0.0015380488,0.00030216397,0.044740684
6156,0,0,0.028195736749298532,2.128172e-05,0.000395317,0.029399892
6157,1,1,0.0934638575391953,0.0046274727,0.0017409091,0.09537081
6158,1,0,0.6448572923364605,0.99996364,0.9999999,0.65344524
6159,0,0,0.0010236765451296214,1.6196278e-12,7.382872e-11,0.0012362625
6160,1,0,0.11591688962252501,0.017131375,0.29963827,0.11891019
6161,1,1,0.48513789985800937,0.9999368,0.99910015,0.49202067
6162,0,1,0.20980654433347792,0.45558548,0.12139816,0.20670265
6163,0,1,0.0446032426090444,0.00071311713,0.0003127491,0.04249219
6164,0,1,0.10037396033140512,0.018381994,0.0026565618,0.10281121
6165,0,1,0.21607655128028516,0.4570148,0.23991545,0.21711102
6166,0,1,0.0230563131622377,2.1388088e-05,1.3080546e-05,0.023602584
6167,0,1,0.20178623459171546,0.31537506,0.091920525,0.21134782
6168,0,0,0.3077584543978407,0.71187305,0.98181367,0.30128488
6169,1,1,0.4398999416112293,0.9964819,0.9612715,0.4466541
6170,0,0,0.006244537352714621,1.5058968e-07,4.983308e-06,0.007730332
6171,1,1,0.4272099008154661,0.99494934,0.9643877,0.43132824
6172,1,1,0.1780666652269684,0.11669229,0.036373723,0.18590526
6173,0,1,0.2671373809705687,0.893727,0.65856403,0.27056038
6174,0,0,0.17736377179401486,0.37757075,0.99637693,0.17820567
6175,0,0,0.013517111853041686,5.313778e-07,1.5983484e-05,0.014830681
6176,1,1,0.6686101129101225,0.9998553,0.9988379,0.6732855
6177,0,1,0.008577778725658604,8.982407e-09,6.0603678e-09,0.00878468
6178,0,0,0.05816938094389511,0.0005084072,0.010216339,0.059103515
6179,0,0,0.042235728205134354,0.00024906432,0.008695883,0.046418887
6180,0,1,0.45312722161871855,0.9936841,0.95221907,0.4595031
6181,0,0,0.010189622887038738,2.0512466e-07,1.5713178e-05,0.011144624
6182,0,0,0.009847553226206942,1.002282e-07,3.2005476e-06,0.010830713
6183,0,1,0.3494888552874021,0.2096724,0.1564259,0.35232884
6184,0,0,0.060045374408018715,0.0018865248,0.04312327,0.06274465
6185,0,1,0.10905107850087357,0.021088134,0.00571271,0.10754297
6186,1,0,0.41217385933208806,0.9782632,0.9999938,0.41000047
6187,0,0,0.6113298399999676,0.99997544,0.9999999,0.6078933
6188,0,1,0.17181985714892895,0.18706547,0.037506483,0.17921907
6189,0,0,0.05214957205893357,0.00028370912,0.0208843,0.05417826
6190,0,0,0.0047973874228906255,1.519664e-08,3.0034565e-07,0.0052543087
6191,1,1,0.565560840364152,0.99874544,0.9950741,0.5744754
6192,1,1,0.5396120633221609,0.9995585,0.99518245,0.54737693
6193,0,0,0.005250640143750591,3.5986172e-08,8.9723045e-07,0.006235581
6194,1,1,0.2518008057240556,0.7852964,0.35291967,0.26378608
6195,0,1,0.36350577885941976,0.99333197,0.9737482,0.36791176
6196,1,1,0.10612564960378724,0.007720301,0.0064786864,0.100862235
6197,0,1,0.014687492338525225,4.934678e-07,8.855926e-07,0.015106148
6198,0,1,0.6352783956388656,0.9999373,0.99953896,0.6393718
6199,0,1,0.007279481685472671,6.824965e-08,3.9721535e-08,0.0077145537
6200,0,1,0.18614138273388986,0.045615528,0.0074264253,0.19700757
6201,0,0,0.46073195376036463,0.9993789,0.9999982,0.45529014
6202,1,1,0.9595631738092942,1.0,1.0,0.9611902
6203,0,1,0.050057702618046006,0.00049554446,9.375493e-05,0.050630346
6204,0,1,0.43888443654415454,0.999377,0.99601233,0.44320577
6205,0,0,0.018763499363053854,2.7360158e-05,0.00079188275,0.01999357
6206,0,1,0.21041732099913157,0.50929344,0.06748828,0.21497928
6207,0,1,0.0273804182208664,4.689475e-05,2.6217904e-05,0.028631255
6208,0,0,0.0003350436277029442,2.6470112e-14,1.2092336e-12,0.00041284692
6209,0,1,0.1953680064856649,0.28166002,0.07941203,0.19834931
6210,0,0,0.012302781794352386,1.2857068e-07,2.7090841e-06,0.012835048
6211,0,0,0.004491939415585513,9.5119404e-08,2.9227772e-06,0.0054725385
6212,0,0,0.04444585939834212,0.000531441,0.6190064,0.043583285
6213,1,1,0.9979928495058528,1.0,1.0,0.9969498
6214,0,1,0.4911213900769304,0.99960124,0.99681014,0.49539164
6215,0,0,0.02197231848871773,5.0371534e-07,5.2394473e-05,0.022983735
6216,0,1,0.009500682799504449,7.009412e-08,2.0379196e-07,0.009898634
6217,1,1,0.9065953765785226,1.0,0.9999999,0.90479904
6218,0,1,0.04526442750971774,1.8251632e-05,1.7548453e-05,0.04649832
6219,0,0,0.04138797087619002,5.3324933e-05,0.0014431482,0.04513375
6220,0,0,0.09804056666449948,0.08757171,0.53321433,0.10064279
6221,0,0,0.008004343194528765,8.6549215e-07,1.4280913e-05,0.008536061
6222,0,1,0.30200788114643595,0.898378,0.85338384,0.30165583
6223,0,1,0.012953773542477894,3.4344706e-07,8.4856424e-07,0.013173259
6224,0,1,0.30492305767610445,0.9688556,0.77712953,0.31071636
6225,0,1,0.007720352940036674,4.2395847e-08,6.0329306e-09,0.007705711
6226,1,1,0.29951728780111136,0.19273221,0.050700177,0.3161986
6227,0,0,0.011131904263143167,1.1769394e-07,4.6267055e-06,0.012276565
6228,0,1,0.002187641836288791,1.6624863e-11,1.08782575e-11,0.0026972187
6229,0,0,0.023978295829225768,5.9764466e-06,6.737795e-05,0.024923474
6230,0,0,0.09695921377448215,0.0034900114,0.04471013,0.10093357
6231,1,1,0.2914743116446187,0.94640857,0.7420857,0.29548344
6232,0,1,0.005153133827299645,6.6817307e-09,2.9751062e-09,0.0051391576
6233,1,1,0.2473192643217323,0.86423296,0.43846843,0.2519908
6234,0,0,0.0022250206999024666,2.2119238e-09,8.353258e-08,0.0027674877
6235,0,1,0.13935912377254753,0.039086733,0.0657087,0.13355649
6236,0,1,0.20472364846146318,0.39648148,0.113933384,0.20834668
6237,0,1,0.006708391453026995,4.2102322e-10,2.417757e-09,0.009751434
6238,0,0,0.007875945523167038,1.5438152e-06,1.3350738e-05,0.008741488
6239,1,0,0.371253824987295,0.991475,0.9999846,0.36962545
6240,1,1,0.49478529948960476,0.9994892,0.99432206,0.5030435
6241,0,1,0.0650976899794876,0.00092187274,0.00035122308,0.06351608
6242,0,1,0.8837935613334037,0.9999999,0.99999964,0.8845871
6243,0,1,0.01621188507760918,6.44349e-05,1.8232566e-05,0.02680751
6244,1,1,0.7083059485206045,0.9999417,0.9997565,0.71168834
6245,0,1,0.27771746290116944,0.8820877,0.6150868,0.28053328
6246,1,1,0.8831716481138421,1.0,0.9999999,0.88811207
6247,0,0,0.03833079711743088,0.00013097421,0.0030943498,0.041189652
6248,0,0,0.03275720212479239,6.775126e-05,0.03724459,0.03207149
6249,0,0,0.0014859257705054972,5.0542712e-11,1.206566e-08,0.0018406318
6250,0,1,0.1906840526130567,0.26668468,0.07291252,0.19411033
6251,0,1,0.031109061168757814,0.00010856657,2.3416897e-05,0.03163099
6252,0,1,0.2941570236602745,0.92240566,0.64489186,0.295213
6253,0,0,0.011117713407721332,3.0199737e-05,0.0003407004,0.020454276
6254,0,1,0.0049522693532234536,2.768048e-08,1.4798982e-08,0.006043273
6255,0,0,0.00402850671079544,3.351882e-08,1.8450842e-06,0.004985443
6256,0,1,0.00750505050399965,4.8678567e-10,2.6223276e-10,0.0079472065
6257,0,0,0.031879479218970594,3.7928836e-05,0.00071927416,0.034138706
6258,0,1,0.01406621269892161,5.1829256e-09,1.1264163e-08,0.013605097
6259,1,1,0.5520085748927693,0.9995528,0.99342793,0.56513834
6260,0,1,0.11834051460894487,0.0021963052,0.0004165634,0.1127421
6261,0,0,0.003420885067643662,9.670461e-10,8.669281e-08,0.00423367
6262,1,1,0.9967378800075944,1.0,1.0,0.9951417
6263,1,1,0.7508063355061702,0.9999857,0.99983656,0.7590227
6264,0,1,0.4840097542057176,0.7079715,0.43582723,0.45357004
6265,0,1,0.8070499766893336,0.9992168,0.9983102,0.78709614
6266,0,1,0.7980986029992511,0.9996876,0.99860376,0.6320481
6267,1,1,0.7692132728095259,0.99999547,0.99996185,0.7757085
6268,0,1,0.007621058246749685,1.5476989e-08,2.1602806e-09,0.0074979807
6269,1,1,0.32610977279581355,0.96152925,0.74900144,0.33297226
6270,0,1,0.018904396625502744,3.7460704e-05,1.48369945e-05,0.020175079
6271,0,0,0.0011386164053005569,1.7033335e-11,7.4720125e-10,0.0014587437
6272,0,1,0.28725847237797225,0.9260083,0.81188595,0.28793442
6273,0,1,0.004658139565636989,1.00726865e-07,2.1982808e-08,0.0054458664
6274,1,1,0.5512992522881306,0.9975051,0.9931579,0.563627
6275,0,1,0.03943076810183296,0.00019644247,7.499284e-05,0.04351368
6276,0,0,0.003617497622454288,3.581613e-09,1.3429284e-06,0.004354232
6277,0,0,0.020428126812175356,2.5504489e-05,5.3264404e-05,0.021491345
6278,1,1,0.18727616597430474,0.21187523,0.05966761,0.19004737
6279,1,1,0.9951006123969532,1.0,1.0,0.9930656
6280,1,1,0.43099133854321475,0.9987509,0.9869337,0.43829116
6281,0,1,0.09151443454143872,0.019608937,0.0063853404,0.09308292
6282,0,0,0.005619712180347482,1.0676571e-06,0.00023856515,0.007454502
6283,0,1,0.700612270367361,0.9999894,0.9998765,0.70405155
6284,0,1,0.020305221777619887,8.463632e-06,3.8720104e-06,0.020691251
6285,0,1,0.07008129342886753,0.007992644,0.0008165343,0.07056128
6286,0,0,0.015676675361520814,6.7677406e-06,0.0012313453,0.018823018
6287,0,0,0.00453933940170016,9.695828e-08,1.5550542e-06,0.008343745
6288,0,1,0.012433299145820394,3.2441287e-05,3.9077117e-06,0.020988658
6289,0,1,0.0015087994304870905,1.8545563e-11,6.6174594e-11,0.0017750391
6290,0,1,0.12392631402090509,0.016014421,0.012645842,0.12452268
6291,1,1,0.9700280910126066,0.9999999,0.9999999,0.9623312
6292,0,1,0.004166288300720444,1.4549716e-08,3.5676155e-09,0.0047666277
6293,0,0,0.0016617020488168394,8.312733e-11,1.784138e-08,0.002048243
6294,0,0,0.04624208197167523,0.0014305679,0.024345126,0.05017581
6295,0,1,0.012385938785425763,3.207861e-05,1.178325e-05,0.014549568
6296,0,1,0.010379395636629278,1.4284672e-06,1.489824e-06,0.0118125975
6297,0,1,0.06386361618211765,2.4844034e-05,2.260008e-05,0.062042862
6298,0,1,0.2356664146665788,0.7301098,0.55488753,0.2441153
6299,0,1,0.17523340279286956,0.011498042,0.0022402103,0.18566832
6300,1,0,0.3371254568504036,0.9930903,0.999979,0.3407599
6301,0,1,0.03319310169673384,0.0006022055,0.00044215543,0.03849203
6302,0,1,0.015604824597502766,2.177783e-06,7.505685e-07,0.015928268
6303,0,1,0.0031783519495184116,3.6955452e-09,1.3509591e-09,0.0037816202
6304,0,1,0.07316794162801826,0.001671074,0.0007085381,0.07294813
6305,1,1,0.7152612416737398,0.99975497,0.9996444,0.72380304
6306,0,0,0.049197061303338174,0.00028017437,0.010724741,0.053762175
6307,1,0,0.5136482084768411,0.9994487,0.99999976,0.50680137
6308,0,0,0.05140281896684461,0.00032203374,0.027990518,0.053933308
6309,0,0,0.019714217632900717,1.1049899e-05,7.20737e-05,0.021398196
6310,0,0,0.05402081696528956,0.003988757,0.07577829,0.05932534
6311,0,1,0.03276509470344206,1.5951719e-05,5.754486e-06,0.033342462
6312,0,1,0.28726231373258754,0.98104674,0.77685386,0.29220223
6313,1,0,0.9308693497285115,1.0,1.0,0.9297221
6314,0,0,0.027390993791974298,8.0016864e-05,0.0018273045,0.029026274
6315,0,0,0.0018136292065607633,2.263716e-10,4.013765e-09,0.0032065306
6316,0,0,0.012986207724963653,1.3618318e-06,2.5290263e-05,0.014450664
6317,0,1,0.00786651969919811,2.2692387e-08,9.8206945e-09,0.007975663
6318,0,1,0.0077372640102232205,5.982172e-07,6.0669045e-08,0.008822485
6319,0,0,0.09225350348447554,0.01567608,0.2334021,0.096264526
6320,1,1,0.2595496582801296,0.6175643,0.27059686,0.26957437
6321,1,1,0.22842334402722023,0.3635878,0.13278261,0.23802567
6322,0,1,0.0014872578959244285,3.8988944e-11,1.0136807e-11,0.0024988973
6323,0,0,0.009906007125103884,1.2856002e-07,3.0513816e-06,0.010302382
6324,1,1,0.9765518720951383,1.0,1.0,0.9715976
6325,0,1,0.011434338985495684,1.110012e-05,2.7496314e-06,0.012803893
6326,1,1,0.5784078579462807,0.9997353,0.9982967,0.58201605
6327,0,1,0.5630953570684826,0.9990578,0.9961396,0.5616432
6328,0,0,0.08847501091539642,0.009608119,0.37535754,0.09646002
6329,0,0,0.0017154066027332486,8.045451e-13,3.7680054e-11,0.0017812006
6330,0,1,0.02453325704958064,0.0063890256,0.001069811,0.043080166
6331,0,1,0.32291971724433294,0.9641373,0.79184514,0.32478186
6332,1,1,0.8354031361995866,0.9998152,0.9997694,0.80716294
6333,0,1,0.2119515532721088,0.15454891,0.025663693,0.22445635
6334,0,1,0.24088211632485088,0.7707672,0.32085505,0.24609053
6335,0,1,0.6400370635377695,0.9999994,0.99999225,0.648194
6336,0,1,0.117899866582311,0.09413012,0.026159901,0.12108933
6337,0,0,0.008178980917487437,1.284319e-08,2.3582139e-07,0.008496643
6338,0,1,0.012746751321305054,1.0643043e-06,8.3751604e-07,0.012664013
6339,0,1,0.04033463730851845,0.00024971084,6.477886e-05,0.041977573
6340,1,1,0.42313810498515464,0.9989452,0.98783755,0.42659315
6341,1,0,0.2916652686361368,0.84157336,0.9945789,0.2989973
6342,1,1,0.7289108310180923,0.9999927,0.9999268,0.73313934
6343,1,1,0.6432058557424799,0.99981654,0.99905866,0.6501013
6344,0,0,0.003567493140036635,1.15468175e-07,2.7454515e-05,0.004761464
6345,0,1,0.0008206378116149096,5.353133e-13,2.5300124e-12,0.0009654818
6346,1,0,0.9994277025591348,1.0,1.0,0.9987331
6347,0,0,0.034582306207411886,5.6828518e-05,0.001479227,0.037134618
6348,0,1,0.14293511212638574,0.042285044,0.017069926,0.14832042
6349,0,0,0.4088778045116726,0.9980325,0.99999404,0.4038838
6350,1,1,0.8266324575970343,0.99998975,0.9999435,0.80549604
6351,0,1,0.09208838251736981,0.0017754025,0.00055572327,0.0936579
6352,1,1,0.4432647124251013,0.9988575,0.991011,0.44800496
6353,1,1,0.4878777763728009,0.9963302,0.9768546,0.4909536
6354,0,1,0.02718673127062219,0.00090032566,0.000635458,0.029878771
6355,1,1,0.9334674865635951,0.9999974,0.9999919,0.9201494
6356,1,1,0.9095890819465434,1.0,1.0,0.91762376
6357,0,1,0.0929414853543095,0.0668036,0.019183867,0.09578699
6358,0,0,0.0019209314053784715,2.4527455e-10,5.6901506e-08,0.0023627565
6359,1,1,0.34722415182675354,0.97927,0.8059557,0.34669718
6360,0,1,0.10088497021448703,0.00373613,0.0014544104,0.10155992
6361,0,1,0.30708973345389723,0.24504606,0.086202994,0.28703374
6362,1,1,0.8916151131307832,1.0,0.9999999,0.8954552
6363,1,1,0.8249468468679239,0.99999917,0.9999958,0.8243386
6364,0,1,0.13689592821850446,0.035946477,0.0028214483,0.13961393
6365,0,1,0.08601789208241584,0.00010879291,5.761983e-05,0.0432714
6366,0,1,0.5072021916284628,0.9987735,0.98921144,0.5265757
6367,0,0,0.0063309836174638865,2.7894587e-09,7.568653e-08,0.0066261217
6368,0,0,0.016465139992454088,3.2206124e-05,0.0006889488,0.01806306
6369,1,1,0.979416988543633,0.99994624,0.99993825,0.97162867
6370,0,1,0.1548598873466583,0.029617982,0.01345242,0.15415743
6371,1,1,0.9896053961759701,1.0,1.0,0.9840013
6372,1,1,0.8633581406385302,0.9999988,0.99999285,0.8666738
6373,0,1,0.5312380406106697,0.99988425,0.99935716,0.5338838
6374,1,1,0.997914679259642,1.0,1.0,0.9968074
6375,0,1,0.0020233553475130645,3.0572351e-09,3.0255678e-09,0.0024008683
6376,1,1,0.9999999999999878,1.0,1.0,1.0
6377,0,0,0.049778580370846405,0.013366274,0.5520156,0.061551914
6378,0,0,0.043420921510357605,9.1778085e-05,0.0047624675,0.04644251
6379,0,1,0.27657701678502356,0.92855126,0.6810243,0.28139755
6380,0,1,0.173869894275685,0.09742615,0.038772587,0.17482758
6381,0,0,0.048886730132165,0.0008349793,0.017070359,0.05019606
6382,0,1,0.025008016859094567,2.088354e-05,9.284063e-06,0.025155911
6383,0,0,0.08685938481684988,0.014629213,0.28997293,0.09285481
6384,0,1,0.5625499007432807,0.99680114,0.9852491,0.5671101
6385,0,1,0.0031988920910237875,4.3686899e-10,1.7926366e-10,0.0032285766
6386,0,1,0.1761215637555067,0.21610633,0.08766819,0.1756675
6387,0,0,0.04596272353360294,0.00048704768,0.01074556,0.048203867
6388,0,0,0.017293403463623576,0.0009948167,0.0066309283,0.02205382
6389,0,0,0.009597718901850493,4.7320438e-07,9.50903e-06,0.010607987
6390,0,1,0.2750464049325283,0.85831803,0.58947444,0.27605948
6391,0,0,0.002724630569349957,1.5632621e-09,6.010009e-08,0.0032776697
6392,0,1,0.008451003989012794,1.4284603e-06,5.849053e-06,0.009876302
6393,0,1,0.25036404223953085,0.573952,0.2357311,0.25279102
6394,0,1,0.037238135590637246,5.2707128e-05,0.00010380154,0.034129627
6395,0,1,0.0875291708992629,0.027419642,0.0015236194,0.08942193
6396,1,1,0.0600742234181657,0.001593617,0.0004042005,0.05930903
6397,0,1,0.279889942186604,0.950397,0.6468376,0.28766838
6398,0,1,0.5000264021859162,0.99485105,0.9851712,0.5101044
6399,1,1,0.5365385845353715,0.9831145,0.98209405,0.5337049
6400,0,1,0.17873533141196726,0.033883683,0.0019893944,0.18953831
6401,0,1,0.12727148133966631,0.03847661,0.0060323356,0.13134363
6402,0,1,0.012704157327581763,2.564299e-05,2.0049172e-05,0.01414573
6403,0,0,0.00835396499084104,1.8454713e-06,9.061901e-05,0.010356695
6404,0,1,0.2541955752754356,0.008759413,0.0032881408,0.2566222
6405,0,1,0.3251507237262324,0.9968004,0.97760165,0.34250316
6406,0,1,0.06325491616215721,0.0017713567,0.00076843397,0.06544618
6407,0,1,0.35648110290947227,0.9883786,0.9375169,0.35753357
6408,0,0,0.014414040029392082,1.2984144e-07,5.262447e-06,0.014582894
6409,0,1,0.009198322182266239,1.4069099e-06,7.148464e-07,0.010569841
6410,0,1,0.4536944613248544,0.99962676,0.99871254,0.45813483
6411,0,1,0.550764866526477,0.9967566,0.95649165,0.56298363
6412,0,1,0.46243020520819067,0.9949762,0.95706445,0.4725677
6413,0,1,0.10613635653177374,0.006414701,0.0065951017,0.10531381
6414,1,1,0.5035897936633658,0.9996901,0.9987526,0.4988588
6415,0,1,0.4147300978794733,0.97541934,0.8728288,0.41888183
6416,0,1,0.12848821134375946,0.016753718,0.014785436,0.13178657
6417,1,1,0.13189071910107883,0.008443019,0.0058068857,0.13580641
6418,0,1,0.37457604721773197,0.13895245,0.24613975,0.34359315
6419,1,0,0.11194466675817957,0.012798277,0.9397315,0.11190213
6420,0,0,0.00357195620466841,1.5365973e-09,3.9974935e-08,0.0038441506
6421,0,0,0.0019857829705075786,5.169615e-10,1.8182654e-08,0.0024106002
6422,0,1,0.44304005407797836,0.9966487,0.9661835,0.4454611
6423,0,1,0.014009494143548877,2.497783e-05,1.0453442e-05,0.017026441
6424,1,1,0.6982738574621484,0.99996126,0.9997569,0.7074965
6425,0,0,0.02355057218688162,1.121231e-05,0.00015375316,0.025105003
6426,1,0,0.7000993197131279,0.9999583,1.0,0.691604
6427,1,1,0.8732760329164339,0.9999995,0.9999975,0.877865
6428,0,0,0.00743880353154271,3.048878e-07,4.171495e-06,0.013282184
6429,0,1,0.5229800401370291,0.999918,0.99881124,0.5311718
6430,1,1,0.9999999999999956,1.0,1.0,1.0
6431,0,1,0.11528085092603568,0.119636446,0.03453089,0.11026999
6432,0,1,0.015489874319358103,2.877465e-05,9.420017e-06,0.018516613
6433,0,0,0.012859959759982774,1.23539285e-05,0.0004044994,0.016326483
6434,0,1,0.5397826674452246,0.9996974,0.99675,0.54487723
6435,0,0,0.011890794088868038,8.954517e-06,0.00029464287,0.015178697
6436,0,1,0.005666274105556593,1.5773818e-08,2.4773184e-08,0.006470751
6437,0,1,0.024900475391742137,9.293186e-06,3.7176376e-06,0.025305966
6438,0,1,0.014885311948229455,3.5674316e-06,3.6287173e-07,0.015212841
6439,1,1,0.9170610161046769,0.9999714,0.9999616,0.899486
6440,1,1,0.27630356147203233,0.9267885,0.5819512,0.28248566
6441,1,1,0.15503813415696904,0.09511954,0.010173719,0.15930232
6442,0,0,0.00545066099151944,2.986784e-07,1.0103324e-05,0.0069475016
6443,0,1,0.06423266415047504,0.002953746,0.001143717,0.06494885
6444,0,1,0.20798185606995082,0.36506265,0.10712178,0.21616933
6445,0,1,0.0007989801212896113,6.5146314e-14,4.898255e-14,0.00097477436
6446,0,1,0.31385928070490116,0.57885236,0.11047729,0.3187841
6447,0,0,0.4851462828643948,0.9986443,0.9999957,0.4922923
6448,0,0,0.16231762251454657,0.6846727,0.9605864,0.17345706
6449,0,1,0.46407710158533516,0.9283219,0.730446,0.4599981
6450,0,1,0.22289990564675347,0.55567884,0.13213103,0.23041256
6451,1,1,0.8488693406706491,0.9998394,0.9994817,0.8328227
6452,0,1,0.000611010660186768,7.5980975e-13,6.0261903e-13,0.0007116107
6453,0,1,0.6481271914597466,0.9999697,0.99980557,0.6540266
6454,1,1,0.47954235016035807,0.9980609,0.9787307,0.48483974
6455,0,1,0.01581318853743752,8.981578e-06,2.807545e-06,0.018200886
6456,0,0,0.7859679337712498,0.9999994,1.0,0.7860176
6457,0,0,0.0201895942452265,6.9685075e-06,0.00023368551,0.022039386
6458,1,1,0.4343466455206045,0.9999571,0.9997858,0.43631935
6459,0,0,0.037008403075350395,0.00039213002,0.0071008243,0.038079754
6460,0,0,0.07660058330068177,0.005067325,0.08999751,0.08070277
6461,0,1,0.3381211655326282,0.9543774,0.8543335,0.33812073
6462,1,1,0.4046992127439473,0.96101475,0.58386743,0.41133553
6463,1,1,0.9150072419967611,0.99999547,0.99998844,0.9032788
6464,0,0,0.06751955423042662,0.009767544,0.10906738,0.07252077
6465,0,1,0.04269171412383258,0.0027368846,0.0019364587,0.050288603
6466,0,0,0.0249147219226662,1.1411784e-05,0.0007913981,0.026858574
6467,1,1,0.36176329142074504,0.99888176,0.9890435,0.38642576
6468,1,1,0.6455516281225362,0.99996233,0.9994128,0.65327096
6469,1,1,0.5600080873246119,0.99867266,0.9947222,0.56953764
6470,0,0,0.058036089147737606,0.0011686985,0.023131436,0.062869675
6471,0,0,0.39996406975566867,0.9948782,0.9999925,0.39919513
6472,0,1,0.13816844802624398,0.021444164,0.0054507325,0.14280741
6473,0,1,0.020007094151971737,7.105028e-10,3.2918598e-10,0.010384677
6474,0,1,0.03326171306282199,6.325827e-05,2.9608269e-05,0.034684893
6475,0,0,0.05956649005706577,0.0025575089,0.046873037,0.06311047
6476,0,0,0.013875359642589525,2.493266e-06,1.7410795e-05,0.014697327
6477,1,1,0.43984047163336837,0.9805623,0.9777508,0.43160564
6478,0,0,0.017495505660039226,7.692762e-07,6.303991e-05,0.018535588
6479,0,1,0.3812073976985443,0.99770135,0.9854203,0.38634986
6480,0,1,0.32947832866778787,0.9235609,0.8791612,0.31907648
6481,0,1,0.011003422442444307,2.4055305e-05,1.3227503e-05,0.012764306
6482,0,0,0.16290393753572252,0.054837737,0.9688655,0.16357681
6483,0,0,0.0006226719639690951,8.036974e-12,6.244085e-11,0.0011287073
6484,1,0,0.5061189404258006,0.99934524,0.9999982,0.5079937
6485,0,0,0.010276357214216643,2.228316e-06,0.0001203191,0.012872694
6486,0,0,0.0054132800616482684,8.128952e-08,1.3674264e-06,0.0059835683
6487,0,1,0.1097356665919792,0.0072184517,0.0010314526,0.11267843
6488,0,0,0.04939004591693265,0.000792139,0.014015305,0.051594228
6489,0,0,0.0033253500740918836,6.179016e-08,7.960025e-08,0.002697078
6490,0,0,0.004365649763381194,7.808074e-08,2.82739e-06,0.005598408
6491,0,0,0.006473278137954451,7.045223e-09,1.764298e-07,0.0070610503
6492,0,0,0.009078951183308218,1.5897655e-08,3.8833898e-07,0.009282359
6493,1,0,0.1817974655363246,0.84195995,0.99333113,0.19372189
6494,0,1,0.4129579308415323,0.9955494,0.9676454,0.4169071
6495,0,0,0.006789186725286435,3.1553245e-08,1.2417192e-06,0.007332015
6496,1,1,0.4064203071792062,0.98305297,0.9089031,0.4075492
6497,1,1,0.7319630783040144,0.9999802,0.9997792,0.73597836
6498,0,1,0.09182154216729672,0.040916156,0.0024742268,0.09639587
6499,0,1,0.0031931571409905828,2.9896405e-09,1.8081797e-09,0.0037488402
6500,0,1,0.16096161368949352,0.11217242,0.050243333,0.16838543
6501,1,1,0.19961282609803208,0.36670372,0.08655503,0.20663448
6502,1,1,0.061512855299337345,5.196178e-05,7.0960264e-06,0.06583309
6503,0,0,0.21670626059324058,0.5244317,0.96584564,0.224588
6504,1,1,0.8967046374796888,0.99999976,0.99999785,0.9016756
6505,0,1,0.008553691840933979,1.7941372e-07,1.3949588e-07,0.010163296
6506,0,1,0.007610882456887911,3.7890095e-07,2.2232736e-07,0.009065548
6507,0,1,0.24649151407897332,0.8674343,0.3849919,0.25084433
6508,1,1,0.3898467805967634,0.99339217,0.9457156,0.40462723
6509,0,1,0.08864005547213225,0.00096176524,0.00076098717,0.0844884
6510,0,0,0.004355248478165235,5.453004e-08,3.3978876e-07,0.0076790825
6511,1,1,0.5212301812247735,0.9997074,0.9945129,0.5293578
6512,0,1,0.06860825082379687,0.0021604237,0.00049830764,0.0707145
6513,0,1,0.003918925203951268,3.3594842e-09,2.7053075e-09,0.0039102854
6514,1,1,0.3963911778316563,0.996822,0.98276067,0.39354143
6515,0,1,0.46368026539425294,0.9953671,0.9707655,0.47091904
6516,0,1,0.6227228040730255,0.9999815,0.9996053,0.6346209
6517,0,1,0.26670198367251297,0.89548826,0.762607,0.27613777
6518,0,1,0.19148209325764753,0.509937,0.029443257,0.19563305
6519,0,1,0.003590677321537192,3.1521544e-08,5.0275664e-09,0.0042115785
6520,0,1,0.28250222717022083,0.9318483,0.6047788,0.2880964
6521,0,1,0.0042906984300042795,1.255633e-08,7.361914e-09,0.0050427746
6522,0,1,0.010694864896889322,6.0927064e-08,8.4568645e-09,0.010799218
6523,0,0,0.011389052096521166,8.1323384e-07,2.3035223e-05,0.012554836
6524,1,1,0.6866622877092017,0.9999181,0.99936026,0.6871015
6525,0,1,0.7005384646739836,0.99999976,0.9999994,0.69588417
6526,0,0,0.20895018997953368,0.81289786,0.99933475,0.20866491
6527,1,1,0.38304279511792216,0.922221,0.8080774,0.38532668
6528,0,1,0.002457522858921369,1.4838536e-10,5.7992094e-10,0.0028985387
6529,1,1,0.8918114067661146,0.99999714,0.99998724,0.8677641
6530,0,1,0.01091856034534008,7.0854446e-07,2.553078e-07,0.017555406
6531,1,1,0.2625989538081431,0.7362538,0.43032578,0.26090604
6532,0,0,0.003835748732574502,1.4615796e-07,1.6527688e-06,0.007070528
6533,1,0,0.012023457947275914,1.3983993e-07,6.8915465e-06,0.012426792
6534,0,1,0.04251646920268336,0.0005432529,0.00018519501,0.043161124
6535,0,1,0.008050502519287817,1.3110655e-06,7.211308e-07,0.009828027
6536,0,1,0.016665098030435994,5.287871e-05,3.204042e-05,0.019690601
6537,1,1,0.8936804588515523,0.99999964,0.999998,0.896417
6538,1,1,0.6534978980005385,0.9999987,0.9999627,0.65914464
6539,0,1,0.005574538235823348,1.2615196e-07,4.053736e-08,0.006545079
6540,1,0,0.8513770704961507,0.99999475,1.0,0.8302836
6541,0,0,0.04365256436116155,0.0005207125,0.0041337246,0.04555898
6542,0,1,0.1122540150626666,0.00017804469,3.6305017e-05,0.11903757
6543,0,1,0.029124275576229368,2.6105039e-05,1.7201982e-06,0.028897578
6544,1,1,0.6199620207203305,0.9999229,0.9993456,0.6259995
6545,1,0,0.6672751274936723,0.99991465,1.0,0.6578498
6546,1,1,0.4854955738420803,0.99912316,0.9953368,0.4903781
6547,1,1,0.27022193408137407,0.9474499,0.8026061,0.26939547
6548,0,1,0.7645737397240944,0.99999285,0.9999708,0.76702034
6549,0,0,0.0013199892568764473,1.6118103e-11,5.5312804e-10,0.0016219197
6550,0,1,0.30117070452566863,0.9361013,0.74174136,0.3061125
6551,0,1,0.01434889021505555,8.517636e-07,1.7703994e-07,0.014240756
6552,0,1,0.004438133137653762,2.168005e-08,4.2195842e-09,0.005178082
6553,0,0,0.7160524458012663,0.99998176,1.0,0.7191624
6554,0,0,0.040813903796139236,0.00015803803,0.003907959,0.04205352
6555,0,0,0.002795554159499319,2.8129393e-10,4.7600954e-09,0.0029842658
6556,1,1,0.453544403097602,0.9431296,0.6506367,0.4296039
6557,0,0,0.00893166534903897,1.3485288e-07,4.3738905e-06,0.009842715
6558,0,0,0.07906026326436452,0.009679331,0.15877485,0.08383793
6559,0,0,0.0004577935727820281,1.1447543e-13,4.905282e-12,0.00056467095
6560,1,1,0.36921843609705496,0.9752726,0.90897405,0.36976987
6561,0,1,0.40279054321323776,0.9930241,0.93941796,0.40983874
6562,0,1,0.2392175772842744,0.678772,0.57576996,0.23455285
6563,0,0,0.022724846592495823,0.00025040057,0.0037302352,0.040098038
6564,0,0,0.010045471261149973,1.0061402e-06,2.4119969e-05,0.01114948
6565,0,0,0.003023310496050393,3.8076076e-09,1.0128903e-07,0.0036094168
6566,1,1,0.3397441937982778,0.96909225,0.8220544,0.344881
6567,1,1,0.7985006514770734,0.9999894,0.99993765,0.8017866
6568,0,1,0.3646213172935013,0.987688,0.8865711,0.37203783
6569,1,1,0.8937092743463818,0.9999999,0.9999988,0.8965229
6570,0,1,0.09908496654482353,0.044363946,0.0064877444,0.09790433
6571,0,1,0.01616655105139277,2.2075992e-05,1.881663e-05,0.019096546
6572,1,0,0.0666256962501873,0.016719405,0.4546879,0.07170382
6573,0,0,0.007866168770198073,7.890834e-06,4.9192196e-05,0.0144419875
6574,0,0,0.02797989102875195,0.0004850661,0.011262085,0.034115594
6575,0,1,0.5298969965097429,0.99819666,0.9886367,0.5363374
6576,1,1,0.6903995397973065,0.9999989,0.99998665,0.6903469
6577,1,1,0.4277515717985587,0.9893755,0.9277728,0.43402758
6578,0,0,0.05664372805452829,0.0019602897,0.03985524,0.058736876
6579,0,0,0.1359553897742139,0.034546386,0.5269111,0.13944441
6580,1,1,0.4888433484596426,0.9325848,0.91663027,0.4891191
6581,0,1,0.1295234250019629,0.058163885,0.008321577,0.13458467
6582,1,1,0.38468161450618543,0.9465638,0.77704513,0.38889652
6583,1,1,0.9042011905015584,0.99920416,0.99656785,0.8445877
6584,0,0,0.08696455133927333,0.26054916,0.81147194,0.09736358
6585,1,1,0.5117211723659483,0.31030142,0.38695025,0.4314013
6586,0,1,0.10688659983243577,0.10497384,0.029542372,0.10351154
6587,0,1,0.3112059806109223,0.9898974,0.94824475,0.3146647
6588,0,1,0.043385462027303215,7.1150294e-05,2.7821845e-05,0.042371005
6589,0,0,0.006677693246951054,2.2725659e-07,8.808489e-06,0.007956317
6590,1,0,0.9999999999999862,1.0,1.0,1.0
6591,0,1,0.626223605416152,0.99974185,0.99890065,0.6320089
6592,0,1,0.005141024764950127,2.4241202e-09,6.3145382e-09,0.00525825
6593,0,1,0.1737734803413325,0.047659393,0.006321507,0.17400822
6594,0,0,0.0016789021660495974,1.6577266e-08,4.594404e-08,0.0014301852
6595,0,1,0.3042984541593223,0.9412354,0.7470506,0.3044981
6596,1,1,0.334882754148552,0.9899157,0.8793117,0.342951
6597,0,0,0.15700335164944515,0.6152685,0.98283356,0.17247286
6598,0,1,0.2618368972897598,0.99550426,0.9828929,0.26328138
6599,1,1,0.7998783919577107,0.9999969,0.999969,0.80473745
6600,0,0,0.5537374129218223,0.99985766,0.9999993,0.54482543
6601,0,1,0.005133712028253112,9.992366e-10,4.3255496e-10,0.0060998336
6602,0,0,0.005519380538816988,3.4867728e-07,1.1299299e-05,0.00704766
6603,0,1,0.19429318183962319,0.69135237,0.2037996,0.20406592
6604,1,1,0.5667717844109662,0.9990004,0.9948313,0.5679488
6605,0,1,0.001803805292311564,1.2687419e-11,4.63944e-11,0.0021275228
6606,0,0,0.011576012977073539,2.0716564e-06,8.018872e-05,0.014502529
6607,1,1,0.3425237159582523,0.9917991,0.89696413,0.35057205
6608,1,0,0.4052567958571793,0.99519956,0.9999838,0.39661953
6609,1,1,0.2605389670345703,0.88014185,0.4762609,0.26949072
6610,0,1,0.3215234098510222,0.9809597,0.818624,0.32806534
6611,0,1,0.017424878472054605,1.7054839e-06,1.0500777e-06,0.018065829
6612,1,1,0.5988420100683812,0.99923956,0.9966538,0.60068417
6613,0,0,0.012037153149788822,2.8016632e-07,5.7011293e-06,0.013056607
6614,0,0,0.010842417112532456,1.2230142e-08,3.3077538e-06,0.011368016
6615,1,1,0.9964352568440658,1.0,1.0,0.9945393
6616,0,1,0.10589780100551952,0.004833477,0.0018470577,0.10635578
6617,0,1,0.009382375575565753,2.7292825e-07,2.1748642e-07,0.009488598
6618,0,0,0.029129205850213592,0.0010547644,0.023586677,0.03430668
6619,0,1,0.014294296909562168,6.138647e-07,9.824913e-08,0.014409519
6620,0,1,0.09631730877513156,0.009350442,0.005049233,0.10025547
6621,1,1,0.6517563816211052,0.99999535,0.9997584,0.659255
6622,1,1,0.34740753102021116,0.97560424,0.8143292,0.35755354
6623,0,1,0.1146487277285768,7.923561e-05,1.9677262e-05,0.12108292
6624,0,1,0.009555946627509273,4.5246475e-06,1.3467453e-06,0.01146443
6625,0,1,0.52523602364963,0.9926359,0.98445684,0.508904
6626,0,0,0.023249562385104096,5.033224e-06,5.7471934e-05,0.024305245
6627,0,1,0.004625683298974998,4.104584e-07,1.326005e-06,0.005791297
6628,1,1,0.5582528478679796,0.9991831,0.9951602,0.57450867
6629,0,1,0.3802868592725165,0.59254354,0.3303873,0.36279523
6630,0,1,0.010578290121112128,5.496239e-05,1.2072505e-05,0.019401202
6631,0,0,0.03832599195815553,6.270476e-05,0.0142873265,0.03989957
6632,0,1,0.18418591848658075,0.2241654,0.06025123,0.1877326
6633,1,0,0.28598385488220107,0.9708966,0.99992716,0.2899849
6634,0,0,0.23450491153598582,0.9326012,0.9998336,0.2385387
6635,0,1,0.23492443577268976,0.07944634,0.027489353,0.24199928
6636,0,1,0.2949100841641988,0.9391728,0.6782054,0.29976463
6637,0,1,0.21773363926733183,0.1998266,0.054629855,0.22176121
6638,0,1,0.29740142752355286,0.9291004,0.7160713,0.29883277
6639,0,1,0.7896519871247167,0.999998,0.99996555,0.7937109
6640,0,1,0.49481758184585944,0.99626416,0.98217857,0.49773985
6641,1,1,0.7801995252526044,0.99943215,0.9983126,0.7429232
6642,0,1,0.12507744122097472,0.015853625,0.010267919,0.12929273
6643,0,0,0.3741109706288062,0.98159605,0.99993765,0.37116322
6644,0,1,0.0037995086672327504,1.1542045e-08,2.6845979e-09,0.0043899827
6645,0,1,0.16471438538029823,0.02776745,0.0080716675,0.15536425
6646,0,1,0.3294619999802032,0.9988143,0.9872208,0.33465883
6647,1,0,0.6771746951151589,0.99997914,0.9999999,0.6765095
6648,0,1,0.0937707476185029,0.073342085,0.04865846,0.091405906
6649,0,1,0.3502449027602711,0.9936288,0.9604145,0.35524037
6650,0,1,0.018807233734536955,3.6256843e-06,1.2047612e-07,0.019346932
6651,0,1,0.03649210004588101,0.0020596148,0.0004045694,0.035838403
6652,1,1,0.5226063868033929,0.9993905,0.9953037,0.531121
6653,0,1,0.6332300201875922,0.99992025,0.99900264,0.63874245
6654,0,0,0.036386192717530005,1.7772534e-05,0.00097319507,0.038220774
6655,0,1,0.003207181134875976,2.2943525e-10,1.4368184e-10,0.0039412114
6656,0,0,0.4353164397464696,0.996471,0.99998236,0.42840344
6657,0,0,0.005387284477629235,3.8504902e-10,4.9994462e-08,0.0057311924
6658,1,0,0.3798588801457244,0.99733907,0.9999912,0.38200033
6659,0,0,0.05130297488072765,0.0023574033,0.017374858,0.054634437
6660,0,1,0.6053125014890509,0.99830997,0.9962818,0.60733277
6661,1,0,0.46184893729575477,0.9992518,0.9999981,0.46951887
6662,0,0,0.6145931670247528,0.99982834,0.9999995,0.613896
6663,0,0,0.01907906024735535,1.9295878e-06,4.9050213e-05,0.020877177
6664,1,1,0.4198097072898427,0.9921813,0.97220117,0.42352924
6665,1,1,0.8833738486850443,0.99997747,0.9999262,0.863284
6666,0,0,0.603532671279119,0.9999963,1.0,0.5970308
6667,1,1,0.9820208842609243,1.0,1.0,0.97809196
6668,0,1,0.7431392961016585,0.9999355,0.9989881,0.7490462
6669,0,1,0.00610468948150164,6.894453e-08,4.517364e-08,0.0074527
6670,1,1,0.6732948854823816,0.99996996,0.99962413,0.681669
6671,1,1,0.7349572386938351,0.99999905,0.99998105,0.73867357
6672,0,0,0.0034519224052161433,8.054077e-10,2.5083281e-08,0.0035930665
6673,1,0,0.4717668458522003,0.9989084,0.9999982,0.46773654
6674,0,1,0.0008483549873356913,6.446587e-10,3.3866496e-11,0.0007442126
6675,0,0,0.020879238765584843,4.8713537e-06,0.00013942932,0.023143005
6676,1,1,0.7567607114983853,0.9958299,0.9900726,0.7081483
6677,0,1,0.00831566558639236,1.665615e-08,6.142047e-09,0.008485275
6678,0,0,0.005334046712299059,4.6912496e-07,1.0892643e-05,0.006803638
6679,0,1,0.0049968942454274145,4.656217e-09,3.5828294e-09,0.0059584416
6680,0,1,0.00888875179875407,8.593485e-08,1.05954996e-07,0.008826565
6681,0,1,0.29711167416738676,0.67223006,0.2061915,0.30406398
6682,1,1,0.6297814558179043,0.9999335,0.99965477,0.6357764
6683,0,0,0.0038124680498424542,2.5511548e-08,2.709761e-07,0.0064853565
6684,0,1,0.11452906122201932,0.010037285,0.015124917,0.113892466
6685,0,0,0.005006539223644095,2.4959614e-09,5.5633667e-08,0.0053815576
6686,1,1,0.778590864366999,0.9141086,0.805374,0.7003579
6687,0,1,0.014034018892301468,1.0035862e-06,2.151269e-07,0.014425003
6688,0,1,0.03807783457818345,1.4364314e-05,5.383236e-06,0.037519515
6689,0,0,0.31485641797872277,0.098184556,0.99669665,0.28979972
6690,0,1,0.2744052609559105,0.77497536,0.54045534,0.2775203
6691,1,0,0.4447159785679966,0.9968002,0.99999654,0.42794332
6692,0,0,0.0034203443547438845,1.4869057e-09,3.0202877e-08,0.0036568881
6693,0,0,0.04744451103077334,0.018669812,0.34711137,0.049263436
6694,0,0,0.8475584778370449,0.9999999,1.0,0.8420081
6695,0,0,0.012216131526187656,4.353327e-05,0.00085651665,0.014939414
6696,0,0,0.01166640567124122,9.757753e-09,7.750133e-07,0.011152351
6697,0,0,0.050767553878515566,0.003187575,0.07975905,0.052279126
6698,0,0,0.0017871882434287278,1.3701695e-10,6.7796684e-09,0.0022285485
6699,1,1,0.262451500348992,0.8663644,0.45556816,0.2674305
6700,0,0,0.0030656504976757154,2.7994487e-08,9.940039e-07,0.00391873
6701,1,1,0.22739562639295763,0.8103128,0.34096956,0.23333164
6702,1,1,0.386544271894749,0.998262,0.98211277,0.39421988
6703,0,0,0.1247201376989685,0.052320324,0.96974564,0.12270587
6704,1,1,0.07628874243540756,0.9000921,0.8146132,0.0951106
6705,0,1,0.7408949675987176,0.9999813,0.999908,0.7453096
6706,0,1,0.7008611103804605,0.99999857,0.999964,0.70653415
6707,0,1,0.10581059148357132,0.043661796,0.017227173,0.106024936
6708,0,1,0.01831336700725168,3.3505096e-06,1.5786029e-06,0.018907769
6709,0,0,0.012936142296045573,1.1203299e-06,7.333151e-05,0.014525816
6710,1,1,0.2895620310806665,0.9536813,0.63257295,0.30019343
6711,0,0,0.1963258425757291,0.5453286,0.99727565,0.19513404
6712,1,1,0.9282132094075801,0.99999464,0.9999796,0.9133464
6713,0,1,0.6238503666794919,0.99988973,0.9991447,0.6274043
6714,0,0,0.03204136707437588,1.7473005e-05,0.00045267347,0.034994498
6715,1,1,0.4704400667178251,0.99954706,0.9944055,0.47755638
6716,0,0,0.11178437371244855,0.008180843,0.22102906,0.11634343
6717,0,0,0.019535353639898237,8.910917e-06,0.00022883719,0.020868173
6718,0,1,0.27938498298886605,0.92465746,0.6603801,0.29240614
6719,0,1,0.028018121569511324,5.822149e-05,2.850875e-05,0.028200174
6720,0,1,0.13792420782370943,0.042364232,0.022149041,0.13344887
6721,1,1,0.4973689056521081,0.9981427,0.9893734,0.50307065
6722,1,0,0.5939982186544637,0.9998826,0.99999976,0.5916682
6723,1,1,0.269259450227519,0.90310514,0.5435543,0.27470088
6724,0,1,0.0007551499398731949,4.7211594e-13,1.1800615e-13,0.0008799222
6725,1,1,0.25239357593755385,0.99528646,0.97750443,0.2539086
6726,1,1,0.980967946212351,0.99999976,0.9999999,0.97125566
6727,1,1,0.9999999999999942,1.0,1.0,1.0
6728,1,1,0.675429996713241,0.99973184,0.9990608,0.6745529
6729,0,1,0.2037107395659538,0.36453098,0.12945303,0.2057913
6730,0,0,0.045271748285218225,0.0037842602,0.11986613,0.051379006
6731,0,1,0.23230414601535682,0.6821998,0.22820699,0.23675317
6732,0,0,0.23930499515798503,0.876216,0.9995961,0.23674975
6733,0,1,0.22225649849400533,0.58280814,0.19193651,0.2263677
6734,0,1,0.031714115742354984,9.219144e-06,3.181898e-06,0.032539092
6735,0,1,0.02645854893393352,0.0046306825,0.0019039036,0.030120263
6736,0,1,0.23283054367919734,0.6895372,0.19870561,0.24616572
6737,1,0,0.037195661414786654,5.8094283e-06,0.0012059348,0.036790937
6738,1,1,0.9572218458932997,1.0,1.0,0.9580985
6739,0,1,0.041613714174387695,0.0001157605,3.6544836e-05,0.041160777
6740,1,1,0.41834739472567295,0.99915385,0.98487604,0.42236766
6741,0,0,0.01744504138224608,0.00012500856,0.0031686034,0.021591427
6742,0,1,0.0046595572111689226,5.3588156e-08,3.8918643e-08,0.0053548883
6743,0,1,0.3336581656056418,0.993868,0.9063986,0.33909598
6744,0,1,0.009751172800740332,3.786195e-06,1.7443904e-06,0.011422048
6745,0,1,0.017597371814605283,1.3712462e-06,6.3783455e-07,0.018522624
6746,0,1,0.013331746909321743,3.5020716e-05,6.893085e-06,0.022114886
6747,0,1,0.04382307173473769,3.7711825e-06,4.6451237e-06,0.045281127
6748,0,1,0.2849697125307202,0.9344321,0.88477486,0.28146008
6749,1,0,0.20052375909633557,0.7942129,0.9994868,0.21167126
6750,0,0,0.005945558864797641,3.1337272e-08,7.665989e-06,0.0073527875
6751,0,1,0.06219278543608658,0.00016125002,4.6242567e-05,0.061055843
6752,1,0,0.6187646029813963,0.9998019,0.9999995,0.61581093
6753,0,0,0.11517948658799652,0.045470458,0.44093722,0.120323114
6754,0,0,0.12027286591217211,0.03845512,0.5465956,0.12798277
6755,0,1,0.05952086333737412,0.06713511,0.013182987,0.06927204
6756,0,1,0.02414340935697769,3.2095013e-05,1.2716102e-05,0.024366632
6757,0,0,0.01595524350304274,3.3472968e-06,9.508186e-05,0.017489685
6758,1,1,0.2937385612835999,0.9830101,0.9054184,0.29796666
6759,0,0,0.07787587729496705,0.0027147504,0.0986999,0.081096485
6760,1,1,0.3250548079702267,0.9943068,0.9679222,0.32912916
6761,0,1,0.12908887906981756,0.5633891,0.16926,0.13995059
6762,0,1,0.25248147801128884,0.497059,0.12961733,0.26616594
6763,0,0,0.027426182517473342,0.0021701325,0.010273184,0.031027813
6764,0,1,0.4275645379431625,0.99932015,0.98950654,0.43550465
6765,0,0,0.2679175205469381,0.62992144,0.9799369,0.27373654
6766,0,1,0.17442198620446997,0.28347236,0.07808132,0.1776863
6767,0,1,0.41561305820189337,0.9839041,0.9350066,0.42316613
6768,1,1,0.39455664120258954,0.996956,0.97972107,0.39817524
6769,0,1,0.0008387346700598974,1.1718036e-12,8.411017e-13,0.0009931813
6770,0,0,0.01448064110571523,1.5640835e-06,4.6488585e-05,0.015550143
6771,0,1,0.0031032519544510763,3.4526863e-08,1.1631643e-07,0.0039280774
6772,0,0,0.005218166675316037,8.6027846e-08,4.37792e-07,0.009048822
6773,0,1,0.3796157438542815,0.9770412,0.9355454,0.38731676
6774,0,0,0.0018694661779586664,1.14773755e-11,8.160308e-10,0.0020546722
6775,1,1,0.7891765135873591,0.9999999,0.9999988,0.80749696
6776,0,1,0.4013102409720781,0.9989858,0.9805834,0.40860856
6777,0,0,0.1499707232597859,0.5572511,0.8475569,0.15421581
6778,0,1,0.04394991579202693,3.3818687e-05,4.6351972e-05,0.043451592
6779,0,1,0.005469882731127064,1.2771909e-08,4.256314e-09,0.0056043733
6780,0,0,0.05998202928156921,0.0003619035,0.006807683,0.06533948
6781,0,1,0.006878763304259139,1.10775254e-07,5.9016617e-08,0.008356925
6782,0,0,0.00620581962962303,2.6306388e-10,4.8626646e-08,0.0060852924
6783,1,0,0.7908777821103606,0.62541205,0.9876446,0.7179325
6784,0,0,0.002099697051372575,2.7152536e-09,1.00595344e-07,0.0026420197
6785,0,1,0.08649358517646008,0.011406897,0.0029292612,0.08710399
6786,0,1,0.1002140697470638,0.031343605,0.015146397,0.10301134
6787,1,1,0.1514627573623669,0.15021224,0.027280984,0.1558879
6788,0,0,0.0016585115560484903,3.8637252e-10,1.3517201e-08,0.0020292182
6789,0,0,0.43665355363844527,0.9997019,0.99999833,0.4428329
6790,0,1,0.01655010810185366,4.077413e-05,1.8950215e-05,0.02011212
6791,0,0,0.1840684859522168,0.5890695,0.9782416,0.19302987
6792,1,1,0.30757576460629954,0.9792245,0.90393686,0.30839422
6793,0,1,0.796576513139505,0.99999654,0.9999573,0.7909971
6794,0,1,0.42499510693506565,0.98541254,0.9066691,0.42665267
6795,1,1,0.302358921374377,0.96450245,0.83588004,0.30615884
6796,0,1,0.016184359441504727,5.00222e-06,4.0250677e-07,0.016564863
6797,0,0,0.0483087683681945,7.194214e-05,0.0009018531,0.05319165
6798,0,1,0.2200844445460574,0.93049926,0.45094603,0.2285969
6799,0,1,0.10752711972561893,0.24369705,0.08913141,0.10962983
6800,0,1,0.4417501527606407,0.9954347,0.9710697,0.4489016
6801,0,1,0.06450861778667914,0.05589055,0.0053751804,0.06537332
6802,0,1,0.013927084150483118,3.2469766e-06,2.2374961e-06,0.014426237
6803,0,0,0.040864718136546505,3.8984945e-05,0.0058567594,0.04236427
6804,0,1,0.08703364684546001,0.0023729333,0.002625351,0.08047206
6805,1,0,0.9908607678604766,1.0,1.0,0.985402
6806,1,1,0.6454963109111879,0.99995816,0.99954647,0.6567297
6807,0,1,0.2189066717640371,0.44832274,0.1430737,0.22115149
6808,1,1,0.7327126876876665,0.9999862,0.99991906,0.73231834
6809,0,1,0.6352969779515958,0.99982333,0.99902785,0.6438207
6810,0,1,0.04982274814392599,1.1636753e-06,2.4682305e-07,0.052796144
6811,0,1,0.4239408986271196,0.9996919,0.99701226,0.45750946
6812,1,0,0.4462890979725393,0.7356502,0.9927125,0.41931382
6813,1,1,0.09773197388177832,9.176522e-05,2.3724304e-05,0.101289935
6814,1,1,0.3975583573290237,0.98424214,0.9144884,0.40111494
6815,0,0,0.019845673856571704,0.00025718243,0.004025266,0.021707872
6816,0,0,0.0038973479125016266,1.0395635e-08,3.5122e-07,0.0047853943
6817,1,1,0.2791523485621777,0.86999494,0.50255793,0.28496638
6818,0,1,0.5565725753116003,0.9993131,0.99408746,0.56223726
6819,0,0,0.09749237136041265,0.0047113136,0.21538548,0.101462215
6820,0,0,0.011820645552890164,5.910628e-08,1.4032277e-06,0.012687896
6821,0,0,0.07089696836737755,0.010134592,0.18222891,0.076677084
6822,0,0,0.016453506045993552,5.0055532e-05,0.0029985695,0.017888336
6823,0,0,0.006235439050718281,6.0142256e-09,2.0500676e-07,0.0065920567
6824,0,0,0.035134538013557766,9.71672e-06,0.00021504945,0.037512366
6825,0,1,0.4567034868586748,0.99201435,0.9595405,0.4644094
6826,0,0,0.06257786319031518,0.0077499864,0.12450297,0.06832362
6827,0,1,0.24041837082451079,0.6146276,0.23208232,0.2421794
6828,1,1,0.30602598847461854,0.85788995,0.49784142,0.30747724
6829,1,1,0.3268653140265031,0.99039644,0.895911,0.33261046
6830,0,0,0.18391982614281102,0.9327159,0.98872465,0.19052182
6831,0,1,0.052355313679809265,0.0008068648,0.00043770185,0.05372496
6832,0,1,0.08133391617806796,6.971237e-05,1.0656626e-05,0.084209144
6833,1,0,0.06138636932792781,0.0018577504,0.022773737,0.06396002
6834,0,0,0.00829255238768221,2.9818683e-08,1.1894058e-06,0.009098006
6835,0,1,0.004384401710809686,1.1968116e-07,4.9328666e-08,0.0055178865
6836,1,1,0.5421922034311665,0.9937171,0.9771138,0.55291104
6837,0,0,0.0022225581092295125,2.7088587e-10,1.1056602e-08,0.0028229267
6838,1,1,0.7013424281239232,0.99991715,0.9996401,0.70944095
6839,0,1,0.33262738745393233,0.98993534,0.96306556,0.3353357
6840,0,1,0.0003629600695666478,6.158243e-14,2.1521566e-14,0.00042590304
6841,0,0,0.002799485189077181,2.4710738e-09,1.0587158e-07,0.0035187406
6842,0,1,0.6901621344688403,0.99994123,0.9995795,0.69774157
6843,1,1,0.8890269993583699,1.0,0.9999999,0.89063746
6844,0,1,0.1854353263756719,0.8894433,0.61658204,0.19439645
6845,1,1,0.4086847240413687,0.9623365,0.86192214,0.4224806
6846,0,1,0.019365669836630694,5.1982915e-06,1.8270524e-06,0.020094395
6847,0,0,0.4367063945555901,0.99812883,0.99999547,0.43952966
6848,0,1,0.6884658200518435,0.99992037,0.9992944,0.6929451
6849,0,1,0.002756634116778976,1.6905577e-08,4.358457e-08,0.0032171803
6850,0,1,0.09666663871436862,0.0031122009,0.00027322784,0.09782542
6851,0,1,0.1952953968779394,0.71594876,0.2675187,0.1993978
6852,0,1,0.015241942749112879,1.1992835e-05,4.5731e-06,0.01869033
6853,0,0,0.004742968559199976,8.4616445e-08,1.5383272e-06,0.008622075
6854,1,1,0.7868557060662069,0.99999976,0.99999535,0.79519963
6855,1,1,0.41871672789333825,0.98632526,0.9119918,0.40298653
6856,0,1,0.03500654202182893,0.0013413894,0.0005193841,0.040637758
6857,0,1,0.36432402587950136,0.99562174,0.95690036,0.37089625
6858,0,0,0.03455387237345005,1.1175939e-06,0.0008017329,0.03495333
6859,0,1,0.16040846453583701,0.039383516,0.0064503937,0.16284032
6860,1,1,0.8820127426666224,0.99999475,0.99997866,0.8554506
6861,0,0,0.2001737280384097,0.93660164,0.99984264,0.19870973
6862,1,1,0.6172370261597773,0.99999917,0.9999907,0.6207577
6863,0,1,0.40714840778394823,0.9327743,0.8520359,0.40947637
6864,0,1,0.005833252088971742,1.9835968e-11,4.0151827e-12,0.0062348805
6865,0,0,0.024303748372772077,2.9910738e-05,0.0015284569,0.025371648
6866,0,1,0.005097539131797495,2.2447956e-08,6.74931e-09,0.008459787
6867,0,0,0.1629491999406481,0.47710788,0.8203597,0.17290482
6868,0,1,0.10359693097219012,0.0048885243,0.0067595243,0.10340453
6869,0,0,0.6540231275660142,0.9999944,1.0,0.6471403
6870,0,1,0.005583458260717973,1.1497215e-07,3.482661e-08,0.0065985746
6871,0,1,0.640150365285357,0.99997604,0.9997067,0.6465044
6872,0,1,0.011990544450051653,3.0670495e-07,4.0190372e-08,0.012071906
6873,0,1,0.5850622197666472,0.9998276,0.9978532,0.5910277
6874,1,1,0.9917530159520149,0.9999999,0.99999976,0.9871001
6875,0,1,0.07986028946731326,0.015487041,0.0015471788,0.08790167
6876,0,1,0.14276483045884042,0.047719292,0.002959709,0.14593402
6877,0,1,0.01230558665584572,3.2029445e-06,4.486967e-06,0.014502699
6878,1,1,0.6920595343715715,0.99988675,0.999729,0.69321674
6879,0,0,0.005920982069654843,6.2162613e-09,1.7932511e-07,0.0065568336
6880,0,0,0.021878906806011355,3.2442153e-05,0.00027886828,0.023074903
6881,1,0,0.4562834319699273,0.9992545,0.999997,0.45837152
6882,1,1,0.9230117919567167,1.0,0.9999999,0.9261691
6883,0,0,0.029025615697526052,2.5235622e-05,0.00056739466,0.03190831
6884,0,1,0.07941407499431034,0.0032246786,0.00084136665,0.078714274
6885,0,1,0.3117183808566828,0.8018476,0.43556818,0.31898463
6886,0,1,0.01016343582356974,3.041382e-06,1.7878224e-06,0.011874015
6887,0,1,0.1414448828739079,0.02860505,0.0022463256,0.14188567
6888,0,1,0.16800805272636923,0.094745286,0.019608513,0.17355038
6889,0,0,0.0010520890334479798,8.123883e-12,3.0428934e-10,0.0012938677
6890,0,1,0.1551010305575197,0.2350888,0.015045244,0.15958686
6891,1,1,0.9999999999999942,1.0,1.0,1.0
6892,0,1,0.04132565813865367,0.00037844197,0.00019060385,0.043512072
6893,0,1,0.13652528180512802,0.2239732,0.036871236,0.14013459
6894,0,0,0.017156295004439912,5.229849e-07,1.6044432e-05,0.017965367
6895,1,1,0.22825862939421976,0.0068779225,0.0024779283,0.19957295
6896,0,1,0.02577362082772361,7.199813e-05,0.00016350398,0.028074658
6897,0,1,0.9770636369111435,1.0,0.9999999,0.9692308
6898,0,1,0.020919738073574234,4.0529194e-06,2.1384246e-06,0.020894906
6899,0,0,0.023636354483422786,4.334538e-06,7.381294e-05,0.02486002
6900,1,0,0.5607870315654897,0.9997706,0.9999995,0.5598688
6901,0,0,0.0032335061586692923,5.2815117e-09,2.9181647e-08,0.005600378
6902,0,1,0.4870691473480655,0.99602115,0.9702369,0.49066082
6903,0,1,0.02393784642796634,1.3678412e-06,3.5318763e-07,0.024518516
6904,0,0,0.0026764098302067907,1.1123226e-09,3.2590766e-08,0.003294784
6905,1,1,0.48163869601591824,0.99989116,0.9992685,0.478442
6906,1,1,0.9427784952962378,0.99999595,0.9999913,0.92877686
6907,0,1,0.019766813424318273,1.1108094e-05,2.661956e-06,0.020132368
6908,0,0,0.0018633454271139694,1.02500595e-11,1.023899e-09,0.0029731097
6909,0,1,0.23736177390989288,0.6384068,0.2286627,0.24130404
6910,1,1,0.47553925583722767,0.99769956,0.97652173,0.48316348
6911,1,1,0.8631056077223781,0.99999976,0.9999964,0.8664373
6912,1,1,0.22379936110012996,0.89570165,0.5412703,0.2211272
6913,0,1,0.05867115113896048,0.0031619275,0.0011688455,0.058283836
6914,0,1,0.20592256119882796,0.8939768,0.68971014,0.20654564
6915,0,1,0.02140473159249359,5.255576e-06,2.6398352e-06,0.022137854
6916,0,1,0.009500550333860734,3.347139e-07,2.2739144e-07,0.011198541
6917,0,0,0.21137773419766306,0.858571,0.99876034,0.21190986
6918,0,0,0.03805146169409457,3.9791674e-05,0.001999239,0.03999795
6919,0,1,0.024740524702163348,1.2536657e-06,6.4887075e-07,0.02520254
6920,0,1,0.06897800933726708,1.3947561e-05,2.3734076e-06,0.074223995
6921,0,1,0.34966198611194244,0.9863255,0.8646337,0.35502774
6922,0,1,0.010002997842927101,1.2299454e-06,6.409688e-07,0.011609968
6923,0,1,0.5439512264957024,0.9993506,0.9914033,0.55231774
6924,0,0,0.002462709153490776,1.2376968e-09,5.726974e-08,0.003108661
6925,0,0,0.0059817880469164725,1.4486268e-07,3.2864227e-06,0.006854426
6926,1,1,0.8746941307211596,1.0,0.99999976,0.87612236
6927,0,0,0.0142135719864134,3.0616636e-07,1.537097e-05,0.014481758
6928,0,1,0.2584235455329405,0.73325664,0.18116836,0.26218683
6929,0,1,0.017238881704649524,0.0001116302,4.0634623e-05,0.020739278
6930,0,0,0.0021437554764421342,6.694382e-10,2.4802876e-08,0.0026291294
6931,0,1,0.0277552424274633,1.2283804e-05,5.2366945e-06,0.027883083
6932,1,0,0.6990755310757227,0.99998105,1.0,0.694366
6933,0,0,0.00538686157721724,2.899582e-07,9.74233e-06,0.0068748877
6934,0,1,0.15572638154354912,0.551081,0.08702785,0.15943284
6935,0,1,0.32559643842634217,0.98331165,0.8655578,0.33128455
6936,0,0,0.00490762714811293,4.351934e-09,8.144376e-07,0.0052563827
6937,1,0,0.27953107407882655,0.84645194,0.9998499,0.28017467
6938,0,1,0.01751505034623913,4.108083e-05,2.0369554e-05,0.021063862
6939,0,0,0.0013414967985753306,1.5223161e-11,3.2130547e-09,0.0014439662
6940,1,1,0.4635279252940836,0.99658906,0.9722114,0.46565953
6941,0,1,0.5279052255874322,0.99972767,0.99197704,0.5373137
6942,0,1,0.0012007260351873698,6.4253464e-11,6.6006775e-12,0.001994889
6943,0,1,0.053082278977565366,0.0017567589,0.00091496843,0.056263953
6944,0,1,0.01402411380064357,6.764526e-07,2.4230172e-07,0.014420163
6945,1,1,0.5064886088632963,0.9999229,0.99886155,0.50937414
6946,0,1,0.0051705596092375804,1.3203708e-06,6.861956e-07,0.0065685418
6947,0,0,0.0022049366141199092,1.3808165e-09,4.6912447e-08,0.0026994594
6948,0,1,0.17827710825902982,0.0160592,0.0024936756,0.1896205
6949,0,1,0.027865544370668766,1.3139958e-05,3.5252847e-06,0.02900541
6950,0,0,0.0033787802793148517,7.7086476e-08,2.298228e-06,0.004352603
6951,0,0,0.0002775029776174456,2.2204714e-12,1.0548316e-11,0.00033915078
6952,1,1,0.7012107919956605,0.99999833,0.99991,0.70575476
6953,0,1,0.018388775862846235,1.7261914e-06,5.0249804e-07,0.018630754
6954,1,1,0.4821890485538876,0.9825305,0.957593,0.4842019
6955,0,1,0.005006032087911688,3.2589956e-08,2.0356538e-08,0.005850321
6956,0,0,0.029624136508437877,0.00056192686,0.013462726,0.035890248
6957,0,1,0.050389478926073906,0.0016827101,0.00057964935,0.07834951
6958,0,0,0.007359839487248774,3.941714e-09,7.235861e-08,0.007826072
6959,0,1,0.018188577367557666,3.794574e-06,7.5293144e-07,0.018523186
6960,0,1,0.09289406877312793,0.011387448,0.002347162,0.0961412
6961,0,0,0.060043598620827074,0.001273881,0.05438345,0.06307485
6962,1,1,0.4787938963331376,0.9970491,0.9714057,0.4895848
6963,0,1,0.1828509395175445,0.13868648,0.053363234,0.18381666
6964,0,0,0.0014310232509268284,1.2911212e-10,1.5709376e-09,0.0026162574
6965,0,0,0.04440518114453685,0.0011169406,0.016756382,0.04834153
6966,0,0,0.0039667321034722,8.5465485e-10,2.4071154e-08,0.0042306273
6967,1,1,0.6431816725125985,0.999742,0.9984043,0.64820683
6968,1,1,0.9719213132712305,0.99999714,0.9999926,0.9579068
6969,0,1,0.020817849868720862,2.5183597e-05,5.9157087e-06,0.021759411
6970,0,1,0.026745212471056035,3.1071322e-05,1.6006014e-05,0.028275738
6971,1,1,0.7881094421942847,0.9909037,0.9682336,0.7681254
6972,0,1,0.004620321576639145,1.1525853e-08,2.2574318e-08,0.0077292235
6973,0,0,0.015728945383946525,8.263751e-06,0.0004886488,0.017226592
6974,0,1,0.30531468435226705,0.91542554,0.7821733,0.31111565
6975,0,0,0.004276722200453314,3.22895e-08,9.392176e-07,0.0052385707
6976,0,1,0.2845444890158854,0.8155546,0.5915296,0.28315225
6977,0,1,0.5579610859336259,0.9984419,0.9611368,0.56900126
6978,0,1,0.6417948118664288,0.9999291,0.99975306,0.6473921
6979,1,1,0.2533437953493053,0.5541864,0.17025496,0.2592216
6980,0,1,0.32000581696957797,0.9528013,0.72613966,0.32520154
6981,0,1,0.062341190650111684,0.00035303802,0.000105130806,0.06426473
6982,0,1,0.6366664334195083,0.99902964,0.996022,0.6351155
6983,0,0,0.017947957006849594,3.370841e-05,0.00056216767,0.018352745
6984,0,0,0.0007534604882854678,3.1945422e-11,4.151866e-10,0.00093100424
6985,0,1,0.032501439139786176,0.00012726092,6.276512e-05,0.03247564
6986,0,0,0.003042084515687811,4.709136e-09,1.8357383e-07,0.0038966767
6987,0,1,0.6209390581066612,0.9963472,0.98056453,0.59726524
6988,0,1,0.00791061946425261,2.5206737e-07,5.1873194e-08,0.013416787
6989,0,0,0.025339108815179357,3.004098e-05,0.001293214,0.026414737
6990,1,1,0.5117385220523006,0.99979186,0.99941534,0.5011875
6991,0,1,0.4074398186259518,0.9915724,0.939122,0.4096797
6992,0,1,0.005547044813390896,4.014831e-08,1.5773344e-07,0.0064545516
6993,0,0,0.038325022546457685,0.00018854237,0.08422484,0.037472494
6994,0,0,0.0029755072892514093,2.5558877e-09,7.759556e-08,0.0036613103
6995,0,0,0.0010864904126740473,6.0443235e-12,2.2676527e-10,0.0013459092
6996,1,1,0.8269490726930636,0.9999995,0.9999987,0.8291363
6997,0,0,0.049695430351657355,0.0015342182,0.07497813,0.053488508
6998,0,1,0.0017749466824586726,1.1631698e-09,8.3701407e-10,0.0020699715
6999,0,0,0.024345905594383432,4.3470915e-05,0.0004093768,0.026169322
7000,0,0,0.0017390624269082776,9.0395147e-10,1.6572935e-08,0.002092641
7001,0,1,0.18102299232127317,0.052335706,0.002966011,0.1878888
7002,0,0,0.010652878741454916,2.4314502e-07,7.4013064e-06,0.01193364
7003,0,1,0.7790682419192446,0.9997695,0.9986734,0.76071113
7004,0,1,0.02008849738082903,1.1336223e-05,8.3406314e-07,0.020872474
7005,1,1,0.9928159293506642,1.0,1.0,0.9890794
7006,0,1,0.04425946680527665,7.498675e-05,2.8122664e-05,0.044196006
7007,1,1,0.30723742331544523,0.9613457,0.76888037,0.3112848
7008,0,1,0.17051784592541475,0.28175563,0.12620609,0.16833413
7009,0,1,0.009326956218487626,9.149009e-08,1.5237418e-08,0.011529888
7010,1,1,0.8532587725087872,0.9999988,0.99999404,0.8583476
7011,0,1,0.002408154145293683,3.245965e-10,2.2164753e-10,0.002813129
7012,0,1,0.5211117965437453,0.997373,0.9837088,0.5243337
7013,0,1,0.002699149841943914,2.6116794e-11,2.6582625e-11,0.0032188105
7014,0,0,0.02968370635830862,3.2480726e-05,0.0006335612,0.03201276
7015,0,1,0.019007742957404376,5.3977637e-06,4.4531957e-06,0.01930369
7016,0,0,0.03988115955028255,0.00025333915,0.005363746,0.04127078
7017,0,1,0.01231504658607268,1.9988914e-07,1.8451777e-07,0.012300305
7018,0,1,0.08032071566199593,2.2438746e-06,5.767611e-07,0.07445877
7019,1,1,0.9973039567485749,1.0,1.0,0.9958813
7020,0,1,0.4266388065642154,0.9997402,0.9991947,0.43739748
7021,0,1,0.01024903881289984,6.0892307e-06,2.6412354e-06,0.011968957
7022,1,1,0.34608587042660777,0.9878977,0.90620595,0.34769046
7023,0,1,0.3048734122302813,0.17684706,0.037754953,0.32032195
7024,1,1,0.999999999999952,1.0,1.0,1.0
7025,1,1,0.8120264171973688,0.9999989,0.9999933,0.81808186
7026,1,1,0.4131302231589221,0.9921778,0.9551382,0.41806933
7027,0,0,0.02711833331518182,8.839424e-05,0.003096775,0.031168029
7028,0,1,0.4681364687823758,0.99385846,0.9600336,0.47966233
7029,1,1,0.7370820151553027,0.999984,0.999876,0.7398502
7030,0,1,0.1822333177493278,0.16192707,0.047125593,0.18453239
7031,0,1,0.14622881538468668,0.39553672,0.17019023,0.1465981
7032,0,1,0.004831363390642214,2.2165493e-08,8.89271e-08,0.005669844
7033,0,0,0.03290461497036619,0.000150679,0.003920752,0.033443592
7034,1,1,0.2137071398279601,0.42071316,0.14914809,0.21477236
7035,0,0,0.015670912096056165,2.14429e-06,3.2384658e-06,0.016464725
7036,0,0,0.022347725314306083,4.232607e-06,0.0002504524,0.024476836
7037,0,0,0.0034557058628233296,1.3084757e-09,4.728679e-08,0.0043180366
7038,0,1,0.0011906863258274512,2.538395e-11,1.9966433e-11,0.0013928965
7039,0,1,0.02860234943310382,5.519421e-06,1.981575e-06,0.0294917
7040,1,1,0.806835135376763,0.9999989,0.9999914,0.8083178
7041,1,0,0.4716704911962433,0.99889565,0.99999523,0.4662246
7042,0,1,0.10502730948408887,0.012149035,0.00067969586,0.108131945
7043,0,1,0.19220997157695424,0.1879864,0.07720359,0.18877797
7044,1,0,0.09239372151602601,0.021212777,0.28412873,0.0971309
7045,0,1,0.005452051025008851,2.6558844e-08,1.200671e-07,0.0062962715
7046,0,0,0.045556680274148637,0.011966677,0.80925494,0.047874194
7047,0,1,0.12346635177061992,0.012859219,0.005432598,0.12827167
7048,0,1,0.06112468415204595,0.004561177,0.0010220513,0.061584968
7049,0,0,0.006719983995310259,7.54389e-07,1.9385283e-05,0.0077969786
7050,0,1,0.4900499864905157,0.9999269,0.99774206,0.49751875
7051,0,1,0.02960680595636572,9.807546e-05,2.084321e-05,0.030741729
7052,0,1,0.08526954536483686,0.09297411,0.02825604,0.09722604
7053,1,0,0.9419439474812492,1.0,1.0,0.94164383
7054,0,1,0.011049013506175617,5.508345e-07,2.5796032e-07,0.011096277
7055,0,0,0.0156191775763052,6.940288e-05,0.0015393647,0.02002142
7056,0,1,0.21904621240909233,0.11753897,0.029342461,0.222391
7057,0,1,0.5734020242663054,0.99863714,0.99069595,0.57191366
7058,0,0,0.006768273250581506,1.4930022e-08,3.5266726e-07,0.0074124243
7059,0,1,0.00679417080168335,3.5448203e-08,6.009673e-09,0.0069640586
7060,0,1,0.07332935434866956,0.0070021404,0.0037951367,0.085302524
7061,0,0,0.027789919176345153,2.0670996e-05,0.0005855648,0.029688524
7062,0,0,0.057290768734825546,0.0019064923,0.054200046,0.06179125
7063,0,0,0.00045305274797142613,9.859707e-14,4.4156063e-12,0.00055768125
7064,0,1,0.09696289638406251,0.018919524,0.0056378837,0.09788671
7065,0,0,0.09968963794121061,0.038188696,0.6233208,0.10486324
7066,0,1,0.05047373206532788,0.0005146472,0.00012218299,0.050107233
7067,0,1,0.021639701915563747,8.184216e-06,3.4284699e-06,0.021871392
7068,0,1,0.01294609385814339,1.1689202e-07,6.200516e-08,0.012992301
7069,0,1,0.18000992902437407,0.028600287,0.0052684136,0.18691255
7070,0,1,0.00048794172288278763,3.1547617e-14,6.793191e-14,0.00082939304
7071,1,1,0.718602573401319,0.99999726,0.99996793,0.724423
7072,0,0,0.14108969365359078,0.29082513,0.9385668,0.14527674
7073,0,0,0.06341647775900658,0.67833555,0.950405,0.049304254
7074,1,1,0.5048082405080464,0.9980453,0.9823842,0.52250993
7075,0,1,0.0913485350064363,0.019163761,0.0022298277,0.09376715
7076,0,1,0.012587174101736853,9.161106e-06,3.947934e-06,0.014510696
7077,0,0,0.00409028081071164,1.6359769e-09,2.830525e-08,0.004486101
7078,0,0,0.02028794231543577,1.5339136e-05,0.0004191208,0.022458423
7079,0,0,0.0032685576122672764,4.9855786e-09,2.129067e-07,0.00414169
7080,1,1,0.5704905561571523,0.9999689,0.99972695,0.5816126
7081,1,1,0.2779832711120745,0.93599236,0.6058059,0.28464893
7082,0,1,0.4784740012903147,0.99660856,0.9713849,0.48455054
7083,0,1,0.5172505240384905,0.9936155,0.9851436,0.5219079
7084,0,1,0.005210910096597622,6.517547e-08,4.1211635e-08,0.00622911
7085,1,1,0.291965463630513,0.91246897,0.74974513,0.2901308
7086,0,1,0.0271179361238811,5.71555e-06,2.5211023e-06,0.026658049
7087,0,1,0.24606974357726524,0.8800847,0.7471496,0.25254196
7088,0,1,0.004182262723761651,8.118551e-09,2.021345e-09,0.006920108
7089,0,1,0.13136034280556855,0.0007026397,0.00014463947,0.13880636
7090,0,1,0.0011397728659381277,3.7430905e-12,2.282369e-12,0.0013809431
7091,0,1,0.10382507332358544,0.006145826,0.0026610051,0.10397846
7092,0,0,0.8183470279158169,0.99999976,1.0,0.81729215
7093,0,0,0.00196748636889069,5.1890753e-10,1.13202525e-07,0.0024479215
7094,1,1,0.9584971827375078,0.99999976,0.9999994,0.9502361
7095,0,0,0.03451759641306102,6.534184e-05,0.001023861,0.03655504
7096,0,0,0.0023939645652232416,1.5361723e-09,1.4839597e-08,0.0043559396
7097,1,1,0.9754027066011447,1.0,1.0,0.9699458
7098,1,1,0.49361715814253504,0.9998113,0.9974377,0.49896312
7099,1,1,0.6140115592815586,0.99989676,0.9989765,0.6170646
7100,0,0,0.010290238284769809,1.299371e-06,3.103377e-05,0.012560418
7101,0,1,0.04352835167479905,9.153474e-06,3.192938e-06,0.021809688
7102,1,1,0.23719293776250444,0.76167494,0.30742583,0.2427429
7103,0,1,0.05880611328918243,0.0006698007,0.00013449848,0.061213586
7104,1,1,0.9972139164227527,1.0,1.0,0.99580455
7105,0,1,0.8204159616318643,0.9999995,0.9999968,0.8213048
7106,1,1,0.4473255516849201,0.9979977,0.98689365,0.4503188
7107,0,0,0.0007467863231019637,8.0797955e-12,2.6964608e-10,0.0009173034
7108,1,1,0.9933950301018167,1.0,1.0,0.98991305
7109,0,0,0.026568303285571596,1.6052103e-05,0.00048119196,0.027396737
7110,0,1,0.02769587327335054,3.7127316e-05,1.5984138e-05,0.028230222
7111,1,1,0.5919837272327888,0.9998512,0.999164,0.5996535
7112,1,1,0.5212628366335605,0.99809307,0.9889826,0.5256128
7113,1,1,0.24842723844155554,0.9371872,0.7916921,0.25164562
7114,0,1,0.556921084119526,0.9966576,0.9829606,0.5659892
7115,0,1,0.0070996631105921144,3.5399964e-07,3.4199294e-07,0.008186926
7116,0,1,0.004461141950680388,4.6314188e-08,7.91083e-09,0.0051956614
7117,0,1,0.003856556776940688,1.0684764e-09,5.5891103e-10,0.003936966
7118,0,1,0.10795877331252161,0.0023098236,0.0013517953,0.112361446
7119,1,1,0.685516150277002,0.99984,0.9994738,0.68744594
7120,0,0,0.0022273157942511936,1.832119e-10,5.7738823e-09,0.0027538484
7121,1,1,0.23925719943180396,0.8190467,0.4055048,0.24546537
7122,0,0,0.0392631967629216,0.00026242388,0.0060735284,0.043123715
7123,0,1,0.21436329668535564,0.2909649,0.096383706,0.21438895
7124,1,0,0.38662492390266767,0.99897665,0.9999968,0.39174172
7125,1,1,0.8227891758779102,0.9996444,0.9986803,0.79952157
7126,0,1,0.3029664611831449,0.79093707,0.4726692,0.31436616
7127,0,0,0.024074600427487696,1.0150474e-06,0.00013673496,0.024573138
7128,0,1,0.1930036226859697,0.72842276,0.30615234,0.19465399
7129,0,0,0.000573805854920975,4.4739383e-13,5.8120404e-11,0.0010155182
7130,0,1,0.008813969255198851,6.043595e-09,2.3804279e-09,0.008747285
7131,0,1,0.09073717469237268,0.0020443692,0.00019045344,0.091924794
7132,1,1,0.5107399734705387,0.9976484,0.9903104,0.52009
7133,1,0,0.07797379387228937,0.11400646,0.61686987,0.092361376
7134,0,0,0.023365763102694226,2.2983439e-05,0.00041073712,0.025663517
7135,0,1,0.013845538308244925,6.5734225e-06,6.7711558e-06,0.016339514
7136,0,0,0.03393553389044817,3.9154955e-05,0.0028193882,0.036349196
7137,0,1,0.003826863803875296,3.6575871e-09,2.2951285e-09,0.0044680363
7138,0,0,0.011925929325651318,3.3950275e-07,2.3816472e-05,0.013564242
7139,1,0,0.10149873269584972,0.04463277,0.43489236,0.10676399
7140,1,1,0.9825712429549467,1.0,1.0,0.9831383
7141,0,1,0.24013467737399638,0.8370366,0.44626427,0.23845576
7142,0,1,0.2767579771949221,0.7890352,0.42947236,0.28083345
7143,0,1,0.04925594568964921,0.00038591935,0.00014895831,0.04842681
7144,0,0,0.01859757740791105,1.9233414e-06,0.00014798049,0.019544343
7145,1,1,0.8093306182174812,0.9999951,0.99998546,0.8107765
7146,0,0,0.0035462015281495056,3.53818e-08,1.3851586e-06,0.004532309
7147,0,1,0.6007451164007191,0.9997328,0.99837863,0.6000444
7148,0,1,0.0022862044042351627,6.463414e-11,4.22533e-11,0.0026655265
7149,1,1,0.370923403740854,0.9895333,0.929405,0.3754025
7150,0,0,0.6333148402107849,0.99993265,0.9999999,0.63098335
7151,0,1,0.1799593598001406,0.352357,0.07583567,0.18409069
7152,1,1,0.9084290484431928,0.99999535,0.99997985,0.9235472
7153,1,1,0.7729419098344643,0.99999917,0.99999344,0.77922183
7154,0,1,0.27287123615379494,0.86491287,0.73958343,0.27985618
7155,0,1,0.004553110997787146,6.9778785e-08,4.7286672e-09,0.0075275046
7156,1,1,0.7840116495687388,0.99956876,0.9976542,0.7499627
7157,0,1,0.007869283234245465,1.4748267e-06,3.3816724e-07,0.013056632
7158,0,0,0.0058106411560005095,6.025843e-10,1.996574e-08,0.0061112694
7159,0,0,0.06092333872005815,0.0040446026,0.07079134,0.065638825
7160,1,1,0.822306400617036,0.99990916,0.9994299,0.7921216
7161,0,0,0.3456384692843945,0.9817344,0.99997103,0.34388483
7162,0,0,0.009921101141390635,2.0013638e-05,0.00067957863,0.01329111
7163,0,1,0.028511016826284742,5.950969e-05,8.154455e-06,0.029502694
7164,0,0,0.032716089212814325,0.00076873053,0.011477872,0.036038343
7165,0,1,0.33266405687566813,0.9606563,0.55738854,0.33656597
7166,1,1,0.1548152121633039,0.6842886,0.22637045,0.17063545
7167,1,1,0.4196908331496378,0.9935317,0.9335508,0.43118423
7168,0,1,0.16574828237568384,0.20798615,0.014866032,0.17190382
7169,1,1,0.6186790252451633,0.99992335,0.99920255,0.6275944
7170,0,1,0.12676622234749463,0.0389725,0.007042863,0.13091405
7171,1,1,0.7001444079015837,0.99989164,0.99962544,0.702961
7172,0,1,0.010200029224034244,1.0308073e-07,1.911944e-08,0.010239629
7173,0,0,0.018662462144029952,4.7641075e-07,1.1636692e-05,0.019921808
7174,0,1,0.03428820175299825,0.0007226249,0.00021745524,0.03480804
7175,1,0,0.4370749993755159,0.9991023,0.99988854,0.45524696
7176,0,1,0.43906933908113077,0.9774914,0.9090298,0.4374304
7177,0,1,0.24162900394021336,0.7830283,0.55211586,0.23802374
7178,0,0,0.026507806607991066,0.001640846,0.024315117,0.048564654
7179,0,1,0.1365833329680967,0.011312841,0.004517446,0.14174388
7180,0,1,0.02081219732319074,4.115651e-05,3.3761426e-05,0.02082149
7181,0,0,0.014853933343711833,1.1777425e-06,4.5577806e-05,0.016055703
7182,0,0,0.05714561991335538,0.0061778766,0.050116394,0.05887656
7183,1,1,0.6202813814664974,0.9998746,0.9989379,0.636734
7184,0,1,0.1028869649159311,0.21822388,0.07157807,0.10284212
7185,0,1,0.2796978951900201,0.9961606,0.94218993,0.2826981
7186,0,1,0.4013493347810718,0.9991736,0.9949956,0.40151173
7187,0,0,0.012632076407267613,1.2467025e-07,3.5656901e-06,0.013955159
7188,0,1,0.057356978598975136,0.00017109155,3.305305e-05,0.059960376
7189,1,1,0.8740910628144236,0.9999496,0.99952054,0.8526994
7190,0,0,0.021387543684796964,6.7819997e-06,0.00013843995,0.02295257
7191,0,0,0.011258068517755052,2.996578e-08,3.4080565e-06,0.011705977
7192,0,0,0.03939957243296101,0.0008006663,0.012597244,0.042127673
7193,1,1,0.5926086879550588,0.99994576,0.9991916,0.59917533
7194,0,1,0.15231644832779945,0.07247978,0.013778404,0.15909117
7195,0,0,0.057473176340003235,0.0007054042,0.008967468,0.06034694
7196,0,1,0.05465598129815455,0.0020020637,0.00077915296,0.056019496
7197,1,1,0.765956604225102,0.9999937,0.9999596,0.7699793
7198,0,1,0.09112095195236575,0.034006998,0.0021984044,0.09411189
7199,0,0,0.0031488674337631704,3.6083068e-09,9.2149456e-08,0.0038795199
7200,1,1,0.5163385603095992,0.9988807,0.9903472,0.53471535
7201,1,0,0.25690728074036634,0.95745677,0.9994687,0.26377073
7202,0,0,0.06450062346209966,0.0029546027,0.08330429,0.06886528
7203,0,1,0.34285307404306126,0.96465176,0.84222025,0.34585983
7204,0,1,0.6581502471293548,0.99991906,0.9996674,0.6653184
7205,0,1,0.008000086205931973,4.8957745e-09,1.5517424e-08,0.011764137
7206,0,1,0.02920517179510502,4.5051558e-05,1.887569e-05,0.02916468
7207,1,1,0.43089994964375694,0.99778485,0.98713565,0.43445265
7208,0,0,0.004433650587124422,3.584962e-09,9.533935e-08,0.004725648
7209,0,1,0.0019099214362409856,6.914302e-11,2.8066474e-10,0.0022615981
7210,0,1,0.01757468745521101,2.0141915e-06,1.5214917e-07,0.017535038
7211,0,0,0.03377260744307632,0.00011854004,0.0015098326,0.034759287
7212,1,0,0.8876551346961699,1.0,1.0,0.8869823
7213,0,1,0.019124578833868824,2.9055025e-06,1.3131088e-06,0.01992286
7214,0,0,0.011295163260285375,5.6782795e-08,5.2164673e-06,0.011920794
7215,0,0,0.060048291802758856,0.25806084,0.9266081,0.07305722
7216,1,1,0.6684892237960923,0.99967784,0.9980324,0.649717
7217,0,1,0.12224421414781098,0.008901172,0.003015824,0.12518373
7218,0,1,0.04784877384121951,0.014570798,0.00421595,0.055549085
7219,0,1,0.5540125653989988,0.9998653,0.9965921,0.5581635
7220,0,1,0.058766423015480046,0.0005247164,5.2942032e-05,0.06307735
7221,1,1,0.9972821610934981,0.99999964,0.99999976,0.99381584
7222,0,1,0.014675451385992676,4.833735e-06,2.6232617e-06,0.016747018
7223,1,0,0.5694355222204182,0.99972016,0.99999964,0.5658282
7224,0,0,0.06381512226115288,0.0005828894,0.011893209,0.064968176
7225,0,1,0.2726389316284183,0.6964421,0.39910665,0.27663746
7226,0,0,0.00041678818059656626,5.514239e-13,8.472093e-12,0.0003042621
7227,0,1,0.3146522138996841,0.93488914,0.6254579,0.3217822
7228,1,1,0.23065108148973087,0.6195064,0.585008,0.2418055
7229,0,1,0.7661153635597773,0.9999771,0.99992085,0.7656934
7230,0,1,0.3953217978125343,0.9716963,0.8425132,0.39779878
7231,1,1,0.9999999999999671,1.0,1.0,1.0
7232,1,1,0.9636054188168786,0.9999999,0.9999995,0.9554727
7233,0,1,0.015592867770743375,1.0526223e-06,3.084038e-07,0.016024215
7234,0,1,0.3344121510207639,0.9696668,0.9314524,0.33505994
7235,1,1,0.1594131287623182,0.0061728377,0.00046130453,0.16851288
7236,0,1,0.14332534621598955,0.07707406,0.03454017,0.14559917
7237,0,0,0.007305663660099264,1.1015303e-08,2.2383104e-07,0.0077691474
7238,1,1,0.5398364086675488,0.9979188,0.9921714,0.5500332
7239,0,1,0.02145763875966377,8.148384e-06,1.7417041e-06,0.021982826
7240,0,1,0.10430332420371449,0.0036208923,0.00046834192,0.10713634
7241,1,1,0.9978104563132034,1.0,1.0,0.9965993
7242,0,1,0.09515323340375478,0.029033417,0.011962496,0.09609316
7243,0,0,0.001363923692137297,1.3086859e-12,4.7307734e-11,0.0014457164
7244,0,1,0.3891935671950381,0.99502957,0.9417411,0.39256248
7245,0,1,0.2053286387718599,0.34912592,0.25809368,0.20832784
7246,0,1,0.22324247385324153,0.24480452,0.040245082,0.22901948
7247,0,1,0.002809396492858741,6.346702e-10,2.4589906e-09,0.0033394895
7248,0,1,0.18487055711775827,0.375198,0.10440619,0.19063704
7249,0,1,0.09848382459456093,0.004965071,0.001051937,0.10292416
7250,0,1,0.05949999333148189,0.0039484547,0.007771507,0.067301504
7251,0,1,0.22443070647813973,0.22596638,0.02133496,0.22620349
7252,0,1,0.00515712236334352,1.4131813e-09,5.1967444e-09,0.0059082787
7253,0,1,0.013454580917927457,7.96123e-06,1.1319017e-06,0.015788132
7254,1,0,0.4605326207040431,0.9989712,0.99985695,0.47223327
7255,0,1,0.2776091575682875,0.8179464,0.53403264,0.2782321
7256,0,1,0.09736855374524882,0.09240742,0.011127023,0.09828353
7257,0,1,0.0407838594124781,2.4256366e-05,3.3266624e-05,0.037815616
7258,0,1,0.14824910905848243,0.32378265,0.048977453,0.15213484
7259,0,1,0.011972546363415864,1.9903878e-08,6.967927e-09,0.011878353
7260,1,1,0.695653683738942,0.9999441,0.99964,0.69926125
7261,0,1,0.034682746846683675,6.203399e-05,1.5885364e-05,0.03428429
7262,0,0,0.0002813568421785617,9.705916e-15,4.1152777e-13,0.00034936317
7263,0,0,0.014495282290431408,2.804759e-06,6.550404e-05,0.015739482
7264,0,1,0.03016794218765263,9.070988e-05,3.015608e-05,0.030485313
7265,0,1,0.012543922561734618,2.6937707e-06,9.459956e-07,0.014576578
7266,1,1,0.9988143777047558,1.0,1.0,0.9981851
7267,0,0,0.2634369287601705,0.8715242,0.98098403,0.27211604
7268,0,1,0.6622633025191033,0.999985,0.999713,0.66899633
7269,0,0,0.07716211719053202,0.0068436316,0.14235222,0.08239803
7270,0,1,0.004377050385245216,3.5969823e-09,6.7171996e-10,0.0051284344
7271,1,1,0.7019345379182327,0.9999745,0.99984443,0.7085064
7272,1,1,0.746099357356765,0.99998057,0.9998294,0.7528305
7273,0,0,0.025165059950769654,1.6817103e-05,0.0006009002,0.026036963
7274,0,1,0.20529694539972018,0.9103234,0.47026664,0.20297475
7275,0,0,0.028030581568628567,7.622871e-05,0.00090339297,0.030498557
7276,0,1,0.34545314748002115,0.97353226,0.8247092,0.35371682
7277,0,1,0.09903824635725525,0.6075863,0.5077033,0.09897804
7278,0,1,0.06089216864616204,3.3308785e-05,6.9167377e-06,0.063423745
7279,0,1,0.00775674592746125,1.2714083e-06,6.6702466e-07,0.009132435
7280,0,1,0.0076100613244217885,9.995597e-08,3.0107746e-08,0.009279623
7281,0,1,0.24279059281683893,0.7092631,0.37429518,0.24483901
7282,0,1,0.3857794179753726,0.9752618,0.8483269,0.39331794
7283,0,1,0.008187136146512734,1.0066489e-06,6.3312075e-07,0.00949396
7284,0,0,0.004833818868936037,2.5263416e-09,6.92783e-08,0.0052709053
7285,0,0,0.002808572042791138,3.724594e-09,1.4415419e-07,0.003530051
7286,0,1,0.05622185457807484,0.0080724275,0.005413661,0.05601551
7287,1,1,0.9992859224497319,1.0,1.0,0.9987336
7288,1,1,0.850829944142209,0.9999999,0.9999974,0.85418916
7289,0,1,0.030061585787002472,0.0009851912,0.00054528104,0.033467222
7290,1,1,0.7173242267351573,0.9999896,0.99983823,0.72362995
7291,0,1,0.11811671417955096,0.10544366,0.024910817,0.1160474
7292,1,1,0.6902162718097885,0.9999901,0.99990106,0.6920019
7293,0,1,0.40767609170023555,0.99567217,0.98174196,0.41626012
7294,0,0,0.00045443334488802115,1.08740355e-13,3.391032e-11,0.00055266696
7295,0,1,0.01811598283241118,9.830199e-08,3.6929052e-08,0.018752905
7296,0,1,0.026264265665455144,2.427437e-05,1.29599275e-05,0.02716031
7297,0,1,0.00376426262959526,2.0382161e-10,5.214363e-11,0.006489358
7298,0,1,0.27801129703301064,0.9004147,0.23780666,0.2838784
7299,0,0,0.09870666641157974,0.0330139,0.4844427,0.10114191
7300,1,1,0.6592580096698207,0.9998547,0.9993457,0.6675551
7301,0,1,0.14249640461367868,0.17522125,0.007540376,0.14569816
7302,1,1,0.8141548599943773,0.9999603,0.99992776,0.8179389
7303,0,1,0.1619702871514256,0.13817081,0.035550404,0.1639333
7304,1,1,0.6760088811502413,0.99992704,0.9996827,0.6743334
7305,0,1,0.0023358470763543433,1.15487495e-10,4.609497e-10,0.002761286
7306,1,1,0.37570895187163,0.99649256,0.94784504,0.383441
7307,0,0,0.16830758142683774,0.8146532,0.99103457,0.1853809
7308,0,0,0.008754241145678675,1.0802392e-08,1.1925587e-06,0.009266101
7309,0,1,0.29629817123243374,0.6140503,0.2711575,0.3069584
7310,0,1,0.6909059705401496,0.99993885,0.99966323,0.69904387
7311,0,0,0.0023326910195770848,2.246588e-10,5.1626605e-09,0.0024948309
7312,1,1,0.2646489751718878,0.9859733,0.91123855,0.28136897
7313,0,1,0.008985819890669808,6.792836e-08,2.6500652e-08,0.008926042
7314,0,1,0.1138152174188236,0.00052963675,2.7744003e-05,0.1230418
7315,0,1,0.28842942563915386,0.8823799,0.53756034,0.29335153
7316,0,1,0.012045748723543751,4.41688e-05,8.610386e-06,0.019987442
7317,0,0,0.001568189803582653,6.6643924e-10,2.687709e-08,0.0019109031
7318,0,0,0.012124701118263267,2.2247436e-07,5.1476864e-06,0.012496388
7319,0,1,0.7578507162323478,0.9999924,0.99989927,0.7618386
7320,0,0,0.001493845525302284,1.4921296e-10,5.3013136e-09,0.0018224856
7321,0,1,0.0029543806725424214,3.1710399e-09,1.3920765e-09,0.00348563
7322,1,1,0.22762131826524679,0.6157432,0.21300578,0.2390933
7323,0,0,0.44035976513677094,0.99805886,0.99995184,0.45433977
7324,1,1,0.5186422177111313,0.99947643,0.9957919,0.52240914
7325,0,0,0.0015964639363927797,3.104324e-10,1.1172136e-08,0.0019550899
7326,0,1,0.05425201995480403,0.0008220662,3.9958384e-05,0.05519838
7327,0,0,0.0075689379847879365,3.1966476e-07,1.0684529e-05,0.009703673
7328,0,0,0.0044796437820440495,8.264054e-08,2.9138769e-06,0.0050687366
7329,1,1,0.7617821889213149,0.999995,0.9999453,0.76595247
7330,0,1,0.0825196327217295,0.00037301658,0.00013719469,0.082529835
7331,0,0,0.21934784586870604,0.035758354,0.38177815,0.12730618
7332,0,1,0.03409239327646299,0.0056222407,0.0021914209,0.039554942
7333,0,0,0.0011420103791225246,5.198035e-12,2.0677243e-10,0.0013993224
7334,0,1,0.5413501479929753,0.9984035,0.9798672,0.55190223
7335,1,1,0.7046847140296951,0.9999608,0.99972755,0.70858926
7336,0,1,0.014950979631420043,8.309556e-07,3.4765495e-07,0.015296497
7337,0,0,0.009929036221164438,1.993792e-06,5.498247e-05,0.011910958
7338,0,1,0.442331216923144,0.9987645,0.983213,0.4448116
7339,1,1,0.45584572166776083,0.8599779,0.6003944,0.42266804
7340,0,1,0.23573874484243879,0.68394893,0.25799632,0.23969325
7341,0,1,0.05561667537842332,0.0002264277,0.00010932329,0.057857826
7342,0,0,0.02007724394933819,1.8847772e-05,0.00044744465,0.021261388
7343,0,1,0.015129506564206243,0.0002028842,0.00013661507,0.017101677
7344,0,1,0.4722916242885804,0.99995565,0.9988931,0.47909263
7345,0,1,0.2228580205419473,0.53661305,0.14826508,0.22666097
7346,0,1,0.005130000747594981,3.550956e-09,4.1703707e-08,0.005824044
7347,1,1,0.668883360914168,0.9999082,0.99963963,0.67237693
7348,0,0,0.010985461136497812,1.1532295e-06,0.0001439397,0.013342298
7349,1,1,0.9602777062889669,0.99999964,0.99999917,0.94987935
7350,0,0,0.015203203983723828,3.499137e-05,0.0009820402,0.019246276
7351,0,1,0.06376191990465767,0.0006788995,0.00038176455,0.06270878
7352,0,0,0.7977320646857314,0.99999917,1.0,0.793144
7353,0,1,0.009334683873178193,3.488786e-06,2.5235556e-06,0.01101288
7354,0,0,0.4010467902982428,0.54724556,0.9532873,0.37658125
7355,0,0,0.000932168195761467,1.7057773e-12,3.8316691e-10,0.001160591
7356,0,1,0.18990355166243067,0.3661438,0.15998158,0.19698171
7357,1,1,0.5099984232391545,0.99978817,0.9991874,0.50410646
7358,0,1,0.0455927319073142,0.00054970814,4.1504376e-05,0.04742968
7359,0,0,0.048626906221783575,0.00026589519,0.006175585,0.052018337
7360,0,0,0.05562262822891797,0.0015588988,0.046143323,0.060010135
7361,1,1,0.7739853738785479,0.9999945,0.9999536,0.7781794
7362,0,0,0.031062928040593595,7.338776e-05,0.0026851362,0.03086083
7363,0,0,0.1844174165598138,0.09838513,0.5899614,0.19139835
7364,0,0,0.0009327102988160347,1.9896244e-12,4.5611595e-10,0.0011640588
7365,1,1,0.8525613932924857,0.99999905,0.9999949,0.85863835
7366,0,1,0.022183227903668282,2.2809218e-05,2.9287205e-06,0.025208166
7367,0,1,0.3220194897867556,0.89237434,0.66073775,0.32111138
7368,0,1,0.029330173920537446,2.0657713e-05,6.8109857e-06,0.029079914
7369,1,1,0.5294107404017233,0.9990472,0.9936987,0.5233901
7370,0,1,0.5259446585620887,0.9999728,0.9998052,0.5454383
7371,0,0,0.2344882327744795,0.5993294,0.9812928,0.24914187
7372,0,1,0.0007358322377466607,8.5121607e-13,5.8766094e-13,0.00086722954
7373,0,1,0.6025609829937925,0.999913,0.9994171,0.6007445
7374,0,1,0.006033526071764909,3.951686e-06,6.282705e-07,0.010275112
7375,1,1,0.14712438960782295,0.8208885,0.12791674,0.15150253
7376,0,1,0.1031813718449298,0.0022037788,0.00064274523,0.105135724
7377,0,1,0.10294965557512892,0.00016723426,2.8949704e-05,0.109062
7378,0,0,0.1971255562654754,0.12639658,0.6756979,0.20956707
7379,0,0,0.07898094314089507,0.12450776,0.5547704,0.082678266
7380,0,1,0.1293964355725754,0.029408058,0.0052685463,0.13270448
7381,0,1,0.2896140082090588,0.9162946,0.58636767,0.30170095
7382,0,0,0.013749854530206093,5.2177365e-06,0.00016595394,0.01462245
7383,0,1,0.13308935548611583,0.1706537,0.05357049,0.13360591
7384,0,1,0.037245218631501174,0.0001156064,5.100211e-05,0.03712359
7385,1,1,0.8268886497162894,1.0,0.9999999,0.8368409
7386,0,0,0.02855793532790711,1.655474e-05,0.0003504551,0.030009504
7387,0,0,0.013526825259693788,5.803337e-07,6.2320923e-06,0.014151382
7388,1,1,0.34714117949927226,0.99297416,0.97214633,0.34907508
7389,0,0,0.02419953473834257,9.20146e-05,0.0023062958,0.027178187
7390,0,0,0.05438677461486598,0.00043087365,0.009186221,0.056587465
7391,1,1,0.9999999999999976,1.0,1.0,1.0
7392,0,0,0.5986173360165432,0.99997747,0.9999999,0.5945897
7393,0,0,0.01013104898412758,1.8736918e-07,5.026418e-06,0.01067373
7394,1,1,0.6414800771638794,0.99940336,0.9972064,0.6442439
7395,0,1,0.01808160360900772,6.106211e-05,2.7388953e-05,0.021152355
7396,1,0,0.9979712730051469,1.0,1.0,0.99669796
7397,1,1,0.29586653261271284,0.9855021,0.9536748,0.2968664
7398,0,0,0.014702792288271824,7.32181e-07,7.3556116e-06,0.015741505
7399,0,0,0.8744652417172081,0.99999964,1.0,0.87287796
7400,0,1,0.41704222897903187,0.99521327,0.9386024,0.4229553
7401,0,1,0.10363085960485373,0.035573512,0.007734327,0.106187455
7402,0,1,0.003126198243050548,8.031746e-09,8.7548824e-10,0.003607908
7403,0,1,0.13352588480053756,0.09911131,0.018036209,0.13706754
7404,1,1,0.8325834117311242,0.9999999,0.99999845,0.83998805
7405,0,0,0.0020081895045910834,4.6698406e-10,1.4706378e-08,0.0024765474
7406,0,0,0.09487439653893052,0.0044821543,0.731839,0.09320668
7407,0,0,0.2017080832295302,0.57782286,0.9724063,0.2120947
7408,0,1,0.09883101905759029,0.0005900119,0.00010991723,0.10555657
7409,0,0,0.0019066380617248722,9.919693e-10,2.1918798e-07,0.0023676394
7410,1,1,0.6521813676489342,0.9999361,0.9995802,0.65989506
7411,0,1,0.2169779736952335,0.5334431,0.16724233,0.22103953
7412,0,1,0.6862678593982177,0.9999925,0.99992573,0.69261444
7413,1,1,0.15714337357601055,0.055905066,0.01240943,0.16226359
7414,0,0,0.02811849615424791,0.00013054057,0.0033726834,0.032539353
7415,1,1,0.9791638673872892,1.0,1.0,0.9745885
7416,0,0,0.007447610392179423,1.9881036e-06,5.125609e-05,0.009440881
7417,0,1,0.23904703566169955,0.7914295,0.42944387,0.24379073
7418,1,1,0.32141979000106974,0.25894472,0.05992917,0.18897048
7419,1,0,0.9533663535110434,0.9999999,1.0,0.9417889
7420,0,1,0.2945856913618711,0.95821446,0.69547075,0.30099383
7421,1,1,0.12465586964712733,0.015992817,0.0022642445,0.12769566
7422,0,0,0.031190924344800895,7.226282e-05,0.0032669231,0.032526564
7423,0,1,0.02895807680019928,0.00012664993,0.0002626086,0.033269234
7424,1,1,0.4314808725670176,0.9989304,0.98940444,0.43629113
7425,0,1,0.011190306664261835,1.6483177e-09,9.55479e-10,0.011979906
7426,0,1,0.0969434535857366,0.06959386,0.009765507,0.09930813
7427,0,0,0.014923281295595265,2.330424e-05,0.0005786154,0.018179119
7428,0,0,0.0012454896808265442,8.510979e-12,3.452169e-10,0.001520599
7429,0,0,0.004062405349913883,1.4242523e-08,4.336599e-07,0.004934053
7430,0,0,0.0011183893479251074,3.1099792e-09,3.886581e-09,0.0009464735
7431,0,1,0.16923300178134457,0.027489495,0.0019343871,0.17990428
7432,0,0,0.008044287824882753,6.472524e-06,0.00011683353,0.010368451
7433,1,1,0.7406005100005194,0.9999603,0.9998294,0.7452838
7434,0,1,0.054756354003074374,5.7575882e-05,1.8146044e-05,0.055088792
7435,0,0,0.13788294383298688,0.45336816,0.9670428,0.13730256
7436,0,1,0.008407472650759862,3.9564455e-07,5.8350967e-08,0.008604441
7437,1,1,0.6203536505528483,0.99992085,0.9992809,0.6265085
7438,0,1,0.31465548657006936,0.8383664,0.5564845,0.32601404
7439,0,0,0.005314237741680508,1.9360807e-07,7.5012304e-06,0.0067285667
7440,0,1,0.010800434530742357,2.975031e-06,1.5031421e-06,0.012606096
7441,0,1,0.0013739361427270228,3.3018248e-11,2.1283569e-11,0.0018043699
7442,1,1,0.8092581789786857,0.9999963,0.99998474,0.8100918
7443,0,1,0.006210810749574345,6.863513e-07,5.74426e-07,0.0071573644
7444,1,1,0.9183631632499033,0.9999999,0.9999995,0.91950893
7445,0,0,0.02574304352944533,6.247773e-06,0.0003792985,0.026520532
7446,0,0,0.025133316645134397,8.889288e-05,0.0019910233,0.028943803
7447,0,1,0.2510265245201119,0.45623448,0.092598215,0.25727662
7448,0,0,0.03621896462117348,0.00012995447,0.0035117469,0.039651114
7449,0,1,0.0925173634901584,0.0011079035,0.00046299092,0.09630434
7450,0,1,0.3709662319794281,0.99314696,0.97022265,0.37655976
7451,1,1,0.999999999999976,1.0,1.0,1.0
7452,0,0,0.053140820133569286,0.00071825495,0.008839264,0.054900527
7453,0,0,0.011194339020526661,1.4295097e-06,2.642756e-05,0.011390979
7454,1,1,0.38907683782874364,0.9957663,0.97147083,0.39487413
7455,1,1,0.5740692472225213,0.9998872,0.99903494,0.5777167
7456,0,1,0.5167039646146803,0.9858402,0.9872988,0.51677233
7457,1,0,0.7860021231867508,0.99999774,1.0,0.77493566
7458,1,1,0.9999999999999949,1.0,1.0,1.0
7459,1,1,0.05083350772731953,0.001511687,0.00044240945,0.054041702
7460,0,1,0.027783244208730826,1.238546e-05,5.6979334e-06,0.028155938
7461,0,0,0.01343488069308808,2.207656e-05,0.0006959915,0.016056117
7462,0,0,0.05472142527889854,0.0027461224,0.041104272,0.06005566
7463,1,1,0.27328144459659687,0.861453,0.48000383,0.2796486
7464,1,1,0.28805754927280675,0.98104537,0.8947541,0.29344472
7465,0,0,0.04116285886128092,2.6997273e-05,0.0007107215,0.04361099
7466,1,0,0.9999999999999398,1.0,1.0,1.0
7467,0,0,0.013903535485134476,6.3114258e-06,6.5619766e-05,0.014567552
7468,0,0,0.007404505415223419,1.0381538e-06,7.2265364e-05,0.009196765
7469,0,1,0.6348375386254664,0.9998666,0.9990632,0.6450719
7470,0,1,0.002333682134921739,6.945896e-10,4.664775e-10,0.002734062
7471,0,1,0.06084348119463611,3.2262255e-05,0.00014621015,0.057710275
7472,1,1,0.9999999999999896,1.0,1.0,1.0
7473,1,1,0.127255082166516,0.087234624,0.019555574,0.123994164
7474,0,0,0.09081251998225139,0.009834786,0.11814612,0.09084703
7475,0,1,0.2587631757639627,0.8759379,0.5118202,0.27234605
7476,1,1,0.9927897647905595,1.0,1.0,0.98885685
7477,0,1,0.009347384248057589,4.8593898e-05,6.2599934e-06,0.017137727
7478,1,1,0.1616441068179906,0.69028884,0.4749576,0.17155105
7479,0,1,0.007540955559198055,1.8376074e-09,8.2838825e-10,0.00755066
7480,0,1,0.011215868746082075,5.9430263e-08,3.1811886e-08,0.0111526875
7481,1,1,0.7369233080199505,0.99997807,0.9997451,0.7399635
7482,0,1,0.09308457712592019,0.0015073731,0.0019948133,0.09401053
7483,0,1,0.053085812968996386,0.000105968094,5.115818e-05,0.054692525
7484,1,1,0.04760878144861397,0.020813268,0.0030634766,0.054362845
7485,1,1,0.5633359756958987,0.99955684,0.99562985,0.57058614
7486,0,0,0.007796339956013669,1.2439898e-07,2.412085e-06,0.008701656
7487,1,1,0.8200326548218763,0.99999964,0.99999404,0.8242696
7488,0,0,0.03287745842682619,0.00041365685,0.005537341,0.035011765
7489,0,1,0.0437926137777356,2.3924695e-05,2.8405462e-05,0.04286848
7490,1,1,0.2507003443830794,0.7500219,0.3244578,0.25378233
7491,0,0,0.19595658662042909,0.30286744,0.93119276,0.20144689
7492,0,0,0.021300870449569242,1.2237502e-05,0.00033924694,0.023332248
7493,0,1,0.005858931347191305,3.073964e-09,1.5511624e-08,0.0059745926
7494,0,1,0.1510338552798845,0.032725938,0.015277044,0.15175085
7495,0,1,0.03067825809818411,5.0997664e-06,2.881501e-06,0.029666323
7496,1,1,0.2282624672718413,0.79912496,0.34519663,0.24018525
7497,1,1,0.8767993186200885,0.9999993,0.9999956,0.87938654
7498,0,1,0.18865287696394706,0.20519315,0.059140064,0.19765429
7499,0,1,0.32043943163781125,0.9746455,0.8545231,0.3276104
7500,0,0,0.005159186212384682,1.0664777e-08,1.4695783e-07,0.005688264
7501,1,1,0.29976000367545097,0.792549,0.38681152,0.30174288
7502,1,1,0.5968966875307302,0.9999713,0.9997063,0.60356665
7503,1,1,0.643528720050982,0.99996316,0.99974126,0.64847976
7504,0,1,0.12079496892163402,0.010930335,0.0049254354,0.11790666
7505,0,0,0.029330887592249354,9.775819e-05,0.0020257775,0.030994326
7506,0,1,0.049383048903717496,0.0010934585,0.00075359695,0.048365533
7507,0,1,0.003303237087548466,2.8530611e-09,1.076116e-08,0.003875297
7508,1,1,0.5648064791637343,0.99846363,0.992111,0.57154137
7509,0,0,0.0036615639873500217,6.0045316e-08,6.1828945e-07,0.006456974
7510,0,1,0.07486216764686544,0.00026200392,0.00012353444,0.07579818
7511,0,0,0.07644804764672476,0.009825281,0.271773,0.081320666
7512,0,1,0.14218026675271359,0.04925303,0.005036355,0.14604065
7513,0,0,0.014694833112182188,6.8505597e-07,8.4775784e-05,0.016376743
7514,0,1,0.34668674458132287,0.96662,0.7990354,0.35919872
7515,0,0,0.03542859989178305,1.31868455e-05,0.00038088576,0.036690224
7516,0,1,0.6889112893893583,0.99936336,0.9970017,0.66443324
7517,1,1,0.7269986717837618,0.99998677,0.9999021,0.7318111
7518,0,1,0.04213634544454258,0.0008175938,0.00055225706,0.041741535
7519,0,0,0.11743286447084468,0.09142785,0.718582,0.12336841
7520,0,1,0.29014761957337915,0.9998028,0.99754,0.2831436
7521,0,0,0.005084525185877872,1.5578327e-07,5.6239833e-06,0.0061236024
7522,0,1,0.3678563264192865,0.99568766,0.93839777,0.3756219
7523,0,1,0.12182443031251929,0.04219227,0.008662613,0.12108388
7524,0,1,0.028269173250813195,2.0110316e-05,3.154163e-06,0.028280798
7525,0,1,0.09503083027514445,0.000106447944,1.12413045e-05,0.10169443
7526,0,0,0.03787016699092377,0.00012762463,0.0045171906,0.04058184
7527,0,1,0.005736214289932718,6.013174e-08,2.5961486e-07,0.006681129
7528,0,1,0.20032607113988588,0.32414308,0.09269355,0.20333727
7529,0,1,0.0010568366012675293,3.2906952e-12,1.3641971e-11,0.0012430352
7530,0,0,0.3080099852955546,0.9870142,0.99994445,0.30866745
7531,0,0,0.01706568079118731,2.7164705e-07,2.1452066e-05,0.018080888
7532,0,1,0.00912342919117051,4.3093848e-07,1.5346174e-06,0.010703348
7533,0,1,0.013362017168453203,2.3816399e-07,1.4237912e-07,0.013697798
7534,0,1,0.008764860260727158,3.5115177e-06,2.1114565e-06,0.010127122
7535,1,1,0.9599793889639006,0.99999976,0.9999994,0.95090604
7536,1,1,0.30335452538206104,0.98540777,0.92147064,0.30532807
7537,1,0,0.13590354230907933,0.2563127,0.89460707,0.14255337
7538,0,1,0.0734300920533779,0.005420482,0.0021358014,0.07775864
7539,1,1,0.752133775951795,0.99998486,0.99992883,0.75864786
7540,0,0,0.014095054817444976,2.7822398e-07,6.483749e-06,0.015179487
7541,0,1,0.03777578496615599,0.00020694174,0.00011482294,0.039800163
7542,0,1,0.007835221510755167,6.611419e-07,4.5992184e-07,0.009444508
7543,0,0,0.08887897351788566,9.6633004e-05,0.02703078,0.08296028
7544,0,1,0.056418202399299414,0.00034512454,0.00012308903,0.057883676
7545,0,0,0.051999527040218936,0.00012520528,0.0030178016,0.056024652
7546,0,1,0.3498711922564627,0.98971915,0.8699255,0.35687438
7547,0,0,0.07183723690816166,0.0028122007,0.11458527,0.075720474
7548,1,1,0.25359040367316743,0.7790843,0.35135326,0.25698712
7549,0,0,0.06722242541579485,0.0025911839,0.015240232,0.07091177
7550,0,1,0.0019500794369984918,1.2165761e-09,1.5060944e-10,0.0032826024
7551,1,1,0.6697262872718485,0.9770059,0.9425311,0.62070346
7552,1,1,0.7456580016845876,0.9999913,0.9999194,0.74984515
7553,0,0,0.018714960027592997,1.640553e-06,0.00010183074,0.020070968
7554,0,0,0.009747427657367108,3.7168814e-08,1.8266237e-06,0.010208881
7555,0,1,0.07095080100306748,0.0038984388,0.0013474404,0.07181539
7556,0,1,0.13090342868444765,0.019539248,0.008650125,0.13093793
7557,0,1,0.03302219609071494,0.0006100499,0.0004625866,0.038657777
7558,0,0,0.05601044836858718,0.0006472326,0.033077132,0.05858686
7559,0,1,0.3345601840158372,0.9501112,0.64306533,0.31713074
7560,0,0,0.018168165461784742,2.7115706e-05,0.0005219387,0.02009293
7561,1,1,0.3300555674483539,0.95433944,0.80619687,0.33365938
7562,0,1,0.14313490154062825,0.013400576,0.016436223,0.1405146
7563,0,1,0.11791070866559611,0.14778188,0.11229833,0.111039385
7564,0,1,0.0076055681566246725,3.343757e-07,2.0619653e-07,0.0090316245
7565,0,0,0.0023232671224839322,3.9891243e-11,7.118253e-10,0.0024446072
7566,0,1,0.054434151347740795,0.0005486889,0.00025937476,0.056770355
7567,0,0,0.03248346286022473,2.5442809e-05,0.0008572711,0.03485015
7568,0,1,0.029412524771964155,1.5816967e-06,1.716313e-07,0.031018283
7569,1,0,0.9264505001406932,1.0,1.0,0.91947573
7570,0,0,0.06504021208223795,0.00075817277,0.013706589,0.067059524
7571,0,0,0.07523406608889219,0.024104856,0.9743746,0.07518524
7572,0,1,0.15737870002848925,0.0688269,0.013068848,0.1634339
7573,0,1,0.44746330116105115,0.9994567,0.9866927,0.4536504
7574,0,1,0.00052643244398005,7.616739e-14,1.4186413e-14,0.0009102642
7575,0,0,0.06074344701186021,0.01971107,0.12875502,0.06456292
7576,1,1,0.6078368908804246,0.9999635,0.99955076,0.61257905
7577,0,1,0.046947891829375026,0.00036516436,0.00019336762,0.046669926
7578,0,1,0.015285099840430066,3.4126478e-07,1.1431708e-06,0.0153607605
7579,0,1,0.020096375565407755,1.1488924e-06,2.9610567e-06,0.020154303
7580,0,1,0.25785468440575726,0.74343807,0.666217,0.26575994
7581,0,1,0.05406066901064588,0.00013469858,0.00020799095,0.054720923
7582,0,1,0.22137732641465696,0.47301656,0.15060046,0.22956137
7583,1,1,0.25937802164387774,0.8616778,0.44344705,0.26464903
7584,0,0,0.004745906099043888,6.122938e-08,2.0013952e-06,0.0052775475
7585,0,1,0.36660564607030743,0.9971691,0.95623577,0.37065527
7586,0,1,0.0025301228138485217,1.088547e-09,6.926554e-10,0.0029573208
7587,0,0,0.005611469244661475,4.109342e-08,1.2992695e-06,0.006887922
7588,0,0,0.004465371182442852,4.4202284e-10,1.2972194e-08,0.004703461
7589,1,1,0.720525445095857,0.99998343,0.9998349,0.72832346
7590,0,0,0.09918733735333368,0.0026724811,0.13241608,0.10526016
7591,0,1,0.3240004698563588,0.78057855,0.6436103,0.32215673
7592,0,1,0.0019436710488646984,4.2394248e-11,2.4387865e-11,0.0023064942
7593,1,1,0.9890389691167147,1.0,0.9999999,0.9834763
7594,0,0,0.0016453630560942759,1.3001039e-10,3.0515274e-08,0.0020445834
7595,0,1,0.08808298114519685,0.0010942072,0.00024706344,0.09008322
7596,0,0,0.012888817183800569,3.5042208e-07,1.4063265e-05,0.013651075
7597,0,1,0.3909295484495006,0.9909496,0.8979027,0.39721772
7598,0,1,0.5090930074575357,0.9986975,0.996042,0.5043956
7599,0,0,0.020527675007363824,9.958684e-07,2.2909693e-05,0.022139618
7600,1,1,0.4487569456327328,0.99950695,0.9963098,0.45216867
7601,0,1,0.0021161740274227535,1.6489204e-10,8.042253e-11,0.0025073336
7602,0,1,0.07305086312288625,0.04491998,0.033674885,0.0871192
7603,0,0,0.0213750044000087,8.805743e-06,0.0001348555,0.022575751
7604,0,1,0.007875874002535433,1.169794e-08,1.8665598e-09,0.008040749
7605,0,1,0.007400852298424154,3.5341667e-08,1.3548176e-08,0.0076406985
7606,0,1,0.05717982249226737,0.0023712013,0.0012563344,0.05895242
7607,0,0,0.024129718004769003,4.353802e-06,0.00016643379,0.026126048
7608,0,1,0.0018044624503675078,1.2586849e-09,3.2627304e-10,0.002103383
7609,1,1,0.6933281517883351,0.9999641,0.99985206,0.7016104
7610,0,1,0.008937725086818228,1.8059472e-08,4.0291748e-09,0.009095312
7611,0,0,0.011611610284561716,7.1194677e-07,1.962361e-05,0.014470099
7612,1,0,0.012385381271654745,4.1802887e-06,3.7336948e-05,0.01295111
7613,0,0,0.013167305820264055,2.3401058e-06,6.685626e-05,0.014490246
7614,1,1,0.7194604882021339,0.9865338,0.97029436,0.6858365
7615,1,1,0.7913236899148717,0.9999974,0.9999747,0.7955715
7616,0,0,0.019937156613988215,0.00010158546,0.0043906122,0.024712108
7617,1,0,0.622332022042206,0.9998939,0.9999999,0.60773575
7618,1,1,0.2747549554921411,0.8786191,0.6522893,0.2761536
7619,0,1,0.09292682424700735,0.009868769,0.0005730628,0.09548926
7620,0,1,0.39378340061704314,0.9972837,0.9791337,0.40526864
7621,0,0,0.07845858858188387,0.005176389,0.09041475,0.084828526
7622,0,0,0.1719889456847423,0.27186,0.77043605,0.17755254
7623,0,0,0.001893353195433194,2.3740818e-11,1.0256914e-09,0.0020382437
7624,0,1,0.7183768460532646,0.9998882,0.9994624,0.69517624
7625,0,1,0.05109454033646158,0.004743842,0.0007563016,0.05201099
7626,0,0,0.0005824156351068991,1.8643606e-13,8.445327e-12,0.0007119858
7627,0,0,0.00614190683097325,1.5949126e-09,9.4283635e-08,0.006399424
7628,0,0,0.021310561822091165,0.0018810137,0.04077639,0.02814713
7629,0,1,0.024649163739280167,0.00010601065,4.9665872e-05,0.028466659
7630,0,1,0.12361397253110078,0.021853898,0.005621534,0.12592761
7631,1,0,0.1415170672786155,0.04535453,0.76950914,0.14872761
7632,0,0,0.26491493391647125,0.9243902,0.99984384,0.2672202
7633,0,1,0.2947350828853764,0.16055031,0.05499111,0.26148045
7634,0,0,0.3042609752100257,0.4154867,0.9748266,0.3030273
7635,0,0,0.0703624199851922,0.0020735126,0.027134897,0.07217696
7636,0,1,0.0011161713676885233,3.0069766e-11,3.881036e-11,0.0013702281
7637,0,1,0.03929104648662174,5.7152047e-05,2.1863067e-05,0.04016637
7638,0,1,0.5409436384509161,0.99911076,0.99493885,0.54589057
7639,0,0,0.023804842876258437,6.678871e-05,0.001073428,0.026255509
7640,1,0,0.5424538400359111,0.99984515,0.9999994,0.53573143
7641,0,1,0.3012139950280906,0.83946306,0.70126307,0.2940528
7642,0,0,0.014698004800772834,1.0370711e-06,1.0054765e-05,0.015383604
7643,0,0,0.028614342117458797,1.7162381e-05,0.00033101309,0.031386346
7644,0,0,0.00456471302830042,4.2056354e-09,9.658416e-08,0.0049901926
7645,1,1,0.9978158449272959,1.0,1.0,0.9966239
7646,0,1,0.30591494649996204,0.9260822,0.6347442,0.30718815
7647,0,0,0.33777181639083237,0.99786735,0.9999989,0.35030413
7648,0,0,0.06449188196699102,0.019913102,0.13744827,0.10171719
7649,0,1,0.0026310529767025618,2.1252952e-10,6.7911454e-10,0.0031044083
7650,0,0,0.012760598958515848,2.282704e-06,8.489503e-05,0.015720936
7651,0,0,0.032940413494752845,8.983657e-05,0.002415713,0.03632773
7652,0,0,0.017070670081211225,3.1787433e-06,2.4886836e-05,0.017913653
7653,0,1,0.014164658969850703,3.3097243e-07,1.6316561e-07,0.014320892
7654,0,0,0.1418804985572642,0.02019407,0.6221798,0.1429381
7655,0,0,0.02571469741678187,8.808338e-06,0.0004886413,0.026011309
7656,1,1,0.26404641175721466,0.86872935,0.46184367,0.26887286
7657,0,0,0.03422976501016517,3.5636062e-06,0.00030698848,0.03343662
7658,0,1,0.529662486528359,0.9978676,0.9863363,0.53275687
7659,0,0,0.14302346595366414,0.460888,0.93444896,0.14981301
7660,1,1,0.3706903832782623,0.98348814,0.8360559,0.375456
7661,0,0,0.07336334277112298,0.00887076,0.18942142,0.08456657
7662,0,1,0.36578593365989515,0.99250776,0.95901436,0.3714558
7663,1,1,0.9972210584502371,1.0,1.0,0.99559146
7664,0,1,0.005421395285887372,4.4154677e-10,1.559842e-10,0.0057423925
7665,0,0,0.006681687635606095,1.8477753e-09,5.2683042e-08,0.0070501724
7666,0,1,0.4388798543307442,0.99936265,0.99392194,0.4448302
7667,1,1,0.6808020420594101,0.9999231,0.9992686,0.6868327
7668,0,0,0.03168828934079265,0.0006331589,0.022338014,0.033573046
7669,0,0,0.011856906850473524,2.5120227e-07,3.3165036e-06,0.012376053
7670,0,1,0.44592333060558825,0.9994974,0.9889526,0.45360222
7671,0,1,0.2765761022987502,0.8933566,0.6748726,0.27841932
7672,0,0,0.25089679963821704,0.8118126,0.9913305,0.25939605
7673,0,1,0.018740221917391678,2.8698837e-06,4.1702918e-07,0.019011015
7674,1,1,0.15678635661691254,0.49911204,0.2799768,0.16018894
7675,0,1,0.43152895056836255,0.9926883,0.9595471,0.43740204
7676,0,1,0.08846268980078263,0.0143376095,0.0029199922,0.0887396
7677,0,1,0.4430173378199176,0.99265116,0.9544222,0.44923615
7678,0,1,0.14148695719422388,0.050181113,0.016450282,0.13926446
7679,0,1,0.2695415269751735,0.9028616,0.62321734,0.2737799
7680,0,1,0.2746915120584903,0.83274674,0.49225813,0.27561048
7681,0,0,0.07358426391045772,0.002113518,0.048088096,0.07656958
7682,0,0,0.0021148540813128785,2.5872242e-09,1.766237e-08,0.003593254
7683,0,0,0.023832068379221992,1.9905561e-05,0.00032331748,0.025753632
7684,0,0,0.03280902957377692,3.1363845e-05,0.0009268801,0.035376146
7685,1,0,0.6276427914540866,0.99995804,0.9999999,0.6243911
7686,0,0,0.0008878174221261107,1.6170997e-12,6.12745e-11,0.0011045514
7687,0,0,0.014485838324012823,1.2649259e-06,6.603325e-05,0.015581138
7688,0,1,0.14279517117663998,0.11280241,0.027049424,0.1449043
7689,1,1,0.8607489786042667,0.9996668,0.99948657,0.8303516
7690,0,1,0.012398359037322327,1.1222367e-06,8.2661484e-07,0.012392729
7691,1,1,0.31428606111526564,0.5367005,0.1839633,0.29599437
7692,1,1,0.7696198643211629,0.9999908,0.99992,0.77297586
7693,0,1,0.01425047490225545,3.654392e-07,1.0634064e-06,0.014518151
7694,0,1,0.28753313142040515,0.90701836,0.60257727,0.29114574
7695,0,0,0.0196733310007395,2.0867199e-06,5.3999494e-05,0.02145635
7696,0,0,0.0012622235618695824,2.2434311e-11,7.694465e-10,0.0015704421
7697,0,0,0.11709167376876951,0.13019824,0.73180723,0.12516718
7698,1,1,0.9041188668934698,0.9999999,0.99999917,0.8992464
7699,0,1,0.12635267927520377,0.017890891,0.0050927703,0.1317062
7700,1,1,0.4427579631427307,0.9996556,0.997271,0.47679225
7701,0,1,0.004862312162873106,2.5906921e-08,1.0748093e-08,0.0057278457
7702,0,0,0.04406996099750077,0.0003813977,0.005105158,0.04689051
7703,1,1,0.6638749991645377,0.99995184,0.99963176,0.6746912
7704,0,1,0.0027236944823580025,5.400243e-10,3.4946082e-10,0.0032212392
7705,0,0,0.0013741038066925843,3.6899547e-08,3.695843e-08,0.001166234
7706,0,1,0.010195855706034635,1.3097998e-08,9.775636e-09,0.010214559
7707,0,1,0.6237389262821794,0.99981403,0.9991167,0.6332
7708,0,1,0.9333277544250019,1.0,1.0,0.93080753
7709,0,0,0.0036750247630305782,9.367785e-10,2.6483676e-08,0.0039193816
7710,0,1,0.41002929394499166,0.8255064,0.56349057,0.39008924
7711,0,1,0.046549735377317644,0.108943544,0.021136075,0.057546325
7712,0,1,0.6238049329542013,0.99996555,0.999556,0.6304222
7713,1,1,0.9981015917518348,1.0,1.0,0.99709785
7714,0,1,0.20826402379224546,0.47014326,0.13723439,0.21260412
7715,0,1,0.19164998132553973,0.0037524677,0.0006989008,0.20227602
7716,0,0,0.006047162227128558,1.0894907e-08,6.179638e-09,0.0034448367
7717,0,1,0.0696775891208332,0.0032578863,0.0009274185,0.06897404
7718,0,0,0.1268505822716331,0.29161763,0.9078649,0.1328642
7719,0,0,0.015623913872856448,1.5049227e-05,0.000789834,0.02690113
7720,0,1,0.19765022897809872,0.71797585,0.41029564,0.19969478
7721,1,1,0.8945300094730729,0.9999938,0.99998367,0.8737237
7722,0,0,0.0022565772341022923,5.486977e-11,2.5551577e-08,0.002497438
7723,0,1,0.1319334170911915,0.025201429,0.013513727,0.13148813
7724,1,1,0.3154109432054795,0.9598178,0.8513002,0.3267953
7725,1,1,0.40933539849825873,0.9913401,0.9067906,0.41161412
7726,0,0,0.034533790841530514,0.00010152861,0.0028062754,0.037888728
7727,0,0,0.037627056792932836,6.838764e-05,0.0023822451,0.03935944
7728,0,1,0.49546712140626165,0.9955747,0.9947013,0.50096196
7729,0,0,0.00472614012087406,8.3044725e-08,3.194729e-06,0.0059925197
7730,1,1,0.6053699984846573,0.9998814,0.99898964,0.61171085
7731,1,0,0.09149405312514046,0.004553502,0.28023598,0.09388578
7732,0,1,0.0039494734274361995,5.13624e-09,4.787922e-09,0.0045857984
7733,1,1,0.19532670867532603,0.39479876,0.1241476,0.1976133
7734,1,1,0.43371049612170265,0.9981174,0.9734066,0.4372305
7735,0,0,0.024240453931289832,7.806599e-06,0.00019106785,0.025971208
7736,0,0,0.01375067996100808,1.3247407e-07,9.585785e-06,0.014636809
7737,0,1,0.006001310745525063,6.086504e-08,4.0471072e-08,0.0066877874
7738,1,1,0.8198644599134407,0.99999905,0.99999666,0.8173934
7739,0,0,0.019321442092369603,4.767435e-06,0.00063773594,0.020139033
7740,1,0,0.4030387543565958,0.9981187,0.99999475,0.40251836
7741,0,0,0.006623551254394915,5.4224444e-07,2.5841591e-05,0.008334824
7742,1,0,0.17407068902278716,0.91440123,0.9997068,0.17851123
7743,0,1,0.6900149083262984,0.99996006,0.99989796,0.6921084
7744,1,1,0.7350132228623215,0.99998856,0.99994123,0.74220526
7745,0,1,0.10983480810560659,0.0015246631,0.00026023702,0.10222576
7746,0,0,0.00931016885159184,2.1561392e-07,2.1103624e-05,0.010033695
7747,0,1,0.10709486348116024,0.008400377,0.007863987,0.106764466
7748,0,1,0.09169463949836502,0.009120722,0.0020730055,0.09354941
7749,0,1,0.9593507294375885,0.9999999,0.9999987,0.94683415
7750,0,1,0.0019194592615946547,1.1669292e-10,2.6080853e-11,0.0022482267
7751,0,1,0.009773500396704007,2.587204e-06,2.2806087e-06,0.011181552
7752,1,0,0.1997350534697711,0.640596,0.9724718,0.21364407
7753,0,1,0.18939467112988465,0.019278087,0.0055912477,0.1915139
7754,0,1,0.2674830001092677,0.7681303,0.3775023,0.2799976
7755,0,0,0.1419144831976188,0.43299836,0.99719524,0.13899045
7756,0,0,0.07374189863360386,0.008819238,0.17986153,0.078944124
7757,0,1,0.015460049259453143,4.0620213e-05,1.682965e-05,0.018030401
7758,1,1,0.7309227696624769,0.99996936,0.999721,0.73619
7759,0,0,0.0005389717694733331,5.5665424e-11,8.000027e-11,0.0004585414
7760,0,0,0.06789320592099578,0.004896671,0.1181481,0.07271415
7761,1,0,0.313745266009603,0.9871824,0.99997795,0.31536815
7762,0,1,0.2982789066563118,0.9169592,0.6420498,0.2982424
7763,0,1,0.07860614332702615,0.002988869,0.0008886403,0.08170025
7764,0,0,0.01621046823134144,1.0531058e-05,0.00018587292,0.017212534
7765,0,1,0.003425973441027512,7.690126e-09,1.187277e-09,0.004016118
7766,0,1,0.0317921451739479,3.9867264e-06,6.167093e-06,0.032558113
7767,0,0,0.0180502368302979,0.00016420033,0.0032365583,0.023053624
7768,1,1,0.3437757430155902,0.9891479,0.9011318,0.34915724
7769,0,1,0.2745406303289105,0.6799742,0.112880416,0.25908685
7770,0,1,0.5623748537602129,0.9996843,0.9965873,0.570311
7771,0,1,0.24933750513995584,0.6850932,0.28896186,0.25425255
7772,0,0,0.17389665352369524,0.4184738,0.99047536,0.16922823
7773,1,1,0.7850124907573944,0.99999547,0.99998164,0.78403115
7774,1,1,0.9983666465906327,1.0,1.0,0.99752134
7775,1,1,0.6147665225699933,0.99988604,0.9991505,0.6201927
7776,0,1,0.07534351509225017,0.010186246,0.00070904306,0.07596053
7777,0,0,0.04787380174402875,0.00014364219,0.0025825547,0.049917225
7778,0,1,0.13401698631053863,0.04790205,0.008125801,0.1398025
7779,0,0,0.0032842191738867424,5.8228533e-09,1.6195838e-06,0.0039536604
7780,1,0,0.964406336117146,0.99876344,0.9999136,0.9118326
7781,0,1,0.059072731492950566,0.013170697,0.0011671231,0.06243294
7782,0,0,0.3733696448950858,0.99486274,0.9999831,0.3650083
7783,0,0,0.010680267890585375,5.1712027e-07,3.7097604e-06,0.011222474
7784,0,0,0.00887969652742322,5.7279743e-07,3.520921e-05,0.010665485
7785,0,0,0.059327336588112047,0.0033586093,0.032883897,0.06463411
7786,0,1,0.13196018305504795,0.004669019,0.0009510725,0.1394155
7787,0,1,0.4382950354191709,0.9660651,0.9133981,0.45281214
7788,0,1,0.010514172547833055,0.000106753614,1.7725259e-05,0.018832328
7789,0,1,0.01622164299526227,1.25766255e-05,2.9703351e-05,0.019079218
7790,0,1,0.37599492548374586,0.9566966,0.9026256,0.38622817
7791,0,1,0.09118022132720084,0.004270795,0.0006657106,0.093936436
7792,0,1,0.00985367530272835,1.1821167e-08,3.0407716e-09,0.010584232
7793,1,1,0.8160159344312307,0.99999964,0.9999908,0.8206448
7794,0,0,0.015027099027160682,1.520121e-07,1.1239825e-05,0.016303372
7795,0,1,0.2817981558932989,0.962301,0.7281655,0.28720444
7796,0,0,0.004686427504303503,1.9614479e-08,3.805831e-07,0.00513886
7797,1,1,0.5205466904841869,0.998711,0.9897834,0.52677935
7798,1,1,0.1453351282531387,0.6340838,0.15124838,0.14623731
7799,0,1,0.050308848610970514,0.0013364034,0.0006231492,0.050869774
7800,1,1,0.427037352728605,0.99576735,0.9773132,0.43429524
7801,0,1,0.351321776646803,0.9487858,0.78156316,0.3588074
7802,0,0,0.05219510738945223,2.8039833e-05,0.0038861134,0.05316349
7803,1,1,0.09519631744423662,0.053982336,0.0141623365,0.093617536
7804,1,1,0.8717618171823673,0.99993134,0.9996777,0.84706235
7805,0,0,0.0161101470867985,4.8026312e-08,1.2942633e-06,0.017880546
7806,0,1,0.009037729866880716,1.3113772e-08,8.248665e-09,0.009262139
7807,0,1,0.6013019717093308,0.99986124,0.9990044,0.6054864
7808,0,1,0.24322415174411036,0.58346516,0.34291753,0.24322651
7809,0,0,0.00473191246939713,2.1511379e-07,5.9009794e-06,0.006035579
7810,0,1,0.5443232437181613,0.99996436,0.99915254,0.5525092
7811,0,1,0.23075693437441472,0.612008,0.21613367,0.2340525
7812,0,0,0.01263684518306753,7.834747e-06,0.00011750558,0.015526844
7813,0,0,0.011319273332093796,4.2703192e-07,7.97824e-06,0.011990821
7814,1,1,0.394015098188176,0.98958826,0.93964326,0.39894414
7815,0,0,0.0002737727525431938,8.013068e-15,3.5167488e-13,0.0003398612
7816,0,0,0.004799226632661033,1.324435e-07,5.088704e-06,0.006124198
7817,0,0,0.0010878316479839194,1.297201e-10,5.7991016e-09,0.0013794736
7818,0,1,0.0015577658236500115,4.552149e-09,1.881264e-09,0.0018155938
7819,1,0,0.4169447308697116,0.9973838,0.9999938,0.41197667
7820,0,1,0.2627516677679301,0.6857062,0.35848528,0.2648057
7821,0,0,0.018777736120291114,9.766675e-06,0.00019583543,0.01989732
7822,0,0,0.03754406443835463,0.0025551915,0.040756855,0.03991896
7823,0,1,0.023228271218003096,7.117946e-06,3.3253013e-06,0.023904415
7824,1,1,0.6493183753129341,0.99996436,0.99958664,0.6563404
7825,0,0,0.09583855379383073,0.16899525,0.68168914,0.106119454
7826,0,1,0.47557271003670515,0.9942254,0.9804027,0.4716363
7827,0,1,0.10847408493334361,0.11366766,0.02195537,0.11152231
7828,0,0,0.029484474199295826,3.121495e-05,0.00027834074,0.0314688
7829,0,0,0.0030735288433489443,5.47471e-09,6.681084e-08,0.0056985375
7830,0,1,0.007467703571033262,1.611859e-08,5.5635128e-09,0.009192173
7831,0,0,0.1155119444964419,0.008904261,0.45044112,0.11625448
7832,0,0,0.01208900536020771,1.0699035e-06,2.9834562e-05,0.01328272
7833,0,1,0.011763557811250845,3.4756113e-07,2.8369305e-07,0.011704907
7834,1,1,0.27108938010040967,0.9614586,0.828046,0.27788055
7835,0,1,0.06171133170743181,0.005310049,0.0022024612,0.06230945
7836,1,1,0.9996354471392783,1.0,1.0,0.99913895
7837,0,1,0.0737121921072781,0.0056169406,0.0013764501,0.07445732
7838,0,0,0.36882403771428174,0.99415284,0.9999635,0.3693789
7839,0,1,0.1453203607952034,0.6062776,0.27488068,0.14825122
7840,0,1,0.005355081736851257,5.1644994e-10,2.566281e-10,0.0054306765
7841,0,0,0.2640746801435679,0.9318833,0.9998529,0.267082
7842,0,1,0.23427529173073847,0.05562749,0.0038685254,0.24507359
7843,0,1,0.03305641883650838,0.00010323592,4.8101632e-05,0.033415396
7844,0,1,0.4303363920319713,0.97254443,0.93363035,0.41180784
7845,1,0,0.9762772952081757,0.026837315,0.9081155,0.9479528
7846,0,0,0.0006896437289335764,7.3803064e-12,3.5549524e-10,0.00083526695
7847,0,0,0.0041657624195058475,4.7726384e-10,7.961284e-08,0.0047133826
7848,0,0,0.0047200188878092075,2.0964261e-08,4.7200916e-07,0.008254065
7849,0,1,0.0021381810106158436,4.3770218e-10,2.3014399e-10,0.0024964642
7850,1,1,0.7647502096234298,0.9999881,0.9998801,0.7684162
7851,0,0,0.001555961992273821,5.4495164e-10,1.3297239e-07,0.0018638064
7852,0,0,0.00019412499675005397,5.7649355e-13,1.872169e-12,0.0001839699
7853,0,1,0.34592242463018186,0.975938,0.84913737,0.34436235
7854,0,1,0.054731388111451555,0.0030361777,0.00096283434,0.055305544
7855,0,1,0.03169107783003264,4.6463898e-05,2.276556e-05,0.03174488
7856,0,1,0.02702824376872098,1.50112855e-05,6.2506037e-06,0.026689978
7857,0,1,0.01016039113280874,1.2904644e-07,1.7227312e-07,0.010112296
7858,1,1,0.5560145184094023,0.9999348,0.9986601,0.55710447
7859,1,1,0.9595973713656529,1.0,1.0,0.9521608
7860,0,0,0.025492870464406674,0.00021936047,0.0021597699,0.028199222
7861,0,1,0.012392663520945126,1.1579597e-08,3.1656327e-08,0.011306172
7862,1,0,0.23150679355822512,0.9774154,0.998204,0.2473767
7863,1,1,0.691819926698385,0.9996226,0.9987006,0.7016703
7864,0,0,0.0012784001836100055,5.7766717e-12,2.2466352e-10,0.0015465594
7865,0,1,0.13664491500163262,0.008234742,0.000944436,0.14617492
7866,0,1,0.003983277241464693,1.0031079e-08,3.7081205e-09,0.004835124
7867,0,1,0.17066565547535817,0.11851763,0.008716734,0.17148629
7868,0,1,0.0021765137398541204,8.24092e-11,3.6271545e-11,0.0037134965
7869,1,0,0.02366673343438993,1.9527597e-06,1.8119259e-05,0.02513541
7870,0,0,0.03697319097028145,0.0003975789,0.004639185,0.03981048
7871,0,1,0.22563614882814445,0.38162392,0.16468702,0.22784768
7872,0,0,0.01635214000574631,4.5592474e-06,0.00011884144,0.017988522
7873,0,1,0.14486708360858275,0.061526727,0.042902227,0.15044835
7874,0,1,0.015121095795137563,6.3544e-05,5.113759e-05,0.016972719
7875,0,0,0.08699838725392894,0.011398274,0.7715775,0.08616032
7876,0,1,0.024770126416292157,3.9063667e-07,4.704847e-08,0.02381642
7877,0,1,0.038440076889103704,0.0005700706,0.00069636764,0.044067357
7878,0,1,0.10211962347689349,0.013420953,0.005024646,0.10136789
7879,0,0,0.05981913759738499,0.005066818,0.6708282,0.059224732
7880,0,1,0.031533499749208896,3.6975987e-05,1.8170165e-05,0.032792605
7881,0,1,0.0033659049135268994,9.629808e-09,1.9875792e-09,0.0039520273
7882,0,0,0.02199120056883863,8.9324185e-06,0.00019457162,0.023386482
7883,0,0,0.034977945018606175,0.0001508344,0.0040713614,0.03638589
7884,0,1,0.2657896929738259,0.91918284,0.55173224,0.27616954
7885,0,0,0.024641260556368554,0.00016929416,0.0045351456,0.03038365
7886,1,1,0.6989124400396478,0.9781442,0.9752543,0.64484334
7887,0,0,0.04466612660689343,0.0017254583,0.012262714,0.04650587
7888,0,1,0.19558059400350897,0.29338408,0.10140229,0.19819899
7889,0,0,0.023265717786210047,2.2971892e-05,0.00031501165,0.024785053
7890,1,1,0.7842545523796915,0.99999285,0.9999558,0.7882503
7891,0,0,0.0014344687330084677,1.7436936e-11,5.5826005e-10,0.0017769531
7892,0,1,0.04402547393706692,0.00016321894,6.039463e-05,0.043347176
7893,0,1,0.0030365064492381363,9.554462e-10,3.752909e-10,0.0031569565
7894,0,0,0.03314376228223738,0.0015346712,0.024472026,0.0385471
7895,0,0,0.029981259973674467,2.1895616e-05,0.00041280952,0.032819167
7896,0,1,0.04704450021620982,0.00013864381,3.6319732e-05,0.048985753
7897,0,1,0.21009158040387538,0.2921641,0.06755292,0.21750225
7898,0,1,0.04223857547983683,0.00037640549,0.0001234,0.044048138
7899,0,0,0.014838140163951024,2.0244431e-07,4.3951486e-06,0.015630819
7900,1,1,0.5512694800692379,0.99795485,0.98628944,0.5603033
7901,0,0,0.04079914611730782,0.00092378515,0.024213605,0.04151086
7902,0,1,0.02493619764210645,1.8326213e-05,8.551237e-06,0.025014298
7903,0,1,0.610532304407972,0.999902,0.99913055,0.6191837
7904,0,0,0.004590344558053501,2.6556666e-08,5.9430886e-06,0.0056280475
7905,0,1,0.20160350019761225,0.331596,0.109625176,0.19107369
7906,0,0,0.004408910400112507,8.304719e-10,3.3344673e-08,0.0047890726
7907,0,0,0.0128352177520367,1.7282689e-07,7.196329e-06,0.013757108
7908,0,1,0.8928015750138782,1.0,0.9999999,0.8969698
7909,0,1,0.6362913076381369,0.99975437,0.99891824,0.6423714
7910,0,0,0.0237316095339856,1.42071385e-05,0.00071218406,0.027206222
7911,0,0,0.0017048326490550604,1.4201289e-12,7.8104155e-11,0.0017814026
7912,0,1,0.4644796517435211,0.9967393,0.96843845,0.4690032
7913,0,1,0.0105989345748228,1.5013683e-07,5.040522e-07,0.010682458
7914,0,1,0.25164014363281517,0.41740346,0.14683092,0.25925806
7915,0,1,0.004945746431634348,2.5526589e-08,2.0982704e-08,0.005728495
7916,0,1,0.0110991649206054,3.6927922e-08,1.6215168e-08,0.011185444
7917,1,1,0.8819233076829058,1.0,0.99999964,0.8837996
7918,0,1,0.24086599785090612,0.59420526,0.36348337,0.2385926
7919,1,1,0.13041540188899242,0.059072766,0.012453013,0.13276264
7920,0,0,0.03724889923958697,7.962395e-05,0.0013048184,0.0391243
7921,0,0,0.1269702774455944,0.14796694,0.50894904,0.1339709
7922,1,1,0.6986417543164384,0.9999629,0.99973196,0.7080105
7923,0,1,0.8513223180501968,0.99970716,0.99686533,0.83482176
7924,1,1,0.4999893309169871,0.9981174,0.9881393,0.5064133
7925,0,0,0.011517690059848457,4.7616638e-07,1.3488555e-05,0.013062262
7926,1,0,0.07674324197180725,0.0048831645,0.078621164,0.08246233
7927,1,0,0.2188805135117813,0.124368265,0.99711645,0.21967518
7928,1,1,0.32554030570852033,0.99559456,0.9649979,0.33014914
7929,0,1,0.0019642431568484427,3.2881243e-11,8.9299835e-12,0.0033271872
7930,1,1,0.07521194441116844,0.015576135,0.0035270297,0.07358503
7931,0,1,0.1113830953659154,0.0026225734,0.0004720994,0.11182725
7932,1,0,0.15944584946633852,0.16160233,0.80631006,0.16754965
7933,0,0,0.11169501855642669,0.0017296606,0.027423505,0.11809147
7934,0,1,0.25183899426464085,0.90719646,0.48552355,0.25730437
7935,0,1,0.005812900439344638,1.2421015e-07,7.195687e-08,0.006932641
7936,1,0,0.09889478180869722,0.037842218,0.47748744,0.10567937
7937,0,0,0.010482782022082592,1.441608e-06,4.108953e-05,0.0120318355
7938,0,0,0.13056328583043933,0.0024687967,0.5304876,0.1325757
7939,0,1,0.6355263026169222,0.999997,0.999969,0.63805556
7940,1,1,0.1027701514860698,0.27835605,0.13456693,0.10086145
7941,1,0,0.3659722535358616,0.99591213,0.9999894,0.3657563
7942,1,1,0.6860183416074015,0.9999181,0.9992693,0.6907755
7943,0,0,0.00144795301127737,1.3010763e-10,1.6251446e-09,0.0017666118
7944,0,1,0.3558472075509286,0.99396825,0.96167034,0.35817638
7945,1,1,0.5585918140084573,0.99889517,0.9936707,0.5646328
7946,1,1,0.303098513684523,0.9384474,0.6356386,0.30945575
7947,0,0,0.12516815674591875,0.100265205,0.7029181,0.13710308
7948,0,1,0.15875560786830942,0.0571839,0.017716365,0.16293432
7949,0,0,0.0007385146138471259,3.0505354e-10,5.1638005e-10,0.0006152208
7950,0,0,0.010016919256660121,3.1581026e-06,9.809604e-05,0.01225074
7951,0,1,0.3786213216580981,0.99510396,0.9750767,0.37620598
7952,0,1,0.019405602251901747,2.5253223e-07,1.3808439e-07,0.019643495
7953,1,1,0.6211384794701107,0.99934846,0.9960627,0.62536204
7954,1,1,0.98118692101505,0.99999976,0.9999993,0.97137916
7955,1,1,0.8847741923448071,0.9999999,0.9999989,0.88983405
7956,0,1,0.1668163812178901,0.413662,0.2399011,0.17023271
7957,0,0,0.026330440964010618,1.36566005e-05,0.0002022241,0.028399894
7958,1,1,0.34409343940341364,0.9513717,0.7621127,0.3488965
7959,0,0,0.04918270150938247,5.0804007e-05,0.004449712,0.05130201
7960,1,1,0.3107610539575626,0.9412888,0.68359935,0.3161778
7961,1,1,0.2322020554650187,0.5703918,0.241363,0.23383698
7962,1,1,0.41914136768879506,0.60949236,0.77205724,0.36283448
7963,0,0,0.04327709427938656,0.00024660805,0.0032653909,0.045542598
7964,1,1,0.6818887564266424,0.99697745,0.99338466,0.6477517
7965,0,1,0.051367776904094366,0.00019765599,5.1919378e-05,0.05314086
7966,1,1,0.8139142294105783,0.9999684,0.9998907,0.8234306
7967,1,1,0.6264333579326045,0.9997141,0.9982476,0.63637054
7968,0,1,0.008770410339563106,4.936462e-07,2.3612654e-07,0.01021724
7969,0,1,0.011858684065181448,7.331418e-07,5.7698884e-07,0.011621722
7970,1,1,0.4936759143793739,0.99784327,0.9836437,0.5012009
7971,1,1,0.5063233431937434,0.99896896,0.992336,0.51041853
7972,1,0,0.8626373328759875,0.9999999,1.0,0.8561848
7973,0,1,0.7707685764241535,0.99999607,0.99996555,0.77761716
7974,0,1,0.20085006812878708,1.0,0.046962656,0.24296911
7975,0,0,0.022794982696083887,1.5242601e-05,0.00051334966,0.024173144
7976,1,1,0.1375838576752416,0.04742231,0.010939077,0.14006132
7977,0,0,0.059983017568064914,0.000806255,0.041349404,0.06698181
7978,0,1,0.0802444158791689,0.0031682341,0.00077613065,0.078624226
7979,0,1,0.19839684137231656,0.2773407,0.099734575,0.20023423
7980,1,1,0.43198524109931946,0.9983708,0.98694056,0.43817598
7981,0,1,0.2918922406474474,0.86190754,0.503777,0.29664016
7982,0,1,0.03255484370040362,2.2718865e-05,1.9692957e-06,0.032103397
7983,0,1,0.005632730518575221,2.5246842e-07,3.1405424e-08,0.0065816734
7984,0,0,0.5805964386143583,0.99983513,0.99999976,0.57910764
7985,0,1,0.04565179478463103,7.942253e-05,4.4541408e-05,0.04460283
7986,0,1,0.4475197215710865,0.99622,0.9743464,0.45218283
7987,0,0,0.016268613211388984,8.4238394e-07,6.599133e-05,0.017028166
7988,0,1,0.012146165285650342,8.3652543e-07,4.5244437e-07,0.014467528
7989,0,1,0.27088334381665324,0.90890324,0.68753237,0.27456152
7990,0,1,0.17971038428925618,0.1264122,0.038966827,0.18131569
7991,1,1,0.38887052450771187,0.98280466,0.91216135,0.39454308
7992,0,1,0.006853313934601692,2.6530728e-07,6.7832536e-07,0.008069041
7993,0,0,0.7284440551350012,0.9999906,1.0,0.7229866
7994,0,0,0.03262547174371427,0.000115156065,0.0013297081,0.036031455
7995,1,1,0.6507584189102131,0.9993594,0.99900454,0.6520257
7996,0,1,0.31096552911740555,0.9478591,0.6998228,0.3170449
7997,0,1,0.002127396759612024,1.2113927e-11,8.623039e-12,0.0026142646
7998,0,1,0.29002625361576684,0.21886028,0.041603364,0.3019908
7999,0,1,0.03270290338242866,6.848501e-05,3.0185425e-05,0.034268625
8000,0,0,0.0012257600462616232,9.89784e-11,4.770011e-09,0.0015078814
8001,0,1,0.0060951944975292365,2.8280533e-08,1.4308553e-08,0.0062733525
8002,0,0,0.026086719788550775,7.8254413e-07,0.00013116305,0.02561839
8003,0,0,0.2247081120904877,0.771847,0.9995269,0.22751181
8004,1,0,0.21444161750328142,0.7624806,0.999823,0.21186632
8005,0,1,0.5969440634041413,0.99465036,0.97637844,0.5775578
8006,0,0,0.038267340593334254,0.00010141782,0.059699114,0.036858015
8007,1,1,0.37610399370936,0.9986583,0.98552585,0.38013184
8008,0,1,0.22635781639888894,0.65471005,0.2281633,0.23119798
8009,0,0,0.048633721221584304,0.0018581874,0.046172377,0.05291605
8010,0,1,0.02151370794713574,5.354783e-06,1.4122304e-06,0.022159958
8011,0,0,0.000429019845520459,1.8756959e-13,5.25035e-11,0.0005323866
8012,0,0,0.025514237575841793,2.3258723e-05,0.0012028981,0.026774297
8013,1,1,0.18380913149575734,0.07101724,0.02595509,0.1883687
8014,1,1,0.13949236189563877,0.1527656,0.34673688,0.12443406
8015,0,1,0.0023342190842749458,1.3369572e-10,7.9214364e-11,0.0027547523
8016,0,1,0.004110140829505954,1.2804543e-08,8.532219e-09,0.004712953
8017,0,1,0.2218712219729705,0.78651595,0.5159316,0.22307977
8018,1,1,0.9019070496361646,0.9999999,0.99999917,0.90424925
8019,1,1,0.6872683925103081,0.99999094,0.99990404,0.6900514
8020,1,1,0.28914085357383756,0.9176093,0.64232224,0.29242802
8021,0,0,0.0991208845544816,0.005898261,0.46706754,0.10682435
8022,1,0,0.13993716062270245,0.0779494,0.9965252,0.13750964
8023,0,1,0.4785923906786387,0.9999049,0.9977925,0.4866674
8024,0,0,0.005395180378851544,2.8650253e-09,8.350757e-08,0.005725467
8025,0,0,0.034047362393760265,6.305987e-05,0.0009801685,0.03611057
8026,0,1,0.15361130277359134,0.08251721,0.0047918893,0.15702103
8027,0,1,0.050468802588880514,0.0007879185,0.0004981485,0.051909234
8028,0,1,0.07443652357311357,0.0015404703,0.0018605979,0.07038283
8029,0,1,0.6374930379640071,0.9999887,0.999936,0.661465
8030,0,1,0.008136894952868583,2.7419063e-08,1.3562551e-08,0.00821283
8031,0,1,0.039846364472376584,0.00443729,0.0013095209,0.046563465
8032,0,0,0.04091288416273431,0.0006891389,0.031722676,0.044255275
8033,0,1,0.03235888107807049,7.587292e-05,3.7356178e-05,0.033393428
8034,0,1,0.27708325290940805,0.86761934,0.80901384,0.27911162
8035,0,0,0.02152108486447385,2.9177338e-05,0.00092660775,0.023839282
8036,0,1,0.1084665097004044,0.7650234,0.39467987,0.12189164
8037,1,1,0.9017545528590959,0.9999982,0.9999883,0.8814202
8038,0,1,0.029013636779820724,4.958892e-05,2.1374588e-05,0.028971223
8039,0,1,0.17152259977495168,0.0070846314,0.0015391434,0.18035693
8040,0,1,0.01647869817801802,0.00014160553,4.27381e-05,0.019253366
8041,0,1,0.37372445077600047,0.9953495,0.9785574,0.3716281
8042,0,1,0.1373617183312402,0.049196847,0.017843507,0.13828821
8043,0,0,0.03744845727291844,0.000116649855,0.0022750944,0.039925247
8044,0,0,0.026034283016770323,8.930538e-05,0.004476456,0.027691621
8045,0,0,0.031390006787565636,0.00011325328,0.0016069877,0.03370756
8046,0,1,0.0031769835564411956,2.291358e-09,1.4634793e-09,0.0037634575
8047,1,1,0.9999999999999605,1.0,1.0,1.0
8048,0,1,0.11792552331647121,0.013504245,0.0055299415,0.11942516
8049,0,1,0.3638796530192429,0.9482021,0.52462953,0.37187245
8050,1,1,0.7883627134331807,0.9999939,0.9999918,0.7836541
8051,0,0,0.09315578302760472,0.00836819,0.08556724,0.096875995
8052,1,1,0.9380506266957515,1.0,1.0,0.93952763
8053,0,0,0.024891839424952784,1.2094517e-05,0.00025867883,0.026839044
8054,1,1,0.6970740673056699,0.999984,0.999838,0.6989236
8055,0,1,0.03485329695326423,0.00019579023,9.420409e-05,0.03681773
8056,0,1,0.8518092551154678,0.99999976,0.9999981,0.85689676
8057,1,1,0.3307342269371238,0.98478484,0.8467107,0.33708027
8058,0,0,0.19146530095628406,0.477847,0.9664012,0.19831134
8059,0,0,0.02137103934118556,0.0010283226,0.018131956,0.0242501
8060,0,1,0.02169360487888264,9.4102925e-06,4.59169e-06,0.022840058
8061,0,1,0.03505361866386311,0.008895944,0.0061732065,0.04097695
8062,1,1,0.14488525728023477,0.9379054,0.81066066,0.16097394
8063,0,1,0.41747660320620883,0.8962647,0.4499005,0.43830243
8064,1,1,0.5282972343563725,0.9997557,0.9981371,0.52635217
8065,0,1,0.04452818867474163,0.0033550027,0.0021593692,0.052392483
8066,0,1,0.045278866930966215,0.00013468985,5.803479e-05,0.044163913
8067,1,0,0.059783462329505106,0.0013528912,0.02889964,0.06295778
8068,0,1,0.27450260238915525,0.90918773,0.78362525,0.28016108
8069,0,1,0.06107197275025969,0.0050703385,0.0010433726,0.061739907
8070,0,0,0.0034020028880445254,3.844315e-08,5.5293555e-07,0.004204737
8071,1,1,0.6835010293452465,0.99976367,0.99923277,0.6820617
8072,0,1,0.0015764612968754562,1.3774257e-09,6.5162975e-10,0.001852779
8073,0,0,0.0337355859571636,6.95066e-06,0.0002696087,0.035160847
8074,0,0,0.040252501601479494,4.991715e-05,0.00095202477,0.04277004
8075,0,0,0.08470325553730218,0.20952068,0.7415861,0.09880668
8076,1,1,0.11217486117186393,0.18684328,0.016801361,0.11444104
8077,0,1,0.12436116540196919,0.025489466,0.006910341,0.1287482
8078,0,0,0.003251542152639537,5.7204797e-08,2.0502641e-06,0.003960133
8079,1,1,0.9898410408243611,1.0,1.0,0.9903295
8080,0,0,0.04438494800554898,0.044252552,0.53401655,0.053762168
8081,0,0,0.004103980464563523,9.229344e-10,1.5420096e-07,0.0043876036
8082,0,0,0.0467411161047097,0.00013933828,0.008203665,0.04876193
8083,0,1,0.10869218318185833,0.0015972552,0.00042865745,0.10739481
8084,0,0,0.003302189329385081,5.435474e-09,1.433541e-07,0.004069121
8085,0,1,0.6378369083797472,0.99996805,0.9996464,0.64475805
8086,0,1,0.11328005999386775,0.023537837,0.008212019,0.11322889
8087,0,0,0.008018970133264414,5.1744485e-07,7.929875e-06,0.009573392
8088,1,1,0.43624201637062554,0.98432195,0.92719454,0.45119324
8089,0,0,0.15827145102423607,0.9843961,0.9990005,0.16888317
8090,0,0,0.012222100393894916,0.00082656555,0.010260454,0.016747773
8091,0,1,0.005959699591734249,8.199739e-09,2.731882e-09,0.009902925
8092,0,1,0.25195641534620705,0.77252954,0.59932286,0.24475022
8093,0,0,0.0041528196657517735,9.743659e-08,3.2505086e-06,0.0053010797
8094,0,1,0.02546880088906889,1.4333689e-05,5.3921244e-06,0.026292244
8095,0,0,0.0014181490182863384,9.38001e-11,3.8647148e-09,0.0017455276
8096,0,1,0.10836270159733674,0.0034295782,0.00044230383,0.110836685
8097,0,0,0.005075127646737911,3.3798764e-07,9.365519e-06,0.006460823
8098,0,0,0.0036106857636255636,3.5381154e-10,1.3546368e-08,0.0039359587
8099,0,0,0.005004788987894315,1.3011254e-07,5.383863e-06,0.0063379
8100,1,1,0.996090266853116,1.0,1.0,0.9938228
8101,0,1,0.002634761891442736,1.6279834e-09,6.3758496e-09,0.0031035494
8102,1,1,0.5575369486413984,0.998569,0.99542844,0.5661429
8103,1,1,0.800463380956683,0.9860892,0.9512585,0.7829151
8104,1,0,0.3065445403836753,0.96147835,0.99986255,0.31156647
8105,0,1,0.12038253687633634,0.45551682,0.08522409,0.1183258
8106,0,0,0.23530520389297138,0.75790155,0.9923935,0.23880823
8107,0,0,0.0023348695110675622,1.0973923e-09,2.8461332e-07,0.0028655177
8108,1,1,0.4106012523582624,0.9940065,0.9624523,0.41359594
8109,0,1,0.026868866025269923,0.000339504,0.00012781304,0.031239847
8110,0,0,0.010759667730969594,1.3918887e-08,1.8721535e-06,0.011603732
8111,0,0,0.08785350483292706,0.008418095,0.074106984,0.08989975
8112,0,1,0.004170224132135072,2.5849305e-09,4.617337e-10,0.004223353
8113,0,1,0.33139986750683914,0.9796555,0.8282873,0.33969152
8114,0,1,0.29535372417413785,0.43758416,0.19026144,0.3072251
8115,0,0,0.04363990446088663,3.056699e-05,0.0023115715,0.046229765
8116,1,1,0.6889921745229082,0.9999664,0.99979806,0.6964319
8117,1,1,0.28919661528335716,0.9451561,0.7791208,0.29201502
8118,0,0,0.0021125817041249516,9.014584e-10,5.603803e-08,0.002526959
8119,0,1,0.8753959916891262,0.9999999,0.99999964,0.8795044
8120,0,1,0.012738033232091437,1.3200585e-06,1.0490727e-06,0.013087779
8121,0,0,0.01137474156195509,8.0535784e-08,1.5130603e-06,0.011855031
8122,0,0,0.24841873636230385,0.015592193,0.31305307,0.22469561
8123,0,1,0.03970274212981728,4.5142347e-06,9.794916e-07,0.041749734
8124,0,0,0.008753234403142837,4.5924857e-08,1.5433117e-06,0.01004707
8125,0,1,0.030406468825929293,0.0009697371,0.00035851132,0.03714569
8126,0,1,0.012669888226576772,6.048539e-07,6.14349e-07,0.012628957
8127,0,1,0.016929085571540357,4.0095303e-05,3.084541e-05,0.019713575
8128,1,1,0.9815814518632215,0.99999917,0.99999774,0.9718313
8129,0,0,0.05564792186953798,1.5851678e-05,0.00041963693,0.058739264
8130,0,1,0.010548043069730987,9.697289e-06,5.4932543e-06,0.012314832
8131,0,0,0.024459905731796287,1.0660712e-05,0.00021032542,0.026624242
8132,0,0,0.007267860915659826,2.183867e-08,3.4930838e-06,0.0077339355
8133,0,0,0.03740168751119649,0.0001373663,0.004717156,0.03946371
8134,0,0,0.059822458734723825,0.0031084158,0.042946026,0.06370719
8135,0,0,0.0053395460305549,2.8863067e-09,5.0725896e-07,0.0059077805
8136,0,0,0.0010354680336728133,4.8926425e-11,3.31358e-10,0.001803314
8137,1,0,0.5240617669859913,0.99739826,0.99999225,0.5310834
8138,0,1,0.1629947968695923,0.023642767,0.019148508,0.16645513
8139,0,1,0.1712734851290152,0.14879578,0.07324607,0.16977304
8140,1,1,0.16283557076047525,0.61222315,0.12094936,0.16791715
8141,0,1,0.19035813335114693,0.16192232,0.074117154,0.1903301
8142,0,1,0.3902927936421067,0.9793658,0.8049928,0.40276036
8143,0,1,0.04269951731832942,0.0011699983,0.00030777243,0.043166205
8144,0,1,0.05182800175104848,0.0035499744,0.002401869,0.056275815
8145,0,0,0.005983299983055426,2.896787e-08,8.514014e-07,0.0063355346
8146,0,1,0.3306051119826957,0.9819292,0.85927105,0.33517203
8147,1,1,0.6619357805237276,0.9996263,0.99932027,0.6648876
8148,0,0,0.021624839460319376,2.9006324e-06,9.018643e-05,0.023189567
8149,0,1,0.02689747860990421,4.886247e-06,7.86202e-07,0.026441157
8150,0,0,0.0034854355628041096,9.134707e-09,1.0956301e-07,0.0060942513
8151,0,0,0.0025595136795468825,2.8947917e-09,5.8587506e-07,0.003169819
8152,0,1,0.5801498664850692,0.98992485,0.98614126,0.57767135
8153,1,1,0.05285359301062547,0.01648104,0.006104606,0.06205628
8154,1,1,0.5280020208430816,0.9962894,0.98845714,0.52436906
8155,1,0,0.7406331069796988,0.9999957,1.0,0.73582447
8156,1,1,0.23151245490948655,0.112763956,0.14249867,0.22095288
8157,0,0,0.427893452872853,0.9963955,0.9995865,0.42463186
8158,1,1,0.9464677826289429,1.0,1.0,0.9471842
8159,1,1,0.0268420053738054,1.2533235e-05,5.4820753e-06,0.028551556
8160,0,0,0.015425707027807576,0.0009766527,0.0008617826,0.012535155
8161,0,1,0.6223539457301842,0.9997926,0.9994481,0.6308198
8162,0,1,0.004456484376402535,9.568942e-10,5.6376215e-10,0.004442015
8163,0,1,0.025962842497793327,5.8804584e-05,1.5238953e-05,0.02712829
8164,0,1,0.5390606908148905,0.99928975,0.995742,0.5421199
8165,0,0,0.004170861217823749,1.7076127e-09,4.827087e-08,0.004472896
8166,0,1,0.0502304596687966,0.0032716761,0.001798476,0.05182665
8167,0,1,0.2313330204698278,0.97251576,0.91284823,0.23629437
8168,0,1,0.2629087558452478,0.9136319,0.65196735,0.26345587
8169,0,1,0.01881312690915358,5.0421745e-06,2.3196355e-06,0.018890604
8170,0,1,0.006367551358037068,1.810512e-06,7.3405056e-07,0.007985992
8171,0,1,0.019275316498966348,1.5864553e-06,4.6768966e-07,0.019691989
8172,1,1,0.9984548671540061,1.0,1.0,0.99761367
8173,0,1,0.008669593442577981,1.6036366e-06,3.6766284e-07,0.014459488
8174,0,1,0.23484106398472793,0.54547304,0.24124245,0.24070434
8175,1,1,0.9715131307233961,1.0,0.9999999,0.9656885
8176,1,0,0.6225711772078325,0.99995005,0.9999999,0.6247185
8177,0,1,0.08338169334365128,0.0024829567,0.0006449832,0.08311243
8178,0,1,0.010126093822826683,3.0132073e-06,1.7675061e-06,0.011835083
8179,0,1,0.06881438036763395,0.0019892752,0.00047550202,0.06897822
8180,1,1,0.4656950888119801,0.68335277,0.38942656,0.40196395
8181,1,1,0.9144022032910443,1.0,0.99999976,0.9165431
8182,0,1,0.04046684475682436,0.0005657511,0.0006284449,0.045025576
8183,0,1,0.005508810554343838,8.4145526e-08,1.6355191e-08,0.0063887564
8184,1,1,0.3338661220450367,0.9845604,0.8729818,0.33881205
8185,0,0,0.0050010245092503925,7.2947834e-08,3.7576087e-06,0.00617855
8186,0,0,0.06138936213854559,0.008183621,0.29470244,0.065970406
8187,0,1,0.024383186593975,0.00012170774,6.7187255e-05,0.029453008
8188,0,0,0.05912202182336943,7.580877e-05,0.0023081407,0.055979796
8189,1,0,0.9533701057125473,0.9999999,1.0,0.9416593
8190,0,0,0.4102632968770935,0.99950504,0.99999475,0.4054809
8191,0,1,0.0957951005475666,0.022025937,0.01143943,0.099204175
8192,1,1,0.2786141690187689,0.9144875,0.66459537,0.28524682
8193,1,1,0.3289089442084071,0.9435282,0.73853844,0.33238712
8194,0,1,0.10961491430272931,0.18397681,0.017401608,0.11324451
8195,1,0,0.8531944269037385,0.9999999,1.0,0.8510334
8196,1,1,0.9999999999999953,1.0,1.0,1.0
8197,0,0,0.003462067045464856,9.269682e-08,2.6655123e-06,0.0044622705
8198,1,1,0.8481502428093813,0.99999917,0.99999523,0.84704256
8199,1,1,0.9100711962687595,0.99997926,0.9999628,0.8866325
8200,0,1,0.0020820281902970725,5.201834e-12,1.3161915e-11,0.0031072826
8201,0,0,0.003845586178535951,9.54417e-10,6.203851e-08,0.0042790314
8202,1,1,0.13191621187403646,0.32956466,0.05125845,0.1354148
8203,0,1,0.13489784935229307,0.09586203,0.017367687,0.1361372
8204,0,0,0.07411943853881103,0.0004638198,0.14213303,0.07317258
8205,0,1,0.2711422012175117,0.9318286,0.45123914,0.27161974
8206,1,1,0.5055773588636506,0.999361,0.99462116,0.51671016
8207,0,1,0.005380877805332425,1.3091385e-07,7.9449585e-09,0.008960368
8208,0,1,0.6359707815789957,0.9999399,0.9996213,0.64168936
8209,1,1,0.15294804327290176,0.1588093,0.04320321,0.15211359
8210,0,1,0.0012969788265789226,2.8009556e-11,6.5808158e-12,0.0015101978
8211,1,1,0.3187935805427808,0.9000791,0.53434074,0.3283164
8212,0,1,0.7848769559726909,0.99977946,0.9987987,0.76907355
8213,0,1,0.06844170547489657,0.0711067,0.020541992,0.07713523
8214,0,0,0.05560692190517414,0.0005964201,0.06589417,0.05867676
8215,0,0,0.026010150854998228,1.3226304e-05,0.0008923418,0.027860252
8216,0,1,0.0021376894423511847,2.150331e-10,1.328115e-10,0.0025311075
8217,0,0,0.019394809918538612,1.3192253e-05,0.0002564217,0.020634629
8218,0,0,0.0038489916116682668,8.7602614e-10,1.5363781e-08,0.0041214935
8219,0,1,0.05219402661351542,0.00047892524,0.00010423003,0.05317976
8220,1,1,0.9999999999999922,1.0,1.0,1.0
8221,0,1,0.034165473747926764,0.00022729764,7.460758e-05,0.034458634
8222,0,1,0.025412904930725743,2.5565876e-05,5.6480626e-06,0.026616322
8223,0,1,0.03400553061084439,0.00035197643,0.0002040206,0.03320238
8224,0,1,0.03547176128024833,3.0120154e-05,3.4428405e-05,0.03603711
8225,0,1,0.09412505632435948,0.041225288,0.0050341166,0.09611611
8226,0,1,0.00704498762858871,4.879676e-08,3.8462662e-08,0.008402785
8227,0,1,0.1811434129814451,0.021188717,0.0015630489,0.13515072
8228,0,0,0.01543084984383736,6.260861e-07,1.4890207e-05,0.017096236
8229,1,1,0.9317394835629266,1.0,0.99999976,0.9322712
8230,0,0,0.01684320885913487,0.00024599794,0.0043496983,0.020525077
8231,0,1,0.09726007681652613,0.0011551128,0.00016409624,0.098870724
8232,0,1,0.7345521875559845,0.9999522,0.9997914,0.7383471
8233,0,0,0.014585160996984398,6.1750745e-07,1.3614742e-05,0.015671737
8234,1,1,0.8302352112631097,1.0,0.99999976,0.8281751
8235,0,1,0.03747821759324605,0.00012707054,4.1623207e-05,0.036959007
8236,1,1,0.5452439763480704,0.99945647,0.995814,0.55176115
8237,0,1,0.3514807832469014,0.9684756,0.8151563,0.35770914
8238,0,1,0.04664848013971716,0.00021557027,5.3374744e-05,0.04679378
8239,0,1,0.12249672069798802,0.020373963,0.0007600782,0.13083145
8240,0,1,0.16551022082177141,0.21168561,0.10753124,0.169018
8241,0,0,0.0005005328384312401,5.0353152e-11,1.2011692e-09,0.00065799063
8242,1,1,0.6233746304075726,0.9993695,0.9980971,0.6243143
8243,0,1,0.07050324066750954,0.0014869906,0.0003044327,0.07363474
8244,0,1,0.04677952134113833,0.00041390536,0.00020381216,0.04768551
8245,0,0,0.03373637939346041,2.0703092e-05,0.00044231035,0.03512654
8246,0,1,0.23619152927054074,0.7809583,0.31950235,0.2424123
8247,0,1,0.04908723070376055,0.0012098006,0.00016434428,0.049902458
8248,0,1,0.005476924224408993,9.4525284e-08,5.5639077e-08,0.00655321
8249,0,1,0.16701195126295545,0.35344344,0.02318744,0.17183474
8250,1,1,0.25546919701942694,0.83998805,0.32164288,0.2649125
8251,0,0,0.0026154227299411076,1.6453618e-09,5.7649274e-08,0.0031879295
8252,0,1,0.06591272589718083,0.00039391714,0.000104908286,0.06512768
8253,0,1,0.07526347279797356,0.006757012,0.0011478547,0.076492995
8254,1,1,0.8198372560937018,0.9999994,0.9999919,0.8222616
8255,0,0,0.0007282559050149967,2.896719e-13,7.3871655e-12,0.0007923791
8256,0,1,0.1615671553118745,0.07128105,0.021442749,0.16153093
8257,0,1,0.011164235096489384,1.3226655e-07,2.3038927e-08,0.0114633925
8258,1,1,0.5507182186544525,0.99813485,0.9931526,0.5597213
8259,0,0,0.04423011068656418,0.00044040388,0.009507367,0.04658036
8260,0,0,0.018028784393940088,1.7310862e-07,1.2540252e-05,0.019170415
8261,1,1,0.056801188197947466,0.0018892114,0.0012997679,0.05912603
8262,0,0,0.03176183861484101,5.7140165e-05,0.011041295,0.03570561
8263,0,0,0.041049481402703605,0.00023517596,0.022293024,0.043227874
8264,0,1,0.019494910945636466,2.593009e-06,8.78634e-06,0.020676767
8265,0,1,0.2500376903431107,0.75023717,0.36980566,0.26061085
8266,0,0,0.2290174414650078,0.2046563,0.90268284,0.22865215
8267,1,1,0.14306880759952223,0.830143,0.17896894,0.14735104
8268,0,1,0.0008654280259343605,1.16875745e-11,5.2820207e-11,0.0010162382
8269,1,1,0.5295452491340359,0.99837863,0.989265,0.534051
8270,0,1,0.006200896927512236,2.0150088e-07,4.2729425e-08,0.010640939
8271,0,1,0.13453847724995044,0.00034823825,9.941763e-05,0.14177436
8272,0,1,0.025440749970187755,1.7891778e-05,4.466687e-06,0.025851479
8273,0,1,0.005938974484435568,1.4160044e-08,4.4132893e-09,0.0060374155
8274,0,1,0.39691846974338285,0.9864032,0.91196275,0.41502908
8275,0,0,0.017215514622527447,1.0120799e-06,1.3249179e-05,0.017818522
8276,0,1,0.022969445281938776,4.2450733e-06,2.1595336e-06,0.024030898
8277,1,1,0.7317950770490145,0.9999981,0.99998105,0.73635644
8278,1,1,0.4427958404390825,0.945622,0.79340655,0.45056605
8279,0,0,0.06524390314748847,0.00056858757,0.015575888,0.06979466
8280,0,1,0.1429121027148329,0.0016051251,0.0018388885,0.1387551
8281,0,1,0.11922019035818743,0.00980215,0.00058724155,0.121892124
8282,0,1,0.16780889237444305,0.12025451,0.018241031,0.17265196
8283,0,0,0.05485447033504962,0.00055458565,0.024504744,0.0589401
8284,0,1,0.36860088209916936,0.9918697,0.924276,0.3731176
8285,0,1,0.34663423120285414,0.7260953,0.3364125,0.33122805
8286,0,0,0.04371791477086929,0.00076141726,0.0061412435,0.045156278
8287,1,1,0.8210580336712098,0.99999917,0.9999944,0.82596564
8288,0,0,0.031801372768278414,1.0013855e-05,0.0050139464,0.03201929
8289,0,0,0.01255754319460863,8.6994174e-07,2.9057133e-05,0.013863531
8290,1,0,0.026657758556027922,2.3613587e-05,0.00043021105,0.028882964
8291,0,1,0.04648084510984905,1.4801622e-05,3.6253397e-05,0.04233591
8292,1,0,0.6992546203363423,0.999985,1.0,0.6932584
8293,0,0,0.010407947341976247,3.3670425e-08,5.742748e-07,0.010917059
8294,0,0,0.034858691577259585,0.0044821845,0.0712352,0.041229613
8295,0,1,0.033409031823379884,0.00015253195,6.294686e-05,0.04086756
8296,0,0,0.05445588065257117,0.00028423028,0.029992193,0.056399584
8297,1,1,0.9599472763147764,1.0,0.9999999,0.95060295
8298,1,1,0.44704082026190756,0.9993363,0.9940918,0.45136064
8299,0,1,0.12337899219564004,0.21009293,0.04391664,0.12417936
8300,0,0,0.005980422483248462,4.1993573e-10,2.3744162e-08,0.0062936945
8301,0,1,0.09430992492825097,0.028622003,0.0025126345,0.09888483
8302,0,0,0.32223552369611574,0.9615631,0.99319917,0.3302137
8303,0,1,0.0027035475119251734,4.8494614e-10,1.1524106e-10,0.003333119
8304,1,1,0.30447106407609104,0.9626895,0.7252473,0.30992782
8305,1,1,0.9921306700794673,1.0,1.0,0.9878292
8306,0,1,0.562419113243947,0.9978999,0.9913488,0.57174975
8307,0,0,0.0038879052749772273,7.298847e-08,2.4651213e-06,0.004982464
8308,0,0,0.01968465174023059,1.4854359e-06,8.24036e-05,0.020582903
8309,1,1,0.22898386430465567,0.7408145,0.20810626,0.23940152
8310,0,0,0.0004552924458383377,9.98225e-14,4.4830723e-12,0.00056014454
8311,0,1,0.004437039407852875,1.2878341e-08,1.4408038e-09,0.0044643516
8312,1,0,0.2265948274625178,0.20786858,0.9976555,0.22644852
8313,0,1,0.0022779236360778595,1.1117133e-10,6.8292004e-11,0.0026868545
8314,0,1,0.08568440253267799,0.01066391,0.0035879451,0.0841023
8315,1,1,0.30827421060028803,0.9767527,0.8165947,0.31502745
8316,0,1,0.04227141064383915,0.0076416894,0.0030050143,0.049203914
8317,0,0,0.0025660055236512774,4.325717e-09,1.6167304e-07,0.0032219146
8318,0,0,0.04239688638323353,0.00022951917,0.0055000805,0.046970736
8319,0,1,0.3393156966960928,0.9967259,0.9688024,0.34415963
8320,0,1,0.007885633725899541,1.0392246e-06,4.1344384e-07,0.009420257
8321,0,1,0.03193990747047949,0.0005215128,0.00023064787,0.03304028
8322,0,1,0.07712521204525523,0.004030414,0.00088200864,0.07604902
8323,0,1,0.2033895059012396,0.22085826,0.019436222,0.2050834
8324,0,1,0.7863465824810851,0.99999475,0.9999871,0.787275
8325,0,0,0.0011856508574496734,3.6716956e-11,1.6845538e-09,0.0015043004
8326,0,1,0.16237644917181315,0.0812426,0.024324758,0.17088954
8327,0,1,0.001818347513583007,5.549149e-10,1.233092e-10,0.0020972725
8328,0,0,0.0011966591683412002,9.851521e-12,3.5333345e-10,0.0014764899
8329,0,1,0.0034348567520682445,2.5361377e-09,5.2081833e-10,0.0039925626
8330,0,1,0.04428523251954864,7.087976e-05,0.00017507856,0.044761233
8331,0,0,0.01667371545720799,1.0840043e-07,8.85738e-06,0.016868653
8332,1,1,0.9999999999999951,1.0,1.0,1.0
8333,0,0,0.0030924300954015063,6.387011e-09,2.0668321e-07,0.0037784008
8334,1,1,0.49604983396202157,0.995887,0.9712949,0.49790016
8335,1,1,0.9999999999999729,1.0,1.0,1.0
8336,0,1,0.006785880834350573,2.2174441e-07,1.3464535e-07,0.008132148
8337,0,0,0.009964673869802347,4.6402144e-09,5.8069406e-07,0.010503959
8338,1,1,0.4000097983416389,0.9968356,0.96359146,0.40506575
8339,0,1,0.5196890967345652,0.9996191,0.9969408,0.52663803
8340,0,0,0.021018326055848826,2.7108697e-05,0.00093478843,0.024120629
8341,1,1,0.95767943850105,0.99990845,0.99971837,0.9370287
8342,0,1,0.21539448751250378,0.38893178,0.14990577,0.21654807
8343,1,1,0.5652312513283458,0.99982595,0.99799156,0.56802905
8344,0,0,0.1784896023953044,0.7826183,0.9864834,0.18782936
8345,0,0,0.0013714734045468086,1.7053001e-11,3.6990147e-09,0.001687145
8346,0,0,0.002343673765932317,3.4860603e-10,1.0360915e-08,0.002877571
8347,0,1,0.23340362798906825,0.5612987,0.1995655,0.23530325
8348,1,1,0.2800902822287162,0.7360544,0.31654632,0.2889485
8349,0,0,0.0024409149325426006,5.4938252e-11,2.1919421e-08,0.0025234877
8350,1,1,0.41612632746988765,0.982388,0.92498577,0.41634378
8351,1,1,0.6239072982638028,0.9992845,0.9959151,0.6270887
8352,0,1,0.33026845269151905,0.9399165,0.881994,0.33529454
8353,0,1,0.06576302473723183,0.00027179962,0.00016505034,0.067173555
8354,0,1,0.10166140108912437,0.0013383039,0.00040833344,0.09824751
8355,0,1,0.020892607707324488,7.72304e-08,8.372332e-09,0.02262471
8356,0,0,0.024483622778290873,1.6531329e-05,0.00025060648,0.02708082
8357,1,1,0.6519039489322588,0.9999317,0.9995455,0.66260874
8358,0,1,0.28252354042959205,0.4470307,0.17960423,0.29288337
8359,0,1,0.119896881357912,0.004075832,0.0010980134,0.118921734
8360,1,1,0.20825943432570093,0.38803822,0.382509,0.21752398
8361,0,1,0.09695247270073096,0.0032711206,0.000570232,0.10209361
8362,0,1,0.035330682108547194,2.8300148e-05,8.224495e-06,0.03547459
8363,0,0,0.019170919537092736,2.4994201e-06,5.7639114e-05,0.02109673
8364,0,1,0.004257041450157891,4.1357232e-08,8.587534e-09,0.004981915
8365,1,0,0.37801301729733827,0.99806255,0.99999666,0.37883675
8366,1,1,0.4836051271301898,0.9990029,0.9874794,0.49105847
8367,0,1,0.0052070802472710355,7.688502e-08,5.134685e-08,0.006238161
8368,0,1,0.21702321266993915,0.7057574,0.12541753,0.22330686
8369,1,1,0.4326313605805736,0.9916854,0.8055735,0.44038868
8370,1,1,0.7522278517904547,0.9999981,0.9999832,0.7613449
8371,0,1,0.38744846240410746,0.99075484,0.9220683,0.39528137
8372,0,0,0.0002557810316278017,3.3925973e-15,1.5441035e-13,0.00031536774
8373,0,0,0.033965745958852045,8.590705e-05,0.0013422999,0.037531856
8374,0,0,0.003057469765973795,4.173273e-09,1.216663e-07,0.0033750723
8375,0,1,0.041220546965417576,5.504212e-05,2.0801848e-05,0.041348726
8376,1,1,0.33373199043994506,0.97155553,0.8000101,0.33967516
8377,0,1,0.5821735822598961,0.99998176,0.9996476,0.5850217
8378,0,0,0.010265142477073047,3.6076997e-07,4.738954e-06,0.011261305
8379,0,1,0.2411158910105148,0.7342507,0.42654255,0.24526057
8380,0,0,0.07455942435193053,0.008856458,0.06100793,0.07829189
8381,0,1,0.000704407926910891,3.908742e-13,9.0660864e-14,0.0008271738
8382,0,0,0.0171484711032302,2.839754e-07,4.5230813e-06,0.017461127
8383,0,1,0.008226656250386214,6.0078627e-09,2.7814209e-09,0.008361882
8384,0,1,0.022236351980394566,1.0623425e-05,1.2651667e-05,0.020409923
8385,0,0,0.008870503805124382,1.0023132e-06,8.00412e-06,0.009638076
8386,0,1,0.010352875830385307,1.9144895e-06,5.0257665e-07,0.016851248
8387,0,0,0.0011504785220210916,6.976241e-12,2.7042538e-10,0.001416518
8388,1,0,0.09801997047438821,0.0784086,0.5785833,0.10519195
8389,0,0,0.03900888377159214,0.0031720225,0.023356164,0.043456383
8390,1,1,0.14601209624445696,0.0943966,0.0063650934,0.14820082
8391,0,0,0.006963952264900031,1.8556557e-08,2.390439e-07,0.0072447057
8392,0,1,0.48673721452164953,0.999776,0.99605775,0.4934143
8393,0,1,0.34514888289844275,0.9722298,0.8067349,0.35085353
8394,0,1,0.3998580940603156,0.99527395,0.9873787,0.39405596
8395,0,0,0.028969347920830106,4.4785834e-06,0.00024077529,0.031718627
8396,0,0,0.003714078530689484,1.8306851e-08,1.1882923e-06,0.0045892955
8397,1,1,0.4346275125650592,0.99926394,0.9859089,0.44016296
8398,0,1,0.007242099048805692,7.2666616e-08,1.448553e-08,0.007487909
8399,0,0,0.002585737578308575,8.577336e-09,7.401481e-08,0.003157398
8400,0,1,0.20799191770600484,0.3673187,0.054983135,0.21285152
8401,0,1,0.06748075896114997,0.008959175,0.002474754,0.07197454
8402,1,1,0.9883068413470741,1.0,1.0,0.98506004
8403,0,1,0.8110541818626198,0.99999905,0.99999654,0.81598914
8404,0,1,0.05325667095246397,0.00078883435,0.00012111405,0.055730272
8405,0,1,0.30407801680798485,0.9946315,0.9623414,0.30508092
8406,0,1,0.020607571226394117,4.3228745e-05,2.98361e-05,0.021317562
8407,0,1,0.4583398733359969,0.9998518,0.997689,0.4622662
8408,0,1,0.03381492865391123,0.00017633676,5.395621e-05,0.034068447
8409,1,0,0.04531017121288288,0.0006547178,0.011575365,0.046951786
8410,0,0,0.002613225673149577,2.3834128e-09,5.39578e-07,0.003208924
8411,1,1,0.5875481772810177,0.99930775,0.99699557,0.59630805
8412,1,1,0.16721547069101764,0.066546634,0.015536251,0.17147467
8413,0,1,0.20485809489028914,0.3678784,0.106996134,0.20794837
8414,1,1,0.3417561580586762,0.9924183,0.92066723,0.3494088
8415,0,1,0.018940427033041725,3.0532271e-06,1.6979309e-06,0.01964447
8416,1,1,0.89994919359484,0.99999523,0.9999696,0.88959146
8417,0,1,0.08310471380831055,0.0032468925,0.0010491497,0.08388584
8418,0,1,0.0327785042314005,0.00067691936,0.0004861066,0.03852085
8419,0,1,0.0035016367549519697,4.8222724e-09,2.7816007e-09,0.004096393
8420,0,1,0.005113004111331847,2.1952992e-10,7.9639455e-11,0.005389051
8421,0,1,0.1693211363833369,0.2254558,0.0623806,0.1726634
8422,0,0,0.16482697255004314,0.8201101,0.9826644,0.17493616
8423,0,1,0.2538567175391853,0.6406583,0.31361973,0.2532201
8424,1,1,0.7332508576481858,0.9999846,0.99989307,0.7407134
8425,0,0,0.008866397062584045,4.5620148e-09,1.2249058e-07,0.009606857
8426,0,1,0.24614543279408488,0.7529433,0.46994096,0.24803957
8427,0,1,0.01166247091212315,7.350707e-08,1.3232874e-07,0.010644242
8428,0,1,0.07545615033679658,0.07589295,0.035072368,0.088525936
8429,0,1,0.19123664471694693,0.3454858,0.07371336,0.19446078
8430,0,0,0.17108002288050983,0.48803887,0.93247193,0.17540133
8431,0,1,0.1624577634392017,0.7692506,0.23962596,0.1654363
8432,0,1,0.29726990108157375,0.9396129,0.49011514,0.3125807
8433,1,1,0.9998604315202216,1.0,1.0,0.99968046
8434,0,0,0.0028839157841638683,1.0895005e-09,3.1412675e-08,0.0032073562
8435,1,1,0.5600304764789187,0.999998,0.9999037,0.585231
8436,0,1,0.00766488658292825,7.53583e-07,4.79766e-07,0.0089235585
8437,0,0,0.13365927838703867,0.14413373,0.6200224,0.14631076
8438,0,1,0.0026676559578588197,6.914249e-11,1.9712158e-10,0.0031692944
8439,1,1,0.17125923279402125,0.11796396,0.01461872,0.17626198
8440,0,1,0.12700368678295187,0.0012428305,0.0003720249,0.119792655
8441,1,1,0.7065224707033955,0.99988866,0.99927443,0.7095288
8442,0,1,0.7358087652784957,0.99998736,0.99991775,0.74336374
8443,1,1,0.3680235591525056,0.94591457,0.72188866,0.3710756
8444,0,0,0.022140642787271292,1.9035417e-05,0.00034895088,0.023841208
8445,0,0,0.07745089998071689,0.013128634,0.31338957,0.08244188
8446,0,1,0.27823041862232256,0.83574575,0.40413675,0.28666413
8447,0,1,0.07980068905368566,0.023001077,0.0022531631,0.081406295
8448,0,1,0.004723674314276432,1.85153e-08,7.709545e-08,0.0055394475
8449,0,0,0.012796735758655055,1.1595438e-05,0.00021471221,0.015888562
8450,0,1,0.7766073416846223,0.9999914,0.99995613,0.775875
8451,1,1,0.20569419212825582,0.95774084,0.6330342,0.2040205
8452,0,1,0.026130096416080807,7.1291564e-05,1.1082593e-05,0.025906974
8453,0,1,0.14110278681316038,0.3576577,0.07689694,0.14307791
8454,0,0,0.04658141477059432,0.0004674697,0.022846492,0.048953183
8455,0,1,0.020876636430301874,3.2130802e-06,1.606643e-06,0.021478798
8456,1,1,0.833357146628299,0.9999999,0.9999963,0.8354144
8457,0,1,0.08255170919765033,0.0015785273,0.0001385649,0.08448871
8458,0,0,0.0094623702151881,3.1084187e-07,9.667898e-06,0.0105084255
8459,0,0,0.020671839079355575,4.6160176e-06,0.0001404177,0.021899277
8460,1,1,0.28916641868467996,0.9555062,0.6781389,0.29608628
8461,1,1,0.3738962605697523,0.99725455,0.9892074,0.36950985
8462,1,1,0.9178659511014645,1.0,1.0,0.91907835
8463,0,0,0.06793342288396143,0.0021152103,0.029328503,0.07177238
8464,0,0,0.1292645680499933,0.018873999,0.923005,0.12809831
8465,0,0,0.07620897113559329,0.0031020672,0.057763793,0.08100507
8466,0,1,0.025424353523462055,1.702806e-05,8.44897e-06,0.025373353
8467,0,0,0.061446141812097094,0.0001955803,0.007090575,0.06498649
8468,0,1,0.49678377365614956,0.99664223,0.9792056,0.49891457
8469,0,1,0.015019216910394192,5.189938e-05,1.8185143e-05,0.016342059
8470,1,1,0.3864811174640099,0.98552585,0.9532605,0.38796467
8471,0,1,0.009625418817455999,2.5248748e-06,5.8961706e-07,0.016208034
8472,1,1,0.9301106950778948,1.0,0.9999999,0.9328382
8473,0,0,0.004081819311660296,3.1920347e-10,2.8901534e-08,0.004251437
8474,0,1,0.011951675535451433,1.7763879e-06,8.8120333e-07,0.012548341
8475,0,0,0.0022639861371769278,6.2436e-10,1.3968199e-07,0.0027690886
8476,0,0,0.012483968354290073,8.9013963e-07,2.4010636e-05,0.013529144
8477,0,1,0.009423759757661918,1.5782642e-06,4.1678663e-07,0.0151178865
8478,1,1,0.23240783886991614,0.46573856,0.16443187,0.23271404
8479,1,1,0.9718699519021927,1.0,0.9999999,0.96602994
8480,0,1,0.036200455630550944,0.00031576699,5.055723e-05,0.03626415
8481,1,1,0.410381469278726,0.99708015,0.9635725,0.41754216
8482,0,0,0.0008142008079044356,1.4119669e-12,2.3462305e-11,0.0014467314
8483,0,1,0.20403275099681054,0.05364248,0.004550222,0.21580988
8484,0,1,0.20850254134819426,0.83107334,0.6995532,0.21185249
8485,0,1,0.5845880982070655,0.99994326,0.9998659,0.5776386
8486,0,1,0.0025506215447693445,1.1508186e-09,6.873268e-10,0.0029844078
8487,0,1,0.0802554935190254,4.3041993e-05,1.5076505e-05,0.04187036
8488,0,0,0.03606390859894402,0.0001457198,0.0063192076,0.037601784
8489,0,1,0.0013370280415113953,7.460783e-12,5.4861575e-12,0.0015589643
8490,0,0,0.02018004593286813,9.753761e-07,3.4193996e-05,0.021885417
8491,0,0,0.011223073768825286,8.18726e-06,0.00024580266,0.014201422
8492,1,1,0.19300544579882853,0.7341105,0.47593173,0.19492719
8493,0,0,0.018585627104100853,7.2803305e-06,9.354649e-05,0.020255154
8494,0,1,0.1801028826523738,0.21491438,0.042637587,0.18211892
8495,0,0,0.003059583110499455,6.49062e-10,1.605137e-08,0.0033339239
8496,0,1,0.45181287519691243,0.9931739,0.9403725,0.46467474
8497,0,1,0.7561301152208053,0.99996066,0.9998188,0.7534265
8498,0,0,0.08868081503376485,0.06839557,0.62521255,0.091992885
8499,0,1,0.019085770582037222,4.6350565e-06,1.1757725e-05,0.021240728
8500,0,0,0.003994344401461763,7.6885825e-10,4.4776467e-08,0.004209643
8501,0,0,0.07758997840413703,0.48136052,0.91923755,0.0822076
8502,0,1,0.15855885007880877,0.101225734,0.018373586,0.16573071
8503,0,1,0.21287125860450803,0.5316843,0.19534639,0.2169506
8504,1,1,0.6161216944633433,0.99994385,0.99965274,0.61362773
8505,0,1,0.5855671097997127,0.9999726,0.99964404,0.5905939
8506,0,1,0.1885561199045719,0.24089086,0.09377359,0.19253394
8507,0,1,0.13710930652082817,0.1061694,0.01978128,0.14033757
8508,1,1,0.9999999999999893,1.0,1.0,1.0
8509,0,1,0.5150592289917987,0.993113,0.97164196,0.51226735
8510,0,0,0.0016774415027860608,2.3394706e-10,8.683377e-09,0.002053769
8511,0,0,0.004937600794893888,3.6023085e-10,4.7239546e-08,0.0048347474
8512,1,1,0.17952903077894913,0.34299892,0.13028999,0.1835307
8513,0,0,0.5302404207258422,0.9994993,0.9999989,0.53391314
8514,0,0,0.0020606176676026574,7.2075106e-09,2.3847468e-07,0.0028239577
8515,0,1,0.02175196895503919,5.6855793e-06,1.3846402e-05,0.024267375
8516,0,0,0.5742707852161345,0.9991843,0.999997,0.5755559
8517,1,0,0.9044839429090196,0.99998164,1.0,0.87815106
8518,1,1,0.3676649920154774,0.9944775,0.92921096,0.37397122
8519,0,0,0.10282622133966421,0.040820558,0.26685396,0.10547401
8520,1,1,0.5595317227551739,0.9971502,0.9694601,0.55028903
8521,1,0,0.11852002335803963,0.023118159,0.8983815,0.11686725
8522,0,0,0.4787530158260784,0.99992514,0.99999976,0.4915657
8523,0,1,0.2686918315351518,0.81164896,0.42139393,0.28208047
8524,0,1,0.09358901264844359,0.00024336694,2.1187068e-05,0.100497864
8525,0,1,0.025711571484162015,5.299726e-06,2.226249e-06,0.025536027
8526,0,0,0.0011341643079275062,1.2627434e-10,2.3841993e-09,0.0020110225
8527,0,1,0.014092333474512636,3.87683e-09,1.0844775e-08,0.014538407
8528,0,0,0.0025938664464988472,1.5751885e-10,4.3924966e-09,0.0028343915
8529,0,1,0.2705745640105848,0.8350275,0.53431857,0.27048048
8530,1,1,0.29488075414999165,0.9257806,0.80416095,0.29123235
8531,0,0,0.031170035183005686,6.626425e-06,0.00018861913,0.03293046
8532,0,1,0.10108861331308662,0.015521483,0.008358102,0.10504272
8533,1,1,0.1329444914051281,0.001052382,0.00018794091,0.14143397
8534,1,0,0.48711188771918373,0.99256134,0.9999646,0.4834275
8535,0,1,0.005274669115906553,7.601494e-08,4.603738e-08,0.0063168844
8536,0,0,0.036832431092444294,1.1930163e-05,0.001362893,0.03696859
8537,0,1,0.03200079423748625,7.5204553e-06,2.1954875e-06,0.032242138
8538,0,1,0.11255323856514755,0.058327656,0.018575508,0.11260621
8539,0,1,0.010803097682414851,2.880471e-07,6.4454366e-07,0.011057218
8540,0,1,0.3432409941724578,0.97882515,0.8627558,0.3485653
8541,0,1,0.01013657985545995,7.4363027e-07,3.4831007e-07,0.012007023
8542,0,1,0.4010644031509582,0.98322463,0.9381227,0.40032452
8543,1,1,0.5622487304756387,0.9720945,0.8869127,0.53010416
8544,0,0,0.1176258299047609,0.091559395,0.40695193,0.12081502
8545,0,0,0.003480712441906364,9.558969e-09,3.4634186e-07,0.0044363127
8546,0,0,0.10920829484940185,0.11609936,0.6321353,0.11501085
8547,0,1,0.28325497583358994,0.94453883,0.779137,0.2784484
8548,0,0,0.02394002203089851,5.3336366e-06,0.0001342636,0.02626742
8549,0,0,0.0073009363553865015,1.8134546e-08,2.343306e-06,0.007536987
8550,0,1,0.04667445011000922,0.00021979319,3.4634617e-05,0.045856696
8551,0,1,0.03889200873104022,6.398594e-05,3.4673878e-05,0.038315717
8552,1,0,0.2985776817334113,0.9502369,0.9999136,0.29461163
8553,1,0,0.01922085179813679,2.3751265e-05,0.0010489688,0.02069163
8554,0,1,0.22671662823094937,0.6275417,0.21660267,0.23096271
8555,0,1,0.02497015762554981,2.6069634e-05,2.3524594e-06,0.02586375
8556,0,0,0.04843059724383268,0.00059957674,0.011224814,0.05244435
8557,0,1,0.3376978108831861,0.98752785,0.86742467,0.34407032
8558,0,1,0.02985925945846841,3.942593e-05,2.9167713e-05,0.03275494
8559,1,1,0.9722758634867761,1.0,0.9999999,0.96633756
8560,0,1,0.003405258780340716,5.9703718e-09,3.5541818e-09,0.003963034
8561,1,1,0.8340087774925156,0.99999774,0.99997675,0.8394212
8562,0,1,0.44025083076260746,0.9988366,0.99140805,0.44216502
8563,1,1,0.6352753199522388,0.9985549,0.99805176,0.63473374
8564,0,1,0.22410264670761465,0.30964917,0.07983249,0.22974724
8565,1,1,0.994641141721636,1.0,1.0,0.9917453
8566,0,0,0.017896469009189203,4.1520952e-06,0.00010420518,0.018793948
8567,0,0,0.006034440168694195,1.9233413e-08,5.143134e-07,0.0066046906
8568,1,1,0.8007517543485678,0.9999993,0.99999046,0.80888414
8569,0,1,0.01416505967698748,2.7817681e-05,2.0527375e-05,0.017744618
8570,0,1,0.2792689021093704,0.95081985,0.6900824,0.28363344
8571,0,1,0.10592581410423771,0.002186833,0.003686497,0.10529943
8572,0,0,0.1036184626786399,0.019243995,0.487163,0.10687474
8573,1,0,0.03270986316283158,0.00077522994,0.013229793,0.036758736
8574,0,0,0.0005872681341797945,1.2505176e-13,5.038339e-12,0.00072574295
8575,0,1,0.039320630868599174,0.00029388483,0.00015107852,0.04149896
8576,0,1,0.34300901822294844,0.9304121,0.69810563,0.34771842
8577,1,0,0.7894965819911479,0.98997575,0.99969345,0.744101
8578,1,1,0.44519160358508125,0.9992876,0.9870963,0.44345745
8579,0,0,0.0004337437975912251,1.00005826e-13,4.1552686e-12,0.0005380851
8580,1,1,0.9999999999999938,1.0,1.0,1.0
8581,0,1,0.0019471245398511576,4.645435e-11,1.0191867e-11,0.002277488
8582,1,1,0.8057118785507156,0.9999987,0.99999285,0.80821383
8583,0,0,0.002805590900739409,2.818342e-10,1.1161725e-07,0.0031083953
8584,1,1,0.48257827972397077,0.9967449,0.9727567,0.48822168
8585,0,1,0.50253742392575,0.99985397,0.99906296,0.5110205
8586,0,1,0.016129993012402588,5.9721333e-07,3.0987965e-07,0.017127873
8587,0,0,0.9212757928165098,1.0,1.0,0.918504
8588,1,1,0.18906343652424012,0.099696316,0.026210196,0.19415152
8589,0,1,0.09297192419065795,0.016878413,0.0048916177,0.09428211
8590,0,0,0.0016107818661599885,9.628278e-10,2.1281693e-08,0.002017623
8591,0,1,0.6109769393120005,0.9999212,0.99927527,0.6172535
8592,0,0,0.08961371390023141,0.0007274955,0.0034959998,0.07073299
8593,0,1,0.10434808199056497,0.00011336553,2.4384253e-05,0.11094915
8594,0,1,0.00099295757486322,2.2885199e-12,1.6364645e-12,0.0011621796
8595,1,1,0.18086024101965156,0.9061717,0.4212378,0.18487938
8596,0,0,0.0036439556169655875,2.055652e-10,8.112901e-09,0.0039255074
8597,1,1,0.9986746273726655,1.0,1.0,0.9979279
8598,0,1,0.11044386428931853,0.07751189,0.015040298,0.11238413
8599,0,1,0.7655336887162684,0.9999995,0.99998415,0.76968986
8600,0,1,0.33020692899132886,0.92343986,0.7014967,0.33023965
8601,0,1,0.44013684457804686,0.9025355,0.85914654,0.44439697
8602,0,1,0.14874630118412935,0.28170684,0.1521463,0.1529128
8603,0,0,0.140297708762318,0.09092385,0.6804688,0.14574258
8604,1,0,0.9925455645155663,1.0,1.0,0.9882931
8605,1,1,0.15625921285570765,0.35868347,0.05866798,0.1594297
8606,0,0,0.0008488555798009504,9.556507e-13,3.69235e-11,0.0010522357
8607,0,1,0.07154038199108964,0.003636835,0.0010059016,0.070133306
8608,0,1,0.34907562744284576,0.95873344,0.6996663,0.35159883
8609,0,1,0.0003939093950890355,2.0668105e-13,6.912669e-14,0.0006633015
8610,0,0,0.08780599114458809,0.0077482676,0.1552204,0.09042184
8611,1,1,0.20669168042892333,0.09681146,0.0073031755,0.2192863
8612,0,1,0.07594246508550094,0.00029884293,0.00030515218,0.076684125
8613,0,0,0.011079723719005658,2.1532787e-07,6.573679e-06,0.011672869
8614,1,0,0.11730410736786553,0.115764976,0.5457936,0.120490186
8615,0,0,0.034198627712496626,0.00033500788,0.006049205,0.03735272
8616,0,0,0.004116187198876039,1.2992716e-09,2.895163e-08,0.004418708
8617,1,1,0.9507953150951682,0.9999994,0.99999726,0.9403789
8618,1,1,0.6867099721210144,0.99999726,0.9999409,0.69135267
8619,1,0,0.6535669631909764,0.9999411,0.9999999,0.65495586
8620,0,0,0.0025284529609866098,6.512765e-11,1.7165864e-09,0.0027786144
8621,0,1,0.23031710173906456,0.3854039,0.100695156,0.23653059
8622,0,1,0.3783622821042685,0.9803714,0.92802835,0.38809305
8623,0,1,0.1350905072503967,0.029742213,0.02781314,0.1387238
8624,0,0,0.0005054200347555515,4.9856307e-11,5.1185726e-11,0.00041034125
8625,0,1,0.0010326121332493614,1.2794832e-11,5.0069483e-11,0.0012282389
8626,0,1,0.11104579224487619,0.08852605,0.013146066,0.117941484
8627,0,0,0.014366863776715652,1.6853926e-07,5.143868e-06,0.015481175
8628,0,1,0.05838998770509043,0.0015836867,0.00030423424,0.05810949
8629,0,0,0.12773408565914973,0.14131127,0.62784255,0.1359212
8630,1,0,0.565633065762207,0.9999534,0.99999976,0.56173587
8631,0,1,0.18112623199785985,0.17783634,0.046205908,0.18705833
8632,1,1,0.8306363521515073,0.9999974,0.9999765,0.83386755
8633,0,1,0.010535095309275516,4.603796e-06,2.217756e-06,0.012237897
8634,0,1,0.017115376401164763,2.3173623e-06,9.26238e-07,0.017774012
8635,0,1,0.331588866963988,0.5528408,0.46625355,0.32466722
8636,0,0,0.04367480189996987,0.00022800178,0.0069585056,0.047161546
8637,0,1,0.0329954333907179,8.617962e-05,3.328821e-05,0.033543378
8638,0,0,0.018953662132312938,7.6420465e-06,0.00012399281,0.021069095
8639,0,0,0.008803663416004527,1.6907889e-07,4.081631e-06,0.009560086
8640,0,0,0.02120261269277223,3.5816536e-06,9.344958e-05,0.022426978
8641,0,1,0.035578430556659976,0.00010901203,4.568781e-05,0.03717042
8642,0,0,0.0009472692939770402,8.1624055e-11,7.0031008e-09,0.0017933026
8643,0,1,0.4181320217046438,0.99771476,0.97276825,0.42663106
8644,0,1,0.4788544557428651,0.992938,0.96755636,0.48602417
8645,1,1,0.29221285230411315,0.9900435,0.92983514,0.29610297
8646,0,0,0.656402654164543,0.9999964,1.0,0.66162235
8647,0,1,0.26583663775813143,0.7153165,0.27383193,0.2711816
8648,0,1,0.0178371255081172,1.4088851e-05,7.6280085e-06,0.018009624
8649,0,1,0.026649195180635122,5.5604246e-06,1.8372563e-06,0.026605047
8650,0,1,0.09980775708929415,0.0062581813,0.004838326,0.103041016
8651,0,0,0.08517912896555233,0.00605733,0.18254262,0.0830841
8652,1,1,0.6581913491339345,0.9990275,0.9979108,0.657014
8653,0,0,0.005162567889912337,1.0976525e-08,1.5517388e-06,0.005678143
8654,0,0,0.010665799508687212,5.779438e-08,9.724996e-07,0.01131441
8655,0,1,0.0018123617859636448,9.845993e-13,5.621185e-13,0.0022274102
8656,0,1,0.14044911876484245,0.07645956,0.0037315022,0.1434963
8657,0,1,0.004913799873003993,2.3666336e-09,7.753571e-10,0.0050481847
8658,0,1,0.018913721553569858,1.625247e-05,5.5398345e-06,0.01912296
8659,0,1,0.3961256555024266,0.95979214,0.5676255,0.40543407
8660,0,1,0.008975748727614337,3.3805883e-08,5.885629e-09,0.009273681
8661,0,1,0.08554944733512605,0.0029991984,0.0008444275,0.083702154
8662,0,0,0.03312514654345554,0.0001175605,0.002327612,0.035120077
8663,0,1,0.007479322309657666,4.5497168e-07,2.7855106e-07,0.008663716
8664,1,1,0.7028004160131331,0.99996734,0.9998177,0.7119341
8665,0,1,0.05243946729730943,0.006578725,0.004230165,0.060923737
8666,0,1,0.016626738237958818,3.8174198e-07,6.3574424e-07,0.016072525
8667,0,1,0.2670774277261764,0.9036012,0.5894,0.2717379
8668,1,1,0.7026444141049599,0.9999739,0.9998994,0.71092176
8669,0,1,0.22388717155541443,0.42275205,0.20864253,0.22652425
8670,0,1,0.3044396419305199,0.939714,0.45995098,0.31146848
8671,0,0,0.051044459063051204,0.0021115867,0.075525455,0.05646028
8672,0,1,0.03362979974720955,7.3279014e-05,1.6669916e-05,0.03355618
8673,0,1,0.13039814976855454,0.004606027,0.004696388,0.11828977
8674,0,0,0.013201873295076657,8.626027e-06,0.0002542623,0.015759114
8675,1,0,0.9841996543746033,1.0,1.0,0.9774064
8676,0,0,0.005246176779127884,1.7316676e-09,2.2915698e-07,0.005556026
8677,1,1,0.17341838914341468,0.44754925,0.19076188,0.17365648
8678,0,1,0.38818082372699625,0.88372356,0.57632095,0.39185712
8679,0,1,0.2554787531582875,0.9159288,0.6933775,0.25708544
8680,0,1,0.012755358295173675,1.2809102e-05,6.0455277e-06,0.0148614785
8681,0,1,0.11294478218835825,0.019745968,0.002862081,0.11524173
8682,0,0,0.04176085463117147,0.00061345554,0.0061849887,0.045373168
8683,1,0,0.7889147196327919,0.99999976,1.0,0.7851689
8684,1,0,0.9173254990818179,0.9999982,1.0,0.901172
8685,0,1,0.01085182583814654,9.6206314e-08,1.8222686e-08,0.01110684
8686,1,0,0.6925117289922783,0.9999789,0.9999999,0.68860006
8687,0,0,0.035422553722263966,0.0010340391,0.016728735,0.04178164
8688,0,1,0.14239359303152843,0.026347412,0.0065241526,0.14707896
8689,0,1,0.22487550494215192,0.5704292,0.15005541,0.22456744
8690,0,0,0.14409590036831466,0.07847077,0.6420775,0.15382081
8691,0,1,0.18668226774310984,0.021240244,0.026043663,0.19191189
8692,0,1,0.858901529376852,0.9999993,0.9999988,0.8587104
8693,0,1,0.015920409849183192,1.4313157e-07,1.2700856e-07,0.016060187
8694,0,1,0.0027374289911062943,8.733589e-09,5.717248e-09,0.003174134
8695,0,0,0.008705640572998247,3.4097525e-07,3.7715818e-06,0.009800198
8696,0,1,0.010534273056361931,1.985605e-07,1.3524274e-07,0.010316787
8697,0,1,0.382856595470844,0.9973264,0.9649321,0.3902172
8698,1,1,0.3837928994480602,0.38135934,0.091818124,0.30581355
8699,1,1,0.825845731628987,0.9999949,0.9999809,0.83125603
8700,0,1,0.39574366694369933,0.9935787,0.9288496,0.40129596
8701,0,1,0.031278477577111906,0.000119689736,2.9870776e-05,0.032621812
8702,0,1,0.01946485700471027,6.738688e-06,2.1490641e-06,0.02031145
8703,0,0,0.42309950237562927,0.99842703,0.9999933,0.42452547
8704,0,1,0.01832490874218353,0.00013443438,3.6567355e-05,0.029679434
8705,0,0,0.34130365493312903,0.9954329,0.99998415,0.3466526
8706,0,1,0.003558674785325908,5.193276e-09,2.2279467e-08,0.004170571
8707,0,0,0.23971241363669335,0.5083997,0.99876636,0.23700516
8708,0,1,0.00470889632101886,3.917708e-08,8.08801e-09,0.0055015124
8709,0,1,0.012447471909215753,7.9873143e-07,2.7455283e-07,0.01285629
8710,0,0,0.11180325717709588,0.06314875,0.56089526,0.11818339
8711,1,1,0.7840180530023296,0.9999994,0.9999901,0.79007
8712,0,1,0.23273101835278048,0.8589464,0.452646,0.25112265
8713,0,1,0.01546034161900422,2.0043958e-06,2.0262144e-07,0.015085348
8714,0,1,0.49558541384074395,0.99725854,0.98792386,0.50456756
8715,0,1,0.3613689145233634,0.8324386,0.6122101,0.37228453
8716,0,0,0.028976590567026044,0.00071482285,0.005506879,0.03114501
8717,0,0,0.03991160794701476,0.000112840185,0.0020710316,0.04117604
8718,0,0,0.0022780903455522188,1.0316679e-09,2.6382645e-07,0.0028031897
8719,1,1,0.9022529439671121,1.0,0.9999999,0.90593547
8720,0,1,0.2993761910855348,0.91171515,0.6210583,0.3051707
8721,0,0,0.0105384629477375,1.7496617e-06,1.6364294e-05,0.0110814525
8722,0,1,0.028068236247280408,8.296032e-05,1.4896614e-05,0.028845463
8723,0,1,0.060099932123543975,0.0015954314,0.00040476615,0.059331726
8724,0,0,0.03164952442736282,2.0097297e-05,0.00055748114,0.030956894
8725,0,1,0.5817941753052189,0.99982,0.9984444,0.5884555
8726,0,1,0.012722048869137137,1.1939619e-06,5.86707e-07,0.014819662
8727,1,1,0.8226882420841102,0.99999964,0.9999945,0.829078
8728,0,1,0.00665076693573366,6.0223726e-07,1.545543e-07,0.0067825047
8729,0,0,0.8159084079801711,0.99999106,1.0,0.8107102
8730,1,1,0.6577228232589382,0.9994819,0.9985293,0.6561765
8731,0,0,0.0008080617702717188,9.085099e-09,1.6683973e-08,0.0015333828
8732,0,1,0.0015781030393137601,1.08729935e-10,3.71972e-11,0.0018088054
8733,0,1,0.08701095346516262,0.0117983,0.0066664834,0.09028477
8734,0,1,0.0910078833972727,0.0059492164,0.00039715992,0.09089332
8735,0,0,0.001020810162067656,5.128658e-11,1.3683531e-08,0.0012643881
8736,0,1,0.008069209730565439,3.5508467e-07,2.2918408e-07,0.009754631
8737,0,1,0.006688421306516261,2.353904e-07,1.10690976e-07,0.010860485
8738,0,0,0.0006663985599610002,9.3064775e-12,2.994798e-10,0.00088019733
8739,0,1,0.1539701839068445,0.006599037,0.0007101541,0.16371423
8740,0,0,0.01704437730930391,1.3544244e-06,3.198126e-05,0.01854049
8741,1,1,0.5790482840669853,0.9865183,0.95005786,0.5501544
8742,0,1,0.037393923701567244,1.0027013e-06,4.2402885e-07,0.039690837
8743,0,1,0.1445752147441906,0.084389925,0.036853258,0.14226642
8744,0,1,0.011077575262739803,1.3647448e-07,5.10794e-08,0.011273183
8745,1,1,0.6339490185378278,0.99983466,0.9987704,0.6416732
8746,0,0,0.09011995107864866,0.034348417,0.25620782,0.093570076
8747,0,1,0.8221006147573869,0.9998747,0.9995788,0.80557287
8748,0,1,0.19895240988007892,0.37523627,0.10328094,0.20311467
8749,1,1,0.518073364420403,0.9980263,0.9891054,0.5190872
8750,1,1,0.7699851365898577,0.99999535,0.99997544,0.7778897
8751,0,1,0.006696577443638869,7.7886534e-07,3.2475846e-08,0.011231824
8752,0,1,0.20636425268569056,0.34490818,0.10278892,0.2087875
8753,0,1,0.5716771009203223,0.99625087,0.9615579,0.5771557
8754,0,1,0.005405847511469112,9.016948e-08,8.44011e-08,0.006434611
8755,0,1,0.24544872156361938,0.7365784,0.3057863,0.24904658
8756,0,1,0.08116011971058747,0.009125766,0.0012587444,0.07986895
8757,0,1,0.019640551227362853,5.5132864e-06,2.9164792e-06,0.020217847
8758,1,1,0.46648332685763627,0.96502054,0.9549071,0.4623865
8759,0,0,0.09791820192076107,0.00551723,0.091459334,0.09829924
8760,0,0,0.052031446888953226,0.00022886535,0.003908585,0.054088365
8761,0,1,0.04243914143453458,8.755775e-05,2.2488817e-05,0.04377284
8762,0,0,0.007997143423034874,9.4511006e-07,2.0703705e-05,0.009018856
8763,0,1,0.018458127257464936,0.00035169735,0.00013573909,0.022215823
8764,1,0,0.8210626759326833,0.99999964,1.0,0.81684595
8765,0,1,0.01195717000923587,1.5842534e-05,7.324909e-06,0.013881965
8766,0,1,0.017632118476508345,2.0650292e-07,2.8940256e-08,0.018297555
8767,0,1,0.02463292096545943,0.00022365294,4.9841423e-05,0.028056059
8768,1,1,0.6527331468491882,0.99980724,0.9983302,0.63818556
8769,0,0,0.008567077092549983,9.866655e-09,1.5904955e-06,0.009274491
8770,0,0,0.09786028899113074,0.0030339384,0.058298886,0.10311129
8771,1,1,0.8732981107507449,0.9999999,0.99999833,0.8784467
8772,0,1,0.3474764529997191,0.9985751,0.9875994,0.3530898
8773,0,1,0.001059667993432789,4.1938297e-12,3.1911728e-12,0.00124127
8774,0,0,0.004975754544799061,5.096474e-09,9.1437204e-07,0.0053382553
8775,1,1,0.9360107075461571,0.9999989,0.9999951,0.92242724
8776,0,1,0.003350737102275759,4.7789808e-09,1.0606449e-09,0.0038814077
8777,1,1,0.5196391530650566,0.9990335,0.994783,0.52970034
8778,0,0,0.05592296499860253,0.000510398,0.007940672,0.058041025
8779,0,1,0.3847464183992845,0.9917719,0.94942504,0.39202783
8780,0,0,0.015123343471415978,5.6026278e-05,0.0049237814,0.017821392
8781,0,1,0.046884063873790925,0.0006925822,0.00032952384,0.048056826
8782,0,0,0.009791171952812957,1.11172085e-05,0.00016021672,0.011821339
8783,0,1,0.0006110557139905784,1.2915509e-12,3.477369e-13,0.0010210411
8784,1,0,0.22624672898439588,0.5913946,0.976911,0.23211366
8785,0,0,0.027594532892287145,4.633236e-06,0.00022451417,0.02895044
8786,1,1,0.876126892342409,0.9999999,0.99999964,0.87980604
8787,0,1,0.7833043337664767,0.99999154,0.99998343,0.77724457
8788,1,1,0.7316836359744437,0.9999391,0.9996002,0.7320343
8789,0,0,0.08534037953183879,0.009315112,0.086979136,0.08774532
8790,0,1,0.17577659581168953,0.7570328,0.26668566,0.18455741
8791,0,1,0.5679814108316958,0.9998611,0.99828964,0.57313085
8792,0,1,0.2815035130764548,0.9775708,0.90376866,0.28404158
8793,0,1,0.11892569787932468,0.154409,0.08070824,0.13613264
8794,1,1,0.4529794684195619,0.98008186,0.9056842,0.4668278
8795,1,1,0.30010241026975165,0.800897,0.41742226,0.2956843
8796,1,1,0.7124555045321355,0.99995875,0.99960124,0.7161857
8797,0,0,0.003702185307973828,1.5151778e-08,6.5602626e-07,0.0065897494
8798,0,0,0.07699491254132781,0.00022756329,0.0051664393,0.05579976
8799,0,1,0.18340454560941552,0.17162713,0.04078742,0.18632719
8800,0,0,0.007867240964156325,1.6233771e-07,5.8913756e-06,0.009708358
8801,0,0,0.004777327519497723,1.15746886e-07,4.6633936e-06,0.0060801553
8802,1,1,0.9933523063370129,1.0,1.0,0.98993593
8803,0,1,0.2860169126294525,0.8917667,0.5467293,0.2918245
8804,0,1,0.027602283257418765,4.814844e-07,4.6249575e-08,0.029240124
8805,0,0,0.006506008973122482,4.5140908e-07,7.074553e-06,0.0073384237
8806,0,1,0.01521429555547813,1.8918165e-05,1.556744e-05,0.018090889
8807,0,0,0.004980795684217268,3.4051048e-10,7.796239e-09,0.007691443
8808,0,0,0.046530639487401444,5.47523e-05,0.001769544,0.06875361
8809,0,1,0.31722709444840297,0.98001343,0.8094293,0.32418323
8810,1,1,0.6637110027581615,0.9999918,0.99983764,0.6671855
8811,0,0,0.007247839559678173,3.7267592e-10,5.7262732e-09,0.005353715
8812,0,1,0.014796551275258878,1.778301e-05,3.7489538e-06,0.024248801
8813,0,0,0.06556826944588813,0.0019174143,0.039910156,0.068759166
8814,0,1,0.03148442043760748,6.7933695e-05,3.1713997e-05,0.03144987
8815,0,0,0.04637897767849226,0.0018611569,0.09105473,0.05146208
8816,1,1,0.8850314144115635,0.9999089,0.9997915,0.8655377
8817,1,1,0.7698093538050447,0.99999046,0.9999622,0.7687309
8818,1,1,0.5761018390035153,0.9961055,0.9645456,0.5884335
8819,0,0,0.06332621982758369,0.000102734484,0.013279254,0.06347179
8820,0,1,0.01121496161705405,1.2520643e-05,4.681842e-06,0.01313296
8821,1,0,0.26120453171725744,0.9546996,0.98667544,0.1644887
8822,0,1,0.21737675426730996,0.5718042,0.1847516,0.22475287
8823,0,1,0.37969712366484654,0.9989662,0.96905655,0.3890302
8824,0,1,0.0022485432837195613,7.684554e-09,5.359526e-10,0.0037462304
8825,0,0,0.046181661442971006,0.0015245106,0.025906883,0.051297788
8826,0,1,0.1846272735065937,0.19358946,0.06786749,0.18684371
8827,0,1,0.006246735367463533,2.155025e-07,1.1195647e-07,0.0074625183
8828,0,0,0.0011132601584841826,4.7531767e-11,1.7649157e-09,0.0013619368
8829,1,1,0.5468301961826176,0.99997723,0.9998853,0.54869515
8830,0,1,0.16701724213799984,0.21758729,0.06413887,0.1689469
8831,0,1,0.19435806574894665,0.42647815,0.099076964,0.20009507
8832,0,1,0.11827729365315323,0.007951836,0.002722075,0.12308513
8833,1,1,0.5655026051815101,0.99874157,0.9955769,0.5705285
8834,1,1,0.4939862766164736,0.99822384,0.98215955,0.50157607
8835,0,1,0.4174112223959949,0.9986866,0.9909887,0.42301297
8836,0,0,0.031994011710584566,5.6618846e-06,0.00022902185,0.032840665
8837,0,1,0.6788678662632757,0.9979547,0.9910444,0.6541458
8838,0,1,0.03807542514151401,0.00016636064,6.566528e-05,0.03972979
8839,1,1,0.11502439708581831,0.018899854,0.006685342,0.1183847
8840,0,1,0.06003577973385068,0.04801941,0.010212847,0.06090988
8841,1,1,0.49241543009659305,0.9997546,0.99774855,0.49792907
8842,0,1,0.0415190633526577,0.00084516883,0.00042256227,0.043057762
8843,0,1,0.04140511591532684,0.000264825,9.9402474e-05,0.04307525
8844,0,1,0.18212496842181852,0.1621242,0.0325482,0.18788645
8845,0,1,0.05582900154356484,0.00013301302,8.972151e-05,0.054559514
8846,0,1,0.2859415708522926,0.7990581,0.5788845,0.2837555
8847,0,1,0.008982788941344392,2.665154e-06,1.3091451e-06,0.010508342
8848,0,0,0.0381451428249405,0.00016839067,0.005961436,0.04025776
8849,0,0,0.01521832326381218,9.7754155e-06,0.0003942998,0.0182476
8850,0,1,0.19658181636433214,0.6346678,0.16450039,0.20010611
8851,1,0,0.27724293912945147,0.87606865,0.99473,0.28236607
8852,0,1,0.017644998027034255,4.57018e-05,1.2890446e-05,0.027787648
8853,0,1,0.052142369831745465,0.00028148014,7.147993e-05,0.0521678
8854,0,1,0.25543056951632004,0.8930588,0.76126695,0.25844404
8855,1,1,0.9974679555162479,1.0,1.0,0.99614394
8856,0,1,0.1336466469275628,0.1874504,0.0752141,0.133826
8857,0,1,0.582002898530209,0.9998976,0.99921405,0.5835657
8858,0,1,0.3423450215314522,0.98892295,0.8552876,0.34763256
8859,1,1,0.9351433221568676,1.0,0.9999999,0.93623084
8860,0,0,0.006614730387012036,1.851061e-07,1.5294261e-05,0.008008478
8861,1,1,0.17017719379249405,0.0042440067,0.0007825751,0.17486754
8862,0,1,0.009238034780619025,4.6313894e-06,8.623005e-07,0.0153400395
8863,0,1,0.4906116097098506,0.9941738,0.99346995,0.49019402
8864,0,0,0.0013220604862973764,1.673344e-11,4.2353236e-09,0.0016299249
8865,0,1,0.08677838848201823,0.06553768,0.0049666595,0.08951378
8866,0,0,0.3911590295490738,0.9996826,0.999998,0.399559
8867,1,1,0.571490321918432,0.99328655,0.9438742,0.55193555
8868,0,1,0.10166080205098368,0.027371863,0.0076541165,0.102691375
8869,0,1,0.010791351908331638,7.057457e-07,1.0451761e-06,0.012312732
8870,0,0,0.009356134093364374,6.82491e-09,1.5247919e-07,0.009845425
8871,1,1,0.9986093121649883,1.0,1.0,0.99785113
8872,0,1,0.15392962288952947,0.52312165,0.176973,0.1595401
8873,0,0,0.004206130316299004,8.196862e-09,3.0445983e-07,0.0053831246
8874,0,1,0.054150953981361195,0.0048488877,0.010144806,0.061465703
8875,1,1,0.9447942861032447,0.9998822,0.9997478,0.91706204
8876,1,1,0.26288300948327914,0.86700857,0.45726717,0.26782084
8877,0,0,0.9940640682881664,0.9999974,1.0,0.9889627
8878,0,0,0.07294454557720653,0.04092176,0.4687103,0.07466353
8879,1,0,0.44982354808190206,0.99979866,0.99999905,0.4449345
8880,0,0,0.03253277099785292,0.0006970104,0.021812344,0.03683757
8881,0,1,0.2360157118162172,0.72442085,0.14131548,0.24378397
8882,1,1,0.48388593695106635,0.8166317,0.5201585,0.45748934
8883,0,1,0.24968680871153584,0.5280246,0.16220056,0.2588232
8884,0,0,0.08086857369288863,0.0071388064,0.06537725,0.08584244
8885,0,0,0.006388173905131625,1.437562e-09,4.0548336e-08,0.006753943
8886,0,1,0.09934317155367625,0.0007318422,0.0021359874,0.09252866
8887,1,1,0.6574941237929673,0.99995923,0.99979055,0.6626746
8888,0,0,0.005191598915520475,3.1790761e-09,7.2496064e-08,0.005645403
8889,1,1,0.60087978185888,0.99969095,0.9965934,0.6091868
8890,0,0,0.1074231006697472,0.004830297,0.07456696,0.10184867
8891,0,1,0.2070105893791233,0.00924903,0.0012122195,0.22042939
8892,0,0,0.013101893238906105,1.4768559e-05,0.0003771123,0.01590619
8893,0,1,0.814734045231308,0.9999976,0.99997354,0.8184152
8894,0,0,0.004428286948422447,1.3388457e-10,2.985133e-09,0.0047421968
8895,1,1,0.16171168606548078,0.18754391,0.012285212,0.16406274
8896,1,0,0.9973190662292708,1.0,1.0,0.99570435
8897,0,1,0.0017552647337803413,6.0771915e-11,1.30360445e-11,0.0020589044
8898,0,0,0.031553058263823916,0.00012411311,0.0021429188,0.03323759
8899,1,0,0.3034640388702407,0.9681589,0.99993503,0.3076131
8900,0,1,0.0021362802239333263,6.350199e-11,4.074123e-11,0.0025149756
8901,1,1,0.9330633484255474,1.0,0.9999999,0.93517053
8902,0,1,0.010086146632872457,7.48204e-06,2.909018e-06,0.01187288
8903,1,0,0.2863584527655114,0.9269307,0.9973905,0.29205096
8904,0,0,0.018595719440028063,1.1819621e-06,4.846899e-05,0.019939562
8905,0,0,0.008117631678031421,1.0866847e-06,9.151798e-06,0.014385601
8906,0,1,0.3035061640720175,0.95086604,0.7200485,0.3081842
8907,0,0,0.0023825544371184173,5.6800714e-10,2.3526557e-08,0.0030365733
8908,0,0,0.047142842761844064,0.0010025923,0.018018382,0.051823623
8909,0,1,0.014075447826206611,6.399122e-08,6.36232e-08,0.014204993
8910,1,1,0.7098968371786242,0.9999856,0.99988747,0.7093543
8911,0,0,0.029905735479318175,5.146665e-05,0.00045833673,0.031770542
8912,1,1,0.5557185122988803,0.9993067,0.9958327,0.5628489
8913,0,1,0.008785190826101111,1.998704e-08,1.0122815e-08,0.0091441525
8914,0,1,0.1739743000983683,0.2711204,0.06049804,0.1775946
8915,0,0,0.03085549430429342,0.00025763328,0.003774635,0.034200504
8916,0,1,0.03128337356506846,0.0014270289,0.0008021559,0.036741745
8917,0,0,0.04963911976903467,0.0003166237,0.0046582683,0.05373717
8918,0,0,0.03221624331461323,0.00092371297,0.008310625,0.035992634
8919,0,0,0.04308035925497728,6.167736e-05,0.0042790985,0.045734715
8920,0,1,0.007805511934929015,5.748806e-09,9.466272e-09,0.00772522
8921,0,1,0.1428931149160171,0.00782385,0.00084439054,0.15183936
8922,0,1,0.3364402764834826,0.67784345,0.23874182,0.32642174
8923,1,1,0.8424895059982047,0.99985015,0.99931014,0.8131234
8924,0,1,0.03737549791544532,0.000708937,0.00021897616,0.03804674
8925,1,1,0.3324247631330429,0.29217252,0.1445109,0.3384957
8926,1,1,0.774622072155238,0.9997358,0.9994492,0.74674004
8927,0,0,0.0025778020496572598,1.2943044e-10,5.971887e-09,0.002851281
8928,0,0,0.0012586267943964203,6.994564e-11,4.8526344e-10,0.0022124818
8929,0,0,0.145360288114487,0.04248864,0.60466385,0.15380639
8930,0,0,0.002465534150217091,4.3143192e-10,8.555034e-09,0.002646328
8931,0,1,0.011173089321934868,5.593831e-06,2.988296e-06,0.013042263
8932,1,1,0.6304624859747987,0.9997977,0.99876416,0.63903034
8933,0,0,0.028565204887240552,2.3380504e-05,0.0008691694,0.030882848
8934,0,0,0.0031397165122343173,7.854779e-09,2.3760069e-07,0.0038438253
8935,1,1,0.9805891616100806,1.0,1.0,0.98082685
8936,0,0,0.029223057198699894,6.509666e-05,0.0006268298,0.03052542
8937,0,1,0.27791425756008376,0.6001295,0.29843003,0.27424815
8938,0,0,0.0192731772519814,9.0248595e-06,5.795648e-05,0.020271963
8939,0,1,0.6365945371958082,0.99954635,0.99766713,0.63945484
8940,0,0,0.014567020715358243,2.0756886e-06,6.182758e-05,0.016025394
8941,0,1,0.24694095444046102,0.4622333,0.23799096,0.23779218
8942,0,1,0.2918612621001789,0.9503899,0.85202277,0.2940124
8943,0,0,0.011096724016708215,2.6834215e-08,1.6420761e-06,0.011503072
8944,0,0,0.16225315666564422,0.47132465,0.9952258,0.16330817
8945,0,1,0.17941317025156084,0.560309,0.12530619,0.17793377
8946,1,1,0.9999999999971008,1.0,1.0,1.0
8947,1,1,0.31413131901410607,0.97616345,0.83252096,0.31948492
8948,1,1,0.9675112287226052,1.0,1.0,0.9687657
8949,1,1,0.9660963131081475,1.0,1.0,0.96720225
8950,0,1,0.41558092212113795,0.9927644,0.9379182,0.41779232
8951,1,0,0.9100116543562944,1.0,1.0,0.9095607
8952,0,1,0.0757439446101955,0.012843908,0.0029661127,0.07737974
8953,0,0,0.016351570153529865,2.1762032e-06,7.661386e-05,0.017656658
8954,0,0,0.03100198936462109,0.000696024,0.0045532905,0.05186124
8955,0,0,0.2746588409352932,0.9303541,0.99959755,0.27226263
8956,0,1,0.6701982856012774,0.9999938,0.9999645,0.69112015
8957,1,0,0.928747067991206,1.0,1.0,0.92662305
8958,0,1,0.4340296793870712,0.9978048,0.98122084,0.43887883
8959,0,1,0.06351776987860507,0.0027383533,0.0009823419,0.06362364
8960,0,1,0.11873930337053584,0.13528743,0.005569048,0.122608244
8961,0,1,0.5875715622559327,0.99990594,0.999475,0.5863915
8962,0,1,0.7285934317985848,0.9999752,0.99987984,0.7338365
8963,1,0,0.8470149694377431,0.999899,0.9999962,0.81595075
8964,0,1,0.05530804274588474,0.00062462507,3.964819e-05,0.05560302
8965,0,1,0.1964683344988847,0.28521064,0.08099567,0.1993438
8966,1,1,0.24074427114413907,0.8130253,0.47244027,0.24518009
8967,1,1,0.9998262848702975,1.0,1.0,0.99959743
8968,0,1,0.01957692545947857,3.321951e-06,1.8832416e-06,0.020233043
8969,0,1,0.0036682518043038735,1.8631884e-12,1.2215384e-12,0.0036741039
8970,0,1,0.01968609170505451,1.404309e-07,2.0531658e-08,0.02029764
8971,0,1,0.025546885851274216,1.5240625e-05,7.972915e-06,0.025404409
8972,0,0,0.005215833102549303,2.7194693e-07,8.153428e-06,0.006343645
8973,0,1,0.014903680157436351,1.1827153e-06,1.4972005e-07,0.01491802
8974,0,0,0.0019702250358489023,9.522527e-11,2.4058844e-09,0.0021465844
8975,1,1,0.7533697157160197,0.9999814,0.99992406,0.75423706
8976,0,1,0.009213165367628744,3.2207146e-07,1.6831197e-07,0.010558248
8977,0,0,0.015304762530186648,1.9934841e-08,4.009531e-06,0.014867944
8978,0,1,0.13108880006301768,0.037152015,0.016109208,0.13446248
8979,1,1,0.02512492816079665,3.8993723e-05,1.7363505e-05,0.025056407
8980,1,1,0.7048110552442612,0.9999558,0.9997074,0.70804965
8981,1,1,0.9778373832697788,1.0,1.0,0.9729556
8982,0,1,0.043490049595780365,0.00040343672,0.00012630933,0.044233833
8983,1,1,0.4511035957024659,0.98823756,0.8800371,0.45851916
8984,0,0,0.005078350728256899,5.3844786e-09,1.537525e-07,0.0053398306
8985,0,0,0.004495609133537475,1.0818831e-07,1.4930414e-06,0.0077392613
8986,0,1,0.04591378134367908,0.00015358231,4.40751e-05,0.04506655
8987,0,1,0.05504404939914844,0.00065284176,0.00021920762,0.055866912
8988,0,1,0.09571869813407377,0.03811083,0.010084012,0.09558285
8989,0,0,0.10755060554630146,0.006911708,0.19819622,0.11360609
8990,0,1,0.05833725372699384,0.00049284945,0.0001573009,0.057350002
8991,1,0,0.8088126625221131,0.9999999,1.0,0.8078038
8992,0,0,0.00978015753242005,1.5174588e-07,4.4059425e-06,0.010605265
8993,0,1,0.21600609543984609,0.61995953,0.19727144,0.22178815
8994,0,0,0.0055072999634747655,1.93538e-10,5.450007e-09,0.005832239
8995,0,0,0.029051555988545405,5.8966874e-05,0.0007394499,0.032198053
8996,0,0,0.039306203340997596,0.0011867835,0.30120456,0.03902054
8997,0,1,0.00882691812332342,3.918591e-07,2.7310653e-08,0.01456678
8998,0,0,0.0083449434139441,2.6946623e-07,5.6810586e-06,0.008939711
8999,0,0,0.052693653405910056,0.003240522,0.072065026,0.057861682
9000,0,1,0.0751098549873312,0.005854944,0.0009640551,0.07435614
9001,0,1,0.04497850536294063,0.00032392715,0.00010603289,0.04542269
9002,0,0,0.011899266898056073,2.3891225e-06,5.4789332e-05,0.013331455
9003,0,0,0.3834946028888951,0.99904925,0.9999341,0.39229476
9004,0,0,0.01062617903506039,1.6070383e-07,3.929551e-06,0.011021911
9005,0,1,0.02739306299682634,1.7135413e-05,5.9256126e-06,0.028808337
9006,0,1,0.3228974044441392,0.23973715,0.032434564,0.32161564
9007,0,0,0.002136199624501135,5.865946e-10,2.2803766e-08,0.0026126166
9008,1,0,0.7960834592051768,0.99999917,1.0,0.7921662
9009,0,0,0.0002147276202476847,5.3922533e-11,4.671683e-11,0.00029714682
9010,0,0,0.3073295581321599,0.9943085,0.9977308,0.25934204
9011,0,0,0.05593517961135949,0.00013877977,0.0050422507,0.059458267
9012,0,1,0.03144937169481759,5.7555022e-05,3.1093077e-05,0.031095121
9013,0,1,0.08695120869776662,0.0024147595,0.00022037026,0.08744819
9014,0,0,0.019172505503114796,1.1800657e-05,0.00042064337,0.021970889
9015,1,1,0.7373725965227611,0.99997425,0.99974126,0.74262166
9016,0,0,0.007469892982875051,1.3301124e-06,3.8469236e-05,0.00904306
9017,0,0,0.006463211819542917,5.154668e-07,1.5475474e-05,0.008277631
9018,1,1,0.42315859931745636,0.99301106,0.95742387,0.42802557
9019,0,1,0.2758812608835496,0.93440014,0.59807533,0.28274235
9020,0,0,0.0057473255316265745,4.845421e-07,1.7134564e-05,0.007323167
9021,0,0,0.011395824791430281,3.931133e-07,1.1094776e-05,0.012648545
9022,0,0,0.010877795914123403,1.3241926e-07,3.10547e-06,0.011780018
9023,0,0,0.00459442902032649,2.625632e-07,7.3619835e-06,0.005591447
9024,0,1,0.005926116182894047,7.820039e-09,1.2018178e-09,0.006032353
9025,1,1,0.9968639227958547,0.99999845,0.9999993,0.9928336
9026,1,1,0.8108346415769452,0.99982333,0.9988832,0.7791519
9027,0,1,0.9089238838377007,1.0,1.0,0.91025907
9028,0,1,0.32495205153859824,0.9824829,0.9169957,0.328245
9029,1,1,0.7665135320258251,0.99999964,0.99999774,0.76476896
9030,0,0,0.01259751709645538,9.920068e-07,3.157331e-05,0.013946226
9031,0,0,0.019052141348480902,7.918962e-06,0.00020798996,0.020495364
9032,1,1,0.8756073758680626,0.99990356,0.9996401,0.85179037
9033,0,0,0.020867646839614905,3.9364563e-06,0.00033234432,0.021044001
9034,1,1,0.5568569837690447,0.99717486,0.9912381,0.56081754
9035,0,1,0.0014599827906914215,1.8093517e-10,1.0779967e-10,0.0017055154
9036,0,1,0.005580245950131878,2.3446997e-08,5.7069847e-09,0.0063928263
9037,1,1,0.5961069182069237,0.9999175,0.9984748,0.6112935
9038,0,1,0.002211313357780056,4.191451e-10,3.543201e-10,0.0025603739
9039,0,1,0.023508477569238413,1.8961913e-05,1.4223136e-05,0.027653169
9040,1,1,0.7507802531969132,0.9982439,0.99062693,0.7167327
9041,0,0,0.015117586596426758,0.00021887408,0.041816965,0.018441513
9042,1,1,0.8902137255740923,0.99999976,0.9999989,0.8927093
9043,0,0,0.011916150085629108,1.232096e-05,0.00026645782,0.014608693
9044,1,1,0.5064272122265481,0.99656016,0.97909945,0.5104274
9045,0,1,0.061190637889033804,0.00033589793,0.00012301697,0.064340994
9046,0,0,0.18058235135931092,0.7473689,0.98456234,0.1880206
9047,1,1,0.9722154787950543,1.0,0.9999999,0.9653787
9048,0,0,0.0009704920098392356,1.1664302e-11,2.7973122e-09,0.0011999798
9049,0,1,0.0014742350641551816,7.5864905e-11,5.5635704e-11,0.0017389263
9050,0,0,0.009373235127996274,5.5924266e-07,1.2930719e-05,0.010441243
9051,0,0,0.008581912308677116,6.175375e-08,1.1226177e-05,0.01032063
9052,0,1,0.06076315795154598,0.0006705039,0.0001689734,0.060848773
9053,0,1,0.265067345852618,0.7463637,0.41162604,0.27052343
9054,0,1,0.007263721639368873,3.872686e-08,5.5147257e-08,0.011104442
9055,0,1,0.9412497130908856,1.0,1.0,0.94302845
9056,0,0,0.014476875994103204,4.4696358e-06,0.00010669856,0.017861834
9057,1,1,0.9463273248830485,0.999998,0.99999595,0.93385935
9058,1,1,0.8110251970583847,0.99999976,0.9999958,0.8142805
9059,0,1,0.0064772609506748855,3.1978976e-07,2.2042393e-07,0.007919511
9060,0,1,0.18497197253422581,0.477578,0.017126413,0.19072577
9061,0,1,0.304631638374291,0.98958594,0.9001113,0.31129563
9062,0,1,0.8906248218945242,1.0,0.9999994,0.8964497
9063,0,1,0.4348468361737561,0.9860296,0.91673243,0.43922514
9064,0,0,0.15518572563688998,0.0016270974,0.013419022,0.12081126
9065,0,0,0.0009564698528702231,2.7980767e-12,1.0862402e-10,0.0011684212
9066,0,0,0.0021590616252249862,2.116417e-09,8.945869e-09,0.0037157058
9067,0,0,0.001618856284812785,7.1462897e-10,2.9071542e-08,0.0020239986
9068,1,1,0.7127232027249836,0.9999589,0.9996028,0.7164231
9069,0,0,0.8460230055132204,0.99999905,1.0,0.8297478
9070,0,0,0.02320923322879528,0.00013424095,0.0033239094,0.02439283
9071,0,1,0.09488723758908119,0.0041488395,0.0011231588,0.09283674
9072,0,0,0.011639922430037582,1.7263216e-06,5.9147995e-05,0.014553287
9073,0,0,0.1812055571737296,0.5254797,0.8848438,0.18618539
9074,0,1,0.02981981490572024,5.3852476e-05,2.2824166e-05,0.03063815
9075,0,1,0.14942712182968165,0.22948341,0.10657478,0.15304567
9076,0,1,0.007464601251321649,9.166419e-09,1.9799863e-08,0.0074291565
9077,0,0,0.03953560874309309,4.7235e-05,0.0038646797,0.04216731
9078,1,1,0.34109930212104794,0.99680376,0.985387,0.34825057
9079,0,0,0.005412621239415665,2.8871671e-08,5.200853e-07,0.0057513397
9080,1,1,0.7622884787369256,0.99999547,0.99993575,0.7661493
9081,0,1,0.01742018072038827,1.3272386e-06,5.1950724e-07,0.01760739
9082,1,1,0.1029407791264693,0.00086491473,0.00022333948,0.1094138
9083,0,0,0.024462842669344866,0.00025995757,0.0024238878,0.027330477
9084,0,1,0.32930160588421825,0.9881471,0.9054177,0.33572325
9085,0,0,0.12576288616694428,0.13497873,0.50094885,0.12894018
9086,0,0,0.012750596557078964,1.2996763e-05,0.00022842259,0.01588676
9087,0,1,0.038391733251731244,2.4149822e-05,3.563898e-05,0.038893066
9088,1,1,0.840846812618839,0.99999976,0.99999785,0.8425749
9089,0,1,0.003199083854372564,3.3975616e-09,1.9565782e-09,0.0037668736
9090,0,1,0.12509520006274416,0.025690533,0.02448924,0.120207995
9091,0,1,0.28171262997174285,0.9078154,0.8277711,0.27687243
9092,0,1,0.0037923789536587534,5.3512963e-09,2.1181627e-08,0.004489753
9093,0,1,0.12481839953196269,0.07374736,0.012779216,0.1315994
9094,0,0,0.03936991052665953,6.067946e-05,0.001855091,0.041594423
9095,0,1,0.3698829312593719,0.99501413,0.9405763,0.37730965
9096,0,1,0.12042328758314907,0.012062481,0.0036064924,0.12610763
9097,0,0,0.002850023632454252,5.2989046e-10,2.0707583e-07,0.0031360267
9098,0,1,0.12098702692205858,0.051567722,0.024612539,0.1241903
9099,0,1,0.30307694352563086,0.77936757,0.4451863,0.29800406
9100,0,0,0.0986803051833589,0.022634324,0.3676331,0.10290103
9101,0,1,0.03845553427471459,0.0005792828,0.00023699246,0.038874157
9102,0,1,0.3974992665579157,0.9988992,0.99307054,0.40358865
9103,0,0,0.022658322438732132,7.1624854e-06,0.00015927081,0.023332866
9104,0,1,0.0009489064304195217,3.2941302e-12,9.209898e-13,0.0010881273
9105,0,1,0.34311486871213176,0.8704474,0.556168,0.34463304
9106,0,1,0.02305164731885245,1.3974922e-05,1.92945e-06,0.02297556
9107,0,1,0.02148569468888622,9.778958e-06,4.6235386e-06,0.02176275
9108,0,0,0.0048811345811447145,2.3742396e-08,8.908529e-07,0.0062344666
9109,0,1,0.36933610690433855,0.99392986,0.9278936,0.3754725
9110,0,1,0.5651260385992946,0.9997335,0.99696404,0.5716616
9111,0,0,0.010275539715038058,2.5894666e-08,1.2059859e-06,0.010880285
9112,1,1,0.7300427740656595,0.99992645,0.9995281,0.73109454
9113,1,1,0.9992036746294767,1.0,1.0,0.99861395
9114,0,1,0.06080794632668586,0.001855854,0.00064436754,0.061582077
9115,0,1,0.0020267951362837357,5.5081897e-11,2.2746834e-10,0.002410442
9116,0,0,0.0020798655326257857,3.3166753e-08,5.5480754e-08,0.0016960687
9117,0,1,0.02703660514387068,4.17777e-05,1.5911502e-05,0.027305134
9118,0,1,0.007468243857482319,6.6263726e-07,4.2651345e-07,0.009077104
9119,0,1,0.32682282175491406,0.82171595,0.4082317,0.3329684
9120,0,1,0.08046361163873214,0.021538224,0.0051039597,0.080895126
9121,0,1,0.2888138452769011,0.90406144,0.64807117,0.29129115
9122,0,1,0.19401694125099597,0.40932402,0.052601315,0.1938686
9123,0,1,0.0029858893994707454,3.4089536e-09,1.1793303e-09,0.0033841482
9124,0,1,0.007450317400102112,3.8077806e-07,1.5502758e-07,0.012261593
9125,1,1,0.7983691349229974,0.99999964,0.9999933,0.8016452
9126,1,1,0.9475306618131552,1.0,1.0,0.9487454
9127,0,1,0.09800069539380309,0.09222278,0.021416724,0.099960096
9128,1,1,0.24650234761614367,0.94255555,0.61528456,0.2555447
9129,0,0,0.0023015004089503347,9.326103e-10,2.8997553e-08,0.0024695178
9130,0,1,0.32724552994107375,0.8456495,0.51527303,0.33002618
9131,0,0,0.07723761721831554,0.018722644,0.19261368,0.08211238
9132,0,1,0.0048718059466562515,8.3302805e-09,5.274928e-09,0.0059130816
9133,0,0,0.0030757253222736505,3.162033e-10,7.981625e-09,0.0033864342
9134,1,0,0.3542592983975095,0.65233684,0.99077916,0.3673893
9135,1,1,0.7327105866282685,0.9999839,0.9998418,0.73691803
9136,0,0,0.006614784633252975,2.8545594e-08,2.181046e-06,0.010564844
9137,1,1,0.656840946827649,0.9999596,0.99981236,0.65693945
9138,1,1,0.14743055980538095,0.3057357,0.112870686,0.14797276
9139,1,0,0.377914734875306,0.98454064,0.9999455,0.3732446
9140,0,0,0.024664514632408638,8.917872e-06,0.00032191927,0.027154446
9141,0,0,0.016163661567827455,1.6237674e-07,5.3539707e-06,0.017354462
9142,0,0,0.0012738903907458536,6.9749306e-10,1.5530038e-08,0.001528553
9143,0,0,0.008232763708339384,1.305739e-08,2.406602e-07,0.008546549
9144,0,0,0.12205343548702328,0.5630551,0.9976572,0.12822758
9145,0,0,0.005089537809451679,1.5352904e-07,6.1008855e-06,0.006453805
9146,0,0,0.009820154175667206,3.2403022e-08,6.041868e-07,0.0104117235
9147,0,1,0.3425302799916952,0.91305673,0.6487256,0.3467536
9148,0,0,0.0008706489631787835,2.2434726e-12,8.5485986e-11,0.0010739076
9149,1,1,0.7355650369228477,0.99876875,0.9944143,0.70849574
9150,0,0,0.03795712083987149,0.00033052906,0.0036673846,0.04129823
9151,0,1,0.20223379316612214,0.21402043,0.06591058,0.20364986
9152,0,1,0.020542420919667584,7.6113287e-07,2.882991e-07,0.020659864
9153,0,0,0.0044486572627171275,2.5195265e-10,8.109343e-09,0.0046930187
9154,0,1,0.022046991495394914,0.0005122237,0.00057674473,0.02453677
9155,0,0,0.11657267793435694,0.103210576,0.7479343,0.12139338
9156,0,1,0.10817222562300065,0.059399202,0.010510023,0.110099934
9157,0,1,0.010798141746281928,9.654902e-07,5.780563e-07,0.012568889
9158,0,1,0.7851523824262511,0.99999905,0.9999715,0.78957486
9159,1,1,0.01469614921435673,5.2251522e-05,4.3485674e-05,0.016495299
9160,0,0,0.13637011322813242,0.21762927,0.7422541,0.14011276
9161,0,1,0.6916848592702715,0.9998045,0.9987581,0.6977891
9162,0,1,0.03380025206505248,4.616145e-05,2.7768904e-06,0.035377048
9163,0,1,0.004109352286593064,5.660955e-08,8.824596e-09,0.0047809095
9164,0,0,0.0033008000105413235,2.232362e-08,2.4243766e-07,0.0036299233
9165,0,1,0.013340984571691463,6.66161e-06,1.6802602e-06,0.021869633
9166,1,1,0.5190520098227078,0.9878395,0.9380391,0.5121828
9167,0,1,0.7792209073372617,0.999998,0.99998343,0.7828341
9168,1,1,0.3835741162825373,0.8051703,0.63916713,0.39102137
9169,0,0,0.04509159281015254,0.00026500886,0.003788534,0.046958514
9170,0,0,0.0068289489486016005,2.0137305e-08,5.820735e-07,0.007561667
9171,0,0,0.001386219120754247,5.1536405e-12,8.979507e-10,0.0016761603
9172,1,0,0.23608421002962163,0.8325133,0.9816572,0.25324568
9173,0,1,0.06376676960811502,0.0004797884,0.00013106091,0.06596159
9174,0,1,0.6351279539310567,0.9999982,0.9999659,0.6666814
9175,0,0,0.006734704805827715,5.437825e-07,2.0941336e-05,0.008545728
9176,1,1,0.23024215114879412,0.6670766,0.24031623,0.23471913
9177,0,1,0.021670452647378272,2.9368084e-05,1.0243145e-05,0.022957668
9178,1,1,0.38297388580180614,0.9749638,0.97304076,0.37557888
9179,0,1,0.6737736041614899,0.9999958,0.99996483,0.6675077
9180,0,1,0.1430067373774653,0.02096657,0.0057281987,0.1468496
9181,0,1,0.31235940280730734,0.9885379,0.92169863,0.3150837
9182,1,1,0.8782620929660901,0.9999199,0.99968976,0.85493624
9183,0,0,0.0003026260521471304,1.0297896e-14,4.785502e-13,0.00037169963
9184,0,1,0.5219621108701322,0.9875661,0.95371217,0.5069331
9185,0,0,0.015780951041060497,2.0031768e-08,3.4418424e-06,0.015306837
9186,0,0,0.041282252123317334,0.00013527522,0.0042794743,0.044408437
9187,1,1,0.9992700200665626,1.0,1.0,0.9983424
9188,0,0,0.0899734672251998,0.03522888,0.33868182,0.09197287
9189,1,1,0.9710144273308075,1.0,0.9999999,0.9644336
9190,0,0,0.07720862491363872,0.0028035468,0.122758836,0.07877533
9191,0,1,0.0006818673983841071,3.026133e-13,2.410054e-13,0.00079570606
9192,1,0,0.08814677597628628,0.020249777,0.46636003,0.09191779
9193,0,1,0.07355252592976479,0.0027290168,0.0016619151,0.07447794
9194,0,0,0.035317489322105405,0.00017721274,0.0021745192,0.037704755
9195,0,1,0.2059106692731854,0.53133994,0.35297152,0.21199821
9196,0,0,0.3502691506700409,0.9766184,0.9999522,0.34882662
9197,0,1,0.36358808793943276,0.36515385,0.07906045,0.28389406
9198,0,1,0.28753233733645506,0.9223024,0.6764897,0.29144093
9199,0,0,0.0545831388908186,0.00034785498,0.0062429276,0.056035083
9200,1,0,0.028218731832020113,0.0022712413,0.011094215,0.048879467
9201,0,0,0.004683398726362186,1.985237e-10,3.052715e-08,0.0047225943
9202,0,1,0.2514822522749724,0.82519245,0.43713883,0.25595853
9203,0,0,0.28408446108055174,0.99427444,0.9996085,0.290409
9204,0,1,0.03275866126654923,6.6963235e-06,7.2002836e-06,0.033207085
9205,1,1,0.41089192875409597,0.98728657,0.9324625,0.41974264
9206,1,1,0.5940324287247601,0.99960446,0.99793327,0.6050845
9207,0,0,0.014886219628006568,3.0066656e-05,0.0006983638,0.018245436
9208,0,0,0.37949013552164407,0.9894868,0.99998796,0.37694913
9209,0,1,0.02066852447504315,6.943942e-06,2.4110548e-06,0.021363435
9210,1,1,0.8196648671693301,0.9997664,0.9988404,0.7890087
9211,0,1,0.18234261718835557,0.071276456,0.014672422,0.18829712
9212,1,1,0.39427471297059596,0.99917287,0.99572194,0.39477444
9213,0,1,0.31054413073307746,0.9792595,0.7769126,0.31833696
9214,0,1,0.004018253786348136,1.7623602e-08,5.2728057e-09,0.004807644
9215,0,1,0.07742305430951181,0.003884528,0.00079058553,0.078480944
9216,0,1,0.010828096230858852,5.164352e-07,8.680414e-07,0.011324939
9217,0,1,0.009085667435630147,4.8027225e-08,2.4544512e-08,0.009281114
9218,0,1,0.28462906517289904,0.5312434,0.03335347,0.30087197
9219,1,1,0.894167633020703,0.9999999,0.99999964,0.89283264
9220,0,1,0.16908099496455564,0.010227515,0.0021085758,0.17932251
9221,0,0,0.0067006944518243,1.07819154e-07,3.255373e-06,0.007882839
9222,1,1,0.7355938042650869,0.9999764,0.9998419,0.7366979
9223,0,0,0.057213274133048886,0.0074566724,0.11213684,0.06339332
9224,0,1,0.021467794822929466,1.0765359e-06,1.0281619e-06,0.021498729
9225,0,0,0.015089922665014244,2.7340707e-06,3.527542e-05,0.01616034
9226,0,1,0.002276671920529935,9.4342326e-11,3.7668865e-10,0.0026911523
9227,1,1,0.8616671843048154,0.9999995,0.9999964,0.86821914
9228,0,0,0.025068629706901983,2.2492402e-05,0.0005337468,0.025867695
9229,1,1,0.9914139641065952,1.0,1.0,0.98682094
9230,0,1,0.005919748392222354,1.1784062e-09,7.1481715e-10,0.005885238
9231,0,1,0.033432093538303655,8.569587e-05,7.2384544e-05,0.033722855
9232,0,1,0.1983364216015934,0.586644,0.46769637,0.21001072
9233,1,1,0.44142722103779836,0.9992415,0.9964793,0.4335315
9234,0,0,0.05851777434206744,0.0013942166,0.046990123,0.062410988
9235,1,1,0.8086715163957577,0.9999627,0.9997192,0.7912838
9236,1,1,0.998846376089693,1.0,1.0,0.99825066
9237,0,1,0.0025182721333088165,3.6805424e-12,5.867638e-13,0.004309956
9238,0,0,0.10949303068733497,0.05543356,0.71404845,0.12389563
9239,0,0,0.0012055078272546077,8.871465e-12,3.3593797e-10,0.0014815672
9240,0,0,0.0127212908997967,1.4228941e-06,2.020002e-05,0.013186003
9241,0,1,0.0030357901017248547,8.2528945e-10,1.7898624e-10,0.0035147418
9242,0,1,0.016047262378359236,1.06574404e-07,4.017719e-08,0.015957348
9243,0,1,0.27100110432743413,0.78174824,0.43201143,0.27550024
9244,0,0,0.0036754685268542307,1.7003684e-09,3.6731578e-08,0.0037937097
9245,1,1,0.6051215107738058,0.9998448,0.9988738,0.6083008
9246,1,1,0.6956896327885018,0.9999933,0.99993515,0.7009466
9247,0,1,0.47621875322725077,0.9984133,0.9889361,0.48652062
9248,0,1,0.11913467123681334,0.04927966,0.005787375,0.12328753
9249,0,1,0.329607763839343,0.9813803,0.8595467,0.3341781
9250,0,1,0.10373505607613978,0.053400725,0.017874159,0.105422325
9251,0,1,0.022984568318193958,8.991142e-06,4.68689e-06,0.023004811
9252,0,0,0.0012300687240128642,1.8713382e-11,7.857906e-10,0.0014993323
9253,0,0,0.017782706473919295,0.0001397433,0.0028719367,0.022679506
9254,0,0,0.007820336564854943,3.0236795e-06,5.12447e-05,0.014690968
9255,1,1,0.4712700927749,0.99919075,0.98897237,0.4763179
9256,0,1,0.004290935021457111,4.599845e-10,2.6847705e-10,0.0052185142
9257,0,1,0.13193129876512003,0.4339203,0.26054826,0.1342078
9258,0,0,0.06168768835488208,0.0001171718,0.008555822,0.061037853
9259,0,1,0.02653605407405899,1.5440683e-05,2.7653205e-06,0.027616968
9260,0,1,0.5051593898233158,0.9999429,0.9989482,0.5162526
9261,0,1,0.07610476531340447,0.0018954093,0.00051887764,0.077252276
9262,0,0,0.0022510531085918033,1.8006818e-11,5.339955e-10,0.0024221407
9263,0,0,0.03738122490659359,0.00030055677,0.005559117,0.0395093
9264,1,1,0.3639239553351109,0.99345785,0.95301473,0.36884806
9265,0,0,0.0025692652349029806,1.5186693e-09,1.1276012e-07,0.0032046044
9266,0,0,0.12095085388669102,0.018956875,0.47467256,0.12308478
9267,1,1,0.7913987299984809,0.9999988,0.9999863,0.7954368
9268,0,1,0.004626870076735571,3.9550434e-09,2.9979141e-09,0.0052476237
9269,0,0,0.34809739467343737,0.4828839,0.9585139,0.31878582
9270,1,1,0.9930341837111578,1.0,1.0,0.9892624
9271,0,0,0.30664607599444765,0.97974145,0.9999502,0.3092326
9272,0,1,0.5387771904291262,0.9956036,0.98775196,0.5443996
9273,0,1,0.00944880318711887,9.4144605e-07,4.9915855e-07,0.010999883
9274,1,1,0.7598523536697616,0.99999166,0.9998952,0.7630379
9275,0,1,0.041035729953835975,5.2352174e-05,1.623673e-05,0.042716123
9276,0,0,0.04517580127179272,0.0005189926,0.0045773913,0.047822163
9277,0,0,0.005891076989821608,8.907101e-09,1.5349495e-07,0.006361587
9278,0,1,0.4125903181742237,0.99766314,0.96558225,0.41830015
9279,0,1,0.004548302671565336,1.4029115e-07,1.4499467e-07,0.005418621
9280,1,1,0.8732045435622527,0.99999976,0.99999905,0.87741125
9281,1,1,0.753916935010944,0.99998355,0.99987006,0.7573803
9282,0,1,0.005660677668088225,9.78366e-08,2.4057202e-08,0.009690046
9283,0,1,0.17347746421848836,0.7799727,0.46496028,0.18092892
9284,0,1,0.14341065699225758,0.12345367,0.031729076,0.14844581
9285,0,1,0.18410046373937064,0.16077672,0.029501047,0.18969765
9286,0,0,0.19804804524873076,0.33923957,0.8941594,0.20806237
9287,0,0,0.004886199851395718,1.4094692e-07,4.9735936e-06,0.0059098923
9288,1,0,0.047437437621108566,0.00068155094,0.0058469083,0.04908277
9289,0,1,0.0012916926425022006,2.0548984e-11,1.1861848e-11,0.0016997576
9290,1,1,0.6190638269890483,0.99423105,0.97415066,0.605062
9291,0,1,0.02544728245720115,0.00020238092,0.00010572989,0.030854387
9292,0,1,0.06331456042662015,0.0021484238,0.00054509996,0.06428118
9293,1,1,0.26586687361638395,0.87767226,0.6701205,0.267998
9294,0,0,0.03177483422534341,0.00015726627,0.030414179,0.034866538
9295,0,1,0.0650870023376568,0.0031857027,0.0009290685,0.06397036
9296,0,1,0.24510799178291448,0.049441073,0.015998935,0.25730962
9297,0,0,0.0012560375656475804,1.4825658e-11,3.860727e-10,0.0013906964
9298,1,1,0.8426291794752416,0.9996401,0.9995079,0.8077993
9299,0,0,0.0007024606679748235,2.2479273e-12,6.382368e-10,0.0008653153
9300,0,0,0.024059370364665794,1.113377e-05,0.00016475725,0.026522236
9301,0,1,0.13317073553254313,0.010459364,0.007965442,0.12896179
9302,0,1,0.22410217835098337,0.42341417,0.10414421,0.23198736
9303,0,0,0.04361395913609636,0.00015696634,0.0055700783,0.046680078
9304,0,0,0.02292217161717866,1.5075701e-05,0.0015982563,0.024130281
9305,1,1,0.42485645250709464,0.9749689,0.86887854,0.4330991
9306,0,1,0.14844654388025602,0.059751414,0.0036617126,0.15150115
9307,0,1,0.17148486835205537,0.042424873,0.013627692,0.17218252
9308,0,1,0.07564369172232265,0.10308481,0.0084985355,0.077684134
9309,0,1,0.023508985350725854,1.1403059e-05,1.5198503e-05,0.02291577
9310,0,1,0.36822067407242115,0.9690776,0.8382823,0.3738183
9311,1,1,0.8628887826124074,1.0,0.9999999,0.8668394
9312,0,1,0.01600145910926037,5.6076682e-05,3.476251e-05,0.016124927
9313,0,1,0.06760984626272452,0.017939579,0.0064029447,0.07831429
9314,0,0,0.0035953927972215203,4.913472e-07,1.0253615e-06,0.0028894504
9315,0,1,0.01117739423389131,1.6644183e-06,6.6959456e-07,0.012094561
9316,0,0,0.0295533746348872,0.00013258273,0.002373673,0.031163575
9317,1,1,0.49834525517415806,0.99120563,0.9477841,0.51003027
9318,0,0,0.0014152071236469897,8.8016254e-11,3.1482177e-09,0.0017446887
9319,0,1,0.0805381673349632,0.0011239771,0.0007156163,0.08179511
9320,0,1,0.148081348024852,0.47945315,0.035241462,0.15168804
9321,0,0,0.001407380620163261,7.001916e-12,1.1111373e-09,0.0017538496
9322,0,0,0.024947583255051173,4.647351e-05,0.00066169584,0.028411217
9323,1,1,0.5718231857543494,0.9994981,0.99704874,0.5772046
9324,0,0,0.047667139448872894,0.0013202581,0.02153765,0.052649695
9325,0,1,0.0298267899838973,6.769165e-05,2.2702208e-05,0.030468227
9326,0,0,0.050439396814301284,0.0020491323,0.031263582,0.054061305
9327,1,1,0.9443747352593278,0.99900395,0.9824745,0.93177706
9328,0,0,0.06593167501608754,0.0024356237,0.09288169,0.06907436
9329,0,1,0.6396443062803644,0.99981594,0.9988702,0.6426127
9330,0,0,0.010286896440794557,4.5857514e-06,0.00011705399,0.012616273
9331,0,1,0.37603041335055376,0.9961276,0.9421466,0.38466302
9332,1,1,0.9654197786914549,1.0,0.9999995,0.95761096
9333,0,1,0.08236009884550118,0.03879701,0.0037145268,0.08463365
9334,1,1,0.279464119251683,0.9493246,0.7937866,0.2828076
9335,0,1,0.037364149214130185,0.0005588002,0.0005660901,0.03638144
9336,0,0,0.005826806107204479,4.4083656e-10,1.35714275e-08,0.0060985885
9337,0,1,0.46263293148554363,0.99855584,0.9836489,0.46544716
9338,0,0,0.008176602138098597,3.50009e-06,7.894772e-05,0.009988152
9339,1,1,0.7700164068063955,0.9999951,0.99995375,0.7725563
9340,1,1,0.229135035950168,0.6568822,0.12957652,0.23830101
9341,0,1,0.41250520704460075,0.99998105,0.99966854,0.43603614
9342,0,0,0.18245046371869308,0.8826688,0.9992411,0.18152171
9343,0,1,0.03763061976199943,6.026104e-05,1.0269046e-05,0.038848266
9344,0,1,0.425743010413428,0.9831,0.93307716,0.42867693
9345,0,0,0.0013861693431416091,1.0697908e-11,2.8526257e-09,0.0016819679
9346,0,1,0.039581346373061904,0.00019762057,4.308922e-05,0.039978024
9347,0,0,0.0038027247687031037,6.90369e-08,2.3022599e-06,0.0048848907
9348,0,1,0.043161974368225706,0.00010477681,0.00014051549,0.04058654
9349,0,1,0.01171510421196351,1.606997e-06,3.6197864e-07,0.011480063
9350,0,1,0.0055845481733712,1.1229094e-07,6.357285e-08,0.0066889846
9351,0,1,0.6794580873018812,0.99982727,0.99958533,0.6807696
9352,1,1,0.17584500309659898,0.015993763,0.005423465,0.17340906
9353,0,1,0.23092725336742528,0.70813555,0.29582465,0.23565967
9354,1,1,0.2533598576465646,0.9952679,0.9406165,0.2718322
9355,0,0,0.014733484785001059,3.1839758e-05,0.00019484156,0.01617909
9356,0,1,0.005087416420564647,8.365197e-09,1.2919077e-09,0.005191993
9357,0,1,0.32251973713320037,0.8258419,0.2305112,0.33270362
9358,1,1,0.9974937994542048,0.9999958,0.9999958,0.99421644
9359,0,0,0.011534213713513135,2.128314e-07,2.4883489e-06,0.012172097
9360,0,0,0.0007303061194988495,1.5641523e-11,3.5254868e-09,0.0008985346
9361,1,1,0.5461511407743814,0.9999088,0.9992157,0.54432744
9362,1,0,0.01539655348321169,2.32319e-05,0.00016595205,0.017895909
9363,1,1,0.6192927878726204,0.99998045,0.9996302,0.6273509
9364,0,1,0.2953344436552858,0.061623957,0.0089525385,0.30877522
9365,0,0,0.013760798193001005,5.6529817e-08,7.0184406e-06,0.0145286545
9366,1,1,0.6712952023253851,0.9998696,0.9991264,0.6752911
9367,0,1,0.0081655820252333,2.2844773e-08,8.5141295e-08,0.009215342
9368,0,1,0.1276680813631056,0.026976114,0.0059821443,0.13057074
9369,0,1,0.04037922715493037,0.000102050915,2.9361227e-05,0.0412522
9370,0,0,0.0008728714978626317,1.7645833e-12,7.443148e-11,0.001069595
9371,1,1,0.4464990052075856,0.9877296,0.9218471,0.45358333
9372,0,0,0.020280120302399948,3.676825e-06,0.00010500857,0.02234683
9373,0,1,0.44757885959426047,0.99978137,0.9976151,0.4529019
9374,0,1,0.011215433976590982,4.0147184e-05,8.834687e-06,0.02024175
9375,0,1,0.1029529774763247,0.01402816,0.0018989984,0.106251426
9376,0,0,0.0010288505725428363,2.3209181e-11,7.0502244e-09,0.0012515902
9377,1,1,0.8478760817454534,0.9999995,0.9999974,0.85229796
9378,1,1,0.6306658756006073,0.9999747,0.99981964,0.63019294
9379,0,0,0.03368304751095414,1.3648984e-05,0.0003581666,0.036966756
9380,1,1,0.847444646996335,0.99999976,0.9999988,0.8515484
9381,0,1,0.18287723517543905,0.38480178,0.16418324,0.18737909
9382,1,1,0.17896016422996897,0.2092294,0.054414295,0.18298663
9383,0,0,0.032202840047451504,0.00016548796,0.003743562,0.035495758
9384,0,0,0.058063925639911425,0.0025909117,0.05714608,0.063716166
9385,0,1,0.24717147042728552,0.6058259,0.55487186,0.24262725
9386,1,1,0.9997538574522202,1.0,1.0,0.9995679
9387,0,0,0.0010598414927635892,6.246503e-11,1.875317e-09,0.0013046719
9388,1,1,0.990150916118334,1.0,1.0,0.984979
9389,0,0,0.04241366581134674,0.0011064358,0.008674894,0.04588721
9390,0,1,0.0751936629134709,0.02102831,0.006881907,0.07634391
9391,0,0,0.0013774327720944971,2.3514721e-11,3.653611e-10,0.002435503
9392,1,1,0.9896720927912724,1.0,1.0,0.98429644
9393,0,1,0.001650831228009047,1.9369385e-10,1.3114108e-10,0.0019170648
9394,0,1,0.004678076130091548,6.0372587e-09,2.8639708e-09,0.0052993908
9395,0,1,0.021935825871979616,1.6462342e-05,2.8107273e-05,0.02459137
9396,0,0,0.053892564278653465,0.0032058018,0.024815507,0.058313627
9397,0,1,0.013345220125130524,3.686005e-05,1.7709477e-05,0.015475921
9398,0,1,0.27769572015261423,0.69831795,0.54110926,0.27346852
9399,1,1,0.3918735670804736,0.98757786,0.8877935,0.4038074
9400,0,1,0.01575776533792038,1.9865434e-05,3.2620421e-06,0.01603904
9401,0,0,0.061889645707252805,0.00083610864,0.067870535,0.06435077
9402,1,1,0.20991412351338515,0.45298362,0.14410424,0.21345498
9403,0,1,0.05798311892188888,0.0006374117,0.00020384675,0.056676053
9404,0,0,0.04333859242774123,0.00024098682,0.0032869126,0.046400692
9405,0,1,0.004171790319201727,6.6164816e-09,3.7304396e-08,0.004909271
9406,0,1,0.19212758903501218,0.12961222,0.0320562,0.19794387
9407,0,1,0.12667158452681831,0.12882479,0.017618818,0.12480177
9408,0,1,0.1954850919156163,0.24471131,0.08867503,0.1971124
9409,0,1,0.5754477772600258,0.9980854,0.9890821,0.5847716
9410,0,0,0.3551422628998006,0.9677883,0.9999484,0.34741136
9411,0,1,0.33348731359659806,0.9755177,0.78770125,0.33832327
9412,1,1,0.08779243691824559,0.000101329366,2.1579383e-05,0.09393516
9413,1,1,0.5971725303765908,0.99742943,0.9893907,0.60092217
9414,0,1,0.4696920134273556,0.9975665,0.98401654,0.4745143
9415,0,1,0.0986184992022703,0.0061536543,0.0040605157,0.09525728
9416,0,1,0.010524382452025246,1.18454295e-08,3.840627e-09,0.011137772
9417,0,0,0.014124354185723907,5.7108914e-06,7.740579e-05,0.015754882
9418,0,1,0.21021500349652467,0.28653848,0.061690737,0.21773264
9419,1,1,0.4178627156869036,0.9991325,0.99029726,0.42465815
9420,0,0,0.07143663958238722,0.000115557574,0.001873539,0.03810207
9421,1,0,0.6480166416575579,0.9845242,0.9995065,0.60160804
9422,0,1,0.2803601892281233,0.95959264,0.8067943,0.2862298
9423,0,1,0.01216391100590982,8.904904e-06,3.0716033e-06,0.014478527
9424,1,1,0.3069612026454906,0.9512123,0.69491965,0.31958938
9425,0,1,0.6639456090370569,0.99991286,0.9991805,0.66735303
9426,0,1,0.0011666988862488981,1.4891748e-11,6.9833e-11,0.0013643944
9427,0,1,0.305100905624577,0.93769675,0.57583225,0.31597143
9428,0,1,0.06586995861950821,0.0039424733,0.0010993164,0.066500455
9429,0,1,0.6029782623930533,0.9995349,0.9955115,0.5872525
9430,1,1,0.9957578098328292,1.0,1.0,0.9936085
9431,0,1,0.42419347863327406,0.99859816,0.9840731,0.42940742
9432,1,1,0.6627544071725772,0.9998969,0.99965024,0.66171706
9433,1,1,0.8143870521461921,0.9998516,0.9996776,0.7799057
9434,0,1,0.30662081780333256,0.8889536,0.61759114,0.30953667
9435,0,0,0.19102029073859145,0.008562811,0.38015714,0.18662758
9436,0,0,0.00047872125394172516,1.280334e-13,5.6280536e-12,0.00058768474
9437,0,1,0.8403753088855354,0.99999857,0.99998736,0.841711
9438,0,0,0.013265297311738674,2.0006948e-06,4.5152545e-05,0.015040248
9439,0,1,0.0019401911492736312,3.3881162e-11,4.915278e-11,0.0022575904
9440,0,1,0.002496990001846178,5.149261e-11,2.2975932e-10,0.0028778224
9441,0,0,0.0026290949687909483,8.3126267e-10,2.6648914e-08,0.0032223805
9442,1,0,0.0549691699280987,0.002180766,0.017943233,0.056861456
9443,0,0,0.08503630999834305,0.0070339083,0.5030021,0.086887926
9444,1,0,0.8097544407778673,0.9999839,1.0,0.80341494
9445,0,1,0.007220152125789469,3.8517722e-08,1.4590574e-07,0.008594976
9446,0,0,0.010361197219313648,3.0103724e-08,9.627825e-07,0.011059955
9447,0,1,0.03160499268602105,2.4950805e-07,3.8099703e-08,0.015685366
9448,0,0,0.0008092901905881731,1.9328079e-11,3.6547347e-09,0.0010796512
9449,0,0,0.013532269265862,1.5371702e-07,4.520218e-06,0.014217861
9450,0,0,0.22538064834258847,0.41615856,0.97457993,0.23070608
9451,0,0,0.026141894490377397,8.626278e-07,0.00018247183,0.024743313
9452,0,0,0.02942691698729937,1.3973056e-05,0.00035112814,0.029888839
9453,0,1,0.10009212298015528,0.018094845,0.0023565835,0.10425061
9454,0,1,0.14953049747415728,0.022753006,0.007095303,0.14917468
9455,1,1,0.31737627250894984,0.95654523,0.79170305,0.32222906
9456,0,1,0.023623479986171567,3.2367057e-05,2.137418e-05,0.028097477
9457,0,1,0.20525685794329504,0.8854413,0.29020894,0.21018058
9458,1,1,0.3572214521426089,0.55180377,0.18531877,0.33763337
9459,0,0,0.19314113981809028,0.06965989,0.7567496,0.19398022
9460,0,1,0.03616353694614249,0.0003975929,0.00014711622,0.036496665
9461,0,0,0.006012039213126347,6.3701124e-09,1.191547e-06,0.006408942
9462,1,1,0.20381426444251494,0.010627262,0.001037735,0.15456244
9463,0,1,0.045626158637373286,1.3025452e-08,5.609405e-09,0.03289883
9464,0,1,0.2538215599111874,0.60623634,0.28828293,0.2545959
9465,0,1,0.6811182220852996,0.99974936,0.9996071,0.68172365
9466,0,1,0.4589019991526795,0.99842274,0.9872665,0.46798423
9467,0,1,0.13565859897308374,0.008450668,0.0018538338,0.13755752
9468,0,0,0.02800571404285551,0.00019387143,0.020770933,0.033665914
9469,0,1,0.7095628893514893,0.9997135,0.99846977,0.7142674
9470,0,1,0.22447702262001015,0.7025235,0.24871011,0.23060872
9471,0,1,0.1371095712683876,0.19549428,0.0076052034,0.14154969
9472,0,0,0.05712509400891178,0.0022736208,0.040916156,0.062921755
9473,0,0,0.030011823433045856,1.66912e-05,0.00039576815,0.03311334
9474,0,1,0.18544692751090783,0.21883966,0.022160625,0.18930104
9475,0,1,0.0744723216285244,0.0024184932,0.0008551593,0.07640657
9476,0,1,0.03539193226461805,8.227389e-05,2.7744187e-05,0.035501514
9477,0,0,0.005537664338102212,4.8061297e-09,1.6695438e-07,0.0060285283
9478,0,0,0.0210477741147681,9.699278e-06,0.0003587291,0.022448596
9479,0,1,0.017724209133125106,1.9354209e-06,1.5771599e-07,0.01790157
9480,0,1,0.29977148809210186,0.25511873,0.030920088,0.3164827
9481,1,1,0.10124470304619887,0.017227642,0.0036108065,0.10306852
9482,1,1,0.7906282934319468,0.9999926,0.99995124,0.79842603
9483,0,1,0.423876069976413,0.9908268,0.9573339,0.43176052
9484,0,1,0.20377433798130284,0.4530711,0.12754802,0.20852631
9485,0,1,0.6474361357020761,0.9999815,0.9998051,0.6550197
9486,0,1,0.14294959368154336,0.13411793,0.07254974,0.14545101
9487,0,0,0.01085464032845881,1.376415e-06,3.3139717e-05,0.011951939
9488,0,0,0.0018638658345107482,2.3461724e-11,7.632766e-10,0.0019879804
9489,0,1,0.24031840148522132,0.22203936,0.06761416,0.22994891
9490,0,1,0.04123255294550443,0.0032989162,0.0012688665,0.04997817
9491,1,1,0.27498090782629664,0.9712104,0.6853765,0.28100505
9492,0,1,0.024645211262115174,0.002332882,0.0003530382,0.0289057
9493,1,1,0.24217895532097372,0.7952534,0.26154158,0.25212568
9494,0,1,0.3367395324695117,0.73474103,0.48637348,0.33226174
9495,0,1,0.0777343861566389,0.0051492974,0.0063422504,0.07425001
9496,0,1,0.08267680570944697,0.0028134529,0.000831628,0.08112973
9497,0,1,0.22832230254603694,0.97496605,0.7853318,0.23265864
9498,1,1,0.5334301237332888,0.7559521,0.7066381,0.43176195
9499,1,0,0.0778541918985498,0.0003825225,0.14350127,0.0753909
9500,0,1,0.24884005796549935,0.47589442,0.18176904,0.25941846
9501,0,0,0.04111442005123831,0.0019183408,0.033529274,0.046133216
9502,1,1,0.967261841576003,0.9999502,0.9999571,0.9510051
9503,0,1,0.16189697447209958,0.72423697,0.11087417,0.161174
9504,0,0,0.04716906626644215,0.002389998,0.016237471,0.05105004
9505,1,0,0.8512203049234278,0.9999999,1.0,0.8457217
9506,1,1,0.9921474201443667,1.0,1.0,0.9905111
9507,0,0,0.003941737188896491,3.6973678e-11,7.987743e-10,0.004193788
9508,0,1,0.2686505302595101,0.8859175,0.7548076,0.27728453
9509,1,1,0.7645700248873843,0.999995,0.99993944,0.7685985
9510,0,0,0.216095461563944,0.5480596,0.9514239,0.23010585
9511,0,1,0.5874398599247029,0.99988234,0.9991242,0.5925756
9512,0,0,0.012191897166373603,3.3079873e-06,5.9960155e-05,0.01335457
9513,0,0,0.09372729109493542,1.0,0.99999785,0.1093426
9514,0,0,0.004205274267914209,2.0615321e-08,1.6689866e-07,0.004970771
9515,0,1,0.04192009790916316,8.2294995e-05,2.4724603e-05,0.04305829
9516,0,1,0.047981076653123705,7.187069e-05,2.5477917e-05,0.048310086
9517,1,1,0.3473197743404942,0.90622586,0.755601,0.35886955
9518,0,1,0.7182826964662794,0.99998796,0.9999831,0.7053089
9519,1,1,0.19658949589585933,0.33915317,0.06517623,0.20413928
9520,0,1,0.05033902006603665,9.746155e-05,4.3358134e-05,0.050291266
9521,0,0,0.12423084908616781,0.0023802426,0.01618656,0.12315223
9522,0,1,0.2583550354804271,0.86496896,0.7001304,0.25381142
9523,0,0,0.013379186464479893,1.3658478e-05,0.000457542,0.016912282
9524,1,0,0.9884688641316226,1.0,1.0,0.9815855
9525,0,1,0.3965044656648957,0.97849596,0.9056852,0.39878902
9526,0,0,0.029591439973759022,1.9392106e-05,0.00029402215,0.03250352
9527,0,1,0.006233134739826399,7.228005e-10,2.0506172e-09,0.0063790176
9528,0,0,0.0009987147547713476,2.7295122e-09,1.6039091e-09,0.0008069744
9529,0,1,0.24079499084152986,0.7592169,0.3124964,0.25362375
9530,0,1,0.19318028452494188,0.30054522,0.05715133,0.20049617
9531,0,1,0.07658566794215292,0.0013965354,0.0007134655,0.07662026
9532,0,1,0.10941003123854057,0.023196783,0.007105479,0.11000266
9533,0,0,0.075198959625973,1.0128049e-05,8.4614905e-05,0.059606627
9534,1,1,0.44472814447373754,0.9985114,0.97834843,0.44787154
9535,0,1,0.5405767119497205,0.66102016,0.46157983,0.5017069
9536,0,0,0.11502443058996242,0.015135271,0.9071407,0.11216734
9537,0,0,0.0023874118688418894,6.242004e-10,1.045188e-08,0.0043870457
9538,0,1,0.7654238090402968,0.99999595,0.99996173,0.7686431
9539,0,0,0.029122653037246694,3.049391e-05,0.0006911261,0.03216699
9540,0,1,0.1507660585323035,0.0790808,0.048850223,0.1526806
9541,0,1,0.12693745728583342,0.033479024,0.044950143,0.12711939
9542,0,0,0.0012305932973592072,1.8610835e-11,6.614384e-10,0.0015304056
9543,0,0,0.00016810749501234762,5.2552743e-13,1.7407384e-12,0.00015948738
9544,0,1,0.2048556202846749,0.27628332,0.17635982,0.20806557
9545,0,1,0.5377866689830945,0.99915266,0.9932881,0.54429334
9546,1,1,0.6965461090603158,0.99994195,0.9993518,0.6977555
9547,0,1,0.5709940617934692,0.99881303,0.9953968,0.5793067
9548,0,0,0.02091790978559356,4.1828525e-06,0.000103841434,0.022630738
9549,1,1,0.5383004743758241,0.9962994,0.9805782,0.54546005
9550,0,1,0.018072694651399168,3.122229e-09,4.0461408e-09,0.017221943
9551,0,1,0.08119185826354215,0.0026789235,0.0009529087,0.08149986
9552,0,1,0.017703894052369436,1.8276904e-07,2.1545996e-07,0.017557131
9553,0,1,0.28965823599755247,0.7651826,0.36411223,0.29553705
9554,0,1,0.7579797357031575,0.9999999,0.9999995,0.76207197
9555,0,1,0.11832951834370901,0.28948915,0.11259332,0.12971488
9556,0,0,0.02558375821537405,1.1476568e-05,0.000111676934,0.027059445
9557,0,1,0.16837451201249823,0.13230579,0.024495512,0.17525005
9558,0,0,0.2456784717271725,0.96948504,0.9991824,0.26830477
9559,0,1,0.40127262445136747,0.9671465,0.83587193,0.39820957
9560,0,0,0.07691364143585798,0.10349908,0.6790841,0.08139937
9561,0,1,0.0033116552834851903,6.6855575e-12,1.3852309e-11,0.0032577345
9562,0,1,0.16607388676272894,0.1383924,0.030562423,0.16787283
9563,1,1,0.19552695993179786,0.15318869,0.12564991,0.19376247
9564,1,0,0.9977019268829038,1.0,1.0,0.9963121
9565,1,1,0.3001330033137872,0.93624234,0.6527022,0.30324548
9566,0,1,0.1292903861413739,0.02010976,0.0021680458,0.1293962
9567,0,1,0.04109798247395456,0.0009421837,0.0002013813,0.043460973
9568,0,0,0.001528316927921114,5.155002e-10,1.3510166e-08,0.0019009925
9569,0,0,0.8629682260961996,0.9999999,1.0,0.8624924
9570,1,1,0.7627982768485652,0.9999993,0.9999927,0.7703277
9571,0,1,0.00419843420898798,8.131274e-09,5.247232e-09,0.004906495
9572,0,0,0.006705960451729105,1.9265869e-08,7.000433e-07,0.00750202
9573,0,1,0.14692150861103914,0.15293609,0.09963106,0.14882974
9574,0,1,0.5604488393953062,0.9997754,0.99846965,0.5662288
9575,0,0,0.008816762606778631,1.851444e-07,3.999091e-06,0.009379896
9576,0,1,0.06193362545730003,0.0026072518,0.00095308037,0.059477963
9577,0,1,0.040872655201024156,0.0007076497,0.00033947424,0.04841973
9578,0,1,0.21794581490200066,0.2460302,0.10188769,0.21482344
9579,0,0,0.0034975857521266185,6.396782e-11,3.500574e-09,0.0036408529
9580,0,1,0.005921324122195305,8.4251035e-08,4.7816087e-08,0.0058472687
9581,1,1,0.848959300616615,0.99999976,0.99999714,0.8521522
9582,1,1,0.8561437816813317,0.9999995,0.9999969,0.85685784
9583,0,0,0.006651934823029761,5.688339e-08,1.0950426e-06,0.00732421
9584,1,1,0.08551591718557425,0.0003332778,4.502832e-05,0.06080107
9585,1,1,0.6202353151276048,0.99999917,0.99998486,0.644743
9586,1,1,0.5005021384065865,0.9998574,0.9979861,0.50430214
9587,0,1,0.6415349754009481,0.9999993,0.9999969,0.637283
9588,1,1,0.7642010170571263,0.9999932,0.99993443,0.77124584
9589,1,1,0.5964732778785096,0.99791735,0.9906623,0.6074932
9590,0,0,0.011145994339947396,1.5016948e-07,2.1511923e-06,0.011979776
9591,1,1,0.8113335814481261,0.9999999,0.999998,0.81877494
9592,0,1,0.0171783954811539,2.9153556e-05,7.54819e-06,0.020006517
9593,0,0,0.49206957891207204,0.9997423,0.99999905,0.48464507
9594,1,0,0.7326194452254083,0.87929314,0.9996226,0.66515785
9595,0,0,0.03915968481395361,0.00021228148,0.007883554,0.04260215
9596,0,1,0.5481504115024085,0.99972624,0.99654585,0.5511827
9597,0,0,0.0006808579567740515,1.7408805e-13,4.719688e-11,0.00083262636
9598,1,1,0.11802964014721934,0.023151016,0.0048413114,0.12343035
9599,0,1,0.10138317987801168,0.25526497,0.112211324,0.11059177
9600,0,1,0.003973006767136624,2.1140378e-08,4.1285726e-09,0.004626353
9601,0,0,0.00218264583416364,4.16971e-12,4.761509e-10,0.0021334004
9602,0,0,0.21858941625321407,0.7451829,0.99919826,0.21838444
9603,1,1,0.9961408442358828,1.0,1.0,0.99410725
9604,1,1,0.058452271917766335,5.478599e-05,0.000107775224,0.05540944
9605,0,1,0.1957192615345015,0.30914223,0.059895854,0.20282853
9606,0,1,0.19826927410359388,0.009554652,0.0007695837,0.20247585
9607,0,1,0.21917362781870023,0.5363351,0.22188503,0.2233993
9608,0,0,0.0015531715274728708,1.1952054e-11,4.80808e-10,0.0016712076
9609,1,1,0.32468469026575425,0.9609237,0.7452317,0.3316848
9610,0,0,0.007876537436685071,4.9282864e-08,1.6030189e-06,0.008675887
9611,0,1,0.00712871227384197,2.988842e-09,9.731433e-09,0.0071887015
9612,0,1,0.0008435946781759156,2.92214e-13,2.2873448e-13,0.00097233587
9613,0,0,0.005225635939136337,1.7677961e-07,2.7806323e-06,0.009517107
9614,1,1,0.9441188050855976,0.9999999,0.9999994,0.93694746
9615,0,0,0.08841952348657063,0.007218145,0.5553638,0.08530204
9616,1,0,0.39425057584121365,0.9982376,0.99999344,0.3951606
9617,0,1,0.6007587556166903,0.99963117,0.99840915,0.58695036
9618,0,1,0.22998732708737035,0.35313627,0.12437671,0.22951193
9619,0,1,0.2027596725787317,0.33321667,0.06800525,0.20928094
9620,1,1,0.6393032818536315,0.9999924,0.9999498,0.6651437
9621,0,0,0.4827959926636944,0.99872833,0.9999962,0.47191498
9622,0,1,0.00044060286392812403,4.9317507e-14,2.11519e-13,0.0005240192
9623,0,1,0.2251860471399272,0.8327521,0.3992801,0.23033366
9624,0,1,0.015833422522029683,2.8896297e-06,2.8050934e-07,0.016043186
9625,0,0,0.09156194658370904,0.02827511,0.36353752,0.096753314
9626,0,0,0.015967986896202997,3.6659534e-05,0.00112236,0.019434335
9627,1,1,0.031127150980308133,4.3841814e-05,8.339571e-06,0.032229606
9628,0,1,0.6414073177762677,0.99949527,0.997959,0.6407175
9629,0,1,0.38925925967564684,0.8875038,0.4672603,0.40760654
9630,0,1,0.2972731663680079,0.6141477,0.28745896,0.29153964
9631,0,1,0.3330682901638447,0.979569,0.87041456,0.3371792
9632,1,1,0.14295444556725237,0.10818919,0.03218619,0.14444482
9633,0,1,0.05645489612033156,0.0032696878,0.00035111175,0.059382286
9634,1,1,0.3418324777405362,0.987135,0.9375471,0.34409866
9635,0,1,0.1300028214789025,0.9047671,0.1637043,0.14219971
9636,0,1,0.004681144322136378,1.809892e-08,7.4972014e-08,0.0054948847
9637,0,1,0.30153396215095807,0.9318648,0.69253916,0.30680606
9638,1,1,0.2058902511063133,0.6856656,0.39240038,0.208663
9639,0,1,0.22784181628699288,0.799026,0.22168973,0.23385246
9640,0,0,0.0164313165169968,1.3768888e-06,1.4240372e-05,0.016994214
9641,0,1,0.037597757389738806,2.143115e-05,5.3528474e-06,0.038557343
9642,0,0,0.0008087898047268181,1.6489785e-12,6.333808e-11,0.0010022981
9643,0,0,0.009178536193086251,3.637226e-08,1.2420272e-06,0.00964098
9644,0,0,0.01341147751462109,6.8532256e-07,3.3036726e-05,0.014422549
9645,0,1,0.19396404260238698,0.05775556,0.048945494,0.19575883
9646,0,1,0.20920028736134286,0.6039813,0.40174133,0.2160666
9647,1,1,0.895723229612275,0.99999964,0.9999975,0.89855206
9648,0,1,0.05519972576687692,0.00048310455,0.0002051692,0.05753138
9649,0,1,0.028107702934200805,0.00043864961,0.00031426264,0.030000962
9650,0,0,0.013657287004974917,7.719609e-08,1.5015689e-06,0.014349894
9651,0,0,0.013334236843074122,2.4008464e-06,8.737759e-05,0.014005483
9652,1,1,0.7762087664173128,0.9999974,0.99997616,0.7828327
9653,0,1,0.09327451759242152,0.018481432,0.00067052303,0.094610594
9654,1,1,0.6702037673815041,0.99997807,0.99983776,0.68328667
9655,0,0,0.010298599937415002,3.4178717e-07,1.7854501e-05,0.011334917
9656,0,1,0.04685029088223214,0.009980875,0.004178421,0.053904843
9657,0,1,0.10885509724053219,0.04988234,0.019642383,0.11306321
9658,0,1,0.2567614469025571,0.35970214,0.03787175,0.2693996
9659,1,1,0.41589260927738086,0.9983241,0.9783614,0.42065158
9660,0,1,0.029781677255211282,5.244211e-06,2.5639854e-06,0.029659946
9661,0,1,0.6369238935616084,0.9997445,0.9986889,0.6468026
9662,1,1,0.8052373548687298,0.9999999,0.9999944,0.8097029
9663,0,1,0.7019985975106205,0.9999007,0.99976915,0.7052638
9664,0,1,0.5288111165720591,0.9837807,0.96127135,0.5414899
9665,0,1,0.24032406806125495,0.746826,0.30314004,0.24500045
9666,0,1,0.08585594249586095,0.6218464,0.26665905,0.09933067
9667,0,1,0.05453646712480745,0.002186841,0.00064159895,0.054891087
9668,0,0,0.0015113256742636226,1.5924101e-10,5.8546035e-09,0.0018651817
9669,1,1,0.6456193538967255,0.99990296,0.99954265,0.6544736
9670,0,1,0.0012296697329132681,2.9013056e-11,6.127435e-12,0.0014451933
9671,0,0,0.009786316294525685,1.0389778e-06,4.483341e-05,0.012632644
9672,0,1,0.1487023641918182,0.11635929,0.03970148,0.15226449
9673,1,0,0.3018382567745337,0.98318225,0.99995375,0.30625197
9674,0,1,0.013123310348193666,1.3117757e-06,1.252235e-07,0.0132385595
9675,0,1,0.2924796626076664,0.99364585,0.9687418,0.31708765
9676,0,1,0.32471824774212954,0.9803367,0.8511006,0.32977542
9677,0,0,0.04875769021538199,0.000512507,0.014929852,0.054257866
9678,1,1,0.30473381695558727,0.55661577,0.14300978,0.31335595
9679,0,0,0.0009658190206351582,1.0103091e-10,1.994761e-09,0.0012385643
9680,0,1,0.11442074357820681,0.005523049,0.0068852613,0.10539472
9681,0,1,0.010664772343367074,3.2769806e-06,8.9618726e-07,0.011639843
9682,0,1,0.14333337979028998,0.0023184305,0.00050202914,0.14999071
9683,0,1,0.1812073327660669,0.07577116,0.015448242,0.18119366
9684,0,0,0.5725102191371808,0.9993967,0.9999988,0.5687225
9685,1,1,0.36140600584398785,0.95578307,0.92582834,0.35145268
9686,0,1,0.004195536409928404,4.1488935e-08,2.7875561e-08,0.0049468754
9687,0,0,0.008100756811212566,6.797488e-08,2.485778e-06,0.008736777
9688,0,0,0.009359554867761927,1.529163e-08,4.867889e-07,0.009325611
9689,0,1,0.03978861152360304,0.00025949153,8.7182256e-05,0.04025627
9690,0,1,0.20567701628785365,0.17370428,0.107241176,0.20376739
9691,0,1,0.2243959509748467,0.7190148,0.44622082,0.21402882
9692,0,0,0.12499858326615376,0.024559507,0.98691684,0.12261426
9693,0,0,0.11693494491845817,0.008234462,0.97286946,0.11481265
9694,0,1,0.21115588074538422,0.5118361,0.15294796,0.21575984
9695,0,1,0.0393221486766649,0.0036071504,0.0013898701,0.04566813
9696,0,0,0.000902322229875961,1.3390818e-12,3.302318e-10,0.001102514
9697,1,1,0.23002509091487738,0.72484106,0.17364234,0.23403744
9698,1,0,0.03416266952547828,3.9590686e-05,0.0015484699,0.036694445
9699,0,1,0.03270459785486904,2.6744532e-05,2.612008e-06,0.033278465
9700,0,1,0.004420808931704972,1.7729501e-08,6.759967e-08,0.005237562
9701,0,1,0.1275904872879049,0.0019253176,0.00019634997,0.13701466
9702,1,1,0.9757208201547865,1.0,1.0,0.9767179
9703,1,1,0.7775093297551521,0.9999852,0.99994326,0.7809125
9704,1,0,0.8677320321639005,0.99999404,1.0,0.84195876
9705,1,1,0.22745984374795386,0.6008565,0.20657124,0.2310746
9706,0,0,0.19962511378832531,0.34806943,0.9953513,0.19557923
9707,0,0,0.023164051602690274,3.7411928e-06,0.00023167161,0.02473214
9708,0,1,0.018801698151234687,8.784931e-07,2.233943e-07,0.01884382
9709,0,1,0.3155761596007314,0.9818878,0.85088927,0.3181266
9710,1,1,0.9994970744713555,1.0,1.0,0.9990632
9711,1,1,0.6992920967885959,0.99998677,0.9999125,0.70908266
9712,0,0,0.0051616681233485956,6.5206405e-09,1.0690335e-06,0.0055379346
9713,0,0,0.5638111628466753,0.9996932,0.99998283,0.57858473
9714,0,0,0.0030007666341021126,3.102177e-09,4.7695124e-08,0.0052780733
9715,0,1,0.05159098690134028,0.00021772597,3.8951053e-05,0.051837556
9716,1,1,0.34551938970719664,0.9938512,0.9699024,0.34279877
9717,1,1,0.8063676047451518,0.9999994,0.99998355,0.8116415
9718,0,1,0.7922848327264027,1.0,0.9999995,0.795766
9719,0,1,0.012045451628125528,4.4487498e-07,1.1361259e-06,0.013781158
9720,0,1,0.061945982302225935,0.0009989167,0.00032442625,0.063931845
9721,0,1,0.036105211770481746,0.00045310752,0.00015526978,0.036568534
9722,0,1,0.003302933614865622,1.5332926e-08,4.2462368e-08,0.003949509
9723,1,1,0.4216232292749694,0.9979528,0.9799256,0.42773178
9724,0,1,0.013587708707470857,1.9637762e-05,8.180376e-06,0.015932195
9725,0,1,0.0008885203625600105,3.0712928e-12,2.3754711e-12,0.0010426175
9726,0,0,0.005597427625927289,2.9723995e-10,4.7482633e-08,0.005872984
9727,1,1,0.8377566903713564,0.9999981,0.9999895,0.8407612
9728,0,1,0.3412851725969903,0.92184967,0.31150973,0.34682167
9729,0,1,0.05708102012889541,0.0013971853,0.002738839,0.057560053
9730,0,1,0.4171779945039892,0.9007266,0.7169106,0.39879674
9731,1,1,0.7277999124642764,0.9999857,0.99987245,0.7356331
9732,1,0,0.67048940650138,0.9999417,0.9999999,0.671559
9733,0,1,0.31467080403977343,0.9846246,0.88758683,0.31753066
9734,0,0,0.006117243880365261,3.4520329e-09,9.620448e-08,0.006514616
9735,0,1,0.3207638437682393,0.9806724,0.9618613,0.3238167
9736,1,1,0.06372121233690148,0.0018881328,0.00040556124,0.06373835
9737,1,1,0.9335714354229337,1.0,0.9999999,0.9364547
9738,1,1,0.616726521044298,0.99946636,0.99639606,0.6229201
9739,1,1,0.88753952082035,1.0,1.0,0.89270025
9740,0,0,0.013264949721940927,1.7321942e-06,4.610571e-05,0.01452032
9741,0,1,0.36444122204198204,0.9206363,0.8238094,0.3683371
9742,0,1,0.05674861131901933,0.00051156647,0.00018697536,0.055036727
9743,0,0,0.002009890492815079,2.773113e-10,1.0369713e-08,0.0025948787
9744,0,0,0.0008383536739785468,5.7677615e-13,1.1069484e-10,0.00089835306
9745,1,1,0.40962261648787973,0.99631363,0.95600104,0.4170516
9746,0,1,0.7897756643782787,0.9999999,0.9999975,0.7946661
9747,1,1,0.6394093629365954,0.999899,0.99877995,0.6126201
9748,0,0,0.14783510249495954,0.16589522,0.8162948,0.1531846
9749,0,0,0.0004034149935411383,4.2480224e-14,1.8908805e-12,0.00049712847
9750,0,1,0.8747031763654268,1.0,0.99999964,0.87777925
9751,0,1,0.2695315833083374,0.67638427,0.2490401,0.2780208
9752,0,1,0.19609802631596956,0.41967154,0.31756803,0.20121396
9753,1,1,0.45141462435052826,0.9986393,0.99361694,0.45208123
9754,0,0,0.0037117599406584303,4.4883432e-08,1.7155323e-06,0.0047356184
9755,1,1,0.27836146606861534,0.8541863,0.48125488,0.28360918
9756,0,1,0.5040723987965192,0.9988758,0.9925909,0.5060021
9757,0,1,0.29106194325036644,0.88155115,0.7267569,0.2890925
9758,0,1,0.015549054307562342,1.2413852e-05,4.865782e-06,0.017696526
9759,1,1,0.71887882505997,0.9999908,0.9998919,0.72846323
9760,1,1,0.2537514509037494,0.8833774,0.5626579,0.2594946
9761,0,1,0.3006792303892689,0.96540135,0.72880566,0.30717444
9762,0,0,0.0329537759444871,4.460419e-05,0.00096482295,0.035958853
9763,0,1,0.0135491438803595,1.0843153e-05,1.5536945e-05,0.015568065
9764,1,0,0.0679456397085319,0.0030027754,0.091108926,0.07191731
9765,0,0,0.0031874824530771766,1.5126582e-10,4.95133e-09,0.0033883771
9766,0,1,0.1389869169340709,0.008264447,0.00043039295,0.1500623
9767,0,0,0.014419055006246132,3.481875e-07,5.283618e-06,0.014975096
9768,0,1,0.004008537516173928,2.0777196e-09,1.9697173e-09,0.004646087
