test_index,y_true,sa,raw_lr,raw_unweight,raw_weighted,raw_single_encoder
0,0,1,0.24170026594973598,0.69415,0.204159,0.24235165
1,0,0,0.012962741791899676,6.9471605e-07,4.101554e-06,0.013355801
2,0,1,0.35305127792310875,0.9858767,0.9439332,0.3488235
3,0,0,0.3395583863703097,0.63110346,0.9832313,0.3574562
4,0,0,0.004146819649175234,2.1576614e-09,2.8133389e-08,0.0045907553
5,1,1,0.8200044314695987,0.9999994,0.9999964,0.8163742
6,0,1,0.01162434993242338,6.4003297e-07,8.4821814e-08,0.015195527
7,1,1,0.21530952541718312,0.6333994,0.30588365,0.21623522
8,0,0,0.08092543565259662,0.0168016,0.08920489,0.0821685
9,1,1,0.4197150344574551,0.9970299,0.97812814,0.42153656
10,0,0,0.020955095370987484,8.2918166e-05,0.0012038941,0.025469746
11,0,0,0.029442341091752734,0.0033680415,0.04383669,0.042946246
12,0,0,0.010984518259961612,1.012834e-06,3.3128974e-05,0.011939489
13,0,1,0.2320174152312405,0.64698493,0.22529735,0.2443405
14,0,0,0.19319284291620206,0.57299846,0.97231984,0.20356554
15,0,0,0.03005844648625911,7.525244e-05,0.00032712801,0.02943028
16,0,0,0.0011687701172320222,4.6910403e-11,5.532357e-10,0.0017864581
17,0,1,0.007283605620053542,1.0027903e-06,2.4150768e-07,0.010032999
18,1,1,0.773026920846698,0.99999964,0.9999989,0.7705883
19,1,1,0.19994610260452597,0.7612129,0.5427027,0.19773266
20,0,0,0.0007389601293545754,7.730542e-12,1.8936616e-10,0.0011570983
21,0,1,0.07757920099029186,0.0052219685,0.0010549627,0.07661112
22,0,1,0.2211488420256477,0.7943779,0.34830648,0.2244121
23,1,1,0.3967984530349679,0.9925377,0.97606534,0.39216873
24,1,1,0.5430073068322945,0.99951947,0.9974516,0.5457858
25,1,1,0.8132680848334387,0.9999987,0.99999547,0.8154735
26,0,1,0.0019567556024530468,4.408853e-10,7.280733e-11,0.0027579581
27,1,1,0.9361504545595086,1.0,0.9999999,0.93614715
28,0,1,0.07352070051526836,0.0019232505,0.0007206402,0.07255895
29,0,1,0.2034957336770449,0.58996403,0.116202444,0.2010405
30,0,1,0.0018140208570439523,3.1967384e-10,7.891456e-11,0.002576086
31,1,1,0.22595035549728185,0.810847,0.5984258,0.2226536
32,0,1,0.08334932150019271,0.01401713,0.0007217801,0.08119035
33,0,1,0.09968792305007154,0.017865706,0.0019436363,0.10371048
34,0,0,0.056343919621575846,0.00045694274,0.0056517506,0.05807812
35,0,0,0.0007578406202025177,4.973853e-11,2.2905715e-09,0.0013474924
36,0,1,0.021713883521381285,0.00016635034,2.0090512e-05,0.02934067
37,0,1,0.13224084384657345,0.04273539,0.011251487,0.135077
38,0,1,0.3881375161846768,0.9953428,0.9604019,0.3904216
39,1,1,0.6306965725755993,0.99990237,0.9994073,0.63077253
40,1,0,0.34963855594621107,0.9824975,0.99921143,0.36097535
41,0,1,0.0027516435821345582,4.0419987e-09,1.8215099e-09,0.0038538363
42,0,1,0.008399824771700167,0.00044256725,0.00023404475,0.016456403
43,0,1,0.02151219697228969,1.0,1.0,0.022021819
44,0,1,0.013533533418873837,6.553222e-07,5.135037e-08,0.013667078
45,0,1,0.0016729923523042534,1.845479e-09,1.5562937e-10,0.0025513237
46,1,0,0.7824309352016159,0.99999845,1.0,0.78173405
47,0,0,0.0016025675189770704,1.7394648e-05,1.1463546e-08,0.0038613323
48,0,0,0.025727397424056178,3.9064886e-05,0.00024472742,0.02611672
49,0,1,0.28146951305721957,0.9080255,0.6564597,0.28501546
50,1,1,0.7829880496953018,0.9999355,0.9993426,0.7802296
51,1,0,0.09777217070646041,0.0547651,0.62018,0.10324436
52,0,1,0.00837340353744081,4.9803525e-06,9.764296e-07,0.011543548
53,1,1,0.5289597839842701,0.9991663,0.9969463,0.53003854
54,0,1,0.08466708582941476,0.012099218,0.004340366,0.08241615
55,0,1,0.031329061514769926,2.7362352e-05,7.0866936e-06,0.033460498
56,0,1,0.35281425245580955,0.9794382,0.9341526,0.3643028
57,0,0,0.02543305463888422,2.677451e-06,2.676073e-05,0.027640466
58,0,1,0.002907932525608941,5.3258606e-09,9.849784e-10,0.0040955604
59,0,1,0.19781571140262413,0.5464018,0.3235609,0.19911416
60,0,1,0.03619292812094236,6.836325e-05,4.5714223e-05,0.03723554
61,0,0,0.1085282597606599,0.063815154,0.34632137,0.11517257
62,0,1,0.6542796336670766,0.99998534,0.99991584,0.6529192
63,1,1,0.08822685211834572,0.044601142,0.005594783,0.08547267
64,0,0,0.004344470745291164,3.680415e-09,7.655329e-08,0.007215083
65,1,1,0.23614747804429317,0.72260875,0.18637559,0.23239276
66,0,0,0.2927387726904646,0.9466535,0.9993942,0.29104257
67,0,1,0.06310512443117842,0.0068867602,0.0013127127,0.0734985
68,1,1,0.9962581792497791,1.0,1.0,0.9955283
69,0,0,0.16484567956283755,0.22806375,0.98512423,0.16557397
70,1,1,0.40934644044627283,0.9888706,0.94508886,0.41895086
71,0,0,0.03712884721861125,0.00050727284,0.0075358455,0.038211577
72,1,0,0.7975233805374409,0.9999987,1.0,0.7895666
73,1,1,0.03955117764296854,0.00025972072,0.00010617402,0.039323647
74,0,1,0.008976729439414317,3.5719731e-06,1.69487e-06,0.012295521
75,0,1,0.3035123394673632,0.92012775,0.73321056,0.30347
76,0,1,0.004404032851849236,6.8014444e-08,1.5023318e-08,0.0061327685
77,1,1,0.43335374310870683,0.9966808,0.9848261,0.4305051
78,0,1,0.14013470174102138,0.07287251,0.014262466,0.14371523
79,1,1,0.7417477811400809,0.9999585,0.9997971,0.74445564
80,0,0,0.004893124541941656,7.081531e-09,1.202039e-07,0.005521407
81,0,1,0.0022716320822850074,6.8812106e-08,2.3261247e-08,0.0037151692
82,0,0,0.03350318130910457,0.074272424,0.57059556,0.061135583
83,0,0,0.01353680398410114,6.531113e-06,5.9855327e-05,0.016698549
84,1,1,0.22303116418838692,0.71157134,0.3677173,0.22491327
85,0,1,0.11947441247341663,0.08811616,0.0007663779,0.12204887
86,0,0,0.0021014250507094003,3.7082636e-08,5.565701e-07,0.0036253543
87,1,1,0.520045346581327,0.99643433,0.97639626,0.5257607
88,1,1,0.05870908904517469,0.0012151437,0.0004264883,0.061056767
89,0,0,0.003777591181755588,5.967332e-09,6.0919625e-08,0.005859583
90,1,1,0.9999999999999971,1.0,1.0,1.0
91,0,1,0.11151066405477746,0.014224324,0.0016546139,0.11474787
92,0,1,0.10317202428966013,0.01406897,0.001244253,0.10925583
93,0,1,0.10781411596507458,0.038050342,0.018337036,0.10317915
94,0,1,0.008138559702402168,2.409285e-06,7.907913e-07,0.011198456
95,0,1,0.47942058043023267,0.9975235,0.98684543,0.48195937
96,0,1,0.43273703318063894,0.9601312,0.7911847,0.43915662
97,0,1,0.0642039122336777,0.00072758703,0.0007260923,0.065635055
98,0,1,0.001983565390333648,7.7921625e-10,1.1902733e-11,0.0030045027
99,1,1,0.6664808658776852,0.99991965,0.99983895,0.67202914
100,0,0,0.05194472872368662,0.002576287,0.029385857,0.053147987
101,1,1,0.8775926992232961,1.0,0.9999999,0.87630826
102,0,1,0.12454810479997946,0.03750007,0.005299388,0.12731926
103,1,0,0.5015842075676358,0.98821765,0.9982693,0.5116453
104,0,0,0.0024522911999836122,2.2062297e-06,6.905135e-05,0.0055251266
105,0,0,0.02062543725194308,3.8331513e-05,0.0014044316,0.022211635
106,0,1,0.029066605324438957,1.01446085e-05,4.1869168e-07,0.032770153
107,0,0,0.011345970269359266,6.246835e-05,0.0024038316,0.016656836
108,1,1,0.3321589592799755,0.978229,0.89888704,0.33508095
109,0,0,0.0041616405864550905,4.2927826e-09,2.0138383e-08,0.004856569
110,0,1,0.018580816608677192,7.9117744e-05,2.6214402e-05,0.025894871
111,0,0,0.596693957413216,0.9996955,0.99999845,0.60145444
112,0,0,0.006858821242962628,5.6329332e-05,0.002157149,0.013263855
113,0,0,0.2896139250736068,0.9352445,0.9993676,0.28753677
114,1,1,0.5073603298835309,0.9995745,0.99796116,0.50445807
115,0,1,0.008786917362026556,2.299811e-06,9.3879504e-07,0.011852355
116,0,1,0.0685565362935076,0.00054262264,4.4459506e-05,0.06191835
117,0,0,0.030678641300479145,3.296409e-05,0.0018852215,0.03377744
118,0,0,0.01199136494680899,0.00039428723,0.0008987906,0.018855562
119,0,1,0.17797547224948512,0.33852935,0.4145922,0.17495039
120,0,0,0.05164706559666385,0.0010155907,0.017864175,0.053666275
121,0,0,0.061259370285039534,0.0039231516,0.08068927,0.06563942
122,0,1,0.05514013456722191,0.00082212465,0.0003526749,0.0555155
123,1,1,0.26548627751712084,0.9326591,0.90921336,0.2564036
124,0,0,0.19905319053182846,0.42506102,0.9855688,0.20610248
125,0,0,0.0059049009187505394,2.2567862e-08,6.012628e-07,0.0065796752
126,0,1,0.2527513750279809,0.89861375,0.22329278,0.2682463
127,1,1,0.27314938820452095,0.9586559,0.7340221,0.27280626
128,0,1,0.6497413563447535,0.9999026,0.99956685,0.65420437
129,0,0,0.05279531665741584,0.0011892562,0.01414162,0.055025417
130,1,0,0.5424087966478709,0.99989426,0.9999995,0.55917037
131,0,0,0.005753214431860731,1.5591178e-08,2.0486779e-07,0.0064401194
132,0,0,0.003286277363699024,4.7391024e-10,3.4212648e-09,0.003663524
133,1,1,0.25187900163665733,0.7657614,0.513783,0.25493908
134,0,1,0.2677266529879462,0.9325839,0.79689604,0.26337415
135,0,1,0.09294609892598851,0.0076944814,0.0032443318,0.0890201
136,0,1,0.002135063989180819,7.162926e-10,1.3311229e-10,0.003004326
137,0,1,0.038212024548253634,5.5423883e-05,8.97566e-06,0.040462475
138,0,0,0.007523353819114186,5.4707456e-08,3.4661418e-06,0.008247713
139,0,0,0.15320189883385632,0.017890716,0.20245562,0.16008858
140,0,0,0.1782929007451442,0.43358603,0.97517085,0.1943621
141,0,0,0.010127790398120992,5.9360366e-07,7.3374167e-06,0.0107714655
142,0,0,0.016741660759808947,1.7959737e-06,1.1063078e-05,0.01756898
143,0,0,0.00016477249755803193,2.2081972e-09,4.841302e-13,0.0007649467
144,0,1,0.11347155994081262,0.01794877,0.003376715,0.1171448
145,0,1,0.0508008424606471,0.00020266575,9.710837e-05,0.054096866
146,0,1,0.01569899495659067,2.8422162e-06,3.269405e-08,0.015729105
147,0,1,0.2966943967951123,0.6612661,0.36435616,0.19384886
148,0,1,0.21715059941232892,0.5558856,0.12420607,0.2152597
149,0,1,0.00890662870225315,5.4564996e-08,1.2621666e-08,0.009189733
150,0,0,0.014334325071596741,5.5827872e-08,1.8823688e-06,0.016815593
151,0,1,0.758327570729401,0.9999858,0.9999765,0.75488985
152,0,0,0.003490078428169189,4.5531504e-08,9.250374e-07,0.0052059414
153,0,1,0.024891921014432303,0.00014360575,7.5861703e-06,0.02648745
154,0,1,0.016203517745968368,5.3761956e-05,2.1395595e-05,0.021699136
155,0,1,0.4128672063763424,0.9933141,0.95851094,0.4127488
156,0,1,0.4936007391035074,0.9995227,0.99578977,0.52478725
157,0,1,0.31267746564496873,0.95179707,0.8492676,0.3106154
158,1,1,0.27769253928600984,0.9481386,0.40148845,0.2922822
159,0,1,0.07978317879462396,0.005138012,0.0022348491,0.07978647
160,0,0,0.0025663474233160845,1.5047148e-08,1.8091954e-07,0.003755125
161,0,0,0.01617187794935667,0.00015596452,0.0045374623,0.023084182
162,0,0,0.05753420940977863,0.0046569244,0.15129614,0.060220093
163,1,1,0.5254522085983705,0.9993743,0.9963234,0.52077657
164,0,0,0.05862858014077825,0.0017296835,0.017524501,0.061917305
165,0,1,0.03071523272846707,3.39943e-05,7.857261e-06,0.030610237
166,0,0,0.011163391836204963,2.6700102e-06,2.4839392e-05,0.013121938
167,0,0,0.04641052244248973,0.00044719412,0.0060648387,0.04797979
168,0,1,0.10954173298999297,0.024138486,0.006377839,0.11201874
169,0,1,0.10140573131860048,0.009548097,0.0018782046,0.10494894
170,0,1,0.16526372886314508,0.7438383,0.2617815,0.16858439
171,1,1,0.7324682977065495,0.99998343,0.99997103,0.7302338
172,1,1,0.5705540473979871,0.9999255,0.99954957,0.57616067
173,0,1,0.6463509014825373,0.99998796,0.99991393,0.6446247
174,1,1,0.6876582178149419,0.9999758,0.999892,0.6839371
175,0,1,0.09132527371979247,0.015561447,0.01196939,0.09102376
176,1,1,0.810572590059252,0.9999993,0.99999845,0.8112152
177,1,1,0.19715102706467963,0.90489995,0.5951062,0.2032663
178,0,0,0.011224731609328877,9.0684637e-07,2.376103e-05,0.012239268
179,0,1,0.0028540076296420737,7.703e-09,1.2748173e-09,0.0040472164
180,1,1,0.46088017945777565,0.9990632,0.99771404,0.46087834
181,0,1,0.07378373369278554,0.10438857,0.034311056,0.09541618
182,0,1,0.4850754297488647,0.9867084,0.9197818,0.4893377
183,0,0,0.026930833800209088,3.7361882e-05,0.0009163975,0.029671669
184,0,0,0.20113976607030462,0.39799154,0.98643094,0.2012551
185,1,1,0.7003222112334981,0.9999778,0.99981475,0.6998193
186,0,0,0.004097311855987448,2.5977764e-09,4.9696403e-08,0.0046634646
187,0,1,0.35422336411761474,0.9746841,0.8827856,0.3538993
188,0,1,0.013135334400030507,4.3847326e-06,1.8213843e-06,0.014966954
189,0,0,0.010444087371507163,3.5822308e-07,1.1133176e-05,0.011437856
190,0,1,0.09254390735587169,0.036042552,0.0004807908,0.09448912
191,1,0,0.5868363531144968,0.99990094,0.99999964,0.5952438
192,0,1,0.03947357442712067,6.7558605e-05,8.816523e-06,0.040450267
193,0,1,0.7547111716259229,0.99998343,0.99994683,0.75263274
194,1,1,0.9919051051682084,1.0,0.9999999,0.99009866
195,0,1,0.19411039487000312,0.4446511,0.15743257,0.19586454
196,1,1,0.5170788213354409,0.9993606,0.99535346,0.52209723
197,0,1,0.05840016702877887,0.0012668679,3.620674e-06,0.061284646
198,0,1,0.003105586776314032,1.0954083e-08,3.5703382e-09,0.004454698
199,0,1,0.002923936658024219,1.5245709e-07,4.2464553e-08,0.005430612
200,1,1,0.9448637203433917,0.9999999,0.9999989,0.9394206
201,1,1,0.5696575440722034,0.99984133,0.99882084,0.55327016
202,0,1,0.0042471943743892316,5.3292872e-08,1.0875183e-08,0.0056610247
203,0,1,0.06040263837868127,0.0015311913,0.0004503864,0.05923102
204,0,1,0.042655267681401016,0.0022326577,0.00025760898,0.045958526
205,0,1,0.01133795718429378,2.0849453e-05,4.1586654e-06,0.014919198
206,0,1,0.7175030316289943,0.9999968,0.99998343,0.71679926
207,0,1,0.04574748628288672,0.000141855,2.7574057e-05,0.045104004
208,0,1,0.1253864264825621,0.16346224,0.052275196,0.1164705
209,0,0,0.020249902862129143,1.20303275e-05,0.00032929896,0.021658456
210,1,1,0.26040063046255635,0.90737987,0.75598675,0.25391197
211,0,0,0.46752533646941596,0.99297744,0.9999831,0.48116082
212,0,1,0.5374375989791617,0.9953702,0.98897237,0.5345258
213,0,1,0.04179116877459284,0.0004879173,0.00037739103,0.040817164
214,0,1,0.011013703482173634,1.3747718e-05,6.2498584e-06,0.0150065785
215,0,1,0.3692517797239745,0.98467004,0.95151275,0.366611
216,0,1,0.24169651918640267,0.96293974,0.71628875,0.251479
217,0,0,0.0013072055900891504,2.2787959e-10,4.5375943e-09,0.0020227595
218,0,1,0.01037360288751458,2.3739774e-07,8.476728e-09,0.010268156
219,0,0,0.0024589887140011413,5.3722125e-08,5.906588e-07,0.0049245683
220,0,0,0.03512940649497189,3.5945974e-05,0.0013421753,0.03763828
221,0,1,0.07879241236842359,0.013436761,0.00894108,0.076973476
222,0,1,0.04853354001702993,0.0007008634,0.00049110496,0.047465738
223,0,1,0.05694799190731388,0.0010439468,0.00046449678,0.057288796
224,0,1,0.0063276727617364486,4.3696946e-07,9.644148e-08,0.008330521
225,0,1,0.03183504752174577,6.5113425e-05,2.3845292e-05,0.03164988
226,0,0,0.006059509400878235,4.3127625e-06,3.941416e-05,0.009526178
227,1,0,0.6157550508880439,0.9998677,0.9999993,0.62131125
228,0,1,0.05941666131570764,3.7271737e-05,1.8148156e-05,0.05670083
229,0,1,0.93236370308037,0.9999999,0.9999995,0.9272428
230,1,1,0.996862193061968,1.0,1.0,0.9962314
231,0,1,0.2367524567730138,0.7980465,0.040444475,0.23618463
232,0,1,0.22474475223646898,0.061167657,0.03675279,0.2107987
233,0,1,0.08901625250784027,0.0047997683,0.00090362155,0.09248693
234,0,1,0.013091170880721046,0.0007119679,0.00021085469,0.018204551
235,1,1,0.1306929939124363,0.06123322,0.013081917,0.12636657
236,0,1,0.5556178303250449,0.99986684,0.99929607,0.5536156
237,0,0,0.07029142536375836,0.005698618,0.09010832,0.075259455
238,1,1,0.6587426824677107,0.9857964,0.71234155,0.66061324
239,0,1,0.0036931973819116118,5.655753e-07,2.1226789e-07,0.00682128
240,0,1,0.004886235353071759,1.0472972e-06,3.300823e-07,0.007691977
241,1,1,0.3553378942922808,0.98685384,0.9138822,0.3574979
242,1,1,0.6310768422999582,0.99992,0.9996821,0.6302936
243,0,0,0.7974090847802062,0.99999905,1.0,0.79695815
244,0,1,0.2915878779673142,0.8757265,0.5202418,0.29163405
245,0,1,0.40933083423449385,0.98965573,0.9488512,0.41377237
246,0,0,0.04872456669785258,0.00057812285,0.008711096,0.050284795
247,0,1,0.28447899325974596,0.9446317,0.64964324,0.2793756
248,0,0,0.0387467173074129,0.00044982714,0.0041429373,0.038775075
249,1,1,0.32580096510654233,0.9555179,0.83642614,0.3260026
250,0,1,0.05527046822498151,0.007889193,2.9600591e-05,0.05807536
251,1,1,0.17363331863193787,0.18002915,0.036152247,0.17590731
252,0,1,0.0009661956898055072,6.537274e-10,4.1519274e-11,0.0015557642
253,0,1,0.01460526743465235,5.829057e-07,4.4517844e-07,0.019562824
254,1,1,0.21510774449780032,0.73516077,0.61244637,0.20893991
255,0,1,0.2795159933113197,0.80054694,0.3081023,0.280539
256,1,1,0.5103280236552611,0.9891122,0.9196579,0.51456577
257,1,1,0.6888182654771303,0.9999963,0.99998295,0.7219154
258,0,0,0.0706919244750627,0.0044374163,0.036525235,0.076703146
259,1,1,0.5153522964932743,0.9985285,0.9930321,0.5182081
260,1,1,0.21483557803114578,0.62221867,0.1668586,0.21916118
261,1,1,0.7708199499685089,0.9999987,0.9999925,0.7691206
262,0,1,0.06094875621030686,0.0018437235,0.00072535715,0.06406883
263,0,0,0.08385503481505284,0.01286227,0.12692319,0.08812392
264,1,1,0.5308565142608143,0.99914086,0.9986285,0.5279826
265,0,0,0.10929115959764703,0.010254457,0.6112989,0.11478285
266,0,0,0.0013330073124355893,1.7096977e-10,1.7431169e-09,0.0020379403
267,0,1,0.0073063194894550125,1.9751224e-06,3.5412762e-07,0.009757652
268,0,0,0.013912410224631525,1.969972e-06,7.1107024e-05,0.01633426
269,1,0,0.5113490009317155,0.99833125,0.9999896,0.5082863
270,1,1,0.33173182810032475,0.98621976,0.9684381,0.33485916
271,0,1,0.4025701099907638,0.99445397,0.98751825,0.39970726
272,0,1,0.13185005755501797,0.2263724,0.100723505,0.14896636
273,0,1,0.004648901849643657,4.534819e-08,2.1923977e-08,0.006387728
274,0,1,0.2629012325151397,0.9248387,0.76513654,0.2604104
275,0,0,0.02069082277182464,0.000120788005,0.0057416135,0.022607915
276,0,0,0.009016766832104934,5.2037e-08,2.3818872e-07,0.010088896
277,0,1,0.2597994283097115,0.7060244,0.23672524,0.25537387
278,0,1,0.02920130541968456,2.8119177e-05,8.282623e-06,0.02901985
279,0,0,0.011452862921123316,2.1036432e-05,0.00035358957,0.017255161
280,0,0,0.00035156365278197094,5.7088685e-09,3.1335355e-12,0.0015105028
281,0,1,0.13911238934898845,0.113023914,0.003512408,0.15020223
282,0,1,0.07313380428891061,0.0023861842,0.002409378,0.07376018
283,0,0,0.03131090127539157,7.853324e-05,0.00096313254,0.03375604
284,1,1,0.6231607186496002,0.99983287,0.9996765,0.62705207
285,0,1,0.5783567733756467,0.9999336,0.999711,0.59015846
286,0,0,0.0650511773077397,0.00651095,0.05328891,0.06640594
287,0,1,0.4836475189165014,0.9978321,0.9878542,0.4853866
288,0,0,0.03250169935674622,0.00015405254,0.0011337915,0.03380165
289,0,0,0.06252998541351036,0.003636676,0.064436905,0.067085005
290,0,1,0.010451774622631855,1.3355819e-05,2.8876848e-06,0.014416951
291,1,1,0.9973221934614445,1.0,1.0,0.99678916
292,0,1,0.1348172016062051,0.34021494,0.0013458309,0.14108028
293,0,1,0.27285134648373566,0.9553111,0.7963786,0.17202689
294,0,1,0.014345628469182838,0.0044352515,0.0002866709,0.022297733
295,0,1,0.33130800430922075,0.82811934,0.5207279,0.33447555
296,1,1,0.47708893651717427,0.9771079,0.8752137,0.46953443
297,0,1,0.6511104682004009,0.99993086,0.9998325,0.6311761
298,1,1,0.17089398481800644,0.0161647,0.008754794,0.18260449
299,1,1,0.4429798753631465,0.9990539,0.99572855,0.43648803
300,0,1,0.0019569928044554366,4.4786327e-10,7.1871176e-11,0.0027552422
301,0,1,0.18293527612922522,0.7941653,0.47281644,0.20272417
302,0,1,0.0002991840923988227,6.0867262e-15,7.121154e-15,0.00053435867
303,0,0,0.006620002340904849,3.455262e-08,5.3740007e-07,0.007384634
304,0,1,0.01702600168543295,2.4558713e-06,7.465152e-07,0.017095532
305,0,1,0.008650616484487839,3.5074509e-06,9.730469e-07,0.012002866
306,0,0,0.0037077842925568355,1.538722e-07,2.9405476e-06,0.0055754557
307,0,0,0.07564278568270362,0.000994721,0.02888599,0.075670816
308,0,1,0.6476936491805064,0.99997544,0.9998193,0.6442888
309,0,0,0.008578944145663774,1.2323083e-07,1.9161225e-06,0.009520314
310,0,0,0.0007246768308507854,3.461689e-11,5.863306e-10,0.0012437731
311,0,0,0.0059527161371364275,1.8780999e-07,6.4125097e-06,0.007493937
312,0,1,0.006889927900304178,9.702054e-06,2.6909258e-06,0.009427103
313,0,1,0.09857491451956564,0.00048641142,1.4214364e-05,0.098947905
314,0,0,0.0015032473399174784,4.560318e-09,5.986761e-08,0.0025822558
315,0,1,0.01472981738289119,2.3068974e-06,2.409055e-06,0.014342853
316,1,1,0.4773844075836061,0.99968,0.9986312,0.4949418
317,0,0,0.04633706339489637,0.00034324598,0.010214491,0.05116708
318,0,1,0.007104257704104173,5.952607e-06,9.3428275e-07,0.0128122065
319,0,1,0.13468827036698747,0.06654262,0.008618839,0.13049611
320,0,0,0.01500471216740501,2.2603439e-05,0.0010469556,0.021744767
321,0,0,0.006687892668804419,3.8220158e-08,3.4123884e-06,0.0071380027
322,0,1,0.9067429932936837,1.0,1.0,0.9074046
323,0,1,0.2890713733926661,0.88185567,0.4861029,0.29013294
324,0,1,0.1350591522919202,0.06174715,0.010089758,0.13809629
325,1,0,0.5126856685458724,0.99838066,0.99998903,0.5088863
326,0,1,0.21437606762227998,0.65456694,0.2874476,0.21614227
327,0,0,0.03688551349179477,0.00026642837,0.007203725,0.04366215
328,0,1,0.12679456302006167,0.09208304,0.033268053,0.12524293
329,1,1,0.6803135952724,0.9999764,0.9998541,0.6794136
330,0,1,0.011040941493624314,1.5545365e-07,5.0570844e-08,0.011210152
331,0,1,0.3773215076322865,0.96321315,0.9163304,0.38536072
332,0,1,0.20400288758078744,0.36310354,0.06907352,0.20623064
333,0,1,0.021994074628567534,1.2913123e-05,7.495059e-06,0.02193928
334,1,1,0.8014406224765589,0.99999917,0.99999726,0.79854494
335,0,1,0.004017666694483668,3.761549e-07,7.982024e-08,0.0063187466
336,0,1,0.38602383484781666,0.8395974,0.370686,0.3890268
337,0,1,0.03324872413096643,4.2983993e-05,6.580014e-06,0.03318087
338,0,0,0.03495102396064807,0.00023933974,0.00486756,0.0385434
339,0,1,0.06166588039687538,0.0020629338,0.00010290724,0.06827075
340,0,1,0.04198920763873953,0.00015899677,3.635938e-05,0.04184219
341,0,1,0.1352066752505392,0.05104771,0.008611574,0.13899708
342,0,1,0.036176154465252186,0.00010408611,8.705373e-05,0.035783377
343,1,1,0.528777450493216,0.9994036,0.996642,0.52433515
344,1,1,0.6688729600170804,0.99997747,0.99993885,0.65935564
345,0,1,0.027650094523317927,1.953747e-05,1.0237925e-07,0.02948885
346,1,1,0.33137734665083174,0.9424654,0.63987356,0.32494602
347,0,0,0.15850207974673958,0.008074225,0.272036,0.16442142
348,0,1,0.26482754140621445,0.88386303,0.7590136,0.26539037
349,0,0,0.01754976744795601,8.974634e-06,0.00035398957,0.019034209
350,0,0,0.015540014964636636,9.123459e-06,9.174833e-05,0.017396005
351,1,1,0.9549142467943147,1.0,1.0,0.951539
352,1,1,0.6070043528150559,0.9998082,0.9988659,0.6062365
353,0,0,0.10045829782446525,0.0184548,0.113626525,0.104406916
354,0,0,0.018309769902447526,6.781819e-06,0.00010390067,0.019253992
355,0,0,0.0659987116702666,0.003291435,0.037086807,0.069088265
356,0,0,0.40635808748708996,0.9959752,0.99998355,0.408485
357,0,0,0.025116237358839666,5.5370998e-05,0.0006586545,0.026470536
358,0,0,0.0015473142958921297,2.7708411e-09,3.993072e-09,0.002623354
359,1,1,0.7831722353472258,0.9999982,0.9999938,0.77832264
360,0,0,0.12071094910312377,0.0012341818,0.18532784,0.12598166
361,0,1,0.5012711520180799,0.99738735,0.9674904,0.5365541
362,0,1,0.305633529411475,0.97517496,0.8077907,0.3053697
363,0,1,0.21087577049219763,0.37585127,0.26963773,0.20478214
364,0,0,0.01276246073045853,2.2591652e-05,0.00014711537,0.019290812
365,0,1,0.09815442039562194,0.014497528,0.003062782,0.09756137
366,0,1,0.799862324271959,0.9999993,0.9999989,0.79907256
367,0,0,0.017572187111828983,0.003020853,0.059545364,0.03372454
368,1,1,0.6649983284302906,0.99998415,0.9999192,0.6606717
369,1,1,0.9976568982447113,1.0,1.0,0.99725276
370,0,0,0.19200031923005625,0.79215163,0.99491674,0.20652899
371,0,1,0.07627707037835617,0.0040677455,0.0013168951,0.0753327
372,0,1,0.0014941920701236292,9.179747e-10,7.270841e-10,0.0021356135
373,0,0,0.25752414277547214,0.8504296,0.9981325,0.25663736
374,0,0,0.018573744461799678,7.2065895e-06,5.9511447e-05,0.019082697
375,0,0,0.00808896939210559,9.761451e-06,0.0002350753,0.012726853
376,0,1,0.4300881467980522,0.9982951,0.9927578,0.43170384
377,0,1,0.08781932320966303,0.009625654,0.0024316495,0.0889274
378,1,1,0.6861865868620971,0.9999583,0.99973935,0.6841147
379,0,0,0.0539154592418268,0.011512456,0.08769056,0.062337775
380,1,0,0.562518975864047,0.96548915,0.99875045,0.55129313
381,1,1,0.9846163974145837,1.0,1.0,0.9835957
382,0,1,0.011488908720043536,3.191953e-07,1.0102486e-08,0.011798084
383,0,1,0.11477925784430022,0.016113305,0.0095909275,0.11607833
384,0,1,0.15355727472696107,0.13594654,0.026961293,0.15620066
385,1,1,0.6304848716628153,0.9995123,0.9981192,0.6347484
386,0,0,0.02904732219519277,7.947215e-05,0.0005699736,0.02938467
387,0,1,0.002585244482243148,3.66341e-09,7.2024076e-10,0.0036738806
388,1,1,0.693958922591816,0.9999738,0.9997778,0.6947731
389,1,1,0.23124166411572564,0.7387003,0.23483282,0.2269681
390,0,0,0.03922889532272148,0.00037752147,0.005004345,0.038883734
391,0,1,0.05095475371141981,6.4744156e-05,5.49495e-05,0.050876517
392,0,0,0.03793307438150586,0.0002278614,0.0021882222,0.040091313
393,0,1,0.007543814918346408,1.308187e-08,3.8608468e-09,0.007805328
394,0,0,0.10072725620801352,0.009019564,0.10526933,0.11265059
395,1,0,0.21864399934267328,0.72591484,0.9976052,0.21688876
396,0,1,0.07695287377286424,0.022902092,0.01938172,0.08019358
397,1,1,0.7491938651806731,0.99999666,0.99998486,0.7461607
398,0,0,0.005373111596211505,1.4281859e-08,2.0789778e-07,0.0060569537
399,0,0,0.005410292510506207,3.690222e-08,3.9898237e-07,0.0065967455
400,0,1,0.13196162184239182,0.053305835,0.0053313277,0.11637154
401,1,0,0.8276703896092829,0.9998795,0.9999894,0.82105154
402,0,0,0.02278701678238747,1.53407e-05,5.8768426e-05,0.02402725
403,0,1,0.013478559214892025,1.5641508e-06,5.470965e-07,0.013639004
404,1,1,0.8825481448037713,0.9999999,0.99999964,0.8776033
405,0,0,0.0661797815046231,0.0023219094,0.026562883,0.072066896
406,0,0,0.06944841773154291,0.008866979,0.1378936,0.07186016
407,1,1,0.7360674510560996,0.9999888,0.9999114,0.73395824
408,0,1,0.0017306492664043516,8.771079e-10,3.050547e-10,0.0024748715
409,1,1,0.9171905066396245,0.9999999,0.99999964,0.91726035
410,0,1,0.6759757391897632,0.99969774,0.9959443,0.67716813
411,0,0,0.14665390768025793,0.19837454,0.69348824,0.15116563
412,1,1,0.5759141441300623,0.99667877,0.9761175,0.5666508
413,0,0,0.01612643270281248,1.3694383e-05,0.0009762215,0.02028817
414,0,1,0.034703487992252834,0.007538225,0.0010984574,0.044146534
415,0,1,0.003867850314284723,2.9666703e-08,6.72927e-09,0.005441899
416,1,1,0.5261777120814366,0.99977124,0.99908006,0.5238073
417,0,0,0.39117779092014987,0.986062,0.9999397,0.4017561
418,0,0,0.0007198136474492296,1.3701223e-10,2.0201119e-09,0.0014612832
419,1,1,0.4406024905286075,0.99610955,0.9796888,0.43466043
420,0,0,0.029219424121416673,6.7398956e-05,0.00032319728,0.030524453
421,0,1,0.011572882153362671,6.9579954e-07,3.9693214e-07,0.0118707325
422,1,0,0.5276581563915507,0.99867576,0.9999939,0.52532893
423,1,1,0.9442458090191644,0.99999976,0.999998,0.9364105
424,0,1,0.01096219894244643,0.0002680033,0.00015862078,0.019568956
425,0,0,0.050768034985576305,0.00048762374,0.01190223,0.054622266
426,0,1,0.2861191439306991,0.88476765,0.59365594,0.2854992
427,0,1,0.001674339110375213,1.371514e-09,2.6856564e-10,0.0026384827
428,1,1,0.3208828940299696,0.8935699,0.4879718,0.32773688
429,0,1,0.1691618042901034,0.20462975,0.028856698,0.16887242
430,0,0,0.030940377516625078,0.00022039065,0.003388569,0.031882532
431,0,0,0.010184592218560197,1.2431609e-07,9.2832676e-07,0.011333464
432,0,0,0.025024000558425696,7.698928e-05,0.0022015048,0.026747115
433,1,0,0.9999999999992979,1.0,1.0,1.0
434,0,0,0.1068644047389286,0.035322025,0.3942972,0.06565219
435,0,0,0.010923258847700157,1.3411418e-06,6.7367605e-06,0.0130240815
436,0,0,0.005546022171737493,5.288167e-08,7.019031e-07,0.006102561
437,1,0,0.25447782480053666,0.87829006,0.991863,0.26601315
438,0,0,0.03212994579081573,0.00010871305,0.003306056,0.034032315
439,0,0,0.00172171634837196,2.4598164e-09,2.3288814e-08,0.0023635635
440,0,0,0.054409208269820444,0.00032274958,0.009641085,0.05720679
441,0,0,0.09864981393945475,0.0662671,0.77115256,0.10142682
442,0,0,0.03339522829995882,0.00027684067,0.0030751035,0.036059834
443,1,1,0.8053663880031562,0.9999149,0.9995548,0.7978276
444,0,1,0.7626370399376001,0.9998683,0.9988097,0.74642324
445,0,1,0.09205259652291328,0.012520572,0.0022864945,0.09117106
446,0,1,0.3394228357828454,0.9369754,0.7902744,0.33794773
447,0,1,0.004218679921086413,1.0375807e-06,3.0113438e-07,0.007742529
448,0,1,0.04956710806599526,0.001315928,0.0002661955,0.047592342
449,0,1,0.3376555407921715,0.12698643,0.08358826,0.33379677
450,0,0,0.1094363934457232,0.08338627,0.8894101,0.116012566
451,0,1,0.01882963007189228,1.0734612e-06,2.7214668e-07,0.019704035
452,0,1,0.07240067506769748,0.0010356628,0.0003544649,0.07026821
453,0,1,0.012514444793597888,1.0507012e-05,2.8931536e-06,0.016324224
454,0,1,0.007784282524205072,1.4430373e-06,3.863608e-07,0.010714076
455,0,1,0.05653991218783901,0.004301209,0.0014003182,0.06636426
456,0,1,0.01001424492938403,5.7221005e-06,2.0628004e-06,0.013643752
457,0,0,0.004061977902244191,4.8325596e-06,9.965948e-05,0.007723177
458,0,1,0.15693121336141896,0.1544265,0.03185888,0.15949817
459,1,1,0.896284507456564,0.9999939,0.9999635,0.88314635
460,0,0,0.011564655842525015,4.5570252e-07,4.5949796e-06,0.012365969
461,0,0,0.11576848458856095,0.027641706,0.20122026,0.11922001
462,1,1,0.09548827986882426,0.037326723,0.019372769,0.0928835
463,1,1,0.02801406621357847,1.8754572e-05,3.7295224e-06,0.027242048
464,0,1,0.24133506554712353,0.6192412,0.428233,0.24287814
465,1,1,0.9961390111324429,1.0,1.0,0.99543
466,0,1,0.0803474650713591,0.10956166,0.02363721,0.10495668
467,1,1,0.9277350324487988,1.0,0.9999999,0.9273241
468,0,1,0.007008168089116576,6.3999636e-07,6.777009e-08,0.009671453
469,1,1,0.3396315455391085,0.9891635,0.8695206,0.33918262
470,0,1,0.5745067782211201,0.99959683,0.998266,0.5901942
471,0,0,0.02010495528333602,6.896158e-05,0.0008980091,0.023379914
472,0,1,0.013600416760085665,3.826161e-05,1.5801144e-05,0.018416382
473,0,1,0.4304393728193158,0.99979436,0.9982089,0.44229257
474,0,1,0.006470468990558619,1.1984532e-06,3.7827957e-07,0.008924575
475,0,1,0.25830080183018134,0.5949195,0.49256027,0.25958404
476,0,1,0.21202587999105402,0.4420402,0.08960977,0.21344425
477,0,1,0.005900814718082295,2.172032e-08,1.10882805e-08,0.006464528
478,0,1,0.7420943889968464,0.9999995,0.99999905,0.7430705
479,0,1,0.027231425632278112,8.964386e-05,1.4783663e-05,0.028670857
480,0,1,0.0014341565985017551,2.2812313e-10,3.302883e-11,0.0020688747
481,0,0,0.07358976845527677,0.007141944,0.12698364,0.07895894
482,1,1,0.6591776706607675,0.99997365,0.9998331,0.66026527
483,0,0,0.0753854728878668,0.007856405,0.053907763,0.073814355
484,0,1,0.02116341862837593,5.4102043e-06,1.4157213e-07,0.0229242
485,0,0,0.014315798139504041,3.8569224e-06,9.114784e-05,0.014533959
486,0,0,0.9670920904347491,0.91729695,0.98918706,0.9731321
487,0,1,0.004738008825530298,1.3679455e-06,5.522568e-07,0.006847383
488,0,0,0.023899067087629674,1.4557854e-05,9.895976e-05,0.024894085
489,0,1,0.008071872108700768,2.175035e-06,1.1005137e-06,0.011202977
490,1,0,0.9968483844562777,1.0,1.0,0.99633443
491,0,1,0.4286993041525003,0.9963723,0.989796,0.42509684
492,0,0,0.02880244267664555,8.5538784e-05,0.00096227037,0.029268732
493,1,1,0.35314732481719896,0.96019113,0.78962976,0.3592428
494,1,0,0.9188066218876529,1.0,1.0,0.91911274
495,1,0,0.1624374637865378,0.24185179,0.932025,0.17386754
496,0,1,0.21987894823633067,0.37093318,0.0889756,0.22848327
497,1,1,0.9687290133738667,1.0,1.0,0.96871156
498,0,1,0.29668176336256674,0.83471185,0.7023214,0.30587792
499,0,1,0.17201669551423363,0.29755506,0.05910656,0.17525531
500,0,0,0.0023991853794570477,5.4708187e-07,9.85699e-06,0.0051382165
501,0,1,0.0009811914277234005,1.472936e-09,1.210668e-10,0.0019979295
502,0,0,0.24740556995547702,0.6472165,0.98640484,0.2519291
503,0,1,0.038698308240212684,7.442872e-05,2.5957675e-05,0.040980253
504,0,0,0.035768500210517175,7.085374e-05,0.00062690687,0.03852134
505,1,1,0.621941129197488,0.99995434,0.9998449,0.6182883
506,0,1,0.2056446528359246,0.18387862,0.071438774,0.20816259
507,0,1,0.2383082067203477,0.7031011,0.3094139,0.24210097
508,0,1,0.05816589308972654,0.00026387203,0.00022931049,0.059038337
509,1,1,0.42020834867297313,0.9971962,0.9848054,0.4222699
510,1,1,0.9888184550947188,1.0,1.0,0.9877753
511,0,1,0.0030124297030623653,1.28003e-07,7.691006e-09,0.0046622204
512,1,1,0.15648056714638586,0.2438152,0.015564268,0.16855212
513,0,0,0.47974080996642904,0.99902344,0.9999976,0.47918946
514,1,1,0.5742548808038728,0.9998995,0.99943644,0.58389264
515,0,1,0.18326012156390303,0.41956273,0.054848466,0.17127748
516,0,0,0.036964840762100916,0.0003389282,0.0114018535,0.040201034
517,0,1,0.19728385337538334,0.45032534,0.102225825,0.21395904
518,0,0,0.043194329512523964,0.0007001591,0.012645253,0.04730203
519,0,1,0.0653990236515202,0.00082244474,0.00042687473,0.07929254
520,0,1,0.02730202871058385,4.359222e-05,1.9617677e-05,0.02568961
521,0,1,0.007442714293619943,2.7062896e-08,3.369892e-10,0.007533899
522,0,1,0.052405600421225496,7.01776e-05,4.5275297e-07,0.054673042
523,0,1,0.009761106857097891,1.307716e-07,2.115057e-09,0.009791844
524,1,0,0.4202710149777822,0.9789211,0.9999002,0.41731122
525,0,1,0.6230620263390354,0.9998181,0.9981809,0.62385046
526,1,1,0.021727880229856018,9.1543996e-05,4.2831325e-05,0.022624379
527,0,0,0.0033840985682139298,9.546447e-10,1.8425148e-08,0.0037078464
528,0,1,0.36880416660833615,0.9921157,0.9641261,0.35793862
529,0,0,0.020607553021155692,1.7771128e-05,0.0012345633,0.022217704
530,0,0,0.10081876683963603,0.018968137,0.73061967,0.121279165
531,1,0,0.2913858580781636,0.9628206,0.99605227,0.29956964
532,0,1,0.45432643303693404,0.99592435,0.9789699,0.45287016
533,0,1,0.47758502787041285,0.99754167,0.97823983,0.48559043
534,0,1,0.21014573169559578,0.6375137,0.12545475,0.21409231
535,0,1,0.15328845039231787,0.044667825,0.021268837,0.15698901
536,0,1,0.010529226438594632,0.00016297073,7.190016e-05,0.018679228
537,1,1,0.8400247958252917,0.99999905,0.99999213,0.8372358
538,0,0,0.02140624602078976,9.643128e-06,0.00022697583,0.022759845
539,0,0,0.03010283253090428,0.0006939737,0.009842437,0.031889383
540,1,0,0.37884595066477716,0.95182467,0.9997765,0.37502396
541,1,1,0.6742969649682691,0.9999565,0.9995739,0.674307
542,0,0,0.016777705970219287,5.5777596e-06,5.6478486e-05,0.018341472
543,0,1,0.0144033518785805,2.6589364e-06,5.453202e-07,0.018743351
544,0,1,0.41543017966499307,0.9967914,0.99034566,0.41453314
545,0,0,0.03929098089357752,0.00017087946,0.0039878213,0.041225467
546,0,1,0.07105881012386518,0.0035327377,0.00035949753,0.070802
547,1,1,0.3949667980657708,0.9934011,0.9734821,0.39277622
548,0,1,0.15943130270036737,0.16719344,0.016685173,0.1597591
549,0,0,0.052481733835917976,0.001650086,0.020598885,0.054740965
550,0,1,0.026395757363349565,0.0002610987,6.842411e-05,0.03118966
551,1,1,0.7874874602477939,0.9996152,0.9565041,0.53364956
552,0,1,0.014459923496354018,0.0008995055,0.00074181653,0.025402937
553,0,0,0.0657300426564206,0.03516325,0.33867761,0.06342325
554,1,1,0.2068314382177344,0.5732274,0.31549215,0.20148575
555,0,1,0.04005575351461958,7.3799994e-05,1.24263715e-05,0.038852263
556,0,1,0.03334280864789134,8.0926344e-05,4.5007064e-06,0.03565654
557,0,1,0.027965108452144314,0.0011737474,7.390119e-05,0.03095632
558,0,1,0.02836514026020854,7.998787e-05,3.1980286e-05,0.02739139
559,0,0,0.03312693690992773,5.04828e-05,0.002149257,0.034961767
560,1,1,0.8118366361758232,0.9999858,0.9998958,0.8082276
561,0,1,0.005646645729595107,1.3091484e-07,4.386947e-08,0.008222006
562,0,0,0.03230945961504814,0.000115795054,0.0031557116,0.035427593
563,0,1,0.023209474059279492,4.2664137e-06,2.9502159e-08,0.02454316
564,1,1,0.9423098882650062,0.9999814,0.9986168,0.93145835
565,0,1,0.05155684740887652,0.0012174846,0.0006854149,0.051326696
566,0,1,0.1610888432047165,0.82091665,0.61988056,0.16112044
567,0,1,0.6205847504822466,0.9997765,0.9981809,0.62069684
568,1,1,0.9564005905360485,0.99999976,0.99999917,0.9532128
569,0,0,0.028862825736330682,1.0997398e-05,0.000100113066,0.030958219
570,0,1,0.010518925176585054,3.9813166e-08,2.472598e-08,0.010904328
571,0,1,0.27234704847550184,0.90368694,0.63601077,0.27614906
572,0,1,0.18026883554610826,0.19006409,0.025998663,0.18312366
573,0,1,0.005344952884461017,1.5963544e-05,9.779768e-06,0.009912856
574,0,1,0.04016350941805698,0.00033781468,0.00011686807,0.038537085
575,0,1,0.007495705692310851,8.762256e-07,7.2640425e-08,0.009620028
576,0,1,0.02596734004914055,2.8092643e-05,9.4153853e-07,0.027156165
577,0,0,0.01309139677047489,5.759114e-07,9.169131e-06,0.0136196045
578,0,1,0.011961162018427162,9.304505e-07,5.5798114e-07,0.012887201
579,0,1,0.010490688019207044,3.0718678e-07,2.4855498e-07,0.010783219
580,0,0,0.48179335422133557,0.9983197,0.999997,0.5298235
581,0,1,0.021971725513520016,1.5377407e-05,5.055676e-06,0.020642122
582,0,0,0.001079457453987087,5.7198407e-10,1.3462288e-09,0.0018686862
583,0,1,0.5656347632689726,0.9600391,0.82177943,0.5543454
584,1,1,0.2809506283905468,0.8688446,0.5521089,0.2805238
585,1,0,0.5995810209965058,0.9998646,0.9999993,0.6058357
586,0,1,0.010903996325142468,6.204174e-05,1.5850044e-05,0.016693203
587,0,1,0.194796635537347,0.5031772,0.15251277,0.19850606
588,0,1,0.03133297425021445,4.1053263e-05,1.3996236e-05,0.031154841
589,0,0,0.1067942954801351,0.1345406,0.8877802,0.114361
590,1,0,0.8830759762753101,0.9999771,0.9999999,0.8748643
591,0,1,0.6432729519382311,0.9997889,0.9992687,0.6451531
592,0,0,0.03195328914799545,0.0002157897,0.002568756,0.03295991
593,0,1,0.013118518012306367,1.329652e-05,3.3445938e-06,0.01692829
594,0,0,0.0031148215349726597,3.5419273e-08,4.02232e-07,0.0045035416
595,0,1,0.005909720602519865,4.7307453e-06,1.6848894e-06,0.010653496
596,0,0,0.007870684627122428,3.0179564e-07,3.0103809e-06,0.011466947
597,0,0,0.00015733327447528243,2.6863343e-09,5.2838593e-13,0.00073693227
598,1,1,0.46003635216366673,0.99698764,0.9786647,0.45576602
599,0,1,0.007530250890705921,7.934429e-06,3.432818e-06,0.010705473
600,0,1,0.17203046256394916,0.30616137,0.08507905,0.17104553
601,0,1,0.21692300945591206,0.20394526,0.042384084,0.21379662
602,0,1,0.004633834924097335,1.5653458e-07,4.0932903e-08,0.006425898
603,0,0,0.03351417224910534,0.00026733696,0.0036684652,0.034405913
604,0,0,0.0006198202989774974,1.4134636e-14,5.2593884e-12,0.0008597067
605,0,1,0.017181643972642987,9.619986e-07,1.5739442e-07,0.016983263
606,0,1,0.05839186564392952,0.00053920614,0.00010884521,0.05566083
607,1,1,0.8851685824597697,0.99999976,0.999998,0.8859453
608,1,1,0.2619032885401158,0.31907487,0.08241589,0.26148242
609,0,1,0.23735995791685022,0.6353765,0.21499716,0.23868734
610,0,1,0.2998454963768748,0.9844667,0.92703724,0.3139925
611,0,1,0.16020271663031543,0.05707811,0.0120004285,0.16136499
612,1,1,0.24050511457264123,0.7971489,0.5364917,0.24068263
613,0,0,0.02811518745598733,6.223836e-05,0.0015750058,0.028654221
614,0,0,0.6325738086052962,0.9999516,0.99999976,0.6420886
615,0,0,0.09614528868887912,0.025042221,0.25975043,0.10248968
616,0,1,0.11123436960512356,0.008708766,0.0010901043,0.10793305
617,1,1,0.44548699493068855,0.99683845,0.98582673,0.43270734
618,0,0,0.002577119469713711,2.1878153e-08,4.320129e-07,0.003911998
619,0,0,0.0595623681719488,0.0015414958,0.021480044,0.062282946
620,0,0,0.012432380708406162,2.4016774e-07,2.3569937e-06,0.013494822
621,0,1,0.3001351844245718,0.92173123,0.68965966,0.29843813
622,0,1,0.0048702439704887265,4.6271456e-08,1.4281503e-08,0.006541663
623,0,0,0.7351163781899221,0.99999917,1.0,0.7356233
624,0,0,0.1577590899944941,0.027290585,0.48960933,0.16000399
625,0,1,0.019051521973836874,3.681193e-06,1.8182712e-07,0.01909172
626,0,1,0.13128141164684354,0.18003884,0.00079115975,0.13524278
627,0,0,0.040349613887869694,0.0007862254,0.03932488,0.042548887
628,0,0,0.02332067524847152,5.3931435e-06,5.051646e-05,0.024880825
629,0,0,0.03189301826091311,0.00035270717,0.007557485,0.034308802
630,0,0,0.006087741439885609,1.9467545e-09,2.8474682e-08,0.0065932437
631,0,1,0.4062372624926847,0.9955414,0.96728826,0.41594172
632,0,1,0.5082510100136507,0.99686605,0.9897994,0.5054661
633,1,1,0.9999999999999978,1.0,1.0,1.0
634,0,1,0.0028411291465899424,1.4682863e-08,1.9069875e-08,0.006315831
635,0,1,0.2862474596613404,0.95667833,0.5431325,0.2810177
636,0,1,0.3607361217593799,0.9823549,0.8242327,0.35198855
637,0,1,0.09519912776076157,0.0073642144,0.0005263895,0.09828314
638,1,1,0.5699395064455622,0.9997391,0.99898607,0.56333673
639,0,1,0.7705934517708363,0.9999316,0.99966085,0.7575455
640,0,0,0.01979088548689335,1.2523282e-07,2.458355e-06,0.021026414
641,0,0,0.010154109468182989,6.400122e-07,1.9456775e-05,0.011067723
642,0,1,0.016705505048488535,2.50123e-06,1.1678187e-06,0.016849242
643,0,1,0.12465605710286679,0.047576807,0.007322099,0.12529454
644,0,0,0.00489616247316445,3.8843825e-07,2.8562521e-05,0.011434987
645,0,1,0.10121231040785957,0.009719072,0.0031191027,0.10000643
646,0,1,0.004213977225462119,4.9008406e-07,1.11258466e-07,0.006621754
647,1,1,0.7829161667234613,0.9999981,0.99998224,0.7810234
648,0,1,0.5914037762718435,0.9998568,0.998855,0.5952739
649,0,0,0.014141187796581679,7.2504633e-07,2.8906117e-05,0.014614709
650,1,1,0.9384721444380346,1.0,1.0,0.9389596
651,1,0,0.17719271810268553,0.4900561,0.8901686,0.18596634
652,0,1,0.2037510637372509,0.5303751,0.09281494,0.20055209
653,0,1,0.012545560415425592,3.9690488e-07,1.3029705e-07,0.012805828
654,0,0,0.034151492451680844,0.00023489517,0.0039583314,0.037881542
655,1,1,0.47971119113947414,0.99790394,0.98848766,0.47593847
656,1,1,0.7911512737043573,0.99999857,0.99999297,0.78839344
657,0,1,0.4350077136950087,0.9977011,0.9904081,0.43082026
658,0,0,0.4561838531266929,0.9993162,0.9999969,0.46312034
659,0,0,0.2609772995489579,0.8921099,0.9996689,0.28306192
660,0,1,0.5333159669977797,0.97692037,0.89480406,0.5253038
661,0,0,0.007076273429955237,4.321202e-06,5.559083e-05,0.0100701405
662,1,1,0.36909692324321663,0.9780711,0.907597,0.37418854
663,0,1,0.5645672593558225,0.9997056,0.9977048,0.56892985
664,1,1,0.9982268409307765,1.0,1.0,0.99787617
665,0,0,0.026112782640704886,2.358287e-05,0.00017310007,0.02695339
666,0,1,0.30658481415724637,0.94423485,0.82381624,0.3089517
667,0,1,0.02140199439418648,6.477136e-06,3.0407796e-07,0.024628501
668,0,1,0.2806650586117603,0.83600533,0.43445185,0.28130385
669,1,1,0.7120867441752232,0.99998474,0.99986815,0.71054035
670,0,0,0.0011196779434851946,8.4452384e-10,2.3421297e-08,0.0017833012
671,0,1,0.004127766181561875,1.3377363e-06,9.8440076e-08,0.007948332
672,0,1,0.13305093852830913,0.1826733,0.05631199,0.12732399
673,0,1,0.03725603929421314,0.0005347168,0.00027132969,0.044091307
674,0,0,0.0007703391546442684,1.0855851e-11,1.2129077e-10,0.0011962992
675,0,1,0.070282277149454,0.005520768,0.0013398221,0.06656319
676,0,1,0.022144841710496323,1.1031389e-05,3.254575e-06,0.021594338
677,0,0,0.13649379845341453,0.20580725,0.9759,0.15516156
678,0,1,0.24445207417004855,0.75892097,0.2784308,0.24097627
679,0,0,0.0023790114791523123,7.194425e-08,1.3473132e-06,0.004102615
680,0,0,0.002926797269300374,1.5343751e-08,5.680657e-07,0.0044132755
681,0,1,0.0817974151722271,0.0005404644,0.00013655672,0.079876564
682,0,0,0.16778522080873015,0.4589543,0.94268435,0.18030049
683,0,0,0.07442200103026898,0.90067476,0.9927493,0.09298906
684,0,0,0.030121878395858625,8.010756e-05,0.0013904725,0.030943276
685,1,1,0.2701286378404274,0.9299795,0.571415,0.26951736
686,1,1,0.2140744934378176,0.8802664,0.6964384,0.23406205
687,0,1,0.007494556582928902,9.030473e-06,1.9877605e-06,0.011579928
688,0,0,0.006160334087110284,9.103939e-07,2.2566912e-05,0.009328066
689,0,1,0.011801862714446125,6.3547753e-07,5.0400697e-08,0.012828905
690,0,0,0.10687543638042751,0.053155858,0.39079168,0.11666122
691,0,1,0.2955818798452437,0.5048123,0.30935115,0.31082907
692,0,1,0.0257767889099915,1.6402651e-05,1.9585377e-06,0.023829015
693,0,1,0.08516440895265597,0.013208308,5.4484633e-05,0.08805134
694,0,1,0.6221532612849618,0.99995697,0.9998727,0.63209885
695,0,1,0.016565006973106585,0.00018959642,9.735166e-05,0.02275358
696,0,0,0.0033626349210373113,4.214177e-10,6.760093e-09,0.0037623812
697,0,1,0.08243479030053494,0.0032704584,0.00056928874,0.08610362
698,1,1,0.49819446717260246,0.99953765,0.9981521,0.4978332
699,1,1,0.4272275699322608,0.9982268,0.99391335,0.43849638
700,0,1,0.0010053409163182589,4.0029275e-11,2.2239174e-12,0.0015337558
701,0,1,0.2719859034087766,0.8468515,0.34729722,0.28047284
702,0,0,0.020086907496960137,1.3233041e-05,0.00036779864,0.023095213
703,1,1,0.7377500991323886,0.9999939,0.99994195,0.73820615
704,0,1,0.08428368952424575,0.0060474994,0.0012853048,0.087015405
705,0,1,0.20548513901891752,0.06877444,0.0055062966,0.20811446
706,0,0,0.010822639519626653,3.1218502e-07,4.0692985e-06,0.011642543
707,1,1,0.9520777944226727,0.9999999,0.99999905,0.94701844
708,0,1,0.007036169090839072,6.166794e-07,2.399104e-07,0.009665486
709,0,1,0.09352383130894477,0.026462026,0.0058014784,0.09349675
710,1,1,0.898777156843137,0.9999895,0.99995387,0.8928829
711,0,1,0.5054518491539616,0.99831814,0.9943902,0.50329286
712,1,1,0.36432010001600434,0.9799192,0.90702385,0.36134025
713,0,1,0.19818853927571636,0.238324,0.10312332,0.1967966
714,0,0,0.6635319915429052,0.99993277,0.99999964,0.6676017
715,0,1,0.5649337481282148,0.99965453,0.99816316,0.5669225
716,0,1,0.21896344493978517,0.06249866,0.01907762,0.20973521
717,0,1,0.6195170775420276,0.99996567,0.9994942,0.6173261
718,0,1,0.1341681325487381,0.18689463,0.08592658,0.13455437
719,1,1,0.7527898416368765,0.999979,0.9999484,0.750577
720,0,1,0.05633264375258201,0.03896143,0.008021148,0.07501014
721,0,1,0.5608349023986939,0.999236,0.99531597,0.55237657
722,0,0,0.010353822459228388,2.7953516e-07,2.706321e-06,0.011180077
723,0,0,0.004720408800549001,6.054221e-09,1.2595721e-07,0.005336362
724,1,1,0.42700342170343947,0.9973979,0.9881344,0.4253605
725,1,1,0.30561533064541,0.895633,0.59424466,0.3124323
726,0,0,0.002205396842372486,4.570602e-09,4.4424873e-08,0.0033694585
727,0,1,0.11070723654911407,0.094598174,0.010094194,0.16227509
728,0,0,0.004282687542489656,2.1779218e-09,3.1277857e-08,0.004800078
729,0,1,0.36834925307302113,0.99802774,0.9340989,0.39016172
730,0,1,0.2526779542962768,0.8467062,0.30745736,0.2563891
731,0,1,0.011736149863720171,0.00069764006,0.00032284684,0.020889405
732,1,0,0.08247566385785371,0.019889668,0.31205556,0.087507434
733,1,1,0.8254737909267101,0.99999976,0.999998,0.8230831
734,1,1,0.9969058847466097,1.0,1.0,0.99635655
735,0,1,0.4710366378362163,0.9980287,0.99392277,0.47281227
736,0,1,0.03362631660609353,0.0029130091,0.0009258056,0.045302182
737,0,0,0.8170872257721192,0.9999994,1.0,0.8150135
738,0,1,0.021966762542737,5.597977e-06,2.0611878e-06,0.021919072
739,1,1,0.8870132471424672,0.9999906,0.99996054,0.87750286
740,0,1,0.0654427477616137,0.0055978983,0.0035064395,0.06432625
741,1,1,0.5116238158112861,0.99994266,0.9997403,0.53107333
742,0,1,0.05391178235131011,0.01601769,0.0010831909,0.074750885
743,0,0,0.010890419268318968,1.485977e-07,8.512082e-07,0.011134444
744,0,1,0.1300789076711542,0.3162317,0.031808786,0.13420549
745,0,0,0.032802932226943984,0.00014822013,0.0014485546,0.033283435
746,1,1,0.735756237023169,0.9999949,0.99997663,0.73360384
747,1,1,0.5130110812207939,0.99938476,0.9947517,0.4990077
748,1,1,0.4889525197065669,0.99669456,0.9921933,0.49451545
749,0,1,0.11379723802434076,0.01813556,0.0021032249,0.11716633
750,0,1,0.19615735896100564,0.57857627,0.24343705,0.2012604
751,0,1,0.02125845799342317,1.4404083e-06,1.1773709e-06,0.02178921
752,0,1,0.1284323459328552,0.047079235,0.0065722396,0.13116784
753,1,1,0.4356005613162291,0.99685717,0.9834673,0.4321473
754,0,0,0.056149836437808555,0.019948378,0.7127416,0.069669835
755,1,1,0.4346243287040467,0.990943,0.9496502,0.42897257
756,1,1,0.44987971240170005,0.9996095,0.99875796,0.47504818
757,0,1,0.24014312560125758,0.65364784,0.23424631,0.2415018
758,0,0,0.06256141756805265,0.0039165434,0.07368742,0.06614095
759,1,1,0.724643029465349,0.99998844,0.9999192,0.7238957
760,0,0,0.09943559085478144,0.0020741897,0.13924205,0.10518237
761,0,1,0.5205970720335945,0.99286824,0.9952834,0.5028925
762,0,0,0.025564525642281913,3.9475326e-05,0.0005607776,0.027461533
763,0,1,0.0003605778637652261,1.0429053e-13,5.381262e-14,0.0005255706
764,1,1,0.41369825412553274,0.9953067,0.9753661,0.4205156
765,0,1,0.40743877722241917,0.99731135,0.9874536,0.3983364
766,0,0,0.08611137603117787,0.011550334,0.5517426,0.091430195
767,0,0,0.008987241022625799,1.6819676e-07,6.0657753e-06,0.009776137
768,1,1,0.540030021885367,0.99937916,0.99742836,0.54079306
769,0,1,0.1478436086058785,0.051605597,0.005540041,0.15040728
770,0,0,0.018638875335064455,2.1873411e-06,2.0399959e-05,0.020123212
771,0,0,0.5818110166251891,0.99936694,0.99991167,0.5980821
772,0,0,0.014014814822278693,6.1361757e-06,9.6037096e-05,0.017069086
773,1,1,0.44501010277004965,0.9924897,0.9557707,0.45034498
774,0,1,0.08487260880278032,0.8592147,0.35676393,0.119820446
775,0,1,0.010241476565197484,7.6026373e-07,2.9391913e-07,0.011794926
776,0,1,0.004515968585542876,1.3074515e-07,3.539199e-08,0.006282319
777,0,1,0.4019315399429429,0.9922464,0.94916755,0.4130352
778,0,0,0.4997451105064518,0.99881583,0.99999595,0.50719696
779,1,1,0.6770971473346712,0.9999591,0.9997809,0.6740093
780,0,1,0.2678396661897076,0.84632814,0.55884594,0.26897863
781,0,0,0.5113203047340894,0.9993143,0.9999913,0.50248533
782,1,1,0.5702081719232773,0.9997707,0.99916905,0.5762265
783,1,0,0.5447063861825888,0.9827378,0.9998543,0.5406094
784,0,1,0.016658977176192122,1.8775711e-06,8.9804547e-07,0.016282853
785,0,1,0.7363404740946543,0.9999924,0.99994206,0.7341839
786,1,1,0.9711802589900329,1.0,1.0,0.966948
787,0,0,0.00022117533752735643,3.5506922e-09,1.9373947e-12,0.00095436524
788,0,1,0.6222559742203594,0.99992025,0.99948466,0.621948
789,1,1,0.3779378359477599,0.97230387,0.8644448,0.3737536
790,0,1,0.003717432290373414,2.762937e-08,4.7432374e-09,0.005249473
791,0,1,0.0032028503136195758,7.421129e-08,2.0361819e-08,0.005053228
792,0,0,0.02972619007345134,3.4111723e-05,0.00029341786,0.030466624
793,1,1,0.8963517601106262,0.9999989,0.9999918,0.8902573
794,0,1,0.4734585580494929,0.9996296,0.9977551,0.48036852
795,1,1,0.9961019792335242,1.0,1.0,0.99554044
796,1,1,0.912670477421836,1.0,1.0,0.91299766
797,0,0,0.001123958087671439,9.463266e-11,2.3035311e-09,0.0017183209
798,1,1,0.9003771643595017,0.99999964,0.9999988,0.9020647
799,1,1,0.226013943434652,0.66853386,0.25389448,0.22379406
800,0,1,0.6595195801214734,0.9998169,0.99888736,0.6567528
801,0,1,0.346543383525169,0.99560577,0.9729382,0.3459518
802,0,1,0.14008669424640113,0.017096918,0.016030524,0.14158002
803,0,1,0.08693674283683671,0.009837572,0.004010488,0.08712972
804,0,0,0.424426945443097,0.9979386,0.9999784,0.42229933
805,0,0,0.003604551651697642,1.4661711e-07,1.5545411e-06,0.005266572
806,0,1,0.21214869617872906,0.47856614,0.14228539,0.21517006
807,1,1,0.9982559737846173,1.0,1.0,0.99792826
808,0,1,0.0028227197977639135,4.4913295e-09,8.0517737e-10,0.003979215
809,0,1,0.037113643873997466,0.00015540456,6.69861e-06,0.03933461
810,1,0,0.6155623875321506,0.999382,0.9999932,0.6138114
811,0,1,0.015909451580535583,1.9905337e-06,7.938212e-07,0.016005669
812,1,1,0.46277446692472757,0.9969708,0.9815798,0.459169
813,0,0,0.029179032372763314,4.3308297e-05,0.00040007982,0.030362356
814,0,1,0.20708647055784704,0.27744907,0.13906406,0.21025628
815,0,1,0.07772764904720152,0.0017246617,0.0004474378,0.078258276
816,1,1,0.8792759857212602,0.9999546,0.9994991,0.86962557
817,0,1,0.023277585027373406,1.7980707e-05,4.031298e-06,0.02252626
818,0,1,0.20248810191592648,0.85364777,0.69849,0.19638506
819,1,1,0.5832407503398543,0.9983431,0.9949149,0.583866
820,1,1,0.7997037485041593,0.99999905,0.99999046,0.7979552
821,0,0,0.003965144046689617,4.0064685e-09,1.1632083e-08,0.004656964
822,1,1,0.7767010589923383,0.999992,0.9999738,0.775849
823,1,1,0.2608464389338661,0.9007624,0.2921634,0.27404562
824,0,1,0.01744372118481131,9.0568295e-07,7.4265354e-09,0.018701596
825,0,1,0.539174230140952,0.99996996,0.9999261,0.53386337
826,0,1,0.08399505340308695,0.010875961,0.0052585825,0.08167025
827,0,0,0.015946779349257072,1.7399874e-06,3.5378915e-05,0.016401079
828,0,1,0.16364386187774185,0.11172875,0.011507346,0.16632359
829,0,0,0.11013976322224374,0.112478204,0.79691917,0.11563229
830,0,1,0.01012994239595933,1.0684836e-05,1.9580784e-06,0.013396933
831,0,0,0.27514730810785576,0.8519619,0.9991561,0.26888064
832,0,1,0.030894943052888268,4.909683e-05,2.0016463e-05,0.030559042
833,0,0,0.13454794887741067,0.12784159,0.7158815,0.13367319
834,0,0,0.04378226520781377,0.00062895095,0.0034939973,0.04373806
835,0,0,0.03636086068845367,0.00046694552,0.006275318,0.037336398
836,0,0,0.012243073706607516,3.3699342e-07,4.9031446e-06,0.012579238
837,1,1,0.3603549341948802,0.9816134,0.9361766,0.35742164
838,0,1,0.4097594565596314,0.97992927,0.9371886,0.4088493
839,0,1,0.020674150043481436,0.0022430453,0.00040797313,0.03606978
840,0,1,0.06864517281490679,0.003597971,0.00046130255,0.06951624
841,0,1,0.39780371448954277,0.98790145,0.9278355,0.40386435
842,0,1,0.039489967575350164,0.0001450956,4.0511277e-05,0.03797979
843,0,0,0.00593751531364422,1.1884489e-08,1.6906212e-07,0.0065872814
844,0,0,0.04604880146627372,0.00027113108,0.002729697,0.05084625
845,0,1,0.014744990279570476,1.7584705e-06,2.303362e-07,0.016701758
846,0,0,0.08426059695180156,0.035501823,0.6335863,0.086568624
847,0,1,0.7010119788881347,0.9999776,0.99982405,0.70098066
848,0,1,0.05852496837894397,0.076461636,0.018592328,0.07712769
849,1,1,0.8556143152506562,0.9999999,0.99999964,0.85467273
850,0,0,0.07051366238011793,0.0057161585,0.25549918,0.07372647
851,0,1,0.04887389467668634,3.328897e-05,2.6270161e-05,0.04835815
852,0,1,0.17650597601514376,0.37841243,0.0130405305,0.18926334
853,0,1,0.08759794785390186,0.0075227725,0.0017423283,0.090452
854,0,0,0.0066251740792817055,2.628976e-05,0.00034982778,0.012866861
855,1,1,0.14815177932788395,0.24179079,0.024986425,0.14970778
856,0,1,0.08171552144118012,0.004060901,0.0006173419,0.08458951
857,1,1,0.45040071191097786,0.9992519,0.9965437,0.45438862
858,1,1,0.2090505833178715,0.57972693,0.2568921,0.21027946
859,0,0,0.09717912216807968,0.0063284,0.19237863,0.098813795
860,0,1,0.17051315070866646,0.18164055,0.018217774,0.16959737
861,0,1,0.06217605024978536,0.001294635,0.00041731476,0.06500054
862,0,0,0.0038128263359830336,2.0888352e-07,2.2101024e-06,0.005548078
863,1,1,0.8296736083619078,0.9999994,0.9999982,0.8288285
864,0,1,0.04556278772388396,0.0001447079,6.0735958e-05,0.046462353
865,0,1,0.14803368311347118,0.19347377,0.00936664,0.15906611
866,0,0,0.0012411801166051825,1.1830927e-09,2.6416564e-09,0.0021413472
867,0,0,0.031278185221696585,0.00012532125,0.00085184514,0.032521665
868,0,0,0.00021995693254746754,5.1804645e-09,2.9159782e-12,0.00095997285
869,0,1,0.43272066653246394,0.99869126,0.99265796,0.4360618
870,1,1,0.36921108191765756,0.9847949,0.948774,0.36794356
871,0,1,0.015763009016711762,7.342374e-05,2.7412025e-05,0.021130435
872,0,0,0.08170749511515628,0.009500258,0.06627522,0.08620804
873,0,1,0.026395121538754226,3.077005e-05,5.763307e-06,0.025479903
874,0,1,0.11059596274936553,0.068815686,0.020822974,0.122841515
875,0,1,0.013638616060031137,2.3723758e-06,2.3718828e-06,0.015989726
876,0,1,0.2612089645626107,0.9607287,0.8081417,0.26932973
877,0,0,0.6128384320128163,0.99970967,0.9999988,0.6120017
878,0,1,0.04372129190624256,9.598061e-05,5.1902745e-05,0.041440856
879,0,0,0.003495941194629106,2.1789343e-10,8.125507e-09,0.0039447434
880,0,1,0.2903793582898651,0.8527122,0.6098943,0.29803878
881,0,1,0.006371847201997521,1.02246595e-05,2.5386905e-06,0.011068605
882,0,0,0.003547158597594595,2.5704612e-09,7.56656e-08,0.003997895
883,0,1,0.013253498693361298,1.2476663e-06,2.8929225e-07,0.013551322
884,0,0,0.5606881199649165,0.9932254,0.9999895,0.6086942
885,0,0,0.010774852047978315,7.712354e-08,7.460308e-06,0.0131581845
886,1,1,0.49970480032671893,0.99929166,0.9918208,0.48658258
887,0,0,0.01777540698452671,7.985425e-06,0.00019559654,0.021586547
888,0,1,0.5811786200011233,0.99980664,0.9992311,0.57361615
889,0,1,0.028946143079395664,1.2744291e-05,8.84843e-06,0.031333633
890,0,0,0.009669726394395268,6.568914e-07,1.0497448e-05,0.012155904
891,0,1,0.021572935508578014,0.0001971119,5.0441315e-05,0.029678732
892,1,1,0.7386671296521384,0.99998164,0.9999342,0.7310309
893,0,0,0.028042699854728577,4.8005815e-05,0.001496233,0.029756626
894,0,1,0.41959470810411986,0.9722278,0.9066735,0.45122367
895,1,1,0.20651222165250907,0.74747705,0.4917189,0.20325416
896,0,1,0.0970748693822732,0.011987658,0.00219213,0.099854805
897,1,0,0.8192782025210004,0.9999989,1.0,0.8183498
898,1,1,0.7864944075091074,0.9999989,0.9999968,0.7862029
899,0,1,0.0026335178334615976,2.3448865e-09,5.5947524e-10,0.0036861259
900,0,1,0.0149137621446098,0.0021664372,0.0015000548,0.026645783
901,0,1,0.005887601430427475,1.6041582e-07,6.915802e-08,0.008019031
902,0,1,0.10442575783531081,0.009289199,0.0016882521,0.09695404
903,0,1,0.0060045224613588235,3.2941163e-09,1.5667097e-09,0.0060948343
904,0,1,0.504767430543638,0.9987748,0.99407107,0.503011
905,0,1,0.08885555843119822,0.024811795,0.007001819,0.08327847
906,0,1,0.046532263260679954,0.00036057027,1.4364136e-05,0.052208122
907,1,1,0.9063386542672065,0.9997327,0.99921227,0.8903201
908,1,1,0.21759021766093023,0.67124164,0.31841448,0.21922734
909,1,1,0.6572369313075779,0.99990666,0.99939764,0.6568569
910,0,1,0.009342086227945181,6.26564e-07,1.7366654e-07,0.010741159
911,0,0,0.00269531370152153,8.244623e-09,9.314078e-08,0.0041001374
912,0,0,0.0006427825111799884,1.8059504e-12,7.254505e-11,0.001011964
913,1,1,0.9921681110831946,1.0,0.9999999,0.99101585
914,0,1,0.3233519660196383,0.9437735,0.74573547,0.32218432
915,0,1,0.3367682705631082,0.9901556,0.9080263,0.3412783
916,1,1,0.6145334431477116,0.99979293,0.99891245,0.6041201
917,0,1,0.5722725702008084,0.9999858,0.9999287,0.57636327
918,0,1,0.011165188522384403,1.559072e-05,3.8971793e-06,0.015271824
919,0,1,0.03190103885970395,0.00035642248,6.50714e-05,0.043203488
920,0,1,0.09988414579636815,0.01719085,0.004539966,0.09798518
921,1,1,0.8711829896912542,0.9999989,0.9999969,0.866317
922,1,1,0.1647748606094438,0.6458231,0.2809755,0.18389815
923,0,1,0.5495477132008614,0.8911101,0.5547742,0.5219601
924,0,1,0.005329203783230371,3.6441918e-07,4.772914e-09,0.0073667318
925,0,1,0.05165388593681148,4.689596e-05,1.7429003e-05,0.031082932
926,1,1,0.7537117019561036,0.99999726,0.9999796,0.75462747
927,0,0,0.005009829253702013,4.236643e-07,1.5508494e-05,0.0074922135
928,0,0,0.04758865895810465,3.6314423e-06,3.7738733e-05,0.055755284
929,1,0,0.46548333148035576,0.99897265,0.9999218,0.4805285
930,0,0,0.0847825577771648,0.030557195,0.1944508,0.08375436
931,0,1,0.39178723721376,0.9922464,0.97259086,0.39411372
932,1,1,0.6177360315644356,0.99980974,0.99878365,0.6171035
933,0,1,0.5462112596021145,0.9994561,0.9968721,0.5386555
934,0,0,0.03344179518071293,0.002343061,0.036827404,0.035683114
935,0,1,0.05870952439114263,0.00062581117,9.845346e-05,0.057969496
936,0,0,0.0021029341828019197,3.7787064e-08,5.517914e-07,0.003623961
937,0,1,0.024071201695349626,2.0863616e-05,5.3104213e-06,0.023351228
938,1,0,0.13750279944737295,0.1146771,0.65542835,0.13725846
939,0,0,0.00037793724199267667,3.16551e-13,4.8566116e-12,0.0006002234
940,0,1,0.03186656170524925,5.7123878e-05,2.5564417e-05,0.031561553
941,0,1,0.015313751462624002,9.239399e-05,5.9862123e-05,0.020634562
942,0,1,0.08548604801966733,0.0028569417,0.0003609861,0.08951916
943,0,1,0.20986190998676216,0.493395,0.11139693,0.21119636
944,1,1,0.21010219524867674,0.9863682,0.8882739,0.22230354
945,0,1,0.01970375140221991,1.589303e-05,1.2429726e-05,0.020387255
946,0,0,0.008695471659550928,8.6047985e-05,0.0032305785,0.016625749
947,0,1,0.14737229629582707,0.16453318,0.023701496,0.14843485
948,1,1,0.7141386949528011,0.9999809,0.99989176,0.71100754
949,0,1,0.006799376295828618,1.1000604e-06,3.4867494e-07,0.009362255
950,0,1,0.3852863884716884,0.99793446,0.99060696,0.38681152
951,0,1,0.04432620553344606,0.00011513761,1.3317763e-05,0.044134095
952,0,1,0.24608383803478595,0.7695445,0.42925158,0.25093165
953,0,1,0.1924653088503573,0.31368986,0.09935145,0.1906284
954,0,1,0.002003516736023039,2.300857e-09,6.5647376e-10,0.002843947
955,0,1,0.04094279432207537,0.0005247064,0.00025204924,0.042984337
956,0,1,0.06273925825168891,0.00023034019,0.00024182184,0.06221904
957,0,0,0.033866991338131654,0.00012705296,0.0023368131,0.0350036
958,0,1,0.05425431529972024,0.0044065556,0.0009203456,0.056149893
959,0,0,0.0053900871001742855,2.23275e-05,0.00037874785,0.010140324
960,1,1,0.39469413755728866,0.9038552,0.8032307,0.40043858
961,0,0,0.053336318960040846,0.0009213963,0.05880863,0.056127574
962,1,1,0.9439213650986936,0.9999999,0.9999989,0.9413248
963,0,1,0.010359025678563625,6.211527e-05,2.5773857e-06,0.015645023
964,0,0,0.024577449361401802,1.8608342e-05,0.00020997015,0.025747709
965,0,0,0.1233405903692839,0.1484785,0.6893987,0.12779732
966,0,0,0.0010524037611198875,7.785117e-11,1.7531997e-09,0.0016199241
967,0,1,0.022608445821227834,0.0118224025,0.0026404886,0.03765566
968,0,0,0.045372198377469586,0.0021900286,0.04659874,0.046124678
969,0,1,0.10322550027086133,0.2816,0.032517318,0.10954525
970,0,1,0.006205205169022054,5.456302e-07,1.4812542e-07,0.008595081
971,0,1,0.5288010494504111,0.9995499,0.9973458,0.5182788
972,0,1,0.01251972990121649,0.00072510284,0.00020157263,0.02234371
973,0,1,0.03714922863579437,0.00033253073,6.6822475e-05,0.036453918
974,0,0,0.007595639284683656,1.1272937e-07,2.8484546e-06,0.008391706
975,0,1,0.022982241949274083,1.4853588e-05,4.7671892e-06,0.022396078
976,1,1,0.9154051846015224,1.0,1.0,0.9167005
977,1,0,0.9947059413135059,0.9999999,1.0,0.99512
978,0,0,0.014813583451398793,1.8841112e-06,2.8818013e-05,0.0161496
979,1,1,0.7455973837398031,0.99999213,0.999933,0.7427393
980,0,1,0.0015584113015127152,1.5400528e-10,3.703268e-11,0.0022414941
981,0,1,0.018442181624246337,3.4943432e-06,3.8260026e-07,0.017082172
982,1,1,0.9996444387522092,1.0,1.0,0.9995436
983,0,1,0.051609705825866756,0.00023005575,3.95281e-05,0.05185453
984,0,1,0.2702339443073304,0.82951903,0.54594684,0.27103022
985,1,1,0.18848381396611288,0.3451646,0.0946831,0.18863817
986,0,1,0.32725086271713183,0.64037496,0.43749726,0.33167517
987,1,0,0.7185339230685471,0.99912995,0.9999963,0.71553445
988,0,1,0.00961037457936061,4.5942794e-05,1.6619153e-05,0.013678859
989,0,1,0.3352435758643621,0.97781813,0.86835915,0.3190768
990,1,1,0.9999999999999951,1.0,1.0,1.0
991,0,0,0.02746786387899533,8.511389e-05,0.011537847,0.03418447
992,0,0,0.4633404306574098,0.99980783,0.9999776,0.46852538
993,0,1,0.10668791056774624,0.009020714,0.000841652,0.1108846
994,0,1,0.8658493892018128,0.99999917,0.99999726,0.86210346
995,0,0,0.7618680783738946,0.99999833,1.0,0.76218015
996,0,0,0.25354772106685414,0.4132425,0.77138937,0.2626831
997,0,1,0.03309587904954218,9.892381e-05,5.2614676e-05,0.03219572
998,0,1,0.0049218547041842515,1.6321104e-07,2.6111106e-08,0.0065807686
999,0,1,0.13093016783051936,0.040941734,0.014253947,0.13653985
1000,0,0,0.03004500140567057,0.000105891835,0.0011555327,0.03182803
1001,0,1,0.3944791057377514,0.98990196,0.95990044,0.39110005
1002,0,1,0.323413344124823,0.9430469,0.7487278,0.32248864
1003,0,1,0.2249050189563542,0.84513646,0.6705866,0.2210016
1004,0,1,0.18030001796678105,0.5577663,0.011639168,0.18143332
1005,0,0,0.005752571353809717,5.149494e-08,1.1595375e-06,0.008464283
1006,0,1,0.7274811224046029,0.99999654,0.99997187,0.7392331
1007,1,1,0.33819969447158094,0.99824226,0.9959369,0.3497648
1008,0,0,0.02170351052119786,1.099335e-05,0.00024748902,0.023171019
1009,1,1,0.24172871300784873,0.015849473,0.0014794801,0.24127673
1010,0,0,0.02394503137888913,7.589391e-06,4.1685453e-05,0.023943774
1011,0,0,0.09192304318195091,0.013514682,0.7805329,0.0977441
1012,0,0,0.6311314294279217,0.99916184,0.9999989,0.62820137
1013,0,0,0.12065980415318783,0.6803983,0.9692327,0.13537037
1014,0,1,0.048647008057223266,0.019096619,0.004622628,0.06740204
1015,0,0,0.013080713403513019,1.1526645e-06,4.808031e-05,0.015957646
1016,1,1,0.15389245377658203,0.13753058,0.02745367,0.15654305
1017,1,1,0.7384567007801373,0.9999919,0.999949,0.7353499
1018,0,1,0.047548422808481115,0.0002580822,0.0001305082,0.04859097
1019,0,0,0.042856900816338264,0.0032972249,0.03517139,0.04683978
1020,0,0,0.009552312386500063,3.812106e-05,0.0001635651,0.015861133
1021,0,1,0.06351637171365834,0.0044678072,0.0029441547,0.06267727
1022,0,1,0.22033461641706564,0.87434524,0.4758318,0.22845888
1023,0,0,0.21086428689037087,0.21394323,0.8519292,0.22401659
1024,0,1,0.38109002756522475,0.96531737,0.86308676,0.37870106
1025,0,1,0.03354414803382893,4.9337366e-05,1.4289387e-05,0.035616547
1026,0,1,0.460313421598819,0.9988506,0.9950622,0.46188447
1027,0,1,0.00127711794641483,6.3350245e-12,9.652701e-13,0.001447018
1028,0,0,0.003283412681752709,6.072409e-10,4.917702e-09,0.0037599944
1029,0,0,0.06377889977019295,0.0017895323,0.10607167,0.06859027
1030,0,0,0.1439941831477263,0.13313174,0.76731175,0.14915389
1031,0,1,0.692251949172421,0.9998747,0.99957114,0.6791082
1032,0,1,0.03219470138237285,5.1550793e-05,2.9331538e-06,0.03504797
1033,0,1,0.2005638356108214,0.46270263,0.107271105,0.19905944
1034,0,1,0.01042411871334313,1.3869943e-07,3.608171e-08,0.010684882
1035,1,1,0.9968548221177478,1.0,1.0,0.99626285
1036,0,1,0.054200430457386733,0.00036648492,0.00023555162,0.07922305
1037,1,1,0.6415006933458756,0.9999801,0.9999554,0.636481
1038,0,0,0.05896338356455066,0.0037434623,0.14988428,0.059606522
1039,0,1,0.36961226406891823,0.9782768,0.92968374,0.35486728
1040,0,0,0.7801521168502935,0.99999845,1.0,0.78275526
1041,0,1,0.6155045781128445,0.99999154,0.9999596,0.61072636
1042,0,1,0.24532890555504003,0.9700327,0.09714065,0.2514829
1043,0,1,0.013621214183607367,3.5236924e-05,1.7360013e-05,0.018565644
1044,0,1,0.27940851823176477,0.862047,0.82461256,0.27943626
1045,1,1,0.5110828541867833,0.9992292,0.9943232,0.5081042
1046,0,1,0.07177991153650361,0.0022389274,0.00039744872,0.07450948
1047,0,1,0.0010276836384466403,1.5159489e-09,9.815351e-10,0.0019518648
1048,0,0,0.0030912304026697473,3.640047e-10,2.182185e-08,0.0033766443
1049,0,0,0.06903555206627776,0.0023575693,0.3557538,0.0731507
1050,1,0,0.29180073822618585,0.81290454,0.9811895,0.20067295
1051,0,0,0.02007040856383507,6.387613e-06,0.000105409155,0.021892486
1052,0,1,0.3792581317064433,0.9621808,0.8687041,0.25196743
1053,0,1,0.008744144999352856,4.717598e-06,9.764567e-07,0.011644699
1054,0,1,0.0549040731853811,0.0008057684,0.00025483628,0.053711962
1055,0,1,0.5198715513773776,0.9964516,0.9873306,0.5159618
1056,0,1,0.1128725214019922,0.0013228436,0.00040593374,0.11259175
1057,0,1,0.058590842760388,0.0020790969,0.0002473925,0.057354346
1058,0,1,0.009073832524585362,2.4950712e-05,1.219691e-05,0.012930693
1059,0,1,0.6474320561711414,0.9999783,0.99985516,0.64453095
1060,1,1,0.08084470326971376,0.004528318,0.0009619761,0.07859097
1061,0,0,0.006948433277412018,5.260307e-10,8.061105e-09,0.0074459757
1062,0,1,0.4454974737377272,0.9991648,0.9916722,0.44803482
1063,0,0,0.05689238876035321,0.009904791,0.18823782,0.057879746
1064,0,1,0.11411821465691535,0.035779238,0.0061738524,0.115740344
1065,0,1,0.6774649458811267,0.9999536,0.9998429,0.667297
1066,0,1,0.20814328471567217,0.72418845,0.014375057,0.21252316
1067,0,0,0.01955105234936977,6.1237356e-06,0.0003359796,0.023719143
1068,0,0,0.024071958959781706,3.0222182e-05,0.00036479832,0.024411965
1069,0,0,0.00577368655337692,4.393361e-08,2.0755132e-07,0.0068674455
1070,0,0,0.007806338797179163,1.5704712e-08,5.9016105e-07,0.008092079
1071,0,1,0.014340167367228525,8.9340193e-07,3.1470583e-07,0.014539684
1072,1,1,0.9999999999999829,1.0,1.0,1.0
1073,1,0,0.8162331186913467,0.9999993,1.0,0.81648636
1074,0,0,0.0032643029894431214,4.6359173e-08,5.5942036e-07,0.004725704
1075,0,1,0.005527925227965134,2.0426313e-08,1.9649284e-10,0.0055446695
1076,0,0,0.09487471568895765,0.007219395,0.1258152,0.10355544
1077,0,1,0.1482078454015879,0.080337316,0.009580117,0.15124375
1078,0,1,0.5142570735480478,0.9991634,0.9968351,0.5172658
1079,0,1,0.02003766634672581,0.00010275682,1.2253443e-05,0.027008254
1080,0,1,0.0044270361197454935,4.1687194e-06,4.018049e-07,0.008676879
1081,0,1,0.02381795162625072,1.4434184e-05,4.4725953e-06,0.023683092
1082,1,1,0.38931684207859624,0.99682814,0.9803576,0.3837362
1083,1,1,0.31239657742290466,0.96656233,0.9735608,0.30777487
1084,0,1,0.3902175212522512,0.992276,0.9479024,0.3904029
1085,1,1,0.7191596856281864,0.99999845,0.9999908,0.72556853
1086,0,0,0.0067642856991902795,7.375322e-09,1.3744011e-07,0.007639983
1087,1,1,0.6561802091134407,0.9999435,0.9997249,0.65379703
1088,0,0,0.009122782368867304,6.84153e-06,0.00012613866,0.01384749
1089,0,1,0.8057689362329559,0.9999994,0.99999774,0.7957827
1090,1,1,0.31152512679612776,0.9487769,0.84224063,0.31143722
1091,0,1,0.0006252083443965502,5.7797185e-14,1.3286109e-15,0.0006696995
1092,0,1,0.021152325394286707,9.716461e-06,2.1897476e-06,0.020610066
1093,0,1,0.2551206116297775,0.7846563,0.32677886,0.25754786
1094,0,1,0.3189666287808869,0.9578163,0.6959662,0.31217
1095,0,0,0.007748916810045603,1.4561826e-07,3.2177627e-06,0.008110246
1096,1,1,0.7584364250515495,0.9999987,0.99999654,0.75126
1097,1,1,0.3574871953748635,0.97630084,0.8887194,0.3547364
1098,1,1,0.5106487763152677,0.9976095,0.9817214,0.50337636
1099,0,1,0.0991419386255085,0.018198129,0.0054047154,0.11293347
1100,0,1,0.7702166680340529,0.99989474,0.9998311,0.7492266
1101,0,0,0.000549961868324562,4.0946895e-11,5.161122e-10,0.0011290987
1102,0,0,0.0046782653499588284,9.900686e-08,1.9184558e-06,0.0068570524
1103,0,1,0.2583073773035043,0.8654018,0.50880057,0.2553876
1104,0,1,0.10258453546192922,0.019075375,0.0006227461,0.11278887
1105,0,1,0.26309557696984176,0.89345604,0.538017,0.2609302
1106,0,1,0.311380383098842,0.92109215,0.6316558,0.2971834
1107,0,0,0.12195961278499179,0.102752075,0.3564544,0.12743518
1108,0,1,0.004210724112728794,1.3038158e-07,4.070875e-08,0.005969353
1109,0,1,0.6983997730382542,0.99904984,0.9961055,0.68601143
1110,1,1,0.6957680018792474,0.99997485,0.9997864,0.6954624
1111,1,1,0.4843525411101246,0.99773103,0.9819178,0.49004793
1112,1,1,0.9790410141141394,1.0,1.0,0.9779417
1113,0,0,0.10989716834718938,1.0,1.0,0.11201713
1114,0,0,0.005157814031278031,4.926393e-10,1.4369452e-09,0.0055852197
1115,0,1,0.9065680822842717,0.9999633,0.99969214,0.8971237
1116,1,1,0.8405488111012691,0.9999999,0.9999993,0.84076184
1117,0,0,0.5797669327138397,0.99970096,0.9999989,0.57642627
1118,0,1,0.10240755483123168,0.11127197,0.07945769,0.10111242
1119,0,1,0.0049150388235507676,3.1862234e-07,6.343029e-08,0.0066045467
1120,0,1,0.6027817907889603,0.9999033,0.99956197,0.5981824
1121,0,1,0.06875438656067431,0.0024346067,0.00038141973,0.07041905
1122,0,0,0.6433890288793553,0.9999441,0.99999964,0.6493102
1123,0,0,0.12266105049208602,0.24684115,0.93799454,0.12925826
1124,0,0,0.02509972505933728,6.273807e-05,0.00081327825,0.026081601
1125,0,0,0.010507589353537126,4.2950944e-07,1.7741799e-05,0.011382804
1126,1,1,0.7600532415449921,0.9999951,0.99997795,0.75573456
1127,0,0,0.15687555079324664,0.049528472,0.70226234,0.17117459
1128,1,1,0.5027131820258819,0.9997783,0.9984269,0.4978499
1129,0,1,0.022015524327369387,4.589606e-06,6.99404e-07,0.021553699
1130,1,1,0.32844786934075465,0.9583396,0.853392,0.3271226
1131,1,0,0.5166401014545539,0.99661463,0.9999918,0.5234651
1132,0,1,0.021652606338480453,1.1785953e-06,3.281404e-07,0.02102677
1133,0,1,0.6124168644760647,0.99990463,0.99969035,0.60473263
1134,0,1,0.24913416493598792,0.9568088,0.8989849,0.27045527
1135,1,0,0.6989840290909551,0.99998176,0.9999999,0.70094794
1136,0,0,0.0773855252580283,0.016055817,0.6523128,0.08116646
1137,0,0,0.012175053740467373,3.522196e-07,6.4061037e-06,0.013267394
1138,0,1,0.2011899984098923,0.52593803,0.024120571,0.21382454
1139,0,0,0.009141541189812825,1.5409042e-07,5.587166e-06,0.011314884
1140,1,1,0.372231343714378,0.98610985,0.9064167,0.36932528
1141,0,0,0.01448207398321023,1.2991752e-06,1.1963044e-05,0.015867967
1142,1,1,0.39655766814419796,0.6131047,0.2923919,0.37319392
1143,0,1,0.003965780295329148,1.1555331e-07,6.983973e-09,0.005920216
1144,0,1,0.11977812187575988,0.028441133,0.025137907,0.12004119
1145,0,1,0.3757564277189228,0.9889925,0.9533559,0.37466478
1146,0,0,0.002346071356955769,9.901466e-11,4.4058877e-09,0.0026513252
1147,0,0,0.00027855175291242076,2.0388276e-09,1.6214052e-12,0.0011787382
1148,0,1,0.0022189687642066524,8.819801e-09,5.6697274e-09,0.0042037186
1149,0,1,0.011612013432752021,5.834207e-07,4.4769035e-08,0.01262124
1150,0,0,0.017589550320873414,6.777474e-06,7.218231e-05,0.018715957
1151,1,1,0.4850309912931905,0.99985385,0.99899787,0.4817409
1152,0,1,0.17329204197782747,0.15259482,0.018784488,0.17617008
1153,1,1,0.648609694724639,0.99989283,0.9991622,0.64714766
1154,0,0,0.0820042392486705,0.020782027,0.19058278,0.088305175
1155,0,0,0.0023909142726638933,5.2566786e-09,1.3320441e-07,0.0036048407
1156,0,1,0.3180955886717331,0.9797762,0.9398196,0.35936558
1157,0,1,0.15762066231270852,0.16204889,0.032166485,0.1599033
1158,0,1,0.16887926017417207,0.14522387,0.027130561,0.17249584
1159,0,1,0.019095573881867167,3.5526152e-06,3.7620944e-07,0.020353565
1160,1,1,0.4244404512919876,0.996834,0.987457,0.42353934
1161,0,0,0.01123844948320123,2.0583043e-06,6.523475e-06,0.012877548
1162,0,1,0.015221744461860486,8.987412e-07,2.7149525e-07,0.014662662
1163,0,1,0.009120550389414171,3.9145525e-06,1.0520142e-06,0.012410862
1164,0,0,0.06564948554970297,0.01560519,0.17986332,0.07154419
1165,0,1,0.029660659328074324,5.036201e-05,3.9251577e-06,0.031075886
1166,1,1,0.9041918178579856,0.9999968,0.99998736,0.8965572
1167,1,1,0.9687258037522807,1.0,0.9999999,0.96581787
1168,0,1,0.02394530031747888,0.005194779,0.0011413998,0.041540172
1169,0,1,0.6394400880429134,0.9991798,0.9976815,0.6209902
1170,1,0,0.08893525687646033,0.015867073,0.299973,0.15064691
1171,0,1,0.004423649126754754,6.6259753e-10,3.6139663e-10,0.004447879
1172,0,1,0.08721922011034595,0.33005613,0.17302474,0.11263727
1173,0,1,0.2818118036557133,0.55278,0.19184542,0.2780526
1174,0,1,0.2967832160719465,0.89070517,0.5616519,0.29663655
1175,1,1,0.32917920253366795,0.9663067,0.9144672,0.32309818
1176,0,1,0.35261835571536726,0.94853634,0.75639147,0.34963655
1177,1,1,0.27119884751822065,0.8199564,0.49184436,0.27246806
1178,1,1,0.9956398649386955,1.0,1.0,0.9948796
1179,0,1,0.18161871757774464,0.49099177,0.10794426,0.18731034
1180,0,0,0.022197454838337075,0.00036075132,0.0022369279,0.032391593
1181,0,1,0.05847637473481486,0.00017423388,7.887653e-05,0.061999723
1182,0,1,0.21088730571233869,0.5973402,0.2697189,0.21195215
1183,0,1,0.10232785962272412,0.018957058,0.002446797,0.10577723
1184,1,1,0.48125766630424666,0.9979395,0.98913527,0.47777238
1185,0,0,0.019638248887733058,1.5694697e-05,4.7636197e-05,0.022012156
1186,1,1,0.804750133661963,0.9999994,0.999997,0.80157954
1187,0,0,0.08437344827488528,0.048028473,0.63464683,0.091133304
1188,0,0,0.26532078007452076,0.9751872,0.99963915,0.2779138
1189,0,1,0.24289936261470776,0.77499944,0.62871116,0.24452117
1190,0,0,0.00014553645973078974,7.412041e-10,9.570151e-13,0.00061172934
1191,0,1,0.16376628330088694,0.10776683,0.012065255,0.16691132
1192,0,1,0.004599262392205573,1.2966423e-09,2.5600857e-11,0.0046195267
1193,1,1,0.2212974754073092,0.9483369,0.8095587,0.2451524
1194,0,0,0.014279570041916429,5.395595e-07,3.4169052e-06,0.015646204
1195,0,1,0.1149694950839758,0.046541203,0.01634541,0.11317948
1196,0,1,0.24566836504274836,0.734806,0.54505956,0.25255173
1197,0,1,0.007476791967010292,1.1504438e-06,2.9216883e-07,0.010300331
1198,1,1,0.4937890783946504,0.99498224,0.98723114,0.48897132
1199,0,0,0.010985209524516744,3.332465e-07,3.0566844e-05,0.0139261875
1200,0,1,0.02875300546971607,4.011806e-05,1.7822076e-05,0.028599698
1201,0,1,0.2576649133208773,0.9600714,0.8928835,0.2584813
1202,0,1,0.09835303506501761,0.013059061,0.0028585964,0.10179047
1203,1,1,0.6403201277588202,0.9999354,0.9995061,0.64034426
1204,0,0,0.07255765250364736,0.0026461806,0.020434486,0.076215394
1205,1,1,0.999999999999988,1.0,1.0,1.0
1206,0,0,0.04650701472465941,0.00019833902,0.0036778902,0.050946977
1207,0,0,0.026523237026389302,1.8570281e-06,3.5002886e-05,0.026920896
1208,0,1,0.11368316822772825,0.029791584,0.00018211066,0.11600409
1209,1,0,0.5726691741633664,0.99971133,0.9999602,0.56066644
1210,1,1,0.7327886213627528,0.99997723,0.99993646,0.7338476
1211,0,0,0.04374563793131341,0.0005816303,0.020596953,0.044248912
1212,0,1,0.06537804761124275,0.000849937,8.864723e-05,0.064880654
1213,0,1,0.0005950051177159184,8.1035585e-13,1.5763492e-13,0.000868469
1214,1,1,0.7467910312129662,0.99999356,0.99996936,0.7357094
1215,1,1,0.9816675956617648,1.0,1.0,0.9806743
1216,0,0,0.10764562444874398,0.08653025,0.8755523,0.11592875
1217,1,1,0.5520034064008025,0.9999745,0.9998269,0.5773214
1218,0,1,0.06053434670507919,0.00048094778,0.00018980734,0.06037469
1219,0,1,0.0028043113439883993,1.3551665e-08,7.2232925e-10,0.0042221043
1220,1,1,0.72206557531355,0.9999937,0.9999409,0.7220164
1221,0,0,0.000599648933510424,1.2323742e-11,2.4894797e-10,0.0010452644
1222,0,1,0.33375356622468555,0.4827318,0.1775104,0.33000955
1223,0,0,0.0349556508761125,5.8992973e-05,0.0007240683,0.035330083
1224,0,1,0.004157379096932574,1.2549847e-07,5.6979355e-09,0.006199309
1225,0,1,0.5239764166149671,0.99674463,0.988378,0.52808285
1226,0,1,0.1503475019093849,0.21026899,0.0466689,0.15148425
1227,0,0,0.011744304718077178,1.2740087e-05,0.00033102478,0.01762227
1228,0,1,0.003937101997470505,1.2185208e-07,6.4897074e-09,0.0059196716
1229,0,1,0.16723762991238383,0.46705917,0.09378834,0.18546383
1230,0,0,0.3579571649109988,0.98066586,0.9997994,0.35311142
1231,1,0,0.25952244539767166,0.51953864,0.8399145,0.2737578
1232,1,1,0.312999931710905,0.9477305,0.665046,0.3212611
1233,0,1,0.01611363788591208,5.051262e-07,1.7679024e-07,0.016829751
1234,1,1,0.27557012138738135,0.8094214,0.64969414,0.27034664
1235,0,1,0.5407392185714558,0.99934,0.9959645,0.5422551
1236,0,1,0.03418900837929193,5.9892092e-05,1.5146298e-05,0.033087444
1237,0,1,0.5391917795958827,0.9973121,0.98174244,0.53558147
1238,0,0,0.03031949320052833,0.00020858874,0.0017372303,0.034734927
1239,0,1,0.003727996918320484,4.2164627e-09,2.0374764e-11,0.004247579
1240,0,0,0.010914602665750756,4.1430767e-06,5.9189802e-05,0.012870011
1241,0,1,0.16001543347622402,0.07026098,0.049749322,0.16260135
1242,0,1,0.40012804013855474,0.9905158,0.91893035,0.39190522
1243,0,1,0.12518650697870967,0.042616103,0.0306574,0.12462668
1244,1,1,0.8091523315651551,0.9999989,0.9999949,0.80421627
1245,1,1,0.8121486419793175,0.99999547,0.99994624,0.80411524
1246,0,1,0.10199531514985821,0.5664978,0.4048005,0.1306141
1247,0,1,0.185911212328777,0.3874963,0.27295426,0.18352549
1248,0,0,0.0015682975134426436,5.519248e-09,8.3607816e-08,0.002700687
1249,0,1,0.19844134042633205,0.4206539,0.13937443,0.20081285
1250,1,1,0.5221028246206797,0.99947345,0.9983423,0.523016
1251,0,1,0.5298901123262012,0.99991333,0.9987206,0.5263202
1252,0,1,0.15413351989178328,0.31582123,0.12903671,0.15296008
1253,0,0,0.020997465533090166,6.494059e-06,6.413409e-05,0.022800405
1254,1,1,0.8264517546391175,0.99999964,0.9999969,0.8234717
1255,0,0,0.0007222528657378521,1.8662885e-10,3.032443e-09,0.0014062304
1256,0,1,0.7466399621211804,0.9999999,0.9999993,0.7648154
1257,0,0,0.025529880588557836,1.3061175e-05,0.00091621064,0.028336614
1258,0,1,0.20577510352752282,0.48571616,0.13974743,0.20518427
1259,0,0,0.0031760272829119626,2.6305198e-09,4.590437e-08,0.0039773346
1260,0,0,0.08966168880905694,0.12760022,0.7042179,0.09847755
1261,0,1,0.327728535702734,0.9841039,0.8201674,0.33949125
1262,1,1,0.2009109452931278,0.53805083,0.1909774,0.20321593
1263,0,1,0.31759716039791847,0.94820756,0.79826796,0.31573597
1264,0,1,0.17184595036921527,0.24612854,0.066396505,0.17456153
1265,1,1,0.6848984725517728,0.99999595,0.99998784,0.6835819
1266,0,1,0.08641302728369306,0.010613109,0.002325,0.085474476
1267,0,1,0.022141222570680387,4.4945473e-06,8.250397e-07,0.02261855
1268,1,1,0.7898594069527257,0.9999995,0.99999654,0.7870795
1269,1,1,0.23757727901844225,0.6437654,0.21181308,0.23850346
1270,1,1,0.6684152274660511,0.99995875,0.9998094,0.665669
1271,0,1,0.3887410289382311,0.9894358,0.9437113,0.3854561
1272,0,0,0.005302727814237426,1.1064596e-06,1.272173e-05,0.007659595
1273,0,0,0.011223261235310974,1.7282178e-05,0.0008410861,0.017112331
1274,1,1,0.9867553361382891,1.0,1.0,0.98554736
1275,0,1,0.008768328089553872,1.5565141e-06,4.1560995e-09,0.011070177
1276,0,1,0.5270147844916601,0.99932235,0.997775,0.540462
1277,0,0,0.08609548983418341,0.029257357,0.43457878,0.08964011
1278,0,0,0.002352138015601462,5.650004e-09,6.594927e-08,0.0034019381
1279,1,0,0.6008955462392621,0.9997414,0.9999982,0.6059516
1280,1,1,0.7840840859555771,0.99999917,0.9999945,0.78655624
1281,0,0,0.002063463352592354,1.1598961e-08,4.4993143e-08,0.0033671774
1282,0,1,0.2253613537229634,0.88207334,0.824656,0.22311772
1283,0,1,0.002585501071767103,3.5011682e-09,7.0601375e-10,0.0036357224
1284,0,1,0.040861040240990396,1.52382545e-05,1.2121074e-05,0.040882103
1285,0,1,0.0034514754089786767,2.459883e-08,2.6587102e-10,0.004774842
1286,0,1,0.2277317057507022,0.33084032,0.3166023,0.23295513
1287,0,0,0.004216929519066158,1.6563871e-07,8.793432e-06,0.0064455494
1288,0,0,0.04291130590584241,0.00050284213,0.009696885,0.0444469
1289,0,1,0.10997908647842262,0.07446941,0.00366892,0.12123407
1290,0,1,0.5319289993780872,0.9992439,0.99539864,0.52479106
1291,0,0,0.016353364928506392,2.8931074e-05,0.00058285554,0.019935453
1292,1,1,0.9585964609660697,0.9999999,0.99999976,0.9547166
1293,0,1,0.37612395890279987,0.8904707,0.5167629,0.3786334
1294,0,1,0.21812947538465696,0.45881146,0.12490378,0.22114946
1295,0,1,0.006238199458738992,1.9539855e-06,1.4300345e-07,0.009331578
1296,1,0,0.9681459456297589,1.0,1.0,0.96578115
1297,0,1,0.24732912919891847,0.66910243,0.18600158,0.2480968
1298,1,1,0.3663519946086227,0.98912656,0.9792094,0.36441928
1299,0,1,0.5103331708452825,0.99033797,0.9364587,0.5016148
1300,0,0,0.2693138428859119,0.91261786,0.9954366,0.2818315
1301,0,1,0.03870658080721667,0.00017629843,6.2676277e-06,0.0442641
1302,1,1,0.5821335343208717,0.99966407,0.9977787,0.5843038
1303,0,1,0.276411022453977,0.9848556,0.2599414,0.2803383
1304,0,1,0.0397333427005251,0.00010403699,1.1338948e-05,0.038750157
1305,0,1,0.46469471641394927,0.97552866,0.854572,0.4588108
1306,1,1,0.4944007872525934,0.99950194,0.99863166,0.510639
1307,0,0,0.02016079057412073,4.2185748e-06,3.3739092e-05,0.020907737
1308,0,1,0.058407830060485895,0.0013396312,0.00039030725,0.05894749
1309,0,1,0.010425373672210695,7.390885e-07,4.5572247e-07,0.011793548
1310,0,1,0.03922483134537463,0.006032919,0.0011818527,0.05204082
1311,0,1,0.008879719391826909,1.2019082e-07,2.8239624e-08,0.008543705
1312,0,1,0.1949615898661443,0.6112223,0.08302757,0.20720823
1313,1,1,0.9572804393783878,0.99999976,0.9999982,0.953489
1314,0,1,0.6267840315196105,0.9999052,0.9993892,0.61883324
1315,0,1,0.12891682608254157,0.032586515,0.00085573713,0.13870867
1316,0,0,0.1104031450824193,0.029877763,0.6691689,0.11715049
1317,0,1,0.3034258559234438,0.93610525,0.46949247,0.30466735
1318,1,1,0.67116602505102,0.99522305,0.98878664,0.66264296
1319,1,1,0.5980215923715051,0.9997634,0.9985341,0.59744847
1320,0,0,0.07189554591092444,0.001004927,0.00675016,0.07594572
1321,0,1,0.148348699630704,0.1285774,0.052465074,0.14652574
1322,0,1,0.07510053107330897,0.001042543,7.441636e-05,0.075240515
1323,0,0,0.0077353740888657235,4.302597e-07,1.7139302e-05,0.008825746
1324,0,0,0.01429641156912143,9.830375e-06,0.00016568642,0.01693525
1325,0,0,0.007070172733013562,2.2531216e-08,2.0252598e-07,0.00725336
1326,0,0,0.03977186404158084,0.0035532755,0.03778689,0.044633888
1327,1,1,0.5203070088178284,0.9976439,0.995734,0.5229789
1328,0,1,0.14995137765356573,0.114559785,0.025738027,0.15216596
1329,0,1,0.08910457530962448,0.00034655197,0.0001120864,0.08836858
1330,0,1,0.0012957285400678773,7.113598e-10,1.3506872e-11,0.0023472246
1331,0,1,0.18444399496089914,0.07506396,0.01008523,0.17571795
1332,1,1,0.9520147232261745,0.9999795,0.9998982,0.9435588
1333,0,1,0.20099661350172202,0.64802223,0.2122004,0.20616338
1334,1,1,0.8018474486193045,0.9999677,0.9996924,0.79699284
1335,0,1,0.2380447377448908,0.6433897,0.21727946,0.23917763
1336,1,1,0.2715011964443683,0.8319302,0.47734806,0.27167335
1337,0,1,0.007256503066093978,1.0678087e-06,3.9134966e-07,0.009995894
1338,1,1,0.8871250987671623,1.0,0.9999999,0.8839382
1339,0,1,0.21155923282228606,0.729715,0.8250385,0.20948815
1340,0,1,0.45800326618669274,0.9976394,0.98172873,0.44689134
1341,0,1,0.45341704630742735,0.99935335,0.9980959,0.45744166
1342,0,1,0.009680307894915025,2.4891693e-07,2.3760606e-08,0.010237966
1343,0,1,0.009905996887505467,1.1889809e-05,2.7162034e-06,0.013060012
1344,0,1,0.9055760408179979,0.999998,0.99999547,0.89673793
1345,0,0,0.002292430665749099,4.9446605e-08,1.1428002e-06,0.0039501805
1346,0,0,0.014514717165927928,1.4952473e-06,1.64819e-05,0.015404475
1347,1,1,0.43750058653923085,0.9995859,0.99618083,0.43473363
1348,0,1,0.48051254234074287,0.99833053,0.9917846,0.4901811
1349,0,1,0.04691272197038143,0.00064251217,8.4192354e-05,0.04590923
1350,0,1,0.02702369821922569,3.6286256e-05,2.2697619e-05,0.026309293
1351,0,1,0.05182054790391493,0.0010294978,0.0010526006,0.0511496
1352,0,0,0.5079367390096952,0.9979164,0.99998784,0.518137
1353,0,1,0.2198930140709208,0.87096256,0.41286144,0.22463058
1354,1,1,0.5358598658493989,0.99926525,0.99628,0.5325253
1355,0,1,0.013796296410416116,5.0339728e-05,6.451273e-07,0.018490985
1356,1,1,0.3187391362296895,0.9488106,0.80648535,0.3171232
1357,0,1,0.005078248349577704,8.648554e-08,3.0302413e-08,0.00690055
1358,0,1,0.6020300083900816,0.9993744,0.9949014,0.602877
1359,0,0,0.008580561700295251,1.0024977e-06,8.924185e-06,0.012486054
1360,0,0,0.022386558578551295,4.0159935e-05,0.0006023148,0.023276547
1361,0,1,0.39760609350038134,0.99604994,0.9688427,0.4050145
1362,0,1,0.012553006032748714,3.7221247e-07,6.392666e-09,0.012849719
1363,0,1,0.11704919168856504,0.014798131,0.0030454642,0.11871561
1364,1,1,0.2657836278678302,0.8049698,0.43212795,0.2663455
1365,0,1,0.017747032650921542,3.8879434e-06,1.6306311e-06,0.017751941
1366,1,1,0.5804624955962581,0.9996388,0.9976273,0.5805635
1367,0,0,0.000588390591488604,5.743687e-13,1.2506144e-11,0.0009180812
1368,0,1,0.005520257800904715,6.0587973e-07,4.1037264e-08,0.00818887
1369,0,1,0.07218230762302755,0.0012522271,0.0006675091,0.07595006
1370,0,1,0.1762301133052372,0.21860433,0.028520817,0.17846549
1371,0,1,0.09467511661213379,0.017797379,0.003430034,0.09446244
1372,0,0,0.012668417254430835,1.2251455e-06,6.392295e-05,0.01360575
1373,1,1,0.4964286008127468,0.99902797,0.9950762,0.49187425
1374,0,0,0.04956645000085703,0.00045102314,0.0033988485,0.05248869
1375,1,1,0.40384305692740186,0.9989274,0.9953097,0.42864648
1376,0,1,0.008273962682348148,2.9536507e-08,8.532675e-09,0.008555782
1377,0,1,0.32616810633997967,0.70459527,0.19853064,0.32163164
1378,0,1,0.5528346931038803,0.99871707,0.9877621,0.54930794
1379,0,1,0.25498081897255537,0.69699854,0.26090986,0.26197907
1380,0,0,0.03513412366617245,3.2946962e-05,0.0036728946,0.038282506
1381,1,1,0.683814310980525,0.99996483,0.99969333,0.68413365
1382,0,1,0.033549187837305754,0.00015297168,0.00014194079,0.03306927
1383,0,1,0.5283852935714105,0.99991274,0.99992204,0.519326
1384,0,1,0.5685440780143869,0.99975604,0.9992613,0.5681577
1385,0,0,0.0024805944116156296,3.6119127e-10,3.9129495e-09,0.002805838
1386,0,0,0.0013628810836232889,3.9021328e-10,4.9928874e-09,0.0021009443
1387,0,1,0.24574758142958403,0.8039376,0.41422242,0.2505716
1388,0,1,0.12940105160407886,0.0861548,0.0034079154,0.14020179
1389,0,0,0.0031835890134902655,6.239035e-08,1.4157473e-06,0.0048108827
1390,0,0,0.00029558294831291866,4.5311912e-14,6.2440076e-13,0.00046559036
1391,1,1,0.7276279957912861,0.99999845,0.99999416,0.72562563
1392,0,1,0.01117068183203612,2.7412324e-07,5.505401e-09,0.011192312
1393,0,1,0.030935073299863936,0.00016434913,2.721513e-05,0.032370556
1394,1,1,0.4087079215428648,0.97765803,0.9102341,0.41927823
1395,0,1,0.0020783051525284702,1.5226464e-08,4.383382e-09,0.0033320135
1396,0,1,0.05127503747436503,0.0008926224,0.00019876784,0.056437373
1397,0,1,0.021166743721992003,1.386937e-05,2.7877956e-08,0.020132335
1398,1,1,0.04343482650200863,0.00042653666,4.3961427e-05,0.044123292
1399,0,1,0.0914837001627206,0.0041185003,0.0018201468,0.09238013
1400,1,1,0.9827162950486625,0.9999999,0.99999845,0.9792532
1401,1,1,0.2501117496010798,0.9775793,0.1826525,0.2566437
1402,0,1,0.011852452615971634,7.2271973e-07,5.0232366e-08,0.012962526
1403,0,1,0.06031408993226876,0.000982854,0.0006369702,0.058201477
1404,0,1,0.1887476874163336,0.2533753,0.03607221,0.19091043
1405,0,0,0.0036718660383059203,6.1459495e-09,1.2087604e-07,0.0045721713
1406,1,0,0.6038865986031587,0.9995375,0.9999958,0.6072224
1407,1,1,0.12974448646155903,0.03319048,0.003500395,0.14116965
1408,1,1,0.4002772250382718,0.9894812,0.9397379,0.3987141
1409,0,1,0.0020391741605092985,1.9533166e-08,1.6702781e-09,0.0039814566
1410,0,1,0.028987177238159904,3.2828502e-05,1.3162635e-05,0.028781867
1411,0,1,0.0018192328035858125,6.9434893e-09,1.8175399e-09,0.0029336908
1412,0,1,0.011029418156456656,1.343055e-07,4.8287635e-08,0.011323828
1413,0,1,0.003322073492954015,4.5545654e-08,1.6856315e-08,0.0047538914
1414,0,1,0.015155989064927364,1.2160811e-05,6.2978315e-06,0.015859801
1415,1,0,0.7356981207684546,0.999997,1.0,0.7325427
1416,0,1,0.08036970290515448,0.006030372,0.0014413724,0.08312243
1417,0,1,0.14259558519191864,0.73112714,0.48036587,0.14249536
1418,0,1,0.2152119323742603,0.6134836,0.26129082,0.21532483
1419,1,1,0.334079559528571,0.9874479,0.8774665,0.33281484
1420,1,1,0.5700337710194469,0.9992914,0.992203,0.57086027
1421,0,1,0.021577404512138288,6.9665606e-07,1.4384275e-06,0.025603492
1422,0,1,0.07556283568533728,0.0036917268,0.0009447001,0.07427161
1423,0,1,0.2768594514479962,0.88537884,0.80848545,0.2735806
1424,0,1,0.03179385069815629,2.6560432e-05,9.72125e-07,0.03413619
1425,0,1,0.12775027927433136,0.62099624,0.5582056,0.12823653
1426,0,0,0.09673769264914721,0.048199516,0.5258589,0.10053244
1427,0,0,0.0015641525780468355,7.4191125e-10,1.3613479e-08,0.002393354
1428,0,0,0.0167555377568254,3.0461483e-06,1.8569608e-05,0.017367747
1429,0,1,0.5863769268095368,0.9998833,0.9996526,0.5898287
1430,0,0,0.009723203328824348,3.4632862e-07,6.7860824e-06,0.010648361
1431,0,1,0.2635097771196649,0.84038764,0.48764214,0.2635536
1432,0,0,0.0018304132575432924,1.4076478e-09,2.1257756e-08,0.0026428178
1433,0,0,0.05822229393616564,0.0011266168,0.011203495,0.061565712
1434,0,1,0.1141116325261983,0.13461368,0.021951204,0.12990303
1435,1,1,0.95130440953095,0.9999999,0.99999964,0.9469427
1436,0,1,0.000720600495611651,2.360287e-12,4.1067076e-13,0.0010373212
1437,0,1,0.49083436229948557,0.9995223,0.99774617,0.48399794
1438,0,0,0.01676150169383945,1.7728677e-06,1.7509854e-05,0.018288443
1439,0,1,0.32626426796233043,0.94805735,0.63706124,0.32682085
1440,1,0,0.3950647264020293,0.99650556,0.99996984,0.39084262
1441,1,1,0.21839250612341835,0.6672525,0.2756288,0.21919957
1442,0,1,0.02001399788021459,0.00017121609,2.849267e-06,0.028805535
1443,0,1,0.007391374491184145,1.1321522e-08,4.246713e-09,0.0074838037
1444,0,0,0.026096526534704824,2.3339224e-05,0.0017504334,0.026844233
1445,1,0,0.8018122342861439,0.9999988,1.0,0.8286408
1446,0,0,0.0200274541434634,0.00011548972,0.00064044486,0.02245878
1447,1,1,0.6046748963794024,0.99995947,0.99971217,0.6100342
1448,0,1,0.3109524289190388,0.98142266,0.8214136,0.31108838
1449,0,1,0.6382517191551411,0.99997675,0.99980724,0.62247384
1450,0,0,0.004935791961547714,7.156704e-07,7.989508e-06,0.0071584894
1451,0,1,0.1576630117176653,0.15622182,0.03355686,0.16039465
1452,0,1,0.005570703900522349,9.221275e-08,3.082902e-08,0.0075805043
1453,0,0,0.6704556681293224,0.9999583,0.99999976,0.6651968
1454,1,1,0.975361815692997,1.0,1.0,0.9732757
1455,0,1,0.19518671739184112,0.68124115,0.48482427,0.22110477
1456,0,1,0.003737292304205882,7.510526e-08,5.073381e-09,0.0056268196
1457,0,1,0.3063858724734162,0.92796904,0.6980577,0.31914106
1458,0,1,0.041810900604297,0.0005932421,0.0002312252,0.039674632
1459,0,1,0.002261942805596888,1.7964162e-09,2.7765745e-10,0.0032152785
1460,1,1,0.22100877948128547,0.8803353,0.3815553,0.22347991
1461,0,1,0.09420479187792717,0.009692972,0.003477338,0.09013667
1462,1,1,0.8143434580581946,0.9999974,0.9999956,0.81091803
1463,0,0,0.0008260430661260586,1.6343784e-11,1.9272649e-10,0.00127916
1464,0,1,0.06865998906530743,8.813055e-05,8.111656e-05,0.084441245
1465,0,1,0.06498072827554044,0.00080473826,0.00030685886,0.06402941
1466,0,1,0.14939599437597545,0.14865546,0.06806669,0.15286136
1467,0,1,0.12711305834193576,0.18247418,0.0010021286,0.13071436
1468,1,1,0.9519505891033122,1.0,1.0,0.9525843
1469,0,0,0.02010507594390163,1.1644619e-05,7.2175004e-05,0.0204905
1470,0,1,0.5572192593733715,0.9998679,0.9992056,0.5489221
1471,0,0,3.064242465867924e-05,1.9174575e-13,2.08838e-16,0.00014029806
1472,0,0,0.4616769638039974,0.99842286,0.9999889,0.4714073
1473,0,0,0.008098575200734462,2.44205e-06,1.2958853e-05,0.011249238
1474,1,0,0.22004053103379484,0.2765885,0.8779346,0.24161088
1475,0,0,0.03465080685883027,6.0380113e-05,0.0012429666,0.035111148
1476,0,1,0.3378198675541403,0.9680102,0.8774041,0.33712095
1477,1,1,0.7127337544236239,0.9999932,0.9999708,0.71319115
1478,0,1,0.18076157255484776,0.8336636,0.0123221055,0.18856786
1479,0,1,0.318506842314251,0.95392966,0.7047282,0.32688546
1480,0,0,0.0010287413610150244,6.428699e-13,6.654976e-11,0.0015876363
1481,1,0,0.5682845429841323,0.8296185,0.9928893,0.5604516
1482,0,1,0.004701693983116794,1.5902665e-07,4.8070675e-08,0.006549368
1483,0,1,0.5787413744967673,0.9995079,0.9964426,0.57969236
1484,1,0,0.3636049671777017,0.99341065,0.9998828,0.3604838
1485,0,1,0.0004483572166789029,4.6607995e-14,1.8122251e-14,0.0006541275
1486,0,0,0.0019310921645390396,1.2779261e-09,3.3799694e-08,0.002906891
1487,0,0,0.021103021099752126,5.8077217e-06,8.208252e-05,0.023400484
1488,0,0,0.0297423393156343,5.610038e-05,0.00069432,0.032195076
1489,0,1,0.08737948833912285,0.013847334,0.0022440099,0.09916129
1490,0,1,0.028524744103611485,5.0830608e-05,2.2060607e-05,0.027695453
1491,0,0,0.04065207694301749,0.000101925754,0.0023387312,0.042969085
1492,0,1,0.2296041500333021,0.74359316,0.24947527,0.23266125
1493,1,1,0.2473865408134313,0.956264,0.91512835,0.23886485
1494,0,1,0.49923847398714943,0.9675115,0.8294076,0.4891644
1495,1,1,0.6601642059450188,0.99941844,0.9957189,0.65884304
1496,0,0,0.16989104273515385,0.1259442,0.7183496,0.18239631
1497,0,1,0.005713150507074749,3.616853e-07,7.600566e-08,0.007636668
1498,0,1,0.6835000862915193,0.99992526,0.9997354,0.6841028
1499,0,0,0.004819965957664138,7.60883e-09,1.945572e-07,0.0052070823
1500,0,1,0.05177685062612174,0.00032063219,7.983234e-05,0.051787704
1501,1,1,0.6972901437964042,0.9999763,0.9998783,0.69661707
1502,0,1,0.0064397090045995205,9.736169e-07,1.4739743e-07,0.008623265
1503,0,0,0.06607308295411099,0.0015042057,0.03475915,0.07030606
1504,1,1,0.4940076529482173,0.5296109,0.25615552,0.53340006
1505,0,1,0.030358271244430513,0.00015541227,2.2694458e-05,0.031661164
1506,0,1,0.08499816964209955,0.0028041038,0.00024343122,0.08856729
1507,1,1,0.30169128487128266,0.93906957,0.6880468,0.30347806
1508,0,0,0.002038894531346621,2.6796019e-11,5.497182e-10,0.0023126581
1509,0,0,0.20109652693594737,0.0495729,0.55759466,0.10531975
1510,0,0,0.0012687329722138152,1.9966149e-09,3.3382857e-08,0.0021970326
1511,0,1,0.17075679340657915,0.50511736,0.28329438,0.18593799
1512,0,0,0.0648131784564304,0.29436633,0.8744247,0.113830335
1513,1,1,0.9974176070540673,1.0,1.0,0.9969595
1514,0,0,0.0019887789820765586,2.8666776e-08,3.6340336e-07,0.0034223269
1515,0,0,0.048453834566718305,0.00068353233,0.017821375,0.050876744
1516,0,0,0.07544594440079033,0.017119184,0.06854178,0.08308223
1517,1,1,0.8330706132984933,0.9999962,0.99998176,0.83387464
1518,0,0,0.00951642527643782,3.980945e-07,7.665199e-06,0.009895298
1519,0,0,0.09436656322943716,0.0043729967,0.06256703,0.09876246
1520,0,1,0.2266938448402002,0.6571073,0.13824621,0.22336283
1521,1,1,0.8100717673204794,0.99999714,0.9999944,0.80603373
1522,0,1,0.24222725380060273,0.3780111,0.084207006,0.24153557
1523,0,1,0.03610042428834923,1.28149295e-05,2.7963938e-06,0.035876177
1524,0,0,0.10941690364404741,0.08341283,0.34823704,0.107449785
1525,1,1,0.23749698263194025,0.6819714,0.30402565,0.23974817
1526,0,1,0.08108357692036623,0.009998456,0.001663689,0.07781673
1527,0,1,0.18676904022751542,0.540174,0.058901113,0.19874267
1528,0,0,0.04005770742200847,0.001082143,0.029808968,0.042902596
1529,0,1,0.4342679836567724,0.9969637,0.990837,0.42960605
1530,0,1,0.06733397603286594,0.023353387,0.008700269,0.07847208
1531,0,0,0.05141683073820098,0.0003776131,0.038438477,0.056721076
1532,1,1,0.5994285286669069,0.9998945,0.9995221,0.5950592
1533,0,1,0.3006882367055953,0.9071324,0.9595361,0.29220495
1534,0,1,0.405185162139386,0.99817395,0.98565984,0.41407531
1535,0,1,0.2795150956953453,0.9647332,0.08760572,0.28095055
1536,0,0,0.014522442676740906,0.0019814426,0.07027456,0.02798891
1537,0,0,0.06191105269684762,0.0017980036,0.030285655,0.065019414
1538,1,0,0.07667971842330736,0.00015842987,0.0013041862,0.0735649
1539,1,0,0.783123781850324,0.9999975,1.0,0.7831281
1540,0,1,0.225061057450237,0.82274455,0.36377078,0.23072924
1541,1,1,0.7139168582737964,0.9999876,0.99995565,0.710338
1542,0,1,0.8886430056314244,1.0,1.0,0.88833916
1543,0,1,0.10216396042045547,0.0128596965,0.0020228056,0.10540057
1544,0,1,0.03244581820201478,3.0199539e-05,2.0211388e-05,0.032819107
1545,0,1,0.12123882820500415,0.037562847,0.007166496,0.118308365
1546,0,1,0.46262185071742634,0.99965405,0.9989157,0.46231717
1547,0,1,0.163131386542459,0.29406196,0.026752798,0.16803658
1548,1,1,0.9987491358055898,1.0,1.0,0.9985493
1549,0,1,0.006197489963318279,1.7487121e-08,5.1039932e-09,0.0074727573
1550,0,0,0.003063732127093124,3.1812917e-08,3.683412e-07,0.004448405
1551,0,1,0.006473799187743938,1.0329502e-06,4.0970087e-07,0.008904403
1552,0,0,0.500203715007362,0.9987686,0.99999475,0.4951366
1553,0,0,0.02703203682720217,0.0009133371,0.006456484,0.039906863
1554,0,0,0.0005243929611619752,1.2177513e-12,5.0746046e-11,0.00084823836
1555,0,1,0.03518492589363279,4.490418e-05,4.6824266e-06,0.035654902
1556,0,1,0.0051311254866218785,2.6689105e-07,8.576718e-08,0.0071194596
1557,0,0,0.13034599179335474,0.05526749,0.38486883,0.13701871
1558,0,1,0.003159777291008149,5.530589e-07,4.144994e-08,0.006215956
1559,0,1,0.3526871255006785,0.9900683,0.85457724,0.34577483
1560,1,1,0.6337823421940278,0.9998218,0.99959815,0.6332567
1561,1,1,0.7649619482923337,0.9999982,0.9999908,0.7620778
1562,0,0,0.05503734987433581,0.004440767,0.107231654,0.05832579
1563,0,1,0.5617302757424432,0.99938333,0.9980506,0.5541416
1564,0,1,0.4415521471886989,0.9960276,0.99392563,0.43431103
1565,0,0,0.10592407503016461,0.08556322,0.6549038,0.1128845
1566,0,1,0.3257380830109542,0.9563364,0.8400688,0.3241552
1567,0,1,0.012643016529711665,2.4712688e-07,1.7329736e-08,0.012171752
1568,0,0,0.00777357809135459,3.7724767e-08,2.4743204e-07,0.008454288
1569,0,0,0.39038681991667173,0.99273723,0.9999529,0.3840927
1570,0,0,0.0019864032468736156,3.2860838e-09,3.6066435e-08,0.003059406
1571,0,1,0.003582367474682833,1.2281002e-09,3.00154e-10,0.0038072204
1572,0,1,0.722497554809683,0.9999968,0.9999864,0.71607655
1573,0,0,0.024869648117251255,3.259094e-05,0.00019037556,0.025240019
1574,0,1,0.04936221787984616,0.00021685894,2.8870223e-05,0.04903266
1575,0,1,0.6278391169576469,0.99988246,0.9990482,0.6208884
1576,1,0,0.19782823485368117,0.4549478,0.99506617,0.20410882
1577,0,1,0.0008589818270292462,7.070318e-12,1.3175571e-12,0.0012387696
1578,0,1,0.13545130558565144,0.14191824,0.038714282,0.13202193
1579,0,0,0.004403409751097536,2.9080108e-10,3.3123495e-09,0.004989745
1580,1,1,0.43132984007474173,0.99149597,0.9614851,0.43686795
1581,0,1,0.0019110707980897685,3.956656e-10,6.0526674e-11,0.0026901695
1582,0,0,0.30446278986812414,0.88463986,0.9997162,0.30386266
1583,0,1,0.38039162131576776,0.9980343,0.9893868,0.37925035
1584,0,0,0.05817439633206524,0.0019504135,0.1245822,0.06349495
1585,0,0,0.0030111115289319606,1.67832e-08,3.670886e-07,0.0044999816
1586,0,0,0.01315789384674762,7.539647e-07,1.7269822e-05,0.014327431
1587,1,0,0.43550247281176907,0.99396104,0.9999857,0.42959312
1588,0,1,0.04618173914911756,0.0002827176,3.179009e-05,0.045121383
1589,0,0,0.009816483230686826,1.1881384e-06,6.7290102e-06,0.011917986
1590,0,1,0.17098744740523836,0.16550878,0.0725568,0.172454
1591,0,1,0.21116385986278707,0.45300615,0.104961425,0.2077473
1592,0,1,0.0013540558982575836,2.801887e-10,1.5134541e-11,0.002067729
1593,0,0,0.04112912797019764,0.00059343263,0.016863657,0.043667674
1594,1,1,0.61476218397949,0.9109411,0.5740326,0.59332436
1595,0,0,0.02793821230308609,2.9583573e-05,0.00076036435,0.030200724
1596,0,1,0.0027760196170761005,7.3249434e-11,1.8600082e-11,0.0029150622
1597,0,1,0.02997846533516747,4.21483e-05,1.6061489e-05,0.02970658
1598,0,0,0.00879376945261604,8.531019e-08,2.2159295e-06,0.009544999
1599,1,1,0.7686416319091116,0.9999995,0.9999987,0.76553994
1600,0,1,0.7200161002171191,0.9999932,0.99998736,0.72173554
1601,0,0,0.3031074825002475,0.99536335,0.9999726,0.3176178
1602,0,0,0.06142765329437209,0.002344738,0.030722952,0.0629994
1603,1,1,0.4610375064910275,0.96853405,0.7796507,0.46709105
1604,0,1,0.02395313426055871,9.211515e-06,6.3738607e-06,0.023671657
1605,0,0,0.0005660283080959296,6.0663086e-10,2.4419309e-09,0.0012888985
1606,0,1,0.027312758492330634,0.0036839724,0.00019960137,0.038873
1607,0,1,0.03769108116949482,3.5136294e-05,3.460039e-06,0.04033645
1608,0,0,0.004231252304308275,1.1911614e-07,3.894025e-06,0.006339075
1609,0,0,0.004659002117071478,6.523491e-07,8.701883e-06,0.0067419396
1610,0,1,0.07508507396452276,0.008612652,0.0029203505,0.071084596
1611,0,1,0.03141422168019784,0.0007686646,0.00010741386,0.041263044
1612,0,1,0.015959464142367045,1.8432675e-05,1.5839956e-06,0.01778472
1613,0,0,0.06472371281735599,0.0075814733,0.09187886,0.06412297
1614,0,1,0.008153937054337057,1.7586049e-06,5.304897e-07,0.011108286
1615,0,1,0.475404634364571,0.97471344,0.8684158,0.4683627
1616,0,1,0.4553331534748061,0.9991763,0.99685824,0.46724287
1617,0,0,0.0172952467351084,1.3329555e-05,0.00028340443,0.018079707
1618,1,1,0.7553150064015268,0.9999964,0.99998903,0.75029093
1619,0,1,0.03157092456102164,9.09851e-05,1.9974876e-05,0.030417329
1620,0,1,0.010490805458918987,9.2245255e-06,2.7742644e-06,0.014062266
1621,0,1,0.323095218849007,0.9453659,0.9082785,0.32499745
1622,0,1,0.3333012765120259,0.98496026,0.9587057,0.33210322
1623,1,1,0.7525917637851821,0.99999547,0.9999895,0.7531704
1624,0,1,0.19156406667763923,0.26589048,0.042055547,0.19411963
1625,0,1,0.23339239826672972,0.77593756,0.6334907,0.23493136
1626,1,1,0.75033864166927,0.99999344,0.9999896,0.74744475
1627,1,1,0.7252508503882774,0.9999857,0.9999273,0.7222754
1628,0,1,0.18104904052563928,0.18073703,0.04041589,0.18557383
1629,0,1,0.15729514415915516,0.22867088,0.03626622,0.16209254
1630,0,1,0.14889245724030034,0.3837506,0.021639843,0.16202132
1631,0,1,0.04279235637273335,0.00026317232,0.000110349385,0.04378963
1632,0,1,0.14011599386056475,0.07361708,0.02182933,0.14334674
1633,0,0,0.008743278038163618,2.0557268e-06,2.3656345e-05,0.012373519
1634,0,0,0.015830608550792703,2.3626176e-06,3.229156e-05,0.016825901
1635,0,1,0.13620824917929653,0.080658816,0.010013702,0.13301861
1636,0,1,0.0004261389470299298,4.642047e-13,2.8533137e-15,0.0006171257
1637,0,1,0.2120273961385426,0.6058756,0.27955347,0.21310486
1638,1,1,0.3544804420996437,0.9890766,0.94588953,0.3444322
1639,0,0,0.07704747692163905,0.0034700902,0.1641044,0.08239125
1640,0,1,0.03845300209423523,4.3827396e-05,3.2842658e-05,0.038016517
1641,0,1,0.014266516019783517,7.669676e-05,2.0547664e-05,0.01866432
1642,0,1,0.00145429346542733,8.3033046e-11,1.0333028e-12,0.0020070013
1643,0,0,0.02365207608642444,0.014784088,0.22121996,0.044829976
1644,0,1,0.4740114700674857,0.9970937,0.9889297,0.4661412
1645,0,0,0.25659859303742344,0.8856822,0.9993719,0.26104638
1646,1,1,0.04265116837111835,0.0002671818,7.644564e-05,0.040520757
1647,0,1,0.2462775824764008,0.8561126,0.50982183,0.24883027
1648,0,0,0.08697911595764124,0.02409981,0.30658504,0.09273322
1649,0,1,0.03728868172599895,0.00014594702,7.620509e-05,0.036739822
1650,0,0,0.0380918310507572,0.0008344026,0.009919536,0.04000641
1651,1,1,0.394884394771906,0.99350864,0.97363085,0.393703
1652,1,1,0.17858997456347442,0.2508069,0.0025027224,0.17834939
1653,0,0,0.004704392035007972,9.688855e-09,4.0592258e-07,0.0063123545
1654,0,0,0.0015815014194757039,6.95856e-10,8.531942e-09,0.0024294087
1655,0,1,0.03497245131560475,3.401687e-05,5.1313204e-06,0.03538745
1656,0,1,0.15997342313075205,0.44143453,0.18436028,0.18162708
1657,0,1,0.737167218937029,0.9999831,0.9999076,0.7401036
1658,1,1,0.3917139782081303,0.9958372,0.9839745,0.40404817
1659,0,1,0.24517252030520323,0.907524,0.8120046,0.23864184
1660,0,1,0.0531878410477417,0.0008302844,0.00012563223,0.049469866
1661,0,0,0.15835369720783757,0.5092051,0.8943725,0.16934867
1662,0,0,0.031246500329980623,0.000115218674,0.0008860903,0.032495145
1663,0,0,0.16660581002436373,0.16380818,0.81023824,0.18363264
1664,1,1,0.7302770159147219,0.9997947,0.99974674,0.7270794
1665,0,1,0.23172341053801576,0.62196994,0.17416707,0.23408608
1666,1,1,0.9890932217303352,1.0,1.0,0.98843163
1667,0,1,0.026461218391124884,1.4941757e-05,1.7149534e-07,0.026131302
1668,0,1,0.12479743171152916,0.08599118,0.00066722895,0.1267999
1669,1,1,0.8447740113731803,0.99999964,0.9999989,0.8459555
1670,0,1,0.36114114483432186,0.97155094,0.81521255,0.36774966
1671,0,1,0.010455662360078522,1.4523519e-07,3.5880696e-08,0.010693918
1672,0,1,0.05157115990299819,6.592717e-05,0.00012663592,0.061931055
1673,0,1,0.6343994198360329,0.9999324,0.999658,0.6327595
1674,0,1,0.01282033855250169,5.2934024e-06,3.5012818e-06,0.018028015
1675,1,1,0.3279739135969104,0.97854686,0.9067087,0.32129177
1676,1,1,0.304295325607151,0.79921585,0.52584326,0.19399355
1677,0,0,0.05737004549505529,0.002017437,0.008189467,0.058982383
1678,0,0,0.030739760139604642,4.1171737e-05,0.0073169535,0.032341212
1679,1,0,0.7626099628933062,0.99999654,1.0,0.76518506
1680,0,1,0.025176259660471188,2.441682e-06,1.1822304e-06,0.024058042
1681,1,0,0.6053436649157693,0.9659246,0.99613494,0.59724754
1682,0,0,0.00015923135658131734,7.33416e-10,3.407861e-13,0.00069766236
1683,0,0,0.01100275901626337,3.413113e-07,2.582666e-06,0.0109951785
1684,1,1,0.854149779067235,0.9999999,0.9999993,0.84984535
1685,0,1,0.3682116211716115,0.996398,0.9909589,0.37370118
1686,0,1,0.015170525117429428,1.0521226e-06,2.6799034e-07,0.015333358
1687,0,1,0.777941366431084,0.99995756,0.9996949,0.77406377
1688,0,0,0.0027128599489840166,1.2375086e-08,2.955683e-07,0.0040912256
1689,0,0,0.11465632146463495,0.024403555,0.43305343,0.12209537
1690,1,1,0.5996255450780613,0.99976796,0.9986222,0.5993317
1691,1,0,0.697358052302363,0.9998611,0.99999,0.7106685
1692,0,1,0.029532414223742507,1.1862808e-05,6.0352163e-06,0.03196312
1693,0,1,0.022157784581030897,1.0413761e-05,4.9843775e-06,0.022218348
1694,0,1,0.10539528877900498,0.055257358,0.008710734,0.10600729
1695,0,1,0.4375616819475479,0.9975291,0.99167365,0.43729714
1696,0,1,0.687337529976731,0.99988186,0.99901867,0.6910134
1697,0,0,0.0014926711939279654,4.2649115e-09,5.8481668e-08,0.0025696615
1698,1,1,0.6303993836322089,0.999992,0.9999324,0.6335667
1699,1,1,0.35746110609364434,0.9960531,0.9899045,0.36539954
1700,1,1,0.25088533674440705,0.7154764,0.32041404,0.2525747
1701,0,1,0.32915115751381835,0.9506362,0.7801436,0.32801554
1702,0,0,0.04021906111172713,0.0001529571,0.0015722893,0.043091923
1703,0,0,0.012592932719704162,2.4208098e-06,8.782584e-05,0.012980022
1704,0,0,0.006990356848025395,1.3343022e-07,4.6499063e-06,0.0076181595
1705,1,1,0.24071993991789908,0.67426103,0.23709932,0.24362189
1706,0,1,0.26846102320717524,0.8836456,0.61010313,0.26434752
1707,0,1,0.08059126388332,0.00988679,0.008039763,0.07740871
1708,0,0,0.09187492376715847,0.09791708,0.90418327,0.09152293
1709,1,1,0.7910746622052782,0.9999987,0.9999863,0.78957504
1710,0,1,0.5036617085239589,0.9992399,0.9945242,0.49293104
1711,0,0,0.06163209805253066,0.0020264091,0.024412515,0.06496957
1712,0,1,0.1076294830179015,0.02057887,0.005847277,0.110490225
1713,0,1,0.11980169835367055,0.02533369,0.0027064001,0.12125771
1714,0,1,0.16408412013413215,0.21883772,0.0428298,0.16718945
1715,0,0,0.02604114605812418,2.5422049e-05,0.00038638982,0.02802855
1716,0,1,0.001967492263264204,1.1579928e-08,3.0347054e-09,0.0029153728
1717,0,1,0.0017348454143700078,1.1575505e-09,1.1906941e-10,0.0025167908
1718,0,1,0.007723717639096806,1.4843648e-05,3.8466733e-06,0.012969221
1719,0,1,0.02781502172172118,6.523207e-06,2.1338756e-06,0.027178269
1720,0,0,0.031132235041250317,1.927422e-05,0.00060563575,0.033107877
1721,0,0,0.0019070703286732254,1.6302797e-09,1.5945666e-08,0.0027615053
1722,0,1,0.4815423936570559,0.9995282,0.999208,0.4803733
1723,0,0,0.024151819785621042,2.7456032e-05,0.00015540753,0.024533061
1724,0,1,0.018875949585211573,5.557911e-06,2.4966398e-06,0.01884861
1725,0,0,0.005938508842817198,8.134408e-09,4.290755e-07,0.006668675
1726,1,1,0.03099156919653703,1.9322672e-06,2.1942932e-07,0.034707937
1727,0,1,0.002544344004718111,2.356216e-09,4.018221e-10,0.0035816228
1728,0,1,0.38687697752873523,0.98310435,0.87027365,0.38460365
1729,0,1,0.06566357519911718,0.0030556195,0.0029518732,0.06443708
1730,0,1,0.14073090887740075,0.012016297,0.0026057346,0.1448788
1731,0,1,0.23299465973168154,0.6859316,0.28806412,0.23382223
1732,0,1,0.17125681227938427,0.29880714,0.14857212,0.1741686
1733,0,0,0.06919819809028842,0.0053442996,0.076328576,0.07443739
1734,0,1,0.03409842218308271,7.413631e-05,2.3238437e-05,0.03360011
1735,0,1,0.0332912454485614,0.0044382545,0.001558306,0.04395686
1736,0,1,0.03444443954170089,8.81751e-05,4.5075023e-05,0.034098543
1737,0,1,0.4339346562220332,0.9995184,0.9973368,0.4387707
1738,0,0,0.009983681178942586,1.18529915e-05,0.00022715291,0.015074759
1739,0,1,0.18712087126053753,0.08617594,0.031740293,0.18209477
1740,0,1,0.026454796678047298,3.5611494e-05,1.0396712e-05,0.025627706
1741,0,1,0.07573045537804345,0.006977636,0.0013119377,0.0863705
1742,1,1,0.7927520555753178,0.99977493,0.9994925,0.7880906
1743,0,0,0.0528267501968873,0.03547158,0.22176637,0.060899254
1744,0,0,0.00033363895773410587,1.0730007e-08,8.00529e-12,0.0013784163
1745,0,1,0.971747055460437,1.0,1.0,0.9709362
1746,0,1,0.0030479650354229377,2.0307558e-08,1.2758559e-09,0.00453807
1747,0,1,0.1270216908232066,0.08000689,0.002844296,0.13737321
1748,0,1,0.7537990922737402,0.9997274,0.99864584,0.7410578
1749,0,0,0.009211161888862259,3.3978876e-07,1.0677155e-05,0.010122238
1750,0,1,0.07339481826938314,0.06811813,0.0019181892,0.0772759
1751,1,1,0.8347685271980775,0.99999976,0.9999981,0.8327307
1752,1,1,0.5056455780157985,0.9994974,0.99741316,0.46681327
1753,0,1,0.4415124720174872,0.99101245,0.9528837,0.4477875
1754,0,1,0.00721749942771998,1.5978751e-06,5.091963e-07,0.00989713
1755,0,0,0.00848068468588322,2.9745925e-05,0.00043732295,0.012205177
1756,1,0,0.807593877139678,0.9999987,1.0,0.8065728
1757,0,0,0.0131221257842537,1.6082648e-06,9.657995e-05,0.013750058
1758,0,0,0.15654808062068606,0.0147330975,0.9268469,0.18708597
1759,0,0,0.04283935250280564,0.0019882908,0.04605407,0.043460503
1760,0,1,0.5377511469791261,0.9989801,0.99270874,0.54002094
1761,1,0,0.3533754024433265,0.98796004,0.9999075,0.348022
1762,0,1,0.20235393016576478,0.43615174,0.12636347,0.19358425
1763,1,1,0.2850618270388822,0.91951513,0.5506431,0.28945795
1764,0,1,0.10093133989370123,0.021983765,0.00048529086,0.11144398
1765,1,1,0.8704582357612629,0.9999988,0.9999887,0.87158006
1766,1,0,0.14032723427009142,0.002165287,0.015306081,0.15308486
1767,1,1,0.4573577043630799,0.99684733,0.9897423,0.44908693
1768,0,0,0.009924600080568318,9.1380905e-05,0.0018398014,0.014833842
1769,0,1,0.1525293061458156,0.18422382,0.11932784,0.14473239
1770,0,1,0.3843276076499922,0.44808426,0.07752417,0.3798438
1771,0,1,0.3259266378012996,0.8393395,0.5997703,0.33413354
1772,0,1,0.00797444563615394,2.0128596e-07,1.7301043e-07,0.0112080015
1773,0,1,0.251142761344201,0.96147954,0.9029233,0.27276745
1774,1,0,0.16219194125078937,0.062798694,0.30867043,0.16436553
1775,0,0,0.00096062622132647,1.2701946e-11,3.0962757e-10,0.001498605
1776,0,1,0.05842493183817654,0.0010916438,0.00016951723,0.056216914
1777,0,0,0.0004521967949286993,7.601634e-13,9.3361855e-12,0.0007125299
1778,1,1,0.2873558081569097,0.9061066,0.59082425,0.2894885
1779,0,1,0.6399204066963602,0.987143,0.94569385,0.620524
1780,0,0,0.001134777808382628,2.611448e-09,3.8643257e-08,0.0023093421
1781,0,1,0.5325328955256842,0.9992421,0.99553996,0.5256773
1782,0,1,0.04525819481250151,0.008829844,0.001843162,0.060450803
1783,1,1,0.42037074624898063,0.9969861,0.9849807,0.42039585
1784,0,1,0.4394602251700847,0.99498945,0.9866377,0.43905547
1785,0,1,0.1624490469657565,0.15940347,0.033893723,0.16556028
1786,0,1,0.7325745364293482,0.999992,0.99995816,0.72894156
1787,1,1,0.34885579058492033,0.9119904,0.5062799,0.34886542
1788,0,1,0.004102384860282519,2.81647e-07,1.9114e-09,0.0057985447
1789,0,1,0.41654825413519264,0.9982821,0.9950114,0.4203567
1790,0,0,0.020986925315900688,3.823551e-06,0.0003318147,0.024403023
1791,0,0,0.11186327962101726,0.058700956,0.3991055,0.115049616
1792,0,0,0.03925319747059215,0.00025322443,0.0036096966,0.042516544
1793,0,1,0.13651947697263236,0.06600159,0.010001075,0.13729268
1794,0,0,0.02485011331982878,7.58181e-05,0.0003594747,0.028929468
1795,1,1,0.6337275076967983,0.9998449,0.9992267,0.63199294
1796,0,0,0.08009569143471014,0.0049931817,0.019044815,0.08282834
1797,0,1,0.08664776991910457,0.013341357,3.5937264e-05,0.09016239
1798,0,0,0.07127564111599291,0.013644715,0.08763823,0.07520386
1799,0,1,0.39507375470575784,0.98295105,0.97489095,0.38525817
1800,0,0,0.021064533739170135,4.2725533e-06,6.2636565e-05,0.021644134
1801,0,0,0.0010480430918753266,1.05799e-09,8.922795e-09,0.0021592171
1802,1,1,0.5490162982337495,0.99701935,0.9890009,0.55115545
1803,1,1,0.22920888424080854,0.615865,0.46268487,0.22931202
1804,0,1,0.009731951279109233,9.3752476e-08,2.2471431e-08,0.009992482
1805,0,0,0.06671599728547337,0.011469272,0.110629834,0.07799341
1806,1,1,0.9587326788027211,0.99999976,0.99999905,0.95544994
1807,1,1,0.7296246384225095,0.99999857,0.9999939,0.73313105
1808,0,1,0.030791058719155343,7.417959e-05,2.849777e-05,0.030938396
1809,1,1,0.9837486769212784,1.0,1.0,0.9820733
1810,0,1,0.15544024413671786,0.16993861,0.017607583,0.16831295
1811,0,1,0.82723044822623,0.99999976,0.9999994,0.8282112
1812,1,1,0.5784207650828114,0.9998703,0.99907684,0.5619021
1813,0,1,0.14376838736814535,0.15514994,0.07539774,0.14614493
1814,0,1,0.13784877092595782,0.29053062,0.014103366,0.15929359
1815,1,1,0.9373479478531889,1.0,0.9999999,0.937316
1816,1,1,0.11844748189953852,0.02150631,0.008227087,0.12291142
1817,0,0,0.018808638179211763,6.4316855e-06,2.7433523e-05,0.01923892
1818,0,0,0.6396097920833924,0.9999037,0.99999964,0.64715445
1819,0,1,0.003339200949224658,8.082486e-10,1.4842924e-10,0.004679592
1820,0,1,0.1456413529193273,0.02340014,0.0036661564,0.15106143
1821,0,0,0.01322008559149438,2.9057571e-06,4.4515546e-05,0.01397456
1822,1,0,0.09151540594337453,0.04896234,0.6910149,0.09747982
1823,0,1,0.7209997609167202,0.99998605,0.99990976,0.71875674
1824,1,1,0.3408319436850903,0.98896515,0.9118559,0.33521017
1825,0,0,0.025743368398812406,0.000412002,0.0017305219,0.02824799
1826,0,1,0.027798268970067163,1.2785365e-05,2.0583357e-06,0.028056672
1827,1,1,0.7611838702703589,0.99996185,0.99980414,0.7644868
1828,0,1,0.0009276792628404324,1.0882345e-11,2.2349054e-12,0.0013355915
1829,0,1,0.004859585350125531,1.9777902e-07,5.8608073e-08,0.0067481594
1830,0,1,0.24664897361847132,0.9734405,0.92046136,0.27039543
1831,1,1,0.7668767572084249,0.9996851,0.99905235,0.752586
1832,0,1,0.00926667761298548,6.1492065e-05,1.27031935e-05,0.013704757
1833,0,1,0.004402841130801459,9.224319e-08,3.7597626e-08,0.006097262
1834,0,1,0.4776991358000083,0.9868002,0.92881566,0.46676877
1835,1,1,0.9653368003876016,1.0,1.0,0.96567595
1836,0,1,0.1881282498554387,0.014143788,0.0025157398,0.1979026
1837,0,1,0.3756510434461789,0.9960148,0.98737365,0.3706402
1838,0,0,0.0007341507342097068,1.692478e-11,4.2017848e-10,0.0011970835
1839,0,1,0.01038391327562205,1.5051825e-05,2.4344904e-06,0.014698676
1840,0,0,0.0011380031873956078,6.889543e-10,1.0548915e-08,0.0019599202
1841,0,0,0.07650172124380225,0.0064615086,0.045054805,0.077109896
1842,0,0,0.04218680036490306,0.00039455062,0.0047947867,0.044340793
1843,0,0,0.00507115486525829,7.934782e-09,1.507269e-07,0.0056281406
1844,0,0,0.000958136704688443,2.9620772e-13,5.4304315e-11,0.0012856005
1845,1,1,0.4936422593312761,0.1989985,0.010723779,0.46984726
1846,0,0,0.009575891852729812,1.1536779e-05,3.3441633e-05,0.012712375
1847,0,1,0.007427950987977647,1.0148353e-06,2.844161e-07,0.010159597
1848,1,1,0.4283432462740042,0.99680895,0.98903453,0.42569596
1849,1,1,0.6287757336091875,0.9999337,0.99937165,0.6287368
1850,0,0,0.002631705603718439,0.008806183,4.5489633e-06,0.010945321
1851,1,1,0.8731098748082607,0.9999962,0.99997663,0.8643372
1852,0,1,0.1600022828295794,0.21630886,0.02507338,0.16597359
1853,0,0,0.0010995407239882218,5.758757e-10,8.2274365e-09,0.0018932528
1854,0,1,0.5422535263401326,0.999604,0.99765944,0.5392463
1855,1,1,0.4343478260018278,0.9978544,0.9845775,0.43260247
1856,0,0,0.017503103461597058,4.733146e-06,4.2365184e-05,0.01811315
1857,1,1,0.36259405418225127,0.9907398,0.9658847,0.35555953
1858,0,1,0.21682421411372124,0.82095766,0.56701857,0.21936437
1859,0,1,0.11027725328403178,0.072779015,0.028033478,0.12385921
1860,0,1,0.19277274041342968,0.27089405,0.044969425,0.19552417
1861,0,0,1.1462966806602002e-05,3.8252645e-14,2.3789612e-17,7.135353e-05
1862,0,0,0.04052471215652641,0.00045200015,0.016484171,0.042711414
1863,0,1,0.12093160327281938,0.08439582,0.00047079232,0.12303501
1864,0,1,0.03236898057476965,2.8282258e-05,5.4006573e-06,0.034851585
1865,0,0,0.0031890184903912845,1.2018532e-07,2.0283323e-06,0.0048835464
1866,0,0,0.017954881594475284,2.1913831e-06,8.3011284e-05,0.018937558
1867,1,1,0.25606764710480984,0.6002508,0.11768757,0.250181
1868,0,0,0.027931164498849297,4.505061e-05,0.000950236,0.028525334
1869,0,1,0.5375749998894914,0.99256223,0.9446205,0.5420245
1870,1,1,0.38237847711388884,0.9862751,0.94527066,0.3797344
1871,0,0,0.0017170837228730111,1.7045865e-09,2.2924826e-08,0.0026575422
1872,0,0,0.011899364945680892,8.805178e-07,2.127908e-05,0.014547359
1873,0,0,0.0007917240239265669,1.7930359e-11,2.5476365e-10,0.0011911432
1874,0,0,0.0015859796693966826,6.961357e-11,3.2352407e-10,0.0019273841
1875,0,1,0.009298206896533615,4.5623483e-06,1.2141169e-06,0.012745765
1876,1,1,0.747351885525609,0.99999547,0.999959,0.7476572
1877,0,0,0.018786347918066063,1.1526266e-05,0.0003721343,0.019523356
1878,1,1,0.7017904242685072,0.9999944,0.99999,0.700279
1879,0,1,0.15579795768346844,0.18812357,0.041540716,0.1614291
1880,0,1,0.04039690607612875,0.0008474475,0.00018330889,0.039892215
1881,0,1,0.456013277362057,0.9986603,0.99700975,0.45512283
1882,0,1,0.07168798118201997,0.0069495253,0.0013991465,0.06734963
1883,0,1,0.04183639502313368,0.00464726,0.0035201302,0.056336902
1884,1,1,0.14215575716384077,0.00042561427,6.3811412e-06,0.13218617
1885,1,1,0.6871911534214072,0.9999862,0.99993825,0.6804554
1886,0,1,0.018175032453409627,2.4327857e-05,4.8453336e-07,0.021545751
1887,1,1,0.7325765069851047,0.9999902,0.99993825,0.7298198
1888,0,0,0.6200568246792552,0.9966192,0.99972624,0.6128137
1889,0,0,0.5602340884978948,0.9900681,0.9998982,0.5449195
1890,0,1,0.2951873828048392,0.9471484,0.61367965,0.28891653
1891,0,1,0.010766380083604756,3.1432053e-05,1.1761499e-06,0.016059635
1892,0,0,0.09318208461086958,0.040625054,0.682514,0.100170605
1893,0,0,0.021261514415930365,0.011291422,0.403896,0.041356288
1894,0,0,5.3019395926737733e-05,9.438174e-11,5.698508e-14,0.0003193497
1895,0,0,0.7688581025931245,0.9999976,1.0,0.76957947
1896,0,0,0.004745391544567486,5.5997646e-07,2.0592273e-05,0.006919856
1897,1,1,0.9992951448682499,1.0,1.0,0.9989813
1898,0,1,0.3026780156104905,0.9123209,0.7327827,0.30528986
1899,0,1,0.2287274250611942,0.59380656,0.1609989,0.2314415
1900,0,0,0.009674583630108605,0.0002361671,0.0016590782,0.018008193
1901,0,1,0.03441622314378264,9.845177e-05,7.9669895e-05,0.032955084
1902,0,1,0.08085782914275227,0.004032424,0.0008626394,0.08202272
1903,0,0,0.004546957370788632,1.1526925e-09,6.3314374e-08,0.0051171924
1904,0,1,0.000712432162447182,2.224121e-12,3.7819628e-13,0.0010254806
1905,0,1,0.008969368673896742,3.0357714e-06,1.018959e-06,0.012183902
1906,0,0,0.011752951736161853,6.631963e-06,5.4811073e-05,0.01713817
1907,0,1,0.4017453635931879,0.911852,0.771885,0.39765564
1908,0,1,0.058315688037008984,0.0006213893,9.095214e-05,0.057457052
1909,0,0,0.00357237721224156,2.0305894e-08,9.035248e-08,0.0044416673
1910,0,0,0.02780715181652306,0.00018056866,0.0043705935,0.028618162
1911,0,1,0.019589987844464505,0.00037865833,0.00033186655,0.026205061
1912,1,1,0.7746269001162707,0.9999844,0.99980235,0.77878183
1913,0,0,0.12674130494679506,0.19568627,0.8340151,0.13037537
1914,0,1,0.16151610216959508,0.18503936,0.031345725,0.1642094
1915,0,1,0.18761389936029862,0.550607,0.46257803,0.18306358
1916,0,1,0.26790888194717044,0.7900307,0.31991777,0.2680009
1917,0,1,0.41991911520563413,0.9902816,0.9364303,0.424135
1918,0,0,0.028917634376602466,9.60512e-05,0.0010461964,0.033333734
1919,1,1,0.15065277524683285,0.11316609,0.015891472,0.1551691
1920,1,1,0.816691991149216,1.0,0.9999753,0.82161045
1921,1,0,0.7540156948754866,0.9999918,0.9999999,0.7548414
1922,0,0,0.0012651693570543425,2.1031807e-10,4.885914e-09,0.0019368735
1923,0,1,0.05011547380936319,0.00041601833,5.869707e-05,0.04855953
1924,1,1,0.7186209458399531,0.9999895,0.9999397,0.70933676
1925,0,1,0.006384441918401798,5.975763e-08,4.757826e-09,0.007291849
1926,0,0,0.023314867714365726,2.810947e-05,0.000111523164,0.021968868
1927,0,1,0.2600012241542648,0.68312925,0.5579643,0.2688123
1928,0,1,0.3838243302770733,0.9913147,0.96344227,0.38502264
1929,1,1,0.8707713773947731,0.9999988,0.99998593,0.87258524
1930,1,1,0.6873025979004407,0.9999757,0.9998907,0.6835766
1931,0,0,0.006037952650153917,4.339892e-08,1.3784037e-06,0.007447033
1932,0,1,0.044592184871971016,0.00033496285,0.00010035211,0.043719616
1933,0,0,0.423643826837082,0.95167816,0.99940836,0.4233053
1934,0,1,0.0127785874941811,2.4071851e-05,1.5854912e-05,0.017545843
1935,0,1,0.11216205905721516,0.044094928,0.015312464,0.11220025
1936,0,1,0.07184201043259898,0.0019578272,0.0002445089,0.07100133
1937,0,0,0.008097650141561078,3.875214e-07,1.7835685e-06,0.009844608
1938,0,0,0.39322684481048215,0.9994288,0.9999974,0.39569002
1939,0,1,0.04733094304682728,0.011082347,0.0026210272,0.063259535
1940,0,1,0.48857116127542843,0.9973532,0.9854191,0.49178717
1941,0,1,0.021104353816694985,0.0017817299,0.0003751136,0.027745415
1942,0,0,0.0835686591662238,0.024091369,0.32403806,0.089076206
1943,0,1,0.007752829866663966,7.840136e-06,5.858795e-06,0.013948324
1944,0,1,0.011004216314090796,0.0002118722,9.651477e-05,0.019478442
1945,0,0,0.14547104542299438,0.22188333,0.8005734,0.15835015
1946,0,0,0.04897496053233544,0.16059083,0.4347514,0.067987345
1947,0,0,0.16726858133247224,0.5945767,0.99597293,0.19111386
1948,0,1,0.2196063858248763,0.65999657,0.34903494,0.22076827
1949,0,0,0.019208838494562057,2.190251e-06,0.00029504037,0.020216715
1950,0,0,0.001358667440999746,4.6666704e-10,6.3172125e-09,0.002120406
1951,0,0,0.007019464459107252,2.2118824e-08,1.9889653e-07,0.007849399
1952,0,1,0.004429449401638421,2.1557135e-07,1.4938681e-08,0.0065943804
1953,1,1,0.93454782067579,1.0,1.0,0.93292385
1954,0,1,0.040681229564665695,3.550404e-05,1.7508268e-05,0.039013032
1955,1,0,0.3738543461447434,0.97436255,0.9995474,0.38957408
1956,1,1,0.16147592406930694,0.3111038,0.3123256,0.1600647
1957,0,0,0.4262955740608803,0.9738332,0.99870014,0.48030767
1958,0,0,0.07062689924573877,0.04315843,0.5447002,0.07864882
1959,0,1,0.05149333958194572,0.00057338347,0.00022452016,0.051928625
1960,0,0,0.019804089347195797,2.5407699e-05,0.00040944997,0.020558001
1961,1,0,0.25491137135992986,0.8423606,0.99815375,0.26529235
1962,0,1,0.033364143475580414,5.67737e-05,3.1703203e-05,0.033364926
1963,0,0,0.014332549509271871,2.4935323e-06,4.7999358e-05,0.015609564
1964,0,1,0.09354609702987822,0.005296255,0.00047885728,0.09691921
1965,0,1,0.05323933840307275,0.00059173914,0.00010791982,0.05241217
1966,1,1,0.03292610513799083,0.003652457,0.0015273053,0.04331397
1967,1,1,0.025129899309211966,0.02564373,0.001269249,0.043493383
1968,0,1,0.4581054221495141,0.9967835,0.98681414,0.45015648
1969,0,1,0.6866249210586018,0.9999429,0.9999237,0.6819397
1970,0,1,0.4784691913248211,0.99742824,0.98784465,0.48056456
1971,0,1,0.027303402543473687,0.00048016704,0.00041333307,0.03771634
1972,0,1,0.2722514222699328,0.9603688,0.3035228,0.26957205
1973,0,0,0.01348041182291965,3.5037533e-06,0.00014572257,0.017465962
1974,0,0,0.014706567551792357,2.6514767e-06,9.551952e-05,0.017770967
1975,0,1,0.4017309764619303,0.97981286,0.93485177,0.40654117
1976,1,1,0.14263955722394084,0.08925536,0.0007093979,0.1457977
1977,0,0,0.0017555427106717085,1.3233479e-11,7.0786915e-10,0.0019698667
1978,1,1,0.6832232127212537,0.9999906,0.99995136,0.69659346
1979,1,1,0.7616629688050546,0.99999654,0.9999851,0.7563159
1980,0,1,0.013149674328424893,4.6272518e-07,3.6736634e-07,0.013339466
1981,0,1,0.08007055162090634,0.000773053,0.00012460156,0.08136686
1982,1,1,0.7695776400841052,0.9999937,0.999972,0.77151227
1983,1,1,0.519811974056375,0.9998441,0.999876,0.50281525
1984,0,1,0.03415564044922342,8.941923e-05,1.911801e-05,0.03564972
1985,0,1,0.020765819820080404,3.4208924e-06,2.49019e-08,0.021839881
1986,0,1,0.11586067375407706,0.025106495,0.00024410707,0.117537685
1987,0,1,0.4646969664080984,0.99866855,0.99427253,0.45284694
1988,1,1,0.5728572544715775,0.9895222,0.91134655,0.5640426
1989,0,1,0.022494236254389344,0.00015278654,5.793957e-05,0.030477984
1990,1,1,0.1360572069368417,0.08589668,0.0072956705,0.14008875
1991,0,0,0.0038449050814596095,9.9065616e-08,2.4042008e-06,0.005958227
1992,1,1,0.5161042940516288,0.9996957,0.9988512,0.5150429
1993,0,0,0.0036876356035748874,1.0672758e-07,1.2034686e-06,0.0053395266
1994,0,1,0.7960744103287396,0.99996996,0.99977875,0.7872727
1995,0,1,0.3081613161534589,0.9301038,0.75794816,0.3076796
1996,0,1,0.23910829631121197,0.61178565,0.2521223,0.24248956
1997,0,1,0.5792184165309824,0.9997253,0.99754745,0.5833659
1998,0,1,0.25822537935880713,0.9019286,0.59869415,0.25945243
1999,0,1,0.5446324839239055,0.9993925,0.99721295,0.53918403
2000,0,1,0.026177438198745264,1.4964489e-05,3.833621e-06,0.026077818
2001,0,1,0.06237559372967812,0.05705672,0.018242463,0.08216401
2002,1,1,0.5566801343978823,0.99981034,0.9987413,0.5622025
2003,0,1,0.013188277224993075,2.6473874e-05,1.1379247e-05,0.018606871
2004,0,1,0.40500513766612234,0.9982211,0.98518544,0.413354
2005,0,0,0.05828934106792565,0.00072663673,0.012681435,0.064035185
2006,0,1,0.1193078891196168,0.030500058,0.0054072947,0.1238944
2007,0,1,0.2899189900619548,0.93831277,0.7610508,0.2935392
2008,0,1,0.007606815745599409,7.221135e-07,6.77947e-07,0.008096555
2009,0,1,0.005135967126220457,3.3262927e-07,5.6060753e-07,0.011152613
2010,0,0,0.003758155484056331,1.35216305e-05,0.0004705747,0.0082110865
2011,0,0,0.013305728215798212,7.4332837e-07,5.413652e-06,0.014171619
2012,0,1,0.5495747187065677,0.99975365,0.9976282,0.5571511
2013,0,0,0.009081129903982858,3.737029e-05,0.0004074849,0.017465938
2014,1,1,0.9999999999999778,1.0,1.0,1.0
2015,0,0,0.016566025252964987,0.00010763072,0.0050745783,0.024811933
2016,0,1,0.5642345995554446,0.9999653,0.9997977,0.5791769
2017,0,1,0.4295972069927363,0.99698997,0.9903906,0.4372016
2018,0,1,0.01977987146018515,2.7954154e-06,1.996727e-07,0.022331188
2019,0,0,0.000412739869712993,3.41021e-12,3.3096578e-10,0.0011308054
2020,0,0,0.004262697916738049,3.1800244e-07,4.0195773e-06,0.006224678
2021,1,0,0.996916621523815,1.0,1.0,0.9964175
2022,0,1,0.11657418366437818,0.0073963003,0.001971156,0.11378095
2023,0,1,0.14016731428883605,0.07823187,0.013348791,0.14306664
2024,1,1,0.1801001359719947,0.4893395,0.3715899,0.17547855
2025,1,1,0.6933863621156351,0.9999995,0.99999666,0.7014514
2026,0,1,0.29815699704363086,0.94559366,0.8336519,0.29666737
2027,1,1,0.7018412360521445,0.9999796,0.9998168,0.7006527
2028,0,0,0.05343174153393213,0.009963842,0.0047882157,0.05719779
2029,0,1,0.0805017050610437,0.0055777594,0.0015238944,0.08311424
2030,1,1,0.2578719222877514,0.89470714,0.6633847,0.259478
2031,0,1,0.49623878804678256,0.9977768,0.9881213,0.49923465
2032,0,1,0.2389987163188449,0.65306395,0.2214076,0.2399392
2033,0,1,0.29479233152332196,0.89884186,0.52912086,0.295446
2034,1,1,0.35768305527158467,0.98772335,0.92906386,0.36198172
2035,1,0,0.34853942579892316,0.97353673,0.99984956,0.3507725
2036,0,1,0.22870924472483378,0.77651924,0.49992132,0.22522448
2037,0,1,0.2805912028032307,0.9169669,0.701194,0.2830306
2038,1,0,0.012077624749308314,7.102279e-05,0.0007313343,0.017013324
2039,1,1,0.9263745250568279,1.0,0.99999964,0.9251108
2040,0,1,0.006803388023066904,1.2404764e-06,2.1525089e-07,0.009017773
2041,0,1,0.2275491954490836,0.42423773,0.26827034,0.14070666
2042,0,0,0.12713924688454578,0.4268981,0.78939533,0.13039577
2043,1,1,0.7955965907447099,0.997678,0.9950122,0.7698204
2044,1,1,0.7754370454171082,0.99999714,0.9999858,0.7707521
2045,0,1,0.3683834035121772,0.9801221,0.8999556,0.38894883
2046,0,0,0.006308064012084589,1.381089e-07,1.4182215e-06,0.0072212415
2047,0,0,0.096051966841659,0.0030731221,0.024138434,0.09309272
2048,0,1,0.1762706294070481,0.2682993,0.119900264,0.1729652
2049,0,1,0.28553989918438816,0.88853246,0.71013916,0.28537744
2050,0,1,0.0037148033707443124,6.090255e-08,3.989258e-09,0.0056153694
2051,0,1,0.030563306683243883,1.9100935e-05,3.0853428e-06,0.030556738
2052,0,0,0.0015179955745619853,5.5220883e-10,1.7991397e-08,0.0023241562
2053,1,1,0.9967285541832401,1.0,1.0,0.9960647
2054,0,1,0.14468523593742844,0.0908847,0.024770556,0.14852175
2055,0,0,0.027385384394804587,1.0579627e-05,0.000380461,0.028438998
2056,0,1,0.1893030894011013,0.5095211,0.0408756,0.20173311
2057,1,1,0.07009902857890225,0.0005135261,1.1721562e-05,0.07881122
2058,0,1,0.4690917214836736,0.9310303,0.792109,0.46246198
2059,1,1,0.32942939795349846,0.99261993,0.30032367,0.3316469
2060,0,1,0.3127675918581156,0.9594766,0.63496697,0.3227331
2061,0,1,0.002060028662457149,1.7490147e-09,1.4280836e-10,0.0031226599
2062,0,1,0.20672768652691428,0.46251345,0.11229949,0.21067111
2063,0,1,0.03377267033820915,0.0025329464,0.0014258043,0.041371252
2064,0,0,0.026173884454224198,0.02365415,0.4988117,0.053452127
2065,0,1,0.15530983702972714,0.11472107,0.016320443,0.15445593
2066,0,1,0.011609629595380486,6.006227e-07,4.3483517e-08,0.012590989
2067,0,1,0.010701505421718714,1.1368629e-06,2.6007928e-07,0.012256771
2068,0,1,0.447950033173144,0.99588174,0.98134965,0.4508518
2069,1,1,0.7369689439950102,0.999982,0.9999119,0.7407592
2070,1,1,0.9232983016816686,0.99999833,0.99999,0.9155498
2071,0,0,0.008850317144656623,3.2975635e-07,5.4232173e-06,0.009151051
2072,0,1,0.010888166349123072,4.40846e-05,8.203235e-06,0.015179174
2073,0,0,0.013768089354289897,2.9109497e-06,3.540707e-05,0.014509195
2074,0,0,0.0782521163054993,0.0024525204,0.5990553,0.08408555
2075,1,1,0.7651713337651532,0.9999958,0.99998546,0.75342166
2076,0,0,0.048975672676660024,0.0012178678,0.03207744,0.05130367
2077,0,0,0.008463347478404229,1.4823196e-07,6.870836e-06,0.009228512
2078,0,0,0.02072008370182025,1.6120906e-05,0.00023574619,0.021953966
2079,1,1,0.6868566050493913,0.9999852,0.9998236,0.6884336
2080,0,1,0.07663382051327423,0.004705055,0.0016995609,0.073753156
2081,0,1,0.366715259557399,0.9984705,0.9966306,0.3728205
2082,0,1,0.24400152172685532,0.6968667,0.25435808,0.24575658
2083,0,0,0.011633197983662752,6.561639e-07,6.137042e-06,0.014953223
2084,0,1,0.0031601602419143553,3.6819763e-11,2.3269777e-11,0.0033183137
2085,0,1,0.0010612891800175822,8.595882e-11,4.8086257e-12,0.001629239
2086,1,1,0.8484848426095887,0.9999999,0.99999905,0.8469033
2087,0,1,0.0037076733974036997,2.4349146e-07,4.5219927e-08,0.005835248
2088,0,0,0.2360813490278409,0.09319646,0.75134987,0.12679112
2089,0,0,0.00884722388607853,8.176535e-05,0.0023186435,0.01747851
2090,0,1,0.2856826827544149,0.98791504,0.9662692,0.3098628
2091,0,0,0.15564841620750663,0.3435349,0.9725733,0.16411446
2092,0,0,0.0022283896456750784,5.269792e-08,8.16363e-07,0.0038329496
2093,0,1,0.052928156304493844,0.0005614065,8.8949695e-05,0.05131021
2094,0,1,0.0026896872991018853,3.4381546e-09,5.7554844e-10,0.003794735
2095,0,0,0.04573337680996417,0.00074906944,0.020359972,0.047758367
2096,0,0,0.027268088752039565,0.002375261,0.040461835,0.03972084
2097,0,1,0.005754975633317046,1.0266667e-06,1.1298633e-08,0.008027319
2098,0,0,0.0051506285517949665,9.500749e-07,1.02991835e-05,0.007438811
2099,0,0,0.001021198282131992,4.4505462e-11,4.8943155e-10,0.0015744878
2100,0,1,0.4592969352699598,0.9969977,0.9803617,0.45600176
2101,0,0,0.009211833210637052,8.829938e-08,1.1765284e-05,0.010000476
2102,0,1,0.02030291798176151,5.4399325e-06,4.83279e-06,0.020577842
2103,0,0,0.001445340808833032,3.498051e-09,4.7623857e-08,0.0024931948
2104,0,1,0.05666104334384536,0.0007106758,0.00012935326,0.0543007
2105,0,1,0.01029103901328478,1.16098445e-05,2.1969454e-06,0.013610845
2106,1,1,0.726928566788228,0.99985254,0.9988593,0.7151248
2107,0,1,0.8589766046104035,0.9999964,0.9999913,0.85034126
2108,0,1,0.16553130723476478,0.29424784,0.11757822,0.16695632
2109,0,0,0.028031203202621376,1.8244638e-05,0.00034081933,0.029153382
2110,1,0,0.7976889178300651,0.99999845,1.0,0.79695684
2111,0,1,0.27546158851683655,0.72098833,0.3356667,0.2763656
2112,0,1,0.2972262662235503,0.82296336,0.6536894,0.29313126
2113,0,1,0.5031394595251415,0.99850625,0.9938374,0.5048646
2114,0,1,0.013107885991524045,4.2924822e-07,1.0913437e-08,0.012918631
2115,1,1,0.6862017423887327,0.99996006,0.9997284,0.6834096
2116,0,1,0.02166676884223651,1.1642226e-06,9.5662685e-08,0.02077819
2117,0,1,0.9085050736231076,1.0,0.99999976,0.9099197
2118,0,1,0.17167160697625475,0.22361362,0.037713017,0.17370671
2119,0,1,0.02121792118128357,5.3334843e-06,1.4994055e-06,0.021247694
2120,0,0,0.609823512126016,0.9993307,0.9999951,0.61533344
2121,0,1,0.026530169527631244,1.02803915e-05,7.539313e-06,0.025541017
2122,0,0,0.0006253257273932894,7.4028175e-13,2.0071283e-11,0.00097525143
2123,0,0,0.2928388905038038,0.93557197,0.99943894,0.2890512
2124,0,1,0.006668688251597252,7.443128e-07,1.26442e-07,0.008860084
2125,0,1,0.11623515303996457,0.044836506,0.0014919818,0.12648702
2126,1,1,0.8880964687896313,0.9999999,0.999998,0.88959813
2127,0,1,0.03588860177964532,0.007952483,0.0024618146,0.047397766
2128,0,1,0.05523131517239206,0.0012333386,0.0013389235,0.05632752
2129,1,1,0.08260227868778175,0.014404476,0.005785655,0.086656705
2130,0,1,0.005915392476028922,3.5863864e-05,2.2207316e-06,0.011545769
2131,0,0,0.00613297757506614,3.792725e-06,4.1971136e-05,0.010540439
2132,0,0,0.0039426983455764725,5.774323e-09,1.4436964e-07,0.0041788155
2133,0,0,0.0008995709546635302,2.5110861e-11,3.618926e-10,0.0013953855
2134,0,1,0.29234050454676164,0.89852446,0.6482711,0.29198813
2135,1,1,0.4518356550571276,0.9990121,0.99702734,0.45618623
2136,0,1,0.17043490860814192,0.94336665,0.09256906,0.18048014
2137,0,1,0.3541924949340606,0.94001085,0.8267321,0.34816742
2138,0,0,0.0036252118761427366,5.081787e-09,4.2922117e-08,0.004494154
2139,1,1,0.6400516533171849,0.99986374,0.9989476,0.6392791
2140,0,1,0.11825999217038242,0.024408938,0.0034046422,0.11875613
2141,1,1,0.512140181604612,0.99776936,0.9926092,0.5161394
2142,0,0,0.13167496997238548,0.0010116315,0.08741899,0.13391197
2143,0,0,0.013074875614061933,0.00021595393,0.0025995232,0.024855778
2144,1,1,0.6751622825232237,0.99994063,0.9993469,0.6745045
2145,0,0,0.10451834216376836,0.086569,0.7169898,0.109614484
2146,0,1,0.12155356763320205,0.01616491,0.00423869,0.12196596
2147,1,1,0.6748807171358522,0.99999595,0.99998415,0.6735849
2148,1,1,0.6212055982395098,0.9999659,0.9997366,0.6161952
2149,1,1,0.972846283619118,1.0,1.0,0.9728776
2150,1,1,0.6829163891717873,0.9999932,0.99998,0.67901105
2151,1,1,0.6674394458905413,0.99994564,0.9994955,0.66838425
2152,0,1,0.41452559333853545,0.9924958,0.9609567,0.41036856
2153,1,1,0.1579661972743076,0.29818672,0.054767314,0.1684672
2154,0,1,0.00947998577111845,1.8047632e-07,1.12220455e-08,0.010369953
2155,0,1,0.0009406575717002969,3.5982686e-11,2.3566166e-12,0.0014484331
2156,0,1,0.11931679888423226,0.15201084,0.03280939,0.1351731
2157,0,1,0.006806342107994497,1.1571337e-06,3.3701656e-07,0.009341013
2158,0,1,0.16679497285098627,0.091666296,0.029967435,0.17156172
2159,0,1,0.3368704461325893,0.97431666,0.8679916,0.33684236
2160,0,1,0.12781233738477044,0.062226895,0.020753935,0.1301582
2161,0,0,0.04808432913509511,0.00045142055,0.0042376635,0.05111754
2162,1,1,0.2414873585639838,0.72365427,0.30800244,0.24259368
2163,0,1,0.05271619466916008,0.020425674,0.0057650493,0.070232734
2164,1,1,0.7202910364057549,0.99998057,0.99985194,0.7171917
2165,0,1,0.29746902629396393,0.91448617,0.67574304,0.29622397
2166,0,0,0.002189110513426795,3.7679735e-09,4.0312905e-08,0.003171724
2167,0,1,0.16213489376983523,0.4554078,0.19728863,0.17815948
2168,1,1,0.8695857160233464,0.9998969,0.9998567,0.8655482
2169,1,1,0.1159315061500127,0.09896676,0.05040302,0.11265624
2170,0,0,0.004134955030757834,3.1674736e-09,5.172243e-08,0.0046978923
2171,0,1,0.07236590345289579,0.0044961423,0.0007651968,0.06960109
2172,0,1,0.48443869977272497,0.9976956,0.99167585,0.47635177
2173,1,1,0.87052008203051,1.0,0.99999976,0.86729026
2174,0,0,6.528581841700684e-05,3.6840508e-10,2.0874474e-13,0.0003901651
2175,0,1,0.05503426493476921,0.0003299482,4.2706928e-05,0.057733465
2176,0,0,0.06672075577136391,0.0033978797,0.09677367,0.073987216
2177,1,1,0.6854963602184964,0.999985,0.99994755,0.68650097
2178,0,0,0.49387837503888593,0.99910325,0.9999974,0.49391878
2179,0,1,0.3744014409688399,0.98534286,0.9163926,0.3713189
2180,0,1,0.05472949065805305,5.924294e-05,3.8612026e-05,0.05336315
2181,0,1,0.003931474323634088,1.02406204e-07,7.026717e-09,0.005901214
2182,0,0,0.0011665474961889111,1.1316782e-10,3.0560576e-09,0.0017858588
2183,0,1,0.6392074155730247,0.9999062,0.99957854,0.6386979
2184,0,0,0.04430895159234626,0.0004317887,0.013162092,0.04657367
2185,0,1,0.3998594033638807,0.91655517,0.72620153,0.3967894
2186,0,1,0.011973031148797515,2.0880572e-05,6.5373947e-06,0.016246133
2187,0,0,0.0033798733251802085,5.4050712e-08,6.802598e-07,0.0050924565
2188,0,1,0.008092893423462966,2.3658991e-08,4.298651e-08,0.0112364
2189,1,0,0.9601014568227308,1.0,1.0,0.9597108
2190,1,0,0.7273493169149261,0.9999907,1.0,0.73136306
2191,0,0,0.11212859284299959,0.001955101,0.09869872,0.12104338
2192,0,1,0.05643014182216936,0.0017585468,8.7428765e-05,0.06347301
2193,0,1,0.20347709087458743,0.40988147,0.23057504,0.20393088
2194,0,0,0.03485934506369187,0.00017044075,0.002201221,0.035746746
2195,0,0,0.016055420189723238,1.9991635e-06,2.3702143e-05,0.019696599
2196,0,0,0.003417178318809458,5.6599298e-08,1.3032841e-06,0.0051559606
2197,1,0,0.8420717327225294,0.99999905,1.0,0.84113896
2198,0,0,0.02439581768597272,6.294326e-05,0.0033458378,0.026137501
2199,1,1,0.09574236274722402,0.0297299,0.0070824814,0.095827386
2200,0,0,0.020471166480009698,8.803064e-06,0.00029731885,0.02199642
2201,1,1,0.6831568198335726,0.9999713,0.9998785,0.6791776
2202,0,1,0.052727761716731075,0.0004987205,0.00017210175,0.055480998
2203,0,1,0.0038111520295484327,1.8962876e-08,3.3455125e-09,0.005041359
2204,0,0,0.010087714259648023,7.970097e-08,9.672311e-07,0.010931748
2205,1,0,0.4289088367910891,0.9954047,0.99977374,0.44864035
2206,0,0,0.0031489264142534478,4.697677e-10,6.313262e-09,0.0035501875
2207,0,0,0.051410819267082054,0.003446523,0.11704534,0.052371662
2208,0,1,0.08418129933396723,0.060482427,0.0064945375,0.090341814
2209,0,1,0.14607981360711578,0.10384663,0.017810479,0.14856243
2210,0,0,0.008531367969858906,8.4595285e-07,1.165065e-05,0.010625198
2211,0,1,0.6881011289516387,0.9999734,0.9999033,0.686063
2212,0,1,0.014199226703340201,1.7483371e-06,7.643692e-07,0.016289957
2213,0,1,0.11919529122837688,0.02017582,0.00047254082,0.114298426
2214,0,1,0.1406031154269703,0.37878397,0.101506054,0.15844847
2215,0,1,0.008318254997214143,2.1714618e-06,5.9256524e-07,0.011402089
2216,1,1,0.4411953488950497,0.9947188,0.9776512,0.44044214
2217,0,0,0.00836940667187538,6.0857374e-08,3.8988267e-07,0.009046822
2218,0,1,0.14497992817589778,0.15417068,0.005562189,0.16680638
2219,0,1,0.7651772678717186,0.9999988,0.9999962,0.76575845
2220,1,1,0.41301346427472574,0.9994382,0.99594384,0.42249662
2221,1,1,0.13363687429126775,0.11408333,0.05088128,0.13111004
2222,1,1,0.12213525327776499,0.22434416,0.04714059,0.12918037
2223,0,1,0.18510781605243568,1.0,1.0,0.1869046
2224,1,0,0.1420464992973703,0.062204126,0.91833276,0.14854555
2225,0,0,0.03544653997998448,0.00026511628,0.002021602,0.036686484
2226,0,0,0.005017437884374128,5.2181486e-09,9.464435e-08,0.0056110206
2227,0,1,0.05206999182988742,0.0016854864,0.0006486782,0.05974421
2228,1,1,0.4792406552531542,0.9997329,0.9969662,0.5059645
2229,0,1,0.16808747576968405,0.22674368,0.07389844,0.17102572
2230,0,1,0.41815418980374036,0.9931432,0.97273713,0.4169426
2231,0,0,0.010252372491744785,2.3082662e-06,5.2846895e-05,0.013090224
2232,0,0,0.005282621310543063,9.822642e-09,1.1178385e-07,0.00591649
2233,0,0,0.005861250243836261,2.752227e-09,3.9751097e-08,0.006461772
2234,0,1,0.01560277996073912,5.4809298e-05,2.2079548e-05,0.021089954
2235,0,1,0.30497461890159244,0.89582604,0.49241474,0.30435932
2236,0,0,0.005482051851803809,4.82761e-09,3.3615365e-08,0.006073338
2237,1,1,0.7683772086260063,0.9999976,0.9999844,0.76044285
2238,0,1,0.21880967679807006,0.6037029,0.22339316,0.21718904
2239,0,0,0.0255418615915029,4.244298e-05,0.00040076234,0.025829785
2240,0,0,0.023650085453084994,9.2190865e-05,0.00068410876,0.02581996
2241,1,1,0.902089856090003,0.9999999,0.99999905,0.9012907
2242,0,0,0.0024734533973310006,1.4475655e-10,1.3380703e-09,0.0027655803
2243,0,1,0.003201418310413659,1.3206192e-08,4.3107513e-09,0.0044832462
2244,0,0,0.07042047027682596,0.008980934,0.05467889,0.07160651
2245,0,1,0.0938336318605073,0.001659255,0.00015946213,0.08927579
2246,0,1,0.008148879138221057,9.052705e-08,9.503395e-09,0.008995042
2247,1,1,0.35557705775605003,0.9834437,0.86909854,0.35869944
2248,1,1,0.7591138237832286,0.9999963,0.9999914,0.7579583
2249,0,0,0.737533292296144,0.9999589,0.99999976,0.7230182
2250,1,1,0.2939544763136705,0.8656441,0.40230453,0.29350212
2251,0,1,0.1659168209340948,0.24371716,0.027655028,0.1744236
2252,1,1,0.7337574222494477,0.9999945,0.99996984,0.735446
2253,0,0,0.031205851418660446,5.6259327e-05,0.00058755616,0.03350654
2254,1,1,0.9767553508867445,1.0,1.0,0.97507805
2255,0,1,0.005374595075020466,8.1301145e-08,7.7937234e-10,0.007010341
2256,0,1,0.6024291211789355,0.99967617,0.9968839,0.60392773
2257,0,0,0.004110004117234151,1.6390041e-08,4.3462336e-07,0.0051857214
2258,0,1,0.1595821482390369,0.19111261,0.06571988,0.16252315
2259,0,0,0.002976052625212098,1.3167384e-08,3.7408074e-07,0.0044446983
2260,0,0,0.027805706937943143,4.4901095e-05,0.00043438154,0.029272642
2261,0,1,0.05945679183002787,0.04758934,0.028482106,0.07594597
2262,1,0,0.6006094456575145,0.99977195,0.9999995,0.6097633
2263,1,1,0.7954103076303599,0.99999833,0.99999034,0.79167116
2264,0,1,0.00329584042919547,8.934887e-09,2.4399476e-09,0.0045637237
2265,0,0,0.0018686938513123269,1.8597438e-09,3.498046e-08,0.0028227456
2266,1,1,0.834597994345783,0.9999999,0.99999964,0.83377916
2267,0,0,0.027757642021220195,4.666617e-05,0.000327913,0.029147647
2268,0,1,0.052968885374867436,0.0012317325,0.0008420588,0.05185968
2269,1,1,0.5514581860328731,0.99954015,0.9980506,0.55120313
2270,1,0,0.5316462818322361,0.028214658,0.54329,0.5104791
2271,0,0,0.05065640653442003,0.00031540444,0.020003732,0.055024702
2272,1,1,0.7736867373246986,0.9999962,0.99997807,0.7693942
2273,1,1,0.7061229218239115,0.999982,0.9999008,0.7023732
2274,0,1,0.6741013125991263,0.99986076,0.99770254,0.66556054
2275,1,0,0.9589552782148274,0.99996173,0.99999964,0.9576533
2276,0,1,0.06607048785037627,0.0009737043,0.00021666568,0.06645937
2277,1,1,0.15703317742744544,0.009269909,0.006120028,0.14904493
2278,0,1,0.017776929348524782,3.1647326e-06,8.476761e-07,0.01751627
2279,1,1,0.6504237447764428,0.9997323,0.9941783,0.6537054
2280,0,1,0.0019127269995298244,1.9204187e-09,8.729317e-11,0.0029025117
2281,0,1,0.1606666421227468,0.319935,0.009706414,0.17483687
2282,0,1,0.5534765683457239,0.999739,0.9991687,0.5586694
2283,0,1,0.033487116696294915,0.00037102928,9.742939e-05,0.037448492
2284,0,0,0.12568666651920607,0.14820996,0.69536734,0.1288976
2285,0,1,0.008990885869831797,8.524304e-06,2.6588502e-06,0.01224582
2286,1,1,0.6430074552488418,0.999972,0.99984574,0.63941103
2287,1,1,0.278259165858017,0.92752063,0.6565656,0.29182854
2288,1,1,0.3139000946684591,0.9377721,0.7939107,0.31369495
2289,0,0,0.009637181479455111,4.5587463e-08,8.5065074e-07,0.010374877
2290,1,1,0.0277756506785643,0.0013616157,0.00046162412,0.03675068
2291,0,1,0.2437096203488353,0.70189637,0.32402182,0.23736821
2292,0,0,0.025504944176548697,0.0004832925,0.0026715852,0.027932012
2293,0,1,0.008649320559611075,4.5293127e-08,1.43326435e-08,0.008933018
2294,0,0,0.014673333799369755,9.99605e-07,3.124643e-05,0.015611059
2295,1,0,0.3646883462657693,0.98112583,0.9999069,0.36897823
2296,1,1,0.9754265308414025,1.0,1.0,0.97224253
2297,1,1,0.7375515418817599,0.99999714,0.99998844,0.7375475
2298,0,1,0.2484936236083567,0.9690064,0.8416046,0.24864303
2299,0,0,0.2842041555495051,0.9188173,0.99665403,0.28712958
2300,1,1,0.8067964771945578,0.9999914,0.999938,0.8105891
2301,0,0,0.00678250349542241,3.7325858e-06,4.0559014e-05,0.009730493
2302,0,1,0.01718075987016276,2.605465e-06,9.376086e-07,0.017366841
2303,0,0,0.004995968040157349,6.6524734e-08,1.4813292e-06,0.0060284543
2304,0,1,0.15516824677279983,0.09881213,0.047347434,0.15928008
2305,0,0,0.1709388555070122,0.26234818,0.8610085,0.18031496
2306,0,1,0.2684527175152883,0.69535315,0.27021044,0.2684178
2307,0,1,0.024139572457195193,3.379035e-05,2.3739716e-05,0.023386596
2308,0,1,0.0023625441670920406,4.5486774e-09,2.3486227e-10,0.0035551738
2309,0,1,0.28947646350235784,0.9182099,0.7186924,0.29141313
2310,0,1,0.27922080823912065,0.89661396,0.5693215,0.2745879
2311,0,0,0.011834350170434854,1.1174888e-07,1.9934537e-06,0.013097298
2312,0,1,0.36896715220590465,0.997265,0.5814202,0.37004784
2313,0,0,0.03384517056568913,3.2300642e-05,0.0011758853,0.03509048
2314,0,1,0.6573142069132563,0.9999572,0.9997872,0.65527505
2315,0,1,0.003443285315886837,3.793031e-09,8.2294845e-11,0.0042715794
2316,0,0,0.002777460597503274,1.0279654e-09,1.957643e-08,0.0034588594
2317,0,0,0.016745055659928367,5.407522e-06,0.00015444642,0.01815542
2318,0,0,0.006227958591791085,4.3295056e-09,4.1518465e-08,0.0068660895
2319,0,1,0.26645627861137977,0.9835392,0.963687,0.28005043
2320,0,0,0.03300883609450637,3.684803e-05,0.000810497,0.035140693
2321,0,1,0.5520362152205853,0.99767095,0.9822766,0.5562156
2322,1,0,0.29342019580784684,0.20009774,0.9129455,0.29758528
2323,0,1,0.017764727386739138,1.7104032e-05,2.1192493e-06,0.018876266
2324,1,1,0.3447016385594213,0.9905177,0.9611756,0.3585723
2325,0,0,0.05167683817570272,0.0009735382,0.0155841885,0.053350206
2326,1,1,0.98723819183339,0.9999999,0.99999905,0.98520213
2327,0,0,0.19805976160218955,0.7111492,0.95741916,0.1956569
2328,0,0,0.10148849349333385,0.020595957,0.19279101,0.1080623
2329,0,1,0.017541412477604212,0.010688014,0.0005203236,0.0348593
2330,0,1,0.007842246714697649,5.6576973e-05,2.2992012e-05,0.01416781
2331,1,1,0.7445922287350666,0.9999969,0.99999595,0.742235
2332,1,1,0.6755083218896643,0.99994445,0.99963844,0.67380834
2333,0,1,0.10317009998273148,0.007374226,0.0029883177,0.10796538
2334,0,1,0.1419630153807606,0.5551671,0.062196024,0.14673762
2335,1,1,0.13972335966018892,0.10688931,0.0055238926,0.1522708
2336,0,1,0.004565169165494723,3.8077093e-09,1.8487799e-09,0.004676564
2337,1,1,0.2182978200588584,0.889102,0.42821464,0.2217598
2338,0,1,0.09211427525844498,0.018015219,0.011006146,0.08973812
2339,0,1,0.24843015254723239,0.7138486,0.28868535,0.24925816
2340,1,1,0.614629960834171,0.99991345,0.9996795,0.61522806
2341,0,0,0.0013908064099062566,1.9911006e-09,4.437135e-08,0.0023957496
2342,0,1,0.20575111595665363,0.32648876,0.1466728,0.21120691
2343,0,1,0.048241797663544486,0.00045800846,0.00017397391,0.050398316
2344,0,0,0.013117080564309451,1.9834467e-06,1.02012755e-05,0.015145708
2345,0,1,0.03703282954635862,3.882811e-05,9.379042e-06,0.03849406
2346,0,1,0.6874979264001049,0.9999273,0.9995542,0.69345224
2347,0,0,0.0008936391719224499,2.6011688e-12,2.830506e-10,0.0016455811
2348,0,1,0.5261396761312207,0.9424673,0.87364787,0.4995705
2349,0,0,0.10331570844733877,0.12887193,0.4897764,0.11440538
2350,0,1,0.023770829756192775,1.6001344e-05,6.7390415e-06,0.0233474
2351,0,0,0.6718195171179919,0.9999572,0.99999976,0.6744176
2352,0,1,0.004505881063813816,7.904997e-08,1.8355205e-08,0.0063487208
2353,1,0,0.024010767261593173,9.780331e-05,0.004472312,0.027484529
2354,0,1,0.0035826821236384573,6.038102e-08,3.5886425e-09,0.005347023
2355,0,1,0.0034316795880536513,1.697557e-07,4.9754917e-08,0.005454055
2356,0,1,0.7831599890733073,0.9999994,0.9999976,0.7767353
2357,0,1,0.5540935190732544,0.9998523,0.9988696,0.559666
2358,0,1,0.003957665211729867,2.8138442e-07,8.161499e-08,0.0062340414
2359,0,0,0.04889523447055138,0.0014621483,0.030040951,0.053338457
2360,0,0,0.15369296315751288,0.6730357,0.9562264,0.16285601
2361,0,1,0.3201703945438091,0.9394468,0.82405627,0.31590274
2362,1,1,0.49014776523515097,0.998618,0.99366915,0.49298123
2363,0,1,0.7035598664151651,0.9999994,0.9999956,0.7178079
2364,0,1,0.0034643019471064414,3.639655e-08,1.7834769e-09,0.005153596
2365,0,1,0.46307290877265933,0.5552486,0.5184901,0.49446836
2366,0,1,0.6945440358957375,0.9999856,0.9998692,0.6790007
2367,0,1,0.0283474385267046,1.9982173e-05,4.072183e-06,0.027568888
2368,0,1,0.23206742558535506,0.59551424,0.18332037,0.23353419
2369,0,1,0.017750786817680164,4.4309786e-07,5.129634e-08,0.01787128
2370,0,0,0.052699232845577815,0.0005941715,0.008821693,0.055764534
2371,0,1,0.006642341861445021,1.13097785e-05,1.9449444e-06,0.010459068
2372,0,0,0.4894561922411156,0.89556533,0.9989968,0.48707125
2373,1,1,0.7030756563107174,0.9999752,0.99983835,0.6995581
2374,0,1,0.0006300717390768674,1.4906403e-12,2.667636e-13,0.0009150006
2375,0,1,0.5106898203456657,0.9988016,0.9942466,0.5120736
2376,0,1,0.06960180216392108,0.005388706,0.0012086418,0.06577481
2377,0,0,0.009919344922062624,2.407562e-06,2.6541471e-05,0.010213633
2378,0,1,0.004553547765468414,5.772847e-09,6.6900036e-10,0.0049178484
2379,0,1,0.34561196013895973,0.9622242,0.76806164,0.34325784
2380,0,1,0.04823521585347524,0.00082519854,0.00041732093,0.04794966
2381,1,1,0.5221115845893656,0.98610026,0.96727073,0.5276499
2382,0,1,0.04241282066904635,6.378813e-05,1.2251187e-05,0.045746103
2383,1,1,0.8576628457527627,0.9999999,0.9999995,0.850828
2384,0,1,0.24796750136284884,0.15920831,0.042023614,0.24690045
2385,0,1,0.0058695630473383715,5.0540466e-06,8.6981066e-07,0.009241849
2386,0,1,0.002397419359922878,3.7723886e-09,3.7114138e-11,0.003346827
2387,0,1,0.2841559600561723,0.8779479,0.5801456,0.28374985
2388,0,0,0.005232166433900583,8.1671817e-07,2.085677e-05,0.007810806
2389,1,1,0.6807982474570027,0.99997854,0.99992526,0.65489364
2390,0,0,0.025294283742739208,3.6737998e-05,0.00052554574,0.027199043
2391,0,0,0.04276535677182395,2.1559454e-05,0.00026134477,0.023426814
2392,0,1,0.4797160335080321,0.9980326,0.9919709,0.48149192
2393,1,1,0.7671956747536047,0.9998975,0.9993801,0.75727934
2394,0,0,0.010928158697905801,3.4595166e-07,6.1371e-06,0.0118652405
2395,0,0,0.006129403913062695,1.693023e-08,1.3095635e-06,0.006604256
2396,0,0,0.04523260962725206,0.0036234204,0.028471624,0.04932775
2397,0,0,0.003980369602358034,5.495414e-09,1.6824747e-07,0.0049948515
2398,0,1,0.0014724779814577803,6.3079747e-10,1.900997e-10,0.002367955
2399,0,1,0.254340919436118,0.9093462,0.043397658,0.25486863
2400,0,1,0.27922544592507104,0.8331163,0.5015074,0.28049925
2401,1,1,0.5174333837279709,0.99520606,0.9628922,0.5169729
2402,0,0,0.021865436398096693,6.228223e-05,0.0011566828,0.024286535
2403,0,1,0.0029658128761050483,7.64568e-09,1.4220042e-09,0.0042331265
2404,0,1,0.348934373484294,0.9810215,0.8443529,0.34004617
2405,0,1,0.03862071826262987,4.8724898e-05,5.7275493e-06,0.038259886
2406,0,1,0.02621132677045567,2.3262251e-05,6.028705e-06,0.02505429
2407,0,1,0.1899424001556301,0.3736265,0.06957026,0.18859272
2408,1,0,0.9905025358571948,1.0,1.0,0.9883653
2409,0,1,0.1276141599014017,0.049708426,0.00047692165,0.1284048
2410,0,0,0.02039585884771049,3.0083294e-05,0.00052211387,0.02133154
2411,0,0,0.027768521124919846,7.032137e-05,0.0003539766,0.029117826
2412,1,1,0.5884663485823743,0.999713,0.99860835,0.58001065
2413,0,1,0.03667732070814833,0.00395107,0.0014360361,0.049527943
2414,0,0,0.00682196596693915,3.848027e-08,1.6329015e-07,0.0075048255
2415,0,1,0.12290562997225772,0.00057225226,9.556762e-05,0.057126388
2416,0,1,0.08490736067455854,0.031502385,0.014866309,0.08317709
2417,0,0,0.16057033134356619,0.117366,0.92464983,0.16676664
2418,0,1,0.02648877256346462,8.753054e-06,1.6068743e-06,0.026957927
2419,1,1,0.8968588031562147,1.0,1.0,0.8983648
2420,0,0,0.0019367994974892728,1.7383855e-09,2.6313387e-08,0.0028442699
2421,0,0,0.014569992100612605,1.8607596e-05,5.7632078e-05,0.016326936
2422,1,1,0.76966642399884,0.99984884,0.99926215,0.76394707
2423,0,1,0.005587567191701622,6.7125177e-07,5.470138e-09,0.007734752
2424,0,0,0.021862215380009795,3.4956497e-06,9.140409e-05,0.023212347
2425,0,1,0.09376542472314917,0.092358105,0.04710248,0.09369148
2426,0,0,0.06999800924837102,0.00015600036,0.045288704,0.07337075
2427,0,1,0.00826953538529856,3.035488e-08,8.267818e-09,0.008532361
2428,0,0,0.015766632532524395,1.8806713e-06,2.552892e-05,0.016845625
2429,1,1,0.6160334091241013,0.99974877,0.9995146,0.6085103
2430,1,1,0.8857803741612429,1.0,0.9999999,0.8812225
2431,0,1,0.28926089179866205,0.85855395,0.5205831,0.29066172
2432,0,1,0.3356385796401173,0.9597079,0.8057046,0.33355135
2433,0,0,0.002153103340354365,5.2070925e-09,8.157313e-08,0.003249282
2434,1,0,0.2992741554438889,0.93563783,0.9961211,0.3132866
2435,1,1,0.5066299706062226,0.99927133,0.9963027,0.5042398
2436,1,1,0.9999999999999916,1.0,1.0,1.0
2437,0,0,0.015221068023081607,4.2785964e-06,0.00015647216,0.016533758
2438,1,1,0.9979441265304748,1.0,1.0,0.9974999
2439,0,1,0.026795128395344068,1.8528197e-05,8.427315e-06,0.026878484
2440,0,1,0.045096431172755795,0.0005596432,0.0002588234,0.044992343
2441,1,1,0.36394030770477853,0.9916972,0.98841965,0.35173044
2442,1,1,0.5996369708536302,0.9998628,0.9991591,0.60260427
2443,1,1,0.5664250608243236,0.9999392,0.9996777,0.5760317
2444,0,1,0.1663738369127595,0.27768144,0.08008855,0.15687992
2445,0,1,0.00807029434197748,2.0552209e-06,8.6696923e-07,0.011124615
2446,0,1,0.03119611044244087,4.7975835e-05,1.2832487e-06,0.031262714
2447,0,0,0.0014410472319552707,6.336203e-10,6.915799e-09,0.0022401614
2448,1,1,0.689529531902041,0.9999702,0.9997398,0.6894121
2449,0,1,0.056678282994583586,0.0056494786,0.0011693583,0.07483367
2450,0,1,0.01894326639013033,3.0993037e-06,1.7279374e-06,0.019206231
2451,0,0,0.10099769886498576,0.06576581,0.47500837,0.10277814
2452,0,1,0.19653000887664632,0.49501118,0.03763213,0.2107987
2453,0,1,0.3749282456983488,0.99903816,0.9949773,0.38470238
2454,0,1,0.31700491166973455,0.9923219,0.92622966,0.33052725
2455,0,0,0.00789923795036144,6.8983724e-08,5.231765e-07,0.0076634884
2456,0,0,2.9023615268903876e-05,5.3743766e-11,4.812291e-14,0.0002389569
2457,0,1,0.26947702931742373,0.92188954,0.7085887,0.28322485
2458,1,1,0.8398407935303627,0.99999976,0.99999774,0.8371703
2459,0,0,0.013263332334092666,7.151272e-06,4.0838462e-05,0.015449513
2460,0,1,0.06143339158486106,0.0018357849,0.00022627015,0.059702504
2461,0,1,0.002950907151390565,3.7541236e-07,2.5965837e-08,0.005816156
2462,0,1,0.3208886536689593,0.9886796,0.9694662,0.35991913
2463,0,1,0.005419161303954768,3.2823024e-07,5.780915e-08,0.007334566
2464,1,0,0.6223842907016293,0.9998529,0.99999905,0.6271837
2465,0,0,0.40790213855431656,0.9962296,0.9998033,0.41816813
2466,0,0,0.15798867286508195,0.12131331,0.7720495,0.16662046
2467,0,0,0.0633880857941479,0.004825012,0.048195165,0.0647238
2468,0,0,0.5040691040616416,0.99752873,0.99998903,0.50191635
2469,1,1,0.7206752028615885,0.99995637,0.99991226,0.71818566
2470,0,0,0.01589334164088435,1.122363e-06,1.0145324e-05,0.017388664
2471,0,1,0.06866803293445546,0.0011041721,0.0008716011,0.06874759
2472,0,1,0.06312550986851494,0.0040388177,0.00023304496,0.07049579
2473,0,1,0.21325845520732403,0.6250349,0.15831238,0.21327558
2474,1,1,0.8516414050131876,0.99999964,0.9999982,0.8524692
2475,0,0,0.003532332422172826,1.339011e-07,1.324054e-06,0.005154759
2476,0,0,0.004000546231546057,5.5611178e-08,3.2005002e-07,0.005395654
2477,0,1,0.06565634047377844,0.001463452,0.0006952487,0.06375828
2478,0,1,0.025022509100886423,1.7068967e-05,8.525649e-07,0.028533323
2479,1,1,0.998474444383433,1.0,1.0,0.9981997
2480,0,0,0.5942858232078184,0.99940264,0.9999974,0.59938306
2481,0,1,0.02338026589007986,6.2607905e-05,3.9197153e-06,0.025670348
2482,0,1,0.014612726108863858,5.7858735e-05,1.3830169e-05,0.020185428
2483,1,0,0.01594127379453542,1.2242135e-06,4.5130804e-05,0.017350046
2484,0,0,0.017577785751523568,0.0019197088,0.034260225,0.026905475
2485,1,1,0.6843609356496406,0.99997246,0.99993837,0.6851453
2486,0,1,0.7770162398857222,0.9999987,0.9999846,0.77843755
2487,1,1,0.43194983801936393,0.99982893,0.96734,0.43792385
2488,0,0,0.011586527806164995,4.8794527e-06,2.3978053e-05,0.013527629
2489,0,0,0.00601819320798608,1.0830595e-08,1.778049e-07,0.0063203755
2490,0,1,0.30857433138805435,0.55785817,0.052670345,0.3131003
2491,1,1,0.49428527557736096,0.99942917,0.99509555,0.49364346
2492,0,1,0.04618251878665845,0.00021872159,3.7790305e-05,0.04533675
2493,0,1,0.31225495604219694,0.96739274,0.8756114,0.30980164
2494,1,1,0.9479898872954156,0.99999905,0.9999969,0.94379747
2495,0,1,0.6984687148204206,0.99999714,0.9999862,0.7057148
2496,0,1,0.03315711283848336,1.4271847e-05,2.48936e-06,0.032459453
2497,0,0,0.05453015542032742,0.005082923,0.14415483,0.05751483
2498,0,1,0.05838758726369011,0.001297555,1.1777453e-05,0.060314123
2499,0,0,0.09428292409859271,0.028201373,0.34090388,0.100048415
2500,0,1,0.27544279384101167,0.9416575,0.13107571,0.2755685
2501,0,1,0.3619073357964325,0.97773665,0.9003564,0.36130407
2502,0,1,0.10170651248279883,0.055541795,0.019229842,0.095119074
2503,1,1,0.845653444318907,0.99999976,0.9999994,0.8410371
2504,0,1,0.4730919755780592,0.99587137,0.93305516,0.475897
2505,0,1,0.044156863934285265,0.07222156,0.0086019235,0.06058812
2506,0,0,0.001390316851068203,2.3611282e-09,3.9734793e-08,0.002391243
2507,0,1,0.17370211317025191,0.2582911,0.03397552,0.17400233
2508,0,1,0.17791718198800024,0.22256109,0.036835045,0.18088277
2509,0,1,0.11295712917591398,0.019030068,0.000111895664,0.1142116
2510,0,1,0.05070333854148761,0.000377659,0.00014789516,0.05151509
2511,0,1,0.0391855107750275,5.464397e-05,5.6369886e-06,0.03918786
2512,0,1,0.35162350551030785,0.94429874,0.7232769,0.35927612
2513,0,1,0.24607222753817645,0.821432,0.59015113,0.24629381
2514,0,1,0.033704779515554686,4.7521953e-05,6.6145803e-06,0.03199672
2515,0,0,5.8505461621634835e-05,1.0766332e-12,8.2985496e-16,0.00025990105
2516,0,1,0.0008872290732227056,1.6743785e-11,2.468525e-13,0.0012672311
2517,0,1,0.16245784107485345,0.16598824,0.018626252,0.1670801
2518,0,1,0.0023166317024000092,3.5602182e-10,1.1711278e-10,0.0027431678
2519,1,1,0.7785877467136558,0.9999987,0.99999106,0.77732444
2520,0,1,0.09493161190670033,0.02837524,0.0029237042,0.0963051
2521,0,1,0.28699611739819625,0.9021686,0.44690272,0.27978826
2522,0,0,0.010663432999914896,1.3803236e-05,0.00021882069,0.016116638
2523,1,0,0.1947779858345096,0.61135197,0.9733401,0.20622906
2524,0,1,0.09944923044913592,0.032728534,0.0019965286,0.10803383
2525,0,1,0.30971020662790844,0.9180896,0.6659008,0.30965617
2526,1,1,0.6076024351162252,0.99993217,0.99930644,0.5947999
2527,0,0,0.02865724805678057,2.2311238e-05,0.0006078482,0.030832838
2528,0,0,0.0036329707064582865,1.0327733e-07,1.0361567e-06,0.0052425233
2529,0,1,0.12334111779693667,0.023538247,0.010430759,0.118755415
2530,0,1,0.005685177682874211,4.8497344e-07,1.7085134e-07,0.007857735
2531,0,0,0.015160536814723983,3.893182e-06,0.00012780329,0.016500514
2532,0,0,0.004107459711313513,5.31467e-08,2.8891674e-07,0.005437998
2533,1,1,0.4485655704587872,0.9995683,0.9982703,0.4727868
2534,0,0,0.06238934798304285,0.0041898605,0.2144472,0.068380676
2535,0,0,0.005615910900789384,2.4381205e-08,6.680115e-08,0.0067418404
2536,1,0,0.20622029721169272,0.16790606,0.96495336,0.23436894
2537,1,1,0.9917663176871534,1.0,1.0,0.9900995
2538,0,0,0.004808092313640954,6.6663914e-09,1.4395167e-07,0.00543616
2539,0,1,0.1091963049628813,0.041332122,0.0019502686,0.11024784
2540,0,0,0.08456289050916732,0.010258726,0.341202,0.09114171
2541,1,1,0.26766064912050375,0.8238991,0.43218023,0.2671503
2542,0,1,0.019247952128809177,8.331558e-06,1.0160003e-06,0.0207312
2543,1,1,0.1557195128393141,0.36946198,0.14397895,0.16131353
2544,0,0,0.10080338390859064,0.2020783,0.60793614,0.11273777
2545,0,1,0.00603032772055862,9.875603e-08,2.5559668e-08,0.008358402
2546,0,1,0.050153349531928106,0.00048683252,4.418818e-05,0.04816104
2547,0,1,0.6230408167654244,0.99939156,0.9983668,0.62485045
2548,0,1,0.17527798992597737,0.09812623,0.025539752,0.17422643
2549,1,1,0.33453340776815366,0.9701347,0.8951201,0.32795778
2550,0,1,0.4640644257473358,0.9979133,0.98195297,0.46935043
2551,0,1,0.005229537463893079,2.204361e-07,5.090191e-08,0.0070880605
2552,0,0,0.017997889784112642,0.0002082509,0.008191094,0.026965821
2553,0,1,0.03452095934393835,0.00013616974,2.1740893e-06,0.036339127
2554,0,1,0.004552051888875114,1.3630422e-07,3.7495216e-08,0.0063327947
2555,0,1,0.8417506679776272,0.9982223,0.9663223,0.8339539
2556,0,0,0.006675420684939886,3.015096e-06,7.5506185e-05,0.009855364
2557,0,1,0.2118529508499266,0.5311448,0.2017387,0.21437639
2558,0,1,0.05794894373800097,0.00090829714,0.0003163817,0.056934513
2559,1,1,0.5801498774108829,0.9998982,0.99943453,0.577553
2560,0,0,0.023966156213558902,0.00045319044,0.018441202,0.027075626
2561,0,1,0.49937657855715306,0.9996821,0.9984578,0.4914739
2562,0,1,0.14963787674526954,0.12153615,0.021171251,0.15191062
2563,1,1,0.5655771040667099,0.99935013,0.9969145,0.55714315
2564,0,0,0.0006794239157887179,9.917455e-11,1.2418089e-09,0.0011979475
2565,0,0,0.001860047649392372,2.626604e-09,4.0322977e-08,0.0028770876
2566,1,1,0.7874849589419585,0.9999981,0.9999857,0.78443164
2567,1,1,0.9246445944866503,1.0,1.0,0.92335576
2568,1,1,0.979343992538114,1.0,1.0,0.9780882
2569,0,1,0.03635095418976573,6.955831e-05,1.2824625e-05,0.036300793
2570,0,1,0.24431977772151134,0.8226639,0.37875047,0.24314462
2571,0,0,0.014372741709754592,1.114772e-06,8.672821e-06,0.015809821
2572,0,0,0.0007128123224846407,3.4158166e-11,5.054997e-10,0.0012269615
2573,0,1,0.0012724240276041638,2.3864272e-10,9.019171e-11,0.0018359437
2574,0,0,0.00066710132778612,6.175269e-07,1.6900079e-10,0.0026081535
2575,0,1,0.0035998555847682016,1.0588894e-07,9.48981e-09,0.005350265
2576,0,1,0.05093949061598389,0.0007426533,0.0004097522,0.05763208
2577,0,0,0.0376459191445272,4.9812246e-05,0.0010736887,0.024113158
2578,0,0,0.0049090149094458465,5.466967e-09,1.3633374e-07,0.0054673585
2579,0,1,0.021345788532223846,2.1110577e-06,2.695346e-07,0.021547273
2580,0,1,0.3391310064523977,0.97320133,0.88042074,0.3421932
2581,1,1,0.10827357190398536,0.049968243,0.0125522,0.1035809
2582,1,1,0.8492095095055759,0.9997509,0.9972771,0.84205955
2583,0,1,0.3337012576535842,0.95791847,0.7956804,0.33160585
2584,0,0,0.015052719070236168,4.392735e-06,9.877657e-05,0.018539127
2585,0,1,0.15424889154763446,0.113338985,0.03377738,0.1476869
2586,0,1,0.1156511473984654,0.023316517,0.0030681007,0.1188717
2587,0,1,0.42030263368754023,0.9987925,0.98842573,0.42525107
2588,0,0,0.01637606063000335,4.253462e-06,5.26901e-05,0.01869363
2589,0,1,0.04242064062963528,4.762825e-05,2.0754629e-05,0.04242953
2590,1,1,0.6344110596951172,0.99992156,0.999438,0.6354215
2591,0,0,0.02778130114350264,9.263677e-05,0.0031419923,0.0288105
2592,1,1,0.6302158360122299,0.9999254,0.9998121,0.6277959
2593,1,1,0.7518899913845073,0.999951,0.9997451,0.7491398
2594,0,1,0.029930519119135003,6.884108e-05,3.027009e-05,0.028977972
2595,0,0,0.006292001356991728,1.3431102e-05,5.7875957e-05,0.0099961525
2596,0,0,0.017812813265026654,1.2832467e-05,0.00020970545,0.018639766
2597,0,1,0.1046959255936655,0.029064877,0.014567853,0.1038242
2598,0,1,0.38376617128535484,0.9788586,0.943327,0.38415217
2599,0,1,0.025675844581537818,1.9199737e-05,9.218352e-06,0.025763383
2600,0,1,0.007331113785427192,1.1020597e-06,2.3958847e-07,0.0100544235
2601,0,0,0.24505819214059188,0.6198628,0.99608696,0.2480457
2602,0,0,0.10255881584456776,0.039335743,0.40056592,0.10582892
2603,0,1,0.11090946022427829,0.026811533,0.010265041,0.10701996
2604,0,1,0.14163900897444154,0.085243165,0.014164714,0.14430024
2605,0,0,0.01190395775570071,3.558586e-07,1.9727486e-06,0.012336204
2606,0,0,0.00041020065590556244,4.574334e-13,4.61713e-12,0.00064590864
2607,1,1,0.8812158051827238,0.9999629,0.9997729,0.87137353
2608,0,1,0.1499234694930147,0.08884063,0.017109718,0.1511119
2609,0,0,0.00718724410254903,1.1202477e-06,1.629543e-05,0.010897993
2610,0,1,0.07981949069981699,0.0110138515,0.0018877048,0.08492616
2611,0,1,0.13970577828350614,0.001139833,0.00056592206,0.08419582
2612,1,1,0.6225000131488662,0.9998529,0.9992976,0.6198894
2613,0,1,0.1972041823458349,0.95561886,0.9404134,0.204123
2614,0,1,0.17658996640488028,0.35996568,0.05472715,0.17993309
2615,0,1,0.1892839809428045,0.66121686,0.43589792,0.18649003
2616,0,1,0.38425745429996216,0.9738854,0.8909163,0.38285762
2617,0,1,0.03891809015104339,0.00022009079,8.04496e-05,0.044314157
2618,0,1,0.845769500359945,0.99999774,0.99998355,0.8446048
2619,0,1,0.2246830921827566,0.7311167,0.54419005,0.22592376
2620,0,0,0.0119332074393225,3.6469453e-07,2.5182642e-06,0.0132416235
2621,0,0,0.0017391423214163275,1.4871474e-08,2.6542293e-07,0.0030210903
2622,0,1,0.0015897593492536469,3.0494602e-09,1.0702449e-09,0.0025954265
2623,0,0,0.022724748826244087,6.0934194e-06,8.5651256e-05,0.024820814
2624,1,1,0.42243544032454555,0.99180967,0.94643927,0.43061465
2625,0,0,0.021277606968099213,2.522975e-05,0.00024668872,0.022134494
2626,0,0,0.026074754265453626,1.4398122e-06,8.236472e-06,0.028325938
2627,0,1,0.3426903358765842,0.96355736,0.80357164,0.34782162
2628,1,1,0.5796901190002749,0.99973613,0.9984596,0.5805337
2629,1,1,0.9623055934086193,0.9999999,0.9999995,0.95839185
2630,0,1,0.3212181428418612,0.9520399,0.8104643,0.32090044
2631,0,1,0.5225175958502009,0.98780966,0.8943431,0.48705056
2632,0,1,0.13972210908308288,0.13342662,0.059842605,0.13432258
2633,0,1,0.010224712075275906,0.00021744425,5.3180505e-05,0.01752267
2634,0,0,0.028594965001712887,5.284423e-05,0.0009952423,0.030066779
2635,0,1,0.005817660043612892,1.1815838e-05,2.419752e-05,0.012273623
2636,0,1,0.1392008948632429,0.078047775,0.009708046,0.14210415
2637,0,0,0.0009355815912961152,7.402123e-10,1.9074603e-08,0.0016475901
2638,0,1,0.012702780112176078,2.2135796e-07,2.2855788e-09,0.013688557
2639,0,1,0.10748459331725438,0.0050507765,0.0005082832,0.11187402
2640,0,1,0.01115275871635383,2.1806251e-07,8.949047e-08,0.011396421
2641,0,1,0.08117629778189507,0.012813788,0.00080365007,0.08363324
2642,0,1,0.13592224423813462,0.09704837,0.0029750182,0.14705476
2643,0,1,0.011683992845542567,6.4524143e-06,2.4690858e-06,0.01564981
2644,0,0,0.015609967323895944,1.8661214e-06,3.1422464e-05,0.016634155
2645,0,0,0.00395660803433835,1.3050987e-06,3.5232257e-05,0.006200822
2646,0,1,0.16815107026380016,0.30837756,0.036148675,0.17249562
2647,0,1,0.634775502082237,0.999941,0.9998367,0.6244315
2648,0,1,0.010006221281295866,6.6677308e-06,1.9836018e-06,0.013576204
2649,0,0,0.057368104100834184,0.0051572765,0.1659129,0.0597436
2650,0,0,0.0038423827575316304,2.0787559e-07,2.4362578e-06,0.0056098816
2651,0,0,0.01446986487450124,1.5243836e-06,2.5326128e-05,0.015743108
2652,1,1,0.7363040307192125,0.999992,0.9999443,0.7347968
2653,0,1,0.18317418178734807,0.24973594,0.024657842,0.18074909
2654,0,0,0.1482632529564954,0.35899472,0.98192793,0.15112431
2655,0,1,0.01236589309747352,5.6430126e-06,2.8085356e-06,0.016351813
2656,1,1,0.6270492950780803,0.9998385,0.99834585,0.6273445
2657,0,0,0.10456736758219363,0.8708414,0.99259293,0.11466614
2658,1,1,0.7622448149509379,0.99999726,0.99997544,0.76163846
2659,1,0,0.8423865973599666,0.99999976,1.0,0.8430743
2660,0,0,0.025088357561036712,1.8652707e-05,0.0004304892,0.027065586
2661,0,1,0.01153876292339869,7.725126e-06,2.3419993e-06,0.0155465
2662,0,1,0.0029250277213248885,2.4592545e-08,1.4832007e-09,0.004403806
2663,1,0,0.30355834485241495,0.9146625,0.99943274,0.3079158
2664,0,0,0.7814366801020685,0.9999994,1.0,0.78581405
2665,0,1,0.1375456871908645,0.29564792,0.17460181,0.13397323
2666,0,0,0.02263058006027093,2.549401e-05,0.0011534255,0.023871362
2667,0,1,0.04692107442576205,8.034304e-05,2.4405995e-06,0.048822746
2668,0,0,0.014011316733064235,1.461641e-06,9.164103e-06,0.01378458
2669,1,1,0.2714584659236953,0.9920066,0.28079364,0.27997482
2670,1,1,0.9781271327722761,1.0,1.0,0.9762266
2671,1,1,0.43625482671071447,0.98537433,0.8683597,0.44230574
2672,0,0,0.00705271794833727,4.5855447e-08,1.1317289e-06,0.0076092132
2673,0,1,0.01103912948070816,1.368137e-07,3.428327e-08,0.011273157
2674,0,1,0.31441835799085255,0.98528403,0.9633947,0.30847153
2675,0,0,0.023127767252183705,2.2603785e-05,0.000114686605,0.023680627
2676,0,1,0.004487408126288122,4.588353e-07,2.3458902e-07,0.007854232
2677,0,1,0.22739302951019502,0.19559628,0.036878586,0.23242575
2678,1,1,0.4395936269737371,0.99812406,0.9918317,0.44036436
2679,0,0,0.05053272137541803,0.0009112913,0.0054274634,0.05430742
2680,0,0,0.007657632263965094,1.8479652e-05,0.00028287264,0.011212912
2681,1,1,0.7626566903916138,0.99999285,0.999984,0.7598739
2682,0,0,0.2915079679201174,0.9975071,0.9999809,0.32942244
2683,0,1,0.24928622102474743,0.9315557,0.66358346,0.27531806
2684,0,1,0.03535819623374536,0.00012223412,4.148289e-05,0.034765247
2685,0,1,0.016725852811722185,1.1675709e-05,3.497307e-06,0.018989312
2686,0,1,0.22936547586321862,0.9443203,0.10439486,0.23400626
2687,0,1,0.4116331940914553,0.99829954,0.99649435,0.40294355
2688,0,0,0.11793877563697325,0.1422991,0.8437797,0.123906195
2689,1,1,0.37242525331951126,0.99021906,0.9775563,0.3676707
2690,0,1,0.06346045753891545,0.0014706678,0.0008973526,0.06155745
2691,0,1,0.019245643104642027,1.02286e-05,4.1349726e-06,0.021362577
2692,1,1,0.36019998280408044,0.8826854,0.2628679,0.37142116
2693,0,1,0.06379223084048832,0.0013783567,7.605626e-05,0.06745089
2694,0,1,0.3709881755310957,0.9962446,0.98496264,0.3751498
2695,0,1,0.002523187911362126,1.280198e-08,9.150694e-10,0.003813309
2696,0,0,0.05257427984584706,0.00273395,0.063997686,0.054968752
2697,0,1,0.09141205103081729,0.027974587,0.026087422,0.08828269
2698,0,0,0.0030212653783851288,1.7603647e-08,3.6589677e-07,0.004505269
2699,0,1,0.2162351184170144,0.4631144,0.1094536,0.2182732
2700,0,0,0.08501880526912906,0.013339499,0.4351915,0.093903564
2701,0,1,0.008522708608663221,3.484681e-08,7.671653e-09,0.009443674
2702,0,1,0.004203702109098198,1.7952085e-07,5.4204126e-08,0.00595011
2703,1,0,0.9436932009825532,0.9999993,1.0,0.9404404
2704,0,0,0.0020382721736369584,2.2073748e-10,2.4279668e-08,0.0022749158
2705,1,1,0.5418552152284284,0.999794,0.9988157,0.5321464
2706,1,1,0.723510217090285,0.9999827,0.99997604,0.72099274
2707,0,1,0.09586818669063814,0.004574739,0.0026909616,0.09377677
2708,0,0,0.08351902718936263,0.013663138,0.16532266,0.093726
2709,0,0,0.11172588245512012,0.0030659954,0.04912502,0.11638164
2710,0,1,0.34810687162612086,0.97776926,0.90856147,0.3475015
2711,0,1,0.7093811722726041,0.99998915,0.99995124,0.7037407
2712,0,1,0.010950601958719042,3.4155488e-07,2.3992092e-07,0.011161656
2713,1,0,0.006538852608866721,0.017413514,0.00010098173,0.025805632
2714,0,0,0.04195996707017718,0.001061211,0.017463574,0.04298696
2715,1,1,0.6324892882507585,0.9997416,0.9987947,0.6407433
2716,1,0,0.5890598882462854,0.99982166,0.99999905,0.58689994
2717,0,1,0.058968290926166705,0.0013597336,0.001045463,0.058541685
2718,1,1,0.17853262951171828,0.30324304,0.11757965,0.1815283
2719,0,0,0.0015730663421785372,1.0472408e-09,1.25067094e-08,0.0024386682
2720,0,1,0.12204407657136818,0.0417316,0.011191985,0.12067591
2721,0,1,0.061438248958308746,0.0020109804,0.0008805362,0.060072705
2722,0,1,0.22117162100408516,0.50443494,0.1299349,0.22308728
2723,1,1,0.08530262026397785,0.00020065681,6.630047e-05,0.039505735
2724,1,1,0.04333253853279806,0.0021719972,0.00011121276,0.045280974
2725,0,1,0.027404492364096214,3.8533857e-05,6.8456293e-06,0.028212646
2726,0,1,0.21195078251763286,0.605305,0.27888697,0.21302742
2727,0,1,0.005697466473254895,1.425435e-07,3.0750968e-08,0.0077886167
2728,0,1,0.005359076345937013,2.0704543e-07,1.4858007e-08,0.007830583
2729,0,1,0.05697354551188717,0.0018011077,0.0005122115,0.054358922
2730,0,1,0.002680742111284079,2.7089633e-09,1.0045357e-09,0.0037515876
2731,0,1,0.16125744809414996,0.20092148,0.037090436,0.16429882
2732,1,1,0.6412908033707562,0.9999887,0.99993265,0.64888585
2733,0,1,0.009201198648296511,3.6894737e-06,1.2356334e-06,0.012617532
2734,0,0,0.008875954293797002,3.5076076e-07,1.4612224e-05,0.009416307
2735,0,1,0.3119925079858552,0.91270596,0.83315206,0.30544594
2736,0,1,0.007141019279495747,1.738206e-06,3.7796437e-07,0.009683254
2737,0,1,0.00213157987663719,1.4387017e-07,8.293424e-08,0.0044224514
2738,0,1,0.00179221150618516,1.631381e-09,4.8730125e-10,0.0028238061
2739,0,1,0.4601417312307455,0.99541736,0.9729964,0.45398414
2740,0,1,0.2263121639828044,0.42541674,0.2545327,0.22475865
2741,0,1,0.09416097280761312,0.01874587,0.010783072,0.09341111
2742,0,0,0.004719164918200429,3.2679597e-07,6.517903e-06,0.0070432466
2743,0,1,0.17007389216175237,0.4987802,0.023883143,0.18556617
2744,1,1,0.5854584604218085,0.9998324,0.99867046,0.58983964
2745,0,1,0.418019855716216,0.9951667,0.98679787,0.41544238
2746,0,0,0.003675370668236166,1.6231448e-07,1.789948e-06,0.0053706374
2747,1,1,0.5935554525110067,0.9997315,0.99837,0.59348345
2748,1,1,0.6324596329803995,0.99995875,0.99980116,0.6280848
2749,0,0,0.2576760168556408,0.6898622,0.9986168,0.2598992
2750,0,1,0.4996446317994749,0.9873289,0.94328797,0.49043432
2751,0,1,0.08114824976610038,0.012356119,0.013096478,0.076770306
2752,1,1,0.9833301655041,0.9999999,0.99999964,0.9804909
2753,0,1,0.487318577697804,0.9808256,0.96441114,0.4959089
2754,0,0,0.020152743340672023,8.188776e-06,5.39771e-05,0.021436606
2755,1,1,0.7586570724193631,0.9999933,0.999964,0.7556995
2756,1,1,0.42124228674351805,0.9941454,0.96669054,0.41860807
2757,0,1,0.2711627480240199,0.8198158,0.49151474,0.27243158
2758,0,1,0.5352822282760877,0.9998075,0.99960697,0.52971745
2759,0,1,0.005299697395424792,2.4944404e-07,9.079595e-08,0.0074099973
2760,0,0,0.006057812168597877,1.8336142e-07,9.686121e-07,0.0073729623
2761,0,0,0.015093300902970352,8.2413435e-06,0.00014880583,0.018274965
2762,0,1,0.03934990071799338,8.095365e-06,4.1042854e-06,0.049867984
2763,1,1,0.5552089030183347,0.9983303,0.9922793,0.5416351
2764,1,1,0.5504153510762173,0.99978375,0.99931633,0.5462333
2765,0,0,0.02415840052778548,0.0002717574,0.011533639,0.02886515
2766,0,0,0.008772706754051259,4.726452e-06,5.496832e-05,0.01329664
2767,1,1,0.7416796578506558,0.99999344,0.9999472,0.7399268
2768,0,0,0.02103030178763464,3.830173e-05,0.0006243123,0.021994855
2769,1,0,0.0695011351511307,0.0053891633,0.058908433,0.07086099
2770,0,1,0.01005231404809779,3.6846282e-06,5.922636e-07,0.013905079
2771,0,1,0.1034588617325006,0.023157157,0.0077240644,0.10246052
2772,0,1,0.09191567850921481,0.0242394,0.017193943,0.089884296
2773,1,1,0.3844488979722359,0.98964036,0.9423174,0.3829269
2774,0,1,0.18211056953746108,0.047057644,0.0055062156,0.18088882
2775,0,1,0.3055437294664282,0.9591205,0.72278637,0.3059751
2776,0,1,0.0010134567744491598,5.4291578e-11,1.6391768e-11,0.001517924
2777,1,1,0.7416069630689484,0.99999595,0.99997985,0.73845726
2778,1,1,0.8227016572258672,0.9995911,0.9965226,0.8101114
2779,1,1,0.3358269422963685,0.9681521,0.87045056,0.33281267
2780,0,1,0.35453654442690896,0.97972465,0.77667433,0.36245883
2781,1,1,0.9051612226148078,0.9999999,0.99999845,0.90638953
2782,0,0,0.08525682669271804,0.01675852,0.30973008,0.09130649
2783,0,0,0.005248340641495208,2.0532639e-08,2.409965e-06,0.009199377
2784,0,1,0.008459424102908194,2.3017158e-06,6.885857e-07,0.011621897
2785,0,1,0.0264164950866948,1.0262642e-05,5.580069e-06,0.025197541
2786,0,1,0.2969167127131477,0.93338114,0.70571274,0.2917813
2787,0,0,0.10925408762943675,0.7818479,0.9499816,0.11222079
2788,0,1,0.7019872962877509,0.9999256,0.9998398,0.7001933
2789,1,1,0.6562611943196631,0.99996126,0.99973005,0.65284646
2790,0,1,0.05958179805641826,0.0013237156,0.00045723113,0.05814669
2791,0,1,0.6306322422378052,0.9999242,0.99963224,0.6242593
2792,1,1,0.9172125747901182,1.0,1.0,0.91541785
2793,1,1,0.5965853334775761,0.9999049,0.99974746,0.60035115
2794,0,1,0.1283336744893744,0.044252783,0.0068993466,0.13157341
2795,1,1,0.555872871293609,0.99803764,0.98648083,0.5540527
2796,0,0,0.03963343897359181,0.00023277626,0.005930352,0.04189366
2797,0,0,0.0019611482799468958,2.5857013e-08,3.376207e-07,0.0033819776
2798,0,1,0.6637670433931406,0.99984026,0.9989134,0.6612205
2799,0,1,0.0056249170911676265,5.2272462e-08,8.816104e-08,0.009340517
2800,0,1,0.10995740780220874,0.012360292,0.002892121,0.10392021
2801,1,1,0.9822165283905635,1.0,1.0,0.98088676
2802,0,0,0.03981417519856151,0.000112036716,0.0013808524,0.042127326
2803,0,0,0.003145558185687742,1.7184021e-08,3.95571e-07,0.0046263617
2804,0,1,0.2263912525247134,0.67219406,0.2890645,0.22719206
2805,1,1,0.236246680745193,0.74014604,0.3310232,0.23343588
2806,1,1,0.19872246570034402,0.23083119,0.08028149,0.19570781
2807,0,1,0.049742945600059284,0.00268272,0.00041479286,0.051278576
2808,0,1,0.08975736759059671,0.002349233,0.00048165454,0.094549075
2809,0,1,0.0032509012189175105,2.3772394e-08,1.1957174e-09,0.004840744
2810,1,1,0.11980383652418605,0.15826733,0.0021029306,0.124581635
2811,0,1,0.0029595641977481985,9.453606e-09,1.6355746e-09,0.0041931965
2812,1,1,0.9999999999999956,1.0,1.0,1.0
2813,0,0,0.008985201006294519,5.872556e-08,3.8019132e-07,0.009919504
2814,1,1,0.832851733958723,0.9999995,0.9999981,0.8281842
2815,1,0,0.11880482203541856,0.16324857,0.8645922,0.1265837
2816,0,1,0.027611427013812955,3.5562425e-05,2.8297427e-06,0.028252374
2817,0,1,0.0018059483998968313,6.484536e-09,1.7719858e-09,0.0029185906
2818,0,1,0.18813731767210043,0.24665189,0.03555418,0.19046135
2819,0,0,0.00423931856850323,6.0633755e-07,9.1547745e-06,0.006246716
2820,0,1,0.43189190442538306,0.9966094,0.99070334,0.4283062
2821,0,1,0.4046978680477174,0.9927005,0.96727395,0.39949808
2822,0,1,0.034115273971692534,6.4142523e-06,1.2760923e-06,0.035353046
2823,1,1,0.43490410673819463,0.9935834,0.98312753,0.43864194
2824,0,0,0.1636182167729017,0.25599167,0.76429564,0.17175099
2825,0,1,0.42945598930747514,0.9830552,0.9822756,0.4305495
2826,0,1,0.005036406848500419,4.1997723e-06,1.7802819e-06,0.008986796
2827,0,1,0.6952614835919833,0.999966,0.9998108,0.6935253
2828,0,1,0.19870046615226064,0.20431507,0.06138587,0.19581172
2829,1,0,0.6463527704726612,0.99993825,0.99999964,0.6481585
2830,0,0,0.0030061094677031226,1.7147189e-08,3.5280922e-07,0.0044825375
2831,0,1,0.23189280724002662,0.6677338,0.08300454,0.2517909
2832,0,1,0.11404064458870504,0.20353337,0.017601982,0.119997606
2833,0,0,0.0033286271813738814,4.5416986e-09,2.1917998e-08,0.004052195
2834,0,1,0.46491537422792106,0.9994056,0.9975841,0.47669837
2835,0,1,0.00609195572544941,5.923612e-06,1.0847277e-06,0.008469444
2836,0,1,0.06415693420348449,0.0010318796,9.97727e-06,0.065481916
2837,0,0,0.03578824918976778,0.0003861514,0.008561374,0.037175253
2838,1,1,0.516907753469148,0.9982474,0.98036045,0.51129615
2839,0,0,0.012398020058849523,2.7499566e-06,4.0832423e-05,0.014242208
2840,0,1,0.2793429249216488,0.87550163,0.40510383,0.28843668
2841,0,1,0.004969826947297448,7.726381e-09,6.6602374e-10,0.0055382024
2842,1,1,0.9999999999999556,1.0,1.0,1.0
2843,1,1,0.4822878954163652,0.99801934,0.98864484,0.48803356
2844,0,1,0.009334100771144648,5.179517e-06,2.059021e-06,0.012808378
2845,0,1,0.0009096876534849327,7.212963e-11,2.120051e-11,0.0014609173
2846,0,0,0.13779828683971407,0.0018682132,0.02128535,0.07140595
2847,0,1,0.03841613687344741,0.00017371665,9.700934e-05,0.03917251
2848,0,0,0.001361632863921525,3.4714892e-10,7.745623e-09,0.0020849134
2849,1,1,0.4041064426224398,0.9946802,0.979894,0.4029839
2850,0,0,0.0081409099572768,9.8499804e-08,1.1183104e-06,0.008580851
2851,0,0,0.026154394761716913,0.0034004964,0.12768662,0.038014267
2852,0,1,0.014044006669833058,2.1046466e-05,8.3165e-06,0.018790726
2853,0,1,0.18417195744087833,0.22984317,0.033792492,0.19761552
2854,0,1,0.1580854090167555,0.23365451,0.009501936,0.16960405
2855,0,0,0.08704349593464257,0.040286366,0.544171,0.09539836
2856,0,1,0.30072207661466654,0.93250126,0.75928396,0.31288528
2857,0,0,0.021403414297080904,7.235954e-06,0.00025393238,0.023931121
2858,1,1,0.8594280527918357,0.99999976,0.9999987,0.8553501
2859,0,1,0.09564001546126405,0.0131875845,0.00034549192,0.104971796
2860,0,1,0.16220854455027248,0.13573821,0.019945651,0.16527745
2861,0,0,0.15887382773099057,0.8427629,0.93471694,0.18223767
2862,1,1,0.19086966506042985,0.40994573,0.06924834,0.19029497
2863,0,1,0.22202345575527166,0.6380527,0.22620003,0.2199932
2864,1,1,0.4406919028858946,0.9977889,0.9920791,0.43962908
2865,0,1,0.028029504569940102,3.7169757e-05,1.3954121e-05,0.027754588
2866,0,1,0.0938955395697767,0.02952731,0.0064580264,0.10792178
2867,0,1,0.024818235293531138,1.3492184e-05,4.8261854e-06,0.02395451
2868,1,0,0.7539459445261032,0.99943155,0.99998236,0.746842
2869,0,0,0.008431093465182442,7.8855686e-07,2.8829493e-06,0.010072223
2870,1,1,0.39245979549493004,0.99514973,0.9685089,0.38285366
2871,0,0,0.04116485321678612,0.00048144365,0.002024045,0.04286768
2872,0,0,0.005779969010243061,1.5196371e-06,1.3407452e-05,0.008322698
2873,0,1,0.002206139818951666,7.3718347e-09,6.057798e-10,0.0033396771
2874,0,0,0.004159428819042599,2.6218208e-07,2.4878054e-06,0.0060416376
2875,0,0,0.010470306581710354,6.8615896e-07,9.614615e-06,0.011162721
2876,1,1,0.9165121987282624,0.9999999,0.9999999,0.9171423
2877,1,1,0.41631397927843844,0.99899215,0.9864103,0.42087483
2878,0,1,0.18849116192418006,0.43085787,0.057433944,0.19353026
2879,0,1,0.6286213639470019,0.9999733,0.99985814,0.6297173
2880,0,1,0.009166006282490204,1.0496191e-06,3.4778196e-07,0.012199843
2881,0,1,0.036463295998229124,0.00016592578,0.00010433922,0.03646597
2882,0,0,0.42850185805217234,0.9987035,0.99999654,0.43233204
2883,1,1,0.41874939963010815,0.9945123,0.97852325,0.41386738
2884,0,1,0.011214300956627548,9.623449e-06,4.7448057e-06,0.01515942
2885,0,0,0.05189180535740979,0.0014824013,0.019716745,0.054293416
2886,1,0,0.13827138828866245,0.18499696,0.9557958,0.14517133
2887,0,1,0.5465615137282781,0.99986756,0.99920464,0.54453474
2888,0,1,0.12206851711436005,0.01113172,0.003989223,0.123313755
2889,0,0,0.01597686702792142,9.308318e-06,0.0001594337,0.016848942
2890,0,1,0.3788660245091721,0.99088085,0.9554083,0.37897587
2891,0,1,0.0843204809240893,0.002441788,0.00061332074,0.050648108
2892,1,1,0.5703480329752075,0.9997883,0.9968447,0.575382
2893,1,1,0.7218495641202957,0.99999464,0.99997056,0.72411084
2894,0,1,0.00393053051085268,3.254462e-07,6.999673e-08,0.0061946777
2895,0,0,0.0010197576085650961,9.0643454e-13,7.4545627e-13,0.0011447939
2896,1,1,0.4337038468839395,0.9980368,0.99191636,0.44609028
2897,0,0,0.053060893663737674,0.34958372,0.88704324,0.07702634
2898,0,1,0.009496026751992622,3.3762115e-06,9.925991e-07,0.013410881
2899,0,1,0.030641683245807648,5.6714773e-05,3.0278432e-05,0.030488688
2900,0,0,0.04557228079006025,0.0011576419,0.010410957,0.042509
2901,0,1,0.0007410696813963469,6.716559e-10,8.0256274e-11,0.0015427353
2902,0,0,0.1169286495008416,0.019167775,0.63382554,0.12285344
2903,0,1,0.20535594348351807,0.95919466,0.6986478,0.21773666
2904,0,1,0.612895044144517,0.99932015,0.996127,0.61672384
2905,0,0,0.007204022464624243,1.9140612e-07,5.918672e-07,0.008772713
2906,0,1,0.25653022083365723,0.011619268,0.0029426112,0.23381321
2907,1,1,0.7808193731654136,0.9999957,0.99998736,0.78315824
2908,0,0,0.04131268901669495,0.00016809597,0.0077184173,0.043305542
2909,0,0,0.025199356597425615,1.8605381e-06,6.702227e-06,0.027440362
2910,0,1,0.05134706093406144,0.00018226038,2.8669221e-05,0.052326303
2911,0,1,0.3078665819423942,0.9748147,0.88465124,0.31148255
2912,0,1,0.010620231734478885,3.7471273e-07,2.3617915e-08,0.0116093
2913,0,1,0.0024814363806887106,4.4234078e-10,1.9188607e-11,0.0035030374
2914,1,1,0.5215969519015954,0.9993733,0.99560505,0.5284669
2915,1,1,0.8080471280526695,0.9999987,0.9999974,0.80724895
2916,1,1,0.676000267903296,0.9999635,0.9997346,0.6743879
2917,0,1,0.04048145539650744,0.0003741024,0.0003966563,0.03834338
2918,0,1,0.05727949607455308,4.2089174e-05,6.3186104e-05,0.071023464
2919,0,1,0.027625797691130778,0.00011336943,3.0619183e-05,0.030596325
2920,1,0,0.8793161001992765,0.9999994,1.0,0.8812712
2921,0,0,0.002406926205205909,7.0619057e-09,7.3615944e-08,0.0034844405
2922,0,1,0.21141749798495987,0.89035594,0.66245884,0.23379569
2923,1,1,0.8277207566015884,0.99993205,0.9998727,0.8531778
2924,1,1,0.9509274864284539,0.9999993,0.99999535,0.9485562
2925,0,1,0.014305190509661671,2.872089e-05,1.6965971e-06,0.018895805
2926,0,0,2.158949924707337e-05,1.532949e-10,4.068317e-14,0.00019050793
2927,0,0,0.01565652073405076,3.3542851e-06,2.3292863e-05,0.017798562
2928,0,0,0.0013268001938769463,5.9247938e-08,2.7185072e-06,0.0031221686
2929,0,0,0.024380026268875074,1.6394082e-05,0.00020908014,0.025993563
2930,0,1,0.001760696106481324,1.6324343e-07,2.7191263e-08,0.0036486606
2931,1,1,0.3980868244467275,0.99926513,0.9925277,0.4025747
2932,1,0,0.995858173125621,1.0,1.0,0.99509937
2933,0,0,0.005273224026875195,2.2945613e-07,1.7464309e-06,0.0063520605
2934,0,1,0.0020565843141395817,6.825589e-08,5.561804e-09,0.003637426
2935,0,1,0.03016846097495251,0.00012670332,8.850102e-06,0.033091668
2936,1,1,0.7459545009504255,0.99999225,0.99996436,0.7424247
2937,1,1,0.6795444566942614,0.9999887,0.9998522,0.6830841
2938,0,1,0.32468660089937923,0.9343021,0.6327949,0.3256517
2939,1,1,0.6419751473968702,0.9999275,0.9995654,0.64136654
2940,1,0,0.5246687806027333,0.9989268,0.99999595,0.52205306
2941,1,1,0.8270134059565589,0.99999976,0.9999993,0.8259699
2942,0,1,0.2030671426876936,0.36426464,0.14740175,0.20347397
2943,1,1,0.16031451474357075,0.17246549,0.038015433,0.16295157
2944,0,0,0.10972745622858457,0.017749213,0.42621255,0.11757482
2945,0,0,0.06280590869042468,0.0024281738,0.06519309,0.06821481
2946,0,0,0.0076450740051825046,2.5399101e-08,3.3577535e-07,0.00812434
2947,0,1,0.610424118926242,0.99912304,0.99478924,0.616958
2948,0,1,0.07888628975187152,0.007644676,0.0032176143,0.07665546
2949,0,1,0.2707268922733,0.85706925,0.4530961,0.27332398
2950,0,1,0.4252148912463218,0.99370694,0.97445685,0.41711533
2951,0,1,0.5629179986345728,0.9991509,0.99066496,0.56424147
2952,0,1,0.019875048352121845,5.129065e-06,6.5504094e-07,0.019628441
2953,0,1,0.647718000840224,0.9998821,0.99958616,0.6505954
2954,0,0,0.05054559103598123,0.0022598354,0.118141904,0.050903905
2955,1,1,0.7400445451497941,0.9999912,0.999964,0.73737866
2956,1,1,0.5205423616809407,0.99918145,0.996127,0.51540357
2957,0,0,0.13348395169927507,0.025323782,0.7740741,0.13839598
2958,0,1,0.11010487891684977,0.056477033,0.021770881,0.12166488
2959,0,1,0.0026674518907627755,5.884236e-09,3.5118478e-10,0.003962714
2960,0,1,0.6376045026166907,0.99985826,0.9988482,0.6365547
2961,0,0,0.006327097866296396,2.2246269e-07,4.0831023e-06,0.007914394
2962,0,1,0.10243517790268769,0.06750566,0.014610815,0.11821624
2963,0,1,0.5424224740621792,0.9993745,0.99669576,0.5359345
2964,0,0,0.0016904055644546697,1.6664142e-10,1.0316069e-09,0.0018381533
2965,0,1,0.025597224279298805,0.02225735,0.0061261216,0.043763377
2966,0,1,0.016338000100825267,1.7418268e-06,6.8965954e-07,0.016445545
2967,0,0,0.038156522247818035,0.00013800897,0.002710214,0.0419813
2968,1,1,0.40638660784275515,0.98320943,0.81921107,0.4198475
2969,0,1,0.12264164557032084,0.05169534,0.002397464,0.10856216
2970,0,0,0.000968484816526023,3.52391e-11,8.9548785e-10,0.001481553
2971,1,1,0.5164710589326403,0.9994611,0.9949803,0.5013855
2972,0,1,0.0005219158091837492,7.658318e-13,1.2658273e-14,0.00074944535
2973,0,1,0.010890932376717666,1.2177169e-07,4.4525994e-08,0.01098212
2974,0,0,0.09542729173193999,0.04709388,0.24437888,0.096210666
2975,1,1,0.8889706539585202,0.9999989,0.9999908,0.8761329
2976,0,0,0.039496610088992294,0.0014752805,0.047397647,0.04013525
2977,1,1,0.7122660546253887,0.999992,0.999943,0.71279603
2978,0,1,0.011598462161704091,1.2897123e-05,4.5307056e-06,0.015738498
2979,0,1,0.30164100827368745,0.964091,0.8320341,0.30357882
2980,1,1,0.40901739549971133,0.9917864,0.9673168,0.4124434
2981,0,0,0.7234605844380013,0.99998367,0.9999999,0.7248368
2982,0,1,0.1978418099692567,0.4204852,0.11539096,0.19877116
2983,0,0,0.03125803009709242,0.0005490849,0.00856249,0.03282632
2984,1,1,0.7762947617588997,0.9999999,0.9999982,0.78183097
2985,0,0,0.01655905903265374,5.4312445e-06,0.00013764229,0.01796844
2986,1,0,0.18255158758619347,0.00029416068,0.000114492104,0.17504333
2987,0,1,0.29945407491311743,0.9182695,0.69055897,0.29821885
2988,0,0,0.02212155833777114,1.1854596e-05,9.598427e-05,0.02393956
2989,1,0,0.22514916771054777,0.8130004,0.99820006,0.24997622
2990,0,1,0.01047130797115744,3.283855e-07,2.1632133e-08,0.011398887
2991,0,1,0.18041136385963846,0.4176953,0.18645868,0.17666802
2992,0,1,0.0025854339494949946,7.626252e-09,3.2754894e-09,0.0036785966
2993,0,1,0.08076390156353183,0.0037225785,0.00058151386,0.07896035
2994,0,0,0.00221194669232885,5.057429e-09,7.4470634e-08,0.0032362756
2995,1,1,0.6753878065198542,0.99995816,0.9998715,0.67564976
2996,0,1,0.3249484357570139,0.956183,0.83464956,0.3231188
2997,1,1,0.31060961215655974,0.95375913,0.7436691,0.3131402
2998,0,1,0.08185606714679838,0.0077270116,0.00092199654,0.0766027
2999,1,1,0.44264297941154296,0.999413,0.99741,0.46555054
3000,0,0,0.004663531072964438,3.4061847e-09,3.2835977e-08,0.00526598
3001,0,0,0.02540916738336041,0.002922716,0.039588924,0.037857622
3002,0,1,0.6411701694153775,0.99984217,0.99969393,0.6414699
3003,1,0,0.9151431547667823,1.0,1.0,0.9115922
3004,0,1,0.004898720128694798,3.1454292e-07,1.7726663e-08,0.00727872
3005,0,1,0.0006190080064411136,3.0704198e-12,2.6534677e-13,0.0009589636
3006,1,1,0.26868170341344844,0.9643385,0.86475205,0.2843877
3007,0,1,0.018509128338472965,2.740448e-06,7.1423176e-07,0.0180754
3008,0,1,0.0022156798122713968,1.4654437e-08,3.4088559e-09,0.0035710214
3009,0,0,0.03674336519620001,0.00018648963,0.0019454483,0.037722036
3010,0,1,0.004794835090275348,4.095532e-08,1.8620838e-08,0.0065354
3011,0,1,0.004045942142833717,1.283017e-07,8.074416e-09,0.006040533
3012,0,0,0.012843929043033456,8.202422e-06,0.00028388444,0.015196027
3013,0,1,0.004466766818351591,6.7479607e-07,1.6742634e-07,0.0070132264
3014,0,0,0.12697547591034886,0.21712011,0.73819995,0.1332429
3015,0,1,0.7073604038485113,0.99999154,0.9999826,0.6980268
3016,0,0,0.01320198082176659,6.204091e-06,5.46924e-05,0.015121438
3017,1,1,0.8222704293276695,0.9999995,0.9999968,0.8186926
3018,0,1,0.02150868081706006,6.46863e-06,3.0770448e-06,0.020684306
3019,1,1,0.9622478121415368,1.0,1.0,0.9635992
3020,0,1,0.6066219979954676,0.99999344,0.9999591,0.6016964
3021,0,1,0.2560595882261152,0.8239806,0.32121998,0.2508178
3022,0,0,0.019215164665258914,8.6908585e-05,0.00041035414,0.021446822
3023,1,1,0.6728758807817659,0.9999666,0.9998684,0.66399014
3024,0,1,0.05268434143501012,0.00035048186,4.6590303e-05,0.05035473
3025,0,1,0.7103924333264469,0.99998534,0.9999502,0.70502615
3026,0,1,0.39899498959476953,0.9320017,0.906007,0.41284916
3027,1,1,0.8338889783345798,0.99999475,0.9999471,0.8351671
3028,1,1,0.589773445958614,0.9988967,0.9936834,0.58918107
3029,0,1,0.16916749308025755,0.20108819,0.04622535,0.17211518
3030,0,1,0.43162680001872283,0.997827,0.9937459,0.43002343
3031,0,0,0.022705632805636665,1.4269069e-05,0.0002795252,0.016156428
3032,0,1,0.4740086794007876,0.9992495,0.9949625,0.4738399
3033,0,0,0.04658498865645811,0.0009956363,0.061275214,0.04923026
3034,0,0,0.003337488056265228,3.560084e-09,2.4958817e-08,0.004027031
3035,0,0,0.004288563114118523,2.695921e-10,3.0179943e-09,0.0043475037
3036,0,0,0.021184978585418273,2.8869337e-05,0.00068518927,0.023046667
3037,0,0,0.09906373551992752,0.034816455,0.33752063,0.10390134
3038,0,1,0.28885883728896183,0.8480482,0.36348945,0.28860182
3039,0,0,0.009305890898437513,5.4264535e-07,5.476793e-06,0.011572442
3040,0,0,0.004914798154865827,1.1197629e-08,4.6912226e-07,0.00554218
3041,0,1,0.06964825875556792,0.0012469136,4.0914587e-05,0.07689077
3042,1,1,0.5924877138715671,0.9998946,0.99936515,0.5887227
3043,0,0,0.004137644631022619,1.2855449e-07,2.8795557e-06,0.0061620614
3044,0,1,0.7249822398827636,0.999995,0.99997056,0.72209823
3045,0,0,0.005459955797214263,1.754348e-08,6.061075e-07,0.0059324387
3046,0,1,0.2341478791635546,0.72005653,0.16861601,0.22981058
3047,0,1,0.6120971077143101,0.99938333,0.99796236,0.606492
3048,0,1,0.39524707646263435,0.9840065,0.8889587,0.40132564
3049,1,0,0.5617958688539633,0.9994195,0.9999918,0.56851393
3050,0,0,0.4441048487644238,0.9985946,0.99999297,0.43571705
3051,1,1,0.813373966591461,0.9999994,0.99999714,0.8109168
3052,0,1,0.13886273574041702,0.28338668,0.10360111,0.15411198
3053,1,1,0.3971015828580214,0.990581,0.9471949,0.38794717
3054,0,1,0.00827175788289067,2.2394815e-06,5.382792e-07,0.011288392
3055,0,1,0.34230787884904795,0.98061544,0.8126389,0.35194305
3056,0,1,0.54673846682568,0.99947345,0.99824226,0.557622
3057,0,1,0.07991195154025771,0.0018571508,0.00046960366,0.07453
3058,0,1,0.7633901251057372,0.99996805,0.99982715,0.753127
3059,0,1,0.20931248061104882,0.08984247,0.025391104,0.18939342
3060,0,1,0.0007503071559867709,4.5455614e-10,5.7131324e-11,0.001541269
3061,0,1,0.1352256032529831,0.025062056,0.01107709,0.13662806
3062,0,1,0.024667634556021428,0.0017446937,0.00059715327,0.03473554
3063,1,1,0.9912511071153819,1.0,1.0,0.9900484
3064,0,1,0.18973886172049512,0.40116712,0.053915154,0.18728445
3065,1,1,0.9683205806561486,1.0,1.0,0.9681254
3066,1,1,0.1429318516411705,0.08731158,0.02180691,0.14643888
3067,1,1,0.6741971563406541,0.9962208,0.9700351,0.67458475
3068,0,1,0.0722115799874246,0.0017530274,0.0002648889,0.07075846
3069,0,1,0.004321174062388154,1.8325898e-07,6.740591e-08,0.006693542
3070,0,1,0.27784151253362754,0.827898,0.40640992,0.27823257
3071,0,0,0.43828062616188734,0.9976234,0.99998724,0.4283839
3072,0,1,0.33980319798814573,0.9852379,0.9374012,0.34589893
3073,0,1,0.11680939654441908,0.013690939,0.0030283043,0.1178207
3074,0,0,0.007156223790452614,4.1038444e-07,1.0050355e-05,0.008930076
3075,1,1,0.24996526925250712,0.6493224,0.08289071,0.26991227
3076,1,1,0.892477955290634,0.99999964,0.9999964,0.8931139
3077,1,1,0.18237759328695283,0.35342777,0.09763685,0.1846012
3078,1,1,0.5664519304397875,0.99949837,0.99651337,0.5669957
3079,0,1,0.6826503979398081,0.9999689,0.999787,0.68110424
3080,0,1,0.05869338853926339,0.0008582923,0.00017251627,0.05643962
3081,1,1,0.7972004465957047,0.99999917,0.99999285,0.795564
3082,0,1,0.2438658083996054,0.9128798,0.03852574,0.2483123
3083,1,1,0.9988226178709007,1.0,1.0,0.99860376
3084,0,0,0.01351703185300705,1.0515874e-05,9.5051124e-05,0.01624701
3085,0,0,0.019732291888720648,1.1217079e-05,0.00047339158,0.021068677
3086,1,0,0.44973147291493365,0.9957959,0.9999714,0.45751306
3087,0,1,0.005321681463903285,2.061952e-09,4.186457e-10,0.0054732235
3088,0,0,0.0038336800644647065,8.618411e-10,1.7004341e-08,0.004283833
3089,0,0,0.003082633240796988,6.3330136e-10,1.30131825e-08,0.0034182435
3090,0,1,0.05801981944492208,0.0008575647,0.00035253892,0.061010614
3091,0,1,0.019718982112670678,6.904717e-06,3.4919847e-06,0.019718224
3092,0,1,0.5026482473872503,0.999895,0.99967295,0.52444774
3093,0,1,0.03758988129203466,8.750901e-05,8.222417e-06,0.03672843
3094,1,1,0.6290657379676451,0.999823,0.9985393,0.62846124
3095,1,1,0.8018841277021037,0.9999949,0.9999753,0.80297434
3096,0,0,0.035438982202875245,3.744449e-05,0.00085373124,0.03917614
3097,1,1,0.35867706422524687,0.98621035,0.95632046,0.35167977
3098,0,1,0.019840291633024747,0.00032821888,9.952273e-05,0.027621752
3099,1,0,0.7603604675289487,0.9999933,1.0,0.7608138
3100,1,1,0.22750829957552965,0.803284,0.3833328,0.21209413
3101,0,1,0.20024083278150887,0.23993549,0.06981093,0.19900686
3102,1,1,0.4109784519977982,0.9951957,0.9832304,0.40734413
3103,0,0,0.020749000355745725,8.633607e-06,6.143639e-05,0.021007214
3104,0,0,0.011675787211228549,1.3083465e-05,0.00024771917,0.017233044
3105,1,1,0.7134852357417577,0.99998355,0.99988616,0.71354526
3106,0,0,0.015723972188059907,1.8253793e-05,0.00024543522,0.01729528
3107,0,1,0.09327423646672559,0.019019034,0.0027633193,0.08447492
3108,0,1,0.25144395548659637,0.8406927,0.33988455,0.24990973
3109,0,0,0.016066928108821835,3.4718357e-06,1.3299245e-05,0.01851797
3110,0,1,0.4189681709656606,0.9959144,0.99215126,0.4136228
3111,0,1,0.04218633949693245,0.00025281915,1.16543715e-05,0.047336414
3112,0,0,0.0502452998946952,0.0006194955,0.039804645,0.05336067
3113,1,0,0.5127617465676375,0.3724062,0.9102083,0.5077903
3114,0,1,0.32284463092511106,0.9557896,0.7950437,0.3098451
3115,0,1,0.2722473008209468,0.9819332,0.7665732,0.27562284
3116,0,0,0.029602075021744594,6.3686195e-05,0.00055289327,0.030946337
3117,0,0,0.001002313610570553,4.2245728e-11,4.1029324e-10,0.0015400434
3118,0,1,0.30369674617697867,0.90105623,0.84406596,0.3065267
3119,1,1,0.6416939437745072,0.9999201,0.9993374,0.6336653
3120,0,0,0.010828147389222807,8.3239127e-07,1.6943068e-05,0.011583509
3121,0,1,0.6616907123808223,0.99999833,0.99999094,0.6691379
3122,0,0,0.004176069048272224,3.1376013e-09,3.756049e-08,0.004702026
3123,0,1,0.9038729236150033,1.0,0.9999999,0.9010772
3124,0,0,0.012883292671818347,0.0023206628,0.028278243,0.02171595
3125,0,0,0.336451923931336,0.99876356,0.99993384,0.25011566
3126,0,1,0.2611314129492375,0.9864442,0.94596165,0.2872321
3127,0,1,0.32557894179718366,0.96080184,0.7509747,0.33410546
3128,0,1,0.5276012215107815,0.99917,0.99422246,0.5316611
3129,0,0,0.015716169122902093,1.1091114e-06,1.0456034e-05,0.015421525
3130,0,1,0.023561275306387578,4.6821633e-06,6.7498337e-07,0.023959182
3131,1,0,0.7450299298027462,0.99999106,1.0,0.7460699
3132,0,1,0.017458439008892206,3.1594254e-06,1.6144547e-06,0.017614245
3133,0,0,0.28394046263826495,0.8105496,0.9873174,0.29342678
3134,0,1,0.08531044199447248,0.007353574,0.00087152346,0.09464084
3135,0,0,0.01170512271882221,8.7601495e-07,2.0124473e-05,0.01195952
3136,1,1,0.5931973515693315,0.99951124,0.99762326,0.5889275
3137,1,1,0.9004500912670433,0.9999864,0.9999125,0.8902916
3138,0,1,0.11715117574190831,0.055079162,0.0006117486,0.11879958
3139,0,0,0.004074286914964505,2.4358667e-07,2.977299e-06,0.0059612384
3140,1,1,0.7448842078035912,0.9999541,0.9994623,0.7546425
3141,0,0,0.009604561813455393,1.2655106e-07,2.0266464e-06,0.012071462
3142,1,0,0.4771422058047577,0.9986904,0.9999958,0.4776137
3143,0,0,0.0021718679797557133,3.374703e-10,3.2437817e-09,0.0033974873
3144,0,1,0.2062369966945817,0.5085275,0.17785355,0.20544745
3145,0,1,0.001058838555940199,2.3271132e-09,1.9865626e-10,0.0021475286
3146,0,0,0.02272556018739009,0.002317976,0.027312329,0.03233982
3147,1,1,0.7527367761302859,0.99999523,0.9999685,0.7505798
3148,0,0,0.0013075502392381729,1.7301193e-09,2.5599526e-08,0.00225276
3149,1,0,0.2669439802904502,0.8846079,0.99862975,0.26545617
3150,1,1,0.6635452555587283,0.9999194,0.99950826,0.6632149
3151,0,0,0.011964907270159664,1.3909911e-06,6.5953564e-06,0.012041316
3152,1,1,0.94148450223167,0.9999995,0.999998,0.9338639
3153,1,1,0.9895279472144823,1.0,1.0,0.98790723
3154,0,1,0.07883874732526328,0.0025947653,0.0003055184,0.07562658
3155,0,0,0.0271317915138103,0.0003114491,0.006329138,0.032951392
3156,1,1,0.9747621443896953,0.9999995,0.9999989,0.96953636
3157,0,1,0.6188850597588761,0.99983335,0.99888796,0.6207723
3158,1,1,0.9828294621325707,1.0,1.0,0.9802184
3159,0,1,0.4872765605573102,0.99883896,0.9965502,0.48230204
3160,0,0,0.0032419623615757174,4.518982e-09,2.2972408e-08,0.0039431606
3161,0,1,0.01496016822111806,0.004817789,0.0027251677,0.027690783
3162,0,1,0.7694105963353667,0.99997103,0.99991286,0.7605034
3163,0,1,0.003293232714592237,2.3732074e-08,3.1328815e-10,0.0045457794
3164,0,1,0.5016511856171254,0.92815405,0.5621724,0.48734263
3165,1,1,0.05184806310288813,0.021569015,0.00012230246,0.056341793
3166,0,0,0.022836051176429117,1.3251176e-05,7.2178176e-05,0.023079364
3167,0,1,0.0020703277696238836,2.0506405e-09,5.517067e-10,0.0032396535
3168,0,0,0.019835622684643738,9.685438e-07,1.293532e-05,0.019600604
3169,1,0,0.308107276500911,0.9313869,0.99949193,0.301928
3170,0,1,0.29906343114981504,0.97055817,0.85726124,0.3144394
3171,1,1,0.1431313140180713,0.009798535,0.0013753938,0.15179023
3172,1,1,0.16372003693955325,0.4392253,0.004834601,0.16563681
3173,1,1,0.4878089538464623,0.9987526,0.9926985,0.4913257
3174,1,1,0.31655630635045734,0.9438537,0.8015585,0.3156496
3175,0,1,0.05008944912053921,0.00031936003,5.9196973e-05,0.04979927
3176,0,0,0.028585511861561188,7.3015006e-05,0.00070727686,0.029035842
3177,0,0,0.001541563694358307,3.2818914e-10,5.1624043e-09,0.0023446465
3178,0,0,0.0071334941508843525,1.07924286e-07,5.3803515e-06,0.007858494
3179,1,0,0.6367211177411539,0.9998759,0.9999989,0.6710441
3180,1,1,0.7570779160948669,0.99925154,0.99555767,0.73691225
3181,0,1,0.006115724989384498,1.0776298e-06,1.4378429e-07,0.0088727055
3182,0,1,0.036717838556549476,5.1451534e-05,6.436146e-06,0.03677065
3183,0,1,0.253074091662883,0.92420554,0.5074506,0.22820102
3184,1,1,0.5448406310706091,0.9996202,0.9979023,0.53906035
3185,1,1,0.6645309272725567,0.99999285,0.99995863,0.6645764
3186,1,1,0.07949119665822488,0.016282715,0.0020303812,0.079943866
3187,0,0,0.046152577923310074,0.0009091123,0.01997808,0.048184063
3188,0,1,0.0019256641545567644,5.327971e-10,1.0384488e-10,0.002710999
3189,0,1,0.5407590232894127,0.9996794,0.99917907,0.5314138
3190,0,1,0.00461238414030903,1.6439704e-05,5.3988247e-06,0.009491665
3191,0,1,0.41013281087425996,0.99189115,0.9607047,0.418346
3192,0,0,0.31282094917744285,0.99612653,0.9999726,0.34661847
3193,1,1,0.5187740304061849,0.9965147,0.9931753,0.52122295
3194,0,0,0.29557578740625123,0.958856,0.9983791,0.30741173
3195,0,1,0.32525506829181616,0.9030749,0.52404124,0.3321894
3196,0,0,0.21315855920923119,0.5379193,0.95881474,0.22618368
3197,1,1,0.662215303296135,0.9999385,0.9994025,0.66312885
3198,0,1,0.03947894919330427,0.00016618766,6.873442e-05,0.03890549
3199,1,1,0.6518224600540287,0.9999263,0.99961627,0.6419798
3200,1,0,0.263551057118989,0.6987681,0.99852496,0.2630476
3201,0,1,0.02226738925897856,1.8897339e-05,3.868349e-06,0.025052033
3202,0,1,0.0035751905061769764,3.3559236e-06,1.0121793e-06,0.007387983
3203,1,1,0.49912625137198324,0.9995117,0.9987985,0.5012405
3204,1,1,0.3750102831098217,0.9977835,0.6244386,0.37810606
3205,0,0,0.05676011769371862,0.01102242,0.20727459,0.06336413
3206,0,0,0.07018226851868438,0.063298106,0.62262183,0.07477919
3207,0,1,0.08141654233672599,0.05033191,0.027854923,0.08454775
3208,0,0,0.008813368038738171,7.7651464e-05,0.0008441748,0.016955543
3209,0,1,0.3642687076576181,0.9844376,0.89913505,0.36459136
3210,1,1,0.17155475195213768,0.43422812,0.08029081,0.17182077
3211,0,0,0.02308665861234517,1.8806404e-05,0.000114815826,0.024430754
3212,0,0,0.0025065031299299784,7.0210405e-08,5.851369e-07,0.0050696675
3213,0,0,0.12372052716871602,0.011387963,0.086260706,0.12721564
3214,0,0,0.008466803438996445,1.5554901e-06,5.7877613e-05,0.012721044
3215,1,1,0.3978191230103376,0.9943146,0.9730269,0.39700764
3216,1,1,0.32862206689498613,0.96026504,0.8488624,0.32656455
3217,0,1,0.15276580629362846,0.23609169,0.1807756,0.17400612
3218,0,0,0.04255288863554891,0.0006457265,0.012802429,0.04248474
3219,0,0,0.019559435237207844,3.1594675e-06,4.048656e-05,0.021928273
3220,0,1,0.0036786955182582146,2.5525273e-08,6.98925e-09,0.005149993
3221,0,0,0.005767217111658195,1.2145083e-06,2.4540155e-05,0.008513827
3222,0,1,0.24470120223145286,0.7897341,0.44164905,0.24465725
3223,0,1,0.3541684781977951,0.95866024,0.8455275,0.35099986
3224,0,0,0.02413169863517473,6.12075e-05,0.0030037719,0.025797073
3225,0,1,0.013560114391533257,1.2623597e-07,4.9722737e-09,0.013932541
3226,1,1,0.6730490106265102,0.9999403,0.9997234,0.6725217
3227,0,0,0.026050272615344667,4.0758972e-05,0.0002710365,0.0264209
3228,0,1,0.19418670609653946,0.66982424,0.152889,0.20531517
3229,1,1,0.7364159126110541,0.999992,0.9999678,0.73540455
3230,0,1,0.10617392414700977,0.06705175,0.050121758,0.1007569
3231,0,1,0.022308774765898796,3.3913523e-06,3.3145955e-07,0.022630392
3232,1,1,0.7380118710837315,0.99999774,0.9999925,0.7305058
3233,1,1,0.1329943385233808,0.10566321,0.0056482838,0.14405908
3234,0,0,0.0014433103463066402,3.5285727e-10,2.5340164e-08,0.0016627318
3235,0,1,0.15467477876904343,0.14497332,0.027874896,0.15704793
3236,1,1,0.27149980119314476,0.8255081,0.48768526,0.2723317
3237,0,1,0.006986934976944124,8.3091913e-07,1.7361454e-07,0.009601342
3238,0,1,0.004619428483678059,1.6483001e-07,1.763284e-09,0.0064017824
3239,0,1,0.18592889519951816,0.2233837,0.05554994,0.1876243
3240,0,1,0.291524341853883,0.85278755,0.3919378,0.29174435
3241,0,1,0.01645061343291612,4.7413312e-05,1.6535587e-05,0.02198586
3242,0,1,0.19526464643672017,0.8487874,0.7002514,0.21743438
3243,0,1,0.001892754134545777,8.679817e-09,2.7485336e-09,0.0027230717
3244,1,1,0.671788715932482,0.99998546,0.9999356,0.66569847
3245,0,0,0.030292135223333017,8.0837955e-05,0.000657697,0.030839968
3246,0,0,0.021000060136163783,0.00020743917,0.0011353187,0.0313385
3247,0,0,0.03384990837734776,8.79114e-05,0.0007638511,0.03559476
3248,0,0,0.25636595353270675,0.92687684,0.9939992,0.27535936
3249,0,1,0.025273280953334875,7.784891e-05,3.0382907e-05,0.02511162
3250,0,0,0.004355965375970642,4.3199313e-07,5.646167e-06,0.0063290447
3251,0,0,0.13945496974628457,0.47023073,0.86881423,0.16340885
3252,1,0,0.5696632971646037,0.99848676,0.99999416,0.56587726
3253,0,0,0.004067616129810688,4.8718553e-06,0.00011974887,0.00776235
3254,0,1,0.37159518517286994,0.9938793,0.98964816,0.35703152
3255,1,0,0.5392304106950301,0.999252,0.9999968,0.5366292
3256,0,1,0.007493530713544256,2.5098464e-06,1.0626744e-06,0.010223781
3257,1,1,0.43358850119210485,0.99886346,0.9921135,0.44302824
3258,1,1,0.9395354262072434,1.0,0.99999976,0.9388524
3259,0,1,0.011920938863689322,4.1394094e-05,9.266866e-06,0.015849318
3260,1,1,0.7595920312689106,0.9999987,0.99999356,0.76013225
3261,0,0,0.00019170113713563923,1.471723e-09,7.809663e-13,0.0008346909
3262,0,0,0.0018655985825762084,1.6870112e-08,2.5734997e-07,0.0032108189
3263,0,0,0.015416274268233155,2.0508116e-06,1.9013409e-05,0.016313264
3264,0,1,0.07741163461237804,0.00459736,0.0004925414,0.08106166
3265,0,0,0.026707311450136825,0.00016088542,0.0037392657,0.029364891
3266,0,0,0.5398949018944849,0.99943966,0.9999963,0.5397002
3267,0,0,0.25389783508885777,0.97290367,0.99983203,0.28464258
3268,0,1,0.007172546904693107,9.895397e-07,3.645916e-07,0.009890581
3269,0,0,0.004767198631900238,4.1475388e-09,3.7566586e-08,0.0054113865
3270,0,0,0.05594946295125113,0.00890172,0.102383584,0.057453386
3271,1,1,0.9325127291908745,0.9999999,0.99999964,0.93346226
3272,0,0,0.0036518278712054514,1.4115261e-07,1.7686494e-06,0.0053035673
3273,0,1,0.010435740262580926,5.3159342e-06,1.4134051e-06,0.014307788
3274,0,0,0.005648364551637242,1.4720487e-06,2.0972695e-05,0.00818839
3275,0,1,0.035124679449835085,1.0515613e-05,2.5636527e-06,0.035341755
3276,0,1,0.0555441508899878,0.00089097774,0.000114304494,0.053843074
3277,0,1,0.35961059096144676,0.98706084,0.88100797,0.3693307
3278,1,1,0.6471452753161646,0.999884,0.99915814,0.64643157
3279,0,0,0.007289970823099322,4.2611042e-05,0.00026028987,0.013794364
3280,1,1,0.9990623898096708,1.0,0.9999999,0.99873525
3281,0,1,0.11552700298185288,0.051365275,0.0013320257,0.12672915
3282,0,1,0.1778147098415302,0.42445952,0.053581517,0.1828471
3283,0,0,0.006708668350721865,2.6671498e-06,7.054301e-05,0.0099792825
3284,0,0,0.0011740497417429417,1.273505e-09,1.9861137e-08,0.002038823
3285,0,1,0.2930505889954432,0.97247845,0.8383798,0.2949942
3286,0,0,0.006915239195857884,5.0664326e-05,0.0008842836,0.013390908
3287,0,1,0.022502090271649428,4.801633e-06,7.284869e-08,0.023932483
3288,0,1,0.5495044381402091,0.99978197,0.9977502,0.547179
3289,0,1,0.5942694167297539,0.99990475,0.99949944,0.6006417
3290,1,1,0.29244689241685534,0.9116347,0.8536331,0.29063922
3291,0,0,0.002806496867988742,1.14467e-08,2.2358527e-07,0.004197089
3292,0,0,0.004644049031560496,1.1697788e-07,2.1565784e-06,0.0070285047
3293,0,0,0.004411612698630516,6.223406e-08,1.3768836e-06,0.0064669414
3294,0,1,0.0014819236510518578,9.582969e-10,5.9698613e-12,0.0021360088
3295,0,0,0.005784262122698191,1.977273e-08,3.5269383e-07,0.0064625433
3296,0,0,0.002972118340546492,2.864113e-09,2.8482397e-08,0.0037042547
3297,0,1,0.20986022311420321,0.54054123,0.1517282,0.20819032
3298,1,1,0.6132286203673764,0.9998932,0.99943084,0.613754
3299,0,1,0.5750684203373987,0.9979164,0.98635066,0.5684067
3300,0,1,0.21069981697352302,0.5996962,0.27770263,0.2139071
3301,0,0,0.12439418775683388,0.0887358,0.4587882,0.13159777
3302,1,1,0.3660412000459446,0.9772241,0.84916043,0.36479804
3303,0,1,0.19984410270916744,0.9196254,0.44780573,0.21360356
3304,0,1,0.05505112596871844,0.0003098598,5.7259844e-05,0.05587961
3305,0,1,0.22008267117959748,0.48895568,0.17015877,0.22311556
3306,0,1,0.49070644167332955,0.9992755,0.99815327,0.48846895
3307,0,1,0.00026422730043889177,4.8026286e-13,1.4756439e-13,0.00051429763
3308,0,0,0.039544121628965416,0.00018281474,0.005770491,0.042651825
3309,0,1,0.23414251198481914,0.5955569,0.20506647,0.23643485
3310,1,1,0.8830339954252019,1.0,0.9999999,0.8799508
3311,1,1,0.12203606436177601,0.084505,0.025967851,0.12232648
3312,0,1,0.16515668677182735,0.33736718,0.23571931,0.16236563
3313,1,1,0.5234801230931734,0.9988311,0.9952046,0.51478124
3314,0,0,0.012868470715624717,4.046251e-07,9.438496e-06,0.014441078
3315,0,0,0.003489148320550597,9.875316e-09,3.37023e-07,0.0043452857
3316,1,0,0.5020494676656724,0.8591042,0.9939427,0.4914716
3317,0,1,0.026322051448767234,9.8155746e-05,3.0033476e-05,0.029368112
3318,0,1,0.5411614996815357,0.99758327,0.9928598,0.54302573
3319,0,1,0.13681999500267683,0.0064153946,0.0038015062,0.14238839
3320,0,1,0.49749715832690494,0.9730789,0.9645332,0.54397845
3321,1,1,0.6436853609478633,0.9998952,0.99954623,0.63328767
3322,0,0,0.01034365779880192,3.4312703e-05,0.0004361986,0.014664455
3323,0,1,0.09092559095069352,0.009721216,0.0058285296,0.087474585
3324,0,0,0.014674422177880862,1.8094868e-06,1.5160605e-05,0.01578706
3325,0,0,0.013173724026350966,2.2374793e-06,2.6352262e-05,0.013909218
3326,1,1,0.9991875716824573,1.0,1.0,0.9988833
3327,0,1,0.10636515800684693,0.0748356,0.008153094,0.11356765
3328,1,0,0.16846059304697034,0.6503558,0.98624945,0.17515558
3329,0,1,0.06692036405272017,0.008904938,0.0039183614,0.068523474
3330,0,1,0.032740507888055825,0.0003629516,2.0253432e-05,0.034769375
3331,0,1,0.2676385913231957,0.96934205,0.1615084,0.27412122
3332,0,1,0.7191810159351762,0.99997413,0.9998653,0.71738124
3333,0,0,0.3670399416309516,0.86533844,0.9922684,0.3711464
3334,0,1,0.5734680612713977,0.9999654,0.9998547,0.5756314
3335,0,1,0.41084380129054804,0.99462914,0.9702799,0.4108618
3336,1,1,0.6155838103309743,0.9999435,0.9996681,0.613254
3337,0,1,0.24705426320013743,0.7546226,0.4460323,0.24120232
3338,1,1,0.06778086123036635,0.03498087,0.003557646,0.0689194
3339,1,1,0.8955479663591728,0.99998605,0.9999325,0.88854617
3340,0,1,0.04046587131909113,0.00023288927,0.00013127566,0.040080406
3341,0,0,0.002493242671330456,9.471804e-08,1.8403499e-06,0.0042912303
3342,1,1,0.9969707534092782,1.0,1.0,0.9962839
3343,0,0,0.1417816653459932,0.2514241,0.7403924,0.14710172
3344,0,0,0.012917397255437023,1.509423e-05,6.7117326e-05,0.019609245
3345,1,1,0.6267524068376323,0.9998225,0.99940825,0.6359642
3346,0,1,0.10943041316546041,0.029324241,0.041946273,0.10930005
3347,1,1,0.8467058214903151,0.9999994,0.99999857,0.8485736
3348,0,1,0.24362017917599293,0.6919452,0.24663231,0.24399221
3349,1,0,0.5721561486763233,0.99994576,0.9999951,0.5752066
3350,0,1,0.28186149645461694,0.7826658,0.611799,0.27713197
3351,0,1,0.003794626520494502,5.1301814e-08,8.5101604e-10,0.005230754
3352,0,1,0.14519668313896567,0.34823367,0.14062707,0.16076323
3353,0,0,0.025239230253671606,3.7010028e-05,0.0015608863,0.026691176
3354,0,1,0.141484106540215,0.08356549,0.0142292725,0.14427881
3355,0,0,0.013993697499151744,2.812583e-06,6.116876e-05,0.017305275
3356,1,1,0.38843637418174526,0.97735494,0.9752898,0.39266503
3357,0,0,0.015242824502462908,0.001084805,0.025760049,0.022782208
3358,0,1,0.03686390000876043,4.8700233e-05,5.3994318e-06,0.042492595
3359,0,0,0.10165397449050557,0.05046789,0.6130068,0.12732522
3360,0,1,0.0045906134325087175,6.6988974e-08,1.5701778e-08,0.006146274
3361,1,1,0.8605651207208302,0.9999945,0.9999504,0.84583634
3362,0,1,0.013091039963718194,8.1792314e-07,1.4768105e-08,0.013067402
3363,1,1,0.18219286478521002,0.16165565,0.057985526,0.1864078
3364,1,1,0.528121208060947,0.9930426,0.96249706,0.53430873
3365,0,0,0.019462461660845705,0.00038060863,0.006993598,0.028674958
3366,0,0,0.00590286550042325,6.927258e-09,2.053382e-07,0.0066880058
3367,1,1,0.0766294394030923,0.005083803,0.0016134146,0.08544509
3368,0,1,0.002033892161220145,4.11871e-09,1.0280614e-09,0.0031980218
3369,1,1,0.646130774515107,0.9999454,0.9997037,0.6390478
3370,0,1,0.016615537276054925,1.5471875e-06,7.4690047e-07,0.016624939
3371,1,0,0.779179720757704,0.99999774,1.0,0.77866024
3372,1,1,0.36731217296539853,0.9988481,0.998268,0.3910642
3373,0,1,0.06380672362546441,0.0043125865,0.00302848,0.062409814
3374,0,1,0.7286674337514407,0.99998903,0.9999683,0.71625507
3375,1,1,0.5562257216571347,0.9998045,0.9982399,0.5417161
3376,0,0,0.0017679364056365583,1.3356384e-08,2.489535e-07,0.0030872708
3377,0,1,0.25495652696666954,0.9583303,0.95141995,0.2429108
3378,0,1,0.013198082584379246,3.3779074e-07,1.10254135e-08,0.013888534
3379,1,1,0.6874112892528687,0.99999726,0.99998164,0.6827803
3380,0,1,0.07495038545259966,0.007913679,0.009297009,0.072581686
3381,0,1,0.3052534279870596,0.8981521,0.49685466,0.305537
3382,1,1,0.9999999999999973,1.0,1.0,1.0
3383,1,1,0.6702747093488935,0.99997354,0.99994457,0.67335117
3384,0,1,0.013329954156201225,6.9554e-05,2.4996918e-05,0.019219346
3385,0,0,0.0806141472062267,0.25123948,0.49030736,0.09566246
3386,0,0,0.0020251635196507603,2.0620463e-09,2.5813254e-08,0.0029342654
3387,0,1,0.1224303593394809,0.04831652,0.024457188,0.11702599
3388,1,1,0.9976868769469649,1.0,1.0,0.9972252
3389,0,0,0.04091606521232936,6.618405e-05,1.5030538e-05,0.044922374
3390,0,0,0.0012150229357415201,1.9521564e-10,2.3129882e-09,0.0018740535
3391,0,1,0.33375266002115017,0.9797206,0.9277296,0.33650717
3392,1,1,0.880850872840462,1.0,0.9999999,0.88016576
3393,0,1,0.0047694680942285015,7.624328e-06,3.0089886e-06,0.007788182
3394,0,1,0.585950808391869,0.99994266,0.98586106,0.5971698
3395,0,1,0.0053799332496125615,5.795532e-07,3.1331712e-08,0.007927164
3396,0,1,0.06520644285172122,0.0014289982,0.0005345823,0.06579105
3397,0,0,0.009585912388268924,2.7182476e-05,0.00048702175,0.014298472
3398,0,0,0.0025557608814192182,5.7685217e-09,1.2770293e-07,0.0038219704
3399,1,1,0.9999999999999927,1.0,1.0,1.0
3400,0,1,0.030823772448781043,0.00022834986,0.00015307937,0.041991033
3401,0,1,0.05014833316688185,0.00019126838,3.4885517e-05,0.049241778
3402,1,1,0.616891901990627,0.99992573,0.9997085,0.6099404
3403,1,1,0.5442307348396592,0.9998784,0.99976116,0.54622966
3404,0,0,0.010029490856293666,3.638149e-08,3.9242595e-06,0.011203991
3405,0,1,0.023024915230843504,0.0007006834,0.000116122355,0.029670682
3406,1,0,0.5951893621546538,0.9998821,0.99999964,0.57986045
3407,0,0,0.0018218535439098384,1.103599e-09,3.7439975e-08,0.0032428147
3408,1,1,0.47702546556206665,0.9959132,0.9812646,0.48065996
3409,0,0,0.0037640732363111743,1.1817966e-08,5.742639e-08,0.0045223115
3410,0,0,0.002689622518032609,8.9568086e-10,9.154347e-09,0.0035653538
3411,1,1,0.07296144196381375,0.0017166393,0.00014114825,0.07563988
3412,1,1,0.6551760661320285,0.99994135,0.9997198,0.65303385
3413,0,1,0.20608540856046495,0.8531121,0.49601644,0.2339289
3414,0,1,0.24369138336311294,0.81156605,0.64719814,0.24469192
3415,1,1,0.7851105608856079,0.9999968,0.99998724,0.8023169
3416,0,1,0.25389867610909417,0.6310746,0.29474816,0.24955504
3417,0,1,0.3670207306483496,0.9836569,0.94889,0.3646276
3418,0,0,0.017829032566563877,3.154093e-05,0.00015836114,0.020443995
3419,0,1,0.0167917045224517,3.4653647e-05,1.0229429e-05,0.023149945
3420,0,1,0.006532123330428871,1.7304092e-06,5.265662e-07,0.009611549
3421,0,1,0.08550701330445656,0.003650969,0.00068532483,0.089098014
3422,1,1,0.7057126330960699,0.9999682,0.9997783,0.7042628
3423,1,1,0.1992304682561606,0.8781411,0.641916,0.21948737
3424,0,0,6.125095902578501e-05,4.5836117e-12,5.0471517e-15,0.00027177137
3425,0,0,0.050085384547845085,0.0002717807,0.0027964662,0.053040806
3426,0,1,0.4706127263688801,0.99873406,0.9827282,0.47971758
3427,0,0,0.01842000163550717,1.26221275e-05,0.00015985871,0.019295301
3428,0,1,0.36128735554703945,0.9876813,0.95830184,0.3628678
3429,1,1,0.37097028448829145,0.996347,0.9771568,0.37360463
3430,0,0,0.046842708447692595,0.0054248665,0.037438437,0.056115806
3431,0,1,0.2313367908581257,0.5903545,0.17892492,0.23279496
3432,0,1,0.10950912709088807,0.017455721,0.001629696,0.11060175
3433,0,1,0.2915655284891766,0.9174639,0.7538319,0.29561475
3434,1,0,0.9245028711946596,1.0,1.0,0.9254117
3435,0,1,0.026653911393302802,6.23435e-05,5.4917195e-06,0.02890629
3436,0,1,0.23550340248900706,0.92677444,0.74749297,0.24458842
3437,0,1,0.0177006846501402,1.6702302e-06,4.8290997e-07,0.017066583
3438,1,1,0.47027840760428263,0.998706,0.9915581,0.4601824
3439,1,1,0.9810770297419815,0.99999964,0.99999714,0.9791924
3440,0,1,0.24123215301282766,0.6936971,0.22837424,0.24311882
3441,1,1,0.6704760982938484,0.9999844,0.99997187,0.6766927
3442,0,0,0.05749971725292554,0.003620469,0.103507735,0.060813427
3443,0,0,0.027003542602637164,4.166471e-05,0.0008080201,0.029560141
3444,0,1,0.2859234597370639,0.8319495,0.34925932,0.28632686
3445,0,1,0.23215780440405698,0.56543005,0.28703296,0.2408134
3446,0,0,0.045932963557245146,0.000679623,0.0087562585,0.049025066
3447,0,1,0.012283644339793702,1.9509096e-05,7.983559e-06,0.01656488
3448,0,0,0.010149063753203342,1.6404028e-05,8.907482e-05,0.014534963
3449,0,1,0.09608806060416755,0.008209228,5.6168465e-05,0.097668275
3450,0,0,0.00449586240003844,3.1750184e-07,9.007095e-06,0.006603202
3451,0,0,0.018912526161907302,6.230048e-06,7.560612e-05,0.020637222
3452,1,0,0.6663414748179,0.9999361,0.99999976,0.6612995
3453,0,0,0.10753654207934418,0.13870317,0.9591008,0.13001734
3454,0,1,0.012817490775294307,4.3491815e-05,1.1616213e-05,0.016966404
3455,0,0,0.03494217838098065,3.8815855e-05,0.0018324465,0.03813428
3456,0,1,0.15646882392086164,0.11161466,0.014715403,0.15940756
3457,0,0,0.12180871812047014,0.21422526,0.96619153,0.12990858
3458,0,1,0.028826090965906957,0.00010241024,1.1891279e-06,0.028692031
3459,1,1,0.7725928350289138,0.9999957,0.99995947,0.77842844
3460,0,1,0.0007939128252096327,4.284367e-12,1.008573e-13,0.0011501599
3461,0,1,0.36360823430197353,0.9742226,0.85558677,0.36158907
3462,0,1,0.12677982465603668,0.0578173,0.021165514,0.12857546
3463,0,1,0.14921228457888128,0.44057408,0.16189814,0.16715221
3464,0,0,0.028872737953904055,0.00048635996,0.00393403,0.03366223
3465,0,1,0.3271635276240509,0.9094744,0.5327785,0.33363864
3466,1,1,0.5647346244403313,0.9997501,0.9989968,0.5701874
3467,0,1,0.09977646713504675,0.016247284,0.006237623,0.09853389
3468,0,1,0.16748182865910205,0.13168201,0.061924122,0.16408549
3469,0,1,0.13650298984690426,0.032657582,0.014293203,0.13707939
3470,0,0,0.03392045565947557,0.15136813,0.90250784,0.06326442
3471,1,1,0.9033572971929129,1.0,0.99999976,0.90138376
3472,0,1,0.08831877881108761,0.0028993022,0.0009590139,0.08904546
3473,0,0,0.000419332576994088,1.8313822e-06,1.362698e-09,0.0019601255
3474,0,0,0.18261695200121048,0.14171118,0.9637079,0.19056928
3475,0,1,0.6780515727331523,0.9999975,0.9999875,0.6715221
3476,0,0,0.0016791699670574598,3.6149475e-09,1.1006882e-08,0.0027548478
3477,0,1,0.11109353494122352,0.014089111,0.0028052696,0.11277322
3478,0,0,0.04703477434751998,0.00031332206,0.0022308272,0.05161617
3479,1,1,0.6605342137203607,0.9999722,0.99992096,0.6510921
3480,0,0,0.01734824684196187,4.613659e-05,0.00019760267,0.019215757
3481,0,0,0.38466214999088566,0.9902692,0.999908,0.39658663
3482,0,0,0.27173089313236015,0.9846799,0.99994636,0.299265
3483,0,1,0.010543252610292757,3.8927334e-07,4.0341437e-08,0.011518612
3484,0,0,0.016333246524054833,9.153422e-07,1.7991702e-05,0.017471839
3485,1,1,0.28879699087658395,0.65926605,0.71262646,0.28559172
3486,0,1,0.24065436196246162,0.80698925,0.3454846,0.23946452
3487,0,1,0.00925494443913418,3.9205975e-06,1.2540722e-06,0.0126637155
3488,1,1,0.054264118460423796,0.00022339249,5.0925126e-05,0.051463366
3489,1,1,0.5945387804706581,0.9996549,0.9981446,0.58514994
3490,0,0,0.0030353511967494994,1.5523093e-10,3.44869e-09,0.0034188677
3491,0,0,0.005319079955870403,6.0174105e-05,0.00018414206,0.011135704
3492,0,0,0.0013203963547060067,7.320192e-08,6.0825464e-08,0.003148174
3493,1,1,0.10592581579285079,0.043024242,0.016904317,0.11753177
3494,0,1,0.17464927136527472,0.3616134,0.0913503,0.17484413
3495,0,1,0.04350334708723284,0.00022294906,3.5164954e-05,0.042199977
3496,0,0,0.008356340646306146,9.928314e-08,5.361512e-06,0.009041719
3497,1,1,0.28832722001906197,0.9269289,0.69456244,0.29082903
3498,0,0,0.0333761548683446,0.00028318728,0.015239695,0.035976864
3499,1,1,0.6467390365524157,0.9999621,0.99976856,0.649019
3500,0,0,0.054490915498668684,0.002942183,0.09391294,0.058396224
3501,0,1,0.003684620921099775,1.7209383e-07,5.216151e-08,0.005803641
3502,0,0,0.00046672881369422026,3.8055187e-08,1.9423019e-11,0.0020193693
3503,1,1,0.9901269546459058,1.0,0.9999999,0.9880529
3504,0,0,0.015327776402323794,6.846739e-06,0.00018434602,0.015610128
3505,0,0,0.0022865949848346174,2.0128903e-07,5.1515954e-06,0.0045480346
3506,1,1,0.13693824329846732,0.18918453,0.03096104,0.1415065
3507,0,0,0.05234989577698375,0.013897719,0.053395838,0.056188267
3508,0,0,0.025613418485279968,2.3881863e-05,0.00037140033,0.028206358
3509,1,1,0.3887497690184839,0.9736265,0.9487258,0.38865462
3510,0,0,0.04754730953297619,0.0017131707,0.015119747,0.049010325
3511,0,1,0.006126432675835631,2.339076e-08,1.2370036e-08,0.00859002
3512,1,1,0.7040313152853561,0.99998736,0.9999186,0.7067601
3513,0,1,0.3244658274293123,0.9660931,0.8456084,0.32662538
3514,0,0,0.009878780525996644,5.384697e-07,9.138088e-06,0.010195997
3515,0,1,0.0018934252341790768,2.4342488e-09,2.1223533e-11,0.0026906286
3516,0,1,0.205759368960768,0.35521746,0.08015462,0.2091143
3517,1,1,0.4361524211393291,0.9971072,0.98534375,0.4332683
3518,0,1,0.5619648526871627,0.9985305,0.9958768,0.5628721
3519,1,1,0.37567556621596604,0.99483323,0.972492,0.3886382
3520,0,0,0.015878500129002465,3.0053927e-06,4.0199404e-05,0.016493635
3521,0,1,0.058764940509913585,0.0071065584,6.715549e-05,0.062350243
3522,0,1,0.004632701646012114,4.8013675e-07,1.2059913e-07,0.0065317415
3523,0,1,0.08051970380285803,0.0052045067,4.525531e-05,0.08141463
3524,0,1,0.0011338949409517443,1.8685277e-11,4.7716596e-12,0.001622411
3525,0,1,0.08620970013468329,0.024566092,0.0029495473,0.09290639
3526,0,1,0.013282857356187502,3.4921864e-05,1.3218398e-05,0.018040521
3527,1,1,0.6941015186706109,0.9999398,0.99991703,0.6922349
3528,1,1,0.8211892039484793,0.9999995,0.99999654,0.81833476
3529,0,1,0.43972861753023457,0.97081906,0.86511236,0.4451854
3530,0,0,0.20949396942376686,0.5499305,0.957501,0.24646483
3531,1,0,0.9368492094939375,0.99998736,0.9999993,0.9329683
3532,0,0,0.13691304118771574,0.55494416,0.9455551,0.1520402
3533,0,0,0.08358596717282987,0.023381213,0.061798852,0.079467386
3534,0,0,0.0184267245628366,5.464642e-06,4.8960675e-05,0.019549245
3535,0,0,0.011251006306321466,1.0483806e-06,1.5592757e-05,0.011961323
3536,0,1,0.014730552860677164,0.00016802578,2.2774244e-05,0.020923015
3537,0,0,0.03952630845040989,0.00014020337,0.004004363,0.042444963
3538,1,1,0.6155750584015658,0.9997578,0.9978211,0.615125
3539,0,1,0.05098848565991455,4.1117055e-06,1.0105513e-06,0.02346087
3540,0,0,0.04152298615937597,0.00064406206,0.017611466,0.043994296
3541,0,0,0.04647113513583311,0.0013010417,0.03718291,0.04895122
3542,0,1,0.3000126373540971,0.67805666,0.36221743,0.3072093
3543,0,1,0.03216191022162679,5.0865812e-05,2.3706414e-05,0.035582617
3544,0,0,0.04679371112483878,0.00025553576,0.004650998,0.03013146
3545,0,1,0.05620296393398829,0.0004958015,3.609015e-06,0.05731774
3546,0,1,0.06850754605439767,0.00061654276,3.216747e-06,0.070049316
3547,1,1,0.13757024254782665,0.08043509,0.0004753572,0.1396604
3548,1,1,0.4312885836947063,0.9565304,0.78855026,0.43719485
3549,0,1,0.304379056522906,0.9340581,0.68170255,0.30280498
3550,0,0,0.011652632707493976,5.040137e-07,5.642749e-06,0.01285044
3551,0,0,0.006398557713908897,1.1262507e-06,3.920089e-06,0.009320367
3552,0,0,0.24762795626129522,0.816835,0.9971993,0.24627967
3553,0,1,0.2176413434267168,0.61752313,0.18910317,0.21504527
3554,1,1,0.6043185422204198,0.9993011,0.9979754,0.6051771
3555,0,0,0.06454080899347488,0.005236228,0.11599205,0.069164574
3556,0,1,0.5441464294641356,0.9979559,0.9954352,0.535318
3557,0,1,0.26122853909940963,0.88272834,0.7055228,0.2605017
3558,0,1,0.1289605915712,0.110567875,0.10667421,0.12483208
3559,0,1,0.04688754486486596,0.00015396999,4.286655e-05,0.049355607
3560,0,0,0.0005037376028113836,1.0589332e-12,1.1931419e-11,0.00078832527
3561,0,1,0.026481762984484382,2.8300447e-06,5.277567e-07,0.013893445
3562,0,1,0.44210501944230385,0.9911211,0.9664878,0.42513913
3563,0,1,0.1483400686091096,0.14207478,0.050073575,0.14233856
3564,1,1,0.7598471304595251,0.9999845,0.99995685,0.7562988
3565,0,1,0.10753763747535225,0.035636455,0.00011789053,0.11100632
3566,1,1,0.9975087864950843,1.0,1.0,0.99701023
3567,0,0,0.032058230727289624,1.6606573e-05,0.00022187117,0.033852845
3568,0,0,0.16422470038792164,0.096109286,0.6809498,0.10523029
3569,0,1,0.2747155684016393,0.8520159,0.5037867,0.27615875
3570,0,1,0.12287512188781204,0.14886352,0.07533821,0.12001109
3571,1,1,0.9952756083145712,1.0,1.0,0.9944642
3572,1,1,0.49343309271767,0.99965954,0.99893254,0.49451843
3573,0,1,0.08122141701265823,0.0006476889,0.00021984037,0.08162142
3574,0,1,0.17308815286757806,0.024542272,0.026963761,0.20279369
3575,1,1,0.7692942855085856,0.99999654,0.99998415,0.787562
3576,0,1,0.025700135694730647,3.7824917e-05,2.2213111e-05,0.024777861
3577,1,1,0.37320811888085076,0.993465,0.9732214,0.3859815
3578,0,0,0.0063932125360475385,1.1884808e-08,4.5149346e-07,0.007134475
3579,0,1,0.04264324744102593,0.00071661646,0.00026166215,0.04067189
3580,1,1,0.3680601414856734,0.9975702,0.96049327,0.36811385
3581,1,1,0.6782698411931068,0.99998474,0.99995375,0.6724052
3582,0,1,0.4823745999298327,0.99910074,0.9975085,0.479718
3583,1,1,0.22582229377115967,0.12886032,0.019436153,0.22187757
3584,1,1,0.6910232193840375,0.9999845,0.9998884,0.69057995
3585,0,1,0.3721980696462465,0.9099168,0.44339332,0.36283395
3586,0,1,0.0012676884891717143,3.3441565e-11,1.3812785e-11,0.0017778651
3587,1,1,0.32559862236435655,0.9606568,0.83224213,0.32465285
3588,0,1,0.013321950828600519,0.0009783678,0.00019156879,0.020936055
3589,0,1,0.3127577858827781,0.97575104,0.74211204,0.31650105
3590,0,1,0.5615974014841569,0.9898689,0.91715133,0.5519262
3591,1,1,0.6252707874471317,0.9998021,0.9994756,0.62712955
3592,0,1,0.001031347274556486,1.4718261e-10,6.093882e-11,0.0024955191
3593,0,0,0.024771330170317223,0.0009837084,0.045677897,0.036680114
3594,1,1,0.4800205250101121,0.9994356,0.99816424,0.47959295
3595,0,1,0.07537256398745162,0.0014450034,0.00038066052,0.07412015
3596,0,0,0.031931369244219784,0.010511763,0.15425311,0.046801753
3597,0,0,0.28277218400055537,0.86637914,0.99952465,0.28476235
3598,0,1,0.7500495680284205,0.99999464,0.9999888,0.7494629
3599,1,1,0.15045046999351638,0.62938666,0.36905694,0.14736736
3600,0,1,0.010820648138533498,6.6615144e-06,5.089317e-07,0.014936178
3601,1,1,0.9999999999999798,1.0,1.0,1.0
3602,1,0,0.6291478155338824,0.9998187,0.99999976,0.6354814
3603,0,0,0.005128383289678354,1.2261792e-08,3.9540052e-07,0.005582082
3604,1,1,0.5694962816202367,0.9995834,0.99665356,0.5712929
3605,0,1,0.28832609345837673,0.92444736,0.70413804,0.29195273
3606,0,0,0.03452293030819486,0.000112810616,0.0020965412,0.03686972
3607,0,0,0.017270524269258566,9.950768e-06,0.0001815271,0.018187266
3608,1,1,0.6690321920171163,0.9997689,0.9980913,0.6684276
3609,0,0,0.2898528084211913,0.9052428,0.9978515,0.30734476
3610,0,1,0.2011259395362756,0.41932154,0.06839561,0.19975734
3611,0,0,0.18572509918587526,0.30974972,0.9852126,0.19153278
3612,1,1,0.8194609967798784,0.9999993,0.9999968,0.8146386
3613,0,1,0.010078602747844879,8.562548e-06,1.9508816e-06,0.013841311
3614,0,1,0.26327522121638053,0.33514765,0.069032505,0.26288092
3615,1,1,0.9024486719376023,0.9999931,0.99996805,0.89426416
3616,0,1,0.021445138053659198,9.344911e-06,2.8157526e-06,0.021777377
3617,1,0,0.778100834285474,0.9999716,0.9999999,0.77846354
3618,0,0,0.007724286998598551,2.0204833e-07,1.1511129e-05,0.008491387
3619,0,1,0.19096587959127795,0.52190906,0.18196619,0.20652024
3620,0,1,0.20212683571550474,0.5474861,0.08312198,0.19973741
3621,1,1,0.8162151532782208,0.9999995,0.99999547,0.8145279
3622,1,1,0.4213659841260451,0.99231803,0.9436382,0.41861233
3623,0,0,0.030838423528121373,0.00027099103,0.0053877938,0.03168264
3624,0,0,0.018773031222163943,0.0030684685,0.05198014,0.028870786
3625,0,0,0.03790276361719123,0.00016406902,0.0048145186,0.04056919
3626,0,0,0.004121156722126268,3.409955e-09,9.1658116e-08,0.0045237285
3627,0,0,0.16536838859949035,0.38621542,0.9169891,0.16704106
3628,0,1,0.19854711498680683,0.33425897,0.120410055,0.19904776
3629,0,1,0.011621518217946129,1.7820382e-06,4.6844448e-07,0.013302171
3630,0,1,0.0016608075471936956,1.1740492e-09,8.5707e-12,0.0023658786
3631,0,1,0.6535924051458389,0.99959207,0.9984425,0.65188545
3632,0,1,0.1547459881622555,0.12223701,0.014368545,0.15495539
3633,0,0,0.018143574050130628,1.3320152e-05,0.00025371526,0.019071085
3634,0,1,0.012736962661333185,4.5662125e-07,1.3772798e-07,0.012945705
3635,0,0,0.006381945704512809,6.146409e-08,2.6862082e-07,0.0076273545
3636,1,0,0.8999499331745309,0.99973685,0.9999819,0.89292073
3637,1,1,0.5530247739478303,0.9998002,0.99893814,0.5727691
3638,0,1,0.010357453672696798,1.2640125e-07,5.0874824e-08,0.010708518
3639,0,1,0.06965782817152572,0.0041017304,0.0022881203,0.0681151
3640,1,1,0.09362574918004558,0.011685402,0.0002915629,0.10276739
3641,0,1,0.05621354022766707,0.0006311331,0.00027286235,0.05836127
3642,0,0,0.032827190620093635,1.79458e-06,2.7797732e-06,0.03582978
3643,1,1,0.47202598785563804,0.9946095,0.9695271,0.46895218
3644,0,1,0.121373488040163,0.09912733,0.02847957,0.120762825
3645,0,0,0.005993081097473308,5.377297e-07,2.2954e-05,0.009236533
3646,0,0,0.036210210529675615,6.342916e-05,0.001755622,0.03854069
3647,0,1,0.5973090223030839,0.999871,0.99917644,0.59217876
3648,1,1,0.9238502239338474,0.9999974,0.9999881,0.9152507
3649,0,1,0.5229765017945034,0.99471444,0.974263,0.52741516
3650,0,1,0.004390525727259591,5.991935e-07,1.748808e-07,0.0061710095
3651,1,1,0.8387029774160062,0.9997454,0.99724895,0.8264554
3652,1,1,0.894755644758934,0.99998105,0.9999567,0.8903932
3653,0,0,0.011202255291088165,2.3863802e-07,1.620262e-06,0.01233714
3654,0,0,0.11373591287259621,0.031795498,0.15582576,0.12150214
3655,0,1,0.674008840227771,0.9999778,0.99997437,0.6546226
3656,1,1,0.35281437355798906,0.99136275,0.982505,0.34346005
3657,0,1,0.0016886333789738962,3.2565878e-10,1.7822034e-11,0.0025181738
3658,0,0,0.03232306885791148,0.0010276723,0.0083797285,0.03771878
3659,0,1,0.07020981483795535,0.0025057397,0.00017832655,0.06698215
3660,0,0,0.016665027309854388,2.4002208e-07,5.973278e-06,0.01913968
3661,0,0,0.003153215082039805,5.4387222e-08,1.5745344e-06,0.0048002326
3662,1,1,0.7313841219697016,0.9999995,0.9999982,0.7336799
3663,0,1,0.07640910835927728,0.013325436,0.003322431,0.07762196
3664,1,1,0.7678419026329445,0.9999895,0.9999435,0.7705361
3665,0,0,0.004872019523473557,6.009172e-08,1.6269357e-06,0.006166838
3666,0,1,0.0039366161079956875,3.2809e-07,7.0786314e-08,0.006204317
3667,0,1,0.019319685178906365,4.1262065e-05,1.577678e-05,0.02013826
3668,0,1,0.005160141191764763,6.8077775e-08,2.903979e-08,0.0070114634
3669,0,1,0.011401440722387796,5.460008e-07,3.8099483e-08,0.012363774
3670,1,1,0.14098072961476832,0.12060275,0.043068517,0.14156397
3671,0,1,0.1763748918083383,0.62801546,0.19313735,0.18466015
3672,0,1,0.0009165452740351815,1.1698301e-11,5.079889e-12,0.0013299291
3673,1,1,0.9333569426053779,1.0,0.9999999,0.9326294
3674,1,1,0.6911356777480855,0.9999876,0.9999418,0.6923975
3675,0,0,0.032645619434152055,9.495989e-05,0.00047961925,0.032803882
3676,0,0,0.0007846030550604258,8.9367574e-10,5.751155e-08,0.0017223483
3677,0,1,0.12710608383827265,0.034402966,0.00863367,0.12725239
3678,0,0,0.013927010517707368,6.6414174e-07,2.0330508e-05,0.014844049
3679,0,1,0.004057085134770756,3.8993917e-07,8.686711e-08,0.0063881003
3680,1,1,0.6349127386891854,0.99866664,0.98841745,0.6266623
3681,1,1,0.8559367801226797,0.99998045,0.99967414,0.8523092
3682,0,1,0.2581821343893183,0.6396113,0.40850994,0.2540158
3683,0,1,0.20894381365594591,0.7177491,0.17575206,0.2147864
3684,0,1,0.03936925231788657,0.0064398935,0.0016218516,0.052799523
3685,0,1,0.5123013956012982,0.9985456,0.991855,0.51374865
3686,0,1,0.1400430288944534,0.093275025,0.021237457,0.13595696
3687,0,1,0.5354022385473468,0.9996135,0.99763465,0.5211962
3688,0,0,0.060330157543008106,0.0035517225,0.07332413,0.0647083
3689,1,0,0.5878867803428445,0.999298,0.9999685,0.6039512
3690,0,1,0.4606876811777278,0.9848465,0.88817054,0.4502882
3691,1,1,0.6736247962389026,0.9999957,0.9999726,0.67392594
3692,0,1,0.20871197750162016,0.7806418,0.38223177,0.20902093
3693,1,1,0.9386023734797323,1.0,0.9999999,0.9381994
3694,0,1,0.001077360652159248,5.3607094e-11,8.0472365e-12,0.0015671247
3695,0,1,0.07700970782014067,0.00045314702,6.995991e-05,0.08088949
3696,1,1,0.8491117020501566,0.9999999,0.99999964,0.84620947
3697,0,0,0.0020028775151869926,3.6597367e-09,4.0045524e-08,0.0030674827
3698,0,1,0.004968883622292244,1.3391582e-06,4.6789623e-07,0.0071294205
3699,1,0,0.9985759397260293,1.0,1.0,0.99828357
3700,0,1,0.20330993751651658,0.75187737,0.66948366,0.19403662
3701,0,0,0.003815874142494714,3.4381054e-11,6.4527006e-10,0.0032272204
3702,1,1,0.8337810665699805,0.9999999,0.9999994,0.83182317
3703,0,0,0.12903537243515478,0.042307712,0.5553396,0.13318582
3704,0,1,0.2729520582344241,0.92787606,0.7687266,0.27344683
3705,0,1,0.008659912948270662,1.465731e-06,4.0692993e-07,0.011456872
3706,0,1,0.0018015900512814399,3.0133197e-08,1.3760715e-08,0.0037106217
3707,0,0,0.021018577988329925,1.2318058e-05,0.00014735377,0.022750234
3708,0,1,0.02988067982491705,0.0021439223,0.00074048014,0.03943022
3709,0,0,0.0054484662606294285,2.2753401e-09,4.9907567e-07,0.007206518
3710,0,1,0.3386706551332077,0.9701331,0.8804627,0.33566466
3711,0,1,0.08881282530205435,0.0012559289,0.0009485346,0.102900036
3712,0,1,0.007029231345335775,1.0264043e-06,1.778892e-07,0.009310817
3713,0,1,0.12118087591865351,0.049895305,0.0011836326,0.13143232
3714,1,1,0.8567722690818261,0.99999976,0.9999994,0.8529488
3715,0,0,0.04422953385853935,0.0001020808,0.003323846,0.04513289
3716,0,0,0.07791387872039078,0.020974085,0.31847164,0.08369893
3717,0,0,0.0013552186866837652,3.017377e-10,2.8714973e-09,0.0020843123
3718,0,0,0.003089779635331413,1.9791669e-08,4.3042266e-07,0.004608041
3719,0,1,0.11189827686952565,0.014262165,0.0019440361,0.11459088
3720,0,1,0.15385090693718237,0.19468458,0.12575087,0.14586899
3721,0,1,0.4051036997846528,0.9856259,0.9313284,0.39968097
3722,0,0,0.00322411427688008,6.910165e-10,7.0367223e-09,0.0036803724
3723,0,1,0.6372930848262466,0.99995744,0.9998357,0.6308247
3724,0,1,0.055300844298884363,0.0006468827,5.3858585e-05,0.055360463
3725,0,1,0.12504168896368748,0.10637032,0.013549995,0.123100534
3726,0,0,0.06200654169407997,0.009378691,0.18183738,0.069385506
3727,0,1,0.5766372006249849,0.9997759,0.99852586,0.5950592
3728,0,1,0.4804322778537485,0.9986437,0.99239576,0.47836277
3729,0,0,0.006213264165517141,3.1556258e-08,5.9942903e-07,0.006681809
3730,0,1,0.011588681993628508,1.0711133e-06,6.7193334e-08,0.012983426
3731,0,0,0.0038164095728366594,7.672152e-07,1.1277425e-05,0.006471345
3732,0,1,0.01092885896967561,1.8334919e-07,4.956425e-08,0.011181415
3733,0,1,0.291760623832521,0.8854639,0.60885847,0.30034125
3734,0,1,0.08058689011041986,0.008948921,0.0017223072,0.08446664
3735,0,0,0.09459685956145475,0.037858803,0.46615613,0.10096165
3736,0,0,0.009842202018674103,2.3084593e-07,7.716099e-06,0.010755451
3737,1,1,0.231438201430817,0.7486697,0.44939056,0.2317429
3738,0,1,0.670278343560795,0.99990237,0.99960077,0.6766843
3739,1,0,0.48701298546992805,0.99688596,0.9999882,0.48351544
3740,0,0,0.026880453053867687,0.00024084603,0.002843249,0.028234614
3741,0,0,0.3047540391282332,0.9805649,0.99942046,0.31987682
3742,0,1,0.14697420676037315,0.17122449,0.009705516,0.15897071
3743,0,0,0.34097014756549177,0.97016,0.99886984,0.35394976
3744,0,1,0.009086368341902847,2.0447368e-07,1.4072887e-08,0.009642992
3745,0,0,0.19392643386291827,0.5454577,0.974794,0.20369828
3746,0,1,0.33111766552299116,0.5952448,0.022017874,0.33850056
3747,0,0,0.02138370053464255,1.691151e-05,0.00010909793,0.021732023
3748,1,0,0.8613372108696601,0.9999019,0.99999976,0.8868189
3749,0,0,0.0009601583596362288,3.1141135e-11,8.8179797e-10,0.0014690385
3750,1,1,0.13832893544116992,0.29926068,0.09914373,0.15474649
3751,1,0,0.06481986419870346,0.004029995,0.10498956,0.067083515
3752,1,1,0.8469949623527581,0.9999999,0.9999994,0.8447665
3753,0,1,0.03450896126375712,2.6347589e-05,9.442259e-06,0.035887957
3754,0,1,0.17129661053728298,0.13401887,0.017814014,0.174164
3755,0,1,0.40519698624155415,0.9929806,0.9364723,0.4274285
3756,0,0,0.00033965399591522256,5.5158905e-13,5.031585e-13,0.0005363784
3757,1,1,0.18239309538788046,0.41477597,0.002779612,0.18299663
3758,1,1,0.6653147627805864,0.9994923,0.9964046,0.67204684
3759,0,0,0.0458429406322944,0.0009634446,0.008196402,0.045590892
3760,0,1,0.010036309678520816,5.861299e-07,1.1261246e-07,0.010225156
3761,0,1,0.09204434944285199,0.01054499,0.0013066144,0.10402676
3762,0,0,0.0018492374219425298,3.600145e-10,1.7479719e-08,0.0021515817
3763,0,1,0.1594449058796023,0.15257318,0.028528638,0.15983744
3764,1,1,0.5554361222121019,0.9995534,0.997301,0.5583168
3765,0,0,0.018026083521542204,0.00019234484,0.0086448975,0.026957965
3766,0,0,0.5841982362612743,0.9998472,0.9999988,0.5895943
3767,0,1,0.38280894021929746,0.9907051,0.972947,0.38677934
3768,0,1,0.042068491076404695,0.000103852624,1.6775168e-05,0.04060494
3769,0,1,0.007810299439134703,1.9916808e-06,9.950533e-08,0.011353373
3770,0,1,0.43257199128338664,0.9987172,0.9966173,0.43073937
3771,0,1,0.01619028320150075,0.0011952549,0.0005629148,0.028321797
3772,0,1,0.002804772422686527,7.713274e-10,4.0823976e-12,0.0031968625
3773,0,1,0.5545191333336092,0.9995815,0.99794,0.5620475
3774,0,0,0.013832806129323057,0.0001520384,0.0018910384,0.019427393
3775,0,0,0.06946954638634475,0.004434632,0.048934925,0.07486502
3776,1,0,0.14670345131848486,0.16364306,0.85730493,0.16116612
3777,0,1,0.0186414850377673,0.00027455387,0.000107278545,0.03219144
3778,1,1,0.1819274740560153,0.7679281,0.33568913,0.20311156
3779,1,1,0.850163636158149,0.99999964,0.9999976,0.8508266
3780,0,0,0.2718232689517226,0.96012104,0.99838424,0.28549695
3781,0,0,0.13406826254028964,0.06132869,0.31514603,0.13737941
3782,1,1,0.12415392593246347,0.13422912,0.08466615,0.11973728
3783,0,1,0.06464858871069427,0.037261,0.015439651,0.08367539
3784,0,1,0.0038049539715324524,5.2068863e-08,7.983893e-09,0.005393362
3785,0,1,0.04179629215908618,0.00076066155,0.0003630757,0.04846549
3786,1,1,0.17356548863025936,0.23904918,0.05424277,0.17596158
3787,0,1,0.09120740955633302,0.0012167275,0.00021128113,0.08596423
3788,1,1,0.9233822027580676,1.0,1.0,0.92408895
3789,1,1,0.19828874380159947,0.47226015,0.18292606,0.1914239
3790,0,1,0.006582325972105728,2.5509697e-08,1.4674043e-08,0.007784284
3791,0,1,0.2449523006972177,0.8419692,0.3592227,0.24858077
3792,0,0,0.0008370745403101656,1.5914658e-10,3.0243157e-09,0.0014704157
3793,0,0,0.01150438417948023,1.7625202e-06,3.019245e-05,0.011857551
3794,1,1,0.23531599877077813,0.6216048,0.20151716,0.23662046
3795,0,1,0.880112264894253,0.99999416,0.999943,0.87411755
3796,0,1,0.03761490629973025,0.0004830723,2.8665834e-05,0.04068895
3797,1,1,0.7732383257716503,0.99999833,0.99998903,0.7706351
3798,1,1,0.9193515402914417,1.0,0.9999999,0.9184191
3799,0,0,0.0036010326363327383,1.2215041e-07,1.6995371e-05,0.008483863
3800,0,1,0.3126911923342489,0.84596837,0.44067833,0.3169703
3801,0,1,0.0014791667995342702,2.0178502e-10,6.266253e-11,0.0020874569
3802,0,1,0.32521259870426034,0.9562776,0.80191225,0.33727044
3803,0,1,0.0389886250959958,0.00024009398,0.00023679029,0.039051745
3804,0,1,0.006044724271950227,8.86639e-06,5.3296453e-06,0.010933532
3805,0,0,0.02088636382803441,2.1327392e-05,0.00067050004,0.022473508
3806,0,0,0.0007412068382946664,8.49729e-12,1.3377863e-10,0.0011595809
3807,0,0,0.04176969763304317,0.00018801457,0.0017728674,0.04458614
3808,1,1,0.03950339871938809,0.0008942517,0.00018046712,0.044257566
3809,0,1,0.0049292611470457106,3.6536117e-06,1.1595243e-06,0.0088549685
3810,1,1,0.4698516098267109,0.9996586,0.99695754,0.46253446
3811,0,1,0.8243303905293253,0.99995506,0.9998243,0.8116364
3812,1,0,0.16650702574130719,0.2939415,0.9165029,0.1759641
3813,0,0,7.675105602032943e-05,1.7627712e-11,1.9128867e-14,0.00033236714
3814,0,1,0.5170420335562247,0.9997311,0.9982779,0.5164467
3815,0,0,0.0029810586309819876,2.8316092e-09,1.1574213e-07,0.0045858356
3816,0,0,0.021574078992534516,0.00071264664,0.019680139,0.03190426
3817,0,1,0.10642693790428871,0.039286602,0.011793693,0.10153601
3818,0,0,0.00025148768879246843,1.2318102e-11,1.9089907e-10,0.00055430585
3819,1,1,0.8453899317104282,0.9999795,0.9998244,0.8351614
3820,0,1,0.26315588876177515,0.8979985,0.47490096,0.25799364
3821,1,1,0.6474087392283742,0.9998908,0.9997093,0.64712447
3822,0,1,0.020160918828778115,4.179515e-06,9.8988544e-08,0.021832366
3823,0,1,0.002364037527219386,8.002004e-09,6.35111e-10,0.0035955356
3824,0,1,0.08963583056923033,0.003968153,0.0003555166,0.09313428
3825,0,1,0.0038695168778723438,2.9988314e-07,6.2492056e-08,0.0060980334
3826,0,1,0.014146125725902148,6.2534025e-07,1.8433994e-07,0.014448056
3827,0,1,0.004961228564367573,3.3612744e-07,1.943509e-08,0.0073720617
3828,0,1,0.004621406479046738,2.9277265e-08,7.838495e-09,0.0065589086
3829,0,1,0.1512308825914189,0.2667689,0.116798975,0.14941463
3830,0,0,0.015630106520010713,2.8687793e-05,0.00012758643,0.017519567
3831,0,1,0.008148690621538215,1.8073964e-06,5.465353e-07,0.011230176
3832,0,1,0.001660690321584289,1.1127449e-09,2.769297e-10,0.0026124204
3833,0,0,0.15753814582831216,0.57681537,0.98432046,0.16308825
3834,0,1,0.05615324595425725,0.00065831334,1.2266268e-05,0.058083236
3835,0,0,0.019419625429018716,2.2552194e-05,0.00035934776,0.020178242
3836,0,0,0.25641401323277446,0.8364897,0.99818236,0.25657937
3837,0,1,0.24044894549043894,0.7660463,0.57683975,0.24306968
3838,0,1,0.13539655944478687,0.09898098,0.0027638841,0.1460731
3839,0,0,0.02001445295157012,1.0826835e-06,2.396148e-05,0.022763807
3840,0,0,0.026875449893479363,5.992329e-05,0.0005676692,0.027268028
3841,0,0,0.021831966256739357,2.7917813e-06,3.7991533e-05,0.02390137
3842,0,0,0.0023399919822779396,8.134268e-09,1.00886076e-07,0.0034268214
3843,0,1,0.04307176432217367,0.0015156723,0.00017948895,0.045283016
3844,1,1,0.16968286406686015,0.37145662,0.13260059,0.17231123
3845,0,1,0.5759429445464742,0.99788576,0.98909426,0.5782207
3846,0,0,0.004931041786413688,3.723493e-09,2.56373e-08,0.0055118324
3847,0,1,0.08367867980703998,0.0068280664,0.0038944597,0.080457516
3848,0,1,0.29037885027702726,0.58847916,0.035883263,0.30526155
3849,1,1,0.23706633955941384,0.0813783,0.004963684,0.12328143
3850,0,1,0.5210114622522184,0.99895775,0.9935684,0.52668995
3851,0,1,0.0008074204465153764,2.940186e-10,7.0384167e-12,0.0015243813
3852,1,1,0.4088466324242312,0.99420786,0.9824867,0.40595123
3853,0,1,0.002809696668108378,5.13819e-09,1.7681133e-09,0.0038972176
3854,0,1,0.004089124764382013,1.5202863e-09,8.230211e-10,0.0041479077
3855,0,0,0.009119814425482277,4.044615e-07,1.7802575e-05,0.0096767945
3856,0,1,0.28348706263540435,0.9560675,0.82227564,0.26406097
3857,0,0,0.1169185094308927,0.30999112,0.7712747,0.11879245
3858,0,0,0.33171185913181334,0.97314036,0.9999429,0.33182633
3859,0,1,0.08260793634868845,0.027473258,0.011845779,0.08082143
3860,1,1,0.2314292640471246,0.98016775,0.90143675,0.24343929
3861,1,1,0.30927827802948493,0.90455776,0.68332916,0.30931115
3862,0,0,0.15336798703412918,0.24866647,0.89034337,0.16607213
3863,1,1,0.6653435546656109,0.99999607,0.99999034,0.66750103
3864,0,1,0.00758873139761091,2.1873911e-06,4.850715e-07,0.010096399
3865,0,1,0.2873017329748137,0.8443186,0.40340182,0.28586373
3866,0,0,0.19454994112609858,0.5183034,0.97576857,0.2090383
3867,0,1,0.31648335644363484,0.92054945,0.6686722,0.3223204
3868,1,1,0.5237710709910631,0.99934214,0.9961935,0.5193588
3869,1,0,0.49175382911139837,0.99832743,0.9999912,0.49907985
3870,0,0,0.07097582977706461,0.007191476,0.18105069,0.073109135
3871,0,1,0.0038493165362282196,6.893453e-08,3.667283e-09,0.005740574
3872,0,1,0.14246608638572286,0.016048623,0.0058091846,0.14738855
3873,1,1,0.6945978426503169,0.99996984,0.999931,0.69434273
3874,0,1,0.32001498753782176,0.9820676,0.85940826,0.32160425
3875,1,0,0.6932138723718851,0.99999905,1.0,0.6968252
3876,0,0,0.0022427526879289722,2.2897908e-08,5.050058e-08,0.0037727943
3877,0,0,0.01620339493382407,4.11031e-06,6.744943e-05,0.017616896
3878,0,1,0.04475126472769791,0.008433181,0.0016697445,0.059717078
3879,0,0,0.008664344154137364,1.4194927e-08,6.746519e-07,0.010807881
3880,0,0,0.04034661736075246,6.281248e-05,0.0013911705,0.04782162
3881,0,1,0.10981914877311937,1.0,1.0,0.10926859
3882,1,0,0.5204928641426657,0.9999658,0.9999999,0.55023277
3883,0,1,0.2791153962254656,0.94962364,0.7536527,0.28263837
3884,0,0,0.00765764879441051,3.3729546e-06,5.3147094e-05,0.0116279125
3885,1,1,0.8126497853552734,0.9999932,0.99995637,0.80920076
3886,0,1,0.6772593646841333,0.9999491,0.9996443,0.67484635
3887,0,1,0.023924630311418775,1.5914173e-05,8.667025e-06,0.02397743
3888,0,1,0.4657335805760836,0.9985343,0.9907891,0.45568538
3889,0,1,0.2618605981673847,0.86854076,0.79091835,0.2621924
3890,0,1,0.0743524292882152,0.0021918903,0.0012035948,0.071365714
3891,0,1,0.040273451212217315,0.00025172046,1.9439396e-05,0.03945722
3892,1,1,0.5694260229648734,0.99983525,0.9991185,0.5690907
3893,0,1,0.35294230783060476,0.95333976,0.859919,0.3646013
3894,0,1,0.001026936975284293,2.5180422e-10,6.99459e-11,0.0016667831
3895,0,0,0.0025132907741332792,5.1586837e-09,1.1421515e-07,0.0037543112
3896,1,1,0.7840878858307975,0.9987783,0.9919748,0.77247167
3897,1,0,0.15219168198023852,0.22920462,0.90000266,0.1629272
3898,0,1,0.01110300715455686,4.4702566e-07,3.317397e-08,0.012091064
3899,0,0,0.0006195958282797423,4.5730825e-11,1.200837e-09,0.0012739302
3900,0,0,0.007971329652670752,2.1541139e-08,1.5629234e-07,0.0089560505
3901,0,1,0.12229763817577467,0.059693146,0.003159425,0.133552
3902,1,1,0.4795655838688775,0.99817026,0.986948,0.48626718
3903,1,0,0.3082420374920132,0.90930223,0.9991949,0.30162677
3904,0,1,0.0027543135634881324,3.9892598e-08,1.204524e-08,0.0043710205
3905,0,1,0.01886625007860695,5.5351343e-06,1.8750267e-06,0.017729754
3906,0,1,0.0006027261716232502,8.100565e-12,2.2267147e-12,0.0009785047
3907,1,1,0.999999999999998,1.0,1.0,1.0
3908,0,0,0.2609959082991421,0.7694414,0.9988685,0.2648214
3909,0,1,0.016108993326879827,4.7133268e-05,6.2819595e-06,0.021825055
3910,0,1,0.24597278270487818,0.673738,0.6348548,0.24033251
3911,0,0,0.003722577856322905,3.02625e-06,5.4882836e-05,0.007120987
3912,0,1,0.20712092774907423,0.8791286,0.38080728,0.21809454
3913,0,0,0.0028675505666473605,8.307142e-10,2.3902686e-09,0.003420618
3914,0,0,0.02157541699340102,1.1057404e-05,0.00027435133,0.027799694
3915,0,0,0.05381091349425293,0.0022746657,0.022695696,0.05797355
3916,1,1,0.982672890155892,1.0,1.0,0.9826237
3917,0,1,0.050079837719805884,0.0025800536,0.00039533884,0.048539583
3918,0,1,0.45798578238426185,0.99616927,0.9839675,0.44705692
3919,1,1,0.23994425542218445,0.86311424,0.6664342,0.25440544
3920,0,1,0.0789233863981572,0.0044755638,0.001607231,0.075147234
3921,1,1,0.20496662919356243,0.3953299,0.06960116,0.20821926
3922,1,1,0.18842820359761442,0.25132364,0.03555165,0.19058576
3923,1,1,0.6233268878306617,0.99991345,0.9987288,0.62391746
3924,0,1,0.10935452742221095,0.038421687,0.00085961825,0.12043886
3925,0,1,0.15850759329492858,0.09960561,0.022255072,0.1557048
3926,0,0,0.02427568503029697,2.124621e-05,0.00048355095,0.026070092
3927,0,0,0.16612290610125607,0.37416825,0.89813954,0.17343985
3928,0,1,0.016312842248775997,5.4141474e-06,2.9333137e-07,0.018251937
3929,0,1,0.6123283720255881,0.99983263,0.9991823,0.60743314
3930,0,0,0.011739963408672994,1.0353297e-05,0.00022637716,0.012814758
3931,0,0,0.0045130775282851195,5.5677587e-09,1.746999e-07,0.0049515767
3932,0,1,0.01824973512039406,1.4566966e-05,7.803853e-06,0.020447992
3933,0,1,0.0019896450253609373,8.546956e-10,2.4493654e-10,0.0027404816
3934,0,1,0.3445013155100274,0.04042141,0.008728861,0.17849691
3935,0,1,0.01790654008287359,2.6933627e-05,5.930316e-06,0.023739867
3936,0,0,0.0036016113429923114,1.5046034e-07,1.5032539e-06,0.005250636
3937,1,1,0.9987781204918107,1.0,1.0,0.99852824
3938,0,1,0.19127656080457503,0.6862422,0.29936233,0.18799634
3939,0,1,0.12537447409082464,0.012823315,0.0018476063,0.1279391
3940,0,1,0.014137461322035857,8.256145e-08,1.2383414e-09,0.0140666105
3941,0,1,0.0034553218907181923,2.8291756e-08,4.754757e-10,0.004797345
3942,1,1,0.8387328878278415,0.99999905,0.9999939,0.84512997
3943,0,1,0.0022617590392340664,6.473803e-11,3.4576637e-11,0.0023823834
3944,0,0,0.009726794025655707,2.0339313e-07,1.4548585e-05,0.010123228
3945,0,1,0.0063208926039985,7.472559e-07,2.4382e-07,0.008589236
3946,0,0,0.0022932417339693407,1.1369412e-08,1.9347331e-07,0.003490176
3947,0,0,0.016532664967408545,3.8702015e-06,5.821316e-05,0.017953191
3948,0,1,0.0011422690432353908,2.7652314e-11,5.622646e-12,0.0016340775
3949,0,0,0.01819918583613235,1.4597726e-05,0.0002421714,0.01902599
3950,0,1,0.00875191053365772,0.00058594975,1.8611998e-05,0.017386764
3951,0,0,0.006156606519928864,3.775851e-09,7.8056175e-08,0.0066817207
3952,0,1,0.12722490631999542,0.027176928,0.002708195,0.13044134
3953,0,1,0.07654865862382705,0.0030110748,0.0007764602,0.07936373
3954,1,0,0.7630527204104798,0.9999988,1.0,0.7664806
3955,0,1,0.1314164233867647,0.033058256,0.005074188,0.13158242
3956,0,1,0.6139951974532478,0.997879,0.9809919,0.6061791
3957,0,0,0.03277897843810479,0.0001745385,0.004732983,0.036151364
3958,1,0,0.5934233914140652,0.9998425,0.99999917,0.59076566
3959,0,0,0.06613445114106084,5.6155393e-05,0.0048907264,0.08476536
3960,1,1,0.6636329333186508,0.9999405,0.99942917,0.6645551
3961,0,1,0.2584087257516396,0.8960746,0.66788954,0.26002097
3962,1,0,0.6696596183252995,0.9999453,0.99999976,0.6704763
3963,0,0,8.983444332809612e-05,7.9222184e-12,6.892272e-15,0.00038877426
3964,0,0,0.24956169312497523,0.8271234,0.99903995,0.25350562
3965,1,1,0.15162849867655326,0.26394358,0.036368493,0.1557888
3966,0,0,0.0022023322889580628,3.8215534e-10,2.502689e-08,0.0024221602
3967,0,0,0.8067985806742132,0.9999999,1.0,0.81219167
3968,0,1,0.6375184172286464,0.9998548,0.9996246,0.63818383
3969,1,1,0.35704513918855435,0.9248946,0.93647367,0.36534783
3970,0,0,0.0011553778036027256,1.0788277e-10,1.0190983e-09,0.001776001
3971,0,1,0.43576074802932846,0.9975157,0.9911648,0.43190128
3972,0,1,0.09277474469553064,0.12064634,0.06221045,0.09332669
3973,1,1,0.7180164311858079,0.99998164,0.9998971,0.7252223
3974,0,1,0.1308628260693084,0.10264711,0.060391385,0.12516072
3975,1,1,0.9936014013415582,1.0,1.0,0.9924427
3976,1,1,0.26663438031540804,0.7739815,0.3217211,0.26758647
3977,0,1,0.051409198987268374,0.00061846524,6.006529e-05,0.0512538
3978,0,1,0.029976312140484376,1.3681695e-05,6.229258e-06,0.030208306
3979,0,0,0.0023359236810807,1.5988121e-08,1.3009107e-07,0.004007799
3980,0,1,0.07812428773884252,0.0014233699,0.00020083712,0.08198564
3981,0,1,0.6869556690787828,0.99996924,0.9998194,0.6838878
3982,0,1,0.01582004570571724,4.037059e-05,8.127553e-06,0.021617562
3983,0,0,0.012504238461734863,1.9354029e-05,0.0003976441,0.018417494
3984,1,1,0.26038234262952664,0.7630058,0.2663728,0.26246053
3985,0,1,0.3886942823018979,0.9892482,0.91462904,0.3876111
3986,0,1,0.26066319751097167,0.8141575,0.3730358,0.2637715
3987,0,0,0.0036164682643505886,1.2994315e-07,1.5119293e-06,0.00569009
3988,0,1,0.11109383616826152,0.034833234,0.005357347,0.10920062
3989,0,1,0.17833368634083124,0.00767651,0.0006070417,0.17163229
3990,0,1,0.0007919148468428155,3.8842518e-10,1.2019202e-10,0.0015462501
3991,1,0,0.9789071604420806,1.0,1.0,0.97704554
3992,1,1,0.5144873071908482,0.9988446,0.99280506,0.50831145
3993,0,0,0.0061892664446768315,9.931492e-09,8.034842e-07,0.0069527808
3994,0,0,0.10894370027777019,0.024818435,0.6058098,0.11511774
3995,0,1,0.7994133936455895,0.999969,0.9998368,0.7904175
3996,0,1,0.5532422253005208,0.9917054,0.96973383,0.5442933
3997,1,1,0.7470512863243541,0.9999696,0.999925,0.73919594
3998,0,0,0.16968729907548719,0.01314762,0.10387714,0.17596006
3999,0,1,0.08880317736525468,0.01675363,0.001451218,0.09113979
4000,0,1,0.0012114694496394222,4.548901e-10,1.3856359e-10,0.001953747
4001,1,1,0.6545508381383659,0.9999734,0.9999001,0.6482988
4002,0,0,0.005405856539059818,1.422046e-07,5.7105867e-06,0.0065671415
4003,0,0,0.033157817406085144,0.00027909488,0.006027517,0.034053445
4004,0,1,0.1013634557895611,0.032791458,0.010373834,0.10604642
4005,0,0,0.007306518357920572,5.981852e-07,2.3108976e-05,0.012927966
4006,0,1,0.02662347075350329,4.3512515e-05,9.961858e-06,0.025835058
4007,0,0,0.005398484434938126,1.7551045e-08,1.9394197e-07,0.0060892794
4008,0,1,0.1276077597882864,0.062412154,0.009293363,0.12449199
4009,1,1,0.7588516348293053,0.9999956,0.9999753,0.7552339
4010,1,1,0.9863695937157553,1.0,0.9999999,0.9836231
4011,0,1,0.5660687546058321,0.9994694,0.99691856,0.5667263
4012,1,1,0.43851694476786984,0.99906,0.99721754,0.44350314
4013,0,0,0.0009772677133610581,2.597656e-10,3.892434e-09,0.0016804273
4014,0,1,0.34434942346034453,0.98154694,0.8926434,0.33628738
4015,1,0,0.6377209195745546,0.99995625,0.99999976,0.645546
4016,0,1,0.00312734710010741,1.04488755e-07,2.5389703e-08,0.0049678776
4017,0,0,0.0026458672429365603,1.0441559e-08,2.5248767e-07,0.003990017
4018,0,0,0.003725548465291463,1.6653647e-07,2.058375e-06,0.0054624467
4019,1,1,0.21169609416239848,0.3098667,0.18632175,0.21374
4020,1,1,0.23850369469857724,0.2644899,0.002467902,0.24098904
4021,1,1,0.7428338709814766,0.9964252,0.97282785,0.7301304
4022,1,1,0.7300901609953663,0.99999297,0.9999496,0.72737354
4023,0,1,0.636177045917578,0.9999025,0.99923086,0.63775975
4024,0,1,0.04654277923372652,0.0004521984,0.00021599636,0.04558758
4025,0,0,0.002183621897559377,9.931203e-10,4.2455386e-09,0.003337232
4026,0,1,0.00797242330920685,8.443136e-08,1.9592267e-08,0.011187489
4027,0,1,0.04509369462843488,0.0021560714,9.202933e-05,0.047269035
4028,1,1,0.7679144449161611,0.9999989,0.9999926,0.7669526
4029,0,0,0.0030997942233044343,1.923932e-08,4.5927928e-07,0.0046384213
4030,0,0,0.02932993995564129,2.7908744e-05,0.001235082,0.03137593
4031,0,1,0.7752520098434238,0.99176216,0.9760326,0.7569599
4032,0,1,0.1102798079408693,0.009339468,0.0020953973,0.11472562
4033,1,1,0.6552269594148598,0.99980736,0.9995197,0.6538916
4034,1,1,0.7527985685944414,0.99647987,0.98606116,0.7314617
4035,0,1,0.1088006898436465,0.10857964,0.042018298,0.11590097
4036,0,1,0.007793012620314362,2.6474794e-07,9.4154245e-08,0.008728382
4037,0,0,0.01951591529478756,3.7856787e-06,9.7066055e-05,0.021612652
4038,0,1,0.126916728939289,0.108092695,0.038619287,0.139674
4039,0,1,0.02946524984886527,2.7345915e-05,1.0320049e-06,0.0337091
4040,0,0,0.11447320951446573,0.01746949,0.104132734,0.11528309
4041,0,0,0.00506495497516941,8.317358e-07,9.504606e-06,0.0073386882
4042,0,1,0.08067831476475824,0.0017775969,0.00066258624,0.07971958
4043,0,1,0.008761936297542712,1.09108804e-07,9.6015444e-09,0.009684383
4044,0,1,0.029768011931240124,0.00024162988,6.389753e-05,0.033105418
4045,0,0,0.006246896114698979,2.2858778e-06,3.295925e-05,0.009036927
4046,1,1,0.33364633658867193,0.9508711,0.6972451,0.33242995
4047,0,1,0.6084250282308874,0.99995995,0.9997094,0.60760045
4048,0,1,0.029465162887946553,1.05289e-05,3.675384e-06,0.028592398
4049,0,0,0.05008040692169465,0.00046395976,0.004251903,0.05424819
4050,0,1,0.4576122531703688,0.9955894,0.98346347,0.45103604
4051,0,1,0.008536502663922814,3.2940676e-08,1.0962863e-08,0.012095707
4052,0,1,0.24806778624892067,0.97296077,0.8725238,0.27285588
4053,1,1,0.9999999999993598,1.0,1.0,1.0
4054,0,1,0.0415545125027606,0.00010011259,1.4874214e-05,0.04001904
4055,0,1,0.2157440328710495,0.70574725,0.14644146,0.22048089
4056,0,0,0.007361032004287213,1.2368715e-08,1.5820164e-07,0.00814947
4057,0,1,0.04227970030366012,9.695052e-05,5.6438916e-05,0.045152392
4058,0,1,0.021197897831222886,8.351318e-06,3.545291e-06,0.021225879
4059,0,1,0.011766689813027647,4.9396167e-05,2.7789144e-06,0.017358918
4060,0,1,0.008916312383125645,5.828734e-08,1.2037936e-08,0.009159391
4061,0,1,0.5407072812412886,0.99974734,0.9983241,0.5391478
4062,0,1,0.026855033091051618,1.2791242e-05,1.5622737e-06,0.027625935
4063,0,1,0.09240452655278922,0.2394426,0.01687237,0.12941383
4064,0,0,0.020646694051554313,0.00058072264,0.009999843,0.030343803
4065,0,0,0.0165896920352282,0.00025914487,0.0076713217,0.024093002
4066,0,0,0.04248949163328249,0.0003448047,0.009838316,0.044880252
4067,0,1,0.011710752918986326,5.6803974e-06,2.2803258e-06,0.016233403
4068,0,0,0.04596119492288931,0.0039610136,0.034839254,0.054427113
4069,0,1,0.11627970676328735,0.052255627,0.004217472,0.118196845
4070,0,1,0.09239836843747891,0.019736791,0.010531208,0.08956384
4071,1,1,0.7771608832303638,0.9999925,0.9999771,0.77605784
4072,0,0,0.002535162562552929,1.6795705e-10,2.395449e-09,0.002870491
4073,0,0,0.0030217730749210626,5.554025e-07,1.24295475e-05,0.006711952
4074,0,1,0.21746725046014426,0.6274626,0.16027239,0.21458717
4075,0,1,0.215954073765686,0.47451225,0.43878183,0.20458579
4076,0,0,0.19242906914009786,0.19473313,0.98334384,0.19592775
4077,0,1,0.13831248068304736,0.7701482,0.27455235,0.17978919
4078,0,1,0.042119205678480535,7.575732e-05,7.927537e-07,0.04397689
4079,0,1,0.29881846574424403,0.6144028,0.22894172,0.294628
4080,0,0,0.0027072154854815723,8.939763e-09,2.545255e-07,0.0040832288
4081,0,1,0.028634407263645814,2.7228243e-05,1.4596629e-06,0.03283469
4082,0,0,0.19299400135960812,0.20254092,0.98332065,0.19615418
4083,0,1,0.10209143744452585,0.014771001,0.003933047,0.10499009
4084,0,1,0.006833062535503189,7.4938803e-06,3.107428e-06,0.010606616
4085,0,1,0.10160268356715821,0.06932793,0.017345496,0.09588846
4086,0,1,0.5871446840070346,0.9999567,0.99968165,0.5953682
4087,1,0,0.7606207666357008,0.99996865,0.99999976,0.7673333
4088,1,1,0.9634711560012512,1.0,0.99999964,0.9604071
4089,0,0,0.01465985082655914,4.0330366e-07,1.110156e-05,0.016242139
4090,0,1,0.3328959794784087,0.9457088,0.70113295,0.33125332
4091,1,1,0.7735296425749806,0.9999982,0.9999895,0.7698454
4092,1,0,0.5127309197901494,0.99814117,0.99998856,0.5192116
4093,0,0,0.000830327120486588,1.0116764e-10,6.1918226e-10,0.0012615859
4094,0,0,0.0051466192105236105,1.0731726e-08,1.6072438e-07,0.0058256406
4095,0,1,0.047940686184160426,0.0030553292,0.00014429686,0.050215695
4096,1,1,0.9714267064631569,1.0,1.0,0.97298014
4097,0,1,0.6982710087033082,0.9999931,0.9999181,0.7011314
4098,0,1,0.2964193790994216,0.9572745,0.7750612,0.29250005
4099,0,1,0.30326122948486417,0.80479974,0.32281256,0.3123163
4100,0,1,0.28477150825687425,0.9211806,0.5412424,0.28870645
4101,0,1,0.19230267978075222,0.3816955,0.2730963,0.18756804
4102,0,0,0.048383710825661695,0.00038925748,0.002870292,0.051284894
4103,0,0,0.002809703097268575,1.4290277e-08,3.9008944e-07,0.004238602
4104,0,1,0.013433130554353778,7.5146316e-05,1.3685062e-05,0.018993845
4105,1,1,0.9951021025719451,1.0,1.0,0.99425095
4106,0,1,0.013644908631638294,2.7702972e-05,3.0799454e-06,0.018770682
4107,1,0,0.8183167018788046,0.9998499,0.99999976,0.84810686
4108,0,1,0.08040330808086821,0.011456202,0.0015273091,0.07858114
4109,1,1,0.8661209823471582,0.99994564,0.99961317,0.85548896
4110,0,1,0.0020981196433434244,6.345008e-10,1.2060469e-10,0.0029585497
4111,1,0,0.6389514419265526,0.99988174,0.9999994,0.6393654
4112,1,1,0.32769217003634615,0.4420579,0.053919073,0.303205
4113,0,1,0.2711221176106122,0.8262444,0.4807893,0.27173066
4114,1,1,0.8379318865753552,0.99999976,0.99999905,0.835833
4115,0,1,0.28373914797628436,0.16959171,0.030882234,0.28414372
4116,1,1,0.5279326375009954,0.99956983,0.998703,0.52052927
4117,0,1,0.0021445372612759026,1.2759612e-08,7.3067935e-10,0.003792162
4118,0,0,0.022015732438097235,1.9679475e-05,0.00064454565,0.023676109
4119,0,1,0.1527944105429497,0.22608356,0.06057623,0.14895827
4120,0,1,0.00915796653722293,7.750259e-06,1.5537141e-06,0.012083013
4121,0,0,0.000544804583813656,1.892627e-12,1.8869687e-11,0.00085176
4122,1,1,0.3760978011632091,0.98354524,0.9369012,0.3742049
4123,0,0,0.0005330586206738085,1.0562509e-11,1.0141937e-10,0.00085481827
4124,0,1,0.31340636463005467,0.9684687,0.8337374,0.31214613
4125,0,1,0.14277557372044006,0.05088802,0.012717416,0.14212753
4126,0,0,0.0013197963252452951,3.581734e-10,3.8606114e-09,0.0020445376
4127,0,1,0.14942671754120093,0.06533372,0.025638664,0.14533761
4128,0,1,0.006393748262932619,1.252588e-08,3.5611094e-09,0.0066286484
4129,0,1,0.002956957097321786,4.9632273e-08,1.1260039e-08,0.0046580518
4130,0,1,0.004347998384910033,3.307017e-08,2.2994575e-09,0.006641031
4131,0,1,0.015545821273733502,5.2723874e-05,1.4712818e-05,0.021129176
4132,0,0,0.0725321553295412,0.105796255,0.3559056,0.07723901
4133,0,1,0.07853061702215759,0.025814801,0.0004901612,0.081966616
4134,0,1,0.0014114020472156795,1.4307881e-10,8.921608e-12,0.0021189798
4135,1,1,0.6937311527363114,0.99997354,0.9997712,0.6934094
4136,0,0,0.013902568026725008,4.7290487e-07,1.703407e-05,0.014626043
4137,1,1,0.3017573667950591,0.92026734,0.71289295,0.3010008
4138,0,1,0.08430810542950751,0.06523468,0.0084648365,0.08927337
4139,1,1,0.2913006649378988,0.9570411,0.93787605,0.28203574
4140,0,1,0.6588550294034561,0.99997413,0.9997576,0.66159755
4141,0,1,0.17914825499180206,0.31055266,0.034033503,0.17704898
4142,0,0,0.011463642212086641,5.0792616e-05,0.0005280109,0.016217085
4143,0,1,0.20921909325190666,0.85908645,0.40661162,0.21140164
4144,0,1,0.19095655649617305,0.26484048,0.04038878,0.1933282
4145,0,1,0.3319078041976342,0.86018276,0.3724854,0.31820542
4146,0,1,0.02393831448506907,5.880285e-05,5.6781937e-06,0.026433127
4147,0,0,0.0049146761945880356,3.3617023e-06,4.540259e-05,0.008885181
4148,0,0,0.00335643802015075,4.0108565e-09,3.059722e-08,0.0037104755
4149,0,0,0.0020358695837566915,3.2310863e-09,4.1428923e-08,0.0029803836
4150,1,1,0.27389902075802064,0.8643646,0.69146323,0.27618366
4151,0,1,0.7716913440945505,0.9999994,0.9999981,0.7676981
4152,1,0,0.9979815721817512,1.0,1.0,0.99763596
4153,1,0,0.6087651711169458,0.99985564,0.99999976,0.6171031
4154,0,1,0.02148951893919091,5.2104715e-06,1.6815266e-06,0.021369586
4155,0,0,0.05633588734603303,0.0005901151,0.014526238,0.061391737
4156,1,0,0.9223036491223408,0.9999968,1.0,0.91861665
4157,1,1,0.9174458435008161,1.0,1.0,0.91724586
4158,0,0,0.03559039713981271,0.0002674994,0.0023193285,0.03574704
4159,0,1,0.028177673770474063,0.0031485613,0.0015637337,0.037557624
4160,0,1,0.28412693361679164,0.80826974,0.6491659,0.28680718
4161,0,1,0.35138667748191127,0.97326106,0.8666185,0.34836066
4162,0,0,0.23468926602934512,0.86715174,0.9891595,0.24235067
4163,0,1,0.34883944607711004,0.9889733,0.9451973,0.3427107
4164,1,1,0.7806562856185251,0.99999833,0.99999285,0.7782591
4165,0,1,0.012946145380822761,3.8574927e-07,9.768445e-08,0.013228671
4166,0,0,0.005924641711110309,6.87119e-08,1.5206241e-07,0.0073066154
4167,0,1,0.01472089246636888,7.981246e-07,3.6856434e-07,0.014599074
4168,1,1,0.2974471457585778,0.9175943,0.56289417,0.30701742
4169,1,1,0.3279293069852118,0.96334493,0.83557534,0.32876596
4170,0,0,0.3023017432529026,0.9397912,0.99934393,0.30114424
4171,0,1,0.005549835176609524,2.1797186e-07,7.881089e-08,0.0076571596
4172,1,1,0.5765147974065301,0.9997081,0.99850106,0.5771816
4173,0,1,0.14071647660076692,0.10709829,0.011509549,0.13992164
4174,1,1,0.6348768264039388,0.96415603,0.77164125,0.6220849
4175,0,1,0.004534176202184426,8.418148e-08,1.8684345e-08,0.0063747214
4176,0,0,0.09427265424132142,0.022428703,0.25191292,0.1007176
4177,0,1,0.06990636032759932,0.034715254,0.016634468,0.09045601
4178,1,1,0.6930322043377819,0.99997854,0.9999112,0.6896236
4179,0,0,0.0035436171805338025,1.3337641e-09,2.4207162e-08,0.0038787723
4180,0,1,0.6348173664064645,0.9999486,0.99982643,0.625392
4181,0,1,0.0039293845291335965,4.0672896e-07,1.1405317e-07,0.0061740256
4182,0,1,0.4071038686191367,0.9956446,0.9804294,0.40694538
4183,0,1,0.039479666013428574,0.013452319,0.0049537667,0.052059423
4184,0,0,0.009026305387691683,1.4477569e-06,9.9037625e-06,0.010545826
4185,0,1,0.30086171819256874,0.97709763,0.9044092,0.3030274
4186,0,0,0.0054919995482711976,9.138594e-09,1.6421058e-07,0.006072564
4187,0,1,0.2365339460218747,0.6984528,0.5478531,0.23576677
4188,0,1,0.38633511338946713,0.9980736,0.99484736,0.38797235
4189,0,1,0.291770784488132,0.99271,0.48527032,0.2963517
4190,1,1,0.2876944043454057,0.9937214,0.97688806,0.280234
4191,1,1,0.9969313776438966,1.0,1.0,0.99634945
4192,0,1,0.18901021491949221,0.31914392,0.04143603,0.1879569
4193,0,1,0.03883601059302379,0.00028154455,9.0775815e-05,0.03725202
4194,0,1,0.5738264815292063,0.99987674,0.9988084,0.5778065
4195,0,1,0.5755353083506184,0.99476033,0.9583401,0.58106977
4196,0,1,0.03879249796668251,0.00014078236,1.3079274e-05,0.039505392
4197,1,1,0.5464132796802532,0.99916327,0.995877,0.5495348
4198,1,0,0.9968651140375593,1.0,1.0,0.9963509
4199,1,1,0.7324556635835736,0.99999714,0.9999715,0.73319894
4200,0,1,0.006663966922603233,5.5373132e-08,7.790323e-09,0.007591432
4201,0,0,0.0002585793677400807,1.0494408e-08,9.381365e-12,0.0011097923
4202,0,1,0.7943261298236978,0.99999344,0.9999784,0.7922398
4203,0,0,0.003974112949121276,4.0593534e-07,4.215643e-06,0.008424856
4204,0,0,0.12280066751197237,0.19058569,0.6738117,0.13072245
4205,0,0,0.03181751022376837,1.3043449e-05,0.00029682007,0.037753135
4206,0,1,0.22896835317441055,0.6223087,0.23889008,0.23129827
4207,0,0,0.10026061890973792,0.009715687,0.052409235,0.104009874
4208,0,1,0.012172714655321201,1.2618782e-05,4.711403e-06,0.017063543
4209,1,1,0.8105465523650485,0.9999994,0.99999654,0.80899
4210,1,1,0.6051215414407525,0.9390619,0.8918025,0.5878665
4211,0,1,0.0032199796918244267,3.5734402e-08,5.364517e-10,0.0045554307
4212,0,1,0.027814114570337896,2.5526317e-05,9.954356e-06,0.02766817
4213,1,1,0.9041366325630278,0.9999999,0.999998,0.9042819
4214,1,1,0.3577947746984762,0.98053795,0.9312057,0.35485202
4215,0,1,0.020708211539636357,1.8683062e-05,1.2138344e-06,0.023038724
4216,1,1,0.19755693040055186,0.90830195,0.62716573,0.21661289
4217,0,1,0.01754800206795967,5.833456e-06,2.321808e-07,0.019650292
4218,0,1,0.08318996810371951,0.0033042843,1.94567e-05,0.08500465
4219,0,1,0.05973339816949776,0.0021725781,0.00039271885,0.056588814
4220,0,0,0.3032214882560765,0.9458634,0.99889326,0.3103432
4221,0,0,0.008035338433767235,1.3695312e-07,5.000909e-06,0.008948173
4222,0,0,0.02311848616816399,7.3972556e-06,8.2520135e-05,0.024862599
4223,0,1,0.12287303912183269,0.13276209,0.038797896,0.1283349
4224,0,1,0.0038598247002019997,7.1770316e-08,8.351296e-09,0.0054438603
4225,1,1,0.7473014208858146,0.9999887,0.99996495,0.75111735
4226,0,1,0.5100082395343625,0.9892698,0.9105891,0.5141375
4227,0,0,0.04341556287378178,0.0073310947,0.07516939,0.06284881
4228,0,1,0.03133153385281601,4.0429226e-05,1.4186114e-05,0.031186938
4229,0,1,0.023397432374253846,8.844837e-06,3.1300053e-06,0.023472477
4230,0,1,0.31311555295068727,0.95031667,0.77059644,0.31483054
4231,0,1,0.3192708134377906,0.95212275,0.80686533,0.31855243
4232,0,1,0.07323150217447212,0.0018946959,0.00096328725,0.07210857
4233,0,1,0.033255984249966265,0.018380214,0.0054912325,0.046453893
4234,0,1,0.025252206272704997,2.0493359e-05,7.92147e-06,0.03399939
4235,0,0,0.000627798531799404,1.0388464e-11,1.12321e-10,0.0009940971
4236,0,1,0.0517724020951058,0.014186236,0.010476498,0.06945796
4237,0,1,0.022126493475258274,6.5676886e-06,2.071676e-06,0.022188427
4238,0,0,0.0697391259508739,0.0024245903,0.05359275,0.07650152
4239,0,0,0.0011989216243511929,1.04194264e-10,4.464315e-09,0.0018228032
4240,1,1,0.7507776577381303,0.9999325,0.99975544,0.73288286
4241,1,1,0.5053700933431445,0.9997445,0.9987649,0.5240538
4242,0,1,0.08960520486092957,0.0396059,0.0059938575,0.10295575
4243,0,1,0.00387608372851579,1.1105122e-09,2.1375797e-11,0.0038734179
4244,1,0,0.5900690779932276,0.9999304,0.99999976,0.5894195
4245,0,1,0.11027092849097056,0.050886773,0.043902226,0.10741007
4246,0,1,0.5292715513512534,0.9989819,0.994511,0.53155077
4247,0,1,0.011322349230337363,0.000106557934,5.0184815e-05,0.016031697
4248,0,0,0.0014128433505695935,2.670533e-09,4.3595126e-08,0.0024299787
4249,1,1,0.9994271988505845,1.0,1.0,0.9992211
4250,0,1,0.003193186996844366,7.6427234e-08,1.9112075e-08,0.005021226
4251,0,1,0.4396678912179742,0.99366874,0.96616393,0.44309738
4252,0,1,0.04515836307806007,0.00021172824,6.377749e-07,0.047329158
4253,0,0,0.40822657987496763,0.9898399,0.9983007,0.40973318
4254,0,0,0.012357556182476751,4.9146104e-07,6.3392104e-06,0.013824115
4255,0,0,0.038271966605869005,0.0005516951,0.0297255,0.039071955
4256,1,1,0.4136999609160226,0.9504084,0.866967,0.41071212
4257,0,0,0.14664210679068834,0.62275934,0.9706053,0.15416798
4258,0,1,0.15786657526014508,0.043316927,0.006949674,0.16101702
4259,0,1,0.3100742456553149,0.9759536,0.77998626,0.32231912
4260,0,0,0.007022786760126115,1.2939897e-05,0.00019393873,0.013324033
4261,1,1,0.995794357906657,1.0,1.0,0.99517053
4262,0,0,0.022246708201942432,0.00072585774,0.008269045,0.03821719
4263,0,1,0.1237243224507005,0.034217015,0.0053236308,0.1257879
4264,0,1,0.013548119066696408,1.4623689e-06,1.255193e-07,0.014627308
4265,0,1,0.06372725162163775,0.0012593493,0.0006260399,0.0645491
4266,0,0,0.029899509425774237,0.011034319,0.16897692,0.058217578
4267,0,1,0.013323153912999633,0.0004595621,0.0002530357,0.023508014
4268,0,1,0.400341503175003,0.9938592,0.9597483,0.40741485
4269,0,0,0.03528006107018958,0.00014939616,0.0011293676,0.037760455
4270,0,1,0.006668205675513496,9.879517e-07,2.572565e-07,0.00902488
4271,0,1,0.014028591894739062,1.029041e-06,2.3986578e-07,0.014347439
4272,0,1,0.00420045925339423,8.2797924e-10,4.631136e-12,0.004034234
4273,0,1,0.2693358337917027,0.8890165,0.6111725,0.2647875
4274,0,0,0.026991087185111198,4.8123107e-05,0.0003115248,0.027992466
4275,1,1,0.6739778167062622,0.9999441,0.9996091,0.6717729
4276,0,1,0.001703714034889988,4.784389e-09,1.1624912e-09,0.002752365
4277,0,1,0.3083048396972769,0.932955,0.7058933,0.32063332
4278,0,1,0.05186562826863162,0.00027510253,2.7027823e-05,0.05138394
4279,0,1,0.9777108557716848,1.0,1.0,0.97478217
4280,0,0,0.05221531284081816,0.007726762,0.060366575,0.057722703
4281,0,0,0.0026656554541498747,4.0086826e-10,4.35543e-09,0.0027426735
4282,0,0,0.003401421579845419,4.199029e-10,7.5936795e-09,0.0038026709
4283,0,0,0.0595016032265526,0.0011642223,0.06759473,0.06417958
4284,0,0,0.23513361093743707,0.8391542,0.9732878,0.2305234
4285,0,0,0.29197860622258226,0.92843705,0.9994337,0.2867068
4286,0,1,0.22424886873169997,0.6798919,0.4066582,0.23528314
4287,0,0,0.05347759206077645,0.0030202745,0.020408822,0.05518748
4288,0,0,0.1535848785608659,0.491254,0.9905964,0.16129224
4289,0,0,0.027732674218012676,7.0986252e-06,0.0004286552,0.030239843
4290,0,1,0.08655944169705734,0.20715997,0.015496714,0.09853283
4291,0,0,0.013876560253383324,1.4615407e-06,4.6998797e-05,0.015040707
4292,0,0,0.03655767031717821,0.0027996355,0.010412961,0.06373685
4293,0,0,0.09883739493751008,0.022408115,0.26039606,0.060537804
4294,0,0,0.005757276052767796,1.5414827e-08,2.0878555e-07,0.006451809
4295,1,1,0.21667631786087435,0.64310545,0.3183959,0.21761635
4296,1,1,0.38807853947552956,0.9816447,0.9082036,0.38951567
4297,0,1,0.006558578947383605,5.319842e-07,2.0524362e-07,0.009015038
4298,0,1,0.08739212091454689,0.0091654165,0.00029520187,0.096157245
4299,0,0,0.1701873876844162,0.27073133,0.8810971,0.17393538
4300,0,1,0.11147295226890394,0.018868618,0.0022753142,0.11456126
4301,0,1,0.05086264351156511,0.001457528,0.0009816674,0.0503769
4302,1,1,0.9512190955510814,0.99999964,0.99999726,0.94532245
4303,1,1,0.6566567082541506,0.99976593,0.9992343,0.6548199
4304,0,0,0.005935783202032796,2.7837666e-09,4.429043e-08,0.0067185485
4305,1,1,0.998492708717774,1.0,1.0,0.99817824
4306,0,0,0.02057238316287274,2.2499136e-05,0.0010633462,0.022211768
4307,0,1,0.26546548263381065,0.68077224,0.63723546,0.27223954
4308,0,0,0.002854702192116952,2.1380934e-07,6.3665098e-06,0.0055210274
4309,0,1,0.06180018300446544,8.868122e-05,3.8848888e-05,0.060286973
4310,1,1,0.8680592152509004,1.0,0.99999976,0.86656755
4311,0,1,0.04620239387983368,0.00071052485,0.0002882495,0.046750646
4312,0,1,0.5678925027002465,0.99993575,0.99951744,0.5679643
4313,0,0,0.006997986099825965,2.0178831e-08,1.7255907e-07,0.00768031
4314,0,1,0.057442839157245386,0.0006095239,0.0003006026,0.05476559
4315,1,0,0.05863441517066079,0.0020040113,0.011365374,0.062786795
4316,0,0,0.042724619827854374,0.010426783,0.2798837,0.05011813
4317,0,0,0.06741137228466305,0.030507635,0.21482106,0.0733333
4318,0,0,0.04220577559356719,0.000737217,0.0076426296,0.042173263
4319,0,0,0.03758510176589128,0.00023369153,0.0034178067,0.04025243
4320,0,0,0.004731878100415944,5.6528415e-07,5.964438e-06,0.0068688304
4321,0,1,0.004174680486345206,2.0174116e-06,1.5053298e-06,0.007714532
4322,0,0,0.019552525377411853,8.132368e-06,0.0003903331,0.020460248
4323,0,0,0.013672725093921647,1.388751e-06,3.756373e-05,0.014502953
4324,0,0,0.08565817038862447,0.057073373,0.13120793,0.099554114
4325,0,0,0.22168885377842446,0.2842112,0.7217478,0.23380262
4326,0,1,0.0473268588756027,0.0006550605,0.00038609802,0.04695922
4327,0,1,0.020605162377305888,3.4558536e-05,7.6333697e-07,0.024338279
4328,0,0,0.044061913859819925,0.00020350516,0.0014597748,0.04860142
4329,0,1,0.1139604293438838,0.04069435,0.0012526404,0.12390137
4330,0,0,0.0057286564236974915,6.14764e-07,5.338741e-06,0.008090234
4331,1,1,0.44183667879838584,0.9953873,0.9774784,0.4444115
4332,1,1,0.7950017060444826,0.99999845,0.9999889,0.7913591
4333,1,1,0.5629293492111802,0.9997522,0.99860126,0.5689067
4334,0,1,0.16463590436798742,0.11342726,0.037671153,0.16356054
4335,0,0,0.011020899671789406,5.557194e-07,8.972716e-07,0.012572973
4336,0,1,0.40427331166920855,0.995084,0.96342033,0.39285868
4337,0,1,0.03251121881035281,3.640903e-05,5.800891e-06,0.032544203
4338,0,0,0.001525766157056938,7.8404505e-10,9.5095425e-09,0.002244891
4339,0,0,0.0047492222256372615,1.7621753e-08,1.3421638e-07,0.005430872
4340,1,0,0.6388331896823951,0.9999665,0.99999976,0.62661386
4341,0,1,0.2297439096078832,0.56823426,0.22936349,0.23254642
4342,1,1,0.3936146864958301,0.98839647,0.9310098,0.3911506
4343,0,1,0.08826918543095119,0.007321118,0.00028910273,0.098162174
4344,0,1,0.30770867510205796,0.9332367,0.7447599,0.30627933
4345,0,1,0.06285497178037527,0.0012314974,0.00085571187,0.060373757
4346,0,0,0.0018320905236755144,1.1524722e-10,3.2436518e-09,0.0023622145
4347,0,1,0.021388509541064617,1.0128495e-06,5.5278474e-07,0.021458251
4348,0,1,0.024428852369422792,4.819489e-06,4.6491735e-08,0.02576996
4349,0,1,0.7384547742164665,0.99999595,0.9999765,0.73644966
4350,0,0,0.006322089846138175,4.0756607e-08,6.0235504e-07,0.007130636
4351,0,1,0.08187210130690481,0.0039015028,0.0006653433,0.080217734
4352,0,0,0.021559075121377634,3.4729605e-05,0.0014443541,0.021998482
4353,0,1,0.379293941646411,0.9989542,0.9885916,0.3913591
4354,0,1,0.06115207300275696,0.0010626019,0.00030847918,0.061416965
4355,1,0,0.3081235175986702,0.96104944,0.9996419,0.30493066
4356,0,0,0.04382243574938124,0.00031332235,0.013229468,0.045436185
4357,0,1,0.07933221494178692,0.00064222567,0.00042208197,0.081132315
4358,0,1,0.14089132132287907,0.13596548,0.0069089006,0.1525767
4359,0,1,0.04660318508754136,0.0003385044,6.544618e-06,0.048621554
4360,1,1,0.40235598791318405,0.9975979,0.99260396,0.40655664
4361,1,1,0.9608810281655954,1.0,1.0,0.9609304
4362,0,0,0.009808394366059466,1.016667e-05,0.00021097214,0.014874455
4363,0,1,0.24799242443002506,0.88288254,0.5468302,0.2524557
4364,0,0,0.0006936370244177221,6.4804702e-12,1.7876378e-10,0.0010469357
4365,0,1,0.7529084953122903,0.999998,0.99999356,0.75145763
4366,1,1,0.7781306121360588,0.999998,0.99997723,0.7770443
4367,0,1,0.07738468064653324,0.0011577433,0.00026565115,0.08175567
4368,1,1,0.9602474666028851,0.9999999,0.9999988,0.9580131
4369,0,0,0.0016789448854818763,1.1543009e-09,3.2701163e-08,0.002568067
4370,1,1,0.15369960417232853,0.5703136,0.23033577,0.16113994
4371,1,1,0.6471714312309004,0.9998789,0.99956363,0.65066063
4372,1,1,0.46529528679253457,0.994545,0.982391,0.45529005
4373,1,1,0.8697206961460245,0.9999993,0.99999464,0.87066495
4374,0,0,0.031825122626497476,0.00016832422,0.001421326,0.03600389
4375,1,1,0.7411456161950849,0.9955128,0.9246021,0.7287771
4376,0,0,0.6129052536401741,0.9998044,0.99999857,0.61511743
4377,0,0,0.03157331586890655,0.00015601999,0.004984866,0.03357122
4378,0,0,0.0714150528275606,0.004526237,0.044091877,0.07522111
4379,0,1,0.0038652368130374305,9.406943e-10,8.31598e-12,0.0040016407
4380,0,1,0.04310168611492092,0.00018413152,5.068855e-06,0.048596986
4381,0,0,0.06931076214245394,7.942677e-05,0.001302913,0.033280335
4382,0,0,0.1310054596660127,0.0026070373,0.59087497,0.15215698
4383,0,1,0.000834135604143376,1.1044339e-11,6.9629046e-13,0.0012720024
4384,0,1,0.006608418284102717,1.946962e-05,6.952013e-06,0.011622411
4385,0,1,0.03164415285719059,4.5984085e-05,1.4256284e-05,0.031331483
4386,0,1,0.30606699719416425,0.97592825,0.8691253,0.30823535
4387,0,0,0.007562227845142354,3.740764e-08,1.9024648e-07,0.008254908
4388,0,1,0.14323284879215592,0.18783936,0.08056064,0.14083044
4389,1,1,0.9721417507612411,1.0,1.0,0.969151
4390,1,1,0.6821288438256391,0.9999888,0.9999536,0.675971
4391,0,0,0.0013213405243048626,6.924893e-09,1.0470141e-07,0.0026930636
4392,1,0,0.3123730293931149,0.98477596,0.997486,0.32447398
4393,0,0,0.6927150835850784,0.999387,0.99997556,0.7165791
4394,0,0,0.3105429288748179,0.9874631,0.9998907,0.34124196
4395,0,1,0.037072562320969615,0.00039534504,4.198563e-05,0.048655733
4396,0,1,0.29308776365606487,0.97467774,0.8762666,0.2966741
4397,0,0,0.0300807862429799,2.1208284e-06,1.5912776e-05,0.032796018
4398,0,1,0.4827937284313389,0.9997054,0.9983882,0.4773567
4399,0,1,0.06548096208694854,0.0007696482,8.7628605e-06,0.06574186
4400,0,0,0.12559036503094734,0.008838511,0.7653615,0.1308662
4401,0,0,0.03385185774800535,0.00015557982,0.00092830794,0.035280816
4402,0,1,0.21557447099271568,0.4543258,0.10806154,0.21779229
4403,1,0,0.06011809560977495,0.0077742357,0.1806572,0.063400224
4404,0,0,0.001929318366324157,2.7000416e-11,3.1851667e-11,0.0021616162
4405,0,1,0.09327269747875006,0.008065302,0.0020777103,0.09646306
4406,1,1,0.9310462213532759,0.9999994,0.9999951,0.92119306
4407,1,1,0.9999999999999978,1.0,1.0,1.0
4408,0,0,0.03735140636664991,7.4205906e-05,0.0009257672,0.039852034
4409,1,1,0.9983794953615059,1.0,1.0,0.9980605
4410,0,1,0.12307935617725718,0.014552911,0.013253032,0.12307423
4411,0,0,0.028498871788108,3.4482161e-06,5.3130472e-05,0.030409288
4412,0,0,0.0083327670209561,7.1315094e-07,5.833222e-06,0.012178772
4413,0,1,0.09214635154659924,0.0059967814,0.0010843973,0.0898299
4414,0,1,0.10781930002479981,0.036534466,0.014103121,0.10262305
4415,0,1,0.1736134161647119,0.13435565,0.008206782,0.18556672
4416,0,0,0.020312753855216196,0.00013170172,0.0005530985,0.022482095
4417,0,1,0.05132317355736554,0.00027257839,3.829026e-05,0.050942097
4418,0,0,0.014615368648985438,4.992375e-07,1.3946324e-05,0.01520098
4419,1,1,0.8045892329550044,0.9999975,0.9999893,0.8063292
4420,1,1,0.4541331311157927,0.99664444,0.9759285,0.4529985
4421,0,0,0.009038799014518109,4.2344208e-08,8.89191e-07,0.009742451
4422,1,1,0.31727257032107525,0.98726785,0.93973434,0.3225429
4423,0,1,0.001608694390637794,5.1980403e-10,1.2374908e-10,0.0023153487
4424,0,0,0.0027478583708403434,8.194001e-09,2.1315195e-07,0.0040851273
4425,0,1,0.23271314157941553,0.6119146,0.3519787,0.23235059
4426,0,1,0.08335288903842224,0.011707069,0.0025838346,0.08462687
4427,0,0,0.0011915436487834443,1.3346031e-10,3.4317797e-09,0.0018221724
4428,0,1,0.02288165854380895,1.0,1.7896642e-05,0.033297
4429,0,1,0.011541105445118058,7.147618e-07,4.0745412e-08,0.015818674
4430,1,1,0.9999999999999949,1.0,1.0,1.0
4431,0,1,0.3850043136053271,0.99959075,0.926866,0.39052376
4432,0,1,0.5253927965094549,0.9994213,0.9965232,0.50815284
4433,0,0,0.005471551127733351,9.587654e-09,3.1641665e-07,0.006663219
4434,1,1,0.3056155834895877,0.9421212,0.81171143,0.30524978
4435,1,1,0.896300947725077,1.0,0.99999976,0.8973246
4436,1,1,0.2295590501456017,0.8364447,0.7370426,0.14631693
4437,1,1,0.44378767911272354,0.99959433,0.9983884,0.4672016
4438,1,1,0.28642557550497433,0.9586205,0.88995564,0.30429167
4439,0,1,0.06234721269502702,0.00069332623,5.8165442e-05,0.06159244
4440,0,1,0.043495681192405135,0.0071231956,0.0013659038,0.05811592
4441,1,0,0.45243618885120807,0.99915385,0.999892,0.46031445
4442,0,0,0.007270095305750292,3.3473273e-07,2.373978e-06,0.0089211175
4443,1,1,0.10406388453588691,0.041354924,0.025087586,0.100496225
4444,1,1,0.9966816274779274,1.0,1.0,0.99603146
4445,0,0,0.010726775802015654,0.00017740091,0.0017828912,0.014577427
4446,1,1,0.059295976195857136,0.0023621384,0.00036106972,0.06099126
4447,1,1,0.1568449533109984,0.2665856,0.014430196,0.16785312
4448,0,0,0.0028948302611219007,1.3457982e-08,2.798355e-07,0.004329987
4449,0,1,0.7820671356520366,0.999984,0.99992764,0.77601767
4450,0,1,0.0052614722890113865,5.8659005e-10,2.4283858e-10,0.006715383
4451,1,1,0.7645919990210722,0.99999297,0.9999858,0.7627086
4452,0,0,0.1019013685426754,0.076713316,0.68432254,0.10809318
4453,0,0,0.007164426303554019,8.549426e-08,1.8111753e-06,0.007894837
4454,0,0,0.05232893656145915,0.0035277067,0.015659362,0.05025544
4455,0,1,0.11071396744328421,0.041399706,0.016180852,0.10882206
4456,0,1,0.0017970447387843118,5.265155e-10,3.7028297e-11,0.0027144714
4457,0,1,0.08669565839335115,0.0044463547,0.00062252115,0.08505424
4458,1,1,0.9887695480066435,0.9999999,0.9999995,0.98649025
4459,0,1,0.006080677155850882,5.291225e-07,2.1265022e-07,0.008238124
4460,1,0,0.13979456615220373,0.51458126,0.9953429,0.18210481
4461,1,1,0.9998135112971245,1.0,1.0,0.99976355
4462,1,1,0.16899811647343008,0.20609881,0.02824019,0.16855204
4463,1,1,0.8797790340915158,0.9999825,0.999949,0.8750634
4464,0,1,0.33634585844701564,0.92469424,0.6092625,0.3432291
4465,0,1,0.05941492759952977,0.0008809893,0.00017657332,0.062704936
4466,0,1,0.14388944216400246,0.09979766,0.13420296,0.14331804
4467,0,1,0.2923061104577473,0.96957016,0.6480327,0.30568445
4468,0,1,0.03534696332683298,2.2595637e-05,3.3571464e-06,0.035542864
4469,0,0,0.09415644570073692,0.025918007,0.3354738,0.09958295
4470,0,1,0.9032617179193676,0.9999999,0.9999994,0.90651584
4471,0,1,0.11752763679307018,0.021846961,0.002735209,0.121020645
4472,0,1,0.04529128631306658,0.0004298337,0.0003070456,0.044899117
4473,0,0,0.06013777697249346,0.00040500722,0.040725794,0.076537505
4474,0,0,0.00035406752644848285,1.6751597e-09,1.1133483e-12,0.001613496
4475,0,0,0.018371543079741003,6.499325e-06,5.7230965e-05,0.01893534
4476,0,0,0.03267722640709471,0.0004261516,0.0029507228,0.036826845
4477,0,0,0.003529874363836007,1.452084e-10,1.8920956e-09,0.0035826988
4478,0,1,0.013556398771868879,9.3547555e-07,4.987559e-07,0.013286365
4479,0,1,0.4024240107044174,0.9899654,0.89026403,0.42486084
4480,0,0,0.022278027730679963,1.2556935e-05,6.172231e-05,0.023663573
4481,0,1,0.25176709605108044,0.8872864,0.6047918,0.25467664
4482,0,0,0.0039537188970102735,7.3028144e-07,2.2277307e-05,0.0077180443
4483,0,0,0.004194806076547734,6.6083305e-10,3.6268468e-09,0.0042538634
4484,0,1,0.213649138445147,0.36983728,0.03948205,0.22171174
4485,0,0,0.016511463096080568,2.9189863e-05,7.934962e-05,0.019147148
4486,1,1,0.42145160750489025,0.788926,0.100726075,0.43088257
4487,0,1,0.02027857570858866,1.6790971e-06,2.3449369e-08,0.021453956
4488,1,1,0.5697086665038709,0.9998759,0.9996826,0.5671478
4489,0,0,0.0013168535494475107,2.8821023e-10,4.254853e-09,0.0020367168
4490,1,1,0.6472990354135091,0.9999105,0.99947226,0.64537776
4491,0,0,0.08071537685363633,0.00368875,0.06426583,0.094149314
4492,1,1,0.1851355272377122,0.41471606,0.105191775,0.18897358
4493,0,0,0.07727748027633725,0.008408118,0.0654848,0.08390552
4494,0,0,0.017934686612894588,0.0001872294,0.008330388,0.026821528
4495,0,0,0.056264769361006856,0.0038792177,0.13704816,0.05913211
4496,1,1,0.9114739289526649,0.9999999,0.9999987,0.91159564
4497,0,1,0.06343171252562282,0.0039402395,0.00029461706,0.06633935
4498,0,1,0.1285034931168198,0.0559813,0.011184963,0.13127124
4499,0,0,0.04415915441587098,0.00083109614,0.022516852,0.04754332
4500,0,0,0.0034605310958213406,3.4801047e-08,3.594996e-07,0.005197204
4501,1,0,0.7806049580955318,0.9999945,1.0,0.7836828
4502,0,1,0.054505810461787395,0.277763,0.093851715,0.09142416
4503,1,1,0.9902136480826795,1.0,0.9999999,0.9888233
4504,0,0,0.007589864768874038,9.340654e-07,3.1557606e-06,0.009203228
4505,0,1,0.1069461890981402,0.032731734,0.01242945,0.10934491
4506,0,1,0.14193729871712113,0.26020905,0.037827484,0.15029134
4507,0,1,0.5137679723687197,0.9882238,0.9052134,0.5109926
4508,0,1,0.03182838430281057,1.581981e-05,2.6649834e-06,0.031480692
4509,0,1,0.030580959569777025,2.2191303e-05,1.1638856e-05,0.031232422
4510,1,1,0.3675034754956678,0.9748185,0.8667899,0.36617526
4511,1,1,0.5821873051228209,0.99973756,0.9987501,0.58316314
4512,0,0,0.002326217773958308,1.2402256e-06,2.90642e-05,0.0052123615
4513,0,0,0.08637302359778806,0.008062746,0.08383964,0.08724655
4514,0,1,0.0022657681593208304,9.023533e-09,1.977321e-09,0.0035666686
4515,1,1,0.7781541418206223,0.99998355,0.9999076,0.7843367
4516,0,0,0.00622730904316666,0.008911762,0.000121002304,0.024439177
4517,0,1,0.001558943842315459,1.2382044e-09,2.6709848e-10,0.0024739876
4518,0,0,0.20355981140806903,0.3857456,0.9530073,0.2139125
4519,0,0,0.36908949901707283,0.9436877,0.998204,0.36877602
4520,0,0,0.004360016722092529,1.2848757e-07,4.3597382e-07,0.0061331373
4521,1,1,0.9949215431594358,1.0,1.0,0.9939555
4522,1,0,0.18049946479850626,0.9176515,0.99406904,0.19957364
4523,0,0,0.027321960633136633,0.00039726048,0.0033199056,0.032112423
4524,0,1,0.41104828022098383,0.9817453,0.74011725,0.41740465
4525,0,1,0.8090866833774949,0.9999994,0.9999964,0.8065543
4526,1,1,0.8427744106094148,0.9999999,0.9999995,0.8415683
4527,0,0,0.024429831052416588,5.4339494e-06,9.482922e-05,0.0271716
4528,1,1,0.999999999999996,1.0,1.0,1.0
4529,0,1,0.38585978150699735,0.9976833,0.98533404,0.38817134
4530,0,1,0.0004825779486507972,3.3031021e-12,7.9122776e-13,0.0007316902
4531,0,0,0.035122479715649475,0.00047743678,0.00800084,0.03598898
4532,1,1,0.7140194746539212,0.9999906,0.99994993,0.71205044
4533,0,0,0.0043318890512465584,2.71354e-09,7.052026e-09,0.005004321
4534,0,1,0.11944531656147382,0.1382714,0.027527431,0.13690725
4535,1,0,0.03902269539053447,0.0019579309,0.00910471,0.042653043
4536,0,1,0.02612589305104223,1.8534029e-05,6.1689166e-06,0.025948504
4537,0,1,0.05784558085756938,0.0001322871,2.9118353e-05,0.05692651
4538,0,1,0.2091020086923449,0.6393514,0.31871238,0.20660706
4539,1,1,0.5028433637000845,0.99897987,0.9933223,0.500411
4540,0,1,0.02351770576104228,9.600551e-06,1.6381983e-06,0.024205398
4541,0,1,0.005401297352915558,7.1820295e-07,1.5058524e-07,0.008258899
4542,1,1,0.9112384564222107,0.9999014,0.9981742,0.89229375
4543,0,1,0.37735044329270556,0.91825455,0.58923346,0.36841857
4544,0,0,0.05682241960147278,0.015162468,0.32555944,0.061038885
4545,0,0,0.023462083763034637,1.0059618e-05,0.00041440732,0.024804609
4546,1,1,0.9333920537179398,1.0,0.9999999,0.93290097
4547,0,1,0.010535613397929305,1.5791767e-07,2.945684e-08,0.011100542
4548,0,1,0.35399766546993683,0.8892985,0.84903675,0.35246077
4549,1,1,0.7120316707065731,0.99999,0.9999471,0.71026844
4550,1,0,0.6626510233311619,0.99990475,0.99999976,0.66790885
4551,1,0,0.7900203160012778,0.9999987,1.0,0.81070006
4552,1,1,0.2847191552216869,0.87948394,0.5850045,0.28431666
4553,0,0,0.0022049277646887027,9.0097185e-10,8.159986e-09,0.002706323
4554,0,1,0.6446697830428543,0.9998555,0.99913394,0.641579
4555,1,1,0.5476544004546624,0.99991906,0.9990779,0.5508908
4556,0,0,0.08347896395030047,0.008441823,0.18718797,0.092162035
4557,0,1,0.9174409343750971,1.0,1.0,0.91510725
4558,0,1,0.22229490796438447,0.55393445,0.092615135,0.22017317
4559,0,1,0.02189559435009645,8.192055e-06,3.6164636e-06,0.022020524
4560,0,0,0.015732469683276937,2.5699932e-05,0.0022048128,0.028203363
4561,0,0,0.026923407948638012,5.4577044e-06,0.00012031579,0.01740618
4562,1,1,0.11801810337151503,0.043384437,0.01746035,0.11479249
4563,0,1,0.03699562115349204,0.00011970582,9.809454e-05,0.034996144
4564,0,0,0.026555906969896032,7.129707e-05,0.0006367535,0.028981501
4565,0,1,0.025273352278352947,0.0017512251,0.0007868576,0.03392563
4566,0,1,0.7572945395293422,0.99999666,0.9999709,0.7570515
4567,0,0,0.022875041115022365,6.4732056e-05,0.0027428886,0.023701672
4568,1,1,0.9832116340919713,1.0,1.0,0.98131853
4569,0,1,0.02313403500538346,0.0002821957,5.26701e-05,0.03107137
4570,0,0,0.09340987377700312,0.028855808,0.332597,0.097366884
4571,1,1,0.9984819034256526,1.0,1.0,0.9980944
4572,0,0,0.04712294354571508,0.0030774157,0.07126454,0.05449624
4573,0,0,0.01755240458606731,5.8019755e-06,0.00010530437,0.018644882
4574,1,1,0.8498016533263395,0.99993753,0.99932903,0.833582
4575,0,0,0.010067884191442904,1.1154951e-05,0.00032360057,0.014697024
4576,0,0,0.003517469762396456,3.8075733e-08,7.7948283e-07,0.0051682657
4577,0,1,0.10494473434957842,0.018426802,0.00042407934,0.11468864
4578,0,1,0.016225798186186156,1.0654575e-07,9.899592e-08,0.0165732
4579,0,1,0.01224039838595086,4.0268926e-05,1.1559279e-05,0.016027493
4580,1,1,0.9021821307799542,0.99999976,0.9999982,0.9035758
4581,1,1,0.6780412179328633,0.9999672,0.99978554,0.6699358
4582,0,0,0.04685345236606553,0.0007126514,0.010092711,0.0495636
4583,0,1,0.9625229904645684,1.0,1.0,0.96195465
4584,1,1,0.9990637352562494,1.0,1.0,0.99888533
4585,0,1,0.08788106796996835,0.0064573777,0.0048034913,0.08814343
4586,0,1,0.05707197459470507,0.0010707413,0.00066211156,0.05569973
4587,0,0,0.031013691588236456,0.00011468332,0.0009151132,0.0313545
4588,0,0,0.00969791778114489,4.796782e-07,5.2743494e-06,0.0102999415
4589,0,1,0.6095040093933325,0.9999435,0.99987316,0.6076923
4590,0,1,0.04280504994048803,0.0006633204,0.00013122072,0.04154531
4591,0,0,0.0060303254055973044,1.738226e-06,1.9042553e-05,0.008668545
4592,0,1,0.1564120544149773,0.048863485,0.02585567,0.16049643
4593,0,1,0.004572100054477752,7.8564284e-07,1.9286206e-07,0.007163589
4594,0,0,0.2343374390139156,0.73345447,0.99692744,0.23511182
4595,1,1,0.2637680333557695,0.8755379,0.5738574,0.26830247
4596,0,1,0.05407329216239779,0.0010124133,7.449163e-05,0.060565494
4597,0,1,0.295009073956878,0.9396452,0.6268797,0.2879357
4598,1,1,0.7620671702770204,0.9999912,0.9999654,0.7633485
4599,0,1,0.7018759228495397,0.9994181,0.99760854,0.68886524
4600,0,1,0.009852649793430474,1.185768e-06,4.0879428e-07,0.011437759
4601,0,1,0.014359661088810986,1.6145118e-07,1.0929144e-08,0.014676179
4602,0,1,0.30232802752474164,0.9559239,0.7127439,0.29835123
4603,0,0,0.0060135258252223996,4.5362557e-07,9.71534e-06,0.008903777
4604,0,0,0.00040668903831012,3.866766e-08,1.0521571e-11,0.0017515504
4605,1,1,0.42957393892768725,0.9983381,0.99423933,0.4406007
4606,0,1,0.18180817980790112,0.43195662,0.43881074,0.18086675
4607,0,1,0.3406230646788464,0.994923,0.9702607,0.35521632
4608,0,1,0.16509679532071397,0.2812982,0.09652706,0.18977582
4609,0,0,0.003910053918563319,1.6705021e-08,3.0802872e-07,0.0048295567
4610,0,0,0.002952059325821771,1.5363256e-08,3.136697e-07,0.004406342
4611,0,1,0.061955580831946556,0.0012659825,0.00033165436,0.06322049
4612,0,0,0.11931685316634764,0.08192355,0.68189955,0.12478205
4613,0,1,0.20385349781542872,0.60093886,0.40078416,0.19823337
4614,0,0,0.029196713520980657,7.6789984e-05,0.0014535796,0.032389536
4615,0,1,0.0016638149685106974,4.3885353e-09,1.0352613e-09,0.0030890282
4616,0,1,0.006621186041229307,4.2244988e-08,4.4705866e-09,0.007287387
4617,0,1,0.013619617915053929,5.1888193e-05,1.8678073e-05,0.019418685
4618,1,1,0.5837781115520589,0.9997352,0.9986634,0.58288836
4619,1,1,0.48808709951339957,0.99555683,0.97567177,0.48762357
4620,0,0,0.022615694847719036,0.011336183,0.17333989,0.04298383
4621,1,1,0.6343834827083047,0.99997437,0.9999039,0.63982844
4622,0,1,0.4884262686251018,0.9983034,0.9907799,0.4841582
4623,0,0,0.046633431647720096,0.0010789818,0.022044802,0.051025536
4624,0,0,0.2185754520723968,0.86209404,0.9897592,0.22884187
4625,0,1,0.7438509364724117,0.9998419,0.99904114,0.7324362
4626,0,1,0.32080513554891976,0.89054745,0.5431269,0.31893784
4627,0,0,0.05112339940175596,0.00050506595,0.008285006,0.053635534
4628,1,1,0.9995979293041627,1.0,1.0,0.99950635
4629,0,1,0.2381179467451528,0.38246784,0.22577108,0.24076016
4630,1,0,0.022991966280281467,6.611693e-05,0.0014722617,0.025871871
4631,1,1,0.7192135485899716,0.9999819,0.9999722,0.7185592
4632,1,1,0.794537893661899,0.9999995,0.9999963,0.79627657
4633,0,0,0.029472776693524248,7.176241e-05,0.00093413005,0.03164114
4634,0,1,0.01812142263490262,4.875955e-07,1.0746966e-06,0.021760242
4635,1,0,0.2661157870740312,0.8462685,0.99935406,0.26698104
4636,0,0,0.05308439448833542,0.0001387987,0.0021058847,0.029181061
4637,0,0,0.005249046452589713,6.311146e-07,1.2411531e-05,0.0068494487
4638,1,1,0.5940491329887185,0.99980307,0.99959135,0.59046036
4639,0,1,0.12449245188934259,0.085395865,0.012447209,0.12259149
4640,0,1,0.06451298245140107,0.0016501459,0.00021721321,0.068448946
4641,0,1,0.19752106141573944,0.3136669,0.06301395,0.19721474
4642,1,1,0.5729463653000131,0.99981356,0.99894905,0.56829906
4643,0,1,0.05442214223361825,0.0010301302,0.0005503268,0.05495814
4644,0,1,0.09994406956160226,0.0022722278,0.002708321,0.10121366
4645,0,1,0.6745534127393722,0.9998642,0.99889576,0.6707907
4646,1,1,0.24909125149100933,0.88571495,0.66677487,0.24425091
4647,0,1,0.010102309045930836,3.6795888e-07,2.9646621e-08,0.010705297
4648,1,1,0.9480404261745927,0.9999448,0.9995955,0.93769014
4649,0,0,0.010654067050629174,2.779524e-07,2.4298952e-06,0.011806738
4650,0,1,0.8897086921739087,1.0,1.0,0.88866806
4651,0,0,0.0009862490755167075,6.7081056e-11,9.038566e-10,0.0014657254
4652,1,1,0.15650010444860746,0.3230102,0.14355227,0.15409108
4653,0,1,0.27053122091820436,0.8037039,0.3381117,0.27042398
4654,0,1,0.7394304674892588,0.9999974,0.99998593,0.7471366
4655,0,1,0.6018133479462328,0.9982345,0.98782176,0.5942784
4656,0,1,0.0012336864479836835,4.780286e-12,4.815727e-13,0.0013641409
4657,0,0,0.005517137253917949,4.939021e-09,1.890153e-07,0.0060444362
4658,0,0,0.013281210203156806,1.5423523e-06,5.6052835e-05,0.0144826155
4659,0,1,0.12219333551716494,0.029561771,0.015082832,0.121632464
4660,1,1,0.11797390185111466,0.21427287,0.035312455,0.14896585
4661,1,0,0.9952678039607097,1.0,1.0,0.99463224
4662,0,0,0.033652950096238164,0.00028956807,0.0037260784,0.0346872
4663,1,1,0.12771551107645898,0.086956955,0.03644434,0.12548597
4664,0,1,0.004898331829818003,2.030892e-07,6.2948445e-08,0.0068097627
4665,1,1,0.04964509504664748,0.0004705032,9.8137396e-05,0.052853458
4666,1,1,0.047088485336776884,0.0022801517,0.000253679,0.04893413
4667,0,1,0.5294408002147284,0.99842083,0.99556834,0.5338307
4668,0,1,0.01595522384201238,6.325921e-07,7.771565e-09,0.016636651
4669,0,1,0.016234807267156186,1.6869597e-05,2.4383776e-06,0.022380207
4670,1,1,0.7403833030089094,0.99999034,0.999959,0.7378374
4671,0,1,0.009947324673084509,7.595146e-05,3.1586318e-05,0.014226458
4672,1,1,0.7868079490882416,0.99958223,0.994259,0.77238137
4673,1,1,0.6368186794767509,0.99988997,0.9994175,0.6277208
4674,0,1,0.0038548824056123757,3.4949984e-08,5.920578e-09,0.005426701
4675,1,1,0.9839936759242679,1.0,1.0,0.98243564
4676,0,0,0.0063597762680173186,8.809948e-09,5.5808915e-08,0.006991149
4677,0,1,0.0040722092925109575,2.1740297e-08,5.6696194e-09,0.0056039905
4678,1,1,0.9331011573078424,0.9999993,0.9999968,0.92405283
4679,0,1,6.606696413566612e-05,0.72791594,0.5152511,0.0022656173
4680,0,1,0.12465604970916178,0.04006079,0.0040641697,0.1275673
4681,0,0,0.015568290984204512,2.542131e-06,1.2821984e-05,0.016029824
4682,1,1,0.9024573522097039,0.9999881,0.9998987,0.8973578
4683,1,1,0.3387911721066589,0.98391646,0.9241591,0.32972255
4684,1,1,0.17107195453182206,0.5056884,0.34858555,0.19528896
4685,0,1,0.07178624038245118,0.0027743382,1.9363075e-05,0.07339605
4686,0,0,0.06699473040650043,0.0019453967,0.039277244,0.06904228
4687,0,1,0.012070721678606634,2.8500715e-06,9.681854e-07,0.013732372
4688,0,0,0.010680859000211772,2.0336093e-07,1.1205705e-06,0.011843948
4689,1,1,0.510930212020082,0.9998288,0.9993598,0.5312352
4690,1,1,0.9999999999999536,1.0,1.0,1.0
4691,0,1,0.053428292770826794,0.036639713,0.014343797,0.07058934
4692,0,0,0.004877330110695099,7.03498e-07,7.0302035e-06,0.0070499093
4693,0,0,0.08601291074114736,0.018493004,0.24694787,0.08797609
4694,0,1,0.09328914349712421,0.011412839,0.0027147066,0.095967285
4695,0,1,0.09164409631464199,0.009819604,0.0034950401,0.08962561
4696,1,1,0.9273567616039358,0.99999976,0.99999833,0.9223114
4697,0,0,0.023934330027625468,3.8145863e-05,0.0011331458,0.024959069
4698,0,0,0.00520140884064077,7.762633e-07,9.7348075e-06,0.007584498
4699,0,1,0.0815260482065594,0.0026964315,2.5209765e-05,0.08413801
4700,0,0,0.0033452538193017222,1.8571694e-10,5.5110956e-09,0.0036782797
4701,1,1,0.992276339240149,1.0,1.0,0.99085593
4702,0,1,0.0014521677006203316,2.2383342e-09,6.8639533e-10,0.0023624764
4703,0,0,0.02812848794151016,0.00034465798,0.004290153,0.03147051
4704,0,0,0.06620828271174233,0.0057289596,0.13745515,0.07047252
4705,1,0,0.08164931521531425,0.00022691915,0.0022283557,0.038529966
4706,0,1,0.19655145104706523,0.4684562,0.17091893,0.19816387
4707,0,0,0.004972559435948894,6.3448437e-07,2.4889352e-05,0.0074136634
4708,1,1,0.6202804241282629,0.9997646,0.9982383,0.62117463
4709,0,0,0.01067360734144085,7.959848e-06,0.00012989921,0.015735537
4710,0,0,0.027444984663751254,4.2116717e-05,0.0004517598,0.030419165
4711,0,1,0.19690317967030813,0.37318224,0.15278022,0.19724306
4712,0,1,0.2827714150711687,0.91200083,0.6637738,0.28611
4713,0,0,0.10179289457454634,0.015180628,0.19800627,0.106861435
4714,1,1,0.9779935297571906,1.0,1.0,0.9756526
4715,0,1,0.0020608916395655234,2.032553e-09,1.2985178e-10,0.0031160852
4716,0,1,0.28650433240893647,0.94077945,0.8155489,0.28529212
4717,0,0,0.0018786055240404775,3.2792105e-08,3.3453423e-07,0.0038132295
4718,0,1,0.0066791980854194214,5.7148515e-07,1.4485094e-07,0.008805505
4719,0,1,0.19254229097581113,0.44816974,0.1047843,0.20110573
4720,0,0,0.056143144476107396,0.004710753,0.052335523,0.055948887
4721,0,1,0.3224279992406569,0.76040304,0.068587534,0.34562743
4722,1,0,0.24664628773020517,0.86119646,0.9827729,0.2544376
4723,0,1,0.15574948653636325,0.6421506,0.17629981,0.17647277
4724,0,1,0.013506606926793296,7.569196e-05,2.7147658e-05,0.019453187
4725,0,0,0.01287732595324892,3.6060426e-06,7.869307e-05,0.016337438
4726,0,1,0.20188562344792566,0.6301927,0.2249231,0.20607018
4727,0,1,0.03136985408146353,0.00028632456,0.00015192796,0.030673463
4728,0,0,0.011569992461848833,1.2709379e-06,1.8348666e-05,0.012262303
4729,1,1,0.9988969847719879,1.0,1.0,0.99870145
4730,0,1,0.09394824780772675,0.007005623,4.8245605e-05,0.0956732
4731,0,0,0.07945209206792404,0.009121766,0.14565381,0.08092091
4732,1,1,0.7545846824482701,0.9999956,0.99996984,0.7520382
4733,0,1,0.006163984215068825,4.5748868e-07,1.0691686e-07,0.008266726
4734,0,1,0.0714661839194186,0.0033070934,0.0004749582,0.07514127
4735,1,1,0.7138571094680296,0.9999988,0.9999951,0.7143009
4736,1,1,0.22161305390702477,0.53623915,0.1593089,0.22171547
4737,1,1,0.9955892975803152,1.0,1.0,0.9948973
4738,0,1,0.9178594633533367,1.0,0.9999999,0.9185486
4739,0,1,0.26780109890923226,0.8738843,0.69586337,0.26561093
4740,0,0,0.3505662917041069,0.9567035,0.9998826,0.35351765
4741,1,1,0.23268567644754656,0.5435723,0.1840207,0.24029475
4742,0,1,0.02602185312068091,2.107585e-05,8.077189e-06,0.026242504
4743,0,0,0.05650808080824061,1.0,1.0,0.04961184
4744,1,1,0.4827351909461038,0.9994337,0.9954986,0.48244235
4745,1,1,0.6375848807512371,0.99985385,0.9988789,0.63704866
4746,1,1,0.565823457163847,0.9999317,0.99985814,0.5657792
4747,0,1,0.13019303577878508,0.0363464,0.043236315,0.12862115
4748,0,1,0.037280823868754004,0.00014087904,9.407574e-06,0.037850652
4749,0,0,0.14654854346755,0.00072956935,0.006061844,0.08032773
4750,1,1,0.6548310501909824,0.9999391,0.99972445,0.6531887
4751,0,1,0.00100179001665867,1.31924255e-11,3.289346e-12,0.0014521297
4752,0,1,0.25218806166465396,0.50089115,0.008900457,0.24967638
4753,0,1,0.10026586438388133,0.0069837077,9.5182906e-05,0.10086846
4754,0,1,0.2807263604417251,0.85881835,0.0465218,0.27802488
4755,1,1,0.3999653392359206,0.9974267,0.9825042,0.39124382
4756,0,1,0.1011829856829805,0.009140049,0.0013575429,0.10452088
4757,1,1,0.9305479099383658,0.9997896,0.9996744,0.915878
4758,1,1,0.6910359544676132,0.99998915,0.9998983,0.6928241
4759,0,1,0.006851613818713278,1.1916948e-06,3.0063023e-07,0.0092437845
4760,0,0,0.17047346269751143,0.4513389,0.9094682,0.17791294
4761,0,0,0.005853415244591341,1.7237815e-06,3.9053935e-05,0.00854232
4762,0,1,0.24051934263197752,0.7630196,0.36967164,0.2377049
4763,0,1,0.002792950319908031,9.059312e-10,8.9980016e-11,0.0031994707
4764,1,1,0.8296720096529651,0.9999999,0.99999964,0.8228611
4765,0,1,0.16930266088420676,0.63980985,0.33472106,0.17588733
4766,0,1,0.586585362424577,0.99983585,0.99951434,0.57033646
4767,0,0,0.03542272789703072,0.00027390572,0.00899508,0.037300404
4768,0,1,0.2204881058235015,0.7314217,0.27393568,0.22305344
4769,0,1,0.1787658331877703,0.19908634,0.043105707,0.18418229
4770,0,1,0.5444399808488594,0.9994738,0.9979249,0.5465979
4771,0,0,0.08967401087802242,0.014308608,0.6066157,0.09194874
4772,0,1,0.05650612564841334,0.0022388124,0.0012518859,0.055881478
4773,0,1,0.022747735662804008,1.76605e-05,9.401735e-06,0.02297531
4774,0,1,0.04749577240046832,0.0011662362,0.00057571474,0.04777152
4775,0,1,0.23468901032616676,0.79414546,0.28956804,0.23477575
4776,0,1,0.09524595454535392,0.0055358866,0.0008165171,0.099469006
4777,0,0,0.16026190362728926,0.24427526,0.88890755,0.16954538
4778,0,1,0.17293394315763813,0.66627586,0.38922814,0.1909489
4779,0,0,0.005838981371937378,1.8852413e-08,7.6211643e-07,0.006543513
4780,0,1,0.007952929468461132,6.854422e-08,6.745938e-09,0.008441255
4781,1,1,0.151082093917276,0.10728786,0.011745198,0.15126069
4782,1,1,0.6450423708017226,0.99973613,0.99938524,0.64855754
4783,0,1,0.0020466401816253556,3.6352577e-11,1.2661987e-11,0.0021718037
4784,0,0,0.5899349099803104,0.9995949,0.9999989,0.60483587
4785,1,1,0.9162790578052807,0.99999905,0.99999297,0.91109484
4786,0,1,0.7382502428997045,0.9999931,0.99996734,0.73596406
4787,0,1,0.2739531567252759,0.88826483,0.6694328,0.32404777
4788,0,0,0.036477807509401335,8.745261e-05,0.0040322673,0.037925027
4789,1,1,0.4278355628561396,0.9963097,0.99249285,0.4252845
4790,1,1,0.44066583679562665,0.99921346,0.9970396,0.4434238
4791,1,0,0.9967158108443327,1.0,1.0,0.9960589
4792,0,1,0.3445412700926005,0.9437268,0.6867003,0.3309595
4793,0,0,0.0007844354413894808,1.8073848e-11,1.8540548e-10,0.0011643182
4794,0,1,0.24521659573818408,0.7072275,0.18306418,0.24820206
4795,0,0,0.01289853804048546,2.4678498e-06,3.7384012e-05,0.013590541
4796,0,1,0.002388375882064464,1.0214243e-08,6.1916927e-10,0.0036425642
4797,0,1,0.029034980954178065,3.163015e-05,1.5104549e-06,0.033117127
4798,0,1,0.03139515084326723,4.28549e-05,1.5172379e-05,0.030191112
4799,1,1,0.9592251649237483,1.0,1.0,0.9591914
4800,0,1,0.012710847712769488,9.832352e-07,8.317724e-08,0.013778067
4801,0,0,0.011969045695688973,3.4233053e-05,0.0007747233,0.017940527
4802,1,1,0.9942604624257455,1.0,1.0,0.9932361
4803,1,1,0.10109596057330236,0.03338243,0.030514888,0.099602275
4804,0,1,0.15251073477327778,0.13927175,0.020353768,0.15670013
4805,0,1,0.006175901887423999,1.01580405e-07,2.6961229e-09,0.0073272823
4806,1,1,0.9969253671323173,1.0,1.0,0.9964097
4807,1,1,0.7128370222664152,0.9999895,0.9999232,0.7057646
4808,1,0,0.7693499126512793,0.99999595,1.0,0.770235
4809,1,1,0.20434618204572283,0.54294753,0.21936736,0.20552012
4810,0,0,0.0028769329620386883,3.513228e-10,6.133115e-09,0.0031397599
4811,0,0,0.0009890441602265854,3.287027e-11,4.133243e-10,0.0015186317
4812,0,0,0.03670187222820085,0.006937209,0.013971677,0.0424478
4813,1,1,0.998845544611957,1.0,1.0,0.99861205
4814,1,1,0.6357309114141381,0.999869,0.9987185,0.6358296
4815,0,1,0.8913603386667112,0.9999988,0.99999046,0.88580596
4816,1,1,0.40537550540708844,0.98548627,0.9193267,0.4103624
4817,0,1,0.01305749472141725,3.9160057e-07,1.06914825e-07,0.013372538
4818,0,0,0.005975569005264721,8.982648e-07,1.5459573e-05,0.008918116
4819,0,0,0.04014952229428252,0.00033751864,0.008759843,0.0438152
4820,1,1,0.6694967612108891,0.99992454,0.9992405,0.6674305
4821,0,0,0.011567742334034231,4.5634354e-07,4.6039454e-06,0.012369289
4822,0,0,0.004102238018486918,1.8192462e-09,2.1961855e-08,0.0045812535
4823,0,0,0.20840818480298964,0.59069073,0.96611315,0.21538506
4824,0,1,0.27243249994137037,0.8986433,0.8275011,0.26743385
4825,0,1,0.13037045972678007,0.060626343,0.01915341,0.12898509
4826,0,1,0.2677572978498929,0.7433923,0.34319815,0.26609826
4827,0,1,0.21339955489794643,0.65564173,0.76522106,0.20943005
4828,0,1,0.309354623758921,0.8155955,0.22099996,0.3148801
4829,1,1,0.7610770039116901,0.9999988,0.99998987,0.76267827
4830,0,0,0.057893881459272684,0.0027869404,0.055240232,0.062152818
4831,0,0,0.05694611259654554,0.0025055395,0.03273816,0.05978425
4832,1,1,0.48734782452602987,0.9981633,0.9735892,0.49269345
4833,1,0,0.783466575166063,0.9999975,1.0,0.78258955
4834,0,1,0.18106215569641076,0.6016504,0.20629561,0.1844539
4835,1,1,0.5952048991832997,0.9999591,0.99993193,0.6061193
4836,1,1,0.7464612922354591,0.9999949,0.99997365,0.7422029
4837,0,0,0.00563398958993349,4.3517534e-08,6.019289e-07,0.006331034
4838,0,0,0.002460296615238995,3.7910436e-08,1.0827806e-06,0.0038249667
4839,0,0,0.012184412423762996,1.3909407e-06,1.5391388e-05,0.012846593
4840,0,1,0.0026053270431575116,3.9312025e-09,7.4097783e-10,0.0036944149
4841,1,1,0.03491600754584182,0.034365207,0.0028355483,0.061622884
4842,0,0,0.024858976148931452,8.003571e-06,0.00021889935,0.026704937
4843,0,0,0.00844759853914886,1.1961497e-07,1.4638646e-06,0.00890639
4844,1,1,0.723972031981848,0.9999857,0.9999217,0.7205314
4845,0,1,0.22910610062163378,0.679609,0.14696862,0.2253796
4846,1,0,0.7155987967737316,0.9999831,1.0,0.71827406
4847,1,1,0.40385680966447196,0.33354613,0.2134874,0.4567466
4848,1,1,0.7725474731540294,0.99999905,0.9999888,0.77208006
4849,0,0,0.0003845005465411439,2.6826523e-13,3.254039e-12,0.0006054805
4850,0,1,0.02586458665729973,3.483263e-05,5.9702825e-06,0.029227348
4851,0,1,0.19639833714610613,0.54548717,0.3339833,0.1928663
4852,0,0,0.03663210508590902,0.00046460127,0.0069111423,0.037737496
4853,1,1,0.4742694005136865,0.9973889,0.9780139,0.47020027
4854,0,1,0.5663658403817264,0.9992225,0.99294055,0.5669205
4855,0,1,0.30587902243373327,0.9608581,0.38648808,0.32049412
4856,1,1,0.3645777466850807,0.9839003,0.94243515,0.36573353
4857,0,1,0.0038466538877491045,4.0728786e-08,1.005976e-08,0.005422472
4858,0,0,0.00411509268023145,5.6802787e-06,0.00010304118,0.007814281
4859,0,0,0.0014720212594090652,3.9659893e-09,5.287713e-08,0.0025338915
4860,0,1,0.39657695778402835,0.9916746,0.97808105,0.39380082
4861,0,1,0.0033087217759287637,1.32842555e-08,5.9883574e-09,0.0046266275
4862,0,0,0.12413992107124097,0.2193597,0.90574837,0.12958793
4863,0,1,0.006256258236244588,3.2169005e-06,3.576366e-07,0.009979443
4864,1,0,0.6591452882197282,0.99994326,0.99999964,0.6614508
4865,1,1,0.557559757565613,0.99500847,0.99553627,0.5965971
4866,1,1,0.9851887408747023,1.0,0.99999976,0.98309374
4867,0,1,0.16417134490930405,0.3649347,0.07535642,0.19494228
4868,0,1,0.0815533151962594,0.013496258,0.0070896046,0.08223982
4869,0,1,0.5939178774708886,0.99982417,0.9991049,0.5864508
4870,0,0,0.07381827347141696,0.011207626,0.21642865,0.07684003
4871,0,0,0.001978820343325502,2.1587825e-08,3.9144675e-07,0.0033748767
4872,1,1,0.21961502884144318,0.7078423,0.28321406,0.22332032
4873,0,1,0.01922316119217312,3.870371e-06,1.1437979e-06,0.022501737
4874,1,0,0.31296460531487075,0.966224,0.99968725,0.3093049
4875,0,1,0.04882034872725789,0.6062691,0.17939591,0.07969637
4876,1,1,0.9248839339872706,0.9999877,0.9999821,0.90992373
4877,0,1,0.19913437880597362,0.40128955,0.07411251,0.20069626
4878,1,1,0.5218853425756865,0.99909127,0.9969401,0.5147724
4879,0,0,0.12191193776787368,0.042894647,0.77940696,0.13183367
4880,0,0,6.456820244658289e-05,2.8208427e-10,1.1641354e-13,0.00038660094
4881,0,1,0.3495226093095398,0.9859331,0.91491705,0.3627437
4882,1,1,0.2784334605854085,0.8481991,0.839618,0.27080458
4883,1,0,0.22711215117290542,0.12207862,0.47343445,0.21584961
4884,0,1,0.1364631980597941,0.06363846,0.011294851,0.13980429
4885,0,1,0.11615514491675426,0.006329681,0.0021970428,0.11687379
4886,0,0,0.1749338418328136,0.56894284,0.96152836,0.17917983
4887,0,1,0.09180411113184321,0.009670143,0.0025605895,0.09490888
4888,0,0,0.03115510525486883,0.00014245848,0.002277802,0.033629533
4889,0,0,0.0060611632229113175,1.0060599e-09,1.1096595e-08,0.0068778633
4890,0,1,0.670964208733229,0.99890566,0.99446726,0.66134924
4891,0,0,0.001956580558749738,2.2290775e-08,3.5329e-07,0.0033609117
4892,1,1,0.3433248215402038,0.9797783,0.914142,0.34402093
4893,0,1,0.28073121109459864,0.99234855,0.97304046,0.3101523
4894,1,1,0.547122964906385,0.9978787,0.9827533,0.5572473
4895,0,0,0.019489075142910175,1.2219134e-06,4.817692e-05,0.020067152
4896,0,1,0.13288118062544207,0.28706858,0.09544838,0.15111846
4897,0,1,0.14409691900104965,0.06991503,0.012223644,0.14727601
4898,1,0,0.8709381690378195,0.99978566,0.99997735,0.86748207
4899,0,0,0.20868161077566572,0.71899474,0.97241,0.21742943
4900,1,1,0.8209395896734522,0.9998939,0.99901474,0.803764
4901,0,0,0.003440906409346151,3.4659317e-10,1.5095729e-08,0.003952778
4902,0,0,0.06975695313862555,0.0058305915,0.0807412,0.075403765
4903,0,0,0.8195328267181926,0.9999994,1.0,0.8287926
4904,0,1,0.08438311603622455,0.00021534081,1.4819226e-06,0.08625873
4905,0,1,0.018205322573516987,1.3303852e-06,1.3364658e-07,0.016711012
4906,0,1,0.03265364494896429,8.562516e-06,3.3482418e-06,0.035031136
4907,0,1,0.202361098116228,0.5091011,0.20967297,0.19524445
4908,0,1,0.012738656852470992,3.5026136e-07,1.2803568e-08,0.012991995
4909,1,1,0.14584140112780558,0.5365496,0.2964976,0.1637318
4910,0,1,0.035629062246007405,0.021564588,0.004638005,0.059823923
4911,0,1,0.01866313909612561,0.0010284901,6.7096466e-05,0.030436128
4912,0,1,0.2850018164251515,0.984666,0.9688117,0.30790222
4913,1,1,0.9812074897162604,1.0,1.0,0.98090154
4914,0,1,0.18112534728199753,0.36291307,0.09217202,0.18490116
4915,0,0,0.1173480356515625,0.038101643,0.26782265,0.12232367
4916,1,1,0.5981292175784527,0.99996316,0.999786,0.60768527
4917,0,1,0.028087780950441205,1.2789584e-05,2.7650567e-06,0.028438406
4918,0,0,0.1797936630017514,0.7348492,0.98344237,0.18297508
4919,0,1,0.31685449296515666,0.981763,0.9127394,0.3204016
4920,1,1,0.5543301680037904,0.99916905,0.9975957,0.55667186
4921,0,0,0.04296790224492037,0.0005340699,0.013379422,0.046604637
4922,0,1,0.3830516650993004,0.9699284,0.8663135,0.38565907
4923,0,1,0.2807554150373864,0.6918114,0.5512682,0.28342256
4924,0,1,0.3005219917357555,0.91912234,0.7012532,0.29952505
4925,1,0,0.0908066162917588,0.034325827,0.48357788,0.09580035
4926,0,0,0.029745079283556845,7.305721e-05,0.00037416158,0.031110357
4927,0,1,0.010973008109772883,4.201397e-07,3.0440457e-08,0.0119485995
4928,0,1,0.07595644457141375,0.0034561714,0.001699544,0.07655787
4929,1,1,0.6394951509190105,0.99994874,0.9995935,0.63985187
4930,1,1,0.6298458430875595,0.9998554,0.99904186,0.62797654
4931,0,1,0.004588920572269406,1.3645484e-07,1.4193114e-08,0.006760149
4932,1,1,0.5613775591045056,0.99996567,0.9997796,0.55703825
4933,0,1,0.851716940430003,0.99999535,0.99998176,0.8450501
4934,1,1,0.8952604937591546,0.9999999,0.99999964,0.8982958
4935,0,0,0.5110671306963868,0.99991775,0.99999917,0.5112033
4936,0,1,0.01636145520110033,1.7216129e-06,3.7931704e-07,0.019362416
4937,1,1,0.30206412025027074,0.9200106,0.6672066,0.30546436
4938,1,1,0.9923896832677358,1.0,1.0,0.9913168
4939,0,0,0.0066645377032675075,2.7786966e-08,3.6657886e-07,0.007138955
4940,0,1,0.21557447099271568,0.4543258,0.10806154,0.21779229
4941,0,1,0.2793994824966477,0.8940093,0.5083285,0.28096786
4942,1,1,0.7973887452718526,0.9999987,0.9999906,0.7943316
4943,0,0,0.06326774107768116,0.0022736576,0.030514056,0.066838704
4944,1,1,0.07281987748949637,0.0027468042,0.00063847937,0.0758119
4945,0,0,0.1927352201987535,0.46290505,0.9204669,0.21351448
4946,0,0,0.274935360971188,0.9852823,0.9987282,0.18353805
4947,0,1,0.6621014934981322,0.99799466,0.98550004,0.66284436
4948,0,0,0.0024343922138183537,5.240291e-09,1.7834581e-07,0.0035599726
4949,0,1,0.3749246868082403,0.98156345,0.85464126,0.36878735
4950,0,1,0.0296725412313053,9.513182e-05,6.191502e-05,0.031572692
4951,0,1,0.07179307792161696,0.002142365,0.00041485394,0.07475332
4952,0,0,0.004333738744127051,4.7775863e-09,8.810927e-08,0.0047121975
4953,1,1,0.4347215056776272,0.99447656,0.95912033,0.43167582
4954,1,0,0.6417154616890681,0.9999088,0.9999994,0.6452181
4955,0,1,0.5860301455091268,0.9985391,0.9944634,0.57479745
4956,0,1,0.29335698886757533,0.93813217,0.61006457,0.2860683
4957,0,1,0.02266748052712909,5.65233e-06,6.355605e-07,0.022426728
4958,0,1,0.017822864691653305,4.2906913e-06,1.6708707e-06,0.017975299
4959,1,1,0.94477071772311,0.99999976,0.99999726,0.94126034
4960,0,0,0.0007675974831765998,9.554269e-12,4.6300963e-11,0.0013094597
4961,0,0,0.02557706119301535,2.9317327e-05,0.00062187185,0.028259018
4962,0,1,0.021910884188328428,9.280274e-06,5.1315897e-06,0.022061566
4963,1,1,0.9959540516591696,1.0,1.0,0.99513936
4964,0,1,0.2861620015269229,0.9447358,0.7225118,0.2922589
4965,1,1,0.1954649387911819,0.3609308,0.056600325,0.19478033
4966,0,0,0.014723148772226817,0.0051171295,0.065316275,0.027031213
4967,1,0,0.8876190283596473,0.9999908,0.9999999,0.8762497
4968,0,0,0.0038526331982225324,8.146324e-06,3.1313546e-05,0.008369314
4969,0,0,0.14891413523919772,0.21620196,0.7175317,0.15335578
4970,0,0,0.007494442152304716,1.0331709e-06,6.653704e-05,0.011521794
4971,0,1,0.5775333855234445,0.9996096,0.99744815,0.5778839
4972,0,1,0.26521154675668596,0.9175839,0.52192694,0.2693024
4973,0,1,0.0276221428478012,9.65063e-05,2.2672222e-05,0.027833937
4974,1,1,0.8352155991944399,0.99999964,0.99999917,0.83370125
4975,1,1,0.4871015535471051,0.9992624,0.98788226,0.49621618
4976,1,0,0.30158341162936275,0.9680264,0.9958971,0.3158999
4977,0,1,0.012434343704630644,2.2110904e-05,8.787958e-06,0.016925544
4978,0,0,0.0009314633764305264,2.3867428e-09,1.00280786e-07,0.0019094242
4979,1,1,0.46500253434261807,0.99839526,0.9902946,0.47597003
4980,0,0,0.02511223438508609,3.2758828e-05,0.002339891,0.026205754
4981,0,0,0.011208589457894635,6.095256e-06,1.8511242e-05,0.013253075
4982,1,1,0.8724980091244877,1.0,1.0,0.86395025
4983,0,1,0.42496925229877597,0.84091973,0.5907858,0.413209
4984,0,1,0.04049845845693538,0.00055528304,0.0001226092,0.039641235
4985,0,1,0.005691767209559724,5.8362186e-09,4.7474985e-10,0.0064255483
4986,0,1,0.0006840495681486712,6.751626e-13,2.892225e-13,0.0009997226
4987,0,1,0.19509218091216807,0.29262537,0.048510186,0.1975336
4988,0,1,0.3435000157744263,0.9941976,0.9755482,0.365908
4989,0,1,0.09194972160880342,0.21148421,0.024951087,0.0965248
4990,0,1,0.5087960704266876,0.9991412,0.9968238,0.5002633
4991,0,1,0.1043050270565917,0.040763006,0.014874706,0.11606324
4992,0,0,0.02980505419917765,0.00012955483,0.0016291281,0.030613992
4993,1,1,0.9963547495824894,1.0,1.0,0.9957048
4994,0,0,0.025576819954598692,0.0019234675,0.048612654,0.037296064
4995,0,0,0.030097569382475053,8.794301e-05,0.0017993305,0.033188682
4996,1,1,0.9964118524926994,1.0,1.0,0.9957562
4997,1,1,0.7015196901825698,0.9999937,0.99996305,0.706795
4998,0,0,0.2789749302286482,0.61715144,0.9330833,0.29561198
4999,0,1,0.08014608704570396,0.03152292,0.0145216575,0.077281244
5000,0,0,0.005779489752627301,2.2625871e-08,1.2243147e-07,0.007137924
5001,0,0,0.021864902032353802,7.740181e-05,0.0003236404,0.02592087
5002,0,1,0.08797667187112679,0.005775521,0.0009329084,0.088907056
5003,1,1,0.8925399349304635,0.99998736,0.9999615,0.88477206
5004,0,1,0.14128145070279918,0.11460974,0.03242945,0.13968419
5005,0,0,0.011483676725214826,2.8554368e-07,5.0987014e-06,0.012064027
5006,0,0,0.0423880111947126,0.0006730115,0.0041923802,0.04393491
5007,0,0,0.03498190458233541,0.00041677253,0.008969816,0.03703756
5008,0,1,0.23040298773485995,0.8119947,0.40207154,0.22739303
5009,1,1,0.1372527805080093,0.34605825,0.05649763,0.14216924
5010,0,0,0.07387538072455656,0.004307205,0.03588248,0.07195382
5011,0,1,0.4405797475902495,0.9995249,0.9983706,0.46559936
5012,0,1,0.010114388535980194,8.0055344e-08,1.9399868e-08,0.010379249
5013,0,1,0.3030363116899852,0.25269702,0.062487118,0.28757083
5014,0,1,0.0041371425120095276,3.8877836e-08,7.385063e-09,0.0055357525
5015,0,0,0.003081768279863273,1.4399009e-08,5.9426533e-08,0.0047422643
5016,0,1,0.03988400908818897,0.0024743467,0.0008778621,0.055808365
5017,0,1,0.014484050027488548,9.717894e-07,4.6048228e-07,0.014717048
5018,0,0,0.03833978501756031,0.00044503043,0.006560637,0.044374533
5019,0,0,0.171961205637193,0.88366294,0.99525034,0.18257423
5020,1,1,0.8869155574329608,0.9999999,0.99999964,0.8861096
5021,1,1,0.9999999999999967,1.0,1.0,1.0
5022,0,1,0.11682572007521136,0.013494239,0.0031819104,0.122250035
5023,1,1,0.7678242034994329,0.99998474,0.99991345,0.767452
5024,1,0,0.12103063547035614,0.030927373,0.62045306,0.13103986
5025,1,1,0.5547517265208295,0.99976414,0.9991059,0.5590744
5026,0,1,0.06749586535206019,0.0027594115,0.001274455,0.069982186
5027,0,0,0.014594613411141174,4.9000732e-06,0.00013791675,0.014939806
5028,0,1,0.007783935505335051,2.6719613e-06,5.770951e-07,0.010421544
5029,1,1,0.04452525272693586,0.00039326167,1.9065537e-05,0.04196109
5030,0,1,0.09890582404241478,0.0032017592,0.00068065256,0.101817235
5031,0,1,0.0016458282230598898,2.3419264e-10,3.471051e-11,0.0023345016
5032,0,1,0.36436526766479665,0.9938297,0.96035063,0.38033327
5033,0,0,0.005150024119407559,5.16285e-07,1.2287154e-05,0.007689583
5034,0,1,0.09776479916987922,0.01551416,0.0045032594,0.101001956
5035,0,0,0.010359483137843694,9.761923e-07,1.1584903e-05,0.012702886
5036,0,0,0.08040393027393293,0.004294094,0.1504053,0.04997487
5037,0,1,0.02781208831653034,6.299971e-05,1.29453165e-05,0.027101181
5038,1,1,0.5246189638689586,0.9998065,0.99912316,0.5405283
5039,1,1,0.4482248116375604,0.99934024,0.9976668,0.4614427
5040,0,1,0.19071043336396173,0.5623397,0.29566672,0.18222566
5041,0,1,0.6722115712086476,0.9999176,0.99935585,0.66955364
5042,0,0,0.0014393399509636659,2.5900668e-10,2.9945766e-09,0.0021991837
5043,0,1,0.018383339549257905,4.510537e-07,5.2278715e-09,0.019019717
5044,1,1,0.9001375002043264,0.9999999,0.99999857,0.9002714
5045,0,0,0.004682359733992139,3.179782e-07,8.838259e-06,0.00707026
5046,1,1,0.4591953585009602,0.99990225,0.9995899,0.4711291
5047,0,0,0.07002130250964661,0.0031142372,0.04749509,0.072693855
5048,0,1,0.006025390710681953,5.021596e-09,1.6614135e-09,0.006176823
5049,0,1,0.02143161480976409,1.9852518e-05,8.963771e-06,0.024206292
5050,0,1,0.44580247879755175,0.9982253,0.99683267,0.45067275
5051,0,1,0.25129731740017686,0.72686124,0.3148586,0.2523624
5052,0,0,0.08638883966916368,0.15660909,0.37472618,0.09918304
5053,1,1,0.6246863140146836,0.9999263,0.9993738,0.6254598
5054,0,1,0.08358111297061167,0.0013691331,0.00016222158,0.089145035
5055,0,1,0.12674300738341512,0.51376617,0.42697912,0.12583265
5056,0,0,0.02644283425094988,0.0001358769,0.0030545886,0.027234506
5057,0,1,0.11418575089647214,0.019198086,0.0142373545,0.11386397
5058,0,0,0.007268728287819093,0.035691623,0.00019648143,0.028662188
5059,0,1,0.37946782974431126,0.99165314,0.95589536,0.38155246
5060,0,1,0.009176434298117606,0.0005910858,1.8336948e-05,0.017027112
5061,0,0,0.032772135161361286,0.0014187003,0.0050869393,0.03699914
5062,0,0,0.45098502790892464,0.9979043,0.9999857,0.4617079
5063,1,1,0.2427485434249569,0.9706734,0.7106016,0.25489137
5064,0,0,0.0028855105062148695,1.3031764e-08,2.0485569e-09,0.004047412
5065,1,1,0.9944110181002102,1.0,1.0,0.99340135
5066,0,1,0.2694441616067248,0.84506154,0.43979305,0.27015305
5067,0,1,0.14680463229151644,0.1055812,0.018119952,0.14229953
5068,0,1,0.01209010068900808,0.00044578195,0.00018181604,0.021460706
5069,0,1,0.06351045108617091,0.002867843,0.0008363772,0.064647004
5070,1,1,0.09865366526188864,0.015985556,0.0006104125,0.108579114
5071,0,1,0.09781204369395208,0.003284506,0.0005018962,0.09924442
5072,0,0,0.72455925672871,0.99998415,0.9999999,0.72679913
5073,0,1,0.07702340588390007,0.004015557,0.0004450699,0.07367235
5074,1,1,0.12224043188368616,0.04948658,0.001343488,0.1330881
5075,0,1,0.24312907180764193,0.34721664,0.054386,0.22502191
5076,0,1,0.04672365301198887,0.00017499877,1.4406501e-06,0.048529647
5077,0,1,0.13860770346272386,0.019767014,0.0074719153,0.1385866
5078,0,1,0.02251757734306756,7.995057e-06,2.1174584e-07,0.024293797
5079,0,0,0.0005765243588294795,1.0652745e-11,2.2254346e-10,0.0010003363
5080,0,1,0.016292289181234126,3.8248516e-05,1.0257946e-05,0.02275385
5081,1,1,0.5497395287926364,0.9997742,0.999052,0.54826385
5082,0,1,0.07639696264791612,0.004216445,0.0019766702,0.07418298
5083,0,1,0.009794670511529916,1.7708824e-07,6.536482e-08,0.011219279
5084,0,1,0.015055272126633724,9.5141684e-07,2.6781785e-07,0.015282741
5085,0,1,0.34998742067689703,0.97579217,0.9168461,0.34777257
5086,0,0,0.004727426853839678,4.4210127e-10,3.37859e-08,0.006345635
5087,1,1,0.30222423654457514,0.9309124,0.80878484,0.3034767
5088,1,1,0.9999999999999993,1.0,1.0,1.0
5089,0,1,0.6902758719456095,0.9999554,0.99960804,0.6879531
5090,0,1,0.027316680989884507,2.820587e-05,1.6046835e-05,0.02630834
5091,1,1,0.6863640414618724,0.999703,0.99908054,0.6852211
5092,0,1,0.040112375926830424,0.00037494017,4.2064457e-05,0.042274307
5093,1,1,0.2078616306296877,0.784494,0.52302366,0.20667997
5094,0,0,0.01387199486925624,7.203774e-07,1.5610032e-05,0.01521492
5095,1,0,0.31533497078841394,0.96709925,0.99971896,0.3121542
5096,0,1,0.18571929163594664,0.22363152,0.03312037,0.18851167
5097,0,1,0.05860169402375279,0.00042367043,4.5606066e-05,0.0617017
5098,0,1,0.08527357295425624,0.0057913307,0.0017376371,0.08818017
5099,1,1,0.9815723303380753,1.0,1.0,0.9807891
5100,1,1,0.05662860184653589,0.018475857,0.00069475686,0.06376971
5101,0,0,0.012060270763834879,4.7167435e-07,7.616058e-06,0.0131279295
5102,0,0,0.0024126225585473855,5.426751e-09,1.6300574e-07,0.0035460263
5103,1,1,0.6197846387153602,0.9998127,0.99908626,0.60972613
5104,0,1,0.37398758255866255,0.99535555,0.98593915,0.39574274
5105,0,1,0.009783250426609299,9.738642e-08,3.0109784e-10,0.010043551
5106,0,0,0.023695210118036925,2.1025542e-05,0.00019582533,0.02551902
5107,1,1,0.3630779243626526,0.99277437,0.9810158,0.3800845
5108,0,1,0.12936536750376737,0.090884484,0.0032179188,0.1396288
5109,1,1,0.3690092469373386,0.96100986,0.9049927,0.37080014
5110,1,1,0.8763845304706187,0.99999905,0.9999895,0.87689155
5111,0,0,0.4962843925390407,0.9912244,0.9999759,0.50589067
5112,0,1,0.26173488718218113,0.80703014,0.39890552,0.265942
5113,0,1,0.16693638079251705,0.28523326,0.12517776,0.16859397
5114,0,1,0.0014044836694144943,5.0471183e-09,8.4799096e-10,0.0026625418
5115,1,0,0.009375078636364496,0.040632006,0.00018126938,0.036062162
5116,0,1,0.6942460016276519,0.99996674,0.99985397,0.69270986
5117,0,1,0.1314840342212633,0.049611017,0.0061991564,0.13550697
5118,0,0,0.02399207240460019,2.6903028e-05,0.00014593214,0.024343267
5119,0,1,0.02096130055288724,4.9243404e-06,1.3897552e-06,0.021011671
5120,0,1,0.006968840034434026,2.0483997e-06,8.3946964e-07,0.011091464
5121,0,1,0.011440586572129536,4.971309e-07,1.8610902e-07,0.011449951
5122,0,1,0.25822511638129114,0.67554045,0.35434303,0.25842327
5123,0,0,0.06764620051150771,0.0033401642,0.09294028,0.06992103
5124,0,0,0.13103965719443678,0.28888956,0.7775935,0.14407289
5125,0,1,0.11469061698422245,0.060029633,0.03035051,0.114662685
5126,0,1,0.1350231117091835,0.05778577,0.0004479542,0.13587728
5127,0,1,0.41811368176079206,0.9849065,0.93502516,0.40854448
5128,1,1,0.42934816232442874,0.9898865,0.94887275,0.43504333
5129,0,1,0.1836269627422616,0.32118407,0.05316432,0.18243204
5130,0,1,0.004538629116588212,3.0734148e-07,1.6404396e-08,0.00683311
5131,0,1,0.12872715387874736,0.31807423,0.113104016,0.1246219
5132,0,1,0.18272084928360605,0.46751532,0.19633153,0.17969653
5133,0,0,0.0006884136947648856,4.6482002e-11,8.395355e-10,0.0012096514
5134,0,1,0.1942033038720076,0.271247,0.11006139,0.19488163
5135,0,0,0.02018764101646059,1.1765531e-05,0.00011668445,0.019700618
5136,0,1,0.02948070962881141,2.4614312e-05,9.168326e-07,0.03129778
5137,0,1,0.31150524087051923,0.61691505,0.13830362,0.30494046
5138,0,1,0.12639979758510575,0.081975125,0.034875676,0.1251154
5139,0,0,0.018553874537633668,1.0918874e-05,4.2195676e-05,0.021642543
5140,0,1,0.019300545791045082,2.706383e-06,3.4919472e-07,0.019160544
5141,0,1,0.055940027299343276,0.00072046404,0.00028409643,0.05645601
5142,1,1,0.9467428592952963,1.0,1.0,0.94600034
5143,0,1,0.2802921137910751,0.6565167,0.43722484,0.27505922
5144,1,1,0.8903999133035897,1.0,0.9999999,0.88776153
5145,0,0,0.00253684297024622,1.5730005e-09,4.507715e-08,0.003235182
5146,0,1,0.2001825548968113,0.32507756,0.06118961,0.20288937
5147,0,1,0.39234472491356537,0.9989839,0.9933182,0.39916715
5148,0,0,0.0014692503838232645,5.3083327e-10,6.0285363e-09,0.0021723642
5149,0,0,0.021781904221579666,0.00078365277,0.01457036,0.031972844
5150,0,1,0.14747810807686737,0.3171497,0.0020117708,0.15154201
5151,1,1,0.7609828571166812,0.9999976,0.99999034,0.75792855
5152,0,0,0.0034531364791044582,3.4854853e-08,9.765749e-07,0.005158928
5153,0,1,0.006494940811907132,1.5924534e-06,1.5231956e-08,0.008948202
5154,0,1,0.003467769304227878,3.4856317e-08,1.8315854e-09,0.005148474
5155,1,1,0.896645795763357,0.9999999,0.9999988,0.89759654
5156,0,0,0.0035512404535911627,7.58844e-07,3.1210187e-05,0.0069080824
5157,0,0,0.01932208426611601,0.00076501124,0.021243474,0.03294404
5158,1,0,0.3576212057866473,0.98414284,0.99987745,0.35232896
5159,0,1,0.05916283423681138,0.059983507,0.03203169,0.078311354
5160,0,0,0.00474116857145984,2.7162812e-07,2.7482708e-06,0.0071170875
5161,0,1,0.008522746085418906,3.7012262e-07,1.2966301e-07,0.0098682195
5162,0,1,0.23875823189004883,0.64807194,0.2221439,0.23989874
5163,0,0,0.06150538887020918,0.0002819343,0.005648027,0.06059932
5164,0,0,0.008668907225700496,8.208238e-07,1.347449e-05,0.009905936
5165,0,1,0.11423620271072249,0.015547181,0.0012762119,0.1175922
5166,0,1,0.14013143484990823,0.0997383,0.031377017,0.13780594
5167,0,0,0.11720279410784744,0.040002547,0.60062957,0.118182644
5168,0,1,0.2602601030495323,0.80519634,0.29055244,0.25649074
5169,0,1,0.010364668857559118,7.155626e-07,1.4182092e-07,0.012010032
5170,0,0,0.00310349769058757,5.296273e-07,5.952397e-06,0.0047161817
5171,1,1,0.27319216296592763,0.95872504,0.13317497,0.2770993
5172,0,0,0.013541700016897326,4.6617475e-07,4.1101375e-06,0.014885667
5173,1,0,0.9930731853121325,0.9999974,0.99999976,0.9923901
5174,0,1,0.004608233560081321,1.4533995e-07,4.0984542e-08,0.0064113894
5175,0,0,0.4647837940035576,0.9995386,0.9999987,0.46956134
5176,0,0,0.056637943836481026,0.0036135176,0.053174183,0.06055403
5177,0,0,0.0004342759554765635,6.157377e-13,6.9711203e-12,0.0006840954
5178,1,1,0.6284341773543431,0.99922097,0.99439734,0.62823355
5179,0,0,0.007043761705234064,1.4896264e-07,2.768297e-07,0.008283666
5180,0,1,0.8515648966111217,0.9999999,0.99999976,0.8452636
5181,1,1,0.8381094114182469,0.9999999,0.9999988,0.8374666
5182,0,1,0.5524116258012456,0.99930465,0.9948909,0.55340457
5183,0,0,4.939301548678049e-05,8.6722865e-13,1.4672416e-16,0.00020957272
5184,1,1,0.41807355123096723,0.9912619,0.9702388,0.41195044
5185,0,1,0.00626063146043334,6.1119454e-07,3.4444906e-08,0.009610487
5186,0,1,0.11569567747243593,0.11372513,0.046469525,0.11484914
5187,0,1,0.002428650956287928,1.2351858e-08,3.3320056e-09,0.0038170118
5188,0,1,0.3964479908760389,0.98119056,0.9442371,0.40537256
5189,1,1,0.3065542259306493,0.95481724,0.4135575,0.32082245
5190,1,1,0.8127021060387581,0.99999845,0.99999547,0.813813
5191,0,0,0.022556190263963525,0.00018736601,0.0026561662,0.033241767
5192,0,1,0.5816844188519055,0.99977124,0.9987116,0.5740628
5193,0,1,0.19138705255315636,0.5174862,0.54884034,0.19030799
5194,1,0,0.9323204195567611,0.9999981,1.0,0.9291172
5195,1,1,0.9754042797805149,1.0,1.0,0.9737133
5196,1,1,0.580082132685077,0.99986637,0.99958116,0.5835028
5197,0,1,0.1338665760315503,0.09151668,0.023961317,0.13588865
5198,1,1,0.5683941618111907,0.9846309,0.8430417,0.55995786
5199,0,1,0.06311210554446241,0.0021177712,0.00065966934,0.061786007
5200,0,0,0.008947523973697696,7.930897e-08,9.833093e-07,0.0097367205
5201,0,1,0.7079425176521651,0.99998796,0.999943,0.7072852
5202,1,1,0.1357919914923406,0.11641407,0.004876736,0.14666986
5203,1,1,0.05321047248282578,0.0005706493,0.000103129656,0.050083693
5204,0,0,0.008499148405412054,4.557103e-07,1.6836631e-05,0.009240073
5205,0,1,0.6467247117486415,0.9999975,0.99998593,0.66174114
5206,0,0,0.03378438310595476,0.00035912276,0.006422066,0.03479518
5207,0,0,0.0026027775059130403,8.3388285e-10,4.3317872e-08,0.0038648944
5208,0,0,0.08744341950019703,0.0037663048,0.11521785,0.09251496
5209,1,1,0.14834747416695593,0.04990871,0.01772528,0.15608743
5210,0,1,0.15770443781014662,0.15747438,0.0530228,0.16404347
5211,1,1,0.8864832735799251,0.9999794,0.9998628,0.8795175
5212,0,1,0.00810676374513476,1.9255713e-06,4.845112e-07,0.011098774
5213,0,0,0.17300830337418704,0.57126784,0.9241785,0.18177637
5214,0,1,0.05272658957525361,0.0006080061,0.00024683977,0.04944529
5215,1,1,0.4047694682073217,0.98463744,0.9341667,0.4004118
5216,1,1,0.37431996686216507,0.9899329,0.9217416,0.38233364
5217,0,1,0.06201082578801781,0.0008473134,0.00014989442,0.061256513
5218,1,1,0.385110325152906,0.9899043,0.95952797,0.3961473
5219,0,1,0.014310337047404439,2.8814111e-05,4.677736e-06,0.019452453
5220,1,0,0.04995684355438595,0.008032876,0.13198353,0.054490462
5221,0,1,0.15480858214907126,0.1419246,0.028839752,0.15747888
5222,0,1,0.21551261305699354,0.45415145,0.14452414,0.21846649
5223,1,0,0.473077861465616,0.61194205,0.99439156,0.47110537
5224,0,0,0.0027651642775778787,8.4172775e-09,2.2710557e-07,0.0041242405
5225,0,1,0.06006097893920772,0.000905538,0.0002838828,0.060565718
5226,0,1,0.3243776787204715,0.58939177,0.11835499,0.31738538
5227,0,1,0.006583883017048547,8.0430453e-07,1.3027438e-08,0.008948943
5228,0,1,0.5653886495507512,0.99974924,0.9987666,0.5597016
5229,1,1,0.8402983401462222,0.9999968,0.99998033,0.82949734
5230,0,1,0.6817524451120337,0.99998665,0.9999571,0.6752165
5231,0,0,0.02973590305671581,0.00012732318,0.001055018,0.030143471
5232,1,0,0.3083516512707267,0.9612576,0.99964464,0.30515912
5233,0,1,0.19379172149413612,0.46083868,0.15457712,0.19685943
5234,0,0,0.29778156029916325,0.9020484,0.999593,0.30053228
5235,1,0,0.1958215886291876,0.7657369,0.97268516,0.19563341
5236,0,0,0.003605845819321328,6.253528e-10,2.1404376e-09,0.0036898083
5237,1,1,0.1973226573541918,0.6514582,0.24558897,0.19767526
5238,0,1,0.356202484275251,0.70177937,0.18714806,0.3527178
5239,0,1,0.29160514395920395,0.8790162,0.5134918,0.29119277
5240,0,1,0.1798051075030954,0.2656107,0.065046705,0.18173745
5241,0,1,0.3425971371183361,0.97506136,0.88731974,0.34328714
5242,0,1,0.1619724454555754,0.47975773,0.002291968,0.16736844
5243,0,1,0.5280739361600109,0.9987098,0.99469614,0.52728677
5244,1,1,0.17515705688605387,0.36581734,0.042902656,0.19131756
5245,1,1,0.9977687402015255,1.0,1.0,0.99740463
5246,0,1,0.3450271000875914,0.35061607,0.04019666,0.31362787
5247,1,1,0.4880422946682212,0.9995833,0.9984503,0.4886516
5248,0,1,0.14830863544741896,0.02239687,0.0012015398,0.16694261
5249,0,1,0.04659272613748716,0.0009079367,0.0003036182,0.04420042
5250,1,0,0.3732299857780987,0.97345155,0.99827754,0.39866558
5251,0,0,0.04202821593943436,0.0009923876,0.017796403,0.04271425
5252,0,1,0.20118922803572734,0.8696182,0.034828402,0.2050647
5253,0,0,0.030422477901835682,0.000109605324,0.00068340014,0.0315926
5254,1,0,0.48820250450692093,0.9976278,0.999984,0.49442917
5255,0,1,0.029521527916916014,1.9242245e-05,3.470965e-06,0.031484794
5256,0,0,0.0312534469937909,9.6715245e-05,0.0013888188,0.032793198
5257,1,1,0.7985741488624358,0.99999917,0.9999956,0.7966814
5258,0,0,0.00196436326596074,2.7085914e-09,4.9501335e-08,0.0030264736
5259,0,0,0.001107750534356917,7.010164e-11,8.572114e-10,0.0017050918
5260,0,0,0.0006421006825121865,4.907734e-12,5.0727075e-11,0.0009513624
5261,1,1,0.6218146280839562,0.9998375,0.9997334,0.6140671
5262,0,0,0.02041103963109737,0.00030350333,0.004052078,0.02997965
5263,0,1,0.3381426862405164,0.96842146,0.8830095,0.33587795
5264,0,0,0.001997340221794054,2.482313e-08,4.1012623e-07,0.003431345
5265,0,1,0.1647073782391702,0.13919523,0.10270933,0.16397853
5266,1,1,0.4666870604833163,0.99833775,0.9929264,0.46023795
5267,0,0,0.0010880124752411433,4.5145943e-10,2.3898903e-09,0.0017269627
5268,0,0,0.0013336786592261197,2.8110297e-10,7.0556316e-09,0.0020402116
5269,0,0,0.004544157945895171,4.1683027e-08,7.01978e-07,0.0057247533
5270,1,1,0.9002606775163787,0.99999976,0.99999905,0.90168846
5271,0,0,0.015425281804825572,2.0557345e-06,8.384959e-05,0.015749944
5272,0,1,0.21288313406278944,0.74853873,0.09682983,0.22779843
5273,1,1,0.7494370309411805,0.9999987,0.99999774,0.74324936
5274,0,1,0.011149007913815932,3.2477845e-05,1.0729928e-05,0.015277961
5275,0,0,0.06442791363866807,0.0012337745,0.026102291,0.068129614
5276,0,0,0.00867638409043683,2.5190587e-07,6.8108034e-06,0.009520408
5277,0,1,0.03769101404788806,0.0004004175,3.3928747e-05,0.042641517
5278,0,0,0.16557812218846146,0.02564379,0.18208744,0.16937834
5279,0,0,0.005052524022668166,2.9878684e-08,1.3869996e-07,0.006052692
5280,0,1,0.1869383341947368,0.5319403,0.28046998,0.22368336
5281,1,0,0.6291125295257598,0.96015334,0.9967175,0.61741364
5282,0,0,0.011656020167217958,3.8051488e-07,4.0187956e-06,0.012543917
5283,1,1,0.7596775278330735,0.99999833,0.9999901,0.75596666
5284,0,1,0.38159732827886916,0.9964244,0.9917368,0.38136506
5285,0,0,0.011414862097681113,6.0834276e-07,1.8032928e-05,0.014105924
5286,0,1,0.2291434557430887,0.57099223,0.16809429,0.2307729
5287,0,0,0.00952361217804477,2.042336e-07,3.639975e-07,0.01091982
5288,0,0,0.7446557202701656,0.9999665,1.0,0.7441095
5289,1,0,0.5012739016908947,0.9997043,0.9999987,0.5079723
5290,0,1,0.014934088636582516,4.980306e-07,4.9319895e-09,0.015138397
5291,1,0,0.6342114224695751,0.9998729,0.99999976,0.6403907
5292,1,1,0.7764812144579465,0.99978936,0.99116176,0.7699184
5293,1,1,0.2546324974561506,0.90946394,0.7942962,0.24878132
5294,0,1,0.009886559908908224,8.719179e-06,1.757106e-06,0.013145609
5295,0,0,0.012689386053273757,0.003783239,0.02493217,0.02638541
5296,0,1,0.33680889186129265,0.98505116,0.9234147,0.33118898
5297,1,0,0.5888049304003592,0.99875534,0.99987435,0.6030972
5298,0,1,0.17925632728913649,0.6985467,0.008506499,0.18410625
5299,0,1,0.5258739161850444,0.9999428,0.9999312,0.5131699
5300,1,1,0.4809521670237016,0.992148,0.96518576,0.48521653
5301,1,1,0.18360945202021522,0.7881599,0.6895939,0.18685637
5302,0,1,0.56073553947819,0.9987722,0.9967727,0.56634873
5303,0,1,0.007826212803537675,1.5068508e-06,3.962521e-07,0.010760217
5304,1,1,0.3223717588699899,0.97194344,0.8975167,0.31556067
5305,0,0,0.014040493139928778,5.7046583e-07,5.0349377e-06,0.014139985
5306,0,0,0.028825710365976687,1.777511e-05,0.00050680427,0.030721633
5307,0,1,0.02476555764442427,5.110316e-06,6.482065e-07,0.023729028
5308,0,1,0.03366829788738358,6.5642365e-05,3.9848408e-05,0.03349635
5309,0,1,0.1504573165653875,0.44590285,0.16168524,0.15689752
5310,0,1,0.016532523852320125,0.00011164074,2.0482887e-05,0.021402838
5311,0,1,0.5649012941121344,0.99988925,0.9994825,0.5645632
5312,0,1,0.15815942120996848,0.42122862,0.1637505,0.17368196
5313,0,0,0.004024250780175637,1.77877e-07,3.5670366e-06,0.00606619
5314,0,0,0.01118177618185324,4.1993997e-05,0.00065038714,0.015954336
5315,1,1,0.6271811113102759,0.9998481,0.99924123,0.61646473
5316,0,1,0.017195809733944172,2.5689537e-06,4.806811e-07,0.01611542
5317,0,0,0.011364269033780508,5.0759212e-05,0.00047538485,0.016023532
5318,0,0,0.01319234598012836,6.520244e-07,1.315498e-05,0.013929324
5319,0,1,0.1031252307644391,0.03170495,0.008728733,0.10628644
5320,0,1,0.07103555003378792,0.008846243,0.0017899624,0.0766408
5321,0,1,0.49442555392390186,0.9981279,0.99374956,0.48640263
5322,0,0,0.08963044703933923,0.0041711656,0.048550513,0.091504514
5323,0,1,0.12172656225485744,0.08951209,0.0017792764,0.1342689
5324,1,1,0.6646714801616622,0.9999249,0.9996744,0.6579398
5325,0,0,0.03825573325387484,0.0003944156,0.0036250819,0.039654344
5326,0,1,0.0964629037288831,0.0323665,0.0135255745,0.09325646
5327,0,0,0.10601070271474565,0.010371543,0.12864679,0.11077018
5328,0,1,0.10454008626941906,0.043484107,0.008701881,0.103782356
5329,0,1,0.6316758714013788,0.9996551,0.9979646,0.6317535
5330,0,1,0.2801520554481453,0.86754155,0.53097475,0.28091243
5331,1,1,0.29993110020237523,0.9168854,0.69989145,0.2991638
5332,0,1,0.038516042735504054,9.232943e-05,4.168144e-05,0.037763007
5333,0,1,0.025437897137068458,9.614331e-06,4.488118e-06,0.026410962
5334,0,1,0.04808521156453641,0.0002508742,3.2647582e-05,0.04768839
5335,0,0,0.022641351778458156,1.929918e-05,0.00018529338,0.023053825
5336,0,0,0.15202926264836822,0.8613188,0.9775318,0.17234975
5337,0,0,0.006312662999363327,9.138019e-07,1.860428e-05,0.00926413
5338,0,0,0.06773676175825401,0.08929623,0.379534,0.07494067
5339,0,1,0.2014223690419528,0.35213298,0.14074107,0.19657959
5340,0,1,0.024004494619020343,1.1650816e-05,3.415123e-06,0.02397684
5341,0,0,0.4614637707271981,0.9984528,0.99999607,0.46083313
5342,1,0,0.9999999999996179,1.0,1.0,1.0
5343,0,1,0.041496839529178216,6.177313e-05,4.9962523e-07,0.042938735
5344,0,1,0.19025783006444041,0.383226,0.06874367,0.18856864
5345,1,1,0.9516512733199926,0.9999999,0.9999994,0.94815993
5346,0,1,0.03618573338555861,0.00039385445,6.0065577e-05,0.04045519
5347,0,0,0.00324947619478558,7.32965e-08,7.912334e-07,0.0047317096
5348,0,1,0.23290430084191896,0.7481353,0.33231518,0.2354131
5349,0,1,0.14402213539384795,0.14295757,0.097873926,0.14043503
5350,0,0,0.00047353736606573946,1.1312131e-12,1.185823e-11,0.00074608583
5351,1,1,0.3039842165968275,0.92731315,0.7199435,0.30253738
5352,0,0,0.0037389259748794096,1.0388514e-09,2.4907267e-08,0.0040620607
5353,0,1,0.30411117609915533,0.9213638,0.59771335,0.30414024
5354,1,1,0.868468932549187,0.999987,0.99993587,0.86093056
5355,1,1,0.8269181593823017,0.99999964,0.99999845,0.824538
5356,0,0,0.036749591227511647,0.00041362332,0.0072355997,0.037407134
5357,1,1,0.12901054095555348,0.13458413,0.036783285,0.12967212
5358,0,1,0.13253069231501208,0.07427531,0.0058689485,0.13644794
5359,0,1,0.015605430528383028,3.279041e-06,3.3464974e-07,0.016789693
5360,0,0,0.002091481238152321,6.952802e-10,5.295796e-09,0.0025609073
5361,1,1,0.3475751625389171,0.2975124,0.037453823,0.33850753
5362,1,1,0.45399928468348943,0.99316263,0.9835504,0.45083088
5363,0,1,0.005392378553535629,3.094715e-07,1.2962987e-07,0.0074623316
5364,0,1,0.10765009905143438,0.027167378,0.039862238,0.10434868
5365,0,1,0.004563386765870077,6.46473e-08,1.0521426e-08,0.0060512065
5366,1,1,0.9999999999999967,1.0,1.0,1.0
5367,0,1,0.09832707582620595,0.100615315,0.03217254,0.11216853
5368,0,0,0.6349539234625828,0.99998784,1.0,0.63162583
5369,0,1,0.049789597487266836,0.002884084,0.0016254181,0.05873385
5370,0,0,0.11964037223708757,0.05803145,0.41567856,0.12687649
5371,1,1,0.018329332504294967,2.5644156e-06,2.7774783e-07,0.020059282
5372,1,1,0.4591552889112797,0.99628985,0.96777236,0.45634398
5373,1,1,0.17123105714282635,0.4989849,0.30143288,0.187768
5374,0,1,0.0012627787862762281,3.3958578e-09,2.5543023e-10,0.0025257897
5375,0,1,0.16636437942757867,0.19517079,0.024073755,0.1655975
5376,0,1,0.30937201372365,0.98660797,0.9391806,0.31883
5377,0,1,0.0075135521558983166,2.6777926e-08,6.8375483e-09,0.007501075
5378,0,1,0.48259767328762476,0.99717796,0.98175424,0.48465806
5379,0,1,0.6948720915504594,0.9999584,0.9998261,0.69651395
5380,0,1,0.19628739329401784,0.69588786,0.5340102,0.19433437
5381,0,1,0.01997226050340317,7.0616516e-06,2.0330056e-06,0.019555306
5382,1,1,0.7740341541021164,0.99896705,0.9929361,0.7714896
5383,0,1,0.04591616449722766,0.00075174106,0.00047825035,0.045406617
5384,0,1,0.14034494766877526,0.06461686,0.009720743,0.14190279
5385,0,1,0.0731866173610965,0.0061968593,0.0008742632,0.076804005
5386,0,1,0.8299086856273435,0.99999976,0.99999905,0.82747835
5387,0,0,0.0035060491905519867,1.2495103e-07,1.2894462e-06,0.005127505
5388,1,1,0.9941352634585385,1.0,1.0,0.993457
5389,0,1,0.08670816630405842,0.22271545,0.1246595,0.14305496
5390,0,0,0.5724377356995649,0.9949341,0.9993874,0.5796536
5391,1,1,0.6039178774297307,0.99979794,0.9987379,0.60285926
5392,1,1,0.11536339861887918,0.4723061,0.35333908,0.11572131
5393,0,1,0.5175065153433437,0.9988955,0.99278885,0.5228856
5394,0,1,0.13682330948009572,0.16310741,0.054487612,0.13518178
5395,0,0,0.004439265289301019,1.1436595e-06,2.1250264e-05,0.0074393954
5396,1,1,0.7764123802308147,0.9998323,0.9994029,0.7716236
5397,0,1,0.16755395509353813,0.24632002,0.09933541,0.16952483
5398,0,0,0.05216525239559709,0.0005398765,0.004535413,0.054637242
5399,0,0,0.006549064953677265,9.093492e-07,3.090969e-05,0.015217107
5400,0,1,0.033423276740151296,1.2961313e-05,4.575547e-06,0.03243081
5401,0,1,0.015960016159472575,0.0002686111,3.9331255e-05,0.022596993
5402,0,0,0.02409500908112557,3.1473086e-05,0.00026718207,0.02453443
5403,0,0,0.03870163458790246,0.00040913842,0.0037746725,0.04257709
5404,0,0,0.03385647765293441,6.229248e-07,5.202517e-06,0.015602312
5405,0,1,0.011970345840935401,3.7560974e-05,5.3101735e-06,0.015841637
5406,0,1,0.4533514818927303,0.9988676,0.98998326,0.45289785
5407,1,1,0.5452110129190765,0.9996474,0.9962005,0.54319036
5408,0,0,0.04141243445029868,0.00010268003,0.0035993732,0.04434191
5409,1,0,0.5949652331451216,0.99976856,0.9999987,0.5990003
5410,0,1,0.01486840507269119,2.616411e-06,2.283084e-07,0.015957048
5411,0,0,0.0021983881714987027,2.2759867e-09,6.768251e-08,0.003324674
5412,0,1,0.000512018272234259,2.643955e-13,4.4593086e-14,0.00073687115
5413,0,1,0.4472990768012962,0.99776113,0.99355185,0.4421547
5414,1,1,0.4089426739229726,0.99573874,0.9451122,0.41903374
5415,0,1,0.020299692535228592,7.937937e-05,3.6005596e-05,0.020711169
5416,1,1,0.1516077254162085,0.26118618,0.16446947,0.1507678
5417,1,1,0.2934532719947603,0.9923435,0.9785507,0.299419
5418,0,1,0.10470066965213129,0.009179857,0.009240382,0.101088084
5419,0,1,0.22793973649629176,0.83488935,0.6097324,0.22570758
5420,0,0,0.012723226453995961,5.108154e-07,4.321882e-06,0.0136095965
5421,1,1,0.738208063169326,0.9999987,0.9999907,0.73662615
5422,0,0,0.284504037726058,0.92901224,0.9997168,0.28791797
5423,0,1,0.2946056843767913,0.83097994,0.37029105,0.29846954
5424,0,0,0.0028729028160410157,1.554032e-08,3.231002e-07,0.004258164
5425,1,1,0.6514147679667585,0.9999732,0.9998859,0.64531946
5426,1,1,0.7363097968166022,0.99998105,0.99991024,0.7395007
5427,0,1,0.289077305011563,0.8686533,0.49825647,0.28910482
5428,0,1,0.1466030638224256,0.15257138,0.048732,0.14860176
5429,0,0,0.0012368634277401195,2.450974e-09,4.7606427e-08,0.002474674
5430,0,1,0.6705057707739651,0.99918073,0.99803907,0.65436906
5431,1,1,0.9115642205140272,1.0,0.9999999,0.90944827
5432,0,0,0.15007631840993613,0.05166756,0.56258124,0.16442731
5433,1,0,0.12534123661161328,0.17395304,0.80544865,0.13191709
5434,1,1,0.9795410418200426,0.99999785,0.999992,0.9769696
5435,1,1,0.6375196662711532,0.9999871,0.9999243,0.64392304
5436,1,1,0.3031093032164237,0.9527015,0.83085954,0.29754892
5437,0,1,0.1285057158480013,0.022830544,0.006483203,0.1285043
5438,0,0,0.004236917826899115,1.3010708e-07,3.6042377e-06,0.006292472
5439,0,0,0.004591011062785549,1.9833845e-08,4.6767047e-07,0.005998348
5440,1,0,0.06611354525249728,0.020339424,0.24547657,0.07885605
5441,0,0,0.0014040101272676307,1.6054609e-09,2.2220943e-08,0.0022028522
5442,0,0,0.05904096287322038,0.0015223057,0.018010393,0.062110577
5443,0,0,0.029041948004696266,5.2262534e-05,0.0025028891,0.029288951
5444,1,1,0.8239628479803675,0.9996924,0.99796885,0.81081164
5445,1,1,0.2648395324921534,0.90759724,0.68411934,0.2792993
5446,1,1,0.2821259251890656,0.8470492,0.43708625,0.28210226
5447,0,0,0.0080430363147624,3.793789e-06,2.1311776e-05,0.010919015
5448,0,1,0.3519064088803017,0.89250606,0.38936606,0.36035532
5449,1,1,0.008083961697391433,3.6697732e-06,8.425053e-07,0.010861386
5450,0,0,0.01610795975005781,1.559667e-05,8.22008e-05,0.01843079
5451,0,0,0.042137865932656234,0.0019961009,0.07332993,0.04545268
5452,0,1,0.15626511530555004,0.12609138,0.018805413,0.15907955
5453,0,1,0.172776124980115,0.371319,0.00815159,0.1732876
5454,1,1,0.3821502181860736,0.9979432,0.98652816,0.3796813
5455,0,1,0.04578917626100971,0.0004391745,0.00024869465,0.043803003
5456,0,1,0.016625437701398176,0.0002591933,8.5527456e-05,0.022914767
5457,0,1,0.0021020820123587186,4.5213458e-08,1.3453747e-08,0.0034400944
5458,0,1,0.1529269556267901,0.1266058,0.0020587144,0.15116866
5459,0,1,0.6196554981610453,0.99918896,0.9969374,0.6206492
5460,1,1,0.7293080315417916,0.9999577,0.99989223,0.727097
5461,1,1,0.9892504368173844,0.9999999,0.99999964,0.9877241
5462,0,1,0.458321238512531,0.9985715,0.9916815,0.44527903
5463,0,0,0.019297503631138507,2.2831526e-05,0.00035020383,0.020259446
5464,0,1,0.25245806614544236,0.77635217,0.42573848,0.2540739
5465,0,0,0.23544587839731845,0.64380103,0.98009,0.24865328
5466,0,1,0.17385931602700325,0.27604693,0.07131643,0.17736246
5467,1,1,0.9579149293340302,0.9999999,0.9999989,0.95486605
5468,0,1,0.3486561229406257,0.9761371,0.91023445,0.3456815
5469,0,1,0.9351663691281209,1.0,1.0,0.93310976
5470,0,1,0.389265809365861,0.99218595,0.946666,0.38994727
5471,0,0,0.12606460674808753,0.032334924,0.74726534,0.13169146
5472,1,1,0.8433120364958682,0.99992263,0.99948895,0.8330321
5473,0,0,0.11673112864634036,0.10880268,0.9526767,0.13460372
5474,0,1,0.2629582378735467,0.9107248,0.69586,0.2639747
5475,1,1,0.41789576343673696,0.9966516,0.9900988,0.4217155
5476,0,1,0.000368209250960275,1.7812025e-13,1.1168367e-15,0.00053295476
5477,0,1,0.33099998811828607,0.95463884,0.78337175,0.32913858
5478,0,0,0.0006640643116924485,1.032151e-11,7.137691e-11,0.0010474789
5479,0,0,0.01659325324851404,1.0864715e-05,0.00020618623,0.01732224
5480,1,0,0.20291177387678677,0.77811277,0.97739697,0.20689186
5481,0,0,0.02352764179688555,3.3898734e-05,0.0011539536,0.024210336
5482,0,1,0.35172475027263067,0.99351656,0.9404385,0.35040697
5483,0,0,0.005180741619345768,1.5031027e-08,4.1458287e-07,0.005629045
5484,0,0,0.17768380304933365,0.42458254,0.9747746,0.1938798
5485,0,1,0.24058993383098704,0.54382557,0.19733883,0.23141836
5486,0,1,0.0030679343485611812,8.817228e-09,3.512412e-09,0.0042927056
5487,1,1,0.880944846611938,0.9999994,0.9999949,0.8811205
5488,0,0,0.025820703245883002,0.0012541333,0.020699525,0.037953716
5489,0,1,0.0016830536561104384,5.421586e-10,7.949191e-12,0.0023788828
5490,1,1,0.39237345666102613,0.9811753,0.87370366,0.39763
5491,0,0,0.0017138263155549044,9.806781e-10,2.2763263e-08,0.0026021926
5492,0,1,0.0012241136580518036,2.1988196e-10,8.810124e-11,0.0019608263
5493,0,1,0.00110851152291555,2.9061198e-10,7.191189e-11,0.0017846717
5494,1,1,0.22299097424185857,0.6887719,0.17936546,0.21876736
5495,0,0,0.4641537789392812,0.9975739,0.9999838,0.46530697
5496,1,1,0.6447751489521956,0.99994826,0.9995493,0.64598215
5497,0,1,0.20449623348669624,0.72853726,0.11143108,0.21824627
5498,1,1,0.105159194325161,0.046247214,0.008876082,0.104194514
5499,0,0,0.0011969817042743745,4.7031237e-12,1.2462359e-10,0.0013874612
5500,0,1,0.009710862233704896,8.427404e-06,1.4588392e-06,0.01285456
5501,0,1,0.012147088250455145,1.9960233e-05,7.6250985e-06,0.016401734
5502,0,0,0.023930358788430018,0.0013134268,0.021532858,0.0340521
5503,0,1,0.0025393582518388235,1.7981405e-09,4.6058587e-10,0.003573233
5504,1,1,0.9707221227880954,1.0,1.0,0.9681295
5505,0,1,0.005993987977734846,1.5106531e-08,2.2331448e-09,0.0062868395
5506,0,1,0.0041010488323262075,6.138525e-08,1.4935148e-08,0.005751356
5507,0,1,0.011603390538798615,0.00018202142,5.1801824e-05,0.020675624
5508,0,0,0.08977906664088264,0.14040656,0.45314205,0.09861077
5509,0,0,0.004260011588607425,1.9760067e-07,1.247905e-07,0.006278182
5510,0,0,0.002129266941333399,5.6484033e-11,1.4969278e-09,0.0023097652
5511,0,0,0.009315145928267031,3.714749e-07,1.1271619e-05,0.010214766
5512,0,0,0.05296956481003001,0.0006577223,0.005052085,0.057780333
5513,1,1,0.9218704019279654,1.0,0.99999976,0.9220651
5514,0,0,0.0028228523713730146,1.5461321e-08,3.887228e-07,0.0042534014
5515,0,1,0.047283518621371624,0.01781339,0.0023901649,0.062338613
5516,1,1,0.9979457486714997,1.0,1.0,0.99757797
5517,0,1,0.058917721060938795,0.0015246097,0.0006653719,0.05776804
5518,0,0,0.2939502477011453,0.8921921,0.99941844,0.30077073
5519,0,1,0.15401863539389307,0.119157344,0.013809781,0.15422188
5520,0,1,0.2785315993324652,0.8404358,0.3706457,0.25187504
5521,0,0,0.056802998481561645,0.001243673,0.017118342,0.059753396
5522,0,1,0.6796332544324176,0.9999677,0.99993086,0.6811131
5523,0,0,0.0032308747240352848,5.213073e-10,7.817712e-09,0.0036513
5524,0,1,0.30553814560466064,0.9228009,0.6126318,0.30581355
5525,1,1,0.3941182670989469,0.985459,0.92253095,0.39866075
5526,0,1,0.12515893245541387,0.03245988,0.004832926,0.12488572
5527,0,1,0.004996551092907816,3.524595e-07,1.5254726e-07,0.008059041
5528,0,1,0.008426111261296864,2.8054144e-06,1.0467911e-06,0.011621295
5529,0,0,0.01754037031112864,5.0873746e-06,0.00011181738,0.01955546
5530,0,1,0.08628926963494066,0.0097166775,0.0036785295,0.08630087
5531,0,1,0.09721394969851023,0.02240938,0.0032524834,0.09639737
5532,0,1,0.6803255672604472,0.99997854,0.99993145,0.67173636
5533,1,0,0.5456427232256003,0.9992318,0.999995,0.55217826
5534,0,1,0.007433582318504345,2.844673e-06,1.8008225e-07,0.010905444
5535,0,1,0.14262732541961634,0.19449656,0.045970716,0.14586093
5536,0,0,0.00020400452320024033,8.013435e-15,1.0949585e-13,0.00032784737
5537,0,0,0.0024342170406826866,1.0713402e-08,1.4061946e-07,0.0037207291
5538,0,1,0.05936369593423631,0.00032320467,2.7732856e-06,0.061840214
5539,1,1,0.6683381711609336,0.99993193,0.9995453,0.66587186
5540,0,0,0.013480445223538655,8.334016e-07,2.2789498e-05,0.014935624
5541,0,0,0.0026104702956314145,1.4676939e-10,5.037799e-09,0.002925399
5542,0,1,0.14068023214885364,0.05520927,0.010358611,0.14301749
5543,0,0,0.00044431078919241954,3.0051467e-07,7.854921e-11,0.0020397864
5544,1,1,0.4481680622705146,0.93881774,0.8463104,0.45248395
5545,0,1,0.014112019471338878,9.964203e-07,2.5896455e-07,0.014420571
5546,1,1,0.8025670747141156,0.99999917,0.99999535,0.8002759
5547,0,0,0.0071383093719062,4.1629878e-08,2.2662557e-06,0.0076260404
5548,1,1,0.8428525468982064,0.9998969,0.9995473,0.83219755
5549,0,1,0.002075707250918583,1.2644798e-08,2.5522826e-09,0.0033269373
5550,0,0,0.04684445105884357,0.0010773075,0.01592832,0.048608538
5551,0,0,0.012141068099302304,1.9964882e-06,6.723609e-05,0.012511085
5552,0,0,0.1419490185116864,0.03534764,0.5218282,0.14356847
5553,0,1,0.9251052246388348,0.99999976,0.9999987,0.9199898
5554,0,1,0.013264076904440184,6.7957114e-07,1.0235481e-08,0.013310654
5555,1,1,0.9981347714788049,1.0,1.0,0.99785656
5556,1,1,0.3510195521238409,0.3285905,0.09463565,0.18860191
5557,0,1,0.06868829769889799,6.602884e-05,3.2008906e-05,0.08482114
5558,0,0,0.00348487611263595,5.0788096e-10,8.75619e-09,0.0039001203
5559,1,1,0.8260337779825643,0.9998461,0.9995535,0.8132158
5560,1,1,0.6319126624950402,0.99993825,0.99949217,0.6324748
5561,0,0,0.9857119245342852,1.0,1.0,0.984028
5562,0,1,0.005307255502141552,2.078074e-07,6.0293445e-08,0.007166065
5563,0,0,0.018472333917593765,3.9350765e-05,0.00050989643,0.022565747
5564,0,0,0.009095316518973233,3.8740757e-07,2.5090681e-05,0.009713355
5565,0,1,0.020410824775712412,0.00025581513,9.616787e-05,0.027478902
5566,1,1,0.590304668741798,0.9993283,0.9957828,0.5991248
5567,1,1,0.21395292186162418,0.36413175,0.2005362,0.21838883
5568,0,1,0.494370951603407,0.9982424,0.99808866,0.50053394
5569,0,1,0.1273618164016726,0.09410188,0.035919957,0.13106002
5570,0,1,0.019599517884418525,1.9565773e-06,1.0555507e-06,0.019492514
5571,0,0,0.020129748771207063,2.5697189e-05,0.00049471855,0.02101223
5572,0,1,0.02106717614962594,1.8282968e-06,2.4148411e-08,0.022285022
5573,0,0,0.0076566735753017525,2.8101379e-06,2.0348878e-05,0.0113600595
5574,1,1,0.7552881831480385,0.99999595,0.999982,0.7523976
5575,0,1,0.09328787632170595,0.5214588,0.22843492,0.12154776
5576,0,0,0.0024541559242298666,1.2865869e-08,1.5463966e-07,0.0036333501
5577,0,1,0.04779043170278269,0.0038709978,0.0002237841,0.049806766
5578,0,0,0.0210479824272702,4.5877034e-05,0.0010453694,0.021904467
5579,0,1,0.04821854700239651,0.0013497499,0.00065168645,0.045673084
5580,0,1,0.050004616019952465,0.00027270682,5.2661362e-05,0.05007369
5581,1,1,0.3095699650830281,0.44174206,0.22567423,0.29322365
5582,0,0,0.004614722085272561,2.6150286e-07,6.9003463e-06,0.0067580417
5583,1,1,0.14107710032972096,0.13869742,0.0068901205,0.1526329
5584,1,1,0.8744228357759518,0.99997413,0.9998517,0.86450994
5585,0,1,0.16354945517542144,0.13441737,0.0457021,0.16473001
5586,0,1,0.2357677677130468,0.8317975,0.6233551,0.241094
5587,0,1,0.005209355417281792,8.076282e-08,2.9640573e-08,0.007114116
5588,0,0,0.6478052168093742,0.9999182,0.9999995,0.65182936
5589,1,1,0.4260346422032711,0.9954796,0.98111814,0.42208242
5590,0,1,0.4923007766007036,0.9985738,0.99090683,0.4868521
5591,1,1,0.6595221565039165,0.99722487,0.98144287,0.64302856
5592,1,1,0.4251720549941338,0.99314237,0.9449179,0.43120426
5593,0,0,0.5465537799703813,0.99996424,0.9999999,0.5525352
5594,0,1,0.032242827930018675,5.728874e-05,2.9489465e-05,0.03207473
5595,1,1,0.8881685284090323,0.99999845,0.99999285,0.8824405
5596,1,1,0.8449052373322556,1.0,0.9999999,0.8491608
5597,1,1,0.42191826850116754,0.99543786,0.9790096,0.41697228
5598,0,1,0.7040042290608185,0.99998367,0.99993896,0.7007452
5599,0,1,0.2289165937187773,0.08649167,0.019107928,0.22591999
5600,0,0,0.0003819806515498486,3.4779278e-12,4.7229932e-11,0.0006784351
5601,0,1,0.01026251263955873,1.0746392e-06,3.3060496e-07,0.011767125
5602,0,1,0.011254172748773949,2.1723805e-07,7.31532e-08,0.0135491295
5603,0,0,0.0009663164054988832,2.7831e-11,3.6418177e-10,0.0014884426
5604,0,1,0.6412989488044614,0.9998946,0.9995129,0.6414835
5605,0,1,0.2513458883574117,0.9197854,0.5034478,0.25737447
5606,0,1,0.031751329296804895,2.5986705e-05,3.8736357e-06,0.031777866
5607,0,1,0.037131209539734325,0.009687255,0.0031314807,0.04897897
5608,0,0,0.006118657287772857,3.20213e-05,9.466731e-05,0.012718995
5609,1,1,0.7585238031040591,0.9999722,0.9998244,0.7606238
5610,1,1,0.7172303178453259,0.9999844,0.9998982,0.7151673
5611,0,0,0.09544036492877137,0.006939236,0.16523184,0.09907322
5612,0,0,0.0009717698351036535,4.471885e-12,1.188516e-10,0.0011048992
5613,0,0,0.0021374416562694423,4.4247694e-09,5.5757e-08,0.00311622
5614,0,0,0.02005808067422829,6.7232054e-06,9.30167e-05,0.020639354
5615,0,0,0.018774151169908555,2.5070638e-05,0.00046059996,0.019626046
5616,0,1,0.3760940539415724,0.96308744,0.84995496,0.38331604
5617,0,1,0.5749333908883977,0.9998597,0.99951565,0.5806351
5618,1,0,0.9585269415725953,0.99999976,1.0,0.95622104
5619,0,1,0.2250213962174931,0.9292903,0.720323,0.23196505
5620,0,0,0.0025939432308772726,3.608043e-10,2.8323974e-09,0.0030369903
5621,0,1,0.2149125421614853,0.45673913,0.10278768,0.2167432
5622,0,0,0.015708705715898365,6.7574924e-06,0.00016664372,0.019856492
5623,1,0,0.28917113958273416,0.74039376,0.9774214,0.30681956
5624,0,0,0.01130890077044534,4.3421696e-07,1.6666434e-05,0.012416206
5625,0,0,0.003958688464198021,7.337763e-08,2.5571794e-06,0.0059056105
5626,0,1,0.3327142073539863,0.97500616,0.9514343,0.32595178
5627,0,0,0.000556103697659938,2.1063218e-12,2.1886383e-11,0.00086955127
5628,0,1,0.10265838560661722,0.01766479,0.003459361,0.098679736
5629,1,1,0.9904046036290528,1.0,1.0,0.9884162
5630,0,1,0.0022468002485947066,1.6926316e-09,4.2045908e-10,0.0031662274
5631,0,1,0.5480344161297738,0.98992586,0.95616025,0.53679055
5632,0,0,0.008597095951343198,9.7311414e-08,1.4116554e-06,0.009320001
5633,0,0,0.11904138279448881,0.06479258,0.94355184,0.13434498
5634,0,0,0.008985205883076166,1.0,1.0,0.008565608
5635,0,0,0.0281448263697805,8.8945795e-05,0.003522874,0.030292084
5636,0,0,0.19074908943971725,0.76303214,0.9754135,0.19511616
5637,1,1,0.6273795907787068,0.99925655,0.9967366,0.62879354
5638,0,0,0.02481809707250989,2.4934585e-05,0.0012151193,0.026667207
5639,0,1,0.7212693853212774,0.9999844,0.9999149,0.7180131
5640,0,1,0.028942172444466903,1.7019198e-05,2.7624158e-06,0.02922911
5641,0,0,0.003360191697930147,4.8202146e-08,1.1877871e-06,0.0050543095
5642,1,1,0.1486097188888063,0.20909257,0.10886298,0.14526993
5643,0,0,0.05227414328955105,0.00088954717,0.024402954,0.056675166
5644,0,1,0.24097100275920424,0.6589719,0.24016677,0.24233897
5645,0,1,0.0072603734301155505,3.7546883e-08,1.7990402e-08,0.00747135
5646,1,1,0.2480052404607487,0.59143555,0.4279897,0.25248432
5647,0,1,0.0908855970047578,0.004359049,0.00039135735,0.09434241
5648,0,1,0.011980946830391742,2.4135156e-07,5.8585055e-08,0.0122895
5649,0,1,0.19987270774032853,0.44592255,0.10826018,0.19889753
5650,0,1,0.027612990092580728,9.226702e-05,9.420151e-06,0.029421836
5651,0,1,0.05232653680373955,0.0008382389,0.00016845121,0.053668547
5652,0,0,0.014519788449121924,5.887944e-05,0.0009872857,0.02141555
5653,1,1,0.3858072289372126,0.99672794,0.97862905,0.38271606
5654,0,1,0.0219474971680937,1.0017666e-05,2.1652543e-06,0.022797182
5655,0,1,0.0514544988833588,0.00042832133,0.00015868916,0.052118424
5656,0,0,0.04873041544884044,0.0015866554,0.19205417,0.054404527
5657,0,1,0.2380003105891299,0.763523,0.2768925,0.24674895
5658,0,1,0.49681750259130864,0.98063755,0.93917483,0.50414807
5659,0,0,0.006675908920519446,2.8551476e-08,3.031615e-07,0.0072424915
5660,0,0,0.009598115542035133,1.1736126e-05,0.0002605069,0.014520055
5661,0,1,0.5168167937754823,0.9993642,0.9972621,0.51241565
5662,0,1,0.21661324127230344,0.60128504,0.77120477,0.20697093
5663,0,0,0.008714414819082058,1.7907355e-07,3.1461987e-06,0.009278729
5664,1,1,0.030008336759312363,2.214847e-05,1.7513598e-07,0.03202156
5665,1,1,0.3434317296536844,0.94625753,0.06576936,0.3525057
5666,0,1,0.08734375017744556,0.0031072588,0.0009833393,0.05046157
5667,0,0,0.04033982150356016,6.374708e-05,0.001336091,0.048475444
5668,1,1,0.2618382186291432,0.7345428,0.5865404,0.264493
5669,1,0,0.7997810153780414,0.9999999,1.0,0.80173856
5670,0,1,0.20716568392717305,0.09416551,0.04882145,0.21076894
5671,0,1,0.03542472303059398,0.0005259748,6.3445004e-05,0.038590122
5672,1,0,0.04093203933875297,0.00053589314,0.016386293,0.043111328
5673,0,0,0.004132993464003831,2.6657287e-09,3.7540083e-08,0.004664474
5674,0,1,0.4772320353884559,0.98788935,0.946159,0.4661752
5675,1,1,0.2601912603491985,0.8593109,0.67468655,0.25238383
5676,1,1,0.5690436131790516,0.99499273,0.9844647,0.5557107
5677,0,0,0.012490339399631656,6.2032154e-06,6.0438182e-05,0.015563673
5678,0,0,0.0023273516566395917,5.2660414e-09,6.1931516e-08,0.0033695928
5679,0,1,0.6205661485279551,0.99990964,0.9992724,0.61385715
5680,0,1,0.10804391697062682,0.022389317,0.009463043,0.103515275
5681,0,1,0.16836501004150917,0.14493418,0.040711403,0.17065069
5682,1,0,0.1311764609696182,1.0,1.0,0.11340128
5683,0,1,0.00408221280459272,8.998204e-08,1.267491e-08,0.0057237246
5684,1,1,0.2803406625110391,0.8429988,0.4180981,0.28008
5685,0,1,0.32239274225749165,0.7674576,0.3285328,0.32921302
5686,0,1,0.6056810426940638,0.99993074,0.99974376,0.59957963
5687,0,0,0.018480125505554834,4.3503223e-05,0.0008350736,0.022324083
5688,0,1,0.0007984740639220771,4.60278e-12,7.923604e-13,0.0011486126
5689,0,1,0.033628172144065015,0.00015012242,5.4008717e-05,0.032292847
5690,0,0,0.003909695453995102,1.026437e-09,3.5164888e-08,0.0044460404
5691,0,1,0.08368880380858736,0.0057764635,0.0012381632,0.08153395
5692,1,1,0.6461292855092108,0.9999751,0.9998542,0.6418042
5693,0,0,0.0799923398120522,0.020911828,0.36807767,0.084629886
5694,1,1,0.7715538941325316,0.9999968,0.99997354,0.7690077
5695,0,0,0.0017720566531543777,1.4655714e-09,1.8004613e-08,0.002731759
5696,0,0,0.04111197687242654,7.714037e-05,0.011848508,0.044822603
5697,0,0,0.002740656449558665,1.243311e-10,9.1397573e-10,0.0028476652
5698,0,0,0.014297113275705953,7.6487064e-05,0.0016017709,0.021357346
5699,0,1,0.12875421682948932,0.08616831,0.0031808426,0.13923812
5700,1,1,0.9207901539704493,1.0,0.99999964,0.92104894
5701,1,1,0.3002996189377536,0.9449209,0.8199807,0.29324427
5702,0,1,0.005178848598425428,1.0936489e-07,6.927063e-08,0.007302577
5703,0,1,0.06353308625965898,0.0007863603,8.560162e-05,0.06480419
5704,0,1,0.024222460079488972,1.4064204e-05,5.9875133e-06,0.02429474
5705,0,1,0.007648364171234865,1.3155956e-06,3.3987854e-07,0.010526185
5706,1,1,0.5774211599935136,0.99958485,0.9982249,0.56917256
5707,0,0,0.044657880482144724,0.00023660345,0.0016554301,0.04751956
5708,0,1,0.08280631624541693,0.0042491667,0.00013018194,0.09054449
5709,1,1,0.12636522486101187,0.026020244,0.003239198,0.12518103
5710,1,1,0.957304528438592,1.0,1.0,0.957475
5711,0,1,0.25932919862239273,0.8232604,0.4816875,0.2622103
5712,0,1,0.16461963724389495,0.20208515,0.04608127,0.16703658
5713,0,1,0.001874488082839488,1.3776273e-10,7.363223e-12,0.0027945468
5714,0,1,0.005149077273609172,7.145834e-08,4.358548e-08,0.00738274
5715,0,0,0.0621689411630779,0.0012224563,0.05705221,0.06711597
5716,1,1,0.43978199076654445,0.99632025,0.98553294,0.44419363
5717,0,1,0.24581529601792268,0.7810451,0.34867048,0.2496461
5718,1,1,0.9999999999999982,1.0,1.0,1.0
5719,0,1,0.24790976225224368,0.6951419,0.29883942,0.24977192
5720,0,0,0.024702477699719092,1.9547535e-05,0.00018504955,0.026830265
5721,1,1,0.5893508845331445,0.99832493,0.9901245,0.5905273
5722,0,1,0.3739607869083914,0.9822073,0.96584857,0.36968222
5723,0,1,0.017625329262001464,6.101258e-06,1.3910261e-08,0.016255457
5724,0,1,0.37652412257502393,0.9808528,0.9476673,0.3729366
5725,0,1,0.5421836124797645,0.99881655,0.9922771,0.53435576
5726,0,0,0.003390868176117577,1.0181881e-07,1.040613e-06,0.004969073
5727,0,1,0.017194322273890242,9.96968e-07,5.497765e-07,0.016992144
5728,1,1,0.27566678326306315,0.81060237,0.4008292,0.2769286
5729,0,1,0.2650747539985707,0.89009386,0.7397375,0.26480162
5730,0,0,0.004365065025310387,2.8355274e-09,6.1971924e-08,0.004899757
5731,0,1,0.484522616421307,0.9965551,0.98465455,0.48793858
5732,1,1,0.8179402327324071,0.99999964,0.9999987,0.8154602
5733,1,1,0.7631929053914606,0.99999607,0.99997985,0.76005703
5734,1,0,0.7844479628080284,0.9999981,1.0,0.78671634
5735,1,1,0.33853272609562296,0.9911472,0.94987667,0.35504806
5736,1,1,0.5339857118191493,0.9996431,0.99884975,0.52552915
5737,0,0,0.0035212291314349014,5.3804343e-09,2.2524986e-08,0.004387195
5738,1,1,0.7796171888539285,0.9999975,0.99998105,0.7771939
5739,0,0,0.0704741249405645,0.008657698,0.20362999,0.07545959
5740,0,1,0.00578991473875246,5.1108806e-09,2.1210998e-10,0.005704303
5741,0,0,0.0018350535002629343,1.6973136e-08,3.1273387e-07,0.0031945643
5742,0,1,0.04785453044873335,0.012117047,0.0027709536,0.06381976
5743,0,1,0.9434502501108629,0.9999918,0.99999046,0.83468205
5744,0,1,0.020695909416750247,2.1639207e-05,5.14146e-06,0.020709338
5745,1,1,0.5900511697575578,0.9998956,0.99943215,0.59641385
5746,0,1,0.015908411585320505,0.00054018636,0.00018458592,0.022082223
5747,0,0,0.04525632600231979,0.00032784112,0.0070678634,0.046634436
5748,0,1,0.00284225276462182,7.7006607e-10,5.67285e-10,0.003960297
5749,1,1,0.3395420366824423,0.92971456,0.6335243,0.3464803
5750,0,1,0.04979772559094285,0.0016358887,0.00057294784,0.048338573
5751,0,1,0.1545900288517159,0.12648338,0.013676491,0.1543627
5752,0,0,0.03825886055826793,0.00024524741,0.005530906,0.04148098
5753,0,0,0.052225287597437074,0.00015016522,0.02615812,0.05568204
5754,0,1,0.03220247571740588,0.00011880881,0.00014024375,0.03043675
5755,1,0,0.16009352221519454,0.34403256,0.87130594,0.16325898
5756,0,1,0.3057518690047645,0.9565371,0.3936916,0.31902805
5757,1,1,0.3022591587801567,0.87860596,0.49341026,0.30326718
5758,1,1,0.782786154187789,0.9999989,0.999995,0.7841241
5759,0,0,0.003351926200301482,3.0289183e-08,7.764225e-07,0.005001347
5760,0,1,0.05324606047261905,0.00023103922,2.00356e-05,0.048407298
5761,0,0,0.06739275438536706,0.0008439344,0.016780894,0.07325366
5762,0,1,0.17784000992831095,0.037226405,0.010099426,0.16818886
5763,0,1,0.0037059216698188784,2.8806543e-08,1.2275831e-08,0.005188541
5764,0,0,0.05150775955971077,3.8403334e-05,0.0033187035,0.06155067
5765,1,0,0.005825938662080791,2.371937e-06,3.946576e-05,0.008365963
5766,0,1,0.06916297573989458,0.0012092274,0.0013170758,0.067409016
5767,0,0,0.16308948221629654,0.036843766,0.4237847,0.16826156
5768,0,0,0.0008223840824678013,1.07331834e-11,1.1964903e-10,0.0012616635
5769,0,1,0.2076244356301866,0.19041191,0.057956558,0.21192572
5770,0,0,0.002899614757862867,1.1321998e-08,3.141439e-07,0.0043346663
5771,0,1,0.1620260536674245,0.26047197,0.22990459,0.16147922
5772,0,0,0.0014912114678109515,1.5767946e-09,7.436656e-09,0.0024592187
5773,1,0,0.35246666947552213,0.9873397,0.9999074,0.34761658
5774,1,1,0.9813370896405157,0.9999993,0.99999225,0.97819966
5775,0,0,0.009298025340851336,8.067797e-07,3.416071e-06,0.010401779
5776,1,1,0.62753593345077,0.9926696,0.9346603,0.6155194
5777,1,1,0.4190485897927034,0.9988672,0.99464613,0.4265659
5778,0,1,0.08576419759347637,0.012249067,0.0034788207,0.096191786
5779,0,0,0.017818065942883685,2.862225e-06,2.6414358e-05,0.019213852
5780,0,1,0.48472001620004207,0.98314434,0.8559591,0.48892367
5781,0,1,0.0059961377360803455,9.658044e-07,2.980149e-07,0.008463379
5782,1,1,0.819882010042221,0.9999913,0.99993646,0.81442237
5783,0,1,0.6774298184369093,0.99999666,0.9999596,0.6834529
5784,0,0,0.03300273018490646,0.0005622129,0.005243767,0.03713086
5785,0,0,0.00521835279468891,0.00011782612,0.006091641,0.010558332
5786,0,1,0.6723570038479466,0.9999485,0.99956733,0.67124456
5787,0,0,0.5738501059427951,0.9996648,0.9999995,0.5810177
5788,0,1,0.3101316330376008,0.97013825,0.8510635,0.31597462
5789,0,1,0.30974870521925,0.95824105,0.8182353,0.31156272
5790,0,0,0.0019216886323783372,5.7324145e-09,8.856638e-08,0.002876679
5791,1,1,0.9172655439710992,0.9999958,0.9999813,0.91143805
5792,0,0,0.0016694279095078666,8.130246e-10,1.742772e-08,0.002508102
5793,0,0,0.009771009398386885,4.580205e-06,5.440686e-05,0.014362861
5794,0,0,0.005480396585304065,1.0573974e-06,6.0093014e-05,0.00795149
5795,1,1,0.4365247760420603,0.21171181,0.024498565,0.4077075
5796,0,1,0.5883129000203116,0.9985435,0.98912525,0.587371
5797,0,0,0.002152651470941986,3.911181e-09,1.3778733e-08,0.00295311
5798,0,0,0.0020068666240707243,1.7172071e-07,1.3709795e-06,0.0046283803
5799,1,1,0.9501320590464853,1.0,1.0,0.9492279
5800,0,1,0.1657271406111189,0.16035722,0.025925668,0.16444826
5801,0,1,0.08219706912129007,0.003706309,0.0008084545,0.085310854
5802,0,1,0.027661541174037702,4.6163786e-05,2.283599e-05,0.026707163
5803,1,1,0.8382256233620863,0.99999714,0.9999851,0.83422154
5804,0,1,0.19378197229527805,0.50235856,0.3865228,0.1969948
5805,0,1,0.040406335350817946,0.007060218,0.0020099299,0.05407772
5806,1,1,0.6426544706955003,0.9999789,0.9998591,0.6512269
5807,0,1,0.0019103813358095178,1.0284144e-09,6.298895e-11,0.0028707627
5808,1,1,0.9313687890206515,1.0,0.9999999,0.9321355
5809,0,0,0.014671022924387062,2.265789e-06,3.9875367e-06,0.016667893
5810,0,1,0.023710878821208307,1.9250356e-05,4.74979e-06,0.02299887
5811,1,1,0.8595551693069928,0.9999273,0.999509,0.8488464
5812,0,1,0.001686463612711771,2.5572172e-10,4.2391746e-11,0.0023927803
5813,0,1,0.006250048137490931,7.7840133e-07,5.1989235e-07,0.008385971
5814,0,1,0.037543822390412644,0.00015143189,8.020433e-05,0.036993206
5815,0,1,0.0005873472155655968,1.7135971e-12,1.11519673e-13,0.00090287154
5816,0,0,0.015273423453845652,2.8691777e-06,0.00012128117,0.016662743
5817,0,0,0.010471746744156159,6.1542573e-07,1.5295793e-05,0.01255012
5818,0,1,0.003716214891130615,2.6613609e-08,1.33105065e-08,0.005209882
5819,0,1,0.0017376830801586883,2.0395383e-10,3.32788e-11,0.0024404305
5820,1,1,0.6310286059825948,0.9998728,0.9993123,0.6220898
5821,0,1,0.2878125923928605,0.98223674,0.8853241,0.28061455
5822,0,1,0.010704976545318875,3.696358e-07,2.790466e-08,0.011289127
5823,0,0,0.0004087105308848636,1.2298569e-11,1.8892676e-10,0.0008505141
5824,0,0,0.001062341975833852,4.3276668e-08,1.1724856e-06,0.0028234287
5825,0,0,0.003283899614665083,3.6577388e-10,2.0136606e-09,0.00362953
5826,0,0,0.047855072547676986,0.0005192749,0.0130943265,0.0519306
5827,0,1,0.002075654917260312,1.8452043e-09,2.6493665e-09,0.00465272
5828,0,0,0.006241155718349027,5.6799905e-08,2.8044299e-06,0.006927213
5829,0,0,0.48131485968314797,0.9909078,0.9999795,0.48565078
5830,0,0,0.003935642232855814,2.6800189e-09,6.563642e-08,0.004318707
5831,1,1,0.32872651873099645,0.9925523,0.92010665,0.33586845
5832,1,1,0.3133657548151025,0.9234641,0.69563353,0.31357735
5833,0,1,0.005341446642716409,2.0478905e-07,8.3445315e-08,0.0075319307
5834,0,1,0.008701367060938008,4.866729e-06,1.203852e-06,0.0114839375
5835,0,0,0.04360836785350045,0.00095951837,0.0075185113,0.044583194
5836,0,1,0.5977145723019465,0.99995315,0.99978495,0.5932559
5837,0,1,0.005618478326942488,3.365192e-09,6.3016137e-10,0.0059090373
5838,0,1,0.09577609053357501,0.005627823,0.0007379308,0.09646959
5839,0,1,0.17510597965166927,0.24373727,0.059883505,0.17785482
5840,0,1,0.003023719066957763,5.155617e-08,1.3873272e-08,0.0047648186
5841,0,1,0.2803276251405727,0.8634879,0.5534318,0.28034472
5842,0,0,0.011309755188223141,4.1279636e-06,7.022941e-05,0.012517643
5843,1,1,0.36208167421898313,0.39782146,0.18987936,0.3614547
5844,0,0,0.00445809091137746,3.6444698e-07,4.1364124e-06,0.0064578117
5845,0,0,0.007522665008546384,2.9693592e-06,1.1386378e-05,0.010869185
5846,0,0,0.0049637696069433305,5.3885882e-09,5.4124573e-08,0.005490417
5847,0,0,0.031063130644021383,0.00015950913,0.001453853,0.031433925
5848,0,1,0.07795870630777209,0.0016209132,0.00018230976,0.081863105
5849,1,1,0.594951195618482,0.9997075,0.99755234,0.5956407
5850,0,1,0.0023590731414461484,1.1877981e-09,2.778466e-10,0.003325347
5851,0,1,0.18855356245042196,0.2436984,0.03721206,0.19122794
5852,0,1,0.26259806556285453,0.7488995,0.29566714,0.26394263
5853,0,1,0.2935601311091319,0.7803772,0.30978724,0.2992702
5854,0,1,0.2460622559143902,0.7798995,0.2393614,0.26157847
5855,0,1,0.23909596589876214,0.6536946,0.22207373,0.2400374
5856,0,1,0.033297936421858985,6.828429e-05,1.9865e-05,0.03314253
5857,1,1,0.31925379625101413,0.9531973,0.8052632,0.31875354
5858,0,0,0.05767260670405298,0.00071569707,0.016777717,0.062904224
5859,0,0,0.16543612724930698,0.15703295,0.6320777,0.1688758
5860,0,0,0.11381780173691,0.10339303,0.8159154,0.115615174
5861,0,1,0.20095888985331403,0.56346637,0.25505355,0.19748196
5862,0,0,0.020745314998838256,3.8598293e-05,0.00060670945,0.025875181
5863,0,0,0.002796312141172135,1.9269692e-08,1.9195488e-07,0.0040538297
5864,0,0,0.0235927561742983,8.3146755e-05,0.0005988012,0.028460506
5865,0,0,0.042352676533953484,0.0004960237,0.0086605875,0.04403836
5866,1,1,0.24416842073162204,0.8179665,0.56529045,0.24396499
5867,1,1,0.5882706345926667,0.9975483,0.9940977,0.57851917
5868,0,1,0.001299988269175321,1.420423e-10,7.60538e-12,0.0019708346
5869,0,0,0.00671155580035915,3.4218985e-05,0.00027362513,0.01291843
5870,0,0,0.6948333141832517,0.99999547,1.0,0.7017437
5871,0,1,0.023533615857260378,8.117754e-06,1.6568989e-06,0.022712402
5872,0,0,0.07467495618203608,0.0055384594,0.05504977,0.080251254
5873,0,0,0.034506625203667506,0.0034054157,0.010109127,0.04687775
5874,0,1,0.3305281529324299,0.98304826,0.9685092,0.33042622
5875,0,1,0.2340693091802063,0.89679354,0.74320805,0.24724014
5876,0,0,0.002873193234162518,2.6482286e-10,6.77963e-09,0.003898628
5877,1,1,0.948328864947908,0.99999976,0.9999993,0.9427704
5878,1,0,0.8809441384336829,1.0,1.0,0.88130516
5879,0,0,0.03489964808706086,0.009577032,0.13283445,0.05102722
5880,0,1,0.06282728481252811,0.0011452057,0.0001672314,0.055966195
5881,0,1,0.2713111138934537,0.8312291,0.4756166,0.27148178
5882,0,0,0.007379938584949898,6.691108e-08,1.9772954e-06,0.008112118
5883,0,0,0.013139391374521466,4.494564e-06,8.626735e-05,0.014093994
5884,1,1,0.5715370876115407,0.99982464,0.9988815,0.5686542
5885,0,0,0.0012134499308033896,1.3518375e-10,1.4934403e-09,0.0018700227
5886,0,0,0.42741977716028545,0.9958056,0.9999839,0.42969644
5887,0,1,0.010764876263517933,0.0007457681,0.00020523144,0.019543095
5888,1,1,0.6561617367418761,0.99990857,0.99935013,0.65502083
5889,0,0,0.0004526479324029376,6.734781e-08,1.7161527e-11,0.0017991525
5890,0,0,0.002617412806764125,1.0219654e-09,2.1482139e-08,0.004066482
5891,0,1,0.13491707764918254,0.17562273,0.0005918604,0.13909933
5892,0,0,0.0008163942280187415,2.1179718e-09,1.854372e-07,0.0016697524
5893,0,0,0.004012553767915614,1.4833718e-07,3.820967e-06,0.0060382853
5894,0,0,0.010245285488717625,4.5415973e-07,2.4777119e-06,0.011183619
5895,0,0,0.027036349326378502,6.992919e-06,7.678127e-05,0.017359454
5896,1,1,0.45093328322293097,0.9961314,0.982878,0.45386043
5897,0,1,0.04622089379879452,0.00050536625,0.00035852054,0.04537734
5898,0,1,0.014096126742602884,1.2699063e-05,1.4397915e-05,0.015408651
5899,0,1,0.08694419358751522,0.007406722,0.00091779424,0.08567293
5900,0,1,0.6154048256676679,0.99874294,0.9920031,0.61163855
5901,1,1,0.9926668142833112,1.0,0.9999999,0.9911391
5902,0,0,0.0030319804711950553,1.7932265e-08,3.7540022e-07,0.0045213415
5903,1,1,0.5799424755762563,0.9998777,0.9990321,0.57727855
5904,1,0,0.31119968287403205,0.9822841,0.9991304,0.22288442
5905,0,1,0.29458610457173456,0.9441509,0.82593,0.29794797
5906,0,0,0.00926199010835836,1.2682451e-06,5.0931536e-05,0.013884394
5907,0,1,0.03330170385943103,8.952853e-05,3.314155e-05,0.033387955
5908,1,1,0.5236769985421422,0.99821895,0.99476725,0.5280304
5909,1,1,0.9944451745481526,1.0,1.0,0.99435115
5910,0,1,0.005649459772381192,1.794892e-09,4.299598e-10,0.005766224
5911,0,0,0.01188391854264242,2.4912812e-05,0.0001650003,0.017741675
5912,1,1,0.9999999999999889,1.0,1.0,1.0
5913,1,1,0.6757361085783012,0.9999857,0.99990046,0.6710095
5914,0,0,0.0026125719971709185,4.67172e-10,1.8499652e-09,0.003148774
5915,1,1,0.9303683047015227,1.0,1.0,0.9299418
5916,0,0,0.012435504128748946,4.1948306e-07,2.1560415e-06,0.01235727
5917,0,1,0.3890982224163234,0.98724174,0.9027583,0.3959852
5918,0,0,0.0005757357674669111,2.2004334e-11,4.4421952e-10,0.0011745666
5919,1,1,0.7443101308920865,0.99999976,0.9999981,0.7521914
5920,1,0,0.5070520379232172,0.99921596,0.9999906,0.49901715
5921,0,1,0.42454657853380395,0.974626,0.71476907,0.42135468
5922,0,0,0.04144384645322814,0.00032593822,0.015425088,0.042494383
5923,0,0,0.00101390602869643,4.37963e-09,1.4416297e-07,0.002396692
5924,0,1,0.033358644959457465,0.00026166489,7.021415e-05,0.03982663
5925,1,1,0.1916187996851215,0.4084315,0.16456813,0.19308653
5926,0,0,0.10669154676068583,0.10886654,0.8414368,0.112255365
5927,1,1,0.9727569207786566,0.9999999,0.9999995,0.9696037
5928,0,1,0.001557742824349905,1.937468e-09,3.9915543e-10,0.0024921196
5929,0,1,0.1910984875779937,0.8073232,0.45103225,0.19908918
5930,0,1,0.4556401401765262,0.9951998,0.96224284,0.46039224
5931,0,0,0.008248867345839671,1.3432009e-07,5.1183442e-06,0.009150472
5932,0,1,0.18854998290232203,0.04462983,0.010396651,0.18539403
5933,0,1,0.028763100978743964,6.397643e-05,1.876282e-05,0.02676035
5934,0,1,0.5623732874090256,0.99990344,0.99986136,0.56037533
5935,0,0,0.08094502466184547,0.012846247,0.5518862,0.08735318
5936,0,0,0.015327429697745323,1.9820588e-06,1.25118695e-05,0.015753819
5937,0,1,0.03187030710752272,3.457845e-05,1.1476471e-05,0.031752165
5938,0,1,0.1501480339790153,0.15998594,0.052397404,0.14839374
5939,1,1,0.8098680403489183,0.9999994,0.9999988,0.8089354
5940,0,0,0.0023806469273762727,1.1631012e-09,4.0577735e-08,0.0034722164
5941,0,1,0.01655810857637747,1.0811667e-08,4.9996884e-10,0.008042294
5942,0,1,0.0013353514139640924,3.559663e-09,8.0156985e-11,0.0025373017
5943,0,1,0.14367436644927042,0.09155776,0.009004939,0.13333398
5944,0,1,0.005255313165223717,2.2041056e-06,4.550676e-07,0.008285224
5945,1,1,0.8988212119296553,1.0,0.9999999,0.89567405
5946,1,1,0.20018200200130395,0.8431479,0.5510282,0.23318343
5947,0,1,0.2899522402461919,0.9127695,0.6094176,0.2918859
5948,0,1,0.023145602609899427,1.4522827e-05,5.308867e-06,0.022654705
5949,0,0,0.07033260837724147,0.004992691,0.09573602,0.07503142
5950,0,0,0.01860359459409667,4.551727e-06,2.9060986e-05,0.018902697
5951,1,1,0.819903191725059,0.9999956,0.99998116,0.81769973
5952,1,1,0.7520177186813122,0.99999535,0.9999788,0.74687344
5953,1,1,0.7575209937062595,0.99779296,0.9832908,0.74434847
5954,0,1,0.11003220375984035,0.014269869,0.0013363792,0.10952653
5955,1,1,0.6715660606930136,0.99995875,0.999787,0.6632609
5956,0,0,0.05455079611379468,0.0008855449,0.03753487,0.058888383
5957,0,0,0.050439464561567726,0.0014298896,0.009951244,0.050537597
5958,0,0,0.07111708575378119,0.0074049975,0.18459451,0.073543176
5959,0,0,0.19491891804905817,0.58169633,0.98777217,0.20230302
5960,1,1,0.18482544523190086,0.76113534,0.68259776,0.17443538
5961,1,0,0.5942436193413908,0.996487,0.9999672,0.5897167
5962,0,0,0.0027865988505177096,2.498151e-10,7.415325e-09,0.0030420346
5963,1,1,0.7820847095606219,0.99999475,0.9999888,0.78070086
5964,0,1,0.17593918472789163,0.24086234,0.10389011,0.17473915
5965,0,1,0.10146982169624072,0.10582243,0.043770675,0.12625541
5966,0,1,0.6976035842621773,0.99999356,0.9999683,0.7010207
5967,0,0,0.1566404644054131,0.38227904,0.90104073,0.16043675
5968,1,1,0.4825482758399561,0.9983265,0.9883985,0.47921747
5969,0,1,0.39549819271811887,0.9713434,0.8959834,0.39235905
5970,1,1,0.8631503091661754,0.9999751,0.99981475,0.8554516
5971,0,1,0.06612622032952754,0.0025040489,0.000105059844,0.07326606
5972,0,1,0.007460710222233169,1.0406447e-06,2.7749658e-07,0.01046923
5973,0,1,0.6108051806294584,0.99992466,0.9996178,0.60413116
5974,1,1,0.30442962739915347,0.95599854,0.90139985,0.30786392
5975,0,1,0.04000420614170437,0.00044947863,0.0003042383,0.042257845
5976,1,1,0.41180160937970955,0.9979114,0.9777849,0.41723683
5977,0,1,0.001944865061135612,7.357923e-10,1.4336102e-10,0.0027953815
5978,0,0,0.0325922094947397,6.59654e-05,0.0008792162,0.034243464
5979,0,1,0.13190567955696686,0.0936912,0.022830404,0.13366783
5980,1,1,0.49434192159534984,0.9912183,0.96699286,0.4879282
5981,0,0,0.00807766622905699,1.0745721e-07,2.1036722e-06,0.008962926
5982,0,1,0.08067785049885155,0.0018060894,0.0012083091,0.08075199
5983,1,1,0.3972770910297528,0.99895704,0.99061877,0.40049875
5984,0,1,0.0030761736498220705,1.9119313e-10,1.166296e-12,0.0031087408
5985,0,0,0.30047870022273837,0.9644251,0.9999225,0.32518056
5986,0,1,0.03868914664391284,0.0005928374,0.00011133923,0.046156187
5987,0,1,0.19760944779359485,0.4250054,0.0453665,0.19491975
5988,1,1,0.7437480602001204,0.99963367,0.99848735,0.73225564
5989,0,1,0.0043979894615725984,2.07681e-07,1.4186049e-08,0.0065473053
5990,0,1,0.003958070088489531,7.905158e-09,2.3493935e-10,0.0040925606
5991,0,1,0.46069869585841067,0.99830973,0.9956267,0.45562592
5992,0,0,0.03826878954100434,0.00062504376,0.009057562,0.03926627
5993,0,1,0.8720857975438288,1.0,0.9999999,0.8700123
5994,0,0,0.020396024617233912,8.924246e-08,1.0179088e-05,0.015292273
5995,0,1,0.3202449543035625,0.937219,0.8614965,0.30869123
5996,0,0,0.003918975905878441,5.8802314e-09,3.7956305e-08,0.004578786
5997,0,1,0.33908463444357073,0.9643866,0.71480674,0.339451
5998,0,0,0.009222334547306277,5.7530156e-06,4.8720576e-05,0.011999569
5999,1,1,0.23847873825655955,0.6323425,0.22986823,0.24042663
6000,1,1,0.4282892612467005,0.99592245,0.9802602,0.4232979
6001,0,1,0.028440260243841595,0.00081288,0.00012835703,0.035616737
6002,0,1,0.0025773119742243003,3.102106e-09,1.5745165e-09,0.0036540641
6003,0,1,0.21214919874928512,0.5693861,0.15932193,0.2099296
6004,1,1,0.1430114771339924,0.16864713,0.061061975,0.14919809
6005,1,1,0.9740316420324983,1.0,1.0,0.9715139
6006,0,1,0.03213277483783651,6.2873596e-06,2.6520229e-06,0.019611647
6007,0,1,0.23641910452571366,0.8099524,0.5654945,0.23977725
6008,0,1,0.008722332916347499,1.967925e-06,4.368561e-07,0.013824471
6009,1,1,0.5317687844454216,0.9995142,0.99678504,0.52839845
6010,0,0,0.003355631024002175,2.3056983e-09,9.458101e-08,0.0036619892
6011,0,0,0.6426557539402138,0.99992,0.9999999,0.65061486
6012,0,1,0.3836155199370679,0.9800724,0.90387243,0.3896208
6013,0,1,0.8115260041775104,0.999864,0.9989141,0.8042119
6014,0,1,0.4881988696183813,0.9997446,0.9992994,0.50690544
6015,0,1,0.03467549547636383,7.038201e-05,6.3661337e-06,0.03499822
6016,0,1,0.07164347024739459,0.0031201807,0.001149282,0.0744805
6017,0,1,0.4022041856453385,0.9945727,0.97672606,0.4009391
6018,0,1,0.008702915088291711,4.8502713e-08,2.9694666e-08,0.008656318
6019,0,1,0.09742047032392392,0.0127105145,0.0035209649,0.094488166
6020,0,1,0.006179046677324203,3.2497524e-06,2.8337395e-08,0.008561911
6021,0,0,0.00028617009362623896,6.014142e-14,7.42737e-13,0.00045432133
6022,1,1,0.9788346484036401,1.0,1.0,0.97734284
6023,0,0,0.02367675284816542,8.481751e-05,0.0024254068,0.024480063
6024,0,0,0.008669527811437644,0.0006239426,0.011227874,0.01867049
6025,1,1,0.48658581693184316,0.99738115,0.9816513,0.48232976
6026,0,1,0.006540911391783525,3.167124e-06,6.2580733e-07,0.008893797
6027,0,1,0.6853941066849477,0.9999739,0.99993885,0.68570614
6028,0,0,0.003578715604852642,7.2106554e-10,9.309048e-09,0.0039993534
6029,0,0,0.0015133976177076293,4.514459e-09,6.5513355e-08,0.0026084548
6030,0,0,0.5404226635253767,0.97578454,0.99980533,0.5224443
6031,0,0,0.009239614989322237,4.5473615e-07,3.7768332e-06,0.010640768
6032,1,1,0.23117171070796655,0.7414622,0.4535539,0.2318696
6033,0,1,0.07761305920749634,0.0046786414,0.0014157129,0.07614982
6034,0,1,0.14720501456404225,0.040740773,0.01113604,0.15154342
6035,1,1,0.24906432935973338,0.8533416,0.59977365,0.24983521
6036,1,1,0.23963921125574705,0.6044869,0.2521956,0.24108858
6037,1,1,0.5760956864537997,0.9997037,0.99850935,0.5775469
6038,0,0,0.12205093202482145,0.22821459,0.8360984,0.13056007
6039,0,1,0.0010770092097514194,3.7250608e-10,1.00759776e-10,0.0020224892
6040,0,1,0.06190313498874747,0.043175817,0.022461427,0.064068176
6041,0,1,0.03437413928381505,3.9322484e-05,7.5312714e-06,0.0346694
6042,0,0,0.09130830650980955,0.051006816,0.35999176,0.1055905
6043,0,0,0.003471758934586662,4.4022636e-06,5.458725e-05,0.0072739357
6044,0,1,0.004994240765601296,8.234285e-08,3.740136e-08,0.0068850196
6045,0,1,0.007977831549814603,2.5105212e-06,8.6335956e-07,0.0115300305
6046,1,0,0.981671550911804,0.9914158,0.92892826,0.97558224
6047,0,1,0.010551523337162737,2.228483e-07,3.904845e-09,0.010309216
6048,0,1,0.17704813011202858,0.17093915,0.02257585,0.18000317
6049,0,1,0.3260435183183958,0.9563945,0.83562475,0.32600293
6050,1,1,0.7416076032853838,0.99999917,0.9999956,0.7365097
6051,0,1,0.2895734604973246,0.89341855,0.6226425,0.2889745
6052,0,1,0.04985542429439776,0.00023971155,2.49289e-05,0.05157281
6053,0,1,0.050931094921182155,0.00030905148,0.00017023286,0.051957298
6054,1,1,0.6488992054784731,0.9999374,0.9996414,0.64664435
6055,0,1,0.006386541868841175,8.1200704e-07,1.828665e-07,0.008622788
6056,0,1,0.6955997347123776,0.9999951,0.99994195,0.7006239
6057,0,1,0.4260183243247106,0.99840266,0.97516894,0.43875676
6058,0,1,0.1852152824476255,0.17639305,0.066466,0.18950672
6059,0,1,0.41205480223455476,0.9964,0.9808506,0.41201872
6060,0,1,0.023345416637859766,3.3199565e-05,5.172843e-06,0.026633117
6061,0,1,0.0010319416885200927,1.2861679e-11,3.106696e-12,0.0014761469
6062,0,1,0.42649105777282065,0.9969965,0.9882337,0.42612118
6063,0,0,0.002574147813182741,5.2167755e-09,1.3326769e-07,0.003346592
6064,1,1,0.5208915758379832,0.99812573,0.9859653,0.51314694
6065,1,1,0.9958363043918366,1.0,1.0,0.9951172
6066,0,0,0.005534810854951936,4.7382374e-09,2.5314034e-07,0.0064140814
6067,0,1,0.25852803963895277,0.66300255,0.41163468,0.2533915
6068,1,1,0.015122793925584249,1.7818275e-06,1.0461119e-07,0.016419774
6069,1,1,0.8662962478944409,0.9999738,0.9998617,0.8562765
6070,0,0,0.000631466369890229,1.0615634e-10,2.075977e-09,0.0011215145
6071,0,1,0.1876833061659738,0.368149,0.021702252,0.20259394
6072,0,1,0.9072886494427408,0.99999905,0.9999943,0.9052052
6073,0,1,0.15003883400566848,0.11945958,0.022644619,0.14460422
6074,1,1,0.9999999999999953,1.0,1.0,1.0
6075,0,0,0.022603969238322977,1.44029955e-05,0.0001509023,0.02514221
6076,0,1,0.6019988747854456,0.9999454,0.99949765,0.60834664
6077,0,1,0.05382588497274652,0.00025335292,2.480729e-05,0.056831367
6078,0,0,0.01155835865841332,3.5856755e-07,3.831786e-06,0.0124517875
6079,0,0,0.3250944598482356,0.65283453,0.9979869,0.3252659
6080,0,1,0.062435008542090255,0.0021085918,0.0015937157,0.059660662
6081,1,1,0.8603682788375943,0.9999999,0.9999995,0.8570743
6082,1,1,0.9774052736943634,1.0,1.0,0.9751057
6083,1,1,0.29282385065150396,0.94555646,0.7287756,0.28604707
6084,0,1,0.5563532919073506,0.9993598,0.99298567,0.55123496
6085,0,1,0.3098617895799287,0.8844531,0.037561614,0.31091046
6086,0,1,0.5653584532983641,0.99986327,0.9995827,0.5699701
6087,1,1,0.0599014553064027,0.00034127402,0.0003366675,0.06084083
6088,0,0,0.05945218038990813,0.007581118,0.10586664,0.060009103
6089,0,1,0.08222530063453214,0.001681209,0.00041592395,0.08670639
6090,0,0,0.5782323259771821,0.99414355,0.99986684,0.58621144
6091,1,1,0.25967747271191616,0.84769446,0.5474679,0.2566462
6092,0,1,0.0786090620365544,0.0048527727,0.0010753276,0.07987182
6093,0,1,0.059668796792777375,0.000683434,0.0003159802,0.057504468
6094,1,1,0.3241530140826767,0.97227615,0.90519786,0.3178163
6095,0,1,0.6395535160850391,0.99993765,0.99977183,0.63222045
6096,0,0,0.05392407046058459,0.0014411309,0.01646372,0.05665277
6097,0,0,0.006087510062305686,2.0847953e-07,8.400379e-06,0.0074313264
6098,0,0,0.0023122454635518576,1.4925794e-10,2.808641e-09,0.0026666678
6099,1,1,0.9199804835460923,0.99999964,0.999997,0.91582227
6100,1,1,0.9958369563214869,1.0,1.0,0.9951049
6101,0,0,0.04548727487960864,0.0009702025,0.034174968,0.047514513
6102,0,1,0.0754584057604366,0.011305361,0.0013311267,0.08877359
6103,1,1,0.5641867810669385,0.9899985,0.9348433,0.55412894
6104,0,0,0.01869457448507773,6.465864e-05,0.00047980717,0.022102816
6105,0,0,0.04857429224621111,7.4962874e-05,0.016364787,0.05066959
6106,0,0,0.02910860060433541,7.79156e-05,0.0007577022,0.030576462
6107,0,1,0.8966604448076394,1.0,0.9999999,0.89552504
6108,0,1,0.005066738072937579,7.356454e-09,4.6188724e-09,0.0050780685
6109,0,0,0.05921888187181309,0.001066824,0.04073851,0.06295446
6110,0,1,0.23718298119293546,0.92032933,0.80709636,0.23652959
6111,1,1,0.5516606448421986,0.99931455,0.9946327,0.5520991
6112,1,1,0.9692319697925448,1.0,0.99999976,0.9664031
6113,0,1,0.4024597421250151,0.9874717,0.90691894,0.41038027
6114,0,1,0.006093957234280715,6.232814e-08,6.319228e-08,0.009736017
6115,1,1,0.3595459369560367,0.9789228,0.8980216,0.36069715
6116,0,1,0.4104549593301097,0.98147595,0.9377548,0.41105974
6117,0,0,0.8118786267653436,0.99999964,1.0,0.81224304
6118,0,1,0.1964824662884361,0.862895,0.6224859,0.21707962
6119,1,0,0.2441274681031176,0.7988297,0.99695927,0.24455038
6120,0,0,0.011659063473594498,7.5285254e-07,2.2230617e-05,0.012731337
6121,0,0,0.009731472872483788,5.0007907e-07,4.4380095e-06,0.011276129
6122,0,0,0.004117672091252615,1.15578885e-07,1.3859923e-06,0.0071469937
6123,1,1,0.9277575254638853,1.0,0.99999976,0.92753184
6124,1,0,0.10303897122794116,0.031841904,0.9022693,0.116483726
6125,0,1,0.012229050599918115,1.704726e-06,8.481499e-09,0.012342882
6126,0,1,0.5257259495313669,0.99870837,0.9895556,0.5276376
6127,1,0,0.01903835006625593,4.95615e-05,0.00022517079,0.022215735
6128,0,0,0.011136717907133576,3.5664862e-06,1.0153086e-05,0.013714564
6129,0,0,0.033874433750538856,0.00017434955,0.0011886067,0.03650804
6130,1,0,0.15861032739525657,0.047891386,0.33038756,0.16270594
6131,1,1,0.22372841122532106,0.7636743,0.47434676,0.24081518
6132,0,1,0.35255096505779054,0.94916356,0.71525496,0.35894072
6133,0,0,0.003393454342302564,1.06953166e-07,1.0038888e-06,0.004956426
6134,1,1,0.9579024389847064,1.0,0.9999999,0.9554353
6135,1,1,0.5227770193514342,0.9984932,0.9921428,0.5151151
6136,0,1,0.07815918400783245,0.005753903,0.0019417632,0.075742595
6137,0,0,0.0018355680156736081,8.4051605e-10,2.973083e-08,0.0027050003
6138,0,0,0.0009930012721856584,3.846033e-11,3.9975656e-10,0.0015307218
6139,0,0,0.016614760867266754,9.933917e-05,0.0013326234,0.023050725
6140,1,1,0.6659748923704187,0.99995697,0.9997908,0.6629526
6141,0,1,0.3981343109645582,0.98902017,0.9393566,0.39444208
6142,1,1,0.8565533766188392,0.9999962,0.99998915,0.8543891
6143,1,1,0.954648544136972,0.9999999,0.99999964,0.94970953
6144,0,0,0.16155953020947167,0.015483565,0.12466162,0.16824271
6145,0,1,0.02818774331266394,0.00010828287,8.18317e-06,0.029724963
6146,0,1,0.004732771381942446,1.0704679e-06,7.152935e-09,0.006682236
6147,1,1,0.83899127355261,0.99999976,0.99999857,0.8358831
6148,1,0,0.4009745840651711,0.9934451,0.99998045,0.40415013
6149,0,0,0.0010901296972380455,6.645171e-11,7.4258516e-10,0.001674071
6150,0,0,0.012795894208517079,5.349819e-07,4.1373987e-06,0.014189285
6151,0,1,0.626237643851854,0.99987173,0.99982417,0.6221556
6152,0,0,0.02731270394258834,0.00024924107,0.0028271433,0.03309086
6153,0,0,0.02889782974451955,4.105631e-05,0.0013115673,0.030172573
6154,0,0,0.0049195069035998015,5.152017e-09,7.550356e-08,0.0054644365
6155,0,0,0.0007783677272340561,1.4299253e-07,1.2713933e-09,0.0032698137
6156,0,0,0.0999044066750072,0.06464704,0.32765386,0.10887017
6157,1,1,0.6965094444274105,0.9999914,0.9999083,0.69691396
6158,1,1,0.8333180529077494,0.99999917,0.9999951,0.83508795
6159,1,1,0.5673020955143682,0.9994158,0.99797803,0.5753583
6160,1,1,0.22170025067386645,0.58813065,0.30344498,0.22532497
6161,0,0,0.0288330469818104,4.645145e-05,0.0006493318,0.030105047
6162,0,1,0.6538687162722846,0.99842924,0.98614275,0.6434451
6163,0,0,0.015468423943069772,2.5533134e-05,8.9362795e-05,0.017339425
6164,0,0,0.0882447599036115,0.0816131,0.71428514,0.09709594
6165,0,1,0.056196948588346375,0.012698307,0.0012892559,0.060315818
6166,0,0,0.011393097515110591,2.770009e-05,0.00047216352,0.017068071
6167,1,1,0.7847452448301588,0.9999993,0.9999962,0.7805395
6168,0,1,0.25077364516391737,0.847809,0.62037706,0.25019863
6169,0,1,0.10841436945044186,0.031546123,0.0107797105,0.107091814
6170,1,0,0.7557925604826704,0.99999523,1.0,0.7577077
6171,0,0,0.022929505879926385,0.00111047,0.019763744,0.033471357
6172,0,0,0.0005713468449406698,3.5243518e-12,3.259269e-12,0.00088379416
6173,0,0,0.07842561833863061,0.0001768483,0.0027373428,0.03858303
6174,0,0,0.0014156058765137445,3.234644e-09,3.986035e-08,0.0024361787
6175,0,1,0.05647647553836244,0.0004975961,7.416614e-05,0.05580547
6176,0,0,0.0056045221044563175,9.933974e-07,1.9909643e-05,0.008357924
6177,0,1,0.002004512229458517,5.701401e-10,2.7283398e-10,0.0027959226
6178,0,1,0.1005942965632158,0.0010109806,1.417597e-05,0.102379136
6179,0,1,0.07130892803720755,0.0015462665,0.0003681235,0.069997415
6180,0,1,0.01534140932559088,2.2878103e-06,1.8849255e-07,0.016608063
6181,0,1,0.03873116714358434,0.00010063739,1.876189e-05,0.040123034
6182,0,1,0.002463526911770493,1.2273771e-08,6.441704e-11,0.0034943442
6183,0,1,0.2709889899385949,0.8313315,0.45860773,0.2723268
6184,0,1,0.2599759006939141,0.9291255,0.7176229,0.26505497
6185,0,0,0.04109489446260402,0.000667876,0.01233632,0.04349345
6186,0,1,0.005355769193113638,3.3909149e-07,1.154522e-07,0.0074246535
6187,0,1,0.057908753185697506,0.00044555913,0.00013284075,0.060426474
6188,0,1,0.00383299494442427,2.85376e-07,5.8340618e-08,0.0060401866
6189,0,1,0.16234081165581146,0.07575093,0.012578765,0.16307837
6190,0,1,0.1447409923267362,0.09269377,0.013476972,0.15012632
6191,0,0,0.0022290097101056255,1.9442025e-08,1.6703305e-07,0.0035594334
6192,1,1,0.2796318243487877,0.87852156,0.5438091,0.28302348
6193,0,1,0.0009379856640195323,1.1355155e-11,2.454376e-12,0.0013520315
6194,0,1,0.010237609924497472,0.0004497242,0.000119962024,0.019240018
6195,0,0,0.0020656364726214264,7.678979e-11,6.142091e-10,0.0023529017
6196,1,1,0.18304693906663605,0.3661178,0.4794595,0.17938353
6197,1,1,0.3010847491925382,0.88472456,0.5564421,0.30781186
6198,0,0,0.017017366353972878,4.1969856e-06,2.3969753e-05,0.017494323
6199,1,1,0.78176054641373,0.9999976,0.9999902,0.7769137
6200,0,0,0.04743752103986172,0.004068742,0.0514007,0.052622635
6201,0,1,0.017930306886107753,8.450227e-06,2.2637457e-06,0.020011028
6202,0,0,0.004000608698114587,1.8549819e-06,1.9990712e-05,0.00603949
6203,0,1,0.678673155829543,0.99996626,0.99982667,0.6700213
6204,1,1,0.47268264142311256,0.9974993,0.98630476,0.46941692
6205,0,0,8.508813989504104e-05,1.06066015e-11,2.2137359e-15,0.00038419044
6206,0,1,0.2577565588004211,0.72347003,0.25929347,0.2590495
6207,1,0,0.963955774312196,1.0,1.0,0.96110314
6208,0,0,0.012764061163714844,5.676731e-07,1.5857226e-05,0.0137066
6209,0,1,0.01091618982678849,1.877644e-05,8.308891e-07,0.015764358
6210,0,0,0.08441394530318715,0.020878172,0.6812927,0.087689914
6211,0,1,0.19712089165445223,0.8635993,0.632532,0.21796115
6212,0,1,0.020008199526736097,5.96023e-06,2.380739e-06,0.020069763
6213,0,1,0.014930330389158895,4.9486603e-06,1.6980409e-06,0.016792573
6214,0,0,0.00010440302687207649,1.8171322e-11,1.6101917e-14,0.00045503234
6215,0,1,0.45538214697282514,0.9987999,0.9939831,0.45581225
6216,0,1,0.3784478656078434,0.97867817,0.8265986,0.38628855
6217,1,1,0.919284447439013,0.99995315,0.9998212,0.90662533
6218,0,1,0.5586883957981235,0.9996226,0.99835473,0.5576656
6219,0,1,0.16132732113000248,0.26694053,0.08108509,0.16005258
6220,1,1,0.23235925878766742,0.7493928,0.7998365,0.2274527
6221,0,0,0.0028769621413198454,1.3029676e-08,2.6756538e-07,0.0043031024
6222,1,1,0.2550871196622917,0.96210283,0.84138143,0.2640231
6223,0,1,0.008247050154524503,3.6653382e-06,1.0086775e-06,0.0110144485
6224,0,1,0.025889796886817088,1.2775468e-05,6.5234126e-06,0.025775492
6225,0,1,0.005639783174541809,6.162667e-08,2.9029042e-08,0.006362603
6226,0,1,0.0007603310691692254,6.204797e-12,3.7883523e-13,0.0011602406
6227,0,1,0.0033268898550041217,6.1933754e-08,2.5746184e-08,0.0047761584
6228,0,1,0.1224335172786124,0.1212871,0.00082161167,0.12490601
6229,1,1,0.053359558641061476,0.0011218918,9.935641e-05,0.055505797
6230,1,1,0.9999999999999469,1.0,1.0,1.0
6231,0,0,0.02453612006966811,1.275866e-06,1.8368906e-05,0.013540675
6232,1,0,0.9212498347031324,0.9999001,0.9999826,0.90964395
6233,0,1,0.04141375375581836,0.0009913519,0.00015224845,0.043599434
6234,0,1,0.02811671482005018,0.01988878,0.015459349,0.047954
6235,1,1,0.40923497274692444,0.9868278,0.92654973,0.41399536
6236,0,1,0.24312525014277922,0.6725798,0.25597858,0.24451746
6237,1,1,0.6221484556193715,0.9996613,0.99922276,0.62183064
6238,1,1,0.20011313709145792,0.09098328,0.031182572,0.22451106
6239,1,1,0.5172407069270085,0.99942416,0.99723476,0.5102297
6240,0,0,0.06414635845576089,0.031999085,0.4090849,0.06430797
6241,0,1,0.04303215712313131,0.0032443285,0.0018979361,0.05818438
6242,0,0,0.026854339807821963,1.4491948e-05,0.00025124667,0.02846595
6243,1,1,0.9184966139008003,0.9999982,0.9999927,0.91461277
6244,0,1,0.02683811559363127,0.00018676903,4.9936807e-05,0.03023828
6245,0,1,0.460292410478916,0.9962955,0.9914267,0.454897
6246,0,1,0.04799004567516173,0.00041286324,0.00012372955,0.029906545
6247,0,0,0.021032624023857874,0.0011472059,0.03278968,0.031175327
6248,0,0,0.008734031745381234,5.6085364e-06,8.934456e-05,0.013226841
6249,1,1,0.788580129346452,0.99999857,0.9999913,0.7959863
6250,0,0,0.05855385783046911,0.002878879,0.06153183,0.062994316
6251,0,0,0.18930020105296394,0.3805016,0.98992574,0.1945569
6252,1,0,0.4038002239305566,0.99682117,0.99999046,0.3964798
6253,0,1,0.15273306988851235,0.1609164,0.14666046,0.14984873
6254,1,1,0.0613411901301908,0.0034981007,0.0005019108,0.061547432
6255,0,1,0.19479506551254172,0.4502798,0.16166458,0.19655895
6256,1,0,0.5938912969675777,0.9994745,0.9999974,0.5853254
6257,0,1,0.0014705758104347373,1.7637236e-10,2.1358588e-12,0.002075655
6258,0,1,0.5112583374158581,0.9987942,0.99491405,0.51220983
6259,0,1,0.2390874007056125,0.8093109,0.30651727,0.24087803
6260,0,0,0.08816459380174195,0.0078259865,0.14633814,0.09229702
6261,0,1,0.004391403499964568,1.9998079e-06,7.966067e-07,0.007985026
6262,0,1,0.11534274120007305,0.49289268,0.22966586,0.1333092
6263,0,0,0.0101972081895162,8.90753e-08,1.9808758e-06,0.0113519
6264,0,1,0.13044898901801094,0.076050855,0.015979256,0.15176485
6265,0,0,0.009406700566307479,4.1537794e-07,1.1453662e-05,0.0102705555
6266,1,0,0.9940619498872726,1.0,1.0,0.9930288
6267,1,1,0.9003538850117241,1.0,1.0,0.89814067
6268,1,1,0.3834206933241474,0.9940851,0.98206633,0.3846195
6269,0,1,0.004710678964911046,1.7629829e-07,6.0489945e-08,0.0065405965
6270,1,1,0.9788372792219712,1.0,1.0,0.9772375
6271,0,1,0.330117929532997,0.9809384,0.9133468,0.3259689
6272,0,0,0.013282628550544504,2.924958e-06,4.5700494e-05,0.013982645
6273,0,1,0.17887443239716322,0.18943599,0.023358399,0.18120685
6274,1,1,0.9965139827179401,1.0,1.0,0.9958305
6275,0,1,0.008300621675598488,3.478152e-06,4.9143847e-07,0.011028539
6276,1,1,0.27519566268233825,0.81714094,0.3241986,0.27039468
6277,0,1,0.13560721702495832,0.06337541,0.010046634,0.13195
6278,0,0,0.08628871391691971,0.00040794202,0.0030392478,0.041153494
6279,0,1,0.1977164828333912,0.47392088,0.07421224,0.19489406
6280,0,0,0.02778275703899903,0.00033803162,0.0017939243,0.03268129
6281,0,0,0.001223639504895046,1.7167788e-10,5.51688e-09,0.001885148
6282,0,1,0.039832196862393074,0.0003614177,2.7642775e-05,0.039410185
6283,0,1,0.11259143690375714,0.19993578,0.08911956,0.12815586
6284,1,1,0.8169433992304621,0.9999995,0.9999975,0.81659377
6285,0,1,0.18136281178524152,0.2734382,0.07072803,0.18348609
6286,0,0,0.06336212437586132,0.0019362433,0.018118951,0.06871031
6287,0,1,0.17166950621283603,0.36827013,0.03354432,0.18461184
6288,0,0,0.01983020681966676,2.2525159e-05,0.0014943833,0.02072346
6289,0,1,0.009429690964543063,4.018662e-08,2.4371209e-08,0.0094940765
6290,0,0,0.0013187528180587664,1.01952745e-10,1.0687599e-09,0.0019955577
6291,1,1,0.4248362499309288,0.99727744,0.9672938,0.42560506
6292,0,0,0.012934476725870685,0.00010013598,0.0011007536,0.01948482
6293,0,1,0.008695103218514548,5.2038344e-05,3.7961271e-07,0.012197998
6294,0,1,0.005037336271428355,1.1918312e-06,4.2325965e-07,0.007948418
6295,0,1,0.0038585784564423254,3.8583217e-09,1.942388e-10,0.0043699373
6296,0,1,0.01598082239023113,1.948154e-06,8.5504513e-07,0.016130783
6297,0,1,0.016274621576644617,5.71652e-07,6.08799e-08,0.010510185
6298,0,0,0.01061879805270791,5.318188e-05,0.00061781006,0.019830495
6299,1,1,0.9491438951376969,1.0,1.0,0.948446
6300,0,1,0.062025732258806136,0.0015467803,0.00022748456,0.059746612
6301,0,1,0.0807316890170658,0.004373991,0.004994288,0.079060145
6302,0,0,0.0002916032514024291,9.551167e-13,1.3612705e-11,0.00060235127
6303,1,0,0.5870569007874069,0.999695,0.99999845,0.5929362
6304,1,1,0.4899481218981221,0.9995547,0.9985831,0.48903802
6305,1,0,0.050486346221289044,0.0009659417,0.015518939,0.053203072
6306,0,1,0.005601412449405481,5.606666e-09,3.646774e-10,0.006084929
6307,1,1,0.8621998682829508,0.99999774,0.9999851,0.8637691
6308,1,1,0.32677534200212016,0.9800044,0.90186656,0.32213846
6309,0,1,0.4319842170429971,0.9928931,0.9658691,0.42761657
6310,1,1,0.5528630727275775,0.99739146,0.98043436,0.5581618
6311,0,1,0.10576537652860933,0.014607158,0.0031265959,0.109416105
6312,0,0,0.028407340749802164,0.00037926395,0.006245478,0.034353882
6313,0,0,0.05251489739566056,0.001159766,0.014181662,0.0540855
6314,0,1,0.003119644903044049,1.195441e-10,4.531484e-11,0.0031929004
6315,0,0,0.09880919655703427,0.85571504,0.992599,0.17618121
6316,1,0,0.16365152803831556,0.15592645,0.97098064,0.17030047
6317,1,1,0.7297004998243524,0.9999906,0.9999554,0.7256425
6318,0,0,0.06951649563715126,0.00031342215,0.016062167,0.0700289
6319,0,1,0.4182266784962338,0.9990256,0.98887795,0.4312607
6320,0,0,0.007362890290016828,5.3868102e-06,0.00012441218,0.010996621
6321,1,1,0.25181362526735396,0.8206115,0.41097322,0.25205988
6322,0,1,0.0036126360281700963,7.505726e-09,3.1175102e-09,0.0049809413
6323,1,0,0.28369109977576534,0.0049655116,0.06075502,0.34110197
6324,0,1,0.4695371008380365,0.99662787,0.9898914,0.4996438
6325,0,1,0.6074767222449103,0.9999697,0.99987113,0.6078012
6326,0,0,0.015533015798890356,2.1529531e-06,5.453969e-05,0.018849896
6327,0,0,0.3673009408717384,0.73180586,0.9677569,0.37188312
6328,0,0,0.02072667211929413,3.9418297e-05,0.00054179033,0.021805808
6329,0,1,0.024023853766426902,6.50402e-05,5.4493153e-06,0.02602706
6330,0,1,0.010021885651931225,2.887358e-05,1.9981468e-05,0.01651839
6331,0,1,0.060076628517033666,0.009614259,0.0007574687,0.064816125
6332,1,1,0.5249769258344168,0.9999057,0.9996587,0.53594255
6333,1,0,0.3852555294957447,0.97526693,0.9998933,0.38539317
6334,0,1,0.0015282127100445073,6.790182e-11,3.212917e-11,0.00218972
6335,0,1,0.749419916011585,0.99978757,0.999228,0.75830394
6336,0,1,0.007097479130026855,7.3346813e-09,1.9793773e-09,0.0072443257
6337,0,0,0.009395046932635076,4.0436273e-08,1.0837507e-06,0.010008165
6338,0,0,0.022171145486494643,0.0013046011,0.048277702,0.03233
6339,0,0,0.017540842693514764,1.13826645e-05,0.00012402284,0.018055161
6340,0,1,0.09215733029341269,0.050437085,0.023758037,0.089060515
6341,0,0,0.024989576943898736,8.4336745e-05,0.0034490249,0.026262663
6342,0,1,0.010932853959863667,1.14438436e-07,2.922705e-08,0.011343287
6343,1,1,0.7636930558207113,0.9999958,0.9999708,0.75825304
6344,0,1,0.003836867477768955,1.1841728e-07,3.777964e-08,0.0054535554
6345,0,0,0.0013940108496269714,3.3611486e-10,3.6052936e-09,0.0021445998
6346,0,1,0.030877021265373696,3.3578664e-05,7.278568e-06,0.02992082
6347,0,1,0.05708713245551351,0.00088255416,0.00032500454,0.058016464
6348,0,1,0.06119367927898598,0.0014534856,0.00023529773,0.05878463
6349,1,1,0.8043398292269645,0.9992387,0.9794335,0.78689843
6350,1,1,0.9993461318971264,1.0,1.0,0.999218
6351,0,0,0.0008600553921849633,3.1706573e-10,3.954372e-09,0.0017359671
6352,0,0,0.03792869749474479,0.00031473607,0.0020002574,0.039303288
6353,0,1,0.002619606380816238,3.7881158e-08,1.0691498e-08,0.0042028767
6354,1,1,0.35198222286961883,0.97649264,0.86782473,0.35205308
6355,0,1,0.10665122002472313,0.010029168,0.0022213992,0.108992085
6356,0,1,0.07733612980474526,0.003607519,0.00031120333,0.07413722
6357,0,1,0.4128607992227583,0.9958121,0.990276,0.40897655
6358,1,1,0.6606536278639847,0.9999188,0.9994295,0.6593035
6359,0,1,0.007942270815008846,2.0078608e-06,4.2072946e-07,0.010503389
6360,0,1,0.4981974732828763,0.99942917,0.992861,0.51697385
6361,0,1,0.06852087480283324,0.00064550986,7.503868e-05,0.07195627
6362,0,1,0.3239327643686984,0.9575959,0.7642781,0.31609395
6363,0,1,0.03826816244900743,0.0005145077,3.353418e-05,0.041486762
6364,0,0,0.01188529350028541,6.4284104e-05,0.00065947225,0.016760051
6365,0,1,0.12017304738035495,0.029372284,0.0011436184,0.122665115
6366,1,1,0.9999999999999845,1.0,1.0,1.0
6367,0,0,0.004833138234094311,1.7665831e-09,2.7154e-08,0.0053842766
6368,0,0,0.03889946610291807,0.00013994052,0.0010170615,0.04179834
6369,0,1,0.051294840883631655,3.064803e-06,2.237829e-06,0.06623586
6370,0,0,0.041913296727872036,0.00015103014,0.0019211622,0.043326538
6371,0,1,0.027023215571418735,0.0011580427,0.00038174508,0.035795208
6372,0,1,0.20216553441953716,0.8818388,0.68375343,0.22343105
6373,1,1,0.26946370817168597,0.8489073,0.4972018,0.2630847
6374,0,0,0.00733010809403182,4.5028514e-07,2.8631805e-06,0.008909935
6375,1,1,0.6374589884761551,0.9999881,0.9999237,0.64577657
6376,0,1,0.4033696143814867,0.9816741,0.8860623,0.3984102
6377,0,1,0.2733101338786464,0.796109,0.38702676,0.27499056
6378,0,1,0.00713023571932558,6.6837214e-07,4.4659834e-07,0.00992795
6379,0,1,0.004319788094505661,1.5105931e-07,7.6278805e-09,0.006449896
6380,0,1,0.05343559083539753,0.00037239178,4.792462e-05,0.052721653
6381,1,1,0.46888078837059516,0.9994725,0.99788135,0.4828163
6382,0,1,0.6851120430053171,0.9999819,0.9998658,0.6848602
6383,0,1,0.008633611000773067,5.1040928e-08,8.4807666e-10,0.008943565
6384,0,1,0.09966922762534153,0.02192451,0.00340729,0.101591066
6385,0,1,0.20183161041363934,0.48045012,0.1101119,0.19997382
6386,0,1,0.032598814217925556,0.000121410645,2.9271565e-05,0.031781923
6387,0,0,0.10395510092799827,0.026927032,0.4625268,0.108579926
6388,0,0,0.02600557382165953,3.2986918e-05,0.00014783326,0.027324328
6389,1,1,0.5265497088549679,0.999823,0.9986167,0.5389845
6390,0,0,0.005592105800876758,2.796912e-09,1.0009787e-08,0.0057898453
6391,0,1,0.20332728760172936,0.8976898,0.5679369,0.20503339
6392,0,1,0.0735496544330796,0.00603654,0.001928419,0.07276368
6393,0,1,0.024491894752012477,2.0553132e-05,1.8215894e-06,0.026153833
6394,0,1,0.03175728102508171,0.027685717,0.0044221785,0.054927684
6395,0,0,0.0024337342491668403,6.8536083e-09,8.3254704e-08,0.0035168116
6396,0,1,0.003362921446226437,2.1545157e-09,1.8939578e-10,0.0038350462
6397,0,1,0.1254765804298519,0.010909514,0.0041253627,0.12922688
6398,1,1,0.714867528784578,0.9999851,0.9999354,0.7111173
6399,0,0,0.0025428756271090895,7.2517468e-09,2.0808166e-07,0.003835396
6400,0,1,0.213257004289938,0.47906488,0.3653488,0.21277755
6401,0,1,0.0025389976616956513,6.625536e-09,3.9559694e-10,0.0038223823
6402,1,1,0.9196441422663083,0.99999857,0.9999851,0.90877473
6403,0,1,0.0025910384154354156,3.996577e-09,6.8314315e-10,0.0036618498
6404,0,1,0.6228668826757726,0.999974,0.9998933,0.62482303
6405,0,1,0.09536559324819158,0.018825468,0.0046306453,0.11370215
6406,0,1,0.016002870050077223,2.4989554e-06,1.5274103e-06,0.015584299
6407,0,1,0.5215450470929647,0.99243873,0.96704406,0.52703995
6408,1,1,0.5589553752705662,0.99930465,0.99720484,0.5513664
6409,1,1,0.685223256928048,0.99994516,0.99986994,0.68479043
6410,0,0,0.47194234922696227,0.9946103,0.99999046,0.48071834
6411,0,0,0.0347683790199158,8.808434e-05,0.0005011132,0.037359867
6412,0,1,0.16035274194127702,0.012910114,0.011194587,0.18874393
6413,0,0,0.29027513371762775,0.5943776,0.9966171,0.29527995
6414,0,1,0.3029374952932143,0.9807084,0.845084,0.30922452
6415,1,1,0.25797534480614104,0.7698101,0.36242,0.25846952
6416,0,1,0.08555247576724108,0.0032724552,0.00023880521,0.08912118
6417,0,1,0.2155179315060272,0.68961364,0.43079263,0.20096342
6418,1,1,0.4385733585713515,0.9947542,0.9765727,0.44221565
6419,1,1,0.3813971285946509,0.9787934,0.87027365,0.3803726
6420,0,1,0.0038313124035406756,1.5303615e-09,4.5995527e-11,0.0054395017
6421,1,0,0.25351163311383085,0.91869545,0.9849594,0.24946839
6422,0,1,0.11825705351065506,0.05011426,0.0016940975,0.12855294
6423,0,1,7.572364913759381e-05,1.7123182e-10,2.1776035e-15,0.0004197437
6424,1,1,0.7768286881204237,0.99997973,0.99987614,0.77525795
6425,1,1,0.8351203815727174,0.99999976,0.99999905,0.831568
6426,0,1,0.0813352118131377,0.13610345,0.07138974,0.10515377
6427,1,1,0.9012931571524214,1.0,1.0,0.89966077
6428,0,0,0.0021744820033169684,4.44117e-10,7.3129183e-09,0.0027027193
6429,0,1,0.026619199501623843,5.9510203e-05,7.906201e-06,0.028081542
6430,1,1,0.4518174145509161,0.99931276,0.9946925,0.4457514
6431,0,1,0.8271316328728581,0.99999964,0.99999857,0.8224884
6432,0,1,0.48624905533947027,0.9976962,0.9921818,0.48675516
6433,0,1,0.05073360803509053,0.0035327778,0.00022310176,0.054998763
6434,1,1,0.3479449052958561,0.996348,0.9486931,0.35599846
6435,1,1,0.23403866126240566,0.7832252,0.246397,0.2315705
6436,0,1,0.09262401150655092,0.00840863,8.559917e-05,0.09338087
6437,0,1,0.01790372598069861,2.4793428e-06,8.361681e-07,0.017409436
6438,0,1,0.03261872547524914,0.0035869787,0.0011341054,0.043049138
6439,0,1,0.18895624498479485,0.35663134,0.08048474,0.19076724
6440,0,1,0.6843432674619314,0.99999,0.99997985,0.68425804
6441,0,1,0.009139160258950837,2.0471225e-06,2.4322156e-07,0.012665063
6442,0,1,0.3155428654932314,0.9494936,0.7858304,0.31547529
6443,0,0,0.003643207537391948,4.622928e-08,5.1474717e-07,0.0054670777
6444,0,0,0.019721000856102046,1.0063802e-05,0.0002505436,0.021904517
6445,0,0,0.007389469936510815,4.8473757e-06,0.00013112392,0.010923868
6446,1,0,0.5148855833976769,0.99896073,0.9999968,0.50895095
6447,0,0,0.04184395209438031,0.0006691681,0.008869858,0.04413148
6448,0,0,0.013846292098937063,2.3042853e-06,6.8552574e-05,0.015111342
6449,0,1,0.034813097292698526,0.022520997,0.0010401417,0.05203561
6450,0,1,0.25023883523458035,0.7655058,0.4050613,0.25182885
6451,0,1,0.025390655680858704,0.0010803563,0.00033467432,0.03499288
6452,0,1,0.0737632809386508,0.005320445,0.0009255127,0.07695022
6453,0,1,0.19132423838115295,0.6704149,0.06492432,0.20792636
6454,0,1,0.10239385407583934,0.030376595,0.0038855097,0.13067107
6455,0,1,0.002802013306601848,7.120901e-10,8.8502633e-10,0.0032020498
6456,0,0,0.004452290299793338,4.1699728e-08,1.6947633e-06,0.0054863156
6457,1,1,0.7224966688142775,0.99999714,0.9999753,0.7172707
6458,0,0,0.03234454934653048,0.00011978005,0.0007196019,0.032532576
6459,0,0,0.13093972832987558,0.20919958,0.9155673,0.13638645
6460,1,1,0.6514235552769374,0.9998976,0.9997142,0.65813303
6461,0,1,0.14328670562606236,0.07884818,0.019956693,0.14661722
6462,1,1,0.4403166854864086,0.9951656,0.9767924,0.44315255
6463,0,0,0.0026372588328685783,2.2041481e-10,3.9471457e-09,0.0034564296
6464,1,1,0.8227361085048998,0.9999995,0.9999982,0.8193731
6465,1,1,0.1595365818206668,0.5960425,0.1629012,0.16420797
6466,0,1,0.14195371696945258,0.099784344,0.02914801,0.14319482
6467,0,1,0.017254601712549073,2.9317105e-06,7.3348383e-07,0.01686202
6468,0,1,0.14154775133980596,0.03278776,0.019792885,0.13840741
6469,0,0,0.046180349315255595,0.0018984338,0.033524588,0.04713886
6470,0,0,0.013293022679582536,9.002801e-07,5.077128e-06,0.013141725
6471,0,1,0.06849928973062179,0.019918775,0.0018493535,0.0733758
6472,1,0,0.6074157303068073,0.99986005,0.99999964,0.6124573
6473,1,1,0.9962034080560617,1.0,1.0,0.9953976
6474,0,0,0.09511781927832891,0.001893324,0.014301603,0.10194205
6475,0,1,0.001330358264653099,1.685947e-11,7.725044e-12,0.0019192604
6476,0,1,0.1583596661157936,0.5483606,0.23057824,0.15408486
6477,1,1,0.4780550906844393,0.9996575,0.99831486,0.4833513
6478,1,1,0.9845377499159177,1.0,0.9999995,0.9818642
6479,1,1,0.34627812548827247,0.985159,0.91667014,0.3611179
6480,0,1,0.00684072471733779,7.4368285e-07,1.488689e-07,0.009399483
6481,0,0,0.03981069373665202,0.027716437,0.6397874,0.057697523
6482,0,1,0.005004132246021842,2.5554945e-07,6.850345e-08,0.006955468
6483,1,1,0.5573743607363757,0.99967355,0.99930704,0.59945595
6484,0,1,0.2522237514081003,0.7866014,0.4350662,0.25037232
6485,1,1,0.9962945372780475,1.0,1.0,0.9956237
6486,0,0,0.002337085882975076,4.466496e-09,1.6462138e-07,0.0035501602
6487,0,1,0.3062200013523622,0.8972633,0.5064624,0.30584818
6488,0,0,0.02280684979247572,5.1062434e-06,6.22969e-05,0.024169434
6489,1,0,0.17818295836428824,0.44258466,0.888936,0.18769163
6490,1,0,0.9428710380334785,0.9999993,1.0,0.93924147
6491,0,0,0.010321684063826985,4.9044405e-07,2.7925353e-05,0.010796304
6492,0,1,0.416545211183352,0.9979613,0.99182546,0.43153945
6493,0,0,0.0038991437671113565,4.426719e-09,4.0866674e-08,0.00451509
6494,0,1,0.15896687479785976,0.161012,0.036407016,0.16187716
6495,0,1,0.018633941139062662,0.00016544425,2.1749025e-05,0.026950473
6496,0,0,0.018457736350498303,6.146967e-05,0.00024059492,0.02061178
6497,1,1,0.9999999999999984,1.0,1.0,1.0
6498,1,1,0.9995585554173652,1.0,1.0,0.9994412
6499,0,0,0.0032609064850039064,4.6807777e-08,5.475976e-07,0.004715544
6500,0,0,0.16411286907297887,0.26076278,0.7680701,0.17174079
6501,0,0,0.05897360877391963,0.0003482857,0.006308001,0.037293103
6502,0,1,0.0020686379288199497,6.1281774e-10,1.6742067e-10,0.0028942833
6503,0,0,0.062263968163656924,0.0041033416,0.093945816,0.066926464
6504,0,1,0.7535045665453569,0.9999975,0.9999862,0.75106275
6505,0,1,0.0017791760321678337,4.5157655e-10,2.505116e-11,0.00265088
6506,0,0,0.055093497519573174,0.0077150506,0.056384522,0.063633375
6507,0,1,0.25641492561797097,0.8338003,0.5202925,0.25359514
6508,0,1,0.1568757351317497,0.007965148,0.005300137,0.18513703
6509,1,1,0.513290864037917,0.9992963,0.9976788,0.52102
6510,0,1,0.11196029364999076,0.04554678,0.009226305,0.12550257
6511,0,0,0.032269451221079035,0.0018585233,0.0075859525,0.03527133
6512,0,1,0.03925948547930003,0.00013611483,4.4802844e-05,0.038709782
6513,1,1,0.4779588361476655,0.99813074,0.98695207,0.47487387
6514,0,0,0.019132763720850005,1.991724e-05,0.00033569208,0.019943248
6515,1,1,0.07092561792602833,0.00013511021,7.154888e-05,0.049480185
6516,0,1,0.4221954582848521,0.99236196,0.96357286,0.42622778
6517,0,1,0.03850550164843802,7.514617e-05,2.541875e-05,0.04110738
6518,0,0,0.048014500649709406,0.0013387997,0.010093359,0.04924629
6519,0,0,0.031515911048943225,0.0006629229,0.0032409057,0.034363504
6520,0,1,0.12401947701256144,0.14701577,0.050560445,0.11563207
6521,0,1,0.3571325951722263,0.96948975,0.8439508,0.35156587
6522,0,1,0.046901098007566956,0.0004687908,0.00021933472,0.04625021
6523,0,1,0.18376046775924842,0.5482158,0.048459515,0.19618127
6524,0,1,0.08813459388531862,0.014054625,0.0074672773,0.08649004
6525,0,1,0.061118465069869905,0.002625371,0.00078240666,0.06974072
6526,0,1,0.004119625207633391,1.0573908e-09,1.3803832e-11,0.003890755
6527,0,1,0.0338846848338557,0.00047139227,0.0001392226,0.035003413
6528,1,1,0.34326131029926815,0.972615,0.789944,0.33786827
6529,0,0,0.02235874177440812,0.0005331768,0.007547381,0.032824907
6530,0,1,0.3266713127671293,0.98030394,0.8358343,0.32490495
6531,0,0,0.003212857251732408,7.690658e-08,9.843835e-07,0.004727025
6532,0,1,0.07308687430507244,0.0010939748,0.00011322704,0.07688872
6533,0,1,0.009900670898438258,9.472393e-06,1.6569605e-06,0.013092504
6534,0,1,0.22785839132019936,0.59124196,0.1544326,0.23036183
6535,1,1,0.9058523631827292,1.0,0.99999976,0.9036806
6536,0,1,0.28371623531877077,0.8815391,0.5661848,0.28263125
6537,0,0,0.06363127896538115,0.007010514,0.11744113,0.067779265
6538,1,0,0.3899191085111965,0.99762136,0.99995196,0.405475
6539,1,1,0.9996527181971335,1.0,1.0,0.9995084
6540,0,1,0.06635355002470834,0.0007115849,1.4061683e-05,0.0691383
6541,0,0,0.04584309009952766,0.00032472858,0.0077381628,0.046291575
6542,1,1,0.5162898920929669,0.999119,0.9955617,0.51083946
6543,0,1,0.5965169914327589,0.99966,0.9972262,0.59611696
6544,0,1,0.00797092294827542,3.1696077e-06,8.170298e-07,0.011134623
6545,0,0,0.1107597996967607,0.10768103,0.89216614,0.11869317
6546,0,1,0.00746319241302896,2.2415584e-06,4.0763726e-07,0.009957227
6547,1,1,0.13236623602379008,0.10696169,0.04779821,0.12997623
6548,1,1,0.618368217463675,0.999784,0.99959886,0.6252683
6549,0,0,0.1298781046944868,0.25071454,0.7890762,0.13009953
6550,0,0,0.013335010475713097,2.317862e-06,4.140286e-05,0.0141717605
6551,0,0,0.01317145519607944,2.8972402e-06,5.4096243e-05,0.014151131
6552,0,1,0.32790301808109357,0.79481244,0.03187483,0.32106733
6553,0,1,0.01694334527470594,1.2059389e-05,3.6602733e-06,0.017003033
6554,0,0,0.05044282792722564,0.000172824,0.004872899,0.05168214
6555,0,0,0.030182543033688645,0.0003914667,0.010382194,0.037153073
6556,0,0,0.006106602205320704,2.614625e-06,3.174725e-05,0.008749332
6557,0,1,0.10055961946874269,0.13396984,0.013020485,0.10814204
6558,0,0,0.07532667638774161,0.009269993,0.058434624,0.078987405
6559,0,0,0.03148601108204065,1.6751621e-05,0.00018705666,0.030685546
6560,0,1,0.007232871710471225,6.329023e-08,5.1103735e-09,0.0077099525
6561,1,1,0.7007594539342852,0.99999905,0.99999285,0.7091173
6562,1,1,0.15716156965134698,0.003991448,0.001124976,0.16214274
6563,0,1,0.0008750618189264072,2.0280819e-11,1.5719305e-12,0.0013474694
6564,0,1,0.0380865740602905,0.00038489792,0.00011849722,0.03670231
6565,1,1,0.8511026984645568,0.99999857,0.99999344,0.8520283
6566,0,1,0.14442582187436542,0.100011565,0.01640231,0.14767003
6567,0,1,0.018147674841513955,8.351953e-05,3.2598837e-06,0.022314215
6568,0,1,0.2979608133999323,0.93787307,0.71790856,0.30211073
6569,0,1,0.0013100895513600142,2.8294736e-11,5.8820284e-12,0.001842811
6570,0,1,0.5355011758564852,0.9990896,0.9925517,0.5395963
6571,0,1,0.26053944191600453,0.8014371,0.38299614,0.26368684
6572,0,0,0.005787489833764153,1.3406843e-08,2.2297861e-07,0.006386106
6573,0,1,0.8171335265601297,0.9999956,0.99997604,0.81826043
6574,0,1,0.056159861847112455,0.0039024465,0.00064766454,0.05775979
6575,0,1,0.15405911196453534,0.028379764,0.007310183,0.15778418
6576,0,0,0.0015244625472287299,1.3561206e-08,1.5705916e-07,0.0030848344
6577,0,1,0.12851688329487054,0.0285698,0.0103438785,0.13137592
6578,0,1,0.32864039572788756,0.8857549,0.7209618,0.33758837
6579,0,0,0.10164338601661246,0.04982872,0.75385886,0.109712414
6580,1,1,0.31680356571563906,0.9645656,0.85084397,0.31869224
6581,1,1,0.5439205620508861,0.9997135,0.9974936,0.54814416
6582,0,1,0.11482924082742559,0.031263705,0.008455464,0.11819509
6583,0,1,0.2759882617833139,0.86940724,0.50216275,0.27802882
6584,0,1,0.2589079096159524,0.76895905,0.37704617,0.25983712
6585,0,0,0.024767432011787827,0.00018213826,0.0022676534,0.029945409
6586,0,1,0.031381939840565476,4.775427e-05,5.6145036e-06,0.031093884
6587,1,1,0.28114074464754013,0.945762,0.6681309,0.28082028
6588,0,1,0.1225556714110611,0.075410455,0.024461556,0.14353696
6589,1,1,0.5079883130911088,0.99881005,0.98965997,0.5124186
6590,1,1,0.5335237299208865,0.9965495,0.9674435,0.53991425
6591,0,1,0.16638662798026418,0.17925337,0.026483692,0.16669695
6592,0,0,0.0007441885608592341,5.5333962e-12,3.6003714e-10,0.0015443476
6593,0,0,0.0021756510634809646,4.580894e-08,6.9599866e-07,0.0037458634
6594,0,0,0.012978750631152648,6.3851377e-07,1.2519055e-05,0.013707246
6595,1,1,0.7040229735835645,0.99999285,0.9999292,0.7044766
6596,1,1,0.9566990271064418,1.0,1.0,0.95711046
6597,1,1,0.8615333961634674,0.99992144,0.9996649,0.85089695
6598,0,1,0.42607669531164255,0.9951527,0.9740476,0.43493807
6599,0,1,0.4073674389304476,0.9656315,0.81596136,0.41611895
6600,0,0,0.0008616149838139184,2.0670451e-11,2.577918e-10,0.0013331528
6601,1,1,0.8257691384573361,0.99999964,0.99999714,0.82422
6602,0,0,0.006266305614728412,8.758298e-08,1.2196921e-06,0.0075700013
6603,0,0,0.0027091577068725395,1.6127746e-09,1.5821456e-08,0.003396922
6604,0,1,0.11595750923299548,0.026363246,0.00023580084,0.11729108
6605,0,0,0.00931133025336026,1.6848091e-07,2.7054102e-06,0.0103344815
6606,0,0,0.0009185412231272525,1.4465463e-11,1.785525e-10,0.0014084404
6607,1,1,0.7305443690733013,0.99999213,0.9999324,0.72488195
6608,0,0,0.00481227167612019,1.1090569e-07,1.086292e-06,0.0070876717
6609,0,0,0.014442168036121389,1.1118395e-05,9.042048e-05,0.015916128
6610,0,0,0.4518758682047137,0.62289625,0.960653,0.44088417
6611,0,1,0.006204459638927896,6.551298e-08,3.470063e-08,0.007166184
6612,0,1,0.0689197813431012,0.019894524,0.0017705837,0.073041424
6613,0,0,0.014995430420248182,5.2158026e-07,8.918824e-06,0.015564309
6614,0,1,0.01164734771727866,4.9524095e-07,2.3433347e-07,0.020143196
6615,0,0,0.001393659679388067,6.7424935e-08,9.756357e-07,0.0029441952
6616,1,0,0.5495048613600854,0.9994255,0.9999974,0.5555759
6617,0,1,0.23766256304745562,0.8765192,0.6352833,0.23340245
6618,0,1,0.09186931100862039,0.019203978,0.0011527692,0.10041453
6619,0,1,0.02117454655626744,4.0985975e-05,6.95558e-06,0.028754583
6620,0,0,0.04090203410445017,0.0004901701,0.008893469,0.044974457
6621,0,1,0.2178973433047129,0.84687257,0.7250654,0.21586187
6622,0,0,0.0022570420651533436,2.7321165e-09,7.856521e-08,0.003402617
6623,0,1,0.045991177553930174,0.005777312,0.0011183012,0.062714495
6624,0,1,0.36366809493633784,0.983898,0.93900347,0.35972357
6625,0,1,0.3525914947169425,0.97486115,0.8912795,0.35142544
6626,1,1,0.9756291737921883,1.0,1.0,0.97550243
6627,1,1,0.11871530077096447,0.024972199,0.00017026726,0.12018614
6628,0,1,0.21388714485373506,0.45635024,0.09637034,0.21532838
6629,1,1,0.5763470958806935,0.99948204,0.9961824,0.57728195
6630,1,1,0.18476616454547584,0.62172854,0.29807872,0.18151726
6631,0,1,0.0020098164493534874,9.773361e-09,3.0697862e-09,0.0032561524
6632,0,0,0.0011530645372610437,1.0676122e-10,1.0044399e-09,0.0017724211
6633,0,1,0.5106564856474454,0.99842644,0.9932543,0.5024071
6634,0,1,0.3436326072494404,0.9780241,0.8216384,0.34687054
6635,0,0,0.022006362996691196,0.0005156981,0.01982792,0.032637283
6636,0,0,0.006714948552213974,4.616708e-08,7.99554e-08,0.008030289
6637,0,1,0.10333856207684458,0.025191303,0.004333843,0.10673511
6638,0,0,0.014808761049093844,1.2635063e-05,7.284197e-05,0.017218271
6639,0,0,0.03281139478344206,1.9560663e-05,0.0004757766,0.03513589
6640,0,0,0.019679028445231783,0.002257641,0.032020148,0.03017552
6641,0,1,0.3528805041862677,0.99305046,0.9514748,0.34615728
6642,0,1,0.34636761272291977,0.9914846,0.93118006,0.3491081
6643,0,1,0.05226260885286608,0.00021222381,2.0089901e-05,0.055231873
6644,0,0,0.0003579260527479684,1.2959729e-12,2.2095683e-11,0.0006306301
6645,0,1,0.010714088528543502,1.3805122e-07,2.5194042e-08,0.010957241
6646,0,1,0.0839738569228028,0.12822352,0.10487744,0.10981251
6647,0,1,0.17322174895703077,0.7076338,0.38281718,0.19351412
6648,1,1,0.9678722138156105,1.0,0.9999999,0.96551025
6649,0,1,0.11141346543598174,0.07999935,0.03697518,0.10821836
6650,0,1,0.1651622675443854,0.25519037,0.033483647,0.16902871
6651,0,1,0.3154940750557579,0.96890837,0.9058314,0.3149937
6652,1,1,0.7461411330636454,0.9999902,0.9999827,0.7438589
6653,0,1,0.13472765014360083,0.05261179,0.0045473417,0.13788342
6654,0,0,0.024283431478729665,2.5379799e-05,0.00016229817,0.025649337
6655,0,1,0.1807764572067911,0.051589195,0.012645306,0.08880128
6656,1,1,0.7732552639195093,0.9999975,0.99998534,0.7705858
6657,0,1,0.14768230330123963,0.017708257,0.0043821414,0.15218431
6658,1,1,0.9999999999999973,1.0,1.0,1.0
6659,0,1,0.28853079912740925,0.9514601,0.6749055,0.2903555
6660,1,1,0.7467454331721042,0.9999938,0.9999573,0.7436732
6661,0,0,0.11852822972980435,0.05555483,0.62340266,0.12857752
6662,0,0,0.033076301327853296,0.00027189578,0.0031872324,0.03401606
6663,0,1,0.002714523256661439,1.0128725e-08,5.9900557e-10,0.004065727
6664,0,1,0.09914654521165481,0.042598262,0.014049618,0.100696556
6665,0,1,0.00315466660524502,2.4080117e-07,6.96518e-08,0.00583542
6666,0,1,0.2741764644062967,0.84550154,0.4947663,0.27392742
6667,0,0,0.03666942182267341,0.00031910898,0.0028595645,0.036799338
6668,0,0,0.8209226283913896,0.99998367,1.0,0.82514167
6669,0,0,0.02442938493395073,3.315249e-05,0.00028701988,0.024646066
6670,1,1,0.4280968422472826,0.99847597,0.9788603,0.42978698
6671,1,1,0.4129382202655319,0.98589385,0.889525,0.4171335
6672,0,1,0.10304251009415843,0.013840616,0.0017923529,0.104471214
6673,1,1,0.27295475716716594,0.943672,0.697086,0.27819428
6674,1,1,0.020871080668731855,0.00010507928,9.857591e-06,0.02815471
6675,0,0,0.03862503807250332,0.00033735504,0.010818627,0.042066857
6676,1,1,0.6169626025612737,0.9997977,0.9990176,0.60712075
6677,0,1,0.037017387059276825,0.00017608743,6.639721e-05,0.03686471
6678,1,1,0.9951229357931278,1.0,1.0,0.994132
6679,1,1,0.43524668756077994,0.865316,0.506934,0.42786482
6680,0,1,0.05056212242553178,0.00020180264,5.4487595e-05,0.052055914
6681,1,1,0.7533036665498095,0.999995,0.99999034,0.75315917
6682,0,0,0.02527442096735143,0.0052316426,0.098440915,0.03663607
6683,0,0,0.03481165905220487,0.00014687794,0.003192779,0.038132038
6684,0,1,0.0015699336006258866,1.5040448e-10,2.7746251e-11,0.002227319
6685,0,1,0.08402402947130844,0.0043887096,0.0004000152,0.09401032
6686,0,1,0.5427808047241268,0.9995159,0.99784887,0.53672755
6687,0,0,0.017723185256660907,2.0436114e-06,5.9037317e-05,0.018947195
6688,1,1,0.497645859947866,0.4293473,0.10893866,0.23705703
6689,0,1,0.013136848332268388,4.652012e-05,1.1110658e-05,0.017965723
6690,0,0,0.095962003077347,0.06291814,0.7038529,0.10211849
6691,0,0,0.01089186131494941,1.611088e-07,4.4651624e-06,0.0119176945
6692,0,1,0.0081556340850193,5.1626508e-09,1.2801339e-09,0.008097012
6693,1,1,0.6571103556199405,0.999987,0.9999012,0.66422164
6694,1,0,0.4681315906161671,0.9963008,0.9999758,0.47669804
6695,0,0,0.002299279451285367,7.958813e-11,1.4610194e-09,0.0025074387
6696,1,1,0.11765049749767999,0.020446029,0.0042802747,0.113543205
6697,1,1,0.8234948857764999,0.9999559,0.99981177,0.8170974
6698,0,1,0.097041308334358,0.04842469,0.005149524,0.09436794
6699,0,1,0.2986462852259669,0.14628239,0.018982995,0.2963444
6700,0,0,0.011160633704917485,9.749418e-07,1.5112867e-05,0.011890683
6701,0,1,0.009597881511508135,1.6583279e-07,9.089662e-08,0.009786048
6702,0,1,0.013541735688594092,4.095144e-06,5.55123e-07,0.01888471
6703,0,1,0.29319593427671264,0.78662246,0.5843663,0.3023483
6704,0,0,0.04706803033041093,7.06671e-05,0.0008395199,0.051988684
6705,0,0,0.0033829688278910687,6.59835e-08,6.6230433e-07,0.004906786
6706,0,1,0.19173245649448184,0.4540361,0.063312985,0.19484569
6707,0,0,0.0041091014808881995,3.2058072e-09,6.689666e-08,0.0045059603
6708,1,1,0.5220770846303967,0.9990429,0.9940537,0.51540804
6709,1,1,0.9942707145024591,1.0,1.0,0.9930415
6710,0,0,0.005875114333602255,4.962496e-09,4.202358e-08,0.00628594
6711,0,1,0.0014721265143318623,1.0592232e-10,1.766753e-11,0.0020899693
6712,1,0,0.1641283045100502,0.3636454,0.93819857,0.17510504
6713,0,0,0.0721860119178869,0.0109814415,0.21859638,0.07674341
6714,0,0,0.010021980501726861,4.7044963e-08,8.180339e-07,0.011027547
6715,0,0,0.0018348272780099237,3.7660626e-09,1.3529042e-08,0.002981051
6716,1,0,0.006834038601868759,6.610367e-08,9.900343e-07,0.0076695825
6717,0,1,0.8361768688178491,1.0,1.0,0.83525294
6718,0,0,0.007809607669078121,2.5119332e-08,1.1326457e-06,0.008617389
6719,1,1,0.9994480001887653,1.0,1.0,0.9992774
6720,0,1,0.4927356146009933,0.996203,0.97880673,0.49467292
6721,0,0,0.006839149576300223,3.475062e-06,0.00013158924,0.010048711
6722,0,1,0.10024855971085825,0.026370687,0.012366528,0.09661928
6723,1,0,0.9978630868983009,1.0,1.0,0.997495
6724,0,1,0.03771822170628624,5.2367046e-05,5.739103e-06,0.040264245
6725,0,1,0.704192362383171,0.99999547,0.99997854,0.7081391
6726,0,0,0.03554364861266183,9.6354386e-05,0.0025168976,0.037764143
6727,0,1,0.1870282510292283,0.4374978,0.14614314,0.1904103
6728,0,1,0.052362452075433726,7.407186e-05,6.856042e-05,0.05234772
6729,0,1,0.03215364871738824,0.0012639362,0.000110948684,0.042932313
6730,0,1,0.008006884048811962,2.9462467e-07,2.0933806e-09,0.008888023
6731,0,0,0.06610434478282678,0.024576314,0.3529726,0.07878389
6732,0,1,0.2215887766388421,0.6993843,0.22013517,0.21934873
6733,0,0,0.04894617322629136,0.00016531463,0.0032296572,0.04882806
6734,0,1,0.08841995016200195,0.008199768,0.0017565959,0.08648058
6735,0,0,0.004488767753031057,4.7066937e-09,1.725428e-07,0.005024601
6736,0,0,0.003648072558264168,3.2518224e-09,1.7353884e-08,0.0043437695
6737,0,0,0.014175829423474551,0.0051206746,0.10563806,0.028480422
6738,0,1,0.4747482042733682,0.9982337,0.9847766,0.47335058
6739,0,1,0.021825353978332365,0.000487158,8.197981e-05,0.028129604
6740,0,1,0.23593851181802472,0.19834383,0.044500094,0.22372356
6741,0,1,0.07266728142917367,0.0042763585,0.00044792367,0.064685114
6742,1,1,0.011889321635566172,6.868621e-07,4.5755593e-07,0.011424568
6743,0,0,0.7403326625403334,0.999802,0.99999857,0.7382644
6744,0,1,0.18202444284373068,0.34194416,0.015989562,0.18406208
6745,0,1,0.00825991978981727,3.5857547e-06,1.0487805e-06,0.011055977
6746,0,0,0.010888526849315697,0.004690699,0.027219286,0.02200541
6747,0,1,0.10028853429015695,0.022339696,0.008956025,0.10142121
6748,0,0,0.14747888764862008,0.22017618,0.86373997,0.15787077
6749,0,0,0.04153546546242888,0.00043147558,0.002553702,0.041743066
6750,1,0,0.28694026338918827,0.9329214,0.9992858,0.28440282
6751,0,0,0.0035196951322141365,1.7291426e-09,3.3291226e-08,0.0039779996
6752,1,1,0.25568344847862573,0.7242085,0.2344479,0.25610706
6753,0,0,0.08628757908898509,0.008139116,0.3001202,0.09259498
6754,0,1,0.002835423349575463,1.6527794e-08,1.1699981e-10,0.0039886315
6755,0,0,0.05214222677241524,0.001100319,0.056575716,0.056779593
6756,0,1,0.4202880005623406,0.96455294,0.9291846,0.41685987
6757,0,1,0.03311012041778278,5.1832605e-05,1.8919121e-05,0.034088526
6758,0,1,0.3941363043543775,0.99557185,0.95068103,0.39640692
6759,0,1,0.08559561408357143,0.03697597,0.021826439,0.08416407
6760,1,1,0.943315871965203,1.0,1.0,0.9437824
6761,1,1,0.9999999999999765,1.0,1.0,1.0
6762,0,1,0.012561046581343013,7.2457067e-07,4.5489057e-07,0.012733147
6763,0,1,0.03632884042205199,0.00018166735,7.415518e-05,0.037509263
6764,0,1,0.11776423332846024,0.028434137,0.0047841365,0.11713479
6765,0,1,0.5501294481074248,0.9997902,0.99767935,0.55453247
6766,0,0,0.015568223859327362,9.0182e-06,0.00024807866,0.01577634
6767,1,0,0.20554077156351552,0.56058526,0.9592303,0.21825127
6768,1,1,0.8002541604537864,0.9999989,0.99999523,0.79611975
6769,0,1,0.07197686379089868,0.0013681047,0.00026567953,0.071797445
6770,1,1,0.3953527347301941,0.98679626,0.9458598,0.3954894
6771,0,1,0.12921649034754432,0.1866383,0.026431732,0.11876498
6772,1,1,0.9997063203428534,1.0,1.0,0.99959826
6773,0,1,0.018243691892407585,6.1539326e-06,2.6090331e-06,0.017868126
6774,0,0,0.029437648562536434,0.00010060438,0.0010856785,0.02982215
6775,0,0,0.04194235478855344,0.0020301493,0.012526222,0.048171587
6776,0,1,0.2141713103163767,0.9028588,0.579072,0.218722
6777,1,1,0.6666262247833765,0.99994195,0.99947107,0.6652143
6778,0,0,0.051742302123858656,1.5422287e-05,0.00028120627,0.05251733
6779,0,1,0.42993421169282425,0.99307245,0.9884221,0.42602465
6780,0,0,0.036036918412235726,0.003096373,0.051704492,0.052931458
6781,0,0,0.12741982264198704,0.22257203,0.46785665,0.13614254
6782,1,1,0.6272073663597971,0.99889225,0.99456286,0.61566955
6783,0,0,0.08002182017819083,0.04456294,0.25896668,0.082567
6784,0,1,0.04360891566182157,0.000118523894,2.2745788e-05,0.042069
6785,1,1,0.7295020616196701,0.9999919,0.9999516,0.72599906
6786,1,1,0.08483311410291994,0.023482965,0.008202098,0.08848243
6787,0,0,0.03181993643620541,0.00019263539,0.002542228,0.032592203
6788,0,1,0.20516295359329176,0.53412706,0.100704156,0.202316
6789,1,1,0.8030180329452965,0.99999666,0.999982,0.80234444
6790,0,0,0.011934083864246109,1.0518497e-06,4.7918318e-05,0.0126007255
6791,1,1,0.22970848652231982,0.62742144,0.24443135,0.23204914
6792,0,0,0.004429762725013092,1.54769e-08,8.154767e-07,0.005376567
6793,0,0,0.0022205594528971794,3.621689e-06,1.2623813e-05,0.0054864925
6794,0,1,0.05415799050638774,0.00031085048,3.3429067e-05,0.053708255
6795,1,1,0.7046407502162038,0.99999785,0.99999034,0.7102931
6796,0,1,0.39253764114940254,0.99552315,0.98468,0.40314162
6797,0,1,0.022765777658355548,0.0006596853,0.000106805535,0.029336568
6798,0,0,0.02708788777528334,4.1367104e-05,0.0006388903,0.028381046
6799,0,1,0.015453656227772476,4.6069323e-05,1.19209635e-05,0.021398524
6800,0,1,0.16581222696492293,0.5059736,0.09106164,0.16481818
6801,1,0,0.6938270494106364,0.99996555,0.99999964,0.69619584
6802,0,1,0.2130194722175752,0.60605097,0.2939578,0.21448193
6803,0,1,0.7648650661435545,0.9999833,0.99993837,0.76592386
6804,0,0,0.1687093677648013,0.52571744,0.94270086,0.1735512
6805,0,0,0.04568440109931853,0.0002637176,0.0063700625,0.046935122
6806,1,1,0.9822156592650908,1.0,1.0,0.98059696
6807,1,1,0.3308471644963326,0.9412211,0.6966853,0.33039874
6808,1,1,0.8314114721529057,0.9999987,0.9999918,0.83189976
6809,0,0,0.006079767428549352,1.2084199e-08,2.7439393e-07,0.0064943773
6810,0,1,0.29788282198290483,0.9137789,0.5801121,0.30841094
6811,0,1,0.028305641076936203,0.0017602838,9.617603e-05,0.036832824
6812,0,1,0.006762755110549304,6.8981876e-07,1.3887056e-07,0.0093020685
6813,0,0,0.0847374445314423,0.013689098,0.15309602,0.0887271
6814,1,0,0.9159758415135604,0.99999404,1.0,0.9118064
6815,1,0,0.1574180729534998,0.26469892,0.67827237,0.16737677
6816,0,1,0.012709387484423391,2.155323e-07,3.8627636e-08,0.012691183
6817,0,0,0.06764535623789801,0.0013146945,0.02840031,0.07151036
6818,1,1,0.8260241432636031,0.99999833,0.99999464,0.82516724
6819,0,0,0.025588525724632098,0.00017628666,0.0070791133,0.025409348
6820,0,1,0.2230183863017839,0.79206383,0.44340974,0.23420346
6821,0,1,0.25434908329781897,0.22588436,0.037479073,0.254385
6822,0,0,0.10534021654109373,0.021034742,0.22434938,0.12881689
6823,0,1,0.027483476703169956,0.0001383009,1.8692826e-05,0.030237049
6824,0,0,0.015566851462525953,5.3263784e-06,0.000124624,0.019153863
6825,0,1,0.21572863534921413,0.07857647,0.036100168,0.21778731
6826,1,0,0.5672883817852608,0.9996458,0.9999981,0.5722325
6827,1,1,0.28774609894151676,0.98969203,0.940353,0.31342757
6828,0,1,0.0024671511077196317,2.3838934e-10,5.9535585e-11,0.0036350836
6829,0,0,0.0011276966864919944,1.2242103e-10,4.0433785e-09,0.0017409131
6830,1,0,0.8390607037959127,0.9999989,1.0,0.8447825
6831,0,1,0.10045752886951476,0.02266331,0.0069157947,0.097478494
6832,0,0,0.0118105401856463,1.7569989e-06,5.2073294e-05,0.012052338
6833,0,1,0.45712756438039504,0.9989047,0.99555594,0.46814248
6834,0,0,0.0038875207677761935,1.0436119e-09,6.2519807e-09,0.004309005
6835,0,0,0.47359973846310915,0.99932414,0.99999857,0.47976005
6836,1,1,0.9733812028719561,1.0,0.9999999,0.97080547
6837,1,1,0.28192779172266985,0.929454,0.7350341,0.28289557
6838,1,1,0.21921566099650314,0.36035144,0.21436563,0.21510673
6839,0,1,0.03639470928594905,0.00012406307,7.01479e-05,0.034649096
6840,0,0,0.008631045864632921,1.3772346e-08,1.4312408e-06,0.009094323
6841,0,0,0.014958566321706026,8.0403305e-07,0.000108671804,0.015774645
6842,1,1,0.8409712089307211,0.99999976,0.99999917,0.8374989
6843,0,0,0.0003224164099736129,5.7999003e-08,3.5503562e-11,0.0014060122
6844,0,0,0.02669597394559197,1.5789306e-05,0.0003156177,0.028257338
6845,0,1,0.5750199231284255,0.999923,0.9997664,0.5719638
6846,1,1,0.2764514793517884,0.99158037,0.96631336,0.30240306
6847,0,0,0.004405840734670821,1.3137699e-09,1.7793292e-08,0.004769787
6848,1,1,0.763137292068045,0.9999981,0.99999046,0.7606288
6849,0,1,0.0009292935474714691,7.3542084e-13,1.7257908e-14,0.0009938396
6850,0,0,0.1110327616729516,0.0052079004,0.045250557,0.11480419
6851,0,1,0.1026773360008655,0.045544602,0.02121398,0.09996256
6852,0,1,0.506109588235764,0.99921215,0.9954768,0.509709
6853,0,1,0.008226139369960495,6.237797e-08,3.5671547e-08,0.008488132
6854,1,1,0.6948261800306587,0.9999652,0.9998727,0.6971846
6855,0,1,0.03007595125943105,5.6138208e-05,2.5656738e-05,0.0345853
6856,1,1,0.424955353470296,0.30161676,0.010332215,0.43328637
6857,0,1,0.18143714706510566,0.29525703,0.050008588,0.18073018
6858,1,1,0.9982980853926177,1.0,1.0,0.9979601
6859,0,1,0.4964957174742645,0.9990922,0.99190956,0.48320708
6860,0,1,0.14662704158752182,0.17450571,0.09264007,0.14436743
6861,0,0,0.11434470951742338,0.026139172,0.7936168,0.11949028
6862,0,1,0.29378968864087457,0.95383996,0.76126856,0.29010034
6863,0,1,0.14457074194634403,0.11858578,0.002854838,0.15602517
6864,0,1,0.005432222615775475,1.4996183e-07,3.5272976e-08,0.007463257
6865,0,1,0.07213869008528505,0.0013101427,0.00021074052,0.07460119
6866,0,0,0.014228245292762303,2.8893542e-06,6.861575e-05,0.017433548
6867,1,0,0.5911868109967658,0.9997771,0.9999993,0.58617103
6868,0,1,0.5487462140219568,0.99931824,0.99409425,0.5507087
6869,0,0,0.03074395727337452,0.053376485,0.75511307,0.05932844
6870,1,0,0.6981232593303731,0.9999925,1.0,0.68567777
6871,0,1,0.5883624464882563,0.999951,0.999828,0.58584225
6872,0,0,0.002442242200917418,1.0042108e-07,1.4484253e-06,0.004210065
6873,0,0,0.007167128253672807,1.279131e-06,4.1498042e-05,0.010536679
6874,0,1,0.18062412222612856,0.36590368,0.01749129,0.1928906
6875,1,1,0.8554299152760843,0.9999975,0.99997354,0.85578805
6876,1,1,0.7523922514246063,0.99999726,0.9999856,0.7489515
6877,0,1,0.7549012291442985,0.9999943,0.999923,0.75706947
6878,0,1,0.6432924936246897,0.9999678,0.9999008,0.6419921
6879,1,1,0.6417885472241258,0.99987483,0.9989613,0.6402633
6880,0,0,0.04728709029115315,0.0011085126,0.009905029,0.04885572
6881,0,1,0.3541002852094791,0.97614163,0.87228394,0.3548493
6882,1,1,0.9981104041367815,1.0,1.0,0.99773276
6883,0,1,0.001143431543141044,1.0390951e-09,7.653912e-12,0.0016980512
6884,0,0,0.024093768977113503,0.0008799512,0.01233157,0.03538905
6885,0,1,0.2792280735408445,0.898768,0.78664154,0.27516928
6886,1,1,0.5225383433246101,0.99922657,0.9962929,0.5171385
6887,0,1,0.08385445902052392,0.0027807304,9.970245e-05,0.091293044
6888,1,1,0.9438503180771831,0.99994993,0.98517066,0.93686175
6889,0,1,0.01151019624249981,3.5451788e-07,2.7934803e-08,0.012410232
6890,0,1,0.001954956851557188,4.151563e-11,1.7786231e-12,0.0019859069
6891,0,1,0.009195856670581965,2.8685105e-07,3.8359797e-08,0.01072768
6892,0,1,0.9068104439146749,0.99999857,0.9999944,0.8985417
6893,1,1,0.3960594998023633,0.99632436,0.9855316,0.4079344
6894,0,0,0.00417940365578477,3.4833727e-07,5.8476594e-06,0.006097282
6895,0,1,0.21064869395775737,0.8966696,0.63599545,0.23177488
6896,0,1,0.2187109558391584,0.56478864,0.23685454,0.22171204
6897,0,0,0.005757625230308395,9.139451e-08,4.669396e-07,0.007094514
6898,0,0,0.0067142858994701255,1.599892e-08,1.2949741e-07,0.007375039
6899,1,1,0.8659751452156367,0.9999988,0.99999034,0.8661047
6900,1,1,0.2565489673433304,0.0041633155,0.0051985923,0.28939277
6901,1,1,0.7478475612080034,0.99999225,0.99994075,0.7452538
6902,1,1,0.41454272037361506,0.99353087,0.9773167,0.41098797
6903,1,0,0.057379692213395374,0.0042453953,0.06127027,0.059624854
6904,0,1,0.18013017341687051,0.4142443,0.056644145,0.19135037
6905,0,1,0.2409989617793287,0.726891,0.29809713,0.24169283
6906,0,0,0.03168094197816878,0.00020920858,0.0023772789,0.032642134
6907,0,0,0.016805583167246937,1.2571553e-05,0.0004476106,0.016989099
6908,1,1,0.7185759208882678,0.9999944,0.9999596,0.7181051
6909,1,1,0.6303735883730437,0.99995685,0.99936694,0.6339142
6910,0,1,0.003615976043117004,6.2259225e-08,4.0497694e-09,0.005449197
6911,0,1,0.525756091783833,0.99943405,0.99604756,0.5323739
6912,0,1,0.15403613818732434,0.011733812,5.916785e-05,0.15916395
6913,0,1,0.025985668589333183,3.0380272e-05,8.656601e-06,0.026986502
6914,0,1,0.007390762708291814,2.097876e-06,3.8500173e-07,0.009870978
6915,1,1,0.5961140027271837,0.99959517,0.99741685,0.59815496
6916,1,1,0.8070830041395076,0.99999845,0.9999956,0.81289357
6917,1,1,0.9509978848621704,1.0,1.0,0.94775295
6918,0,1,0.03652271152438715,0.23911327,0.15499522,0.06775232
6919,0,1,0.21431216859460525,0.11399756,0.022826279,0.20792682
6920,0,0,0.03371896773845068,0.00015478935,0.0041035484,0.036821622
6921,0,0,0.6575742935516607,0.99990475,0.99999905,0.66110533
6922,0,0,0.015626632004086368,3.1857905e-06,0.0001040108,0.016996652
6923,0,1,0.045097479727506475,0.0005736243,4.1429637e-05,0.051469095
6924,0,0,0.127679692515589,0.13156222,0.9611355,0.14478907
6925,1,1,0.8765490625316483,0.99999917,0.99999857,0.8773587
6926,1,1,0.29641737658619327,0.946186,0.7914823,0.29042217
6927,0,0,0.1360398661426988,0.1151876,0.9263194,0.14410429
6928,1,1,0.99999999999994,1.0,1.0,1.0
6929,1,1,0.7819786177342833,0.99999607,0.9999927,0.779557
6930,1,1,0.22657918428269788,0.6990035,0.27258122,0.22385223
6931,1,1,0.6751880084107633,0.9998728,0.9997478,0.6724189
6932,0,1,0.48285909760800205,0.98124814,0.87102026,0.49466616
6933,1,1,0.477615636550782,0.9976457,0.9884122,0.47567013
6934,0,1,0.0038633909684381938,1.2239924e-07,9.698414e-09,0.0057617156
6935,0,1,0.0006497476442739773,1.2513151e-12,3.006354e-13,0.00094800914
6936,0,1,0.30669467615770235,0.93070817,0.74082714,0.30549613
6937,1,1,0.33940812665310643,0.11806756,0.04920579,0.33198327
6938,0,0,0.14020876664600723,0.10037876,0.9468442,0.14566995
6939,0,1,0.10689154150519274,0.030947711,0.00072994555,0.11698896
6940,0,1,0.029496721945256616,0.0009245882,0.00027233892,0.039953794
6941,0,1,0.009578298911260516,5.140955e-06,1.482645e-06,0.013021967
6942,0,1,0.006202434010222137,1.970795e-06,1.2589791e-07,0.009149897
6943,0,0,0.041160749719332215,0.0006141376,0.01650525,0.043608673
6944,0,0,0.04197810069588226,0.00038854274,0.007975935,0.0446687
6945,0,1,0.5062592533720706,0.99927086,0.9959025,0.50228864
6946,0,1,0.16212962155166297,0.24646042,0.04650955,0.15592709
6947,0,1,0.040009386799933884,0.00014229366,2.3423689e-05,0.039962318
6948,0,0,0.06542966088430599,0.0036567634,0.055931557,0.07026045
6949,1,1,0.9964841572818433,1.0,1.0,0.9958877
6950,0,1,0.025423027281939476,1.13357155e-05,3.7490432e-07,0.02925929
6951,0,1,0.7661094588099496,0.99999547,0.9999703,0.763375
6952,0,1,0.17732726606695076,0.24964616,0.052128177,0.18011253
6953,0,1,0.6118615832462051,0.9997291,0.9976271,0.61191016
6954,0,1,0.007684677452009531,5.1969632e-06,5.070873e-07,0.01031447
6955,1,1,0.45019912191764716,0.99915326,0.99644756,0.46265092
6956,0,1,0.45742363347547493,0.9796148,0.8960903,0.46382186
6957,1,1,0.2676855715779012,0.845795,0.55744636,0.26882297
6958,0,0,0.22375913965933011,0.8719651,0.99383223,0.24076964
6959,0,1,0.007167621494421464,1.0352638e-06,2.1784136e-07,0.009507488
6960,0,0,0.0016856949438156983,2.9576883e-11,6.1237376e-10,0.0018997389
6961,1,1,0.2623249048746553,0.8974535,0.7039718,0.26257622
6962,0,1,0.3143110313990459,0.89703774,0.6098977,0.3117588
6963,0,0,0.002279934583441754,4.004573e-09,5.837702e-08,0.0032949408
6964,1,1,0.9999999999999969,1.0,1.0,1.0
6965,0,0,0.018900714066976115,1.9641602e-05,0.00015742815,0.021596953
6966,0,1,0.14477678490135595,0.0016954553,0.00037749196,0.072163664
6967,0,1,0.32042582701004896,0.98493814,0.8648814,0.32087627
6968,0,0,0.003455851076996682,6.829024e-09,5.393691e-08,0.004845879
6969,1,1,0.5691933204471479,0.9995858,0.99688214,0.5700158
6970,0,1,0.038824554489366836,0.005525113,0.0015310702,0.052084222
6971,0,1,0.06507063192701831,0.004805949,1.9323323e-05,0.068352275
6972,0,0,0.0010965700900191337,1.3695797e-09,2.0354364e-08,0.0022156127
6973,0,1,0.43510799063340205,0.95866585,0.71620667,0.44004598
6974,0,0,0.0030653330755617656,8.19247e-09,1.4272442e-07,0.004639789
6975,1,1,0.20989372742798776,0.6287768,0.25179276,0.21266091
6976,0,1,0.01228392452595869,1.4729318e-07,4.3966054e-08,0.012893081
6977,0,1,0.7463441017932868,0.9999937,0.99998605,0.74559456
6978,1,1,0.9712397028017092,1.0,0.9999999,0.96912056
6979,0,1,0.12334384836208713,0.05022247,0.015764602,0.12570862
6980,0,1,0.007163157151841275,5.0462834e-08,7.827779e-10,0.0073732412
6981,0,1,0.09337779288534506,0.038117126,0.011091506,0.09696492
6982,0,1,0.24986128378134204,0.8141881,0.44755495,0.24642295
6983,1,1,0.7037505722195986,0.9999552,0.99988914,0.7073685
6984,0,1,0.16991782979243117,0.09153117,0.018060526,0.16423568
6985,1,0,0.6902293549103695,0.99978864,0.99999845,0.69644034
6986,0,0,0.15699105634403995,0.90041316,0.9829602,0.17375469
6987,1,1,0.3959530845148351,0.99647814,0.9848808,0.4070218
6988,0,0,0.010316717661649835,3.6662783e-07,9.752565e-06,0.01131878
6989,1,0,0.6875945275778793,0.9999752,0.9999999,0.6906015
6990,0,0,0.0394374874246361,0.00012939124,0.0013476029,0.04186939
6991,0,1,0.17784805506868193,0.27589974,0.060057897,0.1794717
6992,0,1,0.6237654279474345,0.9997839,0.94825864,0.62925684
6993,0,0,0.002085928063009254,3.567733e-08,5.2754484e-07,0.0035984635
6994,0,1,0.7082043297252832,0.99997914,0.99986756,0.70695627
6995,0,0,0.00765943468045972,3.1669488e-06,1.3345086e-05,0.01109192
6996,0,1,0.02110080967839232,1.475313e-05,3.677856e-06,0.021749394
6997,0,1,0.03520641170444676,2.8392817e-05,6.325056e-06,0.043555684
6998,1,1,0.8242240554165278,0.9999982,0.9999888,0.82531655
6999,0,0,0.007021796052010626,7.584022e-06,7.318948e-05,0.010100713
7000,0,1,0.3528237931199961,0.97825956,0.9204631,0.3498633
7001,0,1,0.012078082055665977,0.00014496823,2.959359e-05,0.016324246
7002,0,0,0.040054374706466146,0.028878333,0.25656468,0.0584809
7003,1,1,0.6092222028601011,0.99995506,0.9995635,0.59638685
7004,1,1,0.722880092205729,0.9999931,0.9999794,0.71508497
7005,1,1,0.21466593368921522,0.50591516,0.2009025,0.21808995
7006,0,1,0.7476288710822725,0.9996869,0.99687177,0.7369674
7007,1,1,0.17570108384322677,0.27596328,0.04149653,0.1747095
7008,0,0,0.04337046222880854,0.007907935,0.22098759,0.050834306
7009,0,0,0.14322620692477475,0.548848,0.9700309,0.1497133
7010,1,1,0.21386590968490737,0.60050267,0.12834163,0.22238605
7011,1,1,0.46694714268531784,0.99713886,0.9840852,0.46392027
7012,1,1,0.631597175694717,0.9998584,0.9985226,0.63140744
7013,1,0,0.4482082981394499,0.997074,0.999966,0.4425533
7014,0,1,0.6065528211361794,0.9998957,0.9993538,0.5999821
7015,0,0,0.013769849852916495,1.29990185e-05,4.0271843e-05,0.015493034
7016,0,1,0.11444625895471837,0.036972716,0.02529894,0.1097549
7017,0,1,0.21276569165785728,0.5333508,0.2298612,0.21447004
7018,1,1,0.3122558936065702,0.9707065,0.9287113,0.31970012
7019,0,0,0.003034912368838022,2.5255481e-08,3.815505e-07,0.004403751
7020,0,1,0.037333197671905134,7.681803e-05,3.3440676e-05,0.036633175
7021,1,1,0.8042798807499841,0.99999857,0.9999939,0.8001018
7022,0,0,0.04277703353875038,0.015451354,0.068954155,0.06231214
7023,0,0,0.00796463992472128,2.4329977e-06,5.8864953e-05,0.011587275
7024,0,1,0.3292919575341992,0.9831121,0.9537241,0.31719187
7025,0,0,0.055486513236613695,0.0021402927,0.041618004,0.05968555
7026,1,1,0.8174780508305981,0.99999905,0.9999982,0.81627923
7027,0,0,0.001990854431303515,2.8392144e-08,3.7125034e-07,0.0034297134
7028,0,1,0.026656608164436085,8.105393e-05,2.3092894e-05,0.026646348
7029,1,1,0.12818667646181425,0.08601195,0.013584292,0.12965345
7030,1,1,0.05102817719747839,0.002589208,1.4500408e-05,0.054601565
7031,0,0,0.0017977010511102318,2.3351387e-09,2.9815215e-08,0.00276776
7032,0,1,0.0059327445730815685,6.5130007e-06,1.2212984e-06,0.0094717005
7033,0,1,0.23282438821178986,0.74493015,0.47708872,0.23393579
7034,0,0,0.10110947639592809,0.06548401,0.33637542,0.1018758
7035,1,1,0.1545945582006781,0.13907534,0.028895803,0.15740749
7036,0,1,0.24862802250411284,0.7952234,0.26418123,0.24421541
7037,0,1,0.01186904244001925,0.00012537888,2.4773979e-05,0.018084016
7038,0,1,0.04859585229263301,0.00046403034,1.9685558e-05,0.054469068
7039,1,1,0.7930355444026657,0.99999964,0.99999845,0.78598565
7040,0,1,0.011259722173505215,1.2716513e-05,4.375029e-06,0.015355634
7041,0,0,0.036831513469553614,0.0013902077,0.0060844393,0.04033538
7042,0,1,0.03393426769540186,0.00014359315,5.6486406e-05,0.034997713
7043,0,0,0.05499396765413516,0.0045845495,0.065278254,0.055771414
7044,0,1,0.0069950307198342766,7.990278e-07,1.8249264e-07,0.009644295
7045,0,0,0.033213674752427404,0.00026978017,0.003378895,0.034231592
7046,0,1,0.012943821468725367,8.8816887e-07,5.4357145e-07,0.013080906
7047,0,1,0.003579315117092516,8.112169e-10,1.8333458e-10,0.0038181162
7048,1,0,0.673960701363489,0.99996483,0.9999999,0.6810328
7049,0,1,0.1995825697132307,0.40352342,0.0649281,0.19838718
7050,1,1,0.878406209273072,0.9999994,0.9999975,0.8778553
7051,0,0,0.001290918297054267,5.276689e-09,1.6557948e-07,0.002557222
7052,0,1,0.007369210674133824,7.2082e-07,1.6555768e-07,0.010026209
7053,0,0,0.022406114334146025,2.7460275e-05,0.0011812426,0.024000311
7054,0,1,0.0029542709308219717,9.087526e-09,1.6597475e-09,0.004194921
7055,0,1,0.2938723112867262,0.95858455,0.8478857,0.30781838
7056,0,0,0.24622673091267006,0.7990629,0.99723995,0.24590161
7057,0,1,0.006489795244321711,8.7106497e-07,2.912722e-07,0.0088102175
7058,0,0,0.017092115439265785,3.792504e-05,0.00014652821,0.019183315
7059,0,1,0.041562833623935515,0.00020947204,2.3376424e-05,0.040886473
7060,0,0,0.05199340900235565,0.0015507082,0.021555563,0.049962737
7061,1,1,0.09964360648504555,0.10173945,0.042182006,0.09758722
7062,0,1,0.16367962331833305,0.09421042,0.040627956,0.1641528
7063,0,0,0.01622829607177643,1.4932435e-06,6.9360336e-05,0.017923983
7064,0,0,0.3480678619467279,0.97826636,0.9997161,0.34459725
7065,0,1,0.5767574379612762,0.9990181,0.9952305,0.5769449
7066,0,0,0.002956540634807848,1.5321372e-09,2.9896704e-08,0.0036944887
7067,0,0,0.008603384889746074,1.1522024e-05,0.0001739988,0.012284761
7068,0,1,0.24232508138056935,0.7453482,0.23624776,0.23935603
7069,1,1,0.6215484194370073,0.9999342,0.99928117,0.6257021
7070,0,1,0.47336716837162507,0.9960263,0.97929466,0.47812697
7071,0,0,0.14213617289366315,0.4761585,0.9785075,0.14849293
7072,0,1,0.2975556227087599,0.9642294,0.8569946,0.3106751
7073,1,1,0.5475521567297184,0.9997063,0.99630487,0.5336956
7074,0,1,0.09784761045488474,0.011174932,0.000357505,0.107293956
7075,0,0,0.0049630708073735924,2.5838975e-07,1.1920062e-06,0.006687794
7076,0,1,0.05246519646170283,0.0016365375,0.00074986793,0.053693414
7077,0,1,0.29936176409665227,0.9469868,0.7145232,0.29723847
7078,1,1,0.29587283941844117,0.9724534,0.9445882,0.28928778
7079,0,1,0.09276685111414076,0.07190529,0.032891557,0.08796576
7080,0,1,0.01081968017845119,0.0003637119,0.00023416085,0.020590505
7081,0,1,0.13871345665001658,0.13884841,0.06821864,0.13614306
7082,0,0,0.006106137507611322,1.0108326e-08,1.9257884e-07,0.0068509276
7083,0,1,0.0737825471457837,0.0020525788,1.3330864e-05,0.07603056
7084,0,0,0.026953939255926,8.3251085e-05,0.006149281,0.029164776
7085,0,0,0.0037072484394036712,4.7397857e-06,0.00013890037,0.0076604215
7086,0,1,0.3067207245737845,0.9544839,0.8499413,0.30072618
7087,0,0,0.007630518917238433,1.0314559e-08,6.5780546e-07,0.009741549
7088,0,1,0.0018286900150564743,3.0968664e-10,4.4617487e-11,0.0025763088
7089,0,1,0.041863506365033866,0.00016728627,1.2451377e-05,0.03859255
7090,0,1,0.05477799034213568,0.0005854448,7.7298835e-05,0.056680005
7091,0,0,0.018373884921331102,6.1631676e-05,0.00014743766,0.021040842
7092,0,1,0.05048359688778492,0.00015909535,5.1307874e-05,0.049769998
7093,1,1,0.6422473817523752,0.9999175,0.99959505,0.6407401
7094,0,0,0.08768471363057524,0.008442668,0.12522186,0.09313253
7095,0,1,0.11602993873217171,0.05375392,0.00020835438,0.11845891
7096,0,0,0.03720581369399917,0.00047031886,0.018050814,0.039930347
7097,0,1,0.019684517030123368,1.9597296e-06,1.4703061e-06,0.01937566
7098,0,0,0.24138167900772958,0.76846945,0.99883395,0.24703293
7099,0,1,0.013125013968718922,0.00018879115,5.425448e-05,0.01990076
7100,0,1,0.001997499362207118,1.253039e-09,1.590485e-11,0.0028284166
7101,1,1,0.7501656805425313,0.9999949,0.9999647,0.7477652
7102,0,1,0.23835698181179554,0.6031755,0.3170453,0.23538856
7103,0,1,0.1577824918367188,0.1588436,0.033320196,0.16036712
7104,0,1,0.3442157958215364,0.97245276,0.9017076,0.3419761
7105,0,1,0.42755412445341545,0.9918528,0.9479404,0.43157354
7106,0,0,0.04544250539038274,0.0043669944,0.059229776,0.04794811
7107,0,0,0.021521537925001902,0.0016462023,0.037291855,0.031044407
7108,0,0,0.08474127842991111,0.013177932,0.33096567,0.08983153
7109,0,0,0.004719416831001376,7.360567e-09,2.3181263e-07,0.0051624244
7110,1,1,0.8308744874256339,0.99999917,0.99999774,0.8293118
7111,0,0,0.01836635132660534,4.1263343e-06,1.392838e-05,0.017937949
7112,0,0,0.009044816832598187,2.9644818e-07,2.897229e-06,0.01109768
7113,1,1,0.9751072159530497,1.0,1.0,0.9725399
7114,0,1,0.18719582314575234,0.6097432,0.43034366,0.18398905
7115,0,0,0.22982496845816386,0.85182494,0.9866495,0.23713955
7116,0,0,0.0744091889940966,0.006478874,0.15344276,0.07912701
7117,0,0,0.020781050264673723,1.8032954e-06,2.4441642e-05,0.022849264
7118,0,1,0.7993807179356605,0.9999999,0.9999995,0.803534
7119,0,1,0.07827908684195478,0.00288087,0.00025079242,0.049032245
7120,0,1,0.024990016036657126,4.3242682e-05,4.9918176e-06,0.026461838
7121,0,1,0.0407371389853037,0.0003465543,0.0002253607,0.040926695
7122,0,1,0.6247710821932527,0.99993265,0.99977267,0.61595696
7123,1,0,0.5379161845039111,0.99872833,0.99999714,0.5466329
7124,0,0,0.12033802036074406,0.13590379,0.5100867,0.120941654
7125,0,1,0.026252951692709265,0.00024395909,5.6673143e-06,0.030808516
7126,0,1,0.44776518476224514,0.9960419,0.9658374,0.43852413
7127,1,1,0.012005867065110871,5.447266e-07,2.1503955e-07,0.012305485
7128,0,1,0.02474300653501954,6.7294277e-06,2.6862542e-06,0.024699684
7129,1,1,0.20184419844403845,0.4104007,0.2764566,0.20365836
7130,0,1,0.09539266854960597,0.03351457,0.00011511237,0.099170536
7131,0,1,0.3613355144128007,0.98200893,0.9379867,0.3584059
7132,1,1,0.36533523277006463,0.97977453,0.9119028,0.36287272
7133,1,1,0.9295734500142583,0.99983656,0.9995355,0.9183803
7134,1,1,0.9570228591029096,1.0,1.0,0.9564318
7135,0,1,0.002354954806104446,9.088757e-09,8.345034e-10,0.0034298222
7136,0,0,0.02684465858315208,4.6043013e-05,0.00030336532,0.027869727
7137,0,1,0.00887689112664721,3.5605403e-08,1.5236285e-08,0.008777624
7138,1,0,0.092051211416217,0.018064637,0.802481,0.09730919
7139,0,0,0.03720658403609364,0.24110441,0.72701275,0.054544244
7140,1,0,0.3234203605677921,0.9651513,0.9998759,0.32781655
7141,0,0,0.000937439059546596,1.6386023e-10,4.0366825e-09,0.001537248
7142,0,0,0.025191732753719935,2.9169827e-05,0.00034553013,0.026012633
7143,0,0,0.02202251428872334,7.896759e-06,5.422919e-05,0.023942215
7144,0,1,0.026171617697520414,1.815269e-05,6.424525e-06,0.026050562
7145,0,1,0.2555534386893293,0.6781891,0.21128611,0.25135386
7146,1,1,0.646905245052196,0.9999943,0.9999701,0.65766203
7147,0,0,0.044186726193870936,0.00044576026,0.005948012,0.046683453
7148,0,1,0.13763325985425134,0.0867364,0.028217595,0.13571505
7149,0,1,0.38911228438090617,0.98813474,0.9424087,0.3945964
7150,0,1,0.16341842084919153,0.100309156,0.011979076,0.16569082
7151,1,1,0.5343031854878004,0.9995035,0.99531496,0.53727186
7152,0,1,0.3099719469921114,0.9651855,0.85180116,0.30498517
7153,0,1,0.0770522155978909,0.0070949234,2.6223608e-05,0.07995554
7154,0,1,0.0987910845622462,0.06334098,0.018634355,0.12640627
7155,0,0,0.12608194639730352,0.1663032,0.7774412,0.13947964
7156,0,1,0.01294000786133674,2.4683328e-05,6.6591053e-07,0.01886311
7157,1,1,0.8744681123734206,0.99999964,0.99999774,0.8764313
7158,0,1,0.37309380505174716,0.9828878,0.9237811,0.37030566
7159,0,1,0.6707524605404138,0.99999344,0.99993896,0.6776083
7160,0,1,0.18510200079963576,0.35709417,0.11449877,0.18740363
7161,0,1,0.20878825814992236,0.5432054,0.30234623,0.21066907
7162,0,1,0.015569894927938786,1.4925147e-06,3.0256794e-07,0.015931228
7163,0,0,0.016395600278083455,2.2186349e-07,2.7267533e-05,0.021675425
7164,0,0,0.0031584858527506855,6.094124e-08,7.431504e-07,0.004835443
7165,0,0,0.03057676190964882,0.0006806014,0.0049077943,0.032948572
7166,1,1,0.7811059248112368,0.9999968,0.9999918,0.78058875
7167,0,0,0.0005264581421635708,1.750827e-13,8.44407e-12,0.0009922885
7168,0,1,0.05103695608113369,0.00034688285,6.3119856e-05,0.048828933
7169,1,1,0.7064472245256562,0.99999416,0.99998415,0.70156157
7170,0,1,0.08760846542762307,0.00097031245,0.00018766621,0.0918699
7171,0,1,0.1926629206706451,0.6640158,0.037920818,0.2080337
7172,0,1,0.6561933484489452,0.99991,0.9993418,0.65480167
7173,0,1,0.06430719226290618,0.021608256,0.0028860385,0.072288394
7174,0,0,0.0025923174604221165,6.3069434e-09,1.3958956e-07,0.0038726842
7175,0,0,0.19811387918292137,0.3543118,0.948413,0.20448138
7176,0,0,0.038822971560103184,0.00036248448,0.0023492565,0.04019263
7177,1,1,0.47390634156941797,0.9966576,0.98621583,0.48909408
7178,0,0,0.0009582788799085031,1.9573247e-09,7.573834e-09,0.0020669135
7179,0,1,0.05640284612099914,0.0005875184,0.00011973837,0.05611691
7180,1,1,0.2824164624437041,0.9806662,0.8419886,0.28242567
7181,1,1,0.9969996649821051,1.0,1.0,0.99638665
7182,1,1,0.7334318204667145,0.9999976,0.9999825,0.73727894
7183,1,1,0.978748864121638,1.0,1.0,0.9773899
7184,1,1,0.08673898157791117,0.0022953835,0.0004890092,0.08375347
7185,0,1,0.411113198963954,0.9898903,0.9246934,0.41860816
7186,0,1,0.04732236125097997,0.00055950397,0.0001047989,0.048372317
7187,0,0,0.029793220744390177,0.00011590763,0.0042404574,0.032589037
7188,1,1,0.6725929014322869,0.999944,0.9995795,0.6698819
7189,0,0,0.010944169646398334,2.718427e-07,1.0518483e-05,0.011736833
7190,0,0,0.0026485208408389797,1.5542061e-09,5.7045376e-08,0.0033942517
7191,0,0,0.00365303693651313,6.74771e-10,5.868814e-09,0.004053042
7192,0,1,0.02968222589617104,0.017721593,0.0051487917,0.05102652
7193,0,1,0.022283847160578733,0.0014678668,0.00034207565,0.031429455
7194,1,1,0.9920654594952073,1.0,1.0,0.9907167
7195,0,1,0.17470918961833876,0.5884798,0.06751511,0.18597667
7196,0,1,0.06522798244174925,0.0027693256,0.0016355951,0.062610336
7197,0,0,0.009554214989007409,0.00012081888,0.0035082411,0.018031063
7198,0,0,0.0012997774966202148,1.7026173e-09,2.4182937e-08,0.0022368045
7199,0,1,0.31801027279748584,0.89409685,0.663955,0.31739077
7200,1,1,0.34651867551742976,0.04303256,0.017841611,0.32503977
7201,1,1,0.8296365343457713,0.99999976,0.9999974,0.8280681
7202,1,0,0.8861850075187079,0.99999976,1.0,0.8885394
7203,0,1,0.08308841062318523,0.0023920108,0.00020921417,0.08674629
7204,0,1,0.003462836780924452,4.9239457e-08,7.1093387e-10,0.004881827
7205,0,1,0.001747549623881024,7.3504186e-10,1.0434555e-11,0.0024757183
7206,1,1,0.9999999999999847,1.0,1.0,1.0
7207,0,1,0.029265350979413223,0.013731221,0.0017888407,0.042932898
7208,0,1,0.36310541615714564,0.97863436,0.9024554,0.36225346
7209,0,0,0.0034420257996478306,8.757806e-10,1.4175502e-08,0.0038397743
7210,0,1,0.31624033138456153,0.80353653,0.72106665,0.31146735
7211,0,1,0.0018766848949433644,4.7651952e-11,1.1148761e-12,0.001920376
7212,0,1,0.0031338114764669733,2.3791842e-09,8.558375e-10,0.004192193
7213,0,1,0.012051636899036957,6.091421e-06,2.1712115e-06,0.016128497
7214,0,0,0.0028476977548346186,2.2042007e-08,2.1392356e-07,0.0041283476
7215,1,1,0.711791907251334,0.9996726,0.9991029,0.7002703
7216,0,1,0.022563902175744176,9.566662e-06,4.11798e-06,0.021790937
7217,0,1,0.03799752091092708,9.094025e-05,8.625359e-06,0.040706303
7218,0,1,0.4837766295686368,0.99866664,0.9956724,0.48304278
7219,0,0,0.012723713493709437,1.11457e-06,3.6295348e-06,0.014332166
7220,0,0,0.009404024605811405,1.2107414e-07,8.505801e-07,0.010117265
7221,0,1,0.014291919428441343,1.1299646e-06,3.593794e-09,0.014631803
7222,0,0,0.06372658444312969,0.0013341111,0.019768903,0.06945639
7223,0,0,0.045075542042189894,0.0012537249,0.011526703,0.04868476
7224,1,1,0.4495338999878282,0.99808383,0.9895998,0.4484959
7225,0,1,0.061012347048290255,0.00040073122,0.00017257898,0.058251206
7226,0,1,0.0727893394026482,0.0027601267,0.00081779144,0.07641623
7227,0,1,0.0024224566881712677,7.004908e-08,4.656502e-09,0.004734329
7228,0,0,0.0007923738696129449,1.7309989e-11,5.8045287e-11,0.0012892245
7229,0,1,0.1091950648258097,0.02699751,0.0029886346,0.11051557
7230,1,1,0.9997918677656752,1.0,1.0,0.99969715
7231,1,1,0.9764633448106997,1.0,0.9999999,0.973976
7232,0,1,0.002692351080277422,9.907582e-08,2.3363118e-08,0.0049984553
7233,0,1,0.09825379671141923,0.020768812,0.005234003,0.098668285
7234,0,1,0.0013075559260090296,8.851441e-11,4.5673295e-11,0.0018822829
7235,0,1,0.01402196893757412,6.130213e-05,2.8062252e-05,0.01881082
7236,0,0,0.02802066321126812,6.242875e-05,0.00044479634,0.028283628
7237,0,1,0.003354842131538035,1.937978e-09,2.0919066e-10,0.00381282
7238,1,1,0.7347503323417128,0.9999894,0.99994123,0.7318162
7239,0,1,0.2506522813093997,0.8197249,0.4516687,0.24700576
7240,0,1,0.4438742029872762,0.99680007,0.99194324,0.43500993
7241,0,1,0.05208207311229896,0.0006546529,7.14101e-05,0.050966654
7242,1,1,0.4449634231622392,0.99873096,0.9964922,0.4477336
7243,0,1,0.2532051976202025,0.8752763,0.63052326,0.2545871
7244,0,1,0.008092598936345972,0.0004663466,0.0003227422,0.014932075
7245,0,0,0.004486389416426409,4.228327e-08,2.3837438e-07,0.0062849983
7246,1,1,0.45501507895970816,0.9956119,0.9772159,0.45775253
7247,0,1,0.35284113847779,0.84690094,0.6295587,0.34964946
7248,0,1,0.07504511111480255,0.0031086241,9.909489e-05,0.08215165
7249,1,1,0.7099457140356414,0.99999607,0.99998367,0.70628494
7250,0,1,0.07549451935513096,0.0014536066,0.00026586905,0.06994098
7251,0,1,0.005724657511952868,1.3436929e-07,5.7985066e-08,0.007813153
7252,1,1,0.08321821939741775,0.009289264,2.7808555e-05,0.086272076
7253,0,1,0.008379079389195422,1.063869e-06,3.6990873e-08,0.010233348
7254,0,1,0.09490203494412572,0.017148847,0.009213652,0.091240406
7255,0,0,0.012350723324959215,1.1195193e-05,0.00013263836,0.017996818
7256,0,1,0.03812638929447294,0.3411447,0.08073356,0.0674743
7257,0,0,0.04381565344036318,0.000489125,0.009275557,0.047565583
7258,0,1,0.008216328716392475,3.4190205e-06,2.1527542e-06,0.012005382
7259,0,1,0.0027661326970414325,5.8559215e-09,1.4978362e-09,0.003927361
7260,0,0,0.001254384347532283,1.1406542e-10,4.5461537e-09,0.0015915147
7261,0,0,0.02258821917316486,0.00025365988,0.0011138375,0.02485183
7262,0,1,0.12529735468598707,0.05123883,0.0039028006,0.12947924
7263,0,1,0.11191233317917594,0.0009592661,0.00011385944,0.107645966
7264,0,1,0.4770148352163409,0.9990478,0.99205595,0.47207963
7265,0,1,0.7142929893593841,0.9999734,0.9999441,0.71182925
7266,1,1,0.7584511838841678,0.9999958,0.99998224,0.7573695
7267,0,0,0.09154285837360349,0.009152075,0.74656427,0.09690746
7268,0,0,0.27363445367638034,0.84654236,0.9959098,0.28276005
7269,0,0,0.11874643690935886,0.016970092,0.103457324,0.1266703
7270,0,0,0.0011345333693229208,1.01806036e-10,2.4411253e-09,0.00173634
7271,0,1,0.0013130194249856046,6.5771083e-10,5.0520865e-10,0.002466063
7272,0,1,0.11120638617766625,0.023048272,0.008148375,0.11474022
7273,1,1,0.17563910654939266,0.43168232,0.036560226,0.18748641
7274,0,0,0.08485194069610727,0.004465195,0.24013102,0.09019759
7275,0,0,0.0898382588385119,0.07592988,0.6194499,0.087205544
7276,1,1,0.6533296129158307,0.9998027,0.99981976,0.64622736
7277,0,0,0.01624014765422502,1.999155e-05,0.0002222423,0.01931374
7278,0,1,0.007156002508508583,1.7710394e-06,3.0443428e-07,0.009555928
7279,0,1,0.20771394390676973,0.5161714,0.14340498,0.20640463
7280,0,0,0.010179292679173764,0.00030895544,0.0033554044,0.019026864
7281,1,1,0.9972605871780876,1.0,1.0,0.9967409
7282,0,1,0.005639374284548603,3.7941402e-07,6.921014e-07,0.0121334335
7283,1,1,0.2213523393887153,0.66813976,0.175423,0.2177061
7284,0,1,0.37912596103179613,0.9982887,0.9898405,0.40398073
7285,0,1,0.23089334923913823,0.96175295,0.87851363,0.24408922
7286,0,0,0.4052314697743605,0.9966372,0.99997866,0.39757085
7287,1,1,0.9357814679531972,0.99999845,0.9999857,0.9306667
7288,0,0,0.037315102309661445,0.00035525145,0.0029274125,0.038591128
7289,0,1,0.29410329443528604,0.9464285,0.74015874,0.28754568
7290,0,0,0.004633843250509614,1.882949e-07,8.667774e-07,0.007114938
7291,0,1,0.24561373265071648,0.75083554,0.28573808,0.24096107
7292,0,1,0.03100546626257459,0.00010145893,5.2074185e-05,0.030547572
7293,0,1,0.039966497607759055,7.571601e-05,2.0033689e-05,0.04270884
7294,0,1,0.006730773715019873,3.7638745e-07,1.6951027e-07,0.0091991685
7295,1,1,0.35255888562698606,0.96615756,0.8114742,0.35099253
7296,0,0,0.07152136599742749,0.021983434,0.22354223,0.103752114
7297,0,1,0.001143327397792771,1.1663707e-10,1.4252875e-12,0.0016434251
7298,1,1,0.6063843436432129,0.9999089,0.99960375,0.60081124
7299,0,1,0.03584733792700363,0.00023242475,7.807e-05,0.041955173
7300,0,0,0.02472642057066473,1.6626524e-05,0.00039716618,0.025625544
7301,0,1,0.35868762124855064,0.8832745,0.8951195,0.3585287
7302,0,1,0.6714928862623357,0.999923,0.99975973,0.6635578
7303,0,1,0.005608086112837698,4.8924043e-09,1.0325374e-10,0.0054995483
7304,0,1,0.009952577871409976,1.5192384e-07,1.947097e-08,0.010969925
7305,0,0,0.06560185013993208,0.0136211105,0.19513208,0.06605427
7306,0,1,0.25310373530493985,0.96603763,0.80176604,0.26135874
7307,1,1,0.7549819690165047,0.99999523,0.99997234,0.7534741
7308,1,1,0.5170392219756363,0.9995942,0.99928784,0.52352273
7309,0,1,0.23518549697590857,0.5992073,0.21430427,0.23769376
7310,0,0,0.007793385963689454,1.5350226e-07,2.7088386e-06,0.008865981
7311,0,0,0.0008468219187401587,1.7995506e-09,5.3101585e-09,0.0016420776
7312,0,1,0.4434341541229152,0.999405,0.99311286,0.45880324
7313,0,0,0.005754710083298859,2.6718678e-09,6.325113e-08,0.00650959
7314,0,1,0.10895033512463818,0.014844272,0.002330699,0.11213006
7315,0,1,0.032034263182515635,5.0977214e-05,2.7108232e-05,0.031824473
7316,1,1,0.28079107585162744,0.8683751,0.550698,0.2803632
7317,1,1,0.5483814516812447,0.998434,0.9924982,0.5596475
7318,0,1,0.15197811944942788,0.12865289,0.024743853,0.15458755
7319,0,0,0.007103024231406368,3.9525943e-08,4.7588358e-07,0.0077090883
7320,1,1,0.48243501887456997,0.99972445,0.99904937,0.49590296
7321,1,1,0.1733635268777979,0.3091952,0.11419593,0.16276093
7322,1,1,0.9991357543268418,1.0,1.0,0.9989501
7323,1,1,0.999999999999867,1.0,1.0,1.0
7324,0,0,0.006831997028034164,5.262409e-07,1.4518867e-05,0.007833546
7325,1,0,0.35731698468156275,0.99724823,0.99996734,0.36136517
7326,0,1,0.8117235111023381,0.99999964,0.99999845,0.81194216
7327,0,1,0.029102714646786255,2.7375923e-05,1.3730267e-05,0.028719416
7328,0,0,0.10795626945942596,0.027990123,0.4662143,0.11645219
7329,0,1,0.007453676872359718,1.5884591e-08,6.118428e-09,0.008868353
7330,0,1,0.22991729435189825,0.9656113,0.09125632,0.23916972
7331,0,0,0.05188556552276066,0.0012652767,0.027795326,0.055822913
7332,0,0,0.0016414791812169943,5.734388e-05,1.5956195e-08,0.006803522
7333,0,0,0.0012653971611726097,5.618447e-11,1.925877e-09,0.0016589944
7334,0,1,0.044764037931170564,0.00011982552,3.8801794e-05,0.045141347
7335,1,1,0.3355169773612656,0.9342174,0.76114804,0.3332809
7336,0,0,0.009377717400359618,1.1396616e-08,7.31927e-08,0.010731907
7337,0,0,0.049672009190582844,0.0010623772,0.015095765,0.052024946
7338,0,0,0.06838184219652159,0.0067518544,0.100871265,0.07306962
7339,0,0,0.0024933183627376303,9.107012e-09,2.8462853e-07,0.0037717258
7340,0,0,0.0015134431110063868,1.3906426e-10,3.6221803e-09,0.0022239634
7341,0,0,0.001976969091776648,3.2093006e-09,4.8717805e-08,0.0030579315
7342,0,1,0.05364765301441537,0.004305496,0.002955471,0.054208666
7343,0,1,0.7734387732397583,0.9999976,0.9999831,0.7704921
7344,0,0,0.005994494201834303,4.5238124e-08,1.5172925e-06,0.0066304635
7345,0,1,0.062095278461282884,0.003990428,0.0043216357,0.06038731
7346,1,1,0.31427346888312163,0.95873195,0.76145023,0.3163668
7347,1,1,0.9138379984402621,0.9999999,0.99999917,0.9152263
7348,0,1,0.0009148619000524815,1.5082496e-11,1.8154503e-13,0.0012930336
7349,0,0,0.023616577897181246,6.3763046e-06,6.4087195e-05,0.024606632
7350,0,0,0.027978396017781976,0.0007795551,0.033347365,0.04095119
7351,0,0,0.000999358398282134,3.4470962e-10,4.181751e-09,0.001721577
7352,0,1,0.008710898442506696,5.570246e-08,2.9237198e-08,0.008772207
7353,0,1,0.046661078224840356,0.00061711564,0.00014121583,0.049461797
7354,0,1,0.059962277059906685,0.004649259,0.0022991672,0.06003171
7355,0,0,0.041544025965564925,0.00041717535,0.009591298,0.044909365
7356,0,0,0.025038071961928726,3.0178291e-05,0.0028159504,0.027898492
7357,1,1,0.7727006418487378,0.99999666,0.99997616,0.7709573
7358,0,1,0.20063658884257865,0.4697716,0.087946676,0.19734272
7359,1,1,0.6478953186281239,0.9985415,0.9865487,0.6410081
7360,1,1,0.4712287869140788,0.9998021,0.9990095,0.4744684
7361,0,0,0.014475899264644366,3.7369173e-06,5.1825784e-05,0.015276843
7362,0,0,0.009794522763847287,4.559555e-07,4.994422e-06,0.011946095
7363,0,0,0.016009446568122553,4.729491e-06,0.00020252782,0.017452735
7364,0,0,0.04015557783795979,0.00014914366,0.0031687072,0.041911352
7365,0,0,0.04163405296820027,0.00104831,0.01604132,0.042560376
7366,0,1,0.010603240647277197,1.2650833e-05,7.877143e-07,0.015369599
7367,0,0,0.004439780825502094,1.6409442e-07,1.6636186e-06,0.0063398075
7368,1,1,0.2022731781257225,0.3917008,0.48220128,0.19742301
7369,0,0,0.004658902620221718,4.2709845e-09,5.800011e-07,0.00680148
7370,0,1,0.0019447781579113748,4.4004772e-10,6.774556e-11,0.002734902
7371,0,1,0.7019522481494915,0.9998958,0.99945444,0.7003874
7372,0,1,0.4451713781141896,0.9983741,0.9891895,0.44742942
7373,0,0,0.0012187582758667105,5.7381216e-10,1.2127077e-08,0.0018797849
7374,0,1,0.1370914625329346,0.041912023,0.0032005815,0.1415188
7375,0,1,0.6073736196104155,0.99989855,0.9996004,0.6079223
7376,1,1,0.7156857026928184,0.99993503,0.99975604,0.71397036
7377,0,1,0.11805548223930919,0.015154095,0.0065759947,0.10673811
7378,0,1,0.4637076141158049,0.9995159,0.99734133,0.47959635
7379,0,0,0.035902757334247866,0.00018581674,0.0024472368,0.038599256
7380,1,1,0.7234790974821463,0.9999901,0.9999422,0.72055435
7381,0,0,0.04078072358555288,0.0003559656,0.0028111874,0.04117683
7382,1,1,0.39804894256049195,0.9870259,0.88979346,0.4048382
7383,1,1,0.40464568651019883,0.9821416,0.9234606,0.4101167
7384,1,1,0.92382637553516,1.0,1.0,0.92032665
7385,0,1,0.12478803263750614,0.30203938,0.10677147,0.14076309
7386,0,0,0.07199140424170417,0.0042595393,0.048371736,0.07540119
7387,0,1,0.28578974546067365,0.8996826,0.57874256,0.2872645
7388,0,0,0.08948581449721828,0.008480318,0.05930346,0.09288931
7389,0,1,0.20380402399921574,0.54465276,0.1759944,0.20518993
7390,0,1,0.5978612612145409,0.9998975,0.9994375,0.6015565
7391,0,1,0.08305694317463487,0.008130713,5.4267784e-05,0.085684694
7392,0,0,0.0017520521067030583,8.9046837e-10,3.0448412e-08,0.00266496
7393,1,0,0.12948163017891376,0.2529453,0.6333495,0.12880966
7394,0,0,0.03733654460004841,4.2790216e-05,0.0032847433,0.040203117
7395,0,1,0.024842682005620165,1.984099e-05,1.3512685e-05,0.024233388
7396,1,1,0.88838039260027,1.0,0.9999999,0.8849596
7397,0,0,0.02370979578736756,1.6168697e-05,0.0002277556,0.028021036
7398,1,1,0.8978621090197821,0.9999999,0.99999917,0.8987008
7399,0,1,0.18218740772029327,0.41769615,0.0681169,0.1851517
7400,0,1,0.006480107198528749,6.599746e-07,9.984716e-08,0.008589318
7401,1,1,0.23207120408315862,0.59190553,0.18542118,0.2337369
7402,0,1,0.404183039680705,0.99203414,0.9526459,0.41329435
7403,0,0,0.17204712021738286,0.0077839163,0.041807286,0.17839192
7404,0,1,0.00798580195405181,1.2506359e-05,9.693147e-08,0.011081938
7405,0,0,0.17629186246132925,0.3891851,0.84905434,0.18463272
7406,1,0,0.7603599712850704,0.99982715,0.99999976,0.79771847
7407,0,1,0.03320684829463953,4.6023786e-05,1.3434688e-05,0.035294347
7408,0,1,0.4098509548124522,0.9631392,0.8381271,0.4158699
7409,1,1,0.2900897064398192,0.96887255,0.83490855,0.29380703
7410,1,0,0.25888576423206966,0.8405045,0.999268,0.25470817
7411,0,0,0.03176548547889654,0.00020735532,0.0015849975,0.032171123
7412,1,1,0.05646518953038836,0.00011398361,4.1226154e-05,0.057787172
7413,0,0,0.002836375104793389,1.7648238e-10,3.283039e-09,0.0032568476
7414,0,1,0.0017395265245101093,3.4804334e-10,6.996913e-11,0.0024941994
7415,0,1,0.010053871235076449,1.24315875e-05,3.043044e-06,0.013215016
7416,1,1,0.6534321466826416,0.99992955,0.99985194,0.65439236
7417,1,1,0.8053672501267563,0.9999988,0.99999297,0.80025303
7418,0,0,0.018964647958221476,1.6600477e-05,0.0004891295,0.023198266
7419,1,1,0.1532211925008843,0.19187364,0.038868986,0.14976916
7420,0,1,0.024028259013214332,0.00013523086,8.687737e-06,0.03325859
7421,0,1,0.3329602292359157,0.9770547,0.90743506,0.32111058
7422,0,1,0.9805519523043462,1.0,1.0,0.9803365
7423,0,1,0.02169803504855369,5.182272e-05,1.8236525e-06,0.024344832
7424,0,0,0.024301343013743936,3.9342962e-05,0.0013812246,0.025518004
7425,0,0,0.004345690216342319,1.9416085e-08,3.5413976e-07,0.005430442
7426,0,1,0.299767323265946,0.9361678,0.79288137,0.28894183
7427,0,0,0.0011937087066759325,2.92855e-10,8.391229e-09,0.0018519275
7428,0,0,0.031729078766014676,0.00038570492,0.0028912574,0.03692507
7429,1,1,0.4771646105910585,0.997399,0.9871948,0.4567025
7430,0,1,0.2520569572384134,0.40970907,0.23767936,0.24010655
7431,0,1,0.07530708979450902,0.007857837,0.0027402497,0.07141695
7432,0,0,0.0018549259529451539,3.8572106e-09,2.6699285e-08,0.002978047
7433,0,1,0.00926315475136231,7.5448656e-06,2.6721145e-06,0.01266743
7434,0,1,0.008979704839912988,6.8291705e-08,1.2076503e-08,0.009271027
7435,1,0,0.4648672898027239,0.9916992,0.9999857,0.4670995
7436,0,1,0.07781899704035934,0.011526953,7.659954e-05,0.080382735
7437,0,0,0.222132334240755,0.9366802,0.99255884,0.23798817
7438,1,1,0.6545149631536794,0.9999386,0.9995504,0.65544194
7439,1,1,0.6287943849477335,0.99913824,0.99469435,0.6301543
7440,0,0,0.0008916430859347359,1.5262673e-11,2.2589328e-10,0.0013718642
7441,0,0,0.042597123219531255,0.00018359612,0.007535903,0.0455166
7442,1,1,0.7881204038016872,0.99999964,0.99999905,0.7823708
7443,0,0,0.025154282697446143,0.0008237596,0.005267349,0.030785078
7444,0,1,0.003790222571475032,2.881065e-09,1.01973555e-10,0.004391463
7445,0,1,0.09838042410080006,0.029651921,0.0055851853,0.097912535
7446,1,1,0.9438661070978192,0.9990734,0.994649,0.9321815
7447,0,0,0.004785113226365375,2.071007e-07,9.4017656e-07,0.006460906
7448,1,1,0.3821020328197154,0.98698944,0.9418789,0.37841117
7449,0,1,0.20105652401480423,0.33468324,0.06267297,0.20359851
7450,0,1,0.15793567427934516,0.13526489,0.020285647,0.16063718
7451,0,0,0.010151857112447357,7.770173e-07,1.3020644e-05,0.010403532
7452,1,1,0.2851932666107146,0.8854296,0.5790078,0.28411573
7453,0,0,0.08649721705347344,0.009848977,0.11324987,0.090717405
7454,1,1,0.6594950126149134,0.9999831,0.9998386,0.6616846
7455,0,0,0.14874331088433343,0.1220124,0.70131,0.15918165
7456,1,0,0.9108105722714571,0.9999999,1.0,0.9119979
7457,0,0,0.02122462656517089,1.6530179e-06,1.4711178e-05,0.013723862
7458,0,1,0.4206325907188022,0.9968677,0.9775548,0.42972207
7459,0,0,0.0037558229772943564,1.188032e-08,5.3381984e-07,0.005769276
7460,0,0,0.01230974702256524,1.960683e-06,7.204332e-05,0.0133310165
7461,0,1,0.195135351708576,0.07533343,0.011603606,0.19348677
7462,0,1,0.011677468521292474,2.9067832e-07,1.2011932e-07,0.011897263
7463,0,1,0.6387437301483473,0.999827,0.9981863,0.63841164
7464,0,0,0.010707484445423757,7.0628903e-06,0.00014147366,0.015724868
7465,0,0,0.044189119293199235,0.0010668702,0.16154023,0.05327545
7466,0,1,0.03013359680055461,1.33074545e-05,1.6888422e-06,0.029937455
7467,0,1,0.005493428024934345,1.8728048e-08,7.5231077e-10,0.0061067906
7468,0,0,0.0014840690279145179,4.994142e-10,5.386852e-09,0.0022787927
7469,0,1,0.47478271361438434,0.9988267,0.97379863,0.50151974
7470,0,0,0.0010378250940567845,4.2610884e-10,5.4190146e-09,0.0017863075
7471,0,0,0.007573378621510343,6.315253e-08,1.0960321e-06,0.0084429905
7472,1,1,0.5498871242927404,0.9984199,0.98809695,0.57780343
7473,1,1,0.3907063804971144,0.982369,0.87464845,0.39672744
7474,0,1,0.16681430447507378,0.24291137,0.09115962,0.16960356
7475,0,1,0.03918637713213007,2.8984676e-05,7.3546016e-06,0.040034942
7476,1,1,0.3380155103596858,0.9672463,0.91190743,0.33878195
7477,0,1,0.0029623738773300722,1.8320229e-08,1.0597067e-09,0.004456589
7478,1,1,0.6975494586760204,0.99996436,0.9998474,0.7043121
7479,1,0,0.007249532804360778,6.1468434e-08,9.615052e-07,0.008055264
7480,0,1,0.01262802153507641,0.00019623093,3.7132457e-05,0.019336468
7481,0,0,0.0003220850045555497,1.3553232e-13,1.5512392e-12,0.0005115043
7482,1,1,0.5854292793521313,0.9998716,0.9992482,0.5824034
7483,0,1,0.16551785140409866,0.25203148,0.04413574,0.16049737
7484,0,1,0.2716315451927892,0.86883724,0.31527993,0.2657733
7485,0,1,0.23269804895327492,0.5352711,0.32594755,0.2357436
7486,1,1,0.8168638974878734,0.99999917,0.9999958,0.81206554
7487,0,0,0.062126915769891315,0.00011114829,0.0030426725,0.06694562
7488,0,0,0.038538760208682146,0.00013650568,0.0010926011,0.040893886
7489,1,1,0.9188406714944863,0.9999974,0.9999875,0.91474855
7490,0,1,0.001829441374810902,2.2781714e-09,4.890536e-10,0.0028749506
7491,0,1,0.2766820478880353,0.595936,0.30956125,0.27595824
7492,0,1,0.06167067299111593,0.004513894,0.0017055909,0.061837748
7493,1,1,0.9361580962807551,0.9999989,0.99999464,0.92869556
7494,0,1,0.08717399559418183,0.022798356,0.007377742,0.08268237
7495,0,1,0.037021866725664834,4.7398935e-05,6.5754793e-06,0.0401631
7496,1,1,0.6211247222794591,0.9997081,0.99915886,0.6235562
7497,0,1,0.20496665800073824,0.3194761,0.27157322,0.20163476
7498,0,1,0.0495014021607004,0.0020856159,0.00021999721,0.05300999
7499,0,1,0.5413868118222401,0.99966717,0.9995165,0.5405459
7500,0,0,0.007008365213459181,8.1863794e-07,1.5048609e-05,0.010619654
7501,0,1,0.12058723504130371,0.07579603,0.04417082,0.119484894
7502,1,1,0.2963421804028294,0.9857118,0.90057343,0.29715097
7503,1,0,0.1068561973292781,0.30398816,0.8757611,0.11514897
7504,1,1,0.3372936783371209,0.9676284,0.87556463,0.33659145
7505,0,0,0.038108796664545565,0.00014938504,0.0005453619,0.038049523
7506,1,1,0.3824340965759436,0.99083066,0.90603626,0.38154623
7507,0,1,0.1263622123790812,0.051562782,0.014651574,0.12486306
7508,0,1,0.5906162378448,0.99981356,0.99946916,0.58275956
7509,0,1,0.3702223834292196,0.9949472,0.9666322,0.36538598
7510,1,1,0.5239836342127359,0.9999466,0.9996598,0.55213565
7511,1,1,0.7278070379333738,0.9999914,0.99991786,0.72676325
7512,1,1,0.18857740703168624,0.44623634,0.27064538,0.18450788
7513,0,1,0.7185954461353683,0.999974,0.99978435,0.72643816
7514,1,1,0.8624165302500959,0.9999994,0.9999918,0.86408687
7515,0,0,0.0008099633134492248,1.409984e-11,1.7427934e-10,0.0012582695
7516,0,1,0.4026143826171124,0.71866035,0.07966735,0.41109294
7517,1,1,0.9805641207469982,1.0,1.0,0.98024875
7518,1,1,0.5016920850475792,0.9984372,0.99366355,0.5036843
7519,0,1,0.28190286894897887,0.86991835,0.563902,0.28170684
7520,0,0,0.002539659031623937,1.8350986e-10,3.699163e-09,0.0028200278
7521,0,1,0.07479297630806475,0.0015121246,0.0002275045,0.07862818
7522,0,1,0.020610625443130186,1.8171337e-06,2.0187108e-06,0.020330487
7523,0,0,0.003643217191913085,5.4470693e-08,1.3161679e-06,0.0054537132
7524,0,1,0.13241790517349378,0.022421777,0.0024777753,0.1347079
7525,0,0,0.3327932648475131,0.9829548,0.9999491,0.33397564
7526,1,1,0.11555936527000336,0.06396548,0.006862075,0.11682025
7527,0,1,0.3074957449064707,0.9992981,0.9959864,0.34361202
7528,0,1,0.0028211366623003024,3.7021934e-07,1.1627091e-08,0.005722067
7529,0,0,0.032830295928517675,0.0005004382,0.003140799,0.03836629
7530,1,1,0.9971834161895418,1.0,1.0,0.99659544
7531,0,0,0.021980224185566347,0.009449353,0.032145042,0.04023724
7532,0,1,0.7901369778561689,0.99994075,0.99973315,0.7930219
7533,0,0,0.003630496242619166,4.5285958e-08,1.4038889e-06,0.0054254173
7534,0,1,0.19749092879139912,0.50551605,0.07996884,0.20053966
7535,0,0,0.058097047310893914,0.0005474316,0.013765425,0.063204624
7536,1,1,0.6470529644931028,0.9999324,0.999622,0.644064
7537,0,0,0.0061437173900452,8.563033e-09,1.2812232e-07,0.006892794
7538,1,1,0.5153047578081177,0.99646676,0.98055273,0.519123
7539,1,1,0.5965195843011087,0.99976856,0.9985821,0.59624034
7540,1,1,0.4266566922049473,0.9773701,0.92166585,0.41842026
7541,0,1,0.1854579782369345,0.830538,0.6803976,0.18849325
7542,0,0,0.048215325057068055,0.0013492254,0.010558039,0.049505733
7543,1,1,0.7628091929125217,0.9999999,0.9999995,0.7642184
7544,1,1,0.24682917323061845,0.85341156,0.5292388,0.26094824
7545,0,1,0.0315207920449446,4.3037726e-05,1.443311e-05,0.0313093
7546,0,1,0.19785934239461475,0.5419546,0.13554879,0.2014935
7547,0,0,0.003746292890663773,1.00517475e-07,2.3879106e-06,0.0056479843
7548,0,0,0.012365489502612268,1.0305965e-06,2.93717e-05,0.015169581
7549,1,1,0.4844337593689657,0.99859995,0.99228036,0.488757
7550,0,1,0.010055314360035211,1.4669113e-06,6.185336e-07,0.013291987
7551,0,1,0.2330260816517973,0.8133349,0.50942385,0.23559524
7552,1,1,0.4797527477356887,0.9863951,0.92527616,0.48484915
7553,0,1,0.4035427351553903,0.970555,0.89300174,0.39233437
7554,0,0,0.057191161567847586,0.0016571995,0.047958482,0.05917998
7555,0,1,0.0038406809324721754,2.578236e-07,6.238797e-08,0.0060348753
7556,0,1,0.13389427465782314,0.051742733,0.01463212,0.1311708
7557,1,1,0.5529884619617972,0.99992347,0.99949944,0.54045045
7558,1,1,0.4594589627150153,0.9979966,0.9890009,0.46884128
7559,1,1,0.9799058085032056,1.0,1.0,0.9784493
7560,0,0,0.02052453383468742,3.4670906e-05,0.00013371995,0.022738576
7561,1,1,0.19546815852588498,0.44351083,0.18841287,0.19681129
7562,1,1,0.40389752838352855,0.992523,0.95677227,0.4004367
7563,0,1,0.8320670750588764,0.99999976,0.99999857,0.8315894
7564,0,0,0.0026618523114485125,1.6680312e-08,2.4602966e-07,0.0038883567
7565,0,1,0.03279810335593536,4.9862338e-05,1.24672515e-05,0.032631803
7566,1,1,0.663788324254651,0.99994254,0.9994162,0.6642161
7567,0,1,0.03071433128662486,3.7440488e-05,1.1897975e-05,0.030502254
7568,0,1,0.04042518091795089,0.00011612114,2.0036021e-05,0.037224814
7569,0,0,0.7798859264761812,0.99999976,1.0,0.7880484
7570,0,1,0.2641050382034868,0.8402792,0.38373983,0.26596224
7571,0,0,0.09721287541138053,0.017127594,0.42940244,0.10242597
7572,0,0,0.02209206568617052,1.1621475e-05,0.00018858894,0.02281653
7573,0,0,0.07340597427848054,0.0014272307,0.071524166,0.079827376
7574,0,1,0.0891817650614977,0.03198968,0.008092298,0.08531385
7575,1,1,0.6406843778436878,0.99958366,0.9990082,0.63964087
7576,0,0,0.017452398785979126,1.11725385e-05,0.00018551065,0.018300053
7577,0,1,0.015367276852397926,0.00052137085,2.3389712e-05,0.02237437
7578,0,1,0.1758386859925787,0.28612483,0.076003656,0.17798287
7579,0,1,0.5756528349254947,0.9993617,0.9934766,0.5767889
7580,0,1,0.6163192395242245,0.9980342,0.98473907,0.6086298
7581,0,1,0.3356658954180491,0.9459354,0.90083945,0.33626816
7582,1,1,0.547596212289109,0.9992354,0.9983145,0.552578
7583,1,1,0.9831619989817301,1.0,1.0,0.9822282
7584,0,1,0.015637865542096483,1.4689335e-05,6.771432e-07,0.01693059
7585,0,0,0.0012850642840273188,2.2814749e-10,5.4693765e-09,0.0019675368
7586,1,1,0.7137641908752453,0.99998343,0.9998816,0.71120423
7587,0,0,0.07335774497126556,0.0004939321,0.06746247,0.07627917
7588,0,1,0.39760998390903207,0.9940631,0.95739007,0.38700324
7589,0,1,0.11566321712773314,0.02344139,0.00025440732,0.117797166
7590,0,0,0.33185681057007366,0.9637104,0.9995567,0.32773083
7591,0,1,0.29949070059583877,0.7618803,0.7088492,0.2857605
7592,0,1,0.02067011560283156,1.5660698e-05,9.877861e-06,0.024050815
7593,0,1,0.021769385194551898,5.763251e-06,2.6772975e-06,0.021991737
7594,0,1,0.0033502308817352955,4.3054946e-08,2.2657733e-09,0.005035435
7595,0,0,0.040391822404385165,0.0011836569,0.01635499,0.044714432
7596,0,0,0.003592086853629924,1.2584215e-08,3.8296497e-07,0.0044447402
7597,0,0,0.005053476520005677,6.305046e-08,1.6439923e-06,0.006366155
7598,0,1,0.021159015934489205,0.00017525158,5.392956e-05,0.027973969
7599,0,0,0.00809482000307583,5.5831556e-06,5.212735e-05,0.011437656
7600,0,1,0.0129588725952003,0.00090251805,0.0004500321,0.023201475
7601,0,1,0.43317207721083206,0.9926537,0.9561104,0.4375188
7602,0,1,0.044758156307821644,0.00015566662,2.1809028e-05,0.04464138
7603,0,0,0.011503371218508064,1.1673399e-06,1.5236947e-05,0.012880694
7604,1,0,0.9981869101895666,1.0,1.0,0.9978521
7605,0,0,0.0012158392833305394,1.1391388e-10,1.6803341e-09,0.0018726385
7606,0,1,0.9720777421765021,1.0,1.0,0.9711856
7607,0,0,0.06968588348136032,0.023917979,0.3687642,0.07383574
7608,0,1,0.013860083017347915,1.0528472e-06,8.201102e-07,0.013644342
7609,0,0,0.02126345285715262,5.4846052e-05,0.0006743788,0.028261298
7610,1,1,0.1978576848685272,0.0014747271,4.4202643e-06,0.18705334
7611,1,1,0.5077199074629994,0.99819666,0.9931479,0.5008362
7612,0,0,0.03650273828400884,0.0004930616,0.006424428,0.037595768
7613,0,1,0.004203363335564697,4.1112397e-08,1.3252823e-08,0.0059310743
7614,0,0,0.14497952509356515,0.10310514,0.47992122,0.09040767
7615,0,1,0.7927115246432977,0.9999021,0.9995173,0.7810647
7616,0,1,0.12136851452017419,0.043849804,0.01312281,0.11796383
7617,0,1,0.5073289641435538,0.9991664,0.9936771,0.504322
7618,1,1,0.9999999999991056,1.0,1.0,1.0
7619,0,0,0.05833391073242837,0.0028197328,0.05988612,0.062757075
7620,1,0,0.9980475350658436,1.0,1.0,0.9976515
7621,0,1,0.07759064685481418,0.0054621254,0.0026434853,0.0879662
7622,0,1,0.03152965770191004,8.695679e-06,3.016574e-06,0.031631064
7623,0,1,0.5500299409244719,0.99981534,0.9987974,0.56499225
7624,0,0,0.095545084291231,0.07352195,0.61571145,0.102244906
7625,0,0,0.1855326809354662,0.005313397,0.8211748,0.2157943
7626,1,1,0.8927894872181507,0.9999995,0.99999845,0.8945901
7627,0,0,0.0021514007951390223,6.8981456e-09,1.3334702e-07,0.0032674868
7628,0,1,0.36024842003368623,0.9983125,0.8280687,0.3615982
7629,0,0,0.009948102584170298,3.6919162e-06,8.605258e-05,0.01286935
7630,0,1,0.21432348654715494,0.3362488,0.12561716,0.21815324
7631,0,1,0.027770019265205625,2.3122073e-05,1.0688077e-05,0.027803533
7632,0,1,0.04200199393478335,0.00016146203,1.3070993e-05,0.040654905
7633,1,1,0.2463862074825159,0.58019656,0.13975571,0.24615511
7634,0,1,0.6664906688254416,0.9999441,0.9998286,0.6688296
7635,0,1,0.11573734151370926,0.014688367,0.006774905,0.122947276
7636,0,1,0.265829129030773,0.89336526,0.51178926,0.25968504
7637,0,1,0.8516641332398608,0.999997,0.999979,0.8521005
7638,0,1,0.0805866401512174,0.7829328,0.4234648,0.10923799
7639,0,1,0.019560055266513034,4.086873e-06,1.559758e-06,0.018991875
7640,0,0,0.012686334391834565,7.6265434e-07,8.6010705e-06,0.013472629
7641,0,1,0.666746845473075,0.9998578,0.9997753,0.6469188
7642,0,0,0.00020040449247116197,2.356755e-09,1.7331784e-12,0.0008692125
7643,0,1,0.8701046871822231,0.9999887,0.9999484,0.86413
7644,1,1,0.5745130347946207,0.99994993,0.9998164,0.5885779
7645,0,0,0.16429025814560871,0.56696224,0.931478,0.17789032
7646,0,1,0.30378851207562024,0.9102619,0.6099664,0.30298764
7647,0,1,0.20616919069967687,0.37925613,0.0755044,0.20843056
7648,0,1,0.14186951724745303,0.12515701,0.038391873,0.14405347
7649,0,1,0.14646613122720112,0.15068816,0.021497196,0.15162607
7650,0,1,0.010290658109564319,1.912948e-07,1.05373566e-07,0.010208192
7651,0,0,0.011727858210873666,6.083114e-05,0.00059007766,0.016519452
7652,0,0,0.022927123324069317,1.846098e-05,0.00042613287,0.025161995
7653,0,1,0.08147236254268396,0.0047885133,0.00010690999,0.09008848
7654,0,1,0.09261993614091411,0.10017578,0.005966533,0.0942734
7655,0,1,0.000991940513487801,8.85693e-11,1.0570767e-12,0.0014418804
7656,0,1,0.40867896304424095,0.9930663,0.9645566,0.41923016
7657,1,0,0.11455204531140736,0.24048354,0.87339777,0.12456811
7658,0,1,0.308445135090023,0.9391791,0.8113881,0.32088178
7659,0,1,0.22075724634522562,0.8066816,0.042265702,0.22439998
7660,0,1,0.8850227743970275,1.0,1.0,0.88353944
7661,0,1,0.005101066826305078,6.644826e-08,2.2267148e-08,0.0072021466
7662,0,1,0.052402812627450446,0.00042180944,4.2742577e-05,0.050879683
7663,1,1,0.8362334939811663,0.99999034,0.99995553,0.83289343
7664,0,0,0.007499063073853267,6.4565506e-06,0.0002415997,0.011065088
7665,0,0,0.005368344622813047,1.0097693e-07,2.3369405e-07,0.0064821006
7666,1,1,0.9117457214586259,0.99921656,0.9987459,0.89144564
7667,0,1,0.00701621674277733,8.2784855e-09,1.6410744e-09,0.0071649384
7668,0,0,0.004331473800012768,2.6252618e-09,1.13243885e-07,0.0049590534
7669,0,0,0.0052137231871819826,5.921461e-08,6.829053e-07,0.0057872464
7670,0,0,0.0037039695841510935,8.3911516e-08,2.3082532e-06,0.0055559915
7671,1,1,0.8060514975894213,0.99999905,0.9999964,0.800897
7672,0,1,0.20753010116971593,0.2782284,0.072677925,0.20476393
7673,0,0,0.03224187047040501,0.00012161098,0.0029403681,0.035201985
7674,0,0,0.09933590574839761,0.045185328,0.8001064,0.10593144
7675,0,1,0.23832034024916265,0.66909975,0.21328674,0.24057555
7676,1,1,0.2990898674689686,0.9851059,0.94170105,0.3079557
7677,1,0,0.44688765142818176,0.99526167,0.9999707,0.4557414
7678,0,0,0.001076202500217936,8.980882e-09,1.9695199e-07,0.0024280353
7679,0,1,0.2191407221127347,0.62826943,0.19902155,0.2165427
7680,0,1,0.1712866250550815,0.05658711,0.017083228,0.17483479
7681,1,0,0.2313772968723799,0.85185367,0.98069245,0.24141997
7682,0,0,0.07148907628853216,0.024680398,0.3269054,0.07438402
7683,1,1,0.587485382748061,0.999905,0.99964964,0.59444165
7684,0,1,0.005464671488842165,5.891488e-06,1.7410596e-06,0.0096868025
7685,0,1,0.47807758869250583,0.99949694,0.9971884,0.47031578
7686,0,1,0.0016631104766274074,7.477508e-12,3.932074e-12,0.0017777652
7687,1,1,0.9947514628415383,1.0,1.0,0.9938571
7688,1,0,0.4043664049645751,0.9994554,0.9999949,0.56098974
7689,0,1,0.2857290033355977,0.89934343,0.44377857,0.29384017
7690,1,1,0.6856678418492338,0.99996495,0.9999479,0.6847721
7691,0,0,0.0009122151370794776,2.6759858e-11,3.9865405e-10,0.0014121466
7692,0,1,0.008605588577617833,3.2404383e-08,6.627622e-09,0.008889241
7693,1,1,0.6284644769646095,0.99988246,0.9993105,0.63126963
7694,0,0,0.03664096906355754,0.0005284058,0.0034933947,0.04158986
7695,1,1,0.5620770206864877,0.99981,0.99931216,0.5682719
7696,0,0,0.004091091904798614,3.425254e-09,1.5533642e-07,0.00460726
7697,0,0,0.0161555647561105,1.7669463e-05,0.00020700232,0.019855777
7698,0,0,0.0026526730512784077,1.6985079e-09,2.1400183e-08,0.0031560326
7699,1,1,0.9999999999999976,1.0,1.0,1.0
7700,0,1,0.015138627044173913,1.4266305e-06,3.1865486e-07,0.016879275
7701,0,1,0.017544753223209412,1.6178826e-06,4.4629215e-07,0.016896574
7702,0,1,0.015940105326123086,1.6621452e-06,2.649399e-07,0.017218182
7703,0,1,0.26518603747978,0.89798963,0.07261044,0.2610464
7704,0,1,0.04368331418292828,0.00017505919,2.7243099e-05,0.043347582
7705,0,1,0.514553424683905,0.9984181,0.98523045,0.5158317
7706,0,0,0.0007857822361545153,9.759466e-07,2.0159267e-10,0.003207239
7707,1,1,0.7684121790215869,0.9999993,0.9999968,0.7748776
7708,1,1,0.3541649956258842,0.98042333,0.9534163,0.35195398
7709,0,0,0.002094404821992864,3.8125947e-08,5.211964e-07,0.0036011965
7710,0,0,0.0581005023919396,0.0010628474,0.012712076,0.061063156
7711,0,1,0.04693784800243262,7.6080636e-05,2.42812e-05,0.027807713
7712,1,0,0.0649153218012193,0.008891653,0.20470509,0.06431573
7713,1,1,0.7131377225490461,0.9964281,0.95345503,0.686668
7714,0,0,0.030335240894375646,0.00090896105,0.0029457046,0.034313172
7715,0,1,0.5728470949721483,0.99956864,0.9970702,0.57316417
7716,1,1,0.2543709609824951,0.76626194,0.32115513,0.25479418
7717,0,1,0.004992355235963,9.55494e-09,3.6366417e-09,0.0054037003
7718,0,0,0.001927695723306765,5.0527416e-10,1.0428682e-08,0.0024879673
7719,0,0,0.02087058855752663,0.00015481074,0.0025558418,0.02384637
7720,0,0,0.011754819264962562,1.8278561e-07,6.0345196e-06,0.012901744
7721,0,1,0.24825427760224142,0.70663595,0.2929817,0.24949628
7722,1,1,0.59153429218844,0.9999088,0.99989176,0.587158
7723,0,0,0.08598280154591922,0.05581454,0.6803593,0.090203606
7724,0,0,0.0032961456327553194,3.5947396e-09,5.971775e-08,0.003840927
7725,0,0,0.0132411190699523,1.6089205e-05,0.0001158622,0.014900911
7726,1,1,0.32179385777386177,0.95224607,0.82180953,0.32019222
7727,1,1,0.9999999999999905,1.0,1.0,1.0
7728,0,1,0.08013647311059063,0.004562985,9.007814e-05,0.08834553
7729,1,1,0.9378685640042875,1.0,1.0,0.9379702
7730,0,1,0.014848829833360715,8.010856e-06,3.8914936e-06,0.020816235
7731,0,1,0.009583097341033207,1.0914043e-05,2.435756e-06,0.013145955
7732,1,1,0.772750017737271,0.99999857,0.99999225,0.77386296
7733,0,1,0.3633621983981912,0.012598929,0.003780178,0.15578897
7734,1,0,0.7478952063558139,0.9999852,1.0,0.75213206
7735,0,0,0.0024498885069150567,8.008372e-09,8.3210416e-08,0.0035580772
7736,1,0,0.4613749047074526,0.994226,0.99997413,0.46715
7737,0,0,0.18846620895934493,0.93256056,0.9986407,0.18334821
7738,0,1,0.3407881520010452,0.97529435,0.8942341,0.35555974
7739,0,0,0.01469476582045404,9.233609e-06,4.4853292e-05,0.01605953
7740,0,0,0.008190395330181875,1.0735185e-06,5.1119456e-05,0.012310889
7741,0,1,0.15775878710886815,0.18616742,0.081311196,0.1553279
7742,0,1,0.7352249943540454,0.9999839,0.99995935,0.73589283
7743,0,0,0.3126653976023121,0.9985859,0.99999034,0.35137337
7744,0,0,0.016976574980795415,9.796571e-06,0.00014934102,0.017778508
7745,0,1,0.3401707824721248,0.987349,0.92938656,0.33616307
7746,0,1,0.03430395388730047,1.8073302e-05,2.7969913e-06,0.033703275
7747,1,1,0.47002967418520836,0.9974354,0.9848188,0.46619374
7748,0,0,0.00236532828414659,1.514454e-10,3.7626804e-09,0.0026258281
7749,0,0,0.03923618490738499,0.00015225224,0.0017495137,0.04311135
7750,0,1,0.0020820016464240176,1.6344687e-07,1.9207164e-08,0.004786971
7751,0,1,0.00988730156043242,5.6343874e-06,2.002581e-06,0.013517542
7752,1,1,0.27719112511833244,0.9476366,0.78477305,0.28104496
7753,0,1,0.009397781331371246,1.0651262e-05,1.7994471e-06,0.012579595
7754,0,0,0.05685773899789383,0.00076471706,0.0053878394,0.06227398
7755,0,0,0.028403546313124105,0.0006063542,0.006077989,0.032160792
7756,0,1,0.046610347138344214,0.016907463,0.0053455345,0.061856147
7757,0,1,0.4749740742253455,0.9989723,0.9967104,0.46442655
7758,0,1,0.00481660607972148,1.4331226e-07,2.8021358e-08,0.0065253954
7759,0,1,0.35187859794965737,0.96614254,0.8060071,0.35005593
7760,0,0,0.009749566278746905,4.0210926e-07,2.5435505e-05,0.010720594
7761,0,1,0.026960045310061857,3.3734974e-05,2.3571247e-05,0.026360603
7762,0,0,0.5227194546282289,0.9971094,0.9998721,0.53612924
7763,1,1,0.9590629367048447,0.99999964,0.9999988,0.9569808
7764,0,1,0.25392160731761476,0.9322853,0.85648084,0.28690246
7765,0,0,0.020470589595230713,8.205254e-06,0.00020215161,0.02176312
7766,0,1,0.0170198460809064,1.5839081e-06,4.886448e-07,0.01693532
7767,0,1,0.0011069222865357957,1.9666277e-09,4.142056e-11,0.0020747988
7768,1,1,0.804196069689211,0.9999976,0.9999887,0.8054142
7769,1,1,0.7463953249953498,0.9999995,0.99999726,0.75162214
7770,1,1,0.8595980294308303,0.9999536,0.9998162,0.8481042
7771,0,1,0.14779989985243508,0.32004115,0.0020491846,0.1518735
7772,0,1,0.13915535429041914,0.07408604,0.012743754,0.14216505
7773,0,1,0.0005859531241414154,6.0992953e-13,1.08606856e-13,0.0008428816
7774,0,1,0.2788121173828089,0.8694838,0.53480065,0.28027764
7775,0,1,0.07250273488148314,0.0016180868,6.675773e-06,0.07467957
7776,0,1,0.21563189562278798,0.41011384,0.11237845,0.21539088
7777,0,1,0.025950440136209233,1.7087763e-05,6.1166734e-06,0.02585672
7778,0,1,0.32818369613768145,0.99344385,0.9628787,0.3372102
7779,0,0,0.09992437399053251,0.04242062,0.44092897,0.1062201
7780,0,1,0.01370906468888922,2.6401718e-08,3.1616803e-08,0.016933383
7781,0,0,0.0023325542131117983,3.435723e-09,6.281723e-08,0.003042697
7782,0,1,0.28555192114796396,0.87802273,0.47482544,0.2939986
7783,0,1,0.0011912139631825734,3.7496126e-09,2.5204987e-09,0.0022421062
7784,0,1,0.021358578966940607,0.00012959709,3.9241027e-07,0.02339872
7785,1,1,0.8115425381050757,0.9999558,0.99985015,0.8083316
7786,0,0,0.08959513231794503,0.098681554,0.7964441,0.094506
7787,0,0,0.00048712478090921936,1.636559e-11,6.5350175e-10,0.00079297577
7788,1,1,0.9935573331338131,1.0,1.0,0.9922861
7789,1,1,0.49011539843829127,0.9965888,0.9933832,0.49543944
7790,1,1,0.11044570352719689,0.021792147,0.0052539674,0.11017735
7791,0,1,0.009055456486457182,3.073169e-07,3.6234326e-08,0.01284105
7792,0,1,0.32203566080807366,0.984138,0.87330884,0.32091767
7793,0,1,0.10009712197998169,0.008901834,0.0015117172,0.104153335
7794,0,0,0.06915583117567375,0.0032466487,0.034107104,0.07484777
7795,0,1,0.18047287049570743,0.3807131,0.06571069,0.18669395
7796,0,1,0.30081185424414136,0.9196545,0.70333433,0.29981646
7797,0,1,0.03581512814911694,0.00011321753,5.5487075e-05,0.035592567
7798,0,1,0.006967866071477138,1.6934289e-06,6.609308e-08,0.010216902
7799,0,1,0.02696090848829974,1.1554374e-05,2.5466634e-06,0.028474182
7800,0,1,0.06948393781236135,0.001758479,0.00091194274,0.071416445
7801,0,1,0.2041003362836018,0.6364084,0.2986272,0.20932154
7802,0,0,0.06486849787272603,0.00089633785,0.020962117,0.06892964
7803,1,1,0.4843269301038215,0.9978625,0.9880877,0.4860712
7804,0,0,0.04623137233186932,0.00048589538,0.002738241,0.054173898
7805,1,1,0.9979522860817877,1.0,1.0,0.9975702
7806,0,1,0.002559151460690585,2.2115187e-09,4.4534015e-10,0.0036073457
7807,1,1,0.8409064555152036,0.9999937,0.9999478,0.84114915
7808,0,0,0.046030377494881106,0.0012528212,0.01261843,0.047261115
7809,0,1,0.9380185196646837,1.0,1.0,0.93531466
7810,0,1,0.3669908746834092,0.95449907,0.8125315,0.3743358
7811,0,0,0.03208847291027446,0.113508515,0.44084358,0.05256571
7812,0,1,0.0003986438492405059,2.2134974e-13,2.2292948e-15,0.00057763985
7813,0,0,0.015096734363614606,1.6718047e-06,8.879022e-06,0.015339702
7814,1,1,0.5641760548154695,0.9997389,0.9989493,0.56270236
7815,0,1,0.034409184921584755,3.1755499e-06,1.5858578e-06,0.036918137
7816,1,1,0.5260065893124649,0.9858336,0.9131632,0.5209526
7817,0,0,0.04253438339761999,0.002471271,0.011822303,0.04897027
7818,1,0,0.6921363306745485,1.0,1.0,0.6473359
7819,0,0,0.8070080962352622,0.99997556,1.0,0.8110687
7820,0,1,0.36724930493497215,0.99554574,0.9580832,0.37659904
7821,0,0,0.01665198495543401,1.5020193e-05,0.0005656918,0.018487405
7822,1,1,0.45843001204570083,0.99559855,0.984064,0.45213282
7823,0,1,0.017150296012899205,0.00012368933,2.6198933e-05,0.02306823
7824,1,1,0.41205525980809377,0.9132945,0.5491767,0.41769513
7825,1,1,0.1363076318772187,0.07019637,0.014811185,0.13508865
7826,1,1,0.6233964862816379,0.9996469,0.9984419,0.6224823
7827,0,0,0.05181128451437349,0.00065746065,0.008402669,0.055062983
7828,0,1,0.22146661562836523,0.5832934,0.18810348,0.22533594
7829,0,1,0.3256369950476075,0.9811644,0.94497454,0.34330696
7830,0,1,0.06137847549715813,0.002678507,0.000107794745,0.07839883
7831,0,0,0.0015453007436377056,5.842601e-09,1.2029528e-07,0.00304739
7832,0,1,0.1909203787078893,0.24727339,0.041135386,0.19216384
7833,0,1,0.5409852659171963,0.99793255,0.9321326,0.52612275
7834,0,0,0.1402208390567351,0.32736573,0.9876603,0.16215435
7835,0,0,0.004364633762301757,1.5924485e-08,1.4112622e-07,0.0067635598
7836,0,0,0.01814113477526008,2.148974e-05,0.00094527187,0.019491503
7837,1,1,0.46997905992697475,0.99943703,0.99737084,0.47253662
7838,0,0,0.030764630597804148,0.00014421268,0.00076101255,0.031337786
7839,0,1,0.5899422703809184,0.99975663,0.99902785,0.58921665
7840,1,1,0.6627866579407145,0.9999677,0.9998834,0.6522427
7841,1,1,0.5737597614748738,0.99984694,0.9994738,0.5776353
7842,1,1,0.3189646031753756,0.9618858,0.7932845,0.32159373
7843,0,0,0.013843283256536595,2.0667308e-06,6.666304e-05,0.014529057
7844,0,0,0.0022452335339715637,5.399095e-08,8.740815e-07,0.003866365
7845,0,1,0.46169537122781373,0.9959092,0.97213316,0.458204
7846,0,1,0.00233196002496512,1.7834701e-09,3.7875633e-10,0.0033098576
7847,0,1,0.13778796769054127,0.051596396,0.014886813,0.14302047
7848,0,0,0.08407387813666709,0.05520952,0.39447308,0.09116792
7849,1,1,0.2475424879759226,0.8818481,0.5979361,0.2646964
7850,1,1,0.4132066057518297,0.9932041,0.9757427,0.41161343
7851,0,1,0.32026294709699166,0.69933075,0.15471494,0.32506356
7852,0,0,0.5745254636385547,0.99547523,0.99997854,0.5719654
7853,0,0,0.021115188929912976,6.2572362e-06,7.8807665e-05,0.021340536
7854,0,0,0.006473144923099505,1.9965817e-08,8.070245e-07,0.0070287916
7855,0,1,0.27347333115776584,0.94698274,0.56244314,0.2849091
7856,0,1,0.2599102021844219,0.7927567,0.37355724,0.26141065
7857,0,0,0.006664069730132756,3.6994184e-08,8.4219363e-07,0.0072148717
7858,0,0,0.4927936678209632,0.9803986,0.9994249,0.51149696
7859,1,1,0.6668599746140454,0.99767274,0.9874801,0.6545075
7860,0,1,0.19274837231490213,0.44834194,0.36285117,0.21568006
7861,0,1,0.13616766172318365,0.08062933,0.026213074,0.13438523
7862,0,1,0.2181354046568384,0.7121841,0.30497807,0.22043356
7863,1,1,0.7926392482048294,0.9999981,0.9999881,0.78792447
7864,0,1,0.6352245374869837,0.9998312,0.99888915,0.6362132
7865,0,0,0.07684826209873416,0.02737094,0.3448401,0.07959516
7866,0,0,0.09759843476933178,0.028062819,0.30171207,0.104063645
7867,0,1,0.13061911493139594,0.06384695,0.005574784,0.13512194
7868,0,0,0.0008769489426619505,4.941499e-13,1.0659412e-11,0.0009735855
7869,0,1,0.0012424465140117304,2.9498134e-10,6.0434276e-11,0.001972225
7870,0,0,0.004354055434521156,4.0578902e-07,5.948056e-06,0.0063542435
7871,0,1,0.2506377362916777,0.98649764,0.9377781,0.26035216
7872,1,1,0.9714441726176066,1.0,1.0,0.9707639
7873,0,0,0.02570363507818361,2.4913808e-05,0.00027889034,0.026489865
7874,0,1,0.09093642478710137,0.0053470456,0.00052685186,0.114658296
7875,1,1,0.1284878168087193,0.040654775,0.010094707,0.13176641
7876,0,1,0.04903436570673633,0.00027027808,4.7866844e-05,0.04699422
7877,0,1,0.5395667879976797,0.99898607,0.99506855,0.5421466
7878,0,0,0.006515554540613821,2.9787018e-06,3.071341e-05,0.009356141
7879,0,1,0.23649692457467744,0.6295972,0.2092368,0.23781462
7880,0,1,0.3257858437798044,0.9949012,0.97818553,0.37449145
7881,0,1,0.03781643538969723,0.00016003777,2.564665e-06,0.03918323
7882,0,0,0.051715469242238986,0.003743174,0.02689986,0.052211974
7883,1,1,0.7079471047678,0.9999944,0.999985,0.703087
7884,1,0,0.037599308075250006,0.0003880585,0.007342924,0.044841472
7885,0,1,0.45265744558234894,0.978522,0.950042,0.45844617
7886,0,0,0.005619271970383835,4.322049e-08,4.1164895e-07,0.0065246904
7887,0,0,0.00022274705336485648,4.276585e-09,3.5676375e-12,0.0009635845
7888,1,1,0.8548687016020626,0.99999845,0.9999869,0.8565405
7889,0,1,0.3149789839721565,0.9541125,0.82873565,0.32657948
7890,0,1,0.007620934359829632,3.295544e-08,1.712418e-08,0.007918537
7891,0,0,0.002284630465809551,4.824563e-09,5.4384206e-08,0.0033143342
7892,0,0,0.00033925337806522813,1.987857e-12,3.8110258e-11,0.00060757337
7893,0,1,0.016501337744527805,2.9509981e-06,7.877196e-07,0.016351152
7894,0,0,0.005805821619445743,2.0756133e-08,2.1125947e-08,0.0063505503
7895,0,0,0.004046916643241815,1.5604946e-09,1.2789606e-08,0.00462945
7896,1,0,0.6554387691128217,0.999954,0.9999999,0.6486771
7897,0,0,0.11007046012590943,0.5402182,0.9792651,0.121097274
7898,0,1,0.34066005731066606,0.98485595,0.93780464,0.34437695
7899,1,1,0.2986919575818724,0.980991,0.9222251,0.30681524
7900,0,1,0.23494305692304154,0.91141343,0.41925666,0.23520613
7901,0,0,0.0015950171658423397,7.542591e-10,7.864179e-09,0.0023299383
7902,0,0,0.028213888564852612,0.00010055911,0.000728946,0.028885443
7903,0,1,0.6650075989033036,0.99999714,0.99995625,0.67641324
7904,0,1,0.040853860511494124,0.00019711452,9.015994e-05,0.04031436
7905,0,1,0.006725571164843886,6.868831e-07,6.269514e-08,0.00909964
7906,0,1,0.02247080667071896,0.002965261,0.0002304008,0.03162638
7907,1,1,0.6413277187822533,0.9998616,0.9990299,0.64133257
7908,0,1,0.002174508974220314,1.0014327e-09,2.447348e-10,0.0030474798
7909,0,1,0.021681119996024636,5.1018337e-06,3.4321895e-06,0.021797957
7910,1,1,0.9958009799618924,1.0,1.0,0.9950081
7911,1,1,0.11532395862443133,0.09623141,0.08161615,0.11083167
7912,1,1,0.997245778767895,1.0,1.0,0.9968079
7913,0,0,0.28430667179944813,0.96991235,0.9997098,0.2817207
7914,0,1,0.20296475095612024,0.89822376,0.8229246,0.20486526
7915,1,0,0.7144645807675324,0.9999956,1.0,0.70387363
7916,1,1,0.9934511918073289,1.0,1.0,0.99227345
7917,0,0,0.33328348430719185,0.34377024,0.8237104,0.331362
7918,0,0,0.0391165785160485,9.190507e-05,0.00282197,0.041464794
7919,0,1,0.43279126375316945,0.9946708,0.9777941,0.4295362
7920,0,0,0.003593630223119238,3.716617e-09,1.4521686e-08,0.004331124
7921,0,1,0.008884635211099957,3.2600767e-06,9.059283e-07,0.012128404
7922,0,1,0.48290295828492774,0.99738795,0.9902301,0.51422954
7923,0,1,0.023089179971530982,2.078781e-06,1.1730964e-08,0.024321945
7924,0,1,0.05998080487798786,0.0007194558,0.000112367845,0.06279493
7925,0,1,0.07393321086565897,0.0049871085,6.564036e-05,0.08663916
7926,1,1,0.5964332200188357,0.99976236,0.99841964,0.5953128
7927,0,1,0.0008715645935226512,2.5144171e-11,1.3262506e-12,0.0013412002
7928,1,1,0.5376741848601636,0.9998164,0.99952257,0.54733133
7929,1,1,0.23973768777346507,0.58163506,0.39388913,0.24310336
7930,0,1,0.42395841485197067,0.9607784,0.7373628,0.39411372
7931,0,1,0.13016424229610576,0.034312494,0.0035459995,0.1414887
7932,0,1,0.04859970016708819,3.92483e-05,0.00010629478,0.05630621
7933,0,1,0.008792247873931024,4.7771973e-06,7.3699874e-07,0.011671945
7934,1,1,0.5836196560810044,0.999856,0.99921215,0.57854015
7935,0,1,0.011582066604892301,3.4284503e-06,2.4400317e-06,0.015608097
7936,1,1,0.9853443890764434,1.0,1.0,0.9844079
7937,0,1,0.2565550605645483,0.84840244,0.49744987,0.25226602
7938,0,1,0.007019337155719887,4.3005212e-08,2.342657e-08,0.0073135607
7939,0,1,0.1838906447604119,0.32648897,0.053107794,0.18253057
7940,0,0,0.010785486627812724,3.311259e-07,6.366018e-06,0.0113396095
7941,0,1,0.11499244079204675,0.09579869,0.025529101,0.11232357
7942,0,0,0.0028164369171455876,1.0110182e-07,1.5464382e-06,0.004723417
7943,0,1,0.0062612718473304685,6.104629e-08,7.4095983e-09,0.006930836
7944,0,1,0.006453760746811823,5.488691e-08,1.0320073e-07,0.010666993
7945,0,1,0.003504662529310705,1.7191233e-08,3.385368e-09,0.004938974
7946,0,0,0.0005891150491218587,6.794357e-14,1.183556e-12,0.00066586735
7947,0,0,0.048753431216830956,0.020296613,0.2817323,0.07190987
7948,0,0,0.03310296085037032,0.0003600025,0.10291494,0.040121783
7949,1,1,0.9972211958682785,1.0,1.0,0.9966737
7950,0,1,0.388062905647911,0.97168475,0.8725378,0.39549696
7951,0,1,0.2297968273914038,0.52391773,0.11138631,0.23178211
7952,0,0,0.09507335231363881,0.00017734713,0.0030354545,0.098251596
7953,1,1,0.886194392349362,0.99999976,0.9999975,0.8873333
7954,1,0,0.971526493677556,1.0,1.0,0.97181016
7955,0,1,0.24144377634359776,0.4630596,0.17665371,0.23719543
7956,0,0,0.19948325962937663,0.33703655,0.9535592,0.2050732
7957,0,0,0.009041848821469375,1.0779508e-07,5.3898016e-06,0.0095224185
7958,0,1,0.20426416020309818,0.36428857,0.06840322,0.20562196
7959,1,1,0.9667966037831442,1.0,1.0,0.96710527
7960,0,1,0.003876875415929803,1.7595912e-06,5.7385375e-07,0.0072181514
7961,0,1,0.22984605013788828,0.84239924,0.2654599,0.2420656
7962,0,0,0.005663394049092927,1.4926798e-06,2.1381338e-05,0.008210284
7963,0,1,0.011635785598222653,1.1613499e-05,3.7052916e-06,0.015860375
7964,0,0,0.008978038253048765,6.106893e-06,0.00014039548,0.0131017
7965,1,1,0.757849167742231,0.9999739,0.9999721,0.7511213
7966,0,0,0.018070534620811145,1.9886284e-05,0.0010355967,0.01840948
7967,0,0,0.052267604921392034,0.0022858244,0.03441894,0.05377288
7968,1,1,0.9347091699928716,1.0,0.9999999,0.9332776
7969,0,1,0.024730475675260696,0.00097378955,8.0768754e-05,0.03295434
7970,0,1,0.759210979906682,0.9999937,0.99997365,0.75644463
7971,1,1,0.9999999999999984,1.0,1.0,1.0
7972,0,1,0.26865792094693564,0.6656033,0.31365803,0.27124634
7973,1,1,0.25963520029655174,0.8645863,0.37546295,0.25741214
7974,0,0,0.014796692102068678,1.3573855e-06,1.5509973e-05,0.015207276
7975,0,1,0.04150537554525397,0.00055315625,0.00022492619,0.03946607
7976,1,1,0.6699545968833595,0.99999046,0.9999659,0.66726065
7977,0,1,0.11136834187093317,0.014053172,0.0048619467,0.115569174
7978,1,1,0.38147783196415397,0.008735886,0.0010966982,0.3706529
7979,0,1,0.059342475777447876,0.0041257627,0.0020436535,0.061490804
7980,0,1,0.1291983809817323,0.1344785,0.05435849,0.14979236
7981,0,1,0.02508225095004725,1.1303223e-05,1.9232758e-07,0.024311915
7982,0,0,0.015744201814821265,2.8928203e-05,0.00013834811,0.017686699
7983,0,1,0.017533403100736103,7.270776e-05,1.9982403e-05,0.024259603
7984,0,1,0.0400051112059347,0.0010970111,0.0002469299,0.041055646
7985,0,1,0.0005324407301860271,3.353237e-12,1.046766e-12,0.00086419436
7986,0,0,0.019473234420862903,1.4967285e-05,0.00042878723,0.020953469
7987,0,1,0.032312280913961704,0.000114044604,2.7786422e-05,0.03153419
7988,0,1,0.004858662179628211,1.0321703e-06,3.1245605e-07,0.007639947
7989,0,1,0.11330052707925231,0.11457378,0.018652806,0.1132926
7990,0,1,0.0012011621154759933,1.0124659e-10,8.0504145e-12,0.001834712
7991,0,0,0.01988105770014978,8.769531e-06,7.382069e-05,0.020145385
7992,0,1,0.31859184816088515,0.9119228,0.85282344,0.32098755
7993,0,0,0.008378740479665766,3.8880653e-08,2.3819942e-07,0.009276388
7994,0,1,0.1766482864513475,0.2828341,0.0819451,0.17929597
7995,1,0,0.6318013327610165,0.9998447,0.99999964,0.6380655
7996,0,1,0.15516681365968923,0.3994492,0.23391998,0.17007297
7997,1,1,0.6831165346895088,0.99996865,0.999879,0.6772775
7998,0,1,0.010320065664080589,5.352626e-07,4.9481514e-08,0.010264508
7999,0,1,0.017431869768700307,2.674103e-06,7.030755e-07,0.017869916
8000,0,1,0.025807131122482792,1.0,0.0006587097,0.048329525
8001,0,0,0.0014035602414619514,2.4581934e-09,4.237871e-08,0.0024090759
8002,0,1,0.08924696714715764,0.01776197,0.00039990293,0.0921407
8003,0,1,0.07472301521383197,0.0111703705,5.276657e-05,0.07812884
8004,0,1,0.07532686559980054,0.0027761434,0.00064715056,0.07851814
8005,0,1,0.39173118610742375,0.9861124,0.94422996,0.39210746
8006,0,1,0.14085785588278102,0.018088724,0.0041885125,0.14053825
8007,1,1,0.6338881583057148,0.9998684,0.99975306,0.6345916
8008,0,1,0.06604178571548196,0.00070931204,7.799708e-05,0.06705941
8009,0,1,0.004468886356544556,3.4451222e-07,1.012419e-07,0.008236584
8010,0,1,0.3356275247160641,0.9824683,0.90888137,0.32644126
8011,1,1,0.556360942941154,0.99987316,0.99948704,0.5572113
8012,0,1,0.38407032138894154,0.9934285,0.97271246,0.39347526
8013,0,1,0.00720707230818431,9.498666e-07,3.1268496e-07,0.009969658
8014,0,1,0.2185022734589915,0.5132449,0.071517415,0.22835074
8015,1,1,0.4922142958885312,0.99915016,0.99819034,0.48678526
8016,1,1,0.6849633666388406,0.99998057,0.99994206,0.67671704
8017,0,0,0.009312410785389589,3.5741741e-06,4.982479e-05,0.013442449
8018,1,1,0.9970591905674419,1.0,1.0,0.996471
8019,0,1,0.13624258976014078,0.11848414,0.0050129616,0.14715396
8020,0,0,0.015325026766163298,0.0033380757,0.037532236,0.028023679
8021,1,1,0.27243021899078956,0.9160313,0.61830324,0.2700663
8022,1,0,0.5280859639678501,0.99988544,0.99999964,0.5222611
8023,0,1,0.5198316559333842,0.99669796,0.9745525,0.512511
8024,0,1,0.11147337534528161,0.03691867,0.013472856,0.110140674
8025,1,1,0.18292859695679228,0.4157577,0.06975033,0.1885528
8026,0,1,0.010611783613264533,1.1574976e-05,2.7642602e-06,0.014544257
8027,0,0,0.020660166630278032,7.303828e-06,6.474539e-05,0.022544542
8028,0,1,0.3545586593997546,0.98194283,0.9428142,0.35519075
8029,0,1,0.4719228734026953,0.9987521,0.9931085,0.4795516
8030,1,1,0.9997734583542304,1.0,1.0,0.9997118
8031,0,1,0.03295382898898266,0.0016156867,0.00054483215,0.04415171
8032,0,1,0.8635257404842482,0.9999999,0.9999988,0.8656977
8033,0,1,0.3569138612595863,0.93629104,0.8875225,0.35696775
8034,0,1,0.015835066921654796,2.5540476e-06,5.4727707e-08,0.01580646
8035,0,0,0.0012606172758935239,1.7153877e-10,1.9218367e-09,0.0019430019
8036,1,0,0.10038908616207244,0.34991246,0.7854673,0.114214264
8037,0,1,0.12815662403424383,0.036232185,0.037385017,0.1273945
8038,0,1,0.32843584585065877,0.9727436,0.8332496,0.33228981
8039,0,1,0.0009621977183791273,5.989196e-11,1.6112755e-11,0.0015439242
8040,0,1,0.7347616661914734,0.99364364,0.96873724,0.6996857
8041,0,1,0.011119239845920646,4.1828386e-07,5.0231687e-08,0.012227549
8042,1,1,0.09718636603608262,0.42271876,0.23253508,0.12554309
8043,0,1,0.023157007194404066,7.208415e-05,6.1566236e-05,0.028410211
8044,1,1,0.9955719127359044,1.0,1.0,0.99469346
8045,0,1,0.019394602126297664,0.00039157041,9.54029e-05,0.026347913
8046,0,0,0.005541239862031303,1.235266e-08,2.7828767e-07,0.0060952744
8047,1,1,0.11347440364241416,0.0119597735,0.005885807,0.1146232
8048,0,0,0.023960444964174266,7.175044e-05,0.00026368242,0.028142577
8049,0,1,0.30343316754681976,0.83611685,0.40854624,0.3021988
8050,0,0,0.0023477657547788487,1.1147321e-07,2.6750313e-06,0.004847031
8051,1,1,0.6473686579141842,0.9999964,0.99997973,0.63827026
8052,1,1,0.9326861505060234,0.9999993,0.9999975,0.9273439
8053,0,1,0.03820172084019454,8.966258e-05,3.8656384e-05,0.03741232
8054,0,1,0.013984204078476213,3.288384e-05,2.7557942e-05,0.018247845
8055,0,1,0.014028035809715648,0.0022958433,0.00061334006,0.026045091
8056,1,1,0.3106537337417829,0.93578696,0.76817894,0.30971318
8057,0,1,0.2586663446249028,0.765094,0.3781563,0.25980672
8058,0,0,0.02244461446952479,1.5363628e-05,0.00010248137,0.024637012
8059,0,1,0.7073931935807769,0.9998641,0.99908113,0.71833366
8060,0,0,0.00809275967778846,1.0588692e-07,3.8331646e-07,0.007862719
8061,0,0,0.0016828745130827785,5.587767e-10,1.1037723e-08,0.002614792
8062,1,1,0.6386722081466565,0.99991703,0.9995147,0.6358472
8063,0,1,0.700997035072357,0.9999987,0.99999166,0.70301634
8064,1,0,0.3817613049268963,0.9194404,0.9987892,0.40233943
8065,0,1,0.002248791820819274,1.7425583e-09,2.6618358e-10,0.0031964658
8066,1,1,0.3408422098279205,0.92531806,0.89265096,0.3517368
8067,0,1,0.028873020776286954,1.6690532e-05,1.32369e-07,0.030555215
8068,0,0,0.04756676618408169,0.0010498336,0.006174113,0.04734709
8069,1,1,0.7012157483720949,0.9999745,0.9998081,0.69804007
8070,0,1,0.33516115577573913,0.74543464,0.2795113,0.33365184
8071,1,1,0.765638461165743,0.9999974,0.9999864,0.7610947
8072,1,1,0.7494182572511274,0.99980044,0.9991887,0.7396954
8073,0,0,0.20833191112556315,0.87279207,0.9949514,0.22343743
8074,0,0,0.018722414062372635,1.9461806e-05,0.0004095575,0.02315218
8075,0,1,0.331540151771676,0.9545361,0.78865695,0.32992667
8076,0,1,0.05207052157769366,0.0005084703,6.492277e-05,0.050199583
8077,1,1,0.6733107196096144,0.9972886,0.9925229,0.6544598
8078,0,1,0.024240556092475128,0.00047852917,3.63383e-05,0.03370484
8079,1,1,0.997731700302547,1.0,1.0,0.99729747
8080,1,1,0.9911682839747038,1.0,0.9999999,0.98998547
8081,0,0,0.012158668594569653,2.220159e-07,3.837253e-06,0.012429104
8082,1,1,0.36132674815293003,0.96256185,0.9101371,0.36019948
8083,1,1,0.3433839511382503,0.9715067,0.8331472,0.3433911
8084,1,1,0.5261943095103868,0.99987316,0.9993623,0.5323946
8085,0,0,0.004040165646113487,2.4137947e-09,4.4884803e-08,0.0045979824
8086,0,1,0.3246824553089428,0.9283621,0.685359,0.32675034
8087,1,0,0.36210935140245865,0.98457867,0.9998125,0.35816872
8088,0,1,0.8856763726649893,0.9999976,0.9999901,0.8769525
8089,1,0,0.5078412930979789,0.99797946,0.99997914,0.49339667
8090,0,0,0.019860737686337705,3.221807e-05,0.0005724568,0.024628473
8091,0,1,0.2758152525526314,0.7246545,0.31726864,0.27843356
8092,0,1,0.23071969043030618,0.22580911,0.07314584,0.23781712
8093,1,1,0.767996052817411,0.999997,0.99998176,0.7652441
8094,0,1,0.0067917295263715685,0.00010165135,4.350666e-05,0.012668724
8095,1,1,0.6442141187635668,0.99984634,0.99963975,0.64635897
8096,0,0,0.006099232049908855,8.773243e-07,7.610627e-06,0.009143548
8097,0,0,0.022374929598014546,1.831891e-05,0.00060822285,0.02427059
8098,1,1,0.34124352215628256,0.9871755,0.9613122,0.34565875
8099,1,1,0.8245193474278122,0.9999963,0.9999839,0.82207155
8100,0,1,0.04726304379329025,0.00022129186,3.1407482e-05,0.054300506
8101,0,1,0.02340927532279324,1.4084848e-05,5.8938317e-06,0.022753118
8102,0,0,0.009095297134997066,3.2274235e-07,9.602666e-06,0.009983119
8103,0,0,0.002459518557894684,9.954876e-09,3.6117033e-08,0.0038490656
8104,0,1,0.707365705159887,0.9999738,0.9997742,0.7065148
8105,0,1,0.17278517390734463,0.30881873,0.08921599,0.17196046
8106,0,0,0.023565232087895672,2.3015857e-05,0.0001350498,0.024011066
8107,0,1,0.1394392893746304,0.58313054,0.47368467,0.13729379
8108,0,1,0.18542253243783266,0.32820284,0.05919276,0.1845658
8109,0,1,0.2639311306852889,0.7236001,0.25224695,0.26759532
8110,1,1,0.17893139637691877,0.40567046,0.026625905,0.19144899
8111,0,1,0.03726165945979745,8.881019e-05,4.1199493e-07,0.03643061
8112,0,0,0.004248185070730684,1.6528036e-09,1.481505e-08,0.0048604286
8113,1,1,0.036030908672770916,0.08002197,0.016078303,0.061901778
8114,0,1,0.07576829206892773,5.1939187e-05,2.5172023e-05,0.070600085
8115,0,0,0.1382004354783887,0.0313935,0.81543267,0.14250332
8116,0,0,0.001421976394892015,7.593263e-08,1.4209346e-06,0.0032454655
8117,0,0,0.13966487635446867,0.5740917,0.92022747,0.16081914
8118,0,0,0.9089514765664218,0.9999989,1.0,0.90459704
8119,0,1,0.09708321263417931,0.016979309,0.00014964309,0.09913406
8120,0,0,0.38293180167029084,0.98791134,0.9999604,0.38767645
8121,1,1,0.795652320295134,0.9999958,0.9999887,0.79210484
8122,0,1,0.020570780705006612,7.011831e-06,2.8805143e-06,0.020615814
8123,0,1,0.19326577326265207,0.47832698,0.14599735,0.19662403
8124,0,1,0.018039967268714117,2.7241415e-06,9.661654e-07,0.0179473
8125,0,0,0.0008311689428302588,1.5431923e-11,5.1278287e-10,0.0012621984
8126,0,1,0.15001106004470416,0.18512335,0.011841402,0.16253446
8127,0,1,0.12740819477223264,0.01657324,0.009439606,0.12654378
8128,0,1,0.03100812847685809,0.0005779799,0.00016371677,0.04486355
8129,1,1,0.6001692607890841,0.8855988,0.41984156,0.5878716
8130,0,0,0.029993823935552277,4.6762834e-05,0.00080313097,0.03211976
8131,0,1,0.3651797453232003,0.9912724,0.8861068,0.376841
8132,0,0,0.008186471547616906,0.00019851213,0.015973745,0.015730767
8133,0,1,0.008352776506410748,7.314689e-06,1.9029308e-06,0.011617663
8134,0,0,0.00037511538470698646,2.0141451e-12,2.7569527e-11,0.00066078716
8135,0,1,0.2833821770463156,0.92202747,0.23972857,0.29686263
8136,0,1,0.054283134774367,0.0034363775,0.0013306919,0.06293946
8137,0,1,0.055032026939380696,0.000632302,1.7765535e-05,0.061721966
8138,0,0,0.08496143640009003,0.065312,0.44216108,0.09639216
8139,0,0,0.03782893348876282,5.2134805e-05,0.0006577894,0.040461037
8140,0,0,0.11978303401181732,0.6338102,0.93569773,0.13054928
8141,0,1,0.18049041222236772,0.019527456,0.017213777,0.21177283
8142,0,1,0.2025991913701784,0.47911248,0.11633468,0.20109834
8143,0,0,0.00246915714583446,1.9729902e-07,2.1538344e-06,0.004298431
8144,0,0,6.956970140516882e-05,1.5568036e-11,1.896488e-14,0.00029925522
8145,0,0,0.05370266008585733,0.00066931953,0.0065012937,0.057066534
8146,0,0,0.7189348779929117,0.9999565,0.99999964,0.7284691
8147,0,1,0.056348430675242554,0.0021871296,0.0011328404,0.055451266
8148,0,1,0.31042748561341493,0.88029313,0.59517795,0.3090488
8149,1,0,0.7972261702780978,0.99996805,0.99999976,0.8008315
8150,0,1,0.0047657818881067324,1.0896023e-09,1.9866155e-10,0.004919293
8151,0,1,0.0050409715087888106,7.355601e-08,2.3673707e-08,0.0068556014
8152,0,1,0.36098650309140556,0.97737545,0.85529625,0.37122735
8153,0,1,0.05026713735317634,0.00061008014,0.00031371452,0.05064304
8154,0,1,0.00548888332179015,1.7851027e-05,1.79828e-05,0.011478812
8155,0,0,0.009938843851909605,6.3750163e-06,0.00037050736,0.014600872
8156,1,0,0.1864636975829674,0.25218555,0.83560395,0.1979273
8157,0,0,0.00027615659540606896,4.9955225e-14,5.7425695e-13,0.00043831184
8158,1,1,0.7286774309676035,0.9999981,0.99998796,0.7302767
8159,0,0,0.05189819337141777,0.254748,0.80124515,0.07725778
8160,1,0,0.2521023347418994,0.8988704,0.9993536,0.27543738
8161,0,0,0.005164946324617235,8.490146e-08,9.2451565e-08,0.006621161
8162,0,1,0.0015746674114627587,3.5195606e-09,1.1993034e-09,0.0025574227
8163,0,1,0.032034829349368285,6.474699e-05,2.5578414e-05,0.031853262
8164,0,1,0.012247490394955741,6.037899e-06,4.4249377e-06,0.016048782
8165,0,1,0.32938300622001093,0.96037483,0.8537615,0.3275732
8166,0,0,0.006358970244060905,2.9377225e-06,6.192269e-05,0.009115342
8167,1,1,0.9754712114167957,0.9999982,0.99998736,0.9707906
8168,0,1,0.0020288457074688683,2.923622e-10,1.1522523e-10,0.0028071871
8169,0,1,0.28578387738263505,0.9374817,0.84878355,0.28452176
8170,1,1,0.371025696923811,0.9912682,0.9424899,0.37230387
8171,0,1,0.0017666493742200461,7.3621487e-10,4.8579016e-11,0.0026729284
8172,1,1,0.9481186761625316,1.0,1.0,0.9483005
8173,0,0,0.0019514100673578502,1.1342995e-10,1.2882364e-09,0.002414579
8174,1,1,0.6522264087261126,0.9999391,0.99968356,0.6495485
8175,0,1,0.309234471887751,0.9471979,0.7414082,0.31043366
8176,0,1,0.0013018321522967058,3.2823782e-11,5.0657243e-12,0.0018321832
8177,0,1,0.042452266747597237,0.006930409,0.002520169,0.05482306
8178,0,1,0.2552504343272094,0.8662671,0.38420987,0.23823942
8179,0,0,0.02469945875379384,1.6341291e-05,0.00040004664,0.026954949
8180,0,1,0.07280938835110798,0.00071572093,0.0006575719,0.07266798
8181,0,0,0.008591811024428624,9.336984e-07,8.447061e-06,0.0101135075
8182,0,1,0.9405912364963733,1.0,1.0,0.9398599
8183,0,0,0.0011043587695879417,3.878792e-12,6.407491e-11,0.0012937025
8184,1,1,0.8101370018484594,0.99999976,0.99999785,0.81511885
8185,0,0,0.010457707579160563,1.5546477e-05,0.000329287,0.015178182
8186,1,1,0.4002074244726427,0.99796647,0.98338693,0.40902665
8187,0,1,0.4138669471405002,0.98578113,0.89703965,0.42236966
8188,0,0,0.35327848600550704,0.96938264,0.9999244,0.3551866
8189,0,1,0.3477583965985039,0.98004717,0.93987584,0.34592625
8190,0,0,0.0008145097376697929,9.5729896e-11,1.4528966e-09,0.0012381922
8191,0,1,0.26919956463551326,0.83817273,0.44780952,0.27056333
8192,1,0,0.38613125848557633,0.991226,0.9999684,0.388629
8193,1,1,0.7100600616282056,0.9907664,0.9775299,0.68706805
8194,0,1,0.6073165071961865,0.9558985,0.7524173,0.56829125
8195,0,1,0.2651651189129736,0.7588737,0.31891268,0.26675427
8196,0,1,0.014112881882621706,5.8839476e-07,1.8473399e-07,0.0143853305
8197,0,0,0.0038328040101742273,2.2642308e-09,5.569163e-08,0.0042143934
8198,1,1,0.9388079141252386,0.9999993,0.9999975,0.93124527
8199,1,1,0.999999999999998,1.0,1.0,1.0
8200,0,1,0.36741720896628555,0.9845041,0.9474586,0.36425394
8201,1,1,0.8716125934905105,0.99105567,0.99163,0.8524315
8202,0,1,0.030110272955009565,4.0869276e-05,1.7225691e-05,0.029873412
8203,0,1,0.0064498186675121865,1.8968043e-05,1.4526179e-05,0.013266932
8204,0,1,0.0031560446650421253,1.9464215e-08,1.0056993e-09,0.0047143
8205,0,1,0.005387618268999052,9.725515e-09,3.6921846e-09,0.006177376
8206,1,1,0.540087555931806,0.9945479,0.9619706,0.543138
8207,0,1,0.0013139107227867117,3.2018903e-09,9.131736e-11,0.0024374814
8208,0,1,0.0013874084139080774,1.9400639e-09,1.0205445e-11,0.002408646
8209,1,0,0.7093226411333514,0.9999875,1.0,0.7094288
8210,0,1,0.00529727652182986,1.5970785e-07,2.8420478e-08,0.0070056887
8211,0,1,0.03026284524679115,1.18914195e-05,9.366591e-06,0.030062506
8212,0,1,0.3620501371109366,0.97538745,0.863783,0.3609181
8213,1,1,0.6659877271954346,0.9999478,0.99964917,0.66315407
8214,1,1,0.8411015550748417,0.9999951,0.9999685,0.83724993
8215,0,1,0.10861309661074113,0.02451824,0.0009940137,0.11851083
8216,0,0,0.00038545372788869177,3.835334e-13,3.0888272e-13,0.00059665827
8217,0,0,0.19426905854722692,0.19771215,0.9847045,0.19697708
8218,0,0,0.06614476480596623,0.012308087,0.055945184,0.08016499
8219,0,0,0.021178114716365718,4.289562e-06,5.5422348e-05,0.022657296
8220,0,1,0.39624760264066455,0.9951519,0.9829789,0.39522403
8221,0,1,0.01866143870967538,4.6879536e-06,3.0407736e-07,0.019316183
8222,0,1,0.02511161236455216,2.5761525e-05,7.364954e-06,0.024395298
8223,0,0,0.3466615208941138,0.9775687,0.999703,0.34318724
8224,0,1,0.411232208820295,0.27778137,0.06467549,0.39381865
8225,0,1,0.18763311293998386,0.40615425,0.122015946,0.19075245
8226,0,0,0.02884955968717781,4.9776205e-05,0.0008919121,0.029966839
8227,0,0,0.0009375372236601104,1.8595088e-10,3.094288e-09,0.0016121723
8228,0,1,0.38322312549780696,0.9958702,0.9875935,0.39519915
8229,0,0,0.22765595846411363,0.9793727,0.9989361,0.2400598
8230,0,0,0.014948355076199448,1.243995e-06,1.1712958e-05,0.015102055
8231,0,1,0.40325180561277285,0.9901624,0.9475523,0.39958128
8232,1,1,0.6561293997390839,0.99993956,0.99986124,0.65873694
8233,0,1,0.6642149792575248,0.9999286,0.99947,0.662153
8234,0,1,0.19445445487644597,0.53272635,0.111275576,0.1971359
8235,0,1,0.2555800704899033,0.77291656,0.4791194,0.25872034
8236,1,0,0.4643630247971015,0.116113655,0.63690174,0.27566317
8237,0,0,0.04059044575460317,0.00055245444,0.015294621,0.04309307
8238,1,1,0.9999999999999976,1.0,1.0,1.0
8239,1,1,0.6674969549467206,0.99998784,0.99995494,0.6627681
8240,0,1,0.6279904572475274,0.9999796,0.9997528,0.6266
8241,1,1,0.7473765462197681,0.99999416,0.9999877,0.7469759
8242,1,1,0.24528020847252688,0.83498275,0.31650233,0.25617337
8243,1,1,0.9459779945295591,0.9999994,0.99999595,0.9413933
8244,0,1,0.08244685147025849,0.0025815498,0.00051327184,0.08040741
8245,0,0,0.009986106388014036,3.5483112e-07,4.0434606e-06,0.011751453
8246,0,1,0.40932658757196594,0.9952748,0.98964036,0.40623015
8247,0,0,0.001455582660905287,6.881033e-10,7.233677e-09,0.0022578966
8248,0,1,0.028651974520986116,3.633002e-05,1.1485295e-05,0.028731558
8249,0,1,0.510746434019578,0.9746918,0.8041702,0.49660224
8250,1,1,0.5510591245128635,0.9997211,0.9991202,0.55651385
8251,0,0,0.04119815632723866,0.005062217,0.08117233,0.04629885
8252,0,1,0.002646719236372232,9.006527e-09,2.6631168e-09,0.0037377365
8253,0,1,0.5371755684782236,0.9993838,0.9976828,0.53195304
8254,1,0,0.7944918987218024,0.9793746,0.9992815,0.80822253
8255,1,0,0.0875134542088187,0.0077699847,0.08588912,0.054011825
8256,0,1,0.3173920984360726,0.97797227,0.9492056,0.30720878
8257,0,0,0.03973860061771913,0.0002479063,0.0031555162,0.042521846
8258,0,1,0.027650334859356116,3.779892e-05,7.847062e-06,0.036643695
8259,0,0,0.10744442782165567,0.07926748,0.699671,0.11433221
8260,0,1,0.2143654340232182,0.61565053,0.13824365,0.21093775
8261,0,1,0.11447817493731441,0.020623546,0.0017371377,0.12121285
8262,1,1,0.6966119599403259,0.99996066,0.9996925,0.69483346
8263,0,0,0.02967013911542392,3.082994e-05,0.00017271446,0.03187324
8264,0,0,0.02351844607493141,2.8504182e-05,0.00021728178,0.023891488
8265,1,1,0.8104303558095219,0.9999969,0.9999794,0.8121636
8266,1,1,0.981292002396027,0.9999993,0.99999535,0.9779492
8267,0,0,0.010715002142160712,5.5296294e-07,2.337424e-05,0.011367592
8268,0,1,0.6456233376913257,0.9981172,0.9906624,0.6358948
8269,0,0,0.019223370653970194,1.22271895e-05,0.00042651835,0.020923486
8270,0,1,0.0018547411380804924,2.5543623e-09,1.0496346e-09,0.002662871
8271,0,1,0.006358099804085108,2.9169298e-08,1.0175722e-08,0.00726912
8272,0,0,0.04882252205860474,0.0009144046,0.0128181735,0.051891614
8273,1,1,0.7824290355909103,0.99999416,0.9999801,0.78024286
8274,0,0,0.07563198397285863,0.029017178,0.76831603,0.081753485
8275,0,1,0.0033190446350529167,3.7887597e-07,1.1013668e-07,0.005343778
8276,1,1,0.4615247959276607,0.99622697,0.98081344,0.46403986
8277,0,0,0.0053861291481361,8.779151e-09,3.0657716e-07,0.0060236733
8278,0,1,0.6126536674742985,0.99970144,0.9993684,0.61536956
8279,0,1,0.005599792979677449,2.3039813e-07,3.8413743e-09,0.008416248
8280,0,0,0.1592634271045503,0.8124773,0.9687038,0.17422518
8281,0,0,0.008008097112154562,1.3010607e-07,2.4867118e-06,0.008330372
8282,1,1,0.9730964403333248,1.0,1.0,0.97029704
8283,0,0,0.0335246560197198,0.00067297043,0.0039075897,0.03881301
8284,0,1,0.0029770600409683694,5.2993947e-08,1.1504022e-08,0.0046795406
8285,0,0,0.01263950435881311,6.6534008e-06,2.753979e-05,0.014930877
8286,0,1,0.0036612238245591518,1.4318674e-06,1.0863888e-07,0.0072108596
8287,0,0,0.002202370099547699,8.9704516e-10,2.7765494e-09,0.0026899304
8288,0,1,0.03250592638230205,8.0707774e-05,5.1927273e-06,0.036702882
8289,0,0,0.8444153670863481,0.9999999,1.0,0.84529823
8290,1,1,0.6508764548395097,0.99760264,0.9936003,0.6369597
8291,1,1,0.6014465494062071,0.9997652,0.9993338,0.6061945
8292,0,1,0.013943874352959759,2.4565827e-07,8.2524615e-08,0.00858581
8293,0,0,0.02165741470169316,1.7558797e-05,0.0001231899,0.022060016
8294,1,1,0.8950716400528237,1.0,1.0,0.8912784
8295,0,1,0.09836964198296756,0.3535397,0.02990342,0.09235964
8296,1,1,0.8977245421398768,0.99998987,0.99985087,0.89008886
8297,0,1,0.17657334310270256,0.6909384,0.4312889,0.19424403
8298,1,1,0.22640128036792748,0.7252185,0.23638056,0.22574057
8299,0,1,0.006375884007266752,1.5863902e-06,2.3526721e-07,0.008957439
8300,0,1,0.0026253494100652044,9.897114e-09,4.3588516e-10,0.003942376
8301,0,0,0.001866625312969635,4.6079364e-08,1.6690265e-06,0.0037401768
8302,0,1,0.15266448553394202,0.42662162,0.19872758,0.1690755
8303,0,1,0.11198596545425045,0.08010869,0.041721344,0.105570674
8304,1,1,0.8208477047577241,0.99999905,0.99999654,0.8206756
8305,0,0,0.0008714635882334816,9.276828e-12,4.4596556e-11,0.0010964114
8306,0,1,0.03789071287289683,0.0041413438,0.00258417,0.051562108
8307,0,1,0.015230250711791599,0.0003074768,1.15794255e-05,0.022793546
8308,1,1,0.7983778410712861,0.9998884,0.99907315,0.7938844
8309,0,0,0.12489144832565613,0.06304733,0.95115197,0.13071598
8310,0,0,0.03007914774143471,0.0005502281,0.008817582,0.034289118
8311,0,1,0.44897540542045583,0.99571943,0.97257876,0.45580545
8312,0,0,0.005750836691242782,1.3782069e-08,2.1438696e-07,0.006405369
8313,0,1,0.14532955927072547,0.09786454,0.04625749,0.14174314
8314,0,1,0.02099618548475007,0.00017569397,9.817858e-05,0.028036917
8315,0,1,0.3557253009745443,0.97187847,0.8953537,0.35525388
8316,0,1,0.09360976959689565,0.40396944,0.15297863,0.1202731
8317,0,0,0.1106463283815986,0.0379774,0.1866839,0.11841053
8318,0,1,0.8533145331017893,0.99999917,0.99999785,0.8522808
8319,0,0,0.0080801743744719,1.7093037e-06,2.5377189e-05,0.011853673
8320,1,1,0.913794009689819,0.9999968,0.99998176,0.9100137
8321,0,0,0.01775501658664843,1.8284469e-06,1.296909e-05,0.01943728
8322,0,0,0.05110782717916371,0.0004793418,0.005225891,0.05402307
8323,1,1,0.3142462406036523,0.95971924,0.7970152,0.30741343
8324,0,1,0.6300756799883129,0.9999951,0.9999745,0.6291719
8325,0,0,0.07436457137415438,0.0026768271,0.020385383,0.07055021
8326,1,1,0.20367944276005773,0.48779252,0.12138075,0.20218053
8327,1,0,0.11701400510826163,0.037353933,0.8755041,0.12098318
8328,0,1,0.11449787020812242,0.013357234,0.0011392729,0.11347403
8329,0,0,0.030094465075184353,0.08782436,0.8674291,0.055406068
8330,0,1,0.15896517959000908,0.3833498,0.006922285,0.15933716
8331,0,0,0.007698015791390605,1.7037688e-07,5.6301224e-06,0.011187765
8332,1,1,0.753336840876121,0.9999956,0.9999796,0.74801123
8333,0,1,0.6690669128860599,0.9951619,0.9871354,0.64479786
8334,0,0,0.005574821289049252,1.7319927e-07,3.525231e-06,0.008447467
8335,0,1,0.17605036877058217,0.3075929,0.0062815687,0.17571037
8336,0,1,0.008888828717814264,7.299486e-07,4.364503e-09,0.011428235
8337,0,0,0.0018907884458948664,8.563612e-11,3.6950025e-09,0.0021172664
8338,0,0,0.02859625328064404,5.5167395e-05,0.00098338,0.03013173
8339,0,1,0.07016447512236865,0.002317672,0.0009095359,0.07943138
8340,1,1,0.44200758083959496,0.9933101,0.9761788,0.43700016
8341,0,0,0.0045379212189972234,2.9966396e-09,6.563254e-08,0.005104437
8342,0,1,0.4130818588671041,0.99890625,0.9925678,0.4177674
8343,0,0,0.08061908163687427,0.0075844233,0.050975814,0.08649959
8344,0,0,0.10613089516021247,0.03897725,0.30608115,0.11319643
8345,0,1,0.018653244843114942,1.1438492e-06,2.911941e-07,0.02026479
8346,0,1,0.0037828825211890333,8.3721275e-08,5.314495e-09,0.005676996
8347,0,0,0.00563584458567115,1.0075258e-06,2.1020349e-05,0.008414112
8348,1,1,0.9987788920146332,1.0,0.9999999,0.99834394
8349,0,1,0.23534106069969452,0.3035931,0.07359283,0.23242208
8350,0,1,0.024017775896851282,4.584371e-05,6.2031686e-06,0.025613282
8351,0,1,0.13770105607783395,0.004712622,0.0016193712,0.14347254
8352,1,1,0.9490209506793826,0.99999976,0.99999845,0.9450003
8353,0,1,0.002631480355338329,6.440651e-10,6.0101715e-11,0.0030199285
8354,1,1,0.7493915316277118,0.9999987,0.9999902,0.748816
8355,0,0,0.032340336756676996,4.275897e-05,0.00031684837,0.0331509
8356,0,1,0.13496430160198933,0.0665671,0.0074099475,0.13763018
8357,0,1,0.23254045716001104,0.74021035,0.24956511,0.22865097
8358,0,1,0.007920344915415633,3.6270498e-07,2.746292e-08,0.010896154
8359,0,1,0.038421260568880226,0.00013220072,3.6498583e-05,0.037946302
8360,0,1,0.17041855787684396,0.3961019,0.2725895,0.16623451
8361,0,1,0.12354540813469865,0.08273946,0.00034143546,0.12696828
8362,0,1,0.04594771693628464,0.0002190998,2.757971e-05,0.0413473
8363,0,1,0.034799440467140945,0.00016596248,1.0802107e-05,0.03661268
8364,0,1,0.0023326734346542917,8.098661e-09,2.8378648e-09,0.003671267
8365,0,1,0.11513885370351795,0.07130242,0.055931456,0.11143119
8366,0,0,0.030780421785800535,0.00040164698,0.014627273,0.0315371
8367,0,1,0.7714016269223362,0.99999595,0.99997354,0.76757187
8368,0,1,0.002786300123982488,6.118417e-09,1.5506469e-09,0.003943479
8369,0,0,0.0021901260971372463,4.080084e-09,5.6159053e-08,0.0032135656
8370,1,1,0.40756677679314535,0.99315745,0.9127357,0.39681444
8371,1,1,0.651024816571323,0.999969,0.9996887,0.6537396
8372,1,1,0.7890979585569172,0.99998903,0.99995434,0.7869797
8373,0,1,0.5968480995363864,0.9998908,0.9995695,0.60780996
8374,0,1,0.011768443816310002,6.452079e-07,4.802155e-08,0.012764331
8375,0,1,0.05106581932421255,0.00051478285,5.8007572e-05,0.047714073
8376,0,0,0.033391307728267414,0.000109531975,0.002413331,0.036392413
8377,0,0,0.01505283860613498,5.8411433e-07,9.1277325e-06,0.016630957
8378,1,1,0.999374981321847,1.0,1.0,0.9992487
8379,0,1,0.0009345100160057363,1.2276499e-10,4.0901782e-11,0.0015199692
8380,0,0,0.009283582838277517,2.7170945e-06,2.9998753e-05,0.013399964
8381,0,1,0.32700892820864463,0.9482061,0.7678718,0.32586136
8382,1,1,0.34574198364251374,0.7467597,0.27249902,0.3550314
8383,0,1,0.09387427061956274,0.018821722,0.00012463934,0.09592706
8384,0,1,0.7701895038165523,0.99999714,0.9999832,0.78888035
8385,1,1,0.9655631348943694,1.0,1.0,0.9650745
8386,0,1,0.050047417724720475,0.00046057557,0.00012462556,0.049570307
8387,0,0,0.014474560521668962,4.8181373e-06,8.225922e-05,0.015196112
8388,1,1,0.8965297209902144,0.99999964,0.9999981,0.89623433
8389,0,0,0.018251508743783822,7.1401715e-05,0.00036667904,0.020341322
8390,0,1,0.02169017967938872,0.0016018562,0.0005152932,0.03692836
8391,0,1,0.19589914471266084,0.5101516,0.007831809,0.19599852
8392,0,1,0.3191088580989017,0.9179043,0.064060055,0.3180152
8393,0,1,0.03373026924160691,4.2878528e-05,2.7924364e-06,0.032733545
8394,1,1,0.9910689357381627,1.0,1.0,0.9893022
8395,1,1,0.35548955247344327,0.9942069,0.94738346,0.3556463
8396,1,1,0.601733158747753,0.9985821,0.9892462,0.60238373
8397,1,1,0.597992209336865,0.99982095,0.9992187,0.6003293
8398,0,1,0.2585810827117188,0.78389066,0.5748481,0.25690177
8399,0,1,0.022260776215043732,1.0370748e-05,3.8900944e-06,0.022346579
8400,0,1,0.016974451516372516,3.932018e-06,8.817029e-08,0.016967485
8401,0,1,0.08301398294821767,0.010955267,0.0022070296,0.08628696
8402,1,1,0.2047289983619923,0.8626807,0.60410595,0.22713467
8403,0,0,0.021739384552542894,1.052657e-05,0.00022999322,0.023292575
8404,0,1,0.005253294144224578,1.1138369e-08,9.296781e-10,0.005824044
8405,0,0,0.04262431068573523,0.0003637799,0.0034678732,0.04541808
8406,0,1,0.0581035276956803,0.0001806644,4.260641e-05,0.058507167
8407,0,1,0.7115242478725339,0.9999918,0.99997973,0.7174719
8408,0,1,0.3308095114650752,0.8153446,0.5548026,0.3481409
8409,0,1,0.5506572256874539,0.99717975,0.97903466,0.5548974
8410,0,1,0.007400146280471512,7.652672e-08,2.266371e-08,0.0075599668
8411,1,1,0.27936033881136957,0.94120395,0.6811184,0.2763843
8412,0,0,0.01848234293964088,8.384739e-06,3.8517548e-05,0.019078348
8413,0,1,0.004462490945797842,3.1031933e-10,2.5657673e-10,0.0045499154
8414,1,1,0.8486524099727538,0.9999187,0.99968535,0.83740586
8415,0,1,0.21191324079893387,0.43005905,0.092639305,0.21388993
8416,0,0,0.03586671282744652,0.00010359072,0.0032542648,0.037802134
8417,0,0,0.025389688879004807,6.0209113e-05,0.002891469,0.025563255
8418,0,0,0.031129409521512295,3.2441163e-05,0.0005422969,0.032793302
8419,0,1,0.24600138810169672,0.50988865,0.14336354,0.2556587
8420,0,0,0.0010705584086038718,2.1566462e-12,1.1979626e-11,0.0013155087
8421,0,0,0.017150539015569965,8.942544e-06,4.6488585e-05,0.019543506
8422,0,0,0.06032781181660104,0.0021979965,0.025915189,0.06055384
8423,0,0,0.13834079126352106,0.085255675,0.76204866,0.14598614
8424,0,0,0.004467052096334576,2.8207382e-06,2.3446124e-05,0.008788359
8425,0,1,0.012097007280109226,6.330423e-07,3.4031597e-08,0.013105153
8426,0,0,0.1996394019537851,0.68633157,0.9751937,0.20634642
8427,0,0,0.0022225896600680567,8.190731e-10,2.1824638e-08,0.0032935322
8428,0,0,0.001951366299497343,0.0005534471,9.3707575e-07,0.00781688
8429,1,1,0.4413380416401116,0.9981489,0.98740095,0.43963793
8430,0,1,0.29152718751694784,0.891989,0.59751886,0.3050003
8431,0,0,0.017471076162447738,5.860008e-06,4.8816244e-05,0.017949123
8432,1,1,0.8105539031627313,0.99990785,0.99959326,0.7977262
8433,1,1,0.03454503332963398,0.0423885,0.015150951,0.046801724
8434,0,0,0.11859925073919166,0.051223766,0.57922304,0.12327356
8435,0,0,0.2459975184633035,0.6006592,0.99707186,0.24576287
8436,0,0,0.007251602648117294,1.09214156e-07,3.6960591e-06,0.0077418913
8437,1,1,0.27516908438097526,0.89545,0.474681,0.2695597
8438,0,1,0.012504135397250175,2.176668e-05,9.542533e-06,0.017076632
8439,0,1,0.060270297481340204,0.0016618842,0.0008614644,0.058900926
8440,0,1,0.13080426509799079,1.0,1.0,0.11200817
8441,1,0,0.759546202538098,0.9999943,1.0,0.76024574
8442,0,1,0.289300484492462,0.91220117,0.6102664,0.2873708
8443,0,1,0.05861932377818283,0.00063946843,7.437536e-05,0.061504632
8444,0,0,0.008607019792581367,9.225845e-06,0.00010689664,0.012327226
8445,0,1,0.4292077882796054,0.9895433,0.9429632,0.4240764
8446,0,1,0.002857896645622542,7.362406e-09,2.742594e-10,0.0040245554
8447,1,1,0.7899765438682166,0.99999845,0.9999865,0.7878092
8448,0,1,0.23057197295565882,0.6956328,0.32852653,0.23161179
8449,0,0,0.002983643238473082,9.6521354e-08,2.8704315e-07,0.0047923233
8450,0,0,0.03455774964850743,0.00016467118,0.0037551748,0.036257286
8451,0,0,0.017347827251965285,2.603587e-06,3.6250563e-05,0.017916456
8452,1,1,0.9783232148909713,0.99999833,0.9999933,0.97475374
8453,0,0,0.009717251147196116,1.4421e-07,4.5881047e-06,0.010554274
8454,1,1,0.4976489386604656,0.999348,0.997068,0.5094156
8455,0,1,0.43068929269529843,0.99512434,0.9525154,0.4360431
8456,1,1,0.35184245905619876,0.9774483,0.919192,0.34913093
8457,1,0,0.1185891869003431,0.04783546,0.66442317,0.12340427
8458,0,1,0.017983658146411396,1.3097169e-06,2.510612e-07,0.01950934
8459,0,0,0.08549841537351187,0.03448677,0.4803364,0.09079043
8460,0,1,0.0082046859861695,7.035912e-05,2.0897665e-05,0.014217191
8461,0,1,0.006581217303959442,6.3973766e-07,1.9236077e-07,0.009061509
8462,0,1,0.09989866384687146,0.01567844,0.0004929702,0.108817115
8463,0,1,0.0072793430652572585,1.0303056e-06,2.3392685e-07,0.0100050755
8464,1,1,0.78705996139312,0.99999857,0.99999094,0.7847065
8465,0,0,0.008873556461380867,4.1992006e-08,2.2156158e-07,0.009857705
8466,0,1,0.02097435844667284,9.301752e-06,5.6577014e-06,0.021028755
8467,0,0,0.11854840824062182,0.3657907,0.9069761,0.13261282
8468,0,0,0.004701348771141442,5.920261e-09,8.748464e-08,0.005291873
8469,0,0,0.0046026324054844175,4.8228725e-07,6.9160787e-06,0.006716391
8470,0,0,0.009397323006445968,0.0024889673,0.03724077,0.018030902
8471,0,0,0.057625366584455946,0.011577684,0.1948909,0.06069307
8472,1,0,0.5625783756163059,0.9994707,0.9999975,0.5585653
8473,0,0,0.05939067413433018,0.0016421416,0.011148702,0.062926024
8474,0,1,0.009971361038419507,1.4011987e-07,2.8277984e-09,0.009721863
8475,0,1,0.058284993940977615,0.00081994577,1.15108e-05,0.059992973
8476,0,1,0.16556257270729877,0.21058418,0.065408066,0.16844688
8477,0,1,0.9107210222136503,1.0,1.0,0.91513574
8478,0,0,0.0008707290851669641,1.6566146e-11,1.6989021e-10,0.001341595
8479,1,1,0.7043078303126796,0.99999547,0.9999895,0.70049745
8480,1,0,0.9951156274197415,1.0,1.0,0.9945551
8481,0,0,0.002678186053517681,9.946654e-10,8.306244e-09,0.0035564678
8482,0,1,0.5139219789391071,0.999415,0.99808264,0.5066786
8483,0,1,0.37469511685717005,0.92402595,0.68083483,0.3668861
8484,0,1,0.0006010264160637185,7.2730087e-13,2.5148465e-13,0.0008736324
8485,0,1,0.056882971861996943,0.0012981223,0.000751635,0.05705781
8486,1,1,0.812654313219848,0.9999993,0.9999974,0.81296337
8487,0,1,0.05954222968937138,0.0003147109,0.00020684232,0.060671326
8488,0,0,0.012869057926346896,8.563639e-07,4.1558238e-07,0.013574174
8489,0,1,0.0714050521430119,0.0056422353,0.0006303552,0.06992641
8490,1,1,0.11368817219967182,0.03911529,0.006546186,0.11188561
8491,0,1,0.10910501509247042,0.021598473,0.0067060953,0.112232365
8492,0,0,0.08672075769361526,0.013606121,0.3595883,0.08807357
8493,0,1,0.048461033875753,0.00046434603,0.00017477799,0.047520705
8494,0,1,0.23349642948526286,0.7412661,0.038632866,0.2309218
8495,0,1,0.10177608213717117,0.03539605,0.00022828022,0.105402194
8496,0,0,0.0683374782608204,0.0031375566,0.033248298,0.07163397
8497,1,1,0.41630283417648156,0.9950612,0.9859264,0.41344643
8498,0,1,0.8525863234118372,0.9999995,0.9999974,0.85207355
8499,0,0,0.7949955988350206,0.99999845,1.0,0.7932496
8500,1,1,0.4939739844918389,0.9991875,0.9946195,0.477542
8501,0,1,0.0728241820617555,0.002419179,0.0011365165,0.07790788
8502,0,1,0.44913128569689753,0.9959934,0.9739488,0.44371033
8503,1,1,0.16190665838496826,0.79581004,0.71173894,0.15925802
8504,0,1,0.01798247391618559,5.9579115e-06,4.095355e-06,0.020967927
8505,0,1,0.10655438902249124,0.0376367,0.0036007604,0.10576954
8506,0,0,0.5104665268907171,0.99857795,0.9999924,0.5179767
8507,0,1,0.02152111113712449,6.4480955e-06,7.016448e-07,0.02128453
8508,1,0,0.7395224592848441,0.99999523,1.0,0.7405587
8509,0,0,0.0055489479037189,3.6878586e-07,5.076465e-06,0.008497464
8510,0,0,0.006210440755701844,3.6203378e-08,8.58816e-08,0.007199334
8511,1,1,0.8415999474454312,0.99999964,0.9999994,0.83906126
8512,0,0,0.0023786975483569605,1.0786127e-08,1.0101064e-07,0.0034820337
8513,0,0,0.006508873252427112,8.172782e-06,0.00027754685,0.012745632
8514,0,1,0.555320617115705,0.9998007,0.99795187,0.5647015
8515,1,1,0.6410324058299379,0.9999839,0.99990594,0.64874744
8516,0,0,0.20866220080173192,0.80080605,0.99611604,0.22107859
8517,0,1,0.9994473278775787,0.9997631,0.9622953,0.9985751
8518,1,1,0.9987475257451398,1.0,1.0,0.99851674
8519,1,1,0.3064552944000429,0.7058886,0.7535597,0.3597921
8520,0,0,0.35873357009094137,0.9939964,0.9999727,0.36332917
8521,0,1,0.07671770573906893,0.005475555,0.0027019046,0.07715345
8522,1,1,0.9517418003990876,1.0,1.0,0.9518006
8523,1,0,0.6276751546113242,0.99998343,0.9999999,0.6306748
8524,1,1,0.4850982108131686,0.99884903,0.9887893,0.47174513
8525,1,1,0.21722119536315104,0.7616524,0.5152641,0.21432775
8526,1,1,0.9997036060383646,1.0,1.0,0.9995846
8527,0,1,0.004608332213289966,1.9575785e-09,2.6786568e-11,0.0046188887
8528,0,1,0.4759026494479301,0.9978309,0.9866274,0.4712744
8529,0,0,0.029257310480756468,0.00011283718,0.0028428247,0.036226947
8530,0,1,0.0035491198470572563,1.5918901e-07,3.7051528e-08,0.005587355
8531,0,1,0.5419149255612052,0.9972364,0.9894443,0.55031127
8532,0,0,0.0406526031574444,0.0006168428,0.005325409,0.042141028
8533,1,1,0.8054748219498155,0.99999917,0.99999595,0.80172974
8534,1,1,0.7733681154411541,0.9999951,0.99997413,0.77579594
8535,0,0,0.003995156061016183,8.821806e-08,2.56805e-06,0.0059835515
8536,0,1,0.5915076254103931,0.99986744,0.99828976,0.59635574
8537,1,1,0.9974911763014946,1.0,1.0,0.996995
8538,1,1,0.6950131384482795,0.9999683,0.9998319,0.68305314
8539,0,1,0.13519150737661667,0.10933556,0.006835081,0.14698169
8540,0,0,0.0011603890953140476,6.4766647e-12,1.4554974e-10,0.0013526613
8541,1,1,0.8455286748717521,0.9999999,0.99999964,0.857042
8542,0,1,0.14254151494192652,0.16180979,0.08321386,0.13980612
8543,0,1,0.2699433190421659,0.90472865,0.4563887,0.26872683
8544,0,1,0.5379679175112883,0.9996388,0.9989085,0.53816605
8545,0,1,0.16650935513764362,0.20879431,0.05196768,0.16927467
8546,0,0,0.04480096586844691,0.0006637672,0.011707417,0.047712747
8547,0,0,0.026039734133275327,6.5540284e-05,0.0005621181,0.026757533
8548,0,1,0.08927408237071732,0.00867346,5.798932e-05,0.0908084
8549,0,1,0.5685352379991077,0.9994655,0.997769,0.5599578
8550,1,1,0.29699506494549033,0.9760498,0.9212682,0.29476547
8551,0,0,0.0016301991319287532,6.0530286e-10,5.71048e-09,0.0023617654
8552,0,0,0.004053196778304172,2.3351807e-07,2.9072485e-06,0.005936765
8553,0,1,0.2518716199243223,0.8094975,0.28915,0.2474441
8554,1,1,0.9992074047531536,1.0,1.0,0.99897856
8555,1,1,0.14586780461061283,0.12701687,0.012846551,0.1500739
8556,0,0,0.0780493448981748,0.019859146,0.5681855,0.08589866
8557,0,1,0.14579572481856523,0.042809375,0.0030948413,0.15274316
8558,1,1,0.47836113423728843,0.9995922,0.9990696,0.48023206
8559,0,1,0.04453956791917991,0.00051610253,2.999346e-05,0.04542078
8560,0,0,0.0343917331369665,0.00012685033,0.0058737434,0.036012635
8561,0,1,0.2117476792816379,0.20455408,0.0959848,0.21511509
8562,0,1,0.6111503281583214,0.99995613,0.9998039,0.64642775
8563,0,1,0.08808536194579404,0.014641363,0.0074312594,0.08551405
8564,1,1,0.9602671616514236,0.99999905,0.9999945,0.95472044
8565,0,1,0.11967694354285933,0.024227375,0.00032495122,0.11878072
8566,1,1,0.395986648183557,0.9939402,0.9734205,0.3940164
8567,0,0,0.004089272480390545,7.100008e-07,5.807218e-06,0.008416694
8568,0,1,0.027001827640455847,0.0014251941,0.0006187697,0.035762653
8569,0,0,0.027083681655064074,9.770823e-05,0.004033426,0.028901324
8570,0,0,0.012120068546245553,6.241264e-06,1.6732667e-05,0.013686696
8571,0,0,0.15192806113530163,0.21238174,0.90735954,0.18524843
8572,1,1,0.5707543905225309,0.08929076,0.012223473,0.5411807
8573,1,1,0.08746476937666932,0.014265711,0.0007897158,0.09016585
8574,1,0,0.32453156138678607,0.9598008,0.99982977,0.32297754
8575,1,1,0.3632284202845882,0.9809059,0.90350574,0.362173
8576,0,1,0.028470323613069573,0.04088584,0.0054828203,0.048584335
8577,1,1,0.5068211930024419,0.99915206,0.9971955,0.51267153
8578,0,1,0.0013412752344887685,3.587917e-09,1.5077422e-09,0.0025315445
8579,0,1,0.8914710001257166,0.99999976,0.99999857,0.8900082
8580,1,1,0.6357341158692712,0.9999554,0.99986064,0.6382938
8581,0,1,0.5868083323597375,0.99974364,0.9991103,0.57554257
8582,0,1,0.19727910334608106,0.59044784,0.33509085,0.12391507
8583,0,1,0.6730510786681336,0.99989235,0.999514,0.6729802
8584,0,1,0.14293899982750122,0.13339564,0.019436726,0.14449088
8585,1,1,0.23383740471224526,0.9095813,0.770124,0.22857462
8586,0,1,0.016608239700023335,6.6318615e-05,1.3776723e-05,0.02292747
8587,0,1,0.007182063978457852,3.6208958e-09,2.6098346e-09,0.0072916653
8588,1,1,0.5657051887880772,0.99988365,0.9996264,0.5745637
8589,0,1,0.41493375186155823,0.97692627,0.95300066,0.41901436
8590,0,1,0.19720451727023716,0.5702661,0.12511818,0.20145394
8591,0,1,0.48235532606023146,0.99974257,0.99664944,0.49384817
8592,1,1,0.36148027929539134,0.9568947,0.8062103,0.3587858
8593,1,1,0.09030786412803521,0.004960371,3.935152e-05,0.092690505
8594,0,0,0.019809306584925985,8.9412315e-06,8.0936756e-05,0.021074608
8595,0,0,0.0006152156590407859,4.110549e-12,4.1910652e-11,0.0009633271
8596,0,1,0.20102864332987921,0.2037266,0.0012952135,0.20712376
8597,0,1,0.02394444137328734,1.40483335e-05,1.311672e-06,0.024752963
8598,0,0,0.09552054628565682,0.03061666,0.74217325,0.09769442
8599,0,1,0.08356965360145246,0.0044737984,0.0007571201,0.08669264
8600,0,1,0.24107271439603892,0.31161642,0.05216603,0.22990341
8601,0,1,0.004632179271722023,2.8325774e-08,1.4212645e-08,0.006313611
8602,0,1,0.00749301385033689,4.3783225e-06,2.2529439e-07,0.010932269
8603,1,1,0.791581722220086,0.99999857,0.9999931,0.78883123
8604,0,1,0.5848303112142402,0.9994641,0.9983783,0.5878266
8605,0,1,0.5405006783966237,0.9994374,0.9980603,0.5318952
8606,0,1,0.6222016528207539,0.9995858,0.99932224,0.62276644
8607,0,1,0.10850879669904276,0.1288602,0.09268541,0.110260755
8608,1,1,0.6860437311207898,0.9999597,0.9999101,0.68461436
8609,0,1,0.0038701012425398688,1.240098e-06,2.0538168e-07,0.006253595
8610,0,0,0.0001958074994100031,1.0945223e-09,5.810538e-13,0.00084300886
8611,0,1,0.02895558451029012,8.905749e-05,1.8418248e-05,0.02969183
8612,0,0,0.00238552673744821,2.563742e-10,4.4167e-09,0.002930437
8613,0,1,0.011059374457941973,0.0002564843,0.00018379702,0.01987155
8614,0,0,0.0015498636200675022,8.276102e-09,1.1376293e-07,0.0026874102
8615,0,1,0.01481543971122595,3.0871098e-07,5.821935e-08,0.01481518
8616,0,1,0.5731137673651147,0.99866736,0.9818387,0.5780684
8617,0,0,0.2560724949158712,0.9059754,0.9928779,0.26418075
8618,0,1,0.19463557692775843,0.28741854,0.11222084,0.19584155
8619,0,0,0.18159162531717876,0.61234146,0.96996677,0.1886288
8620,0,1,0.16000051332418716,0.15582086,0.017789794,0.15950902
8621,0,1,0.0360345177209423,0.0005637288,0.00025956723,0.037200827
8622,0,1,0.0674332410972949,0.0025304805,0.0004907975,0.06477447
8623,0,1,0.04742874171964388,0.0009420476,0.00036713376,0.045192745
8624,0,1,0.06280331435216116,0.4921496,0.093290254,0.10843885
8625,1,1,0.5739821089863898,0.9997724,0.999101,0.5648813
8626,0,0,0.005851367429490807,1.9161725e-07,1.223959e-06,0.00801401
8627,0,1,0.031903301965414625,0.00016830543,3.7534654e-05,0.043998417
8628,1,1,0.5941830018309975,0.9999844,0.9998553,0.6071524
8629,0,1,0.005438751952170357,4.7262984e-07,9.2498475e-08,0.0076344362
8630,0,0,0.19755798435783212,0.22864953,0.9867258,0.20166732
8631,1,1,0.2826246210576852,0.70455396,0.6437797,0.2802798
8632,0,1,0.3281679531385695,0.9945321,0.9779719,0.3288817
8633,0,0,0.030631006203069206,0.00020491486,0.012015149,0.03772111
8634,1,1,0.7342155257942032,0.9999906,0.99994195,0.73148155
8635,0,0,0.004807625925074366,7.077021e-09,1.3611562e-07,0.005411666
8636,0,1,0.141749332607932,0.38685697,0.10924073,0.1598716
8637,0,0,0.0009764812038205488,3.6317508e-11,3.444546e-10,0.00150175
8638,0,1,0.6799461739824287,0.9999875,0.99984527,0.68277645
8639,0,0,0.0016228452372104754,7.377879e-10,1.5342287e-08,0.0024631803
8640,1,1,0.2819849485251491,0.8718504,0.5612223,0.28156477
8641,0,0,0.02359224229137533,1.9650593e-05,7.8930854e-05,0.024006482
8642,0,0,0.011524530813733036,7.348533e-07,1.271244e-05,0.0121831335
8643,0,0,0.018842977437811652,5.6112654e-06,0.00017682166,0.020320574
8644,1,1,0.6811790656602138,0.9999856,0.99998164,0.6712679
8645,0,0,0.27570291043819306,0.85748416,0.99911267,0.2817645
8646,0,1,0.05550745409980935,0.00043887546,6.679094e-05,0.054955542
8647,0,0,3.155794373606262e-05,5.777845e-14,6.267441e-17,0.00018237617
8648,0,1,0.21805192341130145,0.46976623,0.1602459,0.22124104
8649,1,1,0.3404603545358246,0.96896297,0.88902104,0.34027672
8650,1,1,0.5399894118255024,0.9996696,0.9979432,0.52819353
8651,0,0,0.005098062045897667,9.064834e-08,5.670065e-07,0.0071374616
8652,1,1,0.5065776505329929,0.99746394,0.9966217,0.5461358
8653,0,0,0.015980938458950163,2.681468e-06,1.3071393e-05,0.018155526
8654,0,0,0.0016478363388437224,1.0999719e-09,1.4574518e-08,0.0025685474
8655,0,1,0.13275045205497626,0.056495547,0.008790648,0.12835091
8656,0,1,0.005790456988467513,1.6466279e-08,1.0480401e-09,0.0063937954
8657,1,1,0.5875942336631335,0.9973143,0.9886699,0.5992148
8658,0,1,0.006994176426833922,1.8035794e-07,6.1609164e-08,0.009375183
8659,0,1,0.06924673624391241,0.0013720198,0.00021793784,0.07196557
8660,0,1,0.5695157152882911,0.99951565,0.9968997,0.57062536
8661,0,1,0.12965841407266718,0.053182792,0.018950576,0.12758964
8662,1,1,0.466093815891405,0.99564844,0.97782403,0.45921916
8663,0,1,0.08378339916686121,0.00273303,0.0006449226,0.08817122
8664,0,1,0.37787788331445527,0.9913397,0.9327298,0.37893525
8665,0,1,0.04629375797574025,0.0074556028,0.004708415,0.062460512
8666,0,1,0.02879741652006823,3.217343e-05,1.2363263e-05,0.0285612
8667,0,1,0.348802305995218,0.993469,0.97299933,0.35210437
8668,0,0,0.06939945862817849,0.02980654,0.5503937,0.07642179
8669,0,1,0.1891676096978481,0.3789524,0.14050049,0.19205484
8670,0,0,0.0006623724675425866,5.556844e-12,1.47184e-10,0.0010465124
8671,0,1,0.0457674449531167,0.00014342758,1.6274278e-05,0.0454354
8672,0,1,0.2151942678960986,0.05263883,0.024604246,0.19919606
8673,0,1,0.043381452566374795,0.0001498127,5.391578e-05,0.04239707
8674,0,0,0.0009793014753858799,5.6201186e-11,5.4334803e-10,0.0015217157
8675,0,1,0.14013395266320822,0.0046520424,0.003567989,0.16618249
8676,0,1,0.05229787153389732,0.0011665707,0.00080192735,0.05182254
8677,0,1,0.14859041345806048,0.08663554,0.015160388,0.15145646
8678,0,0,0.06715383251173697,0.0006693869,0.010331243,0.07370897
8679,0,1,0.003316396000148112,1.3077478e-08,2.237993e-09,0.004666961
8680,1,1,0.9367381631096604,0.99999905,0.99999285,0.93188596
8681,0,1,0.034612179003036495,5.872008e-05,2.5746443e-05,0.03370555
8682,0,0,0.04710110502517782,0.00026364773,0.008082513,0.05027472
8683,1,1,0.41770988051468694,0.99094796,0.96126294,0.4230524
8684,1,0,0.3250410537770213,0.99633265,0.9995282,0.3367208
8685,0,0,0.013382747145167597,7.5090466e-06,7.980776e-05,0.014909508
8686,0,0,0.026898970188411288,4.3318127e-05,0.00048054982,0.028895354
8687,0,0,0.0808477519642757,0.11991979,0.5205452,0.08509415
8688,0,1,0.6499809208245644,0.9999466,0.9996457,0.6505806
8689,1,0,0.11489829381184086,0.0364582,0.5141796,0.12267014
8690,1,1,0.8732657122457108,1.0,0.99999976,0.8697551
8691,0,1,0.23941425190204368,0.7630902,0.3060505,0.23399416
8692,0,0,0.3480041321018784,0.9859973,0.9998933,0.34315038
8693,0,1,0.13180849278276863,0.045837574,0.0056974515,0.13309635
8694,0,0,0.026157446730862215,7.6242122e-06,0.00019424224,0.032095477
8695,0,0,0.03855485830037622,0.0001119817,0.0018215645,0.04050134
8696,0,1,0.41944941447802436,0.98631614,0.9666568,0.4159815
8697,0,1,0.018974116874508017,0.0023314697,0.00045655872,0.026463896
8698,0,0,0.0059005346684604075,1.8781463e-07,4.5324514e-06,0.007139334
8699,1,1,0.6764467555306999,0.9999852,0.9999474,0.66932356
8700,0,1,0.23122559916706747,0.58591485,0.18029548,0.23288082
8701,0,0,0.0069938389035920255,1.7178752e-07,1.7401882e-06,0.00858073
8702,0,0,0.04157218169205816,0.0008018891,0.0062418985,0.04160302
8703,0,0,0.051918925856759945,0.0017502276,0.04318119,0.055909354
8704,1,1,0.022522181086043095,2.4375207e-05,5.7289535e-06,0.022945888
8705,0,1,0.12814950151018248,0.0570506,0.014839376,0.1293236
8706,0,0,0.04626988297009525,9.815742e-05,0.0020640818,0.051174738
8707,0,1,0.09239126987813304,0.0037979488,0.00052489195,0.096430175
8708,0,0,0.008688039059032813,6.10527e-08,9.765591e-07,0.009325453
8709,0,0,0.14658857832508967,0.017439373,0.82242966,0.17690857
8710,0,1,0.18703433839080855,0.4918213,0.23564604,0.18529707
8711,0,1,0.27700172355688485,0.87604654,0.50991917,0.27968273
8712,1,1,0.7599399980074752,0.9999951,0.99997866,0.7571979
8713,0,0,0.15987183670800267,0.20033722,0.9017166,0.16821252
8714,0,1,0.010659858326548843,9.174571e-06,4.4617655e-06,0.014543995
8715,0,0,0.17284774443591966,0.51170856,0.91394913,0.18040891
8716,0,0,0.04645906969626411,0.00037023812,0.0079189185,0.05027809
8717,0,1,0.4756663348794695,0.9976519,0.99376947,0.46787164
8718,0,1,0.4884389796237726,0.9992244,0.9961721,0.49255338
8719,1,1,0.2769728330979797,0.8611586,0.6496866,0.2771958
8720,0,0,0.03019403212040859,1.5989384e-05,0.0006049057,0.030894313
8721,1,1,0.5464045188596932,0.99996054,0.99986136,0.5572678
8722,0,0,0.00919928058478103,2.5665244e-07,4.3563027e-06,0.009744852
8723,0,0,0.010552623990103057,6.550135e-07,1.5956786e-05,0.0108663365
8724,1,0,0.1146825348829173,0.08434957,0.7757144,0.122043595
8725,0,0,0.14934984763440837,0.26955017,0.8809125,0.1601199
8726,0,1,0.011258636363087503,1.9143324e-06,1.2212366e-06,0.015304587
8727,0,1,0.034882376064795835,0.00013724715,5.348434e-05,0.03369835
8728,0,1,0.0044330546376788686,3.328768e-07,5.340724e-08,0.0070776315
8729,0,0,0.015532940684404787,5.675438e-06,8.335109e-05,0.016346224
8730,0,1,0.0039823990799221385,6.289132e-08,2.1304478e-08,0.0055907257
8731,0,1,0.06501940404289801,0.00085381983,0.00016846006,0.067697585
8732,1,1,0.23148316317672485,0.58250916,0.29758686,0.23651852
8733,1,0,0.010044706220748885,9.231544e-05,0.0017453814,0.019012025
8734,0,0,0.13266418584085116,0.04425176,0.17331865,0.13696049
8735,0,0,0.6651855995018267,0.9999529,0.99999964,0.6667751
8736,0,1,0.0016557343611483786,4.2825987e-10,5.6422414e-12,0.002313982
8737,0,0,0.0009523470421581247,1.9876505e-10,3.513645e-09,0.001639628
8738,0,1,0.007453102194738766,2.3671644e-06,1.0502899e-06,0.010190751
8739,0,1,0.06190693081009933,0.0016498748,0.0008097513,0.062003512
8740,1,1,0.9999999999999865,1.0,1.0,1.0
8741,1,1,0.013084329454963064,4.8574766e-05,1.0908039e-05,0.017113183
8742,0,1,0.05029635964723508,0.00022980079,0.00011924636,0.052438382
8743,0,0,0.0014733033259816766,9.610934e-11,4.822389e-10,0.0018196487
8744,0,0,0.011989962631114381,0.00030969444,0.0015784567,0.021424877
8745,0,1,0.06307199086383586,0.000661542,0.00019120146,0.062599964
8746,0,1,0.012648280735125363,9.884719e-07,1.0911215e-07,0.013738256
8747,1,0,0.9216988474838896,0.99998856,0.9999999,0.9153141
8748,1,0,0.06463453713006356,0.011279834,0.07668512,0.06474155
8749,0,0,0.027411802042079693,5.480177e-05,0.0009802823,0.029552218
8750,0,1,0.1735606117028763,0.24851143,0.08300841,0.17591561
8751,0,1,0.03892413801727404,0.0011553173,8.757145e-05,0.037758157
8752,0,1,0.025079313838982042,2.8043765e-05,1.8464343e-05,0.024905954
8753,0,1,0.18613840918096944,0.27260634,0.05049884,0.18920472
8754,0,0,0.1356124807345938,0.084636495,0.95005566,0.14095405
8755,0,1,0.2111479142522753,0.23415938,0.102779046,0.20817897
8756,0,0,0.043519526360498446,0.0005753368,0.00929627,0.046293132
8757,0,1,0.1603193632445692,0.028687732,0.004894924,0.16098766
8758,0,0,0.05097198009413636,0.00047957993,0.04798262,0.055632863
8759,1,1,0.6628298060966664,0.9999739,0.9998616,0.66517633
8760,0,0,0.02243174360525392,2.9842633e-06,2.8008939e-05,0.023941737
8761,0,1,0.2025863740262501,0.25972483,0.09708099,0.20142983
8762,1,1,0.8346214163012995,0.999998,0.9999883,0.83737856
8763,0,0,0.004044523425268854,2.1192098e-07,7.317277e-06,0.005951659
8764,0,1,0.1642945151166703,0.19532436,0.046547234,0.16701402
8765,0,1,0.015254211745627968,2.5498323e-06,6.5370176e-07,0.01559239
8766,0,0,0.028025268238509777,3.9109316e-05,0.0007140008,0.029612359
8767,0,1,0.09789874906680048,0.014294405,0.0046478244,0.10048388
8768,0,1,0.0021278596058832357,8.348974e-08,4.287286e-08,0.003977964
8769,0,0,0.507775694412244,0.9987569,0.9999944,0.5131022
8770,1,1,0.6479769270689181,0.99999225,0.9999485,0.656292
8771,1,1,0.3756860682117079,0.9687225,0.8644266,0.3727929
8772,0,1,0.1840962745056962,0.35227212,0.04232177,0.18182307
8773,0,1,0.2335724858031149,1.0,0.09710845,0.17797075
8774,0,0,0.018963554628457054,4.9330074e-06,5.641932e-05,0.020150864
8775,0,1,0.40261124727263553,0.99275607,0.9806075,0.40128437
8776,1,1,0.1915798106336263,0.6269184,0.48318824,0.18707305
8777,0,1,0.10297265010833288,0.057767287,0.021780511,0.09651434
8778,1,1,0.4000729026246389,0.9813659,0.95823526,0.4008164
8779,0,1,0.014359551711405037,1.7389158e-06,1.0833057e-07,0.01545414
8780,1,1,0.5738695582841026,0.9998987,0.9994299,0.5835069
8781,0,0,0.006161156364237661,1.1490558e-08,2.484983e-07,0.0070519187
8782,0,1,0.26122617697628026,0.890052,0.51718307,0.25884402
8783,0,0,0.0059400113140640805,2.0662972e-06,2.8212895e-05,0.008565944
8784,1,1,0.6313027351416388,0.99991286,0.99969083,0.6288314
8785,1,1,0.283638565201212,0.8781422,0.57228416,0.2830037
8786,0,0,0.0010994582732543447,7.9894605e-11,2.0389714e-09,0.0016826566
8787,0,0,0.18996688209536008,0.68939596,0.9609135,0.19400762
8788,0,1,0.2881305986779913,0.9592457,0.7107874,0.28888857
8789,0,0,0.05187851090913513,0.0006292852,0.008046197,0.05428808
8790,0,1,0.22741337956397148,0.8332196,0.3651159,0.23272954
8791,0,1,0.024986271735586988,5.0852137e-05,1.1131446e-05,0.02548905
8792,0,1,0.04789635886860272,0.00032735826,1.1257278e-05,0.054010022
8793,1,0,0.9310569723269927,1.0,1.0,0.9156
8794,0,0,0.020170684452598422,0.00017511129,0.00950344,0.022504695
8795,0,1,0.047043825356297045,0.00030560754,0.00017895475,0.048062608
8796,0,0,0.007766878238488485,2.612317e-06,8.4305146e-05,0.01129221
8797,1,1,0.11501748024996607,0.021208584,0.0022069204,0.11884758
8798,0,0,0.0008243662599092563,1.2156864e-11,1.15515916e-10,0.0012684072
8799,1,1,0.7538531910983027,0.99982214,0.9981401,0.7616172
8800,0,1,0.05016258837340894,0.0011608038,1.4663066e-05,0.053460523
8801,1,1,0.34118192391133356,0.97136045,0.8900697,0.33843207
8802,0,0,0.033397772795594326,3.586749e-08,3.1277552e-06,0.019074408
8803,1,1,0.9978505880670591,1.0,1.0,0.9974128
8804,1,1,0.41623469528407425,0.99230057,0.9677661,0.41388655
8805,1,1,0.9960996981371633,1.0,1.0,0.9954329
8806,1,1,0.9999999999999976,1.0,1.0,1.0
8807,0,1,0.4271977039756419,0.9674237,0.7211299,0.43634486
8808,1,1,0.7968781648433204,0.99999917,0.99999774,0.79194534
8809,0,1,0.011211312714979816,4.0384202e-06,1.3163738e-06,0.0150331305
8810,0,1,0.0837133078606863,0.0065395124,0.0033495033,0.083916925
8811,0,1,0.005274781451179956,3.1698935e-05,1.4003312e-05,0.010744767
8812,0,1,0.13683281197441496,0.07864713,0.010143267,0.139987
8813,0,0,0.021446864619070416,9.016412e-06,8.228558e-05,0.023260638
8814,1,1,0.7913262516498879,0.99999976,0.9999989,0.79362935
8815,0,1,0.1682935176647301,0.255249,0.018301278,0.17932257
8816,0,1,0.20357745476894393,0.6170932,0.092854165,0.20821208
8817,1,1,0.2881508118747158,0.97384787,0.8612788,0.29605567
8818,0,1,0.0200767174393364,3.8973867e-05,5.4292454e-06,0.025784642
8819,1,1,0.15678068898258624,0.14977504,0.032463215,0.15964234
8820,0,1,0.1358443957234817,0.0064241174,0.0010791204,0.13003436
8821,0,0,0.0030760031212481065,1.9715403e-09,3.8213457e-08,0.0038320324
8822,1,1,0.6701608836731522,0.9997626,0.99902976,0.67089784
8823,0,1,0.8927106876372688,1.0,1.0,0.8916912
8824,1,1,0.5245098940496833,0.6095187,0.57738435,0.54034877
8825,0,0,0.011940621860183775,4.240291e-06,4.5915596e-05,0.01370272
8826,0,1,0.10862084941916968,0.023002781,0.0059585543,0.11107276
8827,0,1,0.0029434238907785765,4.919289e-08,1.0742641e-08,0.0046314895
8828,0,0,0.00793800644789799,8.575279e-08,1.0444576e-06,0.008775612
8829,1,1,0.8614118021020704,0.9999982,0.9999801,0.8625316
8830,0,1,0.2355524135110708,0.73626906,0.32489344,0.2327423
8831,0,0,0.01594672104860113,6.72218e-06,9.8325756e-05,0.016747931
8832,0,0,0.06992638943644305,0.0061603943,0.11688518,0.06957723
8833,0,0,0.015333134256762228,6.5342656e-06,0.00012548856,0.0161036
8834,0,0,0.00041440538617901917,3.4359666e-12,5.5837796e-11,0.0007297018
8835,0,0,0.11634556093491334,0.045045327,0.54653394,0.122384846
8836,0,1,0.0019676708579679353,4.086626e-09,1.0762365e-09,0.0031385648
8837,1,1,0.23067738254880304,0.52429694,0.30526364,0.2334908
8838,1,1,0.450260505919706,0.9996407,0.998684,0.47404996
8839,0,1,0.3788161134109099,0.9929367,0.9747321,0.36722407
8840,0,1,0.3126774181382779,0.93475777,0.7822267,0.31421325
8841,0,1,0.02083203737624877,0.0025339455,0.0003460264,0.028965613
8842,0,1,0.19672872211510012,0.31359953,0.05008309,0.19866678
8843,0,1,0.013541903497115227,1.1655111e-06,7.6613325e-08,0.0146647785
8844,0,0,0.0206064503666091,0.010079367,0.2153846,0.0392973
8845,1,1,0.7756892338992624,0.99999714,0.9999777,0.773206
8846,0,1,0.010205231033075217,1.5619893e-06,6.9863273e-07,0.013505758
8847,1,1,0.24189519607574297,0.72088075,0.32977566,0.24338849
8848,0,1,0.16184880588890066,0.24669193,0.046466652,0.16746151
8849,0,1,0.24585522459979345,0.72260225,0.5234814,0.23852825
8850,0,1,0.0945011533803859,0.004904512,0.0005879298,0.09879867
8851,0,1,0.2977283586047771,0.909045,0.84412026,0.29508314
8852,0,0,0.037774047296856315,0.00014569036,0.004363061,0.03972478
8853,0,0,0.008393720185197889,3.682804e-08,3.684951e-07,0.008884059
8854,0,0,0.018656696790543787,7.259968e-06,4.4596745e-05,0.019108234
8855,0,1,0.001710679865525387,1.6247534e-10,3.9499657e-11,0.0024520678
8856,0,0,0.06027865897093934,0.019822596,0.123023756,0.06229461
8857,1,1,0.9961833900153731,1.0,1.0,0.99548656
8858,0,0,0.008759398307994118,1.1535755e-07,2.2038596e-06,0.009262611
8859,0,1,0.6733223496048425,0.9999664,0.9997754,0.67065316
8860,0,1,0.002968144785036949,1.221273e-08,6.833099e-10,0.0044055074
8861,0,1,0.052047535752119296,0.00016075539,5.1591025e-05,0.049289715
8862,1,1,0.8483605241595439,0.99988735,0.9993988,0.83609045
8863,0,1,0.7548375953817623,0.9999995,0.99999714,0.75209683
8864,0,1,0.05404849997794968,0.0013396312,0.00033829888,0.054774497
8865,0,0,0.009765406556327487,1.0620163e-07,9.92513e-07,0.010521677
8866,0,1,0.025430488571650704,0.00018866626,1.2861098e-05,0.03511925
8867,0,1,0.004499933917769214,1.8989809e-07,1.01180095e-08,0.006712877
8868,0,1,0.33938367300933825,0.9834294,0.9204875,0.33066443
8869,0,0,0.018332511974881685,1.2079818e-06,9.5852e-06,0.019497493
8870,0,1,0.207661647988133,0.30023676,0.16056286,0.20762567
8871,0,1,0.0708418735233853,0.0014895997,0.00027108792,0.073858246
8872,1,1,0.586362315277198,0.999741,0.9989034,0.58533883
8873,0,1,0.026352154767850338,1.2255277e-05,7.915941e-06,0.02613942
8874,1,1,0.6252050674756775,0.9997621,0.9985002,0.62530696
8875,0,1,0.21999470655826864,0.56742126,0.16396128,0.22164327
8876,1,1,0.9978808722254222,1.0,1.0,0.9974456
8877,0,0,0.006932782209623463,3.8780666e-08,1.0382438e-06,0.0075640497
8878,0,1,0.006482948029469536,8.99472e-08,7.1085864e-08,0.0087835835
8879,1,1,0.2595419120880573,0.7736189,0.36939052,0.2616174
8880,0,1,0.15699282045745672,0.2002436,0.017010806,0.16606702
8881,1,1,0.4813325549743937,0.99794275,0.9891585,0.47784775
8882,0,1,0.5572511032736754,0.99950373,0.8600567,0.55858064
8883,1,1,0.5804846258801135,0.9999703,0.9998971,0.5989318
8884,1,1,0.06169554532886698,0.0013944934,0.00015883343,0.06503531
8885,1,1,0.4229452148492979,0.99153876,0.9473437,0.43231824
8886,0,1,0.0015034380580372275,1.5490026e-10,3.4292378e-11,0.0021507915
8887,0,0,0.003121153092758729,2.0244947e-08,4.7607696e-07,0.0046654083
8888,0,1,0.6928644317579744,0.999967,0.9999157,0.69709593
8889,0,1,0.06981531772568386,0.0033606612,0.00059120834,0.06667069
8890,1,1,0.9989817752019354,1.0,1.0,0.99875927
8891,1,1,0.5439231866435323,0.99756026,0.99109054,0.5456646
8892,0,0,0.020333099897296706,0.009825197,0.19268414,0.038658068
8893,0,1,0.024477552768581486,1.0309059e-05,3.3046952e-06,0.024501687
8894,1,1,0.4521113427237543,0.9996247,0.997225,0.45622802
8895,0,1,0.16260516956688997,0.16736121,0.02066694,0.16227739
8896,0,1,0.05043635135281486,0.00048783363,0.00013036604,0.049905885
8897,0,1,0.3290937947285702,0.9623838,0.8456789,0.33020946
8898,1,0,0.16071373854869314,0.8002851,0.9893645,0.17092521
8899,0,1,0.07916563996963842,0.045782097,0.0054625166,0.084563345
8900,0,0,0.014697203073319159,1.4158362e-06,2.6604443e-05,0.018337118
8901,0,1,0.12893832135086897,0.0055362275,0.0039048549,0.12507185
8902,1,1,0.7005617169437794,0.9999664,0.9997162,0.6978896
8903,0,0,0.20799057060230022,0.7214817,0.99628544,0.23173486
8904,1,1,0.3489166997007806,0.9762758,0.91090906,0.34594294
8905,0,1,0.13459283708589917,0.015853312,0.0046783304,0.13329132
8906,0,0,0.07616511914486929,0.07216777,0.6585903,0.08411819
8907,0,1,0.0025359243396650788,9.989022e-08,4.8638057e-08,0.0046810494
8908,1,0,0.6336901872088173,0.99990726,0.9999993,0.63172483
8909,1,1,0.6690437088556495,0.9999498,0.99968404,0.66555107
8910,0,1,0.41674213963693185,0.99862444,0.9981274,0.4027532
8911,0,1,0.40633221770125605,0.9990269,0.7952159,0.40862644
8912,0,0,0.013082920266898775,3.182118e-07,1.1767955e-05,0.014389103
8913,0,0,0.013912751093429845,5.012612e-06,4.5167835e-06,0.014964901
8914,0,1,0.0795745912696503,0.008479332,0.003951601,0.07756812
8915,0,0,0.009560828600756547,1.9455162e-07,2.0131124e-06,0.010447206
8916,0,1,0.22423929205530815,0.4616107,0.26276252,0.22773041
8917,0,0,0.06545061162368034,0.0092736585,0.094187446,0.06956085
8918,0,1,0.030295630705783515,1.11303625e-05,3.606297e-06,0.029821536
8919,0,1,0.0038278892154795293,3.3689183e-08,5.62656e-09,0.005388481
8920,0,1,0.005083861279101463,2.467195e-07,8.24428e-08,0.0070691053
8921,0,1,0.009808339081592933,0.000106271975,4.727344e-05,0.01735712
8922,0,0,0.003478231988058546,2.5664464e-11,7.026767e-10,0.004549118
8923,0,1,0.023616167697615018,2.7467277e-06,1.2994033e-06,0.023803651
8924,0,0,0.012927336456020974,1.4871724e-06,4.4438562e-05,0.014179923
8925,0,1,0.6411572234461876,0.99996006,0.9995865,0.644343
8926,0,0,0.006738599147780866,2.0364615e-08,1.9769398e-07,0.007619512
8927,0,1,0.005809198498365287,6.216173e-06,1.339503e-06,0.009195484
8928,0,1,0.1831843654518516,0.20382766,0.030237377,0.18626499
8929,0,1,0.009843339820070485,3.5685982e-05,2.7378308e-06,0.014526667
8930,0,1,0.3106485226301291,0.9105632,0.53352904,0.30959383
8931,0,1,0.00223472774184421,1.8493514e-09,3.4832093e-10,0.0032131881
8932,0,1,0.32385349750225306,0.9843896,0.95470303,0.32285953
8933,0,1,0.06991040196587849,0.0020092956,0.00074133,0.072378784
8934,0,0,0.011803184593299267,4.7835516e-07,7.8815165e-06,0.012732409
8935,0,1,0.22851968604736303,0.7490536,0.2421653,0.22708952
8936,0,0,0.02229869670208363,1.34778065e-05,0.00023506343,0.024700882
8937,0,1,0.0188768256812586,0.00028473395,0.00014537646,0.025422817
8938,0,1,0.03519206109739332,0.00012447876,7.717922e-05,0.03494504
8939,0,1,0.27619396186171047,0.84975874,0.5886278,0.2784538
8940,0,1,0.0012239643586108493,3.3225648e-11,5.2298387e-12,0.0017363911
8941,0,0,0.0047255372591986705,4.0023895e-09,6.008954e-08,0.0052930145
8942,0,0,0.013517793500264786,3.786256e-05,0.0010123979,0.020952094
8943,0,0,0.002292337868965087,2.6857092e-09,6.535547e-08,0.0034275448
8944,0,0,0.04327743530699364,0.00022252434,0.0026515522,0.057219595
8945,0,1,0.06859199007732954,0.00489376,0.0010942463,0.06487699
8946,0,1,0.011732550756165555,5.9776096e-07,4.9630284e-08,0.012781082
8947,0,1,0.05223492132774518,0.0003002526,4.3784697e-05,0.051854163
8948,0,1,0.004871106233238017,8.316804e-08,2.1831505e-08,0.006528549
8949,1,1,0.9600037229425453,0.9999999,0.99999964,0.956634
8950,0,0,0.0198132478559819,1.0271043e-05,7.8545825e-05,0.020502359
8951,1,1,0.777797426588438,0.99999833,0.9999863,0.7765611
8952,0,1,0.15995271324773913,0.08907141,0.030188637,0.18314117
8953,0,0,0.03043306025043985,5.6459427e-05,0.0025531482,0.0317585
8954,0,0,0.225901337598416,0.8294124,0.9986588,0.23574577
8955,0,1,0.15556909269802152,0.09775526,0.046692953,0.09123898
8956,0,0,0.05449010152493822,0.0019489289,0.014800196,0.05934795
8957,0,1,0.11838359450808357,0.05334539,0.029444767,0.11724803
8958,0,0,0.0015009395874424607,6.322607e-11,8.941911e-09,0.0027664576
8959,0,0,0.01659406698320356,1.0704969e-05,0.00020912962,0.017342007
8960,0,1,0.1289515769967959,0.04036502,0.03674802,0.12757194
8961,0,1,0.0026228850898609843,4.8085873e-09,7.110383e-10,0.0037257525
8962,1,1,0.9809513504428653,1.0,1.0,0.98049486
8963,0,0,0.018248004826481652,2.5317759e-06,2.962095e-05,0.018825423
8964,0,1,0.09757534560213386,0.029727727,0.01563515,0.095163636
8965,0,0,0.008982149671123178,0.0001913835,0.002489409,0.017363252
8966,0,0,0.00358157092536689,2.4363771e-08,3.6040237e-07,0.005386409
8967,0,1,0.02143812521247559,7.3788246e-06,2.7534364e-07,0.022411192
8968,0,1,0.4048158951976633,0.98221785,0.86972195,0.41000056
8969,0,1,0.2632019582266658,0.8427929,0.50650555,0.26507685
8970,0,0,0.09468843922808194,0.0867431,0.636116,0.101730324
8971,0,1,0.4012722597489495,0.9985514,0.99378383,0.28705573
8972,1,1,0.8501695717303853,0.9999968,0.9999889,0.8530525
8973,1,0,0.8750433337896342,0.99999857,1.0,0.8756251
8974,0,1,0.031716132058085995,0.00011976154,4.2310552e-05,0.031022394
8975,0,1,0.27330167083773915,0.7379094,0.310371,0.26837465
8976,0,1,0.41174592210784944,0.9953069,0.99074286,0.409467
8977,0,1,0.31548950141127646,0.9110644,0.6194695,0.3176997
8978,1,1,0.856397752005955,0.99988925,0.999559,0.8491563
8979,0,0,0.005254410723536446,1.0954129e-07,4.3929444e-06,0.008030695
8980,0,1,0.6718957200683982,0.99993324,0.99986863,0.6699528
8981,0,0,0.0049526197169719515,3.4611178e-09,8.788855e-08,0.005606877
8982,0,1,0.1090349397692087,0.04269493,0.045189988,0.10403289
8983,0,1,0.3662517714452668,0.9643337,0.7850798,0.37181106
8984,0,1,0.42618111026846267,0.9980848,0.99192506,0.4270006
8985,0,0,0.019158960295524916,1.4111631e-05,0.00036246388,0.020819094
8986,0,0,0.18393654447507773,0.48933104,0.8940093,0.18824476
8987,0,1,0.13003629006173184,0.081824034,0.0071436483,0.119081125
8988,1,1,0.652715349200156,0.999962,0.9998306,0.64547795
8989,0,0,0.028058434035743884,0.000109508794,0.005610664,0.030108996
8990,0,1,0.34888619894388506,0.9866855,0.89840794,0.3433185
8991,1,1,0.2817149803733285,0.940123,0.88005525,0.27638167
8992,0,1,0.048390178064556255,0.0008426034,0.00033651124,0.048143543
8993,1,1,0.37204413612023296,0.8672864,0.8092012,0.33813292
8994,0,1,0.03709245464312591,0.00045289056,8.532437e-05,0.036115333
8995,0,1,0.051844210438600186,0.0017097472,1.9694833e-05,0.054216333
8996,0,0,0.0006846188879006679,2.36462e-10,4.080232e-09,0.0012262879
8997,0,1,0.24556059264465155,0.69396406,0.26906547,0.24656738
8998,0,0,0.0017611387028036796,1.2118498e-08,1.7438097e-07,0.0030366988
8999,0,0,0.004564424989865781,2.9335396e-08,6.6983654e-07,0.0057766954
9000,0,0,0.0016589904503651477,9.867647e-10,1.0110292e-08,0.0024261938
9001,1,0,0.4025894217060059,0.9915154,0.9999441,0.40586925
9002,0,0,0.1463575904426829,0.8744737,0.9738979,0.16945668
9003,0,1,0.2940311105059761,0.8052677,0.6112086,0.29527402
9004,0,1,0.34026610524554457,0.98827595,0.8710964,0.35208428
9005,0,0,0.001831028955628554,1.5873104e-09,2.3294769e-08,0.002802928
9006,0,1,0.021027705045582934,8.085566e-06,4.0076551e-07,0.021961309
9007,0,1,0.006700371288445496,1.0442017e-06,2.5915352e-07,0.00904869
9008,1,1,0.6406592333554673,0.99993193,0.9995375,0.64170796
9009,1,1,0.6269127649952011,0.9974554,0.97003406,0.6222858
9010,0,1,0.03264496078190738,0.0007033428,0.00018193673,0.0367795
9011,1,1,0.8349542402039682,1.0,0.9999999,0.8415618
9012,0,1,0.01198344713696309,6.887394e-07,5.6350256e-08,0.013027544
9013,0,1,0.40112369707176027,0.99238414,0.9584435,0.39682975
9014,0,0,0.12823922723025294,0.6990229,0.95024014,0.14496292
9015,0,0,0.004064754021213115,6.7202017e-09,1.6939167e-07,0.005142223
9016,1,1,0.8112051389920121,0.99999595,0.9999826,0.80905336
9017,0,0,0.008736046892039244,2.3297663e-07,3.2884813e-07,0.009443732
9018,0,0,0.004261403458249287,3.3447851e-09,6.9599736e-08,0.0046826913
9019,0,1,0.17603908309299185,0.34402218,0.0057415487,0.17594455
9020,0,1,0.3827993223363457,0.99056727,0.94481385,0.38265863
9021,1,0,0.9950770369848695,1.0,1.0,0.99427587
9022,0,0,0.0022529800936129194,6.9407884e-09,8.2574054e-08,0.0034497087
9023,0,1,0.002063756137895138,7.217738e-11,6.6411925e-11,0.0022073784
9024,0,1,0.2631219533416084,0.90679723,0.7076091,0.25508395
9025,0,1,0.007488698450709081,2.2142945e-06,4.2959059e-07,0.01001342
9026,0,1,0.007587796663355535,2.1949556e-06,5.8938826e-07,0.010185876
9027,0,1,0.22418209348246282,0.64947206,0.24487281,0.22234553
9028,0,0,0.002360164701866277,1.644932e-09,3.6634397e-08,0.003490121
9029,0,1,0.34159375570993694,0.9772701,0.8131047,0.33299053
9030,0,1,0.26800333234232915,0.9094251,0.7959326,0.25920692
9031,1,1,0.5338984169669339,0.84695226,0.6804365,0.5784803
9032,1,1,0.35106562167187877,0.97900826,0.9157554,0.34999812
9033,0,1,0.08926947815909597,0.022148643,7.078499e-05,0.0930653
9034,0,1,0.8687450877770657,1.0,0.9999999,0.8666364
9035,0,0,0.008285885450803113,1.0399502e-06,4.855533e-06,0.009484208
9036,0,1,0.5286616198562222,0.9994411,0.99671704,0.5266506
9037,0,0,0.0002779282626524195,4.823637e-15,6.739593e-14,0.0005023652
9038,1,1,0.2945826935096209,0.029262554,0.017586347,0.27618966
9039,0,0,0.006292459999530348,1.8779078e-06,4.490538e-05,0.009367976
9040,0,1,0.014094473277672024,2.5634039e-05,1.3643679e-06,0.017926358
9041,0,1,0.03909231991843693,0.001280884,0.0007027371,0.039958473
9042,0,1,0.0021545912640336838,4.5903228e-08,2.9864087e-09,0.004362227
9043,0,0,0.0008576219420136636,4.831944e-11,5.7872757e-10,0.0013515636
9044,0,1,0.14515506530293573,0.114267044,0.01338378,0.15018737
9045,0,1,0.4967338833579596,0.99923193,0.99582475,0.5065855
9046,0,1,0.0020335760630847176,1.02652664e-10,3.7141457e-12,0.0023965393
9047,0,0,0.02603349143681911,0.0013708423,0.021096226,0.03814243
9048,0,1,0.11710171101521868,0.072115235,0.007408233,0.103004314
9049,0,1,0.05553404459303469,0.0011192274,0.00025056012,0.053352997
9050,1,1,0.6997667319424683,0.9999826,0.99992645,0.69574493
9051,0,0,0.053464847593730234,0.0012437477,0.068551235,0.058284227
9052,0,1,0.7392628662811737,0.99999297,0.9999714,0.73541796
9053,0,0,0.00988417872864309,1.8366468e-06,2.45317e-06,0.0154691655
9054,0,1,0.2504456531866565,0.75893,0.19325449,0.25915328
9055,0,1,0.010242338022696276,1.0422919e-07,2.6432454e-08,0.010551037
9056,0,1,0.016288822048525976,6.0867347e-05,1.7539902e-05,0.022556294
9057,0,0,0.03866218859401186,0.00573899,0.21750952,0.05558555
9058,0,1,0.33361365089096484,0.95508254,0.7972484,0.33406323
9059,1,1,0.36072258817992686,0.83930624,0.36092559,0.3675433
9060,1,1,0.6592910240072362,0.99994206,0.9998703,0.6592892
9061,0,0,0.011603110032117636,2.6457317e-05,0.00058454124,0.017371409
9062,0,0,0.0012406177233992039,1.4025979e-10,1.8370537e-09,0.0019125756
9063,0,1,0.23284364252202805,0.7154203,0.15950644,0.22831811
9064,0,1,0.38543878943519755,0.9906507,0.94260323,0.38513702
9065,0,1,0.016324801059918105,3.071637e-05,3.0322215e-06,0.022191733
9066,1,1,0.4868116989823541,0.99821883,0.990475,0.48280987
9067,0,0,0.021078184864661068,2.6624264e-05,0.0004196227,0.02205086
9068,0,0,0.0032040735415466543,7.2832224e-10,1.2229746e-08,0.0035053666
9069,1,1,0.8026839575319131,0.9999989,0.9999918,0.8000052
9070,0,0,0.17539811971358008,0.18563834,0.9739842,0.18296954
9071,1,1,0.8076142616493709,0.999998,0.99998415,0.81122565
9072,0,1,0.3476960210687022,0.88488173,0.6370817,0.33734417
9073,0,0,0.09420533003917468,0.012268409,0.31128296,0.10126107
9074,0,1,0.015706744626101696,5.101464e-06,1.7941317e-06,0.022095365
9075,0,1,0.0037246944774966904,2.419872e-07,4.8056094e-08,0.005875134
9076,0,1,0.0012642895678047785,3.5454184e-10,3.7568087e-12,0.0018012398
9077,0,0,0.014238818511155852,1.6044321e-06,2.1150892e-05,0.01555004
9078,0,1,0.38432068195833474,0.9868999,0.953792,0.37871274
9079,1,1,0.8597128895887953,0.9999995,0.99999845,0.8609912
9080,1,1,0.5672182051397042,0.99849343,0.9966769,0.5672006
9081,0,1,0.005768281000398737,8.155388e-06,2.4195817e-06,0.010139195
9082,0,1,0.0007827924596713187,3.6338211e-12,7.4695214e-13,0.0011275036
9083,0,1,0.015463595539108985,1.244332e-06,4.8012765e-07,0.01561029
9084,0,1,0.6672481825769462,0.99982786,0.99968284,0.66254336
9085,0,1,0.02387768547923971,1.0313288e-05,3.4898144e-06,0.023880018
9086,1,1,0.05135257623541404,0.00012655034,4.9200968e-05,0.055027306
9087,0,0,0.011468712826929916,7.5678435e-07,3.051474e-05,0.012335891
9088,0,1,0.10740056505016318,0.020632248,0.0056695617,0.11014535
9089,0,1,0.04109817286772874,0.00024625962,1.9038811e-05,0.04166489
9090,0,0,0.0021433227034522834,2.2622602e-11,4.1311463e-10,0.002415775
9091,0,0,0.18551920990863505,0.29099473,0.97128725,0.18501331
9092,0,1,0.1865672856835376,0.32718343,0.08828449,0.18687508
9093,0,1,0.012199505687461315,1.0626908e-06,5.6442526e-09,0.012848425
9094,1,1,0.9536140917615846,0.9999999,0.99999917,0.9499769
9095,0,0,0.10898771935173802,0.09937249,0.34004274,0.10267146
9096,1,0,0.7397340571015782,0.9999924,1.0,0.7429717
9097,0,1,0.002321226956393113,8.429391e-09,7.517685e-10,0.0033803936
9098,0,1,0.06232580886595406,0.0056754705,0.0039547235,0.061606113
9099,0,1,0.012648531596293106,2.6414813e-05,9.539121e-06,0.017250156
9100,0,0,0.01649755755514482,6.775109e-06,0.00019295688,0.020179449
9101,0,0,0.07976030610841765,0.0045968387,0.061551005,0.08305379
9102,0,0,0.03916758157360811,0.00020239424,0.0065078977,0.04029714
9103,0,1,0.007991297306904488,2.5361484e-08,6.444402e-09,0.0082432795
9104,0,1,0.023911483326389094,2.0468517e-05,1.3710324e-05,0.023840824
9105,0,1,0.3533857778945885,0.99456704,0.978994,0.35576487
9106,0,0,0.007826386592107588,6.341312e-08,2.574526e-06,0.008713064
9107,0,1,0.07803339827246017,0.05483748,0.009579366,0.080834776
9108,0,1,0.3751520200032243,0.94690716,0.83372754,0.3831801
9109,0,0,0.0017939540384307644,1.3343957e-08,1.9929526e-07,0.0030936277
9110,0,1,0.0011949249626982687,1.5818596e-11,2.7586661e-12,0.0017015646
9111,1,1,0.4926491922589651,0.9985379,0.99188566,0.49077666
9112,1,1,0.3444508383860585,0.98663604,0.94095266,0.33862308
9113,0,0,0.12050311303477082,0.12000163,0.5323203,0.13057603
9114,0,1,0.650655524328539,0.99998045,0.9998735,0.6464166
9115,0,1,0.10376410897145429,0.04044516,0.01477395,0.10095588
9116,0,1,0.4331818481435851,0.99920785,0.9960251,0.43656433
9117,0,1,0.1005668048295943,0.006416224,0.0005230772,0.1045055
9118,0,0,0.05926117369947755,0.002137365,0.084722295,0.064374596
9119,0,0,0.011162245912219362,7.978703e-07,2.9198436e-05,0.01187819
9120,0,1,0.26383029347277853,0.96167254,0.8288077,0.27268255
9121,0,1,0.27585198888553664,0.78512233,0.35302097,0.27770585
9122,0,1,0.006786584792575131,9.664511e-07,2.329311e-07,0.009423497
9123,1,1,0.4186819694823407,0.9908584,0.9610526,0.42118263
9124,1,1,0.6351348922254592,0.9994761,0.9977939,0.62879366
9125,0,1,0.3100926231205958,0.43974856,0.16982764,0.20595406
9126,0,0,0.0017984502582602756,2.092188e-08,3.0920953e-07,0.003130031
9127,0,0,0.011336664607489567,8.8439754e-07,1.9393641e-05,0.011534101
9128,0,1,0.714681842364804,0.9999386,0.9995166,0.72755456
9129,0,1,0.21705866950728317,0.7172406,0.15970242,0.21805918
9130,0,0,0.06937828981160879,0.025850775,0.17568101,0.07829526
9131,0,0,0.0159042128733845,4.579375e-06,0.00018539112,0.017191961
9132,0,0,0.15312713171313613,0.32813993,0.93872666,0.16007444
9133,0,0,0.08056036764053516,0.07412511,0.29711363,0.0931757
9134,1,1,0.8640212285039802,0.9999968,0.9999881,0.86491483
9135,0,0,0.006452708621718347,5.8923457e-09,7.1555036e-08,0.0071819015
9136,0,0,0.00134499190940134,2.7722777e-10,2.8335108e-09,0.0020753683
9137,0,1,0.0030393731089277277,8.617611e-09,2.482268e-10,0.004275863
9138,0,0,0.026809227432529118,4.9326496e-05,0.0002983223,0.028059749
9139,0,1,0.015745742572528098,0.0016810697,1.2423765e-05,0.022062033
9140,0,0,0.0338817114480838,0.00018162509,0.006768331,0.035140384
9141,0,1,0.18505725980649027,0.3567394,0.11428178,0.18735814
9142,0,0,0.012763816058689374,2.23164e-06,3.6085625e-05,0.013491928
9143,0,1,0.1269552999976964,0.053706538,0.015015411,0.12533264
9144,0,0,0.14856674910925274,0.10897448,0.8355422,0.1598761
9145,0,1,0.3429302567308737,0.9888888,0.95970243,0.3459241
9146,0,0,0.01216204065975163,1.7335443e-06,2.7835751e-05,0.01244885
9147,1,0,0.7135798557774554,0.99998224,1.0,0.7162518
9148,1,1,0.9154254242636012,0.9999999,0.99999976,0.91289175
9149,0,0,0.121389664100286,0.056243595,0.36377206,0.1258513
9150,1,1,0.7402542440834562,0.99998486,0.9999616,0.74481255
9151,0,0,0.02642312515340183,6.737858e-05,0.0020893598,0.028307237
9152,0,1,0.2837648334291274,0.8150283,0.5221696,0.28134522
9153,0,1,0.11840509477249853,0.028861161,0.0002875559,0.12001573
9154,1,1,0.9757019605876678,1.0,1.0,0.97305906
9155,0,0,0.0181048879183742,4.006107e-06,4.3689935e-05,0.019750971
9156,0,0,0.013005326970843998,1.7746539e-06,1.2699209e-05,0.015147038
9157,0,1,0.38476846310240215,0.9927937,0.94002867,0.3944081
9158,0,0,0.001381403564444712,3.2351052e-10,3.3900527e-09,0.0021295687
9159,0,0,0.015462464855306095,9.1624355e-07,5.6827766e-06,0.016909784
9160,0,0,0.0009775246208302446,2.791218e-11,2.2978222e-09,0.0020310606
9161,0,1,0.09174103876732777,0.006051072,0.0010860509,0.09494544
9162,0,1,0.0247329654437443,3.2588265e-05,2.719907e-05,0.024486108
9163,0,0,0.006691922212684245,9.066906e-09,6.2421535e-08,0.006620258
9164,0,1,0.012372358398106902,9.772261e-07,6.4159025e-08,0.013460788
9165,0,0,0.08693618655740253,0.0005300236,0.043799292,0.110420555
9166,0,1,0.0014142868235434759,5.692621e-10,3.030601e-11,0.002173034
9167,0,1,0.14719650027117048,0.1295832,0.026497133,0.14727056
9168,0,0,0.0011144144079472905,6.084304e-10,9.192823e-09,0.0019211603
9169,1,1,0.047482610805733766,0.01541999,0.002804668,0.061966278
9170,1,1,0.34886609011152264,0.9267794,0.85920155,0.34838942
9171,1,1,0.7498263164485852,0.9999981,0.9999937,0.7435461
9172,0,1,0.6107614969396382,0.99997735,0.9999579,0.6086652
9173,1,1,0.20063608793233317,0.6612505,0.102358066,0.21281654
9174,0,0,0.0018819483842896197,1.1377758e-09,6.392937e-08,0.0028712486
9175,1,1,0.31662985595591986,0.9776053,0.9186516,0.3300953
9176,1,0,0.9999999999999576,1.0,1.0,1.0
9177,0,0,0.013449577313116114,0.00030611028,0.015134211,0.025625266
9178,1,1,0.4060578024932865,0.94341654,0.7251438,0.41213503
9179,0,1,0.12608489960284117,0.024496809,0.0068983277,0.12682924
9180,0,1,0.001197119387673116,1.129208e-09,3.6486947e-10,0.0019623514
9181,0,0,0.013892833600479793,8.875982e-07,6.8952086e-06,0.015248635
9182,0,0,0.04755926187673783,0.123284936,0.48319727,0.06375503
9183,1,1,0.6634657754206009,0.9999478,0.9996134,0.6615274
9184,1,1,0.3978688197637303,0.9538322,0.37701538,0.42088497
9185,0,1,0.0030122529612305205,3.7707806e-11,1.891545e-11,0.00310514
9186,0,0,0.04470131088239181,0.00044952534,0.023109725,0.046208207
9187,0,1,0.03532119102036003,0.06329704,0.022471083,0.04860875
9188,1,1,0.346749317951721,0.97232956,0.77131915,0.35487363
9189,1,1,0.9038697500407589,0.99999976,0.9999975,0.9042318
9190,1,1,0.38451173067032013,0.98709035,0.9478667,0.38161558
9191,1,1,0.6558352699500595,0.9999758,0.99990475,0.65175575
9192,0,1,0.21477556615460783,0.11016603,0.0044744443,0.22544265
9193,0,1,0.0029536146714167315,1.1987923e-07,1.435485e-07,0.0053982064
9194,0,0,0.025376578742349706,4.4086955e-05,0.0003710153,0.025736969
9195,0,1,0.44424349051119383,0.98421824,0.879784,0.44325548
9196,0,0,0.0059056349303348524,1.8584477e-07,4.6244472e-06,0.0071534254
9197,0,1,0.0012713158080047578,2.0410813e-08,7.0364403e-09,0.0026988664
9198,0,1,0.005413527974372469,1.4460443e-07,3.4117907e-08,0.007406259
9199,0,0,0.0037305110836041073,1.72831e-07,2.0216835e-06,0.005457693
9200,0,1,0.018372261297506836,5.5229434e-06,3.7790167e-07,0.019754093
9201,0,1,0.010088495131803925,6.9267827e-09,1.0756543e-08,0.012353087
9202,0,1,0.6612600491240773,0.9981964,0.97986495,0.65340024
9203,0,1,0.008880618409567026,1.2398316e-07,9.625184e-08,0.0091004735
9204,0,1,0.016426275925960365,1.3078774e-05,1.18930975e-05,0.023202613
9205,1,1,0.46335267264270147,0.9965006,0.98522305,0.4575278
9206,0,0,0.0018869298408968865,1.9829256e-09,1.2019398e-08,0.0029173028
9207,0,1,0.1317352646498196,0.62799495,0.42860365,0.1510272
9208,1,1,0.2729861265189571,0.57266766,0.23116398,0.2676932
9209,0,1,0.34498089901998163,0.95796543,0.6818071,0.3434388
9210,0,0,0.0682010826886935,0.0017904541,0.018645227,0.07267113
9211,0,1,0.3232927450848025,0.96972805,0.5436741,0.33664557
9212,0,1,0.003228422221817455,2.5198662e-07,8.8235396e-08,0.006005548
9213,0,0,0.005260359555477067,3.351887e-09,2.5824333e-08,0.0057605933
9214,1,1,0.9695369254833114,1.0,1.0,0.9650688
9215,0,1,0.18186257218747473,0.23417307,0.10900334,0.17843018
9216,0,0,0.08087425895381578,0.030111015,0.294413,0.082957245
9217,0,0,0.07365899635391612,0.007513624,0.14603841,0.075790465
9218,0,0,0.00021977166701627992,3.3952634e-08,3.4214895e-11,0.0009842494
9219,0,1,0.3115524745556774,0.92029846,0.68257743,0.31175008
9220,0,1,0.5256988606750812,0.9993881,0.99708587,0.5323288
9221,0,1,0.013819668922189502,8.7680735e-07,3.0301612e-07,0.013965274
9222,0,0,0.0019331943494965236,2.0009505e-08,3.375605e-07,0.0033315478
9223,0,0,0.0013210501717679005,4.9851838e-11,8.412025e-10,0.0017057809
9224,0,1,0.005066363983697383,1.8824449e-09,5.5518384e-10,0.0050512026
9225,0,0,0.0022188582888253306,4.0469575e-05,9.816068e-07,0.008978799
9226,0,1,0.0014091273761888633,6.8861533e-10,4.886515e-11,0.002160836
9227,0,0,0.032444998233443816,0.00016066771,0.001351673,0.03720146
9228,0,1,0.016420545082471788,3.5512807e-05,1.5785647e-05,0.021750268
9229,0,1,0.025769406619357643,0.005197113,0.0010104688,0.03615969
9230,0,1,0.012388159335953948,2.1037475e-05,8.791713e-06,0.016899362
9231,0,1,0.2058804852400489,0.5765351,0.11102708,0.20890482
9232,0,1,0.05063980581621713,0.001561617,0.0010210371,0.048976354
9233,0,1,0.06979027087786245,0.015445573,0.0045283544,0.08085477
9234,0,0,0.010027775695197203,3.6542833e-08,1.5199022e-06,0.011155674
9235,0,0,0.1972742384648694,0.109212376,0.44457904,0.128672
9236,0,1,0.16635282242483979,0.21283108,0.05023281,0.16880302
9237,1,1,0.796737200153237,0.99999666,0.99998534,0.799007
9238,0,0,0.010390802902655613,7.1162094e-07,1.1866304e-05,0.011063914
9239,1,1,0.39913196490947045,0.98695254,0.92619056,0.3987997
9240,1,1,0.37738957268172096,0.9846907,0.9196004,0.38272578
9241,1,1,0.3079458173093372,0.93170375,0.7514814,0.30698997
9242,0,1,0.2884645897147461,0.94600654,0.7280457,0.28562665
9243,0,0,0.004721270250304841,2.1453728e-07,8.503128e-06,0.0070693563
9244,0,0,0.01647180571475462,1.036108e-05,0.00020702247,0.017395085
9245,1,1,0.5668479921211362,0.9999105,0.99974495,0.5685538
9246,0,0,0.00862190949745346,2.0450607e-07,7.205442e-06,0.009530188
9247,0,1,0.34627281479176103,0.8278451,0.5526051,0.3450075
9248,0,1,0.29865727685462107,0.9667404,0.37784562,0.2959908
9249,0,0,0.003583448987839668,1.4218534e-07,1.4897813e-06,0.005235565
9250,1,1,0.23373834548868372,0.77439064,0.2444183,0.23034044
9251,1,1,0.49457132191160996,0.99857295,0.9919436,0.4895136
9252,0,1,0.08066184243126862,0.0066588214,0.0015055257,0.084479496
9253,0,0,0.0058729953976113395,8.319026e-08,4.667754e-06,0.0069809733
9254,0,0,0.14973348506677783,0.011149154,0.2393596,0.15304719
9255,0,1,0.2117895905333241,0.6253413,0.1203307,0.20920382
9256,0,1,0.11927884171223177,0.023941185,0.005068597,0.12315886
9257,1,1,0.7827432512003779,0.99999547,0.9999846,0.7854421
9258,0,1,0.09706301067859818,0.05194015,0.0047742752,0.10584346
9259,1,1,0.9996046622384084,1.0,1.0,0.99944395
9260,0,0,0.539863356274878,0.99974686,0.9999975,0.55007803
9261,0,1,0.0026420522447073414,2.210343e-08,5.6579954e-09,0.0041573197
9262,0,1,0.16877875258832015,0.2708945,0.052302733,0.17286581
9263,0,1,0.08295419228044869,0.011670185,0.004403034,0.08069934
9264,1,0,0.7005471740574851,0.99998283,0.9999999,0.70332325
9265,1,1,0.8602257455834366,0.99994683,0.99969465,0.8486023
9266,1,1,0.7617517146936472,0.99980843,0.99855214,0.7504074
9267,1,1,0.3052772977012591,0.9199958,0.75261635,0.3059549
9268,0,0,0.007922764559738976,3.906452e-06,9.340517e-06,0.01063448
9269,0,0,0.052553877089594324,0.005195245,0.096267305,0.057739086
9270,0,1,0.026062324237809832,3.2827327e-06,7.521485e-07,0.025104672
9271,0,1,0.2649027038910179,0.8027122,0.41038513,0.26661095
9272,0,1,0.0040169298990259455,5.1217533e-08,1.3230295e-08,0.0056158537
9273,0,0,0.0041956876511000715,1.7514033e-07,3.1282025e-06,0.0063081384
9274,0,1,0.0018794945287601648,5.699653e-09,2.3099154e-09,0.0035079145
9275,1,1,0.4977587048317938,0.99778026,0.98893225,0.50132114
9276,0,1,0.4959550012937792,0.9986149,0.9878072,0.4993433
9277,0,1,0.008948960176692618,3.43746e-06,9.417146e-07,0.012203177
9278,0,1,0.2789476016528098,0.8681891,0.2941629,0.27983555
9279,0,0,0.0018831638213693076,3.5597445e-09,7.100754e-08,0.002900968
9280,1,1,0.7156180466860652,0.99997807,0.9998251,0.71245277
9281,0,1,0.02283973833227678,1.6538172e-05,1.3284441e-05,0.022811266
9282,1,1,0.6456216466302104,0.99999344,0.9999831,0.64895844
9283,0,1,0.0038147085354082837,3.2592133e-08,5.563979e-09,0.005375757
9284,1,1,0.4595452249660734,0.9992482,0.99554694,0.45541126
9285,0,1,0.6192079296030455,0.9999008,0.9995953,0.6101548
9286,0,1,0.009548320877903077,0.0010934768,0.0003970575,0.017137332
9287,0,0,0.008731898334360989,8.383508e-06,0.00016778627,0.01254505
9288,1,1,0.7793352821423889,0.9992605,0.9707945,0.7773479
9289,0,0,0.03537820754429952,8.6417356e-05,0.00058605976,0.03501
9290,0,1,0.0035944924282976303,6.706428e-08,3.521038e-09,0.0053749206
9291,0,1,0.13505707342057335,0.13066863,0.05423619,0.13335319
9292,0,1,0.06270412486749619,0.0052578435,0.00048410715,0.066552244
9293,0,0,0.005910981054641316,3.9411048e-09,1.5485247e-07,0.0063090893
9294,1,1,0.5368985013507633,0.9991323,0.998872,0.5383512
9295,0,0,0.002067174798874957,4.913033e-09,1.1968937e-07,0.0031697648
9296,0,0,0.040514987369637025,0.00047982065,0.012957031,0.043972623
9297,0,1,0.013143574511064633,1.3563049e-07,2.7838475e-08,0.008567135
9298,0,0,0.009211161888862259,3.3978876e-07,1.0677155e-05,0.010122238
9299,1,1,0.7677188201892244,0.993884,0.98559326,0.74105453
9300,0,1,0.2288530483352192,0.5997468,0.1574346,0.23079821
9301,0,1,0.31600828121848473,0.98777896,0.9350557,0.32505155
9302,0,1,0.1763323410028284,0.28054318,0.08077192,0.17897396
9303,0,1,0.0037793134041329934,2.6911414e-07,5.1948234e-08,0.005948588
9304,0,1,0.029977966567909017,0.0017231226,0.00049921114,0.039380986
9305,1,1,0.7760788672507146,0.99999833,0.9999851,0.7762779
9306,0,0,0.009732994045268738,0.0019218259,0.019284707,0.018848551
9307,0,0,0.01560128248120948,7.6506865e-08,8.387222e-07,0.00856415
9308,0,1,0.06785799933252648,0.0012171002,0.00031789404,0.07149662
9309,0,1,0.046292276167912,0.00014779183,3.2403903e-05,0.04621098
9310,0,1,0.22117421425709324,0.6804887,0.3546077,0.22177806
9311,0,1,0.09452827084389887,0.015215319,0.0027087643,0.09336135
9312,0,0,0.009668691210988959,4.737083e-07,7.921001e-06,0.009988629
9313,1,1,0.6555800507002145,0.96437496,0.8208692,0.6791027
9314,0,1,0.0016974437811509869,3.2621472e-09,9.356946e-10,0.0032015992
9315,1,1,0.30373270699007576,0.9418037,0.78566116,0.3026807
9316,1,0,0.08993599551403687,0.14467219,0.48986655,0.104405165
9317,1,0,0.14174129458339613,0.12274263,0.50184035,0.15005274
9318,0,0,0.017397657508804603,5.489337e-06,2.6130918e-05,0.017937344
9319,0,1,0.001841013415968065,4.1558912e-10,2.0893864e-10,0.0026798972
9320,0,1,0.3363056760150991,0.9651118,0.8825874,0.3350225
9321,0,1,0.047036551844571894,0.0004714806,2.5803814e-05,0.05267705
9322,1,1,0.3138898137648082,0.93949395,0.7892951,0.3132066
9323,1,1,0.4335739825232669,0.99682486,0.9909024,0.4294529
9324,0,1,0.028936288537322517,0.0017208619,0.00061708124,0.03824213
9325,0,1,0.02362964036633181,9.7754055e-06,3.5471885e-06,0.02289725
9326,0,1,0.1460040920963083,0.0994182,0.0094770435,0.1457772
9327,0,1,0.2828204169207075,0.891302,0.8038133,0.28075448
9328,0,0,0.03436962983311965,0.00020199208,0.0017683163,0.03583285
9329,0,1,0.14644265504422874,0.1314118,0.013095498,0.15052469
9330,0,0,0.01679354766416003,0.0044734012,0.10607835,0.03267355
9331,0,1,0.009309173178754819,7.311485e-08,1.6482051e-08,0.00956589
9332,0,1,0.00525678883255942,1.8709883e-07,6.993628e-08,0.0072523234
9333,0,1,0.04659379847890087,0.00012627285,2.223386e-05,0.04438368
9334,0,1,0.04014690442188895,6.1516235e-05,1.409377e-05,0.040396407
9335,1,1,0.8627583552390881,0.999941,0.9997181,0.85202354
9336,0,1,0.012129929936811485,1.0288218e-05,8.193564e-06,0.01710478
9337,0,0,0.007141112373549784,1.6719907e-08,2.1607728e-07,0.007618733
9338,0,0,0.005256839790884392,4.5766848e-07,3.2844975e-05,0.009416503
9339,0,1,0.3479388441817193,0.9684808,0.8635161,0.3464087
9340,0,1,0.3809853699927789,0.9866691,0.9399799,0.37729052
9341,0,1,0.7269289081603598,0.9999938,0.9999658,0.7237783
9342,0,1,0.7114150832664569,0.9999504,0.9997959,0.7123732
9343,0,1,0.06727711045446581,0.027759038,0.0017185573,0.07192281
9344,0,1,0.17652493383042636,0.38825908,0.16571619,0.17465484
9345,0,1,0.18049798520589674,0.35497937,0.08752792,0.1831406
9346,0,0,0.0009901520375013536,3.8463704e-11,3.861677e-10,0.0015246086
9347,0,1,0.23814819269495807,0.9096313,0.644095,0.2721142
9348,0,1,0.09448592897053934,0.2510891,0.15676986,0.121570095
9349,1,1,0.4416921641496694,0.9934643,0.9753063,0.43613687
9350,0,0,0.012545876883996691,2.9499242e-07,4.158967e-06,0.013494327
9351,0,1,0.06628493541420039,0.0073412107,0.0011590862,0.07732577
9352,1,1,0.8618693592108377,1.0,0.9999999,0.86064017
9353,0,0,0.11544712429479766,0.13234112,0.85457724,0.12043999
9354,0,0,0.01999649878149454,1.0665146e-05,0.00010246876,0.020554764
9355,0,0,0.018615484436028017,5.807135e-06,2.4136283e-05,0.019716186
9356,1,1,0.24235577687778254,0.7854124,0.38504505,0.24106592
9357,0,0,0.017320059410269813,4.878653e-06,2.1188927e-05,0.019655297
9358,0,0,0.00460060658542143,3.110175e-09,5.2144312e-08,0.0051372494
9359,0,1,0.2419715518290942,0.27801567,0.03500604,0.23897934
9360,0,0,0.02742031969998222,5.752841e-05,6.706743e-05,0.028446732
9361,0,1,0.2739800095573296,0.9328951,0.7332938,0.28721878
9362,1,0,0.8908026614789041,0.99963427,0.9999448,0.8884516
9363,0,0,0.4526692497898808,0.97379994,0.9997533,0.46903497
9364,0,0,0.08657557969826597,0.022997323,0.5675353,0.09292641
9365,1,1,0.8230320750381483,0.99999964,0.9999982,0.82074434
9366,0,1,0.15164541920644797,0.1271518,0.024297595,0.15424772
9367,0,1,0.1989035206606365,0.82501644,0.035552833,0.20146634
9368,0,1,0.1341689903541154,0.05948116,0.009553293,0.13718262
9369,1,1,0.9999999999999347,1.0,1.0,1.0
9370,1,0,0.12992176946414807,0.037720717,0.42207253,0.14095819
9371,0,1,0.0007633148343993316,3.1865626e-12,6.226074e-13,0.0010992546
9372,1,1,0.7675050505801395,0.9962194,0.95313084,0.72922814
9373,0,0,0.004759835937788971,3.8425245e-09,6.637416e-08,0.005332812
9374,0,0,0.0007813134265974541,7.782753e-12,8.576853e-11,0.001199686
9375,0,1,0.1087201394696312,0.030290434,0.00087876886,0.11845607
9376,1,1,0.7224608205214452,0.99998486,0.99991846,0.7192219
9377,0,0,0.013829413665539123,4.085533e-06,5.8496804e-05,0.0146344425
9378,0,0,0.02176745354505759,1.8627909e-05,0.0001755821,0.02382361
9379,0,0,0.0324469008003362,0.00049237855,0.002421788,0.046523187
9380,0,1,0.005041663110199618,7.953055e-09,3.9196277e-09,0.005249481
9381,0,1,0.07208395505366774,0.0042930935,0.00160711,0.072875716
9382,1,1,0.5344237448734157,0.99555683,0.9567627,0.5396469
9383,0,1,0.014104946032244282,3.653685e-07,9.7977555e-09,0.015215706
9384,0,0,0.096577896208931,0.06317287,0.38626775,0.0942227
9385,0,1,0.2667446936662636,0.7675343,0.62021065,0.26881227
9386,1,1,0.6236897792391835,0.999856,0.9990823,0.6194056
9387,0,1,0.3828953975857571,0.99083954,0.92530566,0.38143238
9388,1,1,0.18977065201417317,0.359519,0.08442778,0.19176574
9389,0,1,0.003025069051531287,2.5260224e-10,6.2226134e-11,0.0032015017
9390,0,0,0.0036244105561929266,7.905207e-08,1.113015e-06,0.0054569943
9391,0,0,0.10321815945351166,0.11791428,0.69970226,0.10793601
9392,0,0,0.021041441959907745,3.6468246e-05,0.00068899506,0.022832582
9393,0,0,0.03206298166625141,0.00010180569,0.0013236311,0.035153862
9394,0,1,0.15821946852889365,0.17766161,0.014056568,0.16201827
9395,0,1,0.0021849229180734347,8.976592e-11,1.398646e-11,0.0031777753
9396,0,1,0.0020217582226938137,5.007746e-09,5.4968027e-11,0.002911039
9397,0,0,0.006238913777877673,6.7095076e-09,4.7311325e-08,0.007031311
9398,0,0,0.0033723863297345506,3.645739e-06,1.7954251e-05,0.0065041864
9399,0,1,0.007189299077484763,1.1726287e-06,2.0666387e-07,0.009513441
9400,1,1,0.5523917627224945,0.99987173,0.99938226,0.55206084
9401,0,1,0.005376083079569319,7.3155707e-07,2.0286809e-08,0.008257064
9402,0,0,0.04627638399979274,0.0008766597,0.0051585413,0.04615072
9403,1,1,0.9689904534160282,1.0,0.9999999,0.96605206
9404,0,1,0.21199646034905859,0.91428125,0.7616988,0.23347497
9405,0,1,0.0004143094206483607,1.3479944e-12,3.879929e-13,0.00068632903
9406,1,1,0.053096565183058164,0.0003998023,3.4655004e-05,0.056126714
9407,0,0,0.014226928931139582,3.409565e-06,4.5640652e-05,0.015012393
9408,1,1,0.4063234828437978,0.9994232,0.9974324,0.42944673
9409,0,1,0.026271689966043146,1.4957498e-05,7.704091e-06,0.024907295
9410,0,1,0.24281528208256403,0.94514763,0.8167523,0.24164808
9411,0,0,0.005710989525984899,1.2701676e-08,2.1245683e-07,0.006381783
9412,0,0,0.026049100536411983,4.2674565e-05,0.00029157125,0.027439345
9413,0,1,0.05153092761643536,9.230918e-05,4.064245e-05,0.05410188
9414,0,0,0.004856851955279741,1.15926184e-07,4.3962035e-07,0.007008377
9415,0,1,0.08097325882504387,0.0070199943,0.0025611669,0.07849751
9416,1,1,0.922404487418091,0.9999999,0.9999995,0.92153126
9417,0,0,0.01691780735380574,2.5729257e-06,2.8721213e-05,0.01755584
9418,1,1,0.9999999999999989,1.0,1.0,1.0
9419,0,1,0.01256422427912116,0.0012330537,9.949132e-05,0.025126286
9420,0,0,0.03857200830504373,9.310908e-05,0.008751806,0.047111783
9421,1,1,0.3949279088916822,0.9941297,0.97160673,0.396892
9422,1,1,0.6610416028014539,0.99868673,0.9943743,0.6367478
9423,0,0,0.06708819890496798,0.006112075,0.15756434,0.07219779
9424,0,1,0.19020972845151077,0.114851266,0.038210303,0.19299158
9425,1,1,0.40178437463296657,0.9226058,0.57745963,0.40855396
9426,1,1,0.37404281802704487,0.99301916,0.96747285,0.37731862
9427,1,0,0.8077960814236427,0.9999989,1.0,0.80892366
9428,0,1,0.0031279185922586366,2.0992712e-08,1.2555151e-09,0.004715714
9429,0,1,0.39541296631427786,0.97859794,0.8322695,0.40022242
9430,0,0,0.016930676113446806,4.1469666e-06,2.27704e-05,0.017385617
9431,0,1,0.07425493822346199,0.019894764,0.0014050143,0.07874827
9432,0,0,0.030702708220794656,5.753334e-06,0.0008122455,0.038380396
9433,0,1,0.2859999915481688,0.94276977,0.7263431,0.285593
9434,0,1,0.6407708211456933,0.99991727,0.999564,0.63873756
9435,1,1,0.996625651774692,1.0,1.0,0.9958263
9436,0,0,0.0003914123517650695,5.2033096e-13,5.183086e-12,0.0006212557
9437,0,0,0.003072709197283695,1.8377065e-08,4.3099277e-07,0.004597659
9438,0,0,0.008650784217473922,6.9202095e-08,5.1703887e-07,0.009383956
9439,0,1,0.1867845781307474,0.35998055,0.06911895,0.1858277
9440,0,0,0.008007032579347137,4.0155743e-07,9.574648e-06,0.0099191945
9441,0,1,0.20830592476337695,0.40618652,0.07924897,0.21004704
9442,1,1,0.04246485846398093,0.001805047,0.000102302976,0.04460556
9443,0,1,0.20800157254563081,0.6463769,0.11204796,0.21292941
9444,0,1,0.40585767179114624,0.9926865,0.9108448,0.3956389
9445,1,1,0.3145279334314029,0.74926704,0.10637805,0.33906457
9446,0,0,0.00700977323463734,4.712014e-07,5.717191e-06,0.0097840745
9447,0,0,0.018213390851635845,3.862532e-06,4.8722854e-05,0.018889003
9448,0,0,0.03193298982840398,8.483644e-05,0.0017544341,0.034833662
9449,1,1,0.9990781169397234,1.0,1.0,0.9988807
9450,0,1,0.7771128443049627,0.99999905,0.99999845,0.7667905
9451,0,1,0.09665433137883958,0.00021324815,1.0991545e-06,0.09623463
9452,0,0,0.10084531709829447,0.027836254,0.39139706,0.10983784
9453,0,1,0.04595435153542975,0.0014352553,0.0008755757,0.04787
9454,0,0,0.01336831554985549,6.113209e-06,5.46125e-05,0.016489854
9455,0,1,0.8469312404052882,0.9999999,0.99999964,0.8467862
9456,0,0,0.0038519750519858966,4.975395e-09,1.6991242e-08,0.00457165
9457,1,1,0.8163981640877014,0.9999999,0.99999845,0.8179519
9458,0,0,0.0665622382921225,0.0041148295,0.039666586,0.07017983
9459,1,1,0.99674584963884,1.0,1.0,0.99615604
9460,0,1,0.32654488733038084,0.954983,0.84342676,0.32724103
9461,1,1,0.5979304001351671,0.99963856,0.9963395,0.59760946
9462,0,1,0.0156673234492388,8.50532e-05,4.461538e-05,0.021007417
9463,0,1,0.10595483934938658,0.077763356,0.023217538,0.118804835
9464,1,1,0.22534747729684743,0.7163805,0.38543937,0.22540812
9465,1,1,0.356369736471762,0.9807947,0.9255666,0.3567133
9466,0,0,0.014180860521207782,3.3098934e-06,0.00017371499,0.015483101
9467,0,1,0.042008536963941294,0.0002940931,0.0001692546,0.041531954
9468,0,0,0.06588392344949978,0.008564689,0.15806556,0.06790502
9469,0,1,0.4459324392196581,0.9983727,0.9923557,0.4447755
9470,1,1,0.3383932983950389,0.99066263,0.94901353,0.34067705
9471,0,1,0.024187075259522718,3.6292106e-05,6.0697444e-06,0.026284
9472,0,1,0.004324011437446758,1.6845908e-07,1.4009924e-08,0.0064936755
9473,0,1,0.03091136521603232,2.5082547e-05,9.2756545e-06,0.0301107
9474,0,1,0.11865960599797513,0.031683754,0.013836763,0.1186743
9475,0,0,0.0005988569740156483,6.239055e-13,1.41466595e-11,0.0009325548
9476,0,1,0.29369570095845354,0.9221855,0.633678,0.29520935
9477,0,0,0.01149267682106894,2.1285282e-06,3.7323847e-05,0.013028538
9478,0,0,0.014988096262729098,1.9601744e-06,1.4340019e-05,0.015562073
9479,0,0,0.07077403301930524,0.0025469032,0.07847699,0.07721801
9480,1,1,0.9360313105854754,1.0,0.9999999,0.9365641
9481,0,1,0.051224099637423214,0.00092237035,0.0007187719,0.05050866
9482,0,0,0.20165153614493178,0.91834384,0.9975262,0.20902592
9483,0,0,0.009918408025659195,7.020632e-05,6.787736e-05,0.018214306
9484,1,1,0.39503460517823336,0.9898724,0.9610621,0.39192262
9485,0,0,0.4008861891894002,0.99554396,0.9999902,0.40575665
9486,0,0,0.02427168436858211,9.144018e-05,0.0015863933,0.031366445
9487,0,0,0.0019929452184255366,1.4137396e-09,4.3892406e-08,0.0029979094
9488,0,0,0.4099818114445315,0.99571556,0.9999713,0.4018554
9489,0,0,0.07654198579434848,0.006189516,0.039327394,0.08351049
9490,1,0,0.04162901932983137,0.0011139802,0.2135562,0.04644692
9491,0,1,0.3457805596867331,0.98389083,0.9776031,0.34559688
9492,0,1,0.26823905737295684,0.93889844,0.8765891,0.26356685
9493,0,0,0.0639931233994748,4.1480266e-06,6.338918e-05,0.026215509
9494,0,0,0.016349918327288045,1.9074705e-05,0.00012215199,0.018881418
9495,1,1,0.8859322279700667,0.9999944,0.9999782,0.8827012
9496,0,0,0.0067689764584639815,4.1593532e-07,1.1472486e-05,0.008151837
9497,0,1,0.37601358362145326,0.86378425,0.60111713,0.35965353
9498,0,1,0.03792361450498236,0.0049420963,0.0012663165,0.05082959
9499,0,0,0.008762261593477292,8.59642e-08,8.688946e-07,0.009755326
9500,0,1,0.09148658187451117,0.0026224735,0.00039232016,0.09334415
9501,0,1,0.574089696132158,0.9999305,0.99960136,0.5804959
9502,0,1,0.002749040787665954,2.6279144e-11,4.3760636e-13,0.0028372218
9503,0,1,0.001559815626262624,9.7961335e-12,1.9832279e-13,0.0016388413
9504,0,1,0.5724788133644523,0.99984956,0.99934715,0.56707454
9505,0,0,0.3500155309798158,0.97922015,0.999809,0.34752938
9506,0,0,0.0059377447611030304,2.7443443e-08,3.8616446e-07,0.0066530015
9507,0,1,0.011463152249764167,1.6181063e-07,4.36165e-08,0.011574797
9508,1,1,0.7354984978452238,0.99999213,0.9999683,0.7332694
9509,0,1,0.006038750533338751,2.5552265e-07,1.4502551e-07,0.008457267
9510,0,1,0.6025026138364051,0.9994679,0.99713874,0.6079927
9511,1,1,0.5836513875878612,0.9998263,0.9987348,0.5770653
9512,0,1,0.25059703226306573,0.8669747,0.323178,0.24896084
9513,0,1,0.11694855569561055,0.17320636,0.046171177,0.110430665
9514,1,0,0.04186465990193715,0.002607692,0.109130174,0.042343218
9515,1,1,0.9146806645017431,1.0,1.0,0.91760486
9516,0,0,0.06366195160381209,0.0044017155,0.07517179,0.062352113
9517,0,1,0.014898097125590206,1.03017825e-07,1.5252981e-07,0.017511772
9518,0,1,0.009541863650623598,7.919279e-06,1.2485758e-06,0.012602252
9519,1,1,0.803477547642423,0.9999994,0.9999962,0.8035997
9520,0,0,0.06727753611383512,0.00059388106,0.023015564,0.091678016
9521,0,1,0.36023357805735756,0.97866243,0.8930678,0.35672864
9522,0,1,0.05180054109052483,0.00045139494,0.00020036162,0.050364945
9523,0,1,0.002213886638603722,8.611653e-11,1.3269807e-10,0.00365611
9524,1,1,0.6989923407569643,0.99997413,0.9998152,0.69741887
9525,0,1,0.050377812280113406,0.0009768524,9.329278e-05,0.048980642
9526,0,1,0.41564099104784424,0.9947905,0.9957723,0.4141578
9527,1,0,0.39515779187149414,0.9848188,0.99984396,0.4363356
9528,1,0,0.5073570909566182,0.99933285,0.9999982,0.5072191
9529,0,0,0.03374190047815868,1.51694985e-05,0.0003155897,0.040830757
9530,0,1,0.3850158297345868,0.9901963,0.96728534,0.36851677
9531,0,0,0.004809012761579905,6.4442935e-07,8.996228e-06,0.0069882497
9532,0,0,0.06848035517714995,0.0019713205,0.007927675,0.08272089
9533,1,1,0.8357673637780304,1.0,0.9999994,0.8348663
9534,0,1,0.03296516748981647,0.00013061216,5.9244412e-05,0.03209767
9535,0,1,0.02012365513730067,4.0948007e-06,6.116553e-08,0.019646581
9536,0,1,0.13583798166451827,0.052895326,0.0017524734,0.13816544
9537,0,1,0.04804063886182045,0.00084451836,0.000514393,0.054561578
9538,0,1,0.027954645227716533,2.4347099e-05,3.4001732e-07,0.029445956
9539,0,0,0.016599049154419697,1.3385607e-06,1.6130687e-05,0.018489093
9540,0,0,0.0430810790980591,0.0008349598,0.008011115,0.044356078
9541,0,1,0.06456265765356375,0.0027920138,0.00057562056,0.06812555
9542,0,0,0.0011951795229564863,1.2490083e-10,1.3383026e-09,0.001841679
9543,0,1,0.10997353842122966,0.11257737,0.061902028,0.11212153
9544,1,1,0.29871663849893376,0.9181267,0.3670185,0.3207441
9545,1,1,0.1583649135068904,0.18414682,0.002553271,0.15807584
9546,1,1,0.5690571441921498,0.91605633,0.9402391,0.62435836
9547,1,1,0.2675075447952366,0.16992807,0.043105133,0.25392315
9548,0,0,0.0001766697665002746,4.2469347e-15,4.8751774e-14,0.00028222182
9549,1,1,0.7944239017730194,0.9999993,0.9999925,0.798982
9550,0,0,0.012285002500300943,3.4325683e-07,1.976185e-06,0.013094008
9551,0,0,0.012759508776467716,1.9190595e-06,2.0573938e-05,0.013454282
9552,0,1,0.17032800914259066,0.2548878,0.026252225,0.17445078
9553,1,0,0.3274135312225448,0.9758597,0.9998063,0.32377133
9554,0,0,0.12386976503874864,0.21972246,0.9030005,0.12918063
9555,0,1,0.47687348579468863,0.9073486,0.56288415,0.4699613
9556,0,1,0.26559078310921946,0.80652285,0.42699322,0.2659341
9557,0,1,0.00775388292645601,4.9173384e-08,3.1105206e-08,0.008027039
9558,1,1,0.7101899852924087,0.99999166,0.99995804,0.711619
9559,0,1,0.04122943816728342,0.00064398296,4.4219255e-06,0.041798733
9560,0,1,0.01750551170540241,8.181244e-07,1.2928308e-07,0.017992148
9561,1,1,0.6371592293463733,0.9999355,0.9991829,0.6380982
9562,0,1,0.6703787017778257,0.99998236,0.9997809,0.6755195
9563,0,0,0.050523144300684115,0.0003414037,0.0055125984,0.052647367
9564,0,1,0.08514665887803412,0.005272678,0.0020516084,0.084181964
9565,1,1,0.8211256486833595,0.99999976,0.99999917,0.81723845
9566,0,0,0.27263336157697876,0.997558,0.9998679,0.29900151
9567,0,1,0.005669817644765913,2.2457769e-07,4.719983e-08,0.0075094863
9568,0,0,0.09330998458684552,0.030124122,0.6136229,0.100929864
9569,1,0,0.04840678466075154,0.0069342502,0.04779434,0.05589387
9570,0,1,0.11368271109590977,0.030229595,0.00017960621,0.11588976
9571,0,1,0.04065288387329805,0.00013551328,1.1223842e-05,0.0381368
9572,0,1,0.006623171437879364,1.15808785e-08,4.309247e-09,0.0069648908
9573,0,0,0.005949881319039839,1.1758763e-06,1.5840253e-05,0.010330219
9574,1,1,0.6964763354821231,0.95974433,0.93182796,0.6676456
9575,0,0,0.0019978437575858474,2.8483703e-08,3.860827e-07,0.0034456355
9576,1,1,0.6180439290261633,0.9998995,0.99952847,0.6193879
9577,0,1,0.1297108671322498,0.062268876,0.0051908554,0.13405138
9578,0,0,0.08022202691106109,0.01018352,0.09189966,0.08420989
9579,0,1,0.020903419856614026,0.0044029485,0.0037123428,0.035754293
9580,0,0,0.031603447369224644,0.00094668637,0.020796506,0.034811385
9581,0,0,0.09841946275550346,0.020048466,0.3535225,0.10268258
9582,0,1,0.006595772742534991,7.1199975e-07,1.4254907e-07,0.00886013
9583,0,1,0.15074976825344424,0.1148046,0.027626978,0.15326801
9584,1,1,0.3755562945552776,0.9931954,0.9593332,0.37951106
9585,1,1,0.9999999999999962,1.0,1.0,1.0
9586,0,1,0.2632997403959844,0.75522566,0.29824042,0.2644357
9587,1,1,0.2897245442685246,0.9559652,0.8233061,0.29192796
9588,1,1,0.6939118585261934,0.99997115,0.9998621,0.6896206
9589,0,1,0.047612288385278714,0.00028855333,8.56106e-05,0.048099793
9590,1,1,0.9773111501237629,1.0,1.0,0.97490454
9591,0,0,0.041810677252356605,6.883642e-05,0.0014682751,0.046320222
9592,1,1,0.3290204144815024,0.920273,0.7175363,0.32825583
9593,0,1,0.005843119165949698,4.060967e-06,1.7380852e-06,0.010488833
9594,0,1,0.010744117958919783,6.1164676e-05,1.3765481e-05,0.016462637
9595,0,1,0.1428790815511405,0.13202694,0.0043329108,0.15410045
9596,0,0,0.02447857450559682,2.9921639e-05,0.00042387244,0.02637421
9597,1,1,0.2691399371550667,0.014722767,0.0025760995,0.2654469
9598,0,0,0.014122408976443263,4.3833094e-07,4.528848e-06,0.015716096
9599,0,1,0.4337207996720386,0.99275774,0.9382591,0.42979553
9600,0,1,0.01592088191144889,1.1251965e-06,2.0269103e-07,0.015363164
9601,0,1,0.004612830293695668,8.851791e-08,1.8474026e-08,0.0061174994
9602,0,1,0.027525402920690088,2.3777668e-05,9.340313e-06,0.027408427
9603,1,1,0.9928038378353733,1.0,1.0,0.99181163
9604,1,1,0.9836194354383108,1.0,1.0,0.9824845
9605,0,0,0.006960398511014988,2.154796e-08,3.5562584e-07,0.0077327536
9606,0,0,0.17381463436800426,0.4038123,0.99504834,0.19200256
9607,0,0,0.03278349197582906,0.00016667614,0.0012914422,0.032979045
9608,0,1,0.03677144983562172,3.1661955e-05,9.338407e-06,0.034604937
9609,1,1,0.43769816720352833,0.9964142,0.9867128,0.4340782
9610,0,1,0.07504146377104941,0.005822457,0.0001396739,0.083457746
9611,1,1,0.11718089931498589,0.07239683,0.020301394,0.12938024
9612,0,1,0.12435832976755329,0.037503395,0.0052550663,0.12735942
9613,0,1,0.02347827949216544,2.7653361e-06,5.101903e-07,0.022967154
9614,0,1,0.04392282253524912,4.0767914e-05,9.639098e-07,0.045878235
9615,0,0,0.02852142032547976,0.00026965956,0.0010328164,0.03956633
9616,0,1,0.06567021648385107,0.000716947,0.000479914,0.067254126
9617,0,1,0.13303062785454486,0.16088791,0.0016779022,0.13394552
9618,0,1,0.7211002797433748,0.99999046,0.9999348,0.7193831
9619,1,1,0.6293091540966386,0.9990558,0.99703634,0.6205783
9620,0,0,0.4226686064568825,0.9941531,0.99993587,0.41830826
9621,0,1,0.4076853387936756,0.9869822,0.9734587,0.41574433
9622,0,1,0.0069844488232461725,9.630946e-07,1.74569e-07,0.009271578
9623,0,0,0.0006009372138183586,1.0273724e-11,3.3218825e-10,0.00093152956
9624,0,0,0.0476955201027025,0.0008004161,0.01968935,0.05041723
9625,0,0,0.22090186579267765,0.35447222,0.991347,0.22472031
9626,0,0,0.010582112217819727,1.5660042e-05,0.00030553178,0.015841935
9627,0,0,0.0114447946149588,0.00050766126,0.0031392484,0.02119859
9628,0,1,0.05283360327823164,0.001663476,0.00077373616,0.05218288
9629,0,1,0.6097965726418959,0.9997828,0.9993894,0.616588
9630,0,1,0.012982353857545849,1.4876972e-06,8.3384705e-08,0.0141522875
9631,1,1,0.1969384704179406,0.5018954,0.16660735,0.19935718
9632,0,0,0.258489447994917,0.6201017,0.96160024,0.27195194
9633,1,1,0.3962539654998362,0.99662197,0.98539305,0.4008579
9634,0,1,0.22152993027547338,0.74685687,0.18457206,0.22238633
9635,0,1,0.3369687379525925,0.9954997,0.9892324,0.35972038
9636,0,1,0.0814392518856455,0.010284855,0.007400226,0.07950496
9637,0,0,0.0643033977813487,0.003551534,0.22780393,0.06997682
9638,0,1,0.6619840482079695,0.99992585,0.9994225,0.6596496
9639,1,1,0.9985420647438664,1.0,1.0,0.9983677
9640,0,0,0.022995069040267376,5.3898246e-05,0.00068048073,0.023978926
9641,0,1,0.14894921602633532,0.13583034,0.051031977,0.14088552
9642,0,1,0.008125016965138395,2.4245758e-06,7.7054045e-07,0.011167474
9643,0,1,0.2652169409763662,0.89605415,0.8054903,0.25697437
9644,1,1,0.04961671466096256,0.0009009062,0.0005228243,0.049041715
9645,1,1,0.4145527168487343,0.9965289,0.9740795,0.41376144
9646,0,0,0.1065935102882056,0.060718473,0.560405,0.11245174
9647,0,1,0.008160950087638596,3.18511e-06,8.930825e-07,0.011755453
9648,0,1,0.026524642053400938,1.892255e-05,7.2945286e-06,0.026461758
9649,1,1,0.21492805729485767,0.3396815,0.07241631,0.22316438
9650,1,1,0.9997104396258703,1.0,1.0,0.9995634
9651,1,1,0.999131510460365,1.0,0.9999999,0.9987905
9652,0,1,0.24169708315635494,0.66359836,0.2454311,0.2430732
9653,0,1,0.30178798654617073,0.14305417,0.09156844,0.32071668
9654,1,1,0.9050090454067701,0.9999999,0.99999964,0.90364313
9655,1,1,0.26878714378027224,0.7863727,0.33617264,0.26954132
9656,0,1,0.12055026398504533,0.020044861,0.0030321043,0.116234384
9657,1,1,0.9003641945332819,0.99999976,0.999998,0.9007169
9658,1,0,0.6024482966882652,0.9991271,0.9999846,0.61670494
9659,0,1,0.0521784482259028,0.0003420227,4.0805175e-05,0.05199032
9660,0,0,0.5123207761446178,0.99828917,0.99999034,0.51009804
9661,0,1,0.002078215834046205,8.4519586e-10,1.7439572e-10,0.0029298502
9662,1,1,0.5826434200589936,0.9999956,0.99994946,0.59860593
9663,0,0,0.016026860526327458,6.404058e-06,0.00015010023,0.019679064
9664,0,1,0.02190112634525317,1.24196895e-05,2.6784621e-06,0.021252945
9665,0,0,0.0459333554942586,0.00030396288,0.0002304465,0.0499356
9666,0,1,0.05202406776226801,0.00067019113,6.485427e-05,0.051816855
9667,0,1,0.021889407159081477,7.0910746e-06,3.3941385e-06,0.022026338
9668,0,1,0.03312779219441962,0.00011929276,2.759863e-05,0.03173163
9669,0,1,0.39037029967371184,0.53155464,0.10508155,0.3772078
9670,0,0,0.0007575153652279764,1.11299685e-10,1.8138343e-09,0.0013258606
9671,1,1,0.2892184278017774,0.9441,0.5581403,0.28445318
9672,0,0,0.002549314645040573,1.5245549e-09,3.6554475e-08,0.0032807523
9673,1,1,0.4120916407501666,0.99588,0.9820047,0.4111076
9674,0,1,0.12743641821344123,0.024757538,0.008626143,0.12497839
9675,1,1,0.45642005932635543,0.99725205,0.9883648,0.4907373
9676,0,0,0.07768057097688992,0.01752254,0.33305186,0.08331854
9677,0,1,0.15737785749313282,0.3141536,0.15854369,0.15569277
9678,0,1,0.2816252368580271,0.53203785,0.23437993,0.26622006
9679,1,1,0.367164564830579,0.9924148,0.96831304,0.38007322
9680,1,0,0.21321056987555323,0.6878174,0.9907953,0.22087616
9681,1,0,0.536105821103692,0.9989089,0.9999939,0.5418972
9682,1,1,0.8513368690496175,1.0,0.9999999,0.85019755
9683,0,1,0.0071633436847716005,1.5745434e-06,3.986043e-07,0.009634608
9684,0,0,0.008615300256891795,3.7218284e-05,0.0001922814,0.0139101595
9685,0,0,0.15678126859933356,0.21896245,0.5545294,0.15511736
9686,0,1,0.12862998965934117,0.16270627,0.00066800107,0.13250373
9687,0,0,0.015326297212301823,2.3452834e-05,4.6482557e-05,0.01863945
9688,1,1,0.20282181433433114,0.42902574,0.07434344,0.20163578
9689,0,1,0.0320379182328694,2.9418148e-05,6.473141e-06,0.034219828
9690,0,1,0.11135343086976417,0.14470617,0.017736431,0.12018606
9691,0,0,0.06853602019761595,0.0020641407,0.011710683,0.07436851
9692,1,1,0.5188039988491044,0.99898845,0.9939592,0.51257706
9693,1,1,0.3571655732937725,0.9738487,0.77861136,0.37355128
9694,0,1,0.024836453760465883,1.2934172e-05,6.439953e-06,0.024923991
9695,0,1,0.0017589716519894902,1.0383349e-08,1.1666777e-10,0.0025738692
9696,0,1,0.006023513684234883,1.8670912e-08,2.7800202e-09,0.0085600745
9697,0,0,0.0062260843429121525,1.9008214e-08,5.8228176e-07,0.006837166
9698,0,0,0.09438314615702277,0.00018281734,0.0029114722,0.045986455
9699,0,0,0.0297871371961945,0.0003426346,0.012435842,0.029541053
9700,0,1,0.10997704766818804,0.027278235,0.0037347935,0.12148318
9701,0,0,0.114721133005956,0.042808652,0.4621349,0.12496912
9702,0,1,0.1867540320708886,0.44855353,0.14987037,0.18480906
9703,0,1,0.008747677526046469,1.0982181e-07,9.358093e-09,0.009657894
9704,1,1,0.7708591650162695,0.999997,0.99997187,0.76939297
9705,0,1,0.4675329366131568,0.98736745,0.9173105,0.45432237
9706,0,0,0.024168796541333977,4.7624664e-05,0.00067988335,0.024133006
9707,1,1,0.15762807663106643,0.21151106,0.052315023,0.1483573
9708,0,1,0.07598264419587687,0.06445472,0.0065466356,0.075465366
9709,1,1,0.33262177722017533,0.9913784,0.9576841,0.3479921
9710,1,1,0.3817595357424264,0.9956483,0.9771985,0.38369244
9711,0,1,0.5856677834631784,0.99542546,0.97267365,0.57577497
9712,1,1,0.7087324995213256,0.99999356,0.999966,0.7058343
9713,1,0,0.5129156059532262,0.9989706,0.999992,0.5223956
9714,0,1,0.07079993842022726,0.0031702754,4.2854736e-05,0.07253955
9715,1,1,0.10932430286946916,0.019947927,0.0048937765,0.10945598
9716,0,0,0.40814823878086665,0.98486775,0.99991226,0.41979328
9717,1,1,0.999999999999996,1.0,1.0,1.0
9718,1,1,0.5756184263296065,0.9997104,0.9992862,0.5724419
9719,0,1,0.1420763572781804,0.069095545,0.01898954,0.14447637
9720,0,1,0.007034817137108104,1.6192595e-06,2.6887454e-07,0.009393309
9721,1,1,0.5779679356128548,0.99988544,0.9994724,0.5623276
9722,0,1,0.2125282044682108,0.90101457,0.5549365,0.21666418
9723,0,1,0.22176715643842104,0.9053866,0.84659404,0.21434806
9724,0,1,0.05745443835105678,0.001220239,0.0006712113,0.05837406
9725,0,0,0.0392990237041704,0.00022577512,0.0059676245,0.04051578
9726,0,0,0.03370556898669505,4.2229047e-05,0.0006863418,0.0354339
9727,1,1,0.025539871724083726,0.009410873,0.0016102163,0.044426426
9728,0,0,0.13447875512332158,0.14845507,0.76170766,0.142478
9729,0,1,0.040363771998987906,0.00012277183,1.6016136e-05,0.038920507
9730,0,0,0.02856450216473645,9.650924e-05,0.015136357,0.035010662
9731,1,1,0.3842338025490339,0.9947787,0.9806045,0.39621526
9732,0,1,0.14567512418170966,0.099548176,0.017883772,0.14842959
9733,0,1,0.5343181099159415,0.9989367,0.9917269,0.5360126
9734,0,1,0.026043177179059282,7.4384593e-07,1.0728129e-07,0.027401622
9735,1,1,0.10677021067556051,0.018269785,0.0022270733,0.10773761
9736,0,0,0.1150083194705464,0.018141536,0.76940763,0.119057655
9737,1,1,0.6563707958737006,0.99998,0.99989617,0.6524307
9738,0,1,0.6243999744440346,0.99634594,0.978834,0.6120354
9739,0,1,0.003655436162527492,1.5522153e-06,1.43857e-07,0.007244058
9740,0,1,0.7890771467187843,0.9999995,0.9999982,0.79100287
9741,0,1,0.17512866946171865,0.04416303,0.012308256,0.17835791
9742,0,1,0.04756540176844718,0.0010898815,0.0004324585,0.045837153
9743,0,1,0.005499177982241972,6.348848e-09,3.5756953e-09,0.0057455236
9744,1,1,0.2910513462441561,0.9882775,0.87009656,0.29540083
9745,0,0,0.005260943725439726,8.891604e-09,9.0359345e-07,0.006019558
9746,0,0,0.009622762923829171,5.3092293e-07,1.9064719e-05,0.010262914
9747,0,0,0.0021572899018883667,1.2088475e-10,3.2663063e-09,0.002413992
9748,0,0,0.03631293991343054,0.00014070186,0.0007733521,0.03694134
9749,0,0,0.019938311459783038,8.4887715e-06,3.946162e-05,0.021103244
9750,0,1,0.012221284379408648,7.4214114e-07,9.3503175e-08,0.013373802
9751,1,1,0.8484581252020346,1.0,0.9999995,0.8476703
9752,0,0,0.024856135867526632,2.516396e-05,0.00050323625,0.027458865
9753,0,0,0.0011480686430954,8.028199e-11,3.16574e-09,0.0017567263
9754,0,1,0.002482325565278816,2.2799798e-09,1.6768187e-09,0.0036228006
9755,0,1,0.11242841121006697,0.01970464,0.0024836469,0.10923741
9756,0,1,0.011023853534746516,2.4211415e-05,3.505448e-06,0.015682952
9757,1,1,0.238577626729961,0.264943,0.21964286,0.28602448
9758,0,0,0.004772275995932049,1.4187369e-09,6.0850733e-09,0.004791348
9759,0,1,0.1054658572716486,0.0074664257,0.001145671,0.0609605
9760,0,1,0.2752176377840298,0.95928633,0.95224696,0.26877597
9761,0,0,0.004769700166098221,1.1432861e-05,0.00023427918,0.010611641
9762,1,1,0.807383446354462,0.99999964,0.99999785,0.808616
9763,0,1,0.06189922692268416,0.0012059474,0.00028299564,0.06354414
9764,0,1,0.6876331075045427,0.99999154,0.9999584,0.68218136
9765,1,1,0.38249171078676697,0.98935366,0.9649476,0.3786038
9766,0,0,0.003733212396439794,4.4038276e-10,2.7185559e-08,0.0044354117
9767,0,1,0.27036808663767603,0.8521478,0.45669323,0.2734014
9768,0,0,0.05569487753259525,0.0008198618,0.007341606,0.05857895
