test_index,y_true,sa,raw_lr,raw_unweight,raw_weighted,raw_single_encoder
0,0,1,0.12043040003024286,0.019270029,0.0031599638,0.120349854
1,0,0,0.022726117862837698,6.908306e-06,8.082716e-05,0.022833275
2,0,0,0.001228194199246214,1.389704e-10,6.06637e-09,0.0016176185
3,0,1,0.3157404087823121,0.9623321,0.75309396,0.31666932
4,0,1,0.17743502303191747,0.0869306,0.01277838,0.18021256
5,1,1,0.640469944953382,0.999759,0.99891824,0.6456513
6,1,1,0.24496930799418667,0.8996245,0.53313917,0.24679123
7,1,1,0.7839024242558307,0.99999845,0.99999356,0.78763443
8,0,1,0.32241732292498615,0.86461765,0.75249666,0.31583175
9,0,1,0.005946040859628182,1.4928592e-09,2.7853478e-10,0.006235708
10,0,1,0.097057204495022,0.010951321,0.0018826624,0.09567473
11,1,1,0.17066053341786647,0.25945807,0.03290678,0.17603834
12,0,1,0.19024637872331973,0.25541955,0.030298784,0.19933286
13,0,1,0.3242350946549144,0.9946001,0.9641032,0.32469645
14,0,1,0.20188656506324684,0.5997676,0.12989749,0.209432
15,1,1,0.6702816261837838,0.999822,0.9995961,0.66151905
16,1,1,0.1157163955372261,0.14362074,0.1331069,0.10605423
17,1,1,0.43268775122576725,0.98785394,0.94019955,0.43462634
18,0,1,0.0556642574034064,0.00036187904,0.00019593122,0.057009578
19,0,1,0.20199766281090334,0.8040918,0.5297671,0.19577846
20,0,1,0.18619491211573413,0.050902728,0.015067255,0.1960683
21,1,1,0.8658740757815089,0.99999607,0.9999927,0.865744
22,0,1,0.10052027424154195,0.025365606,0.00046762527,0.09862204
23,0,0,0.006871807401085059,2.0351788e-05,0.00016658366,0.00873691
24,0,0,0.35807447792845615,0.995558,0.999956,0.3524991
25,0,0,0.003689351806706049,9.615693e-09,3.0844312e-08,0.0037751822
26,1,1,0.7214134763559923,0.9999852,0.99993885,0.7243487
27,0,1,0.005798390703934972,5.793814e-07,3.274854e-08,0.0075070495
28,0,0,0.040853597387315706,0.0009867074,0.006099458,0.043707382
29,0,1,0.16372902058449407,0.53003484,0.3363327,0.17544694
30,1,1,0.21783664290488391,0.7439977,0.22265097,0.22463347
31,0,1,0.3520270432219026,0.8545321,0.49783194,0.34570536
32,0,0,0.012368933575718022,5.607075e-07,6.6281696e-06,0.012124076
33,0,1,0.34357428485242697,0.96069115,0.78304696,0.34960446
34,0,1,0.23964699765508987,0.79208905,0.15816173,0.22610618
35,0,1,0.01260904662047023,5.9303727e-07,5.0696396e-08,0.012185234
36,0,1,0.0287243425142653,1.2183424e-06,2.7076042e-06,0.029416976
37,1,0,0.8421237487178476,0.9999982,1.0,0.8350605
38,0,1,0.4224630861165774,0.99294055,0.9676431,0.42435256
39,0,1,0.004785773594513593,4.9251436e-10,5.6811632e-11,0.0059474874
40,0,1,0.14166743814015265,0.04806021,0.006622181,0.14659952
41,0,1,0.005093053448492869,1.0196704e-08,2.2341202e-09,0.0060351435
42,0,1,0.19522079293001107,0.28963843,0.28262725,0.1897901
43,0,0,0.0496818687195656,4.9704675e-05,0.017797986,0.05078269
44,0,1,0.8502573672221265,0.99999976,0.99999964,0.8527955
45,0,0,0.03556563024490038,5.497943e-05,0.00056422927,0.03732663
46,0,1,0.63417826139075,0.9998858,0.9995337,0.6395663
47,0,0,0.007253493016522676,4.5245773e-07,3.4634688e-06,0.0075702164
48,0,1,0.039879361845800085,0.00019001287,4.496935e-06,0.037397977
49,0,1,0.8991014472040688,0.9999902,0.9997025,0.89403313
50,0,1,0.4352737787290799,0.9349275,0.6593892,0.42988458
51,0,1,0.03717539094636794,0.0003109032,4.3040473e-05,0.03626734
52,0,1,0.10196914955561856,0.0013491933,0.0040304824,0.1047152
53,0,1,0.09756382743963725,0.0025120333,0.012780053,0.101585284
54,1,1,0.9980680352221759,1.0,1.0,0.9979498
55,0,0,0.06564360912769791,0.030882696,0.33478126,0.06416357
56,0,0,0.012030450008697834,2.4363803e-07,9.282893e-06,0.013346492
57,0,1,0.4271685260897451,0.9998672,0.9991788,0.4390438
58,0,0,0.060298773459573726,0.0016298882,0.039497804,0.061749067
59,0,1,0.4476806175087187,0.8840094,0.78520405,0.444996
60,0,0,0.054385578149941764,7.561708e-05,7.2156225e-05,0.048846558
61,1,0,0.5485943535139447,0.9978422,0.99999905,0.53388923
62,0,0,0.02806219431303256,5.816246e-07,7.145586e-06,0.029151909
63,1,1,0.6411834918032119,0.999951,0.99984,0.6432816
64,1,1,0.3390480570616514,0.90926737,0.91116416,0.34088197
65,0,1,0.13621823625069868,0.039714072,0.0035676584,0.14245465
66,0,0,0.005626731226718984,4.983698e-06,4.0388495e-05,0.007147606
67,1,1,0.9604409667766846,1.0,0.99999976,0.9589804
68,0,1,0.026485634954879555,2.3756069e-05,1.747249e-05,0.02711739
69,0,1,0.3885595746122856,0.9851667,0.9741838,0.38528508
70,0,1,0.4203400880350698,0.7133363,0.33912712,0.42584965
71,0,1,0.25475635010215153,0.7836652,0.37483916,0.2567586
72,0,1,0.0007363606579217812,8.227467e-13,3.0988946e-13,0.00094157975
73,0,1,0.023346401449473128,1.8212436e-06,2.4810996e-07,0.0255174
74,0,0,0.02355721641319095,0.0010759609,0.079635486,0.029710567
75,0,0,0.0158147075288229,4.8186703e-06,6.089928e-05,0.016216164
76,0,0,0.0029030721001686403,2.3625942e-07,1.2866745e-07,0.0020249218
77,0,1,0.23715430345481264,0.7266864,0.27029973,0.23929405
78,0,0,0.04902927249343818,0.0010917209,0.017892785,0.04856956
79,0,1,0.007155208879013216,1.4736681e-06,3.111714e-07,0.009236407
80,0,1,0.32891841947432804,0.9643478,0.8591175,0.32665524
81,0,0,0.011837744713927656,4.0315103e-07,4.2235783e-06,0.0122910105
82,1,1,0.7463222308811183,0.9999988,0.9999962,0.7497267
83,0,1,0.14106451385584376,0.110969454,0.0142706875,0.14466062
84,0,1,0.011618197502690235,0.00027951403,3.726316e-06,0.024097752
85,0,1,0.09739392135899584,0.00083651143,3.8456546e-05,0.09891622
86,0,0,0.0005089514952727619,2.2338946e-09,1.0421259e-09,0.00044742905
87,1,1,0.28766004957339686,0.9657024,0.26376462,0.28387815
88,0,1,0.010722292156345709,3.5076738e-08,1.2283766e-07,0.010931527
89,0,1,0.05743168482911993,0.00013300794,7.613695e-05,0.062815644
90,1,1,0.5261771093923371,0.9996029,0.9980233,0.52592397
91,0,1,0.0798197869582819,0.0029572248,0.0005238189,0.083784826
92,1,0,0.15959466241091694,0.10536424,0.854102,0.16396236
93,1,1,0.35008401587297894,0.9483277,0.7283456,0.36185995
94,1,1,0.3570805374520672,0.92588544,0.8037676,0.3547849
95,0,1,0.013105714249515534,4.8701917e-08,3.689388e-10,0.012255582
96,1,1,0.15456559000746758,0.056051455,0.06739848,0.15642896
97,0,1,0.010943586993279335,5.944489e-08,3.413952e-08,0.0110854665
98,0,1,0.6862927891298639,0.9999895,0.99993455,0.6955417
99,0,0,0.006159961090315414,3.3275978e-09,2.3401478e-07,0.0067344815
100,0,1,0.3235255655076054,0.9689669,0.78733236,0.32660967
101,0,1,0.17793984740257493,0.2973905,0.054545533,0.17817882
102,1,1,0.6642198387096081,0.99990845,0.99965227,0.67076135
103,0,0,0.05628063917553793,5.6964545e-05,0.00094700936,0.054258596
104,0,1,0.045970317641194296,7.3388023e-06,3.542347e-07,0.04566558
105,0,0,0.0024011213510033843,3.6867027e-09,2.335341e-07,0.0029453405
106,0,1,0.01072837620243953,3.509142e-05,3.6910958e-06,0.01323151
107,1,1,0.3509290742513069,0.92726195,0.6920718,0.35304585
108,1,1,0.42210428797854005,0.994238,0.9681341,0.4249486
109,1,1,0.9999999999999958,1.0,1.0,1.0
110,0,0,0.005330474615386179,4.391544e-08,7.5006903e-07,0.00530238
111,1,1,0.26363307784369266,0.67620814,0.24549755,0.2661272
112,0,1,0.11249537889452177,0.001579992,0.00017280967,0.10826709
113,0,1,0.007666785100527299,1.3154455e-08,1.6549718e-08,0.007988262
114,0,1,0.03916107974884985,0.024931766,0.0054703797,0.047725093
115,0,1,0.06398397763592081,0.004597105,0.0008372064,0.06163859
116,0,1,0.05495352493390038,0.00044401304,4.9768994e-05,0.05422575
117,0,0,0.0015078218386942877,1.6932288e-09,3.0713984e-08,0.0020699755
118,0,1,0.005236711295777263,4.031168e-08,4.461677e-09,0.006343597
119,0,1,0.008353867812523749,4.289993e-08,9.117057e-09,0.008819234
120,0,1,0.3363850398830073,0.9478645,0.8112403,0.33439422
121,0,0,0.0003638181296818763,1.6441065e-13,5.575923e-12,0.0004743528
122,0,1,0.003620286704561968,5.366759e-07,1.1281041e-08,0.004273744
123,0,0,0.013199223151232946,2.157683e-06,1.9428962e-05,0.013994648
124,0,1,0.7274913740680555,0.9997596,0.99946386,0.7226479
125,1,0,0.04610109071954482,0.00018799986,0.0032180594,0.047176737
126,0,0,0.012032964018896797,0.00026323332,0.0023105897,0.015479023
127,1,1,0.18848288297545174,0.7290529,0.50843525,0.19987471
128,1,1,0.562946399682678,0.9984263,0.99734145,0.5576704
129,0,0,0.04990104961320423,0.00044102356,0.12051444,0.05127765
130,0,1,0.031116382417858024,2.3001923e-05,2.1007503e-05,0.031650525
131,1,1,0.17175492354338232,0.422274,0.09159105,0.17046691
132,0,1,0.028933708880742696,1.9443198e-05,4.048048e-06,0.032657456
133,0,1,0.0008036514886624085,2.1340436e-11,1.8082863e-13,0.0009438207
134,0,1,0.2709395767497445,0.8287506,0.61929816,0.27980652
135,1,1,0.5669067229340607,0.9996681,0.998011,0.5786669
136,1,1,0.07336666648017234,0.0076044947,0.0034399263,0.075877585
137,0,1,0.03293128160367669,7.831181e-05,6.4337337e-06,0.033779714
138,0,0,0.05293511236701032,0.00042329036,0.006704857,0.05462
139,1,1,0.1613030708785106,0.1292756,0.01467171,0.16368772
140,1,1,0.1656772997812068,0.16784786,0.060861517,0.16768467
141,1,1,0.6419316495680504,0.8379344,0.14270464,0.60791796
142,0,1,0.3660090116373517,0.995337,0.97779965,0.37039682
143,0,1,0.01539604342778766,1.1841261e-06,1.0344609e-07,0.014994522
144,0,0,0.01775472560310579,1.859493e-08,9.3881914e-07,0.0055641304
145,1,1,0.7694671720304986,0.9999982,0.9999938,0.7718299
146,0,0,0.011696105824250222,7.931468e-09,3.0931483e-07,0.012102781
147,0,1,0.27668409935267746,0.8914403,0.5756391,0.27590013
148,0,0,0.012203574842379505,1.7690909e-05,0.0017646855,0.014976292
149,1,1,0.9699987707657459,1.0,1.0,0.96888006
150,0,0,0.026916954075270273,0.004225672,0.05461889,0.03401482
151,0,1,0.2613216336343929,0.7539464,0.30010003,0.26545236
152,0,0,0.02963791795331144,0.00041070444,0.005870117,0.029619368
153,0,1,0.06506580464608082,0.00038163955,0.0004744518,0.067707844
154,0,1,0.12401963788888,0.026473342,0.004523909,0.1233828
155,1,1,0.9973054940603854,1.0,1.0,0.997077
156,1,1,0.7397768510518871,0.9999577,0.99970156,0.7374432
157,0,0,0.018831067321395823,0.0006254686,0.008500814,0.024068967
158,0,1,0.09514900610109087,0.00042563194,4.6622972e-05,0.09605416
159,0,0,0.0065060467799579694,2.419696e-08,8.2250057e-07,0.0061635976
160,1,1,0.9478466070526012,0.999648,0.98158264,0.9452181
161,0,1,0.7379052593614238,0.9999474,0.9997429,0.74175894
162,0,1,0.03798257202277208,0.0002763552,7.095273e-05,0.0383418
163,0,1,0.06948894678112119,0.0018122292,0.00024785477,0.07088485
164,1,1,0.8108293577260459,0.9999988,0.9999993,0.81008434
165,0,1,0.1196671190194971,0.007825627,0.0024018919,0.11589415
166,0,0,0.09027113500100725,0.0021564285,0.43339208,0.113918684
167,1,1,0.3771232042805041,0.9856193,0.9448304,0.37661433
168,1,0,0.5957020870229951,0.9997777,0.99999857,0.58983827
169,0,0,0.010430565718578364,3.0129894e-07,9.585629e-06,0.010839421
170,0,1,0.07597881935986521,0.0014981962,0.00011362484,0.079367526
171,0,0,0.23774160538930073,0.9644609,0.99932367,0.23416653
172,0,0,0.5310073525286801,0.9993677,0.99999917,0.52740276
173,0,1,0.31289200130883676,0.9821292,0.8976202,0.30854216
174,1,1,0.44366696307211445,0.9980311,0.99236286,0.43986517
175,0,0,0.0019968688404127257,1.940705e-08,9.721179e-08,0.0026099663
176,1,1,0.28670674350195596,0.85620606,0.5235564,0.29349214
177,0,1,0.14509237060858993,0.06980764,0.0066769468,0.15110381
178,0,0,0.0005760277828738377,6.422844e-12,3.8612571e-10,0.0007434577
179,0,1,0.2474076473326973,0.58802706,0.24375263,0.2528753
180,0,0,0.047866860960445644,0.010640016,0.12744057,0.04857013
181,0,0,0.08411583460685819,0.021029364,0.23653826,0.0891688
182,0,0,0.011989045419864161,5.6966394e-07,1.0285275e-05,0.012439707
183,0,0,0.003754302191656277,3.829102e-07,2.499134e-06,0.0047900635
184,0,1,0.09478283370548489,0.18721266,0.03836194,0.12289741
185,1,1,0.395159549565654,0.98890346,0.91684014,0.4080898
186,0,1,0.29144609256230425,0.8845749,0.62834495,0.28953075
187,0,0,0.01071280726735875,4.2047958e-07,1.0541126e-05,0.01020998
188,0,1,0.0026117798275762942,2.5247953e-09,2.5980476e-10,0.0031433844
189,0,1,0.004257798897393901,1.4301847e-06,1.96676e-08,0.0050433297
190,0,0,0.0487023909576822,2.4620442e-05,0.01150304,0.049158953
191,1,1,0.4902006949066351,0.9990212,0.99528635,0.48820308
192,0,0,0.18731105127290754,0.09100652,0.47302487,0.1854884
193,0,1,0.20794936670211916,0.77708775,0.101303674,0.20609754
194,1,0,0.7056489833744404,0.9998691,0.99999976,0.6905408
195,0,0,0.007784413263925383,4.2177497e-09,3.8955335e-07,0.007863786
196,0,1,0.4107660206990356,0.9979886,0.9924316,0.41164455
197,1,1,0.8819697203437432,1.0,1.0,0.88422644
198,1,1,0.5292070178831333,0.99914277,0.9959151,0.535093
199,0,0,0.05291071086502434,0.0011951968,0.0123526165,0.05546026
200,1,0,0.528415739989467,0.99891824,0.9999958,0.5181498
201,0,1,0.001419089980897672,5.136835e-10,4.462219e-10,0.0030479464
202,0,1,0.22100165594610463,0.12762316,0.009213052,0.22471692
203,1,1,0.6782510368630934,0.99952894,0.9961916,0.6808838
204,0,1,0.009882249582647065,2.0997308e-05,2.254499e-06,0.012137183
205,1,1,0.5059019095395846,0.99628246,0.997407,0.55726194
206,0,1,0.005301608031927961,9.412082e-07,6.164066e-08,0.006752238
207,0,0,0.008732231416037415,0.00012649798,0.006913843,0.018145641
208,0,1,0.2278955931441138,0.33678034,0.20108218,0.22591138
209,0,1,0.07114500722828622,0.0027546317,2.5875719e-05,0.065471716
210,0,0,0.004475159192445296,2.120797e-07,2.3819605e-06,0.0056018014
211,1,1,0.9141093688518896,0.9999995,0.99999213,0.9136501
212,0,1,0.012027057404653586,0.00023480313,2.0030366e-05,0.015452646
213,0,0,0.18346323338003928,0.19425301,0.90611887,0.1886897
214,0,0,0.4387414053850045,0.9958184,0.99995315,0.43363407
215,0,1,0.11682823455163739,0.0168607,0.0014960243,0.118656345
216,0,1,0.28513777009901375,0.8214512,0.42425853,0.28884348
217,1,1,0.909783819048829,0.9999999,0.99999976,0.9076417
218,1,0,0.742349870705738,0.9999553,0.9999993,0.7306891
219,0,1,0.6366891608157262,0.9998808,0.99955267,0.63207513
220,0,1,0.21116732193093685,0.8833761,0.7515201,0.22512433
221,0,1,0.0037933826896935784,5.6624185e-07,7.419003e-09,0.004520732
222,0,1,0.24321173599733678,0.6991087,0.47217083,0.25320187
223,0,0,0.012662806342899202,0.00014922743,0.0018034668,0.015920058
224,0,1,0.7706647488544655,0.9999224,0.99958104,0.7680214
225,0,1,0.036888860651131,1.3588876e-05,4.5421646e-07,0.03658997
226,0,0,0.08280722010281487,0.01766734,0.16689451,0.07898258
227,0,1,0.2059654434002798,0.3800486,0.13829614,0.19645236
228,0,1,0.20433460333628506,0.3262922,0.095643766,0.21074088
229,0,0,0.05421331263071274,0.0010177147,0.023686284,0.056367025
230,0,1,0.1847557813604717,0.02827052,0.010220751,0.17988123
231,0,1,0.23034230721809565,0.9318882,0.691463,0.22772264
232,0,1,0.059155448030400834,4.5377703e-05,1.0220019e-05,0.05903938
233,1,1,0.21296624853260673,0.27663112,0.07454754,0.21165454
234,0,0,0.003202472685495679,1.2120549e-09,1.8439937e-07,0.0031956786
235,0,1,0.08413359285096784,0.0002249618,9.381806e-06,0.08521561
236,0,0,0.0019559758827575775,6.8085954e-12,1.1972169e-09,0.0021289445
237,0,0,0.02756864836632591,0.000108405606,0.0035724826,0.02791553
238,0,1,0.19014345563120286,0.8442345,0.27033725,0.1974593
239,0,1,0.012647262762098588,7.391702e-07,8.228238e-09,0.0120877605
240,1,0,0.6829814640468486,0.99998415,0.9999999,0.6783982
241,0,0,0.000960025106883395,1.41813e-10,2.4418378e-09,0.0013075878
242,0,1,0.012071520439856986,0.00012100992,1.8155038e-06,0.01465311
243,1,1,0.15347773351158883,0.0113265505,0.0004768953,0.15660962
244,0,1,0.5610536307531897,0.99084586,0.9921284,0.5610134
245,0,0,0.1758647695998984,0.3589892,0.9893618,0.17888997
246,0,1,0.2529274954462149,0.92748517,0.62263256,0.25638625
247,0,0,0.2612774930108537,0.87453556,0.99798536,0.26449895
248,1,1,0.4535587127269017,0.9989008,0.9963296,0.45196363
249,0,1,0.005462203993921299,9.727427e-07,5.977005e-08,0.0070296004
250,0,1,0.017946676038354786,5.081155e-07,2.0238892e-07,0.01837802
251,0,1,0.26408089187632566,0.82396334,0.7136196,0.2729706
252,0,0,0.12541999757711653,0.1541607,0.8314709,0.13220136
253,0,0,0.011238135550956723,0.00043079644,0.02729313,0.023772055
254,1,1,0.7654067786023259,0.99995255,0.9997803,0.7637561
255,0,0,0.011131916290765863,3.6266947e-09,3.7678785e-07,0.011129541
256,1,1,0.953767084708235,0.99999976,0.9999968,0.9529802
257,1,1,0.5865261693011504,0.9993956,0.99736637,0.5946665
258,0,1,0.004846244217842259,4.1317634e-09,6.910828e-09,0.0063175485
259,0,1,0.07395873436053663,0.00040184654,0.00032631602,0.077658154
260,0,1,0.00712781590008419,5.4926254e-06,7.576684e-08,0.008569873
261,0,1,0.01968643421745621,2.0743668e-08,6.4136935e-10,0.020520426
262,0,0,0.3799613293750301,0.9978154,0.9999789,0.37363476
263,0,0,0.04965092526131716,0.008268845,0.07881801,0.050007045
264,1,1,0.9575407614612953,1.0,1.0,0.9556782
265,0,1,0.011796571525216232,2.249305e-07,3.2988908e-07,0.01209577
266,0,1,0.07603502507496668,0.003599775,0.0009984743,0.075205304
267,0,1,0.0019639790606598827,2.2395888e-10,6.9085576e-10,0.0025114552
268,0,1,0.032508367158674334,0.0013051609,0.0002953297,0.03991703
269,0,0,0.20439404764547275,0.045983527,0.33884466,0.20577389
270,1,1,0.9914139264936277,1.0,1.0,0.9908076
271,0,1,0.09115973223125458,0.0053225458,0.003475528,0.09195448
272,1,1,0.225308513126956,0.85467327,0.69214976,0.2399354
273,0,1,0.5759957891862377,0.99973017,0.99940884,0.5915613
274,0,1,0.23788695410387076,0.8575797,0.46397537,0.23758641
275,0,0,0.002503458192143018,2.8760412e-09,2.8006287e-08,0.003098938
276,1,1,0.4067073812755141,0.9977465,0.9920334,0.40479022
277,0,1,0.0092721692192417,1.2180671e-05,1.2589566e-06,0.011447468
278,0,1,0.06134258137786757,0.00020236798,5.1795796e-05,0.060773168
279,0,0,0.06542943846074853,2.6884025e-05,0.00045148385,0.020596856
280,0,0,0.01852057431585566,1.7054788e-06,7.624568e-06,0.018836942
281,0,0,0.0004849549467941995,2.3598506e-12,1.061373e-10,0.00058043463
282,0,1,0.009615822846129371,4.9404175e-06,7.1879975e-07,0.011707532
283,0,1,0.037892013156688185,0.00014194714,2.2620259e-06,0.036395833
284,0,0,0.12440614228801884,0.0046252417,0.7263475,0.12669988
285,0,1,0.029115688850903564,1.3178749e-05,1.8970418e-06,0.03095804
286,0,1,0.26046956746550537,0.8743889,0.4086326,0.270214
287,0,1,0.2079015390203489,0.15500216,0.027748669,0.20956892
288,0,1,0.0010728136133497659,2.0088027e-10,3.664608e-11,0.0014213881
289,0,0,0.0028863746730037826,5.621526e-10,8.304995e-08,0.0028659946
290,1,1,0.8891774322205115,0.9999739,0.99982095,0.885612
291,0,1,0.016517647616116418,2.9412881e-06,1.9041562e-06,0.016592244
292,0,0,0.020597993586541852,3.9034832e-05,0.0007845538,0.021039164
293,0,1,0.4329285322188074,0.9982091,0.99023014,0.43467364
294,0,1,0.13003113450220474,0.0632421,0.012746185,0.12801568
295,0,1,0.16277042587020965,0.4086275,0.20396657,0.17527877
296,0,1,0.12301774128216862,0.00045818143,2.356702e-05,0.125933
297,1,1,0.7305888301792056,0.99999,0.99996066,0.7352922
298,0,1,0.0034334180355768554,5.1336272e-08,1.1573657e-08,0.004619976
299,0,0,0.38607239468208143,0.9373838,0.9955205,0.39014322
300,0,1,0.0103145469895918,7.307368e-09,1.3607396e-09,0.010737401
301,1,1,0.0021023481480055683,1.3570643e-09,2.7004549e-10,0.0027976073
302,0,0,0.0035825496104847105,3.342497e-08,3.2773383e-07,0.004494704
303,0,1,0.03303059461301026,2.569486e-05,3.6420797e-06,0.03189566
304,0,1,0.22060256594488598,0.39873603,0.08490092,0.22374652
305,0,1,0.0006642813973291795,8.1599685e-13,3.2453722e-13,0.0008725733
306,0,0,0.0011309118374574834,3.756234e-09,4.319583e-09,0.0022963576
307,0,1,0.6420983188220377,0.99957997,0.9994629,0.6425839
308,1,0,0.793254138257101,0.9999944,1.0,0.7858823
309,0,0,0.0017323046256774617,5.1345893e-11,1.6402013e-09,0.0018126665
310,0,1,0.147581548967759,0.08608515,0.007526621,0.1488223
311,0,1,0.5943041222478476,0.99982476,0.99953943,0.6000868
312,0,0,0.005365731504071155,1.3983822e-06,1.0314734e-05,0.006826043
313,0,0,0.0011669203789284252,3.7461656e-10,1.2568113e-09,0.0014947832
314,0,0,0.05481644442809028,1.3717361e-05,0.00024088596,0.052651536
315,0,1,0.07033053761790047,0.033665836,0.031160297,0.06824345
316,0,0,0.010209417802909276,1.1307434e-07,1.1912833e-06,0.010031313
317,0,1,0.0058434431897440705,2.6421352e-09,1.3860622e-09,0.0059300293
318,0,1,0.1310899040265573,0.15063736,0.03474444,0.12763087
319,0,1,0.1585445393621449,0.13425305,0.013743431,0.16513693
320,0,1,0.014580595654640462,6.9200054e-05,6.208566e-06,0.01817673
321,0,1,0.03490359014898618,0.00028385196,4.1483627e-06,0.033385023
322,0,1,0.018083963192543493,8.4194275e-05,1.0691181e-06,0.017843457
323,0,1,0.08588602923237519,0.009777042,0.00080828153,0.0881373
324,0,0,0.0005783835088516799,1.2651251e-10,8.3059065e-10,0.00073542463
325,0,0,0.10508643465450093,0.0056399186,0.2859239,0.10410396
326,1,1,0.42239484984548903,0.9970024,0.9899408,0.42465544
327,0,0,0.036974711381630776,8.889546e-06,0.00015646112,0.040374126
328,0,1,0.10540056439291569,0.77592856,0.11115496,0.09933288
329,1,1,0.8760139471221728,0.99996305,0.99975497,0.87576985
330,0,1,0.1359049710064966,0.03635551,0.0046184896,0.13751115
331,0,1,0.24263203464063868,0.79582363,0.2842068,0.25091392
332,0,0,0.013402663344870891,3.2770117e-06,2.400441e-05,0.013453534
333,0,1,0.00539597286712655,9.878904e-07,7.8314756e-08,0.006675445
334,1,1,0.9826052922872998,1.0,1.0,0.98224825
335,0,1,0.1300017906291226,0.43765086,0.098761134,0.13168927
336,0,1,0.14259394665191857,0.052862287,0.0046956614,0.14964831
337,1,1,0.7354719298349047,0.9999757,0.9999466,0.73914784
338,0,1,0.35285391906869806,0.9788679,0.8864866,0.3542724
339,0,1,0.4279246356751118,0.9964963,0.98961455,0.420323
340,0,0,0.04534598101118851,8.636151e-05,0.009199333,0.044942614
341,0,0,0.0019357780278310812,1.4065901e-13,1.842867e-11,0.0019966993
342,0,0,0.5162711771464303,0.98365307,0.99993074,0.50866514
343,0,1,0.07201539845328929,0.008158124,0.0008556291,0.07155096
344,0,1,0.010599009935312768,5.8787873e-06,2.8976467e-07,0.013404245
345,1,1,0.4805426724263589,0.99866736,0.9934876,0.4790499
346,0,0,0.0013143696951152856,9.803696e-10,5.654081e-08,0.0029016493
347,0,0,0.041676366753745184,0.00041933713,0.0042678877,0.04212606
348,0,1,0.28915942512936343,0.89820534,0.7465072,0.29888174
349,1,1,0.740512690388998,0.9999927,0.9999865,0.7470131
350,0,1,0.0025372629784757355,1.4448024e-09,1.9775234e-10,0.0030400294
351,0,0,0.028458556881069488,9.716099e-06,0.00011406158,0.028942226
352,0,1,0.40830185449806666,0.9898189,0.9400998,0.4143018
353,0,1,0.16276631241948714,0.6674137,0.043474976,0.15931696
354,1,1,0.8904584490033568,0.99999785,0.9999825,0.88506126
355,1,1,0.29016160516815087,0.19581878,0.026214188,0.28520074
356,0,1,0.2748045615289954,0.05714775,0.024224427,0.2705952
357,0,1,0.26530082663797044,0.8441824,0.47039595,0.2646141
358,0,1,0.005072774171930418,9.661286e-07,2.4319883e-07,0.006851603
359,0,1,0.5724175482455722,0.99888116,0.99669135,0.5588044
360,0,0,0.2813561110640754,0.87299246,0.9979911,0.28618622
361,0,1,0.4854183396595371,0.9995348,0.99840385,0.4811992
362,0,0,0.013627444092681663,0.0006424366,0.0056806174,0.01752432
363,1,1,0.9940901627413519,1.0,1.0,0.99351066
364,0,0,0.009231493439587948,3.7098877e-07,7.749173e-06,0.009556655
365,0,0,0.005901366718154326,9.814424e-08,1.7408105e-06,0.005843785
366,0,0,0.03141172402986292,2.5252379e-05,0.0027654513,0.009695218
367,1,1,0.6140299849118871,0.99918514,0.9978538,0.6176353
368,0,1,0.3342065881124219,0.85400015,0.35445002,0.3325672
369,0,1,0.21278831759558495,0.39095548,0.090659626,0.21295229
370,0,0,0.006448006621766578,5.336147e-10,9.764827e-09,0.0061177495
371,0,1,0.15022159245585434,0.70419246,0.39824322,0.19113024
372,0,1,0.7029298434756057,0.9999714,0.9998778,0.69803715
373,0,1,0.023302842607859225,0.0009585762,0.00020312598,0.028585287
374,1,1,0.5090128209325138,0.99902797,0.99582314,0.5097361
375,0,1,0.16281113059089838,0.03712747,0.0022383055,0.16635713
376,0,0,0.0026621718095746977,2.5042553e-08,7.5180475e-09,0.001968373
377,0,0,0.00266658470888944,4.036798e-09,3.788109e-08,0.0033176404
378,0,0,0.08632548895300511,0.17967647,0.7882567,0.11158998
379,1,1,0.5240109833721258,0.9994239,0.99892586,0.524802
380,1,0,0.4658164580284246,0.9997265,0.99999976,0.44933277
381,1,1,0.9975889165175397,1.0,1.0,0.99760133
382,0,1,0.0011408235708042626,1.665863e-08,2.0612155e-10,0.0022506155
383,0,1,0.1521007944854913,0.062155854,0.16562378,0.15570702
384,1,0,0.9108624820620582,0.9999808,0.9999999,0.90631455
385,0,1,0.003027500975782532,1.0914903e-10,5.378571e-11,0.003023523
386,1,1,0.2777061382296104,0.74896824,0.30685034,0.28204978
387,1,0,0.3612238463677793,0.5492074,0.9596414,0.3545433
388,0,1,0.0182530535813801,2.2313761e-06,7.045132e-07,0.018451052
389,0,1,0.08419666818397564,0.00443358,0.00022058784,0.07993937
390,0,0,0.0007839733698664599,8.6072816e-12,3.1389763e-10,0.0010368427
391,0,1,0.0016913682644832278,1.0364838e-10,5.037746e-11,0.0021716014
392,0,0,0.012909498871748998,5.704937e-06,4.2701187e-05,0.012801638
393,0,1,0.025243688914707706,1.2635629e-05,2.4206088e-06,0.028585393
394,0,1,0.3919962211050782,0.79722697,0.45777312,0.39451036
395,0,1,0.0028269865318249305,4.4691033e-09,2.413311e-09,0.0036534255
396,1,1,0.7620969978100763,0.999997,0.99998856,0.76491463
397,0,0,0.010889383914799345,1.7043457e-06,5.0538867e-05,0.0112734595
398,1,1,0.9574386633046399,1.0,0.99999917,0.95686746
399,0,1,0.09810854314077228,0.0044245557,0.0010416564,0.09590715
400,0,1,0.17897746346663368,0.08427987,0.026915327,0.18715678
401,0,1,0.015646931090367442,7.205094e-07,1.5275995e-07,0.015687164
402,1,1,0.3290399470791036,0.9884963,0.9803202,0.38617152
403,0,1,0.6405364648854545,0.99979603,0.9996582,0.637293
404,1,1,0.75575302909417,0.99986243,0.9986217,0.7597435
405,0,0,0.010460260941948607,1.4738337e-07,1.6154283e-06,0.010250759
406,1,1,0.936319179496423,0.99999857,0.9999914,0.93450016
407,1,1,0.42368015605156967,0.99443144,0.96356136,0.43126965
408,1,1,0.2859347917587765,0.98553085,0.88765806,0.28853506
409,0,0,0.00957051874090877,2.8744031e-08,2.778016e-07,0.009402591
410,0,0,0.01564596934232724,1.3015972e-06,1.5608484e-05,0.017439038
411,1,1,0.8908580688515131,1.0,1.0,0.8937066
412,0,1,0.11407630913724807,0.073379405,0.020419559,0.122392416
413,0,0,0.030917738891437837,0.00036938264,0.013023199,0.029505027
414,0,1,0.005843439130088378,3.07588e-06,5.214077e-07,0.0070255944
415,0,0,0.3355078486749861,0.8225874,0.9993807,0.32273644
416,1,1,0.10611460669186532,0.0053257276,0.0014988141,0.110010214
417,0,1,0.0018000871283797867,2.0522654e-08,2.2690935e-10,0.002127456
418,0,0,0.017008929248738182,0.000512961,0.007877951,0.021424627
419,0,0,0.1571232413342914,0.17165358,0.77488476,0.16265881
420,0,1,0.046118765898779696,0.00042947818,4.1904827e-05,0.044230554
421,0,1,0.003543195700911315,1.178365e-06,1.8007189e-08,0.0070770145
422,1,1,0.40298901685063604,0.97166514,0.9338167,0.39690882
423,0,1,0.00577372939634296,1.2658594e-05,1.7936341e-07,0.0068340325
424,0,0,0.03273065100350295,0.00010188561,0.0011641097,0.032408748
425,0,1,0.013766547541547793,4.547174e-05,1.5263096e-05,0.016278759
426,0,1,0.3137077741541472,0.95721114,0.88680017,0.32257006
427,0,0,0.01505378447766639,0.0017027588,0.016867278,0.019314868
428,0,0,0.016505427272026033,5.6221656e-06,6.7381545e-05,0.017074889
429,0,0,0.4787160920894178,0.998657,0.99999356,0.47255012
430,1,0,0.7308033918538595,0.9999429,0.9999999,0.72205245
431,1,1,0.6067109844239005,0.9999907,0.9999455,0.61015147
432,0,0,0.032747141977386686,0.044510584,0.54259896,0.068961054
433,0,1,0.012406360908240297,8.923521e-06,1.1085287e-06,0.015864812
434,0,0,0.18564979706652943,0.49399248,0.99403834,0.18702073
435,0,0,0.021545588358795168,4.317721e-05,0.00020454376,0.023264267
436,0,0,0.5826606365265089,0.999677,0.9999995,0.56381893
437,1,1,0.8396894882182541,0.99961936,0.99572337,0.8279738
438,1,1,0.3768350817343327,0.9904507,0.9826451,0.38116065
439,0,0,0.03541132595948253,0.0046835444,0.03903993,0.035075337
440,0,0,0.0005492844127838683,2.2000328e-13,5.5945227e-12,0.0005624788
441,0,1,0.10173609670447828,0.11981049,0.016751338,0.09612297
442,0,1,0.002804461592919499,1.9836139e-07,4.2184576e-09,0.00329253
443,1,0,0.18811275231346147,0.20396192,0.9491668,0.18356182
444,1,0,0.30381002076248415,0.8833218,0.9867969,0.29565528
445,0,0,0.1440575010114366,0.10896982,0.6769932,0.1516753
446,0,1,0.12005237268105311,0.00058722444,3.656446e-05,0.12224387
447,0,0,0.03806919318228417,0.00022414884,0.029690078,0.038610436
448,1,1,0.1501744374587549,0.5189042,0.10479301,0.14975303
449,0,1,0.25985557760451594,0.53684294,0.20087986,0.25977302
450,0,1,0.09966795063577084,0.008093022,0.0022804453,0.10598318
451,1,1,0.6061140455774793,0.99984384,0.9994547,0.606486
452,0,1,0.09311823997663529,0.002489705,0.0021002886,0.09745808
453,1,1,0.99999999999998,1.0,1.0,1.0
454,0,0,0.03378696708551062,0.00034378833,0.0029345946,0.034203976
455,0,1,0.006737438634933915,1.6923387e-08,5.89745e-09,0.0072840382
456,0,1,0.0013880206669951046,7.3136796e-14,1.8935013e-15,0.0013225864
457,0,0,0.004150777549733705,3.3485639e-09,5.1194934e-07,0.00422288
458,0,0,0.01603985311537093,1.7658243e-05,3.7693488e-05,0.015875073
459,1,1,0.6292462358599236,0.9997254,0.99924546,0.6325814
460,0,1,0.10562202254882867,0.012718942,0.0016622307,0.10499443
461,0,1,0.10008450125254578,0.0011531272,0.00028955593,0.09875164
462,1,1,0.3328816643547097,0.65158206,0.1696522,0.33659548
463,0,0,0.008362338067168447,3.2581045e-07,2.670607e-05,0.007880519
464,0,1,0.005117121861138768,2.0442361e-09,1.0344836e-09,0.0051695625
465,0,1,0.07024953641932832,0.044991184,0.025129508,0.07334464
466,0,1,0.4530130861055071,0.99845695,0.99915826,0.4495809
467,0,1,0.11536242366890624,0.025088556,0.003968779,0.118048795
468,0,0,0.4786659039865209,0.9992034,0.9999949,0.47471768
469,0,1,0.529619739217652,0.9816201,0.83785963,0.5253802
470,0,0,0.6455779275264769,0.9996115,0.99999845,0.6439906
471,0,1,0.04398055818225599,0.00033939912,2.5179848e-05,0.043633915
472,1,0,0.4834360315801147,0.99902594,0.9999912,0.48193303
473,0,0,0.0016627984362954094,6.5126937e-10,5.991122e-09,0.0020511458
474,0,0,0.009308626586543158,0.00014705688,0.0028452803,0.020337367
475,0,0,0.013554148458148447,1.2364367e-07,1.0543263e-06,0.013565876
476,0,0,0.028622545394380108,8.6364605e-07,0.0004802565,0.014330307
477,1,1,0.6394555921361286,0.9994117,0.998201,0.6410873
478,0,1,0.2272746760014234,0.8278177,0.42042744,0.22552216
479,1,0,0.24978685082757002,0.68905914,0.9868155,0.25804648
480,0,1,0.0711112556769925,0.00046697844,4.150101e-05,0.07671016
481,0,0,0.042222598251023674,0.0003410745,0.021336075,0.04349135
482,0,1,0.007733781318150808,1.3966614e-07,1.7935925e-08,0.009550943
483,1,1,0.39253397305275883,0.010260774,0.0011594098,0.3839252
484,0,0,0.013640825835337426,7.2793027e-06,0.00028239517,0.013739076
485,0,1,0.482657990626751,0.9897565,0.99312544,0.48583388
486,0,1,0.03925371158969499,2.0465393e-05,2.0205193e-06,0.038805004
487,0,1,0.08591694026389865,0.00015416229,6.158056e-05,0.025192002
488,1,1,0.4584719722556619,0.9955474,0.9810907,0.46446872
489,0,1,0.02851826733206472,1.4640893e-06,1.4371602e-07,0.027285373
490,0,0,0.0313424098730527,5.3679276e-05,0.0005773415,0.032446645
491,0,0,0.011069319759836061,8.999871e-05,0.0016209192,0.0151042035
492,1,1,0.9411967631935381,1.0,1.0,0.9410012
493,1,1,0.7219812762351542,0.9999815,0.9999542,0.7229459
494,1,1,0.7498059679589922,0.99993765,0.9999304,0.74417245
495,0,1,0.4575052219609648,0.96650374,0.8997287,0.47272718
496,0,0,0.007167633008433174,5.8906068e-08,9.778333e-06,0.0078915665
497,1,0,0.9995316642870122,1.0,1.0,0.99948096
498,0,0,0.01086811031410864,0.00013298841,0.00168867,0.022924537
499,0,1,0.2639951957615701,0.81772035,0.62145716,0.27383742
500,0,0,0.0017353728875671348,1.0841771e-09,8.5288185e-09,0.002154326
501,0,1,0.0032178930940497574,8.3044965e-10,3.3575972e-11,0.003953116
502,0,0,0.004046920266664707,1.0903154e-09,4.9252883e-08,0.0042382716
503,0,1,0.19382764357486468,0.109478034,0.021789173,0.19199714
504,0,0,0.0023380817828415204,5.2214567e-08,1.1360587e-06,0.0032146624
505,0,1,0.32758286470255465,0.976842,0.87359375,0.3277549
506,0,0,0.010167478311107384,5.336273e-05,0.00058610836,0.012839701
507,0,0,0.17674685467252843,0.107080564,0.9880207,0.18017547
508,0,1,0.06011028635659744,0.0015754702,0.0012178058,0.061482426
509,0,1,0.028673313452797812,0.00019085083,1.142205e-05,0.029370185
510,0,0,0.7511330705470186,0.99998116,1.0,0.74163735
511,0,0,0.009790992933637305,4.314476e-07,6.265407e-05,0.010325658
512,0,1,0.011727656830706675,3.0281235e-05,2.6080306e-06,0.01529636
513,0,0,0.00745465564934212,4.011142e-08,4.788144e-06,0.007973935
514,1,1,0.5727726180107393,0.9986687,0.99783117,0.5672813
515,0,1,0.19618821755607943,0.011400821,0.0005238479,0.20247222
516,0,1,0.3120229725886253,0.91183794,0.69673634,0.30930865
517,0,1,0.28316604545499924,0.78778774,0.6050805,0.28093126
518,1,1,0.023703998986736394,1.900566e-06,2.3982395e-07,0.022821695
519,0,1,0.026765649344245704,1.1417818e-06,7.7118536e-08,0.028320098
520,0,0,0.0856539269126549,0.012670156,0.51510817,0.08532537
521,0,1,0.5049914613118682,0.99932975,0.99673694,0.50359154
522,0,0,0.0021173152945023438,4.8721244e-08,1.8745899e-05,0.0046049934
523,0,1,0.03393465889738325,6.68597e-05,1.4426216e-05,0.036993865
524,0,0,0.00042506803299202737,2.0958121e-14,3.8680717e-12,0.00042714112
525,0,1,0.008732032519630657,1.3688186e-06,1.087735e-06,0.010651094
526,0,0,0.0006204236000019052,2.353671e-11,3.6033444e-11,0.00044590564
527,0,0,0.02491427233213791,0.00070802006,0.0057362025,0.024613848
528,0,1,0.007542835858767018,3.1671487e-08,5.5530807e-09,0.007063277
529,1,1,0.3859375340166943,0.9006706,0.90268224,0.391006
530,0,0,0.04171043085485021,0.00032049435,0.0036958612,0.044804007
531,0,1,0.012646592840751076,5.7650764e-06,1.0626807e-06,0.015938027
532,0,1,0.0010390567091530802,2.526627e-12,1.1125566e-12,0.0013632865
533,1,1,0.7717150548654738,0.9999865,0.99987066,0.77047676
534,1,1,0.1483048864499164,0.090410076,0.009169562,0.15367217
535,0,1,0.30472713383179245,0.9426256,0.6778559,0.30832466
536,0,1,0.000724582813696472,1.0625047e-11,1.7365999e-12,0.00095588126
537,0,0,0.00032186941639735065,6.690565e-14,2.203473e-12,0.000418156
538,0,1,0.004744892735799441,1.4036332e-06,1.9241082e-08,0.005678278
539,1,1,0.29228714115689386,0.9354873,0.70875645,0.2911823
540,1,1,0.7061009798026084,0.9999794,0.99992156,0.7094825
541,0,0,0.03634948584512102,0.0002186161,0.0026840053,0.03647556
542,0,1,0.014935242860970468,0.00034615886,4.746914e-05,0.030688653
543,0,1,0.024648391198453478,6.9588634e-05,1.5178833e-05,0.026081922
544,0,0,0.0018328084711671457,1.649224e-08,3.2898646e-07,0.0025253634
545,0,0,0.029828092912977083,3.5500958e-05,0.00036808345,0.030692454
546,1,1,0.6019931635587508,0.99982107,0.9998349,0.6064322
547,0,0,0.004005155909324064,4.3751e-06,4.0578514e-05,0.005161038
548,0,0,0.0016536732640148807,1.299569e-09,1.1948403e-08,0.0020394758
549,0,1,0.023537957486224448,4.8313937e-06,3.5632324e-06,0.024053406
550,0,1,0.33859862645615635,0.96877176,0.84104764,0.3393791
551,0,1,0.23073502079298713,0.54707754,0.15401152,0.23201585
552,0,1,0.27227419924056584,0.86873263,0.51639444,0.27217564
553,1,1,0.9216251197854579,1.0,0.9999999,0.9201429
554,0,1,0.05798736910486618,0.0894999,0.023534205,0.07156797
555,1,0,0.40309825207744016,0.9397624,0.9995547,0.39969042
556,0,1,0.3326889058952115,0.94529647,0.8099916,0.3327787
557,0,1,0.016205484743680852,0.00022818185,1.2135081e-05,0.022110578
558,1,1,0.5236838876438992,0.9986511,0.9961235,0.5234148
559,0,1,0.10067457651232221,0.07166883,0.010972386,0.096759856
560,0,0,0.05193746262188641,0.00031868546,0.0037040063,0.05204975
561,1,1,0.4886534600839056,0.9951357,0.99568236,0.49324298
562,1,1,0.4472619443011577,0.9989717,0.9961689,0.4403999
563,0,1,0.3452907200423883,0.9558894,0.8344513,0.34767252
564,1,1,0.10192922012189916,0.031521413,0.0006106002,0.09941052
565,1,1,0.27419998832647385,0.76419735,0.34135884,0.27608
566,0,0,0.0038231582827897674,3.9264397e-11,2.4292426e-10,0.0037133887
567,0,1,0.6884238685388094,0.9999503,0.9997846,0.69263405
568,0,1,0.4817766834311928,0.999062,0.9925921,0.4945691
569,0,1,0.004736039016404113,1.402307e-07,7.782941e-09,0.0060842144
570,0,1,0.14998017197927105,0.45897403,0.017066142,0.14553212
571,0,0,0.5187475552030303,0.9956559,0.99998033,0.5125374
572,1,1,0.800456381598537,0.9999989,0.9999975,0.8002267
573,0,1,0.13674521007561577,0.0027568724,0.0010193761,0.07010506
574,1,1,0.8321455850675743,0.99999976,0.9999993,0.83651495
575,0,1,0.1941156840421961,0.56452763,0.16931897,0.19364406
576,0,1,0.40288142801832916,0.69399184,0.13591297,0.41525963
577,0,0,0.05927615095039031,0.00015617255,0.0032626993,0.06058117
578,0,1,0.2096851369183343,0.3557719,0.07838801,0.21002431
579,0,0,0.0011720946900755202,1.9404307e-12,6.1306994e-11,0.0011853679
580,0,1,0.022109803147703517,5.2980056e-05,1.1957463e-06,0.021341007
581,0,0,0.02708542720891402,0.0028131076,0.061201423,0.034057923
582,0,0,0.026440837955673896,0.002339095,0.05112234,0.03327057
583,0,0,0.017924103651006933,2.5249205e-06,2.8460398e-05,0.0179056
584,0,1,0.06741251361711,0.021830043,0.006429312,0.063531786
585,0,1,0.32117661371518663,0.9456867,0.8162329,0.314176
586,0,1,0.032717725569044835,0.00017261188,0.00018775267,0.033033893
587,0,1,0.42286884533158975,0.91051257,0.39655837,0.43070984
588,0,1,0.06034076595716473,0.15775047,0.050663862,0.073955566
589,0,0,0.07433553469893181,0.012060828,0.17454602,0.07368185
590,0,1,0.09911537317197053,0.027188713,0.0032799917,0.09825751
591,0,1,0.0011099608164824879,9.128776e-11,4.1911852e-11,0.0014285613
592,0,1,0.3736416374389562,0.99139637,0.97380733,0.3858537
593,0,1,0.21112835126776536,0.2868844,0.11029374,0.22019605
594,0,1,0.07788985838511198,7.033336e-06,1.8546037e-07,0.07648764
595,0,1,0.6747085274327048,0.9999144,0.9996569,0.65964574
596,0,1,0.008400602618385551,2.6578793e-06,7.475726e-08,0.0075335708
597,0,1,0.00981502309266102,7.9567667e-07,1.4623694e-08,0.00914436
598,1,0,0.5886547546866534,0.9995406,0.9999982,0.5811556
599,1,0,0.8985165166346152,0.99999535,1.0,0.89177763
600,0,0,0.003973578581494599,7.4087088e-09,1.2832132e-06,0.003928391
601,0,1,0.0015423342403567484,4.6931434e-11,2.1306679e-11,0.0019830046
602,1,0,0.08359816049237695,0.010290933,0.21961698,0.08570907
603,0,1,0.0011108224343863906,5.1462884e-10,1.7318252e-10,0.0024588932
604,0,1,0.12798634527409175,0.025938615,0.0098956395,0.12842193
605,0,1,0.19174224584868318,0.15097696,0.05214517,0.19981693
606,1,1,0.5014879677515882,0.99949443,0.99917525,0.49306634
607,0,0,0.0021405991599407525,3.170727e-08,7.178708e-07,0.0029212865
608,0,1,0.0532378057904518,0.0012946627,0.00066406804,0.05257901
609,0,0,0.3309039193374299,0.91842,0.9994177,0.32513702
610,0,1,0.23852304746731637,0.8807586,0.43748328,0.2471555
611,0,1,0.011682587627813016,2.6896896e-05,2.6060018e-06,0.014153632
612,0,1,0.12923237506661198,0.15329506,0.14604111,0.1338439
613,0,1,0.013770313559060792,4.8374472e-06,6.704163e-08,0.0128751425
614,1,1,0.9962187926253904,1.0,1.0,0.9960148
615,0,0,0.009544183689406937,4.674402e-05,0.0003891371,0.012252576
616,1,0,0.9980710140312573,1.0,1.0,0.9978714
617,0,0,0.0174131331048789,8.759351e-06,0.0001077181,0.017954672
618,0,1,0.029925783152528786,3.3453134e-07,1.3593189e-08,0.029762173
619,1,1,0.7600779096699395,0.99744594,0.9734856,0.74461156
620,1,1,0.9008633781073211,1.0,1.0,0.90253985
621,0,1,0.18032971616730578,0.1132889,0.017914567,0.18081282
622,0,1,0.008870574905357234,5.8915328e-05,4.730885e-06,0.018986713
623,0,1,0.02108967745320867,0.0001179282,3.2047512e-05,0.026190998
624,0,0,0.0047197960730655944,6.013581e-10,4.8642693e-08,0.0053660413
625,1,1,0.9976254095187159,1.0,1.0,0.99734396
626,1,1,0.649339559402281,0.99996805,0.9998301,0.6586681
627,1,1,0.8810488975285999,0.99709153,0.90684134,0.8718392
628,0,1,0.08914561810179643,0.042544592,0.004491686,0.09455761
629,0,0,0.02588034518348183,0.00016942302,0.0022698315,0.026889738
630,0,0,0.002955597544485917,2.6435881e-08,1.4439344e-07,0.003741915
631,0,0,0.039161090717667706,5.8555568e-05,0.0004798282,0.041535143
632,0,1,0.2686814200454598,0.96146876,0.7333238,0.27700728
633,0,0,0.02441537845250719,0.00010581109,0.001360687,0.025109775
634,0,1,0.003114955260978457,2.1857131e-08,1.278246e-08,0.0040119393
635,1,0,0.629012862783884,0.9998404,0.99999905,0.624663
636,0,1,0.49380279111218367,0.9956018,0.9835492,0.49575695
637,0,0,0.012535754381969412,4.609336e-06,3.4384735e-05,0.012432412
638,0,0,0.034386469608444936,0.004018894,0.03439551,0.03398364
639,0,1,0.15371428939205684,0.054967463,0.021256674,0.15350634
640,1,1,0.879819470263197,0.9999182,0.9975319,0.87421364
641,0,1,0.016861166486013542,4.967871e-05,0.00016656826,0.034850776
642,0,1,0.4612803943489431,0.9960808,0.9966478,0.4650295
643,0,1,0.011157838802615153,1.3774542e-05,1.7289593e-06,0.014101218
644,0,1,0.6317975406527216,0.9999033,0.9986802,0.63543296
645,0,0,0.02681037049022702,4.017005e-05,0.0007939822,0.027525587
646,0,0,0.09963790520780616,0.011527955,0.12593484,0.099910855
647,1,1,0.5952780531379224,0.99992967,0.9998119,0.5911239
648,1,1,0.8044387750815505,0.9999957,0.99997354,0.80036336
649,0,1,0.1704475990278694,0.0734952,0.008259821,0.1816828
650,0,1,0.40871419808235,0.9927505,0.96380514,0.41619262
651,0,0,0.0022465091295541,3.980876e-08,8.6722645e-07,0.0030865213
652,0,0,0.029944997131661908,1.8239854e-05,0.00019622307,0.031234834
653,0,1,0.016105553930926216,1.6462076e-06,2.5354697e-07,0.016585212
654,0,0,0.026826807189263994,6.282249e-05,0.0007950232,0.028577887
655,1,1,0.4540193998861651,0.9986405,0.99492705,0.4507717
656,0,0,0.0043495118115501625,6.2737575e-09,4.9955713e-07,0.0044519245
657,0,0,0.009842767179030744,0.00024533368,0.0039868853,0.012214443
658,0,0,0.1818454332320812,0.73805183,0.9813942,0.18713687
659,0,1,0.4834791488141985,0.9975464,0.9883386,0.4831808
660,0,0,0.0032662292771776856,1.4535617e-07,9.360798e-07,0.0041347984
661,0,1,0.0015375966778207232,2.0318438e-09,9.532746e-10,0.0031927486
662,0,1,0.11186055819424454,0.0050142556,0.0065548527,0.11442385
663,1,1,0.5309154467771289,0.99966764,0.998401,0.5330132
664,1,1,0.5543800760723973,0.9976223,0.99341947,0.55727386
665,0,0,0.011944680716355162,3.759967e-07,8.263306e-05,0.012717834
666,1,1,0.8806351154582227,0.99975985,0.9849476,0.87544423
667,1,1,0.9091166290577896,0.9999831,0.9999447,0.906898
668,0,1,0.27196304443955377,0.98568,0.9093491,0.27521908
669,0,1,0.01046361387586955,3.7034784e-08,1.9955955e-08,0.010664569
670,0,1,0.0017691908897983636,9.912709e-11,4.1959044e-11,0.002308064
671,0,1,0.043084546035133474,0.0010401084,0.00032491345,0.04363539
672,0,1,0.026710733114352486,1.886507e-05,4.4282388e-06,0.026776487
673,0,1,0.007911658055573798,1.0237301e-07,3.4914254e-09,0.01026042
674,0,0,0.030072327543141566,5.040107e-05,0.00073628995,0.03020807
675,0,1,0.0008404629160875032,2.1879185e-09,2.363807e-11,0.00165731
676,1,0,0.9184522348307311,0.9998654,0.99998856,0.9132981
677,0,1,0.0051632741636427615,5.256882e-08,9.525607e-09,0.0066706785
678,0,1,0.0019650442533009397,4.4823248e-10,3.0293237e-11,0.002408842
679,0,1,0.07305679204871814,0.0011326332,0.00095043785,0.073477335
680,0,0,0.019400379867111246,5.7003194e-06,0.00030823695,0.018420931
681,1,1,0.8970120581493832,0.9999999,0.9999995,0.8973542
682,0,1,0.40031514903802917,0.9908242,0.94944483,0.40586233
683,0,1,0.9377941313327902,1.0,1.0,0.93757766
684,1,1,0.21025302948242222,0.49962547,0.08951035,0.2182244
685,0,0,0.03011724484918881,1.531861e-05,0.0005210879,0.030187108
686,1,1,0.6255453547042632,0.99960315,0.99818176,0.6313966
687,0,1,0.29810320848186955,0.73700035,0.37846357,0.2913128
688,0,0,0.0029938839074621333,1.825952e-07,1.230607e-06,0.003788476
689,0,1,0.15717832817535957,0.09519554,0.008090457,0.15084341
690,0,0,0.007426210475515488,1.5640477e-06,1.4102913e-05,0.009759855
691,1,1,0.16044000841700326,0.36408347,0.03661863,0.16826
692,0,1,0.22279530119083973,0.83987856,0.35063186,0.22463843
693,0,1,0.33648415099412243,0.8091801,0.66134995,0.33297077
694,0,0,0.010805011598016391,1.6965785e-05,0.00023435627,0.013567329
695,0,0,0.06735191281484745,0.007644087,0.2731895,0.06631136
696,0,0,0.16917391418635697,0.67583245,0.95713687,0.16497356
697,0,1,0.6131276428588135,0.99912053,0.9947004,0.60892224
698,1,1,0.9980195230288619,1.0,1.0,0.99788564
699,0,0,0.028289742923440334,4.5941e-05,0.00086873886,0.027695028
700,0,1,0.17428669515481793,0.13671474,0.023713877,0.17934477
701,0,1,0.0031741334375224657,3.1457883e-08,7.2258453e-09,0.004254201
702,0,0,0.001644467087911234,5.5482947e-09,3.0740594e-08,0.002080249
703,0,1,0.0011625208261342892,9.687371e-10,1.994935e-10,0.0015296771
704,0,1,0.033396611411660365,7.1011884e-05,8.310339e-06,0.03227845
705,1,0,0.12381932031480496,0.099489875,0.84408617,0.12592527
706,1,1,0.6705091559411399,0.99991703,0.9996517,0.67536014
707,1,0,0.9751008397022113,0.9999975,0.99997675,0.9607645
708,0,1,0.18970455212729598,0.55913776,0.11831034,0.19531439
709,1,1,0.8366192880195985,0.9999999,0.9999995,0.84097505
710,0,0,0.03310014737503711,0.019525079,0.18242419,0.065839276
711,0,1,0.7048100438842743,0.9999856,0.99992645,0.709466
712,1,0,0.9986903644184534,1.0,1.0,0.9985708
713,0,0,0.02813737193151812,0.00015428185,0.00157065,0.029957298
714,0,0,0.010667098935743777,9.422143e-08,1.0922655e-05,0.012189228
715,0,1,0.1642648559623198,0.2124892,0.033495523,0.16695045
716,0,0,0.03923643531406052,6.9265676e-05,0.0059516756,0.04043983
717,0,1,0.03976617161701287,2.8226325e-05,5.050948e-06,0.04276543
718,1,0,0.833765173389413,0.99991333,0.9999994,0.8224121
719,1,1,0.2807111994796005,0.90423393,0.8391068,0.28730693
720,0,1,0.33468713422940294,0.9572547,0.7797544,0.33809638
721,1,1,0.48138510098877446,0.9998089,0.99942535,0.4787339
722,0,0,0.04227367922161879,0.00022854112,0.0022220016,0.042373475
723,0,1,0.22845251162039118,0.80594677,0.5729917,0.23392023
724,0,0,0.016367144478810606,5.6063177e-06,6.85905e-05,0.01687563
725,0,1,0.5192634540911558,0.9985858,0.99683785,0.5373176
726,0,1,0.11630269649279396,0.012282359,0.0010909017,0.12124237
727,1,1,0.9291979776271673,0.9999999,0.99999976,0.9293193
728,0,1,0.17051951039497626,0.32792366,0.04626696,0.172146
729,0,1,0.3894300205305191,0.9726063,0.9484479,0.37909818
730,0,0,0.0283401085186881,0.00011309906,0.0014778263,0.027989248
731,0,0,0.0070682269587241135,2.2483333e-07,5.766044e-06,0.0079395715
732,1,0,0.6890997678322772,0.993559,0.9999372,0.6907207
733,0,1,0.04805102525955701,0.000108147695,1.9252706e-05,0.05181861
734,0,1,0.08267062608520123,1.0483562e-05,4.905245e-07,0.086033575
735,0,0,0.017223717934039935,1.2261613e-06,2.5108513e-05,0.017475473
736,0,1,0.0006571181556157949,1.8311108e-12,7.282629e-13,0.0008381842
737,0,1,0.027069651357471247,0.0041592903,0.0005450485,0.033389293
738,0,1,0.006982199529215496,1.06213385e-07,1.6219126e-08,0.008476197
739,0,0,0.003726316784208522,6.730756e-10,4.517225e-08,0.0038791425
740,0,0,0.0027148195879785884,1.1946353e-08,1.2376884e-07,0.003363425
741,0,1,0.2524948773443636,0.8022113,0.42143896,0.2535489
742,0,1,0.005754654629851854,3.2471562e-06,9.456339e-07,0.007732337
743,0,1,0.033239058425825765,9.8010954e-05,8.747881e-05,0.03794239
744,0,0,0.049262921967060204,0.00038497607,0.008289003,0.050343443
745,0,1,0.07657457602550832,0.0011255045,7.072015e-05,0.07355801
746,0,1,0.0009687705083357334,8.801525e-11,7.912504e-13,0.0011393141
747,0,0,0.0006650288773041367,1.7058606e-10,5.221514e-09,0.00088693574
748,0,1,0.00696389007407735,1.2634067e-06,2.700695e-07,0.00896921
749,0,0,0.0033517523130693525,2.3995018e-08,2.465492e-07,0.0041705235
750,0,1,0.00341043701730526,1.773197e-08,9.984597e-09,0.0044250325
751,0,1,0.005192313602024457,9.926663e-09,2.0503395e-09,0.0062118014
752,1,1,0.34699672931312564,0.9874845,0.9289403,0.34704795
753,1,1,0.19319404253970954,0.17083503,0.027536513,0.19483554
754,0,1,0.050744393141557965,0.0009847333,0.00019376849,0.048995238
755,0,1,0.19612697991957728,0.13448584,0.029328536,0.19537307
756,0,1,0.001931398744331267,1.1430467e-08,6.2541483e-10,0.0024153201
757,0,1,0.7174643517656156,0.9999924,0.9999852,0.7185159
758,1,1,0.6033155859575289,0.9999715,0.999884,0.6022297
759,0,0,0.020608493585687053,8.745061e-05,0.0007175243,0.020609979
760,0,0,0.09395601502177126,0.015839363,0.17200236,0.09356304
761,0,0,0.11619339038839377,0.14405009,0.8395315,0.11907299
762,0,1,0.7528424259339805,0.9999944,0.99998033,0.75710225
763,0,1,0.5604383245395474,0.9973864,0.98796916,0.56615734
764,0,0,0.024021417720526395,7.369162e-06,0.00047693757,0.025387872
765,0,1,0.40984028290636465,0.9973859,0.98953503,0.40492025
766,0,0,0.008085101607846831,1.9022e-07,5.739108e-06,0.01042005
767,1,1,0.9608972276566871,0.9999999,0.9999993,0.96128464
768,0,1,0.2928877896660347,0.95378995,0.32576972,0.2905907
769,0,1,0.17461515473611522,0.5897648,0.028984422,0.17080346
770,0,1,0.6211579225208197,0.9993942,0.99953884,0.6204556
771,0,0,0.013292613700342286,4.6471223e-06,0.0004449626,0.012855563
772,0,1,0.4329972287179638,0.987478,0.8577347,0.4331449
773,0,1,0.20956776616313688,0.3144399,0.06198641,0.21166468
774,0,1,0.3058394252039721,0.11087955,0.008481344,0.31238425
775,0,0,0.04003707004835605,4.511909e-07,0.00034697363,0.04011119
776,0,0,0.05689777864323126,0.0074291285,0.14942442,0.056285765
777,0,1,0.006412391648554208,1.0667025e-06,7.268797e-08,0.0080776485
778,0,1,0.04264074058056144,0.045452084,0.014597867,0.051955804
779,0,1,0.1657342280198581,0.30269837,0.11088357,0.18081883
780,0,1,0.18061807805213376,0.39796963,0.18043491,0.19154584
781,0,1,0.14449114198648405,0.0493471,0.048799366,0.1516661
782,0,0,0.0028062370355620117,1.4561584e-10,7.3735915e-09,0.002952881
783,1,0,0.3436909418333141,0.98306876,0.99981797,0.34052727
784,0,0,0.4872097801566286,0.99981594,0.9999987,0.47947365
785,1,1,0.540667955093016,0.99950874,0.9976809,0.54061
786,0,1,0.004096123348041847,9.610801e-08,6.3132743e-09,0.0050760806
787,0,1,0.5051833894483522,0.9963976,0.9909855,0.49601185
788,0,0,0.019737739235148453,0.0029875478,0.043244917,0.04102431
789,0,1,0.02006648671216631,1.0535342e-06,5.262826e-07,0.021552991
790,0,1,0.43884943471102106,0.99930537,0.9984951,0.4383251
791,0,1,0.024711621232425995,4.523257e-05,3.084075e-06,0.024917038
792,0,1,0.005308423844381476,2.0920649e-07,1.9540282e-08,0.0064858664
793,0,0,0.043910939535723004,0.00086159824,0.018994251,0.045217916
794,1,1,0.9947775987229904,1.0,0.9999999,0.996118
795,0,1,0.12871175976564397,0.15611172,0.03900035,0.13543274
796,1,1,0.5495041898313633,0.99746096,0.9931518,0.5513308
797,1,1,0.5654066963057032,0.99835664,0.98592234,0.56146765
798,0,0,0.028524718116414986,0.00011539054,0.0011996197,0.028316967
799,1,1,0.15392125104155066,0.14579833,0.13859345,0.15929954
800,0,1,0.2035707473867924,0.85074043,0.28614944,0.19474098
801,0,0,0.005332149505701166,3.209772e-09,8.662125e-08,0.005965931
802,1,1,0.659802971648414,0.99997306,0.9999132,0.66163063
803,0,1,0.5108415051918077,0.9874166,0.9664598,0.5113907
804,0,1,0.004258209672018618,2.1541557e-07,3.3672714e-07,0.0056869746
805,0,1,0.8362013243343112,0.9999999,0.99999976,0.83997375
806,0,1,0.55995351448581,0.99995005,0.999841,0.5558782
807,0,1,0.2746191222078783,0.08753859,0.010053108,0.26975265
808,0,1,0.32857792850711814,0.5921768,0.16406724,0.33281264
809,0,0,0.0476772259933086,0.001271189,0.07074901,0.05274762
810,0,0,0.013659788698011531,7.2492094e-06,4.0835814e-05,0.0140480455
811,0,1,0.14101569670654648,0.09054954,0.09396146,0.14795117
812,0,0,0.008769411937666942,2.0876904e-07,1.2094574e-05,0.009000625
813,0,1,0.12177989711646493,0.20847555,0.02331526,0.12421759
814,0,0,0.16158989563590595,0.29296002,0.8969589,0.16947612
815,0,0,0.020874018025165076,1.0677451e-05,0.0003099378,0.023525089
816,0,1,0.07376431483420176,0.006458931,0.00045909468,0.07639597
817,0,1,0.46000153835213353,0.9987596,0.99519724,0.45625305
818,0,0,0.017694191059785726,4.3387256e-05,0.0010552814,0.023320265
819,0,1,0.0017421651985327948,3.6280767e-10,1.4577924e-10,0.0022312095
820,0,1,0.6047702466588147,0.99993205,0.9997019,0.60468435
821,1,1,0.7395814085759332,0.99998665,0.99996746,0.73847437
822,0,1,0.05937109917478706,0.0016469063,0.0019619903,0.061033
823,1,1,0.9999999999999982,1.0,1.0,1.0
824,0,1,0.13822853100391322,0.12468175,0.044126548,0.14741726
825,1,1,0.29532724554647444,0.9084528,0.68765587,0.29697198
826,0,0,0.0738212128463958,0.005181359,0.06297395,0.07435917
827,0,1,0.014275401696049878,0.0003873535,4.7260737e-06,0.01806273
828,0,0,0.008952207927022202,2.1152616e-06,3.4227403e-05,0.0108168665
829,0,1,0.1701265521003593,0.25129333,0.227415,0.17548777
830,0,0,0.013452509555977495,9.748659e-06,0.000117392905,0.013332333
831,0,0,0.005022075939369761,1.6832496e-07,1.5951422e-06,0.0062995306
832,0,1,0.17144229181200213,0.25800604,0.13749248,0.16735257
833,0,1,0.11309700595606541,0.010358298,0.0020764421,0.11026908
834,1,1,0.7364857996691162,0.9999764,0.999948,0.74023825
835,1,1,0.6802488993559951,0.9999411,0.9997538,0.68324614
836,1,1,0.8228999192700512,0.9999999,0.9999994,0.8341613
837,0,0,0.008989088835489241,1.35367e-05,0.00024396028,0.011246936
838,0,0,0.011782437896713016,6.181344e-07,5.7275352e-05,0.0124830725
839,0,0,0.00511662247465735,1.0811787e-09,7.991347e-08,0.0055003623
840,0,0,0.0030124018858239256,1.0951639e-08,1.0941246e-07,0.0037291488
841,0,0,0.0019268595257035028,1.7597207e-11,3.9614362e-10,0.0021199037
842,0,0,0.0427268849579427,8.292828e-05,0.0027172277,0.042937364
843,0,1,0.3409924099554542,0.95786583,0.84859204,0.33975622
844,0,1,0.03696464823073716,4.588154e-05,9.194786e-06,0.03556284
845,0,1,0.019190902458665667,2.2517227e-06,1.5682807e-06,0.019416174
846,0,1,0.024407761687255763,6.1067008e-06,2.3609523e-07,0.024164557
847,0,0,0.02019396776287339,2.4021429e-06,2.3710641e-05,0.01999402
848,1,1,0.7391272471574308,0.9999901,0.9999938,0.7420516
849,0,0,0.011480735699072693,4.307057e-05,0.00054856186,0.014605921
850,1,1,0.9999999999999873,1.0,1.0,1.0
851,0,0,0.01442143887754983,1.3581906e-05,0.00010701382,0.014393006
852,0,1,0.00690939278297133,9.83644e-07,7.18105e-07,0.008943362
853,0,1,0.12704842556772877,0.21343425,0.035309874,0.1303738
854,0,1,0.11388743911011782,0.06994455,0.0014018021,0.11137111
855,0,0,0.023854814990878204,0.00010866632,0.005746205,0.027474718
856,0,0,0.006817013095751679,5.4942375e-05,0.0005105211,0.008562191
857,1,1,0.3757313060283803,0.9930743,0.95492625,0.3727597
858,0,0,0.014951123115929154,4.4322347e-05,0.00073539023,0.01867236
859,1,1,0.5716223810438701,0.99988604,0.99987864,0.5698362
860,1,1,0.38380977342581,0.9849091,0.9231767,0.38827023
861,0,1,0.1844700707996918,0.81416106,0.5941208,0.19210558
862,0,0,0.23415964169986545,0.66993505,0.9938402,0.2308177
863,0,1,0.21056057259326647,0.65336055,0.18154438,0.21384886
864,0,0,0.1867803891431364,0.26927006,0.94349056,0.18674798
865,0,0,0.08569811196569646,0.011319644,0.20817482,0.08549706
866,0,1,0.5449953672571067,0.9996727,0.9989869,0.54579115
867,0,1,0.010937499477659535,1.1476842e-05,1.0794926e-06,0.0136456
868,0,1,0.46875823733606303,0.9996771,0.9976882,0.47127774
869,1,1,0.5558591542130296,0.999247,0.99721694,0.5577917
870,1,1,0.9323185673448466,0.99999917,0.99999213,0.9310114
871,0,1,0.06602641222638692,0.0010148973,0.00024785855,0.067900345
872,0,0,0.006579911589717199,9.176058e-09,2.7868523e-07,0.0070209843
873,0,0,0.010049187127795036,6.867076e-06,0.000100124045,0.021782685
874,0,0,0.813502198451322,0.9999757,0.9999999,0.8001228
875,0,1,0.010433165472925287,8.611092e-06,1.2484234e-06,0.012721977
876,0,1,0.04826046925525882,0.0007404223,1.1458567e-05,0.046742484
877,1,1,0.9288058935031087,1.0,1.0,0.9317501
878,0,1,0.17783733964291018,0.024073554,0.0041213604,0.17510587
879,0,1,0.11667830196440285,0.24894506,0.5059617,0.13912667
880,0,0,0.013990107272433784,1.5185113e-06,1.7007726e-05,0.014477172
881,0,1,0.014396204427842355,1.0438071e-05,1.5365883e-06,0.013549919
882,0,1,0.056827737268595406,0.0057757017,9.3892886e-05,0.05438482
883,0,1,0.7075414489132841,0.99999845,0.9999913,0.7101145
884,0,1,0.31940378377492334,0.95082027,0.8112574,0.3175231
885,0,1,0.05543367061616559,0.0017112014,0.00038548364,0.052662198
886,1,1,0.9576660639421838,1.0,1.0,0.9571335
887,0,0,0.00902878677099979,5.474482e-08,8.341324e-07,0.009105166
888,1,1,0.06753066194390271,0.035368655,0.00066662667,0.06578185
889,0,1,0.22797539060731778,0.46846846,0.109543554,0.23136403
890,0,0,0.01490519700451664,1.7108547e-06,7.873172e-05,0.016359638
891,0,0,0.050964140713261954,0.00015177969,0.001347307,0.051169943
892,1,1,0.6230265495731288,0.9999664,0.99986553,0.6254638
893,0,0,0.36624147336929663,0.9646265,0.9998344,0.36105067
894,0,1,0.39363520799584417,0.9989217,0.99835986,0.4043079
895,0,1,0.04334708198761717,0.00029653127,6.0943494e-05,0.043958694
896,0,0,0.0636073649346049,0.0006931623,0.021843672,0.06544632
897,1,1,0.6610410948959238,0.9997901,0.999567,0.6534134
898,0,1,0.2000678918613845,0.06567255,0.0034348038,0.20579572
899,0,1,0.5242315147219931,0.9984529,0.9947077,0.52681696
900,0,1,0.07714562570943381,0.0019988024,0.00023617184,0.076762214
901,0,1,0.008439964801809795,1.9870086e-07,4.7594417e-09,0.007768059
902,1,0,0.7558939835558337,0.999995,1.0,0.7507035
903,0,0,0.31544924955638265,0.9916089,0.9996389,0.32798415
904,0,1,0.2580245535621129,0.93599266,0.59860545,0.265201
905,1,1,0.19762493283659474,0.49124664,0.07960687,0.20614338
906,1,1,0.6118250980156846,0.9998764,0.9995852,0.61383915
907,0,0,0.05774614239960427,0.0055006333,0.110638596,0.05654865
908,1,0,0.6380475148978073,0.99965715,0.9999993,0.624584
909,0,1,0.038504390172792995,0.0013666708,0.00012967335,0.037527915
910,0,1,0.020086753229724547,3.6181365e-07,1.1768928e-08,0.0054674773
911,1,1,0.4459322508658138,0.998998,0.9979488,0.45992607
912,0,1,0.6119061561945698,0.9999726,0.9999498,0.63702196
913,0,0,0.0014558577483810386,2.4301106e-09,2.2335078e-08,0.0018101921
914,0,0,0.007239835795349263,1.3915131e-05,0.000113465896,0.009218163
915,1,1,0.8005376709853049,0.99999666,0.9999938,0.80748487
916,0,1,0.009467098389310464,4.9336006e-08,2.943735e-08,0.009557522
917,0,1,0.2964790301052626,0.7488782,0.5722323,0.28923059
918,0,1,0.03942394185303281,0.0017246092,0.0001374352,0.04006951
919,0,1,0.26150688114470005,0.94662666,0.6497662,0.26800528
920,0,1,0.04941197165430205,7.3471085e-05,3.17084e-05,0.051562317
921,0,1,0.005246321140682861,8.098787e-07,5.1535224e-08,0.006711287
922,0,1,0.005146474332571226,3.9728807e-06,4.159432e-08,0.009886538
923,0,0,0.014732276109411345,2.3391108e-06,2.6906951e-05,0.015192424
924,1,0,0.9348226800093665,0.9999416,0.99998415,0.93326837
925,0,1,0.5179622489006969,0.99855095,0.9924707,0.5252061
926,0,1,0.03731850934656491,0.00040097142,7.541271e-05,0.039152578
927,1,1,0.5464228553681677,0.99980867,0.999114,0.5456046
928,0,1,0.6878399359073696,0.99998856,0.99996233,0.6873387
929,0,1,0.3145989033303637,0.7157888,0.7019796,0.32572845
930,0,0,0.01143081303646763,3.186293e-05,0.00017436984,0.013983231
931,1,1,0.5942564485242853,0.99997735,0.99992394,0.5947833
932,0,1,0.3175479693156479,0.21043174,0.021032304,0.32236677
933,1,1,0.44261674004641216,0.99736834,0.9865972,0.4459738
934,0,1,0.6804035234229964,0.9999685,0.99996066,0.6777154
935,0,1,0.45382042998757943,0.9993782,0.99875915,0.47754464
936,1,1,0.9325047399162909,0.9999994,0.9999964,0.93441576
937,0,1,0.24831130605005744,0.4879742,0.23340154,0.2527412
938,0,1,0.2296184650994239,0.37378177,0.112238586,0.23787288
939,1,1,0.9989298401673307,1.0,1.0,0.9988248
940,1,1,0.5532323199080491,0.99942786,0.99773955,0.56125957
941,0,0,0.04575738548331027,0.004990342,0.07114129,0.045951795
942,0,1,0.07498045335996259,0.00060270505,0.00025936836,0.07260368
943,0,0,0.0015519321965580333,1.1413784e-11,6.164895e-10,0.0015855334
944,0,0,0.028048290641578086,2.880356e-05,0.00041626286,0.028504165
945,1,1,0.23622870556729286,0.58952516,0.17593224,0.23800552
946,1,1,0.5567992049384994,0.99986196,0.9992367,0.5645581
947,0,0,0.03648397601050114,5.9337413e-05,0.0083298795,0.03838228
948,0,0,0.02860791573322301,5.5382247e-05,0.000717774,0.028527541
949,1,1,0.3666900250442251,0.99636805,0.9544073,0.3719072
950,0,0,0.00429910076624231,4.5613643e-07,5.80446e-06,0.0053156274
951,1,1,0.9994051913685202,1.0,1.0,0.99933094
952,0,0,0.0070179116193052815,3.2661254e-09,3.8404746e-08,0.007322657
953,0,1,0.06700351870692661,2.8745302e-05,1.021963e-06,0.06802183
954,0,0,0.4970750674437009,0.99949944,0.99999714,0.4850404
955,0,0,0.018345135047958476,5.5642147e-07,3.9863653e-06,0.019328257
956,0,1,0.03935487834464477,0.0024246501,0.0013041869,0.04851784
957,1,0,0.9942959348405183,1.0,1.0,0.9948284
958,0,1,0.3843464045242767,0.9993604,0.9977691,0.40099096
959,0,1,0.23090830372864599,0.32894105,0.13834888,0.24062318
960,0,1,0.004397860468095233,1.7179635e-06,2.3282109e-08,0.005223494
961,1,1,0.5165846067706272,0.99895287,0.9952089,0.5239055
962,0,1,0.5283892756530258,0.99668825,0.9879832,0.5315759
963,0,1,0.00407667091990652,2.556672e-07,6.869853e-08,0.0054350463
964,0,1,0.007621583650576411,2.9063672e-06,2.9198554e-07,0.009429397
965,0,0,0.029484193526695165,9.902601e-06,0.00072998385,0.029205909
966,1,1,0.7552687760689725,0.9999918,0.9999678,0.7597094
967,0,1,0.05218804032671768,0.00020160321,0.00017238277,0.04897529
968,1,1,0.26263135898513784,0.9521993,0.7290901,0.2629894
969,0,0,0.0031367594852081343,2.8012253e-06,3.068352e-05,0.0067466507
970,0,1,0.44934782180106386,0.99939024,0.9958787,0.4534128
971,0,1,0.0014936461256056844,6.605877e-09,7.3032536e-10,0.0022278086
972,0,0,0.0011347973393437474,6.650154e-11,2.6972904e-09,0.0015080007
973,1,1,0.16116858564682204,0.8919622,0.7786379,0.1705611
974,0,1,0.007447464263069118,2.9207379e-06,3.118074e-07,0.009123887
975,0,1,0.24967850926335575,0.44646016,0.08113727,0.24824771
976,0,1,0.15182517882913935,0.0169339,0.0032159172,0.15036814
977,0,1,0.1277110095502158,0.14603765,0.0885237,0.13284035
978,0,1,0.32907605978770427,0.9902207,0.9465487,0.32870468
979,1,1,0.5086176131613732,0.9997483,0.99912876,0.5050467
980,0,0,0.01911876327877615,7.957617e-06,4.5660894e-05,0.020351753
981,0,1,0.23290207940097524,0.5424159,0.27788252,0.22097886
982,0,1,0.01773796732334441,2.7047259e-08,5.6514454e-10,0.018721417
983,0,1,0.012416680414384202,7.65226e-09,2.906059e-10,0.012256125
984,0,1,0.24615799019170864,0.35776168,0.042014487,0.24730523
985,0,0,0.03372941749038103,2.5609143e-05,0.00029436577,0.035462152
986,0,0,0.004091374988933428,7.5746e-09,1.2091816e-06,0.0040459707
987,0,0,0.04919321161889654,0.0003848642,0.016428571,0.051204085
988,0,0,0.009769797088415444,6.69822e-08,9.629597e-07,0.011222772
989,1,1,0.2163818620874826,0.21242136,0.05264513,0.20989794
990,0,0,0.007157850609486343,1.3148135e-08,2.2008794e-06,0.008002275
991,0,1,0.002220386259884787,3.5030573e-10,1.6722569e-10,0.0027561777
992,1,0,0.10044477467323741,0.0053900685,0.15127201,0.103425905
993,0,0,0.004816275769263829,3.9488755e-06,3.3386124e-05,0.0060740663
994,0,1,0.0057138768210963885,3.5740684e-06,1.0980314e-06,0.007612549
995,1,1,0.6274084925269604,0.999956,0.99984074,0.6281953
996,0,0,0.0010319488378328474,8.425107e-11,1.2825607e-09,0.0014140462
997,0,0,0.0030645762341787387,4.4376924e-09,2.1072772e-07,0.0038099233
998,0,0,0.4722297324764517,0.9964567,0.9996027,0.47813216
999,0,0,0.0005751644038367568,6.6829794e-13,1.428634e-10,0.0007524994
1000,1,1,0.8517487631424222,0.99994683,0.99920666,0.8445865
1001,0,1,0.048828558611319704,4.292173e-05,2.3717585e-05,0.047569115
1002,0,0,0.12915720060584016,0.09054698,0.78444153,0.13325301
1003,0,1,0.00485196568676157,9.64093e-08,1.6355746e-09,0.0044542854
1004,0,1,0.04265853381238563,6.997425e-05,0.0005450527,0.055572722
1005,1,1,0.999999999999919,1.0,1.0,1.0
1006,0,0,0.009595420349664466,2.384537e-08,5.114696e-07,0.010805679
1007,0,0,0.020748139762039902,0.001047901,0.046129923,0.024635844
1008,1,0,0.9974717265500618,1.0,1.0,0.99717426
1009,0,1,0.040595397716932005,2.4660552e-05,5.2829078e-06,0.043057606
1010,0,1,0.0034997623851323522,2.4583866e-08,1.47662735e-08,0.0045330967
1011,0,1,0.0156001872446041,3.384248e-06,5.8894886e-07,0.014783074
1012,0,1,0.0018583358917807385,2.9844671e-09,2.6067355e-09,0.0023625025
1013,0,0,0.07997100147560071,0.0025245058,0.04965856,0.080360234
1014,0,1,0.03748554156088816,0.00056616106,0.0002862189,0.039503314
1015,0,0,0.004139779672892483,2.0604664e-06,1.5054839e-05,0.005236518
1016,1,1,0.38591245270255553,0.9968616,0.99278027,0.3964784
1017,0,1,0.729047282806518,0.9999982,0.99999523,0.72885525
1018,0,0,0.04627210238151029,0.009536204,0.073743284,0.04919725
1019,0,0,0.0005989345082586302,1.0526684e-12,2.425044e-10,0.0007811528
1020,0,1,0.1490669564412154,0.3070186,0.4241645,0.15279926
1021,0,0,0.011685215242112027,1.6612229e-07,4.001474e-05,0.013027649
1022,0,0,0.042247769480859086,0.00044330512,0.010101462,0.042967208
1023,0,1,0.3458421622763993,0.99297756,0.94992334,0.34781957
1024,0,1,0.08332704275396359,0.018495535,0.0005626504,0.08041283
1025,0,0,0.0009332512069127249,1.6354949e-11,6.4379113e-10,0.0012346456
1026,0,1,0.5212527781660129,0.99986756,0.99960816,0.5218271
1027,0,0,0.0030508993850618723,5.68947e-11,2.2529358e-09,0.00317187
1028,0,1,0.012081002241050793,0.00021575,4.072152e-05,0.024352046
1029,0,0,0.12778557897274542,0.007848482,0.06160743,0.13528946
1030,0,1,0.44998774283487514,0.9070257,0.81395227,0.42508116
1031,0,1,0.0687620034831217,0.00010947319,8.7834975e-05,0.072289355
1032,1,1,0.8693363494285408,0.99999857,0.9999913,0.8682503
1033,0,0,0.007366594772979781,2.873277e-07,1.0998527e-06,0.007845964
1034,0,1,0.16531610800201274,0.50922817,0.42205405,0.17280121
1035,0,1,0.2785945192687525,0.7915848,0.25123474,0.28034887
1036,1,1,0.6878212968494067,0.9999695,0.9999285,0.6879919
1037,0,0,0.008687758794787052,1.9718446e-07,1.179366e-05,0.009089112
1038,0,1,0.014043858704124073,2.7787103e-06,5.971877e-08,0.012742152
1039,0,0,0.11852010560826345,0.010377046,0.07362723,0.11520752
1040,0,0,0.009878233277570429,0.00022583304,0.004391659,0.021563033
1041,0,1,0.009826315595544234,4.1007912e-05,3.7218838e-06,0.012186531
1042,0,1,0.044176965268425676,9.431082e-06,2.3855732e-06,0.044333406
1043,0,1,0.006351621574683426,4.1775894e-09,3.0206895e-09,0.006498353
1044,0,1,0.05448442504285384,0.0070400187,0.00010444205,0.052418854
1045,0,1,0.2416257957335605,0.12681755,0.0083316555,0.24624576
1046,0,1,0.17537111975166078,0.1129426,0.011984083,0.1781554
1047,0,1,0.005007692813963126,1.0290222e-06,2.7398184e-07,0.0067031365
1048,0,0,0.006070388470772204,4.287294e-08,5.686343e-07,0.0061429054
1049,0,1,0.004392955022955785,4.0850938e-07,1.07917906e-07,0.005877964
1050,0,0,0.0020182382818121833,3.6111845e-09,5.6120715e-08,0.0024740633
1051,0,0,0.28876096907398646,0.5336152,0.99374086,0.28261602
1052,0,1,0.3491307082728754,0.9979825,0.9898365,0.3502867
1053,0,1,0.8297263383265018,0.99999785,0.99998486,0.8262997
1054,0,0,0.05115683541620886,0.00039129765,0.007809147,0.050953828
1055,0,1,0.10753757618424171,0.0791354,0.027011156,0.11439301
1056,1,0,0.037775797458907655,0.00090531155,0.015253347,0.04062828
1057,0,0,0.000271118841886171,1.8849658e-14,5.9599374e-13,0.00035135687
1058,0,1,0.4957979829402761,0.9974988,0.9874675,0.50350314
1059,0,1,0.10334536723502213,0.014450175,0.0036624414,0.10720328
1060,0,1,0.6026614486269376,0.99983716,0.99984586,0.6090475
1061,1,1,0.7559164970523534,0.999979,0.9999218,0.74724984
1062,0,1,0.4072011709533531,0.92284757,0.58322775,0.40105763
1063,0,1,0.10053509664304999,0.0009636961,0.00067382155,0.10669132
1064,0,0,0.00017197484820937798,1.1196778e-15,2.9393273e-14,0.00022288061
1065,0,0,0.42690717313975474,0.9138889,0.9981748,0.41324914
1066,0,1,0.5775987272534638,0.9999553,0.99976355,0.5842524
1067,0,1,0.7310266077347067,0.9999777,0.999972,0.7303033
1068,0,1,0.21605050584683047,0.40624988,0.09387014,0.21694759
1069,0,0,0.026781406292855966,2.7138158e-05,0.0007005419,0.029252615
1070,1,1,0.6908105478075558,0.99997175,0.9993715,0.6694236
1071,0,1,0.03448859395645668,0.00019345834,2.8959612e-06,0.03276034
1072,0,0,0.013348250760329562,6.9393474e-07,3.0092962e-05,0.0146484645
1073,0,1,0.0169347732993323,5.6576687e-07,5.57107e-07,0.017605353
1074,0,0,0.03415339890178431,0.0009377104,0.012471181,0.034546714
1075,0,1,0.10368173847112407,0.004761532,0.026176395,0.108548194
1076,0,1,0.01598130599178735,2.838556e-10,8.5908024e-11,0.015188892
1077,0,0,0.017111940231282527,9.862252e-07,1.8768564e-05,0.017419454
1078,0,1,0.04092969066669076,0.00022895526,5.459579e-05,0.039058078
1079,0,0,0.025050782936306266,0.00044737788,0.010281545,0.025491053
1080,0,1,0.01678843155656136,3.3562337e-05,4.753905e-06,0.022079643
1081,0,0,0.004225655834385672,2.2997679e-10,1.5445993e-08,0.004260935
1082,0,1,0.06459015082292745,0.0011442478,9.587541e-05,0.06718002
1083,0,1,0.39070197527958833,0.9941291,0.96021223,0.39475283
1084,1,1,0.023869971865344047,2.0629088e-05,3.0055253e-05,0.02505562
1085,1,0,0.16521775140644276,0.6036212,0.99300957,0.16145712
1086,0,0,0.03171779098714002,8.871319e-05,0.00067622686,0.03332338
1087,0,1,0.013493290703457492,5.181263e-07,3.0875093e-08,0.013114136
1088,0,0,0.0007502894007772685,5.0931395e-13,1.4183856e-12,0.0009395312
1089,0,1,0.02406474088562856,3.997493e-06,8.330429e-06,0.024344485
1090,0,1,0.2803730326296605,0.54243326,0.101589605,0.276268
1091,0,1,0.8642523312485988,0.999933,0.9984623,0.8604615
1092,0,1,0.04055285826545165,0.00018074503,1.8831279e-05,0.0399493
1093,0,0,0.01386973484901726,3.1911118e-06,8.854635e-05,0.013228977
1094,0,1,0.00768093323182447,5.611224e-09,2.4530928e-09,0.007834989
1095,0,1,0.002937725923003665,1.2665284e-09,5.64303e-11,0.00610357
1096,0,0,0.028408049078902774,0.00033986475,0.0049941787,0.027316561
1097,0,0,0.011666294068293349,0.00024159855,0.0022242249,0.014891317
1098,1,1,0.15360360254871322,0.177571,0.05594881,0.15019186
1099,0,0,0.0032722845482025145,1.9400408e-10,3.134449e-09,0.0036032381
1100,1,1,0.8232956897349042,0.999982,0.99995637,0.816099
1101,0,1,0.003684405701635605,4.5878636e-07,5.989522e-09,0.0043916507
1102,1,1,0.7212937070408031,0.9999858,0.99994326,0.726362
1103,0,0,0.035507785077232845,1.4555288e-06,1.03882385e-05,0.035560157
1104,1,1,0.26412226132481814,0.7948181,0.61715686,0.26459458
1105,1,1,0.6664146163524766,0.9999517,0.999833,0.673033
1106,1,1,0.19731037429260176,0.23853539,0.045332395,0.19786489
1107,0,0,0.0021229755044589993,1.6582364e-11,1.1358741e-09,0.0022399246
1108,1,1,0.5042726409309288,0.9994098,0.9973182,0.5033678
1109,0,0,0.9507011951880504,1.0,1.0,0.9464528
1110,0,1,0.2820693770370754,0.8184161,0.42482644,0.2836388
1111,1,0,0.5774432842251278,0.99982715,0.99999833,0.58088887
1112,0,1,0.04314875327804684,0.000116362346,1.6863934e-05,0.04065299
1113,0,1,0.143343769061028,0.19809267,0.11177169,0.14941527
1114,0,1,0.08194207446554835,7.589934e-06,2.2428897e-07,0.078742966
1115,0,1,0.1592167682017732,0.3636436,0.1702013,0.1687263
1116,0,0,0.0023690845304240172,2.2362487e-08,2.4303674e-07,0.0029301723
1117,0,1,0.2836977910455951,0.82244706,0.42854604,0.2853557
1118,0,1,0.22308823112252218,0.41776595,0.18637265,0.23169479
1119,1,1,0.153906715290781,0.13436612,0.030426392,0.1605914
1120,0,1,0.0722331559913145,0.0035840503,0.00024851356,0.07560065
1121,0,1,0.11936271202155652,0.12756029,0.015830437,0.11891211
1122,0,1,0.19452127159394925,0.06271951,0.020855356,0.19571084
1123,0,1,0.13840893692166364,0.061496697,0.010190751,0.13624963
1124,0,0,0.3104548123553918,0.34737423,0.9823413,0.30600646
1125,0,1,0.42849456850877454,0.99891543,0.9963174,0.42517054
1126,0,1,0.043455173981795624,0.00023123181,3.6186113e-05,0.041837275
1127,1,1,0.141931077996311,0.42898104,0.20235732,0.14476788
1128,1,0,0.45238393206634214,0.99970454,0.99999714,0.44742277
1129,1,1,0.19372239331431007,0.6383392,0.16231662,0.19596039
1130,0,1,0.5952617178330732,0.36055496,0.124670126,0.2575177
1131,0,0,0.003691016314889861,4.7457107e-08,4.909261e-07,0.004593602
1132,0,0,0.0009155435549335577,1.4678583e-11,5.828084e-10,0.0012092487
1133,0,1,0.30300198990119015,0.84782,0.5595112,0.29506108
1134,0,0,0.07435449079972914,8.769262e-05,0.19930468,0.074669376
1135,0,1,0.1305180880278613,0.012683406,0.0023904196,0.1343726
1136,1,1,0.9131541005587411,0.99978566,0.9945794,0.90707207
1137,1,1,0.8964732988791175,0.99999976,0.99999917,0.8935622
1138,0,1,0.0371146950002224,0.00023149872,2.5488953e-05,0.036200717
1139,1,1,0.7829235511329149,0.99999774,0.9999919,0.7863492
1140,0,1,0.1141309500745771,0.028200515,0.009640161,0.12280985
1141,0,1,0.37133643406434047,0.97824275,0.89615005,0.3785371
1142,1,1,0.718373823996959,0.99999285,0.99997103,0.71934915
1143,0,0,0.0019474980287101922,7.393742e-10,6.190326e-09,0.0024243284
1144,0,1,0.24589029502351636,0.18258303,0.035841383,0.24480747
1145,0,1,0.2661403359888756,0.69315416,0.44776884,0.27541438
1146,1,1,0.7297687817435359,0.9999893,0.9999572,0.7349299
1147,0,1,0.2849648726101136,0.64214957,0.61931205,0.29709098
1148,1,1,0.9786947198971816,1.0,1.0,0.97819895
1149,0,0,0.03707044703424667,0.00038672,0.009041501,0.03748663
1150,0,1,0.08788819394195597,0.008161705,0.00013803344,0.085619345
1151,0,0,0.011815640944985984,5.5854234e-05,0.0011351802,0.0149294315
1152,0,1,0.020329412513054985,0.001316887,0.00011067352,0.025558373
1153,0,0,0.048956255341386194,0.00021234567,0.0038306366,0.04788742
1154,0,1,0.0018308331484428748,3.0629505e-12,5.6719224e-13,0.0022052263
1155,0,0,0.1202534722313402,0.0051800027,0.7791826,0.12231949
1156,0,0,0.0033983155602063113,1.4774224e-11,1.701478e-09,0.0035456964
1157,1,1,0.29630322048687924,0.93398917,0.8115935,0.29896596
1158,1,1,0.6349821414793684,0.9998791,0.9996282,0.6412305
1159,0,1,0.028644107488246154,0.013670993,0.0014641364,0.061268337
1160,0,0,0.03331436085075906,5.561666e-05,0.00068585796,0.033647407
1161,0,0,0.04074879269706574,0.0015556412,0.03209456,0.040772464
1162,0,1,0.34153820546292285,0.9835662,0.9567058,0.3511386
1163,0,0,0.4185115586920656,0.9812625,0.99986124,0.41232663
1164,0,1,0.0021488590317674484,5.165219e-10,2.4938188e-10,0.0027889446
1165,0,1,0.020924992865005147,3.3955908e-07,9.354452e-09,0.021887392
1166,0,1,0.012791118603464475,4.9886535e-07,3.2866095e-07,0.012933688
1167,0,1,0.2633105410808718,0.8999718,0.58929145,0.26496258
1168,0,1,0.013896781861944273,0.00024119738,2.7416785e-05,0.017396227
1169,1,1,0.9999999999999987,1.0,1.0,1.0
1170,0,1,0.13605760771238623,0.0067180996,0.00034419532,0.13875556
1171,0,1,0.09466375666606759,0.0014245646,0.0028794047,0.10233229
1172,0,1,0.001638987803872647,3.0709064e-08,5.5469485e-10,0.0019115655
1173,0,0,0.09409178506558445,0.07459192,0.38085055,0.10073435
1174,1,1,0.8011398299644951,0.99999905,0.99999714,0.80717266
1175,0,0,0.09924729797870643,0.1188389,0.5173087,0.10568195
1176,0,0,0.3750264949585752,0.9785512,0.999938,0.365897
1177,0,1,0.19362793871121925,0.47815436,0.07906066,0.20081402
1178,0,0,0.025764607944654315,1.931669e-05,0.0003100179,0.026477978
1179,0,0,0.014876774485256563,8.186692e-07,2.2920402e-05,0.015062409
1180,0,0,0.015678194603689796,5.1190523e-06,0.00019075113,0.015115841
1181,0,1,0.18848316275296786,0.99686086,0.99502933,0.198138
1182,1,1,0.9129533444388356,0.9999995,0.99999976,0.91138214
1183,0,1,0.004142624720844826,4.155642e-08,2.5241644e-09,0.0051573277
1184,0,1,0.26851966756691875,0.24729405,0.032683965,0.2598009
1185,1,0,0.0656991466512943,0.00476056,0.6815027,0.061024036
1186,1,1,0.30271078544663804,0.9845658,0.949518,0.3036623
1187,0,0,0.06344241112580885,0.033425625,0.30845183,0.062089775
1188,0,0,0.0037924842582669326,1.1767154e-06,2.4941719e-05,0.009193798
1189,0,1,0.03305326455947355,0.00028592764,5.070793e-05,0.031630512
1190,1,0,0.5691757539201289,0.9987772,0.9999461,0.546881
1191,0,0,0.00979063412863119,2.594493e-06,7.0239796e-05,0.011979234
1192,0,0,0.0817703703493334,0.002805051,0.132693,0.08197486
1193,0,0,0.021503230752997878,1.9491317e-05,0.0003766273,0.021669233
1194,0,0,0.01945056978723402,0.00049818296,0.01072164,0.024423884
1195,0,1,0.01157790368669146,1.2611641e-06,1.653634e-08,0.010856388
1196,0,1,0.3146611604317428,0.9459476,0.7661953,0.31717834
1197,0,1,0.2326528769088504,0.27846,0.07480418,0.23318738
1198,0,1,0.0029731407031199308,2.07056e-08,1.9605501e-08,0.0038186419
1199,0,1,0.1897709803158169,0.15972286,0.02636578,0.1917249
1200,1,1,0.7158712355823648,0.9999821,0.9999474,0.7225825
1201,0,1,0.26645820590472813,0.74615943,0.49638918,0.25656345
1202,0,1,0.33530600897355184,0.97975755,0.853752,0.3361834
1203,1,1,0.9210713822799025,1.0,0.9999999,0.9201912
1204,0,1,0.12827760808631325,0.013225635,0.0016636392,0.1338929
1205,0,1,0.27778450211784256,0.9731539,0.78017974,0.27906138
1206,1,1,0.7349662630977266,0.9999689,0.9999769,0.73348206
1207,1,1,0.8011796124978167,0.9999993,0.99999774,0.80764747
1208,0,1,0.023461086962778002,0.00024038741,6.6229826e-05,0.02202866
1209,1,0,0.8545414381119302,0.99996483,0.99999285,0.848548
1210,0,0,0.003180922953389907,1.4988089e-07,1.0542107e-06,0.004002154
1211,0,1,0.40407954710330696,0.9462667,0.91891325,0.40071929
1212,0,0,0.4838623460387915,0.99763775,0.99998975,0.47547808
1213,0,0,0.045057607238146766,0.00016676086,0.0086260205,0.045608625
1214,0,0,0.09257457949713911,0.016532388,0.7113355,0.08767982
1215,0,1,0.17498442251782842,0.29850996,0.27206114,0.18050206
1216,1,1,0.628666854673007,0.99971515,0.9995257,0.6249776
1217,0,1,0.1521157991153583,0.09635699,0.04474827,0.14504991
1218,1,1,0.9194504914599257,1.0,0.9999999,0.9176649
1219,1,1,0.3403965727702674,0.97261107,0.8974549,0.33569133
1220,1,1,0.39811241828622274,0.9953985,0.97577,0.40040007
1221,0,0,0.19934783933879607,0.7433736,0.99858546,0.1979654
1222,1,1,0.7165499005784977,0.98890775,0.90168893,0.701424
1223,1,0,0.9277378091566696,1.0,1.0,0.9251224
1224,0,0,0.035497661401068435,0.0006073846,0.005638804,0.03565605
1225,0,1,0.1657647224309615,0.2075818,0.024825718,0.17326264
1226,0,1,0.03245685960991009,1.6236188e-05,2.8558502e-06,0.032577448
1227,0,1,0.004838503715058379,1.09860426e-10,3.2892286e-11,0.004763566
1228,0,1,0.695489869938867,0.99996877,0.99991846,0.697697
1229,0,0,0.04825496090631624,0.0003658358,0.016579684,0.05087248
1230,1,1,0.21028935422834721,0.6726955,0.16915372,0.21945661
1231,0,1,0.007251323767582592,6.570504e-09,3.6795935e-09,0.0073664743
1232,0,1,0.0030178064526014967,7.846603e-09,8.585056e-10,0.003633474
1233,0,1,0.43128687206741934,0.9965264,0.97922575,0.4365663
1234,0,0,0.38781336662092575,0.88065356,0.9972032,0.37540466
1235,0,1,0.7623418169926329,0.9999976,0.9999851,0.7554941
1236,0,1,0.3179084008211639,0.87097394,0.52369326,0.32179198
1237,0,0,0.04366414451072789,7.665645e-06,0.00016671237,0.021723427
1238,0,0,0.009483368403679228,2.2216905e-07,1.1526677e-06,0.0098324185
1239,1,1,0.1825463055706277,0.37641183,0.081193686,0.18360467
1240,0,1,0.20193640087354403,0.16268513,0.102069914,0.19548935
1241,0,1,0.0010762727601807745,1.2483098e-07,6.3414995e-10,0.00093860785
1242,1,1,0.18539834099920904,0.5356196,0.023684442,0.18249896
1243,0,1,0.17948771653436754,0.15471902,0.010656603,0.18375096
1244,1,1,0.5906419223128794,0.9999449,0.9998927,0.6121625
1245,0,1,0.0005650057135120984,4.26917e-12,2.9122375e-12,0.0007107872
1246,0,1,0.020373707158005783,5.593394e-06,3.8129843e-07,0.020525685
1247,0,1,0.04378478195063343,0.0011530508,0.00028349308,0.041496947
1248,0,1,0.21408531374017656,0.7968917,0.29624912,0.21741301
1249,0,1,0.0018820741981952862,6.3467387e-10,9.6084786e-11,0.002395388
1250,0,1,0.5852190986631203,0.9999145,0.9994744,0.5922252
1251,1,1,0.33848753071666626,0.94823956,0.8091843,0.33726338
1252,0,1,0.002555564093078306,1.2468791e-08,1.3854588e-10,0.0030350145
1253,0,1,0.011715228569327978,6.0603765e-05,8.734134e-06,0.014234069
1254,1,0,0.2505906086779647,0.29218227,0.91813457,0.2615476
1255,0,1,0.08428373368074972,0.005766096,0.001980762,0.08393584
1256,0,0,0.0027705853253168437,3.4817895e-09,5.3279255e-08,0.0027097652
1257,1,0,0.38798784703509476,0.98854136,0.99993277,0.3780248
1258,1,1,0.5399625375856074,0.9983095,0.9925115,0.53881896
1259,0,1,0.023775949822396586,0.007798993,0.0013669905,0.04814482
1260,0,1,0.00040237244626958234,3.3563197e-13,7.346115e-14,0.00052475394
1261,0,0,0.1296062781662598,0.23413183,0.960062,0.12635353
1262,1,1,0.8898704189149578,0.99999833,0.99998903,0.88889426
1263,0,1,0.008928545517534964,1.3792933e-05,1.9885765e-07,0.010779562
1264,0,0,0.03206366410735489,2.204582e-05,0.0010566174,0.033430416
1265,1,1,0.6331200592688496,0.9995466,0.9992249,0.62955636
1266,0,1,0.0652766772247435,8.928256e-05,9.551747e-06,0.064188264
1267,0,1,0.21373317291569946,0.6688478,0.15616532,0.22237119
1268,1,1,0.890362683545009,1.0,1.0,0.89596033
1269,0,1,0.009396693784294023,2.8924724e-06,6.481026e-07,0.011314181
1270,1,1,0.8592580788720502,0.9999999,0.99999976,0.862089
1271,0,1,0.006488725647412931,0.0001137302,2.4667916e-05,0.012983469
1272,0,0,0.01102647409886548,0.0001460456,0.0012911299,0.014157278
1273,0,0,0.0021543407728768513,8.8056934e-10,8.016273e-09,0.0026637171
1274,0,1,0.5312139338691482,0.9966683,0.9980591,0.54452103
1275,0,0,0.05998817199178603,0.0014934842,0.03141767,0.05957879
1276,0,1,0.008380949934299312,6.396069e-05,1.3108881e-05,0.016957046
1277,1,1,0.5320315237293226,0.9995255,0.9986897,0.5322259
1278,0,1,0.2910917113072833,0.86679447,0.52152216,0.29176396
1279,0,1,0.002203065565428348,8.308933e-10,4.5405182e-10,0.0028323412
1280,0,0,0.04430331513753942,0.00023952217,0.0030563418,0.045980345
1281,0,1,0.016605704913144677,0.0001653687,4.901178e-05,0.019895175
1282,1,1,0.6557307821560534,0.99990904,0.9997772,0.6551888
1283,0,1,0.03254797115408576,0.00035652204,3.1672796e-05,0.031707656
1284,0,1,0.8172233535000518,0.9999515,0.9999443,0.8095976
1285,0,1,0.4058710459606477,0.93001044,0.62103957,0.39771032
1286,0,1,0.0060860094202729,2.8527577e-08,1.5167009e-09,0.0060133636
1287,0,1,0.05720879872038201,0.00032529127,0.00041115726,0.059194796
1288,0,0,0.0026301515000064384,1.1924554e-10,1.14488605e-08,0.0026360368
1289,1,1,0.5054426581567009,0.9986181,0.99370134,0.5108801
1290,0,0,0.007985307949959176,8.919464e-08,3.1545704e-07,0.008765186
1291,0,1,0.1652974752540414,0.35265794,0.08426141,0.1641104
1292,0,1,0.07073692489653191,0.001727544,0.00010788566,0.07034858
1293,0,0,0.011029014563981473,1.0230508e-07,1.1161634e-06,0.0107915085
1294,0,1,0.3805888759335985,0.996388,0.8563222,0.37458915
1295,0,0,0.0014482863231258458,1.7793978e-11,2.4661253e-09,0.0014380354
1296,0,1,0.02604099663082958,0.0045990804,0.00028908535,0.035038684
1297,0,1,0.1344570065837667,0.81432027,0.4071097,0.15549016
1298,0,0,0.0021038600914580294,3.1399676e-08,3.0154208e-06,0.0027405913
1299,0,1,0.013084139035308473,3.1357098e-07,1.4062906e-08,0.013863348
1300,1,1,0.6106338075755039,0.9997946,0.9996282,0.6057593
1301,0,0,0.049421755349154675,0.00081728067,0.0094806515,0.0512146
1302,0,1,0.20364123460842926,0.12336497,0.02386668,0.20414197
1303,0,1,0.04061298335971686,0.00022315895,3.5010446e-06,0.03914532
1304,0,0,0.003417547414927531,7.422035e-08,1.9457552e-06,0.008107189
1305,0,0,0.0029663117064853456,3.392481e-11,1.5543009e-09,0.0031848082
1306,0,0,0.0038129630136014667,2.4421776e-09,3.642e-09,0.0036473833
1307,0,1,0.5304085333809927,0.9997708,0.99907184,0.5278591
1308,0,1,0.5634162355304013,0.99540967,0.99589014,0.5641594
1309,0,1,0.5281244496761963,0.9997079,0.9990342,0.5291866
1310,0,1,0.6174862074533872,0.99951875,0.99782866,0.62270063
1311,0,1,0.011364814391316062,4.4759207e-05,3.876251e-05,0.014803422
1312,0,1,0.05496356354848987,5.0810497e-05,0.00020673014,0.054991532
1313,0,1,0.036320280592780925,5.5496814e-05,4.193617e-05,0.037203502
1314,1,1,0.3425811293370723,0.9964717,0.9903145,0.3356692
1315,1,1,0.7767542237027455,0.9999975,0.9999944,0.7794725
1316,0,0,0.014575267660564595,4.7045072e-05,0.0011501905,0.015481197
1317,1,1,0.2247109632704476,0.4542248,0.087959446,0.22790286
1318,0,0,0.005474026328919685,7.905306e-10,6.2794676e-09,0.005386925
1319,0,1,0.07483112414711375,0.007551693,0.00063770404,0.07696981
1320,0,0,0.0009674204962329593,1.7810524e-10,4.7178386e-09,0.0013063045
1321,0,0,0.1119482871888716,0.022445552,0.27409956,0.113072574
1322,0,0,0.011021585943666938,2.6513299e-06,0.00013574286,0.024557456
1323,0,0,0.03410237031880298,0.000111512745,0.0061604558,0.035218947
1324,0,0,0.010720743265015834,1.1456625e-06,7.632163e-06,0.01079882
1325,0,1,0.18702680187126308,0.016598454,0.0012882322,0.18884394
1326,1,0,0.9589260117761453,0.99999964,1.0,0.9551022
1327,1,1,0.08207209445468874,0.015805392,0.0013747377,0.08423885
1328,0,1,0.0018625297840456025,1.8068065e-10,7.1351423e-12,0.0038586059
1329,0,0,0.08863321107050927,0.017218545,0.17611618,0.09022217
1330,0,1,0.05907879715892462,0.2823337,0.059473854,0.07575664
1331,0,0,0.004272467220201521,4.723211e-10,1.3686225e-07,0.0046641286
1332,1,1,0.2760956201227727,0.87071085,0.5102251,0.27738774
1333,1,1,0.963853621927605,1.0,0.9999999,0.9632015
1334,0,1,0.03991276532109236,0.022044953,0.029856067,0.048441023
1335,0,1,0.0005956071124568157,2.5343468e-14,6.6228214e-16,0.0007231533
1336,0,1,0.3014768291463373,0.9472857,0.8737996,0.3123313
1337,1,1,0.8140937211248801,0.9999994,0.999998,0.81723535
1338,0,0,0.0059538694543920835,7.872901e-08,1.643218e-06,0.0055876994
1339,0,1,0.2732541223638176,0.97451186,0.96775717,0.27627727
1340,0,1,0.15183124416289603,0.0069079422,0.006278367,0.16086012
1341,0,1,0.010542809496867613,1.5194997e-05,8.0141723e-07,0.013921133
1342,0,0,0.0013079957831174638,3.1121274e-09,1.468179e-09,0.0008997863
1343,0,0,0.04420583329274649,0.0010193994,0.016559342,0.044648357
1344,0,1,0.5311980160475389,0.9915663,0.9160772,0.5370927
1345,0,1,0.014268253194186157,7.388731e-05,1.0720386e-05,0.017598495
1346,0,0,0.026803501102735775,4.6649284e-06,1.8066063e-05,0.027400814
1347,0,1,0.1347133802944887,0.2502185,0.006600981,0.1309442
1348,1,1,0.31591848754991525,0.9350412,0.84908116,0.32644737
1349,0,0,0.7564011824552346,0.99999106,1.0,0.7533134
1350,0,1,0.010751621181684415,5.3726225e-08,1.038785e-07,0.010703398
1351,0,1,0.1459113926962008,0.2828256,0.055065278,0.14190057
1352,0,0,0.00216808364343551,3.5404145e-08,1.7969798e-07,0.0028309624
1353,0,1,0.2492378939783989,0.5321651,0.14636487,0.25243065
1354,1,1,0.27768767028353636,0.9921216,0.9830131,0.29422164
1355,0,1,0.03352786479261487,9.093083e-06,7.295916e-07,0.03481897
1356,0,1,0.6138537274161746,0.9994751,0.997649,0.61877805
1357,1,1,0.9999999999999933,1.0,1.0,1.0
1358,0,1,0.07813587311618092,0.0037189303,0.00046707017,0.07684852
1359,0,0,0.003074400062461693,2.5411754e-07,1.8263329e-06,0.0038838878
1360,0,0,0.0010035644192403703,2.9556184e-11,1.204071e-09,0.0013217883
1361,0,0,0.12078669091433263,0.04386604,0.42909327,0.12532328
1362,0,0,0.055817941962040804,0.00088651455,0.018895473,0.055371787
1363,0,1,0.1446010220246919,0.16073498,0.057155684,0.15472269
1364,0,1,0.0024189855556719206,7.4038633e-09,1.4744315e-09,0.0032238876
1365,0,1,0.027541909216249383,0.0034155422,0.0003146494,0.035230175
1366,1,1,0.9654789227828761,0.9999639,0.9987147,0.96315575
1367,0,0,0.03216728438242766,0.0002735033,0.0032077013,0.033885736
1368,0,1,0.06769557157710063,0.0009801525,0.00017091027,0.06598274
1369,1,1,0.7178981748998434,0.9999821,0.9999254,0.7243111
1370,0,1,0.6154829929779895,0.99949825,0.99851626,0.62144446
1371,0,0,0.01613611100219819,2.6788714e-05,0.00020395369,0.016268285
1372,1,1,0.6442474079248663,0.9998549,0.9996288,0.64514494
1373,0,0,0.0043766709852596074,5.937065e-09,9.799691e-07,0.004402437
1374,0,0,0.10828144816231572,0.029359715,0.3726535,0.10743483
1375,0,0,0.0034286592802353134,9.245143e-11,4.203911e-09,0.0036630572
1376,0,0,0.07163163884174396,0.0012748083,0.11378899,0.07149229
1377,0,0,0.04393323207237797,0.00036292934,0.0053124977,0.043938916
1378,0,0,0.043390913608600964,0.0019868598,0.04131272,0.0453291
1379,1,1,0.5321988398452647,0.99997437,0.9999813,0.5353834
1380,0,1,0.2716636067604708,0.8915028,0.6338242,0.2731942
1381,0,0,0.009266759031276361,3.7151986e-07,1.0041396e-05,0.010533454
1382,0,0,0.04426310804795905,0.00044706246,0.006264928,0.04671898
1383,0,0,0.002701383044570416,5.2536663e-11,3.7100447e-09,0.0028652863
1384,0,0,0.041200399174233966,0.0011896759,0.007621914,0.043494366
1385,0,1,0.11160168167364934,0.00090061873,6.320972e-05,0.10801449
1386,1,0,0.8526560999444593,0.9999888,0.99999976,0.8452912
1387,1,1,0.9443253996475454,0.99999964,0.9999976,0.9415441
1388,0,0,0.017355519988057726,2.525561e-06,0.00014426207,0.018543899
1389,0,1,0.017827697310157386,1.04759665e-05,3.5794649e-06,0.017588867
1390,0,0,0.13594583286945688,0.8484563,0.985472,0.14277236
1391,0,1,0.0014725683906177123,1.0833802e-11,1.5736194e-12,0.0018282892
1392,0,1,0.41659517960491765,0.9615569,0.88850176,0.41586822
1393,0,0,0.03489798666099571,5.0692604e-05,0.0007241146,0.035527322
1394,0,0,0.03735056806489213,0.00017177484,0.0017842622,0.037828237
1395,0,1,0.2818671721874375,0.9083471,0.62634873,0.28369868
1396,0,1,0.01421688695830789,1.5806518e-06,1.9750077e-08,0.013412004
1397,0,1,0.10655078698211184,0.028376173,0.0025529491,0.107542254
1398,0,1,0.011089009585371075,4.614583e-05,2.4195704e-06,0.015128796
1399,0,0,0.12758478085761446,0.026260732,0.6403312,0.1358973
1400,0,1,0.06818536658053403,0.005025578,0.00042383786,0.06860472
1401,1,1,0.6532397289104276,0.99992657,0.9997415,0.6585481
1402,0,0,0.039023373812604865,0.0021308935,0.031635772,0.039962836
1403,0,1,0.09971609920366423,0.0660728,0.0059435284,0.10128447
1404,0,1,0.006213600640681858,1.9353267e-06,4.844742e-07,0.013363633
1405,0,0,0.04523006816359058,7.355352e-05,0.0063523077,0.04976019
1406,0,1,0.0961029435511889,0.0014717823,0.0012371329,0.10142117
1407,1,1,0.5856054070001193,0.9948403,0.98544294,0.5693729
1408,0,1,0.004582735480009679,5.7260902e-08,4.791092e-09,0.0056587113
1409,0,1,0.01138016940665488,0.00021484759,2.2993327e-05,0.025253868
1410,0,0,0.016595507868629344,1.683985e-06,2.829753e-05,0.016287405
1411,1,1,0.669033053523757,0.9998872,0.99992085,0.66435707
1412,1,1,0.8231355251070506,0.99998796,0.9999553,0.81981033
1413,0,1,0.13043301190538562,0.019219521,0.0035005515,0.12960498
1414,1,1,0.2636034501865108,0.8182004,0.41328934,0.26432222
1415,0,0,0.01847034308330585,1.3552058e-05,6.2318235e-05,0.019998185
1416,0,0,0.02341020008319314,6.6133136e-05,0.00079780456,0.024303503
1417,0,1,0.22821118077639455,0.762834,0.06307038,0.22707303
1418,0,1,0.004969699281824561,1.66472e-07,6.087142e-08,0.0063228314
1419,0,0,0.008248590037644526,1.7120477e-06,2.1411163e-06,0.0078531355
1420,0,1,0.011776565900951304,5.2219624e-09,1.9458551e-10,0.011519209
1421,0,0,0.0009247522775704865,1.5531732e-11,6.139104e-10,0.001222451
1422,0,1,0.09326711293550036,0.0066279294,0.001597981,0.09079031
1423,0,1,0.010682258318732114,3.4157165e-05,8.267881e-06,0.013559853
1424,1,1,0.6880458152866801,0.99999094,0.9999732,0.68902785
1425,0,1,0.5741980869060878,0.99874026,0.99661213,0.5761468
1426,0,1,0.007882225967432148,3.8202692e-05,1.2636413e-05,0.010589527
1427,1,1,0.9472736776240691,1.0,1.0,0.9463268
1428,0,1,0.42395855365312546,0.99651897,0.9927172,0.45103344
1429,0,1,0.19957554046690004,0.17380261,0.04188663,0.19848251
1430,1,1,0.5044632729939843,0.9987801,0.99490297,0.50925505
1431,0,1,0.08263182576495355,0.008775537,0.0012425416,0.08010605
1432,0,1,0.27097007100206,0.88725984,0.51175994,0.25884047
1433,0,0,0.26219292133264277,0.81638587,0.98642576,0.25471592
1434,0,0,0.004451551366775953,5.0742443e-07,6.1467354e-06,0.005549554
1435,1,0,0.3450460626406849,0.9935961,0.99993694,0.33906814
1436,1,1,0.29682781669317543,0.89010745,0.6307183,0.2964592
1437,1,1,0.4200148791799158,0.9937044,0.98094857,0.41862798
1438,0,1,0.012422837662886006,0.00011105103,1.2516286e-05,0.015428347
1439,0,1,0.09213307698456073,0.7877079,0.39246413,0.11185603
1440,0,1,0.0013407863507641732,1.2736846e-09,2.661719e-10,0.0017726026
1441,0,0,0.16175162601950013,0.8066369,0.9828325,0.16874385
1442,0,1,0.008928571161050785,1.368387e-08,7.734197e-09,0.0090853935
1443,0,1,0.12420477891455536,0.0029838716,0.0038258156,0.06491502
1444,0,1,0.017507436218633304,0.0005582184,3.452477e-05,0.023725588
1445,0,1,0.5616784735602433,0.9989624,0.9988819,0.54979575
1446,0,1,0.11406678630924948,0.07035707,0.010965988,0.1123682
1447,1,1,0.384915717179948,0.9509568,0.78465414,0.3871918
1448,1,0,0.024427548439418974,3.062597e-06,0.000207642,0.027028332
1449,0,1,0.049395772481671055,0.0023457666,0.00029136697,0.048273
1450,1,1,0.8466995232537121,0.999985,0.99998415,0.84104854
1451,1,1,0.8060773390749737,0.9999987,0.9999974,0.8081719
1452,0,0,0.0006245499344800392,9.36975e-14,2.035572e-12,0.00081796007
1453,1,1,0.28042203819059086,0.9546032,0.7567399,0.28314117
1454,0,1,0.08139826780350436,3.4492194e-05,1.2611395e-05,0.099580154
1455,0,0,0.004929559249284292,2.6201643e-09,3.8405037e-08,0.0052030776
1456,0,1,0.5024915549975578,0.99940765,0.99610996,0.51037943
1457,1,1,0.344733591985985,0.9694354,0.9223884,0.3569286
1458,0,0,0.06074174032397429,0.00024773995,0.0023271777,0.06353661
1459,0,0,0.017881711505361338,5.5840555e-06,0.00019398646,0.016996061
1460,0,1,0.03461506524029333,5.025493e-05,2.7323242e-06,0.036933634
1461,1,1,0.995911071888512,1.0,1.0,0.9955977
1462,0,1,0.11052696576651194,0.010933186,0.001374849,0.10382547
1463,0,1,0.1840905633381757,0.40232515,0.062954165,0.1918482
1464,1,1,0.2441258747874658,0.68707496,0.25675705,0.24590062
1465,0,0,0.08306294157451892,0.003058893,0.026939852,0.08111264
1466,0,1,0.11699754651754389,0.018216562,0.0045008017,0.11492801
1467,0,0,0.015645131079994417,6.2265494e-06,0.00024007981,0.016935734
1468,0,1,0.312289566825443,0.98357916,0.89673746,0.31281665
1469,0,1,0.3748353834758774,0.99513924,0.97262186,0.37356877
1470,0,1,0.03446434390432555,0.000109747554,2.6657981e-05,0.032937124
1471,0,1,0.37236932055957056,0.049947288,0.0075564575,0.3617286
1472,0,1,0.5459195885899066,0.99967307,0.9990723,0.54251444
1473,0,0,0.35308574172421375,0.99227166,0.99997413,0.36296552
1474,1,1,0.5918212630716966,0.9992354,0.9979437,0.5939574
1475,1,0,0.999999999999942,1.0,1.0,1.0
1476,1,1,0.9805761577102869,0.9999999,0.9999987,0.98021233
1477,0,0,0.006093812174217932,2.1406144e-08,1.1473277e-06,0.0060599023
1478,0,1,0.01580149904727281,1.6080731e-06,1.5330798e-07,0.032965034
1479,0,1,0.4306727145174916,0.9813712,0.9557443,0.44457078
1480,0,0,0.002504604340353892,3.0720178e-09,3.0675054e-08,0.0030931337
1481,0,1,0.7028058092062475,0.99992967,0.99969465,0.7081835
1482,0,0,0.004224729792474368,6.6593895e-09,5.951131e-07,0.0043140263
1483,0,1,0.2426391587573572,0.958065,0.8969186,0.25991887
1484,1,0,0.8086773885932454,0.9999994,1.0,0.8043173
1485,0,1,0.017246106597467625,7.874817e-05,1.9843357e-05,0.020402491
1486,1,1,0.8386978860313218,0.9999976,0.99998736,0.8356398
1487,0,0,0.0054819780757981934,9.755485e-08,3.2974103e-06,0.0058306465
1488,0,1,0.533214976319912,0.9999416,0.9997997,0.5275017
1489,0,1,0.05172337761271482,0.00039522466,6.164878e-05,0.05205773
1490,0,1,0.2164851620943778,0.26973686,0.10711946,0.21751273
1491,1,1,0.155437394945146,0.0068252604,0.00050134986,0.15644768
1492,1,1,0.9678176497231736,1.0,1.0,0.9666694
1493,0,1,0.15836404553662578,0.13017753,0.01693032,0.16277726
1494,0,1,0.0026321205473826405,7.673131e-09,1.3077746e-09,0.003149314
1495,0,1,0.007033533610892512,0.00014249311,2.2333113e-06,0.014078326
1496,0,0,0.004421982878267056,4.210653e-06,0.00023189417,0.00931633
1497,0,1,0.002840941444299352,1.6008718e-08,1.5472413e-08,0.0036348554
1498,0,0,0.0162598980936981,3.5759128e-06,3.356035e-05,0.01662985
1499,0,1,0.0035729528693306378,2.6411943e-08,1.5455571e-08,0.004648248
1500,0,1,0.005355611269173167,2.4209783e-06,2.430669e-07,0.006809008
1501,0,1,0.9511497306178458,1.0,0.99999976,0.95197505
1502,0,0,0.04115738135981624,0.00052610063,0.010684142,0.04244227
1503,0,1,0.14306409752519597,0.419707,0.064108774,0.14634378
1504,1,1,0.40078692801863836,0.98047435,0.93897456,0.39600256
1505,0,1,0.325291375622387,0.9868176,0.92169946,0.32502058
1506,0,1,0.13733571657940377,0.0068906755,0.0017092054,0.14322925
1507,0,0,0.01502454112959608,1.2543139e-06,0.00021442886,0.015500585
1508,0,1,0.49122201332176646,0.9968323,0.98319966,0.497176
1509,0,1,0.02365570213983916,0.0008664589,0.000112129805,0.02924451
1510,0,1,0.005894125634961815,1.2384122e-07,1.5649006e-08,0.0071176873
1511,0,0,0.03982195497263019,0.00013018689,0.004697596,0.039873865
1512,0,1,0.00624331813848972,2.4261322e-09,2.5644185e-09,0.0067549124
1513,0,0,0.004949391699952695,3.7797015e-06,2.899828e-05,0.006278947
1514,0,1,0.59494975974239,0.99962366,0.9997334,0.604595
1515,0,1,0.054602186904646806,0.0020497367,0.0008827489,0.060526606
1516,0,1,0.07628287258738517,0.0010006111,7.649581e-05,0.072238624
1517,0,1,0.22193899030365594,0.27808714,0.054076888,0.22494489
1518,0,1,0.5445243380359484,0.99757934,0.9931908,0.542162
1519,1,1,0.6954130383746064,0.9998777,0.9999081,0.6936605
1520,0,1,0.005575977502994586,8.184953e-10,9.499308e-11,0.0056510973
1521,0,0,0.0014575907684939333,5.217788e-10,4.708337e-09,0.0017969375
1522,1,1,0.5778485066103385,0.9973718,0.99517715,0.5741304
1523,0,1,0.2785906726704356,0.7110503,0.21419829,0.2843613
1524,0,1,0.01731769574683103,0.0001016245,1.1314913e-05,0.022414608
1525,0,0,0.004371407598858073,6.715064e-09,4.8322687e-07,0.0046140812
1526,1,1,0.9819034835838817,1.0,1.0,0.98078823
1527,0,0,0.32962993795394707,0.9973368,0.99985623,0.3160539
1528,1,0,0.1967671827293148,0.23255256,0.96115303,0.19369681
1529,0,1,0.28194996145443596,0.6755475,0.2968887,0.284341
1530,0,0,0.005952390699390987,4.5795358e-07,3.7350753e-06,0.005944517
1531,1,1,0.5985975987094984,0.9998441,0.99951124,0.6006063
1532,0,1,0.0748683739835225,0.06215444,0.0010983335,0.07202992
1533,0,1,0.16693132636687005,0.22593868,0.040101305,0.16708931
1534,0,1,0.17744973207798606,0.094465464,0.014453537,0.17944498
1535,1,1,0.17493505582754035,0.99791414,0.9779562,0.31598827
1536,1,1,0.8876466406106575,0.9999988,0.99998355,0.88528776
1537,1,1,0.6837995854819474,0.99989426,0.99956733,0.6878922
1538,0,1,0.5551137578330261,0.999728,0.9996426,0.5491732
1539,1,1,0.4037265430666948,0.9752759,0.95198673,0.3967995
1540,0,0,0.008474591918178434,1.6191501e-05,0.00015270499,0.011098024
1541,0,0,0.025077571197903097,0.00014602428,0.033152208,0.030367445
1542,1,1,0.734952717012439,0.99999833,0.99999535,0.73629683
1543,0,1,0.004202489633369749,2.6044393e-09,1.6434634e-10,0.00505244
1544,0,1,0.002106397768197885,1.2754107e-09,2.473237e-10,0.0028191279
1545,0,1,0.6562689526098806,0.9999995,0.999998,0.6604199
1546,0,0,0.01061818596692693,7.8735624e-08,8.5945e-07,0.01038307
1547,1,1,0.42131179777349115,0.99912995,0.99588096,0.4231394
1548,0,0,0.004973097394301696,1.3627225e-05,0.00012405834,0.010540458
1549,0,1,0.5403601334296076,0.9998069,0.99888986,0.5354251
1550,0,0,0.0037054333865439017,7.585107e-10,3.749421e-08,0.0038211495
1551,1,1,0.14314101331694604,0.12011518,0.022926716,0.14099911
1552,0,0,0.004476503787387405,1.8669863e-06,1.4254055e-05,0.0056761266
1553,1,1,0.9876065114047868,1.0,0.9999994,0.9864472
1554,1,1,0.7764409713663329,0.99999833,0.9999933,0.7805614
1555,0,0,0.023789801239056187,0.0006690989,0.0425197,0.024038725
1556,0,1,0.004241531568966468,1.1130304e-07,6.9438597e-09,0.005563898
1557,1,1,0.057295620484326154,0.010335837,0.0040627955,0.053798456
1558,0,1,0.13476976416460051,0.022948017,0.0023614238,0.13334392
1559,0,1,0.28756873024080865,0.8247937,0.42221594,0.2906675
1560,1,1,0.3008361924132012,0.93804383,0.84634066,0.31327465
1561,0,1,0.02522257037856125,1.2983457e-05,1.3276043e-06,0.024349643
1562,0,0,0.002572173675830471,2.1532368e-10,8.680512e-09,0.0028084351
1563,1,1,0.1841602688702628,0.38191324,0.055297986,0.19067377
1564,0,1,0.06577891783516183,0.009055594,0.0011112902,0.06376976
1565,0,1,0.23910863593929627,0.34429818,0.137156,0.22962339
1566,1,1,0.2818903526563974,0.76862013,0.7862463,0.28731784
1567,0,1,0.00837733814734251,5.9662466e-06,6.1405444e-07,0.0103370175
1568,0,0,0.14536127411710092,0.89179194,0.99361867,0.1508554
1569,0,0,0.04831731537972852,0.011065511,0.15500061,0.050025705
1570,1,1,0.554247304401988,0.9997365,0.9988961,0.55572
1571,0,1,0.2810553739298093,0.23695663,0.10186801,0.09657469
1572,0,0,0.045218467837828624,0.001127987,0.055297986,0.04743311
1573,0,1,0.006337899898406157,2.7412665e-07,5.496024e-08,0.008171543
1574,0,0,0.10108640396850381,0.00074366457,0.037819624,0.104318745
1575,0,1,0.28547834551014545,0.7632944,0.59471464,0.28059518
1576,0,1,0.9619987909938094,1.0,1.0,0.96050173
1577,0,0,0.00035036058201029177,1.3909217e-13,4.879015e-12,0.0004541336
1578,0,0,0.01448700375155038,9.04805e-07,3.7855743e-06,0.016000893
1579,0,1,0.001841575117551592,5.426627e-09,8.551828e-11,0.00218179
1580,1,1,0.46455075345948926,0.9978909,0.9922935,0.4647989
1581,0,0,0.013909330275322963,3.6018457e-06,7.957445e-05,0.016398001
1582,0,1,0.2525726154057457,0.8454422,0.40924743,0.25631696
1583,1,1,0.993965546290914,1.0,1.0,0.9934998
1584,0,0,0.18283747964043956,0.6124003,0.9961035,0.18418242
1585,1,1,0.8200862767103345,0.99999976,0.99999917,0.8230963
1586,0,1,0.0704726232109074,0.0007965671,0.0010541973,0.07316731
1587,0,1,0.011836368146440712,3.9168735e-05,4.4102303e-06,0.014579591
1588,0,1,0.2481178518306905,0.90424514,0.5819746,0.24720842
1589,1,1,0.886043725959094,0.9999999,0.99999964,0.8834245
1590,0,0,0.005353665261307094,6.7600317e-06,5.2634554e-05,0.0067827646
1591,0,1,0.029045622097169526,0.0020654888,0.00037768183,0.03566292
1592,0,1,0.00828948418736186,2.3537732e-05,1.6188982e-06,0.01053395
1593,0,1,0.658599771733587,0.9998088,0.999856,0.65733916
1594,0,1,0.06668574812003704,0.00034781385,2.8745493e-05,0.06799878
1595,1,1,0.5588191730139337,0.9993498,0.99876934,0.5548165
1596,0,0,0.1311143712963283,0.021225031,0.8835717,0.13481304
1597,0,0,0.008851523212895002,2.562914e-07,1.5725894e-06,0.008863124
1598,1,1,0.17870705500271325,0.04466341,0.006326311,0.1664766
1599,0,1,0.1113808133306203,0.00021467578,0.00035992105,0.033222336
1600,1,1,0.45483018143486453,0.9993012,0.99718684,0.458876
1601,0,1,0.017877455214934872,6.371974e-08,2.9672742e-09,0.018483818
1602,0,1,0.058789563927515186,0.00028420184,1.6608268e-05,0.06389812
1603,0,1,0.9019684362004643,0.99999905,0.9999958,0.89773303
1604,0,1,0.4189497088069946,0.97577137,0.7362941,0.41379505
1605,0,0,0.4138568890742208,0.986147,0.9999428,0.40246448
1606,0,0,0.05768389816200255,0.00058860343,0.025848532,0.06161635
1607,0,1,0.06581627167649944,0.0010775857,8.089949e-05,0.06821108
1608,1,1,0.6222845188274494,0.9988495,0.99273807,0.6189239
1609,1,1,0.9961955111713852,1.0,1.0,0.99588543
1610,1,0,0.9247145098887217,0.9999856,0.9999994,0.9239756
1611,0,1,0.2070279268223659,0.4938931,0.17655997,0.20889346
1612,0,0,0.005945049788096825,3.5626568e-10,1.4754694e-07,0.0062488946
1613,1,1,0.5574211449408375,0.99979746,0.9994404,0.56269467
1614,1,1,0.918835205506203,0.9999076,0.997343,0.91495025
1615,0,0,0.002084866707343025,1.2767146e-10,8.941041e-09,0.0021197118
1616,0,0,0.06466225422424302,0.0048479023,0.5395274,0.066645585
1617,0,0,0.04187690872581079,1.5192865e-05,0.0065455693,0.041412197
1618,1,1,0.47610322632944696,0.9983606,0.9943591,0.48741868
1619,0,1,0.0007169824084434204,1.7449469e-12,7.15711e-13,0.00091138546
1620,0,1,0.16240686074365154,0.029639617,0.0026268375,0.1641387
1621,0,0,0.002227184511261524,2.9639384e-08,2.0790176e-07,0.0047227307
1622,0,0,0.09493914896732002,0.021145089,0.32044214,0.09554576
1623,0,1,0.026768299342242417,9.720517e-07,3.930916e-07,0.026219264
1624,0,1,0.5419513237986175,0.9998325,0.9995085,0.5453133
1625,1,1,0.7564009818023539,0.9999956,0.99999416,0.7535526
1626,0,1,0.04059998298036556,0.0013085782,0.00023725968,0.038851444
1627,1,1,0.7985133275272525,0.9999993,0.99999726,0.8028527
1628,0,1,0.004651258409576979,6.7221845e-07,3.128698e-08,0.005906761
1629,1,0,0.999484825072077,1.0,1.0,0.9994344
1630,0,0,0.1290864008208381,0.15822561,0.716746,0.13654968
1631,1,1,0.4487431463239774,0.986109,0.97963935,0.44389248
1632,0,1,0.006332035354579006,5.5681856e-08,8.594646e-09,0.0076644896
1633,1,1,0.6820483692394622,0.9999739,0.99989283,0.68611896
1634,0,1,0.1302185401771421,0.031923182,0.027000995,0.13669018
1635,0,0,0.00041073652244062763,9.499506e-15,2.0689237e-14,0.0005156789
1636,1,1,0.6072611571655033,0.9980159,0.9984433,0.60559297
1637,0,1,0.06421240517771211,0.00059627765,8.7160886e-05,0.06352475
1638,1,1,0.5756483036794163,0.9999405,0.9996463,0.58041435
1639,1,1,0.835253009720921,1.0,0.9999999,0.8361331
1640,1,1,0.10086745436239951,0.005269543,0.0047275727,0.10534171
1641,0,0,0.13747713428222275,0.032051384,0.8894372,0.14364144
1642,0,0,0.04720815085154678,0.00030388523,0.0059633637,0.048243918
1643,0,0,0.047003519926226436,0.00082559575,0.008192147,0.04412474
1644,1,1,0.6067795190905301,0.9995085,0.9986848,0.60889006
1645,0,0,0.006016761068955264,1.922571e-08,8.8526247e-07,0.0061548203
1646,0,1,0.0036086659446303115,3.915751e-12,9.269748e-13,0.0036133258
1647,1,1,0.6546521840471388,0.9999119,0.99965894,0.6608245
1648,1,1,0.34704254442665733,0.9593544,0.88107884,0.3390656
1649,0,1,0.04744436479884976,2.1933151e-06,7.647725e-08,0.04823593
1650,0,1,0.29471464815175236,0.93935925,0.7211378,0.2938118
1651,0,0,0.5376185722858011,0.99834585,0.99998474,0.53646755
1652,0,0,0.014352185991317842,1.6807051e-05,0.0006887663,0.0137923425
1653,1,1,0.2330983565833916,0.58103657,0.1756675,0.23416476
1654,0,1,0.002697685618698114,2.6567967e-08,9.618151e-09,0.0035854299
1655,0,1,0.7739127620503002,0.9999982,0.9999933,0.7773931
1656,1,1,0.4119998585805778,0.99402887,0.96983063,0.4151348
1657,0,0,0.04017791181772266,0.00044637686,0.009754179,0.041115567
1658,0,0,0.01113689999620149,2.7976764e-08,3.6153529e-07,0.011932864
1659,0,1,0.005232979665680711,6.762314e-08,5.620457e-09,0.006480854
1660,0,0,0.0022247900821156345,8.5597425e-11,1.2343357e-08,0.0022275248
1661,0,1,0.006171851900926756,7.0643996e-06,3.047878e-07,0.008265916
1662,0,1,0.19000846447491682,0.5503903,0.22455408,0.19969955
1663,1,1,0.5417757533832858,0.9992287,0.99503857,0.55215985
1664,0,0,0.3410474891771056,0.44741675,0.9391746,0.33952847
1665,1,1,0.22887291591147654,0.5436274,0.15500118,0.22951727
1666,0,1,0.1291219749904269,0.019039663,0.0008867853,0.13341466
1667,0,0,0.021544017975635408,1.4763094e-05,0.0007721834,0.023550324
1668,0,0,0.013110200887711148,4.0160953e-07,1.55974e-06,0.014259221
1669,0,0,0.00024162017204127525,1.9879993e-10,9.62238e-11,0.00021609462
1670,1,1,0.49480226388305665,0.9653487,0.92521,0.4933651
1671,0,1,0.010695947295814318,8.7789425e-07,3.4205655e-07,0.011174458
1672,1,1,0.346741684342357,0.9976654,0.98757994,0.34434083
1673,0,1,0.03761909646860752,0.016909126,0.0028323762,0.04724482
1674,1,1,0.6600141297009214,0.9999063,0.99975675,0.66162676
1675,1,1,0.7978521026775602,0.99999964,0.99999905,0.80089396
1676,1,1,0.6726746338222837,0.99997914,0.9999732,0.6704583
1677,0,0,0.05355907067270966,0.0026639502,0.025267035,0.048621565
1678,1,1,0.7781367356671812,0.9999765,0.9999728,0.77436817
1679,1,0,0.4195385017533738,0.9991356,0.99996364,0.40966085
1680,1,1,0.32643425359837946,0.3287827,0.0163877,0.32634938
1681,0,0,0.04439894570451774,0.00039138793,0.0037606626,0.04624195
1682,1,1,0.07707979037015274,0.0015650206,0.0010183229,0.08393026
1683,0,1,0.3138920734017796,0.9849142,0.90638477,0.31543118
1684,0,1,0.023808521816367608,8.105585e-06,8.169269e-07,0.023200544
1685,0,1,0.8140520167530868,0.99999976,0.99999905,0.8168332
1686,0,1,0.2661396274936668,0.97425294,0.47016126,0.26031655
1687,0,1,0.003599595451420287,1.1540416e-08,6.4113204e-10,0.0042091315
1688,0,1,0.16574598617774325,0.20998462,0.036195144,0.16616993
1689,0,1,0.7616392530255058,0.99998796,0.99995804,0.7694356
1690,0,0,0.005046184550153603,7.171063e-09,3.776203e-07,0.0052590333
1691,0,1,0.3497728903695856,0.9971494,0.99103916,0.34600294
1692,0,1,0.6764344834893099,0.9999938,0.99997604,0.6799051
1693,0,1,0.9191172542432873,0.99999964,0.9999976,0.9182999
1694,0,1,0.010236839655145302,1.7699836e-08,8.523209e-09,0.010215601
1695,0,1,0.17534535926551248,0.080428325,0.026993178,0.18328565
1696,0,0,0.008819598010206776,5.4251057e-09,2.0412292e-08,0.00878914
1697,0,1,0.21983961632288818,0.8174773,0.3823372,0.20527096
1698,0,0,0.006248059212015575,1.0515363e-05,8.016663e-05,0.008486117
1699,1,1,0.49925877713782124,0.99936336,0.99652475,0.50384575
1700,0,1,0.14465451257409584,0.25217983,0.11141024,0.14173478
1701,0,1,0.9092739991338257,1.0,1.0,0.9119471
1702,1,1,0.9990169973135763,1.0,1.0,0.9989635
1703,1,0,0.5874881732668151,0.9959983,0.99999535,0.5783316
1704,0,1,0.46255429490197425,0.9883455,0.9815861,0.46083808
1705,0,1,0.11361370058635925,0.055694625,0.011902357,0.11023444
1706,0,1,0.3944567168193693,0.9638018,0.83556277,0.39630076
1707,1,1,0.956421478235338,0.9999999,0.99999905,0.9554237
1708,0,0,0.019758397335604614,3.044312e-05,0.0002471148,0.019786533
1709,0,1,0.11484699055940159,0.026652537,0.008114121,0.122892365
1710,1,0,0.5373384982760788,0.99807966,0.999995,0.5227619
1711,0,0,0.3888697347885637,0.98974085,0.9999417,0.3777229
1712,0,1,0.19454755280864375,0.56063217,0.07305151,0.19032179
1713,1,1,0.313299388849703,0.8843195,0.63146925,0.31287393
1714,0,1,0.0033215917704343947,1.5517267e-07,9.522029e-09,0.0071245013
1715,0,0,0.09241220688980799,0.00030963184,0.12110045,0.09161904
1716,1,0,0.8404981177172587,0.9999882,0.9999999,0.83207816
1717,0,1,0.004051072372215189,2.7213057e-08,2.367392e-09,0.0049636015
1718,0,0,0.021955463565578495,1.0282627e-05,5.9387403e-05,0.0233936
1719,0,1,0.021216003866697142,4.9884815e-08,1.85603e-09,0.021112047
1720,0,0,0.09286636271572064,0.0010649677,0.38293928,0.09411318
1721,0,1,0.3447727626347383,0.93588614,0.8713414,0.34970042
1722,0,1,0.4327277630689154,0.9973545,0.98979133,0.4286691
1723,0,1,0.20841590022175824,0.7480222,0.23326384,0.20873979
1724,0,1,0.03487814133613908,4.427745e-06,7.3213846e-07,0.037619147
1725,0,1,0.041100709456711855,0.000108501576,3.561146e-05,0.045502536
1726,0,0,0.001153456605865009,1.2591423e-11,1.7940767e-10,0.001220064
1727,0,1,0.030482276220312455,4.248358e-06,6.401682e-06,0.03344949
1728,0,1,0.1251975413794846,0.2569429,0.06309792,0.12123483
1729,0,0,0.010502567352101424,3.3870793e-09,9.558586e-09,0.011062996
1730,1,1,0.936381607127562,1.0,1.0,0.9349549
1731,1,1,0.9235127638751237,1.0,1.0,0.92368925
1732,0,1,0.7951794020561209,0.99999845,0.9999945,0.79895556
1733,0,1,0.24252612633665221,0.8998345,0.6280709,0.24210463
1734,1,1,0.0035718275549375903,1.6157949e-09,8.413035e-10,0.003601075
1735,0,0,0.0039030130286535503,4.0230944e-08,2.5881096e-07,0.0048474795
1736,0,1,0.3290487502267179,0.93083555,0.8121249,0.34331346
1737,0,1,0.11626700425869359,0.0012110804,7.021636e-05,0.11888165
1738,0,1,0.005456841124052605,1.1085551e-06,7.1658974e-08,0.006966761
1739,0,0,0.05632433523949585,5.5114022e-05,0.044104986,0.056533787
1740,0,1,0.2775711706892651,0.8685846,0.4347277,0.28038064
1741,0,0,0.10439653573215815,0.010159823,0.21878813,0.10687583
1742,0,1,0.01752436278384553,1.7240696e-05,1.3657061e-06,0.035827834
1743,0,0,0.007468963515784443,5.8667742e-06,6.213683e-05,0.009376312
1744,1,1,0.034579024857274675,0.00779346,0.0014846248,0.042271167
1745,0,0,0.028286980147352304,3.06971e-05,0.00023418896,0.030579315
1746,0,1,0.019572096744361445,8.345243e-06,5.586782e-07,0.01975852
1747,1,1,0.6074576780985872,0.9998417,0.9994363,0.60857683
1748,0,0,0.1111245298191876,0.024096237,0.71163607,0.11318735
1749,0,1,0.0811475253066043,0.0021305804,0.00021076524,0.08388155
1750,1,1,0.4975804409906381,0.99913263,0.99569476,0.4968762
1751,0,1,0.2095271864770617,0.65737945,0.15531287,0.21677217
1752,0,1,0.00816996931076044,4.724361e-06,4.7558598e-07,0.010113183
1753,1,1,0.7064896373171344,0.9999776,0.999912,0.71099454
1754,0,1,0.14384014029299322,0.041927475,0.11719282,0.146916
1755,0,1,0.1837749695743046,0.12198187,0.019110346,0.18597539
1756,0,1,0.24215908944883896,0.9795272,0.835754,0.24457456
1757,0,0,0.08508059930325576,0.0013928469,0.029565396,0.09426477
1758,0,1,0.09338239730848433,0.6324056,0.36997956,0.11302521
1759,0,0,0.0024612594995883272,3.2076437e-05,2.9507413e-05,0.0035883817
1760,0,0,0.13574650815713235,0.0037572803,0.26074308,0.14075364
1761,0,0,0.41242812110259125,0.9745677,0.9993087,0.4012
1762,0,1,0.18950362451132774,0.4075978,0.058417797,0.19747528
1763,0,1,0.5142156448699441,0.8915846,0.5029059,0.50287247
1764,0,0,0.8304163104167381,0.9995695,0.99999654,0.823139
1765,0,1,0.21531173949611002,0.59626114,0.43386438,0.22165851
1766,0,1,0.5394845430097995,0.9991866,0.9957396,0.54719853
1767,0,0,0.0013720345855785432,1.6820978e-09,1.5327479e-09,0.0016749813
1768,1,1,0.49821007300729947,0.99643517,0.97621036,0.47929776
1769,1,1,0.5100147755015413,0.9994956,0.9977144,0.51718444
1770,1,0,0.4470233327857001,0.94948125,0.9996538,0.4389616
1771,0,1,0.05010459613664605,0.0009640202,0.00010175386,0.0475532
1772,0,1,0.0016913567148418177,2.0413594e-10,9.6382874e-11,0.0021634046
1773,0,0,0.14438621885669736,0.15168525,0.9628702,0.14513229
1774,1,0,0.12562527599980233,0.008160574,0.06972499,0.12507103
1775,1,1,0.9478506130239666,0.9999989,0.99999464,0.9437839
1776,0,1,0.8101129703035128,0.99998295,0.99996877,0.80550045
1777,1,1,0.23892753079209741,0.6198783,0.35994953,0.24590753
1778,1,0,0.07853465303923324,0.018422663,0.35002837,0.07709034
1779,0,1,0.015881617906685876,2.801749e-07,1.6696599e-07,0.016343065
1780,0,0,0.25510090235538807,0.84983605,0.9861902,0.24682586
1781,0,1,0.020869019021972208,5.4503915e-05,6.3916974e-05,0.020719077
1782,1,1,0.36654640830093516,0.99219406,0.9791583,0.37676874
1783,0,0,0.017211236064883034,8.578981e-05,0.005741224,0.02130268
1784,0,1,0.1754445646230296,0.27866864,0.03450756,0.1821538
1785,1,1,0.6583564759298474,0.99994266,0.9997603,0.6629099
1786,0,0,0.0010597243148822374,4.6001935e-11,1.9407485e-09,0.001400461
1787,0,1,0.32296026195791183,0.99304056,0.9571357,0.319183
1788,0,1,0.003226600450176652,3.4515605e-08,7.869746e-09,0.0043304944
1789,1,0,0.7357552120941437,0.99996734,0.9999999,0.73023546
1790,0,0,0.024717655355330194,0.0002924262,0.0058158725,0.023955189
1791,1,1,0.9128826969777188,0.99999976,0.999998,0.9099157
1792,1,1,0.6974436005322185,0.99970084,0.99934393,0.68685573
1793,0,1,0.0018041624164673938,5.205246e-09,1.1390937e-09,0.0023973784
1794,0,0,0.000923722821617925,3.426912e-10,5.2092904e-08,0.0012596546
1795,0,1,0.2980832718586522,0.85582477,0.47512472,0.28580528
1796,1,1,0.9938453606481478,1.0,1.0,0.9933524
1797,0,0,0.021823401588140376,0.0038740581,0.09116499,0.04518422
1798,0,0,0.003740914846271219,1.4448423e-07,1.6964449e-06,0.0046381988
1799,1,1,0.7973231950564825,0.9999989,0.9999962,0.80071276
1800,0,0,0.013322028855710533,0.00016994757,0.0019934638,0.017318573
1801,1,1,0.9288850671814861,0.9999993,0.9999943,0.926038
1802,0,1,0.044165799890819556,7.2118455e-05,6.014841e-06,0.045755323
1803,0,0,0.004561183813014911,2.2735444e-06,1.7798264e-05,0.005762093
1804,0,1,0.012310015527610461,3.177878e-05,4.931615e-06,0.015000383
1805,0,1,0.3253357736435157,0.8345414,0.6000604,0.31921467
1806,0,1,0.09340326440035362,0.016339777,0.0003095309,0.09078409
1807,0,0,0.16977786135753845,0.32764244,0.9494027,0.17557292
1808,0,1,0.024360740960885516,1.5683238e-05,9.847311e-07,0.024918059
1809,0,0,0.008960632105918782,1.22436195e-05,0.00015100607,0.01136427
1810,0,1,0.013333881961117636,5.2921555e-06,3.7786167e-06,0.01665042
1811,0,1,0.2201835946556264,0.7326238,0.2033305,0.2286407
1812,1,1,0.5888223351053967,0.9995048,0.9979374,0.5944498
1813,0,1,0.08147755042155277,0.0035022963,0.00060951174,0.08439912
1814,1,0,0.07396801273886101,0.0049357573,0.07164427,0.077900566
1815,0,1,0.5154912092790662,0.99472624,0.9621206,0.5064209
1816,0,0,0.014237060872798375,4.8858717e-05,0.0007795986,0.018450862
1817,1,1,0.69376664669088,0.9999027,0.9999424,0.70087445
1818,0,1,0.002510143236769229,1.9027175e-09,1.0137668e-09,0.003245723
1819,0,0,0.14106150197815678,0.063831426,0.865799,0.1346237
1820,0,1,0.05056688656051974,1.2073738e-05,2.1295618e-06,0.050895173
1821,0,0,0.18213594784437045,0.59464246,0.9544326,0.19123347
1822,0,1,0.17011848820850825,0.1475098,0.07845984,0.1760589
1823,1,1,0.463005600786117,0.9698252,0.7762147,0.45627552
1824,0,1,0.0022858674628659322,2.4188906e-10,4.808573e-11,0.0026869744
1825,1,1,0.2041374030114787,0.4906879,0.14168885,0.20138764
1826,0,1,0.035090951789672135,0.00036092743,0.00011261832,0.0365739
1827,0,1,0.22194853965690176,0.4093436,0.08810416,0.22522244
1828,0,1,0.23522129822935828,0.49465635,0.17472954,0.23396768
1829,0,0,0.01437651830511993,1.1108411e-08,1.534784e-07,0.013694798
1830,0,1,0.13458524445577813,0.014003008,0.0007490323,0.13653527
1831,1,1,0.4519050706446784,0.83706003,0.2850338,0.44345704
1832,0,1,0.3257129221598049,0.9134751,0.7546093,0.33456188
1833,0,1,0.10508500077006654,0.032733846,0.006259753,0.107063845
1834,0,1,0.16698434614515206,0.24704288,0.05110146,0.16506301
1835,1,1,0.15489777384282244,0.18881288,0.059764046,0.1507467
1836,1,1,0.9999999999999982,1.0,1.0,1.0
1837,0,1,0.28230969445921106,0.8971051,0.53426844,0.2799998
1838,0,0,0.0037104563799861476,1.3182402e-07,1.5277031e-06,0.0046094363
1839,1,1,0.25845724479985316,0.7630765,0.52285576,0.26651403
1840,0,1,0.309522239111992,0.9440443,0.84783757,0.31956977
1841,0,1,0.003178866218857163,9.219904e-12,4.4494635e-13,0.0030361547
1842,1,1,0.49458403657483474,0.9984207,0.9949513,0.4988193
1843,0,0,0.032707605446954405,0.076111555,0.74801874,0.06325894
1844,1,0,0.5159792271601354,0.99652296,0.9999734,0.51254827
1845,0,1,0.3837458393182131,0.9874867,0.9544632,0.39255825
1846,0,1,0.28876531321002996,0.780957,0.42023322,0.2840718
1847,1,1,0.46333629249086333,0.9950042,0.97665715,0.4684018
1848,1,1,0.9377784345159393,0.9999516,0.998223,0.9358046
1849,1,1,0.39871233683557644,0.9431274,1.0,0.41280666
1850,0,0,0.013661985981940142,4.1802105e-07,6.158068e-05,0.01465492
1851,1,0,0.4845616471153035,0.99776447,0.99998224,0.48205563
1852,0,1,0.08383104585468419,0.021002758,0.0044384236,0.081573024
1853,0,0,0.0033310723475962413,2.1307916e-07,1.5178844e-06,0.004185216
1854,0,0,0.059803343563883386,0.0008772688,0.015614775,0.05914807
1855,0,0,0.015850550750420037,4.036701e-05,0.0014538108,0.02108896
1856,0,0,0.0005264290878645725,2.1284908e-11,3.5430728e-10,0.0012034837
1857,0,1,0.010603005463051414,1.680781e-07,3.0223568e-08,0.010021733
1858,1,1,0.5533706988173125,0.99750865,0.9958531,0.5504512
1859,0,1,0.21845193359518403,0.51289576,0.05813756,0.21986155
1860,0,0,0.0004328185191446034,4.2687225e-12,2.8368133e-10,0.0005395925
1861,0,1,0.2354251398562676,0.83532894,0.10181737,0.23250388
1862,0,1,0.027212348816097305,0.00027507893,1.27841695e-05,0.033204786
1863,0,0,0.013464405082723877,0.00026077055,0.049962267,0.016846266
1864,0,1,0.6123594658097072,0.99987996,0.9979031,0.6106124
1865,0,0,0.007158036958485168,8.320359e-08,1.4556619e-07,0.007120303
1866,0,1,0.010833762975240604,1.1909779e-06,1.0467985e-07,0.012498813
1867,0,0,0.00540557364741941,1.039354e-05,0.00025704564,0.011151256
1868,1,1,0.6883700017078388,0.99997365,0.9999424,0.68975234
1869,1,1,0.276087339849083,0.839242,0.8907835,0.28364632
1870,0,0,0.0011177446938072657,3.232143e-11,2.6245744e-10,0.0013715429
1871,0,0,0.0029943647379324354,4.027313e-10,2.3139865e-08,0.0029969905
1872,0,0,0.05909769547196795,0.0003207918,0.004597572,0.06154547
1873,1,1,0.30654151829114273,0.90864193,0.6191885,0.30932096
1874,0,1,0.6882421101025636,0.9999882,0.9999603,0.6883458
1875,1,1,0.7047993191046551,0.999905,0.99992716,0.7038738
1876,0,0,0.1822472451468657,0.6636914,0.96688354,0.17367369
1877,1,1,0.8081849919200302,0.99999654,0.9999784,0.80424696
1878,0,0,0.00753973670301069,1.2352193e-07,5.492898e-06,0.008241541
1879,0,1,0.6175622536810527,0.9994238,0.9995858,0.61466354
1880,0,0,0.012215756493888,1.8983948e-05,0.00080375496,0.014555742
1881,1,1,0.688582724723573,0.99990547,0.9997433,0.69522715
1882,0,1,0.000737188137583943,2.1575975e-11,1.4303065e-12,0.00091226905
1883,0,1,0.07120860202057984,0.008019319,0.00058863824,0.07303749
1884,0,1,0.08079383009044985,0.04536236,0.016074162,0.08636358
1885,0,0,0.01245879699870607,9.175813e-06,0.000145743,0.011991741
1886,0,1,0.006272187589692475,5.1351294e-06,3.7775106e-07,0.007813386
1887,0,0,0.5573173946981542,0.9992883,0.9999964,0.5503873
1888,1,1,0.23563266731650895,0.45943335,0.3175491,0.2338125
1889,1,1,0.999999999999936,1.0,1.0,1.0
1890,0,0,0.04712014795453695,0.00055141834,0.011849931,0.046391957
1891,0,1,0.43113234078000423,0.99379843,0.9734971,0.43490756
1892,1,1,0.8102916146385081,0.9999472,0.9987835,0.8093565
1893,0,1,0.05656504569186147,0.00095583027,0.0007232201,0.057995517
1894,0,1,0.07219798446298857,0.0030682934,0.0006359142,0.07702734
1895,1,0,0.4741348380316544,0.9996974,0.99998224,0.4921183
1896,0,1,0.001216633357533338,1.0889099e-10,2.8423796e-11,0.0016171457
1897,1,1,0.48740725198532747,0.99391675,0.9760898,0.49147055
1898,0,1,0.090541841785137,0.011283785,0.000851196,0.09422318
1899,0,1,0.2700713784451109,0.72386545,0.48680368,0.2798868
1900,0,1,0.3828973184132322,0.9797499,0.91475034,0.3864643
1901,0,0,0.0010530172589442767,3.383854e-11,1.2828445e-09,0.0014037337
1902,0,1,0.003521488185274589,3.470758e-08,2.724306e-09,0.0043399455
1903,1,1,0.6212016291169099,0.99590945,0.971675,0.62269735
1904,1,0,0.26192069558337655,0.48397797,0.9958236,0.27772292
1905,0,1,0.39918277759396287,0.9939599,0.96251196,0.39458406
1906,1,1,0.007885848488533227,4.9626873e-08,4.373688e-08,0.009910736
1907,0,1,0.32495989623990945,0.9940229,0.97306055,0.32341668
1908,0,0,0.035284436161848384,5.1062645e-05,0.0017980599,0.03541784
1909,0,1,0.5323323906396596,0.999964,0.9998177,0.5264684
1910,0,0,0.027176260052141098,0.0014827147,0.012469156,0.02661823
1911,0,1,0.012545171309520107,1.9053587e-06,2.368649e-08,0.011876103
1912,0,1,0.09956502293602802,0.00339207,0.00090942334,0.10690317
1913,0,1,0.02032442404788357,0.0012096266,0.00012690476,0.043756686
1914,0,1,0.7071752779075982,0.9999995,0.99999917,0.7053214
1915,0,0,0.482694857816366,0.99805105,0.99998295,0.4820731
1916,1,1,0.9828293531963238,1.0,0.99999905,0.9822557
1917,0,1,0.07849755813987445,3.209296e-05,7.940559e-06,0.07572758
1918,0,0,0.010552622357186826,7.6488476e-07,3.80702e-05,0.011664698
1919,1,1,0.25481149047244656,0.43622825,0.118164375,0.24570268
1920,0,1,0.16273555200464895,0.054378975,0.009702483,0.16356584
1921,0,0,0.002265550082617515,2.4055309e-09,9.230673e-08,0.0031974898
1922,1,1,0.9999999999999853,1.0,1.0,1.0
1923,1,1,0.6312953130848034,0.99999976,0.9999993,0.6324113
1924,0,1,0.03174563504427894,7.6935336e-05,8.883916e-05,0.03200514
1925,0,1,0.035326587087578465,3.3729934e-06,1.1190764e-06,0.033177678
1926,0,0,0.01576924532294061,1.0999756e-05,0.00021078596,0.01616604
1927,1,1,0.932727525365306,1.0,1.0,0.93257457
1928,0,0,0.1493083180730542,0.096616514,0.91117,0.14855587
1929,1,1,0.9460334987118992,1.0,1.0,0.9451466
1930,0,1,0.04617842842642518,7.000442e-05,2.3681241e-06,0.045869157
1931,0,0,0.014935008595655127,6.389834e-07,4.268135e-06,0.0149987
1932,0,0,0.04017323267217501,0.00032956465,0.0036000966,0.041603774
1933,0,0,0.04054591928754792,9.14605e-05,0.00086126255,0.043095488
1934,0,1,0.3306537936932921,0.7750215,0.39952266,0.33639672
1935,0,1,0.5019089362034207,0.9997552,0.9992312,0.49846026
1936,1,1,0.8032030544035194,0.99999833,0.9999949,0.81125534
1937,1,1,0.4624442524214926,0.9968406,0.9943192,0.4540176
1938,1,1,0.9958518138693079,1.0,1.0,0.99552697
1939,1,1,0.6863847480814906,0.9999901,0.99997044,0.6892366
1940,0,1,0.005731263306847506,5.006274e-05,0.0002278084,0.009192938
1941,0,1,0.0009346910077840128,1.199499e-11,1.8331202e-12,0.0012450533
1942,1,1,0.35395027416060953,0.8887933,0.6025851,0.3553744
1943,0,0,0.01681181800022846,1.6486867e-05,0.00012243676,0.016892709
1944,0,0,0.006006898400778981,5.0165823e-07,5.116558e-06,0.0076118424
1945,1,1,0.384856808932053,0.98631614,0.9090856,0.38826865
1946,1,1,0.3208137408104034,0.97117615,0.9279416,0.33042735
1947,1,0,0.73291353616248,0.9999765,0.9999999,0.73192817
1948,0,1,0.1220029709810117,0.023690484,0.005754187,0.12028601
1949,0,1,0.050380688077355164,6.618708e-05,0.00036874306,0.05253765
1950,0,0,0.10211044741783147,0.024991896,0.21612132,0.10903428
1951,0,1,0.03387188574300528,1.6191916e-06,4.3079058e-07,0.036436558
1952,0,1,0.0006174193588277855,1.5904386e-12,1.0218976e-12,0.0007790438
1953,0,1,0.00163754383160385,8.25067e-11,4.001416e-11,0.0021023003
1954,0,1,0.17109194057793198,0.33833098,0.122258805,0.16778927
1955,0,1,0.7729862949034547,0.99989617,0.9996739,0.7619252
1956,0,0,0.23880020301604313,0.76259035,0.9965844,0.23608096
1957,0,1,0.08990408274434081,0.0035618101,0.0009937993,0.09632685
1958,1,1,0.5937855635497508,0.99992335,0.9996135,0.59640944
1959,1,1,0.2995781317688943,0.98327637,0.9520519,0.29655984
1960,1,1,0.8020210687979523,0.99999833,0.99999666,0.8056909
1961,0,1,0.18213053264120993,0.13431145,0.047504,0.17532492
1962,1,1,0.6065326446295336,0.998307,0.99921906,0.6109622
1963,1,1,0.013590643681224835,0.00022308069,2.533857e-05,0.016606115
1964,0,1,0.17665605059188738,0.08760665,0.004351248,0.17840528
1965,0,1,0.002156496357674136,9.354461e-11,3.4331823e-12,0.0020940297
1966,0,1,0.034391708039238245,1.4741471e-05,1.0771523e-05,0.033505566
1967,0,1,0.21196504182061668,0.3423722,0.070445165,0.21383949
1968,1,1,0.25959498152636123,0.78521514,0.35836953,0.2609893
1969,0,1,0.3528300011509356,0.996597,0.9881201,0.35147065
1970,0,0,0.004538017979392427,1.9275078e-06,1.4382574e-05,0.005775965
1971,0,1,0.14121946688859455,0.03899665,0.11220618,0.14369571
1972,1,1,0.6264392728762125,0.9999479,0.99975413,0.63092124
1973,1,1,0.762346169915953,0.9999945,0.99998116,0.7697616
1974,1,1,0.2779820044380205,0.56677663,0.37273437,0.2731511
1975,0,0,0.15215884125514215,0.13741772,0.78457767,0.14641541
1976,0,0,0.016600112596012462,3.899299e-07,2.8902892e-05,0.018060395
1977,0,1,0.09616767561118933,0.031041142,0.0063756634,0.093551286
1978,0,0,0.05518473538494519,0.00086662895,0.018885955,0.054552823
1979,0,0,0.006346025847921238,2.1727435e-09,2.4224974e-07,0.006347881
1980,1,1,0.9651611331458763,1.0,1.0,0.9641818
1981,0,1,0.007177241725184575,1.5178353e-09,1.6075136e-09,0.0074979914
1982,0,1,0.48079330032798967,0.9984748,0.99404854,0.47974682
1983,1,0,0.06599589562698376,0.0029452983,0.024926608,0.069822885
1984,0,1,0.0123612846593571,1.8211018e-05,1.724273e-06,0.0149943745
1985,0,1,0.0649489486392217,0.00052878825,0.0002357262,0.06338347
1986,1,0,0.10611649808192274,0.0035131273,0.69100296,0.10798123
1987,0,1,0.4565756444016083,0.9959065,0.98830426,0.45529267
1988,1,1,0.34755965321302956,0.9306509,0.7165362,0.34909168
1989,0,1,0.40696133210541086,0.99768984,0.9818592,0.40945908
1990,0,1,0.0037771507549782374,5.526608e-07,7.2550947e-09,0.0044997553
1991,0,0,0.5086204382957924,0.999665,0.99999917,0.4935704
1992,0,1,0.2083724582871273,0.2845959,0.16265777,0.21124998
1993,1,1,0.8963598124064646,0.99999976,0.99999917,0.89111996
1994,0,1,0.28973238549160224,0.7541632,0.766896,0.3015944
1995,1,1,0.4307163659572429,0.9965042,0.98922276,0.42228335
1996,0,1,0.2796954307066489,0.89083284,0.56423604,0.2802343
1997,0,0,0.19610418706763882,0.6725859,0.99905545,0.20156413
1998,0,1,0.0381607737586061,0.00010148786,8.6628424e-05,0.03930912
1999,0,1,0.1621741429120278,0.25737932,0.03480762,0.16487257
2000,0,1,0.33418530477413394,0.9693596,0.85590494,0.33879447
2001,0,1,0.24133154048440075,0.966467,0.9241085,0.25539005
2002,0,1,0.2543073113353283,0.7406361,0.2993175,0.2562448
2003,1,1,0.6029904784229606,0.9985359,0.99870324,0.60386235
2004,0,1,0.01168963636584721,3.6194844e-05,5.00192e-06,0.01450017
2005,1,0,0.6686368510652191,0.9997989,0.9999999,0.66210467
2006,0,1,0.0028451202741756813,5.4169807e-12,5.0554253e-12,0.0028088866
2007,0,1,0.0824471740787697,0.0040192185,0.0007377621,0.07962672
2008,1,1,0.20490152247472412,0.4931198,0.48833704,0.21277568
2009,0,1,0.044885118482616136,6.906076e-05,1.248467e-05,0.048258636
2010,0,1,0.012500541312617302,1.5456844e-07,2.3186351e-07,0.013098789
2011,0,1,0.3616422769785447,0.99084145,0.94483256,0.3635716
2012,0,1,0.010119187873338485,9.820173e-08,1.6162241e-08,0.009613638
2013,0,1,0.14802396390194963,0.5215587,0.15907048,0.14566103
2014,0,1,0.0537179205963014,0.00073307776,0.00014010741,0.05395651
2015,0,1,0.038589627745195,1.1237746e-06,1.1648856e-06,0.0395384
2016,0,1,0.05680788702636248,3.949426e-05,0.00014166645,0.028493538
2017,0,0,0.009938466101428024,6.233658e-08,2.3645562e-06,0.011095592
2018,0,0,0.02058059662648816,8.347045e-07,3.3931043e-05,0.02075019
2019,0,1,0.1831627492961332,0.06303893,0.040172216,0.17283498
2020,1,0,0.5223941950114024,0.9835734,0.99992466,0.5147609
2021,0,1,0.06696915461714925,0.02912009,0.004263675,0.065381154
2022,0,1,0.004854844041413802,7.1980884e-07,1.81755e-07,0.0065505286
2023,0,1,0.6844024499398295,0.999992,0.99996305,0.6850568
2024,0,0,0.18708922788970944,0.16901551,0.9930347,0.19035779
2025,0,0,0.02158308384602709,5.7855045e-06,9.64145e-05,0.020603744
2026,0,1,0.3615530474109258,0.9932876,0.96407527,0.36227512
2027,0,1,0.05312281531511068,0.0011416614,0.00019082645,0.05120343
2028,0,1,0.013926319114150244,1.5977448e-05,1.8019871e-06,0.01708174
2029,0,0,0.0054007550237699245,2.6571342e-06,8.422279e-05,0.012828856
2030,0,0,0.005496649411027319,5.2158557e-06,3.4512363e-05,0.0071469964
2031,0,1,0.01780269879674573,0.00025301086,3.2757827e-05,0.021769622
2032,0,0,0.005789318628458835,5.073677e-06,0.00014582252,0.0068806093
2033,0,1,0.020772698781072504,1.5419097e-05,1.1209498e-06,0.020887332
2034,0,1,0.24120604956858205,0.24503401,1.0,0.24941747
2035,0,1,0.05260662227801709,2.4004685e-05,1.6792374e-05,0.054990545
2036,0,0,0.00758692129270027,4.859111e-09,2.2606189e-07,0.007984338
2037,0,0,0.004293762863646626,6.5510286e-10,2.672389e-08,0.0044497605
2038,1,1,0.57531712648609,0.9987723,0.99669147,0.57735986
2039,0,0,0.02958952147336673,7.847601e-06,0.0047192764,0.029197816
2040,0,1,0.0807834760330438,0.0038406388,0.00049273344,0.10205941
2041,0,0,0.20275336715431547,0.57545036,0.9994522,0.20277879
2042,0,0,0.003025508280389135,2.9778258e-09,4.081518e-08,0.004132645
2043,0,1,0.19442262045376185,0.49666098,0.085753456,0.2012732
2044,0,0,0.002980794506714562,8.37228e-10,2.0537678e-07,0.0028821605
2045,0,0,0.00782505712006325,1.2446651e-07,4.8834054e-06,0.007326179
2046,1,1,0.867221226874436,0.99999964,0.9999982,0.8666331
2047,1,1,0.9509578741374011,0.99999976,0.9999987,0.9505001
2048,1,0,0.7811828045836168,0.99995303,0.9999995,0.77034223
2049,1,1,0.24080703715190752,0.60130525,0.3299037,0.24947752
2050,0,1,0.18981285087969976,0.1661261,0.02804836,0.19135924
2051,1,1,0.848099033687622,0.9997723,0.99693906,0.84352165
2052,0,0,0.002553691569811507,2.5422957e-11,7.2994244e-10,0.0028068894
2053,0,0,0.8993029499190698,1.0,1.0,0.8940526
2054,0,0,0.004873745895870766,4.334356e-06,0.00019116646,0.006623652
2055,0,0,0.0005301805800159362,1.3736883e-11,1.03986986e-10,0.000635544
2056,0,1,0.2879979541077709,0.97366434,0.99717027,0.3028797
2057,0,1,0.5630725624649368,0.99955183,0.9994355,0.56371933
2058,0,1,0.19223315366354388,0.45022064,0.1574851,0.18604238
2059,1,1,0.7631022962333953,0.9999932,0.99997234,0.7673748
2060,0,1,0.054831508924284844,0.002037024,0.0005689003,0.052523576
2061,0,0,0.02535865661312846,1.2797429e-05,0.000116150266,0.026548306
2062,0,1,0.08176749757219134,0.0003167357,1.794552e-05,0.08344345
2063,0,1,0.0005637821168310222,2.487931e-11,1.293694e-11,0.0011998392
2064,0,1,0.13553359790474068,0.04611761,0.0053684446,0.13068137
2065,0,1,0.4487417388977041,0.9984957,0.9970149,0.47426125
2066,0,1,0.30898327253802693,0.8985999,0.6594757,0.3152582
2067,0,1,0.04921257664853505,0.00017166253,0.00038767085,0.06619102
2068,0,0,0.032803031239012514,0.00021814222,0.0016350034,0.034278624
2069,0,1,0.6100787622626249,0.9999449,0.99982274,0.6092851
2070,0,0,0.0015341132376574108,2.4158717e-09,1.3350628e-08,0.0019368882
2071,1,1,0.4974582427128418,0.9989924,0.9988913,0.5044376
2072,1,1,0.2742523511343794,0.87500745,0.5292915,0.2743226
2073,0,1,0.09254652150968469,0.347917,0.048749954,0.17374387
2074,0,1,0.06943639060045598,0.0010648511,0.00015502123,0.070480935
2075,0,1,0.19539801743707635,0.23622593,0.12202941,0.19625108
2076,0,1,0.07512242998799767,0.017080002,0.0031254252,0.0725426
2077,0,1,0.34181122281082904,0.9942325,0.9493235,0.34419772
2078,0,1,0.024425803004300913,9.193103e-06,3.0294118e-06,0.024100622
2079,0,0,0.0922934495350851,0.053276908,0.68055224,0.09649012
2080,0,0,0.004937638693049855,3.10422e-08,3.2169257e-08,0.004744722
2081,1,1,0.8070217303871094,0.9999989,0.9999994,0.8059562
2082,0,0,0.10598925224183157,0.11313053,0.8355701,0.10815183
2083,1,1,0.09977574481819768,0.004638701,0.00086548895,0.09827601
2084,1,1,0.2161856010256434,0.20872846,0.108657464,0.21598946
2085,1,1,0.0732218565642047,0.0090247085,0.0011241913,0.07204
2086,0,1,0.001329064578552792,9.802984e-10,5.279948e-10,0.0016853132
2087,1,1,0.390311582678003,0.9902989,0.9619224,0.38724235
2088,0,0,0.01378878508225642,3.1393873e-07,1.0813513e-06,0.013878455
2089,0,0,0.012254167178029013,5.9710226e-07,3.024689e-05,0.011920299
2090,0,0,0.000706868909271715,2.3731709e-12,9.173127e-11,0.00092667923
2091,0,0,0.014110141921295156,4.602128e-06,3.3485543e-05,0.014188751
2092,1,1,0.9682928433307549,1.0,1.0,0.96790653
2093,0,1,0.8943558227709189,1.0,1.0,0.8958438
2094,1,1,0.1270225098097105,0.017835837,0.018237121,0.13482228
2095,0,1,0.014321008548166047,5.168767e-07,3.6381843e-07,0.015246588
2096,0,0,0.0018749656797689884,7.8456366e-11,7.870916e-09,0.001965258
2097,0,0,0.19258757812354518,0.74172175,0.9864833,0.1993599
2098,0,0,0.2727785499861873,0.9241578,0.9989108,0.27443945
2099,0,0,0.020384588420033937,4.5665493e-06,0.0001831801,0.021398664
2100,0,1,0.40924184189789337,0.9925706,0.9614692,0.41357198
2101,0,0,0.003640920296256545,5.524849e-10,2.5306448e-08,0.0037868062
2102,0,1,0.044742909078116205,0.00057601795,0.00016550862,0.048329916
2103,1,0,0.7545197859152297,0.987701,0.99968415,0.7482266
2104,0,1,0.03509525339109008,8.0673846e-05,2.1391454e-05,0.035499718
2105,0,1,0.046072673510197025,0.010497627,0.004228559,0.05496857
2106,0,1,0.03893671595822179,5.394612e-05,9.166158e-06,0.039387267
2107,0,1,0.023456192797390755,2.0436757e-06,1.387067e-07,0.023234582
2108,0,1,0.004606933508900068,2.1041404e-07,1.3880198e-07,0.005900451
2109,1,1,0.9960780197750558,1.0,1.0,0.9957842
2110,0,0,0.0008624633197374454,8.748164e-12,3.306143e-10,0.0011378174
2111,0,1,0.002525594432413718,2.339231e-09,4.4401216e-09,0.0031918928
2112,0,1,0.6575962404126251,0.9999068,0.99986136,0.6540955
2113,0,0,0.026160953377391622,1.300865e-06,3.236382e-05,0.027245983
2114,0,0,0.03704799106839473,0.001095202,0.014673151,0.038306285
2115,1,1,0.9966854685837324,1.0,1.0,0.9963954
2116,0,1,0.18279274819851124,0.047288075,0.014396633,0.059025142
2117,0,1,0.43283360999153586,0.99960446,0.9979322,0.43454123
2118,0,1,0.04175434589810792,0.00036159655,5.3710864e-05,0.04517849
2119,0,1,0.001901999843038534,2.0789573e-08,1.1329682e-09,0.0023907118
2120,1,1,0.6713420902061533,0.99947226,0.99580514,0.66852206
2121,1,1,0.9744355011479477,1.0,1.0,0.9735016
2122,0,1,0.0009441128666269327,1.05822794e-13,2.264289e-15,0.001917709
2123,0,1,0.005201854098001297,6.476581e-11,2.2071032e-12,0.0050325547
2124,0,1,0.01595012827043067,1.9042978e-06,1.8101049e-07,0.015338715
2125,0,0,0.0040257552661423935,8.1082014e-08,8.277429e-07,0.005067371
2126,0,1,0.8347214624035624,0.99994624,0.99988234,0.70280546
2127,0,0,0.005880260303372489,5.1785463e-07,2.0028685e-05,0.006319716
2128,0,0,0.1157581934150436,0.3956373,0.9184333,0.1150975
2129,0,0,0.012001615081493583,3.2825074e-06,2.4154222e-05,0.011920873
2130,0,1,0.1073737798915427,0.016673887,0.002777819,0.10820681
2131,1,1,0.8907559962816727,0.9999999,0.9999995,0.88794196
2132,0,0,0.01164697183254085,3.838674e-07,1.7571278e-06,0.0112174805
2133,1,1,0.6145029839169064,0.9998721,0.99954575,0.61558485
2134,0,1,0.21041879735218652,0.9515501,0.9260047,0.22289483
2135,0,0,0.018650501186018024,0.00010005885,0.00520385,0.017549781
2136,0,1,0.19626932189119395,0.15757574,0.037757058,0.19491088
2137,0,1,0.009838753389745115,3.7135828e-10,1.9234777e-11,0.009184151
2138,0,1,0.5301980036589865,0.99929726,0.99503726,0.51776177
2139,0,1,0.5986239146761291,0.9983746,0.99932075,0.5992232
2140,0,0,0.03935939763922022,1.29663185e-05,0.0002707204,0.0115687065
2141,0,1,0.7519968821447494,0.99999535,0.99998605,0.7555833
2142,0,1,0.3386019541255815,0.8628043,0.2911538,0.33669087
2143,0,0,0.003980914714443536,2.692153e-07,4.0305868e-06,0.005131771
2144,1,1,0.9255915631488199,1.0,0.99999976,0.9256811
2145,0,1,0.18930681501528032,0.54557043,0.10756461,0.1911099
2146,0,1,0.1433177728055258,0.06202588,0.0058281654,0.14945012
2147,1,1,0.20596768340290209,0.29588327,0.058554776,0.20782219
2148,0,0,0.002821796453097424,4.605821e-11,2.008896e-09,0.003001271
2149,0,0,0.008881695313438215,2.5188806e-08,8.683669e-07,0.009652797
2150,0,0,0.021700135529356245,1.1046673e-05,0.0001971241,0.023352772
2151,0,1,0.3393638142890433,0.8160504,0.22511409,0.34748536
2152,0,1,0.24386675883190576,0.7023618,0.42191204,0.24818754
2153,0,0,0.012273028583635312,3.9597109e-07,1.7247768e-05,0.013401521
2154,0,1,0.0019034992562439073,5.2815496e-10,5.1492217e-11,0.0022815133
2155,0,0,0.0974124131575676,0.009255858,0.12663239,0.09509389
2156,0,1,0.01570758804587333,2.9597286e-05,8.027918e-06,0.018959612
2157,1,1,0.945669804538478,0.99999845,0.999997,0.9429993
2158,1,1,0.7935671353181373,0.9999944,0.9999876,0.7976513
2159,1,0,0.7953901863786235,0.9999951,1.0,0.78781664
2160,1,0,0.744812671326817,0.9999924,1.0,0.74258536
2161,0,0,0.001220969884162033,1.4893659e-10,1.3154473e-09,0.0014968786
2162,0,1,0.4907304686897219,0.99812204,0.9919121,0.4945253
2163,0,1,0.576350560403133,0.9984164,0.9928353,0.5814249
2164,1,1,0.9891697908172015,1.0,1.0,0.9884355
2165,0,0,0.045720131100783254,0.002294293,0.014284405,0.04886926
2166,0,0,0.020424288088469463,0.0033759207,0.026208103,0.01954459
2167,1,1,0.5840143733286169,0.9992269,0.9981018,0.58532333
2168,0,1,0.22151771953188037,0.24718283,0.2589561,0.22645728
2169,0,0,0.05219803456814877,3.9942233e-06,0.0027761396,0.052113857
2170,0,1,0.01609847245361919,1.43249845e-05,1.9761292e-07,0.015049746
2171,0,1,0.2435198627337817,0.7132516,0.29560998,0.24565192
2172,0,0,0.0008925585743531419,1.2151323e-11,4.7990834e-10,0.0011794695
2173,1,1,0.6288674544118754,0.99978864,0.99948,0.6300216
2174,0,1,0.009331915758675131,8.858121e-09,1.672147e-08,0.009384066
2175,0,1,0.5561048803591072,0.9990169,0.99598426,0.561986
2176,1,0,0.18479356462544572,0.9652332,0.9992106,0.18235812
2177,0,1,0.19175617765283387,0.80422,0.46047089,0.18869026
2178,0,1,0.1687198397946998,0.42940325,0.19777553,0.1787876
2179,0,0,0.012556397197457134,2.8353804e-06,0.00010877279,0.013840889
2180,0,1,0.2821771394564171,0.9722291,0.7832233,0.28972918
2181,0,1,0.01520432590661991,2.714763e-08,1.3920843e-09,0.015117815
2182,1,1,0.8846829886428604,0.99999976,0.99999917,0.88295263
2183,0,1,0.18929903297637937,0.15674864,0.058414713,0.19794399
2184,0,0,0.06904182561620416,0.0014355772,0.021555075,0.0719623
2185,1,1,0.36603752132415734,0.9772897,0.95321184,0.38317367
2186,1,1,0.5013663580727472,0.96617126,0.9253043,0.49441308
2187,0,0,0.7930135382214475,0.9999975,1.0,0.7836282
2188,0,1,0.3008297509631988,0.9517761,0.55266684,0.29897508
2189,0,0,0.14614266030083153,0.18530282,0.8108989,0.14078873
2190,1,1,0.971805103079373,1.0,1.0,0.9713047
2191,0,0,0.0045663031589733396,1.996572e-06,1.4856137e-05,0.0058150007
2192,0,1,0.16126617551447842,0.22598967,0.027661873,0.16313015
2193,0,0,0.003673977860139478,8.7405147e-07,6.30301e-06,0.004649733
2194,0,1,0.15523124508940817,0.031140607,0.0043728347,0.15732205
2195,0,0,0.0022938589669542326,1.975662e-09,2.074488e-07,0.0032728312
2196,0,1,0.11474825543152822,0.20184088,0.20964076,0.11048017
2197,0,1,0.06727434975022883,0.06570075,0.10987118,0.081878036
2198,0,1,0.0004946143809455272,2.0841769e-13,7.501127e-14,0.0006291329
2199,0,0,0.3882153316340269,0.9973233,0.9999628,0.388209
2200,0,0,0.032907100874941884,7.841676e-06,0.00014227386,0.0334141
2201,0,0,0.00041161848182052623,7.0784784e-13,8.169099e-12,0.000565612
2202,0,1,0.4580868193292081,0.99799013,0.99399567,0.45433092
2203,0,1,0.0005967132245611496,6.529933e-14,1.1366813e-15,0.00074130844
2204,0,1,0.6183217769595801,0.9995877,0.99824417,0.6233056
2205,0,1,0.2921653808824865,0.2879816,0.47784972,0.29826924
2206,0,0,0.0017951466500765862,2.894838e-07,5.7926372e-06,0.0024098367
2207,0,0,0.09075626411351101,0.0029461752,0.25780204,0.091644965
2208,0,0,0.03132332032532762,0.00010745874,0.0010522436,0.02924673
2209,0,1,0.6337517338418984,0.9997029,0.99866176,0.639016
2210,0,1,0.08738489202001153,0.009616716,0.001109557,0.08747624
2211,0,0,0.4299290329337692,0.9342413,0.99884605,0.41600302
2212,0,1,0.0069358870070159164,4.0112027e-06,4.339288e-08,0.0087967785
2213,1,1,0.7988917004399445,0.9999994,0.9999975,0.80028087
2214,0,0,0.04221006690543294,0.00061914785,0.031242786,0.041418035
2215,0,1,0.11980374795869064,0.022096591,0.005501207,0.11765361
2216,0,1,0.02715072717346045,0.00019438766,2.7238948e-06,0.025615005
2217,0,0,0.013797281111815362,4.4844046e-06,3.9320703e-06,0.014148829
2218,0,1,0.0034217871477143736,1.7394649e-07,1.7765586e-08,0.007040012
2219,1,1,0.9927060483397777,1.0,0.9999989,0.9925229
2220,0,1,0.13887985601878164,0.060555365,0.0052124453,0.13392805
2221,0,1,0.1924330261917077,0.8441333,0.46148548,0.19045645
2222,0,1,0.00972914330087868,1.196897e-07,2.0674385e-08,0.010798974
2223,0,1,0.08574598307198243,0.00021087441,8.147622e-06,0.08783505
2224,0,0,0.0032776219311953293,4.5808642e-07,3.4780692e-06,0.004108347
2225,0,1,0.5662130988387356,0.9997594,0.9989085,0.57294047
2226,0,1,0.002287120075531245,6.1923333e-09,3.655376e-09,0.004957957
2227,0,0,0.00038506758948329633,2.264762e-13,7.487127e-12,0.0005044932
2228,1,1,0.6349131296363305,0.99913955,0.9962195,0.6241595
2229,0,1,0.003234777323956317,9.413046e-10,2.4351424e-11,0.00409939
2230,0,1,0.016550344322684832,8.70412e-05,3.0575327e-05,0.019633552
2231,0,0,0.05154825863920221,0.0008334591,0.011643097,0.052130416
2232,0,0,0.20681751808312443,0.5725482,0.9988777,0.20087859
2233,0,1,0.007653574748639886,2.3239519e-08,8.383422e-09,0.007886248
2234,0,1,0.19381963673112076,0.9935051,0.9699444,0.18654996
2235,0,1,0.03343046148572166,0.00063625735,3.4134962e-05,0.033449944
2236,0,0,0.05335238558087624,0.00022720729,0.01429243,0.052459233
2237,0,1,0.10559856859644459,0.0008718888,0.002101578,0.054712113
2238,0,0,0.0044681981004778375,9.362795e-06,0.0002599085,0.010184438
2239,0,0,0.003527750912740039,4.343415e-10,1.3995934e-07,0.0035033438
2240,0,1,0.12827363189379085,0.06611908,0.0047652097,0.13820013
2241,0,1,0.0640035467279128,0.0037355532,0.0004767099,0.06306249
2242,1,1,0.006983449119926595,1.9455272e-05,1.5176141e-05,0.014142192
2243,0,1,0.49348754876501016,0.9959483,0.98546475,0.4957626
2244,0,1,0.2715349348798087,0.9592008,0.75058573,0.2737251
2245,0,0,0.40183431943353504,0.97738546,0.99923146,0.40002206
2246,0,0,0.004139188734836422,1.3565934e-09,6.2728276e-08,0.004320317
2247,0,0,0.11538274956959059,0.013452458,0.30249354,0.11161305
2248,0,0,0.017138596569480552,3.018345e-07,1.7188879e-06,0.01805905
2249,0,0,0.005548622942467873,8.8568664e-10,3.020132e-08,0.0061306963
2250,0,1,0.26985791162582023,0.977754,0.5142245,0.2663934
2251,1,1,0.35049120583317406,0.97500247,0.9252891,0.35179257
2252,1,1,0.35419139264490657,0.98236233,0.9263308,0.3558906
2253,0,1,0.36800019243700494,0.979395,0.91999114,0.3693235
2254,0,0,0.0012794011047682161,1.4383272e-09,1.1592286e-07,0.0016605083
2255,1,0,0.9715317393565219,1.0,1.0,0.98483723
2256,0,1,0.24909520866603135,0.93406624,0.40105584,0.23674326
2257,0,0,0.4217286208253075,0.9975792,0.99997866,0.418377
2258,0,1,0.010161178269865904,1.2697785e-06,2.5875217e-08,0.009471378
2259,0,1,0.06719000851527092,0.051052913,0.017973892,0.07060348
2260,0,0,0.26855195013168087,0.29143387,0.98935145,0.27555868
2261,0,1,0.014243244397272217,0.000105062354,1.7606553e-05,0.017315805
2262,0,1,0.1948469373097881,0.22994985,0.028437996,0.18504593
2263,0,1,0.7517302590620498,0.9999956,0.99998283,0.7553701
2264,0,0,0.032891352825017234,0.00013187752,0.019323487,0.032147333
2265,0,1,0.6448784925124251,0.9998932,0.99966407,0.65222025
2266,0,1,0.01946664885065596,5.0733724e-06,3.5310754e-06,0.019791842
2267,1,1,0.25164724493307394,0.55013746,0.15488538,0.2550685
2268,0,1,0.01085871668456366,7.37256e-07,3.4334587e-07,0.01073337
2269,0,0,0.0010433807004068798,3.935835e-11,3.1255104e-10,0.0012833275
2270,0,0,0.015015078207574575,2.526946e-07,2.3579136e-05,0.01509768
2271,0,0,0.021406369545747463,6.0879765e-06,0.00011267202,0.020943185
2272,0,0,0.02575033058106042,0.00020184267,0.0016564091,0.025833994
2273,1,1,0.8114405267381888,0.9999999,0.9999994,0.81564826
2274,1,1,0.7130544486405502,0.99996257,0.9998052,0.70143664
2275,0,1,0.198639312802917,0.3234347,0.07606811,0.19921547
2276,0,1,0.0119423931332094,1.677231e-07,3.1424417e-08,0.012060753
2277,0,1,0.016558893443967354,0.0004124433,3.985506e-05,0.020626334
2278,0,1,0.020441554909647473,3.2364408e-06,1.8595147e-06,0.020886082
2279,1,1,0.22714141217371622,0.60813004,0.6405845,0.23885751
2280,1,1,0.30700278183769,0.9457963,0.8813408,0.30738539
2281,0,1,0.8616010950727176,0.99999964,0.9999981,0.8579602
2282,0,0,0.1088019155875434,0.103392355,0.96740055,0.112472616
2283,0,1,0.18137498480104935,0.10813693,0.01656313,0.18374564
2284,0,0,0.045413742605954516,0.0014067555,0.02098012,0.047021914
2285,0,1,0.019585599648701216,1.228193e-06,8.57899e-07,0.019975536
2286,0,0,0.00857013313403589,8.993105e-06,0.0001339563,0.017107071
2287,0,1,0.3372561620775427,0.933354,0.9381739,0.35230142
2288,0,1,0.007448972282381712,5.4268644e-06,3.7716393e-07,0.009517036
2289,0,0,0.04602332103166672,0.00057258207,0.008740008,0.045745853
2290,0,1,0.0032020713228347064,6.5234666e-08,3.9849784e-08,0.007042496
2291,0,0,0.03985374334516503,0.0022036636,0.014693475,0.041754566
2292,0,0,0.008288384336839776,4.9739225e-07,1.5679305e-05,0.011048684
2293,1,1,0.8714757243270062,0.9999994,0.9999994,0.8693505
2294,0,0,0.007747702531223426,1.3223728e-07,7.2499716e-07,0.007939699
2295,0,0,0.3126644674379867,1.0,0.99999726,0.37713617
2296,1,1,0.9997450855258235,1.0,1.0,0.9997162
2297,0,1,0.0887849708255336,0.026754608,0.03210896,0.12256114
2298,0,0,0.007513848485502841,1.8195684e-06,1.7735438e-05,0.007094406
2299,1,1,0.8400047899459133,0.9999999,0.9999995,0.8443479
2300,0,1,0.3175094862971923,0.81821334,0.7744452,0.31202543
2301,0,0,0.10061712231588778,0.011561048,0.20698124,0.104285344
2302,0,1,0.11377598354460111,0.08225553,0.0017866759,0.11020601
2303,0,1,0.16487175942113105,0.05010588,0.007165292,0.16717938
2304,0,1,0.16556183793128382,0.007992991,0.00048627346,0.1641579
2305,0,0,0.017148026030980167,7.664921e-06,9.334742e-05,0.017704485
2306,1,1,0.9853580918532375,0.99999976,0.99999654,0.9840425
2307,0,1,0.08710197881942226,0.008819258,0.00016057491,0.08520931
2308,0,0,0.012190717533257364,3.6079788e-07,3.3333858e-05,0.013076881
2309,0,1,0.44849126446393367,0.95854515,0.7114047,0.45150533
2310,0,0,0.0015138653293387788,7.852864e-12,2.9859742e-10,0.001554535
2311,1,1,0.2608057877510189,0.6972785,0.2805016,0.26228112
2312,0,1,0.3941472415999036,0.99482155,0.9775794,0.39239237
2313,0,0,0.6459245115228317,0.9993092,0.9999974,0.6409363
2314,0,1,0.009592081155393247,3.8615113e-08,4.1694797e-08,0.010625769
2315,0,1,0.010145972409980528,9.215747e-10,1.7551887e-11,0.010695675
2316,1,1,0.7810274725475379,0.9999993,0.9999975,0.7846181
2317,0,1,0.010707692968439823,0.0005114027,0.00020627411,0.01426606
2318,0,1,0.11285374139852102,0.09113954,0.003125235,0.109604195
2319,1,1,0.14291707148238836,0.3773453,0.15324181,0.1457711
2320,0,0,0.03872496600973926,0.00025748985,0.0021364784,0.04020045
2321,0,1,0.10781029962387795,0.1691155,0.061073184,0.10727064
2322,0,1,0.008344507508453461,6.1056003e-06,6.4015506e-07,0.010266117
2323,0,1,0.28628426637052,0.83516794,0.9010771,0.2912837
2324,0,0,0.016578384569016242,1.5923359e-05,0.00012102215,0.016594889
2325,0,0,0.01149525330632551,2.6217936e-07,4.2186794e-06,0.011183293
2326,0,0,0.11435278697027032,0.02501802,0.5297867,0.116439074
2327,0,1,0.5284932824176942,0.99532217,0.9872754,0.5305195
2328,0,0,0.09579876157266652,0.0020529132,0.09728228,0.10065071
2329,1,0,0.12599317886073008,0.050386045,0.62837774,0.064309336
2330,0,1,0.7421703205926939,0.99994123,0.99984324,0.74396634
2331,0,0,0.008697520079969207,7.748907e-08,7.7026225e-06,0.009345797
2332,0,0,0.007090999956792291,9.979318e-10,3.4734318e-09,0.007074141
2333,0,1,0.5047760789809713,0.99922276,0.9970372,0.50713545
2334,0,1,0.05236443077331154,0.0003499752,8.105177e-05,0.053528983
2335,0,0,0.18731138034599037,0.3497984,0.8857963,0.17928545
2336,1,1,0.8078687256009683,0.99409795,0.7543247,0.803831
2337,0,1,0.06700853212275379,0.00026051013,5.9847855e-05,0.07074418
2338,1,1,0.9993441374140958,1.0,1.0,0.9992963
2339,0,1,0.013259066963636023,7.056986e-07,2.2510474e-07,0.013471406
2340,0,0,0.012528539811035725,2.9862308e-06,0.00012090151,0.011819173
2341,1,1,0.3273714553111147,0.9611126,0.8272494,0.33500278
2342,1,0,0.7918949209478116,0.9999945,1.0,0.7923947
2343,0,0,0.0016422223066199712,3.044689e-09,1.5483106e-07,0.0021540227
2344,0,1,0.09092981783685608,0.014077035,0.0019432292,0.08920243
2345,0,0,0.06005650503617102,0.0001112815,0.0031593964,0.06902691
2346,1,1,0.33048578007138674,0.9802951,0.89337796,0.32973167
2347,1,0,0.94539939355983,0.99999905,0.99999976,0.942149
2348,0,1,0.22009476610512574,0.55476683,0.08249475,0.21449718
2349,0,0,0.32051304652877743,0.95069796,0.9946162,0.31489292
2350,1,1,0.7392881590291707,0.99993885,0.99997926,0.74521655
2351,1,1,0.9149478536400555,1.0,1.0,0.91080296
2352,0,1,0.08015124963826228,8.822986e-05,4.7163885e-06,0.07994072
2353,1,1,0.8731636738378824,0.9999993,0.9999958,0.8718754
2354,0,1,0.12134163370142674,0.083025254,0.012177746,0.1197966
2355,0,1,0.28267750039951506,0.9733574,0.9056651,0.2799362
2356,1,1,0.7576701505860688,0.99999666,0.9999875,0.7596108
2357,0,1,0.006663062783074058,8.031494e-07,1.1528838e-07,0.00802615
2358,0,1,0.41453651479717946,0.9806496,0.9380868,0.408405
2359,0,1,0.3136296149681583,0.16122101,0.01390712,0.3180535
2360,0,0,0.008820595184655264,2.5530532e-08,2.886289e-06,0.009852856
2361,0,0,0.0035776774389606617,9.764114e-10,9.4165195e-08,0.0036280612
2362,0,1,0.518683155234936,0.9806333,0.9317047,0.5267981
2363,0,1,0.031478661381726364,5.5533765e-06,9.98775e-07,0.030240057
2364,0,1,0.026995420724405642,0.00018166147,1.23450245e-05,0.026874805
2365,0,1,0.008552085203999278,3.2474936e-06,7.6985884e-07,0.010954136
2366,0,1,0.14608816688005563,0.25872752,0.029983504,0.15022762
2367,0,1,0.26532651797865847,0.7537107,0.40541723,0.2660365
2368,0,0,0.0015511064587399876,9.751422e-10,1.378504e-08,0.0019072018
2369,0,1,0.19847558623512218,0.07229092,0.024219148,0.21077104
2370,1,1,0.9965006768149459,1.0,1.0,0.9963599
2371,1,1,0.667035536996175,0.99983656,0.9997255,0.6670811
2372,0,1,0.012551186854763184,1.8257424e-06,2.2314682e-08,0.011913517
2373,0,1,0.24564723885842385,0.22011812,0.025442783,0.25732306
2374,1,1,0.5273507568420319,0.9978662,0.97188365,0.52348274
2375,0,1,0.08569432326784801,0.007489342,0.0013174509,0.082310624
2376,1,1,0.6009228615381011,0.99950695,0.9987704,0.6022408
2377,0,1,0.1332713105396771,0.033133727,0.0029422236,0.13945448
2378,1,1,0.70249639891579,0.9999999,0.99999976,0.72349685
2379,0,0,0.012543234471090558,7.0479686e-08,9.546744e-07,0.012341538
2380,0,1,0.0024366062466746577,8.817362e-09,1.8746624e-09,0.0032670284
2381,1,1,0.2340398037743634,0.59367985,0.34568813,0.24246949
2382,0,1,0.0009278668250294176,3.3193535e-11,1.6520361e-11,0.0011761362
2383,0,1,0.0007405546173512486,2.0944674e-12,8.466514e-13,0.0009439457
2384,0,1,0.07383385155809613,0.011849931,0.0011482823,0.07337804
2385,0,1,0.11162156102598284,0.17287603,0.065907806,0.14054868
2386,0,1,0.012986367115098913,1.1792715e-05,2.1792061e-06,0.015919684
2387,0,0,0.08847991007964745,0.0008450046,0.70995456,0.086852044
2388,0,0,0.07837259129777918,0.004941309,0.11024878,0.07889696
2389,0,0,0.02246666807721025,2.7711294e-05,0.00035678592,0.023268662
2390,0,1,0.7181247916068262,0.99991155,0.99909884,0.7114541
2391,0,0,0.170489276093404,0.19982643,0.9956261,0.17135653
2392,0,1,0.007231849701932001,5.749127e-06,1.4610459e-06,0.015531554
2393,0,1,0.004970460751127171,1.595693e-06,2.0182295e-08,0.005979069
2394,0,0,0.003084850193470477,9.089989e-07,7.757477e-06,0.0065207235
2395,0,0,0.1672063776939626,0.13221131,0.96295565,0.1717113
2396,1,1,0.13987835232005633,0.07317219,0.007201454,0.14238463
2397,0,1,0.20754958466390253,0.8751138,0.7418257,0.22055611
2398,1,1,0.8182441646351508,0.99999857,0.99999917,0.81912076
2399,0,0,0.10394014548119405,0.00034620342,0.0519022,0.1033997
2400,0,1,0.24252633623208886,0.8902332,0.547273,0.24276295
2401,0,0,0.007568264893181803,1.07951355e-05,4.668159e-06,0.005278599
2402,0,1,0.001068680046339606,5.841912e-12,2.3428575e-12,0.0013758837
2403,0,0,0.015608272014172059,3.2983446e-06,0.00024961113,0.016926194
2404,0,1,0.6349150158676725,0.99983895,0.9998869,0.633308
2405,0,0,0.031548554168807544,2.5889914e-05,0.0002738984,0.03275374
2406,0,1,0.14664840670890839,0.001379488,8.436949e-05,0.1479885
2407,1,1,0.6446280136184128,0.946714,0.52393293,0.6365618
2408,0,1,0.20093731254111374,0.60205424,0.18133971,0.19974542
2409,1,1,0.32432091897004867,0.9768314,0.94486153,0.33550432
2410,0,1,0.39865663177202354,0.9900058,0.9568818,0.39946008
2411,0,0,0.007880931172596625,2.3444277e-07,9.2652857e-07,0.008429135
2412,0,1,0.03564164014441472,1.049969e-05,2.311617e-06,0.037589032
2413,0,1,0.6999770734940974,0.99996173,0.99982727,0.7056175
2414,1,1,0.9785066891351007,1.0,1.0,0.977377
2415,0,1,0.6854167580851721,0.99967295,0.99978817,0.69383216
2416,0,1,0.007425984724642072,2.8847728e-08,5.5945417e-09,0.009744282
2417,0,1,0.16783759566733872,0.0003511573,7.50871e-06,0.16394304
2418,0,1,0.21499084501203503,0.92428404,0.60502285,0.21383002
2419,0,0,0.010182825367546772,1.0245658e-06,7.471466e-06,0.0101051815
2420,0,0,0.05977591400954347,0.00070477795,0.0484053,0.058254197
2421,0,0,0.012065512481925429,1.3049613e-07,1.7205759e-05,0.013147663
2422,0,0,0.019818957444922854,1.0169715e-05,5.7321577e-05,0.02089629
2423,1,1,0.31877343287323096,0.96507907,0.7461059,0.3300507
2424,1,1,0.1745280925457071,0.2626384,0.03147478,0.181524
2425,0,1,0.0036130267686118006,5.6868413e-07,1.6830026e-07,0.0070744557
2426,0,1,0.527957473684026,0.9983821,0.9921503,0.5310648
2427,0,0,0.006839776151992756,9.853716e-09,7.8764367e-07,0.0073032104
2428,0,1,0.021189235997588974,3.6639926e-06,6.9968553e-07,0.023960263
2429,0,1,0.005645577830318245,4.4849735e-06,6.130648e-06,0.0121680675
2430,1,0,0.98781815564216,1.0,1.0,0.98704135
2431,0,0,0.0006271619615247584,1.0774139e-12,2.013667e-10,0.00080319686
2432,1,1,0.3861788861273627,0.99815184,0.9895963,0.39022538
2433,0,1,0.031875371017270115,4.8654598e-05,3.1987787e-05,0.03261036
2434,1,1,0.6536094895546624,0.99997246,0.9999182,0.6561515
2435,1,1,0.8726952539074978,0.99999845,0.99999523,0.87150455
2436,1,1,0.19489446682120595,0.43090144,0.30960056,0.20021033
2437,0,0,0.0071283946737547435,1.1375316e-07,9.823824e-06,0.007254737
2438,1,0,0.4163167013733577,0.9903022,0.99994564,0.40688485
2439,0,1,0.39844886304605986,0.9922367,0.9400237,0.4052164
2440,1,1,0.994980216344283,1.0,1.0,0.9945333
2441,1,0,0.4237122214770263,0.9998845,0.99999535,0.5824719
2442,0,1,0.12205684445860937,0.4854587,0.08403192,0.12449857
2443,0,1,0.15513162303418365,0.11301831,0.016631473,0.15559469
2444,0,0,0.0004569099465151497,1.2095042e-11,1.8237618e-10,0.00061433495
2445,0,1,0.5348216698667244,0.99610823,0.99235994,0.526592
2446,0,0,0.02645357308646541,6.462578e-05,0.03741948,0.026225103
2447,0,1,0.004299996011323922,1.2532751e-10,5.981194e-11,0.0043402016
2448,0,0,0.016015163167020067,0.00018805472,0.0025032368,0.020523733
2449,0,0,0.16597121020431027,0.056648847,0.87468565,0.16736753
2450,0,1,0.04111990326388157,6.2839325e-05,2.9879378e-05,0.04211134
2451,0,0,0.050932800356502606,0.00018163046,0.0014235447,0.048249472
2452,1,1,0.5014778887964045,0.99931693,0.9969746,0.50224084
2453,1,0,0.22979487804378876,0.6494053,0.9933775,0.22449659
2454,0,0,0.018119407509039866,0.00042056298,0.04760854,0.022087445
2455,0,1,0.2181836658936706,0.6597297,0.20808312,0.22040507
2456,0,1,0.3278168159510265,0.9779769,0.8808816,0.3274236
2457,0,0,0.12130499109815257,0.031218896,0.3642196,0.12780027
2458,0,1,0.006471643584343443,9.674612e-06,3.1622317e-06,0.008634793
2459,1,0,0.45637239879651037,0.9990871,0.9999919,0.45164323
2460,0,1,0.3655048290763461,0.9324484,0.86494833,0.36944798
2461,0,0,0.052302002557515034,0.0006956931,0.03035329,0.049230527
2462,0,0,0.004547528649611486,1.4529167e-08,5.730411e-07,0.0048211073
2463,1,0,0.09733412537283924,0.063939035,0.6166599,0.09619896
2464,0,0,0.002525273236074556,3.100748e-11,2.3310878e-10,0.0024419203
2465,0,1,0.04511121529700234,2.5436988e-05,6.2094477e-06,0.04734119
2466,0,1,0.586793249611881,0.99995387,0.9998139,0.58718836
2467,0,1,0.14132273103921786,0.14223881,0.014312939,0.14819813
2468,0,0,0.0028120753074250015,4.2389883e-11,7.703089e-09,0.0030858726
2469,1,1,0.9079153919881472,0.9999975,0.99995923,0.9113449
2470,1,1,0.654014305827513,0.9994474,0.9941951,0.65401286
2471,0,1,0.19256695777006136,0.30924225,0.041513316,0.20023559
2472,1,0,0.4809962541540435,0.9840741,0.9997933,0.478685
2473,0,0,0.0018679757299657081,2.685828e-12,1.306014e-10,0.0018283745
2474,0,1,0.20695653596966254,0.30505535,0.060832873,0.2083722
2475,1,1,0.6885996975790843,0.9999548,0.9998107,0.6916916
2476,0,1,0.007216738546835896,8.152985e-06,5.3998417e-07,0.00921004
2477,1,1,0.5515828306346877,0.9999366,0.9998013,0.550754
2478,1,1,0.3857526773088658,0.98246026,0.9693149,0.4002427
2479,0,0,0.10958213515795015,0.05499981,0.6860218,0.11294941
2480,0,1,0.007912280367943354,0.0007493393,1.7023725e-05,0.015697608
2481,1,1,0.8219985243054884,0.9999988,0.99999785,0.82817227
2482,0,0,0.025876806467450268,3.4053613e-05,0.0003626986,0.025607288
2483,0,0,0.041314161802430825,0.0026009157,0.016740512,0.043524757
2484,0,1,0.023930416161650907,9.475618e-06,1.0022243e-06,0.023221428
2485,1,1,0.691965607775391,0.9999547,0.99980235,0.696448
2486,1,1,0.4925372937777991,0.99704045,0.996409,0.5113216
2487,0,0,0.018394150532815356,1.5483327e-05,0.00029930545,0.01902637
2488,0,0,0.012453072812481186,2.450317e-07,2.7299957e-06,0.012264572
2489,0,0,0.007244568864935223,0.0001673935,0.0015186188,0.009063406
2490,0,1,0.08091144060308797,0.018877603,0.0023281567,0.07983832
2491,0,0,0.0033787892501349914,7.7593036e-08,9.3805033e-07,0.0041643535
2492,1,1,0.3237668426058172,0.9691797,0.76795584,0.33556956
2493,0,1,0.014800021300552968,0.00016097027,1.72151e-05,0.018421741
2494,0,0,0.01651668540833969,3.42348e-07,1.128121e-05,0.01797183
2495,0,0,0.008048761238758115,3.5407909e-06,3.618549e-05,0.010636668
2496,1,1,0.4120169464937827,0.9913229,0.9731925,0.4135123
2497,0,1,0.04730841367895632,1.49527905e-05,7.5311453e-07,0.04649023
2498,1,1,0.6278784620305486,0.721359,0.11422151,0.6311422
2499,0,1,0.005273730780520931,2.1727613e-08,1.1491231e-09,0.005203453
2500,0,1,0.02586266295279385,0.00056835025,9.13814e-06,0.02416836
2501,1,1,0.1849413352945129,0.12509806,0.2378894,0.18474296
2502,0,1,0.17676577815066452,0.1059879,0.16397862,0.17974707
2503,0,0,0.024018679658670706,2.5228237e-05,0.00030397854,0.02574777
2504,1,1,0.2123299536492741,0.16172302,0.15052047,0.21365757
2505,0,0,0.02316635115344553,6.2253195e-05,0.0007546588,0.024029106
2506,0,0,0.02077539925477658,2.945259e-05,0.0004007849,0.020297116
2507,0,1,0.007432375422550215,1.5333268e-07,2.936585e-08,0.0075437315
2508,1,1,0.8479632083148825,0.9999926,0.999992,0.8418108
2509,0,0,0.015760016753751754,1.7370528e-06,6.481359e-05,0.015883151
2510,1,1,0.5980982811763487,0.99990034,0.9995263,0.599022
2511,0,0,0.05211462696567616,6.669534e-05,0.00050117593,0.05080251
2512,0,1,0.07457279034494986,0.00062903936,4.0686897e-05,0.07794663
2513,0,0,0.006316715008568503,7.5275084e-06,0.00015214978,0.008829034
2514,0,1,0.34535727586904624,0.9761673,0.8993318,0.3444555
2515,0,0,0.005526749841644668,2.5727578e-08,6.000301e-07,0.0060717384
2516,0,0,0.0024447054782554944,4.183468e-08,4.2174744e-07,0.0030281835
2517,0,1,0.047756633672591815,8.640633e-06,1.47463925e-05,0.04519727
2518,0,1,0.00047087419253708554,1.0798595e-13,3.4137725e-14,0.0006049991
2519,0,0,0.0032366217390562353,3.8168187e-07,7.855021e-06,0.003913195
2520,0,1,0.3187256713159704,0.99164706,0.94329464,0.32901222
2521,0,1,0.07560707882130391,0.00028325478,0.00010568322,0.036646295
2522,0,0,0.08881181894186803,0.226694,0.8296965,0.0921008
2523,0,0,0.032963344950532936,0.00021022776,0.0044489917,0.03356376
2524,0,0,0.03457862056355484,5.521429e-05,0.0015214403,0.034367852
2525,0,1,0.3088572653725559,0.94464463,0.9451908,0.30704388
2526,0,0,0.004066390625469572,1.0055253e-06,8.235632e-06,0.005233708
2527,0,0,0.0045565600054782935,1.5862732e-08,1.5527196e-08,0.004363138
2528,0,1,0.5931438560490019,0.999353,0.99834085,0.59346896
2529,0,1,0.019984608512777287,9.4214365e-06,6.189856e-07,0.020078467
2530,1,0,0.9134498449019081,0.99999964,1.0,0.9078762
2531,0,0,0.03282055520545193,0.019774102,0.22882572,0.041685462
2532,1,1,0.7940937733552578,0.9999521,0.9998199,0.78986716
2533,0,1,0.06466492866528316,0.00097181636,0.00023791323,0.06862217
2534,1,1,0.7469080541573196,0.99998105,0.9999356,0.74253076
2535,0,1,0.4632139289174566,0.9879925,0.9073151,0.4582047
2536,0,1,0.5876702903815549,0.9997366,0.9990809,0.5877498
2537,0,1,0.23077985223353625,0.87335247,0.6811669,0.27792737
2538,0,1,0.0033389900832793314,2.0174484e-08,2.4075195e-08,0.0042226217
2539,1,1,0.9428120195589431,1.0,1.0,0.94161457
2540,1,0,0.8037966780347112,0.9999815,0.9999999,0.7938255
2541,0,1,0.8746110664950735,0.99997675,0.9998919,0.87315494
2542,0,1,0.159372409937372,0.019819506,0.009267322,0.1584917
2543,1,1,0.7989890462730622,0.9998708,0.99963796,0.79116505
2544,0,0,0.17107087990103445,0.4771385,0.92987055,0.17917168
2545,0,1,0.46858527408384004,0.9989681,0.9962943,0.4772891
2546,0,1,0.05592045612558758,0.0012519455,8.819848e-05,0.057483137
2547,1,0,0.6115695907533447,0.9999305,0.99999654,0.59891355
2548,1,0,0.41156873249739656,0.9380887,0.99943525,0.40180993
2549,0,0,0.0003811602258041247,1.4892989e-12,6.0214965e-11,0.0004913761
2550,0,0,0.030812593137661885,2.4053126e-05,0.00046246574,0.031910714
2551,0,1,0.19109886912851579,0.16014697,0.025920851,0.1935922
2552,0,1,0.00034213529893809615,3.408925e-14,1.20988534e-14,0.00043029533
2553,0,0,0.002594308305728649,3.2437568e-09,3.004871e-08,0.0032278602
2554,0,1,0.1588725933541795,0.11809283,0.013480445,0.1619275
2555,0,0,0.021682129167408866,3.864979e-05,0.002087861,0.022742374
2556,0,1,0.0017413361596024834,2.1946295e-10,9.981351e-11,0.0022597807
2557,0,0,0.008749682750261242,7.57532e-05,6.369562e-05,0.0063354773
2558,0,1,0.6827263302667393,0.9999896,0.99996924,0.68180895
2559,0,0,0.002077711662844319,1.865162e-08,3.7086355e-07,0.0028696603
2560,0,0,0.042783964833322356,0.00052263844,0.0057208003,0.04431561
2561,0,1,0.005202783046913071,1.0183246e-06,2.4506886e-07,0.0070793005
2562,0,1,0.20907638456278366,0.6240845,0.26170626,0.2085692
2563,0,0,0.32759696035965946,0.9871113,0.9998293,0.32967615
2564,1,1,0.5659643282967354,0.9999033,0.99970084,0.56968045
2565,0,0,0.008234936157681023,1.1027497e-05,6.2157036e-05,0.010255638
2566,0,0,0.009734451597539624,5.4735443e-05,0.00045920105,0.012484366
2567,0,1,0.00907347444878825,1.0767672e-05,1.1239097e-06,0.011182027
2568,1,1,0.7849063925010691,0.99999654,0.999995,0.78071487
2569,0,1,0.6406061184299477,0.999841,0.9996033,0.64427567
2570,0,1,0.12998939482949026,0.19747907,0.06528215,0.13375469
2571,1,0,0.902985684623574,0.9999995,1.0,0.89761305
2572,0,1,0.03913134155864996,0.00012931318,7.2201483e-06,0.04164281
2573,0,0,0.01398053988037681,1.5927283e-06,1.4624758e-05,0.014911715
2574,0,1,0.016963816509728943,4.2787335e-07,2.5159378e-07,0.017508786
2575,1,1,0.5743398659803326,0.99909055,0.9959288,0.58266747
2576,0,1,0.48649726327418774,0.9967974,0.9763816,0.4744866
2577,0,0,0.05263220854243903,0.0017005086,0.02384823,0.054834086
2578,1,1,0.43006701642393547,0.9992844,0.9985384,0.4448891
2579,0,1,0.1490955838521831,0.31524765,0.0106714275,0.14746417
2580,0,1,0.3833079609398314,0.9866834,0.9042779,0.3972068
2581,0,0,0.025527120837977136,3.6059548e-05,0.00056446006,0.026117
2582,0,1,0.20397805572453176,0.30250487,0.06254994,0.20425954
2583,0,0,0.0017595387183712507,4.431682e-11,7.8223055e-09,0.0018817113
2584,0,1,0.012756618689281716,2.5348702e-06,3.373979e-08,0.012008698
2585,0,1,0.05033077746747656,0.00032865288,9.164741e-05,0.04961257
2586,0,0,0.08353856362183629,0.04169617,0.6833519,0.080244966
2587,0,1,0.005604676675866913,1.7015402e-08,2.3297912e-09,0.007034371
2588,0,1,0.34353309740445626,0.9847742,0.8990487,0.3482845
2589,0,0,0.003774716796489906,3.5746482e-06,3.0283749e-05,0.008004531
2590,0,1,0.12701172377653613,0.00822152,0.007812976,0.13301963
2591,0,0,0.024680862869825116,2.2890476e-05,0.0007956541,0.024846764
2592,1,1,0.6858670951333606,0.99999905,0.9999987,0.6997992
2593,0,1,0.26444737824509634,0.07607423,0.0025772317,0.2622043
2594,0,0,0.06377156642567364,0.0010873761,0.019616438,0.06587789
2595,0,1,0.029320032133174113,4.5656566e-06,4.5846355e-07,0.028513018
2596,0,0,0.07148354647572165,0.00035821667,0.07278349,0.075020604
2597,0,1,0.07185524570861988,0.00028117493,0.00021652959,0.07601598
2598,0,1,0.006870368048529911,3.2184886e-07,5.7919184e-08,0.013971677
2599,1,1,0.33150088380242293,0.8036369,0.66315854,0.32642308
2600,1,1,0.9125913842278134,1.0,1.0,0.91285014
2601,0,0,0.006516923926418246,2.9998246e-09,3.3748624e-06,0.006902292
2602,1,1,0.4449045937061012,0.99949574,0.99743456,0.4438134
2603,0,0,0.02432499206571879,8.6423795e-05,0.0051614274,0.030854957
2604,0,0,0.018960052171777656,2.095544e-05,0.00016486175,0.019068835
2605,0,0,0.018557525640806295,2.4973758e-06,0.00010110671,0.020863049
2606,0,1,0.029934839072017133,7.720139e-06,1.275017e-06,0.030304292
2607,0,1,0.09531442856138815,0.0005758138,0.0002658209,0.09602813
2608,0,0,0.7593974246575738,0.99999106,1.0,0.75097793
2609,0,0,0.0008390557399430592,6.5355963e-12,2.3781258e-10,0.0011131761
2610,0,0,0.018599586643213463,7.2382804e-06,0.00048195882,0.01916366
2611,0,0,0.0023093799786655113,1.0953247e-08,6.46086e-08,0.0029172725
2612,1,1,0.960110289340647,1.0,1.0,0.958016
2613,0,1,0.27541909538056725,0.9060582,0.8419528,0.26755112
2614,0,1,0.1766024606824493,0.17976734,0.40832406,0.22291088
2615,1,1,0.6276856541735614,0.99970835,0.9995153,0.62390834
2616,0,0,0.5186729041249358,0.99843174,0.9999958,0.51418537
2617,0,0,0.010947219615370644,1.8652818e-07,8.279457e-06,0.011939399
2618,1,1,0.03931042432821115,0.00038833037,4.4926754e-05,0.038388014
2619,0,1,0.19884202421539898,0.18017943,0.027735574,0.20337777
2620,0,1,0.0006967572508031365,4.547627e-13,1.492594e-13,0.0008875207
2621,0,1,0.04358546543154,0.008136587,0.0077953483,0.053468663
2622,1,1,0.9968771572926176,1.0,1.0,0.9967398
2623,0,1,0.03724512845805874,8.742551e-05,8.716045e-06,0.03689188
2624,0,0,0.024028219473406384,0.00016585745,0.01161619,0.025425082
2625,0,1,0.8904395382265119,1.0,1.0,0.8939493
2626,0,1,0.0031412420492818484,3.9426524e-07,8.101087e-09,0.0037137081
2627,0,0,0.0015087187237743326,4.8368474e-08,7.93866e-08,0.0010019697
2628,0,1,0.016713064544544284,2.3394894e-07,1.0747319e-07,0.01814478
2629,0,0,0.13565479562659002,0.022148272,0.31483567,0.14079046
2630,0,1,0.28184467266139646,0.8922452,0.56252885,0.2831091
2631,0,0,0.006106634021520076,2.828725e-10,4.4099635e-10,0.0065009054
2632,0,1,0.10116783326142785,0.0043103145,0.00064953323,0.10114232
2633,1,1,0.5467449296441466,0.9884249,0.83290875,0.5505481
2634,0,0,0.0033609468584087157,8.2708e-09,1.7447996e-07,0.0040687965
2635,0,0,0.07497525437915026,0.007177314,0.13276912,0.074964225
2636,0,0,0.009273578912058308,5.373842e-08,4.8826047e-07,0.009624977
2637,0,1,0.03251109501820447,2.020366e-05,1.40584525e-05,0.033675846
2638,1,1,0.7006671586526961,0.9999571,0.99982893,0.6927379
2639,0,0,0.003855903420481511,2.2318879e-07,2.7376166e-06,0.008030661
2640,1,0,0.11722557380914307,0.010651656,0.9739062,0.115665376
2641,0,0,0.00989430626006217,7.9917584e-08,3.3280774e-06,0.010797572
2642,1,1,0.5729802235765362,0.99966323,0.99855536,0.57367444
2643,0,1,0.011381363186626393,1.2525638e-06,1.7116212e-08,0.010600484
2644,1,1,0.8121751560829578,0.99999547,0.9999951,0.8074944
2645,0,1,0.002455525726756021,2.4305846e-08,2.8336877e-10,0.0049357903
2646,0,1,0.03209204026507621,7.248947e-05,1.8034474e-05,0.030282455
2647,0,1,0.7130291005851535,0.9994148,0.99577075,0.7173761
2648,0,1,0.016790494536505232,6.164184e-07,1.3332095e-07,0.01666254
2649,1,1,0.7757589015126366,0.9999815,0.99999285,0.77889466
2650,1,1,0.328743557829246,0.9822839,0.90934986,0.3276256
2651,0,1,0.2743231379278804,0.013916034,0.0023760183,0.27407354
2652,0,1,0.4154775953251447,0.9979521,0.99047863,0.416736
2653,1,1,0.60700820654579,0.99747866,0.95522106,0.6106
2654,1,0,0.760913445724442,0.99999464,1.0,0.7586671
2655,0,1,0.14762575492115795,0.3574327,0.41821107,0.183653
2656,1,1,0.5425125121960602,0.9992743,0.99624,0.54981816
2657,0,1,0.05854917329318033,0.0026728585,0.00047661492,0.056421805
2658,0,1,0.06387627431336833,0.0022565338,0.0005683676,0.062307548
2659,0,0,0.0003203625616268576,6.115892e-14,1.9680355e-12,0.0004170223
2660,1,1,0.3851903557193598,0.99722314,0.9860388,0.38515717
2661,0,1,0.10819458928781892,0.0017725612,8.001068e-05,0.11032476
2662,1,1,0.6839325762179472,0.9996796,0.9965879,0.6814324
2663,1,0,0.013980131039385354,6.686709e-05,0.0009870356,0.018419886
2664,0,1,0.10787762067679547,0.019071905,0.00286494,0.11286601
2665,1,0,0.9976036096750771,1.0,1.0,0.9973354
2666,1,1,0.4217043540831466,0.99609613,0.9845397,0.4186766
2667,0,1,0.04018307408432654,0.00037819493,3.2630214e-05,0.04070035
2668,0,1,0.4920867615491983,0.99923813,0.9958613,0.4959915
2669,0,0,0.12169318122691246,0.31180224,0.97561854,0.121584475
2670,0,1,0.09229440086459642,0.015356298,0.0041383184,0.09408306
2671,0,1,0.20431264286752832,0.89441127,0.57916456,0.20565282
2672,0,0,0.07807554518212574,0.18170297,0.6500751,0.08293414
2673,0,1,0.009018250641230473,1.10707615e-05,6.1028927e-06,0.011209545
2674,0,0,0.007219125326695191,6.8234263e-09,1.2581704e-06,0.007540676
2675,1,0,0.8671177530221276,0.9999999,1.0,0.86260164
2676,0,1,0.17535939664357353,0.016957363,0.08883959,0.18368013
2677,1,0,0.2850567823980116,0.95341486,0.99950194,0.28023568
2678,0,1,0.13576016988397915,0.0021531628,9.312204e-05,0.13965273
2679,1,1,0.3923197295145182,0.97916496,0.9249164,0.40187776
2680,0,1,0.13728140753204335,0.17911673,0.036045767,0.1341185
2681,0,0,0.011248650206960161,6.0294497e-05,0.0009246697,0.014009672
2682,0,1,0.038945246012277925,2.414329e-06,5.641333e-07,0.042319138
2683,1,1,0.5718633207648399,0.99883956,0.9877275,0.56725067
2684,0,0,0.13208103488740902,0.0118355015,0.45295623,0.13023597
2685,0,1,0.3546660503054583,0.99035376,0.9312437,0.35820377
2686,0,0,0.44154816466412433,0.98407817,0.99995506,0.43060026
2687,0,1,0.17228704596202835,0.25302216,0.038122054,0.17473961
2688,0,1,0.2089412233356804,0.07381563,0.07432893,0.21638186
2689,0,1,0.22276752835938526,0.46051207,0.11267489,0.22426645
2690,1,1,0.5413695674682383,0.9997024,0.9997772,0.5383204
2691,0,1,0.02656998129234788,1.9058766e-06,4.3527626e-07,0.026078392
2692,1,0,0.16731733051906006,0.37684935,0.9259591,0.17544013
2693,1,1,0.9101053463517906,0.9988519,0.9664845,0.9032703
2694,0,1,0.17083899255940188,0.23357409,0.08461896,0.18607949
2695,0,0,0.33627269644011987,0.7615307,0.99931026,0.19148351
2696,0,1,0.0026929636708790078,2.8686453e-09,2.8630137e-10,0.0032581296
2697,1,0,0.8166976771886776,0.9999987,1.0,0.81554264
2698,0,1,0.44297326225333894,0.9966036,0.9894774,0.4405752
2699,0,0,0.08611244569665023,0.01748839,0.3852116,0.08812441
2700,0,1,0.01215767752943567,3.391846e-05,5.566552e-06,0.014683787
2701,1,0,0.9152617370614461,0.99999785,1.0,0.90660065
2702,0,0,0.008763312590104606,2.4564986e-07,1.4291895e-05,0.008078107
2703,0,1,0.006249401974035493,3.1187956e-06,2.6255415e-07,0.0077351397
2704,0,1,0.11324837082704754,0.092608206,0.013113333,0.11091128
2705,0,0,0.011828178783531804,2.1456772e-05,0.00031983264,0.015536689
2706,0,1,0.02819096030671057,4.556003e-05,3.4117538e-06,0.028578067
2707,0,1,0.24294817945566052,0.67357385,0.7798817,0.24666688
2708,0,0,0.1644923958661743,0.07380148,0.753188,0.17168066
2709,0,1,0.010056564008838408,7.0935025e-06,3.0284184e-06,0.013092356
2710,0,1,0.29305733602670164,0.84545887,0.45625794,0.29666492
2711,0,1,0.659055062087001,0.9998121,0.999231,0.6679861
2712,0,1,0.026133721820004327,1.3875851e-05,4.384649e-06,0.026820885
2713,0,1,0.2569381001473988,0.8779051,0.43078312,0.26473647
2714,1,1,0.579299831808676,0.9997889,0.9986987,0.5864113
2715,0,1,0.0013716191801351556,1.2931506e-12,5.7946974e-14,0.0016805225
2716,0,0,0.0033771691147568028,9.660723e-11,3.5933276e-09,0.0035509935
2717,0,1,0.005158486407191146,4.76848e-10,1.9213879e-11,0.0048625693
2718,1,1,0.73213512076392,0.9999614,0.99996984,0.73064655
2719,0,0,0.014631902684667518,4.728237e-07,4.4434596e-06,0.0144121805
2720,0,1,0.04663637272126538,0.000527583,0.0004419157,0.047125578
2721,1,0,0.7648272432771526,0.986356,0.9968736,0.77657604
2722,1,1,0.8010912240010758,0.99999833,0.9999989,0.7994664
2723,0,0,0.054054293716377086,0.00029162323,0.0077879755,0.054507513
2724,0,1,0.17381799378957027,0.017986126,0.0013795786,0.17562255
2725,0,1,0.42046995383534813,0.99893504,0.99763,0.43041608
2726,0,1,0.4468558051236936,0.99960864,0.99751496,0.46116316
2727,0,1,0.267072158070152,0.91345966,0.5333514,0.27757788
2728,0,1,0.41418020693040847,0.9896248,0.9471519,0.41489682
2729,1,1,0.6086281935254629,0.9999713,0.9998441,0.6122068
2730,0,1,0.30483259052370204,0.9889213,0.9371447,0.30322164
2731,1,1,0.3491694099758655,0.9470935,0.74533,0.35355324
2732,0,1,0.25483674203117046,0.22475803,0.4373463,0.13820581
2733,0,1,0.18765276208823692,0.25156423,0.048165992,0.18721546
2734,0,0,0.03302765444730927,0.00032973342,0.0045068073,0.032374334
2735,0,1,0.01175047536968272,8.4695625e-05,9.864654e-06,0.014393324
2736,0,0,0.028671630237014887,2.3624603e-05,0.0009953353,0.030356284
2737,0,1,0.014738340279846994,5.3236527e-05,2.74836e-06,0.02009301
2738,0,1,0.10408550626864344,0.03985574,0.011200279,0.10589545
2739,0,0,0.026353955644721646,1.9827768e-05,0.0011514139,0.027152719
2740,0,1,0.007718144440939893,5.36563e-06,4.9513613e-07,0.009598621
2741,0,1,0.46964385187085644,0.9999604,0.9997634,0.48547095
2742,0,1,0.07370205240293554,0.0017502385,0.00010861504,0.07956256
2743,0,1,0.012556935891382187,1.0639147e-06,3.115539e-07,0.012688542
2744,0,0,0.02662777622611004,0.05350138,0.5378433,0.054280404
2745,0,1,0.08917075138063282,0.08579494,0.01965685,0.08553773
2746,0,0,0.0029936339292015355,4.4734313e-11,3.5855294e-09,0.0030194633
2747,1,1,0.286511440725643,0.94776165,0.7000022,0.2922461
2748,0,1,0.04736634629210598,0.00037888598,6.47094e-05,0.049132574
2749,0,1,0.327595096063299,0.9554035,0.78322864,0.32860216
2750,0,1,0.3241946785286499,0.97309214,0.8335423,0.32834703
2751,0,0,0.4348145701955061,0.9716639,0.99979246,0.4359164
2752,0,1,0.5472646600686576,0.9973959,0.99499774,0.3670424
2753,0,1,0.23199939726455054,0.56817037,0.16736788,0.23291865
2754,0,0,0.02512727048455564,6.059729e-05,0.0003624874,0.026666598
2755,0,0,0.002729254391439379,5.770549e-07,1.539823e-05,0.0062598414
2756,0,1,0.15695043877629788,0.039836768,0.005990901,0.15779163
2757,0,1,0.01917115046885611,1.5972255e-05,1.5101423e-07,0.018717367
2758,1,1,0.6888562879631259,0.9999944,0.99999034,0.70285594
2759,0,0,0.10262177108274899,0.005576934,0.043311313,0.10114146
2760,0,1,0.17083338908557968,0.13895224,0.008429343,0.1682354
2761,1,1,0.07698848099205459,0.5778447,0.7488274,0.09266772
2762,1,1,0.9999999999999962,1.0,1.0,1.0
2763,0,1,0.11202590655711277,0.0033569867,0.0017789417,0.11113572
2764,0,0,0.0012480104394650916,3.9194756e-10,1.8757971e-08,0.0016465975
2765,0,0,0.028500617592479276,0.00017623826,0.0067855245,0.0277801
2766,0,1,0.0024579145898681125,1.542732e-09,8.0244833e-10,0.0031893903
2767,0,0,0.09227384440555124,0.006520259,0.0659208,0.0975289
2768,1,0,0.6498686018058976,0.99988997,0.99999857,0.63493425
2769,0,0,0.008486463912071057,1.6442793e-07,6.143215e-07,0.009123938
2770,0,0,0.03245423301064476,1.8222207e-05,0.00016365934,0.03056519
2771,0,1,0.15645079679267704,0.19638962,0.061753634,0.1523599
2772,0,1,0.12300973279361604,0.02039468,0.006312292,0.12675157
2773,0,1,0.5834900584466856,0.9998189,0.99963355,0.598022
2774,0,1,0.0057674023540018925,3.0023446e-06,3.5158496e-07,0.01180785
2775,1,1,0.3537467142986433,0.9850502,0.9315848,0.35968634
2776,1,1,0.9479200408429947,1.0,1.0,0.94661623
2777,0,1,0.07034808177415632,0.0026952266,0.0002118076,0.073376894
2778,0,0,0.00583665940813246,1.8428826e-05,0.00045858254,0.011939202
2779,1,1,0.8275168743426768,0.99999964,0.9999989,0.83045393
2780,0,1,0.5881195929998076,0.9998895,0.99963176,0.58636993
2781,0,1,0.11093368650266636,0.008080385,0.001021422,0.11163904
2782,0,1,0.2582224828262377,0.57522553,0.30737665,0.26907876
2783,1,0,0.11067253746215405,0.031272694,0.36096865,0.11592123
2784,0,1,0.2178702977273202,0.07734084,0.075673,0.22944123
2785,0,1,0.02019381370995024,5.07314e-06,5.34159e-07,0.020464033
2786,0,1,0.009795760011582744,3.1094032e-07,2.7047312e-08,0.009529486
2787,1,1,0.632749514256205,0.99655235,0.9886417,0.6258593
2788,0,1,0.0006435139066170983,1.6271923e-12,6.532839e-13,0.0008193698
2789,0,1,0.5515789127144577,0.9983677,0.99758303,0.5469943
2790,1,1,0.584880755598483,0.9990159,0.99729985,0.5877229
2791,0,0,0.005034115007201434,5.1640194e-09,5.4775324e-08,0.006209823
2792,0,1,0.7469412124920536,0.9999335,0.9997185,0.74076843
2793,0,0,0.008480674679431545,4.9580322e-08,8.787689e-06,0.009417277
2794,1,1,0.8403739628345486,0.99999917,0.9999969,0.8425131
2795,0,0,0.015493455055575749,9.690032e-06,7.2835515e-05,0.015496132
2796,0,1,0.0064628499284919375,2.413919e-06,3.8272546e-07,0.007928236
2797,1,1,0.23924368459721482,0.5283686,0.19343637,0.2377368
2798,0,0,0.014928300682065025,1.4591077e-06,6.050692e-05,0.015983822
2799,0,1,0.8459422094808494,0.99999595,0.9999918,0.84267247
2800,0,1,0.5235478147731328,0.99351174,0.9687209,0.53077656
2801,0,1,0.02106982166124882,2.3145325e-05,1.6529658e-06,0.02228946
2802,1,1,0.6350931730263593,0.9990859,0.9992749,0.6346468
2803,0,1,0.5047985567663666,0.9976549,0.99033093,0.51007676
2804,0,1,0.012429829747278806,3.375426e-09,5.995642e-11,0.012965814
2805,0,1,0.1366157819270514,0.0731514,0.023925874,0.13624236
2806,0,0,0.005390358578459666,5.5993764e-06,3.9970044e-05,0.0069239074
2807,0,0,0.029237284248536756,1.4191538e-05,0.00017857974,0.029079814
2808,0,0,0.04766179096418949,0.0010456722,0.010905563,0.04922208
2809,0,1,0.017456529405105038,4.359825e-07,1.6599942e-06,0.017747011
2810,0,1,0.45613880963329734,0.9970585,0.9917916,0.4500847
2811,0,1,0.46651258904139664,0.9989023,0.9976301,0.49164477
2812,1,1,0.3838013503662267,0.99643964,0.9804952,0.38444594
2813,0,0,0.022095134731891834,8.274699e-05,0.00085522654,0.02172682
2814,0,0,0.011165796399028266,5.2826613e-06,0.00013297344,0.010743065
2815,1,1,0.36230680059772696,0.9921266,0.9544406,0.36245078
2816,0,1,0.23616942687067036,0.33357674,0.029860705,0.24257249
2817,0,1,0.2920351123260924,0.8695948,0.5294098,0.29417962
2818,0,0,0.002602799177637791,3.995647e-09,3.987442e-08,0.0032163605
2819,0,0,0.07467895352335936,0.00468264,0.05341958,0.075814635
2820,0,0,0.0001570537931678277,1.6686015e-11,9.114488e-12,0.00013679599
2821,1,1,0.9087889162509198,0.9999999,0.9999994,0.90765053
2822,0,0,0.003318269595907132,2.0096481e-08,1.0191727e-06,0.0044275895
2823,0,1,0.6841074965740005,0.9999467,0.9997754,0.6874118
2824,0,1,0.14528561031206755,0.0005709314,0.000112570546,0.14469677
2825,0,1,0.1162663739599714,0.00022311452,9.953767e-06,0.117890686
2826,0,0,0.016885755037515646,3.8768437e-07,3.2636226e-06,0.017585153
2827,0,1,0.0013374407856188973,3.9700288e-10,3.6332669e-12,0.0015887038
2828,1,1,0.6380441585058583,0.9996932,0.99978185,0.63509613
2829,0,1,0.09764685751201367,0.34561595,0.07039572,0.12701526
2830,1,1,0.9068814861945265,0.9999988,0.9999838,0.9061254
2831,1,1,0.6326962010092019,0.9998692,0.99968904,0.6291066
2832,0,1,0.005832074224101018,9.598629e-10,4.4895804e-10,0.0059498283
2833,1,1,0.6356026745196492,0.9993352,0.9960297,0.63033247
2834,0,1,0.4621418810391841,0.9964477,0.95412093,0.46729288
2835,1,1,0.8688759444369747,0.9999999,0.9999999,0.8711348
2836,0,0,0.008995257627372725,4.7358906e-08,2.5991985e-06,0.009470403
2837,0,0,0.03944529575268694,0.0009827713,0.008240718,0.040284965
2838,0,1,0.1450367756439577,0.095657445,0.015552357,0.15016937
2839,1,0,0.497650216495925,0.9948397,0.99995005,0.489578
2840,1,0,0.1636424088202539,0.26451224,0.81233233,0.17378533
2841,0,1,0.007434001536840096,1.5254292e-05,4.016194e-06,0.010015472
2842,0,1,0.004394278953337775,9.161176e-09,9.9909886e-11,0.0040792036
2843,0,1,0.12404322839228858,0.00057954737,3.1744436e-05,0.1258948
2844,0,1,0.004575326231111091,5.3828023e-07,1.4196951e-07,0.006126662
2845,0,1,0.6544571639216015,0.99997973,0.99988186,0.6599944
2846,0,1,0.08725848201533222,0.0013891422,0.0011315213,0.09172941
2847,1,0,0.37709691220760716,0.9838028,0.9999033,0.3675659
2848,1,1,0.8130956573959981,0.9999994,0.99999785,0.820602
2849,0,1,0.16025415990382633,0.592828,0.029398752,0.15708393
2850,0,1,0.02043189191691892,6.903275e-06,7.324074e-08,0.020454258
2851,0,1,0.1485354141497014,0.11847465,0.012425101,0.15091552
2852,0,1,0.18378242852529836,0.06273641,0.03022276,0.18300475
2853,1,1,0.4904612821684694,0.99943095,0.99774474,0.48796636
2854,0,0,0.04441028810670907,4.0322953e-05,0.00061660743,0.045857303
2855,0,1,0.1405173327056127,0.1950379,0.05715693,0.13422605
2856,0,1,0.004253185462847402,1.3583115e-06,1.83778e-08,0.0050507383
2857,0,1,0.020577446870317047,1.8312532e-05,4.0118875e-06,0.019541768
2858,1,1,0.29644627544079677,0.95317554,0.8110058,0.2958158
2859,1,0,0.06701690708799891,0.005140372,0.054322623,0.07094829
2860,0,0,0.005005618084207393,2.3378889e-06,1.6418113e-06,0.0034117817
2861,0,1,0.2879851953442628,0.8026057,0.2079944,0.28150102
2862,0,0,0.34418876589791325,0.22794512,0.87310636,0.34107694
2863,1,1,0.6723866375199379,0.9999478,0.9998765,0.67445683
2864,0,0,0.028264507799676084,6.664791e-05,0.00086359214,0.02957
2865,0,0,0.020990006362718954,0.00016044344,0.001142523,0.020617185
2866,0,1,0.003037990413189663,1.2102675e-08,1.494592e-08,0.0040852576
2867,0,1,0.0022068998255461033,1.4655176e-10,6.03686e-11,0.0028118691
2868,0,0,0.0032692097372289653,1.139943e-10,9.380843e-09,0.003665209
2869,0,1,0.021398581289360185,2.0715713e-06,2.6863748e-07,0.020479308
2870,0,1,0.059688069595710186,0.0015435133,0.00016906495,0.05943617
2871,0,0,0.0029643946422422207,1.4730241e-08,5.617593e-07,0.0061000134
2872,1,1,0.4693695564609704,0.971805,0.89072865,0.4721295
2873,0,1,0.35492033798825284,0.99053115,0.9763474,0.36433038
2874,1,1,0.196401833694335,0.315998,0.075292684,0.19636299
2875,1,1,0.36097620003169517,0.951397,0.78347224,0.36152864
2876,0,1,0.007250640246243039,1.0429245e-05,9.3861144e-07,0.008897143
2877,1,0,0.27340243145060045,0.86811185,0.9914534,0.27338278
2878,0,0,0.0326107800545368,0.0028022884,0.21352354,0.04207231
2879,0,1,0.25021962463318226,0.7042482,0.19425254,0.2605803
2880,0,1,0.15022462932284614,0.12367681,0.063582495,0.13866846
2881,0,0,0.05481219101495741,0.016385647,0.12261995,0.0579994
2882,1,1,0.9999999999999496,1.0,1.0,1.0
2883,0,0,0.08337343951423688,0.06420934,0.52883893,0.08667564
2884,0,0,0.1031963363541306,0.07541262,0.5365699,0.10375667
2885,0,1,0.13826704949892601,0.115167335,0.041250914,0.14244746
2886,0,1,0.0015262563829302634,1.2866273e-10,9.754672e-11,0.0019478125
2887,0,0,0.01908441932629321,3.0526528e-05,0.0003676311,0.018804366
2888,0,1,0.032398975186817565,0.00018017826,4.158199e-05,0.030459143
2889,1,1,0.325820752914435,0.9723621,0.8461864,0.3275954
2890,0,0,0.05079190481313521,0.00038253743,0.00655661,0.052006606
2891,0,1,0.1668414065678451,0.22308666,0.027011527,0.17217125
2892,0,1,0.5902044533510783,0.99991226,0.999648,0.592445
2893,0,1,0.016416806107054923,3.5818306e-07,5.3212017e-07,0.017241178
2894,0,1,0.0009699795507054509,7.01626e-12,2.9565814e-12,0.0012432176
2895,0,0,0.010499763284292734,7.210456e-08,1.6462704e-05,0.011599822
2896,0,0,0.019201401439150636,0.000114653376,0.00094378926,0.019016435
2897,1,1,0.6560854835945682,0.9999875,0.99994946,0.6557697
2898,0,0,0.0009089024948929055,8.7326146e-11,3.9624107e-10,0.0011467771
2899,1,0,0.7982782484917561,0.9999975,0.99999976,0.8038117
2900,1,0,0.9243120853435732,1.0,1.0,0.92633206
2901,1,1,0.5783032458092211,0.99992657,0.9996684,0.5769555
2902,1,1,0.3306362309246105,0.9672925,0.87107503,0.3279275
2903,0,0,0.0528985727323819,0.00019512024,0.077644475,0.051298182
2904,0,1,0.3556207385358644,0.9928952,0.9642945,0.35769066
2905,0,1,0.24718080630273392,0.63086534,0.28101525,0.24683975
2906,1,1,0.5853237662638251,0.99984694,0.999899,0.58677953
2907,0,1,0.17905173997882814,0.0038488386,0.00025180206,0.18204719
2908,1,0,0.716514828970467,0.99991584,0.99999714,0.721887
2909,1,1,0.9992258316625653,1.0,1.0,0.9991254
2910,1,1,0.6477182767434679,0.9999565,0.99985087,0.6479036
2911,1,1,0.6990382889307271,0.9999683,0.99987125,0.705304
2912,0,1,0.2639926443175968,0.8652733,0.46062973,0.2633189
2913,0,1,0.14509862598970627,0.07420752,0.0065396763,0.14897427
2914,0,1,0.1468201904981875,0.08240986,0.014195649,0.14245577
2915,0,0,0.002188471031759534,5.5196193e-08,4.7295177e-07,0.0028329606
2916,0,0,0.04075061630113888,0.00031739165,0.005627153,0.042146284
2917,0,1,0.6654331972759869,0.999998,0.99999785,0.65876496
2918,0,1,0.13221306402149208,0.24290393,0.010044135,0.12445102
2919,0,1,0.01818866829168503,9.2339536e-07,6.2847545e-07,0.019835845
2920,0,0,0.0050044224545916375,8.445897e-07,7.3620395e-06,0.0063804686
2921,0,1,0.6349153394339265,0.99972624,0.9987955,0.64046323
2922,1,1,0.9583601023322533,1.0,0.9999995,0.9571211
2923,0,1,0.6847795477434726,0.999995,0.9999703,0.6921346
2924,0,0,0.007249090737668211,1.06066416e-07,5.884857e-06,0.0074093873
2925,0,1,0.002829848687544589,3.1531136e-10,1.7509498e-10,0.0037593015
2926,1,1,0.033670140888971925,9.120897e-05,9.1051015e-06,0.03302698
2927,1,1,0.8485914446299415,0.9999969,0.9999895,0.8447635
2928,1,1,0.5775938509693381,0.9995515,0.99817693,0.5838112
2929,0,1,0.035960285114793517,0.0018823122,2.9319479e-05,0.03353834
2930,0,0,0.0035657442801438105,8.489911e-10,1.560546e-08,0.0038217779
2931,0,1,0.7320345143975097,0.9999969,0.9999926,0.73579884
2932,0,1,0.004644578924959745,1.6638057e-06,1.2731101e-07,0.009676128
2933,1,1,0.2259000387413101,0.7980942,0.2813559,0.23431206
2934,0,0,0.008185329039681883,3.877845e-08,6.8054733e-06,0.009025894
2935,0,1,0.2663207043196821,0.82890546,0.6380583,0.27577853
2936,0,1,0.02827174595467299,6.1009723e-06,3.3572093e-07,0.027307604
2937,0,0,0.015469763199662867,1.6541817e-06,8.7160886e-05,0.015806222
2938,0,0,0.06688156984589512,0.0036006337,0.07482706,0.06621975
2939,0,1,0.16258769370983492,0.16842794,0.018556984,0.17036386
2940,0,1,0.1163869542066314,0.05202049,0.009986926,0.11383094
2941,0,1,0.026999283780947476,7.078526e-05,1.2909121e-05,0.025973432
2942,0,1,0.28658131656117897,0.9615121,0.78318775,0.28849044
2943,0,0,0.015598133851100813,1.0253153e-05,7.749057e-05,0.01561407
2944,0,1,0.34787924744305176,0.9618503,0.8679965,0.36521524
2945,0,0,0.014707570428772947,1.7069418e-06,5.4142947e-05,0.01550771
2946,0,1,0.2781023973633062,0.94035184,0.89251924,0.2861152
2947,0,1,0.5163366402438729,0.99263567,0.9791596,0.51998204
2948,0,0,0.00352570759465559,9.842906e-07,9.71597e-06,0.004565964
2949,0,1,0.01610690325357927,1.6301785e-06,1.8727539e-07,0.01547008
2950,1,1,0.036941477403439525,0.000104577484,1.1380917e-05,0.036100317
2951,0,0,0.02560591673210755,5.8768703e-05,0.0018969327,0.028628113
2952,1,1,0.5793879075939917,0.9984444,0.9952128,0.57653576
2953,0,1,0.0009069407680555875,8.624192e-12,3.5513571e-12,0.0011653423
2954,0,0,0.0768659646101598,0.026340513,0.26235312,0.07978028
2955,0,1,0.004644952995765382,3.2750143e-07,2.4642299e-07,0.010087373
2956,0,0,0.02386845941527141,3.9598013e-05,0.0003959219,0.025502741
2957,0,1,0.0021053761946794986,1.3718569e-09,7.759948e-10,0.0026985814
2958,0,1,0.0018918467795568865,1.0121444e-08,6.00635e-09,0.0041260994
2959,1,0,0.15693701123405754,0.45319134,0.9555809,0.1564109
2960,1,1,0.9863288144641633,1.0,0.99999976,0.98506343
2961,0,0,0.00791158076727529,1.0261071e-07,3.3620775e-06,0.008085309
2962,0,1,0.0394184806305183,6.1594656e-05,8.184903e-06,0.038651712
2963,0,1,0.004947597998357067,4.918659e-09,4.1620885e-09,0.0049186484
2964,1,1,0.392622817289145,0.97561866,0.8725413,0.39657882
2965,0,0,0.004709334832156487,2.2722547e-06,1.6396301e-05,0.006028597
2966,0,1,0.03681085861877292,0.00024128502,2.7833206e-05,0.035927024
2967,0,0,0.005587337688742163,1.1217188e-06,1.3373395e-05,0.0070047607
2968,0,1,0.01983749226206463,0.00038265344,9.04793e-05,0.02364564
2969,0,1,0.01617815226292964,0.00014483214,1.4974283e-05,0.01963384
2970,1,1,0.3039342231991584,0.99584407,0.98511267,0.30352148
2971,1,1,0.24060199328946055,0.9074679,0.62817746,0.24106331
2972,1,1,0.9693978431244538,1.0,0.9999999,0.96774334
2973,1,1,0.8692700837267532,0.9999995,0.9999993,0.86633146
2974,0,0,0.039548190448739036,0.00017103531,0.011859562,0.039961006
2975,0,1,0.003984323240753968,1.6360642e-07,3.9139735e-08,0.0053648152
2976,0,1,0.09818105097790199,0.014712693,0.0027426926,0.09572343
2977,0,1,0.10930784499674392,0.061095666,0.0091698775,0.10690932
2978,1,0,0.9888157347132026,1.0,1.0,0.98729426
2979,1,1,0.589559115284088,0.9991173,0.99755645,0.59278935
2980,0,0,0.0031037877559327515,2.8063081e-07,2.0421812e-06,0.0039137932
2981,0,1,0.15872074883535847,0.06286109,0.0084371455,0.16136076
2982,0,0,0.0062388799363081865,7.399858e-08,1.6534341e-06,0.007636347
2983,1,1,0.6922988274736112,0.99992406,0.99930704,0.72325534
2984,0,1,0.03382027725324268,0.0004869785,4.4768767e-05,0.033316042
2985,0,1,0.1481496850060015,0.20793313,0.037487485,0.15246956
2986,0,1,0.14893866243122347,0.010133597,0.00046030545,0.15351939
2987,0,1,0.0035735299785230466,5.569503e-07,1.5779813e-07,0.008036259
2988,1,1,0.5007690111324682,0.99798155,0.99469167,0.49565595
2989,0,1,0.3060492590238365,0.9462093,0.8624193,0.3169113
2990,1,0,0.8963682824856964,0.99999714,0.9999995,0.8991688
2991,0,1,0.49838006338218643,0.9998348,0.9996821,0.5213735
2992,0,1,0.21632114507830383,0.45030436,0.042831782,0.21820721
2993,0,0,0.1278797180880217,0.016065633,0.36784998,0.13177711
2994,0,0,0.0011554993180592122,3.8500497e-10,2.564428e-09,0.0014936734
2995,0,1,0.25203877072223174,0.1280691,0.0075618667,0.2579472
2996,0,0,0.2404826805989129,0.53349113,0.9925249,0.23411672
2997,0,1,0.029984748248544493,0.0025991397,0.00047642548,0.03681293
2998,0,0,0.1613891204941987,0.39695224,0.9731164,0.17086269
2999,1,0,0.3016215512279672,0.98899275,0.9999641,0.35697073
3000,0,0,0.008330011836402716,3.3123953e-08,5.1006816e-07,0.0083095245
3001,0,1,0.047179991117879065,0.00012775284,1.1045073e-05,0.04865339
3002,1,1,0.6615532432565014,0.9998808,0.99948275,0.6674775
3003,1,1,0.4353315618124166,0.99681866,0.98328906,0.43591195
3004,0,1,0.21359714426139698,0.35676274,0.14889881,0.22807173
3005,0,0,0.004609871775319311,6.4214014e-06,7.967011e-05,0.005782954
3006,1,1,0.5010604709801996,0.9967379,0.98820263,0.50164175
3007,0,0,0.004846542962964816,8.911655e-09,6.585889e-08,0.004749219
3008,0,1,0.09509465925128179,0.021781638,0.0018515122,0.09746746
3009,1,1,0.4130905882078442,0.98887247,0.94270504,0.4143582
3010,0,0,0.003940272901552785,7.8631466e-08,8.381728e-07,0.0049247043
3011,0,1,0.03639392038890607,6.437398e-05,3.362337e-06,0.039092373
3012,0,1,0.22721894052083214,0.70757383,0.20689076,0.23565541
3013,0,0,0.027315360189290688,1.605815e-05,0.00029958322,0.027893992
3014,0,0,0.008263006760725259,5.021244e-08,2.6457683e-06,0.008672923
3015,0,0,0.23003881058299544,0.6080509,0.99436986,0.22281289
3016,0,0,0.07476005558742983,0.08567545,0.6239864,0.07596245
3017,0,1,0.09903507713116688,0.015519268,0.0028825293,0.096629955
3018,0,0,0.023915340323285027,1.2933494e-05,7.000683e-05,0.023440395
3019,1,1,0.23302871440016212,0.0039981115,6.380091e-05,0.2232056
3020,0,0,0.005786706449281321,3.1063572e-09,1.6529565e-07,0.00628532
3021,1,1,0.8659717264365909,0.9999956,0.9999496,0.86202174
3022,1,1,0.9982625315568443,1.0,0.99999976,0.9980483
3023,1,0,0.7723107255920968,0.99536574,0.99728537,0.75971365
3024,0,1,0.0690452134323531,0.0071879327,0.0012289445,0.06600245
3025,0,0,0.02298361457120594,2.3247658e-05,0.00039734514,0.02209314
3026,0,1,0.020434462156961247,1.019975e-06,3.133927e-06,0.021239767
3027,1,0,0.21841786874447847,0.98221755,0.9982691,0.25901026
3028,0,1,0.2194050440348125,0.91376644,0.69832414,0.21877854
3029,0,0,0.4330728553661932,0.99786633,0.9999796,0.43097833
3030,0,1,0.09622279563211106,0.008155384,0.00053807074,0.091096096
3031,0,1,0.05122704560949324,0.0004922054,4.456418e-05,0.05092751
3032,1,1,0.18375389068236617,0.12150007,0.04302604,0.19150625
3033,0,1,0.0068626319373727325,3.8768135e-06,4.2882103e-08,0.008728729
3034,0,0,0.01173192004731277,3.9292595e-07,4.637546e-06,0.011438265
3035,0,1,0.006938489105134119,1.812603e-09,9.068648e-10,0.007056632
3036,1,1,0.49451404037877206,0.9979323,0.99174774,0.4991319
3037,0,1,0.07168998665101448,0.024880188,0.01667378,0.075198285
3038,0,0,0.09511985389239404,0.013882639,0.15473801,0.1000348
3039,0,1,0.004580600773825029,7.9195877e-07,6.654999e-08,0.005440565
3040,0,1,0.05731934210313502,4.8292746e-05,6.9796342e-06,0.0543667
3041,0,1,0.09350298119389854,0.019055212,0.0023490253,0.09222669
3042,0,1,0.12596659117572181,0.07186616,0.0057517025,0.12779672
3043,0,1,0.20250687240088583,0.6162607,0.16896197,0.204766
3044,0,1,0.006469817397250234,1.6701935e-07,1.5914189e-08,0.008213631
3045,0,0,0.05340742027801926,0.0019322452,0.16317074,0.05658211
3046,0,1,0.003116096634377843,8.872528e-09,4.8662994e-09,0.0040551657
3047,0,1,0.5001617813864475,0.99980783,0.9988444,0.50316954
3048,0,0,0.02338226736481913,1.6781474e-05,0.00019140958,0.023401938
3049,0,1,0.030494824515516043,4.4690958e-05,4.4422777e-06,0.029888256
3050,1,0,0.9428101341576224,1.0,1.0,0.94004077
3051,1,1,0.44830695072945914,0.99878806,0.9971499,0.4630543
3052,1,1,0.983455286549682,1.0,1.0,0.98231417
3053,1,1,0.5999392777591648,0.99983454,0.9994623,0.60333246
3054,0,1,0.3408239641606854,0.98443377,0.8990227,0.34472495
3055,0,0,0.003809785069478539,9.856888e-10,1.7806261e-08,0.0040955646
3056,0,1,0.08201578752889632,0.0008664044,0.00070349826,0.08620688
3057,1,1,0.4691156249957368,0.99916005,0.99651104,0.47665927
3058,1,1,0.9958146919291561,1.0,1.0,0.99548763
3059,0,1,0.0031890258590431325,2.688599e-07,2.5228472e-08,0.0065573496
3060,1,1,0.24785501943276084,0.53307676,0.14935742,0.25041813
3061,0,1,0.42948273671450926,0.9786163,0.88516825,0.43471643
3062,0,1,0.15711463706874707,0.2325354,0.1086468,0.1685568
3063,0,0,0.007961606797308646,4.5185058e-07,4.9534157e-07,0.0077363392
3064,0,0,0.07383133993865695,0.003958194,0.23602867,0.0719424
3065,0,0,0.06453573596084085,0.0016418212,0.01584815,0.067553386
3066,1,1,0.6393349910607302,0.99980223,0.999193,0.6429183
3067,1,1,0.15266983879798945,0.0015676419,9.093263e-05,0.15739697
3068,0,1,0.0004428562702615854,4.2528142e-14,1.457745e-14,0.0005613931
3069,0,1,0.023428639244535678,3.1751351e-06,1.9600382e-06,0.025732553
3070,0,1,0.003709410575278036,1.14217315e-07,2.8697741e-08,0.0049516615
3071,0,1,0.0218760248559861,6.0807697e-06,2.0667012e-06,0.022526393
3072,0,1,0.0672186777430902,0.000253007,0.00018343198,0.06830973
3073,1,1,0.9880508672609489,1.0,0.9999999,0.9869216
3074,1,1,0.33365265377355313,0.97858065,0.92485565,0.3324223
3075,0,1,0.4775772121406719,0.99948895,0.9981164,0.48536298
3076,0,1,0.056109641723291206,0.0057414584,0.001710866,0.053670943
3077,0,0,0.029964473699458493,3.220244e-05,0.000287186,0.029450888
3078,0,1,0.806402209067788,0.9999988,0.99999774,0.80977184
3079,0,1,0.02101940788470681,1.7427975e-07,2.6202954e-08,0.020056402
3080,0,1,0.8124280037187419,0.9999497,0.9999492,0.81473726
3081,0,1,0.06311453312618442,0.0056040515,0.0004464713,0.064913556
3082,0,0,0.005222417455386646,7.2942254e-07,3.8695334e-06,0.011197665
3083,0,0,0.007920722208419977,1.4326057e-08,5.530278e-07,0.008651413
3084,0,1,0.007429042718671871,4.269635e-07,5.0484283e-09,0.006861006
3085,0,0,0.15112979098558849,0.096886076,0.7589899,0.15488575
3086,0,1,0.049866289592894006,0.0015178213,0.00029135976,0.051248487
3087,0,1,0.43235290889976885,0.99596477,0.99232227,0.4246093
3088,0,1,0.5368168375990245,0.9988525,0.99470544,0.541224
3089,1,1,0.22905639273044043,0.54508126,0.15570897,0.22971678
3090,0,1,0.08543098266357288,0.004029128,0.00031980276,0.088790774
3091,0,0,0.007076692831423861,1.3588928e-07,1.5414466e-06,0.007060849
3092,0,1,0.06003077214488242,0.006356366,0.0007530144,0.06084953
3093,0,0,0.031689590022851696,8.507752e-06,0.00014281497,0.031422313
3094,0,0,0.004397834922722378,1.1756296e-06,7.8400835e-06,0.0056492165
3095,0,1,0.19519082233514948,0.008083197,0.0003153305,0.19897413
3096,0,1,0.003679253730802337,6.7142787e-07,1.2482491e-07,0.0060676215
3097,0,1,0.7629477651554916,0.9999951,0.9999883,0.7645654
3098,0,1,0.106922689918082,0.035984103,0.0022089898,0.111961976
3099,0,1,0.00810225010072489,4.715359e-06,4.8452733e-07,0.009996086
3100,1,1,0.2816869533971131,0.9002791,0.59188086,0.28186062
3101,0,1,0.03875577301444708,0.00023611894,1.0196208e-05,0.03812863
3102,0,0,0.028646782662133413,3.4134246e-05,0.00051284954,0.02978123
3103,0,0,0.1440461766971913,0.98456395,0.9986639,0.18200237
3104,0,0,0.010501927520375503,3.1401283e-05,2.3383134e-05,0.013274361
3105,0,1,0.19927105238641554,0.79208344,0.2813721,0.23148437
3106,0,1,0.37808396059155697,0.9911579,0.95298433,0.38113722
3107,0,0,0.013840487747990847,3.8872395e-07,5.64773e-05,0.014651176
3108,0,0,0.02056628700439963,5.941848e-06,0.00024344864,0.021487635
3109,0,1,0.011307736192286704,1.5542875e-05,1.0203826e-06,0.022211641
3110,0,1,0.04657797173559016,0.2733194,0.2564537,0.057366036
3111,0,1,0.29268495505980574,0.8879807,0.6355776,0.2908703
3112,1,1,0.7436326586055976,0.99980617,0.9983615,0.740299
3113,0,1,0.21274750581647422,0.3280101,0.06416684,0.21559153
3114,0,1,0.15394627500004157,0.5715647,0.11336521,0.15777364
3115,0,0,0.03617759677440806,0.00015017153,0.00085461396,0.03570093
3116,0,1,0.6738197709601387,0.99979365,0.9996955,0.67072225
3117,0,1,0.02213502207618894,5.2711116e-06,5.495641e-07,0.02150237
3118,0,1,0.02171717005038811,1.7383386e-06,8.5155006e-07,0.023419704
3119,0,0,0.2614945551718166,0.9228753,0.99898404,0.26037395
3120,0,1,0.03438328637129982,0.00013536954,1.4798418e-05,0.03327083
3121,0,0,0.0011740854017621178,1.12065704e-10,9.8223e-10,0.0014380243
3122,0,1,0.007732193920860523,1.0826241e-07,6.512837e-08,0.00783222
3123,0,0,0.0017813310214684413,1.4347077e-09,2.168406e-08,0.0021824443
3124,0,0,0.08238774198780074,0.00058112823,0.026036214,0.02485164
3125,1,1,0.3075083241930547,0.95142365,0.7063258,0.31259778
3126,0,1,0.06423038586578586,0.0008495742,6.239423e-05,0.06676367
3127,1,1,0.6933844944846983,0.99996984,0.9999248,0.69571555
3128,0,1,0.5270126925226944,0.99844354,0.99309456,0.5324935
3129,0,0,0.00040381906968227273,2.5502152e-12,1.5636788e-10,0.00051678653
3130,0,0,0.04086399561165692,9.2032235e-05,0.007874747,0.042153753
3131,0,1,0.29964800005640846,0.34198344,0.021676624,0.303137
3132,0,1,0.1362846608712387,0.041609712,0.0038067612,0.1422051
3133,0,1,0.13328318787255558,0.0020318234,0.001660641,0.070455655
3134,0,1,0.06239374814425385,0.0008886212,0.00011516749,0.060941584
3135,0,0,0.03739081421212923,8.82938e-06,0.00014583295,0.0112765
3136,0,0,0.01230487771912092,2.236902e-07,5.1666848e-05,0.013597011
3137,0,1,0.520382176641959,0.99311393,0.98810065,0.51858646
3138,0,0,0.0344011678986903,2.1299953e-05,0.0021561556,0.034254678
3139,1,1,0.9953498493359919,1.0,1.0,0.99496925
3140,1,1,0.6272407042654353,0.9998374,0.99927694,0.63679224
3141,0,1,0.005284701447125678,1.3440044e-07,1.0722009e-08,0.0065867254
3142,0,1,0.040774933852871426,0.0002635683,1.5823915e-05,0.042691402
3143,0,0,0.0004769794742529223,6.0595577e-13,2.2144963e-11,0.00062208524
3144,1,1,0.7889746307419616,0.99999845,0.99999523,0.79510945
3145,0,1,0.5635486522951957,0.99998605,0.99994874,0.53985
3146,0,1,0.001168557720375285,4.4821447e-10,2.431672e-10,0.0025241852
3147,0,1,0.24230098582160417,0.79034007,0.63840294,0.23319033
3148,0,0,0.00136591428953536,1.301682e-10,9.694863e-09,0.0017401733
3149,1,0,0.6440673675767418,0.99930215,0.9999993,0.6353277
3150,0,1,0.0024846952479242344,4.7652204e-08,1.9360566e-07,0.005211701
3151,0,0,0.00033003700549324696,2.1565422e-13,7.948539e-12,0.00042608497
3152,0,0,0.026455072259554114,0.0020310383,0.09344287,0.033084583
3153,0,1,0.23104983741943713,0.93354183,0.8363114,0.2803617
3154,1,1,0.6655373309418077,0.99991024,0.9996294,0.66792935
3155,1,1,0.7882049835231248,0.99999404,0.9999919,0.78566545
3156,0,0,0.05671702691450551,0.36134145,0.8518486,0.038247578
3157,0,1,0.039923414716837205,0.00071863766,5.1102445e-05,0.04039511
3158,0,1,0.10626748184811208,0.026095541,0.010799024,0.1027699
3159,1,1,0.4678560224845272,0.9986494,0.9962923,0.4689533
3160,1,0,0.01912172861719798,3.9945094e-06,6.4993634e-05,0.020069791
3161,1,0,0.14771543877333315,0.19835047,0.77889365,0.15716967
3162,1,1,0.6276305622224343,0.9998834,0.9998232,0.6246285
3163,0,1,0.39302896372344104,0.93771595,0.83724606,0.39129016
3164,0,0,0.00455549825391021,3.0245813e-09,5.2565206e-08,0.004947326
3165,0,0,0.00028966543641388565,2.8651713e-14,8.94203e-13,0.00037651494
3166,0,0,0.00921117363359531,2.7800097e-05,0.00030607174,0.011521653
3167,0,0,0.003275113173511893,5.167466e-10,4.931992e-08,0.0033225825
3168,0,1,0.828875119713236,0.9999994,0.9999994,0.8287442
3169,0,0,0.0032480811148434883,1.5404032e-07,1.0379221e-06,0.004115589
3170,1,1,0.5381626973691234,0.9977786,0.99689126,0.5345685
3171,0,0,0.17821014661180487,0.13207957,0.9911045,0.18021274
3172,1,1,0.513783360695381,0.99965036,0.9978775,0.5186465
3173,0,1,0.13608546764860338,0.0008563582,5.8901907e-05,0.14018962
3174,0,1,0.08284119777464491,2.5437277e-05,1.3710435e-06,0.08384102
3175,1,1,0.38389438185380376,0.82426745,1.0,0.39818507
3176,0,0,0.08252146853527612,0.002098842,0.38937208,0.085283816
3177,1,1,0.7375909312374918,0.99998593,0.99996567,0.73630756
3178,0,1,0.003193630028854093,5.910603e-09,3.5629083e-10,0.0064285626
3179,0,1,0.04398317461748449,0.00020955356,1.4450669e-05,0.045214664
3180,1,1,0.10023138933522005,0.044326115,0.010733446,0.098002434
3181,0,1,0.005949611256901413,2.469234e-06,2.1613972e-07,0.0073144888
3182,0,0,0.0002040139315186826,3.8496877e-15,1.04441026e-13,0.00026581888
3183,0,0,0.5777551162805746,0.9160292,0.99942034,0.573308
3184,0,1,0.1785550698942765,0.31319562,0.040759496,0.1852306
3185,1,1,0.7692097715530283,0.99999917,0.99999774,0.7694039
3186,0,1,0.008731630777574807,2.1658847e-08,2.5202837e-08,0.008736464
3187,0,1,0.002605521699436839,6.061304e-09,3.4746113e-09,0.0033584898
3188,1,1,0.27392756009332586,0.8875003,0.76063085,0.28370607
3189,0,1,0.09107054760491284,0.0027811208,0.0019223694,0.09445351
3190,0,0,0.022131608524245186,0.00013819413,0.001105245,0.02206529
3191,0,1,0.0019474532672420525,1.00179705e-10,2.35135e-12,0.0024480354
3192,0,1,0.0256603506590209,2.6276402e-05,1.64571e-06,0.025261017
3193,0,0,0.002708466749507459,3.6019888e-08,2.2256349e-07,0.0034370522
3194,0,1,0.46679032356056055,0.99646914,0.98512065,0.47452214
3195,0,1,0.04766472835792968,0.0002672809,2.234243e-05,0.049018692
3196,0,1,0.09290265621890058,0.0019493715,0.00021129423,0.09580438
3197,0,0,0.0562086271566193,0.03078688,0.82748616,0.073457606
3198,0,0,0.009154363145381093,2.0832285e-08,6.662237e-07,0.008940742
3199,0,0,0.27801230463744053,0.27020505,0.8735745,0.27642545
3200,0,0,0.0029559592396253376,7.5113434e-08,6.110028e-07,0.0037951837
3201,0,1,0.04739565056725252,8.644869e-06,1.5056808e-05,0.04471198
3202,0,1,0.16897342642605478,0.7526673,0.29940325,0.16494663
3203,0,1,0.04107349057514476,3.4136425e-05,6.0166367e-06,0.044288434
3204,0,0,0.0008053009397902798,5.1835506e-12,1.9213447e-10,0.0010646685
3205,0,1,0.0035459465602068366,2.6910698e-07,3.1496772e-09,0.0042631244
3206,0,1,0.08837544039910926,0.027408184,0.0034896138,0.086763024
3207,0,1,0.013361221975895598,3.275437e-06,4.2309008e-08,0.012584687
3208,1,1,0.7322963849159688,0.9999939,0.99997985,0.74033695
3209,0,1,0.047820402058114476,0.0032543791,5.116808e-05,0.045482956
3210,0,1,0.03610892140526573,4.4425684e-05,4.1343203e-05,0.0353355
3211,0,0,0.0066017018203773144,4.3448886e-06,5.6368393e-05,0.008250721
3212,1,1,0.6039817292715743,0.99987805,0.9993737,0.6094681
3213,0,1,0.1214439011694334,0.076764755,0.0012623089,0.11717871
3214,1,1,0.5267855272444217,0.9974112,0.9926267,0.52838624
3215,0,1,0.36715458200406126,0.98690003,0.9285124,0.36797625
3216,0,1,0.7080460381681272,0.9998566,0.99986684,0.7134154
3217,1,1,0.9167291740967193,0.99996674,0.9995776,0.9120152
3218,0,0,0.012114701649177877,3.0366382e-07,1.244702e-05,0.013395886
3219,1,1,0.9999999999999598,1.0,1.0,1.0
3220,0,1,0.00926152660110232,1.4512278e-05,1.6047763e-06,0.011313743
3221,0,0,0.005046809902224072,6.220113e-10,1.16988716e-07,0.0055098147
3222,0,0,0.12212980787365602,0.16669923,0.8320288,0.12292062
3223,0,1,0.006152699968917108,1.3254463e-06,4.3889145e-07,0.00788473
3224,0,0,0.015386811248086024,0.00022736982,0.0040722103,0.020901881
3225,0,0,0.04915535021091348,0.00025011282,0.008815216,0.05283514
3226,0,1,0.34501574658217166,0.9815955,0.92791265,0.3404965
3227,1,1,0.899895750922116,0.9999989,0.99999046,0.89486223
3228,1,1,0.7112710548160723,0.9999765,0.99989843,0.7155683
3229,0,0,0.03160333300892897,0.00023908113,0.0074456697,0.035576537
3230,0,1,0.0018430538671980192,1.6654079e-09,5.6501652e-09,0.0023219206
3231,1,1,0.5760591828175673,0.9989454,0.99731714,0.5778556
3232,0,1,0.3022738544232024,0.88383144,0.8991057,0.3063245
3233,0,1,0.025087536826218903,1.0481893e-05,1.0141049e-06,0.02462088
3234,0,1,0.07113933913572902,0.0042721615,0.0006496576,0.07691409
3235,1,1,0.19124328203596613,0.28036603,0.0352977,0.19960368
3236,1,1,0.19413859206485443,0.7089639,0.45660916,0.19814976
3237,0,0,0.017180549133773874,0.0008243553,0.0042081443,0.035285167
3238,0,1,0.3870317083369373,0.542294,0.044037927,0.38820663
3239,0,1,0.002995596579174111,3.6981964e-09,5.2243934e-09,0.006978907
3240,1,1,0.6719915473686343,0.99992025,0.99966097,0.67548853
3241,0,1,0.4079908087988221,0.9935889,0.9121801,0.4101614
3242,1,1,0.5880456115843231,0.9999912,0.99994934,0.5897619
3243,0,1,0.003914480868669677,7.4083863e-07,9.896019e-09,0.0046527884
3244,0,0,0.0008998193132822597,1.22723715e-11,4.747399e-10,0.0011892222
3245,0,0,0.07632053061107517,0.022926824,0.5015604,0.080922306
3246,1,1,0.5851192740464586,0.98051286,0.957365,0.5692524
3247,1,1,0.25695228523437164,0.7916214,0.67282015,0.26507285
3248,0,0,0.02651531583901561,2.1695867e-06,7.526593e-05,0.028654518
3249,0,1,0.0016700044134642432,1.8830733e-09,1.4776769e-10,0.0020198135
3250,1,0,0.7403712889006535,0.9999908,1.0,0.73514897
3251,0,1,0.012950869732246989,1.6037324e-08,6.841188e-09,0.014067119
3252,0,1,0.24482539758247857,0.6800729,0.24552763,0.24650854
3253,0,1,0.000744661580422738,8.2169915e-13,1.6213727e-14,0.0009259908
3254,0,1,0.02118875783800926,0.0008959276,9.0575384e-05,0.025875801
3255,1,1,0.29105947655550984,0.99186957,0.95396185,0.292786
3256,0,0,0.01965921293288214,5.3189586e-05,0.0004064698,0.019708313
3257,1,1,0.693537528918907,0.9999962,0.999985,0.6963585
3258,0,1,0.010159586426529716,7.3095987e-09,1.1894184e-10,0.009473786
3259,0,0,0.04375492750481574,0.00022061581,0.010526662,0.044758335
3260,0,1,0.23858363018035067,0.60057324,0.18058851,0.24111201
3261,0,1,0.05367166868238253,0.0014532628,0.00026094218,0.05158678
3262,0,0,0.015247845434859573,2.8941167e-06,3.6782414e-05,0.014869843
3263,0,1,0.20029707121551796,0.14830229,0.24387327,0.20821
3264,0,0,0.04252345794299772,0.00056280755,0.025136854,0.04792452
3265,0,1,0.1406156071825456,0.062241383,0.0099027855,0.13925032
3266,1,1,0.6106797461484185,0.84125626,0.09267994,0.6023154
3267,0,1,0.1745363201305697,0.35714132,0.08900703,0.17225699
3268,1,0,0.752902918688842,0.98156446,0.9983606,0.7833127
3269,0,1,0.39895835312762357,0.97507715,0.9256488,0.39829463
3270,0,1,0.3733530084494104,0.9651123,0.83543926,0.3743559
3271,1,1,0.2471691706099301,0.66790175,0.22542958,0.2499556
3272,1,0,0.8821807916657899,0.9999999,1.0,0.8831054
3273,0,0,0.0022957708548616757,9.3011e-08,1.0418487e-07,0.0028039215
3274,1,1,0.6973852793144149,0.999959,0.9998158,0.7028343
3275,0,0,0.21899255065268539,0.5191664,0.9940395,0.21007262
3276,0,1,0.09467579430963416,0.093002446,0.029047716,0.09567888
3277,0,0,0.005762074648134584,2.2252273e-07,1.4602779e-05,0.0060385885
3278,0,0,0.02521474204082103,0.0024181597,0.030826852,0.03203007
3279,0,1,0.010206387492623805,2.078514e-07,2.5084703e-09,0.009601822
3280,0,0,0.08096328472243795,0.008285334,0.23710409,0.07900364
3281,1,1,0.7905560451759079,0.9996011,0.99555826,0.7809153
3282,0,1,0.020678885205628064,2.2858583e-06,2.05977e-07,0.020298986
3283,0,0,0.04067171523500516,0.00015132377,0.0029696373,0.040184934
3284,0,0,0.5289958604321573,0.9724302,0.99942786,0.5174089
3285,0,0,0.052090080136232696,0.0020545463,0.058306944,0.054737154
3286,0,1,0.1448259320036594,0.026963292,0.007606132,0.15189186
3287,0,0,0.008615255011126989,8.227132e-07,1.4536657e-05,0.010023587
3288,1,1,0.9968532069952614,1.0,1.0,0.996651
3289,0,0,0.36374421742377927,0.67406374,0.941798,0.35486618
3290,0,0,0.13108777135371813,0.3152913,0.86796725,0.13544412
3291,0,1,0.7400178218919712,0.99991655,0.99990904,0.7333831
3292,0,0,0.0015661024387167912,1.0707063e-09,5.488503e-08,0.002057402
3293,0,1,0.2236261438729303,0.9321111,0.85012805,0.23736507
3294,0,1,0.020179612123235127,0.00030119755,5.2553154e-05,0.024673684
3295,0,1,0.6882683147550545,0.9999945,0.99997187,0.69350284
3296,0,0,0.013656402533179499,7.5655726e-06,4.3744254e-05,0.014100436
3297,1,1,0.5547271263259027,0.9989034,0.9987305,0.5574396
3298,0,0,0.04407368704054924,0.00026724295,0.009163303,0.044550635
3299,0,1,0.08427204522462445,0.009451063,0.00084316597,0.08720198
3300,1,0,0.5967256098526816,0.9998678,0.99999905,0.59260774
3301,1,0,0.5461514796928739,0.12643355,0.8222728,0.24946655
3302,0,1,0.4137059472963188,0.98349094,0.90554,0.4121283
3303,0,1,0.006190345687744578,2.878702e-06,2.3918096e-07,0.007627369
3304,0,1,0.6959581974078426,0.99989355,0.999734,0.6809038
3305,0,0,0.014365208451288468,0.00033649115,0.0039261268,0.018032802
3306,0,1,0.31629593189272664,0.9664148,0.8235196,0.31665954
3307,0,0,0.09919237814388665,0.2674778,0.9478672,0.09584102
3308,0,0,0.003911227315839755,1.8018733e-08,1.2528435e-06,0.0040399786
3309,1,1,0.5893859458163372,0.9998709,0.99966097,0.5927502
3310,0,1,0.007009847280369927,5.8522396e-08,5.0859885e-08,0.006973708
3311,0,1,0.4193120969968643,0.96035415,0.7616747,0.4147196
3312,1,0,0.3467562487701031,0.9943918,0.9999465,0.33971614
3313,0,1,0.001753029433701759,7.6449715e-11,1.07730136e-11,0.0022370918
3314,0,1,0.0047358738826971305,2.9950008e-06,4.1277005e-08,0.00561555
3315,0,0,0.032036677609828215,0.00022716289,0.0015670821,0.033895735
3316,1,1,0.7207564953942278,0.9999869,0.99994886,0.72338706
3317,0,1,0.28682498601092865,0.89181036,0.7397689,0.30051002
3318,1,1,0.9329779581655698,0.9999994,0.9999938,0.93051606
3319,1,1,0.23958872026152492,0.43438444,0.27319604,0.23806271
3320,0,1,0.0032950227713550583,1.319931e-09,6.089305e-11,0.0032197898
3321,0,1,0.03543958024460365,5.7502963e-05,4.787415e-05,0.036323503
3322,0,1,0.2272135142893959,0.5077364,0.13363592,0.22864884
3323,0,1,0.011869426795221662,0.00014545854,1.0346279e-05,0.015190133
3324,0,1,0.13475143646941473,0.047830552,0.007680408,0.13294742
3325,0,0,0.10485278448929637,0.021180278,0.6465057,0.11165441
3326,0,1,0.3344783564048816,0.9921102,0.9499448,0.33829725
3327,0,0,0.01725315894056201,1.1163742e-05,0.0006011297,0.016147502
3328,0,1,0.1091807220071183,0.059780158,0.00525748,0.11211046
3329,0,1,0.2615978186791624,0.8284203,0.65547025,0.27161494
3330,0,1,0.003747405718196684,2.3473989e-07,2.9721852e-09,0.004453983
3331,0,0,0.18625709792725545,0.25275242,0.9591795,0.18741022
3332,0,1,0.1372914294977669,0.025827857,0.0038943004,0.13896076
3333,0,0,0.006201864815473293,5.3568442e-08,6.032403e-07,0.006183594
3334,0,0,0.006416692460038492,1.3289493e-07,8.4804003e-07,0.0063540414
3335,0,0,0.0037891559525181193,3.8860617e-09,3.5824195e-09,0.003623644
3336,0,1,0.020752189165819803,1.6984858e-08,1.8506356e-09,0.02103557
3337,1,1,0.7356451034978458,0.9999734,0.99998116,0.7326631
3338,1,1,0.34910656476097557,0.9768609,0.87760717,0.35019854
3339,0,0,0.19773508032807532,0.9940819,0.9997609,0.20476517
3340,0,0,0.031286032811642855,0.00016958725,0.00826841,0.034842502
3341,0,1,0.017759741499639083,0.0006536636,5.945183e-05,0.023993969
3342,0,0,0.029142081725689318,0.0005227799,0.005206347,0.030516565
3343,0,1,0.004218307313565314,3.102262e-07,8.208255e-08,0.0056400043
3344,0,1,0.05486121873733662,0.705454,0.3355753,0.10664624
3345,0,0,0.0010769706836245313,5.5907067e-11,4.681791e-10,0.0013184211
3346,0,0,0.005019061857802367,6.0347483e-09,4.5235763e-07,0.005049631
3347,1,1,0.9976631443577787,1.0,1.0,0.9974605
3348,1,0,0.9968637805420603,1.0,1.0,0.9965641
3349,0,0,0.009182254564295092,2.9341775e-08,3.120941e-06,0.0102774305
3350,0,1,0.08164431721990786,0.0036787642,0.0005537938,0.081349045
3351,0,1,0.12347297351580004,0.15004121,0.048930492,0.12652047
3352,0,1,0.07062263441961517,0.004115732,0.0010652854,0.07153244
3353,0,1,0.002058277706291991,2.8501913e-07,6.5039703e-09,0.0040274137
3354,0,0,0.020033182737842093,2.4062972e-06,2.204513e-05,0.021147607
3355,0,0,0.001049788236054985,3.811178e-11,1.5214496e-09,0.0013879719
3356,0,1,0.09788155647399988,0.04721403,0.043234568,0.08965079
3357,0,0,0.005596599929087268,6.2738765e-09,3.1331868e-07,0.0058436356
3358,0,1,0.14696141052346304,0.027922673,0.023518234,0.14180385
3359,0,1,0.5929472949697635,0.99989605,0.9999176,0.5963487
3360,0,0,0.19686122320418634,0.26267788,0.7728665,0.19546688
3361,0,1,0.23434292436554457,0.5409584,0.27767372,0.24278353
3362,0,0,0.025888798649847684,7.540509e-05,0.0009719312,0.026855927
3363,0,1,0.8103794154602593,0.99999297,0.9999869,0.8082197
3364,1,1,0.34372190726166696,0.9965339,0.98906773,0.34006754
3365,0,0,0.004038326115580223,4.7334114e-10,3.1868606e-08,0.0041543357
3366,0,1,0.47425750000753225,0.9958257,0.98764217,0.47708586
3367,0,0,0.0019442345010720152,2.4948192e-09,1.2988609e-08,0.00246682
3368,1,1,0.08951927645627221,0.0017024128,0.0013925172,0.09407181
3369,0,0,0.15169250197664091,0.10150947,0.95367044,0.14399748
3370,0,0,0.0013525699874814747,1.9343026e-10,1.4375565e-09,0.0016926924
3371,0,0,0.16584540126226016,0.25623748,0.89202976,0.172156
3372,0,1,0.20458277701666586,0.20040523,0.0488546,0.20389926
3373,0,1,0.0237774238026846,0.0051574055,0.005756517,0.030577611
3374,0,1,0.005112447605623088,7.413665e-07,7.187429e-08,0.0062750923
3375,0,1,0.16173150665242753,0.15646136,0.016493024,0.16834109
3376,1,1,0.7217541142669935,0.9999771,0.99994445,0.72358763
3377,0,1,0.46358711370060385,0.9595487,0.68067163,0.47104442
3378,0,1,0.08997186876585524,0.011875023,0.0013151059,0.087875485
3379,0,0,0.04307074274092101,0.00035359449,0.005401876,0.04278529
3380,0,0,0.10722992345658394,0.050503913,0.47247115,0.112447575
3381,0,1,0.15187026726461927,0.12983237,0.013151709,0.15318528
3382,0,1,0.06728428781189426,0.015469892,0.0016595118,0.066105306
3383,0,0,0.1153803899521216,0.009986974,0.2800834,0.117112614
3384,0,0,0.036732522221315775,4.2162614e-05,0.00046567337,0.038894475
3385,1,1,0.6445866584875883,0.999327,0.9994648,0.64213026
3386,1,1,0.26353060128780503,0.17852588,0.01926789,0.27046236
3387,0,0,0.009972306045476335,1.7104892e-06,2.6097097e-05,0.009706524
3388,0,1,0.046926800720065394,5.9922545e-06,4.3954023e-07,0.0451333
3389,0,1,0.011563355742420145,0.0007302308,1.2311833e-05,0.013699667
3390,1,1,0.8872658399423772,0.99998057,0.9997723,0.8840011
3391,1,1,0.009331546103300987,2.7112532e-09,2.3123013e-08,0.009781308
3392,0,0,0.0935512241069785,0.0001973944,0.00023551613,0.015811697
3393,0,0,0.022971840137317928,2.3074603e-05,0.0026271073,0.023599623
3394,1,1,0.9982038229285656,1.0,1.0,0.99800783
3395,0,0,0.0076642198312353695,7.360435e-07,0.000683935,0.010724532
3396,0,0,0.004660678036928825,2.7990041e-09,3.4961593e-07,0.005280752
3397,0,1,0.03074533429732199,3.0207655e-05,4.083628e-06,0.029928545
3398,0,1,0.26808198407203765,0.8238687,0.4120143,0.2702403
3399,0,1,0.0407595090382081,0.00017008325,3.854562e-05,0.041006677
3400,0,0,0.004873586927881404,1.2295352e-08,5.0697167e-08,0.0062334565
3401,0,1,0.06831141236593602,0.0010232428,0.00020076704,0.069232285
3402,0,1,0.00944689319597163,2.9924606e-05,2.6738146e-06,0.0117393
3403,0,1,0.2525260763065517,0.7021359,0.43612754,0.2614868
3404,0,0,0.039081831569517125,0.0016398091,0.022004848,0.040384173
3405,1,1,0.9962639680634319,1.0,1.0,0.99598336
3406,0,1,0.011268186109087794,1.7604324e-07,1.0927084e-07,0.01148042
3407,0,0,0.009789787606624408,8.74304e-07,1.6512091e-06,0.009727143
3408,0,1,0.0010347033194314781,2.259844e-12,1.3919176e-12,0.0012974872
3409,1,1,0.794989251543583,0.9999962,0.9999931,0.80225843
3410,0,1,0.03803354802318081,0.014978255,0.004425152,0.051108096
3411,0,1,0.36344864791282633,0.71603835,0.7380336,0.35966077
3412,0,1,0.38729190967160193,0.9933804,0.9585122,0.39069954
3413,0,1,0.5628077344877004,0.99178725,0.9345614,0.5567503
3414,0,0,0.0020757912988452055,8.13146e-09,4.276807e-08,0.0026527743
3415,0,1,0.15747008448225447,0.73812044,0.5260911,0.16590188
3416,0,1,0.003462948593302659,1.6355072e-07,4.3003407e-08,0.0046145194
3417,0,1,0.014653875427798101,8.625283e-07,9.2432344e-08,0.014272915
3418,1,0,0.7345614557132156,0.97839975,0.9999659,0.7243605
3419,0,1,0.28325043863833094,0.91346127,0.08404174,0.27091607
3420,0,1,0.2528007787776428,0.757562,0.33238986,0.25436163
3421,1,1,0.05107584042923491,0.0021473353,0.00015874577,0.053201977
3422,1,1,0.3324340867953249,0.9743206,0.85219866,0.3389788
3423,0,1,0.515298542459228,0.99246234,0.9787148,0.5188558
3424,0,0,0.19617211693251596,0.051179934,0.8682095,0.19093288
3425,0,1,0.011569952669996773,3.043233e-08,1.8020417e-08,0.011866532
3426,0,0,0.0003424314228902263,1.259723e-12,1.6947522e-11,0.00046313764
3427,0,1,0.0883391779707584,0.0047312225,0.0003634892,0.09228542
3428,0,0,0.003527932475644086,7.5542886e-08,8.025216e-07,0.0044043823
3429,0,0,0.00567765129343412,7.738618e-07,3.4567665e-06,0.007978554
3430,0,0,0.004869396504606946,3.966672e-06,3.7632067e-06,0.0034843876
3431,0,0,0.3880133966498737,0.8468336,0.9970607,0.3909256
3432,0,1,0.002664214729482903,2.5464524e-09,1.2988355e-09,0.0034715133
3433,1,1,0.9915390253661687,1.0,0.9999999,0.9909957
3434,0,0,0.0015367888328597775,5.377853e-11,8.3321194e-10,0.0016188063
3435,0,0,0.29076698606067153,0.9679101,0.9996166,0.2932788
3436,0,0,0.010843053437658982,2.766415e-06,0.0001342686,0.023083813
3437,0,0,0.0008866233681438428,3.426799e-11,1.5623827e-09,0.001158084
3438,0,1,0.16030136508241244,0.34461567,0.08496834,0.16404165
3439,0,0,0.01863906817713871,3.8886296e-06,4.528596e-05,0.020024054
3440,0,1,0.7398590811881329,0.99998426,0.9999939,0.7409834
3441,1,1,0.7802982807239854,0.9999341,0.9996489,0.78758895
3442,0,1,0.33845596964930913,0.98658246,0.8785701,0.35131204
3443,0,0,0.04933122793458729,0.0009454677,0.014365785,0.049077187
3444,0,0,0.006979081679791071,4.8882067e-09,4.219546e-08,0.0066398103
3445,0,1,0.019906145551241015,4.564564e-06,2.839943e-06,0.020338543
3446,0,1,0.10621252550684519,0.2805583,0.05597046,0.10785722
3447,0,1,0.7045712472742754,0.9999881,0.99995136,0.70676214
3448,0,1,0.0325548296696861,0.00083982234,1.2587497e-05,0.030487483
3449,0,1,0.03145007607151102,5.585157e-05,2.7475571e-05,0.031014003
3450,0,0,0.018213729436478854,0.00032637882,0.007143178,0.022809897
3451,1,0,0.0747273133953031,0.0008570003,0.06167358,0.07306327
3452,0,1,0.05649297002800031,0.00048559255,4.2258293e-05,0.058063257
3453,0,0,0.002774034613439115,1.5848019e-10,9.982656e-09,0.0028807658
3454,0,1,0.1705834584079878,0.20265095,0.021484576,0.17866546
3455,0,1,0.001997272587960617,4.1985024e-09,4.430499e-11,0.002371278
3456,0,0,0.015040647437529371,7.601052e-06,5.6485595e-05,0.015088074
3457,0,1,0.02316647527056945,0.00033650335,5.57087e-05,0.02846175
3458,0,1,0.08490200390225902,0.004823167,0.00043216159,0.08842509
3459,0,1,0.009080060616091004,1.05809695e-05,1.5092728e-06,0.018259399
3460,0,1,0.10582252661760112,0.2467511,0.0648602,0.10271181
3461,1,1,0.4857152114476405,0.9939602,0.9767125,0.48896942
3462,0,1,5.9882159771950214e-05,1.0,1.0,0.0005038002
3463,0,1,0.2200941322769327,0.4277193,0.09918003,0.22181025
3464,0,1,0.003796423161938947,6.229082e-07,8.436597e-09,0.0045007933
3465,0,1,0.04429021496838281,2.3967557e-05,5.3352137e-06,0.04712592
3466,0,0,0.014039074708485543,1.9642583e-07,6.823052e-06,0.014237655
3467,1,1,0.9724072356115163,1.0,1.0,0.9728073
3468,0,1,0.0055685303088233995,1.0255257e-08,2.0768312e-10,0.005643712
3469,0,1,0.29294223677518305,0.99447376,0.9804155,0.28769538
3470,1,1,0.5522381557053112,0.9996832,0.99892586,0.5506457
3471,1,1,0.3964526432571324,0.9784234,0.93337065,0.3913185
3472,1,1,0.8170758344779248,0.99999845,0.999997,0.8217874
3473,0,1,0.007676492309796881,2.15276e-06,3.0991214e-07,0.009259137
3474,1,1,0.7237966840778136,0.9999962,0.99999154,0.7269733
3475,0,1,0.42978791865532784,0.98882794,0.95095855,0.43554312
3476,0,0,0.0744104421930613,0.0027451513,0.052493162,0.07323675
3477,0,1,0.5356432996573769,0.9990945,0.994437,0.54553616
3478,0,1,0.058034716821537775,0.0042742593,0.0005649455,0.056354802
3479,0,1,0.36145746487277947,0.94507027,0.7993552,0.36244473
3480,0,0,0.03536299004323676,0.013627384,0.5637112,0.043752007
3481,0,0,0.013906613057483214,0.0008106182,0.011377607,0.03018325
3482,0,0,0.5260399553832282,0.9990283,0.99999607,0.51177263
3483,0,0,0.15241398329277953,0.65946597,0.9933757,0.15476929
3484,0,1,0.019720632043642543,3.3525266e-06,2.420553e-07,0.020006344
3485,1,0,0.6146985802700539,0.9987043,0.9999913,0.61257917
3486,0,1,0.01721244063247061,5.3958365e-07,1.6707973e-07,0.017897537
3487,0,1,0.0014058197983192965,1.1665582e-09,7.4538065e-10,0.0029909187
3488,0,1,0.3778285106315576,0.9919374,0.9950008,0.3724375
3489,0,1,0.8584090804762354,0.99999845,0.9999913,0.85884595
3490,0,0,0.01956407125367798,0.10675958,0.6334539,0.041263394
3491,1,1,0.9994398803055188,1.0,1.0,0.9993826
3492,0,0,0.059264603914880296,0.00070576667,0.017024262,0.060807545
3493,0,1,0.792272391162645,0.99998724,0.99992883,0.78417444
3494,0,0,0.020143000045372738,4.3890046e-05,0.0005691352,0.020175152
3495,0,1,0.7063334556212711,0.9999753,0.9999,0.7119175
3496,0,1,0.172358708893506,0.014921664,0.0010606232,0.17228742
3497,0,0,0.007757153285011953,3.0723513e-07,6.8003865e-06,0.0075150933
3498,0,1,0.0019488445028945638,1.3526389e-07,1.8350612e-09,0.0038421245
3499,0,1,0.06566221487584557,0.006082524,0.0010825637,0.063440025
3500,0,1,0.11987131285394735,0.96324205,0.9184687,0.14923173
3501,0,1,0.21115054187549726,0.41323265,0.039204948,0.21658906
3502,0,0,0.047759510585093146,0.0023844764,0.14964427,0.048974358
3503,0,0,0.0962167383040972,0.014903129,0.09270233,0.09542363
3504,0,0,0.012005124341561663,1.6793272e-05,6.394831e-05,0.010890029
3505,1,1,0.4276176917029617,0.97339046,0.90643567,0.4285094
3506,0,0,0.05329462123364883,0.0030832507,0.13555692,0.052684642
3507,0,1,0.33309487402084975,0.8762654,0.6186609,0.33403236
3508,1,1,0.4296855716399834,0.98861045,0.87428534,0.42787224
3509,0,0,0.03691265104685529,0.004363084,0.0603546,0.03659543
3510,0,0,0.00323745228200507,1.2488743e-11,7.475651e-09,0.0034731769
3511,1,1,0.1633746691691444,0.5205489,0.06807927,0.16386354
3512,0,1,0.536400846415618,0.9981895,0.99558854,0.53151387
3513,1,1,0.997035526545784,1.0,1.0,0.99686605
3514,0,0,0.05126778003384211,0.00033157688,0.011933808,0.053640775
3515,0,1,0.11874401040328031,0.09316378,0.0019054054,0.11627584
3516,0,1,0.3294631404328683,0.9988294,0.99295115,0.33853137
3517,0,0,0.006360442955891791,4.018051e-05,0.0020353913,0.007876021
3518,1,0,0.9546900281160652,0.99999833,1.0,0.9511939
3519,0,1,0.35692881227368206,0.9936811,0.9865465,0.3678286
3520,1,1,0.1985006627908954,0.5443243,0.10244338,0.20538454
3521,0,1,0.00039151832640026986,2.1936962e-10,1.0305374e-12,0.00033247712
3522,0,0,0.027609231202385946,5.4286935e-05,0.00058015145,0.027332004
3523,0,1,0.4445453382643583,0.99639016,0.98248327,0.44264004
3524,0,1,0.14624599708118868,0.053135797,0.006088587,0.14029789
3525,0,0,0.6224594386992429,0.99974376,0.9999994,0.6169495
3526,0,1,0.44742550444455986,0.9968838,0.99343276,0.449989
3527,0,0,0.10316279612523258,0.99082434,0.9994787,0.10684414
3528,0,0,0.020925147461197884,1.917498e-05,0.00017389728,0.020954564
3529,0,1,0.07040599982775994,0.00045495384,0.00020757332,0.07010725
3530,1,1,0.8011126197534723,0.9999696,0.99996865,0.79775923
3531,0,0,0.000882235380646844,1.666356e-11,1.2809344e-10,0.0008584359
3532,0,1,0.5616272076974254,0.9956677,0.9886081,0.5480407
3533,0,1,0.2678248102804996,0.97921926,0.7748233,0.2693559
3534,0,1,0.36335160257793714,0.9662308,0.90167004,0.36379963
3535,0,0,0.0013625919066524825,7.376289e-10,3.5681957e-08,0.0017968776
3536,0,1,0.7827557372758026,0.9999982,0.9999963,0.78645325
3537,0,0,0.008582858454446254,3.6749075e-06,3.3609867e-05,0.008532495
3538,1,1,0.6043679294968436,0.99896824,0.99918526,0.60090446
3539,0,1,0.03215577742892723,8.7408844e-05,9.783407e-06,0.031217162
3540,0,1,0.37153531635509085,0.9927745,0.95562553,0.3759097
3541,1,1,0.3071794424233085,0.9609031,0.90993977,0.31918868
3542,0,1,0.1547177775043938,0.39337188,0.06531234,0.1478501
3543,0,0,0.08510077084587177,0.46104968,0.9355715,0.08602098
3544,0,0,0.009985185485677752,2.47007e-06,3.999212e-05,0.0125249075
3545,0,1,0.3157619978899544,0.40927354,0.03626525,0.32194158
3546,0,0,0.8370462945348914,0.9999982,1.0,0.8364832
3547,0,1,0.2557878658448277,0.7374778,0.24015038,0.25917932
3548,0,1,0.10375740105980706,0.12104122,0.046031974,0.09768402
3549,0,1,0.0017965856349989669,1.3928858e-10,6.478904e-11,0.0023246838
3550,0,1,0.19268410297578412,0.4898066,0.13197847,0.1930591
3551,0,1,0.0014293579614398967,3.366577e-10,3.2071234e-12,0.0016890495
3552,0,0,0.020356642018189677,1.3181878e-05,6.171148e-05,0.022186939
3553,1,1,0.5103879284891882,0.9999442,0.9997664,0.5126447
3554,1,0,0.039974487341674934,0.0017288596,0.0662813,0.04202953
3555,0,0,0.037136830750393854,0.00069021975,0.0059651104,0.037734456
3556,0,1,0.3300715729447891,0.91365486,0.6386801,0.3333129
3557,0,0,0.010675014139593505,2.2756362e-08,1.5628893e-06,0.0109569775
3558,0,1,0.07187456870442531,0.00014857305,0.00039264848,0.07429244
3559,0,1,0.023480882017852155,7.1498193e-06,7.131625e-07,0.022913415
3560,0,1,0.047921127052212874,5.1265037e-05,3.0337482e-05,0.05070565
3561,0,1,0.023317027387720443,1.4601471e-05,7.383696e-06,0.02304787
3562,0,0,0.02271732361709895,0.00074685126,0.038198277,0.030702397
3563,1,0,0.8150479851471419,0.9999949,1.0,0.8076987
3564,0,0,0.0011157346177331248,1.0105038e-10,3.7839984e-09,0.001491104
3565,1,1,0.9031159259238304,1.0,1.0,0.90565056
3566,1,0,0.4290137033731638,0.994453,0.9998418,0.46924612
3567,0,1,0.018187469116576933,5.743225e-06,1.1985686e-06,0.018495934
3568,0,1,0.3703984977752186,0.99434316,0.96800214,0.36937952
3569,1,1,0.6554358917872789,0.9998611,0.99939966,0.65938795
3570,0,0,0.13113710675587964,0.41718736,0.94533724,0.1306652
3571,1,1,0.6531434645572878,0.99994886,0.9997485,0.66038686
3572,0,1,0.0008853994678577114,2.6422786e-11,1.3080753e-11,0.001902687
3573,0,1,0.49659471773973124,0.99983215,0.99941987,0.4927279
3574,0,0,0.001989384706018548,1.9137756e-08,4.3307597e-07,0.0027124947
3575,0,1,0.08945850663330648,0.008441032,0.0014653822,0.08775119
3576,0,0,0.09168819791918727,0.027551407,0.7029064,0.0927395
3577,0,1,0.007504980754513096,4.0263032e-08,2.7498237e-09,0.007334507
3578,0,1,0.48805061490343843,0.99749315,0.99059206,0.5000966
3579,0,1,0.0681656389785742,0.1813016,0.042358913,0.08495822
3580,0,0,0.004630816805796201,1.2397835e-06,1.8505172e-05,0.009597978
3581,0,0,0.32196439640967517,0.9783013,0.99986446,0.31764305
3582,0,0,0.0014763042241181302,2.3647425e-13,3.1299355e-11,0.0015430129
3583,0,1,0.023137460406345442,5.971752e-05,5.9343615e-06,0.020373717
3584,1,0,0.27166747330201324,0.64032096,0.98965776,0.2749659
3585,0,0,0.0068921350082866515,2.3075152e-05,0.0019097251,0.015221965
3586,0,1,0.028062097533921686,2.8815015e-05,3.0549954e-06,0.027415419
3587,0,1,0.2023908304172011,0.36404797,0.23671854,0.19563302
3588,0,1,0.6656395994467623,0.99375135,0.9967782,0.66829526
3589,1,1,0.37156174046438883,0.984916,0.95214945,0.37472183
3590,0,1,0.2905228116659205,0.92342025,0.6589158,0.2909134
3591,1,1,0.23956087036362592,0.60018086,0.12916666,0.2501988
3592,0,0,0.26182416249612644,0.5833929,0.99137396,0.25867072
3593,0,1,0.0293825690251856,3.957106e-05,1.0009673e-05,0.027836183
3594,0,1,0.384551828703388,0.9001375,0.3808231,0.39343268
3595,1,0,0.7039902652101582,0.99994624,0.99999976,0.7004021
3596,0,0,0.001799354872540506,2.4066244e-08,8.4863143e-07,0.0024391622
3597,0,0,0.7551440396491633,0.99697816,0.9993432,0.74536973
3598,0,1,0.18925702498744595,0.4752724,0.118999586,0.19001509
3599,0,0,0.0009783868415679505,2.6286914e-11,1.1022527e-09,0.001290697
3600,1,0,0.6482138575916574,0.99995434,0.9999995,0.63699085
3601,0,0,0.3338281620571271,0.9980995,0.9999951,0.34501296
3602,0,1,0.009347188968253579,9.056545e-06,1.3531966e-06,0.011326883
3603,1,1,0.620041256009003,0.99970096,0.9992324,0.620748
3604,0,1,0.2850400245113878,0.89431256,0.74676615,0.2945555
3605,0,1,0.029915230893796805,4.377301e-05,4.539563e-06,0.029121196
3606,0,0,0.06856509725338758,0.0009734761,0.02965118,0.061915997
3607,0,1,0.06003164427188032,0.0009629893,6.751655e-05,0.062483463
3608,0,1,0.09427748065362396,0.009688354,0.00081414514,0.0973575
3609,0,1,0.006854051668824874,1.8340335e-06,1.2856638e-07,0.008588766
3610,1,0,0.4538141010660867,0.9643894,0.99810433,0.448384
3611,0,1,0.16257744082732115,0.34440637,0.14408614,0.17253181
3612,0,1,0.13490411224739646,0.03956923,0.0053203017,0.13547808
3613,1,1,0.546855243145292,0.9936166,0.99449414,0.5438639
3614,1,1,0.9555227449495026,1.0,0.9999999,0.9544605
3615,1,1,0.9565124579376547,0.9999993,0.9999809,0.9540445
3616,0,1,0.03724268066122776,4.5495122e-05,3.796822e-06,0.038187698
3617,0,1,0.0017585218919492455,2.4307723e-10,1.1089856e-10,0.00226275
3618,0,1,0.08653586158714961,0.19268166,0.0070445198,0.081718594
3619,0,0,0.0009864331259544484,4.2815937e-10,6.966664e-09,0.0013599887
3620,0,0,0.15865711470753963,0.26320136,0.96768034,0.15519391
3621,1,1,0.8660996294971481,0.9999994,0.9999968,0.86403406
3622,0,1,0.2522592129644252,0.91782576,0.583049,0.25474906
3623,0,1,0.2514587893259946,0.5005624,0.5453972,0.25328824
3624,0,0,0.12760091070837135,0.0058523845,0.77287966,0.12959296
3625,1,1,0.28372095010249626,0.97049224,0.937647,0.3056421
3626,0,1,0.028149004790859064,1.2227376e-05,1.94202e-05,0.03004191
3627,0,0,0.014404762368151861,7.9902864e-05,0.003131248,0.017850762
3628,0,1,0.0033884785466383785,1.17470215e-07,2.8665465e-08,0.0045379084
3629,0,0,0.015777051646915667,1.9695324e-06,1.3349694e-05,0.015944565
3630,0,0,0.0015498098248723378,8.2263496e-10,7.531021e-09,0.0019109832
3631,0,0,0.012247826493055907,2.0258426e-08,3.4356344e-06,0.013101268
3632,0,1,0.018685965755339432,1.1388409e-05,1.4737313e-07,0.017745772
3633,0,0,0.0017246500588627616,2.0652937e-09,2.0448494e-08,0.002120648
3634,0,0,0.0356042874135669,0.0014818622,0.082302414,0.033263803
3635,0,0,0.003205908263507685,9.960218e-08,5.8497005e-07,0.004116899
3636,0,1,0.13543001732362406,0.6356654,0.18492591,0.13394336
3637,0,1,0.3996208575193084,0.975594,0.9014175,0.40431625
3638,0,0,0.000984506070109968,1.2322597e-10,3.1753402e-11,0.0006625907
3639,0,1,0.47605371135220836,0.9901708,0.9593915,0.48245826
3640,0,1,0.42186241989105416,0.995545,0.98148924,0.4207892
3641,0,0,0.013117488645333459,4.5759657e-06,6.9003094e-05,0.012858354
3642,1,1,0.7060780862100144,0.9927873,0.9352551,0.6897605
3643,1,1,0.8509072940078128,0.99989104,0.9997228,0.8451194
3644,0,1,0.3056286749262131,0.83647275,0.46504834,0.30782092
3645,0,1,0.1418780062746269,0.016511174,0.0035854115,0.13945724
3646,0,1,0.003740731706478952,9.557242e-08,2.1797513e-08,0.0050298194
3647,0,0,0.3075056933806745,0.88942194,0.9993044,0.29809207
3648,0,0,0.11690372980486602,0.019288823,0.61673117,0.113291964
3649,0,1,0.04482748253097453,0.00093813025,0.0001784029,0.04291088
3650,0,1,0.1989951914867125,0.3352146,0.03483531,0.20944844
3651,0,0,0.0018265669136481295,1.1587125e-09,1.0390065e-08,0.0022651928
3652,0,0,0.06379127354412072,0.012584557,0.2556463,0.06469456
3653,1,1,0.2809665937419014,0.687956,0.38595378,0.27605206
3654,0,0,0.00874320488836161,9.88636e-07,7.221432e-05,0.012294675
3655,1,1,0.8923504801400838,1.0,1.0,0.8929326
3656,0,1,0.05241470382678242,0.00010730157,8.613409e-06,0.04953134
3657,0,1,0.7966060461808055,0.9999454,0.99970025,0.79489446
3658,0,1,0.005450778300784297,1.4821403e-07,1.2269488e-08,0.0066418927
3659,0,1,0.3234976463819872,0.70512444,0.30471852,0.33091357
3660,0,0,0.0002131744137171623,7.812129e-11,3.1597284e-11,0.00018431596
3661,0,1,0.6471169837143487,0.9995024,0.9977519,0.6606816
3662,0,0,0.006889753661061719,3.739787e-07,4.05486e-06,0.014355512
3663,0,0,0.0019021568698533863,4.7116067e-09,4.9813508e-08,0.0023368138
3664,0,1,0.03682046105889994,6.0849816e-06,2.8881288e-07,0.035701655
3665,1,1,0.8585234441909598,0.9999974,0.9999844,0.85558015
3666,0,1,0.5712141780479315,0.99979484,0.99927974,0.57124907
3667,1,1,0.6042128680839102,0.9998324,0.9992706,0.612394
3668,0,1,0.1242299281255711,0.2532511,0.03748789,0.12805639
3669,0,1,0.002739158851061987,1.0205211e-07,1.1357635e-09,0.005418475
3670,1,1,0.0901613334585867,0.0032768394,0.0005373844,0.08948209
3671,0,1,0.0020034791567567155,8.725909e-10,4.71861e-10,0.0025761828
3672,0,0,0.2533478699478085,0.43876326,0.9912573,0.24588418
3673,0,1,0.5412946478368014,0.9997538,0.99881184,0.54201585
3674,0,1,0.1680785047689347,0.2902435,0.09758023,0.18042466
3675,1,1,0.8242529624319667,0.99999607,0.9999541,0.822207
3676,1,0,0.16898650123385953,0.6618191,0.98271704,0.16838586
3677,0,1,0.00754789941018254,1.4248726e-06,1.821357e-07,0.009198942
3678,0,0,0.04991106908509678,4.3850964e-06,3.1941487e-05,0.051461786
3679,0,1,0.11476392191115879,0.05006965,0.0048403763,0.11929437
3680,0,1,0.2743559245047724,0.54832745,0.359179,0.26868263
3681,1,1,0.7173240857469849,0.99996734,0.9999739,0.7161711
3682,0,0,0.11294820765307152,0.040414635,0.6224646,0.11526428
3683,1,1,0.18522495946999212,0.07181696,0.035765454,0.18376733
3684,0,0,0.0077665566044872155,7.297614e-07,1.6924707e-05,0.007467659
3685,0,1,0.29485510219263866,0.98109794,0.84121776,0.30315572
3686,0,1,0.24589056765478384,0.62578493,0.34239787,0.25370014
3687,0,0,0.0014996112681574237,1.9780958e-11,2.6098694e-09,0.0015013753
3688,0,0,0.017291582983110412,3.059417e-05,9.673683e-05,0.017334048
3689,0,0,0.015470823203266735,4.699915e-06,5.888326e-05,0.018714318
3690,1,1,0.7678724040159569,0.9999949,0.9999802,0.7722611
3691,0,1,0.05170237212272621,0.000298782,5.5068947e-05,0.055357307
3692,1,1,0.709778043790534,0.9999913,0.9999558,0.7088646
3693,0,1,0.5016577705147649,0.9989894,0.99839956,0.49580255
3694,0,1,0.07794654431059891,0.0019443136,0.00022103629,0.0780092
3695,0,1,0.0572144260570554,9.683651e-05,0.00023178407,0.058922574
3696,0,0,0.004286869538892926,2.0008551e-06,1.3233849e-05,0.005510858
3697,0,1,0.06450073854799221,0.00034618657,0.00012436321,0.066597685
3698,1,1,0.9487873654846831,0.99999964,0.9999968,0.94844437
3699,0,1,0.15924195743916153,0.0027125387,0.00054814894,0.15721233
3700,1,1,0.4669419738739728,0.9933783,0.9143151,0.46842816
3701,0,1,0.34555749644741846,0.997033,0.97465307,0.35416245
3702,0,0,0.0010472048606892227,1.4424584e-10,7.1551733e-09,0.0023226917
3703,0,0,0.16779271631899859,0.24972534,0.804423,0.16384132
3704,0,1,0.020687763323738482,4.2081956e-06,1.718652e-06,0.02077592
3705,0,1,0.031855017856392304,0.00047412314,0.0003507364,0.039575186
3706,1,1,0.13648155199990122,0.055527147,0.0506848,0.14183052
3707,0,0,0.027088650080198038,0.00012857692,0.0018098252,0.027955916
3708,0,1,0.9273687450931901,1.0,1.0,0.92857623
3709,0,0,0.004768027590571157,3.947034e-06,4.965039e-05,0.006020933
3710,1,1,0.9000770600991306,0.9999993,0.9999988,0.896834
3711,0,1,0.5381402224563144,0.99984825,0.99969345,0.55422664
3712,0,1,0.7208508518285991,0.9999896,0.9999386,0.71332693
3713,0,1,0.053836979586681315,0.004455142,0.0014329173,0.056599915
3714,1,0,0.9109701483904986,0.9999378,0.9999888,0.9035805
3715,0,0,0.031053397488138505,0.0007377185,0.0036373811,0.03951141
3716,0,1,0.0037541494278568936,4.0049265e-08,2.409982e-08,0.004865607
3717,0,0,0.010772494192491325,0.00012473219,0.005307531,0.013645059
3718,1,1,0.6132075170234111,0.9996145,0.99899024,0.6145933
3719,0,0,0.3188032628704731,0.9332923,0.9997347,0.32268283
3720,0,1,0.15171095179798064,0.10788293,0.011186203,0.15712887
3721,0,1,0.06010281066221639,0.0023463983,0.00015345628,0.06330752
3722,0,1,0.4546221005923694,0.9935262,0.96828634,0.45981362
3723,0,1,0.006222866582448093,1.4151168e-06,1.16652465e-07,0.0076666656
3724,0,1,0.013540218404234599,0.00018298652,5.101233e-05,0.016224938
3725,0,0,0.05895971606221834,0.00047702622,0.009139151,0.059113882
3726,0,1,0.004533322834405842,5.108749e-07,1.3530426e-07,0.0060657295
3727,0,1,0.04361314901393812,1.0578035e-05,4.7727476e-06,0.020192508
3728,1,1,0.9999999999999958,1.0,1.0,1.0
3729,0,0,0.012193054822431567,4.0636337e-07,1.2278803e-05,0.012922218
3730,0,1,0.35104322224434176,0.991325,0.95486444,0.35086435
3731,1,1,0.994017036462284,1.0,1.0,0.9937278
3732,1,1,0.19996687045255757,0.5881349,0.12505656,0.20623738
3733,0,0,0.013680760188376868,1.7855323e-06,3.564758e-05,0.014202972
3734,1,1,0.3369761559461344,0.9233579,0.66120726,0.34144348
3735,1,1,0.8484459229184784,0.9960485,0.9779491,0.8472992
3736,0,1,0.0886893870944006,0.008078145,0.0016027107,0.085989416
3737,1,1,0.11171185307688264,0.07174737,0.012973378,0.111319765
3738,0,0,0.029322729834459195,0.00041759314,0.025602646,0.027140738
3739,1,1,0.6100166950529988,0.999708,0.99866235,0.6137364
3740,0,1,0.12617063211211013,0.020284243,0.0017555725,0.13055182
3741,0,0,0.0008688092808850997,1.9070218e-10,5.246321e-09,0.0011737077
3742,0,0,0.02138397035662073,1.8649114e-05,0.0006618012,0.021309383
3743,0,0,0.08176363797447495,0.022710612,0.9569862,0.08046045
3744,1,1,0.4386982095812706,0.9977889,0.99166006,0.43778074
3745,0,1,0.14693850852956009,0.11362302,0.022674069,0.14537954
3746,0,1,0.22975264279406368,0.7892017,0.25038004,0.23688415
3747,0,1,0.008597377171038747,6.3912444e-06,6.169865e-07,0.0105131315
3748,1,1,0.9056923834312719,0.99996567,0.99998426,0.9015633
3749,0,0,0.05398432474747407,0.00034430326,0.011102658,0.055145036
3750,0,1,0.0948245542044719,0.018194454,0.0024689303,0.09336427
3751,0,1,0.004449152208940062,1.1501788e-11,2.3026172e-13,0.004447877
3752,1,1,0.2057271736408348,0.73832685,0.23343806,0.20868766
3753,0,0,0.0024459651659966674,1.027707e-08,2.8744416e-06,0.005741532
3754,0,0,0.01931810937793128,4.0979096e-05,0.0023053202,0.01994013
3755,0,1,0.007092419982113877,2.498188e-06,1.239496e-05,0.015293222
3756,0,0,0.00534441958827354,2.7286399e-06,1.6074098e-05,0.0070709465
3757,0,1,0.16888921855727146,0.058323387,0.018848848,0.1758363
3758,0,0,0.011243483593555554,2.742447e-05,0.0003356796,0.014384898
3759,0,0,0.012858366054455546,1.844064e-05,0.0004224382,0.017526284
3760,0,1,0.15710480319044015,0.054100942,0.0070052245,0.16029781
3761,1,1,0.5262330335058972,0.99958044,0.9995529,0.5323288
3762,0,1,0.08040273514331478,0.00013566249,5.3194285e-06,0.0821218
3763,1,1,0.9997856800466239,1.0,1.0,0.9997664
3764,0,1,0.07867829844153938,0.0027287106,0.00020428124,0.07832183
3765,1,0,0.6797685680306259,0.77444166,0.8843386,0.66846806
3766,0,0,0.12305063330023379,0.059409242,0.5967966,0.12691309
3767,1,1,0.28624499972031875,0.7996638,0.67790705,0.28141013
3768,0,1,0.3838248333952727,0.9936609,0.9674699,0.39482608
3769,1,1,0.8179965170693517,0.9999949,0.99998176,0.81439984
3770,0,1,0.40839935263117394,0.89566654,0.93765116,0.39433226
3771,1,1,0.6299556850118538,0.9994731,0.9964455,0.62379897
3772,1,1,0.5497867049889689,0.9999255,0.99988914,0.54467195
3773,1,1,0.7823584020875496,0.99959195,0.9941804,0.7756878
3774,0,1,0.0036105595402015195,1.4194278e-08,8.656583e-10,0.007263888
3775,1,0,0.14036588412478404,0.22647269,0.90880007,0.14354473
3776,0,1,0.6387631999837606,0.999848,0.99963486,0.6410625
3777,1,1,0.34565189232714455,0.9778601,0.89178693,0.3507243
3778,0,0,0.0007450812666383712,1.8515767e-11,2.2022024e-10,0.00090914516
3779,0,1,0.10858897950283486,0.00919591,0.0015238575,0.10806514
3780,0,1,0.17331744092915982,0.2711131,0.034027625,0.1793856
3781,0,0,0.0026579598620074156,1.0677146e-09,9.757645e-08,0.0026315087
3782,0,0,0.007209580797966739,1.6496426e-08,1.413509e-06,0.0077067465
3783,1,1,0.9841340308804312,1.0,1.0,0.98387265
3784,0,0,0.03585146327667794,3.6762038e-05,0.0005217206,0.037039284
3785,0,0,0.00199692679555424,7.324518e-09,1.1314759e-07,0.002623752
3786,1,1,0.3344295660336417,0.9668256,0.8385077,0.33724943
3787,1,0,0.3149521271872502,0.96912307,0.99876404,0.33148012
3788,0,1,0.05191974622874463,0.0001515126,7.590889e-05,0.056628194
3789,0,1,0.26244637909867713,0.75315535,0.25583008,0.26721063
3790,0,1,0.11947728706761926,0.1927837,0.07321149,0.11544486
3791,0,0,0.00977908955763795,8.250726e-09,6.6423304e-08,0.009808826
3792,0,1,0.0008783202872053774,7.0684977e-12,2.9279326e-12,0.0011251796
3793,1,1,0.26374608940885885,0.818816,0.41421428,0.2644773
3794,1,0,0.7657451563062883,0.99998796,0.9999999,0.7643857
3795,0,1,0.026203923996689193,3.1255786e-05,2.5796603e-06,0.025536345
3796,0,1,0.166322272106506,0.08547608,0.010998871,0.16495241
3797,0,1,0.24802890316843518,0.73052067,0.30211008,0.24791168
3798,0,1,0.2623539786599856,0.7674879,0.51604736,0.27055418
3799,0,0,0.1276283417214729,0.012955987,0.7333876,0.13372383
3800,1,0,0.9940560841059284,1.0,1.0,0.9932179
3801,0,1,0.3407646350809983,0.9835916,0.942232,0.33743855
3802,0,0,0.11776965858906673,0.037666883,0.7970711,0.11996924
3803,0,1,0.3252277532457463,0.992512,0.9302942,0.3349037
3804,0,0,0.14412024259702363,0.5953583,0.9514422,0.15190102
3805,1,0,0.6659180562203764,0.99993837,0.99999976,0.6602027
3806,0,1,0.3500196092577258,0.99952054,0.99914765,0.36611497
3807,0,0,0.00050764064312253,7.275058e-14,1.865863e-12,0.00050715945
3808,0,0,0.0007940088010336113,3.649324e-12,1.2197748e-10,0.0010581969
3809,0,1,0.2778997106839282,0.90488875,0.60642374,0.27646253
3810,0,1,0.004402152262563774,7.524722e-08,1.3959457e-08,0.0052779126
3811,0,1,0.15343172561345458,0.21682201,0.082964644,0.15496443
3812,0,1,0.05438095998177417,0.0008255784,6.4176675e-05,0.054338545
3813,0,1,0.019496002189582282,2.6488608e-06,1.0141063e-07,0.01905026
3814,0,1,0.2974510595750803,0.76919013,0.39916837,0.30071178
3815,0,1,0.24645630206945202,0.903818,0.58582544,0.24491817
3816,0,1,0.010046690361954356,2.548155e-07,4.638544e-08,0.009391902
3817,0,1,0.18943250291521482,0.066710964,0.0733602,0.18705739
3818,1,1,0.39594103267025216,0.96420085,0.9795012,0.3915738
3819,1,1,0.6760411122729146,0.9978872,0.9771737,0.671513
3820,1,1,0.4077677622267605,0.85156167,0.35401842,0.41387486
3821,0,0,0.23926533495668711,0.68841225,0.97611576,0.24816023
3822,0,1,0.03214448223129444,7.975846e-05,8.555006e-06,0.031163227
3823,1,1,0.998371689560503,1.0,1.0,0.9982944
3824,1,1,0.24927021811379454,0.6040927,0.23834918,0.24608949
3825,1,1,0.44446903309434993,0.97633845,0.90148646,0.44247213
3826,1,0,0.7181130739184457,0.99840075,0.9999963,0.713595
3827,0,0,0.03481047703337571,9.928471e-05,0.0031440507,0.03661303
3828,1,1,0.9924972092505747,1.0,1.0,0.99192286
3829,0,1,0.32845171838944043,0.3571811,0.269763,0.32822385
3830,0,1,0.004569624160770114,5.3449025e-07,1.4104938e-07,0.006118387
3831,0,1,0.0009193035710623726,9.471031e-11,2.8136195e-11,0.0012018282
3832,1,1,0.2966239599668377,0.92035085,0.73952943,0.2946052
3833,0,0,0.01843637580753616,5.8991345e-06,7.154478e-05,0.01922292
3834,0,1,0.34103074276891276,0.93571645,0.8412346,0.34061623
3835,0,1,0.5044793878396144,0.998396,0.992073,0.5099893
3836,0,0,0.0010905592859494584,3.851928e-11,2.686845e-10,0.0013588895
3837,0,1,0.43624485855089884,0.9889436,0.9490564,0.44322747
3838,0,1,0.005310958490238786,5.651241e-07,3.57644e-08,0.006599281
3839,0,0,0.017304875688760317,1.8641296e-07,0.00010256191,0.017558811
3840,0,0,0.10091254701944181,0.041664805,0.5086437,0.10038895
3841,0,0,0.0019531250725394653,2.4470773e-10,6.226267e-08,0.002532001
3842,0,1,0.22399236217785035,0.47041917,0.11639086,0.22560242
3843,0,1,0.058896213228224616,0.0059531964,0.0010662316,0.05630046
3844,0,1,0.022770822443500677,2.379155e-05,1.9712875e-06,0.022304226
3845,0,1,0.09699002691527597,0.05963694,0.0019398034,0.09350273
3846,0,0,0.10823134742815656,0.08926575,0.7503059,0.11094663
3847,1,1,0.5752887991435964,0.9999579,0.99985135,0.5735124
3848,0,0,0.5546187704907118,0.9999788,1.0,0.5671537
3849,0,1,0.37704826520332557,0.87409014,0.7827733,0.3762401
3850,1,1,0.31514487380642936,0.0671796,0.0071670627,0.28933755
3851,0,0,0.004952705326142358,3.4645986e-06,2.5696918e-05,0.0063167703
3852,0,1,0.1867134896226001,0.78687483,0.06080253,0.18171729
3853,1,1,0.3815298917349102,0.96673286,0.8992936,0.3764576
3854,0,1,0.027915458760269535,0.00042098374,2.746284e-05,0.03356642
3855,0,1,0.06692392944671104,0.009679033,0.00065465417,0.070777535
3856,1,0,0.1903372366703052,0.4981617,0.98872316,0.18788093
3857,1,1,0.5327733196539534,0.99931204,0.9918412,0.5325357
3858,0,0,0.003029811343838469,7.77255e-11,5.520353e-09,0.0030533066
3859,1,1,0.8941837876373683,1.0,1.0,0.89569074
3860,0,1,0.027033261970577937,0.001044007,0.00013401176,0.033504352
3861,0,1,0.010163306344231644,1.0102572e-06,2.8515913e-07,0.010972827
3862,0,0,0.0027769478443090767,7.18879e-11,3.0390264e-09,0.002876337
3863,1,1,0.36135356601493407,0.99263716,0.958713,0.3601905
3864,0,0,0.023200855885304923,1.8932495e-05,0.0002780548,0.02351063
3865,0,1,0.07723362592403268,0.00031042667,9.8038814e-05,0.0738483
3866,0,1,0.1795594609801822,0.9123448,0.55619955,0.18042
3867,1,1,0.13180757620343536,0.057009805,0.08267868,0.13641958
3868,0,0,0.009129839157202288,1.4589407e-06,2.891483e-05,0.009018873
3869,0,0,0.010164679365826176,1.5436428e-06,3.5642654e-05,0.010933712
3870,0,0,0.0015979680706951784,9.2354363e-10,4.202262e-08,0.0021155302
3871,0,0,0.009363327452884538,3.8225973e-09,5.0937695e-07,0.004711808
3872,0,0,0.020664762719303283,3.2863085e-05,0.00024437954,0.020990785
3873,0,1,0.06858923802128987,0.004732902,0.00030323086,0.073879614
3874,0,1,0.14553253547109565,0.111924276,0.031929053,0.14208761
3875,0,1,0.8017500553602871,0.9999968,0.9999958,0.80377316
3876,0,1,0.2528825775197172,0.007567165,0.0003206374,0.24934708
3877,0,0,0.027203245803320016,0.004491748,0.05760746,0.03440476
3878,0,0,0.0036928948205910534,4.7532542e-09,1.6798629e-07,0.0048131617
3879,0,1,0.005179249257865326,2.0863736e-06,1.8339762e-07,0.006117958
3880,1,1,0.7894535161121775,0.9999975,0.99999857,0.7890241
3881,1,0,0.16958568752344955,0.8851638,0.9929719,0.16931438
3882,1,1,0.5861244685411028,0.9998914,0.9995678,0.592641
3883,1,0,0.9999999999999964,1.0,1.0,1.0
3884,1,1,0.9127327922570748,0.99999535,0.99996173,0.9095206
3885,1,1,0.8246141042432141,0.9999995,0.99999917,0.82693434
3886,0,0,0.022767561144852632,2.7937635e-05,0.00062663807,0.021871157
3887,0,0,0.037267688939389414,0.00053592963,0.0033499873,0.039527822
3888,1,0,0.9999999999994234,1.0,1.0,1.0
3889,0,1,0.045842257838290316,1.4925886e-06,4.946491e-08,0.046945114
3890,0,1,0.6181858341361461,0.99952656,0.9978617,0.62345594
3891,0,1,0.5391242478234511,0.99856263,0.9974363,0.5399393
3892,0,0,0.0030082233793639083,1.18839685e-08,1.2398823e-07,0.0037287057
3893,0,0,0.005316376360496627,2.0439281e-09,1.5180301e-08,0.005244498
3894,1,1,0.24854017091085667,0.7154236,0.2794056,0.24945998
3895,0,1,0.04889546641938402,0.0026309309,0.0008288536,0.04954935
3896,1,1,0.9019640466005364,0.99999464,0.9999422,0.89811206
3897,0,1,0.007395264035707006,5.8617546e-09,2.9646041e-09,0.0075745955
3898,0,1,0.208492318101851,0.80816805,0.58894295,0.21468285
3899,1,1,0.930113883319626,1.0,1.0,0.9302485
3900,0,0,0.02403798800544946,2.0787964e-05,0.0002670993,0.02513096
3901,0,1,0.22401426620859333,0.41463014,0.08808013,0.22795577
3902,0,0,0.028465087771435225,0.76952577,0.9974579,0.06384709
3903,0,1,0.3811084082940888,0.76555145,0.42591408,0.385893
3904,1,1,0.3002058864320928,0.98963904,0.9611095,0.31386796
3905,0,1,0.0022916413733778925,1.1765068e-08,1.2912049e-10,0.0027267209
3906,0,1,0.003936975130968676,6.633385e-10,3.2646477e-10,0.0039471197
3907,0,1,0.132420529664014,0.21415928,0.0052665174,0.12911274
3908,1,1,0.1545357216185445,0.066297024,0.058954787,0.1613829
3909,0,1,0.5761087585110499,0.99977493,0.99755895,0.57798123
3910,0,1,0.03909144796739774,0.0007216766,1.1272059e-05,0.03766913
3911,1,0,0.696350771800073,0.999851,0.9999989,0.68720204
3912,0,1,0.0075492268654999755,4.770814e-08,3.417182e-09,0.007323288
3913,0,1,0.07534999752150193,0.0022891588,0.0019227619,0.077540286
3914,1,1,0.470896877608472,0.99499774,0.93737245,0.47399482
3915,1,1,0.9056942891766764,0.99984336,0.99612916,0.89758754
3916,0,0,0.001415114339312216,1.0176323e-08,1.8720836e-08,0.00096884783
3917,0,0,0.014138482993230674,3.905365e-07,1.8431674e-05,0.015379963
3918,0,1,0.29047634100947417,0.6151179,0.2083676,0.29280537
3919,0,1,0.1276208266133777,0.38101238,0.1628098,0.13742867
3920,0,1,0.6640931116959645,0.99995077,0.9995535,0.6619299
3921,0,1,0.3343746907273474,0.9530263,0.75631696,0.3389451
3922,1,1,0.3126485669950995,0.89359903,0.25068682,0.3432811
3923,0,1,0.053227531725926085,0.00016851645,3.5398964e-05,0.056355234
3924,1,1,0.5454750867735978,0.9885943,0.9126004,0.5436473
3925,0,1,0.2691366999592797,0.90285534,0.5352159,0.2739665
3926,0,1,0.04402385273707135,0.00019691166,2.6639758e-05,0.04513697
3927,1,0,0.3033149094830142,0.97469395,0.99973816,0.29821697
3928,0,1,0.13990376395857188,0.9307974,0.8577714,0.14568496
3929,0,1,0.2637209782998282,0.6863449,0.25916493,0.26701468
3930,1,1,0.17338414827773257,0.73845005,0.054938402,0.16858637
3931,1,1,0.9993486469225346,1.0,1.0,0.999276
3932,0,0,0.05446754122761174,0.0005278617,0.06539811,0.053685553
3933,0,1,0.2940397846579498,0.97411376,0.8090618,0.3012559
3934,0,1,0.2074049757953286,0.29872796,0.058147106,0.20930074
3935,0,1,0.004899559868573681,9.502879e-07,2.6225186e-07,0.006572825
3936,0,1,0.18993162670049038,0.55093116,0.110383414,0.19283451
3937,0,1,0.003274421922389543,1.7941338e-07,2.2135527e-09,0.0038998984
3938,0,1,0.001169074806973814,2.0730928e-12,4.1197755e-14,0.0014621288
3939,0,1,0.060385269758726066,7.998474e-05,2.3930857e-05,0.057145398
3940,0,1,0.011405983699028182,7.867294e-06,1.3127507e-06,0.015546974
3941,1,0,0.962266168194062,0.9999999,1.0,0.95960724
3942,0,1,0.025665186362085774,0.0023711969,0.00055708725,0.034875926
3943,0,0,0.04897413620659843,0.00037956744,0.039605018,0.04762179
3944,0,1,0.004671244942982842,1.2489558e-10,8.684772e-12,0.0043361727
3945,1,1,0.10917296450552298,0.060229924,0.010437135,0.10689682
3946,0,0,0.0008838979240918762,1.5236573e-12,5.7590946e-11,0.0012877157
3947,0,1,0.21822007478038358,0.9130599,0.8097244,0.23219502
3948,0,0,0.037591305191938304,0.00021244002,0.0029354598,0.038188677
3949,1,1,0.66729273449829,0.9999814,0.99992657,0.67173284
3950,1,1,0.2825258404604714,0.7546303,0.24923612,0.28791335
3951,0,0,0.017350174119615938,8.2230954e-08,1.8476848e-06,0.020063434
3952,1,1,0.9868733232376077,1.0,1.0,0.98679173
3953,0,1,0.1296410636551912,0.088961266,0.12121345,0.13417779
3954,0,1,0.04316899472888707,8.755917e-05,4.1381623e-05,0.044278465
3955,0,1,0.22639536777126512,0.4939595,0.1277285,0.22945699
3956,0,1,0.0031941480514301028,9.13851e-08,9.236124e-10,0.0038802791
3957,0,1,0.09245057377750879,0.043824222,0.00070597854,0.088539764
3958,1,1,0.8767904251797835,0.99999964,0.9999989,0.87211335
3959,0,0,0.0010747742574490659,2.7380884e-10,4.4368624e-09,0.0014587367
3960,0,1,0.06760862816299774,0.00040277577,0.000111954374,0.07350405
3961,0,1,0.2921268849692435,0.91662174,0.6253343,0.29430872
3962,1,1,0.7300661089128818,0.9999945,0.99999344,0.7282116
3963,0,1,0.0027443818318181688,1.0202755e-08,6.21267e-09,0.0035063145
3964,0,0,0.03928554554499576,0.00077026966,0.01641781,0.039980855
3965,0,1,0.7799226481531225,0.99999714,0.9999901,0.7854582
3966,1,1,0.5937986807617753,0.9999156,0.9996532,0.5969783
3967,0,1,0.46968052962268847,0.9994151,0.9969203,0.47043887
3968,1,1,0.9987738454179997,1.0,1.0,0.998665
3969,0,1,0.007494409209929005,4.4492248e-05,3.7462985e-06,0.015779978
3970,0,1,0.16025501982072637,0.15906464,0.017466912,0.16639508
3971,0,1,0.015488572000942879,0.00053250283,4.0849758e-05,0.019806275
3972,1,0,0.6725256476787703,0.74566334,0.8708121,0.65407294
3973,1,1,0.8836495910637531,0.99999976,0.9999987,0.8819886
3974,1,1,0.7788764161744954,0.99999857,0.9999949,0.7818122
3975,0,0,0.0008501489494087002,2.275971e-11,9.886015e-10,0.0011147063
3976,0,0,0.09084765985843661,0.13266325,0.728016,0.09431211
3977,1,1,0.5109253748109793,0.9972398,0.9896606,0.5138147
3978,0,1,0.0019365073457440812,7.25751e-11,5.8970895e-13,0.0017834319
3979,0,1,0.16200534158790206,0.22256948,0.060165714,0.17029165
3980,0,1,0.3296767741590502,0.98903334,0.9706818,0.3258606
3981,0,1,0.0043238394661425615,1.5584599e-06,2.1480172e-08,0.0051625418
3982,0,1,0.0026401035905007516,6.450637e-09,1.2927382e-09,0.0035486426
3983,0,1,0.1145521350141047,0.006972001,0.0063467,0.119716406
3984,0,1,0.31733350345788874,0.9711179,0.9316662,0.32837534
3985,1,1,0.05125215388253364,0.05237016,0.008633683,0.067659415
3986,1,0,0.31431111752132385,0.93609095,0.9989386,0.30390373
3987,0,0,0.016016576034039786,1.2636598e-06,0.00010695424,0.016493171
3988,0,1,0.18244266223362227,0.5834227,0.1483378,0.17810471
3989,0,1,0.004371318962466526,2.2578793e-06,3.335008e-08,0.008727318
3990,0,0,0.0007887655476746529,7.296494e-12,8.876378e-11,0.001025292
3991,0,1,0.44506276964217273,0.99840206,0.99000424,0.44035405
3992,0,1,0.12989413564500923,0.11406513,0.035606623,0.12673865
3993,0,1,0.1640157178457815,0.19717643,0.17775835,0.16997492
3994,0,1,0.004759040446771914,1.5632679e-06,2.2130008e-08,0.005666616
3995,0,0,0.001355759345326057,7.214236e-09,1.958334e-06,0.00304591
3996,0,0,0.0429880468024301,0.37053823,0.9441205,0.053844787
3997,0,1,0.04992101752638116,0.00013111354,0.00041790097,0.049994994
3998,0,1,0.18461560754359962,0.11552456,0.03899694,0.19225568
3999,0,0,0.0009027941029578935,3.3434103e-11,1.4373893e-09,0.0011866457
4000,0,1,0.0014702178432439029,2.2121474e-09,2.3287804e-11,0.0017324638
4001,0,1,0.16342648101344115,0.043579902,0.0058576446,0.16355859
4002,0,1,0.47339614451009604,0.9863268,0.8891819,0.4692605
4003,1,1,0.7781397238839953,0.9999969,0.9999887,0.7825719
4004,0,1,0.38410190476725814,0.9920442,0.97573656,0.38356036
4005,0,1,0.032332089850213734,2.8398501e-05,5.1160264e-06,0.034639865
4006,0,1,0.12087183013256299,0.053726945,0.019725433,0.13092548
4007,0,1,0.11694322132323759,0.032472905,0.0042923675,0.11994194
4008,0,0,0.008809588689423914,2.6301527e-07,1.313343e-06,0.00903037
4009,0,1,0.20192171131366632,0.57087326,0.23487432,0.19813342
4010,0,1,0.37831887685608145,0.9985859,0.9908841,0.37758505
4011,0,1,0.357844052965462,0.9162284,0.8511079,0.35293117
4012,0,1,0.004450211448218796,1.8370779e-06,2.4763644e-08,0.005290962
4013,0,0,0.003183991996322877,1.6685262e-10,1.2007072e-08,0.0034023894
4014,0,0,0.0015909825006414234,3.0075646e-09,5.9429585e-08,0.002173971
4015,0,1,0.015613763679341341,0.0018851068,0.0002503729,0.033684615
4016,0,0,0.011779452252843233,4.426778e-06,6.203701e-05,0.011553297
4017,1,1,0.7933459679119217,0.9999994,0.9999989,0.79582185
4018,1,1,0.5786508503594983,0.99575406,0.9851771,0.5937615
4019,0,1,0.010919104323203956,3.7077396e-05,3.8045714e-06,0.013521739
4020,1,0,0.6379452324603033,0.9985494,0.99999547,0.6249437
4021,1,1,0.7753579963577649,0.9999989,0.99999774,0.77733755
4022,1,0,0.007955852915388022,2.7234222e-07,3.0438707e-05,0.008436551
4023,0,1,0.016424607537879585,6.4526506e-07,5.0039154e-07,0.017529435
4024,0,1,0.042247169075002276,7.426941e-05,7.49601e-06,0.04198799
4025,0,0,0.473417188175581,0.99578553,0.99992466,0.47244093
4026,1,1,0.0979948667271439,0.026157247,0.0021995187,0.10068875
4027,0,1,0.0504403539385093,0.00019327988,1.5677002e-05,0.051696178
4028,0,1,0.7110216769686055,0.99999785,0.9999913,0.7113756
4029,0,1,0.001583778823988289,9.3573156e-11,3.9137065e-11,0.0020631861
4030,0,0,0.007083083177519425,7.2349744e-09,2.942964e-07,0.0077868113
4031,0,1,0.00821010885513243,5.6132713e-08,4.5560324e-09,0.007883954
4032,1,1,0.8439296416737029,0.9999999,0.9999995,0.84518325
4033,0,1,0.011289965506473905,8.6465916e-05,7.2454627e-06,0.014200201
4034,1,1,0.20865804986299613,0.3525481,0.49460632,0.20371608
4035,1,1,0.45166704720632816,0.9978764,0.9939356,0.44606054
4036,1,1,0.8549944155150586,0.9999995,0.9999993,0.85163945
4037,0,1,0.4772288791875646,0.99618924,0.98098296,0.48381594
4038,1,1,0.5161071040702624,0.99813783,0.9966898,0.5122639
4039,0,0,0.025114275126517618,8.227577e-06,6.270895e-05,0.026203878
4040,0,1,0.00846728037196684,1.9972391e-07,1.14916254e-07,0.008372405
4041,0,1,0.012793711155700917,9.884728e-07,1.3772483e-07,0.013315821
4042,0,0,0.025199675921919597,2.9894829e-05,0.00018081797,0.02691803
4043,0,1,0.10022023483192422,0.012256541,0.00022402003,0.09827835
4044,1,1,0.712135732507476,0.9999957,0.9999932,0.72508156
4045,0,1,0.1635418323546428,0.21914357,0.209384,0.16930686
4046,0,1,0.030186022219894783,3.343175e-05,1.0236417e-05,0.03168692
4047,0,1,0.010724891421960335,0.00029393053,2.4972564e-05,0.013360453
4048,0,0,0.00034036381611118156,8.7625e-14,2.7674354e-12,0.0004454757
4049,0,1,0.1692285412506343,0.6762431,0.039790865,0.16527636
4050,1,1,0.2780746291175602,0.57061607,0.20410207,0.28091404
4051,0,1,0.2804652945444453,0.9091891,0.95749694,0.3348893
4052,0,1,0.1159564004556886,0.01452434,0.002378203,0.11577526
4053,0,1,0.06609371962058971,0.0018143548,0.0001049258,0.07000479
4054,0,1,0.16929238561544666,0.53796226,0.023995092,0.16513316
4055,0,0,0.008413051658587146,3.066686e-08,6.739723e-06,0.009171759
4056,0,1,0.1291496545467934,0.060796376,0.11771494,0.13694236
4057,1,1,0.8777870134329261,1.0,1.0,0.88084775
4058,1,1,0.16983251090538332,0.062646024,0.019364191,0.18273656
4059,1,1,0.3605104122329793,0.99058694,0.94349015,0.36234042
4060,1,0,0.49522035367491013,0.99892205,0.99999416,0.48798737
4061,0,0,0.03930333190968727,0.00036468706,0.0022925788,0.042282015
4062,0,1,0.07899499422455805,0.010834519,0.001916046,0.07726746
4063,0,1,0.3657729904207503,0.9979938,0.9848625,0.3689713
4064,0,1,0.021373174044839356,8.550724e-06,8.738509e-08,0.021534832
4065,0,1,0.10264571613415374,0.14789554,0.017570173,0.10144904
4066,0,0,0.043411896522751604,4.595528e-05,0.14349502,0.05331698
4067,0,1,0.11894539067966524,0.022096893,0.021602979,0.124688625
4068,1,0,0.9966046850963239,1.0,1.0,0.99623454
4069,0,0,0.0827030428382427,0.004410166,0.25577018,0.080775395
4070,0,1,0.19513314478984503,0.2018379,0.03538203,0.19675425
4071,0,1,0.29612926069004497,0.9965609,0.9909311,0.28430945
4072,0,1,0.6072231962377939,0.9995547,0.9988677,0.6112962
4073,0,1,0.10570435209283112,0.017067365,0.0042919293,0.10520321
4074,0,1,0.553939256572946,0.99988234,0.9994152,0.5614963
4075,0,1,0.1492084464061552,0.101105414,0.016982524,0.14751613
4076,0,0,0.003240552724542718,1.0200265e-08,3.2628463e-07,0.003394526
4077,0,1,0.0015391608026625355,4.7147597e-10,4.199577e-12,0.0018341289
4078,0,1,0.02309200307842222,4.7783183e-06,5.088642e-07,0.024115432
4079,0,1,0.28007698408256343,0.7397117,0.39823297,0.2780117
4080,0,0,0.021829947358387943,1.9357905e-05,0.00013968228,0.023344615
4081,0,1,0.05412406918174951,0.0633401,0.011431615,0.06648829
4082,0,1,0.0026714349472233244,2.236974e-08,1.4582415e-08,0.005804535
4083,1,1,0.8168730202247383,0.99991906,0.99953884,0.81868386
4084,0,1,0.1210689553143501,0.015865244,0.001359889,0.12513626
4085,0,1,0.6161873832103055,0.99992144,0.9996339,0.62652385
4086,0,1,0.28181951823970974,0.90845096,0.6223431,0.2809299
4087,1,1,0.9996459291048354,1.0,1.0,0.9996071
4088,1,1,0.9462193154739309,1.0,1.0,0.9433772
4089,0,0,0.06087358109400566,0.016728109,0.14623666,0.06138375
4090,1,1,0.9993457051640411,1.0,1.0,0.999228
4091,0,1,0.24678357219739178,0.6841387,0.43148714,0.2566542
4092,0,0,0.001659126613520989,1.8742672e-11,3.1464469e-09,0.0017700039
4093,0,1,0.1304964641097188,0.34910896,0.060999677,0.12899376
4094,1,1,0.7070513607234238,0.9999789,0.99991846,0.711053
4095,1,1,0.5455844081790129,0.99948454,0.9975688,0.5491993
4096,0,1,0.009337122256648685,2.7998178e-05,2.5149907e-06,0.011591657
4097,0,0,0.06381450479343184,0.0027148435,0.05866407,0.062927686
4098,0,0,0.662868049399589,0.9997007,0.99999416,0.670325
4099,0,1,0.0010114069975721454,1.7707928e-13,4.2667455e-15,0.0012576813
4100,1,1,0.580939903475698,0.9991161,0.9926588,0.5721672
4101,0,1,0.30089538270953564,0.9479418,0.87527597,0.3096233
4102,0,0,0.02506768995235814,4.816052e-05,0.007943088,0.032249432
4103,1,1,0.5164651554216887,0.99687,0.95914596,0.520667
4104,0,1,0.02971794311069848,2.1231526e-05,7.4566956e-06,0.028288785
4105,0,1,0.05646174253395509,0.001564669,0.00082509394,0.05759284
4106,0,1,0.3209528569570643,0.96326894,0.85080767,0.3279839
4107,0,1,0.005491852669592779,1.3177643e-06,3.834788e-07,0.0070287543
4108,1,1,0.3006705971063205,0.7882556,0.5808879,0.3124056
4109,1,1,0.872733965783716,0.99990475,0.9987717,0.869356
4110,1,1,0.48751684613715957,0.9977736,0.9929598,0.48852572
4111,1,1,0.6496384792386076,0.999884,0.99971,0.64977944
4112,0,0,0.020345324640480646,1.3665578e-05,0.00012389838,0.02086607
4113,1,0,0.9148310079031463,0.99999917,1.0,0.9100911
4114,1,1,0.13516210446714014,0.061307665,0.01708294,0.14040911
4115,0,1,0.26891961376519646,0.9397187,0.6323509,0.27442697
4116,0,0,0.027397069462821926,2.0571877e-06,0.00014923057,0.014540292
4117,0,0,0.06267175700976783,0.0017429596,0.08464785,0.06459779
4118,0,1,0.1339542197784342,0.057519525,0.015358122,0.13101463
4119,0,1,0.692353705469116,0.9999995,0.9999975,0.6949597
4120,0,0,0.04743698163105919,0.0025807812,0.09658194,0.04987578
4121,0,0,0.07795989046623272,0.012305445,0.10684632,0.07764832
4122,1,0,0.17222802290650294,0.33495447,0.9925115,0.1806891
4123,0,1,0.010431488743073767,4.1596618e-08,2.4041881e-08,0.010686395
4124,0,1,0.4797973820563347,0.99708134,0.9857809,0.4805114
4125,0,0,0.11551505158340726,0.0057552615,0.287394,0.11975428
4126,0,1,0.009090384752553587,1.37086085e-08,1.1408751e-08,0.009104921
4127,0,1,0.004249836627859407,2.9549022e-07,7.535264e-08,0.0057158275
4128,0,1,0.43349690510781796,0.99949884,0.99782264,0.43411234
4129,0,0,0.016540061254815892,5.817683e-07,7.2030784e-06,0.01672911
4130,0,0,0.002410268287235603,5.9254596e-08,1.2505432e-06,0.0033312375
4131,0,0,0.26026642912506165,0.09313456,0.9437755,0.25043216
4132,0,1,0.24348294639679785,0.5272816,0.37435257,0.24053064
4133,0,0,0.0596230002122277,0.0028765257,0.050270293,0.061294634
4134,0,0,0.006104228620920481,1.0594439e-05,5.8503443e-05,0.014112068
4135,1,0,0.01893160452910818,4.325379e-06,0.00011268363,0.021193812
4136,0,1,0.5343395768851924,0.9173093,0.5958057,0.54252744
4137,0,0,0.021625267885766557,0.00051078544,0.00396985,0.047108017
4138,0,1,0.282129868381547,0.9668373,0.7378105,0.29186866
4139,0,1,0.32581820684068347,0.94352627,0.9181473,0.33195215
4140,0,0,0.8958853519297608,1.0,1.0,0.89446354
4141,0,1,0.2320461315112019,0.7999927,0.34709698,0.232429
4142,0,0,0.002494732576353831,9.4236355e-12,2.486406e-09,0.0027081796
4143,0,1,0.42327386864391425,0.99872,0.9956248,0.42016384
4144,0,1,0.0031375624299215285,6.0018923e-10,2.2953318e-11,0.003887134
4145,0,0,0.03888614404502654,0.00012302307,0.0023425682,0.040439613
4146,1,1,0.242657321569374,0.8891251,0.45112708,0.2522545
4147,1,1,0.834335539148904,0.99999976,0.9999993,0.83614117
4148,0,0,0.03534388322636219,0.00043151114,0.003543904,0.035897806
4149,0,1,0.006589287940111891,8.8198016e-07,1.9010267e-07,0.008470044
4150,1,1,0.39124561899941895,0.9966558,0.97489005,0.39397606
4151,0,0,0.04301429752326778,0.00018187621,0.028969275,0.044438455
4152,0,0,0.012425487714698058,1.2739761e-07,5.5760734e-06,0.0130358925
4153,1,1,0.6320158880474694,0.9997755,0.99941593,0.6352825
4154,0,0,0.0029444285171728495,6.872363e-10,1.05986935e-07,0.0029523503
4155,0,1,0.14251420285078076,0.07991055,0.062290005,0.14250045
4156,0,1,0.03476897432009888,2.69345e-05,5.6841313e-06,0.0332713
4157,1,1,0.9576736846633521,1.0,0.99999976,0.9567749
4158,0,0,0.0031646820579756185,1.5832082e-08,1.6144364e-07,0.0039394875
4159,1,1,0.9927521139432594,1.0,1.0,0.9925625
4160,0,0,0.0049664534700107,2.8087495e-08,3.6708336e-06,0.0051879208
4161,1,1,0.26178623485294905,0.69245476,0.54854196,0.2575161
4162,0,1,0.28746835438081597,0.7928064,0.18120989,0.2800316
4163,0,1,0.021495607438155383,1.5001956e-05,9.692849e-07,0.021674652
4164,0,1,0.006527134537423499,1.5339661e-05,1.5571808e-06,0.013454071
4165,0,1,0.40233617737643035,0.99296314,0.98290795,0.41653088
4166,0,0,0.015569217853147138,1.7899001e-06,0.00012404344,0.016313678
4167,0,1,0.11695233529503613,0.0009647011,3.4117584e-05,0.117611244
4168,0,0,0.7615209761760283,0.9999794,1.0,0.753419
4169,0,0,0.029734023555967253,0.000379932,0.004675989,0.030852368
4170,1,1,0.8766373269565054,1.0,1.0,0.87884843
4171,0,1,0.2864925139062057,0.9371187,0.7912591,0.2941938
4172,1,0,0.1406800201716261,0.069081046,0.6383147,0.14903092
4173,0,0,0.02954324692524494,0.0003659858,0.004518458,0.030637825
4174,0,1,0.003924007014052165,2.7581484e-06,4.4507736e-08,0.007778916
4175,0,0,0.02539912457475923,4.7666643e-05,0.0006350711,0.024912799
4176,1,1,0.9999999999999982,1.0,1.0,1.0
4177,0,1,0.11787187423343326,0.07130284,0.0064448006,0.12316158
4178,0,1,0.21910621145201717,0.19026761,0.16700765,0.21564882
4179,1,1,0.9670803791772363,1.0,1.0,0.9663952
4180,0,0,0.0026099209384453574,7.7368e-11,2.3548106e-08,0.0028159933
4181,0,1,0.07158753691972933,0.0009514749,0.0019640706,0.07205635
4182,0,0,0.029114141184490412,0.00015002339,0.0006806247,0.032016512
4183,0,0,0.007683361462142599,6.8642987e-07,1.5997697e-05,0.00738085
4184,0,1,0.3677537560199898,0.9941321,0.9843172,0.34506083
4185,0,1,0.20052222307890336,0.57483333,0.117391385,0.20887898
4186,1,1,0.841257064818545,1.0,1.0,0.83928907
4187,0,0,0.0010471832433577427,9.019566e-11,1.41403405e-08,0.0014644545
4188,0,0,0.060413561676363366,0.0015169169,0.027103344,0.062283143
4189,1,1,0.283968330882392,0.5373773,0.9037576,0.3015913
4190,0,0,0.001319411238094146,1.7137242e-09,1.3496661e-07,0.0017054668
4191,1,0,0.7008437816665704,0.9999312,0.99999964,0.6991849
4192,0,1,0.016577317701086836,2.819988e-07,9.124799e-09,0.016198182
4193,0,1,0.02186318642773623,1.4205567e-05,1.0445742e-06,0.021593641
4194,0,1,0.0027038107491936573,3.530596e-08,3.8129325e-10,0.003227322
4195,0,0,0.09227400292571872,0.029978601,0.2936092,0.092667885
4196,1,1,0.6733418204332984,0.99619836,0.9645067,0.6759446
4197,0,0,0.00047297523181496516,8.050659e-12,1.8210922e-10,0.00063748943
4198,0,0,0.0024886102146868165,1.9851782e-08,1.2110658e-07,0.0031403406
4199,0,0,0.0447952784215435,0.0005017945,0.0033178518,0.048268087
4200,1,1,0.986963063078389,1.0,0.9999995,0.98675734
4201,0,1,0.49121026041918464,0.99344397,0.9894254,0.4922141
4202,0,0,0.00223773251690618,3.7555335e-08,1.4403493e-06,0.0027341817
4203,0,1,0.35594872522767046,0.85508955,0.67143965,0.35016468
4204,1,1,0.838920754846466,0.9999982,0.9999981,0.8402745
4205,1,1,0.2999635998830255,0.83574176,0.5538467,0.30608547
4206,1,1,0.4207638609672932,0.9916924,0.9582088,0.42231873
4207,0,1,0.0752223559035894,0.0075740004,0.0009034627,0.073619775
4208,0,0,0.2437524863810566,0.9343541,0.9947137,0.2558315
4209,1,1,0.6890209555443245,0.99999356,0.99996734,0.6963798
4210,0,0,0.06885682092955936,0.061880387,0.32346153,0.072389156
4211,1,0,0.8989597614331735,0.99999964,1.0,0.894475
4212,0,1,0.010521186840634926,3.758057e-05,2.3271311e-06,0.023827918
4213,1,1,0.19658649764448693,0.6030957,0.18377319,0.19404054
4214,0,1,0.5921957846902017,0.99879193,0.99232036,0.59065527
4215,0,0,0.015267690540895438,2.915756e-06,3.7035414e-05,0.014890855
4216,0,0,0.023231933492263393,3.698459e-05,0.00018350876,0.025537016
4217,0,1,0.41756219776294656,0.9970811,0.9836628,0.41829285
4218,0,1,0.0026558139199822374,8.360731e-09,1.8339344e-09,0.0035482075
4219,0,1,0.017945036897484033,2.2997126e-06,1.3755327e-07,0.017590096
4220,0,1,0.018025245614458167,6.7873184e-06,3.324217e-06,0.019493828
4221,1,1,0.5485038611514866,0.999982,0.99996877,0.5606414
4222,0,1,0.06012722941440575,0.0005908878,3.9263465e-05,0.06001207
4223,0,0,0.02169626769296009,4.6643785e-05,0.000608275,0.022410404
4224,0,0,0.0019133408257329834,1.2250921e-08,2.570853e-07,0.0026173424
4225,0,1,0.0034078216608131335,2.0206484e-08,1.2079567e-08,0.0044157845
4226,0,1,0.09575352894986625,0.01802336,0.0003323019,0.09377082
4227,1,1,0.8785288251279745,0.9999994,0.9999968,0.8791525
4228,1,1,0.3753810608287972,0.9957264,0.99301755,0.3826368
4229,0,0,0.0029685261962260614,2.9633365e-10,2.9565534e-08,0.0029864018
4230,0,0,0.09394972936374775,0.0030003123,0.040949456,0.08919348
4231,0,1,0.004811296693161494,7.151785e-07,8.253213e-09,0.0056993426
4232,1,1,0.6440352698589333,0.9995416,0.9993756,0.6449745
4233,0,0,0.0006677664322321383,1.5044141e-11,1.4867696e-09,0.0009004424
4234,1,0,0.5482241479447992,0.9802058,0.99990237,0.5425687
4235,0,1,0.19664389666504734,0.4417337,0.079613924,0.20378019
4236,0,1,0.13425515714421185,0.041330896,0.003939104,0.13928515
4237,1,1,0.9999999999999951,1.0,1.0,1.0
4238,0,1,0.34303972209289085,0.96939045,0.83811694,0.34540635
4239,1,1,0.9627661596555566,1.0,0.9999994,0.96205425
4240,0,1,0.44261223915064196,0.99988806,0.99947286,0.4422957
4241,0,1,0.107944712660123,0.039164975,0.00070647924,0.10656757
4242,0,0,0.013911866144764801,3.128356e-07,1.5303292e-05,0.014339591
4243,0,0,0.008026654266123208,5.663718e-09,1.3616494e-07,0.008338711
4244,0,1,0.6025769645390577,0.99996674,0.9998568,0.6017306
4245,1,0,0.7382563643815104,0.99996126,1.0,0.72315973
4246,0,1,0.03062557632680625,4.443434e-06,2.4515869e-06,0.030394848
4247,1,0,0.8664834451079378,0.9999796,1.0,0.85834295
4248,0,1,0.02438625471171083,2.269814e-05,5.198505e-06,0.024352476
4249,1,1,0.8629957571634558,0.9999999,0.99999976,0.8662587
4250,0,0,0.013353178105021665,6.033531e-08,1.4088127e-05,0.014284815
4251,0,1,0.0904166230593138,0.0040275017,0.0025640735,0.08839634
4252,0,1,0.028829207995772908,6.5529784e-05,4.5011616e-06,0.029149845
4253,0,0,0.0653289719125067,0.0030499278,0.072312586,0.06664948
4254,0,1,0.0020543509789975665,1.3601377e-09,5.4980392e-11,0.0024426943
4255,0,1,0.10355877339299757,0.09480068,0.0032017226,0.09994263
4256,0,0,0.00046153514364006686,2.8872273e-12,4.2876966e-11,0.0006224073
4257,0,0,0.057955891036466714,3.265384e-05,0.0061033503,0.060518753
4258,0,1,0.1901339383904967,0.16151647,0.026681889,0.19212195
4259,0,1,0.12081137845904695,0.0020892853,0.00014276784,0.1201006
4260,1,0,0.6598150919593352,0.9998294,0.9999993,0.6423225
4261,1,1,0.21881503805174357,0.37403098,0.07629087,0.222246
4262,0,1,0.0024856797199775058,1.6919183e-09,8.747205e-10,0.0031976118
4263,0,0,0.05798632441793172,0.0025370799,0.059630577,0.058976393
4264,0,1,0.030261538742102825,9.879372e-05,8.737758e-06,0.029707935
4265,0,1,0.6698510253149859,0.999984,0.99995303,0.6704625
4266,0,0,0.09986500022421656,0.20748793,0.79714584,0.10364541
4267,0,1,0.012600998593176076,1.4258934e-06,1.2407688e-06,0.012923222
4268,0,1,0.3231322960524927,0.97236603,0.830018,0.32718644
4269,0,1,0.5303894119513739,0.99974006,0.9991787,0.5304131
4270,1,1,0.7398416758046711,0.99993825,0.99998546,0.7380261
4271,0,1,0.5082194528199409,0.9983516,0.9918643,0.51331395
4272,0,1,0.1479453670598548,0.18923171,0.068506,0.15731753
4273,0,0,0.0023282565936087233,1.0386438e-08,5.8506878e-08,0.0029484984
4274,0,1,0.2329840849680137,0.4681506,0.1584045,0.23145023
4275,0,1,0.12984137428505724,0.0010693586,6.436139e-05,0.13015816
4276,1,1,0.2746426082778282,0.87119997,0.51631737,0.27527598
4277,0,0,0.02744816266810936,2.5722017e-07,3.7758357e-06,0.027218794
4278,0,0,0.2137768069816694,0.5868366,0.9803237,0.22946794
4279,0,1,0.29380436118033576,0.8356858,0.6336679,0.30482316
4280,0,0,0.04434159984769261,0.00017617038,0.004699061,0.04747873
4281,1,1,0.3135435340707277,0.6964464,0.609285,0.314332
4282,0,0,0.07277429120806135,0.007969188,0.14330862,0.07474926
4283,0,0,0.8073757762474845,0.99999774,1.0,0.8070204
4284,0,0,0.0033879723289014885,5.2795906e-07,3.8834933e-06,0.004269838
4285,0,1,0.6372725062741217,0.9997265,0.9998816,0.6377503
4286,0,0,0.08297806287840179,0.019531371,0.6020478,0.07773196
4287,0,1,0.24549373481122116,0.9437858,0.66699404,0.24953084
4288,0,0,0.02912750534732018,9.4136585e-06,0.00051557913,0.032159783
4289,0,1,0.32526351576436946,0.75601584,0.46544144,0.31998506
4290,0,0,0.002026153017636286,6.6536248e-09,3.503646e-07,0.0026727237
4291,0,1,0.11793590510636215,0.24666874,0.08152536,0.15163068
4292,0,0,0.005974540061584376,2.5647505e-06,3.316348e-06,0.004217999
4293,0,1,0.0053197011182852996,1.9414888e-07,7.782975e-08,0.006627744
4294,1,1,0.8833258948261038,0.9999993,0.9999993,0.8774935
4295,0,1,0.027292875631860523,2.7085494e-05,1.8967356e-05,0.02772363
4296,0,0,0.00676044195344824,1.7990772e-09,6.271499e-08,0.00742884
4297,0,0,0.006561260872667976,6.332542e-07,5.219379e-06,0.008350999
4298,0,1,0.07775971215408815,0.0052904626,0.00047294056,0.08032368
4299,0,1,0.6921734248313326,0.99990165,0.9998939,0.6861381
4300,1,1,0.2908653882509867,0.9204662,0.8099717,0.30079594
4301,0,1,0.44273818066938586,0.78459173,0.10869703,0.44019678
4302,0,1,0.10410835186966844,0.008018815,0.0020165327,0.10170137
4303,0,1,0.0068306018475989255,1.0252489e-06,3.2519145e-07,0.008575117
4304,0,1,0.004036219743116425,1.1872069e-09,1.8626041e-10,0.003993234
4305,0,0,0.2724725585342599,0.5930358,0.9968514,0.2726962
4306,0,0,0.0024602205814898384,9.2245045e-10,3.5828585e-08,0.0025494266
4307,0,1,0.2168950719752775,0.38074622,0.08047623,0.21808285
4308,0,0,0.0016762437350685431,1.8858985e-09,9.870815e-09,0.0021237442
4309,1,1,0.7904129331029623,0.9999739,0.9998586,0.7866332
4310,0,1,0.3722396311640371,0.99852246,0.99701166,0.39214218
4311,1,0,0.9365761809556411,1.0,1.0,0.9343452
4312,0,1,0.32200027971127154,0.9942893,0.9699664,0.31563395
4313,0,1,0.22215089601606144,0.67463493,0.6445097,0.26766074
4314,1,1,0.16038291242197286,0.16029526,0.06206516,0.16041447
4315,1,1,0.9370979871014505,0.9999999,0.9999981,0.934605
4316,1,1,0.6453540632158086,0.9998659,0.9991373,0.6397765
4317,0,1,0.09715272118810286,0.00013444848,5.763444e-06,0.094626464
4318,0,1,0.01677575980692262,2.2911227e-06,3.0150682e-07,0.016614005
4319,0,0,0.051869512889310174,0.0007341649,0.010911217,0.05386363
4320,0,0,0.14604446403531626,0.09789309,0.68769485,0.14202778
4321,0,0,0.00893549406925003,2.1472061e-08,2.233632e-07,0.00871154
4322,0,1,0.04146126463157042,8.9421526e-05,1.5514204e-05,0.041844092
4323,0,0,0.0017248984086364778,1.949638e-09,9.8169146e-08,0.0022865487
4324,1,1,0.10268985965258597,0.0114156315,0.0023880226,0.10533013
4325,0,0,0.010109316241428922,9.83132e-07,7.19296e-06,0.01002602
4326,0,0,0.019611141254835318,1.0507323e-05,0.00019272963,0.019787425
4327,0,1,0.028430261994689395,7.376277e-05,5.0083254e-06,0.028398564
4328,0,1,0.36643617394157907,0.98338866,0.89289784,0.376156
4329,0,1,0.00109824967412429,9.909368e-10,6.560729e-11,0.0012741066
4330,1,1,0.5772482490309527,0.999845,0.9993099,0.5773815
4331,1,1,0.5885095947607164,0.9991356,0.9976514,0.5910108
4332,0,1,0.31490841144392245,0.9636613,0.8092058,0.3157265
4333,0,1,0.12848448867248374,0.0015082231,6.6461194e-05,0.13081582
4334,0,1,0.42491525374577405,0.9990089,0.9947235,0.42459956
4335,0,1,0.23554672305766736,0.4387306,0.11024384,0.23698454
4336,0,1,0.002295710152024968,4.44217e-07,1.858486e-08,0.0034883756
4337,0,0,0.05333705738850821,6.293329e-05,0.019609196,0.05417555
4338,0,0,0.1109676464045091,0.0528527,0.34719416,0.10757203
4339,0,1,0.004487956906127251,7.7580444e-07,8.023282e-08,0.005666584
4340,1,1,0.2585806351321857,0.86730546,0.87521005,0.24977483
4341,1,1,0.9967914599183232,1.0,1.0,0.99660337
4342,0,1,0.4819069992852173,0.9646113,0.9701099,0.47900033
4343,0,0,0.04925196385176977,6.854225e-05,0.002548853,0.050054748
4344,0,1,0.9999984666799039,1.0,1.0,0.9999981
4345,0,0,0.0023421469927507256,5.015709e-09,7.882398e-08,0.0028677857
4346,0,1,0.00866951084773958,3.5624904e-08,3.1548117e-09,0.008332369
4347,0,0,0.024223991298103927,0.00085671496,0.00932844,0.02434256
4348,0,0,0.05578061215127478,0.6577848,0.9737835,0.019124458
4349,0,0,0.006284953166515915,3.2867265e-06,4.36007e-05,0.007822621
4350,0,0,0.009389814554863728,1.7062794e-06,8.519232e-06,0.009709334
4351,0,0,0.0019801278329889633,5.843381e-09,3.1090264e-07,0.0026069344
4352,0,0,0.015529780355299703,3.677168e-05,0.00055032363,0.015061845
4353,0,0,0.007851351635836121,1.0264082e-08,3.4867128e-07,0.008682156
4354,0,0,0.0022618507081876658,2.9631515e-09,2.888368e-08,0.0027995503
4355,0,0,0.0012782120281526208,5.3355365e-10,4.1087077e-08,0.001623474
4356,0,0,0.0567106811436396,0.00016554777,0.0015372306,0.060108807
4357,1,1,0.10363448926679027,0.1389355,0.017030058,0.12935068
4358,0,1,0.009436027344304375,2.285596e-07,5.676371e-09,0.0086516505
4359,0,1,0.006979654037274936,2.0966249e-07,6.113881e-08,0.0067381756
4360,0,1,0.1483990963933159,0.34566215,0.20553124,0.15132935
4361,0,0,0.0433008169493904,0.002168011,0.019073099,0.044303495
4362,0,0,0.0038976649457407118,7.300033e-11,1.1781325e-08,0.0042739087
4363,1,1,0.734831803362334,0.9999907,0.99997485,0.73201686
4364,0,1,0.052790290356416664,0.009965973,0.0068234475,0.06337447
4365,1,1,0.08919669508498254,0.0165957,0.0037468853,0.09641691
4366,0,0,0.1335769967883937,0.09011321,0.6825971,0.13892627
4367,0,1,0.0023523555793441104,7.562517e-09,1.6611915e-09,0.0031363845
4368,0,0,0.32528514560716887,0.09611364,0.5793464,0.32195085
4369,0,1,0.593375056351271,0.999848,0.9990293,0.5999926
4370,0,0,0.015989077799624368,2.8910916e-05,0.00026565042,0.016423926
4371,1,1,0.9382651696157757,1.0,1.0,0.9386549
4372,0,0,0.06670815091840213,0.0043126317,0.73188657,0.066459596
4373,0,0,0.05129964446707417,0.00030844242,0.008597032,0.050634477
4374,0,0,0.003793033670817398,1.1998369e-06,8.968379e-06,0.0047752974
4375,0,0,0.05627413120673953,3.922473e-05,0.001152543,0.0585288
4376,0,0,0.028681826740514307,9.955566e-05,0.0006765898,0.030378502
4377,0,0,0.019411377197732345,2.1473354e-05,0.00027777738,0.019886816
4378,1,1,0.6444524940762781,0.99998844,0.99999297,0.64654297
4379,0,1,0.002421787125910069,3.3149914e-09,1.8204334e-09,0.0031245574
4380,0,0,0.002145616248213905,2.1014575e-09,2.0628617e-08,0.0026508449
4381,0,1,0.5259540092851415,0.99178225,0.9651823,0.51593006
4382,0,1,0.0016314919871932092,1.553706e-12,4.323322e-14,0.002023184
4383,0,0,0.017015118444590912,1.3900951e-08,7.102575e-07,0.0053597107
4384,0,1,0.023675673560520843,5.201847e-06,1.0382003e-06,0.024296097
4385,0,1,0.09496448318459709,0.011349214,0.0021101637,0.09280811
4386,1,1,0.3755417903186314,0.98773104,0.92850804,0.37896517
4387,1,1,0.3674151219437488,0.5500355,0.08976614,0.37327603
4388,0,0,0.021357173396325833,9.3846786e-05,0.0007137392,0.02145039
4389,0,0,0.026656131287179103,0.000107987864,0.0014808548,0.027528362
4390,1,0,0.8641849079949835,0.99818295,0.9995834,0.853567
4391,0,0,0.0024490375088938726,4.4181842e-08,2.3342386e-07,0.0031782857
4392,0,0,0.004192739407200353,6.418968e-10,2.8369842e-08,0.004387795
4393,0,0,0.04582653096491936,0.00024016728,0.0063481038,0.046801843
4394,0,1,0.01676923150529875,2.0221212e-06,1.7275833e-07,0.016409066
4395,0,1,0.3472608011384131,0.99156135,0.73423624,0.34464455
4396,0,1,0.00498639647165406,1.1998937e-07,9.630629e-10,0.0059206034
4397,0,1,0.003356360997237529,8.4535706e-10,1.568936e-11,0.0030455915
4398,0,0,0.001468260370895878,6.3858135e-10,3.0996334e-09,0.001860876
4399,0,1,0.22807700325333188,0.45798445,0.10390257,0.23194844
4400,0,1,0.016469495539137003,0.0013395075,0.00015187784,0.03400808
4401,0,1,0.006609724152029335,3.482623e-06,9.215471e-07,0.0140531985
4402,0,0,0.017704075061704155,1.574139e-05,0.00074451056,0.018593429
4403,1,1,0.13553554365732184,0.17374788,0.0399672,0.13343252
4404,1,1,0.9981258445235524,1.0,1.0,0.9980287
4405,0,0,0.0031263133572983675,3.642933e-08,4.019076e-07,0.0038735801
4406,1,1,0.6311770190829458,0.9997025,0.9987686,0.6369662
4407,1,1,0.865936113052116,1.0,0.9999999,0.8709697
4408,0,1,0.0020599278242488077,6.643258e-11,2.4813897e-12,0.0025259447
4409,0,0,0.007563579688738952,0.00065614015,0.0064524664,0.015740996
4410,0,0,0.0016634002767299196,7.97169e-09,5.8302906e-08,0.0020822454
4411,0,1,0.22494915591160666,0.6924183,0.29842886,0.21988843
4412,0,0,0.0140729777184398,1.8993462e-06,2.2889166e-05,0.014468127
4413,1,1,0.3477005141547184,0.19618747,0.015834896,0.32950008
4414,0,1,0.5731471955356131,0.99824214,0.9925184,0.5816537
4415,1,1,0.2966937934266366,0.8168301,0.57595426,0.28967685
4416,0,1,0.47682056274490137,0.99730825,0.98863655,0.4817595
4417,0,1,0.0011335395301872192,2.459687e-11,8.6106594e-13,0.0013943512
4418,0,0,0.01617536779589234,6.263786e-06,0.00010057637,0.018341903
4419,0,0,0.011873575646047555,6.3851526e-06,8.242906e-05,0.014296426
4420,1,1,0.2644094107988176,0.7688766,0.4342577,0.2627589
4421,0,1,0.015583732677418144,1.5986785e-07,3.2728746e-08,0.016646547
4422,0,1,0.16627340190955064,0.13454409,0.037324063,0.17940314
4423,0,1,0.4376723052242867,0.9493759,0.4406174,0.4334379
4424,0,0,0.008299600377033256,2.3424715e-05,0.000593921,0.017252024
4425,0,1,0.19659265671301382,0.6504013,0.31788465,0.20648186
4426,1,1,0.7054791047399998,0.99739444,0.9364626,0.70872176
4427,0,1,0.00713463459485589,4.2186193e-06,2.9523635e-06,0.014588186
4428,0,1,0.17635013165592123,0.10220571,0.04765348,0.17887
4429,0,1,0.18145799950530572,0.4204428,0.111029804,0.17970243
4430,1,1,0.338388679760158,0.94790256,0.85353625,0.351591
4431,0,1,0.2142533443925894,0.4676843,0.22814144,0.21920301
4432,0,1,0.29996559819772206,0.87343013,0.51466024,0.30365768
4433,0,1,0.16763124595929102,0.043271873,0.0052685956,0.1677404
4434,0,0,0.004373774017030479,1.0447187e-06,6.569956e-06,0.0055336715
4435,0,1,0.0688105931098961,0.019144053,0.0015598998,0.06599524
4436,1,1,0.9993887292030537,1.0,1.0,0.99926823
4437,0,1,0.014198364847856096,5.313451e-06,7.020022e-08,0.013338119
4438,0,0,0.0813508351028631,0.0010358879,0.0382502,0.024803553
4439,0,0,0.0641014812426779,0.0042133145,0.045468125,0.06685777
4440,0,0,0.034314773889415784,0.00067524216,0.0092637325,0.035233296
4441,0,0,0.0011518574366081102,2.3816937e-10,1.1621084e-08,0.0015134298
4442,1,1,0.9590574051466553,0.9999981,0.9999554,0.95550275
4443,1,1,0.21585794270861275,0.67352414,0.7046992,0.22441794
4444,0,1,0.0008191293968244255,5.1623004e-11,4.4360753e-13,0.000964623
4445,0,1,0.34230192832234146,0.47669882,0.36967346,0.32905945
4446,1,1,0.36039194092948706,0.16776526,0.043985195,0.34645241
4447,1,1,0.5473140098314615,0.99740225,0.9782535,0.5424497
4448,0,1,0.5663134196163597,0.9962536,0.99676347,0.56369656
4449,1,1,0.16425069069296325,0.024129026,0.005927522,0.16403936
4450,0,0,0.006369267124289274,2.149468e-08,4.6668313e-07,0.0069365357
4451,0,0,0.005550228904205704,2.3266807e-06,2.8207323e-05,0.0069378633
4452,0,1,0.5392845145866277,0.9998276,0.9993191,0.5422216
4453,0,0,0.0015099451066146264,1.6309516e-09,2.9074258e-08,0.002078642
4454,0,1,0.0041559283526808695,1.2452793e-06,1.7473486e-08,0.0049454863
4455,0,0,0.035479122844698806,0.00044032704,0.005370563,0.035068687
4456,0,1,0.00684996279659508,3.5757118e-06,3.7903277e-08,0.008644022
4457,1,1,0.3808289431109133,0.99956316,0.9991393,0.3877867
4458,0,0,0.018711282846323004,4.024648e-06,0.00039782037,0.020135172
4459,0,1,0.05151303547469795,0.00026997342,2.4350626e-05,0.05284355
4460,1,1,0.6573680194732977,0.99997354,0.9999182,0.6585222
4461,0,0,0.001025137408211102,2.986729e-12,3.8712842e-11,0.0010970943
4462,0,1,0.001616698553295341,2.0951616e-07,8.349738e-08,0.0034411245
4463,0,1,0.08704358491325451,0.0050302655,0.0011552458,0.08733509
4464,0,0,0.0670082491262912,0.2333819,0.74790406,0.066407844
4465,1,1,0.48682860734229844,0.06473752,0.016131783,0.47928616
4466,0,1,0.0016987764849591028,1.2038276e-09,1.1938317e-11,0.002012518
4467,1,0,0.3828227120671209,0.95376956,0.9998528,0.36909446
4468,0,1,0.2850858967812335,0.9665705,0.85488546,0.28328052
4469,0,0,0.04547577651974724,0.0002836299,0.009027699,0.0460045
4470,0,0,0.01171098080741959,1.6377393e-05,0.0004189232,0.011153739
4471,0,1,0.06109943282795069,0.0001606377,0.00021838424,0.06282303
4472,0,0,0.005368445515648444,4.3132266e-05,0.0005546237,0.006653682
4473,0,1,0.022221871488548064,0.0057366504,0.0010082255,0.026526164
4474,0,0,0.02888800233229649,1.1513323e-05,0.0006600841,0.027025884
4475,0,1,0.007743213413793833,1.0843337e-06,8.066082e-07,0.010041196
4476,0,1,0.01777549931406155,3.6586503e-06,2.2937058e-07,0.017960304
4477,0,1,0.40305340930231354,0.9794866,0.8931941,0.40983123
4478,0,1,0.0713455622078779,0.002041688,0.00022555565,0.07052413
4479,0,0,0.01133188789133725,7.682849e-07,4.0344207e-06,0.011850557
4480,0,0,0.00739794956668887,6.378053e-05,0.0004986091,0.009403604
4481,1,1,0.5538214504905058,0.99953145,0.9977016,0.56108654
4482,0,1,0.3758839370186383,0.9948113,0.9697959,0.3759512
4483,0,1,0.20462323897744597,0.7037926,0.19364016,0.20658398
4484,0,0,0.30389921794992875,0.976639,0.9997081,0.31525898
4485,0,1,0.01892452188838115,8.406369e-07,5.5783374e-07,0.019446686
4486,0,0,0.01873430214607394,2.2591674e-05,0.0004787906,0.01910722
4487,0,1,0.012466609740485848,7.2801384e-07,7.046235e-08,0.012005784
4488,1,1,0.4272673529115014,0.9658093,0.84384114,0.43630856
4489,1,1,0.1932912102983801,0.7345549,0.39052153,0.18887638
4490,0,0,0.026699932191313832,0.00011452486,0.003003983,0.025748774
4491,0,1,0.03555538963730111,0.00042507317,4.8824463e-06,0.035438895
4492,1,0,0.9929467167147045,0.9999981,0.9999989,0.9928624
4493,0,1,0.07156655066514434,0.3000248,0.24413964,0.15002881
4494,0,1,0.10003072772245926,0.02694711,0.006961458,0.096295744
4495,0,1,0.001051895293783457,1.5954665e-09,1.4737045e-11,0.0012065346
4496,0,1,0.04391041237131042,0.00033888183,6.9866306e-05,0.04263575
4497,0,0,0.014103152919991537,1.1016657e-06,6.162962e-05,0.015573724
4498,0,1,0.01902453876962327,0.0003287356,8.0475234e-05,0.023069976
4499,1,1,0.5669298871738307,0.99952644,0.99883336,0.58620137
4500,1,1,0.719542485615901,0.9999925,0.9999685,0.7210375
4501,0,0,0.037768586740983795,0.00012815572,0.010302319,0.038101006
4502,0,0,0.004908283579505259,2.1958324e-09,1.0156045e-07,0.0050779595
4503,0,0,0.49738938538996214,0.9990638,0.999995,0.48733747
4504,0,1,0.739411085001739,0.9999987,0.9999963,0.7434461
4505,0,0,0.009635505956085035,1.0775747e-07,8.80246e-06,0.010417985
4506,0,0,0.008774318321040416,5.135887e-09,2.069871e-06,0.0091621615
4507,0,0,0.009460868513718114,4.311457e-07,2.195435e-06,0.009835529
4508,0,1,0.009838819958660072,3.5414762e-06,2.975102e-06,0.012010586
4509,0,0,0.05237963533451776,0.00014075673,0.0013758629,0.05639914
4510,0,1,0.021906000422118738,6.7276436e-05,1.3936578e-05,0.02675186
4511,1,1,0.3836300564743053,0.98302925,0.95328593,0.3901728
4512,0,0,0.0007694053616051082,1.1393098e-11,1.3618347e-10,0.0009356443
4513,0,1,0.3685629051707648,0.9940877,0.96671104,0.3673897
4514,0,1,0.5778752589812589,0.99991405,0.99994195,0.5754032
4515,1,1,0.1869284870168132,0.711376,0.20516284,0.19564703
4516,1,1,0.9088567591561224,0.9999951,0.9999647,0.90508205
4517,1,1,0.9495278021162264,0.9999995,0.9999988,0.9476273
4518,0,1,0.12356348380070499,0.028027283,0.0070161526,0.1213921
4519,0,1,0.028886808597320852,1.6561895e-05,1.7377454e-06,0.028284255
4520,0,1,0.001667567980975404,2.3298743e-10,4.3125316e-11,0.002219472
4521,0,1,0.12444440328206875,0.043040123,0.012625549,0.13392898
4522,1,1,0.744607610605169,0.9999937,0.99997425,0.7472885
4523,0,0,0.0017875872989453214,4.169217e-12,3.7662883e-11,0.0016986884
4524,0,1,0.2916069960781623,0.85869426,0.6815212,0.30859813
4525,0,1,0.0013981729203244248,2.0556628e-11,8.740375e-12,0.00179925
4526,1,0,0.5358846787592514,0.999536,0.9999981,0.5253307
4527,0,0,0.002875577386876234,3.5522123e-11,1.3738495e-09,0.0029982845
4528,1,0,0.8373184473069187,0.9957853,0.99953514,0.8365025
4529,0,1,0.005032942473605196,3.8609446e-06,5.0061725e-08,0.0060302718
4530,0,1,0.1300867463093126,0.078055516,0.019085934,0.12854587
4531,0,0,0.00022168362467330863,1.267498e-12,2.9565814e-12,0.00025410502
4532,1,1,0.7923624775202667,0.9999801,0.9999007,0.78763175
4533,0,1,0.023235539251957833,2.693568e-05,1.7657051e-06,0.02340187
4534,0,0,0.031050171837289673,4.6436122e-05,0.0010422459,0.03156349
4535,1,1,0.7221296808695077,0.99999845,0.9999949,0.72685635
4536,1,1,0.9999999999998996,1.0,1.0,1.0
4537,0,0,0.003604559434893176,1.0577711e-11,6.5425043e-09,0.0038142256
4538,0,1,0.0029386160274509554,4.45095e-09,4.343722e-10,0.0035172577
4539,0,0,0.020779496833889886,3.7433264e-08,7.135156e-07,0.020237736
4540,1,0,0.5144829903258253,0.9770693,0.9994649,0.5111432
4541,0,0,0.1189756192585839,0.03300801,0.82470864,0.1197854
4542,1,1,0.036375749156778846,0.00078973395,0.00015058147,0.034606107
4543,0,0,0.0018763410153173833,8.266226e-09,1.10192e-06,0.0025543603
4544,0,1,0.012744352027877588,1.2346745e-06,3.1075385e-07,0.013284053
4545,0,1,0.18655474671727923,0.97028303,0.8288436,0.18426141
4546,1,1,0.7230629918571808,0.99999666,0.9999894,0.7249848
4547,0,1,0.016167021207538566,1.7954753e-06,1.6129913e-07,0.015687974
4548,0,1,0.4177711069702569,0.9870427,0.9621954,0.4154851
4549,0,1,0.0013395198988494358,2.7232874e-13,7.368873e-15,0.0012745908
4550,0,1,0.002948257696963144,7.857657e-09,4.6504814e-10,0.0036503617
4551,0,0,0.002838180816652378,1.8014694e-10,1.6570057e-08,0.002862277
4552,1,0,0.06800083434392833,0.009435977,0.10563515,0.070663504
4553,0,1,0.16118811392287696,0.17369112,0.060632605,0.17204563
4554,1,1,0.8419564402655195,0.9999999,0.99999976,0.84503806
4555,1,1,0.6438058332406763,0.9998708,0.99968594,0.6435757
4556,0,0,0.43778157119202016,0.97853047,0.9999677,0.4207596
4557,0,1,0.17608607382132105,0.63472146,0.25320634,0.17326283
4558,0,1,0.03698365788199969,5.5876128e-05,4.0129537e-05,0.03800743
4559,0,1,0.10599545642642683,0.04083817,0.0057280385,0.10588879
4560,1,1,0.8461624592308132,0.9999994,0.99999666,0.8412684
4561,1,1,0.10091507978903572,0.0023938583,0.0021000106,0.10589868
4562,1,1,0.4799191561022018,0.9962631,0.9681801,0.4812039
4563,0,1,0.05050742536108242,0.0001167402,6.3347993e-06,0.050264828
4564,0,0,0.04586742452886676,0.00027701308,0.0060095657,0.047378097
4565,0,1,0.3051995587287465,0.83647275,0.59668696,0.2999038
4566,1,1,0.8324464447918354,0.99999726,0.9999819,0.82937336
4567,0,0,0.12540279472603724,0.006988567,0.14372468,0.12471839
4568,0,0,0.0009564172363300675,4.661387e-10,1.6858856e-08,0.0012627539
4569,1,1,0.045873583986326585,0.0012684483,0.00014827753,0.04414202
4570,0,1,0.04732734843626679,2.3522876e-05,1.0581934e-06,0.04693364
4571,1,1,0.9999295729900906,1.0,1.0,0.99992085
4572,0,0,0.0149893643392186,7.273684e-07,1.7664406e-05,0.016728861
4573,0,0,0.004225995985494204,5.914096e-10,2.4760004e-08,0.0044465847
4574,1,1,0.4328585338413994,0.99782664,0.9927978,0.43551365
4575,0,1,0.008240163986623958,3.8827225e-06,2.076936e-06,0.011501305
4576,0,1,0.15759791267355913,0.14333886,0.013373986,0.15783271
4577,0,0,0.06426968321824657,0.0778772,0.6968999,0.06274671
4578,1,1,0.2945326693751435,0.8447628,0.4499951,0.2988342
4579,1,1,0.69790579360422,0.99725085,0.95633805,0.6896439
4580,0,1,0.3173607453215253,0.94949996,0.77623266,0.31866398
4581,0,1,0.1891642509078617,0.31342912,0.07448231,0.19112182
4582,0,1,0.1835592898970985,0.1764285,0.022664674,0.18297584
4583,0,0,0.0022725744996863373,2.2759682e-10,1.585396e-08,0.0023153068
4584,0,1,0.17702848698175314,0.0023344683,0.004017064,0.05462206
4585,0,0,0.001761310188553923,2.0381908e-08,7.136074e-07,0.0023895977
4586,0,1,0.03892775132725655,2.3661287e-05,1.742244e-06,0.040099792
4587,0,1,0.10255691389174573,0.018785112,0.0015968871,0.1041656
4588,0,1,0.09924375517887792,0.0026696827,0.00070132816,0.103803396
4589,0,0,0.3257934033534889,0.49084714,0.9912422,0.32442436
4590,0,0,0.12093538829480072,0.2614175,0.89290106,0.12078344
4591,0,1,0.2240471118498589,0.4914694,0.18392587,0.21963294
4592,1,1,0.8868130530302826,0.99999857,0.99999857,0.8825063
4593,0,0,0.26027292999339,0.120873734,0.29688898,0.2660367
4594,0,1,0.4828631698098654,0.99533373,0.9520742,0.4798919
4595,1,1,0.6858915201347489,0.99991035,0.9996689,0.6899697
4596,0,0,0.0029612349927084416,7.104782e-07,8.840224e-06,0.0062449225
4597,0,1,0.1507580326729112,0.43547037,0.07078556,0.14871429
4598,0,1,0.05022243056623807,0.0008160955,0.00071702804,0.051130604
4599,0,1,0.1805606518738779,0.8594015,0.13312644,0.17586732
4600,0,1,0.3048726420005098,0.84232825,0.33635542,0.30440137
4601,0,1,0.3265320248021118,0.99710697,0.97858286,0.32885805
4602,0,0,0.0042733461975069135,3.8471143e-07,4.6681766e-06,0.005323146
4603,0,1,0.44791429020457824,0.9202074,0.83967644,0.4262827
4604,0,0,0.01655640809289197,0.002214797,0.1176763,0.021199604
4605,1,1,0.9422760109818413,0.9999994,0.9999938,0.9404891
4606,0,0,0.0064466688363815075,2.2983526e-09,8.553112e-08,0.0068507465
4607,0,1,0.03017155424938903,2.3227235e-06,6.549611e-08,0.029535286
4608,0,1,0.14444061402254194,0.04042946,0.019721681,0.1499045
4609,0,0,0.017131991671370146,2.3025757e-05,0.00018604012,0.017130997
4610,0,0,0.006281423063334347,3.4285058e-06,4.626175e-05,0.0077972813
4611,1,1,0.25705245454188563,0.8399921,0.32942063,0.26849997
4612,0,1,0.3868666566092463,0.99461347,0.9251508,0.39008707
4613,0,1,0.6985262789131924,0.99997926,0.9999201,0.7018346
4614,0,1,0.029494490788243392,2.7009299e-05,3.642632e-06,0.032411184
4615,0,1,0.1461012636884695,0.016082406,0.000651975,0.15297581
4616,0,1,0.03794957732927297,0.00023155149,1.47451965e-05,0.038443767
4617,0,1,0.5375162506296155,0.9998367,0.99906486,0.5444009
4618,0,1,0.2253569023881982,0.759904,0.25801188,0.2283463
4619,0,1,0.178803896424862,0.0055694943,0.0027837534,0.09384708
4620,0,1,0.003247991493789779,5.458649e-07,1.1617802e-08,0.0038203439
4621,0,1,0.9269568108143906,0.99999964,0.99999976,0.92505133
4622,1,1,0.5880922910878394,0.9999943,0.9999901,0.60006124
4623,0,1,0.004441351220184877,1.2176281e-06,8.104305e-08,0.005673014
4624,0,0,0.0011532770862111882,9.7404675e-11,4.37417e-09,0.0015108478
4625,1,1,0.32700089136010196,0.9910689,0.9870474,0.3839167
4626,0,1,0.002309669782035163,8.2747403e-10,3.966358e-10,0.003008877
4627,0,1,0.042167640202084,1.11956415e-05,2.1346655e-06,0.041605018
4628,0,1,0.007879167947734777,8.627893e-08,4.7237e-09,0.007842513
4629,1,1,0.40779961176822294,0.99819875,0.9901107,0.41015607
4630,0,1,0.18887274074330243,0.4576033,0.07653474,0.1946777
4631,0,0,0.011170753554730678,1.7369666e-06,1.2144273e-05,0.011173589
4632,0,0,0.0066391444308728014,6.6001066e-06,0.0004079259,0.014813551
4633,1,1,0.4778223971734878,0.9989187,0.9931104,0.48425958
4634,1,1,0.5115530671531416,0.99730444,0.9898864,0.5136931
4635,0,1,0.05664919147340524,0.0078998925,0.0004277613,0.06948902
4636,1,1,0.9999999999999813,1.0,1.0,1.0
4637,1,1,0.34230983966842843,0.9832008,0.9015092,0.3443574
4638,0,1,0.012003565514859,9.9431155e-08,3.2004006e-09,0.005418256
4639,0,1,0.11022639925895107,0.0668813,0.008769392,0.10871955
4640,0,1,0.019367603694415557,1.9792537e-06,1.2837248e-06,0.019815607
4641,0,0,0.2287626340882917,0.98965436,0.9997223,0.22887276
4642,0,0,0.014112590816973181,4.606699e-06,3.351615e-05,0.014191419
4643,1,1,0.5900497199713285,0.9996889,0.99924594,0.59285146
4644,1,1,0.9971167828102913,1.0,1.0,0.9969393
4645,0,1,0.27119529623216937,0.9669094,0.8027739,0.27072394
4646,0,1,0.007134784861792891,1.9087888e-06,1.9430317e-07,0.008801782
4647,0,1,0.03234105500450548,0.00035801317,3.1534284e-05,0.032801833
4648,0,1,0.14175124434876468,0.27065897,0.0065734475,0.14000885
4649,0,1,0.05346658823146128,0.0012584889,0.00023075279,0.052979693
4650,0,0,0.007457613448420117,5.536912e-07,1.2862399e-05,0.007164579
4651,0,1,0.736355378804855,0.9999951,0.99998355,0.7384966
4652,1,1,0.32613351126786705,0.962577,0.83792657,0.333891
4653,0,0,0.002978071883899141,3.724259e-07,3.652243e-06,0.0037737295
4654,0,0,0.06432279994283391,0.004269043,0.06276312,0.066815354
4655,0,0,0.0015326776181415697,5.006457e-09,4.0448e-07,0.0019933633
4656,1,1,0.6952697039670056,0.9999105,0.9996052,0.70191044
4657,1,1,0.44480506206777704,0.16244112,0.008176487,0.42690182
4658,1,1,0.6812393857296244,0.9999343,0.99971014,0.68603504
4659,0,1,0.18410862461134278,0.12333093,0.019327808,0.1863409
4660,0,1,0.004593994043050469,3.7738137e-09,8.6211524e-11,0.0045560487
4661,1,1,0.6919613983615605,0.99995184,0.9999778,0.68762916
4662,1,1,0.4902102858074484,0.99875,0.99809307,0.48271912
4663,0,1,0.39525414603782516,0.8934024,0.08520032,0.38110745
4664,0,1,0.004881880563679285,6.783189e-07,1.6521795e-07,0.0066249445
4665,0,0,0.049994752848015245,0.0017467362,0.03246764,0.048563484
4666,0,1,0.07399950545976394,0.024772815,0.0032752808,0.071454175
4667,0,0,0.0028886780048774778,6.1680355e-10,9.594848e-08,0.0028917277
4668,0,1,0.6462737543979079,0.9987357,0.9942849,0.6538939
4669,0,1,0.021452591520276756,1.5418759e-06,3.3432834e-06,0.023440395
4670,0,1,0.0032772728399987796,1.0925012e-09,4.729493e-11,0.0040294454
4671,0,1,0.22956615124421823,0.54911214,0.1576872,0.2302712
4672,1,1,0.1537205454385788,0.5294571,0.03367471,0.15032016
4673,0,1,0.0009988702573105529,4.0383183e-11,6.283712e-12,0.0013363691
4674,1,0,0.10427531973643593,0.084897764,0.5733204,0.10471064
4675,1,1,0.438702375741545,0.9950363,0.9806817,0.43737748
4676,1,1,0.3466075730287625,0.9818093,0.9617525,0.35918114
4677,0,1,0.19975785952853967,0.6170687,0.1982993,0.20653802
4678,0,1,0.04193495588453105,6.65715e-05,3.6051435e-05,0.042031936
4679,0,1,0.002257998474602137,9.550071e-10,5.161122e-10,0.0029090259
4680,0,1,0.006823840504544928,4.2397027e-05,6.27574e-07,0.008196759
4681,0,0,0.055007184489557714,0.16806132,0.87577003,0.06305527
4682,1,1,0.293451429718364,0.9224694,0.8079419,0.30138925
4683,0,1,0.4868229078996906,0.9998027,0.999506,0.4795007
4684,1,1,0.8669506500359149,1.0,1.0,0.8710002
4685,0,1,0.014237348587587217,4.9393253e-07,3.1929083e-08,0.014055405
4686,0,0,0.006956503834712085,2.8583815e-06,4.728291e-05,0.00923594
4687,0,0,0.14229594249206814,0.08997786,0.52390355,0.15055574
4688,0,1,0.4186254058769774,0.9987891,0.9935288,0.41920394
4689,1,1,0.709648706086457,0.9999443,0.9996956,0.700959
4690,0,0,0.0011294523833509599,4.0032218e-09,1.7538184e-09,0.00078412937
4691,0,1,0.006440469442257057,7.9164465e-07,7.501536e-08,0.007973174
4692,1,1,0.4818461251988596,0.9983045,0.998145,0.483729
4693,0,0,0.6384380030235527,0.9999012,0.9999995,0.63834804
4694,0,0,0.012990477579200585,8.4478626e-07,6.826802e-05,0.014056027
4695,1,1,0.9369897741991112,1.0,0.9999999,0.9356487
4696,0,1,0.005383427278450624,3.482702e-07,1.32708085e-08,0.0066712094
4697,0,0,0.005643115709444049,5.812467e-09,6.7550684e-07,0.005922327
4698,0,0,0.019607701605424133,1.985458e-05,0.00024312688,0.02026273
4699,0,1,0.20719432505942206,0.7067791,0.2988046,0.20494367
4700,1,1,0.9959451264318406,1.0,1.0,0.9956542
4701,0,1,0.003376408425680601,2.3854434e-06,5.9331843e-08,0.0066646077
4702,0,1,0.1820810027982446,0.054463297,0.017927097,0.1904093
4703,0,0,0.013875847586291035,1.3461238e-06,1.6274775e-05,0.013510205
4704,1,1,0.17103104487124143,0.018292181,0.0043995073,0.17740698
4705,0,1,0.025152668331940065,3.3761557e-07,1.7145194e-08,0.024843313
4706,0,1,0.25733896611868673,0.9899309,0.98116034,0.3109439
4707,1,1,0.45804742307677104,0.9999399,0.99968785,0.4597631
4708,1,0,0.6386085219747004,0.9989176,0.99999547,0.63353235
4709,0,1,0.09957032071218136,0.051148918,0.017927837,0.10531196
4710,0,0,0.27106792746302955,0.7582031,0.99514705,0.09399698
4711,0,1,0.020787298594955643,6.398695e-08,4.2762913e-09,0.021171527
4712,1,1,0.7134523862125978,0.9999778,0.9999039,0.71791416
4713,0,1,0.11623909209710974,0.05758184,0.008090032,0.115166396
4714,0,1,0.044438849376011405,6.5458895e-05,1.0924529e-05,0.044814274
4715,0,0,0.013303312798336908,3.1768996e-05,0.00015955597,0.014226551
4716,0,0,0.0321971719577971,2.2404607e-05,0.00070144975,0.034285843
4717,1,1,0.7055629815347942,0.99996924,0.99993706,0.7122397
4718,1,0,0.7781864087935815,0.9999995,1.0,0.7674986
4719,0,1,0.04532126222617672,0.00029334347,1.5035499e-05,0.048937656
4720,0,1,0.2533967386303746,0.7080434,0.25691977,0.25676978
4721,0,1,0.009506636183980245,8.516696e-08,1.618251e-08,0.009938516
4722,0,1,0.052990247610074113,0.06171133,0.017393261,0.06450265
4723,1,1,0.5139485148218671,0.9995435,0.99741566,0.5181093
4724,0,1,0.0022323574937448023,7.2369166e-10,6.9260486e-11,0.0026899392
4725,0,0,0.004040391847086675,1.7120685e-08,4.3220925e-06,0.005302458
4726,0,1,0.19846743190973865,0.005503665,0.00562455,0.19324099
4727,0,1,0.6312631150690174,0.99975914,0.9995776,0.62664807
4728,0,0,0.09468375467709696,0.013952693,0.13186854,0.10014274
4729,0,1,0.11782839685819045,0.0140909,0.001403558,0.12187734
4730,0,1,0.09879818764872823,0.0075774314,0.002189469,0.09803143
4731,0,1,0.7493280608858326,1.0,1.0,0.7464766
4732,1,1,0.8253433778307628,0.9999987,0.99999726,0.82784206
4733,0,0,0.0019293138339448518,6.6273564e-09,2.5955044e-08,0.002640864
4734,0,1,0.4436367364940904,0.8833998,0.6317194,0.46194544
4735,0,1,0.0013526120591348665,1.8491696e-11,8.255405e-12,0.0017320927
4736,0,1,0.029604610934705608,0.0010047054,6.681951e-06,0.020918624
4737,1,1,0.38905135426893117,0.9811421,0.9625323,0.38147154
4738,0,0,0.08705810979576319,0.04543296,0.44378892,0.09091752
4739,0,0,0.0027972392358218746,4.9923485e-11,3.8177665e-09,0.0028623152
4740,0,0,0.0009932292521873517,2.5791019e-11,1.9737553e-10,0.0012219866
4741,0,0,0.0025904230057874063,2.938569e-07,1.95488e-06,0.0031565665
4742,0,0,0.009461782516424246,3.074567e-07,1.6921786e-05,0.009799975
4743,1,1,0.302794815499375,0.92891264,0.75363386,0.29902133
4744,0,0,0.004752111320320774,5.9461446e-08,3.915217e-06,0.0049643083
4745,0,0,0.0016950303054105555,2.4726154e-09,1.401174e-08,0.0021349194
4746,0,1,0.5240939907738773,0.92002434,0.9722881,0.5193442
4747,0,0,0.0009585835655565253,1.9908516e-11,7.87363e-10,0.0012676825
4748,0,1,0.035780830256731025,0.00014231917,0.00029907783,0.047226742
4749,0,0,0.04324108754833062,0.0003245955,0.013530137,0.05737931
4750,0,1,0.15882406008966643,0.03602174,0.011452546,0.16530716
4751,1,1,0.5266280853847405,0.9998777,0.9996182,0.5233073
4752,1,1,0.7580923836117066,0.99999654,0.99998665,0.7611354
4753,0,0,0.0015387238102972435,3.2770269e-09,1.9978869e-07,0.0034013689
4754,1,1,0.7016037243573174,0.9999424,0.9997693,0.7067842
4755,1,1,0.9255291789108527,0.9999999,0.9999999,0.9225733
4756,1,1,0.9047626910057022,0.9999999,0.99999964,0.9033582
4757,0,1,0.004297393218336921,3.293393e-07,8.497549e-08,0.0057699163
4758,0,0,0.008034922062325056,1.3384009e-05,0.00010797519,0.01026258
4759,1,0,0.1899226005687475,0.05231771,0.6242037,0.20025137
4760,0,1,0.07895636610432549,0.011298769,0.0020331163,0.07703725
4761,0,0,0.24062984588409997,0.71768457,0.99374676,0.25002038
4762,0,1,0.0055742406364291995,3.6609051e-06,4.7447244e-08,0.0067440504
4763,0,1,0.012025484299943389,2.5425055e-05,3.8209996e-06,0.0146054
4764,0,0,0.18266015206888783,0.08677929,0.73752826,0.18392265
4765,1,0,0.9999999999989733,1.0,1.0,1.0
4766,1,1,0.9544942439896561,1.0,1.0,0.95655906
4767,0,1,0.4633004103886212,0.99811625,0.98735005,0.4717879
4768,0,0,0.0003655247151721383,1.6880948e-13,5.7130637e-12,0.00047676804
4769,0,0,0.044435891195521916,3.902977e-05,0.030544167,0.04461182
4770,0,1,0.5423895576507135,0.99974614,0.99964046,0.53596663
4771,0,1,0.0010241707500753738,1.411594e-10,2.5428338e-11,0.0013587913
4772,0,1,0.39442155015229585,0.9279597,0.8519935,0.39167094
4773,0,0,0.030581746299848774,0.00037846036,0.0071851434,0.03514987
4774,0,1,0.015104645600015208,0.00044075793,3.363045e-05,0.019326532
4775,0,1,0.0387161490924216,0.00050846004,0.00012758582,0.040465277
4776,0,1,0.12115654790507722,0.004560731,0.00021191625,0.12324962
4777,0,0,0.08837419502399008,0.015362412,0.13783522,0.09491336
4778,1,1,0.23907232611539442,0.27632594,0.098699115,0.23665433
4779,0,1,0.733600087806317,0.99999857,0.9999913,0.7363064
4780,0,0,0.16322055749387124,0.34099895,0.814983,0.16579571
4781,0,0,0.013962530736727876,7.732931e-06,0.00033480834,0.01541734
4782,0,1,0.06213737853092178,0.0023370609,0.0003380903,0.060160212
4783,0,0,0.00282025945120365,5.0479688e-08,3.1942827e-07,0.0035732025
4784,0,1,0.006785450919356005,5.3754485e-09,1.1097393e-09,0.00722451
4785,0,0,0.01221436549607624,1.6198604e-06,9.243944e-06,0.012620967
4786,1,1,0.977117573717199,1.0,1.0,0.9768753
4787,1,1,0.5767151536216097,0.9993414,0.9979609,0.58275706
4788,0,0,0.034215054736420926,0.00032531482,0.0039077234,0.03388758
4789,0,1,0.2363762179565895,0.65397626,0.24031086,0.23770744
4790,0,1,0.03399167120352989,0.00047001298,0.00033607762,0.042965613
4791,0,1,0.5403700252349148,0.99382704,0.93786836,0.53014606
4792,0,1,0.4265688483925508,0.992526,0.9615817,0.42934522
4793,0,1,0.04365026182426063,6.430482e-05,5.30321e-06,0.045291614
4794,1,1,0.5872662873618667,0.9998772,0.9994382,0.5866256
4795,0,0,0.006213220386044296,1.6985854e-07,2.883975e-06,0.0058867894
4796,0,0,0.042175607388868934,0.0017455376,0.015074837,0.04287866
4797,0,1,0.017186271950662746,1.9552326e-06,3.8317575e-07,0.018557796
4798,0,1,0.027583872170855086,0.00011365735,2.1911532e-05,0.026164467
4799,0,1,0.33707299296539317,0.9027555,0.81094766,0.3315875
4800,0,1,0.04400949737545171,0.00024140766,0.00015758496,0.043306682
4801,0,0,0.12867445289097298,0.06473495,0.78097975,0.13003229
4802,0,1,0.7646719524457081,0.99999475,0.99998105,0.7715172
4803,1,0,0.7881776916380743,0.9998231,0.9999945,0.7831554
4804,0,1,0.6631751487913603,0.9999958,0.99998844,0.66373223
4805,0,1,0.09929022392533732,0.03136821,0.003990125,0.097740665
4806,0,1,0.2727819403984451,0.7067713,0.25170535,0.27088952
4807,0,1,0.14994849410780145,0.011501679,0.0021061432,0.14306045
4808,1,1,0.8382840049659317,0.99999774,0.9999887,0.83380055
4809,0,1,0.15648468514084368,0.5251172,0.10199782,0.15815306
4810,0,0,0.008973079868275929,8.287557e-08,1.4994654e-06,0.009128345
4811,1,1,0.8410096238767011,0.99999917,0.9999987,0.8462282
4812,0,1,0.07993350851375176,0.0020567921,0.002736597,0.08303367
4813,0,1,0.002410080111144583,1.5820241e-09,8.7301544e-10,0.0030974182
4814,0,0,0.03773431229282951,0.000110788205,0.002713728,0.038247097
4815,0,0,0.4749120184119296,0.9982455,0.9999912,0.47107404
4816,0,1,0.4273414148289769,0.98742974,0.94169986,0.4308021
4817,1,1,0.14883540466841805,0.39117303,0.011996206,0.14596881
4818,0,0,0.0016172893759485146,3.613279e-09,7.328867e-08,0.0022012868
4819,0,1,0.001025647473660625,8.7042956e-11,4.6544015e-11,0.0021993543
4820,0,1,0.5626824618940768,0.99808854,0.9964874,0.55748945
4821,1,1,0.6527621120070384,0.99995947,0.9998561,0.6531862
4822,0,0,0.1735583677157241,0.45020753,0.910593,0.18447566
4823,0,1,0.5969050163920432,0.9993512,0.9982674,0.59882677
4824,0,0,0.0016259955535970793,9.18915e-11,2.6845874e-09,0.002054377
4825,0,1,0.03607151292347554,3.978105e-05,2.0865568e-06,0.03760546
4826,1,1,0.9357587242401787,0.99999976,0.9999989,0.9332384
4827,0,0,0.04304473524447556,0.00025279552,0.0067998236,0.042905573
4828,1,1,0.9283802230937118,0.99998903,0.99995446,0.9240156
4829,0,0,0.0014193994561942638,2.51679e-09,2.5723065e-08,0.0017368481
4830,1,1,0.252442703207956,0.35363543,0.117714494,0.23152177
4831,1,1,0.7307368020041118,0.9999896,0.9999577,0.7333537
4832,0,1,0.0990403379110325,0.0045371996,0.0040381122,0.103230655
4833,0,0,0.029907286657464047,0.0002271839,0.006625002,0.02854373
4834,0,0,0.0318279599289966,0.0008684285,0.014728606,0.0430776
4835,1,0,0.18739564647910598,0.056617144,0.27664724,0.17439193
4836,0,1,0.013126884031792295,2.1864944e-05,5.5547058e-05,0.016717037
4837,0,0,0.35612674819908385,0.18994375,0.87055075,0.1344426
4838,0,0,0.0024572313117809134,8.243566e-05,6.135302e-05,0.0037106145
4839,1,0,0.16014339637053426,0.22281486,0.7714107,0.1700993
4840,0,0,0.025259144542522816,1.7336388e-05,0.00030738034,0.024936212
4841,0,0,0.09312786619350656,0.024178522,0.20493793,0.099105656
4842,0,0,0.007930045513027147,4.796695e-07,1.1771457e-05,0.009717921
4843,0,0,0.004341535552029175,1.6750479e-09,7.189171e-08,0.0044703404
4844,0,0,0.030609495788107087,0.00011568061,0.0021938612,0.03116213
4845,1,1,0.3999457672901054,0.99775994,0.9875832,0.3998745
4846,0,0,0.15158491324725562,0.042153377,0.8962645,0.15972142
4847,0,0,0.004718615885470719,7.95254e-09,1.3791042e-07,0.0051275953
4848,0,1,0.019587784813238585,7.981436e-07,1.1739737e-06,0.020892609
4849,0,0,0.04223585065284344,0.000148129,0.007539042,0.04181207
4850,0,1,0.026011545379009748,9.382791e-05,2.451113e-05,0.027434528
4851,1,1,0.5240732018693498,0.99441963,0.97817457,0.5272071
4852,0,1,0.5188152557538754,0.9998863,0.9997712,0.5284023
4853,0,1,0.060467722175554864,0.0051515326,0.00037691533,0.061416548
4854,0,1,0.0011159513503222259,1.2582738e-10,1.1877146e-12,0.0013115467
4855,0,1,0.0009685454267963192,7.503556e-11,1.2213666e-11,0.0012941868
4856,0,1,0.05663887434829372,0.00835053,0.0002310729,0.05370468
4857,0,0,0.10952943718915113,0.0076866364,0.06522675,0.11664103
4858,1,1,0.20726523240242387,0.3992782,0.091470174,0.21387088
4859,0,1,0.14414529233195406,0.50598204,0.1505082,0.14105375
4860,0,0,0.003027859573173521,3.4195405e-10,2.2685636e-08,0.0030971917
4861,1,1,0.6381815759482722,0.99985266,0.9996524,0.63982093
4862,1,1,0.8660695713315957,0.99976844,0.99892765,0.8583121
4863,0,1,0.5527605218029984,0.99961805,0.9991605,0.55651855
4864,0,0,0.0008362026324340114,1.6540415e-11,6.595424e-10,0.0011020971
4865,0,0,0.012124934373231713,1.4915342e-06,2.6496455e-05,0.011789181
4866,0,1,0.003874026066260262,1.3956189e-07,3.3813496e-08,0.005204033
4867,0,1,0.2084141884228569,0.87337464,0.735078,0.22199559
4868,1,1,0.7586267479171697,0.9999969,0.9999882,0.7619122
4869,1,1,0.32722045403241157,0.9694615,0.9153323,0.3374608
4870,0,1,0.0025177914615284788,1.9032846e-08,2.0726185e-08,0.005231032
4871,0,1,0.04775247211724595,0.007889297,0.008181353,0.05988527
4872,0,1,0.5664105659064714,0.9997646,0.99912804,0.57082045
4873,1,1,0.9974206951174117,1.0,1.0,0.9972761
4874,0,1,0.2302120750539675,0.008436288,0.00057741476,0.23499526
4875,1,1,0.8515231938318474,0.99999416,0.9999939,0.8485516
4876,0,0,0.7115706525596134,0.99995756,0.9999995,0.702514
4877,0,1,0.007921715531849205,1.752036e-06,4.0213806e-07,0.010189164
4878,1,1,0.2593510004091002,0.776214,0.34271517,0.26123604
4879,0,0,0.002070218840930726,3.9009276e-10,1.2965113e-09,0.0026199801
4880,0,0,0.08615848400412295,0.036437806,0.47250405,0.08847128
4881,0,0,0.004271145546012237,2.2457136e-06,1.5645159e-05,0.005445609
4882,0,1,0.10290969987098512,0.021371944,0.018487774,0.13409212
4883,1,1,0.9173133171028137,0.99999774,0.9999727,0.9159562
4884,0,1,0.009123731164568348,2.3455787e-05,2.0937985e-06,0.011334788
4885,0,0,0.1475701587315004,0.18029313,0.9487272,0.14552715
4886,0,1,0.005983899640523812,3.7494792e-07,6.981166e-08,0.011871817
4887,0,1,0.03897787143483261,2.1653432e-05,7.5670305e-06,0.039993178
4888,0,1,0.02501655833573198,0.0010690531,0.000137174,0.031177336
4889,1,1,0.30481736548063226,0.92103034,0.8888087,0.29950488
4890,0,0,0.07761667726841172,0.5743473,0.90982425,0.054587353
4891,0,1,0.29131436074826766,0.91491103,0.6205403,0.29342306
4892,0,1,0.26052550302350463,0.40444,0.123087786,0.2552876
4893,1,1,0.4083658624495639,0.96334106,0.97702956,0.41631776
4894,0,1,0.018541013229147394,9.606317e-07,1.9228064e-07,0.01886471
4895,1,1,0.8343691436034588,0.99999976,0.9999993,0.84037435
4896,0,0,0.003923807335154374,2.0541058e-06,2.5207697e-05,0.004920577
4897,0,0,0.024262053147213938,4.7384066e-05,0.0035560117,0.025648402
4898,0,1,0.013839004058990878,3.6033045e-05,3.2662413e-06,0.01684132
4899,0,1,0.04560472999614234,0.0018301264,0.00047863228,0.047468197
4900,1,0,0.762045509992908,0.9999436,0.9999999,0.74944186
4901,1,1,0.6285727856783214,0.9999821,0.99991775,0.62680537
4902,0,1,0.31669168981894336,0.79304487,0.86106753,0.31038767
4903,0,1,0.03216985589891561,0.013107422,0.0032513584,0.043441597
4904,0,1,0.001260481799382359,1.8454718e-09,1.9406439e-10,0.0018753544
4905,0,0,0.026625176931031697,1.4473757e-05,0.00014688143,0.027753973
4906,0,1,0.35156885961753703,0.99660337,0.9776523,0.35163885
4907,0,0,0.007745426069322841,1.6790251e-07,3.409994e-06,0.008442995
4908,0,1,0.015650285371038547,0.00026080685,2.4363915e-05,0.019429676
4909,0,1,0.1340963543505833,0.11622498,0.019713446,0.13507286
4910,1,1,0.9998934262149555,1.0,1.0,0.9998832
4911,0,1,0.002553783697166,1.2033758e-08,2.5472102e-09,0.0034286573
4912,0,1,0.009313675051700169,1.905234e-07,1.0891062e-08,0.009102624
4913,0,1,0.11729497914006581,0.014173052,0.0012983333,0.12178965
4914,0,0,0.002217269805778515,3.0199374e-11,1.2413447e-09,0.0022804586
4915,0,0,0.003086515143910361,6.0755685e-11,2.3932614e-09,0.0032120738
4916,0,1,0.007181149009170492,4.7629266e-07,6.0402215e-08,0.008759313
4917,0,1,0.0034805760677342487,5.8033642e-08,1.3223004e-08,0.0046764216
4918,0,1,0.2928573594620691,0.91495746,0.75355905,0.29602432
4919,1,1,0.39889461859221714,0.99170506,0.9753354,0.39231816
4920,0,1,0.8826396536863663,0.9999938,0.9999732,0.88053095
4921,1,1,0.5738479458031555,0.99979913,0.9990414,0.57465
4922,1,1,0.39911801941808145,0.9956933,0.9780211,0.40408027
4923,1,1,0.9006839954128726,1.0,1.0,0.90216434
4924,0,0,0.025636136177867436,0.002784246,0.03565321,0.032523617
4925,0,1,0.20247452482464928,0.5787367,0.11489453,0.20981087
4926,0,1,0.008941840659441171,1.2217316e-05,2.0351877e-06,0.011019
4927,1,1,0.6456435585185505,0.99990726,0.9996702,0.6494376
4928,0,1,0.005439970140176942,7.362142e-08,5.6653273e-09,0.0067676897
4929,0,1,0.06158857450232585,0.0016081609,0.00027126036,0.05989852
4930,0,1,0.186600364993456,0.138812,0.04974569,0.19323291
4931,0,1,0.3977575016121997,0.9696454,0.87170136,0.40322974
4932,1,1,0.9974651423454659,1.0,1.0,0.9972777
4933,1,1,0.5539365803814619,0.999642,0.9983883,0.5580955
4934,0,1,0.816888969824169,0.9999974,0.9999863,0.81526643
4935,0,1,0.21639876620009116,0.64856434,0.17957017,0.22550225
4936,0,1,0.06224541380651883,0.02314111,0.00038066544,0.05924091
4937,0,1,0.2555180622990331,0.9253729,0.5515984,0.26346225
4938,0,1,0.07627710291785109,0.024150547,0.002036328,0.07532591
4939,0,1,0.2919246652549879,0.7950129,0.66987985,0.3014375
4940,0,1,0.09148239241193759,0.05497964,0.00739392,0.08856841
4941,1,0,0.09014695359201805,0.017500266,0.5790974,0.08755322
4942,0,1,0.4368950812340677,0.8400956,0.6120218,0.43923074
4943,1,1,0.3390621414581921,0.35987547,0.10303425,0.34776956
4944,0,0,0.060128111672138135,0.0005907127,0.01537543,0.065199725
4945,1,1,0.6655558444769051,0.5102047,0.17957978,0.6566509
4946,0,0,0.15394946393385975,0.26804566,0.96176803,0.15138187
4947,0,0,0.018289042739244477,1.1017657e-05,0.00012793766,0.018796809
4948,0,1,0.005511786935636529,4.1527095e-08,4.4452464e-10,0.005148416
4949,0,1,0.00433291537836392,3.6109424e-07,9.439178e-08,0.0058062635
4950,1,1,0.854861993601231,0.9999999,0.99999976,0.8490956
4951,0,1,0.1744771755525584,0.14709914,0.015682187,0.18242545
4952,0,1,0.4613736074854461,0.99807405,0.98898137,0.46551737
4953,1,1,0.13377409398863604,0.18802896,0.047036693,0.1303374
4954,0,1,0.010280888732775,7.231298e-06,1.020622e-06,0.012586899
4955,0,1,0.14488552803579288,0.0189577,0.0027839495,0.1504502
4956,0,0,0.04023473959798347,0.0023862987,0.008552317,0.04824718
4957,0,1,0.0030622852249849496,7.9115503e-10,2.2061152e-11,0.0038323256
4958,0,0,0.01968818491501338,2.2175522e-05,0.0012532233,0.020483593
4959,0,1,0.007253891459773398,2.0064922e-06,1.9752417e-07,0.008925216
4960,0,1,0.12917050682165615,0.005507952,0.0002217318,0.131315
4961,0,0,0.003682444000479369,4.519865e-11,2.211624e-09,0.0039459164
4962,0,1,0.7220030323787133,0.99996233,0.99983263,0.7288994
4963,0,1,0.04758507813972852,0.0035598269,0.00036697488,0.046619214
4964,0,1,0.02895560469069001,4.6878522e-05,6.5425246e-07,0.02763837
4965,0,1,0.06374986138871917,0.0009782424,0.00034326466,0.065181054
4966,0,0,0.0037502400311751993,0.0016673313,0.001027922,0.0058140745
4967,0,1,0.14786674996391738,0.04645157,0.0112553965,0.14354439
4968,0,0,0.02221830595669663,7.1934196e-06,0.00014088402,0.021704951
4969,0,1,0.13183922758636665,0.060051568,0.007752261,0.13155016
4970,1,1,0.38016293706592486,0.98900443,0.9349916,0.38399947
4971,1,1,0.9538392442219018,0.9999999,0.9999993,0.9536531
4972,1,1,0.9991333378303172,1.0,1.0,0.9990871
4973,0,1,0.09316124275611365,0.0013648277,0.00018591245,0.091774486
4974,1,1,0.6091357540122386,0.99996936,0.9999428,0.6331532
4975,0,1,0.11884154817053523,0.017726159,0.0029226826,0.118627235
4976,1,0,0.9020574251528531,0.9999784,0.9999976,0.8933205
4977,0,0,0.000953421502293668,2.0208111e-11,8.146981e-10,0.0012569375
4978,1,1,0.6672209652118692,0.999943,0.999869,0.6682776
4979,0,1,0.02687943444365537,0.00081204396,1.3741295e-05,0.02533714
4980,1,1,0.39006476626923353,0.99392325,0.9830684,0.39654133
4981,0,1,0.11894954669773308,0.036793433,0.011556226,0.12705868
4982,1,0,0.023095762938998298,1.928628e-05,0.00033740283,0.02252411
4983,1,1,0.8323688118878554,0.99999154,0.99996483,0.8355688
4984,1,1,0.4857853769901855,0.9939698,0.97674567,0.48904565
4985,0,0,0.018840107657881525,8.508054e-05,0.0023919677,0.025958538
4986,0,1,0.34513371113149544,0.9330276,0.5980854,0.36093113
4987,0,1,0.5791031372144776,0.99982476,0.999212,0.5863128
4988,0,1,0.38709357792048865,0.98223627,0.9023759,0.39133358
4989,0,1,0.5262974595108824,0.9993957,0.9981862,0.5266229
4990,0,1,0.009636778132706409,0.00075334456,1.3585157e-05,0.011418678
4991,0,1,0.008686454824264249,5.3220874e-06,1.1005494e-06,0.011275341
4992,0,1,0.5727427435910111,0.999653,0.9981115,0.580208
4993,0,1,0.1957398512035666,0.16409923,0.05574965,0.20472753
4994,1,0,0.7148715197127794,0.99999595,1.0,0.70719427
4995,1,1,0.8581190279958967,1.0,1.0,0.8573748
4996,0,0,0.1201209541613868,0.08801595,0.7459672,0.12441959
4997,0,1,0.13337363086861273,0.42051348,0.021523224,0.12952836
4998,0,0,0.003928308651020327,5.3162563e-10,4.00757e-08,0.00396815
4999,0,1,0.363952373217381,0.6334997,0.13760406,0.3603198
5000,0,1,0.04593764682801122,0.0035403057,0.00023691948,0.04738459
5001,0,1,0.0663134268948636,1.2344814e-06,2.8017863e-07,0.031531777
5002,0,1,0.0014340561143433431,3.1016134e-10,1.5444654e-10,0.0018438727
5003,0,0,0.0038088275675235467,1.3491354e-10,1.0637913e-09,0.0037083977
5004,1,1,0.3047118670330326,0.94400036,0.85541105,0.31323418
5005,0,1,0.4324575408782812,0.99447423,0.95173085,0.4207985
5006,0,0,0.0007091619916106703,8.819959e-11,1.6046402e-09,0.000954689
5007,0,1,0.08960258767244836,0.0019566668,0.0017134193,0.09463132
5008,1,1,0.8330706480544083,0.9999989,0.99999964,0.8351437
5009,0,1,0.7332441691180963,0.9999845,0.9999831,0.7323268
5010,1,1,0.262119508124334,0.8314565,0.4512393,0.26246396
5011,1,1,0.7766035897099531,0.9999968,0.99998915,0.7830606
5012,0,0,0.19443202111224583,0.09269047,0.8354069,0.06313958
5013,0,1,0.13981273230976599,0.2165843,0.04263297,0.14156704
5014,0,0,0.022032662342311136,6.878736e-06,0.00012240758,0.021523938
5015,1,1,0.5853326308150463,0.99973875,0.9989223,0.59526205
5016,0,1,0.01745621802097006,1.0133285e-06,6.61901e-08,0.017258791
5017,1,1,0.5334310697126651,0.9998125,0.9989165,0.5406362
5018,0,1,0.20381082186771265,0.13168752,0.007943441,0.21498813
5019,1,1,0.9955610129501579,1.0,1.0,0.99509436
5020,0,0,0.00032697814441276914,2.6623823e-15,6.101224e-14,0.00032888577
5021,0,0,0.08107455072772142,0.024951005,0.16196153,0.08683522
5022,0,1,0.27254420409317337,0.9912888,0.98191506,0.2892739
5023,1,1,0.885018639002449,0.99998736,0.9999093,0.8787706
5024,0,1,0.5832051819713043,0.9999652,0.99985063,0.5853772
5025,0,1,0.20127221015140434,0.37534636,0.036844637,0.20394906
5026,0,1,0.2649292403014815,0.8296403,0.64384776,0.27370647
5027,1,0,0.06076503997843341,0.0039969794,0.07416386,0.062370434
5028,0,1,0.4757709748885537,0.9982994,0.99135196,0.4758601
5029,0,1,0.25022682273191643,0.5661362,0.3082276,0.2670473
5030,0,0,0.018619025410683384,1.652482e-06,4.1014755e-05,0.020901188
5031,0,0,0.004732531002130132,9.6174766e-08,4.598916e-07,0.0058925655
5032,0,1,0.24030448777418573,0.8903206,0.5177689,0.24244821
5033,1,1,0.05896710187409523,0.00030165422,8.9860136e-05,0.058642913
5034,1,0,0.8033453623511699,0.99981344,0.9999945,0.801253
5035,0,0,0.028523182009695836,9.306263e-08,8.538256e-05,0.0087335985
5036,1,1,0.9982804561340012,1.0,1.0,0.9982095
5037,1,1,0.3618740556681778,0.9845563,0.91748726,0.3652156
5038,1,0,0.4476949709596226,0.99935263,0.9999939,0.443278
5039,0,0,0.015905276703789127,5.1258817e-06,0.00057584234,0.015684748
5040,1,1,0.6153946839517197,0.99924064,0.9993979,0.6122743
5041,0,1,0.0009104594240534467,7.296651e-11,3.739731e-11,0.0019461224
5042,0,1,0.08248916442601158,8.106583e-05,2.3410523e-06,0.038627934
5043,0,0,0.05605511987543572,0.002534846,0.038511988,0.05567528
5044,1,0,0.9457595705475831,1.0,1.0,0.9425495
5045,0,0,0.030850949998827676,8.535098e-05,0.0014479092,0.030060675
5046,1,1,0.31186245735828694,0.9223544,0.6593473,0.31380156
5047,1,1,0.5384395261429685,0.9988782,0.9960589,0.54222465
5048,0,0,0.03533518647542889,0.00025422472,0.005112657,0.034794863
5049,0,1,0.007074137364561452,7.224777e-06,6.0466465e-07,0.008777524
5050,0,0,0.03508721757378305,0.0016994736,0.013211969,0.036535017
5051,0,1,0.05273958333638479,0.00012388929,0.00088233943,0.069295414
5052,0,1,0.6556540658433028,0.9998965,0.9995547,0.6589919
5053,0,1,0.11828467255627689,0.01799573,0.0030250351,0.11774759
5054,0,1,0.06846975337720428,0.008558093,0.0015467391,0.066067725
5055,0,0,0.055498689114527835,0.0014201313,0.0131288245,0.055630185
5056,0,0,0.029880747840106855,0.007710813,0.40621227,0.036685172
5057,0,1,0.014300697425224064,0.00030945212,0.00010934184,0.019298812
5058,1,1,0.06773138191425175,0.0010637019,0.000100827194,0.06975497
5059,0,1,0.6447681925677776,0.99999964,0.9999993,0.6359811
5060,0,1,0.7450906054934353,0.999962,0.99994385,0.74384665
5061,0,0,0.14536405846485997,0.010438731,0.25463936,0.14577283
5062,1,1,0.9947013026218146,1.0,1.0,0.99430364
5063,0,1,0.032967335330526946,0.00171908,0.00030054472,0.04310181
5064,1,0,0.963518322856881,1.0,1.0,0.9622164
5065,1,1,0.1939113520027934,0.21401647,0.040624194,0.20005772
5066,0,1,0.030384282693786305,1.566751e-05,2.2881813e-06,0.029030025
5067,0,1,0.06449259987714584,0.0037150718,0.0012004897,0.068949826
5068,0,1,0.018612185856678922,1.0645226e-06,1.0023623e-07,0.018930113
5069,0,1,0.25480823161917404,0.91726744,0.5158415,0.26370683
5070,0,0,0.45045891141743377,0.99749964,0.999984,0.4490539
5071,0,1,0.05215908521470741,0.0010135407,5.70857e-05,0.05604519
5072,1,1,0.8285198003851014,0.99999607,0.99998593,0.83435696
5073,0,1,0.0016667659080550554,4.871953e-10,1.5713625e-10,0.0021935315
5074,0,1,0.028984879561287036,1.8063065e-05,5.317055e-06,0.030773962
5075,1,1,0.6885539380962432,0.99997973,0.99993885,0.6920886
5076,0,0,0.0047027954008255594,2.0562384e-06,0.00011156198,0.01088472
5077,0,0,0.030384661307558184,0.0017842199,0.105951495,0.06531595
5078,1,1,0.046311544457744394,0.00025843308,2.474515e-05,0.04572302
5079,0,1,0.033826272558404535,9.546866e-06,1.9468205e-06,0.03321925
5080,1,1,0.3117361941103246,0.8979486,0.6790659,0.30890542
5081,1,1,0.892822146000631,0.99999654,0.9999745,0.89026684
5082,1,1,0.26842457773087935,0.84963405,0.47950885,0.2711636
5083,0,0,0.0008808002532890573,2.2987097e-11,9.108431e-10,0.0011666663
5084,0,1,0.014515011966308947,1.9496934e-05,1.3835004e-06,0.019188011
5085,0,0,0.20701828066842196,0.25351322,0.9651374,0.20511071
5086,1,1,0.44945464456956086,0.9927872,0.97634083,0.45182663
5087,0,1,0.275038502128222,0.36460653,0.20844436,0.27120805
5088,0,0,0.0001665353019394422,3.4505005e-12,1.0527808e-12,0.00014692808
5089,0,1,0.001994733230358547,3.157146e-10,1.5233306e-10,0.0025697874
5090,0,0,0.002729073967507234,5.4061557e-11,5.319921e-09,0.002916095
5091,0,1,0.0020008329794447585,9.368607e-10,1.8435006e-10,0.0026654813
5092,0,0,0.07741851070098245,6.509418e-05,0.010219661,0.07741142
5093,0,0,0.11092644173330661,0.21319187,0.7538645,0.11685738
5094,0,0,0.09808462840654228,0.053909622,0.7710655,0.09697343
5095,0,1,0.045050902468856464,0.0054710126,0.010534557,0.046380207
5096,0,1,0.34147013952368893,0.9682018,0.8331469,0.34369734
5097,1,1,0.25970111767268683,0.5950341,0.61544544,0.26505983
5098,0,1,0.07755164891912948,1.8478542e-05,7.964404e-07,0.08340205
5099,0,1,0.0031422572904982547,5.2236377e-08,5.235855e-09,0.003885078
5100,0,1,0.010186543793101074,5.3079075e-05,3.848563e-06,0.012975545
5101,1,1,0.9999999999999962,1.0,1.0,1.0
5102,1,1,0.15376551009926706,0.027798124,0.0058393157,0.15221474
5103,0,1,0.001232890756067091,4.0850323e-11,1.8133411e-11,0.0015852691
5104,1,1,0.6077758431371547,0.99997187,0.9981832,0.5893412
5105,0,1,0.042916546051252724,0.00034446875,9.279361e-05,0.04376695
5106,0,1,0.7382578488462793,0.9999864,0.9999654,0.737005
5107,1,1,0.6320434712189539,0.999841,0.99958885,0.62774533
5108,1,1,0.7560093071487588,0.9999974,0.9999927,0.745566
5109,0,0,0.030590098245700848,5.0568564e-05,0.009875444,0.031655703
5110,1,1,0.22328447254115502,0.9094609,0.66807896,0.2236631
5111,0,0,0.31040425515734144,0.9862877,0.9999174,0.30327386
5112,0,0,0.00934893931548766,1.9702404e-05,0.002281839,0.011268942
5113,0,1,0.2866807764705108,0.90047586,0.5775251,0.28891993
5114,0,1,0.8152183472069606,0.9999994,0.99999833,0.8162956
5115,0,1,0.2167855096350034,0.35788018,0.15102135,0.22513579
5116,0,1,0.08775279678438858,0.0020979904,0.0007863861,0.08338819
5117,1,1,0.6398700301761252,0.99970704,0.999789,0.63553303
5118,0,0,0.013601427364543275,2.1571057e-07,4.178395e-06,0.015356787
5119,0,0,0.15422425473029278,0.5346788,0.9469449,0.15508835
5120,0,1,0.15271945395430925,0.2614206,0.0568718,0.15100372
5121,0,1,0.0776518790065963,0.0056949235,0.0006232995,0.075064026
5122,0,1,0.185168171580135,0.06297808,0.06575621,0.18940276
5123,0,1,0.0040078555556574335,2.7386978e-11,5.8810834e-13,0.008313435
5124,0,1,0.05930314566935321,0.0008441653,0.00031647913,0.056134444
5125,0,1,0.12551570091771622,0.14961605,0.0033865548,0.12236312
5126,0,1,0.7323373354926731,0.9987892,0.9957562,0.7290521
5127,0,0,0.14710732663501494,0.0059472113,0.15336987,0.1441285
5128,1,1,0.627499509251186,0.999967,0.9998599,0.6284162
5129,0,0,0.006084320047034601,7.606988e-09,1.7781846e-06,0.0066459905
5130,0,0,0.00023836220024320027,7.9898935e-13,1.7528838e-11,0.00028150348
5131,0,1,0.0038051281734511606,6.425381e-08,1.5206459e-07,0.0048239725
5132,0,0,0.05085541238598278,0.00021411262,0.015108881,0.049486823
5133,0,1,0.03126174844782351,3.378411e-06,1.4258949e-06,0.030522477
5134,0,0,0.19805888278535422,0.061143324,0.32254583,0.20660512
5135,0,0,0.0033938270180890392,5.162018e-10,1.6866093e-08,0.00369844
5136,0,1,0.20390550287977818,0.13005663,0.02379805,0.20247099
5137,1,1,0.1547503610316251,6.158021e-05,6.281243e-07,0.14564782
5138,0,1,0.014557306676685,1.9548841e-05,4.34863e-07,0.013456053
5139,1,1,0.33009262102480774,0.9580452,0.7930344,0.3313176
5140,0,0,0.05684020869825677,0.0010818318,0.02353199,0.05619132
5141,0,0,0.014101259654912664,0.00014386562,0.00044876046,0.004648601
5142,0,0,0.4160183132362053,0.99832267,0.9997508,0.42395005
5143,0,1,0.14305308586086574,0.07409367,0.06621164,0.14920667
5144,1,1,0.10342778541618505,0.12278434,0.013327467,0.10095818
5145,0,1,0.4625786628179038,0.95708317,0.83745646,0.46462554
5146,0,1,0.5301014518979685,0.9996967,0.99858993,0.52920616
5147,0,1,0.26573244489120956,0.6792935,0.24581875,0.27026227
5148,0,1,0.864630505492545,0.9999995,0.99999225,0.86344886
5149,1,0,0.13190757436322395,0.28145772,0.97032017,0.129411
5150,1,0,0.14879617236215648,0.27288467,0.90844804,0.15336287
5151,1,1,0.8451129233754238,0.99999964,0.9999989,0.8500397
5152,0,1,0.20863215579882977,0.2493817,0.01920507,0.21165498
5153,1,1,0.2673448072714391,0.81192017,0.32632872,0.26947123
5154,1,1,0.23652944648942106,0.50200754,0.11578708,0.24221343
5155,1,1,0.1411981399947841,0.06673397,0.13837178,0.15245862
5156,0,1,0.036753858153509796,1.5518941e-05,2.7399462e-06,0.039572466
5157,0,0,0.017583495303478403,0.00050172565,0.010624737,0.021934206
5158,0,0,0.18336798729017686,0.78002816,0.9989981,0.22164285
5159,0,1,0.3347221718622157,0.97645074,0.91229963,0.33166033
5160,0,1,0.3008232086781844,0.98026854,0.8472232,0.303324
5161,1,1,0.6916269918833642,0.9999542,0.99987113,0.6919794
5162,0,0,0.35463661905556326,0.6440407,0.94811994,0.3617327
5163,0,1,0.04944102698962559,0.0001573884,0.00038099577,0.04993689
5164,0,1,0.13196597118942596,0.054772224,0.014950175,0.12860008
5165,0,1,0.14449798516211965,0.11395155,0.13634704,0.14035909
5166,0,1,0.016535357873761786,4.491268e-07,7.071344e-08,0.018310642
5167,0,0,0.000864962054930446,1.01772e-11,4.0766598e-10,0.0011399526
5168,0,0,0.0014113293471002158,4.633164e-10,4.350689e-09,0.0017310276
5169,0,0,0.0061350547880783595,3.8052193e-09,7.662195e-08,0.00635117
5170,0,0,0.048074727775219706,0.0001234307,0.0020576674,0.04960822
5171,0,1,0.00643650476709146,1.802446e-06,1.2103521e-07,0.008253456
5172,1,1,0.08855870145096983,0.0016664752,0.0013935103,0.092758246
5173,1,1,0.7634317854728387,0.9999927,0.999985,0.765313
5174,1,1,0.4044918649121834,0.9315187,0.4811728,0.40495935
5175,0,1,0.6222325491045727,0.9999976,0.9999968,0.64384216
5176,0,1,0.051210785320777406,0.00013177168,7.5853964e-06,0.051304404
5177,1,1,0.8923784883638615,0.9999999,0.9999999,0.89017755
5178,0,1,0.7337504026111229,0.9999858,0.9999294,0.7360385
5179,1,1,0.6890746694198644,0.99999034,0.99996495,0.69606966
5180,0,1,0.12148161375653785,0.0020805576,0.00269618,0.12584306
5181,0,0,0.0027380358811465626,7.976857e-10,1.060154e-08,0.0035053217
5182,0,1,0.39362804978053656,0.9837705,0.9333039,0.38499627
5183,0,0,0.03515621668325053,0.0001496254,0.0011593512,0.038004115
5184,0,0,0.016526245889794438,2.3311085e-07,4.9227388e-06,0.018759249
5185,0,1,0.09033522944186353,0.0004409651,0.0012259387,0.09362998
5186,0,0,0.007719436441620562,1.7102995e-08,3.885468e-06,0.00856788
5187,0,1,0.01435336029548026,0.0010946952,0.00012528112,0.029600425
5188,0,0,0.0019855737781336947,3.435621e-11,4.6299156e-09,0.0019737817
5189,0,0,0.013876303099132641,8.336139e-07,4.3468674e-05,0.014169761
5190,0,1,0.04157061350939235,0.00014709294,2.1985377e-05,0.040401567
5191,0,1,0.13714803066744247,0.024395134,0.011342662,0.14305249
5192,1,1,0.4354588253460553,0.99835855,0.98859954,0.43945974
5193,1,1,0.5036363931467162,0.99105835,0.97867906,0.5117426
5194,0,0,0.16448543111967143,0.7299881,0.9995491,0.1660947
5195,0,1,0.030768748287283466,6.961213e-05,1.168228e-05,0.029903885
5196,0,1,0.004247206752058349,5.925183e-10,1.8409356e-10,0.0043503186
5197,0,0,0.04018847658097466,0.0013705322,0.03423645,0.03930412
5198,0,1,0.2282380538928257,0.6768443,0.26373366,0.233636
5199,0,0,0.10176789609395319,0.09365756,0.7163877,0.10085462
5200,0,0,0.03673263818025095,0.0005912145,0.004970851,0.037480403
5201,0,0,0.0011347470532671058,1.9123471e-10,8.851518e-09,0.0014909364
5202,1,0,0.13169171630575774,0.2812968,0.9072918,0.1306305
5203,0,1,0.7122328274316582,0.9999889,0.99997675,0.71419275
5204,0,0,0.007008872465570186,1.1464316e-05,0.00014562174,0.008700989
5205,1,1,0.4865245180756732,0.99755645,0.98813605,0.48875558
5206,0,1,0.1161137751354801,0.017247116,0.013884062,0.11136074
5207,0,0,0.007756134876554055,1.4257307e-08,9.9762076e-08,0.008293096
5208,1,1,0.4306730566992615,0.9885477,0.9488926,0.4371604
5209,0,1,0.4563231038237291,0.99428976,0.9790157,0.45712173
5210,0,1,0.4105341742989669,0.8363127,0.31030875,0.4178449
5211,0,0,0.002871734371517396,1.0671195e-10,1.9628589e-08,0.0031302124
5212,0,1,0.22632596644440642,0.40485835,0.12700889,0.22472624
5213,0,1,0.10372017802357986,0.010409336,0.0013007976,0.10219725
5214,1,1,0.8357733772595068,0.99999857,0.99999774,0.83167315
5215,1,0,0.5913187800831523,0.99916583,0.9999386,0.59276325
5216,0,1,0.2922537987983568,0.95535237,0.6845544,0.30417988
5217,0,0,0.035847395085599795,0.0009071283,0.067187615,0.037186615
5218,0,1,0.015301207286030039,6.781748e-06,1.9247304e-06,0.019080102
5219,0,1,0.5989563576044374,0.9996326,0.99708074,0.59060097
5220,0,0,0.026266684712029666,9.834217e-05,0.0013459475,0.027000612
5221,0,1,0.28035077574873185,0.88357896,0.5376495,0.28202114
5222,0,1,0.004998846984004898,9.596395e-10,1.0408824e-09,0.0050089294
5223,0,1,0.926497615766381,1.0,1.0,0.92435604
5224,0,1,0.04577626465568646,0.015885707,0.0026833096,0.057275318
5225,1,1,0.4389192642055697,0.9883609,0.98883224,0.4436941
5226,0,0,0.0006260897597534552,2.3549024e-14,5.9559684e-14,0.0008071743
5227,0,1,0.01067971160021285,5.860827e-09,1.3761016e-10,0.010729817
5228,0,1,0.7468460899308896,0.99991775,0.9998518,0.74220985
5229,1,1,0.9647615954589612,0.9999999,0.99999976,0.9632735
5230,0,0,0.0020255919253506977,4.6763677e-09,4.345624e-08,0.002494686
5231,0,1,0.003925321714418936,1.8708384e-07,1.0964598e-08,0.005026117
5232,1,1,0.9958809284200045,1.0,1.0,0.99561465
5233,0,1,0.10470611986803587,0.51037115,0.12214762,0.103923686
5234,1,1,0.2947466029607652,0.9796243,0.8557479,0.30064872
5235,0,1,0.001400575911150782,3.2826367e-10,9.046168e-11,0.0018553134
5236,0,0,0.39872186983714236,0.9893952,0.999902,0.39659998
5237,1,1,0.9306477088390123,0.99999714,0.99995387,0.92756057
5238,0,1,0.025500917230892955,0.003129888,0.0004591997,0.03197734
5239,1,1,0.8133890272384177,0.99999964,0.9999987,0.81469387
5240,1,1,0.7137788862745562,0.9999957,0.99998987,0.71288925
5241,1,1,0.3255865122586469,0.9737248,0.97282976,0.33249757
5242,0,1,0.0009534785963549703,7.2163484e-11,6.264931e-13,0.0011254584
5243,0,1,0.011217789866429208,1.631843e-05,2.5122195e-06,0.013672015
5244,0,1,0.28163480176542105,0.79238623,0.37118638,0.28472957
5245,0,0,0.003724235168964306,2.45277e-09,2.8256088e-07,0.0039130556
5246,0,1,0.030818997176884178,1.3677103e-05,2.09627e-06,0.031874448
5247,0,0,0.013443548611060572,1.2573404e-06,2.1061143e-05,0.0135738095
5248,0,1,0.00514402914689516,4.970062e-10,2.5243704e-10,0.005196327
5249,0,0,0.0010391913856928677,2.9538053e-10,2.2483393e-08,0.0013571383
5250,0,1,0.11004692394065684,0.0005276966,5.8214107e-05,0.104369104
5251,0,0,0.0025645851060873593,2.0533697e-08,1.1751986e-07,0.0032703374
5252,0,1,0.2635271437646318,0.7046594,0.2810893,0.26445818
5253,0,1,0.5744487435128707,0.99962413,0.9987344,0.5789558
5254,0,1,0.01813372332757206,1.8189005e-06,7.03439e-07,0.01869901
5255,0,1,0.047050530996601406,0.0006574703,0.00019109885,0.047216967
5256,0,0,0.007316865464574287,7.576206e-07,7.682705e-06,0.007466408
5257,0,1,0.009406470097837533,2.790616e-05,2.4567964e-06,0.01171564
5258,0,1,0.13300239299325448,0.038785815,0.0054312376,0.13353638
5259,0,1,0.14681332770308123,0.30064636,0.16631691,0.14974193
5260,0,1,0.0031163902638250748,6.023804e-08,7.3039086e-10,0.0036900647
5261,0,1,0.002025251298986359,4.4125884e-10,7.90272e-12,0.0018332544
5262,0,0,0.04162695164748825,0.0028445933,0.01852344,0.043770354
5263,0,1,0.07467301239222277,0.007092559,0.0009256565,0.07255792
5264,0,1,0.4303845594026948,0.99873143,0.99757165,0.419342
5265,0,0,0.01500581329350684,1.1157707e-06,0.00014892379,0.016212642
5266,0,1,0.10224002140406416,0.1631929,0.02067029,0.12386394
5267,0,0,0.05002813213918001,0.001177284,0.018609794,0.049454276
5268,0,0,0.009029602562805382,1.10062764e-07,1.8277286e-06,0.010376801
5269,1,1,0.9834427204293614,1.0,1.0,0.9824971
5270,1,1,0.9960068675716859,1.0,1.0,0.99577713
5271,0,0,0.00490456577786693,1.5582992e-06,3.2753327e-05,0.006042397
5272,0,1,0.004738527638506685,5.15665e-08,3.8792138e-08,0.0064843185
5273,0,1,0.1406549278633393,0.06505732,0.010549006,0.13897443
5274,1,0,0.9928631422366655,1.0,1.0,0.9927331
5275,1,1,0.9510210811342574,0.99999976,0.99999774,0.9502324
5276,0,1,0.5099517607146833,0.9924344,0.92306083,0.5065507
5277,0,1,0.1348692695342507,0.18450463,0.03937833,0.1366984
5278,0,1,0.055681530478179725,0.0004091343,8.032694e-05,0.059263803
5279,0,0,0.02153417294892692,1.8200497e-05,0.0001218594,0.02175743
5280,0,0,0.034218879267474835,5.255225e-05,0.0006365575,0.03570613
5281,0,0,0.005559516229189804,2.7627472e-08,4.3764944e-06,0.0056475
5282,0,1,0.005488475820869322,4.0345256e-07,2.8263601e-08,0.0068148924
5283,0,1,0.08638312387538342,0.0052055046,0.00075622596,0.08595854
5284,1,1,0.428493307421942,0.9879358,0.97764045,0.43014747
5285,0,1,0.01677650931384834,0.0006674722,0.0001518431,0.034287408
5286,1,1,0.5228505020951708,0.9989266,0.99477434,0.52872634
5287,1,1,0.4017556491184499,0.99557906,0.9761597,0.40500227
5288,0,1,0.004108697427305892,3.9769508e-09,1.5256654e-10,0.0050645517
5289,0,1,0.023071485764491556,5.4000857e-06,4.9853196e-07,0.022418814
5290,1,1,0.9823959000816477,1.0,1.0,0.98201966
5291,0,0,0.005133244765238351,3.5096397e-09,1.7625052e-07,0.005348738
5292,0,1,0.008325952367027295,0.00013608979,2.4391555e-05,0.016920576
5293,0,1,0.3583811373115663,0.99170774,0.93813246,0.37649444
5294,1,1,0.582602884240797,0.9999516,0.9997626,0.58598363
5295,0,0,0.020632906486498778,4.9799874e-06,0.00010733288,0.020820148
5296,1,1,0.9953126838040972,1.0,1.0,0.9950996
5297,0,1,0.018072900534139447,1.1523651e-05,7.5502567e-06,0.018965743
5298,0,1,0.002693542463822757,2.3635469e-10,4.481653e-12,0.005999212
5299,1,1,0.4708581280823733,0.9965321,0.9934249,0.46366763
5300,1,1,0.8148653515812059,0.99999905,0.9999981,0.81761605
5301,0,1,0.43435692143327725,0.99720246,0.98901504,0.4350295
5302,0,0,0.09377223225205875,0.0010211121,0.02369964,0.10433284
5303,0,1,0.2868310629890452,0.9775859,0.8216507,0.29375857
5304,1,1,0.45775636357492017,0.9982198,0.99071974,0.46010467
5305,0,1,0.08909325978508457,0.035514724,0.028995883,0.085864745
5306,0,1,0.02586047776445453,5.243126e-06,3.1068503e-06,0.026408225
5307,1,1,0.2498106745540037,0.08419613,0.013551475,0.25338227
5308,0,1,0.015537496364790931,1.2304416e-06,7.295632e-08,0.015806653
5309,1,1,0.9953572460174461,1.0,1.0,0.99511164
5310,1,1,0.787152409984537,0.9999988,0.9999964,0.78999805
5311,1,0,0.11958729915813458,1.0,0.9996567,0.15131521
5312,0,1,0.1264841546751103,0.03699418,0.009685586,0.12365067
5313,1,1,0.9521665309384834,0.9999999,0.9999994,0.9506402
5314,1,1,0.23350324108947818,0.590808,0.18264773,0.23407897
5315,0,0,0.005391557941207958,1.967866e-09,9.1347815e-08,0.005647031
5316,0,1,0.7630200728081667,0.99999774,0.999992,0.76713055
5317,0,1,0.7703155508044,0.99999833,0.9999962,0.7725556
5318,0,1,0.04416135210844882,4.2683805e-05,4.8304305e-06,0.045362804
5319,1,1,0.8537217473477188,0.99999964,0.99999857,0.8584409
5320,1,1,0.9965815340249307,1.0,1.0,0.9965383
5321,0,0,0.0018491043615396182,7.272746e-09,9.596775e-07,0.002520839
5322,0,0,0.002149287591949301,3.3416525e-10,1.6513267e-08,0.0029574444
5323,0,1,0.013878044387198423,5.3371277e-06,7.561842e-08,0.01299531
5324,1,1,0.5685835898849615,0.99862325,0.9961004,0.57111627
5325,0,0,0.059147580930524885,0.0008963293,0.011561739,0.06028368
5326,0,0,0.02882184440079237,4.5452798e-05,0.00064261415,0.03000265
5327,0,1,0.0018859853707690545,6.1538817e-12,2.1418341e-13,0.002382091
5328,0,1,0.008580775584061456,1.0059496e-07,1.0776744e-09,0.008031649
5329,0,1,0.11443729365925907,0.008055602,0.00019260726,0.118784286
5330,0,0,0.19609005253257236,0.59988755,0.94491994,0.20688698
5331,0,1,0.04237583192753887,0.0016351365,0.00081317517,0.0403345
5332,0,1,0.12020329276561972,0.023009475,0.002147515,0.12223693
5333,0,1,0.1662950384004058,0.9615944,0.7510141,0.16459523
5334,0,1,0.01340630341882698,0.000819262,7.673092e-05,0.016468229
5335,0,1,0.01628080296277861,4.3133008e-05,1.4531337e-06,0.014816962
5336,0,1,0.0035696283077001744,4.4582484e-09,4.168967e-10,0.0043023243
5337,1,1,0.08031317101360289,0.00778767,0.0007341957,0.0821324
5338,0,1,0.006322138901109858,1.8857415e-06,3.355285e-07,0.008100904
5339,0,1,0.40182881493005235,0.9750519,0.89634913,0.4172374
5340,0,1,0.17264009646802034,0.22412404,0.0757603,0.16960277
5341,0,1,0.0017193955394037605,6.398225e-10,8.241851e-10,0.0038347654
5342,0,1,0.69104527999266,0.9999275,0.9998163,0.6956809
5343,0,0,0.014041135580011358,7.2425775e-07,6.437896e-06,0.015056483
5344,0,1,0.2215346307439348,0.43840024,0.20983405,0.22973913
5345,0,0,0.2077009922312696,0.9116197,0.9965083,0.20617524
5346,0,1,0.33071361310259584,0.9930455,0.985552,0.34245002
5347,1,1,0.7439987015960923,0.9999988,0.9999968,0.7437894
5348,0,0,0.3242088200107883,0.9962524,0.999979,0.316718
5349,0,1,0.21306190698929092,0.2086701,0.098074324,0.20346749
5350,0,1,0.21720598371946498,0.6937182,0.17186241,0.22742681
5351,0,1,0.14296525034936775,0.10250045,0.011256777,0.1449701
5352,0,1,0.0061544193916037914,3.1644976e-08,5.391405e-09,0.00626424
5353,0,1,0.10699859530235076,0.010411227,0.0026750662,0.10428008
5354,0,0,0.0034000990935851723,5.036951e-10,2.4974187e-09,0.0036446017
5355,1,1,0.45565119217116046,0.9948542,0.9874665,0.45633337
5356,0,0,0.3695007714564341,0.9930958,0.99993014,0.36476284
5357,1,1,0.051356887432983264,0.0008923753,0.00014902167,0.049479727
5358,0,0,0.0006645335564983106,1.4493155e-12,5.4291478e-11,0.0008704972
5359,0,1,0.03939188022880027,0.0005321212,3.4965018e-05,0.04027265
5360,0,1,0.65116702818326,0.9954817,0.9668824,0.6550351
5361,0,1,0.05772307048234659,0.007376212,0.002377902,0.06072891
5362,0,0,0.002300917765521653,3.476907e-08,2.8327072e-06,0.005342217
5363,0,0,0.020932376168593645,0.0005162071,0.0064055994,0.020393383
5364,0,1,0.036290054898437285,0.00057446683,6.989912e-06,0.035865128
5365,1,1,0.9957636563521396,1.0,1.0,0.99533796
5366,1,0,0.7322307457097282,0.99996996,1.0,0.72355765
5367,0,1,0.016646313746954994,5.4119613e-05,6.631444e-06,0.021446781
5368,0,0,0.010844750174837544,2.488346e-07,3.2792502e-06,0.012280452
5369,0,1,0.06853067478233742,0.010412795,0.0020047934,0.066363186
5370,0,1,0.0643895794655237,0.0034905355,0.0010111651,0.06717647
5371,1,1,0.328269884949978,0.9720699,0.89931047,0.32687148
5372,0,1,0.661711816390156,0.99999905,0.9999981,0.66552925
5373,0,0,0.020201264217190186,0.0004978232,0.006868594,0.025992936
5374,0,0,0.8348463601044596,0.99999976,1.0,0.8321679
5375,0,1,0.10172156301194897,0.1962091,0.04928824,0.09861959
5376,1,1,0.9999999999999867,1.0,1.0,1.0
5377,0,0,0.002660702225876092,2.3958458e-07,2.1494575e-06,0.0034282452
5378,0,0,0.00464817815944348,8.375009e-07,1.5892272e-05,0.0057685217
5379,0,1,0.6713372620198275,0.9996202,0.9995036,0.67301434
5380,0,0,0.0014289785753228608,1.1572482e-09,5.8592647e-08,0.0018720832
5381,0,1,0.42415596682087975,0.89793295,0.8849995,0.42836484
5382,0,1,0.30472765777908495,0.93489873,0.7761826,0.3033723
5383,1,0,0.26437790213272405,0.60799736,0.9960984,0.25614104
5384,1,1,0.9216013084008993,0.99999726,0.9999944,0.9172811
5385,0,0,0.042365097180236254,0.0004903715,0.015567936,0.04164325
5386,0,0,0.232377548203956,0.56734866,0.98876756,0.23421927
5387,0,0,0.016336235096969912,1.0397854e-05,0.00054413656,0.017019467
5388,0,0,0.1432646286101694,0.0072812974,0.31948727,0.07319046
5389,0,1,0.7620945301333231,0.9995778,0.997512,0.7554244
5390,0,1,0.003666401870898928,9.309363e-10,1.3546645e-09,0.0047500758
5391,0,0,0.0010337923858670978,1.5374722e-11,5.9416727e-10,0.0013671636
5392,0,1,0.007654784312414295,1.4300907e-05,1.00282e-06,0.0096887285
5393,0,1,0.0038266628754066202,2.115836e-09,7.779476e-11,0.004782901
5394,0,1,0.2960806947673637,0.9362197,0.7026224,0.2963989
5395,0,1,0.07026100792084598,0.01862116,0.002536093,0.07088675
5396,0,0,0.0752089711232141,0.0063485885,0.077903055,0.07550483
5397,1,1,0.41861325263800947,0.975071,0.9533374,0.41015613
5398,0,1,0.0018209000394242207,1.5726369e-10,7.3936954e-11,0.002352588
5399,0,1,0.03066152755278842,0.0018327143,2.8626548e-05,0.028410198
5400,1,1,0.7714710241129858,0.99995315,0.9990902,0.7713115
5401,0,1,0.1400719017333487,0.3106685,0.008862329,0.13631798
5402,0,1,0.0024983561870115987,4.7215387e-09,9.700629e-10,0.0033425097
5403,0,1,0.0037177978184273954,2.464946e-08,1.963427e-09,0.0045377426
5404,1,1,0.41878264282390737,0.98181504,0.78092796,0.41030008
5405,0,0,0.013541078043127723,3.6327168e-07,5.1485353e-05,0.014494464
5406,0,1,0.09884534527404243,0.010318249,0.000840484,0.095806256
5407,0,1,0.12441237848625496,0.0026906955,0.00026619196,0.1256784
5408,0,0,0.005173550640826599,7.8466053e-07,7.379056e-05,0.0062156054
5409,1,1,0.23388077600184481,0.47519338,0.16190258,0.2324191
5410,0,0,0.009026331004656786,2.3519252e-07,8.700587e-07,0.009854122
5411,0,0,0.0009298637836073936,3.7796665e-11,1.5623589e-09,0.0012203568
5412,0,1,0.20215965471438924,0.12048886,0.041292936,0.2116828
5413,0,1,0.1396743563350286,0.021027645,0.0186301,0.13461336
5414,1,1,0.36555561206592035,0.99673945,0.97282815,0.3757613
5415,0,1,0.04426204613521016,3.1374646e-05,2.591407e-06,0.04532804
5416,0,1,0.004358957025589644,1.00615495e-07,8.643125e-09,0.0053100036
5417,1,1,0.1626743105967918,0.1556327,0.016073829,0.16977212
5418,1,1,0.273141101308263,0.75032854,0.3214595,0.2754559
5419,0,1,0.12856608772790853,0.023041107,0.0028860907,0.12909542
5420,0,1,0.36539842613605744,0.9802879,0.92937523,0.3678456
5421,1,1,0.29411419483218687,0.8983364,0.5470984,0.2998111
5422,1,1,0.9990210811931284,1.0,1.0,0.9989705
5423,0,1,0.11692911853974629,0.98021287,0.9475088,0.13988099
5424,0,0,0.030580136702116296,0.00028501506,0.003878606,0.03151393
5425,0,1,0.23670764058306232,0.8800825,0.49241427,0.2367254
5426,0,0,0.020564523087760123,8.1863094e-05,0.0006553552,0.020545453
5427,0,0,0.002203488860520279,1.40217935e-08,7.934345e-07,0.0029005213
5428,0,0,0.003292501790480946,2.05567e-08,2.0753747e-07,0.004087233
5429,0,0,0.0036783200091205334,3.4818695e-09,5.5534593e-07,0.0036801503
5430,1,1,0.9230104919939481,1.0,0.99999976,0.92178786
5431,0,0,0.014335182671112065,3.919803e-05,4.148546e-05,0.014577893
5432,0,1,0.0024690143039780986,4.6789106e-09,2.7944913e-09,0.003159704
5433,0,1,0.022372423264822614,1.1327504e-06,3.0273506e-07,0.021273784
5434,0,1,0.2418891023443648,0.89647675,0.47895917,0.24979742
5435,0,0,0.0009965691045242555,1.5921581e-10,7.2821424e-09,0.0013049826
5436,0,1,0.042151927139760924,0.00023520442,1.3697975e-05,0.045240514
5437,0,1,0.002928488931631271,1.4202003e-06,2.1583089e-08,0.005745769
5438,0,1,0.0014096754100778356,1.0159392e-08,3.3458316e-09,0.0018229453
5439,0,1,0.3948107235797256,0.9805085,0.9235703,0.3949176
5440,1,1,0.23816176197947203,0.74763876,0.22490844,0.24743417
5441,0,1,0.0028846775149551176,9.2212327e-10,8.5978016e-11,0.0034925498
5442,0,0,0.0035070919992146884,5.0730975e-10,2.4860231e-08,0.0036188026
5443,1,1,0.7249560673162204,0.9999801,0.99995196,0.72652006
5444,0,1,0.08246336521667136,0.00013511897,0.0010842233,0.041231122
5445,0,1,0.2339524723134259,0.35851154,0.33473134,0.2342905
5446,0,0,0.005218212428082556,3.4594878e-09,1.6382687e-07,0.005435843
5447,0,0,0.0006803420485462142,2.0370606e-11,1.2589586e-09,0.0008936023
5448,0,1,0.11901899172120319,0.5964097,0.22689828,0.11784547
5449,0,1,0.14785431314202646,0.14228961,0.0033787584,0.14553049
5450,0,0,0.0018082201581049472,8.90226e-09,1.9163241e-07,0.0024617442
5451,0,1,0.4114898547415924,0.99244857,0.958218,0.41454953
5452,0,0,0.0038533465837613887,5.8393715e-12,3.1268996e-10,0.0038566454
5453,0,1,0.09572706403613086,0.0062764306,0.0018524915,0.103321046
5454,0,0,0.03981170159898271,0.0011131486,0.007690303,0.0418583
5455,0,0,0.08617907838571028,0.007323264,0.29163525,0.08307739
5456,0,1,0.2858969905517896,0.9486478,0.6570012,0.29650846
5457,0,0,0.0016920825480013146,2.1372943e-11,3.0959862e-10,0.0020927088
5458,0,1,0.14069865798065925,0.37346095,0.0735202,0.13787791
5459,0,1,0.3439448147207124,0.9779041,0.9337367,0.3571184
5460,0,1,0.07314249878894974,0.0070862924,0.004657008,0.07192559
5461,1,1,0.4752203415257461,0.9958001,0.98924047,0.46617416
5462,0,1,0.012974569271446652,1.1054366e-06,1.470498e-07,0.012399131
5463,1,1,0.40751302448821974,0.99409735,0.9602936,0.40537962
5464,0,1,0.10876747432320387,0.016355602,0.005107852,0.10499057
5465,1,1,0.5630749660210324,0.9994429,0.99801457,0.56365556
5466,0,0,0.000473888601219447,2.635162e-11,1.04166446e-10,0.0010169016
5467,1,1,0.9374145477652174,0.99999905,0.99999356,0.9365596
5468,0,0,0.0941420232353326,0.0010881139,0.021642001,0.10232554
5469,0,0,0.11208411822464268,0.10191608,0.5754878,0.11050775
5470,0,1,0.034116700094843556,0.0001414212,1.492556e-06,0.03125052
5471,0,0,0.0018421104679755276,3.8543133e-09,2.067419e-08,0.0023278377
5472,0,1,0.05956240929023367,0.00031741525,4.40485e-05,0.059054736
5473,0,1,0.07018581757983827,0.006376673,0.0013403778,0.07045444
5474,1,0,0.6416519408231727,0.99985564,0.9999995,0.6333129
5475,0,0,0.15115260799575,0.18939543,0.9068586,0.15453179
5476,1,1,0.9094285695796521,0.99998474,0.9999521,0.9001711
5477,0,1,0.0793271343010438,0.00053294003,0.002737688,0.082406014
5478,0,1,0.01890605020565175,4.0498836e-07,4.1056445e-08,0.019072922
5479,0,1,0.1725886996757201,0.2315818,0.026055546,0.18013726
5480,0,1,0.1802696478511652,0.10845895,0.016949464,0.1821379
5481,0,1,0.10494203635570827,0.023185572,0.004281352,0.102672
5482,0,0,0.011805690584561475,5.968182e-07,6.474483e-05,0.013426637
5483,0,0,0.02282865961102184,9.19955e-06,0.0020308653,0.025411444
5484,0,1,0.25363452836466627,0.71828747,0.45902225,0.2622034
5485,0,1,0.010868860250936864,1.2417188e-07,7.317134e-08,0.011015331
5486,1,1,0.043977141617068304,0.0012405785,8.4349536e-05,0.04515444
5487,1,1,0.6756427403291669,0.99994564,0.99986124,0.6760865
5488,0,1,0.528137305988661,0.9998338,0.99967235,0.5544451
5489,0,0,0.0030527786230484335,1.2341191e-08,1.2578148e-07,0.0037986792
5490,0,0,0.01650938732925527,1.15591465e-05,0.0006121321,0.017170317
5491,0,1,0.06681454565985133,0.00092799583,0.0003990708,0.06438077
5492,1,1,0.014990157969621816,1.1281708e-06,4.619765e-07,0.0154606
5493,0,1,0.6793275481264722,0.9999969,0.9999906,0.66737455
5494,0,1,0.17668216779419935,0.09195456,0.014069215,0.17860468
5495,0,1,0.004365291709732592,1.4373044e-06,1.8585816e-08,0.0052228053
5496,0,1,0.013478651957873787,5.9827644e-06,1.23302e-06,0.017602047
5497,0,0,0.041706461428490806,0.002876627,0.018712262,0.0438609
5498,1,1,0.37912292812964316,0.9373117,0.74378,0.3857329
5499,0,1,0.07731576387148822,0.0009812934,0.00049105537,0.07183397
5500,0,0,0.10240271828991304,0.04322237,0.6149536,0.09956508
5501,0,1,0.10721329939001874,0.00013319438,6.247957e-06,0.108621635
5502,0,1,0.050920390209446366,0.00032140836,7.464843e-05,0.05446741
5503,0,1,0.14071073139203824,0.061112273,0.0087623065,0.14052391
5504,0,0,0.0022629835353627117,2.3847052e-08,1.527926e-07,0.0028524895
5505,0,0,0.014341752015995914,1.7943523e-06,3.4421348e-05,0.014559888
5506,0,1,0.6092088371380802,0.9999075,0.99983966,0.6103431
5507,0,0,0.0032816488910797394,3.512816e-08,2.0804132e-06,0.0042229965
5508,0,0,0.08716353049104439,0.025704462,0.117425434,0.089906245
5509,0,0,0.11041409144704271,0.16533485,0.8301334,0.10941471
5510,1,1,0.8798456110365483,0.99999964,0.99999833,0.8785258
5511,0,0,0.07502855838989923,0.04901934,0.43405002,0.0783917
5512,0,1,0.039182157852094765,0.0003986491,4.6972185e-05,0.038154326
5513,1,1,0.9951896404929225,1.0,1.0,0.994807
5514,1,1,0.7462259640943046,0.99999917,0.9999956,0.75242996
5515,0,1,0.30923484513346855,0.98086333,0.9709036,0.3204402
5516,0,0,0.17151915395009137,0.649997,0.99501497,0.17046978
5517,0,0,0.02905543875847445,6.335915e-05,0.0018805707,0.028730234
5518,0,0,0.17521739778989756,0.02744575,0.3867614,0.17436334
5519,0,0,0.009879923776028796,7.5111714e-08,3.0507795e-06,0.010771655
5520,0,0,0.23371626908998736,0.84225297,0.99108833,0.24352194
5521,0,1,0.6774783868927043,0.99996495,0.99992573,0.6794119
5522,1,1,0.4020277659816852,0.98498094,0.9241805,0.40298292
5523,1,1,0.3041417201302348,0.892641,0.5035478,0.309422
5524,0,1,0.0027363877370834002,6.251194e-09,6.64668e-11,0.0025104673
5525,0,1,0.19535661192865136,0.8242705,0.48635694,0.19047643
5526,0,0,0.05403420803043648,0.0004058805,0.0070174686,0.05453207
5527,1,0,0.6249815944664998,0.98847115,0.9988514,0.6259898
5528,0,0,0.0011423997273755915,4.622499e-11,4.0918446e-09,0.0016395733
5529,0,0,0.015539636129447311,5.957985e-06,1.2215674e-05,0.015598253
5530,0,1,0.02203116752786499,2.7577289e-05,6.5260735e-07,0.021282006
5531,1,1,0.9985020713529635,1.0,1.0,0.9983974
5532,0,1,0.09343654618326223,0.014437678,0.0018372532,0.0916939
5533,0,0,0.10088690935039525,0.020724941,0.44209725,0.1013326
5534,0,1,0.026611697159964504,1.582378e-05,1.2319376e-06,0.027013961
5535,0,1,0.010892123347497598,5.891657e-07,1.03848585e-07,0.011969617
5536,0,0,0.006776309787917502,5.367204e-08,5.4859015e-07,0.008313927
5537,1,1,0.613574917332386,0.9998529,0.9994213,0.61886096
5538,0,1,0.013459888235195403,2.9329863e-07,1.8318507e-07,0.013780945
5539,0,0,0.017011998221277556,8.450638e-06,0.00011059967,0.017590607
5540,0,1,0.4499420618327386,0.9990902,0.9963206,0.44970316
5541,0,1,0.38613571052769025,0.98496693,0.93118984,0.3901692
5542,1,0,0.9985773715538672,1.0,1.0,0.99835557
5543,0,1,0.1350481578512316,0.051339548,0.009018728,0.13440791
5544,0,0,0.003607987881571508,3.469541e-07,8.099118e-06,0.0044939746
5545,0,1,0.04428519982062533,0.00026677223,6.291259e-05,0.04814841
5546,0,1,0.14360780523939276,0.30618468,0.08910678,0.14033373
5547,0,1,0.053831717479143906,0.0002925793,2.4168574e-05,0.05598499
5548,1,1,0.258528517899947,0.7962227,0.3865581,0.2607681
5549,0,1,0.18584424628579743,0.5022453,0.51264775,0.1926371
5550,0,0,0.033553639876941356,0.00015260628,0.00921636,0.034817487
5551,0,1,0.16516123112088574,0.7832859,0.461574,0.16083904
5552,0,0,0.1509756185766595,0.241053,0.7780058,0.1605899
5553,0,1,0.04904659518856734,3.8085648e-06,1.8209002e-07,0.0490035
5554,0,1,0.07533144564642207,0.010486687,0.0017368962,0.07573306
5555,1,0,0.6034678374207793,0.9997489,0.9999995,0.5986815
5556,0,1,0.3767818118494423,0.990868,0.95204204,0.38130006
5557,0,1,0.10539633566641016,0.005834518,0.0053255656,0.10782626
5558,0,1,0.21379875832534648,0.3564009,0.07425641,0.21584307
5559,0,1,0.37161424216403455,0.9876237,0.96911657,0.38355377
5560,0,1,0.19494817797099367,0.3082028,0.039749913,0.20375893
5561,0,1,0.291896089404727,0.91238946,0.7813139,0.30079144
5562,1,1,0.5730748926661496,0.9986473,0.996309,0.57557833
5563,0,1,0.18182735533102642,0.28974697,0.4633218,0.22534713
5564,0,1,0.09767352288471855,0.005228985,0.00053862954,0.10079311
5565,1,1,0.9544114399599248,0.9999999,0.99999905,0.95317423
5566,0,1,0.2868014683398164,0.9081867,0.78329307,0.29685333
5567,0,1,0.52231935253458,0.9938449,0.9826451,0.5258087
5568,0,1,0.0011993728563660891,4.6412213e-10,4.278035e-10,0.0025174266
5569,0,1,0.15698630985110987,0.12684022,0.022429911,0.16229263
5570,0,1,0.1221501052912328,0.03015353,0.0036235666,0.122503676
5571,0,1,0.009419676656053113,2.1036081e-08,4.5431522e-10,0.009039292
5572,0,0,0.013865642078151188,0.0008127747,0.007485528,0.017716447
5573,1,0,0.8824978611230481,0.999998,1.0,0.8774978
5574,0,0,0.003196316738109503,1.0099403e-06,1.2145872e-05,0.0039769495
5575,0,1,0.18311235125906788,0.055982545,0.0039970954,0.18420139
5576,1,1,0.5583428869224382,0.99939096,0.99736136,0.5631451
5577,0,0,0.03858269910090302,0.0011334103,0.0105949035,0.038732573
5578,0,0,0.036876993222180486,0.008615271,0.080961466,0.03686113
5579,0,1,0.24492412629378593,0.90720266,0.5675101,0.24824983
5580,1,1,0.37286914461940485,0.9630925,0.82630897,0.37602422
5581,1,1,0.3451932061104245,0.9419105,0.72766423,0.34921354
5582,0,1,0.0021592000732763785,1.1979112e-09,5.895243e-10,0.0027708404
5583,0,1,0.1392809067163187,0.0015089614,0.00013956086,0.13698249
5584,0,1,0.29641088916816183,0.9488198,0.7675971,0.29678375
5585,0,1,0.60885324914634,0.99932283,0.9968424,0.61526376
5586,0,0,0.0018169132146303034,4.180509e-08,4.8100937e-08,0.0021986032
5587,0,1,0.006966716397811077,5.8498513e-06,7.1587453e-07,0.014302543
5588,0,0,0.6523248318701814,0.9975228,0.99995863,0.64425653
5589,0,0,0.000690604640691092,5.7899442e-11,9.552075e-10,0.00093620975
5590,0,1,0.06666219160735391,0.0037290906,0.0009484397,0.06507603
5591,0,0,0.0014667274169048955,2.3889242e-09,1.4634931e-07,0.0032378526
5592,0,1,0.07700937197291471,0.0035471404,0.000461464,0.07806708
5593,1,1,0.3345228259251066,0.96573544,0.83151823,0.3372267
5594,0,1,0.3510270438966838,0.989766,0.9541296,0.36168793
5595,0,1,0.013698367249842502,7.63762e-09,2.4230604e-10,0.014146594
5596,0,1,0.6949735783124543,0.99990606,0.9993764,0.6891904
5597,1,1,0.8950817112817772,0.9999949,0.99996686,0.8901441
5598,0,1,0.2166655624842099,0.71700835,0.23273641,0.21964338
5599,0,0,0.0038544128554225485,4.0245796e-10,1.8470116e-08,0.00399213
5600,1,1,0.9999999999999962,1.0,1.0,1.0
5601,1,1,0.2423411430881877,0.86180127,0.85765475,0.2411161
5602,0,1,0.0032986933759091143,6.5871175e-09,6.699807e-11,0.0030614052
5603,1,0,0.5576400336086595,0.04226964,0.4816646,0.2555656
5604,0,0,0.8276608867669235,0.9999864,1.0,0.820953
5605,0,0,0.010759163160520183,1.5430643e-07,6.6758685e-06,0.011778858
5606,1,1,0.527909974847298,0.9988881,0.9969403,0.5292185
5607,0,0,0.00836031769132406,1.280985e-07,1.3735811e-06,0.008165002
5608,0,1,0.0009865824789808064,1.967819e-11,3.1665079e-12,0.001310851
5609,0,0,0.0789670659388645,0.03601438,0.45826888,0.080791555
5610,1,1,0.3090021892816347,0.8610269,0.64766455,0.30286887
5611,0,1,0.0032407627826980694,1.545294e-07,1.8523167e-09,0.0038769005
5612,0,1,0.3513423195289187,0.9975059,0.9855768,0.35021144
5613,0,0,0.03400190809284707,0.00028086547,0.0017755006,0.036197584
5614,0,1,0.2802715575273001,0.48508433,0.15203351,0.26846433
5615,1,1,0.5999287911369423,0.9998648,0.99949014,0.6065398
5616,0,1,0.010844574162098611,5.768657e-06,8.431512e-06,0.013932711
5617,0,0,0.860263216241714,0.99999976,1.0,0.856188
5618,0,0,0.012336087965650094,0.0011531261,0.022387296,0.02805183
5619,0,1,0.00808214216661354,6.3881646e-07,1.1885708e-07,0.00797294
5620,0,1,0.0213284758182208,2.2052432e-06,1.6349578e-08,0.021387603
5621,0,0,0.016115440726795403,2.1736498e-06,1.18848775e-05,0.017108355
5622,0,0,0.00989401560678945,1.6204939e-07,2.4101673e-06,0.011396147
5623,0,1,0.03361525977436496,1.7988956e-05,2.911141e-05,0.037790656
5624,0,1,0.06028656766303991,0.000727359,3.6847887e-05,0.058721054
5625,0,1,0.00826108581189903,8.678563e-06,1.9424199e-06,0.010013249
5626,0,1,0.004078588685285501,2.3408799e-07,6.081386e-08,0.0054666298
5627,0,0,0.016633537862292224,2.6624407e-06,0.00038164176,0.018025216
5628,0,1,0.05574404501203917,0.00087773416,5.1368046e-05,0.059605386
5629,0,1,0.019242758312097406,3.5649794e-06,7.4826653e-07,0.018209733
5630,0,0,0.03262117617672162,9.676706e-06,0.00084666733,0.034614384
5631,0,1,0.779961689301163,0.9999981,0.9999988,0.7789088
5632,0,1,0.0042675731675576945,6.828741e-07,1.7754904e-07,0.005674978
5633,1,1,0.9951026956997054,1.0,1.0,0.99475807
5634,0,1,0.3976926534184432,0.9851606,0.9021611,0.4107135
5635,1,1,0.7220561908075487,0.99999726,0.9999987,0.7289065
5636,0,0,0.009532592549483795,1.2464925e-06,1.2594016e-05,0.009430577
5637,1,1,0.6773875553725357,0.999979,0.9999052,0.68251795
5638,0,0,0.003781795176424537,7.4290957e-10,3.4602152e-08,0.003937821
5639,0,1,0.12032779904293375,0.39491346,0.07723199,0.11953082
5640,1,0,0.2907519697194878,0.9599493,0.9995653,0.28498918
5641,0,1,0.5951184032578867,0.999302,0.9994086,0.59311867
5642,0,1,0.04967964445107947,1.4069383e-05,3.325961e-06,0.054270715
5643,0,1,0.3258747158569408,0.9710858,0.92223823,0.334793
5644,0,1,0.010725362368102483,5.494601e-06,4.7256452e-07,0.012995586
5645,0,1,0.022254550012923535,0.0015596948,0.0054241875,0.05097526
5646,0,1,0.004703644441769272,1.1150729e-06,7.8118426e-08,0.0100773685
5647,0,0,0.02153969105455992,2.8127944e-05,0.0045094267,0.022354284
5648,0,1,0.004671475999734168,4.094794e-07,2.5215752e-07,0.0059992326
5649,0,0,0.12935569668419603,0.013879244,0.2523041,0.12232398
5650,0,1,0.07637939381688875,0.00011503259,8.632133e-05,0.075665995
5651,0,1,0.0016003608969929518,2.8706526e-10,4.8371536e-11,0.00214971
5652,0,1,0.4098300933862769,0.99437743,0.9775949,0.4071029
5653,0,0,0.005195874347589611,3.7691166e-09,1.8480782e-07,0.005347784
5654,1,1,0.4425404425041785,0.9931931,0.9906701,0.45846593
5655,0,1,0.05187138843469726,0.0008128971,5.325491e-05,0.054523896
5656,0,0,0.016868344550486688,3.3833464e-07,7.732983e-06,0.01724735
5657,0,0,0.0060390261232847065,3.972979e-08,2.789115e-07,0.006080934
5658,0,1,0.07767605586391046,0.0033360524,0.00040969517,0.07675243
5659,0,0,0.0012866397805954871,5.098235e-12,1.8955335e-10,0.0013161516
5660,1,1,0.6279029039294366,0.9999677,0.9998921,0.63287956
5661,0,0,0.011085615065526275,1.3642648e-07,4.9873634e-06,0.01199203
5662,0,0,0.22430305725351637,0.5892042,0.97109926,0.23924093
5663,0,0,0.08535425393108713,0.0023803092,0.06264229,0.08687824
5664,0,1,0.21663309091852218,0.9107007,0.7323826,0.21234776
5665,0,1,0.01743366254186508,0.0002210738,1.2728162e-05,0.023702256
5666,0,1,0.48292553586945236,0.98768854,0.90156466,0.48005217
5667,0,1,0.0047576324694533784,2.9610225e-08,4.3722266e-09,0.0057754004
5668,0,1,0.0013633771476519259,9.354982e-10,3.6301254e-10,0.0029767528
5669,0,1,0.12033711794357986,0.03719819,0.0060982727,0.11561693
5670,1,1,0.9961084187017254,1.0,1.0,0.9959043
5671,0,0,0.0014665413563510943,1.4475056e-09,2.6587177e-08,0.0020085739
5672,0,1,0.02713154976162868,0.00010802041,9.92709e-06,0.026221102
5673,1,1,0.8990826152551253,0.99999976,0.9999993,0.8966993
5674,0,0,0.264579585602284,0.8936533,0.99837095,0.26707092
5675,0,0,0.0016095107439501918,1.6204423e-10,5.209944e-09,0.0022326538
5676,0,0,0.016518690905817143,5.2886622e-05,0.0007690617,0.016055243
5677,0,0,0.15031560893600177,0.63869846,0.9702773,0.15152459
5678,0,0,0.006701646045638185,3.9538463e-08,3.5624913e-07,0.006664179
5679,0,1,0.22959553637185373,0.26820952,0.0729491,0.22939505
5680,0,1,0.0049581180743288635,8.487027e-07,2.1585916e-07,0.0066839745
5681,1,1,0.9892625645551945,1.0,1.0,0.9886955
5682,0,0,0.023497250506596044,7.337838e-05,0.0009056463,0.024192771
5683,0,1,0.012450695964693496,1.8231586e-06,9.2617995e-08,0.015385063
5684,1,1,0.5740004829112116,0.99807894,0.99912685,0.5754634
5685,1,1,0.5091025441552653,0.9997389,0.99975795,0.5001838
5686,0,1,0.29917272730803685,0.92069876,0.62277126,0.303676
5687,0,0,0.010535513700054651,1.03107276e-07,3.9473507e-06,0.01166483
5688,0,1,0.408889214186573,0.79996294,0.2567353,0.40424094
5689,0,1,0.06553495730207692,0.0005923821,6.957237e-05,0.06510124
5690,1,1,0.8400665388678938,0.99999976,0.99999917,0.84547573
5691,0,1,0.05158340338575478,0.0006757411,3.9920982e-05,0.053883713
5692,0,0,0.012658746222451535,4.0639966e-06,2.8225328e-05,0.012697409
5693,0,1,0.5022094501932205,0.95669204,0.53172547,0.507527
5694,0,0,0.04940720611826409,0.00027663642,0.0021697134,0.05287338
5695,0,1,0.006585666669348561,4.009377e-05,6.3398903e-07,0.0078000855
5696,0,0,0.01615848887741106,3.773971e-05,0.0029274402,0.017064247
5697,0,1,0.0088024259421242,1.8277517e-05,1.6307571e-06,0.010931815
5698,0,1,0.009517620161396165,1.5478397e-05,1.6348196e-06,0.011714309
5699,0,1,0.08875635893081797,0.028161863,0.0035476899,0.08663765
5700,0,1,0.20844345379474957,0.23050499,0.058175407,0.20764418
5701,0,0,0.7262575663752924,0.9999956,1.0,0.7251092
5702,1,1,0.9240727489970588,0.99999857,0.9999856,0.92237866
5703,0,1,0.051171898524076644,0.0001396908,0.0001054549,0.053739563
5704,0,1,0.15643675112937505,0.034847576,0.0049683303,0.15743645
5705,1,0,0.6868690630777129,0.99990463,0.9999994,0.6833801
5706,0,1,0.07968992225685617,5.971388e-05,2.2981205e-06,0.0810116
5707,0,0,0.06819584929924688,7.774305e-05,0.03835502,0.0695987
5708,0,0,0.010617000892201772,0.00012317392,0.0011267144,0.013553732
5709,0,1,0.03539078159640958,1.5172884e-05,4.3868138e-07,0.03513568
5710,0,1,0.0018939933524026193,2.613936e-08,2.7776867e-10,0.0022541024
5711,0,1,0.031896706415651226,5.227679e-05,3.3541223e-06,0.032901213
5712,0,1,0.006262392051340529,4.1271996e-06,2.9902327e-07,0.013487018
5713,0,0,0.02135323706810292,3.5915657e-06,0.00016580179,0.021773694
5714,0,0,0.030145694621827316,0.00018237218,0.0021883422,0.031674206
5715,0,0,0.0032707431193365107,2.249456e-06,1.2246142e-06,0.0023033058
5716,1,1,0.9599683451140795,0.9999999,0.99999964,0.9573344
5717,0,0,0.026620224913965325,4.660368e-05,0.0005585904,0.026697535
5718,1,1,0.7681164747096407,0.9993181,0.9997895,0.77032727
5719,1,1,0.6329004406063987,0.9997901,0.9994618,0.63562375
5720,0,1,0.0022354936121385424,6.278749e-09,2.1255517e-09,0.0029662366
5721,0,1,0.13127237262198924,0.0022257809,0.007097201,0.13378493
5722,0,1,0.5615787346598865,0.950217,0.6800169,0.5547591
5723,0,1,0.0011179216651964082,2.0180926e-14,4.203784e-16,0.001079397
5724,1,0,0.3953362802185451,0.8831545,0.99769175,0.37984154
5725,0,0,0.008682700283972071,2.6399501e-08,5.1649283e-07,0.008346695
5726,1,1,0.5874712954083949,0.9987722,0.9994561,0.58813465
5727,0,1,0.09953132087435594,0.023878034,0.00044171946,0.097567126
5728,0,1,0.021609768133141232,0.0027128689,0.00052717683,0.02620755
5729,0,0,0.010793101252715345,3.4123514e-07,2.806129e-05,0.010922065
5730,0,0,0.0007245866419280313,5.12978e-12,1.8905003e-10,0.000957231
5731,0,0,0.014470487858573772,1.3674212e-06,3.3183518e-05,0.015766155
5732,0,1,0.5469337311346744,0.9990508,0.99215186,0.5492973
5733,1,1,0.5958580545475681,0.9994443,0.9977276,0.601359
5734,0,1,0.02763843515744123,2.0487596e-05,4.0154973e-06,0.025557103
5735,0,1,0.3796994487504666,0.9758354,0.8893207,0.37970248
5736,0,0,0.025868211387367713,1.6941809e-05,0.00025878366,0.026573395
5737,0,0,0.017587666790468925,2.8013748e-05,0.00022740908,0.017580144
5738,1,1,0.9991265500987392,1.0,1.0,0.99902475
5739,1,1,0.8666660636645951,0.9999552,0.99966854,0.860501
5740,0,1,0.40845071776755965,0.9995948,0.99838483,0.40888956
5741,0,0,0.009467066032688133,5.178294e-08,4.4637104e-06,0.010232016
5742,1,1,0.3477234271800187,0.97035515,0.8392373,0.35404664
5743,1,1,0.31612843915425465,0.96627265,0.8229346,0.3164776
5744,0,0,0.025636329200976696,0.0050324327,0.11425864,0.031984624
5745,0,0,0.020640619919101606,3.246232e-07,1.3217353e-05,0.023215584
5746,0,1,0.0026261141728799965,6.2597127e-09,1.2574874e-09,0.0035282548
5747,0,1,0.0044356996925416625,4.3306557e-08,8.243034e-09,0.00569277
5748,0,0,0.46385818049691563,0.99889994,0.99999404,0.45061383
5749,1,1,0.7197353124748581,0.9999876,0.99995434,0.7239061
5750,1,0,0.14536858862364915,0.09736257,0.63971037,0.15058331
5751,0,1,0.6001470964254831,0.99982035,0.9993793,0.60001045
5752,0,1,0.0017863499094896338,4.7029247e-09,1.0166017e-09,0.0023780107
5753,0,0,0.09508449882747393,0.061595827,0.39516506,0.09892662
5754,0,1,0.01392512776483517,4.277228e-07,2.7869004e-07,0.014056277
5755,0,1,0.06694372164895306,0.0015261663,0.00035823783,0.08802084
5756,0,1,0.3493601332367797,0.99053055,0.95069927,0.35116833
5757,0,1,0.5049134017523471,0.9997193,0.99946916,0.52938956
5758,0,1,0.2786870677793288,0.8778142,0.62693745,0.27429327
5759,1,0,0.9114612459204561,0.9999336,0.99997866,0.9060101
5760,1,1,0.1776803556820763,0.09523013,0.014570757,0.1796975
5761,1,1,0.4953316365674745,0.99937034,0.99810517,0.4970403
5762,0,0,0.06313395529449391,1.1743168e-05,0.0004131788,0.061576534
5763,0,1,0.49208908765078496,0.99956065,0.998451,0.49311557
5764,0,1,0.002550484416379366,5.2007403e-09,5.7234856e-10,0.0030603835
5765,1,1,0.993347461258395,1.0,1.0,0.9929837
5766,0,0,0.010265719015379282,2.7534392e-07,6.521093e-06,0.009786048
5767,0,1,0.057131601633648804,0.00031017876,3.674886e-05,0.058475617
5768,0,0,0.45666993029189556,0.99258894,0.999997,0.5090762
5769,0,1,0.11269625516031746,0.037035763,0.045980576,0.14377655
5770,0,1,0.260535072293598,0.7743488,0.3359374,0.2630421
5771,1,1,0.9882460049311481,1.0,0.9999989,0.98745036
5772,0,0,0.0058821110043205645,1.7991123e-08,8.6633855e-07,0.00603137
5773,0,1,0.16416121119513186,0.19875787,0.038958643,0.163354
5774,0,1,0.011622294743125568,7.3079633e-07,1.4599009e-07,0.011517472
5775,0,1,0.45691563143398795,0.99793506,0.9831877,0.47083238
5776,0,1,0.29367808299139364,0.9322158,0.68994105,0.2937901
5777,0,0,0.10087409689487668,0.003351946,0.084816985,0.09767601
5778,0,1,0.2032662852175504,0.0838052,0.025427304,0.20453224
5779,0,1,0.010928270373840757,4.675347e-05,5.214816e-06,0.013357813
5780,0,1,0.0025115485888868535,1.2864593e-08,1.8168024e-08,0.0031189867
5781,1,0,0.08928537929536584,0.0024434403,0.8027277,0.08873054
5782,0,0,0.020131658135997266,3.493669e-05,0.0012977937,0.019035542
5783,0,0,0.05828134055140908,0.00063372095,0.044958618,0.05653058
5784,0,0,0.015866527492372245,0.005267389,0.05294408,0.020431394
5785,1,1,0.6684044553005121,0.9999845,0.99994504,0.6750969
5786,0,1,0.14494471054396071,0.081305936,0.23436634,0.13779107
5787,0,1,0.004002393016789764,9.200094e-07,1.2581431e-08,0.004741085
5788,0,0,0.012900154769473236,2.3502187e-07,5.476756e-06,0.014347512
5789,1,1,0.839078132329282,1.0,0.9999999,0.84259456
5790,0,0,0.011950755883632229,4.4722054e-07,0.00010873141,0.012987344
5791,0,1,0.6631539096589518,0.9999875,0.99998903,0.6664432
5792,0,0,0.05118452036757369,0.01613708,0.83146995,0.066815816
5793,0,1,0.1563379902294433,0.2610774,0.043635428,0.16148823
5794,1,0,0.6874414888784259,0.9998872,0.9999999,0.6779848
5795,0,1,0.09805884683062638,0.0061147,0.0007457781,0.09825528
5796,0,0,0.11493795131407668,0.10194039,0.64057434,0.1154516
5797,0,1,0.20539332083712072,0.7612324,0.2694897,0.20921995
5798,1,1,0.9999999999999951,1.0,1.0,1.0
5799,1,1,0.7692755380801481,0.99999774,0.99999106,0.7715522
5800,0,0,0.006442056101594254,2.1002885e-08,1.6901488e-06,0.0071730637
5801,0,1,0.019356517516623362,1.0492573e-05,7.0392616e-07,0.018955722
5802,1,1,0.5253892456081167,0.9902842,0.9390167,0.5150393
5803,0,1,0.030871998499031626,2.0548212e-05,1.0835191e-06,0.03305005
5804,0,0,0.08741785340717988,0.0053868843,0.054103483,0.092701875
5805,0,0,0.010286875143379825,4.2256117e-05,0.0008335575,0.012873645
5806,1,1,0.9314587733528354,0.99999964,0.99999547,0.9294659
5807,0,0,0.0001979538170960121,3.6860303e-15,1.0662939e-13,0.00025603987
5808,1,1,0.21675650886044046,0.41192612,0.09572436,0.21771622
5809,1,1,0.2652516710121543,0.93439454,0.7587002,0.25983146
5810,0,0,0.0007308843701696619,2.392637e-12,8.441482e-11,0.0009646634
5811,0,1,0.06559939308344397,0.0014720465,0.00021800934,0.06508333
5812,0,0,0.02567613628000153,0.0107103875,0.14978856,0.053191584
5813,0,1,0.2371455652382116,0.95843714,0.9101943,0.24438566
5814,0,0,0.1139433753713406,0.013101735,0.52408886,0.11213215
5815,0,1,0.1056324381297335,0.003841657,0.0001343972,0.11205108
5816,1,1,0.5077421620093775,0.99865854,0.99482167,0.51317066
5817,0,1,0.16162923377855853,0.0030702034,0.00095250487,0.15800244
5818,0,0,0.002654620288526408,4.2331836e-09,4.0810985e-08,0.0032831484
5819,0,0,0.010393104538417759,0.00062464294,0.004043147,0.023773022
5820,1,1,0.24454765389916042,0.68031734,0.24579905,0.24560986
5821,0,1,0.07325294031834828,0.011027239,0.0014671854,0.07194755
5822,1,1,0.5553068747479555,0.99424684,0.96625906,0.54562306
5823,0,1,0.005020664298288043,9.112025e-07,2.3044583e-07,0.0067753796
5824,0,0,0.0010482757609393278,7.595859e-11,7.47615e-09,0.0014261784
5825,0,0,0.004493516878586629,2.808327e-07,4.8474544e-06,0.006084119
5826,0,1,0.23487123652560185,0.56121933,0.06795294,0.231982
5827,0,1,0.1041998164114415,0.0010587516,7.162137e-05,0.10465294
5828,0,1,0.0028947654473241713,4.0718278e-09,2.0005488e-09,0.0037984485
5829,0,0,0.005456801775806183,8.269633e-09,4.5114444e-07,0.0055640247
5830,0,1,0.07985869708590372,7.777366e-06,2.828993e-07,0.07921205
5831,0,1,0.18595203939987334,0.14238964,0.05251897,0.19264005
5832,0,0,0.7282883747453773,0.9994918,0.9999968,0.7159338
5833,0,1,0.06835585030094446,0.005992923,0.00044038834,0.07004564
5834,0,1,0.3131896913277988,0.96367615,0.8123921,0.3132868
5835,1,1,0.4667862918539044,0.98699594,0.8475394,0.4692011
5836,0,0,0.023637721988445368,0.00022128025,0.0017743938,0.023577077
5837,0,1,0.020223552723487883,6.78396e-06,3.291421e-07,0.02041089
5838,0,1,0.006408004506533138,4.0000405e-08,2.1127227e-09,0.0063426946
5839,1,1,0.27885085686982997,0.9485861,0.91073227,0.2853137
5840,1,1,0.09756930821616064,0.012611729,0.002120309,0.09664467
5841,0,0,0.2995132858079547,0.9683387,0.99956924,0.30138552
5842,0,1,0.014638654359637852,4.2457593e-08,2.1783453e-09,0.014888464
5843,0,1,0.06598724307586229,0.005262505,0.001604905,0.08503785
5844,0,0,0.00869313371772614,1.5418259e-07,1.617539e-05,0.009876619
5845,0,0,0.014608536757866941,1.5154981e-05,0.00012075299,0.014603794
5846,0,0,0.10035260601752956,0.018229678,0.21662569,0.103806615
5847,0,0,0.07605206422374712,0.006346843,0.5559286,0.083815545
5848,1,0,0.826025124390862,0.9998863,0.99999785,0.81590706
5849,0,1,0.06910574026058784,0.0013534673,9.2894545e-05,0.06716591
5850,1,0,0.3542293480594405,0.96034414,0.9997347,0.34786272
5851,0,1,0.013985325193523171,7.0491234e-07,4.4594664e-08,0.014063773
5852,0,1,0.013573728728159939,0.00010232522,2.6831642e-05,0.017340189
5853,0,1,0.40576305386074135,0.9851971,0.9003922,0.3952449
5854,0,1,0.07841931129860667,0.008274779,0.002082158,0.084546044
5855,0,1,0.5278916670507471,0.9999293,0.9998658,0.55061793
5856,0,1,0.16390315001994107,0.19824933,0.07640758,0.16215128
5857,0,1,0.2272498807145636,0.8246134,0.3771426,0.22843748
5858,0,0,0.08984661065739777,0.02562592,0.59891206,0.08922665
5859,0,1,0.4793533754415434,0.99841464,0.9964323,0.46464145
5860,0,1,0.03170837060225968,1.9765865e-05,2.866466e-05,0.031006234
5861,0,1,0.18702007736770618,0.8185089,0.07921347,0.18197903
5862,0,1,0.043796583659578205,0.000111232264,7.05609e-06,0.04360592
5863,0,1,0.23038046382063948,0.24929206,0.3965516,0.23919967
5864,0,1,0.5233728174820003,0.9977329,0.9895025,0.53512627
5865,0,0,0.03551621395204006,9.411556e-05,0.0027360232,0.03744335
5866,0,1,0.012871747170478332,4.5648193e-07,3.2210556e-07,0.012533538
5867,0,1,0.11387287481764855,0.004084932,0.0031029978,0.12204767
5868,0,0,0.011794575284308712,5.0474867e-08,5.1858613e-05,0.005783176
5869,0,0,0.012938165856617341,1.9228577e-07,4.113812e-06,0.014536902
5870,0,1,0.03095044243498734,0.0001836073,1.1678014e-05,0.031587295
5871,0,0,0.048304969858271686,5.261383e-05,0.00068199664,0.050400622
5872,1,1,0.32896528626547306,0.8955916,0.57320315,0.33446783
5873,0,1,0.21301234948467807,0.8940211,0.7731564,0.22675547
5874,1,1,0.3410697258051825,0.9848524,0.9146695,0.34121376
5875,1,1,0.7652000530568733,0.9999975,0.9999907,0.767306
5876,0,1,0.38256127245781,0.98579013,0.92977613,0.3856497
5877,0,1,0.15579761227115288,0.3103831,0.13866308,0.16743386
5878,1,0,0.5620761292245561,0.99990904,0.9999993,0.5587269
5879,0,0,0.007523683317510351,1.310159e-07,7.147658e-06,0.007714444
5880,0,1,0.03340182002661528,0.0022487382,0.00076613796,0.044128835
5881,0,0,0.007055960154481898,7.47089e-09,1.0842109e-05,0.007692072
5882,1,1,0.4785009020824196,0.99632144,0.9787267,0.48857203
5883,1,1,0.17313372446761244,0.51631117,0.17260078,0.17337658
5884,0,1,0.0008130945222746408,2.0083078e-11,1.6092745e-13,0.0009604147
5885,0,0,0.08386853053765411,0.02386177,0.4860495,0.08201629
5886,0,1,0.20335151394731207,0.29765826,0.06184294,0.20466813
5887,0,0,0.6983146514730122,1.0,1.0,0.70318437
5888,1,1,0.2427167415424589,0.90914714,0.5827129,0.24484888
5889,0,1,0.053083162438049405,1.1213101e-05,8.488941e-06,0.056929942
5890,0,1,0.06711038065201122,0.0016428705,0.0022104955,0.06684618
5891,0,0,0.012242130365966093,0.00025986243,0.0017510852,0.016405372
5892,0,1,0.17875244508639293,0.11074137,0.006096678,0.18111147
5893,0,1,0.012909106137687847,1.1976924e-08,4.90409e-10,0.012701857
5894,0,0,0.0008514832533447961,7.916977e-12,2.9847103e-10,0.0011254026
5895,0,0,0.03453261164057672,2.1429656e-05,0.010556912,0.034504328
5896,0,1,0.13567815577212358,0.14502703,0.0033948775,0.13270615
5897,0,0,0.012068115258384648,0.00012482156,0.008008981,0.015647572
5898,1,1,0.16405380391126587,0.16485108,0.05543526,0.16935502
5899,0,0,0.03744334104341797,0.0011132259,0.006843288,0.0397291
5900,1,1,0.5759653994290392,0.99957424,0.9983462,0.5823893
5901,0,1,0.6217421141281191,0.99971217,0.9992723,0.62573826
5902,1,1,0.5306619193123946,0.9986527,0.9952506,0.53125334
5903,0,1,0.20709143509781955,0.32566404,0.06861007,0.20764375
5904,0,1,0.014075269818439953,1.1105043e-06,7.7499925e-07,0.0142145995
5905,1,1,0.3262744371782212,0.8376675,0.60726357,0.32168472
5906,0,0,0.0047398546911947,4.198446e-09,2.1073616e-07,0.004932726
5907,0,0,0.019229687916153253,0.00034809182,0.00547406,0.025348777
5908,0,1,0.356555320638475,0.9881434,0.9268567,0.35987306
5909,1,1,0.2178433807730816,0.39840922,0.08875552,0.22096175
5910,0,1,0.3904275986767989,0.9903252,0.962015,0.38736793
5911,1,1,0.30788964348707365,0.93463427,0.76505154,0.3050774
5912,0,0,0.008211147139698083,1.3899882e-09,1.5934623e-07,0.008719372
5913,0,0,0.08578143264712529,0.00046080153,0.07897691,0.09058915
5914,0,0,0.030318522994139653,4.8579026e-05,0.00055480294,0.030841285
5915,0,0,0.20274894417955452,0.24013112,0.91204077,0.21110779
5916,1,1,0.9913501962954263,1.0,1.0,0.9910196
5917,0,0,0.0010635185902298644,1.6401776e-11,1.6276978e-09,0.0013325283
5918,0,0,0.040614880181823215,0.99335253,0.9969344,0.029448237
5919,0,1,0.12915049287157565,0.03283149,0.0046825246,0.12937717
5920,0,0,0.025892399048537896,0.0030853858,0.03983181,0.03278974
5921,1,0,0.7675290706322881,0.9999937,1.0,0.76660323
5922,1,1,0.9745194947247662,1.0,1.0,0.97347337
5923,0,1,0.008433547424419912,1.5444513e-05,2.7345977e-06,0.017010821
5924,0,0,0.13167969779594346,0.119175546,0.70892996,0.1375659
5925,0,0,0.0012727801102034384,1.9267431e-10,8.786957e-09,0.0016846987
5926,0,1,0.010065779568673324,4.061173e-08,7.4432123e-09,0.010819949
5927,1,1,0.9049066362312392,0.9999913,0.99986804,0.90071285
5928,0,1,0.00254034336630977,2.4813854e-08,2.7562652e-10,0.0030162067
5929,0,1,0.2217945259959002,0.97074807,0.78699005,0.2174877
5930,1,1,0.36333373326933904,0.96816784,0.83796495,0.3665507
5931,0,1,0.2054065713608731,0.49065122,0.19738771,0.1979328
5932,1,1,0.8193773475029208,0.9999999,0.99999976,0.82354885
5933,0,1,0.805133670181193,0.99999964,0.99999976,0.80256796
5934,0,1,0.18116266556190616,0.6326684,0.3874821,0.19272451
5935,0,0,0.007025115547688142,6.8163004e-08,4.075124e-06,0.0075693927
5936,1,1,0.99999999999999,1.0,1.0,1.0
5937,0,1,0.020635303830111446,1.9444959e-05,7.0306476e-07,0.020051615
5938,1,0,0.02605572891962926,0.00013450335,0.0015958932,0.027154148
5939,0,1,0.5618736088590243,0.9998851,0.9997652,0.5634723
5940,0,0,0.0758607748446623,0.008001344,0.102837116,0.07593935
5941,0,0,0.004125959092374197,1.124138e-06,8.75667e-06,0.005209627
5942,0,1,0.04786851109795994,0.02319513,0.0037781657,0.05893961
5943,0,1,0.1505239028443384,0.15755849,0.042515688,0.15191846
5944,0,1,0.01719569768199477,2.1787905e-06,1.2673016e-07,0.018008536
5945,0,1,0.0989844538245682,0.0067816726,0.00083765533,0.09902474
5946,1,1,0.9986021347568504,1.0,1.0,0.99851793
5947,0,1,0.008342257366383585,1.6035862e-06,2.192762e-07,0.010156309
5948,0,1,0.0032685917601832978,5.436272e-09,2.3257687e-09,0.0034351137
5949,0,0,0.041992597936213336,0.0016081632,0.03576368,0.04342747
5950,0,0,0.0029629867153500153,3.5924657e-08,1.7727915e-06,0.0065929405
5951,0,1,0.008951825619375213,3.4511933e-05,5.347513e-07,0.010770983
5952,0,0,0.000697428818863437,3.9512677e-12,1.456814e-10,0.00092080346
5953,0,0,0.025349375624122015,2.5437641e-05,0.00013839468,0.02683511
5954,0,1,0.3617475591068944,0.9477333,0.81014776,0.36214602
5955,0,1,0.1445655959632404,0.012308059,0.0014143242,0.14514643
5956,0,0,0.028549514619087557,1.278623e-05,0.00030961857,0.03039934
5957,0,1,0.3139834712774199,0.9685218,0.9268995,0.32614577
5958,0,1,0.07108919941394849,0.0006933526,4.7310292e-05,0.07458263
5959,0,0,0.1166829160703723,0.01695378,0.23814867,0.11169831
5960,0,1,0.24988207551934302,0.94381577,0.79066473,0.25189316
5961,0,1,0.12250218754649238,0.136858,0.003200531,0.11995985
5962,0,1,0.27399765708318946,0.71970314,0.2741991,0.27852103
5963,0,0,0.07383456574666351,0.0071589877,0.13725236,0.07336502
5964,0,0,0.033865681165602055,0.0003513961,0.0030227709,0.034406245
5965,0,1,0.006501908677250542,6.6585515e-09,8.045023e-09,0.0063869287
5966,1,1,0.5910861878549261,0.99554163,0.98448205,0.59206223
5967,1,1,0.4775158255873367,0.9989134,0.9941578,0.4792304
5968,0,1,0.24874769722324305,0.97216344,0.5263539,0.24616766
5969,0,1,0.14827100330965828,0.6563014,0.057096396,0.14340028
5970,0,1,0.005853113159731986,7.246446e-07,4.3231748e-07,0.01330639
5971,0,1,0.059166690493837215,0.00023121152,5.4866192e-05,0.062549874
5972,1,1,0.08642596500819441,0.0005812861,0.00046137598,0.091202036
5973,0,1,0.30306877523399806,0.876999,0.7146081,0.31684485
5974,1,1,0.6903530324087712,0.9999672,0.99991965,0.6938646
5975,0,1,0.24726196049070193,0.01922233,0.0074222186,0.2522174
5976,0,0,0.006379506182518153,5.8636138e-06,7.391656e-05,0.0079199895
5977,0,1,0.032608547505042655,5.5059154e-06,2.708916e-06,0.032832626
5978,0,1,0.4399601553639133,0.9994312,0.9987947,0.4523791
5979,0,1,0.15571503852878446,0.15196307,0.027967501,0.15313974
5980,0,1,0.32739407895259265,0.8140558,0.41855803,0.33299825
5981,0,0,0.004783100663039976,1.0568128e-08,2.3019675e-07,0.004493049
5982,0,1,0.005907281682087821,1.2056811e-06,4.276241e-07,0.007485082
5983,0,0,0.9056853642526258,1.0,1.0,0.9062349
5984,0,1,0.6338423543293341,0.9995697,0.9996783,0.6380573
5985,1,1,0.5281909900762431,0.9983833,0.99403715,0.529757
5986,0,0,0.022317128867361796,1.0798653e-06,1.1231563e-05,0.022540897
5987,0,1,0.04916628138282213,0.00048558007,3.398234e-05,0.050503846
5988,0,0,0.005279063177398054,1.6603153e-05,0.00020715989,0.0066278884
5989,1,1,0.9107173222139997,0.9999987,0.99998975,0.91014314
5990,0,1,0.01480028236555243,3.4937286e-05,1.1679719e-05,0.017671445
5991,0,1,0.43085084187606526,0.99740595,0.9994566,0.44664544
5992,0,1,0.2717546642032205,0.9810075,0.960556,0.28887624
5993,0,1,0.3243144119941276,0.9631239,0.8450672,0.33285302
5994,0,1,0.31457349269048696,0.9834267,0.9500377,0.31755155
5995,0,1,0.002599186052225474,1.0891306e-09,4.7373293e-11,0.005368475
5996,0,0,0.015945189622293077,3.0479207e-06,0.00015174365,0.015642652
5997,0,1,0.011982621795822846,0.00614308,0.00056484534,0.024937702
5998,0,0,0.0019029695729676532,3.3965573e-09,1.6361795e-07,0.0025436843
5999,0,0,0.004058370347127356,1.3349702e-07,1.6204799e-06,0.005011863
6000,0,0,0.01621193336136102,0.0021738943,0.027920017,0.020160452
6001,1,0,0.8794707001470482,1.0,1.0,0.87719923
6002,0,1,0.16661418537987818,0.23916167,0.045689516,0.1688115
6003,0,1,0.01135534554828219,2.2871947e-05,2.2448614e-06,0.013724881
6004,0,1,0.49126866129433516,0.9983682,0.98689795,0.50715256
6005,0,1,0.12806412533341335,0.01608467,0.0038311842,0.13149513
6006,1,1,0.8334370635192091,0.9999964,0.99999404,0.83017486
6007,0,0,0.27972228976707125,0.650494,0.9996009,0.2786813
6008,0,1,0.0492625210711591,0.00096728175,5.5807435e-05,0.051208604
6009,0,1,0.41273325379258885,0.9852345,0.9742114,0.40527332
6010,0,1,0.3347154809002319,0.9814586,0.89682513,0.33490998
6011,1,1,0.6768305239696097,0.99998534,0.9999666,0.67250204
6012,1,1,0.9461461849870558,0.9999999,0.9999994,0.945281
6013,1,1,0.7825243998033315,0.99997723,0.99989533,0.77972394
6014,0,0,0.10315734676161026,0.011324245,0.4202673,0.1082143
6015,1,1,0.24655198829042985,0.8870844,0.57482177,0.24148703
6016,0,1,0.04764010541280353,0.023585575,0.003916546,0.058491457
6017,1,1,0.46870639221854293,0.9825917,0.835195,0.47225446
6018,0,0,0.001044380397617859,1.079647e-10,1.7642394e-09,0.0014269366
6019,1,1,0.4755401336372194,0.9996961,0.99894613,0.4719461
6020,0,1,0.013884662562689299,8.3026796e-05,1.3487488e-05,0.01682157
6021,0,1,0.024918006608780654,5.787055e-06,3.0941267e-06,0.026555339
6022,0,1,0.001729481431632324,2.3655197e-12,6.63007e-14,0.0021439488
6023,0,1,0.21994689041381907,0.4488894,0.11041959,0.22073415
6024,0,1,0.34727714276843624,0.9741666,0.8669436,0.3514001
6025,0,0,0.009043057705118733,1.9640611e-08,3.9801657e-06,0.009413314
6026,0,1,0.04333266535128264,2.5494712e-05,2.412805e-06,0.044317424
6027,1,1,0.0933688952292047,0.0027716549,0.0024145322,0.097273864
6028,0,1,0.19668044192321416,0.26120162,0.26433042,0.2046559
6029,1,1,0.31919133761823915,0.9451411,0.7489774,0.32093114
6030,0,1,0.533203342489394,0.99958825,0.99975556,0.52820224
6031,0,0,0.001049999292747081,7.002106e-11,1.7373123e-08,0.0013488067
6032,1,0,0.9952579643776743,1.0,1.0,0.9946519
6033,0,1,0.0017420679191677865,1.6209731e-11,6.8841105e-12,0.0017096219
6034,0,0,0.02817376490237861,0.0010030093,0.009107795,0.028273616
6035,0,1,0.04469441249914031,0.014246272,0.0023002,0.055030834
6036,1,1,0.8971997210281825,1.0,0.9999999,0.89626265
6037,0,1,0.19075843426664993,0.66961884,0.5576327,0.22450364
6038,0,0,0.10956056078215062,0.07563252,0.6729984,0.1126694
6039,1,1,0.6697955154120828,0.9999385,0.99989986,0.6633038
6040,0,0,0.03283344504788361,1.4498111e-05,0.00014228634,0.03214327
6041,1,0,0.14569769289421663,0.17728847,0.778515,0.13970096
6042,0,1,0.05696770567018001,0.00033715877,7.9294565e-05,0.061395634
6043,0,1,0.25375805605894275,0.7195212,0.27092138,0.25665817
6044,0,0,0.05178611978252126,0.0011290384,0.027501749,0.05256445
6045,1,1,0.7622972306350184,0.99929726,0.9898072,0.76170677
6046,0,1,0.1480043356846315,0.08679044,0.01261979,0.14811009
6047,0,1,0.000809501773598815,6.590997e-10,1.1007479e-10,0.0016996217
6048,0,1,0.36500985719148027,0.9986443,0.9893567,0.3750583
6049,0,0,0.019981838026043038,0.00044079573,0.005549617,0.025277277
6050,1,1,0.8517958057122074,0.99997246,0.9996376,0.8470095
6051,0,0,0.008340614061731578,1.2147812e-07,6.5055265e-06,0.0109009445
6052,0,1,0.029642853381121076,2.6893044e-06,6.7408155e-06,0.02973763
6053,0,0,0.05660553731833407,3.2199518e-05,0.0052341344,0.06021679
6054,0,1,0.03497937668249514,3.9322815e-05,5.6119825e-06,0.033771712
6055,1,1,0.40359446262584764,0.99119276,0.9749034,0.40180606
6056,0,1,0.15695256490138082,0.5717883,0.2504651,0.15520531
6057,0,0,0.0007446791701651891,6.85998e-12,2.6259564e-10,0.0009782466
6058,1,0,0.850686365745355,0.99999976,1.0,0.848965
6059,0,1,0.02919898322211867,1.1409661e-05,1.8102073e-05,0.03083079
6060,1,1,0.7920934700641727,0.99986076,0.99930286,0.79263467
6061,0,1,0.032916898749145065,0.0001709184,4.5632645e-05,0.035098616
6062,1,1,0.140915066643107,0.07652659,0.0075273197,0.14352693
6063,0,1,0.001540669843436964,6.1350744e-11,3.5899038e-12,0.0018823222
6064,0,1,0.008124304348465745,1.25369475e-08,6.6682864e-09,0.008333626
6065,1,1,0.08174534509369766,0.004121917,0.0015067691,0.077564366
6066,0,1,0.03219350339728001,8.812156e-05,9.767373e-06,0.031054579
6067,0,0,0.037601362034413915,0.00082632055,0.0090223085,0.040498316
6068,0,1,0.1836830722456139,0.44105878,0.11890072,0.18210025
6069,1,1,0.4470429382797173,0.96188384,0.7516532,0.44359094
6070,0,0,0.04534817833626911,0.0051423716,0.03314517,0.0480854
6071,0,0,0.010871610049327306,6.8321606e-06,0.0002348676,0.014923262
6072,1,1,0.3561000336692308,0.98046094,0.8936875,0.35780257
6073,0,1,0.004950244131706096,7.013557e-07,1.6693704e-07,0.006743284
6074,0,1,0.006887491173624334,1.1866832e-06,2.5493947e-07,0.008862671
6075,0,1,0.021407637129210195,2.523659e-06,9.8526115e-08,0.021055128
6076,0,0,0.09041485004529233,0.0058740145,0.25850165,0.09072589
6077,0,0,0.38342848298910753,0.9866212,0.998755,0.37670913
6078,0,1,0.7250293344300754,0.99991906,0.99951816,0.72849447
6079,0,1,0.5553355318633741,0.99974924,0.9994561,0.55660623
6080,0,0,0.04494813247738447,0.00011437895,0.00061667967,0.044732843
6081,1,1,0.8831275712715434,0.9999821,0.9999188,0.87979376
6082,0,0,0.012638715626124472,2.1986146e-07,1.1725128e-05,0.013999782
6083,0,1,0.023806413427059043,2.939193e-05,2.3463006e-06,0.023468608
6084,0,0,0.01592045507079434,4.413945e-05,0.0028222825,0.019775162
6085,0,0,0.0045423235303304,4.901383e-07,5.346557e-06,0.005565471
6086,1,1,0.18285833597370255,0.8850098,0.4917171,0.18182436
6087,0,0,0.0035056767054050205,2.977376e-07,2.107634e-06,0.0044119414
6088,0,1,0.010515326661672925,7.0001103e-09,2.8362306e-09,0.0113882525
6089,0,0,0.03457285082343299,0.00096886815,0.03522925,0.03205493
6090,0,1,0.28139000888164856,0.7910482,0.3715709,0.28582883
6091,1,1,0.9956534971940101,1.0,1.0,0.99534756
6092,0,0,0.009938466101428024,6.233658e-08,2.3645562e-06,0.011095592
6093,0,0,0.009938629928812085,1.0530008e-06,8.609869e-06,0.010482481
6094,1,1,0.3080125031625515,0.12116552,0.082797505,0.30282816
6095,0,0,0.03527316672181501,0.069338985,0.035609126,0.023895402
6096,0,0,0.007944404346790654,6.2724657e-09,2.3695553e-07,0.008865488
6097,0,1,0.7075772984002087,0.99985325,0.99862325,0.7117869
6098,1,1,0.9731517012489567,1.0,1.0,0.9728909
6099,1,1,0.7774800127280727,0.9999931,0.99995625,0.77339995
6100,0,1,0.07892010343628865,0.000947059,0.00012764886,0.081652746
6101,0,1,0.019248144972305106,8.250946e-06,7.141745e-07,0.018680355
6102,0,0,0.06558959450113092,0.0022284312,0.042262997,0.066132106
6103,0,0,0.004242829437401812,6.246041e-07,1.01469695e-05,0.005344949
6104,1,1,0.9107363712966006,0.99999964,0.9999993,0.90684843
6105,0,0,0.061594264735520585,0.003656513,0.06315825,0.06333519
6106,0,1,0.014001948769118597,2.523901e-08,1.1110143e-09,0.013703971
6107,1,1,0.6577754734714553,0.999815,0.9995474,0.6602388
6108,0,1,0.2410177278897977,0.8643961,0.37587228,0.24990627
6109,1,0,0.8344583498711853,0.9989889,0.9999882,0.82343966
6110,0,1,0.016912078388001888,1.3127871e-05,1.5699402e-07,0.014742515
6111,0,0,0.016058886323227717,3.1335054e-05,0.00025098713,0.015805516
6112,0,1,0.16091102424149778,0.023026885,0.0011428512,0.16430151
6113,0,1,0.003493146636031744,1.256707e-07,1.5104564e-09,0.004182129
6114,0,1,0.0013880206669951046,7.3136796e-14,1.8935013e-15,0.0013225864
6115,0,1,0.4718542017226348,0.99698985,0.98738897,0.4793646
6116,1,1,0.4706416161864392,0.9537319,0.6266417,0.47258922
6117,0,1,0.2226146857326433,0.23346873,0.031179328,0.21839032
6118,0,0,0.615818320117877,0.9999912,0.9999999,0.6105246
6119,0,1,0.21071523070165799,0.12426545,0.12628837,0.22213249
6120,0,1,0.004352613214702478,1.2032357e-08,1.9236264e-09,0.0056492323
6121,0,1,0.05377697313405627,0.0008800862,7.267198e-05,0.05591423
6122,0,1,0.15839634491277588,0.29692468,0.053033285,0.1630562
6123,0,0,0.11466955206196039,0.0057372386,0.77714545,0.11674049
6124,0,1,0.03619649656735143,0.000964277,0.00029052043,0.037928116
6125,0,1,0.46398284937379025,0.9976052,0.9885511,0.46750116
6126,0,1,0.26254752131070486,0.8113152,0.34113932,0.26399454
6127,1,1,0.855225127534529,0.9999993,0.9999943,0.8543488
6128,1,1,0.012066981147336318,1.8784132e-07,5.202546e-09,0.011346181
6129,1,1,0.99296038416812,1.0,1.0,0.99254876
6130,0,1,0.430764510484873,0.9980071,0.9937959,0.43292704
6131,0,1,0.031359318894958244,0.0010574547,1.7285014e-05,0.029797414
6132,1,1,0.16753821052119364,0.6924855,0.045891188,0.16378142
6133,0,1,0.6617677374489345,0.9999745,0.9998903,0.6636596
6134,0,0,0.01743163174344666,1.9077634e-05,0.00084131607,0.018503
6135,1,1,0.7708700197898187,0.99999666,0.9999924,0.7740668
6136,0,1,0.1342741013029596,0.04408637,0.013674401,0.14327212
6137,0,1,0.10805624033737853,0.027093116,0.061458204,0.11913568
6138,0,1,0.003858847204388544,3.369449e-07,8.71868e-08,0.005128792
6139,0,0,0.09262402588121241,0.01827605,0.38986087,0.09338216
6140,0,1,0.007224167243867291,1.8089053e-06,2.9169195e-07,0.016726414
6141,1,1,0.6329269556732299,0.9996968,0.9986369,0.6381263
6142,0,1,0.028719922530588474,1.7536759e-05,1.9078643e-06,0.027962044
6143,0,1,0.14150864612243635,0.00049167074,3.0506853e-05,0.14467776
6144,0,0,0.06092621828078411,0.0006054941,0.0026660971,0.05881289
6145,0,1,0.2685666878301953,0.6909886,0.24265403,0.26581764
6146,0,1,0.22359474995736475,0.39804417,0.038838714,0.22684337
6147,0,1,0.07092850492974677,0.009376813,0.0007383079,0.072012916
6148,1,1,0.8011703040164745,0.9999863,0.99993145,0.7969555
6149,0,1,0.012343739959439036,2.0522228e-05,2.6653063e-06,0.015342071
6150,0,1,0.05843564390785864,0.0012643014,0.00024325556,0.059243076
6151,1,0,0.02720276990562909,0.004525086,0.08491439,0.034309488
6152,0,1,0.12987285535516527,0.37758285,0.1341913,0.13476126
6153,0,1,0.26057023232058674,0.0856837,0.0028818205,0.26002464
6154,1,1,0.7929366019428415,0.9999993,0.99999774,0.7953929
6155,1,0,0.3169893691144596,0.9805592,0.9997871,0.31408003
6156,0,0,0.003374521464032894,1.4239827e-09,1.9936427e-07,0.0033867077
6157,0,0,0.04557662261221952,0.008112813,0.07295217,0.045716073
6158,1,1,0.5290425519415966,0.99407756,0.9893283,0.52697974
6159,0,1,0.3220683382748765,0.9595767,0.84660506,0.31867355
6160,1,1,0.3958326550482873,0.9867229,0.91422355,0.40410358
6161,1,1,0.25194509927460523,0.82683486,0.607811,0.2596021
6162,0,0,0.012606492325166103,4.346546e-06,3.1275435e-05,0.012574388
6163,0,1,0.22340269489199896,0.42084697,0.09167079,0.22681756
6164,0,1,0.21534756251561418,0.42032537,0.03665565,0.21690759
6165,0,0,0.008731643373108625,1.8297851e-07,1.1051848e-05,0.009503543
6166,1,1,0.1405773350901704,0.32583722,0.070525564,0.13682072
6167,0,0,0.015994580838677143,1.1368716e-06,4.913842e-05,0.017746994
6168,0,0,0.018683474990103255,9.075211e-06,0.00025155995,0.01871016
6169,0,0,0.023361866940440273,7.4887634e-05,0.0009507649,0.024061216
6170,0,0,0.013682485003783362,2.7374e-07,9.629536e-06,0.013781203
6171,0,1,0.18624400544509728,0.36940858,0.11424882,0.18382898
6172,1,1,0.9987682355025512,1.0,1.0,0.99870217
6173,0,0,0.012586091400733981,4.506638e-06,3.2999695e-05,0.012519417
6174,0,0,0.0015764110051555938,5.7145493e-11,2.1571636e-09,0.0017123243
6175,0,1,0.1831117211209731,0.10198665,0.00066495594,0.1710733
6176,0,1,0.0736254585474551,0.00523412,0.00039469753,0.0758049
6177,0,1,0.02579702697533638,0.0001653225,3.123651e-05,0.031996883
6178,0,1,0.003326337846610626,7.9547576e-08,9.0568586e-10,0.0039814855
6179,1,1,0.9177303009095115,0.9999999,0.9999989,0.9173162
6180,0,0,0.05313999114104011,0.0006904901,0.013264329,0.05442125
6181,0,1,0.004210589301620098,2.332677e-09,3.3842447e-09,0.0055119973
6182,1,1,0.7455542167006095,0.99999344,0.9999958,0.74355215
6183,0,1,0.0719795732856004,0.0015374632,0.00014157109,0.074504
6184,0,1,0.025129803575655224,2.4495394e-06,3.5717212e-06,0.031217355
6185,0,1,0.09563385804841988,0.0013928674,0.000606573,0.098736115
6186,0,1,0.006327765488004843,3.7056836e-07,1.2160864e-07,0.0076783844
6187,0,0,0.020093979063453928,6.1812775e-06,0.00026443318,0.020314092
6188,0,0,0.0012861901077832719,4.0826822e-10,6.4422263e-09,0.0017749816
6189,1,1,0.09235598383126065,0.69217926,0.21388584,0.16735807
6190,0,1,0.00263860135339363,4.0673727e-09,2.0236701e-10,0.0033666173
6191,1,1,0.5663953072980945,0.9999263,0.9995732,0.5720402
6192,0,1,0.2816344010218082,0.83628,0.5203739,0.2791879
6193,1,1,0.2255695724233368,0.109004125,0.29149064,0.23436289
6194,0,1,0.24057110733114728,0.51122063,0.1480453,0.24223153
6195,0,0,0.011358022716725466,0.00018096095,0.0016046133,0.014580153
6196,0,1,0.028007479518931046,0.0008944038,2.0207824e-05,0.026644757
6197,0,1,0.008502553105892995,0.00046304674,6.2392624e-05,0.010294022
6198,0,1,0.06008357902450766,0.00079437724,8.521199e-05,0.058848366
6199,0,1,0.44351642004242,0.99327666,0.98688275,0.43118587
6200,1,0,0.5137593825051155,0.99512035,0.9999504,0.5132852
6201,0,1,0.19933213081994294,0.85263807,0.621539,0.20875281
6202,0,1,0.9180538934366709,0.9999999,0.9999995,0.91982174
6203,0,1,0.0756845590652064,0.0021742946,0.00040554014,0.07335428
6204,0,1,0.1250681597189063,0.11219399,0.011900699,0.12539656
6205,0,0,0.003918289022104889,5.5800538e-11,1.5862088e-09,0.004264785
6206,0,1,0.004586634911245339,2.5709125e-05,7.169471e-07,0.009036064
6207,1,1,0.674449036824499,0.9998437,0.99966323,0.668705
6208,1,1,0.5337507419729404,0.999116,0.99545276,0.5386649
6209,0,1,0.3314427732588832,0.9557563,0.75952,0.34258333
6210,0,1,0.0033084389695307156,4.11147e-06,5.1886843e-08,0.0038289735
6211,0,1,0.0644405471703536,0.00025770083,0.0002812162,0.06773367
6212,0,0,0.013600318174012693,3.7849568e-06,3.0023597e-05,0.013967092
6213,0,0,0.001224960773165107,3.4846978e-10,5.914539e-09,0.0016809079
6214,0,1,0.07180587016859313,0.0070015006,0.017033026,0.09510814
6215,1,1,0.8307150071368883,0.9999999,0.9999995,0.83428013
6216,0,1,0.348910216331139,0.97447145,0.9361975,0.36104998
6217,0,1,0.1609048874543599,0.113962,0.113745034,0.16831341
6218,1,0,0.9266807830208509,0.9999838,0.99999475,0.9253687
6219,1,0,0.6215736776228582,0.9998338,0.9999976,0.61109954
6220,0,1,0.0637318509145832,8.615308e-05,3.055945e-06,0.06256412
6221,0,1,0.22009869282209296,0.70449877,0.37425217,0.2186264
6222,0,1,0.8342008264243598,0.99999964,0.99999833,0.82956165
6223,0,1,0.034021168347248686,4.0042836e-05,6.2478625e-06,0.032643456
6224,0,0,0.017602797600822322,2.0511367e-05,0.00014667038,0.01780334
6225,0,0,0.003995594780957573,1.3320481e-09,6.6922304e-08,0.004114141
6226,1,1,0.15598284548860886,0.37444955,0.08452566,0.15502732
6227,0,0,0.08563312528033654,0.025045069,0.37825054,0.0850331
6228,1,1,0.710403437795672,0.99998677,0.9999511,0.7143709
6229,0,1,0.44826604967568323,0.9573453,0.8080178,0.4551281
6230,0,1,0.013801449248948121,1.5773675e-06,2.0932955e-06,0.0135030905
6231,0,1,0.21870412874677425,0.90633684,0.7880906,0.23187326
6232,0,1,0.0904643763403053,0.014783614,0.0018660467,0.094885774
6233,0,1,0.008558193547588924,3.3590095e-05,3.0492727e-06,0.010508679
6234,1,1,0.4084428928515779,0.9816534,0.9453472,0.40730315
6235,0,0,0.0044355998291646095,1.8801116e-10,6.358592e-09,0.004868639
6236,0,1,0.18331974919267016,0.07640801,0.027826615,0.1992383
6237,1,1,0.8385238203305762,0.9997921,0.99711573,0.83520216
6238,0,0,0.08611716944860986,0.028302481,0.41565937,0.08514041
6239,0,1,0.04147079938422716,0.034570027,0.0074430523,0.050758388
6240,0,1,0.0005260148911121823,1.5413728e-13,5.5491703e-14,0.00066866603
6241,0,1,0.1438136279949326,0.028321596,0.0032210234,0.14949898
6242,1,1,0.4967781884374559,0.9994623,0.9968136,0.50253505
6243,0,1,0.020752869872284585,1.1397808e-05,1.5556045e-06,0.019872451
6244,0,0,0.004454244320777271,3.8994918e-10,2.7713657e-08,0.004746774
6245,1,1,0.2733509753089442,0.8087496,0.4843057,0.27105224
6246,1,1,0.16440916468938938,0.14853811,0.027877798,0.16443382
6247,0,1,0.015389889963824375,2.142636e-06,1.4438037e-07,0.015011025
6248,1,1,0.23439862327611888,0.9728725,0.42005333,0.2298575
6249,0,1,0.04082142582296572,3.292281e-05,5.8195033e-06,0.04399451
6250,0,1,0.0005975840914099175,1.2640385e-12,8.1050585e-13,0.0007539206
6251,1,1,0.8825843170148291,0.9999988,0.9999932,0.8797913
6252,0,1,0.23122181234611838,0.573261,0.17294538,0.2315993
6253,0,0,0.4737320864093542,0.9976144,0.9999794,0.47234702
6254,0,1,0.16389474242895974,0.058112074,0.006013005,0.15761705
6255,0,1,0.9214387618595438,1.0,1.0,0.9211929
6256,0,1,0.3846460876018111,0.91218996,0.68719745,0.3901376
6257,0,1,0.6876404628676828,0.9999633,0.99990714,0.6886373
6258,1,0,0.02115647212668988,4.3755063e-05,0.0009160544,0.021214223
6259,0,0,0.002813058517802861,2.1725113e-13,2.3498705e-12,0.0029372273
6260,0,0,0.0779921037730333,0.0019612873,0.093750045,0.080782704
6261,0,0,0.030539127329299823,0.00024112173,0.005557233,0.029322611
6262,1,1,0.9981364436250765,1.0,1.0,0.9980323
6263,0,1,0.03258549884216244,0.0052796504,0.0010146638,0.03975357
6264,1,1,0.5127946805409801,0.9974949,0.9907301,0.51437664
6265,0,1,0.46891398083236047,0.99947715,0.9957982,0.47848883
6266,0,0,0.1947853845506297,0.10597453,0.7402772,0.20046501
6267,0,1,0.14219295565906412,0.14616975,0.027830103,0.14071906
6268,0,0,0.08352229358954152,0.26086745,0.93193316,0.08694054
6269,0,0,0.02394132676341859,4.405858e-05,0.00021361711,0.02621068
6270,0,0,0.018536232192658413,3.7074124e-06,0.00069530663,0.020785864
6271,0,1,0.03960225193977131,0.0001721853,1.8758148e-05,0.038734928
6272,1,1,0.18343087661413948,0.5337331,0.25917464,0.18755785
6273,0,0,0.03806662507869743,0.00026406182,0.0025479828,0.039918788
6274,0,0,0.1317541379355779,0.37927127,0.9515662,0.13021357
6275,0,1,0.2515996173350351,0.84775144,0.7382197,0.2599521
6276,0,0,0.1316063091900911,0.031019758,0.12052216,0.14120597
6277,0,1,0.003294094447998815,3.5966618e-08,2.1931841e-08,0.0042178505
6278,0,1,0.3146193953148866,0.95270604,0.73751855,0.31306815
6279,0,1,0.16476434186296254,0.20439999,0.021888657,0.16919391
6280,0,1,0.3969049373996292,0.9587843,0.9763584,0.40316096
6281,0,0,0.011083542378277089,1.1020435e-07,1.7298387e-05,0.011930223
6282,0,0,0.015329208957411805,3.6186125e-07,5.4300276e-06,0.015054544
6283,0,1,0.11897102916341878,0.010471265,0.0027455466,0.124756955
6284,0,1,0.05673045866365673,0.0004449456,6.1644896e-05,0.056025345
6285,0,0,0.02376632504514198,0.00024041998,0.0015764079,0.024439264
6286,0,1,0.07178623926134213,0.00078319886,0.000100859994,0.07396266
6287,0,0,0.008380413314719759,2.7547122e-08,9.756421e-07,0.009279185
6288,0,1,0.14977547177630254,0.11674869,0.020861724,0.14712293
6289,0,1,0.023104519243934443,2.4224348e-05,3.3398862e-06,0.022302587
6290,0,0,0.0025943165395915417,6.511794e-08,3.4698255e-07,0.003397886
6291,0,1,0.2832998527542045,0.93562436,0.67773163,0.28513032
6292,0,0,0.06125957446723621,0.00072880636,0.01873355,0.06108158
6293,0,0,0.03675416216635345,0.0006733003,0.005947908,0.037332878
6294,1,1,0.15975589842929994,0.21154708,0.036056716,0.1605593
6295,1,1,0.7632061331769705,0.9999994,0.9999982,0.7641226
6296,0,1,0.1952543660856788,0.2099754,0.03771172,0.1964669
6297,0,0,0.0019866060392587336,3.3942283e-11,8.978976e-10,0.0020782917
6298,1,0,0.07530171748934571,0.009229981,0.17633002,0.07439858
6299,0,0,0.002432831833089848,1.7658441e-10,2.6360608e-08,0.0024137443
6300,0,1,0.1797833871374275,0.88826364,0.80356574,0.2202761
6301,0,1,0.036429559504481686,0.000152437,1.0399579e-05,0.0360438
6302,1,1,0.8510167383974173,0.9999262,0.9989611,0.8486916
6303,0,1,0.10504446674404212,0.03127597,0.007023246,0.1061195
6304,0,1,0.5483940817624189,0.9995928,0.99846584,0.5532717
6305,0,1,0.2350841906655997,0.2608833,0.01214042,0.24211489
6306,0,1,0.08210729785295864,0.0019986501,0.00018691992,0.08557729
6307,0,1,0.13523523261523923,0.027675865,0.009384803,0.13236687
6308,0,0,0.049771418112346165,0.0006175537,0.067238905,0.050431043
6309,0,1,0.2735016660466325,0.7259838,0.28410497,0.27744433
6310,0,1,0.2986234943782317,0.86683977,0.81651986,0.28835267
6311,1,1,0.7171314815745611,0.99999344,0.9999753,0.7197522
6312,0,1,0.08465244132613356,0.012639336,0.0021126652,0.0836903
6313,1,0,0.33130154510483195,0.9901189,0.9999019,0.32545903
6314,0,1,0.24206264937743793,0.0042071254,0.020363068,0.13104738
6315,0,1,0.06850048578523152,0.11235204,0.038894434,0.08531171
6316,0,1,0.014296030015252892,1.00890304e-07,2.6656875e-07,0.013742617
6317,0,1,0.0074731981657562485,0.000355613,0.0016948129,0.011929862
6318,1,1,0.629639513702818,0.99991035,0.9996666,0.629609
6319,0,1,0.21768388673095673,0.5709262,0.1405587,0.22141106
6320,0,1,0.0457172119311132,0.0012337627,0.00034415463,0.046411283
6321,0,0,0.017084773144624147,2.7994893e-06,0.000119216915,0.019095011
6322,0,0,0.058757873965311506,0.0012047958,0.024912387,0.058545314
6323,0,1,0.06220734038826908,2.3298126e-05,1.6785112e-06,0.060726956
6324,0,1,0.010083795333517637,4.84252e-07,1.8597916e-07,0.013580725
6325,0,0,0.1112179687286766,0.03300298,0.7288167,0.114905655
6326,1,1,0.7232496976873282,0.99999523,0.9999882,0.7297715
6327,1,1,0.16887078511272605,0.5265302,0.30536693,0.18033479
6328,1,0,0.24297096017725744,0.7619092,0.9962567,0.23836303
6329,0,0,0.0008402394166587616,1.4821112e-10,4.0357895e-09,0.0011345814
6330,0,1,0.0008372857364204369,2.3737275e-12,9.658722e-13,0.001069916
6331,0,0,0.6016750632304249,0.9767322,0.99972004,0.59033084
6332,1,1,0.7643717098949523,0.99999774,0.99999225,0.76857966
6333,0,1,0.10384519097474292,0.00026736475,0.0005331834,0.10253434
6334,0,0,0.0034832999101960275,7.079136e-07,5.4075067e-06,0.0043654875
6335,0,1,0.12536315420074137,0.20074418,0.036416736,0.12211633
6336,0,0,0.0021820918297471513,6.3958616e-09,3.558042e-08,0.002770959
6337,1,1,0.544837707655348,0.999652,0.9992204,0.543208
6338,0,1,0.058905102835714755,0.30403143,0.087331794,0.11778775
6339,0,1,0.00941632612563823,2.2448983e-08,2.9635132e-09,0.010007541
6340,1,1,0.5599333168408636,0.99985576,0.9993667,0.5648399
6341,0,0,0.024436063855471164,6.8372256e-06,6.18165e-05,0.025939623
6342,0,1,0.22374187017410316,0.8083862,0.30841255,0.23168388
6343,0,1,0.29093297348005426,0.9301656,0.69189763,0.29303336
6344,0,1,0.049560657460550876,0.00048324637,9.930555e-05,0.04964364
6345,0,1,0.7230629045187783,0.99998367,0.9999782,0.7211328
6346,0,1,0.637927517498672,0.9996321,0.99971515,0.63432395
6347,0,0,0.0038500201324017627,4.3825628e-09,2.1485607e-07,0.0039116936
6348,1,1,0.4353982419218311,0.99938047,0.9986974,0.44581184
6349,0,1,0.5390888057903018,0.99982107,0.99891967,0.5472827
6350,0,1,0.024039932243489933,2.5838458e-06,3.5551125e-07,0.023024792
6351,1,1,0.9195778185895688,0.99999917,0.9999912,0.91663235
6352,1,1,0.3593842626233354,0.98034006,0.93866414,0.36300895
6353,0,1,0.0015543047975964573,5.1304582e-11,2.3603378e-11,0.0019944126
6354,0,0,0.033645403723255335,1.1878317e-05,0.0003594053,0.031666342
6355,1,1,0.47737764102204266,0.99709725,0.98709685,0.48034343
6356,1,1,0.9948866286549143,1.0,1.0,0.9946129
6357,1,1,0.5251632695808349,0.9980166,0.9923598,0.5284585
6358,0,1,0.044736508497986285,0.00039366866,7.078998e-05,0.042857174
6359,0,1,0.13991180076097914,0.010293833,0.00052372605,0.14202991
6360,0,1,0.08065339516535554,0.0018744736,0.00017981441,0.083735734
6361,0,0,0.11411057758083354,0.0022746506,0.06793261,0.109403856
6362,1,1,0.5242048601007531,0.99841547,0.99310607,0.5317827
6363,0,1,0.29762527318743126,0.9663467,0.9073176,0.31160304
6364,0,0,0.012539335484831061,3.741956e-08,1.7559904e-06,0.012076684
6365,0,0,0.005575302163766494,3.406313e-10,1.0389371e-08,0.0057507725
6366,0,1,0.04612545118437959,0.01870903,0.0030892217,0.056639683
6367,0,0,0.006874981281890504,1.5762952e-06,1.7766619e-05,0.008744693
6368,0,0,0.9949080324574983,0.99999964,0.9999999,0.9940813
6369,0,1,0.19919215853978703,0.38329726,0.05750504,0.2067742
6370,0,1,0.13610311105797493,0.030049725,0.02344025,0.13643225
6371,1,1,0.14589252005683562,0.25972056,0.043629736,0.14454928
6372,0,0,0.005826898449815409,1.2033592e-09,8.864933e-09,0.005769369
6373,0,0,0.8230333166434516,0.9998965,0.99999976,0.816231
6374,1,1,0.49132816626581405,0.9993807,0.9990252,0.48298696
6375,0,0,0.4020822868372099,0.9504056,0.9997626,0.39097908
6376,0,1,0.19676527298507446,0.5062994,0.08694465,0.20431533
6377,0,1,0.017431001955432353,4.2038637e-06,5.222323e-07,0.016767109
6378,0,0,0.004836150260533109,4.0556905e-09,6.7466104e-08,0.005292819
6379,1,1,0.3356789239198146,0.9856038,0.95059854,0.330974
6380,0,1,0.2913221507144866,0.9217369,0.6493988,0.29233104
6381,0,1,0.003492907187583928,3.3915907e-07,4.5357513e-09,0.004144629
6382,0,1,0.5331212930282019,0.9999064,0.999516,0.5318549
6383,0,1,0.7912119386028577,0.99999905,0.9999982,0.79683894
6384,0,1,0.017681975571739752,0.00021232966,2.6223533e-05,0.021779252
6385,0,1,0.0518646824141527,3.062527e-06,2.347862e-07,0.050427597
6386,1,0,0.4454510695183705,0.9993769,0.9999944,0.44119045
6387,1,0,0.8914436799622627,0.99997246,0.99999976,0.8817646
6388,0,1,0.4634067667824047,0.9832162,0.9770685,0.44214505
6389,0,1,0.0657678191443119,0.0011783118,0.00029592466,0.06954322
6390,0,1,0.4320125313193523,0.7903486,0.4975347,0.4168825
6391,0,1,0.30856817844113155,0.92719764,0.73001474,0.30465665
6392,0,1,0.01072853384740095,1.262992e-07,7.406858e-09,0.010468952
6393,0,0,0.00019468779313290292,7.408818e-10,3.8194178e-10,0.00028147397
6394,0,0,0.0002959769973075036,9.2180136e-14,3.252407e-12,0.0003823045
6395,0,0,0.010691223244440448,3.779928e-05,0.00042096167,0.0134826265
6396,0,1,0.022948952500616744,1.1624957e-05,7.6294765e-07,0.023294868
6397,0,1,0.007483438489202264,5.8832798e-06,7.295521e-08,0.009095797
6398,0,1,0.025576586543621264,2.4656483e-05,3.2910035e-07,0.024689259
6399,1,1,0.4465260788141358,0.9972435,0.98212355,0.45353517
6400,0,1,0.2308997525610647,0.82900167,0.32730708,0.24062055
6401,0,1,0.5655249495620202,0.98151857,0.94102716,0.5554051
6402,0,0,0.16172153865291555,0.6544279,0.968422,0.16182922
6403,1,1,0.7666150317859836,0.9999956,0.9999894,0.76852494
6404,0,0,0.0167217828741929,1.5205418e-05,0.00035833858,0.01619452
6405,1,1,0.6753579323789419,0.9999516,0.99988484,0.67767054
6406,1,0,0.5582466814156193,0.9990125,0.9999962,0.55023724
6407,0,0,0.01615885049387203,1.5127904e-06,7.076879e-05,0.017711934
6408,0,0,0.00548094345432015,2.2284032e-06,9.063422e-05,0.006828254
6409,0,0,0.014121912970907327,9.107568e-06,6.434715e-05,0.014148735
6410,0,1,0.024233496812820266,0.0021444028,0.00017321415,0.029759055
6411,0,0,0.5031526540018539,0.9985923,0.9999908,0.49578625
6412,0,1,0.49611935397379525,0.99588484,0.9501796,0.49397218
6413,0,1,0.5099259550273605,0.99679714,0.9874248,0.5139187
6414,0,0,0.39415180830373747,0.9797718,0.9998803,0.38617793
6415,0,0,0.1939213455991595,0.04954705,0.8658862,0.1871127
6416,0,0,0.00816178983173055,8.5077477e-07,1.4650346e-05,0.00815705
6417,0,0,0.004963288408149585,2.5668076e-08,5.3412185e-07,0.004659529
6418,0,1,0.023395723547261233,3.0461562e-05,2.577651e-06,0.0228507
6419,0,0,0.04045017659565465,0.00014819243,0.0027231858,0.04231238
6420,0,1,0.5862755326712971,1.0,1.0,0.317654
6421,0,0,0.00290723674739377,6.793652e-08,5.0803266e-07,0.0035617372
6422,0,1,0.5608882247791944,0.9997966,0.99921453,0.56599826
6423,0,0,0.03659165135531271,0.07915661,0.5511176,0.04633181
6424,0,1,0.0032774648996793613,1.5058882e-07,1.7207988e-09,0.0039191134
6425,0,0,0.009558683006640416,5.13025e-08,3.2061198e-06,0.010345158
6426,1,1,0.8075852168500813,0.9999988,0.9999901,0.80459845
6427,0,1,0.43125936854537456,0.98246014,0.91036034,0.43726632
6428,0,1,0.2645542495946568,0.69611853,0.59121263,0.26629993
6429,0,1,0.5904959890746008,0.9997174,0.99895763,0.5927417
6430,0,0,0.001035514522266326,3.527703e-11,1.4169899e-09,0.0013675087
6431,0,1,0.10520176999173586,0.063880704,0.109110676,0.13149345
6432,0,1,0.03182042860173104,1.5143323e-05,6.364816e-06,0.036012065
6433,0,0,0.009299660747220044,1.2009989e-06,2.9786772e-05,0.009265706
6434,0,0,0.0008600662764608175,5.9175345e-11,9.675646e-10,0.0011716244
6435,0,0,0.0795918461286216,0.088543735,0.8305882,0.083926305
6436,1,1,0.22814357754777173,0.7645126,0.47993922,0.22377732
6437,0,1,0.035053205106205,0.00014625365,3.3483342e-05,0.03320056
6438,0,1,0.17350112918499092,0.25504407,0.096342415,0.1797843
6439,0,0,0.013962485587302674,0.0014173783,0.017055819,0.017998643
6440,0,1,0.22002394885474133,0.5357451,0.09381037,0.23101263
6441,0,1,0.962246333972931,1.0,1.0,0.9608207
6442,1,1,0.6239992611843315,0.99998116,0.9999397,0.6239224
6443,0,1,0.3767585415741004,0.9932221,0.97355056,0.37408653
6444,1,1,0.5718803587416368,0.99361223,0.99235946,0.5708293
6445,0,0,0.02290900528651151,2.2602664e-05,0.00029272243,0.025506776
6446,1,1,0.27616812244757694,0.84910774,0.44869864,0.27960223
6447,1,1,0.6548206677216437,0.9999963,0.99998844,0.65482754
6448,0,1,0.11501509487349848,0.011609984,0.001519894,0.1152839
6449,1,1,0.41054411262081697,0.9599034,0.92823815,0.41350257
6450,0,1,0.09832220838158329,0.008128906,0.0024066246,0.10457177
6451,0,0,0.004156957932188947,6.460693e-10,2.9139713e-08,0.004321843
6452,0,1,0.23272190772756096,0.49514395,0.11644228,0.23584169
6453,0,0,0.10993131737467425,0.013272213,0.9329192,0.10995776
6454,0,0,0.007564646442859384,8.746613e-08,5.3895724e-07,0.0075528547
6455,0,0,0.009596333189389388,8.485375e-05,0.0005341733,0.012860296
6456,0,0,0.0018155961217549885,2.9845353e-09,1.5441978e-07,0.0023981086
6457,0,1,0.3008377468649382,0.9083906,0.67516243,0.2948994
6458,1,1,0.49208294205791153,0.9971584,0.98550826,0.4984584
6459,0,0,0.005344895407840892,1.0022475e-07,4.6967243e-06,0.0066085714
6460,0,1,0.06754533282914994,0.0009878352,0.0005868619,0.07377909
6461,0,1,0.34734241403004423,0.9736128,0.8587882,0.3494883
6462,0,1,0.02305819240767433,2.9311455e-05,2.5391796e-06,0.02243457
6463,0,0,0.01036678159114779,0.0013506314,0.0007768265,0.007614876
6464,0,1,0.5792240979725848,0.9954764,0.9933286,0.39649826
6465,0,0,0.03860587053401965,0.0002609133,0.002905598,0.039847404
6466,1,1,0.39674519168752004,0.9876895,0.9606035,0.4003813
6467,0,0,0.015768630989970344,0.0012909097,0.057272278,0.03291707
6468,0,0,0.030795784829126788,6.1085066e-06,8.3618586e-05,0.031817876
6469,0,1,0.5057370274184136,0.99851376,0.99262285,0.5073386
6470,0,1,0.05338115326580752,0.008845883,0.002864349,0.059420664
6471,1,1,0.7845524575259132,0.99999857,0.99999404,0.78788733
6472,0,1,0.06052300459466855,0.00073507987,6.397222e-05,0.057846062
6473,0,0,0.012794615696580535,6.992286e-07,8.206311e-06,0.012541318
6474,0,0,0.004649032318366501,2.634747e-07,3.038358e-06,0.006625183
6475,0,1,0.1359336261197654,0.08832033,0.011433377,0.14017138
6476,1,1,0.34516790135542547,0.97177875,0.8139427,0.34807992
6477,0,1,0.13524580264398772,0.038614526,0.0045218184,0.13914017
6478,0,1,0.03809429878161613,6.21039e-06,7.890511e-07,0.036924418
6479,0,0,0.009805961398840957,2.427317e-07,6.2294603e-06,0.009299384
6480,0,1,0.05162291264525478,0.0003008001,2.0474059e-05,0.053704474
6481,0,1,0.045138082696894094,0.0005032737,2.8763783e-05,0.046935413
6482,1,1,0.7916249128715969,0.99999917,0.9999987,0.79555506
6483,0,0,0.10060122139277161,0.1068367,0.6115212,0.10070103
6484,1,1,0.16757075600041985,0.21167532,0.08462148,0.16785744
6485,1,1,0.9548023567304911,1.0,1.0,0.95399624
6486,0,1,0.011914807811608065,4.8148854e-06,5.8716773e-07,0.014406926
6487,0,0,0.05258501820546242,0.0025453956,0.058923315,0.053119566
6488,1,1,0.2334747539236276,0.59059083,0.18252444,0.23404805
6489,0,1,0.09432220944877118,0.022882817,0.0035280003,0.095173776
6490,0,1,0.026670561316915288,0.0012060083,1.7670725e-05,0.024811454
6491,0,0,0.02634643612792181,0.004271545,0.058913052,0.033197932
6492,0,1,0.12032594459178858,0.025184356,0.0026293623,0.1245085
6493,1,1,0.8224053291703614,0.99999917,0.9999982,0.8249087
6494,0,0,0.1610113769632525,0.67977923,0.98201376,0.15960114
6495,1,1,0.8438465383159419,0.9999715,0.9998038,0.84689385
6496,0,1,0.18312607679583243,0.46552902,0.079298005,0.18515992
6497,0,0,0.005684418015755774,1.0340934e-08,1.5136272e-06,0.0060236105
6498,0,1,0.0014298824451799159,6.362031e-11,2.4247328e-11,0.0017508668
6499,1,1,0.10036300222941835,0.004508303,0.0058499575,0.102177344
6500,0,0,0.20370779616071225,0.63751596,0.9972295,0.19316013
6501,0,1,0.6284738916548054,0.99999154,0.9999641,0.6304754
6502,0,1,0.057576268527427685,0.0008408265,9.120315e-05,0.056866307
6503,1,1,0.8715347434318816,0.9999995,0.9999982,0.8683943
6504,0,0,0.0006173557981162444,7.975917e-13,4.4322403e-11,0.00079136714
6505,0,0,0.0158027964110619,3.4623592e-06,5.9209673e-05,0.016029675
6506,1,1,0.9988539317540472,1.0,1.0,0.99877566
6507,0,1,0.7663171331493713,0.9999976,0.99999404,0.76321685
6508,0,1,0.3828645358899962,0.9922236,0.98222697,0.3960342
6509,1,1,0.634426108407839,0.99998665,0.9999628,0.63605917
6510,0,1,0.054629000773724457,7.058567e-05,1.9960802e-05,0.055127315
6511,0,1,0.02110442532800104,0.00012251174,1.8563923e-06,0.0195246
6512,0,1,0.0014905684389765566,1.05143144e-10,1.5059873e-11,0.0017693149
6513,0,1,0.033587370679584214,2.2075556e-06,8.415675e-08,0.009227806
6514,0,1,0.041331770600245274,0.00011807235,2.1488575e-05,0.038852457
6515,1,1,0.9884166892566962,1.0,1.0,0.987973
6516,0,1,0.007108455669563971,1.1274695e-06,4.2335483e-08,0.008790461
6517,0,1,0.11087066388383576,0.012350016,0.021248007,0.103943445
6518,0,0,0.17035345153722617,0.38769165,0.95904225,0.1684706
6519,0,1,0.004576836035054985,5.392874e-07,1.4221396e-07,0.006128852
6520,0,1,0.22806371824621896,0.02381766,0.1608136,0.1167996
6521,0,1,0.042170120503077786,0.00027280278,2.9842899e-05,0.04125996
6522,0,1,0.008899880491892175,3.3973702e-06,7.396681e-07,0.011558024
6523,1,1,0.1949193778398603,0.21417049,0.058571942,0.19107807
6524,0,0,0.5320458296409669,0.999305,0.99999535,0.5273747
6525,0,1,0.049044249456809165,0.0002668526,5.8049016e-05,0.05032742
6526,0,0,0.05497344433895471,0.0016397528,0.059759587,0.05854508
6527,1,1,0.9170524591432407,0.99988055,0.9975757,0.90976036
6528,0,0,0.028744465265111235,6.96199e-05,0.0006229735,0.030011412
6529,1,1,0.6232174665230578,0.9999802,0.99986637,0.631584
6530,1,1,0.8784034670899852,1.0,1.0,0.87830156
6531,0,0,0.02025026700483864,8.949463e-06,0.00014118904,0.021888189
6532,0,1,0.014696065325620306,7.572792e-05,2.5944883e-05,0.017335469
6533,0,1,0.11876010643659261,0.08219495,0.018625457,0.115555264
6534,0,0,0.31962622573101185,0.73201245,0.9931465,0.32438433
6535,0,1,0.23664749040965677,0.4584588,0.73962015,0.24286911
6536,0,0,0.005879216265949106,3.2567357e-05,0.0002699325,0.007322941
6537,0,1,0.03980602127392945,0.0003648943,8.5786785e-05,0.03834378
6538,0,1,0.0019558082871329297,2.3180848e-09,2.141822e-09,0.00248681
6539,1,1,0.7736448227950797,0.9999708,0.9998745,0.77157444
6540,0,0,0.04290301599255193,0.0038531118,0.025853418,0.045020122
6541,0,1,0.13760351354362255,0.25503787,0.03814166,0.1373873
6542,0,1,0.03229468187724804,0.0107830055,0.0016080406,0.03951834
6543,0,1,0.005802981495332578,6.0380194e-06,4.6683314e-07,0.012361957
6544,0,0,0.0006942449448594208,1.064318e-11,1.5651856e-10,0.00094648346
6545,0,1,0.196490440690798,0.2023526,0.034791473,0.19865958
6546,0,0,0.0807359978625109,0.0011502682,0.049646754,0.07973254
6547,0,1,0.021470620592248014,0.0011690108,0.00011232992,0.027054451
6548,1,1,0.9370945518795337,0.9999994,0.99999547,0.9360033
6549,0,1,0.027750400180056197,6.5670036e-05,1.0679651e-05,0.026839979
6550,0,1,0.08532736654899259,0.00061477476,0.0005211237,0.089847304
6551,0,0,0.010709744972560118,1.8559127e-06,9.826643e-05,0.013215494
6552,0,1,0.0691799359459465,0.0015673441,0.0009034761,0.07300911
6553,0,0,0.2144585515054344,0.5936063,0.97931665,0.21710832
6554,0,1,0.08961193174236436,0.004974492,0.0016812569,0.09764874
6555,0,1,0.047834321846975794,0.0030504079,0.014348206,0.047125902
6556,1,1,0.4593446701648537,0.9990858,0.9972896,0.46208155
6557,1,1,0.770400959729833,0.9999926,0.9999889,0.7699645
6558,0,1,0.3300961201856537,0.97019917,0.94038147,0.32500702
6559,1,1,0.9962947758684398,1.0,1.0,0.99606824
6560,0,0,0.03090230034338858,0.0002096337,0.0011165423,0.032527745
6561,0,0,0.03756624407467729,0.0015008736,0.021966195,0.038772203
6562,0,1,0.1330963218070086,0.026065975,0.0077963704,0.13138191
6563,0,0,0.004038480806757924,2.3060717e-07,3.9718047e-06,0.005867908
6564,1,1,0.3004576676339214,0.94760823,0.7488924,0.30003697
6565,0,0,0.010486840696335806,1.490199e-07,8.434938e-06,0.011010284
6566,1,1,0.6595128010026511,0.9977858,0.97949934,0.6558906
6567,0,1,0.07980985484540946,0.003714562,0.0003118413,0.080542274
6568,1,1,0.20559503039387114,0.08186606,0.089739434,0.21044165
6569,0,1,0.3011318936753521,0.58169377,0.21359302,0.30581155
6570,0,0,0.04065365400735424,0.002366276,0.015363726,0.04277171
6571,0,1,0.0936643146923152,0.13532381,0.017594479,0.092271745
6572,1,1,0.5802372765725788,0.99926454,0.99653965,0.58471054
6573,0,0,0.0012319459749588148,4.562508e-10,6.609696e-09,0.0014916096
6574,0,0,0.08041446079143749,0.00078270043,0.018701127,0.024447482
6575,0,0,0.2627361762574483,0.89645153,0.99878365,0.25886548
6576,0,1,0.11311572055204709,0.006311751,0.0014858596,0.11088376
6577,0,1,0.0028025046038836366,1.6090484e-08,7.4417783e-09,0.003994645
6578,0,0,0.0007718896318961863,9.588208e-12,1.3474973e-10,0.0010547959
6579,1,1,0.3595441980203714,0.97516394,0.91190684,0.36580786
6580,0,1,0.15060864468373333,0.030768458,0.029125545,0.15800978
6581,0,0,0.05092487582413536,0.011760872,0.17029302,0.050459012
6582,0,1,0.014494635721541017,0.0006367208,1.12283715e-05,0.017443417
6583,0,1,0.030138026171516237,0.00018155636,1.536974e-05,0.029543994
6584,0,0,0.0538009232664071,0.0015542789,0.029648973,0.055534218
6585,1,0,0.3025101418056635,0.9321232,0.99917,0.2977674
6586,1,0,0.2614516610401681,0.034766093,0.6520512,0.2647638
6587,0,0,0.0006408040017727548,4.8826832e-12,3.5451933e-11,0.00078341685
6588,0,0,0.0012339832280366765,9.8646265e-12,1.2483229e-09,0.0012298884
6589,1,0,0.31809353149959185,0.9013521,0.99638486,0.31555694
6590,0,1,0.005845030144491049,2.5440076e-07,1.6484064e-08,0.0077177635
6591,0,1,0.08305183950531456,0.0009358458,0.0007552336,0.08738394
6592,1,1,0.3694278802276049,0.9342135,0.7497925,0.3754699
6593,0,0,0.04809607288790646,0.0028941953,0.027792761,0.048504233
6594,1,0,0.8710757262392377,0.99999464,0.9999999,0.8653946
6595,0,0,0.002366219244294558,1.3630783e-08,8.226389e-08,0.0029889687
6596,0,1,0.0011504137949765046,2.441132e-11,8.9384663e-13,0.0023577935
6597,0,0,0.010878509505629368,0.00033692323,0.0032746708,0.024696564
6598,0,1,0.0030856382320147108,5.2901544e-08,3.2860477e-08,0.0067660226
6599,0,0,0.03886348809124598,0.0014492547,0.018912135,0.040344894
6600,1,1,0.27291417503904786,0.7849116,0.43323004,0.27083057
6601,0,1,0.3662805764415605,0.95513135,0.79295176,0.3679087
6602,0,0,0.0023711075925100657,3.683071e-08,3.8281564e-07,0.0029216728
6603,0,1,0.006018889544730547,1.1682264e-06,1.3735882e-08,0.007285807
6604,0,1,0.36502791812567603,0.9928523,0.98121774,0.35881317
6605,0,1,0.2373696964923171,0.27785498,0.36497924,0.23688115
6606,0,1,0.1429103991444737,0.017757954,0.02756251,0.14604154
6607,0,1,0.1557257279438479,0.2055775,0.0685479,0.15263414
6608,1,1,0.6465555295967125,0.9999989,0.99999857,0.6701169
6609,0,1,0.45730132455416983,0.9983163,0.99118876,0.45779285
6610,0,1,0.706371554707606,0.9999968,0.9999831,0.71238655
6611,0,0,0.01665896650208247,4.934781e-05,0.00023805344,0.020435411
6612,0,1,0.14778725842149995,0.09225867,0.009548521,0.1527496
6613,0,0,0.08528692799808953,0.26365143,0.8302945,0.083403215
6614,1,0,0.8490849555836437,0.9999995,1.0,0.8401449
6615,0,0,0.004614777983040235,1.1356005e-06,0.00016142016,0.010451087
6616,0,0,0.07819409272407772,0.010383888,0.15473963,0.08042639
6617,0,1,0.3094664940654969,0.9410735,0.70681614,0.28745428
6618,0,1,0.02325946099016271,0.0025423975,0.0002675527,0.029155405
6619,0,1,0.0388324933370204,0.00021683887,1.4037848e-05,0.040102847
6620,0,1,0.3164766793268086,0.94375163,0.7499397,0.31885535
6621,0,0,0.005628504291232341,4.6967035e-09,3.1516416e-07,0.005760907
6622,0,0,0.008311074589785004,3.4543177e-07,2.173254e-05,0.0086191
6623,1,1,0.8179666532809607,0.9999981,0.9999957,0.8210881
6624,0,1,0.4884698602254017,0.99973553,0.99899536,0.48621923
6625,0,0,0.01571213995766609,8.3480344e-08,5.655333e-06,0.016167056
6626,1,1,0.2675615276942947,0.7005653,0.2653704,0.2704182
6627,0,1,0.02686976676624153,4.7552327e-05,1.6045566e-05,0.025531061
6628,0,1,0.06969240718944975,0.006378304,0.00010839807,0.06754178
6629,0,0,0.0003897539057446837,8.104532e-13,1.1443494e-11,0.00052428496
6630,0,1,0.006670466898868621,1.303052e-08,3.4358212e-09,0.006065781
6631,0,0,0.00494346346099836,1.6263858e-08,3.3263152e-07,0.0053230757
6632,0,1,0.0017447162086926115,1.1804054e-10,5.563517e-11,0.002251967
6633,0,1,0.3561182565364284,0.98592335,0.9439607,0.35554785
6634,1,0,0.1356168926209102,0.9054361,0.99493384,0.13687542
6635,0,1,0.09489768273111786,0.0068415706,0.0025849543,0.09803823
6636,0,1,0.22839017544910453,0.8106346,0.5802603,0.22476776
6637,0,1,0.0010703764221023481,1.5719492e-11,2.4650585e-12,0.0014229293
6638,0,0,0.5949489213934015,0.99902177,0.9999901,0.5756861
6639,0,1,0.15448251933157114,0.00078892236,4.4411747e-05,0.1588375
6640,0,0,0.0014321813471450734,8.67601e-09,2.8326403e-07,0.0019428781
6641,0,0,0.0015165013879802915,2.2940037e-09,4.6319403e-08,0.002063795
6642,0,0,0.002505485965261836,1.14475995e-07,7.794806e-07,0.0031571458
6643,1,1,0.996957408154221,1.0,1.0,0.9967759
6644,1,1,0.49926353224149045,0.99946624,0.9978497,0.50044197
6645,0,0,0.031731076297637995,6.0353173e-05,0.0006562765,0.032798678
6646,0,1,0.9690034221717527,1.0,1.0,0.9676087
6647,0,1,0.2396973888626648,0.52385116,0.09572399,0.24277633
6648,1,1,0.5878537069625467,0.9997241,0.99887615,0.59888375
6649,0,0,0.0009468699700365008,2.185047e-11,9.298325e-10,0.0012456463
6650,0,1,0.0012606917057965226,1.4316619e-10,7.4294605e-11,0.0016075767
6651,0,1,0.043554234287322614,0.0012516142,0.00010871026,0.043111283
6652,0,0,0.1274215906442723,0.62638,0.94992703,0.12894706
6653,1,0,0.3173362659464045,0.98508155,0.9998555,0.31460172
6654,0,1,0.4508348013700162,0.9989474,0.9925684,0.4515415
6655,1,0,0.6577394220662921,0.99956614,0.9999995,0.6485069
6656,1,1,0.5975679002830019,0.99998,0.99996567,0.61323446
6657,0,0,0.0016038130359445743,2.8738754e-09,5.471779e-08,0.0022046515
6658,0,0,0.008618767333212287,9.405998e-09,1.110519e-06,0.009009425
6659,1,1,0.9806172487524326,0.99999976,0.99999475,0.9801958
6660,0,1,0.3301015037166565,0.9910999,0.9747976,0.32595837
6661,1,1,0.7177354905678621,0.9999881,0.999972,0.72011214
6662,0,0,0.03425829774913491,0.00035082232,0.0038302962,0.036567703
6663,0,1,0.004816288062208614,2.1889006e-08,2.3927182e-09,0.005839421
6664,0,1,0.017345986710027312,5.544008e-07,4.5717464e-08,0.016946264
6665,0,1,0.7166450181805667,0.9999975,0.99999285,0.7090417
6666,0,1,0.21303864621910587,0.01655733,0.036728937,0.07010272
6667,0,1,0.004435231017610736,4.1213485e-07,1.0660388e-07,0.005954997
6668,0,1,0.020522128193263125,5.661491e-06,1.1820986e-06,0.019300025
6669,0,1,0.2525847752424937,0.6328915,0.22796018,0.25510815
6670,0,1,0.04224643321595099,0.00029992813,2.7392922e-05,0.044834506
6671,0,0,0.002059070761731661,1.04450294e-07,5.870675e-08,0.0014212108
6672,0,1,0.10438509269759856,0.0016354261,0.0049071936,0.107147485
6673,1,1,0.8296348543175062,0.99999976,0.99999905,0.8327206
6674,0,0,0.08156192803421078,0.007426053,0.063340284,0.0865789
6675,1,1,0.05347894265928969,0.0020069918,0.00024438935,0.051684946
6676,0,1,0.04783803213935004,0.001610753,0.0004439978,0.049062513
6677,0,0,0.08588832600948368,0.0053384225,0.14486404,0.08766003
6678,0,0,0.007058656364237015,2.4603276e-06,6.427043e-05,0.008861675
6679,0,1,0.026308740614855997,2.1958697e-07,1.5799653e-08,0.025867807
6680,0,1,0.057757483671598504,0.0009091391,0.00012554241,0.05929014
6681,0,1,0.23873934777404945,0.6291248,0.20883222,0.24222828
6682,0,1,0.018873462744061303,3.8454266e-07,2.1204028e-07,0.019394634
6683,0,0,0.15083760527700843,0.35385627,0.99603194,0.1573811
6684,0,1,0.0014704918272921384,1.1945298e-09,2.5256952e-10,0.0019433348
6685,1,1,0.7513982630363679,0.99999464,0.9999927,0.7460454
6686,0,0,0.003981518787328362,1.7755312e-07,1.3420424e-05,0.004907743
6687,1,1,0.1442430982067001,0.024990264,0.0013700938,0.14617245
6688,0,1,0.11811527226218997,0.051742308,0.014689113,0.14480083
6689,0,1,0.5860936991049661,0.99970084,0.9996681,0.59132797
6690,0,0,0.002817219940519346,9.361079e-08,5.0664194e-06,0.006993121
6691,0,0,0.0014286288640768063,1.3489044e-09,7.1323094e-09,0.0017998616
6692,0,1,0.2335411805079116,0.0021780108,9.051391e-05,0.23222175
6693,1,1,0.861578050807804,0.9999982,0.99999356,0.8586198
6694,0,1,0.04265562458072027,7.01845e-05,1.0057709e-05,0.04694262
6695,1,1,0.993504938759666,0.9999702,0.98107487,0.99236476
6696,0,1,0.02180352460665973,0.0016746201,0.0001783956,0.027261393
6697,0,1,0.010659997748582674,7.0549004e-07,8.3337476e-08,0.013049604
6698,0,1,0.23907051699743612,0.7694329,0.2521898,0.2474556
6699,1,1,0.8807646675701938,0.9999994,0.9999974,0.8784024
6700,0,1,0.6950950398824242,0.9999994,0.99999917,0.7079065
6701,0,1,0.0021001940928810563,9.224174e-09,3.875928e-09,0.002737512
6702,0,1,0.026458972317686996,2.5017474e-05,7.852819e-06,0.02476698
6703,0,0,0.001128305493887888,1.8422247e-14,6.322588e-13,0.0014867528
6704,0,0,0.0007777062315630368,2.5386532e-10,9.244407e-10,0.0009820529
6705,1,0,0.5102128607686254,0.9911856,0.9998627,0.49656284
6706,1,1,0.9852364768014981,1.0,1.0,0.98482114
6707,0,1,0.04905048629962227,0.00014001672,2.5958097e-05,0.05258616
6708,0,1,0.2736707424078194,0.96770054,0.8031914,0.27393648
6709,0,1,0.20498663423613492,0.37576702,0.365268,0.1997592
6710,0,1,0.3903090031754055,0.9858627,0.92331624,0.39342174
6711,0,1,0.29060235480397273,0.96175325,0.96931654,0.2878772
6712,1,1,0.9940540867374965,1.0,1.0,0.9939753
6713,0,0,0.021725117906244117,9.473775e-06,6.576975e-05,0.021975672
6714,0,0,0.02652349499499304,5.132471e-05,0.00062102603,0.028447451
6715,0,0,0.08711464917098416,0.0015905595,0.26116502,0.091838315
6716,0,1,0.4240597738286668,0.9947628,0.9580247,0.43759635
6717,1,1,0.6906229602236854,0.9999411,0.9999099,0.68608093
6718,1,1,0.2572140919229419,0.94028366,0.62881696,0.26525623
6719,0,1,0.7263436852298376,0.999954,0.99954695,0.7253721
6720,0,1,0.24293326204642207,0.6907656,0.26558885,0.24475427
6721,0,1,0.1004687574234835,0.07925475,0.01115941,0.09808215
6722,0,0,0.001219733789758149,1.4617155e-10,6.6800743e-09,0.0016077651
6723,0,1,0.015965369389905035,5.698818e-07,2.526401e-08,0.017131576
6724,0,0,0.023066753733700436,3.7864833e-05,0.0019992078,0.025663683
6725,1,1,0.696536726352897,0.99996793,0.99987257,0.7013928
6726,1,1,0.14719132094639323,0.755119,0.5422282,0.15659533
6727,0,1,0.8532700443666076,1.0,0.9999999,0.8540916
6728,1,1,0.5818967028161459,0.99946517,0.99841213,0.5903164
6729,0,1,0.9651409853373286,1.0,1.0,0.964587
6730,0,1,0.5599836722609276,0.9980003,0.9944978,0.562693
6731,1,1,0.1428854433439004,0.0005153379,3.1254e-05,0.14533085
6732,1,1,0.3156481143001319,0.9671697,0.9192291,0.3247352
6733,0,1,0.0010514615760699878,1.5654603e-10,2.1399754e-10,0.0017145836
6734,0,0,0.03819899660513044,0.00053291564,0.0030211362,0.040117323
6735,0,1,0.13853934739337873,0.054787368,0.0053797737,0.1434316
6736,0,0,0.0247513910379247,1.8138206e-05,0.0011887142,0.024291689
6737,0,0,0.021947330114533824,2.9926663e-05,0.0020211248,0.022066906
6738,1,1,0.7311375050660297,0.9999938,0.99998665,0.7340684
6739,1,1,0.6689225889531889,0.99999213,0.99999464,0.71630394
6740,0,1,0.012180889685306917,1.8453304e-06,2.444901e-08,0.011411757
6741,0,0,0.00047701618161395204,1.4945633e-12,5.8767276e-11,0.00061986764
6742,1,1,0.7770766817919466,0.9997129,0.9974228,0.76830435
6743,0,1,0.025075894111225266,0.017039249,0.0022684033,0.051267404
6744,0,1,0.03265496457148126,9.149199e-05,9.906681e-06,0.031619817
6745,0,1,0.01458673139888172,3.134919e-06,1.4456045e-07,0.015354581
6746,0,1,0.03316223852943025,0.0021971934,0.00039514966,0.067584306
6747,0,1,0.6279207259624975,0.999675,0.9990638,0.6330017
6748,0,1,0.00493849569986532,6.3675856e-09,6.53392e-10,0.006164638
6749,0,0,0.005123562642517834,1.0271553e-06,1.0561614e-05,0.0065091923
6750,0,0,0.0009250659734661649,3.1452887e-09,1.4018155e-08,0.0011688621
6751,0,0,0.0011765801447679975,2.77551e-10,4.797127e-09,0.0016090071
6752,0,0,0.011001518758159072,1.072733e-07,6.060977e-07,0.011074615
6753,0,1,0.022983858157035377,2.824984e-07,8.7773255e-09,0.0235987
6754,1,0,0.7768598189654582,0.99999976,1.0,0.77204514
6755,0,1,0.014422417417950244,0.00011191797,1.8483952e-05,0.017491488
6756,1,0,0.42719706288446896,0.99993753,0.99999845,0.42533505
6757,1,1,0.7869453151553129,0.99999917,0.9999969,0.79093534
6758,1,1,0.8783783152134084,0.99629444,0.96145684,0.86788803
6759,1,0,0.32675875470848215,0.9867374,0.9998599,0.3228943
6760,0,1,0.320579333482531,0.73864233,0.27943116,0.31280798
6761,0,1,0.1079824418562418,0.026931154,0.0109613305,0.104946785
6762,0,0,0.06988998980005078,0.0062526204,0.11691068,0.071101315
6763,0,0,0.008130119401190685,5.014458e-08,2.7524152e-06,0.008476927
6764,1,0,0.6001828139278221,0.99962175,0.9999982,0.59348327
6765,0,0,0.006917703923009369,1.2400042e-07,8.418853e-07,0.0068475804
6766,0,1,0.09038538490098111,0.002750592,0.0011383584,0.09257507
6767,0,1,0.5296548748042609,0.9272142,0.90165156,0.5317681
6768,0,1,0.20833711378515027,0.88281256,0.75813377,0.22099188
6769,0,0,0.0008770320234584992,1.8866718e-13,2.518049e-12,0.0009764894
6770,0,1,0.08297046132107741,0.059521556,0.007263665,0.081951514
6771,0,0,0.639250417146688,0.9999522,0.99999976,0.63516986
6772,0,0,0.15867405319380662,0.83936644,0.9935848,0.15813659
6773,0,1,0.350334840390619,0.987895,0.9683736,0.35958773
6774,0,0,0.0016651088666176316,5.926149e-08,1.07408226e-07,0.0020000811
6775,0,1,0.01638915332077949,5.3236636e-07,2.2330505e-07,0.015960425
6776,0,1,0.33317989396457937,0.97985953,0.8873971,0.33383355
6777,1,1,0.8482784823901705,0.9999999,0.99999976,0.8498568
6778,0,0,0.0026473895159334028,2.6813427e-07,1.7121766e-06,0.005796352
6779,0,1,0.11381280872888014,0.050768018,0.0070992713,0.11188825
6780,0,0,0.0943902382020283,0.013255477,0.5613241,0.09874169
6781,0,0,0.006292822677961071,5.827798e-09,7.579137e-09,0.0058716475
6782,1,1,0.7420368213264954,0.9999938,0.99997604,0.74605364
6783,0,1,0.3722997510223964,0.9877934,0.97003347,0.38748506
6784,1,1,0.2909804807308177,0.91769445,0.63312006,0.29250902
6785,1,1,0.8854424216333082,0.99999976,0.9999989,0.88418967
6786,1,0,0.5104888940844912,0.99933404,0.9999964,0.5008899
6787,0,1,0.28792218958409316,0.91821986,0.64400905,0.2880892
6788,0,0,0.016345634827210208,3.1002153e-07,0.00012509405,0.016033871
6789,0,1,0.035517192947262834,4.367519e-05,3.1975498e-05,0.0364889
6790,0,1,0.03930541239591002,9.0188834e-05,5.205351e-06,0.041066535
6791,1,1,0.1891323657008217,0.3187421,0.3229956,0.19303074
6792,0,1,0.05191905393096947,0.0001754999,1.8604705e-05,0.051782563
6793,0,1,0.3892819747948856,0.9766014,0.9806146,0.40373123
6794,1,1,0.46878927404242854,0.9996135,0.9992464,0.49188334
6795,0,1,0.45031837042982376,0.99339116,0.98713136,0.44405982
6796,0,0,0.004634544123586934,2.9633878e-07,3.445008e-06,0.0057724877
6797,0,0,0.09095264345228248,0.002433699,0.44933712,0.093050025
6798,0,1,0.03814319405908975,0.000102866914,1.4030028e-06,0.03693623
6799,0,1,0.31795845369020115,0.9831532,0.8619568,0.32714465
6800,0,1,0.021435174368373194,2.6136975e-06,6.3185104e-07,0.020828817
6801,0,1,0.23747029228051844,0.89327157,0.4535708,0.24068755
6802,1,1,0.15953834487640423,0.038787045,0.01893201,0.16126311
6803,0,0,0.008042240014549744,9.304724e-06,0.00012777052,0.010068923
6804,0,0,0.06778793054473703,0.6775715,0.9815047,0.13323672
6805,1,1,0.731103683925219,0.99999034,0.9999645,0.738269
6806,0,1,0.0008695073539727648,6.9405788e-12,4.021752e-12,0.0011021768
6807,0,1,0.5610660827637953,0.99878556,0.9994152,0.5537522
6808,1,1,0.9956186670504666,1.0,1.0,0.99524987
6809,1,1,0.24430848665753288,0.8907922,0.72504014,0.2386253
6810,0,1,0.2018094617957805,0.8376434,0.09855306,0.19743113
6811,0,1,0.5905716787027001,0.9999089,0.99915063,0.591196
6812,0,1,0.3761877699378983,0.9886291,0.9608187,0.37575963
6813,1,0,0.09690844583380087,0.0026061137,0.3313377,0.10124609
6814,1,1,0.7771877014629949,0.9999697,0.99989927,0.78219354
6815,1,1,0.18519489805203665,0.4621925,0.460522,0.19315183
6816,0,1,0.9214518336979193,1.0,0.9999999,0.9220464
6817,0,1,0.2315605445282104,0.01890046,0.0028092673,0.076301284
6818,1,1,0.5567273970506532,0.99941015,0.9980274,0.5587642
6819,0,1,0.02699766366548986,0.0012923429,0.00024022725,0.03304384
6820,0,1,0.008418125865640213,2.1522066e-05,2.6285554e-06,0.017306557
6821,0,1,0.013558165647683064,7.177247e-05,1.1790297e-05,0.016445816
6822,0,1,0.0948914308034259,0.004556088,0.0005454763,0.09527265
6823,0,1,0.5364921819257407,0.99977255,0.99813735,0.55119735
6824,0,0,0.16043542453269313,0.18049443,0.98049724,0.16527325
6825,1,1,0.04916113431918051,0.00016023933,1.16487045e-05,0.049556393
6826,0,0,0.0038537823193111327,2.5512844e-13,4.603439e-12,0.0048966384
6827,0,0,0.04550546001301826,0.00022332736,0.0043189223,0.046595603
6828,0,1,0.0017727699446907176,4.4462e-08,5.141834e-10,0.0020625757
6829,0,1,0.003780592834966279,6.10435e-08,4.157725e-09,0.004653493
6830,0,1,0.08794055443985721,0.85731715,0.6958144,0.106352285
6831,0,1,0.003172599045080177,2.4667972e-07,1.03848585e-07,0.0041588955
6832,0,1,0.6085937380241366,0.9999926,0.99996305,0.61264306
6833,0,1,0.4457078794605965,0.9985203,0.9951372,0.4481667
6834,0,0,0.0008103469850606235,1.4034776e-11,1.0974754e-10,0.0009905787
6835,1,1,0.3303158805819932,0.95230305,0.8806923,0.3414387
6836,0,0,0.2003606598563243,0.79457426,0.97725767,0.20710817
6837,1,1,0.9544906902144901,0.9999999,0.99999976,0.9518148
6838,0,0,0.010621238914493833,5.305473e-08,4.5019774e-06,0.011527709
6839,0,1,0.0398003578826188,4.5254094e-08,5.6748796e-08,0.0092320405
6840,0,1,0.014371233890556275,0.0017862184,0.00011859917,0.031671084
6841,0,1,0.07532441952052214,0.0020752954,0.00043548812,0.075826
6842,0,1,0.015568607357399513,4.741453e-05,3.992525e-06,0.020442566
6843,0,1,0.0023182625890524624,2.8244673e-09,5.8042776e-10,0.0030983933
6844,1,1,0.37285975234750013,0.8754942,0.8283436,0.37312946
6845,0,0,0.006274049158398299,2.9718806e-06,3.815474e-05,0.007849188
6846,1,1,0.709157022444845,0.99998283,0.99995744,0.70972186
6847,0,0,0.02020095702978831,0.001065159,0.016145697,0.026632808
6848,0,1,0.006197072499063972,7.4437544e-08,5.944064e-10,0.0058390554
6849,1,1,0.6958656043879102,0.99995935,0.9999137,0.6981002
6850,1,1,0.6664837341477475,0.9999049,0.9997148,0.6756247
6851,1,1,0.7290610253765148,0.99999344,0.9999764,0.7323342
6852,0,1,0.25663197748746314,0.80508244,0.337367,0.2566026
6853,1,1,0.6402510937247277,0.9996389,0.9990639,0.6435121
6854,0,1,0.0372073333044209,0.007988357,0.0019884168,0.046666734
6855,1,1,0.6758120335027462,0.999845,0.99956137,0.68242395
6856,0,0,0.2582525201172146,0.98309296,0.9992539,0.26795834
6857,0,1,0.3430002601738166,0.99310255,0.9607586,0.34382215
6858,1,1,0.9860207945611227,0.99999976,0.9999944,0.9848948
6859,0,1,0.27316898419849855,0.23075497,0.026265781,0.2805673
6860,0,0,0.005779640338809681,2.9716865e-09,5.7189897e-07,0.0027470666
6861,0,1,0.003144890397723504,4.940891e-11,3.8463187e-11,0.0033240907
6862,0,1,0.007025342747149293,3.2447601e-06,2.1655693e-07,0.009026752
6863,0,1,0.03586450888647461,0.0036304598,0.0009467766,0.043815374
6864,1,1,0.27057537525964315,0.994232,0.79643726,0.2663147
6865,0,1,0.037412746296775205,4.6004963e-05,1.4863025e-05,0.035097875
6866,0,1,0.008606947050356657,1.5370955e-05,1.3624475e-06,0.010697199
6867,0,0,0.26911956593683856,0.9476764,0.9998257,0.28305745
6868,0,0,0.02121468322273657,3.8375474e-05,0.0019130545,0.023597514
6869,0,1,0.2748532067859948,0.9657579,0.8200801,0.2778864
6870,0,1,0.4483573861381423,0.98383814,0.80526143,0.44920218
6871,0,0,0.005663159449796524,8.490155e-06,6.232156e-05,0.0072468496
6872,0,0,0.10621055977310496,0.05869043,0.6619957,0.10875186
6873,1,1,0.5912377632435435,0.99988294,0.999451,0.5915796
6874,0,1,0.2110267423769302,0.015337678,0.0010688403,0.21813963
6875,0,1,0.23690513167295196,0.97895604,0.49959764,0.23065087
6876,0,1,0.0019867797000686672,6.6404365e-10,3.2843153e-10,0.0025697066
6877,0,0,0.03884950446010138,0.00030292026,0.0069668298,0.03920435
6878,0,0,0.017227949054784635,1.2344836e-05,0.000116361996,0.017324952
6879,0,0,0.0009207205457259325,1.4153974e-11,1.0477778e-10,0.0011338574
6880,0,1,0.0023368064249578925,5.970474e-09,2.5800737e-09,0.0027903402
6881,1,0,0.06660528967979157,0.003331181,0.058819886,0.06813249
6882,0,1,0.06344207601920705,8.612261e-05,5.1333172e-06,0.06298293
6883,0,0,0.004500756778326672,2.716735e-09,1.2916945e-07,0.0046220245
6884,0,0,0.026308336439315107,6.2429726e-06,0.00091683853,0.026676625
6885,0,0,0.05369811066206032,0.00011153104,0.0019004181,0.05657279
6886,0,0,0.00913706036698663,7.984664e-07,9.070228e-06,0.009147338
6887,0,1,0.1828660205978767,0.6284549,0.23790197,0.18304028
6888,0,0,0.0034418425782606807,6.8440303e-10,6.387379e-08,0.0035065494
6889,1,1,0.9410361834268378,0.99999845,0.99998975,0.9380952
6890,0,0,0.011830299285011323,1.04066686e-07,1.2210608e-05,0.013190359
6891,0,1,0.1741554570950247,0.055620853,0.003178497,0.17686705
6892,0,0,0.01892616141883334,2.5130246e-06,3.4402874e-05,0.0199773
6893,0,1,0.037063600555227935,1.8725603e-05,1.507791e-06,0.03851878
6894,1,1,0.7555499041275147,0.9999758,0.99996483,0.7524993
6895,0,1,0.2038356002400386,0.45412964,0.11946367,0.2023468
6896,0,1,0.01599754668612735,5.1765267e-07,1.7714527e-08,0.01560944
6897,1,1,0.5948126379377432,0.9999074,0.9996122,0.5994414
6898,0,1,0.05251090410622184,0.00030182884,2.7479842e-05,0.05464242
6899,1,1,0.23209816638117498,0.385688,0.08055707,0.2226684
6900,1,1,0.05782123778586223,0.002445003,0.00041932115,0.059357505
6901,0,0,0.027268556112088102,0.00013377862,0.0018599817,0.027974404
6902,0,0,0.011811883230867574,0.00032656465,0.0049729883,0.024786891
6903,1,0,0.15075441682422272,0.0040847375,0.68623054,0.15555143
6904,0,1,0.058042320698854385,0.00048372662,6.421842e-05,0.058897037
6905,0,1,0.0026721656591391276,3.2189622e-09,1.7835585e-09,0.003447971
6906,0,1,0.0029789852172943496,3.4243066e-09,6.486583e-11,0.002710085
6907,0,1,0.08490389814610194,0.022150539,0.004199766,0.08345078
6908,1,1,0.587547901234463,0.99972326,0.99902725,0.58988357
6909,0,0,0.2196032176233204,0.011528475,0.94147414,0.21659161
6910,0,1,0.4648927831792145,0.99791926,0.98990124,0.46506134
6911,0,1,0.15136257132335068,0.039877973,0.0043311357,0.14734912
6912,0,1,0.2645579231910203,0.82009596,0.35332358,0.26618472
6913,0,1,0.05345147603250834,0.011785971,0.0014307683,0.052121237
6914,0,0,0.002677373122992351,1.7718767e-10,7.011853e-10,0.0027315873
6915,0,0,0.01036218914499864,4.0336126e-06,1.2856034e-05,0.01013088
6916,1,1,0.23663168462322903,0.7502705,0.282913,0.24307914
6917,0,0,0.002119031388761723,5.086403e-09,2.7955963e-08,0.0026905776
6918,0,0,0.26052080729775867,0.51989275,0.8404095,0.27205533
6919,1,1,0.7640961494634078,0.99999654,0.99998534,0.76886064
6920,0,1,0.11205180465660361,0.0005276006,0.001375344,0.11533815
6921,0,1,0.4814426371912159,0.99992406,0.99969,0.47373766
6922,1,1,0.6880852773252718,0.99995613,0.9998226,0.69342685
6923,0,0,0.011503438715654284,2.2597652e-07,9.483573e-06,0.01266477
6924,0,0,0.022523703209534666,9.6554075e-05,0.0018641683,0.025552912
6925,0,1,0.04887340688422293,0.0022296463,0.000116552335,0.05075625
6926,0,0,0.05599732537264037,0.003151511,0.05233041,0.05561955
6927,1,1,0.31743524327403705,0.98791564,0.6421531,0.31577566
6928,0,0,0.005231107986694245,4.4427714e-05,0.000641248,0.006574282
6929,0,1,0.03710139399551688,4.7178233e-05,1.6450495e-05,0.03576718
6930,0,1,0.03740530928157054,0.006307164,0.005807612,0.049933318
6931,0,1,0.5790829256280551,0.99707675,0.99737144,0.5782208
6932,0,0,0.007167683481887017,1.2750421e-07,1.367476e-06,0.00721632
6933,0,1,0.18606636372443006,0.22610526,0.048795506,0.18548381
6934,0,1,0.09478784453537414,0.0019722325,0.0016592661,0.09062912
6935,0,1,0.024935144929429002,7.686405e-06,1.5489132e-06,0.025568284
6936,1,0,0.04812378689948759,0.0002764606,0.022897607,0.05026392
6937,0,1,0.05465970186260846,5.3537104e-05,1.4099739e-05,0.057566393
6938,0,0,0.08123790868708358,0.013644765,0.18720406,0.078552976
6939,0,1,0.771281253115144,0.99998593,0.9999683,0.77441585
6940,0,1,0.34105498259789335,0.9529695,0.83749366,0.34855878
6941,0,0,0.0018236593110985953,3.0602048e-09,1.5801905e-07,0.0024096624
6942,0,1,0.01065352311226359,2.2780328e-05,5.8844244e-06,0.013285196
6943,0,0,0.15127322961534614,0.030976418,0.9557879,0.15430748
6944,0,1,0.057542450551590164,0.00032290563,3.2608812e-05,0.06057515
6945,1,1,0.5101133330304304,0.99972147,0.9989742,0.5069868
6946,0,0,0.0886325602683871,0.001876909,0.54238695,0.08938922
6947,0,1,0.005648375609432927,1.7768846e-07,2.7277856e-08,0.006757441
6948,0,0,0.0044196647266842685,6.4832556e-11,1.1159202e-09,0.0050345105
6949,0,1,0.2906206891754415,0.929196,0.83942986,0.30308416
6950,0,1,0.1298574762962605,0.028139632,0.0025206194,0.13560784
6951,0,1,0.15243947184862586,0.13450302,0.016046997,0.15832083
6952,0,1,0.12305210436569994,0.02990293,0.007788551,0.12558505
6953,0,1,0.343345310779773,0.94147056,0.89871264,0.34067732
6954,1,1,0.7552465008025813,0.99999917,0.99999774,0.7542572
6955,0,1,0.06533476952575479,0.0023389983,0.0011150175,0.0672088
6956,0,1,0.557401327087617,0.99901414,0.9973322,0.55930454
6957,0,0,0.0018965766391519266,5.108502e-09,2.8457528e-08,0.0023988981
6958,0,0,0.3559954098935259,0.8784672,0.9989839,0.35223117
6959,0,1,0.008615931705941696,1.5462461e-05,1.369909e-06,0.010709297
6960,0,1,0.004841372903391313,1.9861062e-08,2.0590554e-09,0.005900241
6961,0,1,0.07626840637756765,0.0068879835,0.0008899002,0.074688785
6962,0,1,0.020417240598899537,6.0893935e-06,2.1664698e-07,0.022227103
6963,0,1,0.0008266763578953569,1.7145519e-12,6.341223e-13,0.0010652895
6964,0,0,0.0176724109752274,1.1036007e-06,7.536311e-05,0.017480591
6965,0,1,0.018040167677798147,0.00019195241,4.308117e-05,0.021705337
6966,0,0,0.07742180952872081,0.044263862,0.34145272,0.07902772
6967,1,1,0.4427560117783665,0.91482776,0.38034642,0.44734126
6968,0,1,0.4624132818204522,0.99972945,0.998716,0.4628452
6969,0,1,0.04738638898373522,0.00036163174,4.3023727e-05,0.046589248
6970,0,1,0.15794202501903537,0.21371317,0.07014892,0.15535007
6971,1,1,0.1822527263968964,0.04427433,0.018799827,0.18640386
6972,0,1,0.005336867717775054,5.2209266e-06,1.6926845e-06,0.0071002594
6973,0,0,0.19997622441547153,0.13659465,0.92571706,0.1996891
6974,0,1,0.7500689434005423,0.99946755,0.9974171,0.7440204
6975,0,0,0.002959931692311231,2.5057817e-10,3.407401e-08,0.003003849
6976,1,1,0.9729822179317997,1.0,1.0,0.97207636
6977,1,1,0.8206003801537146,0.99999964,0.9999974,0.81896126
6978,1,1,0.26934654396786023,0.91920424,0.5505793,0.27945948
6979,0,1,0.09244059847475199,0.088555105,0.018383667,0.0889959
6980,1,1,0.7673827989118139,0.99999726,0.99999464,0.76939803
6981,0,1,0.1577398995169887,0.26014173,0.17019626,0.18804981
6982,0,1,0.019542143972499336,4.909883e-06,3.355658e-06,0.019989807
6983,0,1,0.20775315678265818,0.23578611,0.053849347,0.23117667
6984,1,1,0.5900793779752544,0.9991208,0.9983968,0.5862098
6985,0,0,0.003465877571542558,2.4688335e-11,7.246917e-10,0.0038146442
6986,0,0,0.020358786861166284,1.9029952e-05,0.0006356379,0.021383455
6987,0,1,0.1989154101892613,0.6652718,0.46286377,0.19942687
6988,0,1,0.12742275494901462,0.015926274,0.0125841955,0.12365283
6989,0,1,0.07468069822636889,0.0045189727,0.00043364888,0.077462845
6990,0,1,0.02328487851702959,1.2811516e-06,1.3865792e-06,0.024273
6991,0,0,0.40544630062726955,0.9727824,0.9998522,0.40065745
6992,1,1,0.678807850751024,0.9998741,0.9994812,0.6830854
6993,0,0,0.17572523968735917,0.7130552,0.96499544,0.18359046
6994,0,0,0.001148745692023526,5.6964117e-10,4.2858304e-08,0.0015050382
6995,0,1,0.0018056988425477806,3.6525657e-10,6.5226484e-11,0.0024195772
6996,0,0,0.010556461838274517,3.7793328e-08,5.0123026e-07,0.011020694
6997,1,1,0.3471147044061437,0.9606962,0.76278585,0.34227327
6998,0,0,0.015945685608700473,0.0010695461,0.007451152,0.01974986
6999,0,1,0.0035727986859554204,1.0642571e-07,9.390276e-09,0.0043578236
7000,0,0,0.04926446790595142,0.06729067,0.9471997,0.09565196
7001,0,1,0.393511811006649,0.968477,0.9402874,0.38654578
7002,0,0,0.004691535325215609,5.1392934e-05,3.653954e-05,0.0032635524
7003,1,1,0.49304362115326367,0.99868554,0.993215,0.49715784
7004,0,0,0.10861730900996655,0.067526355,0.6260644,0.107832596
7005,1,1,0.9970669873231447,1.0,1.0,0.9968537
7006,0,1,0.2911368968851918,0.7201068,0.6369711,0.27724564
7007,0,0,0.014951466413850274,7.4461145e-06,0.00020164762,0.016157867
7008,1,1,0.7056140114832316,0.9999825,0.99997365,0.7042123
7009,0,0,0.010670544158760498,4.9142443e-08,1.7851777e-05,0.011743305
7010,0,1,0.1428339491144118,0.06074359,0.005710687,0.1489065
7011,0,1,0.11662288763723741,0.00088453724,0.00071305805,0.11964761
7012,1,1,0.7130914770630422,0.99998045,0.9999207,0.7186273
7013,0,0,0.0005332771745295249,6.305748e-14,1.3007879e-11,0.0005326343
7014,0,0,0.046982911285808324,0.0034457322,0.041409582,0.04649389
7015,1,1,0.9999999999997933,1.0,1.0,1.0
7016,0,1,0.772106611539766,0.99996996,0.99971884,0.7728506
7017,0,1,0.27089060503027484,0.8694125,0.5228544,0.27015033
7018,0,1,0.05454728067592168,2.6627846e-05,2.2337522e-06,0.052370068
7019,0,1,0.002625310957578788,5.0039296e-07,2.025885e-08,0.0039981073
7020,0,0,0.0839876141476955,0.003339036,0.4030534,0.08055962
7021,0,1,0.005324348872226555,4.886107e-10,9.253523e-11,0.0049351486
7022,0,0,0.0161276105237312,0.000587641,0.012040948,0.020111647
7023,0,0,0.0112727073867562,4.6830337e-06,4.6400135e-05,0.014264968
7024,0,0,0.006144579458381387,6.2361287e-06,8.395199e-05,0.007564859
7025,0,0,0.014319125967788808,2.2928812e-07,1.5305526e-05,0.015550552
7026,0,0,0.0051615637033103675,3.4118257e-06,1.9008443e-05,0.011903184
7027,0,1,0.6433527593107184,0.9998741,0.99979377,0.645048
7028,0,1,0.18809787439148512,0.11053967,0.015321253,0.19318646
7029,1,1,0.6822486246313028,0.99998796,0.99996245,0.68301785
7030,0,0,0.007552722812590149,9.863758e-09,8.946299e-08,0.0074438024
7031,1,1,0.7748716335737174,0.9999969,0.99999285,0.7788225
7032,1,1,0.6614984334119344,0.9998443,0.99950457,0.6703175
7033,1,1,0.10977582933538176,0.0020328222,9.265118e-05,0.11180735
7034,1,1,0.33228577882499216,0.9834795,0.9145326,0.33289006
7035,0,0,0.023764744329259166,4.1970212e-05,0.00054442807,0.024602167
7036,0,0,0.014287926971301499,0.0018794109,0.042809006,0.017795203
7037,0,1,0.20108462433721408,0.19891734,0.06959577,0.21028875
7038,0,0,0.01886888407917289,1.7310778e-06,3.121194e-05,0.01924112
7039,0,1,0.17536734223421116,0.12943155,0.018161677,0.17532858
7040,0,0,0.00657713611113859,6.7406865e-05,0.0005490033,0.008226017
7041,0,1,0.005009226034155944,2.730665e-06,6.82736e-07,0.010681849
7042,0,1,0.0169576763910411,2.1119307e-07,2.3219169e-09,0.016245836
7043,1,1,0.2988315846210966,0.9963599,0.98134357,0.2915209
7044,0,0,0.0013484013875283863,1.7669974e-09,1.3449801e-07,0.0017672359
7045,0,0,0.0022332014591477296,1.173201e-07,4.291645e-06,0.00301843
7046,0,1,0.00509647759935153,1.2787343e-07,1.5141955e-08,0.006080069
7047,1,1,0.7582384267733846,0.99886334,0.98360074,0.75316674
7048,0,1,0.32731834415009586,0.95311195,0.77133757,0.3288875
7049,1,1,0.782612281873785,0.9996388,0.99855655,0.7844482
7050,1,1,0.9593124616809464,0.9999999,0.9999993,0.95858854
7051,0,0,0.0045254058019759905,6.418959e-09,8.0704064e-07,0.004751081
7052,0,0,0.05354052709297698,0.0023750202,0.036467854,0.05605053
7053,1,1,0.8445740187402521,0.9999546,0.99938333,0.8412805
7054,1,1,0.9986080609568887,1.0,1.0,0.9985159
7055,0,1,0.19225345060992372,0.17883453,0.030371483,0.19402568
7056,0,1,0.21273103517860598,0.34821123,0.07201766,0.2146763
7057,0,0,0.01930102240237186,9.370995e-06,0.00062374346,0.01989694
7058,0,1,0.38145915379375034,0.9826058,0.9084165,0.38379166
7059,0,1,0.03297623231222105,2.5055484e-05,1.7627523e-06,0.034098588
7060,1,1,0.7141994112602347,0.99998343,0.9999361,0.7182053
7061,0,0,0.0017497239026751535,1.2000265e-09,6.2303154e-09,0.0022178318
7062,0,1,0.013999025910842913,7.5063224e-05,5.6639265e-06,0.017688155
7063,0,0,0.0043362821092117095,3.6938383e-10,2.7979963e-08,0.004632989
7064,0,1,0.20368640185542883,0.6107974,0.1325649,0.21027772
7065,0,0,0.4216383356325404,0.9985738,0.9999411,0.43605852
7066,0,0,0.0053459503251627885,2.2042166e-05,0.000113198104,0.012361317
7067,0,0,0.06090574234121096,0.00092083233,0.065735824,0.061811198
7068,0,1,0.04997614105108574,0.0024635072,0.00025737647,0.049359716
7069,0,1,0.041311039181015995,3.0119952e-05,3.5164908e-06,0.039638855
7070,0,1,0.10838835376244325,0.5023957,0.15910876,0.10565899
7071,0,0,0.008551183435046267,0.00014759859,0.0011444287,0.01894285
7072,1,1,0.7888870063587022,0.99999905,0.9999963,0.7920272
7073,0,0,0.031148653409230304,0.00015874363,0.0023192004,0.038482863
7074,1,1,0.4411335350569166,0.99964595,0.9965538,0.45947635
7075,1,1,0.9835010739457197,1.0,0.99999905,0.9820808
7076,0,0,0.11749342825957033,0.13010456,0.7847949,0.11675398
7077,0,1,0.02203145872135239,4.2960613e-07,1.0205211e-07,0.020950897
7078,0,0,0.2312864765466886,0.9581794,0.9950565,0.2458658
7079,1,1,0.8858100203141507,0.99999976,0.99999905,0.88444054
7080,1,1,0.3442367202574548,0.94469965,0.8470687,0.34215167
7081,0,1,0.7668508242274219,0.99997187,0.99997044,0.76002306
7082,0,1,0.3553399815077237,0.91617596,0.77665144,0.35411584
7083,0,1,0.49630883803015974,0.9889824,0.9705758,0.49758473
7084,0,0,0.012703206787849166,1.897433e-07,2.6363145e-05,0.013526243
7085,1,1,0.23122014733868915,0.87539566,0.45072657,0.23954645
7086,0,0,0.00918987681452381,3.180366e-06,4.622427e-05,0.011407315
7087,0,1,0.4153838512766396,0.97787523,0.81649554,0.4121973
7088,0,1,0.00908277936535414,2.0328788e-09,4.885667e-11,0.009071436
7089,0,1,0.007474637973869643,2.3702614e-06,5.3357047e-07,0.009557223
7090,0,1,0.003578547586457307,1.6738915e-07,1.619278e-07,0.004553688
7091,0,1,0.33701033771673133,0.97081333,0.8796537,0.33391923
7092,1,1,0.7261361905253068,0.99995804,0.999969,0.72438693
7093,0,0,0.014507634154829049,3.300117e-08,6.877352e-07,0.014678613
7094,0,1,0.6897018201970828,0.99955755,0.9967212,0.69452137
7095,0,1,0.41779798602886925,0.9702655,0.9275872,0.43309945
7096,1,1,0.29752051327637374,0.9385039,0.7100489,0.29796278
7097,0,0,0.04848824319292561,0.0002327015,0.005899024,0.046403732
7098,1,1,0.6170114320489964,0.99961376,0.9965629,0.6112731
7099,0,0,0.0037834121514677037,4.4022784e-07,2.4083406e-06,0.005000623
7100,0,1,0.22841201071620412,0.88939655,0.7752993,0.22970289
7101,0,1,0.7743203476110981,0.99996233,0.9996506,0.7768107
7102,0,0,0.0007372807582408162,1.411946e-11,1.4345593e-10,0.0009008027
7103,1,1,0.5843654323677524,0.9992224,0.999596,0.5804243
7104,0,0,0.001147590489099871,8.525346e-11,7.1158235e-10,0.001409134
7105,1,1,0.9544857790780836,1.0,1.0,0.95351857
7106,1,1,0.6349582369079313,0.9998734,0.9996041,0.6418157
7107,0,1,0.9259280154058832,1.0,1.0,0.92737913
7108,0,0,0.004704291005542748,2.8343313e-06,2.2250406e-05,0.005942607
7109,0,1,0.19438138280698342,0.8784752,0.43520212,0.20058097
7110,0,0,0.0018494649214335845,2.033714e-11,3.5181045e-09,0.0019767522
7111,0,1,0.14526856521647782,0.21744859,0.005445438,0.14262478
7112,0,1,0.31403643256125313,0.9668764,0.7935883,0.31686723
7113,1,1,0.952123624298838,1.0,0.99999976,0.9507347
7114,0,0,0.033510050694238035,0.00033040525,0.0028566208,0.034014486
7115,0,1,0.31787957325961663,0.97280854,0.8651532,0.32190385
7116,0,1,0.08952454689818953,0.0058344738,0.00045403323,0.08626798
7117,1,1,0.3276988525646159,0.9152672,0.6522493,0.33026052
7118,0,1,0.36946941622816,0.9539493,0.94635284,0.36315858
7119,0,0,0.024368597702579174,3.5367546e-05,0.0005846917,0.02455098
7120,0,1,0.5060811252440716,0.92367566,0.72315395,0.5121381
7121,1,1,0.32537458331983155,0.9897211,0.927522,0.32909197
7122,0,1,0.051565802242440735,0.00016810927,4.106207e-05,0.052861344
7123,0,1,0.012973574120980881,2.7681622e-06,3.6239648e-08,0.0121885855
7124,0,1,0.8929506272885833,1.0,1.0,0.88843447
7125,1,1,0.6747183232193986,0.99988794,0.9997259,0.6787828
7126,0,1,0.2976425543265583,0.8902825,0.5812404,0.30114558
7127,0,1,0.1436712062626292,0.0629762,0.0059152874,0.1498473
7128,1,1,0.39625147973392677,0.98694855,0.89641005,0.4110138
7129,0,1,0.006607897255439349,4.1278336e-06,4.022677e-07,0.008168718
7130,0,1,0.1282234886231565,0.05269038,0.016004995,0.13142754
7131,0,1,0.034844731179967864,0.00010854556,1.0479994e-05,0.034155544
7132,1,1,0.23189305708485322,0.9324015,0.5706742,0.2407134
7133,0,1,0.09790370432084873,0.01992647,0.004256454,0.096224725
7134,0,0,0.02037654861622107,1.0533028e-05,0.00070132205,0.021557977
7135,0,0,0.07534167909281288,0.00022122035,0.009965493,0.037274662
7136,0,1,0.16910676788924595,0.48350942,0.25695285,0.18218258
7137,0,1,0.026546692517068825,1.7604005e-07,5.3647553e-09,0.027185522
7138,0,0,0.015885587117725766,2.702066e-06,0.000123745,0.01732307
7139,0,1,0.22653695197373475,0.504054,0.13422774,0.22971053
7140,0,0,0.04378027020844343,0.002229149,0.01538494,0.046042804
7141,0,0,0.07816116968645534,0.0104843415,0.62196064,0.07483124
7142,0,0,0.05083043932268082,0.0057867416,0.18994461,0.049258523
7143,0,1,0.18804669218556588,0.0019167063,0.00021783936,0.1917383
7144,0,1,0.5583593744975852,0.99762255,0.99314815,0.56289446
7145,0,1,0.2631994063561241,0.80954194,0.3957101,0.26439935
7146,0,0,0.3582342064853078,0.9021814,0.99926525,0.35455123
7147,1,1,0.7082277900285217,0.9999852,0.9999665,0.7092884
7148,0,0,0.0031271299558011793,2.6936965e-07,1.5086382e-06,0.0040736413
7149,1,1,0.37105093641915216,0.97676325,0.88101554,0.3730941
7150,1,1,0.7169422342315279,0.99999154,0.9999721,0.72224265
7151,0,1,0.0014271002574193221,2.2856682e-11,9.63231e-12,0.001845583
7152,0,1,0.05415067541420027,0.0008170962,0.00016253589,0.05499886
7153,0,1,0.29063098019014677,0.9265851,0.6332678,0.29673487
7154,0,1,0.4707386309798488,0.998278,0.9940467,0.47362602
7155,1,1,0.600689391688723,0.99991894,0.9999281,0.60059327
7156,0,0,0.08884532942990703,0.016868621,0.29273057,0.08805333
7157,0,0,0.010368233571491345,3.8032173e-05,0.000296843,0.013783977
7158,0,1,0.02305430555394492,2.674012e-05,2.240246e-06,0.022547273
7159,0,1,0.44430607474842915,0.9989887,0.9978638,0.45473275
7160,0,0,0.000969082341042161,1.2469004e-12,7.5174235e-11,0.0013655955
7161,0,1,0.05718900441208593,0.0031084688,0.0012228866,0.054097414
7162,0,1,0.002620146012086766,6.997797e-10,7.09415e-11,0.0031647843
7163,0,0,0.006546931939185992,1.3158743e-05,0.00011288217,0.014634078
7164,0,0,0.05653161716138909,0.00062307745,0.01949688,0.05804657
7165,0,0,0.01856402060675664,5.6587915e-06,6.613642e-05,0.019407222
7166,0,1,0.9944992503153889,0.99994576,0.95991963,0.9945229
7167,0,1,0.0068808728204236835,1.184614e-06,1.0983879e-07,0.008540728
7168,1,1,0.8455854200850728,0.99999964,0.9999994,0.8378072
7169,0,0,0.0013969958357092152,1.0046142e-09,1.8238925e-08,0.0019155911
7170,0,1,0.17689179998229465,0.030281244,0.0016796619,0.18078539
7171,0,1,0.208429375146477,0.7055847,0.043657444,0.2081724
7172,0,1,0.18574471033501255,0.009887993,0.013339982,0.096001066
7173,1,1,0.2954921370333898,0.8198647,0.5079576,0.29275027
7174,1,1,0.7329325170597661,0.999984,0.99999106,0.7422162
7175,0,1,0.05286781319161071,0.0008345629,6.869176e-05,0.053800248
7176,1,1,0.4544849474287545,0.99437815,0.98222464,0.45531428
7177,0,1,0.0012664088394610583,2.3150383e-11,9.997789e-12,0.0016099511
7178,1,0,0.8800618501599884,0.99812645,0.999415,0.8769777
7179,1,1,0.7480166913955353,0.999931,0.99991965,0.7368123
7180,0,1,0.38836674832655943,0.98382187,0.91064394,0.3925743
7181,1,1,0.8589031971158221,0.99999976,0.9999995,0.8621622
7182,1,1,0.37643146745442413,0.99487877,0.97014844,0.3765455
7183,0,1,0.0060689409320289186,4.5151707e-10,1.6220431e-11,0.0058248895
7184,0,1,0.0006207727352753027,5.7298923e-12,4.331213e-14,0.0007311332
7185,0,0,0.004483118651981017,2.0881006e-09,1.1956102e-07,0.0047567575
7186,0,1,0.0005733570316536331,2.5067532e-13,8.681335e-14,0.0007342181
7187,1,0,0.6185646030785646,0.99981344,0.99999917,0.611346
7188,1,1,0.3984537771305231,0.9988501,0.99236274,0.39912432
7189,0,0,0.0009920162140801788,2.9072437e-11,2.341667e-10,0.0012145818
7190,1,1,0.2960763256334796,0.81619394,0.5302218,0.3005177
7191,0,1,0.04324326023679141,9.199462e-06,4.2932152e-07,0.04279441
7192,0,1,0.03694915366814639,7.034054e-05,3.6481176e-06,0.03973825
7193,0,1,0.14944171415829088,0.015575784,0.00059022364,0.1504559
7194,0,0,0.0047751958687058714,1.1689124e-09,4.524797e-08,0.0047939043
7195,1,1,0.39536208276108814,0.9917611,0.96774787,0.3920762
7196,0,1,0.028417286315716807,1.2362673e-05,6.062092e-07,0.030074874
7197,0,1,0.005321031021808248,1.4691874e-07,2.8477618e-08,0.006404474
7198,0,1,0.44447343624083485,0.999213,0.99720037,0.44314435
7199,0,1,0.012056811490703265,0.00017259376,2.990149e-06,0.014425451
7200,0,0,0.03075141271947473,1.5008009e-05,0.00042805867,0.032733284
7201,1,1,0.18088205393622303,0.5165583,0.10969945,0.18142961
7202,0,1,0.4914247292078516,0.99887854,0.9936859,0.5020253
7203,1,0,0.669883204333208,0.9997953,0.9999987,0.6666871
7204,1,0,0.5123454215900242,0.99817145,0.9999926,0.50173527
7205,0,1,0.29831519219467884,0.99681973,0.8939973,0.29304612
7206,0,1,0.14344606814520416,0.078771904,0.0071744733,0.1436521
7207,0,0,0.0034539507743740795,1.01980655e-08,1.4076906e-07,0.0042760456
7208,0,1,0.008329317380305115,1.7199327e-05,1.2433973e-06,0.01035863
7209,0,1,0.027461594849496247,0.00010110621,8.786751e-06,0.026774712
7210,1,1,0.4922624384550395,0.9995049,0.9970553,0.4968694
7211,0,0,0.03944575328383452,0.00095398154,0.09041868,0.05195182
7212,1,1,0.7323510706206515,0.99997735,0.9999516,0.7277097
7213,1,1,0.4125095967476121,0.9865062,0.926857,0.41630712
7214,1,1,0.21163811458005705,0.6961547,0.2303359,0.2173629
7215,0,1,0.18601781838536102,0.29412046,0.1863479,0.19285958
7216,1,0,0.04056430030061287,0.016414762,0.14108332,0.040149596
7217,0,1,0.0014936192715259693,8.255145e-10,9.7996e-10,0.0034317262
7218,1,1,0.4861362306685393,0.9890099,0.95134026,0.49440074
7219,1,0,0.033141527591961956,0.00010526682,0.0022542463,0.033971276
7220,0,0,0.009811219492566534,3.6563332e-08,3.6454117e-07,0.009642154
7221,0,1,0.01280179628785124,2.8091142e-06,3.8261003e-08,0.011950485
7222,1,1,0.6865672934410288,0.99933845,0.9956809,0.67945844
7223,0,1,0.7342372631858632,0.9997317,0.9981583,0.73292977
7224,1,1,0.6403151613718119,0.99994767,0.999825,0.641411
7225,0,1,0.004916179409045322,7.728934e-07,1.9405482e-07,0.0066402443
7226,0,0,0.004373970793312323,1.9496508e-07,2.2498746e-06,0.0054501896
7227,0,0,0.002720647287578331,4.5329774e-08,2.4521498e-07,0.0035578504
7228,1,0,0.583798931183603,0.99663484,0.99993837,0.5730435
7229,1,1,0.2719289363503585,0.9234622,0.6573371,0.27383304
7230,0,1,0.15666560945039998,0.07917647,0.015244827,0.1560056
7231,0,1,0.09828976309903083,0.0072441646,0.0039423234,0.10197757
7232,0,1,0.08388716338490512,0.024903944,0.007791116,0.08784399
7233,0,1,0.3993336392407587,0.9774318,0.8466475,0.38628703
7234,0,1,0.08941272380502968,0.0031139944,0.00027025363,0.09401331
7235,0,0,0.1564815172023214,0.14621851,0.85156,0.1522294
7236,0,1,0.17067059128328854,0.050207168,0.008604933,0.1726805
7237,1,1,0.3483739693616456,0.81652474,0.8413351,0.35080066
7238,1,1,0.6314358222080513,0.99980164,0.99950504,0.6312458
7239,1,1,0.2280796145921106,0.9671587,0.78824633,0.22769532
7240,0,1,0.1239060818312009,0.058297012,0.024472037,0.117651306
7241,0,1,0.09728764449152348,0.03286187,0.005479589,0.098669276
7242,0,0,0.011846912056956978,8.459224e-08,1.6753718e-06,0.0134576475
7243,0,0,0.04646103830972696,0.00014517504,0.0072626397,0.046501562
7244,0,0,0.010046593853439173,8.392453e-11,3.6076442e-10,0.009887331
7245,0,1,0.27834336155812517,0.7742349,0.2908129,0.2819892
7246,0,0,0.0025030597211722454,7.084193e-09,7.423069e-08,0.0030871285
7247,0,0,0.06710248783819069,0.00014688929,0.0017282629,0.0645231
7248,0,0,0.007966825325684917,9.9520585e-06,0.00016357073,0.009950718
7249,1,1,0.34312426856073736,0.9867535,0.9675986,0.35351834
7250,0,0,0.004889599702867887,2.8585287e-10,1.957496e-07,0.005283484
7251,0,0,0.38863524117734893,0.9925424,0.99992025,0.38307184
7252,0,1,0.09683494288802705,0.005871915,0.0016688211,0.10662801
7253,1,1,0.0698780129708165,0.018231245,0.0019952992,0.06872722
7254,0,1,0.007073333086040812,6.59313e-06,5.336392e-07,0.008822786
7255,0,0,0.04514373843899311,0.0031259153,0.027393838,0.04540328
7256,0,1,0.015340500817233805,1.0383742e-05,1.4400152e-07,0.014318889
7257,0,0,0.013128791925031219,8.1803233e-07,9.485292e-06,0.012856471
7258,0,0,0.030014944071004454,0.00035850191,0.0032214965,0.029994952
7259,1,1,0.5500038158836008,0.9997043,0.9993424,0.5481602
7260,0,0,0.2400443951047475,0.8549745,0.9872738,0.25212637
7261,0,1,0.03592067836718915,0.00012294357,1.3720018e-05,0.037454437
7262,0,1,0.08640422104903006,0.00023038696,2.6448133e-05,0.08339697
7263,0,0,0.001301140031035023,7.5891293e-10,2.7465463e-10,0.000912496
7264,0,0,0.0003934425216766514,2.1071454e-12,3.1877615e-11,0.0005277394
7265,1,1,0.885180649724196,0.9999144,0.9994164,0.8753561
7266,1,1,0.8825917531449492,0.99998987,0.9998393,0.88211626
7267,0,1,0.22305917082845284,0.70095104,0.1909704,0.22698212
7268,0,0,0.008187591011008731,5.1088267e-07,6.490907e-06,0.007989721
7269,1,1,0.40817082882806444,0.9627955,0.6380439,0.41046068
7270,0,1,0.7043948979748978,0.99995196,0.9998238,0.7123531
7271,0,1,0.45468642485028155,0.9998621,0.99957174,0.47133356
7272,0,1,0.0008069421473228924,2.293264e-13,6.3456337e-15,0.0009862131
7273,0,1,0.068263902932999,0.0026244584,0.00036484282,0.0685662
7274,0,0,0.006871641673098609,1.3956601e-07,4.844802e-06,0.0064748693
7275,0,1,0.00433260824686983,1.257789e-06,1.5781884e-08,0.005207873
7276,1,1,0.13148950628592906,0.043991707,0.004134904,0.134085
7277,1,1,0.9268731266847067,1.0,0.9999999,0.92722046
7278,0,1,0.03107090327636384,0.00028607898,2.1479047e-05,0.031262722
7279,0,1,0.0408481268927164,7.715957e-05,4.2031265e-06,0.04400489
7280,0,0,0.010164304914430603,4.6367363e-06,0.000107010965,0.009818417
7281,0,1,0.02711042127994332,1.9304682e-05,6.45242e-06,0.027667789
7282,0,1,0.1921034625542333,0.006581832,0.0020353186,0.061740864
7283,1,0,0.6460696494523338,0.99983454,0.9999995,0.64453167
7284,0,0,0.004718096527177809,2.3688318e-10,1.199645e-08,0.0051191323
7285,0,0,0.15335658331438218,0.11918225,0.57513916,0.16461442
7286,0,0,0.033480986328004995,0.00010751255,0.00083827926,0.036140442
7287,0,0,0.08239543608006883,0.01417695,0.2248726,0.0837774
7288,0,1,0.02131686091331503,5.865918e-06,5.284553e-07,0.02093078
7289,0,1,0.003464676967255359,3.2393447e-07,4.348043e-09,0.004108308
7290,0,1,0.043329575866592675,4.328127e-06,8.9108585e-07,0.040256023
7291,0,1,0.009189858525971128,0.00010350916,1.7182799e-06,0.01093983
7292,0,1,0.007322874728301681,1.8583725e-08,5.069105e-09,0.0075729676
7293,1,1,0.6181103385805139,0.99992204,0.9996926,0.6200775
7294,1,1,0.8307221080356466,0.99998915,0.99993896,0.8299462
7295,1,1,0.6713480268261856,0.9999318,0.99982333,0.66741186
7296,1,1,0.965290960766344,0.9999999,0.9999999,0.96375626
7297,0,1,0.0011618554418549897,3.011122e-10,5.2113105e-11,0.0015539415
7298,1,1,0.36570511894227226,0.9946853,0.9730189,0.3680506
7299,1,1,0.8509219779049244,0.9999765,0.9997722,0.8449061
7300,0,1,0.34630290067989644,0.7300438,0.2702945,0.34745324
7301,0,0,0.13758067438770957,0.0013986137,0.2202276,0.043605454
7302,0,0,0.03755896450707595,9.4501534e-05,0.001674876,0.03857898
7303,0,0,0.04710892830614885,0.003836914,0.067461446,0.046923086
7304,0,1,0.4724458713251775,0.9895404,0.9692141,0.473003
7305,0,1,0.42019680001046994,0.9962983,0.986102,0.41901332
7306,0,1,0.2900079876638478,0.96845734,0.8295852,0.2970297
7307,1,1,0.40068861069162576,0.9987109,0.9944805,0.40430063
7308,1,1,0.3541152953780168,0.9673345,0.8729637,0.35299724
7309,0,0,0.09580239790531156,0.027373029,0.6950618,0.095888585
7310,1,1,0.3893908128996896,0.9980439,0.98572356,0.3937158
7311,0,0,0.04296648196504806,6.278308e-05,0.0054146084,0.044670377
7312,0,1,0.07665225112209102,0.33934432,0.09174927,0.095264316
7313,1,1,0.7391311582671874,0.9999932,0.999974,0.7429312
7314,0,1,0.4383105530735964,0.99814737,0.9936934,0.44055656
7315,0,1,0.38749523276697956,0.9977563,0.9170998,0.3839848
7316,0,0,0.0007832481918937751,2.874722e-11,1.2497708e-10,0.0009848451
7317,0,1,0.20965589439034754,0.6883214,0.18198544,0.21556455
7318,1,1,0.2311556595194535,0.62455696,0.25082394,0.23299032
7319,0,1,0.17125738408155092,0.18009655,0.0024287098,0.16093022
7320,0,1,0.42559352447716847,0.9904425,0.98505265,0.4371193
7321,0,1,0.01605373268817323,1.073521e-05,1.3409534e-07,0.015241735
7322,0,1,0.004705028235066106,1.3444311e-07,9.2007335e-09,0.0058048023
7323,0,0,0.017704830102143874,3.9308794e-05,4.131254e-05,0.018026274
7324,0,1,0.07220519404512973,0.001164985,0.00015797552,0.07323592
7325,1,1,0.7558981825361835,0.99999714,0.9999901,0.75825906
7326,0,0,0.003904239850426104,9.355723e-08,1.0990277e-06,0.004844072
7327,0,0,0.004035115976202348,1.9972701e-09,3.500874e-07,0.0042110784
7328,1,1,0.6861225090337169,0.99996805,0.9999261,0.6875905
7329,0,1,0.007572900993641956,6.289084e-08,3.3901106e-09,0.0075519104
7330,0,0,0.08144589158734017,0.014077479,0.1708823,0.0814258
7331,0,1,0.22312989600345745,0.22330596,0.09815993,0.23624963
7332,0,1,0.2989093101930637,0.89381737,0.5850217,0.2997078
7333,0,0,0.09577475782266791,0.15454508,0.7107341,0.095213436
7334,0,1,0.023603860941918284,1.2020523e-05,3.3399754e-06,0.025234237
7335,0,0,0.013216599191307533,0.37766075,0.3651526,0.00900854
7336,0,0,0.12249775708975147,0.0674237,0.7258416,0.1267181
7337,1,1,0.6906094911719921,0.99994934,0.99981594,0.69551516
7338,0,0,0.20771157520784175,0.7020691,0.9944287,0.21195188
7339,0,1,0.05890301033351386,2.2010825e-05,4.00231e-05,0.055857155
7340,0,1,0.5876560938989516,0.9992827,0.99798584,0.5857632
7341,0,0,0.0005677820500040031,2.5403324e-11,1.0872875e-09,0.0007414207
7342,0,0,0.011245142413826115,4.1619546e-06,3.9135615e-05,0.011629294
7343,0,1,0.04876715573285224,0.019901365,0.0023599837,0.06328357
7344,0,0,0.6407526259623411,0.99997246,0.9999999,0.65616024
7345,0,0,0.010030189510084137,4.715304e-08,4.3995794e-07,0.010430744
7346,1,0,0.390059412713893,0.9754686,0.9998505,0.3837847
7347,0,1,0.007782755723351608,1.7346757e-07,1.03087165e-08,0.009901476
7348,0,0,0.03180166926005964,0.00011297736,0.0018639084,0.032043923
7349,0,1,0.07076812632597808,0.0020095187,0.0007985952,0.070171036
7350,1,1,0.1286661086612097,0.06973938,0.0077244923,0.1345525
7351,0,0,0.14838727286068096,0.08044234,0.6224372,0.15639171
7352,0,1,0.0015080985458231222,4.5575244e-10,4.23804e-12,0.0017902444
7353,0,1,0.34425735173586275,0.98599815,0.92023045,0.34467483
7354,0,0,0.01116302043912145,5.3806953e-06,1.5765789e-05,0.01107051
7355,1,1,0.9986228381395025,1.0,1.0,0.99855465
7356,0,0,0.038872859632355365,0.00022419929,0.011712046,0.042927735
7357,0,1,0.22867734350362906,0.45148644,0.09983192,0.23308241
7358,1,1,0.9260107190197104,0.99999964,0.99999475,0.9245213
7359,0,0,0.007811283345837112,6.2879053e-09,2.9579613e-07,0.008143174
7360,0,1,0.059479198070256194,0.0025702983,0.00042466007,0.05710384
7361,1,1,0.7478382990147096,0.9999958,0.9999852,0.7523045
7362,0,0,0.01936992200108761,2.8855154e-06,0.0009812635,0.018154157
7363,0,0,0.43063775169032814,0.9892414,0.99994826,0.426008
7364,0,0,0.05822172762232406,0.0005939453,0.005228581,0.06161554
7365,0,1,0.002065831651345754,2.3280865e-08,6.1211447e-10,0.0044420697
7366,1,1,0.862961407098212,0.9999999,0.9999989,0.8638112
7367,0,1,0.23920782597931525,0.6331069,0.20842157,0.24028543
7368,1,1,0.34434569783142555,0.9897429,0.9485578,0.3466305
7369,1,0,0.7922582380781233,0.9999981,1.0,0.7905942
7370,0,1,0.017022819736096206,0.001708218,0.00023582106,0.021666035
7371,0,1,0.17816405677571132,0.06923321,0.020526974,0.18785892
7372,0,1,0.31283500756555804,0.96000314,0.7912883,0.31404534
7373,0,1,0.1941670221004721,0.3156799,0.053794313,0.19949809
7374,0,0,0.11452699662141658,0.18397841,0.8098852,0.11832513
7375,1,1,0.6405684724688075,0.99975985,0.9992907,0.6382336
7376,0,1,0.17880660037519855,0.40683606,0.19615394,0.19077845
7377,0,1,0.08470313365688747,0.027409354,0.002360761,0.08766422
7378,1,1,0.4648714244120627,0.999273,0.9983387,0.4807966
7379,0,1,0.03315651665116649,0.00037954608,3.2874148e-05,0.032435443
7380,1,1,0.22917565545641477,0.91962826,0.42365035,0.23849827
7381,0,0,0.021916395372027688,2.3504444e-05,0.0011891293,0.024534041
7382,0,1,0.28177330828257735,0.97044307,0.8068202,0.28436187
7383,1,1,0.3909242629969724,0.98808926,0.94784915,0.3846966
7384,0,1,0.3601958734071085,0.9189811,0.7090388,0.3653856
7385,0,1,0.03833037851586502,9.5584204e-05,6.1659107e-06,0.03768854
7386,0,0,0.06557371792283598,0.002844888,0.057726555,0.06490807
7387,1,1,0.2863643760132761,0.45556203,0.331192,0.29941764
7388,0,0,0.007059995342167458,4.6078094e-10,8.0130505e-08,0.0075520175
7389,0,1,0.6096087778641169,0.99936444,0.9970805,0.6154502
7390,1,0,0.48748697989398004,0.9985879,0.99999416,0.4716442
7391,1,1,0.564342566598425,0.99987614,0.99912316,0.5761542
7392,0,1,0.2943121258890077,0.5549898,0.5426405,0.2899998
7393,0,1,0.013738441276303925,2.7488327e-09,7.697324e-11,0.014355087
7394,0,1,0.0016093275230371622,5.352342e-11,2.285642e-11,0.0020870822
7395,0,1,0.7345692694915633,0.99999666,0.99998724,0.73319376
7396,1,1,0.32857428504339703,0.95030326,0.87546366,0.33801535
7397,0,0,0.19663093782813906,0.23923367,0.97145224,0.1904087
7398,0,0,0.012710578188936722,3.4722727e-06,1.6277878e-05,0.012504159
7399,1,1,0.43873776070591614,0.97893757,0.87509936,0.4440348
7400,0,1,0.024713050620943967,7.31763e-05,1.2093029e-05,0.023808887
7401,0,1,0.011548731508321449,1.4377513e-06,8.3663814e-08,0.0114471
7402,0,1,0.18009568333347295,0.7848973,0.43065748,0.17515777
7403,0,1,0.6239197049652228,0.9999665,0.9997945,0.63448054
7404,0,1,0.28437469558232925,0.9822841,0.9152134,0.27968672
7405,0,1,0.003040431439026699,6.4683294e-09,6.429003e-10,0.003698946
7406,1,1,0.8293360588171101,0.99999654,0.9999831,0.824243
7407,0,1,0.035725440833600616,1.4903291e-05,2.2139354e-06,0.033537216
7408,0,1,0.14441514890522722,0.111180924,0.008732678,0.15296042
7409,1,1,0.3293971471864042,0.98695695,0.9765727,0.3884796
7410,0,1,0.355556286219275,0.9159806,0.5058258,0.35603362
7411,1,1,0.7409848232969042,0.9998672,0.9993079,0.73407644
7412,0,1,0.10830455190511676,0.031633664,0.005054231,0.11114359
7413,0,0,0.17854359220422397,0.21659964,0.9852474,0.18645616
7414,0,1,0.0018011273220683661,4.9270157e-09,1.0610942e-09,0.0023993545
7415,0,1,0.0021493873188050904,2.5203846e-08,6.4555725e-09,0.002838319
7416,0,1,0.07545689008201048,0.011827027,0.0012581031,0.0749019
7417,0,1,0.1628709949456662,0.0927517,0.022385063,0.17631558
7418,1,1,0.870888975877671,0.9999869,0.9999585,0.8655051
7419,1,1,0.904992680401593,0.9999999,0.9999994,0.9030861
7420,0,0,0.0038260534353468517,1.3264177e-08,8.710824e-07,0.0039865673
7421,0,1,0.5649708226311783,0.99980986,0.99921477,0.5668321
7422,0,1,0.2458292930996518,0.8997152,0.57017046,0.2463516
7423,0,1,0.009688339961118295,1.366606e-07,1.242695e-07,0.009774677
7424,0,1,0.4942913902520397,0.9980934,0.97545254,0.50296783
7425,0,0,0.020710560079456382,7.701821e-06,0.00010680717,0.022554055
7426,0,0,0.015624623823482352,1.0366951e-05,0.00011903528,0.015146682
7427,0,0,0.0009985000544198263,6.9281365e-11,1.0707982e-09,0.0013687725
7428,0,1,0.003650932808250593,1.0858456e-08,1.15544775e-10,0.0033371004
7429,0,1,0.16465731105247428,0.06352542,0.0048180837,0.16362914
7430,0,1,0.0350103340514836,0.00095490954,0.00012308104,0.033823755
7431,0,1,0.46859637028518,0.9948153,0.9742501,0.47434333
7432,0,1,0.2897797753993848,0.998199,0.94051874,0.2848773
7433,0,0,0.05129521255791203,0.0017475778,0.04039405,0.05183511
7434,0,0,0.00017171993632992524,1.2830609e-15,3.5758905e-14,0.00022152788
7435,0,1,0.4874133776348459,0.9985991,0.9930218,0.49045104
7436,0,1,0.04157138738811222,9.9192264e-05,7.0523633e-06,0.043119606
7437,0,1,0.6386812282806048,0.99998283,0.99996173,0.6467088
7438,0,1,0.006207156375208402,1.6656059e-05,2.1720099e-07,0.0074506435
7439,1,1,0.29655388592973947,0.9647731,0.782159,0.30018878
7440,0,0,0.45278064624625247,0.98498756,0.99817705,0.45001042
7441,0,0,0.030904450275251138,8.0836486e-05,0.0010736919,0.031064374
7442,0,1,0.0812310508911277,0.9004367,0.43280056,0.09638729
7443,0,0,0.027216657429639017,3.6354108e-05,0.00034787421,0.027401645
7444,0,0,0.004414285842046864,1.7625622e-05,0.00026516785,0.009219208
7445,1,1,0.5053976636722873,0.9995578,0.9973131,0.51021284
7446,0,1,0.0013579792779891786,1.1201421e-10,5.5915142e-12,0.0016672234
7447,0,1,0.1821411715960002,0.12025518,0.019212844,0.18378732
7448,0,1,0.0033639995865805327,4.8998544e-10,5.227969e-10,0.0032561712
7449,1,1,0.2794567383584938,0.9751708,0.798777,0.2837114
7450,0,1,0.07934618325486853,0.00031333105,7.21821e-05,0.084299386
7451,0,1,0.8262584842961012,0.99999976,0.9999995,0.8285399
7452,0,0,0.4963034386412149,0.99699414,0.9999877,0.48631725
7453,0,0,0.08800244418622594,0.079229,0.8617604,0.083204255
7454,0,1,0.16773966699811535,0.20625243,0.023266917,0.17431526
7455,0,1,0.24866827924974333,0.38335732,0.09081912,0.25151882
7456,0,0,0.013722480975264488,4.7921472e-05,0.005123695,0.0167525
7457,1,1,0.4828390637252645,0.9972747,0.98664045,0.48381305
7458,0,0,0.17800205337669278,0.37371728,0.9607771,0.17614266
7459,0,0,0.02687281790822289,0.015200937,0.20276612,0.05552819
7460,0,1,0.0018284922563281145,2.1565114e-11,7.0568014e-13,0.0022489137
7461,1,1,0.9112989610637424,0.9999949,0.99995804,0.90791184
7462,0,1,0.11569507388764917,0.08699062,0.0018518338,0.11249811
7463,0,0,0.025571911805953404,6.4525743e-06,0.00016170238,0.02704921
7464,1,1,0.41339906099192514,0.99210477,0.9387429,0.411514
7465,0,1,0.22293105147033196,0.35754403,0.10403306,0.22197816
7466,0,0,0.034834779569390836,0.15331188,0.7993708,0.043477602
7467,0,1,0.3041171519101357,0.94566846,0.73031664,0.30569598
7468,0,1,0.00808978836995418,1.6512566e-09,3.7364226e-11,0.008075933
7469,0,1,0.003790213714619444,5.635692e-07,7.3867676e-09,0.0045166356
7470,0,1,0.0037931793320755826,4.9567825e-09,1.9869908e-10,0.0047519333
7471,1,0,0.7186285423507693,0.99998796,0.9999999,0.7067143
7472,1,1,0.6161185890205415,0.9996876,0.99873906,0.62436754
7473,0,0,0.11313405594335264,0.08017978,0.96106756,0.11900793
7474,0,1,0.03157698826035319,0.00573085,0.002991129,0.063483834
7475,0,0,0.011003976138653612,2.1448766e-06,0.00010867004,0.013696838
7476,0,1,0.0005347967072542983,3.013568e-11,7.9406853e-13,0.00080554764
7477,0,1,0.3833173157131504,0.99734473,0.98724025,0.38345334
7478,0,0,0.04037405861521427,0.0010570418,0.0081752725,0.042060092
7479,0,1,0.1867635651653466,0.4174251,0.2496132,0.18353002
7480,0,1,0.17433486998310352,0.71095294,0.1897953,0.1824343
7481,0,1,0.038782521771345946,0.00043298298,6.5847657e-06,0.03757632
7482,1,1,0.4289742631275753,0.9980756,0.99159545,0.42757842
7483,1,0,0.7319837893086752,0.99999213,1.0,0.7264449
7484,0,0,0.0007543320367768627,7.746468e-12,5.7986418e-11,0.000923054
7485,0,1,0.027159440521597935,0.0022123177,0.0010122271,0.035001643
7486,0,1,0.5138204936866007,0.9991686,0.9895697,0.5082302
7487,0,1,0.3886888126163345,0.9933368,0.98420066,0.40150455
7488,0,0,0.013156099659515762,3.535925e-05,0.001484557,0.013796688
7489,0,1,0.18892216727121255,0.14970692,0.024130562,0.19120705
7490,0,1,0.10753965482951659,0.005960159,0.0007910264,0.10648695
7491,1,1,0.3931224069048517,0.9970349,0.99005604,0.39104033
7492,0,1,0.3010770903382727,0.32173067,0.046624642,0.2854976
7493,0,1,0.8325024938807402,0.999998,0.9999894,0.8309445
7494,0,1,0.022289675420917164,2.0081372e-07,1.1207805e-07,0.0209438
7495,0,0,0.012895339154594003,1.014965e-06,1.9619325e-05,0.012560229
7496,1,1,0.5047726099316809,0.9987257,0.9955507,0.5037447
7497,1,1,0.2459965648543749,0.72541064,0.3013103,0.24581023
7498,0,0,0.015027261523567769,0.00018319042,0.005849162,0.01874679
7499,0,0,0.00135996817461064,7.2964323e-10,3.5326302e-08,0.0017931252
7500,0,1,0.2535610559308118,0.97496676,0.8725672,0.25978982
7501,1,0,0.6799228623822758,1.0,1.0,0.72736067
7502,0,1,0.09046839047809951,0.00012392426,2.1933609e-05,0.09121922
7503,0,0,0.0042862374736309,1.4597841e-06,1.1366024e-05,0.0054150606
7504,1,1,0.897566976660043,1.0,1.0,0.8988004
7505,1,0,0.9743115468886696,1.0,1.0,0.9725944
7506,0,1,0.4174970548863327,0.9683782,0.9064652,0.419338
7507,0,0,0.02769517983350755,9.423769e-05,0.0033721253,0.02911961
7508,0,1,0.15427419795780267,0.12867536,0.0142177595,0.1610843
7509,0,1,0.6932732320161008,0.99996805,0.999879,0.69817525
7510,0,1,0.2096290862784141,0.86825275,0.7131096,0.22081894
7511,0,1,0.28922273714363295,0.9651631,0.7747787,0.30280012
7512,0,0,0.035955633106961815,3.1944503e-05,0.005423603,0.035669897
7513,0,1,0.004149654732587978,4.390666e-06,1.4830325e-06,0.005483501
7514,0,1,0.026230580950510486,2.4842542e-05,2.209006e-05,0.027571853
7515,0,0,0.21085447366620477,0.72547686,0.985789,0.21044473
7516,0,1,0.13201316766737936,0.85394317,0.6955941,0.14001015
7517,1,1,0.8377605627528857,0.9999496,0.99927634,0.83163553
7518,0,0,0.12804354564852166,0.0635723,0.9089592,0.13008875
7519,0,1,0.13050437105711812,0.19376379,0.028839411,0.13839847
7520,1,0,0.2594806913550505,0.63321745,0.9941157,0.25840357
7521,0,0,0.08375771713830728,0.0007357239,0.016605148,0.086297795
7522,0,1,0.011386852544896962,1.8557644e-07,1.1258421e-07,0.011495224
7523,0,0,0.2418940482696942,0.7643745,0.9963445,0.23551978
7524,0,1,0.011550158722612894,1.1892765e-06,3.2999537e-08,0.010608959
7525,0,0,0.006471712654281715,2.0125364e-08,8.547583e-08,0.0067761317
7526,0,0,0.02561343387552796,0.00055132323,0.005210433,0.025729617
7527,0,1,0.5016278016454839,0.98504466,0.88261,0.4974412
7528,0,1,0.004482529735635059,9.375981e-08,5.15891e-09,0.0057623712
7529,1,1,0.6932060631152296,0.99997795,0.9999515,0.6929983
7530,1,1,0.8831566081625124,1.0,1.0,0.8855941
7531,0,0,0.6194032429610239,0.9956119,0.9997054,0.62549347
7532,1,1,0.6583117284703961,0.99964416,0.9959185,0.64581716
7533,0,0,0.015180870658794489,3.6124234e-07,2.811577e-05,0.015453313
7534,0,0,0.009098505199454274,2.49734e-06,2.7679719e-06,0.0087695075
7535,0,1,0.4432506154405785,0.9982805,0.9820828,0.4342519
7536,0,1,0.3649992664598048,0.9428735,0.98600566,0.36480987
7537,0,1,0.012930651544348904,5.5988245e-08,5.157786e-10,0.011219513
7538,0,1,0.0444538260508867,0.0245594,0.0037684522,0.0547921
7539,0,1,0.7058321292123846,0.99995935,0.99989974,0.7080003
7540,0,0,0.4869961287023231,0.9159335,0.9949477,0.49069354
7541,0,1,0.020260364788184517,4.873747e-06,1.3229659e-06,0.019471055
7542,0,0,0.1370980591216063,0.15111138,0.95473826,0.1421427
7543,0,1,0.011714439705269851,6.623178e-05,7.1696745e-06,0.014630952
7544,0,1,0.010857515450160202,1.460942e-08,3.622562e-08,0.011694078
7545,0,1,0.3906813649843434,0.9768172,0.85385734,0.39231434
7546,1,1,0.9960963818026681,1.0,1.0,0.9958073
7547,0,0,0.005995826113908357,3.3919219e-09,6.2999014e-08,0.0063680015
7548,0,1,0.43734409942553154,0.9951285,0.97560704,0.4367923
7549,1,1,0.7287896763016789,0.9999976,0.99999475,0.725685
7550,1,1,0.7713547661714192,0.9999993,0.99999845,0.7727904
7551,0,0,0.13509664275943956,0.999677,0.99998844,0.16688904
7552,0,1,0.3470469511100469,0.8636317,0.7501789,0.34258747
7553,0,0,0.0155263898776742,7.4973076e-07,1.0321247e-05,0.015266359
7554,1,1,0.20326390811822745,0.88478184,0.38711765,0.2115134
7555,0,1,0.037177377331861466,2.278528e-05,5.982816e-06,0.040090036
7556,0,1,0.0038469037479205463,2.3555622e-06,3.7716067e-08,0.00763389
7557,0,0,0.009424269588413014,1.2853432e-06,1.0980231e-05,0.009641125
7558,1,1,0.712921610438594,0.9999982,0.9999932,0.71454656
7559,1,1,0.9320488337304098,0.9999994,0.9999939,0.9303786
7560,0,1,0.2731428168751712,0.76462734,0.3860928,0.26805365
7561,1,1,0.27043550666705224,0.92369556,0.619214,0.27274916
7562,1,1,0.9991111537295623,1.0,1.0,0.9990251
7563,0,1,0.19997872937088285,0.5141919,0.17888771,0.2008514
7564,0,0,0.017148658299562476,1.3993365e-05,0.00057627773,0.01898264
7565,0,1,0.37814434130881497,0.8754942,0.59971225,0.37750486
7566,1,1,0.6839520279265909,0.9999907,0.999974,0.6848911
7567,0,0,0.05901634835011471,0.01038213,0.28011966,0.060814604
7568,0,1,0.025481503538069935,8.1463395e-06,1.1353537e-06,0.024568355
7569,0,0,0.28549579357485383,0.3733109,0.99003947,0.27616295
7570,1,1,0.9538858456464315,1.0,1.0,0.95351434
7571,0,0,0.002569714777533402,2.2741869e-08,1.34473e-07,0.0032601233
7572,0,1,0.008947617200058518,2.938966e-05,3.4957492e-07,0.0113055315
7573,0,0,0.03603126214050001,0.036705747,0.35687998,0.04585071
7574,0,0,0.03301740197456136,0.000309654,0.0031574578,0.03293406
7575,0,0,0.09525934600125108,0.0045546736,0.028162947,0.09577561
7576,0,0,0.004905026063052379,1.7384285e-07,4.443943e-06,0.0059324806
7577,0,1,0.38422509213556816,0.99441206,0.97328264,0.3865936
7578,0,1,0.48349363288011316,0.9984357,0.99165714,0.4855697
7579,0,0,0.003762098767926135,3.841076e-06,3.3700857e-05,0.007933685
7580,0,0,0.005641009715471952,1.8139104e-09,1.2611072e-07,0.0061111306
7581,0,0,0.007219637154244133,3.2457692e-06,6.043075e-05,0.00896363
7582,1,1,0.5247518677464146,0.99583036,0.96613073,0.5196441
7583,0,1,0.22466903527683907,0.8382829,0.6195427,0.22210065
7584,0,0,0.012342787421371482,3.6811512e-06,2.6299565e-05,0.012321434
7585,0,1,0.7903446481502088,0.9999987,0.99999654,0.7983619
7586,1,1,0.2944400987401421,0.9132917,0.5414668,0.29882577
7587,1,1,0.8392183000524669,0.99999213,0.9999536,0.8396928
7588,0,0,0.0026582231467866847,1.0133673e-08,1.0422979e-07,0.0032961564
7589,1,1,0.4696947495354246,0.9874922,0.8969134,0.4570038
7590,1,1,0.22572458716212776,0.47306848,0.11530532,0.22795974
7591,0,0,0.9230739762920672,0.9999999,1.0,0.9183562
7592,0,1,0.0640138417283121,0.00018610382,2.8041064e-05,0.06241335
7593,0,0,0.3146505740112355,0.7630309,0.9854886,0.31629404
7594,0,1,0.0068276383774481635,5.9067006e-06,5.0235576e-07,0.0084466
7595,0,1,0.3924610242559082,0.99118173,0.96572036,0.38893718
7596,0,1,0.004161290905166524,1.8989045e-08,2.5306e-09,0.005082332
7597,0,1,0.16119880182147514,0.14774369,0.015205328,0.16811533
7598,0,1,0.324114759681219,0.9206488,0.72782254,0.32286808
7599,0,1,0.022271996773639207,1.1085754e-06,1.3933594e-07,0.024245044
7600,0,0,0.0026708484320119275,6.156606e-05,5.738803e-05,0.0041536847
7601,0,1,0.4619384203248198,0.99954873,0.9991308,0.48441607
7602,1,1,0.9595125838208517,0.9999999,0.99999905,0.9583266
7603,1,1,0.36745119488882844,0.9863966,0.92473584,0.36891675
7604,0,0,0.00792697580530644,6.6556716e-08,6.356797e-06,0.008982559
7605,1,0,0.15385505549155432,0.20029822,0.8281198,0.1628188
7606,0,1,0.044486368971184534,0.11214564,0.019514287,0.087522745
7607,1,1,0.3241409781546589,0.8686626,0.49863377,0.33095127
7608,0,1,0.10394777208840231,0.19050637,0.11068052,0.105602555
7609,0,1,0.1330470911555856,0.7098747,0.39034793,0.14087272
7610,0,0,0.022433003059484202,3.0085044e-05,0.0004008105,0.02311058
7611,0,1,0.053136031445703516,0.17623731,0.0421444,0.06426718
7612,0,0,0.0007487874983854056,2.8702717e-12,1.01861776e-10,0.0009877053
7613,0,1,0.3161937613784255,0.97034305,0.8527303,0.32064053
7614,0,1,0.08330911807603116,0.00032811405,0.0004123796,0.081083246
7615,1,1,0.9627617492379836,1.0,0.99999976,0.9616283
7616,0,0,0.003249628077948616,1.8997557e-08,1.0067333e-06,0.004347064
7617,0,1,0.0008526239387942541,6.9741656e-12,3.1051143e-12,0.0010811641
7618,1,0,0.6087115770132968,0.9975932,0.99996936,0.6147371
7619,0,1,0.03646087611145081,2.2761695e-05,2.1888206e-06,0.036428787
7620,1,1,0.33304085383094506,0.80264497,0.65729123,0.32866755
7621,0,1,0.05979755168566417,5.5444863e-05,2.7421972e-06,0.058503393
7622,0,0,0.008506941842055435,7.5966104e-06,8.971313e-05,0.01085608
7623,0,1,0.13915960868858593,0.09825552,0.012474853,0.14369828
7624,0,1,0.01761274574589601,2.5106476e-05,3.3800765e-07,0.016550615
7625,0,1,0.2753659464655206,0.7847191,0.58669686,0.28633168
7626,0,0,0.16444489830523615,0.018784726,0.58591485,0.16200721
7627,1,1,0.9840881154737942,1.0,1.0,0.983514
7628,0,1,0.19769917355383967,0.118035085,0.025643837,0.19987778
7629,0,1,0.8570387519261067,0.99996364,0.9998199,0.8553171
7630,0,0,0.04305039544596544,0.0003946708,0.07851164,0.041149445
7631,0,0,0.017810619077741223,0.0006908745,0.06963085,0.022188062
7632,0,0,0.006199529063639553,7.961404e-06,9.139128e-05,0.013520092
7633,1,1,0.44635214178134563,0.98807,0.9369289,0.45304018
7634,0,0,0.03211330767064375,0.00013221535,0.008241767,0.030755173
7635,0,1,0.03930820087831808,6.127001e-06,2.6775479e-07,0.04078097
7636,0,0,0.2666404303818962,0.66256565,0.9942683,0.263153
7637,0,1,0.10652170486636275,0.00020990091,1.2211819e-05,0.10698895
7638,1,1,0.6909472252497685,0.999974,0.9999087,0.69434744
7639,0,0,0.003494795984180904,8.696471e-09,1.08801466e-07,0.004359374
7640,0,1,0.007083891640516072,7.619901e-06,6.4810695e-07,0.0087675145
7641,0,1,0.03260214222460893,0.0004114647,3.9125276e-05,0.03193271
7642,1,1,0.9042106078182215,0.9999999,0.9999995,0.902751
7643,1,1,0.5703574863911769,0.99831814,0.99520546,0.5761528
7644,1,1,0.2686892473560758,0.7347129,0.30962482,0.27007636
7645,1,1,0.7274327014026061,0.9999981,0.99999356,0.73368984
7646,1,1,0.9147202807061932,1.0,0.9999999,0.91396105
7647,0,1,0.012205474088681547,4.3320706e-06,8.6846065e-08,0.011437091
7648,0,0,0.008718421807767546,5.898954e-05,0.0012527996,0.019771287
7649,1,0,0.3093910048430804,0.95245886,0.999342,0.31221434
7650,0,0,0.0024922216267998093,2.2994575e-09,2.0612923e-08,0.003095078
7651,0,0,0.021856524541892033,0.00012857876,0.0010343397,0.021767754
7652,0,1,0.02513378758546913,1.3793064e-05,1.7207132e-06,0.024481693
7653,0,0,0.6084935700017292,0.99870133,0.9999945,0.60163623
7654,0,1,0.0018242570721208194,1.6629344e-10,7.943738e-11,0.0023510554
7655,0,0,0.03901724427253701,0.010498722,0.08760336,0.038484946
7656,0,1,0.06358445969905754,0.015425494,0.00026978765,0.06039174
7657,0,0,0.00032885949149255914,3.4436055e-11,4.553838e-11,0.00038610006
7658,0,1,0.38008272209131266,0.15421599,0.004844835,0.37921736
7659,1,1,0.20649692391257454,0.94709873,0.3050187,0.20229886
7660,0,1,0.9106758330822999,1.0,1.0,0.9131224
7661,0,0,0.04669010457142975,3.999052e-05,0.0015893732,0.022335978
7662,0,0,0.5609910240088747,0.9884216,0.99998426,0.5501386
7663,0,1,0.14725539206661836,0.24434356,0.10897518,0.15815687
7664,0,0,0.13160036363495398,0.021504013,0.9371291,0.13395923
7665,0,0,0.20454492251437795,0.053935472,0.7313179,0.11198875
7666,0,0,0.0007684477862517712,2.788432e-13,1.1243196e-11,0.0008067476
7667,1,1,0.6359423406415365,0.9997761,0.99874365,0.623323
7668,1,1,0.6423832736230197,0.9997482,0.99982536,0.6385959
7669,0,0,0.023947026868575288,2.6105909e-05,0.00020869258,0.024112852
7670,0,0,0.025750879586803853,0.0005676243,0.013528571,0.026555585
7671,0,1,0.05562126825105286,0.010462706,0.0022532619,0.05295685
7672,0,0,0.16818154720577244,0.38439834,0.96956986,0.1646649
7673,0,1,0.017749590627962074,2.0466111e-06,4.3107624e-07,0.016767116
7674,1,1,0.8362983875706723,0.9999926,0.99998295,0.8291616
7675,0,1,0.20647491340899596,0.2920756,0.05655704,0.20828466
7676,1,1,0.4923222023260422,0.9999423,0.9998468,0.5027375
7677,0,1,0.005794423117682176,1.4146628e-08,6.378437e-10,0.005721267
7678,0,0,0.030746121650485878,0.00010322608,0.004113157,0.030768674
7679,0,1,0.3878776256836866,0.99986386,0.99584335,0.3837184
7680,0,1,0.20211432921519834,0.97305954,0.9287806,0.21391565
7681,0,1,0.03969835121748799,0.00018144473,6.5848755e-05,0.037772696
7682,0,1,0.0076541952920019555,1.3336604e-08,9.876139e-10,0.0073908935
7683,0,0,0.001371748066451242,7.6705065e-10,3.6654033e-08,0.0017979076
7684,0,0,0.017011002289114643,1.4246686e-07,6.080313e-07,0.01689998
7685,0,0,0.009411601096178567,8.01931e-07,8.559127e-06,0.009597556
7686,0,0,0.0016181970509718067,3.1629999e-09,6.09945e-08,0.0022202157
7687,0,0,0.021700709220166543,1.890994e-05,0.00010764704,0.0231656
7688,0,1,0.1001214835852182,0.031149747,0.002647584,0.10280969
7689,0,1,0.5418751112159959,0.99958235,0.9981375,0.54160607
7690,0,0,0.01255861517448656,6.2526567e-07,8.837359e-05,0.012367419
7691,0,0,0.03273872994894512,1.3703816e-05,0.0010653037,0.03470007
7692,1,0,0.13234267951147327,0.24752663,0.99637973,0.17314906
7693,1,1,0.8880398375291724,0.9999727,0.99957615,0.8885235
7694,0,1,0.21589749351604476,0.79507583,0.417406,0.21254277
7695,0,1,0.3965502885405526,0.9289573,0.8408135,0.3911602
7696,0,1,0.0012005538316329236,1.0656748e-11,1.7835687e-13,0.0010726869
7697,0,0,0.011464244632705001,6.485509e-07,1.5884289e-05,0.010888669
7698,0,1,0.01893814826053722,3.2058292e-06,2.1490936e-07,0.019109754
7699,1,1,0.6710171746611495,0.9999925,0.9999777,0.6717854
7700,0,1,0.5426966718354388,0.99930775,0.9976078,0.5359778
7701,0,1,0.11628488004924337,0.021903893,0.005917018,0.11283001
7702,1,0,0.7737105357263,0.99999654,1.0,0.7726595
7703,1,1,0.42299401357184513,0.94986326,0.9640418,0.41571507
7704,0,1,0.21182294291126313,0.5475634,0.24968883,0.22616312
7705,1,1,0.2339373293018849,0.7918598,0.2815348,0.23750322
7706,0,1,0.37334413749914813,0.99257696,0.9586372,0.35842833
7707,0,0,0.08309445835636164,0.08349967,0.6076289,0.08443158
7708,0,0,0.014094790300703949,1.5580616e-07,2.1050548e-06,0.013941609
7709,0,0,0.18490892317765298,0.5110623,0.993719,0.17973743
7710,0,1,0.2648596084089272,0.9467547,0.72417396,0.26251802
7711,1,1,0.9886867381958951,1.0,1.0,0.9883532
7712,0,1,0.0876959774052417,0.027884053,0.0004475861,0.08629134
7713,1,1,0.4824177340163266,0.99934715,0.99751556,0.4802495
7714,0,1,0.0160374099715189,5.650821e-06,3.0665115e-07,0.020149691
7715,0,1,0.0036490569164131154,2.9589198e-10,6.8013143e-12,0.003502874
7716,0,1,0.6258867294667356,0.9996239,0.998304,0.6311464
7717,0,0,0.03159629821497612,8.7366e-06,0.0004057362,0.0318932
7718,0,1,0.0005201003959963159,3.0098886e-13,9.214018e-15,0.0010584934
7719,0,1,0.13305742613632082,0.00770243,0.0005611957,0.13410076
7720,0,1,0.26390962880479274,0.8097637,0.3958207,0.26642665
7721,1,1,0.20179146396198477,0.31344676,0.07980608,0.20190208
7722,0,0,0.03199917987661908,6.988639e-06,0.000105546955,0.032049574
7723,0,0,0.013885105029389217,4.1977864e-06,3.0768435e-05,0.013943327
7724,0,1,0.5066923974977517,0.9923684,0.96786344,0.51318103
7725,0,1,0.06894445545772153,0.00021879897,0.00017189707,0.07269351
7726,0,1,0.1545314010999025,0.4010045,0.11373081,0.15226208
7727,0,1,0.004376440832406668,3.834758e-08,7.221574e-09,0.0056252135
7728,0,1,0.20770778288552746,0.24639516,0.08953422,0.21727207
7729,0,1,0.020541518948727116,3.3384596e-05,4.5422485e-06,0.019840157
7730,0,1,0.2842803638161859,0.8628698,0.58508766,0.28178906
7731,0,1,0.010985014104930017,3.1852253e-06,3.8891602e-07,0.013589186
7732,0,1,0.6020511812889291,0.99743026,0.9979006,0.60184044
7733,1,1,0.612546904834964,0.9998996,0.99961245,0.6201453
7734,0,0,0.05343842152839115,0.00027473638,0.01855753,0.052356187
7735,0,1,0.008537594266854649,6.954035e-06,7.215841e-07,0.010523682
7736,0,1,0.05735924106289809,0.0006145094,5.6332337e-05,0.05878027
7737,0,0,0.022500048320535652,4.6876853e-06,4.477013e-05,0.022425829
7738,0,1,0.22663655505751684,0.17666152,0.016887452,0.22655945
7739,0,1,0.02619461832599976,1.0614372e-05,6.6881034e-06,0.027075589
7740,0,0,0.019441097742173147,8.037226e-06,0.0005468944,0.02048713
7741,0,1,0.08977638650827599,0.02429314,0.00067007844,0.0880606
7742,1,0,0.36716690755798387,0.29584676,0.6574541,0.3541942
7743,0,1,0.03696412368516443,0.009064995,0.011142969,0.04436833
7744,0,1,0.044063667779319554,5.270321e-05,1.7899446e-06,0.04316971
7745,1,1,0.6193862298655223,0.9999013,0.9998982,0.6252832
7746,0,1,0.014751708351102729,1.2086387e-06,5.4237244e-06,0.014883806
7747,0,1,0.0005526237536800816,1.077118e-12,1.4679549e-13,0.00073301693
7748,0,1,0.27193446789603404,0.9616444,0.7225079,0.27897522
7749,0,1,0.1486821706864776,0.25351933,0.03427033,0.15069498
7750,0,1,0.047474587666409024,9.6381686e-05,3.6141966e-05,0.049834535
7751,1,1,0.43382249249543464,0.99952006,0.9979487,0.4346026
7752,1,1,0.9979515103245623,1.0,1.0,0.9979121
7753,0,1,0.006735669782114033,3.4982347e-06,5.724228e-07,0.008226281
7754,0,0,0.04813663884945354,0.00090607,0.012968139,0.049999185
7755,0,0,0.11212247414305772,0.12109792,0.6522682,0.11352129
7756,0,0,0.10990429590039494,0.015437406,0.88174576,0.11327965
7757,0,1,0.006006640022664963,2.3426188e-05,5.527568e-07,0.007066629
7758,0,1,0.05012419407048057,0.07424623,0.017190624,0.094079934
7759,1,0,0.006276994592026564,7.923699e-08,2.1499598e-06,0.006828442
7760,0,0,0.030952761910058513,0.00023086721,0.0020027463,0.032233108
7761,0,1,0.07030719685111748,0.00082298095,6.1275314e-05,0.07228958
7762,0,1,0.34680994555261435,0.9879786,0.9326688,0.34624353
7763,1,1,0.9570566717570471,1.0,0.9999999,0.95531756
7764,0,0,0.6323910761378799,0.9995571,0.99999845,0.6264078
7765,0,1,0.2993101806865134,0.9168603,0.41237468,0.30304226
7766,1,1,0.2534707834037805,0.55478865,0.19784297,0.26314607
7767,1,1,0.9999999999999967,1.0,1.0,1.0
7768,0,1,0.07364764076662345,0.0024517507,0.00058255676,0.077430665
7769,0,0,0.03527829511862008,1.728793e-05,0.0002631708,0.03672273
7770,0,0,0.5696604957504385,0.9911793,0.99991643,0.5569151
7771,1,1,0.804304511804232,0.99999905,0.9999968,0.80755705
7772,0,1,0.10541126726507608,0.11294141,0.016722737,0.103472345
7773,0,0,0.2931936442547742,0.959608,0.99989545,0.34219265
7774,0,0,0.0020603744515539754,1.8019034e-09,3.8158979e-07,0.0028060034
7775,0,1,0.241351917904817,0.6483543,0.21865787,0.24262029
7776,0,0,0.0025453072762637945,3.839766e-11,3.4195486e-09,0.0025599443
7777,0,0,0.00943500832977108,1.6351096e-07,9.4536614e-07,0.009546586
7778,0,1,0.5265522877314448,0.9928402,0.95623535,0.5194026
7779,0,0,0.0006665006357025827,9.173384e-12,7.6910467e-10,0.0014570318
7780,0,1,0.0018896564351284935,7.715992e-11,1.7752882e-12,0.0023819143
7781,0,1,0.17556260110336355,0.27808642,0.04270623,0.17833678
7782,0,1,0.018238744667734473,8.74527e-06,1.1505821e-06,0.017936839
7783,0,1,0.14171095011802876,0.17971455,0.074425265,0.15281062
7784,0,0,0.007134096428359758,4.8010423e-07,6.5331687e-06,0.006927876
7785,0,1,0.18030749225638093,0.3672902,0.08431267,0.17805587
7786,0,1,0.2552715041111091,0.6856392,0.32648706,0.25434738
7787,0,1,0.0034668250450302657,5.6747933e-08,1.2953157e-08,0.0046563963
7788,0,1,0.298320255938518,0.8305125,0.5294669,0.29860497
7789,0,1,0.020381652696341904,5.481462e-07,3.2619937e-07,0.020821476
7790,0,0,0.00906805416946811,2.399424e-08,1.2737331e-07,0.009597937
7791,0,1,0.0007716229087250092,7.3006705e-12,1.1531657e-12,0.0010195664
7792,1,1,0.4577720496778819,0.99748814,0.9952176,0.45333737
7793,0,1,0.2745623026267962,0.28860977,0.022735968,0.28121907
7794,0,1,0.009490628498433058,1.371392e-05,9.558905e-07,0.012255236
7795,0,1,0.20928547817288518,0.25496688,0.13486372,0.21403345
7796,1,1,0.6252189602926331,0.9998987,0.9989856,0.6256433
7797,0,1,0.0072841055029665,7.515728e-08,1.813388e-09,0.006628077
7798,1,1,0.39681111546859377,0.9931838,0.9818564,0.40961078
7799,0,1,0.23033614956318496,0.5303521,0.26327935,0.22336699
7800,0,0,0.0010429791022662652,4.7723447e-11,2.1331423e-09,0.0013699424
7801,1,1,0.686229276777853,0.9998369,0.9998777,0.6842289
7802,1,1,0.9401027259925226,0.99999905,0.9999925,0.93965304
7803,0,1,0.036529984277710904,6.0082246e-05,3.029441e-06,0.039451454
7804,0,1,0.0009463848215944252,6.9184436e-11,6.026535e-13,0.0011163747
7805,0,0,0.01801940259463282,6.943949e-07,3.4909976e-05,0.017786471
7806,0,0,0.046676571787260576,7.5372423e-06,7.31936e-05,0.044493474
7807,0,1,0.29065157616923193,0.25563675,0.015424492,0.28676453
7808,0,1,0.0045788123224726,1.49522e-07,1.7911653e-08,0.005495862
7809,1,1,0.9981109621688715,1.0,1.0,0.9979838
7810,0,0,0.05146765390524513,0.008474413,0.07337878,0.05201635
7811,0,1,0.0021722006483874006,1.9064966e-08,2.191764e-10,0.0025674684
7812,0,1,0.030399698236173035,0.0048098094,4.7441354e-05,0.037740108
7813,1,1,0.730083710335594,0.99964345,0.9960824,0.72670954
7814,0,1,0.09075737994716705,0.3098154,0.1533188,0.0917172
7815,0,1,0.005391550214809793,9.89433e-07,6.3239064e-08,0.006894638
7816,0,0,0.02418650123709875,9.681553e-06,0.00020345839,0.028008608
7817,0,0,0.002110864788069903,4.7556123e-09,2.5748246e-08,0.0026864402
7818,0,1,0.6247828102751335,0.9994923,0.9991891,0.62237334
7819,0,0,0.026964540036376494,0.00012401564,0.0038240186,0.024391912
7820,1,1,0.9966915137248509,1.0,1.0,0.9964923
7821,0,0,0.0171788526062326,1.0346134e-06,1.6465405e-05,0.01646139
7822,0,1,0.38456068272285787,0.9932747,0.9502006,0.39826393
7823,1,1,0.8447891453930517,0.9999987,0.99999416,0.8408697
7824,0,1,0.01731870689535697,9.018183e-06,2.8029033e-06,0.018528476
7825,0,1,0.33254689131853354,0.9552277,0.83466387,0.32460892
7826,1,1,0.738976560779045,0.9999678,0.9997804,0.7311384
7827,0,0,0.008958768747022007,5.9532482e-08,1.4569214e-05,0.009799504
7828,0,0,0.011196815775862382,4.3738558e-07,4.080362e-05,0.0118802665
7829,0,0,0.0034275665888914603,5.388041e-07,3.877017e-06,0.0043354277
7830,0,1,0.06422945613274529,0.0004473033,7.121268e-05,0.06258324
7831,0,1,0.23154805730432979,0.8322578,0.32798395,0.23889782
7832,0,0,0.0036967968415294807,1.0931709e-08,4.415679e-07,0.0038979426
7833,0,1,0.12599063055975732,0.026900409,0.03530756,0.12827203
7834,0,0,0.000469117411195568,7.803667e-12,1.237819e-10,0.0006312002
7835,1,1,0.2573785613698946,0.51868534,0.19033173,0.25708583
7836,0,1,0.47251536945743994,0.9981797,0.9883575,0.47307664
7837,0,0,0.002227262206429845,9.533418e-10,8.197315e-09,0.002775568
7838,0,1,0.23669875788120093,0.6975684,0.20074034,0.24025317
7839,1,0,0.4778914271330274,0.9932498,0.99996924,0.46494842
7840,0,1,0.030741569154119058,0.0008388722,0.0002432825,0.031969722
7841,0,1,0.00399585124114374,1.1799512e-09,1.2371469e-09,0.0055434834
7842,0,1,0.005046428882144662,5.5947984e-09,8.826001e-11,0.0046929233
7843,0,0,0.033886855056706425,0.0003862057,0.0034331556,0.03425337
7844,0,0,0.011529724993488909,1.8997721e-06,1.2661213e-05,0.011624713
7845,0,1,0.025787805239981577,4.5900697e-06,3.381451e-06,0.026397843
7846,0,1,0.1436047173648056,0.10347885,0.029520746,0.14003758
7847,0,1,0.0043690479516341725,8.922898e-09,3.4402734e-09,0.004826908
7848,1,1,0.5932921259143293,0.9999906,0.99998,0.60488814
7849,0,1,0.0033962521768241484,3.2242355e-08,6.328597e-09,0.0043208543
7850,0,1,0.09775612656147775,0.01094498,0.0018437585,0.09665557
7851,0,1,0.13329068182050335,0.15353908,0.016851382,0.13827588
7852,0,1,0.0551254478172095,0.0006918595,0.00011392754,0.05329265
7853,0,1,0.40616711152939283,0.99531126,0.971268,0.4008607
7854,1,1,0.5375654090053824,0.9964187,0.9687308,0.5308338
7855,1,1,0.2537402611392745,0.737381,0.29607043,0.2556263
7856,0,1,0.07510207638057155,0.08472445,0.024346098,0.092102975
7857,0,0,0.06424698661185385,0.001327038,0.32694447,0.07824885
7858,0,1,0.006511704440126789,1.2415887e-09,6.33856e-10,0.00658501
7859,1,1,0.8145355620509795,0.99999857,0.9999982,0.81471986
7860,0,1,0.025513588238409192,1.1041597e-05,1.0423701e-06,0.025140272
7861,0,1,0.5687458810079665,0.99999774,0.9999914,0.55786514
7862,0,0,0.001305982109681324,1.6100843e-10,6.3389627e-09,0.0017470206
7863,1,1,0.28402904762891196,0.8536337,0.6403205,0.29652044
7864,0,0,0.023006268288813702,6.468226e-07,6.703237e-06,0.022427145
7865,0,1,0.29298295590662365,0.2032308,0.23765421,0.2993834
7866,1,1,0.7725833686680953,0.9999932,0.999984,0.77515656
7867,0,0,0.001671097005667586,5.315298e-08,6.3922414e-07,0.0038219735
7868,0,0,0.11683791955893645,0.06388145,0.56144655,0.1494505
7869,1,0,0.1348061928454651,0.021062069,0.92912644,0.13637306
7870,0,1,0.10160705662612,0.006540278,0.002462625,0.096089125
7871,0,0,0.0011600095644585995,8.020883e-11,3.3037686e-09,0.0015407212
7872,0,1,0.15489131709978732,0.06415935,0.02228237,0.15231495
7873,0,0,0.047455260362082245,0.0002862121,0.005420909,0.048763655
7874,0,1,0.004273739138856263,3.4955724e-07,9.3499075e-08,0.0057052798
7875,0,1,0.045291729320919315,1.9369945e-05,8.988191e-07,0.047010645
7876,1,1,0.10211024489049418,0.0054855663,0.0003985203,0.09906104
7877,1,1,0.9570184421297439,1.0,1.0,0.95614845
7878,1,1,0.9390613088905085,1.0,1.0,0.9364077
7879,0,1,0.013594353777153931,2.919388e-07,5.153975e-08,0.014064329
7880,0,1,0.036041355885481,0.00021703496,0.00010075156,0.03932506
7881,0,0,0.1527274523602911,0.4748809,0.96437883,0.15239725
7882,0,1,0.18177069130315707,1.0,0.7549468,0.22556242
7883,0,1,0.5484716512136172,0.99961865,0.998777,0.5578503
7884,1,1,0.508626994487086,0.99952894,0.99697316,0.51570743
7885,1,0,0.5296325357415829,0.9996556,0.9999982,0.5183744
7886,0,1,0.28497111368928957,0.8355092,0.64438343,0.27428478
7887,0,0,0.07323000093564933,0.00027444158,0.04696526,0.07702574
7888,0,1,0.030380047772702857,9.013252e-05,2.7749746e-05,0.0324771
7889,0,0,0.26262706966379334,0.96484447,0.9971685,0.2732707
7890,0,0,0.06285496908584795,0.00043462095,0.43389803,0.06186727
7891,0,0,0.0264301038347509,8.466728e-07,4.2534757e-05,0.02846686
7892,0,0,0.008878903373820756,2.7393343e-08,1.0133741e-06,0.009857212
7893,0,1,0.00821974832935334,1.6675419e-06,1.2484519e-06,0.010655788
7894,0,0,0.005729307248789461,1.8575613e-06,2.5269363e-05,0.007094634
7895,1,1,0.7840906699976429,0.99999404,0.9999927,0.7846982
7896,0,1,0.010037849395200952,6.885963e-08,4.000834e-08,0.01018441
7897,0,1,0.02505760380655624,8.936442e-08,3.5345293e-09,0.024921881
7898,1,1,0.2610340899896711,0.64828694,0.39707464,0.27091104
7899,0,1,0.34240665628838873,0.98598605,0.9216556,0.342067
7900,0,1,0.007493337185074719,4.839575e-07,5.48552e-08,0.009232664
7901,0,0,0.004492562606402816,5.1075017e-07,6.0590396e-06,0.0056198286
7902,0,1,0.423249116213172,0.9678651,0.9508412,0.42019096
7903,0,1,0.05140094559794603,0.003700257,0.0011585728,0.052177124
7904,0,0,0.0006861924123249751,7.020895e-11,6.021994e-10,0.0008348213
7905,0,1,0.00020893919745274865,1.1529617e-15,1.9459614e-15,0.00025520392
7906,0,0,0.0021994047801238157,4.5076633e-12,3.968475e-11,0.0023624734
7907,0,0,0.005456949097962606,7.7037604e-10,5.5950665e-08,0.005898448
7908,0,0,0.006440008314264734,5.788747e-09,4.407462e-07,0.0068899444
7909,0,0,0.03374154829551188,6.687475e-05,0.0011286997,0.03847466
7910,0,1,0.0062797314577588935,9.1585125e-06,9.858218e-07,0.0129284905
7911,0,1,0.2943939220209935,0.9829423,0.8610226,0.3023214
7912,0,1,0.007706569655001975,8.008144e-07,1.0254987e-07,0.009378868
7913,1,0,0.03533729514744286,0.00063718704,0.002965382,0.03877878
7914,0,1,0.017557834023137587,1.0772193e-07,1.1758652e-08,0.016372565
7915,0,1,0.1943554154309356,0.1902727,0.032500867,0.1963238
7916,0,1,0.6222083322113492,0.99999106,0.9999671,0.6313144
7917,0,1,0.04295835315708793,0.000101142774,1.6085156e-05,0.04259988
7918,0,1,0.04957718108887794,0.00013309027,3.311893e-05,0.050655127
7919,0,1,0.009267935795437571,6.419739e-07,6.574706e-08,0.011573735
7920,1,1,0.6233332312228848,0.9998791,0.9994251,0.62812483
7921,0,0,0.03603997629322882,0.00089069037,0.011917773,0.037273
7922,0,1,0.0009516414814207014,6.7234575e-13,1.8325451e-14,0.0011742421
7923,1,0,0.6676755013593028,0.9997681,0.9999987,0.6704985
7924,0,1,0.2581604744236438,0.89928174,0.7091944,0.25504327
7925,0,0,0.02478852329116495,1.8268787e-05,0.00031045478,0.024072802
7926,0,1,0.04330309541457623,1.8919953e-05,8.900105e-07,0.04214873
7927,1,1,0.666613031014545,0.9998952,0.99953645,0.6714414
7928,0,0,0.09393519982744547,0.0032943052,0.30049047,0.092081524
7929,0,1,0.20355865789577876,0.84790576,0.69088817,0.21693115
7930,0,1,0.333149934119657,0.9610631,0.8045383,0.3346427
7931,0,1,0.2605913156296133,0.8251069,0.44108737,0.26080418
7932,1,1,0.3932666130271856,0.99544096,0.9859636,0.38926667
7933,0,1,0.316855764134886,0.9733341,0.8685834,0.31874892
7934,0,0,0.0016862718403864666,5.1360705e-10,4.136999e-09,0.0021074424
7935,0,1,0.008793919202304469,1.0013453e-08,5.1926823e-09,0.008995259
7936,0,0,0.03842361346767025,3.7345566e-05,0.00056568853,0.0396668
7937,1,0,0.8855126414879684,0.9999995,1.0,0.8800541
7938,1,1,0.1573983119779231,0.013551972,0.0012069426,0.14833367
7939,0,1,0.1517994745640668,0.024408633,0.011552463,0.1542574
7940,0,1,0.28914850285040156,0.9608056,0.77154374,0.2910013
7941,0,0,0.05647079770335919,0.00041817396,0.028176874,0.05531357
7942,1,0,0.9519444957887779,0.9999988,1.0,0.9480263
7943,0,0,0.02418868663385037,4.5659894e-05,0.000582463,0.025071653
7944,1,1,0.9136021509721858,1.0,1.0,0.9145483
7945,0,0,0.04359116257536639,0.0009044684,0.009628136,0.04534816
7946,0,1,0.29458264893342484,0.852885,0.8716862,0.29982144
7947,0,1,0.10674210350149477,0.007830145,0.0012742365,0.1059913
7948,0,1,0.001252728758158842,2.1076676e-09,6.9941547e-10,0.0016423435
7949,1,0,0.9952266622828574,1.0,1.0,0.994579
7950,0,1,0.04285473550888395,0.00017695373,3.347325e-05,0.045249652
7951,0,0,0.0016004975862717176,3.1105964e-09,6.130054e-08,0.0021880777
7952,0,1,0.12671875917292427,0.0033093635,0.0012369326,0.0639216
7953,0,0,0.00980911316001158,1.02254125e-08,1.2035408e-06,0.010514193
7954,1,1,0.18705258904590208,0.7396971,0.53589183,0.19851734
7955,1,1,0.9999999999999967,1.0,1.0,1.0
7956,0,0,0.010403499521247715,0.00010483688,0.0009519405,0.013293824
7957,1,1,0.9996258393264945,1.0,1.0,0.9995732
7958,1,0,0.6988273750889692,0.9999274,0.9999995,0.6969892
7959,1,0,0.05153990795164759,0.002789161,0.02835522,0.05395758
7960,0,1,0.22597585477443896,0.44127506,0.098257355,0.22964136
7961,1,1,0.8155107341743651,0.9999541,0.9998697,0.81486964
7962,1,1,0.7289257738476572,0.99997973,0.9999267,0.7364104
7963,0,1,0.007224857348528576,2.349023e-06,2.5002015e-07,0.0088520385
7964,0,0,0.21293211681603325,0.9633853,0.99848855,0.21985258
7965,0,0,0.11345967566391028,0.00013800936,0.020410504,0.05956445
7966,0,0,0.004949237117930035,2.5262835e-07,2.5158974e-06,0.0063092113
7967,1,0,0.6919572688036936,0.99997175,0.9999999,0.688774
7968,0,0,0.020707850571361586,1.428997e-07,1.257894e-05,0.006159355
7969,0,0,0.0395935220180241,4.1104777e-05,0.0008092221,0.041043974
7970,1,1,0.9791548807666909,1.0,1.0,0.9778644
7971,0,1,0.00450763677315017,4.5173255e-07,1.1599441e-07,0.0060604196
7972,0,1,0.22880836547949282,0.5431155,0.15475267,0.22944705
7973,0,1,0.11674213292503241,0.057596266,0.011677744,0.115030706
7974,0,0,0.01568369568194183,2.0895477e-06,3.642608e-06,0.015868876
7975,1,0,0.9999999999999936,1.0,1.0,1.0
7976,0,1,0.5443302697407179,0.9997025,0.9989059,0.5513818
7977,0,1,0.2375615824425364,0.64168733,0.22420798,0.23996697
7978,1,1,0.28892226971508117,0.98047364,0.87239856,0.2894287
7979,0,1,0.039525320542246105,0.0001241117,1.9980134e-05,0.038071435
7980,0,0,0.009387551477874501,0.0001417878,0.0020752975,0.011863618
7981,0,1,0.0011284339499768117,3.2445843e-10,3.2509431e-12,0.0013222678
7982,0,0,0.0043503579186099355,1.506381e-06,3.7574515e-05,0.005375374
7983,1,1,0.32087519562917527,0.97006917,0.838872,0.32163435
7984,0,1,0.4346118225312317,0.98274523,0.97845376,0.43670142
7985,1,0,0.300758308251278,0.8428002,0.9988715,0.2922616
7986,0,1,0.032959655230174474,2.846322e-05,4.654383e-06,0.03210724
7987,0,1,0.14045600012382067,0.05244303,0.0048525725,0.14656816
7988,1,1,0.35470716494835436,0.9975992,0.982884,0.35570323
7989,0,0,0.006865750115641951,1.884256e-05,0.00057339255,0.008156835
7990,1,1,0.4635243371104499,0.99942833,0.99877924,0.49012855
7991,0,1,0.027545007949950556,0.00015199809,2.3563021e-05,0.026210694
7992,0,1,0.2780507789578624,0.70086193,0.3426192,0.2774179
7993,0,1,0.19841407317527315,0.23741099,0.044216722,0.19948949
7994,0,1,0.0036628107283803676,1.9099147e-07,4.5757325e-08,0.004924459
7995,0,1,0.004353698279975154,5.977553e-07,1.4173628e-07,0.005913967
7996,0,1,0.0838271609724744,0.001374671,6.531723e-05,0.087195106
7997,1,1,0.6768691064866116,0.9995516,0.9996688,0.6760244
7998,0,0,0.013490344388591138,3.0200522e-07,0.00010546486,0.014101092
7999,0,1,0.5805338471195011,0.9989557,0.99797934,0.5724392
8000,0,1,0.0320367065951861,2.8826309e-05,6.510989e-06,0.03265138
8001,0,1,0.1684529217460125,0.22521074,0.03328207,0.17053439
8002,0,1,0.7421032385008188,0.99982786,0.9982004,0.73831385
8003,0,0,0.0003819515591209782,2.2638072e-13,7.638322e-12,0.0004987384
8004,0,1,0.23329223626123524,0.36633185,0.16419207,0.24354205
8005,1,1,0.5006812025500781,0.9991578,0.9931251,0.5099286
8006,0,0,0.025119125286589997,3.9760193e-06,0.0004203361,0.025344288
8007,1,1,0.9427479465750758,0.99999726,0.9999949,0.9400747
8008,1,1,0.6487022444798987,0.9794978,0.6632936,0.6457755
8009,1,1,0.5683755687794252,0.9977229,0.96575046,0.5760433
8010,0,1,0.015971758716863547,2.4946169e-06,6.085331e-07,0.017055372
8011,0,1,0.012083889357277928,4.2123025e-05,4.6203168e-06,0.014948925
8012,0,1,0.033572266726825555,1.4086312e-05,3.6888684e-06,0.03533113
8013,1,1,0.2108496129553272,0.18066819,0.09368454,0.21020633
8014,0,1,0.1680912753275502,0.014810253,0.0027499148,0.17246911
8015,0,1,0.09954900713473239,7.718533e-05,2.2054912e-06,0.09680723
8016,1,0,0.3213050047636172,0.13995399,0.9848699,0.3191314
8017,0,1,0.6571629681001986,0.9999081,0.9997706,0.6573429
8018,1,0,0.7975447219139321,0.9999865,0.9999999,0.7879581
8019,0,0,0.020872874505949757,3.862985e-06,4.5452103e-05,0.020928215
8020,0,0,0.0012333184009477233,1.9145057e-12,5.0699507e-11,0.001328109
8021,0,1,0.3138388097136367,0.84337795,0.72987986,0.30823606
8022,0,1,0.5038063561770353,0.99982524,0.9996462,0.51345855
8023,0,1,0.00481156774907889,3.50203e-09,2.8063654e-09,0.004822778
8024,1,1,0.5202721620873831,0.9937889,0.98864937,0.5155555
8025,0,1,0.015586122334334911,0.00025188804,1.2935135e-05,0.019408263
8026,0,1,0.014140822661257718,1.1783301e-06,3.915994e-06,0.0138553195
8027,0,0,0.006989126823630879,1.2841857e-05,0.00016162099,0.008870785
8028,1,1,0.6184465353351853,0.9982243,0.9903776,0.62984526
8029,0,1,0.002094877681841753,7.150115e-08,1.2516919e-09,0.002484377
8030,0,1,0.08690956636829218,0.0115112625,0.00058908894,0.11009977
8031,1,1,0.3628887357420173,0.991879,0.9522568,0.3636971
8032,0,1,0.04716859620274591,0.002512442,0.0002288071,0.046417437
8033,1,1,0.6215777367229396,0.9992742,0.9994238,0.62790966
8034,0,0,0.0025839313777541876,1.1242531e-11,1.5841952e-09,0.0027029032
8035,0,1,0.334511377552423,0.9787517,0.8534997,0.33720818
8036,0,1,0.36495594807267634,0.98676246,0.9304047,0.3680855
8037,0,1,0.2445323429246058,0.6900139,0.25742507,0.24510126
8038,1,1,0.21170890658554706,0.75464964,0.7050623,0.20594658
8039,0,1,0.5516666400340101,0.99946123,0.9987911,0.5640432
8040,0,1,0.005943119238772905,1.1108792e-06,1.1158765e-07,0.007269547
8041,0,0,0.16248233696296996,0.08036941,0.89439934,0.16302447
8042,0,1,0.00947804774485933,1.2604312e-05,1.247301e-06,0.011784699
8043,1,1,0.27640851947821454,0.7539722,0.31867382,0.28014818
8044,0,0,0.02817096349227643,0.00016901868,0.0010959234,0.02956716
8045,0,0,0.031064584740778837,1.7442271e-05,0.0002546638,0.032189243
8046,0,0,0.011902148999052427,3.351739e-07,0.00010722311,0.012511897
8047,1,1,0.7701615525003267,0.99999833,0.99999607,0.7698067
8048,0,1,0.0747996623288382,0.0008414724,0.00010379471,0.074491024
8049,0,1,0.21359913785184967,0.22042117,0.05290423,0.21890889
8050,1,1,0.3962353798369412,0.99475014,0.97110397,0.39642018
8051,0,0,0.01562613942123115,4.5224118e-07,3.1595446e-05,0.017141568
8052,1,1,0.556622252095743,0.9996726,0.9984635,0.56057215
8053,0,0,0.0016611101612349966,2.2057685e-09,1.2613941e-08,0.0020886082
8054,0,1,0.003611959856217736,1.7403293e-07,2.1666189e-09,0.0043023527
8055,0,1,0.390323978336747,0.99113643,0.96623355,0.38599566
8056,0,0,0.026902044966254608,9.418432e-05,0.0011924017,0.027997395
8057,1,1,0.7194787410157473,0.9999887,0.9999714,0.7248777
8058,0,0,0.014773685826054228,2.983885e-06,5.4812277e-05,0.015260254
8059,0,1,0.08450147232041406,0.09477522,0.011617581,0.08646291
8060,1,1,0.8671954935848493,0.9999987,0.99999285,0.863938
8061,0,0,0.0011356861561453062,2.7954894e-08,1.7062419e-07,0.002456518
8062,1,1,0.25500454680351015,0.63260794,0.22983989,0.26090947
8063,0,1,0.12373677320187301,0.017567893,0.00501674,0.12835762
8064,0,1,0.5658073903128379,0.9998386,0.9993706,0.5666396
8065,0,0,0.5640269719278262,0.9998436,0.9999988,0.5604705
8066,0,1,0.0014608418824186933,5.928391e-11,2.5714736e-11,0.0018900316
8067,0,1,0.46200758233486294,0.9935249,0.98485243,0.48737112
8068,0,1,0.4129461744322812,0.9815253,0.9641639,0.4046314
8069,0,1,0.3101241876533555,0.9412863,0.93670464,0.36316842
8070,0,1,0.38303858725374273,0.9943814,0.9777114,0.37785938
8071,0,1,0.08869974638923162,0.04154677,0.003881061,0.0922698
8072,0,1,0.010623164625683116,3.6038236e-05,4.181349e-06,0.02173816
8073,0,1,0.04246179731872307,0.0001563111,5.3551248e-05,0.04650237
8074,0,1,0.03763958693716107,5.3535725e-05,3.2366845e-06,0.0381791
8075,0,1,0.10123398586139658,0.035170402,0.011306747,0.10062526
8076,0,1,0.0032051767170834453,8.1100493e-10,3.31526e-11,0.0039625526
8077,1,1,0.8313741763164392,0.99998283,0.99993765,0.8286221
8078,0,0,0.07300851285361144,0.0015544588,0.031741027,0.07417909
8079,1,1,0.9970903601816977,1.0,1.0,0.996912
8080,0,0,0.2002880541320958,0.38717467,0.9779497,0.20249635
8081,0,0,0.016859966424340643,0.0005962157,0.008011267,0.021391885
8082,0,0,0.0055314254141439825,1.9072245e-07,2.7249368e-06,0.0069195684
8083,1,0,0.817912062814658,0.9997129,0.99999595,0.80508333
8084,0,1,0.0022323192203188096,3.0751327e-08,1.1083121e-08,0.002960321
8085,0,1,0.08544717190021288,0.004901539,0.0006107032,0.08452618
8086,0,1,0.16995485594229454,0.59847075,0.2379799,0.16782886
8087,1,1,0.14434656494831072,0.104279846,0.0111258635,0.14598188
8088,1,1,0.25564690890227687,0.4502463,0.13827808,0.25391194
8089,0,0,0.005282477157870411,4.9929267e-06,3.5968504e-05,0.0067738597
8090,0,1,0.4843015914187744,0.9945597,0.9477844,0.48279747
8091,0,1,0.11802720913273801,0.0002121977,1.8661318e-05,0.11661504
8092,0,1,0.07028701508713699,0.0022979272,0.00019487966,0.07270862
8093,0,0,0.030014514279814147,0.0028590097,0.023519684,0.02958971
8094,0,0,0.026057632865748487,0.0005104909,0.004317737,0.025804022
8095,0,0,0.005030234371987174,1.0598623e-05,6.7394403e-06,0.0036552658
8096,0,1,0.005034749553765849,1.7055895e-06,1.7609294e-07,0.0063680015
8097,0,1,0.38603141342458697,0.98750764,0.9559671,0.4045102
8098,0,1,0.021330640470963932,1.5633812e-07,7.804884e-09,0.005714525
8099,0,1,0.36855193479818527,0.99839395,0.98837006,0.36864161
8100,1,1,0.8313429072603072,0.99999857,0.9999901,0.8276189
8101,0,1,0.004264251642919865,3.5621784e-07,3.2224527e-08,0.0052343556
8102,0,0,0.006133470483368949,3.92342e-09,2.227482e-07,0.006643699
8103,1,0,0.2031318716530201,0.46171784,0.99629974,0.24246572
8104,0,0,0.0468533191664838,0.00021514256,0.0046239034,0.048265684
8105,0,1,0.014517669670163285,3.0386013e-06,6.22235e-08,0.01332165
8106,0,1,0.009469334083191625,8.821621e-08,7.768482e-09,0.009070873
8107,0,1,0.008697951263442649,8.465722e-06,9.0074906e-07,0.010681647
8108,0,1,0.5897202721641663,0.99991834,0.9999043,0.5859052
8109,0,1,0.4532627980929054,0.99422055,0.9817723,0.45398742
8110,1,1,0.8305292264268301,0.99999976,0.99999917,0.83448094
8111,0,0,0.0900913062765074,0.0006280946,0.0045206915,0.08907153
8112,0,0,0.06711930736174106,0.00020767943,0.005048189,0.020135675
8113,0,0,0.00580847429096623,5.9774955e-08,4.1921172e-05,0.008041814
8114,0,1,0.041039866187189536,0.00998086,0.0026698501,0.05001578
8115,0,0,0.008292029816449603,9.3656345e-06,0.00018106347,0.010251442
8116,0,0,0.01208653715972794,1.0733684e-05,0.00018542506,0.015185612
8117,1,1,0.49040830908993455,0.9960336,0.98630524,0.49109203
8118,0,0,0.010712610953453784,9.345268e-09,1.6850261e-06,0.011366092
8119,0,1,0.060024716667332785,0.0022923518,0.00014189072,0.062389456
8120,1,1,0.662248885852525,0.99996483,0.9999814,0.66266257
8121,0,1,0.283849151794691,0.9159957,0.81372416,0.2941612
8122,1,1,0.5055681271028496,0.9997335,0.9980161,0.50897396
8123,0,0,0.0007212578376870994,4.7762397e-12,1.7345458e-10,0.0009549909
8124,0,1,0.09239588586192575,0.017274318,0.0034897614,0.099292696
8125,0,0,0.018403372196203624,8.971612e-05,0.0007601196,0.018279923
8126,0,1,0.0032865851774104586,1.392077e-08,1.5977504e-09,0.0045305085
8127,0,1,0.19499177167488566,0.23337409,0.12144204,0.19686668
8128,0,1,0.4325799595228304,0.9865859,0.9783093,0.42937508
8129,1,0,0.13448128721738464,0.02261083,0.9369729,0.13697122
8130,0,1,0.025681280935874785,4.0053987e-05,6.6389744e-06,0.024736956
8131,0,0,0.002021807689727275,8.029203e-09,4.4938254e-08,0.0025576088
8132,0,1,0.010251961244075495,1.2558731e-05,1.3424469e-06,0.012710173
8133,0,0,0.07411852293282747,8.085929e-06,0.00016529982,0.07399489
8134,0,1,0.5433934964736548,0.99948084,0.9974093,0.5439512
8135,0,1,0.009248542425870783,3.6587517e-05,6.3404195e-06,0.011237681
8136,1,1,0.3220771028203003,0.9489512,0.7602402,0.32260588
8137,0,1,0.03454017484068089,3.1871685e-05,4.351079e-06,0.03356877
8138,1,1,0.18103110819700094,0.12550497,0.020893851,0.18178262
8139,0,0,0.004847130288515674,1.1543119e-09,4.5757136e-09,0.0050289603
8140,0,0,0.165734461704507,0.7805156,0.9765712,0.17346175
8141,0,1,0.2536710645160609,0.5650482,0.16230753,0.25728518
8142,0,0,0.02740705414650388,0.00010186046,0.0014108501,0.027026672
8143,0,1,0.10941907430499259,0.049063455,0.01291404,0.118157744
8144,0,1,0.2883357617541727,0.956951,0.80835474,0.29720592
8145,1,1,0.6049264995802984,0.9999083,0.99972194,0.60123324
8146,0,1,0.05000994923841085,0.00021609584,1.9617022e-05,0.051630754
8147,1,1,0.6089219797453632,0.9991123,0.9993174,0.6084262
8148,0,0,0.019168461275031294,1.018273e-06,5.9666407e-05,0.01980327
8149,0,1,0.14599049838764433,0.27208236,0.14076032,0.1425937
8150,1,1,0.7205794856504043,1.0,0.99999964,0.7650171
8151,0,1,0.0767627655506456,0.0023089184,0.0003428238,0.07598323
8152,0,1,0.7059935925495364,0.99983823,0.9984238,0.70712495
8153,0,1,0.4867751507048319,0.9834405,0.9057246,0.4800136
8154,0,1,0.0013050940455031695,5.6334805e-11,2.4374102e-11,0.0016862439
8155,0,1,0.006120992736357908,4.0421156e-08,9.328243e-09,0.007281904
8156,0,1,0.14390396652534318,0.058109786,0.007775075,0.14505015
8157,0,0,0.018844894140550912,4.2434463e-06,0.0016604401,0.019434053
8158,0,0,0.0029096185057771043,1.366451e-07,5.9645795e-06,0.006170077
8159,1,1,0.6636720892926941,0.9998448,0.9998859,0.66238314
8160,0,0,0.0013693971310452815,1.4740491e-09,3.8088373e-08,0.002197363
8161,0,1,0.04013264073951222,0.00021038199,1.6324735e-05,0.040661916
8162,0,0,0.04412944700406118,0.0019069458,0.017667374,0.044400983
8163,0,1,0.045493934285080875,0.0004137211,0.00010998569,0.048061647
8164,1,1,0.20555145696909077,0.92989016,0.22126627,0.1995451
8165,0,1,0.07689746044913431,0.0011013446,0.00018698514,0.07845283
8166,0,1,0.015522811241644036,1.2806618e-06,7.72506e-08,0.015749205
8167,1,1,0.7689586988489079,0.9999943,0.99999654,0.7662366
8168,1,0,0.0503999095486715,0.0003393503,0.0035900525,0.05343424
8169,0,1,0.22503767790710222,0.50156057,0.13336362,0.22581258
8170,0,0,0.008303418072663184,0.00012744927,0.0012522092,0.017737031
8171,0,1,0.6481616131884428,0.99943656,0.99956757,0.6463398
8172,0,1,0.009813883043693952,3.3919488e-08,1.255839e-08,0.010404159
8173,1,1,0.7872507815233352,0.999789,0.9967044,0.8090236
8174,0,0,0.0031965046245698903,1.4903305e-08,1.4377359e-07,0.0039885975
8175,0,1,0.001357140502932277,1.2854554e-09,1.35666435e-11,0.0015968112
8176,0,0,0.14420506867629837,0.07787346,0.5773804,0.15116312
8177,0,0,0.05259105773688603,0.0034252438,0.039515447,0.052071616
8178,0,1,0.001735903674356214,3.491617e-10,2.7878724e-10,0.002219149
8179,0,0,0.0012658096853048989,1.707375e-09,1.01538376e-07,0.002779024
8180,0,0,0.5555346081750655,0.9995863,0.99999833,0.53792894
8181,0,0,0.004474473892124738,4.2398433e-08,5.463347e-07,0.0042778365
8182,0,1,0.39064146402770306,0.9610249,0.83713543,0.39674294
8183,1,1,0.6982561891899878,0.9999808,0.9999312,0.7060266
8184,0,1,0.38309558241642483,0.9832614,0.9113652,0.38557202
8185,0,1,0.4536245434463346,0.99986887,0.9953461,0.45219448
8186,1,1,0.8388638503885021,0.9999999,0.99999976,0.8428079
8187,1,1,0.17493206923825294,0.09007666,0.01406218,0.17630346
8188,0,0,0.04095118283918479,8.85852e-05,0.0017245075,0.042817563
8189,0,1,0.15088101412077096,0.84946954,0.45668334,0.14675085
8190,1,0,0.28273633526504904,0.9525657,0.9995034,0.2772111
8191,1,1,0.9963254708660361,1.0,1.0,0.99606436
8192,0,1,0.03671073921743667,7.0041864e-07,3.626025e-08,0.03751747
8193,0,0,0.0151735184508963,1.1750831e-05,0.00013132826,0.015591622
8194,1,1,0.37279111782698326,0.83558035,0.7426545,0.37372783
8195,0,1,0.26718333763693536,0.86959165,0.9319404,0.26284564
8196,1,1,0.0027183104101571997,3.7110144e-09,2.0748565e-09,0.0035033035
8197,0,0,0.06935455390634027,0.0016504728,0.097608164,0.06820867
8198,0,0,0.002397965488364461,2.622089e-09,4.6938307e-08,0.0029999272
8199,0,1,0.01259174504651216,4.149492e-05,6.640577e-06,0.015151748
8200,0,0,0.0040964432758440385,1.0314204e-06,7.92657e-06,0.0051829154
8201,0,1,0.24640657313842151,0.41018817,0.22303584,0.23831306
8202,0,1,0.16828840803664444,0.26696566,0.08429398,0.16663168
8203,0,1,0.22443605350002108,0.8737933,0.8914964,0.2320806
8204,0,0,0.12074235710969326,0.01623702,0.68460655,0.12188175
8205,0,0,0.052151985579675514,0.0001293292,0.002725064,0.05330277
8206,1,1,0.2893637135079584,0.9798257,0.8666089,0.29045555
8207,1,0,0.2733272390829373,0.936406,0.99875355,0.2894824
8208,0,0,0.008054822679844923,6.929203e-06,0.00012908637,0.010012847
8209,0,0,0.647117909176412,0.9999373,1.0,0.63784504
8210,0,1,0.015755513503167333,0.0026504654,0.00025066859,0.019549003
8211,0,1,0.02412449529098743,3.5014105e-05,2.2940458e-06,0.02431187
8212,0,0,0.06518283600317723,0.0059834775,0.11895576,0.06517282
8213,1,1,0.9999999999999978,1.0,1.0,1.0
8214,0,0,0.11645656336477472,0.46353164,0.9545625,0.21159595
8215,0,0,0.45992460746534525,0.99608445,0.9999846,0.4562873
8216,0,1,0.0704780523892955,0.0033773424,0.001094325,0.07596232
8217,1,1,0.30192263669209807,0.9473013,0.74396104,0.3021859
8218,0,0,0.01009816241569694,4.1705462e-07,1.752427e-05,0.010914304
8219,0,1,0.30450087299864476,0.22003281,0.096626334,0.301263
8220,1,1,0.8858054835526891,0.99999976,0.99999714,0.88461316
8221,0,1,0.15511412145126208,0.090248846,0.010330458,0.16131791
8222,0,1,0.43661345819920166,0.9786588,0.90685105,0.4429077
8223,0,1,0.41303886127751516,0.9392968,0.92355585,0.43239105
8224,1,1,0.6767731464012893,0.9998827,0.9997664,0.6683117
8225,0,1,0.7170704925971549,0.9999851,0.999946,0.7231587
8226,1,1,0.332471923325242,0.97649413,0.9369278,0.3429646
8227,0,0,0.003277273884620904,7.326595e-07,1.1206879e-05,0.0040742992
8228,0,1,0.2048542907107241,0.034398083,0.0028078745,0.20935027
8229,0,1,0.6387988435866272,0.99987364,0.9990352,0.64664143
8230,0,0,0.02824341115509584,1.3608329e-05,0.00040891714,0.03005346
8231,1,1,0.802016181033845,0.99999595,0.99999404,0.80053556
8232,0,1,0.040477390138686654,7.090227e-05,1.2030316e-05,0.040976144
8233,0,0,0.08100571129609926,0.0077388,0.19347373,0.08349531
8234,0,0,0.00030029387826167593,2.466045e-13,9.301226e-12,0.00038694273
8235,0,1,0.12372397698057579,0.12257531,0.034022626,0.13169734
8236,0,0,0.01671899064934141,2.2551008e-06,0.00029575318,0.017064925
8237,0,0,0.19418037344236752,0.294372,0.98150784,0.18873501
8238,0,1,0.006337348951127301,5.841033e-08,6.5706757e-10,0.0059345057
8239,0,1,0.6809032084654405,0.9999392,0.99991846,0.6769374
8240,0,1,0.02111327963729808,3.680586e-06,1.4140659e-06,0.02133445
8241,0,1,0.006746495888108078,1.327422e-06,1.3628889e-07,0.008305781
8242,0,1,0.05437905978898882,0.00037079887,7.625968e-05,0.058354247
8243,0,1,0.22064852132596363,0.4662074,0.23751199,0.22440675
8244,0,1,0.23474303831487797,0.9639193,0.7278956,0.23863366
8245,0,1,0.2606267594938025,0.11109762,0.0046923617,0.26004273
8246,1,1,0.5059508710522137,0.9986474,0.9935595,0.50791836
8247,0,1,0.086178450149546,0.0004741462,0.00033979642,0.08985298
8248,0,1,0.005475049553470969,1.2172119e-07,2.1242435e-08,0.007841029
8249,0,1,0.19475619004249953,0.4883088,0.08182862,0.20207289
8250,1,0,0.979248182612806,1.0,1.0,0.9786178
8251,1,0,0.8720354810741845,0.9999788,0.99999857,0.8710829
8252,0,1,0.006061444800939873,3.2256696e-07,2.1658727e-07,0.007898647
8253,0,1,0.002429094959879164,2.2047306e-08,2.6520905e-10,0.0028695564
8254,1,0,0.1913883041492097,0.29144925,0.8940397,0.20235743
8255,0,1,0.0018765991482374734,1.5809238e-08,1.8883811e-10,0.0022105924
8256,0,1,0.053160576751294195,0.00039263573,0.00012271623,0.054936722
8257,1,1,0.5972664880802568,0.9998567,0.9992871,0.6054203
8258,0,1,0.07565098176242809,0.008023694,0.00072398555,0.07631526
8259,0,1,0.10737670212532899,0.0022573725,0.0010898692,0.11056263
8260,1,1,0.9533325191556756,1.0,1.0,0.95284444
8261,0,1,0.00837146017299782,6.238963e-08,1.1742604e-08,0.008402991
8262,0,1,0.04167073338511067,0.00045941118,0.00011997221,0.04492528
8263,0,0,0.035589078746772994,0.03734688,0.5334311,0.07277362
8264,0,1,0.14812848405340384,0.24318175,0.10645894,0.15951763
8265,0,0,0.007907600772210395,3.8202943e-09,5.504239e-08,0.008124037
8266,0,0,0.3781514750575802,0.9827465,0.9998921,0.36837494
8267,1,1,0.9672962297105234,1.0,0.99999976,0.96674
8268,1,1,0.9189885769858848,1.0,1.0,0.9171127
8269,0,1,0.8706575275985006,1.0,1.0,0.8711793
8270,0,0,0.12463129434584394,0.20752358,0.8688466,0.12332252
8271,0,0,0.034672745830006506,0.00040234523,0.0050919466,0.03433803
8272,0,0,0.02166340844385568,3.1639138e-05,0.0013189901,0.020722438
8273,1,1,0.04537646868673738,0.0002264115,4.031934e-05,0.048382744
8274,0,0,0.00425140770575987,2.073899e-09,2.252076e-07,0.004277033
8275,0,1,0.0027219641754689236,7.666503e-09,1.515388e-09,0.0036681078
8276,0,0,0.0272952951676693,0.0057769944,0.11502288,0.03421714
8277,0,0,0.059551374981523214,0.0014335997,0.22419238,0.062442668
8278,1,1,0.47343591700311255,0.9975848,0.99601537,0.46763787
8279,1,1,0.3861202331241656,0.95925784,0.9220833,0.37982985
8280,0,0,0.013821834850419983,5.8169622e-08,5.554631e-06,0.014669967
8281,1,1,0.7764041217916514,0.9999981,0.9999951,0.7832287
8282,0,0,0.34172971176794537,0.9992385,0.9999819,0.34356397
8283,0,1,0.06426730396806395,0.0009241056,0.00035818148,0.06787635
8284,1,1,0.9999999999999989,1.0,1.0,1.0
8285,0,1,0.001258083612781118,1.857452e-11,7.593538e-12,0.0016263733
8286,0,1,0.25662998117580504,0.92772204,0.65753967,0.2578739
8287,0,0,0.006360724496185769,1.6563549e-08,1.4479888e-07,0.0064564445
8288,1,1,0.40763945312328914,0.9743404,0.8778915,0.40999398
8289,0,1,0.26957391545871767,0.9202021,0.64136404,0.2690249
8290,0,1,0.03429080643745045,0.00012734067,1.3706443e-05,0.03325892
8291,1,1,0.28113340051670876,0.89032334,0.55803216,0.28233507
8292,1,1,0.05830182477984695,0.004335444,0.0003279896,0.058887232
8293,0,0,0.62014372590611,0.99998164,1.0,0.63488954
8294,1,1,0.7214769758640543,0.9999974,0.9999924,0.7200686
8295,1,1,0.6074731627243138,0.9993467,0.997766,0.6602253
8296,0,0,0.001848388315011728,1.0623862e-09,7.1888384e-09,0.0023238126
8297,0,1,0.002651191812246179,2.6259228e-09,2.6393132e-10,0.0032033436
8298,0,1,0.0678173455452054,0.30211177,0.04629851,0.13130815
8299,0,1,0.2961961011590082,0.9364059,0.7032224,0.29652423
8300,0,0,0.0012992646841191212,5.148281e-10,2.4605166e-08,0.0017155338
8301,1,1,0.06518116927585331,0.009958627,0.0033452383,0.06466479
8302,1,1,0.6858312342677769,0.99982715,0.9995685,0.6906966
8303,0,0,0.004403066254153991,2.1109945e-09,9.72589e-08,0.0045650457
8304,0,0,0.009812654783683063,9.812605e-09,5.186197e-07,0.0106499875
8305,0,1,0.566026518098425,0.9997632,0.99941015,0.58444935
8306,1,1,0.7698136168201634,0.99998534,0.999951,0.78277135
8307,0,0,0.002504957119267415,2.8363387e-09,1.2757228e-08,0.002528666
8308,0,0,0.0035347461635690607,2.7224118e-07,1.8258347e-06,0.0044870893
8309,0,0,0.019798405006241557,7.2049475e-06,8.648917e-05,0.019714547
8310,0,1,0.08927831325065264,0.010564616,0.00061281276,0.09118847
8311,0,0,0.002922254033057894,4.2950287e-08,4.3499195e-08,0.0036050775
8312,0,1,0.09343487593728368,0.009768347,0.0015872492,0.09562173
8313,0,1,0.13378962349986614,0.08349767,0.013276273,0.13141955
8314,1,1,0.4115078144722802,0.9966801,0.9816192,0.4099043
8315,0,1,0.022221176966591174,2.6704136e-05,3.7315147e-06,0.021077491
8316,0,1,0.0006632553653419894,1.8113214e-12,6.994571e-13,0.00084869715
8317,1,1,0.053033514638582156,0.0007985195,0.00017664066,0.050559774
8318,0,0,0.004774826076463052,1.0213639e-06,1.2630597e-06,0.0033657583
8319,0,1,0.047893579757924395,1.0969157e-05,7.3097026e-06,0.04998698
8320,0,0,0.0026692157804898437,1.0372936e-08,1.0649252e-07,0.003310943
8321,1,1,0.9999999999999925,1.0,1.0,1.0
8322,0,0,0.0007485276789444276,4.5551143e-11,7.3292233e-10,0.001018448
8323,0,1,0.07934375588894486,0.020721672,0.009489903,0.0812408
8324,0,1,0.17601737025758396,0.7054859,0.040893182,0.16984376
8325,0,1,0.6582430324677023,0.9999063,0.9997638,0.6606169
8326,0,0,0.0037687639917514727,7.623862e-10,3.6165765e-08,0.0039127306
8327,0,1,0.017095086346876346,6.781402e-05,7.772776e-06,0.021129105
8328,0,1,0.1955229868314115,0.31261945,0.040481046,0.20440389
8329,0,1,0.0048626840791878585,1.7284647e-06,5.371075e-07,0.0067751873
8330,0,0,0.020668123984754337,1.2459954e-05,6.898237e-05,0.022145277
8331,0,1,0.02818687773621905,0.00017259146,4.2395027e-06,0.027172308
8332,1,1,0.7706386249885754,0.9962406,0.9386401,0.75610954
8333,0,0,0.12169169491513195,0.17444326,0.72521824,0.12816165
8334,0,0,0.0020833883308948127,3.278297e-08,1.4263067e-07,0.00483018
8335,1,1,0.9974897544376846,1.0,1.0,0.99733114
8336,1,1,0.5858981560054553,0.99935204,0.99766123,0.58931834
8337,0,0,0.01920351285460497,3.2040136e-06,3.0412566e-05,0.019019999
8338,1,1,0.6950832110804935,0.99998605,0.9999505,0.70195174
8339,0,1,0.638576928126874,0.99997115,0.9998661,0.6391664
8340,0,0,0.0016142224124115632,4.9690407e-09,2.3922271e-07,0.0021174438
8341,0,1,0.5463363126778399,0.99992037,0.99977744,0.5654056
8342,1,1,0.9497707348987331,0.99999905,0.9999963,0.94699335
8343,0,1,0.0018627457884911386,2.4943432e-09,2.5821584e-11,0.0022089542
8344,0,0,0.003464956862190258,7.533237e-08,8.4176406e-07,0.0043113623
8345,0,0,0.0027757290506367728,1.35435245e-08,1.3891905e-07,0.0034453527
8346,0,0,0.09487386082211104,0.033859037,0.8261497,0.09327866
8347,1,1,0.4195828157266973,0.998331,0.9938931,0.41711965
8348,0,0,0.0016706493429689895,1.1402758e-10,3.9412704e-09,0.002345626
8349,0,0,0.005046685738094909,2.4563185e-06,2.2083299e-05,0.0065921443
8350,0,0,0.06419121560417002,0.0012390292,0.08334877,0.062477507
8351,1,1,0.9960431882574977,1.0,1.0,0.99579984
8352,1,1,0.6325886150980128,0.99975795,0.9993418,0.63557965
8353,0,1,0.19100466373978353,0.5755335,0.21618688,0.18527181
8354,0,1,0.35449000277870324,0.93976873,0.6693964,0.3688609
8355,1,1,0.5297281398458568,0.9809638,0.87695843,0.5267607
8356,0,1,0.8167250355123965,0.9999957,0.999995,0.8151473
8357,0,1,0.14898340814752606,0.16576876,0.077666715,0.14524534
8358,0,0,0.06403659715243011,0.0027721135,0.05973691,0.06316565
8359,0,1,0.23393872897113663,0.3696779,0.39268303,0.23823488
8360,1,1,0.9999999999999098,1.0,1.0,1.0
8361,1,1,0.7370806037688062,0.9999716,0.99995863,0.73455775
8362,0,1,0.02165663924406128,1.7813649e-05,1.5104306e-06,0.021121638
8363,0,0,0.13177630617688457,0.28889403,0.8393756,0.1356825
8364,0,0,0.14044913403183373,0.1168894,0.7056001,0.14211582
8365,0,0,0.07052764407187857,0.001585027,0.016750671,0.075119995
8366,0,1,0.2005213900042589,0.23445268,0.04191501,0.20264396
8367,0,1,0.12426528573033918,0.314626,0.014227394,0.11991273
8368,0,1,0.29109561213319657,0.826853,0.50997454,0.28250766
8369,0,1,0.7689534136769216,0.9996969,0.9987174,0.77587605
8370,0,1,0.0029180098253203594,3.6358488e-10,1.3893827e-11,0.0036120864
8371,1,1,0.9658700681108334,1.0,0.9999999,0.9650813
8372,0,1,0.03018190775179967,0.14947903,0.06940586,0.059721638
8373,0,1,0.050190425719053536,0.0001318974,9.035779e-06,0.050284512
8374,0,1,0.015526652149699281,5.192091e-05,7.526504e-06,0.01922845
8375,0,0,0.0037790389990231626,5.1598226e-10,4.4368644e-08,0.0038744928
8376,0,1,0.03376570676864143,4.7789012e-08,4.615533e-07,0.010023479
8377,0,0,0.0012003740098069126,3.1077246e-10,5.323088e-09,0.0016443384
8378,0,1,0.29664952970189734,0.9827647,0.8549806,0.30457166
8379,0,0,0.013730174898208788,0.00029707403,0.00013486951,0.010224186
8380,0,1,0.6491249104229724,0.9995949,0.99994636,0.64394104
8381,0,1,0.22613427446724502,0.68757105,0.2234412,0.22835505
8382,1,1,0.9398527480535589,0.9999999,0.9999995,0.93893576
8383,0,1,0.7831777687248366,0.99999774,0.999987,0.7831832
8384,0,1,0.0027398222805243263,9.528042e-09,2.0265838e-09,0.0036798024
8385,0,1,0.2578457635430038,0.35082397,0.088544324,0.2624441
8386,1,1,0.7718586358733961,0.9999913,0.99995935,0.7634144
8387,1,1,0.8408487442937257,0.9999217,0.99925727,0.83392364
8388,0,1,0.0716460593526167,0.011649568,0.0063035367,0.08770479
8389,1,1,0.6660997127548787,0.9997676,0.9998927,0.66313225
8390,0,0,0.03008583062064108,0.05162789,0.33499953,0.03822229
8391,0,0,0.0017785229657969368,5.109996e-08,1.2495656e-06,0.0040819687
8392,0,0,0.00035252262119975523,4.9176144e-14,1.4945946e-12,0.00046226304
8393,1,1,0.16712732593927732,0.6971011,0.046853114,0.16159454
8394,0,1,0.7617068353655425,0.9998212,0.99989164,0.7570238
8395,0,1,0.055256449692736666,0.0010412436,0.00015710364,0.05332829
8396,0,1,0.6432909624931832,0.9999167,0.9996618,0.6466457
8397,1,1,0.41981498646369125,0.9269219,0.32980946,0.41289294
8398,0,0,0.0013190715728349772,5.868072e-10,2.8325555e-08,0.0017393054
8399,0,1,0.4440598228160695,0.99192035,0.9632407,0.45108125
8400,0,1,0.05957341001163472,7.427174e-05,3.5793728e-06,0.058231167
8401,0,1,0.010282616464471744,9.3824575e-08,5.7677433e-08,0.010377761
8402,0,0,0.014074149041581073,2.242882e-06,4.4507568e-05,0.014420407
8403,1,0,0.389118730057286,0.7685078,0.9979547,0.38070706
8404,0,0,0.016142709282984762,9.71119e-06,0.0005109958,0.01680089
8405,0,1,0.02187749826870611,0.010966361,0.00165182,0.027008723
8406,1,1,0.9999999999998948,1.0,1.0,1.0
8407,0,0,0.007334399046919849,6.2262316e-08,3.381711e-07,0.007833242
8408,0,1,0.002747681428342963,2.1591025e-09,1.8189816e-10,0.0033767696
8409,0,1,0.4006899609767551,0.9902751,0.94863397,0.4060345
8410,0,0,0.002687952504017118,9.723512e-09,7.236289e-08,0.003373953
8411,1,1,0.6096232101587166,0.9991283,0.9985268,0.6052058
8412,0,0,0.4926723657188183,0.99512696,0.9999893,0.47923282
8413,0,1,0.28069729055666415,0.8097188,0.41174936,0.28344825
8414,0,0,0.017276867801150293,1.0908341e-05,0.00021695097,0.017720023
8415,1,1,0.29729193258790865,0.9682728,0.84319746,0.2976928
8416,0,1,0.21935868117475057,0.7474576,0.5131087,0.2184819
8417,0,0,0.00200161286163668,1.4255127e-09,1.0950512e-08,0.0024738181
8418,1,1,0.13662746347599114,0.051289503,0.045301657,0.14264266
8419,0,1,0.015103803148079275,0.00047889512,4.7320624e-05,0.018727537
8420,0,1,0.30873248328277325,0.58648926,0.07825127,0.31489256
8421,0,0,0.05297419228264867,0.022635967,0.5203963,0.059991684
8422,0,0,0.000788146989964521,5.800913e-10,4.0330423e-09,0.0010057426
8423,1,1,0.9618977891408618,1.0,0.99999976,0.96033657
8424,0,1,0.40190679047566813,0.997719,0.98370755,0.40850988
8425,0,1,0.20064271375164347,0.5008079,0.09402962,0.20327643
8426,0,1,0.3761721170868487,0.99994695,0.9997451,0.37773624
8427,1,1,0.20859154816305409,0.32697567,0.06766461,0.20971547
8428,0,1,0.03807617967229841,8.453304e-05,6.520203e-05,0.040970016
8429,0,1,0.0005454800362103856,4.6649284e-13,1.7777235e-13,0.000693023
8430,0,1,0.6528854457733655,0.99976796,0.9996071,0.64559907
8431,1,1,0.32412068105259567,0.9310312,0.9325886,0.32382295
8432,0,0,0.00205161758750137,7.894687e-09,4.2732893e-07,0.0026862347
8433,0,1,0.36204758101320245,0.98885125,0.9561488,0.3607545
8434,0,0,0.11151594305676084,0.032315854,0.2760459,0.119579755
8435,0,0,0.015606728885832366,1.7391147e-06,7.647653e-06,0.017120242
8436,0,1,0.0019180458337928917,1.9153787e-12,1.2126721e-13,0.0017772967
8437,0,0,0.003879810740350694,1.1457597e-06,6.330505e-06,0.0050791455
8438,0,0,0.0546595108280228,0.01131154,0.14948066,0.056627665
8439,1,1,0.1294785031048753,0.10436847,0.032172505,0.133156
8440,0,1,0.25883789595794643,0.7028981,0.34423816,0.256999
8441,0,0,0.005255133351992737,6.398386e-06,4.1555624e-05,0.0068996446
8442,0,1,0.11939988991310405,0.021794023,0.0074534644,0.12932788
8443,1,1,0.9904701465423339,1.0,0.9999994,0.990087
8444,0,1,0.07856147311750555,0.9719015,0.9400216,0.094464004
8445,0,0,0.10140548405686162,0.14232187,0.5986709,0.10342911
8446,0,1,0.020598400444919233,5.0383433e-06,4.6889818e-07,0.020113481
8447,0,1,0.00043395299472521174,2.753009e-13,8.75219e-15,0.0008839761
8448,0,0,0.0023248051354752344,2.489853e-08,1.5348222e-06,0.0030459417
8449,0,0,0.11052707124727272,0.01033156,0.34038204,0.10686969
8450,1,1,0.557951311293015,0.9998715,0.99942714,0.5578065
8451,0,0,0.49053627499187213,0.98852766,0.99998116,0.47546628
8452,0,1,0.21271625291104407,0.9465193,0.27620873,0.20782736
8453,0,1,0.002901821158849702,3.0147077e-10,2.6546702e-11,0.0064944876
8454,0,0,0.34643672380329826,0.92535454,0.99164504,0.35933813
8455,0,0,0.010822820742521642,0.0001438054,0.0013258038,0.013802067
8456,0,1,0.30217210748179846,0.35948807,0.08887146,0.31399715
8457,1,0,0.3668255203528131,0.99321437,0.9999801,0.3561577
8458,0,1,0.27134412444680595,0.7572163,0.34210435,0.27510715
8459,0,0,0.010035257741695175,4.38072e-06,6.1325525e-05,0.012911488
8460,0,1,0.31155929700955004,0.9604581,0.7964178,0.3120873
8461,0,1,0.007319479954218517,1.4425287e-08,4.750128e-09,0.007462628
8462,1,1,0.3513153696793754,0.9651743,0.96166617,0.3477524
8463,0,1,0.20184493483235758,0.6045211,0.16003713,0.20343012
8464,0,1,0.04364229745294519,0.004401423,0.0025254784,0.050842866
8465,0,1,0.5915878300729512,0.99993014,0.99938047,0.5776161
8466,0,0,0.021662472219920237,0.0005615371,0.045015726,0.02775835
8467,0,1,0.26117119443486175,0.45057297,0.122153424,0.26260003
8468,0,1,0.002500934998343744,3.4244142e-11,1.0294177e-12,0.0031320788
8469,0,0,0.06396248801944862,0.015716052,0.29965234,0.06176436
8470,0,0,0.006768397785780726,4.7984287e-08,2.432545e-07,0.0068155057
8471,0,1,0.5369967052671538,0.9984836,0.9791629,0.5405026
8472,0,0,0.044751578636618335,0.0004863152,0.016570674,0.04590075
8473,0,0,0.010257143683643307,8.454933e-05,0.0020785746,0.0231179
8474,0,0,0.029429564858797202,7.4156526e-07,4.0550545e-05,0.009476453
8475,0,1,0.3069853669381214,0.98886013,0.95896506,0.29669312
8476,1,1,0.9242300864348315,1.0,1.0,0.92283547
8477,0,1,0.004401002740265074,6.5697925e-08,4.1884263e-08,0.0057111904
8478,0,1,0.23197188850938058,0.67108923,0.019686734,0.22595435
8479,0,1,0.0015905980473893532,5.965804e-10,5.3691646e-10,0.0034027465
8480,0,0,0.003774061607535822,3.2618902e-10,1.46148e-08,0.0039226036
8481,0,1,0.445823737265365,0.9984395,0.992645,0.4444354
8482,1,1,0.35517289876288505,0.9763615,0.9530143,0.3809568
8483,1,1,0.6580882000846485,0.99996364,0.99991536,0.6575239
8484,0,1,0.12838076863407477,0.026183326,0.0023549304,0.1339457
8485,0,1,0.25129634887952723,0.65306926,0.14213634,0.2596837
8486,0,1,0.05645813590808507,0.001611603,0.00017737132,0.055191502
8487,1,1,0.8802081717996063,0.9999993,0.9999993,0.8776254
8488,0,0,0.06614234685637602,0.00321852,0.066684216,0.06558778
8489,0,1,0.004182170759610278,3.0506814e-07,2.2670063e-08,0.005166444
8490,1,1,0.5706887723233557,0.9988569,0.9909848,0.5544416
8491,0,0,0.011061280586346811,8.572989e-08,4.4762733e-06,0.011677536
8492,1,1,0.427444108790529,0.99814236,0.9903853,0.42905682
8493,0,0,0.0006430305831817674,6.7872535e-12,1.774762e-10,0.0008605127
8494,0,1,0.05352651899517955,0.0006961202,0.00027265222,0.055367585
8495,1,1,0.8858595339020149,0.99999976,0.9999963,0.8825137
8496,1,0,0.20220922882153633,0.4326225,0.99633527,0.20092724
8497,1,0,0.05853232525398536,0.05172153,0.48477384,0.07068005
8498,0,1,0.1853555102897299,0.42482594,0.0694899,0.19285169
8499,0,1,0.041308011563820905,0.0002940934,4.435241e-05,0.040269252
8500,0,0,0.032316590859073,0.0003833625,0.019744141,0.032255102
8501,0,0,0.00609599338310614,8.2155575e-06,6.529362e-05,0.0077752145
8502,0,1,0.013786320829195144,3.2487915e-05,6.464449e-06,0.017832596
8503,0,0,0.09753544499581748,0.0070841354,0.20457539,0.097997524
8504,1,1,0.2780663604441237,0.7832872,0.3642766,0.28029564
8505,0,0,0.0033278149630928213,2.7500793e-10,1.2047882e-08,0.0034362078
8506,0,1,0.002682796833030848,2.1599786e-10,8.430472e-12,0.0033061283
8507,0,1,0.020109586169874277,6.0197303e-06,6.326561e-08,0.020156702
8508,0,0,0.03320568562436004,0.00032267696,0.006003169,0.03250032
8509,0,0,0.02473193866625973,9.443898e-06,9.9161996e-05,0.025620777
8510,0,0,0.0064028821556947075,2.4156232e-06,0.000112897775,0.009006037
8511,0,0,0.024708042020075233,3.683264e-05,0.0040798443,0.025308166
8512,0,0,0.030352860343673058,0.00045464907,0.012870409,0.03061965
8513,0,0,0.0059290087806054765,5.988063e-08,1.2473474e-06,0.006381666
8514,0,1,0.32399557142462726,0.97950417,0.954169,0.33635816
8515,0,0,0.10811683595242633,0.09093289,0.8993671,0.10469866
8516,0,1,0.34247548468479727,0.945538,0.7515364,0.34444612
8517,0,1,0.4499399825385442,0.996333,0.9814671,0.45378485
8518,0,1,0.0061022127894004305,7.941476e-06,1.531582e-07,0.011873148
8519,0,1,0.3222791616725117,0.9630591,0.86453104,0.32066217
8520,0,1,0.004592000680073302,5.250899e-07,1.3596552e-07,0.006167124
8521,1,1,0.24790017544311518,0.7294994,0.30302703,0.24902378
8522,0,1,0.1797234994982772,0.29933876,0.036965612,0.18832374
8523,1,1,0.7824612102365125,0.99999726,0.9999882,0.7891188
8524,0,0,0.0471395974981058,0.0028899435,0.017338727,0.049117316
8525,0,1,0.035474305368210945,0.020294411,0.0010933747,0.044142604
8526,0,1,0.010342980995456623,4.8285514e-05,9.642337e-06,0.023051789
8527,0,0,0.050574207655660126,0.00018078866,0.012199286,0.049563587
8528,0,1,0.7263942431443181,0.99997234,0.9998349,0.72374207
8529,0,0,0.005628956807904984,1.4663419e-06,1.9121695e-05,0.007015349
8530,0,1,0.1267850018098685,0.039926082,0.040689584,0.13237374
8531,0,1,0.39782216014159066,0.99470794,0.9703142,0.3987796
8532,0,1,0.01969700041625845,1.0567226e-07,5.6624565e-08,0.02067953
8533,1,1,0.9835716601527965,1.0,0.9999995,0.98223746
8534,0,1,0.027716570382222187,1.5941741e-05,7.1177355e-06,0.023980433
8535,1,1,0.6053027627629255,0.9998716,0.99959576,0.606403
8536,0,1,0.06105923056593094,9.873146e-05,0.00026863546,0.062067345
8537,0,1,0.015414808950380932,5.0041883e-05,2.7064166e-06,0.018655775
8538,1,1,0.6449589806767452,0.99982905,0.99953157,0.6483431
8539,1,1,0.4666859809196063,0.9901974,0.98489285,0.4647979
8540,0,1,0.6588219547339316,0.999992,0.9999739,0.662482
8541,0,1,0.3867356470791905,0.9511494,0.8450242,0.3907201
8542,0,1,0.38357014350729424,0.99909836,0.9948548,0.38129765
8543,0,1,0.026879238639195346,0.0031144146,0.0004741453,0.032970652
8544,1,0,0.9523747888910205,1.0,1.0,0.95036846
8545,0,0,0.02617317131584775,8.0516525e-05,0.0033773794,0.026408056
8546,1,0,0.3668862596059408,0.95460874,0.9997203,0.35930982
8547,0,1,0.11748738482104153,0.0011495759,0.00030650978,0.12267786
8548,0,1,0.00835047863824071,1.5031741e-05,2.4256397e-06,0.010214839
8549,0,0,0.0128191909754767,1.3934333e-05,0.00035214055,0.0123505285
8550,0,0,0.011758409725836411,3.099426e-05,0.00035927893,0.015624687
8551,0,1,0.0034438000642437673,3.923837e-07,1.5918445e-07,0.004545704
8552,0,1,0.00839120304360725,8.5696134e-10,6.3634265e-11,0.00803614
8553,1,1,0.41837603949098895,0.979898,0.9004718,0.42167017
8554,0,0,0.0068982162520488475,6.739426e-07,5.755601e-06,0.0069108047
8555,1,1,0.06180354037255004,7.422183e-05,2.702723e-06,0.0621433
8556,1,1,0.28885377953605795,0.92877954,0.6920027,0.2908823
8557,0,1,0.16621506477206424,0.064953916,0.044794407,0.1704153
8558,1,0,0.27728239912191316,0.15987974,0.98804104,0.27445495
8559,0,1,0.03787134883424239,0.01504537,0.0064444714,0.045759186
8560,1,1,0.7839549413021181,0.9999982,0.99999595,0.7840578
8561,0,1,0.0028447120783042755,1.10172195e-07,1.01023705e-08,0.0035786424
8562,1,1,0.45059642712655346,0.99267983,0.982137,0.43954045
8563,0,1,0.24819456191439243,0.21450683,0.074327566,0.25100106
8564,0,1,0.0013350533814411524,8.399243e-11,4.014419e-11,0.0017124187
8565,0,1,0.013426283569940476,7.03388e-07,1.4426807e-06,0.013307868
8566,0,1,0.0027227890016945657,1.03641206e-07,1.2741219e-09,0.0032359865
8567,0,1,0.3686761386596927,0.98966324,0.9756589,0.39050063
8568,0,1,0.5994372182568561,0.9994537,0.9996912,0.59968686
8569,1,1,0.963441137328762,1.0,0.9999995,0.96296203
8570,0,1,0.017415644820822886,1.1849902e-06,7.2152284e-07,0.017823063
8571,0,1,0.009852218410066614,1.858206e-05,1.3168083e-06,0.012694577
8572,0,1,0.01722042043588687,0.00037027677,4.8982994e-05,0.021211317
8573,0,0,0.05856246274528665,0.0016152106,0.035489455,0.060893565
8574,0,0,0.0026699088440379163,1.1705896e-10,2.3937907e-09,0.002989375
8575,1,1,0.5385839419008285,0.99994946,0.99977195,0.55172306
8576,0,1,0.2772790014062769,0.7795054,0.35957146,0.27943695
8577,0,1,0.030297376610393573,0.00024521185,2.3325583e-05,0.029640783
8578,0,1,0.6322911149107834,0.99996054,0.99982226,0.6369462
8579,0,0,0.05560290093802415,0.0018295115,0.033050135,0.056799006
8580,0,1,0.7468070744157876,0.9999951,0.9999875,0.7458514
8581,0,1,0.19489713174347306,0.2154327,0.03958286,0.1956589
8582,1,1,0.9970773498661779,1.0,1.0,0.99670583
8583,0,0,0.0012352300522673145,3.353362e-10,1.5312178e-08,0.0016203932
8584,0,1,0.0696186150056578,0.5910298,0.1940664,0.14217764
8585,1,1,0.7656443721541327,0.99999774,0.9999919,0.7668365
8586,1,1,0.477201306827427,0.9923515,0.97060496,0.4803883
8587,0,0,0.03647952620914808,0.0011459024,0.0076191514,0.038230225
8588,1,1,0.39556908495563636,0.73182285,0.3422599,0.40787372
8589,0,1,0.2936161230102689,0.9932827,0.95231766,0.29340005
8590,1,1,0.2096177865474066,0.17563148,0.04419992,0.21732825
8591,1,1,0.5759463174913478,0.9998282,0.9992176,0.5773337
8592,0,1,0.0012355639364804226,1.3786478e-13,3.4927541e-15,0.0011674411
8593,0,1,0.2514168951637348,0.7046876,0.44392273,0.25974408
8594,0,0,0.002131524381345013,2.7011685e-08,5.826895e-07,0.0029310598
8595,0,0,0.009947307495769359,4.9357932e-05,0.0005517043,0.0124236215
8596,0,1,0.08858718012080975,0.0021694968,0.0016208607,0.08749666
8597,0,1,0.1487174218397712,0.030128086,0.0016341216,0.1515001
8598,0,0,0.030640968036717616,0.000275413,0.0017166841,0.032386363
8599,1,0,0.6030096141720346,0.99994504,0.99999976,0.59337246
8600,0,0,0.0007297895206697819,1.7059834e-11,2.6465372e-10,0.0009920804
8601,0,1,0.16109276754828505,0.10509848,0.09552363,0.15972355
8602,0,1,0.09940172936494139,0.0024391226,0.0013510585,0.110592216
8603,1,0,0.08834796694712815,0.017156629,0.57782376,0.17576614
8604,0,0,0.017158174664723698,2.0295582e-05,0.0001544068,0.017180782
8605,1,1,0.21549336675892386,0.5771685,0.12230695,0.22268826
8606,1,1,0.46024740220466487,0.99887055,0.9958443,0.458529
8607,0,1,0.013402456182520612,2.1436906e-06,1.304827e-07,0.013328922
8608,0,1,0.12988273202044684,0.039113864,0.0035558816,0.13108304
8609,0,0,0.002563149183765696,3.3453145e-09,3.250832e-08,0.0031800494
8610,0,1,0.25590118178196386,0.823416,0.73479086,0.25177518
8611,0,1,0.30838521603984004,0.9454415,0.8111067,0.30620337
8612,0,1,0.6076758724329515,0.99897254,0.9972353,0.6112599
8613,0,1,0.5263848578396427,0.99895465,0.99621314,0.5257254
8614,0,1,0.2982920435525787,0.70434284,0.81365246,0.29523888
8615,0,0,0.4091031020399519,0.25181565,0.94967777,0.40414265
8616,0,1,0.013319759461983676,2.5581232e-06,9.853783e-07,0.014190071
8617,0,1,0.179283737288625,0.9985821,0.9946384,0.2227869
8618,0,0,0.0031769601678243373,1.3298786e-07,2.5458305e-06,0.003885078
8619,0,1,0.25403689833412346,0.57883435,0.17236555,0.25717807
8620,0,1,0.03818783429079011,9.0559144e-05,6.900629e-06,0.039397776
8621,0,0,0.006987083152675962,1.2688101e-06,3.223673e-05,0.0074819517
8622,0,1,0.017010440472435367,0.00012301956,4.6467976e-05,0.020216182
8623,1,1,0.5900224309139955,0.99979496,0.99920356,0.60161716
8624,0,1,0.027595542230084452,1.4814218e-05,2.0926147e-06,0.026583282
8625,0,1,0.2894215074067251,0.9594327,0.7915184,0.28797513
8626,1,1,0.703500679624368,0.9998369,0.99977,0.70634854
8627,0,1,0.002305817781626585,4.592615e-09,3.3519445e-09,0.005050441
8628,1,1,0.6370133901221209,0.9997236,0.99916834,0.63417
8629,0,1,0.2445202575366093,0.78216445,0.42550412,0.24904719
8630,0,1,0.07688096092443367,0.0056257797,0.0012435492,0.08193697
8631,0,1,0.01884737377508891,9.829972e-06,7.349715e-06,0.019151144
8632,1,1,0.5386833436303783,0.40950963,0.15164337,0.21101142
8633,1,1,0.3691498421202539,0.8314241,0.20790185,0.371202
8634,0,0,0.015224171852047969,1.4260526e-06,8.431608e-05,0.01719259
8635,0,1,0.001923402356515158,2.7441768e-08,7.0560358e-09,0.0042909817
8636,1,1,0.13350613344059914,0.20073542,0.04377029,0.12771115
8637,0,0,0.02660012561465512,4.1794283e-05,0.0006207154,0.027451314
8638,1,1,0.9997317395845504,1.0,1.0,0.9997007
8639,0,1,0.05753705055519549,0.0005982086,5.384636e-05,0.05912539
8640,1,1,0.3126210319969474,0.9099491,0.605874,0.31692386
8641,0,0,0.06593184028468428,0.019754387,0.18351755,0.06853381
8642,0,1,0.0035400597100131753,3.6590092e-07,4.863859e-09,0.0042053517
8643,0,1,0.008709658111089015,2.5338157e-05,1.8920153e-06,0.011112362
8644,0,0,0.022929039398012052,7.3615905e-05,0.00097480975,0.023456072
8645,0,1,0.26209330583333823,0.8686917,0.44204748,0.26780027
8646,0,0,0.0012213764323974526,1.4921694e-10,1.3177275e-09,0.0014974187
8647,0,0,0.022972591049768662,5.7986067e-06,3.5987232e-05,0.024037385
8648,0,1,0.004980782713063565,2.2820343e-08,2.7712692e-09,0.0046588103
8649,1,1,0.6408827747330613,0.9999609,0.99978924,0.6450055
8650,0,1,0.060069555170516445,0.02051965,0.0003541089,0.056704674
8651,0,0,0.05570148175665393,0.00018620286,0.003906799,0.056705765
8652,0,1,0.31101796838717005,0.8778628,0.5557264,0.32508564
8653,1,1,0.7888688256047893,0.9999993,0.9999975,0.7921201
8654,1,1,0.43572109764081596,0.99805236,0.99367386,0.43962216
8655,0,1,0.20700337782144348,0.26801798,0.048514027,0.21129727
8656,1,1,0.8287626694502687,0.9999989,0.99999666,0.8314666
8657,0,0,0.1255118548019678,0.078771204,0.63167953,0.13253006
8658,1,0,0.8376762906916736,0.9999908,0.99999857,0.84235793
8659,0,0,0.02964073718360836,0.006855689,0.3853553,0.06499986
8660,0,1,0.3559239889806662,0.9552043,0.863221,0.35630748
8661,0,1,0.28385913970725696,0.9524724,0.7617913,0.29425725
8662,0,0,0.0028295544025274287,3.556855e-08,3.8269843e-07,0.003514371
8663,0,1,0.08803561527891691,0.05134307,0.0050728503,0.082854606
8664,0,0,0.004714437701461495,3.5628354e-09,1.6736409e-07,0.004877558
8665,1,0,0.46033002553056607,0.9987833,0.99999356,0.45583805
8666,0,1,0.6313726525772881,0.9997896,0.99965847,0.62960404
8667,0,0,0.01102586240345768,1.481202e-07,5.000856e-06,0.011688138
8668,1,1,0.6567011197604361,0.99993896,0.99980354,0.6581497
8669,0,1,0.16926745488059403,0.48336554,0.25330633,0.18085206
8670,1,1,0.9500647315852128,1.0,0.9999999,0.9473589
8671,0,1,0.03060842044254195,2.539222e-05,2.6821378e-06,0.02996465
8672,0,0,0.03497298104092867,0.00014512507,0.0011272545,0.037789807
8673,0,0,0.0148218466001469,1.9539482e-06,6.386366e-05,0.015556838
8674,1,1,0.9900633322463169,1.0,1.0,0.9897036
8675,0,1,0.13702936768748455,0.046255432,0.006127786,0.1436395
8676,1,0,0.6847432183317561,0.99957186,0.9999962,0.6724448
8677,0,1,0.05422344903577494,0.0003007012,2.1027467e-05,0.054629177
8678,0,0,0.009700494132898922,1.4050914e-07,1.2442962e-05,0.010357159
8679,0,0,0.42290341975548196,0.997988,0.9999896,0.4072034
8680,0,0,0.004466561391702176,6.7792807e-09,2.3275094e-08,0.004806567
8681,0,1,0.009644697098188383,1.7381233e-05,4.341119e-06,0.012366732
8682,0,1,0.006159006985257853,7.2332638e-09,6.6506023e-10,0.0059172143
8683,0,1,0.5811462068760094,0.9988772,0.9968894,0.58432263
8684,0,1,0.36595710924943575,0.99257785,0.9739381,0.36379048
8685,1,1,0.30707421627109666,0.7615422,0.041484673,0.29968238
8686,0,0,0.08955690941887685,0.009346909,0.17882468,0.093571074
8687,0,1,0.34007409680977957,0.73739,0.16407289,0.34229904
8688,0,1,0.19090497141690957,0.25642055,0.02585904,0.19297412
8689,0,1,0.010624755543255484,1.5394104e-05,1.6190311e-06,0.013211266
8690,1,1,0.5026065960542788,0.99943537,0.9963523,0.50984037
8691,0,1,0.01445923244813861,2.908394e-06,7.334208e-07,0.015214491
8692,0,1,0.06995274889908677,0.00026929783,1.161525e-05,0.070304535
8693,0,0,0.040752538904639334,3.203483e-05,0.0005429092,0.04470241
8694,1,1,0.6820511884622847,0.713048,0.1477187,0.72144765
8695,0,1,0.0034220864884125972,2.7014662e-09,5.066097e-10,0.003548268
8696,0,0,0.0008834511121094629,8.163671e-10,3.9691526e-09,0.0010835779
8697,0,1,0.0016733901004371394,7.2376445e-11,3.1414125e-11,0.0021728002
8698,0,0,0.10247883417302311,0.071225196,0.8831301,0.10380752
8699,0,1,0.0025119718911389873,3.3898393e-09,6.0201105e-10,0.0034113796
8700,0,0,0.008569655487508923,1.9974925e-07,2.810178e-05,0.008041999
8701,0,0,0.032921184311000856,4.422334e-05,0.00031097376,0.035152897
8702,0,1,0.3276208469097415,0.99026746,0.9392075,0.33217752
8703,0,0,0.0015557301804721305,9.0857183e-10,4.4408182e-08,0.0020523446
8704,0,1,0.12258005606224184,0.0130084,0.00496829,0.11791887
8705,0,1,0.3586263144020089,0.9867867,0.9460816,0.35519123
8706,0,1,0.03149635912309411,4.593824e-05,6.979215e-06,0.030063523
8707,0,1,0.3383525375183159,0.7861517,0.7898804,0.33307076
8708,0,1,0.027215637433859494,1.6803653e-05,3.3657059e-06,0.026292777
8709,0,1,0.007166373204360487,5.6052354e-08,1.9516854e-08,0.008956136
8710,0,0,0.07111899303251684,0.0037768143,0.04595627,0.07176402
8711,0,1,0.015527061099862259,0.0007862137,1.0042191e-05,0.01952462
8712,0,1,0.017554989927939153,5.803458e-07,3.8767947e-08,0.018001061
8713,0,0,0.009559499226705313,6.6365115e-05,0.0004293275,0.019434053
8714,1,1,0.35029349320629877,0.94551563,0.8397018,0.3489966
8715,0,1,0.0038149726452430433,3.3566e-10,2.1298878e-11,0.003645741
8716,0,1,0.6698252642805099,0.9999577,0.99985504,0.6761147
8717,0,1,0.34811543623008034,0.99719524,0.99239165,0.3389216
8718,0,1,0.007737389997707753,9.421474e-09,7.792612e-09,0.0076756603
8719,0,1,0.0019017529727156704,5.7623005e-08,6.1965244e-10,0.0022587294
8720,0,1,0.0030727349859304815,1.09260625e-07,1.3192414e-09,0.0036690505
8721,0,0,0.01687421388814134,1.38123605e-05,0.007924435,0.017504916
8722,0,0,0.012526710614577451,1.1310738e-05,0.0016024252,0.01596157
8723,0,0,0.05014891380199963,1.3502121e-05,0.006059811,0.05037014
8724,0,1,0.33187350306617264,0.9934301,0.98521054,0.3525117
8725,1,1,0.7456777238783664,0.99999046,0.99997747,0.74990016
8726,0,0,0.004159170968549553,2.0473967e-09,1.1290748e-06,0.0040949904
8727,0,1,0.028026710732506562,2.7840637e-05,1.7608198e-05,0.026345422
8728,1,1,0.5860097642506571,0.9999033,0.99961495,0.5878992
8729,0,0,0.002925623070296623,8.644023e-11,1.3845375e-09,0.0027422155
8730,0,0,0.22475866306111358,0.088029996,0.9846543,0.23038557
8731,0,1,0.012801539084504505,4.150006e-07,2.5100397e-07,0.012950635
8732,0,0,0.0069448849060936135,3.6386123e-09,3.6532077e-07,0.007815482
8733,0,0,0.4417831925638422,0.89600205,0.9973175,0.4411354
8734,0,1,0.31047647370488696,0.7762031,0.37085104,0.3096627
8735,0,1,0.029935674883615152,6.764235e-05,6.3395246e-06,0.029354632
8736,1,1,0.3650125504607587,0.98196745,0.8950199,0.36935478
8737,0,1,0.131666068799238,0.26859248,0.114895225,0.131082
8738,0,0,0.010396980477504925,2.4874586e-07,4.796353e-05,0.011516451
8739,0,0,0.00990519692869382,1.8016557e-07,3.655055e-05,0.0096872095
8740,0,1,0.0014841630776571994,9.0439806e-10,8.664586e-12,0.0017613674
8741,1,1,0.741816356617077,0.99999785,0.9999931,0.7482556
8742,0,1,0.16683426473576368,0.04738545,0.014554847,0.17468041
8743,0,0,0.002277885518744998,7.0901773e-10,5.554585e-09,0.0028805002
8744,0,1,0.1608108828887266,0.5851963,0.22368674,0.1552843
8745,1,1,0.868814347290834,0.99999094,0.99993527,0.8719813
8746,0,1,0.1892071185337569,0.73711973,0.4107365,0.1975721
8747,0,1,0.02369102795963874,7.471409e-05,9.498544e-05,0.023725014
8748,1,1,0.7959980305912551,0.9999987,0.9999956,0.8001433
8749,1,0,0.46385022042572327,0.99548334,0.99996924,0.4562845
8750,1,1,0.288857505552379,0.912796,0.7919994,0.2991307
8751,1,1,0.38083052114569926,0.9996757,0.9992742,0.39886186
8752,0,0,0.23638778559001278,0.38932404,0.998248,0.2270338
8753,0,1,0.5506798473071209,0.9966344,0.98562056,0.55933374
8754,0,0,0.31486262101249546,0.99231684,0.9999242,0.30700165
8755,0,1,0.19509316530193418,0.50634724,0.16556008,0.20340118
8756,0,0,0.12852059675500588,0.023290068,0.46971068,0.13141032
8757,0,0,0.0014712387943198772,7.9520496e-10,4.1962283e-09,0.0018522498
8758,0,0,0.032297095902483745,0.00012612496,0.0027619607,0.03244106
8759,0,1,0.0036603250664554933,2.0835193e-07,5.1633723e-08,0.004894887
8760,1,1,0.6541440728504989,0.9998759,0.9985728,0.6499528
8761,0,1,0.0018453389020625052,3.8224063e-10,1.8416346e-10,0.0023748702
8762,0,1,0.5808739398665984,0.99892014,0.9970593,0.5833821
8763,0,0,0.01063313144698362,1.0727551e-08,2.0945974e-06,0.011231007
8764,1,0,0.5233110378593699,0.99641883,0.9999609,0.52254283
8765,0,0,0.015087894977951486,1.3262805e-07,1.1247996e-06,0.015182261
8766,0,1,0.06047230062284973,0.004898595,0.001998618,0.060563836
8767,1,0,0.3049345208449218,0.89692587,0.9937751,0.3208243
8768,0,1,0.3264607192333537,0.9916794,0.9398794,0.33597633
8769,0,1,0.2985862422676398,0.9105981,0.6958619,0.29614663
8770,0,0,0.004434220901451491,1.7627484e-10,2.916205e-09,0.0042237225
8771,0,0,0.018855727516839782,1.8516062e-05,0.00039325005,0.01819703
8772,0,1,0.001719085958236519,8.5882346e-10,4.9961996e-10,0.0036925809
8773,0,1,0.19523390989936337,0.1619546,0.024716016,0.19939691
8774,0,1,0.5140112832646039,0.9918173,0.98448634,0.51074815
8775,0,0,0.004069290751165867,1.0298572e-09,4.4056716e-08,0.004229466
8776,0,1,0.21859718062096864,0.39381337,0.08501336,0.22109048
8777,0,1,0.28797697380214143,0.82641107,0.42473984,0.29111344
8778,1,1,0.5244215234109585,0.9998747,0.99966,0.5407161
8779,0,0,0.040111576847766284,0.0019976061,0.012651773,0.042369474
8780,0,0,0.0720114172564863,0.025856026,0.18968043,0.06837431
8781,0,0,0.011706891673992775,4.3016345e-05,0.00042386536,0.015621562
8782,1,1,0.7593397049607512,0.999995,0.99998856,0.75969726
8783,0,0,0.0010020612011962166,1.0824119e-10,1.5563064e-09,0.0012112615
8784,0,0,0.025269261158794222,3.4837126e-06,0.00015641024,0.02640956
8785,0,1,0.0819228308730958,0.00014934287,6.488613e-05,0.088277385
8786,1,0,0.29114733726923436,0.5326777,0.99297947,0.28559166
8787,0,1,0.3294618580809986,0.9764465,0.9069493,0.33626664
8788,0,1,0.004899789526162754,8.6911666e-07,2.2981199e-07,0.0065640816
8789,1,1,0.11906831838819483,0.003728607,0.00016890252,0.121516936
8790,0,1,0.10291595167306021,0.37897646,0.19389102,0.12064597
8791,0,0,0.0010512455673568274,1.2420664e-10,5.9503744e-09,0.0013722798
8792,0,1,0.24093828173518994,0.43287435,0.4568043,0.24544092
8793,0,0,0.06855302021251528,0.0044556875,0.22321044,0.070232764
8794,0,1,0.0017222592237432252,1.2014252e-10,5.889879e-11,0.0022087987
8795,0,0,0.023858743462506382,5.1640404e-06,0.00031570107,0.024754424
8796,1,1,0.5031202732775023,0.9967372,0.9880679,0.50621754
8797,1,0,0.999999999999996,1.0,1.0,1.0
8798,0,0,0.05384188411824037,0.0015268496,0.12224207,0.0561278
8799,0,1,0.086761263234124,0.007536213,0.00076706137,0.09009405
8800,0,1,0.0656460254914713,2.5383746e-05,1.1099549e-05,0.06708575
8801,0,1,0.17241433102332696,0.02284804,0.0030259313,0.17727473
8802,1,1,0.5971544340508033,0.9996047,0.9982326,0.59981555
8803,0,0,0.022617848314537205,2.2052342e-05,0.001997093,0.022041613
8804,0,1,0.12794125615367544,0.06524021,0.001178689,0.12657245
8805,0,1,0.22056735125128876,0.39756927,0.1762997,0.2300708
8806,0,1,0.30977369615811035,0.9519028,0.7219782,0.31546557
8807,1,0,0.36352590041211547,0.99631006,0.9999546,0.36392847
8808,0,0,0.0009636237341508716,2.9684868e-12,1.0823892e-10,0.0009731729
8809,0,0,0.06691241634751423,0.04924417,0.5706099,0.068933584
8810,0,1,0.0032208223194058186,3.575506e-08,8.296823e-09,0.004310666
8811,0,1,0.007642987512531025,8.004657e-10,2.9446796e-11,0.0076504084
8812,0,0,0.039539679727333195,0.03563514,0.2908971,0.03931672
8813,0,1,0.23279961258900367,0.95617235,0.6379986,0.24220356
8814,0,1,0.6708024959577116,0.9999894,0.99996185,0.67844117
8815,0,1,0.0115040929755245,5.797307e-07,3.397678e-09,0.013121914
8816,1,1,0.9995016315267812,1.0,1.0,0.9994336
8817,0,1,0.21264456371116947,0.9014547,0.6351757,0.21140684
8818,1,1,0.9768882080338808,1.0,1.0,0.9765021
8819,0,0,0.0048740452844937806,2.3892386e-09,1.1878025e-07,0.005083103
8820,1,1,0.5994604475509306,0.9975393,0.9889158,0.59168166
8821,0,0,0.004390623973680054,1.2329985e-09,8.211101e-09,0.004542841
8822,0,0,0.01197143903911811,1.5819525e-05,0.0014090227,0.02574811
8823,0,0,0.004989859844492608,1.877895e-08,3.954884e-07,0.005348956
8824,0,0,0.019996051977563795,7.720603e-06,0.00038788264,0.022082241
8825,0,1,0.06540661093835777,0.028869448,0.004576781,0.064049534
8826,0,0,0.00924681953448494,1.7235195e-08,2.1845372e-06,0.009787129
8827,1,1,0.5961020009126732,0.9989843,0.9919491,0.5883989
8828,0,1,0.017985471818066753,1.0202084e-06,4.3154552e-07,0.017628435
8829,1,1,0.2998275369961718,0.86260325,0.48272824,0.30463123
8830,0,1,0.36183764196155227,0.95673317,0.7161016,0.3633805
8831,0,1,0.02474420434277585,1.180193e-05,3.4977238e-06,0.023722492
8832,0,1,0.07719086819865677,0.003341617,0.0018729236,0.08128061
8833,0,1,0.014536734384911201,2.8799957e-07,5.4144607e-07,0.014528005
8834,0,0,0.21962100665928216,0.6377565,0.9978162,0.23385715
8835,1,1,0.15144768276572165,0.05554606,0.14583424,0.15568171
8836,0,0,0.16318717753287101,0.1241623,0.9727493,0.17103027
8837,1,1,0.9665625555134647,1.0,0.99999976,0.965873
8838,0,0,0.43570389686555006,0.99726117,0.9999683,0.43338165
8839,0,0,0.00174767816331142,7.495915e-08,3.2388677e-06,0.003946803
8840,0,0,0.2321392351113892,0.93500483,0.9994682,0.22419715
8841,1,1,0.4294271595608036,0.9982948,0.9790612,0.4451965
8842,0,0,0.07786227951156822,0.18991387,0.70650095,0.07794182
8843,0,1,0.25502528312155515,0.9239769,0.64186794,0.25418913
8844,0,1,0.6568108034035856,0.99987733,0.99949026,0.6611835
8845,0,1,0.002550769635338184,2.706701e-09,2.4528308e-09,0.0031988795
8846,0,1,0.03342073479367393,0.00019224566,2.72614e-06,0.03209271
8847,0,0,0.19997716317545564,0.0102106165,0.536564,0.066532016
8848,1,1,0.2821440145477591,0.7947105,0.37423885,0.28528595
8849,0,1,0.8535970425559576,0.99999464,0.99997914,0.85109884
8850,0,0,0.003850697309406234,1.5063286e-08,1.0199885e-06,0.003993249
8851,0,0,0.00501769996913744,4.274893e-06,3.3145596e-05,0.0063561248
8852,1,1,0.7052691916757371,0.999998,0.99999535,0.7185596
8853,0,0,0.004746746802878562,2.3920295e-06,9.16886e-07,0.0034960401
8854,0,1,0.5914260640565193,0.99897194,0.99694806,0.5893162
8855,0,1,0.2521525325267521,0.9146488,0.77568454,0.24711666
8856,0,0,0.037078829891973364,0.00011178029,0.0030497336,0.039057635
8857,0,1,0.0930753114640872,0.018529437,0.002288325,0.09176831
8858,0,0,0.12310139827896038,0.29536843,0.9232885,0.12841615
8859,0,1,0.16141833631105607,0.16700657,0.018418206,0.16724873
8860,1,0,0.9870617147534283,1.0,1.0,0.9863082
8861,0,1,0.15441651087261704,0.37355763,0.20331167,0.14834036
8862,0,1,0.007126459736295217,3.3551478e-07,1.6924645e-08,0.00875246
8863,0,0,0.035966505993965225,0.00018406007,0.0026946454,0.035593666
8864,0,1,0.07931230200377855,0.0004567424,0.00031860554,0.08468856
8865,0,1,0.08200188851494986,0.00016020541,6.326787e-06,0.08368858
8866,0,0,0.003001164522695884,1.1727071e-08,1.2248111e-07,0.0037192164
8867,0,0,0.01963228114929155,8.395213e-06,0.00018949629,0.019246452
8868,0,1,0.4103980892066423,0.99140656,0.9300487,0.42524397
8869,0,0,0.38593314600875644,0.8191813,0.96769285,0.38867947
8870,1,1,0.7087910652135024,0.9999831,0.9999536,0.707835
8871,0,0,0.02498156749181422,7.4977026e-05,0.0007183631,0.02637053
8872,1,1,0.9119039814346529,1.0,0.99999964,0.9559044
8873,0,0,0.0025386665316189535,1.4721489e-10,4.4751425e-09,0.002675313
8874,0,0,0.013018772996212239,5.32981e-07,2.7204103e-05,0.014221511
8875,1,0,0.6123153534641544,0.99879074,0.9999949,0.6073429
8876,0,0,0.005202799335988908,9.421021e-10,4.5762132e-08,0.0055337134
8877,0,1,0.19241305504445458,0.78169906,0.59523267,0.2057921
8878,0,1,0.8464875441869109,0.9999999,0.99999964,0.8507389
8879,1,1,0.9122008495910362,1.0,1.0,0.9141396
8880,0,1,0.3484241050513467,0.9884461,0.9349519,0.3479943
8881,0,1,0.3674600328774584,0.9897899,0.95792484,0.3641282
8882,0,1,0.018633746923066852,1.9379752e-06,6.639283e-07,0.019369332
8883,0,1,0.03298294287963842,1.864195e-05,1.9776066e-06,0.03293084
8884,1,1,0.73535865899703,0.99999404,0.9999863,0.73834723
8885,1,1,0.8227632984847301,0.99999535,0.9999956,0.8183774
8886,0,1,0.06288234089396778,0.005559146,0.00036426279,0.06724665
8887,0,1,0.30384649076958725,0.7509231,0.63836443,0.29922393
8888,0,1,0.3296312498015142,0.60165006,0.5657275,0.3250625
8889,0,0,0.6008404623889126,0.99876946,0.99999225,0.595546
8890,0,0,0.03623241321559844,0.0007487619,0.007175696,0.036506526
8891,0,1,0.002086020805919566,1.1331432e-09,2.1518572e-10,0.0027961868
8892,0,1,0.040944994131973875,3.250623e-05,7.6117813e-06,0.043186475
8893,1,1,0.3879763107139986,0.9993623,0.99606544,0.38903934
8894,1,1,0.2581710196113448,0.91616476,0.5440904,0.26054403
8895,0,1,0.150020089233948,0.1158982,0.011667463,0.15323688
8896,0,1,0.06304184832219081,0.0008037588,0.00020406692,0.0644212
8897,0,0,0.0024221293621462313,2.0670107e-10,1.3949903e-08,0.0025402773
8898,1,1,0.6833186440149503,0.9999832,0.9999622,0.68957675
8899,0,1,0.11368019283923098,0.0037112248,0.00023065029,0.11568008
8900,0,1,0.02344901267186157,3.9260829e-07,2.5218656e-08,0.024760947
8901,1,1,0.3841360267484784,0.9507768,0.79616624,0.38931358
8902,0,1,0.5019140155885845,0.9972162,0.9974426,0.4965462
8903,0,1,0.19105592653748524,0.01597122,0.0017087774,0.18826558
8904,1,0,0.1915853785161133,0.12372538,0.91159123,0.18824492
8905,0,0,0.002987256362760353,7.518065e-08,4.752654e-07,0.0037820998
8906,1,1,0.7754085376302826,0.9999995,0.99999666,0.76899534
8907,0,1,0.05534293680463442,0.00070830353,0.0001164185,0.053521335
8908,0,0,0.7397756750397518,0.99999106,1.0,0.7402187
8909,0,1,0.2521624301897043,0.7370572,0.3000126,0.2534027
8910,1,1,0.5905518369127606,0.99059,0.4835912,0.5718743
8911,0,0,0.00221275259966344,9.581745e-10,4.3443727e-08,0.002945797
8912,0,0,0.07437407672861393,0.005420973,0.06548749,0.07496343
8913,0,0,0.024726804422962215,3.3336237e-06,2.7619639e-05,0.02393919
8914,0,1,0.1509137639058164,0.46921968,0.017713867,0.14652075
8915,0,1,0.0035625280360886786,3.7924147e-07,5.0268087e-09,0.004234309
8916,0,1,0.13137580644300254,0.038482662,0.03405472,0.13705377
8917,0,1,0.07592121379652056,0.0027150372,0.00071420183,0.07597544
8918,0,1,0.040310460090390375,0.0350241,0.008244554,0.049049925
8919,0,0,0.014510654127916946,6.192576e-06,0.00010055164,0.014182055
8920,0,0,0.014530973975429922,8.37671e-07,1.4368821e-05,0.014309086
8921,1,1,0.4440882896238236,0.99621826,0.9868693,0.44896916
8922,0,0,0.014887967905989398,1.1521819e-06,9.6498525e-06,0.015750358
8923,0,0,0.009938830380910648,3.2097742e-07,2.5021413e-06,0.010223597
8924,0,1,0.3769169305433473,0.94361913,0.7662141,0.37944624
8925,0,1,0.11277420146211566,0.015408166,0.0153443115,0.11802934
8926,0,1,0.1719132422808153,0.35630637,0.1315915,0.16735847
8927,0,1,0.19339536388862621,0.055407356,0.0379254,0.19689208
8928,0,0,0.011417856063756162,2.0593077e-06,1.4496246e-05,0.011412087
8929,1,0,0.8022909443488392,0.99999833,1.0,0.7989295
8930,0,0,0.00038396304124968967,2.3318985e-13,7.849495e-12,0.0005015894
8931,0,1,0.023396673798324726,0.0015831349,0.0003579374,0.027782314
8932,0,0,0.09771923531902768,0.023225114,0.3903929,0.099659465
8933,1,1,0.7181305774429153,0.99998796,0.99996996,0.71996963
8934,0,0,0.04966904506349638,0.0007726015,0.014031254,0.050921574
8935,0,0,0.017403776974547053,0.00011057785,0.007925934,0.021410344
8936,1,1,0.9993986425619342,1.0,1.0,0.9993381
8937,0,1,0.03309476288713072,7.235156e-05,1.5705868e-05,0.03244064
8938,0,0,0.03441396720325632,9.68922e-05,0.0010142322,0.035815135
8939,0,1,0.0069486347706940906,2.1987626e-06,3.534238e-07,0.009276078
8940,0,1,0.1723820178501429,0.14393915,0.050852485,0.17763735
8941,0,1,0.008541293677831985,2.6687806e-07,6.9136754e-09,0.007766365
8942,0,0,0.013999783326275677,3.2219024e-05,0.0013725059,0.013094801
8943,0,0,0.6031723178430428,0.9999181,0.9999995,0.5943791
8944,0,0,0.022910707683932992,1.29170385e-05,0.000116786294,0.025261307
8945,1,1,0.6779396697506888,0.9999355,0.9997482,0.6854861
8946,1,1,0.8849484138449102,0.99999905,0.9999963,0.88081956
8947,0,0,0.01451240553910989,1.9523595e-06,0.00015018127,0.014816516
8948,0,1,0.28245325666282123,0.5926219,0.23124206,0.27723947
8949,1,1,0.6624898896859818,0.99998987,0.9999597,0.6651205
8950,1,0,0.4185443377802311,0.9861836,0.99995995,0.41328394
8951,0,0,0.04519821497495912,0.0012160948,0.026676465,0.047175456
8952,1,1,0.29389175974644705,0.7989708,0.4689,0.29350898
8953,1,1,0.28692096608313183,0.97757745,0.93898475,0.28238088
8954,1,1,0.18372575664564894,0.010767792,0.0007329017,0.18602061
8955,0,1,0.013590338589023507,0.00027827598,3.2563566e-05,0.027378762
8956,0,0,0.01314421547060678,5.518094e-06,3.895644e-05,0.013157577
8957,0,1,0.03711192562705182,6.994396e-05,5.2232776e-06,0.038391586
8958,0,1,0.03320821157541034,1.7880287e-06,2.2996372e-07,0.033400595
8959,0,1,0.0013842243706836865,4.373123e-11,1.9434692e-11,0.001782731
8960,0,1,0.07538511603748911,0.0004314067,0.00034131875,0.07947247
8961,0,1,0.011036423430475895,0.00027703604,5.5753233e-05,0.022194376
8962,1,1,0.8355320567952947,0.999877,0.9985563,0.83484894
8963,0,0,0.012503418543660084,2.203599e-06,1.6660744e-05,0.012476698
8964,0,0,0.10024108188060134,0.036072608,0.7722236,0.099010035
8965,0,1,0.1723632789360141,0.2620256,0.2681155,0.16566567
8966,0,1,0.008115166411688895,9.184034e-06,7.746844e-07,0.0100758085
8967,0,1,0.17957476962098132,0.08275296,0.02546285,0.18619315
8968,0,0,0.0005006098569072527,1.449017e-12,7.643015e-12,0.0006177927
8969,0,1,0.11382838872357828,0.017277654,0.0064962544,0.1108588
8970,0,0,0.044048250685412134,0.00072371925,0.0033563853,0.044838786
8971,0,1,0.008371805538607212,1.0146601e-05,2.9662374e-06,0.011295825
8972,1,1,0.6419462640820441,0.9996511,0.999723,0.63931656
8973,0,0,0.005985735334342397,1.5427355e-08,1.9182404e-07,0.0057838266
8974,1,1,0.8132656711551457,0.9999242,0.99805945,0.8048293
8975,0,0,0.08333158995588383,0.005147702,0.062942915,0.08755485
8976,0,1,0.11132702586524662,0.023774637,0.005632631,0.10837909
8977,0,1,0.22661779419887412,0.8609307,0.6359533,0.22269772
8978,0,1,0.3930992732577271,0.9940508,0.9857587,0.40557027
8979,1,1,0.14029464272817185,0.049872696,0.00452996,0.14671904
8980,0,1,0.032322912643802104,8.879216e-05,5.738128e-06,0.03288818
8981,0,1,0.4537791003224577,0.99863476,0.9948612,0.44885197
8982,0,1,0.1811591712660009,0.06224791,0.031207805,0.17938478
8983,0,1,0.00391366955037661,1.6190279e-07,4.0377234e-08,0.0052340403
8984,0,1,0.002635198047221441,6.2344935e-11,2.6623115e-11,0.0026427861
8985,0,1,0.0861522228080877,0.001528016,0.00046603754,0.091761135
8986,0,0,0.08118551595993082,0.031178815,0.2761209,0.084446624
8987,0,0,0.0012574254363760758,4.629065e-10,8.165216e-09,0.001715586
8988,0,1,0.3692370454831151,0.96885663,0.8284069,0.36840084
8989,0,0,0.02384355428412224,0.010951321,0.14277743,0.049637206
8990,0,0,0.004373840701968356,2.3236093e-09,1.1501406e-07,0.0045567797
8991,0,1,0.003328277894475957,6.558705e-07,1.4039454e-08,0.0039125164
8992,1,1,0.7464230510186424,0.9999882,0.99995303,0.7499548
8993,0,1,0.0463410839504342,0.00067349215,4.7091933e-05,0.047195308
8994,0,0,0.18600206983063855,0.4788243,0.9170961,0.1987423
8995,0,0,0.06066674608271319,0.0016717439,0.03542892,0.060160536
8996,1,1,0.7652995430765074,0.99999845,0.9999949,0.77097917
8997,0,0,0.025435210605877587,1.3020295e-05,0.00020077948,0.02657064
8998,0,0,0.004665089228471106,1.886396e-08,2.2210993e-07,0.0047747986
8999,0,1,0.44457545947346455,0.99998724,0.9999918,0.45111132
9000,1,1,0.28121578788302165,0.67988926,0.46288463,0.29508853
9001,1,0,0.7708249453866407,0.99998975,1.0,0.7699179
9002,0,0,0.41230626928025865,0.9916576,0.99998176,0.25507924
9003,0,1,0.19189066396346602,0.9564819,0.8289604,0.19158843
9004,1,1,0.5527478629077557,0.99751115,0.99791557,0.5506764
9005,1,1,0.6594821918949307,0.99983656,0.9996122,0.6616145
9006,0,1,0.4530698324716244,0.99912244,0.99428904,0.4586443
9007,0,1,0.038908426652407846,0.014602504,0.013081898,0.050901204
9008,1,0,0.08953004766195112,0.0007052456,0.015668547,0.027560305
9009,1,1,0.7402455542509497,0.99999344,0.99997485,0.744129
9010,0,1,0.09346229674214582,0.00017944463,1.8178624e-05,0.08803794
9011,0,0,0.04083215943784049,0.0003658044,0.008558093,0.041546695
9012,0,1,0.07943277506422342,0.008933141,0.0001570111,0.0764657
9013,0,0,0.027277370579404374,2.6890817e-05,0.0003025938,0.02700507
9014,0,1,0.011447137315992473,9.710282e-08,6.049756e-08,0.011604595
9015,0,1,0.0034852923039445406,1.6770042e-09,8.238362e-10,0.0045502824
9016,1,1,0.2879567625935545,0.67529917,0.37272605,0.28774646
9017,1,1,0.7559938559816821,0.99999094,0.9999542,0.7475306
9018,0,1,0.05072317319175699,0.0006823191,0.00010153442,0.05227887
9019,0,1,0.011476703216942118,0.0001406616,2.560531e-05,0.023076812
9020,1,1,0.8512129034294769,0.9999925,0.9999589,0.85130674
9021,0,1,0.0031707274178636616,1.4592543e-08,1.4174743e-08,0.003944395
9022,0,0,0.002161096185862639,1.6865699e-09,6.2763455e-08,0.0030135235
9023,0,1,0.013020243864583607,3.0942476e-06,4.1820883e-08,0.012172166
9024,1,1,0.45415678649388874,0.99842024,0.9884389,0.4472639
9025,0,1,0.022902023272866858,4.353495e-06,4.5765537e-07,0.023962459
9026,0,1,0.4407522974595983,0.97922325,0.9675395,0.4385087
9027,0,1,0.1698965581119268,0.056119185,0.0174603,0.17727135
9028,0,0,0.050343259715341704,0.0010779441,0.010922627,0.052854657
9029,0,1,0.0976416954223329,0.00031629603,9.32584e-06,0.09961962
9030,0,0,0.20916528097193154,0.84465003,0.9996402,0.21564749
9031,0,1,0.00402957826875171,5.979833e-08,3.4851595e-08,0.0052537653
9032,0,0,0.0025767810979167595,1.1984276e-09,4.5586066e-08,0.0026807715
9033,1,0,0.8490998232764204,0.9999963,1.0,0.8413316
9034,1,1,0.38877201987541654,0.9909195,0.96833825,0.39333454
9035,0,0,0.0029516510161799545,1.1169835e-08,1.1952636e-07,0.0036430573
9036,0,1,0.00885350432636622,1.7125868e-07,3.0424772e-09,0.0082818875
9037,0,0,0.03823166571404622,0.0019280674,0.017062329,0.038655203
9038,1,1,0.44144297276058025,0.9938547,0.98254704,0.43946758
9039,0,0,0.0014388061164119599,3.227784e-07,6.7808287e-07,0.0028530646
9040,0,0,0.012884244953617612,3.8457787e-07,1.3880948e-05,0.013079098
9041,0,1,0.0010741240073213238,1.990854e-09,1.0829943e-10,0.0022589054
9042,1,1,0.695924179420968,0.99996746,0.99987066,0.7007341
9043,1,1,0.5108170165392969,0.99908745,0.9984119,0.5403244
9044,0,0,0.0032296360665871366,1.7760776e-08,1.7945806e-07,0.004027253
9045,0,1,0.005047094890891684,6.502832e-07,4.2110315e-08,0.0064355168
9046,0,1,0.15896172951284052,0.5331057,0.021440232,0.15576082
9047,0,1,0.015345217694005443,4.6145387e-06,6.206336e-08,0.014395108
9048,0,0,0.22696853840846404,0.42253378,0.9940619,0.22000104
9049,0,1,0.0048424752725413165,3.421766e-07,1.923778e-08,0.006259332
9050,0,1,0.38879764380527493,0.9314597,0.5575134,0.39362535
9051,0,1,0.5676551511572974,0.9958794,0.9875745,0.5702592
9052,0,0,0.033633346707996774,0.003567145,0.030931935,0.033073295
9053,1,1,0.6334744316087757,0.9995746,0.9992839,0.62857306
9054,1,1,0.8155294800623334,0.99980843,0.9988691,0.8169889
9055,1,1,0.18501668188791906,0.7332959,0.5379444,0.1979071
9056,1,1,0.7510045225668559,0.9999696,0.9999548,0.7485238
9057,1,1,0.7716415529527145,0.9999957,0.9999832,0.7746652
9058,1,1,0.447359392474604,0.9995541,0.9962483,0.44625923
9059,0,1,0.056960116979068165,0.012546043,0.00020603118,0.054055683
9060,0,0,0.006976325458428903,1.1766413e-06,1.0526641e-05,0.00884345
9061,0,0,0.039295593691905335,0.00013489973,0.002418921,0.040310413
9062,0,0,0.06278144963093336,0.0021484995,0.04511212,0.062285624
9063,0,1,0.0059512723783162495,1.282398e-07,9.635448e-09,0.007440093
9064,0,1,0.025863346868668025,1.1807476e-06,1.981863e-07,0.024838598
9065,0,1,0.10128857991499708,0.0012872221,0.00041519248,0.110383086
9066,0,0,0.019593770783771055,1.7071818e-05,0.00040965923,0.021653162
9067,0,0,0.07204172669347246,0.012341435,0.20900708,0.07170792
9068,0,1,0.26261856145885326,6.672117e-05,8.957413e-06,0.06811168
9069,0,0,0.018964728384903366,1.4738804e-06,5.749216e-05,0.020920938
9070,0,1,0.04731938880381116,0.061019577,0.009094718,0.05744759
9071,0,0,0.003205944071588474,2.8850532e-06,1.8290484e-06,0.002221289
9072,0,1,0.054437275156404535,0.002008748,0.00023733934,0.056228366
9073,0,1,0.3175615901045885,0.9722582,0.8257396,0.31955618
9074,0,0,0.007747695829212404,7.6976784e-07,2.0751975e-05,0.009341419
9075,0,0,0.01011159570011455,3.4297923e-08,1.569256e-06,0.011076468
9076,1,1,0.33739625664320166,0.97676736,0.9109161,0.33436415
9077,0,1,0.11668420308970373,0.26996785,0.22358795,0.11445486
9078,0,0,0.06140304358829449,0.0006359687,0.028139383,0.06138194
9079,0,1,0.12453253787623839,0.15446031,0.0037175016,0.122185126
9080,0,1,0.37428281070902786,0.98380363,0.93646026,0.37177092
9081,0,1,0.0895802545131011,0.014650295,0.0018544216,0.088568226
9082,0,1,0.011165576172899238,6.195057e-06,6.564099e-07,0.013682204
9083,0,1,0.0008605439016430759,3.0396928e-13,7.8990456e-15,0.0010597203
9084,0,0,0.026046314445268177,1.5615542e-05,0.00034421042,0.026337054
9085,0,1,0.06960167829431493,0.00045531266,6.2033105e-05,0.07164029
9086,0,1,0.4476048671476107,0.99893194,0.9943838,0.44799104
9087,1,0,0.9971532236772601,1.0,1.0,0.9968729
9088,0,1,0.6838971703570862,0.9996098,0.9990243,0.67147094
9089,0,1,0.1867417831150439,0.12401848,0.041509412,0.1935881
9090,1,1,0.8439027973721219,0.99999726,0.9999887,0.84276414
9091,0,0,0.010061970323966149,1.5682997e-05,0.00029287426,0.01253833
9092,0,1,0.3130050873003016,0.9471387,0.80673957,0.309467
9093,1,1,0.9882846086527608,0.99996305,0.98503345,0.9890732
9094,1,0,0.8368815104825003,0.99943835,0.999833,0.82240635
9095,1,1,0.872409926636921,1.0,1.0,0.8732372
9096,0,0,0.0007568010604822071,3.8102684e-08,1.8824853e-08,0.0006717152
9097,0,1,0.16859332828405518,0.46171996,0.11781409,0.1726025
9098,0,1,0.1059939009699675,0.00033911032,4.9898394e-05,0.102105886
9099,0,1,0.1656757542343482,0.05633257,0.00835331,0.16732027
9100,1,1,0.6102360906873077,0.9999428,0.9997533,0.611578
9101,0,0,0.0017496832641861594,4.024413e-09,3.7532995e-08,0.0021718391
9102,0,0,0.05109553126479857,0.002347115,0.077844255,0.057508804
9103,1,1,0.7196359354558848,0.9999784,0.9999504,0.7209871
9104,0,0,0.0051788199367498134,4.2641436e-06,3.0480014e-05,0.0066474443
9105,1,1,0.7305686194303889,0.9999875,0.999992,0.7277158
9106,0,1,0.009881469826632183,1.9118925e-05,4.5594993e-06,0.012561576
9107,0,1,0.2817093060489349,0.8623749,0.66906136,0.29228652
9108,0,0,0.017374528889678557,4.270855e-06,0.0002790587,0.017938174
9109,0,0,0.0025039531128573356,7.9366895e-09,1.2519436e-07,0.0030768642
9110,0,1,0.14713464170264348,0.32569137,0.14257437,0.15186192
9111,0,1,0.13773135321345,0.06280011,0.032401856,0.13611074
9112,0,0,0.002639385970055529,4.199438e-07,1.1400492e-05,0.003595768
9113,0,1,0.30423771320040155,0.31835636,0.018134665,0.31387275
9114,0,1,0.006657152413573104,1.121059e-06,2.5719098e-07,0.008474815
9115,0,1,0.10552952035674464,0.0045932448,0.002814649,0.12931773
9116,0,0,0.18489546989595382,0.5232261,0.9777068,0.1904033
9117,0,1,0.015272462921128787,2.461497e-05,5.219649e-07,0.01411938
9118,0,1,0.7562636444410087,0.99999046,0.99999404,0.7532113
9119,0,0,0.03979607095729252,0.00038205058,0.003761586,0.041685198
9120,0,0,0.054947048944380454,4.1367024e-05,0.0004181516,0.057386618
9121,1,1,0.3069098731471208,0.8835098,0.5261821,0.31239066
9122,1,0,0.995171312627563,1.0,1.0,0.99460983
9123,0,1,0.7563548937442511,0.9999963,0.99998987,0.7613216
9124,1,1,0.9607264763405523,1.0,1.0,0.9606546
9125,1,0,0.14797357818717669,0.5097965,0.99525696,0.18904592
9126,0,0,0.021051584933397288,9.904178e-06,0.0002595655,0.02226481
9127,0,1,0.31673866161976855,0.905522,0.69163805,0.314883
9128,0,1,0.011008701020366088,2.7587866e-05,4.0920913e-06,0.013381449
9129,0,1,0.01828015470172837,2.8410452e-06,1.8591531e-07,0.018221872
9130,1,0,0.6409747647644061,0.9999831,0.9999999,0.6384698
9131,0,1,0.34256169531797204,0.8457524,0.45338398,0.34845984
9132,0,1,0.04645458763191974,0.00022965006,4.1767384e-05,0.046623293
9133,0,1,0.060549099079002536,0.00057334936,0.0001339641,0.063189834
9134,0,1,0.48580691147677524,0.9922105,0.9781707,0.48656836
9135,0,1,0.18861067623114544,0.6698183,0.50195724,0.183359
9136,0,1,0.6206890681240921,0.9993625,0.9920087,0.6207963
9137,0,1,0.004966573355805484,7.477757e-07,1.8072484e-07,0.006749553
9138,0,1,0.12127512218321584,0.12360352,0.0027647465,0.11786623
9139,1,1,0.3148248963700624,0.8952539,0.663986,0.31476864
9140,0,0,0.06528339635194133,0.0015359094,0.014045139,0.068910085
9141,0,1,0.48596145206205965,0.99531114,0.9880633,0.50284135
9142,0,1,0.0539269240966604,0.00014329731,2.6062999e-05,0.060582697
9143,0,0,0.025888320359178523,0.00033275207,0.021938385,0.032201946
9144,1,1,0.9963105677671887,1.0,1.0,0.9960323
9145,0,0,0.015588649219553039,9.292572e-08,4.353362e-06,0.015907781
9146,0,1,0.18234087828930878,0.37616396,0.05566565,0.18926646
9147,0,0,0.861873370860636,0.9999982,1.0,0.85501313
9148,1,1,0.8413437621891502,0.99999714,0.9999889,0.83759385
9149,0,0,0.0021794466290045167,1.8991688e-08,1.7714854e-07,0.0027412586
9150,0,0,0.07741821018914359,0.008280502,0.10118295,0.077533126
9151,0,0,0.05021162577231554,0.001227998,0.026810681,0.05260146
9152,0,1,0.028632896961147337,1.4315534e-05,7.4200566e-06,0.030615149
9153,0,0,0.03292418196490989,9.201732e-05,0.0009972252,0.03286928
9154,1,1,0.8535237842792253,0.99998057,0.999931,0.84552926
9155,1,1,0.3726426220259055,0.94840616,0.8062227,0.3780596
9156,0,1,0.18247552807244236,0.013352973,0.0053421967,0.17768314
9157,1,1,0.8232803414942572,0.9999982,0.99999034,0.82053894
9158,0,1,0.05633720564166121,6.2306586e-05,2.5154794e-05,0.05481509
9159,0,1,0.49672340316281066,0.9994623,0.9967847,0.5007993
9160,1,1,0.6513913296705239,0.9994799,0.99959826,0.64985293
9161,0,1,0.09116506767338413,0.014583523,0.0016976309,0.09437511
9162,0,1,0.02605167649449934,1.5636328e-05,1.5897631e-06,0.025385726
9163,0,0,0.0013106146244960496,6.6938795e-11,2.1883484e-09,0.0019262139
9164,1,1,0.4358048963244582,0.9990404,0.9966414,0.43374377
9165,0,0,0.0013210016166001301,8.849711e-09,5.0947654e-07,0.002314886
9166,0,0,0.21453159054154566,0.035095103,0.7522172,0.21134569
9167,0,0,0.005410400082304691,6.41325e-11,3.481046e-09,0.0053941035
9168,0,1,0.004059545639353716,9.963848e-08,1.8812614e-08,0.0052000624
9169,0,1,0.02599408702653961,5.860741e-05,4.80418e-06,0.025552958
9170,0,1,0.04321196501409854,0.0001203151,2.2581247e-05,0.041764107
9171,0,0,0.008848704513592308,6.943519e-08,5.995307e-06,0.009473642
9172,0,1,0.3483973908157524,0.9907184,0.952906,0.35104263
9173,0,0,0.00033392551565650133,1.7983392e-13,2.1135697e-12,0.00045397264
9174,0,1,0.05018311638406747,0.00013770045,1.6644277e-05,0.051551826
9175,0,0,0.08423965091595627,0.008399456,0.17421941,0.0849079
9176,0,1,0.13858367203599914,0.015498212,0.0007762878,0.13995494
9177,0,1,0.43298567344850636,0.9884653,0.94393563,0.43429717
9178,0,0,0.013490689120259483,3.7254879e-06,2.8135513e-05,0.01347862
9179,0,1,0.0024900003528390453,7.984686e-09,7.977735e-11,0.00298666
9180,0,1,0.8504520172650348,0.99952453,0.9995813,0.55514586
9181,0,1,0.18559047070835547,0.13465975,0.02159479,0.18755946
9182,0,1,0.679356035214722,0.9999666,0.9999291,0.6814431
9183,0,1,0.00476333993741583,1.6305059e-10,6.5468284e-11,0.0049077664
9184,0,0,0.03255781357549083,0.00051356625,0.003499951,0.034502245
9185,0,0,0.004026498402048517,9.733832e-08,1.0625042e-06,0.0050150766
9186,1,1,0.31111327177898895,0.91405874,0.6266558,0.3141294
9187,0,1,0.0024294265999869123,2.1838395e-10,1.1985133e-11,0.0029764161
9188,0,0,0.033078959014251584,0.00022305474,0.0025252262,0.032791782
9189,0,0,0.010314821716131569,1.1025875e-06,7.993502e-06,0.010247442
9190,0,1,0.3048736238004098,0.990573,0.9464384,0.31615892
9191,0,1,0.0577162020514062,0.0058350265,9.187213e-05,0.055772576
9192,0,1,0.18132113449832962,0.1267201,0.021102445,0.18209842
9193,0,0,0.010340084430429866,0.00038502747,0.007942757,0.023346307
9194,0,0,0.011013759263347222,0.0024910104,0.03100264,0.024087476
9195,0,1,0.07915850414789379,0.00069322047,9.469585e-05,0.07682701
9196,1,1,0.5183781769951858,0.9996207,0.99834895,0.5208373
9197,0,1,0.18803162586231553,0.44927782,0.075642854,0.19584686
9198,0,0,0.061061579261830125,0.0012552626,0.20406,0.058350395
9199,0,1,0.011559830081948426,5.326368e-09,4.5679677e-10,0.011053078
9200,1,1,0.998586760965095,1.0,1.0,0.9984458
9201,0,1,0.21561403460630457,0.8779943,0.76850116,0.26252538
9202,0,1,0.20813437670910884,0.36204815,0.029735314,0.21015628
9203,1,1,0.7540993263298871,0.99996674,0.9999473,0.7551231
9204,0,1,0.12029670243725407,0.0019404477,8.67525e-05,0.122124985
9205,1,1,0.5706837065201614,0.99972266,0.9990295,0.5692221
9206,0,0,0.001544621120312721,7.613777e-10,3.5503547e-08,0.002052714
9207,0,0,0.0031245666921800403,1.03282055e-07,6.562033e-07,0.003961593
9208,1,1,0.5782175538104145,0.9999385,0.9997451,0.57754153
9209,1,1,0.7317386489222921,0.9999895,0.99995613,0.734952
9210,1,1,0.6378828382912025,0.9998143,0.9995148,0.63946843
9211,1,1,0.8721556317912086,0.9999999,0.9999999,0.8746388
9212,0,0,0.002959741665646905,1.7405462e-08,3.101614e-07,0.003868182
9213,0,0,0.031137323642935682,2.9024259e-05,0.00077291636,0.03322759
9214,1,1,0.7798961513166461,0.99999905,0.99999905,0.7801043
9215,0,1,0.006094708075631292,1.5404327e-09,2.7250943e-10,0.0064371754
9216,0,0,0.01790396014744424,1.8041228e-06,3.5536286e-05,0.017353347
9217,0,1,0.276479996305275,0.70018744,0.2351012,0.27647892
9218,0,0,0.0024057624226000523,1.6585794e-07,6.0981165e-06,0.00379947
9219,0,1,0.025582109172723643,1.833067e-05,5.2138216e-06,0.024143288
9220,1,1,0.1577495318078419,0.43982574,0.26423603,0.15341435
9221,0,1,0.017124408475342943,2.9425733e-08,1.1939535e-09,0.016730446
9222,0,1,0.17268098409262994,0.5482859,0.19982493,0.16800131
9223,0,0,0.027107338495060973,0.00010855166,0.0005264367,0.029482463
9224,0,1,0.5994178853619657,0.99979556,0.9994635,0.6140767
9225,1,1,0.4038623231912271,0.9915351,0.9635392,0.4044747
9226,1,1,0.2424393152821517,0.55284506,0.20798402,0.24119163
9227,1,1,0.4384542383352251,0.99833834,0.9960337,0.453616
9228,0,0,0.00443566380932714,1.3377819e-09,2.6455308e-07,0.00457254
9229,0,0,0.009567309872724404,0.00010208303,0.0008602733,0.012255732
9230,0,0,0.06160681737187225,0.0021017462,0.039617117,0.06281351
9231,0,0,0.023909815256704242,4.347216e-05,0.00056232227,0.024765074
9232,0,1,0.048782724986296974,9.556889e-05,2.1932774e-05,0.04626151
9233,1,1,0.026295985467543137,6.292333e-05,5.740297e-05,0.03298565
9234,0,1,0.2695020504077439,0.7213427,0.28806818,0.27201247
9235,0,0,0.04101668788360159,8.566972e-05,0.002507578,0.04026489
9236,1,1,0.3978738653573354,0.9965341,0.98670626,0.39519066
9237,0,0,0.003332051328278787,2.3207757e-08,2.3909521e-07,0.0041439445
9238,1,1,0.5371224588698462,0.9976853,0.9961874,0.5345052
9239,0,0,0.0057719612631374415,3.4729837e-05,0.00030559677,0.0123131955
9240,1,1,0.08985948275111597,0.0055373986,0.0076801293,0.09288146
9241,0,1,0.18140237963385608,0.03584018,0.0019534437,0.18475658
9242,1,1,0.7794336544482168,0.9999995,0.9999988,0.78443897
9243,1,0,0.4078310651783571,0.9624176,0.99990094,0.39228916
9244,0,0,0.010177840689056252,3.839483e-06,0.00021727741,0.013646941
9245,0,1,0.002761181700348772,2.3722385e-12,3.6090355e-13,0.0026630457
9246,1,1,0.4867102310187054,0.99898535,0.9953122,0.48710158
9247,1,1,0.23244680420974134,0.960226,0.9313135,0.24139018
9248,0,1,0.09629504216747503,0.015182717,0.000885337,0.10119325
9249,0,1,0.13826396676144884,0.19063494,0.030047286,0.1366624
9250,1,1,0.5628774648399608,0.99431616,0.9979874,0.5531776
9251,0,0,0.04955220555766758,0.010859685,0.06997104,0.05193298
9252,0,0,0.020782224164484484,2.4766335e-08,3.430877e-06,0.0063175065
9253,0,1,0.1814135393680776,0.35774964,0.05051876,0.1876129
9254,1,0,0.67320946781209,0.9989453,0.99999595,0.6506996
9255,0,1,0.7478947673853267,0.999997,0.9999937,0.74834704
9256,0,1,0.17634791128189473,0.32262337,0.055570118,0.17764194
9257,0,0,0.0009650901905233732,2.0683507e-11,8.1552515e-10,0.0012770211
9258,0,0,0.0038042155388734824,9.721417e-07,6.6735e-06,0.004854316
9259,1,1,0.732188202728035,0.99999523,0.9999845,0.73702717
9260,0,1,0.003364445587207591,6.996309e-08,7.480615e-09,0.0041116397
9261,0,0,0.003347912263525203,4.460519e-09,1.4551442e-07,0.003083216
9262,0,1,0.0010050962912748903,8.576325e-12,3.5565632e-12,0.0012921287
9263,0,1,0.029492483283415014,2.130434e-05,5.4465254e-06,0.029928794
9264,1,1,0.9706313173091514,1.0,1.0,0.9687461
9265,0,0,0.0027713314448753646,3.008533e-10,5.1311797e-08,0.0028562134
9266,0,0,0.03277826680186208,1.8470613e-05,0.0005518642,0.033452116
9267,0,0,0.37710943701171884,0.8436094,0.99646425,0.37069717
9268,0,0,0.07511354505721991,0.0035268539,0.17197447,0.07461505
9269,0,0,0.02725727381391504,4.7220998e-05,0.00027039408,0.028927755
9270,0,1,0.025551357122908954,2.0324653e-05,1.0784999e-05,0.024931774
9271,1,1,0.5633886150002808,0.9980565,0.9960413,0.5570201
9272,0,0,0.016973227325636452,4.1750616e-05,0.0003035421,0.018085748
9273,0,0,0.00780137188062518,4.0015443e-08,1.3902803e-06,0.008342774
9274,0,0,0.053674822200041904,0.0003512095,0.0072856653,0.056163963
9275,0,1,0.011385105592186301,4.5094615e-07,1.0448775e-07,0.012003673
9276,0,0,0.053440011767217285,0.00021186395,0.003859779,0.05312523
9277,0,1,0.03713194713011567,0.00070683757,1.2830204e-05,0.037093967
9278,0,0,0.046199266690711234,0.008408329,0.07320308,0.04621544
9279,1,1,0.5949010324926578,0.99908924,0.9892241,0.592553
9280,1,1,0.13933941736814617,0.01631465,0.015289609,0.14630799
9281,0,1,0.28272744568202796,0.7178705,0.1812081,0.28987506
9282,0,0,0.000666055823183035,1.2121144e-10,4.841033e-10,0.0008457118
9283,0,1,0.005434792994116436,3.1582152e-07,3.6725947e-07,0.006758625
9284,0,0,0.01731351155626867,0.00057051086,0.0066003,0.021973725
9285,1,1,0.2902616763833746,0.9662837,0.9217883,0.29436445
9286,0,0,0.03163423486543485,0.0012940346,0.012363594,0.030656807
9287,1,1,0.13870995831782332,0.055942085,0.008042867,0.13835588
9288,0,1,0.002773841047573609,5.4652154e-09,3.9368206e-10,0.0034262384
9289,0,1,0.24414478469849735,0.98874205,0.6926679,0.23953643
9290,0,1,0.007433692787555374,9.261089e-06,1.1380074e-06,0.015257654
9291,0,1,0.3600679200336839,0.9922618,0.9773901,0.35852167
9292,0,1,0.1305981101107477,0.037685048,0.0059945364,0.12879379
9293,1,1,0.25077866632794477,0.9244968,0.61798966,0.25162798
9294,0,1,0.1763139837321509,0.09056854,0.03125917,0.18257362
9295,0,1,0.014556883802808143,6.0392244e-07,2.6234313e-08,0.015522589
9296,1,1,0.9109588966352105,0.9996358,0.9987728,0.8991463
9297,1,1,0.6266175473770521,0.999493,0.99915826,0.62184435
9298,1,1,0.4069597058820199,0.9949707,0.9816341,0.40466446
9299,0,0,0.06472804681071334,0.00013062051,0.0029052773,0.06323219
9300,0,1,0.0651085262248968,0.006527847,0.00059668644,0.066779405
9301,0,1,0.23718694875667523,0.10461531,0.02722653,0.23405333
9302,1,1,0.835125512829304,0.9999926,0.99997294,0.83352435
9303,0,1,0.7209030056801938,0.999871,0.9994493,0.72043943
9304,0,0,0.1746417377018638,0.076658085,0.73377377,0.09435468
9305,0,1,0.02938161545225336,1.3004649e-05,4.2269094e-05,0.031199755
9306,0,0,0.002251162444691058,4.410733e-08,9.926957e-07,0.00307711
9307,1,1,0.87609393295254,0.99999976,0.99999857,0.87420166
9308,0,1,0.38480114107100843,0.99547946,0.9837014,0.3835839
9309,0,1,0.0025535029571732903,3.8143457e-09,4.762538e-09,0.003408903
9310,0,0,0.012788780705581726,1.4379253e-05,0.00017212048,0.01257276
9311,1,1,0.9525199138504481,1.0,1.0,0.95188385
9312,1,1,0.5889332651005085,0.99918216,0.9978125,0.5908277
9313,0,0,0.18102404292476,0.24227698,0.98235154,0.18954644
9314,1,0,0.5048846933502721,0.9998884,0.99999905,0.4978674
9315,1,1,0.5669599242990861,0.99992394,0.99954766,0.57166004
9316,0,1,0.01965131959797733,8.28129e-07,7.662005e-08,0.019201104
9317,0,1,0.0033741930600109772,1.13380105e-08,2.8713059e-09,0.004333358
9318,0,1,0.005851536238199293,1.9049209e-06,4.306464e-07,0.0074514686
9319,0,1,0.08591124186386252,0.037212335,0.013295638,0.09103255
9320,1,1,0.45978153687011786,0.9995552,0.9946572,0.46594825
9321,1,1,0.4344543297175919,0.9993563,0.9986248,0.44305834
9322,0,0,0.03825972329964989,0.00084672787,0.012293465,0.03606398
9323,0,1,0.03837926071465063,0.00012044893,7.0295937e-06,0.04119973
9324,1,1,0.5201470518466217,0.9985802,0.9976432,0.5156712
9325,1,1,0.6235020423060859,0.99965465,0.99902976,0.6276108
9326,0,1,0.5929889149778884,0.99897134,0.99527067,0.59877014
9327,1,1,0.3112804831750426,0.9601786,0.79532146,0.31178442
9328,0,1,0.011462214873254575,1.556327e-06,2.5561428e-07,0.012437331
9329,0,1,0.3266455799541288,0.98010284,0.8980359,0.3273498
9330,0,0,0.014753294358464899,4.8766316e-05,0.0005172858,0.0149662085
9331,0,0,0.049120397116622846,0.0064380537,0.066698425,0.051187105
9332,0,1,0.17255780150655534,0.92239887,0.3318174,0.16813724
9333,0,1,0.0783141839014183,0.0014513998,0.00033914653,0.082466714
9334,1,1,0.5263950650571227,0.9325883,0.82918817,0.5191063
9335,0,0,0.13261895322979833,0.08876387,0.8194503,0.14297283
9336,1,1,0.5180398296366551,0.9998673,0.9996388,0.52132493
9337,0,1,0.03603303727880858,0.0008096518,9.012281e-05,0.034779128
9338,1,1,0.7014933578952725,0.9981135,0.98941386,0.69390863
9339,1,1,0.6818647233641731,0.9999846,0.9999484,0.68547285
9340,0,0,0.009538674075663332,1.9034863e-06,3.1466152e-05,0.01191966
9341,0,1,0.36638471837070535,0.9906245,0.9792203,0.38613218
9342,0,1,0.038715535225868854,0.0003377501,9.916408e-05,0.040774643
9343,0,0,0.09967878616364954,0.018148184,0.26296622,0.09527264
9344,0,0,0.008935970756056151,4.820835e-07,4.3431155e-06,0.009134445
9345,1,1,0.7963964291656701,0.99969596,0.99590516,0.78959954
9346,0,0,0.0004304598770349477,2.5189892e-13,8.567987e-12,0.0005633372
9347,0,1,0.09373678582290261,0.0006356415,0.0018238235,0.09674879
9348,0,1,0.05725820962223792,2.013413e-05,8.782595e-06,0.016503531
9349,0,0,0.05698254679652068,0.025132261,0.21797587,0.05722778
9350,0,1,0.025798316666771272,5.4623542e-06,5.6083713e-06,0.025677104
9351,0,0,0.0018659611277275436,1.3524519e-07,2.4900692e-07,0.002239262
9352,0,0,0.017984739643272487,5.7347497e-05,0.00042882687,0.017920064
9353,0,1,0.02427676629263416,9.933805e-06,1.0260618e-06,0.023573877
9354,0,1,0.5527643349019701,0.999894,0.99960256,0.555864
9355,1,1,0.2872385230073887,0.9677041,0.91394854,0.30956593
9356,1,1,0.36004075651640277,0.9418631,0.6738039,0.35536242
9357,0,0,0.000762272962064645,4.1510326e-11,1.731106e-09,0.0010040088
9358,1,1,0.9835190726403482,1.0,0.99999976,0.9830479
9359,0,1,0.011627610815783443,2.306063e-07,1.459173e-07,0.0118161095
9360,0,0,0.0034647266558256694,1.5871901e-08,1.5989606e-07,0.0041356585
9361,1,0,0.5952012317864211,0.9999608,0.9999999,0.5841708
9362,1,1,0.9770524505057051,1.0,1.0,0.97681034
9363,0,0,0.005201987832785719,2.312941e-08,1.1012708e-06,0.0063183033
9364,0,0,0.04323519399886657,0.00035796984,0.010077055,0.045860015
9365,0,1,0.006433701055731394,7.4759384e-07,1.09806116e-07,0.013023112
9366,0,1,0.07379409736064416,0.0009232382,0.00027687394,0.07987843
9367,1,1,0.42795417044610573,0.970849,0.8613929,0.41416758
9368,0,1,0.021754173671573188,3.652901e-06,8.0448484e-07,0.022137187
9369,0,0,0.016008485275040066,5.1603624e-06,6.545577e-05,0.016540553
9370,1,1,0.27658143540291896,0.79439324,0.44339025,0.27666292
9371,0,0,0.033133787501563455,4.5908022e-05,0.0009535291,0.034752943
9372,1,0,0.4198702266800698,0.9706847,0.99986863,0.41306937
9373,0,1,0.6545401318711582,0.99997544,0.9999293,0.6559598
9374,0,1,0.49175165493296624,0.9988666,0.99415356,0.49254224
9375,0,1,0.5966797755236047,0.99945587,0.9995928,0.59215814
9376,1,1,0.46969991562660707,0.995548,0.9840985,0.48070523
9377,0,1,0.30067759395334787,0.85453665,0.07753793,0.29295447
9378,0,0,0.01463162967654469,2.2462086e-06,2.615929e-05,0.0151797645
9379,1,1,0.44258229563154533,0.9991423,0.9968514,0.43844378
9380,0,1,0.5356291810722813,0.9995234,0.9981148,0.5445957
9381,0,1,0.03048686150542007,4.8866405e-05,5.0235085e-06,0.029726133
9382,1,1,0.20007096795533072,0.82263595,0.088524766,0.19599397
9383,0,0,0.006649372992962363,3.0208753e-08,1.6966975e-06,0.0071034194
9384,1,1,0.20998369681258497,0.67062557,0.39624023,0.20637608
9385,0,0,0.001451352450085093,4.1368786e-10,3.43725e-09,0.0018008796
9386,1,1,0.9214650789130591,0.9999902,0.9998176,0.9195543
9387,1,1,0.35624057354585587,0.98292226,0.9116983,0.35920647
9388,1,0,0.6271110850513016,0.9990696,0.9999994,0.61946476
9389,1,1,0.9999999999999958,1.0,1.0,1.0
9390,0,0,0.002274297868158411,2.3585773e-08,1.1949957e-07,0.002973019
9391,0,1,0.013725451903607664,2.2590013e-06,2.3702705e-06,0.013607082
9392,1,1,0.17027510788977737,0.20067061,0.021247888,0.17831834
9393,0,1,0.13444487307110825,0.003130406,0.0005130975,0.13798371
9394,0,1,0.6152911165939239,0.9995436,0.9981542,0.62202364
9395,0,1,0.14430426012686098,0.44242975,0.07071956,0.14778581
9396,0,1,0.5068734802604483,0.99741995,0.98024654,0.5121829
9397,1,1,0.7384217650521905,0.9999958,0.9999821,0.7421952
9398,0,0,0.007724931659999774,2.6037588e-09,4.0500417e-08,0.0075856433
9399,0,1,0.7876349120216403,0.99998987,0.99990964,0.78469074
9400,0,1,0.007886261987715646,4.422752e-06,4.801487e-07,0.009721111
9401,0,0,0.0026358987656510944,5.297091e-12,8.8525254e-10,0.002882407
9402,0,1,0.029771123671253168,2.606188e-07,9.268476e-09,0.03078368
9403,0,1,0.12088499659284538,0.04108236,0.019414047,0.12401006
9404,0,1,0.3728509427043797,0.99083394,0.9537164,0.37576696
9405,0,1,0.14278577828006414,0.09015872,0.009144041,0.14410089
9406,1,1,0.6639363641757956,0.99998915,0.99999034,0.6669731
9407,0,1,0.3533857125890209,0.9835924,0.93225515,0.35073876
9408,1,1,0.8864685947678624,0.9999876,0.9998622,0.88408554
9409,0,1,0.15408431025808414,0.34480304,0.13439903,0.15691802
9410,0,0,0.04332009879201818,0.00019827855,0.0037275157,0.04530671
9411,0,1,0.15150237906069042,0.21337561,0.015965106,0.07400336
9412,0,0,0.020156686080040464,8.798053e-06,0.00013904959,0.021710252
9413,0,0,0.049121253824687544,0.024988549,0.4559375,0.05946377
9414,0,1,0.16903449811526203,0.15989728,0.041251842,0.1694997
9415,0,1,0.09564291848180353,0.0021203293,0.0005671311,0.09974121
9416,0,1,0.30060684212128724,0.98853976,0.9387191,0.30102482
9417,0,1,0.07563977986934406,1.10970195e-05,5.654659e-07,0.07709261
9418,0,1,0.03565030867616343,0.0010455229,7.204827e-05,0.045782108
9419,0,1,0.0015070538650975378,2.3044016e-09,8.2275897e-10,0.0033453223
9420,0,1,0.7380310193812369,0.999666,0.99686533,0.7356476
9421,0,0,0.04548344262013091,0.0010377133,0.02660725,0.045941915
9422,0,1,0.3450844115305279,0.88998526,0.7227396,0.3451221
9423,0,0,0.005695527279110114,4.4019566e-06,6.0520633e-06,0.0040108897
9424,0,0,0.03445168140054341,3.1731026e-05,0.0057775313,0.0361203
9425,0,1,0.37887148206089244,0.9951686,0.97167,0.37919438
9426,0,1,0.006872500527379268,1.0361864e-06,1.1584732e-06,0.009572871
9427,0,1,0.1524106284312529,0.18313427,0.06058371,0.14909752
9428,0,1,0.06756309826071971,0.0034845828,0.000204605,0.0729146
9429,0,1,0.22896948095838532,0.87181866,0.56301147,0.22637725
9430,0,0,0.0015123257418920755,4.7836317e-13,1.845477e-11,0.00159959
9431,0,0,0.0231085461038608,0.000103977094,0.0022463666,0.023559442
9432,0,1,0.26736512268400586,0.8270917,0.62635654,0.27478924
9433,0,0,0.02668415683916037,2.7915048e-05,0.0018142064,0.027454184
9434,1,1,0.7775006662983547,0.9999747,0.99995494,0.77346
9435,0,1,0.12942246110907668,0.01719201,0.049030308,0.1325642
9436,0,1,0.5219378384096353,0.9978612,0.99044,0.5322502
9437,0,1,0.0037080618663625172,6.4870056e-07,9.010789e-09,0.007342774
9438,0,0,0.011724070515465068,0.00020722802,0.001780826,0.015128653
9439,0,0,0.0013833987961550602,2.0656065e-11,6.3081435e-10,0.0014412338
9440,0,0,0.0038892202638314984,1.2835917e-08,1.6578551e-06,0.0047434075
9441,0,1,0.21573480858520186,0.37138692,0.078457735,0.21795946
9442,0,1,0.013723988253885815,2.3244343e-06,3.2649996e-08,0.012869016
9443,0,1,0.16702308623606932,0.4097181,0.058855794,0.174643
9444,0,0,0.0037626141596453612,3.3386982e-06,4.124688e-05,0.004671741
9445,0,1,0.0029213795481397337,5.2252105e-09,3.5838783e-11,0.0033260046
9446,0,1,0.29934897534093485,0.88021064,0.6630389,0.31286544
9447,1,1,0.44049737697335467,0.99546635,0.97713965,0.44021407
9448,0,0,0.23604351995209608,0.93678415,0.9970305,0.24495095
9449,0,1,0.049400962295543215,0.00014027103,1.0894608e-05,0.051005006
9450,0,1,0.0011726592709984751,9.4878185e-09,4.93831e-11,0.0007818439
9451,0,0,0.10669689044037511,0.08539138,0.54049075,0.108671844
9452,0,1,0.17412947388248265,0.84747976,0.52915597,0.17741652
9453,0,1,0.19701849911271377,0.91089433,0.1927897,0.19530743
9454,0,1,0.056901402339645496,0.0030324648,0.0025814935,0.11107207
9455,1,0,0.35352766111262024,0.9983059,0.99998987,0.34387523
9456,0,0,0.0031973947912170494,5.345076e-08,9.324731e-07,0.003936867
9457,0,1,0.009090912528608174,2.4775442e-09,5.5442646e-09,0.010241031
9458,0,0,0.8705291687978428,1.0,1.0,0.8662913
9459,0,0,0.021419559303469914,2.0109701e-05,0.00026028568,0.022152314
9460,0,1,0.1745032723945225,0.6234118,0.13226005,0.17880929
9461,0,1,0.41984450869119955,0.9886751,0.96836096,0.4197027
9462,0,1,0.18149110395002443,0.37896737,0.05783183,0.18893684
9463,1,1,0.5844869965722368,0.99900395,0.9912053,0.579996
9464,0,0,0.0026162535005980567,3.7566137e-09,3.6169077e-08,0.0032515766
9465,1,1,0.6305213823314936,0.99976367,0.9993923,0.6274533
9466,0,1,0.0257722660600109,0.00028527633,0.00037944803,0.026483491
9467,0,1,0.5248296373594064,0.99854326,0.9950475,0.5251318
9468,0,0,0.024819351999331038,0.00013951841,0.0019031054,0.02529731
9469,0,1,0.3804710006030568,0.99590564,0.97679013,0.3782318
9470,0,1,0.0035235861021833633,1.4504441e-08,9.0133456e-10,0.0043616383
9471,1,1,0.7432474542463722,0.9999796,0.9999858,0.74302644
9472,0,0,0.0074268054581617384,3.7143863e-08,6.45395e-07,0.0071328944
9473,0,1,0.024052607021983138,8.997164e-06,9.17787e-07,0.023398185
9474,0,1,0.16841469599734413,0.048285052,0.0143933855,0.1758724
9475,1,1,0.9959308695391826,1.0,1.0,0.9956463
9476,1,1,0.37677389835858777,0.9872028,0.95303065,0.3751197
9477,1,1,0.7690274881255589,0.9999951,0.9999807,0.772321
9478,0,1,0.10476466554602953,0.12498492,0.011946528,0.10736653
9479,0,1,0.05657792615996369,0.002229537,0.00056335976,0.05758082
9480,0,1,0.16720123924742641,0.35800236,0.09317264,0.16540743
9481,0,0,0.0007957209280391667,5.9430147e-12,1.6133206e-11,0.0017383089
9482,0,0,0.00045235181824644237,1.3980114e-11,3.9204626e-10,0.0005904121
9483,0,0,0.007036167036065875,4.7437645e-08,1.676796e-06,0.00657879
9484,0,0,0.003779745072307254,7.4063167e-10,3.4504545e-08,0.0039355042
9485,0,1,0.00035384739659298194,1.7495742e-14,5.78041e-15,0.00044675058
9486,0,0,0.16300836933018323,0.23467825,0.88126546,0.16898525
9487,0,1,0.09924788889631998,0.060305126,0.009081234,0.09726778
9488,1,1,0.40883622426611277,0.99909544,0.99500835,0.4123423
9489,0,0,0.0070494714440026435,1.7144235e-07,7.1120016e-06,0.00924454
9490,0,1,0.0029789520649125076,8.383362e-08,9.835422e-10,0.003542825
9491,0,1,0.11402014302013837,0.036350716,0.051320918,0.11728268
9492,0,1,0.0004245228892657751,6.709119e-14,2.3176766e-14,0.00053793483
9493,0,1,0.06870277652176286,0.0010118049,9.057667e-05,0.07136543
9494,0,1,0.551593765822079,0.99979067,0.99903244,0.5584301
9495,0,0,0.0004019504500419957,4.14398e-13,1.5507845e-11,0.0005209111
9496,0,1,0.011935086618359472,4.9784063e-07,6.5364574e-08,0.012153203
9497,1,0,0.5876730337068617,0.9950724,0.9999862,0.573641
9498,0,0,0.020791083300344126,1.4370658e-05,0.00019611514,0.02030847
9499,0,0,0.007398195608890011,4.216432e-08,7.801828e-06,0.007271337
9500,1,1,0.5979599583856183,0.99990165,0.99955636,0.60154104
9501,0,0,0.013298659936653546,1.5393164e-07,5.0909466e-06,0.014978312
9502,0,1,0.08793523752785659,0.00028235585,1.13311535e-05,0.08961335
9503,0,1,0.01921205670129761,1.5703292e-05,3.2730793e-06,0.017902952
9504,0,1,0.47610945071358535,0.6207161,0.06596965,0.47416186
9505,0,1,0.022515021482280094,5.61035e-06,5.705338e-07,0.021891654
9506,1,0,0.3157172599988561,0.958268,0.9969645,0.33202142
9507,0,0,0.0075569941339489475,2.2829903e-07,6.738856e-06,0.009544936
9508,0,0,0.03673615861067604,0.0019664518,0.014041859,0.048712466
9509,0,1,0.3044868887285537,0.97702366,0.8563217,0.30603516
9510,0,0,0.18808412838438343,0.23068345,0.99199533,0.19683033
9511,1,1,0.7740337929194628,0.9987202,0.97477686,0.7607501
9512,0,1,0.46230104357359103,0.99933165,0.9965932,0.46363258
9513,0,0,0.008652649592439667,7.20382e-06,7.402977e-05,0.0109352805
9514,0,1,0.02743586982219728,3.0157457e-06,9.2702e-07,0.034604803
9515,0,1,0.2881043617921477,0.92192787,0.6591701,0.28774214
9516,1,1,0.5746027452211258,0.9998354,0.9992642,0.57287043
9517,1,1,0.21243946539726294,0.946111,0.27292013,0.2064315
9518,1,1,0.5889478552072351,0.9993899,0.99969596,0.5834751
9519,0,1,0.5187948720280087,0.99926025,0.996873,0.52223325
9520,0,0,0.0007408277400217549,5.5319607e-12,3.1380307e-10,0.0007299407
9521,0,0,0.12814048901913552,0.37889782,0.90977424,0.1292446
9522,1,1,0.9978752547384757,1.0,1.0,0.9977756
9523,0,0,0.13469457916721472,0.07949216,0.6359182,0.14185688
9524,0,1,0.059973091563547146,0.013271857,0.0019394828,0.058795683
9525,0,0,0.33846199772932356,0.89328223,0.9854659,0.34242156
9526,1,1,0.5832049062466252,0.99940705,0.99811006,0.5904131
9527,0,1,0.26909736906562576,0.75830144,0.33288288,0.26977733
9528,0,1,0.271920906486819,0.85112786,0.46749705,0.2733727
9529,0,0,0.00922685378087934,0.0025456015,0.0244695,0.019239869
9530,0,0,0.0009020727593673347,3.2574327e-10,1.9883566e-09,0.0011325836
9531,1,1,0.9016357701547107,0.99999547,0.9999702,0.8977369
9532,0,0,0.4430231764231708,0.41234806,0.9257341,0.4438651
9533,1,0,0.011991808155568343,0.00028267718,0.0025692254,0.015341293
9534,0,1,0.007524497447364386,6.4989877e-07,8.205625e-08,0.009189785
9535,0,0,0.07044682169261686,0.0043410235,0.034353375,0.0737616
9536,1,1,0.1954591500955323,0.6995411,0.31051677,0.19315729
9537,0,0,0.006342918616109855,8.868073e-06,1.2119536e-05,0.004515212
9538,0,0,0.034171503505565456,9.280928e-06,0.0005003564,0.034324013
9539,0,1,0.06788452304362093,0.0022229997,0.0016588365,0.08894652
9540,0,0,0.004319346114015804,6.3839344e-11,1.4460078e-08,0.0045785215
9541,0,1,0.48823923489362,0.9947859,0.98041236,0.49038178
9542,0,0,0.02330919393098758,8.0946644e-05,0.0010637104,0.023878213
9543,0,1,0.0082809506388111,6.350729e-08,4.438689e-10,0.0079665985
9544,0,1,0.06802328141315828,0.0015903747,0.000107038315,0.068526655
9545,0,0,0.0170578804099534,2.197091e-07,0.0003456553,0.01882869
9546,0,0,0.05545249339833903,0.00011540626,0.0014112963,0.056786295
9547,0,0,0.044898026446290595,0.0007958152,0.008928203,0.046339437
9548,0,0,0.026904492560128525,0.0001799036,0.0036365138,0.030605055
9549,1,1,0.5678411891126178,0.9992912,0.9981084,0.5693193
9550,0,0,0.12455050197698996,0.09922851,0.8891884,0.1254326
9551,1,1,0.7101921722695699,0.9999876,0.9999691,0.706061
9552,0,1,0.2763245686176557,0.6600262,0.19148207,0.27709526
9553,0,1,0.06641706903530017,0.0009828794,0.00014605185,0.06540573
9554,0,1,0.4523713174523859,0.99588686,0.98871696,0.4494168
9555,0,0,0.0005744806240596891,1.6071175e-10,1.4385595e-10,0.00068849785
9556,1,1,0.08515573546988167,0.007862693,0.0010524142,0.08438869
9557,1,1,0.29778137883921924,0.9388349,0.7130056,0.29965138
9558,0,1,0.6733883675495387,0.9999491,0.99987936,0.67554045
9559,0,1,0.00039787631350689457,4.2606424e-13,2.872105e-13,0.0008393583
9560,0,1,0.004050360225177822,3.4835887e-07,4.187849e-09,0.004858635
9561,0,1,0.33099259366992767,0.9925928,0.976532,0.3275899
9562,0,1,0.028090712463519598,6.262466e-06,1.2182739e-05,0.030910663
9563,0,1,0.4056003718832728,0.98917764,0.95516986,0.3935538
9564,0,1,0.016809820144763492,6.4509927e-06,1.3735759e-06,0.016477965
9565,0,0,0.0062869045368071025,3.371372e-09,2.2089006e-09,0.0059783207
9566,0,0,0.0015040613735411215,1.8988154e-10,2.149877e-09,0.0018528495
9567,0,1,0.004472123635210131,4.520079e-07,1.1844925e-07,0.00599285
9568,0,1,0.007285960206273035,9.994964e-07,9.8493985e-08,0.008965621
9569,0,1,0.2688255633424512,0.006094852,0.0037501904,0.26666802
9570,0,1,0.04852929887776126,0.0013692583,0.00024264313,0.0470154
9571,0,1,0.2767605879961967,0.93361104,0.5762643,0.27275023
9572,1,0,0.8091435658396978,0.99994195,0.99999976,0.79569507
9573,0,1,0.04008608590521632,9.644098e-05,9.310564e-06,0.039134376
9574,0,0,0.003067195849272722,7.756012e-10,5.4994526e-08,0.00326012
9575,0,0,0.01767835365580064,2.714409e-06,6.092484e-05,0.01801136
9576,0,0,0.005378357529527443,1.4746396e-09,1.07443064e-07,0.005789354
9577,1,1,0.9514459844931067,1.0,1.0,0.9514857
9578,0,1,0.16404119372702414,0.09594981,0.008524673,0.1666616
9579,0,1,0.18694759579371092,0.59637177,0.13570987,0.18633877
9580,0,0,0.0021203492729301994,8.320252e-11,3.155245e-09,0.0021531496
9581,1,1,0.3014604868430559,0.48372945,0.13162898,0.3055539
9582,0,0,0.0268698108274371,8.31665e-05,0.0016065869,0.027326578
9583,0,1,0.3062150959691197,0.9808507,0.9277919,0.30572557
9584,0,1,0.3185473059646705,0.88478494,0.6116455,0.31593743
9585,0,0,0.11324841627589803,0.078795075,0.55410236,0.11365512
9586,1,1,0.7346144275260841,0.99999714,0.9999932,0.73986554
9587,1,1,0.31760426489740456,0.96250397,0.90069765,0.3269854
9588,1,1,0.4983052518802801,0.9991755,0.9991503,0.5027002
9589,0,1,0.0747087870396747,0.015501298,0.001476078,0.07012339
9590,0,0,0.0030448272343480817,3.435692e-08,3.9666196e-07,0.0037443263
9591,0,1,0.781136763736234,0.9999769,0.9998797,0.7774003
9592,0,1,0.1755168032386986,0.5271472,0.0932293,0.18301064
9593,0,1,0.6588857259217626,0.99973553,0.997511,0.6469042
9594,0,1,0.16680349996785057,0.5265589,0.09213151,0.17105372
9595,1,1,0.9999999999999878,1.0,1.0,1.0
9596,0,1,0.23944195687975145,0.9388254,0.7719232,0.23879488
9597,0,1,0.03803608494676095,0.0003018599,1.9998777e-05,0.038639933
9598,1,1,0.4551947785373982,0.98787725,0.97659576,0.45093328
9599,1,1,0.15983792339582012,0.40105855,0.20589793,0.17114858
9600,0,0,0.11158617974443034,0.05135545,0.8233206,0.109504744
9601,0,1,0.184452551474728,0.6242604,0.20027936,0.18977538
9602,0,1,0.0072788171646919605,1.937486e-05,2.4799903e-07,0.015408122
9603,0,1,0.014711602553381812,1.7849369e-09,3.2718353e-10,0.015248335
9604,1,0,0.5419582554402161,0.9979214,0.99998987,0.5352725
9605,0,1,0.03475453489994293,0.00015082995,1.668372e-05,0.033575036
9606,0,1,0.01643889924577863,7.201888e-05,1.0171151e-05,0.020452682
9607,0,0,0.021260330889877947,0.89306104,0.9417631,0.014658386
9608,1,1,0.5276974613938289,0.9997328,0.99830806,0.5343938
9609,0,1,0.058788678769479664,0.0010504734,0.00074213045,0.060924318
9610,1,0,0.6116896305068191,0.99993825,0.99999964,0.60318804
9611,1,1,0.22108102228125445,0.8915232,0.5570834,0.22730458
9612,0,1,0.06558700479499946,0.0030396814,0.00023148305,0.06592849
9613,0,0,0.03050600881449822,5.4305416e-05,0.0015019515,0.031107135
9614,0,1,0.004019228547056737,1.2198475e-07,1.3473803e-08,0.0049392246
9615,0,1,0.0905791801454491,0.029011408,0.009589165,0.09216899
9616,0,1,0.08472258456089604,0.009117789,0.0064528333,0.08780557
9617,0,1,0.02301430997799311,0.0023918892,0.00025291028,0.028824016
9618,0,1,0.2693923541818139,0.7297609,0.30037823,0.27136707
9619,1,1,0.9099981902774105,0.9999635,0.9986033,0.9019324
9620,0,1,0.20122475794312306,0.044513114,0.040830288,0.20821406
9621,0,1,0.057224681843320246,0.011027836,0.003256422,0.061285276
9622,1,1,0.7807422984963726,0.9999943,0.99996245,0.77320886
9623,0,0,0.01199798555848722,2.9922915e-06,2.129589e-05,0.011979692
9624,0,0,0.09750307764680669,0.013708665,0.64660525,0.09780912
9625,0,0,0.013811411759632908,2.9911253e-05,9.5638825e-05,0.013551794
9626,0,0,0.0030777015477704574,2.59405e-07,1.5152175e-06,0.004034049
9627,0,0,0.11385344089570774,0.046737183,0.7977888,0.110518105
9628,0,0,0.13699400417355193,0.24943875,0.79822373,0.14448594
9629,1,1,0.597357617289283,0.9988238,0.9991373,0.6004822
9630,1,1,0.2601941544715314,0.86836267,0.67890465,0.25696516
9631,0,0,0.02088576238580382,1.5166865e-05,8.7872926e-05,0.022224236
9632,0,1,0.32449470321603446,0.994211,0.9745671,0.32379878
9633,0,1,0.002138805494464996,1.7833113e-08,1.6945535e-09,0.004369485
9634,1,1,0.3960942573506412,0.98874784,0.9493952,0.3924405
9635,0,0,0.006040363518361779,1.682161e-05,0.00013484596,0.0076291882
9636,0,0,0.0013160233328447836,3.1424688e-10,1.5496063e-09,0.0016612783
9637,0,1,0.32164598913227144,0.9706059,0.84239197,0.32393864
9638,0,1,0.15015086095909125,0.22279173,0.08620561,0.1600601
9639,1,1,0.8071521114660626,0.99999905,0.9999962,0.8101795
9640,0,1,0.24447487003436677,0.6698679,0.23408818,0.24602309
9641,0,1,0.0077081865375535985,2.7727488e-06,2.1431111e-07,0.009932503
9642,1,1,0.957939305833634,1.0,1.0,0.9578278
9643,0,1,0.11826304762375514,0.05972696,0.011747401,0.11624473
9644,1,1,0.9957873360916786,1.0,1.0,0.99545056
9645,0,1,0.5873587368377032,0.99923205,0.9892208,0.5836605
9646,0,1,0.14721258191891265,0.25797564,0.007102613,0.14372014
9647,0,0,0.03650786065307339,0.0001706471,0.0040094974,0.03491733
9648,1,1,0.8995578734560099,1.0,1.0,0.9023711
9649,0,1,0.6301882879982119,0.9997173,0.9987974,0.63332224
9650,0,0,0.028911318753091646,1.525128e-05,0.00045454595,0.029696014
9651,0,1,0.2932544658741401,0.8947866,0.47199795,0.2997539
9652,0,0,0.021164127296816437,2.7362661e-05,0.00034210322,0.020789536
9653,0,1,0.05686889492993013,7.6784054e-05,0.00033259823,0.057933614
9654,0,1,0.09813167805959776,0.040163137,0.006573718,0.09548549
9655,0,0,0.019155546197836184,0.0004774743,0.010525018,0.023961859
9656,0,1,0.029895800487040197,7.93799e-05,2.358896e-06,0.030438747
9657,0,1,0.09888471946961341,0.01953922,0.0011675641,0.10363879
9658,0,1,0.004491545119875109,1.9520957e-07,1.0698781e-08,0.005776458
9659,1,1,0.5492062109222469,0.9995447,0.99903995,0.57429516
9660,1,1,0.1200489406765213,0.088643976,0.0099441195,0.12431737
9661,0,1,0.4724695749277985,0.9678771,0.759049,0.4651146
9662,1,1,0.6946911829559589,0.99998236,0.99994147,0.69998634
9663,0,0,0.0030012383793651784,4.1714705e-11,1.5298418e-09,0.0031473162
9664,0,0,0.013849678049259262,2.3007802e-05,0.0002159424,0.014217099
9665,1,1,0.8223960976749889,0.99999976,0.99999976,0.81891245
9666,1,0,0.2136779412863803,0.63725984,0.9554262,0.22512299
9667,0,0,0.12110900968343755,0.32769635,0.862866,0.12099399
9668,1,1,0.6513089040589546,0.8959829,0.20480502,0.64458126
9669,1,1,0.304845283150308,0.89139694,0.7445882,0.31476843
9670,0,1,0.39169282181087245,0.99820733,0.9768777,0.39800873
9671,1,0,0.724973164374905,0.9999715,0.9999999,0.72205114
9672,1,1,0.9013136039755286,1.0,1.0,0.89804
9673,1,1,0.20379426256754699,0.017784487,0.0008527129,0.20806251
9674,0,1,0.13961453790904083,0.04222827,0.037405092,0.13458134
9675,0,1,0.6435106476203287,0.9998076,0.9992312,0.6499627
9676,0,1,0.12963970610090716,0.029099876,0.002655252,0.13505198
9677,0,0,0.053984682013545775,0.021026852,0.2997318,0.053444322
9678,0,1,0.002590903680599669,3.033775e-08,3.4858477e-10,0.0030856628
9679,0,1,0.0202320022430945,3.2412958e-05,4.432868e-07,0.01916242
9680,0,1,0.003089226441108359,2.0275615e-07,8.495361e-08,0.004051227
9681,0,0,0.36609949657197577,0.92201227,0.98160857,0.35621887
9682,0,0,0.006021706461332219,4.0715253e-09,1.17489826e-07,0.006788234
9683,1,1,0.5807935264806056,0.99987733,0.999508,0.5836261
9684,0,1,0.7569686662166825,0.9999342,0.9995349,0.7507556
9685,0,1,0.07176396923981825,0.00047203302,0.00011428519,0.076380685
9686,0,0,0.11119600172875496,0.0015867945,0.0268829,0.112944566
9687,0,1,0.047501277428936554,0.0019246085,0.00014066562,0.047696654
9688,1,1,0.3308642742533958,0.9681023,0.9276344,0.35308152
9689,0,0,0.03041143665801785,9.178859e-05,0.0017199691,0.030788412
9690,1,1,0.956987391293956,0.9999999,0.99999833,0.95607764
9691,0,0,0.06746556492388336,0.004145972,0.3084426,0.064175755
9692,0,1,0.28015909622749663,0.81455,0.42157045,0.2809655
9693,1,1,0.662228905047922,0.9996215,0.99970347,0.65953386
9694,0,0,0.005480486628538244,6.837428e-10,2.1532474e-08,0.006051665
9695,1,0,0.9538489267464497,0.9999995,1.0,0.9505536
9696,1,1,0.236582342918394,0.6557226,0.23994529,0.23671849
9697,0,1,0.41571509870954315,0.99622285,0.95374155,0.4254286
9698,0,0,0.007666666553531291,1.7260928e-07,2.9919206e-06,0.008715248
9699,0,0,0.04063904440467715,0.0022566756,0.014423227,0.042863943
9700,0,1,0.00700980233609751,7.5753246e-07,5.732056e-07,0.008764942
9701,0,1,0.010317291099185716,2.3356146e-05,7.673442e-06,0.012117293
9702,0,1,0.007815505543511604,2.9254516e-06,2.7632643e-07,0.009766369
9703,0,1,0.37281232899488703,0.97218394,0.8494531,0.37812892
9704,0,1,0.27244543779112007,0.6250971,0.25995484,0.2734523
9705,0,1,0.08895639952417654,0.015422539,0.0037832425,0.09335174
9706,1,1,0.266848347373816,0.9681466,0.86956584,0.26675785
9707,0,1,0.11265141445018491,0.005356511,1.0,0.116223514
9708,1,1,0.6564823648154149,0.9998585,0.9993763,0.66111284
9709,0,1,0.23506392403751086,0.6128286,0.20176151,0.23771916
9710,1,1,0.8258975006314534,0.9999002,0.99956423,0.82728857
9711,0,1,0.015549439402148117,5.1238106e-07,1.1867602e-06,0.015450586
9712,1,1,0.7038599420258682,0.99978817,0.9985061,0.6962263
9713,0,1,0.2930099160414507,0.33173865,0.022478916,0.2970223
9714,0,1,0.007200736650122719,2.2378008e-09,1.1009353e-09,0.0073465323
9715,0,0,0.021990635628357687,1.605296e-05,0.00081013725,0.023909498
9716,0,1,0.1605970349281991,0.079774864,0.009316436,0.1549295
9717,0,0,0.0052457491030071446,6.939428e-08,2.3138932e-06,0.005587991
9718,0,0,0.08708862835311884,0.0022013204,0.107672416,0.08732868
9719,0,1,0.36030879599781485,0.961439,0.873343,0.35697335
9720,0,1,0.0714316345007235,0.0012075803,0.00031763443,0.074644454
9721,1,1,0.6477465441160499,0.9999658,0.9998996,0.6504961
9722,0,1,0.007795288170369138,2.8119011e-08,1.4337537e-08,0.009295602
9723,1,1,0.665974252541106,0.9993869,0.9974335,0.6563778
9724,0,1,0.054560646327678465,0.0012677587,6.8117406e-05,0.05861521
9725,0,1,0.14148808071544863,0.21094623,0.0056366576,0.1384369
9726,0,1,0.24039049575019428,0.6204165,0.19385488,0.24254806
9727,0,0,0.35152282366256987,0.9531016,0.9995924,0.34722194
9728,1,1,0.8510456514206888,0.99999917,0.99999857,0.8486935
9729,0,0,0.0037145397466477404,5.3803753e-08,5.792162e-07,0.004631766
9730,0,1,0.0012368697063604801,8.0762136e-10,1.750202e-10,0.0016240553
9731,1,1,0.41259060684678767,0.8448066,0.53873545,0.4182431
9732,1,1,0.09960634209034952,0.019294035,0.0018819261,0.10284688
9733,0,0,0.11311202903865972,0.015454446,0.20729885,0.12019551
9734,0,1,0.17862234530828927,0.102506764,0.016008629,0.18033607
9735,0,1,0.7187808514158138,0.9999974,0.99999297,0.7187721
9736,0,1,0.8422961631964699,0.99999976,0.99999905,0.84689814
9737,0,0,0.011117781660849117,1.124953e-06,1.3652641e-05,0.011322781
9738,0,0,0.13039768428694087,0.0123411445,0.97939163,0.13072257
9739,0,0,0.07668895140539153,0.019012198,0.88272154,0.07842892
9740,0,1,0.08328826044390229,0.13026449,0.014571387,0.10128265
9741,0,1,0.1571756819019454,0.14833678,0.02620473,0.15540032
9742,0,1,0.10913154967913233,0.03864321,0.007974712,0.10659086
9743,1,1,0.5514088013143962,0.9975141,0.99068683,0.5565309
9744,0,0,0.022265657739628363,5.6748315e-05,0.0007367314,0.022839082
9745,1,1,0.5472611898632853,0.99936974,0.9982596,0.54570717
9746,1,1,0.4903625485615307,0.99922717,0.9937949,0.50389504
9747,0,1,0.5904603755867138,0.9999422,0.99972576,0.5891784
9748,0,1,0.09626124579956871,0.17249137,0.0039311983,0.091563575
9749,0,0,0.07223666990915664,0.004188182,0.11810768,0.07411682
9750,0,0,0.01632533169698413,1.3313039e-05,9.8540535e-05,0.016405664
9751,1,1,0.6361991619962446,0.9998144,0.99965656,0.6275704
9752,1,1,0.6443965841682813,0.99964285,0.9990347,0.64920324
9753,0,0,0.07707886839192754,0.5017273,0.98280716,0.096859686
9754,0,1,0.054951005874212,0.0021989318,3.603232e-05,0.052886993
9755,1,1,0.0386562198634842,0.00026975805,2.0012629e-05,0.038695112
9756,0,1,0.6249440602642878,0.998061,0.9989064,0.6237285
9757,1,1,0.38929619077457017,0.9833257,0.9302265,0.39636588
9758,0,1,0.012472477785432576,1.9002037e-07,1.217465e-07,0.01260377
9759,1,1,0.8815895234391421,0.99999905,0.99999905,0.87639296
9760,1,1,0.7946020003143625,0.99999845,0.99999404,0.7992808
9761,0,1,0.08200117417563736,0.0006034879,0.00042075303,0.08681017
9762,1,0,0.49519225429954905,0.9985171,0.9999913,0.4882582
9763,1,0,0.6655937245199933,0.99997675,0.9999999,0.6615766
9764,0,1,0.11523347497384093,0.07916616,0.041523963,0.12200042
9765,1,1,0.5702686168664408,0.9968344,0.9933075,0.5617105
9766,0,0,0.0509782557544675,0.0066883764,0.055362724,0.052001446
9767,0,0,0.032473169033698755,0.00046312046,0.0030013681,0.03413715
9768,0,1,0.002048055519912764,3.6347917e-08,2.2822333e-09,0.0023517131
