test_index,y_true,sa,raw_lr,raw_unweight,raw_weighted,raw_single_encoder
0,0.875,1,0.8399338590491685,2.5433002,2.3352652,0.8916681
1,0.775,1,0.8497954577120825,2.6901226,2.4576225,0.9694084
2,0.8,1,0.7618883716908931,1.6547784,1.3429538,0.7246607
3,0.925,1,0.8588794760469307,2.7910655,2.5926461,0.8600383
4,0.75,1,0.7926025396131653,1.9682084,1.7307222,0.8443069
5,0.8,1,0.8392950301869386,2.5510764,2.3324723,0.8789563
6,0.8,1,0.7664084998192677,1.8593466,1.6243385,0.5304887
7,0.975,1,0.8690323039337897,2.8774571,2.742338,0.95130646
8,0.85,1,0.830067497107768,2.4525602,2.1832166,0.87474066
9,0.975,0,0.8309994278373729,2.5494037,2.772523,0.81969994
10,0.675,1,0.7902976337875391,1.9537203,1.6957861,0.83381104
11,0.675,0,0.7272144065812561,1.4735093,1.6153386,0.660104
12,0.775,0,0.7512752355837498,1.637615,1.7441866,0.7905398
13,0.825,1,0.8155554387182836,2.2437773,2.0028815,0.9081914
14,0.725,1,0.806814199264168,2.16482,1.8890427,0.8739259
15,0.6,1,0.8428615464052521,2.6048114,2.415989,0.86750054
16,0.675,1,0.8401700234679175,2.605864,2.383554,0.8421614
17,0.85,1,0.8001259352353978,2.0888472,1.8230839,0.76021904
18,0.95,1,0.8602694425623779,2.8167472,2.6146085,0.87407064
19,0.925,0,0.7991255776992635,2.1522946,2.3622868,0.74806017
20,0.825,1,0.7271569045995321,1.3282759,0.94861543,0.6122307
21,0.675,0,0.720110442326726,1.2670381,1.4058771,0.69815505
22,0.675,1,0.812048377098568,2.2990408,2.0794168,0.6773093
23,0.8,1,0.8757559915097752,3.00953,2.84811,0.906631
24,0.775,0,0.8113923472954004,2.325174,2.5577254,0.7602641
25,0.9,0,0.7552771162566111,1.6838509,1.8687699,0.6751143
26,0.85,1,0.8423836050452314,2.623492,2.3802204,0.805101
27,0.65,0,0.7660664618824462,1.7910167,1.9537956,0.7761877
28,0.775,1,0.7938635880539626,2.026242,1.7562777,0.89101076
29,0.725,1,0.8171712456624471,2.3032172,2.0090876,0.775615
30,0.85,1,0.7717242819251053,1.8379824,1.6230401,0.5985849
31,0.975,1,0.8372264733581907,2.4950647,2.2636251,0.91678804
32,0.9,1,0.8113478053426889,2.2196589,1.9756945,0.88862526
33,0.575,0,0.7752845392813392,1.9065895,2.0537145,0.90810055
34,0.65,1,0.8118106540364425,2.244033,1.9651589,0.78267986
35,0.725,0,0.7804643327036046,2.00113,2.1824124,0.7190509
36,0.775,1,0.7985699733872067,2.13434,1.8738064,0.7547829
37,0.75,0,0.7988110136210895,2.197125,2.4237614,0.79641044
38,0.875,1,0.8500005430202278,2.6793933,2.4687872,0.92212
39,0.7,0,0.7174494465846364,1.3549546,1.4606012,0.57809275
40,0.8,1,0.9003603011078898,3.2370095,3.085701,0.8742119
41,0.75,1,0.7932456283634506,2.1281962,1.8449361,0.70167
42,0.875,0,0.820924659816656,2.4230382,2.6871703,0.8080644
43,0.825,1,0.803972627426213,2.1285372,1.8682306,0.8382422
44,0.9,1,0.8208672098729122,2.3836725,2.20216,0.75950193
45,0.775,1,0.8517951471388095,2.7043233,2.5165656,0.9518416
46,0.7,1,0.8196614034623275,2.2950506,2.0382118,0.962222
47,0.75,1,0.8239572217317761,2.3136406,2.090479,0.87960327
48,0.6,1,0.7570320629644911,1.6010809,1.3336909,0.66722375
49,0.6,1,0.7538629705059212,1.7421846,1.418049,0.54517406
50,0.9,1,0.8461898083330703,2.6270146,2.4748664,0.92694235
51,0.725,1,0.8337055953822019,2.5166368,2.3172674,0.8446767
52,0.8,1,0.855211909778723,2.744207,2.5648022,0.8687734
53,0.925,1,0.8685971507808168,2.9169698,2.7075896,0.9187908
54,0.825,1,0.8120534569938276,2.2254257,2.0078611,0.8977765
55,0.95,1,0.8224182799002271,2.3475168,2.118146,0.8999675
56,0.85,1,0.784101860245634,1.9009981,1.6372802,0.728383
57,0.725,1,0.786534695912734,1.9901111,1.7135028,0.64386517
58,0.9,0,0.759794211705696,1.7563818,1.9430178,0.6932765
59,0.65,1,0.7677631750977232,1.783391,1.51804,0.6294577
60,0.875,1,0.8720448232298141,2.9171185,2.743887,1.0176884
61,0.6,1,0.7522570323166873,1.6335083,1.3692377,0.5625059
62,0.775,0,0.7367254205503375,1.4937546,1.6073703,0.62875736
63,0.9,1,0.8239503007227555,2.3452425,2.0835805,0.81320804
64,0.825,1,0.8078005907636127,2.2329693,1.960039,0.7931766
65,0.875,1,0.8324815526816555,2.4807909,2.2080886,0.8516571
66,0.925,1,0.8867030225175176,3.1281543,2.9539447,0.8560469
67,0.95,1,0.8549220572174705,2.7262058,2.5296645,0.857432
68,0.75,1,0.8712548561343505,2.9289486,2.7642617,0.95317274
69,0.775,1,0.8041201488392928,2.197864,1.9579289,0.8118001
70,0.85,1,0.8544051527958513,2.7392917,2.5393991,0.9717406
71,0.725,1,0.7802837108235852,1.8519045,1.5574096,0.75474405
72,0.825,1,0.8473907482349715,2.678146,2.4607875,0.9815519
73,0.9,1,0.8474824033099515,2.6595292,2.4321084,0.86794305
74,0.75,1,0.7944241532018139,2.0234358,1.7490908,0.776509
75,0.9,1,0.8206512727631923,2.301012,2.0646029,0.8410792
76,0.9,0,0.7643038777664459,1.7925956,1.9622066,0.7525725
77,0.7,1,0.8130828411371732,2.238599,2.036221,0.8422143
78,0.85,1,0.8207484602912342,2.3001666,2.0760038,0.87416095
79,0.875,1,0.772108118013521,1.7571398,1.4594914,0.7240284
80,0.625,0,0.7590670551782923,1.8149548,1.973567,0.639441
81,0.75,0,0.7773125377677463,1.9446259,2.1148503,0.8580707
82,0.8,1,0.7910263023662704,1.9933566,1.8214717,0.7448517
83,0.775,1,0.7999192710505001,2.0629435,1.7782367,0.833239
84,0.875,1,0.8432475007442833,2.577247,2.3706002,0.9014788
85,0.675,0,0.8074933810404918,2.2636034,2.4784193,0.7836618
86,0.85,1,0.89189620551273,3.1753814,2.9775667,0.9609084
87,0.825,1,0.7951288763235651,2.0206678,1.7674338,0.8684831
88,0.9,1,0.8470827215550325,2.6505623,2.485461,0.7854016
89,0.925,1,0.8366840198469923,2.5457282,2.2984147,0.80433285
90,0.65,1,0.7663913974583514,1.7691689,1.4417804,0.66406167
91,0.95,1,0.7880178629524005,1.9276503,1.6361036,0.7730511
92,0.975,1,0.8109419666738631,2.2077487,1.9209533,0.8312029
93,0.875,0,0.7742321904259981,2.0635707,2.1424363,0.687026
94,0.95,1,0.831091678703263,2.412342,2.1564393,0.87646556
95,0.775,1,0.7896614508506751,1.9692572,1.6793691,0.78957564
96,0.6,1,0.7869066149757467,1.9943885,1.6972955,0.7988686
97,0.8,1,0.8138465790686166,2.2487361,1.9821013,0.8555056
98,0.6,1,0.8107297811130088,2.2447972,1.9619242,0.84386224
99,0.875,1,0.8757469763974522,2.9783351,2.8115528,0.9602958
100,0.7,1,0.8219332430168872,2.3426757,2.160821,0.903015
101,0.975,1,0.8893180271030571,3.1267328,2.9500203,0.98339856
102,0.625,0,0.7919678145293618,2.1951356,2.3819957,0.71135616
103,0.725,1,0.7902346541951845,1.9629924,1.6696659,0.86102873
104,0.6,1,0.8195825525625198,2.3059282,2.0384588,0.791087
105,0.675,1,0.8463555636894895,2.6246548,2.401093,0.956181
106,0.725,1,0.791343607657087,2.0433755,1.7768176,0.64351064
107,0.875,1,0.7835932998053167,1.8787459,1.597114,0.73956263
108,0.925,1,0.7733928913081443,1.9331425,1.6857854,0.45561752
109,0.875,1,0.7954318868101462,2.0240579,1.7654405,0.8091206
110,0.85,1,0.8435442103722859,2.6375895,2.416081,0.8922823
111,0.825,1,0.819358245406731,2.3614082,2.1440828,0.7158946
112,0.875,1,0.797424743863782,2.0585613,1.762531,0.82448643
113,0.675,0,0.7465972889815747,1.5897539,1.7305061,0.7726969
114,0.75,1,0.8603769633209127,2.8268301,2.6107755,0.9007969
115,0.95,1,0.7902839577700983,1.9467062,1.687823,0.7701533
116,0.875,1,0.8489452933187643,2.6425166,2.4335012,0.97054404
117,0.85,1,0.8313223475208107,2.4589581,2.1957479,0.8366377
118,0.65,1,0.7956264002817491,2.0706806,1.8846112,0.5948755
119,0.9,1,0.8361535703720699,2.550089,2.3309617,0.8687881
120,0.825,1,0.8288621195420811,2.4473553,2.2244468,0.92668617
121,0.65,0,0.7501479229179246,1.7328438,1.871089,0.6842133
122,0.8,1,0.7754789127740426,1.8190655,1.5370071,0.74623376
123,0.65,1,0.8137318416229002,2.2497697,1.9892217,0.8288731
124,0.85,1,0.7892056965159023,1.9157883,1.6623756,0.818247
125,0.85,1,0.8126813304815045,2.2151432,1.9538276,0.86007977
126,0.725,1,0.8088379453440263,2.169065,1.9101117,0.8542871
127,0.975,1,0.7582367447299803,1.6153626,1.34327,0.83322924
128,0.975,1,0.86591740060159,2.8098555,2.6270504,0.9727432
129,0.775,0,0.8311375921727235,2.598582,2.8108513,0.7621659
130,0.95,1,0.7688088468827052,1.8132887,1.583427,0.5909561
131,0.6,1,0.7971736387179832,2.0110116,1.7616744,0.940234
132,0.85,1,0.8637147540901863,2.842793,2.6723673,0.8443005
133,0.775,1,0.7770122455786641,1.7979759,1.5421298,0.7860254
134,0.9,0,0.8072547578891047,2.3034067,2.5466895,0.9375732
135,0.975,1,0.839124953254436,2.570918,2.3355746,0.8779779
136,0.975,1,0.8173569013116148,2.2871404,2.075711,0.8750766
137,0.875,1,0.8137393735443111,2.2670536,2.0391364,0.84060377
138,0.85,1,0.8350535883796422,2.4818716,2.2337937,0.92087823
139,0.925,1,0.8318705710403702,2.4400144,2.2090912,0.8670427
140,0.875,1,0.8128440956158269,2.22515,1.9280032,0.8181314
141,0.925,1,0.8046389351943122,2.107098,1.865395,0.8493249
142,0.925,1,0.8312865873135655,2.466794,2.2460084,0.753306
143,0.9,1,0.7859223786324361,1.9345597,1.6329142,0.7723706
144,0.85,1,0.8251271615897586,2.3842692,2.1622021,0.828426
145,1.0,1,0.7953694261437838,2.0238996,1.8122305,0.828873
146,0.675,1,0.7974196702575642,2.186493,1.9816904,0.6629279
147,0.925,1,0.7854008866359535,1.8835602,1.5894494,0.86090606
148,0.875,1,0.7735297321624037,1.8105142,1.5470642,0.7698181
149,0.8,1,0.7588405511793284,1.7349749,1.4563591,0.61088765
150,0.775,0,0.7184782303597856,1.2945403,1.3874232,0.6020804
151,1.0,1,0.8651627918094267,2.837312,2.6230156,0.9523751
152,0.85,0,0.7577384959066871,1.6958294,1.8511376,0.697257
153,0.75,1,0.8064308040151082,2.2911675,2.066938,0.67994976
154,0.85,1,0.8516497053680288,2.6953616,2.4773235,0.9009745
155,0.825,1,0.8363701491221462,2.5087314,2.3132222,0.8968573
156,0.925,1,0.8096904855568101,2.173502,1.8982782,0.84625745
157,0.925,1,0.8438907737388687,2.5677733,2.3426657,0.91618216
158,0.925,1,0.8627577964252626,2.8291192,2.6232796,0.9062269
159,0.85,1,0.7718903580545833,1.7601559,1.5019348,0.7164212
160,0.65,0,0.7347264212710405,1.4878407,1.6450597,0.6663303
161,0.7,1,0.7699414344316498,1.7886506,1.4832665,0.6147935
162,0.775,1,0.8501565066165357,2.686542,2.4837728,0.9228082
163,0.675,0,0.7208237007955907,1.4290594,1.5358062,0.62377346
164,0.975,1,0.816651501596258,2.2618778,2.0505962,0.94127214
165,0.8,1,0.8319475281811533,2.428388,2.2206724,0.79378325
166,0.55,0,0.7889627292968615,2.138236,2.3473606,0.79164696
167,0.825,1,0.8078598953542993,2.1690333,1.8871987,0.8364744
168,0.95,1,0.7970238513406631,2.0385823,1.7407514,0.7459729
169,0.8,1,0.8204315007034853,2.3267531,2.065364,0.8233989
170,1.0,1,0.8720287421209101,2.9516854,2.7680533,1.0182892
171,0.65,1,0.75160416203734,1.5479137,1.2211683,0.6970869
172,0.925,1,0.8142916751001963,2.1986947,1.9920973,0.8123234
173,0.825,1,0.7818076591073335,1.8710909,1.6263995,0.81039494
174,0.875,1,0.796941540095484,2.0664845,1.7831275,0.7927918
175,0.725,1,0.8236004805735957,2.3890085,2.1740794,0.88639355
176,0.625,1,0.7906622117136126,2.063198,1.8065289,0.7007253
177,1.0,1,0.8165210804973135,2.2573197,1.9627309,0.78413445
178,0.775,1,0.8296807721126633,2.4422545,2.2037709,0.8570731
179,0.85,1,0.7893739488519014,1.9438865,1.692716,0.8517731
180,0.625,1,0.7564605673205589,1.7472613,1.4350868,0.58746153
181,0.7,1,0.8207539885623292,2.3266606,2.079345,0.8426864
182,0.8,1,0.850247481863222,2.6930916,2.4711733,1.0327256
183,0.875,1,0.8649390589877726,2.8230448,2.5954785,0.966042
184,0.925,1,0.8102171405983187,2.2654438,2.006698,0.75664955
185,0.8,1,0.7922012203963049,1.9891266,1.72161,0.8764144
186,0.875,1,0.8371806284494828,2.5271688,2.2418282,0.92084193
187,0.925,1,0.8400839307534518,2.5789762,2.3339586,0.9350103
188,0.725,1,0.785279625497945,1.8981129,1.6518624,0.7963125
189,0.75,0,0.7379289659961762,1.4633366,1.6445078,0.73537815
190,0.9,1,0.8029141837414064,2.1549194,1.8627156,0.77625245
191,0.825,1,0.7881661647170606,1.9346251,1.6432097,0.9446867
192,0.9,0,0.7585392169025876,1.7290089,1.8654348,0.772942
193,0.875,0,0.8243434897158562,2.4847107,2.732759,0.9066059
194,0.65,1,0.7965419309529397,2.007193,1.7398245,0.85486704
195,0.825,1,0.7334971035357296,1.3619308,1.06407,0.5543045
196,0.775,1,0.7854497300884508,1.9029378,1.6233417,0.8004008
197,0.675,1,0.7536091572706516,1.6081609,1.3191929,0.6426675
198,0.775,1,0.8226035068011366,2.3181772,2.113379,0.89270836
199,0.85,1,0.8773578980101132,2.9960225,2.817424,0.9540607
200,0.95,1,0.815113678741459,2.2632558,2.0441675,0.82340306
201,0.675,0,0.8130471280721113,2.4012823,2.5923543,0.8482288
202,0.9,1,0.8490247066971537,2.6806564,2.477695,0.9904561
203,0.775,1,0.7924839096072616,1.9833916,1.7153205,0.80206066
204,0.775,1,0.8086303529437383,2.20864,1.9396582,0.8901462
205,0.85,1,0.7873389845747067,1.9210219,1.6307918,0.835453
206,0.925,1,0.8395336932194442,2.5640373,2.3890295,0.9092362
207,0.65,0,0.7405558151129095,1.5306675,1.654561,0.75596994
208,0.9,1,0.8090481482058992,2.167858,1.8717809,0.84300715
209,0.825,1,0.7788174706913704,1.8437287,1.5428607,0.8149723
210,1.0,1,0.8654552166967724,2.865676,2.6891012,1.0460066
211,0.7,0,0.7494572671060299,1.6623282,1.8044912,0.7282088
212,1.0,1,0.7941151653813006,2.0150285,1.7821,0.7576358
213,0.75,0,0.7284065986322109,1.4945772,1.5773633,0.59673244
214,0.9,1,0.804900548115032,2.143694,1.9118472,0.8347099
215,0.85,1,0.8588139516914253,2.7814388,2.575047,0.9083866
216,0.9,1,0.8586751668677055,2.798144,2.5841286,0.77919793
217,0.775,0,0.7729609084715763,1.9354255,2.0927777,0.63353485
218,0.875,1,0.769779290215292,1.7182851,1.4344126,0.78811663
219,0.825,1,0.8193849573357793,2.2932777,2.0400786,0.8948396
220,0.6,1,0.7562503504728643,1.5928857,1.285756,0.63925534
221,0.825,1,0.7860720327269648,1.9204212,1.6390629,0.7560055
222,0.65,1,0.8121367889174705,2.2179217,2.00048,0.72532016
223,0.75,1,0.739406782659637,1.4408691,1.2202402,0.48909453
224,0.775,1,0.8004883266479181,2.0922377,1.8219868,0.79728645
225,0.825,0,0.6982879893162512,1.2547572,1.3518088,0.3678881
226,0.825,1,0.8006451242466892,2.076196,1.7978836,0.79027975
227,0.925,0,0.8204360946279571,2.4704032,2.712856,0.82454133
228,0.725,1,0.8208679196253901,2.3422306,2.0724847,0.8195333
229,0.875,1,0.7792466177161329,1.88548,1.6308558,0.6976003
230,0.9,1,0.7481492313279287,1.5982655,1.3001542,0.5268833
231,0.825,1,0.8033511059694114,2.1259122,1.8626449,0.8847165
232,0.925,1,0.7939994124603458,2.0707388,1.7620564,0.7369664
233,0.55,0,0.6907182403389839,1.0100498,1.1105545,0.5052318
234,0.8,0,0.8170264133689261,2.423643,2.6260247,0.7863394
235,0.675,1,0.8510755089616424,2.721566,2.514454,0.91311264
236,0.85,1,0.8250437558115215,2.3758297,2.1458063,0.81963944
237,0.725,0,0.812023405102437,2.3485227,2.5693226,0.8154268
238,0.775,0,0.8172477293313778,2.4330347,2.6354964,0.8497901
239,0.65,1,0.8268176043613309,2.3867526,2.1160827,0.9461387
240,0.875,1,0.8149600136217072,2.2518272,2.0060267,0.82480484
241,0.975,1,0.7747728028038954,1.9027458,1.6597283,0.58510005
242,0.875,1,0.8624343289641078,2.8065372,2.6089344,0.93968225
243,0.825,1,0.7842647694452485,1.9092844,1.60634,0.7789976
244,0.875,1,0.8148139117401192,2.363802,2.1382315,0.81882626
245,0.775,1,0.8393497647718846,2.4993293,2.2775676,0.89834803
246,0.85,1,0.8734726592456767,2.993541,2.8309486,0.8921052
247,0.775,1,0.8616817346592174,2.8327847,2.643921,0.95823824
248,0.7,1,0.7934608356116406,1.9967208,1.719679,0.8458653
249,0.85,1,0.8357322560740477,2.5045657,2.2812896,0.9206206
250,1.0,1,0.8359730328962288,2.5514684,2.395842,0.8680133
251,0.675,0,0.7676352485286848,1.8047214,1.9806187,0.79171664
252,1.0,1,0.8412664202734423,2.5427756,2.2997036,0.81993574
253,0.875,1,0.8167899009259323,2.299327,2.0730796,0.84115636
254,0.8,1,0.8501026880912628,2.6809838,2.464946,0.87178105
255,0.775,1,0.7761465975869435,1.8258021,1.5240691,0.86229295
256,0.725,1,0.806627792819258,2.166633,1.9280303,0.7228953
257,0.8,1,0.8296721037420467,2.4097233,2.1438322,0.91604936
258,0.725,0,0.6771882738281036,0.9189695,0.95813525,0.41449
259,0.75,1,0.8077325518217245,2.2225494,1.9347632,0.8590481
260,0.725,1,0.8173929032723248,2.2948318,2.0071502,0.790726
261,0.8,1,0.8362705322322723,2.5384688,2.2924058,0.8646767
262,0.85,1,0.7819542954685011,1.859165,1.6106876,0.760394
263,0.725,1,0.8519915617062412,2.7324557,2.517049,0.8246443
264,0.925,1,0.859182925237639,2.7915058,2.6262424,0.8552573
265,0.925,1,0.7824529139599644,1.841509,1.62792,0.8420235
266,0.75,1,0.7799105393211105,1.93647,1.6651298,0.69244367
267,0.85,1,0.8494241801921913,2.6702094,2.4757,0.8595284
268,0.95,1,0.8466422617580669,2.6674232,2.4137707,0.8698042
269,0.75,1,0.7633615819110842,1.727608,1.4300711,0.7452089
270,0.825,1,0.8315347575608201,2.512781,2.3208175,0.86589503
271,0.875,1,0.8797632257021637,3.042037,2.843122,0.9240953
272,0.9,1,0.8049405080238672,2.1319776,1.8541448,0.80159193
273,0.75,0,0.758504631825804,1.7260017,1.8935587,0.84673804
274,0.775,1,0.8182419608293482,2.3351307,2.0756564,0.85297716
275,0.85,1,0.866582489502479,2.9035044,2.7282364,0.8726419
276,0.775,1,0.8330530598187982,2.449452,2.208246,0.79913634
277,0.675,0,0.7830958899187805,2.0288758,2.195816,0.7274127
278,0.775,1,0.8371978936327836,2.5680294,2.3488483,0.93663365
279,0.725,0,0.76224399650003,1.8164239,1.9832647,0.5525534
280,1.0,1,0.8490360385482606,2.7099726,2.457913,0.7371737
281,0.95,1,0.7709975725345894,1.7507874,1.4514862,0.6920925
282,0.875,0,0.7324410190880294,1.495856,1.5864085,0.5635623
283,0.95,1,0.7891479625217636,1.950441,1.6893935,0.8002992
284,0.725,0,0.7802215845852646,2.078938,2.2126846,0.65372455
285,0.725,1,0.7586953930963735,1.6135354,1.2768526,0.7950691
286,0.925,1,0.8147249175806971,2.3121152,2.0715787,0.824087
287,0.875,1,0.8547314369034797,2.7548518,2.5752273,0.9253863
288,0.775,1,0.7548539999502955,1.5912596,1.2989433,0.7107709
289,0.875,1,0.8205277507797186,2.3686242,2.1249328,0.8745812
290,0.9,1,0.853791918116773,2.750259,2.543811,0.86128294
291,0.875,1,0.8599524588728226,2.7798617,2.6028016,0.9496993
292,0.7,1,0.808514856053401,2.175117,1.9072855,0.8768175
293,0.8,1,0.8775881666130715,3.0166364,2.8332143,0.961445
294,0.775,1,0.7754641345888132,1.885587,1.6230886,0.670823
295,0.8,1,0.8067959240756111,2.139332,1.9084102,0.79668707
296,0.875,1,0.8029974189244342,2.0853593,1.8496435,0.79869735
297,0.775,1,0.7747900807809531,1.9544888,1.7196808,0.5883055
298,0.825,1,0.8251319790754691,2.327241,2.0867054,0.93566006
299,0.9,0,0.8302344335042504,2.578876,2.807767,0.8429282
300,0.95,1,0.8771572524479679,3.008275,2.8161616,0.8780025
301,0.85,1,0.8645425127276478,2.8874917,2.7240663,0.8253363
302,0.775,1,0.782528901832887,1.8899419,1.6309927,0.8103964
303,0.95,1,0.8419592099030491,2.6174111,2.4305837,0.86922103
304,0.925,1,0.8688522058861274,2.8922467,2.739994,0.93803227
305,0.725,1,0.8049516007479531,2.1573982,1.873764,0.8283814
306,0.875,1,0.8108352276929212,2.1996408,1.9954009,0.88487285
307,0.825,0,0.7849499998625888,2.0539017,2.2339606,0.7309056
308,0.7,1,0.8031118103019368,2.122713,1.8541112,0.94841033
309,0.7,1,0.7443325875355642,1.4951414,1.2555227,0.5672714
310,0.875,1,0.8311430286014363,2.4780736,2.2869344,0.7527093
311,0.85,1,0.7566693759428382,1.636874,1.3073485,0.6560655
312,0.825,1,0.7811538398403698,2.007152,1.7240343,0.6472363
313,0.475,0,0.7434727200252054,1.6372201,1.7330788,0.61881965
314,0.9,0,0.7865948003023383,2.0449262,2.1913376,0.76885676
315,0.65,0,0.7770334700912169,1.9233795,2.0932028,0.8038783
316,0.85,1,0.8213451904320097,2.3134499,2.0855038,0.8019224
317,0.875,0,0.7847402342469308,2.0930476,2.2465284,0.7575035
318,0.775,0,0.6629751001204731,0.6959603,0.7802988,0.38126442
319,0.875,1,0.8410234404631853,2.5743194,2.3795757,0.8946305
320,0.7,1,0.846482335352265,2.5964093,2.3767996,0.91608435
321,0.9,1,0.846841500392155,2.6342745,2.4196692,0.9042778
322,0.85,1,0.7671114409369306,1.7036728,1.3869089,0.73910314
323,0.675,0,0.7757387905929096,1.9667761,2.146702,0.8342288
324,0.9,1,0.8135790543150385,2.2780375,2.0906317,0.8221084
325,0.75,1,0.7851697766430961,2.0187244,1.7409773,0.69732344
326,0.825,1,0.845155044200965,2.6405065,2.4296763,0.9531814
327,0.975,1,0.817780611569183,2.292218,2.063894,0.8425138
328,0.725,1,0.7997615316507305,2.0672836,1.7991148,0.8192881
329,0.925,1,0.7872916877970529,1.9572778,1.6411167,0.7367969
330,0.975,1,0.8746545797105019,2.9894433,2.8267896,0.9361769
331,0.85,1,0.8614244819290691,2.825922,2.6181679,0.9164229
332,0.725,1,0.7642906994268774,1.6728766,1.4444377,0.64273316
333,0.675,0,0.6659770717690343,0.71944135,0.7936975,0.42993668
334,0.925,1,0.7749245474219278,1.8059616,1.503138,0.84982604
335,0.8,1,0.7414040303583118,1.4343263,1.1258119,0.73549205
336,0.775,1,0.7954397843577607,2.0232036,1.7452967,0.8031941
337,0.975,0,0.8089312468796409,2.3137033,2.5502305,0.7600385
338,0.9,1,0.8610750397964009,2.7895215,2.5968454,0.8289652
339,0.875,1,0.8348147529204747,2.5228562,2.2545907,0.9026842
340,0.8,1,0.817723570347004,2.2968762,2.0454478,0.8451149
341,0.775,1,0.8277833789034623,2.4176307,2.2229242,0.8551259
342,0.8,1,0.8155384444257483,2.3457842,2.1187606,0.68119425
343,0.75,1,0.7646286215723501,1.8069289,1.566147,0.5900975
344,0.75,1,0.8228286490294608,2.3068323,2.0851564,0.8477457
345,0.7,1,0.8363156337498037,2.5537982,2.319256,0.798985
346,0.825,1,0.8076223781503408,2.1423016,1.9086077,0.8585035
347,0.825,1,0.7477346763317096,1.5399544,1.2276231,0.5810078
348,0.95,1,0.8488648555083548,2.6742287,2.5051274,0.9312818
349,0.775,0,0.771071560646452,1.8651876,2.0501714,0.7743736
350,0.55,1,0.7883843967950825,1.9428537,1.6741233,0.8078366
351,0.825,1,0.8036286772891422,2.235639,2.0293012,0.74263275
352,0.825,1,0.8103745489277444,2.1961973,1.949274,0.7793934
353,0.775,1,0.8025298586656798,2.110958,1.8635681,0.7900259
354,0.875,1,0.7852998445854493,1.8919833,1.6063824,0.7602872
355,0.575,1,0.7860315231262228,1.9256665,1.6670289,0.7559336
356,0.85,1,0.7864225309312232,2.0070915,1.6882311,0.70400435
357,0.825,1,0.8719572731826988,2.9308822,2.7454195,0.8790164
358,0.85,1,0.8266532029102379,2.4482136,2.221177,0.74640214
359,0.725,1,0.8369799240668134,2.5102046,2.2876463,0.85003465
360,0.625,1,0.8048284298410833,2.1232166,1.8654679,0.8439718
361,0.8,1,0.8255258855982365,2.3727288,2.1347613,0.86314344
362,0.775,1,0.8449834584185871,2.6496167,2.4442008,0.85172653
363,0.75,1,0.7861292022090325,1.9267877,1.6676393,0.80417
364,0.85,1,0.786692582099378,1.9223149,1.6444012,0.73922044
365,0.85,0,0.7415913668780781,1.5359378,1.67033,0.69114155
366,0.525,0,0.6598537605238808,0.79059625,0.88236964,0.23440412
367,0.875,1,0.7941082819470924,2.1204739,1.8729395,0.6160824
368,0.675,0,0.7729598820871747,1.8664286,2.0439286,0.6980935
369,0.775,1,0.8026941825240036,2.1522343,1.9300978,0.87505007
370,0.8,1,0.8018099120142366,2.0744727,1.7951844,0.87362105
371,0.65,1,0.8263981106808281,2.4323745,2.221702,0.79158926
372,0.675,0,0.7644937079659555,1.8854117,2.0082192,0.6703986
373,0.725,1,0.7939950028464908,2.0542626,1.759449,0.8002991
374,0.925,1,0.8605440016168702,2.756219,2.5362134,0.90276545
375,0.95,1,0.8593747398888912,2.7975163,2.6106493,0.8917217
376,0.875,1,0.8338473025103036,2.5097208,2.2778153,0.8313843
377,0.675,1,0.835953803940717,2.5166218,2.3214822,0.821489
378,0.95,1,0.8777737914651227,3.0139918,2.8076706,0.91288495
379,0.875,1,0.8648441095712247,2.8420372,2.6840024,0.8674561
380,1.0,1,0.8058779952097723,2.184622,1.9915032,0.73390627
381,0.475,1,0.7652620005899141,1.7547916,1.456747,0.6147587
382,0.725,0,0.7739851323792105,1.962078,2.1529593,0.7499285
383,0.675,1,0.8692396979740801,2.9222817,2.7239978,0.8782016
384,0.85,1,0.7782472227469894,1.88802,1.5734094,0.6709772
385,0.75,0,0.6999110039579226,1.115201,1.1648328,0.5982083
386,0.8,1,0.7869325200698278,2.0760446,1.8855534,0.5457349
387,0.775,0,0.6883425476434675,0.95595264,1.025615,0.51087123
388,0.85,1,0.7981033569255667,2.0566354,1.7732557,0.79472256
389,0.75,1,0.8347236029214711,2.483401,2.206912,0.86818033
390,0.9,1,0.884982824527135,3.1139042,2.9170737,0.86642313
391,1.0,1,0.8585523984388997,2.7476473,2.5368738,0.9335006
392,0.75,1,0.8361492388651712,2.5304322,2.3368077,0.7908294
393,0.875,1,0.8242606222107751,2.3338253,2.0912426,0.83304316
394,0.85,1,0.8236717194324095,2.383175,2.140387,0.739795
395,0.675,1,0.8140230484877193,2.269223,2.0623221,0.84718764
396,0.775,1,0.7810972788885647,1.9951165,1.7050642,0.59285945
397,0.725,1,0.8154742940497564,2.3117304,2.0886934,0.8633263
398,0.85,1,0.8420040093080169,2.6113346,2.371451,0.88253105
399,0.675,1,0.802456413958897,2.1038454,1.855797,0.8113032
400,0.9,1,0.8344733927724688,2.4696026,2.1840267,0.96241677
401,0.825,1,0.7813672856521834,1.8833227,1.6320218,0.74890274
402,0.65,1,0.7405642434616473,1.5075762,1.1619196,0.5955611
403,0.65,0,0.8132608003358797,2.3400311,2.5566025,0.88170856
404,0.85,1,0.8154034591690529,2.254581,1.9876539,0.834309
405,0.875,1,0.8046733175465313,2.1360707,1.8559215,0.78356975
406,0.85,1,0.8503447225461666,2.7128537,2.5032518,0.8801873
407,0.9,1,0.8244537768912463,2.3523333,2.09661,0.8271473
408,0.725,1,0.747449383683388,1.4783362,1.1726179,0.68396425
409,0.9,1,0.8710750142469975,2.961125,2.7754173,0.98488975
410,0.725,1,0.8100108822228134,2.3018909,2.0856767,0.5409549
411,0.7,1,0.768690767387909,1.7305447,1.4383708,0.73768526
412,0.75,1,0.8134810022609951,2.2403212,1.9878473,0.7567572
413,0.825,1,0.7903053648738176,1.9345583,1.6768184,0.83807456
414,0.875,1,0.772273874902602,1.7484071,1.4453723,0.7803821
415,0.85,1,0.8233702005418548,2.3195968,2.1117454,0.93634045
416,0.95,1,0.8298578417260052,2.4838665,2.2834203,0.87425786
417,0.925,1,0.7886180984919862,2.0097296,1.71879,0.77025884
418,0.925,1,0.8523504169314112,2.7061124,2.5328712,0.91185796
419,0.875,1,0.8233025955108695,2.3238177,2.0836782,0.8846557
420,0.7,1,0.8373477331662849,2.5762641,2.3641152,0.75968945
421,0.625,1,0.7000254854488299,1.0559707,0.75117147,0.45660493
422,0.85,0,0.7948676691568186,2.154623,2.3694768,0.76714504
423,0.95,0,0.7382695271564202,1.491303,1.6556325,0.75987965
424,0.675,1,0.8076932406373689,2.242807,2.0145698,0.74965894
425,0.825,1,0.8365167787513563,2.5111394,2.3285105,0.84778094
426,0.9,0,0.6917477694879305,1.0356735,1.1030182,0.55279154
427,0.8,1,0.8054731302080684,2.1530538,1.8744204,0.7802302
428,0.825,1,0.8593410770775489,2.8052993,2.5817204,0.92022955
429,0.775,1,0.8279519201999693,2.4368906,2.2260728,0.8707067
430,0.95,1,0.8888024163927001,3.1345973,2.957127,0.96651566
431,0.95,0,0.8334973698041304,2.6163359,2.88063,0.84422624
432,0.85,1,0.8113468966227037,2.2461023,2.0500228,0.8515475
433,0.875,1,0.8496953503854554,2.676261,2.4540138,0.8817513
434,0.675,1,0.7464338480511306,1.5481112,1.2605745,0.6575895
435,0.6,1,0.7791981183899099,1.8427988,1.5373467,0.83579415
436,0.9,1,0.8485313048393917,2.6908722,2.4755833,0.7593979
437,0.85,1,0.7897347294997843,1.9620329,1.649916,0.8529945
438,0.975,1,0.8116340152236834,2.220168,1.9911087,0.8850772
439,0.85,1,0.8610139749543222,2.8251386,2.6655388,1.0124164
440,0.9,1,0.7923112429852319,2.0483327,1.8161123,0.81577957
441,0.8,1,0.7761788435585537,1.8126432,1.5482738,0.8623063
442,0.625,1,0.8438403217409876,2.563151,2.3565278,0.9169637
443,0.8,1,0.859446241137528,2.824203,2.6208825,0.9526588
444,0.9,0,0.850353356507199,2.8039322,3.0500002,0.73624957
445,0.825,1,0.812104734662497,2.2422378,2.0154345,0.80648255
446,0.925,1,0.8068147046008043,2.1864748,1.9492455,0.82849205
447,0.85,1,0.8091035309626613,2.2954519,2.0578494,0.75513935
448,0.7,1,0.8132186413791014,2.2968636,2.0704713,0.84819937
449,0.85,1,0.7382204381209239,1.3698831,1.0819362,0.6714249
450,0.875,0,0.7779228696287301,1.9491286,2.1407924,0.7615998
451,0.725,1,0.8201623215825736,2.3300195,2.1141129,0.81313014
452,0.9,1,0.8793081281424243,3.0282664,2.8547015,0.96329087
453,0.75,1,0.8075495918562686,2.144112,1.9103808,0.8357294
454,0.875,1,0.8301999716159562,2.471891,2.2259388,0.8810047
455,0.85,1,0.8123676137966975,2.2135153,1.9456977,0.7786084
456,1.0,1,0.8452269039552842,2.6636713,2.493763,0.7459011
457,0.7,0,0.7720505311995943,1.9228334,2.0985372,0.8393699
458,0.75,1,0.8321741855913837,2.4997377,2.26816,0.8427001
459,0.875,1,0.8105527642417643,2.224843,1.9445332,0.8071801
460,0.65,0,0.7490322065383646,1.5972885,1.758066,0.7904885
461,0.65,0,0.742836069400819,1.5872185,1.7302401,0.7367899
462,0.875,1,0.7930204489567125,1.9717395,1.6872435,0.76570207
463,0.95,0,0.7540020969885664,1.6651564,1.8448037,0.68766946
464,0.9,1,0.830625891581952,2.4668005,2.2960577,0.9570709
465,0.65,1,0.7694441179624807,1.7206674,1.443038,0.803489
466,0.975,1,0.8592607513144618,2.8075244,2.640306,0.94550407
467,0.675,1,0.8292043002900695,2.406054,2.1704583,0.72161597
468,0.625,1,0.7782424239816521,1.8390154,1.5359503,0.70320284
469,0.775,0,0.7311111665569479,1.4011974,1.5345948,0.7144508
470,0.85,1,0.811358168535299,2.246209,1.9641318,0.83567375
471,0.725,1,0.7502083821505287,1.597388,1.2984855,0.72337145
472,0.775,0,0.7617764947812555,1.8442118,2.0035717,0.6691853
473,0.925,0,0.8689079953760498,3.009581,3.2732723,0.8121307
474,0.8,1,0.7544821487245544,1.7173021,1.434584,0.44079247
475,0.825,1,0.791211876103125,1.9895974,1.732691,0.67535514
476,0.775,1,0.7900721307728389,1.9705797,1.6966506,0.81185144
477,0.775,1,0.8035639904867329,2.1272779,1.8624126,0.7779346
478,0.825,0,0.7555661779547913,1.8120048,1.9820316,0.7877178
479,0.675,1,0.78968616182178,1.9428715,1.6850903,0.84262437
480,0.75,1,0.8072026586373482,2.1998572,1.9555042,0.8251908
481,0.775,0,0.7535206033464444,1.765482,1.9642661,0.681108
482,0.875,1,0.8625782704730351,2.8524108,2.669433,0.946395
483,0.7,1,0.819828270921358,2.3565676,2.1320488,0.8495625
484,0.85,1,0.8314912648929348,2.498387,2.3132706,0.84511733
485,0.9,1,0.8146459099702392,2.2350597,2.012051,0.88842756
486,0.65,0,0.6883187088421472,0.9713365,1.0534062,0.6274896
487,0.925,1,0.7830392598544237,1.8726532,1.5907321,0.7840675
488,0.6,0,0.7244001483455366,1.3734607,1.4663749,0.6419196
489,0.85,1,0.8563172185888883,2.7308736,2.504538,0.94228345
490,0.825,0,0.7934279499965916,2.1097574,2.3168533,0.80259144
491,0.75,0,0.799631564819314,2.217066,2.4142895,0.7970878
492,0.975,1,0.8170450776784941,2.2319026,2.019925,0.8780163
493,0.775,0,0.7723555884803728,1.881612,2.0463476,0.8706704
494,0.7,1,0.7961116982740397,2.0391762,1.7692393,0.81425613
495,0.8,1,0.813982200148189,2.2850118,2.0449739,0.8056673
496,0.775,1,0.7724722363134051,1.7632834,1.4670663,0.78540677
497,0.95,0,0.8306910566627834,2.5864635,2.8561492,0.9288589
498,0.675,1,0.8272425632807561,2.3867726,2.130989,0.93302447
499,0.875,1,0.8395821254791054,2.554894,2.35037,0.94843423
500,0.775,1,0.8216874278269833,2.3109818,2.092001,0.7775375
501,0.85,1,0.8355555910904409,2.5226521,2.3049774,0.8920372
502,0.825,1,0.7895390953517557,1.946411,1.6869525,0.8184629
503,0.9,1,0.8529460627624762,2.7363276,2.5585604,0.9580209
504,0.7,1,0.816612009494985,2.3230147,2.1073349,0.78185904
505,0.65,1,0.75414479554755,1.5602136,1.2279915,0.7296346
506,0.75,0,0.7024582687363108,1.2126865,1.2392757,0.64133346
507,0.875,1,0.8375338636557609,2.5200543,2.2822423,0.84141284
508,0.8,1,0.795206264893137,2.0209045,1.7505301,0.8806223
509,0.875,0,0.8266346269463205,2.5433047,2.8046248,0.85839784
510,0.675,0,0.7531689575801164,1.7011138,1.8248901,0.7682734
511,0.65,1,0.7957381509650011,2.1238878,1.9167497,0.6367309
512,0.875,1,0.8171001257059423,2.3290637,2.0585551,0.82875204
513,0.75,1,0.7781162697703622,1.8993828,1.6107917,0.71077174
514,0.8,1,0.7613687964110321,1.7087202,1.3751357,0.71063143
515,0.975,1,0.8077247293318619,2.2672462,1.9976363,0.7587961
516,0.825,1,0.819722069822825,2.2731998,2.0337915,0.8484674
517,0.9,1,0.7965369805304858,2.086994,1.9130785,0.68346334
518,1.0,1,0.8410695994972781,2.5656023,2.3382044,0.8939298
519,0.75,1,0.8079728345179,2.2448254,1.9787092,0.8816296
520,0.725,1,0.8201957348651492,2.3702526,2.1364386,0.7501942
521,0.875,1,0.801471818632131,2.109989,1.8719877,0.8373237
522,0.725,1,0.7259308043187599,1.3176689,0.9394785,0.5848502
523,0.75,1,0.8029915072924638,2.107473,1.8504413,0.8279328
524,0.725,1,0.75475629123567,1.6322306,1.3845652,0.58786327
525,0.95,1,0.852922854514854,2.67995,2.447394,0.9259396
526,0.8,1,0.8411358780926249,2.6684613,2.4159105,0.8319408
527,0.85,1,0.838836925819612,2.5128162,2.299048,0.91565084
528,0.825,1,0.8351486786518207,2.50263,2.3104932,0.8271895
529,0.7,1,0.7783806852878137,1.8231733,1.576211,0.8001078
530,0.75,1,0.7746796736092052,1.7973555,1.4942594,0.72666246
531,0.7,1,0.806918031164808,2.2574546,2.006074,0.6673604
532,0.8,1,0.8492538356361377,2.682881,2.4850812,0.8791331
533,0.875,1,0.845291469741173,2.6189234,2.4230282,0.8991267
534,0.75,1,0.7889859597896716,1.9476926,1.6933478,0.78560454
535,0.8,1,0.8299140802682283,2.4305367,2.177398,0.7931246
536,0.85,1,0.8168036443139439,2.2360215,1.9954294,0.88770527
537,0.775,1,0.8078905522541688,2.1516237,1.8855048,0.7980581
538,0.8,1,0.784046734467893,1.9053957,1.6079893,0.84978944
539,0.75,1,0.7958032048355987,2.0422087,1.7651464,0.80833894
540,0.9,1,0.752207330620498,1.6132063,1.3565196,0.55332005
541,0.875,1,0.8341345848004937,2.5232186,2.2905135,0.8678199
542,0.775,1,0.8344208639595663,2.4557135,2.2278929,0.8464729
543,0.825,1,0.7969712944768867,2.1016455,1.8682575,0.7447688
544,0.75,1,0.780275672326074,1.8277168,1.5797349,0.82865816
545,0.675,1,0.8330320245411146,2.4982371,2.286462,0.9128276
546,0.875,1,0.8285361584728534,2.4095945,2.1704962,0.89100075
547,0.85,1,0.8225729468553613,2.380475,2.150119,0.841053
548,0.8,1,0.7961621618964493,2.0834038,1.8708451,0.82171565
549,0.75,1,0.815005174209658,2.228885,1.995763,0.856021
550,0.7,0,0.7647790326649413,1.924046,2.062963,0.691505
551,0.8,1,0.8125423082091074,2.1888247,1.968076,0.9125926
552,0.9,1,0.8185746134946628,2.294757,2.021525,0.86589205
553,0.7,1,0.7958169805485484,2.0237362,1.7367778,0.83124405
554,0.85,1,0.7963665306784276,2.0515509,1.7836663,0.8063422
555,0.825,1,0.8660695712064155,2.8917243,2.6950505,0.8281309
556,0.9,1,0.8351455273898187,2.4732146,2.2639146,0.90414697
557,0.75,1,0.8390712067811814,2.554156,2.3675163,0.83778
558,0.575,0,0.7020637841013244,1.1337131,1.2142853,0.51374227
559,0.825,1,0.8345507725566588,2.473641,2.281518,0.9027476
560,0.775,1,0.7826958229393266,1.899709,1.5847437,0.8138749
561,0.875,1,0.8166437159697033,2.2293768,1.9872463,1.0046796
562,0.75,1,0.8264983598055635,2.3549402,2.096167,0.90888685
563,0.875,1,0.8339973123276394,2.5228775,2.321884,0.7658756
564,0.925,1,0.7981504413873,2.2188077,1.982693,0.639802
565,0.775,0,0.7772965699507359,1.979568,2.1622539,0.7875738
566,0.9,1,0.7829285755490587,1.9670347,1.7104025,0.5955004
567,0.7,0,0.7432176751774663,1.6152207,1.7063979,0.56643385
568,0.95,1,0.8036442630397114,2.1154733,1.8434457,0.7355473
569,0.825,1,0.8221666480852147,2.3919563,2.1440809,0.79325175
570,0.825,0,0.8015804191371172,2.2530289,2.4391804,0.70992374
571,0.725,0,0.7686471514655786,1.8408502,2.0123503,0.7558715
572,0.9,0,0.8129254542303666,2.3736572,2.5961478,0.8350123
573,0.825,1,0.7386214643333071,1.4614346,1.1178955,0.6069916
574,0.875,1,0.873545390907128,2.9671097,2.7924037,0.88537323
575,0.875,1,0.8041735950153666,2.1066418,1.8581728,0.8255431
576,0.9,1,0.8387966040984955,2.503655,2.274513,0.820437
577,0.75,1,0.820962908331718,2.328531,2.0859149,0.85356706
578,0.925,1,0.8537064950485818,2.728944,2.5177183,0.8567831
579,0.75,1,0.8514435369360374,2.7146277,2.5021052,0.85837185
580,0.875,1,0.8741140203819104,2.9884872,2.7901192,0.88785136
581,0.825,1,0.8466988759722719,2.5886664,2.3537502,0.8988995
582,0.675,1,0.764898398961201,1.7488391,1.4458988,0.58800596
583,0.675,1,0.7935705899206908,1.9834664,1.7136724,0.787264
584,0.875,1,0.8387592091887369,2.5592365,2.3294303,0.8256905
585,0.75,1,0.7888518178206612,2.0756402,1.8049535,0.70090955
586,0.725,1,0.8460946572230048,2.6637735,2.4138112,0.9094821
587,0.95,1,0.882135615378506,2.9940343,2.7843733,1.0309565
588,0.95,1,0.802052997838613,2.0940833,1.8718829,0.84149355
589,0.7,1,0.8342547335941013,2.4559436,2.2269654,0.8419502
590,0.85,1,0.8465440650215373,2.626975,2.4350512,0.93083996
591,0.775,1,0.7940154272814757,2.0261376,1.746375,0.8068616
592,0.825,1,0.8229093984917497,2.3896291,2.1702054,0.867818
593,0.75,1,0.8522408835524444,2.7078967,2.5204673,0.8893124
594,0.85,1,0.8073104140245315,2.1428866,1.8779486,0.7883471
595,0.875,1,0.7456288746308495,1.5224978,1.1792601,0.6464467
596,0.775,1,0.8349309916022712,2.529992,2.3114336,0.89390856
597,0.8,1,0.8133597418852959,2.2572217,2.022876,0.8559715
598,0.875,1,0.8317514540128284,2.4608817,2.2374141,0.95410347
599,0.825,1,0.7980760662173032,2.062622,1.7526057,0.8343065
600,0.9,1,0.8074333495776094,2.184135,1.8953289,0.7587988
601,0.85,1,0.8686309926756529,2.9082751,2.7096915,0.92931056
602,0.925,1,0.8250140637525742,2.345193,2.0985909,0.82429284
603,0.825,1,0.8247395772985803,2.4623756,2.2678335,0.7899097
604,0.825,1,0.8578819650337517,2.7396672,2.5268152,0.967316
605,0.825,1,0.8273922287536659,2.3714628,2.177727,0.87691337
606,0.7,1,0.8470858003758931,2.684535,2.4745808,0.86963636
607,0.75,1,0.8613692143494839,2.8313477,2.6382878,0.9393551
608,0.75,1,0.7900080015199742,1.9860281,1.7131331,0.8162958
609,0.8,1,0.8400922099725863,2.5789785,2.359045,0.84492695
610,0.75,1,0.7662092773241608,1.7799305,1.4307107,0.7225065
611,0.9,1,0.7785885454793048,1.8876598,1.5767086,0.64299846
612,0.95,1,0.8257962198433347,2.3684115,2.1311753,0.8331606
613,0.85,1,0.7689963277012096,1.7200234,1.4172945,0.77325803
614,0.625,0,0.7208575589996726,1.2974269,1.424601,0.7038897
615,0.9,0,0.7749089034541243,1.96051,2.120473,0.7877216
616,0.925,1,0.8649251838054642,2.8524766,2.6563978,0.9098513
617,0.85,1,0.8337405876039847,2.5234952,2.3248842,0.8828393
618,0.85,1,0.801847541029441,2.1318524,1.8665901,0.77195233
619,0.8,1,0.7988871420205665,2.1224623,1.8612907,0.7979766
620,0.9,1,0.7972703437978852,2.0194316,1.769594,0.83408314
621,0.825,1,0.7728716705478815,1.8182113,1.5052338,0.6679464
622,0.55,1,0.8443713700530512,2.634078,2.4577668,0.7804947
623,0.825,1,0.7967888040757113,2.0630763,1.7756586,0.74913794
624,0.875,1,0.8246278640080362,2.3737924,2.1575947,0.8613934
625,0.75,1,0.7546669527550853,1.6188313,1.3000944,0.6313183
626,0.775,1,0.8430415953004042,2.6218095,2.4091508,0.8700454
627,0.725,0,0.8266162849989919,2.4893446,2.7289255,0.87411857
628,0.65,0,0.7099195359482864,1.2804694,1.3898196,0.46866307
629,0.75,1,0.7874855563031902,1.90138,1.6592708,0.7901187
630,0.85,1,0.8589512902421017,2.7495732,2.5289435,0.8578096
631,0.8,1,0.7506003063635165,1.7674565,1.4743588,0.44315675
632,0.75,1,0.7953753441961738,2.0723655,1.8082421,0.82897353
633,0.725,1,0.8330368397226839,2.4918795,2.2886486,0.87793183
634,0.875,1,0.8206822830472957,2.378958,2.138061,0.81146836
635,0.9,1,0.8400391467462685,2.593995,2.371469,0.82774734
636,0.875,1,0.7274764687551376,1.3372823,0.975078,0.575669
637,0.8,1,0.7825453355602148,1.8990961,1.6325456,0.78486794
638,0.9,1,0.8360191035612355,2.4895456,2.2836652,0.84198767
639,0.65,0,0.7162798710435082,1.2186242,1.324351,0.7467032
640,0.8,1,0.7786095359844682,1.820372,1.5476036,0.81839854
641,0.825,1,0.8033415414729717,2.111598,1.833453,0.82075936
642,0.725,1,0.8033609472450018,2.138564,1.8666462,0.85046124
643,0.85,1,0.8217385287405476,2.375307,2.1315608,0.8702473
644,0.8,1,0.8186204441987144,2.3432438,2.134478,0.8780936
645,0.775,1,0.8146088807418631,2.3030999,2.0433862,0.8869211
646,0.95,1,0.8560498434728221,2.7468386,2.5870802,0.9184948
647,0.875,1,0.795877109227525,2.0333617,1.7508774,0.84950215
648,0.675,1,0.8147150051801342,2.258854,1.9948242,0.77010113
649,0.85,1,0.7880364548728247,1.9292122,1.6648005,0.8224699
650,0.825,1,0.8526645771636737,2.7414527,2.5559912,0.8332567
651,0.9,0,0.8036283569301008,2.2729623,2.4797795,0.93928975
652,0.85,1,0.7527273272195283,1.7103075,1.3834254,0.5641429
653,0.75,1,0.7681495781285972,1.7266147,1.4703685,0.7463725
654,0.925,1,0.8153911388702338,2.2404327,1.9724505,0.85884815
655,0.675,1,0.8255432232479325,2.4620118,2.2259288,0.6752556
656,0.65,1,0.8269821498666767,2.3755322,2.1277795,0.8618356
657,0.725,1,0.7329246305490043,1.4017079,1.1109122,0.6130086
658,0.75,0,0.7392315268844905,1.525097,1.6291267,0.7313589
659,0.95,1,0.8500388049068407,2.6678402,2.4391148,0.94009084
660,0.625,0,0.7425001828099276,1.5941703,1.7634298,0.6312952
661,0.825,1,0.7832326953780286,1.96853,1.706381,0.64490145
662,1.0,1,0.8526975328470953,2.6952047,2.4657264,0.9370962
663,0.75,1,0.8771803458301332,3.0380213,2.8567274,0.7989526
664,0.75,1,0.8122240754467838,2.2120051,1.9560404,0.97016954
665,0.775,1,0.8515878590633961,2.6933765,2.5244093,0.8436942
666,0.85,1,0.7877553486034679,1.953968,1.6678772,0.80157274
667,0.85,1,0.8765690726164359,2.9917765,2.81873,0.9664216
668,0.825,1,0.8176428752165745,2.2722945,2.00693,0.8706673
669,0.85,1,0.8451209528634727,2.6611385,2.4310808,0.84912646
670,0.9,0,0.8240022768605547,2.4771445,2.7290955,0.877612
671,0.925,1,0.8257530844573076,2.3686194,2.1472306,0.890776
672,0.8,1,0.8058236463876096,2.171668,1.8739979,0.8530958
673,0.7,1,0.7463064675223069,1.569667,1.220229,0.6532574
674,0.725,1,0.787426307531016,1.9399158,1.6818668,0.75987035
675,0.775,1,0.8460273058917409,2.621592,2.4442215,0.8856242
676,0.825,1,0.7832684472927212,1.8854204,1.6197062,0.8418426
677,0.775,0,0.7295911122629275,1.4398493,1.6113784,0.61849344
678,0.975,1,0.8862829291352824,3.080293,2.8993719,0.9777529
679,0.725,1,0.7897062304715029,1.957459,1.682488,0.7715004
680,0.975,1,0.8579528873879406,2.7868595,2.6087294,0.91910815
681,0.825,1,0.8355628266691484,2.5516803,2.3018742,0.8006612
682,0.65,1,0.7586561915372422,1.7011052,1.4132624,0.58669966
683,0.55,1,0.7676554558455788,1.7762519,1.4582183,0.68080753
684,0.975,1,0.7975249119836197,2.132167,1.9344695,0.62217116
685,0.55,0,0.7334104171824806,1.521627,1.6590717,0.55694366
686,0.9,1,0.8319363072044423,2.4898715,2.2406998,0.8468232
687,0.925,1,0.868713263226259,2.8806486,2.6680632,0.96163565
688,0.8,1,0.7168326865101688,1.2540162,0.9357585,0.45680133
689,0.875,0,0.7659337921404052,1.8196299,2.0080674,0.6872508
690,0.8,1,0.8462155466221801,2.6201322,2.461749,0.87796485
691,0.675,1,0.8124649928187268,2.2876399,2.0768561,0.8368294
692,0.725,1,0.8032120748428719,2.217832,1.9738939,0.74297625
693,0.75,1,0.8183471036826753,2.333272,2.10068,0.8416281
694,0.875,1,0.7830602642539288,1.8913481,1.6224674,0.7873147
695,0.625,1,0.7801457263954852,2.068007,1.7940819,0.46955627
696,0.8,1,0.8049238232896193,2.2355108,1.9720824,0.7550427
697,0.775,1,0.8241662752174816,2.3906398,2.1830401,0.95412767
698,0.9,0,0.7047838253144069,1.1743809,1.2510493,0.52407175
699,0.575,1,0.8595552976968226,2.6993992,2.5094252,0.9153988
700,0.775,1,0.8276964045521725,2.4003987,2.2012079,0.9173635
701,0.975,1,0.8351332598567796,2.4730277,2.2626987,0.9150875
702,0.775,1,0.8140483715318169,2.2540717,1.9804121,0.78856504
703,0.8,1,0.7936741419611149,1.9898431,1.7306086,0.73425287
704,0.8,1,0.7645719890910894,1.749389,1.4121665,0.54926723
705,0.9,1,0.82182795617713,2.3691554,2.1391182,0.83859706
706,0.8,1,0.8306337853035672,2.430046,2.1691194,0.9595935
707,0.9,1,0.8160593162982399,2.2581387,2.0440516,0.8513924
708,0.9,0,0.8128819458126861,2.4363556,2.6719918,0.8217743
709,0.9,0,0.8087022046138732,2.3089018,2.5406084,0.76864624
710,0.875,0,0.7427289106589541,1.6035156,1.7389421,0.7855681
711,0.7,0,0.7700424290773294,1.8652413,2.059051,0.77507913
712,0.775,1,0.7706200745911083,1.8088866,1.5092242,0.64618814
713,0.875,1,0.7990775461568809,2.0555062,1.7715564,0.9176062
714,0.8,1,0.7447837643660076,1.5225742,1.1713625,0.65817904
715,0.825,1,0.8484908306644705,2.6752384,2.488214,0.84154093
716,0.9,1,0.8595808563004013,2.808918,2.6182034,0.9695885
717,0.8,1,0.7363517763255415,1.4594166,1.0955815,0.4916443
718,0.825,1,0.8052537650235307,2.1495652,1.8843149,0.82062274
719,0.9,1,0.8086320178380468,2.1696486,1.9049362,0.74268806
720,0.75,1,0.8054547294159562,2.171138,1.9076033,0.7349625
721,0.8,1,0.8095140436083051,2.1715224,1.9030732,0.86081904
722,0.725,1,0.7774069043441272,1.9628086,1.6625602,0.697904
723,0.9,1,0.8328225196504973,2.4614885,2.1886735,0.91661674
724,0.8,1,0.7910541851414867,2.0493782,1.8247063,0.5951258
725,0.85,1,0.7901401833482773,1.9492224,1.6894724,0.8019149
726,0.6,1,0.8599970303425475,2.77289,2.5515544,0.897134
727,0.85,1,0.8418776548728868,2.5827873,2.3905878,0.8795451
728,0.85,1,0.8026646274041355,2.1091561,1.803101,0.84994656
729,0.725,1,0.8133096999430245,2.3235602,2.0673077,0.78171635
730,0.875,1,0.8017421505731152,2.114717,1.8393122,0.85704696
731,0.825,1,0.8391123416874671,2.5669923,2.3484292,0.9084072
732,0.525,1,0.7439298339294358,1.5559629,1.3364176,0.43998837
733,0.925,1,0.85353395300773,2.731582,2.51986,0.8388827
734,0.825,1,0.8251257180761702,2.3453443,2.0855286,0.81443244
735,0.875,1,0.7391163364678548,1.5612663,1.2356979,0.42343053
736,0.725,1,0.8402501030984602,2.4907284,2.2890306,0.975164
737,0.975,1,0.8395969905410753,2.5879407,2.3570518,0.9027643
738,0.85,1,0.8102044377283371,2.2279146,1.9618385,0.81099194
739,0.925,1,0.8370383211271422,2.5129597,2.2818515,0.9086317
740,0.9,1,0.8355913433624098,2.4562387,2.2270637,0.8364625
741,0.95,1,0.8114865175031054,2.2646496,2.0209754,0.82117647
742,0.75,1,0.7621589926356878,1.7882439,1.5170653,0.58703107
743,0.825,0,0.7685935223563289,1.9047806,2.0804102,0.7056514
744,0.675,1,0.8020756450504066,2.0861468,1.8464022,0.8718878
745,0.875,1,0.8316396741014989,2.6045716,2.4047906,0.6114967
746,0.5,1,0.745341283640206,1.5114249,1.2108439,0.61453766
747,0.925,1,0.8580964124112996,2.7955883,2.5654252,0.81177783
748,0.9,1,0.8769581545322042,3.0193734,2.856905,0.95254433
749,0.725,1,0.8281491518095281,2.396297,2.1465902,0.8323054
750,0.9,1,0.804001796326919,2.1241574,1.8553807,0.74834925
751,0.675,1,0.7710858259724429,1.7048851,1.4467616,0.74228257
752,0.825,1,0.8372960735010865,2.494918,2.2382286,0.8703576
753,0.9,1,0.8062730644083136,2.1440768,1.9159994,0.814439
754,0.725,1,0.8159923594171273,2.2704291,2.0199733,0.85946566
755,0.775,1,0.7968620976104261,2.0359397,1.7648498,0.855863
756,0.85,1,0.8253891575046368,2.4265742,2.1858494,0.8354136
757,0.475,1,0.8157512521754149,2.3338852,2.117559,0.8258339
758,0.875,1,0.8149092157817623,2.2710648,2.0276954,0.87462854
759,0.95,1,0.8471639599801315,2.623055,2.3655238,0.8918316
760,0.65,1,0.8237627521904641,2.3641462,2.104991,0.81908333
761,0.85,1,0.8443814463339774,2.6246648,2.4307878,0.8884243
762,0.75,1,0.8559856467287663,2.7744317,2.5387247,0.822438
763,0.925,1,0.8486377425257585,2.6908028,2.4773557,0.83720505
764,0.9,1,0.8161738774089053,2.2445893,2.0392418,0.82000285
765,0.75,1,0.8150059530872562,2.2527885,1.9768093,0.9078061
766,0.9,0,0.8415100190415677,2.6954646,2.9301813,0.79398596
767,0.975,1,0.8393073284271853,2.5289068,2.2739944,0.8360126
768,0.775,1,0.8322500121044993,2.4873247,2.2723417,0.7990112
769,0.825,1,0.8017579826540103,2.1273468,1.8718892,0.830348
770,0.775,0,0.7654761517928994,1.7808783,1.9423138,0.77075225
771,0.875,1,0.807306667817525,2.2446637,1.9962013,0.77981794
772,0.875,1,0.750088244060807,1.4959226,1.2022098,0.7986283
773,0.85,1,0.8193625588485267,2.286237,2.0442755,0.812139
774,0.85,0,0.7629081947458819,1.8601259,2.034419,0.63015604
775,0.75,1,0.8721782121125701,2.9705765,2.7664297,0.8647971
776,0.825,1,0.8665427057843916,2.8772578,2.6814485,0.84027314
777,0.875,1,0.7679957229064387,1.721932,1.4252272,0.8050326
778,0.9,1,0.8415470341161642,2.5984616,2.3758788,0.9139872
779,0.875,1,0.8041013089501946,2.1219838,1.8690995,0.81513864
780,0.9,1,0.8722833549658972,2.968718,2.7914531,0.85344803
781,0.85,1,0.7609698373013731,1.7200829,1.4022858,0.56662667
782,0.95,1,0.8470816007900951,2.6126952,2.3852892,0.8902534
783,0.8,1,0.8114976784386978,2.2040172,1.9228864,0.8125524
784,0.65,1,0.831058929661965,2.4524398,2.193144,0.78590006
785,0.8,1,0.7838745929423921,1.9004408,1.6238896,0.76855814
786,0.775,1,0.8563474606955315,2.7244408,2.5020385,0.856103
787,0.725,1,0.8120995412180536,2.247004,2.0472758,0.7551259
788,0.85,1,0.813072915775731,2.2478807,1.984382,0.89344746
789,0.625,0,0.7395615050448638,1.6277373,1.7643919,0.62281746
790,0.7,0,0.7673740470706308,1.8297274,2.0333252,0.76051396
791,0.95,1,0.8271616242674996,2.4560826,2.2863088,0.8463149
792,0.875,1,0.8685093208717202,2.8461847,2.6860118,0.8742635
793,0.75,1,0.833933495145941,2.5032697,2.2560751,0.92553794
794,0.825,1,0.8358406624147259,2.4728334,2.229683,0.9354376
795,0.525,0,0.7837207659844186,2.0157473,2.2158365,0.7746791
796,0.775,1,0.7416141109330936,1.585531,1.2313353,0.5409542
797,0.925,1,0.8437337413536634,2.6503325,2.3820634,0.78286886
798,0.675,1,0.792645126333191,1.9879215,1.7398095,0.81491095
799,0.8,1,0.8138548166259798,2.2608798,1.9695768,0.8558151
800,0.725,1,0.7944072723708344,2.0193746,1.759133,0.832609
801,0.625,0,0.7878616825272403,2.140596,2.334775,0.7037866
802,0.775,1,0.7973988785116597,2.0356874,1.7701398,0.7991723
803,0.9,0,0.812256743763527,2.3103218,2.5349236,0.8668255
804,0.775,1,0.8209669084131269,2.33419,2.1093237,0.7209423
805,0.625,0,0.7533135699646611,1.7159472,1.8476076,0.77942806
806,0.75,1,0.8385244539640526,2.563078,2.3463335,0.74568236
807,0.675,0,0.6891306995485236,1.032593,1.1653506,0.46375975
808,0.6,1,0.7460870321594115,1.4953114,1.1923759,0.61158246
809,1.0,1,0.8805516378996254,3.0348377,2.8371878,0.85318935
810,0.95,1,0.7432198589700174,1.475326,1.1351736,0.69586223
811,0.6,0,0.7526283456751584,1.7630578,1.8841424,0.61166835
812,0.725,0,0.7699100373921611,1.8634297,2.0311193,0.7786077
813,0.925,1,0.7883119950921796,1.9279516,1.6492686,0.79588395
814,0.775,1,0.7976092543780229,2.1195748,1.827852,0.75233275
815,0.875,1,0.8181542712990425,2.3382013,2.1105995,0.8126526
816,0.775,1,0.8128777001298357,2.2066684,1.9486116,0.8423819
817,0.55,1,0.790736754504973,1.9744941,1.7154706,0.7606073
818,0.925,0,0.8019464835921473,2.285842,2.4530334,0.7280296
819,0.65,1,0.8110071657757153,2.2691464,2.0871463,0.6364675
820,0.85,1,0.8480684542787972,2.655839,2.4633348,0.8222386
821,0.725,1,0.8065408805928722,2.2566757,1.9963889,0.67553955
822,0.95,0,0.7866297461654981,2.042419,2.1905718,0.7619831
823,0.85,1,0.7947954157130436,2.0410523,1.7593261,0.8083204
824,0.875,1,0.8546823459158337,2.7497168,2.55242,0.8916664
825,0.925,1,0.8296361995763668,2.4311867,2.2153444,0.8920237
826,0.775,1,0.818935101579753,2.3072805,2.092749,0.9023173
827,0.775,1,0.8166037003780826,2.291342,2.0150998,0.8806425
828,0.825,1,0.861503516240814,2.8205647,2.6364613,0.95466745
829,0.925,0,0.7343993551154746,1.4855244,1.5875598,0.68836015
830,0.6,0,0.7165345138833592,1.329606,1.4635832,0.5459424
831,0.9,0,0.7477889204350663,1.5704309,1.7296406,0.75943637
832,0.925,1,0.790580790467864,1.9793885,1.7241353,0.79096884
833,0.925,1,0.7591090260753861,1.6868513,1.4331328,0.61360013
834,0.85,1,0.795953181586434,2.0561705,1.7933433,0.8136422
835,0.7,0,0.7296153020821596,1.4413226,1.5363128,0.6178029
836,0.95,1,0.799530756036293,2.113429,1.834173,0.82563335
837,0.95,1,0.8907054780207291,3.1641788,2.971109,1.0082365
838,0.575,0,0.7271189711837318,1.5395947,1.6687406,0.415023
839,0.875,1,0.8225148530700402,2.3977838,2.2060683,0.88000727
840,0.775,1,0.8432337055102892,2.633758,2.400373,0.8670198
841,0.85,1,0.7933430661826831,1.9923576,1.7358226,0.8095752
842,0.9,1,0.8566933317110088,2.77054,2.5784414,0.89133954
843,0.825,0,0.7536746266900757,1.6683404,1.8167456,0.7497387
844,0.875,1,0.796262946264759,2.0126486,1.7627078,0.8360863
845,0.8,1,0.7943927911711421,2.0178933,1.7260963,0.7574007
846,0.725,1,0.7788933750925291,1.9822166,1.7158264,0.642789
847,0.9,1,0.8799551976556244,3.067526,2.875221,0.9662381
848,0.575,1,0.7749008470519327,1.8457168,1.5382805,0.74470586
849,0.675,1,0.806425707224595,2.1685224,1.9050374,0.8143824
850,0.85,1,0.8303664980358321,2.444732,2.18046,0.8307747
851,0.875,1,0.8555449292471706,2.7649271,2.5732381,0.9034401
852,0.8,1,0.7814507412484268,1.8786191,1.6544335,0.7381749
853,0.85,1,0.8121063292894736,2.235529,1.987395,0.8116512
854,0.65,1,0.786463864397424,1.9479194,1.6644055,0.76880664
855,0.85,1,0.7381005515390355,1.4549067,1.1466241,0.52840406
856,0.95,1,0.7631233982741011,1.6554179,1.3414927,0.7041012
857,0.85,1,0.8290443707634653,2.457091,2.2193353,0.91680825
858,0.975,1,0.8261872578429348,2.3648753,2.1112812,0.8480476
859,0.6,1,0.826472428384762,2.3592525,2.1153278,0.79546493
860,0.8,1,0.7088499502479989,1.1477866,0.7806963,0.45550033
861,0.775,1,0.8031315164570232,2.180603,1.9623128,0.74655163
862,0.8,1,0.8702593964110353,2.9025126,2.7082565,0.84008855
863,0.825,1,0.6925572903481959,1.009972,0.6875225,0.3243409
864,0.85,1,0.8162716199866318,2.385791,2.136001,0.806361
865,0.65,0,0.6986304098916597,1.0661639,1.1507835,0.5777519
866,0.5,1,0.8219159233749231,2.329657,2.1191382,0.7526645
867,0.8,1,0.8222825061853813,2.3119287,2.082281,0.9173737
868,0.775,1,0.8296435649260837,2.36897,2.1734824,0.8921501
869,0.675,1,0.8025839655658422,2.1175425,1.8522232,0.8406063
870,0.825,1,0.7821334752061427,1.9387633,1.6309996,0.67078716
871,0.975,1,0.7889816568893635,2.0584958,1.8121824,0.5151474
872,0.9,1,0.826907563872755,2.419755,2.1923146,0.8736733
873,0.95,1,0.8494602960670646,2.6590724,2.416883,0.88281924
874,0.85,1,0.7985599192474363,2.2034009,1.9614687,0.5833465
875,0.75,0,0.7190055774199837,1.2694603,1.4110754,0.65118676
876,0.725,1,0.7628106122076574,1.65747,1.3649228,0.7489058
877,0.825,1,0.8040213396928666,2.1988897,1.8980647,0.6363783
878,0.9,1,0.8204262955701643,2.307963,2.0452147,0.8016973
879,0.925,1,0.8479539955307509,2.64718,2.437708,0.88147044
880,1.0,1,0.8467370503924008,2.6856432,2.496837,0.733946
881,0.8,1,0.804041796592133,2.0941477,1.8325334,0.8601298
882,0.975,1,0.8826812958883723,3.0482302,2.8351202,0.94674623
883,0.7,1,0.7951816109925995,2.0337553,1.7456628,0.8279943
884,0.75,1,0.8026930065968007,2.1781185,1.9391682,0.7541936
885,0.825,1,0.8287974212574987,2.4462285,2.2198381,0.89726704
886,0.775,1,0.8250290105618223,2.4243655,2.1903436,0.8195944
887,0.6,0,0.7266767691516459,1.4384556,1.55691,0.5272173
888,0.725,1,0.8865868568584658,3.1056101,2.956273,0.92616403
889,0.575,0,0.7666485616562728,1.9157615,2.0776296,0.73590636
890,0.8,1,0.7541991901853838,1.6167624,1.2804736,0.7238139
891,0.725,1,0.8503125343522271,2.7258542,2.512813,0.84166944
892,0.95,1,0.869988381045409,2.9218092,2.7232525,0.84822786
893,0.825,1,0.8577621810125059,2.760915,2.5826206,0.97379255
894,0.7,1,0.7645180806501042,1.7572498,1.4467155,0.6206897
895,0.825,1,0.8008348687327234,2.069026,1.815961,0.8294458
896,0.675,1,0.7582477812623947,1.6288565,1.3404351,0.7029757
897,0.525,1,0.7773758649179019,1.8127544,1.5285572,0.7052986
898,0.8,1,0.8002182820704309,2.101093,1.8312935,0.77039903
899,0.775,1,0.7879745826601456,1.9453124,1.6893698,0.75640815
900,0.925,1,0.8641024849136285,2.8644185,2.700915,0.9511031
901,0.65,1,0.7810814423009913,1.861541,1.5757511,0.8503918
902,0.575,1,0.7993069953656678,2.0643153,1.8036517,0.79910046
903,0.825,1,0.828873677550714,2.4867902,2.2296987,0.8087859
904,0.825,1,0.8424634760873708,2.5745122,2.3317983,0.80458814
905,0.9,0,0.7445755871289714,1.6154344,1.7571782,0.6186697
906,0.775,1,0.8160994362170602,2.2608263,2.02473,0.8487529
907,0.825,1,0.7515347952618673,1.515788,1.2316974,0.7413694
908,0.725,1,0.7481927530082437,1.5781479,1.3424176,0.5322266
909,0.85,1,0.7755470101600652,1.8094311,1.5373945,0.83856314
910,0.925,0,0.743464762170388,1.5152141,1.6888071,0.7760789
911,0.85,1,0.8492071815282463,2.6707978,2.4718056,0.8214581
912,0.875,1,0.8051326637180221,2.118399,1.9129554,0.8297989
913,0.9,1,0.844884922502468,2.6317558,2.4438176,0.90236354
914,0.825,1,0.810066741054867,2.260912,2.016435,0.80148035
915,0.75,1,0.8145593437922622,2.2537296,1.9903195,0.8493497
916,0.7,1,0.76371685906182,1.6431813,1.3633876,0.8207024
917,1.0,1,0.867410962959488,2.9232373,2.716515,0.8997002
918,0.7,0,0.6952654565693619,1.1674838,1.2900524,0.43867567
919,0.825,1,0.81705090354977,2.3201375,2.0823407,0.8340547
920,0.725,1,0.7733411105028016,1.8133898,1.5534141,0.58986825
921,0.725,0,0.7346507040095971,1.495995,1.5988581,0.64282215
922,0.775,1,0.8553295170293435,2.7644203,2.5698864,0.7586479
923,0.825,1,0.8001759326117046,2.0766194,1.8207008,0.81306297
924,0.825,1,0.8151772658610057,2.2549267,1.9828589,0.7189203
925,0.675,1,0.7926211701650612,2.0163286,1.7425132,0.81586236
926,0.85,1,0.8471711568522415,2.672892,2.460854,0.9303569
927,0.7,1,0.8235442560612591,2.3618684,2.0974517,0.79707474
928,0.75,1,0.7818091695060422,1.9273757,1.7183121,0.6290438
929,0.9,1,0.8489353270142252,2.6739082,2.4614308,0.8345052
930,0.65,1,0.7900293869652287,1.9754972,1.7267749,0.6867218
931,0.85,1,0.8308253945666453,2.5080302,2.2430985,0.8054292
932,0.9,1,0.8534239108673274,2.757374,2.6062388,0.83573806
933,0.875,1,0.8803461793849262,3.0701447,2.8375838,1.0061945
934,0.95,0,0.8356839931243404,2.6393585,2.8793547,0.919834
935,0.925,1,0.8598930505314643,2.7919507,2.563366,0.85792285
936,0.825,1,0.8156997365238302,2.269508,2.0168972,0.8880932
937,0.775,1,0.8203363280628511,2.3226998,2.0845392,0.841986
938,0.8,1,0.8625399105929398,2.8426266,2.6529312,0.8767051
939,0.9,1,0.8114015746602727,2.2264085,1.9388632,0.9180259
940,0.9,1,0.8425047841527111,2.5344105,2.3119006,0.8647545
941,0.85,1,0.8141607124983244,2.2826262,2.0602264,0.8101816
942,0.975,1,0.8133207622828885,2.2074034,1.9614884,0.81753844
943,0.875,1,0.8070669699028624,2.1618707,1.8899558,0.78356034
944,0.775,1,0.7884912316430983,1.9255413,1.6539572,0.8047108
945,0.725,1,0.828366952103056,2.4366426,2.1721876,0.8141864
946,0.75,1,0.796760955997424,2.0344543,1.7573621,0.84937924
947,0.925,1,0.8631011330083038,2.8487859,2.6203265,0.88264966
948,0.775,1,0.7949729861118787,2.0084326,1.7277452,0.7109926
949,0.9,1,0.7993849517808578,2.0485406,1.785167,0.8544874
950,0.875,1,0.7871364354554535,1.949274,1.7355876,0.77102965
951,0.925,1,0.7757192621145337,1.9652288,1.7447978,0.5243937
952,0.925,0,0.7843054193168314,2.002894,2.217628,0.8348618
953,0.925,0,0.7728339708545714,1.8642557,2.026204,0.7250229
954,0.925,1,0.8497200651166039,2.7064967,2.5381038,0.9295956
955,0.7,1,0.7484531777636085,1.5013031,1.2033538,0.6675255
956,0.875,1,0.7679402743800464,1.7252719,1.4194344,0.80759364
957,0.95,1,0.8500273898894173,2.6682682,2.4810257,0.8180981
958,0.625,1,0.7797080987080371,1.9230653,1.66283,0.69962627
959,0.825,1,0.8201895702289312,2.3398643,2.1055965,0.85119414
960,0.85,1,0.7641712067418663,1.7581207,1.4884409,0.67425746
961,0.875,1,0.839371042846157,2.5327883,2.2719119,0.8275988
962,0.85,1,0.8576973498700416,2.8054614,2.673974,0.89699984
963,0.925,1,0.8652124516066556,2.874535,2.6719627,0.85396457
964,0.8,1,0.7982981291432993,2.0377004,1.7741196,0.7799534
965,0.975,1,0.8289837950215032,2.4442058,2.2016249,0.885327
966,0.75,1,0.8610592764921696,2.827238,2.6530938,0.9756449
967,0.9,0,0.7846378800751059,2.0461514,2.2270494,0.8045138
968,0.925,1,0.8221900550802219,2.3195856,2.09693,0.88004154
969,0.95,1,0.8543278383586976,2.6973667,2.442534,0.911915
970,0.775,1,0.8045312794339758,2.157928,1.9038938,0.7541374
971,0.825,1,0.8264441917056373,2.3955517,2.2070308,0.9653013
972,0.85,1,0.7256301622160845,1.3213534,0.9804225,0.5470936
973,0.775,1,0.8084964309909197,2.1805115,1.8989236,0.76819265
974,0.875,0,0.7638587853352298,1.8447646,1.9872367,0.7513863
975,0.825,1,0.817333933884989,2.2364821,2.0132706,0.8556897
976,0.775,1,0.8047604298882138,2.1516843,1.9519057,0.8614098
977,0.9,1,0.825349969526583,2.391437,2.1657796,0.87118
978,0.825,1,0.8538154582541336,2.759913,2.5508857,0.87988836
979,0.875,1,0.8504431730231111,2.656921,2.41847,0.9950195
980,0.775,1,0.7947541265303065,2.0103931,1.7476327,0.88991153
981,0.8,0,0.7681328866482788,1.8210219,2.0129664,0.8381842
982,0.95,0,0.747747293800237,1.6944672,1.8208067,0.63290066
983,0.9,1,0.8234156206260708,2.3447073,2.0783587,0.8113288
984,0.65,1,0.8337309125053877,2.4571204,2.2314181,0.7983268
985,0.825,1,0.7991748651577113,2.074143,1.8034219,0.7654722
986,0.8,1,0.7892181820791813,1.9669762,1.6717812,0.80704385
987,0.9,1,0.8789776872624093,3.0203264,2.8561876,0.9387282
988,0.925,1,0.8003898486325257,2.0964262,1.8084133,0.84418136
989,1.0,1,0.8428912151789179,2.616961,2.375576,0.79519856
990,0.875,1,0.8359216819349847,2.5169837,2.3024907,0.8440801
991,0.725,1,0.817573000123111,2.2987738,2.004872,0.8275263
992,0.825,1,0.7901473543874669,1.9497775,1.6807586,0.7796208
993,0.825,0,0.770350380897515,1.8865597,2.0855079,0.63233215
994,0.725,1,0.7846728361526066,1.9050394,1.6164005,0.7672065
995,0.825,1,0.7890844200170279,2.021311,1.7961167,0.74964
996,0.775,1,0.8093196550891277,2.208167,1.938017,0.7637425
997,0.725,1,0.7258424339184492,1.3434564,1.0246384,0.6479723
998,0.9,1,0.8422815935359608,2.6365292,2.4222617,0.8793229
999,0.725,1,0.8307457611237321,2.4610155,2.188233,0.88937145
1000,0.9,1,0.8143938395697491,2.2486467,1.9961312,0.83531636
1001,0.925,1,0.840475293754139,2.5861418,2.349996,0.87806475
1002,0.75,1,0.807239058566711,2.1722453,1.9355701,0.71945184
1003,0.8,1,0.7141093520481558,1.2321603,0.9145868,0.4686536
1004,1.0,1,0.8369645970707652,2.5327597,2.3203914,0.8938671
1005,0.7,1,0.8173311496711053,2.409864,2.211571,0.66764116
1006,0.825,1,0.7619989548834596,1.7094319,1.4749308,0.565401
1007,0.95,1,0.8632111328008439,2.809047,2.6096451,0.9049502
1008,0.825,0,0.7681225059471471,1.8104138,1.9548285,0.79720116
1009,0.7,0,0.744412646616561,1.5424395,1.6594005,0.68736726
1010,0.95,1,0.8485195229367077,2.5990012,2.3828206,0.9278406
1011,0.925,0,0.803073965974202,2.293635,2.4904513,0.8879073
1012,0.95,1,0.772006641470746,1.8027548,1.4804187,0.7173406
1013,0.925,0,0.8570286420907415,2.8822527,3.1477735,0.9106717
1014,0.75,1,0.8207330624055842,2.374208,2.1289244,0.89188135
1015,0.95,1,0.8210530661706017,2.3484817,2.0954041,0.85370046
1016,0.75,1,0.7256858434326863,1.3153297,0.9412805,0.5516568
1017,0.725,1,0.8510190687818872,2.6726367,2.4752464,0.8470087
1018,0.825,1,0.8409962871152314,2.551902,2.3036675,0.8964534
1019,0.875,1,0.8078252152071832,2.176405,1.8741074,0.82345504
1020,0.8,1,0.7786904701960392,1.9452589,1.6635923,0.7055632
1021,0.675,0,0.754472279579766,1.646022,1.8086933,0.79109645
1022,0.65,1,0.7997866452635949,2.0800629,1.8104872,0.81018096
1023,0.875,1,0.8729874272335265,2.9706166,2.785162,0.9226252
1024,0.925,1,0.8442386636813116,2.6037297,2.3691182,0.89301825
1025,0.925,1,0.8365545589774279,2.4988315,2.3116043,0.9308769
1026,0.775,1,0.7633818608696,1.6691086,1.340542,0.7152416
1027,0.875,1,0.7968571839743914,2.0899856,1.8652279,0.73411584
1028,0.825,1,0.8015736810642189,2.1127925,1.8152832,0.69544476
1029,1.0,1,0.8074344460280105,2.1683793,1.8923446,0.76445913
1030,0.75,1,0.8545052865391759,2.7562616,2.5552135,0.86915874
1031,0.825,0,0.7727670485211783,1.9290395,2.1109083,0.7473358
1032,0.775,0,0.7712576588105868,1.9076533,2.1056194,0.7277943
1033,0.75,1,0.8800761642200035,3.0407987,2.8731625,0.9766176
1034,0.9,0,0.7839793693625909,1.9913383,2.19805,0.8569389
1035,0.875,1,0.7797977922926445,1.9080377,1.6460147,0.7413223
1036,0.85,1,0.8372949820770889,2.535503,2.3226733,0.89448315
1037,0.8,1,0.7552789480674048,1.7155658,1.4184777,0.54788834
1038,0.65,1,0.8651677659895884,2.8579154,2.6703858,0.9412403
1039,0.95,0,0.7864897627966939,2.0762103,2.2747672,0.8179036
1040,0.95,1,0.8070293468188048,2.1874626,1.9867606,0.7769361
1041,0.975,1,0.7166213092505747,1.2460892,0.92354333,0.4503505
1042,0.775,1,0.7937458762042235,2.0295374,1.7629645,0.65612084
1043,0.825,1,0.7912685828880104,2.0013072,1.7255609,0.78247213
1044,0.8,1,0.7330926150739584,1.5704365,1.2496552,0.34707403
1045,0.9,1,0.8713210590019806,2.9585748,2.7810764,0.9307313
1046,0.85,1,0.8110068396149176,2.2195375,1.9545699,0.818106
1047,0.85,0,0.8040138961689101,2.280933,2.4990008,0.7853383
1048,0.75,1,0.8411646753211514,2.5449438,2.2957926,0.85596
1049,0.95,1,0.8495295536572498,2.7084851,2.4984674,0.94092894
1050,0.8,1,0.8285852715080873,2.4197583,2.1753473,0.95019454
1051,0.75,1,0.818998746381125,2.2765493,2.0339363,0.79222757
1052,0.775,1,0.8366137133396814,2.6330438,2.4081922,0.76892495
1053,0.85,1,0.7855331084775741,1.9167067,1.6404786,0.8248498
1054,0.75,1,0.8261887006313796,2.3438132,2.1233158,0.7845132
1055,0.725,1,0.7360927670232263,1.4492635,1.0989126,0.64900535
1056,0.8,1,0.8188457308779524,2.2875385,2.031013,0.88374704
1057,0.95,1,0.8171740402648608,2.2988272,2.018571,0.7990033
1058,0.775,0,0.786240569344614,2.158059,2.344913,0.67122567
1059,0.7,0,0.7616509220907515,1.8552377,2.0161183,0.74350864
1060,0.95,1,0.7905570767549073,1.9334543,1.6797202,0.88011336
1061,0.9,1,0.8346611981323009,2.5377254,2.3267508,0.7818047
1062,0.75,0,0.7157457535860283,1.3070511,1.3530318,0.5612476
1063,0.85,1,0.842214850248908,2.559507,2.427517,0.83972114
1064,0.775,1,0.838472798883791,2.5263615,2.284939,0.9176481
1065,0.9,1,0.752472042020605,1.6034521,1.2460992,0.67811984
1066,0.975,1,0.8198137109629788,2.368255,2.1228757,0.8049997
1067,0.75,1,0.8174230830719662,2.3259087,2.079702,0.8377204
1068,1.0,1,0.8191811013496801,2.288846,2.0642834,0.9609029
1069,0.9,1,0.8235728589560044,2.3425689,2.080422,0.83121485
1070,0.75,1,0.821359594209931,2.3309197,2.133135,0.86931896
1071,0.675,1,0.8111397022187932,2.2020392,1.9744198,0.82372075
1072,0.85,1,0.8302990339804612,2.4953763,2.2155118,0.7900923
1073,0.825,1,0.8215195921165923,2.3415802,2.1515725,0.84312344
1074,0.8,1,0.7943478571779904,2.0312498,1.767699,0.768756
1075,0.75,1,0.803259126734253,2.1597185,1.9300696,0.8600174
1076,0.875,1,0.8363982649681364,2.5544596,2.3112512,0.79004633
1077,0.725,1,0.755993516258026,1.6413968,1.3286824,0.7783175
1078,0.775,1,0.8077839258642245,2.1811762,2.0013933,0.78400385
1079,0.85,1,0.8232565316793079,2.3393438,2.1161275,0.7663049
1080,0.9,1,0.8548544056568907,2.7661848,2.5434718,0.84564644
1081,0.95,1,0.8312392748853079,2.4187446,2.1776419,0.83685964
1082,0.9,1,0.7525265514761377,1.6801574,1.448556,0.48948595
1083,0.825,1,0.7869515444041142,1.9386796,1.6780496,0.77698416
1084,0.8,1,0.8689985699223496,2.9119987,2.7221832,0.9436112
1085,0.9,1,0.8439805970244316,2.6388307,2.4203963,0.92295766
1086,0.75,1,0.7861348706713215,2.0657294,1.7847146,0.5656052
1087,0.775,1,0.8039826687221194,2.1279597,1.8329364,0.8329071
1088,0.8,0,0.7725974548597108,1.8772708,2.053671,0.7508326
1089,0.95,1,0.8364742604240587,2.555764,2.3536015,0.8673055
1090,0.8,1,0.7943168375543475,2.008903,1.731612,0.77059287
1091,0.75,1,0.8805308683234729,3.0495377,2.8398645,0.8922957
1092,0.85,1,0.8098481960058281,2.1826084,1.9736986,0.72168607
1093,0.875,1,0.8516380523671758,2.6965241,2.5016954,0.85990447
1094,0.825,1,0.752046971738126,1.6132911,1.319301,0.59741575
1095,0.8,1,0.8043228763823378,2.1362913,1.8656424,0.9444358
1096,0.7,1,0.7839292248232912,1.9128501,1.6243868,0.820021
1097,0.8,1,0.8060136540445335,2.2439535,1.9948186,0.67408955
1098,0.9,1,0.7815032023029447,2.0175014,1.7683067,0.60411906
1099,0.7,1,0.7950458734378612,2.0322547,1.7559205,0.7645144
1100,0.775,1,0.7769818543948381,1.8202498,1.5299666,0.8045487
1101,0.675,0,0.7588920255860951,1.7176678,1.8682587,0.71919864
1102,0.875,1,0.8510309663322839,2.6955228,2.4832225,0.89057004
1103,0.775,1,0.7765553010595595,1.8217613,1.5531857,0.7937215
1104,0.525,1,0.7775342143611931,1.8387616,1.6268784,0.71811455
1105,0.825,1,0.8451146904357252,2.6508815,2.4741046,0.92842793
1106,0.85,1,0.7812978337996213,1.8703314,1.5832003,0.74758345
1107,0.775,1,0.7347381451014721,1.3543692,1.0757587,0.7320791
1108,0.8,1,0.7745403337380451,1.8507671,1.5881789,0.7633181
1109,0.725,1,0.8152491244954163,2.2657652,2.055615,0.71668804
1110,0.8,1,0.772176111307846,1.8129812,1.5010093,0.67439663
1111,0.8,1,0.8402451159546855,2.5729175,2.3990493,0.80515873
1112,0.8,1,0.8005347264367019,2.1583047,1.8977345,0.737029
1113,0.8,1,0.8179804878573947,2.3331156,2.0913246,0.88870275
1114,0.75,1,0.8473990488317289,2.6537874,2.4497554,0.8503115
1115,0.85,0,0.7908321427293239,2.1226077,2.3244505,0.85129607
1116,0.875,1,0.8239952919741503,2.3618522,2.104105,0.9765105
1117,0.725,1,0.8031913280187042,2.2495623,2.0172272,0.67410815
1118,0.8,1,0.834592813475153,2.4651086,2.1974134,0.9856524
1119,0.65,1,0.7766811556596901,1.8240508,1.5721067,0.6407987
1120,0.775,1,0.8147857951432813,2.3816981,2.1718965,0.6683962
1121,0.775,0,0.7679719885589191,1.8885876,2.0551512,0.6711345
1122,0.95,1,0.8266749354116782,2.3937912,2.160843,0.8853107
1123,0.875,1,0.8572840161178752,2.7734475,2.5728745,0.82663935
1124,0.9,1,0.8569100847583242,2.7761636,2.5858643,1.0192614
1125,0.725,1,0.7907178314915791,1.9629894,1.6971601,0.8802292
1126,0.85,1,0.8439079035681756,2.5642793,2.3827233,0.92290586
1127,0.975,1,0.9150778410069395,3.4599879,3.3072739,0.95675176
1128,0.875,1,0.8144081417301416,2.2503479,2.0108335,0.8894636
1129,0.975,1,0.8675944731273554,2.8671155,2.7104974,0.9760862
1130,0.75,1,0.8330452268252142,2.5177288,2.2956822,0.7906728
1131,0.5,1,0.8231982597066346,2.3308024,2.1065128,0.95066017
1132,0.525,0,0.723401282230128,1.323318,1.471373,0.75138533
1133,0.875,1,0.8195136466510142,2.391034,2.1444879,0.77249324
1134,0.925,1,0.810806838805178,2.2646508,1.9884291,0.8046773
1135,0.625,0,0.7270319220011902,1.4156502,1.5036957,0.58489674
1136,0.575,1,0.8407373408593393,2.5621936,2.3553524,0.853951
1137,0.75,0,0.7979208187785406,2.220403,2.4267807,0.76527596
1138,0.85,1,0.8325170491735032,2.4912646,2.236235,0.82677114
1139,0.825,1,0.8208360336398867,2.3572555,2.092527,0.8609521
1140,0.875,1,0.777227523817555,1.9385216,1.6431417,0.5991682
1141,0.825,1,0.8020697189294375,2.1168213,1.8500668,0.80880076
1142,0.75,1,0.7995861704260854,2.0851939,1.8143761,0.8145086
1143,0.8,1,0.7904921596597503,1.989276,1.7004517,0.7771938
1144,0.575,0,0.6929311400625126,1.1382922,1.2144547,0.47916445
1145,0.8,1,0.8312045647246319,2.4701667,2.1941354,0.92837304
1146,0.95,1,0.8084123951893516,2.2449226,1.9803084,0.73315877
1147,0.6,1,0.8240085543063972,2.4374394,2.2382474,0.74162644
1148,0.9,1,0.8837048176074369,3.0823255,2.919936,0.94204575
1149,0.7,1,0.8546491670944363,2.7368405,2.583446,0.845893
1150,0.8,1,0.8044534640002059,2.1954124,1.9081726,0.8275971
1151,0.825,1,0.7874198293907722,2.0146108,1.6966451,0.7458408
1152,0.825,1,0.8290502752776479,2.4093442,2.2099764,0.9233717
1153,0.775,1,0.7913353425489282,1.9701297,1.7340773,0.867456
1154,0.75,1,0.7627980338302451,1.6749476,1.3466923,0.74328536
1155,0.775,1,0.7504198057038026,1.5947449,1.3058112,0.608192
1156,0.825,1,0.8453978759435374,2.5582876,2.343424,0.982273
1157,0.825,1,0.8410259285868347,2.5363872,2.3253896,0.81582004
1158,0.875,0,0.8005114645226674,2.211556,2.4319336,0.7589006
1159,0.75,1,0.7827505814531868,1.9442246,1.7031219,0.7647013
1160,0.725,1,0.7898358056461952,2.028483,1.7805511,0.814136
1161,0.775,1,0.8559784555088301,2.7795062,2.5881789,0.86236304
1162,0.825,1,0.8491424933872086,2.6969597,2.492669,0.91413677
1163,0.8,1,0.8103787319703248,2.218155,2.0223095,0.81831884
1164,0.575,1,0.7919017287508808,1.9715934,1.7330176,0.82515997
1165,0.75,0,0.7859573917843587,2.0379624,2.1970248,0.71615285
1166,0.85,1,0.8518029652467878,2.6559587,2.4104853,0.9169989
1167,0.95,1,0.7985715008625258,2.04387,1.7710493,0.76426333
1168,0.85,1,0.8090242304756291,2.1860025,1.9168963,0.8047803
1169,0.875,1,0.805311373424891,2.1071658,1.8530619,0.8563997
1170,0.975,1,0.8602981421850675,2.856863,2.6364057,0.8921772
1171,0.7,0,0.7504098146802958,1.6658012,1.8247441,0.6342346
1172,0.65,1,0.8293587583907962,2.4754653,2.256905,0.9062685
1173,0.825,0,0.8090536098929819,2.3092065,2.4659467,0.83817214
1174,0.675,1,0.7914641197070991,1.9633626,1.7055547,0.93488044
1175,0.725,1,0.8223014426212025,2.2968335,2.0580516,0.8724595
1176,0.725,0,0.7712851024455908,1.8318619,1.9765148,0.8356574
1177,0.625,1,0.8264344423025587,2.3723617,2.1101387,0.86880165
1178,0.75,0,0.7624006406480377,1.825033,1.9981732,0.70335865
1179,0.7,1,0.7224274070935591,1.3377213,1.0485357,0.39388362
1180,0.825,0,0.7356127441382132,1.5524287,1.6688187,0.58533037
1181,0.75,1,0.7879654085562586,1.9441029,1.6544901,0.71799845
1182,0.925,1,0.845908534535806,2.6154237,2.4394455,0.8986205
1183,0.75,1,0.8111125303484895,2.2440877,2.0330222,0.80773926
1184,0.725,0,0.8205377518404602,2.4527726,2.6793294,0.8736176
1185,0.725,1,0.8377049221532609,2.5557897,2.333558,0.7998555
1186,0.75,1,0.7537373043221609,1.6405982,1.3689173,0.57017416
1187,0.7,1,0.8066904560908921,2.1672602,1.8825066,0.92100936
1188,0.775,1,0.8364733800764553,2.519646,2.3405561,0.91034555
1189,0.775,1,0.7880782312484688,1.9047801,1.6474466,0.8958431
1190,0.9,1,0.8089379681030993,2.1842752,1.9018228,0.83485806
1191,0.625,1,0.8281082726669448,2.4121985,2.1576657,0.8556857
1192,0.625,0,0.6857700805683703,0.9243193,0.99805415,0.49722317
1193,0.925,1,0.8147511405668819,2.2563243,2.0445564,0.8537391
1194,0.75,1,0.8096861717113788,2.2030773,1.9297131,0.86734277
1195,0.625,0,0.7289171479620695,1.3671318,1.482038,0.7715927
1196,0.725,1,0.7971371458748787,2.0364025,1.7685528,0.80137736
1197,0.775,1,0.8499530340925794,2.717366,2.4900677,0.85524845
1198,0.825,1,0.7815555865297149,1.9989679,1.632919,0.75011736
1199,0.825,1,0.7936142032135741,2.0185955,1.773767,0.7436718
1200,0.725,1,0.8038956231103124,2.2365716,1.981957,0.80520296
1201,0.8,1,0.8252096765194519,2.377515,2.1276288,0.8382203
1202,0.975,1,0.8467436489876988,2.6626966,2.4177299,0.78643656
1203,0.85,1,0.8602324414503169,2.835413,2.6662788,0.8645371
1204,0.8,1,0.8145683225671743,2.382016,2.071998,0.77405584
1205,0.825,0,0.7270260164079589,1.4354857,1.5252705,0.57911795
1206,0.8,0,0.713116648402113,1.2024891,1.2959254,0.7177574
1207,0.75,1,0.7843520774641448,1.911112,1.6072129,0.7432728
1208,0.7,1,0.7823141397364393,1.9321035,1.6725496,0.61128044
1209,0.9,1,0.8227055733087034,2.3850846,2.1659868,0.86898077
1210,0.775,1,0.7873302486161622,2.0166597,1.7538851,0.6694516
1211,0.85,1,0.8508332901213691,2.6870046,2.474905,0.89256144
1212,0.925,0,0.8226319259223518,2.4941106,2.7154872,0.9549979
1213,0.9,1,0.8157479224452189,2.2558756,1.9939442,0.80954
1214,0.675,1,0.8310818782819254,2.4539084,2.1950333,0.8707408
1215,0.725,0,0.7764732383819374,1.9250154,2.099632,0.6230767
1216,0.8,1,0.811665250355065,2.2098098,1.9464325,0.8208614
1217,0.625,0,0.7641809095125428,1.807477,1.9868324,0.87392104
1218,0.525,1,0.7033159092707278,1.1544511,0.80290514,0.31690243
1219,0.8,1,0.7637419089246056,1.8217453,1.5307927,0.5755942
1220,0.675,0,0.6839019525327411,0.9688066,1.008069,0.56461585
1221,0.9,1,0.8403541421743694,2.5381274,2.283305,0.8479998
1222,0.8,1,0.7632071180581113,1.6722577,1.4249737,0.65382683
1223,0.875,1,0.8302521239339666,2.4166431,2.1620197,0.81498
1224,0.775,1,0.8397646423578264,2.5312364,2.3148804,0.8460049
1225,0.9,1,0.8431555200459466,2.6043658,2.3768404,0.9081812
1226,0.8,1,0.815816808931011,2.279352,1.9961393,0.8936398
1227,0.75,1,0.8055902453608109,2.2091212,1.966928,0.8622136
1228,0.75,0,0.829054905545896,2.5029728,2.7134247,0.77166057
1229,0.875,1,0.8547000610537738,2.7872608,2.573262,0.8805865
1230,0.875,0,0.7670659024561106,1.8788736,2.0429049,0.74311656
1231,0.575,0,0.831703153729793,2.6142483,2.843236,0.87179184
1232,0.8,0,0.7369107636847603,1.5768676,1.6841941,0.67019737
1233,0.95,1,0.8618620705928572,2.799689,2.5406308,0.88883597
1234,0.7,1,0.8254084547268341,2.4059641,2.1889775,0.8574215
1235,0.9,1,0.801741774150777,2.1305442,1.8568431,0.80289066
1236,0.825,1,0.8107732532921219,2.2004864,1.9701939,0.76779455
1237,0.925,1,0.8925781196038188,3.201063,3.0493796,0.93261254
1238,0.825,1,0.8050635265962253,2.1332521,1.8796893,0.737451
1239,0.625,1,0.7833583271418597,1.9347256,1.6905997,0.6844246
1240,0.8,0,0.7333192535996318,1.4209168,1.5619539,0.7046836
1241,1.0,1,0.8404692723167526,2.541153,2.2995863,0.8504738
1242,0.8,0,0.7685968140116733,1.8068433,1.9937747,0.8647623
1243,0.65,1,0.8334837340218544,2.524596,2.2829762,0.7761971
1244,0.825,1,0.7768738231445655,1.795781,1.5190902,0.8692622
1245,0.95,1,0.8118566993656009,2.195009,1.939216,0.8202912
1246,0.875,1,0.7595866447558111,1.6851567,1.3480018,0.7084103
1247,0.925,1,0.8129926007577706,2.2368495,2.005412,0.7073061
1248,0.8,1,0.7921262904842454,1.9538898,1.703482,0.8119082
1249,0.625,0,0.7797094043188517,1.9924135,2.1837358,0.6965933
1250,0.725,1,0.7743254087256021,1.8050406,1.5038904,0.7550909
1251,0.9,1,0.8530424215387937,2.69104,2.4851391,0.9128216
1252,0.825,1,0.8239154993285231,2.3916252,2.1476028,0.7953151
1253,0.625,1,0.7278724783002897,1.362707,1.0404172,0.49906692
1254,0.55,0,0.7375834621322885,1.4933308,1.6525683,0.59366685
1255,0.65,1,0.8543835442422754,2.6926813,2.466448,0.93081933
1256,0.85,1,0.7999443070119154,2.0985775,1.8379403,0.82859725
1257,0.925,1,0.8224769789468569,2.3678098,2.12788,0.8725071
1258,0.875,1,0.8553749771214816,2.7562382,2.5494585,0.9067617
1259,0.725,1,0.7915295611219508,1.9948808,1.7102784,0.73901206
1260,0.8,1,0.8801163148570159,3.0524187,2.8857844,0.9349057
1261,0.975,1,0.8751416061994879,2.989253,2.7799492,0.91472375
1262,0.775,1,0.817259879975079,2.2732134,2.0365272,0.77791905
1263,0.85,1,0.852426351768724,2.7075028,2.49535,0.8399437
1264,0.625,1,0.8024737984853347,2.11105,1.8481692,0.8944197
1265,0.95,1,0.8134872592521699,2.3727274,2.1541283,0.7181796
1266,0.875,1,0.8370932541534066,2.5586402,2.329973,0.8923418
1267,0.875,1,0.8040728847388086,2.1440616,1.8677468,0.80728096
1268,0.85,1,0.8334850870326995,2.5225365,2.2850466,0.8395939
1269,0.8,1,0.8246581961138439,2.4971123,2.2917852,0.7463696
1270,0.825,1,0.8348707704613658,2.4957662,2.2454932,0.78477174
1271,0.65,1,0.8404122585245053,2.5726714,2.3813615,0.9031133
1272,0.775,1,0.8062336007782814,2.2208567,1.9622287,0.8739647
1273,0.9,1,0.7982118207226426,2.0513349,1.7620643,0.77508587
1274,0.775,1,0.840590726945894,2.5754585,2.3446636,0.9421708
1275,0.75,1,0.7979451208396104,2.0585814,1.8021466,0.81752175
1276,0.625,1,0.8170147166982696,2.3622143,2.1169276,0.6932604
1277,0.95,1,0.8149122103013708,2.3318057,2.0614805,0.8439019
1278,0.8,1,0.8200220881571493,2.4449484,2.2777221,0.5824449
1279,0.725,1,0.8101140718669428,2.3133621,2.0414155,0.75414735
1280,0.925,1,0.829834481413701,2.4276624,2.216109,0.8475118
1281,0.8,1,0.8293821412224207,2.45798,2.2462435,0.8574344
1282,0.85,1,0.86045806740499,2.779364,2.6157482,0.84769183
1283,0.575,0,0.7488173262136316,1.732378,1.8916969,0.7039584
1284,0.975,1,0.8536491091812155,2.7387307,2.511701,0.88490045
1285,0.775,1,0.7989027644039266,2.1993117,1.9824364,0.72409356
1286,0.925,1,0.85248100906519,2.7325594,2.5723543,0.79026574
1287,0.9,1,0.8324163667054703,2.455958,2.2290425,0.8849141
1288,0.8,1,0.7854356639482871,1.9158995,1.6476732,0.7650812
1289,1.0,1,0.7850215090780917,2.083488,1.846683,0.49237743
1290,0.925,1,0.7974149379807763,2.1657052,1.933703,0.7630419
1291,0.85,1,0.8349718018523984,2.539465,2.3082662,0.84638035
1292,0.7,1,0.8190988131911792,2.3025098,2.0348964,0.80577976
1293,0.925,1,0.8082929312236078,2.2219284,1.9838741,0.7649598
1294,0.9,1,0.8439203900275694,2.6303306,2.4065104,0.9042952
1295,0.625,1,0.8202933927378061,2.3013248,2.0460932,0.88472694
1296,0.675,1,0.839154169669975,2.565525,2.3509355,0.85339
1297,0.8,1,0.8177430332302682,2.3019545,2.064289,0.83144265
1298,0.875,1,0.834171328455996,2.4759934,2.219407,0.8270244
1299,1.0,1,0.859407508977925,2.7871842,2.5939565,0.9112739
1300,0.9,1,0.8136618021059124,2.2234757,1.9608667,0.75409144
1301,0.725,1,0.7744071667325902,1.8547974,1.6126796,0.565901
1302,0.85,0,0.792344125807789,2.0755725,2.2760162,0.9637527
1303,0.85,0,0.759527253518435,1.7614816,1.9083045,0.6696335
1304,0.85,1,0.8195401153497013,2.3096495,2.038435,0.87123215
1305,0.725,1,0.8493847962072261,2.6903615,2.4912865,0.8547919
1306,0.675,1,0.7997064049803755,2.1061044,1.8322592,0.8180273
1307,0.95,1,0.8170511335504371,2.3619075,2.0971959,0.77236336
1308,0.925,0,0.7926914664212944,2.1590066,2.35631,0.833864
1309,0.75,1,0.8789315269762613,3.0171785,2.8464608,0.9520577
1310,0.625,1,0.8045258766803256,2.123941,1.8766276,0.8127479
1311,0.825,1,0.8045079001992143,2.128255,1.8727647,0.88867784
1312,0.675,1,0.8272553766941884,2.4381053,2.2236018,0.826579
1313,0.75,1,0.7599693971527757,1.7109511,1.3559178,0.68607837
1314,0.95,1,0.8902775245192406,3.1734254,2.9708083,0.92524743
1315,0.775,1,0.8189004300922567,2.2872672,2.03792,0.831821
1316,0.725,0,0.7378460298506602,1.5794295,1.7213373,0.5459263
1317,0.825,1,0.828522602923801,2.4668465,2.2108517,0.7931049
1318,0.825,1,0.833531664805338,2.4706836,2.224586,0.8441367
1319,0.8,1,0.8485558985994375,2.6489677,2.4010744,0.82757825
1320,1.0,1,0.838877302429181,2.4924288,2.2497292,0.929607
1321,0.825,1,0.8111478485390993,2.1598575,1.9326073,0.8446987
1322,0.85,1,0.8430555837891189,2.6317024,2.4331505,0.90983045
1323,0.775,1,0.7788174299076036,1.9686755,1.76279,0.59136856
1324,0.7,1,0.8369768854854474,2.4900317,2.262663,0.86192197
1325,0.675,1,0.8315757663093779,2.464078,2.2006497,0.8060301
1326,0.85,0,0.7727278023653191,1.8977511,2.0655172,0.80886173
1327,0.725,1,0.8470400860791304,2.6096606,2.3819304,0.9468879
1328,0.775,0,0.7911875410272327,2.1335347,2.3111129,0.8348932
1329,0.95,1,0.8650655527676601,2.836061,2.6487255,0.920263
1330,0.85,1,0.8736196883551894,2.9669847,2.8082976,0.9589178
1331,0.8,0,0.7640675698205102,1.8645953,2.0537553,0.6583195
1332,0.825,0,0.7144399663143072,1.3310838,1.4304298,0.53053486
1333,0.725,1,0.7986684285203098,2.1498919,1.8817748,0.8570032
1334,0.7,0,0.7497313087568169,1.7315514,1.8593321,0.6522299
1335,1.0,1,0.8098199638560344,2.1815565,1.9565845,0.79685205
1336,0.95,1,0.8527116545049827,2.732063,2.5076826,0.80974793
1337,0.95,1,0.8228740732439652,2.341909,2.1188493,0.7599276
1338,0.5,1,0.7387531562328,1.4577552,1.1579283,0.60853976
1339,0.8,1,0.7955389413887155,2.1482654,1.8494416,0.7321801
1340,1.0,1,0.8766125188705189,2.9662075,2.7714179,0.93126595
1341,0.95,1,0.8816279150263916,3.0732365,2.909476,1.007004
1342,0.9,1,0.8191266194439728,2.3294172,2.0777445,0.80496377
1343,0.8,1,0.7966691126558691,2.025508,1.7382997,0.75655943
1344,0.825,1,0.8463790594309133,2.6578455,2.4538393,0.93995726
1345,0.8,1,0.7969489611402951,2.203535,1.9794408,0.7103715
1346,0.875,1,0.8016707888459265,2.0847116,1.8710984,0.9286514
1347,0.85,1,0.7964284901714827,2.180615,1.9202331,0.63399374
1348,0.9,1,0.8388050796624567,2.5556676,2.3068058,0.85568017
1349,0.7,0,0.7461327640440527,1.6804931,1.8123567,0.64555514
1350,0.925,1,0.8182328231184803,2.3011768,2.0638003,0.88553363
1351,0.8,1,0.8281960874746852,2.5560727,2.349921,0.6494716
1352,0.975,1,0.8596444806609315,2.8090582,2.5946846,0.84945357
1353,0.65,1,0.8386211325595363,2.5908208,2.3906064,0.7736051
1354,0.925,1,0.8002355240914221,2.1452355,1.9169813,0.66389155
1355,0.675,1,0.822874161038959,2.346343,2.0959902,0.87756014
1356,0.85,1,0.8279678572300986,2.4539871,2.2507734,0.6971618
1357,0.825,1,0.8297675603213783,2.4730225,2.2602737,0.864265
1358,0.875,1,0.8764847921461458,2.9692488,2.78795,1.031391
1359,0.9,1,0.8593081084606786,2.7981286,2.5837178,0.9816794
1360,0.75,0,0.7831457214043426,1.9978262,2.211456,0.82821375
1361,0.825,1,0.850953161021312,2.7123098,2.5069478,0.8751514
1362,0.925,1,0.8270958168107048,2.363816,2.1309538,0.8477945
1363,0.85,1,0.8112738211661706,2.2152824,1.9589479,0.816698
1364,0.575,1,0.8088049648156291,2.2021513,1.9407166,0.88935554
1365,0.625,1,0.7975808777880918,2.111565,1.8679295,0.76274073
1366,0.95,1,0.9071284254296895,3.344542,3.2027895,0.9457418
1367,0.725,1,0.7706966189767119,1.8147537,1.4954424,0.6822424
1368,0.625,1,0.7538994673424164,1.5761911,1.2724041,0.7577768
1369,0.5,1,0.8039896864962229,2.139759,1.8934119,0.77771306
1370,0.85,1,0.8401820256567021,2.6568322,2.4690704,0.65329003
1371,1.0,1,0.773561497249247,1.8494993,1.6260318,0.5952989
1372,0.825,0,0.7557995010598821,1.7305758,1.8891573,0.69073963
1373,0.875,1,0.7630101596726855,1.7764273,1.454885,0.5919058
1374,0.9,1,0.8372655779383827,2.4712288,2.2478738,0.8745855
1375,0.625,0,0.7193482607769122,1.3112277,1.4478319,0.6306535
1376,0.8,0,0.7493876346680858,1.6606072,1.7834514,0.7686302
1377,0.9,1,0.832519397454494,2.4379768,2.2086978,0.7897682
1378,0.7,1,0.8129446121931154,2.2416348,1.9532193,0.80794567
1379,0.775,1,0.8275586138841117,2.4151683,2.144309,0.78985816
1380,0.675,1,0.7860777680350778,2.066757,1.7888383,0.70770836
1381,0.85,1,0.8446456355904587,2.6234152,2.4248164,0.87568283
1382,0.625,1,0.7889235282886848,1.9781967,1.7307426,0.79503196
1383,0.8,1,0.8000417531788797,2.0686097,1.8117173,0.83379
1384,0.975,1,0.7293852191346859,1.3919356,1.121464,0.51136154
1385,0.85,1,0.82819882525482,2.440693,2.2247655,0.84452176
1386,0.875,1,0.8150220249592006,2.2853847,2.108739,0.8805884
1387,0.8,1,0.79305022098507,2.0171828,1.7362801,0.76203126
1388,0.75,1,0.7973911294046807,2.0419369,1.7596732,0.8382334
1389,0.85,1,0.7884644321493983,2.0571034,1.771668,0.73320484
1390,0.975,0,0.8149513237881316,2.4122262,2.6626525,0.83094186
1391,0.8,1,0.8657701263162485,2.8305805,2.6295793,0.9647325
1392,0.775,1,0.7829502735491387,1.8890183,1.6008971,0.8553555
1393,0.75,1,0.8063927029562681,2.148458,1.8506014,0.75769794
1394,0.75,1,0.8207546062836447,2.3918633,2.1564999,0.86404425
1395,0.925,0,0.765548025807289,1.7950305,1.9646368,0.7570223
1396,0.95,1,0.8333466425510132,2.5153124,2.2799633,0.897357
1397,0.625,1,0.7288321679303262,1.3341529,0.97897124,0.60834014
1398,0.75,1,0.7366431123753228,1.3637396,1.1052747,0.58051956
1399,0.775,1,0.8299855055176062,2.488253,2.278616,0.85864335
1400,0.925,1,0.8354344232641171,2.547769,2.3740013,0.7757287
1401,0.675,1,0.799215250751909,2.0900476,1.7854487,0.7867344
1402,0.925,1,0.8381474112027198,2.5006146,2.315378,0.8789815
1403,0.7,1,0.7840779047412347,1.949759,1.7138027,0.6396808
1404,0.8,1,0.8135742101961649,2.251539,1.9722011,0.82040066
1405,0.975,1,0.8369860349223583,2.4899025,2.234487,0.88599044
1406,0.625,1,0.8231613225228338,2.3868084,2.1621518,0.8780723
1407,0.875,1,0.8032103978384025,2.1135964,1.8306032,0.8497641
1408,0.825,1,0.7537506115945022,1.643227,1.3730564,0.6210131
1409,0.875,1,0.8348266362182852,2.5367575,2.3191514,0.8757007
1410,0.85,1,0.8056818344840232,2.143972,1.9137477,0.90110904
1411,0.925,1,0.8575122561829543,2.7861295,2.6194956,0.94641125
1412,0.925,1,0.7682895854670091,1.7391078,1.4374776,0.7699277
1413,0.75,1,0.8198150010574705,2.267998,2.0386252,0.8282108
1414,0.825,1,0.8135633291812725,2.2364445,1.9652767,0.7928763
1415,0.8,1,0.8224781174483873,2.3875413,2.172113,0.8146615
1416,0.875,1,0.8456473004757351,2.6214952,2.4043584,0.91307896
1417,0.95,0,0.7371891623417486,1.4925978,1.6398126,0.76253235
1418,0.8,1,0.8401755348852986,2.5577483,2.359238,0.8601384
1419,0.675,0,0.7261769826935573,1.3362267,1.4565396,0.6532149
1420,0.925,1,0.7909609001669022,2.0032048,1.7109193,0.81070685
1421,0.775,1,0.8186390121972259,2.3471155,2.143526,0.7359283
1422,0.825,0,0.8170847576192807,2.4131284,2.6514037,0.84056854
1423,0.825,1,0.7984582242668563,2.0693827,1.8073486,0.7858856
1424,0.875,1,0.8928843636121061,3.1512976,2.9970405,0.884251
1425,0.8,0,0.7467153197057612,1.6612167,1.8074565,0.67199886
1426,0.975,1,0.8111132065419875,2.2341835,1.9414662,0.8286604
1427,0.9,1,0.8589715563285121,2.8218415,2.6168523,0.97017694
1428,0.875,1,0.8290639404156236,2.3804011,2.145879,0.80154556
1429,0.775,1,0.8279524805513476,2.3912396,2.1761036,0.942907
1430,0.7,1,0.8205002116509681,2.3226724,2.0829358,0.81320554
1431,0.825,1,0.8367293897169665,2.5199494,2.318713,0.8497579
1432,1.0,1,0.8718726037865621,2.9095988,2.7515557,0.94879794
1433,0.625,0,0.7771379411536002,1.9385053,2.106061,0.7798395
1434,0.7,1,0.8392980577051977,2.5777752,2.3687892,0.9453883
1435,0.85,0,0.7835718533111042,2.0501542,2.2454472,0.7265419
1436,0.9,1,0.8608164563251302,2.774234,2.5460172,0.9152209
1437,0.725,1,0.8048538586329981,2.1338,1.8835661,0.8357918
1438,0.65,1,0.7752973795629089,1.8815359,1.5576334,0.76484066
1439,0.9,1,0.861839989599781,2.7710705,2.5655081,0.94212335
1440,0.85,1,0.8502586656059781,2.680086,2.460217,0.92702436
1441,0.8,1,0.8253606410957297,2.3955126,2.2043045,0.8935278
1442,0.825,1,0.8359311449848668,2.4704053,2.2484968,0.8098526
1443,0.75,0,0.7921206146439219,2.1560237,2.32024,0.8086126
1444,0.875,1,0.8487844367569415,2.6516757,2.4498634,0.84587675
1445,0.9,1,0.8093107764318296,2.1803508,1.9417739,0.83584696
1446,0.8,1,0.8037802654423742,2.0959816,1.82288,0.9216147
1447,0.75,1,0.7739324277736717,1.7923009,1.479738,0.7530107
1448,0.825,1,0.7846801590250875,2.0496297,1.7760513,0.770774
1449,0.925,1,0.7869138732311314,1.9165126,1.6529794,0.7973625
1450,0.85,1,0.8324273276759258,2.4391522,2.2167249,0.858267
1451,0.6,1,0.7963353252835272,2.0437577,1.7602454,0.7880426
1452,0.675,0,0.758142181528348,1.7547088,1.9431946,0.6825192
1453,0.675,1,0.8297048393237517,2.4538646,2.2416906,0.8456274
1454,0.95,1,0.8271247136535891,2.4228191,2.1683128,0.772844
1455,0.85,1,0.8180042842708568,2.2844357,2.0151649,0.8564669
1456,0.75,1,0.8067698710482518,2.1363673,1.8911511,0.8136875
1457,0.825,1,0.8614765801099245,2.8129067,2.6158528,0.91069704
1458,0.825,1,0.7665334258340373,1.7128853,1.428593,0.7786643
1459,0.85,1,0.8395567466970435,2.5896974,2.3559546,0.83900464
1460,0.85,0,0.7743028496379056,1.9386324,2.1305072,0.8086972
1461,0.775,1,0.8119770358417092,2.205754,1.9503127,0.8827018
1462,0.65,1,0.7862398479558476,1.9290472,1.6299913,0.72416914
1463,0.775,1,0.7934910922072826,1.9817268,1.7143123,0.85200715
1464,0.825,1,0.8455872501146444,2.6107445,2.390046,0.8952252
1465,0.575,1,0.7523664155395791,1.5785426,1.2636236,0.7541434
1466,0.85,1,0.8004298205073173,2.0823674,1.841213,0.7593911
1467,0.75,1,0.8176767288002883,2.287156,2.061022,0.8515319
1468,0.95,1,0.853151539423638,2.737517,2.5149415,0.89097655
1469,0.7,1,0.7975879295891868,2.0797482,1.7884082,0.7832671
1470,0.925,1,0.8036447934841516,2.0847979,1.8362814,0.8652407
1471,0.5,1,0.7565612329711002,1.6648691,1.3764803,0.73656756
1472,0.9,1,0.8722930101360784,2.9372673,2.7382183,0.9749024
1473,0.775,1,0.8271884013623508,2.3982077,2.1756892,0.8948847
1474,0.825,1,0.8380756486206468,2.5741081,2.3432846,0.9091039
1475,0.95,1,0.732993044782439,1.4499785,1.2043592,0.3974389
1476,0.75,1,0.8163244961415129,2.291119,2.0318213,0.8897013
1477,0.7,1,0.8388679514301223,2.5588064,2.3674998,0.8982965
1478,0.575,1,0.7981313055394341,2.1406796,1.8954933,0.6698858
1479,0.825,1,0.7784180645704042,1.8331417,1.5360596,0.79871637
1480,1.0,1,0.8691765238215853,2.9006228,2.748122,0.9435489
1481,0.875,1,0.8196967313626826,2.3487244,2.1405537,0.8921796
1482,0.8,1,0.7933811243740052,2.010975,1.7163978,0.78507465
1483,0.675,1,0.8439563752153837,2.5950058,2.35543,0.89176416
1484,0.9,1,0.8204167518395755,2.326455,2.0538116,0.81256825
1485,0.85,1,0.8339131456010558,2.4783456,2.2755554,0.9134642
1486,0.95,0,0.7543883484423278,1.7870125,1.9593419,0.530925
1487,0.9,0,0.8077057282120781,2.3088045,2.5517392,0.85953367
1488,0.725,1,0.8466661615565254,2.615266,2.3920088,0.86505884
1489,0.85,1,0.8158095394606889,2.3671317,2.1559646,0.68969405
1490,0.75,1,0.8114834801041028,2.1867955,1.9389316,0.7548459
1491,0.725,1,0.7665555992485695,1.7672256,1.4895147,0.69958186
1492,0.825,1,0.7872711696571744,1.9262673,1.6579754,0.8096414
1493,0.8,1,0.8711101357677595,2.9597402,2.7393577,0.84640193
1494,0.75,0,0.8317532673962692,2.5667446,2.7875204,0.76640403
1495,0.8,1,0.7317286431738564,1.3585473,1.0192685,0.6144168
1496,0.65,0,0.7011909996304546,1.264461,1.3774028,0.37217984
1497,0.6,1,0.8159565844166212,2.2711344,2.0060434,0.830005
1498,0.825,1,0.8060500989872978,2.1728907,1.9301223,0.6661754
1499,0.8,1,0.8333680139039028,2.4603662,2.2112105,0.8182804
1500,0.775,1,0.7908093199342519,1.9711888,1.7199143,0.8617458
1501,0.6,0,0.7734621759874964,1.9150681,2.0917659,0.84547484
1502,0.925,0,0.7901626019317625,2.125488,2.3207252,0.74022627
1503,0.775,0,0.8218252499616147,2.4753342,2.7105165,1.0214084
1504,0.925,1,0.8448712693328843,2.6223903,2.4010093,0.88966966
1505,0.85,1,0.8183724789430001,2.2782595,2.055358,0.81331354
1506,0.75,1,0.7993966918545473,2.0894108,1.8256642,0.9155448
1507,0.775,1,0.8162184764486016,2.2860298,2.0743253,0.8025447
1508,0.925,1,0.7794507231965665,1.8592852,1.5728039,0.86604404
1509,0.825,1,0.8123121274689928,2.2058816,1.9427667,0.85487014
1510,0.775,1,0.7706031813423595,1.8295476,1.4675494,0.6002436
1511,0.675,1,0.8402599396354907,2.5998676,2.376677,0.88962567
1512,0.7,0,0.7591402868412432,1.7765465,1.9305432,0.71343875
1513,0.825,1,0.8543485539279998,2.6881285,2.4664097,0.8919668
1514,0.9,1,0.8501370660851216,2.7021842,2.5140326,0.81576097
1515,0.7,1,0.7197440866898583,1.3150913,1.0055516,0.40953133
1516,0.675,1,0.7647639714612438,1.693232,1.409764,0.7831253
1517,0.675,1,0.8141097202269376,2.2388346,2.0051851,0.822343
1518,0.8,1,0.7682826686929425,1.8046167,1.5157939,0.5835394
1519,0.9,1,0.8347830656181362,2.4808493,2.241691,0.8125718
1520,0.85,1,0.8027342013115404,2.0993838,1.8795125,0.8127993
1521,0.7,1,0.770785235442199,1.7489241,1.4671155,0.7762144
1522,0.7,1,0.7338490535391003,1.5058526,1.1794645,0.47100094
1523,0.875,1,0.8743074485055767,2.974667,2.8069181,0.9849621
1524,0.875,1,0.8516773633439092,2.7307296,2.4886193,0.8579916
1525,0.775,1,0.77591798037724,1.8108785,1.5208081,0.81485546
1526,0.9,1,0.8640156846229301,2.8707314,2.647728,0.8925076
1527,0.875,1,0.8410793283219109,2.5621457,2.2868736,0.91246766
1528,0.975,1,0.8448308904598676,2.64347,2.4060326,0.88162476
1529,0.825,1,0.7477725223572314,1.5842315,1.3081713,0.52962166
1530,0.825,1,0.7403366100876646,1.4469327,1.1625049,0.61560935
1531,0.9,1,0.8323587981160511,2.4332757,2.2014155,0.8577817
1532,0.95,1,0.8187889768962145,2.283572,2.0361547,0.84442157
1533,0.65,1,0.7700058152318893,1.7745867,1.503025,0.56560045
1534,1.0,0,0.8003366075336547,2.2504714,2.4272742,0.8911514
1535,0.825,1,0.8340435331951073,2.5014105,2.280564,0.89778006
1536,0.65,0,0.7412440400906356,1.471499,1.6158686,0.7784082
1537,0.75,1,0.8062039941411607,2.168021,1.9022982,0.7880697
1538,0.95,1,0.8429629293336243,2.6352425,2.403126,0.8318747
1539,0.9,1,0.8489565313933799,2.687726,2.4690762,0.9104674
1540,0.9,1,0.8166702991127188,2.28788,2.0959423,0.8065821
1541,0.95,1,0.8453193166190831,2.616991,2.3598857,0.9524861
1542,0.775,1,0.7241123698647671,1.3190075,0.9224012,0.62178916
1543,0.875,1,0.8390545368626539,2.5754628,2.3771868,0.9294163
1544,0.825,1,0.8190452856036128,2.359965,2.1046145,0.80170643
1545,0.875,1,0.861952163765419,2.877224,2.6563776,0.86911726
1546,0.825,1,0.8328784144396056,2.468789,2.2149663,0.9017888
1547,0.775,1,0.7885104332238575,1.9641243,1.6745721,0.8120939
1548,0.575,1,0.7741018420587176,1.8673899,1.5622617,0.656842
1549,0.8,1,0.8004173109173455,2.0988734,1.8937573,0.8596095
1550,0.75,1,0.8140636470658188,2.2107306,1.9544374,0.8866742
1551,0.825,1,0.8227169017350379,2.4184382,2.198418,0.7815014
1552,0.925,1,0.8277603475649833,2.4225407,2.203111,0.7887592
1553,0.9,1,0.8508496742960518,2.731637,2.4757204,0.84355867
1554,0.875,1,0.8168847838437766,2.2682452,2.001707,0.86854225
1555,0.8,1,0.8109035661651502,2.1775184,1.9336249,0.8374123
1556,0.725,1,0.8377022125185363,2.555141,2.3275275,0.89629817
1557,0.775,1,0.8169012636598973,2.2536848,1.9850359,0.8341643
1558,0.9,0,0.7329968132556209,1.4199965,1.5761832,0.75070095
1559,0.725,1,0.8091124010985212,2.3301294,2.1015248,0.64659977
1560,0.775,1,0.8090628414632415,2.1946647,1.9394085,0.7892538
1561,0.725,0,0.7783327753973311,1.9896443,2.176345,0.7433437
1562,0.875,1,0.8181042865448936,2.3312094,2.0873315,0.8090261
1563,0.875,1,0.793526198240622,1.9998178,1.7197207,0.8048183
1564,0.95,1,0.8105767128919714,2.1744928,1.9417129,0.8292826
1565,0.75,0,0.751535475187017,1.7534066,1.8872964,0.56970745
1566,0.85,0,0.8213579459824625,2.4918847,2.7180235,0.8318211
1567,0.875,1,0.806938334026873,2.1567526,1.894513,0.82886404
1568,0.8,0,0.6643421168451225,0.7809272,0.81859636,0.3589081
1569,0.825,1,0.8477386075453327,2.6690912,2.4654062,0.9383532
1570,0.775,1,0.8671019094432467,2.8967361,2.7240863,0.9296402
1571,0.775,1,0.8156661190389719,2.2512279,1.9971282,0.7439435
1572,0.9,1,0.8804908529410812,3.0523672,2.8928905,0.9142121
1573,0.725,1,0.8021231146104157,2.1504989,1.9371684,0.76899016
1574,0.775,1,0.8529611826373691,2.7043524,2.4208238,0.89291126
1575,0.75,1,0.7705699896035536,1.7771454,1.4972545,0.74158365
1576,0.875,1,0.8584133794897875,2.7493548,2.5476365,0.96366215
1577,0.8,1,0.8304532736595547,2.4370809,2.1705916,0.875029
1578,0.775,0,0.7721150071906374,1.8983884,2.0886288,0.77847576
1579,0.775,1,0.7999165129404786,2.0644934,1.7930918,0.9096803
1580,0.95,1,0.8329805768142462,2.510276,2.3218558,0.92860544
1581,0.8,1,0.7232127313861733,1.387261,1.058693,0.40907118
1582,0.925,1,0.8589466903294231,2.7767377,2.589684,0.89139676
1583,0.9,1,0.791616357788603,1.9941368,1.7767109,0.8360774
1584,0.95,0,0.7655334032575654,1.7721976,1.9422259,0.73705655
1585,0.9,1,0.7916221543060331,1.9602973,1.6847303,0.85280126
1586,0.825,1,0.8082682131583977,2.2149844,1.9213204,0.75360864
1587,0.775,1,0.841818227379393,2.6282732,2.4210715,0.96133214
1588,0.775,1,0.8333313698887304,2.451508,2.1995087,0.80742604
1589,0.775,0,0.809675550765751,2.321714,2.5921988,0.79474175
1590,0.8,1,0.7927112745682003,1.9929274,1.7198526,0.7629634
1591,0.875,1,0.849203302164309,2.7144995,2.5172966,0.7627543
1592,0.925,1,0.7457082569110667,1.5400381,1.1816392,0.6368238
1593,0.75,0,0.7932319019514783,2.07835,2.2606928,0.9047242
1594,0.725,1,0.8130364315152263,2.2592952,2.0461364,0.91387767
1595,0.875,1,0.8340791944519068,2.5227094,2.3100421,0.8446214
1596,0.825,1,0.8496006110775892,2.6787152,2.4822388,0.9232863
1597,0.875,1,0.8269562579648191,2.426571,2.290707,0.78154206
1598,0.625,0,0.7414587365934965,1.6251098,1.7561071,0.6288214
1599,0.875,1,0.8376993569110124,2.5539072,2.3190346,0.90086794
1600,0.525,1,0.8460835884442788,2.5873652,2.3626537,0.88126695
1601,0.775,1,0.8184010645693721,2.3476243,2.1020784,0.84413016
1602,0.85,1,0.8697794502535794,2.9181118,2.7128103,0.8718717
1603,0.775,0,0.7791594852322354,2.01369,2.1984863,0.8374065
1604,0.775,0,0.7400820797149239,1.493926,1.6054106,0.6696607
1605,0.75,1,0.8135787175070899,2.3315332,2.101443,0.7103728
1606,0.85,1,0.8025158948881352,2.1017113,1.857463,0.78254837
1607,0.925,1,0.8066176159202744,2.137762,1.8757805,0.8762527
1608,0.825,1,0.8244866914641007,2.422605,2.2131877,0.69857556
1609,0.825,1,0.8543277399559105,2.726365,2.514758,0.89624405
1610,0.8,1,0.807207664150488,2.228187,2.006504,0.8307172
1611,0.775,1,0.7786591062566817,1.9109787,1.6839844,0.55975395
1612,0.85,1,0.82863339315626,2.4030728,2.2033465,0.9328478
1613,0.775,1,0.8236258222279418,2.4599416,2.2230694,0.67531306
1614,0.7,0,0.7235631619750132,1.4186811,1.5703614,0.46232077
1615,0.725,1,0.8198530071494496,2.2943828,2.0533311,0.8221784
1616,0.75,1,0.7948277376467472,2.0545032,1.7845687,0.71747226
1617,0.875,1,0.8315948647967322,2.5191894,2.2670605,0.8185973
1618,0.8,1,0.7851701373668356,1.891916,1.6533291,0.78322214
1619,0.8,1,0.8307970320305542,2.449196,2.2239618,0.8286548
1620,0.775,1,0.8791711548178168,3.0456843,2.8391914,0.98346555
1621,0.9,1,0.8358658858294783,2.545054,2.3222187,0.92139554
1622,0.775,1,0.8120899975246303,2.2078567,1.9638501,0.85227686
1623,0.75,1,0.7761683315302453,1.8943506,1.6506679,0.6909176
1624,0.7,1,0.7500429550543171,1.6039472,1.3162827,0.5472184
1625,0.775,1,0.7981164681266473,2.1306024,1.8765283,0.8429545
1626,0.85,1,0.8241337263122919,2.3417873,2.083716,0.79664975
1627,0.75,1,0.8150114864563525,2.2290835,2.0100389,0.7923185
1628,0.925,1,0.8559550469366296,2.720667,2.44925,0.9475549
1629,0.95,1,0.858424979081565,2.7947302,2.5952098,0.9374815
1630,0.8,1,0.779384170954359,1.8846283,1.5421097,0.81392545
1631,0.725,1,0.8131605615999842,2.2413979,1.9920421,0.710803
1632,0.75,0,0.755533207042548,1.7334838,1.8233176,0.8116406
1633,0.9,1,0.823895013058269,2.3785415,2.1757112,0.82087356
1634,0.975,1,0.8152499893962633,2.3130057,2.094922,0.72115237
1635,0.775,1,0.8168632660772868,2.3346496,2.0916476,0.88679546
1636,0.85,1,0.7821039492859512,1.8709251,1.5783243,0.7660462
1637,0.85,1,0.8165615264576387,2.3360505,2.0959024,0.82576376
1638,0.95,1,0.8002819650605794,2.0750046,1.7943107,0.7782216
1639,0.675,0,0.7805461588211698,2.0311608,2.2350907,0.72046775
1640,0.925,1,0.8047691857730097,2.12428,1.8707409,0.87324953
1641,0.875,1,0.8217737089985798,2.4692209,2.2525392,0.6824132
1642,0.7,0,0.7259851672947173,1.5164943,1.6178234,0.55366373
1643,0.625,0,0.7172292234722223,1.3276801,1.4131191,0.5646709
1644,0.775,1,0.8162956881871424,2.255197,2.0369062,0.7768145
1645,0.825,1,0.8124519843696234,2.2390919,1.9527532,0.8433266
1646,0.75,1,0.864784175237223,2.9091585,2.7150774,0.87803733
1647,0.725,1,0.7420265101123404,1.4120438,1.1675915,0.5987461
1648,0.75,1,0.7953035079354017,2.0205927,1.7514019,0.881111
1649,0.875,1,0.816102173441938,2.2529044,1.9920027,0.9233909
1650,0.975,0,0.7077756438308624,1.2227495,1.3228688,0.49476978
1651,0.725,1,0.785053641953624,1.9162077,1.641689,0.81919664
1652,0.925,1,0.8429887827779678,2.590108,2.359213,0.88497907
1653,0.9,1,0.817636238939492,2.298815,2.0718977,0.8648787
1654,0.825,1,0.8511104336588168,2.6899428,2.4843433,0.8186658
1655,0.85,1,0.8277842247143311,2.432544,2.2188244,0.7907771
1656,0.675,1,0.8849201730919289,3.0987625,2.9087448,0.9385642
1657,0.6,0,0.7000264704760261,1.2360222,1.322547,0.43493205
1658,0.925,1,0.8216845130811904,2.3147829,2.1072822,0.8531701
1659,0.8,1,0.8199316810377875,2.3484888,2.1278448,0.7199658
1660,0.8,1,0.8268625752469825,2.4084911,2.197146,0.8555223
1661,0.8,1,0.8597726579700273,2.8294857,2.6215005,0.90029573
1662,0.725,0,0.7325446997676829,1.4239869,1.5290179,0.7832653
1663,0.875,1,0.8717456181069512,2.9289026,2.7640202,0.97757447
1664,0.75,1,0.7584636067566081,1.7250286,1.4254366,0.48397854
1665,0.875,1,0.8301315645288642,2.4451895,2.2585852,0.77234244
1666,0.775,1,0.7876785316305461,2.0373955,1.7214831,0.737339
1667,0.725,1,0.8366445519574086,2.5396724,2.2734048,0.82745445
1668,0.95,1,0.8229535176475423,2.3644228,2.1295707,0.88093305
1669,0.775,1,0.8222571981109381,2.350706,2.1330829,0.7342251
1670,0.875,1,0.8166075524362094,2.3282409,2.0966558,0.8768433
1671,0.95,1,0.8951222219787505,3.2044592,3.0148234,1.004261
1672,0.8,0,0.7278206725171508,1.4169546,1.5698355,0.5985566
1673,0.9,1,0.828903187094215,2.4248862,2.1929245,0.8897261
1674,0.65,1,0.69874351428985,1.04609,0.7505256,0.4508697
1675,0.85,1,0.8523091537579879,2.7412307,2.5299232,0.8663682
1676,1.0,1,0.7842010600010019,1.9489218,1.7202239,0.67622554
1677,0.9,1,0.7920164358750118,1.950276,1.7154646,0.8418487
1678,0.725,1,0.8208263859712212,2.3177412,2.0992823,0.82647794
1679,0.975,1,0.8990903188287086,3.277298,3.0767727,0.9885467
1680,0.925,1,0.8412119453533239,2.5917928,2.3718631,0.8340645
1681,0.675,0,0.7518927277420888,1.6226082,1.766099,0.7460434
1682,0.9,1,0.8202150184357828,2.2931838,2.0335217,0.79165
1683,0.8,1,0.8139193452632747,2.235849,1.990657,0.8083213
1684,0.725,1,0.823620265483868,2.3844438,2.1816008,0.78396416
1685,0.75,1,0.8080974380661692,2.18137,1.8967509,0.8104817
1686,0.825,1,0.768921983233781,1.7880147,1.4715654,0.7242135
1687,0.45,1,0.7295802937652434,1.3805276,1.0554405,0.5237019
1688,0.925,1,0.848489311592451,2.6136749,2.3721023,0.99291503
1689,0.775,0,0.7687535727392143,1.9454294,2.1262124,0.706274
1690,0.8,1,0.846016125003473,2.6856604,2.4574113,0.8649509
1691,0.65,0,0.766299453724721,1.9215205,2.0310812,0.7158616
1692,0.825,1,0.7477996781434819,1.5201505,1.2513431,0.57420903
1693,0.725,1,0.8124940888652507,2.2478852,2.0452132,0.8753432
1694,0.925,1,0.8547594845467692,2.7433376,2.5161967,0.830423
1695,1.0,1,0.8869846034182247,3.1597424,2.9489064,0.89062315
1696,0.875,0,0.7543296892123184,1.7773559,1.916579,0.5643462
1697,0.925,1,0.8352976499159813,2.5043058,2.2675385,0.882353
1698,0.9,1,0.7949142713741606,2.103489,1.8179224,0.8186509
1699,0.85,1,0.8371194445545582,2.4832582,2.2482228,0.9179614
1700,0.9,1,0.8240146947204235,2.387163,2.1203866,0.8483159
1701,0.875,1,0.7968565467683326,2.1018248,1.8698223,0.82194585
1702,0.725,1,0.8488183478140636,2.6506875,2.470664,0.9344302
1703,0.875,1,0.7217359988827619,1.2786828,0.9100144,0.6374409
1704,0.85,1,0.788662079132301,1.9136653,1.6743743,0.7605148
1705,0.75,1,0.7987780108905003,2.066498,1.7681153,0.8164628
1706,0.65,1,0.8575226212547261,2.874321,2.6943989,0.6822006
1707,0.925,1,0.8700539609116366,2.8826838,2.6535056,0.897361
1708,1.0,1,0.8310364801701716,2.5011947,2.2919917,1.073264
1709,0.725,1,0.8023084261874229,2.1030698,1.8356603,0.84888756
1710,0.825,1,0.7920430746518055,1.9822352,1.6898581,0.775995
1711,0.9,1,0.8223253054555362,2.3262348,2.0719686,0.8689384
1712,0.7,1,0.8091251336304557,2.2109804,1.9212677,0.82152206
1713,0.725,1,0.8490857950093319,2.6651092,2.4674358,0.8448721
1714,0.725,1,0.7595473993475729,1.7213523,1.4767156,0.53413606
1715,0.7,0,0.7411467269148444,1.5166088,1.6634443,0.75933117
1716,0.925,1,0.8481142862204185,2.6356163,2.458931,0.9589553
1717,0.975,1,0.7757079455220359,1.8266606,1.5844806,0.6641925
1718,0.825,1,0.834263511500304,2.5224962,2.3115044,0.78591454
1719,0.875,1,0.807510022407486,2.250513,2.0725539,0.6509284
1720,0.9,1,0.8487259735049049,2.6122732,2.4073946,0.85624546
1721,0.8,1,0.8067961956482174,2.2046108,1.9619694,0.8024173
1722,0.675,1,0.8189572509176268,2.310661,2.0674782,0.7523586
1723,0.7,0,0.7614734605577314,1.8852571,2.0728903,0.6166778
1724,0.9,1,0.8448208369826042,2.6512241,2.4433274,0.8066926
1725,0.85,1,0.8558595028059534,2.7749424,2.5659347,0.8422432
1726,0.65,1,0.7872979590185233,1.9483813,1.663055,0.7980098
1727,0.975,1,0.7728134043174562,1.7674797,1.4783702,0.7559294
1728,0.65,1,0.8506859229467805,2.6452298,2.4054923,0.90510297
1729,0.925,1,0.8137591572542064,2.2319345,1.9652189,0.8917751
1730,0.95,1,0.7983073822385375,2.1164608,1.9037654,0.7553234
1731,0.825,1,0.8050891728442876,2.1460648,1.8123127,0.821316
1732,0.675,0,0.6911587498932181,1.004195,1.1085297,0.5903849
1733,0.825,0,0.7473235628005006,1.6488876,1.7465632,0.59653413
1734,1.0,1,0.8612458491175738,2.8209884,2.601458,0.8778331
1735,0.8,0,0.784356355171548,2.1173432,2.3098037,0.6752506
1736,0.725,1,0.8134861436612745,2.2739193,2.0366132,0.83747905
1737,0.95,1,0.8277896666681503,2.4586167,2.2611182,0.85679626
1738,0.9,1,0.8131758823853714,2.1977363,1.9499824,0.88012844
1739,0.875,1,0.8291884531037045,2.4989095,2.2407727,0.8110146
1740,0.725,1,0.8903191977328178,3.1848679,2.996525,0.91252637
1741,0.95,1,0.8739048258305162,2.9621665,2.7964725,0.9771472
1742,0.675,1,0.7727066135756006,1.8261392,1.5542614,0.8029335
1743,0.8,1,0.7885757951496655,2.036881,1.7401869,0.71833736
1744,0.75,1,0.8394371629968751,2.5641205,2.3627052,0.8582829
1745,0.725,1,0.7862775568622931,1.9289508,1.6388601,0.79806095
1746,0.675,1,0.756363140100118,1.656669,1.344573,0.6476901
1747,0.65,1,0.7545747136656861,1.5785059,1.2403538,0.694977
1748,0.95,1,0.8838803111568183,3.0578275,2.8779092,0.9280715
1749,0.675,0,0.796096618033372,2.2053213,2.4052963,0.7183747
1750,0.75,1,0.8598285551970822,2.7986307,2.6118755,0.85638225
1751,0.675,1,0.7906409141938504,2.0341601,1.7537297,0.7463227
1752,0.625,1,0.7919982318401818,2.0676632,1.8110912,0.68028885
1753,0.75,1,0.7510896821614388,1.6877944,1.3366921,0.6456703
1754,0.65,1,0.772107632311815,1.766301,1.4608816,0.86457175
1755,0.825,1,0.8406127904624722,2.5969708,2.3811712,0.8695533
1756,0.775,1,0.8133323017104916,2.2314212,1.9779571,0.80101126
1757,0.625,1,0.7487193927898002,1.5705204,1.2310523,0.6556936
1758,0.85,1,0.82840434903068,2.4445598,2.2178016,0.83003736
1759,0.8,1,0.7699783829629003,1.7981489,1.5045829,0.7176395
1760,0.75,0,0.7476215448979581,1.5992591,1.753751,0.67637485
1761,0.9,1,0.8225181803862784,2.3753457,2.1320918,0.81425536
1762,0.925,0,0.8066716979533747,2.2776566,2.5393474,0.87397695
1763,0.9,1,0.8487859200953771,2.669141,2.4374359,0.88855565
1764,0.975,1,0.8401755009668505,2.5846233,2.3905962,0.76448846
1765,0.975,1,0.814356987532066,2.345187,2.0734954,0.76775074
1766,0.7,1,0.794338095020555,2.0100918,1.7465957,0.8289056
1767,0.875,1,0.7702101671848298,1.799146,1.4927002,0.71901995
1768,0.775,1,0.8047994141157978,2.1863952,1.9357467,0.77227485
1769,0.775,1,0.8154746546748457,2.2563941,1.9808056,0.8564332
1770,0.7,1,0.7546786208833784,1.6418306,1.3030429,0.634507
1771,0.85,1,0.8107473538106635,2.2506466,2.0019898,0.8645116
1772,0.9,1,0.7977244148255845,2.0499759,1.8079697,0.8747845
1773,0.925,1,0.8018222656493862,2.1208966,1.8528663,0.83215564
1774,0.875,1,0.8460065324488957,2.65037,2.462082,0.7851386
1775,0.9,1,0.8307194527328052,2.425623,2.1705408,0.82510954
1776,0.725,1,0.8266535059596097,2.434505,2.199563,0.8080342
1777,0.775,1,0.8074351736175197,2.223959,1.98227,0.8531333
1778,0.8,1,0.8638932842727601,2.8445153,2.6629512,0.8629235
1779,0.825,1,0.8372556095925309,2.4877996,2.2264593,0.91045207
1780,0.95,1,0.7965331286877595,2.0452611,1.7390196,0.81920207
1781,0.85,1,0.8238420537808046,2.4002457,2.1719265,0.83489716
1782,0.875,1,0.8029924823383916,2.1639426,1.8878108,0.66326934
1783,0.675,1,0.7848707937139974,1.9508005,1.6458719,0.87205493
1784,0.725,1,0.7540356814812211,1.567634,1.2901629,0.6200249
1785,0.825,1,0.8175456195521519,2.2918262,2.0317094,0.8209611
1786,0.775,1,0.8080554352313734,2.3259213,2.0711985,0.65230674
1787,0.6,1,0.7772983707246339,1.8942435,1.6727209,0.6302519
1788,0.775,1,0.797848376870036,2.0828032,1.7906005,0.80913395
1789,0.925,1,0.8432943557169272,2.609653,2.3893025,0.8396946
1790,0.85,1,0.8261004267049893,2.3719926,2.1316788,0.83638626
1791,0.875,0,0.797508378472488,2.1778574,2.390555,0.806409
1792,0.8,1,0.7963463857785205,2.046589,1.7618537,0.80557823
1793,0.725,1,0.8061470732608136,2.165451,1.9023105,0.85174507
1794,0.75,1,0.7996481914869653,2.2031207,1.9260547,0.70474064
1795,0.825,0,0.7546641327958636,1.7470145,1.8870407,0.73151046
1796,0.75,1,0.7854799295356933,1.9674709,1.7243497,0.7636369
1797,0.9,1,0.8199194135419139,2.290663,2.0346062,0.8171863
1798,0.825,1,0.7972858377105834,2.042091,1.7737048,0.8037029
1799,0.775,1,0.7893218693925442,2.0276203,1.6915917,0.77963465
1800,0.825,1,0.8547304109867399,2.7221193,2.5213192,0.95105946
1801,0.975,1,0.8782339302680848,3.0509045,2.898813,0.8152375
1802,0.875,1,0.8368593006752734,2.5717616,2.326045,0.8943335
1803,0.8,0,0.8070010196988537,2.317559,2.5135288,0.83288294
1804,0.85,1,0.8762562094289827,2.976222,2.8469954,0.9872959
1805,0.875,1,0.769182505131581,1.8469553,1.5401373,0.6749517
1806,0.975,1,0.841547593004337,2.5877478,2.3714976,0.8257529
1807,0.525,1,0.771674923710542,1.7727011,1.5212501,0.7282677
1808,0.6,0,0.7028678941836601,1.1003361,1.2219732,0.59337866
1809,0.6,1,0.7931550985117113,2.0580878,1.7847668,0.79746205
1810,0.975,1,0.8445679196260474,2.64994,2.3965445,0.98242813
1811,0.875,1,0.8036027814692613,2.2984602,2.0885272,0.5195473
1812,0.825,1,0.8944581779386003,3.2129085,3.039906,0.90378124
1813,0.75,0,0.7960447142624173,2.1854692,2.375778,0.77538455
1814,0.75,1,0.8114124120614572,2.2110486,1.9428434,0.81975836
1815,0.8,1,0.7940303867880074,2.0187232,1.7309486,0.7993427
1816,0.7,1,0.8310481733380941,2.4845355,2.2560716,0.8585082
1817,0.75,1,0.8118749859732055,2.2109723,1.9452317,0.81398934
1818,0.95,1,0.8034945210715623,2.143259,1.8648666,0.81639236
1819,0.825,0,0.7793515136304932,1.9955618,2.1681151,0.8313055
1820,0.975,1,0.8530608341156289,2.7187557,2.5352168,0.8955368
1821,0.7,1,0.8107254244269555,2.1949477,1.9449806,0.8888216
1822,0.975,0,0.7901309516485078,2.1484458,2.3535798,0.66737616
1823,0.9,1,0.8436315555436531,2.5671027,2.3221254,0.8873128
1824,0.85,1,0.8223875226348839,2.3610225,2.1380093,0.9125057
1825,0.825,0,0.7940046351214662,2.1423788,2.3252273,0.8303115
1826,0.725,1,0.7764388326995921,1.8279254,1.5990243,0.6739798
1827,0.85,1,0.7890827975158179,1.9639167,1.6707685,0.85555726
1828,0.6,1,0.762570527690428,1.7902381,1.4659259,0.6068833
1829,0.725,1,0.8148590931985074,2.3155134,2.0654054,0.8047398
1830,0.85,1,0.8031070046208959,2.1275773,1.8848643,0.71568865
1831,0.8,1,0.8590549596894148,2.7627153,2.5817804,0.9446521
1832,0.825,1,0.8041153049974982,2.1454668,1.8780099,0.7880751
1833,0.8,0,0.7768922832459582,2.0242543,2.2129364,0.7229754
1834,0.8,1,0.8632394963041332,2.856016,2.6671405,0.87047565
1835,0.85,1,0.7797232467456041,1.8706154,1.6050401,0.7616758
1836,0.85,1,0.8218683598256659,2.332673,2.0885122,0.8410534
1837,0.925,1,0.7273421535652932,1.3995194,1.137025,0.46611166
1838,0.85,1,0.8095789059542371,2.219384,1.9529183,0.7708159
1839,0.85,1,0.7655058754829469,1.6828874,1.4082223,0.7902122
1840,0.875,1,0.7744668365439116,1.9133271,1.6679118,0.69642353
1841,0.725,1,0.7982610698534329,2.060215,1.8004684,0.79617935
1842,0.85,1,0.8411000439463918,2.5835047,2.3572254,0.90341663
1843,0.85,1,0.7796539477852392,1.8463944,1.5860385,0.82663363
1844,0.675,1,0.8045619712362556,2.2170477,1.9772221,0.7580182
1845,0.825,1,0.7773317275152588,1.839575,1.5435388,0.8095463
1846,0.775,1,0.8231999776772194,2.3305001,2.0971794,0.79969436
1847,0.825,1,0.7964891661125595,2.0376198,1.7327517,0.79599845
1848,0.875,1,0.847696473939509,2.6602323,2.4288173,0.9275588
1849,0.775,1,0.7897059156925872,1.9559647,1.6673174,0.7833182
1850,0.975,1,0.7570628556683928,1.8499624,1.5284871,0.53563887
1851,0.75,0,0.7491924644078102,1.6653397,1.7950298,0.65600556
1852,0.95,1,0.7939363224196627,1.9870751,1.7383778,0.84731764
1853,0.9,1,0.8288216690244294,2.4169693,2.182162,0.84465414
1854,0.825,1,0.8772115970060366,2.9987476,2.8248222,0.8928349
1855,0.675,1,0.7896052894762415,2.032162,1.7779163,0.6320323
1856,0.8,1,0.8033870547200126,2.124024,1.8337028,0.7832529
1857,0.775,0,0.7110174268485772,1.1665024,1.2940714,0.67689353
1858,0.875,1,0.7583520246219195,1.6375965,1.3017412,0.69530755
1859,0.825,1,0.7973979292716004,2.0249436,1.7650027,0.8180643
1860,0.725,0,0.7762151437592913,1.8704724,2.0324545,0.92617404
1861,0.65,1,0.8041644428742067,2.1195064,1.8657039,0.8384357
1862,0.85,1,0.8472439245136059,2.6743538,2.5006385,0.9135323
1863,0.9,1,0.7738349007311258,1.9510128,1.7178098,0.5038663
1864,0.65,1,0.8477727127933917,2.6360488,2.4080405,0.9060277
1865,0.6,1,0.754484724555516,1.6592064,1.3724694,0.58710754
1866,0.875,1,0.823419709624224,2.403436,2.1650581,0.82484853
1867,0.975,1,0.7359725997114097,1.506983,1.2579839,0.5354655
1868,0.825,1,0.7975297469975065,2.0635552,1.7672468,0.8897072
1869,0.825,1,0.8157336910441233,2.2394586,1.9941179,0.8226455
1870,0.8,1,0.8081205794521188,2.17171,1.9414915,0.8448978
1871,0.8,1,0.8133138891137098,2.3016698,2.0558834,0.88123125
1872,0.825,1,0.7977890779293315,2.2136843,2.010225,0.5352308
1873,0.575,1,0.7822371066137579,1.8841347,1.581428,0.90675956
1874,0.7,0,0.814891095621783,2.3253245,2.5426047,0.854781
1875,0.8,1,0.8088796210254399,2.185317,1.9027554,0.78282756
1876,0.95,1,0.8516317614981044,2.6719642,2.4513006,0.88245004
1877,0.975,1,0.8544522783184301,2.7506185,2.567419,1.0184065
1878,0.85,1,0.8454455997563487,2.63772,2.4401112,0.92505676
1879,0.775,1,0.8429738040274705,2.609662,2.4145555,0.8589268
1880,0.925,1,0.8689286889486406,2.8857598,2.7009804,0.8689481
1881,0.85,1,0.777607016106272,1.9295052,1.6548748,0.5476857
1882,0.95,1,0.8336598661998336,2.4616747,2.2059727,0.878622
1883,1.0,1,0.880262357037201,3.03669,2.8290362,0.9443065
1884,0.725,1,0.8189707900392418,2.3263397,2.0587778,0.82862645
1885,0.825,1,0.8201077329559143,2.343402,2.1097982,0.8309195
1886,0.925,1,0.7960194562252679,2.0102236,1.7426817,0.75521356
1887,0.525,1,0.7831439320036945,1.8925885,1.6039681,0.80656356
1888,0.7,0,0.7317520376457863,1.4001728,1.5205789,0.6816072
1889,0.775,1,0.8521279431168416,2.7182035,2.5058627,0.919721
1890,0.65,1,0.7577205426920293,1.7261477,1.4810265,0.5849267
1891,0.75,1,0.7711246352123892,1.7678634,1.4840587,0.8513925
1892,0.875,1,0.8340632865462516,2.5036466,2.2882366,0.85272765
1893,0.625,0,0.7367744820718467,1.5018219,1.6493323,0.68892074
1894,0.6,1,0.8090969276708592,2.2759068,2.0169585,0.7049915
1895,0.975,0,0.7605053283463179,1.8674042,2.0006406,0.6628814
1896,0.75,0,0.7724705380795844,1.9281476,2.1050887,0.7354436
1897,0.825,1,0.8140599217032897,2.3272316,2.1057682,0.7708607
1898,0.75,1,0.810734415562072,2.2871804,2.0151467,0.7560882
1899,0.975,0,0.795910233687728,2.1934738,2.3959868,0.73378974
1900,0.925,1,0.8258683362649553,2.4171796,2.2164526,0.8354859
1901,0.975,1,0.8188042438431979,2.3901746,2.159488,0.7076403
1902,0.85,1,0.8670585589663286,2.8879604,2.6738186,0.8353152
1903,0.65,1,0.7506658352013911,1.5564613,1.2223833,0.70855135
1904,0.85,1,0.8044768532441215,2.2472198,2.0169113,0.71196574
1905,0.625,1,0.8307267724490426,2.4140272,2.1849346,0.85772747
1906,0.6,1,0.8655969457765893,2.8831706,2.707195,0.8992497
1907,0.75,1,0.8211990303651587,2.3385766,2.1238573,0.85157686
1908,0.875,1,0.859063023167926,2.8206296,2.6039572,0.95693123
1909,0.825,1,0.7996063091686683,2.0633368,1.7785319,0.80576783
1910,0.75,0,0.6993170161024316,1.1293947,1.2746968,0.4317769
1911,0.725,0,0.7855101048918243,2.1141276,2.2790956,0.779275
1912,0.675,1,0.806881778065599,2.164293,1.8983271,0.7219716
1913,1.0,1,0.8657379472027832,2.9021168,2.7017567,0.9006231
1914,1.0,1,0.828588704783266,2.4178782,2.2114654,0.9161126
1915,0.75,1,0.86647725770896,2.9009714,2.6911094,0.93085647
1916,0.625,0,0.733216183968043,1.6105802,1.7440206,0.5799213
1917,0.875,1,0.8151867094552847,2.2739646,2.0342438,0.7798517
1918,0.75,1,0.7935754821826033,2.003068,1.7262297,0.82009333
1919,0.725,0,0.7171799957844963,1.3220171,1.4425715,0.6091333
1920,0.725,1,0.815134959975294,2.3108854,2.097188,0.73933506
1921,0.9,1,0.8250489106825074,2.4121454,2.2135453,0.830144
1922,0.725,1,0.8293846513936577,2.4250767,2.174101,0.80409765
1923,0.85,1,0.8140840929807864,2.2857347,2.058926,0.8608261
1924,0.8,1,0.8027168464611916,2.1314878,1.8742335,0.78526455
1925,0.725,1,0.8362028814412505,2.5218167,2.2907343,0.94079614
1926,0.875,1,0.7957955148297234,2.101062,1.8229283,0.6900571
1927,0.8,1,0.833409455152414,2.5344791,2.3465006,0.875963
1928,0.75,0,0.7891168665292102,2.0140374,2.2296753,0.7959797
1929,0.875,1,0.8213530590469131,2.3726528,2.193385,0.7739267
1930,0.85,1,0.8278120565157299,2.3950782,2.1706548,0.93403876
1931,0.775,1,0.7912792144438398,1.9354306,1.6893955,0.82649535
1932,0.7,1,0.8306144212231981,2.4339042,2.1763818,0.80984575
1933,0.675,0,0.7740892462114142,1.9439127,2.1118746,0.78846836
1934,0.95,1,0.8311338391261539,2.461601,2.1997046,0.90867466
1935,0.9,1,0.8391095958374291,2.543285,2.3565724,0.883003
1936,0.65,1,0.7935609577350298,2.066999,1.864295,0.7495767
1937,0.9,1,0.8063919447472836,2.2930999,2.0121036,0.7784942
1938,0.875,1,0.8218284067710226,2.3459785,2.0725126,0.9407711
1939,0.7,1,0.8079831161352952,2.223753,1.9992712,0.84738016
1940,0.575,1,0.8197182771268907,2.4023817,2.178713,0.83604264
1941,0.875,1,0.8576670249150893,2.8067436,2.618052,0.93283737
1942,0.8,1,0.8190436228222417,2.297124,2.0303357,0.8552962
1943,0.675,1,0.8321456983478522,2.4993386,2.2772198,0.8904894
1944,0.8,0,0.8531353831462276,2.8469563,3.0901427,0.92365587
1945,0.825,1,0.7892092775138367,1.9572451,1.6530218,0.8703668
1946,0.925,0,0.7714351016406206,1.8395014,2.0082664,0.81741834
1947,0.625,1,0.7611226520391665,1.7186755,1.4010972,0.62342995
1948,0.65,0,0.771743955191725,1.9098295,2.0864668,0.7694554
1949,0.9,1,0.8534591780937649,2.7248695,2.5203342,0.8297607
1950,0.85,1,0.8331376417007827,2.4890456,2.2364407,0.85037464
1951,0.8,1,0.8043744952684087,2.0960512,1.8674061,0.82170993
1952,0.9,0,0.7824327435047971,1.9681572,2.1593142,0.8047449
1953,0.825,1,0.7973695227359592,2.094221,1.848005,0.7650341
1954,0.975,1,0.8049000881291272,2.1932485,1.9436471,0.78838784
1955,0.725,1,0.831248748882505,2.4413605,2.2090478,0.8201453
1956,0.775,1,0.8273422968094912,2.3777406,2.1232853,0.87765485
1957,0.675,1,0.839407250745659,2.6075811,2.3654027,0.8427433
1958,0.875,1,0.8351110258853957,2.4917176,2.2476463,0.9612048
1959,0.85,1,0.8552154179631417,2.741936,2.521449,1.0055051
1960,0.575,1,0.7685123020931948,1.861619,1.5750272,0.64516616
1961,0.9,1,0.7921961030614785,2.0240564,1.7554188,0.8422706
1962,0.775,0,0.6998069445055205,1.0826241,1.1423755,0.6774313
1963,0.9,1,0.8086626088712177,2.1792684,1.9280616,0.8380204
1964,0.8,1,0.8108753213931987,2.1956859,1.942162,0.86336076
1965,0.725,1,0.8214055917609409,2.3550746,2.1747854,0.8293835
1966,0.9,1,0.8823312651717162,3.0323417,2.8710701,0.9862435
1967,0.9,1,0.8086175411024723,2.2435076,1.9989272,0.64516705
1968,0.9,1,0.7640767441579721,1.7283167,1.4449985,0.6066827
1969,0.725,1,0.7726190086398246,1.7868441,1.5199589,0.73844635
1970,0.9,0,0.741029833832642,1.5982692,1.7628697,0.6361287
1971,0.9,1,0.8115077754372975,2.2953851,2.040854,0.7242635
1972,0.875,1,0.84949302734751,2.7383714,2.4979188,0.86013913
1973,0.7,1,0.8047157820961421,2.138342,1.8991958,0.8808836
1974,0.975,1,0.8094331543342771,2.2052279,1.9529513,0.8272121
1975,0.825,1,0.8393782276810621,2.599738,2.3552544,0.79987025
1976,0.7,1,0.8332010129412734,2.512404,2.2780159,0.89783686
1977,0.675,1,0.7846328409102953,1.9105924,1.6438917,0.8152866
1978,0.6,1,0.8448646748433352,2.6603534,2.4309309,0.9227736
1979,0.9,1,0.8251557179955761,2.3923748,2.171841,0.8586705
1980,0.8,1,0.8407404377108555,2.551475,2.3601108,0.91348135
1981,0.8,1,0.8441901134154561,2.6077237,2.4063845,0.9398742
1982,0.725,1,0.8158218413533275,2.2800574,2.0053537,0.8188495
1983,0.8,1,0.8552458269277279,2.7424595,2.5392845,0.8601185
1984,0.9,1,0.825555730078747,2.403278,2.226122,0.88304687
1985,0.875,1,0.841093597412275,2.5569909,2.31566,0.9756658
1986,0.8,1,0.8046194541573367,2.1245027,1.8778715,0.8529392
1987,0.925,0,0.7423338912488069,1.5811597,1.7231174,0.64411825
1988,0.8,1,0.8288449278258269,2.42833,2.2297645,0.81111157
1989,0.775,1,0.7948753996614547,2.035088,1.8042675,0.7786569
1990,0.95,1,0.846640735753202,2.663977,2.4828446,0.94485533
1991,0.925,1,0.8457529696060484,2.6366339,2.4471607,0.9079499
1992,0.85,1,0.8110606329737068,2.1975431,1.9174706,0.8131835
1993,0.75,1,0.7810868180196044,1.9946597,1.7027905,0.7116463
1994,0.85,1,0.8023999720663386,2.1530583,1.917146,0.85181296
1995,0.85,1,0.8072909266999273,2.1702428,1.8678197,0.8235975
1996,0.675,1,0.8357352204131521,2.4569335,2.2515402,0.82466763
1997,0.675,0,0.7931282923486731,2.108484,2.337513,0.84693044
1998,0.8,1,0.791420529011272,1.986646,1.718156,0.8706268
1999,0.925,1,0.7691124778836154,1.7107244,1.4383833,0.78029805
2000,0.725,1,0.7694704865690252,1.717746,1.4585785,0.80016094
2001,0.825,0,0.7736730734639107,1.9957864,2.0925574,0.83160913
2002,0.85,1,0.8264918917233398,2.391237,2.1722007,0.80543506
2003,0.825,1,0.8050630921147313,2.1191256,1.8656331,0.81724006
2004,0.85,1,0.8851510158688005,3.0850601,2.9303536,0.91376555
2005,0.85,1,0.7661638828524433,1.6822729,1.3947068,0.7234239
2006,0.8,1,0.8393565988949322,2.5217788,2.2914853,0.8597439
2007,0.925,0,0.7817312081374402,1.9975007,2.2118883,0.7356429
2008,0.825,0,0.77727533799244,1.9639841,2.1782312,0.72529745
2009,0.8,1,0.7973765115049085,2.0399275,1.7788965,0.8412074
2010,0.55,1,0.8406895604623876,2.6478283,2.422874,0.7185781
2011,0.825,1,0.8097293849779916,2.2630732,2.013912,0.71110666
2012,0.825,1,0.8790054719526107,3.02947,2.84818,0.8993552
2013,0.775,1,0.8202720371140177,2.3668268,2.1269283,0.823617
2014,0.85,1,0.7866875502593609,2.0537603,1.7247472,0.78078055
2015,0.6,1,0.7810332785058168,1.862121,1.5760369,0.77230614
2016,0.9,1,0.8248876435933444,2.4114282,2.1541893,0.7749364
2017,0.8,1,0.7736371438035007,1.8711214,1.6486851,0.7309661
2018,0.975,1,0.7647653929162599,1.6958389,1.4127561,0.7787143
2019,0.875,1,0.7879962028411145,2.0293117,1.7020494,0.7611626
2020,0.875,1,0.8074183363608907,2.3200245,2.0892782,0.6396898
2021,0.925,1,0.8383971730953882,2.5375457,2.3000748,0.856809
2022,0.7,1,0.7743603064879605,1.8617533,1.5687522,0.6249148
2023,0.85,1,0.807808348102893,2.1614351,1.9086666,0.8080694
2024,0.725,1,0.7533182827346857,1.558589,1.2431238,0.7516261
2025,0.75,1,0.7769345203944351,1.8874153,1.5529808,0.6775294
2026,0.725,1,0.7920046519702724,2.0937088,1.8073142,0.6194107
2027,0.9,1,0.8621988727969512,2.8434072,2.6441305,0.91246337
2028,0.825,1,0.8216753362730547,2.3263092,2.0517576,0.8517215
2029,0.8,1,0.8053067534257043,2.1668763,1.8939104,0.840069
2030,0.775,0,0.7415730798296725,1.5320175,1.6879649,0.7284931
2031,0.925,1,0.8035573282851972,2.0789752,1.8582679,0.8733986
2032,0.825,1,0.8195803029578672,2.2966583,2.06224,0.7599824
2033,0.825,1,0.8157485489883052,2.2468722,1.9922389,0.8127745
2034,0.8,1,0.8534244191879621,2.7454097,2.5311062,0.8473867
2035,0.775,1,0.805156377475173,2.163641,1.9122092,0.7586207
2036,0.7,0,0.770586674111255,1.8680475,2.0698147,0.8098657
2037,0.875,1,0.8245923936945792,2.330014,2.103022,0.8389891
2038,0.875,1,0.8288764984984742,2.4029856,2.161231,0.93998086
2039,0.725,0,0.7779337976561429,2.0307114,2.1940877,0.68713117
2040,0.85,1,0.8208487806766416,2.3298147,2.049902,0.74375814
2041,0.8,1,0.7767933095077892,1.8257324,1.5095851,0.77675605
2042,0.8,1,0.8332242199649672,2.583957,2.3127491,0.7468534
2043,0.825,1,0.8086923656797904,2.2275927,1.9953245,0.77505356
2044,0.875,1,0.8370386339985507,2.5121484,2.2894435,0.8975038
2045,0.75,1,0.8532430970665569,2.7436948,2.5668895,0.812209
2046,0.725,0,0.745141969096049,1.665084,1.7893904,0.65931094
2047,0.8,1,0.7949725955890212,2.0320985,1.7684845,0.7265856
2048,0.775,0,0.7749749505522079,1.964285,2.1492503,0.78671694
2049,0.9,1,0.8549186344342932,2.7703738,2.5409148,0.8853848
2050,0.85,1,0.8442449429166845,2.6353302,2.4139988,0.9110249
2051,0.775,1,0.8594033278980309,2.798129,2.5749755,0.8825556
2052,0.75,0,0.7866836243207701,2.0195274,2.204267,0.76291865
2053,0.75,1,0.8096624460978801,2.2286887,2.0055432,0.9230367
2054,0.775,1,0.7973612615711629,2.041831,1.7902857,0.83631176
2055,0.9,1,0.8134613409164659,2.2357793,1.9939837,0.8690459
2056,0.85,1,0.8558819823188684,2.7757826,2.5522137,0.9501482
2057,0.925,1,0.8668648558861579,2.9147933,2.7501562,0.8615552
2058,0.875,1,0.8727603740257466,2.9609199,2.7788892,0.79200816
2059,0.75,1,0.7449628080909367,1.5559276,1.2673782,0.64079386
2060,0.85,1,0.7890195439271874,1.9440333,1.685773,0.7619137
2061,0.85,0,0.7841322321790473,2.040708,2.2612371,0.79092395
2062,0.775,1,0.8059626547803714,2.1437216,1.8793442,0.8669592
2063,0.775,0,0.6910122111132514,1.1107858,1.1946558,0.35168406
2064,0.85,0,0.7639695006409377,1.8433794,1.9897988,0.70040303
2065,0.925,1,0.8024377660834489,2.1137924,1.8612795,0.82552725
2066,0.6,1,0.7862117113443707,1.9471631,1.6589874,0.7309248
2067,0.675,0,0.7769810054764046,1.9799111,2.1676447,0.6787658
2068,0.825,1,0.7653746247959354,1.7425346,1.5118988,0.58763206
2069,0.925,1,0.7724285267152692,1.7665541,1.4638927,0.8146146
2070,0.825,1,0.8771071400704774,2.9690225,2.8280368,0.8581331
2071,0.75,1,0.7981606240761078,2.0206618,1.7749228,0.8298232
2072,0.975,1,0.8656100737398008,2.8529387,2.666393,0.87514186
2073,0.675,1,0.798105162293647,2.210386,1.9986928,0.6530313
2074,0.725,1,0.7884779292277336,2.095167,1.8632686,0.6283714
2075,0.875,1,0.8625189419569353,2.8693702,2.6458077,0.8415878
2076,0.875,1,0.8290549841031285,2.4837048,2.2628791,0.8239436
2077,0.825,1,0.8320882074926734,2.559738,2.297952,0.7840529
2078,0.85,1,0.8590146288126985,2.7623856,2.576158,0.9270679
2079,0.675,1,0.7920394564229026,2.0868423,1.8606498,0.6510967
2080,0.9,1,0.7746711176895462,1.7809333,1.4896528,0.7328457
2081,0.9,0,0.707786618691965,1.249872,1.2758222,0.58651316
2082,0.725,1,0.906945224971774,3.3317237,3.1728082,1.0362728
2083,0.85,1,0.8431057036164469,2.618679,2.4051366,0.87570834
2084,0.875,0,0.726024609149698,1.469141,1.5904566,0.617073
2085,0.775,1,0.8503417086759705,2.6933272,2.496163,0.92438227
2086,0.875,1,0.8508462408426382,2.6807122,2.4400828,0.8319809
2087,0.8,1,0.8215602559902849,2.304872,2.0775702,0.8210518
2088,0.825,1,0.8386657788814011,2.5405283,2.335271,0.8538463
2089,0.65,1,0.8180633669793052,2.413828,2.1743982,0.6693208
2090,0.8,1,0.7812996827934795,1.9403259,1.6428311,0.7215205
2091,0.9,0,0.7896223927672411,2.1135,2.299096,0.8060927
2092,0.675,0,0.7852207251121632,2.0460644,2.2669475,0.7199807
2093,0.825,1,0.8189325242824352,2.3026848,2.0268168,0.80113834
2094,0.95,1,0.7804495738353289,1.8775852,1.5912232,0.8337354
2095,0.825,1,0.798239571105273,2.080707,1.7787248,0.8120845
2096,0.75,0,0.7614899922530705,1.7368159,1.9135882,0.7481248
2097,0.825,0,0.8132344269907754,2.4394398,2.6247072,0.83375365
2098,0.95,0,0.7538206764580685,1.7368693,1.8870252,0.6412063
2099,0.75,1,0.8057373886647958,2.1497822,1.8976426,0.70720476
2100,0.775,1,0.8675268318702798,2.8995962,2.7146547,0.8166964
2101,0.85,1,0.8232691527233846,2.3488286,2.0806272,0.85310394
2102,0.85,1,0.8538991033443882,2.772749,2.508082,0.8801529
2103,0.875,1,0.8375589028139043,2.5122201,2.3085995,0.90973216
2104,0.9,1,0.8339199771938122,2.5659928,2.3709373,0.80676854
2105,0.575,1,0.8274703224540398,2.3946517,2.185512,0.94657725
2106,0.725,0,0.7630241802939906,1.7548882,1.9223061,0.6998239
2107,0.825,1,0.8054251260744225,2.1530385,1.8911912,0.86084986
2108,0.8,1,0.7979242329486618,2.0973628,1.7769425,0.767865
2109,0.9,1,0.8217951184692182,2.3296769,2.1254141,0.9029543
2110,0.725,1,0.7918488451277198,1.9965551,1.6931688,0.8327541
2111,0.825,1,0.7899683389048657,2.0558271,1.7648525,0.67406434
2112,0.725,1,0.7842799064048456,1.8727536,1.5950199,0.78917885
2113,0.825,1,0.8421917045175044,2.6050167,2.4111156,0.8350805
2114,0.825,1,0.8089650568490803,2.2482271,2.0205116,0.77528703
2115,0.9,1,0.8269621095928366,2.3476691,2.1198254,0.88300264
2116,0.85,1,0.8023692018980227,2.1214147,1.8444159,0.76831716
2117,0.95,1,0.8776834765496664,3.008335,2.822258,0.9429927
2118,0.625,1,0.7703975734597697,1.7615956,1.4639161,0.75149643
2119,0.9,1,0.8160166914888112,2.2636874,2.014449,0.79173964
2120,0.85,1,0.799235556554388,2.1166158,1.8899794,0.7488081
2121,0.95,1,0.8054227074419473,2.1921225,1.9289813,0.805882
2122,0.925,1,0.835986588264048,2.5423586,2.3482451,0.95502895
2123,0.775,1,0.8112971905788957,2.232058,1.960871,0.75491744
2124,0.8,1,0.8328159181769659,2.4863336,2.2517993,0.814304
2125,0.825,1,0.7351036061398959,1.4702367,1.1767159,0.5356752
2126,0.825,1,0.8066153565207685,2.1571841,1.8989009,0.79373187
2127,0.8,1,0.8088603713180755,2.204914,1.9278378,0.82612455
2128,0.875,1,0.8015328081820808,2.0771525,1.8204186,0.81136495
2129,0.75,0,0.7324397087636372,1.4305058,1.5526421,0.6573398
2130,0.825,1,0.7841622923741172,1.8932244,1.6213212,0.82101816
2131,0.85,1,0.8235883261178262,2.345088,2.1091971,0.9750837
2132,0.775,1,0.8259638169261857,2.4017568,2.2106476,0.89741945
2133,0.725,1,0.8002607550340792,2.14017,1.8890655,0.83725166
2134,0.75,1,0.8082034979304629,2.1676657,1.9089004,0.77098686
2135,0.95,1,0.8566054947412247,2.7170515,2.47292,0.9206179
2136,0.825,1,0.8341919008119537,2.4424062,2.2011685,0.88097507
2137,0.925,1,0.7995360620619991,2.0880008,1.822612,0.78305626
2138,0.725,1,0.7803047121187067,1.8870251,1.5769447,0.7822073
2139,0.875,1,0.8073714684653275,2.3404331,2.1059866,0.66837513
2140,0.9,1,0.8184290571392396,2.3235328,2.0299265,0.7507103
2141,0.9,1,0.8384526889172255,2.5312533,2.3017821,0.889177
2142,0.825,1,0.8229823732360388,2.3728974,2.1327794,0.83321756
2143,0.675,1,0.7680119365657145,1.7145504,1.4460636,0.8215973
2144,0.775,1,0.840699141771693,2.553804,2.3315318,0.922685
2145,0.725,1,0.8198571188960866,2.3208556,2.1038706,0.8577984
2146,0.925,1,0.8378114023280572,2.5298781,2.2820802,0.91318154
2147,0.8,0,0.7509384987007199,1.7946138,1.8815982,0.60009795
2148,0.65,1,0.8019112211922848,2.096291,1.8559192,0.78197354
2149,0.9,0,0.7171223013216921,1.3098259,1.4021529,0.56008637
2150,0.925,1,0.7742948665074435,1.8886168,1.6133976,0.6387664
2151,0.8,1,0.8516529340518018,2.7087884,2.5093079,0.8318287
2152,0.825,1,0.836872849229567,2.5527096,2.3369446,0.87095463
2153,0.875,1,0.795313192175086,2.039186,1.764274,0.8333022
2154,0.85,1,0.8599149313133188,2.7783537,2.6114008,0.90892375
2155,0.875,1,0.828058111192123,2.4353304,2.2068353,0.83598405
2156,0.975,1,0.8026014492546432,2.1383462,1.8774605,0.8168426
2157,0.775,1,0.8336512425094692,2.5192626,2.295424,0.88916916
2158,0.7,1,0.8392293023065991,2.5747962,2.3504128,0.90985537
2159,0.85,1,0.8252803666207315,2.366062,2.1540108,0.88191324
2160,0.7,1,0.8103851905382748,2.2339377,2.0609443,0.71826255
2161,0.925,1,0.8039767962619454,2.2431197,2.034422,0.5843674
2162,0.975,1,0.8535021887997825,2.667135,2.4192924,0.8567794
2163,0.9,0,0.8092982168823959,2.3448873,2.5709877,0.8155729
2164,0.75,1,0.7169870888763289,1.2831569,0.9777864,0.45207748
2165,0.75,1,0.802112058501778,2.1444466,1.8949308,0.87679267
2166,0.975,1,0.8069498411847171,2.166534,1.9081764,0.8468779
2167,0.725,1,0.8092561094872844,2.1948586,1.9376724,0.8532321
2168,0.75,1,0.7738171185970419,1.7809645,1.4963086,0.7935334
2169,0.9,1,0.875277384615728,2.9859931,2.8241913,0.86232054
2170,0.9,1,0.8414880242766042,2.536162,2.3158736,0.86695
2171,1.0,1,0.8573433544595397,2.7770467,2.5957503,0.9204479
2172,0.9,1,0.8577320881152443,2.7686949,2.5496457,0.9217634
2173,0.75,1,0.8370010281798679,2.550023,2.3147764,0.9289823
2174,0.725,1,0.8219035072165142,2.3229315,2.064474,0.84966487
2175,0.925,1,0.8384234209879617,2.5345492,2.3235323,0.9147347
2176,0.775,1,0.8309080121912155,2.4837656,2.263077,0.83194566
2177,0.775,1,0.8405709403806985,2.6120982,2.426962,0.75812495
2178,0.9,1,0.8224381333063486,2.3289287,2.0962481,0.8707022
2179,0.725,1,0.7635572510552321,1.6763581,1.3932536,0.76252323
2180,0.75,1,0.8063192383902196,2.2029912,1.9866095,0.7996281
2181,0.8,1,0.7644759063923304,1.6872982,1.3907533,0.75539166
2182,0.6,1,0.8252907211881811,2.3609827,2.1178641,0.87819546
2183,0.825,1,0.8419685402461007,2.627721,2.443526,0.95745546
2184,1.0,1,0.8854355465409867,3.0956588,2.903144,0.9421791
2185,0.875,1,0.8226955975200546,2.312345,2.0629277,0.87586325
2186,0.625,1,0.8132285520522982,2.256049,1.9794369,0.76914644
2187,0.875,1,0.8534627390819237,2.726832,2.5014634,0.814576
2188,0.725,1,0.8164524842677642,2.284478,2.0148306,0.79738456
2189,0.7,1,0.8071418881260443,2.173551,1.8560936,0.8777216
2190,0.825,1,0.7934473984417334,2.0138423,1.7244382,0.7988364
2191,0.825,1,0.7956947941400883,2.0738294,1.8453579,0.86501807
2192,0.825,1,0.834457387902387,2.5532234,2.3445616,0.77464294
2193,0.875,1,0.8110842562498757,2.1817713,1.9157085,0.77019745
2194,0.775,1,0.695276374963518,0.9825218,0.5800537,0.49765846
2195,0.65,1,0.7585739985007517,1.6857008,1.39475,0.6593635
2196,0.7,1,0.8058098308869783,2.1539607,1.899445,0.88778543
2197,0.875,1,0.829419100013008,2.4190464,2.1962986,0.98654574
2198,0.65,1,0.804385342057063,2.1146684,1.8685869,0.83801633
2199,0.85,1,0.7963322508010799,2.1155214,1.8405695,0.7570078
2200,0.9,1,0.8644495634830784,2.8284624,2.6717477,0.87477565
2201,0.775,1,0.8153762891104112,2.2766914,2.022564,0.8505351
2202,1.0,1,0.8290735194834244,2.4583406,2.247226,0.8445462
2203,0.85,0,0.7504664937553063,1.6787659,1.8546201,0.75773823
2204,0.7,0,0.7274250583402087,1.4078922,1.4912419,0.6944754
2205,0.925,1,0.8782636627756042,2.9956627,2.8191686,0.9431642
2206,0.8,1,0.8244421834567928,2.3337774,2.1066935,0.8628326
2207,0.95,1,0.8244448715291602,2.3576436,2.064784,0.92674124
2208,0.825,1,0.6417843830192929,0.45509744,0.18473369,0.08544044
2209,0.675,0,0.770088769902666,1.8921627,2.0883143,0.6463702
2210,0.85,1,0.8232841436587397,2.3713841,2.100101,0.8293486
2211,0.9,1,0.8076889274002089,2.165929,1.8952799,0.78483385
2212,0.7,0,0.764849827403735,1.8106713,1.9458808,0.7644188
2213,0.875,1,0.8532980104417194,2.706633,2.509738,1.0097522
2214,0.8,1,0.7745670186036318,1.8590112,1.5443482,0.688615
2215,0.675,1,0.7537816714325438,1.622802,1.2965529,0.6188548
2216,0.925,1,0.8370226344112892,2.5590684,2.326912,0.9031565
2217,0.675,0,0.7431103304338871,1.6675303,1.8366524,0.49341682
2218,0.7,0,0.7846046978761758,2.1586356,2.3058486,0.713339
2219,0.975,0,0.7582506390377952,1.7593601,1.9093976,0.69451845
2220,0.85,1,0.8305090803087405,2.432609,2.1678915,0.93255657
2221,0.7,0,0.6902997849717702,0.9937868,1.0658898,0.5301433
2222,0.825,1,0.8024581755983689,2.1645942,1.8958836,0.79702663
2223,0.8,1,0.7947386979573958,2.0088265,1.7322433,0.8767
2224,0.825,1,0.816517229270438,2.299633,2.034583,0.92837983
2225,0.75,1,0.8324379893748586,2.4983056,2.3332014,0.6823281
2226,0.975,1,0.8082726024265602,2.1415741,1.9026444,0.90309703
2227,0.65,1,0.7956706608710975,2.0380867,1.8009393,0.7742141
2228,0.825,1,0.8190212589605406,2.2765846,2.0360868,0.8293206
2229,0.85,1,0.7960198922658127,2.0116568,1.7424204,0.8029613
2230,0.75,1,0.7967529089318257,2.0631928,1.7864932,0.81869835
2231,0.675,0,0.7729920466952224,1.9090787,2.072667,0.7945768
2232,0.85,1,0.8694990661280806,2.8830247,2.7119007,0.9126287
2233,0.95,1,0.848887352746851,2.6672702,2.4506023,0.9014263
2234,0.85,1,0.8472864338834853,2.593402,2.3659754,0.9543615
2235,0.775,1,0.7865833041131978,2.027195,1.7745469,0.7468525
2236,0.7,1,0.7863830386587973,1.9220508,1.6318295,0.7753331
2237,0.775,1,0.8192326288611405,2.2900305,2.0599055,0.97588915
2238,0.7,1,0.7858658891990847,2.0248566,1.7616934,0.68559337
2239,0.675,1,0.8367518299745336,2.498108,2.2434878,0.82213587
2240,0.8,1,0.8003962268520269,2.0888205,1.8866392,0.70964843
2241,0.825,0,0.7663166698306373,1.9268011,2.0473914,0.6688862
2242,0.7,1,0.8223872743298268,2.4802394,2.2613916,0.6548798
2243,0.825,0,0.7672711490243395,1.9474285,2.148464,0.6035305
2244,0.775,1,0.7659766585244974,1.72692,1.4389831,0.6937378
2245,0.75,1,0.8113284854471334,2.2051573,1.9271988,0.79247916
2246,0.9,0,0.8177817242184395,2.3688893,2.6061811,0.8184437
2247,0.875,1,0.8245327639725009,2.420019,2.174982,0.90866446
2248,0.875,1,0.8559767372684153,2.7467277,2.5709052,0.9594431
2249,0.95,0,0.7752341077278008,1.9203819,2.109099,0.78885263
2250,0.925,1,0.8080040647949416,2.2081413,1.9697671,0.84730124
2251,0.75,1,0.8360086046103988,2.57894,2.39844,0.7434586
2252,0.525,0,0.7202340256268358,1.3186704,1.4613917,0.62109655
2253,0.875,1,0.7794730490387498,1.9674006,1.6734483,0.7080916
2254,0.85,0,0.7417758263266712,1.4822066,1.654244,0.70484084
2255,0.575,1,0.7808170758685232,1.8660083,1.6161282,0.8234157
2256,0.75,0,0.7470108808556445,1.628429,1.7317075,0.753647
2257,0.6,1,0.7987906757701577,2.0915673,1.8343669,0.80430347
2258,0.65,1,0.8254856790875327,2.355912,2.1259074,0.8809087
2259,0.85,1,0.8675385633188089,2.9088373,2.7305677,0.9269875
2260,0.975,1,0.807592982695502,2.1479142,1.8749126,0.86203045
2261,0.625,1,0.8470807318306078,2.633728,2.4339938,0.9197569
2262,0.925,1,0.8053487811452777,2.1237764,1.9362847,0.85000306
2263,0.75,1,0.7616075063732664,1.682233,1.3813739,0.7137571
2264,0.725,0,0.7666243130299641,1.8387687,1.9872332,0.8437666
2265,0.825,1,0.7756348676183862,1.8806419,1.6392771,0.70722175
2266,0.95,1,0.8336142920155325,2.4768622,2.220053,0.77611583
2267,0.925,1,0.8483483663614295,2.6559417,2.476812,1.01851
2268,0.825,1,0.8449098030691824,2.650217,2.463408,0.8913535
2269,0.625,1,0.7715223476502545,1.8288183,1.5315375,0.7015113
2270,0.9,1,0.8118180992259304,2.2256365,2.000789,0.82446736
2271,0.75,1,0.7575226306676597,1.6892039,1.3730601,0.66385037
2272,0.875,1,0.7925166999029472,1.9938223,1.7127663,0.8653912
2273,0.75,0,0.7494322862219661,1.7223072,1.8563943,0.6396724
2274,0.925,1,0.8199587722039369,2.3270316,2.075033,0.90560055
2275,0.675,1,0.7775044266986388,1.8019215,1.5457463,0.7939611
2276,0.8,1,0.761082054721069,1.6607265,1.3259407,0.70867926
2277,0.875,1,0.838030929441072,2.5813649,2.4097824,0.8955083
2278,0.65,0,0.8154540031262006,2.3741126,2.571769,0.86028576
2279,0.85,1,0.8212318596183668,2.3496017,2.1382692,0.86147547
2280,0.875,1,0.8159378279017019,2.2619233,2.0013068,0.83388096
2281,0.95,1,0.8500736184859308,2.663567,2.4499085,0.90817624
2282,0.9,1,0.8190692239322754,2.270503,2.079718,0.85496
2283,0.8,1,0.7645124299461432,1.6888373,1.4009975,0.7321705
2284,0.7,1,0.7905275905228557,2.111535,1.8888674,0.6676121
2285,0.8,1,0.8417702510230429,2.6264899,2.3925073,0.8191545
2286,0.8,1,0.8391675371471569,2.5811582,2.3709736,0.8507807
2287,0.875,1,0.8400986578519247,2.658309,2.4537554,0.7198893
2288,0.7,1,0.773480073784453,1.8482974,1.5638698,0.7164928
2289,0.675,1,0.8069760551553417,2.1411269,1.8861753,0.93922836
2290,0.775,1,0.8259490590224682,2.3345697,2.121274,0.8683856
2291,0.575,1,0.7773655639192079,1.8257903,1.5361015,0.815431
2292,0.75,1,0.8158693634932828,2.412888,2.1955009,0.6571011
2293,0.65,1,0.789984944386235,2.1335382,1.9032528,0.6602565
2294,0.85,0,0.8128994813842062,2.3725648,2.6314154,0.8337608
2295,0.725,1,0.8201749744410958,2.3268347,2.0433865,0.84174585
2296,0.75,1,0.8395028888394026,2.5748658,2.372238,0.8692144
2297,0.925,1,0.8285391641586902,2.3854485,2.1293507,0.86498994
2298,0.65,1,0.8140215715074957,2.2347934,1.9782217,0.89126104
2299,0.725,1,0.8438451684507534,2.6166677,2.394929,0.89469516
2300,0.825,1,0.8410396904807503,2.555866,2.3180501,0.81303364
2301,0.775,1,0.8814459217368267,3.0210023,2.8440514,1.0279183
2302,0.9,1,0.845759982928382,2.5824509,2.3375182,0.8125406
2303,0.7,1,0.8342684152626239,2.4742422,2.2122607,0.83944947
2304,0.825,1,0.8249555331851457,2.4067068,2.188212,0.86266756
2305,0.9,1,0.8048664378785297,2.1421785,1.898247,0.69893163
2306,0.825,1,0.8215496216766343,2.3482153,2.1385174,0.83774364
2307,0.675,1,0.8340102237844176,2.4989235,2.2287388,0.810397
2308,0.8,1,0.681760050049023,0.8603506,0.6469091,0.1788151
2309,0.775,1,0.8017033587091821,2.2831345,2.0534115,0.58861876
2310,0.9,1,0.8597769414532068,2.7879796,2.5948389,0.91306144
2311,0.6,1,0.7764141906761493,1.8179085,1.5250988,0.84781206
2312,0.75,1,0.8357781621515878,2.4919407,2.239934,0.8795762
2313,0.85,1,0.8636731363501656,2.8402376,2.6513271,0.8682232
2314,0.525,0,0.7256370667874844,1.4222584,1.5111212,0.6376625
2315,0.825,1,0.8387451434487079,2.5685081,2.3453174,0.80311596
2316,0.8,1,0.8351905184190787,2.5053377,2.2894876,0.9014555
2317,0.625,0,0.7948134523389762,2.164318,2.3963923,0.817332
2318,0.525,1,0.6764496647207001,0.78551155,0.44990698,0.36703274
2319,0.875,1,0.7924172117950259,2.1503882,1.9229038,0.57520103
2320,0.65,0,0.8112187881479385,2.3688343,2.617517,0.798517
2321,0.65,1,0.7977442463359645,2.1471934,1.9293685,0.66070825
2322,0.775,1,0.8298870463603221,2.4819598,2.2923372,0.78214777
2323,0.825,1,0.8045945035012902,2.150147,1.8615675,0.8633273
2324,0.95,1,0.8359884692393929,2.471523,2.223907,0.8774821
2325,0.75,1,0.783831469060273,1.8820795,1.6049607,0.7168045
2326,0.825,1,0.8616083709339026,2.8201637,2.6717873,0.9867536
2327,0.6,0,0.7254052031810975,1.4043472,1.4835435,0.6182631
2328,0.675,0,0.8036646968148172,2.2385406,2.4117396,0.81620556
2329,0.825,1,0.8580771461607176,2.7653031,2.5742514,0.9146173
2330,0.725,1,0.7869316254325696,1.9024024,1.6394578,0.81392187
2331,0.975,1,0.7735947752330077,1.8759749,1.6278707,0.5341921
2332,0.8,1,0.8386600234850676,2.5640812,2.344087,0.87114525
2333,0.825,1,0.7829525980262149,1.8952787,1.6166103,0.7392685
2334,0.85,0,0.7095005984800804,1.2271522,1.2847532,0.6652453
2335,0.625,0,0.7436444888991884,1.6633055,1.7950279,0.6265483
2336,0.725,1,0.810248380693896,2.1923714,1.9501449,0.7796361
2337,0.775,1,0.7996959851959592,2.0713177,1.8298126,0.70119077
2338,0.9,1,0.7815401311507217,1.9882901,1.7024903,0.7084218
2339,0.875,1,0.8171737110758706,2.2835293,2.0664914,0.905593
2340,0.625,1,0.7939093150480089,2.014529,1.7417493,0.8109389
2341,0.875,1,0.8008668605638107,2.1143131,1.8053389,0.83268195
2342,0.65,1,0.777840069248123,1.8404149,1.545448,0.80790144
2343,0.8,1,0.8426179902147193,2.5573857,2.3324933,0.8117987
2344,0.8,1,0.8365177410780573,2.4829242,2.236075,0.8529555
2345,0.825,1,0.7943682415591734,2.1328273,1.8585382,0.694982
2346,0.875,1,0.7788428314392489,1.8459555,1.551593,0.8873452
2347,0.975,1,0.8359540707198314,2.4902391,2.2704813,0.9492853
2348,0.975,1,0.8174613800699204,2.3360326,2.0852895,0.67473507
2349,0.825,1,0.7540221047776238,1.6191839,1.3077077,0.65776247
2350,0.775,0,0.7451281386363988,1.5973138,1.6992378,0.68381256
2351,0.8,1,0.7967321984939426,2.0728579,1.7653956,0.7867417
2352,0.75,1,0.7934622739792976,1.9962689,1.7318926,0.8570717
2353,0.975,1,0.8607812105314946,2.812974,2.6422794,0.89093864
2354,0.75,1,0.8131074135093337,2.2240744,1.940332,0.85573596
2355,0.675,1,0.8146892449357813,2.233665,1.980351,0.8907822
2356,0.675,1,0.8229545263546278,2.3255439,2.1191046,0.9099329
2357,0.725,1,0.761178781344632,1.7839291,1.5272176,0.5107899
2358,0.9,1,0.838008425323636,2.5091782,2.3120565,0.90009224
2359,0.725,1,0.7936186624641997,2.0877054,1.8803136,0.75657517
2360,0.9,1,0.7820488005814914,1.8547736,1.5856738,0.8196929
2361,0.75,1,0.8451896122792173,2.5667253,2.3472648,0.91528565
2362,0.875,0,0.7439937315668405,1.6880649,1.8859609,0.5542252
2363,0.9,1,0.8220082238955273,2.3318453,2.0738034,0.7357746
2364,0.725,1,0.8139335755977988,2.2342265,1.9508098,0.777601
2365,0.975,1,0.8526809702623841,2.730161,2.5867171,0.88362765
2366,0.825,1,0.8154555135245629,2.2645879,2.047858,0.83152133
2367,0.8,1,0.7998923834638495,2.1299508,1.9175348,0.78590834
2368,0.85,1,0.840786553859912,2.5799515,2.3504786,0.92627776
2369,0.8,1,0.8429149564031659,2.6314244,2.3830285,0.8603387
2370,0.725,1,0.843401206144196,2.5941226,2.3576717,0.9524045
2371,0.875,1,0.7989542705315996,2.071268,1.7949481,0.8140885
2372,0.975,1,0.83134932743988,2.5012326,2.2458596,0.79139
2373,1.0,1,0.885368897636276,3.0891647,2.9375973,1.0128067
2374,0.75,1,0.7549761262130236,1.6417948,1.319426,0.6497075
2375,0.75,0,0.7509942499340978,1.6771545,1.906751,0.5841018
2376,0.725,0,0.79518108425896,2.184309,2.4304495,0.8173442
2377,0.8,1,0.8135731179718979,2.2995043,2.0735352,0.8190361
2378,1.0,1,0.828480767724132,2.4127758,2.1984694,0.8550573
2379,0.95,1,0.802120459357387,2.1530664,1.8525095,0.8184697
2380,0.925,1,0.7473842047263404,1.5506088,1.1818935,0.5886308
2381,0.675,0,0.8039236800970418,2.2342343,2.4177139,0.80006725
2382,0.9,1,0.8058021580831706,2.1932147,1.9618697,0.7005759
2383,0.625,1,0.748602069178828,1.5058045,1.1928607,0.7298209
2384,0.675,0,0.7823707603078665,1.9824976,2.1597805,0.8218358
2385,0.9,1,0.8748072474089246,2.9694118,2.783465,0.88349235
2386,0.8,1,0.8075391315555143,2.1624062,1.9082016,0.8436964
2387,0.925,1,0.8171896738699782,2.2730436,2.0144439,0.81622916
2388,0.775,1,0.8400615916780465,2.4917157,2.2760763,0.8893044
2389,0.8,1,0.7213539457635377,1.2647123,0.9361876,0.56159943
2390,0.925,1,0.8425791918027952,2.5900364,2.4005132,0.9461093
2391,0.775,1,0.8052638073860088,2.1670268,1.8886942,0.83290225
2392,0.825,1,0.7950046492499558,2.056975,1.7878692,0.80066586
2393,1.0,1,0.8782821378479382,3.035655,2.8512135,0.93417984
2394,0.975,1,0.8174414199358182,2.2704844,2.0425503,0.9460426
2395,0.85,0,0.7372066742770709,1.5223471,1.6356641,0.6584348
2396,0.925,1,0.8599711684986793,2.820168,2.6426516,0.92918277
2397,0.675,1,0.8359617883907113,2.5546243,2.3409152,0.8105277
2398,0.775,1,0.8009819418008726,2.0802627,1.8481055,0.8320623
2399,0.9,0,0.7858231200237081,2.0135841,2.2429008,0.84399253
2400,0.85,1,0.8498837386367327,2.673029,2.4748216,0.90873533
2401,0.675,1,0.7075810883941187,1.2126397,0.8369086,0.46892127
2402,0.875,1,0.7939348040555411,1.9867984,1.757696,0.73516893
2403,0.9,1,0.8561246846870384,2.7734575,2.5262313,0.8387215
2404,0.825,1,0.7806723353618519,1.8940765,1.6167586,0.69048125
2405,0.9,1,0.8200767577466506,2.4195042,2.1882067,0.8306426
2406,0.7,1,0.8053117771956768,2.0943627,1.8499954,0.93868846
2407,0.825,1,0.8265900237900465,2.439983,2.1803613,0.8546219
2408,0.775,1,0.7654301152366649,1.6645805,1.3707767,0.7128976
2409,0.675,1,0.8007571142453566,2.0738769,1.802729,0.80228895
2410,0.8,1,0.8019480706397986,2.0741088,1.8396598,0.8095872
2411,0.925,1,0.7962399839181091,2.022089,1.7363014,0.8227312
2412,0.9,1,0.8828744791811386,3.0359168,2.8836489,0.91267073
2413,1.0,1,0.8526542761401619,2.8214855,2.6124673,0.7945813
2414,0.825,1,0.8463452514435135,2.6500018,2.4355142,0.84032094
2415,0.65,0,0.7109999377452263,1.3534353,1.4465979,0.47248855
2416,0.925,1,0.8241712872633052,2.4061675,2.1640716,0.8313962
2417,0.8,1,0.8511598587687175,2.7143369,2.4837198,0.90300274
2418,0.875,1,0.7512174178808532,1.5730771,1.2686404,0.56393653
2419,0.925,1,0.8139458039689269,2.228316,2.012428,0.8729195
2420,0.975,1,0.8558291383711095,2.7633972,2.5441928,0.8512434
2421,0.975,1,0.8611453268450097,2.7939115,2.6440713,0.936211
2422,0.55,0,0.7662635860234379,1.9511374,2.1090007,0.6565925
2423,0.825,1,0.8058228003069109,2.1236744,1.8514909,0.86355895
2424,0.875,1,0.8125880977193725,2.2789993,2.0483131,0.8599614
2425,0.725,1,0.7813184539046206,2.0287523,1.793534,0.59422314
2426,0.625,1,0.8269017096934462,2.3780324,2.1537952,0.79962116
2427,0.65,1,0.8101305247519168,2.1967793,1.9363178,0.77526766
2428,0.95,1,0.8634559232727782,2.8432353,2.6140928,0.8678487
2429,0.9,0,0.7789644525195163,1.9997699,2.1944118,0.822818
2430,0.8,1,0.8500628248729261,2.7135444,2.4754314,0.91722584
2431,0.85,1,0.8279344029521885,2.4476247,2.2389548,0.85536027
2432,0.95,1,0.8690614571521487,2.9080307,2.6977777,0.8543784
2433,0.65,0,0.7339044387812507,1.4134455,1.5606518,0.6881318
2434,0.95,1,0.8305562271717768,2.4772136,2.2518153,0.85178554
2435,0.7,0,0.8285235151254234,2.518848,2.7723334,0.85154545
2436,0.85,1,0.8716452070537386,2.9583387,2.7519584,0.83755755
2437,0.9,1,0.8471540493747848,2.6971064,2.469898,0.8029138
2438,0.825,1,0.8431536681880469,2.6162877,2.4572124,0.88860273
2439,0.75,1,0.8406355601182585,2.531292,2.2831984,0.88129514
2440,0.975,1,0.82894674749564,2.422909,2.198436,0.81986004
2441,0.7,1,0.8137482670465486,2.283311,2.0692291,0.85560024
2442,0.8,1,0.7851390504776374,1.9154866,1.6241722,0.72047716
2443,0.775,1,0.8274037112445342,2.379906,2.1283348,0.8805861
2444,0.825,0,0.694965036057735,0.9784559,1.0753214,0.54986745
2445,0.65,1,0.8270812103633978,2.4029083,2.1484494,0.799336
2446,0.825,1,0.7607396645507823,1.642331,1.3603424,0.7155632
2447,0.75,0,0.7314146739226567,1.4915047,1.6045432,0.55822104
2448,0.925,1,0.8272942569801947,2.3655236,2.1287842,0.8221738
2449,0.9,1,0.8008382513886855,2.084585,1.8116683,0.7542749
2450,0.675,1,0.7892305322313661,1.9308797,1.6896062,0.74876565
2451,0.775,1,0.8174688174536303,2.3729098,2.1003416,0.7757355
2452,0.925,1,0.8964798775312567,3.2372067,3.0457559,0.933645
2453,0.75,1,0.7977826733793584,2.0927784,1.8301692,0.6774829
2454,0.85,1,0.8211728238300942,2.3137403,2.0709534,0.8494515
2455,0.775,1,0.8368834661660929,2.5321648,2.3386977,0.86379623
2456,0.675,1,0.7421442924604693,1.4718579,1.1809492,0.6139634
2457,0.65,1,0.8502132015685208,2.7204275,2.5005393,0.82143116
2458,0.925,1,0.8427744874756313,2.6402462,2.400426,0.8367939
2459,0.675,0,0.7639567672286944,1.9237223,2.0666573,0.59155834
2460,0.75,0,0.7510873977694424,1.6509659,1.7965226,0.6195028
2461,0.55,1,0.7731114334309617,1.7920005,1.5019735,0.79553837
2462,0.75,1,0.7637559911697103,1.6807828,1.3572695,0.8227505
2463,0.725,1,0.8256670124976808,2.3848736,2.150559,0.8736864
2464,0.775,1,0.803092593391243,2.1084244,1.8684582,0.8670096
2465,0.7,0,0.7682093832195117,1.9431573,2.1049197,0.6388941
2466,0.825,1,0.8404669298408934,2.515993,2.283152,0.95637447
2467,0.725,0,0.7200079931080832,1.4624689,1.557127,0.44294664
2468,0.625,1,0.7648023832031703,1.7684551,1.5078694,0.6481228
2469,0.8,1,0.8296887046487984,2.4818504,2.268759,0.8343366
2470,0.85,1,0.7560864165942877,1.565764,1.2551198,0.7459015
2471,0.95,1,0.8191419238253699,2.3100083,2.0161524,0.7596515
2472,0.9,0,0.7613689718156735,1.7398953,1.8771918,0.77752393
2473,0.675,1,0.7502239273478667,1.6628029,1.3421595,0.55728525
2474,0.8,1,0.8090180067689917,2.1938858,1.9231687,0.8088724
2475,0.75,1,0.8489859044446905,2.6800823,2.4840107,0.886688
2476,0.625,0,0.7403919382424455,1.5600185,1.6731703,0.73620665
2477,0.85,1,0.7802243396410559,1.882883,1.5904306,0.7676668
2478,0.5,1,0.7862545305157581,2.0177045,1.76683,0.7697234
2479,0.7,1,0.8433756124949846,2.5997567,2.3837879,0.8916799
2480,0.8,1,0.8317248512563968,2.509085,2.2824411,0.851634
2481,0.65,0,0.7644441245419394,1.9023964,2.0435033,0.68362355
2482,0.8,1,0.796243872933112,2.0364087,1.7702738,0.89361054
2483,0.75,1,0.7946821196442719,1.9956465,1.6869562,0.89052695
2484,0.75,1,0.8537456015914602,2.7380106,2.5560217,0.82478786
2485,0.875,1,0.8211395207350287,2.2903085,2.0596647,0.86550564
2486,0.8,1,0.7938564261703731,2.0168552,1.7460794,0.8356754
2487,0.9,1,0.8030764030170974,2.0937505,1.8190817,0.80859786
2488,0.9,1,0.8717479689381679,2.9109862,2.6716595,0.96039015
2489,0.675,1,0.8186408643179268,2.311327,2.0428996,0.87770605
2490,0.825,1,0.8250303541879039,2.3897045,2.1695132,0.8629401
2491,0.925,1,0.850592633989476,2.647873,2.4007068,0.8780162
2492,0.825,1,0.860657709870465,2.825628,2.6200147,0.87238646
2493,0.9,1,0.7440263452754541,1.4443756,1.1752793,0.65127486
2494,0.7,1,0.7980029768331929,2.0864944,1.7911987,0.79369515
2495,0.9,1,0.8279416625686007,2.3986223,2.1587667,0.85973567
2496,0.6,1,0.8263684840948304,2.4279773,2.218624,0.91552883
2497,0.875,1,0.8572796425084043,2.7779753,2.56476,0.87012315
2498,0.675,0,0.756164169826653,1.7481787,1.8659486,0.7702479
2499,0.725,1,0.8142015553078454,2.3724017,2.1649737,0.65063995
2500,0.85,1,0.7957409895087875,2.0617368,1.7698959,0.760257
2501,0.8,1,0.8055630376166487,2.144538,1.9079661,0.8563077
2502,0.775,1,0.7779010754225534,1.9853079,1.7546088,0.4446746
2503,0.85,1,0.8122524806163154,2.2399437,1.9673101,0.83554566
2504,0.8,1,0.8326302370546166,2.4951327,2.2596002,0.8879335
2505,0.825,0,0.7540660567383481,1.76912,1.9323028,0.69865465
2506,0.875,1,0.8120591619414014,2.222488,1.9839267,0.8644108
2507,0.95,1,0.8360908177229707,2.564774,2.3580766,0.8103503
2508,0.75,1,0.8108032839704136,2.2064714,1.9664714,0.92100143
2509,0.975,1,0.8832942314119551,3.0784836,2.8656843,1.0109878
2510,0.9,1,0.8195042249478766,2.2625651,2.0424414,0.8620009
2511,0.875,1,0.8011822108129348,2.1668093,1.9274836,0.7299167
2512,0.925,1,0.823040362604522,2.3193543,2.0881436,0.91828585
2513,0.65,0,0.7551275481309017,1.6834118,1.8017722,0.72221226
2514,0.7,0,0.7310346723361781,1.5349686,1.6415194,0.6389878
2515,0.95,0,0.7356553779729371,1.5748191,1.714561,0.6084944
2516,0.95,0,0.7486100337673456,1.7074265,1.8411986,0.64548296
2517,0.85,1,0.7900607726404992,1.9636469,1.7279906,0.7205228
2518,0.725,1,0.7393483296640178,1.5360748,1.2172753,0.5234518
2519,0.8,1,0.7269539149154749,1.5024086,1.2142665,0.4162693
2520,0.9,1,0.8238389380639162,2.323517,2.090096,0.7681622
2521,0.95,1,0.8340817160863858,2.47959,2.2181218,0.72571033
2522,0.75,1,0.7922126119436016,2.0102537,1.7280376,0.7687041
2523,0.925,1,0.7709031191861506,1.8737702,1.540119,0.67712706
2524,0.675,0,0.788120369391454,2.0240993,2.205862,0.782386
2525,0.8,1,0.7636850770767948,1.7965245,1.4973621,0.6895813
2526,0.875,0,0.7986507034687902,2.217358,2.4610558,0.8823982
2527,0.875,1,0.8518303243994303,2.7372456,2.541745,0.81667995
2528,0.8,0,0.7608178009590536,1.7340126,1.8800582,0.66243476
2529,0.825,1,0.7583508150088298,1.6718668,1.4158891,0.55515736
2530,0.725,0,0.7855853924674069,2.079915,2.258986,0.78002644
2531,0.8,1,0.850308705033414,2.7033453,2.5050507,0.91636217
2532,0.9,1,0.7812803815431715,1.8871586,1.5629075,0.81687194
2533,0.85,1,0.803265559120826,2.1112201,1.842764,0.82736856
2534,0.85,1,0.7997946165320455,2.1202312,1.8423418,0.7365331
2535,0.9,1,0.8216226150191718,2.3872259,2.1258554,0.85098517
2536,0.65,0,0.6973089712467317,1.0958229,1.1934999,0.47780862
2537,0.875,1,0.8296991551275161,2.4506588,2.2417326,0.89912933
2538,0.8,0,0.7364820351097298,1.4268389,1.5726572,0.6939915
2539,0.725,1,0.8038740990686829,2.1242661,1.8527582,0.8220307
2540,0.95,1,0.8562845519583191,2.741241,2.522065,0.917676
2541,0.975,1,0.8071345103046915,2.1575947,1.9322582,0.9016729
2542,0.8,1,0.784501031464621,1.8962716,1.6143801,0.8843978
2543,1.0,1,0.8207904906016998,2.2840848,2.0383487,0.860119
2544,0.8,1,0.840609559419379,2.603618,2.380394,0.7856722
2545,0.85,1,0.8554643670672477,2.7638407,2.5712786,0.958903
2546,0.75,0,0.8005285857855207,2.2146907,2.4639277,0.8875164
2547,0.9,0,0.7796234490644708,2.0424013,2.2086377,0.62714887
2548,0.825,0,0.7742027423668862,1.9891171,2.195043,0.77037734
2549,0.75,1,0.8062434652214472,2.2712488,2.006243,0.72765446
2550,0.65,1,0.735920391369198,1.4558941,1.1723746,0.48958638
2551,0.825,1,0.8162111531320007,2.295498,2.0249052,0.81429523
2552,0.775,1,0.8313232802176523,2.4198198,2.184629,0.8772882
2553,0.8,1,0.8416622536395403,2.5938356,2.3806136,0.83854604
2554,0.825,1,0.869613376024607,2.899672,2.6878605,1.013495
2555,0.775,1,0.8245115846052777,2.3732529,2.1754713,0.8488913
2556,0.825,1,0.7340015056335101,1.4625325,1.1639639,0.47515288
2557,0.875,1,0.8650810014289729,2.8590403,2.668921,0.81866646
2558,0.925,1,0.844137467409535,2.6249266,2.4017467,0.9555149
2559,0.775,1,0.7630164757000337,1.7451606,1.5653094,0.5662326
2560,0.875,1,0.8695866628515018,2.8896403,2.680038,0.8602268
2561,0.85,0,0.7744906649528123,1.942632,2.1349125,0.80054355
2562,0.775,1,0.7920000427356351,1.969921,1.6999444,0.8352726
2563,0.875,1,0.8332466174361479,2.527837,2.289503,0.82552016
2564,0.85,1,0.805779176380861,2.133907,1.9103826,0.87914973
2565,0.775,1,0.7963010823738322,2.0338306,1.7515144,0.79924506
2566,0.85,1,0.8192672154452967,2.2990336,2.0478048,0.8886582
2567,0.8,1,0.8343448574627439,2.610783,2.3978872,0.72887444
2568,0.85,1,0.8585979035015812,2.7164006,2.488889,0.9141783
2569,0.875,1,0.8243636745259191,2.3412695,2.0917978,0.83821553
2570,0.675,1,0.7856432041424417,2.152811,1.8992529,0.57342744
2571,0.925,1,0.839725149347768,2.5748699,2.3903742,0.8728671
2572,0.65,1,0.7665583524232389,1.7766962,1.4983519,0.68655366
2573,0.95,1,0.8783814308439631,3.004902,2.8605657,1.0120127
2574,0.85,1,0.8061556836056646,2.2537248,2.029172,0.60329735
2575,0.875,1,0.8189964101711061,2.3030927,2.0732925,0.6958674
2576,0.95,1,0.7780319614277682,1.8013623,1.5284804,0.8051383
2577,0.775,1,0.7697151277565834,1.8559885,1.5367625,0.62254024
2578,0.725,0,0.7306904010797597,1.4924653,1.6856384,0.6631843
2579,0.85,1,0.8128129954099591,2.3428888,2.1269743,0.66810125
2580,0.825,0,0.7655728930474484,1.8207104,1.9512655,0.83024293
2581,0.9,0,0.8424083800369933,2.705587,3.00078,0.842054
2582,0.8,1,0.8007491958804481,2.1015964,1.81834,0.791324
2583,0.75,1,0.821429599325911,2.3608575,2.0642521,0.7786862
2584,0.875,1,0.8488614690597839,2.7150214,2.4822874,0.8551742
2585,0.675,1,0.7212135753346356,1.2667792,0.9126314,0.520828
2586,0.9,1,0.8670411187953632,2.9169927,2.727027,0.8259326
2587,0.9,1,0.8264059956434504,2.3931007,2.1351867,0.82272524
2588,0.75,0,0.758337342565305,1.7636045,1.8939221,0.7099773
2589,0.75,1,0.7845442872196634,1.9304252,1.6453285,0.76368076
2590,0.675,0,0.7680482863761704,1.8214568,1.9623718,0.75511056
2591,0.7,1,0.7992817423002974,2.1317189,1.9310519,0.6523044
2592,0.825,1,0.8077524744576319,2.2932477,2.0417223,0.66435003
2593,0.9,1,0.8484800956223771,2.6607292,2.4837525,0.90588963
2594,0.75,1,0.7975485073618725,2.0599883,1.8275908,0.68437225
2595,0.65,0,0.7321176824532498,1.4176365,1.5693603,0.6818364
2596,0.7,0,0.7862610432278991,2.0911558,2.2719874,0.80438495
2597,0.675,1,0.7849567827057868,1.9148482,1.6011227,0.86580056
2598,0.95,1,0.7988837408514247,2.1247234,1.8901403,0.8065497
2599,0.85,1,0.855909176596201,2.785051,2.589189,0.8563075
2600,0.95,1,0.8285881535839866,2.4054112,2.1657057,0.8963578
2601,0.675,1,0.8881974144990343,3.161944,2.9529977,0.96481216
2602,0.7,1,0.7558823681464615,1.5881522,1.3035308,0.7161963
2603,0.975,1,0.7720744504673668,1.7531443,1.4492956,0.7554249
2604,0.7,1,0.8283622671884762,2.3703089,2.1540685,0.9204319
2605,0.925,1,0.8644051513662798,2.8640695,2.7129924,0.9112293
2606,0.775,1,0.819173033518231,2.2847784,2.0556254,0.85539395
2607,1.0,1,0.8372228769587239,2.5529308,2.3595128,0.90444964
2608,0.65,1,0.7726179059842361,1.9668307,1.6938461,0.61408734
2609,0.9,0,0.7573642033234596,1.7653897,1.9372368,0.72393167
2610,0.975,1,0.8445425608717865,2.6139402,2.405501,0.8502581
2611,0.6,0,0.7047046208766132,1.1753523,1.2623829,0.5782817
2612,0.7,1,0.72618804977247,1.3950049,1.0706098,0.49303594
2613,0.825,1,0.7653125306483907,1.6898149,1.4261947,0.7123945
2614,0.675,1,0.8148129769942719,2.2564404,2.028561,0.78104615
2615,0.9,1,0.8076830381717666,2.1900735,1.9148383,0.83432156
2616,0.85,1,0.7795854145250305,2.01438,1.7729349,0.58191097
2617,0.775,1,0.8009112969474504,2.0837345,1.8355945,0.7978245
2618,0.8,1,0.8139264615540511,2.287504,2.0419052,0.8523536
2619,0.75,1,0.7855295306963024,1.9323506,1.6331269,0.79741824
2620,0.9,1,0.8121606719400349,2.223696,1.988477,0.82717353
2621,0.9,1,0.8139046412506155,2.2389202,1.9714646,0.8559619
2622,0.95,1,0.8622765434348787,2.842945,2.6632423,0.9783755
2623,0.9,1,0.7900880517007867,1.9667329,1.6843605,0.86570776
2624,0.8,1,0.7964059268447496,2.0242224,1.766079,0.8913459
2625,0.725,1,0.7930134859620039,1.9954327,1.7371031,0.86952573
2626,0.9,1,0.8159842880919367,2.2351596,1.989509,0.75128573
2627,0.825,1,0.8279672751898062,2.451361,2.2229424,0.8806254
2628,0.8,1,0.8181163848165025,2.3035803,2.037808,0.8781342
2629,1.0,1,0.8369805791088385,2.5101345,2.228428,0.8380745
2630,0.925,1,0.8202791148477826,2.3123136,2.0729356,0.8939369
2631,0.75,1,0.7203872290508283,1.261031,0.87802887,0.5887945
2632,0.75,1,0.8103935746252656,2.1998844,1.9334142,0.8824713
2633,0.95,1,0.8396661477512742,2.5945003,2.395124,0.8803041
2634,0.65,1,0.8263816257739549,2.438155,2.2203898,0.83407724
2635,0.925,1,0.8842743318234269,3.077621,2.9019723,0.95091915
2636,0.85,1,0.7692985078303143,1.7817893,1.4659235,0.7336284
2637,0.625,1,0.7611560872498282,1.6406957,1.3687582,0.7658457
2638,0.875,0,0.7255040953704333,1.5059717,1.6637821,0.42027608
2639,0.825,1,0.8531284060656011,2.6763902,2.4857302,0.96334153
2640,0.85,1,0.8304646894128713,2.4869466,2.2820413,0.86857206
2641,0.925,1,0.8017130920308904,2.0907745,1.8129412,0.8151228
2642,0.875,1,0.8520512137160556,2.720202,2.5605834,0.871054
2643,0.85,1,0.8379701318428708,2.4815784,2.2770882,0.8727388
2644,0.85,1,0.8388382116308575,2.5359526,2.336474,0.911221
2645,0.875,1,0.8671727147202091,2.8992999,2.6607633,0.9171845
2646,0.775,0,0.7068511674913409,1.1888502,1.2889016,0.5706675
2647,0.875,1,0.8515572940505509,2.739198,2.4948943,0.8060477
2648,0.75,1,0.8603845947116824,2.833155,2.6281395,0.94581306
2649,0.825,1,0.7970697855789208,2.058498,1.7842581,0.72194046
2650,0.95,1,0.852583353507323,2.7395158,2.5170813,0.9131924
2651,0.825,1,0.8544881726620461,2.7578826,2.573474,0.92335594
2652,0.925,1,0.8518648113804224,2.7446928,2.5204296,0.86737883
2653,0.8,1,0.8630713104261714,2.8483596,2.6348538,0.95194435
2654,0.875,1,0.8336577396999683,2.4706984,2.2853775,0.94428897
2655,0.775,0,0.7274659463116703,1.4568248,1.5666547,0.5476024
2656,0.925,1,0.8084983175669955,2.224259,1.9526261,0.8270328
2657,0.975,1,0.8770384405076098,2.9809685,2.7953975,0.9848646
2658,0.7,1,0.8272780231057126,2.4375494,2.2150102,0.8314831
2659,0.825,0,0.7746912157453867,1.9071635,2.0852003,0.77366793
2660,1.0,1,0.8211183165850378,2.3179245,2.0938315,0.88722396
2661,0.9,1,0.8575467330204016,2.7662878,2.572708,0.8750123
2662,0.85,1,0.881355612290469,3.0820904,2.9013634,0.89203626
2663,0.75,0,0.7955606226593048,2.1845818,2.3818026,0.7473688
2664,1.0,1,0.8969557036419242,3.2271824,3.0391617,0.98025846
2665,0.8,0,0.7588145960871446,1.7305797,1.924095,0.7990772
2666,0.775,0,0.7271110524470342,1.5116687,1.6139086,0.60188186
2667,0.825,1,0.8084090204245862,2.199309,1.9576817,0.8058568
2668,0.9,0,0.7240400579299442,1.3545561,1.54544,0.634876
2669,0.75,1,0.7740063045594022,1.795766,1.522445,0.70790005
2670,0.95,1,0.8569244511332258,2.7426605,2.533094,0.9395437
2671,0.8,1,0.8349961889296542,2.5120635,2.3025231,0.9450816
2672,0.725,1,0.8088989413103536,2.2474465,1.960857,0.90586054
2673,0.975,1,0.8342094602255443,2.6456327,2.452866,0.5871984
2674,0.8,0,0.8122292144403942,2.3828924,2.620181,0.85738623
2675,0.725,1,0.8341048977524963,2.4753766,2.211793,0.81245404
2676,0.65,0,0.7467774056509331,1.5820282,1.7064272,0.6408033
2677,0.875,1,0.8426611832219589,2.6410925,2.4621434,0.85530615
2678,0.925,1,0.7904037137919133,1.9427395,1.682401,0.8204799
2679,0.925,0,0.8129642926537137,2.357,2.6179042,0.8437525
2680,0.65,1,0.7856473316681627,2.0283062,1.733633,0.740559
2681,0.825,1,0.8319033644956183,2.4646158,2.2652135,0.91705453
2682,0.825,1,0.80218056333597,2.110727,1.830664,0.79027855
2683,0.85,1,0.7835682380691461,1.9220122,1.6322091,0.6741652
2684,0.85,1,0.7759928587203957,1.8134217,1.5295706,0.86943424
2685,0.875,1,0.8555573841783679,2.7711034,2.5608099,0.8722023
2686,0.825,1,0.8029985367045431,2.1125748,1.8138416,0.8828985
2687,0.7,0,0.7159577382856308,1.2989658,1.383451,0.53797275
2688,0.675,1,0.799830668843905,2.093328,1.8157648,0.8054264
2689,0.575,1,0.7764995900518117,1.7670401,1.538399,0.7508189
2690,0.525,1,0.729563390386347,1.3442981,0.9899117,0.68901324
2691,0.55,1,0.7045116109147662,1.1415826,0.776904,0.34750208
2692,0.95,1,0.8666799568760951,2.8942993,2.7161522,0.9216132
2693,0.725,1,0.8208840124748498,2.3125305,2.0699677,0.9302494
2694,0.725,1,0.7857182338568003,1.8938423,1.6340535,0.77144384
2695,0.725,0,0.7484638940824093,1.7793505,1.8626935,0.6401137
2696,0.825,1,0.8126098196771332,2.2009783,1.970951,0.86402696
2697,0.8,1,0.8376146391039281,2.5187736,2.2825787,0.9127519
2698,0.8,1,0.8242070441580422,2.3189874,2.099246,0.92293715
2699,0.775,1,0.7809967796631743,1.8612283,1.5836872,0.8278348
2700,0.9,1,0.7637640989745185,1.7076237,1.3990266,0.6799528
2701,0.8,1,0.8428209356794607,2.5635552,2.357035,0.96410143
2702,0.925,1,0.8346516027948483,2.5332522,2.3154874,0.92106605
2703,0.85,1,0.8321656730010902,2.4417396,2.178208,0.86609775
2704,0.6,1,0.8731072493918706,2.972701,2.7815275,0.893089
2705,0.85,1,0.8892076334242227,3.1221652,2.944583,0.93287957
2706,0.825,1,0.7537271114034734,1.5736456,1.2549646,0.71424145
2707,0.75,1,0.8363636625911189,2.505174,2.243563,0.8807476
2708,0.9,1,0.8483137843507716,2.6505203,2.4417064,0.8372011
2709,0.875,1,0.7949809133862902,2.0843723,1.8250074,0.78130144
2710,0.825,1,0.7985174447345256,2.08502,1.7786932,0.7598814
2711,0.65,0,0.7918530455000763,2.1129298,2.287672,0.82166773
2712,0.925,1,0.7871227750810175,2.1338866,1.8912294,0.5255693
2713,0.8,1,0.8016970376709684,2.0915227,1.8275291,0.80620044
2714,0.7,1,0.7992445454853339,2.0835295,1.8005964,0.7625508
2715,0.975,0,0.7669934971636206,1.8105259,1.9649736,0.7613905
2716,0.75,1,0.7921498303484571,2.0724788,1.7705299,0.760896
2717,0.825,1,0.8379882086633019,2.5284705,2.3396692,0.92117375
2718,0.875,1,0.876004134898204,2.9798431,2.763996,0.8969912
2719,0.6,0,0.6989586695190837,1.1375244,1.222462,0.60513353
2720,0.85,1,0.798896713686237,2.1027384,1.8657873,0.7681984
2721,0.625,0,0.7826019695628621,1.9662123,2.1708734,0.7540061
2722,0.675,0,0.668539212922201,0.78319097,0.85470295,0.6116999
2723,0.675,1,0.7878990723678072,2.0821905,1.8872918,0.47799534
2724,0.95,1,0.8129241799297116,2.2230892,1.9547755,0.814346
2725,0.85,1,0.8196046408826126,2.3010447,2.047315,0.84795433
2726,0.95,1,0.833501938294668,2.4503393,2.2160273,0.9111485
2727,0.8,1,0.7334190903539113,1.4136493,1.1388043,0.46864364
2728,0.8,1,0.7645827426663859,1.6926877,1.4170216,0.82642037
2729,0.825,1,0.7741120055558389,1.7795455,1.4996803,0.78555965
2730,0.925,1,0.8254375573951658,2.3732896,2.1430695,0.8802889
2731,0.85,1,0.8115552914827336,2.2830458,2.0281343,0.75533617
2732,0.825,1,0.8721889156816459,2.9558082,2.7811527,0.79871833
2733,0.925,1,0.8077285773268539,2.184414,1.9376044,0.80559677
2734,0.8,1,0.7987633762800401,2.1090164,1.8981564,0.83383995
2735,0.875,0,0.8062030346315815,2.265285,2.4605677,0.8264982
2736,0.825,1,0.8341976879621195,2.5125003,2.3003356,0.9122228
2737,0.85,1,0.8208743034723172,2.3119802,2.069542,0.8047789
2738,0.7,1,0.8363319242195928,2.5392952,2.3238564,0.8293891
2739,0.825,1,0.8479496254901472,2.6155424,2.3698719,0.8755873
2740,0.725,0,0.7837523684895248,2.0659688,2.2505755,0.76998246
2741,0.6,0,0.7452363481128229,1.5436959,1.6687858,0.7864652
2742,0.7,0,0.7806061872676839,2.0014873,2.2066073,0.7662301
2743,0.9,1,0.8758972748193553,2.9856517,2.7917128,0.8820632
2744,0.825,1,0.7929933426074298,1.9867382,1.7418083,0.71700895
2745,0.775,1,0.7872221781533997,1.9491225,1.6642995,0.863899
2746,0.65,1,0.7914391072836332,1.9810354,1.7176248,0.8094186
2747,0.8,1,0.8481713314522656,2.5827496,2.3940053,0.8759375
2748,0.775,1,0.7784566872764338,1.9566684,1.7102253,0.6483861
2749,0.775,1,0.7508292228247292,1.5237589,1.2136987,0.725215
2750,0.975,1,0.8201807608661179,2.336942,2.0779152,0.7954656
2751,0.9,1,0.8138638903000441,2.2742345,2.0861032,0.9062426
2752,0.875,0,0.7504238477357248,1.6142658,1.734062,0.7843817
2753,0.725,1,0.7772576003618086,1.7933036,1.5383959,0.83329546
2754,0.85,1,0.8077515606545199,2.1619635,1.9063811,0.8268109
2755,0.7,0,0.6665408643484886,0.80752146,0.8671309,0.3823307
2756,0.75,1,0.751475851962707,1.5461168,1.244768,0.6960481
2757,0.875,1,0.8176084402452873,2.2854974,2.0139606,0.7988462
2758,0.95,1,0.8019442933306903,2.0722501,1.8176124,0.86315775
2759,0.925,1,0.819634159917499,2.242668,2.0466611,0.90190613
2760,0.625,1,0.8092972638412267,2.2703848,2.0473456,0.6913358
2761,0.95,1,0.8347315982030004,2.467785,2.263834,0.9559029
2762,1.0,1,0.8518766126409697,2.694745,2.4916286,0.8014008
2763,0.75,0,0.728695258989345,1.5140002,1.6618778,0.5388843
2764,0.825,1,0.8132637119729598,2.2541304,1.975294,0.72979826
2765,1.0,1,0.856067788473667,2.7722259,2.5892994,0.9167379
2766,0.75,1,0.7838704642092119,2.0260553,1.7698423,0.5832009
2767,0.85,1,0.8225392658975564,2.3517613,2.164413,0.7836
2768,0.9,1,0.7729916884315873,1.797794,1.5112679,0.710687
2769,0.925,1,0.8505607722778425,2.7248738,2.539111,0.85271746
2770,0.9,1,0.846185744958609,2.6767035,2.4670384,0.8282887
2771,0.75,1,0.8156139349497693,2.3153691,1.9998283,0.8510045
2772,0.925,0,0.8265523434105874,2.536202,2.7883267,0.8503902
2773,0.725,1,0.8053444053918871,2.1435442,1.866874,0.8723994
2774,0.85,1,0.7847251787309916,2.0348825,1.7813084,0.70200694
2775,0.9,1,0.8426266263742839,2.6139379,2.4061472,0.8600217
2776,0.75,1,0.792225137233961,2.0054047,1.7389301,0.79197395
2777,0.7,1,0.8433802402783959,2.587409,2.3996184,0.8770815
2778,0.75,1,0.8070719562092021,2.1447012,1.888849,0.84179556
2779,0.925,1,0.8137971193503833,2.2781656,2.017152,0.8636588
2780,0.825,1,0.8321206843346513,2.4388287,2.198245,0.8917415
2781,0.825,1,0.823327759002932,2.4670975,2.2506037,0.72358406
2782,0.675,1,0.8216036661693293,2.318778,2.0334566,0.84802645
2783,0.875,1,0.8048728025228217,2.1904469,1.9445987,0.8441598
2784,0.475,1,0.7991058585320676,2.0577385,1.7960359,0.8421546
2785,0.85,1,0.8166399084485556,2.3210108,2.0583334,0.8108516
2786,0.775,1,0.8192050209502919,2.3306458,2.1187692,0.91215986
2787,0.9,1,0.798752959705258,2.0743833,1.8321427,0.81000525
2788,0.75,1,0.8139027029917381,2.2921586,1.9900442,0.71830094
2789,0.75,1,0.7908568631858781,2.0058956,1.7205621,0.7422115
2790,0.8,0,0.7639692294041169,1.7904599,1.9912722,0.7453139
2791,0.6,1,0.829051915683103,2.5454946,2.3157089,0.7637936
2792,0.8,1,0.8397171968904538,2.5770025,2.3352342,0.87130475
2793,0.875,1,0.843883587413939,2.5908206,2.3411803,0.88242507
2794,0.7,1,0.8046752588473371,2.1364145,1.8979336,0.7701848
2795,0.675,1,0.8164760452775978,2.297863,2.0729141,0.8437786
2796,0.7,1,0.760986007212942,1.6769633,1.3596604,0.78908336
2797,0.75,1,0.7572968146173996,1.6592691,1.4068265,0.62361103
2798,0.625,0,0.7188293604602553,1.3233709,1.4109468,0.62896305
2799,0.825,1,0.8449583718245348,2.6360993,2.4498568,0.9051963
2800,0.775,1,0.8552228597267378,2.725574,2.5486124,0.8766509
2801,0.85,0,0.7722773172074053,1.8729918,2.0514574,0.8103052
2802,0.675,0,0.7991232265801914,2.2474282,2.4341865,0.80140364
2803,0.525,0,0.8088252649330983,2.3299723,2.5463123,0.7871926
2804,0.75,1,0.8159170519673375,2.2935877,2.1005116,0.7862351
2805,0.6,1,0.6862341580469299,0.91507435,0.54117334,0.44234005
2806,0.675,1,0.7493491374171442,1.5300394,1.217264,0.6717593
2807,0.9,1,0.8014944088629956,2.0871696,1.8258071,0.86995137
2808,0.775,1,0.8204134595043739,2.4073405,2.1980996,0.73850465
2809,0.95,1,0.8730544145210851,2.9695652,2.7593057,0.8986674
2810,0.85,1,0.8065728620523434,2.2768679,2.0859342,0.60360646
2811,0.85,1,0.7949778351984758,1.9798776,1.8043437,0.86166376
2812,0.825,1,0.8181687722828748,2.3454041,2.0813847,0.91924596
2813,0.725,1,0.7453738012329656,1.5714381,1.3141478,0.5237151
2814,0.775,1,0.8271792031178853,2.3958378,2.1397626,0.8619347
2815,0.95,1,0.8059664092858169,2.1472397,1.8910757,0.7803913
2816,0.85,1,0.8765708360640417,3.0249267,2.8650804,0.92259145
2817,0.825,1,0.7994718559986211,2.1105704,1.855331,0.7736613
2818,0.65,1,0.8460357264574058,2.5936599,2.381865,0.87037295
2819,0.65,1,0.8229386354329913,2.3443198,2.0899048,0.8274469
2820,0.875,1,0.838117951533372,2.5414314,2.349156,1.0163732
2821,0.725,1,0.7465373308393937,1.5549979,1.2078584,0.6673675
2822,0.625,0,0.743582276443153,1.5902379,1.747229,0.65816224
2823,0.825,1,0.8427863366096583,2.5876625,2.4108515,0.92542255
2824,0.775,1,0.7411112620512083,1.4707835,1.1782749,0.59322816
2825,0.45,0,0.6759449608833497,0.8973053,0.9229363,0.5199197
2826,0.975,1,0.8353282929696335,2.483258,2.2583284,0.94242114
2827,0.775,1,0.8203750613565255,2.4593375,2.2612967,0.6575192
2828,0.8,1,0.845534238963987,2.625689,2.4166107,0.85367864
2829,0.725,1,0.8514302649699887,2.6765726,2.499632,0.9167467
2830,0.825,1,0.768858407514671,1.904478,1.6583054,0.56079614
2831,0.8,0,0.8296772404280153,2.5819955,2.808839,0.791211
2832,0.575,1,0.7863878945379261,2.0130033,1.7856346,0.6411762
2833,0.875,1,0.8686559184902245,2.918755,2.7431529,0.9277557
2834,0.85,1,0.7870335181100174,2.0485182,1.8441658,0.5695778
2835,0.725,1,0.7885104586394247,1.9767716,1.7510793,0.7109532
2836,0.975,1,0.8386112189900928,2.545298,2.3271606,0.87821865
2837,0.85,1,0.7974599343451477,2.0607562,1.7968377,0.9113825
2838,0.725,1,0.7595002444788141,1.7612554,1.4725178,0.5253549
2839,0.6,1,0.7958512816360488,2.0298142,1.7708302,0.79428214
2840,0.775,1,0.8486599669449357,2.692296,2.489809,0.9177333
2841,0.775,1,0.7641876005758337,1.7456201,1.4199713,0.6818455
2842,0.575,0,0.7613575244845057,1.8764553,2.0180836,0.7181351
2843,0.725,1,0.7907038291803025,1.9833866,1.7241452,0.7529916
2844,0.85,1,0.7955728456264257,2.1073139,1.8351686,0.69182664
2845,0.925,1,0.7788393736104509,1.806743,1.5530934,0.89410096
2846,0.85,1,0.7237536124375108,1.3628829,1.0169859,0.5148327
2847,0.875,1,0.7891930690672426,2.0929012,1.879437,0.52417177
2848,0.875,0,0.8032140484545032,2.239549,2.458847,0.8433839
2849,0.9,1,0.8111589629106382,2.1939974,1.9427148,0.8842169
2850,0.675,0,0.7613010492411041,1.8544431,1.9752719,0.7208792
2851,0.825,1,0.7960108841038073,2.1005049,1.8414986,0.77568805
2852,0.9,1,0.8056378360200629,2.2792506,2.076469,0.5806196
2853,0.875,1,0.8451004414854415,2.6587596,2.4197836,0.89139354
2854,0.625,1,0.7457067420060456,1.4386766,1.1256883,0.68139553
2855,0.975,1,0.8438674248698597,2.5993166,2.3835802,0.8867967
2856,0.85,1,0.8301916607016693,2.4581242,2.216162,0.80336404
2857,0.925,1,0.7737059550881114,1.9302801,1.7269753,0.5360819
2858,0.5,1,0.7069781294876629,1.0523369,0.8253805,0.46611378
2859,0.775,1,0.8182350558476305,2.297492,2.0455477,0.795465
2860,0.925,0,0.7656177844934637,1.7949386,1.9463922,0.7107104
2861,0.625,0,0.7375962425715649,1.518426,1.6837631,0.65521055
2862,0.85,0,0.8138051878415871,2.4128246,2.64289,0.8897644
2863,0.775,1,0.7553858237769493,1.6518676,1.3460394,0.62071544
2864,0.95,1,0.8572332259663097,2.8178043,2.619952,0.87843144
2865,0.9,1,0.8203158827943735,2.3673892,2.1561725,0.9356389
2866,0.75,1,0.8197546975138853,2.3504734,2.1377978,0.85112405
2867,0.95,1,0.8634349312285875,2.869826,2.682466,0.839816
2868,0.825,1,0.8067838140192791,2.1211612,1.874673,0.7901316
2869,0.85,1,0.7573738987546529,1.7262623,1.4215097,0.69586897
2870,0.925,0,0.7964788237749634,2.1749816,2.3823361,0.8066076
2871,0.9,0,0.7364241791053708,1.450244,1.6016556,0.73196
2872,0.8,1,0.826854118926987,2.3443387,2.124937,0.8538504
2873,0.825,1,0.8441217696911879,2.5712442,2.3149312,0.92162937
2874,0.925,1,0.8506237583587137,2.6618664,2.4336517,0.8711114
2875,0.8,1,0.7986633033018855,2.107555,1.8575897,0.824925
2876,0.95,1,0.7323065634382175,1.547076,1.2273664,0.49010783
2877,0.925,0,0.8110942052150103,2.3639553,2.5839684,0.85653573
2878,0.725,1,0.7596760523628094,1.7010092,1.392495,0.66068727
2879,0.775,1,0.7807360784889913,1.8477552,1.5823354,0.8128263
2880,0.725,1,0.7777364513950028,1.8475978,1.5456078,0.7715365
2881,0.7,1,0.7910890318794489,1.9756325,1.6990526,0.78141224
2882,0.725,1,0.8040089814549726,2.1198416,1.8522446,0.8056324
2883,0.85,1,0.774708805526132,1.8701754,1.6785147,0.57162654
2884,0.775,1,0.7184498108459365,1.2404275,0.9143355,0.5141638
2885,0.9,1,0.8217392414608701,2.3451738,2.1047938,0.7909191
2886,0.575,1,0.8254514845128478,2.479786,2.2519107,0.7427975
2887,0.95,1,0.8310367874273664,2.435743,2.1652942,0.8453681
2888,0.9,1,0.8324963707864778,2.470714,2.2336285,0.7584088
2889,0.675,1,0.825130121853239,2.4055674,2.187399,0.81613433
2890,0.775,1,0.8114928207245047,2.2369094,2.0191116,0.7939627
2891,0.725,0,0.7184175497801193,1.3580327,1.4213172,0.6773984
2892,0.8,1,0.8110026966279275,2.2545066,2.0329213,0.74836177
2893,0.625,1,0.8182914597994015,2.320722,2.1320653,0.91858983
2894,0.8,1,0.8182346304022082,2.2599864,2.0295804,0.8246235
2895,0.9,1,0.7631452855261417,1.8019549,1.536063,0.50171393
2896,0.95,1,0.7805225229418461,2.008273,1.7572237,0.54414564
2897,0.675,1,0.8238177307432359,2.436623,2.1804554,0.7418453
2898,1.0,1,0.8489220645931347,2.6746492,2.4496512,0.8421376
2899,0.85,1,0.8152032777079914,2.3941894,2.1985364,0.5273322
2900,0.875,0,0.8177380000669559,2.39677,2.6693516,0.79322517
2901,0.575,1,0.7439403047163051,1.5499358,1.2923954,0.40738
2902,0.825,0,0.8574701917734007,2.8854861,3.1553621,0.8855828
2903,0.975,1,0.7844440872509661,1.9837325,1.7500901,0.7188736
2904,0.8,1,0.8088735165940627,2.167933,1.8878127,0.8303792
2905,0.75,1,0.8337489771816274,2.4535503,2.2039778,0.8527746
2906,0.925,0,0.7590290379974881,1.7737148,1.9048946,0.6448027
2907,0.825,1,0.8115948143870594,2.221796,1.9429724,0.8498487
2908,0.85,1,0.7774811860137872,1.8257172,1.5588484,0.75128156
2909,0.85,0,0.7911230186223874,2.1180172,2.266162,0.8398539
2910,0.825,1,0.7589878108379358,1.6272594,1.3164463,0.78942615
2911,0.725,1,0.829131417638715,2.5340772,2.288428,0.8103752
2912,0.825,0,0.7553804698331477,1.689828,1.8231318,0.7156097
2913,0.75,1,0.8374297731638665,2.5467608,2.3412633,0.7719231
2914,0.825,0,0.7505476980655404,1.7150283,1.8363895,0.68151426
2915,0.75,1,0.8032004042175235,2.1193557,1.8619012,0.8496106
2916,0.775,1,0.8302341403277916,2.495928,2.2444634,0.8107758
2917,0.95,1,0.8630428244201824,2.8208761,2.63333,0.93241286
2918,0.775,0,0.7827417328471957,2.0215101,2.20401,0.86487496
2919,0.925,1,0.8165394189544284,2.2877388,1.9866686,0.82750386
2920,0.5,0,0.7164964721063124,1.3086418,1.4526508,0.45762566
2921,0.8,1,0.7976416898961818,2.0902767,1.815872,0.7433799
2922,0.875,0,0.7593335722678562,1.7556162,1.8648642,0.77613366
2923,0.925,0,0.8156300691711516,2.3544266,2.5697947,0.9124989
2924,0.9,1,0.8173833474944824,2.328732,2.124448,0.919321
2925,0.7,1,0.864988041028952,2.8335798,2.6734824,0.84924805
2926,0.95,1,0.8459458110149762,2.6596437,2.453381,0.90043664
2927,0.975,1,0.8352146938549907,2.5008469,2.2843895,0.83292085
2928,0.95,1,0.8612274621444959,2.8011215,2.6136117,0.8582568
2929,0.8,1,0.8082126249196515,2.166198,1.907125,0.7568366
2930,0.675,0,0.7506053534710202,1.6629701,1.8368589,0.7166896
2931,0.925,1,0.8369540194060059,2.4703617,2.2820938,0.9118561
2932,0.8,1,0.832274301553948,2.4939103,2.2783022,0.8669815
2933,0.95,1,0.8161704433776515,2.253158,1.9748517,0.84656096
2934,0.8,0,0.7555559593176817,1.6829422,1.8180006,0.7711548
2935,0.625,0,0.7344420814616139,1.5258591,1.6568017,0.6343192
2936,0.9,1,0.8243845298627541,2.4147546,2.1705523,0.8284976
2937,0.775,1,0.8648034649414978,2.8666055,2.7180889,0.923099
2938,0.625,1,0.8089145103794537,2.2424765,2.0279367,0.86209357
2939,0.825,1,0.8566349779800455,2.7262092,2.498891,0.8499568
2940,0.875,1,0.8653247639021611,2.8956535,2.6920953,0.8311023
2941,0.725,1,0.7472399645309942,1.6191297,1.3287182,0.5250852
2942,0.95,1,0.8878640163296178,3.1530504,2.976539,0.9694659
2943,1.0,1,0.804506896197024,2.1775718,1.968425,0.6946063
2944,0.675,0,0.769168593189407,1.8703296,2.052386,0.6627461
2945,0.8,0,0.7640687629497018,1.7370185,1.9308408,0.74730414
2946,0.825,1,0.7817326035917189,1.8794261,1.6220871,0.77785987
2947,0.675,1,0.7685052122410857,1.942719,1.6661966,0.43571323
2948,0.725,0,0.779743707354761,2.0334258,2.2130764,0.8140552
2949,0.975,1,0.8414955762829166,2.5255728,2.2937772,0.8939472
2950,0.875,1,0.8557939488849378,2.7383437,2.5661755,0.88817155
2951,0.85,1,0.8478495826461729,2.6282053,2.4501715,0.8797498
2952,0.65,1,0.7871073652243511,1.901775,1.6572263,0.7587605
2953,0.9,1,0.8059425799921327,2.3001697,2.1171546,0.5240229
2954,0.675,0,0.718724957172679,1.4003723,1.5164611,0.34985903
2955,0.925,1,0.8664422135181387,2.86511,2.6825716,0.87002134
2956,0.8,1,0.8305344988377906,2.4839635,2.2872066,0.8363503
2957,0.85,1,0.8083187516049516,2.2268848,2.0009065,0.7588016
2958,0.875,1,0.8044531762220617,2.1465693,1.8783041,0.7673244
2959,0.95,1,0.8294722652696601,2.4187486,2.175222,0.8508517
2960,0.925,1,0.8285297559560529,2.5007563,2.3070195,0.77987635
2961,0.8,1,0.8596241589445062,2.8119764,2.6140387,0.86551195
2962,0.95,1,0.7919519769982921,1.9757892,1.6829268,0.77101
2963,0.925,1,0.7893629693610174,2.0374916,1.7176851,0.88772553
2964,0.575,1,0.7001845985228823,1.1052058,0.77695346,0.25531948
2965,0.775,1,0.8424387005123988,2.5884743,2.383944,0.8585173
2966,0.725,1,0.8045860608880377,2.17305,1.94188,0.8531048
2967,0.75,1,0.7716559982343566,1.907974,1.6945616,0.53633153
2968,0.875,1,0.8433420425141827,2.631782,2.41028,0.82697713
2969,0.85,1,0.8263472549493267,2.3829165,2.1466076,0.79636186
2970,0.9,0,0.7571692246030781,1.7070577,1.8449281,0.63549304
2971,0.85,1,0.8405918775736022,2.5574167,2.3404193,0.9536952
2972,0.9,1,0.8045430386029093,2.2721477,2.006479,0.6496537
2973,0.75,1,0.8272597668196934,2.4418697,2.2194269,0.8477287
2974,0.725,0,0.6805767165477243,0.8930876,0.95323014,0.55410314
2975,0.775,0,0.737989135358949,1.5240049,1.6759102,0.68863416
2976,0.725,1,0.8515547714101136,2.6579614,2.4039314,0.8006142
2977,0.95,1,0.8316376092263769,2.4540863,2.2205274,0.92355746
2978,0.95,1,0.8144226329670359,2.218911,1.9776574,0.8249431
2979,0.825,1,0.8797905545297201,3.0537539,2.8871326,0.94390726
2980,0.725,0,0.7819296404751922,2.094553,2.2847815,0.7072532
2981,0.825,1,0.8484046705207271,2.6804125,2.507711,0.8788404
2982,0.775,1,0.8195538094801601,2.3441591,2.1370585,0.79690665
2983,0.9,1,0.8249050270191276,2.3577247,2.0933802,0.80879194
2984,0.625,0,0.8002716199635554,2.1945057,2.3767738,0.81489456
2985,0.975,0,0.8113214059815885,2.3621516,2.604016,0.8834783
2986,0.7,1,0.743958580856585,1.6546333,1.3555539,0.5265486
2987,1.0,1,0.9002675720267032,3.2650595,3.120919,0.95861816
2988,0.925,1,0.7921297770890611,1.9761366,1.6829804,0.76794046
2989,0.925,1,0.8519233363519482,2.7024913,2.4999528,0.9060598
2990,0.95,1,0.8102045306655263,2.181457,1.9237069,0.8625778
2991,0.95,1,0.7204520073553207,1.231843,0.9050834,0.63277715
2992,0.75,1,0.8047755484296917,2.1661751,1.9002552,0.70468265
2993,0.7,1,0.8047039369555846,2.1324155,1.8684903,0.8289451
2994,0.9,1,0.8642252335989877,2.8592157,2.6884434,0.91345644
2995,0.65,0,0.8043458275565915,2.2723002,2.4603918,0.7588445
2996,0.875,1,0.8332960107886885,2.450923,2.2108521,0.7995494
2997,0.85,0,0.7806494587051005,1.959062,2.162494,0.844384
2998,0.725,1,0.7506677718755783,1.5766283,1.2713083,0.6026296
2999,0.825,1,0.7560219113198852,1.6473004,1.3731565,0.6038976
3000,0.95,1,0.8644196193587372,2.8047101,2.5863783,1.0365968
3001,0.8,1,0.7961438824154525,2.0947707,1.8602552,0.66792977
3002,0.95,1,0.8390121268668019,2.5749118,2.3724794,0.84481263
3003,0.875,1,0.8518680144550163,2.6886516,2.535224,0.938059
3004,0.975,1,0.8391005526869031,2.5916824,2.3705184,0.8725399
3005,0.65,1,0.8394399544397262,2.54556,2.3135123,0.8949901
3006,0.6,1,0.7058028404915537,1.1461793,0.8397927,0.43437138
3007,0.9,1,0.8066782373780783,2.1722126,1.9122568,0.7619635
3008,1.0,1,0.8482351981650829,2.6278908,2.3898802,0.9598691
3009,0.725,1,0.8317927893503142,2.447105,2.259309,0.8604182
3010,0.675,0,0.7399129799303787,1.4816897,1.5981983,0.7550591
3011,0.725,1,0.7783211595108527,1.8295984,1.5522294,0.8321524
3012,0.8,1,0.8498217955317457,2.73924,2.5452669,0.7220384
3013,0.925,1,0.7347925975444809,1.4729898,1.1480985,0.5095139
3014,0.8,1,0.821306139858668,2.3318238,2.0747032,0.82496685
3015,0.85,1,0.8306148128126271,2.428277,2.1753159,0.8118673
3016,0.825,1,0.8627491354387359,2.847641,2.6284647,0.92152894
3017,0.85,1,0.8168130829404993,2.310113,2.088647,0.7996732
3018,0.7,1,0.8209451071080744,2.337658,2.055203,0.7851377
3019,0.75,1,0.7634918829353635,1.6681713,1.3836728,0.79893523
3020,0.925,1,0.861785170204932,2.828392,2.6753886,1.0067904
3021,0.8,0,0.7225729202052003,1.3502483,1.5304083,0.541811
3022,0.65,1,0.8292112432273849,2.4059155,2.1793175,1.0393924
3023,0.8,1,0.8021176714562195,2.0938716,1.8134358,0.8565716
3024,0.975,1,0.8134731949118617,2.2664685,2.0155365,0.8594736
3025,0.525,1,0.7584319650192863,1.680846,1.3519727,0.7127115
3026,0.825,0,0.7491771483445642,1.7181396,1.8514929,0.6626593
3027,0.8,1,0.8393504813769133,2.5433536,2.3741157,0.883229
3028,0.925,1,0.8389382878076345,2.547904,2.3286085,0.82837117
3029,0.775,1,0.7496864100853813,1.5202233,1.2020166,0.76983875
3030,0.7,1,0.734922661507678,1.4022323,1.0882931,0.605788
3031,0.85,1,0.8500093012236503,2.681893,2.4783936,0.93894553
3032,0.75,1,0.8026949949433628,2.1042752,1.8370432,0.81673044
3033,0.85,1,0.8610406937273453,2.8168445,2.6054847,0.8485966
3034,0.925,1,0.8661956588182639,2.9057212,2.6653032,0.87718993
3035,0.725,0,0.7496752854335457,1.6454096,1.7733663,0.7639989
3036,0.9,1,0.873683667409121,2.9187415,2.6910026,0.85830444
3037,0.875,1,0.8608593833464958,2.8199959,2.6629176,0.92473567
3038,0.625,1,0.7885542658751026,1.9978367,1.7637104,0.73868585
3039,0.8,1,0.7611316113294764,1.7259846,1.4110818,0.6867904
3040,0.8,1,0.7681878584690859,1.8648783,1.6381661,0.49854034
3041,0.7,1,0.7736545912597242,1.7733124,1.4769635,0.7496892
3042,0.8,1,0.8377090835855538,2.511389,2.3240829,0.9123322
3043,0.65,0,0.7701640036608386,1.898649,2.0978947,0.7362374
3044,0.95,1,0.852026755545351,2.7036622,2.4815478,0.88094604
3045,0.825,1,0.762728437352062,1.6611727,1.343638,0.70745146
3046,0.925,1,0.7718959664227397,1.8989437,1.5992448,0.62859476
3047,0.725,1,0.7841976538769131,2.0493443,1.7694837,0.5117474
3048,0.9,1,0.78614454157895,1.947829,1.6911795,0.7420477
3049,0.95,1,0.8222800016507132,2.3171668,2.0700738,0.84986013
3050,0.475,1,0.7750712396276196,1.8522826,1.5668005,0.6459648
3051,0.8,1,0.8724120813411292,2.9655342,2.784682,0.88881576
3052,0.8,1,0.7981506482395169,2.0568795,1.7819374,0.7645676
3053,0.875,1,0.8109428328612245,2.2078397,1.9450366,0.8147953
3054,0.9,1,0.8313510630003463,2.4266577,2.1690428,0.83860517
3055,0.8,1,0.880322788669677,3.0519881,2.897024,0.86525834
3056,0.9,1,0.8526036102324174,2.7305043,2.530902,0.8124989
3057,0.9,1,0.8073284824715916,2.14462,1.9108263,0.8234485
3058,0.875,1,0.8094704611592923,2.1684706,1.9155177,0.9052114
3059,0.775,1,0.7317409309506983,1.399948,1.0669662,0.543971
3060,0.925,0,0.8189445386335736,2.4043558,2.6156125,0.8626247
3061,0.975,1,0.8296796925450135,2.4119856,2.213132,0.89668304
3062,0.8,1,0.806722361054032,2.1563008,1.8727582,0.7292014
3063,0.925,1,0.804846059143215,2.1399426,1.8864065,0.8555414
3064,0.65,1,0.7926634291979581,2.1190796,1.8522754,0.65940857
3065,0.85,1,0.8431794995156137,2.6468112,2.3921926,0.7553488
3066,0.9,0,0.735182539122827,1.5167387,1.6360838,0.7680419
3067,0.925,1,0.8075434563854261,2.1443863,1.8701441,0.92640424
3068,0.65,0,0.7790955929708403,1.991297,2.1868563,0.80123323
3069,0.875,1,0.8806586591853353,3.0247009,2.8524735,0.87506974
3070,0.925,1,0.8217418138656168,2.2958305,2.0242581,0.8829325
3071,0.65,1,0.8122416556750317,2.2424374,1.9630864,0.7888972
3072,0.8,1,0.8256186803371908,2.372501,2.1144867,0.8682419
3073,0.725,0,0.7462506147023381,1.5827819,1.7282456,0.7181508
3074,0.9,1,0.8347085469196595,2.52212,2.302141,0.8593384
3075,0.825,1,0.8701061944058195,2.9223752,2.7333589,0.94449794
3076,0.7,1,0.8183328888727395,2.25778,2.0070367,0.8673292
3077,0.775,1,0.8285655328204136,2.4131236,2.1913671,0.872559
3078,0.875,0,0.7771684063540523,1.9502636,2.101189,0.8094625
3079,0.85,1,0.8007959919884007,2.0638525,1.8225118,0.9086601
3080,0.85,1,0.7836351026161275,1.9377828,1.6453606,0.77759
3081,0.775,1,0.747348129145391,1.6134603,1.323957,0.5834085
3082,0.825,1,0.8038194380224084,2.0811944,1.861656,0.7808929
3083,0.825,1,0.8409524928681814,2.6148524,2.4257805,0.71432865
3084,0.675,0,0.7950154412773078,2.1848927,2.3668578,0.8345773
3085,0.95,1,0.7553476390275711,1.582634,1.2540754,0.66244715
3086,0.75,0,0.6831068070257551,0.88643765,0.9701709,0.5930514
3087,0.975,1,0.8791512818427207,3.0127344,2.8279219,0.9143768
3088,0.875,0,0.7839698229719206,2.0634987,2.2476132,0.7309015
3089,0.9,1,0.837177156456695,2.5601947,2.3192787,0.9000584
3090,0.925,1,0.8406804955339222,2.5329762,2.3179858,0.88233334
3091,0.55,0,0.7617455417676372,1.7651225,1.9374355,0.65614605
3092,0.825,1,0.8304573567774626,2.4430914,2.2381463,0.8570268
3093,0.875,1,0.7591352528113794,1.6490756,1.320208,0.7340679
3094,0.9,1,0.8556317519855915,2.759953,2.6000245,1.0002545
3095,0.65,1,0.7731088475032433,1.8854573,1.6198957,0.70075154
3096,0.85,1,0.8403497131058546,2.5727181,2.3321958,0.93497396
3097,0.675,0,0.795650181822334,2.179067,2.3927507,0.89333105
3098,0.875,1,0.8772423758781664,3.002314,2.8106527,0.93682015
3099,0.725,1,0.8099150808086699,2.3239152,2.0092266,0.77010417
3100,0.925,0,0.7513832655248669,1.6072884,1.779347,0.7004481
3101,0.725,1,0.8180637801755208,2.4252734,2.1790264,0.7278658
3102,0.925,1,0.8675493358245349,2.8680024,2.6922212,0.9030231
3103,0.875,1,0.8004477254062363,2.155113,1.8940209,0.7509662
3104,0.925,1,0.8235658555750273,2.34159,2.0925815,0.81979287
3105,0.975,1,0.8209897898299868,2.3115683,2.069752,0.8680313
3106,0.75,1,0.7943424355527489,2.0576873,1.7568891,0.87037563
3107,0.925,1,0.8102389271472759,2.1972065,1.9046054,0.8326052
3108,0.75,1,0.8248621666515179,2.3648374,2.1502297,0.7880083
3109,0.675,1,0.7918051414170779,1.9935645,1.7210451,0.81758076
3110,0.975,0,0.76295789556329,1.7548567,1.9171547,0.7771266
3111,0.9,1,0.79811744410866,2.0505807,1.8252255,0.88285303
3112,0.775,0,0.7351764900736051,1.5207341,1.6174833,0.6581004
3113,0.975,1,0.8792912728635507,3.0091183,2.8505435,1.0333937
3114,0.875,1,0.8059588675940205,2.1399937,1.888387,0.79055643
3115,0.8,1,0.8239694411933892,2.4026039,2.1838682,0.9302399
3116,0.7,1,0.787366052110535,1.9149252,1.6585251,0.86217827
3117,0.775,1,0.787073832699933,1.9374355,1.6290051,0.8103451
3118,0.8,1,0.771413406221167,1.8326907,1.6045065,0.64601594
3119,0.95,1,0.7995268959515657,2.0750186,1.8695837,0.85967094
3120,0.925,1,0.8477174791357556,2.6638856,2.4736192,0.89453506
3121,0.7,1,0.8079367990078946,2.1737263,1.8998867,0.7681193
3122,0.95,1,0.8536409950592908,2.7542512,2.5729349,0.9355911
3123,0.7,1,0.757284876143125,1.7932441,1.5112286,0.5320468
3124,0.975,1,0.7947317139162298,2.0179515,1.7357574,0.8659516
3125,1.0,1,0.8770966671847307,2.9488974,2.7594862,0.90316254
3126,0.875,1,0.7778038874928326,1.8875427,1.6699198,0.63906956
3127,0.8,1,0.7254666187680208,1.297608,0.95459366,0.54096943
3128,0.95,1,0.8334836839196569,2.5062513,2.3048396,0.79662937
3129,0.75,0,0.7866313131896507,2.0416403,2.2344265,0.774939
3130,1.0,1,0.8044046447593709,2.1504664,1.8993045,0.87880117
3131,0.875,1,0.8039535252811477,2.18592,1.9839046,0.64778996
3132,0.825,1,0.8167898634622996,2.354671,2.1158876,0.80077195
3133,0.8,1,0.8371695454424182,2.5390477,2.330098,0.9029834
3134,0.875,1,0.7869227351617012,1.9749638,1.673094,0.71783715
3135,0.775,1,0.872518657201558,2.8797376,2.670556,1.034733
3136,0.95,1,0.838518001522871,2.5389063,2.3218923,0.88535815
3137,0.9,1,0.8370348201327011,2.5291786,2.3065348,0.88914067
3138,0.7,1,0.8666383981548156,2.8721614,2.6883385,0.9014718
3139,0.7,0,0.7570149869853482,1.6851585,1.85737,0.8453911
3140,0.675,1,0.8098167100609566,2.1711736,1.9151504,0.8209452
3141,0.85,0,0.7741982652726167,1.9334676,2.1095474,0.7190671
3142,0.875,1,0.8083612403559894,2.164981,1.9049336,0.9428343
3143,0.9,1,0.8630257827307981,2.836142,2.6222653,0.8533337
3144,1.0,1,0.8669968666303841,2.8388212,2.6078103,0.9020845
3145,0.9,1,0.8104876129218417,2.2357626,1.965631,0.83474725
3146,0.85,1,0.8336621385257594,2.4387245,2.224259,0.86416703
3147,0.825,1,0.8041090285802599,2.1699853,1.9167712,0.8166629
3148,0.675,0,0.7322249537083073,1.463367,1.6025555,0.71468467
3149,0.65,0,0.7665105115321845,1.8403754,2.0069795,0.6823939
3150,0.775,0,0.747323113805382,1.6655681,1.8375263,0.6496198
3151,0.825,1,0.7800949917863064,1.8622601,1.5883452,0.8451306
3152,0.875,1,0.8577026407465461,2.7759008,2.561506,0.913515
3153,0.8,1,0.8366961227855363,2.538266,2.3235908,0.8466871
3154,0.8,1,0.8635522327056797,2.77429,2.5651064,0.9451285
3155,0.725,0,0.8049916104835659,2.2834353,2.5040054,0.78128135
3156,0.825,1,0.8520682217295759,2.7685666,2.5390484,0.86224675
3157,0.875,1,0.7915036071891048,1.9722781,1.7125447,0.8171031
3158,0.775,1,0.8349600754911211,2.489718,2.23352,0.85805386
3159,0.9,1,0.8115767981861164,2.2231677,1.9495276,0.81540245
3160,0.95,1,0.8327822800325996,2.495455,2.2859263,0.85715294
3161,0.725,1,0.7803307835361897,1.8499616,1.6166037,0.7970421
3162,0.825,1,0.8388628372605276,2.5119748,2.2732148,0.9321154
3163,0.75,1,0.8709544405917442,2.9447203,2.7311597,0.78885967
3164,0.8,1,0.8274435737764874,2.4235804,2.1977353,0.89320666
3165,0.725,1,0.8027829693767594,2.2423005,1.9871067,0.68691987
3166,0.85,1,0.7753749552361827,1.8769279,1.602631,0.7684158
3167,0.8,1,0.8211998721863059,2.303734,2.0751255,0.8047095
3168,0.825,1,0.8328122643377553,2.4531243,2.2121391,0.9106316
3169,0.8,1,0.75583345180066,1.6440539,1.3477833,0.70868117
3170,0.675,1,0.81298538464193,2.2401342,1.9529135,0.83411807
3171,0.8,1,0.77228774948896,1.8764114,1.5988597,0.5681196
3172,0.95,1,0.8123498019100814,2.2254782,1.9178747,0.80124336
3173,0.85,1,0.8198251110783628,2.336456,2.1224973,0.8018844
3174,0.675,1,0.8174541899425947,2.4011683,2.1972632,0.75720096
3175,0.85,0,0.7588424162946992,1.7443846,1.8658204,0.67984724
3176,0.975,0,0.761668788818125,1.7651321,1.9384327,0.7517244
3177,0.675,0,0.6964101894558354,1.0690185,1.1485679,0.48183867
3178,0.825,1,0.8394912049022056,2.5153258,2.3077183,0.95430297
3179,0.775,1,0.7999393928017886,2.1038513,1.8446542,0.7991576
3180,0.675,1,0.7731364862837011,1.9408587,1.6966475,0.5276313
3181,0.85,0,0.8033621552241585,2.2409556,2.4192567,0.8712764
3182,0.625,1,0.7758133758312045,1.8113432,1.5405887,0.7428562
3183,0.925,1,0.8220182247919801,2.3522553,2.1094952,0.9040193
3184,0.825,1,0.8660628598117031,2.8835626,2.6969295,0.9566604
3185,0.675,1,0.8538661837358764,2.723854,2.5332494,0.93831885
3186,0.675,0,0.7172694233096752,1.3970882,1.4694943,0.62048846
3187,0.8,1,0.8442028796555103,2.5764961,2.3390489,0.9000463
3188,0.775,0,0.7513025638346894,1.7904859,1.8836305,0.6623298
3189,0.9,1,0.8480824624116121,2.649902,2.4389737,0.9083398
3190,0.9,0,0.8255296016736526,2.5343213,2.7347252,0.7861726
3191,0.85,1,0.8215030898306377,2.4231744,2.217876,0.7849978
3192,1.0,1,0.8688202970969612,2.9089313,2.7497203,0.94645345
3193,0.775,0,0.7327625279824456,1.4163933,1.5466461,0.69108504
3194,0.825,1,0.8413873065373026,2.5822353,2.3718076,0.88263875
3195,0.675,1,0.8228552521895278,2.3042252,2.108502,0.83288544
3196,0.85,1,0.7996416516223712,2.0924,1.8145295,0.79015166
3197,0.925,1,0.8180741547008863,2.287076,2.01934,0.79628694
3198,0.75,1,0.771611267022269,1.8214438,1.5065186,0.74635714
3199,0.9,1,0.8385755528681764,2.5489917,2.3514671,0.9754065
3200,0.75,0,0.7430677616092866,1.7248762,1.8210845,0.5934409
3201,0.95,1,0.8222547105548937,2.2905383,2.0517502,0.87092
3202,0.875,1,0.8500586217454443,2.7194595,2.4744065,0.8630338
3203,0.875,1,0.8490038136675222,2.6210814,2.3999362,0.86210924
3204,0.6,1,0.7968962821161386,2.1058679,1.8588127,0.7526223
3205,0.8,1,0.8194419400806148,2.407724,2.1671486,0.74795854
3206,0.975,0,0.7290203994600944,1.4263656,1.5522096,0.6939151
3207,0.8,1,0.8414306740733652,2.5614824,2.3331528,0.8343336
3208,0.95,1,0.8021530261020559,2.0644407,1.829382,0.9070807
3209,0.975,0,0.8251671369626212,2.4999385,2.7706351,0.8468003
3210,0.725,0,0.7756117330614702,2.0228271,2.2002578,0.716156
3211,0.95,1,0.8595123397900026,2.8217216,2.5973434,0.90688974
3212,0.775,1,0.7560711342604782,1.590202,1.2987556,0.8166875
3213,0.825,1,0.8359960424151915,2.5393357,2.307972,0.8619778
3214,0.8,1,0.7829636693883704,1.9896618,1.7509482,0.64691234
3215,0.9,1,0.8505172214728183,2.7059758,2.491037,0.8139044
3216,0.8,1,0.7571895233232062,1.7013962,1.3754408,0.54507667
3217,0.95,1,0.8423458144297653,2.5634508,2.3617105,0.9211268
3218,0.8,1,0.8474061784455595,2.6489377,2.4571486,0.9401878
3219,0.675,1,0.8046751962559928,2.1018941,1.8846959,0.794782
3220,0.8,1,0.7582185447991199,1.6044836,1.3050628,0.798577
3221,0.825,0,0.7912484875819963,2.1593056,2.308019,0.8077098
3222,0.775,1,0.8104010124877368,2.2149901,1.9353107,0.81410426
3223,0.75,1,0.8276311556044429,2.4453049,2.234009,0.9141998
3224,0.9,1,0.8611246117165087,2.791106,2.5965455,0.9251095
3225,0.725,1,0.7525707563185987,1.5563098,1.2567838,0.73381203
3226,0.675,1,0.7439639022394089,1.6465008,1.3375766,0.43381315
3227,0.625,0,0.7754160460812771,1.9802152,2.1732125,0.6600276
3228,0.925,1,0.8534446089391196,2.7537417,2.5452788,0.90662193
3229,0.675,0,0.7914482925362896,2.0575385,2.2645864,0.78241307
3230,1.0,1,0.7617678626922774,1.6757352,1.3779409,0.7072335
3231,0.875,1,0.836187679838779,2.5672534,2.3571253,0.717753
3232,0.9,1,0.8268713192312361,2.4526324,2.236226,0.8339113
3233,0.95,1,0.7948615332753048,2.0094,1.7327412,0.7801329
3234,0.85,1,0.8255361731917222,2.4266179,2.2057385,0.82751846
3235,0.9,1,0.7958733007938557,2.017224,1.7609872,0.77311563
3236,0.85,1,0.8589746741990045,2.7883847,2.5744762,0.89924854
3237,0.9,1,0.8149638716486878,2.2241335,1.9814485,0.88087094
3238,0.725,1,0.7388724597115189,1.3941203,1.1213057,0.6268664
3239,0.825,1,0.7653365751757731,1.751382,1.4584662,0.6793925
3240,0.95,1,0.8727036421432746,2.943293,2.735734,0.9191282
3241,0.85,1,0.8714739170691393,2.9155917,2.6945426,1.0047488
3242,0.85,1,0.8194730412902493,2.426375,2.1530604,0.7132776
3243,0.875,1,0.7517529520686385,1.6128167,1.2424952,0.64222115
3244,0.975,1,0.8291721729582646,2.458809,2.2472177,0.87514853
3245,0.875,1,0.7999450636595931,2.221255,1.9991534,0.6795815
3246,0.9,0,0.725728635807561,1.3456037,1.4794722,0.7053067
3247,0.85,1,0.8169099678564695,2.2616465,2.0211945,0.870148
3248,0.75,1,0.8451567101990106,2.5619152,2.342605,0.9096177
3249,0.775,1,0.7965347051925209,2.0993278,1.8370457,0.8193114
3250,0.875,1,0.7914455100295703,1.9729321,1.7296867,0.82638764
3251,0.85,1,0.8818664059524158,3.0699253,2.869286,0.9007101
3252,0.875,1,0.8404026318260793,2.5714653,2.348538,0.89064026
3253,0.925,1,0.8099386770893431,2.2221704,1.9825151,0.82051235
3254,0.925,1,0.7912695355662821,2.0609994,1.8028464,0.67985815
3255,0.6,1,0.7873651955865599,2.0238385,1.7775867,0.6363978
3256,0.925,1,0.8293422854081207,2.4436293,2.1938484,0.79626995
3257,0.825,1,0.8382648063620527,2.5608025,2.3479385,0.8732989
3258,0.9,1,0.8306842993459196,2.4583666,2.2721677,0.8808087
3259,0.925,1,0.8232914558570545,2.3378453,2.1143785,0.8850203
3260,0.575,1,0.8518638972447026,2.6570537,2.3969188,0.96546394
3261,0.9,1,0.7945067990347966,2.0803058,1.885587,0.70792913
3262,0.85,1,0.808834351019537,2.134827,1.8865038,0.886398
3263,0.9,1,0.8541523944578067,2.7086298,2.5165687,0.91646606
3264,0.95,0,0.7682178150428062,1.817846,1.9759672,0.79705346
3265,0.775,1,0.7979942926129788,2.067401,1.7916677,0.79290754
3266,0.775,1,0.7813451628470341,1.8483121,1.5756804,0.8116985
3267,0.95,1,0.8400954965299025,2.5728655,2.3492932,0.89621496
3268,0.925,1,0.8316438436511656,2.4739637,2.2578423,0.8392981
3269,0.825,1,0.7951196459051859,2.0263052,1.7599723,0.8371765
3270,0.8,1,0.8313436837874011,2.5275178,2.2770953,0.794821
3271,0.925,1,0.822058376670063,2.3444514,2.0815778,0.8567478
3272,0.725,1,0.7691267041286685,1.7313253,1.4324193,0.7780852
3273,0.8,1,0.7394837921560653,1.44927,1.0928977,0.68442017
3274,1.0,1,0.8745618422465037,2.9816384,2.7705498,0.8786719
3275,0.925,1,0.8355005873048795,2.491687,2.2419796,0.8410743
3276,0.675,1,0.8186915579978953,2.2905784,2.0273535,0.8154518
3277,0.55,1,0.7771824271978347,1.8474494,1.5543206,0.7168669
3278,0.7,1,0.8119113642723341,2.2149663,1.9707905,0.84473675
3279,0.8,1,0.8353008743644503,2.5321689,2.3111262,0.8577045
3280,0.725,0,0.7574613409846241,1.6850264,1.8567666,0.6546144
3281,0.925,1,0.7960749404473109,2.0190854,1.7597464,0.88875324
3282,0.725,0,0.8108740371930017,2.348601,2.582673,0.7918769
3283,0.625,1,0.8305481506492115,2.4622388,2.1901479,0.7987549
3284,1.0,1,0.8343002700484405,2.5123057,2.3059034,0.7201116
3285,0.725,1,0.792659952448415,1.9690553,1.7114749,0.8085312
3286,0.8,0,0.7479035114671824,1.5808554,1.7437077,0.72524554
3287,0.8,1,0.7672427511796098,1.7308545,1.4621462,0.71903163
3288,0.65,1,0.7519209824830791,1.6262378,1.3819821,0.60203665
3289,0.95,1,0.8206802089772165,2.306977,2.0667322,0.805823
3290,0.95,1,0.819273449388618,2.3393073,2.1239758,0.8792433
3291,0.9,1,0.8302382951102814,2.4554405,2.231322,0.8038256
3292,0.7,1,0.8089020053043003,2.182681,1.9099815,0.8129496
3293,0.85,1,0.7356876910952213,1.363255,1.0663029,0.71127015
3294,0.775,1,0.783653020041332,2.0106902,1.7480195,0.6594443
3295,0.975,1,0.8180904086403229,2.2851415,1.989107,0.86517924
3296,0.75,1,0.8505550733634716,2.64717,2.3934345,0.9080526
3297,0.8,1,0.7848843159708866,1.9022058,1.6246489,0.81300765
3298,0.875,1,0.8189284736580279,2.2907248,2.0489216,0.98524505
3299,0.775,1,0.746419630425948,1.547469,1.1691372,0.68998784
3300,0.775,1,0.8282221864798666,2.5558114,2.2650347,0.7851937
3301,0.8,1,0.8446808399622362,2.6285567,2.4214778,0.88206095
3302,0.875,1,0.7877571271111783,1.9297432,1.6526586,0.77787447
3303,0.85,1,0.7571521818032185,1.6577389,1.423021,0.6267092
3304,0.8,1,0.8535609450901428,2.6784444,2.429472,0.9492849
3305,0.825,1,0.7912304972812693,1.9947796,1.7064464,0.81162614
3306,0.8,1,0.8610986759537811,2.8389287,2.6140897,0.90322423
3307,0.75,1,0.8465682939338605,2.6574836,2.446897,0.8715428
3308,0.775,1,0.8130819782289024,2.267226,2.0538132,0.81830424
3309,0.725,1,0.8093132238070864,2.2649763,2.075491,0.6756882
3310,0.875,1,0.805447569154054,2.2703514,1.9980936,0.7881875
3311,0.775,1,0.7601441916091507,1.6757734,1.3638604,0.65108305
3312,0.7,1,0.7662735514785468,1.7129352,1.4579381,0.6031684
3313,0.825,1,0.7784241209782976,1.8303452,1.5331025,0.88488007
3314,0.975,1,0.8391059830676368,2.5184784,2.2640884,0.8723815
3315,0.575,1,0.7479961630554484,1.5876323,1.3131994,0.5702402
3316,0.9,1,0.8513735972241938,2.6897335,2.496232,0.8675168
3317,0.925,1,0.8696148697190195,2.9388602,2.7379596,0.8249437
3318,0.75,0,0.7651789196665092,1.7584707,1.9136002,0.7750198
3319,0.85,1,0.8315256205204311,2.4599175,2.2515743,0.8551247
3320,0.675,1,0.8211148965612882,2.3799534,2.1722033,0.88911283
3321,0.9,1,0.8250748979589597,2.3664193,2.1588902,0.8510595
3322,0.975,1,0.8508119671298904,2.6708975,2.4597754,0.908084
3323,0.7,1,0.8241649551772918,2.3696506,2.1655707,0.8528164
3324,0.8,1,0.8623086841139851,2.8309577,2.6254704,0.9515884
3325,0.85,1,0.8272800794556446,2.3804154,2.1374574,0.8572618
3326,0.65,0,0.7414786869040444,1.5284733,1.6860472,0.71879965
3327,0.65,1,0.7765229489692163,1.8835431,1.5795342,0.6794357
3328,0.85,1,0.837045999930138,2.5483322,2.3154733,0.82596004
3329,0.8,1,0.8208632323695305,2.3425815,2.117299,0.88920474
3330,0.625,1,0.8034937412937513,2.2611005,2.0311694,0.6423472
3331,0.925,1,0.84215045556325,2.5984936,2.3786936,0.8280273
3332,0.775,1,0.8349033890754527,2.5637903,2.3637006,0.68294525
3333,0.725,1,0.8341238495480718,2.6235054,2.4303317,0.6217685
3334,0.825,0,0.7057303287568446,1.2174994,1.3386571,0.62328964
3335,0.75,1,0.7714319578439193,1.8908035,1.6148689,0.6231946
3336,0.8,1,0.8649338895990473,2.8380165,2.6887338,0.93505406
3337,0.825,1,0.8367390480079381,2.564981,2.3242745,0.8369621
3338,0.825,0,0.8002773040846654,2.2650788,2.4582598,0.8134305
3339,0.775,1,0.7977654345214575,2.0704675,1.7732022,0.8324328
3340,0.9,1,0.7688614912450629,1.7968398,1.5135229,0.6113786
3341,0.975,1,0.8712027800010829,2.9469929,2.7486205,0.9843725
3342,0.925,1,0.8458971434457171,2.6751614,2.4559634,0.865247
3343,0.8,1,0.7508001514423764,1.6585674,1.3194287,0.57535315
3344,0.875,0,0.7921140943267866,2.1716478,2.3604589,0.72880363
3345,0.775,1,0.8790439652754567,2.9910345,2.8443334,0.90996933
3346,0.65,1,0.7375503166475984,1.448297,1.091325,0.6196256
3347,0.8,1,0.8075753065043076,2.1622834,1.8890873,0.8338202
3348,0.8,1,0.8425950757079115,2.6294904,2.4073806,0.9285315
3349,0.575,1,0.7677701634884293,1.7803415,1.4691008,0.7547601
3350,0.875,1,0.8326313941743422,2.472642,2.2005932,0.81499475
3351,0.925,1,0.8661351754423854,2.8951926,2.668163,0.9694849
3352,0.9,1,0.8526109079452613,2.7131872,2.5180907,0.8376095
3353,0.725,1,0.7993079254887472,2.1924436,1.9002337,0.68976486
3354,0.9,0,0.68933895380322,0.9759637,1.0647978,0.6131609
3355,0.825,1,0.8409726165751545,2.5900908,2.392619,0.95060384
3356,0.6,0,0.7641707173070721,1.7542223,1.9183571,0.7602511
3357,0.7,1,0.7597424494335661,1.7115308,1.4380913,0.5937699
3358,0.95,1,0.8523164188416046,2.7050147,2.5075455,0.8694799
3359,0.775,1,0.7880012087875977,1.9549012,1.6608689,0.76551294
3360,0.75,1,0.8306860515799082,2.3969028,2.1765554,0.82734066
3361,0.9,1,0.7941804365587827,2.1109924,1.8293478,0.7402981
3362,0.75,1,0.7754611469762196,1.8073137,1.49096,0.76001924
3363,0.75,0,0.8136470703644542,2.367774,2.6024475,0.9511536
3364,0.8,0,0.8109708981229455,2.3594756,2.561965,0.90757215
3365,0.575,1,0.7971922086920871,2.0914075,1.7945564,0.82831675
3366,0.65,1,0.8044499810049239,2.1286473,1.8537469,0.77840316
3367,0.95,1,0.8399425802297594,2.5891008,2.3640294,0.83705974
3368,0.975,1,0.8260813690592171,2.3684602,2.1409998,0.96270686
3369,0.625,1,0.7615058293654448,1.6700851,1.3667612,0.8008335
3370,0.775,1,0.7912659953041723,2.0035532,1.7023442,0.77920395
3371,0.65,1,0.776575148671755,1.8640529,1.5788774,0.7198566
3372,0.65,1,0.7887441250653069,1.9674764,1.7171437,0.81516767
3373,0.8,1,0.8375088168975404,2.516366,2.2904348,0.91649866
3374,0.875,0,0.8164692992363473,2.4557197,2.6902075,0.7836909
3375,0.525,1,0.7397052656619745,1.5295749,1.25264,0.3979574
3376,0.725,1,0.7879128841297116,1.9269929,1.657727,0.7273928
3377,0.825,1,0.8022093047127754,2.1116595,1.8445258,0.8151694
3378,0.925,1,0.8605248354783386,2.7896655,2.5468597,0.8675632
3379,0.825,1,0.7887380137986426,1.9601798,1.6871102,0.7735359
3380,1.0,1,0.8683233891098384,2.8856525,2.6926973,0.8778838
3381,0.8,1,0.8401688651822472,2.580411,2.401573,0.868622
3382,0.75,1,0.7821471557247609,1.9230112,1.6622531,0.64363223
3383,0.825,1,0.7916317396469501,1.9893359,1.7470006,0.80947405
3384,0.825,0,0.7793806109457,2.0117235,2.1461465,0.7785236
3385,0.85,0,0.7583331909903201,1.7093052,1.8556668,0.7757469
3386,0.65,1,0.6904225606733914,1.0326031,0.60126734,0.3950524
3387,0.95,0,0.8606350417668452,2.9360554,3.1965852,0.90879846
3388,0.775,1,0.8585193519077791,2.7871976,2.6074564,0.87721646
3389,0.95,1,0.8558581705445523,2.7168994,2.555057,0.96370864
3390,0.825,1,0.8287536963773705,2.3648362,2.1415534,0.9245953
3391,0.675,1,0.8632740202562788,2.8388517,2.6570077,0.85163665
3392,0.775,1,0.812216643183716,2.2268734,1.9618168,0.8314062
3393,0.7,1,0.8364844693746496,2.5471015,2.3517084,0.76649344
3394,0.85,1,0.8588574227118575,2.7871132,2.5921054,0.9164356
3395,0.8,1,0.8534220243429298,2.694937,2.5221956,0.91786987
3396,0.825,1,0.7788710761595223,1.8464772,1.5733966,0.72042483
3397,0.775,1,0.8005097198574778,2.1854086,1.913539,0.89155424
3398,0.675,1,0.8051713039703832,2.1876283,1.9273875,0.83281094
3399,0.95,1,0.8256483558825891,2.5002317,2.3070076,0.5938465
3400,0.825,1,0.8577708581937937,2.777276,2.571795,1.0271748
3401,0.9,1,0.7940643694740899,2.131177,1.8448082,0.5724464
3402,0.85,1,0.8081516720365929,2.1587315,1.9028194,0.8594507
3403,0.825,1,0.8731504992776795,2.9438002,2.7781963,0.9256166
3404,0.8,1,0.8190544311099108,2.4237134,2.176768,0.76251894
3405,0.825,1,0.8658208805260665,2.8865135,2.7030153,0.913813
3406,0.775,0,0.7436055948201199,1.5352345,1.6705899,0.65258175
3407,0.8,1,0.8254848963088095,2.3634758,2.1195946,0.8896106
3408,0.8,1,0.8417667278579852,2.573846,2.3753312,0.9312632
3409,0.6,1,0.8070262387708903,2.1438923,1.8760208,0.856983
3410,0.875,0,0.7683468256953587,1.9256756,2.0908785,0.6136216
3411,0.875,1,0.8554722984816321,2.7548008,2.5501175,0.90765464
3412,0.7,1,0.8287650405339824,2.4528122,2.240266,0.93095124
3413,0.575,1,0.7305823300627028,1.4278961,1.1514742,0.45067582
3414,0.8,1,0.8259482684008015,2.4550464,2.1864057,0.8500205
3415,0.85,1,0.8186825710904839,2.2912316,2.0304973,0.9040951
3416,0.9,1,0.825692932533867,2.3726964,2.1464653,0.8705701
3417,0.825,1,0.8298591264155001,2.458367,2.234697,0.84131634
3418,0.875,1,0.8075423988925474,2.1607366,1.8900943,0.86731195
3419,0.875,1,0.8073398632635713,2.1956253,1.9656894,0.70962554
3420,0.825,1,0.8465355480486243,2.662466,2.4654613,0.8977332
3421,0.925,1,0.8407007468911853,2.541083,2.275311,0.81176716
3422,0.85,1,0.7800402592075079,2.0808933,1.7812445,0.5576076
3423,0.7,1,0.8093952274011196,2.1619842,1.9059373,0.81534415
3424,0.775,1,0.8533521720937953,2.7114038,2.515248,0.86393154
3425,0.55,0,0.6993039868828222,1.1703622,1.2273409,0.5950087
3426,0.675,1,0.8173828777029597,2.2597637,2.0289936,0.8210625
3427,0.825,1,0.7766891210361755,1.877369,1.6567477,0.62128836
3428,0.9,1,0.8721419718275171,2.957268,2.7668672,0.98002636
3429,0.85,1,0.8222845023231968,2.3423953,2.0836968,0.8806679
3430,0.9,1,0.8149722826214526,2.266363,2.0384717,0.84422404
3431,0.85,1,0.7825496492381757,1.9639308,1.728185,0.7186434
3432,0.875,1,0.80816517382488,2.1929836,1.9018753,0.85419357
3433,0.8,1,0.8186714220182679,2.3379574,2.1003635,0.85988986
3434,0.925,1,0.8569969700770776,2.8160467,2.6410234,0.9067119
3435,0.85,1,0.7991406148704137,2.1600351,1.9587505,0.670157
3436,0.775,1,0.7966368538604187,2.0537598,1.7914137,0.8546787
3437,0.8,1,0.7904582426437565,1.9556279,1.6652169,0.83923095
3438,0.5,1,0.807603452377492,2.154561,1.9299484,0.8123533
3439,0.7,1,0.7740762494469375,1.9024884,1.6044214,0.62776095
3440,0.675,1,0.8126190899238603,2.223168,1.9661282,0.7939442
3441,0.9,1,0.7617079180175195,1.704552,1.3513744,0.73331064
3442,0.8,1,0.8080440596336174,2.1569924,1.8739038,0.9165508
3443,0.8,1,0.7815110546619789,1.898617,1.6190382,0.72930205
3444,0.825,1,0.819794157789701,2.312343,2.1314206,0.8839537
3445,0.9,1,0.8142554890290187,2.331355,2.137799,0.7599542
3446,0.925,1,0.8216456313726721,2.3723235,2.1257095,0.84518206
3447,0.825,1,0.8212225090014292,2.3240533,2.109096,0.9182927
3448,0.775,0,0.7682855779913002,1.7835974,1.9478626,0.80019253
3449,0.825,1,0.8460821909071923,2.6497324,2.4413068,0.8241818
3450,0.85,0,0.663240465016302,0.7460434,0.7447956,0.5255388
3451,0.85,0,0.7890816098906194,2.1110733,2.3942184,0.7629305
3452,0.875,1,0.8046635059460594,2.218902,1.9996669,0.7530884
3453,0.975,1,0.8120559470249842,2.189799,1.9612539,0.8182761
3454,0.95,1,0.8020797531075561,2.0906103,1.8062115,0.8392645
3455,0.8,1,0.8912791070877395,3.169521,3.0158849,1.028514
3456,0.65,1,0.7835451697982856,1.8892219,1.6010933,0.79826766
3457,0.775,0,0.8167239439048972,2.395787,2.6783319,0.91015923
3458,0.8,1,0.8195882055283843,2.271347,2.0467398,0.9139165
3459,0.975,1,0.8343370605143787,2.452067,2.2043948,0.87806934
3460,0.65,1,0.8272904327176748,2.4108093,2.205327,0.8969996
3461,0.7,1,0.8709590908610733,2.9649649,2.734,0.87307084
3462,0.7,1,0.7972016308125904,2.057978,1.7794951,0.88610715
3463,0.75,1,0.7468115494429073,1.4597653,1.1238258,0.6824361
3464,0.825,0,0.810976487365733,2.3409672,2.5914268,0.81603116
3465,0.9,1,0.8551157056754907,2.7543414,2.5837424,0.90457404
3466,0.875,1,0.7813934398934359,1.8564605,1.6138372,0.8624813
3467,0.825,1,0.7705895419194888,1.7558826,1.4742086,0.79096824
3468,0.875,1,0.7958818555166383,2.052378,1.7609718,0.7904585
3469,0.975,1,0.7528888329722712,1.6369348,1.3123299,0.631299
3470,0.775,0,0.7828762875952229,2.1012995,2.3396657,0.5085127
3471,0.75,1,0.8424586856721507,2.612113,2.393983,0.8826886
3472,0.8,1,0.8086606752730683,2.202012,1.9702244,0.70915717
3473,0.825,1,0.7723939063321928,1.7989733,1.4903506,0.7791967
3474,0.95,1,0.7858923415138053,1.9143345,1.6610584,0.8445988
3475,0.75,1,0.8108898656657029,2.2112913,1.9495801,0.8391275
3476,0.9,1,0.7005871097763909,1.177276,0.86376315,0.24726212
3477,0.675,1,0.8072415490297338,2.2122033,1.9781814,0.8566034
3478,0.85,1,0.847719230057076,2.6968737,2.4701185,0.96042573
3479,0.875,1,0.7658025518677581,1.7935312,1.520044,0.56594634
3480,0.625,1,0.8320608425783704,2.4548302,2.184427,0.8973688
3481,0.875,1,0.7965575066772652,2.0599284,1.7655284,0.82756203
3482,0.725,1,0.810247461460148,2.196556,1.9035177,0.7698985
3483,0.875,1,0.819418873325868,2.3005338,2.020434,0.7713929
3484,0.875,1,0.775573054776888,1.8248757,1.6169726,0.7219493
3485,0.85,1,0.7926498060856406,2.0045772,1.7565609,0.82298505
3486,0.825,0,0.7863203266119337,2.0064573,2.1850085,0.80390435
3487,0.7,1,0.80861252415173,2.1646826,1.9145186,0.82126087
3488,0.825,0,0.8014806776496584,2.252161,2.4704185,0.8193966
3489,0.9,1,0.7529882784331126,1.6023179,1.2693822,0.71654195
3490,0.825,0,0.8207581327195665,2.4797864,2.7025814,0.86756676
3491,0.725,1,0.789854309038883,2.072946,1.8523815,0.66880167
3492,0.9,1,0.8450781807831009,2.6009707,2.4081647,0.856989
3493,0.725,1,0.754345976712738,1.5593029,1.2534127,0.7593054
3494,0.8,1,0.7930695396475269,2.0935054,1.8182957,0.7239058
3495,0.9,0,0.774021520937676,1.9176402,2.107257,0.8069411
3496,0.8,1,0.8415059865530593,2.6124392,2.4108925,0.80727565
3497,0.9,0,0.8167244953322479,2.4060602,2.598452,0.8829857
3498,0.8,1,0.7754688523611561,1.9370276,1.6637461,0.6611252
3499,0.625,1,0.8375260091332224,2.5052667,2.2567558,0.81891114
3500,0.8,1,0.8020953493793455,2.0833998,1.8098412,0.77496535
3501,0.7,1,0.8126206858470864,2.2276318,1.9440253,0.80445045
3502,0.675,1,0.7603345125229115,1.7118392,1.4033935,0.5794707
3503,0.775,1,0.8397908311799807,2.566512,2.3754518,0.80702275
3504,0.65,1,0.7698005449528349,1.8745819,1.6061245,0.5811867
3505,0.8,1,0.8349033497802505,2.4968781,2.306788,0.8504622
3506,0.65,1,0.7792421888260467,1.9656436,1.6980193,0.6697656
3507,0.875,1,0.8282067238690061,2.4578776,2.2442951,0.85621
3508,0.775,1,0.8243687674745843,2.3693705,2.1131775,0.9048346
3509,0.825,1,0.8160014591077813,2.2489574,2.0503774,0.8987451
3510,0.85,1,0.8269574915563362,2.4402819,2.2147284,0.876879
3511,0.725,1,0.7581555101298154,1.5935175,1.2957768,0.765577
3512,0.8,1,0.8655564248871045,2.8611693,2.6747262,0.9415778
3513,0.825,1,0.8217276265155024,2.2901642,2.033681,0.9290192
3514,0.875,1,0.7684025806165654,1.7367153,1.458442,0.68143576
3515,0.65,1,0.8212831584936882,2.3871765,2.159981,0.81395984
3516,0.725,1,0.8439447928992163,2.6005206,2.400656,0.8600273
3517,0.9,1,0.7432067669006113,1.5142255,1.1655358,0.6469594
3518,0.85,1,0.8661020423096464,2.8622913,2.6894095,0.902117
3519,0.85,0,0.745920721740737,1.741199,1.8502802,0.602282
3520,0.725,0,0.7686948997639242,1.8871567,2.0551634,0.69504344
3521,0.525,1,0.7776177957873505,1.9256352,1.6883185,0.6474068
3522,0.875,1,0.8342094867847202,2.500708,2.3074524,0.87533045
3523,0.775,1,0.8389671036671562,2.558457,2.345416,0.91090864
3524,0.95,1,0.7829721749300463,1.9507457,1.588207,0.68715686
3525,0.7,0,0.8027954443108684,2.205532,2.38976,0.78451985
3526,0.85,1,0.8163630993855671,2.2440658,1.9824487,0.8613091
3527,0.725,0,0.7213788804779437,1.3901281,1.4991176,0.55523247
3528,0.775,1,0.7413011270427963,1.4702408,1.1526483,0.68443614
3529,0.85,1,0.815337109091081,2.2514544,1.9789605,0.8321981
3530,0.875,1,0.8382499747559415,2.574579,2.366734,0.87504363
3531,0.95,1,0.7993706259352003,2.072585,1.8074493,0.8294421
3532,0.875,1,0.7907899479021878,2.022094,1.797572,0.6977878
3533,0.725,1,0.81833573222028,2.2842717,2.0222416,0.9646049
3534,0.85,0,0.8273604502999207,2.5554838,2.8035994,0.8350357
3535,0.65,1,0.8049307095996754,2.1474319,1.8804713,0.79783124
3536,0.725,1,0.7776382553299821,1.9388415,1.6667832,0.65898126
3537,0.775,1,0.7805533634115087,1.8523661,1.5576135,0.76686496
3538,0.75,1,0.7525510528022501,1.6026595,1.3401372,0.6018608
3539,0.7,1,0.7726700140460032,1.7653264,1.4770422,0.82956225
3540,0.8,1,0.7581383585227508,1.6250627,1.3002827,0.78726536
3541,0.875,1,0.829252086143878,2.4182737,2.2004662,0.908307
3542,0.7,1,0.8528471523712516,2.7251616,2.5167973,0.87490344
3543,0.775,1,0.8397216538262005,2.507943,2.2860975,0.93339396
3544,0.85,1,0.8252034448540909,2.3754985,2.1574352,0.8964159
3545,0.8,1,0.7959587615295539,2.0369968,1.7424529,0.8751303
3546,0.8,1,0.7296251428056475,1.4449096,1.0937357,0.48564735
3547,0.775,1,0.8273408992317381,2.4484606,2.217144,0.8643645
3548,0.775,1,0.8634631559156647,2.8379064,2.6391675,0.99043685
3549,0.8,1,0.8384177415095275,2.585404,2.3785477,0.8232056
3550,0.675,1,0.8142730658155535,2.2635534,1.9958797,0.7924786
3551,0.9,1,0.8207875718589094,2.3387349,2.1038651,0.83730024
3552,0.65,1,0.7576812369579642,1.6152947,1.3106923,0.7141034
3553,0.95,1,0.8235171993461892,2.365665,2.125258,0.8831751
3554,0.875,1,0.8191601197021596,2.2871814,2.0732048,0.8496813
3555,0.825,1,0.8014157424960809,2.1042929,1.8282267,0.8190356
3556,0.825,1,0.8267711395149105,2.3836565,2.1419024,0.84950995
3557,0.725,1,0.7553773397731179,1.630992,1.3336829,0.6603562
3558,0.85,0,0.7631989710377108,1.8425896,2.068773,0.6749549
3559,0.75,1,0.7851159470507862,1.9366559,1.6349988,0.8162504
3560,0.825,1,0.7801880814213864,1.9292772,1.6252527,0.7142344
3561,0.8,1,0.79913175532379,2.059264,1.8052768,0.8370905
3562,0.875,1,0.8331397113573229,2.5226574,2.3198535,0.8548576
3563,0.9,1,0.8002452301053633,2.0864913,1.8084733,0.71774536
3564,0.825,1,0.7181356863252596,1.2490135,0.87536883,0.5634001
3565,0.675,1,0.8054719769342888,2.1134806,1.9122179,0.78178483
3566,0.75,1,0.8266903415810608,2.3933268,2.1574717,0.87826985
3567,0.7,1,0.7251405793576966,1.3298517,1.0228423,0.5544124
3568,0.85,1,0.7487937367539728,1.5845801,1.2488229,0.6089577
3569,0.6,0,0.6820208734126386,0.9246557,0.9664122,0.5672155
3570,0.775,1,0.7980429948791671,2.0792823,1.7740235,0.7786124
3571,0.8,1,0.8057566201804887,2.1623964,1.8933833,0.7921677
3572,0.775,0,0.7644658871518419,1.8407168,2.0387352,0.75661945
3573,0.825,1,0.8377062759608476,2.538689,2.3486953,0.8269812
3574,0.8,0,0.8076762610891568,2.3116293,2.5219235,0.9820831
3575,0.875,1,0.8131758950347128,2.2201066,1.9528767,0.80517
3576,0.7,1,0.8624378586974007,2.8309917,2.6572726,0.8356813
3577,0.775,1,0.8563780442659588,2.7427144,2.5715237,0.98538625
3578,0.775,1,0.8147730263775753,2.2315903,1.9766439,0.85167825
3579,0.9,1,0.7780071900474339,1.8092413,1.5842284,0.8583649
3580,0.9,1,0.8344695225641314,2.5044727,2.2106056,0.8260836
3581,0.55,1,0.7924177364790992,2.0331995,1.7827752,0.72186947
3582,0.75,1,0.7924329158788337,2.1281269,1.9250963,0.61993575
3583,0.925,1,0.7884703598381594,1.9333396,1.6220635,0.8365955
3584,0.825,1,0.8337642263151037,2.4590268,2.2094774,0.8321801
3585,0.825,1,0.8616979579148941,2.8045278,2.622195,0.8661239
3586,0.975,1,0.8455332703841166,2.6048412,2.420119,0.87189686
3587,0.9,0,0.7728338929368204,1.8616909,2.0179727,0.7373637
3588,0.775,1,0.8028640336032697,2.0963404,1.8622464,0.7862889
3589,0.825,1,0.8308882552160248,2.4870985,2.2686496,0.9154678
3590,0.875,1,0.8272855266604109,2.421463,2.1655278,0.8443776
3591,0.725,1,0.7969696525020331,2.0632572,1.8165619,0.8293919
3592,0.775,1,0.829725566277669,2.4524918,2.2504988,0.94221735
3593,0.625,1,0.8125171056832348,2.2132435,1.9731454,0.84438914
3594,0.7,1,0.7228077526441348,1.3713154,0.9720768,0.46683702
3595,0.9,1,0.8101421071232633,2.2218614,1.937568,0.8179018
3596,0.825,1,0.8347135777522408,2.4446428,2.2203107,0.911262
3597,0.875,1,0.8296204887199352,2.476135,2.259358,0.8920083
3598,0.9,1,0.7966397709138536,2.048574,1.7752665,0.79110116
3599,0.775,1,0.7911039101484455,1.9869133,1.7556974,0.6785105
3600,0.8,1,0.7509390366466953,1.6030334,1.3448286,0.6017454
3601,0.675,1,0.8058047903074861,2.1511726,1.8705416,0.8565838
3602,0.775,1,0.7882909448701836,1.9583913,1.6923201,0.79361075
3603,0.75,1,0.7887235451362477,1.9485238,1.6887895,0.7733734
3604,0.8,1,0.7907857971810446,1.9956833,1.6970011,0.7652933
3605,0.725,0,0.7385016457651437,1.5210538,1.6487013,0.637961
3606,0.85,0,0.8135990404013884,2.3677626,2.5919912,0.8408791
3607,0.75,0,0.7084957712144888,1.2172115,1.3302622,0.5803931
3608,0.725,1,0.7842062161492829,1.9050899,1.6041169,0.73233706
3609,0.875,1,0.8262636317403153,2.3603182,2.1460657,0.82549345
3610,0.775,1,0.866213440742763,2.878137,2.6894548,0.90115094
3611,0.8,0,0.8000073539110735,2.241826,2.4606638,0.86848855
3612,0.925,1,0.795410339379496,2.1349618,1.8529811,0.732162
3613,0.85,1,0.7456396329174069,1.5233045,1.1703875,0.5840457
3614,0.875,1,0.7757254304620975,1.8114188,1.5582986,0.85239786
3615,0.9,1,0.8041713127715315,2.136076,1.8861827,0.75381964
3616,0.8,0,0.7716782811844032,1.9571972,2.1428623,0.7605759
3617,0.8,1,0.8148954385469275,2.244592,1.9783591,0.8104665
3618,0.875,1,0.8584456802060625,2.793361,2.5767908,0.84317744
3619,0.825,1,0.7959538439961422,2.014245,1.7526525,0.868042
3620,0.6,0,0.732056282657445,1.4707087,1.5430329,0.6818139
3621,0.9,1,0.8155296970956266,2.2256522,1.9619856,0.88370436
3622,0.625,1,0.7649254663667246,1.7795134,1.5086836,0.65587187
3623,0.675,1,0.7315856857710809,1.4168853,1.1248367,0.56037134
3624,0.7,0,0.7912265593308154,2.1009243,2.3191085,0.8463898
3625,0.8,1,0.8378943729881694,2.544988,2.3523993,0.87782174
3626,0.775,1,0.8176663776204726,2.3042123,2.030206,0.7950025
3627,0.7,1,0.803915067476467,2.1764338,1.9268696,0.816568
3628,0.9,1,0.8237008162040771,2.4034076,2.1733828,0.85583663
3629,0.775,1,0.790971757588639,1.9760206,1.706366,0.7656017
3630,0.9,1,0.8061740527245692,2.180819,1.9143907,0.7828551
3631,0.825,1,0.8282646723037976,2.4207802,2.17239,0.90412164
3632,0.675,1,0.811861835606466,2.2391732,1.9672732,0.8178447
3633,0.75,1,0.7790634279728679,1.8511358,1.5676453,0.8380389
3634,0.825,0,0.7533547905762417,1.6366956,1.8068506,0.8225171
3635,0.875,1,0.7665949541287604,1.8086271,1.4847581,0.6225757
3636,0.75,1,0.8300923234529809,2.4739995,2.2492285,0.83990014
3637,0.75,1,0.815906524008169,2.2608852,2.0188396,0.83280796
3638,0.7,0,0.6994065994171661,1.0253792,1.1718231,0.63363343
3639,0.85,1,0.8196055341846316,2.3226414,2.119697,0.84301174
3640,0.7,0,0.7220875878647423,1.2657813,1.4107685,0.63273275
3641,0.775,1,0.820019483415685,2.3085506,2.0629725,0.85031724
3642,0.825,1,0.8194604366182372,2.3205945,2.091677,0.79767805
3643,0.9,1,0.7662896589380777,1.791523,1.5172855,0.53898627
3644,0.825,1,0.7931327804318348,1.996767,1.7309371,0.81430703
3645,0.65,1,0.8292015398759339,2.4166498,2.1562238,0.8477633
3646,0.875,1,0.7439551102491875,1.4385276,1.1182607,0.735521
3647,0.625,1,0.742425056552904,1.4907902,1.1788971,0.6400784
3648,0.9,1,0.8507550447828369,2.6539788,2.4285588,0.94139963
3649,0.9,1,0.8173145996544726,2.3393428,2.0909824,0.81693965
3650,0.625,1,0.7781820421681233,1.8136587,1.5252628,0.79785
3651,0.65,1,0.7672714426144123,1.7196369,1.4656645,0.69356126
3652,0.8,1,0.8490098650778023,2.630373,2.4359667,0.8289623
3653,0.85,1,0.8434883624135332,2.560936,2.338154,0.85109264
3654,0.725,1,0.8231482170789426,2.3433504,2.1249807,0.8265999
3655,0.775,1,0.7946816594003436,2.1114032,1.8313802,0.64591295
3656,0.85,1,0.8540058501005479,2.7168746,2.5717905,0.9391804
3657,0.925,1,0.8346534888609457,2.471197,2.209133,0.8354091
3658,0.875,1,0.8288042827036207,2.483631,2.317842,0.75683224
3659,0.8,1,0.7987800745601732,2.0764666,1.819163,0.8364633
3660,0.775,1,0.763246517315418,1.6788855,1.3500851,0.7236464
3661,0.975,1,0.8244696791974981,2.3414226,2.1107428,1.0261713
3662,0.8,1,0.7627101254621814,1.6933771,1.3784298,0.7536362
3663,0.875,1,0.7867621730460075,1.939353,1.6531224,0.81421405
3664,0.775,1,0.7840199329251873,1.890458,1.6049104,0.78115386
3665,0.925,1,0.8535509779040015,2.7339225,2.504702,0.8753456
3666,0.85,1,0.8711846868428526,2.9446135,2.6978486,0.91696346
3667,0.875,1,0.7448294497045882,1.4785728,1.185009,0.66411465
3668,0.825,1,0.7221670644007377,1.2394011,0.9312203,0.56532127
3669,0.8,1,0.814962869062704,2.3329213,2.0877135,0.70357835
3670,0.8,1,0.81535191152104,2.2583337,1.9876106,0.85492027
3671,0.875,1,0.8176459826497304,2.2754464,2.0392113,0.92672265
3672,1.0,1,0.8425560283547453,2.5557177,2.3120465,0.8315274
3673,0.975,1,0.7990708864503651,2.0536036,1.7628843,0.8301558
3674,0.925,1,0.8193410305348565,2.2797565,2.0403714,0.825624
3675,0.825,1,0.7141000722172698,1.1997361,0.9071668,0.43010774
3676,0.875,1,0.8422774828152289,2.6364489,2.4266014,0.90511227
3677,0.875,1,0.8060248028416274,2.170111,1.8815249,0.8504593
3678,0.75,1,0.8617241879879353,2.8410459,2.6401,0.9299815
3679,0.775,1,0.7953819142373542,2.0098896,1.740172,0.8857613
3680,0.875,0,0.7630970319830291,1.8047667,1.9557304,0.6899034
3681,0.6,1,0.8096448252327186,2.248391,2.0234647,0.79795367
3682,0.925,1,0.8777032744270523,2.9502635,2.7492075,0.8916287
3683,0.85,1,0.8268725731031656,2.388296,2.1542444,0.81117845
3684,0.9,1,0.8834411506681097,3.0937824,2.9018989,0.94883585
3685,0.775,0,0.7893443188333299,2.0503864,2.2501335,0.72079796
3686,0.725,1,0.8005008492746952,2.0917716,1.7970288,0.81372267
3687,0.875,1,0.8254359067986525,2.3525581,2.1436067,0.8840712
3688,0.875,1,0.857674012740496,2.7982445,2.5690858,0.8343224
3689,0.9,1,0.7523497743056676,1.5953761,1.2459584,0.63987297
3690,0.775,1,0.854965595136741,2.7402792,2.5211263,0.94942605
3691,0.625,1,0.7755514673864929,1.9010965,1.5843967,0.64291185
3692,0.9,0,0.8288334866750087,2.5522351,2.8367229,0.7931081
3693,0.775,1,0.8193950017360693,2.276274,2.0169845,0.86528856
3694,0.85,1,0.8468696743089643,2.6085784,2.3649855,0.8439741
3695,0.9,1,0.8101661282827239,2.1995473,1.9016894,0.90158546
3696,0.9,1,0.8923724405635624,3.1432524,2.9811788,0.89958805
3697,1.0,1,0.8348883415178423,2.483104,2.2277708,0.9900715
3698,0.725,1,0.7751774746963938,1.8007616,1.5036247,0.7602691
3699,0.575,1,0.70099139929439,1.081709,0.6760583,0.5616742
3700,0.85,1,0.7768311650657915,1.8989335,1.6327163,0.69302684
3701,0.825,0,0.7751093312022248,1.9403331,2.1235602,0.771384
3702,0.95,1,0.7827805342115354,1.9596779,1.6931677,0.62119323
3703,0.95,1,0.8612978205841084,2.834198,2.6184464,0.86849725
3704,0.675,1,0.8281546139475948,2.4660263,2.2249603,0.75061893
3705,0.825,1,0.8368530211057214,2.52313,2.318035,0.860337
3706,0.85,1,0.7982077575574101,2.0418885,1.7794088,0.8223856
3707,0.8,1,0.7891934143635596,1.9609333,1.6990781,0.778006
3708,0.825,1,0.8127715065711685,2.3165157,2.0874553,0.65121543
3709,0.725,1,0.8078227896713503,2.2411966,1.9714868,0.81590724
3710,0.975,1,0.8655778170535401,2.887623,2.6754181,0.82522106
3711,0.825,1,0.8525014200839818,2.740071,2.5461645,0.87840486
3712,0.8,0,0.8047178940639729,2.2517977,2.4730282,0.81159055
3713,1.0,1,0.7895087170978778,1.9728175,1.6862397,0.8017716
3714,0.8,1,0.8430827738954965,2.6393578,2.418252,0.82259095
3715,0.725,0,0.7495909381050837,1.60613,1.7529764,0.70122844
3716,0.9,1,0.804286030442843,2.1876433,1.9624746,0.77527654
3717,0.825,1,0.780362232284272,1.8522353,1.5922008,0.7314015
3718,0.725,1,0.7883190664765266,1.9456401,1.6616808,0.77054787
3719,0.9,1,0.8113943446809686,2.2273543,1.9496393,0.80227154
3720,0.875,1,0.777391438307402,1.8252848,1.5265818,0.79011446
3721,0.725,0,0.7311039035111432,1.4029485,1.5294994,0.6695084
3722,0.925,1,0.8274433273044092,2.4065762,2.1716769,0.94667083
3723,0.675,1,0.7929950049851652,2.0039837,1.747715,0.7807489
3724,0.75,0,0.745923865299151,1.563544,1.7219204,0.7244281
3725,0.9,1,0.8170066394290698,2.282915,2.036893,0.86585873
3726,0.825,1,0.8071397805486364,2.1560435,1.8993158,0.7821022
3727,0.525,1,0.7948903489458151,2.018466,1.7680796,0.83115274
3728,0.925,1,0.7619571714825539,1.8724896,1.6015748,0.47919732
3729,0.85,1,0.8403772501488629,2.563559,2.3670948,0.95138013
3730,0.7,1,0.7974912351722572,2.0684922,1.7775996,0.7983536
3731,0.825,1,0.8330821769941421,2.496452,2.2979703,0.83894324
3732,0.775,1,0.8260644463163359,2.4030466,2.1005487,0.8081327
3733,1.0,1,0.8757590248264313,2.9684606,2.7530007,1.0079061
3734,0.925,1,0.8713838827588332,2.9441733,2.7907338,0.9281951
3735,0.7,1,0.8483895556194943,2.670654,2.4830241,0.8799911
3736,0.85,1,0.8396624074133194,2.56803,2.3842592,0.8643367
3737,0.925,1,0.8541075117527439,2.6903105,2.4492924,0.8909322
3738,0.875,1,0.8424329695022263,2.5489962,2.3375714,0.8433408
3739,0.775,1,0.8351546106937016,2.5163207,2.310768,0.8780037
3740,0.875,1,0.8392187676332782,2.562056,2.3285518,0.87489736
3741,0.825,1,0.8516765772182184,2.7179635,2.5340638,0.8831459
3742,0.675,1,0.7823650808767808,1.9161367,1.630628,0.77078503
3743,0.725,1,0.8102698877257887,2.2454562,2.0214381,0.7744106
3744,0.95,1,0.8349037206167346,2.5020676,2.2377121,0.7976962
3745,1.0,1,0.7779002686347182,1.8540143,1.6047642,0.75244045
3746,0.975,1,0.8352339563143034,2.4735591,2.2741537,0.9076583
3747,0.85,1,0.7969064381269921,2.0307815,1.7408236,0.7704612
3748,0.775,1,0.7555748791138464,1.5874631,1.2721496,0.78702074
3749,0.7,1,0.8110040351869393,2.203369,1.945836,0.80571634
3750,0.575,1,0.8609379849908172,2.7862327,2.5528274,0.8002933
3751,0.625,0,0.758769622897352,1.7595117,1.9207146,0.7475638
3752,0.975,1,0.893648775471164,3.1881893,3.0044775,1.0072224
3753,0.925,1,0.8267913190403688,2.3751202,2.1652691,0.9069987
3754,0.625,0,0.7706524024228425,1.9652634,2.1704602,0.5759009
3755,0.75,1,0.7978887676029014,2.040156,1.7873101,0.7025883
3756,0.675,0,0.756521196253418,1.6779292,1.8618342,0.76011693
3757,0.9,1,0.819296197362492,2.323923,2.1018367,0.8864995
3758,0.85,1,0.7810301591686182,1.881229,1.5871844,0.81287485
3759,0.775,1,0.8421764168909894,2.579206,2.316728,0.883956
3760,0.775,1,0.8514295798489624,2.6931148,2.48446,0.92652655
3761,0.9,1,0.8536720507512379,2.747803,2.518369,0.83756924
3762,0.975,1,0.8596561455727969,2.8159385,2.6172547,1.0268625
3763,0.9,1,0.8604697846343503,2.830247,2.6611352,0.9195465
3764,0.775,1,0.8303770810649217,2.4407256,2.1984367,0.91273296
3765,0.825,1,0.8169867393083847,2.2951355,2.0136912,0.8553091
3766,0.9,1,0.8586240776637656,2.805361,2.6025848,0.8678093
3767,0.8,1,0.8459233049658359,2.6411471,2.4718976,1.0097693
3768,0.65,1,0.7790540287373603,1.8662003,1.5626109,0.72565657
3769,0.9,1,0.8155670953976123,2.2749608,2.0843747,0.8327379
3770,0.925,1,0.8918698443045802,3.1856985,2.9791439,0.9681816
3771,0.875,1,0.8110818798999708,2.2654014,1.9951591,0.80548716
3772,0.825,0,0.7548961503669822,1.6763604,1.8098115,0.7747582
3773,0.9,1,0.8406730545705684,2.5835829,2.3807058,0.8448417
3774,0.9,1,0.8646100167294293,2.8590128,2.6964839,0.9407964
3775,0.65,1,0.7941024281046689,2.0354495,1.7200007,0.75711805
3776,0.825,0,0.7499606753572349,1.7253251,1.856768,0.56691986
3777,0.975,1,0.821632648831615,2.3056905,2.0241227,0.8604607
3778,0.975,0,0.8324119274759516,2.6234403,2.8394737,0.7796593
3779,0.8,0,0.7604209727820536,1.8441235,1.9652727,0.6762317
3780,0.825,1,0.8722729250109877,2.9060345,2.7379043,0.9375981
3781,0.8,1,0.8300803696322858,2.4572682,2.2235093,0.8214083
3782,0.65,1,0.7939721160011985,2.0017865,1.7410907,0.7754052
3783,0.7,1,0.8288291725554449,2.4085789,2.180951,0.8516498
3784,0.925,1,0.8433127914423809,2.6014223,2.3947754,0.8572551
3785,0.875,1,0.8144412096423861,2.2357223,1.9809492,0.774516
3786,0.725,1,0.7997723198587384,2.0920644,1.8091192,0.75408584
3787,0.8,1,0.8513247072827688,2.6977606,2.4890084,0.9241265
3788,0.85,1,0.7769729635968495,1.7912569,1.5205184,0.7525912
3789,0.775,1,0.8232765613453545,2.400639,2.173447,0.84709966
3790,0.775,0,0.7046970378308356,1.2035995,1.259185,0.59440774
3791,0.725,1,0.7631587373203818,1.766877,1.4224187,0.67273647
3792,0.575,1,0.8299414410992416,2.4310703,2.167651,0.78627115
3793,0.775,0,0.8205513440157106,2.405196,2.7050774,0.9001277
3794,0.675,1,0.8413802921610684,2.6210196,2.4086404,0.7815654
3795,0.75,0,0.7347460534765831,1.4553994,1.5743463,0.6647883
3796,1.0,1,0.8096109982132258,2.240192,1.982508,0.73492455
3797,0.825,1,0.8003949476903376,2.2193222,1.9946074,0.6492585
3798,0.825,1,0.8444677524911862,2.611723,2.3985481,0.8992032
3799,0.725,0,0.7616591421208818,1.8644147,2.0414388,0.51199865
3800,1.0,1,0.8798599791378343,3.033711,2.8471575,0.86494464
3801,0.65,1,0.7686401282996599,1.7432848,1.5029784,0.67433184
3802,0.8,1,0.7945973424218126,2.0330715,1.7425354,0.8036552
3803,0.7,1,0.7867328884040994,2.0401921,1.7906061,0.74402785
3804,0.575,1,0.7913473508172746,1.9693561,1.7095938,0.83574003
3805,0.975,1,0.8434731325792016,2.5739164,2.3392148,0.91615564
3806,0.75,1,0.7954198605924769,2.0528166,1.7438738,0.7779516
3807,0.875,1,0.822979154722759,2.3873677,2.1518972,0.7013766
3808,0.825,1,0.7754770461670761,1.8231653,1.5080271,0.7984928
3809,0.775,1,0.8218452776840931,2.3565235,2.1087666,0.7984925
3810,0.9,1,0.7799933817706559,1.8721474,1.6238602,0.72826284
3811,0.85,1,0.7940498633228353,2.08026,1.8558347,0.7662227
3812,0.65,1,0.8336721612034707,2.4803689,2.2922044,0.8739252
3813,0.825,1,0.8112065553147747,2.1969166,1.9525446,0.775412
3814,1.0,1,0.8286879345379163,2.4237838,2.2060578,0.9036391
3815,0.875,1,0.8561576271200959,2.7523131,2.5957017,0.9275267
3816,0.575,0,0.6657739805716691,0.74378383,0.7933712,0.46820804
3817,0.725,1,0.8271864787486821,2.432506,2.2112293,0.8698147
3818,0.925,1,0.801743714230083,2.154231,1.8912208,0.77201957
3819,0.875,1,0.7296493768106798,1.4311829,1.1186495,0.5283873
3820,0.95,1,0.8764192988979554,2.9752011,2.8089848,0.8686454
3821,0.975,1,0.8170417894835007,2.2687907,2.0487056,0.88130397
3822,0.775,1,0.8352117669243401,2.4625382,2.2248545,0.9583611
3823,0.95,1,0.8496253662117195,2.6956248,2.4653873,0.85931194
3824,0.8,1,0.8505169345466217,2.631063,2.4139385,0.9200937
3825,0.675,1,0.8119163282946738,2.2103133,1.9339223,0.8557207
3826,0.925,1,0.7709875208357071,1.8240502,1.480446,0.785002
3827,0.85,1,0.8085563242754378,2.2055564,1.937313,0.81628746
3828,0.75,1,0.8171715004764354,2.3234477,2.1388936,0.70894814
3829,0.7,1,0.8149060519382688,2.2525163,1.9915624,0.8585738
3830,0.725,1,0.8019514627728688,2.0952272,1.8127214,0.8516446
3831,0.6,1,0.7500980907004808,1.5997217,1.3276186,0.68007416
3832,0.875,1,0.8674647361781969,2.8985195,2.7049503,0.86861396
3833,0.775,1,0.7941654813242917,2.0125818,1.7194796,0.7511597
3834,0.925,1,0.888025354265498,3.1762087,3.0159369,0.90090984
3835,0.55,1,0.7757898151571565,1.8103169,1.5375378,0.7471032
3836,0.725,1,0.8104723497129842,2.1852138,1.9108024,0.8561458
3837,0.775,1,0.8083142109320568,2.1753263,1.8823727,0.76970965
3838,0.7,1,0.7922602568274899,2.0508218,1.7352765,0.7484785
3839,0.925,1,0.8245918237468,2.39654,2.1955535,0.875468
3840,0.775,1,0.8416393258225963,2.567534,2.3244908,0.91481346
3841,0.85,1,0.848790245629686,2.6631222,2.4579911,0.8378153
3842,0.825,1,0.8661891953442954,2.8823018,2.6927433,0.8661618
3843,0.85,1,0.8398425480487846,2.5573027,2.3346677,0.94199353
3844,0.875,0,0.8224368798278716,2.4984374,2.7387474,0.82190704
3845,0.775,1,0.7654787314960738,1.7007682,1.4034865,0.80618733
3846,0.825,1,0.8290744042246322,2.4322588,2.2315469,0.85094154
3847,0.825,0,0.7404505637097495,1.4849501,1.5994728,0.759625
3848,0.75,0,0.7055789864172795,1.3062176,1.4073665,0.48628265
3849,0.975,0,0.7628945346588567,1.8095598,1.959338,0.7532051
3850,0.825,1,0.7850585913674368,1.9055681,1.6246885,0.7648572
3851,0.8,1,0.7672670422667358,1.706665,1.449078,0.7324263
3852,0.7,1,0.8421614636855693,2.526726,2.3110087,0.9402202
3853,0.7,0,0.7551318075286815,1.6713418,1.8205401,0.75133485
3854,0.825,1,0.8532005308867463,2.7230148,2.5238233,0.8805137
3855,0.55,1,0.816362553823949,2.247561,2.0197916,0.8653127
3856,0.825,1,0.7957880249874374,2.1082718,1.8381615,0.74989367
3857,0.7,0,0.7567873560387174,1.8289793,2.0034857,0.70468915
3858,0.75,1,0.8215147628833246,2.2951698,2.051786,0.8847218
3859,0.675,1,0.8789301377945322,3.036469,2.8163185,0.98368883
3860,0.625,1,0.7344988514891597,1.3950634,1.0324669,0.5723906
3861,0.625,0,0.737040294226172,1.5049903,1.6834476,0.71308196
3862,0.725,1,0.78170293059542,1.8843528,1.640967,0.71579117
3863,0.95,0,0.7882062158228531,2.03547,2.210868,0.7745191
3864,0.825,1,0.7562886970670712,1.6015356,1.2540901,0.7493812
3865,0.8,1,0.7862266487761314,1.8931296,1.6329715,0.822108
3866,0.85,1,0.8404924193573118,2.5504382,2.2917037,0.8804925
3867,0.85,1,0.8036870057980139,2.1880703,1.9847806,0.67872846
3868,0.775,1,0.8146377153935377,2.3238926,2.0590632,0.8493129
3869,0.775,1,0.7958045093603704,2.0936666,1.8061528,0.865876
3870,0.775,1,0.7928192880377127,1.9945987,1.7250566,0.825113
3871,0.725,1,0.7887893621231378,2.08898,1.869975,0.59096366
3872,0.9,1,0.8352727221150407,2.46862,2.2282944,0.8678019
3873,0.875,1,0.7731032586985506,1.8905468,1.5924845,0.6667198
3874,0.9,1,0.8203587071621152,2.387612,2.196145,0.6529664
3875,0.85,1,0.7990815405872082,2.049881,1.8176329,0.85113996
3876,0.825,1,0.8118308454804564,2.2521868,2.0067792,0.79823655
3877,0.975,1,0.8632869461578614,2.8070288,2.6061573,0.97051406
3878,0.675,1,0.7996546357976047,2.078972,1.8202709,0.850372
3879,0.7,0,0.7025470325659445,1.170542,1.2180877,0.6040367
3880,0.875,1,0.8566696892145569,2.7907553,2.571848,0.9066531
3881,0.75,1,0.8400626798853694,2.5925632,2.3529816,0.8551526
3882,0.6,0,0.7617484607360634,1.7442452,1.9436876,0.7148841
3883,0.6,0,0.7196461912861063,1.3570282,1.4452882,0.663011
3884,0.85,1,0.831648367901942,2.550864,2.318079,0.8125477
3885,0.8,1,0.8714844184096304,2.9453423,2.7507415,0.9265585
3886,0.925,0,0.7215688873273495,1.5287733,1.6249223,0.4266391
3887,0.7,1,0.8245896612833752,2.3726144,2.115221,0.7782584
3888,0.975,0,0.8059417415398635,2.2473168,2.4624748,0.86498004
3889,0.825,1,0.8109964281072051,2.201381,1.9548112,0.78026253
3890,0.875,1,0.7796818596441342,1.8531344,1.5454752,0.77939934
3891,0.85,0,0.8120708257835139,2.3694775,2.6126022,0.80985737
3892,0.875,1,0.7721716508590509,1.8254955,1.5405401,0.681041
3893,0.95,1,0.7538885228631502,1.7099113,1.4281363,0.5084137
3894,0.825,1,0.8143214322981269,2.2946467,2.068966,0.77624357
3895,0.75,1,0.8086780425127693,2.2579877,1.9846661,0.7888372
3896,0.85,0,0.7877303243759259,2.032063,2.1987853,0.83325845
3897,0.9,0,0.8114603865071186,2.3686743,2.6096082,0.74827826
3898,0.775,0,0.8000714824387944,2.166391,2.3795424,0.7865162
3899,0.875,1,0.7410228551743113,1.475468,1.1500793,0.6151907
3900,0.875,1,0.8029890296482761,2.2230864,1.9418662,0.7487154
3901,0.85,0,0.8008388212691695,2.2332385,2.4313087,0.7402528
3902,0.875,1,0.8077128359377137,2.2142553,1.9610991,0.8144101
3903,1.0,1,0.8064598950643689,2.2151585,1.977464,0.67464864
3904,0.875,0,0.775466266322229,1.9447453,2.1266441,0.73099446
3905,0.825,1,0.8474573959093883,2.6527452,2.4488225,0.902342
3906,0.825,1,0.8024811262009621,2.1010013,1.8238235,0.82913953
3907,0.95,1,0.842929149613591,2.5892396,2.3761106,0.8940469
3908,0.75,1,0.7933147352978445,2.0156064,1.7059442,0.8801903
3909,0.85,1,0.8174435302961014,2.257175,2.015262,0.8225884
3910,0.7,1,0.7746687023242336,1.8319964,1.5313619,0.7161472
3911,0.675,0,0.6982490444762142,1.2599163,1.379334,0.3866833
3912,0.8,1,0.8587643025165024,2.7497325,2.5384169,0.95952743
3913,0.875,1,0.8498236937557525,2.718686,2.4880986,0.90965843
3914,0.85,1,0.8038301440114054,2.138568,1.8466069,0.77577335
3915,0.625,1,0.8309822353310594,2.4365573,2.1958122,0.8246693
3916,0.725,1,0.8436337078764391,2.6073616,2.3467646,0.88246524
3917,0.85,1,0.8571295765206439,2.781162,2.647374,0.8673352
3918,0.675,1,0.8425665410246728,2.5627365,2.3067021,0.858978
3919,0.775,1,0.8497336936192119,2.7145238,2.5178566,0.9279484
3920,0.875,1,0.8504235298629776,2.7207723,2.4986508,0.86311543
3921,0.7,1,0.7984625289566878,2.0486393,1.7948258,0.8424297
3922,0.75,1,0.7994881505958942,2.199749,1.9380414,0.7155696
3923,0.9,1,0.8049353500052445,2.1158648,1.8706506,0.83245033
3924,0.725,1,0.7360939826048648,1.4539721,1.1506003,0.4599763
3925,0.775,1,0.7924550075705036,1.9939692,1.7235748,0.8020858
3926,0.95,1,0.8345538990008685,2.5314846,2.2969825,0.840522
3927,0.975,1,0.788983177409281,1.9365532,1.6666578,0.79868853
3928,0.625,0,0.7020103895262906,1.1726145,1.3023506,0.5233946
3929,0.9,1,0.7821543762786352,1.8978164,1.6437819,0.78313035
3930,0.775,0,0.8072062899779869,2.2996569,2.5289164,0.7802409
3931,0.875,1,0.7961560812146861,2.0242248,1.7554402,0.8022694
3932,0.95,1,0.8342473320147936,2.4971337,2.2242348,0.86419356
3933,0.85,1,0.8236095575141593,2.4044654,2.148741,0.86892134
3934,0.825,1,0.9049706912604837,3.3061175,3.1391983,0.92328984
3935,0.85,1,0.796664688663594,2.0299292,1.7434921,0.78073156
3936,0.625,0,0.7930168713265446,2.0967817,2.3072824,0.85788757
3937,0.9,1,0.797178322039053,2.149053,1.8604331,0.71469486
3938,0.925,1,0.7858659276594036,1.9252373,1.6316475,0.83847183
3939,0.85,1,0.8399606265664539,2.66253,2.4533005,0.83619726
3940,0.8,1,0.7446307253734015,1.5297755,1.2289782,0.5914002
3941,0.85,1,0.7989562666287486,2.1100874,1.8115695,0.8211773
3942,0.7,1,0.8161604430663029,2.2711835,2.0176892,0.77077526
3943,0.8,1,0.8745978595548676,2.9856446,2.8461192,0.89532423
3944,0.825,1,0.8123452129231765,2.2259402,1.955472,0.8659653
3945,0.775,0,0.7148067909109246,1.2781322,1.3670864,0.6235982
3946,0.6,0,0.717718548060946,1.2401887,1.343647,0.6703197
3947,0.8,1,0.8108735026088284,2.26375,2.0852666,0.70465684
3948,0.8,0,0.7128427959732557,1.3273581,1.4049023,0.58125335
3949,0.675,1,0.8256235414365822,2.3875523,2.1487064,0.9094321
3950,1.0,0,0.8061520432226718,2.3016567,2.4819748,0.80673337
3951,0.725,1,0.738277284750869,1.5018953,1.2944263,0.44221294
3952,0.85,1,0.8573763200126929,2.7922904,2.5663471,0.8394192
3953,0.7,1,0.7888164519295531,1.9757563,1.7023357,0.77469486
3954,0.875,0,0.7834666859450592,2.0435493,2.2457523,0.8656788
3955,0.875,1,0.8656945848054153,2.8226926,2.6483216,1.0129563
3956,0.925,1,0.8472312038833131,2.6662965,2.3911982,0.93650734
3957,0.75,1,0.8319787915319592,2.4888277,2.277379,0.81923795
3958,0.775,1,0.7778406591314256,2.0107543,1.7649655,0.6291112
3959,0.775,1,0.7434467315857523,1.4535067,1.2032158,0.67349595
3960,0.75,1,0.7906303262957143,1.9801227,1.6910526,0.8000284
3961,0.9,0,0.7446487418051742,1.5640602,1.675651,0.72779757
3962,0.975,1,0.8029998505696488,2.1563444,1.9199944,0.74361175
3963,0.9,1,0.8547726285208647,2.7494903,2.5502326,0.9398943
3964,0.9,1,0.7990559526292305,2.106746,1.8814251,0.79041964
3965,0.875,0,0.7609041659715166,1.7286146,1.9061227,0.83709043
3966,0.725,0,0.7602506445598692,1.7292461,1.8643595,0.80644494
3967,1.0,1,0.7707180164075075,1.9507923,1.7130452,0.37722728
3968,0.85,1,0.7594138589585075,1.7235875,1.4622922,0.5241669
3969,0.8,1,0.8714430052093374,2.9461694,2.764176,0.84457314
3970,0.8,1,0.8293473303475793,2.449517,2.2560947,0.8523879
3971,0.8,1,0.8146396666873784,2.2503848,1.9732513,0.8700686
3972,0.825,0,0.8230930377429827,2.4889789,2.7292356,0.90653384
3973,1.0,1,0.7999371479595604,2.1816995,1.8999158,0.6794284
3974,0.9,1,0.8432216150301808,2.6081452,2.4117079,0.8829155
3975,0.875,1,0.8022853987080107,2.2428486,1.9923491,0.73068416
3976,0.9,1,0.8316301270086353,2.4541645,2.2490969,0.9133009
3977,0.575,1,0.7715293283677068,1.7579172,1.5098407,0.6961708
3978,0.875,1,0.7994686155888051,2.1312265,1.8633792,0.78618217
3979,0.675,1,0.7648886877778809,1.8168845,1.5411341,0.72437453
3980,0.575,0,0.7405115164253379,1.5868263,1.7308526,0.6118716
3981,0.925,1,0.8616611313152374,2.8243585,2.603609,0.88947403
3982,0.925,1,0.8536498324966605,2.672525,2.4687052,0.88247854
3983,0.725,1,0.7714889388060784,1.8425443,1.5709398,0.6631445
3984,0.7,0,0.7164141420331084,1.3210504,1.4374809,0.5422887
3985,0.775,1,0.8074241478267313,2.1479225,1.8707324,0.9020458
3986,0.875,1,0.8434707547181881,2.5612826,2.3229094,0.89604646
3987,0.925,1,0.8168216727640936,2.2607102,2.0002131,0.8344479
3988,0.9,1,0.8227491746015472,2.3796873,2.1220708,0.8454147
3989,0.9,1,0.8049263413218133,2.1779304,1.9669943,0.6533902
3990,0.85,0,0.7875174694240875,2.0992947,2.2879505,0.75062454
3991,0.675,1,0.831150042641885,2.4269304,2.1950688,0.80314153
3992,0.875,1,0.8283524074855962,2.4553242,2.2196903,0.8365719
3993,0.675,0,0.788360213612666,2.0907588,2.256031,0.84806645
3994,0.825,1,0.804354929225784,2.128223,1.8659352,0.8438109
3995,0.975,1,0.7590275979618641,1.7464867,1.4535229,0.52569646
3996,0.8,1,0.84695476666628,2.5696495,2.3612933,0.9138067
3997,0.875,1,0.8581659556115242,2.766547,2.5947585,0.9984695
3998,0.8,1,0.7829211780737205,1.8799586,1.5738381,0.7446515
3999,0.9,0,0.745856562832542,1.5667914,1.741051,0.7474587
4000,0.775,1,0.8172126320456732,2.26199,1.9889767,0.8361855
4001,0.65,0,0.7533169993584408,1.6964273,1.8184745,0.711531
4002,0.75,0,0.6736599234012579,0.8812957,0.91630423,0.4403009
4003,0.75,1,0.7796835782379297,1.8367136,1.5739326,0.842286
4004,0.825,1,0.8100560126108988,2.2611787,2.04598,0.84428406
4005,0.8,1,0.8256713175876469,2.3604398,2.1295915,0.9429756
4006,0.85,1,0.8189611218820394,2.2691026,2.0691714,0.8962155
4007,0.75,1,0.7965581412489605,2.1231396,1.8672001,0.68181366
4008,0.7,0,0.7035209024671707,1.1312916,1.241722,0.58445436
4009,0.725,1,0.8026275704183832,2.1226254,1.8585392,0.8164665
4010,0.9,1,0.7838466345877511,1.9313459,1.7169195,0.68842924
4011,0.75,1,0.8299218701651113,2.4945552,2.2939367,0.75197953
4012,0.65,1,0.8025980915214885,2.069957,1.8341848,0.7955908
4013,0.55,0,0.6997597756453694,1.0294938,1.2038047,0.5544737
4014,0.85,0,0.7405246002409012,1.5173148,1.6537862,0.6204421
4015,0.725,1,0.8566974132591163,2.7989373,2.5715919,0.951778
4016,0.975,1,0.7649822870844429,1.6813807,1.3677404,0.7537131
4017,0.75,1,0.8108719785655845,2.207954,1.9341706,0.83714217
4018,0.825,1,0.8001627374453926,2.082761,1.8200418,0.8994189
4019,0.85,1,0.739560361697186,1.5482547,1.3253281,0.27810875
4020,0.75,1,0.7960083386190407,2.0292807,1.7554255,0.78105193
4021,0.8,1,0.8583314461859743,2.7644575,2.5597186,0.90187585
4022,0.375,1,0.7981507774479932,2.173697,1.9304743,0.6197248
4023,0.975,1,0.7802389499930158,1.8199841,1.5682462,0.8173995
4024,0.775,1,0.886428789701682,3.130674,2.9509149,0.8800347
4025,0.75,0,0.7066881756136805,1.1858212,1.2679594,0.65520066
4026,0.825,1,0.8381395000657491,2.5325541,2.3228145,0.8469394
4027,0.85,1,0.7558876075873535,1.5867136,1.299012,0.66152626
4028,0.975,1,0.8138114122999971,2.258102,2.00429,0.98453826
4029,0.7,1,0.8345609274931505,2.52942,2.294273,0.8969965
4030,0.825,1,0.7868986554230071,2.0677094,1.8427951,0.64318955
4031,0.6,0,0.7687513505659855,1.9416031,2.1066875,0.7138777
4032,0.725,0,0.7493090907632043,1.6665984,1.7451054,0.8155151
4033,0.9,1,0.8283365218248189,2.534399,2.3305843,0.6955022
4034,0.825,0,0.7042804223730494,1.1573843,1.2198228,0.5186468
4035,0.9,1,0.811364360372312,2.220399,1.9466097,0.87886757
4036,0.85,1,0.7990999784592252,2.073051,1.7966822,0.81401294
4037,0.7,0,0.7559786387526998,1.7302577,1.9280382,0.6602533
4038,0.8,1,0.7821862856907671,2.00493,1.7084105,0.69768417
4039,0.85,1,0.7622846964949983,1.8772199,1.6359928,0.3590449
4040,0.775,1,0.8450469929979898,2.6610985,2.4406734,0.79676163
4041,0.825,1,0.8471972304053033,2.6359406,2.382452,0.8975733
4042,0.8,1,0.7993231234750222,2.2104475,1.9946063,0.70667046
4043,0.95,1,0.8485780266428629,2.696313,2.476329,0.8647469
4044,0.875,1,0.8303856936956797,2.43895,2.1971357,0.85043055
4045,0.775,1,0.8050335516466928,2.2196097,1.9527475,0.71805227
4046,0.8,1,0.8536087872928759,2.666428,2.4725122,0.92879385
4047,0.525,1,0.7590578554986632,1.7049634,1.4112606,0.55793947
4048,0.85,0,0.808568170742728,2.2738786,2.4508946,0.8755706
4049,0.625,0,0.6508056025168111,0.59924734,0.6717559,0.4261932
4050,0.8,1,0.8620849991631045,2.8126795,2.6628606,1.0253389
4051,0.85,0,0.7981562383574594,2.1641288,2.3359761,0.72556275
4052,0.7,1,0.8824128387829082,3.0823827,2.899849,0.8745463
4053,0.625,1,0.7949737690017816,2.1300561,1.8746043,0.5867482
4054,0.75,0,0.7818980716511785,2.0495522,2.2188478,0.85734
4055,0.9,1,0.8686533843493799,2.9053736,2.7639909,0.9016167
4056,0.65,1,0.7120890259548815,1.2235253,0.907169,0.40012357
4057,0.9,1,0.7949999578867408,2.0469813,1.7899662,0.75009173
4058,0.85,1,0.8345811778530314,2.4388003,2.2509875,0.9697002
4059,0.925,1,0.8337572839836391,2.5455868,2.285174,0.817839
4060,0.65,1,0.779626653090755,1.8519117,1.5975732,0.7536243
4061,0.75,1,0.7888675537149844,1.957673,1.6734341,0.7790958
4062,0.775,1,0.7812593945625497,1.88094,1.6207185,0.90490526
4063,0.825,1,0.8480441671334897,2.5985827,2.3796911,0.89639807
4064,0.8,1,0.8533284995910322,2.71669,2.5501447,0.9078748
4065,0.9,1,0.873952306049997,2.9743965,2.8075333,0.91325986
4066,0.675,0,0.7266626053555507,1.4407294,1.5131158,0.55022943
4067,0.825,1,0.8203201163662615,2.362984,2.1177573,0.8356286
4068,0.85,1,0.834842737768031,2.4713192,2.2596908,0.88514525
4069,0.775,1,0.830733911091669,2.4864025,2.2852843,0.78104043
4070,0.725,1,0.820425542248408,2.3592403,2.1297007,0.8327489
4071,0.9,1,0.836461802559449,2.5208898,2.303572,0.83782405
4072,0.775,1,0.8161667610500318,2.3172488,2.1163826,0.75969476
4073,0.85,1,0.8097885769984003,2.2510881,2.012429,0.8412689
4074,0.725,1,0.7451952077569733,1.5491943,1.2064472,0.6414264
4075,0.95,1,0.864162856504986,2.8805676,2.6908414,0.91647077
4076,0.65,1,0.7727439991313072,1.7872064,1.4750334,0.7152142
4077,0.85,1,0.8660301269894259,2.8572822,2.6661925,1.0010185
4078,0.75,1,0.768782217811091,1.7846951,1.4607483,0.7271095
4079,0.825,1,0.8172229800176342,2.3880634,2.1680079,0.75839984
4080,0.9,1,0.8362414983977168,2.4658864,2.2071128,0.9851348
4081,0.625,0,0.6882031458966137,0.91505635,0.9888344,0.60643435
4082,0.9,0,0.7583079939316519,1.7465103,1.9185464,0.70627975
4083,0.75,1,0.8072082821734294,2.1631522,1.9015316,0.8014948
4084,0.85,1,0.771845307039384,1.7594806,1.4447764,0.7744256
4085,0.775,1,0.8337259407432258,2.4963257,2.2761345,0.8433111
4086,0.775,0,0.7434948971758792,1.5858514,1.6936169,0.80260915
4087,0.75,1,0.8898516969852838,3.1601512,2.9496856,0.969713
4088,0.925,1,0.8598867252624772,2.8146617,2.5831861,0.8596629
4089,0.925,1,0.8302799758789465,2.431187,2.1651325,0.8543308
4090,0.85,1,0.8454906667406734,2.6395054,2.4198608,0.89981735
4091,0.575,0,0.7669919871168693,1.8185263,1.971774,0.6844401
4092,0.9,1,0.7901718485478492,1.9556035,1.673852,0.8556564
4093,0.875,1,0.8409501898722137,2.60252,2.375166,0.84706676
4094,0.775,1,0.815074015444065,2.2526817,2.0140426,0.86890453
4095,0.9,1,0.8726567965588949,2.992775,2.816749,0.8708887
4096,0.75,1,0.7843237174350265,1.8914257,1.6196978,0.8034639
4097,0.775,0,0.7157348956371711,1.2326808,1.3145006,0.6504801
4098,0.95,1,0.8522064934289069,2.6751833,2.4430408,1.0060372
4099,0.65,0,0.7549660691492524,1.6545935,1.8400577,0.6998176
4100,0.675,1,0.785317238533789,1.9157759,1.6364052,0.75789887
4101,0.85,0,0.804793563941317,2.2416356,2.4776363,0.76709294
4102,0.775,1,0.8068978571366912,2.1641912,1.9016336,0.7632014
4103,0.825,1,0.8152478906260257,2.230042,1.9905641,0.8679662
4104,0.7,1,0.8064406465910462,2.1583846,1.9151456,0.7806997
4105,0.975,1,0.8361168708426745,2.5406966,2.3297892,0.890527
4106,0.575,1,0.7739814460402756,1.7823337,1.4848984,0.744384
4107,0.925,1,0.7770676360936096,1.958269,1.7096232,0.7045785
4108,0.9,1,0.8203514651419763,2.3007164,2.0562181,0.82516855
4109,0.8,0,0.7962922808308613,2.132483,2.3193984,0.8110067
4110,0.725,1,0.822873010219533,2.3615224,2.1444662,0.73999494
4111,0.9,1,0.85172724368122,2.701487,2.523201,0.9856405
4112,0.75,1,0.815607671928124,2.211439,1.9944459,0.8467507
4113,0.875,1,0.850492328617775,2.7721083,2.5570457,0.71619105
4114,0.975,1,0.8898433413902032,3.1461906,2.9728408,0.8586232
4115,0.825,0,0.7670849012923704,1.8428532,2.0655298,0.8068134
4116,0.75,1,0.7991164848126636,2.1197736,1.942668,0.70700616
4117,0.7,1,0.7845082425881413,1.9110267,1.5989263,0.7594461
4118,0.95,1,0.8160703142054166,2.2341108,2.0024664,0.95528644
4119,0.775,1,0.7947027564955536,1.9912243,1.7194893,0.85742944
4120,0.95,1,0.8778084282793726,2.9989097,2.8292902,1.0387646
4121,0.85,1,0.7260954663425745,1.4092488,1.1120237,0.47445765
4122,0.825,1,0.8000135639211511,2.0873113,1.8097252,0.8271454
4123,0.65,1,0.7527914167363108,1.5578977,1.2151935,0.7953208
4124,0.6,1,0.7745374493912405,1.7751098,1.4849956,0.8529398
4125,0.925,1,0.8725239781363051,2.9842525,2.7710965,0.85711455
4126,0.725,1,0.8312034933927844,2.4238992,2.2184744,0.89186215
4127,0.9,1,0.782571823843698,1.9695185,1.7001587,0.5975226
4128,0.975,1,0.798482624782711,2.0673077,1.8027456,0.6503517
4129,0.8,1,0.8551978315088807,2.7456555,2.5607936,0.89415836
4130,0.8,1,0.790436709666652,1.9782672,1.6634301,0.7493951
4131,0.55,1,0.7265049518090483,1.3057066,0.9468844,0.5837602
4132,0.75,1,0.8771299954869463,2.9915285,2.8114953,0.8992633
4133,0.925,1,0.866066634457229,2.8898041,2.6831264,0.89625615
4134,0.975,1,0.7985452352850374,2.046312,1.7731904,0.8003033
4135,0.725,1,0.8192760862335096,2.2885323,2.0477362,0.8733112
4136,0.9,1,0.8145161643959202,2.2348344,1.9819199,0.83018917
4137,0.7,1,0.7953650417135547,2.0307276,1.7485762,0.7595312
4138,0.975,1,0.8005994559907774,2.0865645,1.7970821,0.78654367
4139,0.95,1,0.8614868664106885,2.863284,2.6509378,0.93149555
4140,0.825,0,0.7694152840971176,1.9019611,2.0743017,0.6663815
4141,0.8,1,0.8580669629054163,2.8073552,2.6034436,0.8164965
4142,0.775,0,0.6894601603495542,1.0246481,1.1284744,0.48981324
4143,0.95,1,0.7742400398978689,1.8544339,1.5159942,0.6275211
4144,0.675,1,0.7793415016224365,1.8422192,1.5283186,0.81475604
4145,0.75,1,0.7977255747489322,2.044654,1.7709225,0.79374844
4146,0.675,0,0.7911497137519041,2.1707432,2.3953393,0.8059501
4147,0.8,1,0.8561854921552183,2.777184,2.5780582,0.8608693
4148,0.85,1,0.857494158440214,2.7905047,2.6310647,0.9627754
4149,0.75,1,0.7857096881274402,1.9502181,1.6352907,0.7525032
4150,0.625,1,0.7713407210714781,1.8647208,1.5742267,0.64700013
4151,0.8,1,0.7716068848554876,1.8275793,1.4871596,0.6711041
4152,0.925,0,0.7606477751417475,1.7549686,1.9463971,0.68239295
4153,0.875,1,0.8228906787080706,2.3240662,2.0461168,0.9104534
4154,0.9,1,0.7705257475592313,1.7818695,1.5542989,0.7093368
4155,0.9,1,0.823095593517216,2.3542314,2.1238983,0.8186984
4156,0.725,1,0.8133629559061126,2.2267475,1.9556183,0.799556
4157,0.9,1,0.8454975963713536,2.5902467,2.3745267,1.0470535
4158,0.85,1,0.8345246990534334,2.4555938,2.2347612,0.84294325
4159,0.95,1,0.8780572246930263,2.9909055,2.8596513,0.94883347
