test_index,y_true,sa,raw_lr,raw_unweight,raw_weighted,raw_single_encoder
0,0.975,1,0.8021277958613071,1.9771724,1.8018936,0.06897071
1,0.85,1,0.8179325096687287,2.061366,1.9197967,0.64695656
2,0.775,1,0.7758620944657584,1.5488144,1.3832167,1.1271088
3,0.825,1,0.7983522122135368,1.7030349,1.5150553,0.8062993
4,0.8,1,0.8249880336795221,2.0977283,1.9163852,0.7457098
5,0.8,0,0.7610898924465173,1.4137046,1.7186458,0.8104322
6,0.925,1,0.8278332024527892,2.1234927,1.9199791,0.695799
7,0.7,0,0.7119405701078999,1.0273786,1.2838482,1.4212304
8,0.925,1,0.8302585257942381,2.1792622,2.0346794,0.85892534
9,0.725,1,0.8377297872828495,2.1401572,2.0069304,1.1268369
10,0.875,1,0.8297989179093643,2.1683736,2.035019,0.44641718
11,0.625,1,0.7905943160855747,1.7175523,1.5295646,0.5092329
12,0.7,0,0.7490576427644074,1.4088595,1.6654135,1.5068678
13,0.725,1,0.805475893061433,1.875463,1.6637862,0.48281232
14,0.825,1,0.794919726472121,1.7466569,1.5404122,1.0245136
15,0.875,1,0.7677339412897821,1.393071,1.1733514,0.9077234
16,0.85,1,0.7953462620767031,1.7118385,1.453496,1.3156986
17,0.875,0,0.8044976893078141,1.9621516,2.3034332,0.94934285
18,0.625,1,0.7943867719005877,1.8528507,1.5937655,0.8467897
19,0.775,1,0.7838152660741379,1.619043,1.4736416,0.68995774
20,0.9,1,0.8045964132920355,1.7586598,1.5537152,0.9749625
21,0.95,1,0.8177781517462408,2.0148833,1.8770847,0.72896576
22,0.9,1,0.804095169140545,1.9866023,1.8375947,0.8083867
23,0.975,0,0.8030223812154436,1.9804287,2.2712293,0.67581975
24,0.725,1,0.8086791429379023,1.8818598,1.6658952,1.1577032
25,0.8,1,0.7876964072283407,1.7101527,1.5285624,0.35126892
26,0.725,1,0.7467410454345587,1.2598163,0.9055973,1.3296645
27,0.8,1,0.8081980830476383,1.9395518,1.8120153,0.22339115
28,0.8,1,0.799850208081461,1.7831767,1.5858699,0.56738675
29,0.875,1,0.8532701277355059,2.4373035,2.2722018,1.0314088
30,0.7,1,0.8048970298353613,1.8345836,1.645062,0.09359208
31,0.875,1,0.8293255674020585,2.1818533,1.9956925,0.55942595
32,0.675,1,0.7152879501654451,0.867694,0.6562515,0.5705118
33,0.625,1,0.826347985021185,2.1372383,1.9194844,0.6993468
34,0.95,1,0.8444820715534357,2.3278964,2.184567,0.38329992
35,0.975,1,0.8600021570859324,2.5456975,2.4346983,0.19506106
36,0.95,0,0.7380312589871255,1.2316134,1.4989111,-0.016869277
37,0.8,1,0.8184131380598518,1.923655,1.752877,0.80372715
38,0.975,1,0.8481129887669148,2.4014256,2.3087769,0.71936095
39,0.975,1,0.8175579337519933,2.0430312,1.8636849,0.46922794
40,0.85,1,0.8594979117161632,2.5518992,2.404182,0.7344034
41,0.85,1,0.8426953638386787,2.3178318,2.1586936,1.0650399
42,0.725,1,0.8145922350759373,1.963985,1.7791612,0.6487433
43,0.9,1,0.8425607324331438,2.3691955,2.196881,0.4366049
44,0.75,0,0.7763000807334672,1.6175158,1.8669765,1.3021257
45,0.725,1,0.8110995539372827,1.9348309,1.8134315,0.40704402
46,1.0,1,0.8480219747191962,2.3325996,2.1360538,1.3248667
47,0.95,1,0.7915933399296382,1.8527112,1.585249,0.8513588
48,0.625,1,0.8091324250813671,1.9822109,1.8812813,0.799006
49,0.7,0,0.7604840172719857,1.4763955,1.8182902,1.2875971
50,0.9,0,0.8160529050236683,2.1197648,2.4537706,1.1011659
51,0.875,1,0.8090912779157231,1.8906012,1.6352726,1.174077
52,0.825,1,0.8445306947507722,2.283294,2.1163323,0.6189052
53,0.75,1,0.7999739047530241,2.037871,1.9331905,-0.28831282
54,0.925,1,0.7680807107832416,1.4808296,1.2917392,0.6149682
55,0.75,1,0.7984227634722223,1.7451304,1.588611,0.47847787
56,0.575,1,0.7287525134470557,1.0525274,0.89925194,0.9942075
57,0.625,0,0.7286504150127799,1.1095945,1.3302886,1.4260548
58,0.775,1,0.7982959007498156,1.8146172,1.6021833,0.6823896
59,0.825,1,0.8283095948146086,2.1422484,1.8661478,0.7224568
60,0.825,1,0.8062252971315609,1.8828326,1.698865,0.5177299
61,0.725,1,0.7645118527195555,1.4997113,1.1706393,1.0226587
62,0.675,0,0.7242718915382332,1.213722,1.4850174,0.9887763
63,0.95,1,0.8427125280598848,2.2840734,2.091561,0.66113985
64,0.925,0,0.7724410320510999,1.5065578,1.8655262,1.5151669
65,0.8,0,0.7224123672249059,1.1314808,1.3300867,1.5297712
66,0.875,1,0.8369080532278605,2.2400086,2.0449488,1.1855466
67,0.775,1,0.7989430260556909,1.8388637,1.647541,0.6380768
68,0.675,0,0.7569669635764075,1.4615331,1.6928102,1.5140046
69,0.775,0,0.7876536695383904,1.7976841,2.0965877,1.1562461
70,0.85,0,0.7417189334725021,1.2423108,1.5207307,1.06267
71,0.65,0,0.7913996658150638,1.7989249,2.1319065,0.99015677
72,0.85,1,0.8417605901049723,2.2661767,2.1197376,1.301997
73,0.925,1,0.7922866079210469,1.7645639,1.6307585,0.22932687
74,0.825,1,0.8644138363355279,2.5874946,2.4138076,0.63440716
75,0.85,1,0.847144674215753,2.410819,2.2671628,0.7760122
76,0.7,1,0.8502381489502634,2.4733863,2.3133116,-0.181618
77,0.825,0,0.8511559154946232,2.474668,2.8116984,1.3309745
78,0.675,1,0.7930416180228129,1.7154157,1.5728884,0.50350225
79,0.5,0,0.7150722632655476,0.94703555,1.2310926,1.135096
80,0.75,1,0.8118537125870016,1.8778532,1.770205,0.5373558
81,0.625,0,0.7304172038028907,1.1526172,1.3821476,1.2738748
82,0.725,1,0.8523752921156648,2.4163554,2.2040453,0.6051575
83,0.875,1,0.8522623368358324,2.431897,2.3290918,0.59429204
84,0.7,1,0.8216284307805571,1.9923172,1.8799978,0.8163713
85,0.825,1,0.8312943434752331,2.2040129,2.098875,0.6468133
86,0.675,1,0.7752704130968724,1.4807421,1.2243826,0.7477428
87,0.725,1,0.7906376486451575,1.7052877,1.511385,0.25889412
88,0.775,1,0.8301021849248154,2.1423452,1.8983386,0.8085998
89,0.825,1,0.8492607375075478,2.4464157,2.261918,0.07872501
90,0.975,1,0.8448009688418773,2.3563075,2.1406536,0.58953726
91,0.75,1,0.811398259911067,1.9496212,1.7464334,0.6743518
92,0.625,1,0.7981588522840859,1.7494285,1.5353352,0.658064
93,0.75,1,0.8297826795802123,2.1926336,1.9205272,1.2598274
94,0.725,1,0.815939505525266,1.9471556,1.8009291,0.88077044
95,1.0,1,0.8743916978172683,2.7255082,2.6192367,0.32064638
96,0.9,1,0.8101026414747425,2.10543,1.8593923,1.1179551
97,0.775,1,0.7749947477794106,1.5394493,1.3510907,0.33258727
98,0.75,1,0.7888786771134402,1.6897404,1.506588,1.0130903
99,0.9,1,0.852367373846719,2.421795,2.2173948,0.6172229
100,0.875,0,0.8517743968012222,2.5184898,2.844098,0.773605
101,0.675,1,0.8392374006173292,2.250098,2.0454717,1.0483212
102,0.825,1,0.773178451348689,1.6687655,1.3772544,0.836455
103,0.75,0,0.8121501776193534,2.1251087,2.41313,0.37977353
104,0.875,1,0.819335705595917,1.9827955,1.8324199,1.2402477
105,0.825,1,0.8008503377028267,1.9630164,1.7050333,1.0603416
106,0.9,1,0.8156650150919473,1.9249289,1.7090039,1.0045618
107,0.75,1,0.8175853553883893,1.9237056,1.6780229,0.9924791
108,0.775,1,0.8208718751420943,1.9532522,1.7271411,1.195
109,0.8,1,0.8349175777073539,2.183541,2.0480142,0.5084492
110,0.525,1,0.7595706459055244,1.44271,1.1636318,0.7740449
111,0.875,1,0.8653333616840241,2.5875697,2.4899354,0.33959278
112,0.675,1,0.7774304066305155,1.5418051,1.3537413,1.093906
113,0.85,1,0.8532571382360528,2.388999,2.1796446,1.1112865
114,0.85,1,0.8130720012221155,1.8804164,1.6184464,1.1814742
115,1.0,1,0.8413420688035518,2.3180728,2.1085567,0.93292284
116,0.9,1,0.8752017447701363,2.6748018,2.5676146,0.17976186
117,0.725,1,0.8370745964567208,2.1819623,2.0132709,1.0143923
118,0.9,1,0.8387735492371855,2.2564144,2.0960262,1.0214896
119,0.9,1,0.7755844856744989,1.5002851,1.2995524,0.8724611
120,0.95,1,0.7623724116821695,1.5920266,1.5158999,0.07714602
121,0.925,1,0.8692530771426401,2.7086053,2.6239052,0.2498568
122,0.8,1,0.8514023714338157,2.3772433,2.2113829,0.8652731
123,0.975,1,0.8200156020775231,2.0760686,1.8955007,0.28541628
124,1.0,1,0.8759406389126272,2.7017112,2.5029364,0.7744787
125,0.85,1,0.8315411430106897,2.1155145,1.9335845,0.93123853
126,0.775,1,0.8197648720169588,2.0258248,1.8405722,0.63641465
127,0.725,1,0.7888048247316248,1.6310391,1.4079907,1.0368814
128,0.9,1,0.8719897903355239,2.7073867,2.5614743,0.37042174
129,0.825,1,0.8166235037601374,2.0147438,1.8503487,-0.006954998
130,0.775,1,0.8086841180623485,1.8355258,1.5913563,0.7640525
131,0.65,0,0.7716614069897397,1.5329542,1.8169999,0.76842153
132,0.725,0,0.7402016666466837,1.3699365,1.5551175,1.3037755
133,0.6,0,0.6899072150067989,0.8090421,1.0029416,0.26843825
134,0.825,1,0.7918123880788721,1.8152121,1.6614977,0.74270225
135,0.875,1,0.8026198043211165,1.747798,1.5792471,0.61798704
136,0.725,1,0.8509517056463525,2.364452,2.2046137,0.9368974
137,0.8,1,0.8358908293609023,2.1568222,1.9921392,0.6603421
138,0.725,1,0.8623306003471104,2.5439117,2.3139746,1.4009824
139,0.875,1,0.8323880812728655,2.1337466,1.9634848,0.79298556
140,0.625,1,0.8044372013507102,1.827348,1.6533234,0.69338536
141,0.725,1,0.8117158177989892,1.827987,1.6407322,0.70155776
142,0.95,1,0.8521295940156169,2.439702,2.2581472,0.8912846
143,0.825,1,0.85138903418402,2.412715,2.2642279,0.61798394
144,0.9,1,0.8138919469699393,2.0032818,1.854841,0.44816747
145,0.725,1,0.7734970216076796,1.6465293,1.4137866,0.26058307
146,0.675,1,0.7570984287887856,1.3900805,1.2004304,0.5363126
147,0.825,1,0.8881371503435661,2.8918428,2.7754297,0.67636716
148,0.925,0,0.7956442521406017,1.9034617,2.315036,0.5155519
149,0.9,1,0.8127339674157699,2.0212853,1.7856808,0.26941934
150,0.675,0,0.7476467360929949,1.4401885,1.6725838,1.3465742
151,0.8,1,0.8026503832774707,1.805867,1.5619049,0.84905756
152,0.925,1,0.8930534111848898,2.8974662,2.7309084,0.96686184
153,0.75,1,0.7625396182239224,1.4775788,1.3127363,0.5672504
154,0.85,1,0.8605243987876644,2.557677,2.4354339,0.5605856
155,0.6,1,0.781410554121654,1.5736117,1.446564,0.8438109
156,0.85,1,0.869217313273103,2.6923594,2.5941038,0.5411669
157,0.875,1,0.838430487496149,2.2546036,2.0206022,0.9443122
158,0.8,1,0.7440314673221393,1.1733301,0.9575043,0.2702376
159,0.775,0,0.7254436813913776,1.074581,1.4502045,0.89439845
160,0.825,1,0.8299319020110953,2.0454834,1.8675239,1.1143527
161,0.8,1,0.8542798404326473,2.4605336,2.284916,0.53985965
162,0.9,1,0.8312448632297462,2.1258006,1.9192522,0.91523445
163,0.65,1,0.7245054012098747,1.044642,0.78723437,0.9702835
164,0.9,1,0.8603143895850685,2.5154853,2.310534,0.6232408
165,0.775,1,0.7886785379252338,1.6510642,1.4655929,0.8298335
166,0.8,1,0.7835696655493924,1.5770297,1.3858037,0.5438398
167,0.725,1,0.7946925061318459,1.7833359,1.6266305,0.7954321
168,0.95,1,0.8561078895773295,2.4997058,2.3086658,0.42079273
169,0.95,1,0.803037426144869,1.9078679,1.6980789,0.9288955
170,0.7,1,0.7930588848136109,1.7034498,1.5117924,0.49404278
171,0.75,1,0.8115673218511812,1.949057,1.6807051,0.8415519
172,0.925,1,0.8543117396192026,2.4450908,2.3123298,0.2659578
173,0.775,1,0.766193873815681,1.5522082,1.4101423,-0.044569403
174,0.725,1,0.7561228118650158,1.4524652,1.1896673,0.82397056
175,0.9,1,0.8006405697592948,1.8223999,1.5765853,1.1419156
176,0.725,1,0.796617596728177,1.6937087,1.4842522,1.062109
177,0.85,1,0.8209536348972251,2.0255165,1.9020691,0.8532815
178,0.825,0,0.7757484863022707,1.7704761,2.0225368,1.3222038
179,0.7,1,0.8210515076940145,2.0188766,1.8136508,0.8924556
180,0.825,1,0.7940913467114549,1.7160084,1.509242,0.8234117
181,0.975,1,0.8854075761655891,2.7440276,2.5617898,0.9025425
182,0.8,1,0.7721759152034291,1.4804795,1.3551352,0.26684192
183,0.575,1,0.7662381192138251,1.5775299,1.2917261,0.99049675
184,0.85,0,0.7358605764611195,1.2338958,1.5275414,1.0543748
185,0.825,1,0.7513239500838955,1.3528275,1.0703678,0.8875077
186,0.875,1,0.7955099350298732,1.7546897,1.5633769,0.47211567
187,0.775,1,0.6816564663235276,0.60427094,0.31516048,0.5085969
188,0.8,1,0.8317906076524751,2.2058277,2.06568,0.59574115
189,0.85,1,0.8391896747260565,2.2171047,1.9931893,0.668332
190,0.725,1,0.7388407678327723,1.2913098,1.1461391,-0.11031529
191,0.925,1,0.8011696773462904,1.7217667,1.5500705,1.0732242
192,0.9,1,0.8436664299639318,2.3008783,2.142822,0.8210646
193,0.8,1,0.7949733342269757,1.7841711,1.5727017,0.9675082
194,0.95,1,0.8143292795463872,2.007658,1.905031,0.15866849
195,0.75,1,0.8078296535464627,1.985347,1.7086447,1.3901285
196,0.95,1,0.8335921923866514,2.1329317,1.9409556,1.0087937
197,0.825,1,0.7956394320712791,1.7257048,1.604271,1.0465239
198,0.925,1,0.803709243140233,1.8572431,1.6817522,0.5580319
199,0.875,1,0.6984567220883348,0.8366113,0.66030985,0.049987823
200,0.675,1,0.7985494612646423,1.7485533,1.526607,1.01034
201,0.8,1,0.7415137460472261,1.2368548,0.89126474,1.1681223
202,0.725,1,0.8008493699430652,1.750154,1.5682414,0.8914795
203,0.95,1,0.8312158541802916,2.1344013,1.921282,1.1683528
204,0.875,1,0.8217603755388261,2.050651,1.8717886,0.6885649
205,0.825,0,0.755501630918519,1.3493257,1.6303889,1.1105016
206,0.9,1,0.8261656603963908,2.1118827,1.9093944,0.6492952
207,0.875,1,0.8511862838563551,2.4431236,2.3593485,0.59070814
208,0.8,1,0.7897660293425917,1.6674969,1.4728968,0.72505474
209,0.675,1,0.7548337631574848,1.3854215,1.1214788,0.77350163
210,0.625,1,0.7927792028730947,1.7682867,1.624208,0.4379467
211,0.725,1,0.8716927182978493,2.718467,2.597824,-0.08586517
212,0.75,1,0.830534090289451,2.2122414,2.0517552,0.76544416
213,0.75,1,0.7360697176379369,1.108606,0.96004057,0.93723774
214,0.975,0,0.7899338020307733,1.8980632,2.1453047,1.0893632
215,0.675,1,0.811815924578986,1.9643569,1.7609994,0.2168552
216,0.7,1,0.8043805118133021,1.8614674,1.6484065,0.7901858
217,0.625,1,0.7645278675168774,1.4855971,1.15764,0.9601582
218,0.875,1,0.7881086477019554,1.8460027,1.7162287,0.52796507
219,0.85,0,0.7260290409551193,1.168159,1.3800998,1.3084639
220,0.9,1,0.7969849186796476,1.7583323,1.5530562,0.5715803
221,0.825,1,0.7973587373052387,1.8610102,1.696119,0.49685332
222,0.85,1,0.8425889484990134,2.335091,2.1934934,0.6239494
223,0.925,1,0.8312671470550157,2.1490626,1.9278309,0.83310854
224,0.85,1,0.8379371942655529,2.2662628,2.0615678,0.38164535
225,0.825,1,0.7502898323627174,1.3182,1.0618402,1.0765369
226,1.0,1,0.8659825070643022,2.6021738,2.4536378,0.68501115
227,0.975,1,0.8747567243627613,2.6877503,2.5715222,0.4114984
228,0.8,1,0.853666404752196,2.4377959,2.2320247,0.5509666
229,0.85,1,0.8293853531570924,2.1075525,1.8461083,0.923272
230,0.725,1,0.772399995696168,1.5506588,1.3346543,0.55217505
231,0.825,1,0.8334296835716786,2.1032846,1.9878187,0.755674
232,0.8,0,0.8020844471463845,1.929841,2.3432934,0.7089665
233,0.975,0,0.8116393067340728,2.1564343,2.499697,1.2706269
234,0.7,1,0.8024789277821729,1.8732963,1.6618351,0.76830983
235,0.75,1,0.747341368815877,1.3802872,1.0579274,0.5622345
236,0.85,1,0.7846414146406874,1.6266255,1.3607295,1.0994847
237,0.925,1,0.8054802614058416,1.9151633,1.7840683,0.30541888
238,0.75,1,0.8236153999575361,1.9952257,1.8096046,0.6665641
239,0.95,1,0.8236780226130377,2.1382558,1.9541862,0.6335001
240,0.925,1,0.8116518953334029,1.9952235,1.7677308,0.82970035
241,0.8,1,0.7911403300599191,1.7061696,1.5422846,0.9644872
242,0.9,1,0.8578729870792499,2.4889228,2.3859556,0.26930866
243,0.95,1,0.7701320704976218,1.5905521,1.3460256,0.61016953
244,0.9,1,0.824126539025291,1.9947548,1.8216244,0.9350604
245,0.75,0,0.7106349230669656,1.0513685,1.1858304,0.49728194
246,0.825,0,0.7451099996800391,1.4075308,1.5158137,1.3832668
247,0.65,1,0.8135937138230097,1.9261304,1.7222786,1.0440516
248,0.775,1,0.8097637480624724,1.9363174,1.7424448,0.5647627
249,0.8,1,0.8539596061336694,2.4445195,2.2904108,0.7583823
250,0.975,1,0.7861810682586118,1.7882427,1.6031309,0.53622735
251,0.825,1,0.8571114812453935,2.4850936,2.360598,0.42208633
252,0.825,1,0.808989728484338,1.9606626,1.6569202,1.1719984
253,0.6,1,0.8543858589720351,2.5054858,2.3479934,0.6464354
254,0.7,0,0.7986297319987303,1.9203737,2.2584577,0.87161434
255,0.95,1,0.8455270575450112,2.3594363,2.1368198,0.7406393
256,0.775,1,0.823675241130251,2.1740232,2.025467,0.038103968
257,0.9,1,0.8280699332249197,2.0593853,1.8511224,0.7637931
258,0.875,1,0.8018955441125056,1.8341922,1.6415894,1.0449744
259,0.8,1,0.791855298365774,1.740882,1.5476918,0.33828464
260,1.0,1,0.837084485043511,2.204467,2.0282307,0.7620276
261,0.875,1,0.8087746349840159,1.8956159,1.7369686,0.7787976
262,0.95,1,0.8125796501945147,1.9104114,1.7060301,1.0285807
263,0.825,0,0.771240312960448,1.5530198,1.8916254,1.2299231
264,0.775,1,0.7978535400415226,1.8088381,1.5947862,0.96317005
265,0.95,1,0.8578316929810641,2.4991565,2.3422983,0.7925172
266,0.825,1,0.8023129275954813,1.9323739,1.8132292,1.0956604
267,0.725,1,0.7873191433677185,1.6376501,1.4495074,0.507342
268,0.8,1,0.821067150315207,2.0960464,1.9400116,0.18402305
269,0.85,1,0.8567687011896868,2.5178251,2.4331176,-0.0061253607
270,0.65,1,0.7662890377297588,1.4843255,1.3050888,-0.6278938
271,0.925,1,0.8470742968874574,2.3442848,2.1807015,0.84419477
272,0.95,1,0.7729067185831232,1.5222393,1.335619,1.1650733
273,0.85,1,0.8159067515125391,1.9863735,1.7759858,1.3867422
274,0.725,0,0.7172754152224865,1.0254322,1.2158172,1.2382296
275,0.95,1,0.8179669765206803,1.9848104,1.8165419,1.0652623
276,0.95,1,0.83097284319532,2.1793,1.9936296,0.6868514
277,0.7,1,0.865741271842137,2.6071575,2.4748483,0.6515827
278,0.75,1,0.7874143165402616,1.7504159,1.6364498,0.24982068
279,0.7,0,0.7412407777352171,1.149409,1.4520676,0.9908736
280,0.825,1,0.8275946861915922,2.2170012,2.0206892,0.64892626
281,0.825,1,0.7808244732264532,1.5829674,1.390109,0.8276675
282,0.975,1,0.8282699393985982,2.1110177,1.8686984,1.4138122
283,0.7,1,0.6624454414824633,0.46670663,0.16820258,0.4871095
284,0.8,1,0.7291331009105295,1.0700235,0.8729304,-0.33913562
285,0.775,0,0.7675308725048562,1.6588025,1.9630601,1.0137337
286,0.775,1,0.787820447112747,1.6259222,1.4438367,0.68283844
287,0.875,1,0.867758073841755,2.519788,2.3116636,1.2395732
288,0.5,1,0.7544704329636062,1.2488673,1.0231838,0.87953687
289,0.75,1,0.8140823075694247,1.9672793,1.7357256,0.9913945
290,0.825,1,0.8033952636834512,1.7929454,1.6153497,0.7666292
291,0.75,1,0.8048687582694658,1.851814,1.6691742,0.7285383
292,0.95,1,0.7848183456015199,1.5199484,1.2994881,1.3824141
293,0.8,1,0.8332150064624808,2.0970674,1.9466064,0.94773424
294,0.8,1,0.8041716302790359,1.9637488,1.8291695,0.8067608
295,0.825,1,0.8627781576410019,2.590542,2.4673564,0.6276412
296,0.875,1,0.7950123555814328,1.7329003,1.5387585,0.7502035
297,0.775,1,0.8316838882763391,2.1727464,2.0061398,1.1904303
298,0.975,0,0.7811368228851346,1.7426592,2.073211,0.91940725
299,0.85,1,0.8433766195418979,2.3520536,2.1691709,0.56306946
300,0.75,1,0.8149888085542842,1.9831448,1.7652464,0.75940883
301,0.925,1,0.8073565142460867,1.8703635,1.6324368,0.8462609
302,0.575,1,0.8577704031778199,2.439165,2.145319,0.78989995
303,0.8,1,0.7857841873110192,1.5786943,1.3546269,0.6832478
304,0.8,1,0.843238046290887,2.3468432,2.2374535,0.63122
305,0.825,1,0.8625526209715498,2.570794,2.3850522,0.5576128
306,0.975,1,0.8649963074962661,2.527147,2.3730257,1.2007177
307,0.925,1,0.8651905831972342,2.5128736,2.3587956,1.0115036
308,0.875,1,0.7764415439001384,1.5421903,1.3664813,-0.20067069
309,0.825,0,0.791670539523353,1.8003621,2.0826259,0.8111838
310,1.0,1,0.8382146191707478,2.328811,2.1621647,0.5972415
311,0.875,0,0.8278187242489143,2.21234,2.5630786,0.93273354
312,0.725,1,0.7866252987242304,1.7424935,1.6090991,0.45487043
313,0.775,1,0.837362408507098,2.2320347,2.069683,1.0024517
314,0.75,0,0.7941193254348641,1.8034416,2.151937,0.5873002
315,0.875,1,0.8447532562240958,2.3712978,2.21857,0.97018445
316,0.85,1,0.7643247564834298,1.4773724,1.321437,0.9367914
317,0.775,1,0.8575847193062054,2.5194738,2.390018,0.7053094
318,0.925,1,0.8584981108587054,2.4684546,2.330991,1.1549139
319,0.9,1,0.8391721599810922,2.1527922,1.963326,1.0206023
320,0.65,1,0.812950970920596,1.9288201,1.737976,0.5378264
321,0.9,1,0.8278728194366468,2.1416373,2.0305598,0.4737223
322,0.775,0,0.7102715026933601,0.890985,1.2586901,1.0603946
323,0.725,1,0.8338447356386088,2.1683927,2.0107179,0.784958
324,0.725,0,0.7238674347093311,0.9985833,1.3441126,1.1587204
325,0.775,1,0.8307903572383204,2.182609,2.0532053,0.55912364
326,0.75,0,0.7477929498005116,1.3199444,1.6213468,0.8077227
327,0.825,1,0.7542977645998226,1.3780313,1.1520103,-0.19547972
328,0.55,1,0.789727187970272,1.7044123,1.6043622,0.3777561
329,0.625,0,0.7012187991257075,0.8049183,1.1635092,0.7564107
330,0.825,0,0.7932616262474039,1.8762658,2.1020882,0.8094667
331,0.8,1,0.7980202418829981,1.7273082,1.5310802,0.58138907
332,0.75,1,0.8094071835208582,2.0386372,1.825795,0.54008114
333,0.8,1,0.844263248878411,2.2939277,2.0804796,0.724939
334,0.75,0,0.8016457077307295,1.9192355,2.211926,1.1833342
335,0.775,1,0.8238730752519653,2.0598876,1.8987336,0.86899793
336,0.825,1,0.8546100166789582,2.5029373,2.3835576,0.60290587
337,0.9,1,0.8119235081711909,1.9711255,1.808133,0.7475804
338,0.8,0,0.6631011216307193,0.42008764,0.56259716,1.449569
339,0.675,0,0.7369868953244152,1.2502166,1.5060327,1.5541734
340,0.55,0,0.7353772343589347,1.1214153,1.4514687,0.66768754
341,0.95,1,0.8273422022974133,2.1560025,1.9227321,0.4397675
342,0.65,0,0.7565989105055875,1.3670375,1.6700432,1.0861554
343,0.9,1,0.814350662132763,1.9974203,1.8766205,0.3135408
344,0.85,1,0.8192743800083757,2.2135267,2.0583563,0.0891889
345,0.825,1,0.7808699792133762,1.7292914,1.3894539,1.0554378
346,0.825,0,0.7252395300024788,1.1104673,1.3227007,1.7585446
347,0.85,1,0.7800701257855215,1.7543252,1.528543,0.7742498
348,0.775,1,0.7887631110952819,1.6299587,1.3878769,0.8391684
349,1.0,1,0.8215255867622735,2.0319571,1.7993761,0.9039055
350,0.825,1,0.844825312049722,2.3685908,2.1583395,0.84131444
351,0.875,1,0.8161353269180487,1.9692168,1.7470648,1.1600525
352,0.575,1,0.7982892525710802,1.7647262,1.5512247,0.43878046
353,0.8,1,0.8304263952538413,2.056604,1.839294,1.166351
354,0.725,1,0.7878842147663054,1.7332121,1.631402,0.29342994
355,0.95,1,0.8552953216116724,2.4529297,2.3289847,0.5309018
356,0.725,1,0.7948231029054892,1.7709638,1.5629337,0.8627286
357,0.8,1,0.813465440083139,2.0441484,1.8613251,-0.15323791
358,0.825,1,0.8137912879101838,1.8955889,1.7333341,1.1408668
359,0.725,1,0.8513061109397485,2.2871428,2.1216166,0.95689285
360,0.875,1,0.8561128407832229,2.531314,2.427681,0.4256192
361,0.625,1,0.8287493240216635,2.1740417,1.963876,0.99601054
362,0.9,1,0.8491491039451109,2.3655918,2.232975,0.1797472
363,0.8,1,0.8437110879275612,2.4254415,2.305451,0.5073372
364,0.475,1,0.8393596604345938,2.266649,2.1520774,0.6275475
365,0.825,1,0.8248364195136738,2.0482335,1.9110721,0.7942345
366,0.85,1,0.7536401320119062,1.4053351,1.3067361,0.61067843
367,0.875,1,0.84622332263668,2.4209423,2.2469628,0.43811408
368,0.975,1,0.8565919095668488,2.470808,2.3059497,0.87515175
369,0.575,1,0.7860996748585776,1.6680182,1.5283914,0.4130573
370,0.7,0,0.7256262488457625,1.0055512,1.3079126,1.0597289
371,0.875,1,0.8158373401554737,2.079961,1.9648259,0.542014
372,0.95,1,0.8113702405398615,1.9844202,1.8292928,0.771425
373,0.85,1,0.7810347078441818,1.565695,1.3367109,1.044445
374,0.925,1,0.8191542585810352,2.0719712,1.9018548,0.3933243
375,0.875,1,0.8221065090077873,2.0853727,1.91851,0.50789034
376,0.85,1,0.8549302703764585,2.4272416,2.2518687,0.58211935
377,0.7,1,0.8400252966625664,2.2317088,2.1562703,0.82872283
378,0.725,1,0.8055599089743558,1.8951089,1.7137363,0.7883773
379,0.775,1,0.8014543920234132,1.8173923,1.6160975,0.6879358
380,0.8,1,0.8147723293573389,2.001073,1.7785783,1.1280057
381,0.875,1,0.7989964734388398,1.939037,1.7587265,0.17270723
382,0.725,0,0.737463348092033,1.2930862,1.5206357,1.1688951
383,0.725,0,0.6884606331121985,0.6029696,0.8717869,0.7733208
384,0.9,1,0.8189729873951791,2.04413,1.8150909,0.9673703
385,0.8,1,0.8320381677701942,2.2019033,1.9680128,0.8816428
386,0.8,1,0.8269911916727298,2.1419969,1.8789046,0.69009435
387,0.925,1,0.8389110690010189,2.2677913,2.058464,-0.11040649
388,0.7,0,0.7784368736991734,1.5331619,1.8774395,1.705949
389,0.775,1,0.8080493353652315,1.9084747,1.6551592,1.219435
390,0.85,1,0.8315324466314837,2.1880689,2.0496461,0.58122146
391,0.775,1,0.761076282107277,1.4529536,1.1182272,0.8767153
392,0.85,1,0.8449249492553546,2.3026252,2.1985917,0.45013508
393,0.725,1,0.8106636449248619,1.9412335,1.7068018,0.9150748
394,0.825,1,0.7967918062039548,1.7124312,1.5169836,0.72939956
395,0.95,1,0.8840677654124645,2.8081775,2.7018595,0.1605421
396,0.85,1,0.7797878440942771,1.7108176,1.4089121,1.1879573
397,0.85,1,0.7790203370019537,1.555806,1.36706,0.37003878
398,0.9,1,0.8325130020097523,2.1248686,2.04325,0.79827476
399,0.875,1,0.8387595787449929,2.250216,1.9985583,1.0540577
400,0.8,1,0.7656494266431865,1.508424,1.3825423,0.050780863
401,0.925,1,0.7921732948216984,1.8007373,1.6612873,0.14917609
402,0.85,1,0.8345916974577592,2.2414665,2.0613227,1.0951278
403,0.65,1,0.8142251796017975,1.9340545,1.7149992,0.2857758
404,0.925,1,0.8571826822712428,2.457769,2.3208818,0.6829363
405,0.675,1,0.8229345614684386,2.09236,1.8357401,0.8708416
406,0.725,0,0.7714345243592796,1.5525103,1.8940959,1.2517209
407,0.75,1,0.7331130369505374,1.1795176,0.8018269,0.84302294
408,0.925,1,0.8396849101501876,2.173201,2.0179443,1.0196358
409,1.0,1,0.8274713138213903,2.124253,1.9610744,0.37641612
410,1.0,1,0.86783134735883,2.6320922,2.437194,1.3406811
411,0.75,0,0.7279333526904372,1.1618588,1.309205,0.79592144
412,0.775,1,0.784766273185294,1.6169462,1.4294662,0.6754838
413,0.825,1,0.7936207787943252,1.6920292,1.4975681,1.0048692
414,0.8,1,0.8494734497050425,2.380944,2.2387621,0.8321781
415,0.875,1,0.8066705048497644,1.8027024,1.6167378,0.97360444
416,0.8,1,0.7818318312282396,1.6536508,1.4691803,0.7817532
417,0.875,1,0.8427760284885498,2.296524,2.17534,0.8208332
418,0.925,1,0.8151234870618067,2.0750751,1.8676411,0.75512505
419,0.775,1,0.8127285056838177,1.9739382,1.739109,1.1460506
420,0.975,1,0.8583316846272755,2.4506724,2.313775,1.0435728
421,0.8,1,0.8127192103358227,2.0422618,1.8740636,0.1410977
422,0.8,1,0.824991862713238,2.150558,2.0154636,0.16477594
423,0.8,1,0.7965905540609481,1.7487923,1.5582806,0.9619049
424,0.775,1,0.8369787933267131,2.2796998,2.1797807,0.44572696
425,1.0,1,0.8525115070770589,2.376803,2.2273989,1.2117207
426,0.825,1,0.8505126573569242,2.3780334,2.1452303,0.97291124
427,1.0,1,0.8707644332666526,2.6376574,2.485044,0.6300937
428,0.7,1,0.8606337445935026,2.558248,2.3791316,0.50639427
429,0.925,1,0.8034209305184965,1.7881813,1.5646324,0.87952363
430,0.65,1,0.8040481959033633,1.7994442,1.5789306,0.7356285
431,0.975,1,0.8067861287222038,1.8651022,1.7153637,0.82799685
432,0.825,1,0.7683252163548453,1.4656317,1.2629187,0.50909495
433,0.6,1,0.8355250231887654,2.2221193,2.1272738,0.5664252
434,0.775,1,0.8330401349262595,2.1033683,1.9818645,0.7210027
435,0.7,0,0.7383898940357224,1.2414799,1.4079103,1.3507737
436,0.775,0,0.7728111061152125,1.5311476,1.8455125,1.0792865
437,0.825,1,0.8139350069057898,2.026467,1.7975378,0.7240559
438,0.9,1,0.76434389229126,1.4611751,1.3130319,1.1092597
439,0.75,1,0.7803125876638948,1.7351913,1.6423542,0.333657
440,0.75,1,0.8518998355553995,2.3557725,2.1792102,1.0723408
441,0.8,1,0.8527906354360285,2.374874,2.2237263,0.9693618
442,0.75,1,0.832332189312017,2.2855263,2.1053195,0.20975772
443,0.775,1,0.7951265838678868,1.6965405,1.5379503,1.2021418
444,0.775,1,0.7491355012834808,1.2840056,1.0743097,0.2044293
445,0.825,1,0.8361266380532448,2.2431307,2.0899518,1.0751603
446,0.775,1,0.8221942981534207,2.0623736,1.8563949,0.6653913
447,0.65,0,0.7763676163301958,1.6269631,1.9066403,0.8740729
448,0.875,1,0.7774456699574812,1.5482135,1.4035926,0.22916475
449,0.825,1,0.8200155890573895,2.005374,1.798178,1.1953924
450,0.9,0,0.7467241611114761,1.2758341,1.6005855,0.7617519
451,0.775,1,0.7707828141237514,1.4529172,1.252376,1.0011518
452,0.925,1,0.8034989264274922,1.9847138,1.6987395,0.10812929
453,0.775,0,0.7864204721196915,1.7319778,2.080819,1.4811516
454,0.85,1,0.7787382008511661,1.4871804,1.3019024,0.7732259
455,0.825,1,0.8074481449120839,1.8686936,1.659009,0.96697176
456,0.75,1,0.8272324389725487,2.064246,1.9309444,1.0997367
457,0.725,1,0.8377907562259725,2.2473812,2.0602653,0.93685496
458,0.9,1,0.8532460939921183,2.4763274,2.3407073,0.73106396
459,0.625,0,0.7256438769076412,1.1488776,1.3227352,1.6678258
460,0.85,1,0.855678882704769,2.5521102,2.4510021,-0.0043248236
461,0.85,1,0.8215842103271658,1.9997514,1.7733223,1.565757
462,0.975,1,0.8604223426332591,2.577477,2.3855069,0.36780134
463,0.9,1,0.7736754623471268,1.5263746,1.2908134,0.909318
464,0.8,0,0.8114115407598343,2.086992,2.3648157,1.0010735
465,0.75,1,0.816845176743491,2.0087423,1.8088057,0.8950176
466,0.75,1,0.8387740350293205,2.2438846,2.106279,1.0029234
467,0.725,1,0.8578719021300223,2.4384499,2.3112235,0.7556573
468,0.825,0,0.7732024727842289,1.597321,1.9636822,0.623721
469,0.925,1,0.8624761079519975,2.5415373,2.3164392,1.1450468
470,0.8,1,0.8677784661419726,2.5468314,2.3801858,0.8689493
471,0.85,1,0.7950096961135964,1.7772018,1.626667,0.66637313
472,0.9,1,0.7928617011270981,1.6844802,1.4454283,1.0628747
473,0.825,1,0.7925395457141359,1.8059412,1.660083,0.5917233
474,0.725,1,0.7686920162815005,1.5958745,1.4132496,0.24742666
475,0.9,1,0.8644770205288256,2.4936216,2.289795,0.96689284
476,0.85,1,0.8116654688683311,1.9019532,1.6487755,1.1100656
477,0.725,1,0.7994822582326487,1.788646,1.5338683,0.9051651
478,0.8,1,0.8204590467022881,2.0819376,1.9426941,0.642534
479,0.95,1,0.7957635597263414,1.6621549,1.399441,0.9429637
480,0.65,1,0.8392838518724459,2.2693448,2.0726926,0.44228902
481,0.8,1,0.8373937685763289,2.1538239,2.0202193,0.8983835
482,0.825,1,0.8478652892846984,2.4304085,2.203478,0.5503658
483,0.7,1,0.7829879997921779,1.5861435,1.3533995,0.81500506
484,0.9,0,0.7044207826326271,0.9397135,1.0662274,1.1197168
485,0.75,1,0.8183311051559863,2.0227487,1.8373295,0.88917804
486,0.85,1,0.8223061987934868,2.0256116,1.8992436,0.79569626
487,0.925,1,0.8570380068650094,2.4874668,2.3283403,1.0187252
488,0.725,1,0.771869406331923,1.4496428,1.2369684,0.3286225
489,0.775,1,0.7147838720420997,0.9990915,0.71243274,1.0306731
490,0.9,0,0.7702001684276604,1.7734976,1.9640807,1.0648175
491,0.825,1,0.7687056355175879,1.5865068,1.26689,0.62395597
492,0.85,1,0.7931150247179775,1.7814304,1.6051648,-0.033741385
493,0.8,1,0.8030871732846037,1.7552068,1.559263,1.3815987
494,0.725,0,0.7532339427978454,1.3700595,1.5963914,1.6557411
495,0.9,1,0.8285625312461873,2.0716743,1.8452675,0.90456426
496,0.85,1,0.78872421398584,1.7362351,1.5403025,0.8534366
497,0.825,1,0.79363525002595,1.6905403,1.5295864,1.0434595
498,0.85,1,0.8442638164603027,2.3053012,2.1539755,0.903285
499,0.85,1,0.776144533551478,1.5576625,1.3669417,0.7106
500,0.8,1,0.835061728127092,2.1984015,2.0688417,0.8560505
501,0.725,1,0.8023439169972693,1.7697792,1.5744059,1.0226755
502,0.775,1,0.8192045285553726,1.9787147,1.7975714,1.080644
503,0.925,1,0.8308552329605496,2.2197435,2.0442033,0.9591932
504,0.9,1,0.8117225864693483,1.9668081,1.7320752,1.1333059
505,0.6,0,0.7439842712769124,1.1935146,1.5124509,0.8898138
506,0.775,1,0.812287700975252,1.914862,1.7171597,0.9599452
507,0.775,1,0.8084915692732062,1.9031314,1.6853323,0.96387744
508,0.8,0,0.7337653228677206,1.1062956,1.4198561,0.90732706
509,0.925,1,0.8199171308475979,1.99861,1.7993441,1.0664048
510,0.75,1,0.7723129242984751,1.5304564,1.3722302,0.46752194
511,1.0,1,0.8465334265366552,2.297707,2.1560383,1.166785
512,0.725,0,0.7480610632352698,1.4815545,1.6887151,0.7446159
513,0.7,1,0.8427744285877441,2.216472,2.0545385,1.0880728
514,0.7,1,0.8022108576831243,1.8211737,1.6335497,0.8354261
515,0.7,1,0.7698642068732986,1.5587025,1.3565278,0.28832915
516,0.75,1,0.8058566887095802,1.8767105,1.612557,0.8241006
517,0.725,0,0.7262168630514068,1.1266422,1.3509341,1.207354
518,0.8,1,0.824591490760954,2.1178694,1.9237416,0.8428621
519,0.825,0,0.81788979495599,2.1478791,2.4902854,1.3609076
520,0.75,1,0.8115253817226047,2.0723886,1.9015539,-0.119538814
521,0.925,1,0.8378700941182287,2.2130344,1.9744617,1.200322
522,1.0,1,0.8470876547226208,2.381772,2.1787634,0.7506522
523,0.75,1,0.7940616945399879,1.792501,1.5911486,0.39664832
524,0.875,1,0.858480769334057,2.5327861,2.4031382,0.71419597
525,0.675,1,0.7998532581301763,1.848254,1.674499,0.63679075
526,0.925,1,0.8468291362223712,2.2730622,2.1022406,1.0439626
527,0.6,0,0.7268850870024741,1.1401479,1.2601712,1.3063784
528,0.775,0,0.6893754796947971,0.7733475,0.8812113,1.067091
529,0.85,1,0.8409073286361465,2.2301075,2.0694213,1.1847193
530,0.85,1,0.785890635347136,1.6927747,1.5622693,0.57630825
531,0.875,1,0.8290786136916641,2.0938494,1.8753483,1.1341612
532,0.825,1,0.8117216553995722,1.9054344,1.8059021,0.7910925
533,0.675,1,0.7924599326656532,1.7618343,1.5068815,0.9172405
534,0.85,0,0.735468171242398,1.1288257,1.4653437,1.0713439
535,1.0,1,0.8525014085720447,2.3809984,2.13925,1.0237337
536,0.95,1,0.8183836095583579,1.9386543,1.7419567,0.22549286
537,0.575,1,0.8193738752924254,2.1293867,2.0032756,0.7730993
538,0.925,1,0.8484830604482445,2.4135451,2.3178563,0.46162638
539,0.775,1,0.7378333156272681,1.203982,0.87741333,1.3005291
540,0.675,1,0.7678265567998678,1.5600178,1.4037652,-0.1742644
541,0.8,1,0.7801362731820604,1.5222572,1.3429481,1.2143258
542,0.95,0,0.6347598044975129,0.2380065,0.43122974,0.7330698
543,0.875,1,0.7845915218171259,1.703629,1.4987453,0.26918748
544,0.925,0,0.6927834088752006,0.8382583,0.88434297,0.8182615
545,0.8,1,0.7945479677177266,1.7346702,1.4779265,0.99481606
546,0.7,1,0.7787334498922314,1.5953512,1.372973,0.6064042
547,0.875,1,0.8079089742306549,1.8424295,1.6171312,1.2247038
548,0.7,1,0.8209583363461335,2.0303597,1.9215552,0.6945783
549,0.9,1,0.8209381407691076,2.030737,1.9027727,0.66871274
550,0.775,1,0.8332695811166656,2.2409074,1.9919006,0.69056666
551,0.95,0,0.7693385540373834,1.634419,1.8279297,1.3536073
552,0.775,1,0.7738224032213292,1.5776792,1.381195,1.0909173
553,0.8,1,0.8439630547974728,2.2567081,2.0772996,1.1579303
554,0.85,1,0.8403337991245439,2.2279477,2.1452904,1.0225126
555,0.625,0,0.7348396199676077,1.0541929,1.3671192,0.99534833
556,0.925,1,0.788786898829108,1.6638875,1.4661129,0.77296066
557,0.975,1,0.8175421509288388,2.1581528,1.8751705,0.74365747
558,0.8,1,0.8722466883249664,2.7480087,2.639575,0.197548
559,1.0,1,0.8764348047091992,2.7180295,2.6156356,0.39457497
560,0.975,1,0.8465822956925247,2.313468,2.0963047,1.1236577
561,0.8,1,0.7978877412152531,1.7402755,1.5646347,0.56066835
562,0.725,1,0.8040284182696914,1.8890138,1.6870925,0.92218065
563,0.75,1,0.7910861269569316,1.7082481,1.5216532,0.29512826
564,0.8,1,0.8190005944562966,2.159059,1.824152,0.95750964
565,0.7,1,0.7785580018482803,1.5322628,1.3592677,0.81752944
566,0.8,1,0.8044584014372342,1.8156276,1.6195663,0.98209107
567,0.975,0,0.7244143948595181,1.3022124,1.5552282,0.2624673
568,0.775,1,0.8266273631982651,2.2261245,2.084696,0.81461465
569,0.75,1,0.7813158343973168,1.7167695,1.5020328,0.9687985
570,0.975,1,0.802097658780299,1.8567586,1.6464667,0.55008304
571,0.75,1,0.7789635641795423,1.6680956,1.5214593,0.49115273
572,0.85,0,0.8049507489407209,1.9731677,2.3120303,0.9831208
573,0.925,1,0.8464588856830736,2.4529877,2.261528,-0.074741095
574,0.85,1,0.8337962632319885,2.223736,2.1278167,0.5173148
575,0.525,1,0.7917531874079771,1.6643199,1.5097334,0.60289836
576,0.8,1,0.8285619503035687,2.0726366,1.9127713,0.89952433
577,0.75,1,0.8091290754665863,1.9317443,1.6953626,1.0441427
578,0.625,1,0.784137604754505,1.7639525,1.587923,-0.14998385
579,0.6,1,0.8441419793564738,2.3306766,2.2309227,0.6603966
580,0.8,0,0.7949321718686053,1.901016,2.2083573,1.293406
581,0.625,0,0.7443376292037576,1.2051511,1.5628579,1.6609265
582,0.75,1,0.7971988274540425,1.6831946,1.461107,0.9962009
583,0.95,1,0.7986877897949938,1.7247536,1.4716818,1.3276408
584,0.95,1,0.8106255427469523,1.9512842,1.767528,1.1289471
585,0.85,1,0.8011740012493116,1.8335829,1.6142855,0.70860016
586,0.875,1,0.8090519614003666,1.8456161,1.686213,0.8467016
587,0.875,1,0.8019615763392279,1.8004987,1.580264,0.84297645
588,0.775,1,0.7673698347652884,1.3812196,1.1994123,0.8119104
589,0.875,1,0.8052200976511035,2.0488393,1.8243943,0.8301302
590,0.925,1,0.8210683804305199,2.0155487,1.8308382,0.9944347
591,0.85,0,0.7681586956298303,1.4603205,1.8203201,1.6185514
592,0.825,1,0.8601412932210779,2.5834057,2.5098112,-0.10726014
593,0.725,0,0.7663921226162047,1.6624892,1.7975683,1.447599
594,0.825,1,0.8503154078457271,2.4670935,2.2717605,0.45069352
595,0.875,1,0.7489547106276818,1.453227,1.2484202,0.4740692
596,0.7,1,0.7832516059345511,1.6425173,1.386713,0.41844502
597,0.85,1,0.790655241137273,1.6832114,1.5711632,0.74762535
598,0.675,0,0.7409798777439293,1.1509209,1.4883547,1.3436472
599,0.975,1,0.8358683258061486,2.2217572,2.0906513,0.7670977
600,0.8,1,0.8006233089590498,1.8229282,1.5779519,1.1473527
601,0.775,1,0.7661294832853563,1.3833206,1.1261139,1.25057
602,0.625,1,0.8531087007074372,2.452719,2.310904,0.9359331
603,0.9,1,0.8502905454392005,2.4384978,2.274001,1.038177
604,0.9,1,0.8452597417228118,2.40226,2.2484834,0.52920544
605,0.925,1,0.8552670814904936,2.4887447,2.421155,-0.11394563
606,0.825,0,0.7361267864122423,1.3127054,1.4910961,1.2309942
607,0.85,1,0.8353448597084471,2.1476371,1.9352458,0.81081116
608,0.8,1,0.8383871915251484,2.2707133,2.1671815,0.85052
609,0.775,0,0.6763643240436296,0.62688446,0.7257676,1.0138747
610,0.675,0,0.7050481559381069,1.0011573,1.2346313,0.6802925
611,0.8,1,0.8439520227263229,2.3757262,2.2119856,1.1023862
612,0.8,1,0.7892782195737059,1.6647229,1.4265451,1.2840445
613,0.85,1,0.8404064307742206,2.3993201,2.2669826,0.08008739
614,0.725,1,0.8169132702833557,2.15719,1.7560387,1.4815099
615,0.775,1,0.784841159440549,1.5828547,1.412017,0.7379273
616,0.725,0,0.7838610746825196,1.653463,1.9365861,0.80825984
617,0.775,1,0.8177765008061391,1.9405383,1.8081462,1.2752498
618,0.825,1,0.7970544466848025,1.736362,1.4583486,1.1347591
619,0.85,1,0.8517191263217058,2.3531609,2.196879,1.0619975
620,0.75,1,0.7448751719694042,1.2069191,1.0911312,0.40652552
621,0.625,0,0.7197928891193788,1.0273126,1.4138268,0.6976255
622,0.825,1,0.8274629589783172,2.1371093,1.8855388,0.79510534
623,0.9,1,0.8384914642691329,2.2403276,2.0261347,1.0387074
624,1.0,1,0.847475785587239,2.3931077,2.2094173,1.7151374
625,0.775,1,0.8201955338005932,1.9578135,1.7460372,1.3134711
626,0.6,1,0.8645112876530385,2.5931315,2.4942744,0.67870116
627,0.825,1,0.7861757092028852,1.6939936,1.4817293,0.8283447
628,1.0,1,0.8625191344140114,2.605672,2.4114456,0.38645497
629,0.65,1,0.8141937442781856,1.9876378,1.7920041,0.65319645
630,0.875,1,0.7840602886845456,1.551288,1.3730457,1.081475
631,0.775,0,0.7044976206069314,0.9629695,1.1279888,0.79066265
632,0.875,1,0.8785609172806561,2.7368255,2.591044,0.7550925
633,0.9,1,0.8666654701710803,2.5518208,2.43029,1.0184276
634,0.925,1,0.8325277994159827,2.2581992,2.105117,0.24646154
635,0.675,1,0.8038777079362215,1.8476465,1.6713964,0.8586346
636,0.875,1,0.8091133228540073,1.8887639,1.6565101,0.68206394
637,0.825,1,0.7869638197641742,1.7290742,1.4613364,0.6716505
638,0.875,1,0.7726791847181875,1.6617826,1.5758461,0.3999507
639,0.625,1,0.7462279027991637,1.145823,0.9605318,0.5692073
640,0.675,1,0.7736250904097526,1.6112299,1.3461279,1.1499525
641,0.775,1,0.7984796133393002,1.7377491,1.5497222,1.0677469
642,0.85,1,0.813537147482597,1.9656038,1.7392144,0.91675663
643,1.0,1,0.8251614652019185,2.1682177,1.9927973,0.84223425
644,0.8,1,0.8328682495064329,2.1470103,1.9735067,0.9309201
645,0.8,1,0.7756750065485652,1.7212167,1.5684314,-0.41386583
646,0.9,1,0.8649776637961838,2.6543803,2.5200973,0.73892236
647,0.725,1,0.7608921816518681,1.4214482,1.1475613,1.1473993
648,0.8,1,0.7825132236659109,1.581743,1.386553,0.8265269
649,0.7,1,0.767373925470066,1.5438641,1.3539013,0.9575665
650,0.8,1,0.809853180670352,1.8449261,1.634412,1.0019054
651,0.825,1,0.8430497636318328,2.2231674,2.05814,0.8913816
652,0.85,1,0.7958256326956377,1.7659602,1.5962125,0.74778473
653,0.75,1,0.8424398380909829,2.288853,2.1253123,0.78079855
654,0.875,1,0.7905730912544074,1.6874936,1.4501798,0.8858534
655,0.85,1,0.7911257026404979,1.654215,1.4781113,0.6806724
656,0.95,1,0.8130448936083492,1.8637702,1.6442958,0.9042796
657,0.875,1,0.8340512192778784,2.2780983,2.1633627,0.7709764
658,0.75,0,0.7087943208854212,0.92074794,1.0912571,1.1710619
659,0.875,1,0.7444046083961087,1.1917976,0.7996896,1.8475703
660,0.875,1,0.792504621774945,1.8333435,1.6492515,0.1273152
661,0.775,1,0.8163186344700901,1.9043314,1.7751682,0.99923897
662,0.825,1,0.7962414461098264,1.740893,1.5601308,0.7886369
663,0.85,1,0.8303240982359759,2.1463077,1.9248152,0.6045202
664,1.0,1,0.8441008283542141,2.4231272,2.230236,0.50838006
665,0.6,1,0.8310840737231835,2.1287105,1.9983917,0.15646824
666,0.825,1,0.7253345208498376,1.1215924,0.9355974,0.63447654
667,0.925,1,0.7940641826001178,1.6408463,1.4335058,0.8489417
668,0.825,1,0.7820941757730946,1.558709,1.329549,1.0835294
669,0.925,1,0.8292743469635441,2.1864758,2.0562928,0.4838833
670,0.625,0,0.7276423901860543,1.3019092,1.49668,0.7851199
671,0.85,1,0.8629764202586896,2.478531,2.3053885,0.79301274
672,0.8,1,0.835460572935877,2.2362044,2.0506988,1.4312608
673,0.9,1,0.8145262320926612,1.9035214,1.7053206,1.0280457
674,0.875,1,0.8788044349435875,2.741862,2.5773408,0.5938598
675,0.7,1,0.7912816174044095,1.747748,1.5343702,0.32005277
676,0.75,1,0.8235692485247612,2.0366364,1.9269795,0.58952916
677,0.95,0,0.7772651152944781,1.5455546,1.8837731,1.2705363
678,0.825,1,0.749628125116748,1.2732857,1.052218,0.8368503
679,0.975,1,0.8192713936800717,2.036172,1.7993598,0.8232449
680,0.7,1,0.8652630015933662,2.5772064,2.4602513,0.6005274
681,0.925,1,0.8158029464039658,2.0085218,1.8549473,0.39146557
682,0.9,1,0.7231729800363549,1.0970483,0.7901381,0.36644712
683,0.7,1,0.8295898881567298,2.092893,1.8816938,0.75774896
684,0.85,1,0.8408913484659117,2.266362,2.036706,0.80354464
685,0.85,1,0.8327680039881178,2.1959107,2.0796716,0.6874846
686,0.85,1,0.868488938339812,2.6263611,2.4800522,0.57041466
687,0.775,1,0.7925879707364946,1.7150459,1.4810402,0.8815862
688,0.725,1,0.8214827151547871,2.1879745,2.125215,0.35354003
689,0.55,1,0.7457390767521207,1.2984383,1.0251877,0.86174726
690,0.925,1,0.8538334068996416,2.406116,2.2932706,0.25134787
691,0.85,0,0.7969301439764495,1.8537158,2.172709,0.93823063
692,0.825,1,0.8322445610988736,2.146346,2.0033336,0.60538495
693,0.725,1,0.7809422753865211,1.7061409,1.472929,0.9410713
694,0.65,1,0.7787918251616688,1.555093,1.3751726,0.77392626
695,0.8,1,0.8072888767097308,1.9339564,1.7863574,0.30504957
696,0.95,1,0.8588634834739095,2.488201,2.2914915,0.8777367
697,0.825,1,0.8148764414830857,1.9579184,1.7358356,0.6033231
698,0.85,1,0.8304884741234841,2.1995208,2.0662744,0.31016716
699,0.95,1,0.797112218849781,1.8042948,1.6364461,0.9238523
700,0.9,1,0.8291345223947745,2.1617022,2.0066228,0.41172495
701,0.85,1,0.8524991050858195,2.4325979,2.2189174,1.2410495
702,0.9,1,0.8640290883709101,2.5489364,2.4480364,0.41641697
703,0.725,1,0.7763911267827531,1.5151436,1.2796714,0.9511118
704,0.65,1,0.7909323227270671,1.839138,1.567456,0.5991696
705,0.85,1,0.8698312222287529,2.6708114,2.5060413,0.97824216
706,0.65,0,0.7814941264715829,1.7153678,2.0067565,1.3962833
707,0.75,1,0.7967954264447872,1.7233322,1.5261618,0.6317071
708,0.825,1,0.8149300804394314,1.976912,1.7644997,0.9124994
709,0.875,1,0.8683824584167424,2.548376,2.37537,1.0714716
710,0.975,1,0.8381921637916678,2.256741,2.0563545,0.04350713
711,0.925,1,0.8714103779589003,2.5474145,2.3914723,1.2941858
712,0.8,1,0.7845544358877999,1.6106902,1.3973966,0.9856491
713,0.875,1,0.8340463492447321,2.2007625,2.0321736,0.797294
714,0.95,1,0.8007881285269248,1.7968729,1.608238,0.73792624
715,0.65,1,0.8154807338648714,1.8945016,1.6775637,1.3181212
716,0.85,0,0.8046677962250135,1.878157,2.1910362,1.5064771
717,0.6,0,0.7633662876131173,1.5633539,1.7196798,0.77198994
718,0.85,1,0.7880377698366787,1.6753962,1.4624879,0.720302
719,0.75,1,0.839956246959213,2.257893,1.9984902,1.1297263
720,0.725,1,0.7358952896932323,1.3569591,1.0131348,0.0029291213
721,0.85,1,0.8660378541038183,2.6308274,2.425981,0.5737647
722,0.9,1,0.8746502226712728,2.7567365,2.645529,0.6474135
723,0.925,1,0.8486774329136577,2.4438798,2.280629,0.781284
724,0.825,1,0.8051205876712241,1.8104663,1.5875089,1.1530385
725,0.85,1,0.8548558422344759,2.3592968,2.2034528,1.3481615
726,0.95,1,0.8524933625944144,2.4492888,2.3556528,0.6628164
727,0.775,1,0.7961879706555319,1.7318563,1.5226219,1.0140736
728,0.9,1,0.7881356037266793,1.6225597,1.386692,1.3865163
729,0.625,1,0.7650540277484235,1.3503788,1.1532153,0.46880355
730,0.8,1,0.7821086922721816,1.7273085,1.4902883,1.057758
731,0.75,1,0.8029861903000629,1.8335321,1.6807394,0.48603454
732,0.725,1,0.765361181603508,1.396322,1.2311385,0.39648572
733,0.85,0,0.7248451151133043,1.0860643,1.2959356,1.7645017
734,0.75,1,0.8383542147377336,2.4096317,2.2283854,0.21576348
735,0.775,1,0.7702974487011237,1.432605,1.2881241,0.649488
736,0.65,1,0.786257762194181,1.7303355,1.4784535,1.018278
737,0.85,1,0.8009763530963938,1.8102759,1.6352576,0.47762308
738,0.925,1,0.7908371884123371,1.6100082,1.3691126,1.3707678
739,0.9,1,0.8062924250412322,1.7734454,1.557263,1.4156142
740,0.725,1,0.7812668379674899,1.7210308,1.4554523,1.2594942
741,0.875,1,0.8164058512391164,2.0021477,1.7562354,1.3668396
742,0.575,0,0.8142084008156971,2.0164428,2.3399463,1.0741533
743,0.9,1,0.8427451094961431,2.3430307,2.2089353,0.19236502
744,0.9,1,0.8181411052171326,2.0890028,1.9317418,0.80965483
745,0.85,1,0.8235304251560032,2.061758,1.8592346,1.0046973
746,0.9,1,0.8498058880094919,2.4098418,2.242635,0.8815024
747,0.775,1,0.7945778851522567,1.7427595,1.5980436,0.4133788
748,0.9,1,0.8227103659530548,2.133468,1.9310818,0.5865122
749,0.875,0,0.793531923526491,1.867889,2.2113957,0.4971067
750,0.8,1,0.8191327335706653,2.0479565,1.9510229,0.55618787
751,0.85,1,0.8310179882323283,2.1936858,1.9616454,1.1988697
752,0.65,1,0.805874297579617,1.9199252,1.7158557,0.3618075
753,0.825,1,0.817131285213395,2.024868,1.8167849,0.9775882
754,0.725,0,0.7441909298048892,1.3810394,1.599815,0.7438785
755,0.825,1,0.8317015195967845,2.0947623,1.9465463,1.1283259
756,0.775,1,0.7609347807254155,1.4599342,1.2854028,-0.15628144
757,0.95,0,0.764704788931422,1.503972,1.817086,1.1600491
758,0.9,1,0.8207033670054249,2.051259,1.8380048,1.1431248
759,0.55,0,0.7642927982061865,1.6154321,1.882324,0.8411759
760,0.875,1,0.8102023451319307,1.9790725,1.7575492,0.626897
761,0.775,1,0.7912026108626273,1.6517439,1.4271996,1.1523774
762,0.625,1,0.7877058466462696,1.6419165,1.4404511,0.75351095
763,0.9,1,0.8579252715767198,2.501985,2.3377032,0.50741947
764,0.85,1,0.8633311695091517,2.6029253,2.4595313,0.8796439
765,0.625,1,0.8304271819985828,2.1911092,1.9677434,0.679793
766,0.575,1,0.8406816419784632,2.2380977,2.0257087,0.9278666
767,0.575,0,0.8074783235687493,2.0490568,2.4471078,0.7042595
768,0.575,0,0.7393209438801922,1.1454772,1.4123673,1.0432917
769,0.675,0,0.7200353421528368,1.1476912,1.3798952,0.7811955
770,0.675,1,0.7696101442595326,1.3680079,1.183947,1.1151508
771,0.65,1,0.8289447327988829,2.1380901,2.0135906,0.4055291
772,0.8,1,0.8423467195688796,2.2713158,2.123948,1.1451032
773,0.925,1,0.8522634173299408,2.4672728,2.3107615,1.1684747
774,0.75,1,0.7873736604815882,1.6522539,1.5070138,0.68957067
775,0.7,1,0.8157819648975696,1.9806046,1.8185725,0.38774338
776,0.825,1,0.7943381508387871,1.7188385,1.5417851,0.9032854
777,1.0,1,0.8873193653732993,2.808745,2.6781778,0.31475124
778,0.95,1,0.8020116029798022,1.7490189,1.5531229,0.9876486
779,0.9,1,0.8642220212825897,2.521483,2.3843977,0.9240439
780,0.85,0,0.7635838700616353,1.5815902,1.9621525,0.14026746
781,0.675,1,0.8157641827690745,2.009793,1.7919081,0.7521869
782,0.675,1,0.8094965732380903,1.923269,1.7281201,1.0515926
783,0.675,1,0.7947159357866691,1.7372667,1.5055529,1.0960244
784,0.925,0,0.8140045839386852,2.071721,2.403555,1.1708127
785,0.9,1,0.8589914827699401,2.5577867,2.4641657,0.34940156
786,0.7,1,0.830349419158297,2.2457197,2.1801836,0.43799552
787,0.9,1,0.8038356879484332,1.8298202,1.5977486,1.1060388
788,0.775,1,0.7473230367525265,1.2612987,1.0831628,0.71455073
789,0.825,1,0.8145338345104199,1.9272065,1.6717502,1.1501275
790,0.975,1,0.8036218947755114,1.8447905,1.5963689,0.89906967
791,0.925,0,0.7923338355633675,1.818187,2.152555,0.6698388
792,0.875,1,0.8315094847387312,2.1047661,1.9888117,0.78070915
793,0.575,0,0.8052729094300194,2.0260515,2.294763,0.55653393
794,0.85,1,0.7641043427126072,1.3801075,1.2727077,0.9238225
795,0.85,1,0.7642292609010227,1.4900424,1.1542679,1.3266495
796,0.825,1,0.7880411933543192,1.6588762,1.4219267,1.0190995
797,0.875,1,0.8422281457078749,2.2742956,2.0916493,0.48672453
798,0.875,1,0.7873365908096884,1.611899,1.3775263,0.8089169
799,0.975,1,0.8404776515700665,2.3387437,2.1673155,0.46452036
800,0.9,1,0.7916252556649235,1.6662935,1.4620693,0.6925608
801,0.875,1,0.7875771416471073,1.7733291,1.5969323,0.046090752
802,0.85,1,0.8147095653039156,1.8921583,1.7473323,1.3174644
803,0.725,1,0.7679433508211042,1.6223294,1.4027398,0.059514076
804,0.75,0,0.7800221836128691,1.6393925,1.9906135,0.38801655
805,0.725,1,0.7399918249870667,1.2500095,0.9554145,0.5741179
806,0.675,1,0.7846819912052418,1.7817299,1.6121244,-0.082433075
807,0.825,1,0.8002947402589962,1.791954,1.6124911,1.0556194
808,0.6,1,0.7593786153314512,1.4735909,1.219573,-0.1857414
809,0.925,1,0.8080138370517728,1.9331646,1.7868758,0.50459564
810,0.85,0,0.7819430384607847,1.6459916,1.9930491,1.4497015
811,0.9,1,0.8794541918645133,2.7707865,2.6616685,0.60420954
812,0.925,1,0.8387955361524542,2.242933,2.0197363,0.7632667
813,0.75,1,0.8263242051155301,2.1122718,1.9422024,0.8092804
814,0.8,1,0.8629498008954719,2.474007,2.3478134,0.980989
815,0.85,1,0.8486612371883433,2.3330946,2.1623235,1.2391376
816,0.8,1,0.8069977350913681,1.8882654,1.7839711,0.78533554
817,0.875,1,0.8638920233960132,2.6226597,2.4341152,1.0284219
818,0.65,1,0.7434083769948425,1.2319765,1.1066973,0.5174279
819,0.575,1,0.8412532872556318,2.3497307,2.1134872,0.6679131
820,0.95,0,0.7694016401062522,1.5138997,1.7976892,0.85898125
821,0.925,1,0.7921279328722388,1.6595073,1.4855824,0.78796077
822,0.825,1,0.7967557680171679,1.8051841,1.5782743,1.0972923
823,0.925,1,0.7139482690005907,0.8425243,0.61805946,0.46657637
824,0.975,1,0.8666373694583932,2.6233218,2.4077106,0.9986174
825,0.775,1,0.7962861423006334,1.8174183,1.7326326,1.1036799
826,0.775,1,0.7959699673810008,1.7251422,1.5178769,0.6176387
827,0.6,1,0.7504944510657023,1.3413818,1.0164777,1.1273764
828,0.925,1,0.8250918412302476,2.0367074,1.8106344,1.0148348
829,0.875,1,0.8341499326428323,2.1456356,1.9532928,1.3813391
830,0.7,1,0.829179250231544,2.1767182,1.9328456,1.0404682
831,0.825,0,0.7497251761404046,1.4118911,1.6272441,0.8981296
832,0.775,1,0.7646657270157328,1.4433659,1.2444808,0.24042466
833,0.925,1,0.8619285561010548,2.5003457,2.3201036,1.0056125
834,0.725,1,0.8090580747543656,1.9245272,1.7167878,0.8312278
835,0.775,1,0.7932782497098714,1.7016373,1.4722352,0.8948922
836,0.85,0,0.7994776902999797,1.8892932,2.184221,1.2152479
837,0.9,1,0.8224757781491763,2.0604658,1.8807049,0.73785067
838,0.7,1,0.7969823441281099,1.7955592,1.5738018,0.6784005
839,0.825,1,0.8180886164961482,2.0449264,1.8162482,0.8632066
840,0.775,1,0.7678401189803357,1.3820655,1.1730685,1.0456448
841,0.775,1,0.7593253504561157,1.2876248,1.1468236,0.60876095
842,0.8,1,0.8120511498611959,1.8938658,1.666814,0.6586698
843,0.925,1,0.8672524179992755,2.6277637,2.456333,1.3370395
844,0.825,1,0.7747925465681154,1.5140444,1.2923374,1.1717619
845,0.65,1,0.8111430716843293,1.9860735,1.750119,1.0814154
846,0.8,1,0.7954139030102358,1.8392088,1.6605504,0.28919658
847,0.625,1,0.7475349092933381,1.3454561,0.9924974,1.1051121
848,0.925,1,0.893862213554329,2.9412844,2.8305264,0.715819
849,0.775,0,0.7699428398730894,1.4357324,1.7170775,1.3953182
850,0.95,1,0.8289343296539362,2.1257482,2.0228562,0.54703224
851,0.85,1,0.8244044812978217,2.0964022,1.9234577,0.4859623
852,0.95,1,0.8228429936408809,2.0073333,1.8371217,1.3130352
853,0.825,1,0.7927248671478623,1.6026778,1.4303628,1.3223354
854,0.975,1,0.8231673439208429,2.0364532,1.7755489,1.3692529
855,0.825,1,0.8025263163861334,1.8485551,1.634241,1.0070509
856,0.875,1,0.7971263227783427,1.686977,1.4245641,1.2906251
857,0.85,1,0.8238737670433772,2.0415492,1.8194885,1.2024293
858,0.65,1,0.7436543410262089,1.2799121,0.9937744,1.077372
859,0.825,1,0.7630955854348446,1.4579539,1.3294456,0.31753144
860,0.775,1,0.7982959478899452,1.7568643,1.5641216,0.94050884
861,0.9,1,0.794756962079375,1.7540656,1.5118463,1.1576502
862,0.9,1,0.8228151787099128,1.981616,1.7640357,0.75358427
863,0.975,1,0.8524837802385743,2.4308233,2.322568,0.82397294
864,0.8,1,0.8149816352585696,1.9447675,1.819649,0.5655247
865,1.0,1,0.8071775307036785,1.9277856,1.7453873,0.4695095
866,0.925,1,0.7740642874415768,1.625832,1.3119712,0.7310797
867,0.7,1,0.8176530266396802,2.0216057,1.8884425,0.4215888
868,0.7,1,0.7539423901250063,1.3716035,1.3039725,-0.01058045
869,0.875,1,0.8114497020471685,1.9102464,1.6623507,1.4066782
870,0.625,0,0.6855011498817783,0.65549284,0.77500105,1.4864626
871,0.775,1,0.78198896342521,1.5528708,1.3146806,1.1277804
872,0.875,1,0.8343729505107547,2.2009807,2.0587842,0.9510691
873,0.85,1,0.8533613538279765,2.4672165,2.284009,0.25062218
874,0.75,1,0.8526101522474321,2.407631,2.262718,0.6636282
875,0.8,1,0.8239609480196984,2.1022599,1.8501174,1.1134288
876,0.8,1,0.8416868152661867,2.2043717,2.0355515,1.0004088
877,0.75,1,0.8560601468351579,2.4682693,2.327543,0.9192028
878,0.775,1,0.8434107977054419,2.2874594,2.152296,0.95725036
879,0.975,1,0.8233590839938206,2.2343993,2.094103,0.051737636
880,0.975,1,0.8113297871039407,1.9299307,1.7175994,1.3542621
881,0.525,1,0.7710416655302081,1.4476609,1.293464,0.8616755
882,0.8,0,0.8363045721495954,2.3816748,2.7413535,0.805447
883,0.95,1,0.8262302139910673,2.0948126,1.9178638,0.97093034
884,0.85,1,0.8685556309772523,2.6671884,2.5129142,0.94261086
885,0.7,1,0.6969121016772619,0.8620255,0.5878409,1.0332226
886,0.925,1,0.8494683958455541,2.4638095,2.2846932,0.4932815
887,0.925,1,0.8552164721526136,2.4099903,2.179852,1.1084145
888,0.925,1,0.8467400523662733,2.4339685,2.3307352,0.28500995
889,0.85,1,0.8253701788651311,2.1386724,1.9060477,1.1830647
890,0.65,1,0.828222668714979,2.1536462,1.9057112,0.8148428
891,0.9,1,0.8162847062316041,1.9690139,1.765415,1.1492977
892,0.85,1,0.8154300119976353,1.9318745,1.7024212,1.0218548
893,0.6,1,0.8365745579589476,2.2742295,2.0253577,0.53201735
894,0.725,0,0.7596610599627945,1.4273324,1.6939996,1.0432001
895,0.775,1,0.772174090725384,1.456645,1.2402734,0.31041494
896,0.975,1,0.8137865836979572,1.9062645,1.6960478,1.1239176
897,0.9,1,0.8536787246713141,2.4577844,2.312805,1.0152786
898,0.775,1,0.8461940774635585,2.3889248,2.2794514,0.45699725
899,0.925,1,0.8181509972738645,2.0368378,1.8070121,1.3556247
900,0.825,1,0.759800673237246,1.4241551,1.1930618,0.21904162
901,0.8,1,0.8435037557706974,2.2835362,2.183449,1.2236906
902,0.875,1,0.763562923280844,1.3476173,1.1421045,0.65459085
903,0.95,1,0.8158621649667439,2.027969,1.9319398,0.41499075
904,0.5,1,0.7408095052425323,1.3972929,1.051807,0.49639454
905,0.7,1,0.7948232830181108,1.7896526,1.5833809,0.9317901
906,0.95,1,0.8245795954768242,2.0664706,1.915413,0.19730416
907,0.775,0,0.7893758790577137,1.7985779,2.0972943,0.8050455
908,0.9,1,0.7829451512365586,1.7396537,1.5879939,-0.03510025
909,0.975,1,0.8093962217844339,2.0430558,1.8489614,-0.008201569
910,0.9,1,0.7770662990222916,1.6928408,1.3668692,0.9972719
911,0.9,1,0.8002798598553551,1.7091534,1.5263183,0.78794944
912,0.95,1,0.8069153390173205,1.8887433,1.6687145,0.71682346
913,0.7,1,0.8328342764977139,2.2141848,1.9493204,0.8902656
914,0.775,1,0.8178020540161866,1.900938,1.7279685,1.1296515
915,0.95,1,0.8370533928829216,2.2302976,2.1493235,0.19765314
916,0.875,1,0.807255154353477,1.8861909,1.658021,1.0716822
917,0.85,1,0.8513507688582,2.4332125,2.3626485,0.49339065
918,0.9,1,0.8632600908604795,2.5590696,2.3962507,0.8838619
919,0.9,1,0.8435941902098988,2.28044,2.0541835,0.70891106
920,0.7,1,0.8490524433169194,2.4529016,2.2417767,0.28946796
921,0.85,1,0.824220358072555,2.0585768,1.8656161,1.140481
922,0.775,1,0.8423605660692719,2.279951,2.0258837,0.65717185
923,0.85,1,0.8691089117682604,2.6711853,2.492652,1.0704067
924,0.775,1,0.8109723667593938,1.9585063,1.7610776,0.6824498
925,0.9,1,0.8709356956174478,2.6334991,2.4640322,0.8185688
926,0.95,1,0.8370544271194944,2.1139903,1.9419739,1.4030261
927,0.95,1,0.8225261069802303,2.1873739,1.993619,0.52124894
928,0.7,1,0.7324161420336468,1.1885676,0.9201076,0.69863975
929,0.625,1,0.7949747591769024,1.8014808,1.608629,0.19335774
930,0.85,1,0.8748979865378703,2.7507157,2.6110992,0.7994137
931,0.8,1,0.8279110075735778,2.144647,1.9465778,1.1198425
932,0.65,1,0.773651111807694,1.5195231,1.2767339,0.63845336
933,0.9,1,0.8186561594676179,2.082732,1.9542,0.47514257
934,0.65,1,0.7400781691367354,1.1181377,0.92757034,1.1099399
935,0.65,1,0.7529182022658101,1.2208898,0.9823194,1.1198363
936,0.775,1,0.8227786039573187,2.033097,1.8369684,1.1989045
937,0.775,1,0.7966603201507119,1.8904703,1.7367902,0.7150692
938,0.7,1,0.8196556148588263,2.0748694,1.8274214,1.1289513
939,0.825,1,0.833710084437236,2.160075,1.9612505,1.0190828
940,0.775,1,0.8498160224041005,2.3742166,2.1336412,1.2201672
941,0.775,1,0.8249115872042074,2.1097176,1.9175985,0.7855108
942,0.725,1,0.8066485182532833,1.9079998,1.6993253,0.74277496
943,0.75,1,0.8765061079285521,2.7108097,2.5490549,0.6713184
944,0.725,0,0.7734261438652691,1.7516854,1.9992266,0.81310856
945,0.8,1,0.7271815518392525,1.1506078,0.8671174,0.8713721
946,0.8,1,0.8258614274694319,2.123972,1.9309604,0.8738599
947,0.75,1,0.8150709165235461,1.9797189,1.8171463,1.1940916
948,0.85,1,0.7170644309810416,0.96237993,0.8963646,0.08810118
949,0.825,1,0.7958361851742176,1.740654,1.5220206,0.88029456
950,0.9,1,0.8385126817860455,2.3138733,2.1465197,0.37269822
951,0.75,0,0.6839152291405027,0.6711877,0.8446622,1.1640866
952,0.95,1,0.7810468454079595,1.6169775,1.4635559,0.055474907
953,0.925,1,0.8163276583476035,1.9345474,1.707685,1.0522636
954,0.9,1,0.7932039485930025,1.85256,1.7270572,0.21945497
955,0.85,1,0.8097458752733048,1.8619206,1.6653817,0.82524
956,0.6,1,0.7926221611972122,1.8064976,1.6530019,0.0779939
957,0.775,1,0.7814222314937842,1.6090186,1.3882954,0.71438646
958,0.8,1,0.8374998232306597,2.2337656,2.0826063,0.8831737
959,0.8,1,0.8423041992636087,2.3276453,2.1563127,0.74868786
960,0.9,1,0.7988211569350002,1.7765491,1.6172562,0.49342147
961,0.825,1,0.6942044876785459,0.8387164,0.5475595,0.5466746
962,0.825,1,0.7981386743527641,1.7404585,1.6190724,0.4332572
963,0.725,1,0.7887218373185982,1.5996689,1.3771405,0.98734117
964,0.825,0,0.7985633038436738,1.7508028,2.0955436,0.9358026
965,0.75,1,0.7810891750966396,1.5641731,1.3793889,0.51519716
966,0.925,1,0.8356183270698558,2.1825547,1.999922,1.4182072
967,0.8,1,0.8246483930896797,2.0407271,1.8954687,0.8105905
968,0.875,1,0.8493918175426568,2.3804739,2.1764457,0.43727532
969,0.675,0,0.7562023217223519,1.4165636,1.6882372,0.7789508
970,0.7,0,0.7863916284484986,1.7282736,2.0890846,1.078524
971,0.95,1,0.7699056872968217,1.4135526,1.2038593,1.146029
972,0.975,1,0.8254085844721559,2.101116,1.9878625,0.3956655
973,0.875,1,0.7963696277196406,1.7648807,1.5831451,0.31103006
974,0.625,0,0.790447632807554,1.7651818,2.0616777,1.3660691
975,0.8,0,0.8258493336068116,2.286591,2.5952086,0.9299761
976,0.9,0,0.7058874195633436,1.011452,1.1121528,0.9455602
977,0.75,1,0.8065382730628416,1.896681,1.6729456,1.1063813
978,0.825,1,0.8455516988122131,2.3599033,2.2024155,0.85890055
979,0.8,1,0.8145230952869534,2.0030832,1.7822917,0.7942139
980,0.9,1,0.8421422400446344,2.3877728,2.2409246,0.0007006824
981,0.75,1,0.748758361217348,1.3166959,0.99352515,1.0308499
982,0.875,1,0.8011342520304667,1.8213345,1.592272,0.9315928
983,0.95,1,0.8512269922356374,2.395401,2.3328576,0.22118673
984,0.875,1,0.8624542829551067,2.595191,2.490723,0.44172558
985,0.775,1,0.8546610110723756,2.462947,2.3016343,0.97383857
986,0.95,1,0.7857962510252967,1.5882995,1.3324934,0.8755125
987,0.85,1,0.8192591835579416,2.0145345,1.8399866,0.39604488
988,0.85,1,0.8593211679474225,2.405696,2.2675908,1.2386057
989,0.9,1,0.8348324184652581,2.2110095,1.998151,0.5212375
990,0.95,1,0.8653602732163107,2.5189734,2.4172792,1.1716413
991,0.7,1,0.7953901785787656,1.7381833,1.5149384,0.56298244
992,0.75,1,0.8457783194294538,2.276833,2.0935879,1.0915569
993,0.825,1,0.8446379778005724,2.3621507,2.2825198,0.3117741
994,0.85,1,0.8220244856849113,2.1110659,1.8752024,1.0337436
995,0.825,0,0.7391399581013018,1.2389166,1.438972,1.5696417
996,0.725,1,0.7902309538310484,1.8393118,1.5298364,1.0554862
997,0.8,0,0.7532809456382686,1.3718545,1.6952128,0.7482302
998,0.8,1,0.8003385360224768,1.8375967,1.6584033,1.0107363
999,0.85,1,0.7796578362115928,1.5164826,1.3854053,1.2110629
1000,0.8,1,0.8240562458941374,2.1100912,1.959971,1.0386063
1001,0.975,1,0.8341581865431613,2.2117586,2.1009529,0.8079221
1002,0.8,0,0.7195788777138405,1.2002635,1.4358307,0.88494384
1003,0.725,0,0.7300628693220688,1.1235322,1.3624964,0.6050292
1004,0.875,1,0.8125637756110663,2.0460846,1.863871,0.2641283
1005,0.775,1,0.8081478767194514,1.8405373,1.6502979,1.1670861
1006,0.725,1,0.737381489721338,1.2002099,0.8725601,1.082744
1007,0.8,1,0.8383459800376343,2.17269,2.0198932,1.1220598
1008,0.8,0,0.7239802233284964,1.1436863,1.2791026,1.2891253
1009,0.875,1,0.7727872646811837,1.4018984,1.2069347,1.0420642
1010,0.925,0,0.8319798752433241,2.2938502,2.6575468,0.924361
1011,0.675,1,0.7744523841858396,1.5590996,1.4103572,0.5275742
1012,0.8,1,0.8126381198002033,1.9958955,1.7397053,0.70538414
1013,0.725,1,0.8146535003137411,1.9078587,1.6931918,0.7097422
1014,0.875,1,0.8371588055544238,2.2219312,1.9971669,1.1889122
1015,0.925,1,0.819990842711527,1.9597113,1.8438299,0.97852135
1016,0.825,1,0.8675171009310311,2.5661006,2.4337254,1.1450098
1017,0.95,1,0.8481326801210191,2.3799713,2.2655272,0.41625676
1018,0.95,1,0.8071520956123337,2.0218534,1.8704244,-0.3753036
1019,0.925,1,0.8399748536544579,2.4280844,2.2898698,0.06606075
1020,0.925,1,0.8018132941723873,1.7554116,1.5377853,0.68465793
1021,0.95,1,0.8039043578839207,1.764019,1.5499291,0.8710724
1022,0.925,1,0.7451868166297223,1.1759753,0.9724793,1.1361586
1023,0.85,0,0.7437861053642337,1.1556215,1.4333103,1.2798686
1024,0.95,1,0.8051612264373376,1.8741238,1.6718559,1.0437931
1025,0.9,1,0.8843380862173026,2.7866457,2.6335645,0.9867035
1026,0.775,1,0.8329194622435434,2.1893203,2.0654576,0.83114195
1027,0.775,1,0.7981457110132946,1.7479684,1.5484858,1.1653321
1028,0.725,1,0.8050819076484435,1.8567712,1.6867025,0.61311483
1029,0.725,1,0.8149743825009588,1.9166238,1.7934036,0.5198387
1030,0.8,1,0.7995589139038733,1.9934943,1.7070862,0.7382053
1031,0.775,1,0.8400749847150708,2.200083,2.005993,0.78571975
1032,0.8,1,0.8424766004870544,2.343408,2.1329832,1.1590816
1033,0.775,1,0.8117136933729183,1.8782997,1.630225,0.99162567
1034,0.8,1,0.7991025345135955,1.7671764,1.5625067,0.9875047
1035,0.95,1,0.8276203914812577,2.0861795,1.8559911,1.2232945
1036,0.725,0,0.7733746576273233,1.6359366,1.950741,1.0454199
1037,0.875,0,0.7444809692100411,1.2250975,1.5620295,0.77972186
1038,0.8,1,0.8138441216484122,1.9771941,1.7464209,0.7229761
1039,0.75,1,0.8110694362922857,1.9359359,1.7458706,0.8569379
1040,0.8,1,0.7900007941287464,1.6865721,1.4736696,0.5165299
1041,0.875,1,0.8029978912858196,1.7805824,1.5751455,1.072231
1042,0.925,1,0.8771172025373126,2.775363,2.6746738,0.4071215
1043,0.675,0,0.7342058767060129,1.2314107,1.5123179,1.1499639
1044,0.85,1,0.8433574159956844,2.2853136,2.1413293,0.7188655
1045,0.875,0,0.8364367347740933,2.399275,2.735176,1.1027795
1046,0.875,1,0.8146340853474645,1.9959328,1.8154591,0.30826584
1047,0.8,1,0.7752691414409397,1.4993505,1.2798853,0.95780015
1048,0.95,0,0.7397169546734278,1.2044215,1.5342679,0.46297494
1049,0.825,1,0.8197234597255052,1.9911361,1.7888603,1.0576956
1050,0.7,1,0.8665325600083946,2.630136,2.4130547,0.12121025
1051,0.9,0,0.825977840551913,2.2765887,2.6582644,1.0645474
1052,0.5,1,0.7553900175293937,1.5233133,1.2848397,-0.3098571
1053,0.8,1,0.8241885517731986,2.0215685,1.8897797,1.197642
1054,0.975,1,0.8299963717089871,2.1089988,1.9118123,1.1412897
1055,0.925,1,0.889414480525587,2.8662014,2.6797614,0.4616092
1056,0.55,1,0.8375133172617246,2.1975973,2.0188956,1.0944031
1057,0.75,0,0.7484080997431857,1.3994768,1.6182472,1.0986843
1058,0.8,1,0.8148792872916146,1.9896293,1.8670945,0.93972087
1059,0.65,0,0.703023534867344,0.8836307,1.0698075,0.95813406
1060,0.85,1,0.8346095207906843,2.1868258,1.9971642,0.9646077
1061,0.875,1,0.8060401190790567,1.8588386,1.7447443,0.9559903
1062,0.925,1,0.7933085683375316,1.6665609,1.4130981,1.3685715
1063,0.95,1,0.8424046294628152,2.3075204,2.049189,0.90462077
1064,0.85,1,0.8375173009001814,2.229094,2.1039295,0.9833772
1065,0.925,0,0.8100751522735905,2.0355372,2.4190643,0.69670475
1066,0.8,1,0.8417119055817547,2.2828727,2.132559,0.8179728
1067,0.75,1,0.7965225204510604,1.723866,1.4887868,0.64419687
1068,0.75,1,0.7849212376055237,1.634552,1.5137012,0.5727315
1069,0.925,1,0.8286240299089158,2.0418031,1.8229684,1.128909
1070,0.875,1,0.7903517806907762,1.6845708,1.4201518,1.0665761
1071,0.75,1,0.827233150809781,2.0870848,1.9625199,0.78577995
1072,0.775,0,0.8135081947268983,2.0016232,2.3550155,0.90319335
1073,0.675,0,0.7439697043427453,1.3320343,1.5948799,0.18244234
1074,0.925,1,0.8532103830032813,2.4093947,2.1899486,1.061299
1075,0.825,1,0.8360693720019035,2.1221445,1.955028,0.8924643
1076,0.925,1,0.8020538606469217,1.8663771,1.6530495,0.52756035
1077,0.85,1,0.8456950701634269,2.4195752,2.2450905,0.23695216
1078,0.75,1,0.8578826522373715,2.4962258,2.3076897,0.68424547
1079,0.65,1,0.741977834485906,1.3258188,1.0213494,0.546281
1080,0.9,1,0.8027068316347663,2.0344763,1.8874807,-0.0418922
1081,0.875,1,0.8334509194682411,2.1667242,1.9418938,1.2306795
1082,0.725,1,0.8689143746514396,2.679453,2.5756834,0.5257493
1083,0.9,1,0.8141182753312795,2.039675,1.8758935,0.45925763
1084,0.8,1,0.7937687951624495,1.7324023,1.5414913,0.6962893
1085,0.725,1,0.8367725804478515,2.2245371,2.0745802,0.87828875
1086,0.75,1,0.8325373017477489,2.1875453,2.0273523,0.84553087
1087,0.725,1,0.8440405918947771,2.2561934,2.0562098,1.1813953
1088,0.875,1,0.8222004851092469,2.175533,1.9502718,1.1394066
1089,0.8,1,0.8065245382349862,1.8284327,1.6637281,0.7360357
1090,0.875,1,0.8438183066401362,2.2869558,2.154865,1.2250159
1091,0.65,1,0.7932721148315856,1.8630025,1.7203548,0.36488536
1092,0.575,1,0.7919593017215806,1.7814153,1.6052434,0.4857463
1093,0.775,1,0.799563766386562,1.7892013,1.6070278,0.820035
1094,0.75,1,0.8034626140187019,1.895489,1.722395,0.46181223
1095,0.625,1,0.8098314017190876,1.9102495,1.6951025,0.83809876
1096,0.675,1,0.8419202011783296,2.281063,2.0484016,1.0946573
1097,0.65,1,0.754177127828817,1.3873403,1.0759208,0.65179265
1098,0.725,1,0.8199998910078734,2.0690444,1.8478086,0.7887641
1099,0.65,0,0.6944119213947744,0.8420866,1.0814339,1.2527691
1100,0.925,1,0.8001238642347974,1.8193715,1.6658688,0.32313666
1101,0.7,1,0.8009452050357274,1.8774297,1.6311823,1.1104163
1102,0.9,0,0.7622641414930793,1.376939,1.7039846,1.089878
1103,0.825,1,0.813041454240587,1.9994352,1.7781107,1.1298757
1104,0.95,1,0.811907014834863,1.8902323,1.7005243,0.923939
1105,0.8,0,0.7637866923732717,1.4407401,1.7320209,1.3403097
1106,0.85,1,0.8605494630505978,2.542914,2.4482381,-0.18032971
1107,0.825,1,0.7978950122393631,1.7633234,1.539039,0.8434025
1108,0.575,1,0.7964734252500937,1.6727368,1.5271976,0.9827142
1109,0.725,1,0.78523134980907,1.6897428,1.5426345,0.22398987
1110,0.75,1,0.8548814737872825,2.4638088,2.3016772,0.84812534
1111,0.875,1,0.8354855188301253,2.1854777,1.9954782,1.4655843
1112,0.925,1,0.7829978608161533,1.5615249,1.3499079,1.0805323
1113,1.0,1,0.8455972137013841,2.360518,2.1920297,0.50319755
1114,0.875,0,0.785633354264932,1.6123649,1.9261036,1.7322401
1115,0.575,1,0.701537807202435,0.8665694,0.5759913,0.87504375
1116,0.875,1,0.8171694302170407,2.0401227,1.9061229,0.22502986
1117,0.675,1,0.7736498326256663,1.3990755,1.1714265,1.2347878
1118,0.95,1,0.821763926909252,2.0652287,1.9190732,0.9584495
1119,0.625,0,0.6989537867538335,0.9577055,1.131902,1.2354177
1120,0.85,0,0.8255534941338711,2.2857437,2.6488597,0.8448472
1121,0.75,1,0.7921055314936551,1.7064924,1.519836,1.1809111
1122,0.875,1,0.815935312401254,2.0223382,1.879107,0.17634907
1123,0.775,0,0.8236953862665817,2.2292645,2.5949516,0.655233
1124,0.75,1,0.786500130314156,1.6229088,1.4131968,0.41646174
1125,0.875,1,0.8250464229530903,2.0663726,1.8710461,1.063344
1126,0.725,1,0.7549490182938741,1.2175229,1.0527313,0.5907115
1127,0.775,1,0.8222310818189675,2.2491841,1.9504673,0.58339715
1128,0.975,1,0.8246668704993328,2.1876347,1.9181743,1.2749621
1129,0.825,0,0.7666292696927677,1.5120422,1.7818706,1.1506563
1130,0.975,1,0.7825664169581655,1.7684183,1.4873364,0.12949637
1131,0.925,1,0.8314696122336812,2.201969,2.0063024,0.63539875
1132,0.85,0,0.7775949818392357,1.6228867,1.8964596,0.92142594
1133,0.7,1,0.7973482068107726,1.8139797,1.6644568,-0.27099803
1134,0.825,0,0.7563419332622641,1.3650136,1.6703529,1.4050658
1135,0.725,1,0.8454534683454837,2.2852824,2.1086812,0.85941744
1136,0.6,1,0.8362483914710594,2.2179687,2.1313465,0.831385
1137,0.75,1,0.800076607615296,1.7145668,1.5046082,1.0471151
1138,0.8,1,0.795893899175952,1.7640587,1.612951,0.9425453
1139,0.875,1,0.799035640066991,1.701772,1.589135,1.1438046
1140,0.6,1,0.8051205992651806,1.7910357,1.5796008,1.2590618
1141,0.9,1,0.7067400116249184,1.010438,0.7707509,0.3674474
1142,0.85,0,0.7715054020901998,1.629008,1.9236519,0.7882477
1143,0.7,1,0.8342477903583901,2.1950412,1.9750779,0.786456
1144,0.75,1,0.847527400303703,2.367207,2.1764574,1.2417239
1145,0.65,1,0.8322560185980803,2.211704,2.0050273,0.60751593
1146,0.95,1,0.8410077648871005,2.220066,2.0727255,1.0356878
1147,0.8,1,0.8376483675273211,2.2434247,2.0849218,1.1401697
1148,0.75,0,0.766243018175137,1.401088,1.6844597,1.6331555
1149,0.8,1,0.8258520430746572,2.16428,1.9694734,0.745245
1150,0.75,1,0.798514234996046,1.7555001,1.5583912,1.4908338
1151,0.925,1,0.8670113463178225,2.5575132,2.4238982,0.10507831
1152,0.85,1,0.8498541687577735,2.351559,2.1589506,1.4137089
1153,0.525,1,0.7942009848629179,1.8548851,1.7027688,-0.066660196
1154,0.7,1,0.8066569103662666,1.8890574,1.6752872,0.40997162
1155,0.9,1,0.8478505504712505,2.446289,2.24002,0.6590923
1156,0.6,1,0.7372617640505512,1.1125841,0.9323709,1.1338192
1157,0.75,1,0.8034785334026029,1.8631096,1.6397825,0.9011246
1158,0.95,1,0.7313471500073376,1.2835441,0.9825269,0.0009819567
1159,0.875,1,0.8164268963830619,1.9860544,1.8983095,0.259163
1160,0.7,1,0.8037679234850607,1.7838669,1.621742,0.2266058
1161,0.7,0,0.7802199351798307,1.676103,1.9272412,1.011906
1162,0.85,1,0.8239809246495694,2.053385,1.886781,0.9037154
1163,0.775,1,0.8292282287882934,2.217295,2.101562,0.6209711
1164,0.875,1,0.817816131305983,2.0505986,1.7760373,0.9578444
1165,0.675,1,0.7815688639859275,1.5735849,1.3825431,0.78021586
1166,0.85,1,0.8623413093531913,2.6017923,2.4355288,1.0120387
1167,0.7,1,0.813996436609595,1.9203603,1.7545273,0.89964616
1168,0.675,1,0.7694287977936866,1.3867921,1.1688864,0.59431636
1169,0.8,1,0.7990434045336119,1.7986742,1.5764836,0.938007
1170,0.775,1,0.8155686837246041,1.9819015,1.7620898,1.3469483
1171,1.0,1,0.8496938441568987,2.4633293,2.2287104,0.61178887
1172,0.95,1,0.8364290565380508,2.14674,2.0082922,0.86226666
1173,0.775,1,0.7837411828189151,1.5555826,1.3998936,0.4579958
1174,0.725,1,0.8267438048790419,2.1078918,1.9832854,0.6713902
1175,1.0,1,0.7879870874706795,1.7184961,1.5608261,0.38630775
1176,0.725,1,0.8127484183130063,1.9925885,1.7613763,0.92859745
1177,0.9,1,0.8146421795176917,1.8898647,1.6716163,0.923612
1178,0.8,1,0.8137278121667926,1.9762603,1.760393,0.86385286
1179,0.825,1,0.799325268631196,1.80307,1.5840268,0.5327784
1180,0.85,1,0.8325614385170556,2.1516995,1.898874,0.7822586
1181,0.775,0,0.7969573782381025,1.8671563,2.1971073,0.3741373
1182,0.925,1,0.8058388270963138,1.8280642,1.6305773,0.59472
1183,0.9,1,0.8595722072908232,2.43049,2.267696,0.9988524
1184,0.575,1,0.7797056844263496,1.7284032,1.5095656,0.09958556
1185,0.625,1,0.6976432582607952,0.970572,0.65749294,0.25923952
1186,0.825,0,0.8046855343437243,1.9793376,2.3258133,1.0101622
1187,0.675,1,0.7827707284836304,1.5326494,1.3157864,0.87704504
1188,0.775,1,0.8030016773985997,1.7461791,1.522984,1.5765575
1189,0.9,1,0.8364619865926404,2.2373033,2.0502648,1.1661823
1190,0.775,1,0.8116166092424231,1.9461081,1.7359917,0.94830966
1191,0.8,0,0.7709700873199546,1.6675205,2.0346897,1.0524131
1192,0.8,1,0.8130220041271033,1.9272034,1.7230949,0.70038414
1193,0.9,1,0.833075283119479,2.2177157,2.0480452,1.0412695
1194,0.825,1,0.7936186134523924,1.7538248,1.5233856,1.0878139
1195,0.85,1,0.8411414895507641,2.327436,2.0479484,1.0220474
1196,0.9,1,0.8028834514265474,2.0776565,1.7806737,0.34783408
1197,0.575,1,0.7963104518200675,1.8474296,1.6196479,0.38043228
1198,0.875,1,0.8561701531660058,2.4703512,2.3560433,0.3679436
1199,0.475,0,0.7227817221712636,0.93344986,1.2031972,1.2127746
1200,0.525,1,0.7727881566310375,1.4434261,1.2589579,0.7971692
1201,0.725,1,0.8662710327659244,2.614243,2.4830694,0.45484886
1202,0.75,0,0.7564844447095669,1.3562484,1.6089432,1.3926654
1203,0.9,1,0.8645852462917718,2.5431275,2.383297,1.1878535
1204,0.975,1,0.8711095693649529,2.6491945,2.4833345,1.3531337
1205,0.95,1,0.8109866210668197,1.9828268,1.7820945,1.138656
1206,0.875,1,0.8419695644410308,2.3298433,2.2523663,0.6087917
1207,0.975,0,0.7588258525447573,1.5769161,1.8104825,1.1303321
1208,0.75,1,0.774754370411933,1.6292858,1.3631086,1.2230352
1209,0.875,0,0.8071552621694026,2.0322971,2.3857512,1.3713275
1210,0.75,1,0.7549198616458892,1.4677052,1.2558339,0.42146024
1211,0.9,1,0.8250948239798623,2.1233704,1.9409733,0.56954134
1212,0.725,0,0.7265249636482535,1.1606114,1.3546779,1.198555
1213,0.85,1,0.7963819035022759,1.8168145,1.6193357,0.2800273
1214,0.95,1,0.8365410210721871,2.1617322,1.988698,1.1732528
1215,0.75,1,0.8068352816586148,2.0061007,1.8003969,0.29347315
1216,0.55,0,0.7383320616241148,1.2428504,1.5372845,0.86779344
1217,0.725,1,0.8167452079408524,2.1296308,1.9809357,-0.11409941
1218,0.8,1,0.8559561215997847,2.4272227,2.2997465,1.008852
1219,0.725,0,0.7410761782218863,1.2222705,1.5028338,1.1089319
1220,0.625,1,0.7970813830951136,1.7899833,1.5938951,0.7020192
1221,0.55,1,0.7776826742006511,1.5564882,1.3400342,0.4764916
1222,0.925,1,0.775142342560647,1.647123,1.5156413,0.13748452
1223,0.85,1,0.8261586854797969,2.0870984,1.9324032,0.761521
1224,0.6,1,0.7847107198662302,1.5493491,1.3618568,1.2304523
1225,0.85,1,0.8582105931057253,2.5891373,2.4741025,0.2975367
1226,0.975,1,0.8147325969244816,1.9885968,1.8458276,0.0082811415
1227,0.875,1,0.8205200756969268,2.0367415,1.7869427,0.8877915
1228,0.7,1,0.7482620944907707,1.2251223,0.9998059,0.7159543
1229,0.925,1,0.8616646954070499,2.5068665,2.4047413,1.1320485
1230,0.95,1,0.8343527636859083,2.0953417,1.9075441,0.931779
1231,0.6,1,0.7930599205246001,1.6735861,1.4556272,1.1230645
1232,0.9,1,0.8275767586292526,2.152028,2.0163906,0.8509486
1233,0.75,1,0.8128709801470919,2.0234957,1.9001123,0.7693285
1234,0.85,1,0.84800217929645,2.3307407,2.1953692,1.3222464
1235,0.775,1,0.8127987583307124,1.9283375,1.8012674,0.89074063
1236,0.525,0,0.7365325201942904,1.1778456,1.5294476,0.7788143
1237,0.8,1,0.7950490166471892,1.7148836,1.4714191,1.3610234
1238,0.725,0,0.7630699476876011,1.3763118,1.702334,1.3526717
1239,0.775,1,0.8220134474735659,2.0975585,1.9414456,0.37179437
1240,0.625,0,0.6850111303487173,0.5326682,0.8610808,1.8977116
1241,0.975,0,0.7762613534371756,1.6411358,1.9091711,1.1035442
1242,0.925,1,0.8300987953719842,2.1248255,1.9530742,1.0516365
1243,0.95,1,0.8382087762230158,2.2840393,2.1501849,0.8351476
1244,0.875,1,0.8311388010437761,2.1451738,1.9737868,1.3008878
1245,0.875,1,0.8438782066831074,2.3393736,2.2186222,0.5668746
1246,0.75,0,0.7514076518929428,1.2447639,1.5522492,1.6095387
1247,0.775,1,0.7925432573219111,1.6637514,1.404287,0.99883664
1248,0.8,1,0.8243113322117812,2.2304332,2.0960193,0.3119931
1249,0.825,1,0.8841621572946686,2.789597,2.6125417,0.72842824
1250,0.6,0,0.74603348681213,1.2608696,1.4851203,1.2763429
1251,0.7,1,0.8319343967945032,2.1633348,1.9349916,0.8089098
1252,0.675,1,0.829501936674663,2.1209,1.9488065,0.96591043
1253,0.7,1,0.7448528047410361,1.2312428,1.0507959,1.4517182
1254,0.925,1,0.8723179958487237,2.6373932,2.533602,0.28352246
1255,0.95,1,0.8053634142538142,1.745014,1.5095536,1.2563072
1256,0.75,0,0.8065452120540992,1.8951209,2.2331076,1.2602302
1257,0.65,0,0.7197610779576202,0.85406333,1.1221071,1.0820259
1258,1.0,1,0.8583388499397009,2.5319664,2.4087796,0.07243058
1259,0.975,1,0.8169588432570938,2.0498426,1.9070895,-0.11436352
1260,0.7,1,0.8311810179401625,2.2017987,2.0084107,0.7674022
1261,0.95,1,0.8552564185300391,2.4425335,2.1860077,0.8145126
1262,0.75,0,0.7773114585262422,1.6949642,1.9813089,0.7704452
1263,0.975,1,0.8578745556148948,2.443801,2.253724,1.2462407
1264,0.875,1,0.8305077708415707,2.0881906,1.9476411,1.1329732
1265,0.95,1,0.8279740998253932,2.1829119,2.0602202,0.17916521
1266,0.675,1,0.8067488070192839,1.9508736,1.7837875,-0.12513718
1267,0.825,1,0.8399560317841155,2.2241902,2.089355,1.1787591
1268,0.85,1,0.7580071720456902,1.3325989,1.114242,0.48013356
1269,0.675,0,0.6834297700740308,0.67904305,0.9067445,1.1028312
1270,0.7,1,0.7859150758211708,1.5902514,1.3976297,0.7069005
1271,0.775,1,0.8327580793686292,2.175142,1.9423738,1.255651
1272,0.875,1,0.8656144960583434,2.5887625,2.463835,0.8601098
1273,0.75,1,0.8475631546432787,2.3235373,2.1787765,1.155297
1274,0.75,0,0.6936800768113847,0.56749237,0.8327753,1.3869694
1275,0.825,1,0.8437794215274419,2.329352,2.1346977,0.7958839
1276,0.975,1,0.863033505658859,2.6133022,2.4511971,0.6646749
1277,0.8,1,0.8152467716315437,1.9801843,1.7470766,0.7933992
1278,0.725,1,0.8276386619319132,2.2187715,2.1114018,0.6877222
1279,0.8,1,0.7641223683967637,1.4694937,1.3761079,0.9188969
1280,0.675,1,0.7870451079184656,1.6611565,1.4417552,0.3546318
1281,0.95,1,0.8592534054649698,2.5234478,2.2977922,1.2900732
1282,0.75,1,0.8131886337139901,1.903147,1.7332537,0.5695771
1283,0.75,0,0.8082030602484769,2.0253665,2.3972104,1.0210495
1284,0.825,1,0.8719737471117769,2.5718484,2.3992114,0.9755801
1285,0.7,1,0.8130533942786883,1.9848175,1.7677604,0.75625753
1286,0.775,1,0.8076558553165581,1.9495758,1.6700591,0.90612864
1287,0.675,1,0.7939084028619424,1.7613189,1.5684717,0.6628072
1288,0.85,1,0.7855056231115776,1.6272824,1.3736684,1.0402368
1289,0.55,0,0.7722830981715267,1.6296536,1.9481069,1.4097544
1290,0.6,1,0.8095932451070944,1.8603809,1.6539795,0.9163315
1291,0.8,1,0.7704413498198097,1.4769902,1.238709,0.8212801
1292,0.675,1,0.8377495523721624,2.2333899,2.122044,0.7137604
1293,0.775,1,0.8650037074541563,2.6279945,2.516165,0.7699404
1294,0.725,0,0.7783142825314349,1.6469615,1.9638081,1.0309309
1295,0.85,1,0.7341743098826963,1.1177087,0.990577,0.25862864
1296,0.9,1,0.8262574054013537,2.1036153,1.9940655,0.39330444
1297,0.7,0,0.7390021706460841,1.1817621,1.4530991,0.36587802
1298,0.775,1,0.8279846913582692,2.0631242,1.9100704,1.2092178
1299,0.825,1,0.8083857762886045,1.9223403,1.7208638,0.759588
1300,0.675,1,0.8068549643098761,1.878287,1.6438342,0.46402422
1301,0.7,1,0.7995733395794679,1.8358862,1.6648815,0.81435704
1302,0.825,0,0.7734961910034799,1.6316996,1.934485,0.84746075
1303,0.925,0,0.8041072877460287,2.0653281,2.3855362,0.89596987
1304,0.85,1,0.7762416813190964,1.6294994,1.3723204,0.84299386
1305,0.875,1,0.776161306301157,1.7534484,1.5232923,0.20069358
1306,0.825,1,0.8411858556015082,2.3008757,2.148825,0.7432754
1307,0.725,0,0.6985218732002716,0.8338994,1.0071263,1.5065664
1308,1.0,1,0.8564927771091845,2.5626383,2.4260337,0.3619841
1309,0.675,1,0.8136444904516702,2.031988,1.8213446,0.6655867
1310,0.825,1,0.8767640036893775,2.6913807,2.535201,0.46091232
1311,0.875,1,0.8420577960867686,2.317871,2.1074777,0.250883
1312,0.625,1,0.7992330742473318,1.7941418,1.6583343,0.8453319
1313,0.7,1,0.8513005336914653,2.3840823,2.2174816,0.5767628
1314,0.75,1,0.7598769304310369,1.5553383,1.3643422,0.45381054
1315,0.8,1,0.8467808427627546,2.3321292,2.2436342,-0.054895192
1316,0.975,1,0.8071283521965026,1.855707,1.6044612,1.4651707
1317,0.7,1,0.7472096498974254,1.119369,0.86044484,1.0822318
1318,0.8,1,0.8400901485148928,2.2819319,2.1472876,0.8816986
1319,0.7,0,0.7506927768205585,1.564791,1.7334687,0.32867518
1320,0.675,1,0.7937748044304731,1.7499455,1.5507377,0.6453917
1321,0.725,0,0.6858733111319492,0.5947699,0.7751182,1.4831581
1322,0.625,0,0.7673912504401733,1.3992064,1.763195,0.7583548
1323,0.775,0,0.6862179975559546,0.7012199,0.93460083,0.86985254
1324,0.65,0,0.7002437686958264,0.7503797,0.94755614,1.888048
1325,0.725,0,0.7468652126141848,1.2808096,1.6262734,0.8727881
1326,0.825,1,0.7804187964086967,1.5438254,1.3908594,0.81217635
1327,0.9,1,0.8102318957991592,1.9684937,1.8036294,0.4099771
1328,0.9,1,0.8468361040751148,2.4778256,2.4020834,0.58432376
1329,0.65,1,0.847331173678348,2.3964953,2.17523,0.1728808
1330,0.8,0,0.7468342810919555,1.2278291,1.4852601,0.9566201
1331,0.875,1,0.8600933019597947,2.5565572,2.4510176,0.33433875
1332,0.5,1,0.8475432853266867,2.3953316,2.1867137,0.7257205
1333,0.725,1,0.8097776826251284,1.9189043,1.7518399,0.7643883
1334,0.85,1,0.8313480848480775,2.1947684,1.9628289,0.8293358
1335,0.675,0,0.7821462395386745,1.7020408,1.9566712,0.4326326
1336,0.825,1,0.7558172900581124,1.2890353,1.1132681,0.7853795
1337,0.65,0,0.7590020885606195,1.669869,2.0126991,0.3265439
1338,0.7,1,0.7618382319795152,1.408715,1.2133944,0.5116924
1339,0.75,1,0.8445887050551734,2.3161805,2.1826267,0.513492
1340,0.725,1,0.7598170093873999,1.3161389,1.1270077,0.7363076
1341,0.85,0,0.8065214238601816,1.9957705,2.2929533,1.0082613
1342,0.725,1,0.7674906407402593,1.4771962,1.3097497,0.8942578
1343,0.85,1,0.8421894137710577,2.2714407,2.1295447,1.2382656
1344,0.85,1,0.778886473927328,1.576875,1.394855,0.2934653
1345,0.9,1,0.8430514066339875,2.2893536,2.150304,0.85284615
1346,0.85,1,0.8722711851837349,2.6869793,2.576344,0.28701672
1347,0.8,0,0.7164656688080019,0.8500712,1.1289473,1.0412425
1348,0.775,1,0.8512464959701147,2.3696494,2.2127962,0.7070991
1349,0.65,1,0.8233964159857518,2.2180214,1.9370248,0.19222084
1350,0.8,0,0.7794573215390335,1.5712707,1.9249287,1.3235645
1351,0.8,1,0.8026311140068375,1.774415,1.5890868,1.0633228
1352,0.6,1,0.8013908117134427,1.9372272,1.689492,0.72141314
1353,0.8,0,0.7787616989406596,1.7444538,2.1287093,0.46329197
1354,0.625,1,0.7837899984221528,1.5740658,1.3973885,0.7334323
1355,0.925,1,0.8572122616013312,2.4749048,2.2982187,0.6790527
1356,0.875,1,0.8382805632736702,2.3182883,2.1635122,0.69880974
1357,0.6,1,0.8712597064482162,2.6885102,2.5341358,0.6639701
1358,0.925,1,0.8323429500125455,2.206283,2.0717835,0.5983757
1359,0.675,1,0.7944904532320052,1.7635646,1.5539272,0.9014176
1360,0.7,1,0.792641139959839,1.7200437,1.5366743,0.7473569
1361,0.7,1,0.807844568241427,1.8192909,1.5991633,1.2680392
1362,0.9,1,0.8247204772083498,2.1072342,1.9154398,0.73852384
1363,0.825,1,0.8228350258529167,2.1697047,2.06118,0.076585025
1364,0.8,1,0.8505972401462123,2.2595093,2.134442,0.8747226
1365,0.8,1,0.7973925813537828,1.7644291,1.5335262,1.0933688
1366,0.725,1,0.7767251556500119,1.5704134,1.412022,0.9911938
1367,0.925,1,0.7800550560327366,1.6540025,1.4634938,0.44046536
1368,0.525,0,0.7526599436376683,1.3223665,1.6378075,0.7857715
1369,0.85,1,0.8119806569452888,1.9689004,1.8262072,1.1342461
1370,0.875,1,0.859501642805789,2.5454237,2.401619,0.9651028
1371,0.775,1,0.79594382072704,1.6929436,1.4612178,0.78958976
1372,0.85,1,0.8813995916118398,2.8489337,2.7227762,0.5099584
1373,0.775,0,0.7106664655187105,0.9073409,1.2607831,1.0255126
1374,0.825,1,0.8210301837514495,2.04501,1.7852281,0.93978274
1375,0.55,0,0.7204531886892467,1.0832319,1.3369225,1.2002085
1376,0.9,1,0.8170867662726019,2.068962,1.9139249,0.27703395
1377,0.7,1,0.7643700770929643,1.3295609,1.1436906,0.7716861
1378,0.675,0,0.7804174750792003,1.7279444,2.0619678,0.70943403
1379,0.775,1,0.7722563938993465,1.4408872,1.2805511,0.84122026
1380,0.725,0,0.7684481003463145,1.5273423,1.8535593,1.0143608
1381,0.925,1,0.8192423621399311,2.0823772,1.9514178,0.6994916
1382,0.95,1,0.838724219757781,2.2738662,2.1385536,0.7702379
1383,0.7,0,0.7571538698685603,1.2497194,1.5670862,1.7505628
1384,0.725,1,0.7904036066793855,1.7057068,1.5399065,0.8110719
1385,0.725,1,0.762815913306564,1.4749645,1.3907052,0.66705096
1386,0.625,1,0.7838424790493419,1.668689,1.4418964,0.8563378
1387,0.675,1,0.8186396044455823,2.0357692,1.7913888,1.2344244
1388,0.75,0,0.7670178860336521,1.517011,1.8309098,0.5464877
1389,0.675,0,0.8151704361391536,2.1464345,2.4602792,0.68534434
1390,0.8,1,0.8129172190570304,1.861729,1.7268195,1.0929508
1391,0.925,1,0.8673082274995743,2.624502,2.4076164,1.1021047
1392,0.925,1,0.8235153854331235,2.061592,1.9625795,0.32497177
1393,0.875,1,0.7868916083312691,1.5989951,1.322187,1.0146028
1394,0.775,1,0.819614672290385,2.0338392,1.8974736,1.006063
1395,0.875,1,0.8418171976876925,2.302722,2.1442566,1.0550545
1396,0.925,1,0.8405440545770297,2.1868982,2.0229974,0.9135622
1397,0.9,1,0.8262825744804916,2.1723108,2.0899484,0.26250848
1398,0.925,1,0.8119889142467759,1.9006186,1.6933405,1.257375
1399,0.825,1,0.7764075476044126,1.4746485,1.2133816,1.2617443
1400,0.775,1,0.7617006761663647,1.4766762,1.2017548,1.4549394
1401,0.55,1,0.821387891642392,2.07075,1.8784571,0.6874572
1402,0.85,1,0.8292382789895634,2.1033926,1.9682174,1.0567816
1403,0.725,0,0.7056994048049157,0.84271705,1.1046185,0.55409515
1404,0.8,1,0.8201786534019646,2.027412,1.9228464,0.9482697
1405,0.75,1,0.8368163505100832,2.3060553,2.1416743,0.66087794
1406,1.0,1,0.8093057203072003,1.8608766,1.6026446,1.2352101
1407,0.775,1,0.8330664707964067,2.1773794,2.0318985,1.0106401
1408,0.8,1,0.7725317163625843,1.4814113,1.2647867,0.7115431
1409,0.85,1,0.836017521834701,2.2196472,2.0535932,0.83873785
1410,0.825,1,0.8305984014458445,2.0952432,1.9336878,1.1881887
1411,0.775,1,0.8244577616977394,2.1319218,1.8534957,1.1140631
1412,0.875,1,0.7492533164823729,1.2052479,1.0187161,0.8234879
1413,0.75,0,0.7184403771905817,0.92518455,1.2032948,0.6938757
1414,0.85,1,0.8307006177521927,2.1370742,1.9423487,1.0583129
1415,0.95,1,0.854669594891937,2.443263,2.2901356,0.81612074
1416,0.875,1,0.8327117097255424,2.2146907,1.9809356,1.0498657
1417,0.75,0,0.793835693570718,1.8212464,2.1703272,0.96889126
1418,0.775,1,0.7984462619005624,1.7639191,1.5770078,0.7174158
1419,0.55,1,0.8351582453476274,2.1671839,1.9533079,0.36353174
1420,0.925,0,0.7658933377852857,1.3856984,1.6887187,1.4113063
1421,0.775,1,0.7699561552468225,1.6267136,1.2765243,0.5878569
1422,0.8,1,0.7664010325777594,1.3581985,1.1453065,1.3072463
1423,0.525,1,0.7861008216968703,1.6290007,1.4539185,0.9047353
1424,0.575,1,0.8200981425464564,2.0336533,1.8724121,0.92324257
1425,0.825,1,0.8298073597239837,2.1335115,1.9127045,1.2669013
1426,0.65,1,0.8188827595004878,1.990958,1.7658842,1.1132147
1427,0.8,1,0.8412499460051729,2.29363,2.116604,0.61390364
1428,0.6,1,0.790988407451239,1.7034122,1.5293661,0.92498744
1429,0.65,1,0.7955680621562874,1.7207072,1.5208069,0.9613733
1430,0.725,1,0.7805677375185217,1.5590041,1.3186991,1.1581354
1431,0.825,1,0.805530707954389,1.8334978,1.5844388,1.3272452
1432,0.9,1,0.8325964397336523,2.1807024,1.9540845,1.141471
1433,0.775,1,0.79688878131032,1.6571974,1.4594376,1.2326624
1434,0.95,1,0.8313076380197879,2.1559427,1.9676249,1.0788798
1435,0.925,1,0.8074753746665928,1.9360975,1.7741687,0.7535404
1436,0.8,1,0.8466568713917166,2.3448853,2.0892684,0.28293744
1437,0.85,1,0.8097741444014952,1.8538866,1.6820514,0.89169693
1438,0.95,1,0.8648273208105329,2.5523386,2.411213,0.7701653
1439,0.95,1,0.8671859932284408,2.6239543,2.5301898,0.5741054
1440,0.925,1,0.8777266945212299,2.7947211,2.7031364,0.14661059
1441,0.675,0,0.7123651618688686,0.92682344,1.135505,1.71669
1442,0.925,1,0.796684059802339,1.7775182,1.5895274,0.49171248
1443,0.625,1,0.7779101966678271,1.7101908,1.5117854,0.8260703
1444,0.875,1,0.8119651645624005,1.8535442,1.627517,0.9436232
1445,0.925,1,0.8225240168395149,2.1224713,1.9556301,0.6097108
1446,0.95,0,0.7672911136034948,1.5354238,1.8587443,0.61601233
1447,0.95,1,0.876486723546757,2.7107327,2.59228,0.47025594
1448,0.675,0,0.8376750925457415,2.3285012,2.624765,0.9666444
1449,0.725,1,0.8136014417656932,1.9467767,1.7939587,0.7921097
1450,0.8,1,0.7628653590006473,1.3633825,1.1298084,1.1692126
1451,0.95,1,0.8309355059679919,2.1049442,1.9507463,1.1111652
1452,0.8,1,0.8093954893909151,1.832658,1.6071849,1.1094728
1453,0.725,1,0.7691964969911178,1.6405303,1.3207376,0.8369702
1454,0.925,1,0.8580751615811746,2.4148974,2.2576685,0.8694886
1455,0.825,1,0.8643040794404991,2.5888233,2.4402466,0.44739208
1456,0.85,0,0.7748736203022355,1.5883129,1.9329908,0.86351764
1457,0.7,0,0.7299927787959813,1.046961,1.323308,0.90012085
1458,0.875,1,0.8009603374229284,1.851655,1.6259274,1.0322841
1459,0.975,1,0.8215050980226707,2.0953093,1.9419948,0.4989194
1460,0.8,1,0.7916077216777622,1.8196684,1.6289306,0.49461707
1461,0.9,1,0.8117413091261749,1.9635937,1.790803,0.2952868
1462,0.675,0,0.7277556662648821,1.1750854,1.4459231,0.7944881
1463,0.775,1,0.8301822437030153,2.1330981,1.9295287,1.1788552
1464,0.625,0,0.7575481388190272,1.6135259,1.8573451,0.85629284
1465,0.875,1,0.7541777054233816,1.3582754,1.155305,0.14574614
1466,0.85,1,0.8636166471138998,2.5398374,2.4508305,0.051601976
1467,0.875,1,0.853127832531409,2.4587421,2.3002346,0.5557302
1468,0.925,1,0.8037940632942034,1.8785812,1.6190509,1.2282764
1469,0.85,1,0.8587942738422697,2.440114,2.280902,1.0638822
1470,0.975,1,0.8553933833058607,2.3962862,2.2276437,1.5207171
1471,0.925,1,0.7889841417667656,1.7260139,1.5851485,0.75008905
1472,1.0,1,0.8407192973939002,2.2310183,2.0520582,1.1424686
1473,0.9,1,0.8397542144419998,2.2616482,2.0280633,1.0547727
1474,0.775,1,0.8064221688229473,1.8094552,1.6470098,0.30728725
1475,0.925,1,0.8182424851291287,1.9431881,1.7264051,0.7229196
1476,0.85,0,0.7465719241377731,1.2359906,1.5219423,1.013235
1477,0.725,1,0.7941980611914723,1.7336342,1.6032412,0.4463884
1478,0.775,1,0.7735064899579647,1.607563,1.5282233,0.29314896
1479,0.75,1,0.8193618835191773,2.042538,1.8971665,0.6656693
1480,0.95,1,0.8352734883920226,2.354142,2.1858804,0.7149348
1481,0.85,1,0.8805538664693262,2.7837026,2.6416616,0.6226362
1482,0.675,1,0.7476521618318233,1.128763,0.85110855,1.0949943
1483,0.875,1,0.8560825279404788,2.458126,2.306322,1.3409373
1484,0.8,1,0.867385182816491,2.615353,2.444825,0.15915284
1485,0.925,1,0.836588870396998,2.25517,2.1921592,0.64607704
1486,0.775,1,0.7636185212174602,1.450182,1.2942936,0.2503694
1487,0.75,1,0.799103586835155,1.7460451,1.5356338,1.150975
1488,0.75,1,0.8074340866621216,1.9095459,1.7050469,1.189118
1489,0.975,1,0.8287413488617253,2.081223,1.805345,1.2025539
1490,0.925,0,0.8230863187068822,2.258868,2.5564182,0.92646396
1491,0.75,1,0.8242423249948319,2.1266906,1.9871228,0.9012219
1492,0.85,1,0.8304957455527633,2.1096568,1.9142857,1.4343352
1493,0.825,1,0.7360057404502975,1.1600064,0.94765776,0.351159
1494,0.75,1,0.8076517321244809,1.954609,1.8014021,0.25839183
1495,0.65,1,0.7216241311964717,1.1465529,0.806349,0.52508426
1496,0.7,1,0.8479894666067739,2.4155247,2.222392,0.12488237
1497,1.0,1,0.8630939870205367,2.6664453,2.4803514,0.39012048
1498,0.9,1,0.8467031298123,2.252563,2.067839,1.1726407
1499,0.725,1,0.8464796929822596,2.3666587,2.1686187,0.8950069
1500,0.85,1,0.8495272784099217,2.3235598,2.148425,1.1275624
1501,0.85,1,0.8350174554423923,2.2449708,1.9998326,0.8265542
1502,0.65,1,0.8369530585032331,2.2625601,2.0702834,0.9409642
1503,0.7,1,0.7946727937336684,1.8189079,1.646691,0.806569
1504,0.875,1,0.8339015381026886,2.1695373,1.9633231,1.146488
1505,0.875,1,0.833077053242498,2.2138488,2.0757766,0.2340714
1506,0.775,1,0.8295530650930394,2.1773267,2.036014,1.1440951
1507,0.725,1,0.8229706369357865,2.0495615,1.7699118,1.2814391
1508,0.775,1,0.8032025248885237,1.8479904,1.6518967,0.47817627
1509,0.975,1,0.8338557309708587,2.265258,2.1698687,0.26042554
1510,1.0,0,0.7785403479514775,1.7242212,2.0577204,0.23921499
1511,0.625,0,0.7630459469288112,1.3777092,1.7000978,0.8042935
1512,0.875,1,0.8210828420070742,1.998208,1.7970572,1.1391164
1513,0.75,1,0.8186891342689038,2.047032,1.8921685,0.5227194
1514,0.625,1,0.8609198407023185,2.483912,2.3301146,1.3870041
1515,0.8,0,0.6945170165806527,0.72385854,0.86021596,1.7357305
1516,0.85,1,0.8301904091017979,2.1207461,1.8917727,0.76084363
1517,0.7,0,0.8272934442420662,2.2598155,2.593979,1.2142565
1518,0.775,1,0.8480419847006919,2.334233,2.1542268,0.81771576
1519,0.6,1,0.758185081555707,1.304821,1.1755325,1.0162648
1520,0.65,1,0.7932287328647163,1.8079374,1.6046703,0.47928682
1521,0.85,1,0.8294382885436601,2.2171926,2.0221071,0.74716866
1522,0.725,1,0.7769870459273329,1.8369324,1.5768182,-0.4750215
1523,0.8,1,0.7968403578460257,1.7891296,1.575804,1.0807247
1524,0.85,1,0.8746572907243865,2.6748629,2.453493,0.8285891
1525,0.875,0,0.8148330769729637,2.0080657,2.3588004,1.2444557
1526,0.675,1,0.8362155127286923,2.1487331,2.0361462,0.7105807
1527,0.8,1,0.8740523691816132,2.6415572,2.4599056,0.34542617
1528,0.925,1,0.7969284358308504,1.8301327,1.6605661,-0.10245022
1529,0.8,1,0.757939684902735,1.2555411,1.1031775,0.9671805
1530,0.825,1,0.859001578881452,2.52761,2.3855696,0.517969
1531,0.6,0,0.7311029361891888,1.1812717,1.414895,0.9640726
1532,0.85,1,0.8272359081609348,2.235564,2.0647807,0.085722774
1533,0.8,1,0.843254669215485,2.3384168,2.1668,1.0929258
1534,0.975,1,0.8249050602706262,2.0752606,1.837996,0.8462819
1535,0.925,1,0.8255938582869247,2.134262,1.9877238,0.300023
1536,0.85,1,0.7269590416430316,1.0832466,0.7421234,1.0459648
1537,0.925,1,0.8373877074154963,2.236825,2.1306224,0.8019016
1538,0.8,0,0.8407746370521029,2.3482928,2.6823583,1.6338555
1539,0.875,1,0.8108161126111997,1.8895352,1.6760728,1.2965715
1540,0.8,1,0.7913343748874797,1.6871371,1.552904,0.5195204
1541,0.7,1,0.8021326256650596,1.8316664,1.6352518,0.41686526
1542,0.925,1,0.8913390954045672,2.8597326,2.7051263,1.006256
1543,0.875,1,0.8208720765103255,2.223327,2.01098,0.32508948
1544,0.875,1,0.8374078940323275,2.3140993,2.1228042,0.823354
1545,0.85,1,0.7804134021159093,1.5373454,1.3399966,0.64113843
1546,0.8,1,0.8207121731462655,2.048468,1.8207986,0.8450533
1547,0.95,1,0.8226046042248664,2.1124897,1.9512992,0.22514763
1548,0.75,1,0.7901978740924169,1.6206594,1.4274025,1.0314133
1549,0.7,0,0.7161898650347136,1.0366921,1.2224298,1.5516667
1550,0.9,0,0.7700531418211423,1.4648708,1.820277,1.4366951
1551,0.975,1,0.887257203103455,2.7608073,2.5915766,0.900875
1552,0.7,1,0.7680724589285679,1.5140563,1.3061154,0.42795768
1553,0.8,1,0.8507934138770548,2.4799917,2.300377,0.94616425
1554,0.95,1,0.8319234365286015,2.142548,1.9657884,0.85281837
1555,0.925,1,0.8541309413387292,2.4144635,2.2335567,1.1319526
1556,0.8,1,0.8239489619359709,2.1052084,1.9740609,0.9475318
1557,0.925,0,0.8310781023208822,2.284628,2.5896068,0.39983383
1558,0.925,1,0.7906233231703017,1.6513007,1.4536364,1.0301424
1559,0.825,1,0.8054214145681626,1.8525636,1.6864471,1.0376003
1560,0.9,1,0.8133562966496275,1.9001731,1.8112242,0.9080781
1561,0.9,1,0.8370961407176953,2.3161178,2.1407318,0.7099011
1562,0.825,1,0.7833301447092302,1.5358583,1.3121519,1.2333224
1563,0.8,1,0.7566408016534704,1.3685338,1.2347285,0.5446942
1564,0.8,1,0.8621780469344001,2.5259907,2.3537314,0.6449667
1565,0.625,1,0.7310811762406546,1.111877,0.89998525,0.030851275
1566,0.95,0,0.7269932728150812,1.0164616,1.2794156,1.2602909
1567,0.625,1,0.7803019693949007,1.6064157,1.4295366,0.36346534
1568,0.875,1,0.7995675324966967,1.8446082,1.6290454,0.7153059
1569,0.9,1,0.7949082636740266,1.7608787,1.580157,0.9834584
1570,0.95,1,0.7799853349367938,1.5397211,1.3045393,0.93553567
1571,0.8,1,0.8087162520551414,1.9359376,1.7514277,0.6532886
1572,0.725,1,0.7981995852325939,1.7524447,1.5620157,0.50038254
1573,0.6,1,0.8033427194528047,1.9091831,1.8271977,0.87673974
1574,0.875,1,0.8250899938337166,2.0958185,1.8820778,0.75868595
1575,0.725,1,0.8864832771150217,2.7925208,2.6438434,0.7623247
1576,1.0,0,0.7655612200309192,1.5269375,1.8552567,0.6616124
1577,0.775,1,0.8448867283282244,2.3047018,2.1443996,1.0854472
1578,1.0,1,0.8761164246126761,2.737677,2.6008148,0.40080962
1579,0.825,0,0.7260101851668748,0.98395914,1.2538717,1.3728871
1580,0.95,1,0.8210758993476708,2.050825,1.8268464,0.74026144
1581,0.75,1,0.7741707735485677,1.616482,1.30125,0.7993747
1582,0.7,1,0.7731911982304206,1.4721218,1.263866,0.5591253
1583,0.775,1,0.7486115811353069,1.3432773,1.0125458,1.4657468
1584,0.85,1,0.8239418972160424,2.036181,1.9216363,0.70871115
1585,0.75,1,0.7860848575887938,1.7284536,1.5064459,1.1727326
1586,0.825,1,0.8425428501313481,2.2729378,2.1297293,0.63166416
1587,0.875,1,0.7944370528164657,1.6619911,1.516845,1.2689466
1588,1.0,1,0.8392663369559581,2.325641,2.1264129,0.50318277
1589,0.6,1,0.8263739823925409,2.073769,1.8858274,0.8986689
1590,0.75,1,0.831227374407929,2.1859636,2.0220852,1.2569023
1591,0.775,1,0.830517275932891,2.1179821,1.9597486,0.8314601
1592,0.7,0,0.7671625165827521,1.5786772,1.807865,1.313483
1593,0.75,1,0.84915123510485,2.393664,2.2689044,0.21480033
1594,0.7,0,0.7271017505388946,1.2077076,1.4827973,0.81769896
1595,0.95,1,0.873479936719767,2.7051713,2.558425,0.81510794
1596,0.775,1,0.8322658745572025,2.162604,1.9183818,1.0049702
1597,0.85,1,0.7849217412707363,1.5771844,1.4018183,0.68296695
1598,0.875,1,0.8012746333531644,1.7664179,1.5681603,1.1507497
1599,0.85,1,0.8263065708268444,2.224605,1.9737599,1.3139997
1600,0.825,0,0.7804547524209505,1.6434022,1.9962722,1.144746
1601,0.9,1,0.8361821835139175,2.1959796,1.9958116,0.99231875
1602,0.65,1,0.7923362582459812,1.8850943,1.6231887,0.69333565
1603,0.6,1,0.8044959509173298,1.8794346,1.6605921,0.38033405
1604,0.8,1,0.8161933516346469,1.9454875,1.8115633,0.8130586
1605,0.9,1,0.7995972257243251,2.038444,1.7974488,0.69233227
1606,0.55,1,0.7729299459951051,1.6386311,1.4215777,0.9584123
1607,0.725,1,0.8067631224435786,1.910481,1.7297413,0.5170661
1608,0.875,0,0.6784498655929181,0.59556204,0.8055789,1.0334946
1609,0.75,1,0.7755337768374544,1.5861608,1.3738009,0.15875366
1610,0.75,1,0.8059431815752017,1.8007188,1.665264,1.0080377
1611,0.825,0,0.7986021181250593,1.8086112,2.122671,1.8330351
1612,0.975,1,0.8703642977558952,2.6306186,2.4985447,0.49373898
1613,0.625,0,0.7578495066382024,1.5244387,1.7214253,1.1825286
1614,0.9,1,0.8040851395538238,1.7859142,1.5994097,0.4706289
1615,0.925,1,0.8197094657165538,1.9541744,1.7488428,0.8747333
1616,0.8,1,0.7907505110894808,1.6445841,1.4232886,0.8368163
1617,1.0,1,0.8370095897978418,2.2104244,1.9582834,1.2110234
1618,0.925,0,0.8261737325523479,2.2110858,2.491516,1.3132468
1619,0.75,1,0.7894813016794489,1.7186121,1.513897,0.33592382
1620,0.75,1,0.7861463748788452,1.6959052,1.4035133,0.86736786
1621,0.825,0,0.8023438521472741,1.9294078,2.29904,0.622393
1622,0.775,1,0.7716371230247008,1.4344141,1.2526363,0.53665984
1623,0.8,1,0.8396561817509293,2.2344234,2.0946898,0.65510917
1624,0.85,1,0.8362478525520276,2.23431,1.9891071,0.86607563
1625,0.525,1,0.7444833370302731,1.4162339,1.1667846,0.15236488
1626,0.675,1,0.7635972482681531,1.5376949,1.214669,1.3942381
1627,0.775,1,0.8111686269337381,1.9520504,1.807837,0.759089
1628,0.75,0,0.7708121936666253,1.4955888,1.8219397,1.5600715
1629,0.8,1,0.824502897195794,2.13031,1.9141815,0.90797377
1630,0.925,1,0.8796991974591815,2.8072116,2.6581736,0.61984456
1631,0.75,1,0.7829289152790616,1.535661,1.3730536,0.5913278
1632,0.8,0,0.7281944164046776,1.2663991,1.4465328,0.73004663
1633,0.825,1,0.8083833921446457,1.8634223,1.662935,0.74067926
1634,0.7,1,0.8121436900611992,2.043982,1.7840197,1.3419256
1635,0.875,1,0.8134608208291565,1.9502962,1.7786889,1.0438113
1636,0.925,1,0.8353439209608571,2.3369207,2.146822,0.26054755
1637,0.9,1,0.8204211573413268,2.028298,1.7683625,1.4731548
1638,0.875,1,0.7916521245222576,1.6483554,1.4726057,0.69849443
1639,0.75,1,0.8129472837437961,1.9159908,1.6792045,1.2399595
1640,0.8,1,0.797931997718921,1.7896569,1.6155941,0.88578594
1641,0.85,1,0.847885844707054,2.3115423,2.1875024,1.0093112
1642,0.825,1,0.8199083435549815,2.094819,1.9183766,0.58705306
1643,0.575,1,0.7649899576831682,1.5388117,1.2611972,1.1533158
1644,0.875,1,0.865005107543392,2.5611415,2.3812838,0.99027634
1645,0.875,1,0.7992582341443768,1.7801383,1.5737381,0.89325213
1646,0.875,1,0.842678677623472,2.2407005,2.1000345,1.128943
1647,0.9,1,0.8573853734821193,2.4783123,2.3972743,0.43538842
1648,0.85,1,0.740099079258929,1.5056504,1.3193597,-0.99968433
1649,0.8,1,0.8342431509072945,2.266069,2.0747342,0.836089
1650,0.8,1,0.8490981270740054,2.3361342,2.1736233,1.1969097
1651,0.725,1,0.801356570814528,1.7636588,1.5733886,1.1042256
1652,0.775,1,0.8242654334954882,2.1281428,1.9161482,0.5471388
1653,0.85,1,0.8402763310845531,2.290268,2.1203506,0.61397016
1654,0.8,1,0.7718199859743926,1.4618664,1.2042164,1.1282754
1655,0.725,1,0.8132385262629355,1.9295707,1.7453587,0.6970668
1656,0.8,1,0.8671638853083466,2.611713,2.5346718,0.1151
1657,0.9,1,0.8924187757849416,2.9745836,2.7640252,0.63985884
1658,0.7,0,0.7260905851735894,0.9950943,1.3160472,1.0695224
1659,1.0,1,0.8871207777532377,2.8254452,2.6480057,1.1721927
1660,0.5,1,0.7989246271144103,1.7940599,1.6026113,0.6816685
1661,0.8,1,0.8407072845015341,2.2715335,2.0982504,1.3309915
1662,0.775,1,0.7569223091848671,1.4482719,1.1070089,0.92024505
1663,0.875,1,0.8792207408706934,2.7149189,2.5535328,1.1868193
1664,0.9,1,0.8444352534234775,2.3024766,2.1358542,0.967168
1665,0.675,1,0.7773088551226268,1.584074,1.406535,0.14073315
1666,0.875,1,0.8006170233754542,1.7551537,1.5153929,1.1092726
1667,0.825,1,0.7823748886140451,1.6876688,1.5032198,0.67400694
1668,0.85,0,0.7914805321917855,1.8079984,2.111289,0.51847637
1669,0.975,1,0.8820567970121295,2.7801313,2.6172242,0.8184799
1670,0.9,1,0.844417437149214,2.3246503,2.197771,0.6546198
1671,0.9,1,0.805768951099826,1.9083966,1.7273692,0.4121932
1672,0.975,0,0.7320390271622963,1.0333959,1.3321304,1.1575121
1673,0.975,1,0.8603334357555433,2.5728068,2.4208436,0.7202053
1674,0.85,1,0.8536266966829278,2.379232,2.231679,1.036101
1675,0.9,1,0.7432577418466129,1.296628,1.028871,0.7941786
1676,0.725,0,0.8195148065381992,2.1049883,2.426284,0.8677114
1677,0.8,1,0.7560512491104261,1.4705681,1.1965986,0.5384624
1678,0.775,1,0.8127942905470573,1.9394608,1.7449999,0.79994154
1679,0.775,1,0.833000818947695,2.198901,2.0494266,0.889987
1680,0.925,1,0.8149631599857381,1.9828134,1.7641227,0.8835628
1681,0.925,0,0.8096307346137446,2.0495257,2.4194207,0.9050839
1682,0.975,1,0.8607469048954403,2.500551,2.3617327,1.175277
1683,0.625,1,0.7565752978799742,1.257638,1.0705882,0.9291953
1684,0.9,1,0.8305157957098275,2.1471043,1.950254,1.1168115
1685,0.525,1,0.7400675640451754,1.1997045,1.0117301,0.7478913
1686,0.75,1,0.7628342101716787,1.566963,1.3434291,-0.15856609
1687,0.85,1,0.828311751916587,2.1598587,2.0242138,0.22221914
1688,0.85,1,0.7755161852959768,1.6642243,1.3478711,0.69602954
1689,0.8,1,0.8349988457737889,2.1638436,1.9527024,1.1165234
1690,0.7,1,0.811591440121318,1.9242808,1.7760011,0.8617718
1691,0.7,1,0.7645158184818197,1.4782665,1.3866922,0.9727396
1692,0.875,1,0.7928863009398877,1.7289038,1.5786808,0.7320403
1693,1.0,1,0.8584527279489287,2.4729633,2.2915683,0.777244
1694,0.775,1,0.8137252432909141,2.0218828,1.8586656,0.28716126
1695,0.925,0,0.8151999856989929,2.137547,2.4074264,0.9953722
1696,0.85,1,0.8423572580433287,2.2371073,2.0972948,1.1275008
1697,0.975,1,0.8300392373600125,2.1312695,2.0077581,0.81729484
1698,0.925,1,0.8227643369367994,2.1825523,1.9216142,0.4304345
1699,0.875,1,0.800097946863888,1.8401331,1.748841,0.21758828
1700,0.775,1,0.8479621356691927,2.437389,2.279809,0.59643507
1701,0.875,1,0.8188355905749835,2.0608177,1.8416297,0.2045578
1702,0.675,1,0.8574653267430332,2.4947708,2.3401494,0.5851668
1703,0.8,1,0.8082789785406284,1.8597468,1.642215,1.2458296
1704,0.825,1,0.8134072587018728,1.9696323,1.7357976,1.0444496
1705,0.95,1,0.8549625137436283,2.4238334,2.2490149,1.3760991
1706,0.75,1,0.8069306059582596,1.9569603,1.7689731,0.743559
1707,0.75,1,0.8220256737843171,2.0614595,1.8895483,0.9061036
1708,0.55,0,0.7731841171399033,1.6839669,2.0020912,0.45563844
1709,0.625,1,0.8426654153780748,2.3193038,2.1021726,0.4031295
1710,0.85,1,0.7946325575886205,1.6292181,1.4403663,0.7005433
1711,0.6,1,0.7813954722344838,1.5104959,1.3207576,1.1756785
1712,0.925,0,0.7145650221806387,0.79624563,1.0758724,1.3408834
1713,0.675,1,0.805974051260322,1.9166588,1.6708561,1.1510881
1714,0.85,1,0.8195630718985979,1.9874668,1.8412375,0.88614833
1715,0.65,0,0.7846199183924749,1.7529474,2.0374317,1.0622892
1716,0.75,0,0.7353664111955088,1.1468892,1.4128299,1.2735198
1717,0.575,1,0.810798041473131,1.907331,1.6911988,0.7350856
1718,0.975,1,0.8040736742955572,1.9484758,1.6807859,0.20022431
1719,0.775,1,0.8336956414813217,2.1927238,1.9720399,1.3075974
1720,0.775,1,0.804494633280682,1.8850445,1.6692656,0.515195
1721,0.775,1,0.8368552048723169,2.2340488,2.0467358,0.61405313
1722,0.9,1,0.8067252392721933,1.9176861,1.7748907,0.41851202
1723,0.925,0,0.8067207700933308,2.0356693,2.3028579,0.9510735
1724,0.875,0,0.8464505375430357,2.4924808,2.8552055,0.7661021
1725,0.85,1,0.7967759254120763,1.8531706,1.6001141,1.3278273
1726,0.85,1,0.7738598312513488,1.6448823,1.4406283,0.80304754
1727,0.925,1,0.8036827861263348,1.915442,1.7425809,0.13479319
1728,0.95,1,0.7895401814255758,1.6155474,1.3715172,1.3178093
1729,0.7,1,0.7574821824321332,1.4662606,1.1341132,1.1532772
1730,0.8,1,0.7935873059899383,1.6900584,1.4818383,0.70406735
1731,1.0,1,0.8498915731710517,2.4093392,2.2745929,0.6001264
1732,0.95,1,0.8261230052872817,2.1145573,1.9044125,0.6165041
1733,0.875,1,0.8416774007223881,2.283176,2.1883116,0.5019218
1734,0.95,1,0.847485127978993,2.451422,2.3178253,0.6601486
1735,0.725,1,0.846307916007735,2.3466063,2.130509,0.42632237
1736,0.825,1,0.835289360589313,2.2102056,2.0474224,0.20209184
1737,0.825,1,0.8179593267391353,2.031519,1.7822499,1.1225791
1738,0.9,1,0.8364856717086355,2.253121,2.076511,0.26588503
1739,1.0,1,0.8792432573733251,2.70429,2.5266378,0.9636451
1740,0.925,1,0.7722293731439758,1.407246,1.2230196,0.89923286
1741,0.8,1,0.8576130255608669,2.4471078,2.259985,0.9645783
1742,0.575,1,0.8028069189776135,1.8289418,1.6997926,0.483363
1743,0.85,1,0.8235289609490406,2.089497,1.9506345,1.0411983
1744,0.9,1,0.8295496479750151,2.1811461,2.0340066,0.5141667
1745,0.85,1,0.7909631366689086,1.5858189,1.3830616,0.84221447
1746,0.825,1,0.7941935789564418,1.7186068,1.4834666,0.5854734
1747,0.7,1,0.8064887927636399,2.0179915,1.8259028,0.42428163
1748,0.9,0,0.8394440175738841,2.3504822,2.689547,1.6158329
1749,0.875,0,0.7988177956696905,1.8762555,2.1990175,0.6941608
1750,0.725,0,0.7510665792384168,1.2613828,1.5526514,0.625857
1751,0.725,0,0.8058553808956621,1.9255333,2.2654586,0.8147596
1752,0.65,0,0.8085192606256371,1.9272896,2.2512906,0.77473724
1753,0.775,1,0.8379275880880495,2.2572043,2.0744557,0.63535655
1754,0.875,1,0.8121248218244882,1.9097934,1.762068,0.80931795
1755,0.725,0,0.7322998334159654,1.226366,1.460875,1.211161
1756,0.825,1,0.8493344486376695,2.467844,2.3197837,0.31004032
1757,0.75,1,0.7702583109976311,1.4838972,1.3162522,0.3447471
1758,0.95,1,0.8379600329193431,2.3910801,2.2364411,0.18891868
1759,1.0,0,0.7741790657590689,1.7624916,1.9644241,1.1719586
1760,0.725,1,0.8136854927842667,2.1124246,1.9175962,-0.2768642
1761,1.0,1,0.8404502280199714,2.2671027,2.123837,1.3605826
1762,0.825,1,0.7850964101981943,1.6201261,1.3836391,0.5870954
1763,0.775,1,0.8261160337872011,2.1662965,2.062388,0.29693422
1764,0.825,1,0.8070190677910367,1.9111222,1.6702484,0.036066443
1765,0.9,1,0.8710660336152725,2.7165303,2.6164737,0.47591814
1766,0.775,1,0.7827506466347642,1.5425152,1.3607292,1.0260631
1767,0.75,1,0.8549689678778671,2.4625213,2.3527706,0.6069766
1768,0.725,1,0.8066646548343097,1.8768456,1.6263499,1.2266269
1769,0.925,1,0.8279461169479054,2.1881807,1.9979525,0.83823645
1770,0.6,1,0.7579122739164678,1.3237941,1.0653254,0.90531087
1771,0.725,1,0.797248019354543,1.7802613,1.5601212,0.70223725
1772,0.675,0,0.7534675604720659,1.2854605,1.562471,1.268135
1773,0.8,1,0.8555630984393964,2.4026656,2.2503245,1.1717615
1774,0.925,1,0.8320862012883744,2.2232742,2.046605,0.6702775
1775,0.95,1,0.8226868014461541,2.1295636,1.9688592,0.20989552
1776,0.85,1,0.8772684065879783,2.744628,2.653996,0.18990454
1777,0.825,1,0.827367133473563,2.1378064,1.8864121,0.95917284
1778,0.925,1,0.8595690970308163,2.485787,2.2750485,0.93601954
1779,0.625,0,0.7398893555586803,1.2853374,1.6298468,0.7215419
1780,0.825,1,0.7914929979718297,1.814978,1.529223,1.2710772
1781,0.75,0,0.8039800890152224,1.9547808,2.3345819,0.7230629
1782,0.8,1,0.768334479383971,1.3971825,1.1813903,0.68723905
1783,0.95,1,0.8724587972610152,2.6290479,2.478016,1.220021
1784,0.775,0,0.7422153758698937,1.2215517,1.45979,1.0611295
1785,0.775,1,0.8097123883616254,1.8763947,1.6629257,0.45793405
1786,0.925,1,0.8233638092309621,2.0986876,1.949331,0.3838922
1787,0.95,1,0.912847274217859,3.1068332,2.929107,1.2243465
1788,0.9,1,0.7693793267958653,1.4256524,1.25309,0.853369
1789,0.75,1,0.8378170176525959,2.1867964,2.0188978,0.54872835
1790,0.8,1,0.7926647608858515,1.6803591,1.4937334,0.897454
1791,0.8,1,0.8483308903555867,2.397297,2.3004947,0.63192546
1792,0.725,1,0.7920066223559119,1.648163,1.4647987,1.0875387
1793,0.725,1,0.8384085717965495,2.29407,2.1795776,0.41472945
1794,0.975,1,0.8082503145640016,1.9199123,1.7739193,0.31638184
1795,0.725,0,0.7603173001707727,1.6349933,1.842302,1.0052252
1796,0.775,1,0.8837315022318163,2.8682616,2.7090974,0.6220447
1797,0.925,1,0.8246326498316449,2.0666218,1.8241282,1.1207952
1798,0.875,1,0.7759620819377914,1.5310519,1.3040329,0.2840368
1799,0.825,1,0.7997529501313265,1.8882902,1.7094873,1.1028326
1800,0.65,0,0.7303706900309264,1.0597653,1.366116,1.0183296
1801,0.8,1,0.8133278622077731,1.941215,1.7425423,0.7961173
1802,0.95,1,0.8652531275492573,2.5311303,2.3664205,1.2449765
1803,0.85,1,0.8358480720033674,2.1610582,2.0257103,1.1349144
1804,0.775,1,0.7746637445377453,1.4399724,1.2816944,1.1543928
1805,0.7,0,0.7556168244483742,1.433119,1.7237183,0.65967786
1806,0.85,1,0.8150942352817687,2.1430504,1.8941703,0.3325493
1807,1.0,1,0.8647812965350059,2.495641,2.3334653,1.069693
1808,0.725,1,0.8114885349458878,1.9450402,1.7575784,0.7866266
1809,0.775,1,0.7876693030303086,1.7561603,1.536941,0.62091315
1810,0.675,1,0.7733248740440787,1.6864096,1.499096,0.9786205
1811,0.9,1,0.818464163207555,2.0674536,1.8288116,0.977113
1812,0.8,1,0.809067413350046,1.9479773,1.7724602,0.72483325
1813,0.65,1,0.7812408586703083,1.5666533,1.3344578,1.2442104
1814,0.925,1,0.7557229061474501,1.4173536,1.2498666,0.64933264
1815,0.65,1,0.7587398245471466,1.4770112,1.21683,-0.18508253
1816,0.8,1,0.8175853288909277,1.964289,1.7935948,1.2611287
1817,0.775,1,0.7968486144731812,1.6907604,1.4986224,0.9764986
1818,0.8,1,0.770582337376641,1.5496576,1.3296448,1.0849836
1819,0.75,0,0.8297307936601936,2.207438,2.490098,1.8281356
1820,0.575,0,0.7190992371214098,0.86876446,1.0986512,0.9005383
1821,0.775,1,0.7639697146492186,1.4670726,1.3102269,0.6896949
1822,0.875,1,0.8155597954298079,1.9625776,1.7351356,0.75942385
1823,0.875,0,0.7616882994292065,1.3860631,1.7367086,0.99454296
1824,0.9,0,0.8018759154920507,1.9539587,2.2689054,0.726949
1825,0.85,1,0.827442178402559,2.1442811,1.9062902,1.0050863
1826,0.775,1,0.782206168076369,1.5701292,1.3969367,0.7094071
1827,0.85,1,0.8123747757456836,1.9509621,1.8021209,0.98328745
1828,0.8,1,0.8309432463490839,2.0977712,1.9660819,0.9637182
1829,0.8,1,0.8368433974267944,2.1692421,2.0399425,1.09357
1830,0.9,1,0.846008916562575,2.3233116,2.2038767,1.2565218
1831,0.8,1,0.8155424495705355,2.0245192,1.7858787,1.0253282
1832,0.65,1,0.7978750097648728,1.7472982,1.5772306,0.49247494
1833,0.9,1,0.8693688646011338,2.6446958,2.5427034,0.57849205
1834,0.75,1,0.7870337327711935,1.7190548,1.5335069,-0.06261441
1835,0.9,1,0.81952987276696,2.0639532,1.9326788,0.14476195
1836,0.65,1,0.7321498882337769,1.03391,0.83826697,1.511922
1837,0.825,0,0.7774735128964146,1.7620609,1.9294707,0.7672864
1838,0.925,1,0.8337686530338961,2.1341305,1.9731067,0.8840505
1839,0.825,1,0.8124023056009362,1.910217,1.6819785,1.0598171
1840,0.65,0,0.7655380567591846,1.3904699,1.67869,1.0624074
1841,0.8,0,0.7099187527259359,0.9620988,1.0957677,1.4759972
1842,0.85,1,0.8534549089953904,2.5191941,2.3956816,0.16632566
1843,0.775,0,0.7333727461267364,1.2693994,1.6082305,0.865023
1844,0.75,1,0.8278959002713266,2.121314,1.9068688,0.7211391
1845,0.85,1,0.8408960860297632,2.3061948,2.0555015,0.52305615
1846,0.65,1,0.8210891856136855,2.0776262,1.9571437,0.94340646
1847,0.875,1,0.8500236415024043,2.4747143,2.3211374,0.62677217
1848,0.725,1,0.761439385624058,1.2680798,1.0546477,1.3063912
1849,0.825,1,0.7828855205705004,1.7204423,1.4410886,1.500203
1850,0.975,1,0.8104389885581433,1.8311183,1.6481628,0.7629975
1851,0.8,1,0.8755018090661597,2.6605961,2.5081382,1.4247158
1852,0.825,1,0.8492907041012696,2.3594096,2.1715372,1.577145
1853,0.8,0,0.7879848641678463,1.8046031,2.1722255,0.99857867
1854,0.825,1,0.7415125742667765,1.168854,1.0703945,0.4982799
1855,0.825,1,0.8137038057743796,1.8798642,1.6455398,0.7212819
1856,0.875,1,0.813749441668376,1.9062016,1.7069623,1.0828071
1857,0.775,1,0.8068283868913819,1.8010135,1.5413163,0.90341985
1858,0.925,1,0.8087025256762526,1.8809031,1.6888032,0.76265836
1859,0.625,0,0.7697640441027397,1.5117797,1.8338165,1.0456148
1860,0.75,1,0.8321661575362633,2.2115731,2.1132045,0.55819035
1861,0.75,1,0.7903682630137339,1.663023,1.4692464,0.74846077
1862,0.7,0,0.743449056333389,1.4051726,1.6402352,0.91255796
1863,0.775,1,0.8660486134314023,2.5702548,2.4242823,1.2144744
1864,0.75,1,0.8065173682550232,1.8740492,1.6994183,0.7788086
1865,0.6,1,0.6969647157964038,0.84716916,0.5550803,0.7372416
1866,0.875,1,0.8134360725445879,1.9306569,1.8001225,0.3337647
1867,0.7,1,0.7616494052963734,1.3846545,1.1997705,0.49220243
1868,0.775,1,0.7873233350212079,1.5876731,1.3636992,0.6195723
1869,0.875,1,0.8029634854173555,1.7119865,1.5082766,1.4393829
1870,0.85,1,0.8379942926517423,2.2542934,2.1003494,1.0277264
1871,0.8,1,0.824176604397237,1.9984312,1.7218902,1.329858
1872,0.65,0,0.7082297682278033,0.9076147,1.0658098,1.6183935
1873,0.9,1,0.8168800486211383,2.0728583,1.8216741,1.1263072
1874,0.725,1,0.8323963654919833,2.213756,1.9612682,1.1352048
1875,0.775,1,0.8335695924032164,2.424256,2.212405,0.5527619
1876,0.9,1,0.8450394543762194,2.3144302,2.1440775,0.11246696
1877,0.85,1,0.8191906660355045,1.9756695,1.7850311,0.36198488
1878,0.75,1,0.8306945165189533,2.1589134,2.0692213,0.6885953
1879,0.85,1,0.8361872539839763,2.1218462,1.9791727,0.86566436
1880,0.65,0,0.7642227561316902,1.5395136,1.8101299,1.6536361
1881,0.9,1,0.8723762087946141,2.6698742,2.564201,0.5711552
1882,0.85,1,0.836549004036691,2.1822715,2.028943,1.058422
1883,0.875,1,0.7970077273815679,1.7803692,1.556726,0.8525777
1884,0.875,1,0.8550212291644798,2.4689052,2.3448646,0.38605604
1885,0.75,1,0.7714033523645699,1.438917,1.2396278,0.78648436
1886,0.8,1,0.8304704486993679,2.069439,1.9381082,1.0228009
1887,0.875,1,0.84452912726025,2.330674,2.1730576,0.8961588
1888,0.9,1,0.8079103494173405,1.9153109,1.8206651,0.7834281
1889,0.75,1,0.7552011370902814,1.429414,1.1294508,0.84668326
1890,0.9,1,0.8289849601083898,2.2272701,2.0976062,0.48368874
1891,0.95,1,0.8894827960611332,2.9153814,2.7967467,0.015434951
1892,0.7,1,0.8125837237331953,1.9176165,1.7189169,0.96267915
1893,0.7,1,0.8024863787491395,1.8626503,1.6923159,0.5743414
1894,0.675,0,0.672697436998872,0.40324315,0.7454118,0.8439516
1895,0.825,0,0.7658711422740916,1.4759632,1.8013812,1.002329
1896,0.975,1,0.8036527959917299,1.7745869,1.5373286,1.0928134
1897,0.9,1,0.82425520325207,2.1526291,2.0211263,0.38470665
1898,0.8,1,0.7722820902455759,1.5165129,1.4139134,0.8030932
1899,0.875,1,0.8296703250388362,2.2668943,2.0657248,0.3914415
1900,0.875,1,0.7840222345666149,1.5794759,1.3296666,1.1858598
1901,0.9,1,0.8407715913564202,2.3053253,2.1917107,0.7113781
1902,0.75,1,0.828339525722681,2.1044388,2.003148,0.51212513
1903,0.95,1,0.8426353748250774,2.3654363,2.1677542,0.637419
1904,0.625,1,0.8368859707041107,2.232062,2.0167713,1.2071536
1905,0.725,1,0.8534681963972139,2.394002,2.2218485,0.6003798
1906,0.9,1,0.8699954580906911,2.6612372,2.586031,0.3881236
1907,0.875,1,0.8482757354966233,2.3653097,2.197429,1.0554664
1908,0.9,1,0.7735876626846376,1.5038561,1.298172,1.1297377
1909,0.6,1,0.7116139437240725,1.0099446,0.7848056,0.04704711
1910,0.7,1,0.7930495303351893,1.7112358,1.6079919,1.0558405
1911,0.875,1,0.8623887425586503,2.5655334,2.304755,1.3557544
1912,0.85,1,0.7867922369737333,1.5979948,1.4315283,0.33709994
1913,0.925,0,0.7960661179880775,1.8164867,2.1277227,1.1339456
1914,0.625,1,0.797583122241307,1.7381556,1.4948289,0.82849133
1915,0.725,1,0.7913158382484211,1.9160013,1.7167085,0.96268976
1916,0.65,1,0.801342288974507,1.7980008,1.5947161,0.6500579
1917,0.85,0,0.7585921855154085,1.3808086,1.6694243,1.3929503
1918,0.75,1,0.7885312149944612,1.5581876,1.4100257,1.1868697
1919,0.825,1,0.7056237663236481,0.9880583,0.65938693,0.37487188
1920,0.825,1,0.8352259543697902,2.2862458,2.0819042,0.37345544
1921,0.95,1,0.8440224969479312,2.3511279,2.1407106,0.46691218
1922,0.525,0,0.6872594078185823,0.8391226,1.0074022,0.9729446
1923,0.825,1,0.8183571068070441,1.983336,1.8367646,0.90513515
1924,0.65,1,0.7758437335350075,1.6780425,1.3769062,0.87853706
1925,0.85,1,0.8031141949598926,1.8222089,1.6515529,0.460941
1926,0.875,1,0.8080577501275774,1.8831457,1.6466373,0.856707
1927,0.925,0,0.7741151706108091,1.6127751,1.9707978,0.9980688
1928,0.75,1,0.8136559617133758,1.9257196,1.7036407,0.6864172
1929,0.95,1,0.7962074941798792,1.8994281,1.6583877,0.8255794
1930,0.65,0,0.738723618535,1.293577,1.5071871,1.3119038
1931,0.825,1,0.821142172330906,2.0379546,1.8255852,0.72069657
1932,0.925,1,0.8333303826182934,2.202535,2.0550175,0.52645206
1933,0.75,1,0.812571756773305,1.9748114,1.7659845,0.7867501
1934,0.775,1,0.8469115938626286,2.2902021,2.1724594,0.94804525
1935,0.725,1,0.8160849825144083,2.215795,1.9801245,0.4199091
1936,0.8,1,0.7788831542289003,1.4938862,1.266623,1.2290142
1937,0.775,0,0.7848210808852402,1.7223741,2.0914478,0.9998319
1938,0.7,1,0.805300652082112,1.8942721,1.6946068,0.7966931
1939,0.925,1,0.874811813746626,2.700819,2.5090075,0.55656874
1940,0.5,0,0.7549470253682868,1.4489908,1.7934072,1.1609007
1941,0.925,1,0.8353693354707283,2.2815433,2.1144319,0.27764907
1942,0.85,1,0.8713157245385896,2.7202744,2.5258865,0.60072505
1943,0.825,1,0.8317360473694482,2.1590252,2.0250983,0.95361686
1944,0.85,1,0.8452268561262815,2.2419324,2.056202,0.4371892
1945,0.775,1,0.7362810303767888,1.1940335,0.8508797,0.7535306
1946,0.7,1,0.7567415353261592,1.2561579,1.0148398,0.9292774
1947,0.9,1,0.8085892825587211,2.0656877,1.7995974,0.963711
1948,0.85,1,0.8470224572791467,2.3979068,2.298933,0.13484225
1949,0.8,1,0.8019037946588327,1.8403397,1.6132741,0.78282714
1950,0.95,1,0.8627964089768339,2.6755545,2.5217848,0.21907863
1951,0.925,1,0.8103430011652997,1.8548994,1.7126403,0.87771714
1952,0.8,1,0.8447579273159651,2.386273,2.193245,0.44377127
1953,0.675,0,0.7768516236083801,1.5988499,1.961633,0.76178133
1954,0.85,1,0.8625422031505408,2.5015852,2.3781283,0.9064921
1955,0.675,1,0.7881987563813959,1.6375446,1.3966334,1.2670296
1956,0.95,1,0.804660055989508,1.8997713,1.7662954,0.19065818
1957,0.6,1,0.738687881899579,1.211854,0.9476139,0.12411448
1958,0.8,1,0.8535450992878361,2.3832018,2.270993,0.96416974
1959,0.875,1,0.8328977910107271,2.1646512,2.0443556,0.8694787
1960,0.975,1,0.9105903603096481,3.2166805,3.0633903,0.4161094
1961,0.7,0,0.7183161360333794,1.0206265,1.2545731,1.5911489
1962,0.875,1,0.8147830383151804,2.0626345,1.8541789,0.2994137
1963,0.925,1,0.8574256824546845,2.492972,2.3918297,0.34701595
1964,0.775,1,0.817128116971412,1.9148681,1.7201015,0.8062569
1965,0.925,1,0.7302604417824267,1.262532,0.9930589,0.06561515
1966,0.9,1,0.8630215565171928,2.6047964,2.4886198,0.6457658
1967,0.85,1,0.8362521205606045,2.2252545,2.0323331,1.1509118
1968,1.0,1,0.7820386958046144,1.7821273,1.6415792,0.34923235
1969,0.875,1,0.7731189448672995,1.6543797,1.4319133,0.9959903
1970,0.775,0,0.8200145593612398,2.23877,2.541721,1.132615
1971,0.85,1,0.8264386713296059,2.07788,1.900311,1.0986525
1972,0.8,1,0.7637128776658942,1.3488708,1.1521188,0.7294432
1973,0.925,1,0.84567644625415,2.274455,2.1161733,1.0598787
1974,0.775,1,0.8141415107741505,1.9040871,1.7807319,1.0872495
1975,0.925,1,0.8705537733801852,2.6568866,2.4961472,0.8991636
1976,0.875,1,0.7869178147229906,1.7189927,1.527106,-0.38033792
1977,0.875,1,0.8551363699688216,2.508977,2.4095922,0.5225688
1978,0.9,1,0.8353943180667096,2.229651,2.073142,0.8718084
1979,0.85,1,0.8078110281861789,1.8352244,1.6710966,0.8921881
1980,0.675,1,0.8336059170546892,2.2234604,2.0964017,0.7200811
1981,0.9,1,0.8309168448968905,2.0955682,1.9459798,1.0560793
1982,0.7,1,0.7521287826878098,1.2253504,1.0039573,1.0386896
1983,0.825,1,0.8909630280541755,2.9518845,2.7656546,0.62356627
1984,0.95,0,0.7635101251422488,1.6275718,1.8259672,0.83422244
1985,0.875,1,0.7819963203108322,1.5529847,1.3271639,0.93118477
1986,0.975,1,0.7976495146932725,1.7418396,1.4743981,0.7646166
1987,0.775,1,0.8335150497589062,2.2092624,1.9819665,1.2641344
1988,0.775,1,0.8174241445705517,1.9547443,1.699088,1.1145815
1989,0.8,1,0.833357109154726,2.1675258,2.0197747,1.2615526
1990,0.8,1,0.8318431622703994,2.158263,2.0139854,0.83968043
1991,0.55,0,0.7558510510786793,1.4370914,1.7859678,1.1608952
1992,0.975,1,0.8991711061293071,2.9526079,2.7981584,0.33909938
1993,0.8,1,0.7606650358520752,1.4816587,1.2784024,0.79512084
1994,0.875,0,0.7169926050013173,0.8011502,1.0178221,1.3604604
1995,0.85,0,0.7514241970054785,1.3240553,1.6121032,0.7659253
1996,0.9,1,0.8131096732481228,1.8820689,1.674088,0.93052447
1997,0.775,0,0.781389782479331,1.6824447,1.9660308,1.1208974
1998,0.825,1,0.7875909514230186,1.7373914,1.4861536,0.600572
1999,0.75,1,0.7962998428310307,1.7464887,1.5688524,0.79619884
2000,0.775,1,0.8189332940568955,2.0207667,1.819246,0.72187054
2001,0.875,1,0.8765688122168923,2.6735334,2.543381,0.9875759
2002,0.825,1,0.8464032701258685,2.319808,2.175228,1.0021461
2003,0.8,1,0.860619329829229,2.5124671,2.3879032,0.68093264
2004,0.9,1,0.8474201472478087,2.3017333,2.1463842,0.79742754
2005,0.7,1,0.8393473466025075,2.2278607,2.1034746,1.0385106
2006,0.85,1,0.8108829107417028,1.9284074,1.7310483,0.2163898
2007,0.8,1,0.7973634224092006,1.7976124,1.6563447,0.5835184
2008,0.975,1,0.8747005923397299,2.7700572,2.615369,0.7141392
2009,0.8,1,0.8458250638443587,2.3627398,2.1606035,0.65900743
2010,0.775,1,0.8337148782997043,2.1436117,1.9032238,0.8659843
2011,0.8,1,0.802894571673469,1.7864532,1.5327301,1.2894635
2012,0.8,1,0.8029793587394353,1.8502687,1.7219532,0.6307428
2013,0.775,1,0.8208987751595982,2.121848,1.8796729,1.0700678
2014,0.85,1,0.7924694348280512,1.7734151,1.6087345,0.14917007
2015,0.825,1,0.7996086854333954,1.7465518,1.5420322,1.1041868
2016,0.825,1,0.8215090381624628,1.9892807,1.8418174,1.2194853
2017,0.95,1,0.8987066821988973,2.915707,2.7839704,1.1451453
2018,0.95,1,0.8075692011513954,1.8395048,1.6476235,1.1000776
2019,0.75,1,0.8009809769501055,1.7311532,1.5754853,0.9777521
2020,0.95,0,0.7985855062687537,1.8978122,2.24015,0.98982847
2021,0.925,1,0.8329744213918399,2.1588206,1.94419,1.1832721
2022,0.9,0,0.7171615571972385,0.94590586,1.2639642,0.46668378
2023,0.85,1,0.8239432552300017,2.0515623,1.9079703,0.53900135
2024,0.8,1,0.8100256873261052,1.957579,1.741256,0.82254946
2025,0.75,1,0.7728820094036145,1.5773208,1.4367738,0.49885622
2026,0.8,1,0.835915077970697,2.257051,2.0510693,0.9495175
2027,0.975,1,0.850826205989872,2.4060702,2.2642722,1.0847249
2028,0.925,1,0.8268761022882194,2.0682282,1.8092072,0.6283361
2029,0.75,1,0.8361340221312044,2.2961648,2.0260613,0.49941006
2030,0.85,1,0.8174052252139428,2.0119793,1.8331742,0.45187202
2031,0.85,1,0.8204112891062584,2.071056,1.8471191,0.83463025
2032,0.975,1,0.8341814131037042,2.1776953,1.9429721,1.1552278
2033,0.9,1,0.842899573017165,2.3362782,2.2455153,0.4602655
2034,1.0,1,0.8375950495074909,2.3257334,2.153714,0.72209895
2035,0.75,1,0.7911490188189688,1.6530172,1.4843273,1.2686164
2036,0.9,1,0.8055292352931626,1.8185062,1.6765236,1.5323133
2037,0.75,1,0.8184343670631121,2.032795,1.8170964,0.35209885
2038,0.925,1,0.8580126749645958,2.4865098,2.373488,0.4400092
2039,0.5,1,0.8080565845744416,1.9091834,1.7143449,0.5429907
2040,0.775,0,0.8038515282546206,1.9182782,2.2821872,0.93743503
2041,0.725,1,0.7907574906618648,1.6951122,1.4662726,0.91977334
2042,0.725,1,0.8046764662943116,1.8137587,1.645249,0.87921154
2043,0.825,1,0.8411188869432671,2.2815638,2.0891962,1.0262558
2044,0.825,1,0.8368613541256329,2.2307854,2.1045878,0.8822386
2045,0.975,1,0.859560186625208,2.4403765,2.2012458,0.6203927
2046,0.775,1,0.7748418714487657,1.683238,1.5213423,0.59643245
2047,0.775,1,0.7868724248801121,1.634007,1.422538,1.0272434
2048,0.65,0,0.7339761576591566,1.2284095,1.3765843,1.7161928
2049,0.925,0,0.6851215203017869,0.7058408,0.9118967,1.2792631
2050,0.85,1,0.84896832899599,2.35435,2.185515,1.1508636
2051,0.725,1,0.7923157964072972,1.6150384,1.4418936,1.571302
2052,0.825,1,0.7803421354295548,1.5343733,1.3028955,0.83849156
2053,0.725,1,0.805304275284624,1.9262339,1.7570257,0.24447104
2054,0.625,1,0.787361846867717,1.6763067,1.4616874,0.65941834
2055,0.85,1,0.8670863061328687,2.647068,2.5048413,0.9347155
2056,0.9,1,0.8176570577460464,2.0432475,1.8215599,1.0026202
2057,0.875,1,0.8403634525596567,2.3182704,2.1320455,1.0648901
2058,0.8,1,0.8394267585751545,2.351624,2.200375,0.86060345
2059,0.825,0,0.7768780794902552,1.6272651,1.9751571,1.2243317
2060,0.725,1,0.8102081275523723,1.9227676,1.6580169,1.0902525
2061,0.875,1,0.7842159160528452,1.6664689,1.5258543,0.28019127
2062,0.725,0,0.7315249976465681,1.2145214,1.4473622,1.4060379
2063,0.75,0,0.7669456338182663,1.4788527,1.8231461,0.08285573
2064,0.775,1,0.8227630261011512,2.1279287,1.9911036,0.8053762
2065,0.875,0,0.7923547262336739,1.7514781,2.0785604,1.446761
2066,0.875,1,0.8540433017632718,2.454905,2.3600714,0.5653943
2067,0.85,1,0.8195802407755941,1.9794523,1.8400983,0.67743075
2068,0.825,1,0.784784785400187,1.5674462,1.3984715,0.5044328
2069,0.9,1,0.8256938868637076,2.073117,1.8331637,1.2313759
2070,0.85,0,0.760440931149764,1.3703669,1.6534514,1.8273381
2071,0.8,1,0.8240576170834171,2.101759,1.8940688,0.58518136
2072,0.75,1,0.8283091410813717,2.1530702,1.9280369,0.3650854
2073,0.75,1,0.8141464098309803,2.0115561,1.8143848,0.5072111
2074,0.775,1,0.8401548908229689,2.2065632,1.9635283,0.9229311
2075,0.925,1,0.7627519219906911,1.3447762,1.152724,1.1737036
2076,0.95,1,0.7995012538697801,1.7818774,1.5656209,0.648142
2077,0.8,1,0.822173166891442,2.005636,1.8443837,0.96031773
2078,0.7,1,0.7752527472525015,1.5112383,1.3639559,1.1699141
2079,0.7,1,0.8336011171298229,2.1738007,1.9489646,0.4855403
2080,0.625,1,0.8207862170530382,2.029671,1.7909207,1.1561601
2081,0.725,0,0.7538298293929274,1.4230361,1.7827058,0.3774973
2082,0.775,1,0.8878499104433504,2.8632307,2.771107,0.7100886
2083,0.975,1,0.8551217533509301,2.3769205,2.2021232,1.0561761
2084,0.975,1,0.7823525128326425,1.6679268,1.4537046,-0.042543262
2085,0.6,1,0.7877292416605661,1.6473018,1.4712481,0.5995364
2086,0.95,1,0.7742263002375678,1.6580939,1.541808,0.13388208
2087,0.8,0,0.7517024198458524,1.2645702,1.5383492,0.94393003
2088,0.7,0,0.7291762141794313,1.1132367,1.5052818,0.99519885
2089,0.725,1,0.8380914353448005,2.2299104,2.0321963,1.1438086
2090,0.9,1,0.7886698999908844,1.6247022,1.3464129,1.1121298
2091,0.8,1,0.7633852124883767,1.5431936,1.1797278,1.481902
2092,0.95,1,0.8274064721417678,2.1194808,1.8472302,0.73694575
2093,0.85,1,0.8253683711403852,2.069231,1.8382645,0.3099679
2094,0.8,1,0.8235714690922309,2.1374724,1.9064426,1.325757
2095,0.8,1,0.8254964816786308,2.1611826,2.0694923,0.21827087
2096,0.9,1,0.7935111180366741,1.6905274,1.4735249,0.66842234
2097,0.8,1,0.8468043377138088,2.40787,2.1855924,0.6435844
2098,0.675,0,0.7615060931115457,1.5162762,1.7307345,1.1756333
2099,0.95,1,0.8619525172267204,2.5423102,2.4167662,0.4377931
2100,0.8,1,0.8323482542610083,2.1431057,1.9038944,1.1261855
2101,0.775,1,0.8075687454836505,1.8984616,1.6964098,1.000881
2102,0.675,0,0.791521137595788,1.7355397,2.0713115,1.5370642
2103,0.925,1,0.8059814196614418,1.7952375,1.568682,1.1367209
2104,0.675,1,0.7951107347846258,1.681349,1.4501314,1.1739259
2105,0.675,1,0.8141054332428075,2.0262318,1.8819509,0.36574546
2106,0.9,1,0.8634607035475413,2.5408196,2.402216,1.0777832
2107,0.675,0,0.7144221556309098,1.1112888,1.3876828,1.0114582
2108,0.85,1,0.8201671565358992,2.1010208,1.9141514,0.4489893
2109,0.725,0,0.8300319267919762,2.365224,2.7144654,0.452947
2110,0.525,1,0.7855338574176207,1.5939455,1.4011981,0.81193984
2111,0.65,0,0.7640067408463382,1.5307283,1.734346,1.3701802
2112,0.825,1,0.8483388936033424,2.4013307,2.1789732,0.68998516
2113,0.725,1,0.8049940932196162,1.870465,1.6670082,0.87896776
2114,0.775,0,0.8060811208403534,1.97433,2.2819107,0.9732319
2115,0.9,1,0.878766212508415,2.7863364,2.6654034,0.3948978
2116,0.8,0,0.7933142126967836,1.9050131,2.2463887,0.8447646
2117,0.825,0,0.8379189969549832,2.411574,2.7556245,0.62689936
2118,0.775,1,0.7673878264846358,1.5046452,1.2886381,0.26515046
2119,0.925,1,0.8580028701843148,2.476499,2.3118455,0.8251282
2120,0.875,1,0.7675838590557498,1.4643134,1.2759486,0.9942939
2121,0.975,1,0.7970423034263843,1.7002648,1.5228629,0.8966757
2122,0.725,1,0.8435319850247736,2.2934494,2.1512265,0.88176835
2123,1.0,1,0.8967832728906066,2.9364371,2.786919,1.215668
2124,0.625,1,0.8368977170188813,2.2295952,2.1038077,0.7226081
2125,0.775,1,0.8163303951493891,2.0968413,1.7913189,1.0985254
2126,0.55,0,0.7630224573713869,1.4386027,1.6988568,0.47240892
2127,0.9,1,0.8198514191435275,1.9670194,1.7690887,1.289524
2128,0.8,1,0.8174771567240589,1.9744087,1.8200859,0.989612
2129,0.725,1,0.8070097203177576,1.825975,1.6850624,1.1983125
2130,1.0,1,0.8765486582377181,2.6882005,2.5040703,1.30388
2131,0.875,1,0.8406941824424364,2.2760997,2.1102557,0.90313447
2132,0.5,1,0.8132524327544459,2.003294,1.8284303,0.656759
2133,0.95,1,0.8431256658190193,2.2789116,2.0638266,1.0313121
2134,0.75,0,0.8123279040065429,2.1095922,2.4127033,1.1413332
2135,0.9,1,0.8091013887415477,1.8932731,1.7675533,0.58734214
2136,0.875,1,0.8434231859042826,2.2282763,2.0367947,1.5409074
2137,0.625,1,0.764553535813453,1.4995456,1.2347053,0.7422528
2138,0.775,0,0.7021014280728692,0.7460969,0.90447956,1.4118745
2139,0.65,0,0.7427330569654167,1.2246945,1.5654125,1.1623206
2140,0.6,1,0.8250801236339207,2.080925,1.8869362,0.89418936
2141,0.625,1,0.8355244579347344,2.2448826,2.0363736,0.7331904
2142,0.775,1,0.8422971430958084,2.2464838,2.0847464,0.9059738
2143,0.675,0,0.7188041806731962,1.0875403,1.4541792,0.6163975
2144,0.8,1,0.730151243705674,1.3023504,1.068209,0.5583478
2145,0.9,1,0.8257923191868438,2.1043787,1.9419427,1.0774274
2146,0.7,1,0.8477265798888142,2.365538,2.1782901,0.9590304
2147,0.85,1,0.773531366546349,1.610169,1.4759042,0.86450744
2148,0.975,1,0.8775628070686797,2.7007523,2.5180712,0.951959
2149,0.75,0,0.7808596602913811,1.7214403,2.073465,0.64267623
2150,0.875,1,0.8418663926744574,2.2852168,2.1000004,0.7781464
2151,0.775,1,0.8033471844446355,1.9374375,1.7376919,0.6667808
2152,0.725,0,0.7297525198756478,1.2748654,1.5101005,0.9391254
2153,0.65,0,0.7824077989930667,1.8087864,2.028743,0.73919
2154,0.775,1,0.7739621611552326,1.4567597,1.1922921,1.3269227
2155,0.95,1,0.8047748016550453,1.7498562,1.5700357,0.71108925
2156,0.9,1,0.8722045095026647,2.5933151,2.444077,0.8387085
2157,0.825,1,0.8199858811908364,2.0618303,1.8659546,0.85249066
2158,0.775,1,0.820467736714853,2.0191336,1.8534613,0.61802566
2159,0.7,1,0.829599672022036,2.197568,1.9534361,1.0289502
2160,0.925,0,0.7537650608203075,1.2651267,1.57965,0.948491
2161,0.85,1,0.8038656483638174,1.811336,1.6175687,1.1072154
2162,0.775,1,0.8078301272502402,1.9095905,1.6838509,0.7825259
2163,0.8,1,0.8633409760002837,2.577442,2.4283524,0.6738678
2164,0.775,1,0.8395678498381652,2.30796,2.145654,0.7710229
2165,0.85,1,0.7992193755444085,1.78122,1.4996922,1.3407762
2166,0.6,1,0.8075759333120573,1.8929302,1.7118702,0.5992749
2167,0.75,1,0.7665359192757317,1.3596956,1.1368299,0.64905274
2168,0.75,1,0.7786899336167041,1.5831587,1.415334,0.5888077
2169,0.875,1,0.7862816856281046,1.690084,1.5427942,0.25356916
2170,0.725,1,0.7890564815888927,1.620661,1.4315977,0.7283379
2171,0.95,0,0.7678803307811392,1.5088344,1.7735487,0.96330726
2172,0.675,1,0.7805652585911065,1.5766536,1.390778,1.0662163
2173,0.8,1,0.7658909534399727,1.47079,1.2449973,0.51492107
2174,0.9,1,0.8392798797310564,2.2869523,2.1273315,0.965261
2175,0.75,1,0.8600415011821234,2.5283384,2.3873672,0.9600463
2176,0.85,1,0.7978352647152926,1.7242073,1.468718,1.3785477
2177,0.875,1,0.8329173041446818,2.1657705,2.0288515,0.51684296
2178,0.725,1,0.7939606601188356,1.725142,1.5506394,0.84042406
2179,0.95,1,0.8783420869854752,2.722259,2.5450609,1.0508438
2180,0.825,0,0.8095895985722903,2.030695,2.3376737,1.2459949
2181,0.575,0,0.777669387978015,1.6097202,1.9462845,0.31892362
2182,0.95,1,0.8173436580988631,2.0003464,1.7905883,1.1909854
2183,0.95,1,0.8703374840522684,2.6111436,2.4621372,0.9000586
2184,0.7,0,0.7424135022437449,1.3637066,1.6636591,0.89254844
2185,0.825,1,0.8263286125611953,2.1230993,1.9417489,0.5432068
2186,0.625,0,0.7587113519461052,1.5106161,1.8592422,0.41341242
2187,0.95,1,0.8582051643410376,2.4661088,2.3193953,1.1964359
2188,0.825,1,0.8453204145142473,2.3159769,2.1479871,1.1361235
2189,0.625,0,0.7771660140511909,1.6865952,2.0236335,0.87799823
2190,0.825,1,0.8594795348856948,2.5331824,2.406101,0.5060977
2191,0.675,1,0.7532390523785081,1.3732201,1.0549445,0.86600375
2192,0.8,0,0.7278750893704997,1.2010348,1.4518396,1.3927493
2193,0.925,1,0.7830857302681349,1.5199034,1.320004,1.0883069
2194,0.725,1,0.8055580140404486,1.8180519,1.7101948,0.83936656
2195,0.975,1,0.7862119421363889,1.7236645,1.5929676,0.10480246
2196,0.925,1,0.8527672803636547,2.3976064,2.2535346,0.76290643
2197,0.975,1,0.7979506475033704,1.7604153,1.5203323,1.1116074
2198,0.8,1,0.8189391892908582,2.0047364,1.7818713,0.7395903
2199,0.825,1,0.8092627073792367,1.9198858,1.7469147,0.83816266
2200,0.825,1,0.7857755546231437,1.6535708,1.4596151,0.6738044
2201,0.9,1,0.8373611168120279,2.1914804,1.9567231,0.8969921
2202,0.85,1,0.8538761384836718,2.4213672,2.2551758,0.39780578
2203,0.95,0,0.8079751801665185,1.9880953,2.280834,1.093411
2204,0.7,1,0.7679565736492678,1.4017332,1.1561387,0.76268446
2205,0.75,1,0.826612823584853,2.1234381,1.9229704,0.7808702
2206,0.675,1,0.8117961363673327,1.9443588,1.7450496,0.5872319
2207,0.875,0,0.7841866896215399,1.7961946,2.1348777,0.996614
2208,0.9,1,0.8349641057366104,2.262784,2.0726962,0.7354882
2209,0.8,0,0.7548293135143269,1.3042703,1.6225772,1.1593027
2210,0.65,1,0.8359035893379723,2.22671,2.0169353,1.3353962
2211,0.85,1,0.8119734164862547,2.0146704,1.8979665,0.4110466
2212,0.9,1,0.8465311409274016,2.4161177,2.257124,0.3443598
2213,0.775,1,0.8268422520334273,2.1016126,1.9586949,0.93632627
2214,0.875,1,0.8474985812566582,2.3925748,2.2262063,0.5276793
2215,0.65,0,0.771315461478905,1.5639385,1.9290738,0.79158294
2216,0.8,1,0.7907721616859013,1.7296101,1.5487262,0.49402526
2217,0.725,1,0.8313028752449985,2.1231928,1.8927252,0.9891645
2218,0.95,1,0.8328993505761886,2.176844,2.0342572,0.85442233
2219,0.675,1,0.74250132015465,1.2518756,0.9383959,1.0562643
2220,0.925,1,0.8368787597982279,2.3113532,2.1367183,0.5502671
2221,0.825,1,0.7952813405553796,1.7384627,1.5566833,0.68061924
2222,0.95,1,0.8510095878643225,2.358544,2.225872,0.31034014
2223,0.9,1,0.8353262145339483,2.1884265,1.931133,0.9253675
2224,0.725,1,0.7886638167681939,1.7935917,1.5664513,0.9524416
2225,0.925,1,0.8577955977728005,2.460607,2.3087833,0.72122276
2226,0.725,1,0.854346959893352,2.3379323,2.1967208,0.95802915
2227,0.775,0,0.7761114819739051,1.5771711,1.8880465,1.1862923
2228,0.85,1,0.7650568393006781,1.3827049,1.1526623,1.4696935
2229,0.85,1,0.8338872486974336,2.2016149,2.0310662,0.12317547
2230,0.825,1,0.8405960619290203,2.325807,2.2084591,0.5882857
2231,0.9,1,0.8197419951165639,2.0554292,1.9387374,0.36550483
2232,0.95,1,0.8583264282557853,2.502732,2.3469086,0.8807112
2233,0.65,0,0.7300136352129105,1.0282615,1.2896371,1.1084086
2234,0.7,1,0.8064938814609172,1.919424,1.7159777,0.6225765
2235,0.675,0,0.7353888983762352,1.1283126,1.4143516,0.9492458
2236,0.875,0,0.7734267190802031,1.8113878,2.0380197,0.7917906
2237,0.775,1,0.8032272153737334,1.843345,1.63886,0.98449504
2238,0.575,1,0.8241103272447369,2.0221443,1.8096501,0.68634236
2239,0.725,1,0.8107532855005493,2.0052776,1.7836268,1.0626975
2240,0.625,1,0.7884799393220218,1.6711094,1.4377021,1.0296655
2241,0.65,1,0.7862979440025799,1.6417303,1.4765573,0.61074173
2242,0.825,1,0.830611851100098,2.101309,1.9258392,1.316951
2243,0.6,1,0.7702529074741009,1.4595717,1.2784449,1.0979968
2244,0.75,1,0.8468158461255912,2.318512,2.1404257,0.80924046
2245,0.875,1,0.7311658804674215,1.2215378,0.9633638,0.29005274
2246,0.7,0,0.7757047044184044,1.5670495,1.837988,0.69538057
2247,0.8,1,0.847817728763315,2.5335577,2.3638296,0.23688468
2248,0.775,1,0.8352033139097145,2.1636438,1.9644002,0.7618829
2249,0.725,0,0.7588277510101579,1.4596974,1.7382438,0.8712965
2250,0.825,1,0.8145272194010136,1.9849808,1.8386451,0.80459476
2251,0.675,0,0.7057416232856902,0.98478293,1.1429343,0.74201524
2252,0.85,1,0.8506454696253771,2.353416,2.1881819,0.4624127
2253,0.7,1,0.8578426989940351,2.5252452,2.4011407,0.27374825
2254,0.8,1,0.8384294723246661,2.2926455,2.1200128,0.9256675
2255,0.8,1,0.7765207767848488,1.5470352,1.3125463,1.1458578
2256,0.75,1,0.7789302399233484,1.4668596,1.2093813,0.7681302
2257,0.975,1,0.8014957091390881,1.8897345,1.6750822,0.050384134
2258,0.825,1,0.8448059224176674,2.3326545,2.2071738,0.66177
2259,0.825,1,0.8248323993001827,2.1163259,1.9648101,0.7088684
2260,0.8,1,0.8066988995706192,1.8802236,1.6495689,0.39226738
2261,0.95,1,0.8613025184828315,2.6135504,2.4300747,0.45366952
2262,0.85,1,0.786102549099007,1.6535401,1.4563787,0.71766996
2263,0.85,1,0.82419690247994,2.0854309,1.8785499,1.3504308
2264,0.875,0,0.7188313457077621,1.033854,1.1440668,1.532352
2265,0.85,1,0.8407131645108258,2.2533023,2.12395,0.8215796
2266,0.925,1,0.849597105250524,2.376645,2.171039,1.1807115
2267,0.875,1,0.8182803179987225,2.0240283,1.8801949,0.9123771
2268,0.675,1,0.792885319803709,1.7127638,1.5266411,0.79165626
2269,0.75,0,0.7948665579808276,1.8294795,2.1794803,0.3764616
2270,0.875,1,0.8235307936997287,2.0793054,1.9237971,0.9888706
2271,0.7,1,0.7756208131650135,1.595664,1.376055,0.4538093
2272,0.75,1,0.8002776692958016,1.796017,1.5536739,1.4635957
2273,0.775,1,0.8389274658255976,2.2456627,1.9781766,1.1699463
2274,0.825,1,0.8708938191543604,2.6662197,2.526202,1.184195
2275,0.925,1,0.8429581235024437,2.2635508,2.0588515,1.209485
2276,0.825,1,0.8341630349558063,2.234215,2.1080074,0.8558253
2277,0.85,1,0.766047849867417,1.3497955,1.1498057,0.82286096
2278,0.6,1,0.7694235066040702,1.5675281,1.2323186,1.3124291
2279,0.85,1,0.8585242299144982,2.5249424,2.346647,0.8156544
2280,1.0,1,0.8335573519087877,2.129404,1.8591001,1.0085424
2281,0.725,1,0.7558913780691295,1.4074843,1.096545,0.7166923
2282,0.975,0,0.8212726673617289,2.2572393,2.5904155,0.74495554
2283,0.6,1,0.7879315755355549,1.6776696,1.4334787,1.0479321
2284,1.0,1,0.8918108412712741,2.8767226,2.7286406,1.0256754
2285,0.825,1,0.8138852196504738,1.9869785,1.7678237,1.2545607
2286,0.75,0,0.7654629902461793,1.4780889,1.7773191,0.79717624
2287,0.625,0,0.7151639812010528,1.0031614,1.1103408,1.5044515
2288,0.775,1,0.8380317949486026,2.202336,2.0952394,0.92925525
2289,0.85,1,0.8082707458556313,1.9614158,1.7450824,0.9035914
2290,0.95,1,0.8594261244155265,2.5361543,2.3676884,0.6555692
2291,0.95,1,0.8551154772132926,2.5053277,2.3380294,0.8735837
2292,0.7,1,0.7642186829208877,1.4603479,1.3079581,0.5565889
2293,0.8,1,0.8629636405059369,2.524135,2.3696034,1.0218655
2294,0.7,1,0.7701958105584341,1.4463356,1.2472932,1.0441071
2295,0.8,1,0.8503720340925268,2.3474164,2.1473653,0.87950194
2296,0.7,0,0.7455236199870976,1.2065767,1.4322193,1.4794105
2297,0.775,1,0.8006404250622933,1.7748735,1.5022569,1.0863234
2298,0.8,1,0.8291086176696272,2.1473062,1.9485388,0.7034801
2299,0.8,1,0.7470684661535925,1.2804282,1.0580876,0.75620925
2300,0.725,1,0.8480930699784386,2.3851871,2.2286267,0.8550974
2301,0.75,1,0.8391205224207979,2.2601495,2.088883,0.98558044
2302,0.975,1,0.7984906813668248,1.7995315,1.6221328,-0.030461878
2303,0.875,0,0.7506200493673206,1.267976,1.481034,1.1712784
2304,0.725,1,0.789978966114661,1.6625996,1.4634333,0.590927
2305,0.7,1,0.8048224572182754,1.8794634,1.676196,0.62091184
2306,0.9,1,0.8292016645580056,2.1840394,1.9702094,0.5310997
2307,0.575,1,0.7626014064383161,1.3407502,1.2029848,0.56911147
2308,0.975,1,0.8708902846063058,2.6233587,2.43749,0.71681845
2309,0.775,1,0.7967403590495501,1.8541061,1.7126222,0.32799682
2310,0.725,1,0.7729627044524918,1.4990132,1.362339,0.8396939
2311,0.85,0,0.7654012903999508,1.6129539,1.9774258,1.2393714
2312,0.75,1,0.7726103624321654,1.6482657,1.3559167,0.6370672
2313,0.875,1,0.7990174248079599,1.852796,1.7126603,0.53974426
2314,0.675,1,0.803875492807442,1.8837715,1.6455805,1.322441
2315,0.775,1,0.7708564446134729,1.4018831,1.2100396,0.725942
2316,0.8,1,0.7774331642983218,1.4974597,1.2707914,0.8189515
2317,0.725,1,0.7934700929714266,1.8684006,1.6432697,0.9264164
2318,0.8,1,0.8135514631961747,2.0268981,1.7412007,0.811008
2319,0.775,0,0.7702139684334364,1.5942016,1.9112751,0.7320955
2320,0.75,0,0.7490730601350035,1.2660407,1.5941126,1.3628168
2321,0.925,1,0.8630828442709781,2.461845,2.3231058,1.2763004
2322,0.7,1,0.7676516472013093,1.511733,1.4032093,0.22451583
2323,0.8,1,0.8890319176667617,2.892735,2.7629857,0.068354815
2324,0.7,1,0.7216935698046688,1.1452833,0.8307063,0.10487172
2325,0.775,0,0.7871844531744785,1.7377368,2.0444613,1.3050283
2326,0.775,1,0.8018965976522052,1.8242362,1.7185942,1.0006201
2327,0.975,1,0.7628979443036703,1.4368622,1.1109805,1.1375018
2328,0.7,0,0.7566817549560694,1.3966291,1.7529831,1.211459
2329,0.925,1,0.8303877989406806,2.1839378,2.0393858,1.0651046
2330,0.95,1,0.8165402774937203,2.0598533,1.9026631,0.47320595
2331,0.75,1,0.7696614905782515,1.6011362,1.4775362,0.03407845
2332,0.675,1,0.7838824051955406,1.6486768,1.4259946,1.0994157
2333,0.675,1,0.7604779664821238,1.3520522,1.1532633,0.53080153
2334,0.8,1,0.8215354098090537,2.0368724,1.8091776,0.7558347
2335,0.75,1,0.8179777399631257,2.050918,1.8738763,0.26832524
2336,0.9,1,0.832580615737331,2.1384141,1.9587041,1.1864885
2337,0.7,1,0.8266160020012985,2.1058974,1.8488733,1.1113201
2338,0.95,1,0.8174031020542514,2.0697863,1.9724987,0.9737638
2339,0.775,0,0.7651133835483619,1.446398,1.7549415,1.721799
2340,1.0,1,0.8705807708591259,2.649476,2.5106773,0.21277234
2341,0.825,1,0.7911994585241651,1.7932827,1.5227442,1.0932893
2342,0.75,1,0.7949878795024994,1.791819,1.5447828,0.85826313
2343,0.825,1,0.8707502617851139,2.683416,2.5719163,0.70199406
2344,0.95,1,0.8506990292403218,2.39535,2.2078576,0.5658783
2345,0.65,0,0.7231932818205733,1.0711548,1.2536964,1.5469776
2346,0.925,1,0.766864502918447,1.401698,1.2176356,1.1838225
2347,0.825,1,0.8605169482543946,2.4821372,2.2488275,0.91507995
2348,0.7,1,0.7877572210478818,1.6312538,1.4636756,0.64555883
2349,0.675,1,0.7182132810719417,0.8580986,0.6892097,1.0571272
2350,0.85,1,0.8485979081448232,2.3178966,2.158965,1.1345263
2351,0.625,1,0.8249746509875616,2.0877275,1.8910688,0.6651963
2352,0.825,1,0.841953935827863,2.3732257,2.2220206,0.29879394
2353,0.95,1,0.8224597487060115,2.123499,1.9383104,0.49187484
2354,0.85,1,0.8625508269293582,2.5480738,2.4646287,0.11804351
2355,0.55,1,0.7700775862537341,1.6000165,1.3681796,0.2065002
2356,0.8,1,0.819463521792351,2.0618517,1.8609226,0.904716
2357,0.8,1,0.8208935655971155,2.0728498,1.8369005,0.89138234
2358,0.725,0,0.644787342504777,0.31606555,0.48680535,0.95988905
2359,0.6,1,0.7938815522162541,1.7532986,1.6185849,0.9221395
2360,0.7,1,0.8532603604258479,2.363027,2.2414398,0.8179127
2361,0.775,0,0.7802783845414065,1.6413007,1.9154575,1.4712412
2362,0.925,1,0.806271232402344,1.8221171,1.6450808,0.8168359
2363,0.95,1,0.7309125173122015,1.227684,1.0388906,0.3722596
2364,0.8,1,0.8583530569607298,2.4658704,2.349396,1.1155311
2365,0.975,1,0.8792277319887946,2.7496977,2.5426552,0.93615115
2366,0.85,1,0.8357219290432537,2.1938114,2.0242317,0.76267326
2367,0.8,1,0.8192976478799605,2.0347314,1.8863914,0.49747667
2368,0.9,1,0.8746636712601731,2.6750956,2.503657,1.0254182
2369,0.85,1,0.7982650704953901,1.8176606,1.577189,0.6542107
2370,0.9,1,0.8334771952403917,2.2238448,2.1071064,0.39104185
2371,0.9,1,0.832683165334247,2.1924686,2.0215755,0.89074135
2372,0.9,1,0.861502846785821,2.5463953,2.3822255,0.9277359
2373,0.75,1,0.851726171554595,2.4339857,2.3166802,0.686751
2374,0.75,1,0.7662595223839255,1.4178096,1.333076,1.0196664
2375,0.55,1,0.7974514953676672,1.8106129,1.6371922,0.6449503
2376,0.55,1,0.7353499642874901,1.0058713,0.78198695,0.98685086
2377,0.7,1,0.7954147692705881,1.7639579,1.5370672,0.6049613
2378,0.8,1,0.8156548892494669,1.9484205,1.7988558,1.0620034
2379,0.825,1,0.7476186451079275,1.1640819,0.954355,0.824265
2380,0.775,1,0.7655869420015887,1.3555067,1.1126044,1.3338478
2381,0.8,1,0.7826412011660229,1.6054085,1.3751224,1.2495788
2382,0.85,0,0.775053229635954,1.6295414,1.8737187,1.359818
2383,0.75,1,0.8291019883873556,2.1871521,2.0453598,0.12209591
2384,0.675,0,0.7872252375383707,1.736733,2.0521798,1.2468504
2385,0.875,1,0.7701042491433786,1.4163394,1.2295079,0.9096179
2386,0.75,1,0.8439439001296707,2.3321419,2.180566,1.0296979
2387,0.725,1,0.8439082092415762,2.2847204,2.1289399,0.18928799
2388,0.75,1,0.818435016171892,2.018844,1.9072678,0.75773716
2389,0.6,0,0.6985876176324161,1.0204825,1.2497873,0.7398242
2390,0.875,1,0.8416515977553556,2.2960114,2.1689606,0.48398957
2391,0.75,1,0.8782499994183067,2.7218556,2.559409,0.6994692
2392,0.925,1,0.8405361223834091,2.3497953,2.1620533,0.7638949
2393,0.8,1,0.8391358126695525,2.223981,2.1020167,0.67038524
2394,0.75,0,0.7316209643991218,1.1394479,1.3436666,2.1554065
2395,0.975,1,0.8533199343764581,2.3173509,2.15232,0.94419205
2396,0.9,1,0.773993935964599,1.4837292,1.3270545,0.38174042
2397,0.85,1,0.8226458048934089,2.0755317,1.8311578,0.84525096
2398,0.8,1,0.8471990290900786,2.361896,2.1820865,1.017981
2399,0.7,1,0.843868055307451,2.372064,2.2034988,0.83249867
2400,0.975,1,0.829575545958153,2.0351844,1.909122,1.0905818
2401,0.875,1,0.8178476236108628,2.0021944,1.8817765,0.5578896
2402,0.825,0,0.6839555457370274,0.77003884,0.9815707,1.2541113
2403,0.775,0,0.7866883347186521,1.7518584,2.0293741,1.480738
2404,0.55,1,0.8160034224860628,2.06519,1.9055241,0.6077241
2405,0.975,1,0.8399475667512946,2.2346566,2.0658875,1.1571199
2406,0.675,1,0.7598401584226788,1.5115772,1.2243239,0.7445978
2407,0.775,1,0.747489637874067,1.2747669,0.9442659,1.2141982
2408,0.875,1,0.8726519066612848,2.5806665,2.4323492,0.41269645
2409,0.875,1,0.856278831589882,2.5079536,2.3190527,0.6339716
2410,1.0,0,0.8016618989650943,1.9016533,2.2382975,1.7845803
2411,0.825,1,0.7995692648202471,1.8353826,1.6675303,0.50323975
2412,0.875,1,0.8539809170689868,2.4154227,2.2449126,1.3754802
2413,0.95,1,0.8018957390043513,1.8844001,1.7124913,0.82305145
2414,0.75,1,0.7942793032507568,1.7257274,1.5462155,1.1254354
2415,0.875,1,0.8338286186651168,2.2004564,2.0879755,0.56126416
2416,0.825,1,0.7907771929991196,1.6703131,1.4207418,1.2742782
2417,0.775,1,0.8612967158731303,2.5704317,2.371657,0.7446277
2418,0.75,1,0.7836094361231147,1.7036668,1.5619197,0.46680936
2419,0.95,0,0.7687787760503918,1.5047104,1.8329316,0.5774492
2420,0.675,0,0.7322139047814815,1.2072194,1.4395144,0.6280099
2421,0.85,1,0.8123522225542052,2.0304878,1.8384867,0.40107426
2422,0.925,1,0.8525547244532242,2.3795247,2.1995568,1.3396122
2423,0.95,1,0.787295102176695,1.6397223,1.4639521,0.5170697
2424,0.9,1,0.8547677212900245,2.494571,2.3999357,0.50987923
2425,0.8,1,0.7650434325055908,1.5330923,1.4288605,0.21883258
2426,0.65,1,0.7768075719224018,1.6334968,1.5081725,-0.07266918
2427,0.925,1,0.8450836388295104,2.346056,2.2275028,0.5538868
2428,0.925,1,0.8116121533256511,1.9648359,1.6704519,1.4256904
2429,0.7,1,0.7977909240557748,1.8097773,1.6074679,0.9216213
2430,0.75,1,0.7114547368923564,0.9266106,0.63047916,0.05651483
2431,0.6,0,0.7924265389373378,1.7535328,2.0247526,1.0433019
2432,0.75,0,0.7173690919378412,1.0191493,1.2906255,1.4047209
2433,0.775,1,0.8448389639694454,2.3300347,2.1826963,0.4895359
2434,0.8,1,0.8607276962333452,2.5426455,2.4059796,0.81771374
2435,0.8,1,0.8215146115456242,2.10026,1.8633013,0.94742227
2436,0.675,1,0.8617031237283487,2.4615936,2.3416498,0.7790419
2437,0.85,1,0.8220093263554731,2.0435834,1.8886639,1.0225388
2438,0.85,1,0.795004938607803,1.736233,1.4927199,0.80509865
2439,0.725,1,0.7714202217313981,1.4375172,1.2586343,1.2396475
2440,0.85,1,0.8308164827419688,2.2227154,2.072246,0.3283812
2441,0.875,1,0.8203438839687547,2.0925357,1.9721323,0.6181061
2442,0.725,1,0.7367037486907057,1.2933811,1.0389903,0.1262205
2443,0.775,1,0.8014317939765598,1.8152905,1.5889229,0.95411885
2444,0.9,1,0.8050172443705914,1.9061825,1.6861272,0.863364
2445,0.85,1,0.8455840895314741,2.3389974,2.1571865,0.34723774
2446,0.925,1,0.81606249680118,2.1194425,1.9382131,0.22523049
2447,0.875,0,0.8239769274441173,2.161314,2.3837767,1.3780073
2448,0.875,1,0.8018187906295974,1.8965963,1.7210774,0.4087033
2449,0.9,1,0.8096909277592425,1.9565837,1.7916052,0.5558162
2450,0.75,1,0.7832431179703581,1.6681976,1.5261492,0.3426365
2451,0.875,1,0.7741493287955914,1.461869,1.2261455,1.1476152
2452,0.775,1,0.8269314534932144,2.1514182,1.9248297,0.9099479
2453,0.8,1,0.819617340493356,2.0066588,1.8210735,1.011565
2454,0.675,1,0.7756162873926994,1.4594756,1.2733936,1.2174169
2455,0.8,1,0.8113097594185124,1.9209886,1.699687,0.6331309
2456,0.925,1,0.870028917826705,2.5961947,2.458485,1.1592534
2457,0.875,1,0.7844965837057031,1.5831127,1.3763597,1.0781119
2458,0.825,1,0.847669555831306,2.4380536,2.2548509,-0.07830736
2459,0.75,1,0.7334798917686552,1.0709319,0.65874255,1.6950947
2460,0.8,1,0.8183482182073434,2.0041828,1.7983328,0.6256958
2461,0.675,1,0.7709861786977243,1.6525652,1.3753258,0.7068491
2462,0.775,1,0.8089132503065175,1.8839712,1.7772484,0.8304715
2463,0.95,1,0.8045949721417401,1.9517407,1.7257464,0.9088162
2464,0.75,1,0.7667374717836518,1.5054975,1.2282346,1.1511801
2465,0.775,1,0.85413802351368,2.483834,2.2668371,0.9036937
2466,0.675,1,0.8085291247136351,1.8497148,1.6058328,0.87395155
2467,0.825,1,0.8468435616106833,2.492992,2.201929,1.5836227
2468,0.9,1,0.8532704710839348,2.4209285,2.2275264,0.21002272
2469,0.85,1,0.8136737505755391,1.9749159,1.7557275,0.6470946
2470,0.725,1,0.8332985049088001,2.214611,2.104609,0.83305895
2471,0.95,1,0.8426508012148114,2.2772782,2.130804,1.1502526
2472,0.825,1,0.8082091658857773,1.892321,1.7130764,1.1829796
2473,0.75,1,0.811013100639874,1.9687907,1.8267207,0.874987
2474,0.8,1,0.8781487756705704,2.7973433,2.678463,0.5843761
2475,0.8,1,0.7925042330187295,1.719163,1.5091934,0.9300804
2476,0.575,0,0.7594194938855311,1.3992052,1.6918526,1.4123964
2477,0.725,1,0.8178846843774903,2.0985348,1.9729747,-0.08912721
2478,0.875,1,0.8382685912618817,2.3762038,2.2516303,-0.08578363
2479,0.875,1,0.8780064420499955,2.7437925,2.6418326,0.53806174
2480,0.825,1,0.8021428362942606,1.8242557,1.583633,1.2820454
2481,0.825,1,0.7961883982521312,1.7640362,1.5475123,0.87333703
2482,0.85,1,0.8470229748762345,2.3330536,2.1138058,1.1887479
2483,0.85,1,0.7869099082816473,1.7126982,1.489738,0.28780797
2484,0.75,0,0.7908492548267683,1.7608781,2.1252897,1.4621649
2485,1.0,1,0.8363733671082272,2.236918,2.0515623,0.0733538
2486,0.825,1,0.8752818812740172,2.782565,2.6009881,0.52485
2487,0.525,1,0.7747424821673731,1.6803567,1.3630981,0.65909755
2488,0.9,0,0.8022632647619226,1.9393896,2.303371,1.0069561
2489,0.75,1,0.7882133262581235,1.6287253,1.4347273,0.59938323
2490,0.9,1,0.7830160526928038,1.5244312,1.3503122,0.93418527
2491,0.775,1,0.7902437511371803,1.8013856,1.6383817,0.22520283
2492,0.875,1,0.8110963419914168,1.9792849,1.8077569,-0.13965902
2493,0.825,1,0.7940152299016043,1.7260745,1.557908,0.79351854
2494,0.625,1,0.795085982408462,1.7274405,1.5387471,0.82412624
2495,0.575,0,0.7412084116529905,1.2671185,1.562181,0.94556725
2496,0.675,1,0.8088933712273151,1.952409,1.7719314,0.12030497
2497,0.875,1,0.8421695220971215,2.2417204,2.1100416,0.7760812
2498,0.65,1,0.7890549011504926,1.6137346,1.416706,1.1220099
2499,0.75,1,0.834328448465206,2.1281877,1.9871643,0.98030627
2500,0.75,1,0.824055032553574,2.0609946,1.8287256,1.3118954
2501,0.875,1,0.8294445610735274,2.1126933,1.9168376,0.75563705
2502,0.775,1,0.8501579522311973,2.3743482,2.2323656,0.6484076
2503,0.975,1,0.9075750525984256,3.0755715,2.921407,1.1756613
2504,0.65,0,0.7739649394031882,1.7102143,1.9570911,1.022503
2505,0.725,1,0.794630682526113,1.6665535,1.4590933,1.0458946
2506,0.8,1,0.7760211568595381,1.5302552,1.309325,0.89915895
2507,0.725,1,0.8592190087303592,2.5412323,2.365449,1.0388606
2508,0.925,1,0.8134980463503532,1.982686,1.8583484,0.5381862
2509,0.85,1,0.8312165403162749,2.1931157,1.9740396,0.68186855
2510,0.9,1,0.8589530203914212,2.4455366,2.310711,0.9127852
2511,0.975,1,0.8224425351008182,2.0446076,1.8899267,0.23217455
2512,0.95,1,0.7995741517003984,1.7995125,1.5840056,0.7670648
2513,0.75,1,0.8537068268201674,2.4967456,2.291881,1.0066638
2514,0.625,1,0.8300433110840995,2.1498525,1.9318817,0.86180186
2515,0.925,1,0.8430568893564764,2.2967477,2.1213892,0.47681704
2516,0.825,1,0.7802670175740385,1.5374079,1.293154,1.401041
2517,0.85,1,0.7773344403852489,1.7672675,1.5237932,0.581998
2518,0.65,1,0.8238803050872868,2.0673833,1.9108267,0.48245278
2519,0.9,1,0.7840121000331715,1.7810894,1.5644279,0.12977019
2520,0.85,1,0.8242128043634764,2.1037836,1.941264,0.5840477
2521,0.825,1,0.8797330922265445,2.7435694,2.5861766,1.1857169
2522,0.85,1,0.8391295952177618,2.2788856,2.1459994,0.41228732
2523,0.8,1,0.7947419101936998,1.742547,1.4928339,1.1408207
2524,0.675,1,0.7975027483004685,1.7971569,1.5831362,0.67013586
2525,0.85,1,0.7584406394595495,1.4700729,1.2011268,0.6185409
2526,0.775,1,0.7666061978877409,1.3917017,1.1957921,0.60047424
2527,0.7,1,0.8436259060016756,2.2638938,2.150368,1.0688787
2528,0.8,1,0.8244249583236345,2.0754766,1.9608581,0.8438635
2529,0.75,0,0.7564550246810018,1.5427743,1.8069489,1.2635701
2530,0.9,1,0.8487271598523852,2.3444495,2.1805513,1.2551141
2531,1.0,1,0.8057326658891527,1.8530798,1.6461353,1.3080621
2532,0.725,1,0.8257428354814731,2.0786443,1.8540776,1.0400498
2533,0.725,0,0.7399098151558163,1.3590579,1.5950539,1.32399
2534,0.925,1,0.8562307218843519,2.3904314,2.2576206,0.6938864
2535,0.85,1,0.8330023301222671,2.1697621,2.0321298,0.7556449
2536,0.65,1,0.8243720491661155,2.1143966,1.9004514,0.7658634
2537,0.725,1,0.841434082810929,2.1948297,1.995816,0.5171038
2538,0.6,0,0.7355894875023199,1.2369599,1.4512521,1.663716
2539,0.775,0,0.7498846924879633,1.2720897,1.6062708,0.7799417
2540,0.9,1,0.8573808434732091,2.4915843,2.3457181,0.6209558
2541,0.925,1,0.8342558823576747,2.2590458,2.0621383,0.90428245
2542,0.85,1,0.8113191272027167,1.8719482,1.6318817,1.2272971
2543,0.675,1,0.803313372154563,1.8123845,1.6109968,0.4487013
2544,0.875,1,0.8245250368626124,2.0735717,1.8170997,1.0122277
2545,0.775,1,0.7941942656792149,1.7411664,1.5508454,0.78060985
2546,0.95,1,0.8250326490160166,2.114272,1.9494748,0.31871286
2547,0.875,1,0.8440073262755154,2.3488274,2.1566644,0.6294397
2548,0.85,1,0.831015796549193,2.176187,1.9577582,0.6965351
2549,0.775,0,0.7553080995317363,1.3395491,1.6453449,1.2057034
2550,0.825,1,0.8500202643224086,2.3950016,2.2361813,0.80495656
2551,0.75,1,0.8040125866344773,1.910205,1.8032546,0.6713518
2552,0.575,1,0.8064593092301944,1.9249252,1.7877345,0.5853859
2553,0.975,1,0.7481625417094407,1.4463401,1.1996202,0.1358647
2554,0.85,0,0.7760987344071595,1.6583188,1.9376183,0.21743098
2555,0.9,1,0.8473348864465523,2.416782,2.2361965,0.68978906
2556,0.925,1,0.862744431917968,2.5920985,2.512975,0.51233137
2557,0.675,1,0.7755516313159514,1.4704103,1.346287,0.8530879
2558,0.7,0,0.7622723268115011,1.4752984,1.7344506,1.4058769
2559,0.95,1,0.8476703530358455,2.3551018,2.2582374,0.49462518
2560,0.775,1,0.7859692709508581,1.6514266,1.4189343,1.1988078
2561,0.875,1,0.8143269512279987,2.0018208,1.7841573,0.6895633
2562,0.55,1,0.7641931259009052,1.3836826,1.1828744,1.0257355
2563,0.775,1,0.823096518886355,2.1182764,1.9338884,0.78250325
2564,0.6,1,0.7635505900631216,1.46827,1.2430974,0.6222657
2565,0.725,1,0.8195873671204579,2.1480248,2.0362537,0.36107478
2566,0.825,1,0.8282129527960713,2.160273,2.0292735,0.21321473
2567,0.725,0,0.6864103362014026,0.8162603,0.99183166,1.3321539
2568,0.7,1,0.8078393302395976,1.8409069,1.6147207,1.2586178
2569,0.7,1,0.7987004938881961,1.7674341,1.5614009,0.5207068
2570,0.775,1,0.7999626381893918,1.8008153,1.5778729,1.1512339
2571,0.65,1,0.7643546077479852,1.3730394,1.236775,1.034471
2572,0.775,1,0.8095751035558412,1.8906713,1.6738762,0.92378926
2573,0.825,1,0.7966630268211892,1.8049638,1.5698109,0.9364929
2574,0.75,1,0.7967553309874966,1.6445538,1.3783207,1.13699
2575,0.725,1,0.7920674705924312,1.7074792,1.5154448,0.8351488
2576,0.9,0,0.8234813600739042,2.1050677,2.4035084,1.1263517
2577,0.925,1,0.7381620898641762,1.3390735,1.1116735,0.34620032
2578,0.9,1,0.8046459519442368,1.9390028,1.6767409,0.44801626
2579,0.9,1,0.8483197233118642,2.453634,2.2802217,0.8542664
2580,0.875,0,0.7761218124266921,1.7223756,1.9566379,1.4285573
2581,0.725,1,0.8208717519204652,2.0328217,1.8785746,0.9314606
2582,0.9,1,0.8563966483368495,2.4498951,2.3495169,0.40338048
2583,0.85,1,0.8149661179122506,1.9255924,1.6745706,1.1798004
2584,0.75,1,0.7835591276537712,1.6623583,1.3939884,0.78009725
2585,0.95,1,0.8477032235656807,2.2891855,2.1628385,0.8914088
2586,0.8,1,0.8013673433476521,1.7851589,1.580249,0.94536734
2587,0.85,1,0.807968007493389,2.051291,1.83059,0.6846137
2588,0.95,1,0.7861796644278028,1.6435689,1.4149023,1.014425
2589,0.875,1,0.7459845580193837,1.428208,1.1910378,0.17644092
2590,0.8,1,0.7647378443977068,1.4802694,1.1638305,1.3038206
2591,0.775,0,0.7101805070357508,0.9275497,1.0969019,1.359131
2592,0.975,1,0.8432660921237901,2.4040458,2.2559576,0.7655169
2593,0.9,1,0.8205649685953746,2.1897485,2.0054145,-0.05935231
2594,0.775,1,0.8267480364195317,2.107699,1.9697707,0.9464476
2595,0.725,0,0.7005285356522263,0.87182844,1.0296482,1.196839
2596,0.775,1,0.7253163765959698,1.0764554,0.7483638,0.93357456
2597,0.6,0,0.7310349871521076,1.2351748,1.493551,1.2642624
2598,0.825,1,0.8296853404425413,2.1552887,2.0331767,0.57946
2599,0.825,1,0.780192605637457,1.5911074,1.4004233,0.86009777
2600,0.875,1,0.8628863910855123,2.61201,2.4503255,0.7079277
2601,0.925,1,0.8310118067347769,2.1447499,2.0212169,0.7011744
2602,0.75,1,0.796702937742717,1.7827507,1.6169837,0.65243924
2603,0.925,1,0.8088660146002324,1.8574944,1.653842,1.1525173
2604,0.85,1,0.7390858243941278,1.1081135,0.9071921,0.19799069
2605,0.825,1,0.8206747671426313,2.0388892,1.8696369,1.1253833
2606,0.825,1,0.81315773182584,1.9253862,1.7285657,0.7333224
2607,0.775,1,0.8244380774836135,2.0508494,1.9008589,0.6084932
2608,0.875,1,0.7765455539993575,1.6609484,1.5161698,-0.40111956
2609,0.7,1,0.7469863386238618,1.3468757,1.084763,0.8608104
2610,0.875,1,0.7965492661113991,1.700574,1.4774704,0.874226
2611,0.9,1,0.8117688173122761,1.9328227,1.7400601,1.1916089
2612,0.975,1,0.8410791042735297,2.355804,2.194962,0.46175185
2613,0.8,1,0.8409604907133091,2.2519155,2.0398982,1.1418116
2614,0.875,0,0.7829360153777711,1.7267711,2.0493493,1.2197876
2615,0.875,1,0.814657855723158,1.960984,1.7652586,0.40321484
2616,0.675,1,0.8251049395135022,2.082726,1.9554226,0.88785815
2617,0.8,0,0.7713051915338927,1.5500185,1.8729954,0.5767318
2618,0.75,1,0.819973605366165,2.0992942,1.8648543,1.1611986
2619,0.9,1,0.8185746187488739,2.2545347,1.9307392,0.6940192
2620,0.7,1,0.7927687444028779,1.6944087,1.4703987,0.81954396
2621,0.8,1,0.7827103661726273,1.5412421,1.3704538,0.511407
2622,0.925,1,0.8049551937357641,1.8158236,1.6421285,0.34912792
2623,0.85,1,0.7694535830182427,1.6402683,1.3726586,0.47096124
2624,0.8,1,0.8030366883362501,1.7642348,1.4878533,0.8138062
2625,0.725,1,0.7447024789478985,1.2868328,0.94385207,1.0461563
2626,0.975,0,0.8102534131772366,2.0353785,2.4178338,0.569991
2627,0.7,1,0.7798474855978643,1.7367007,1.4448019,0.87556326
2628,0.825,1,0.872175252999452,2.6942103,2.5024595,0.7857722
2629,0.775,1,0.8122542611616662,1.9609809,1.7117319,1.1284635
2630,0.875,1,0.83091657067653,2.1360323,1.889491,0.82673943
2631,0.7,1,0.7929467357773068,1.6890451,1.5012242,1.3438739
2632,0.825,0,0.6913451075211593,0.87913036,1.0532995,-0.08597776
2633,0.875,1,0.8463340108810408,2.4100828,2.2209299,0.9463748
2634,0.825,1,0.7664161121294111,1.3914924,1.2170353,0.7225759
2635,0.8,1,0.8400611117109449,2.1888442,2.0377836,1.3199859
2636,0.7,1,0.8318823135426339,2.1229992,2.0039158,0.9689529
2637,0.75,1,0.7863686660293319,1.653977,1.4543145,0.6672734
2638,0.8,1,0.8303784458023191,2.1840591,2.0625846,0.7794144
2639,0.825,1,0.858811366257231,2.4819047,2.346241,0.49594554
2640,0.6,0,0.7449070770638342,1.3167626,1.5712004,0.6499659
2641,1.0,1,0.8884911581776391,2.896512,2.7499833,0.47378454
2642,0.975,1,0.8343971374276413,2.1851683,2.0100498,1.0412303
2643,0.8,1,0.7861439084833266,1.5677505,1.3384743,1.0435382
2644,0.8,0,0.7614831233110657,1.5306008,1.753921,1.3670167
2645,0.925,1,0.824391005533256,2.1274748,1.9353273,0.51178133
2646,0.8,1,0.8525556655079349,2.4209504,2.2874165,0.5788089
2647,0.85,1,0.8254597644784367,2.097169,1.943943,1.0293138
2648,0.6,1,0.7793218844333816,1.5363925,1.3768051,0.47047654
2649,0.95,1,0.7739045522979068,1.4313239,1.2142653,1.0390425
2650,0.725,1,0.7727378788965331,1.5735855,1.2506871,1.1465465
2651,0.725,1,0.8163200191311535,2.0230923,1.7741032,1.1713078
2652,0.775,0,0.7607071904498757,1.5423796,1.7528484,1.2077101
2653,0.95,1,0.8270151712336292,2.187891,2.041339,0.44506255
2654,0.85,1,0.8524741904900204,2.3537395,2.223734,0.77194583
2655,0.675,1,0.7062610736975256,0.8977275,0.67529404,1.0270033
2656,0.875,1,0.8306839203263934,2.1413076,2.0098245,0.6319028
2657,0.675,0,0.7736356498467645,1.6017404,1.9257041,0.5878421
2658,0.725,1,0.753470068022521,1.2985888,1.101007,-0.00058427453
2659,0.6,0,0.6963823136302704,0.84854275,1.0091095,1.3012964
2660,0.75,1,0.8451706165170445,2.2742844,2.0568123,0.91696465
2661,0.75,1,0.811960458726843,1.9153712,1.7704513,1.0990784
2662,0.9,1,0.8735457644187318,2.7163367,2.5656462,0.917887
2663,0.85,1,0.8322955426937421,2.2180443,2.092612,0.5375968
2664,0.825,1,0.7981632326807839,1.8081114,1.5575819,1.1592584
2665,0.95,1,0.8458203967822089,2.3903255,2.1958547,0.78688383
2666,0.85,1,0.7977015385880248,1.843416,1.677439,0.74259746
2667,0.8,1,0.8477967978440457,2.3276787,2.174234,1.0426319
2668,0.925,1,0.7852463593409587,1.7752732,1.689429,0.3165094
2669,0.65,0,0.7070688908153955,0.95921445,1.2017767,0.97056615
2670,0.875,1,0.818285154238583,2.0147948,1.9136257,0.6356019
2671,0.75,0,0.7505161824761502,1.3925896,1.6523738,1.064847
2672,0.95,1,0.8694016899426809,2.6264524,2.5358632,0.18868074
2673,0.975,1,0.8091505115841708,2.029069,1.8404993,0.3252568
2674,0.85,1,0.8295830475054234,2.1542373,1.9733818,0.26437816
2675,0.725,1,0.7563821327089877,1.2738014,1.0667093,1.1584982
2676,0.8,1,0.784789893572756,1.6097357,1.4178574,0.5836079
2677,0.725,1,0.8032376773861476,1.8589418,1.6786852,0.60767424
2678,0.675,1,0.8244715969024657,2.0952728,1.9332612,0.67989004
2679,0.8,1,0.810668233386326,2.044288,1.8671279,0.32578722
2680,0.8,1,0.7485038497152414,1.4953159,1.2662146,-1.2874796
2681,1.0,1,0.883187435303951,2.7318673,2.5426393,0.9942049
2682,0.65,0,0.7976479868730496,1.740175,2.0922008,1.486292
2683,0.8,1,0.8128720380657829,1.951184,1.7432151,0.8205302
2684,0.675,1,0.8639356560626119,2.545433,2.3624792,1.2903595
2685,0.775,1,0.7869342326517539,1.7171718,1.5484128,0.48661295
2686,0.725,1,0.8485349246807032,2.3889952,2.2411077,0.8595619
2687,0.725,1,0.839547400883498,2.237749,2.0345771,0.65305483
2688,0.7,1,0.7847291616981582,1.6181295,1.3964283,1.1124921
2689,0.875,1,0.7399454414908775,1.3771163,1.0593239,0.5140258
2690,0.575,1,0.8103614217377857,2.090577,1.8435006,0.9727268
2691,0.775,1,0.7686946601086139,1.4420583,1.2280047,0.6144632
2692,0.775,1,0.8618881469170468,2.561287,2.463705,0.033762783
2693,0.875,1,0.7963946353578254,1.6968795,1.4803467,1.1896544
2694,0.85,1,0.8193738587162332,2.0355718,1.8674116,1.0532537
2695,0.975,1,0.8695044922526068,2.580153,2.4166198,1.1004604
2696,0.8,1,0.81065562940116,1.9308575,1.8204349,0.61594474
2697,0.8,1,0.8570980333148772,2.5112648,2.299027,0.22711495
2698,0.925,1,0.8923316858162336,2.8878899,2.7601821,0.24703571
2699,0.675,1,0.7651651096772611,1.3723812,1.1978443,0.709393
2700,0.925,1,0.842699060106157,2.2860537,2.1669908,1.0009856
2701,0.775,0,0.7858874560052498,1.7249663,2.0484319,1.0094029
2702,0.8,1,0.8501225483542542,2.4520388,2.2576869,0.59236825
2703,0.6,1,0.799402817056833,1.8426337,1.5849973,0.8824508
2704,0.775,0,0.7278334300853794,1.1240621,1.318399,1.8261527
2705,0.95,1,0.8277827899210762,2.1020582,1.9499593,0.9256766
2706,0.775,1,0.81186136972301,1.9137809,1.6755589,1.2411493
2707,0.875,1,0.8309226213569988,2.156487,1.9669728,1.0076038
2708,0.6,0,0.7756921084791473,1.604279,1.9742107,0.59127486
2709,0.6,1,0.7936549825598505,1.7285564,1.5688003,0.48664346
2710,0.7,1,0.7453945124699964,1.4631317,1.2268035,0.005687207
2711,0.9,1,0.8437943867911561,2.2359273,1.9930853,1.2332009
2712,0.725,1,0.7398599082586864,1.2038066,1.0774745,0.24092832
2713,0.775,1,0.7710344393388424,1.4386691,1.292484,0.6491288
2714,0.825,1,0.8185247442612169,1.9425328,1.7405813,0.99612
2715,0.725,1,0.7850064755729389,1.6212969,1.3677523,1.1595092
2716,0.775,1,0.7854880183497881,1.686204,1.4878473,0.5327498
2717,0.7,1,0.8400412470372567,2.2186515,2.0883121,1.3311437
2718,0.875,1,0.8577943965401105,2.4445293,2.3115835,0.8548727
2719,0.875,1,0.8398161747210592,2.208251,2.0331404,1.1569577
2720,0.85,1,0.838285543644482,2.196164,1.9398103,1.452184
2721,0.825,1,0.8476443376473111,2.3694599,2.1231313,0.56839716
2722,0.95,1,0.8326500498584036,2.1629558,1.9338793,1.1518718
2723,0.925,1,0.8574877160855199,2.5348563,2.3362412,1.2185568
2724,0.8,0,0.7523793071077736,1.3276265,1.5761251,0.92527616
2725,0.75,0,0.7981775985690543,1.9028761,2.2615597,1.1615758
2726,0.675,0,0.737911908492547,1.1426613,1.385469,1.2159395
2727,0.725,1,0.8246674784555117,2.1302755,1.9386575,0.30731526
2728,0.7,0,0.8060035613593103,1.9217227,2.257516,0.7595085
2729,0.775,1,0.8325129565255516,2.1687937,2.0001788,1.2427552
2730,0.9,1,0.8056990542626912,1.9047573,1.6973665,1.0036093
2731,0.825,1,0.8002746601613668,2.0269482,1.950808,-0.07810083
2732,0.875,1,0.7778833044722224,1.5073702,1.2783619,0.7724141
2733,0.825,1,0.8478051741388855,2.3606758,2.2562912,0.46398243
2734,0.775,1,0.8005622436678475,1.7563778,1.5933793,1.1836934
2735,0.8,1,0.7948567050005861,1.7415034,1.5750523,0.8518046
2736,0.9,1,0.8266376971016175,2.1353552,1.9893693,0.83523357
2737,0.65,1,0.8014127409884135,1.8158504,1.6241732,0.592404
2738,0.9,0,0.7631545747526742,1.5255421,1.7929265,0.5064033
2739,0.675,1,0.7544611885583419,1.3913327,1.1128387,0.9461324
2740,0.725,1,0.8137771513057147,1.9449836,1.7976573,0.98426366
2741,0.825,1,0.7941270835869472,1.7584431,1.5500553,0.7761128
2742,0.825,1,0.8251387115231525,2.118253,1.9395294,0.8348639
2743,0.925,1,0.8620117739694335,2.5816562,2.429096,0.7150239
2744,0.775,1,0.8049331911360467,1.9396503,1.8049285,0.9276105
2745,0.775,1,0.8288793114301571,2.1246285,1.9359746,0.4323825
2746,0.725,0,0.7317165758891356,1.2548811,1.5921702,-0.604676
2747,0.725,1,0.765079992876472,1.3414948,1.1075981,0.99823916
2748,0.65,0,0.6808871581083056,0.5975809,0.7265055,1.1086646
2749,0.75,1,0.7971030347793389,1.9460554,1.6184645,1.0559955
2750,0.85,1,0.8450747969608762,2.3104124,2.1338484,0.85967577
2751,0.75,1,0.8113124749432337,1.9128126,1.7262394,0.7369392
2752,0.8,1,0.8350321011703488,2.2024317,1.9770749,1.0697122
2753,0.875,1,0.8686709553752874,2.6036177,2.4147499,0.95886505
2754,0.875,1,0.8242228930794857,2.144624,1.9981145,0.33379403
2755,0.8,0,0.8161334065346215,2.064986,2.3879592,1.4414843
2756,0.825,0,0.7754874858286875,1.5752623,1.8866186,1.1329893
2757,0.9,1,0.793926767876556,1.6391152,1.4205824,0.9682194
2758,0.7,1,0.7326936198382783,1.1563514,0.8463094,1.2031201
2759,0.775,1,0.8108627876581181,1.9004692,1.7052164,1.1423762
2760,0.925,1,0.8357957166812715,2.230215,2.0232806,0.40199915
2761,0.825,1,0.8317032890058359,2.1323285,1.9456394,0.9563215
2762,0.75,1,0.8226441314831652,2.1022081,2.0071309,0.67680347
2763,1.0,1,0.8071614360354662,1.9108667,1.7613803,0.51227796
2764,1.0,1,0.8517098491852878,2.4380555,2.291681,0.81734943
2765,0.85,1,0.7930983055052181,1.7167239,1.4930437,1.018786
2766,1.0,1,0.8406650343716398,2.2455697,2.1154842,0.41714796
2767,0.8,1,0.8006390125637302,1.7549464,1.534189,1.2243781
2768,0.75,0,0.7781902920069859,1.657871,1.8352506,1.6149353
2769,0.85,0,0.7732952797046273,1.5622532,1.9171221,0.72605145
2770,0.625,1,0.7625479567154902,1.4016237,1.2050897,0.4512228
2771,0.9,1,0.8097192166529823,1.9449747,1.7343316,0.77060497
2772,0.85,1,0.7928990447081814,1.6813545,1.4380815,1.2586384
2773,0.925,1,0.8640729329433354,2.5907292,2.3981555,1.0867008
2774,0.825,1,0.8125429571583773,2.0100484,1.7600449,1.2100295
2775,0.775,1,0.7784557218461542,1.5177864,1.3476882,0.63158095
2776,0.775,1,0.8021872219778877,1.8293388,1.626036,0.9763144
2777,0.775,1,0.8515738740025733,2.4263818,2.2817674,0.9942095
2778,0.975,1,0.8108807557009309,1.9610858,1.738788,0.8218969
2779,0.9,1,0.7832946654776416,1.6616629,1.5028849,0.29111686
2780,0.7,1,0.807200951419224,1.8972951,1.7550023,0.48806253
2781,0.725,1,0.7949126906462981,1.7309177,1.4958482,0.96394265
2782,0.8,1,0.8349322448321549,2.2085226,2.0434668,1.1149037
2783,0.85,1,0.7987806708114243,1.8067908,1.554692,0.5532414
2784,0.925,1,0.8685745020152276,2.5850105,2.3973353,0.69247687
2785,0.775,1,0.7921320168072801,1.6995226,1.4815667,0.69804776
2786,0.8,1,0.8197052520839438,2.1889648,2.0316193,0.19428751
2787,0.725,1,0.790574827432329,1.6872587,1.5394225,0.657377
2788,0.875,0,0.7913070015686422,1.8497415,2.180875,0.78526235
2789,0.9,1,0.8139849265379897,1.911897,1.7372732,1.1999332
2790,0.9,1,0.8177103580494108,2.0834243,1.8875102,0.65980375
2791,0.875,1,0.7995840195302977,1.869667,1.6316419,0.56415546
2792,0.825,1,0.7633693581243124,1.3750428,1.1777401,0.94638693
2793,0.7,0,0.6905238448079735,0.65165305,0.87957895,0.70441425
2794,0.95,1,0.8238209477930694,2.2150214,1.9793108,0.6171154
2795,0.7,1,0.8091152089169986,1.8861384,1.6728959,0.7240206
2796,0.8,1,0.82831206822511,2.1048918,1.9828887,0.5960523
2797,0.75,1,0.8500794287064842,2.4339876,2.3143358,0.55332625
2798,0.9,1,0.823960752157717,2.195246,2.0766025,0.9003086
2799,0.775,1,0.7974425895500405,1.7448815,1.6176691,1.2933147
2800,0.85,1,0.8181828546809475,1.9303483,1.7139394,0.8993653
2801,0.625,0,0.7560487946445964,1.3236673,1.5759232,1.1632558
2802,0.85,1,0.8436447714463446,2.3870742,2.2075653,0.25750986
2803,0.65,1,0.796471805963652,1.7521257,1.5559919,0.80666614
2804,0.875,1,0.8040852788290423,1.9181905,1.7629309,0.25636306
2805,0.95,1,0.8431720495347068,2.3300326,2.2332091,0.3234304
2806,0.95,0,0.8123638365339058,2.2253833,2.537405,1.1349401
2807,0.775,1,0.810864935734329,1.9613578,1.753334,0.46837726
2808,0.8,1,0.7822208272425144,1.5531039,1.36851,0.63847053
2809,0.9,0,0.7779976864248946,1.6565858,2.0638967,0.7093191
2810,0.725,1,0.7811343354934583,1.4882064,1.3314369,0.700498
2811,0.825,1,0.7883757292645224,1.7851532,1.6560457,-0.09545079
2812,0.925,1,0.8526380804558374,2.4932232,2.3026314,0.4221169
2813,0.825,0,0.6942382342494271,0.83015966,1.0079956,1.3927258
2814,0.975,1,0.8662876346360713,2.7113545,2.6197433,0.016219229
2815,0.825,0,0.7883800697217372,1.7764552,2.0976007,1.1300386
2816,0.9,1,0.7724758261928045,1.52681,1.3725951,-0.022933751
2817,0.95,1,0.8337624190264573,2.1586368,1.9761088,0.56824744
2818,0.875,1,0.8668306512149582,2.6622276,2.5467305,0.6082908
2819,0.85,1,0.7663888460342285,1.5470312,1.3083683,0.51492083
2820,0.375,1,0.7949233655906804,1.8913727,1.7508082,0.339088
2821,0.9,1,0.8389167557806662,2.2287116,2.1139746,0.5270189
2822,0.95,1,0.7270301199188262,1.1507764,0.8299928,0.5956402
2823,0.675,0,0.7827064272675647,1.6581733,1.9776053,1.1893156
2824,0.775,1,0.7853820420871371,1.6168808,1.4025505,0.9724021
2825,0.625,0,0.6997843192610369,0.7926978,0.87929845,1.8965279
2826,0.7,0,0.8251050811402089,2.1400218,2.4898715,0.8874494
2827,0.725,1,0.8204906206409346,1.960012,1.7687941,1.1515236
2828,0.775,0,0.795628477797677,1.8489347,2.1754262,1.2742083
2829,0.8,1,0.7933972212774462,1.8077637,1.5381057,1.305602
2830,0.85,1,0.8258908075210255,2.1575701,1.9998157,1.0886515
2831,0.9,0,0.7626346394782126,1.4115518,1.7277844,1.1079456
2832,0.675,1,0.814321242066991,1.9193162,1.7214544,1.2527363
2833,0.825,1,0.8378129311240012,2.2146828,1.9694842,1.0087534
2834,0.65,0,0.7474111437306639,1.2665535,1.5182629,1.5701765
2835,0.925,1,0.8810027521593591,2.834019,2.6781645,0.80956054
2836,0.725,0,0.7567561236624605,1.5461929,1.7325732,0.6749028
2837,0.675,1,0.8742446854200918,2.706266,2.5541065,0.6500937
2838,0.75,0,0.7681891555158669,1.4445319,1.7442725,0.8742186
2839,0.925,1,0.793718184796423,1.8305714,1.5193367,1.0996009
2840,0.9,1,0.8272423033974177,2.2077408,1.9578478,0.5628108
2841,0.775,1,0.7958602790487874,1.8291714,1.67207,0.06589636
2842,0.925,1,0.8756869187198317,2.7035522,2.4765177,0.9063972
2843,0.875,1,0.8470522397763887,2.3144324,2.1858404,1.011529
2844,0.8,1,0.7916898128802563,1.693047,1.4633038,0.94276786
2845,0.85,1,0.8505298039377017,2.3325543,2.1860058,0.9256824
2846,0.75,0,0.7389868837447019,1.3758454,1.540343,0.8529271
2847,0.725,0,0.714231316787483,1.0846914,1.2645801,0.82468736
2848,0.875,1,0.7749111275555902,1.524662,1.3341074,0.6182636
2849,0.75,1,0.8397716483937557,2.279444,2.145575,0.960572
2850,0.775,0,0.721203864845825,0.9898145,1.1273494,1.5793854
2851,0.9,1,0.8491867806368973,2.4133258,2.2058754,1.111555
2852,0.775,0,0.7426980100948544,1.1872339,1.5027599,0.7018248
2853,0.8,1,0.7834018656851274,1.6885854,1.5521111,1.0918156
2854,0.875,0,0.7670829617809417,1.5335734,1.8581151,0.9676925
2855,0.8,0,0.726495887772676,1.1239505,1.2837375,1.0096005
2856,0.875,1,0.8193244591400318,2.1752114,2.0404205,0.2970492
2857,0.8,1,0.7404308528223907,1.2103832,1.0392535,0.53396726
2858,0.775,1,0.8041220898830301,1.8724351,1.6569998,1.0540075
2859,0.85,1,0.8308818431899827,2.095358,1.9680552,0.8945433
2860,0.8,1,0.7596095188138132,1.2947037,1.0910858,0.9433005
2861,0.725,1,0.8231185480585209,2.0993183,1.8773974,0.75451314
2862,0.875,1,0.8291319814275105,2.1928785,1.9946496,0.7065809
2863,0.775,1,0.8343726461240369,2.241886,2.0791485,0.6221584
2864,0.85,1,0.9020714169789439,3.0590105,2.9082396,0.15713856
2865,0.725,1,0.8009480647630491,1.8341228,1.6891084,0.78680444
2866,0.7,1,0.8244515924934677,2.1273825,1.95835,0.587137
2867,0.7,1,0.8373534283473505,2.1793513,2.0409777,1.1438313
2868,0.725,1,0.8011936552130106,1.8055073,1.5989504,0.67351854
2869,0.875,1,0.845783296655384,2.3643818,2.1977186,0.7798587
2870,0.575,1,0.7417771087075923,1.3094417,1.1122309,0.28509703
2871,0.85,1,0.819143050938103,1.9469664,1.7326958,0.8336443
2872,0.85,1,0.8052763578756056,2.0483608,1.7847407,0.8180537
2873,0.925,1,0.8332161201228077,2.1715736,1.9985487,1.114071
2874,0.9,1,0.8601220324672196,2.6112323,2.4952996,-0.18208876
2875,0.85,0,0.8035320119515006,1.8869883,2.133371,1.2186886
2876,0.7,1,0.8232484200432684,2.07518,1.9402854,0.9819634
2877,0.825,0,0.7506225536261689,1.2559506,1.5367184,1.279492
2878,0.75,0,0.711693551411758,0.7555095,1.0255556,1.4810469
2879,0.775,1,0.7683654783364998,1.5772783,1.3141491,0.97701776
2880,0.8,1,0.7649300414067871,1.4538798,1.2053307,1.1753658
2881,1.0,1,0.8369074053952046,2.2612941,2.1713233,0.33870015
2882,0.95,1,0.8307074960567731,2.1315784,1.8693137,1.2532805
2883,0.75,1,0.8149218256436221,2.0524943,1.8205186,0.84215903
2884,0.8,1,0.8172549912860168,1.9989424,1.7465751,0.9627559
2885,0.9,1,0.8581645624725495,2.4982717,2.3030312,1.1455295
2886,0.675,0,0.7934527531285168,1.7415247,2.084221,0.59867036
2887,0.925,1,0.8044518453807017,1.8880346,1.746789,0.5116488
2888,0.925,1,0.810543577778342,2.0434399,1.7418878,0.89039266
2889,0.8,1,0.79796731911477,1.7970681,1.5885074,0.4615232
2890,0.925,1,0.8049647247602897,1.9478986,1.7390007,0.52954817
2891,0.525,0,0.6654471785527576,0.4337783,0.6182704,1.5330788
2892,0.825,1,0.876687341746947,2.7775688,2.6392033,0.6122793
2893,0.925,0,0.8197132220654204,2.1756556,2.5292432,0.8126962
2894,0.525,0,0.7847110254433319,1.6346774,1.946067,1.3496464
2895,0.95,1,0.8153803993429511,2.046374,1.8722863,0.69457996
2896,0.675,1,0.8015351374105739,1.8000124,1.585365,0.6443318
2897,0.65,1,0.8377197384980123,2.3443444,2.1787915,0.34805772
2898,0.75,1,0.8094343859982984,1.9078287,1.7287331,0.55969393
2899,1.0,1,0.8825924705280124,2.8400645,2.7165067,0.47830853
2900,0.725,1,0.7983752740095211,1.7125847,1.5173473,0.024638325
2901,0.65,1,0.8081193161196951,1.8949451,1.7442262,0.5848571
2902,0.85,1,0.8251728826610099,2.0831757,1.9091563,0.9664569
2903,0.775,1,0.8226551017578564,2.004254,1.8122973,0.99614763
2904,0.6,1,0.7931759761920928,1.8197523,1.7066821,0.52392256
2905,0.75,1,0.7999881850720789,1.790304,1.565969,0.5432092
2906,0.95,1,0.8851843031425043,2.8279095,2.6652021,0.851437
2907,0.675,1,0.8301918129384573,2.153611,2.0031617,0.7781563
2908,0.775,1,0.8193534106452988,1.9763105,1.7493435,0.8458563
2909,0.975,1,0.8231356599476354,2.0615807,1.8519583,1.046196
2910,0.875,0,0.7682481795125052,1.7069604,1.9482346,0.5732155
2911,0.85,1,0.7837761581595604,1.7450774,1.5268457,0.74709415
2912,0.65,1,0.7911496250576671,1.7290915,1.5220346,0.60475004
2913,0.825,1,0.8487446284731953,2.3375173,2.116456,0.9345726
2914,0.775,1,0.9046700668165004,3.0346603,2.8815153,1.2244384
2915,0.8,1,0.7739341487771159,1.4247177,1.1895622,0.8115803
2916,0.725,1,0.8342492039576599,2.2312627,2.0997212,1.084359
2917,0.7,1,0.8725053177250377,2.706026,2.549114,0.87791514
2918,0.725,1,0.821037956687954,2.093053,1.8764632,0.936075
2919,0.875,1,0.8639101931618514,2.5594788,2.3876708,1.1539721
2920,0.65,0,0.7444680542117894,1.180986,1.4726493,0.82430327
2921,0.85,1,0.8027572147402737,1.8529251,1.6315625,0.6894779
2922,0.75,0,0.7302823004589949,1.2138004,1.3387799,1.7124196
2923,0.925,1,0.7918633251949333,1.7032683,1.581451,0.22159919
2924,0.65,1,0.8032298438713248,1.8431382,1.6311805,0.6673572
2925,0.775,0,0.8159885480188025,2.0838172,2.39998,0.9825021
2926,0.75,1,0.8205124699213803,2.0184603,1.8743154,0.80675805
2927,0.8,1,0.7743999937644894,1.512599,1.3345221,0.48589996
2928,0.9,1,0.8382051944496898,2.214812,2.0504274,1.1487619
2929,0.85,1,0.8121699820154056,2.0395184,1.9042712,0.8886391
2930,0.875,1,0.811487065092076,1.9184237,1.619935,0.44507328
2931,0.575,0,0.6901945566806802,0.81582475,1.0497667,0.7907262
2932,0.95,1,0.8413657128272708,2.2900772,2.1397383,0.63808405
2933,0.75,1,0.8252569330839752,2.018323,1.8843067,1.0929227
2934,0.825,1,0.8139343667481217,1.9986283,1.911023,0.7008928
2935,0.8,1,0.8579844534119236,2.4296646,2.2531593,0.957252
2936,0.8,1,0.7855636757277981,1.6330249,1.4480734,0.64180005
2937,0.875,1,0.8128212871266238,1.9621054,1.819655,0.6383358
2938,0.825,1,0.7560832536621516,1.3427918,1.1215785,0.9037491
2939,0.9,1,0.7998151731534127,1.7655022,1.5493609,1.3369538
2940,0.8,1,0.8324521046985955,2.1714404,2.017563,1.05072
2941,0.925,1,0.7652810963173604,1.360544,1.1727049,1.125275
2942,0.775,1,0.8575495790845278,2.5148644,2.3711183,0.8168814
2943,0.875,1,0.8559839172840421,2.4544487,2.3397574,0.5413879
2944,0.975,1,0.8902239750625264,2.8933687,2.733035,0.92254555
2945,0.875,1,0.8329201824238918,2.1074057,1.9474149,0.85087
2946,0.825,1,0.8360456812797159,2.2439542,2.0781565,1.4770786
2947,0.725,0,0.7854564105927644,1.7198262,2.0450537,0.8826593
2948,0.775,1,0.8292301076853696,2.2113018,2.1148102,0.4397057
2949,0.775,1,0.796715239051899,1.9234252,1.682552,0.89637756
2950,0.775,1,0.8191187543380409,1.9951202,1.7893243,1.3153673
2951,0.75,0,0.7175633910021397,0.9570559,1.3205503,0.55038774
2952,0.55,1,0.7807977477121992,1.5746953,1.3743756,1.099768
2953,0.875,1,0.7839291889214071,1.6036129,1.3825762,0.81667554
2954,0.725,1,0.8074560972136473,1.8752797,1.6715472,0.72793186
2955,0.75,0,0.78246288308746,1.7241278,2.0311942,0.4986414
2956,0.775,1,0.8415572512468461,2.2782965,2.0809567,0.8131069
2957,0.75,1,0.8021109654876495,1.820041,1.6375741,0.3192536
2958,0.925,1,0.8384878138792768,2.2679226,2.1312037,0.7665274
2959,0.9,1,0.8250937878295903,2.0487108,1.9191818,0.7834817
2960,0.775,1,0.8045324239912434,1.9164973,1.7847997,1.0390937
2961,0.55,1,0.7019351409411952,0.8606615,0.4990461,1.1863652
2962,0.85,1,0.7497745651685164,1.3322674,1.0209348,0.9258959
2963,0.925,1,0.8157739053505357,1.9971635,1.7731469,0.4972643
2964,0.825,1,0.802371355599515,1.8999747,1.666975,0.29778424
2965,0.9,1,0.7753130836442512,1.4898198,1.3201461,0.37761202
2966,0.75,1,0.8437353572345244,2.3318381,2.1715171,1.0732207
2967,0.725,1,0.8478346066357215,2.3932428,2.168985,0.88715744
2968,0.825,1,0.8045827624925875,1.863256,1.6516931,0.55424106
2969,0.75,1,0.758566271365562,1.5902482,1.2914914,-0.0061410367
2970,0.65,1,0.779919793998716,1.7235733,1.490212,0.5626184
2971,0.95,1,0.7976133551279502,1.7387204,1.4692719,1.4275911
2972,0.75,1,0.8379693548679612,2.2568254,2.0201797,0.84161437
2973,0.625,1,0.8198148705863875,2.0654817,1.8871077,0.54115283
2974,0.625,1,0.7778256855511849,1.6223416,1.4760606,0.64453816
2975,0.7,0,0.6589419636463026,0.60288,0.7787364,0.31047985
2976,0.85,1,0.7845483759482224,1.8026466,1.6027943,0.4914342
2977,0.7,1,0.7979477367169875,1.7598832,1.5718229,1.0734893
2978,0.925,1,0.8246663046349216,2.0428278,1.8274546,0.79283535
2979,0.8,1,0.8430215891811481,2.309616,2.078394,0.77590597
2980,0.7,1,0.7855343017133073,1.7147702,1.5141981,0.62198305
2981,0.825,1,0.8575852932221404,2.4837732,2.3375976,0.38317665
2982,0.7,1,0.8423983421264012,2.3221087,2.215344,0.4698635
2983,0.85,0,0.82587343339854,2.1268969,2.4397333,1.8838521
2984,0.925,1,0.8745053750774787,2.7081733,2.5859134,0.65194404
2985,0.925,1,0.8655514378301534,2.606441,2.4962327,0.6508218
2986,0.725,1,0.8329675851754221,2.1498134,1.919411,1.1327982
2987,0.925,1,0.8422712470012484,2.322059,2.11427,1.5176313
2988,0.925,1,0.830884378745453,2.1692688,1.9204872,1.3174031
2989,0.875,1,0.8438221151040572,2.268351,2.0491004,1.044597
2990,0.8,1,0.8262256108219908,2.1098976,1.9192537,1.2149037
2991,0.9,1,0.7997121267881293,1.9286954,1.6700921,0.9362596
2992,0.625,0,0.7130442562039554,1.0228122,1.2219962,1.3577996
2993,0.75,1,0.8024912491392155,1.8307552,1.6511582,0.9498087
2994,0.975,0,0.8010992794791381,2.0112033,2.3121762,0.67824435
2995,0.825,1,0.8587747131501302,2.5419283,2.4374592,0.5625173
2996,0.775,1,0.7941911021290106,1.7103372,1.5788064,1.3308456
2997,0.975,1,0.8219320217549071,1.9977059,1.7046838,1.0824219
2998,0.625,1,0.8060169814891657,1.8434646,1.6722016,0.8884337
2999,0.9,0,0.8147623933755759,2.1385398,2.4691083,0.513008
3000,0.925,1,0.8409009108954298,2.192102,2.0592108,0.8712827
3001,0.9,1,0.7886593476730772,1.7463093,1.5051279,0.60239303
3002,0.95,1,0.8464838788951783,2.3096156,2.165706,1.2264316
3003,0.775,1,0.7821387433902742,1.7230122,1.525417,0.88519585
3004,0.85,1,0.8418313777922294,2.30872,2.174312,0.9003253
3005,0.9,0,0.7735213441860151,1.6502299,2.0297139,0.54702246
3006,0.7,1,0.8507374544229028,2.425909,2.2811131,0.8088772
3007,0.925,1,0.8512301882466503,2.3248,2.1431913,1.1461738
3008,0.925,1,0.8078648141740695,1.9178958,1.6990424,0.6391629
3009,0.875,1,0.8502043662813149,2.3983512,2.1987376,0.42080703
3010,0.8,1,0.8260095151524933,2.0533328,1.9482796,0.8624084
3011,0.5,1,0.8097119445400238,2.1395288,2.01928,-0.72926104
3012,0.95,1,0.885060584255386,2.8799665,2.7588556,0.38322696
3013,0.8,1,0.7637367614339365,1.4053165,1.145607,0.5974115
3014,0.55,0,0.7299686561263091,1.0706762,1.3670309,1.1222048
3015,0.725,1,0.8043753828227166,1.8027779,1.5923417,0.5663692
3016,0.775,1,0.8081392814312225,1.826329,1.6100957,1.0365114
3017,0.825,1,0.8365505736706641,2.2219057,2.0149949,1.0804543
3018,0.725,1,0.8154567235250918,1.9692991,1.8030874,0.32934013
3019,0.75,1,0.8295652126558624,2.1100278,1.9321077,1.1914093
3020,0.8,1,0.8269872154012146,2.0336552,1.8128166,1.5054079
3021,0.725,1,0.8314506108980152,2.1122735,2.0223548,0.8339114
3022,0.8,1,0.8351939838790485,2.1957908,1.912988,1.0188323
3023,0.9,1,0.860072498432558,2.4806516,2.2435791,1.0879663
3024,0.925,1,0.8550000564178001,2.3928673,2.2389126,1.2427788
3025,0.65,1,0.7960234321979445,1.6759543,1.4289701,1.1240324
3026,0.65,1,0.7952372954283355,1.7057974,1.4815369,0.6702193
3027,0.925,1,0.8097081250744114,1.9455676,1.7690401,0.53762805
3028,0.8,1,0.8200251950494866,2.0030546,1.874053,0.83127236
3029,0.85,1,0.8244958178300226,2.1102016,1.9063628,0.36067644
3030,0.775,1,0.8177079647425177,2.0527258,1.8543499,0.79637337
3031,0.725,1,0.7700614703879556,1.6417037,1.403353,0.50052893
3032,0.775,0,0.78789126483373,1.6787848,1.955167,1.1034132
3033,0.85,1,0.7905099968081127,1.6955302,1.4490026,0.88195884
3034,0.85,1,0.7962884300089927,1.9013524,1.7719245,0.61720014
3035,0.85,1,0.8206934537462471,2.0033636,1.7356089,1.267258
3036,0.75,1,0.8529172543079999,2.4034507,2.2218778,0.6582686
3037,0.875,1,0.7876338687946147,1.6640701,1.4355028,0.9073318
3038,0.6,0,0.7050594994032524,1.032942,1.1897032,0.7510401
3039,0.975,1,0.8231940858053386,2.063746,1.9210262,1.0444486
3040,0.85,1,0.7708730645588622,1.5943298,1.4604757,-0.08155891
3041,0.625,1,0.7984880159691392,1.7643244,1.5804405,0.3570229
3042,0.875,1,0.7456604516144217,1.2586308,0.9667979,1.210079
3043,0.9,1,0.8283841993807481,2.1389937,1.9305329,0.8657129
3044,0.575,0,0.7660805400762685,1.5367196,1.7952952,1.2353759
3045,0.875,1,0.7982094443220615,1.7759609,1.5454214,1.0240846
3046,0.9,1,0.8808428000266321,2.746604,2.59664,0.59104025
3047,0.6,1,0.7692559842316187,1.4850405,1.4041004,1.173991
3048,0.925,1,0.764437042497576,1.3931844,1.2628052,0.5107299
3049,0.825,1,0.8586711025763646,2.5464866,2.3863378,0.3822957
3050,0.775,1,0.805185973261128,1.9188089,1.7095065,0.48861685
3051,0.9,1,0.8480380271058776,2.4399185,2.2735484,0.56422925
3052,0.825,1,0.7875832801213452,1.8335072,1.5631883,0.44286433
3053,0.85,1,0.8220515373296682,2.016385,1.8651688,0.8680601
3054,0.625,0,0.7784743907270184,1.5164051,1.8768308,0.8768443
3055,0.775,1,0.7546459081155207,1.2773879,1.1951792,1.0348485
3056,0.775,1,0.8345266827241768,2.1855388,1.9247894,0.94352794
3057,0.625,1,0.8244824667705635,2.0617013,1.8986332,0.5016352
3058,0.825,1,0.791357558237544,1.8259299,1.557468,0.90988266
3059,0.925,1,0.8216164206973706,2.0820947,1.9516518,0.22933832
3060,0.875,1,0.7789514284814887,1.5089431,1.26688,1.1201599
3061,0.725,0,0.8077852792315225,2.010652,2.3768291,0.9565004
3062,0.825,1,0.8203808828277759,2.0624557,1.8542497,0.7371421
3063,0.775,0,0.7888804713361774,1.807553,2.028842,1.168997
3064,0.975,1,0.8519813608987111,2.4161797,2.2631936,0.7403145
3065,0.9,1,0.7830081046664951,1.5715783,1.3568735,1.0146097
3066,0.975,0,0.8463806604940807,2.5528378,2.8413758,0.5872661
3067,0.775,1,0.7655978474943186,1.3857174,1.1545722,1.2314838
3068,0.725,0,0.7996554886918149,2.054365,2.3592927,0.5669364
3069,0.9,1,0.8308231537162949,2.194831,1.9846538,0.64077723
3070,0.825,1,0.7575256839771017,1.2595972,1.0818049,0.70103014
3071,0.875,1,0.8549165012676949,2.4445317,2.2841258,0.38863096
3072,0.775,1,0.8011291207355575,1.8522794,1.6720496,0.80971754
3073,0.9,0,0.7460139783888877,1.2638274,1.5549289,1.3009048
3074,0.8,1,0.7681333034009916,1.4713027,1.3168671,0.35392156
3075,0.95,1,0.8176166010229038,2.1410127,1.9381304,0.59229636
3076,0.675,0,0.7299995043430441,1.2183645,1.4392374,0.92076445
3077,0.9,0,0.7911778592972977,1.899075,2.176249,0.98876226
3078,0.875,1,0.8093711703297938,1.9459708,1.7316694,0.49840286
3079,0.8,1,0.7711231305385542,1.6197429,1.3687462,1.2839202
3080,0.95,1,0.7925799477624211,1.8773072,1.6085689,0.20710936
3081,0.675,1,0.8199813150843165,2.078168,1.852483,0.8895421
3082,0.875,1,0.7634043164020223,1.3837506,1.1973552,0.9403194
3083,0.85,1,0.8219266655834156,2.0556412,1.9314269,0.92308617
3084,0.85,0,0.7887397875612698,1.8552401,2.0864208,0.36275473
3085,0.875,0,0.7644489222730022,1.4821718,1.7875986,0.9957911
3086,0.925,1,0.8479399272115238,2.3912146,2.2300224,0.8241364
3087,0.7,1,0.7649164540500195,1.4518458,1.2919451,1.0452058
3088,0.625,1,0.8141551571525929,2.0018291,1.7940412,0.8841064
3089,0.85,1,0.8143774434423674,1.9529872,1.7686133,1.1070964
3090,0.8,1,0.8432137035010976,2.289379,2.116776,0.97532415
3091,0.75,0,0.7646523809966814,1.5757987,1.8106976,1.0791001
3092,0.9,1,0.8364119257889644,2.2437136,2.128593,0.6148199
3093,1.0,0,0.8620357883296244,2.6628103,2.9901,0.93594563
3094,0.8,1,0.8272406990488372,2.1303089,1.9301114,0.63270605
3095,0.875,1,0.8387931348073495,2.2768173,2.1476715,0.25806698
3096,0.875,1,0.8586617708768837,2.5247304,2.3926568,0.18219766
3097,0.9,1,0.8533028121923862,2.469922,2.2768807,0.84729993
3098,0.75,1,0.8069094841606694,1.9257647,1.701097,0.66425455
3099,0.775,1,0.7989742879874635,1.777245,1.5521094,0.7722682
3100,0.9,1,0.8318631048805389,2.165094,2.0481627,0.61138976
3101,0.825,1,0.8125982426737197,1.9316864,1.7423365,0.9855075
3102,0.925,1,0.8263532010938227,2.1662922,1.9980927,0.8208531
3103,0.975,0,0.7888657429320451,1.8814464,2.1726856,0.513121
3104,0.85,1,0.8397321914840438,2.2565281,2.130749,0.64122283
3105,0.85,1,0.8432643158734616,2.343119,2.1831846,0.7207571
3106,1.0,1,0.8782198448861704,2.7127485,2.5666804,0.47911844
3107,0.9,1,0.8346837774377465,2.2583215,2.0893388,0.6949581
3108,0.65,1,0.7878515585788632,1.6885659,1.4876845,0.5823289
3109,0.825,1,0.8294281987692158,2.290019,2.0228071,1.1892662
3110,0.95,1,0.8526763509631117,2.3982642,2.2154698,1.2294167
3111,0.875,1,0.8729033896116996,2.7184982,2.5872996,0.81084466
3112,0.95,1,0.787942545917926,1.7736185,1.5838978,0.64142525
3113,0.775,1,0.7452078292924851,1.2868326,0.95039165,0.87650573
3114,0.825,1,0.7824302479902799,1.5891886,1.3949239,0.77608466
3115,0.875,1,0.8421361567847372,2.2920322,2.1077912,0.9093032
3116,0.75,1,0.7957232027128693,1.8174366,1.5939045,0.7777425
3117,0.725,1,0.7977313832332015,1.8760735,1.6729754,0.44038334
3118,0.8,0,0.7648330861976314,1.4461259,1.7350826,0.37683693
3119,1.0,1,0.8493520826401164,2.4444,2.271635,0.7891942
3120,0.8,1,0.8085640492934945,2.0531392,1.7780813,0.9763588
3121,1.0,1,0.8511348779993757,2.3791614,2.1730297,1.2858486
3122,0.825,1,0.8274767089805769,2.1036277,1.9675521,0.7283249
3123,0.875,1,0.7821175713808638,1.509954,1.3173251,0.6482707
3124,0.75,1,0.790622800148534,1.7535099,1.5558211,0.93950474
3125,0.85,1,0.8104379465780222,1.9067266,1.669822,1.0987725
3126,0.9,1,0.7917785750845762,1.7314324,1.5728784,0.48678508
3127,0.9,1,0.7854475926062382,1.6050972,1.4469142,0.67173755
3128,0.9,1,0.8433204799653801,2.2794418,2.0627456,1.0297531
3129,0.725,0,0.7319484139004647,1.2796078,1.4182727,0.99631095
3130,0.975,0,0.8213233467866615,2.213966,2.6345222,0.70058095
3131,0.95,1,0.7609089609036808,1.3707324,1.1367538,0.5716766
3132,0.85,1,0.8693906998812344,2.6288624,2.4659863,0.35383472
3133,0.9,1,0.8470481593454026,2.4171827,2.2545164,0.2153813
3134,0.9,1,0.8334360581471318,2.2207413,2.1585076,0.44067296
3135,0.775,1,0.8090593164064033,1.8721985,1.673905,0.38502398
3136,0.775,1,0.8293554447612848,2.0813868,1.9601436,0.9378798
3137,0.95,1,0.8519429731686362,2.4699626,2.3605027,1.2939863
3138,0.85,1,0.7465003138207764,1.3091756,1.1563885,0.6458585
3139,0.625,0,0.7991877682513702,1.7919129,2.0623713,0.84031975
3140,0.875,1,0.8414404446291173,2.2908187,2.11575,1.0816987
3141,0.85,1,0.8219352103183923,2.067182,1.8342881,0.8787178
3142,0.7,1,0.8290212612364745,2.0936503,1.9634554,0.9186014
3143,0.75,1,0.8565449555458936,2.4788735,2.3304868,0.8461634
3144,0.8,1,0.8702441105229207,2.5309825,2.3668535,1.1223513
3145,0.775,1,0.7770401637872961,1.4665154,1.2368853,0.9519359
3146,0.875,1,0.8061852630001514,1.8319608,1.6064377,1.2714317
3147,0.625,0,0.776290566784117,1.575773,1.8911147,1.451033
3148,0.85,0,0.7821394631699357,1.6998756,2.0658994,0.9367076
3149,0.75,1,0.7852275349287743,1.5922527,1.3663067,1.3436216
3150,0.9,1,0.8011150188747767,1.8248721,1.6187633,1.0240728
3151,0.925,1,0.8088727461018488,1.9306867,1.6777618,0.76365197
3152,0.675,1,0.7960161458689461,1.7215924,1.4588451,0.64475906
3153,0.8,0,0.7653435403672766,1.4182937,1.7162032,1.2385354
3154,0.775,1,0.8104434457256751,1.9114747,1.7589628,0.14678326
3155,0.875,1,0.8205607661482092,2.0555236,1.8942761,0.912725
3156,0.85,1,0.7407215995710899,1.1585015,1.0090656,0.6295341
3157,0.7,1,0.8237757645013305,1.975828,1.7718682,1.1726382
3158,0.675,1,0.8354497577278005,2.2653623,2.1270308,0.76400375
3159,0.825,1,0.664210991929088,0.49607965,0.19176984,0.23585257
3160,0.675,1,0.8267327264337553,2.1741688,2.0008476,0.43240324
3161,0.825,0,0.7734335569945857,1.7171699,1.9465756,1.2671593
3162,0.775,1,0.7718684637400199,1.6077434,1.3498552,0.28730467
3163,0.775,1,0.7749863796477958,1.6738266,1.4905845,0.55685484
3164,0.55,1,0.7607301898935251,1.4394984,1.3704042,0.42234334
3165,0.9,1,0.8350057275046269,2.2347114,2.0813484,0.20666376
3166,0.8,1,0.8574017415300259,2.397777,2.256429,0.8937088
3167,0.725,1,0.7617643387407812,1.4938092,1.158872,0.9808309
3168,0.675,1,0.7951035004552951,1.7437601,1.5550778,0.8894808
3169,0.875,1,0.845349295014351,2.3132372,2.1676695,0.7817724
3170,0.825,1,0.852519738642919,2.4294794,2.2222862,1.3477187
3171,0.775,1,0.8227165821540858,1.9794786,1.8418388,0.98344374
3172,0.8,1,0.7968966611510403,1.729423,1.5781126,0.91677403
3173,0.85,1,0.8605530568459937,2.5253377,2.3891644,0.7004975
3174,0.95,1,0.7956954447918949,1.7731581,1.5013905,1.4232904
3175,0.975,1,0.832651205237792,2.3801155,2.1474829,0.53171694
3176,0.8,1,0.8349353737677241,2.1468668,2.001434,1.0876758
3177,0.825,1,0.7986177154193852,1.7914932,1.5998673,0.83900404
3178,0.775,1,0.790804223579681,1.6813296,1.5513211,0.8812908
3179,0.975,0,0.8227109493318925,2.2028172,2.5231006,0.9515188
3180,0.9,1,0.8504884874686632,2.357397,2.1202657,1.0130802
3181,0.9,1,0.8907421063675194,2.7733314,2.6364222,1.1466132
3182,0.95,0,0.7768037559111194,1.6654904,1.9769435,0.9298799
3183,0.95,1,0.8331095029267357,2.232192,2.0183039,0.82641184
3184,0.925,1,0.8182435444253466,2.025855,1.8682728,0.5036925
3185,0.6,1,0.7488908858883772,1.3710785,1.055012,0.7992033
3186,0.95,1,0.8404364542683039,2.3263798,2.1135025,0.72635984
3187,0.925,1,0.8320957360648022,2.1949701,2.0397952,1.0939634
3188,0.975,0,0.7872757521212138,1.7417524,2.0204268,0.70933664
3189,0.8,1,0.7872131627937785,1.7158184,1.5698247,0.081177324
3190,0.875,1,0.8269180928947328,2.1294498,1.9089677,0.82783806
3191,0.875,1,0.7950417402012963,1.7765853,1.5862079,0.8084307
3192,0.775,0,0.7926800644025749,1.740186,2.08389,1.2437953
3193,0.9,1,0.8462074352987218,2.426412,2.2775133,0.36345473
3194,0.8,1,0.8282532975367078,2.2969608,2.1475537,0.09380779
3195,0.875,1,0.8034393821001488,1.7925872,1.5890566,1.2877051
3196,0.75,1,0.8233877752359664,1.9767265,1.844579,1.0125015
3197,0.625,0,0.7751294863144959,1.6976111,1.9455531,0.8941606
3198,0.825,1,0.8471666737774455,2.3978827,2.2935865,0.6201223
3199,0.875,1,0.7868424313443492,1.6275564,1.4978124,1.2887177
3200,0.875,1,0.8533905303633406,2.4463522,2.2753987,1.0847886
3201,0.775,1,0.8277597065084845,2.149278,1.967087,0.613016
3202,0.85,0,0.7583137456623188,1.3861909,1.6733596,1.2162304
3203,0.675,1,0.7420250813447469,1.194818,1.0391929,1.4277135
3204,0.9,1,0.8247983704529385,2.1052175,1.879365,0.85900104
3205,0.75,1,0.8612813396744153,2.5070927,2.3624287,0.627782
3206,0.725,1,0.8193456941094759,2.0553184,1.907275,0.85276246
3207,0.875,0,0.7372083171851148,1.2963679,1.4821236,1.781871
3208,0.625,0,0.6847115865075601,0.7341173,0.8744975,1.3706506
3209,0.725,1,0.7917891989941409,1.6374979,1.5297495,0.58726275
3210,0.875,1,0.8655399124536597,2.6666636,2.4832578,0.7545694
3211,0.925,1,0.8489211140494928,2.3276176,2.2015674,0.19032785
3212,0.65,1,0.8469055859002869,2.3500772,2.196784,0.33685145
3213,0.65,1,0.7650834502423206,1.3898777,1.1531065,1.0242372
3214,0.7,1,0.7759672648640505,1.5020821,1.27035,1.129384
3215,0.975,1,0.857760763412257,2.5015361,2.4207032,0.5853547
3216,0.625,1,0.7806551481724129,1.5037231,1.2675302,0.94046485
3217,1.0,1,0.7990912834297179,1.8033236,1.6317261,0.52703404
3218,0.9,1,0.800135210983075,1.8472412,1.6608465,0.5615505
3219,0.75,1,0.832719928381775,2.1890423,2.0988932,0.75435627
3220,0.875,1,0.822248837838194,1.9684858,1.8226683,0.89389956
3221,0.8,1,0.8056443910063065,1.8669418,1.6863093,0.6458701
3222,0.925,1,0.840193730747375,2.2118402,2.0722542,0.56546795
3223,0.875,1,0.8720921854488118,2.6904883,2.557011,0.9716983
3224,0.65,1,0.8077064737697506,1.8987992,1.6876018,0.80948305
3225,0.7,1,0.8153503492929672,2.0296407,1.8946452,0.42809597
3226,0.75,0,0.7562126182130653,1.3862188,1.6746976,1.1648011
3227,0.775,1,0.8007852617211763,1.8231006,1.6101074,0.863832
3228,0.825,1,0.8042131770517367,1.8566825,1.711473,0.37839898
3229,0.875,1,0.7929821390164317,1.7808255,1.6165239,0.073007256
3230,0.9,1,0.7438941618702253,1.2814697,0.97970474,0.98377335
3231,0.9,1,0.8233989742583003,2.0320978,1.7773964,1.2398541
3232,0.825,1,0.8460988352293521,2.380267,2.2962184,0.47617587
3233,0.675,1,0.8089565672563073,1.9805629,1.7518708,0.6916783
3234,1.0,0,0.7009663972098065,0.87697995,1.0311484,0.66466403
3235,0.75,1,0.8261328283340619,2.1194725,1.9142141,0.4684333
3236,0.825,1,0.8355453009134746,2.2006693,2.0083714,1.2555727
3237,0.725,1,0.8030436638150003,1.8377872,1.6527519,0.89556587
3238,0.925,1,0.7944927970914523,1.8812958,1.7374376,-0.17624214
3239,0.75,1,0.8122639078196429,1.9656827,1.7281166,0.75629485
3240,0.825,0,0.7848044056049447,1.6455793,1.984554,1.281696
3241,0.725,1,0.782410449438327,1.7350993,1.6042778,-0.33152273
3242,0.75,1,0.8314325909387879,2.0709586,1.8891929,1.0549983
3243,0.95,1,0.7995024463620385,1.7513173,1.4985902,1.2411036
3244,0.7,1,0.8044331915206935,1.8605194,1.6667573,0.8295593
3245,0.7,1,0.8132330891680176,1.9790269,1.7636714,1.0167291
3246,0.95,1,0.8012318507846914,1.7777371,1.5456271,1.2551181
3247,0.5,0,0.7114515428007488,0.9676799,1.1655788,0.97028434
3248,0.75,1,0.875558616985139,2.730171,2.6044822,0.3071247
3249,0.875,1,0.8122717609420002,1.9823964,1.7799039,0.9567697
3250,0.95,0,0.77691554020215,1.6287494,2.0139768,0.53813875
3251,0.925,1,0.8409219399392024,2.3561869,2.1705706,0.5678667
3252,0.85,1,0.7419235375245159,1.2103599,0.97811437,0.2115294
3253,0.775,1,0.8486149201985143,2.3999765,2.2037814,1.2395735
3254,0.95,0,0.7292483862500251,1.0796561,1.3882797,0.10634628
3255,0.9,1,0.8210244159768508,2.0523958,1.840154,0.7849034
3256,0.65,1,0.7834288875569704,1.684673,1.5315201,0.12879434
3257,0.925,1,0.8068792658649471,1.8979473,1.6937366,0.89688826
3258,0.8,1,0.8245225800970377,1.9839923,1.7807846,1.293697
3259,0.925,1,0.8469305281189566,2.2771935,2.160487,0.9658601
3260,0.925,1,0.8013986978196829,1.8006574,1.5600073,1.448607
3261,0.85,0,0.7289048039670891,1.1237905,1.215053,1.3036941
3262,0.95,1,0.8197765876368108,2.0766106,1.8870599,0.7979003
3263,1.0,1,0.8230767690026629,2.0933552,1.9237846,0.3071846
3264,0.6,1,0.7630433478853995,1.5162295,1.2519999,1.2052937
3265,0.775,1,0.7728264014999,1.6283052,1.344282,0.91586983
3266,0.9,1,0.838556922161865,2.2875156,2.1202211,0.56296027
3267,0.85,1,0.8624405325135643,2.52415,2.330753,1.3514684
3268,0.75,1,0.8422166135254572,2.2397454,2.0275464,1.0589088
3269,0.75,0,0.7566594035396808,1.5028546,1.7980385,0.84142065
3270,0.925,1,0.8321933796744017,2.233,2.0566907,0.56909204
3271,0.725,0,0.7405266148121773,1.0296147,1.3263701,1.2694117
3272,0.8,1,0.8190973815865312,2.025103,1.8566947,0.64752746
3273,0.9,1,0.8052673061985385,1.9161305,1.7277601,0.11675921
3274,0.875,1,0.8336061082265025,2.1898136,1.9104956,0.92341566
3275,0.75,0,0.7515953566973815,1.4048538,1.7033154,1.2686133
3276,0.85,1,0.823311961756208,2.1167808,1.9296267,0.98475325
3277,0.6,0,0.7499567361132741,1.2752223,1.5735674,1.0718844
3278,0.625,1,0.756896042085122,1.3413391,1.1753325,0.7588619
3279,0.975,1,0.8023048610835334,1.8449745,1.6657771,0.9148469
3280,0.9,1,0.7982840618437368,1.8226979,1.7529054,0.9586141
3281,0.925,1,0.8414857009789043,2.2648988,2.077497,1.071743
3282,0.75,1,0.8013052405699429,1.8057923,1.6896375,1.3696327
3283,0.925,1,0.8755315600772364,2.7212615,2.5967233,0.7398778
3284,0.975,1,0.8800509631995802,2.7170658,2.5594316,1.0929269
3285,0.875,1,0.8904663338768428,2.8715718,2.755948,-0.19161859
3286,0.925,1,0.8068048218941701,1.825902,1.6563797,0.72447956
3287,0.875,1,0.8075204719464619,1.9386053,1.7048291,0.8416712
3288,0.975,1,0.8457844759626681,2.3657506,2.0593064,1.0285147
3289,0.85,1,0.8413334631780828,2.2714992,2.0846844,1.0544534
3290,0.925,1,0.7730654743501313,1.4777762,1.3289709,0.335241
3291,0.625,0,0.7373754574352428,1.1806259,1.5191638,0.42510906
3292,0.7,1,0.7901868465923259,1.6201291,1.3394865,1.0249423
3293,0.925,1,0.8414622579671401,2.2579243,2.1097968,1.2146785
3294,0.8,0,0.7566785086061114,1.3705996,1.6551776,0.96588385
3295,0.825,1,0.8315823400075477,2.1680489,1.9759202,0.9774835
3296,0.925,1,0.8655469826273492,2.5837357,2.4593313,0.49300846
3297,0.925,1,0.8169394976639022,2.057322,1.8035226,1.2973392
3298,0.85,1,0.7952064559980896,1.6693289,1.4579091,1.043071
3299,0.875,0,0.776469270369488,1.663398,1.9481249,0.64909637
3300,0.925,1,0.8064776490821093,1.8061231,1.6296949,0.96024275
3301,0.85,1,0.8214162807951964,2.0848517,1.8820186,0.6812751
3302,0.925,0,0.7908814626415618,1.7100759,2.0715458,1.3866953
3303,0.75,1,0.8383584659687642,2.209827,2.0767527,0.6260241
3304,0.775,1,0.8565589472689517,2.4348302,2.2520168,0.9013488
3305,0.75,1,0.8094927330760952,1.9460002,1.7329502,0.84119153
3306,0.825,1,0.8454586513852842,2.3556442,2.2120771,0.78930855
3307,0.775,1,0.789963878683788,1.7030741,1.6036985,1.2925988
3308,0.8,1,0.8171512608563717,1.9903913,1.8261743,0.94091284
3309,0.85,1,0.8070246424581756,1.7651327,1.5680361,1.2245252
3310,0.75,0,0.7884638526871602,1.6733222,1.983193,1.3201333
3311,0.9,1,0.8018876965453126,1.8131671,1.5956701,0.5148972
3312,0.775,1,0.8280431104306143,2.0845184,1.8651886,0.5320338
3313,0.7,1,0.8084349434864979,1.8882298,1.6716458,0.85324585
3314,0.775,1,0.7905299124662435,1.6391528,1.4591017,0.61997426
3315,0.75,1,0.8008685786353799,1.8138452,1.5847901,0.7331896
3316,0.725,1,0.7384854725923921,1.1836956,1.0723672,0.23139367
3317,0.725,1,0.8006140482175761,1.799391,1.7300137,0.8425975
3318,0.85,1,0.8281419371292091,2.130496,1.9402738,1.1684511
3319,0.8,1,0.8021211189550453,1.9213929,1.7646525,0.8086138
3320,0.85,1,0.7713919802691841,1.4673268,1.2946813,0.5716907
3321,0.775,1,0.761918076258335,1.3483503,1.1694002,0.84371316
3322,0.6,1,0.8085061566202205,1.8939241,1.7659755,0.97445655
3323,0.775,0,0.7915797901323387,1.8025272,2.1315455,0.935325
3324,0.75,1,0.7843311798804548,1.5903919,1.4037079,1.3104256
3325,0.9,1,0.8133517466057799,2.0924935,1.9356511,0.089262575
3326,0.8,1,0.8501807719885236,2.4094284,2.2594595,0.7934563
3327,0.925,1,0.7977247777165324,1.707793,1.5154226,1.2684408
3328,0.75,1,0.8185292475751367,2.0270882,1.8914663,0.25096837
3329,0.675,1,0.7808457680363226,1.6638579,1.5586421,0.9221591
3330,0.8,0,0.8118089284623542,2.0306692,2.4007406,0.8920113
3331,0.75,1,0.7882538698448904,1.8458009,1.5751061,1.0468642
3332,0.775,0,0.7380115808700205,1.1520785,1.429718,1.3404107
3333,0.8,1,0.8170043704183171,1.9451501,1.7610385,0.9395466
3334,0.775,1,0.8035244044872973,1.8585415,1.6603653,1.0820819
3335,0.925,1,0.8388316027488862,2.1204522,1.9667523,1.2668102
3336,0.875,1,0.8740906120923778,2.6708457,2.5469294,0.75503147
3337,0.9,0,0.8070892617443266,1.9753444,2.3427882,0.6953181
3338,0.875,1,0.7771674114375531,1.5655831,1.4124396,0.49852577
3339,0.85,0,0.7030174445661185,0.8584125,0.9763098,2.0395043
3340,0.8,1,0.8045993181051988,1.8086845,1.5993483,0.7468014
3341,0.8,1,0.8052721988115806,1.8410567,1.6475637,1.0597118
3342,0.8,1,0.8452429034240934,2.3047009,2.1307907,1.0416852
3343,1.0,1,0.8465981421594853,2.3200064,2.1383224,-0.024598688
3344,0.8,1,0.8668773705181928,2.6182203,2.4483533,0.89047205
3345,0.875,1,0.8185814059601284,1.942991,1.8049467,1.1448593
3346,0.7,0,0.7873844383732617,1.7883172,2.0843897,1.0190899
3347,0.825,1,0.8363434714237546,2.209968,2.1078887,0.6546124
3348,0.925,1,0.7929668368795665,1.6596854,1.431714,1.2588661
3349,0.775,1,0.8353421730153201,2.1925535,1.9575626,1.0057787
3350,0.975,1,0.8127304625910041,1.9388393,1.7719367,0.47435483
3351,0.75,0,0.7385993883673421,1.0683763,1.382566,1.478156
3352,0.975,1,0.8256722025104932,2.050495,1.8526098,1.030171
3353,0.925,1,0.8074596148390267,1.799607,1.6670275,1.1870072
3354,0.925,1,0.8095907971704686,1.8973522,1.7407125,0.887521
3355,0.95,1,0.8280785509474144,2.1139534,1.9309064,1.1096195
3356,0.8,1,0.8319169479565759,2.204747,1.9625378,1.0074818
3357,0.775,0,0.7500961023742644,1.2575438,1.524687,0.7209219
3358,0.825,1,0.7937496843839366,1.6647596,1.4649861,1.0538378
3359,0.75,1,0.8299378707466207,2.1364434,2.0313218,0.47204337
3360,0.925,1,0.83716677399358,2.3040967,2.153677,0.41169563
3361,0.875,1,0.8150719487608967,1.8818603,1.7402148,0.8937212
3362,0.675,1,0.832330393826961,2.292812,2.0519993,0.7767763
3363,0.9,1,0.8939077494559841,2.8832295,2.7487059,1.0431179
3364,0.6,1,0.8035302552760869,1.9800063,1.7967007,0.64234996
3365,0.8,1,0.8340365302276714,2.2384076,2.0322983,0.54682744
3366,0.85,0,0.7387012409169541,1.2671051,1.4261124,1.4182028
3367,0.9,1,0.7892197684700157,1.917882,1.6288393,0.64085495
3368,0.6,1,0.7984312159027004,1.9213068,1.7226863,0.5069761
3369,0.95,1,0.8600655392428017,2.45365,2.3028715,0.8240706
3370,0.925,1,0.78285428657841,1.8447415,1.7403094,0.24803302
3371,0.95,0,0.7375610424763481,1.0962694,1.3571522,1.1055275
3372,0.725,1,0.8187448735174833,1.957848,1.8125708,0.6555687
3373,0.8,1,0.8310566917921672,2.2210631,2.115333,-0.04414323
3374,1.0,1,0.8151332087556412,1.9398468,1.7123168,1.7581753
3375,0.975,1,0.8264845844817232,2.255381,2.1399202,-0.23207441
3376,0.95,1,0.8586452072378085,2.491231,2.4094095,0.08105478
3377,0.7,1,0.8336152456238248,2.1726005,2.0200315,0.7939316
3378,0.825,1,0.7577669311807947,1.3867342,1.199821,0.45321813
3379,0.725,1,0.7877564006768305,1.5921967,1.4030348,1.2217864
3380,0.75,1,0.8316137066423739,2.1948998,2.078036,0.817827
3381,0.8,1,0.7976318595511636,1.8292313,1.5799646,0.91927564
3382,0.775,1,0.8170978412406025,2.0596373,1.8499243,0.97556233
3383,0.925,1,0.7772711241392493,1.546756,1.353349,0.52529275
3384,0.8,0,0.7561823018348066,1.353327,1.6096809,1.1124371
3385,0.875,1,0.7721135115384214,1.4873662,1.3298932,0.8020419
3386,0.725,0,0.7633889754654872,1.5414362,1.8838931,0.39847907
3387,0.75,0,0.7754663441842312,1.6177009,1.8863304,1.2709591
3388,0.9,1,0.8236447754015791,1.9993988,1.8584208,1.1258221
3389,0.95,1,0.7514871436191608,1.4366724,1.113847,0.83974755
3390,0.75,0,0.7954811984294834,1.8279989,2.1732295,1.1993868
3391,0.85,1,0.8119988244058279,1.981684,1.7864809,0.49114075
3392,0.925,1,0.8365065006961311,2.2677364,2.1194494,0.39260307
3393,0.925,0,0.7797329317823126,1.6738071,2.0030618,0.81980705
3394,0.875,1,0.8479339688859068,2.436499,2.3164935,0.901912
3395,0.9,1,0.8030725759895725,1.7496794,1.5541286,0.98002124
3396,0.95,1,0.838094205487507,2.3067183,2.1355433,0.6798105
3397,0.825,1,0.8200532933540268,2.0108333,1.7544398,1.3316033
3398,0.75,1,0.7895899784737909,1.7216494,1.5760832,0.057002395
3399,0.575,1,0.7761535264472631,1.4821091,1.2654543,1.1284673
3400,0.825,1,0.8643497312310982,2.665326,2.5023232,0.9785601
3401,0.825,1,0.8216952103486487,2.032538,1.8551846,0.7302166
3402,0.975,1,0.8204555638688364,2.077127,1.8755579,0.9940653
3403,0.725,1,0.7701328791305623,1.4751365,1.256915,0.8095962
3404,0.8,1,0.773154547394955,1.3971312,1.1770579,0.94980323
3405,0.975,1,0.858992179128625,2.4852793,2.392096,0.46168384
3406,0.775,1,0.8033769572824286,1.8252589,1.6456099,1.1792694
3407,0.925,0,0.7043601274739407,0.99144745,1.1450398,1.0544485
3408,0.825,1,0.8333235236573132,2.1379871,2.0135467,1.0524774
3409,0.875,1,0.7963194122086797,1.7129788,1.4882143,1.0942093
3410,0.9,1,0.8309032492931172,2.1158834,1.8821943,1.2649457
3411,0.8,1,0.8022024674564094,1.7956622,1.6247369,0.4704062
3412,0.7,0,0.8021188557545611,1.9016759,2.2087224,0.5654532
3413,0.75,1,0.787373107734749,1.7069329,1.5006061,1.0626191
3414,0.725,1,0.8501466290652511,2.4116151,2.263285,0.79487157
3415,0.825,1,0.8265287080562695,2.09932,1.9056461,1.0196952
3416,0.8,1,0.8146527229667184,1.9732163,1.7172537,0.61213934
3417,0.925,1,0.8773569811726712,2.7787166,2.6867588,0.5229386
3418,0.85,1,0.80937028181519,1.9368885,1.7611749,0.561461
3419,0.875,1,0.8154551459111357,2.0109036,1.875351,1.0927612
3420,1.0,1,0.924027509467057,3.3589365,3.2278075,0.24895689
3421,0.725,0,0.7115933995222103,1.0348829,1.2429435,1.649572
3422,0.8,1,0.8749505828085684,2.695774,2.527188,0.86226594
3423,0.7,1,0.8130090377735961,1.8869066,1.7506137,0.77497494
3424,0.75,0,0.7520975978885716,1.4445899,1.6637034,1.4878167
3425,0.9,1,0.8369908225208509,2.1764379,2.0078495,1.26828
3426,0.95,1,0.7780289294130391,1.4905758,1.3139155,0.8654865
3427,0.85,1,0.8194308808980497,2.1011739,1.9096138,0.65696704
3428,0.75,0,0.8127218523860568,2.0124314,2.2453547,1.6808387
3429,0.75,1,0.7582477682758053,1.3147413,1.2026695,1.3906745
3430,0.75,1,0.8412846507601126,2.3039656,2.1455522,0.38200793
3431,0.825,1,0.8288134651990692,2.1780682,2.0105627,0.31273875
3432,0.825,1,0.7291535719564932,1.1965294,0.9318565,0.23561028
3433,0.975,1,0.8340600633347885,2.1817238,2.0635078,0.69240606
3434,0.85,1,0.8475891163563078,2.3676565,2.2611604,0.3631414
3435,0.9,1,0.8473090000299403,2.3078928,2.0911818,0.9408878
3436,0.925,1,0.7970583848810946,1.7223862,1.4652209,1.1905086
3437,0.9,1,0.8574186549979835,2.435844,2.2974734,1.1569865
3438,0.95,1,0.8409727580643113,2.3286905,2.1668894,0.36079255
3439,0.8,1,0.8582135932891349,2.5264392,2.4043489,0.82400703
3440,0.8,1,0.8107271977042845,2.0063825,1.7437736,1.0549735
3441,0.775,1,0.8531315540910733,2.3923512,2.2701893,0.99131274
3442,0.55,1,0.7758033944193863,1.5682368,1.3284255,0.40888444
3443,0.8,1,0.8239042965317412,2.123234,1.8576126,0.83026946
3444,0.65,1,0.8322378957869653,2.2057538,2.102173,0.62967646
3445,0.925,1,0.8528249283475324,2.344949,2.181309,1.1547712
3446,0.95,1,0.7824440946250286,1.6919324,1.5210443,0.55928946
3447,0.75,1,0.8382667676987616,2.2732534,2.0804129,0.29870024
3448,0.775,1,0.8030651665840738,1.8026705,1.63381,0.37093416
3449,0.8,1,0.8206994723588258,2.0694444,1.8611012,0.90106916
3450,0.875,1,0.8103229404403515,1.9052503,1.7771578,0.927876
3451,0.9,1,0.8485003093905985,2.361494,2.2056098,0.8110007
3452,0.9,1,0.8489237164860082,2.4251232,2.215281,0.53200376
3453,0.65,1,0.8327543291853858,2.2331572,2.0826082,0.51913047
3454,0.875,1,0.8422860629396708,2.3482554,2.19513,0.4876441
3455,0.95,1,0.8660493241030167,2.5781288,2.4597054,0.00024196506
3456,0.65,1,0.8002544294068453,1.8037629,1.5931444,0.87891006
3457,0.95,1,0.8382400457749445,2.2030184,1.9966489,1.0152265
3458,0.85,1,0.8218220525651437,2.0564523,1.8688729,0.8555157
3459,0.6,1,0.8229507493107282,2.1733203,1.9655823,0.3974801
3460,0.725,1,0.8054109130052909,2.0720499,1.8767054,0.21904436
3461,0.825,1,0.8621432898512625,2.623325,2.5100305,0.40390262
3462,1.0,1,0.8619637485579348,2.5774696,2.444891,0.50437987
3463,0.75,1,0.8468844080377258,2.382874,2.162921,0.68021524
3464,0.675,1,0.852004690911548,2.3715014,2.2575,0.9326062
3465,0.7,1,0.8091532876666665,1.925237,1.7284377,0.7109494
3466,0.875,0,0.7856165603312772,1.625226,1.949237,1.5939995
3467,0.9,1,0.806468164760566,1.796413,1.6083124,0.9667487
3468,0.75,1,0.8057251779957659,1.8341751,1.6490417,0.91968703
3469,0.8,1,0.7918652656406993,1.7412004,1.5027974,1.3249081
3470,0.7,0,0.7544886616525901,1.4923524,1.9459555,0.39517888
3471,0.85,1,0.8110712526207069,1.9757838,1.7731134,0.14744368
3472,0.825,1,0.7532139297277143,1.219942,0.95396674,1.4317386
3473,0.8,1,0.7801550879040855,1.4583205,1.2667978,1.1071036
3474,0.825,1,0.8155948719008546,1.9736791,1.8636072,0.36024472
3475,1.0,1,0.7971154363104869,2.0248392,1.7650274,0.70849025
3476,0.875,1,0.8516227466357289,2.3851905,2.2684722,0.49154076
3477,0.85,0,0.8086554575188245,1.9719417,2.2611234,1.0091089
3478,0.925,1,0.7754823130445953,1.6410415,1.3403236,0.6996933
3479,0.7,1,0.789724824829736,1.6732724,1.4943488,0.6138971
3480,0.75,1,0.783107476265021,1.5979927,1.3908505,0.98429394
3481,0.7,1,0.8028096941625426,1.8626598,1.7961776,0.8060224
3482,0.775,1,0.8035121860557459,1.7702869,1.6579739,1.2367841
3483,0.725,0,0.7547372021383812,1.3810058,1.7062999,0.6549305
3484,0.75,1,0.7939802880590474,1.7350576,1.5076146,1.211201
3485,0.75,1,0.804418981402914,1.9555782,1.7265959,0.5997989
3486,0.875,1,0.8133861314696135,1.9554552,1.7337127,0.9408386
3487,0.925,1,0.8087700038760364,1.8618901,1.6870065,1.1621153
3488,0.85,1,0.7875172952907027,1.6573015,1.4414455,0.93000066
3489,0.65,1,0.8208060108069695,1.9776262,1.7893368,0.70173275
3490,0.85,0,0.7936691772154074,1.8403966,2.1193342,1.2499436
3491,0.85,1,0.8109518703565135,1.9902264,1.6435614,1.0082377
3492,0.8,1,0.8749113728925232,2.7151423,2.594091,0.53079426
3493,0.85,1,0.8321833637733764,2.1469235,1.9225528,1.0923423
3494,0.775,1,0.8413711653284802,2.319579,2.1993651,0.6857405
3495,0.9,1,0.8865526707035961,2.8904793,2.7735696,0.13629553
3496,0.975,1,0.8492159634423901,2.4109719,2.2031898,1.0455086
3497,0.725,1,0.7653197238202645,1.3673439,1.1656756,0.85951614
3498,0.875,1,0.8396923640541314,2.3110685,2.17415,0.37854108
3499,0.85,1,0.8259026485928579,2.1269286,1.9388006,0.51946604
3500,0.5,0,0.760103386362788,1.5027874,1.7534089,0.71704257
3501,0.7,1,0.7990405365320259,1.7041509,1.5214045,0.67949
3502,0.8,1,0.80176016069417,1.8269031,1.6304059,0.5408689
3503,0.925,1,0.8508450687093648,2.3437226,2.1250253,0.9885417
3504,0.7,1,0.8338020330844655,2.268991,2.0323203,0.80213225
3505,0.7,0,0.7669010774550896,1.5835315,1.9353589,0.42056456
3506,0.925,1,0.82116899637604,2.0693767,1.957581,0.31858274
3507,0.85,1,0.8241755356770162,2.1508446,2.0220833,0.46123454
3508,0.775,0,0.717997156913145,1.0577102,1.270334,1.465704
3509,0.9,1,0.8061369822518697,1.8902439,1.6901221,0.7392249
3510,0.7,1,0.7588953389888996,1.3897358,1.0585506,0.97517097
3511,0.775,1,0.6974496723716535,0.7631986,0.39463538,0.8662833
3512,0.475,1,0.7761764720187283,1.6583668,1.3530284,0.646579
3513,0.6,1,0.7489123589851368,1.1622772,0.93909943,0.7273271
3514,0.95,1,0.8468469599105758,2.4592104,2.2870214,0.13085094
3515,0.875,1,0.8845421683544805,2.7685556,2.599844,1.1149701
3516,0.925,1,0.8746868445219604,2.7369,2.5696247,0.73791707
3517,0.875,1,0.7795192208814332,1.5324423,1.2736435,1.2516971
3518,0.75,1,0.8529517293724836,2.462047,2.309222,0.80059505
3519,1.0,1,0.8676413640725827,2.617681,2.5258088,0.5179018
3520,0.775,1,0.8166382908372968,2.0454724,1.8069878,1.3204185
3521,0.725,1,0.7727972059212318,1.4517362,1.2247908,0.99592066
3522,0.75,0,0.7480709937661374,1.2731237,1.5490038,1.0233839
3523,0.725,1,0.7619605988256981,1.5517728,1.4480073,-0.57814693
3524,0.825,1,0.7728802698512156,1.4116347,1.1774743,0.8814229
3525,0.7,0,0.7029810823798843,0.90479386,1.0711482,1.0023943
3526,0.75,1,0.8173470608915907,1.9642708,1.7955453,0.7689978
3527,0.675,1,0.8665634059611301,2.598149,2.5040646,0.45417532
3528,0.9,1,0.838024709907172,2.1738322,2.009894,1.0654703
3529,0.725,1,0.829091209390701,2.243937,2.2129087,0.21235141
3530,0.95,0,0.8110801227090543,2.0825887,2.38208,0.5681666
3531,0.8,1,0.7636166087082158,1.3508165,1.1403117,0.8412876
3532,0.85,1,0.766589601129643,1.6040387,1.3467097,0.8264613
3533,0.95,1,0.8096816071398014,1.862948,1.6480622,0.70740426
3534,0.775,1,0.8160104667175132,1.9927237,1.7594613,0.8814539
3535,0.8,1,0.8212724387460343,2.0068657,1.8430908,1.215256
3536,0.95,1,0.8189888517726842,2.168474,2.1067383,0.5249735
3537,0.875,1,0.8307329791339069,2.1492252,1.9786702,0.88090587
3538,0.825,0,0.7683329192913596,1.5647026,1.9465269,1.2761413
3539,0.775,1,0.8803863962594529,2.6822987,2.5017004,0.6815094
3540,0.925,1,0.8491227766332953,2.3651636,2.244843,1.0035694
3541,0.875,1,0.862713732671307,2.6139324,2.472591,1.0691224
3542,0.825,1,0.7727464546056273,1.6020964,1.3745784,1.1406169
3543,0.85,0,0.7603407673274819,1.3417964,1.6544164,0.7117139
3544,0.825,1,0.8270149076843144,2.1152086,1.9186294,0.3994793
3545,0.875,0,0.757872459529837,1.4436136,1.7330668,1.2816578
3546,0.85,1,0.7953776363316856,1.7192874,1.4975076,1.20193
3547,0.8,1,0.7945603197062288,1.8385594,1.7736641,0.25279436
3548,0.7,0,0.7367423866746013,1.2504992,1.5051836,0.8741137
3549,0.95,1,0.8550054932206994,2.4513128,2.232524,0.9856497
3550,0.725,0,0.7494428293681445,1.4249097,1.6560974,1.6937248
3551,0.825,1,0.8444883111160387,2.2990785,2.187433,0.36950025
3552,0.7,1,0.7684356066906325,1.5425526,1.422233,-0.21392944
3553,0.85,1,0.809937891864859,1.8570125,1.6749573,0.9358084
3554,0.875,1,0.793518889498762,1.6521269,1.4135756,1.2410662
3555,0.85,1,0.810125627405897,1.9653115,1.7886038,0.44579402
3556,0.775,1,0.7973816789913983,1.8068345,1.5616095,1.3219807
3557,0.725,1,0.8206079109437704,2.0394483,1.8433157,0.76658
3558,0.85,1,0.8437621001488783,2.3621197,2.1797948,0.8572968
3559,0.75,0,0.7325529168241667,1.2411363,1.4509647,1.354323
3560,0.65,0,0.811102398520746,2.0855103,2.3784685,0.33190575
3561,0.725,1,0.7957215169183287,1.8070271,1.6376305,0.6339458
3562,0.975,1,0.8749712187355645,2.6373947,2.478062,1.0363413
3563,1.0,1,0.8566752810688179,2.440751,2.2966313,0.692556
3564,0.775,1,0.8121755733021976,1.8663982,1.6542956,1.2334846
3565,0.65,1,0.8199894360250398,2.13558,1.9650354,0.25963107
3566,0.95,1,0.7980039736187345,1.7775834,1.5700457,1.2604412
3567,0.6,1,0.7651189951039301,1.4911019,1.2893165,0.5250937
3568,0.775,1,0.7784018948521262,1.5396767,1.3452039,0.51553977
3569,0.875,1,0.783608594397186,1.5502212,1.3471763,0.89707446
3570,0.85,1,0.7766579468648007,1.4701148,1.233264,0.79011357
3571,0.625,1,0.8069273117313291,1.9420485,1.8059229,0.13303557
3572,0.875,0,0.7208128964004743,1.0811892,1.2177291,1.1478285
3573,0.725,1,0.8376975261730862,2.2214482,2.0548453,0.837721
3574,0.725,0,0.8487350241451213,2.4349253,2.7742457,0.8666302
3575,0.8,1,0.7693204982168319,1.6222606,1.4438698,-0.0791308
3576,0.7,1,0.76417030950517,1.4467921,1.3024358,0.9721483
3577,0.925,1,0.8266701128179041,2.1198473,1.9610345,0.45826045
3578,0.725,1,0.7909910970826755,1.8176732,1.5902661,1.2289834
3579,0.6,1,0.8167598720804369,2.0097802,1.8047099,0.49983278
3580,0.775,0,0.7300102544424782,1.0105114,1.2727112,0.842168
3581,0.8,1,0.8297968640516649,2.111784,1.870182,0.79380333
3582,0.775,1,0.8300780374074072,2.1070995,1.8954566,1.2845795
3583,0.925,1,0.8286360142398252,2.1212173,1.9277387,0.8981286
3584,0.85,1,0.8040046716254547,1.9651049,1.7812588,0.077694386
3585,0.825,1,0.8147941033771313,1.9917065,1.729795,0.8242775
3586,0.725,0,0.7779153435426552,1.6519227,1.9202042,1.0890008
3587,1.0,0,0.7525797420100744,1.3248243,1.5442383,1.3952461
3588,0.9,1,0.8394196277766655,2.2974808,2.1741247,0.484104
3589,0.875,1,0.8436077367261485,2.2982817,2.1195264,0.7456521
3590,0.925,1,0.8133212171593831,1.9639401,1.7616348,0.67875636
3591,0.9,1,0.8272155305996638,2.156446,2.0338492,0.18867907
3592,0.7,0,0.7210726807022203,1.053578,1.325583,0.73444045
3593,0.8,1,0.6972248247515008,0.8397497,0.55393934,0.32120386
3594,0.75,1,0.8026300163764946,1.8305125,1.632859,0.4671668
3595,0.9,0,0.7566573794462627,1.6059306,1.8315638,1.063049
3596,0.65,1,0.8154152634344631,2.01213,1.7491106,0.6044389
3597,0.9,1,0.7224015845541583,1.0866013,0.81625485,1.1533413
3598,0.65,1,0.8001731619309858,1.7219261,1.4732997,1.2226784
3599,0.675,0,0.7188664578843291,0.8746916,1.187035,1.3386016
3600,0.825,1,0.8153907885128482,1.9352138,1.7512654,0.8658508
3601,0.975,1,0.8276227009945277,2.1721156,1.959236,0.7084178
3602,0.85,1,0.7562249527391658,1.4965053,1.285312,1.2497691
3603,0.7,0,0.7330909824090692,1.300415,1.5615492,0.7708632
3604,0.8,0,0.7715290802210679,1.6243913,2.068577,0.9633316
3605,0.8,1,0.7979279020920587,1.8239361,1.6459749,0.30500093
3606,0.875,1,0.8189000759958189,2.0104663,1.7786475,1.0239159
3607,0.875,0,0.717923992721601,0.9066388,1.1987257,1.1656792
3608,0.825,1,0.802146860364951,1.8550773,1.6519859,0.6129137
3609,1.0,1,0.7986266985408124,1.8652371,1.6818132,0.2430946
3610,1.0,1,0.8590316612659469,2.503464,2.2566502,1.1759068
3611,0.975,1,0.8205125785856835,2.0677228,1.8263056,1.1781523
3612,0.875,1,0.8370814943178071,2.310692,2.099761,0.82423186
3613,0.9,1,0.8371526374401391,2.2201755,2.062758,0.9003786
3614,0.9,1,0.8573170789080289,2.5037792,2.3640964,0.9192784
3615,0.85,1,0.8303103048791524,2.136213,1.94849,1.1009966
3616,0.7,1,0.8001050967980307,1.753339,1.60233,0.8222039
3617,0.875,1,0.8557000997649965,2.525607,2.3552341,0.9379679
3618,0.825,1,0.7768378775176882,1.6181808,1.3380394,1.2768252
3619,0.8,1,0.8374179919751856,2.2611358,2.0230455,0.8173553
3620,0.8,1,0.806394003011911,1.8994275,1.7355208,0.93966556
3621,0.725,1,0.7549500835580145,1.2211808,1.0447536,1.2860458
3622,0.7,0,0.8133701539855804,2.0435169,2.3836858,1.1348029
3623,0.85,0,0.7387552615923456,1.2799325,1.4671026,1.4278373
3624,0.75,1,0.8405816142287988,2.2527993,2.0944383,0.26528624
3625,0.925,1,0.7752779751313518,1.6170781,1.3639768,1.0928265
3626,1.0,1,0.85308249591731,2.4138868,2.2711864,0.437708
3627,0.85,0,0.7695023125454492,1.5145942,1.8824637,1.0489477
3628,0.75,1,0.7941457740219899,1.686369,1.4913149,0.65459347
3629,0.725,1,0.7734448521557987,1.5677191,1.3626482,0.2684528
3630,0.725,0,0.7332338666006255,1.115492,1.3805144,1.4102278
3631,0.7,1,0.7967219736366649,1.7842662,1.5720849,0.7144762
3632,0.85,1,0.8327851144157019,2.1394603,1.9264498,1.3099672
3633,0.925,1,0.815761552930448,2.0039945,1.743464,1.0462152
3634,0.825,0,0.7928265000722586,1.8143284,2.137687,0.62117946
3635,0.9,1,0.8266777653207313,2.1470175,2.0482168,0.85430086
3636,0.775,1,0.7903953670068439,1.6358458,1.4506319,1.0970834
3637,0.85,1,0.8423121558549318,2.3360958,2.1540112,0.8188189
3638,0.75,1,0.8080560552197276,1.8497722,1.6507215,0.9934151
3639,0.825,1,0.844443447235799,2.3720462,2.2499592,0.25205025
3640,0.625,1,0.8128701685584396,1.9842082,1.7678099,0.8362787
3641,0.875,0,0.7995695943877468,1.9203293,2.32338,0.61561835
3642,0.925,1,0.8575468274621968,2.5261056,2.3826501,0.56455743
3643,0.825,1,0.8395826211458999,2.283245,2.1156561,0.6119393
3644,0.925,1,0.7767775985228835,1.6680598,1.42331,1.241618
3645,0.9,1,0.8301778043968137,2.1605577,1.8932812,1.1906842
3646,0.6,1,0.7848218751091595,1.7133938,1.5434839,0.47531453
3647,0.65,0,0.674368187524159,0.68939614,0.8880137,0.6662723
3648,0.85,1,0.8292944240204837,2.179164,1.9268317,0.9289477
3649,0.85,0,0.7640482752010525,1.4774733,1.8003154,1.4742842
3650,0.8,1,0.8297111616760731,2.1373577,2.000687,0.83444047
3651,1.0,1,0.8356713279728278,2.2285426,1.961839,1.1857969
3652,0.775,1,0.827674144776569,2.0985756,1.942754,1.1557693
3653,0.8,1,0.8419825229754276,2.2747302,2.1045434,0.9184269
3654,0.9,1,0.8164680538560525,1.9652904,1.7770486,1.2617198
3655,0.675,1,0.7681957320014732,1.5894196,1.2950941,0.9597919
3656,0.875,1,0.8180305463273962,2.0028462,1.8223225,0.38940182
3657,0.65,1,0.792513719171619,1.7060859,1.5094135,0.7490082
3658,0.975,1,0.8619462126626578,2.5210648,2.3774097,0.7978586
3659,0.675,1,0.8086940686570095,1.9117093,1.6775264,0.8951535
3660,1.0,1,0.8360186669239613,2.1976128,1.9780564,1.20396
3661,0.85,1,0.7819017361112439,1.5883921,1.4095693,0.739799
3662,0.8,0,0.7751561234722041,1.5436788,1.7919471,1.7157522
3663,0.875,1,0.7873619055244827,1.7174041,1.5290581,0.121026725
3664,0.775,1,0.7836758495975948,1.6001921,1.4788444,0.13329592
3665,0.975,1,0.8362871882165854,2.2417917,2.032577,0.88104486
3666,0.85,1,0.8026378644339986,1.8227448,1.6014924,0.7995684
3667,0.85,1,0.8088185074880416,1.8996754,1.709836,0.62739766
3668,0.8,0,0.7346431782427173,1.1044893,1.39137,1.1324604
3669,0.9,1,0.809972549424747,1.9467678,1.7536554,0.9690504
3670,0.75,1,0.8198353006445909,2.0459554,1.8504049,0.9968957
3671,0.775,1,0.7538111731153656,1.3739285,1.0380377,1.0112294
3672,0.65,1,0.8073129666447876,1.9293635,1.8365419,0.54617107
3673,0.8,1,0.7974014487000094,1.7768376,1.5000744,1.3976252
3674,0.7,1,0.7777991116252627,1.5379701,1.3239691,0.9636843
3675,0.725,1,0.7776046324932759,1.539371,1.4106426,0.23812374
3676,0.95,1,0.8763154738899634,2.676052,2.5181892,1.118733
3677,0.9,0,0.6612795196606547,0.54569364,0.9228142,0.0072471797
3678,0.8,1,0.7887299329632417,1.5800445,1.3844819,1.026336
3679,0.95,1,0.807763187461471,2.02849,1.8053689,0.7561207
3680,0.725,1,0.8385894592330595,2.2360528,2.096769,0.7449056
3681,0.675,1,0.7832162301745931,1.6432672,1.503725,0.45714346
3682,0.925,1,0.8242898336783286,2.1024184,1.9347322,0.54406774
3683,0.75,1,0.7862852633129855,1.6348234,1.4438567,0.7292396
3684,0.7,1,0.8139392388716793,1.9988105,1.8671596,0.3371192
3685,0.775,1,0.8315240308715929,2.171756,1.9358578,0.4243833
3686,0.85,1,0.7394809609841242,1.2016275,0.9514472,0.53343284
3687,0.65,1,0.7570728373820447,1.2809864,1.0206094,1.0362865
3688,1.0,1,0.8804128869500357,2.8096113,2.6105242,0.5405723
3689,0.8,1,0.8376361575732638,2.1951106,1.9993911,1.0936794
3690,0.7,1,0.8177576599412038,2.0042899,1.7892301,0.6620493
3691,0.975,1,0.8290166871744097,2.3662927,2.2467365,0.23470363
3692,0.825,1,0.854833438437756,2.4652245,2.2442474,1.2340575
3693,0.675,1,0.7497517429863712,1.3741146,1.0580242,1.236698
3694,0.85,0,0.7561675887226077,1.3333323,1.625041,1.3936908
3695,0.9,1,0.8814435299708382,2.80822,2.6643472,0.4387153
3696,0.825,1,0.7725730177308066,1.5853512,1.2409289,1.2138028
3697,0.775,1,0.7957687776303254,1.668422,1.4568869,0.8899034
3698,0.875,1,0.8503903193931681,2.3983893,2.2159684,1.0127735
3699,0.95,1,0.8021793923073779,1.844718,1.677221,0.52705204
3700,0.9,1,0.8326271223697429,2.1501367,1.9651761,1.0502312
3701,0.85,0,0.8543867725239814,2.5821738,2.947573,0.4737707
3702,0.775,1,0.829980862090575,2.1715274,2.0055585,0.64977276
3703,0.9,1,0.8727308782161531,2.7163672,2.5854454,0.855389
3704,0.95,1,0.8698860287449979,2.6320205,2.5058062,0.54940164
3705,0.925,0,0.816138078678958,2.0999362,2.4732559,0.9113805
3706,0.825,0,0.8183566653066421,2.1082327,2.4024482,0.9426893
3707,0.675,0,0.7957501197076526,1.8609159,2.1882353,0.8139781
3708,0.825,1,0.8555773846269277,2.4384446,2.273802,0.6737553
3709,0.975,0,0.7853456327630733,1.7351439,2.0059772,1.0087643
3710,1.0,1,0.8116102818435913,1.9198716,1.7698824,1.2278917
3711,0.975,1,0.8044168438681926,1.8552836,1.5599487,1.3835121
3712,0.8,1,0.8296989361767988,2.1680179,2.0198872,1.0042591
3713,0.75,1,0.8226766046939059,2.151155,1.9589219,0.8116423
3714,0.75,1,0.7441550644631483,1.31247,1.1778883,-0.035407394
3715,0.775,1,0.8221828309075514,2.079216,1.9892049,0.4269918
3716,0.775,0,0.7349052805125329,1.2369697,1.3873065,1.1254696
3717,0.85,1,0.8612215125159286,2.5345633,2.3236253,0.95516527
3718,0.825,1,0.7907875453586468,1.7815078,1.6300589,0.45844886
3719,0.8,1,0.7590452371125648,1.3905702,1.267937,0.59418595
3720,0.95,1,0.8388404099387434,2.2315686,2.0175936,1.0543813
3721,0.9,0,0.7815756188660606,1.6808167,1.9445455,0.81227076
3722,0.75,1,0.7823201221973848,1.5525666,1.3279512,0.40874878
3723,0.85,1,0.8080138939361357,2.1293619,1.8831587,0.793241
3724,0.75,1,0.8350190876638258,2.1521568,2.019254,1.1317358
3725,0.675,1,0.7665955308708592,1.6331444,1.435731,0.4594446
3726,0.95,1,0.8368019376017896,2.152564,1.9559975,1.1484851
3727,0.8,1,0.8234989319837962,2.0304828,1.9272642,0.664158
3728,0.9,1,0.8490453059753751,2.3532126,2.2109656,0.3510253
3729,0.775,1,0.8361391399230134,2.2410355,2.112375,0.47106203
3730,0.9,1,0.7446477311381526,1.4925663,1.3203789,-0.37713316
3731,0.95,1,0.8602926318872783,2.5475535,2.4431076,0.43461737
3732,0.825,1,0.8324493511664594,2.103364,1.9435081,1.0491668
3733,0.725,1,0.8140468374285148,2.0484762,1.8759844,0.68726766
3734,0.6,1,0.7899088164922606,1.742926,1.5898396,0.76837325
3735,0.925,1,0.8610464625650507,2.41895,2.222213,1.084267
3736,0.725,0,0.7954919748069206,1.8806816,2.2787793,0.53158295
3737,0.775,0,0.7336034014544182,1.2574983,1.5747579,0.2815613
3738,0.8,1,0.8122094094559695,1.8926466,1.6999278,1.0813046
3739,0.775,0,0.7487975810474681,1.5103765,1.7010013,0.8963634
3740,0.875,1,0.8805771913999765,2.6764886,2.5154202,1.2171553
3741,0.7,1,0.7508333570100126,1.2537205,1.1126447,1.1288397
3742,0.975,1,0.8935649766287039,2.9358768,2.783354,0.7176018
3743,0.725,0,0.6797128107830501,0.83480406,0.9403802,-0.23479065
3744,0.825,1,0.8536134106158672,2.4672425,2.27979,0.40284196
3745,0.825,1,0.7859365319927551,1.691864,1.5056578,0.8468107
3746,0.85,1,0.8624186558641931,2.668059,2.5242348,0.08791968
3747,0.775,1,0.8022071607948507,1.8487,1.779613,0.4634913
3748,0.75,1,0.8402737671949998,2.300796,2.0942254,0.4765958
3749,0.975,1,0.8408633631053766,2.3319025,2.1414018,0.49124375
3750,0.8,1,0.7947918928665257,1.7320386,1.5387156,0.8759167
3751,0.65,0,0.7104548276684458,0.89364827,1.2548075,1.2027416
3752,0.65,1,0.8317650791634652,2.205965,2.03976,0.12399933
3753,0.775,1,0.8415008965254505,2.2777677,2.1261919,0.8129705
3754,0.975,1,0.821103075646437,2.0524163,1.8516538,0.53947055
3755,0.575,0,0.8029966891521267,1.954221,2.2284484,0.46302262
3756,0.85,1,0.8135987536020437,2.0168986,1.8086452,0.39488617
3757,0.9,1,0.8173639363521334,1.9260855,1.7890873,1.1345303
3758,0.95,1,0.8494957928158348,2.36228,2.1934404,1.1106154
3759,0.8,1,0.7720283109418271,1.5799801,1.2481263,1.1709558
3760,0.95,1,0.851006104437398,2.4078736,2.2017567,0.94315577
3761,0.875,1,0.8481918699653535,2.3576674,2.1791818,1.0449728
3762,0.775,1,0.7749837770261561,1.5135417,1.4265221,0.9441066
3763,0.75,0,0.7440869388826866,1.3453695,1.6435583,0.650169
3764,0.725,1,0.7789180757499552,1.5254264,1.2839956,1.1863678
3765,0.825,1,0.7982433489792128,1.7103971,1.500696,0.5537323
3766,0.75,1,0.8135683942782156,1.9816971,1.7656751,0.94014764
3767,0.75,1,0.7626617552666941,1.4139187,1.3084898,0.94170487
3768,0.675,0,0.7700661679192201,1.6173112,1.7592604,1.5204796
3769,0.75,0,0.7073190627771399,0.8995949,1.207146,0.7967315
3770,0.75,0,0.8072649926576559,1.9173002,2.2462595,0.80371606
3771,0.75,1,0.7756111873386898,1.5027523,1.273287,0.5692605
3772,0.7,1,0.8818048736439359,2.654237,2.5184693,1.0409316
3773,0.7,1,0.8161800747270487,2.0486255,1.9500372,0.91966724
3774,0.925,1,0.8235348561830031,2.073467,1.9132595,1.0589178
3775,0.6,1,0.7482303615036277,1.3154588,1.0609701,0.79103637
3776,0.875,1,0.8486314156547563,2.4441128,2.2357297,0.9154484
3777,0.625,1,0.795985677301294,1.7807258,1.6025279,0.42390373
3778,0.85,0,0.8088082696945755,2.0037568,2.3551583,0.9818597
3779,0.75,1,0.7733336041437657,1.4867098,1.320517,0.30157867
3780,0.875,1,0.7953800725841482,1.7522959,1.5086215,0.46773437
3781,0.8,1,0.855787463265872,2.4603484,2.3187256,0.7077304
3782,0.875,1,0.818691036054839,1.9305397,1.8012834,1.3570969
3783,0.9,0,0.7379372986422044,1.1291655,1.4303844,1.0836234
3784,0.85,1,0.7984921691002,1.7943403,1.5969001,0.7765883
3785,0.825,1,0.8615576814617287,2.4963806,2.3671312,1.1551604
3786,0.775,1,0.8124865997156995,1.935641,1.7523899,0.75653577
3787,0.725,1,0.7905272926541618,1.7076643,1.5427,0.7337575
3788,0.925,1,0.8102429194685383,2.1212292,1.926788,-0.09491041
3789,0.725,1,0.7819494709734152,1.6797277,1.450249,1.3370246
3790,1.0,1,0.8485970417351814,2.4467106,2.312159,0.4301761
3791,1.0,1,0.8653784988508937,2.6398616,2.4928896,0.590551
3792,0.725,1,0.7893896078776477,1.8646674,1.6107082,0.55174816
3793,0.6,1,0.7969096434560723,1.7982186,1.5395591,0.48856893
3794,0.95,1,0.8331764815750294,2.1768413,1.9673337,0.6567255
3795,0.8,1,0.8516693704415395,2.459184,2.2714643,1.3359054
3796,0.85,1,0.8677566376677959,2.6574376,2.508031,0.6251694
3797,0.85,1,0.7771703370305514,1.6134971,1.4008659,0.4678934
3798,0.825,1,0.8445320016861546,2.2850442,2.1130838,0.816141
3799,0.9,1,0.8506633271450097,2.4250865,2.2920763,0.6905968
3800,0.9,0,0.7339812468242933,1.1177096,1.4242647,0.770802
3801,0.9,1,0.7950214373659137,1.7323766,1.5111358,0.89859796
3802,0.8,1,0.8055048120352462,1.9001136,1.673933,1.0617363
3803,0.7,1,0.7997014062978829,1.7669585,1.6663088,0.65244746
3804,0.925,1,0.827371787097524,2.0847075,1.8568299,1.1453912
3805,0.725,1,0.7783391079778168,1.5577579,1.3820248,0.44354692
3806,0.95,0,0.7372759166728677,1.217261,1.5690304,1.2293693
3807,0.9,1,0.8168053064229313,2.0393062,1.8625648,0.70670485
3808,0.8,1,0.8447543296040004,2.356278,2.127924,0.8654479
3809,0.65,1,0.8447258890358118,2.3461967,2.1433244,0.7721267
3810,0.775,1,0.7939040062679353,1.7147527,1.5452095,1.0514053
3811,0.75,1,0.7576194886767981,1.4301069,1.1062827,0.7730135
3812,0.925,1,0.7964687256426288,1.8424721,1.7111468,0.5156621
3813,0.675,1,0.8186942780022215,1.9882677,1.7560463,0.7490896
3814,0.975,1,0.8080900872942066,1.8649617,1.6586373,0.66360795
3815,0.925,1,0.7837808183668321,1.5107433,1.2839828,1.4227581
3816,0.85,1,0.8233736746741847,2.0447226,1.8825064,1.5276715
3817,0.85,1,0.7937989588401868,1.6752353,1.4720573,1.0314622
3818,0.65,1,0.7880778284757625,1.8966124,1.5441775,1.1848208
3819,0.625,1,0.8008024165596637,1.8912666,1.7630789,0.69039905
3820,0.9,1,0.8749144428338576,2.5943372,2.2494621,0.87047994
3821,0.7,1,0.7904288435350488,1.6562924,1.493392,1.242849
3822,0.8,1,0.8355626711694527,2.2458198,2.1229641,0.8455477
3823,0.875,1,0.835613306152998,2.274662,2.1110039,0.61394274
3824,0.9,1,0.8486201765700045,2.347917,2.170648,1.4024351
3825,0.875,1,0.812713215713642,1.9757998,1.8202109,0.5004715
3826,1.0,1,0.8494547592699998,2.4530182,2.2975023,0.9536972
3827,0.85,1,0.8188208485589346,1.9876945,1.7824153,0.98059404
3828,0.925,1,0.8375245652035094,2.2414885,2.076313,0.69543827
3829,0.8,1,0.7616554816484113,1.460705,1.1650016,1.080282
3830,0.675,0,0.7256177720925221,1.1563828,1.3888664,1.4741285
3831,0.925,1,0.8463652709175526,2.436836,2.2785017,0.85539806
3832,0.925,1,0.8055962833410657,1.8617814,1.6333891,1.0886797
3833,0.85,1,0.8360697905560635,2.195251,2.076346,0.5532967
3834,0.925,1,0.8975867142769158,3.071152,2.9530761,0.27881584
3835,0.775,1,0.8061796789588305,1.9018589,1.674576,1.114186
3836,0.9,1,0.8326500878658185,2.239208,1.9813815,1.0496167
3837,0.675,1,0.8508437695511254,2.4842505,2.38447,0.18974599
3838,0.725,1,0.7955037774004661,1.865657,1.6708832,0.575902
3839,0.875,1,0.8342588033421257,2.2132792,2.059107,1.0535324
3840,0.7,1,0.7803985390154788,1.545089,1.3939489,0.7355679
3841,1.0,1,0.8459409509108335,2.2570326,2.133,1.3415742
3842,0.625,1,0.7719202873801874,1.6032245,1.3157943,0.84582007
3843,0.75,1,0.8054909999702624,1.8590536,1.6332003,0.7732693
3844,0.9,1,0.7890489390354848,1.6061697,1.3927994,1.1854744
3845,0.75,1,0.7945010763536831,1.8787937,1.5286928,0.2650384
3846,0.725,0,0.7720968811433315,1.4687983,1.7559154,0.8216089
3847,0.775,1,0.78636339700545,1.8391335,1.5529068,0.590232
3848,0.925,1,0.824066127609431,2.0034494,1.8404553,1.0853308
3849,0.775,1,0.8216570913979929,2.0196881,1.8929276,1.2666072
3850,0.85,1,0.7890663118467659,1.6074369,1.3661342,0.9532641
3851,0.825,1,0.8390975403270382,2.2300773,2.0667868,1.2061946
3852,0.825,1,0.8186589064341588,2.0457466,1.8766754,0.5322844
3853,0.725,1,0.7949674359058425,1.8585732,1.7250249,-0.4329032
3854,0.925,1,0.8383531012618164,2.2822478,2.1162615,0.09525105
3855,0.775,1,0.8408042220526535,2.3123016,2.0945601,0.8479954
3856,0.8,1,0.8406511275881108,2.279748,2.0443368,0.5199884
3857,0.9,1,0.803408707389119,1.7635808,1.5313381,1.116748
3858,0.875,1,0.7832970520120413,1.7287363,1.6032026,0.039571375
3859,0.925,1,0.806559910622867,1.847488,1.6679487,0.4636778
3860,0.85,1,0.7479861963938997,1.3033465,1.2662336,0.4283267
3861,0.95,1,0.8297927392792208,2.1853557,2.0172718,0.6003891
3862,0.85,1,0.8358635483552965,2.1321404,1.999562,0.88475907
3863,0.775,0,0.7615573695677352,1.4356441,1.6948259,0.9332255
3864,0.875,1,0.8107495242833915,1.8974352,1.7704631,0.5222808
3865,0.875,1,0.773320496672943,1.553834,1.3737833,0.09639862
3866,0.925,1,0.8298024800549255,2.1512423,1.920964,1.3760729
3867,0.875,1,0.7655512409390319,1.4356259,1.2317591,0.3343195
3868,0.775,1,0.8427900144839234,2.3131456,2.203167,0.8496611
3869,0.775,1,0.8146645969744986,1.9698017,1.7790312,0.5404917
3870,0.65,1,0.8007757623742298,1.903969,1.7155619,1.0786605
3871,0.85,1,0.8626977880753295,2.4330091,2.2790096,1.2383451
3872,0.825,1,0.8454136886553769,2.3136456,2.1520433,1.2909243
3873,0.6,1,0.7759616250391266,1.4720309,1.2655411,0.63966906
3874,0.75,1,0.8967156707216312,2.9748735,2.841005,0.24827763
3875,0.725,1,0.8439194418352978,2.2663097,2.0056372,0.85022795
3876,0.75,1,0.8352860755825486,2.119475,1.9854048,0.7987286
3877,0.775,1,0.8345089292839059,2.150692,2.0006673,1.2186341
3878,0.7,1,0.8489762194986946,2.399877,2.2573192,0.59078014
3879,0.725,0,0.7608163591400565,1.5164394,1.6510891,1.810167
3880,0.825,1,0.7966600360816023,1.7792025,1.6465213,1.1796652
3881,0.825,1,0.8244746973185454,2.106678,1.9062986,0.82773876
3882,0.75,1,0.8150154512359682,1.9393231,1.7307328,0.92210615
3883,0.925,1,0.8367673097190864,2.3115458,2.0978217,0.43375126
3884,0.75,1,0.7839821141912233,1.6894925,1.5164713,0.16383424
3885,0.7,1,0.7923982629733926,1.6901944,1.4875795,0.8591821
3886,0.95,1,0.8589761224795752,2.3919582,2.2589035,1.1353852
3887,0.75,1,0.7969103970598905,1.8443731,1.6682194,0.60252154
3888,0.975,1,0.8172154777947307,2.0537767,1.8011458,1.0065018
3889,0.85,1,0.758288211591535,1.4727489,1.2033137,0.29953513
3890,0.725,1,0.7876170876143311,1.5867493,1.3658373,1.0580373
3891,0.75,1,0.8291370630661261,2.1267781,1.8869662,1.3479443
3892,0.7,1,0.8265547344356341,2.127887,1.9522473,0.7052107
3893,0.825,1,0.8158036214122872,2.0378044,1.8585751,0.8344879
3894,0.575,0,0.6891193329619067,0.9017129,1.0743817,0.36792758
3895,0.725,1,0.8276548139053698,2.1851735,1.9638407,0.91384745
3896,0.8,1,0.7778790544898161,1.5216181,1.2837467,1.1374743
3897,0.525,1,0.7598307381361854,1.3159124,1.1371373,0.69434404
3898,0.8,1,0.86783551952528,2.5939126,2.4187627,0.8388442
3899,0.675,1,0.7664328616675178,1.4649432,1.3032019,0.52839077
3900,0.7,1,0.784809846579256,1.6493772,1.4351323,0.3313059
3901,0.7,1,0.8206102944589722,2.1813898,2.0225158,-0.11346629
3902,0.95,1,0.8469323897141253,2.3714733,2.2059205,0.96675646
3903,0.525,1,0.7879872074403712,1.7622982,1.5594065,0.8369255
3904,0.85,1,0.7840772886057296,1.6852721,1.4571022,0.83852625
3905,0.775,0,0.7483568094013131,1.3575926,1.7053316,0.6657332
3906,0.875,1,0.8305862960261063,2.1263723,1.9280919,0.76211154
3907,0.9,0,0.8326538392950296,2.3214626,2.6778033,0.75819314
3908,0.925,1,0.8404729516466027,2.2870283,2.1437714,0.69215775
3909,0.75,1,0.8096172034235808,1.8530829,1.7251799,1.1240685
3910,0.95,1,0.8436520824505195,2.2371926,2.0639305,1.0706519
3911,0.85,1,0.8379327001559598,2.1973608,2.0372887,0.8508719
3912,0.7,1,0.7692185147301465,1.3843994,1.2267747,0.78151035
3913,0.725,1,0.8151851643930288,2.0407057,1.876203,0.61399126
3914,0.825,1,0.8297844484368302,2.1306872,1.9561327,1.0268185
3915,0.875,0,0.7515344890474818,1.2915909,1.6549193,0.6336378
3916,0.8,1,0.8086683374924362,1.9143746,1.7554817,0.7710364
3917,0.75,1,0.7602179526137022,1.3975527,1.2484899,0.5721631
3918,0.65,1,0.7890322995681248,1.6519289,1.4458733,0.42051116
3919,0.925,1,0.8373051698952876,2.2750993,2.0827477,0.4501361
3920,0.7,0,0.7949873190545842,1.8296325,2.0609102,1.4524013
3921,0.85,1,0.8237014456502405,2.0561852,1.8653529,0.27981105
3922,0.85,1,0.8383728305864331,2.2492452,2.1173606,1.16865
3923,0.825,1,0.8149622865260404,1.9235492,1.7661831,0.9279883
3924,0.875,1,0.8327596812459099,2.160191,1.9403857,0.9475707
3925,0.9,1,0.7858559556138556,1.6029137,1.376929,1.4305285
3926,0.75,1,0.774445371042068,1.582353,1.4234936,0.011029631
3927,0.675,1,0.7404710574964006,1.1868198,0.9307628,1.120746
3928,0.675,1,0.7425934927503618,1.3875972,1.1247971,0.16402605
3929,0.575,1,0.7844277675360908,1.7583845,1.6513995,-0.039674312
3930,0.975,1,0.8183441643546563,2.099992,1.8964779,0.87555087
3931,0.675,1,0.7801304510669429,1.7415295,1.4729974,0.6411531
3932,0.7,0,0.6919037344987398,0.7226567,0.8786496,1.2889136
3933,0.9,1,0.8597830888877636,2.4442394,2.2565122,1.141014
3934,0.9,1,0.8109552203081725,1.930245,1.7726114,0.8037212
3935,0.875,1,0.8743186890829344,2.7469158,2.6242816,0.39658865
3936,0.875,0,0.8034018438269238,1.9515157,2.3325796,1.0069647
3937,0.95,1,0.8069276320146495,1.9513087,1.7862124,0.6315886
3938,0.875,1,0.8640575172117608,2.4980102,2.3454833,1.0031756
3939,0.9,1,0.792743385497886,1.8203721,1.6068573,0.061598033
3940,0.8,1,0.8094706539875953,1.9704993,1.7863016,0.6809623
3941,0.75,1,0.7449144676667441,1.2355039,1.0035121,0.58925974
3942,0.825,1,0.8313789569923731,2.0981126,1.9553711,1.1371522
3943,0.8,0,0.7321440938432613,1.185287,1.3890388,1.6658436
3944,0.75,0,0.7792551381655314,1.529911,1.8222902,1.1113015
3945,0.8,1,0.8172320217220796,2.0683575,1.8990873,0.47106996
3946,0.775,1,0.8516882722456169,2.3656116,2.2178574,1.1263728
3947,0.95,1,0.8412222030162093,2.2043395,2.0443993,1.0098845
3948,0.85,1,0.871881549916355,2.5821202,2.409765,0.6728326
3949,0.675,1,0.7818954944718306,1.8777518,1.7156878,0.07075021
3950,0.75,1,0.8041785324267715,1.7960317,1.5801878,0.9693291
3951,0.675,1,0.7665134896041041,1.3374667,1.0908816,0.98519933
3952,0.925,1,0.8374187019026126,2.204657,1.9690344,0.7541696
3953,0.825,1,0.8021588905538981,2.0030458,1.6703211,1.2696137
3954,0.975,1,0.8663809827808222,2.6345663,2.5509984,0.04650125
3955,0.675,1,0.8296751680505069,2.1349988,1.945934,1.330625
3956,0.775,1,0.785895049404522,1.5709264,1.4101353,0.8024367
3957,0.95,1,0.8224638270858884,2.1678257,1.9284267,0.7315643
3958,0.7,1,0.8073915229588413,1.8599503,1.6658778,0.95439065
3959,0.7,1,0.790841751376764,1.6737089,1.5092212,0.47428092
3960,0.725,1,0.7930764882392343,1.7638426,1.6141679,0.680475
3961,0.975,1,0.886597656407818,2.8840656,2.6639314,0.77678025
3962,0.7,0,0.8244276831071709,2.2347367,2.491685,0.8638717
3963,0.775,1,0.8672803449256581,2.7971337,2.548675,1.22985
3964,0.775,0,0.7915943475403693,1.7582707,2.0643861,1.1740757
3965,0.875,1,0.8198874049645279,2.041658,1.9421275,0.70162714
3966,0.85,1,0.830959087127499,2.028183,1.9071708,0.74452555
3967,0.95,1,0.8432986419483557,2.2624009,2.1397066,1.2364081
3968,0.8,1,0.7982087393327892,1.7584972,1.5298836,0.59189975
3969,0.85,1,0.7466306155640046,1.2335919,1.032614,0.80214
3970,0.925,1,0.7909866033634108,1.7413186,1.4874599,1.190352
3971,0.725,1,0.8383179456271643,2.2166657,2.0770638,0.8024101
3972,0.75,0,0.7549330862008691,1.3073442,1.5627768,1.4113786
3973,0.8,1,0.8293633951283402,2.1361077,1.9595791,0.9570142
3974,0.775,0,0.805165130939286,1.9870603,2.2343698,1.2106379
3975,0.9,1,0.8483868511369125,2.3759835,2.2233562,0.16727677
3976,0.875,1,0.8293542641268483,2.2059994,2.0372524,0.48514596
3977,0.875,0,0.7772991882438487,1.6603854,1.9626746,0.99510217
3978,0.975,1,0.8331751008596824,2.2369072,2.1493073,0.14649066
3979,0.9,0,0.7565173211918819,1.4374121,1.7332611,0.39954987
3980,0.95,1,0.8878759768458855,2.8923855,2.7838664,0.16460761
3981,0.675,1,0.7870220331472119,1.5814376,1.3783839,1.0304765
3982,0.75,1,0.7990358930512107,1.7326179,1.6111343,1.1276599
3983,0.975,1,0.845777789485161,2.3832119,2.2165394,0.65472305
3984,0.775,1,0.7416261379148752,1.1844143,1.0310124,0.3255333
3985,0.925,1,0.8228804432424474,2.0174406,1.8642056,1.2860479
3986,0.7,0,0.7052987695439497,0.9038868,1.1397538,1.1842178
3987,0.65,1,0.8161028924713681,2.0208058,1.7648647,0.84929144
3988,0.9,0,0.7883749162382027,1.8373945,2.0335088,1.0765519
3989,0.85,1,0.812909964786861,1.9481885,1.7280343,0.7327789
3990,0.825,1,0.8206380287192515,2.0713875,1.833802,0.9503517
3991,0.65,1,0.7953243951479751,1.905973,1.7961242,0.11540589
3992,0.75,0,0.7971553964052684,1.8828051,2.248328,1.1814785
3993,0.825,0,0.7307672770916166,1.2783419,1.5041916,-0.06677762
3994,0.875,1,0.7720877617708551,1.4907459,1.3535879,1.1399953
3995,0.775,1,0.8655781115445937,2.5350728,2.3404808,1.0939616
3996,0.975,1,0.8511940511658502,2.4179173,2.1795225,0.5249413
3997,0.775,1,0.8036663386675604,1.872895,1.647536,0.46995702
3998,0.925,1,0.7913343306960747,1.7407491,1.5200024,0.5474621
3999,0.9,1,0.8420033564280316,2.3247805,2.0918107,0.9721886
4000,0.875,1,0.7702192661510491,1.4194815,1.2343595,0.8341572
4001,0.9,0,0.7124379808123975,0.85183287,1.0353353,1.0267383
4002,0.725,0,0.7238465823526056,0.86311114,1.1375837,1.5350412
4003,0.95,1,0.8014626212742989,1.9036634,1.6517909,0.23327115
4004,0.925,1,0.8245826527366327,2.1134086,1.9287767,0.6397053
4005,0.525,1,0.8127060151814891,2.02033,1.8331392,0.7381569
4006,0.775,1,0.748976260479298,1.498816,1.2227372,-0.3804355
4007,0.85,1,0.8038396419528109,1.786097,1.5464574,0.9151
4008,0.725,1,0.8286011268169609,2.136076,2.0196013,0.8831477
4009,0.725,1,0.7558532637899761,1.2865772,1.0988228,0.58708024
4010,0.85,1,0.8228436030648467,2.134357,1.9331917,0.25216034
4011,0.8,0,0.7565003358918381,1.3819612,1.6770825,0.95837855
4012,0.875,1,0.8573360297749273,2.4995024,2.3814163,0.47154197
4013,0.875,1,0.8157576723911413,2.0057342,1.7532865,0.8706633
4014,0.875,1,0.841877804423198,2.2988946,2.1600504,0.60571015
4015,0.75,1,0.780924444041015,1.804697,1.4963152,0.98204076
4016,0.675,0,0.738448604989707,1.424109,1.6073853,0.6880747
4017,0.7,0,0.7168991417454045,0.90931296,1.1026103,0.91485035
4018,0.8,1,0.7879391685052815,1.7504649,1.5131696,0.3341364
4019,0.675,1,0.7918945041708518,1.7064834,1.5653095,0.9388604
4020,0.625,1,0.7818499403174979,1.5429564,1.3409349,1.2199799
4021,0.6,1,0.8225241075971457,2.114993,1.95925,-0.08728489
4022,0.7,1,0.8324701268589851,2.1484683,1.9806175,0.81129944
4023,0.85,1,0.8747413209373526,2.707159,2.5875342,0.05319032
4024,0.875,1,0.8434832716150394,2.2950711,2.126867,0.6222254
4025,0.8,1,0.773128295490704,1.4794171,1.275228,0.73031604
4026,0.675,0,0.7859127205268897,1.6973276,2.0546339,0.8396803
4027,0.875,1,0.7707498435466524,1.4561079,1.2162204,1.0933983
4028,0.825,1,0.8203917972570945,1.9337726,1.7035784,0.68717897
4029,0.7,1,0.8006562348079518,1.7328317,1.5645841,0.5866877
4030,0.95,1,0.8639698512210867,2.6157606,2.4645414,0.8992835
4031,0.675,1,0.837023689899532,2.2770073,2.0584373,0.37767664
4032,0.75,1,0.8198683670704994,2.0539036,1.8905759,0.7284169
4033,0.95,1,0.8377552178983354,2.2275653,2.1056712,1.3760029
4034,0.6,1,0.8017505777448573,1.8625776,1.6403418,0.9833101
4035,0.625,1,0.7455241163398456,1.2900176,1.0110505,0.6493546
4036,0.65,1,0.8220733304666841,2.0367212,1.8979539,1.0221664
4037,0.7,0,0.7171343292018203,0.83932656,1.1019366,1.2991072
4038,0.7,1,0.7862618175379031,1.6433679,1.4583561,0.6965227
4039,0.875,0,0.8094636143935264,2.0489902,2.4217794,0.7488661
4040,0.875,1,0.7872983436298726,1.6145939,1.3524468,1.2752812
4041,0.7,1,0.7732062683825951,1.4785445,1.2310376,0.8130032
4042,0.825,1,0.8444095399868529,2.33252,2.1933012,0.8381268
4043,0.7,1,0.7733743623108009,1.5208577,1.3739812,0.91683173
4044,0.925,1,0.843004848614719,2.3083773,2.133062,0.20869306
4045,0.9,1,0.8112793609261651,2.0107484,1.8428614,0.85707355
4046,0.775,0,0.7395940945660509,1.1472268,1.4661176,1.3262587
4047,0.75,1,0.8192621225039871,2.0038426,1.7736368,1.0904274
4048,0.575,0,0.7385576660416572,1.4172745,1.6462135,0.7577957
4049,0.825,1,0.8019516112361955,1.9651226,1.7540014,0.48462662
4050,0.8,0,0.7132981935545954,1.002858,1.2166064,1.358322
4051,0.775,1,0.7851089924558743,1.7659459,1.562511,-0.31194493
4052,0.85,0,0.7867293431712554,1.8105447,2.1420634,0.70790553
4053,0.9,1,0.8303508648751037,2.2357168,2.0347004,0.60196424
4054,0.9,1,0.8190150728024823,2.066839,1.8222375,0.9695816
4055,0.85,1,0.8341867571982725,2.1857007,1.9875507,0.14834014
4056,0.675,1,0.8843677972993429,2.8869247,2.684946,0.41674313
4057,0.95,1,0.8728752171465511,2.6234963,2.4654136,1.0824803
4058,0.75,1,0.7763380197100083,1.5094857,1.3130343,1.0176882
4059,0.875,1,0.8514749990279319,2.413122,2.1755433,1.3075278
4060,0.9,1,0.8214265016773877,2.0094757,1.8671706,1.13433
4061,0.825,1,0.792956628087915,1.7300253,1.5432141,0.9364729
4062,0.85,1,0.8353807600859906,2.2000284,1.9672141,1.2981255
4063,0.85,1,0.85623205070689,2.4309092,2.1952963,1.0567423
4064,0.8,1,0.749717623518514,1.292629,1.1160631,0.21632901
4065,0.9,0,0.7494580044047578,1.3772004,1.7126145,0.5884359
4066,0.6,1,0.7687478795670799,1.5333318,1.2930762,0.17940131
4067,0.725,1,0.8212465197841072,2.040126,1.8467739,0.87142575
4068,0.725,0,0.7490003837721515,1.3601348,1.6378071,0.677117
4069,0.975,1,0.8007540676993106,1.8470477,1.6582022,0.69275343
4070,0.675,1,0.783454704367361,1.5844393,1.4188092,0.6740651
4071,0.875,1,0.8516566324940339,2.4429126,2.3879635,0.25952134
4072,0.75,1,0.8374891569034253,2.2368762,2.0214133,0.92968905
4073,0.775,1,0.8248234412512475,2.0897298,1.9829534,0.57835066
4074,0.75,1,0.8178602622945392,2.0603297,1.8892624,0.48891512
4075,0.8,1,0.76848274889842,1.5753667,1.2893277,0.9313773
4076,0.75,1,0.8060701002666179,1.842559,1.6358757,1.2470038
4077,0.825,1,0.8213808296857816,1.9862038,1.8438324,0.6242887
4078,0.8,1,0.8541014675308511,2.5266285,2.334847,0.6477951
4079,0.9,1,0.8201861015937572,2.0079105,1.7588835,1.2842264
4080,0.825,1,0.7948577531275857,1.7804346,1.5641942,0.15952983
4081,0.625,0,0.7319613331962027,1.0189501,1.2766868,0.8183595
4082,0.775,1,0.8400532104195965,2.29115,2.1326764,0.81709564
4083,0.85,1,0.7483505742141943,1.3918595,1.0655556,0.7724693
4084,0.925,1,0.8545664842658383,2.4151654,2.2819467,1.1234858
4085,0.95,1,0.8381548897826924,2.2515545,2.1170778,0.7357696
4086,0.725,1,0.80386587817301,1.9487742,1.6787858,0.6334716
4087,0.725,0,0.7588387852689087,1.5723522,1.960458,0.84027994
4088,0.775,1,0.8523528158049382,2.4365978,2.314711,0.6830741
4089,0.95,1,0.8111455641575424,1.9389133,1.7206287,0.7508824
4090,0.85,1,0.8139336168818869,2.1247692,1.8955456,0.93459976
4091,0.9,0,0.8116547835138017,2.082176,2.4372714,0.9433211
4092,0.85,1,0.8545415641450945,2.446405,2.341691,0.4681321
4093,0.875,1,0.8550628648643713,2.4333472,2.2802722,0.80090165
4094,0.775,1,0.8128200281584894,1.8561583,1.6990111,0.96799195
4095,0.85,1,0.8427855169692999,2.3175838,2.1581552,0.9848716
4096,0.875,1,0.8126444481007875,1.9236143,1.6839814,1.2918739
4097,0.75,0,0.6741896315988346,0.52858186,0.950834,0.2652522
4098,0.775,1,0.7970598736771565,1.9719611,1.7427702,0.5678581
4099,0.95,1,0.8192815040978302,2.104362,1.885898,0.6282022
4100,0.7,0,0.721670532943909,0.9400383,1.2647502,1.380899
4101,0.875,0,0.791167326143652,1.8056186,2.1410494,0.9014572
4102,0.95,1,0.8246920402608175,2.1409762,1.9236057,0.57377493
4103,0.9,1,0.8740475380721788,2.7096453,2.592976,0.6596228
4104,0.9,1,0.8887942369700015,2.8999896,2.7282457,0.91869414
4105,0.875,1,0.8265577615710524,2.1283977,1.9065719,1.2653749
4106,0.9,1,0.7567787285151742,1.4043468,1.1299697,1.0428721
4107,1.0,1,0.8400909352713817,2.2637825,2.0790493,1.1283278
4108,0.775,0,0.7189408479250535,1.075228,1.2258437,1.2858676
4109,0.625,1,0.8393139610242581,2.4126863,2.1671453,0.24875948
4110,0.85,1,0.8422100222377144,2.2881124,2.1484685,0.6208216
4111,0.9,0,0.7873898042525102,1.7128758,1.9833918,1.4872336
4112,0.875,1,0.8812947128941193,2.708033,2.5523777,1.060424
4113,0.9,1,0.8149508402353546,1.9718508,1.800955,0.5049902
4114,0.8,1,0.7892880273576337,1.6489263,1.4055362,0.66172945
4115,0.8,1,0.8333192730478395,2.1047964,1.9914463,0.75923383
4116,0.725,1,0.8111441400779087,2.0061479,1.7838707,0.537362
4117,0.975,1,0.8614842220533195,2.5593686,2.4826927,0.31334695
4118,0.975,1,0.8426403503911846,2.3551633,2.2094638,0.79166365
4119,0.85,0,0.8476448345611749,2.4955463,2.8688254,0.7064434
4120,0.925,1,0.8401000761077397,2.213636,2.0403361,1.0872284
4121,0.875,0,0.7071327596283673,0.8160404,1.1307657,0.85080516
4122,0.975,1,0.8730211276992557,2.7091527,2.6245718,0.5095898
4123,0.775,0,0.7159401983028757,0.98204154,1.118099,1.4905382
4124,0.725,1,0.8158616504734987,2.0368023,1.795743,0.76844645
4125,0.875,1,0.7798474522275738,1.6374735,1.4684062,0.4972125
4126,0.8,1,0.8032398395657571,1.7917361,1.5699749,1.1687222
4127,0.825,1,0.8408342759340643,2.2924867,2.147489,0.8510859
4128,0.65,1,0.7717015167969259,1.5835238,1.2704657,0.9047246
4129,0.675,0,0.7555093718381614,1.3096788,1.614392,1.2050269
4130,0.65,1,0.807905700676612,1.9161344,1.7923868,0.6250956
4131,0.725,0,0.7606381861650967,1.4103112,1.6880317,1.3746669
4132,0.775,0,0.7551740686860615,1.4625993,1.6106892,0.9907042
4133,0.875,1,0.7787756876142923,1.6640618,1.5157573,0.12525216
4134,0.775,1,0.7946544095198045,1.9250691,1.655021,0.8925241
4135,0.925,1,0.8469285766666699,2.3807225,2.2713976,0.1584352
4136,0.675,1,0.7866535801703343,1.6939331,1.497765,0.9797318
4137,0.875,1,0.8384073342252596,2.2556434,2.0771437,1.1076822
4138,0.975,1,0.881359239985062,2.6883597,2.4945729,1.4283942
4139,0.5,0,0.7252171467742192,1.0676435,1.371562,0.3734323
4140,0.8,1,0.7792614035300367,1.5216625,1.2575235,1.317595
4141,0.9,1,0.8276155727878336,2.2230625,2.034369,0.21619442
4142,0.875,1,0.8462407313472782,2.340035,2.247575,0.48956284
4143,0.9,1,0.8076765164382309,1.8205891,1.6439253,0.24051872
4144,0.825,1,0.7905723631743469,1.8597144,1.5520933,0.841205
4145,0.8,0,0.6998563096554006,0.9377627,1.0822569,0.7848551
4146,0.975,1,0.8675674296735683,2.6130962,2.4878218,0.5120765
4147,0.725,1,0.7788905511585633,1.7854184,1.5324606,0.068015784
4148,0.725,1,0.8166726001777502,1.9475222,1.6528482,1.2000893
4149,0.9,1,0.8638682541523429,2.5709944,2.4099627,0.8941606
4150,0.85,1,0.7733759584016715,1.4846443,1.2895212,0.9731407
4151,0.725,1,0.8204703608778201,2.0165365,1.8243783,1.0075097
4152,0.925,1,0.838835049559737,2.3243651,2.136148,0.7798917
4153,1.0,1,0.8486422122293067,2.3319156,2.1589873,1.395061
4154,0.875,1,0.8485111683886966,2.326257,2.0587945,0.87910354
4155,0.875,1,0.8361446468302988,2.2155077,1.9461843,1.1216167
4156,0.85,1,0.796934958492319,1.8787479,1.6777562,0.4228746
4157,0.875,1,0.8593048432082186,2.4650269,2.2950864,1.3017983
4158,0.6,1,0.8262345311694126,2.0843263,1.836504,1.204176
4159,0.925,1,0.8328773250403205,2.1986203,2.0303798,0.3756291
