test_index,y_true,sa,raw_lr,raw_unweight,raw_weighted,raw_single_encoder
0,0.65,1,0.8395321734675458,2.430091,2.2332954,0.51961905
1,0.75,0,0.7473165642325517,1.5575666,1.7716382,1.2999077
2,0.9,1,0.8559576589133399,2.5944037,2.4458575,1.3373222
3,0.9,0,0.8176495347327237,2.281395,2.5356324,1.6948466
4,0.875,1,0.7984408183453099,1.9631437,1.7205677,0.36845267
5,0.85,1,0.8812366698937758,2.9248953,2.7799728,0.5959559
6,0.475,1,0.763063868767998,1.6597431,1.361563,-0.07510579
7,0.65,1,0.753694253611017,1.5719212,1.3106667,-1.8328278
8,0.9,1,0.8757273768385911,2.8636575,2.685065,0.5583282
9,0.775,1,0.7983833940177416,1.9645886,1.7437246,0.599083
10,0.9,1,0.8243903821879986,2.2357202,2.0397334,1.70544
11,0.925,1,0.7562182061404379,1.6429685,1.3855588,-0.19005293
12,0.75,1,0.7411097980252598,1.3162522,1.0882986,-1.0287291
13,0.75,1,0.8058287838146917,2.048629,1.8516212,0.03612101
14,0.9,1,0.8114002952439223,2.1392255,1.9220738,-0.29997003
15,0.75,0,0.724013473253784,1.2861431,1.4124157,2.1905723
16,0.75,1,0.7991402058400323,1.9263949,1.7742397,1.5169206
17,0.85,1,0.8538688765086069,2.5810525,2.4191756,1.0918417
18,0.8,1,0.8621814145872653,2.6868725,2.5460687,1.6913729
19,0.925,1,0.819844990751041,2.1700678,2.021393,1.032269
20,0.65,1,0.8330908159446041,2.3542988,2.1287367,0.85257775
21,0.875,1,0.8838124305649495,2.9324975,2.7839413,1.4386806
22,0.65,1,0.808265779603875,2.0713825,1.9106487,0.27180248
23,0.625,1,0.7492785746563717,1.528688,1.2382069,-0.6449176
24,0.7,1,0.8188431916479799,2.183623,2.0270443,0.6039248
25,0.925,1,0.8543028869154181,2.5869281,2.4470992,0.71866995
26,0.8,1,0.7977421027356418,1.9567871,1.7542822,-0.03552097
27,0.975,1,0.812786931857497,2.134993,1.9429777,-0.33439386
28,0.95,1,0.8617178805310551,2.6826224,2.5184708,1.0868015
29,0.9,1,0.7619899828895762,1.5655782,1.3153499,-0.45647156
30,0.8,1,0.7586239590521,1.471543,1.2672199,0.3634616
31,0.775,1,0.7916613253714307,1.8814943,1.6549902,0.32989466
32,0.875,1,0.7460261773487917,1.3454595,1.1077766,-0.13976109
33,0.775,1,0.7490826336470404,1.5137017,1.1959105,-0.69264185
34,0.8,1,0.8692846449706433,2.7215962,2.5999649,1.7853856
35,0.8,0,0.7200655717097536,1.2296721,1.326222,-1.4234577
36,0.775,1,0.8183081089188853,2.2056382,1.9620528,0.35126078
37,0.825,1,0.870190987634677,2.7598083,2.6287036,1.4488978
38,0.9,1,0.8017409503604775,2.0037441,1.7803311,1.0698693
39,0.775,1,0.783272755293235,1.7532837,1.553094,1.0504956
40,0.9,1,0.783358930529379,1.8361875,1.5812154,-0.3323781
41,0.925,1,0.8271335640971698,2.3082404,2.0674143,0.42620665
42,0.775,1,0.7931019705917796,1.8941367,1.692885,1.0158086
43,0.75,1,0.7566534108563432,1.555944,1.3149507,0.05007279
44,0.875,1,0.7665002791520609,1.665905,1.4569587,0.4636379
45,0.8,1,0.8503581791978869,2.5352335,2.3961806,0.7979041
46,0.8,1,0.7947264526911697,1.9422792,1.7113631,-0.069161534
47,0.825,1,0.8325473528602272,2.3435168,2.1539676,1.5068123
48,0.875,1,0.8040058989650565,1.99263,1.7850509,1.6429405
49,0.825,1,0.8233989008120115,2.2699733,2.0531588,-0.40973413
50,0.875,1,0.8315672207636988,2.3710432,2.1758683,-0.7828974
51,0.8,1,0.7888390863690211,1.8024676,1.6404918,1.037004
52,0.675,1,0.8128807323130454,2.1190882,1.9046731,0.6159535
53,0.575,1,0.7435199223866746,1.4328353,1.1705606,-0.5325366
54,0.9,0,0.7507245686410389,1.6316528,1.7655156,1.9555154
55,0.775,1,0.779946021713951,1.7442842,1.5074008,0.5567089
56,0.9,1,0.8348766129087608,2.377477,2.1425781,1.4672918
57,0.85,1,0.7880240057835548,1.8364359,1.63907,0.27211106
58,0.725,1,0.7939979940695249,1.9126897,1.6809886,0.26869357
59,0.75,1,0.8210878068379749,2.2059758,2.0715408,1.3081958
60,0.85,1,0.8367341906355449,2.41168,2.1847641,1.3084116
61,0.75,1,0.8664725729270226,2.7225688,2.6080084,0.9318128
62,0.825,1,0.8411127152362233,2.4443762,2.280878,1.4541252
63,0.775,1,0.8020897778919761,2.0334814,1.7904582,-0.083592534
64,0.775,1,0.8530536598720748,2.5559187,2.340022,1.5987327
65,0.9,1,0.8472819106266225,2.520305,2.36805,0.44914442
66,0.875,1,0.8493341655728548,2.5554533,2.3495853,0.5070463
67,0.975,1,0.8348737109968188,2.3904414,2.1549606,1.3092813
68,0.775,1,0.8369183192640963,2.369337,2.2430463,1.1527605
69,0.725,0,0.7529116898958603,1.5143499,1.7601945,2.2707705
70,0.625,1,0.7701989151314836,1.6756871,1.412082,-0.6565088
71,0.925,1,0.8932100330160841,3.0667384,2.922073,0.3571015
72,0.775,1,0.8061640267512069,2.0460587,1.884742,1.0303581
73,0.95,1,0.7636195876933465,1.6308979,1.3377292,-1.1101832
74,0.675,1,0.8151692324136417,2.193587,1.9617546,-0.13352501
75,0.85,1,0.8104948431827989,2.1299257,1.9148202,-0.6571001
76,0.975,1,0.8576662095036255,2.6160526,2.4869504,0.9513789
77,0.775,1,0.8266088785233825,2.2603729,2.1119046,0.9639512
78,0.85,1,0.8187137591876815,2.2074244,1.9679711,0.38877165
79,0.875,1,0.8126330992016664,2.0781739,1.9511319,1.716594
80,0.85,1,0.8283898786659785,2.2829578,2.1532168,1.550034
81,1.0,1,0.8929430552689984,3.005118,2.9213145,1.2553782
82,0.775,0,0.7060562186984277,1.07758,1.2193818,1.0159979
83,0.825,1,0.7369387698605858,1.3471216,1.123997,-0.65823907
84,0.95,1,0.809988453253196,2.0977068,1.8863868,1.0546639
85,0.85,1,0.8219401798137355,2.2470999,2.0254047,0.98689705
86,0.85,1,0.8210367623059407,2.2277784,1.9992273,0.23499167
87,0.875,1,0.808617817954286,2.0874891,1.8958535,0.7138427
88,0.8,1,0.7813873733316017,1.7591463,1.5412998,-0.05885923
89,0.75,1,0.8187146266193035,2.1734602,2.0017874,0.87204844
90,0.875,1,0.8348363813637439,2.3672564,2.2144852,0.82754236
91,0.875,0,0.8451096641907454,2.6244566,2.8417497,2.5199854
92,0.775,1,0.8206550224461908,2.2011845,2.070032,1.2886145
93,0.775,1,0.8166728436940458,2.2087326,1.9599375,-0.03353727
94,0.75,1,0.8213879732705742,2.2978797,2.0789218,1.0922613
95,0.825,1,0.817559155692168,2.1680756,1.9959886,0.644815
96,0.9,1,0.8467324651666307,2.5144157,2.3685253,0.42387062
97,0.5,1,0.8090290944622002,2.0974035,1.8996959,-0.16626012
98,0.775,1,0.8417142042344974,2.5085223,2.3560417,2.374048
99,0.75,1,0.7995231490199552,1.9457514,1.756921,1.1201334
100,0.95,1,0.8435241941070059,2.4710655,2.3106554,1.5182581
101,0.725,1,0.8524822092402216,2.5625765,2.411073,1.0982132
102,0.775,1,0.7930075099897212,1.8752139,1.6786425,0.6327749
103,0.85,1,0.8600066707652599,2.6878753,2.5152981,1.2838323
104,0.95,1,0.8087585021678003,2.0793562,1.8959066,1.0385807
105,0.9,1,0.8207485092952107,2.2224753,2.0375266,0.17825043
106,0.975,1,0.7873307412344879,1.8351736,1.6302769,-0.5087956
107,0.85,1,0.8424159492618817,2.4758928,2.317934,1.2307181
108,0.875,1,0.8600014807543888,2.6464634,2.487648,1.3036904
109,0.775,1,0.8123796251262168,2.0841331,1.960619,0.997191
110,0.85,1,0.8424619522526829,2.438407,2.3047802,1.1295328
111,0.75,1,0.8197933425645765,2.2501783,2.0063396,-0.120328784
112,0.95,1,0.8507335716964208,2.5608642,2.414666,0.4626351
113,1.0,1,0.8203704469131418,2.209246,2.0101008,0.26493657
114,0.925,1,0.8518113063081306,2.6020794,2.401256,0.18615013
115,0.925,1,0.8128129251025942,2.0936532,1.9409188,0.9646464
116,0.625,1,0.8292904516779794,2.3270695,2.1026106,0.546279
117,0.85,1,0.8472490427759679,2.4906101,2.3630323,0.92588
118,0.875,1,0.8370630919403038,2.4134288,2.184234,1.3705223
119,0.95,1,0.8405813985681433,2.4625154,2.2420657,0.25100243
120,0.75,1,0.7771657719285918,1.6802635,1.4811616,1.3382347
121,0.9,1,0.8496595324401295,2.541863,2.3743474,1.6110721
122,0.875,1,0.8182631434328158,2.1482882,2.0275211,0.7067619
123,0.775,1,0.8333434390233433,2.3714387,2.1355293,1.3232422
124,0.75,1,0.8406432070385036,2.442039,2.2844195,0.7441035
125,0.925,1,0.8673071310360965,2.7518594,2.6153588,0.67237574
126,0.925,1,0.8160180455666648,2.1416306,1.9524691,0.8879848
127,0.825,0,0.7757895911428125,1.8092341,2.0041323,1.88101
128,0.775,1,0.8182721529531942,2.1992898,1.967711,0.44920355
129,0.725,1,0.7968426440143496,1.9733734,1.7248107,-0.14254868
130,0.9,1,0.8546268228425382,2.5941331,2.4355383,1.1327682
131,0.65,1,0.7739864234379036,1.6702592,1.4203392,0.5128961
132,0.85,1,0.8594739419599738,2.628815,2.490577,2.1151638
133,0.7,1,0.8197375726754943,2.1800845,1.9649081,1.0787458
134,0.85,1,0.8192474335332177,2.2055702,1.9998975,1.1520624
135,0.775,1,0.7930534956908374,1.8940343,1.6789699,0.3983251
136,0.825,1,0.8661241325684603,2.7380967,2.5979447,0.6683441
137,0.6,1,0.7964047787105896,1.9738424,1.7827601,1.539299
138,0.775,1,0.8240741606502469,2.265604,2.040233,0.5088778
139,0.675,1,0.7831717364795233,1.8126277,1.5724543,0.09600788
140,0.6,1,0.7538785986640386,1.4337963,1.2606254,-0.29096454
141,0.925,1,0.8736263339552639,2.818685,2.6182773,2.0316477
142,0.7,0,0.7448633033213494,1.537554,1.6885624,1.3276777
143,0.95,1,0.7890765026887037,1.8350673,1.6036787,0.4190699
144,0.95,1,0.8472368090048054,2.5037484,2.3135107,1.8843315
145,0.775,1,0.8601247340750415,2.6774762,2.5406773,0.40022093
146,0.675,0,0.728740879064775,1.3833754,1.4908698,1.2841761
147,0.7,0,0.7558837754207544,1.5698692,1.7653644,1.1554708
148,1.0,1,0.8671101445498999,2.7575374,2.5960922,0.5435992
149,0.875,1,0.7966292162308256,1.9959453,1.8365561,0.8462439
150,0.825,1,0.8071316400777285,2.0421848,1.8974187,0.5708657
151,0.95,1,0.7672279948961611,1.6513133,1.4128423,1.7223277
152,0.525,1,0.6972835077952784,1.0074707,0.6490619,-0.6567966
153,0.95,1,0.8131704274689457,2.1306136,1.914299,1.1975276
154,0.675,1,0.8574352075060607,2.644147,2.4863267,0.46531874
155,0.65,1,0.7785965981342939,1.8157592,1.5870068,0.8052564
156,0.875,1,0.8162980177325744,2.1754725,1.9953885,-0.31596458
157,1.0,1,0.8095324036157462,2.068616,1.848207,1.4743879
158,0.85,1,0.7452668813316337,1.4633087,1.1892707,-0.8680839
159,0.925,1,0.8580334216817864,2.5850525,2.4732375,2.5231893
160,0.65,1,0.757148108772806,1.4937627,1.2669923,0.08839214
161,0.65,1,0.7548186503077937,1.4416319,1.2648189,-0.042591214
162,0.725,1,0.8151936332898171,2.1842568,1.9257616,0.6609741
163,0.925,0,0.8313544310933078,2.4454913,2.6608303,2.1343594
164,0.675,1,0.7471624559224344,1.4873416,1.1917949,-0.28431857
165,0.75,1,0.781801838009716,1.7619338,1.5633881,0.26779568
166,0.65,1,0.7516802789353072,1.435822,1.1865792,-0.3591751
167,0.825,1,0.8164086473214482,2.1728845,1.9273341,0.5631338
168,0.825,1,0.7307569475345769,1.2978104,0.9806782,-0.15162802
169,1.0,1,0.8349384621501383,2.3424525,2.1609442,2.0128775
170,0.8,1,0.8459156718557274,2.4712882,2.32443,1.6774871
171,0.825,1,0.7968569026993493,1.8963063,1.7816741,0.84177166
172,0.875,1,0.8297223065970405,2.3078408,2.1337652,1.4532137
173,0.825,1,0.8123287288563177,2.1400654,1.9175687,0.14807856
174,0.9,1,0.829884039432977,2.2977304,2.188473,0.16980606
175,0.8,1,0.8226762743000477,2.24198,2.0648367,0.07340866
176,0.75,0,0.732583660065851,1.3824067,1.5860775,1.5119767
177,0.775,1,0.8300145486955162,2.306123,2.1867108,0.81343657
178,0.925,1,0.7405206019521514,1.3457906,1.0947746,0.43039137
179,0.775,1,0.7903337140742228,1.8430579,1.6177025,1.0034857
180,0.875,1,0.8170128906524434,2.1811643,1.94979,-0.04448402
181,0.9,1,0.7893983153675386,1.858403,1.6113133,0.9166828
182,0.85,1,0.8450937948320731,2.4540467,2.3191266,2.0134041
183,0.675,1,0.7478348399452335,1.4637873,1.1974885,0.4229976
184,0.85,1,0.7424256554602872,1.327132,1.0637679,-0.63816345
185,0.625,0,0.6826125409064837,0.83791405,0.9604125,0.7917152
186,0.75,1,0.7740483600224759,1.6623152,1.4533061,0.92670804
187,0.725,1,0.8116828100889286,2.1238277,1.8902053,0.3491503
188,0.925,0,0.8160492385576944,2.2858472,2.537509,0.96927124
189,0.8,1,0.7751809746852101,1.7043685,1.4297144,0.4616056
190,0.85,1,0.7442023957209816,1.5004799,1.2247151,0.05651152
191,0.725,1,0.8047630870240556,2.0206468,1.8078644,1.2409613
192,0.95,1,0.8257307407719189,2.2669191,2.0415728,0.35363066
193,0.875,1,0.811144594594524,2.09086,1.8724279,1.4097273
194,0.925,0,0.7890936951873128,2.0693324,2.2681592,0.97181946
195,0.875,1,0.8122637443486982,2.1332164,1.9302523,-0.5286437
196,0.925,1,0.8344429388196957,2.361014,2.17952,1.6022959
197,0.875,1,0.7688814382056988,1.6683487,1.499849,0.5462313
198,0.75,1,0.8330197006108369,2.3515,2.1847436,0.7173677
199,0.6,1,0.7669803433734923,1.6426477,1.4458406,0.7101489
200,0.825,1,0.8350716514904591,2.3693306,2.216342,0.8475247
201,0.8,1,0.783350504845777,1.8063545,1.5752466,-0.107961535
202,0.875,1,0.7822306990465667,1.8501747,1.6361208,0.099710524
203,0.675,1,0.8002352016876164,1.9860394,1.7793602,-0.045036197
204,0.675,1,0.8350846982045826,2.3714795,2.2163007,1.4337735
205,0.75,1,0.8273542595997134,2.2764049,2.0777016,0.96889645
206,0.85,1,0.827693093826172,2.3156931,2.0655236,1.084125
207,0.925,1,0.8200362719027996,2.2369459,2.0371404,-0.17700326
208,0.8,1,0.8055563050126193,2.0227938,1.8714709,0.5967465
209,0.65,1,0.8127890227726067,2.1354287,1.9165201,0.35571158
210,0.825,1,0.8206267179152313,2.2121768,2.053217,0.5817645
211,0.85,1,0.7993474037600201,1.9768009,1.7476318,-0.7936057
212,0.95,1,0.8198109658908412,2.2385557,1.9735627,0.8235169
213,0.9,1,0.8455656519132211,2.4769435,2.3220282,1.7997072
214,0.8,1,0.816370870337003,2.151781,1.9672571,0.7156716
215,0.8,1,0.829729587899764,2.3013587,2.10288,1.683785
216,0.775,1,0.7893532610531427,1.8823779,1.6415305,-0.16043794
217,0.975,0,0.7627849080224255,1.6791404,1.8778145,0.3930155
218,0.75,1,0.824773383677049,2.2707038,2.0581198,1.2014213
219,0.85,1,0.7826374266961558,1.7486597,1.5542352,0.63794094
220,0.85,1,0.7701768277456564,1.746397,1.487999,-0.9241275
221,0.875,1,0.7932246888553685,1.9099882,1.716577,0.5233982
222,0.875,1,0.8038790872985362,2.0191412,1.8282106,0.20233756
223,1.0,1,0.8425302578914124,2.4496608,2.2963293,1.7168102
224,0.775,0,0.7655986325620696,1.6851015,1.8640163,1.5737889
225,0.775,1,0.8469850290830656,2.509704,2.3569503,1.5687494
226,0.8,1,0.768872315129686,1.6074787,1.4193125,-0.1250614
227,0.925,1,0.8649592850714696,2.6987512,2.5585322,2.0587373
228,0.9,1,0.847907327812885,2.556161,2.397659,-0.350223
229,0.775,1,0.8328815499642447,2.3945155,2.1710947,-0.17476213
230,0.725,1,0.8440461347213513,2.4768987,2.2714932,0.717145
231,0.9,1,0.8185057880964106,2.1677432,1.9689207,1.323143
232,0.975,1,0.8414349103285498,2.444464,2.2932644,0.88754374
233,0.65,0,0.7992450809874911,2.0955865,2.3208323,2.0162406
234,0.675,1,0.8145221537504785,2.145639,1.9781477,0.3133083
235,0.8,1,0.8021467975340835,2.0134585,1.7736399,-0.07844961
236,0.775,1,0.7132842843086534,1.1064734,0.81556165,-0.78589004
237,0.85,1,0.7908847544653808,1.880986,1.6549183,0.13509095
238,0.95,1,0.8384314239170486,2.433327,2.2295084,-0.031607985
239,0.85,1,0.8312609275278846,2.2911928,2.1821456,0.24496585
240,0.925,1,0.8582365635696328,2.6160269,2.4992502,1.4045444
241,0.9,1,0.8343248143681318,2.3344793,2.2163615,1.851222
242,0.725,1,0.8111210433632974,2.11028,1.9070139,0.42093194
243,0.725,1,0.7902634156587787,1.9359102,1.703244,1.5911598
244,0.8,1,0.8148451933387735,2.1072018,1.9928458,1.0152812
245,0.9,0,0.8066248708472565,2.1682746,2.421752,2.3089888
246,0.9,1,0.8546454703989985,2.6108012,2.4439986,1.4306307
247,0.875,1,0.8143869409888846,2.168045,1.9313185,0.8654514
248,0.825,1,0.7309385278636538,1.2500128,0.99763775,-1.3047564
249,1.0,1,0.8785951930785428,2.8860097,2.705337,1.7852006
250,0.9,1,0.8126575251899704,2.143953,1.9494941,-0.23266494
251,0.775,1,0.8509321923001467,2.5541508,2.4188697,0.97487456
252,0.875,1,0.8174602669476041,2.1883876,2.0406268,-0.5209889
253,0.675,1,0.7003290768077215,1.0008125,0.72080123,-0.194404
254,0.925,1,0.8082282981020352,2.1123643,1.863188,-0.9249424
255,0.95,1,0.8075334142659452,2.1193752,1.9144485,0.908577
256,0.875,1,0.8368472999293465,2.3621416,2.1680465,1.16926
257,0.65,1,0.8050616782426981,2.0586152,1.8281398,-0.6332444
258,1.0,1,0.8636071794934952,2.729491,2.4895284,1.2074499
259,0.875,1,0.8495090596260326,2.546316,2.4011226,0.4537168
260,0.6,0,0.7164587936366971,1.1119797,1.3038323,1.6778183
261,0.85,1,0.810871224164383,2.0632157,1.9206015,0.9762278
262,0.825,1,0.8297779375690548,2.311397,2.1283798,0.78282887
263,0.975,0,0.7992176622269884,2.0979996,2.3029163,1.0380182
264,0.85,1,0.7951233714201698,1.9174374,1.6935141,1.0826564
265,0.875,1,0.8073268167797719,2.0488284,1.8615754,0.72255903
266,0.8,1,0.8246832372369521,2.2828367,2.1029248,0.16076285
267,0.9,1,0.8482068450531652,2.5079563,2.358496,1.167459
268,0.975,1,0.838952116049713,2.3940427,2.23587,1.2219105
269,0.925,1,0.8270099698296252,2.30198,2.0715497,0.18899167
270,0.85,1,0.8478389120990415,2.5179977,2.3568218,1.0006714
271,0.675,1,0.7783899229465407,1.726191,1.5292511,0.13514102
272,0.775,1,0.8172197386408241,2.201321,1.9714127,0.75408274
273,0.9,1,0.8668590849826894,2.7510319,2.6106393,0.57677275
274,0.775,1,0.8221736707740908,2.1903849,2.065067,1.1592665
275,0.675,1,0.7899751673578588,1.8619652,1.6669605,0.39753014
276,0.825,1,0.8643918554968715,2.6966662,2.5474339,1.3205223
277,0.575,1,0.8032780214211375,2.1452646,1.8554063,-0.15187067
278,0.925,0,0.7029256071222811,1.1721498,1.2400025,0.28113997
279,0.75,1,0.8089877239176281,2.021959,1.9068074,1.631721
280,0.775,1,0.813898095924473,2.183088,1.9381435,-0.66085064
281,0.65,1,0.7474058916049006,1.4344351,1.1812214,0.6396833
282,0.8,0,0.7969988991789705,2.0621784,2.291959,0.8922582
283,0.95,1,0.8772244528777714,2.860573,2.6905081,1.8333285
284,0.9,0,0.7761207543286273,1.739356,2.0225315,2.5356708
285,0.95,1,0.8365010312399969,2.3822308,2.2112079,1.6253624
286,0.85,1,0.8897512498163396,2.9889834,2.877275,1.5808916
287,0.625,1,0.861802272749572,2.6655834,2.5422096,1.2685428
288,0.85,1,0.8148366792461087,2.1538458,1.9496013,0.1893912
289,0.975,1,0.8622376396277925,2.6868007,2.5210454,1.7647619
290,0.75,1,0.8557364214210537,2.6263657,2.467103,1.3611703
291,0.825,1,0.8725897414203286,2.7949176,2.6968632,0.60843855
292,0.875,1,0.7848505839756728,1.7902707,1.5428076,1.0713603
293,0.8,1,0.8017971708554927,1.9772453,1.8073944,0.39148146
294,0.8,1,0.8453287177276838,2.4988768,2.3426418,1.4941278
295,0.975,1,0.8685758104511139,2.773177,2.6357625,0.22341353
296,0.875,1,0.8018328463576051,2.0019574,1.7778516,0.37569487
297,0.825,1,0.7916084060623368,1.8525236,1.6455822,1.416163
298,0.575,0,0.7604428055967634,1.6882052,1.9142418,2.793755
299,0.95,1,0.8627681125519382,2.6774507,2.553651,0.9442082
300,0.95,1,0.8577864455665452,2.5908477,2.486271,2.431168
301,0.9,0,0.8052678649628688,2.1897259,2.367409,0.8494945
302,0.7,1,0.8358634284727527,2.4060624,2.1824813,1.2063806
303,0.8,1,0.8327634956280032,2.340249,2.1840057,0.875763
304,0.85,1,0.8183951845464232,2.1889772,1.9474905,0.47595292
305,0.75,1,0.8324380917820438,2.3662841,2.1762755,0.4157961
306,0.7,0,0.7740829782201692,1.774349,2.0114276,1.6963339
307,0.8,1,0.8133814481091742,2.134532,1.8944514,0.4655171
308,0.775,0,0.8261731399289579,2.3932571,2.6719232,1.8871787
309,0.725,1,0.8001073271453305,1.9706239,1.7739146,1.1901412
310,0.625,1,0.7900073377153617,1.8268743,1.7569953,-0.03255409
311,0.9,1,0.863145213484297,2.677199,2.5374188,1.4072037
312,0.775,1,0.8284500999560587,2.3259556,2.1181815,0.0050569773
313,0.6,0,0.7329558078789571,1.3220329,1.490782,1.3059182
314,0.8,1,0.8143900735980263,2.1454043,1.9464499,1.161469
315,0.925,1,0.8824130402576076,2.9100463,2.7836928,1.0826406
316,0.8,1,0.7989482384102887,1.9614153,1.7382166,1.1375084
317,0.875,1,0.8537017652304699,2.6227999,2.420832,0.35059363
318,0.575,1,0.8047350784447014,2.054252,1.8071084,0.061430097
319,0.825,0,0.80763300170812,2.1172378,2.3752918,3.0160341
320,0.85,1,0.7754548590137206,1.7291795,1.4928067,-0.942732
321,0.875,1,0.785231732939331,1.8557837,1.6254654,1.8838196
322,0.925,1,0.805205854101202,2.0086503,1.8222904,1.5598319
323,0.75,1,0.8010458843370876,2.0264418,1.7714045,0.35009348
324,0.75,0,0.700772857782741,1.0119053,1.1340511,0.45158845
325,0.925,1,0.8523983051044308,2.5801358,2.4226842,0.40536457
326,0.875,1,0.784085665136939,1.8025211,1.5432954,0.117222905
327,0.725,1,0.8182613986494738,2.1679628,1.9532945,1.294189
328,0.775,1,0.8363084682158273,2.449129,2.1958625,-0.059489608
329,0.85,1,0.7867904999269273,1.845084,1.6063981,0.6143251
330,0.925,1,0.7712698611225834,1.7248517,1.5024565,0.35769612
331,0.8,0,0.7259228428449963,1.3083626,1.4515231,2.178632
332,0.875,1,0.8496577939114169,2.5437417,2.352642,0.69458395
333,0.825,1,0.845936807702242,2.49381,2.3556318,0.53301054
334,0.7,1,0.8212741255321474,2.2453609,1.992415,0.9185911
335,0.95,1,0.8202482227027066,2.171389,1.9960957,1.961483
336,0.85,1,0.8563662402626351,2.6167686,2.4718585,1.6976185
337,0.8,1,0.78381421784909,1.9054993,1.6591282,-0.8212604
338,0.725,1,0.822291065064965,2.2457843,1.9861665,0.8641947
339,0.925,1,0.8558972032617131,2.592604,2.4333901,1.0932407
340,0.925,1,0.8126672771781331,2.1368418,1.9348971,-0.07138288
341,0.675,1,0.8081577355303948,2.0226743,1.8596609,1.867213
342,1.0,1,0.8508630812581011,2.6061482,2.3809578,-0.026799321
343,0.65,1,0.7803007913279324,1.7713078,1.5207512,-0.22126758
344,0.8,0,0.7582102514542088,1.6306224,1.7815995,0.66608006
345,0.9,1,0.7972724547993819,1.9385244,1.7523155,0.028924108
346,0.8,0,0.7436607668469676,1.4520165,1.6037049,-0.43086928
347,0.65,1,0.7865498181095326,1.893392,1.6786094,1.2169416
348,1.0,1,0.8789128173676517,2.8855774,2.7299905,1.197257
349,0.75,0,0.7865400061021094,1.9237206,2.132213,1.7241714
350,0.8,1,0.8343412312800195,2.3581047,2.200109,1.5519211
351,0.725,1,0.7768568227253819,1.7027357,1.5342352,0.53879935
352,0.85,1,0.7435815752896457,1.4205631,1.1881454,-0.25893825
353,0.85,0,0.727614276645988,1.3257022,1.5098517,1.48803
354,0.65,1,0.8764019616991623,2.8784726,2.6924863,1.3809164
355,0.875,1,0.7898393652669717,1.8343201,1.6067724,0.7584334
356,0.775,1,0.7883915404529622,1.8455478,1.600699,0.2770716
357,0.775,1,0.8073261941307566,2.0843346,1.8227689,0.75056106
358,0.775,1,0.7370682115383652,1.3565006,1.1089469,-0.6013493
359,0.825,1,0.8495643564031998,2.5221558,2.4063282,0.5052591
360,0.875,1,0.7739631930454249,1.6802104,1.476638,-0.09266704
361,0.725,0,0.7893833962575002,1.9282403,2.1856751,2.1097345
362,0.825,1,0.722120496961466,1.1625586,0.8862737,0.33617318
363,0.9,1,0.8409070445868966,2.4466,2.2658486,0.7591515
364,0.9,1,0.8444100934146904,2.4801893,2.2567623,1.0919573
365,0.575,0,0.7898461709765547,1.9830233,2.207774,1.3404663
366,0.85,1,0.8553428497852031,2.5620685,2.4665341,2.3887763
367,0.8,1,0.8154560838861415,2.1557064,1.9829121,-0.10279071
368,0.775,1,0.7871523524399463,1.875886,1.6083485,-0.7740215
369,0.675,0,0.7870118966337053,1.8968132,2.130104,2.381862
370,0.75,1,0.8384218322778706,2.4067788,2.2519112,0.8111988
371,0.975,1,0.8589238079275889,2.6469536,2.5314305,0.6986204
372,0.775,0,0.7970924981175491,2.0206184,2.273607,2.1309793
373,0.775,1,0.8190226499728575,2.203833,1.9756808,0.5343204
374,0.85,1,0.8544967807103134,2.583118,2.444584,1.1708965
375,0.7,1,0.8334255321899129,2.3496075,2.1615338,0.20703828
376,0.7,1,0.7764117967766302,1.7016349,1.4827669,0.5186587
377,0.75,1,0.8224569416620304,2.236381,2.0284417,1.3288746
378,0.7,1,0.8301964258640978,2.339108,2.1142895,0.52985483
379,0.825,1,0.8417479027700375,2.456203,2.2949362,0.7330051
380,0.9,1,0.8259528485937268,2.2617466,2.0665386,0.912489
381,0.95,1,0.8499940325616074,2.5284889,2.3628478,0.74515635
382,0.9,1,0.7858660734478584,1.8550875,1.6153445,-0.8080801
383,0.8,1,0.7989015572210867,1.9500191,1.7244508,0.6175619
384,0.8,1,0.8291950502096415,2.2754045,2.1057703,1.301791
385,0.775,1,0.8190420580219812,2.2070317,1.9785274,0.4807039
386,0.85,1,0.8331623722021538,2.3238266,2.1522183,1.8937583
387,0.9,1,0.8604136988870722,2.6708324,2.5453906,0.5861431
388,0.825,1,0.8407011102333364,2.4119697,2.2656627,1.2722583
389,0.85,1,0.8040433749269306,2.0496888,1.851475,-0.39846176
390,0.9,1,0.8276481203467969,2.2575622,2.1336727,1.1298804
391,0.8,1,0.7654757970978614,1.5723293,1.3530006,0.009215474
392,0.7,1,0.8145139146351861,2.1412263,1.9408269,0.6471639
393,0.775,0,0.7176630773494113,1.1555316,1.3010564,0.75177175
394,0.825,1,0.8631605582881414,2.6974308,2.5509548,1.7382488
395,0.775,1,0.7965383972710738,1.9684598,1.741677,-0.7985538
396,0.775,1,0.7788829932513537,1.7323575,1.4906399,0.5459762
397,0.975,1,0.8168554327448437,2.1432734,1.9727407,1.6745453
398,0.7,1,0.8079444689994884,2.078547,1.8552821,0.9557803
399,0.925,1,0.7982602611049368,1.9563917,1.7586615,-0.060504794
400,0.775,1,0.8322998805806041,2.3404813,2.180822,0.7575751
401,0.9,1,0.8301333006788335,2.3076565,2.1582694,1.5092344
402,0.85,1,0.8258922954006612,2.2590494,2.0743608,0.6143828
403,0.95,1,0.7580515864045103,1.603689,1.3102536,-0.13916147
404,0.7,1,0.7598411811658693,1.6162136,1.365002,-0.4015457
405,0.975,1,0.8197316120261444,2.2286453,2.0303545,-1.2192378
406,0.825,1,0.8145005918033966,2.187749,2.0201733,2.1981797
407,0.875,1,0.8062884655480693,2.0001884,1.8659675,1.7682314
408,0.85,1,0.830205555925694,2.337709,2.1579685,-0.16939962
409,0.725,1,0.8151124712346736,2.2079837,1.9299115,0.15883768
410,0.925,1,0.8292844866111526,2.3002775,2.1585982,0.7958818
411,0.775,1,0.8074036880908757,2.146652,1.9343783,1.1675668
412,0.725,1,0.7936941039257661,2.0029216,1.720938,-0.105451465
413,0.925,1,0.8223866219105536,2.307271,2.1016312,0.8469463
414,0.7,1,0.8334811613798487,2.3260958,2.1917417,1.2064614
415,0.6,0,0.7605987572232322,1.5986496,1.8908498,2.4960787
416,0.8,1,0.8315356910980736,2.342587,2.1499906,0.5767556
417,0.775,1,0.7632461643682742,1.5523243,1.3029274,0.039877534
418,0.925,1,0.8348388945689298,2.3927526,2.1881425,-0.09117448
419,0.9,1,0.787270851229682,1.8280126,1.6273248,-0.046781898
420,0.875,1,0.8639125018026843,2.694944,2.5535197,0.58697563
421,0.825,0,0.7672647389647451,1.7670702,1.9637731,2.2010994
422,0.925,1,0.8606309494107474,2.6212513,2.4243295,2.6438856
423,0.85,0,0.7976934590576646,2.0418494,2.3138847,1.9078703
424,0.8,0,0.735630886101322,1.5978714,1.5470604,0.9694019
425,0.975,1,0.7979383933314242,1.9500004,1.7260928,1.1194108
426,0.925,1,0.7845734139392387,1.7768018,1.5604684,1.2260022
427,0.725,1,0.8191842661240339,2.186161,2.012218,0.67870957
428,0.575,0,0.7706080586334514,1.692458,2.0190403,2.8061543
429,0.95,1,0.8476656316375818,2.4945657,2.3248835,0.7634054
430,0.85,1,0.8314095547885063,2.311438,2.1178753,1.1600959
431,0.6,0,0.7488084217868575,1.6182057,1.8042967,0.94277984
432,0.875,1,0.818453167640588,2.2087402,1.9880302,0.3657738
433,0.95,1,0.7954270442004799,1.9193524,1.7189033,1.066215
434,0.925,1,0.8369474425031382,2.4185684,2.214693,0.20885384
435,0.825,1,0.8234063947140953,2.221416,2.0786567,-0.11372703
436,0.875,1,0.8489988090224854,2.557888,2.3657558,0.34831154
437,0.8,0,0.7628674782111958,1.7684324,1.9475235,0.9482785
438,0.875,1,0.751205858053637,1.50597,1.2294428,0.85147935
439,0.775,1,0.829955381936829,2.3510644,2.1060853,0.25735295
440,0.775,1,0.8486421802809998,2.5333614,2.3829262,0.8503719
441,0.875,0,0.8519496241737189,2.7238991,2.9525003,1.2741919
442,0.85,1,0.8313241510708427,2.3532515,2.1367633,0.8684507
443,0.875,1,0.8364927698512835,2.402916,2.2452376,1.2550285
444,0.875,1,0.8529644132645688,2.5670877,2.4294138,1.2237668
445,0.6,0,0.7441680897393186,1.4360086,1.613993,1.3363647
446,0.925,1,0.831150900829734,2.334083,2.1818335,-0.06122297
447,0.975,1,0.8727500661687024,2.8190885,2.6829183,0.6349092
448,0.85,1,0.8209088448453203,2.2033458,2.06174,0.6873637
449,0.675,1,0.8113458669759901,2.1135988,1.894187,1.0783844
450,0.725,1,0.845995024870988,2.500615,2.3443208,0.8744398
451,0.825,0,0.7763082754126445,1.8381126,2.0560431,0.6060882
452,0.975,1,0.8424400604627575,2.4814227,2.286451,-0.035519004
453,0.75,1,0.7776868788153554,1.6949267,1.4947968,0.519106
454,0.85,1,0.7415064510768079,1.3889327,1.1128409,0.09694731
455,0.8,1,0.7923449275457155,1.9296963,1.6871296,-0.71776235
456,0.7,1,0.7379065453789548,1.3481631,1.0582998,0.05333817
457,0.875,1,0.8149588531994869,2.1843278,1.9797078,-0.36501706
458,0.65,0,0.7395781720948118,1.4619257,1.6540025,1.6583681
459,0.875,1,0.7760011206865435,1.694544,1.5071306,-0.46039093
460,0.875,1,0.8312714224511637,2.3797796,2.1702864,-0.6200994
461,0.7,1,0.8285478666981911,2.3208241,2.1092246,0.46440655
462,0.85,1,0.8556629675620349,2.6407843,2.5034566,-0.17509407
463,0.9,1,0.8251596150796445,2.274041,2.0967984,-0.118178725
464,0.675,0,0.7290591596546626,1.296383,1.4211054,-0.4504634
465,0.925,1,0.8362819384453981,2.4137228,2.2060657,0.14806712
466,0.725,1,0.7809274064445884,1.7550722,1.5489886,0.8347402
467,0.65,0,0.7345604541311861,1.4459964,1.5493157,1.7898598
468,0.825,1,0.840672217201938,2.434571,2.268086,1.5750303
469,0.675,0,0.729882076041947,1.3372529,1.479622,-0.2458896
470,0.675,1,0.8370241653324595,2.4009821,2.1943808,0.18399489
471,0.75,1,0.8407088610710498,2.4377022,2.2897787,0.8383966
472,0.9,1,0.8435008727365945,2.4462116,2.2560675,2.0383062
473,0.925,1,0.8557054136242341,2.584635,2.4555223,2.0672715
474,0.725,1,0.8455247139925809,2.5200374,2.282016,0.66286427
475,0.875,0,0.7756784317636631,1.8489912,2.0395446,1.5857201
476,0.775,1,0.8519083503831724,2.5684369,2.4110107,1.6001997
477,0.85,1,0.8611825470066932,2.7123892,2.5660832,-0.26542372
478,0.775,1,0.8419506392075962,2.4699037,2.298135,1.275692
479,0.9,1,0.8150441564534914,2.1365643,1.9346871,0.7719441
480,0.875,1,0.8266042639537733,2.2851124,2.0604405,1.2690136
481,0.75,1,0.816574711370778,2.1511383,1.9461832,0.85865027
482,0.825,1,0.821506950495813,2.2371912,2.002013,0.15794337
483,0.925,1,0.8627319752451892,2.7187688,2.5631742,1.3016126
484,0.9,1,0.8114974453380746,2.1268685,1.9191711,-0.14133489
485,0.9,0,0.7774162790726413,1.8514798,2.0689435,0.46778065
486,0.775,1,0.7986771698097489,1.9387352,1.7157378,1.1173987
487,0.875,1,0.7982016284093579,1.9524198,1.7186089,1.1642799
488,0.775,1,0.7986341263813496,1.9897707,1.8512683,0.90205103
489,0.9,1,0.7837588432075885,1.850656,1.5984569,1.7790337
490,0.725,1,0.7848347117682474,1.7802377,1.5770686,0.55404764
491,0.725,1,0.8164766019688668,2.2896,1.9608912,1.1376958
492,0.65,1,0.8119389620116358,2.1064558,1.9039931,0.724392
493,0.875,1,0.84276066022807,2.4729147,2.2829623,0.70447165
494,0.85,1,0.786718831377702,1.8424389,1.6343503,-0.050807595
495,0.8,1,0.7944426183857638,1.9362838,1.6707985,-0.05317819
496,0.825,1,0.7641521648938916,1.5580528,1.3547041,0.052537084
497,0.75,1,0.8369022642578248,2.3205574,2.207415,2.0970912
498,0.925,1,0.8380397559785326,2.3818567,2.2233078,0.65329534
499,0.875,1,0.8150864764434618,2.1160765,1.929384,1.7148745
500,0.95,1,0.778974248962526,1.7532012,1.5473897,-0.92570007
501,0.875,1,0.8516974062769707,2.5411382,2.4120412,1.9526272
502,1.0,1,0.8083557758472829,2.0483816,1.8263888,1.6100445
503,0.65,0,0.7909184572909487,2.0542016,2.2596161,1.2255616
504,0.975,1,0.8412562754472084,2.444197,2.2663994,1.529311
505,0.975,1,0.8202502952442081,2.2477632,1.9784405,0.105421424
506,0.625,1,0.7994651401162262,1.9692028,1.7848163,0.10957676
507,0.7,1,0.8159184615160733,2.1188302,2.0124388,1.0184073
508,0.725,1,0.7089502058355042,1.0886667,0.80876505,0.36954892
509,0.675,1,0.7419806019828014,1.3676698,1.0576808,-2.48611
510,0.875,1,0.8391262562606551,2.4591823,2.240213,1.0277057
511,0.8,0,0.7636732434826022,1.6693544,1.8836067,0.6818481
512,0.95,1,0.87672038966077,2.8430483,2.6661658,1.9810922
513,0.675,1,0.7790420366772339,1.764601,1.5387893,-0.35166657
514,0.9,1,0.8486501831144597,2.524437,2.3600216,0.96593577
515,0.925,1,0.8099551394078187,2.1208115,1.865005,0.0062829256
516,0.875,1,0.741864153882119,1.3726301,1.1223196,0.19131386
517,0.825,1,0.7197120175870174,1.1393332,0.84343493,0.29062188
518,0.875,0,0.7980794593544199,2.0498745,2.313818,1.5336041
519,0.825,1,0.8063751390048481,2.0625849,1.8270189,0.6115802
520,0.725,1,0.8209864230131272,2.1840901,2.0602067,1.4109726
521,0.7,1,0.6577709624343036,0.5298108,0.17758378,-1.1381468
522,0.65,1,0.7757789801562687,1.6976886,1.4467206,0.0698148
523,0.825,1,0.813703237587138,2.0951986,1.9314322,1.2375345
524,0.775,1,0.8085478967315677,2.065292,1.9322464,-0.22130054
525,0.8,1,0.7735473412294431,1.6692073,1.4421562,0.16402686
526,0.95,1,0.8072101351153389,2.0382948,1.8534138,1.5675137
527,0.9,0,0.6932830682015195,0.9255934,1.0469182,1.1911471
528,0.95,1,0.7781070048678029,1.7812142,1.5748048,1.4315517
529,0.675,1,0.7529387261382497,1.442157,1.2139423,0.4311896
530,0.75,0,0.7884321074746797,1.9665325,2.2020283,0.6666785
531,0.85,1,0.8099872826710729,2.1067648,1.8513304,0.21125257
532,0.825,1,0.8179368137936525,2.1813793,1.9569583,0.61187273
533,0.725,0,0.7841580370451953,1.9037447,2.1475277,1.8472977
534,0.625,1,0.780507335096108,1.7271703,1.5286062,0.43346363
535,0.75,1,0.8361059692466184,2.3981698,2.1838658,1.4252143
536,0.925,1,0.8402664511719726,2.4093492,2.2714672,0.8736277
537,0.85,1,0.7734440106326852,1.6892048,1.4585631,0.34895337
538,0.775,1,0.7688450770311124,1.7324532,1.4770919,0.3818069
539,0.9,1,0.8111050185673002,2.0829725,1.8871505,0.8769565
540,0.75,1,0.8075681318255519,2.050916,1.9112176,0.16012436
541,0.45,0,0.6771608993403946,0.76769865,0.8798873,-0.32187212
542,0.625,0,0.7248919863400911,1.3149031,1.4991368,1.1187959
543,0.625,1,0.7480410532660439,1.4777242,1.2173222,-0.043196082
544,0.825,1,0.7891742560948369,1.9113367,1.7192523,0.9528418
545,0.925,0,0.7541084042680366,1.5806375,1.7457373,1.5913377
546,0.675,1,0.7751182885657031,1.7750094,1.5207373,0.82866246
547,0.85,1,0.7738891317199177,1.7526293,1.5415883,0.8762346
548,0.625,0,0.7431515139223477,1.5158662,1.6539493,1.8571765
549,0.8,1,0.8256674018842896,2.2329838,2.0389104,1.3393703
550,0.85,1,0.8240666296672159,2.1933398,2.0271633,1.6008337
551,0.8,1,0.8507152587396821,2.590299,2.4067822,0.029890835
552,0.9,1,0.8283732499260634,2.2930398,2.1387916,0.7330914
553,0.7,1,0.795262628598652,1.9341223,1.7111279,0.12135804
554,0.75,1,0.856862961509252,2.6051364,2.45976,1.334373
555,0.95,1,0.8523337607646504,2.5681577,2.420704,1.7011073
556,0.775,1,0.76347524112644,1.5248768,1.3415976,0.87100035
557,0.8,1,0.8218637813360837,2.214987,2.0698915,0.6938563
558,0.75,0,0.7689284309540467,1.7366201,1.936166,0.9557486
559,0.75,1,0.8491753363796775,2.5243404,2.3798313,1.1747417
560,0.75,1,0.7979948756754403,1.9490514,1.7326105,0.3823191
561,0.7,0,0.730224786648182,1.3551358,1.4947572,2.3093672
562,0.775,1,0.8380986913096622,2.4315963,2.2483625,0.79699093
563,0.85,1,0.7803514707616026,1.7583175,1.5429442,-0.650493
564,0.75,1,0.8906443639566668,2.9629483,2.8261547,2.2078414
565,0.725,1,0.7987738052801074,1.9958106,1.7590978,-0.4183311
566,0.65,0,0.744763490736294,1.4540715,1.6141741,0.17716086
567,0.85,1,0.8206062968063804,2.3160477,2.0486665,0.45127827
568,0.85,1,0.7915589911610845,1.8543348,1.6647792,0.6998058
569,0.825,0,0.7890654189785025,1.9434755,2.1361358,2.6272156
570,0.775,0,0.7533780645094195,1.5241873,1.7243167,1.802063
571,0.725,1,0.7877604827282165,1.7872982,1.6175532,0.98289686
572,0.875,1,0.8171973690934746,2.1459613,1.9411514,0.71008617
573,0.925,0,0.777364181676454,1.7919427,2.0545936,1.8903632
574,0.625,1,0.8289052094127601,2.3165264,2.1391459,0.41301638
575,0.85,1,0.812930925795917,2.109369,1.9159932,1.4124684
576,0.875,1,0.734084953863123,1.3679008,1.0650779,-1.7928224
577,0.75,1,0.8185050360877312,2.198056,1.9593811,1.0623927
578,0.7,0,0.8053699774854509,2.1581442,2.3285959,2.10819
579,0.775,0,0.7146938450635805,1.1955006,1.3569509,0.6741207
580,0.65,1,0.8025019708855188,2.0133302,1.788646,-0.016146064
581,0.825,0,0.8373969780384856,2.5181627,2.745267,2.1331692
582,0.85,1,0.8313232098187937,2.3270092,2.15326,1.4467251
583,0.675,1,0.7844828717549938,1.816868,1.6009374,-0.3451907
584,0.8,1,0.8432166183213518,2.4720402,2.302266,0.80331904
585,0.9,1,0.8446766983188125,2.490604,2.2835934,0.57780844
586,0.825,1,0.7938806059591018,1.8752567,1.6835763,1.4858675
587,0.85,1,0.8548721723428779,2.5740926,2.4473593,2.0730474
588,0.875,1,0.8583642800076774,2.6359792,2.5229268,0.32965857
589,0.85,1,0.8044223857175684,2.0632296,1.8315539,-0.46265876
590,0.95,1,0.8026524050514992,1.9853874,1.7773528,0.8034101
591,0.825,0,0.7952237034392844,2.0369906,2.2508817,1.3278708
592,0.925,1,0.8040014197060069,2.0220754,1.8161943,1.1030073
593,0.75,1,0.7833823386139261,1.8597624,1.673162,1.2933774
594,0.925,1,0.8599395096559748,2.6610134,2.5083404,1.7010734
595,0.625,1,0.769621752076823,1.6271298,1.3763855,0.41040576
596,0.6,0,0.7189541498677159,1.1912789,1.3222498,0.66222674
597,0.775,1,0.8203810101018711,2.1934667,2.006396,0.9152437
598,0.75,1,0.8329739804627043,2.3485968,2.2034042,0.7310801
599,0.85,0,0.7750635728539336,1.7906644,1.9897337,1.285646
600,0.925,0,0.8200382039227618,2.321026,2.5702715,1.4664502
601,0.7,1,0.8527351965767979,2.5781186,2.4203882,1.6088386
602,0.75,1,0.7896399058083601,1.8565176,1.6271322,0.6615272
603,0.75,0,0.784363167099914,1.9906473,2.1932516,1.9573131
604,0.8,1,0.7665593907610516,1.6053874,1.3802873,-0.16276991
605,1.0,1,0.7940401151572245,1.9418764,1.6927054,-0.6393355
606,0.775,1,0.7632460081360014,1.7329992,1.4694655,0.2636209
607,0.9,1,0.83598315731713,2.3856502,2.251363,0.36500078
608,0.975,0,0.7613268203928101,1.7193897,1.9204738,1.4603887
609,0.9,1,0.8608312711363303,2.6424196,2.5096135,2.181949
610,0.825,1,0.8543630985121515,2.6131508,2.4266334,0.6951218
611,0.8,1,0.8526603526513789,2.5828135,2.4207115,0.85805327
612,0.75,1,0.7406496318600383,1.4047741,1.1187477,-0.10516536
613,0.775,0,0.7044970122973685,1.0575752,1.1852652,2.0129032
614,0.65,1,0.8089774446412712,2.0367374,1.9285464,0.6776419
615,0.625,0,0.7906684116752538,1.9887393,2.1905358,2.0092206
616,0.8,1,0.8106108266437781,2.1954143,1.9778867,0.3281756
617,0.825,1,0.7932191333591387,1.9578311,1.752207,1.2406108
618,0.725,0,0.7624221488277708,1.6239983,1.8222039,1.8982234
619,0.8,1,0.8457581990095204,2.4552588,2.372541,1.0787556
620,0.65,1,0.8225265826403182,2.2384403,2.039328,0.2161175
621,0.925,1,0.8238038071384429,2.271832,2.0741315,-0.3927349
622,0.775,1,0.8334187297735591,2.3523521,2.2070804,0.76202494
623,0.875,1,0.8371619558284774,2.42025,2.2184856,0.22639287
624,0.8,1,0.874339039355632,2.7673736,2.6566586,2.092846
625,0.7,1,0.8295544640270268,2.2856886,2.1385026,1.3923669
626,0.8,1,0.8278132753364013,2.2765098,2.0619836,1.7679899
627,0.75,1,0.7705886314375275,1.6255276,1.4048738,0.6477342
628,0.925,1,0.842558725069531,2.4694812,2.2603593,1.5599487
629,0.9,1,0.8213007457680119,2.229249,2.0395398,0.17788708
630,0.925,1,0.72906435958438,1.2355895,0.98318154,0.56087166
631,0.85,1,0.7525238593728345,1.4927394,1.240088,1.0062714
632,0.65,1,0.7855974717238661,1.8188491,1.582998,0.7468005
633,0.9,1,0.8172035727815621,2.1812158,1.9667485,0.0764333
634,0.75,1,0.808548175065765,2.0529904,1.9088039,1.3495045
635,0.975,1,0.8180980735558293,2.2795258,2.0496712,0.77916723
636,0.725,1,0.8376869206665569,2.4326131,2.2585378,0.3115905
637,0.9,1,0.8509319536096411,2.563046,2.3940368,0.5271211
638,0.7,0,0.7534382321001291,1.5744238,1.7670664,0.253192
639,0.775,1,0.8447381735947871,2.4994226,2.3218553,-0.024340093
640,0.975,1,0.8363881602127212,2.3796008,2.231329,1.59845
641,0.55,1,0.8119010697746096,2.1466463,1.9087265,-0.06805241
642,0.825,1,0.8277786965828877,2.3391247,2.118828,-0.64158046
643,0.8,0,0.7727426149970285,1.7747889,1.9864147,1.1043205
644,0.775,0,0.7782403104159388,1.8248119,2.0684192,0.92505366
645,0.85,1,0.8358835438814044,2.39819,2.1654897,1.4044309
646,0.925,1,0.8115236652726314,2.142098,1.9397635,-0.68355787
647,0.85,1,0.8477472292341367,2.52578,2.315944,0.6237455
648,0.7,0,0.7834486813771414,1.9008036,2.1358447,1.4173601
649,0.875,1,0.7816355285129499,1.7611363,1.5481694,0.26434386
650,0.75,1,0.8385542367537625,2.4114208,2.1757078,0.9552818
651,0.925,1,0.757190687803342,1.5935968,1.3375254,-0.47820365
652,0.725,1,0.7876229949264906,1.860574,1.6082566,0.5226677
653,0.85,1,0.8694517394497733,2.7522173,2.599317,1.4713945
654,0.975,1,0.8092099744297332,2.0565994,1.8774097,1.5625877
655,0.825,1,0.8054408859947406,2.0492876,1.8037927,0.9779821
656,0.975,1,0.8164997213638396,2.1501744,1.934967,1.5276704
657,0.825,1,0.790392298041374,1.8570447,1.6446233,1.01617
658,0.725,1,0.8304150215716999,2.313437,2.1880033,1.4075713
659,0.75,1,0.8049065691264127,2.0474186,1.8199968,0.20480168
660,0.975,1,0.8489244460899716,2.5022554,2.3584614,2.1161344
661,0.825,1,0.7918224487237587,1.9354885,1.7535462,1.4250684
662,1.0,1,0.8303601709379913,2.2686594,2.1415555,1.5067213
663,0.9,1,0.8363259569975523,2.38745,2.2358718,0.45875555
664,0.85,1,0.812929748713052,2.1030018,1.8995283,1.5888734
665,0.7,1,0.7660303274100763,1.6311373,1.4049911,0.7766617
666,0.95,1,0.7796009444918186,1.8679782,1.5781827,-0.42831838
667,0.9,1,0.8322261067825324,2.3570054,2.125069,1.3364522
668,0.9,1,0.8511464316705558,2.5341456,2.3951235,1.9867458
669,0.75,1,0.779234401535748,1.8115654,1.6301334,0.6003576
670,0.85,1,0.7649161480677804,1.5729555,1.361211,-0.058754325
671,0.775,1,0.8248881146570171,2.2253375,2.0448782,1.2695594
672,0.825,1,0.7870618353925528,1.8679075,1.5887663,0.1583451
673,0.825,1,0.8371213963511019,2.4113536,2.2009661,1.3920388
674,0.825,1,0.7506420714762254,1.5099847,1.2407846,-0.041299224
675,0.9,1,0.8520830160991352,2.5220637,2.406395,1.3767736
676,0.7,1,0.784621633085451,1.8000591,1.6114099,-0.17037904
677,0.875,1,0.8406529909036325,2.4859996,2.2906523,-0.64619964
678,0.75,0,0.7156609935530738,1.1745489,1.3676062,1.0365722
679,0.725,1,0.7775571224761534,1.7155569,1.5150552,-0.1719321
680,0.825,0,0.7638986893818117,1.6470046,1.9144508,0.956307
681,0.775,1,0.8578574438169647,2.6031926,2.437421,2.361942
682,0.675,1,0.777663848313936,1.7810888,1.5043907,-0.31428134
683,0.725,1,0.7820206639217694,1.859757,1.6679444,-0.29774135
684,0.775,0,0.7899370113480665,2.047355,2.230124,2.7499492
685,0.95,1,0.8119997352759132,2.0960503,1.8531194,1.2622025
686,0.875,1,0.7484245460335694,1.5540277,1.2380481,0.28930962
687,0.65,1,0.8426691747099376,2.4592137,2.3270822,1.483422
688,0.7,1,0.8039245978298901,2.0249772,1.8078382,0.41471684
689,0.9,1,0.8018966816250237,1.9805809,1.7785118,1.3298981
690,0.975,1,0.8464304033516667,2.4734757,2.350666,2.0274425
691,0.925,1,0.8642753066510945,2.746043,2.5547357,0.10697895
692,0.675,1,0.7968134965878897,1.9304643,1.7643247,0.5213855
693,0.8,0,0.7902606817900744,1.9557347,2.2139745,1.5394826
694,0.85,1,0.822874000527636,2.233345,2.0647736,0.60949475
695,0.875,1,0.8291405885961679,2.3218787,2.1534774,1.0955853
696,0.75,0,0.7824053541057232,1.8614645,2.0791044,1.6394756
697,0.875,1,0.8009226191487591,1.9856772,1.7517165,0.085906625
698,0.825,1,0.8334494462277413,2.4408584,2.2520328,0.62394387
699,0.95,1,0.8173590731144194,2.16768,1.940016,1.4004264
700,0.9,1,0.8302245772195508,2.342726,2.1210046,0.3414482
701,0.775,1,0.7873308554332022,1.9521261,1.6957412,-0.44079322
702,0.8,1,0.8260677398417617,2.268953,2.1028526,0.89130574
703,0.95,1,0.8003586085108059,1.9494314,1.7296262,1.524261
704,0.675,0,0.7060639390158224,1.1029589,1.2259059,-0.025673747
705,0.75,1,0.8440535819973518,2.4423552,2.3253512,2.0627656
706,0.6,1,0.8273698910513517,2.282576,2.122836,1.2385752
707,0.75,1,0.7658074130389922,1.6392053,1.4077547,0.83772904
708,0.65,1,0.8217950012347972,2.2399745,2.0750353,-0.017882764
709,0.8,0,0.7425237919789808,1.402849,1.6216733,0.77676135
710,0.9,1,0.8341198189383907,2.411329,2.1736445,-0.18453348
711,0.95,1,0.8280007857112713,2.2631946,2.114551,1.4798546
712,0.9,1,0.8170669999114176,2.185694,1.9935551,-0.25556034
713,0.85,1,0.82106734190893,2.2192345,2.0218186,1.310549
714,0.875,1,0.8662534340203151,2.7484345,2.565244,1.529835
715,0.725,1,0.7849384156435958,1.8248844,1.6303005,-0.88198227
716,0.75,1,0.8441334144525927,2.4701934,2.3134654,1.257896
717,0.975,1,0.8446759610783531,2.480452,2.319088,1.6148765
718,0.675,1,0.8584250133900097,2.6425946,2.438903,1.8477011
719,0.875,1,0.7834160893308305,1.7729785,1.5502489,1.0265541
720,0.6,1,0.7522605726343266,1.5467229,1.2781535,0.054591298
721,0.775,1,0.774911454855986,1.7958975,1.4907053,0.54877096
722,0.9,1,0.7944664274699221,1.9395194,1.7097678,-0.07167733
723,0.8,1,0.7790823212041039,1.7787068,1.5615633,-1.3082331
724,0.775,1,0.7826606516486896,1.7751383,1.5693738,-0.10538614
725,0.85,1,0.8392183802402629,2.4340003,2.2157054,0.72161466
726,0.925,0,0.816339831303039,2.2738652,2.519446,1.5178666
727,0.725,1,0.8378077309999401,2.3794343,2.2402766,1.1923451
728,0.725,1,0.7298644356911348,1.3083551,1.0104581,-1.3525354
729,0.8,1,0.8164202822466451,2.147017,1.9443679,0.90962654
730,0.925,1,0.8278314938712973,2.2785487,2.066904,1.7146049
731,0.75,0,0.7365342025003352,1.366576,1.5436351,0.9514571
732,0.625,0,0.7952210355198863,2.025923,2.2351174,1.460103
733,0.5,0,0.7401706154653401,1.3947651,1.5603828,1.8512626
734,0.775,1,0.8317350709569175,2.2742672,2.1833978,2.301468
735,0.875,1,0.8383170158320816,2.4398859,2.2112134,-0.14750755
736,0.775,1,0.8575354638566599,2.6252856,2.5021892,0.69326025
737,0.8,1,0.7774890733390208,1.7132233,1.4641358,0.61267906
738,0.775,1,0.7150979622518838,1.132263,0.80990255,-1.3692356
739,0.85,0,0.835305793103263,2.4875135,2.769217,1.4764504
740,0.775,1,0.9079162674478263,3.226529,3.065689,2.0730095
741,1.0,1,0.8443755515773543,2.496982,2.2667046,1.4950256
742,0.95,1,0.8855621567708074,2.9293194,2.8387098,1.0830078
743,0.875,1,0.802782370850837,2.0334377,1.8014748,0.71078926
744,0.7,1,0.8364796982182645,2.3947885,2.210336,1.0464702
745,0.925,1,0.8070083527339122,2.0338404,1.8855762,1.3635554
746,0.85,1,0.8374899056600739,2.4107168,2.1750543,1.5555186
747,0.9,1,0.8963571200009472,3.0581596,2.9361305,2.487265
748,0.6,0,0.7674916745319357,1.715946,1.977216,0.53726345
749,0.675,1,0.8133835214693814,2.1331654,1.9423256,0.51148564
750,0.725,1,0.795463741789662,1.8882008,1.7107959,1.5950296
751,0.875,1,0.8031011176880508,2.1057124,1.8856555,0.25587326
752,0.925,1,0.8454124925667428,2.462311,2.3263316,2.032818
753,0.775,0,0.8206992217237221,2.3276396,2.5799294,1.4628105
754,0.925,1,0.8216503942141493,2.2010098,2.034693,0.9959741
755,0.9,1,0.8250925485061376,2.2800972,2.112409,0.3028937
756,0.7,1,0.7719696384166195,1.6891329,1.43104,-0.5105673
757,0.725,1,0.7816057195469623,1.7856704,1.5520227,-0.11153948
758,0.825,0,0.7631435356204261,1.751774,1.9345539,1.3169475
759,0.825,1,0.8307661125408723,2.340661,2.133088,0.6096974
760,0.725,0,0.7406789540271728,1.4668033,1.658298,2.3652382
761,0.85,1,0.8050632752046749,2.0194457,1.8444693,0.7419811
762,0.7,1,0.7938246168992464,1.9366217,1.7020011,-0.49212158
763,0.975,1,0.8464995871761879,2.480357,2.3550262,0.95025975
764,0.85,1,0.7528478086464986,1.6108469,1.3544271,0.4973541
765,0.825,1,0.8709987816350694,2.7589238,2.6292062,2.3247101
766,0.75,1,0.7954022570406105,1.9216764,1.6923516,-0.11256707
767,0.775,1,0.8394990635580329,2.4546678,2.2318301,0.4658757
768,0.85,1,0.8011911443466313,1.9898202,1.8178173,0.84260184
769,0.725,1,0.8064410331321159,2.0274453,1.835649,0.8555384
770,1.0,1,0.7785689939499159,1.7530591,1.5300871,0.022961676
771,0.825,0,0.7773434299202232,1.7498975,2.0234275,2.6574178
772,0.525,1,0.6728929723900255,0.6462811,0.31876835,-1.7950945
773,0.8,1,0.7837594993929804,1.7666278,1.5446942,1.2388668
774,0.8,1,0.8202874137796112,2.2193854,2.0002575,0.5143705
775,0.85,1,0.8476893770971068,2.5188627,2.3326323,1.6390653
776,0.75,1,0.8517397475613454,2.5374818,2.4012928,0.47367102
777,0.75,1,0.7745896250849433,1.6844072,1.462447,0.095264554
778,0.575,1,0.8299481023483658,2.3145201,2.1172326,0.82480866
779,0.65,1,0.7328840261648413,1.2079452,0.9815351,0.23078096
780,0.65,1,0.8012776364612324,2.0025775,1.7646875,0.87745553
781,0.95,1,0.8225509083046455,2.2195086,2.0242946,0.9307447
782,0.7,1,0.825072038329808,2.2641196,2.0820096,0.33278924
783,0.775,0,0.7453544378634887,1.5336374,1.7127321,1.6540408
784,0.8,1,0.7549491334700575,1.5465286,1.3100135,0.2777124
785,0.725,1,0.7830516123572836,1.776127,1.5469096,0.9807165
786,0.8,1,0.8349553846404865,2.3685493,2.2237024,0.81070095
787,0.85,0,0.8533830082994854,2.7054343,2.970196,1.8647702
788,0.8,1,0.776552814520162,1.7002172,1.4708688,0.92481357
789,0.575,1,0.7626423443827419,1.5513861,1.3070624,-0.23145688
790,0.9,1,0.8060547114266132,2.0473928,1.8219867,1.1408451
791,0.85,1,0.8108288233345058,2.0819025,1.8698623,1.5128512
792,0.8,1,0.7951330016191143,1.9599462,1.70212,-0.28092825
793,0.9,1,0.811400263442681,2.102772,1.900326,0.71577126
794,0.9,1,0.7919638591046172,1.8908117,1.6403832,0.88987833
795,0.775,1,0.8442897647570018,2.4606621,2.320262,1.1428847
796,0.775,1,0.8473089924992346,2.531726,2.3150635,1.3698666
797,0.825,1,0.829344338945432,2.329471,2.1520228,-0.17749494
798,0.825,1,0.8411995875069229,2.449569,2.2713993,1.2898557
799,0.75,1,0.7956756854146643,1.9291449,1.7129416,0.32504427
800,0.75,1,0.770007178001972,1.6271684,1.4073424,0.44703442
801,0.9,1,0.8310117174768691,2.2764888,2.1570377,2.2368512
802,0.675,1,0.7506774104377499,1.5154004,1.2232596,-0.09773862
803,0.825,1,0.8120853544241149,2.1394308,1.9122298,0.74303347
804,0.65,0,0.6966705062752803,1.0889817,1.2140675,0.7205847
805,0.85,1,0.7943954299805653,1.9395337,1.7037438,-0.526698
806,0.775,1,0.833389286060984,2.3483918,2.180663,1.2113562
807,0.625,1,0.7674746435874537,1.6222403,1.3793228,0.047436118
808,0.725,1,0.7882202515729941,1.8204615,1.6079645,0.59564406
809,0.8,0,0.7422272170309496,1.4988708,1.6591573,1.6582716
810,0.675,0,0.7818627784316515,1.8782449,2.121799,2.1017058
811,0.875,1,0.6990713761697493,1.014259,0.6903888,-1.1715974
812,0.7,1,0.8644003203165518,2.7204113,2.5536413,0.9782658
813,0.9,1,0.7624960442775633,1.637253,1.3642573,0.36354554
814,0.875,1,0.77917190562571,1.7202404,1.481993,0.4418941
815,0.7,1,0.7965297990548312,1.9587836,1.7130523,-0.035517573
816,0.65,1,0.7126006296978691,0.9973662,0.7344004,-1.106821
817,0.725,1,0.8660874129597338,2.7570994,2.5232444,0.49241835
818,0.65,1,0.8754990017204256,2.8729231,2.7010176,0.27799088
819,0.95,1,0.7922927066072685,1.9157697,1.6933575,-0.47482622
820,0.875,1,0.8096261443411608,2.0876303,1.8458219,1.2571282
821,0.825,1,0.79193914850419,1.890832,1.6664526,0.8245693
822,0.775,1,0.8376502926829138,2.395084,2.2449257,1.4795771
823,0.85,1,0.8271462438592911,2.2559657,2.049273,1.8941848
824,0.875,1,0.7744619309701772,1.6592953,1.4622257,0.44709355
825,0.775,1,0.8118206108689923,2.1143224,1.9397414,-0.16259897
826,0.65,0,0.720719063518869,1.3003764,1.4221027,1.2344971
827,0.825,1,0.8286505255830436,2.3055973,2.1584818,0.20227438
828,0.85,1,0.825073074693947,2.3012319,2.0573123,0.16128409
829,0.875,1,0.7688700602643459,1.6343644,1.4227114,-0.23430192
830,0.85,1,0.8080188359397422,2.067934,1.8674393,1.1672282
831,0.65,1,0.8270070020804855,2.272728,2.0703232,1.6063807
832,0.825,1,0.7805525188697088,1.846706,1.6391401,0.24384171
833,0.925,1,0.822417697254591,2.202769,2.05505,0.40042531
834,0.925,1,0.8152980295239828,2.2087939,2.0166245,0.97697526
835,0.95,1,0.8513223235026885,2.5248175,2.4034796,1.5587053
836,1.0,1,0.8408382629469042,2.4714062,2.2389853,0.15618336
837,0.75,1,0.8478988909205009,2.5127084,2.3800235,1.7096729
838,0.8,1,0.8630253392243994,2.7082124,2.559917,0.5085359
839,0.775,1,0.8230955456751282,2.2115996,2.0736542,0.9578882
840,0.725,1,0.7885013336979354,1.8674308,1.6099317,0.30030596
841,0.675,1,0.8105169341502656,2.1174402,1.891838,0.15420878
842,0.775,1,0.8031013293393859,2.006522,1.7881305,0.16381562
843,0.65,0,0.7301820124256703,1.2917987,1.4579923,1.5601816
844,0.65,0,0.8154812205852513,2.2644079,2.4719458,1.3045866
845,0.95,1,0.7937548914628654,1.9904945,1.793082,0.24435192
846,0.925,0,0.6820179440673192,0.9169413,0.9962188,1.3747425
847,0.85,1,0.7888151691459457,1.9031408,1.7159538,0.7489248
848,0.775,1,0.8020304513008725,1.9999835,1.7806699,1.0941422
849,0.9,1,0.8206095595311349,2.2197678,1.991463,1.2474785
850,0.875,0,0.823124499856674,2.366907,2.5999794,2.3812299
851,0.825,1,0.8133867793446636,2.1959398,2.0249076,1.090477
852,0.85,1,0.8378388801866277,2.4078772,2.2715936,0.3752113
853,0.7,0,0.7992874287047895,2.0372615,2.3073478,1.9853041
854,0.95,1,0.8311910910182251,2.303285,2.137044,1.9570866
855,0.725,1,0.8660947010501642,2.7378027,2.5731218,1.0406239
856,0.925,1,0.8795322698099266,2.9022198,2.7664957,0.30409724
857,0.775,1,0.8124211372030558,2.1131682,1.9577882,0.4404121
858,0.925,1,0.8108438560297462,2.0593562,1.9428955,0.6771427
859,0.75,1,0.7946845566071327,1.9151756,1.706974,0.03411019
860,0.625,1,0.7943095788897099,1.9129026,1.7209616,0.25549662
861,0.8,0,0.7445874081590957,1.5509077,1.7153127,0.94272715
862,0.825,1,0.8356289318940634,2.3449337,2.1742053,2.1228774
863,0.85,1,0.85878178041456,2.6498935,2.49777,0.996275
864,0.75,1,0.8175415736762868,2.2058914,1.9855518,-0.2392577
865,0.8,1,0.8708054352196962,2.8074608,2.655046,0.107406676
866,0.75,1,0.8159729500598182,2.1467342,1.962395,1.5121579
867,0.875,0,0.7688585875452512,1.7468756,1.9543216,1.7329936
868,0.9,1,0.8555222348355026,2.5950549,2.4181285,1.2512903
869,0.775,1,0.8603281166445443,2.645763,2.5259361,1.2998352
870,0.8,1,0.8176293046729303,2.1889243,1.9767282,0.4544397
871,0.9,1,0.8471325800321249,2.5138173,2.3410428,1.1334274
872,0.7,1,0.7973366577941332,1.9061335,1.7136707,1.2939546
873,0.95,1,0.8520908186445675,2.671124,2.4662561,1.5317168
874,0.725,1,0.8169819905605549,2.1759007,1.9655566,0.8811689
875,0.525,0,0.7387213801549445,1.4979393,1.644249,-0.085259855
876,1.0,1,0.797636114895159,2.0877876,1.8167391,-0.7173799
877,1.0,1,0.8061146456687376,2.081985,1.8998576,0.9691368
878,0.9,1,0.8710351246916592,2.7994635,2.6473155,0.6484695
879,0.85,1,0.8137519380835636,2.149407,1.9267602,0.31642592
880,0.725,1,0.7879052311566629,1.8932934,1.7235551,0.96336275
881,0.9,0,0.7809738770351642,1.8722081,2.1386306,0.68227726
882,0.7,1,0.8396668421561579,2.4286995,2.2804267,0.748642
883,0.9,1,0.8091843102957501,2.116753,1.8989546,-0.4070896
884,0.8,1,0.831618035319815,2.3341296,2.1322289,0.8511968
885,0.8,1,0.8294650140102302,2.3076959,2.1557047,0.7004891
886,0.825,1,0.8457585761227019,2.491992,2.2939916,1.1396337
887,0.6,1,0.7578892099074792,1.5265303,1.3139777,-1.0466261
888,0.8,0,0.7749807647431709,1.8277738,1.9974802,0.7570959
889,0.8,1,0.8617722874558948,2.6667383,2.5585566,1.2010708
890,0.6,0,0.7357208726917663,1.3466892,1.498564,0.1606456
891,0.975,1,0.8496091716184496,2.5020878,2.3400466,2.217967
892,0.55,1,0.8339364539622329,2.305921,2.1503978,2.0527468
893,0.875,1,0.8301021917582659,2.307624,2.1232853,0.67162615
894,0.975,1,0.8213261571351111,2.208867,1.9746869,1.557414
895,0.725,1,0.7531202483978259,1.4306684,1.2054713,-0.040884852
896,0.925,1,0.808921199053209,2.0523186,1.8527081,1.6150892
897,0.925,1,0.8902874646985416,2.998231,2.8964937,0.8645025
898,0.775,1,0.8288132362706819,2.2650495,2.0921338,1.4247634
899,0.875,1,0.8193875763413779,2.1558259,2.0103078,1.544337
900,0.85,1,0.8202943235859659,2.190319,1.9621239,1.6852493
901,0.65,0,0.7308865800148792,1.3878129,1.5025294,1.9498544
902,0.775,0,0.7731676162179237,1.7704136,1.9565461,2.3313832
903,0.975,1,0.8364013924905521,2.3922367,2.199746,0.50893694
904,0.425,1,0.7981277725399383,1.9793952,1.7666168,-1.0846747
905,0.95,1,0.8151573037496849,2.114401,1.9113894,1.8007083
906,0.7,1,0.8192836686503874,2.2095938,1.99326,0.45824295
907,0.875,1,0.8506755492338585,2.5854073,2.4227915,-0.24346775
908,0.825,1,0.7801995088406204,1.7345521,1.5661974,-0.26923454
909,0.975,1,0.8400103702664528,2.4298933,2.2096584,1.6622653
910,0.725,1,0.7679980372307429,1.6020691,1.40254,0.41516507
911,0.8,1,0.8024489514610449,2.0275927,1.7560886,-0.35877144
912,0.925,1,0.8410959506167971,2.4089525,2.3040485,1.3414736
913,0.8,1,0.8299494056712986,2.2937098,2.1276846,1.3692603
914,0.675,1,0.7438359437999998,1.4242626,1.1534505,0.3927046
915,0.8,1,0.8181501244149094,2.205131,1.9940232,-0.07855785
916,0.875,0,0.8111827366894647,2.2307272,2.4736593,2.1806617
917,0.65,0,0.681528073041419,0.7728663,0.8964639,1.4037864
918,0.875,1,0.8499843435408744,2.5837798,2.421904,-0.06423348
919,0.75,1,0.8254164926482599,2.2597015,2.0625193,0.49520355
920,0.85,1,0.8408002819932454,2.4624367,2.2759428,0.08198029
921,0.825,1,0.8295470622931591,2.3050573,2.154932,0.77717453
922,0.75,1,0.7926395346438369,1.8885484,1.6926534,0.3609072
923,0.975,1,0.820000242533176,2.2729063,2.0890253,1.2086086
924,0.625,1,0.7936305948428541,1.8771133,1.7112491,0.38513482
925,0.85,1,0.796311687259758,1.9378374,1.7796385,0.019908965
926,0.9,1,0.8486542294929138,2.5096772,2.3661962,1.9938703
927,0.925,1,0.8077584704739241,2.0555105,1.8383281,1.286093
928,0.75,1,0.8214245646830332,2.243885,2.0248115,-0.04743707
929,0.825,1,0.8662895624393254,2.769192,2.5777526,0.26557046
930,0.675,0,0.8068367637811458,2.175779,2.3573291,1.7714262
931,0.85,1,0.8310126347681058,2.325274,2.1588454,0.75611216
932,0.8,0,0.7671151166016852,1.6605363,1.8790593,1.86591
933,0.825,0,0.812321634544102,2.2170808,2.4784708,1.6642885
934,0.725,1,0.7442693214992104,1.4523714,1.1655146,-0.8311657
935,0.825,1,0.8276981400579366,2.2530174,2.1247478,1.8817859
936,0.975,1,0.8791298519518437,2.8693419,2.7130077,1.7966943
937,0.8,1,0.7923654114082915,1.8392036,1.6588256,1.7358813
938,0.825,1,0.7917532833751881,1.8537259,1.671916,0.7341028
939,0.825,0,0.8001826251132873,2.0699766,2.3103778,2.6598115
940,0.975,1,0.8671490531058532,2.75593,2.6115727,0.5416809
941,0.975,1,0.8141366567428951,2.1027157,1.9688531,0.5243605
942,1.0,1,0.8271974481454685,2.2878642,2.15848,0.17089134
943,0.925,1,0.8324505481712987,2.345278,2.195669,0.025552332
944,0.9,1,0.7578964374260253,1.6235753,1.3825204,-1.1375132
945,0.925,1,0.8327807084598833,2.3243399,2.1780365,1.7191467
946,0.85,0,0.7912598989651702,1.9913814,2.2220325,1.52525
947,0.85,1,0.808426634388512,2.0879998,1.9221523,0.073097765
948,0.875,1,0.810262235816425,2.107513,1.8712053,0.85763866
949,0.775,1,0.8120434081715409,2.1482677,1.8721089,0.013089299
950,0.75,1,0.8106243324827636,2.1042128,1.9208395,0.39139664
951,0.825,1,0.7941988924615966,1.8704779,1.6942712,1.3652725
952,0.825,1,0.7663193354401754,1.6730067,1.4494663,-0.099069774
953,0.55,0,0.7533925405118234,1.55802,1.725167,0.18772757
954,0.85,1,0.8214775062925597,2.2171688,1.9880681,1.5292492
955,0.8,1,0.8183401665851029,2.1748023,1.9573488,0.84236676
956,0.625,1,0.7622625236523064,1.5863924,1.2934659,-1.3143123
957,0.775,1,0.6944131042333421,0.8440444,0.53560925,-0.09075463
958,0.9,1,0.7395418197616894,1.2720058,1.0258976,-0.12402856
959,0.825,1,0.8196247115364165,2.1721244,2.0322766,0.91059023
960,0.8,1,0.7401573273264748,1.3722005,1.099523,-0.30765736
961,0.7,1,0.7889063756682434,1.8564801,1.6371441,0.0046309233
962,0.875,1,0.8513155217870363,2.5841162,2.385904,0.39857686
963,0.6,1,0.8251103393059837,2.1946056,2.0725586,1.7528572
964,0.65,1,0.8267661494015777,2.2565742,2.115763,0.9599467
965,0.7,1,0.8394717683471484,2.3789945,2.2710328,1.1412868
966,0.875,1,0.8494876966797977,2.553207,2.3575962,1.5456176
967,0.9,1,0.8070231406644581,2.0786843,1.8476207,-0.11162174
968,0.9,0,0.8048143191114066,2.1519895,2.3590817,1.3683462
969,0.6,1,0.7785488903999135,1.7288533,1.4807543,-0.0073806047
970,0.9,1,0.8248744353068505,2.2813244,2.116595,-0.11266464
971,0.85,1,0.7806326283703726,1.7288818,1.531011,0.5547958
972,0.75,1,0.8057011335445907,2.0229957,1.8073997,1.1242046
973,0.9,1,0.8328113036297445,2.4195077,2.2258701,1.7634268
974,0.8,1,0.8001590019788656,1.979468,1.7713039,0.39152157
975,0.75,1,0.7760072459293232,1.7800431,1.4631622,-0.75657976
976,0.6,1,0.8210899707456017,2.3171678,2.1227841,0.35985094
977,0.825,1,0.8524664438129929,2.5468836,2.402484,1.3127112
978,0.775,1,0.8278041459242451,2.2791362,2.088112,1.6482143
979,0.825,1,0.7972321135841278,1.9200466,1.7021394,1.1453178
980,0.875,1,0.7620602807448691,1.6419287,1.4113419,-0.020502508
981,0.975,1,0.8456154897772858,2.4657185,2.319243,2.0358906
982,0.85,1,0.8069976222280508,2.0553942,1.834348,1.087156
983,0.95,1,0.8582672484714535,2.6968298,2.4584055,-0.022868514
984,0.775,0,0.8111850370493714,2.2615583,2.4813848,0.3899501
985,0.925,1,0.828006940622243,2.2837846,2.1337695,1.1544075
986,0.875,1,0.7958210500088734,1.9974394,1.8191966,0.5232139
987,0.85,1,0.7795627170935048,1.7092817,1.4980357,0.72736603
988,0.9,1,0.841218572343406,2.4238477,2.250237,1.2212267
989,0.9,1,0.7967420819763971,1.9636617,1.7507079,-0.35083044
990,0.725,1,0.8077058498528517,2.1297913,1.9405074,1.0845747
991,0.8,1,0.8307223121767086,2.2908027,2.1092668,2.0203826
992,0.825,1,0.7949726684725581,1.9163418,1.7915401,-0.43511575
993,0.8,1,0.852142618550516,2.5257802,2.401775,2.2842317
994,0.7,0,0.7430963348588631,1.5068202,1.7011323,1.1642687
995,0.85,1,0.8023151873966958,1.9853566,1.7978208,0.6583825
996,0.75,0,0.7953969462698794,2.0653052,2.2335563,0.983089
997,0.775,1,0.8308647125327011,2.339069,2.1168542,1.3386002
998,0.825,1,0.8108148422047049,2.104681,1.9357281,0.24030119
999,0.675,1,0.8207508995493837,2.2250335,2.009004,0.50517327
1000,0.75,1,0.8352561454094404,2.3923125,2.138636,1.4156711
1001,0.875,1,0.8564394915000594,2.623107,2.4867554,0.6168724
1002,0.875,0,0.7710761244410103,1.7529227,1.9727695,0.80612665
1003,0.775,1,0.7695408550352969,1.6260324,1.4187489,-0.3197559
1004,0.775,0,0.7602369049817145,1.7124065,1.9178022,1.3031106
1005,0.8,1,0.7293494100526807,1.2800336,0.9577693,-0.94085276
1006,0.575,1,0.7908825437125422,1.893528,1.678728,-0.43868965
1007,0.975,1,0.836793193902782,2.356804,2.1865497,2.1670506
1008,0.525,0,0.6610582958804305,0.7041602,0.7382324,0.68805057
1009,0.85,1,0.860818466802453,2.6605008,2.5172715,1.9070158
1010,0.975,1,0.8130298165465686,2.1410024,1.9444001,-0.4001516
1011,1.0,1,0.8494260496397992,2.5105374,2.3505764,2.101913
1012,0.75,1,0.7894917282347729,1.8429794,1.6483362,0.078801274
1013,0.9,1,0.7991859653925555,2.068475,1.7882351,0.04893315
1014,0.675,1,0.8195952570221055,2.2114644,1.967701,0.8772784
1015,0.85,1,0.7881362277110959,1.9025999,1.7151685,0.5763398
1016,0.9,1,0.8350515760688928,2.3390725,2.1699314,2.1007457
1017,0.9,1,0.8376288613521758,2.4017136,2.2387033,0.22708237
1018,0.675,1,0.7015204528763115,0.8978009,0.66844314,-0.1539768
1019,0.8,1,0.839659293883442,2.4127412,2.280838,1.7073336
1020,0.625,1,0.7975967853829609,1.9508271,1.7403479,0.23103917
1021,0.95,1,0.9157666093800096,3.2884376,3.1437347,2.644116
1022,0.775,1,0.8509148512682528,2.5601177,2.3739038,0.9507256
1023,0.675,1,0.7484679858037487,1.4034901,1.1494279,-0.6081921
1024,0.925,1,0.8073775662377701,2.1115463,1.8403475,0.20562446
1025,0.95,1,0.9068874033748736,3.2226377,3.0676622,0.9110456
1026,0.625,1,0.7486566548468712,1.5095422,1.2240415,-0.40477264
1027,0.675,0,0.6838532270210241,0.8390901,0.9590445,-0.1328882
1028,0.85,1,0.7874148221028425,1.8593802,1.6173398,0.4626854
1029,0.675,1,0.7639641444999558,1.5647659,1.3457965,-0.22140181
1030,0.8,1,0.7601462335473732,1.6136264,1.3330634,0.112804055
1031,0.75,1,0.821003724824136,2.2805,2.1265764,1.2353973
1032,0.975,1,0.8516516468312815,2.5135174,2.3763762,2.4475706
1033,0.825,1,0.799619508631463,1.9451562,1.7737927,0.7988511
1034,0.875,1,0.8484393161404159,2.5219703,2.3774962,1.6712282
1035,0.8,1,0.7995349804604261,1.9477108,1.7603753,1.3909097
1036,0.675,1,0.8129227210098346,2.1182394,1.92242,0.70985466
1037,0.75,1,0.7845956861668457,1.8028815,1.5753717,0.68443924
1038,0.625,0,0.7351481965190052,1.3532921,1.4976163,1.4717274
1039,0.7,1,0.8712817178349375,2.751288,2.638494,1.7706239
1040,0.925,1,0.842680294675711,2.4670348,2.3224595,0.38030964
1041,0.9,1,0.8116005837512572,2.1176822,1.8901618,0.4532867
1042,0.75,1,0.7791784662551838,1.6854957,1.5310202,1.5462561
1043,0.7,1,0.7966753611874027,1.9206462,1.7501895,0.67553574
1044,0.75,1,0.8261267327350088,2.2872524,2.0879734,0.21073401
1045,0.725,1,0.8034876426620473,2.0056915,1.8035035,0.67887694
1046,0.8,1,0.7949941888607532,1.8940316,1.7086635,0.71455866
1047,0.7,1,0.8141963043532107,2.128139,1.9914005,0.54570013
1048,0.7,1,0.8031120874354388,2.0357451,1.7955904,0.015373826
1049,0.85,1,0.8260104789504221,2.3766801,2.1255145,0.6352325
1050,0.875,1,0.7774915596548595,1.759489,1.5164225,-0.23729938
1051,0.975,1,0.8256763737353345,2.2619722,2.0958138,0.7254124
1052,0.825,1,0.8188956969227814,2.2400877,1.9763181,-0.09803903
1053,0.925,1,0.8498337066038707,2.5043862,2.3762095,1.6278863
1054,0.85,1,0.8319648488226762,2.308117,2.1085713,1.698612
1055,0.825,1,0.8701073602578362,2.8301518,2.6585884,2.4014041
1056,0.75,1,0.8248328184229803,2.276575,2.1044736,0.32399303
1057,0.9,1,0.8418314600118049,2.4502199,2.3126426,0.51760393
1058,1.0,1,0.8391123742919169,2.3968077,2.2760453,0.7938195
1059,0.675,1,0.7538516987812309,1.5397637,1.2460017,-0.069309115
1060,0.85,1,0.8447417222176992,2.4643698,2.3165326,1.1962729
1061,0.925,1,0.8298703174542477,2.3037012,2.1341887,0.66155535
1062,1.0,1,0.867192510040603,2.724041,2.604773,1.0960417
1063,0.575,1,0.7662739504369694,1.5945821,1.374723,-0.14917505
1064,0.725,1,0.7734895148336792,1.748909,1.523809,1.3231664
1065,0.8,1,0.796447418560297,1.9351244,1.7278541,1.0173113
1066,0.925,1,0.8083826047927005,2.0637627,1.8615286,0.71657234
1067,0.725,1,0.8133886758866786,2.1402273,1.9551837,0.8108254
1068,0.925,1,0.7897503433237325,1.8252265,1.6355083,1.4938557
1069,0.95,1,0.872094223368472,2.8005412,2.6632166,0.75767905
1070,0.775,1,0.7648728198448249,1.5655463,1.3776783,-0.22470516
1071,0.775,1,0.8336762088042655,2.3386192,2.1614606,1.2307701
1072,0.775,1,0.8325635595198583,2.3925378,2.2008028,-0.7743134
1073,0.725,1,0.7972928723438542,1.9575675,1.7590958,-0.22491777
1074,0.875,1,0.7853429748536634,1.9284827,1.6661992,-0.44529313
1075,0.85,1,0.8372080426342365,2.3724852,2.2319546,1.5088797
1076,0.725,1,0.7631867453062688,1.5366579,1.3270843,0.9146696
1077,0.9,1,0.85673930471105,2.6224017,2.4739127,1.6886461
1078,0.825,1,0.8016882913194707,2.0074382,1.7809566,-0.0907048
1079,0.775,1,0.8485102692547699,2.523831,2.3957672,1.6135814
1080,0.7,1,0.8212413821495352,2.1835165,2.053537,1.0704174
1081,0.7,1,0.8467369555385822,2.5181227,2.3114479,0.8414455
1082,0.625,0,0.7742285383594221,1.7520019,1.9838861,2.2039025
1083,0.6,1,0.8131411099038977,2.1525354,1.9921305,-0.41176695
1084,0.6,1,0.7869285054494142,1.9257512,1.6709957,0.70011
1085,0.775,1,0.7375502355310404,1.3472652,1.1002474,-0.0053509474
1086,0.8,1,0.7557457332613919,1.5319146,1.2781062,1.0032539
1087,0.725,1,0.7582395094856598,1.5023706,1.3310568,-0.5499767
1088,0.65,0,0.7809871853409247,1.9393256,2.1635768,2.0084085
1089,0.775,1,0.8469407170341211,2.5059576,2.2917895,1.1895823
1090,0.625,1,0.8140619626938743,2.1208198,1.9509096,1.4179096
1091,0.8,0,0.7712784629283624,1.7242157,1.985796,1.8742709
1092,1.0,1,0.8383334175787795,2.4298477,2.237659,0.36939436
1093,0.925,1,0.7802596856636075,1.7462552,1.5305533,0.22732842
1094,0.8,0,0.6591405137367037,0.6211409,0.691432,1.6765213
1095,0.725,1,0.8185803776675495,2.1776938,1.9839976,1.4323606
1096,0.775,0,0.8055346947298749,2.144374,2.395466,1.1555343
1097,0.85,1,0.8303376705537527,2.2610357,2.1348479,1.5415697
1098,0.775,0,0.773920138905718,1.8875551,2.0819945,2.2045362
1099,0.775,1,0.7661639524859392,1.6885518,1.4158547,-0.58380926
1100,0.975,1,0.7946835696022557,1.9641707,1.7970366,0.49817663
1101,0.8,1,0.834105321487633,2.3331704,2.1965058,1.8551352
1102,0.85,1,0.8639623367841883,2.6612504,2.5485373,2.4208875
1103,0.75,1,0.795687367389924,1.9325373,1.7230442,0.23574078
1104,0.95,1,0.816849817892825,2.1321545,1.9958249,1.0538173
1105,0.825,1,0.8670836126246718,2.7068515,2.571492,1.6801345
1106,0.825,1,0.8496063935505018,2.542057,2.395518,1.5356617
1107,0.925,1,0.8311638931090999,2.3295753,2.115427,1.4901676
1108,0.975,0,0.7570138929966643,1.6037431,1.8198346,0.37275755
1109,0.775,1,0.8448625724404597,2.487931,2.326682,0.8619619
1110,0.8,1,0.7835686617065492,1.7575716,1.5642071,0.69434553
1111,0.85,0,0.7026912641591133,1.097943,1.1608851,1.156919
1112,0.95,1,0.8460170810568016,2.5290859,2.291223,0.2738682
1113,0.8,1,0.7723626133564654,1.6532972,1.4211314,0.52782255
1114,0.85,0,0.7125402277311271,1.1294658,1.3027307,1.8525057
1115,0.65,1,0.839136879466462,2.4198136,2.191299,0.902525
1116,0.725,1,0.8498235203245861,2.5519013,2.38851,0.7864104
1117,0.925,1,0.8087700708033565,2.0655122,1.9129634,0.5121222
1118,1.0,1,0.8267100818936982,2.3225443,2.0928154,-0.21424258
1119,0.625,1,0.7812784687549849,1.789437,1.5433605,-0.25403678
1120,0.525,0,0.7246730057541838,1.2559631,1.3896174,-0.7508029
1121,0.875,1,0.805745531516529,2.0989614,1.9324481,1.5380049
1122,0.875,1,0.8942287414634431,3.0435474,2.9015527,1.6376863
1123,0.9,1,0.832515885796793,2.3667424,2.1809258,-0.18177116
1124,0.875,1,0.8192089656369511,2.2133696,2.0588398,-0.15203851
1125,0.775,1,0.7590852071832299,1.6143205,1.353558,0.39023525
1126,0.825,1,0.813539772163308,2.1239088,1.9056516,0.67480904
1127,0.975,1,0.8061598868516553,2.0258908,1.833467,0.810618
1128,0.525,1,0.8480435428364148,2.5659184,2.2946692,0.41992486
1129,0.825,1,0.8175643960562076,2.1536574,1.9619637,1.6834478
1130,0.725,0,0.7455963169956892,1.4635282,1.6099335,1.7024281
1131,0.85,1,0.864306939782493,2.719269,2.5238805,1.0425277
1132,0.8,1,0.8262140609897738,2.270541,2.044701,0.8494039
1133,0.85,1,0.8687530154778205,2.722941,2.584744,1.7703309
1134,0.6,1,0.7847927959206051,1.7919598,1.5951948,1.0384421
1135,0.575,1,0.7900574528450417,1.8615309,1.6523244,0.2896167
1136,0.8,0,0.7424665130501427,1.4223311,1.603513,1.1745119
1137,0.825,1,0.849446134534419,2.537806,2.3524878,0.6469651
1138,0.725,1,0.804040611291573,2.0134497,1.8840616,0.4618097
1139,0.575,1,0.7744291119977813,1.6802253,1.4501442,0.80376273
1140,0.675,0,0.7379803823258348,1.4170413,1.5833654,-0.26509082
1141,0.775,1,0.8281223969891589,2.3325357,2.1642334,1.7935641
1142,0.925,1,0.8420599096881873,2.5099173,2.2696948,-0.22406304
1143,0.875,1,0.8351519289242928,2.4135678,2.2196493,0.1109038
1144,0.85,1,0.840037856542518,2.4304223,2.2612464,0.26341593
1145,0.725,1,0.8016853912166193,2.0168812,1.7829447,0.04024136
1146,0.75,1,0.8155121387101858,2.1675792,1.9508214,0.36930764
1147,0.775,1,0.8410937541631786,2.420502,2.2694502,1.1889095
1148,0.775,1,0.8160448331454802,2.1332011,1.9534855,1.5771754
1149,0.75,1,0.7833240831590917,1.8662407,1.5864486,0.9786125
1150,0.925,1,0.8355047915343993,2.3620224,2.2150054,0.65954167
1151,0.9,1,0.8088780587392985,2.0852346,1.9129865,-0.33210838
1152,0.85,1,0.762492905654118,1.5151078,1.3032119,1.202321
1153,0.875,1,0.8063366212500885,2.0852065,1.8520536,-0.42962205
1154,0.725,1,0.7953684373256564,2.002954,1.826923,0.9976645
1155,0.55,0,0.6507326983667903,0.46586052,0.56433636,-0.026222825
1156,0.9,1,0.8266204557608556,2.270694,2.0503032,1.5863299
1157,0.925,0,0.8017727688681208,2.068224,2.3270235,2.3319569
1158,0.775,1,0.7875995415341477,1.8278229,1.6106672,1.0319905
1159,0.65,1,0.7960535207177145,1.945008,1.6920651,0.678263
1160,1.0,1,0.8195477702734193,2.1856956,1.969918,1.5521939
1161,0.5,1,0.760042648130153,1.5616019,1.2688072,-1.9766388
1162,0.675,1,0.8093264885066497,2.0766103,1.8730395,0.6938129
1163,0.9,1,0.7345129893270056,1.3391414,1.057909,-0.8676213
1164,0.925,1,0.8233563326470902,2.2255015,2.0634654,0.6289869
1165,0.85,1,0.857135199759274,2.6321073,2.4321604,0.7781611
1166,0.825,1,0.8561002715022363,2.627615,2.411328,1.5897548
1167,0.725,1,0.8041859032435638,2.0242062,1.8105259,1.1358495
1168,0.825,1,0.8435599120316315,2.4875364,2.3499715,0.15353209
1169,0.9,1,0.8175123330669557,2.1551416,1.9463894,1.6742346
1170,0.75,1,0.7827307382449575,1.7727275,1.6287016,0.7466498
1171,0.8,1,0.7910861856571256,1.8698843,1.6524754,0.91660887
1172,0.825,1,0.7953973490112995,1.8685985,1.691973,1.8786798
1173,0.875,1,0.7683449324684173,1.6738222,1.4675424,1.0135741
1174,0.725,1,0.7658796060993115,1.6606236,1.4199443,0.24323666
1175,0.65,1,0.8026792895260774,1.9629642,1.7722983,1.4643426
1176,0.8,1,0.8543611326736952,2.60395,2.443253,0.51919895
1177,0.975,1,0.8429269005922964,2.4461167,2.2562702,1.3620143
1178,0.675,1,0.880861279864276,2.832837,2.7343426,3.019267
1179,0.925,0,0.76733068857478,1.7113206,1.9213467,1.0595725
1180,0.675,0,0.7933726486927467,2.0445628,2.2337422,1.924582
1181,0.675,1,0.8468018116630079,2.4679952,2.2849755,1.9878962
1182,0.9,1,0.8046900976754618,2.0582287,1.8113041,0.12746006
1183,0.8,1,0.8025564179447284,2.0101016,1.7679839,0.29920113
1184,0.9,1,0.7911758970783871,1.8721904,1.6432967,1.0334239
1185,1.0,1,0.8681368854079166,2.7639532,2.5963635,1.0211811
1186,0.925,1,0.8333160858914156,2.3271635,2.2002568,1.1200027
1187,0.8,1,0.8422303792709701,2.4380245,2.3170567,1.163867
1188,0.975,0,0.7794875174384932,1.8696408,2.0318515,2.0155194
1189,0.875,1,0.7844654675057917,1.7548323,1.5825607,1.4650545
1190,0.65,1,0.7957286802764287,1.9026113,1.7284772,0.7031422
1191,0.875,1,0.83140550061791,2.299766,2.1534128,1.8998113
1192,0.775,1,0.7991985750351144,1.8985102,1.7419909,1.752264
1193,0.975,1,0.8405417709632803,2.428569,2.224508,1.7855332
1194,0.8,1,0.8309256168054222,2.2945237,2.1577544,1.230073
1195,0.7,0,0.788786929504538,1.919836,2.175652,2.5724218
1196,0.925,1,0.7901451612622178,1.8337103,1.6299171,1.426374
1197,0.875,1,0.8295003413040494,2.321756,2.0843117,1.3988266
1198,0.725,1,0.7451456436237189,1.4799595,1.2198946,-0.25316042
1199,0.9,0,0.7615835199707901,1.6270218,1.8157511,1.3106022
1200,0.65,1,0.7991916410233819,1.9672785,1.7397888,1.0849943
1201,0.875,1,0.8104361807062856,2.0824256,1.918216,1.2342038
1202,0.775,1,0.8085106973562578,2.0918684,1.854387,0.8493038
1203,0.95,1,0.8643261211188608,2.7016,2.5575864,0.88249594
1204,0.725,1,0.8278986013414278,2.253196,2.145874,1.8943992
1205,0.825,1,0.8336373485475427,2.3672602,2.197879,1.1760197
1206,0.75,1,0.844695691777485,2.5089278,2.3795564,0.09735447
1207,0.65,0,0.7736991338277115,1.7409401,2.0344324,1.6391447
1208,0.75,0,0.8026574750470571,2.2410803,2.4284093,1.4856021
1209,0.925,1,0.8284616543092108,2.2454262,2.0843027,2.3727074
1210,0.825,1,0.7738848019768649,1.6768825,1.4651469,-0.06406605
1211,0.875,1,0.8163239892308245,2.1715407,2.0124073,0.95661145
1212,0.775,1,0.8004874890980498,2.0149944,1.791095,-0.15523398
1213,0.725,1,0.7781901218359504,1.8122945,1.6004295,-0.3444149
1214,0.875,1,0.8156592499487583,2.1671846,1.9787376,0.3189147
1215,0.6,0,0.7790523278015,1.8338325,2.031433,1.8347759
1216,0.7,1,0.8293033310787351,2.321329,2.131663,0.6051231
1217,0.85,1,0.7836784040450198,1.821543,1.6569548,1.4008226
1218,0.975,1,0.8479131326936802,2.5411887,2.352374,0.41993535
1219,0.8,1,0.8205884816771977,2.2410553,1.9975901,0.81385714
1220,0.675,0,0.686492855798809,0.86309713,0.9686602,1.6656036
1221,0.925,1,0.7988372312149614,2.0036666,1.7526674,-0.5926975
1222,0.875,1,0.8242419033970126,2.2409384,2.1301486,0.3651362
1223,0.825,1,0.8010896124491155,2.0163336,1.7765684,0.025604367
1224,0.825,1,0.8829696774721896,2.909337,2.769942,1.5942068
1225,0.85,0,0.8119672798434088,2.1822448,2.4068756,3.2947798
1226,0.9,1,0.7649978781758229,1.5305576,1.3487167,0.5914541
1227,0.925,1,0.850150437330357,2.525407,2.418995,0.5674935
1228,0.775,1,0.8308995517783109,2.333996,2.1786819,0.19271237
1229,0.725,1,0.826480771450335,2.3492887,2.1785111,0.9030705
1230,0.7,1,0.8041263434671211,2.0419254,1.790107,0.06076181
1231,0.925,1,0.7345334913289194,1.4144583,1.1338654,-0.45762676
1232,0.8,1,0.8090405209430616,2.0981517,1.8678639,0.8438733
1233,0.8,1,0.7946556941077259,1.8692561,1.7419906,1.2062984
1234,1.0,1,0.8890180856765024,2.9925268,2.834672,1.107233
1235,0.925,0,0.7640815685176717,1.6692445,1.8680594,1.9406676
1236,0.925,1,0.760217890479328,1.6321611,1.3496275,-0.3200382
1237,0.85,1,0.8113432883152354,2.0814636,1.8929532,0.5303946
1238,0.85,1,0.8328231036729004,2.3938165,2.147098,0.8367291
1239,0.85,1,0.7787560233486968,1.7323937,1.4809288,0.53154427
1240,0.975,1,0.836809463485152,2.3722553,2.2014873,0.5519188
1241,0.875,1,0.8301618116862759,2.288405,2.1520643,1.160542
1242,0.65,1,0.7963827232627414,1.9392235,1.7166117,0.6234122
1243,0.75,1,0.8058135922683911,2.0248606,1.8244805,0.7616988
1244,0.925,1,0.7459502282728763,1.4630688,1.1880528,-0.64945114
1245,0.775,1,0.8158495931733951,2.1932576,1.9383061,0.7426408
1246,0.875,1,0.8609549245661793,2.6705313,2.523846,1.7449493
1247,0.725,1,0.7968659591877529,1.9654936,1.7386372,-0.012949109
1248,0.75,1,0.7786369052459973,1.7246983,1.523931,0.24795163
1249,0.725,1,0.813087216515162,2.132018,1.901039,0.42581087
1250,0.775,1,0.8514573088083759,2.5381167,2.420063,1.2962041
1251,0.825,1,0.8730480587863697,2.779978,2.6655092,2.2508643
1252,0.825,1,0.8430778811205473,2.4345284,2.3330474,0.66074234
1253,0.85,1,0.847524977235778,2.5019739,2.3906078,0.8296004
1254,0.825,1,0.8251899030960769,2.2679167,2.0601985,1.3659956
1255,0.825,1,0.8295565656014736,2.275945,2.1656594,1.2128801
1256,0.7,0,0.7313353195013446,1.3366115,1.4596303,0.47079188
1257,0.85,0,0.8138239260370763,2.2638435,2.5170834,0.8518701
1258,0.925,1,0.8354189377171511,2.3905468,2.1676803,1.4302058
1259,0.8,1,0.7807273920551387,1.7231443,1.5429854,0.34192812
1260,0.9,1,0.8124961625515702,2.0718808,1.9298956,1.0931025
1261,0.7,0,0.7725965216098023,1.7784531,1.9742246,1.2967677
1262,0.95,1,0.8307888934770393,2.3374505,2.1171908,1.3512697
1263,0.85,0,0.729569986889753,1.2867024,1.4476612,1.515645
1264,0.9,1,0.8566836784999317,2.6204348,2.4143496,1.8820627
1265,0.8,1,0.8285651313718061,2.291511,2.1406012,1.4524784
1266,0.925,1,0.875704040986925,2.851028,2.684797,1.1180086
1267,0.9,1,0.7866057833732969,1.8152021,1.5971577,1.049721
1268,0.65,1,0.7092184422193358,1.0435138,0.7344123,-1.1254889
1269,0.65,1,0.7750847143587511,1.7060332,1.5229363,-0.6072473
1270,0.875,1,0.7894334557130878,1.986073,1.7194036,-0.5992605
1271,0.775,1,0.8311592979173245,2.3217235,2.1245043,1.6229088
1272,0.8,1,0.8182975997434799,2.1946545,1.987844,0.48958975
1273,0.95,1,0.7915990713747014,1.9768136,1.7336373,0.7537556
1274,0.925,1,0.8122977394379924,2.1063037,1.9152963,0.7979179
1275,0.825,0,0.6933780874627213,0.93357366,1.0771232,0.040209174
1276,0.75,1,0.8212599903264017,2.1643934,2.0313756,1.6881442
1277,0.875,1,0.778528276109918,1.827357,1.5421872,0.4871984
1278,0.7,1,0.8707704776660368,2.7838626,2.5895946,0.26090008
1279,0.85,1,0.7795101553722406,1.7422554,1.5140194,0.1523515
1280,0.7,1,0.7749681696000357,1.6545985,1.5395899,0.786182
1281,0.8,1,0.7847233131990106,1.774339,1.5871807,0.6275702
1282,0.75,0,0.7813213706609037,1.8890246,2.0908432,1.8332515
1283,0.875,1,0.7996461027607451,1.9784026,1.7534397,0.3155352
1284,0.825,1,0.8354275893280303,2.3672843,2.2331283,0.82081705
1285,0.65,1,0.8131445096406265,2.1425066,1.934494,0.3853687
1286,0.8,1,0.809960625606259,2.078657,1.870534,0.69901186
1287,0.825,0,0.7792046826698712,1.8046062,2.0706413,2.8418345
1288,0.8,1,0.8226871611830493,2.2492611,2.0792072,0.97432595
1289,0.9,1,0.8500247595402565,2.5429447,2.370346,1.6982114
1290,0.625,0,0.775566982075291,1.7912698,1.9861934,2.4938812
1291,0.8,1,0.8457755735929519,2.588451,2.3687997,1.5398982
1292,0.75,1,0.7715787682972279,1.7374395,1.5370833,-0.17092103
1293,0.8,1,0.8473418168551236,2.5201552,2.345507,0.8598471
1294,0.775,1,0.7983776989636036,2.0334215,1.843512,0.84174544
1295,0.9,1,0.832829407216463,2.3647118,2.1270072,1.3408856
1296,0.95,1,0.8301294771746608,2.3305616,2.1120949,1.3295045
1297,0.95,1,0.7918508250945527,1.8216245,1.6453699,1.9714365
1298,0.9,1,0.8481991386491958,2.5271244,2.3519392,0.3276769
1299,0.975,1,0.8150650958858745,2.1672196,1.966026,-0.108676314
1300,0.825,0,0.7838036217125032,1.8729241,2.1359422,1.947902
1301,0.875,1,0.8470633510920947,2.454415,2.353805,2.1247313
1302,0.7,1,0.8756192260797444,2.8601143,2.686271,0.9128571
1303,0.85,1,0.8042760337098418,2.0389419,1.8041298,0.8865786
1304,0.65,1,0.7890547656129907,1.8636541,1.6274564,0.040503144
1305,1.0,1,0.847387521817367,2.5164394,2.3215594,0.40078318
1306,0.6,1,0.7920416122663116,1.8947446,1.6927261,0.078458905
1307,0.9,1,0.8086895673306252,2.0635037,1.8908961,0.5698591
1308,0.75,1,0.7796371462643447,1.8505671,1.6079819,0.10604793
1309,0.8,1,0.8165078754944708,2.1475184,1.9893076,1.4177303
1310,0.85,1,0.86704126157125,2.6996422,2.5783648,1.7924924
1311,0.6,1,0.8255410908176368,2.231955,2.0946054,1.4786859
1312,0.95,1,0.8916861955908512,2.9981558,2.8902981,1.1301937
1313,0.675,1,0.7889195964436369,1.8558619,1.6305255,0.14759076
1314,0.925,1,0.8063910927708651,2.058289,1.8618555,-0.3378867
1315,0.9,1,0.8630313556231777,2.6806517,2.543486,1.2988234
1316,0.85,1,0.7910034475796479,1.8681877,1.6599956,1.0282915
1317,0.875,1,0.8145904090733864,2.1420467,1.9313109,1.317563
1318,0.925,1,0.846994448517681,2.4440951,2.3112488,2.407095
1319,0.825,1,0.8053631090939284,2.03925,1.818068,1.1244745
1320,0.8,1,0.8014735909775198,1.9924984,1.8370211,0.9363435
1321,0.7,0,0.7820617025754139,1.876539,2.128213,1.863965
1322,0.85,1,0.8184353254566653,2.172809,2.0006695,0.19392931
1323,0.85,1,0.8126044181057752,2.120012,1.9286406,0.5970884
1324,0.9,1,0.8600215579389037,2.6583745,2.5075676,1.7777586
1325,0.875,1,0.7749702057470474,1.7051976,1.4984531,-0.60236394
1326,0.65,1,0.8531205411730558,2.6958628,2.4826586,0.642448
1327,0.925,1,0.8330606380624774,2.3478785,2.1213136,0.9776092
1328,0.875,1,0.843711581275651,2.5011127,2.2909772,-0.095291495
1329,0.8,1,0.7450966777204544,1.3516636,1.1122471,0.106062055
1330,0.8,0,0.7663056099510759,1.7783425,1.971873,2.4518838
1331,0.925,1,0.8117905553154502,2.0990238,1.8898897,1.494587
1332,0.875,1,0.7452337880146218,1.5178832,1.2718803,-0.2748341
1333,0.65,0,0.7088006850485669,1.0768276,1.2276316,1.9298894
1334,0.875,1,0.8101759863588157,2.0889614,1.8720818,1.3166394
1335,0.9,1,0.8328466928949441,2.3498225,2.179761,0.39496952
1336,0.775,1,0.8466581317588623,2.4862986,2.327654,1.2451768
1337,0.725,1,0.8357343691936918,2.4058442,2.2312346,0.39307147
1338,0.825,1,0.7895023571262079,1.8470619,1.6886334,-0.2665342
1339,0.725,1,0.8273951524546548,2.3030407,2.0621667,1.2480059
1340,0.8,1,0.8267926295671083,2.3317382,2.0793133,-0.15991032
1341,0.875,1,0.7769986323996737,1.7956545,1.5772593,0.78821975
1342,0.8,0,0.8160143715477415,2.2352033,2.505617,2.4213696
1343,0.775,1,0.8376679511915657,2.4029694,2.2385588,0.8199702
1344,0.85,1,0.8149025583706675,2.1591215,1.9157984,0.3375045
1345,0.65,1,0.8264805292957,2.2515802,2.0960727,1.0267725
1346,0.9,1,0.8300666673484207,2.2891898,2.1316972,1.7972977
1347,0.85,0,0.7358090771220419,1.3339833,1.5427921,0.9614487
1348,0.75,1,0.8023479975627448,2.0990913,1.8421526,1.1216974
1349,0.75,1,0.7573776194340778,1.5558138,1.3015137,0.59884554
1350,0.9,1,0.8374313237465768,2.3757837,2.2803416,1.1947899
1351,0.875,1,0.8444760846913133,2.455726,2.350945,0.90153223
1352,0.95,1,0.8261464651844902,2.265431,2.1082413,0.7684799
1353,0.75,1,0.7865714481739219,1.8545406,1.6381669,0.03385693
1354,0.8,1,0.8795445276302511,2.8740678,2.7512233,1.1066875
1355,0.625,1,0.7922978398286127,1.9168491,1.7070475,-0.5229963
1356,0.625,1,0.7953696607721086,1.9321487,1.7104647,0.072363734
1357,0.75,1,0.7642682787937405,1.6638726,1.3747318,0.56259495
1358,0.7,1,0.7557519046496532,1.5701294,1.2794907,0.37532485
1359,0.825,1,0.8166469599555379,2.1892574,1.9836888,-0.5892364
1360,0.7,0,0.7597014850341814,1.658408,1.860337,0.61682326
1361,0.675,1,0.8227562599180023,2.226777,2.0300028,0.8342319
1362,0.725,1,0.7180599846442546,1.1425943,0.85221267,-0.3787197
1363,0.775,1,0.8205053304636243,2.190332,2.0096512,1.0056453
1364,0.8,1,0.7675301802618653,1.7117381,1.4219041,0.07127297
1365,0.775,1,0.8159856735703478,2.1418848,1.9318063,0.92582184
1366,0.9,1,0.836581012996374,2.3864887,2.2400818,0.8578387
1367,0.875,0,0.8308403614709314,2.4635363,2.700451,1.3446803
1368,0.775,1,0.8305784391267614,2.333208,2.1551852,0.5040627
1369,0.775,1,0.8166459563215656,2.170137,2.0365593,-0.02482599
1370,0.625,0,0.7631264778213575,1.6154101,1.8815064,1.9536052
1371,0.95,1,0.834280626248983,2.3551476,2.2546122,0.20781428
1372,0.925,1,0.7976145727605987,1.9478439,1.7171869,0.78215915
1373,0.775,1,0.8105330339225019,2.0569944,1.8752964,1.9120712
1374,0.85,1,0.8430065338366465,2.4570303,2.3026466,1.6787832
1375,0.8,1,0.7673882541838262,1.6166924,1.4424078,-0.7246295
1376,0.825,1,0.8479434789705518,2.5260122,2.3582327,0.8676153
1377,0.975,1,0.814290495578055,2.0799303,1.9503021,1.0965917
1378,0.75,1,0.8428354533110936,2.4410636,2.2965264,1.194509
1379,0.9,1,0.8387911516072045,2.4445248,2.2831295,-0.31589693
1380,0.875,0,0.7616824704018392,1.627722,1.7984724,0.72862273
1381,0.9,1,0.7585322067446092,1.4725823,1.2665694,0.31358492
1382,0.725,1,0.7990794957150232,1.9366596,1.7391181,1.2267141
1383,0.85,1,0.8134080031027799,2.1760778,2.0200016,1.2305417
1384,0.925,1,0.8273399817343754,2.2529886,2.0880945,1.5678144
1385,0.775,1,0.8083311601593768,2.0329902,1.8429489,1.1088905
1386,0.9,1,0.8004305752394439,1.9589478,1.7798104,0.71822506
1387,0.75,1,0.8168073751618651,2.1701958,1.9482985,0.563386
1388,0.925,1,0.8256322197943472,2.2588012,2.0911314,0.19704068
1389,0.875,1,0.7874563957560192,1.8227053,1.6352712,-0.30673856
1390,0.9,1,0.8351600702571534,2.424363,2.1993465,-0.21882904
1391,0.825,1,0.822567965743288,2.2167428,2.0073886,1.6732569
1392,0.825,1,0.8545080337126969,2.5965607,2.4443936,1.6596084
1393,0.6,1,0.8073544057170982,2.0518863,1.8423336,0.6036845
1394,0.825,0,0.8036238386247996,2.113997,2.3818564,1.5962577
1395,0.75,1,0.7742021791926272,1.7044625,1.4666781,-0.29939473
1396,0.85,1,0.7933865536132392,1.9300802,1.6864941,-0.1270684
1397,0.75,1,0.7705999160113541,1.710865,1.4760606,-0.058921456
1398,0.8,0,0.7640323551937502,1.6525161,1.8755522,2.1268053
1399,0.8,0,0.6902868018304059,0.9353833,1.0367041,0.5875557
1400,0.825,1,0.8246193338325672,2.2494555,2.1115227,1.4149771
1401,0.8,1,0.8559586885142355,2.603622,2.4724092,1.208425
1402,0.625,0,0.7007648107722293,1.0370653,1.1870673,0.63416106
1403,0.85,1,0.8572762673279494,2.629473,2.4711208,1.6893129
1404,0.875,1,0.8578528082628125,2.6148772,2.4817183,1.3588572
1405,0.975,1,0.8521015025058886,2.5774474,2.4176984,0.49640614
1406,0.825,1,0.8535508442720421,2.5636568,2.4395702,0.99542767
1407,0.825,0,0.7367786877388068,1.3820119,1.5932751,3.014932
1408,0.825,1,0.7938649058091478,1.9030756,1.7578202,0.21513706
1409,0.8,1,0.8140804158861437,2.1198282,1.9290435,0.85142285
1410,0.875,1,0.7940893919945837,1.8794868,1.6933162,0.80780274
1411,0.775,1,0.8323070585656681,2.3953028,2.2076676,1.3954685
1412,0.725,0,0.6980115976599577,0.981976,1.1267047,0.957429
1413,0.8,0,0.847320085254709,2.662002,2.8893342,2.3688917
1414,0.85,1,0.8811949725618493,2.9519718,2.7731032,-0.1441006
1415,0.775,1,0.774607127535528,1.6844344,1.4437834,0.13812983
1416,0.75,1,0.8358099029136598,2.405485,2.2241638,0.955489
1417,0.925,1,0.7952741885581133,1.931875,1.6780088,0.8720792
1418,0.775,0,0.755697228316358,1.5242698,1.7610623,1.4444876
1419,0.875,1,0.772652772955944,1.750896,1.4709821,0.43101364
1420,0.725,1,0.8096383055923255,2.0673866,1.871556,0.84326893
1421,0.85,1,0.7148299580515054,1.1569053,0.8665031,0.12708819
1422,0.625,1,0.8209307999152926,2.218039,2.0001757,0.47507387
1423,0.85,1,0.8230157946159508,2.1976655,2.0722938,1.8634193
1424,0.925,1,0.8557724501347513,2.6078928,2.4267979,0.8843103
1425,0.775,1,0.7591964258700574,1.5961537,1.3410232,0.6686984
1426,0.925,1,0.8389977676380195,2.396221,2.223084,1.8707542
1427,0.975,1,0.8994256611799352,3.092865,2.9694386,1.5894074
1428,0.75,1,0.7753355026063106,1.68484,1.4526007,0.62859255
1429,0.925,1,0.8488721249207578,2.5340939,2.3821948,1.5367062
1430,0.75,0,0.7620725875698303,1.6804893,1.8433983,-0.05589521
1431,0.975,0,0.7808138452367345,1.8458664,2.0444202,1.6072233
1432,0.85,1,0.7859427591344198,1.8277984,1.6594726,-0.5116133
1433,0.775,1,0.7956238059995405,1.9227144,1.7045376,0.9591432
1434,0.875,1,0.8241332169807285,2.2872024,2.1469173,1.4980447
1435,0.825,1,0.8625932307385353,2.7665954,2.5537276,1.0476301
1436,0.725,0,0.7530625297375111,1.594109,1.8092029,2.797485
1437,0.775,1,0.8514846332815278,2.5895324,2.4046226,1.2085404
1438,0.875,1,0.8382051726865553,2.405593,2.2595136,1.501085
1439,0.8,1,0.762903769047758,1.5465219,1.293664,-0.037238955
1440,0.75,1,0.815403534044226,2.1295574,1.9805562,0.7514568
1441,0.85,1,0.8507274268440345,2.553547,2.3725007,1.6667819
1442,0.925,1,0.8643308954826512,2.6849978,2.537053,2.2139406
1443,0.675,1,0.8242510792764395,2.2576442,2.072025,1.0138254
1444,0.85,1,0.85549351127796,2.7190588,2.5019965,0.76037794
1445,0.75,1,0.7890183081481132,1.8637953,1.6218202,0.5638433
1446,0.8,0,0.6808605801842779,0.70615137,0.8332945,1.1420832
1447,0.825,1,0.8030754900245689,2.0098507,1.7928817,1.0500462
1448,0.8,0,0.7843571507011355,2.0182083,2.209683,1.1670256
1449,0.725,0,0.7521633332754547,1.5893021,1.8081403,2.7831938
1450,0.825,1,0.7415670370545944,1.41436,1.1378057,-0.74296176
1451,0.825,0,0.7574427666205472,1.5850506,1.7790782,1.5620244
1452,0.675,0,0.8216455409137116,2.3509395,2.556119,1.0154495
1453,0.775,1,0.8309743995294117,2.3135924,2.1544514,0.87214524
1454,0.625,1,0.7578797985385346,1.6236799,1.3342335,-0.84832966
1455,1.0,1,0.7882437820985431,1.8493788,1.6385177,-0.55311
1456,0.85,1,0.8066146861675575,2.057639,1.8183384,1.0991168
1457,0.875,1,0.8035508588944891,2.0545907,1.8136582,-0.59430945
1458,0.625,1,0.7851532322616895,1.8030927,1.6058564,0.2579862
1459,0.925,1,0.8044126106926095,2.0298195,1.8280888,-0.02680242
1460,0.925,1,0.7996233688697548,1.926966,1.7442954,1.7405965
1461,0.675,1,0.7729990203315562,1.681804,1.4529204,0.50327355
1462,0.725,1,0.8076890766342302,2.0651512,1.8769224,0.6346758
1463,0.75,1,0.8434653077399363,2.469361,2.3388593,0.5145498
1464,0.75,1,0.7826552374667761,1.7799051,1.5670571,0.24970448
1465,0.625,0,0.7124038917218433,1.1708724,1.3308008,1.0076952
1466,0.725,1,0.8202750052528145,2.1957204,1.978286,0.9045654
1467,0.825,1,0.8168413920965524,2.1504927,2.002318,1.4184277
1468,0.825,1,0.8304796428028386,2.3540084,2.1478524,0.20038277
1469,0.875,1,0.877686345468871,2.8611922,2.7269478,0.9145747
1470,0.65,1,0.8409417446834722,2.4240994,2.2359288,1.2000489
1471,0.8,1,0.7699034985855406,1.7204924,1.4558152,0.3507954
1472,0.925,1,0.8322123190726818,2.338315,2.229319,0.33391863
1473,0.675,0,0.785137351701941,1.8594488,2.13656,2.00072
1474,0.925,1,0.8556674839908561,2.5904522,2.4330723,2.0022786
1475,0.975,1,0.842509185234024,2.4469366,2.2739384,1.6816442
1476,0.8,1,0.8562507479611496,2.6139438,2.4581168,0.78009754
1477,0.825,1,0.8579399849754137,2.6559815,2.450359,0.8068877
1478,0.825,1,0.84199965365771,2.438794,2.2726011,1.0731292
1479,0.8,1,0.7635292777012886,1.6531562,1.3787289,0.2592498
1480,0.975,1,0.8515971363278787,2.5785067,2.3321831,1.3307519
1481,0.925,1,0.7964018799364025,1.9315889,1.7055032,1.1210682
1482,0.825,1,0.8472770446853148,2.5205474,2.3866577,0.40416723
1483,0.825,1,0.7942468128477735,1.915204,1.6883156,0.26867545
1484,0.85,1,0.7849222853884112,1.7749962,1.5538702,0.739286
1485,0.925,0,0.8170313471251494,2.303189,2.5414243,1.196487
1486,0.875,1,0.82283452598923,2.204304,2.0558207,0.9191504
1487,0.975,1,0.8017768666031554,2.048065,1.8184593,-0.7788276
1488,0.875,1,0.8783664148008294,2.8484476,2.7265878,2.3023021
1489,0.775,1,0.7887519293353431,1.8224328,1.6070597,1.0157528
1490,0.75,1,0.7654289587972218,1.6456711,1.4065729,1.0476885
1491,0.85,1,0.8280114455931489,2.3259952,2.1260042,0.14873916
1492,0.875,1,0.7792192928729391,1.7354354,1.5088191,0.21129096
1493,0.85,1,0.7792069236436987,1.7364876,1.5411731,0.12025511
1494,0.9,1,0.8309924168622681,2.3527648,2.1992588,-0.39917988
1495,0.825,1,0.8013970783121074,1.9774251,1.7567732,1.315377
1496,0.8,1,0.7706780945145726,1.6418424,1.4049766,0.025140405
1497,0.675,1,0.8308462485312635,2.2895994,2.105302,1.6572773
1498,0.725,1,0.7747010348522376,1.7823836,1.5206459,0.72491485
1499,0.85,1,0.7561752087932447,1.4951543,1.2403975,-0.57919896
1500,0.6,0,0.7248943018513977,1.2570019,1.4331139,1.0089016
1501,0.925,1,0.873319790660973,2.7958698,2.6535738,1.5220749
1502,0.95,1,0.8029956844318062,2.0068245,1.7989225,1.1864262
1503,0.925,1,0.856420177954816,2.5995083,2.4631681,1.317985
1504,0.8,1,0.8198928755102948,2.1940494,2.0175962,1.0227656
1505,0.7,1,0.8249585645283414,2.2769217,2.0886075,-0.06320661
1506,0.825,0,0.7950724117170871,2.065136,2.2425585,0.5542322
1507,0.775,1,0.8140214363515367,2.199258,2.0259895,1.5165062
1508,0.85,0,0.7896467030673086,1.9747715,2.226336,1.0878925
1509,0.85,1,0.8478071249261672,2.5247262,2.3618677,0.40728623
1510,0.85,1,0.848042853376376,2.5000215,2.3512897,1.295577
1511,0.825,1,0.8257512425399895,2.2806716,2.0862074,0.40011984
1512,0.8,1,0.8270208786209519,2.302658,2.1209295,0.75298315
1513,0.775,1,0.7738259643920489,1.7417293,1.5126052,0.39981353
1514,0.85,1,0.8214749828991827,2.2399518,2.0858612,-0.45340675
1515,0.575,0,0.7214470445756768,1.3622371,1.4738808,1.2171068
1516,0.95,1,0.8195813199983257,2.1879232,1.9981439,0.50783545
1517,0.95,1,0.8661616413376547,2.7405794,2.5667655,1.0145693
1518,0.75,1,0.7973448166523113,1.9186726,1.7200136,1.4749422
1519,0.8,0,0.7455656299756803,1.5198406,1.735996,1.599658
1520,0.625,1,0.8260406838194954,2.2944732,2.0657136,0.08858931
1521,0.8,1,0.8109602220419012,2.0722902,1.923548,0.82058626
1522,0.925,1,0.8577152047167078,2.636079,2.4316585,1.8076639
1523,0.95,1,0.8685977732915757,2.7197278,2.58912,1.7844486
1524,0.775,1,0.781426644930663,1.8720291,1.658153,0.04606229
1525,0.85,1,0.855493920099793,2.6392937,2.4396522,-0.016109347
1526,0.975,1,0.8571489630907627,2.680554,2.4592633,0.578237
1527,0.825,1,0.7947715789528478,1.8982738,1.7411098,1.2239747
1528,0.825,0,0.7788919633415631,1.8959763,2.0792544,2.5305557
1529,0.775,1,0.7920814106745924,1.8848614,1.6733265,0.013813138
1530,0.95,1,0.8583869034853273,2.6334198,2.5163589,0.4014054
1531,0.75,0,0.7486636134592632,1.5940781,1.733257,1.4518695
1532,0.75,1,0.8106867806674856,2.1315415,1.8742244,0.72148997
1533,0.675,0,0.7859506520011305,1.9108989,2.1220791,1.2422616
1534,0.675,1,0.770655329565017,1.6466159,1.4155124,-0.096939445
1535,0.975,1,0.8479140432512824,2.5228333,2.3291345,1.6266928
1536,0.6,0,0.7377155153806556,1.4001639,1.5680447,3.1148162
1537,0.75,1,0.8086782565251314,2.088781,1.8531064,0.96356255
1538,0.825,1,0.8166897248049989,2.1825874,1.9555247,1.017386
1539,0.85,1,0.7886804633844646,1.8159565,1.6425884,0.10755408
1540,0.875,0,0.8254386490039606,2.4007397,2.6396368,0.97662073
1541,0.575,1,0.8558499921373907,2.6247222,2.3807335,0.9866081
1542,0.725,1,0.8486828375639099,2.5036922,2.3852212,1.9507403
1543,0.825,1,0.798729893347193,2.0421271,1.851799,0.3442238
1544,0.85,1,0.8092345641544801,2.0682292,1.8654537,0.7269164
1545,0.825,1,0.8304927257975164,2.3175402,2.1516874,0.8014136
1546,0.9,1,0.85680564772463,2.5990252,2.4501252,2.0908682
1547,0.9,1,0.8283613225250437,2.322373,2.1003666,0.08495724
1548,0.975,1,0.8216822760316826,2.2317312,2.0150084,0.6119109
1549,0.825,1,0.7301968470776156,1.2778934,0.9855976,-0.009154201
1550,0.825,0,0.7463915877227172,1.5749378,1.6999583,1.3089571
1551,0.9,1,0.8252490972041562,2.2775135,2.03848,1.2329266
1552,0.775,1,0.8054699673315782,2.020303,1.8445683,0.7081371
1553,0.825,1,0.8003252100560585,1.9840617,1.7534468,0.3843509
1554,0.825,1,0.837982710065768,2.42909,2.220056,0.5828076
1555,0.85,1,0.8478037230934065,2.5272117,2.355226,0.49521595
1556,0.7,1,0.8580510353592266,2.662451,2.492685,0.5729502
1557,0.925,1,0.791020327454226,1.8727,1.6298006,1.0296502
1558,0.9,1,0.8230269399541846,2.2547965,2.0230653,1.1298504
1559,0.85,1,0.8139597263400907,2.1538277,1.9796813,0.013071835
1560,0.75,1,0.7823739070293954,1.7763375,1.5326407,0.52618223
1561,0.825,1,0.8477450392234631,2.6181893,2.3935583,1.8616393
1562,0.825,1,0.8465493004209281,2.5075645,2.3665576,0.51818186
1563,0.8,1,0.769276265102933,1.6331899,1.3995979,-0.28010833
1564,0.8,1,0.8764114673993595,2.8557668,2.7178833,1.1408682
1565,0.775,1,0.7840985571399682,1.86695,1.6190968,0.5811518
1566,0.875,1,0.8397461897291845,2.4018912,2.2521496,1.8852577
1567,0.775,1,0.7660793793180231,1.6875113,1.4329348,0.10547215
1568,0.825,0,0.7956528882545654,1.9916217,2.2484837,2.3935266
1569,0.75,1,0.8575286505374276,2.63537,2.5230203,0.5774651
1570,0.7,1,0.8316144495541431,2.3594794,2.2019916,-0.048090875
1571,0.875,1,0.8478279291401047,2.5445411,2.348136,0.32892525
1572,0.75,1,0.7743423942067813,1.6998594,1.4796492,0.44501716
1573,0.675,0,0.7145327415381826,1.1747311,1.2996641,2.1242843
1574,0.65,0,0.766793294105035,1.7338645,1.9473739,2.642848
1575,0.875,1,0.8061486174206705,2.0195026,1.8447382,1.5536509
1576,0.775,1,0.8276941304364709,2.2837148,2.1371894,0.74132735
1577,0.825,1,0.8230564255319469,2.2431536,2.0860715,0.107873976
1578,0.55,0,0.7242802192594063,1.359657,1.4252069,-0.5602273
1579,0.675,1,0.7779142025857781,1.7138512,1.47137,0.90187603
1580,0.8,1,0.7615102048272407,1.4978721,1.3085396,0.5202876
1581,0.85,1,0.8531546028358139,2.6201403,2.424403,1.0037737
1582,0.9,1,0.8040701426615804,1.9630485,1.7791697,2.128652
1583,0.975,1,0.8431073367749289,2.5147898,2.2874825,-0.39155805
1584,0.8,1,0.8386169685354998,2.421885,2.2749915,-0.33429998
1585,0.975,1,0.800018991302258,2.0555913,1.8461893,0.426673
1586,0.875,1,0.840841317537362,2.431314,2.2719607,1.4342141
1587,0.925,1,0.8795163902781677,2.8705945,2.7357085,1.5069988
1588,0.75,1,0.8157597967187842,2.1592035,1.9712574,-0.07952106
1589,0.925,1,0.8094282323946682,2.1411593,1.9970556,0.43708044
1590,0.85,1,0.7806158727934018,1.7759298,1.5300643,-0.13602364
1591,0.725,1,0.824838038520114,2.292276,2.0670455,0.50222975
1592,0.775,1,0.8434385135682652,2.4684997,2.3188977,0.8879109
1593,0.9,1,0.8321064694977602,2.3248448,2.1740913,1.0195546
1594,0.825,1,0.8409963468051737,2.455625,2.260357,0.02767098
1595,0.8,1,0.7876085761862346,1.8295834,1.6151513,0.22427237
1596,0.975,1,0.8578107865305283,2.6669738,2.4574275,0.0074373484
1597,0.75,1,0.7938700893631063,1.8906279,1.6758716,0.5538426
1598,0.725,1,0.799615445876862,1.9782517,1.7720096,0.26153862
1599,0.875,1,0.8139826613382903,2.1286259,1.939595,0.3150221
1600,0.725,1,0.8333613450409945,2.325711,2.1887152,1.1864448
1601,0.775,1,0.8120828595487352,2.0972238,1.9546338,0.6762257
1602,0.975,1,0.8225802728505118,2.244204,1.996284,1.2724395
1603,0.75,0,0.8103343475232928,2.1488605,2.431502,3.2987638
1604,0.95,1,0.8086729940261604,2.0935822,1.8449785,0.88434774
1605,0.825,0,0.7939838293166228,1.9894347,2.2352698,2.0187392
1606,0.85,1,0.8269631689307034,2.293675,2.0528717,1.3423345
1607,0.8,1,0.8247617340349648,2.2507455,2.055279,0.51710516
1608,0.925,1,0.8765074300445634,2.8547416,2.6967883,1.8686893
1609,0.75,1,0.8241632672091663,2.2593625,2.0274713,1.3312683
1610,0.525,0,0.736011787608588,1.4338691,1.6175652,1.0623507
1611,0.775,1,0.7860442056603121,1.8447621,1.590595,-0.18593514
1612,0.525,0,0.6903825524771949,0.94946235,1.055125,-0.820811
1613,0.9,1,0.812724947662939,2.1149726,1.9861659,-0.22223896
1614,0.85,1,0.7811436068655457,1.7732676,1.5483725,0.5407379
1615,0.675,1,0.8254757285278158,2.3114955,2.086092,-0.6334833
1616,0.725,1,0.8103268236023063,2.0967727,1.8791947,1.1773901
1617,0.925,1,0.830289563049349,2.3165932,2.1104636,0.5587159
1618,0.925,1,0.7950980118910413,1.9380789,1.7116865,0.7491296
1619,0.9,1,0.7399681895417644,1.3666983,1.0614115,0.86491257
1620,0.925,1,0.8165625086747377,2.1228337,1.994056,1.7924933
1621,0.825,1,0.8361916286138719,2.3543105,2.2245045,1.2992206
1622,0.675,0,0.7519337825427475,1.5010478,1.7164385,1.4371834
1623,0.625,1,0.7956026817603701,1.9357435,1.7189558,0.15797436
1624,0.775,1,0.8492166036214552,2.5405524,2.3886795,0.847807
1625,0.725,1,0.8584192982123939,2.6377354,2.470149,0.9136792
1626,0.725,1,0.7967298351090905,1.9422297,1.7236824,0.3223921
1627,0.7,1,0.8261416180265533,2.2922945,2.0633624,0.4852119
1628,0.8,1,0.8328394255700047,2.299587,2.135751,1.7171776
1629,0.675,1,0.7606915407439735,1.5164133,1.3107044,-1.1332468
1630,0.775,0,0.788082279307108,1.956388,2.200997,1.0926919
1631,0.975,1,0.8434283314771611,2.4904683,2.302426,0.33007443
1632,0.7,1,0.8294646530270358,2.3217177,2.1334991,0.32028115
1633,0.65,1,0.7098858528711905,1.0246342,0.73175645,-0.37593114
1634,0.975,1,0.8499007397269297,2.5481339,2.365609,0.33542693
1635,0.9,1,0.8208106426400499,2.1782737,1.9677556,1.9324889
1636,0.625,1,0.7885127280710817,1.8426988,1.619216,0.6512123
1637,0.9,1,0.8364841312598714,2.384345,2.2187848,1.5526757
1638,0.925,1,0.806304967807117,2.0210452,1.8278303,1.6000066
1639,0.9,0,0.7192975939476633,1.27828,1.3749421,0.14299786
1640,0.775,0,0.7751250246432151,1.8230551,2.0007155,1.1998801
1641,0.725,1,0.8083148717127204,2.0774152,1.8492858,1.0998297
1642,0.55,1,0.7966402102111964,1.9471741,1.7478486,-0.1271109
1643,0.875,1,0.7975939117370672,2.028211,1.7592461,0.671928
1644,0.95,1,0.8416991181320508,2.418359,2.2380495,1.5151491
1645,0.9,1,0.7841219126071496,1.7953758,1.6205325,-0.5507034
1646,0.9,1,0.8365566733032369,2.3636708,2.2118406,1.8621209
1647,0.55,0,0.8028059985757674,2.1069326,2.3457937,1.482168
1648,0.8,1,0.8215985137214125,2.2104015,2.0827866,0.6834536
1649,0.8,1,0.8339258382527434,2.3338192,2.1479268,1.9433649
1650,0.75,1,0.7829773513768508,1.7842498,1.5550475,-0.1578387
1651,0.8,1,0.8287085288419238,2.3185847,2.1036472,1.1993289
1652,0.825,1,0.7748266142318117,1.6814408,1.4559255,0.11342728
1653,0.85,1,0.8250226296794445,2.2224941,2.0943825,1.525301
1654,0.85,1,0.8144260409444812,2.1320438,1.9199872,1.4827709
1655,0.725,1,0.7411663795557011,1.4042295,1.1059664,0.14336646
1656,0.95,1,0.8451732654085669,2.4614577,2.2863402,1.1632562
1657,0.65,0,0.6986566643255107,1.1444979,1.2495899,-0.24234861
1658,0.95,1,0.817687588487503,2.177414,1.9833152,1.3266029
1659,0.725,1,0.8328939383113636,2.3582573,2.2090893,1.1343405
1660,0.875,1,0.7773405720378121,1.6902306,1.4842157,0.5472384
1661,0.825,0,0.6774899982771753,0.8494761,0.97246754,1.5107934
1662,0.85,1,0.8140422558784028,2.1426346,1.9139516,1.0741
1663,0.7,1,0.8013474834740133,2.004995,1.7582734,0.56039315
1664,0.7,0,0.758857356857031,1.6121532,1.8047562,0.39211905
1665,0.725,0,0.7378704535908082,1.4622285,1.6018078,2.10719
1666,0.775,1,0.7911174694730349,1.8484876,1.6532826,0.7171727
1667,0.875,1,0.8184017098174097,2.201198,2.000649,0.049890637
1668,0.9,1,0.8552858063272535,2.6018949,2.4439862,1.7771289
1669,0.675,1,0.80460186442593,2.0371156,1.857441,0.08832079
1670,0.675,1,0.8015853273507563,1.9769752,1.8465085,0.4879318
1671,0.9,1,0.7804883099431672,1.9044709,1.5761732,0.13933074
1672,0.675,1,0.7791616478580682,1.7351502,1.4882687,0.25335085
1673,0.85,1,0.8274520026847655,2.2762425,2.1116588,0.924686
1674,0.7,1,0.8301794813898672,2.3405166,2.096059,0.5399433
1675,0.95,1,0.8846135772590248,2.9357905,2.8256,0.7315889
1676,0.825,1,0.8164865354442299,2.1763859,1.9330599,1.0259657
1677,0.9,1,0.7921056468495277,1.9125894,1.7057085,-0.8021492
1678,0.85,1,0.8375218108822626,2.4067924,2.2063541,0.49370533
1679,0.75,1,0.7726749772668782,1.7419832,1.5250723,0.7781659
1680,0.85,1,0.8573779017147445,2.638817,2.474011,1.53156
1681,0.925,1,0.8495652366209216,2.5438807,2.4158244,0.17764908
1682,0.95,1,0.8613952366344539,2.6818452,2.5147982,1.656486
1683,0.775,1,0.8280259774374756,2.3161726,2.0720286,0.5068341
1684,0.825,1,0.8578267448436517,2.6371734,2.4779012,1.044529
1685,0.9,1,0.8375712292043203,2.3706198,2.236045,1.3207393
1686,0.7,1,0.8302440004417709,2.3241122,2.0960908,1.4036202
1687,0.875,1,0.87420073703889,2.8387861,2.6818683,0.9645844
1688,0.675,0,0.689134646187775,0.90500444,1.0333445,0.36798942
1689,0.975,1,0.8530423118545765,2.5888505,2.4234245,1.4819579
1690,0.85,1,0.8381717093759666,2.430131,2.2447803,0.092624724
1691,0.675,1,0.8063083993515674,2.0794458,1.8477752,0.013753772
1692,0.825,1,0.7949109238602962,1.9358046,1.6902678,-0.0778991
1693,0.675,1,0.8204721199480534,2.2420797,1.997509,0.4449826
1694,0.75,1,0.8049731490214076,2.0186684,1.8314366,0.76582056
1695,0.9,0,0.729437916848335,1.3617125,1.5235481,1.2234573
1696,0.6,1,0.8467713217617467,2.5236316,2.3086057,0.87270695
1697,0.725,1,0.8651765234952691,2.7319343,2.5930185,0.86224276
1698,0.875,1,0.8034097072341337,2.054223,1.8326267,-0.5602001
1699,0.7,1,0.837168196753033,2.4071412,2.2549021,0.46346027
1700,0.65,0,0.6923848895668673,1.0212734,1.1490144,0.93670946
1701,0.675,1,0.7938671296121584,1.9460642,1.6900747,-0.32145178
1702,0.775,1,0.8300309416237224,2.3410683,2.0944743,0.48620993
1703,0.725,1,0.7776100356003861,1.8017404,1.5506723,0.28648746
1704,0.5,1,0.7866508529132179,1.8197353,1.5917717,0.7591081
1705,0.65,1,0.8037646353752165,2.0226774,1.8311296,0.04739344
1706,0.75,1,0.8371790903918455,2.3485553,2.2227633,1.5566034
1707,0.9,1,0.8382346827221202,2.3839247,2.2689571,1.1568093
1708,0.725,1,0.8307488868498836,2.331903,2.1361027,0.6467095
1709,0.85,1,0.8233270938517356,2.255138,2.0320191,0.22900641
1710,0.775,1,0.8693070231761282,2.7987382,2.6289055,1.3357844
1711,0.625,1,0.788817890618221,1.809926,1.631377,0.8952432
1712,0.875,1,0.8136868799195922,2.104499,1.942348,1.0239878
1713,0.9,1,0.7915414807262227,1.8956213,1.6351447,0.5780688
1714,0.8,1,0.8061849404717337,2.0050583,1.8927029,1.695339
1715,0.925,1,0.8317166563985473,2.3580348,2.1136682,-0.1925224
1716,0.775,1,0.7942029741811467,2.013394,1.7788813,0.27016693
1717,0.65,1,0.8380562316440839,2.4223454,2.2141914,0.7631212
1718,0.7,0,0.6914109017360476,1.0052906,1.1146502,1.2304075
1719,0.85,1,0.7140407911612567,1.0931875,0.8550102,-1.2841512
1720,0.825,0,0.7185870239157287,1.2505774,1.3576009,1.6918592
1721,0.875,1,0.8177001695088753,2.1464064,2.02144,0.9341827
1722,0.85,1,0.8137045487213185,2.1257067,1.9104338,0.041109204
1723,0.725,1,0.8242314485143931,2.222808,2.089963,1.008306
1724,0.7,1,0.7619675946508686,1.6492426,1.3505398,-0.015047431
1725,0.75,1,0.7591181107692889,1.5742854,1.402725,-0.28932375
1726,0.95,1,0.7894530866026699,1.8522018,1.6472328,0.32979023
1727,0.725,0,0.7584529021099551,1.5805082,1.8328593,1.3128095
1728,0.775,1,0.8446343186886525,2.5016088,2.3160489,0.5606299
1729,0.65,1,0.7712374166831686,1.6771874,1.4214268,-0.67430246
1730,0.85,1,0.8157379443688141,2.1938152,1.9917979,-0.37356842
1731,0.7,0,0.8017373786079917,2.10329,2.3720033,1.3496838
1732,0.75,1,0.8330532846087351,2.3693938,2.1793795,0.2789746
1733,0.8,1,0.7951421040867548,1.9214337,1.7055404,0.34597123
1734,0.75,1,0.7855649379860212,1.8057964,1.5910935,0.34024298
1735,0.7,1,0.7683427002524355,1.6326883,1.3938508,-0.2723993
1736,0.775,1,0.8471296051953108,2.5012898,2.3184705,0.93296486
1737,0.95,1,0.845404110875065,2.521782,2.3382978,0.00089651346
1738,0.675,1,0.8442835539082287,2.472888,2.3300061,0.99726826
1739,0.8,1,0.8103845635296982,2.0816462,1.8902361,0.6994849
1740,1.0,1,0.8692359256919688,2.7383382,2.6022072,1.2436681
1741,0.825,1,0.814948373846272,2.1477914,1.9600368,0.2708894
1742,0.775,1,0.834422807183633,2.3710845,2.1432974,0.52044255
1743,0.775,1,0.8661940326889362,2.6965108,2.5536814,1.6789505
1744,0.8,1,0.8645101980068199,2.7086217,2.5650806,0.77029663
1745,0.8,1,0.8839662703073349,2.8752863,2.7790866,1.9375882
1746,0.65,0,0.7757718869559596,1.857486,2.0947843,2.3887105
1747,0.875,1,0.8300068824259166,2.337947,2.1194065,0.17473137
1748,0.925,0,0.752382698610266,1.6658037,1.8649786,0.1770559
1749,0.675,1,0.8455558613780847,2.4965255,2.3386648,1.4887657
1750,0.8,1,0.7931344258981594,1.9268273,1.6765292,-0.11465728
1751,0.975,1,0.8821678365264033,2.8828108,2.740627,2.5964663
1752,0.975,1,0.8525927869577754,2.5733342,2.40665,1.6992068
1753,0.875,1,0.8679647075531425,2.6889994,2.5841813,1.7908804
1754,0.95,1,0.8309539895616979,2.345818,2.1188214,0.58708197
1755,0.75,1,0.801642806721693,2.0055711,1.8137399,0.13125092
1756,0.875,1,0.7811429028114385,1.7527745,1.5737915,0.23720324
1757,0.75,1,0.8034995517062491,2.0236585,1.8006678,0.35377085
1758,0.775,1,0.8250177398402572,2.2314665,2.0973282,0.7124525
1759,0.75,1,0.8556275549044987,2.6147256,2.4796605,0.5672417
1760,0.9,1,0.8344459602196607,2.3733406,2.2076979,0.6185513
1761,0.825,1,0.816943196614029,2.150482,1.9519534,1.6019111
1762,0.675,1,0.8004440962494535,1.994901,1.7698214,0.1630727
1763,0.9,0,0.8347733342351138,2.4942894,2.7306128,2.0497532
1764,0.775,1,0.7513299999802188,1.4235703,1.1908236,-0.33764637
1765,0.7,0,0.7753232330371761,1.757776,2.0334184,1.7456744
1766,1.0,1,0.8554516623408885,2.6117525,2.425201,1.6529453
1767,0.7,1,0.7822298495726515,1.7971725,1.5334113,-0.2515267
1768,0.8,1,0.78413105042125,1.7982535,1.6869173,-0.43545002
1769,0.9,0,0.7885494749839914,1.9106224,2.1711845,2.9025807
1770,0.975,1,0.8421525882746743,2.4339767,2.3025951,1.1411905
1771,0.65,1,0.8136273606924703,2.1360524,1.9335895,0.53291994
1772,0.85,1,0.8140877542282705,2.173236,1.9250324,0.6930941
1773,0.6,1,0.7897379195736997,1.865618,1.708311,-0.03676933
1774,0.775,1,0.7738257394684043,1.7466843,1.586647,0.2543078
1775,0.85,1,0.8275509317686033,2.2685769,2.1046495,0.9561792
1776,0.8,1,0.7935118604335445,1.9022688,1.6756208,0.36024678
1777,0.875,1,0.8457982245020844,2.4985008,2.2664382,1.7063918
1778,0.825,1,0.8049919593187354,2.008083,1.862372,1.3920181
1779,0.675,1,0.7575402607009276,1.587717,1.3284802,-0.24533069
1780,0.675,0,0.6811223843755577,0.7117162,0.88328004,-0.46732032
1781,0.675,0,0.78139285660828,1.9083898,2.076438,0.69264704
1782,0.725,0,0.7363969560560967,1.4298456,1.6031494,1.790829
1783,0.7,1,0.8056205726018324,2.085598,1.8381214,-0.54799837
1784,0.9,1,0.7879468855242885,1.8274692,1.6397225,0.80294186
1785,0.9,1,0.8008986178212112,2.0549173,1.8520598,1.4135253
1786,0.675,1,0.8176950061223501,2.167346,1.9915589,1.0246215
1787,0.8,1,0.7820229239868504,1.7571981,1.5792551,1.0120726
1788,0.8,1,0.8093874477369378,2.0646963,1.8440056,1.1991816
1789,0.925,1,0.8200230240241284,2.2165132,1.9910282,0.08421624
1790,0.875,0,0.7623695870244691,1.6458983,1.861892,1.1618419
1791,0.825,1,0.8275300132743877,2.2795568,2.1285894,1.4386039
1792,0.825,1,0.8737484501761394,2.8622699,2.674549,0.51249033
1793,0.85,1,0.8450561123436013,2.4680195,2.323372,0.8814464
1794,0.625,1,0.7918058544130566,1.8858573,1.67344,0.22736514
1795,0.775,1,0.832485584528001,2.362985,2.134892,0.31347668
1796,0.75,0,0.7383835614364442,1.4837128,1.6313915,1.8690412
1797,0.7,1,0.7477539842322496,1.4012942,1.1302524,-0.075507045
1798,0.9,1,0.8220855982503599,2.2135196,2.0044959,0.97571856
1799,0.65,1,0.7524990321030662,1.391274,1.1851125,0.49550635
1800,1.0,0,0.8040573604391015,2.0784035,2.3766408,2.629394
1801,0.875,0,0.7807377432372615,1.8486764,2.0526922,1.5192263
1802,1.0,1,0.8775825113293492,2.891417,2.661093,1.6688409
1803,0.825,1,0.7464200518699257,1.3765545,1.1704366,-1.3181056
1804,0.9,0,0.7881808953188976,1.9427526,2.1624508,1.6731901
1805,0.9,1,0.8385119872210565,2.436376,2.2022142,1.2664015
1806,0.825,1,0.789360133188971,1.875344,1.5938696,0.4990781
1807,0.775,1,0.8106122572155997,2.090965,1.9293187,0.4652806
1808,0.825,1,0.7478437694737625,1.4787109,1.2133253,0.5357633
1809,0.875,1,0.812578684342262,2.1400526,1.943533,-0.4937328
1810,0.65,1,0.8015288817742086,1.9690332,1.7473683,1.2191432
1811,0.925,1,0.8311313980193715,2.3400126,2.10804,1.4214091
1812,0.7,1,0.8435754196455881,2.463158,2.329231,1.6447163
1813,0.85,1,0.7921113556967835,1.9713166,1.7600801,0.8937064
1814,0.9,1,0.8287014964407426,2.3184204,2.1575217,0.9318722
1815,0.85,0,0.8081700073377569,2.2197566,2.4616833,0.4682179
1816,0.8,1,0.7482491189960871,1.5519443,1.2996433,0.43242675
1817,0.875,1,0.8436170991088038,2.4690614,2.3245816,1.5458331
1818,0.925,1,0.8840484407892425,2.9253216,2.784389,1.5237546
1819,0.85,1,0.8541130056732373,2.607189,2.4326167,0.7384363
1820,0.9,1,0.8070773063057698,2.0516346,1.8338535,0.66472393
1821,0.85,1,0.7994122711022545,1.9821224,1.7658094,-0.48268735
1822,0.875,1,0.7802951025221168,1.7751985,1.558625,-0.9018053
1823,0.825,1,0.8216988784522521,2.2241802,2.0161173,0.4342466
1824,0.675,1,0.8210789204851386,2.2113411,2.0794337,-0.09827608
1825,0.625,0,0.7272740235513088,1.3784671,1.5846647,2.0806193
1826,0.825,0,0.8157590167492228,2.2747836,2.4842467,2.3927567
1827,0.65,1,0.7498864819629107,1.3488486,1.1864185,0.6563712
1828,0.9,1,0.8511093021502366,2.5587893,2.3722947,0.7456475
1829,0.75,1,0.8097932046038705,2.111094,1.8622665,0.68695384
1830,0.8,1,0.7801317920917852,1.8240001,1.6294519,0.5941635
1831,0.85,1,0.7769017877245394,1.7306249,1.4813035,-0.5651125
1832,0.75,0,0.7497537300800536,1.5404718,1.716214,0.38085657
1833,0.875,1,0.8293317401066815,2.307169,2.161606,0.33597952
1834,0.7,0,0.7894674276760026,1.9722573,2.150062,2.2607737
1835,0.95,1,0.8384265462800469,2.390489,2.2489862,1.0104837
1836,0.75,1,0.7005460729847719,0.9424213,0.6353126,-1.224461
1837,0.75,1,0.7584689084433127,1.5969908,1.307071,0.50400215
1838,0.575,1,0.7856968191831022,1.9059396,1.680423,-0.05227655
1839,0.85,1,0.83477918595387,2.3626044,2.1745725,1.0406399
1840,0.875,0,0.7958198711697333,2.0150905,2.2613466,2.6992323
1841,0.675,1,0.775010648984199,1.7077684,1.4692328,0.17614496
1842,0.6,1,0.7770427762867193,1.6669675,1.4878556,1.1157782
1843,0.75,1,0.8221146247398017,2.22996,2.050784,0.5109926
1844,0.95,1,0.7961383501290192,1.93492,1.7305598,-0.030757308
1845,0.75,1,0.7747753021826549,1.7105298,1.4554099,-0.35078132
1846,0.825,1,0.8148503393462176,2.16397,1.9822159,0.15622407
1847,0.75,0,0.7567538681352914,1.7137666,1.8253338,1.1589756
1848,0.925,1,0.7729611337848749,1.7618965,1.5346127,-0.14852542
1849,0.75,1,0.8201118484707373,2.1656556,2.0008166,1.2684593
1850,0.975,0,0.7861286874099352,1.9084325,2.140937,1.8499291
1851,0.95,1,0.8539097763484857,2.6069343,2.4007056,1.5658817
1852,0.75,1,0.7952537028624556,1.9170951,1.688335,0.70513636
1853,0.875,1,0.8182580298083574,2.1972046,1.9727435,0.020344377
1854,0.825,1,0.7775982733765647,1.6894832,1.4906061,1.2571492
1855,1.0,1,0.8371596081777084,2.3639202,2.1591156,2.188589
1856,0.775,1,0.816355729825209,2.1267285,1.9915583,1.037046
1857,0.65,0,0.7411627553163331,1.5083721,1.6727732,0.6831034
1858,0.625,0,0.6853475413017556,0.8663393,0.97082424,-0.17649591
1859,0.75,0,0.8040544720409728,2.1730218,2.3267798,1.904146
1860,0.775,1,0.8200507550431644,2.196695,2.0180817,1.0097299
1861,0.875,1,0.7430510068618066,1.3320524,1.0730788,-0.60325515
1862,0.825,1,0.824124244296258,2.215361,2.0836906,1.1402807
1863,0.8,1,0.7578703910492677,1.561085,1.3347753,0.55383307
1864,0.875,1,0.8137319670244924,2.093626,1.9238713,1.1734099
1865,0.75,0,0.7598120552913101,1.7278407,1.9207566,1.0050812
1866,0.925,1,0.8666973336862213,2.7420998,2.5703273,1.7550759
1867,0.7,0,0.8339547633515336,2.4529934,2.70211,2.461986
1868,0.775,0,0.8090438754805324,2.1827111,2.3807826,2.6892939
1869,0.75,0,0.8071858593537672,2.1798928,2.3695612,2.5120418
1870,0.775,1,0.868516907362189,2.7710068,2.6231604,0.9282618
1871,0.85,1,0.8273936452266335,2.2781258,2.1410239,0.7663699
1872,0.775,1,0.849691362614545,2.5504847,2.3791986,0.7921205
1873,0.825,1,0.8372568357434143,2.3987412,2.2406404,0.7849441
1874,0.9,1,0.8097443467500705,2.093498,1.8628252,1.1263769
1875,0.925,1,0.7528353898235092,1.5260081,1.2400539,0.54665667
1876,0.825,1,0.807329761622841,2.0733125,1.8142822,0.9929376
1877,0.925,1,0.8531511238184409,2.586512,2.4080062,1.4799619
1878,0.55,0,0.7979637072447474,2.0744348,2.252307,1.6525717
1879,0.725,0,0.7892643862287129,1.9794161,2.2230308,0.2639647
1880,0.95,1,0.8183466326207762,2.1961927,1.964865,1.1600275
1881,0.875,1,0.7769554267641325,1.8176746,1.600671,-0.26846403
1882,0.85,1,0.7588879979020733,1.5772872,1.3787796,0.040955603
1883,0.65,1,0.7919006630480818,1.9659249,1.7513616,0.8562272
1884,0.925,1,0.8147738261901271,2.132835,1.9144402,1.4572322
1885,0.55,1,0.7907706277983118,1.9113665,1.6297281,-0.44180787
1886,0.9,1,0.8117011973747557,2.097977,1.9114821,0.5262595
1887,0.6,0,0.7076812309161185,1.1292428,1.2396041,-0.13278091
1888,0.625,1,0.8053392360595577,2.043162,1.8004806,0.33539164
1889,0.75,1,0.7259189422846509,1.2297943,0.9185176,-0.06110561
1890,0.75,1,0.8115504516626402,2.0916996,1.8901982,0.81737477
1891,1.0,1,0.8108640227381221,2.1083078,1.9164948,0.98186165
1892,0.8,1,0.8295985708575901,2.3037949,2.141868,1.1656656
1893,0.925,1,0.7910201057443056,1.9586177,1.7502728,0.2430082
1894,0.8,1,0.8397118982717375,2.456679,2.2248783,0.18272698
1895,0.775,1,0.8442898812496505,2.496664,2.2731035,0.3800398
1896,0.65,1,0.755511003998243,1.5244632,1.2440487,-1.333682
1897,0.925,1,0.7877702184031644,1.7847099,1.5733819,1.7693944
1898,0.825,1,0.8276416678979456,2.2868042,2.091188,0.17547381
1899,0.925,1,0.824937339179642,2.2726283,2.0717735,0.22111714
1900,0.775,1,0.8242919829124171,2.2680242,2.046663,0.51402336
1901,0.875,1,0.7754202365556515,1.6666305,1.4585897,0.5522314
1902,0.85,1,0.8023446248059534,1.9824331,1.7784705,0.78370386
1903,0.825,1,0.8549481089725655,2.5822268,2.427393,1.3428397
1904,0.7,1,0.7841490142752648,1.8212888,1.5883399,-0.65476835
1905,0.95,1,0.8390910471277966,2.4197536,2.247951,1.4804246
1906,0.85,0,0.7695904193614374,1.7390835,1.9906261,0.91884714
1907,0.825,1,0.8227912101934702,2.2436087,2.0465024,0.96261984
1908,0.95,1,0.8317001423564075,2.348354,2.1385922,1.3370087
1909,0.95,1,0.7999416543829867,1.9455388,1.7649982,1.5319588
1910,0.75,0,0.7891455997240739,1.9930398,2.1423957,1.2695878
1911,0.65,0,0.7556052952442889,1.586448,1.8121266,-0.007848203
1912,0.75,1,0.7687824646374304,1.6558883,1.3961494,-0.7370895
1913,0.8,1,0.834108685945718,2.3515804,2.1440117,1.4651544
1914,0.775,1,0.8162448026359502,2.1460366,1.922514,1.5657182
1915,0.7,1,0.8765673628984588,2.888277,2.6885335,1.357677
1916,0.825,1,0.8132960744121245,2.1188078,1.9104202,0.70370775
1917,0.925,1,0.8546193810038858,2.6009045,2.411738,0.44991452
1918,0.6,1,0.7134901890647166,1.1622012,0.8584708,-0.29973042
1919,0.875,1,0.7676271525998948,1.5820968,1.3706379,0.776239
1920,0.825,1,0.8179558594861436,2.1765199,1.9844246,0.764515
1921,1.0,1,0.8275938263630728,2.307791,2.1119606,-0.17946613
1922,0.9,1,0.8590418291583959,2.6253295,2.4868445,2.0821075
1923,0.825,0,0.7271792592485065,1.2658231,1.4162838,1.3709452
1924,0.725,1,0.8268837372802411,2.2789888,2.1118653,0.35631138
1925,0.75,1,0.7286029154175437,1.2715714,0.9753567,-0.61583126
1926,0.75,1,0.837465760368241,2.378289,2.244215,1.7549412
1927,0.875,1,0.8337943504058554,2.3483038,2.1230824,1.8080099
1928,0.75,1,0.8031338020237984,1.9901704,1.7957659,0.7942644
1929,0.725,1,0.8029237729911023,2.0101898,1.7977664,0.4603377
1930,0.85,1,0.8178240396621397,2.1647553,1.9710085,0.5567022
1931,0.9,1,0.8168357447165071,2.1780453,1.9563227,0.19113362
1932,0.775,0,0.855649756391379,2.6823406,2.971547,3.6395087
1933,0.8,1,0.7922384771453503,1.8884153,1.6800027,-0.036081195
1934,0.875,1,0.8027099228540229,2.0040445,1.7831995,1.2029188
1935,0.675,1,0.8375736672400337,2.4147387,2.2466943,0.55420357
1936,0.85,0,0.7640834283125464,1.7482933,1.953269,2.5029106
1937,0.675,1,0.8542662429642687,2.572723,2.4491105,1.2939372
1938,0.85,1,0.861488883750421,2.658403,2.5138025,1.388844
1939,0.75,1,0.7727401352350454,1.6558192,1.4348239,0.87095267
1940,0.675,1,0.8197426108959678,2.1890461,2.0345974,0.6078444
1941,0.75,1,0.7572469908704599,1.5555005,1.3095955,0.5451637
1942,0.8,1,0.7751555583036226,1.6984907,1.4678926,-0.034827113
1943,0.825,1,0.858290506882342,2.6180284,2.4834714,2.0371838
1944,0.85,1,0.8185433013073777,2.16935,2.000593,1.5468817
1945,0.725,1,0.8521521256560489,2.578472,2.4236565,0.8140517
1946,0.55,0,0.7575672259320714,1.6963631,1.8461223,1.921318
1947,0.875,1,0.8602480224144333,2.6589246,2.5197263,0.39278418
1948,0.775,1,0.7560934796192946,1.4572794,1.2777663,0.06609404
1949,0.975,1,0.8684632212275312,2.748829,2.5906134,2.0381722
1950,0.9,1,0.7768905577583063,1.8192189,1.5334789,-0.08548558
1951,0.9,1,0.7883395246655767,1.9265164,1.7171822,0.8032742
1952,0.725,1,0.7718364641262695,1.7339706,1.4522185,-1.6197462
1953,0.85,1,0.8894655625548519,2.9613562,2.8418975,2.012186
1954,0.925,1,0.7974767079482852,1.9534233,1.7127368,0.32495987
1955,0.825,1,0.8439454279368507,2.4569776,2.321041,0.7987762
1956,1.0,1,0.8740918538004796,2.8266804,2.65362,1.8792129
1957,0.925,1,0.8263101800158819,2.2846868,2.070774,1.3004308
1958,0.675,1,0.7603847431831064,1.5772879,1.348834,0.13966715
1959,0.775,1,0.7857039395880678,1.8087634,1.5904763,0.3170148
1960,0.775,1,0.8112075617613483,2.1242585,1.9070015,-0.14930713
1961,0.875,1,0.8518303197007956,2.6001806,2.4045095,0.34451658
1962,0.85,1,0.820289638822761,2.2180529,2.0423207,0.1260339
1963,0.975,1,0.8918758288461472,3.0438774,2.890748,0.83915573
1964,0.8,1,0.7750575346691828,1.7700322,1.5709114,0.3226331
1965,0.8,0,0.7648909592979827,1.6797273,1.8561218,2.1410823
1966,0.9,1,0.844140897470903,2.4538624,2.3245091,0.9098936
1967,0.825,1,0.7001877470133024,1.0262268,0.73446435,-0.60717577
1968,0.9,1,0.8316428764342436,2.2975717,2.1263795,2.0934548
1969,0.875,1,0.8353152637483198,2.4239852,2.1648874,0.23662603
1970,0.975,1,0.8233061329991085,2.255805,2.0546935,-0.16154516
1971,0.925,1,0.8673606473734154,2.7268372,2.5655122,1.4959488
1972,0.6,1,0.7650903902826842,1.5925608,1.377455,-0.74133813
1973,0.6,1,0.8577950705531519,2.6314707,2.4715142,1.0423775
1974,0.875,1,0.7193915403609772,1.1293255,0.88182485,-0.042286277
1975,0.9,1,0.8517999861268644,2.5624008,2.463951,0.62570053
1976,0.875,1,0.8425907095828675,2.4450803,2.2791348,1.8429275
1977,0.65,0,0.8035140878202753,2.1135006,2.3501852,2.6073656
1978,0.825,1,0.8338649857858615,2.368712,2.184173,0.5968805
1979,0.925,1,0.8078914375548871,2.0940828,1.8349624,0.808837
1980,0.7,1,0.8031429157721799,1.9932942,1.8098705,0.7202259
1981,0.725,1,0.7673149820273396,1.5936058,1.3824935,0.7810858
1982,0.95,1,0.8307436639983685,2.3196332,2.163726,0.7892342
1983,0.85,1,0.8164565694425849,2.1475394,1.9496257,1.5261183
1984,0.85,1,0.8458347740827236,2.4578896,2.3206902,1.604989
1985,0.75,1,0.7834353130780642,1.7769033,1.5785315,0.99837524
1986,0.925,1,0.8438904748212951,2.4701037,2.3082123,1.6378427
1987,0.875,1,0.8572576652431841,2.6590335,2.4634588,1.1351118
1988,0.775,1,0.7854015319704326,1.9044843,1.655132,1.1434083
1989,0.75,0,0.7649165810091954,1.7105258,1.9081733,-0.1964497
1990,0.65,0,0.7890921172537504,1.9177703,2.2134013,2.166053
1991,0.75,0,0.7833640096498143,1.8681939,2.136399,1.3633585
1992,0.725,1,0.7271336089257969,1.2235644,0.9829269,-0.3555373
1993,0.875,1,0.8431778524736789,2.440776,2.3086,1.9051352
1994,0.75,0,0.7501937221182093,1.500722,1.6897423,2.015293
1995,0.875,1,0.817181545355667,2.181565,1.9571171,1.1560473
1996,0.575,1,0.8438334781444266,2.4947453,2.2555575,0.98083884
1997,0.75,1,0.6590538786024704,0.49898446,0.06860781,-4.1309743
1998,0.775,0,0.7666719212381383,1.7890155,1.980333,2.4381545
1999,0.85,1,0.877667231562262,2.8841274,2.7505538,0.20655352
2000,0.725,1,0.8216893238404472,2.209867,2.0147347,1.5622575
2001,0.9,1,0.7896687108853084,1.8944211,1.620105,-0.3792945
2002,0.55,0,0.7678792470638303,1.8033854,1.9936105,0.62842876
2003,0.65,1,0.7965189600496269,1.9451168,1.7063016,0.76067406
2004,0.95,1,0.7458853892856838,1.467915,1.1799407,-0.2992984
2005,0.75,1,0.815116948111917,2.1549237,1.9453391,1.1704228
2006,0.775,1,0.7644704941506458,1.5401435,1.3448493,0.39201415
2007,0.675,1,0.782857345805702,1.8852277,1.6038265,0.037032723
2008,0.85,1,0.8518954825848749,2.5258207,2.409468,2.1981392
2009,0.75,1,0.8128436023968783,2.1671748,1.9036604,-0.21224082
2010,0.65,1,0.841377850219159,2.4617264,2.274718,0.4597476
2011,0.9,1,0.8169889227759894,2.1390848,2.0112004,0.5890451
2012,0.85,1,0.7659516330339887,1.6836913,1.4506884,-0.009391248
2013,0.725,0,0.7358706197049086,1.3591514,1.516285,0.9880021
2014,1.0,1,0.8752741167752658,2.7736592,2.66984,2.9504433
2015,0.8,1,0.8107371465845714,2.1113446,1.8934498,0.32491124
2016,0.675,1,0.8247004096936628,2.2580328,2.0991278,0.53875786
2017,0.825,1,0.8664244331306994,2.7256105,2.5743484,1.8866749
2018,0.775,1,0.850380744836531,2.5751462,2.3914332,0.1523667
2019,0.875,1,0.788128972682224,1.8304756,1.6253884,0.44415814
2020,0.9,1,0.8601524711733859,2.6396642,2.5048604,2.0596972
2021,0.775,1,0.8030371994387745,1.9857023,1.7734897,0.8932248
2022,0.925,1,0.8750290574176074,2.830604,2.6945467,1.2012482
2023,0.95,1,0.8544060370322016,2.5653458,2.4321568,2.1582146
2024,0.8,1,0.8044317861655523,2.1250887,1.9044905,0.22629029
2025,0.8,1,0.8308218455193945,2.3085365,2.1167536,1.8185291
2026,0.75,1,0.8047852908776609,1.9820664,1.8574765,1.7421923
2027,0.85,1,0.80726993118898,2.0929914,1.84093,-0.30260408
2028,0.875,1,0.8275359143089647,2.302423,2.1176882,0.22005236
2029,0.85,1,0.846220480559801,2.4470935,2.3290422,2.4180384
2030,0.975,1,0.8401426668973278,2.4844491,2.2658508,-0.5425199
2031,0.825,1,0.8336633800755179,2.352913,2.1887152,0.41273028
2032,0.8,1,0.841164090213005,2.4656248,2.2676063,-0.018102527
2033,0.95,1,0.8524588639910335,2.5710735,2.4350476,1.6462357
2034,0.9,0,0.8331952808655401,2.4663424,2.7072666,1.7930398
2035,0.9,1,0.8174136941132,2.1677608,1.9762173,1.1818035
2036,0.8,1,0.8539928736000676,2.5981307,2.425785,1.5454507
2037,0.725,0,0.7678274633785119,1.7405636,1.9449024,0.7069984
2038,0.9,1,0.8838397162888423,2.9244628,2.7974248,0.82507855
2039,0.9,1,0.8480477628162134,2.527381,2.391283,0.47252613
2040,0.85,1,0.8091369242202942,2.1954231,1.9299153,-0.12761295
2041,0.7,1,0.8017689250654042,1.9766699,1.7646682,0.764196
2042,0.825,1,0.828603040899637,2.2923203,2.1404328,1.4461436
2043,0.9,1,0.8054003586388973,2.0743039,1.8657429,-0.814031
2044,0.8,1,0.806383380581268,2.0560465,1.8222578,0.43377405
2045,0.975,1,0.8120120304296575,2.116084,1.8989961,1.2027478
2046,0.75,0,0.7828085315699436,1.8882542,2.1612673,1.1302781
2047,0.825,1,0.8336974819217126,2.356042,2.1844194,0.5234242
2048,0.8,0,0.7555960300500002,1.5931928,1.7783822,1.6661196
2049,0.925,0,0.8047778573430125,2.1616979,2.3442273,0.533104
2050,0.85,1,0.8368137369325481,2.3720703,2.1947236,1.3440504
2051,0.925,1,0.8244605886452682,2.2239347,2.0235174,1.877357
2052,0.975,1,0.7950153884038859,1.8844695,1.7108221,1.5528634
2053,0.95,1,0.8377417033812797,2.3891385,2.1998856,1.8782368
2054,0.95,1,0.7751732327935201,1.8239589,1.5555978,-0.9172634
2055,0.675,1,0.7417166295938207,1.392367,1.1144536,0.8177267
2056,0.975,1,0.8764606190870565,2.8331633,2.7010574,2.1433322
2057,0.675,0,0.7493164779522374,1.4970384,1.6955667,1.0028825
2058,0.9,1,0.8238366902431096,2.1932173,2.0936007,2.1088011
2059,0.95,1,0.8637023472026566,2.7076662,2.5778308,0.6608406
2060,0.675,1,0.7994712237923138,1.9581985,1.7206314,0.62607676
2061,0.725,1,0.8127136949129804,2.131207,1.8924582,0.47035843
2062,0.9,0,0.7513490212400649,1.541338,1.7287967,1.0325778
2063,0.925,1,0.8155692672872887,2.1571765,1.9259562,0.17728245
2064,0.875,0,0.7560005784515458,1.584815,1.7469401,0.2895218
2065,0.725,0,0.8233316669286179,2.3254733,2.5867596,2.4087183
2066,0.925,1,0.8090568215198897,2.126637,1.932749,1.7198732
2067,0.7,0,0.7202135705980881,1.27299,1.3872198,1.7418981
2068,0.825,1,0.8277648284650674,2.2879195,2.1247575,0.69977623
2069,0.525,0,0.7542414778639785,1.5554414,1.7603719,1.3350205
2070,0.875,1,0.81773531289034,2.1412938,1.9764528,0.54784423
2071,0.85,1,0.8358393144481078,2.406329,2.1629279,0.60256225
2072,0.8,0,0.7732202291209792,1.7869418,1.9946581,1.2520008
2073,0.8,1,0.7847562562806184,1.838522,1.5815008,0.25747836
2074,0.75,1,0.8085421122588842,2.0610702,1.8392377,1.0662093
2075,0.7,1,0.7929544060013735,1.9773425,1.7413068,0.32576424
2076,0.825,1,0.8068506352691736,2.0384164,1.8912688,0.57627827
2077,0.75,1,0.7812446992594062,1.8343998,1.6395681,0.14740402
2078,1.0,1,0.8501725899340483,2.5522532,2.4053462,0.19020134
2079,0.7,1,0.8208682232792776,2.2093573,2.048519,0.59326035
2080,0.9,1,0.8082952385587914,2.036173,1.8525538,1.7700636
2081,0.8,1,0.8158283032341196,2.1346679,1.9895432,0.613895
2082,0.7,1,0.7673199385981575,1.5639931,1.3738055,0.6156488
2083,0.75,1,0.8181161921266805,2.1655114,1.9812412,0.9125925
2084,0.7,1,0.7501292698907114,1.3912064,1.1635189,0.03911507
2085,0.85,1,0.8512010094036994,2.5583394,2.416362,0.96847063
2086,0.8,1,0.7960081922472488,1.9336414,1.6803932,1.029551
2087,0.925,1,0.8592858220476695,2.6296682,2.4757352,2.0768237
2088,0.7,1,0.8597218823974095,2.6761777,2.4621582,0.26387626
2089,0.625,1,0.7549944352918585,1.5208719,1.3016263,0.64286
2090,0.875,1,0.8037161530154489,1.978628,1.7825589,1.7298815
2091,0.625,0,0.7276452101740805,1.3196537,1.5162877,2.2284334
2092,0.8,1,0.764486081523132,1.5470524,1.352622,0.35833752
2093,0.875,1,0.8906011049286123,2.9720588,2.8487277,2.719186
2094,0.925,1,0.8009980167675215,1.9684598,1.7339277,1.115077
2095,1.0,1,0.8716744633188447,2.778379,2.6449642,1.1181412
2096,0.825,1,0.7934027974504037,1.8874813,1.6950047,0.5712972
2097,0.975,1,0.8320879792139925,2.3714604,2.127468,1.0112805
2098,0.85,1,0.8039075135466998,2.0832493,1.8765125,1.4460521
2099,0.775,0,0.7477277411618812,1.6210742,1.7753196,0.054474413
2100,0.825,1,0.8274388296846256,2.2829266,2.1209545,0.73345524
2101,0.675,1,0.8249897387635305,2.2497907,2.1063638,0.76464134
2102,0.875,0,0.7470029610013438,1.4877408,1.6309133,0.084679246
2103,0.725,1,0.7752663561294532,1.6876526,1.4821773,0.04906094
2104,0.7,1,0.847362221968233,2.5444057,2.3708262,0.42983204
2105,0.875,1,0.8037677211174755,2.0178113,1.8160453,1.1287131
2106,0.825,1,0.8367797505284011,2.3901763,2.2335577,1.4826562
2107,0.75,1,0.8186161479239422,2.258338,2.0821097,0.8558255
2108,0.9,1,0.7968573784353468,1.9044507,1.710364,1.0019822
2109,0.85,1,0.8059804046647935,2.0106587,1.8293679,1.7120504
2110,0.925,1,0.8062896774739254,2.0037181,1.8408592,1.9035192
2111,0.825,1,0.7769486944000241,1.8218801,1.5465325,-0.19373071
2112,0.9,1,0.8408903837059173,2.4448075,2.3094902,0.050877154
2113,0.675,1,0.8276615877880182,2.3215146,2.0730283,0.30245006
2114,0.775,1,0.7864575856242716,1.8871634,1.686418,1.1293406
2115,0.8,1,0.805775754179181,2.0606432,1.8209071,0.17813408
2116,0.575,1,0.7438672277894832,1.420498,1.1645117,0.73740536
2117,1.0,1,0.8074220579007196,2.0822213,1.8883333,0.19774014
2118,0.925,1,0.7944964957681366,1.9918668,1.7909126,0.028456748
2119,0.8,1,0.8262476652673707,2.2867475,2.0757875,0.6009703
2120,0.75,1,0.7929628848609647,1.9359653,1.6649911,0.2296344
2121,0.75,1,0.826382241821116,2.300939,2.064041,0.38128293
2122,0.8,1,0.7927513616952717,1.8683345,1.705307,0.6313434
2123,0.725,0,0.7846462108359276,1.898519,2.116621,2.346469
2124,1.0,1,0.8483450725480683,2.5658646,2.4071846,1.7391691
2125,0.9,1,0.8048725583542643,2.0161555,1.8056433,0.4000522
2126,0.825,1,0.8770897394617344,2.8564687,2.7217298,0.5325437
2127,0.8,0,0.7620196925672569,1.647777,1.8608837,0.7149034
2128,0.9,1,0.800027510010445,2.010799,1.8199749,0.11820704
2129,0.925,1,0.8407751297683341,2.4391732,2.285646,0.82581717
2130,0.925,1,0.7351041260358513,1.3496118,1.0431473,0.065059066
2131,0.75,0,0.7738570905747765,1.7794918,2.027658,2.1403399
2132,0.775,1,0.8149197783861023,2.1069548,1.9687755,1.0856185
2133,0.7,1,0.8325598249132566,2.3167605,2.133128,1.3103826
2134,0.675,0,0.7173692162857958,1.2139422,1.4086108,0.35346848
2135,0.9,1,0.8503580024664428,2.5907733,2.4155526,-0.41277307
2136,0.95,1,0.8286972278373519,2.2632978,2.1168337,1.3433146
2137,0.65,1,0.8706947458190779,2.78697,2.6349251,0.72155243
2138,0.875,1,0.817751343422252,2.1853313,1.9485726,0.49756247
2139,0.75,1,0.8498129874025833,2.543364,2.3181834,1.150039
2140,0.65,0,0.7134899733230184,1.2133044,1.3530997,0.8264937
2141,0.75,1,0.747623335475681,1.5125538,1.2388538,-1.2042049
2142,0.825,1,0.8300595687459489,2.3085773,2.1391048,1.5154662
2143,0.875,1,0.8410058958721505,2.444767,2.287274,0.7754145
2144,0.775,1,0.7927038811979729,1.9784782,1.7333044,0.42469078
2145,0.9,1,0.8353908021779223,2.3698883,2.2257977,1.2181611
2146,0.825,1,0.7592596982626664,1.4830344,1.2773256,0.28103507
2147,0.9,1,0.8044519833809803,1.9871418,1.8106654,1.1758223
2148,0.65,1,0.8420406886667002,2.5123525,2.3398776,1.3811235
2149,0.925,1,0.8198192856987558,2.1939833,2.0642715,0.26030117
2150,0.625,0,0.7529354224396817,1.544776,1.7568047,1.1655712
2151,0.975,1,0.8315333699598833,2.3528569,2.1033502,1.1674907
2152,0.8,1,0.8006151208297727,1.9499226,1.8096443,0.41111666
2153,0.65,1,0.7602619151054248,1.7039146,1.4159961,-0.117708564
2154,0.85,1,0.8220882392380351,2.2171326,2.0828567,0.68017346
2155,0.725,1,0.8439238920631772,2.4484305,2.3049316,1.6381497
2156,0.875,1,0.7852510592437392,1.8039906,1.5587697,0.9897414
2157,0.825,1,0.784348944251649,1.7759786,1.5571402,0.2333957
2158,0.725,0,0.7168107974488458,1.2073145,1.353223,0.38048732
2159,0.6,1,0.8222311859206362,2.2420988,2.0511787,0.022539735
2160,0.85,1,0.8333451133160716,2.3609025,2.2055035,0.24966103
2161,0.775,1,0.7961209138093132,1.9377046,1.6669204,0.696384
2162,0.775,1,0.7704406685835571,1.6428457,1.4079742,-0.18560183
2163,0.75,1,0.7897798559020593,1.8419384,1.6559458,0.59893185
2164,0.85,1,0.8381763591076399,2.42353,2.2055159,1.4262452
2165,0.7,1,0.80287111972567,2.0131984,1.794874,0.40389407
2166,0.575,0,0.7121111128751757,1.0545743,1.2009803,1.6417022
2167,0.825,1,0.817176850557173,2.160324,2.0067506,0.66581017
2168,0.875,1,0.868059581699937,2.7619374,2.6051145,1.0104675
2169,0.825,1,0.7681296580654995,1.72153,1.4083152,0.5905486
2170,0.85,0,0.7368089869736015,1.4579489,1.5802224,0.72659713
2171,1.0,1,0.8209270677324717,2.2019858,1.9904797,1.2403517
2172,0.675,0,0.7048979876054046,1.0655787,1.2636229,0.17750269
2173,0.8,1,0.8116883677259897,2.1182647,1.8919926,0.45198017
2174,0.875,0,0.7872654407960139,1.9606348,2.131748,2.0683308
2175,0.8,1,0.8077434000478695,2.0029328,1.8557143,1.5065765
2176,0.775,1,0.8508828173257635,2.5772843,2.3804374,1.1088593
2177,0.875,1,0.8473771876591455,2.4929426,2.347716,0.95176274
2178,0.925,1,0.769458783797609,1.5992236,1.3777554,0.36206377
2179,0.8,1,0.799030397441068,1.9512111,1.8030291,0.4046703
2180,0.875,1,0.7825109549173739,1.8526429,1.6409125,0.9836531
2181,0.875,1,0.7961554075676618,1.9321539,1.7136536,0.71175486
2182,0.725,0,0.7325742079957798,1.4152321,1.5396469,0.9241143
2183,0.925,1,0.7789887189002436,1.7077494,1.5264826,0.22326815
2184,0.85,1,0.8396103043934819,2.3810136,2.2553387,1.9272294
2185,0.95,1,0.775353989319916,1.7707667,1.5225009,0.042222142
2186,1.0,1,0.8124335125640569,2.1051376,1.9398369,1.2933607
2187,0.975,1,0.7980322284786816,1.9375414,1.7266712,1.3882806
2188,0.85,1,0.7916761518759623,1.8832784,1.6401939,0.9631422
2189,0.875,1,0.7672621055778823,1.7835783,1.5283468,0.20068842
2190,0.725,0,0.7499712042323571,1.5225604,1.695545,1.754601
2191,0.85,1,0.8423013452215634,2.4533298,2.243994,1.1003644
2192,0.9,1,0.8172500025953016,2.181779,1.9665592,1.1476524
2193,0.85,1,0.8351609307730826,2.373795,2.1793456,0.9013215
2194,0.825,1,0.7244315731143581,1.1866446,0.91553557,0.40968287
2195,0.7,1,0.8527728936847805,2.5606124,2.415457,1.2200952
2196,0.875,1,0.8142212485296343,2.1545746,1.9110157,0.052600026
2197,0.725,1,0.7953214617352076,1.8886011,1.7661678,0.6387611
2198,0.825,1,0.7887215464063899,1.8439686,1.6531687,-0.03257644
2199,0.625,0,0.7332759034159687,1.3802207,1.5768698,1.6481857
2200,0.95,1,0.8668111214129129,2.7414925,2.5779285,1.0350842
2201,1.0,1,0.784528600779192,1.82657,1.5452435,0.2863499
2202,0.925,1,0.8215002785743555,2.1785114,2.057518,1.8631067
2203,0.825,1,0.7943272777544259,1.9047961,1.7021607,0.034505963
2204,0.8,1,0.8116211238984625,2.1104803,1.8961384,1.228015
2205,0.875,1,0.789327785417137,1.8607829,1.6238046,0.06007898
2206,0.9,1,0.8752910433332171,2.8778572,2.7013512,0.24010855
2207,0.9,1,0.8193743719199806,2.2320764,2.02481,-0.22656834
2208,0.8,1,0.8407923078185612,2.4642205,2.2495608,0.25731957
2209,0.75,1,0.824258084082063,2.323052,2.1613522,0.8638025
2210,0.775,1,0.8596944730073897,2.6672595,2.498127,1.5314915
2211,0.9,1,0.8448617631706805,2.4867358,2.3259172,1.521647
2212,0.875,0,0.7848080500355133,1.9332364,2.1023097,0.9462214
2213,0.725,1,0.7913775492803221,1.8516206,1.6407875,0.74771744
2214,0.725,1,0.8175504089459282,2.177131,1.9329705,0.64215523
2215,0.775,1,0.8445167391785862,2.4985695,2.3454485,1.158566
2216,0.875,1,0.8052423340009784,2.0142162,1.8106627,1.3772907
2217,0.575,0,0.7816271541390338,1.8774359,2.0775218,2.152566
2218,0.85,1,0.7828865246745714,1.7735288,1.5538299,0.97130924
2219,0.675,1,0.743420626272185,1.3200887,1.0617774,-0.13308084
2220,0.625,0,0.7525217091692958,1.5893375,1.7855778,1.8924918
2221,0.7,0,0.7080290408976302,1.053545,1.1829464,0.98234946
2222,0.925,1,0.8413230925401449,2.421196,2.2867615,1.2085214
2223,0.875,1,0.7968028246679013,1.9416214,1.6889313,0.32029307
2224,0.775,1,0.8355557845142368,2.3560314,2.2231507,1.1001592
2225,0.95,0,0.7708884406659539,1.8150558,2.006015,2.8690662
2226,0.9,1,0.8773181221645652,2.8429961,2.6918647,2.2059681
2227,0.9,1,0.8125856063460137,2.1625037,2.0249429,1.2642593
2228,0.6,1,0.79075569250213,1.9793172,1.7137629,0.32923663
2229,0.825,1,0.8175123057471487,2.1006615,1.9477563,2.4968038
2230,0.75,1,0.769115199410117,1.6085,1.4095032,0.8925224
2231,0.825,1,0.7904181325676369,1.9442308,1.7135444,0.21361983
2232,0.825,1,0.8178049873996619,2.1715465,2.0188851,0.5920716
2233,0.7,1,0.7527554995101573,1.5157552,1.2434986,0.6074696
2234,0.775,1,0.8216041010076323,2.271652,2.0433254,0.23318559
2235,0.775,1,0.77589407143814,1.7895013,1.5423348,-0.2079283
2236,0.85,1,0.8708868820277413,2.775784,2.6325665,0.9991661
2237,0.85,0,0.7571992544600832,1.5598471,1.777504,1.8739269
2238,0.775,0,0.7100521761361756,1.1246727,1.2987623,1.1328778
2239,0.75,1,0.8061726961370885,2.0478823,1.8864493,0.06786311
2240,0.75,0,0.753390589863375,1.5222931,1.7490029,1.336307
2241,0.775,1,0.8514627048679841,2.5413942,2.4032001,1.2773728
2242,0.925,1,0.8618328660881194,2.6915345,2.4722269,0.33292854
2243,0.85,1,0.7979484668103718,1.9259902,1.7015209,1.5310192
2244,0.75,1,0.815248769321032,2.1198936,1.9269316,1.0533748
2245,0.725,1,0.7903884402770023,1.8927152,1.6650862,-0.43996322
2246,0.85,1,0.7854494625666999,1.838983,1.5706853,-0.29271662
2247,0.825,1,0.8155943322573529,2.1606226,1.9391248,1.1928697
2248,0.9,1,0.8197793996127704,2.2383475,2.0191972,-0.23056376
2249,0.55,1,0.8152274870596574,2.1485333,1.9358768,0.57386357
2250,0.7,1,0.7421907202021021,1.4307747,1.1442648,-0.39653575
2251,0.65,1,0.7552894495341467,1.4811033,1.2176607,-0.6003231
2252,0.775,1,0.7456504582104926,1.2881129,1.1029849,1.4080324
2253,0.8,1,0.7653795953535114,1.5772612,1.3380313,-0.08301699
2254,0.8,1,0.8471989898451288,2.519367,2.3150215,1.5133996
2255,0.9,0,0.7404334047803219,1.4041283,1.6460893,0.404451
2256,0.725,1,0.7854208323428604,1.7664185,1.6254864,0.8380218
2257,0.7,1,0.7713793983978992,1.6341045,1.4193531,0.52909
2258,1.0,1,0.8543416683282691,2.586335,2.391124,1.9901242
2259,0.825,0,0.7570610827727295,1.5921905,1.7822783,1.3160851
2260,0.85,1,0.8517729301945423,2.5435188,2.4180453,1.9163423
2261,0.65,1,0.7562445797010492,1.467289,1.2543254,-0.043816447
2262,0.8,1,0.8562903046143038,2.6407585,2.4668796,0.58387715
2263,0.85,1,0.6986748093021726,0.9264827,0.61285055,-0.714816
2264,0.8,1,0.7870282995778772,1.961623,1.7012427,-0.71179575
2265,0.95,1,0.8299028291261725,2.3331854,2.1943254,-0.28534216
2266,0.775,1,0.7978342465735149,1.8964982,1.721946,1.6021254
2267,0.975,1,0.8122428091363934,2.1303322,1.9134507,-0.0080474615
2268,0.85,1,0.7233370042971896,1.1956875,0.89557964,-0.016692996
2269,0.775,1,0.8326159893704733,2.3453834,2.1613617,0.7831469
2270,0.875,1,0.8272304336393934,2.3067176,2.0871167,-0.19157875
2271,0.875,1,0.8703882857362533,2.770993,2.6237955,1.2988071
2272,0.9,1,0.8343279760574827,2.3381178,2.2264853,0.68436414
2273,0.75,1,0.786681543675295,1.799957,1.589685,0.6279245
2274,0.975,1,0.8299619385136626,2.3355556,2.170011,-0.49397796
2275,0.95,1,0.7963135028887326,1.9077383,1.6905167,1.1638536
2276,0.75,0,0.7799802392889006,1.8319337,2.022503,2.656379
2277,0.9,1,0.8810484371620292,2.924367,2.7425978,0.100975335
2278,0.6,1,0.8231450940766566,2.2620616,2.0212176,0.3853308
2279,1.0,1,0.7802027269737897,1.7597215,1.5450833,-0.18984544
2280,0.9,1,0.768216126041472,1.59351,1.395165,0.9848264
2281,0.825,1,0.7959659269920034,1.9568759,1.6926455,0.4216963
2282,0.85,1,0.7900312673089398,1.842227,1.6187277,0.62717396
2283,0.825,1,0.7759209405327928,1.6970022,1.4749556,0.16340172
2284,0.6,0,0.7745643135420248,1.7988207,2.0283556,0.24658781
2285,0.95,1,0.8512069035225835,2.564602,2.3516438,0.38679278
2286,0.975,1,0.8207888547347343,2.2081358,2.038468,0.622737
2287,0.825,1,0.7288815977081581,1.2670751,1.0044768,-0.1412515
2288,0.75,1,0.8319717382784908,2.3497615,2.1369781,1.3820195
2289,0.575,1,0.8192311102275853,2.2760634,2.0715327,0.69962746
2290,0.75,1,0.759088331049658,1.4982791,1.2793435,-0.0711869
2291,0.925,1,0.8438241509113766,2.51756,2.3262348,-0.9445879
2292,0.875,1,0.8408499553152591,2.4265096,2.2760143,1.6328645
2293,0.75,0,0.7279302068904366,1.305758,1.5020477,2.6163974
2294,0.675,0,0.7736032781458846,1.7833397,1.9755309,1.9926407
2295,0.975,1,0.8458890105708352,2.4154086,2.3290963,2.525271
2296,0.65,0,0.8102179656065638,2.1454377,2.432507,2.6971948
2297,0.975,0,0.821327977738251,2.3213234,2.509962,1.9804304
2298,0.75,1,0.7875186384301034,1.8160808,1.6658387,1.1407936
2299,0.825,1,0.8080564067489157,2.0308294,1.8387148,1.8439398
2300,0.9,1,0.8073480983170956,2.152339,1.939008,0.3469749
2301,0.95,1,0.8318206724734942,2.3420198,2.1268933,0.42751032
2302,0.775,1,0.7388205213393795,1.4535016,1.1477557,0.7981079
2303,0.825,1,0.8198002279823731,2.2137797,1.9650164,1.2046533
2304,0.9,1,0.8162132404889618,2.2275863,2.0630982,0.85851365
2305,0.825,1,0.8382890398166493,2.4310677,2.2397356,0.87922674
2306,0.75,0,0.7617116449071826,1.621146,1.8600967,1.3681014
2307,0.625,0,0.7838796696653028,1.9104826,2.1225348,2.0151584
2308,0.85,1,0.8085368664939154,2.156283,1.9388859,0.17347771
2309,0.7,0,0.7805290163640839,1.8662982,2.06132,1.5230768
2310,0.7,0,0.7050614548536662,1.071898,1.2052443,1.9572694
2311,0.85,1,0.8125001280066537,2.1316981,1.9446285,0.13958412
2312,0.85,0,0.781012987173586,1.9039481,2.1552825,3.358648
2313,0.75,1,0.8559993849359402,2.613505,2.4467497,1.724618
2314,0.7,1,0.8087148002968466,2.0624614,1.9278276,0.52592474
2315,0.7,0,0.7292145072819597,1.370461,1.5643635,0.7097631
2316,0.85,1,0.8336912753559502,2.3822265,2.174735,0.15237677
2317,0.925,1,0.7819248788457676,1.905391,1.7152042,1.491385
2318,0.9,1,0.7581336271227769,1.5366083,1.2944977,1.3839555
2319,0.95,1,0.823434010843049,2.2530546,2.0656555,0.22179615
2320,0.8,1,0.8174196271369131,2.2703006,2.0216274,0.42689043
2321,0.825,0,0.7332667917328667,1.3895884,1.5424991,2.2911782
2322,0.825,1,0.8096054211913726,2.0510883,1.8570974,1.6919961
2323,0.975,0,0.827284464324219,2.4347377,2.6269095,1.3032565
2324,0.875,1,0.7774803877779816,1.7788233,1.6043699,-0.23614496
2325,0.8,0,0.7521517298815711,1.4947027,1.7130308,1.9565113
2326,0.825,1,0.8592913547912753,2.6597316,2.4946542,0.6265293
2327,0.925,1,0.8082929025418986,2.1847324,1.9815466,0.300628
2328,0.875,1,0.8290111718751937,2.3694525,2.1958165,2.0944085
2329,0.9,1,0.8428670349068037,2.4636452,2.3132596,0.838121
2330,0.75,1,0.8106752479742572,2.079682,1.89462,0.82136685
2331,0.9,1,0.8173071425261543,2.181991,1.9796529,0.18518126
2332,0.875,1,0.8258662831584058,2.2469401,2.1065297,1.2480869
2333,0.6,1,0.7784623678930033,1.7058556,1.5140278,0.9069205
2334,0.775,1,0.819132603027449,2.1513152,2.0119448,1.5543561
2335,0.85,1,0.8201912379497324,2.2033997,1.9874372,0.82970005
2336,0.8,0,0.7260331483480197,1.3378817,1.4448158,0.29413295
2337,0.625,1,0.7908024509622023,1.863614,1.6553812,0.6542583
2338,0.75,1,0.7999554461425283,1.9733975,1.7454793,1.1545248
2339,0.75,0,0.7790722560935192,1.8743126,2.0218244,1.1881568
2340,0.85,1,0.7869843704388612,1.9205339,1.6266785,0.55705696
2341,0.775,1,0.7860705039776458,1.8156741,1.6262014,-0.12039697
2342,0.775,0,0.7206483194029898,1.2802331,1.4045205,0.32801592
2343,0.85,1,0.8154335652245515,2.1760745,1.9534538,0.17645895
2344,0.775,1,0.8200020761268667,2.1939008,1.9851043,1.603838
2345,0.925,1,0.7623740842190846,1.6365156,1.3872879,0.8925629
2346,0.875,0,0.762621647767119,1.6735526,1.8190234,1.8634048
2347,0.725,1,0.795315108010315,1.9252146,1.7174795,-0.028174281
2348,0.7,1,0.8283776368656146,2.2990668,2.146177,0.5990396
2349,0.925,1,0.8094410356844324,2.089862,1.9057446,0.8653632
2350,0.825,1,0.807525746933598,2.0464857,1.8618705,0.38697731
2351,0.825,1,0.8253951855896868,2.276021,2.0570433,1.2531366
2352,0.9,1,0.8528051204168594,2.5646758,2.4470434,0.43538147
2353,0.975,0,0.8070940203653144,2.1835105,2.4571645,1.1044719
2354,0.95,1,0.8214011273593393,2.2237704,1.9981565,1.2427442
2355,0.675,0,0.7556494870737327,1.5526024,1.7906234,2.1707368
2356,0.875,1,0.7543526649721121,1.4724011,1.2407573,-0.49254644
2357,0.9,0,0.8367442019521527,2.5324783,2.7791643,1.3903327
2358,0.9,1,0.8039871887117914,2.1263068,1.9088354,-0.12032884
2359,0.725,0,0.8076414930711571,2.1635952,2.4194922,1.5906959
2360,0.625,0,0.6854588946787084,0.8641365,0.9504956,1.4039965
2361,0.675,0,0.7988277777891755,2.032987,2.2987084,2.305097
2362,0.75,1,0.8384290183452363,2.4083953,2.1956632,1.0519371
2363,0.675,0,0.7824143500392795,1.8618333,2.0542629,2.0186636
2364,0.7,1,0.7781074775620507,1.82865,1.5668156,0.26432812
2365,0.8,1,0.782810065448341,1.7920088,1.5727408,-0.40005195
2366,0.675,0,0.7340441142284518,1.4189291,1.6274369,1.211957
2367,0.8,1,0.8187703921141815,2.1718042,1.9555681,1.6567667
2368,0.875,1,0.8330718270416397,2.3994904,2.1152303,0.7282477
2369,0.7,1,0.8591206788166914,2.639988,2.5125885,0.48623902
2370,0.775,1,0.8425451796837564,2.4546273,2.3002067,1.5987673
2371,0.875,1,0.8300147864724857,2.3354635,2.136671,-0.13176954
2372,0.575,1,0.734494920257321,1.3356695,1.04634,-0.45415723
2373,0.725,1,0.8715043950853973,2.8030496,2.6686149,0.3449331
2374,0.9,1,0.8698600382638979,2.7839985,2.644485,0.6476827
2375,0.9,1,0.813838498026511,2.150323,1.9056146,1.1154599
2376,0.9,1,0.7785385321674183,1.8223284,1.5575787,0.7568651
2377,0.725,1,0.7940276056157289,1.9403942,1.6488253,0.3272816
2378,0.925,1,0.8959840720298219,3.070151,2.916242,2.193755
2379,0.825,1,0.8286409475370002,2.326137,2.1231298,1.105545
2380,0.55,0,0.7761473539630757,1.8149245,2.01638,0.24728638
2381,0.8,1,0.8438577107090874,2.47404,2.3236654,1.5189557
2382,0.85,1,0.7819201032669294,1.8527046,1.5621152,-2.4270937
2383,0.8,1,0.8504143548007087,2.6449184,2.4154518,0.9458912
2384,0.925,0,0.8505282403816079,2.6680548,2.9251385,1.9471788
2385,0.75,1,0.8573301185095556,2.633394,2.4804907,0.9719296
2386,0.9,1,0.8454210746222224,2.4654853,2.3464856,0.53165966
2387,0.975,1,0.8305947533545188,2.3430815,2.1154745,-0.20067394
2388,0.875,1,0.8349832926009899,2.3336837,2.1807342,2.1537504
2389,0.825,1,0.8055837579729801,2.0634618,1.8924412,2.1249762
2390,0.625,0,0.7261827281330442,1.313518,1.4890931,2.0220432
2391,0.75,1,0.774837929731503,1.6849642,1.4626682,0.77854735
2392,0.9,1,0.8106283773686538,2.1040974,1.9111037,0.089769006
2393,0.9,1,0.8484304457741911,2.5288985,2.3800273,0.8842483
2394,0.625,0,0.7862857008972381,2.0104575,2.2363927,1.6527171
2395,0.75,0,0.8025608341421195,2.1044147,2.3570535,2.5147626
2396,0.925,1,0.8311156526976899,2.317693,2.1220691,1.7072351
2397,0.75,0,0.809243957600952,2.153439,2.4322765,2.0877612
2398,0.8,1,0.8006945406612475,1.9795364,1.7772388,1.1587462
2399,0.9,1,0.7818967465834289,1.7332845,1.5362561,1.11725
2400,0.925,1,0.839978784387732,2.393353,2.2123537,2.2440846
2401,0.8,1,0.8560974509159932,2.5745351,2.44917,1.6326456
2402,0.725,1,0.8230655752009325,2.227617,2.0021052,1.2921476
2403,0.85,1,0.8305159788388268,2.3553822,2.1255226,0.64326197
2404,0.975,1,0.8266742679677425,2.2572103,2.040219,1.7758553
2405,0.775,1,0.7982971261816382,1.9380686,1.7352929,1.1143451
2406,0.9,1,0.849495630393511,2.545118,2.3258278,1.644835
2407,0.65,1,0.8590742332687653,2.6675391,2.424241,-0.023162723
2408,0.85,1,0.8095986876306699,2.0924602,1.9064419,0.051339746
2409,0.8,1,0.7819902481991938,1.8203394,1.5843642,-1.0825375
2410,0.95,1,0.8659387049641121,2.7573497,2.6020565,0.34366876
2411,0.7,0,0.7582253405804749,1.6011758,1.7903473,1.747056
2412,0.825,1,0.8563562871533507,2.5747817,2.484592,1.4118061
2413,0.825,1,0.7325126316884095,1.2871301,1.0163662,-0.79758275
2414,0.65,1,0.8023861956364559,2.0283322,1.7827759,0.6360522
2415,0.875,1,0.7690612776892087,1.5890378,1.4026345,0.1944896
2416,0.775,1,0.8371031105913511,2.4040391,2.2371104,0.97808844
2417,0.925,1,0.836055673029477,2.436381,2.216101,-0.58176744
2418,0.9,0,0.7288657129267369,1.3475909,1.48292,0.72672516
2419,0.925,0,0.8686285814977877,2.8387492,3.1047397,3.508224
2420,0.8,1,0.830663632301461,2.3191237,2.1246488,1.6582904
2421,0.85,1,0.8345356654567069,2.3713439,2.1908054,0.71457726
2422,0.9,1,0.831544286840396,2.334783,2.18765,0.32810742
2423,0.85,1,0.824882285866669,2.317914,2.0594997,-0.5300771
2424,0.875,1,0.8612072349456155,2.6904416,2.5501344,0.081578314
2425,0.65,1,0.8253134786622905,2.2588952,2.0118835,1.2337947
2426,0.625,1,0.7539309065273674,1.4895006,1.2587061,0.9831961
2427,0.95,1,0.8507352344727259,2.5526881,2.3503163,1.137001
2428,0.7,1,0.7565023059190377,1.4899356,1.2514329,-0.40998352
2429,0.8,1,0.7973635719804011,1.9445963,1.7219193,0.45656353
2430,0.8,0,0.7335539867888318,1.3198085,1.5158832,1.5062346
2431,1.0,1,0.8672424597877028,2.7409449,2.5393226,2.0395184
2432,0.85,1,0.7847259195684617,1.902571,1.6219404,0.80835444
2433,0.8,1,0.8324004011620102,2.3707848,2.1295676,0.45516115
2434,0.65,1,0.8003961040081082,1.9640707,1.75335,1.0009181
2435,0.8,1,0.8054267869028299,2.0185251,1.8280578,1.4088526
2436,0.85,1,0.7883802672296448,1.8412633,1.618926,0.32356083
2437,0.8,0,0.7626237285225008,1.6247547,1.8289552,1.4866714
2438,0.725,0,0.7097455496631958,1.0434159,1.2227352,0.4720121
2439,0.775,1,0.7908107342697934,1.9782038,1.6856084,0.3479241
2440,0.85,1,0.7653054481625767,1.6796689,1.4085613,0.14352334
2441,0.55,0,0.8293065550329597,2.4597838,2.6811135,0.44179064
2442,0.95,1,0.7702537583921705,1.674193,1.4002345,0.0352937
2443,0.825,1,0.8353889086725195,2.3344226,2.219324,1.0494523
2444,0.85,1,0.8287276727343712,2.3391688,2.1349695,-0.09455764
2445,0.9,1,0.8485833594196387,2.4960515,2.3716931,2.1184015
2446,0.9,1,0.8399924261221394,2.4239402,2.2687078,1.5967417
2447,0.625,1,0.7501666790837169,1.4925685,1.2325284,0.51974016
2448,0.95,1,0.8293634883048363,2.2830362,2.1371064,1.8362737
2449,0.675,1,0.8235357675917779,2.2399144,2.0091665,0.8283015
2450,0.6,1,0.7698662617203913,1.6532797,1.3843868,-0.4855193
2451,0.9,0,0.7555083631586152,1.5830643,1.7693944,1.8718626
2452,0.95,1,0.8622993126284042,2.7233782,2.546311,0.17769581
2453,0.875,1,0.8325342586706099,2.3357587,2.1997705,0.86677366
2454,0.85,1,0.8238387952357195,2.2603476,2.0197024,1.240186
2455,0.9,1,0.8639917506708573,2.6856508,2.5417078,1.4628925
2456,0.75,0,0.7666539571216295,1.7030869,1.8903849,2.1891167
2457,0.85,1,0.7892549688794752,1.8190291,1.6224356,0.73767835
2458,0.625,1,0.8283495268014401,2.2967556,2.0859861,0.8204461
2459,0.85,1,0.7811707686825121,1.7520409,1.552733,0.31683695
2460,0.625,1,0.7746501782780089,1.6871045,1.4546247,0.39337075
2461,0.975,1,0.7825887557859565,1.7750778,1.5516244,0.87135845
2462,0.85,1,0.7532815104136295,1.5265299,1.2592208,0.93172485
2463,0.925,1,0.7919245605187304,1.890481,1.6757939,-0.1576451
2464,0.925,1,0.7812639768977434,1.7611294,1.5339336,0.83914
2465,0.825,1,0.8245979215429833,2.246788,2.069665,1.4389713
2466,0.625,0,0.7272189678343064,1.3273998,1.4907508,1.1101391
2467,0.825,1,0.8218443549301421,2.2590885,2.0257843,-0.2257675
2468,0.525,1,0.7979908228090371,1.9768167,1.7780744,-0.2962374
2469,0.7,1,0.8067124419375666,2.0772047,1.8414178,0.05588019
2470,0.975,0,0.7861410888786406,1.9486148,2.1245477,0.7443724
2471,0.725,1,0.8167190925551432,2.139758,1.946537,1.1190734
2472,0.625,1,0.8421738313983762,2.463356,2.2556882,0.5037604
2473,0.775,1,0.7686403892585757,1.7700655,1.5644035,0.3145023
2474,0.625,1,0.7448434996542022,1.4434035,1.1439794,-0.051351428
2475,0.775,1,0.7666213288318776,1.5866091,1.3679883,0.114320874
2476,0.75,1,0.8228561705570975,2.2259665,2.0892694,0.38737112
2477,0.8,1,0.8424213809896691,2.430833,2.296898,1.2888894
2478,0.975,0,0.8136154127152635,2.22805,2.4909897,2.0884676
2479,0.975,1,0.7511025115036168,1.5107994,1.2342604,-0.35098207
2480,0.75,1,0.8003821562774228,2.023335,1.7549782,-0.36023867
2481,0.85,1,0.8170820936715404,2.2408943,2.0409474,1.1578441
2482,0.775,1,0.778028393155491,1.7489486,1.4999777,0.42505103
2483,0.825,1,0.7499571134165683,1.5080916,1.2528652,-0.8071846
2484,0.85,1,0.8469186912660343,2.5090687,2.3522196,1.5649827
2485,0.775,1,0.7915867058615398,1.9550601,1.7616919,1.4082134
2486,0.75,0,0.8168952970886336,2.272445,2.4651902,2.4502144
2487,0.8,1,0.8016883694280988,1.9804873,1.7543459,1.0206404
2488,0.675,1,0.7250639948892442,1.3010901,0.97992754,-0.111846805
2489,0.9,1,0.7569614386570358,1.46942,1.2522619,0.43218
2490,0.75,1,0.7960170206303535,1.9349947,1.7047787,0.62811
2491,0.675,1,0.8185153237993815,2.175176,2.0132043,1.2440541
2492,0.825,1,0.7868354252902998,1.8209038,1.6166792,0.31935275
2493,0.85,0,0.7950071773202564,2.036354,2.279983,1.0611343
2494,0.75,1,0.8454957410847198,2.504029,2.319431,0.72943074
2495,1.0,1,0.8506910629271236,2.5430343,2.3391805,1.9816794
2496,0.9,1,0.8040071057405058,2.0349967,1.8045573,-0.058560252
2497,0.9,1,0.7907803580305987,1.8995683,1.6851871,-0.53786504
2498,0.875,1,0.8450622173552987,2.423276,2.330373,1.8216281
2499,0.825,0,0.7783349882463099,1.7910134,1.9976766,3.0748339
2500,0.875,1,0.8009124113723307,2.1053286,1.8546098,-0.41231382
2501,0.775,0,0.7438762947756838,1.4022157,1.634746,1.7602546
2502,0.7,1,0.8523037759616514,2.5853746,2.424578,0.7116609
2503,0.925,1,0.816516000547466,2.149231,1.9224794,0.94531685
2504,0.8,1,0.8062802296996576,2.0789332,1.8080478,0.41978872
2505,0.7,1,0.8138588067185485,2.2275941,2.0322194,0.42912108
2506,0.75,1,0.7702396597909378,1.6594926,1.4120269,-0.4558102
2507,0.725,0,0.8077720041157748,2.199056,2.3821368,0.56451756
2508,0.95,1,0.8660947094521105,2.7435722,2.5816727,0.26702887
2509,0.8,1,0.8352222258883273,2.4074197,2.176312,0.20494896
2510,0.625,1,0.8430528699409178,2.476747,2.251373,0.8103638
2511,0.875,1,0.8502907881419848,2.5552359,2.4180741,0.44624716
2512,0.75,0,0.7190503693590797,1.1597087,1.3282166,0.733646
2513,0.7,1,0.8241517766230464,2.2857099,2.0771146,-0.5783056
2514,0.775,0,0.7617478718055859,1.6664343,1.8077621,1.7973826
2515,0.8,1,0.7358482626457534,1.215833,0.98151904,0.2986623
2516,0.85,1,0.7841125992577207,1.8772697,1.6782788,-0.10330576
2517,0.95,1,0.8147553758804184,2.1562948,1.9385037,0.42599016
2518,0.975,1,0.8956092508611444,3.0917985,2.9300537,0.7906943
2519,0.65,1,0.8075111940357169,2.017205,1.901222,1.0336075
2520,0.725,0,0.8142348099220584,2.2430918,2.471778,1.9863086
2521,0.925,1,0.8213630543629276,2.2242494,2.0137727,0.677095
2522,0.85,1,0.793472030590761,2.0112836,1.7204405,0.75867397
2523,0.7,1,0.832024084702232,2.3599112,2.1321442,0.5699249
2524,0.75,1,0.8097293985038891,2.0687075,1.8760247,0.8295694
2525,0.85,0,0.8018338073879367,2.126804,2.307023,1.2049365
2526,0.775,1,0.7495908226214942,1.3837376,1.1747254,0.015065312
2527,0.9,1,0.7910374234652544,1.929496,1.7355516,1.3678799
2528,0.9,1,0.8234561126863823,2.2638187,2.0421898,-0.25487745
2529,0.7,1,0.814391300608629,2.1195922,1.9400709,1.5539689
2530,0.925,1,0.8342098699727423,2.388692,2.173671,-0.15365112
2531,0.825,1,0.8182175436708072,2.2152443,1.9786246,0.8423119
2532,0.725,1,0.8195413171762952,2.2087035,2.0431473,-0.17061895
2533,0.9,1,0.7599739233028084,1.6059428,1.3449571,0.95239
2534,0.65,0,0.784975560761781,1.8539231,2.1445234,2.055971
2535,0.775,1,0.7988440258200677,1.9496038,1.7385712,0.5931931
2536,0.775,1,0.8179277282292795,2.2313354,2.057036,1.8925171
2537,0.85,1,0.8496490744146175,2.5270634,2.4109254,0.7386685
2538,0.95,1,0.8050070234298491,2.0206048,1.8677299,0.060115397
2539,0.875,1,0.8274735744097983,2.2834866,2.086449,0.51182085
2540,0.95,1,0.8605907149880557,2.6724699,2.5121493,0.9994355
2541,0.8,1,0.774272004499817,1.6752064,1.4773276,0.5211745
2542,0.6,1,0.7470060590528569,1.493304,1.2005038,-0.8658029
2543,0.925,1,0.8571350417408339,2.6340542,2.5107138,0.19850641
2544,0.65,1,0.8365268708776508,2.3862147,2.2413282,1.1648092
2545,0.75,0,0.7925868673859431,2.0931969,2.3199382,1.5045843
2546,0.8,1,0.7369838884734734,1.3651818,1.0753816,-1.047747
2547,0.775,1,0.8063108483916315,1.9876907,1.875354,1.6830249
2548,0.825,1,0.8411598518034509,2.4408665,2.2946134,0.8816443
2549,0.825,1,0.7850693035053946,1.8740805,1.6472871,1.2418108
2550,0.8,0,0.8331275623717216,2.4900675,2.7112882,1.4234915
2551,0.825,1,0.8054027952872052,2.1233432,1.9258317,0.7549215
2552,0.875,1,0.8191811169851482,2.1798959,2.0216098,1.4262977
2553,0.825,1,0.8342659328758938,2.398756,2.1992218,-0.11175293
2554,0.925,1,0.8309551977889298,2.293385,2.175929,1.2178726
2555,0.875,1,0.8278374649519519,2.2910402,2.0888243,0.4658485
2556,0.925,1,0.7862320703158254,1.889165,1.6788504,0.4140349
2557,0.8,1,0.8604632215074995,2.6669958,2.526328,0.7273837
2558,0.9,1,0.8046010359719713,2.1107705,1.8806695,0.65587026
2559,0.675,1,0.7942770410329293,1.9080389,1.7010772,0.39710343
2560,0.8,1,0.8053691851456892,2.049603,1.8075323,0.31857312
2561,0.75,1,0.8004491044069371,2.0331767,1.8263972,-1.0697176
2562,0.875,1,0.8215120160836618,2.2280068,2.0455363,0.7257789
2563,0.9,1,0.8143961640809025,2.1857772,1.948608,-0.48909605
2564,0.95,1,0.8631749275377636,2.668076,2.5430746,2.218932
2565,0.875,1,0.8654899470224809,2.6734881,2.559918,2.5599484
2566,0.675,1,0.8177657390436741,2.1647267,1.94732,1.2317295
2567,0.8,1,0.8473785020129428,2.494211,2.355938,1.2124882
2568,0.925,1,0.8504749569408017,2.5217967,2.3758073,2.091374
2569,0.725,1,0.8426631058237483,2.4852877,2.3203864,0.46616393
2570,0.85,0,0.7847516010727005,1.9017386,2.147534,1.7228966
2571,0.925,1,0.8244579685265156,2.2793145,2.057187,0.9429026
2572,0.875,1,0.7999238320957097,1.96006,1.784989,0.52346617
2573,0.925,1,0.791495502735235,1.8528535,1.6414907,1.3949745
2574,0.875,1,0.8910641238422191,2.9629629,2.8918152,1.5246463
2575,0.825,1,0.844032901770784,2.4987376,2.286779,0.67800957
2576,0.725,0,0.6864739857643889,0.97366184,1.0303524,0.7400666
2577,0.8,1,0.8039808954570631,2.0233107,1.8513459,0.08919388
2578,0.8,1,0.7931341618186345,1.8713791,1.6631901,1.408869
2579,0.775,1,0.818450087499752,2.2079816,1.9857638,0.26995432
2580,0.75,0,0.7984869293531411,2.0857918,2.2663782,1.2080791
2581,0.9,1,0.7858600070307031,1.8147342,1.5815041,0.262704
2582,0.8,1,0.7944785250836608,1.9119058,1.6712341,1.0790598
2583,0.85,1,0.7776533571750827,1.7458744,1.4943568,-0.68466413
2584,0.85,1,0.8124614994220064,2.1508112,1.9277823,-0.2534603
2585,0.85,0,0.8121590236261375,2.1958597,2.4388084,2.3195543
2586,0.975,1,0.8321388134772617,2.3415093,2.1511128,0.76201063
2587,0.775,0,0.7861388837373016,1.9383237,2.1922476,0.9519897
2588,0.75,0,0.7632113435709333,1.6334796,1.8661451,2.4195044
2589,0.75,1,0.7620273227850206,1.5047214,1.3132093,0.50062233
2590,0.875,0,0.826261393386228,2.4150386,2.6514816,1.1934891
2591,0.9,1,0.8175301836374836,2.1582918,2.016066,0.14439923
2592,0.85,1,0.8346577111909661,2.366997,2.159715,0.9526301
2593,0.9,1,0.819350711435064,2.192752,1.9634821,1.38943
2594,0.85,1,0.8279874644219338,2.2848492,2.1480293,0.7872396
2595,0.725,0,0.8526620566760683,2.6618576,2.942823,2.7838604
2596,0.875,1,0.7646423215857026,1.650124,1.4287791,0.5501092
2597,0.875,1,0.8506486464579375,2.527028,2.3767235,1.9156582
2598,0.65,1,0.7937144336370114,1.9173071,1.6916671,-0.8710216
2599,0.8,1,0.8071885824240768,2.1340032,1.9635334,0.5338436
2600,0.775,1,0.7978275351106301,1.9747566,1.7463679,0.67125875
2601,0.75,0,0.7661755920062692,1.7610047,1.969758,2.7699845
2602,0.7,0,0.7597662442628442,1.6222744,1.8399357,1.7915316
2603,0.775,1,0.7871873056915155,1.8215994,1.6236858,1.0135422
2604,0.85,1,0.8539861531280767,2.580312,2.4573731,0.42485625
2605,0.875,1,0.8408514934363441,2.4605186,2.2657816,0.03926879
2606,0.775,0,0.7655355378495576,1.7268956,1.8664252,0.5305987
2607,0.95,0,0.8107333626017299,2.236065,2.4204266,1.2690327
2608,0.925,1,0.7938029496826667,1.9214635,1.7117203,-0.34908664
2609,0.675,1,0.778408149883383,1.7339995,1.5427225,-0.6918386
2610,1.0,1,0.8403106522910087,2.4711978,2.2422729,0.011695504
2611,0.9,1,0.8475096174371312,2.4666812,2.3495755,2.334702
2612,0.8,1,0.8000898572444507,1.9874592,1.7457426,-0.044733882
2613,0.825,1,0.8253377594863772,2.2673814,2.0736434,0.42691475
2614,0.675,1,0.8351946276724604,2.4041443,2.172811,1.0809357
2615,0.85,0,0.7707655584278919,1.749752,1.9361274,2.139775
2616,0.925,1,0.8017251909561053,2.0158458,1.7986708,0.516089
2617,0.875,1,0.7867552225608457,1.7988446,1.654947,0.48489243
2618,0.825,1,0.849316061169501,2.5387573,2.3920622,1.5307925
2619,0.9,1,0.8402528437334261,2.405651,2.2758117,1.2523966
2620,0.525,0,0.7865345764512746,1.9123974,2.1479845,2.4965606
2621,0.7,1,0.819114499313144,2.271699,2.0542378,1.0658536
2622,0.8,1,0.8271321425137537,2.227488,2.1125016,1.5197403
2623,0.7,0,0.8033831989256628,2.1148636,2.3628352,1.2420611
2624,0.95,1,0.8221656202998691,2.2155986,2.0549018,0.5122171
2625,0.675,0,0.7761481593610311,1.817003,2.0249555,1.0972867
2626,0.55,0,0.742915063764708,1.477264,1.6123061,0.6446646
2627,0.5,1,0.7986786007419966,1.9734159,1.7371238,-0.124666095
2628,0.95,1,0.8532251701814478,2.5548277,2.4210489,2.0649698
2629,0.75,1,0.7914495238260421,2.0059462,1.7492774,-1.6013656
2630,1.0,1,0.8330812833036555,2.327455,2.2169151,0.69843775
2631,0.8,1,0.825796863391448,2.2490673,2.1099272,0.85954386
2632,0.825,1,0.8060153167415671,2.0891445,1.8508905,-0.5834311
2633,0.775,1,0.7639108676899556,1.5688317,1.3054028,0.08508694
2634,0.7,0,0.7685387283040876,1.8314402,2.013556,1.0801105
2635,0.6,1,0.7682134303985123,1.6068816,1.387646,0.4205395
2636,0.9,1,0.8107776409716163,2.1100993,1.8750162,0.09268725
2637,0.775,1,0.8439548753894013,2.4717553,2.337027,0.9247852
2638,0.825,1,0.797873768798631,1.9275947,1.7607279,0.7080808
2639,0.9,1,0.8951711852562634,3.0478299,2.9271517,1.7619934
2640,0.875,1,0.7865451332844684,1.8264985,1.6110511,0.7798727
2641,1.0,1,0.8924480509401902,3.0077105,2.883542,1.8046594
2642,0.925,1,0.8353622938660964,2.378238,2.18732,0.5209308
2643,0.825,1,0.7612867792832825,1.5471535,1.3037376,-0.38202322
2644,0.85,1,0.8342078135047757,2.4088616,2.1803708,-0.119160056
2645,0.85,1,0.8683680491470092,2.749166,2.5682297,1.9516358
2646,0.7,1,0.8213850720134384,2.1960511,2.0616782,0.95754296
2647,0.925,1,0.8473354460739133,2.5155525,2.373615,0.5587922
2648,0.825,1,0.8081397261136926,2.0571165,1.8539875,0.68448836
2649,0.725,1,0.79174281713091,1.8801911,1.6627965,0.9848004
2650,0.7,1,0.8250205280446365,2.2764325,2.0589776,0.51391846
2651,0.75,0,0.7309356530123792,1.3080246,1.4569058,0.8147004
2652,0.875,1,0.7983268815095931,1.9588913,1.737536,0.38614666
2653,0.95,1,0.7715280776655002,1.6583521,1.4465797,-0.44486803
2654,0.675,0,0.7700459804884154,1.7377791,1.9719622,2.0667982
2655,0.65,1,0.8132453515545768,2.2272546,2.0104291,0.20837814
2656,0.85,1,0.8791793320509043,2.9303508,2.7581336,-0.1898188
2657,0.725,1,0.8234598309620904,2.2317803,2.0291328,1.5585093
2658,0.875,1,0.8390292240750387,2.4164937,2.2733593,0.8388172
2659,0.85,1,0.8402025270713416,2.428143,2.2174451,1.089232
2660,0.75,0,0.7034976740121032,1.0335294,1.1939213,2.3281276
2661,0.975,0,0.7783962385582578,1.819638,2.048155,1.4643579
2662,0.75,1,0.794558609337224,1.8965447,1.6766865,1.2687783
2663,0.825,1,0.8548566080405372,2.5940995,2.4406977,0.7416902
2664,0.875,1,0.7913775958397068,1.864818,1.6463289,1.2338958
2665,0.675,0,0.744498990263737,1.4145113,1.6485847,1.6139822
2666,0.85,1,0.7674114445574668,1.6068115,1.4202231,-0.33673352
2667,0.8,1,0.8218724175561696,2.1851146,2.031676,0.97450477
2668,0.875,1,0.8533904823692378,2.598923,2.4189916,0.25960267
2669,0.675,1,0.7214147546600488,1.2094404,0.89918125,-1.4013852
2670,0.65,1,0.790891377910883,1.8770454,1.6598586,0.1933142
2671,0.625,1,0.7772205152760334,1.8293567,1.5424796,-0.8904432
2672,0.775,1,0.7843101837296487,1.8588127,1.687959,1.0806623
2673,0.95,1,0.7708973684014726,1.6404319,1.4113859,0.72814304
2674,0.9,1,0.7988838708671739,1.9726491,1.802504,0.48996836
2675,0.8,1,0.7534898059502599,1.4470599,1.1958035,-0.36204636
2676,0.825,1,0.7828315417701748,1.7986023,1.5695124,0.5449024
2677,0.725,1,0.8153100673620914,2.1397586,1.9639904,0.83296067
2678,0.75,1,0.8379889106342594,2.4319732,2.2689068,0.3812595
2679,0.875,1,0.8604985180772634,2.6757045,2.524488,0.56586367
2680,0.875,0,0.7547639259849479,1.6765035,1.8223071,1.213484
2681,0.85,1,0.8656631431640854,2.7501578,2.5855546,-0.2936849
2682,0.7,1,0.80424638968966,2.0092587,1.798248,0.7150827
2683,0.575,0,0.671082919775628,0.74844646,0.822645,-1.1836351
2684,0.625,0,0.7820038413483622,1.8600419,2.1098557,0.8270727
2685,0.75,1,0.8013653640217295,1.9814215,1.780741,0.5323916
2686,0.925,1,0.8333312816386893,2.3538167,2.2316728,0.007627547
2687,0.8,1,0.7397953759344509,1.3539746,1.1002054,0.7013598
2688,0.7,0,0.8334305514495841,2.4980845,2.7136018,1.6589434
2689,0.75,1,0.8106710692869301,2.07548,1.8707709,0.9567285
2690,0.725,1,0.8360582011261761,2.3634052,2.2090745,1.1227956
2691,0.75,0,0.7950422894165734,2.0319266,2.272214,2.2616186
2692,0.9,1,0.8071102492041975,2.0687833,1.86532,-0.054873347
2693,0.925,1,0.8824097413793617,2.9225805,2.7581084,1.9737339
2694,0.725,1,0.77566216412511,1.8001533,1.573632,-0.0036463141
2695,0.775,1,0.7962015083688836,1.9400103,1.7033857,0.2741543
2696,0.825,1,0.823947103861724,2.2682273,2.020399,0.47214133
2697,0.8,1,0.7910680827352368,1.9456816,1.7526982,0.53580624
2698,0.675,0,0.7353856474931563,1.412735,1.5804911,2.4851305
2699,0.8,1,0.8466884478471357,2.5049186,2.2857924,1.15166
2700,0.825,1,0.7471829952312359,1.4415064,1.1861577,0.74961716
2701,0.725,1,0.801585643236354,1.9793649,1.7698576,0.65407044
2702,0.875,1,0.8352880676175802,2.3493907,2.2158074,0.8572908
2703,0.9,1,0.8526262882770933,2.5931554,2.3726532,1.5489218
2704,0.65,0,0.7776798996519335,1.7856574,2.0383506,2.7614274
2705,1.0,1,0.8800041420450657,2.8784175,2.7313747,1.1794162
2706,0.825,0,0.7745900735222917,1.8074777,2.01652,1.4990354
2707,0.825,0,0.7966869594164306,2.0310974,2.3328872,1.4848576
2708,0.9,1,0.8503698076043587,2.566625,2.3556275,0.43632275
2709,0.625,1,0.8172670604425848,2.1840014,1.9608846,0.8068233
2710,0.775,1,0.8277393482115409,2.3139277,2.0765872,0.4584399
2711,0.875,1,0.7848757364541762,1.838204,1.6247277,-0.07860273
2712,0.875,1,0.8455666387470646,2.4708607,2.3360822,1.8811753
2713,0.925,1,0.822868393622781,2.2081814,2.0690804,1.7368457
2714,0.9,1,0.8121858591650724,2.1213865,1.9349078,0.27205044
2715,0.775,1,0.8661402876185543,2.7077408,2.5691905,1.0981846
2716,0.8,1,0.773128632558785,1.7727275,1.5678911,-0.3985297
2717,0.9,1,0.7847007183108917,1.7871152,1.6012137,0.014922738
2718,0.9,1,0.8259238746865262,2.2862985,2.0527203,1.095115
2719,0.85,1,0.8371626973827236,2.4001076,2.272788,0.021346629
2720,0.8,0,0.7205842128032468,1.2997763,1.388326,0.16080391
2721,1.0,1,0.868691193257683,2.7679427,2.642813,0.6591993
2722,0.65,0,0.7191721140055464,1.1125658,1.3178337,2.236794
2723,0.9,0,0.7612397396407395,1.6356074,1.8249018,1.1561689
2724,0.975,1,0.8664054611046366,2.75132,2.6052186,0.14564615
2725,0.925,1,0.8694722174749621,2.7735286,2.626543,1.7542696
2726,0.9,1,0.8427153430754102,2.4946914,2.343733,-0.4019875
2727,0.775,1,0.8391023113622327,2.450153,2.265198,0.33893615
2728,0.9,1,0.8560843486292832,2.6410048,2.4451158,0.4639898
2729,0.675,1,0.7900296017242046,1.8944845,1.642239,-0.22008908
2730,0.9,1,0.8338544173877908,2.3800712,2.1833482,0.2185551
2731,0.95,1,0.7830137855476946,1.7562401,1.5359739,0.6282578
2732,0.8,1,0.8321608527079003,2.3647249,2.1613688,0.71545845
2733,0.75,1,0.8145562636233283,2.135944,1.95422,-0.03414762
2734,0.675,1,0.7882542657823371,1.8272477,1.6139607,0.44685894
2735,0.8,1,0.84297672708839,2.4830315,2.3073373,0.5085154
2736,0.725,0,0.738618590109244,1.4560182,1.6495898,1.531157
2737,0.9,1,0.8227791084184201,2.2511876,2.0410242,0.12799466
2738,0.925,1,0.8588271583745397,2.6242995,2.492381,1.3947434
2739,0.85,1,0.8795830148313427,2.864698,2.7255473,2.3079758
2740,0.9,1,0.8774255579983241,2.886704,2.7346716,0.2334581
2741,0.9,1,0.852051752760349,2.5503154,2.3776789,1.3210053
2742,0.95,1,0.7812982193139787,1.7311401,1.5497608,0.63788706
2743,0.85,1,0.7844448427492163,1.7735593,1.6217861,0.5987969
2744,0.975,1,0.8450361674409226,2.485131,2.3152914,0.7091871
2745,0.825,1,0.8537473984274895,2.5885777,2.36569,1.7261367
2746,0.8,0,0.7579803429066094,1.6248261,1.7995877,0.67056566
2747,0.925,1,0.7772481066073655,1.7929733,1.5738919,0.03660375
2748,0.725,0,0.7535402398257565,1.5499198,1.7745415,1.187664
2749,0.875,1,0.8199135371005322,2.3186195,1.9887543,0.32647145
2750,0.925,1,0.8370743918429192,2.3954911,2.1973078,0.3060366
2751,0.75,1,0.8380231086050778,2.4259577,2.2521732,1.1920447
2752,0.825,1,0.7796540065203426,1.7384291,1.4889247,0.63795
2753,0.625,0,0.7883126744998702,1.9984837,2.1729093,0.87401015
2754,0.65,1,0.8045322222153859,2.0325685,1.8227017,1.0306654
2755,0.775,1,0.8447900185552374,2.5123103,2.265926,1.1886623
2756,0.9,1,0.8157033208834168,2.120102,1.9610862,1.5697465
2757,0.9,1,0.8106991810357268,2.1877093,1.9819466,0.7773996
2758,0.575,0,0.6707960371903426,0.7954658,0.8437329,0.4771338
2759,0.975,1,0.8622719096379835,2.693925,2.5771308,0.23735577
2760,0.875,0,0.8079855968752346,2.1395288,2.4038043,2.4030423
2761,0.825,1,0.7746360004280299,1.6820652,1.435693,0.5319262
2762,0.75,1,0.8516023201391935,2.5770655,2.4258842,0.3620196
2763,0.775,0,0.7635412231255311,1.6739129,1.8423483,1.2860553
2764,0.7,0,0.791655743677016,2.0282784,2.1918924,1.1292012
2765,0.775,1,0.8344529676532557,2.3425817,2.2095962,1.103509
2766,0.85,1,0.8017953108900076,1.9968102,1.7674673,1.0206928
2767,0.925,1,0.7997756202057049,1.9616702,1.7954931,0.30677253
2768,0.925,1,0.8241179774868143,2.24918,2.02811,1.39814
2769,0.725,0,0.7602942511535661,1.6106112,1.828512,1.54458
2770,0.9,1,0.8427957988486385,2.4662127,2.302924,0.7951012
2771,0.825,1,0.801548880017475,1.9596336,1.7612379,1.0513902
2772,0.75,1,0.7331386484811468,1.3214624,1.0446917,-0.48916334
2773,0.825,1,0.81839616364315,2.198126,1.9543536,0.52767235
2774,0.875,1,0.7901056514770661,1.8864264,1.669416,-0.09475148
2775,0.875,1,0.7747822150303323,1.6890969,1.5017532,-0.67468536
2776,0.85,0,0.7247319098629248,1.307745,1.4765255,1.9012423
2777,0.725,1,0.8448402276236102,2.4721034,2.3447437,1.116313
2778,0.875,1,0.8042402977333252,2.008417,1.7904413,1.062859
2779,0.875,1,0.8758341943935735,2.8667884,2.689063,0.9480825
2780,0.625,1,0.7824450729722382,1.8015022,1.5669066,-0.2323972
2781,0.6,0,0.6488771802555757,0.5069691,0.59936094,0.5673161
2782,0.825,0,0.7660615205672532,1.6485343,1.867804,2.914843
2783,0.875,1,0.8639967123573062,2.7182586,2.5462523,0.6025005
2784,0.9,1,0.8333942856295771,2.3475275,2.1818078,1.3039672
2785,0.8,1,0.7550378550849703,1.5768512,1.2933508,-0.18257034
2786,0.875,1,0.8301181147260492,2.3337393,2.098841,1.2883201
2787,0.95,1,0.8332620950390874,2.3774114,2.169523,0.14401734
2788,0.7,1,0.7513701468275157,1.4377868,1.210609,-0.6480032
2789,0.875,1,0.8040430198193336,2.0016797,1.7942631,1.4456441
2790,0.85,1,0.8117746690125411,2.0949805,1.8954141,0.80810505
2791,0.8,1,0.8262699630341573,2.2733157,2.0646572,0.78241545
2792,0.65,1,0.7905051337270737,1.9019265,1.6636106,-0.278628
2793,0.775,1,0.7860331678400649,1.7907276,1.6202905,1.3189919
2794,0.8,0,0.7318853345401486,1.2955801,1.4497706,1.2058029
2795,0.75,1,0.7807179601854449,1.7888482,1.5285164,-0.6836771
2796,0.875,1,0.8291685854719213,2.3006697,2.1401663,1.4301937
2797,0.85,1,0.7453925164154664,1.4419765,1.1748359,0.048352838
2798,0.75,1,0.8072312194001272,2.1113057,1.9193699,1.7149928
2799,0.625,1,0.7747315284686798,1.7974775,1.531874,-0.22714841
2800,0.85,1,0.800464524664906,1.9532863,1.7580078,1.2236781
2801,0.9,1,0.7557282838837265,1.5889417,1.3167675,-0.24368662
2802,0.75,1,0.8499547549678158,2.5052183,2.3995318,1.1573093
2803,0.85,1,0.7577391434628195,1.7209941,1.4193217,-0.83219904
2804,0.95,1,0.8898514927362848,2.9971135,2.865761,0.83632046
2805,0.875,1,0.8486768047698793,2.524702,2.395782,1.6243019
2806,1.0,1,0.8425035965256048,2.4802785,2.2587836,0.70211035
2807,0.925,1,0.8204289559145572,2.2468526,1.9868689,0.6818486
2808,0.925,1,0.8370194579310459,2.3710866,2.2311883,0.85415035
2809,0.8,1,0.8135038378635463,2.1663837,1.9339828,-0.2941941
2810,0.925,0,0.7378397907302106,1.4491085,1.609546,1.3831382
2811,0.675,0,0.7357650324670695,1.3959503,1.5295343,0.0068365335
2812,0.875,1,0.8487850806053795,2.5194802,2.3847384,1.7839556
2813,0.775,1,0.8503320866985169,2.5312505,2.3973708,1.9464514
2814,0.9,0,0.8061233796224538,2.1795042,2.3612523,1.1792669
2815,0.75,0,0.7297688028145806,1.3818672,1.4871371,1.921588
2816,0.85,1,0.8439213815202588,2.4256377,2.3035424,2.2788408
2817,0.6,1,0.8266321428326411,2.3114197,2.0633764,0.77529866
2818,0.7,1,0.7889652745613326,1.9076524,1.6583462,1.4623742
2819,0.775,1,0.7600370125728346,1.5400343,1.2996149,-0.44298065
2820,0.725,1,0.8136598541371832,2.1512842,1.903962,0.6354554
2821,0.95,1,0.8510946754267382,2.5704181,2.4188285,0.055501997
2822,0.9,1,0.8439208358123143,2.494418,2.3033898,0.3782097
2823,0.95,1,0.8465324047930581,2.50628,2.297954,1.051868
2824,0.95,1,0.8017636254929182,1.9544101,1.7642288,1.8381107
2825,0.825,1,0.6872706242490941,0.84757197,0.65478826,-0.84750694
2826,0.875,0,0.7186923443987314,1.1592162,1.3309312,0.7667914
2827,0.65,1,0.7795774531543248,1.71554,1.5614347,0.20886618
2828,0.75,1,0.7949211256404001,1.9576972,1.7031885,-0.29738557
2829,0.6,1,0.8744089539813518,2.8220916,2.6704102,1.2572365
2830,0.85,1,0.8490537483257584,2.5361757,2.3651748,1.5788388
2831,0.9,1,0.8311611494729564,2.3518648,2.1409435,-0.16469944
2832,0.825,1,0.8220197984628974,2.206112,2.022533,1.0565228
2833,0.7,1,0.7978858471727919,1.9412634,1.715286,0.5500708
2834,0.95,0,0.7697476236630506,1.7362432,1.9198351,1.2159128
2835,0.75,1,0.838911748030722,2.3975286,2.2213447,1.2204831
2836,0.95,1,0.8701660056352776,2.7666957,2.5944955,2.0249004
2837,0.7,0,0.752831712749097,1.5179653,1.7468278,1.5681558
2838,0.675,1,0.7927398779946402,1.893234,1.661464,0.9969204
2839,0.95,1,0.8784405632381624,2.851177,2.712826,2.2986908
2840,0.65,1,0.8292881554011131,2.2918012,2.1626658,0.18912655
2841,0.7,1,0.829296145549616,2.2631485,2.1506386,1.3037167
2842,0.65,1,0.7426719537629692,1.4326615,1.1652069,-1.0533882
2843,0.75,0,0.809364761264328,2.1638026,2.4368849,1.2672715
2844,0.775,1,0.7930996281370795,2.013723,1.7225409,-0.06829059
2845,0.75,1,0.8062310448832298,2.0613477,1.8467093,-0.09634054
2846,0.925,1,0.8503436641933484,2.5528433,2.427457,0.4923187
2847,0.725,1,0.7834116745856802,1.7803168,1.5748124,0.3027202
2848,0.7,1,0.8238284812047214,2.2854931,2.0365252,0.83299094
2849,0.775,1,0.8452969675514246,2.5734787,2.376579,1.3620405
2850,0.85,1,0.8712514136064331,2.7978957,2.6320772,1.0998049
2851,0.775,1,0.8441945767089734,2.4843233,2.3135014,0.4636293
2852,0.825,1,0.8042917075929026,2.0246696,1.7938428,1.1906519
2853,0.875,1,0.8411626009510732,2.457354,2.2605135,1.428653
2854,0.95,1,0.8378929888421104,2.429524,2.2423098,-0.13270986
2855,1.0,1,0.8360493383446166,2.366126,2.1976933,1.7289028
2856,0.85,1,0.7972275251222409,2.0043848,1.8141396,0.7254215
2857,0.975,1,0.8585775632682984,2.627408,2.4155736,2.1199183
2858,0.75,1,0.8273298827854928,2.2991529,2.0819483,1.2650018
2859,0.75,1,0.8302637839782133,2.3122876,2.1611116,0.8160396
2860,0.675,1,0.7706962101436419,1.6585116,1.422087,0.09785473
2861,0.775,1,0.8066890980925946,2.0637937,1.8438306,0.30581486
2862,0.75,0,0.7705176945923011,1.7491031,1.9298732,1.1436434
2863,0.75,1,0.8104511641849935,2.0844796,1.864413,0.73259026
2864,0.875,1,0.7887407800380575,1.8562272,1.6446719,0.6993137
2865,0.725,1,0.8068320129840308,2.035098,1.8516455,0.45981985
2866,0.775,1,0.7573823579868675,1.5649685,1.3594437,-0.14486855
2867,0.875,1,0.8085821962526869,2.091499,1.8341691,0.92166287
2868,0.825,1,0.8269176766137687,2.27366,2.1299605,0.7509604
2869,1.0,1,0.8638996574985119,2.7225168,2.5745173,0.43369824
2870,0.775,1,0.8252990520632186,2.2492127,2.075028,0.8149696
2871,0.875,1,0.8571709733179671,2.6330705,2.501866,0.25466686
2872,0.675,1,0.8216039013790744,2.2079096,2.0573726,1.4382174
2873,0.925,1,0.8760781978897297,2.8496668,2.738257,0.8143292
2874,0.85,1,0.8329707326485503,2.359905,2.128284,1.3513861
2875,0.8,1,0.8282370253105875,2.2795897,2.056408,1.3933172
2876,0.775,1,0.8359568927730812,2.3722465,2.2456183,1.5965283
2877,0.75,1,0.7883808645035554,1.8674164,1.6363575,-0.10471594
2878,0.85,0,0.806905927902423,2.1772914,2.3924527,2.2662354
2879,0.875,1,0.8698011233893348,2.783151,2.64152,0.34624153
2880,0.775,1,0.809991580342952,2.0917645,1.8951645,0.52654797
2881,0.95,1,0.8708177284007019,2.7619438,2.6109266,2.25848
2882,0.75,1,0.7709590503089281,1.6398203,1.4248815,0.074709535
2883,0.9,1,0.8243692488049006,2.2948117,2.086055,-0.28258622
2884,0.775,1,0.7957969380643732,1.8896617,1.7376056,1.5520744
2885,0.675,1,0.9012582671183568,3.1362035,2.975573,1.5218911
2886,0.975,1,0.8279754375384356,2.355261,2.2010903,0.69647866
2887,0.8,1,0.827925685213841,2.2810678,2.1294372,0.88188654
2888,0.625,1,0.8244217513638605,2.2399864,2.0517035,0.9666429
2889,0.85,1,0.8504636446940764,2.4754283,2.3813343,2.1155095
2890,0.775,1,0.8198150669553323,2.2018633,1.9934398,1.2572646
2891,0.825,1,0.818271493557267,2.20165,1.971529,0.3856269
2892,0.8,1,0.861814884870291,2.658521,2.5389643,1.4205346
2893,0.725,1,0.807670911439922,2.0708241,1.8777912,0.3480488
2894,0.95,1,0.8772820595827524,2.8644552,2.692965,1.8948333
2895,0.75,1,0.7805629480415939,1.8907518,1.5900319,-0.5548438
2896,0.925,1,0.8241365996750543,2.3619604,2.1332088,0.28950673
2897,0.75,1,0.8297695441752027,2.2958121,2.085383,1.2056236
2898,0.775,0,0.7951291931735842,2.0107841,2.2645488,2.587922
2899,0.85,1,0.8388402253375558,2.4425886,2.2124584,0.5683921
2900,0.675,1,0.7977152441293927,1.9434669,1.7453892,1.1494429
2901,0.65,1,0.7725787430205432,1.6511886,1.4605937,0.22908986
2902,0.875,1,0.8320169931912011,2.349176,2.1609619,0.23555952
2903,0.75,1,0.8512290349382287,2.5299897,2.3537643,1.593982
2904,0.75,1,0.7998521460698553,1.9803505,1.7795423,0.27687562
2905,0.9,1,0.8274796844180241,2.2983825,2.0686283,1.3524909
2906,0.8,1,0.7855685903473802,1.8043749,1.606242,0.9652329
2907,0.825,1,0.8298177046984769,2.3379593,2.0987306,0.49074417
2908,0.7,1,0.8367318296436393,2.384864,2.2370486,1.5692358
2909,0.775,1,0.7939959240147363,1.8822267,1.7226571,0.9399305
2910,0.825,0,0.7567464956970406,1.6952718,1.8485742,0.36363465
2911,0.85,1,0.8550431771288161,2.6121936,2.400472,1.6447616
2912,0.925,1,0.7875833052329602,1.8415356,1.5949975,0.7974494
2913,0.975,0,0.8273368924976388,2.4221168,2.6689644,1.3058801
2914,0.675,1,0.7575747028008233,1.5014634,1.2405932,-0.87232745
2915,0.725,0,0.7587608268637904,1.6579771,1.863886,1.8679619
2916,0.9,1,0.7784144253767811,1.7354198,1.4959409,0.36050618
2917,0.85,1,0.8436176296357449,2.4775698,2.3375576,0.3986836
2918,0.875,1,0.825599243862019,2.2409687,2.090844,0.8939019
2919,0.725,1,0.763679925159501,1.5334988,1.3049951,0.07382023
2920,0.65,1,0.8346959952067762,2.3933432,2.1704879,0.52839047
2921,0.6,1,0.7573692235368956,1.5077859,1.2259648,-0.15339434
2922,0.6,1,0.7563680539115664,1.5604608,1.2995782,0.5719157
2923,0.6,0,0.7091374619063688,1.0499498,1.2105829,0.6387451
2924,0.95,1,0.7637580981542333,1.6539966,1.3958905,0.26561844
2925,0.825,1,0.7988122402742492,1.9640427,1.7291343,0.7496126
2926,0.675,1,0.8149000930687212,2.1691093,1.9178723,0.25344336
2927,0.625,0,0.7742095799201815,1.8283439,1.9797876,-0.17387259
2928,0.9,0,0.7605337130971015,1.6378522,1.8147709,0.9465328
2929,0.925,1,0.8406019927748148,2.443376,2.2862253,0.37603432
2930,0.825,0,0.804146721100998,2.1254106,2.376461,1.2109251
2931,0.65,1,0.8294127454310214,2.3100584,2.1288621,0.41193926
2932,0.85,1,0.8058195457444306,2.0308695,1.8399472,0.8859926
2933,0.775,1,0.7978083654100698,1.9304633,1.7232206,0.7201782
2934,0.8,1,0.7980492726057725,1.9643476,1.720442,0.5628372
2935,0.875,0,0.751601037741082,1.4956511,1.7336977,2.342834
2936,0.95,1,0.7813171358929183,1.7543087,1.5353813,0.98587805
2937,0.825,1,0.8278338910411631,2.2977107,2.0921981,1.4046545
2938,0.925,1,0.834284255299397,2.3305717,2.2100737,1.933527
2939,0.7,1,0.8054386762692303,2.0729935,1.8240972,-0.044149995
2940,0.75,1,0.7838106267173872,1.7922971,1.5672626,0.18265164
2941,0.75,0,0.7832745062987425,1.878945,2.1250262,1.7087026
2942,0.975,1,0.8217400613615249,2.2801905,2.0835998,-0.95413727
2943,0.775,1,0.8350709595781763,2.3412223,2.2500446,1.2080617
2944,0.8,1,0.8036572183285924,1.9919267,1.8088624,0.8803006
2945,0.9,0,0.7517566088207186,1.528295,1.6766647,1.9215066
2946,0.7,0,0.7467313762921832,1.4578754,1.6590669,1.8065658
2947,0.8,1,0.7964364524285492,1.9375048,1.6827598,0.7460533
2948,0.85,1,0.8254777113522231,2.2816987,2.115344,0.04587227
2949,0.75,1,0.8390656288450045,2.4235318,2.2589874,0.7377711
2950,0.775,1,0.8026408312743893,2.0950687,1.8964958,1.2799611
2951,0.875,1,0.813497068723489,2.1143851,1.9606872,1.0135493
2952,0.725,1,0.8203655322767557,2.2058978,1.9986255,0.68953234
2953,0.9,1,0.825797672170549,2.2342002,2.1231647,1.1218333
2954,0.875,1,0.8215822115751206,2.2373736,2.0385706,0.09231961
2955,0.675,0,0.7416277287300337,1.5173705,1.6767976,1.2196927
2956,0.65,0,0.765798827801899,1.6533008,1.8786271,2.729114
2957,0.775,0,0.7412957866686967,1.4437199,1.6665895,1.8842583
2958,0.7,1,0.806502202872019,2.0014074,1.8352149,1.2662199
2959,0.85,1,0.798845449263907,1.9405445,1.7423167,0.7486091
2960,0.875,1,0.8754237438607348,2.843501,2.6936803,1.8007662
2961,0.725,1,0.818121470612263,2.1622732,1.9840076,1.611299
2962,0.725,1,0.7997803329576652,1.9762726,1.7172189,1.1192269
2963,0.825,1,0.8373597563851538,2.4151988,2.2318153,0.5068436
2964,0.825,1,0.8009756807574928,1.9767883,1.7717075,1.1828773
2965,0.925,1,0.7785283332878584,1.7502198,1.623033,1.1065137
2966,0.7,1,0.8267698191267524,2.2653966,2.078789,-0.052424073
2967,0.875,1,0.8120272008865084,2.104501,1.9513136,-0.11780399
2968,0.825,1,0.7943303372297918,1.913477,1.7510333,0.14916855
2969,0.85,1,0.8435626194935788,2.459237,2.3309026,0.9562126
2970,0.875,0,0.733409730422162,1.4137735,1.5135019,1.3237984
2971,0.975,1,0.8499121863991398,2.5396657,2.416717,0.6769424
2972,0.65,1,0.7892482378698442,1.8050473,1.6209314,1.3464303
2973,0.675,0,0.7644990717197118,1.8105738,1.9682374,0.005867541
2974,0.75,1,0.7426719353844751,1.4246926,1.1558986,-0.99712646
2975,0.675,0,0.7938885768801583,2.0154629,2.2556748,0.7127524
2976,0.975,1,0.8132875018987096,2.1386924,1.9561522,-0.3097328
2977,0.775,1,0.8078600016320557,2.0721717,1.8185368,0.82876116
2978,0.9,1,0.8207227469421663,2.2322989,2.0449538,-0.37167013
2979,0.875,1,0.773475337041495,1.67817,1.4580357,-0.17947876
2980,0.7,1,0.8204090295365354,2.225148,2.0566673,0.90425116
2981,0.825,1,0.7949543537855257,2.0308099,1.8218021,-0.8851697
2982,0.8,1,0.8396703790754692,2.4060426,2.2610369,1.124332
2983,0.9,0,0.7971063547138271,2.0336828,2.28238,1.9953222
2984,0.7,1,0.8368384140132825,2.4392118,2.230416,-0.29383224
2985,0.825,1,0.7966201510028474,1.9346986,1.7032199,1.1231105
2986,0.825,1,0.8115589822453875,2.091112,1.9486561,0.6703444
2987,0.75,1,0.8183758047511989,2.1599858,1.9681516,1.0025017
2988,0.675,1,0.748700067050432,1.4858215,1.211568,-0.02086103
2989,0.8,0,0.7852352082611883,1.8988779,2.1331697,1.8139083
2990,0.7,1,0.8030437186896207,2.015768,1.7715266,0.769106
2991,0.775,1,0.7750610290788058,1.6926557,1.4934909,0.11010158
2992,0.75,1,0.7967649103663816,1.9107914,1.7210007,1.4740336
2993,0.925,1,0.7483498664184816,1.4760119,1.2401776,-0.41800636
2994,0.725,0,0.7293136738982544,1.2562926,1.4789286,1.8246574
2995,0.925,1,0.8014117116412545,2.0035188,1.7622323,0.272534
2996,0.55,1,0.7745177718881198,1.663687,1.4706378,0.6735049
2997,0.6,1,0.8449737772911794,2.4907959,2.3559868,0.7754465
2998,0.675,1,0.7141287765218549,1.0421551,0.74588484,-1.2834889
2999,0.75,1,0.7864386791045632,1.8157525,1.643928,0.0945726
3000,0.85,1,0.8235671568731873,2.237554,2.0437548,0.16083252
3001,0.9,1,0.8139142120227166,2.1465504,1.9842238,-0.19864076
3002,0.9,1,0.8025781071489547,1.984091,1.7977631,0.4469419
3003,0.825,0,0.7768642459746088,1.9031703,2.10777,1.8624625
3004,0.95,1,0.7945437061769687,1.9244828,1.6897786,0.15535986
3005,0.9,1,0.8639305028174401,2.654732,2.5506425,2.5432954
3006,0.825,1,0.8319056559558579,2.3517702,2.1741822,0.27881587
3007,0.95,1,0.7878390327399506,1.8308063,1.6206882,1.0216908
3008,0.675,0,0.7753160136897499,1.8245668,2.024482,1.6534917
3009,0.75,1,0.8308473377851416,2.3367317,2.1377492,-0.06780851
3010,0.825,1,0.813929322001397,2.1425529,1.9932454,0.31168586
3011,1.0,0,0.8176897047464229,2.2745805,2.5249763,2.8100245
3012,1.0,1,0.8060486684024405,2.0412676,1.8241291,1.2722728
3013,0.975,1,0.8577736101549973,2.6402526,2.503347,0.5823212
3014,0.825,1,0.8479707520094876,2.4982495,2.382594,1.2530394
3015,0.7,1,0.7855314816873822,1.7989912,1.5986245,1.0854776
3016,0.725,1,0.8337416146795396,2.381662,2.2229812,0.033848345
3017,0.65,1,0.8104778714374495,2.101534,1.891203,1.1048203
3018,0.925,0,0.820449252965886,2.3398087,2.6088681,1.235054
3019,0.725,1,0.7439678215456931,1.3431137,1.107419,-0.086309075
3020,0.7,0,0.7260887801854499,1.3494819,1.4762435,1.3233054
3021,0.875,1,0.8436224767771251,2.4359388,2.2653625,2.253701
3022,0.775,1,0.8224012355744494,2.1958048,2.0038698,1.2860861
3023,0.725,0,0.7247009173657611,1.3610721,1.4511347,-0.5310148
3024,0.825,1,0.8358716479603834,2.4047327,2.1516643,0.5496593
3025,0.825,1,0.8448704886813078,2.4891136,2.3455415,0.47840887
3026,0.75,1,0.7710163783531085,1.6620895,1.4158447,-0.18988335
3027,0.8,1,0.7253374741788238,1.3592561,1.0032446,-1.4045289
3028,0.975,1,0.8387373982644821,2.3884325,2.2415843,1.8996048
3029,0.8,1,0.8415801358755133,2.4697754,2.260407,1.295161
3030,0.725,1,0.853142415029669,2.5845997,2.4291878,0.81464297
3031,0.75,1,0.8243380337859014,2.3080597,2.0592394,-0.49248183
3032,0.525,0,0.7265824659466948,1.3143048,1.4684708,1.5705333
3033,0.925,1,0.8524474792895578,2.5573125,2.4431458,0.80340296
3034,0.825,1,0.8041391186912061,1.9977725,1.8044715,0.89608055
3035,0.7,1,0.8370096120259378,2.366713,2.2225008,1.9139667
3036,0.8,1,0.8050697945492316,1.9917109,1.8338035,1.0408349
3037,0.9,1,0.8324974869164146,2.3854737,2.147077,0.916328
3038,0.725,1,0.803678348307442,1.9819639,1.8307271,1.1859007
3039,0.825,1,0.8112600351708543,2.060511,1.9344093,1.7309937
3040,0.85,1,0.8311194780030465,2.3467426,2.142912,0.2439295
3041,0.825,1,0.7868118027845272,1.82588,1.6075985,0.24318993
3042,0.675,1,0.74808064921087,1.5266111,1.2943575,0.8977223
3043,0.75,1,0.8417966446281794,2.4503143,2.3062778,0.8316632
3044,0.775,1,0.8337273479963482,2.3740404,2.1506882,1.3422112
3045,0.8,1,0.8151983067706792,2.2172432,2.0183406,1.177494
3046,0.85,1,0.8096492135622304,2.1001656,1.8835994,-0.028434634
3047,0.85,1,0.8433640803334849,2.4072285,2.2886531,2.405941
3048,0.95,1,0.8358324310548092,2.3750637,2.2056756,0.8492637
3049,0.775,1,0.8367203219307897,2.3923595,2.2347188,0.78117424
3050,0.825,1,0.835230514113528,2.3926764,2.2310843,1.1486752
3051,0.75,0,0.7491323472743174,1.6031723,1.8085475,0.5833073
3052,0.95,0,0.7309998744035844,1.2502229,1.4790659,1.239887
3053,0.85,1,0.7693675503287976,1.6594526,1.3862113,0.017272592
3054,0.85,1,0.8243621432342817,2.2863145,2.046335,0.8135794
3055,0.75,1,0.8481077263121267,2.5551941,2.3371797,0.6600037
3056,0.775,1,0.8395625377476202,2.4042892,2.2202802,1.2264824
3057,0.675,1,0.8276567364279863,2.247922,2.08979,2.1070967
3058,0.9,1,0.7344745950758979,1.2539463,0.9814019,-0.37286198
3059,1.0,0,0.8070223515715257,2.1982903,2.3425148,1.0763402
3060,0.825,1,0.791627169301695,1.8681545,1.6685114,0.5461641
3061,0.775,1,0.799599977066068,2.0061727,1.780839,-0.7999886
3062,0.975,0,0.7643107427533208,1.7057016,1.8845215,0.259647
3063,0.775,1,0.8200701290563318,2.194131,2.0290675,1.5157707
3064,0.775,1,0.7912052459117905,1.8779564,1.6622727,0.25204194
3065,0.95,1,0.7965836435615441,1.9423399,1.727181,0.14828312
3066,0.7,1,0.7853710479834584,1.807503,1.5866523,0.58456
3067,0.8,1,0.8555846654128675,2.6093004,2.452534,1.67837
3068,0.775,0,0.7744746764433714,1.7681227,1.9950936,1.2417843
3069,0.85,1,0.782238889836238,1.7760997,1.5817854,-0.27784717
3070,0.75,1,0.8023244474097769,2.0411737,1.7863183,-0.4859556
3071,0.8,1,0.7798774994147383,1.7289803,1.5465497,0.044506133
3072,0.95,1,0.8064669076255535,2.0570226,1.8572438,0.036241174
3073,1.0,1,0.8359678181061558,2.4767845,2.239462,0.6529408
3074,0.85,1,0.8100332518948994,2.1079605,1.8694917,0.27928603
3075,0.65,0,0.7925358839115852,1.9308124,2.1983767,2.750928
3076,0.675,1,0.831660598793085,2.3596542,2.1301193,1.1212473
3077,0.775,1,0.8470409203373863,2.4869046,2.3537498,1.280724
3078,0.675,0,0.7497808495411548,1.5187863,1.6964586,1.6515756
3079,0.725,1,0.7939456598400625,1.9062059,1.687417,1.0037365
3080,0.875,1,0.8441681044033784,2.485157,2.3117473,0.7718716
3081,0.75,1,0.8340705892192171,2.3880496,2.1752672,0.46545368
3082,0.925,1,0.8451824938803114,2.5019472,2.3219275,1.3257432
3083,0.825,1,0.8454234009452883,2.5000782,2.3496068,0.077773154
3084,0.95,1,0.8051639270406372,2.048831,1.8138769,0.2773291
3085,0.875,1,0.816799954202639,2.1718264,1.949971,1.2686477
3086,0.675,1,0.8065389791511464,2.059461,1.8611395,-0.44557083
3087,0.975,1,0.8150350232490027,2.1412942,1.9677718,-0.044374347
3088,0.575,1,0.8251964132839134,2.2578135,2.0483887,1.1484301
3089,0.75,1,0.8532714585090626,2.6166258,2.4326758,0.45665365
3090,0.8,1,0.8027049206373583,1.9824897,1.777257,1.5060639
3091,0.9,0,0.7454784078337415,1.4493462,1.6206877,1.406472
3092,0.825,0,0.7470704754105619,1.4786811,1.6645811,0.83401495
3093,0.825,1,0.8474752973901531,2.511252,2.3148394,1.1730719
3094,0.675,1,0.7644060032796326,1.5617766,1.3410507,0.07077801
3095,0.775,0,0.7456169803617692,1.4264032,1.62322,1.7731202
3096,0.7,1,0.80375020696329,2.03018,1.8206418,0.24092495
3097,0.775,1,0.8344759089251348,2.4772077,2.2860005,0.07485682
3098,0.8,1,0.7447289538076246,1.4389994,1.1463999,0.31759274
3099,0.8,1,0.8296520182190591,2.3853095,2.207209,1.0121126
3100,0.85,1,0.8098154291420511,2.0894785,1.8755338,1.196115
3101,0.65,1,0.7499937276809169,1.4766692,1.2267654,0.3529607
3102,0.775,1,0.7864517290164293,1.8711381,1.660784,1.9550018
3103,0.75,1,0.8035249102181258,1.9746444,1.8472414,0.9315472
3104,0.7,0,0.6938196621829141,0.865629,0.99308723,1.099422
3105,0.775,1,0.8873495757402519,2.9588697,2.8121898,2.3196025
3106,0.775,1,0.7736735093110698,1.7291315,1.4245169,-1.2577256
3107,0.825,1,0.771521219096743,1.7526469,1.4829329,-0.2024256
3108,0.8,1,0.818744340362726,2.1854563,2.005619,0.5876618
3109,0.825,1,0.831049245173977,2.3497782,2.1525006,-0.1814717
3110,0.7,1,0.7525471532900689,1.5383298,1.2605193,0.18743241
3111,0.875,0,0.7589698193032732,1.6907876,1.905555,1.4598303
3112,0.85,1,0.7878277843138317,1.8388424,1.6533368,-0.16926372
3113,0.825,1,0.8713651459822583,2.7982197,2.6246161,1.7773438
3114,0.675,0,0.7588834630553907,1.6951046,1.8880411,1.3911219
3115,0.925,1,0.7805026832784776,1.7393914,1.5530953,-0.007439077
3116,0.875,1,0.8559756288695303,2.6104023,2.4626603,1.7465007
3117,0.7,1,0.8401871075425609,2.4277701,2.2123322,1.4267263
3118,0.675,1,0.7925946393959087,1.8946958,1.6887968,0.6766444
3119,0.6,1,0.7933090462922322,1.9339054,1.7102003,-0.70674145
3120,0.9,1,0.8302458295179562,2.2817895,2.15142,1.9483275
3121,0.75,1,0.8148521129396176,2.1308713,1.9266996,0.8528705
3122,0.75,1,0.8675369883326598,2.7255113,2.6000264,1.4904838
3123,0.725,1,0.8494817757842392,2.5198078,2.4045193,1.286767
3124,0.85,1,0.8418513521247417,2.4007826,2.291371,1.6212275
3125,0.95,1,0.8864241211528512,2.945011,2.8104951,2.3556561
3126,0.825,1,0.8133915192191083,2.1153386,1.9494977,0.67834
3127,0.775,1,0.8456558426103877,2.4556136,2.3284812,1.5919666
3128,0.825,1,0.7539812144536416,1.4612854,1.2247261,-0.332806
3129,0.95,1,0.8187765079325007,2.1676679,2.018838,0.47716194
3130,0.925,1,0.8545842855669167,2.5724194,2.4304428,0.99757105
3131,1.0,1,0.8043595402923939,2.0528374,1.7985771,0.7599357
3132,0.75,1,0.7617053963589615,1.5564666,1.3193432,-0.28284824
3133,0.6,1,0.8039525246723586,2.0425742,1.7947533,0.10909283
3134,0.725,1,0.7794117557239084,1.8165097,1.6071373,0.3660503
3135,0.8,1,0.851591725095174,2.5970416,2.3768072,0.23379481
3136,0.725,1,0.7894060542979146,1.891534,1.7085072,-0.6141495
3137,0.775,0,0.7873954232339947,2.0535085,2.2560415,1.1843705
3138,0.775,1,0.8428645860821472,2.491258,2.2974997,0.45157677
3139,0.925,1,0.7339346231929715,1.2940605,1.0273023,-0.19323099
3140,0.825,1,0.8047586882655169,2.0295477,1.8270667,1.1366191
3141,0.85,1,0.7940208434247138,1.8913934,1.7123953,0.23025542
3142,0.75,1,0.788542087572851,1.8803809,1.6408267,-0.76888764
3143,0.875,0,0.73727916378271,1.4870703,1.6038127,0.23030365
3144,0.7,1,0.771430436742949,1.7153623,1.4818916,1.4253058
3145,0.775,1,0.8341322877860203,2.3545263,2.1996984,1.5601606
3146,0.825,1,0.8682953315598863,2.7700434,2.6270814,0.5518151
3147,0.75,1,0.8610420393234832,2.6513274,2.532308,1.0545917
3148,1.0,1,0.806004990645896,2.0490716,1.8176148,1.1090982
3149,0.625,1,0.7716889759410117,1.726027,1.4965122,0.93463093
3150,0.775,1,0.8200699753901473,2.192679,2.0314405,1.542489
3151,0.9,1,0.8190742663755658,2.2031264,2.0008059,-0.24774826
3152,0.8,1,0.7361470167998677,1.3609643,1.0364935,-0.16709721
3153,0.775,1,0.7840207416730771,1.8444964,1.6251498,0.5512119
3154,0.75,1,0.8806485621466908,2.9113216,2.7147117,0.94715816
3155,0.825,1,0.7844875781559458,1.7897525,1.5788133,0.8018301
3156,0.9,1,0.7901184824363376,1.9020312,1.6760465,-0.74153364
3157,0.7,0,0.7162718564224685,1.2357062,1.4031175,0.72062546
3158,0.7,1,0.8148908800236654,2.1314778,1.9461477,0.80061823
3159,0.775,1,0.7971568793647015,1.9533336,1.761232,-0.14367288
3160,0.925,1,0.8439535515639535,2.4253292,2.3077269,1.6539538
3161,0.925,1,0.8082666330283635,2.050938,1.8692379,1.4444869
3162,0.75,0,0.7987604337833362,2.0822492,2.3136709,1.5176439
3163,0.9,1,0.8662775030114884,2.7067208,2.5782158,2.2091405
3164,0.95,1,0.8113275069691885,2.1137743,1.893234,1.0814362
3165,0.875,1,0.857735137800399,2.6338954,2.4663267,1.7415292
3166,0.65,0,0.7161406264532114,1.1889975,1.3327407,2.3138213
3167,0.925,1,0.8341898716474382,2.3870177,2.1835058,-0.14726484
3168,0.875,1,0.8189738446694006,2.173911,1.9654002,1.3353076
3169,0.85,1,0.8450147469363365,2.5100641,2.3117628,0.9549702
3170,0.925,1,0.8433098100592934,2.4635038,2.3013005,1.6281042
3171,0.875,1,0.8355158039847322,2.3766005,2.2070653,1.152667
3172,0.75,1,0.813146978734905,2.1304152,1.9254637,1.1659741
3173,0.625,1,0.784611979821247,1.814542,1.6198037,-0.044190288
3174,0.9,1,0.8409839092109603,2.4341123,2.2764406,1.2103038
3175,0.675,1,0.7832908958015403,1.7933474,1.5609212,0.047132134
3176,0.75,1,0.8480805387140593,2.5221224,2.3661928,1.5977025
3177,0.8,1,0.8700752639632534,2.800869,2.6551135,0.033794463
3178,0.95,0,0.8715804684512519,2.9199817,3.166574,2.0373092
3179,0.675,1,0.7861216286370696,1.8236383,1.6089948,-0.98957
3180,0.775,1,0.8205943179750592,2.2171054,2.0108705,1.2427847
3181,0.825,0,0.6971584261562684,1.0996377,1.169992,1.094547
3182,0.85,1,0.8468416149536,2.5155423,2.3829682,0.073758185
3183,1.0,1,0.8812990095472568,2.8636851,2.7345262,2.6423054
3184,0.8,1,0.8445630539589186,2.4828856,2.3219526,0.8971444
3185,0.625,1,0.7647994619447587,1.6309761,1.399542,-2.4066393
3186,0.925,1,0.838712660349134,2.4178803,2.2871304,0.05443579
3187,0.8,0,0.7213467645140209,1.244631,1.4391325,1.5855908
3188,0.8,1,0.8089624175178709,2.0538664,1.8551776,1.5963607
3189,0.7,1,0.8142153361015005,2.122986,1.9096739,1.5223439
3190,0.575,1,0.787078427812127,1.9099864,1.7029712,0.90572554
3191,0.85,1,0.8473833565734866,2.5136776,2.3581352,0.83822066
3192,0.875,1,0.8197032638388906,2.1860778,2.0635238,0.08549124
3193,0.825,1,0.8621280103817379,2.662276,2.5281177,2.0899243
3194,0.625,1,0.7705001646685194,1.7090974,1.4703119,0.6824985
3195,0.925,1,0.8129933990149213,2.1401448,1.8636657,0.7583428
3196,0.925,1,0.8237656243284185,2.2148616,2.0630584,1.7365804
3197,0.8,1,0.802343640010347,2.0617595,1.8755362,1.4583707
3198,0.75,1,0.815904344089166,2.205894,1.9775116,0.036475003
3199,0.9,1,0.8419383255933202,2.4308271,2.2666545,1.230042
3200,0.8,1,0.8064709393987408,2.0073042,1.8368921,1.7902083
3201,0.975,1,0.8903015121307757,2.9918606,2.8636527,2.339567
3202,0.95,1,0.8882500002005774,2.966179,2.8431048,2.3487277
3203,0.75,1,0.7906084983161867,1.9334106,1.7373385,1.504791
3204,0.825,0,0.7390315096543238,1.4561398,1.6596465,1.2977118
3205,0.8,1,0.8268447938351546,2.2686086,2.1218615,1.4848704
3206,0.95,1,0.8348204519042475,2.3678107,2.2065415,1.4615393
3207,0.875,1,0.7422117293220617,1.4038234,1.13018,0.5810111
3208,0.65,1,0.8092345148866862,2.0375028,1.8715472,1.9570973
3209,0.825,1,0.8264348010621476,2.25403,2.0798774,0.77347475
3210,0.775,1,0.8098145042789419,2.0733316,1.9206862,0.61332995
3211,0.925,1,0.8015880668600572,2.0183508,1.778075,0.7589708
3212,0.975,1,0.8197880274961571,2.2424183,1.9987893,-0.5878805
3213,0.725,1,0.8311921874455814,2.3313677,2.1671968,0.34083325
3214,0.8,0,0.8114924837086811,2.2601807,2.4148805,1.9706748
3215,0.725,1,0.7794986350564712,1.7410963,1.498863,0.5246826
3216,1.0,1,0.828402498597945,2.3272133,2.118521,-0.038851142
3217,0.725,1,0.8033811498302597,1.9848537,1.8517983,1.3261638
3218,0.875,0,0.8068589115227982,2.1650755,2.4220715,1.6829627
3219,0.775,1,0.8097611074760214,2.0950646,1.8600533,0.35434544
3220,0.85,1,0.8132262943475013,2.1289132,1.9409571,0.39316803
3221,0.8,1,0.843447683342798,2.4463365,2.2575495,2.1435122
3222,0.775,1,0.8354750108185469,2.3744278,2.15834,1.6579027
3223,0.65,1,0.8242108585907324,2.2559056,2.0263743,0.65784365
3224,0.725,1,0.794896123200345,1.9919757,1.7978873,0.4300905
3225,0.875,1,0.789249735957702,1.862361,1.6580043,-0.2601031
3226,0.85,1,0.8498160646249628,2.5254066,2.3580532,1.2438874
3227,0.85,1,0.8427738900447734,2.496502,2.2934616,-0.5410914
3228,0.775,1,0.8186148757613634,2.1973832,2.004613,0.4811774
3229,0.9,1,0.8177119390247538,2.185421,1.9817846,0.2679425
3230,0.875,1,0.7391688468625801,1.3482251,1.0555953,1.1421661
3231,0.75,1,0.8054727730946242,2.0534077,1.8159125,0.25242865
3232,0.675,1,0.8348523633926889,2.379263,2.2218509,0.58188254
3233,0.675,1,0.799600438861598,2.0305219,1.8409472,1.4288564
3234,0.85,1,0.8301522316569905,2.307527,2.113274,1.6562262
3235,0.75,0,0.7952217984123391,1.963384,2.259111,2.3648622
3236,0.825,1,0.8237122617393214,2.2524097,2.0868278,1.0476556
3237,0.725,1,0.7529705862063897,1.5004328,1.236185,-2.3469343
3238,0.825,1,0.8310599103333188,2.3020701,2.1776476,0.7483521
3239,0.975,1,0.8657999431301839,2.729665,2.571009,1.7612698
3240,0.725,1,0.7882203173900376,1.9375644,1.7220142,-0.30911535
3241,0.65,0,0.7581533384282232,1.6228374,1.8029757,1.070015
3242,0.7,1,0.7695729263307123,1.674053,1.3951088,-0.23334324
3243,0.725,1,0.7528908380439923,1.4499464,1.2291734,-0.40992868
3244,0.925,1,0.8078218749234806,2.0514576,1.8788908,0.9296556
3245,0.85,0,0.7773793523534288,1.7949762,2.0464835,1.5267208
3246,0.95,1,0.8489148172476748,2.510465,2.3530934,1.3203244
3247,0.55,1,0.7901374182882042,1.8703116,1.651624,0.14730895
3248,0.65,1,0.7599201320536991,1.5065489,1.283674,0.4123217
3249,0.65,1,0.8252470752346418,2.271303,2.0599682,0.44053584
3250,0.925,1,0.8014593125086902,1.9861989,1.774365,1.2384169
3251,0.725,1,0.8232088512354472,2.267636,2.0484889,0.22818863
3252,0.925,1,0.8408141751595674,2.4580677,2.2564523,0.38560593
3253,0.725,1,0.7956784335783842,1.9036548,1.7266362,0.34840596
3254,0.625,1,0.8263733874415027,2.3094296,2.0612106,0.21379483
3255,0.675,1,0.8297709248531095,2.3687577,2.094677,0.63936144
3256,0.95,1,0.8047603720545947,1.9803197,1.7990315,1.8089895
3257,0.85,1,0.7988886293660521,1.9484079,1.7238915,1.2926018
3258,0.95,1,0.8561307341934833,2.6237028,2.477759,0.21191078
3259,0.75,0,0.8236766192179937,2.316245,2.6498666,1.9187825
3260,0.65,1,0.7874077894480691,1.8345454,1.579591,0.6013549
3261,0.8,1,0.8479896238572382,2.5295858,2.3625407,1.4305809
3262,0.925,1,0.852449265264181,2.5612502,2.4361043,0.8711911
3263,0.875,1,0.8059211058841749,2.047703,1.8057404,1.1452415
3264,0.775,1,0.7927592113723304,1.898907,1.6825643,-0.12157619
3265,0.9,0,0.8041595802283673,2.1178126,2.3462768,1.7770207
3266,0.7,1,0.8066870113694535,2.0154808,1.8545239,0.9521895
3267,0.65,0,0.8222395028172923,2.3247917,2.584939,2.136217
3268,0.975,1,0.8091720136557523,2.1075532,1.8983437,-0.21091306
3269,0.575,1,0.7924243578036347,1.8974161,1.6646994,0.8279558
3270,0.725,0,0.6261101145293728,0.28012252,0.31908944,0.056490064
3271,0.875,1,0.8615886950811711,2.6922247,2.5164855,0.38444006
3272,0.9,1,0.8218269029121924,2.1839232,2.0012827,2.0074997
3273,0.775,0,0.7685752546865772,1.7231092,1.9317405,2.0647027
3274,0.9,1,0.7204410971633965,1.1470993,0.8787765,-0.5452155
3275,0.775,1,0.7958860011835042,1.9025936,1.6960492,1.4561815
3276,0.925,1,0.7846507805531671,1.7738864,1.5698824,0.3297826
3277,0.925,1,0.8625318472221364,2.7235994,2.5461612,2.4139347
3278,0.625,0,0.7403548332986313,1.3872623,1.6161826,1.1116714
3279,0.975,1,0.850922314826692,2.5653043,2.3481107,0.61367804
3280,0.85,1,0.8440554294340481,2.4806857,2.3138108,0.8233214
3281,0.85,1,0.7885709813653359,1.8308344,1.6082108,0.91556555
3282,0.775,1,0.8217113353808734,2.2439158,2.0162854,0.05129063
3283,0.8,1,0.7964199104400083,1.9226445,1.7088499,0.5311714
3284,0.95,1,0.8226630760913289,2.2250206,2.0519917,0.15782607
3285,0.725,1,0.7876821829233633,1.834847,1.6060994,0.2993008
3286,0.7,1,0.8119274623741294,2.1258063,1.875278,0.40744317
3287,0.975,1,0.8165372879794667,2.2546365,2.0344481,1.0784209
3288,0.875,1,0.7985077886265456,1.953964,1.7840768,0.27248245
3289,0.65,0,0.7677717104240483,1.7177625,1.8901153,1.4495118
3290,0.9,1,0.7387508540470864,1.3769922,1.0834002,0.016181111
3291,0.975,0,0.7956785896744017,2.052546,2.228925,0.8707791
3292,0.75,0,0.6807680981705835,0.74684966,0.87543726,1.4446049
3293,0.7,1,0.8052408664087423,2.0413709,1.8263073,0.086714864
3294,0.825,1,0.8291155476599247,2.264868,2.1492796,0.9129551
3295,0.75,1,0.7503428514477752,1.5410547,1.2471752,-1.9713984
3296,0.8,1,0.8006059868821335,2.0112257,1.7816243,-0.009145379
3297,0.775,1,0.7474818319121799,1.3814824,1.1610315,-0.352929
3298,0.7,0,0.7667946955957498,1.6966717,1.9429711,1.4300823
3299,0.7,1,0.8226744739826591,2.2155519,2.0126946,1.7088604
3300,0.85,1,0.828451698404289,2.2759519,2.0892453,1.2435608
3301,0.7,0,0.7226225867932963,1.3161228,1.43114,-0.15575635
3302,0.85,1,0.8100432199941001,2.0811007,1.866144,1.3313808
3303,0.875,1,0.7502762378270618,1.5394044,1.2650368,-1.1991034
3304,0.8,1,0.7957081829783129,1.936188,1.7112939,-0.120584846
3305,0.9,0,0.7741273405017051,1.8259133,2.0124378,1.3421936
3306,0.75,1,0.765006734996007,1.5531527,1.3594637,1.0124507
3307,0.75,1,0.7849633117716889,1.7946501,1.5468148,0.6959496
3308,0.9,1,0.8645596739524759,2.6941197,2.5811315,1.0318875
3309,0.725,0,0.7629745741453774,1.6651305,1.8481901,1.9380753
3310,0.725,1,0.7954282481395105,1.9540766,1.7523093,-0.47589058
3311,0.775,1,0.83833021534642,2.4088306,2.1930895,1.6494424
3312,0.8,1,0.8247396075289248,2.2500157,2.0339305,1.6514661
3313,0.9,1,0.8668800171637479,2.729074,2.6042047,1.3468585
3314,0.725,1,0.8861763732499863,2.98166,2.8263068,0.68685013
3315,0.975,1,0.7969311482680542,1.9823966,1.7772868,-1.3241134
3316,0.7,1,0.8012975135059796,1.9972494,1.841761,0.15211779
3317,0.95,1,0.8318331401625954,2.3875365,2.1672325,-0.63689935
3318,0.775,1,0.8287538707097447,2.2980547,2.081002,0.90697724
3319,0.875,1,0.8066200626890211,2.0576966,1.8723688,0.028561234
3320,0.85,1,0.7837477192035454,1.7968128,1.5385844,0.14549696
3321,0.7,1,0.7719677098209436,1.6280243,1.4356933,0.8814407
3322,0.825,1,0.8075436252535064,2.0386536,1.8222601,1.3574624
3323,0.975,1,0.7856774355924272,1.8312004,1.5900915,-0.8864361
3324,0.7,1,0.8675877162168426,2.733271,2.5936623,1.9977593
3325,0.85,0,0.7519577277984961,1.6127411,1.80536,1.3161645
3326,0.825,1,0.8199208901738434,2.226358,1.9735923,0.33383048
3327,0.725,1,0.8246102024223039,2.3712,2.175984,-0.17611021
3328,0.925,1,0.8356743977928227,2.3847792,2.241529,0.75442415
3329,0.875,1,0.8462652808180567,2.5291915,2.3842225,-0.22565025
3330,0.925,1,0.8218175648774066,2.2500381,2.0338023,-0.40057027
3331,0.825,1,0.8321826033693135,2.2891994,2.168539,2.1583962
3332,0.725,1,0.8250239230141567,2.2683592,2.0890756,1.0908127
3333,0.65,1,0.7489990959438884,1.4762939,1.2159519,0.56501204
3334,0.725,1,0.8316610292918742,2.321354,2.139372,1.104898
3335,0.825,1,0.768602585353539,1.6044734,1.3845409,0.12281811
3336,0.675,0,0.6791063928097234,0.8708851,0.9782068,0.90513045
3337,0.85,1,0.8253782295885477,2.3553088,2.1529489,1.6266038
3338,0.975,1,0.7973375531658462,1.8811593,1.6851442,2.0553606
3339,0.825,1,0.7806988567411759,1.7461374,1.522297,1.0060897
3340,0.8,1,0.8396724135954486,2.4096262,2.2590642,1.4974532
3341,0.8,1,0.8112213082830357,2.1671877,2.0019684,0.8621765
3342,0.8,1,0.8567991909235233,2.6316662,2.483821,0.5300885
3343,0.55,0,0.7786441955100717,1.836828,2.0883422,1.0652509
3344,0.75,1,0.7955519741458094,1.943505,1.7005298,0.044759393
3345,0.75,1,0.7876089949147247,1.8308904,1.6442387,0.8987916
3346,0.775,1,0.8384993036617168,2.4068468,2.2092016,1.704309
3347,0.825,1,0.818944177093281,2.1851573,1.9889901,0.8483911
3348,0.85,1,0.8196528794575091,2.2008958,1.9746678,1.2782779
3349,0.825,1,0.7571384440818661,1.5489149,1.2747505,-1.6002619
3350,0.775,1,0.8406450685657973,2.3904724,2.2835057,2.2762575
3351,0.775,1,0.8048290450476548,2.0545297,1.8426981,-0.26601452
3352,0.85,1,0.7895912852345391,1.8557445,1.6129091,0.38050807
3353,0.85,1,0.824719857304441,2.246751,2.077403,1.4468267
3354,0.625,0,0.7483521623584775,1.5871084,1.7505732,1.469965
3355,0.875,1,0.8125846378875462,2.1287038,1.9022479,0.46236426
3356,0.825,1,0.7903752338611902,1.848146,1.621545,1.0291624
3357,0.875,1,0.8536891457763889,2.5661747,2.4100077,1.687942
3358,0.825,0,0.8067560595229223,2.160417,2.4013176,1.4598737
3359,0.8,1,0.794035430986092,1.9896126,1.741753,1.4458373
3360,1.0,1,0.8388170968028994,2.4144855,2.2367687,1.5349989
3361,0.9,1,0.8502809896636823,2.5317922,2.370378,0.630591
3362,0.85,1,0.8680314090564171,2.7584717,2.5616946,0.8940998
3363,0.6,1,0.8169400418340607,2.1672575,1.9344702,0.6656118
3364,0.8,1,0.7518269110672164,1.4194003,1.1699045,0.12457645
3365,0.75,1,0.8700358596541051,2.808488,2.6418357,0.66275126
3366,0.725,1,0.8274678467113004,2.2810469,2.0811646,0.8995586
3367,0.875,1,0.8391458978275576,2.498835,2.2944198,1.4109607
3368,0.675,1,0.7919355406369362,1.8929594,1.6771114,0.11680424
3369,0.7,0,0.7292279949033337,1.3450997,1.5073725,0.3498605
3370,0.95,1,0.7393566855581263,1.3372047,1.0916822,1.2074294
3371,0.85,1,0.7896856400328711,1.8285441,1.6269467,0.7902108
3372,0.925,1,0.8123238780881065,2.1184955,1.9084156,1.2188902
3373,0.775,0,0.7184875758176571,1.2422614,1.4072491,1.0484817
3374,0.925,1,0.8026757087748939,2.0145738,1.8687358,-0.31803936
3375,0.775,1,0.8287654455782045,2.3131924,2.099019,1.3305707
3376,0.925,1,0.8407698549930469,2.4292343,2.2996275,0.6622873
3377,0.625,1,0.8602621473683607,2.657488,2.5042994,1.1105993
3378,0.875,1,0.7594833759750479,1.5102639,1.284518,-0.53583777
3379,0.875,0,0.7957888947925513,1.994764,2.266117,2.0078275
3380,0.8,1,0.8205569628079422,2.2853189,2.109304,1.8138316
3381,0.75,1,0.7890182696741483,1.8452445,1.6511345,0.34467518
3382,0.8,1,0.7969762514388872,1.9385201,1.7579374,0.07250273
3383,0.775,0,0.7523126564302569,1.5972576,1.7913901,1.0017838
3384,0.9,1,0.8342088947514574,2.3205428,2.1773486,2.1717153
3385,0.875,0,0.7677342006317656,1.8495381,1.9768324,0.51468617
3386,0.775,0,0.7686288288523986,1.7197481,1.9666309,0.98744494
3387,0.8,1,0.7781936428242966,1.7476945,1.5229394,-0.52722156
3388,0.775,0,0.7094415843096064,1.1278166,1.2625332,1.8986981
3389,0.725,1,0.8310406480057622,2.3242216,2.1683555,1.3947673
3390,0.7,1,0.7840198305703642,1.896614,1.6455877,-0.12418306
3391,0.8,1,0.808952179582676,2.0508504,1.8589664,0.99043375
3392,0.8,1,0.8895870447331554,3.0317247,2.8471205,0.7722228
3393,0.8,1,0.8104053228870319,2.1105928,1.8555619,0.3489071
3394,0.9,1,0.7897285839158341,1.8714399,1.6761491,-0.31406158
3395,0.725,1,0.7740131000880035,1.6758859,1.4532412,0.11594975
3396,0.525,0,0.7600751603501161,1.588045,1.8417454,2.4068642
3397,0.6,0,0.7180502330451166,1.1935196,1.3025658,0.30922997
3398,0.8,1,0.7695947146034307,1.7296467,1.4995437,0.06251818
3399,0.525,0,0.7161720554361072,1.1175308,1.272212,1.1282041
3400,0.75,1,0.8428137965617399,2.4441667,2.2945304,1.1329026
3401,1.0,1,0.8028026166772335,2.0369747,1.8362556,-0.70478
3402,0.775,1,0.8091679808629983,2.0753741,1.9231164,-0.1744765
3403,0.925,1,0.8435676612718979,2.4663117,2.3122742,1.6147532
3404,0.9,0,0.705188516415878,1.0992954,1.1931769,0.8466006
3405,0.75,1,0.8012541229634642,1.9861522,1.7748349,0.53461605
3406,0.8,1,0.8065794143949923,2.0612507,1.8345997,0.023192048
3407,0.8,1,0.7781285105408079,1.7976913,1.5277455,0.88585335
3408,0.85,0,0.7667876901262914,1.7039618,1.9342488,1.3259389
3409,0.925,1,0.8422515190610995,2.452159,2.2608461,1.7091043
3410,0.725,1,0.7276282223041486,1.2102771,0.9555663,0.25676024
3411,0.775,1,0.8117354613742369,2.167253,2.007609,0.6621719
3412,0.675,1,0.794779392591603,1.8967786,1.7128065,0.5963531
3413,0.95,0,0.7697111060107105,1.7416363,1.9456396,0.72572476
3414,0.775,1,0.741970244429355,1.4231257,1.1280166,0.10399473
3415,0.85,1,0.862262417282687,2.6734533,2.5241055,1.277463
3416,0.925,1,0.8018011195790483,2.0562828,1.7822607,1.71205
3417,0.8,1,0.8073697509295833,2.0771067,1.867101,-0.14861095
3418,0.95,1,0.8307857545132951,2.3371854,2.1645398,0.014519036
3419,0.825,1,0.7983634314426542,1.9256513,1.7256823,0.8438383
3420,0.825,1,0.791788567175885,1.9805999,1.7794766,-0.32391924
3421,0.825,1,0.875127103393256,2.8342214,2.6609066,1.2260876
3422,0.875,1,0.7956183197920714,1.9227738,1.7499876,0.035538793
3423,0.95,1,0.8199586132449854,2.212613,1.9640567,1.2819118
3424,0.95,1,0.8478918894969695,2.542831,2.372006,1.126874
3425,0.65,1,0.7799468754778354,1.7461851,1.5339733,-0.1857518
3426,0.775,1,0.7435032852448132,1.4371479,1.1475842,-0.5758842
3427,0.85,1,0.8516298913770743,2.5341356,2.3908458,2.1252654
3428,0.8,1,0.7838165424280701,1.7808335,1.5638589,0.3046533
3429,0.75,1,0.8331982396740283,2.3499384,2.161182,1.050478
3430,0.825,1,0.8529221717060633,2.5679374,2.4429774,1.8178601
3431,0.8,1,0.7725834223157423,1.790247,1.5373375,-0.821937
3432,0.85,1,0.8433081764324423,2.4806013,2.303891,0.32266718
3433,0.85,1,0.7957667477534548,1.9188309,1.7065072,0.44465786
3434,0.8,1,0.7652655782241385,1.6464021,1.3977444,0.4152981
3435,0.75,1,0.8513234317028904,2.523147,2.3909478,1.6191788
3436,0.775,1,0.7889133428278118,1.8527868,1.6277723,0.21233904
3437,0.85,1,0.8266725320257635,2.2433896,2.0950007,1.5637989
3438,0.95,1,0.8348634195737515,2.3289278,2.1503055,2.2935603
3439,0.725,1,0.8580976159412509,2.6037126,2.477728,1.5180213
3440,0.85,1,0.8111261624891581,2.1173494,1.8919673,0.20359218
3441,1.0,1,0.842478468771289,2.4754214,2.2479718,1.4532104
3442,0.775,1,0.7890839443849574,1.8614173,1.642935,-0.25031173
3443,0.95,1,0.8265370525939135,2.2831173,2.0414555,0.6916719
3444,0.8,1,0.7543864646883206,1.5421062,1.3024454,0.2678693
3445,0.675,1,0.8137511476829566,2.1722426,1.9228307,-0.0021253824
3446,0.575,1,0.8356865135505428,2.4043899,2.1902227,0.5393997
3447,0.65,0,0.7565888522040639,1.6007676,1.753753,0.13051045
3448,0.85,0,0.8196889035340624,2.3192766,2.5496259,1.7632854
3449,0.8,1,0.8576016048842683,2.6154609,2.4788744,1.2763281
3450,0.725,1,0.8287910721465701,2.2976336,2.054569,1.306639
3451,0.675,1,0.8760847833085195,2.8740516,2.7157495,0.7034078
3452,0.8,1,0.8226530253342474,2.2267632,2.0746913,0.65539366
3453,0.8,1,0.7695697447803798,1.6598818,1.421007,-0.5438875
3454,0.9,1,0.8722677123435119,2.7800004,2.6872692,1.1631083
3455,0.875,1,0.8485577104396469,2.5095062,2.3552155,1.2377405
3456,0.775,1,0.87664537979285,2.8315516,2.6909719,1.1727104
3457,0.9,1,0.8304307593087162,2.3399634,2.187887,-0.27134174
3458,0.95,1,0.8533967182793051,2.5595546,2.4287338,1.3797646
3459,0.85,1,0.7586704755875775,1.6003737,1.2943068,0.51171976
3460,0.775,0,0.799126148610003,2.090144,2.3270986,1.435895
3461,0.75,1,0.8519119709225905,2.5576065,2.3564265,1.9793761
3462,0.85,1,0.8278195343944605,2.3357196,2.112905,-0.23642099
3463,0.725,0,0.7839355358583292,1.9148257,2.0998478,0.75258785
3464,0.975,1,0.8365225116616611,2.3557487,2.225697,1.9953799
3465,0.875,1,0.8295469762732628,2.3423004,2.1605196,-0.48255008
3466,0.85,1,0.8473945819215533,2.5342019,2.309438,1.4622173
3467,0.825,1,0.8513174740386704,2.5426846,2.404253,1.211246
3468,0.75,0,0.7930471335315821,1.9856975,2.2343907,2.599143
3469,0.8,1,0.8244583324615158,2.2704034,2.0248382,0.5571857
3470,0.625,0,0.7314374475119478,1.396697,1.5502117,0.061037123
3471,0.925,1,0.7940029133969141,1.9962345,1.8021519,0.8698762
3472,0.875,0,0.7191026527999724,1.2156029,1.3417976,2.4429116
3473,0.875,1,0.8337447051826947,2.3783853,2.1429482,0.63819987
3474,0.85,1,0.8224067448224788,2.2226026,2.0605083,0.7112399
3475,0.8,1,0.8276036297652245,2.2574005,2.113216,1.1830721
3476,0.775,1,0.780585897184067,1.7430978,1.5118012,-0.0016468763
3477,0.8,0,0.7934553224971753,2.0460947,2.2127323,0.5796395
3478,0.675,1,0.8086699162772072,2.0992293,1.8573818,0.112774014
3479,0.725,1,0.7728516788895801,1.7557886,1.5029674,0.1578492
3480,0.875,1,0.8319375813889276,2.3165913,2.1508858,1.3973756
3481,0.625,1,0.7936996747405327,1.8839164,1.7085185,0.5796128
3482,0.85,1,0.8373759940597792,2.4235659,2.20066,0.15491688
3483,0.675,0,0.7192886269990133,1.3110301,1.3607535,-0.41145027
3484,0.9,1,0.7880980700132002,1.9207387,1.7384503,-0.038103044
3485,0.675,1,0.784900433038441,1.8096077,1.5744106,0.44523913
3486,0.875,1,0.8236502588189665,2.257551,2.0377872,1.1992252
3487,0.7,1,0.8081856594951885,2.1017103,1.862489,0.5568879
3488,0.85,1,0.798478365954732,1.960676,1.7392356,0.3875252
3489,0.75,1,0.741029087138062,1.4125679,1.1282308,0.3339678
3490,0.725,0,0.769279250700939,1.836195,1.9491765,2.0074878
3491,0.675,1,0.8036405393343367,2.0402737,1.7823452,0.7391606
3492,0.825,1,0.8356930629771945,2.3722277,2.2029326,1.626915
3493,0.875,1,0.8796260945719955,2.8825731,2.755085,0.9389749
3494,0.775,1,0.8324529947553548,2.3049755,2.1163034,2.0810208
3495,0.525,0,0.7392530070034651,1.4098213,1.6014776,0.70216423
3496,0.825,1,0.8320320127287184,2.3597717,2.1413662,1.1926615
3497,0.875,1,0.8020527053241367,2.0230339,1.8000972,0.7274719
3498,0.825,0,0.7861953301546603,1.8771341,2.093204,3.1464505
3499,0.975,1,0.8387292797735668,2.4402642,2.218132,0.25201428
3500,0.9,1,0.7041826608298206,1.0670302,0.76579714,-0.85265964
3501,0.825,1,0.7901269804682073,1.9402776,1.7330389,0.6129566
3502,0.725,1,0.810805820498931,2.076851,1.9289434,0.21584618
3503,0.95,1,0.8514282243286461,2.5704322,2.4560513,0.050475657
3504,0.75,1,0.8502667404890178,2.5545533,2.3747935,0.8767472
3505,0.675,0,0.7901610141436004,1.9864957,2.170374,2.2354383
3506,0.85,1,0.8341122034280273,2.361664,2.182073,0.9772592
3507,0.725,1,0.7701958374300988,1.6087081,1.3996859,0.43322378
3508,0.975,1,0.8023968215697752,2.0311136,1.8164511,-0.40964264
3509,0.625,0,0.7013370145175528,1.0920951,1.1778785,-0.70941293
3510,0.725,1,0.7775020697538794,1.7152941,1.5427828,0.044155657
3511,0.875,1,0.8214906074915802,2.1837301,1.9873791,1.9553871
3512,0.95,1,0.8506569843098363,2.5519862,2.4268675,0.60889584
3513,0.825,1,0.8176671183863752,2.1742413,2.01016,0.5216699
3514,0.875,1,0.7817609390717022,1.7669561,1.5577674,0.15603602
3515,0.7,0,0.814473463710541,2.2260456,2.4678497,1.3253579
3516,0.925,1,0.795276994888562,1.955133,1.7428647,-0.56402624
3517,0.8,0,0.813560889943451,2.2228234,2.4838433,2.8193262
3518,0.9,1,0.9140056368837264,3.2900453,3.1461558,0.8530827
3519,0.875,1,0.8119767582484516,2.1147077,1.9040256,1.2101643
3520,0.725,1,0.8139966142666442,2.1426556,1.9274948,1.14259
3521,0.75,1,0.7813616571626505,1.7635734,1.5260861,0.19284356
3522,0.875,1,0.7855042993599941,1.8084577,1.5604782,0.6510063
3523,0.825,1,0.7837393662706641,1.7875323,1.5537376,0.29373467
3524,0.925,1,0.8242558896757937,2.2667747,2.0605645,0.17483532
3525,0.625,1,0.7849591199305241,1.8338511,1.5994034,0.35859692
3526,0.925,1,0.7717468566888497,1.7034235,1.5388519,0.21445996
3527,0.85,1,0.8520233834989608,2.5499864,2.4215412,1.2164459
3528,0.975,1,0.8832483887672882,2.9165013,2.794973,1.1417546
3529,0.825,1,0.840573953201254,2.4319267,2.230287,1.0835948
3530,0.65,1,0.7975568880321452,2.029838,1.8355863,0.4348405
3531,0.575,1,0.8301351732349193,2.4271357,2.2299442,1.0235012
3532,0.9,1,0.8450523410526909,2.5097783,2.258699,1.4322715
3533,0.975,1,0.846711649729524,2.5044816,2.2998197,1.7733669
3534,0.825,0,0.8106713953098925,2.210019,2.40695,1.5682907
3535,0.825,1,0.8118741990805847,2.1002908,1.9225836,0.94649893
3536,0.75,1,0.7797967835809235,1.7161278,1.5742068,0.444995
3537,0.8,1,0.783548894752303,1.8093176,1.5519366,0.26627076
3538,0.7,0,0.7483674728025822,1.4817889,1.6607289,2.0801015
3539,0.75,1,0.7875435506603159,1.8088021,1.621376,1.3674746
3540,0.75,1,0.7555571330231351,1.5682492,1.3082266,-0.6353625
3541,0.5,1,0.804524608518999,2.0632892,1.8388462,-0.121014714
3542,0.675,1,0.8402559441438843,2.421931,2.253288,1.7422776
3543,0.775,1,0.8269563992037113,2.2735608,2.1236014,0.7814837
3544,0.95,1,0.816588625603447,2.2143044,1.9743643,-0.5128869
3545,0.725,1,0.7274903016360712,1.2597461,0.9563752,-0.510136
3546,0.75,1,0.7565148809662416,1.4558128,1.2558758,0.89513737
3547,0.6,1,0.7559844240842566,1.5651628,1.3044873,-0.2532469
3548,0.825,0,0.7755458377855685,1.8827506,2.0856752,1.9699318
3549,0.7,0,0.7690209686604488,1.7149165,1.947119,1.5368338
3550,0.825,1,0.8473348464081201,2.4829931,2.341514,1.662823
3551,0.825,0,0.765048235294929,1.7862657,1.9071996,1.3372145
3552,0.975,1,0.8153283229705024,2.1688578,1.9612224,-0.37355316
3553,0.825,1,0.8158885441211092,2.1883569,1.9381018,0.84580237
3554,0.875,1,0.8470675417329012,2.4660442,2.3206728,1.6480062
3555,0.975,1,0.8447194526318029,2.4830303,2.3238962,1.5572684
3556,0.9,1,0.8321222559953335,2.3510025,2.147242,1.3732581
3557,0.7,1,0.7654876296069166,1.516371,1.3509359,0.99573666
3558,0.775,0,0.8294356678808085,2.4320025,2.6830156,1.5273776
3559,0.675,0,0.7362879119145623,1.4430661,1.615273,2.0018559
3560,0.725,1,0.8259992552410642,2.2833407,2.0967906,0.5581742
3561,0.975,1,0.8331755551429461,2.3230934,2.1834807,1.2026224
3562,1.0,1,0.8278503718021204,2.2782273,2.0680065,1.7247965
3563,0.85,1,0.8240855687563782,2.2447197,2.083119,0.6739612
3564,0.75,1,0.8063887298968602,2.066016,1.8972597,-0.29651016
3565,0.75,1,0.8067398415098241,2.0297842,1.9116532,0.68534905
3566,0.85,1,0.798795712177402,2.091198,1.8408515,-0.17068046
3567,0.7,1,0.8319914620619301,2.3616335,2.1436296,0.50137144
3568,0.625,1,0.7719231795226706,1.6622906,1.436237,-0.11891115
3569,0.85,1,0.8291476490770968,2.2913113,2.1092782,1.7173429
3570,0.8,1,0.828368886986986,2.2473197,2.0733647,1.6989222
3571,0.7,1,0.766197626980001,1.7129865,1.4095688,0.15749538
3572,1.0,1,0.8295461115514744,2.306076,2.1581345,1.3865261
3573,0.85,1,0.8296495083378521,2.3356664,2.0892305,0.18529475
3574,0.925,0,0.8155980800827305,2.3121078,2.516572,0.81034523
3575,0.725,1,0.781210801915957,1.7663876,1.5378478,0.072909474
3576,0.825,1,0.874218640248111,2.8371396,2.6942153,0.6548901
3577,0.825,1,0.8665276164466279,2.7221184,2.5823784,1.3151798
3578,0.8,1,0.822230820526445,2.2127435,2.0753477,0.82227045
3579,0.775,1,0.8578277598583858,2.6363194,2.4881883,1.6684375
3580,0.925,1,0.885870970198365,2.9429417,2.7815971,2.3085387
3581,0.85,0,0.742444004117813,1.4671085,1.6815857,2.7655792
3582,0.65,1,0.8186231921934453,2.206739,1.9609714,0.7254608
3583,0.775,1,0.832074358515227,2.3110442,2.2017174,0.78208834
3584,0.825,1,0.8088264033618706,2.0685368,1.8684077,1.3568687
3585,0.65,1,0.8326397555134282,2.3283792,2.174001,0.8563815
3586,0.6,0,0.741422762954168,1.401097,1.5839939,0.395733
3587,0.725,1,0.7644627936287541,1.5292567,1.3591193,0.4088984
3588,0.675,1,0.7732945353350653,1.6416936,1.499496,0.351152
3589,0.825,1,0.8377406719020488,2.4007993,2.24048,0.8863736
3590,0.7,0,0.7438371792562827,1.5356249,1.6245673,1.4467709
3591,0.8,0,0.7083757627626076,1.1060584,1.286336,0.6474379
3592,0.875,1,0.8012679879568025,1.9210787,1.7740486,2.2277935
3593,0.725,1,0.819210930152109,2.1582465,2.022032,1.4153833
3594,1.0,1,0.8572535372213849,2.6314087,2.4400833,1.8789256
3595,0.85,1,0.8432213712982475,2.473155,2.318795,0.095695555
3596,0.625,1,0.7978669650409955,1.9387,1.7099082,0.9266768
3597,0.825,1,0.7788357205584496,1.810143,1.5553582,0.71611506
3598,0.825,1,0.7298391728195106,1.3793083,1.0783542,-0.8889608
3599,0.775,1,0.8160280795851007,2.168061,1.9390261,0.5260473
3600,0.625,0,0.7286773678531806,1.305499,1.4267716,1.0806863
3601,0.9,1,0.8482258560539476,2.4996512,2.3470798,2.0015795
3602,0.875,1,0.8329265333306979,2.350011,2.1321466,0.570283
3603,0.9,1,0.8075509556944416,2.0851455,1.8584661,0.8466521
3604,0.75,1,0.8072649628276378,2.040019,1.8411446,1.4589727
3605,0.975,1,0.8345980789994324,2.3999076,2.186093,-0.2910384
3606,0.95,1,0.7921255488468983,1.871486,1.6476576,1.0615432
3607,0.85,1,0.7890110814710911,1.8535005,1.5988784,0.2906152
3608,0.7,1,0.8310423572927637,2.3045635,2.1163003,1.626049
3609,0.65,1,0.8337210599461726,2.3787916,2.2007399,0.011925757
3610,0.925,1,0.7795294442918422,1.7673955,1.5545511,-0.6478828
3611,0.8,1,0.8751599395935243,2.8681042,2.7115192,-0.06395477
3612,0.85,0,0.851573959703497,2.6779995,2.9099145,3.0113802
3613,0.725,1,0.8511518722242692,2.5381289,2.4040675,1.885139
3614,0.6,0,0.7654919259253249,1.6930084,1.8554094,1.3944542
3615,0.65,0,0.7759500225803169,1.7745762,2.0220203,2.2470503
3616,1.0,1,0.8451842407161401,2.466333,2.3428407,1.9777069
3617,0.775,1,0.829419026582061,2.3034708,2.1420674,0.8073488
3618,0.95,1,0.8312830445326413,2.3490188,2.115918,0.62247473
3619,0.875,1,0.8292811814666541,2.2974355,2.149004,1.5048187
3620,0.75,1,0.7922820674894553,1.8708886,1.728668,-0.5729365
3621,0.95,1,0.7997558522906592,1.939255,1.7581689,1.6251884
3622,0.875,1,0.8760771128892794,2.8167005,2.7033966,1.4114943
3623,0.85,1,0.7879399095166433,1.8760877,1.6313894,-0.3823117
3624,0.85,0,0.7923557138504609,1.9657807,2.2137477,1.6022501
3625,0.95,0,0.770185751648678,1.828256,2.0059867,2.1061354
3626,0.975,1,0.8312212294731893,2.3465402,2.1386454,0.29061282
3627,0.95,1,0.8546158954255547,2.6113033,2.4197054,1.3449898
3628,0.675,1,0.8043389409828843,2.0381873,1.7742324,0.659422
3629,0.75,1,0.8201177369151874,2.2082987,2.0101366,0.53986317
3630,0.8,1,0.7890919388355763,1.8716098,1.621741,0.6656199
3631,0.925,1,0.7942554678344378,1.9403257,1.7206385,-0.49282062
3632,0.95,1,0.801860088549619,1.9799263,1.7496853,1.3980169
3633,0.975,0,0.8013260996054579,2.10294,2.3292108,1.4826193
3634,0.8,1,0.7687849962845896,1.69301,1.5053126,0.14296633
3635,0.95,1,0.8152985621310687,2.109258,1.9675633,1.4625039
3636,0.625,1,0.8079826617416845,2.0763736,1.8951335,-0.828772
3637,0.55,1,0.8226144732311725,2.211215,2.0457168,0.6238888
3638,0.975,0,0.7891133952332361,1.972743,2.1579688,1.169878
3639,0.9,1,0.8019409068938145,2.0038033,1.8777964,2.4148333
3640,0.925,0,0.7960393508207182,2.0570457,2.2681754,1.2887301
3641,0.85,1,0.7478854536286295,1.5035614,1.2004789,-0.8718921
3642,0.825,1,0.8265585381300868,2.221284,2.1350932,2.067852
3643,0.775,0,0.7152702069592267,1.092145,1.2737279,1.7042701
3644,0.7,0,0.8171557826229036,2.2853382,2.4942837,2.6834378
3645,0.925,1,0.8707077850702334,2.786984,2.6693182,0.774468
3646,0.8,1,0.8390872062444692,2.3941298,2.2437015,1.2408972
3647,0.8,0,0.7903978923913363,1.9973783,2.1787229,2.0699542
3648,0.825,1,0.7754234127978148,1.6939466,1.5019286,-0.59953535
3649,0.85,1,0.8161674983410357,2.1759055,1.9752901,-0.31358945
3650,0.825,1,0.7983329113439113,1.9882464,1.766592,-0.453483
3651,0.8,1,0.8293252652604212,2.2750206,2.1343071,1.8752553
3652,0.9,1,0.8079503277878214,2.1194367,1.9625589,1.6485491
3653,0.775,1,0.806900814220909,2.060288,1.8374214,0.32820046
3654,0.825,1,0.7881632526588862,1.8570073,1.6209905,-0.16181266
3655,0.925,1,0.8557561259304463,2.5958202,2.4657514,0.8717142
3656,0.725,1,0.8394801801157309,2.4162118,2.2393117,1.5635426
3657,0.9,0,0.7902386495725071,1.9987473,2.1600661,2.0386126
3658,0.725,1,0.7704720481439615,1.7158146,1.4658561,0.27507126
3659,0.875,1,0.7897706422293609,1.8822732,1.6675011,-0.42857778
3660,0.825,1,0.8579429461496807,2.6032584,2.5088181,2.1799402
3661,0.875,1,0.8351061749851966,2.3408172,2.1572905,2.1004179
3662,0.675,1,0.8253287947062165,2.2503073,2.0881486,1.0857973
3663,0.875,1,0.8333198244288391,2.3661222,2.1474721,1.3954582
3664,0.775,1,0.7639046663604016,1.5535891,1.3114262,0.81088215
3665,0.825,1,0.8275192523699046,2.2944148,2.0802906,1.4141488
3666,0.75,1,0.8054449782472182,2.0892892,1.8447833,-0.030973613
3667,0.8,1,0.8102654236547597,2.0509777,1.9055586,1.4078436
3668,0.925,1,0.8304579470659725,2.3112755,2.093355,1.7161222
3669,0.8,1,0.8465697258729045,2.529979,2.3103344,1.3140318
3670,0.975,1,0.8030450883942846,2.0161052,1.7948108,-0.36769855
3671,0.65,1,0.8362804530949497,2.3871531,2.2353883,0.7835246
3672,0.75,1,0.7892598740542323,1.9127485,1.7277808,1.2454147
3673,0.95,1,0.8192333749022801,2.181378,1.9983504,0.5393029
3674,0.975,1,0.8061973641536437,2.0795953,1.810736,0.6930428
3675,0.9,1,0.8339201495289651,2.348784,2.1620963,1.4241936
3676,0.85,1,0.80232650626586,2.0408087,1.794224,0.47418505
3677,0.875,1,0.824285897556845,2.2209973,2.072739,1.73124
3678,0.875,1,0.830436062660742,2.3316882,2.1483226,0.021724343
3679,0.75,1,0.7924001313046101,1.9766176,1.7017326,0.115039945
3680,0.8,1,0.8166448539789779,2.1824613,1.9379066,0.41112435
3681,0.9,1,0.8373795014734503,2.39828,2.2251089,1.5038967
3682,0.825,1,0.814326396279803,2.1821914,1.9239879,-0.04488361
3683,0.625,0,0.7743001102341245,1.9008813,2.0685816,1.4324794
3684,0.95,0,0.7668671021348424,1.8020883,1.9715507,1.5058405
3685,0.725,1,0.7866661875097918,1.8243207,1.6072154,-0.09559286
3686,0.775,1,0.8658913773152428,2.7001476,2.553249,1.6435466
3687,0.775,0,0.7783722285361556,1.814073,2.0541382,2.476906
3688,0.725,0,0.7813871913378454,1.913388,2.1348383,0.42498857
3689,0.825,1,0.8454947781359633,2.4729507,2.2879913,2.0862713
3690,0.8,1,0.8077964574414108,2.0501795,1.8792784,0.36114275
3691,0.8,1,0.835391099125103,2.3656049,2.2090626,1.5307326
3692,0.8,1,0.7829230529862488,1.7579565,1.5816392,0.5919047
3693,0.7,1,0.8137504127294731,2.1462002,1.902411,1.0723615
3694,0.85,1,0.8194265224153825,2.1825151,1.9895306,0.9056478
3695,0.775,1,0.7715346784985349,1.812378,1.5707746,1.3322778
3696,0.675,1,0.7513308332299151,1.4271092,1.1835465,-0.06809366
3697,0.95,1,0.8768718264880165,2.872345,2.7290835,0.57644564
3698,0.95,0,0.7829683860327447,1.8430221,2.0359566,2.452072
3699,0.8,1,0.8376680526111389,2.3991733,2.2716348,0.8305927
3700,0.75,0,0.7191938567653118,1.2213849,1.411746,1.8366523
3701,0.8,1,0.8652065276532324,2.6709027,2.555397,2.5539074
3702,0.525,1,0.7959640434631485,1.9236093,1.6869295,0.97032076
3703,0.8,0,0.7291854037615028,1.365149,1.4881884,1.0097637
3704,0.8,1,0.8641775527631848,2.6919346,2.5485368,1.3696632
3705,1.0,1,0.8537584446676664,2.5756974,2.4207234,1.1755047
3706,0.75,1,0.7966602813728547,1.9312904,1.7408395,1.1152365
3707,0.775,1,0.7747152350366444,1.6566145,1.4425523,0.9159408
3708,0.975,1,0.7580999156215669,1.6221311,1.3528767,-0.5478248
3709,0.8,1,0.8053963496043663,2.0731163,1.8341594,-0.08589518
3710,0.875,0,0.6773876015573743,0.7422894,0.90835327,0.80925614
3711,0.8,1,0.7393990647724358,1.4182916,1.109938,-1.2020072
3712,0.725,1,0.761340266491704,1.4711723,1.2656517,0.9751628
3713,0.65,0,0.7889092957468017,1.9541833,2.116465,0.83603793
3714,0.775,1,0.8137981517671599,2.144832,1.9050598,0.47005945
3715,0.925,1,0.7911795304794547,1.9465716,1.7060378,1.6218758
3716,0.775,1,0.8232955275826934,2.2970247,2.0266747,-0.5941993
3717,0.75,1,0.823435148223481,2.2160525,2.10059,0.70865065
3718,0.925,1,0.8370810641179895,2.4172304,2.2859,0.08400351
3719,0.825,1,0.8320972017269822,2.365601,2.20372,-0.2798695
3720,0.8,1,0.7561254056260265,1.5617123,1.2949408,0.27893412
3721,0.75,0,0.7894541920965172,1.9777871,2.1761289,1.7317681
3722,0.75,1,0.7842233135883356,1.7968671,1.6075444,0.8698953
3723,0.825,1,0.8160575171134605,2.1677184,1.95773,0.055926442
3724,0.775,1,0.8019139078066906,2.0054014,1.7630246,0.37091172
3725,0.925,1,0.8386007997936771,2.3793116,2.2681298,0.5857788
3726,0.75,1,0.8372656540206168,2.4274275,2.3075373,2.0217202
3727,0.625,1,0.7416580059305231,1.3705056,1.1424973,0.42311347
3728,0.925,1,0.8303752590698039,2.3636804,2.1171808,0.10132706
3729,0.675,1,0.7876227157263237,1.8382194,1.615989,0.18928206
3730,0.675,1,0.7736883594582871,1.7998719,1.5172191,-1.1941141
3731,0.75,1,0.7844313773552911,1.7947829,1.5859866,0.2672912
3732,0.7,0,0.7512692528746401,1.6196328,1.7610639,2.0986683
3733,0.7,1,0.818385122043363,2.1746264,2.0240529,0.6656185
3734,0.725,0,0.775312930253572,1.838429,1.9939137,0.63636404
3735,0.875,1,0.8163074154203426,2.1472716,1.9687645,0.49591643
3736,0.8,1,0.8086750645012606,2.0598934,1.9135056,0.16044909
3737,1.0,1,0.7850449074877147,1.8171424,1.6297364,-0.38252968
3738,0.725,1,0.8166319911131312,2.1550312,1.9867425,-0.035397172
3739,0.5,1,0.7266605747714586,1.17488,0.8786589,-1.3000382
3740,0.75,1,0.749863832044692,1.5191017,1.2111174,-0.63630307
3741,0.875,1,0.7952176280043264,1.9238143,1.7115445,0.3096863
3742,0.675,1,0.8284449555360109,2.294314,2.0701032,0.9155317
3743,0.775,0,0.7701236159045293,1.7215996,1.9286072,2.5404096
3744,0.8,1,0.7901310048949881,1.8304607,1.670805,0.14847767
3745,0.925,1,0.8903160199746287,3.021731,2.867718,1.8658824
3746,0.725,0,0.778148860770842,1.8650771,2.0392673,1.1010103
3747,0.8,1,0.8213099771174313,2.2082996,2.0592139,1.3450751
3748,1.0,1,0.7880754984434117,1.8446848,1.6076634,0.2024771
3749,0.7,1,0.7426894574880133,1.4074633,1.117808,0.47375876
3750,0.65,0,0.757137271605614,1.5755119,1.790818,2.1675103
3751,0.925,1,0.8237274457702017,2.2630277,2.0711293,-0.23920524
3752,0.85,0,0.7800374543686691,1.8555601,2.0486028,1.6391852
3753,0.85,1,0.8560171109848516,2.5402174,2.4389293,2.1928582
3754,0.875,1,0.833852912221285,2.381312,2.1579127,1.2071853
3755,0.95,1,0.8016136744772131,1.9676871,1.7604933,1.551909
3756,0.75,1,0.7872810173335285,1.8659966,1.6830807,1.4570398
3757,0.8,1,0.7836797567357493,1.7584631,1.5518849,1.3708029
3758,0.8,1,0.8382489811249425,2.370001,2.238904,1.493556
3759,0.75,1,0.780353266047944,1.743453,1.5353,0.9379719
3760,0.85,1,0.7977973464717877,1.928891,1.7827996,0.57643133
3761,0.725,1,0.8109804158011023,2.1312773,1.8726048,0.6931761
3762,0.875,1,0.7740205709416179,1.6556816,1.4456755,0.74748856
3763,0.875,1,0.8181353726141116,2.2870402,2.0843177,0.2825914
3764,0.85,1,0.8635706360600539,2.6805856,2.5487065,1.4310594
3765,0.75,1,0.7588762888542941,1.497205,1.2632698,0.3583442
3766,0.675,1,0.8105902244523537,2.0967808,1.917422,0.2599128
3767,0.8,1,0.8314334803436374,2.295407,2.1416388,1.4082537
3768,0.775,1,0.6745797138396347,0.6772051,0.3819452,-0.15846336
3769,0.925,1,0.8009952940625871,2.0974445,1.8714315,-0.069719255
3770,0.65,1,0.7994831035229866,1.9450963,1.8269634,0.6093088
3771,0.75,0,0.7784162839336246,1.8505718,2.0313895,1.0221753
3772,0.825,1,0.8276021197250091,2.2902312,2.0672078,1.4298513
3773,0.7,1,0.791048232010481,1.8869634,1.6550186,0.6902738
3774,0.825,1,0.7897609840136008,1.8566833,1.6152539,0.7152992
3775,0.675,0,0.6675695531158535,0.67186284,0.7533735,0.8835619
3776,0.575,1,0.7829359799228593,1.7136304,1.5731775,1.8954077
3777,0.925,0,0.7901620174547336,1.9980375,2.1665938,2.0144238
3778,0.925,1,0.7730105093430747,1.659027,1.4110708,0.92191917
3779,0.625,0,0.737979740067141,1.3741205,1.5525992,1.1679358
3780,0.8,1,0.8516761801084438,2.5170145,2.395594,2.0360377
3781,0.825,1,0.8368897091765091,2.3875098,2.237534,1.5561998
3782,0.775,1,0.8187206160905991,2.2838674,2.099986,0.46207052
3783,0.85,0,0.7484007380270064,1.5723338,1.7506068,0.54950505
3784,0.8,1,0.8323963896573232,2.3384533,2.1910453,0.796372
3785,0.8,1,0.8498264998465713,2.5514,2.3470519,1.0457482
3786,0.825,1,0.8615862400674134,2.631627,2.4749017,2.5795357
3787,0.775,1,0.7680844717497287,1.695571,1.4455323,-0.59475505
3788,0.875,1,0.8067428816279127,2.0290194,1.8499858,0.8748742
3789,0.7,1,0.853134947491953,2.548146,2.415057,1.0069535
3790,0.85,1,0.8705884054234123,2.7946968,2.632279,0.9897662
3791,0.8,1,0.8133086828225485,2.1249225,1.8904266,0.32052243
3792,0.875,1,0.8467840553679266,2.5235622,2.3168287,0.40826142
3793,0.775,1,0.764536071965692,1.57031,1.3427209,-0.17471468
3794,0.925,0,0.7938009949400856,2.0260086,2.246618,1.4624753
3795,0.875,1,0.8080686864887641,2.076437,1.8537765,0.4043852
3796,0.7,1,0.7976901289779965,1.9472642,1.7474039,0.7401505
3797,0.925,1,0.8535753920623572,2.6082473,2.4477775,-0.09940237
3798,0.85,1,0.8352397157767002,2.3527112,2.2055671,1.1142983
3799,0.825,1,0.811373927215021,2.1171265,1.9035192,0.35198128
3800,0.7,1,0.7920156575285521,1.9017249,1.6732008,0.7421625
3801,0.875,1,0.7675445182417587,1.589145,1.3883674,0.26552594
3802,0.8,1,0.8072511612784926,2.0433316,1.906786,0.5672675
3803,0.7,1,0.7585183755245559,1.4951644,1.2972172,-0.08252704
3804,0.775,1,0.7343110411543602,1.3122116,1.0340979,-0.136006
3805,0.925,1,0.7971937734754702,1.9464641,1.716759,1.0066357
3806,0.625,0,0.7445012872361856,1.4658327,1.6744337,-0.28622812
3807,0.825,1,0.7770586475510237,1.715178,1.4796989,0.106714845
3808,0.95,1,0.8011881859680017,1.9700305,1.7671494,0.31288302
3809,0.9,1,0.8296882109810095,2.3273587,2.142533,0.24743521
3810,0.725,0,0.7610766402388351,1.7533292,1.8711388,1.8931241
3811,0.7,1,0.8248333456624862,2.2442286,2.1040845,0.18752772
3812,0.875,1,0.7794616111837103,1.7342393,1.538585,0.8661743
3813,0.825,1,0.8292275874169819,2.2790408,2.0558472,1.9792142
3814,0.75,1,0.8072395689334037,2.0511293,1.85537,0.56221586
3815,0.8,1,0.7917948440280032,1.883771,1.661114,0.3031937
3816,0.7,0,0.7797668459531657,1.8135954,2.080568,2.8042908
3817,0.8,1,0.7226919303041577,1.268981,0.9641856,-0.08760345
3818,0.825,1,0.7984865337134412,1.9395709,1.7565942,0.8049355
3819,0.675,1,0.7804184126045893,1.7326369,1.5185325,0.7876082
3820,0.85,1,0.7725129938023756,1.6596377,1.4396384,0.08193028
3821,0.85,1,0.7465476997586475,1.3316483,1.1134303,0.8876806
3822,0.875,1,0.8113894158635486,2.1166637,1.9174953,0.030832887
3823,0.8,0,0.85036134668797,2.6507878,2.8597305,2.6304595
3824,0.825,0,0.7971047878339453,2.0684252,2.2894256,1.4087579
3825,0.85,1,0.8043103474826603,2.0344708,1.8399193,-0.065939784
3826,0.525,1,0.7770770198341417,1.7297425,1.4585419,0.18797839
3827,0.675,0,0.7859431825797186,1.9606539,2.1373072,0.74941593
3828,0.825,1,0.8078979204753688,2.040515,1.9017924,1.441791
3829,0.65,1,0.8587685882286976,2.6607287,2.5118535,0.312414
3830,0.925,1,0.8316188068561354,2.37117,2.1574326,-0.45444477
3831,0.8,1,0.810880068991428,2.0957994,1.9441037,1.0401998
3832,0.8,0,0.7646491525629429,1.6543269,1.8662004,1.1559191
3833,0.75,1,0.8355686964313481,2.3807592,2.2223184,0.73488957
3834,0.575,1,0.7539383576513721,1.4330015,1.2227821,-0.33751523
3835,0.775,1,0.7964898644442022,1.9158485,1.7351766,0.30774176
3836,0.45,0,0.7567934579102731,1.6930926,1.8152618,1.1981483
3837,0.975,1,0.8814509982486796,2.9011889,2.7291322,1.43119
3838,0.95,1,0.8651438212309293,2.7247238,2.5455973,1.7387934
3839,0.9,1,0.8180642122796502,2.191191,1.9759927,1.1584029
3840,0.9,1,0.7953383193659502,1.9182693,1.7063459,0.06934625
3841,0.925,1,0.8169852844371052,2.1655378,1.9975142,0.20273262
3842,0.65,0,0.7505927030956365,1.5389323,1.6797857,1.6343217
3843,0.75,1,0.7818268197349669,1.7724133,1.5559714,0.19537747
3844,0.675,0,0.7648057711440838,1.7165267,1.8905473,0.8009704
3845,0.85,1,0.7857576226184706,1.8371205,1.5725124,0.5672944
3846,0.8,1,0.8081275483852381,2.0597358,1.8460872,1.4008303
3847,0.925,1,0.8392032618825053,2.4434514,2.292421,0.11034304
3848,0.7,1,0.8396299459160081,2.441631,2.2775724,1.2512956
3849,0.95,1,0.7933314039337213,1.8907005,1.6939981,-0.14154756
3850,0.625,1,0.7946000627128516,1.9197322,1.7439928,0.3308223
3851,0.725,1,0.794770634699112,1.886287,1.6926734,1.4839482
3852,0.875,1,0.8550730555730517,2.6340559,2.4837272,0.14861876
3853,0.825,1,0.8641120335276509,2.6736925,2.5439692,2.2268884
3854,0.65,1,0.8430147596968396,2.4452264,2.2608454,1.279213
3855,0.775,1,0.7667215468725866,1.5713451,1.3657572,0.44582707
3856,0.775,1,0.8391217113259366,2.4587052,2.233189,0.0183087
3857,0.775,1,0.7993928286970516,2.0112221,1.7919993,0.007647574
3858,0.625,1,0.7847760509838664,1.803942,1.6376003,-0.5487422
3859,0.775,0,0.6660752431181327,0.6585722,0.72216505,0.7017384
3860,0.85,1,0.858741520276248,2.6431198,2.4781854,1.7987387
3861,0.625,0,0.7439874901775695,1.5241487,1.7070059,1.1665611
3862,0.85,1,0.7962930294884966,1.932585,1.6889951,1.1079984
3863,0.85,1,0.8565651808016496,2.6216133,2.4841428,0.9960285
3864,1.0,1,0.877250660078683,2.8313951,2.7287316,1.3608694
3865,0.9,1,0.7668449854907049,1.5747352,1.3605568,0.30217278
3866,0.95,0,0.7736179305722106,1.8012717,2.0033538,0.90630966
3867,0.85,1,0.7571985114368037,1.5067117,1.2435935,-0.2166084
3868,0.75,1,0.8219291227872598,2.2207422,2.0312414,0.41518033
3869,0.9,1,0.8503746158066812,2.5472438,2.3913145,1.6532722
3870,0.925,1,0.8354019101902163,2.3702822,2.2781558,0.4564119
3871,0.825,1,0.7972874800124713,2.0214307,1.8386303,1.4344475
3872,0.9,0,0.7387121660338776,1.373774,1.545562,1.2589297
3873,0.8,1,0.8443462942394306,2.4965017,2.2733583,0.82857376
3874,0.95,1,0.9061607715067761,3.126962,3.0211954,3.3011656
3875,0.85,1,0.8134714967745124,2.1167116,1.9740963,0.29761368
3876,0.675,1,0.8681661363975501,2.7379832,2.6294045,1.34411
3877,0.875,1,0.814725028715901,2.0815465,1.9488876,2.245232
3878,0.8,1,0.8059485245267448,2.0379684,1.8871615,0.36239725
3879,0.9,0,0.7952922635847457,2.0225744,2.248134,1.193377
3880,0.925,1,0.8351250082706323,2.3460739,2.2130413,1.2002144
3881,0.8,0,0.757526337379892,1.6470575,1.8185678,-0.121926665
3882,0.725,1,0.8110164093489698,2.108064,1.9229635,0.2480188
3883,0.85,1,0.8417676979872115,2.4207592,2.2797356,1.8648868
3884,0.875,1,0.8219752791367476,2.2156808,1.991041,1.5587573
3885,0.775,1,0.8154829462910357,2.1633782,1.9620633,0.10599959
3886,0.925,1,0.7487965506540217,1.5573435,1.3318081,0.0936864
3887,0.675,0,0.7378024066418216,1.4613036,1.652703,1.9639997
3888,0.85,1,0.7698714179291977,1.7317163,1.4568151,-0.4946128
3889,0.85,1,0.8084040034774791,2.0884826,1.862177,-0.39856565
3890,0.925,1,0.8298701371421144,2.3108659,2.0883093,0.9383741
3891,0.575,0,0.7808706351000639,1.8811918,2.0930717,0.26488882
3892,0.8,1,0.8352397331558548,2.4012399,2.1636422,1.1740959
3893,0.95,1,0.8473034474650932,2.5459433,2.3261027,0.10664451
3894,0.925,1,0.8692445530846773,2.7263467,2.5942717,1.8083255
3895,0.725,0,0.6458744176085272,0.47162628,0.5206977,-1.129547
3896,0.6,0,0.7326058272032493,1.4080443,1.5953822,1.123002
3897,0.8,0,0.784725461909039,1.8622618,2.0725987,3.0984383
3898,0.825,1,0.8463671620516183,2.4552636,2.3438106,1.6288736
3899,0.975,1,0.8061363235081871,2.0527186,1.8427541,0.060240388
3900,0.85,1,0.7718623800506681,1.6860938,1.4330747,-0.58747256
3901,0.775,1,0.8124354607951583,2.1015205,1.9202759,0.79719645
3902,0.725,1,0.8281886102335365,2.392513,2.197638,0.17762977
3903,0.925,1,0.8094236081291714,2.088579,1.8457913,1.1739013
3904,0.75,0,0.7824031848374198,1.905139,2.0735328,1.2440991
3905,0.9,0,0.7927099968679676,1.9811844,2.230445,1.967732
3906,0.825,0,0.7869157737613589,1.9404135,2.1779366,2.0996463
3907,0.775,1,0.8208227095705145,2.2254643,1.9770839,1.2206395
3908,0.875,1,0.831640847593582,2.341249,2.1563869,0.03389609
3909,0.725,1,0.8034661945211041,2.0043268,1.8029649,0.27636302
3910,0.525,1,0.8108434237720058,2.0589335,1.8770235,1.2095671
3911,0.925,1,0.8295973582462048,2.3063087,2.1176317,0.5721665
3912,0.85,1,0.8229236771370849,2.2382731,2.0782099,1.1496947
3913,0.75,0,0.8198246532067832,2.328077,2.5299356,2.0072155
3914,0.925,1,0.8598639387624711,2.6959233,2.4706259,0.40252888
3915,0.8,0,0.7764792431288318,1.835489,2.1008708,0.4296196
3916,0.75,0,0.7887839183204959,1.9936647,2.1637409,0.46909815
3917,0.875,1,0.8179283667734383,2.1420112,2.0190213,0.9612654
3918,0.775,1,0.8125779452698426,2.122199,1.8951335,1.1289182
3919,0.975,1,0.8154852071855447,2.160743,1.9628069,0.14417088
3920,0.7,0,0.7306941155496468,1.3274592,1.4517412,0.3748523
3921,0.775,1,0.844231832515309,2.4508464,2.3270755,1.3097091
3922,0.875,1,0.8509525101520987,2.562395,2.4058838,0.83800036
3923,0.85,1,0.7712923523554678,1.6340864,1.4085869,0.6487494
3924,0.85,0,0.8056240263808069,2.1477444,2.343542,2.031744
3925,0.675,1,0.8306047436245463,2.3220868,2.1144788,1.4917026
3926,0.7,0,0.7536064663105457,1.650815,1.7881203,0.45295745
3927,0.95,1,0.8510899388450945,2.575854,2.4081695,0.2992764
3928,0.875,1,0.8358415612175482,2.4096253,2.235912,0.33814865
3929,0.65,1,0.7933781835233734,2.00271,1.7598926,0.06327093
3930,0.85,1,0.8074772758249884,2.0442798,1.8409989,0.46603733
3931,0.775,1,0.7428033444732948,1.4359316,1.1375465,-1.154087
3932,0.925,1,0.8221585458054941,2.2632294,2.04666,-0.11734313
3933,0.675,1,0.8179368796259641,2.1396885,1.9524567,1.6389029
3934,0.7,1,0.7954567428400507,1.9358032,1.6937441,0.49784333
3935,0.875,1,0.8257981097977964,2.2595963,2.0481105,0.9515324
3936,0.8,1,0.7584977876661692,1.5914444,1.3505833,-1.1419611
3937,0.775,1,0.8245581681696253,2.2311947,2.035386,1.3038979
3938,0.8,0,0.8140989921468404,2.263234,2.5018215,2.2508564
3939,0.9,0,0.758092480111515,1.5679411,1.7963419,1.7542384
3940,0.775,1,0.8042866371558077,2.0247355,1.861758,0.24120814
3941,0.9,1,0.8660761441194478,2.705163,2.574517,2.2027333
3942,0.75,1,0.8088723538319116,2.0431697,1.8490784,1.7966087
3943,0.825,1,0.8667585508848279,2.75031,2.574194,0.64661986
3944,0.725,1,0.7788164239182396,1.8337786,1.6193924,0.8272503
3945,0.6,0,0.7985158361175244,2.067038,2.2975569,0.7194839
3946,0.925,1,0.8808976817565669,2.9013143,2.735884,1.9135201
3947,0.825,0,0.7439641463967046,1.4414933,1.6397913,0.47250563
3948,0.825,0,0.8232410767870846,2.3707054,2.6204634,1.3466454
3949,1.0,1,0.8104420056863156,2.0643713,1.9183348,1.37848
3950,0.875,1,0.8600009788169788,2.6481721,2.482137,1.909939
3951,0.775,0,0.7879215275294404,1.9611013,2.1638613,1.3534365
3952,0.8,0,0.7445343880831625,1.5599073,1.7180214,0.3075021
3953,0.825,1,0.7689493088614648,1.7295942,1.4625425,-0.7021073
3954,0.6,0,0.7960967548786643,2.0400796,2.2698088,0.6640392
3955,0.8,1,0.8387452544819425,2.417015,2.2444758,0.8252569
3956,0.7,1,0.8362657393177464,2.3928854,2.2351813,0.649653
3957,0.725,0,0.8224857773523464,2.3159833,2.5882897,1.4103162
3958,0.825,1,0.8366317576653445,2.3809006,2.2405577,-0.20884842
3959,0.85,1,0.8628397790681849,2.6826644,2.5124946,1.2647872
3960,0.875,1,0.8483761500713207,2.5382462,2.3599427,1.3793037
3961,0.725,1,0.8122269943721259,2.1012702,1.9677069,0.60482794
3962,0.925,0,0.8076270901930444,2.2476068,2.4824045,1.6649137
3963,0.8,1,0.8005072422130013,1.9852512,1.7647569,0.3836695
3964,0.7,1,0.8194440543510508,2.2272081,1.9770269,0.07268202
3965,0.825,1,0.7955278184730281,2.0493126,1.8097346,-0.42676252
3966,0.75,1,0.7516718534458866,1.4847038,1.2516687,0.2994324
3967,0.8,1,0.8666314577542675,2.738174,2.608152,1.1053495
3968,0.95,1,0.8292167110907236,2.292544,2.1687934,0.14479643
3969,0.8,1,0.7818440086689672,1.765234,1.5343404,0.2708894
3970,0.8,1,0.792761800023877,1.894749,1.6573427,0.3490783
3971,0.975,1,0.8331512909470041,2.372873,2.1712294,-0.12202728
3972,0.775,1,0.7649438040780332,1.6490883,1.415283,0.8620141
3973,0.9,1,0.8321375995220216,2.3217363,2.1566863,1.6574688
3974,0.95,1,0.8226251343673554,2.3236766,2.1288753,1.4476948
3975,0.85,1,0.7927550749422723,1.8690572,1.6734238,0.6986223
3976,0.7,1,0.7903362960583029,1.962987,1.7297208,0.86256605
3977,0.875,1,0.8316379227459865,2.3496525,2.1372647,0.6611634
3978,0.725,1,0.8337335137090558,2.35133,2.2080646,1.4994075
3979,0.65,1,0.7517358918214353,1.500445,1.257695,0.11536753
3980,0.95,1,0.8838844650990647,2.9189494,2.7718213,2.2713647
3981,0.95,1,0.8435658350041426,2.4645529,2.2977839,1.2429428
3982,0.8,0,0.7968578793601062,2.0290084,2.2875638,2.6327233
3983,0.85,1,0.8325440321377577,2.3441005,2.1609666,0.51291615
3984,0.9,1,0.7943083919314398,1.9402968,1.6902969,-0.097292304
3985,0.975,1,0.8353316683097602,2.3663208,2.2093859,1.6236355
3986,0.925,1,0.7735885063423678,1.7886918,1.5593171,-0.5673284
3987,0.7,1,0.8237150331244691,2.2475517,2.021178,0.6991535
3988,0.95,1,0.8437989841003037,2.4842248,2.3196735,0.55205375
3989,0.7,0,0.7115875559272052,1.1130856,1.2883668,2.5807283
3990,0.85,1,0.8113673217727215,2.110442,1.8797045,0.5529414
3991,0.575,0,0.7701865752421228,1.7763646,1.9184532,0.9943624
3992,0.775,1,0.8682396396985145,2.7592306,2.6007893,1.7688248
3993,0.625,0,0.7533950985625062,1.6316446,1.8039087,1.9711723
3994,0.725,1,0.7584014123205277,1.467151,1.2754295,0.36367285
3995,0.7,1,0.7857974427582091,1.7700553,1.6024828,0.5134271
3996,0.9,1,0.8638810377143014,2.7060895,2.5510588,1.7616177
3997,0.975,1,0.7885727828587382,1.8708003,1.6778872,-0.86119115
3998,0.75,1,0.7989439350152873,1.9881169,1.7751738,-0.2539677
3999,0.95,1,0.8442854824911118,2.505565,2.2923057,0.27569783
4000,0.925,1,0.7948685094435969,1.9038587,1.6744972,1.0954709
4001,0.85,1,0.8654685664457884,2.6997447,2.5862985,0.7096248
4002,0.825,1,0.8489308786265088,2.5487704,2.3777409,0.6331449
4003,0.775,1,0.7939920350127618,1.885261,1.7308571,0.42045456
4004,0.675,1,0.7932569138476016,1.9002154,1.7018061,0.28153193
4005,0.725,1,0.7894863061415911,1.8580389,1.6249961,0.28551257
4006,0.875,1,0.845636953212999,2.4782338,2.2878609,1.9024756
4007,0.825,1,0.7990302485844677,1.976028,1.7337002,0.88368255
4008,0.9,0,0.7383891123077212,1.3897114,1.5700569,0.9248088
4009,0.8,1,0.813791504642901,2.0984726,1.9749858,0.93777853
4010,0.775,1,0.7729721097772569,1.7584289,1.5388957,0.19062907
4011,0.85,1,0.7987038467519278,2.0073137,1.8361881,1.3222246
4012,0.6,1,0.8128908374127704,2.130137,1.9108024,-0.8040205
4013,0.75,0,0.6935242161234242,0.9632816,1.0657218,1.1480236
4014,0.775,1,0.8203208634161498,2.2342572,2.0305333,-0.00011700392
4015,0.825,1,0.7821626220583391,1.7848654,1.5671315,-0.10070789
4016,0.825,1,0.8058278750074388,2.0166874,1.8346603,0.9046317
4017,0.975,1,0.8419404519316164,2.4470096,2.325183,0.58100706
4018,0.825,1,0.768804409191512,1.588336,1.3777351,0.8374725
4019,0.825,1,0.7652290657780194,1.608098,1.3940916,-0.2419638
4020,0.925,1,0.8316453973751433,2.3559833,2.1728053,0.4163187
4021,0.775,1,0.7899073218733895,1.8756797,1.62063,-0.06198418
4022,0.525,1,0.7391022682468895,1.4011538,1.0648675,-1.0742141
4023,0.925,0,0.8121234497060787,2.2414305,2.4162965,1.4339151
4024,0.725,1,0.8723714856782623,2.7637117,2.59093,2.7153554
4025,0.725,0,0.7686059310032712,1.7511084,1.9194913,1.0613792
4026,0.675,0,0.7700954915935891,1.731562,1.9201353,1.5994766
4027,0.775,1,0.8104514856256388,2.109825,1.9214516,0.17788559
4028,0.925,1,0.8572489239905111,2.6379337,2.5078359,0.15278393
4029,0.825,1,0.7863387210116506,1.8662226,1.5984712,-0.54185903
4030,0.725,1,0.8381221972920099,2.4348712,2.195376,0.57854706
4031,0.825,0,0.8125885103490387,2.2131174,2.4153163,2.3210282
4032,0.825,1,0.7766500271116221,1.6779406,1.4748992,1.2598567
4033,0.9,1,0.8551829714541075,2.6160884,2.475206,0.4325276
4034,0.7,1,0.7798206598502773,1.7420548,1.5278857,0.19544375
4035,0.775,1,0.8397682740996527,2.421927,2.2793112,0.92581373
4036,0.8,1,0.8277479228310645,2.2843778,2.156374,0.3827129
4037,0.875,1,0.8689397691444529,2.7764673,2.6210313,0.59822565
4038,0.85,1,0.8434180058721682,2.4664574,2.2566779,1.1006293
4039,0.85,1,0.8135900878990618,2.1109555,1.9400599,0.8845244
4040,0.875,1,0.8466747689007237,2.4819863,2.3506303,1.2885246
4041,0.675,1,0.8521873507871922,2.5505888,2.425558,1.2424312
4042,0.85,1,0.7989319713722531,1.9413455,1.7590523,0.71354777
4043,0.85,1,0.8383026570447993,2.4035945,2.189268,1.769597
4044,0.85,1,0.8006594756149933,2.0132232,1.7780771,-0.4775337
4045,0.95,1,0.8450335984133222,2.489919,2.329942,0.55031115
4046,1.0,1,0.841383784396686,2.4657607,2.2341325,1.3840642
4047,0.975,1,0.8418422447833916,2.4708848,2.2673779,0.25247777
4048,0.8,1,0.8623254931309126,2.6915355,2.5429711,0.6964608
4049,0.85,1,0.8348696975781347,2.3393345,2.156248,2.074709
4050,0.8,1,0.7806944700800134,1.8681664,1.6085691,-0.4003948
4051,0.975,1,0.8124997125798181,2.1122255,1.9210575,1.0835834
4052,0.9,1,0.8230237022855869,2.2720468,2.08688,-0.4675991
4053,0.675,1,0.7530221757762288,1.4356675,1.190859,0.18437636
4054,0.875,1,0.8272620218358663,2.2831142,2.1377325,0.32147366
4055,0.85,1,0.8322007097687021,2.3357446,2.1625476,0.8718
4056,0.85,1,0.8128677409959055,2.1103053,1.9552373,0.6177116
4057,0.775,1,0.7722161271837304,1.74297,1.5467088,0.0990625
4058,0.8,0,0.7702739517870896,1.7445915,1.9780586,1.3454885
4059,0.775,1,0.8406532348599314,2.4357357,2.2302155,1.0318131
4060,0.8,0,0.8556491304507857,2.718804,2.9884653,1.8448901
4061,0.7,1,0.8084405530210048,2.0751407,1.8493538,1.16924
4062,0.725,1,0.8028448921730988,2.0157814,1.8051448,0.32092535
4063,0.925,1,0.8118454819564906,2.0841858,1.884754,1.7023418
4064,0.8,1,0.8459286780650754,2.5260947,2.3750646,-0.2243256
4065,0.825,1,0.6940151764791151,0.9111409,0.5870507,-1.8668637
4066,0.65,0,0.8056344614923892,2.11094,2.410983,2.004531
4067,0.85,0,0.744472780498961,1.4706116,1.6281626,0.5074702
4068,0.85,1,0.8242597523880058,2.2660642,2.0220327,0.6021939
4069,0.65,1,0.8005518019143205,1.984577,1.7940772,0.3468238
4070,0.875,1,0.8404992639900474,2.4221928,2.272717,1.1192942
4071,0.8,1,0.7684585707490028,1.6995344,1.492054,-0.03972429
4072,0.9,1,0.8064601084441827,2.0896065,1.838882,-0.44740617
4073,0.8,1,0.7452594153754775,1.3582246,1.1106383,-0.05311191
4074,0.825,1,0.7485036816304786,1.5155488,1.2027762,0.11862934
4075,0.825,0,0.8155332747804751,2.267199,2.5008488,0.8299127
4076,0.875,1,0.7867836347776331,1.7996981,1.6048849,0.6154476
4077,0.75,1,0.8238942498928371,2.2689557,2.059858,0.2077747
4078,0.75,1,0.7585485713399946,1.5698324,1.3764405,0.78529817
4079,0.7,1,0.817544689089454,2.181756,2.0054615,0.3464685
4080,0.85,1,0.7916525451927263,1.8676693,1.6731601,1.1837378
4081,0.8,1,0.8452388767059589,2.4951382,2.3225112,0.8242498
4082,0.875,1,0.8112885142537619,2.0628138,1.932174,1.0725799
4083,0.875,1,0.8218868430904213,2.2390509,2.0580766,-0.22372758
4084,0.775,1,0.8384552130380585,2.4100678,2.230404,1.2308004
4085,0.8,1,0.7986175117434037,1.975148,1.7841926,0.16455472
4086,0.725,1,0.7226899377410093,1.0645199,0.8393563,-0.219859
4087,0.7,1,0.7625566707221043,1.6593568,1.4263256,-0.5406036
4088,0.825,1,0.7792017081947906,1.7705479,1.5261142,-0.39475596
4089,0.725,0,0.7594548336960405,1.5908537,1.8587143,0.69648844
4090,0.925,1,0.8477783149755094,2.518412,2.348322,0.70625645
4091,0.95,1,0.845834661657678,2.4999886,2.3366013,0.8596764
4092,0.75,1,0.8745133507914253,2.8221033,2.6683235,1.614748
4093,0.85,1,0.7615929247078026,1.640991,1.4380245,-0.9292609
4094,0.925,0,0.7472238269072662,1.4961078,1.689831,0.58925205
4095,0.825,0,0.7507377268783431,1.5607986,1.7736545,2.924797
4096,0.775,1,0.8433091519675594,2.5053012,2.315045,0.14625627
4097,0.825,0,0.7419858161755432,1.4179971,1.6140456,0.46791512
4098,0.8,0,0.7552118061599611,1.5918949,1.7818818,0.3075
4099,0.925,1,0.8547987856293926,2.6283526,2.4381595,0.37641627
4100,0.8,1,0.8132615500514175,2.112665,1.9537615,0.6882344
4101,0.8,0,0.7903621013842438,1.9652438,2.2076938,1.7018476
4102,0.875,1,0.8311643893751962,2.4123642,2.228963,0.6320923
4103,0.7,1,0.8145302783127957,2.1312892,1.9237921,0.7628694
4104,0.85,1,0.8178529905119876,2.141719,2.016763,1.0686731
4105,0.9,1,0.8292290261092157,2.3097124,2.1787124,-0.10764164
4106,1.0,0,0.7002019697202968,1.0128391,1.150603,0.8747068
4107,0.975,1,0.8121388575012151,2.0576904,1.9322873,0.95864516
4108,0.975,1,0.793091189929052,1.8824911,1.7048888,0.9368728
4109,0.875,1,0.8294242866891492,2.292264,2.1355255,1.5623178
4110,0.9,1,0.7935046438817556,1.8965466,1.6744757,1.1113985
4111,0.85,1,0.7796262386972969,1.832405,1.6282175,-0.315906
4112,0.775,0,0.6957951937615992,0.98657894,1.1101462,0.70732504
4113,0.575,1,0.8057659270612076,2.0692267,1.8327596,0.098347306
4114,0.825,1,0.7930194975702969,1.8961052,1.6706893,0.36244547
4115,0.85,1,0.7908384954741643,1.8614802,1.628412,0.5605293
4116,0.775,1,0.7660753683993226,1.6137116,1.3787413,-0.4849819
4117,0.85,0,0.8229347481996179,2.350315,2.6046085,1.2569003
4118,0.725,0,0.7654744993297418,1.6683154,1.8864255,1.657619
4119,0.675,0,0.7547539721224894,1.5552955,1.7429502,2.150364
4120,0.925,1,0.8737769325940506,2.8328013,2.6608791,0.7046991
4121,0.65,1,0.7830935813047118,1.7756119,1.5599589,0.6610721
4122,0.75,1,0.8412286634255175,2.4732437,2.2923784,0.38401705
4123,0.625,1,0.8113892748816751,2.1964555,1.9429133,0.6240025
4124,0.825,1,0.8216453693243068,2.2264018,2.0238693,1.3192058
4125,0.675,0,0.7184756643212115,1.262083,1.3871667,0.8584731
4126,0.8,0,0.8145161248110515,2.2498777,2.5057724,0.9094873
4127,0.925,1,0.7902623029296291,1.8754961,1.6637529,-0.28398788
4128,0.725,1,0.8072298996825882,2.0640497,1.8691251,0.0689131
4129,0.95,1,0.86426456659414,2.7024426,2.4886005,2.1143038
4130,0.8,0,0.8139183529339726,2.2103288,2.5106287,2.4707594
4131,0.95,1,0.79652869513764,1.9744129,1.7061553,-0.32142222
4132,0.725,1,0.8697083329969645,2.7581286,2.629471,1.0374904
4133,0.75,1,0.8207607716521403,2.2332177,2.0104866,-0.41979015
4134,0.9,1,0.803211185081667,2.0184853,1.8042965,0.36345828
4135,0.875,1,0.8448912526100201,2.4556317,2.325215,2.0280182
4136,0.95,1,0.8470670224046635,2.4880984,2.342085,1.9328513
4137,0.975,1,0.842036269312582,2.4503021,2.3150115,0.56195074
4138,0.775,1,0.805859788978829,2.0877147,1.7899561,-0.2585379
4139,0.85,1,0.7963457582923801,1.9330926,1.705864,-0.00039422512
4140,0.875,1,0.8484961283962684,2.5347786,2.3928514,0.43764073
4141,0.95,1,0.8165002489310684,2.2090478,1.9875602,-0.78554666
4142,0.75,1,0.8134609698816784,2.1324244,1.9079127,0.5901738
4143,0.9,1,0.7838079969067392,1.7639779,1.5552423,0.64539486
4144,0.85,1,0.8144289376598746,2.143091,1.9361229,1.2423258
4145,0.675,0,0.6977313476658679,1.0147827,1.1049528,1.3657563
4146,0.8,1,0.8249545764821175,2.2751255,2.0452895,1.071764
4147,0.8,0,0.7781143367239695,1.8157505,2.0134783,2.4654193
4148,0.875,1,0.8305940264992477,2.340117,2.1629581,0.4703856
4149,0.875,1,0.8285575615072915,2.293279,2.0796978,1.70749
4150,0.55,1,0.7422420591715316,1.3607981,1.0920938,-2.2420187
4151,0.75,0,0.7104494422171741,1.0564067,1.2221518,1.4733887
4152,0.925,0,0.8140941807428842,2.23917,2.5130923,1.3046451
4153,0.8,1,0.8225577334132802,2.1944382,2.077853,1.1515174
4154,0.75,1,0.8265602285951801,2.2899923,2.036383,0.13792002
4155,0.625,1,0.8049863804127124,2.038685,1.834142,1.0111866
4156,0.85,1,0.8390807368404428,2.418116,2.2645707,0.8405109
4157,0.9,1,0.8210537184044508,2.2485397,2.027036,0.44212443
4158,0.6,1,0.7324117540697386,1.3159868,1.0183272,-0.73181665
4159,0.925,1,0.7962130586746339,1.9428766,1.7043812,0.7332199
