test_index,y_true,sa,raw_lr,raw_unweight,raw_weighted,raw_single_encoder
0,0.875,0,0.7742803031677422,2.1444697,2.0601897,0.11639525
1,0.8,1,0.7914771711052853,2.2382445,1.6844795,0.9875237
2,0.875,1,0.8213406047317413,2.5681515,2.0655527,0.76487076
3,0.9,0,0.6906367234416538,1.3013004,1.073399,0.84694624
4,0.85,1,0.8782680100527379,3.2217832,2.7493074,0.43958864
5,0.8,0,0.8107919083608082,2.5341034,2.430879,0.45490006
6,0.85,1,0.7737791848693003,2.3227844,1.509248,1.3962986
7,0.65,1,0.7807691839828879,2.406298,1.7279116,0.7053287
8,0.95,1,0.8418030809895178,2.8259604,2.3101854,0.8833221
9,0.85,1,0.8467198571968617,2.882052,2.394831,0.6599444
10,0.9,1,0.8448083882220805,2.8626013,2.3767552,0.869277
11,0.725,1,0.7548630922550533,1.827824,1.4141927,0.58895826
12,0.9,1,0.7793138410077446,2.1673393,1.5407128,0.40645027
13,0.75,1,0.7279092919404517,1.7631103,1.0065006,0.9896468
14,0.7,1,0.7952631059553738,2.2829962,1.7189484,1.1307234
15,0.825,1,0.8103654663533112,2.5437262,2.0149102,1.6052951
16,0.85,1,0.8299899022855219,2.6988783,2.16999,0.8456814
17,0.725,1,0.8188047209513478,2.5521078,2.0023565,1.0823978
18,0.65,1,0.8333670920647023,2.741774,2.2269547,0.6584121
19,0.875,1,0.8365315358446368,2.7737093,2.2786176,1.0222977
20,0.925,1,0.8082910561353565,2.5279245,1.9359688,0.9286065
21,0.925,1,0.8327635884787096,2.73453,2.1768289,0.98121727
22,0.875,1,0.7866996461106635,2.181212,1.597195,1.2288312
23,0.75,0,0.7484266440863392,1.847704,1.666116,0.8719672
24,0.775,1,0.8516127031924579,2.9404585,2.441277,1.2032844
25,0.625,0,0.7585144309748115,1.9487206,1.7979785,0.35751534
26,0.725,1,0.789461852557438,2.5032325,1.7888961,0.7750963
27,0.65,1,0.8004787102722877,2.323591,1.8194604,0.66407526
28,0.8,1,0.8382949010193824,2.7564151,2.2450275,0.79854214
29,0.625,1,0.8162837683080609,2.5339117,2.052226,0.7968607
30,0.55,0,0.7724600948358396,2.2094002,2.1044269,0.7256645
31,0.875,1,0.8172838543540359,2.5306802,1.9487622,0.91885746
32,0.875,1,0.864750041138562,3.0992584,2.6575046,0.64197767
33,0.55,0,0.8007604374367978,2.4899116,2.4218965,0.5292584
34,0.65,1,0.8148186028114399,2.4959724,1.9579321,0.91103685
35,0.9,1,0.8036291760298446,2.4778762,1.9128385,0.96203935
36,0.8,1,0.7512589343536915,2.160196,1.3137225,0.84754884
37,0.975,1,0.8651362502380412,3.1358988,2.6388426,1.1530845
38,0.85,1,0.8420993481910639,2.8139567,2.3267102,0.8132713
39,0.825,1,0.7924877363651616,2.24725,1.6971918,0.63804483
40,0.95,1,0.8514669419180865,2.9356384,2.3975987,1.1288571
41,0.95,1,0.8158416920321412,2.558142,2.1252296,0.28008136
42,0.775,0,0.6759485313341006,1.1304785,0.87292135,0.6456907
43,0.7,1,0.8021285780340381,2.3519855,1.7934308,0.69148576
44,0.8,1,0.8248253794781804,2.6508818,2.1273012,0.85168934
45,1.0,1,0.8781575108964772,3.2646215,2.7756476,0.8825735
46,0.9,1,0.8105228300730487,2.4210458,1.8518264,0.82389903
47,0.9,0,0.8177081566218777,2.6561518,2.500666,0.3731861
48,0.875,1,0.8122001620917159,2.4714642,1.9318397,0.9056932
49,0.95,1,0.8832220247173876,3.305134,2.7408924,0.8463967
50,0.725,1,0.7968012556682237,2.249967,1.7358124,0.7263949
51,0.75,0,0.756367583432302,1.9329898,1.8262538,0.55414116
52,0.75,1,0.7458303900072345,1.8071268,1.2556072,0.14146377
53,0.8,1,0.8636290737219168,3.0225284,2.476204,0.8520205
54,0.9,1,0.8616426023148287,3.0493178,2.4881368,0.6356325
55,0.825,0,0.7755990017788771,2.1844275,2.1004486,0.54766417
56,0.9,1,0.8828719823687516,3.3254766,2.8566957,0.90409863
57,0.775,0,0.8065112991767772,2.4987528,2.4695354,0.07748029
58,0.9,1,0.8314122863911243,2.689004,2.147356,0.5786505
59,0.825,1,0.774399879687355,2.0347824,1.4600418,0.9442016
60,0.9,1,0.8234010017759078,2.5711052,2.0351856,0.8291875
61,0.75,1,0.7802158250203626,2.0708714,1.5402834,0.65425503
62,0.625,0,0.7152407049429964,1.5770813,1.3753296,0.6742078
63,0.8,0,0.8143315775419955,2.6298127,2.6255164,0.26924
64,0.825,1,0.7900411634146404,2.3489542,1.7996995,0.9031427
65,0.95,1,0.8582627824015505,3.0331492,2.5104778,0.9230226
66,0.775,1,0.8381068001233627,2.7886147,2.2871833,0.65566695
67,0.875,1,0.8176827125633672,2.5886483,2.1624374,0.90548253
68,0.85,1,0.8039567198741271,2.3777652,1.7691785,1.0076997
69,0.775,1,0.7779839917000694,2.0843205,1.5277301,1.0268301
70,0.925,1,0.8468076255976726,2.898642,2.4274406,0.798298
71,0.625,1,0.7829754157040312,2.1255956,1.6017151,0.8874084
72,0.85,1,0.7577883728372486,2.0000377,1.4767251,1.0606928
73,0.875,1,0.8030966108342077,2.47828,1.9134991,1.0729312
74,0.75,1,0.8413671360025123,2.7636523,2.213638,1.05711
75,0.825,1,0.8009995891245496,2.3435252,1.7945852,0.9536207
76,0.825,1,0.8280856348276511,2.6656153,2.1749558,0.7917719
77,0.875,1,0.8077208914862894,2.4431458,1.8752123,1.2662408
78,0.9,1,0.8450579166294896,2.870145,2.3266878,1.2870564
79,0.875,0,0.7853995282144259,2.3032916,2.2616475,0.274487
80,0.75,1,0.798229008153998,2.2985399,1.75009,0.6964905
81,0.8,1,0.7873080446639106,2.1450124,1.5933113,0.76146257
82,0.925,1,0.7886316152798748,2.185073,1.5960753,1.0377748
83,0.8,1,0.891626297922671,3.404562,2.9617639,0.8634336
84,0.625,1,0.7277289496063851,1.6127015,0.9441432,1.1958871
85,0.9,1,0.7735393053803382,2.3318217,1.656373,0.574702
86,0.975,1,0.8352481968417423,2.7631497,2.2689042,0.9554163
87,0.8,1,0.788478172172645,2.1918786,1.6572919,0.66738653
88,0.675,0,0.7884928152891413,2.3015847,2.2292366,0.2343888
89,0.925,1,0.8051203677482854,2.4118085,1.9019411,0.8207067
90,0.775,1,0.810260635099026,2.4623294,1.9165939,0.98732436
91,0.7,1,0.7335658859035779,1.6905167,1.1085702,0.92222714
92,0.8,1,0.8015028287332152,2.3494163,1.7805504,0.9975251
93,0.75,1,0.8527741572037757,2.9613585,2.4879098,0.7285508
94,0.875,1,0.8251397555850504,2.6382947,2.0599298,1.278892
95,0.825,1,0.8474567018834664,2.8695245,2.3491206,0.96386814
96,0.825,1,0.8421283481441586,2.8421164,2.27711,0.9038069
97,0.875,1,0.8136408516279057,2.4953513,1.9644386,0.73226535
98,0.6,1,0.8068002964017922,2.4583716,1.9640448,0.61411715
99,0.825,1,0.8295016916949889,2.6762507,2.1100457,0.9230739
100,0.725,1,0.8377553991601701,2.7786226,2.2672553,0.80285954
101,0.9,0,0.7980683173080507,2.4284604,2.318976,0.7550943
102,0.925,0,0.823493058864678,2.7469883,2.6672802,0.31997475
103,1.0,1,0.8545209899482117,2.9745872,2.4676225,0.83674836
104,0.875,0,0.7287041927194038,1.6372422,1.4915638,0.5458319
105,0.85,1,0.8523281301146517,2.9514499,2.4894264,0.7293923
106,0.825,1,0.8135025937511224,2.5892653,2.026944,0.6866447
107,0.7,0,0.728535894782819,1.6316427,1.471349,0.46186438
108,0.75,0,0.8029518570154388,2.4769874,2.4000797,0.55092657
109,0.925,0,0.75359971410624,1.8745371,1.7566446,0.25437653
110,0.95,1,0.8699204992059757,3.1570063,2.6126108,0.91702473
111,0.875,0,0.7692268335740222,2.1301386,2.0637133,0.5710623
112,0.825,1,0.7882884145977143,2.1979022,1.595729,1.0579797
113,0.65,1,0.842981824732238,2.8175373,2.2847302,0.94227076
114,0.85,1,0.8644886558891985,3.042482,2.5201232,0.72890544
115,0.9,1,0.8103465514205193,2.5830374,2.0443516,0.93317723
116,0.8,1,0.7134211054446029,1.6703104,0.88884556,0.70653725
117,0.85,1,0.8618018980341701,3.034639,2.538197,0.7766205
118,0.575,1,0.8194130180504532,2.6559308,2.1416476,0.70971966
119,0.75,0,0.7292279430496058,1.7415817,1.5489671,1.0508144
120,0.875,1,0.8570255435078259,3.0118356,2.508556,1.0728359
121,0.725,1,0.8128820991338646,2.7177205,2.0193102,0.6674113
122,0.825,1,0.8485978101368072,2.8820527,2.4087875,0.6209749
123,0.8,1,0.8050503221719163,2.3990908,1.8464049,1.167814
124,0.85,1,0.846237590419238,2.837545,2.2867851,0.8647815
125,0.75,1,0.8368667770332721,2.746462,2.211185,0.56969464
126,0.825,1,0.8170655108071792,2.5497837,2.0307322,1.1052109
127,0.825,1,0.8273499538109043,2.6237183,2.135784,0.3423303
128,0.85,1,0.7445420725970937,1.7079344,1.1343518,1.1309674
129,0.925,1,0.8646722485880248,3.0653343,2.5609732,0.6095073
130,0.825,1,0.7950455466888071,2.283925,1.7589089,0.7380519
131,0.8,1,0.8444481172369573,2.8576176,2.3405988,0.82684803
132,1.0,1,0.8578317141385566,2.9862955,2.5340102,0.8064984
133,0.825,1,0.8389341769036323,2.7891483,2.2683854,0.82664716
134,0.75,0,0.8233474876197994,2.6952958,2.6566918,0.48668084
135,0.8,1,0.8490343943175729,2.9178505,2.4697707,0.67356455
136,0.725,0,0.7859382634379131,2.25889,2.116261,0.428872
137,0.775,1,0.8577643538714799,2.986227,2.5235517,0.6474867
138,0.8,1,0.8502629796397354,2.9133644,2.3870783,0.90559983
139,0.75,1,0.7915971091204337,2.2072935,1.6641016,0.4546148
140,0.825,1,0.692648486927983,1.4216928,0.7540469,0.10106388
141,0.85,1,0.8586027503159973,3.0118546,2.5292902,0.78653765
142,0.6,0,0.7015551736090708,1.7031943,1.2320112,0.8127972
143,0.9,1,0.7770546741636889,2.0981884,1.6024063,0.631788
144,0.775,1,0.7622802426178896,2.0016654,1.3949574,0.98990834
145,0.775,1,0.842150409217532,2.8319306,2.3702543,0.7532449
146,0.825,1,0.8465656814604609,2.862118,2.3666077,0.7902219
147,0.725,1,0.7247432660228604,1.5613084,0.92777777,0.9003295
148,0.775,1,0.7229067470878823,1.5726516,0.95976055,1.3652991
149,0.7,1,0.8169317326650545,2.541263,2.0527253,0.5805615
150,0.9,1,0.8705338260447106,3.1776154,2.7186034,0.6846775
151,0.825,1,0.8146870070265265,2.4879956,1.937148,1.058503
152,0.925,1,0.8277540543603661,2.6631203,2.18157,0.9003432
153,0.85,1,0.830935580586667,2.7161248,2.2367134,0.76240504
154,0.775,1,0.800072759665863,2.3672814,1.8894444,0.52913034
155,0.925,1,0.8403921979613269,2.8557782,2.3628354,0.54007065
156,0.975,1,0.8542425899631038,2.963529,2.4775388,1.011627
157,0.9,1,0.8029348499020976,2.3395412,1.7728815,0.77828705
158,0.825,0,0.8119657195652905,2.5990872,2.58872,0.4766303
159,0.775,1,0.7776684179118049,2.4832234,1.7323654,0.77848685
160,1.0,1,0.8349107252787098,2.6943622,2.1793509,0.6259661
161,0.8,1,0.7811644526248813,2.1004448,1.5335948,1.0127676
162,0.975,1,0.8155360493372793,2.5129972,2.0261068,0.43521702
163,0.8,1,0.8048898358543052,2.350951,1.8105453,0.82471645
164,0.825,1,0.8117564603726384,2.4740238,1.9201528,0.7543856
165,0.825,1,0.7957848719879681,2.2896402,1.7105938,0.82723916
166,0.75,1,0.7675661838294985,1.9518344,1.4366661,0.5068116
167,0.85,1,0.8271980445081777,2.631702,2.0936031,0.8681916
168,0.7,1,0.7916677767712393,2.520515,1.8581214,0.7616544
169,0.7,1,0.7480719588632696,1.7274642,1.178616,0.07888493
170,0.7,1,0.8189825268614326,2.8324516,2.1567097,0.7251924
171,0.6,0,0.7698664058441425,2.1785266,2.140119,0.613636
172,0.775,0,0.8136128567500212,2.6282392,2.5920436,0.9879503
173,0.95,1,0.8565748083234181,2.9774323,2.4676838,0.8461602
174,0.9,1,0.8242375326699944,2.641918,2.136889,1.0924195
175,0.875,1,0.879526848854052,3.2627912,2.757051,0.9944892
176,0.7,1,0.768048104366145,2.2432208,1.5295879,0.60980034
177,0.775,1,0.8290887344307225,2.673616,2.084282,1.3147452
178,0.6,1,0.750809384009117,1.8762372,1.2240666,1.102147
179,0.9,1,0.7768887874008851,2.0644567,1.5165933,0.89373696
180,0.575,1,0.8280916694768455,2.7528443,2.2458203,1.0707035
181,0.7,1,0.7843186938576927,2.1484902,1.601635,0.94118595
182,0.95,1,0.8509969726170671,2.9602075,2.455907,0.85665584
183,0.825,1,0.784181640065887,2.2776718,1.6903303,1.1842602
184,0.775,0,0.8248011426187243,2.7397146,2.668761,0.43639168
185,0.725,0,0.8237579138373741,2.7311897,2.6527758,0.6456033
186,0.775,1,0.8627631711176018,3.0298443,2.5540805,0.55501187
187,0.825,1,0.7943695700056606,2.379447,1.8221219,1.0875012
188,0.925,1,0.7904694247084748,2.5924315,1.8765533,1.0350125
189,0.8,1,0.7924429868881362,2.239168,1.7319247,0.7696035
190,0.75,0,0.7605459027771531,2.1210709,1.9926646,0.470327
191,0.95,1,0.8260397869940123,2.9215086,2.2514577,0.7091012
192,0.925,1,0.8283121499727105,2.6723752,2.1449306,0.48483935
193,0.775,1,0.8308383072878438,2.7093794,2.2031255,0.91415274
194,0.675,1,0.8400600273789015,2.8088531,2.2783601,0.92066896
195,0.75,1,0.8007301075912234,2.3251998,1.6951907,1.1159847
196,0.875,1,0.7974663002025354,2.3502846,1.8316172,0.7581619
197,0.775,1,0.7997367890766053,2.3274229,1.7376885,1.1408185
198,0.9,1,0.856067207366166,2.9961057,2.559463,0.605338
199,1.0,1,0.8375986635623192,2.753384,2.233294,0.7456491
200,0.825,1,0.7738258712863564,2.1278057,1.5024445,0.9366441
201,0.525,0,0.762863247891212,1.9985254,1.8996818,0.50939715
202,0.725,1,0.7719576860507709,2.0109963,1.4327139,1.1552825
203,0.65,1,0.7359593666044515,1.6613646,1.0605346,1.0491276
204,0.925,1,0.8552440048595492,2.9256825,2.3535361,0.9967853
205,0.65,1,0.7961969905660645,2.2524276,1.6916957,0.55189466
206,0.85,1,0.8618719874790222,3.074465,2.622138,0.8747431
207,0.65,1,0.807531977512065,2.43606,1.9600799,0.6364001
208,0.85,0,0.7913731491768772,2.3345022,2.2500744,0.3310407
209,0.675,1,0.7789199189892914,2.0923052,1.5188321,1.0724671
210,0.8,0,0.7205521747495461,1.683086,1.5631495,0.9879532
211,0.775,1,0.8191898061771639,2.545723,2.0293546,0.92806673
212,0.775,0,0.7954119250104015,2.3865228,2.2994509,0.6958108
213,0.8,1,0.7843188661573917,2.160653,1.5737946,1.0457164
214,0.75,0,0.7389498614868748,1.8718698,1.774873,0.46626422
215,0.9,1,0.8351906838839405,2.6942298,2.1630359,0.6239172
216,0.8,1,0.772041112280367,2.3124635,1.5853744,1.170282
217,0.825,1,0.8774774544017845,3.195065,2.6888835,0.3609545
218,0.775,1,0.827681052287932,2.6174006,2.0797977,0.9071342
219,0.875,1,0.830149729767766,2.6774783,2.153398,0.83840525
220,0.7,1,0.7946392276945409,2.3658664,1.736212,1.0526358
221,0.875,1,0.7993769594433097,2.360824,1.897465,0.6322806
222,0.75,1,0.7927758894120718,2.3853812,1.7699602,1.0590671
223,0.625,0,0.8152988450202256,2.6094117,2.4843512,0.4082086
224,0.8,1,0.8188009459758967,2.5282407,2.0417635,0.7290125
225,0.775,0,0.7394865900311662,1.9360104,1.7413645,1.1983463
226,0.9,1,0.7788389535902411,2.0893908,1.5705224,0.5047134
227,0.925,1,0.8013795884718437,2.3700356,1.789947,0.9554161
228,0.75,1,0.7812595281118828,2.1190867,1.5228142,1.0786132
229,0.975,1,0.8501127359992611,2.9138274,2.381064,1.1746806
230,0.875,1,0.8039285552677449,2.3454814,1.8288074,1.219422
231,0.975,1,0.8431495787989357,2.8261855,2.3245006,0.99587524
232,0.775,1,0.8387351167956797,3.0730758,2.3454418,1.2980692
233,0.775,1,0.8264627256141543,2.6528602,2.1644263,0.70271206
234,0.975,1,0.8011780590860588,2.627409,1.9333489,1.208694
235,0.85,1,0.8257616395014065,2.6336937,2.158823,0.54315114
236,0.875,1,0.8303416564068158,2.705842,2.2207944,1.0468671
237,0.675,0,0.7064624971434426,1.5232328,1.3000304,0.98046565
238,0.825,1,0.7999517290370659,2.3368223,1.848808,0.88662815
239,0.825,1,0.7980744536252639,2.3601413,1.9852409,0.09793338
240,0.9,1,0.8622896622190486,3.0646024,2.564072,0.6300962
241,0.725,1,0.76237634824854,1.892849,1.3235381,0.9883765
242,0.85,1,0.7996648700243394,2.289004,1.7950647,0.32988322
243,0.775,1,0.7873144550887489,2.182311,1.6463786,0.9048475
244,0.9,1,0.8188310766349634,2.5451894,2.1480691,0.68050134
245,0.75,1,0.7550726326325241,1.7899662,1.1853663,0.8702309
246,0.8,1,0.7668279140714492,2.0725255,1.4436948,1.4764147
247,0.85,1,0.791400136620738,2.2492688,1.6549234,1.3620671
248,0.775,1,0.8426664068850888,2.7841084,2.2276244,0.67174244
249,0.8,1,0.8230529160753874,2.5631614,2.0351777,0.49659947
250,0.9,1,0.762129275505087,2.0088642,1.3724413,0.9215642
251,0.725,0,0.7331174845464765,1.7972502,1.6054761,0.89571
252,0.75,1,0.7965680657552046,2.3086991,1.7674304,1.27398
253,0.775,1,0.7878603434249227,2.204193,1.677562,0.82366526
254,0.7,1,0.8117590675469359,2.4752777,1.874178,1.1002705
255,0.95,0,0.737140547700331,1.8485314,1.7314694,0.5213747
256,0.8,1,0.8151340398825448,2.5234594,2.0163407,0.9234401
257,0.65,1,0.792663256226418,2.2599416,1.6877033,1.0377563
258,0.875,1,0.8431070216314975,2.8571243,2.3700867,1.0023117
259,0.65,0,0.7570265779173373,1.97063,1.8273715,0.89597595
260,0.9,1,0.8092218831559914,2.5740309,1.9849491,1.0106596
261,0.925,1,0.8376343633092639,2.7548056,2.210484,0.65773773
262,0.625,0,0.7632075832555045,2.0190103,1.8926237,0.3633548
263,0.825,1,0.786500968902823,2.1772604,1.626102,0.79175746
264,0.8,1,0.8505638827740336,2.9034972,2.3487673,0.9690269
265,0.95,1,0.7848600632704067,2.4248037,1.6487883,1.0523821
266,0.975,1,0.8194894378272138,2.5746272,2.050005,0.95511425
267,0.65,1,0.8193970802085971,2.571268,1.9815315,1.307406
268,0.925,1,0.8591664419957415,3.0376089,2.5684347,0.66132164
269,0.75,1,0.8337960978127139,2.704801,2.2160635,0.7190218
270,0.925,1,0.8488250903468781,2.9203725,2.4364421,0.6902559
271,0.875,1,0.8045384515431853,2.344398,1.8101583,0.6706773
272,1.0,1,0.7432361430096256,1.9315975,1.2058095,0.88904977
273,0.85,1,0.844104009358671,2.8566127,2.2656121,1.1266043
274,0.9,1,0.8281924253493465,2.6469865,2.0902708,0.8248265
275,0.65,1,0.7705990917653025,1.9801711,1.41484,0.88498163
276,0.825,0,0.8589952794028431,3.1274145,3.1110978,0.20191023
277,0.775,1,0.7997492792540613,2.6127548,1.8755872,1.1388977
278,0.775,1,0.838085031859004,2.7963738,2.3452837,0.8987138
279,0.675,0,0.8191400219641161,2.7071023,2.6393862,0.64050496
280,0.875,1,0.8102060524089554,2.4239323,1.8810853,0.91593516
281,0.9,1,0.8599111261143995,3.0386527,2.5036492,0.94237936
282,0.575,1,0.8130401257255273,2.4529068,1.8842146,0.81225896
283,1.0,1,0.8048480662388235,2.3584745,1.7737037,0.7832625
284,0.825,1,0.8045590922147476,2.3908587,1.8443234,1.013248
285,0.9,1,0.8490294197036174,2.9117448,2.3910713,1.1018801
286,0.725,1,0.8124530956282238,2.4643226,1.9160476,0.81331766
287,0.75,0,0.7987361137834048,2.4418073,2.361777,0.4059218
288,0.875,1,0.8669384541737237,3.134951,2.6719644,0.7624409
289,0.725,1,0.7538380372705243,1.8082781,1.2392762,1.0745281
290,0.975,1,0.8001996929839899,2.3622491,1.8541129,0.47806278
291,0.875,0,0.7538742321836047,1.9522932,1.8712461,0.69059575
292,0.875,1,0.8252022615596013,2.6219363,2.1074715,0.6822866
293,0.95,1,0.8006895289930612,2.4348557,1.8616391,1.0379621
294,0.85,1,0.7936028478133996,2.5569592,1.8656278,0.90053904
295,0.65,1,0.8391529145137304,2.7895908,2.3083587,0.6738112
296,0.575,1,0.7771884615282862,2.0705254,1.5043098,0.8482096
297,0.75,1,0.7804424955079189,2.3409863,1.6704035,0.7746806
298,0.6,1,0.6827209851209227,1.1561038,0.5170307,0.9488081
299,0.925,1,0.7940149931752253,2.2629561,1.7296213,0.62103724
300,0.8,1,0.7507113985174185,2.0432715,1.2736001,0.86882687
301,0.8,1,0.7578175762049266,1.9460316,1.3210108,1.2579228
302,0.75,1,0.8625448825829599,3.043284,2.526363,0.8213171
303,0.675,1,0.7473694710380459,1.9906911,1.2444047,1.053391
304,0.975,0,0.7949586321421549,2.4054117,2.2574797,0.62665176
305,0.725,0,0.7724053865569442,2.125705,1.9837658,0.38973868
306,0.775,1,0.8546264815651112,2.9426365,2.4376123,0.70226574
307,0.725,1,0.7810477336263388,2.2012215,1.6483406,0.5969604
308,0.925,1,0.806471629046057,2.456704,1.9166794,1.0510552
309,0.9,0,0.8021318268237724,2.4362974,2.3324404,0.34020793
310,0.825,1,0.8062636841820006,2.3966384,1.912745,0.8459828
311,0.6,1,0.8119745633113019,2.490194,2.0340044,0.3897638
312,0.95,1,0.8543941321090697,2.9499435,2.4939919,0.8188584
313,0.725,1,0.839374224206462,2.8004751,2.2712026,0.720814
314,0.925,1,0.8401398887297078,2.8094177,2.2717066,0.95946693
315,0.925,1,0.8684384946013596,3.1423564,2.73401,0.57052207
316,0.825,1,0.806037018034383,2.3857179,1.872688,0.885326
317,0.875,1,0.8030685025485236,2.321793,1.781439,0.5100976
318,0.8,0,0.7308254542427488,1.6258447,1.5121772,0.46604672
319,0.7,1,0.7652812813106138,2.1958714,1.4538661,0.7024088
320,0.9,1,0.85069534992619,2.9442577,2.5056994,0.6142796
321,0.85,1,0.7818266353877069,2.1274214,1.5626324,0.95403147
322,0.825,1,0.832172622328331,2.6892633,2.190428,0.57548904
323,0.85,1,0.8690074782944638,3.1394548,2.6822972,0.76337194
324,0.9,1,0.8432493257080523,2.84472,2.3345206,0.8236629
325,0.95,1,0.8357998515663199,2.7528236,2.2466736,1.01563
326,0.9,1,0.8074940107874032,2.716782,1.9882872,0.731863
327,0.775,1,0.8365639283020279,2.743053,2.2146597,0.8991798
328,0.7,1,0.7913617622914396,2.2212965,1.6279831,0.8276893
329,0.875,1,0.7427564675117004,1.6824666,1.1506649,0.79980695
330,0.775,1,0.8352099332092102,2.761413,2.2654433,0.8654928
331,0.55,1,0.779589641244716,2.092134,1.5712789,0.48375764
332,0.8,0,0.8449233951621009,2.9368126,2.9055176,-0.09509602
333,0.725,0,0.7971281717835669,2.4442275,2.4084902,0.23010191
334,0.8,1,0.8146679255804874,2.5343513,2.0252235,0.9914806
335,0.975,1,0.8139772277171139,2.4950604,1.9560492,0.6649711
336,0.825,1,0.8563543282630994,3.0064445,2.525187,0.8994633
337,0.7,1,0.7634208742503772,2.1834836,1.4301975,1.2082438
338,0.8,1,0.8574024145575985,3.01516,2.5432444,0.5698321
339,0.675,1,0.8302798516016452,2.6461315,2.1163046,0.5669346
340,0.775,1,0.816106443315018,2.478588,1.9090462,0.66491127
341,0.925,1,0.7797442163669552,2.1096315,1.5812305,1.0561726
342,0.85,1,0.8557582721143123,2.9982023,2.4837446,1.1066895
343,0.9,1,0.8585947599765731,2.9873476,2.5076547,0.6303123
344,0.8,1,0.7960052927036109,2.281057,1.7200007,0.93259335
345,0.725,1,0.8421918828560089,2.811408,2.259885,0.6336324
346,0.9,0,0.7956810684728518,2.424959,2.3691068,0.7116803
347,0.925,1,0.8379311259124318,2.7703428,2.2497473,0.98049724
348,0.775,1,0.7649861097861319,1.9338658,1.3328577,1.2141573
349,0.75,1,0.7986195905708195,2.4409695,1.8952358,0.8879001
350,0.825,1,0.8462974540714989,2.888848,2.3820834,1.2516141
351,0.65,1,0.8104256792844352,2.4608922,1.9296625,0.88297474
352,0.725,1,0.7497816588314563,1.8625927,1.2772495,0.8574041
353,0.85,1,0.8148597533279833,2.611553,1.9734735,0.8852242
354,0.9,1,0.8098933487750459,2.403356,1.8302525,0.6409559
355,0.825,0,0.8052658736090332,2.5156603,2.4825766,0.43110773
356,0.85,1,0.8457354377931918,2.869278,2.3999207,0.72446334
357,0.9,1,0.8227149886618605,2.5644124,2.0300813,0.9125457
358,0.75,1,0.8130777717496805,2.4810371,1.9701905,1.1504419
359,0.65,1,0.8043528307641041,2.3572962,1.8088028,0.829417
360,0.85,1,0.851694110454993,2.9073153,2.422995,0.7574806
361,0.75,1,0.8562885281836718,2.9937491,2.583492,0.45763966
362,0.65,1,0.8500017438044376,2.9326887,2.4405203,0.81006694
363,0.85,1,0.8536468413222822,2.9454944,2.4935708,0.66641927
364,0.55,1,0.7465810303697589,1.7214757,1.293211,0.81870687
365,0.775,1,0.7960913240775289,2.2538247,1.7278426,0.6229377
366,0.95,1,0.8174100759265281,2.5204554,1.9794523,0.7382641
367,0.875,1,0.7651351637133399,2.1733282,1.5033098,0.5070188
368,0.775,1,0.7676012038610227,1.9674667,1.442892,0.77410865
369,1.0,1,0.8443786520084772,2.868433,2.3476315,0.96336436
370,0.75,1,0.824887676988711,2.6078138,2.1266723,0.5316833
371,0.925,1,0.8527913564499345,2.9385803,2.3634267,1.302113
372,0.925,0,0.8699962713270845,3.249045,3.1844392,0.23896858
373,0.85,1,0.7932197188898529,2.2554312,1.7133499,1.0796943
374,0.95,1,0.8050851528596995,2.4027374,1.8421475,0.9910326
375,0.775,1,0.8011647810656741,2.3362355,1.7659522,0.7080765
376,0.85,1,0.8278216656719812,2.6639295,2.1076746,1.2489377
377,0.825,1,0.8309990063953203,2.6998675,2.1426094,0.6617286
378,0.925,1,0.8256916010224873,2.6206546,2.1536217,0.78448474
379,0.95,1,0.8395755219695702,2.8246002,2.3594282,0.5110048
380,1.0,1,0.841099441068819,2.7917964,2.2427437,0.8723345
381,0.875,1,0.7559362859654526,1.8715575,1.3699043,0.8599167
382,0.75,1,0.8126048611376862,2.492515,1.9398824,1.1499639
383,0.8,0,0.7022467144055744,1.7055202,1.3472213,0.5150187
384,0.8,1,0.8219613443296236,2.5860095,2.0253382,1.1133025
385,0.625,0,0.7842337947591835,2.249634,2.1944253,-0.06738052
386,0.95,1,0.80888173882352,2.435206,1.926918,0.8364639
387,1.0,1,0.6704681688703986,0.8643564,0.34341738,-0.08539525
388,0.95,1,0.7368293333408432,1.56079,1.0319794,0.05946137
389,0.85,0,0.7419324568302857,1.776747,1.6478007,0.50375223
390,0.7,0,0.7691258097511677,2.1061482,1.9411912,0.607779
391,0.9,1,0.8209717441210173,2.5536842,1.9822401,0.7567611
392,0.725,1,0.8350533131414523,2.7514558,2.2426305,1.0353022
393,0.825,1,0.7977902837969668,2.3127725,1.8079575,0.6618087
394,0.825,1,0.7876143203426698,2.1978958,1.6662235,1.0629064
395,0.825,1,0.7741050062083097,2.0387979,1.4840144,0.9033005
396,0.975,1,0.8516060491088224,2.9165437,2.4484177,0.5674987
397,0.85,1,0.8467806749608511,2.888287,2.3621912,1.0759258
398,0.725,1,0.7939752020657614,2.2681255,1.7390325,0.5581883
399,0.625,1,0.7340301940447759,1.8182025,1.0794468,0.34769845
400,0.8,1,0.8130739442408242,2.4595914,1.8956375,0.8290448
401,0.75,1,0.8283375786678262,2.6847894,2.1421523,1.0374831
402,0.925,1,0.8530809092496885,2.9751387,2.4793763,0.6192508
403,0.8,1,0.8175320331785609,2.8132548,2.1459875,0.8717921
404,0.975,1,0.8570393188576904,2.99688,2.4567418,0.7097318
405,0.725,1,0.7608221378214138,1.8533769,1.2718186,0.93502724
406,0.9,1,0.8155875737398395,2.495136,1.930212,0.9811938
407,0.775,0,0.7928529377901763,2.3588295,2.252645,0.6352227
408,0.8,1,0.8453927511589514,2.8795042,2.276575,1.1347764
409,0.775,1,0.8037197413702089,2.39325,1.9113563,0.66682136
410,0.925,1,0.8910914744930849,3.3993816,2.9297404,0.972947
411,0.8,1,0.8313034440174509,2.7373514,2.2410307,0.9507197
412,0.85,1,0.8044701398426171,2.3689537,1.8001258,0.985106
413,0.75,1,0.8155456792274454,2.5134044,1.9948844,0.5445783
414,0.775,1,0.8291117268607255,2.6850066,2.1813893,0.8636317
415,0.775,1,0.8527849461182222,2.920311,2.4260623,0.63042605
416,0.825,1,0.7844705252073618,2.15462,1.5875561,0.61080134
417,0.65,1,0.7129392434365093,1.6030343,0.8495846,0.8284682
418,0.875,1,0.8187758096224291,2.5355244,2.0700374,0.6918707
419,0.825,1,0.8584514253069537,3.0262609,2.5176005,0.6757479
420,0.825,1,0.7970475889638602,2.2981963,1.6852118,1.3311243
421,0.725,1,0.7765193951362106,2.094513,1.5956322,0.70536053
422,0.95,1,0.82524131667355,2.5845103,2.0828733,0.5499643
423,0.725,1,0.818141091826826,2.5568438,2.0312836,0.6641897
424,0.775,1,0.7946806397567114,2.277532,1.6879966,0.9711807
425,0.575,1,0.7933198689955605,2.3731706,1.8577914,0.40959772
426,0.725,1,0.799280483814682,2.4394426,1.8365989,0.95026565
427,0.8,1,0.798531624292212,2.3496118,1.8441858,0.7830708
428,0.875,1,0.8735706175623803,3.2122102,2.7448382,0.69445276
429,0.75,1,0.8050430603443999,2.3872843,1.7779728,1.0488782
430,0.6,1,0.7088297283619951,1.3920163,0.7358417,1.0851219
431,0.825,1,0.8120400209564624,2.4658904,1.9312674,0.9695622
432,0.8,1,0.8064239379839842,2.4177542,1.8972199,0.8670744
433,0.65,0,0.6968806562497838,1.3553691,1.1970412,0.26137173
434,0.6,0,0.732442516701401,1.7963707,1.6820233,0.5073174
435,0.9,1,0.8070440511750303,2.4304304,1.9551404,0.5876856
436,0.65,1,0.7724401129717798,2.4132829,1.6706064,1.0850112
437,0.775,1,0.7868391375016384,2.1573024,1.6089169,0.8343295
438,0.65,1,0.8337518913526698,2.733928,2.236933,0.795707
439,0.975,1,0.8249202625539402,2.6293757,2.0833693,0.9467013
440,0.75,1,0.7729227375691236,2.054615,1.4506409,1.454594
441,0.75,1,0.8402099308524191,2.7740955,2.2929254,0.8219495
442,0.925,1,0.780060366868609,2.1370134,1.6387805,0.87218106
443,0.95,0,0.7831013797360624,2.267185,2.0989864,1.2447499
444,0.65,1,0.7788254351843389,2.0786457,1.5527742,0.52355134
445,0.95,1,0.8532784133226909,2.9434853,2.4448993,0.7936077
446,0.9,0,0.7640318904056683,2.0234997,1.8875278,0.8231499
447,0.575,0,0.7926380118402934,2.4216943,2.2676282,0.74158454
448,0.775,1,0.8559221332013932,2.9521399,2.4865522,0.70640767
449,0.975,1,0.840734469262124,2.804717,2.263569,0.9142525
450,0.6,1,0.742521475040686,1.9506854,1.2258481,0.49530748
451,0.8,0,0.7662293839658693,2.155549,2.0484948,0.72700465
452,0.925,1,0.7910458582332089,2.494011,1.7409916,1.0094589
453,0.9,1,0.8229810881205655,2.5801992,2.0280356,0.97903335
454,0.925,1,0.8441040016571884,2.856258,2.3699765,0.67244637
455,0.925,1,0.7853393934566859,2.173482,1.6096025,1.1199915
456,0.925,1,0.8642768764308086,3.0526986,2.5624943,0.75765455
457,0.95,1,0.8443446545910869,2.8798153,2.3811202,0.9671432
458,0.75,0,0.796093839544469,2.4221573,2.3636518,0.35661805
459,0.85,0,0.8131959182040491,2.5915165,2.47016,0.20447065
460,0.65,1,0.7852494529525078,2.156613,1.5932964,1.1377656
461,0.825,1,0.8090419669007146,2.4698596,1.9371665,1.1707253
462,0.875,1,0.8472412150692425,3.1557825,2.5293899,0.782907
463,0.85,1,0.7718255004369488,2.0014439,1.4623392,1.1362028
464,0.8,1,0.8366349071182404,2.7343688,2.2291605,0.6370528
465,0.675,1,0.7817096747486767,2.1076236,1.547759,1.1216744
466,0.75,1,0.83051377348374,2.6890073,2.1210003,1.1668516
467,0.7,1,0.7737759344403032,2.0266967,1.4414562,0.76525164
468,0.925,1,0.8935105192596942,3.3901234,2.9169667,0.6870903
469,0.9,0,0.735612860340921,1.7333429,1.765031,0.33066082
470,0.85,1,0.8604514444972546,3.0172777,2.5249467,0.9015889
471,0.85,1,0.8125489300795938,2.4835875,1.9245155,0.84198225
472,0.825,0,0.7842092146205497,2.2418902,2.2205591,0.28463528
473,0.65,1,0.8102085678026825,2.413023,1.8938383,0.62779474
474,0.725,0,0.7826151308720459,2.2647874,2.2910466,0.40519926
475,0.8,1,0.8184893519012496,2.5558293,2.0306382,1.0439658
476,0.825,1,0.8240168692684713,2.601598,2.0591674,0.7907491
477,0.7,1,0.8424856084354939,2.8078346,2.2877803,0.7715156
478,0.775,1,0.8087933526969425,2.4488704,1.9868221,0.8166486
479,0.95,1,0.8757535436453499,3.196077,2.6766171,0.7337502
480,0.6,1,0.7528835473803861,1.822721,1.3649602,0.23395178
481,0.75,1,0.7639845332228464,1.9455963,1.4849206,-0.1049352
482,0.825,1,0.8137466047484531,2.5133095,2.0253196,0.67950153
483,0.875,1,0.7961847649508462,2.2927172,1.7611461,0.8965684
484,0.825,0,0.7945827591630965,2.4213257,2.3517926,0.9946048
485,0.825,1,0.7802111777339273,2.0939744,1.6010079,0.7489631
486,0.8,1,0.8556466862502552,2.9651027,2.484438,0.5976689
487,0.9,1,0.8501883151498852,2.9387553,2.4871979,0.87695813
488,0.625,1,0.8222425273130716,2.5917873,2.0539553,0.74613416
489,0.875,1,0.8521035582125305,2.9481463,2.406178,0.89658237
490,0.7,1,0.806196310592018,2.5202274,1.9497459,0.99495125
491,0.9,1,0.8082110820545617,2.4307463,1.8841102,0.86791253
492,0.85,1,0.840533035861935,2.8327267,2.3768597,0.49425182
493,0.8,1,0.8198368954777076,2.5789123,2.0771327,1.0713185
494,0.875,1,0.8420435969194651,2.8288188,2.335804,0.68842757
495,0.775,1,0.8044911991993707,2.3885279,1.9242886,0.70844686
496,0.75,0,0.7610590284778767,2.0764394,1.994058,0.6016581
497,0.725,1,0.7645138522338886,1.8980879,1.3526039,0.95226884
498,0.875,1,0.8306513799262958,2.9811976,2.3216496,0.59787047
499,0.975,1,0.8179837488567304,2.642781,2.0585458,0.74761176
500,0.9,0,0.7640820823822684,2.1228988,2.0640593,0.7514967
501,0.825,1,0.8258395811256958,2.6658554,2.1263654,1.0733502
502,0.925,1,0.8458641596158019,2.8604121,2.3055725,0.9134127
503,0.7,1,0.8435629830643999,2.8360515,2.295391,0.85921264
504,0.85,1,0.7451998920661385,1.7271433,1.0885661,1.4413543
505,0.775,1,0.800057467864849,2.3525953,1.8525374,0.9599831
506,0.875,1,0.8181637013571651,2.5580237,1.9603506,1.25765
507,0.975,1,0.8453612751162425,2.857727,2.380536,0.65369844
508,0.975,1,0.8583688951836556,3.0223145,2.4623272,1.2447194
509,0.85,1,0.7477037088921509,1.8317003,1.2010963,1.0012286
510,0.825,1,0.726658380551177,1.6165506,1.0425361,0.63769925
511,0.65,1,0.7898101365434985,2.1767282,1.6326102,0.77101123
512,0.775,1,0.805429286160263,2.3764856,1.8762497,0.98418653
513,0.775,1,0.8201284360518702,2.5740235,2.0670428,0.61017644
514,0.875,1,0.7996210644361841,2.3378382,1.8698386,0.23228993
515,0.85,0,0.7510742163831416,2.0081434,1.8226979,0.7589489
516,0.875,0,0.7947834672141196,2.4297748,2.3772802,0.90837204
517,0.825,1,0.8391229691521214,2.8144748,2.2713156,1.0506341
518,0.9,1,0.8512153161644876,2.951343,2.477085,0.5099009
519,0.7,1,0.8171834173772261,2.5130234,1.9346217,0.6930083
520,0.775,0,0.7561475987590094,1.9163051,1.8481332,0.46968237
521,0.675,1,0.7911370336415324,2.1885815,1.6427028,0.6217414
522,0.9,1,0.8217579291543752,2.6060495,2.14961,0.63996077
523,0.925,1,0.7814555884168244,2.4107685,1.7048826,0.72427714
524,0.825,1,0.8418394088060123,2.8243518,2.2937741,1.0560877
525,0.55,1,0.7633515987920885,2.1804183,1.36077,0.75143087
526,0.9,1,0.8038938944172378,2.381045,1.85272,0.677621
527,0.725,1,0.8335923495983246,2.75186,2.2679887,0.7495369
528,0.85,1,0.83977291663851,2.8035877,2.3031807,0.8336855
529,0.825,1,0.8067940439675002,2.4046426,1.8724893,1.0372832
530,0.825,1,0.8298322132637537,2.6314416,2.0705945,0.79790545
531,0.85,1,0.8201678353622157,2.5599413,1.9983544,0.7511685
532,0.925,1,0.812335691446902,2.4515998,1.8943497,1.0538882
533,0.775,1,0.8217187921386556,2.5796402,2.0162263,1.1580278
534,0.75,1,0.7542613598196264,1.8349705,1.3940206,0.34818348
535,0.725,1,0.7536648834446374,1.8877423,1.282979,0.9112245
536,0.8,1,0.8436495979541968,2.8477778,2.361768,0.40754792
537,0.95,1,0.835248397326592,2.7605314,2.2541265,0.9530896
538,0.8,1,0.8009760845272154,2.307325,1.7586627,0.94375896
539,0.725,0,0.7414880627143943,2.038271,1.7407247,0.49289247
540,0.75,1,0.7878157895210769,2.192327,1.6572368,0.75392485
541,0.675,0,0.7227741887644629,1.6581957,1.510252,0.48355976
542,0.925,0,0.795094051279858,2.3982186,2.323863,0.06574549
543,0.8,0,0.7293514498410579,1.783741,1.6439266,1.0469368
544,0.8,1,0.8244823215954242,2.5680125,2.0466714,0.58569074
545,0.575,1,0.8249342743710384,2.60084,2.0579953,0.85666764
546,0.7,1,0.8189925388792092,2.5715532,2.0493095,0.8740288
547,1.0,1,0.8290187809991761,2.6792393,2.105652,0.8746346
548,0.75,1,0.8422604351740652,2.8333821,2.3181782,0.94998693
549,0.9,1,0.860324811197166,3.036592,2.6150773,0.3166922
550,0.7,1,0.7475227217927864,1.871076,1.221456,0.7678269
551,0.775,1,0.7723809907291999,2.149372,1.6057158,0.84457505
552,0.825,1,0.8616046600820864,3.0131874,2.5245607,0.54821
553,0.775,1,0.8186968915469239,2.5479536,1.9826769,0.9709525
554,0.8,1,0.8650196990210578,3.0919704,2.6605966,0.62063706
555,0.975,1,0.8510685546315087,2.9294086,2.470389,0.7179388
556,0.875,1,0.8246097209515192,2.572494,2.018991,0.65050805
557,0.75,1,0.8584745067525384,3.0353713,2.5484228,0.7258239
558,0.725,1,0.7690232037658222,1.9521682,1.356207,0.50062203
559,0.725,1,0.788952293566689,2.1961958,1.6628844,0.99616635
560,0.925,1,0.8074940750247304,2.4364934,1.8815391,1.1550381
561,0.85,1,0.8076486897810429,2.432363,1.8383303,1.021439
562,0.85,1,0.7948467144315086,2.2702522,1.7630702,0.5374919
563,0.6,1,0.8271803677237239,2.6264057,2.0254555,1.0164477
564,0.875,1,0.8607805359869496,3.0629482,2.5633245,0.7977643
565,0.825,0,0.7312953561476847,1.6673853,1.5293368,0.91128886
566,0.85,1,0.8134755179505005,2.4600234,1.9267344,0.7960037
567,0.55,1,0.7885475285037946,2.199792,1.6204555,0.993296
568,0.8,1,0.8128020109173115,2.538978,1.9800375,0.9362787
569,0.825,1,0.7795242656181768,2.1017423,1.5306947,1.0527493
570,0.75,1,0.8489834690213659,2.8945427,2.3803558,0.75090194
571,0.8,1,0.7567353949430775,1.8394002,1.3362943,0.16866936
572,0.6,1,0.7608772427640635,1.9792914,1.4157073,0.78585196
573,0.775,1,0.8301321131145235,2.690782,2.1312304,0.9462788
574,0.9,1,0.8894853014632811,3.3839462,2.9003377,1.075819
575,0.775,1,0.8334660508511428,2.7539017,2.2561433,0.47056338
576,1.0,1,0.8273911010798654,2.6441648,2.1671948,0.5627047
577,0.825,1,0.8358270988173566,2.756596,2.1947494,0.879387
578,0.825,1,0.8080145192759973,2.3873873,1.8593106,0.684878
579,0.7,1,0.8319100362718173,2.706879,2.1504989,0.977177
580,0.9,1,0.8161293695180932,2.4819245,1.9292696,0.7775748
581,0.75,1,0.7980145360651243,2.311353,1.8163217,0.74792826
582,0.95,1,0.8893832657509309,3.386005,2.9047356,1.0310012
583,0.875,1,0.8737176219427975,3.1969867,2.730639,0.738191
584,0.675,0,0.7448160220140139,1.8508018,1.747472,1.0162253
585,0.85,1,0.8139113779734561,2.4610307,1.934773,0.7743193
586,0.825,0,0.8137123861334331,2.6416397,2.5688343,0.39924237
587,0.825,1,0.7653373540946441,1.9061702,1.3944253,0.47383
588,0.775,1,0.7127514736474756,1.424438,0.8479314,0.7284992
589,0.625,1,0.7811514687474344,2.1076617,1.5598993,0.8557755
590,1.0,1,0.8453385946403569,2.8433805,2.3201585,0.59896886
591,0.7,1,0.8232239184611477,2.552787,2.0234623,0.5582781
592,0.875,1,0.855872409628176,2.9506383,2.4041793,0.8753507
593,0.9,1,0.8052740166436816,2.3511367,1.8265332,0.62944376
594,0.75,0,0.7563376755406845,2.2109656,1.862873,0.5190376
595,0.75,1,0.8388408188334106,2.800393,2.2909822,1.2032808
596,0.75,1,0.8339467056717527,2.7389479,2.2167418,0.8781848
597,0.775,1,0.8160721664770081,2.7601075,2.0913892,0.44128463
598,0.675,1,0.7802854782350611,2.1061795,1.5110695,1.095082
599,0.725,1,0.8214539105535836,2.5750496,1.9968154,1.0211407
600,0.75,1,0.8029258295493817,2.3677132,1.8262768,0.7660284
601,0.75,1,0.8125241439203208,2.4730694,1.9431791,0.5535296
602,0.825,1,0.8223167005389709,2.6026385,2.1328292,0.7517071
603,0.775,1,0.7955326866227617,2.3692625,1.8518794,0.124199
604,0.75,1,0.7852890004632457,2.2538285,1.7283862,0.7244234
605,0.85,0,0.7111636498129437,1.5410751,1.3359385,1.1870011
606,0.9,1,0.8314502910697454,2.6563077,2.1210003,0.5045414
607,0.9,1,0.8160707018798808,2.520862,1.9648488,1.0247991
608,0.45,1,0.7292887749646999,1.8013749,1.1215761,0.25684035
609,0.8,1,0.8277351692536608,2.6305466,2.0738263,1.0870116
610,0.975,1,0.8423855065829284,2.8407383,2.3780127,0.67051804
611,0.975,1,0.7963386922119666,2.318094,1.8386683,0.16341588
612,0.875,1,0.8263535323372094,2.6356692,2.175456,0.760821
613,0.85,1,0.8334341939739751,2.732217,2.2218013,0.67886674
614,0.775,1,0.8314065252944419,2.6551259,2.1285815,0.7433647
615,0.75,1,0.823278370954122,2.617475,2.110273,0.79875314
616,0.8,1,0.8304039197322284,2.6889613,2.179071,0.90993774
617,0.95,1,0.8339330191102996,2.689021,2.1245365,0.9936874
618,0.65,1,0.7857525425603484,2.1685677,1.5286102,1.3317014
619,0.725,1,0.8042828951847176,2.366674,1.7989255,1.1329504
620,0.85,1,0.8364533360134858,2.7843714,2.2741966,1.218529
621,0.9,1,0.817877227348111,2.5532951,1.9971023,0.57393086
622,0.925,1,0.8304179526338402,2.6538954,2.1261077,0.89809453
623,0.7,1,0.7390481336312855,1.9162912,1.2203827,0.57600856
624,0.75,0,0.7958402873215668,2.4075446,2.3035848,0.48002544
625,0.875,0,0.8287277282763319,2.8261085,2.820094,0.39777657
626,0.65,1,0.7864660727606135,2.1389856,1.5815037,0.58434546
627,0.825,1,0.815211969251532,2.4839346,1.9748693,0.8664235
628,0.825,1,0.8303227037720436,2.6700006,2.1401563,0.74628294
629,0.95,1,0.8009340668194238,2.3480988,1.7924526,0.64235926
630,0.65,0,0.7019565171623883,1.4272083,1.1963966,0.5618864
631,0.675,0,0.8046805952309591,2.496539,2.387731,0.53021574
632,0.55,0,0.7734485081793413,2.1446602,2.0703337,0.3200146
633,1.0,1,0.7683651434035291,2.365022,1.5768284,0.5228939
634,0.85,0,0.7802389772153729,2.2384133,2.200676,0.21388802
635,0.975,1,0.8511932420548209,2.9303076,2.4126549,0.6471635
636,0.85,1,0.7926084275176777,2.223435,1.646865,0.8094804
637,0.625,1,0.8137723809928394,2.4992208,1.9224852,0.97465
638,0.85,1,0.8107835641189157,2.4680817,1.9207147,1.0372652
639,0.975,1,0.7902644195225403,2.238841,1.6583414,0.58820796
640,0.85,1,0.7998717860669696,2.3129668,1.7455131,1.0346774
641,0.925,1,0.830020655407987,2.7015285,2.208521,0.82417524
642,0.775,1,0.8301623488588484,2.7008886,2.2029722,0.73941827
643,0.725,0,0.829549184015689,2.7907538,2.734198,0.3589066
644,0.85,1,0.7833939509888707,2.2692363,1.7523685,0.61563003
645,0.925,1,0.8340242298311418,2.7282147,2.174603,0.6965301
646,0.7,1,0.7848445396271662,2.1579742,1.6006027,0.9619881
647,0.825,1,0.8319792632567152,2.72663,2.2456045,0.9406085
648,0.625,0,0.7582208905949197,1.9912983,1.8828636,0.46251538
649,0.975,0,0.8147987865281547,2.6568995,2.6113698,0.5589436
650,0.875,1,0.851963205713876,2.9515767,2.5343,0.485602
651,0.65,1,0.8002588602599723,2.324988,1.7780296,0.99261606
652,0.875,1,0.7954261774416269,2.2486825,1.6880008,0.8818203
653,0.675,1,0.8562653803181075,2.9805317,2.489932,0.79741454
654,0.875,1,0.829213174621569,2.6618881,2.1752696,0.75031054
655,0.7,0,0.8097532758140682,2.5642672,2.490141,0.593964
656,0.85,1,0.8390921263254055,2.7805076,2.2723098,0.913376
657,0.825,1,0.7263511248848245,1.7663928,0.9867561,1.1616151
658,0.8,1,0.7844914706429753,2.1618843,1.5556195,1.0054004
659,0.875,1,0.8227800384418958,2.5747263,2.0780249,0.83013535
660,0.775,1,0.8253076867565212,2.5858788,2.0147238,0.937655
661,0.65,1,0.7819410323559537,2.4439616,1.7139076,0.68762445
662,0.775,1,0.8023273028657889,2.6322713,1.9415622,0.8426478
663,0.95,1,0.8348345385725717,2.721568,2.1826606,0.9165374
664,0.825,1,0.790934251861672,2.2034507,1.6634179,0.91478
665,0.85,1,0.8505231607109955,2.9158447,2.3825665,1.0582792
666,0.8,1,0.8546793857730146,2.9741755,2.4888003,0.5362102
667,0.75,0,0.7848556709197885,2.2759976,2.2146397,0.45961788
668,0.775,0,0.7453243541909004,1.979906,1.7506881,1.2294643
669,0.9,1,0.8084404089077368,2.668683,1.9011178,0.8891493
670,0.85,1,0.8383861356881013,2.7888176,2.2947507,0.7216346
671,0.675,1,0.8258138224116756,2.6381106,2.193995,0.5241549
672,0.65,1,0.7787134322324283,2.3777814,1.6733534,1.0249757
673,0.975,1,0.8351839497908278,2.7734618,2.265057,1.0675198
674,0.625,0,0.7798134941128799,2.2020984,2.072459,0.8786291
675,0.85,1,0.8135861722622514,2.4910593,1.919408,0.97525096
676,0.7,1,0.7862067800508683,2.1682303,1.661319,0.59462047
677,0.75,1,0.789084656285848,2.154924,1.6514307,0.4600033
678,0.8,1,0.7837355750481221,2.1124759,1.5672392,0.7316396
679,0.85,1,0.8502865818002404,2.9493868,2.4922123,0.7255149
680,0.725,1,0.862036261183079,3.0064106,2.4589484,0.497906
681,0.825,1,0.860912036162322,3.0617714,2.5617669,0.7324555
682,0.95,0,0.7667850839486665,2.1909342,2.0333395,0.5788282
683,0.625,1,0.7946214537325211,2.229176,1.7428861,0.8341838
684,0.9,1,0.8683833111696708,3.122521,2.643892,0.82171094
685,0.8,1,0.8181920233408216,2.5217724,1.9424403,0.8911065
686,0.725,1,0.8088077158105105,2.425188,1.8548616,0.975283
687,0.65,1,0.8227919981756615,2.6835616,2.1403913,0.97828543
688,0.9,0,0.7626758656283271,2.0306664,1.9235946,0.62845397
689,0.9,0,0.8169630448096235,2.648093,2.618166,0.44873002
690,0.85,0,0.8061978383536732,2.5454073,2.5188317,0.088539094
691,0.95,1,0.8858679123453592,3.3361573,2.865983,0.64005363
692,0.975,1,0.8267742589892262,2.6616693,2.0969658,0.7608079
693,0.925,1,0.8430361368406423,2.8289647,2.330735,0.49055102
694,0.8,1,0.8143372258812729,2.4497907,1.9174819,0.5702517
695,0.825,1,0.8587020586166929,3.041544,2.5333953,0.92744803
696,0.85,1,0.842174429508602,2.8484392,2.371009,1.198177
697,0.825,1,0.8379652134115008,2.7411942,2.1770957,1.1614932
698,0.75,0,0.738355903147782,1.7405705,1.5884451,0.84465086
699,0.7,0,0.7327324089678472,1.8187895,1.6898874,0.86195374
700,0.725,1,0.7907907305017249,2.2251885,1.6875703,0.896376
701,0.65,0,0.7191447308903899,1.5891176,1.3132626,0.73880947
702,0.825,1,0.8317939013974263,2.7074115,2.1821852,0.6885158
703,0.875,1,0.8112359544086015,2.442968,1.8660252,1.0295966
704,0.925,1,0.7357845184619904,1.8388041,1.0976425,1.0129018
705,0.875,1,0.8427620295089597,2.8384337,2.356033,0.60115826
706,0.575,0,0.7982234587906054,2.4932315,2.4062138,1.0091585
707,0.8,1,0.8250463517543479,2.5686765,2.0478914,0.6713166
708,0.975,1,0.8842887976011099,3.2920861,2.76657,1.1362152
709,0.825,1,0.7978132476662123,2.279371,1.7282654,1.0447521
710,0.925,1,0.827858016233078,2.6631436,2.1513917,0.67635167
711,0.85,1,0.8206976990699048,2.5780783,2.0133522,0.8900529
712,0.75,1,0.7702525493639685,2.0881965,1.4877646,1.0585463
713,0.85,1,0.8065268560485883,2.3796265,1.8256583,1.0738226
714,0.625,0,0.7586657171186615,2.107258,2.0208426,0.27252647
715,0.825,1,0.7696883327835546,2.0014582,1.4315091,1.1691118
716,0.75,1,0.8057955344708296,2.5234833,1.9495964,0.9763956
717,0.825,1,0.8400279096116547,2.7811823,2.287182,0.5002217
718,0.775,1,0.8366783384443137,2.7321572,2.2871706,0.5548589
719,0.775,1,0.7840979517859972,2.2818317,1.7230818,1.101245
720,0.875,1,0.7815801704070942,2.2144003,1.6174791,0.5750636
721,0.9,1,0.7853533644754807,2.1582067,1.6352501,0.48368487
722,0.95,1,0.8429320791647741,2.8134964,2.24957,0.7831749
723,0.7,1,0.8621370340679892,3.101449,2.633593,0.594679
724,0.825,1,0.8312687722095935,2.704372,2.161623,0.9520068
725,0.85,0,0.8080052113956111,2.555359,2.4853804,0.32940432
726,0.525,1,0.7946325595436854,2.2582126,1.7299645,0.708056
727,0.75,1,0.7828444219729607,2.1266418,1.5411196,0.97409546
728,0.85,1,0.8855436343218742,3.3407538,2.873781,0.53487444
729,0.85,1,0.8464403765429682,2.8890781,2.3768926,0.9429804
730,0.775,1,0.8499180837065115,2.9299967,2.4960175,0.69946885
731,0.75,1,0.8121299810924516,2.7699273,2.0974026,0.9466598
732,0.9,1,0.8209350371327777,2.547174,1.9648815,0.9062333
733,0.775,1,0.7789628918979126,2.0869827,1.5250467,0.8310126
734,0.775,1,0.7862321178745828,2.1673117,1.5944964,0.92348933
735,0.75,1,0.720179738063242,1.676383,0.89388096,1.047883
736,0.9,1,0.8040715291108257,2.3830838,1.8178761,1.1829213
737,0.9,1,0.8133075046725307,2.474372,1.9035438,1.054279
738,0.725,1,0.769206111915847,1.9724145,1.3984816,1.0380636
739,0.75,1,0.7861290718650868,2.178729,1.6487746,0.46384564
740,0.875,0,0.780888357954779,2.177907,2.0803998,0.12783946
741,0.8,1,0.8296219033207699,2.6988807,2.2276564,0.650511
742,0.8,1,0.8141220540159488,2.7919693,2.1069405,0.84620094
743,0.75,0,0.7969659372141218,2.4270396,2.371855,0.4909459
744,1.0,1,0.8808977237453169,3.2549875,2.7383058,0.7984438
745,0.725,1,0.8557460699510303,2.9453604,2.453469,0.7888876
746,0.75,1,0.7304946242793854,1.5032339,0.9967414,0.26440358
747,0.625,1,0.8043988769771052,2.6696208,2.0054386,0.545753
748,0.8,1,0.7525924076682606,2.0080602,1.321178,0.10061635
749,0.8,1,0.8081784250154717,2.423027,1.9865968,0.39170182
750,0.675,1,0.7363962613836386,1.8698695,1.0720149,0.97899175
751,0.65,1,0.829222205315443,2.6765056,2.2039704,0.6853857
752,0.925,1,0.8299885547735936,2.6801603,2.1747565,0.61505115
753,1.0,1,0.8536544224154904,2.9325123,2.389254,0.7096907
754,0.75,1,0.7515684639792507,1.7762319,1.222939,0.8239342
755,0.975,1,0.8621247309918495,3.0907016,2.5803895,0.91835916
756,0.775,1,0.8373515349626699,2.7314687,2.2115183,0.9207994
757,0.775,1,0.7937294044780916,2.376812,1.7265911,0.98971426
758,0.8,1,0.8058104145677133,2.408873,1.9396857,0.80197275
759,0.675,1,0.7780507015766995,2.1437635,1.548498,0.510082
760,0.85,1,0.835672152396324,2.7624836,2.2149777,0.9714725
761,0.75,0,0.734452619972568,1.8210269,1.6029572,0.7000587
762,0.9,1,0.8319650920468529,2.689282,2.2385585,0.7355169
763,0.8,1,0.8133269008522177,2.4849696,1.878175,1.3630629
764,0.925,1,0.8074723986220955,2.3840384,1.8254213,1.0543625
765,0.775,1,0.8304211857061808,2.6780472,2.076363,0.9408976
766,0.7,0,0.8104760670824019,2.5558705,2.4943824,0.575078
767,0.75,1,0.8620831836314828,3.0302188,2.5237877,0.74982345
768,0.9,1,0.8277928419675666,2.6228933,2.0876737,0.7575984
769,0.8,1,0.8202326075858246,2.5337849,1.9403874,0.8344722
770,0.7,1,0.8292524375103592,2.635108,2.1088758,0.7600182
771,0.7,1,0.8457837432167481,2.846652,2.3147874,0.7108693
772,0.75,1,0.8664860624982084,3.1041589,2.6092422,0.70563376
773,0.8,1,0.8167645234764058,2.551703,2.0334058,0.73219526
774,0.825,1,0.8528511692293885,2.9821258,2.4956884,0.82118726
775,0.8,1,0.8627040309627885,3.0697782,2.569714,0.7826191
776,1.0,1,0.8266628476889368,2.623594,2.0925426,0.55217576
777,0.625,0,0.7457777329177704,1.94791,1.7000339,1.0261977
778,0.825,1,0.7690547958275801,2.0797198,1.5095463,0.5529249
779,0.625,0,0.7497210038941913,2.002339,1.8302009,1.2214837
780,0.675,1,0.7682591680762922,2.0674653,1.503361,0.8159554
781,0.85,1,0.8474940122798846,2.8588495,2.3690157,0.6996263
782,0.75,1,0.7780230940357109,2.3880324,1.6999192,0.68434346
783,0.825,0,0.7532595593798939,2.0527716,1.9185233,0.77915204
784,0.85,1,0.7234376188305022,1.832297,1.0766841,0.64439523
785,0.975,0,0.7881132644510604,2.5961037,2.276941,0.70797503
786,0.925,1,0.8441484187586241,2.829586,2.3248742,0.8005762
787,0.725,1,0.8292774078779616,2.67137,2.179688,0.7043736
788,0.95,1,0.889102074875572,3.3656507,2.8817978,0.8512126
789,0.8,1,0.7727056378082522,2.0183115,1.4902065,1.0301886
790,0.95,1,0.8269214088639147,2.6421669,2.0351574,0.92389214
791,0.925,1,0.7945773573894704,2.2583685,1.6865834,1.0781437
792,0.95,1,0.8932491956062768,3.427608,2.9690888,0.6788447
793,0.975,1,0.8572372031041712,2.98357,2.4754658,0.9794717
794,0.875,1,0.8001735767872806,2.3029985,1.7688903,0.8130232
795,0.8,1,0.8204950788402814,2.5673006,1.9917941,0.9757302
796,0.75,1,0.7299547157258837,1.657824,1.0912099,0.4967557
797,0.85,1,0.8901214891706755,3.3512344,2.8548675,0.78278995
798,0.95,1,0.8875908718613541,3.3558214,2.864529,0.9146241
799,0.6,1,0.7794453420100707,2.1034534,1.541051,0.9850329
800,0.85,1,0.7802298077907277,2.177595,1.5685649,1.6870689
801,0.85,0,0.8194679992574064,2.6759143,2.586616,0.3430315
802,0.725,1,0.7783372384767056,2.2152689,1.6612988,0.7487278
803,0.875,0,0.8713739399564033,3.2500372,3.2231236,0.068335384
804,0.725,1,0.7722486452732483,2.3947544,1.5605264,1.0982078
805,0.925,1,0.8233263344448409,2.5719,2.028747,0.7839067
806,0.775,1,0.7540301231389899,1.9312344,1.4391161,0.6058582
807,0.975,1,0.8971899878670645,3.4350183,2.9535995,0.76629555
808,0.85,1,0.8421927484676188,2.8482714,2.3311331,1.0886098
809,0.95,1,0.7763714811462299,2.179579,1.6574109,0.92350113
810,0.875,1,0.83433815519248,2.7443266,2.2624946,0.6825497
811,0.825,1,0.8164939853806702,2.646739,2.049736,1.1642032
812,0.8,1,0.7747595520188351,2.331966,1.6449094,0.3314807
813,0.85,1,0.8671839610666235,3.1233962,2.6775644,0.604481
814,0.875,1,0.8140672108975608,2.4894238,1.97235,1.0414758
815,0.85,1,0.7397709144151913,1.7659883,1.1721352,1.0970945
816,0.775,1,0.7605398336650959,2.1782246,1.518359,0.7476803
817,0.75,1,0.7401569959912387,1.6336907,1.0976479,0.21596862
818,1.0,1,0.8069707855535604,2.4284346,1.8832431,0.69163644
819,0.725,0,0.7148111285921471,1.608504,1.3915433,0.7215301
820,0.85,1,0.8373143330888337,2.7847047,2.277823,1.0688068
821,0.675,1,0.7823961347341828,2.234338,1.626688,0.9721377
822,0.9,1,0.8275235118208948,2.6544104,2.156342,0.83440685
823,0.95,1,0.8142597743689997,2.5132232,1.9984766,0.6593559
824,0.9,1,0.7953765041156,2.2867556,1.7761769,0.69749725
825,1.0,1,0.8396652767595243,2.7540765,2.2517347,0.6462014
826,0.625,1,0.7887208387015463,2.1916869,1.689084,0.714533
827,0.875,1,0.8029826105547648,2.3824587,1.8678617,1.0973977
828,0.75,1,0.7872262886762791,2.1814535,1.6367351,1.0779091
829,0.85,1,0.8513327703120162,2.927053,2.4318182,0.8921633
830,0.775,1,0.7788958630131293,2.0723848,1.5294769,0.8282149
831,0.75,1,0.7743161136129073,2.1551237,1.5804574,0.99789953
832,0.95,1,0.7870259932205952,2.1583376,1.5877687,0.98596203
833,0.825,1,0.8385475076097888,2.7561438,2.2606819,0.6896994
834,0.6,1,0.798756057415529,2.3105552,1.7513597,0.9012376
835,0.775,1,0.8215630167738791,2.5792284,2.0428677,0.807382
836,0.8,0,0.7889826669804809,2.2795599,2.1916347,0.22699799
837,0.75,1,0.8476062385979765,2.8638806,2.4223828,0.59646153
838,0.725,1,0.7334945166210531,1.8294159,1.106484,0.8537302
839,1.0,1,0.8429944384129056,3.0881212,2.412549,0.65238285
840,0.85,1,0.8240892451324233,2.6322274,2.1888554,0.7833928
841,0.95,1,0.7275337857941813,1.8531127,1.023147,0.93439364
842,0.625,1,0.8069728091141146,2.3879013,1.822251,1.0941023
843,0.9,1,0.8399737057153934,2.820124,2.3515227,0.53206015
844,0.9,1,0.8106857407004131,2.4581828,1.9466703,0.81213355
845,0.925,1,0.7613151197456868,1.9498596,1.3133833,0.8402525
846,0.625,1,0.8252154105419967,2.634615,2.1496582,0.80375314
847,0.75,1,0.7817566813531902,2.2662854,1.6695244,0.6980946
848,0.9,1,0.8106263783795657,2.4722185,1.8873175,1.0988029
849,0.85,1,0.8202825931683555,2.8533614,2.178718,1.1698701
850,0.95,1,0.8619304418422737,3.077767,2.5484495,1.1105628
851,0.95,0,0.727922925913366,1.6219081,1.4632139,0.6997354
852,0.775,0,0.854360511682744,3.052166,3.0407248,0.37760898
853,0.975,1,0.8356897143504682,2.7566395,2.249798,1.0842246
854,0.95,1,0.8450957158137264,2.8360734,2.3183475,0.93087375
855,0.925,0,0.788239848921905,2.3364773,2.2862234,0.37165305
856,0.925,1,0.8382762177833563,2.7771292,2.2399178,1.0473597
857,0.925,1,0.8221755207055255,2.6027403,2.1224127,0.7962738
858,0.825,1,0.7873683392526927,2.180656,1.6594979,0.80878985
859,0.6,1,0.8274993900208601,2.6551895,2.118454,1.005481
860,0.775,1,0.7959816544497103,2.246602,1.6939299,0.9242828
861,0.725,0,0.7643187201179977,2.1317587,1.871146,0.6646334
862,0.75,1,0.7821202462484579,2.1323414,1.5400677,1.1055195
863,0.95,1,0.8207030229125016,2.596903,2.0685594,0.9844707
864,0.825,1,0.7931319985725985,2.255045,1.7619219,1.0182405
865,0.6,1,0.752830404644844,2.058816,1.3777703,0.883577
866,0.675,1,0.8286525534595176,2.6661048,2.1821117,0.7111398
867,0.725,1,0.7440708172020143,1.9600865,1.2707455,0.43645895
868,0.725,1,0.7677673794875349,1.9684404,1.4735534,0.8875333
869,0.9,1,0.8318673773688077,2.7027426,2.1843653,0.6904272
870,0.9,0,0.7652245327029439,2.0568156,1.9555756,0.46102193
871,0.7,1,0.8488013115489108,2.892914,2.372444,0.5510905
872,0.8,1,0.859175663720894,3.040746,2.5599504,0.79568195
873,0.825,1,0.8453309292770703,2.822697,2.3066535,0.8187047
874,0.85,1,0.8217134759896156,2.5853004,2.0255585,0.98331165
875,0.85,1,0.7852411749062216,2.1776915,1.5993239,1.0966301
876,0.625,1,0.7496126658007457,1.845001,1.239449,0.5030807
877,0.75,1,0.78987291936791,2.3140893,1.7597547,0.8905281
878,0.9,1,0.8319782380706441,2.6812248,2.184186,0.71062315
879,0.7,1,0.769005023662336,2.1285272,1.4988327,1.1131428
880,0.825,1,0.7952498022318983,2.2785928,1.7142028,0.93261755
881,0.625,0,0.7611743654370066,2.0813901,2.0420156,0.8899733
882,0.65,0,0.713929465411928,1.5843682,1.4250088,0.94080436
883,0.675,0,0.693057982495763,1.3349657,1.1107118,1.0157105
884,0.975,0,0.816685893665186,2.6567698,2.6439476,0.16708192
885,0.75,1,0.744027567616064,1.976757,1.2840654,0.5940014
886,0.825,0,0.8556700188217055,3.06634,3.019436,0.29359493
887,0.9,1,0.8595604964325096,3.0378852,2.5526223,0.9928378
888,0.775,1,0.7706201825783637,1.9972563,1.4484415,1.1088041
889,0.875,1,0.7866786556257617,2.178393,1.6403619,0.94789755
890,0.675,1,0.8588607122978702,3.0367084,2.522145,0.9046936
891,0.7,1,0.8213493918667438,2.5731764,2.0246122,0.90977323
892,0.675,0,0.7583373570989147,2.0847845,1.9290789,0.720402
893,0.75,1,0.8622842302542475,3.0223675,2.5239058,0.50653195
894,0.975,1,0.7803125048713104,2.111752,1.585709,0.72976696
895,0.625,1,0.793948191488157,2.2533922,1.7264876,0.9689981
896,0.8,1,0.8218436438555572,2.5766606,2.0662956,0.81110203
897,0.65,1,0.7779258018498459,2.1588602,1.6290796,0.5827844
898,0.95,1,0.8640484639087589,3.0532465,2.46953,1.4093463
899,0.7,1,0.7445557529967826,1.7897046,1.1490107,0.8124316
900,0.8,1,0.7904858026232413,2.2358446,1.7050006,0.9195926
901,0.675,1,0.8302130393859096,2.6746151,2.066191,1.1350719
902,0.875,1,0.7996950694226461,2.3419065,1.8330452,1.0242699
903,0.725,1,0.7988668660658684,2.3148007,1.7813892,1.1451737
904,0.925,1,0.8684997948617745,3.1552525,2.6395607,0.78763187
905,0.75,1,0.7938106171118482,2.5588365,1.9050118,0.931268
906,0.925,1,0.8142294234922803,2.4947796,1.9600687,0.12161423
907,0.775,1,0.8687174271124121,3.2319057,2.7098713,0.6723434
908,0.825,1,0.8323906911856073,2.7387261,2.2667422,0.7722992
909,0.85,1,0.7824992877826209,2.23452,1.6246575,1.0814458
910,0.675,1,0.7796190749565166,2.0936842,1.5864284,0.8145064
911,0.875,1,0.8304611157875005,2.711291,2.22888,0.89231527
912,0.75,1,0.7790799576323036,2.358333,1.5694588,1.3597969
913,0.825,1,0.8175530400029212,2.5474,2.0431485,0.60279787
914,0.95,1,0.7989300197449059,2.2940938,1.6960796,0.9371252
915,0.675,1,0.7404995777831616,1.6813065,1.1436974,0.621493
916,0.875,1,0.8564940619553489,3.0032887,2.4440365,1.1306275
917,0.875,1,0.8317756151712732,2.6770005,2.2243843,0.667766
918,0.825,1,0.7958633128081688,2.2721477,1.7165632,0.9948741
919,0.725,1,0.7688882980361493,1.9641334,1.3744507,1.0991162
920,0.775,1,0.7893985772194839,2.164804,1.6272312,0.6803309
921,0.775,1,0.8081313655829605,2.4180236,1.8985795,0.7182907
922,0.9,0,0.7049550121274224,1.471098,1.2381272,0.81525373
923,0.55,1,0.7438972874491026,1.7866917,1.1993983,0.5996599
924,0.9,1,0.8106231089386835,2.4391515,1.8841953,0.5169475
925,0.9,1,0.8668178023764328,3.0898242,2.5572593,1.0853883
926,0.675,1,0.7955834284417878,2.272881,1.681252,1.1909513
927,0.6,0,0.7224800963447626,1.7354888,1.5566016,1.1389335
928,0.65,1,0.8030120764953748,2.3549457,1.8204781,0.98065734
929,0.75,1,0.8092750554999959,2.7043896,1.9576274,1.3581215
930,0.8,1,0.7936801091856708,2.2606864,1.695576,0.709185
931,0.75,1,0.7333205794377584,1.5460907,0.96223974,0.118972674
932,0.575,1,0.7530853361218313,1.8057609,1.2757837,0.24118604
933,0.875,1,0.8357823868838662,2.74937,2.2355807,0.6139785
934,0.625,0,0.6854903375377874,1.3012439,1.0581989,1.3101387
935,0.95,1,0.8258235670200662,2.647557,2.1500266,0.69611573
936,0.575,1,0.788528181123782,2.2081757,1.6183805,0.9977355
937,0.825,1,0.8677922511086973,3.1258028,2.6555262,0.8631933
938,0.7,1,0.831985619760205,2.71108,2.2433376,0.8941742
939,0.825,1,0.7930821857959963,2.226037,1.6639657,1.0495939
940,0.775,1,0.8020862414536987,2.3290913,1.770796,0.4846554
941,0.875,1,0.7982374492342154,2.3105488,1.7756835,0.68016887
942,0.875,1,0.8147172164684648,2.7653918,2.037371,0.83268154
943,0.825,1,0.8041605854686167,2.385095,1.8515974,0.54966533
944,0.7,1,0.8334528523943817,2.7238712,2.1299124,1.1534691
945,0.875,1,0.8055852563794221,2.3581295,1.8464175,0.5250077
946,0.65,1,0.7934373873568799,2.2875032,1.8613944,0.1592612
947,0.825,1,0.7976326148851802,2.4254074,1.8132076,1.1433141
948,0.675,0,0.8034163239753328,2.462882,2.423033,0.5246198
949,0.55,1,0.8123053418660733,2.4621034,1.8479674,1.0296501
950,0.8,1,0.7835206811197237,2.1257834,1.5339501,1.085091
951,0.9,1,0.8068669250966873,2.3920944,1.8348516,0.8279239
952,0.825,1,0.841338259292643,2.7937386,2.2827387,0.6981205
953,0.85,0,0.7737598983432239,2.151454,2.0435185,0.57511973
954,0.9,1,0.8381187925266796,2.7580278,2.237321,0.8207617
955,0.725,1,0.8237720647549506,2.6546102,2.203356,0.74969184
956,0.65,1,0.7730396584492667,2.1263003,1.4928821,0.81022656
957,0.725,1,0.8209406668148163,2.5905163,2.0955443,0.8135079
958,0.775,1,0.8180649688787915,2.5428073,1.9502409,1.0550287
959,0.825,1,0.881502836220205,3.2555194,2.7701209,0.58102334
960,0.925,1,0.8486841773283231,2.8950047,2.348599,0.7916727
961,0.725,1,0.8161740344265195,2.5277839,1.9321116,1.139018
962,0.775,1,0.7762222254539158,2.0779521,1.528635,1.2434803
963,0.775,1,0.8221831135228022,2.5933948,2.0838025,0.5910454
964,0.8,1,0.7901857732693465,2.2304306,1.6663544,1.0512089
965,0.775,1,0.7756438982416829,2.3422313,1.6881204,0.9487859
966,0.9,1,0.8118601198627553,2.4922442,1.9688008,0.80394495
967,0.775,1,0.7701313681712944,1.969022,1.4136822,0.9960879
968,0.975,1,0.8233760351724024,2.5750756,1.9745448,0.9788898
969,0.9,1,0.8924460787340083,3.3976526,2.8991632,0.91935575
970,0.675,1,0.801597724844766,2.6294494,1.8841524,1.0539558
971,0.7,1,0.8163168697434746,2.5121732,2.0275202,0.589306
972,0.95,1,0.8026503180340294,2.3644104,1.8518119,0.8539231
973,0.75,0,0.7736242774279676,2.1243885,1.9902045,0.54557467
974,0.8,1,0.8365568821397122,2.7647405,2.2482903,0.7762265
975,0.875,1,0.8221517727625105,2.5817194,2.0496628,0.59458864
976,0.8,1,0.8216507020021483,2.6010094,2.0199,1.0949912
977,0.85,1,0.8189691067996323,2.5031104,2.0206966,0.5677222
978,0.85,1,0.842624025852132,2.8007054,2.3335726,0.44365165
979,0.725,1,0.7705032582015194,1.9948334,1.466061,0.98074543
980,0.75,1,0.7927412837546828,2.2450461,1.7296478,0.8162688
981,0.875,1,0.8470613297262504,2.856889,2.350642,1.1120152
982,0.675,1,0.786731797769433,2.171608,1.6303737,0.834646
983,0.75,1,0.8276028834016181,2.633687,2.1520696,0.676015
984,0.85,1,0.8403584388550172,2.7777865,2.3819003,0.09006104
985,0.775,0,0.7724861649748047,2.1403348,2.0438886,0.5501015
986,0.725,1,0.8020178877457151,2.3084173,1.7666731,0.61396563
987,0.875,1,0.7930599931149275,2.249634,1.696856,1.0982189
988,0.7,1,0.8129070672183251,2.4823236,1.9473379,0.8829652
989,0.95,1,0.8505193684009072,2.9394665,2.3701425,1.1297967
990,0.7,1,0.8294054615156043,2.6740594,2.0910807,0.9865068
991,0.8,1,0.8368299257678004,2.7811942,2.2472913,1.1483936
992,0.775,1,0.8543548468446137,2.9381056,2.4367285,0.83118653
993,0.775,1,0.8064271364373296,2.423008,1.885997,0.7941425
994,0.85,1,0.844657943419119,2.8366842,2.3283854,0.77807665
995,0.9,1,0.8291738920047143,2.668354,2.1355624,0.76575315
996,0.9,1,0.8248610687639562,2.6315434,2.1452253,0.63011336
997,0.875,0,0.763023028751393,2.016741,1.9151725,0.53390217
998,0.625,0,0.7697753174311108,2.0829005,2.0612464,0.6511493
999,0.825,1,0.8345939096844145,2.6940475,2.127656,0.9275185
1000,0.7,1,0.8100667896827325,2.4641764,1.9636633,0.6637267
1001,0.875,1,0.8731224059550906,3.1905937,2.7565236,0.8255465
1002,0.725,1,0.7988423455575784,2.3192427,1.7789638,1.0603606
1003,0.9,0,0.8281854318795953,2.7846878,2.6861486,0.24349166
1004,0.8,1,0.8312441222840723,2.676765,2.0961237,1.158438
1005,0.85,1,0.8129845101809483,2.4425926,1.8171786,0.8681972
1006,0.65,1,0.8048304400119991,2.384945,1.8519591,0.8818997
1007,0.925,1,0.8685182921040694,3.1294327,2.6463804,1.0422771
1008,0.875,1,0.762030686047476,1.9840453,1.3526492,0.80440617
1009,0.8,1,0.797733201788148,2.2747617,1.7353448,0.67234993
1010,0.75,1,0.7954504556763853,2.3032908,1.7648977,0.6991097
1011,0.925,1,0.7601311837033111,1.8836219,1.4021146,0.44995734
1012,0.825,1,0.8469985801822772,2.90335,2.3855462,0.92759323
1013,0.75,1,0.8034676170662782,2.3952532,1.8313371,0.8149723
1014,0.9,1,0.8264377486473445,2.6388986,2.1010022,0.80417776
1015,0.8,1,0.793913524919869,2.2302823,1.6534172,0.52512586
1016,0.7,1,0.8058366876007872,2.6739485,2.0084412,0.72024965
1017,0.9,1,0.8745573707011306,3.176035,2.6841578,0.6877744
1018,0.9,1,0.8546576195822964,2.9505744,2.4709392,0.882316
1019,0.75,0,0.7402120652288291,1.8886349,1.7203469,0.901793
1020,0.85,1,0.8554851620662447,2.9776416,2.4220061,1.1243733
1021,0.725,0,0.7608829959531078,1.9911551,1.9206767,0.4177239
1022,1.0,1,0.8876226712575368,3.3616457,2.8872638,1.2062167
1023,0.775,1,0.7850095589592168,2.2828503,1.6844261,1.4276431
1024,0.85,1,0.7571459484791212,2.23733,1.5105529,0.8841711
1025,0.725,1,0.8608238907396886,3.0436263,2.5583692,0.81900525
1026,0.675,1,0.7990343581169379,2.2991862,1.8343164,0.26543128
1027,0.65,0,0.7729276518195687,2.1492443,2.1057186,0.29855523
1028,0.85,1,0.812755422270691,2.4763198,1.892043,1.0989624
1029,0.725,1,0.8197635742505933,2.5673764,2.0278287,1.0667721
1030,0.75,1,0.8229370561296658,2.6213646,2.1175654,1.1072079
1031,0.85,1,0.8040877706884295,2.3578634,1.7569569,1.022896
1032,0.775,1,0.7555590387853579,2.1059258,1.3826671,0.8750247
1033,0.8,1,0.7719694349883421,1.989846,1.4289131,1.0019026
1034,0.7,0,0.7535180167807216,1.9440818,1.8305166,0.91110873
1035,0.775,1,0.7801450170511464,2.385417,1.6753602,0.9375937
1036,0.8,1,0.8599838090259929,3.003655,2.4938297,0.8519304
1037,0.8,1,0.7963435063165987,2.35243,1.746507,0.78921175
1038,0.75,1,0.8384261774586251,2.7767181,2.246095,1.0826126
1039,0.9,1,0.8050233040866204,2.465176,1.7964244,0.64342034
1040,0.7,1,0.7755747281983081,2.052422,1.506151,0.887048
1041,0.875,0,0.8051957964811693,2.512207,2.4882307,0.18923518
1042,0.625,1,0.7983226489160578,2.310007,1.7544109,0.94231904
1043,0.875,1,0.8080809642701531,2.424317,1.852741,1.1758759
1044,0.75,1,0.7821569060051097,2.5226688,1.7671027,0.87940645
1045,0.9,0,0.7007237658822635,1.3889548,1.1238917,0.8327601
1046,0.925,1,0.8946199345763444,3.4310532,2.9639716,0.8241656
1047,0.8,1,0.7776974987584853,2.0668824,1.5687208,0.7843863
1048,0.6,0,0.7949775898033596,2.4541233,2.3515825,0.7995305
1049,0.7,1,0.7828241094233799,2.124288,1.5903637,0.9506476
1050,0.85,1,0.8064696890628666,2.3843722,1.8582839,1.1882904
1051,0.9,1,0.8198893189687211,2.578875,2.0518684,0.651842
1052,0.875,1,0.8131820943767482,2.5073252,2.0524461,0.5734292
1053,0.725,1,0.8520469870535698,2.941094,2.4628158,0.5687735
1054,0.725,1,0.8235457464606741,2.87542,2.16827,0.4903786
1055,0.975,1,0.8260758382310422,2.9340756,2.2110631,0.8833827
1056,0.95,1,0.7997710782342884,2.344665,1.8115052,1.08954
1057,0.7,1,0.7936545624057456,2.2722738,1.7406808,0.95758283
1058,0.775,1,0.7807744077356134,2.0646305,1.5398932,0.8480022
1059,0.9,1,0.8752198666214022,3.220213,2.7293959,1.0045996
1060,0.725,1,0.8053899739693158,2.5021842,1.89926,1.0119845
1061,0.725,1,0.8447837208526487,2.7984886,2.2348979,0.8053365
1062,0.925,1,0.8039661476757388,2.344086,1.8016704,0.75863564
1063,0.725,1,0.8199377741074345,2.517571,1.9790359,0.76638806
1064,0.825,1,0.6974966855222602,1.2712605,0.6692226,0.70255077
1065,0.9,1,0.8155874229250322,2.4955938,2.031704,0.80947316
1066,0.725,1,0.7193148805594982,1.6758746,0.9378061,1.0493222
1067,0.9,1,0.8608981259578651,3.0523531,2.5878897,0.6690353
1068,0.9,1,0.8090489254548603,2.4712617,1.9047716,1.1427864
1069,0.875,1,0.8141491181003777,2.4716759,1.9286749,0.7513691
1070,0.9,1,0.8387180171836472,2.8019276,2.2966104,0.76877487
1071,0.875,1,0.8264352959284591,2.596755,2.0711856,0.81310415
1072,0.85,1,0.8647345553704296,3.088471,2.625001,0.60800683
1073,0.5,1,0.8203769041507223,2.5290189,2.0323715,0.20466258
1074,0.725,1,0.836136757347923,2.7414708,2.1979675,0.7019355
1075,0.85,1,0.7662952063764896,1.9450998,1.3255882,0.9805368
1076,0.9,1,0.8347450523633344,2.7275045,2.1779287,1.0940017
1077,0.85,1,0.836509575376307,2.734043,2.249364,0.6841296
1078,0.95,1,0.8032750626707429,2.3465471,1.7502126,1.1058797
1079,0.775,0,0.7887089550047417,2.342848,2.210937,0.5886295
1080,0.65,0,0.7687415464290936,2.2263238,2.05457,1.2456973
1081,0.8,1,0.836481569586103,2.7335439,2.2310781,0.8345231
1082,0.775,0,0.7835303212224256,2.255437,2.1707978,0.8117157
1083,0.725,0,0.7506083237839918,1.9271786,1.7939229,0.9001684
1084,0.75,1,0.8472126193522039,2.8703222,2.3256354,0.8936088
1085,0.825,1,0.8001555574037607,2.3269224,1.7152619,1.2072654
1086,0.725,1,0.786924389831139,2.183576,1.6115825,0.81401825
1087,0.8,1,0.843563763709335,2.8271794,2.2613134,1.0098946
1088,0.85,1,0.808699986353391,2.40946,1.8442283,0.9964001
1089,0.875,1,0.8385186983074118,2.8012881,2.3223596,0.76751566
1090,0.9,1,0.8026888230781881,2.3787777,1.7890435,0.82828367
1091,0.975,1,0.8225027468349221,2.5945902,2.1088076,0.7547649
1092,0.9,1,0.8843552452288349,3.2843208,2.8223433,0.93935394
1093,0.775,1,0.8404466633329293,2.7767015,2.3046389,0.39221057
1094,0.6,1,0.8045785606212759,2.3703325,1.8839289,0.76623285
1095,0.8,1,0.7816674035222742,2.1320944,1.6006814,0.75721073
1096,0.85,1,0.8221803047943708,2.618175,2.1271157,0.64317644
1097,0.925,1,0.7927653128301761,2.227528,1.6299206,1.0710356
1098,0.775,1,0.7690238942143703,1.97713,1.4280498,0.70900977
1099,0.725,1,0.8139820477883434,2.4995327,2.0019698,0.78727114
1100,0.775,0,0.7167912883519278,1.568995,1.3448515,0.7809578
1101,0.875,1,0.7699419891635123,1.9722495,1.43744,0.6649132
1102,0.775,1,0.7820746150039313,2.1317391,1.628066,0.4065796
1103,0.65,0,0.7863908116465264,2.3303657,2.2376804,0.48326656
1104,0.75,1,0.8780336389187922,3.2164059,2.7185326,0.6996484
1105,0.825,1,0.8028784565538001,2.3626952,1.8464811,0.7001823
1106,0.825,1,0.8585735529751772,3.2635775,2.584309,0.7488817
1107,0.675,0,0.7748994359477464,2.155849,2.0751562,0.38137376
1108,0.95,1,0.7748988412427256,2.3281784,1.6630043,0.63742816
1109,0.85,1,0.8675398619656525,3.1190877,2.6204898,0.9721248
1110,0.95,1,0.8660450040304901,3.1077676,2.5589635,1.3403108
1111,0.825,1,0.8534791693810428,2.9579856,2.4525676,0.9004712
1112,0.725,1,0.7547938343633505,2.0743184,1.2928255,0.7905147
1113,0.9,1,0.8095444356033898,2.4154758,1.9009823,0.80477107
1114,0.95,1,0.8599197060923657,3.3310714,2.655586,0.96006894
1115,0.9,1,0.8668111285497463,3.1229835,2.656052,0.5775497
1116,0.9,1,0.8470139521046124,2.8555484,2.3289747,0.6532223
1117,0.7,1,0.8365134216077436,2.7632692,2.317122,0.8024312
1118,0.875,1,0.7896300665868523,2.230083,1.7155991,0.7033795
1119,0.525,1,0.7215452751217133,1.6916645,0.94747764,0.5685327
1120,0.9,1,0.8299101262756295,2.700292,2.1623673,0.841192
1121,0.775,1,0.8402304717805201,2.7499294,2.1964822,0.63726044
1122,0.775,0,0.7549918458025378,1.9274024,1.7965329,0.531458
1123,0.775,1,0.8764817000470143,3.2387183,2.7356339,0.91847825
1124,0.8,1,0.7748161156746671,2.3287544,1.6224167,0.8323865
1125,0.625,0,0.7322501706800011,1.775188,1.5636253,0.8864564
1126,0.9,1,0.8660392542848658,3.0642152,2.517484,0.82044005
1127,0.9,1,0.8142111426839655,2.4633825,1.9313666,0.7743399
1128,0.85,0,0.7576230340335284,1.9557762,1.8463273,0.8021486
1129,0.75,1,0.785423442342614,2.1275725,1.7273682,0.44139695
1130,0.925,1,0.7991893306547291,2.276144,1.807097,0.5009556
1131,0.95,1,0.8261606497306119,2.6367607,2.1056685,0.8006247
1132,0.95,0,0.7649252503389814,2.1451964,1.9789095,0.51651907
1133,0.95,1,0.7528678768597202,1.9104679,1.3076528,1.1845633
1134,0.9,1,0.7889731452681022,2.2006278,1.6428059,0.8645296
1135,0.625,1,0.7708918127732943,1.9927275,1.3807524,1.1287632
1136,0.6,1,0.8278231926427447,2.6591752,2.2059839,0.7473594
1137,0.85,1,0.7892747401491412,2.1803079,1.6267033,0.7071705
1138,0.8,1,0.7732113007584385,2.0315142,1.4645157,1.1210729
1139,0.65,1,0.7614839969456481,1.9943397,1.3697902,0.9732529
1140,0.875,1,0.7920773972825796,2.2364888,1.6966376,1.0511789
1141,0.675,0,0.7399810021791391,1.8916757,1.7193779,0.2903119
1142,0.925,1,0.7979173707144127,2.3150373,1.7122098,0.9595901
1143,0.875,1,0.8299989647125878,2.6468887,2.0952516,0.8496188
1144,0.775,0,0.7679418159011571,2.082934,1.9878111,0.63033605
1145,0.875,0,0.7747838931825551,2.3582134,2.1714895,1.5693927
1146,0.6,0,0.7487170156191659,1.9704208,1.8697169,0.23190841
1147,0.9,1,0.7857407876850597,2.17605,1.6881081,0.6699339
1148,0.8,0,0.8169469871795048,2.6511884,2.5780087,0.6651795
1149,0.85,1,0.7955348233638815,2.2771633,1.7440723,0.57966805
1150,0.725,1,0.7575318493713628,1.8654897,1.3862323,0.15558192
1151,0.925,1,0.8083055433839228,2.4287639,1.8563603,0.73663604
1152,0.925,1,0.837983440696543,2.803255,2.2933643,1.1162453
1153,0.65,1,0.7669997986674136,2.2309804,1.4537843,1.2106034
1154,0.75,1,0.8614983167578816,3.054943,2.570485,0.780619
1155,0.775,0,0.6981579335643453,1.4065001,1.1965902,0.924072
1156,0.85,1,0.8193745359395785,2.5808911,2.0755246,1.0084101
1157,0.9,1,0.854367026129249,2.9465513,2.4448447,0.6172466
1158,0.625,0,0.7892216827073529,2.4175591,2.3064656,0.36545083
1159,0.975,1,0.8475825881532587,2.8859246,2.3479462,1.0150696
1160,0.975,1,0.82311479577977,2.5670266,2.030054,0.6303942
1161,0.9,0,0.8297249963135118,2.7953434,2.761042,-0.120655686
1162,0.9,1,0.8265623409430243,2.6539865,2.1650956,1.0073116
1163,0.775,1,0.7767771432917498,2.064838,1.5601094,1.0464224
1164,0.9,1,0.8608834347270542,3.0157278,2.4772196,0.8050083
1165,0.95,1,0.8332226717699864,2.7089257,2.170464,0.6669967
1166,0.9,1,0.8013576646766823,2.3549712,1.7822813,1.0828233
1167,0.95,1,0.829910501038693,2.965809,2.2938128,0.745674
1168,0.575,1,0.7310237899515653,1.5463159,0.9727732,0.9735426
1169,1.0,1,0.8726727489905153,3.2205167,2.7727153,0.89424694
1170,0.875,1,0.7943274124577717,2.2637064,1.7689674,0.9366951
1171,0.95,1,0.8498975385606575,2.9528599,2.4829254,0.88028634
1172,0.575,1,0.7708036227039256,2.2780995,1.593184,1.1286466
1173,0.775,0,0.7857199228171681,2.3763366,2.2368803,0.7704245
1174,0.7,0,0.761404218965099,2.138481,2.0561714,0.21529111
1175,0.675,1,0.8130075916265331,2.451703,1.848001,0.9182732
1176,0.825,1,0.8159716295706171,2.5413795,1.9671329,1.1217251
1177,0.675,1,0.7982484651311248,2.2755678,1.7597893,0.7176534
1178,0.95,0,0.7659272770668136,2.056748,1.9408967,0.32940042
1179,0.975,1,0.799082237657311,2.2913373,1.7252578,0.89448225
1180,0.925,1,0.7953855178691085,2.2808838,1.7301698,0.75557697
1181,0.75,1,0.8509480303523905,2.9158332,2.4413762,0.84791553
1182,0.775,1,0.7792270053724107,2.3879352,1.6780295,0.9178628
1183,0.875,1,0.8446978648354622,2.8716865,2.355405,1.2909095
1184,0.875,1,0.7438626720580711,1.7095413,1.1592396,1.069367
1185,0.85,1,0.7761443302863267,2.0621548,1.4848135,0.94991314
1186,0.7,1,0.8388877931207368,2.809074,2.3062406,1.0132395
1187,0.75,1,0.8162922231822363,2.5158873,1.9741002,0.8747742
1188,0.7,1,0.8389596262019172,2.78193,2.1969976,1.1053284
1189,0.65,0,0.7487782402926966,1.8432407,1.711319,0.63500416
1190,0.8,1,0.7063268467869562,1.389064,0.73656416,0.9780526
1191,0.775,1,0.8093198043565928,2.432601,1.8846438,1.1306185
1192,0.85,1,0.8087618244534136,2.3968496,1.8733654,0.796626
1193,0.8,1,0.8284230805587349,2.663309,2.0897183,0.8964492
1194,0.725,1,0.8165057081387886,2.5719109,2.0814648,0.5858762
1195,0.675,1,0.8062272566334538,2.4087882,1.866593,0.7558038
1196,0.775,1,0.8230894817222351,2.6184964,2.1387827,1.0418928
1197,0.7,1,0.8713957804024561,3.160513,2.6470168,1.0048875
1198,0.625,0,0.7793067622179766,2.2106166,2.136002,0.64740276
1199,0.675,0,0.6914904281260671,1.3202819,1.1027709,0.6555635
1200,0.85,1,0.8113976923988065,2.4562392,1.9098738,0.8555634
1201,0.75,1,0.8379362532969397,2.7686274,2.2274342,1.148716
1202,0.7,1,0.8105289270548273,2.4363003,1.890285,0.7856972
1203,0.9,1,0.8181225934928066,2.5203128,1.9693525,0.90042007
1204,0.8,1,0.7913335833968277,2.2549236,1.732084,0.93734884
1205,0.875,1,0.8330204670943067,2.7042167,2.2219863,0.72085416
1206,0.875,1,0.848292752435412,2.8474712,2.3179762,0.627488
1207,0.9,1,0.820550157007317,2.586959,2.1170654,0.46032962
1208,0.9,1,0.8196927499992529,2.552837,1.9667935,0.9037038
1209,0.725,1,0.7274782289921834,1.7461758,1.0986646,0.9236444
1210,0.975,1,0.7956826224720485,2.2503238,1.7503915,0.88614905
1211,0.825,1,0.7527487829941664,1.7600578,1.2106259,0.7544806
1212,0.9,1,0.8456161619348448,2.8655791,2.381662,0.87427294
1213,0.8,0,0.7592620460411402,1.9449236,1.8190262,0.31861305
1214,0.8,0,0.7311204416612717,1.8535016,1.6902472,1.4825687
1215,0.825,1,0.8248161870264217,2.5926204,2.0966578,0.41947708
1216,0.85,1,0.8419793625655357,2.7804806,2.2691407,0.84811604
1217,0.825,1,0.8542187443368532,2.9369433,2.4184666,0.873237
1218,0.825,1,0.8671557050236632,3.124848,2.6308599,0.84582055
1219,0.875,0,0.7538514243399211,1.9251993,1.8374777,0.28794897
1220,0.85,1,0.7767103795512176,2.0571127,1.5514836,0.93316233
1221,0.925,1,0.8094899979154544,2.4379501,1.8842599,1.0691978
1222,0.95,1,0.7616799105414618,2.1626682,1.4563318,0.60969806
1223,0.85,1,0.8284716117029824,2.684352,2.1503935,1.0798256
1224,0.8,1,0.8033356942373988,2.3913188,1.8855169,0.860543
1225,0.7,1,0.7684215411760489,1.970215,1.4068187,0.86174273
1226,0.8,0,0.7262858559729284,1.8935691,1.5817237,0.44439328
1227,0.7,1,0.8337297390692053,2.6789203,2.1887329,0.5121809
1228,0.825,1,0.7537503284069927,2.0654018,1.3418,0.8153653
1229,0.925,1,0.8285289214942146,2.6710362,2.1616023,0.83567226
1230,0.95,1,0.8533832378457854,2.9778051,2.5022411,0.79710615
1231,0.825,1,0.7832398394725582,2.4162383,1.7037103,1.2919574
1232,0.675,1,0.7191676373972862,1.5033332,0.8912252,0.77594554
1233,0.525,1,0.7838231305492848,2.120255,1.6084915,0.8464446
1234,0.8,1,0.8157759263723099,2.51972,1.990369,1.1830268
1235,1.0,1,0.8647830428477353,3.0645669,2.5773687,0.89413416
1236,0.775,1,0.8100976795176146,2.450634,1.9022934,1.1170561
1237,0.975,1,0.8157673585425476,2.4949133,1.9262772,1.0023272
1238,0.7,0,0.7245152539283355,1.6817904,1.554911,0.31521344
1239,0.85,1,0.8348189604417939,2.7368093,2.1498938,0.9140394
1240,0.875,1,0.7985524348784814,2.2987685,1.6905427,1.2886715
1241,0.6,1,0.8001534904619342,2.3577266,1.8359454,1.0046506
1242,0.8,1,0.8483000606974824,2.9004993,2.3894415,0.8576356
1243,0.875,1,0.7926665888594575,2.5507317,1.8515453,0.81338835
1244,0.875,1,0.7993852036845288,2.2986813,1.7378742,0.9636303
1245,0.825,1,0.8373625019877222,2.7802868,2.334517,0.30097422
1246,0.75,1,0.823261079839515,2.5753274,2.0817657,0.65699387
1247,0.75,1,0.8630923816664718,3.0558977,2.5567336,0.6492324
1248,0.675,1,0.7674262508667596,1.9823649,1.4816918,0.45434543
1249,0.875,1,0.7946722075398245,2.2538557,1.7176809,1.0533423
1250,0.85,1,0.8155444153185087,2.4596586,1.908252,0.6791878
1251,0.8,1,0.7924782388203995,2.3514304,1.7438056,1.0094384
1252,0.7,1,0.8404733401579001,2.8001113,2.3702788,0.7053329
1253,0.75,0,0.7688418658200107,2.0788388,1.9634818,0.31098175
1254,0.7,1,0.8084321054444361,2.4604082,1.9142405,1.2876812
1255,0.575,0,0.7790340451298017,2.19424,2.1268287,0.43523085
1256,0.85,1,0.791007606610299,2.2228007,1.6518977,1.0646154
1257,0.9,1,0.7719810442662467,2.0175486,1.456557,0.92137
1258,0.8,1,0.7612652176954005,1.8928366,1.3261147,1.1260281
1259,0.725,0,0.771277347231612,2.1192966,2.0443306,0.50417686
1260,0.95,1,0.8347472425709742,2.707842,2.1799955,0.66807985
1261,0.925,1,0.8517213814387088,2.933101,2.4641867,0.5421413
1262,0.75,1,0.7529248765695522,1.9245979,1.4291637,0.7567326
1263,0.95,1,0.8765141941231529,3.257237,2.7965426,0.79842424
1264,0.75,1,0.7811781436160963,2.1281953,1.5219113,0.90448534
1265,0.775,1,0.8571804042796209,3.0137448,2.48036,1.1753978
1266,0.85,1,0.8238417918670755,2.5986805,2.1348038,0.8862293
1267,0.7,1,0.8534580434789963,2.9622955,2.4445705,0.90280426
1268,0.95,1,0.8726963117371244,3.1946037,2.7230015,0.7737746
1269,0.95,0,0.7566234208968633,2.039515,1.8608658,0.6855775
1270,0.775,1,0.8290903377896945,2.6657882,2.0907989,1.0702623
1271,0.9,1,0.7980691409310848,2.267175,1.7224259,0.7114363
1272,0.7,1,0.8070009197796272,2.3766294,1.803417,1.0235391
1273,0.975,1,0.8012804728794131,2.3450952,1.8530762,-0.22185698
1274,0.75,1,0.8405557778508143,2.8060417,2.2605314,0.65808535
1275,0.825,1,0.8256414874107298,2.6048565,2.0729876,0.74985576
1276,0.875,1,0.8225842959368507,2.5731592,2.0173302,1.113721
1277,0.825,1,0.7898818108341281,2.1956363,1.6292704,0.74996805
1278,0.725,1,0.8438483160724801,2.8683422,2.3678553,0.9830897
1279,0.75,1,0.7529507527553768,1.8946581,1.2883003,0.8915163
1280,0.875,1,0.8686636332936821,3.1528578,2.6444201,0.75987804
1281,0.55,0,0.8245865115456845,2.7922873,2.7518942,0.36117253
1282,0.9,1,0.8304661798896509,2.656655,2.1413805,0.70442617
1283,0.625,1,0.7793776641291598,2.1902447,1.6074466,0.74500585
1284,0.925,1,0.8583193899092086,3.0096126,2.54436,0.7217859
1285,0.825,1,0.8106186893162771,2.577114,2.040317,0.75089884
1286,0.9,0,0.6626630995924664,1.1948395,0.9397772,-0.24096045
1287,0.9,1,0.7978004596481224,2.2978861,1.8010688,0.33208486
1288,0.85,1,0.8159970657570045,2.78098,2.0783541,0.75534725
1289,0.8,1,0.8043096141934986,2.383932,1.8724793,0.657745
1290,0.675,0,0.8345075719315037,2.8037639,2.68118,0.27329004
1291,0.85,1,0.7075016185304571,1.6536195,0.80695415,0.95892787
1292,0.975,1,0.8171593238353829,2.5171041,2.0184808,0.7203033
1293,0.875,1,0.8075689995155753,2.419205,1.8680464,0.91080034
1294,0.75,1,0.7841282769769569,2.4233575,1.6908926,1.1872172
1295,0.75,0,0.7007390869453773,1.6970873,1.4053347,0.6207975
1296,0.85,1,0.8129167631423133,2.4669597,1.9672039,0.33882067
1297,0.75,1,0.7580194970605407,1.8829217,1.347135,0.6402793
1298,0.85,1,0.8154585538692092,2.5067978,1.970127,0.9845178
1299,0.7,1,0.7948083228686262,2.2872715,1.760746,0.8094423
1300,0.8,1,0.8856791191313169,3.3413515,2.8491712,1.190111
1301,0.725,1,0.7433335335592041,1.7796597,1.2463075,0.20887074
1302,0.95,1,0.874264674645426,3.1765146,2.6644435,1.0787934
1303,0.925,1,0.8667240310851807,3.0924754,2.5988731,0.8116791
1304,0.6,1,0.7612616798753427,1.9065182,1.3555155,0.7794926
1305,0.8,1,0.7583451426240433,1.9575853,1.3986595,0.97954607
1306,0.55,0,0.738170314091342,1.726557,1.635738,0.08139826
1307,0.875,1,0.8179611812784815,2.8344138,2.1195095,0.8087045
1308,0.875,1,0.8415180358117935,2.831353,2.3241773,0.93059385
1309,1.0,1,0.8515654417861549,2.913073,2.3901582,0.8447703
1310,0.825,1,0.8787489235168198,3.2490697,2.7638683,0.70759535
1311,0.95,1,0.7839525687382836,2.118866,1.5460662,1.1045377
1312,0.9,1,0.8752849093039876,3.2308483,2.7270045,1.0279629
1313,0.75,1,0.8393514264182687,2.783556,2.28118,0.5191555
1314,0.875,1,0.8480785528034913,2.8658023,2.36797,0.6778388
1315,0.675,1,0.8093699655699986,2.4412613,1.9022909,1.0503953
1316,0.7,1,0.8237601993996448,2.5987806,2.0963778,0.63582087
1317,0.825,1,0.8567410311622341,2.95932,2.4333923,0.66035175
1318,0.775,1,0.8401720177417397,2.8018188,2.201239,1.3960614
1319,0.825,1,0.852583685216086,2.9505749,2.4412932,0.9422108
1320,0.9,0,0.8041142183259953,2.4808168,2.3818202,0.4195952
1321,0.875,1,0.7888963466653196,2.5037255,1.8512437,0.56135976
1322,0.925,1,0.8394031653826811,2.7838268,2.21797,0.7977418
1323,1.0,1,0.7350423403882569,1.6268417,1.14174,-0.70453227
1324,0.625,1,0.8210613914888452,2.5745144,1.9843929,1.1302325
1325,0.65,1,0.8182843548511153,2.500623,1.9122068,0.6694567
1326,0.825,1,0.8275047827432346,2.6666389,2.172087,1.0767623
1327,0.9,1,0.8571633235096772,2.9986658,2.4781508,0.60197484
1328,0.55,1,0.7897086507356297,2.210745,1.6709237,0.8037263
1329,0.9,1,0.8476271471787785,2.9316573,2.4510493,0.9614055
1330,0.7,1,0.7999566274664678,2.327527,1.7633599,0.90652955
1331,0.825,0,0.7600488491031534,2.0573213,2.0074115,0.7920735
1332,0.875,1,0.7782130010564778,2.0838723,1.5815645,0.2681385
1333,0.725,1,0.8183448780882407,2.4988866,1.9471651,0.7142807
1334,0.925,0,0.8150234492227698,2.6511765,2.602903,0.35952327
1335,0.7,1,0.833882464718616,2.7129102,2.1574667,1.0836942
1336,0.975,1,0.8529698879958652,2.9272292,2.3043103,1.1486464
1337,0.85,1,0.7897489497405987,2.3443909,1.7449915,1.4219677
1338,0.8,0,0.7108202290331415,1.5303805,1.2806594,0.83180106
1339,0.7,0,0.7942498897156391,2.5079956,2.3792293,1.1362418
1340,0.975,1,0.8170690923780097,2.5182748,1.9812595,0.3681785
1341,0.9,1,0.8659435349585265,3.0850532,2.6180863,0.46624884
1342,0.875,1,0.7878064038674198,2.2305102,1.815234,0.7973442
1343,0.725,0,0.7736398573187596,2.0935245,1.980839,0.42675853
1344,0.925,1,0.8636524923600838,3.0568008,2.591511,0.67667806
1345,0.8,1,0.8292697607672654,2.69876,2.1464705,1.0629039
1346,0.725,1,0.8316156139355544,2.9872289,2.2798805,0.7237985
1347,0.775,0,0.7717270167278096,2.0867028,1.9211266,0.7514744
1348,0.525,1,0.753749927575774,2.0765185,1.2877212,1.0034608
1349,0.675,0,0.7483466733963434,1.8145379,1.721897,0.17125334
1350,0.65,1,0.7499177982482175,1.996264,1.3000469,0.45023993
1351,0.95,1,0.8153274879644942,2.517546,1.9908943,0.5219841
1352,0.8,1,0.8049667662527022,2.3725576,1.8772795,0.5697441
1353,0.675,1,0.8095253858873555,2.403154,1.8953017,0.8858851
1354,0.85,1,0.8153660438630104,2.5390668,2.023998,1.0832046
1355,0.825,1,0.8017512061510944,2.3053007,1.78052,0.46103504
1356,0.875,1,0.8555990910021838,3.0125265,2.5412188,1.115303
1357,0.9,1,0.8503942255067745,2.8647857,2.3014464,0.73822653
1358,0.9,1,0.8564301892374961,3.0108652,2.502421,0.7687956
1359,0.8,1,0.7262966714157462,1.7719212,1.038151,0.7043296
1360,0.925,0,0.8257432007947174,2.7810419,2.7220356,0.85584116
1361,0.75,1,0.806231136386349,2.4180565,1.8335845,1.1035916
1362,0.725,1,0.7768499530698258,2.3342633,1.6653312,0.771366
1363,0.975,1,0.8672714710339663,3.1304474,2.6987095,0.5600723
1364,0.775,1,0.8349640905711895,2.7406273,2.3334093,0.66657877
1365,0.85,1,0.7878684151649019,2.1477258,1.6257138,0.5025041
1366,0.8,1,0.7643012545812168,1.9398148,1.4158206,0.8501785
1367,0.55,0,0.6917721722268969,1.3912592,1.284709,0.8969779
1368,0.8,1,0.8655379540469494,3.1072116,2.6621552,0.8655294
1369,0.725,1,0.7751172983071721,2.1846385,1.6793368,0.48272517
1370,0.925,1,0.8369105555396795,2.7555428,2.2326684,0.95332134
1371,0.7,1,0.7510224184880494,1.8638356,1.2882098,0.8870083
1372,0.775,1,0.833643852006638,2.7314591,2.2193067,0.9674747
1373,0.75,1,0.8119224424181354,2.471002,1.926925,0.75083876
1374,0.85,0,0.8070494401471364,2.5518415,2.4994168,0.3750176
1375,0.925,1,0.7804838758075323,2.110983,1.5082861,1.141482
1376,0.8,1,0.8262855478596269,2.5892367,2.1210992,0.6600976
1377,0.775,1,0.7822892620459171,2.1258988,1.5586836,0.8399112
1378,0.875,1,0.8154961952673059,2.5386057,2.014231,0.9297538
1379,0.85,1,0.787435816881346,2.1794307,1.7251618,0.651886
1380,0.775,1,0.7795520635346627,2.3766181,1.7473354,0.6992204
1381,0.8,1,0.8555388773624906,2.9918833,2.4677694,0.8208761
1382,0.775,0,0.6761673417647907,1.1611941,0.99379134,0.9894059
1383,0.825,1,0.7551125147059512,1.8069197,1.2525543,0.78895426
1384,0.775,1,0.8036739745963982,2.369904,1.8621749,0.65895295
1385,1.0,1,0.8415816165557062,2.8233519,2.3847823,0.75968015
1386,0.675,1,0.7899922784555511,2.2094965,1.6361502,0.8653755
1387,0.85,1,0.8060431613554742,2.4211972,1.8448666,0.95403504
1388,0.825,0,0.7116727284491486,1.5638165,1.4363079,0.82949173
1389,0.625,1,0.7753880513782576,2.0412493,1.4920709,0.7941251
1390,0.9,1,0.8340232031733492,2.7154822,2.210484,0.76608574
1391,0.8,1,0.7838882005057268,2.2591262,1.6824405,1.1760806
1392,0.925,1,0.7515674848252962,1.7813056,1.2792927,0.6090126
1393,0.825,0,0.7981424629113515,2.4225895,2.4102597,0.15773353
1394,0.8,0,0.7490633469906488,1.9044242,1.8510358,0.5325514
1395,0.95,1,0.8610618697878297,3.0527031,2.5072658,1.0587155
1396,0.875,1,0.8216432576015673,2.5860662,2.1019108,0.37426066
1397,0.725,1,0.8154629290990693,2.4973273,2.0268812,0.7455158
1398,0.875,1,0.8129811903880249,2.4754574,1.9278483,0.7989304
1399,0.725,1,0.8143120282294996,2.486834,1.9657961,0.79955614
1400,0.725,1,0.8626744955267712,3.0865486,2.5709486,0.8527274
1401,0.925,0,0.7826088278970769,2.2159395,2.1097322,0.38168132
1402,0.725,1,0.7656569770949204,1.9634147,1.3414273,1.4575744
1403,0.825,1,0.8011538431270704,2.3233693,1.7420908,1.0126412
1404,0.875,1,0.8069330592007071,2.414526,1.8650645,0.9757471
1405,0.65,1,0.801973761616996,2.3077571,1.7365613,0.5247562
1406,0.85,1,0.863925939815422,3.0912514,2.5810688,0.8091264
1407,0.75,1,0.8327904791017073,2.7224245,2.1860995,0.8736932
1408,0.875,1,0.8453013991779248,2.8445292,2.2972069,1.064755
1409,0.75,0,0.8079447883940829,2.562571,2.5146358,0.59536994
1410,0.825,1,0.833948388391194,2.737816,2.2144685,0.7885226
1411,0.7,1,0.7362316758991743,1.6271108,1.0457337,1.0193814
1412,0.675,0,0.7716572703916749,2.1208034,1.948434,0.9572592
1413,0.9,1,0.8128282508454,2.4837575,1.9861125,0.5595654
1414,0.95,1,0.8460939878403788,2.855142,2.3022294,0.88784385
1415,0.675,0,0.7355267138269415,1.8171947,1.7100593,0.40217504
1416,0.8,1,0.8587335350125681,3.037128,2.5554986,0.7765132
1417,0.825,1,0.7672445158215279,1.9822811,1.5050476,0.7641562
1418,0.9,1,0.8548279659286083,2.9569788,2.3862453,1.005324
1419,0.95,1,0.8911368915368244,3.3959591,2.9543743,0.5973089
1420,0.525,1,0.7928740160240298,2.2771792,1.7981914,0.3467655
1421,0.975,0,0.7783692835033824,2.2060895,2.0549674,0.56899214
1422,0.8,1,0.8107895928865816,2.4283028,1.8466874,0.9353632
1423,0.85,1,0.7879933192414916,2.2033088,1.7030303,1.0939664
1424,0.9,1,0.828691469318916,2.6804817,2.1309776,1.1200147
1425,0.7,1,0.7724573082858034,2.0000484,1.4310743,0.6081017
1426,0.9,1,0.8029166472509779,2.3224545,1.7958611,0.62023246
1427,0.725,1,0.7877717325825744,2.1764836,1.6014053,0.94522595
1428,0.825,1,0.7988120385493422,2.3279076,1.768961,0.96784854
1429,0.775,1,0.7987893904958814,2.29079,1.7350519,0.47915486
1430,0.625,1,0.7811457178189437,2.121467,1.6443866,0.278
1431,0.8,1,0.786769017201888,2.1388106,1.5736694,0.71452975
1432,0.9,1,0.8792637557513171,3.2792244,2.7579362,0.97219884
1433,0.75,1,0.8293955979295691,2.6884208,2.2137017,0.9536333
1434,0.9,1,0.892321821369467,3.4092999,2.9136472,0.75134456
1435,0.7,1,0.8537452215491549,3.0085096,2.5028057,0.76558816
1436,0.85,1,0.7873664084224715,2.187128,1.6932063,0.6659126
1437,0.775,1,0.8122677858324044,2.5107472,1.993613,0.7869301
1438,0.925,1,0.8635840749859949,3.0759196,2.5811472,0.49822137
1439,0.8,0,0.7632091922396411,2.0332947,1.9436265,0.47304073
1440,0.825,1,0.7914382590753574,2.3471391,1.774005,1.1422449
1441,0.65,1,0.8237214179912739,2.5975566,2.0816457,0.8781254
1442,0.825,1,0.8463971140386743,2.8783023,2.3824272,0.6812712
1443,0.875,1,0.7747421593952634,2.3071063,1.5792692,0.80572784
1444,0.775,0,0.7868340970225017,2.300877,2.1762285,0.46699205
1445,0.9,1,0.8439343454758704,2.8415647,2.3121254,1.1933293
1446,0.775,1,0.8132292511110218,2.4540424,1.9159738,0.61781704
1447,0.8,1,0.8332399839696167,2.7270107,2.2345881,0.81074214
1448,0.85,1,0.8401031154146146,2.8178296,2.3073134,0.97048795
1449,0.725,1,0.7786379477816117,2.3529365,1.609185,0.9906925
1450,0.725,1,0.7517779929046717,2.0311036,1.219767,1.1960835
1451,0.875,1,0.8284641951122398,2.705678,2.1987147,0.7588302
1452,0.85,1,0.8151001300896586,2.5103893,1.9621477,0.82640684
1453,0.8,1,0.757068714730948,2.117681,1.345145,1.2277633
1454,0.9,1,0.7602557426726433,1.8863132,1.3368486,0.8390597
1455,0.8,0,0.8086702097965144,2.5274472,2.4395714,0.4763635
1456,0.775,0,0.8065728036415519,2.4883542,2.4121208,0.35608757
1457,0.9,1,0.835984545726911,2.7141697,2.2023633,0.8515091
1458,0.775,1,0.7987095993175559,2.319727,1.7418398,1.0099982
1459,0.825,0,0.7517322682585948,1.9981527,1.8437116,0.6118704
1460,0.975,1,0.8586874632837158,3.0311213,2.500234,1.1594907
1461,0.85,1,0.8696108248773687,3.1463094,2.660808,0.78486955
1462,0.775,1,0.8030928830925197,2.350517,1.846588,0.7412356
1463,0.8,1,0.8236826792702036,2.5784264,2.0365355,0.8096756
1464,0.75,1,0.8150667551166534,2.4966297,1.9575492,0.7366935
1465,0.6,1,0.7708001770148656,1.987591,1.4834154,0.99947596
1466,0.9,1,0.8097109567359058,2.7357283,2.0157707,0.86882496
1467,0.875,1,0.7877203497316786,2.1992464,1.6720858,0.86538064
1468,0.925,1,0.8440771912761407,2.8218565,2.287487,0.9027021
1469,0.925,1,0.8587330165559047,3.016572,2.4967778,0.8254075
1470,0.95,1,0.8480638947903703,2.9143953,2.407945,0.73576665
1471,0.825,1,0.7857219776389852,2.2847571,1.7484753,0.6874931
1472,0.85,1,0.770336788168154,1.9638586,1.3801671,0.7070116
1473,1.0,1,0.8070499184146053,2.3914409,1.8440733,0.818565
1474,0.8,1,0.7895453583593889,2.2086039,1.6565629,0.5570972
1475,0.7,1,0.8051239481604568,2.3869958,1.8127906,0.7679899
1476,0.875,0,0.7365997703390328,1.7462126,1.5892498,0.44971696
1477,0.85,1,0.7989503817545793,2.2893581,1.7309939,1.0247054
1478,0.65,1,0.803921007995374,2.387926,1.8970935,0.79463387
1479,0.825,1,0.7974910679155484,2.278665,1.703722,0.9784924
1480,0.8,1,0.8115186009008737,2.4503813,1.9236249,0.8574625
1481,0.725,1,0.8183115423576622,2.5159125,1.9290998,0.67685044
1482,0.775,1,0.8095879428613926,2.467289,1.880668,0.988731
1483,0.825,1,0.8229606049871299,2.6322598,2.1421993,0.8040025
1484,0.85,1,0.8631778703595296,3.0892577,2.6222239,0.43943915
1485,0.85,0,0.7316353872284049,1.7982318,1.5988293,0.18581809
1486,0.875,1,0.7906236164380311,2.2118366,1.6193129,0.77717054
1487,0.8,1,0.8358636619787772,2.7429729,2.2050297,0.85715556
1488,0.75,0,0.7635623343630298,1.9891616,1.9211287,0.20480467
1489,0.925,1,0.7659353358029378,2.051703,1.4492192,0.71457124
1490,0.725,0,0.7548390722576965,1.9557912,1.886962,0.91852176
1491,0.9,1,0.861726445820894,3.0522952,2.5524302,0.9077648
1492,0.75,1,0.8791904517750077,3.2803695,2.7591946,1.148295
1493,0.875,1,0.8479349354362503,2.8436716,2.285356,1.3433716
1494,0.9,0,0.8045530691221321,2.4871895,2.3865967,0.34765136
1495,0.75,1,0.8043151849303793,2.3433876,1.8215119,0.584033
1496,0.75,1,0.8498528989123326,2.927794,2.3853195,1.0008923
1497,0.85,1,0.8100115885945602,2.4210746,1.9074628,0.8015965
1498,0.825,1,0.7949901771628975,2.271721,1.6972023,0.95087683
1499,0.825,1,0.7922534674399642,2.2287254,1.6813706,0.77012634
1500,0.775,1,0.7694423816105886,1.9973304,1.4981974,1.2703562
1501,0.975,1,0.8641163058524125,3.0500927,2.5232472,0.75480723
1502,1.0,1,0.7768136013032796,2.0627422,1.5787274,0.4333018
1503,0.7,1,0.877293839630745,3.2341208,2.741053,1.0507865
1504,0.75,1,0.8704004925529649,3.1611805,2.6575778,0.9642043
1505,0.725,0,0.7487286717695014,1.8616993,1.7568396,0.40703234
1506,0.875,1,0.8493556556494721,2.915134,2.4020066,1.1286486
1507,0.975,1,0.7729219767334604,2.0391955,1.5752712,0.21681747
1508,0.925,1,0.77389708188004,2.3262365,1.643094,0.48162684
1509,0.725,0,0.741670973593114,1.7264904,1.5953176,0.64325583
1510,0.625,1,0.7499042995698699,2.0233657,1.3251935,0.5201317
1511,0.675,1,0.7757495837225266,2.0567307,1.5138434,0.86845565
1512,0.875,1,0.835149630349234,2.7043877,2.1597085,0.84558153
1513,0.7,1,0.8406934051657047,2.77908,2.2877352,0.54462266
1514,0.9,1,0.8584825408537957,2.9848228,2.4611044,0.7131318
1515,0.775,1,0.799383930322879,2.3569365,1.8489672,0.9188434
1516,0.9,0,0.7596716278067953,2.08213,1.9221342,0.57132614
1517,0.975,1,0.8649138347364335,3.1002765,2.6200774,0.94303846
1518,0.9,0,0.8214307348509046,2.7175422,2.5867028,0.44117403
1519,0.825,0,0.73795537727935,1.7418756,1.6167145,0.73514915
1520,0.775,1,0.8190454066117957,2.8388991,2.1849377,0.8177719
1521,0.875,1,0.804640033064566,2.4094915,1.8747865,0.7977506
1522,0.85,0,0.8139114631135106,2.624475,2.5779772,0.24318549
1523,0.775,0,0.7625772485848596,2.037506,1.8952618,0.5643543
1524,0.8,1,0.8276653832831298,2.6374776,2.095818,0.59973395
1525,1.0,1,0.8748394688704799,3.213052,2.7382178,0.6734396
1526,0.85,1,0.7892491992686399,2.1654544,1.6866,0.4217193
1527,0.9,1,0.842168909916672,2.8462217,2.4017081,0.7190262
1528,0.8,1,0.7975854723574083,2.3037977,1.7914014,1.2914602
1529,0.725,0,0.8536037184714531,3.0628848,3.001399,0.5491537
1530,0.775,0,0.7715538330622896,2.1344426,2.0308454,0.3953091
1531,0.825,1,0.8287238922229017,2.633471,2.0859895,0.6294987
1532,1.0,1,0.8210340472654423,2.6016886,2.0373838,1.0285686
1533,0.875,1,0.8363363310077301,2.715486,2.1731954,1.0008948
1534,0.9,1,0.8297656417250772,2.6691742,2.1957126,0.7332572
1535,0.825,1,0.8560800262560522,2.965132,2.454668,0.92757654
1536,0.975,1,0.8324750282387654,2.9771204,2.2948267,0.796301
1537,0.95,1,0.8224246547366307,2.6167145,2.0873795,0.79576135
1538,0.825,0,0.7751751868825607,2.179562,2.0623386,0.49618688
1539,0.85,1,0.7947201111153881,2.281739,1.7168487,0.99721646
1540,0.95,1,0.8326783137682949,2.7033713,2.1465206,0.48603883
1541,0.8,1,0.7732215724111746,2.3096843,1.578864,0.907441
1542,0.75,1,0.7448751642381639,1.8137708,1.2082847,0.9553169
1543,0.725,1,0.8255598504007429,2.6174893,2.0377588,0.92721486
1544,0.85,1,0.845017167638334,2.8758726,2.4067907,0.808074
1545,0.925,1,0.8500424441837221,2.9377658,2.46973,0.6122259
1546,0.775,1,0.8125142382678614,2.4871182,1.9182394,1.0634334
1547,0.725,1,0.8341124963813443,2.73172,2.291978,0.74882996
1548,0.7,1,0.8088731365961209,2.4775977,1.9719491,0.9116962
1549,0.75,0,0.7981993881355216,2.4512482,2.3480575,0.62737
1550,0.9,1,0.8235112831994336,2.6132627,2.1068616,0.44367862
1551,0.85,1,0.8449502939986837,2.8488798,2.308988,0.8238162
1552,0.85,1,0.8585216118388803,3.0190732,2.5337172,0.76929665
1553,0.75,1,0.7672026214508426,2.2517524,1.5837665,0.5277308
1554,0.75,0,0.7931338943708799,2.3569384,2.2960176,0.4938222
1555,0.7,1,0.8403647136743437,2.7821884,2.198787,1.0407135
1556,0.9,1,0.8504520172071105,2.9326606,2.4175177,0.7984452
1557,0.85,1,0.8532994295102356,2.957624,2.4552715,0.6359514
1558,0.8,1,0.7963272363006673,2.2796056,1.684275,0.9501554
1559,0.9,0,0.7894332394387717,2.2886333,2.1599238,0.35837948
1560,0.775,1,0.7990919278501576,2.3414936,1.90833,0.8515655
1561,0.85,0,0.7541391070391121,2.0539637,1.8836529,0.7967144
1562,0.7,1,0.837137548328262,2.761439,2.2093515,1.0801272
1563,0.825,1,0.787496935479981,2.1899886,1.6119939,1.2100538
1564,0.675,1,0.8246231327945754,2.6184764,2.1215267,0.79663277
1565,0.825,1,0.8147479736107767,2.4811635,2.0394664,0.3238704
1566,0.725,1,0.7795675203884953,2.1897707,1.5716147,0.86913955
1567,0.55,0,0.7334544763845587,1.6392034,1.5662514,0.032338277
1568,0.825,1,0.7505533704950307,2.1383576,1.3405792,1.1315153
1569,0.975,1,0.8165081263039984,2.650424,2.1380816,1.014951
1570,0.85,1,0.8408737286220028,2.7589562,2.2552438,0.47062412
1571,0.75,1,0.7988330406598841,2.3212965,1.7318704,1.075256
1572,0.875,0,0.8043210857567543,2.5155845,2.4415808,0.447566
1573,0.675,1,0.8276657102324185,2.6226778,2.0546885,0.5369271
1574,0.925,1,0.8338751817844398,2.732491,2.1959362,0.7611476
1575,0.8,1,0.824355228697024,2.587998,2.0846996,0.48462567
1576,0.95,1,0.8187154549209056,2.509191,1.9970672,0.6575198
1577,0.95,1,0.8194661334264364,2.5187593,1.9441376,0.7646986
1578,0.8,1,0.8076770884417104,2.392555,1.8470007,1.0140133
1579,0.75,0,0.7306427160940707,1.7619401,1.5959423,1.0878617
1580,0.725,1,0.7791282441733529,2.1813757,1.5486974,0.86471415
1581,0.9,1,0.7875394034387859,2.165277,1.6468394,0.52850163
1582,0.775,1,0.8433306784645409,2.8150887,2.314745,0.77241063
1583,0.95,1,0.8598843970422027,3.0353506,2.5552537,0.6821406
1584,0.775,1,0.8353380094009744,2.7255359,2.2279851,0.768944
1585,0.65,1,0.7591898094755182,2.1266599,1.371321,1.0954653
1586,0.6,1,0.7789395162452506,2.1690645,1.6920537,0.70647264
1587,0.775,1,0.7870110357710011,2.1719887,1.5687299,1.0905602
1588,0.8,1,0.791721608761988,2.23929,1.6824476,0.5902685
1589,0.825,1,0.7522300139214171,1.881337,1.2628891,0.8635855
1590,0.8,0,0.7660931203340703,2.021605,1.8747427,0.45080915
1591,0.825,1,0.8004459756884439,2.325005,1.7980242,0.77241623
1592,0.925,1,0.8397340083795424,2.7946672,2.3031511,0.8728148
1593,0.825,0,0.7885723773873501,2.3145506,2.224661,0.5984329
1594,0.65,1,0.7647867832526928,2.0035653,1.435179,0.7992865
1595,0.675,1,0.7597772222965393,1.8787456,1.2775154,1.1593571
1596,0.825,1,0.8305880535634016,2.6635025,2.0574224,1.266816
1597,0.875,0,0.7346009574785248,1.6796293,1.5834622,0.7243415
1598,0.7,0,0.7658484177378179,2.0523496,1.9884012,0.18282089
1599,0.825,0,0.7247712168268441,1.5536553,1.4007666,0.72377205
1600,0.975,1,0.8411865956002824,2.804812,2.3135514,0.99179304
1601,0.95,1,0.8173060019858164,2.5115285,1.927102,0.9838978
1602,0.95,1,0.8423302795742906,2.830686,2.3449156,0.49123302
1603,0.65,1,0.7948146985981871,2.2677474,1.7133921,1.0374858
1604,0.775,1,0.852681423547903,2.9367676,2.4328427,0.65219855
1605,0.775,1,0.742702469425806,1.6704564,1.1614436,0.31121707
1606,0.85,1,0.8430276630555736,2.8269546,2.2705812,1.0555371
1607,0.8,1,0.828821674325337,2.6439443,2.1494617,0.69928837
1608,0.7,1,0.7782044666448746,2.1363425,1.551509,1.1692518
1609,0.875,1,0.8255261505520894,2.5871692,1.9983284,1.0033673
1610,0.8,1,0.8639364366628025,3.0307498,2.5225077,0.7065586
1611,0.9,1,0.8013188147579801,2.3057947,1.7688005,0.54874444
1612,0.6,1,0.8047488882450073,2.3689568,1.8060296,1.0923362
1613,0.525,0,0.7758834744001339,2.1828153,2.0449102,0.7161138
1614,0.825,1,0.6801719558278931,1.3439926,0.5219307,0.6918987
1615,0.6,0,0.7210423636047194,1.521075,1.3711884,0.7597045
1616,0.825,1,0.7335352133441397,1.9640127,1.1984333,0.44480357
1617,0.675,1,0.79346921000584,2.238423,1.7068025,0.88100266
1618,0.85,1,0.7812048096916053,2.1137953,1.5731186,0.90571606
1619,0.85,1,0.8899233090234195,3.3643017,2.9175816,0.6110587
1620,0.6,0,0.7944422519330258,2.3343003,2.2036433,0.25916457
1621,0.725,1,0.7805378050753355,2.095055,1.579663,0.9222431
1622,0.925,1,0.7798013654079006,2.0645695,1.5273553,0.65015864
1623,0.75,0,0.75711663461465,1.9585396,1.8535967,0.9372575
1624,0.675,1,0.805286590780717,2.3999884,1.9566512,0.6484232
1625,0.775,1,0.7804584829742263,2.0993965,1.5719649,0.8137888
1626,0.725,1,0.7934215144182546,2.2181854,1.6587119,0.7617048
1627,0.9,1,0.8318781903432702,2.6847768,2.2081902,0.40474746
1628,0.875,1,0.7941935879141385,2.2878065,1.7134534,1.1123048
1629,0.8,0,0.7258713345137203,1.787188,1.6364815,0.7853792
1630,0.625,1,0.7833947141103028,2.14415,1.653769,0.8107091
1631,0.925,1,0.8388920740250283,2.755763,2.2014272,0.83625627
1632,0.925,1,0.8544151721661476,2.9451709,2.4514093,0.4650447
1633,0.75,1,0.7840215287178629,2.1498654,1.6199132,0.91832006
1634,0.9,1,0.8175088226024247,2.5168598,1.9774001,0.8104657
1635,0.925,0,0.8011634531672197,2.4872875,2.4180074,0.837716
1636,0.825,1,0.8347583356595256,2.7176921,2.2019012,0.66882837
1637,0.625,1,0.8543497320680103,2.9750748,2.490972,0.7785722
1638,0.75,1,0.8314983472206962,2.680953,2.2093396,0.7136924
1639,0.75,1,0.8430587648978327,2.832269,2.3400426,0.7100593
1640,0.9,1,0.8379820811997222,2.7603374,2.2139032,1.2263312
1641,0.75,1,0.8129831598207624,2.4798412,1.9162674,0.94987535
1642,0.725,1,0.8111493446520741,2.4799464,1.9552014,0.49242207
1643,0.95,1,0.8605926603072721,3.029708,2.5694478,0.7552949
1644,0.725,0,0.7584652338401077,2.0093102,1.8940334,0.5754931
1645,0.65,1,0.7792946115760628,2.3716831,1.5477412,1.0570302
1646,0.775,1,0.7759554604958228,2.3361225,1.5644673,1.0951254
1647,0.9,1,0.8546498611755399,2.9348512,2.409721,0.8501909
1648,0.95,1,0.8647070795641009,3.0860305,2.6118827,0.6109531
1649,0.95,1,0.8425559335520453,2.826476,2.2878213,0.7265841
1650,0.775,0,0.7520735429790419,2.0839558,1.9166042,1.267123
1651,0.775,0,0.7445370492384047,1.9389699,1.7378341,0.8676832
1652,0.925,1,0.8090717753588601,2.4089358,1.8323352,0.47086635
1653,0.875,1,0.819809500190507,2.5764718,2.0949018,0.54477024
1654,0.75,0,0.802366282036806,2.453483,2.4088519,0.26001522
1655,0.85,1,0.7362147902447175,1.6845626,1.111166,0.6518004
1656,0.75,1,0.813106074230382,2.512878,2.0102453,0.9410398
1657,0.625,1,0.8355320815114922,2.7404776,2.211644,0.96572685
1658,0.825,1,0.8406425862285005,2.8027349,2.2350945,0.8516942
1659,0.9,1,0.8210157840937667,2.5540538,2.0124173,0.72651577
1660,0.9,1,0.7864664484085792,2.1760411,1.6060734,0.7444111
1661,0.8,1,0.8508918283399984,2.9431934,2.4465117,0.8956187
1662,0.875,1,0.8384261811976568,2.7467492,2.201778,0.8154583
1663,0.675,1,0.792322577537192,2.2395613,1.6927218,0.72399986
1664,0.825,1,0.7505230550944659,1.8305461,1.1751744,0.60695016
1665,0.975,1,0.8063381396178299,2.4068599,1.8743677,1.2822658
1666,0.775,1,0.83869342953926,2.7994852,2.3400729,0.8374889
1667,0.675,1,0.8232274558112698,2.6071706,2.0210857,1.1625066
1668,0.775,1,0.7589160850234276,2.0172632,1.4617531,0.75586116
1669,0.975,0,0.8244183244843216,2.7357388,2.68265,0.36501345
1670,0.975,1,0.8156366505346375,2.508693,2.0393665,0.42183778
1671,0.95,1,0.8180869358484644,2.5573454,2.0156248,1.2619478
1672,0.65,1,0.7540457643227056,2.100913,1.3478787,1.0893955
1673,0.8,1,0.7742172430667148,2.442387,1.7010007,0.48295316
1674,0.8,1,0.8251724629551089,2.597646,2.0893183,0.88048816
1675,0.875,1,0.8400405020734631,2.7753272,2.286139,1.0020821
1676,0.875,1,0.8114929938860608,2.4640353,1.9591343,0.68369055
1677,0.6,1,0.7937198685395024,2.236358,1.7519323,0.7983583
1678,0.925,1,0.8027884676582513,2.321865,1.7899556,0.79380834
1679,0.825,1,0.8114342373575257,2.4494896,1.8421531,1.1780994
1680,0.775,1,0.8449519343359608,2.8638086,2.3690202,0.8952266
1681,0.525,0,0.8039767091861758,2.5595326,2.4961524,0.6820651
1682,0.65,0,0.7454300656376689,1.7854161,1.6071601,0.8338754
1683,0.7,0,0.7429068162866448,1.9207239,1.751154,1.1523626
1684,0.875,1,0.8552494123703054,2.9768605,2.5052273,0.42559633
1685,0.775,1,0.7919679374033173,2.231528,1.6748178,0.8953849
1686,0.8,1,0.7411240314492793,1.9429245,1.1807284,0.86377525
1687,0.6,0,0.7652674700081807,2.129757,1.9149636,0.63808167
1688,0.825,1,0.7994504444705093,2.330302,1.8376286,1.0343593
1689,0.825,1,0.8149003534957546,2.5107794,1.9139218,1.1539149
1690,0.75,1,0.8698494433102606,3.1507325,2.6463256,0.80808294
1691,0.825,1,0.8171882082518334,2.5657072,2.049787,1.1448674
1692,0.9,1,0.864623517745463,3.0859382,2.6279655,0.5467322
1693,0.975,1,0.8295089175622674,2.6741621,2.0579474,0.8920325
1694,0.95,1,0.8299259528033442,2.6674876,2.0932238,1.0301585
1695,0.7,1,0.8269327737721524,2.6467419,2.13562,0.6521609
1696,0.775,1,0.8398667148952299,2.7400556,2.2095733,0.6791426
1697,0.725,1,0.7875518542682846,2.2067614,1.6600591,1.0905015
1698,0.825,1,0.8102501503525238,2.439374,1.8981342,1.1120017
1699,0.625,1,0.8368753535358822,2.717608,2.1919274,0.8076322
1700,0.9,0,0.7426254026553054,1.964566,1.8030849,1.078481
1701,0.725,1,0.7702751288306928,1.9897242,1.525078,1.0063512
1702,0.6,1,0.7933783427131791,2.323523,1.8397394,0.37968442
1703,0.775,1,0.7657652614335543,1.9241856,1.3883286,1.1348231
1704,0.775,1,0.8327838630481994,2.6787353,2.1443443,0.73061955
1705,0.925,1,0.8049061264410848,2.6477313,1.9409277,0.60365677
1706,0.825,1,0.8549425097274606,2.944337,2.4489045,0.65945196
1707,0.9,1,0.797963792122883,2.2826262,1.7865875,0.63695896
1708,0.925,1,0.837883874539473,2.7779896,2.3216867,0.697551
1709,0.6,0,0.7623930131349387,2.0137901,1.8920435,0.20441212
1710,0.75,0,0.798289208774468,2.4579978,2.3833272,0.6242548
1711,0.675,0,0.7825229441620504,2.2514188,2.173336,0.26001954
1712,0.8,1,0.8168668813014766,2.525957,1.9699506,1.0951121
1713,0.8,0,0.7459031472356905,2.2163281,1.937393,0.6683115
1714,0.925,1,0.8512081751587854,2.8887317,2.3476129,0.9240949
1715,0.75,1,0.8241416139464849,2.6147914,2.096931,0.7099618
1716,0.95,1,0.8086181402473387,2.4152868,1.9477654,0.47207978
1717,0.825,1,0.7794627923944577,2.110684,1.5510651,1.0594745
1718,0.8,0,0.7952083703650548,2.3461704,2.204072,0.39385235
1719,0.725,1,0.8200220136776353,2.6012757,2.0976117,0.9914118
1720,0.75,1,0.7399700032818604,1.9452734,1.2647326,0.21383724
1721,0.875,1,0.7430648589584767,1.7562182,1.1710105,0.89803255
1722,0.8,1,0.8648594150802938,3.0949667,2.6161897,0.8141918
1723,0.825,1,0.8775161022351194,3.2022254,2.7563956,0.45733365
1724,0.775,1,0.8474999963034531,2.8494415,2.378088,0.47751114
1725,0.875,1,0.8312481228736188,2.6699085,2.1051087,1.0104495
1726,0.95,0,0.7700334252907334,2.111146,1.961383,0.78010476
1727,0.6,0,0.7512354830212169,1.9922204,1.8934119,0.25810775
1728,0.8,1,0.8013949352654969,2.3605785,1.7733539,1.0196909
1729,0.95,1,0.8289859652895462,2.6955423,2.1912112,0.49613985
1730,0.875,0,0.8084038564217397,2.5712652,2.49331,0.7279841
1731,0.95,1,0.7930797559478302,2.2498164,1.6955646,0.6805341
1732,0.95,1,0.8516417248883692,2.9340487,2.52208,0.5903164
1733,0.75,1,0.7893872307985641,2.3205233,1.7499806,0.915897
1734,0.575,1,0.7628055079226506,2.0017164,1.4445041,0.9311789
1735,0.875,1,0.7864270726372429,2.1780725,1.6389335,0.5949949
1736,0.875,1,0.8716988492345293,3.1795168,2.6887918,0.9715328
1737,0.875,0,0.8026034409207013,2.5047636,2.418171,0.7283795
1738,1.0,1,0.8732293614864931,3.1708639,2.671016,0.8187747
1739,0.825,0,0.7766310323017,2.1936827,2.095847,0.23819515
1740,0.675,1,0.7938109739057525,2.248416,1.7117659,0.6860174
1741,1.0,1,0.8418540167407875,2.782899,2.2347484,0.78313196
1742,0.975,1,0.8014909030825172,2.3792171,1.8296342,0.78744984
1743,0.925,1,0.880427242376892,3.2317705,2.7279496,0.7674953
1744,0.85,1,0.7761650078317736,2.3369005,1.5784359,0.8550819
1745,0.95,1,0.7818476027824515,2.2330012,1.5384045,1.6043812
1746,0.85,1,0.8089688635909518,2.4110436,1.8813977,0.82437754
1747,0.775,1,0.8395961725900268,2.806843,2.3399224,0.35621926
1748,0.95,0,0.728706787862945,1.6449766,1.4974931,0.5968933
1749,0.95,1,0.8482863448800972,2.9248128,2.4562144,0.69848263
1750,0.7,1,0.8067090844828697,2.3652868,1.838493,0.56739604
1751,0.6,1,0.8006290290635203,2.61272,1.8575835,0.7839198
1752,0.7,0,0.7916395290659765,2.3745747,2.2690392,1.2805313
1753,0.95,1,0.8517525006375627,2.9297943,2.3717887,0.9971901
1754,0.85,0,0.8124766230567357,2.5589983,2.5046134,0.07162091
1755,0.8,1,0.8088982580607172,2.4433224,1.8723185,1.0494815
1756,0.675,1,0.7842416408238269,2.1360548,1.6423223,0.54045606
1757,0.875,1,0.7984677668426636,2.2789176,1.7183679,0.6723319
1758,0.775,1,0.804202055351728,2.3959036,1.8719909,0.94891167
1759,0.775,0,0.7941756459408837,2.384776,2.3226464,0.3235149
1760,0.6,0,0.7363668955040237,1.7116673,1.586379,0.76190853
1761,0.875,1,0.8505771009413973,2.9347262,2.4612486,0.8334781
1762,0.875,1,0.8306837010107636,2.6535568,2.0739834,1.0914649
1763,0.95,1,0.8494650346176367,2.9237118,2.3741565,1.1731576
1764,0.7,1,0.7980295273466704,2.2977076,1.7503903,1.0922663
1765,0.9,1,0.823968271794183,2.603407,2.061141,0.54819584
1766,0.85,1,0.8596860447152586,3.0142255,2.5229774,0.616727
1767,0.925,1,0.8585960833306753,3.0079274,2.500676,0.87887263
1768,0.875,1,0.8258284666328982,2.5911431,2.0417597,0.61352074
1769,0.75,0,0.7078345711169594,1.3608837,1.1710441,0.66326237
1770,0.7,1,0.8460204609988153,2.8364882,2.353829,0.47457287
1771,0.8,1,0.7639913066187798,2.0349479,1.5122021,0.9190315
1772,0.725,0,0.7657317071389154,2.0134654,1.9426322,0.1254958
1773,0.975,1,0.8346922938185466,2.7384012,2.23063,0.8111088
1774,0.85,1,0.8495372638082503,2.9155731,2.4462807,0.823074
1775,0.9,1,0.8029787611553383,2.3378067,1.8041368,0.910514
1776,0.875,1,0.8410134262208565,2.757368,2.2531557,0.5133929
1777,0.675,1,0.8639413238669422,3.050036,2.5322237,0.7546053
1778,0.65,0,0.7076217670288051,1.4902511,1.4202862,-0.28271404
1779,0.8,1,0.7895375766882051,2.2051754,1.6599544,1.0444549
1780,0.85,1,0.7278914062471868,1.6450298,1.0895994,0.7112787
1781,0.725,1,0.83150990100978,2.6850157,2.1464293,0.8147851
1782,0.825,1,0.8150388196142027,2.5198035,1.9757884,1.0538465
1783,0.975,1,0.9132074649390841,3.654294,3.206411,0.7435646
1784,0.9,0,0.7636709001691571,2.018625,1.9347218,0.3678933
1785,0.825,1,0.792337440381656,2.2365842,1.6359602,1.1161098
1786,0.925,1,0.8148604656744748,2.4841404,1.9979677,0.6732446
1787,0.9,1,0.8655802782066238,3.114399,2.6315799,0.7535571
1788,0.725,1,0.7916267344564326,2.2301,1.6659541,1.0893986
1789,0.6,1,0.7774735281015273,2.0610342,1.5417318,1.0223743
1790,0.875,1,0.8562339087556133,3.0017648,2.4954395,0.6467178
1791,0.9,1,0.7789898258826614,2.0938988,1.5707555,0.8546165
1792,0.875,1,0.8701619962435614,3.173232,2.6686869,0.7450652
1793,0.8,1,0.8003182746463486,2.3481872,1.762387,1.1731805
1794,0.975,1,0.8278339464682061,2.6395223,2.1697407,0.8753902
1795,0.8,1,0.7620864117090486,1.9944257,1.3425133,0.9157423
1796,0.875,1,0.8495108523264484,2.8993664,2.400514,0.8663429
1797,0.85,0,0.759966068805065,1.9908776,1.8779124,0.5535182
1798,0.8,1,0.8213476580893713,2.5489707,2.0387387,0.8674786
1799,0.675,1,0.8313916902598162,2.6943727,2.1516535,0.75099003
1800,0.825,1,0.8313899454476081,2.7103658,2.2299814,0.4543682
1801,0.7,1,0.7428503665912003,1.8330691,1.3215342,0.5743784
1802,0.825,0,0.8100694164363853,2.568651,2.4730966,0.7950164
1803,0.9,1,0.8099404289257575,2.4214559,1.8413788,1.1970004
1804,0.875,1,0.8321804259774275,2.6965947,2.22627,0.66787493
1805,0.875,1,0.7887730715753971,2.1746554,1.6404746,0.861971
1806,0.925,0,0.8277645051673667,2.754963,2.6253068,0.38320243
1807,0.775,1,0.8048025350508203,2.402522,1.8553334,0.99635684
1808,0.75,0,0.7479374989569596,1.9778891,1.8483727,0.32084963
1809,0.875,1,0.8368193951802263,2.7573886,2.223187,0.73093617
1810,0.8,1,0.8063578047707383,2.42132,1.9170126,0.76440525
1811,0.625,0,0.6615224297034932,0.97415245,0.8253492,-0.06962159
1812,0.95,1,0.8532642146216496,2.948553,2.3954778,0.80627704
1813,0.85,1,0.7735841015476674,2.0540147,1.5780666,-0.02700761
1814,0.675,0,0.8160058820211865,2.6312342,2.5715008,0.46402046
1815,0.75,1,0.7694939172085165,2.0773609,1.4542012,1.0090129
1816,0.95,0,0.8021569963023676,2.5054417,2.4422567,0.6672056
1817,0.85,1,0.8088999115905973,2.4371443,1.9104412,0.6521255
1818,0.625,0,0.757769214904938,1.9421433,1.7843422,0.66452587
1819,0.875,1,0.8315118172439572,2.7366967,2.198155,1.0083508
1820,0.825,1,0.7923613594353972,2.2399967,1.6827186,1.2079031
1821,0.775,1,0.8223319633487234,2.5745978,2.0999708,0.7246127
1822,1.0,1,0.8667761884610875,3.1220481,2.628856,0.8233807
1823,0.775,1,0.8080937351442752,2.428955,1.8714638,0.8467666
1824,0.725,0,0.7077424345399554,1.3856244,1.3538463,0.33109295
1825,0.8,1,0.7683100672847504,1.9250224,1.4207275,0.326779
1826,0.825,1,0.8045035195342409,2.387826,1.8591509,1.0998653
1827,0.775,1,0.8053812032131782,2.414598,1.8825765,0.8670943
1828,0.75,1,0.8802119804941392,3.2602797,2.7745726,0.79638565
1829,0.525,1,0.8434398496351538,2.827639,2.3048544,0.7098707
1830,0.875,1,0.8215301934870677,2.8550363,2.1669295,0.6632298
1831,0.85,1,0.7796881600450734,2.1208358,1.5149274,1.3178736
1832,0.875,0,0.7109043342808018,1.6931411,1.372402,0.8875661
1833,0.95,1,0.8603599628194876,3.0299368,2.4785662,1.0980321
1834,0.8,1,0.8534249367067109,2.978972,2.4799573,0.934417
1835,0.75,1,0.8271146981611254,2.658811,2.1227474,0.78642845
1836,0.875,1,0.8093728367810239,2.460466,2.0362518,0.24831292
1837,0.8,1,0.8421925572485371,2.8299656,2.2864497,1.2529243
1838,0.7,1,0.7657650421857602,2.048533,1.5608376,0.7304313
1839,0.875,1,0.7905920584208065,2.2213693,1.7032404,0.8734238
1840,0.875,1,0.851063859860811,2.9531846,2.4544535,0.68194854
1841,0.85,1,0.7930318555212975,2.2542868,1.761993,0.60054755
1842,0.875,1,0.8068339309943191,2.4163835,1.8444579,0.86522305
1843,0.925,1,0.8583117481018292,2.9857545,2.5117288,0.5209918
1844,0.75,1,0.8054344388001338,2.4117646,1.9183939,1.0207242
1845,0.75,1,0.8407633291247536,2.773171,2.2354631,0.86794436
1846,0.775,1,0.7892838933584733,2.2077837,1.6708136,1.0870998
1847,0.9,1,0.8065937532473328,2.3955154,1.8946518,0.5582764
1848,0.8,1,0.814169391500712,2.4900448,2.0485425,0.11003491
1849,0.525,0,0.7377076116463328,1.7499983,1.6896114,0.41722748
1850,0.725,1,0.8022494056028612,2.3746018,1.8368244,0.45667973
1851,0.675,1,0.7441175057855958,1.7913339,1.2590122,1.1110394
1852,0.7,1,0.8145737805456306,2.4944823,1.9635764,0.912761
1853,0.85,1,0.8106253842388753,2.4474726,1.9158326,0.8990967
1854,0.95,1,0.7989356875718344,2.3293657,1.7510308,1.0104342
1855,0.875,1,0.8466536166310474,2.8897562,2.396205,0.6832378
1856,0.875,1,0.8472563536765021,2.8680315,2.3525429,0.6076329
1857,0.75,1,0.7901251137276052,2.5136983,1.8398812,0.86874354
1858,0.7,1,0.8349130939211323,2.7091327,2.1803474,0.8935714
1859,0.85,1,0.8249233732881043,2.6483245,2.1936631,0.8098792
1860,0.925,1,0.8051405502792798,2.3910406,1.8714328,0.5723976
1861,0.75,1,0.7896831920784511,2.2198586,1.6860697,0.89135945
1862,0.75,1,0.8215847083448926,2.5763888,2.0446327,0.45692196
1863,0.95,1,0.8226477754690621,2.6298985,2.1519275,0.41520736
1864,0.95,1,0.8678929235641006,3.0984497,2.559971,0.85625875
1865,0.775,1,0.8510576672694916,2.9287772,2.393653,0.8023076
1866,0.575,1,0.7623601090172749,1.9902422,1.3224556,1.026421
1867,0.95,1,0.8896436923510264,3.3873837,2.9302888,0.6143596
1868,0.75,1,0.7926865641942555,2.5250092,1.7571871,1.0210315
1869,0.65,1,0.7518104998640418,1.7788486,1.3394599,0.57036734
1870,0.725,1,0.781308714026687,2.3590703,1.6155988,0.75455546
1871,0.85,1,0.8312667298338969,2.7283344,2.216855,1.1205373
1872,0.75,1,0.7150488573138708,1.7383788,0.90515494,0.89428735
1873,0.875,1,0.8389734329054861,2.777858,2.2573607,0.5435474
1874,0.825,1,0.8132300568960477,2.4879932,1.9099629,1.0396999
1875,0.95,1,0.8350461560777234,2.7360158,2.1941533,1.1594032
1876,0.875,1,0.820871377527202,2.5806975,2.0739377,0.7019721
1877,0.925,1,0.8278283533588466,2.6335192,2.0873675,0.89186394
1878,0.675,1,0.7415016535339776,1.7867078,1.147236,1.3187745
1879,0.95,1,0.8173236592580216,2.5057168,1.93878,0.91553974
1880,0.575,0,0.7065584867111511,1.4554,1.2778676,0.6633742
1881,0.8,0,0.7684487426531221,2.0678542,1.9778357,0.42393956
1882,0.975,1,0.8032293201499998,2.3423357,1.7725568,1.0843825
1883,0.775,0,0.792031459288996,2.3356879,2.2032342,0.43247366
1884,0.75,1,0.7848362226462675,2.156024,1.5791348,0.7158179
1885,0.85,1,0.8019695401579241,2.355674,1.7877054,1.0007119
1886,0.7,1,0.8086995976265732,2.6930661,1.9277942,1.0027461
1887,0.575,1,0.749472120587395,1.8119384,1.2117953,1.3561399
1888,0.725,0,0.7535003173080494,1.908611,1.8388944,0.6204221
1889,0.65,1,0.797744803274631,2.2751508,1.7419666,0.5866872
1890,0.85,1,0.7882725119002302,2.2248185,1.6934645,0.7477931
1891,0.825,1,0.8046894888453668,2.375577,1.8495106,0.89655674
1892,0.925,1,0.8513439613694168,2.9473104,2.4384549,0.6356418
1893,0.775,1,0.7907856511245457,2.2329552,1.6920638,0.9212533
1894,0.525,1,0.73748872003553,1.9100562,1.1680114,0.57308006
1895,0.675,1,0.8007460725704054,2.3336873,1.8095651,1.1280527
1896,0.725,1,0.7632449730321184,1.9211473,1.3916457,1.179092
1897,0.775,0,0.7891056039804543,2.3399432,2.2526045,0.5716771
1898,0.675,1,0.7874170594281067,2.1922188,1.6291595,0.9082997
1899,0.85,1,0.7806771401746561,2.1175056,1.6103075,0.4104409
1900,0.65,0,0.7911896907117653,2.351639,2.2832074,0.2696687
1901,0.95,1,0.8311361325107806,2.6769433,2.18223,0.5350572
1902,0.825,1,0.8311146725619956,2.6963744,2.1650279,0.7059705
1903,0.775,1,0.7871355163112952,2.4502861,1.6295072,1.5640318
1904,0.95,1,0.8218440759626354,2.5906339,2.0360804,0.62922835
1905,0.925,1,0.815250810780081,2.4965558,1.9363068,0.9134979
1906,0.75,1,0.8608753049215787,3.0463655,2.5760307,0.7351552
1907,0.85,1,0.7747473067419379,2.1471295,1.5234373,1.1465204
1908,0.95,1,0.885343909161214,3.315431,2.860454,0.48774704
1909,0.875,1,0.8416822074785713,2.8075957,2.3143482,0.5698395
1910,0.9,1,0.8055673402033107,2.6927845,2.0265472,0.6164154
1911,0.8,1,0.8467137820919426,2.873198,2.3191588,0.8964642
1912,0.775,1,0.8047841837563985,2.3573608,1.860326,0.85506856
1913,0.725,1,0.791619337002386,2.2307324,1.6469506,1.3315074
1914,0.8,1,0.8335571242485698,2.722029,2.2489295,0.78619814
1915,0.475,1,0.8158522925687226,2.5233846,2.125257,0.36291036
1916,0.9,0,0.8063113947418982,2.534618,2.4446845,0.47823593
1917,0.6,0,0.7400453818241992,1.7449856,1.5962075,0.36269677
1918,0.9,0,0.7980276841569177,2.4591942,2.3228745,0.8829833
1919,0.85,1,0.8407215789237104,2.8167458,2.3385513,0.5769671
1920,0.825,1,0.7535881230953497,1.8069861,1.2532781,0.9455333
1921,0.8,1,0.7979038629567404,2.542305,1.8348008,0.83302176
1922,0.9,1,0.8472421043210946,2.858983,2.4065328,0.26369032
1923,0.85,1,0.8495495672926937,2.921341,2.4318213,0.88846934
1924,0.9,1,0.8571946503886952,2.9952471,2.3777924,1.0343517
1925,0.825,1,0.8484466930062817,2.8864386,2.3189178,1.114768
1926,0.875,0,0.6975564343075875,1.3964309,1.2265742,0.83733916
1927,0.8,1,0.7757276806257215,2.0152583,1.4669394,0.8103981
1928,0.725,1,0.8301251926074034,2.678481,2.1314316,1.054824
1929,0.8,1,0.8225154991790059,2.6050339,2.0569725,0.87888145
1930,0.7,0,0.7686805663198422,2.2205985,2.082349,0.54474807
1931,0.925,1,0.8317562357750785,2.72898,2.2145085,0.878445
1932,0.725,1,0.7993657856235448,2.316772,1.716474,1.1749084
1933,0.775,1,0.8194552128312536,2.555136,2.0233355,0.7978083
1934,0.65,0,0.7840648605863167,2.2734056,2.2296853,0.46470913
1935,0.925,1,0.8483086898476965,2.870689,2.3541803,0.8973087
1936,0.825,1,0.7782968208071542,2.079455,1.5289067,0.65434825
1937,0.925,1,0.8608274786354672,3.0383697,2.5312028,0.92417014
1938,0.525,1,0.8015382586172903,2.338853,1.7163695,0.99503005
1939,0.7,1,0.7616842137997208,1.8747432,1.3382989,0.4213369
1940,0.825,1,0.7864290115287086,2.1880536,1.6422179,0.9486357
1941,0.9,1,0.8410890844489598,2.7659802,2.2392602,0.6455929
1942,0.65,1,0.7925848962405849,2.5339823,1.8086509,1.0457215
1943,0.625,1,0.7983914656870712,2.3208222,1.7560722,1.0342379
1944,0.725,1,0.7729054183495763,2.144968,1.5403252,0.86032474
1945,0.775,1,0.7864682702955511,2.1912067,1.6387503,0.79837143
1946,0.875,1,0.8633109693735553,3.0374599,2.4625955,0.81605303
1947,0.825,1,0.7810466190897918,2.1074092,1.4954607,0.89799523
1948,0.675,1,0.8265042060422669,2.6242585,2.145354,0.6300775
1949,0.75,1,0.7756549058409413,2.0015314,1.4829898,0.71891975
1950,0.85,1,0.8318701025163394,2.660361,2.1131966,0.48267367
1951,0.85,1,0.7970549936132214,2.30007,1.7110324,1.0686699
1952,1.0,1,0.813382356027365,2.4893768,1.9478489,0.9555906
1953,0.65,1,0.8205554873776522,2.584435,2.0786946,0.9305481
1954,0.925,1,0.8415376555313716,2.8323479,2.3200135,0.7953466
1955,0.875,1,0.857032663203905,2.9925709,2.5015516,0.4484603
1956,0.65,1,0.812660596316088,2.5928292,2.0267637,0.9966235
1957,0.875,1,0.8159914389055721,2.5239758,2.0565891,0.46141097
1958,0.9,1,0.8269435207069264,2.6402693,2.0612812,0.72705984
1959,0.775,1,0.8360080595900131,2.729446,2.178825,1.0233586
1960,0.875,1,0.8082669050915015,2.4111621,1.8613172,1.1529019
1961,0.725,0,0.7328354670265587,1.6576817,1.5567536,0.5413364
1962,0.8,1,0.793538342097315,2.2517986,1.6709408,1.1629152
1963,0.675,1,0.7931573307848594,2.2488203,1.6769987,0.6601087
1964,0.8,1,0.7931859593077412,2.2412267,1.712364,0.59445
1965,0.675,1,0.7685705715662675,1.9426719,1.4194031,0.68380606
1966,0.9,1,0.7403160434412575,1.6656318,1.0614264,1.3150554
1967,1.0,1,0.7877885911812357,2.1993985,1.6246428,1.040185
1968,0.9,1,0.8685817875991206,3.1457753,2.6706104,0.54535866
1969,0.95,1,0.8540819809293785,2.9768014,2.5381489,0.53909814
1970,0.825,1,0.8338857135391082,2.7079372,2.1540198,0.95254123
1971,0.65,1,0.7905873892601352,2.2199035,1.6883471,0.8509412
1972,0.725,1,0.8091332186205163,2.4215217,1.8243324,1.1044183
1973,0.75,1,0.8144838024926696,2.510491,2.0371869,0.7899765
1974,0.9,0,0.7962076781346981,2.4348688,2.3411574,0.6425692
1975,0.8,1,0.8337473717135943,2.7152634,2.1852808,0.80364287
1976,0.925,1,0.8117780912157715,2.4201422,1.8882324,0.95450556
1977,0.775,1,0.7677483084933714,1.9563564,1.40646,0.87693214
1978,0.85,1,0.8804554155387905,3.2446299,2.7645607,0.77436423
1979,0.725,1,0.8181009962354432,2.503358,1.997904,0.65521944
1980,0.675,1,0.7877373292838148,2.1919365,1.624169,0.75468624
1981,0.75,1,0.8091782654294442,2.4240303,1.9526587,0.5442624
1982,0.9,1,0.8118898480900653,2.4483705,1.888249,0.81180763
1983,0.675,0,0.7867415883791281,2.2930465,2.2066915,0.88574255
1984,0.875,1,0.8308807283214559,2.672553,2.1118531,1.1150603
1985,0.875,1,0.814386168935672,2.5252638,2.0352197,0.6179923
1986,0.95,1,0.8634653941766048,3.092959,2.6149454,0.70039606
1987,0.775,0,0.7866067703807961,2.3163943,2.279342,0.52229106
1988,0.85,1,0.8612172134091622,3.0073082,2.5033834,0.4145902
1989,0.65,1,0.8055683610264388,2.38299,1.8570821,0.94222045
1990,0.725,1,0.8040694559666867,2.3500414,1.810239,0.80535626
1991,0.525,1,0.7689608047916789,1.9785738,1.4867296,0.95737326
1992,0.95,1,0.8475138333718993,2.8911533,2.4097633,0.6864805
1993,0.95,1,0.8668936071335277,3.1270466,2.6374862,1.0839461
1994,0.85,1,0.8601540446875111,3.0752301,2.5568495,0.9799292
1995,0.75,1,0.8180667211698682,2.562571,2.0931177,0.8958019
1996,0.825,1,0.8375590095688916,2.781354,2.274304,0.84878385
1997,0.95,1,0.8185278749603062,2.5335364,1.9640025,1.037159
1998,0.825,1,0.848025068533367,2.8433454,2.292564,0.7763138
1999,0.875,1,0.8142259089427847,2.5214689,1.9904693,1.0317969
2000,0.775,1,0.8687246375272049,3.1004112,2.6301212,0.707631
2001,0.75,1,0.7847660294041219,2.1761177,1.6906871,0.75509214
2002,0.55,1,0.8392638065140686,2.8711824,2.3386111,0.5391507
2003,0.625,1,0.7566892487159532,1.9160254,1.465384,0.2167308
2004,0.9,1,0.7923877618835813,2.2849712,1.7511317,0.80568993
2005,0.775,1,0.748242843452553,2.008789,1.2421104,0.84058297
2006,0.925,1,0.8542224289175633,3.0045533,2.5551991,0.657073
2007,0.75,1,0.7816576152437547,2.0856304,1.5460255,0.7672751
2008,0.775,1,0.8080720344859496,2.3755336,1.8566515,0.6785933
2009,0.7,1,0.7726314675620912,2.2911892,1.541621,1.3207191
2010,0.7,0,0.7011045286972926,1.4222336,1.2464458,0.60727143
2011,0.75,1,0.8025019553305357,2.3584192,1.7757638,0.99862826
2012,0.7,1,0.7713933123127459,2.3025608,1.5634602,0.8873639
2013,0.875,1,0.8418883466073721,2.8345919,2.4234614,0.32234117
2014,0.625,1,0.8480676754748184,2.9002037,2.4142923,0.83777535
2015,0.65,1,0.79274284564066,2.2521093,1.6756979,1.1431084
2016,0.55,0,0.7785329645244625,2.2185235,2.159024,0.33606443
2017,0.725,1,0.7798928634439581,2.1105914,1.5894527,0.99620867
2018,0.65,0,0.7393726754847937,1.7722214,1.704963,0.42262003
2019,0.875,1,0.8720000524116369,3.1435094,2.6427834,0.9808152
2020,0.825,1,0.8254672206277408,2.6527066,2.1702237,0.9655874
2021,0.725,0,0.7319835150151937,1.8459928,1.7087452,1.043727
2022,0.65,1,0.8030753807713442,2.3529823,1.8000251,0.6480533
2023,0.925,1,0.7891366660228634,2.1762495,1.6099677,0.90302193
2024,0.9,1,0.772230898615401,2.0261667,1.4684441,0.8568691
2025,0.775,1,0.7967551462695247,2.4308167,1.8705068,0.96946776
2026,0.725,1,0.7729101039107563,2.3093333,1.5945293,0.9563588
2027,0.55,0,0.7016611972987722,1.2797852,1.1761642,-0.1668317
2028,0.875,1,0.8812767437286525,3.2538705,2.7475238,0.90769434
2029,0.925,1,0.818404352995173,2.5526338,1.9794688,1.0388432
2030,0.95,1,0.8257989261704483,2.5950437,2.0295296,0.8113345
2031,0.95,1,0.8117545474016924,2.458765,1.9337071,0.633703
2032,0.8,1,0.8294222589976028,2.6416192,2.052167,0.9119921
2033,0.825,1,0.859288644667652,3.0413227,2.5595298,1.0574163
2034,0.775,1,0.8245487276549675,2.5819132,2.0126066,0.87165403
2035,0.65,1,0.7839954919742392,2.1338725,1.5783976,0.95600355
2036,0.725,1,0.8235131934296522,2.5911884,1.9600474,1.0895492
2037,0.675,1,0.8218001960515037,2.5884142,2.0442274,1.1637592
2038,0.825,1,0.8073428435454266,2.376512,1.8040923,0.7867117
2039,0.85,1,0.7971034787254065,2.2984056,1.6938773,1.1527853
2040,0.725,0,0.7618595517695832,2.2546084,2.0990148,0.2628455
2041,0.575,1,0.7925643605210617,2.2155852,1.6601192,0.7186661
2042,0.875,1,0.859296638553002,3.0120363,2.5110528,0.8567581
2043,0.75,1,0.8421598340972816,2.8258963,2.2852364,1.0138129
2044,0.85,1,0.8788960930016215,3.243503,2.7150118,0.8762094
2045,0.85,1,0.8561149600369835,2.997488,2.5347362,0.82651937
2046,0.875,1,0.7875930625662174,2.1634707,1.5466331,1.0708966
2047,0.9,1,0.8570886516367093,2.9917636,2.4895854,0.9572785
2048,0.85,1,0.7901825335977984,2.2285793,1.7234871,1.0542269
2049,0.8,1,0.7645069950286472,1.9294153,1.3218627,1.0859432
2050,0.8,1,0.8552807656712726,2.982213,2.4697468,0.95170414
2051,0.825,1,0.8063846695699549,2.3994465,1.7892781,1.2054259
2052,1.0,1,0.8473519159813584,2.8739705,2.3531032,0.9410312
2053,0.875,1,0.8190465310458357,2.5705,2.061392,0.82836986
2054,0.775,1,0.8021821655004234,2.3722458,1.8136296,1.2916893
2055,0.875,1,0.8411133773847861,2.8177938,2.305645,0.72583854
2056,0.8,0,0.7772055551995863,2.497095,2.2328937,0.7003734
2057,0.65,1,0.8184001825826235,2.5447211,1.9507141,1.0369096
2058,0.7,0,0.758138060252042,1.9909084,1.852694,1.11947
2059,0.925,1,0.7954060295897531,2.4051213,1.8042223,1.1778771
2060,0.875,1,0.8037190120685784,2.3494503,1.8549464,0.5905316
2061,0.825,1,0.8102363719441295,2.4565697,1.9832387,0.62651753
2062,0.95,1,0.8292529639652064,2.695836,2.2008574,0.5573487
2063,0.75,1,0.8382835457393722,2.7839227,2.325604,0.6774918
2064,0.8,1,0.8134355392745307,2.4952574,1.9587083,1.1547334
2065,0.825,0,0.7834743432344562,2.2783675,2.2284758,0.68826663
2066,0.65,1,0.8295138615228659,2.683764,2.1054378,0.9900203
2067,0.925,1,0.8346038381208434,2.7136374,2.2085898,0.7846539
2068,0.775,1,0.8291960593587471,2.6930108,2.2128696,0.42851862
2069,0.875,1,0.8672677217079612,3.1393213,2.6453183,0.87311697
2070,0.75,1,0.7820304088374281,2.1441817,1.6080874,1.199018
2071,0.7,1,0.7899655971839206,2.1993866,1.6576967,0.95713866
2072,0.825,0,0.7522855231039784,2.0137782,1.817206,0.71592975
2073,0.925,1,0.8230998030533874,2.572286,1.9547511,1.3247478
2074,0.725,1,0.8045538160885632,2.3792043,1.8289611,0.8525721
2075,0.675,0,0.7672268132951838,2.068842,1.9915729,0.75682306
2076,0.825,0,0.7715896684468792,2.0939684,1.9096674,0.77680635
2077,0.7,1,0.810400634691694,2.440835,1.9368616,0.41175997
2078,0.9,1,0.8056830463711435,2.398744,1.8873938,0.6853553
2079,0.925,1,0.8620971009112434,3.064173,2.6273124,0.5820502
2080,0.7,1,0.7880634308564214,2.1840549,1.6504337,0.70708334
2081,0.75,1,0.8049772324913125,2.3764606,1.7458686,1.0237128
2082,0.9,1,0.8465755278882552,2.846469,2.335627,0.64982355
2083,0.775,1,0.8244192820889571,2.6381383,2.1104646,1.1540236
2084,0.725,1,0.8039329983276738,2.3705304,1.8103608,0.9377965
2085,0.775,1,0.7573865054908645,1.9796207,1.4201418,1.0123291
2086,1.0,0,0.8179126764058626,2.635367,2.5728092,0.42416427
2087,0.825,1,0.8469134880291568,2.8869302,2.3943892,1.1255126
2088,0.775,1,0.7774477153153916,2.1096585,1.5681925,1.0823449
2089,0.875,1,0.8352910451665134,2.7425952,2.2396562,0.70357466
2090,0.9,0,0.7912680247082756,2.3215146,2.1834116,1.0027884
2091,0.675,0,0.7688714868214331,2.1144423,1.9689467,0.65177155
2092,0.825,1,0.7257627511224727,1.4771059,1.0080853,-0.22056785
2093,0.875,1,0.7534362706775554,1.8337952,1.2484418,0.8618258
2094,0.8,1,0.8188413847677009,2.5435796,1.9788138,1.0549982
2095,0.775,1,0.8517442771983763,2.9448626,2.455757,0.94292843
2096,1.0,1,0.873238866577557,3.1570716,2.6578476,0.70259964
2097,0.9,1,0.8468425580149208,2.8502347,2.3107846,0.75818527
2098,0.85,1,0.8232548789101211,2.626357,2.036793,0.9140116
2099,0.775,1,0.764781474837628,1.9319735,1.3980567,1.0698894
2100,0.7,0,0.6916623225366554,1.2839782,1.0862471,0.6530343
2101,0.875,1,0.8463701010038953,2.856883,2.321363,0.80649364
2102,0.85,0,0.7601150103711927,2.1137536,1.9862893,0.7112963
2103,0.675,1,0.7546141004144362,2.071455,1.2894845,1.5166425
2104,0.8,1,0.8286380263286806,2.619309,2.0902429,0.55743766
2105,0.875,1,0.8236195818696891,2.626567,2.1435742,1.1834038
2106,0.85,1,0.8269337543058302,2.610445,2.0725598,0.7750406
2107,0.825,1,0.8190194909903772,2.533671,2.0340762,0.7532587
2108,0.7,1,0.8283272177297264,2.6730113,2.1854825,0.64031434
2109,1.0,1,0.8048551872144593,2.3695202,1.8451706,0.92409503
2110,0.825,1,0.8227046554162114,2.5927644,2.0497212,0.7853912
2111,0.95,1,0.7693095300734203,2.075245,1.438317,0.9646213
2112,0.95,1,0.8441199691346486,2.827042,2.2542806,0.9249444
2113,0.85,0,0.795655833260323,2.403473,2.3361442,0.3509812
2114,0.825,1,0.828868617371662,2.6818535,2.2417064,0.13971755
2115,0.675,1,0.8501819953075915,2.8875008,2.3398595,0.9395226
2116,0.975,1,0.8316735268276532,2.6786528,2.15834,0.5695083
2117,0.575,0,0.7651192574991275,2.1239948,1.9785688,0.6462803
2118,0.7,1,0.7806628095828746,2.0852015,1.5357388,0.6804719
2119,0.875,1,0.7821809426614605,2.0955276,1.5388294,0.7694558
2120,0.7,1,0.8251713732022525,2.5793118,2.0786755,0.30654085
2121,0.775,1,0.8365214354131361,2.7576432,2.1942453,0.98715436
2122,0.8,1,0.8131439758380552,2.454387,1.860193,0.8324294
2123,0.7,1,0.8243251757903587,2.6312065,2.146532,0.65308344
2124,0.825,1,0.7860643250668881,2.1419272,1.6162322,0.6783751
2125,0.7,0,0.7330704307055751,1.7580488,1.5732124,0.8412014
2126,0.75,1,0.7574612828479236,1.8180163,1.2931998,0.9298067
2127,0.825,1,0.7760431013304216,2.0719209,1.5441576,0.8458612
2128,0.75,1,0.7462589316314218,1.7895365,1.1639827,0.75058794
2129,0.775,1,0.7594713673912621,1.8686255,1.3169434,0.7881174
2130,0.9,1,0.8543815239773986,2.9692724,2.4614062,0.99155724
2131,0.8,1,0.8488805861462364,2.8985384,2.3996115,0.8598249
2132,0.825,1,0.7550243884088992,1.7975371,1.230771,0.6081549
2133,0.675,1,0.8126333389631464,2.478915,1.9370927,0.66703427
2134,0.775,1,0.8581362829563282,3.0130377,2.4805954,1.0480268
2135,0.625,1,0.8710010658764747,3.1041684,2.5413284,0.91881514
2136,0.775,1,0.724342851642478,1.4678626,1.0390791,0.61130416
2137,0.825,0,0.7706732049429291,2.333491,2.0364738,0.4926547
2138,0.65,1,0.8304459622833824,2.7156234,2.2238786,0.84605944
2139,0.825,1,0.7842594409377209,2.1598148,1.5737357,1.1588057
2140,0.9,1,0.8199088114431368,2.5295281,1.9682999,0.83592474
2141,0.925,1,0.8776116655443864,3.2279916,2.7034974,1.2052829
2142,0.875,0,0.7724113262858308,2.247617,2.1621964,0.24800071
2143,0.8,1,0.7796252548209831,2.2387843,1.6689513,1.1118001
2144,0.75,1,0.7841763069780423,2.1107576,1.5813005,0.46957055
2145,0.95,1,0.8545604613068885,2.9787943,2.4964747,0.86278427
2146,0.725,1,0.8420183031599084,2.8347301,2.3040538,1.0598422
2147,0.75,1,0.7533209905912057,2.0753784,1.3013592,0.86169267
2148,0.75,1,0.7878965398515971,2.1967943,1.6208369,1.1907701
2149,0.875,1,0.8655068904616654,3.095928,2.563056,1.0534335
2150,0.925,1,0.8408908128456044,2.8220754,2.29177,0.83445716
2151,0.85,1,0.8227989931444963,2.6027021,2.0755687,0.8566539
2152,0.75,1,0.7944893236291564,2.2359385,1.7205466,0.8351033
2153,0.9,1,0.8227970826365354,2.5680313,2.0151281,1.023411
2154,0.725,1,0.7927679075622265,2.2481716,1.7131964,0.81229603
2155,0.75,0,0.7596328139018963,1.9516773,1.8414266,0.5404115
2156,0.775,1,0.8366801578762264,2.742604,2.2249386,0.8558352
2157,0.675,1,0.817154159783009,2.4882553,1.9631325,0.53983796
2158,0.825,1,0.8413915607175033,2.8332043,2.3223028,1.1273974
2159,0.75,1,0.7975541766405387,2.2834,1.6989564,0.88841033
2160,0.8,1,0.8306991010265454,2.7030468,2.2380521,0.69712913
2161,0.85,1,0.7943109024890198,2.244269,1.6912165,0.8825952
2162,0.825,1,0.8021192016279308,2.4738965,1.9635906,0.41249868
2163,0.775,1,0.8074246976307037,2.4277854,1.8034456,0.9525626
2164,0.925,1,0.8051127617264877,2.3786256,1.8312091,0.9610596
2165,0.8,1,0.8100888707908568,2.461584,1.9156501,0.65606534
2166,0.825,1,0.8092010249796215,2.4299908,1.9026896,1.1081887
2167,0.925,1,0.8598464586714218,3.0422804,2.5583315,0.77420354
2168,0.725,1,0.7624205704525499,2.0022483,1.3758042,0.94431496
2169,0.825,1,0.7919541775006904,2.4096231,1.8502986,0.65463436
2170,0.675,1,0.8237996299679439,2.592118,2.0073473,0.65003955
2171,0.7,0,0.7220064107994535,1.699611,1.493294,0.8175242
2172,0.75,0,0.8144705444816962,2.6185627,2.5343542,0.36898386
2173,0.875,0,0.7452727789807226,1.8478491,1.7100557,0.9231647
2174,0.8,1,0.7814840542923807,2.0918756,1.5040867,1.1158093
2175,0.825,1,0.8255267219446496,2.6238184,2.0962126,0.93443596
2176,0.875,1,0.8272920129941432,2.6037636,2.0384336,0.6358458
2177,0.75,1,0.8130829994818691,2.4842951,1.9285169,0.93057096
2178,0.75,1,0.8572974527367706,3.0153823,2.4965534,0.9204674
2179,0.95,1,0.8482252625732121,2.9027786,2.4201005,0.9559649
2180,0.825,1,0.8267022650641307,2.908356,2.2016695,0.9832796
2181,0.775,0,0.7672756543225318,2.1001196,2.0521073,0.41242453
2182,0.575,1,0.7969224807618177,2.2882674,1.7266201,0.93416965
2183,0.8,1,0.7864058491556918,2.1839232,1.6481713,1.038979
2184,0.9,1,0.8094014303349313,2.452238,1.9743907,0.619658
2185,0.8,1,0.8019422055081031,2.3696811,1.7402732,0.9082843
2186,0.925,1,0.8100839403201532,2.416502,1.8988672,0.56538856
2187,0.875,1,0.7856871610119779,2.4612348,1.7734668,0.6977626
2188,0.7,1,0.8240404429581576,2.6197867,2.1128879,0.9956932
2189,1.0,1,0.8524697418673719,2.935535,2.3877594,0.86655164
2190,0.8,0,0.8015376434274006,2.482745,2.429116,0.39902374
2191,0.8,1,0.8473660467729142,2.829556,2.2587597,0.79118454
2192,0.6,1,0.7665201568110735,2.248191,1.4943808,1.265215
2193,0.925,1,0.8273501639508662,2.6121242,2.0635111,0.6863723
2194,0.825,1,0.8014027316214144,2.362575,1.8458967,1.0469939
2195,0.875,1,0.8459809459819823,2.88667,2.397546,1.0800071
2196,0.775,1,0.7931262567384065,2.2167764,1.6186336,0.7143481
2197,0.85,1,0.8343980534381069,2.7340875,2.1616344,0.9843066
2198,0.775,0,0.7925201530562168,2.3784094,2.2753189,0.9752164
2199,0.9,1,0.8596153116262355,3.0118995,2.4683223,0.9367881
2200,0.925,1,0.8303663946481351,2.7270284,2.2421882,0.85359716
2201,0.8,1,0.8433460138203575,2.8448489,2.3739436,0.6466117
2202,0.5,0,0.7646492553126111,2.0813518,1.9377062,0.85608685
2203,0.85,1,0.7850969922709535,2.1808763,1.5976834,1.4292363
2204,0.675,1,0.7991312506797308,2.3190916,1.7892312,0.7280916
2205,0.775,1,0.8324539719056696,2.7399373,2.2654152,0.86022496
2206,0.975,1,0.8305017007345021,2.6761434,2.163482,0.6370797
2207,0.85,1,0.8322870255019633,2.7559953,2.2706504,1.076509
2208,0.725,1,0.7777316770382486,2.0981655,1.5924239,0.95667446
2209,0.825,1,0.8157402666455416,2.4887767,1.9317259,0.91277635
2210,0.75,0,0.7686930185665362,2.0984936,2.0322232,0.06011972
2211,0.775,1,0.8215775933528362,2.5275283,2.0477018,0.5757716
2212,0.825,1,0.8213212004837487,2.594358,2.0827777,0.882576
2213,0.8,1,0.7989888004313213,2.334549,1.8552152,0.34058952
2214,0.8,1,0.8233080364919945,2.5534172,1.9884226,0.5552578
2215,0.75,1,0.8258648916095621,2.5883746,2.1061502,0.6605935
2216,0.85,1,0.7519613104395064,1.8708462,1.2901741,0.9319006
2217,0.725,1,0.7500766406690417,1.7221801,1.1745833,0.5239152
2218,0.9,1,0.8424544817577713,2.7753844,2.1589732,0.77231514
2219,0.85,1,0.7907007582582488,2.1877978,1.6505859,0.6887703
2220,0.9,0,0.8432285625942452,2.9646435,2.9080021,0.05805847
2221,0.875,1,0.8065202764698949,2.370448,1.8757107,0.7690692
2222,0.775,1,0.8043080184045897,2.3329768,1.8163837,0.5356915
2223,0.75,1,0.8632945643820236,3.1246164,2.6443048,0.842201
2224,0.775,0,0.7960363409129865,2.4117324,2.3036673,0.6342665
2225,0.975,1,0.8058989626475833,2.398316,1.8658599,0.46597603
2226,0.9,1,0.7708701418959526,2.013132,1.5389125,0.5958315
2227,0.8,1,0.7592436031331253,2.121808,1.4056801,0.985567
2228,0.875,1,0.8336047570515306,2.728857,2.2263503,0.56563985
2229,0.85,1,0.801540305905221,2.326295,1.8045659,0.86507034
2230,1.0,1,0.8851413325085938,3.3226418,2.8218172,0.9197012
2231,1.0,1,0.8625179840733537,3.034851,2.4666991,0.83521295
2232,0.9,1,0.816183288473045,2.513251,2.0032973,0.8332602
2233,0.9,0,0.7468899633819231,1.8470156,1.6949334,0.9224603
2234,0.65,1,0.7617142569154274,1.9875811,1.3709124,0.8518734
2235,0.9,1,0.8023701439952455,2.6092105,1.905497,0.6111516
2236,0.9,1,0.8137050287046932,2.4456286,1.8979324,0.6777756
2237,0.825,1,0.7956766001099747,2.2615101,1.7280289,0.92870533
2238,0.825,0,0.7791805077221938,2.2398024,2.133952,1.2407856
2239,0.8,1,0.7742079262738693,2.3424087,1.6241884,0.81714034
2240,0.8,1,0.8275268915499169,2.6698964,2.1921306,0.07256457
2241,0.9,1,0.7753474631329087,2.1357508,1.5471103,0.9041898
2242,0.975,1,0.857423653417855,3.0355124,2.580628,0.7514125
2243,0.85,1,0.8166866883337549,2.5289097,1.9966239,1.0989776
2244,0.825,0,0.775774983810328,2.187067,2.124824,0.50665057
2245,0.675,0,0.7579644803456691,1.9605048,1.8358308,0.3847829
2246,0.925,0,0.789905710840426,2.2869983,2.1629791,0.2693802
2247,0.825,1,0.7615042870017952,2.167389,1.3321867,0.8790344
2248,0.7,1,0.8067849922837899,2.4073124,1.8375427,1.1887199
2249,0.85,1,0.7789235345646669,2.5064263,1.7629223,1.2042984
2250,0.7,0,0.7437280844574348,1.9412379,1.7741525,0.9182707
2251,0.9,1,0.8180324734904281,2.4967043,1.9837531,0.91328347
2252,0.7,1,0.7950957787767796,2.2618656,1.7128508,0.77282035
2253,0.85,1,0.8160787545225852,2.5456758,2.0161333,1.1687273
2254,0.85,1,0.8073154771399733,2.3713598,1.8224276,0.7206085
2255,0.825,1,0.8134902696925737,2.447997,1.9709159,0.7267858
2256,0.95,1,0.7986004379898587,2.3279872,1.7761035,1.055307
2257,0.925,1,0.8765414331797672,3.232714,2.735187,0.7213048
2258,0.75,1,0.8223794634016639,2.6001709,2.077303,0.83472836
2259,0.925,1,0.8551549992830463,2.9745693,2.3655117,0.6341393
2260,0.7,0,0.7905075386280327,2.3464339,2.2518897,0.9039099
2261,0.8,1,0.7876931980139005,2.1667023,1.6074088,1.1198597
2262,0.85,1,0.8213295216034933,2.575251,2.0580215,0.8766124
2263,0.75,1,0.7807523623125812,2.0706348,1.5765071,0.65498364
2264,0.7,0,0.704275092856977,1.3744196,1.2766664,0.41078722
2265,0.75,1,0.7649942829302044,1.9383118,1.4304515,0.7446172
2266,0.95,1,0.8189667720963196,2.5703735,2.005647,0.9117242
2267,0.775,0,0.7866019502148891,2.3011646,2.2672558,0.23528871
2268,0.7,1,0.8219977905002612,2.5943768,2.0913968,0.4585592
2269,0.975,1,0.7963550971001447,2.3004007,1.7518197,1.0737922
2270,0.75,1,0.8091434312205047,2.4311512,1.8348844,1.2844746
2271,0.95,1,0.8259277304777892,2.6682534,2.1841314,0.8124449
2272,0.725,1,0.8345503028967587,2.7558,2.2256374,0.99311745
2273,0.825,1,0.8154779017500875,2.502224,1.9170935,1.0012529
2274,0.775,1,0.8159948795518037,2.5224204,1.9599432,1.1822741
2275,0.7,1,0.7484740560143001,1.7403948,1.2453667,0.46730486
2276,0.75,0,0.7431005548755608,1.7878926,1.6506804,0.84094095
2277,0.725,1,0.786640972153315,2.1704028,1.617601,1.0109829
2278,0.75,0,0.7515448281773944,1.9155853,1.8158323,0.7066244
2279,0.775,1,0.8500812139527423,2.9316149,2.4520001,0.87627935
2280,0.85,1,0.8220447128587263,2.5912266,2.0308497,1.1595047
2281,0.925,1,0.8152388296183619,2.499802,1.9342068,0.84382486
2282,0.9,0,0.7864109142177571,2.286024,2.21144,0.13393523
2283,1.0,1,0.8470573143409587,2.855783,2.3860035,0.8323449
2284,0.9,1,0.8097140428112621,2.4443994,1.8596227,1.0252379
2285,0.875,1,0.8068103146146546,2.4064975,1.8940047,0.97410345
2286,0.95,1,0.8644973143046923,3.0454028,2.4802608,1.0362804
2287,0.65,1,0.7616926148591437,1.8782629,1.3022554,1.0077755
2288,0.6,0,0.7616202959018326,2.1150684,1.9343932,0.69099736
2289,0.95,1,0.8794119242776887,3.256413,2.7958899,0.6850468
2290,0.85,1,0.867933953344546,3.101375,2.652644,0.4278693
2291,0.775,1,0.7833478065209026,2.2093759,1.6191928,0.92338574
2292,0.7,1,0.7748408552740115,2.0454845,1.500227,0.55773306
2293,0.65,0,0.80944503228413,2.568562,2.4591851,0.3769072
2294,0.825,1,0.8085810803168136,2.4210107,1.9491618,0.32792148
2295,0.85,1,0.8106930356632849,2.4579253,1.9426286,0.8127034
2296,0.875,1,0.8174383901333591,2.5301285,1.9988819,0.89716256
2297,0.7,1,0.8156174941821525,2.5032868,1.9066412,0.8652382
2298,0.875,1,0.8318267768331511,2.706758,2.2005863,0.5582782
2299,0.675,1,0.789127321221876,2.4716783,1.6809286,0.97864723
2300,0.8,1,0.7858963659520348,2.2407823,1.6904191,0.62256205
2301,0.8,1,0.8217594705236932,2.5821776,2.092649,0.6321478
2302,0.975,1,0.8212449800342299,2.5451863,2.013105,0.732396
2303,0.75,1,0.7551421250180372,1.9214863,1.3678212,0.7498648
2304,0.9,1,0.8317557522006378,2.6741705,2.1179442,0.8600892
2305,0.875,1,0.7636086700562723,2.034124,1.4593652,0.871426
2306,0.975,1,0.7914402807878136,2.2538083,1.7030896,1.2314671
2307,0.775,1,0.8611609952239808,3.070136,2.6163304,0.4988781
2308,0.75,0,0.7871953625518803,2.3418283,2.2754276,0.48447224
2309,0.875,1,0.7592914823556359,1.8755792,1.3134234,0.82839596
2310,0.825,1,0.8113689821508445,2.4618444,1.9769819,0.4881849
2311,0.75,1,0.7792935318792606,2.3737628,1.6839919,0.52366936
2312,0.95,1,0.8104507751548369,2.7208142,1.9187918,0.7036667
2313,0.775,1,0.8671948433291671,3.0930753,2.6321514,0.6847397
2314,0.625,0,0.7374733015192669,1.7335131,1.6332544,0.22769095
2315,1.0,1,0.8666177674961939,3.0796373,2.5796118,0.8527179
2316,0.75,1,0.8058247467317057,2.3957677,1.8902534,0.7742275
2317,0.875,1,0.8161695981699354,2.5088577,1.9385927,0.7595184
2318,0.85,1,0.8370538662582352,2.73135,2.232749,0.7669102
2319,0.8,1,0.791516468985196,2.187241,1.635999,0.6856477
2320,0.8,1,0.7977292521619095,2.32397,1.7882829,0.70339584
2321,0.925,1,0.8603014602748148,3.0076027,2.5145912,0.69988453
2322,0.675,1,0.8317025722167032,2.7047124,2.1723652,0.73382914
2323,0.925,1,0.8283716227966545,2.650511,2.0988188,0.71329665
2324,0.825,1,0.8063277074941604,2.4233704,1.9024005,0.6268598
2325,0.65,1,0.7918025739334347,2.3521671,1.8029734,0.75140643
2326,0.875,1,0.7918936661086429,2.2332454,1.7410624,0.44485375
2327,0.775,1,0.7816456160534269,2.1087313,1.5214076,1.0116012
2328,0.775,1,0.8141323416082155,2.4868283,1.9738343,0.739372
2329,0.825,0,0.7685457414461214,2.0574155,1.9114788,0.37676692
2330,0.725,1,0.8433117351075092,2.8497295,2.3458385,1.0832591
2331,0.825,0,0.7704132230509025,2.1176193,2.0684986,0.28424785
2332,0.675,1,0.8327052592893089,2.684137,2.1760678,0.6247426
2333,0.9,1,0.8515697502855964,2.9073033,2.4083204,0.6919719
2334,0.75,1,0.80881160668818,2.4212155,1.8830383,1.1283698
2335,0.775,1,0.7917046906499206,2.4958148,1.7643124,0.5505097
2336,0.9,1,0.8485130008796625,2.9167686,2.4399705,0.82605195
2337,0.75,1,0.8139841997611543,2.460982,1.954362,0.6443429
2338,0.775,1,0.8247706811601521,2.594376,2.1241624,0.46785197
2339,0.85,0,0.7851879686631953,2.2950392,2.2203243,0.6700388
2340,0.95,1,0.8285698984334406,2.668626,2.1812773,0.5920223
2341,0.825,1,0.8675583905584632,3.1094773,2.6195223,0.7320961
2342,0.675,1,0.7678149049817716,2.227782,1.4901198,0.9076996
2343,0.75,0,0.7210830668463548,1.8137416,1.5406857,0.728246
2344,0.825,1,0.8095867669583787,2.42517,1.8772236,0.67245317
2345,0.625,1,0.776661398922213,2.1894925,1.6930184,0.7498181
2346,0.975,1,0.8270189407163326,2.9447513,2.2767177,0.8692751
2347,0.8,1,0.7719803992532058,2.2885766,1.6645293,0.65068936
2348,0.875,1,0.8293910958517358,2.6720262,2.0588186,1.0705874
2349,0.85,1,0.8540508694320071,2.980463,2.5261824,0.5382072
2350,0.7,1,0.8124978382614858,2.5680194,2.0042748,0.8172672
2351,0.75,1,0.8562248190248776,3.0153332,2.4926863,0.71754825
2352,0.8,0,0.7122031924133605,1.5479794,1.3714293,0.5333203
2353,0.9,1,0.8242735813205456,2.5906286,2.0563705,0.6930226
2354,0.675,1,0.7604504931458048,2.1577663,1.3390399,1.2995439
2355,0.775,1,0.799873884527594,2.337451,1.7950402,0.70999706
2356,0.775,1,0.792788526443385,2.2098925,1.6730124,0.43213046
2357,1.0,1,0.8830696390308506,3.3047876,2.8081279,0.6356293
2358,0.9,1,0.8736353307491275,3.2142396,2.712819,0.7836622
2359,0.9,1,0.8522666737550701,2.970728,2.4855042,0.7293092
2360,0.975,1,0.8131127182471183,2.4454503,1.8913138,0.7659911
2361,0.875,1,0.7789554188340757,2.4901605,1.7168033,0.92941177
2362,0.675,1,0.8140549562296899,2.5115142,1.976068,0.8771982
2363,0.825,1,0.8505312658839164,2.943563,2.4278467,0.8742219
2364,0.8,1,0.8197179680509159,2.5886,2.07458,0.6347321
2365,0.825,1,0.8637487061920228,3.0712395,2.559656,0.8409995
2366,0.75,1,0.8288630182650142,2.6994631,2.1880596,0.604612
2367,0.85,0,0.7537523661134721,1.9429724,1.8943577,0.4969358
2368,0.875,1,0.7979240599450433,2.432362,1.8500894,0.76863015
2369,0.975,1,0.875247656150298,3.1624112,2.6314137,0.83274794
2370,0.95,1,0.8439224995381901,2.8138568,2.335394,0.75066066
2371,0.8,1,0.7987634576561469,2.2892694,1.5954598,1.0777857
2372,0.925,1,0.8589377464740395,3.0076876,2.489515,0.8433031
2373,0.825,1,0.8010793228982954,2.386366,1.7740374,0.68717873
2374,0.85,1,0.7797522434607015,2.0863633,1.5689639,0.70022607
2375,0.8,1,0.8468099209942475,2.8514712,2.3585596,0.6765796
2376,0.625,0,0.7829244058200626,2.2441878,2.165106,0.37218782
2377,0.725,1,0.8102989246715993,2.4494953,1.840764,0.97922707
2378,0.65,0,0.7632134307649556,1.9881145,1.8914354,0.37785602
2379,0.925,1,0.8331340482143186,2.7412295,2.243569,0.99267673
2380,0.825,1,0.8115388578416232,2.4511247,1.9066566,0.8516873
2381,0.8,1,0.8341468980342883,2.7333548,2.1813824,0.8944075
2382,0.925,1,0.8198397812972369,2.5839288,2.0583787,0.52482164
2383,0.85,1,0.79786516957986,2.3525906,1.7814976,1.0375322
2384,0.7,1,0.8100642059770281,2.417225,1.8819424,0.80273867
2385,0.775,1,0.8297381117173288,2.6859326,2.1498213,1.0572778
2386,0.85,1,0.7654924989063117,2.0702665,1.5087218,0.81883967
2387,0.95,1,0.8054501790577328,2.4023724,1.8895742,0.79704344
2388,0.725,1,0.7272287761305463,1.7727795,1.0587578,0.5083635
2389,0.8,1,0.8218320126812704,2.5492468,2.0423465,0.64902365
2390,0.875,1,0.8565299226342775,2.979114,2.4440608,0.6844593
2391,0.95,1,0.8326909946697175,2.6991475,2.1119485,0.888036
2392,0.775,1,0.8237644774556789,2.6014361,2.0858874,0.7711463
2393,0.8,1,0.8344334807476217,2.723302,2.188581,0.94177485
2394,0.925,1,0.8274114784818991,2.6520624,2.105526,0.6519432
2395,1.0,1,0.8169697879229415,2.5330086,2.030254,0.6584581
2396,0.925,1,0.8536419017973118,2.917994,2.389267,0.8685795
2397,1.0,1,0.8193030271280821,2.5103498,1.9878114,0.80813813
2398,0.925,1,0.8762858859702437,3.2481654,2.7776408,1.055443
2399,0.8,1,0.8667891455272949,3.1218834,2.575649,0.61806357
2400,0.85,1,0.7430004196620309,1.9112659,1.1420766,0.48132733
2401,0.725,1,0.8374787899188431,2.787015,2.3033748,0.83179367
2402,0.8,1,0.7734553431570624,1.9815686,1.4249623,0.5582222
2403,0.825,1,0.7965218426297109,2.3027844,1.7993385,0.59125674
2404,0.875,1,0.8751982578309608,3.2214785,2.7644255,0.5650245
2405,0.75,1,0.8117025099841432,2.4583406,2.000464,0.07904038
2406,0.65,0,0.7116697939690286,1.8065865,1.479736,0.80655634
2407,0.85,1,0.8121645144941326,2.4471073,1.8809232,0.85529244
2408,0.55,1,0.8030165399458459,2.3458295,1.8037558,0.6663188
2409,0.975,1,0.8312947948709664,2.7333481,2.2516906,0.6418612
2410,0.875,1,0.7317667287931205,1.857217,1.178187,0.057641357
2411,0.825,1,0.8044838680753648,2.3663087,1.8426361,1.0097326
2412,0.825,1,0.826259562675364,2.6126308,2.1157699,0.6905111
2413,0.625,1,0.7590876997055205,1.9627821,1.3556497,0.89096034
2414,0.95,1,0.8275159261870142,2.6026273,2.0705175,0.48564783
2415,0.925,1,0.8053981094999454,2.3546395,1.8609113,0.6980548
2416,0.9,1,0.831304599990565,2.6663709,2.1012917,0.96477413
2417,0.85,1,0.7977093186914577,2.2931738,1.8188001,0.80980814
2418,0.975,1,0.8437202199601095,2.8703194,2.3765652,0.8546585
2419,0.6,1,0.7758621700073127,2.0311232,1.4901061,0.99006975
2420,0.8,0,0.8097523362886435,2.5922325,2.5047355,0.7791778
2421,0.7,0,0.7676738068130247,2.0700555,1.9517127,0.6413803
2422,0.825,1,0.8580350975806132,3.0328627,2.5131776,1.2109779
2423,0.8,1,0.8388099932548745,2.7946723,2.3257227,0.7902665
2424,0.9,1,0.8021093381774993,2.3771415,1.874941,0.61846864
2425,0.725,0,0.7526559825832234,1.9155816,1.7835407,0.7007247
2426,0.85,0,0.8035756241690769,2.5147076,2.3675063,0.6188643
2427,0.8,1,0.7286908274298571,1.917343,1.091351,0.49384984
2428,0.9,0,0.7876179430144892,2.3306088,2.22486,0.7000809
2429,0.875,1,0.8599123124482162,3.0398965,2.5975912,0.9530525
2430,0.775,1,0.7845402462212608,2.4331298,1.7906216,0.51785445
2431,0.95,1,0.8325308914614789,2.7047048,2.2020133,0.82166314
2432,0.95,1,0.8228975522256344,2.5668993,2.0512738,1.0684962
2433,0.85,0,0.8419843513518531,2.9617214,2.9390464,0.30197725
2434,0.95,1,0.8284930210688048,2.6659408,2.1101885,0.91238546
2435,0.7,1,0.8328718267143758,2.6837845,2.1628585,0.8204253
2436,0.7,1,0.7268813407062881,1.5930945,1.0208348,0.76059103
2437,0.775,1,0.8550230018155031,2.961122,2.473225,0.470661
2438,0.675,1,0.8359536979946315,2.7661664,2.2871952,0.6717961
2439,0.85,1,0.8133083130943128,2.4556985,1.9501925,0.7090285
2440,0.75,1,0.7998602298228265,2.3041856,1.7135146,1.1806005
2441,0.95,1,0.8625144041594246,3.0816426,2.6135726,0.8279773
2442,0.725,0,0.7619315524107096,1.9715216,1.8737758,0.2846756
2443,0.825,1,0.8064064173896982,2.5411599,1.9836528,1.0933813
2444,0.9,1,0.7912643255834884,2.5408437,1.8353603,1.2470073
2445,0.85,1,0.8070271888405245,2.4295554,1.9665363,0.68060684
2446,0.575,0,0.7794058718761083,2.3192167,2.1576748,0.7267587
2447,0.95,1,0.8488390670749912,2.9132316,2.4366724,0.82637775
2448,0.8,1,0.8563341044355594,3.0184946,2.548994,0.66145194
2449,0.975,1,0.841718952326033,2.7734208,2.2176447,0.8645731
2450,0.925,1,0.7869664421357796,2.1865578,1.6185834,1.1057326
2451,0.95,1,0.8015601413137574,2.6056085,1.8233626,0.956676
2452,0.75,1,0.7986049290293735,2.279283,1.7582386,0.60863554
2453,0.7,1,0.7786876458999991,2.1813488,1.5247841,1.1252321
2454,0.95,1,0.842541935529469,2.8352177,2.3126242,0.75045145
2455,0.775,1,0.8080601649059047,2.4267364,1.8809611,0.8056011
2456,0.7,0,0.7419874615431502,1.8736912,1.7346092,0.42091152
2457,0.85,1,0.8754369255556633,3.1797335,2.6561043,0.68499136
2458,0.65,1,0.8355294308770151,2.7071357,2.16155,0.5636877
2459,0.65,1,0.7798636496388688,2.3886619,1.706799,0.89618456
2460,0.825,1,0.7891791506503979,2.202411,1.6363847,1.0676104
2461,0.775,1,0.8777930456178625,3.1894693,2.6956463,0.42452154
2462,0.85,1,0.839763588084419,2.8215528,2.3019147,0.72728384
2463,0.975,1,0.840763168072759,2.8207965,2.335459,1.0153531
2464,0.725,1,0.7571789368777442,1.8233697,1.3552554,0.78314877
2465,0.9,1,0.8639095872586253,3.0774636,2.6104174,0.6393976
2466,0.9,1,0.8799252044912707,3.2754574,2.7889686,0.7309998
2467,0.8,1,0.7868859167553013,2.4834576,1.8176459,0.35980102
2468,0.775,1,0.7949136199115088,2.3126657,1.82835,0.7532835
2469,0.825,1,0.8571119605878232,3.0136652,2.4718816,1.2053612
2470,0.8,1,0.7905933453900329,2.2343967,1.7298406,0.834636
2471,0.825,1,0.8245450924431541,2.5991502,2.1011686,0.6873667
2472,0.875,1,0.8342321863120543,2.682117,2.1333854,0.5746286
2473,0.7,0,0.751339603696398,2.0098262,1.8885814,0.6808903
2474,0.775,1,0.840182818564871,2.8021238,2.29665,0.76511157
2475,0.625,1,0.8290584194190542,2.6758428,2.1370332,0.83848286
2476,0.725,1,0.7994679675095624,2.2921364,1.7488241,0.6110984
2477,0.825,1,0.8390430602634124,2.7573266,2.2055578,0.6372514
2478,0.9,0,0.7951849176154284,2.3941789,2.2994447,0.47075084
2479,0.8,1,0.813520496385819,2.4677558,1.9454536,0.7334881
2480,0.8,1,0.8165837931363888,2.530266,2.0222993,0.81412446
2481,0.75,1,0.8980546203446542,3.432336,2.967349,0.8936596
2482,0.75,1,0.7730372110802226,2.0183003,1.4767754,0.94196296
2483,0.675,1,0.7929305571873726,2.2494493,1.7651889,0.57958484
2484,0.85,0,0.7594944526680505,2.0100813,1.8568757,0.797554
2485,0.725,0,0.7308916960986417,1.6705824,1.4956956,0.57913256
2486,0.875,1,0.798402608448288,2.3103433,1.7518606,0.9420661
2487,0.65,0,0.7923092512261598,2.3534064,2.2521725,0.687521
2488,0.925,1,0.7555519918142468,1.8077164,1.1930305,1.180128
2489,0.775,1,0.7929051212183582,2.2609656,1.663867,1.1903577
2490,0.975,1,0.8377523699363981,2.7729344,2.211153,0.99716806
2491,0.825,1,0.8006110146543688,2.3146453,1.8117748,0.62184584
2492,0.8,1,0.8249907002431083,2.6630409,2.2042956,0.6616266
2493,0.9,1,0.8381034194063184,2.7797103,2.2583494,0.66705704
2494,0.925,1,0.8690617145261301,3.145842,2.6528401,0.982389
2495,0.65,1,0.825582411319211,2.6294742,2.076138,0.8438519
2496,0.775,1,0.8617236775046628,3.0717087,2.5730143,1.1583165
2497,0.7,1,0.8263705271643201,2.6474571,2.1706033,0.89733493
2498,0.85,1,0.7996422770870659,2.3387835,1.8617163,0.53835833
2499,0.775,1,0.8332423378294409,2.740385,2.2031684,0.4782587
2500,0.925,1,0.8536451602871911,2.9310899,2.457859,0.5905626
2501,0.7,1,0.8236335205572738,2.5668278,2.0440009,0.7620683
2502,0.625,0,0.7595536441798795,1.934282,1.7771398,0.31150758
2503,0.625,0,0.8300868016045677,2.8155546,2.7418413,0.67879605
2504,0.6,1,0.78656401554247,2.4430442,1.7047344,0.79796624
2505,0.875,1,0.781016166494722,2.1115634,1.5205121,1.054038
2506,0.775,1,0.8355202943337896,2.7487016,2.2218428,0.94877183
2507,0.925,1,0.8289036940833627,2.6498766,2.1467638,0.65734863
2508,1.0,1,0.8624329068091046,3.0454226,2.5468988,0.9324888
2509,0.725,1,0.7968690941722515,2.261772,1.7104261,0.972419
2510,1.0,1,0.8692587647966225,3.136857,2.6573787,0.55997884
2511,0.8,1,0.8206957469858364,2.5892038,2.0319774,1.0051786
2512,0.8,1,0.7821035934525589,2.1287985,1.5610012,0.9794812
2513,0.825,1,0.8468242900192118,2.8927546,2.4125838,0.7508099
2514,0.8,0,0.7415787146320715,1.7975111,1.7079251,0.6869267
2515,0.8,1,0.7638160138945492,1.9002783,1.2867439,1.0984671
2516,0.95,1,0.8642528886734979,3.07161,2.5264034,1.1908327
2517,0.85,1,0.8392462793815136,2.746137,2.2081542,0.8786118
2518,0.75,1,0.8381244098917839,2.792769,2.3183308,0.7875891
2519,0.925,1,0.8244528563487858,2.6231604,2.064742,0.81333447
2520,0.65,1,0.7483468647466727,1.730822,1.197423,0.7688906
2521,0.7,0,0.7316655810684272,1.7322036,1.536948,0.4167931
2522,0.9,0,0.7434514573058835,1.8032987,1.630953,0.88834834
2523,0.75,1,0.8118737870767047,2.4370728,1.9056424,0.744526
2524,0.875,1,0.7684457203476083,1.9676301,1.4270566,0.9707792
2525,0.625,1,0.8300453565783847,2.6633966,2.1239023,0.7671095
2526,0.775,1,0.7912746527929302,2.205199,1.6323912,0.8462697
2527,0.95,1,0.8298755648546089,2.6838236,2.1937907,0.90708184
2528,0.95,1,0.7722190407468896,1.9819636,1.4137669,0.82160556
2529,0.825,1,0.7934977054904628,2.2602963,1.726854,0.8835938
2530,0.875,1,0.876132246427635,3.2198129,2.7851725,0.72387457
2531,0.825,1,0.8628582128953413,3.038658,2.562198,0.75497127
2532,0.825,1,0.7730387414147053,2.034628,1.4840156,0.6798228
2533,0.95,1,0.8682877990442122,3.1043406,2.6091814,0.7094945
2534,0.775,1,0.8281425991649436,2.6678896,2.1076832,1.0256001
2535,0.925,1,0.7736825480551376,2.137741,1.5397465,1.0117518
2536,0.9,1,0.8338019350849777,2.7210732,2.2133791,1.0526522
2537,0.6,0,0.720352371871111,1.5466679,1.4355887,0.66106665
2538,0.9,1,0.7830723947890528,2.098393,1.5659239,0.7492777
2539,0.875,1,0.8022970965723176,2.3769898,1.803787,1.0927583
2540,0.775,1,0.8450121930275656,2.8618376,2.318408,1.1571156
2541,0.925,1,0.8235564500909062,2.5990536,2.076375,0.7008132
2542,0.475,1,0.808428366614327,2.4407105,1.9272557,0.6567768
2543,0.9,1,0.7722746026893433,2.0283542,1.4525518,1.0329429
2544,0.775,1,0.7995043278572525,2.62207,1.9596565,0.99329305
2545,0.8,1,0.8140853942241812,2.497418,1.9348271,1.0000259
2546,0.925,1,0.8243730065089112,2.629233,2.1442301,0.84349096
2547,0.725,1,0.799686739816999,2.3235977,1.8028862,0.990404
2548,0.825,1,0.7887141392937995,2.2105308,1.6340011,1.2408321
2549,0.825,1,0.8435345326296292,2.8199725,2.3672576,0.5825546
2550,0.75,1,0.7585588106614507,2.1430647,1.4801416,0.8916857
2551,0.95,1,0.7955367620675438,2.2573576,1.665488,1.2969084
2552,0.825,1,0.8365808303830148,2.773199,2.2546527,1.1757134
2553,0.9,1,0.8415159141924512,2.8345199,2.275052,1.234426
2554,0.9,1,0.7948875814073069,2.3020566,1.7258189,1.0726824
2555,0.825,1,0.7846800554881845,2.1232047,1.5536323,0.82044005
2556,0.675,1,0.8060379881346346,2.4084654,1.8319614,1.2326831
2557,0.675,1,0.8634997467252474,3.0599253,2.563073,0.6062274
2558,0.875,1,0.7950140814177062,2.2751002,1.7979902,0.69428575
2559,0.775,1,0.7992468654131624,2.3413112,1.7767508,1.146969
2560,0.975,1,0.8551779637046162,2.9981568,2.521856,0.71551347
2561,0.725,1,0.8150036598947048,2.4629807,1.91626,0.6616565
2562,0.775,1,0.8212806905306365,2.5844173,2.0047276,0.95637643
2563,0.825,1,0.8084574582002386,2.423258,1.9601592,0.8123474
2564,0.6,0,0.713159032694116,1.4444847,1.2908978,0.6665795
2565,0.8,1,0.8126020610821569,2.4914064,1.939788,1.1751359
2566,0.75,1,0.8816264109112855,3.2475863,2.791262,0.79748166
2567,0.7,1,0.8566715800165686,2.967391,2.4950209,0.90892875
2568,0.85,1,0.7508402655027883,2.0554984,1.4014552,0.511449
2569,0.725,0,0.7661056936933558,2.1307645,2.0728474,0.88023317
2570,0.775,1,0.8116103454419249,2.452857,1.9175234,0.7668046
2571,0.775,1,0.8564450764182963,2.9566128,2.4153051,0.7021327
2572,0.775,1,0.8341063259720752,2.7396388,2.2658334,0.8336284
2573,0.725,1,0.8347914962584819,2.7431068,2.2556832,0.6623322
2574,0.625,1,0.8035076252201023,2.3821151,1.8141342,0.94216347
2575,0.5,0,0.6916268993779588,1.3651133,1.1842693,0.8928771
2576,0.775,0,0.7416292834143839,1.7786345,1.6886288,0.55622923
2577,0.85,1,0.8202434868795361,2.5712204,2.0089793,1.1765928
2578,0.9,1,0.8345949128762387,2.7369132,2.236287,0.8294648
2579,0.95,0,0.7725289671490746,2.2354875,2.053669,0.65605175
2580,0.85,1,0.8227669699990369,2.6117907,2.1322212,1.0868709
2581,0.75,1,0.8046810241087529,2.3794794,1.8697445,0.7915814
2582,0.85,1,0.8029275044774016,2.339268,1.8029816,0.67123604
2583,0.9,1,0.8241567143184132,2.5784705,2.0466566,0.76580036
2584,0.775,0,0.7828321931674029,2.2635584,2.2395175,0.24390182
2585,0.7,1,0.828833459334158,2.6460836,2.1459107,0.6088835
2586,0.925,1,0.739435177748766,2.0334957,1.2675767,0.6855296
2587,0.775,0,0.7436905408670104,1.8081663,1.6437458,0.77759814
2588,0.675,1,0.7252722896073241,1.7719809,1.0270336,1.0160203
2589,0.95,1,0.8738410411030754,3.1662302,2.6860142,0.8390094
2590,0.85,1,0.8302925235165394,2.683534,2.1589684,0.7715181
2591,0.925,1,0.8100806590804233,2.4363165,1.8661621,1.0512313
2592,0.925,1,0.8534378576984817,2.963447,2.436184,0.745399
2593,0.65,0,0.7915914074559149,2.3592744,2.331007,-0.010740429
2594,0.95,1,0.8030294547335658,2.3410587,1.7764696,1.0846272
2595,0.775,0,0.7589153949870929,2.2789207,2.0259714,0.6526338
2596,0.775,1,0.8226479956552208,2.5492792,2.008966,0.88299394
2597,0.9,1,0.8241185802929768,2.6127653,2.1018062,0.63783276
2598,0.625,1,0.763021524837125,1.9975069,1.3724446,1.1187372
2599,0.875,1,0.7671014874536186,2.042604,1.4829602,0.8712162
2600,0.625,1,0.7490035406481085,1.7532405,1.1830765,1.0138551
2601,0.75,1,0.8152682036971938,2.5047317,1.9610991,1.1550037
2602,0.95,1,0.8505471109242618,2.9136095,2.3493524,1.0982724
2603,0.775,0,0.7731295955935198,2.1053572,1.9846433,0.56557894
2604,0.85,0,0.7772894955911234,2.1903393,2.029869,0.6322335
2605,0.725,1,0.8058647176276629,2.4143882,1.9053028,1.0202143
2606,1.0,1,0.8065571919443552,2.4065828,1.9018693,0.38422057
2607,0.725,0,0.760406114537745,2.0218098,1.9183987,0.8221992
2608,0.825,1,0.818152376134405,2.557228,2.0579307,0.5848206
2609,0.875,0,0.8332469001082154,2.8493235,2.7901382,0.26735207
2610,0.8,1,0.7548575075770667,2.122316,1.4246107,0.75079954
2611,0.875,1,0.7909219774631133,2.2233956,1.6738663,0.6945257
2612,0.9,0,0.7788469739728143,2.2223134,2.1236482,1.0364071
2613,0.75,1,0.7806981934100636,2.067185,1.5459298,0.45636562
2614,0.775,1,0.8167999933611361,2.52091,1.9839008,0.70251703
2615,0.775,1,0.8228291800970726,2.5696964,2.0058506,0.8710259
2616,0.825,1,0.8310317922246045,2.6429539,2.117076,0.54235196
2617,0.925,0,0.8193240471420917,2.6730351,2.6665144,-0.00388816
2618,0.85,1,0.7462425072254517,1.8406415,1.2057623,1.0262592
2619,0.8,1,0.7872255466776635,2.1963043,1.6431409,0.95403445
2620,0.575,1,0.7856509310685293,2.4446187,1.7317957,0.7990992
2621,0.8,1,0.7764195770705318,2.3179617,1.5248456,1.7630036
2622,0.75,1,0.8250650572822074,2.6467514,2.1753902,1.0060084
2623,0.925,1,0.8380944405539916,2.7344003,2.1968837,0.7464216
2624,0.775,1,0.7999315941267932,2.6392503,1.9363898,0.55302846
2625,0.975,1,0.9133849324709812,3.6766734,3.1957397,0.7692251
2626,0.925,1,0.7929008157607896,2.217061,1.6403837,1.0443724
2627,0.9,1,0.8031679776216196,2.3469653,1.7993479,0.86206913
2628,0.925,1,0.8016988321537268,2.351955,1.7490271,1.3046389
2629,0.825,1,0.8443239213664525,2.8477654,2.3776546,0.93851805
2630,1.0,1,0.8229408072410727,2.5918524,2.0797703,0.63479793
2631,0.675,1,0.7651389041196307,2.2054725,1.3647692,1.3124285
2632,0.9,1,0.7911147051350155,2.2242875,1.6920927,0.5645578
2633,0.825,0,0.7484860225892693,1.8774004,1.7320923,0.62595665
2634,0.7,1,0.8317365976092946,2.6736197,2.149383,0.8613727
2635,0.85,0,0.7593460717119664,1.9560169,1.8005401,0.80346453
2636,0.85,1,0.8831568869045447,3.3242526,2.8482947,0.6405438
2637,0.8,1,0.862307336839923,3.0743,2.5827944,0.82780874
2638,0.75,1,0.8293811171386086,2.672089,2.158701,0.74644065
2639,0.85,1,0.7974184610033286,2.2811089,1.6829892,1.065451
2640,0.825,1,0.8056638414157865,2.3727188,1.861431,0.7497828
2641,0.725,0,0.7806537890084103,2.1808012,2.0594049,0.8909621
2642,0.675,1,0.8486077796761665,2.9040685,2.4074209,0.9509063
2643,0.85,1,0.877131633142774,3.2228181,2.7538657,0.74222076
2644,0.725,1,0.793518342702501,2.2544394,1.6796267,1.1428269
2645,0.7,1,0.8487739400218379,2.8816676,2.3479433,0.5241946
2646,0.875,1,0.8361595575879887,2.771038,2.2925825,0.73585224
2647,0.85,1,0.814237040176226,2.5232487,1.9366634,1.1985797
2648,0.925,1,0.8526480945112092,2.9422507,2.3735547,0.73364973
2649,0.95,1,0.8200897659217766,2.5506043,2.031633,0.7918385
2650,0.9,1,0.8469734314140109,2.8992047,2.407685,0.864576
2651,0.975,1,0.8820934760875235,3.2634158,2.7867393,0.8023201
2652,0.725,1,0.7922909093894406,2.3097074,1.7262816,0.8665122
2653,0.825,1,0.853617532196393,2.9333715,2.4275527,0.96285784
2654,0.825,1,0.7907670164584002,2.2282176,1.6946074,0.65337586
2655,0.8,1,0.8373682540833073,2.7181218,2.184009,0.652686
2656,0.625,1,0.8076509793459865,2.463449,1.9593565,0.8591218
2657,0.675,1,0.813655021049447,2.458279,1.9288694,0.8609303
2658,0.9,1,0.7674264535035931,1.9605069,1.4435639,0.9714844
2659,0.95,1,0.8107647418748555,2.412241,1.8777759,0.58111966
2660,0.85,1,0.7938421254259795,2.2274396,1.6990376,0.7009485
2661,0.975,1,0.750275682248134,1.8863043,1.27713,0.9533448
2662,0.85,1,0.7414608681248214,1.9353809,1.2174869,1.0631019
2663,0.8,1,0.8651664516002053,3.0909781,2.5131288,1.33146
2664,0.525,0,0.661762660295935,1.2544732,0.86518,0.61443424
2665,0.8,1,0.7963507270757368,2.2557955,1.7391698,0.66804135
2666,0.675,0,0.7926702039086398,2.4248924,2.3909097,0.46469292
2667,0.85,1,0.7962560547334225,2.308683,1.8378655,0.8614198
2668,0.75,1,0.8309635071332251,2.695828,2.150642,0.747313
2669,0.9,1,0.8135163998984389,2.4484098,1.8589598,0.7854068
2670,0.9,1,0.8447673583627895,3.1178732,2.4077191,0.8293785
2671,0.725,1,0.7974115431580844,2.314157,1.8302807,0.68387747
2672,0.8,1,0.7871645915996066,2.2259746,1.7728776,1.1438912
2673,0.8,1,0.7905099346966414,2.226039,1.6202857,1.245783
2674,0.8,1,0.80237767547613,2.3299832,1.7965541,1.0189291
2675,1.0,1,0.8265605142200463,2.637569,2.087991,0.798584
2676,0.575,1,0.8340351218387365,2.715876,2.197081,0.6741297
2677,0.6,0,0.7786730461363157,2.192573,2.1391187,0.7488886
2678,0.9,1,0.8437029613961595,2.872468,2.3294244,1.1789038
2679,0.9,1,0.8405677539093703,3.050091,2.3264136,0.91977894
2680,0.75,0,0.7789423034608973,2.2882357,2.211404,0.8213955
2681,0.975,1,0.8846427462008726,3.3277075,2.8215797,1.3196386
2682,0.85,1,0.7984632460174805,2.2977686,1.7624236,0.7858341
2683,0.95,1,0.8572163371268916,2.9858298,2.4550943,0.82512164
2684,0.825,0,0.7473739548580969,1.8455766,1.710049,0.6153388
2685,0.675,1,0.7748538349115612,2.0644262,1.5733478,0.9607049
2686,0.975,1,0.8255026638049082,2.6082995,2.0574322,1.0361526
2687,0.825,1,0.8031022765212641,2.34101,1.7960585,0.95465076
2688,0.9,1,0.7767036073827727,2.057199,1.600951,1.0984184
2689,0.675,1,0.8188869934383236,2.8238015,2.1567154,0.8522394
2690,0.7,0,0.7235131925847511,1.6010637,1.4970944,0.8088106
2691,0.95,1,0.8483871055365902,2.9071064,2.3833117,0.9471905
2692,0.65,1,0.8066126600430943,2.404703,1.8833134,0.9335259
2693,0.85,1,0.8328868186819676,2.7219048,2.2365184,0.74121106
2694,0.75,1,0.8042519892748565,2.3907402,1.8846468,0.88583076
2695,0.925,1,0.8028655850384563,2.3697677,1.887967,0.7016283
2696,0.85,1,0.7912400902074386,2.2189212,1.6170039,1.2193505
2697,0.825,0,0.7557733617747151,2.1252859,1.9394625,1.0613071
2698,0.8,0,0.7690920573318796,2.1746612,2.0187602,0.48630008
2699,0.9,1,0.8447082490385531,2.8814092,2.3506134,1.0081941
2700,0.7,1,0.8152225715849242,2.5097067,1.9517555,1.3997337
2701,0.7,1,0.7749692998279858,2.2875159,1.531383,1.0387422
2702,0.775,1,0.8123597853696001,2.473359,1.8782129,0.83691967
2703,0.7,1,0.8338842231269918,2.6870317,2.1487865,0.68689454
2704,0.725,0,0.8373242272974681,2.856132,2.728867,0.35525164
2705,0.875,1,0.867748318479463,3.124947,2.6063757,0.55382264
2706,0.875,1,0.8388296778327718,2.805488,2.3562093,1.0137371
2707,0.9,1,0.8278017609012567,2.6389675,2.1225314,0.93683577
2708,0.975,1,0.804864175140066,2.4080923,1.9644697,0.6723906
2709,0.675,1,0.8371762101628815,2.7616644,2.2885315,0.9514345
2710,0.775,1,0.8179508009831524,2.5357118,2.0417922,0.9277227
2711,0.8,1,0.8487577282298483,2.9089687,2.3427296,1.101586
2712,0.825,1,0.7816441437440225,2.2199707,1.5781988,1.1391385
2713,0.825,0,0.7557010794157335,2.063295,1.9361616,0.60457945
2714,0.45,0,0.6753784961639078,1.1857833,0.982026,1.0929897
2715,0.675,1,0.773796518833384,2.2989757,1.5612564,1.0381647
2716,0.825,1,0.841765904339605,2.8618484,2.4058251,0.69698477
2717,0.65,0,0.7906702377296057,2.339259,2.3015947,0.4836268
2718,0.775,1,0.8066288470142161,2.4235034,1.8875436,0.5420284
2719,0.8,1,0.8314092697725793,2.7089665,2.196074,0.89163315
2720,0.825,0,0.8229084969703802,2.7314837,2.5943584,0.6179478
2721,0.75,1,0.8732260389306961,3.1912527,2.7277386,1.1492754
2722,0.625,1,0.773009114805339,2.0345855,1.5092432,0.97183514
2723,0.8,1,0.8287535964158792,2.6747277,2.1173441,0.94153
2724,1.0,1,0.8138324066626483,2.4723773,1.9316697,0.44002962
2725,0.825,1,0.7369702011012227,1.7195909,1.0593194,1.0539948
2726,0.85,1,0.7869763999180792,2.1588664,1.6659256,0.78849554
2727,0.725,1,0.8029611760430397,2.3815413,1.8728669,0.6165124
2728,1.0,1,0.8488203652948947,2.8767521,2.4057913,0.83744764
2729,0.625,1,0.8594968626548357,3.0269651,2.4963722,1.0983609
2730,0.775,0,0.7497558404218908,1.900783,1.8595902,0.33424196
2731,0.725,1,0.7803405615316421,2.107802,1.5102727,1.0749303
2732,0.95,1,0.8535399759872668,2.9313908,2.4731584,0.61548555
2733,0.825,1,0.8366784726969871,2.7552185,2.291524,0.5787833
2734,0.95,1,0.8631863604015431,3.0444264,2.6343112,0.63139963
2735,0.825,1,0.8187976220435638,2.5719233,2.0955093,1.0722809
2736,0.85,1,0.8202577156373179,2.5553823,2.0121982,0.6883489
2737,0.825,1,0.8243727095301208,2.5808415,2.067294,0.7242724
2738,0.65,1,0.7959971414938891,2.2468328,1.7561117,0.40365946
2739,0.875,1,0.8442601598369384,2.806188,2.2899745,0.9650719
2740,0.875,1,0.8481666313978417,2.8848205,2.3762937,0.5920645
2741,0.6,0,0.7355729868351043,1.8354814,1.6945322,0.66960144
2742,0.9,1,0.8787433620488939,3.260761,2.7456915,0.8640208
2743,0.85,0,0.7517011012853183,1.8794842,1.7256398,0.8236697
2744,0.85,0,0.7321042890709719,1.8107811,1.6291413,1.008177
2745,0.825,1,0.8119109855193233,2.4215627,1.8426924,0.71092165
2746,0.75,1,0.8681717507309075,3.1081138,2.582822,1.0086375
2747,0.8,1,0.7826394748005161,2.1385658,1.5536177,1.1300373
2748,0.875,1,0.833808698555455,2.676674,2.1528306,0.5531434
2749,0.7,1,0.8147029598928577,2.4885337,1.9573498,0.5990168
2750,0.775,1,0.7953797913568693,2.3719194,1.8309431,0.8033364
2751,0.875,1,0.8502525626091034,2.9234633,2.4233818,1.1539297
2752,0.575,1,0.7851620378949224,2.1545746,1.6166726,0.6119889
2753,0.875,1,0.8010996323123788,2.2956867,1.7867362,0.6332058
2754,0.0,1,0.8538596437052994,2.9822564,2.506711,1.1281965
2755,0.85,1,0.866549395059818,3.0746775,2.5751503,0.80799913
2756,1.0,1,0.8475140260653276,2.8612218,2.3739634,0.67902374
2757,0.725,1,0.7847216447251109,2.180018,1.762258,0.19299814
2758,0.65,0,0.7429104830409632,1.7818317,1.7098355,0.27179658
2759,0.825,1,0.8663562156649125,3.069371,2.5670538,0.73718643
2760,0.95,0,0.7198551872352477,1.6628878,1.5376453,1.0568205
2761,0.875,1,0.7723067444830509,2.022797,1.5406698,0.5305685
2762,0.95,1,0.861444059536379,3.065843,2.5936964,0.64811385
2763,0.525,1,0.7885348387528951,2.476387,1.7573172,1.1405594
2764,0.85,1,0.7965124644698347,2.2442598,1.7688136,0.46853283
2765,0.75,1,0.8392936629118688,2.8002362,2.359048,0.88079894
2766,0.825,1,0.8269395561976288,2.6389916,2.049996,1.2358737
2767,0.625,0,0.7602713666799652,2.1625054,2.0364218,0.8768264
2768,0.65,1,0.7700627524812376,1.9803956,1.4114484,0.927318
2769,0.75,1,0.8070242658881186,2.3795094,1.7801628,0.6109996
2770,0.9,1,0.8226547992583368,2.554028,2.0114558,1.0165954
2771,0.95,1,0.7655423857950284,1.9967647,1.4106746,0.85874724
2772,0.875,1,0.862196593047903,3.0798757,2.5874157,0.94259095
2773,0.825,1,0.8487534811239537,2.9059756,2.3738403,0.9922389
2774,0.7,1,0.8179892631469046,2.5441606,1.9836061,1.1231087
2775,0.875,1,0.7695391511755129,2.2513535,1.4697818,1.0445293
2776,0.725,1,0.8206511355005159,2.5742142,2.0267467,0.8935071
2777,0.7,0,0.748483317725684,1.8112246,1.7075685,0.102652684
2778,0.7,1,0.7690108052516108,1.9634173,1.4489758,0.794564
2779,0.875,1,0.8111171464381759,2.4601188,1.9386717,0.7249489
2780,0.775,1,0.8072521292005451,2.4336743,1.9715226,1.2313538
2781,0.825,1,0.8352587178437619,2.7087154,2.2222388,0.91419256
2782,0.8,1,0.8286440191317469,2.6584044,2.1533244,1.0067077
2783,0.725,0,0.7835658725138714,2.2585707,2.211869,0.37697098
2784,0.7,0,0.74798452955339,1.8501318,1.7288148,0.59695864
2785,0.625,1,0.8422620268121559,2.8139882,2.2493052,0.87472916
2786,0.9,1,0.7382929790668153,1.8703461,1.1549561,0.8279655
2787,0.9,1,0.8116359213950772,2.4476786,1.9184685,1.0778047
2788,0.7,1,0.7651106916154341,2.2125754,1.5114164,0.46685138
2789,0.775,1,0.7611177644429221,2.1100674,1.422686,0.43804526
2790,0.625,1,0.795464540917787,2.2595112,1.736893,0.6417538
2791,0.825,1,0.8531888495325214,2.920414,2.4403434,0.7392303
2792,0.75,1,0.7855063147171143,2.1225305,1.5859839,0.7117809
2793,0.9,1,0.8684095534298791,3.142804,2.6280215,1.1073245
2794,0.825,0,0.7704506897979176,2.1118789,2.0091496,0.83452225
2795,0.925,1,0.8458962708487147,2.8671408,2.3750365,0.5694411
2796,0.925,0,0.7352553338608743,1.768913,1.5977752,1.0914537
2797,0.65,1,0.8070378552345878,2.4581797,2.0437708,0.99917865
2798,0.725,1,0.8353466074837157,2.727696,2.2220452,0.56872094
2799,0.75,0,0.7694874423164381,2.0538673,1.9688152,0.46232715
2800,0.725,1,0.849395428128972,2.938746,2.4518874,0.9424951
2801,0.65,1,0.7864111191748048,2.1527276,1.6045268,1.0290059
2802,0.7,1,0.841187587462872,2.783698,2.307099,0.30466756
2803,0.875,1,0.7877115051320253,2.1769977,1.6149731,0.96866965
2804,0.85,1,0.8039000123888524,2.3790119,1.8974243,0.55290747
2805,0.85,1,0.8506299685766215,2.928926,2.464147,0.74367416
2806,0.8,0,0.7048136007617414,1.5093386,1.4084764,0.5061425
2807,0.675,1,0.8208923154950942,2.8651326,2.1097608,0.5509068
2808,0.6,1,0.8099517131133798,2.4716413,2.0307984,0.82258594
2809,0.75,1,0.8565837793843234,2.995429,2.5081277,0.76166534
2810,0.875,1,0.7962397487922589,2.2407632,1.6849078,0.52738404
2811,0.7,1,0.8088538977975096,2.8225427,2.1763656,0.97684395
2812,0.925,1,0.8472620053527876,2.9139132,2.4359927,0.84294665
2813,0.9,1,0.8054411942023056,2.4041696,1.8497015,0.94770455
2814,0.875,1,0.8756520142572908,3.2200353,2.7416928,0.49946257
2815,0.8,1,0.8478868122586622,2.8298075,2.272162,0.5077412
2816,0.925,1,0.849264166077171,2.9313855,2.4741373,0.697008
2817,0.875,1,0.8273982899976549,2.691831,2.2095346,0.33730587
2818,0.85,1,0.7903814941175826,2.4863174,1.7012726,0.81063044
2819,0.775,1,0.8103645827747246,2.4636319,1.9617832,0.8175483
2820,0.675,1,0.8301966386033451,2.6637383,2.1765592,0.6363721
2821,0.95,1,0.8308263305395523,2.6918125,2.1835833,1.1034044
2822,0.75,1,0.8119547859978316,2.4580405,1.8962756,1.2971673
2823,0.85,1,0.779509607092781,2.0653572,1.5577334,0.479656
2824,0.825,1,0.8218277464722348,2.6232572,2.1295145,0.7118385
2825,0.725,1,0.7472679955821269,1.9892445,1.2573988,0.44029915
2826,0.85,1,0.847975310059532,2.9032648,2.420812,0.6474112
2827,0.775,1,0.7998135842163574,2.4582267,1.897182,1.110349
2828,0.775,1,0.8124471236934221,2.5820549,2.0256963,0.7296659
2829,0.875,1,0.8662453493352341,3.0591736,2.5956364,0.36589167
2830,0.875,1,0.8146384055059547,2.519652,1.9979007,0.70018256
2831,0.775,1,0.8285259065632069,2.667533,2.162652,0.90386176
2832,0.95,1,0.8190777799356179,2.5430536,2.0288734,0.63982975
2833,0.875,1,0.8463165440960028,2.888698,2.3614779,0.9905654
2834,0.825,1,0.8312641892968919,2.704351,2.185719,1.2167509
2835,0.875,1,0.797262974825921,2.301775,1.7655449,0.8288939
2836,0.775,1,0.8201659160867294,2.5681734,2.0550976,0.6959851
2837,0.8,1,0.8308980144096302,2.7018309,2.1268954,1.384525
2838,0.7,0,0.7556233521043706,2.065031,1.9420028,0.7411536
2839,0.8,1,0.7975111679437126,2.3162165,1.8436737,0.7075908
2840,0.775,1,0.7896535421363341,2.5124402,1.8059642,0.6057377
2841,0.775,1,0.7733625090676154,2.0379791,1.4743192,0.8587049
2842,0.775,1,0.8141273371416571,2.5199165,1.9367595,1.0279582
2843,0.975,1,0.8585948268048563,2.9864748,2.5027287,0.62953675
2844,0.75,1,0.8588133773493142,3.020792,2.5101562,0.91945386
2845,0.95,1,0.8606036408237165,3.0070019,2.533674,0.9199821
2846,0.825,0,0.7600044815730356,1.9555378,1.8329654,0.41020513
2847,0.95,1,0.8459374705774763,2.8568444,2.3085752,0.9551506
2848,0.75,1,0.823499608994969,2.8220134,2.0560577,0.6038629
2849,0.825,1,0.8031481652086134,2.3759017,1.8393111,1.0047734
2850,0.925,1,0.8199113378778057,2.5655484,2.0409696,0.9586289
2851,0.775,1,0.7709017025309108,2.0839462,1.4314481,0.9679303
2852,0.925,1,0.8598795350002999,3.0340292,2.4942915,1.0307145
2853,0.95,1,0.8081440743526662,2.3949137,1.8806396,0.9525291
2854,0.9,1,0.8270714834542106,2.6491578,2.1079068,0.9559951
2855,0.8,1,0.8343028063395135,2.7292438,2.253515,1.0071781
2856,0.7,1,0.8421005236796679,2.7739267,2.2737002,0.5839565
2857,0.675,1,0.7666727542631093,2.350312,1.6006596,0.7637925
2858,0.825,1,0.8425567876244711,2.7944307,2.2414298,0.83066964
2859,0.7,0,0.7596813755874159,1.9671228,1.887237,0.5210924
2860,1.0,1,0.8198022788756802,2.5465615,1.9770396,1.166082
2861,0.825,1,0.7964288934184203,2.3111625,1.7299417,1.137992
2862,0.825,1,0.8431905583100447,2.814394,2.325937,0.7953317
2863,0.925,1,0.8236675009142876,2.5569856,2.0586345,0.6704458
2864,0.925,1,0.8370256838305687,2.739415,2.2555993,0.59805334
2865,0.825,1,0.82906103152192,2.687138,2.1480408,0.9712342
2866,0.625,1,0.8042649806739431,2.6749487,1.9707572,0.9383421
2867,0.8,1,0.8105567753410776,2.4325986,1.8920645,0.95843196
2868,0.8,0,0.7523191367019848,2.03305,1.8905365,0.35562024
2869,0.75,1,0.8413605688608181,2.768818,2.2304547,0.8194548
2870,0.925,1,0.7603242537569025,1.9981736,1.3998443,0.6822338
2871,0.9,1,0.8190013918380843,2.5558784,2.0569015,0.60360503
2872,0.925,1,0.8548863430923466,2.967352,2.4836028,0.6592269
2873,0.775,1,0.7779665232546427,2.4551091,1.7166841,1.062944
2874,0.875,1,0.8365695386817674,2.7802172,2.2914083,0.6481731
2875,0.925,1,0.8569663679448046,2.9842398,2.5227108,1.0695038
2876,0.775,1,0.8154093438994302,2.4695313,1.956517,0.3381002
2877,0.975,1,0.7346775440212128,1.5983319,1.0644784,0.79603124
2878,0.825,1,0.778375629984765,2.0755148,1.4833152,0.9980936
2879,0.725,1,0.639314643781322,0.62846434,-0.026473701,0.04689063
2880,0.725,1,0.8135629065782652,2.505193,2.0473263,0.60939646
2881,0.9,1,0.8121906847964582,2.4585266,1.9561048,0.7306298
2882,0.875,1,0.8261259449079736,2.6040552,2.0790524,0.97072494
2883,0.8,1,0.866938556090992,3.1126838,2.6414342,0.5355098
2884,0.875,1,0.8619526961046929,3.075194,2.6467004,0.43619248
2885,0.975,1,0.88439449542064,3.3161907,2.8187652,0.90147686
2886,0.775,1,0.8249248151184214,2.6310468,2.0599918,1.0585788
2887,0.725,1,0.8244779775986939,2.600157,2.121777,0.5755693
2888,0.7,0,0.716210721993295,1.5645831,1.4028358,0.4798986
2889,0.675,0,0.7420240846090416,2.0228734,1.6584373,0.8554307
2890,0.775,1,0.8420034953249818,2.8224401,2.3240173,0.75075376
2891,0.775,1,0.8050550723531456,2.4146056,1.9402255,0.52157533
2892,0.95,1,0.8185500992769965,2.5511284,1.988175,0.75136113
2893,0.9,1,0.8098690110118536,2.4523232,1.9488466,0.885641
2894,0.625,1,0.7936477968496551,2.2566266,1.7059973,0.90458775
2895,0.65,0,0.7269664946656169,1.5892808,1.4811361,0.5417646
2896,0.75,1,0.7630894743095549,2.0051637,1.4536742,0.8400705
2897,0.775,1,0.8502580929370254,2.9081275,2.425402,0.71832585
2898,0.725,1,0.7338089304365119,1.7087924,1.0970625,1.1177981
2899,0.75,0,0.7812693148759504,2.1961017,2.046032,0.69852006
2900,0.55,1,0.7931457364936907,2.2509375,1.6771935,0.72542584
2901,0.575,1,0.8594478851238927,2.9963307,2.3319979,1.0505468
2902,0.725,1,0.7795148770280617,2.0943325,1.5128202,1.0752283
2903,0.9,1,0.8133326421235348,2.5059443,1.9375144,0.9776696
2904,0.7,1,0.874140434338074,3.194551,2.6404884,1.0778999
2905,0.925,0,0.7746348071905009,2.131997,2.0562425,0.11737308
2906,0.95,1,0.8056919008358587,2.416946,1.8895669,0.6902555
2907,0.725,0,0.7693479201663141,2.0999718,2.008659,0.3879764
2908,0.7,1,0.8114465412067309,2.4439025,2.0265336,-0.2539529
2909,0.875,1,0.8168122936802145,2.4956872,1.9902909,1.1557292
2910,0.775,1,0.7623220081459756,1.91806,1.3366559,1.1040798
2911,0.525,1,0.77741815671455,2.0669503,1.4457109,0.97508764
2912,0.8,0,0.7386072476618719,1.8589735,1.7043209,0.67908514
2913,0.675,1,0.803443232576488,2.3836393,1.7982657,1.0098944
2914,0.875,1,0.8030619834888251,2.4952486,1.9230912,1.0123205
2915,0.95,1,0.832295212273793,2.69283,2.1722274,1.0423201
2916,0.775,1,0.8564739342072853,2.9564269,2.4631605,0.5527657
2917,0.775,1,0.819956076006075,2.5189435,1.9872823,0.56897736
2918,0.9,1,0.8256292768996348,2.6711051,2.1602774,1.2090353
2919,0.85,1,0.8847362930134801,3.3373752,2.891276,0.82408214
2920,0.6,1,0.8266239415730285,2.779286,2.2552218,0.70361984
2921,0.8,1,0.7792984478471963,2.3839593,1.6011254,1.0628418
2922,0.925,1,0.8681338539861847,3.4047513,2.6885161,1.4236114
2923,0.9,1,0.784600688337787,2.1319911,1.5571642,0.8256514
2924,0.75,1,0.7365115409329406,1.9803313,1.2022272,0.9941822
2925,0.825,1,0.8592475450955805,3.0347352,2.534445,0.726491
2926,0.875,1,0.8244886410562992,2.5831885,2.0231395,0.87320113
2927,0.675,1,0.820046420321169,2.555172,2.0805912,0.5631887
2928,0.775,1,0.8134659479085552,2.4552045,1.892697,0.9213613
2929,0.775,1,0.8444614751586653,2.8507514,2.3878007,0.78315365
2930,0.75,1,0.788522093403087,2.21597,1.7196238,0.4999977
2931,0.775,1,0.7721927600577889,2.2345905,1.5071505,0.6693829
2932,0.75,0,0.7758451984501652,2.4427958,2.168044,0.63386166
2933,0.7,1,0.7887483561122351,2.2106028,1.6679416,1.0451556
2934,0.8,1,0.7914892878009725,2.213769,1.6245961,1.0640525
2935,0.85,1,0.808423495082111,2.3821468,1.864837,0.55097055
2936,0.8,1,0.7888592449934101,2.1977983,1.6736914,0.5813699
2937,0.75,1,0.7244670002871456,1.55748,0.9394374,1.0124004
2938,0.975,1,0.8562253095563763,2.9776766,2.5087643,0.7559978
2939,0.9,1,0.784109966781229,2.126505,1.5965577,0.9568759
2940,0.925,1,0.8356303672932408,2.7363772,2.205406,0.9240593
2941,0.8,0,0.7740884002192079,2.1667438,2.0388467,0.60409546
2942,0.875,1,0.8424737468311925,2.8134427,2.3076787,0.8399352
2943,0.9,1,0.7318677131666702,1.5292338,0.98259914,0.42402673
2944,0.725,1,0.7653854149668367,1.9177595,1.42436,0.7891543
2945,0.75,0,0.8011695803041128,2.477067,2.4299521,0.33316323
2946,0.775,1,0.7787697867196564,2.0793629,1.5046947,0.9130051
2947,0.825,1,0.8400530967184265,2.7835498,2.2783337,0.74279785
2948,0.9,1,0.8318191383926796,2.698656,2.1968508,0.89291966
2949,0.925,1,0.817243255772009,2.5253649,2.0118527,0.6789191
2950,0.7,0,0.7661998070584723,2.0628958,1.9855508,0.6212605
2951,0.75,1,0.7094312925892114,1.4417795,0.82652396,1.1227678
2952,0.7,1,0.793048389266511,2.263555,1.7110282,0.9025953
2953,0.7,1,0.8151027808172616,2.5627604,2.1279445,0.70014393
2954,0.8,0,0.8420366997558513,2.987743,2.941527,0.59223807
2955,0.825,1,0.8417401064193364,2.8414593,2.3628225,0.9119004
2956,0.8,1,0.8034235981701168,2.4124842,1.9424748,0.3889521
2957,1.0,1,0.8203321562742146,2.5655708,2.0278506,0.7762475
2958,0.875,1,0.835256735601954,2.7608807,2.2505615,1.0392705
2959,0.65,0,0.759130260812319,1.9864951,1.8729364,0.8792503
2960,0.725,1,0.851828382792224,2.931149,2.4539533,0.87280965
2961,0.975,1,0.8725401358109522,3.1944485,2.7115347,0.81685793
2962,0.725,1,0.8134781947127677,2.4808097,1.939464,0.82061946
2963,0.975,1,0.81127484058076,2.440559,1.9007125,1.0303289
2964,0.8,1,0.7622396567232297,1.9138851,1.3163736,1.1045058
2965,0.725,1,0.8060024889651016,2.4132156,1.8525491,0.95036685
2966,0.7,1,0.8056610629430134,2.387059,1.8914708,0.7931926
2967,0.875,1,0.8004076271990197,2.3439963,1.776971,0.9972675
2968,0.775,1,0.8578526450830518,3.0012836,2.515141,0.6999613
2969,0.775,1,0.7874956798417491,2.2024632,1.6737356,1.0851464
2970,0.825,1,0.7708032161227726,2.27803,1.6046387,0.44629964
2971,0.9,0,0.798645386734868,2.4602516,2.364757,0.80686307
2972,0.825,1,0.7981285222043062,2.3053527,1.7398868,1.05159
2973,0.825,1,0.8503508133883769,2.8901901,2.3711271,0.72980237
2974,0.8,1,0.8483553867632125,2.8806157,2.3550797,0.58865607
2975,0.85,1,0.7923416251848343,2.2495098,1.6783487,1.0773526
2976,0.875,1,0.8515121515952883,2.9165902,2.3963645,1.000264
2977,0.825,1,0.8529528944567195,2.9685192,2.4700925,0.9911798
2978,0.975,1,0.8330845990234317,2.6736436,2.1470222,0.77080643
2979,0.925,1,0.8349147156278818,2.742603,2.1965232,0.87638104
2980,0.825,1,0.8111791399007189,2.431253,1.8555773,0.67343557
2981,0.875,1,0.7847635554071615,2.1619835,1.6393995,0.58810604
2982,0.9,0,0.7509054130082264,1.8704152,1.7675233,0.40517592
2983,0.925,1,0.8433293586677733,2.8218827,2.3196564,0.77681327
2984,0.85,1,0.769741283281371,1.953437,1.4053047,0.85850585
2985,0.725,1,0.7972742180353081,2.2835321,1.7152714,0.8904593
2986,0.825,1,0.8384431312585238,2.8137655,2.3593378,0.7063391
2987,0.8,1,0.7781332104459526,2.0475729,1.5178101,0.62671685
2988,0.9,0,0.781956315627286,2.281077,2.2024708,0.70458865
2989,0.775,1,0.8058544480644532,2.4015844,1.8447372,0.9491224
2990,0.775,1,0.8042662393323499,2.3395677,1.7668177,0.77512383
2991,0.925,1,0.8326480962493814,2.671773,2.1766155,0.31315064
2992,0.725,1,0.8345880803971877,2.711381,2.240364,0.61254275
2993,0.75,1,0.7294804928264972,1.4929043,0.9184989,0.7378038
2994,0.9,1,0.8049756405427827,2.4036622,1.8388876,0.79532325
2995,0.775,1,0.781977542075195,2.1106715,1.6065161,0.8826783
2996,0.675,1,0.7955002322150688,2.5422158,1.8144648,1.1181241
2997,0.925,1,0.8705131788776176,3.132789,2.6554415,0.8504802
2998,0.925,1,0.8893433786236224,3.387001,2.9594684,0.6612346
2999,0.75,1,0.8539694025250945,2.9358177,2.488162,0.3545948
3000,0.85,1,0.795960326863791,2.3897362,1.8119692,1.003444
3001,0.85,1,0.8440223574518871,2.8663845,2.327931,0.8701508
3002,0.775,1,0.8570191492336308,2.9639273,2.42699,0.76744616
3003,0.775,1,0.8432994147805648,2.826301,2.242072,1.2262968
3004,0.8,1,0.79710508937488,2.2863092,1.7365824,0.97645485
3005,0.7,1,0.7904120538087495,2.2151175,1.7074094,0.6551126
3006,0.85,1,0.8578281144997504,3.0048435,2.5650992,0.74513924
3007,0.775,1,0.7873256774278623,2.4574165,1.6832186,1.1276945
3008,0.825,1,0.7859273355314826,2.2796175,1.71824,0.8775673
3009,0.8,1,0.8077447142338933,2.4253354,1.9121255,0.87288904
3010,0.725,1,0.8092229658351591,2.443515,1.8622328,1.0686255
3011,0.825,1,0.8565454818267133,2.974658,2.4739337,0.7511078
3012,0.675,1,0.8147737652280023,2.4890008,1.9361781,0.95165586
3013,0.925,0,0.7790946391555461,2.219987,2.1432028,0.6679883
3014,0.75,1,0.7817015222745581,2.1265662,1.6669087,0.1977031
3015,0.75,1,0.7682499787324524,1.9356282,1.3843912,0.43611526
3016,0.9,1,0.809980570322596,2.4452853,1.9780027,0.39603913
3017,0.9,0,0.773907643531963,2.3265462,2.145459,1.0548785
3018,0.825,1,0.843669833910922,2.8423142,2.3456876,0.86540926
3019,0.95,1,0.7200878842571085,1.399309,0.98469424,0.33118248
3020,0.5,0,0.7186001980739305,1.758238,1.4173535,0.47184482
3021,0.6,1,0.7770786239501819,2.0730228,1.5976591,0.31011245
3022,0.775,1,0.7714422888008596,2.1087441,1.5265597,0.82409286
3023,0.675,1,0.8238700791674256,2.594409,2.0580177,0.6785177
3024,0.725,1,0.7776146400002284,2.206801,1.680888,0.68518364
3025,0.875,1,0.8333408022891147,2.716619,2.1895194,1.4385134
3026,0.9,1,0.7614216365486575,1.9633142,1.3447913,0.935755
3027,1.0,1,0.8214486799612193,2.5641234,2.0015602,1.0196784
3028,0.925,0,0.7218560061069844,1.7476995,1.5872753,1.2340138
3029,0.725,1,0.8105749559979505,2.447146,1.9162976,0.7884475
3030,0.8,1,0.7739888580460749,2.03944,1.468297,1.0791049
3031,0.9,1,0.8700906514487703,3.16293,2.7016544,0.7002622
3032,0.95,1,0.8222747259126248,2.9018106,2.258382,0.7253814
3033,0.85,1,0.8079370262539873,2.4173305,1.9007895,0.6893126
3034,0.875,1,0.7644867713596065,2.0435336,1.4895929,0.7891685
3035,0.95,1,0.8527513430713237,2.9487574,2.4373837,0.67537236
3036,0.825,1,0.8281852057897954,2.6176543,2.089497,0.71109414
3037,0.75,1,0.8184359654994868,2.5591204,2.0963128,0.7186153
3038,0.875,1,0.8078567198772495,2.392879,1.8666672,0.48934117
3039,0.975,1,0.8737703628252897,3.1863184,2.7047222,0.5306401
3040,0.475,1,0.8397753652039539,2.7935507,2.3208597,0.5463207
3041,0.675,1,0.7848598127435248,2.2787383,1.8079104,0.6250204
3042,0.85,1,0.818600499232845,2.5892122,2.104497,0.26663932
3043,0.675,1,0.8691914066090525,3.109706,2.6180344,0.79695356
3044,0.8,1,0.7521003517431115,1.7913798,1.2178508,0.84893286
3045,0.725,1,0.8470424836604306,2.8729393,2.3093338,0.8029859
3046,0.85,1,0.7913700456524514,2.2301378,1.6905873,0.9193467
3047,0.775,1,0.8518322805769151,2.912633,2.4337797,0.82732415
3048,0.825,1,0.8389008970387384,2.770492,2.238089,0.7940037
3049,0.85,1,0.7944473325389889,2.2633681,1.6922369,0.8824878
3050,0.7,1,0.7996546826649312,2.3094602,1.7858777,0.9628545
3051,0.775,1,0.8310766988356348,2.9808822,2.27542,0.83530354
3052,0.9,1,0.8270293379051497,2.6147833,2.0480871,0.94844985
3053,0.8,1,0.7676575001471311,2.2566297,1.5643108,0.76685476
3054,0.825,1,0.8076387248618738,2.4023924,1.8344932,0.79152715
3055,0.875,1,0.8468253903203109,2.8915205,2.4140198,0.68940544
3056,0.8,1,0.8118494366066697,2.4552512,1.8694695,1.0247842
3057,0.85,1,0.8217353172758404,2.5715551,2.0795665,0.6767949
3058,0.775,1,0.7351513959150242,1.7211559,1.1680456,0.53615963
3059,0.875,1,0.8324198757328946,2.7018833,2.201283,1.0029994
3060,0.725,0,0.739528463229253,1.8798387,1.7393782,0.7268528
3061,0.7,1,0.7458741109884176,1.980301,1.2709925,0.7051909
3062,0.875,1,0.8586099686833344,2.9915729,2.5016537,0.849319
3063,0.65,1,0.8109053379102354,2.4432602,1.898608,0.65685236
3064,0.875,1,0.8226700302397105,2.5993695,2.0526657,0.83214045
3065,0.575,0,0.7346961732213001,1.6742253,1.5554419,0.74281514
3066,0.65,0,0.770427978470321,2.1109374,1.9877821,0.6788411
3067,0.825,1,0.8135569946246106,2.4977937,1.9533336,1.002377
3068,0.925,1,0.8065370715061275,2.4124894,1.8563228,1.0188138
3069,0.85,1,0.840571589369647,2.768275,2.2428617,0.73684704
3070,0.8,1,0.8123761081465946,2.4615712,1.9221306,0.9664066
3071,0.8,0,0.7664550048483639,2.0128682,1.8944039,0.20726241
3072,0.825,0,0.8032039425865922,2.5447407,2.4896863,0.52511466
3073,0.725,1,0.838165038514163,2.7609048,2.2555418,0.8878542
3074,0.625,0,0.7421151290367067,1.8275374,1.6723043,0.6701194
3075,0.75,1,0.8048558751291024,2.6479611,1.9457409,0.9112108
3076,0.85,1,0.8297986877977873,2.6888957,2.08174,1.0746936
3077,0.85,1,0.8190123116555171,2.5798092,2.04569,0.98094
3078,0.775,1,0.8034795494283229,2.3730254,1.8608809,0.57142174
3079,0.625,0,0.6991808870627111,1.4498732,1.240854,0.8102617
3080,0.95,0,0.771282647014193,2.1150398,2.0138655,0.78614986
3081,0.9,1,0.8760970173362236,3.2355156,2.7936137,0.5712913
3082,0.7,1,0.7493832827820388,1.8641107,1.2140946,1.2602873
3083,0.8,1,0.7594329774905295,1.8671942,1.3160045,0.85332584
3084,0.75,1,0.7807727608906937,2.2431178,1.6466062,0.9570888
3085,0.725,1,0.8223423978258892,2.5828364,2.0271943,0.8277813
3086,0.8,1,0.7894223206401733,2.1966076,1.6616668,0.86742485
3087,0.575,0,0.7780237853285121,2.1839123,2.1218493,0.78724015
3088,0.65,1,0.841057532457276,2.8141723,2.3392663,0.5753627
3089,0.75,0,0.7516148823282371,1.8893468,1.7683308,0.4075315
3090,0.575,1,0.7771914763646707,2.091043,1.5770369,0.53112066
3091,0.875,1,0.8009310602817568,2.3732214,1.8358624,1.1182791
3092,0.875,0,0.7469905593534827,2.1276011,1.8779893,0.4338548
3093,0.9,1,0.7299244495396688,1.6474046,0.97336704,1.4606364
3094,0.75,1,0.7559227862522631,1.9306355,1.3042679,1.1408968
3095,0.85,1,0.8405727553097345,2.811613,2.3447633,0.8595077
3096,0.725,1,0.8350273083188238,2.6986423,2.179544,0.7782481
3097,0.675,1,0.8112863704003307,2.4587376,1.9806645,0.7095475
3098,0.925,1,0.8474893649151605,2.897604,2.4170709,0.2937306
3099,0.725,1,0.8128779591765796,2.4844599,1.8710637,1.1232785
3100,0.8,1,0.8251944658056029,2.621252,2.0562668,1.0575837
3101,0.825,0,0.7443922984434397,1.8776882,1.705174,0.5275631
3102,0.7,0,0.7050947473486637,1.464954,1.3579553,0.8012576
3103,0.85,1,0.8108591624636823,2.576882,2.0270002,0.8624579
3104,0.975,1,0.857435975728501,3.0006223,2.483047,1.160462
3105,0.925,1,0.8386422417600599,2.7766428,2.2677135,0.7797682
3106,0.85,1,0.8233911558626901,2.6073704,2.0374432,0.65792894
3107,0.9,1,0.8324637443098662,2.722654,2.2325432,0.7409477
3108,0.925,1,0.8269550700472352,2.6556644,2.1319466,0.7004349
3109,0.875,1,0.8548965203150569,2.9813266,2.4645922,0.8872117
3110,0.65,1,0.7239883187871188,1.7254596,1.0439519,0.7179718
3111,0.85,1,0.8428050507163897,2.8482826,2.3899126,0.6517526
3112,0.6,1,0.8080497879144624,2.418157,1.8061237,0.8162668
3113,0.775,1,0.7949352014066884,2.2957466,1.7982866,0.48146638
3114,0.8,1,0.780928974496006,2.1356163,1.5825489,1.1311533
3115,0.85,1,0.8387284060127944,2.807973,2.3336904,0.87900627
3116,0.975,1,0.8135124562753009,2.4505107,1.890305,0.7451563
3117,0.725,1,0.8201649733117843,2.5765224,2.0307972,0.47548452
3118,0.8,0,0.7077416685971506,1.5256188,1.3082345,1.1874727
3119,0.8,1,0.8046830897692846,2.3929658,1.8153979,1.0112648
3120,0.675,1,0.7730083208316318,2.1628375,1.5437047,0.83620584
3121,0.9,1,0.7909727358996602,2.2364688,1.6808498,1.2273569
3122,0.775,0,0.7065509625043724,1.4511642,1.2300487,0.78773606
3123,0.55,1,0.8793579517211751,3.271402,2.7967591,0.7362355
3124,0.825,1,0.8393004732283909,2.7841496,2.2241862,0.8023027
3125,0.85,1,0.7753255210475264,2.0693781,1.5125362,0.78140545
3126,0.675,1,0.8183355433216095,2.541497,2.0281425,0.841151
3127,0.725,1,0.8731482936739932,3.1424336,2.6091821,1.1547047
3128,0.8,1,0.794474297378636,2.2489495,1.6892519,0.92776895
3129,0.65,1,0.7409604167945536,1.7518151,1.1774184,0.94121945
3130,0.6,1,0.7792015892882727,2.0971198,1.513365,1.0733004
3131,0.95,1,0.7731328521436293,2.0296226,1.4472077,1.027582
3132,0.925,1,0.8053486676304898,2.35466,1.7724687,0.82320464
3133,0.95,1,0.8023274652787278,2.3752487,1.831784,0.8496473
3134,0.9,1,0.8300143522014317,2.6550765,2.1671696,0.83721256
3135,0.85,1,0.8015923263750411,2.3379965,1.8055054,0.47260848
3136,0.875,1,0.8769286182511788,3.185856,2.708991,0.68777776
3137,0.8,1,0.8778499822550998,3.2219372,2.7497964,0.87768424
3138,0.975,1,0.8278706702031959,2.6602297,2.1728058,0.5893887
3139,0.675,0,0.7294649683580882,1.7222301,1.512648,0.54298294
3140,0.85,1,0.8352044891152242,2.7125916,2.2175508,0.52207863
3141,0.875,1,0.8685568981615751,3.0889683,2.5798388,0.91698277
3142,0.775,1,0.8287693905860427,2.6214514,2.09263,0.75422096
3143,0.725,0,0.7711757159484309,2.1406648,2.0606236,0.6222403
3144,0.65,1,0.7891151107729154,2.2045238,1.6326097,0.8429395
3145,0.875,0,0.7923484957901769,2.3813338,2.3169396,0.21434769
3146,0.775,0,0.7427267504978537,1.7701161,1.6088791,0.748368
3147,0.9,1,0.8121391281384622,2.587336,2.103698,0.9339086
3148,0.825,1,0.7933816428796012,2.2503138,1.7626219,0.7793226
3149,0.975,1,0.8300413357919116,2.71071,2.2021952,0.9613358
3150,0.925,1,0.8639239989539924,3.0919642,2.6173615,0.81497943
3151,0.675,0,0.7462462360917295,2.1116772,1.8125279,0.58313143
3152,0.925,1,0.8438244440216569,2.8511539,2.3567362,0.66984177
3153,0.9,1,0.8427425434459481,2.8356934,2.3503454,0.73485446
3154,0.8,1,0.8158064435289164,2.5222282,2.0105574,0.8334203
3155,0.825,1,0.8179087803225688,2.5322556,1.9861562,0.8570875
3156,0.475,0,0.7419419711882542,1.9310253,1.7179677,0.9011682
3157,0.775,1,0.8586407902155869,3.0271406,2.5256927,1.1465664
3158,0.975,1,0.8106488116445678,2.4388418,1.9139556,0.94569457
3159,0.85,1,0.8621895529833652,3.065213,2.5656188,0.9130436
3160,0.875,1,0.833406934517471,2.6839335,2.1270561,0.7956531
3161,0.925,1,0.8442269776782301,2.8613303,2.3468788,0.6977416
3162,0.85,1,0.8132744006599315,2.5114536,2.0025609,0.7653984
3163,0.85,1,0.790867732725534,2.3310738,1.8248978,0.8177589
3164,0.9,1,0.849378710188576,2.9102998,2.3366132,0.8121147
3165,0.65,1,0.7958812955573775,2.2739701,1.6812629,1.3236519
3166,0.775,0,0.7352400209066758,1.8002231,1.6546462,0.63656104
3167,0.675,1,0.8005889813546552,2.322959,1.8090401,0.35574973
3168,0.95,1,0.8682211545696173,3.0898566,2.5770702,0.6353743
3169,0.725,1,0.8218776943067089,2.5841997,2.028452,0.8727138
3170,0.675,0,0.7048094738087534,1.4955032,1.3327,0.8049618
3171,0.85,1,0.7761459998542773,2.1880581,1.6583719,1.1405327
3172,0.9,0,0.7477679952850912,1.8666797,1.748325,0.79787207
3173,0.875,1,0.825678526466745,2.6383634,2.1416776,0.49344674
3174,0.85,1,0.8647370609168035,3.0918396,2.529398,1.0554775
3175,0.925,1,0.8212157523150561,2.5669904,2.037663,0.62376845
3176,0.7,1,0.8080686017488481,2.446735,1.8931485,1.1163864
3177,0.85,1,0.7971532618363513,2.2755313,1.695194,0.9991112
3178,0.725,1,0.7837540189004163,2.4075828,1.6517222,0.96043
3179,0.875,1,0.8095064978287161,2.447213,1.9182651,0.92230964
3180,0.825,0,0.7518774129933075,1.995712,1.884196,0.6992694
3181,0.8,1,0.8259287389051375,2.608055,2.0886497,0.7295146
3182,0.675,0,0.7741578567497206,2.1116161,2.0207329,0.1333263
3183,0.875,1,0.7441750568305187,1.6988206,1.1632166,0.64968514
3184,0.875,1,0.842199029153378,2.7801614,2.277227,0.6097455
3185,0.75,1,0.7957936921441273,2.281136,1.7271432,1.0200517
3186,0.725,1,0.7887455027314646,2.1814525,1.6267182,0.90598404
3187,0.95,1,0.8428292239765528,2.7807322,2.2241654,0.84519315
3188,0.725,1,0.8689473456637331,3.118023,2.6149998,0.6656581
3189,0.85,1,0.8206146259190747,2.5766187,2.12403,0.5230429
3190,0.875,1,0.8317734731613887,2.7143326,2.173535,1.0043111
3191,0.8,1,0.7732788988576067,2.013925,1.4501827,0.8703357
3192,0.725,1,0.7590016810584012,1.8415496,1.2861434,0.8671601
3193,0.875,1,0.8213701936860516,2.5754755,2.0913012,1.0330321
3194,0.8,1,0.7897489772610815,2.2296932,1.7253122,0.89937055
3195,0.75,1,0.7953662803914011,2.3006058,1.8075879,0.5517405
3196,0.75,1,0.742796378756471,1.8091183,1.2490807,0.5418297
3197,0.775,1,0.8558859737557016,2.991898,2.5239034,0.65212655
3198,0.8,1,0.8576686324983848,2.997367,2.4615817,0.92938685
3199,0.775,1,0.8482103130966822,2.8586287,2.339892,0.629773
3200,0.875,1,0.8664494412544477,3.1108484,2.6691647,0.66475964
3201,0.9,1,0.8116357454705454,2.4669497,1.8606616,1.0741525
3202,0.825,1,0.7915880784980396,2.3628445,1.7877386,1.1455959
3203,0.925,1,0.8204188974153139,2.5681157,2.0750031,0.5815568
3204,0.725,1,0.8176931079181171,2.5440717,1.9802967,1.1672167
3205,0.9,1,0.8115566373409934,2.4411216,1.8785768,1.0499564
3206,0.7,1,0.787906868351179,2.1941488,1.682156,0.7141293
3207,0.825,1,0.798788519852859,2.295815,1.7648883,1.0976306
3208,0.85,1,0.7976225061965082,2.2824414,1.7080003,1.1541544
3209,0.9,0,0.7308494780697483,1.782309,1.5921714,0.7588221
3210,0.625,1,0.8377833502512757,2.7865808,2.298193,0.87309146
3211,0.85,1,0.8046135207133205,2.4769466,1.918354,0.35133895
3212,0.9,1,0.8647994161061296,3.0717893,2.5390408,0.71492684
3213,0.775,1,0.7910108153153734,2.2263527,1.6605909,1.2873234
3214,0.9,1,0.8300445980228836,2.6680331,2.1401386,1.0329647
3215,0.875,1,0.8725731371118219,3.1647363,2.6990623,0.67993903
3216,0.725,1,0.8275419379162161,2.9389877,2.3014436,0.40805086
3217,0.85,1,0.8074395126231514,2.5287542,1.9181098,1.1720872
3218,0.825,0,0.7887902927744943,2.2833972,2.1633224,0.55259264
3219,0.775,1,0.7908270940054866,2.5069127,1.763118,0.8135103
3220,0.8,1,0.7938182698508345,2.2650714,1.6936361,1.0599148
3221,0.625,1,0.7944376563430651,2.2990458,1.778472,1.4014821
3222,0.75,1,0.771180908368543,2.070147,1.5032352,0.86109376
3223,0.825,0,0.8019151010454756,2.435658,2.3649313,0.44608185
3224,0.925,0,0.7050828683281947,1.5138607,1.2830948,0.9574475
3225,0.85,1,0.8807991300451836,3.2718925,2.8011227,0.47086677
3226,0.9,1,0.8663049838224395,3.097968,2.6252437,0.8425865
3227,0.8,0,0.7489645863210181,1.81686,1.7037457,0.28026974
3228,0.775,0,0.7602207469797087,1.9820669,1.900341,0.48022756
3229,0.825,0,0.8014980162301073,2.447957,2.37546,0.41009983
3230,0.775,1,0.844168752890961,2.8473887,2.3057637,0.842262
3231,0.8,0,0.819997313352094,2.6712132,2.6131818,0.50333595
3232,0.6,0,0.7048557405924576,1.4748005,1.2681651,0.77201784
3233,0.825,1,0.8177710545352841,2.532793,1.9725714,0.8344439
3234,0.7,1,0.7839735903611282,2.1511345,1.6053877,1.0478498
3235,0.85,1,0.8162234688091805,2.5161366,1.9682536,0.93526053
3236,0.975,1,0.8425164332952872,2.826343,2.3448489,0.49180773
3237,0.875,1,0.8383800961757122,2.7745857,2.1951241,1.1253753
3238,0.775,1,0.8154804196935513,2.5067902,1.9909209,0.63079894
3239,0.725,1,0.8392827023921843,2.811918,2.310597,1.2173975
3240,0.675,1,0.8850536436423446,3.3257284,2.8359005,0.9054003
3241,0.9,1,0.8537291830946543,2.9424443,2.412127,0.933355
3242,0.875,1,0.7609613931540224,1.8483068,1.292585,0.49612907
3243,0.875,1,0.7899793314475114,2.229439,1.6602132,1.268611
3244,0.65,1,0.8447402684199156,2.832088,2.2837892,0.68391967
3245,0.975,1,0.8626583330882784,3.0323682,2.552477,0.7959068
3246,0.925,1,0.8846707777158653,3.3146687,2.8140917,0.85607505
3247,0.85,1,0.7976407671847061,2.267202,1.6812526,0.8182752
3248,0.825,0,0.7440727359009813,1.9235075,1.8608624,0.72235465
3249,0.8,1,0.7907183168790402,2.2225075,1.6452428,1.0013534
3250,0.85,0,0.7898530611339618,2.3266864,2.2216613,0.6272292
3251,0.75,1,0.7842515732253301,2.1677997,1.550377,1.2000312
3252,0.875,1,0.7777404771018428,2.06945,1.5207363,0.8043016
3253,0.95,1,0.7887878436437012,2.1793423,1.5889823,1.0346068
3254,0.825,1,0.8284069504556473,2.6544576,2.1061304,1.090484
3255,0.625,1,0.7970012401668372,2.3276324,1.8369951,0.668607
3256,0.9,1,0.8158947338307552,2.5282152,2.0217707,0.6360465
3257,1.0,1,0.857338577437524,2.983625,2.4816594,0.91274714
3258,0.9,1,0.7900504005332061,2.2327747,1.7174202,0.8276589
3259,0.875,1,0.7731512770224152,2.0095224,1.5398537,0.4798062
3260,0.8,0,0.7983977147262681,2.4047437,2.3380623,0.3961073
3261,0.8,1,0.8038917158346741,2.381038,1.7535814,1.0904179
3262,0.875,0,0.7948995970227107,2.3835568,2.3362637,0.21234764
3263,0.85,1,0.7642718164686602,2.1715317,1.3294425,1.2806057
3264,0.6,0,0.7342954040039461,1.6708672,1.5166253,0.60496104
3265,0.625,0,0.7921393715776688,2.3176017,2.2233243,0.21643628
3266,0.875,1,0.8548258804957876,2.9776073,2.3737602,0.9692495
3267,0.825,1,0.8325547330635921,2.7362802,2.240552,0.96970606
3268,0.75,0,0.726280608671623,1.6739751,1.4450296,0.76672935
3269,0.975,1,0.8165913193184338,2.517846,1.9744688,0.7835978
3270,0.975,1,0.827171175068122,2.6503444,2.1163743,0.97893274
3271,0.575,0,0.8054690400958646,2.5040638,2.414731,0.6190282
3272,0.825,1,0.7906750118973953,2.2345672,1.6837114,0.8122189
3273,0.9,1,0.8793356275524218,3.2863808,2.8328538,0.89377165
3274,0.825,1,0.8295565415720212,2.6182852,2.0846212,0.708192
3275,0.775,1,0.8310805822053757,2.7022896,2.217567,0.7600398
3276,0.625,1,0.7595293434953623,1.8572766,1.3184702,0.89570165
3277,0.95,1,0.8626230115585574,3.0741856,2.564802,0.6305915
3278,0.925,1,0.8564355335684997,2.998353,2.515834,0.9159287
3279,0.975,1,0.8406823197760127,2.787753,2.2742965,0.91690505
3280,0.9,1,0.7947132246912816,2.380302,1.7885581,1.1280336
3281,0.775,1,0.7891550223127879,2.1624055,1.6465238,0.63773704
3282,1.0,1,0.7608318068339959,1.906599,1.34996,0.88582325
3283,0.95,1,0.901117890175596,3.4743354,3.0247416,0.7801161
3284,0.9,0,0.8037625638383796,2.4780161,2.3738909,0.12659909
3285,0.95,1,0.8432949008624031,2.8306088,2.2377777,1.1412265
3286,0.75,0,0.7163769778672998,1.5959406,1.381248,1.0329739
3287,0.875,1,0.8039157233021395,2.661415,1.9921124,1.068518
3288,0.875,1,0.8387526964684417,2.7570949,2.2107358,0.92925334
3289,0.85,1,0.8311519817945064,2.726129,2.24126,0.58851814
3290,0.775,1,0.8490611365066543,2.8723612,2.3604617,0.50502884
3291,0.875,1,0.8266952551388758,2.5992632,2.0635567,0.790967
3292,0.75,1,0.7772591377324314,2.0817976,1.561563,1.0535201
3293,0.925,1,0.8107407713715364,2.435904,1.8825647,1.1156664
3294,0.9,0,0.7496708095313964,1.94014,1.8001659,0.35382783
3295,0.85,1,0.8322195417287557,2.6756167,2.1364703,0.96967304
3296,0.8,1,0.8010800549054071,2.365847,1.8568599,0.7196926
3297,0.85,1,0.8704232398571337,3.1746545,2.7130294,1.0181583
3298,0.65,0,0.7629735294184143,2.0200164,1.934973,0.5864408
3299,0.875,1,0.7914125472021337,2.3814406,1.8633362,0.4765366
3300,0.65,1,0.8264210482492332,2.6322544,2.0817747,0.95339286
3301,0.725,1,0.7959715697946678,2.2914548,1.7406029,0.9129245
3302,0.775,1,0.8301904048252629,2.6970754,2.1967907,0.8894807
3303,0.825,0,0.7339551760912435,1.9742199,1.617693,0.7989731
3304,0.775,1,0.8065232494244171,2.400597,1.8524865,0.794629
3305,0.65,0,0.7350323564867229,1.7786453,1.5684597,0.60638857
3306,0.975,1,0.850367125130536,2.918602,2.4792461,0.6049626
3307,0.825,0,0.801913404629377,2.459412,2.3242579,0.6873385
3308,0.9,1,0.8259405040053247,2.6677012,2.2275438,0.8635745
3309,0.825,1,0.8710062378133961,3.1793597,2.7334018,0.5761082
3310,0.85,1,0.7852968355169869,2.1924367,1.6718321,0.5149207
3311,0.8,1,0.799821345411246,2.3012109,1.7398429,0.8981527
3312,0.75,1,0.7906250419976945,2.2271986,1.636971,0.9770267
3313,0.85,1,0.8613495396654793,3.0229318,2.5713158,0.48955163
3314,0.725,0,0.7515588140356699,1.9960331,1.8382244,0.39061913
3315,0.875,1,0.7875501131919209,2.2007155,1.7037535,0.6059997
3316,0.85,1,0.8287023701813501,2.6677635,2.1448417,0.41412818
3317,0.875,1,0.8006282054186159,2.339613,1.8028841,0.77949333
3318,0.775,1,0.800183466580013,2.298441,1.7646644,0.72447836
3319,0.825,0,0.7557714160052375,1.946943,1.8054893,0.8220097
3320,0.775,1,0.8538669596521412,2.960434,2.4618397,0.7493268
3321,0.9,1,0.8097378640130375,2.7012582,1.9582508,1.0768695
3322,0.775,1,0.8195275639575522,2.5336854,2.0102181,0.6153991
3323,0.9,1,0.834499246605807,2.7518148,2.2532222,0.6660844
3324,0.9,1,0.8005287805217303,2.3101287,1.7605083,0.72797775
3325,0.95,1,0.8360869742375423,2.7745845,2.299799,0.69520843
3326,0.725,0,0.7491348131851434,1.9933805,1.8428563,0.6515658
3327,0.8,1,0.8374450058932372,2.7420583,2.261826,0.6426512
3328,0.775,1,0.8414211908754745,2.7916598,2.2837214,0.85070336
3329,0.75,1,0.7870232313998949,2.176117,1.6373495,0.72814023
3330,0.75,1,0.7828799065366128,2.1179113,1.5604155,1.0819534
3331,0.675,0,0.739265791331447,1.7468731,1.5588257,0.646685
3332,0.775,1,0.8119370620851465,2.4945111,1.9713923,1.0027012
3333,0.8,1,0.8202039048214699,2.5589461,2.0694795,0.62497556
3334,0.75,0,0.7463332477462725,1.8825682,1.6991835,0.2400737
3335,0.75,1,0.7981696287727742,2.3141165,1.7388597,0.89531624
3336,0.8,0,0.802842145002831,2.50139,2.411656,0.5569458
3337,0.925,1,0.8105540354742059,2.5546556,2.0054266,0.5030322
3338,0.825,1,0.8281103204435125,2.6629004,2.133041,0.92218673
3339,0.85,1,0.8373070364545188,2.7242136,2.1660445,1.1977359
3340,0.75,1,0.820474869095556,2.5766063,2.070197,0.8497795
3341,0.75,1,0.8206752442438446,2.8692389,2.0934575,1.014265
3342,0.9,1,0.792366370278538,2.361221,1.8024429,0.94420075
3343,0.775,1,0.7702636790489061,1.9584424,1.4349931,0.445485
3344,0.825,1,0.8788176470349774,3.2701552,2.8184085,0.6254314
3345,0.75,0,0.7539393501742697,1.9123425,1.7947261,0.5964953
3346,0.975,1,0.8273664094693387,2.6523242,2.125005,0.9618381
3347,0.65,0,0.7365705430004197,1.6832325,1.5645453,0.37202275
3348,0.95,1,0.8327639913068514,2.7267375,2.1647716,0.7802764
3349,0.775,1,0.8228808055971067,2.5474567,2.0244355,0.49119535
3350,0.9,1,0.8562970834081529,2.9651332,2.5028217,0.60386205
3351,0.875,1,0.8372627324096674,2.7608428,2.2602217,1.2627432
3352,1.0,1,0.8426588978365153,2.8408418,2.3759584,0.6689937
3353,0.65,0,0.7798894954382917,2.2034698,2.1017663,0.70489025
3354,0.825,1,0.81742724224522,2.5404744,2.0163302,0.57521284
3355,0.9,1,0.8556156589297821,2.955629,2.434648,0.94626975
3356,0.825,1,0.7732999925914772,2.135315,1.5785062,0.7960286
3357,0.775,1,0.8198716077778466,2.544045,2.041615,0.90258265
3358,0.9,1,0.8620043909149544,3.015741,2.516735,0.54772055
3359,0.95,1,0.8078859986543545,2.3964128,1.8302556,0.72992575
3360,0.675,1,0.751256601668768,1.8691605,1.2267498,0.94527316
3361,0.825,1,0.844231811041988,2.82172,2.2410407,1.0535034
3362,0.7,1,0.8110168906444806,2.4439049,1.9589875,0.17809018
3363,0.8,1,0.7946270643079356,2.244224,1.6926568,0.8382304
3364,0.875,0,0.7827805556577464,2.5552723,2.3065653,0.47865233
3365,0.775,1,0.827270243851491,2.6567955,2.1512794,0.83170724
3366,0.875,1,0.8521564961072554,2.903747,2.400796,0.69159997
3367,0.825,1,0.8575398611178173,3.0104942,2.5152893,0.5908772
3368,0.675,0,0.7713169951272074,2.099905,2.0188062,0.39183316
3369,0.8,1,0.7925937150823426,2.215369,1.6866145,0.6564145
3370,0.875,1,0.7823323494855232,2.110068,1.5734318,0.86425483
3371,0.675,1,0.7368242004478691,1.87318,1.1713251,1.0901942
3372,0.75,1,0.8101680790613286,2.4821303,1.9957831,0.82634866
3373,0.8,1,0.8061672130156816,2.403245,1.845842,1.0781523
3374,0.975,1,0.8407037485588966,2.787225,2.26119,0.58106875
3375,0.525,1,0.7575178417798889,1.8434258,1.3122952,0.86814034
3376,0.525,1,0.737141009419698,1.7746489,1.1371849,1.5080993
3377,0.75,0,0.7833352307870047,2.3823476,2.2796497,0.5985131
3378,0.7,1,0.8384263536909711,2.7652044,2.2629395,0.9335135
3379,0.8,1,0.7308214369999588,1.6278234,0.98643327,0.9838294
3380,0.65,1,0.7901611425678352,2.2246537,1.6421,0.9153179
3381,0.85,1,0.8335228167518388,2.7324488,2.1767406,0.8478284
3382,0.975,1,0.8802368108913414,3.2425785,2.7839909,0.73054826
3383,0.7,1,0.8428196190339896,2.8373337,2.4007492,0.6727052
3384,0.85,1,0.8290427643092633,2.6633887,2.1257806,1.0067431
3385,0.65,1,0.8345199192935515,2.75468,2.295188,0.8024157
3386,0.725,1,0.8860006373072525,3.335911,2.8416944,0.59870064
3387,0.85,0,0.8113956100810717,2.6064355,2.5151243,0.5425254
3388,0.925,1,0.8240551587210337,2.610793,2.1061683,0.5718037
3389,0.625,1,0.7900445045377068,2.228952,1.7122238,0.7243072
3390,0.875,1,0.8357424165898281,2.7320623,2.2418694,0.77059186
3391,0.85,1,0.8172619852579729,2.5081568,1.9284441,0.825639
3392,0.675,0,0.7361088048211117,1.7126194,1.6337985,0.7788185
3393,0.975,1,0.7548091904016374,1.7809435,1.1830423,0.86703396
3394,0.875,1,0.8526443584703707,2.941412,2.4404569,0.585299
3395,0.9,1,0.8381055483214647,2.766313,2.28759,0.8847064
3396,0.825,0,0.7930513939896446,2.4925122,2.3352313,0.9496199
3397,0.825,1,0.8666337150592083,3.131423,2.5992272,0.95255625
3398,0.8,1,0.7929048166386289,2.2272544,1.704536,1.0746111
3399,0.875,1,0.8215436574604122,2.5892859,2.075678,1.1380996
3400,0.75,1,0.7888267420376068,2.1923099,1.6439513,0.88728833
3401,0.9,1,0.8433899253814123,2.8508716,2.3642368,0.6260873
3402,0.825,1,0.8384911196962276,2.7871878,2.2800825,0.8729646
3403,0.95,1,0.8563675638867225,3.2378368,2.566879,0.65531003
3404,0.9,1,0.8051785010648592,2.3955395,1.87449,0.5062101
3405,0.6,0,0.7376921913352501,1.7556701,1.5931321,0.84857726
3406,0.925,1,0.8032289505276292,2.3717113,1.8040081,0.6736361
3407,0.7,0,0.7262469767617591,1.6107197,1.4873095,0.6752231
3408,0.9,1,0.7823345975661176,2.1026492,1.6058886,0.57921684
3409,0.75,1,0.8147909262287815,2.4870296,1.9141074,0.81735706
3410,0.825,1,0.8184344669206365,2.561952,2.0233054,0.95443106
3411,0.8,1,0.858719380263788,2.981362,2.4958088,0.7130641
3412,0.95,1,0.855722489855752,2.9557643,2.4961383,0.6432893
3413,0.875,1,0.8135735126643455,2.4900298,1.9663391,0.6269176
3414,0.85,1,0.8093561177803973,2.4517832,1.9409304,0.72727466
3415,0.825,1,0.7937798532372365,2.2559876,1.6854835,0.772038
3416,0.625,1,0.7512059464290459,1.86413,1.2677075,0.95071924
3417,0.825,1,0.8336161102637124,2.7092156,2.2288687,0.9607557
3418,0.675,1,0.8478071674653824,2.8804631,2.2813463,1.2030846
3419,0.775,1,0.8362843351913538,2.7394662,2.2153742,0.8590754
3420,1.0,1,0.8330810547782607,2.7252107,2.368942,0.8145952
3421,0.525,0,0.7369707860700377,1.9065685,1.7342045,0.84176457
3422,0.85,1,0.7800839444898147,2.1110473,1.5308895,1.1442982
3423,0.775,1,0.7901642504438844,2.2101297,1.6291332,1.1739625
3424,0.8,0,0.7511745785471953,2.0033064,1.8348889,0.8065175
3425,0.75,1,0.8344028467932838,2.7388368,2.2100244,0.8327955
3426,0.55,0,0.7978178550167156,2.4696307,2.3416772,0.6249931
3427,0.725,1,0.7574635585101885,1.9465901,1.3610346,0.7982898
3428,0.925,1,0.832670596255647,2.7056231,2.2067423,0.8440864
3429,0.75,1,0.7954994727482757,2.2932684,1.7604086,0.56921184
3430,0.85,1,0.7231859623986068,1.5584228,0.957826,0.72587204
3431,0.8,0,0.7926841705780213,2.3877342,2.3171353,0.5632981
3432,0.875,1,0.817048681375933,2.5567722,2.0464118,1.1925253
3433,0.825,1,0.8146693111111889,2.479899,1.9434583,1.0207795
3434,0.8,1,0.7649891641337,2.2343879,1.4811885,1.263505
3435,0.925,1,0.7902531952398455,2.2036889,1.5987921,1.4121237
3436,0.95,1,0.802021892776996,2.3707914,1.8429629,0.92264247
3437,0.75,1,0.8000716344230273,2.315784,1.7897226,0.946589
3438,0.875,1,0.8415132115903097,2.7667704,2.2564356,0.45058134
3439,0.525,1,0.8011774183837194,2.3298821,1.7678254,0.9223453
3440,0.8,1,0.8110144999345292,2.44707,1.8518479,1.178846
3441,0.8,1,0.8152404962628244,2.509194,1.9562849,0.96037245
3442,0.85,1,0.8416943585838679,2.8073282,2.316535,0.8398813
3443,0.8,1,0.7982626830556123,2.2820907,1.7473072,0.5230633
3444,0.825,1,0.8096461315742249,2.4658704,1.9312162,0.86050963
3445,0.825,1,0.8271428031089112,2.6166372,2.0468726,0.7295972
3446,0.65,1,0.8761253841218539,3.480267,2.7053823,1.1306963
3447,0.9,1,0.8184157795090226,2.5553427,2.0853705,0.79938996
3448,0.825,1,0.7988230636173963,2.2890167,1.7673824,0.9184216
3449,0.95,1,0.8231075643912995,2.639564,2.2479143,0.924484
3450,0.825,1,0.7897504550679709,2.2249477,1.6257256,1.0463431
3451,0.575,1,0.794012498599417,2.5235186,1.7709895,0.7984828
3452,0.95,1,0.832945809722979,2.711722,2.1267738,0.94846475
3453,0.85,1,0.8222142503641074,2.550356,2.0022736,0.46844032
3454,0.725,1,0.7912860339676377,2.3473892,1.7380099,1.2052332
3455,0.925,1,0.8241620802353601,2.5734777,2.0805206,0.851897
3456,0.625,1,0.8305545229395831,2.6489484,2.1098886,0.8506149
3457,0.8,1,0.7903611571959356,2.1990075,1.68878,0.5656401
3458,0.8,1,0.8061330302818204,2.3619509,1.8397559,0.63312256
3459,0.8,1,0.7748721125571343,2.0466638,1.5100683,0.77692294
3460,0.975,1,0.8666284803134023,3.068316,2.5918345,0.6726552
3461,0.55,1,0.822666821226822,2.5880604,2.0849345,0.762184
3462,0.9,1,0.7937259324244601,2.2652278,1.737048,0.66804135
3463,0.875,1,0.7744120089179674,2.3080359,1.6028008,0.96097445
3464,0.725,1,0.8419874224029906,2.7975616,2.2240944,1.1321003
3465,0.875,1,0.8057265581605252,2.4361224,1.9427857,1.09756
3466,0.825,1,0.8288151463329435,2.6608663,2.0371084,1.0422182
3467,0.725,1,0.8171979776265205,2.5388794,1.9373144,1.1404501
3468,0.775,1,0.7696338475329474,2.107726,1.5060539,1.1356081
3469,0.925,0,0.7429250798845191,1.8099298,1.578357,0.9288081
3470,0.75,0,0.7808163252953494,2.25244,2.2344217,0.28300294
3471,0.925,1,0.8381643232284129,2.7834082,2.2691617,1.1170648
3472,0.825,1,0.8337090601689204,2.7007008,2.2290106,0.6091212
3473,0.675,1,0.8223267118643873,2.5837872,2.0549521,0.89509
3474,0.85,1,0.7940609233629639,2.2243662,1.658013,0.76278305
3475,0.95,1,0.8255131834420415,2.6197689,2.1205065,0.05806467
3476,0.925,1,0.8411204108218095,2.7647135,2.2500825,0.6034663
3477,0.775,1,0.7586216875488989,1.8516835,1.2649343,0.9782841
3478,0.75,1,0.8322442422113423,2.7247508,2.2452245,0.87402415
3479,1.0,1,0.8296381873810272,2.6448631,2.0777302,0.8712398
3480,0.925,0,0.8183970978260449,2.6347704,2.5714908,0.20493338
3481,0.625,0,0.7564924659803947,2.0856194,1.9505961,0.7664509
3482,0.8,1,0.829031683349897,2.6601248,2.1116018,1.2258445
3483,0.8,1,0.8055658075856862,2.404798,1.8765227,1.1497546
3484,0.9,1,0.803231835543727,2.3314261,1.7853099,0.7962421
3485,0.775,1,0.8471461015324766,2.8578787,2.3658574,0.8518076
3486,0.95,1,0.7263132148113335,1.7884148,1.088912,0.73901594
3487,0.875,1,0.8239371219472202,2.576476,2.0263152,1.1569759
3488,0.95,0,0.7388977620185286,1.7762977,1.6571524,0.7439394
3489,0.875,1,0.840139926682056,2.7877617,2.2733476,0.8753706
3490,0.675,0,0.6729876087914592,1.0474263,0.97515154,0.9271693
3491,0.975,1,0.8061967658929301,2.4107738,1.8642075,0.9062139
3492,0.95,0,0.7898970231574047,2.3434792,2.2890444,0.5527847
3493,0.775,1,0.7700818348095613,1.9739289,1.4391344,0.66543984
3494,0.8,1,0.7203062618242805,1.8142335,1.0066929,0.9223896
3495,0.625,0,0.6728497428559908,1.2566638,0.9009726,0.57722294
3496,0.9,1,0.8617740187052182,3.0298877,2.503243,0.9458083
3497,0.75,1,0.794018472369464,2.5626416,1.8650116,1.1472012
3498,0.85,1,0.7608158969107658,1.9828119,1.296637,1.2216214
3499,0.6,0,0.6984687605116949,1.432107,1.2540997,0.8238895
3500,0.875,1,0.8214580626466081,2.6039357,2.0607162,1.0777193
3501,0.65,0,0.7536524895076151,1.9720721,1.8173255,0.93561304
3502,0.925,1,0.8714254118288693,3.1787353,2.7358465,0.6629479
3503,0.775,1,0.8168929788594381,2.5172565,2.0632362,0.35770175
3504,0.825,1,0.824400404267505,2.6350296,2.134924,0.8713187
3505,0.575,1,0.7808325783246498,2.0898414,1.5385523,0.945282
3506,0.775,0,0.7208089172888851,1.6865861,1.579148,0.5366453
3507,0.95,1,0.8717727077294041,3.115246,2.5921273,0.81647146
3508,0.875,1,0.7505563117896101,1.8722545,1.236246,1.3237789
3509,0.825,1,0.8587259836898686,2.9964862,2.4721146,0.6962404
3510,0.925,1,0.8486548113350176,2.9109437,2.405029,1.0409756
3511,0.85,1,0.8482417119256573,2.8882039,2.3173852,0.93797004
3512,0.975,1,0.8628181925197701,3.0364196,2.5591192,0.775831
3513,0.65,0,0.7287913175852098,1.5983753,1.465732,0.54296947
3514,0.8,1,0.8410337145147465,2.7587557,2.245217,0.4693425
3515,0.775,1,0.8473879593238541,2.8901298,2.431219,0.4872286
3516,0.875,1,0.7933824386692079,2.3630905,1.7971582,1.0164273
3517,0.925,1,0.8487211990414811,2.889508,2.417378,0.6463175
3518,0.85,0,0.7851944393710742,2.355637,2.2360287,0.71816134
3519,0.85,1,0.8201447984444792,2.6838179,2.0847518,1.1087335
3520,0.675,0,0.7293631034769025,1.761195,1.5768218,0.8229625
3521,0.525,0,0.7799719814051909,2.239826,2.171886,0.82734156
3522,0.825,1,0.7642667624651752,1.9198674,1.3947082,0.86990106
3523,0.7,1,0.8011722289874114,2.3404112,1.8059728,0.86537635
3524,0.825,1,0.8286393150920401,2.6832626,2.1665912,0.972201
3525,0.7,1,0.7324831202145015,1.6601712,1.0886539,0.47230998
3526,0.775,1,0.7967755102927675,2.3057199,1.745167,1.1438969
3527,0.825,1,0.8237887229572792,2.5759997,2.0434763,0.9393598
3528,0.675,0,0.7179183093496637,1.8159506,1.4776086,0.5351186
3529,0.8,1,0.8182584924592486,2.5005295,1.9493507,0.62890804
3530,0.825,1,0.8121038480236717,2.471686,1.9659231,0.8820578
3531,0.725,1,0.7482555707301507,2.0047317,1.3740412,0.49617556
3532,0.825,1,0.778597725819418,2.0603433,1.5416124,0.56578124
3533,0.775,0,0.7600653099514454,2.1183348,1.9995294,0.3635616
3534,0.825,1,0.8039676441192624,2.4079275,1.8700581,1.1507266
3535,0.775,1,0.8287089205762941,2.6484013,2.1423187,0.78831244
3536,0.725,1,0.7482396751353031,1.7170348,1.1467006,0.8300239
3537,0.9,0,0.7170588391935135,1.5996732,1.3943205,0.6591586
3538,0.75,1,0.7934859579299356,2.2380164,1.6671902,0.57273066
3539,0.875,0,0.7634373676425301,2.0611107,1.9624395,0.5466956
3540,0.875,1,0.7927765296149907,2.2186828,1.6276001,0.9577428
3541,0.9,1,0.8407228603872207,2.7779965,2.2243345,0.9305315
3542,0.9,1,0.8735537207288901,3.1704073,2.671926,0.8824874
3543,0.875,1,0.8222489152643795,2.5876393,2.026883,0.82612693
3544,0.775,1,0.8502067553284696,2.9224982,2.4707055,0.6987412
3545,0.975,1,0.8282982770976004,2.8013666,2.2911391,0.9286796
3546,0.725,1,0.8144322459104453,2.797225,2.0674586,0.8843076
3547,0.65,1,0.7940863321544253,2.2395287,1.6831304,0.594144
3548,0.775,1,0.8136176497241694,2.4433856,1.9286917,0.5920986
3549,1.0,1,0.8324861684259242,2.6961014,2.2054949,0.715974
3550,0.875,1,0.7741030036592899,2.3352754,1.6881294,0.40366492
3551,0.85,1,0.8486937822688269,2.8668108,2.387995,0.7226323
3552,0.65,1,0.767212262152605,1.9565663,1.431368,0.35409677
3553,0.825,0,0.7465449470611407,1.931925,1.7896616,0.013619676
3554,0.85,1,0.8443495803154291,2.8399806,2.3618772,0.67463183
3555,0.925,1,0.8164602580429624,2.5169878,2.0274248,0.6347369
3556,0.675,0,0.7188443598867024,1.6115372,1.4294058,0.5098746
3557,0.775,1,0.8479501677920447,2.8637514,2.3759325,0.61354625
3558,0.9,1,0.8254050981422365,2.5789418,2.0377195,0.63117516
3559,0.8,1,0.8397914986733857,2.8079188,2.230195,1.0481229
3560,0.725,1,0.7468156577401024,1.985843,1.2103246,1.3308342
3561,0.625,1,0.7847867733721118,2.158848,1.5844675,0.93909144
3562,0.625,1,0.8007808840532518,2.6043015,1.8841236,0.82653666
3563,0.65,0,0.7912829705433156,2.3496647,2.2059429,0.28248632
3564,0.725,1,0.859095308930585,2.9894185,2.5249794,0.63033926
3565,0.975,1,0.7913969882122378,2.2083368,1.7364068,0.8305634
3566,0.8,1,0.8040359062450295,2.4065294,1.8626896,1.0146462
3567,0.725,1,0.8298832126814228,2.6592112,2.118383,0.78487515
3568,0.8,0,0.763326450663224,2.0205963,1.9352123,0.43251893
3569,0.825,1,0.8325549376925898,2.706643,2.1234772,1.1685742
3570,0.925,1,0.798422688465907,2.2870362,1.7376776,0.8952124
3571,0.825,0,0.8138291362347484,2.638316,2.5715563,0.4893367
3572,0.75,1,0.7641907871777305,2.1873107,1.5219883,0.81876457
3573,0.7,1,0.7132598891737287,1.7037783,0.86584985,1.0649606
3574,0.7,1,0.8173473734891497,2.5324745,2.0136113,0.7949399
3575,0.85,1,0.8404375868952856,2.7564268,2.253275,0.5361018
3576,0.725,1,0.8171420941727016,2.507249,1.8757769,1.174015
3577,0.775,0,0.7903181244246698,2.2966638,2.2038352,0.100546375
3578,0.975,1,0.8104607537294439,2.464223,1.9248273,1.1236209
3579,0.825,1,0.8221417708906654,2.6094332,2.1499472,0.24959359
3580,0.825,1,0.8166839835962866,2.527834,1.9733875,0.9430394
3581,0.65,0,0.7299859251634075,1.7280507,1.5440321,0.63705194
3582,0.75,0,0.7009447409441221,1.4815599,1.2345188,1.4723125
3583,0.75,0,0.7789888095547903,2.203948,2.1350596,0.29588494
3584,0.9,1,0.8264250746588099,2.6328566,2.1342998,0.49653545
3585,0.875,1,0.8047504391594617,2.5250626,1.9308326,1.0175875
3586,0.975,1,0.7999234437262552,2.348879,1.8298302,0.31967017
3587,0.8,1,0.8304877289434467,2.6794348,2.154478,0.66187894
3588,0.95,1,0.7788065413069212,2.0969043,1.5718975,0.56755364
3589,0.9,0,0.8072221001122473,2.4975126,2.4573612,0.07583305
3590,0.675,1,0.7710944888313711,2.0616317,1.4913902,0.44298112
3591,0.925,1,0.7469335131804175,1.8236767,1.2418646,0.8278413
3592,0.575,1,0.7919644838581381,2.5432315,1.9422157,0.6872901
3593,0.75,1,0.7929522809059879,2.2621522,1.7199687,0.8435799
3594,0.75,1,0.8617923102466607,3.1004577,2.6328237,0.85667837
3595,0.8,1,0.7780331896244959,2.0548298,1.5348818,0.84785235
3596,0.675,0,0.7777281436414765,2.1833713,2.1067219,0.74695265
3597,0.7,0,0.7572737422836091,2.0001485,1.8806759,0.8572781
3598,0.85,1,0.804308808793015,2.4941733,1.8938514,1.2466927
3599,0.7,0,0.7890463112193239,2.31124,2.207151,0.2551397
3600,0.9,1,0.8347724827173737,2.733408,2.2138677,1.2689743
3601,0.85,1,0.8210534801068892,2.5557213,1.9655582,1.1930816
3602,0.8,1,0.8303561800662103,2.6366858,2.1000195,0.58358955
3603,0.975,1,0.8323996692730968,3.01824,2.3521953,0.5640018
3604,0.875,1,0.7964254175932646,2.3071542,1.7268057,1.0923125
3605,0.95,0,0.8173934133609263,2.6753445,2.5990686,0.6512774
3606,0.775,1,0.8325626402021677,2.6759343,2.121863,1.0774465
3607,0.85,1,0.8322320197743418,2.6919737,2.1000776,0.87905777
3608,0.75,1,0.7651199490066056,1.930327,1.3714724,0.86758876
3609,0.75,0,0.7527516370497461,1.9209658,1.8377674,-0.081003696
3610,0.925,1,0.8482597937071348,2.8753445,2.3668282,0.696133
3611,0.95,1,0.8428611869049092,2.8416224,2.336244,1.0193759
3612,0.9,1,0.8107494318469329,2.4550903,1.928512,0.6145196
3613,0.6,0,0.7477384686334972,1.8494229,1.6490777,0.6778151
3614,0.925,1,0.8136268950172016,2.5347548,2.0722752,0.7553741
3615,0.7,1,0.8023026916601305,2.358408,1.7808276,1.0908456
3616,0.85,0,0.7817662502040923,2.222929,2.1723695,0.45322344
3617,0.725,1,0.8525346867720985,2.9576201,2.4728222,0.7043108
3618,0.925,1,0.824987781799317,2.5854068,2.029851,0.9394425
3619,0.875,1,0.8272516991892447,2.63241,2.1651974,0.17179677
3620,0.8,1,0.8388890838258077,2.8000617,2.298207,0.7865714
3621,0.75,1,0.8152873244755984,2.5161204,1.984943,0.82528114
3622,0.725,1,0.8393421682241677,2.7501855,2.244932,0.83940244
3623,0.8,1,0.8514260789084902,2.9364676,2.4682674,1.0753034
3624,0.9,1,0.7989383815598409,2.2926316,1.7598344,0.85448074
3625,0.975,1,0.8064755664452459,2.3980808,1.8995326,0.7147312
3626,0.825,1,0.7941354061657756,2.381852,1.8116791,0.9770365
3627,0.8,1,0.7703692162321686,2.2713807,1.5268645,1.2298054
3628,0.825,1,0.8219614540383133,2.5910554,2.0158298,0.89150155
3629,0.825,1,0.7965383940025988,2.515594,1.8059566,0.7570021
3630,0.9,1,0.8506943041613252,3.2013211,2.5768785,0.644529
3631,0.775,1,0.7783728748785983,2.092937,1.6018405,0.2073718
3632,0.85,0,0.7139408165694268,1.576555,1.304211,1.0622842
3633,0.7,1,0.7963325998562445,2.2991626,1.8420815,0.5945647
3634,0.925,1,0.8316508999684888,2.701468,2.1845756,0.7780752
3635,0.7,0,0.7472085189719434,1.8233962,1.6573913,0.80705535
3636,0.85,1,0.7971274740641893,2.3018785,1.748434,0.96291685
3637,0.95,1,0.8424349722287913,2.8027768,2.2977974,0.8775133
3638,0.9,1,0.8450036236224054,2.89037,2.388,0.8134043
3639,0.725,1,0.7687134096492738,2.075422,1.4531916,1.0110351
3640,0.7,1,0.7521536487262372,1.7616147,1.19011,0.8215444
3641,0.95,1,0.8540916065822706,2.9851985,2.4935207,0.9755666
3642,0.85,1,0.7567822409760827,1.9379275,1.3789433,0.62565994
3643,0.875,1,0.760518965597726,1.9048783,1.3410568,1.0384552
3644,0.675,0,0.6907765012166358,1.4682568,1.1860619,0.4068296
3645,0.95,1,0.8226422891912661,2.5872283,2.0961208,0.86012113
3646,0.95,1,0.8525325502612615,2.951964,2.4651718,1.0276593
3647,0.85,1,0.8417144922313552,2.8277493,2.3122025,0.88389397
3648,0.95,1,0.8138505471115414,2.48666,1.9554877,0.99180675
3649,0.85,1,0.7823379573911902,2.1316695,1.5849589,0.7397667
3650,0.95,1,0.817334231041652,2.5509772,1.9962871,1.277491
3651,0.925,1,0.8278674692947912,2.6502573,2.0891194,0.9093367
3652,0.9,1,0.8660030063081242,3.1114268,2.6524577,0.5378485
3653,0.875,1,0.838088903333885,2.7989597,2.3462477,0.35169217
3654,0.675,1,0.748753605164489,2.1123185,1.3107622,1.1223043
3655,0.75,1,0.8050644883149276,2.525307,1.9509804,0.97499394
3656,0.8,1,0.8573547172856628,3.010459,2.533139,0.6160531
3657,0.875,1,0.8726052066786883,3.1903028,2.7222059,0.73336387
3658,0.725,0,0.811666426806205,2.642807,2.569783,0.7496191
3659,0.875,1,0.8585522961572318,3.0290127,2.569675,0.8151324
3660,0.725,0,0.712959167567601,1.604414,1.3839486,1.4287553
3661,0.75,1,0.8443111649045958,2.840815,2.2300467,1.4285607
3662,0.675,1,0.8130701725122687,2.4709058,1.9571227,0.42497516
3663,0.85,1,0.7745752239993922,2.0156946,1.4394987,0.8336685
3664,0.9,1,0.8652855019992691,3.1091166,2.6792796,0.4237567
3665,0.925,0,0.8160047580858912,2.6512942,2.5765212,0.4453512
3666,0.875,1,0.8053774143532665,2.383566,1.7971679,1.0289034
3667,0.5,0,0.7063375366104251,1.7531204,1.4440632,0.59978735
3668,0.675,0,0.7100932527522437,1.5311612,1.3346219,0.96722245
3669,0.8,1,0.7724320619922914,2.109939,1.5476077,0.62582076
3670,0.75,1,0.7530462666246229,2.0565898,1.2541499,0.9809711
3671,0.875,1,0.841206795479946,2.7995532,2.290088,1.0095546
3672,0.95,1,0.8343573255541751,2.7186668,2.2379835,0.54853344
3673,0.925,1,0.8382458796155948,2.791442,2.3098874,1.0066477
3674,0.825,1,0.7756882011987393,2.0478556,1.4299436,1.2108514
3675,0.675,1,0.8025781891569793,2.313577,1.7980942,0.61632335
3676,0.875,1,0.828857977793577,2.6299758,2.0321531,0.7971848
3677,0.85,1,0.826975675136497,2.6216145,2.1091502,0.8428346
3678,0.95,1,0.825748970874065,2.8877776,2.205485,0.48191938
3679,0.7,0,0.7252492865590224,1.7388746,1.5594261,1.1640265
3680,0.75,1,0.7941539704618963,2.2710013,1.7276887,1.0207219
3681,0.85,1,0.7742673712884774,2.013957,1.4355184,0.69774365
3682,0.6,1,0.8150907061196422,2.5254934,2.0275416,0.8156873
3683,0.825,1,0.7636145020290823,1.8851959,1.3707807,0.15872492
3684,0.85,1,0.8614183572256513,3.054607,2.5730352,0.7808721
3685,0.7,1,0.8334235350640831,2.733388,2.309699,0.35777506
3686,0.65,1,0.7999144273076837,2.317331,1.7384305,0.8309834
3687,0.6,1,0.8239025999733276,2.6294565,2.1428423,0.49944314
3688,0.775,0,0.7680381784465199,2.0484707,1.9488261,0.50517714
3689,0.875,1,0.7731285313056171,2.0341158,1.5219113,1.0383087
3690,0.825,0,0.6908026390598078,1.3259376,1.1598382,0.16312107
3691,0.85,1,0.8376774786425407,2.7150736,2.1928113,0.47627118
3692,0.725,1,0.8289863540206002,2.6660535,2.1246722,1.051643
3693,0.85,1,0.7991973036816622,2.3232832,1.6975887,1.2075038
3694,0.7,1,0.7873458931461186,2.1796732,1.6551918,0.5743537
3695,0.775,1,0.8110850732333295,2.4594197,1.9066436,0.9448322
3696,0.825,1,0.8421375475672501,2.8349562,2.356801,0.86288
3697,0.725,1,0.8027122455526892,2.3782735,1.8430154,1.0068878
3698,0.975,1,0.8569911704646703,2.989077,2.4781044,0.957772
3699,0.675,0,0.7064060444665091,1.454829,1.2371091,1.0299209
3700,0.95,1,0.8646727232735075,3.0539742,2.5742707,0.7364845
3701,0.85,1,0.7913257758143005,2.2054832,1.6433985,1.0870992
3702,0.8,1,0.8027540272946765,2.3651295,1.8308251,0.89599013
3703,0.9,1,0.7978977367978213,2.3153214,1.7917416,1.1490532
3704,0.6,1,0.8160739526762032,2.5094724,1.9689009,0.82708
3705,0.725,1,0.7911889927014715,2.2104092,1.6808155,0.7431295
3706,0.85,1,0.8406196841611053,2.822394,2.2963965,0.59568083
3707,0.775,1,0.769898055065234,2.0136695,1.4126998,0.6520139
3708,0.95,1,0.835929668134664,2.718852,2.1877007,0.9155549
3709,0.775,1,0.8303239489491067,2.636766,2.1191487,0.73752594
3710,0.875,1,0.8264433248163383,2.624413,2.1086671,0.9107088
3711,0.925,1,0.754970427192412,1.7982526,1.2393082,0.67979205
3712,0.875,1,0.8221990474550425,2.7333093,2.1518974,1.2358125
3713,0.7,1,0.8297191051731809,2.6886492,2.185042,1.0163196
3714,0.8,1,0.8077907786743052,2.4098067,1.8448701,1.0385592
3715,0.825,1,0.7920727847805027,2.2225106,1.7630366,0.9932089
3716,0.6,1,0.8033709463817905,2.3944354,1.9993899,-0.045378596
3717,0.65,1,0.7552032646012061,1.9207181,1.3169718,0.76819205
3718,0.725,1,0.7812248836953294,2.4884353,1.659496,0.9283397
3719,0.85,1,0.7576392163215355,2.1167636,1.3339077,1.0913745
3720,0.725,1,0.7505360416168909,1.8598019,1.2792578,0.68592954
3721,0.925,1,0.7987813336164669,2.2842054,1.7735095,0.50193226
3722,0.7,1,0.8452127338242815,2.8540654,2.3155708,1.0433414
3723,0.8,0,0.7814645132001055,2.198286,2.0472796,0.24132563
3724,0.975,1,0.8314025855332654,2.7002876,2.1265807,0.8825997
3725,0.775,1,0.8260536177453834,2.8876696,2.1816282,1.0697984
3726,0.875,1,0.8435584684522668,2.8127246,2.3204095,0.66323876
3727,0.475,0,0.7231144247081602,1.6361876,1.400735,0.58029616
3728,0.85,1,0.8121467335804872,2.594349,2.0737789,0.5163758
3729,0.775,1,0.7906702228714924,2.2229822,1.687782,0.8043952
3730,0.85,1,0.8715165690366667,3.160101,2.662915,0.5650469
3731,0.8,1,0.7831127642927758,2.1260872,1.5722122,0.7093246
3732,0.75,1,0.8619751087881622,3.0541246,2.5994291,0.7586713
3733,0.85,1,0.7916736127259144,2.2346072,1.7265342,0.5924393
3734,0.95,1,0.8235500195638187,2.6129699,2.0767512,0.76836836
3735,0.9,1,0.7938762289520046,2.3598285,1.8107619,0.6394664
3736,0.825,1,0.7927516386026093,2.2228503,1.6440127,0.6306826
3737,0.575,1,0.842439993187362,2.8231459,2.2541437,1.0094372
3738,0.725,1,0.839857796183462,2.8203168,2.3484643,0.71117043
3739,0.725,1,0.8464650785030884,2.882045,2.3954806,0.92491496
3740,0.725,1,0.7997315229869522,2.3428712,1.8357015,0.9764359
3741,0.9,1,0.8453857073303167,2.824609,2.2446063,1.0111716
3742,0.65,1,0.7723011093998311,2.0278745,1.4529383,1.0971904
3743,0.875,1,0.8531723640098886,2.9161642,2.419972,0.84542763
3744,0.875,0,0.7532392653049647,1.9116387,1.7548695,0.9841956
3745,0.825,1,0.8336560903249479,2.7196484,2.2111585,0.82690334
3746,0.675,1,0.853996703991075,3.0035267,2.490666,1.039727
3747,0.925,1,0.8393172765286598,2.7976463,2.2555542,1.1716862
3748,0.85,1,0.8494111277918699,2.898972,2.3078551,1.337322
3749,0.925,1,0.7260670183818678,1.5894766,1.1033021,0.064714044
3750,0.7,0,0.740850198925139,1.8655827,1.7284958,0.85663104
3751,0.875,1,0.8320735633121594,2.6759372,2.1441014,0.7454753
3752,0.85,1,0.8414580345761854,2.8097491,2.241121,1.0918696
3753,0.95,1,0.8780024772420232,3.2323093,2.7407165,0.4775755
3754,0.8,1,0.809014046843017,2.3911538,1.8249687,0.6813276
3755,0.75,1,0.7747499638956529,2.001894,1.4795607,0.50262797
3756,0.925,0,0.793808429596333,2.3592513,2.2505856,0.37286186
3757,0.975,1,0.8423014689812712,2.8131495,2.318553,0.5930716
3758,0.725,1,0.8392667358309545,2.7867067,2.2746725,0.7378968
3759,0.875,1,0.836907388727258,2.7855158,2.2448814,1.2424093
3760,0.725,1,0.8422163034006602,2.8199027,2.3397098,0.83758736
3761,0.875,1,0.8401914060268925,2.8160086,2.2943811,1.0767614
3762,0.85,1,0.8283466428837227,2.689688,2.173235,1.0416429
3763,0.825,1,0.7683910601080994,1.9823399,1.4667886,0.7860143
3764,0.875,1,0.789177988683909,2.5023243,1.7634006,0.66474926
3765,0.8,1,0.8132835195802287,2.502931,1.9649181,1.0022614
3766,0.975,0,0.7681637419090561,2.0506835,1.9328737,0.2877773
3767,0.875,1,0.799806907484358,2.2921605,1.7667058,0.72163904
3768,0.55,1,0.7620377997841217,2.182778,1.5259563,0.48538718
3769,0.825,1,0.8265315963897848,2.6461139,2.119542,0.5393059
3770,0.75,1,0.8719980547747895,3.1708345,2.7109308,0.7320329
3771,0.875,0,0.8101154580880893,2.5356846,2.5090685,-0.02008298
3772,0.775,1,0.8035801809635992,2.4004858,1.8720119,0.98214495
3773,0.925,1,0.8420393051725859,2.8252907,2.3104813,1.0818213
3774,0.85,1,0.8134012689378021,2.4710908,1.8977851,1.01214
3775,0.775,1,0.8115409470417279,2.4627993,1.91963,0.9025452
3776,0.775,1,0.767843441700824,2.0868788,1.4909897,0.88165224
3777,0.95,0,0.8616027333930185,3.1890354,3.1520593,0.43624005
3778,0.925,1,0.8441541886006856,2.8454185,2.3057773,0.7323822
3779,0.85,1,0.8241954722687417,2.5856967,2.0369968,1.0294539
3780,0.7,1,0.8334620448321084,2.7191343,2.2053423,0.8947077
3781,0.75,1,0.8804156630724592,3.2637076,2.7559834,0.81759715
3782,0.575,0,0.7629747100049309,2.1630244,2.0477653,0.8554765
3783,0.6,1,0.8582176354023775,2.9912145,2.4849653,0.69312763
3784,0.775,1,0.827849607983589,2.623384,2.0846033,0.64778423
3785,0.725,1,0.8413498524862753,2.7527652,2.2202992,0.74655473
3786,0.725,1,0.7574199388062502,1.9550922,1.3648992,1.0614372
3787,0.975,0,0.7507766034659251,1.9105088,1.9201821,0.2285408
3788,0.775,1,0.8740240821315939,3.1962419,2.7279475,0.38626787
3789,0.9,1,0.8355169324376998,2.7328732,2.205902,0.76628995
3790,0.775,1,0.7698946006133947,2.0026486,1.5003479,0.78654754
3791,0.8,1,0.823670675053443,2.588657,1.998453,1.181707
3792,0.825,1,0.8201015843573787,2.522028,1.9611498,0.76621723
3793,0.9,1,0.8704328756435364,3.15655,2.7062817,0.67294466
3794,0.925,0,0.7237326638943127,1.7109761,1.5348272,0.58792245
3795,0.725,1,0.7849636219072369,2.4478378,1.8014787,0.47985467
3796,0.9,1,0.8280932220528157,2.960786,2.2568402,0.9157598
3797,0.875,1,0.8042310240354602,2.3354764,1.7746878,0.5563743
3798,0.575,0,0.6779425285643168,1.4215144,0.95935607,0.8741574
3799,0.825,1,0.8209528349490496,2.5343661,2.0144868,0.9687302
3800,0.925,1,0.7460442699271712,1.8207482,1.1365944,1.3270924
3801,0.9,1,0.8234890926930586,2.6030016,2.1402378,0.97678816
3802,0.9,1,0.8418618313492954,2.8329692,2.2875786,0.94922984
3803,0.85,1,0.8277485399196797,2.916099,2.2230783,0.90578294
3804,0.6,1,0.8090575718364104,2.4885933,1.9264963,1.2346121
3805,0.875,1,0.7744778099439293,2.0291848,1.4782591,1.0116135
3806,0.8,1,0.7801602664061213,2.2919645,1.7214658,1.2434365
3807,1.0,1,0.863183919433905,3.0754843,2.5486524,0.91036963
3808,0.825,1,0.7969475555261234,2.5898159,1.9257993,0.39084944
3809,0.95,1,0.8634386367124949,3.091579,2.6412485,0.7059201
3810,0.85,1,0.8618456809862254,3.31827,2.585536,0.779685
3811,0.975,0,0.7778908296456863,2.2156959,2.118002,0.42446518
3812,0.775,1,0.8018123357859327,2.3789892,1.8864895,0.8163173
3813,0.85,1,0.7583041316814504,1.9566119,1.3355823,0.8019583
3814,0.775,1,0.8630180083561008,3.0668156,2.593878,0.5006058
3815,0.925,0,0.7693437626721084,2.1195054,1.9876893,0.8052944
3816,0.825,1,0.82891732928113,2.6383007,2.0758047,0.8041693
3817,0.825,1,0.8247349749118644,2.618083,2.110843,0.68701243
3818,0.75,1,0.8001736729929285,2.3369586,1.805437,0.75634134
3819,0.8,1,0.7956516632353849,2.3984344,1.8386376,1.1376641
3820,0.95,1,0.8447901045619983,2.8463035,2.3935823,0.5145091
3821,0.8,1,0.7708440076648224,1.9972309,1.4240386,0.8676665
3822,0.75,1,0.8526556472249864,3.005065,2.4783359,1.4159242
3823,0.75,1,0.8251389075157249,2.6232324,2.0847282,1.10351
3824,0.575,1,0.7915537953564266,2.2275763,1.7167201,1.0724459
3825,0.75,1,0.7932758240114093,2.2632084,1.7522092,1.1312166
3826,0.7,1,0.8199796139101797,2.5464573,2.0791035,0.4327744
3827,0.925,1,0.8436390752585337,2.8385491,2.331984,0.5370474
3828,0.775,1,0.8726871776422879,3.1435199,2.650937,0.91572654
3829,1.0,0,0.8048813390654486,2.493696,2.4215076,0.25252673
3830,1.0,1,0.8430560836099985,2.802423,2.2587402,0.8343235
3831,0.8,1,0.9015371837648208,3.47471,2.962739,0.7533438
3832,0.875,1,0.8110965699613275,2.4574802,1.8372377,1.0694616
3833,0.725,1,0.8113652459979208,2.4589047,1.9978105,0.6634419
3834,0.75,1,0.7824991254946752,2.1421678,1.5255046,0.9099891
3835,0.75,1,0.8496115036720047,2.9113302,2.4215438,0.73507226
3836,0.725,1,0.8243069948447449,2.8976994,2.2833219,0.5087626
3837,0.95,1,0.825394182766538,2.6242414,2.1162355,0.7105057
3838,0.95,1,0.8471647192361103,2.8669848,2.3679183,1.1172695
3839,0.725,1,0.7769290706025109,2.178242,1.6981493,0.7490431
3840,0.775,1,0.8135455191910759,2.4981322,1.9977064,0.7177584
3841,0.875,1,0.7770422681415885,2.085466,1.5868615,0.41813016
3842,0.875,1,0.7765756600305279,2.073151,1.5145003,1.243343
3843,0.75,1,0.7669479618736308,2.058741,1.4664198,1.1381118
3844,0.825,1,0.8525770454083169,2.9199686,2.4888835,0.5924119
3845,0.875,0,0.7787286741120276,2.2129536,2.125844,0.46712145
3846,0.925,1,0.8494122158437731,2.9131808,2.424395,0.8452194
3847,0.825,1,0.853346528307809,2.9558187,2.423808,1.0288922
3848,0.875,0,0.780771235390763,2.2450457,2.164195,0.8490349
3849,0.775,1,0.7529525166937302,1.8976665,1.2947348,0.76038766
3850,0.85,1,0.8922309435087461,3.4100332,2.905288,1.0616922
3851,0.95,1,0.8533621975004146,2.9655282,2.4896564,0.9726927
3852,0.825,1,0.8197443500828762,2.5621312,2.0733383,0.52389014
3853,0.85,1,0.8201430310823357,2.570727,2.0850935,0.9842142
3854,0.725,1,0.7795874904358122,2.0902548,1.5625494,0.47989622
3855,0.65,1,0.8127322522940561,2.4746628,1.9588434,0.82057583
3856,0.725,1,0.7707661504333014,1.9889122,1.5082462,0.65751016
3857,0.95,1,0.8271869027178165,2.605698,2.055624,0.6396476
3858,0.75,1,0.7578743274220165,1.9464891,1.3719704,0.7997241
3859,0.75,1,0.7949988803145631,2.2684016,1.7431445,0.84400904
3860,0.825,1,0.826974913505568,2.619615,2.1419747,0.6722069
3861,0.7,1,0.8193365296598759,2.558714,2.0379858,0.8028941
3862,0.8,1,0.825776549154176,2.772974,2.1955009,1.2028584
3863,0.825,1,0.785523434321181,2.1733751,1.6423897,0.94841135
3864,0.725,0,0.7307567033291631,1.6506398,1.547781,0.6940681
3865,0.825,0,0.7554346568796975,1.911619,1.7966386,0.57565737
3866,0.7,0,0.7289330213830957,1.6448022,1.5893548,0.6739563
3867,0.6,1,0.8489995849242531,2.912603,2.448995,0.69035685
3868,0.875,1,0.8204449056913061,2.5583458,2.0554223,0.8496281
3869,0.85,1,0.7837886123164848,2.1174624,1.5943702,0.5385575
3870,0.8,1,0.8096431547881073,2.4542966,1.8565546,1.0947334
3871,0.8,1,0.7575173147783756,2.1109276,1.3245848,1.3928182
3872,0.975,1,0.8146432513673467,2.5936253,2.046268,0.9788512
3873,0.725,1,0.8276578839118147,2.6603777,2.1073446,1.068774
3874,0.9,1,0.8130114753088882,2.4452238,1.8693607,1.0917053
3875,0.875,0,0.8566395003858944,3.106701,3.0082593,0.33920392
3876,0.8,1,0.772704532886963,2.0275002,1.4939743,0.9915736
3877,0.825,0,0.7654692893326298,2.0810204,1.943325,0.5952215
3878,0.925,1,0.7755021172615029,2.357945,1.6810746,0.8475814
3879,0.8,1,0.8264177525210101,2.644228,2.0789535,1.3944983
3880,0.775,0,0.7186854585815197,1.8141701,1.5158966,0.6441144
3881,0.725,1,0.853345574475588,2.9186006,2.426037,0.64925134
3882,0.825,1,0.7981162394182191,2.2731774,1.7151083,0.8007301
3883,0.7,0,0.77698678503671,2.2002065,2.1481376,0.35795864
3884,0.775,0,0.7760106731735148,2.187087,2.0755253,0.6978297
3885,0.9,1,0.7987311350499529,2.2863066,1.7188008,0.69665
3886,0.75,1,0.7911485410021686,2.2385516,1.7008771,0.7681401
3887,0.9,1,0.8167931910539108,2.5451088,1.973436,1.0824194
3888,0.725,1,0.8077625746606956,2.4103522,1.8472695,0.9307388
3889,0.75,1,0.7484801420918045,1.7341235,1.0731082,1.376479
3890,0.95,1,0.8292835644927088,2.683245,2.2064037,0.6857414
3891,0.95,1,0.8500503853230398,2.8963685,2.3776267,0.68480563
3892,0.9,0,0.8130437740074273,2.5881495,2.483835,0.37874436
3893,0.775,0,0.7823901819644363,2.258566,2.1505642,0.54558814
3894,0.85,1,0.8417514305561555,2.8182364,2.275773,0.83304656
3895,1.0,1,0.8525360507168567,2.8956482,2.3706064,0.79464614
3896,0.875,1,0.8014328970832886,2.3430471,1.8250413,1.126703
3897,0.9,1,0.8437812261688984,2.8012176,2.2666163,0.89624655
3898,0.775,1,0.8128448632375884,2.4787755,1.9221517,0.86123765
3899,0.65,1,0.7333088316834362,1.8366337,1.0482984,1.1417803
3900,0.95,1,0.7905979802616694,2.1998644,1.662981,0.71405256
3901,0.7,1,0.8035524938483027,2.3717346,1.7827314,1.1764221
3902,0.875,1,0.8134393547657774,2.5297503,2.0084023,1.008877
3903,0.825,0,0.8081909238547732,2.567361,2.4547095,0.26286265
3904,0.8,1,0.7680856356146959,2.074616,1.443206,0.98415506
3905,0.8,1,0.7811239760737808,2.1028147,1.5807569,0.9448043
3906,0.9,1,0.8160991107134244,2.4847646,1.8776177,0.97281086
3907,0.825,0,0.7268529855696653,1.7372615,1.5769119,0.85294545
3908,0.775,1,0.7818108240531962,2.0922809,1.5548692,0.8115512
3909,0.775,0,0.839408987147617,2.8603525,2.7546382,0.20025489
3910,0.75,1,0.800564062646903,2.313347,1.7477124,0.9459517
3911,0.925,1,0.8167687798486319,2.5440114,2.0459824,0.8431288
3912,0.725,0,0.7697883821355004,2.0834403,2.0248673,0.12589511
3913,0.975,1,0.839196334812894,2.8034477,2.2616658,0.87174654
3914,0.65,0,0.7106455577468762,1.8009176,1.3304161,1.0300937
3915,0.8,1,0.7253958025571275,1.5964732,0.9746103,1.1736397
3916,0.825,1,0.8504116169495409,2.9211993,2.406722,0.8228748
3917,0.7,1,0.7452962825982978,1.6878077,1.1328629,0.58208334
3918,0.5,1,0.7044514120241856,1.2493873,0.7159662,-0.21336684
3919,0.775,1,0.8181834919695399,2.5328398,2.0566018,0.8004316
3920,0.675,1,0.8215888391402668,2.6148052,2.1432498,0.75276387
3921,0.925,1,0.7964130057961889,2.2637546,1.6576214,0.9049721
3922,0.975,1,0.8519627581495623,2.965609,2.4605527,1.1007857
3923,0.85,1,0.8300065419531278,2.6700454,2.1387157,0.79064775
3924,0.675,1,0.8082416108421108,2.4178624,1.8543023,0.79810846
3925,0.875,0,0.7768411624274427,2.35996,2.238172,1.0689577
3926,0.775,1,0.862034160467117,3.0706291,2.5276318,1.2396444
3927,0.85,1,0.8407671510221562,2.7893105,2.2919157,0.50234103
3928,0.725,1,0.8108562682128874,2.4293816,1.8397884,1.1104349
3929,0.925,0,0.7526619386727027,2.031813,1.9360285,0.15880236
3930,0.75,1,0.8064258828727381,2.4041219,1.8717775,0.7722939
3931,0.8,1,0.7237540968579146,1.5706496,0.8841007,1.0505307
3932,0.7,1,0.815919725098255,2.520231,1.9734423,0.9429178
3933,0.825,1,0.8310170920445713,2.7065742,2.165839,0.9765016
3934,0.575,1,0.7918360547877201,2.2218966,1.6733401,0.67252266
3935,0.825,1,0.8474786995822147,2.908252,2.4815083,0.60449183
3936,0.775,0,0.8050170179483367,2.5437622,2.471377,0.5876579
3937,0.875,1,0.8422813891572678,2.8427489,2.4217377,0.6534499
3938,0.775,1,0.7765662280754746,2.0546498,1.4698708,1.2139686
3939,1.0,1,0.7998637601487804,2.3384151,1.8141594,0.29420257
3940,0.875,1,0.8124330607583214,2.496252,1.9786307,0.67153263
3941,0.8,1,0.8640749168803994,3.0356667,2.552524,0.46684608
3942,0.8,1,0.8096495406380319,2.4017038,1.9238445,0.7135254
3943,0.75,1,0.8141170897679356,2.5627503,1.9804193,1.5989325
3944,0.775,1,0.805781996394743,2.409802,1.8346034,0.9734937
3945,0.9,1,0.8931903634504393,3.3747241,2.8991532,0.83362246
3946,0.75,1,0.742513056926135,1.9149725,1.2139992,0.35855114
3947,0.95,1,0.837470701106515,2.753616,2.232152,0.6156666
3948,0.8,1,0.8113111219568885,2.4212227,1.8741345,0.71475816
3949,0.725,1,0.8102709783975404,2.4597168,1.9238832,0.8590679
3950,0.85,1,0.850627241657103,2.895524,2.406255,0.62329674
3951,0.825,1,0.8132840506302007,2.4855032,1.9972079,0.53839946
3952,0.975,1,0.8659148105182897,3.0757365,2.6013415,0.76681626
3953,0.9,1,0.8924773835241019,3.3809366,2.8798523,0.85899115
3954,0.775,1,0.7960875275301666,2.2854366,1.7020123,1.0215623
3955,0.725,1,0.7678482819689801,2.0508938,1.4496326,0.95771456
3956,0.85,1,0.8005832163459748,2.3239436,1.8557477,0.12231228
3957,0.7,1,0.7858989746337335,2.1238265,1.5953716,0.5807924
3958,0.9,1,0.812362534748053,2.4749694,1.9578825,0.4901171
3959,0.775,1,0.8327435935142213,2.7252333,2.1847744,0.8079481
3960,0.725,0,0.7887572182397493,2.3425748,2.2771106,0.7496327
3961,0.875,1,0.8751913911769483,3.5082998,2.8314521,1.3017585
3962,0.65,1,0.8021782076009168,2.6513565,1.9807732,0.91357064
3963,0.875,0,0.7788371620953445,2.2963266,2.1822958,0.48498544
3964,0.875,1,0.7951067608753465,2.3109608,1.8106012,1.012438
3965,0.75,0,0.7348276205491537,1.8360002,1.6837614,0.911494
3966,0.85,1,0.8724352351906197,3.189855,2.728263,0.7314215
3967,0.925,1,0.8139344391453224,2.4902062,1.850724,1.1472307
3968,0.7,0,0.8345064229627136,2.8553934,2.7555504,0.68176425
3969,0.8,1,0.8183890594288965,2.5873044,2.080709,1.0534841
3970,0.9,1,0.8326005952250213,2.6724434,2.1383262,0.6841519
3971,0.7,0,0.804075243336609,2.475597,2.3431983,0.54492843
3972,0.625,1,0.7847215925121931,2.4052544,1.6483127,1.4676069
3973,0.85,1,0.8565963963118265,3.0232408,2.508277,1.0086473
3974,0.7,0,0.7259286737133879,1.5999959,1.423792,1.0178902
3975,0.75,1,0.8010436028911657,2.3443298,1.8095155,0.88439226
3976,0.6,1,0.7203051056318692,1.7733129,0.98949933,1.1534687
3977,0.725,1,0.7562489970709967,1.8202834,1.3115277,0.8433325
3978,0.675,1,0.736870206118815,1.9953327,1.2000498,0.5834017
3979,0.875,1,0.8352812583716878,2.7548652,2.2588942,0.8635428
3980,0.65,0,0.7024951247549658,1.7315402,1.3962789,0.25485954
3981,0.825,1,0.8554078833236061,2.9851727,2.4481359,1.0603147
3982,0.775,0,0.8396794490329781,2.9274955,2.8731644,0.596691
3983,0.9,1,0.7403239631478833,1.752517,1.1888103,0.8523817
3984,0.9,1,0.8078672329035257,2.384039,1.8244125,0.5067059
3985,0.675,0,0.7812591998391327,2.1862946,2.104691,0.32851708
3986,0.8,1,0.7394773081015896,1.7350314,1.0808122,1.082548
3987,0.875,1,0.8345369304865573,2.7548254,2.2083197,0.9920744
3988,0.75,1,0.8005259819337384,2.4466019,1.8195999,1.0354598
3989,0.85,1,0.8320371362676673,2.6865716,2.1628053,0.9724685
3990,0.975,1,0.8619309892586506,3.031164,2.5619297,0.6236409
3991,0.775,1,0.7923033033916186,2.2287192,1.6924791,0.5079168
3992,0.65,1,0.7779316750353693,2.0788212,1.5459278,0.9619492
3993,0.775,1,0.78891350576906,2.2222013,1.6580961,1.0461123
3994,0.8,1,0.6618194381315973,0.8481192,0.3065103,0.25356013
3995,0.85,1,0.8539142559543776,2.9703712,2.5015006,0.70775926
3996,0.9,1,0.8243474974877187,2.6128721,2.1019745,0.9942678
3997,0.5,1,0.7966059868698783,2.2950497,1.769863,0.5479456
3998,0.75,1,0.8423125838709636,2.8017144,2.2674503,0.83212984
3999,0.85,1,0.8233843163645325,2.5942805,2.043797,0.96318734
4000,0.95,1,0.8523043861957198,2.8976674,2.3972683,0.60225105
4001,0.775,1,0.7519623732475088,2.0594673,1.2571858,1.1123704
4002,0.875,0,0.754711098351086,2.066159,1.9372208,0.65159774
4003,0.675,0,0.7291189369591158,1.7615776,1.6499028,0.580207
4004,0.775,1,0.8182358273568202,2.5461197,2.031609,0.662217
4005,0.7,1,0.7952240367308674,2.243362,1.7073518,0.7928431
4006,0.725,0,0.8206855521830426,2.7232754,2.6982784,0.606421
4007,0.9,1,0.8507724425746078,2.9443579,2.5079808,0.639974
4008,0.7,1,0.8545093137415345,2.9604943,2.471606,0.3762296
4009,0.8,1,0.8120622335528354,2.4821553,1.9831982,0.6925883
4010,0.825,1,0.8515280815018191,2.9451098,2.4498973,0.98678315
4011,0.725,1,0.8209024127395319,2.5769758,2.078106,0.9845252
4012,0.85,0,0.7907331478450871,2.3529325,2.3458066,-0.21252158
4013,0.7,1,0.8140046114718001,2.525961,2.0479066,0.8367436
4014,0.75,1,0.8101650518292187,2.738981,2.0369816,0.6505054
4015,0.625,1,0.8332301338945491,2.6883276,2.14225,1.1472055
4016,0.775,1,0.7915449133058547,2.241033,1.7060062,1.1206044
4017,0.75,1,0.843929028940673,2.8273473,2.3098087,0.75495803
4018,0.925,1,0.7996265080286864,2.3448386,1.8297497,0.7991278
4019,0.95,1,0.8512523262292413,2.9421234,2.4760103,0.6572503
4020,0.625,0,0.7148837576922293,1.6148922,1.454065,0.97613513
4021,0.925,1,0.8317103996200609,2.69896,2.1188622,1.0329401
4022,0.875,0,0.7642394810119731,2.0483727,1.9743791,0.6362641
4023,0.825,0,0.7673399971813412,2.0890517,2.0080771,0.8454188
4024,0.875,1,0.7973433208425984,2.3088763,1.7935822,0.6157788
4025,0.725,1,0.7958919774223853,2.2887907,1.7591975,0.50081086
4026,0.7,1,0.8297107948893541,2.6672266,2.112668,0.8097565
4027,0.925,1,0.8077690016304485,2.3690624,1.848961,0.61022055
4028,0.825,1,0.8655530454577369,3.1075015,2.6400633,0.68590283
4029,0.85,1,0.7792232068356886,2.0926466,1.513239,0.7439612
4030,0.825,1,0.7815912411335132,2.1249528,1.6432666,0.3843149
4031,0.525,0,0.7372703032618495,1.8534393,1.7380209,0.78669906
4032,0.95,1,0.8616110008210904,3.0281253,2.5624416,0.9274359
4033,0.9,0,0.7359846954053373,1.714467,1.5924342,0.64353836
4034,0.875,0,0.7704974889189949,2.1165874,2.0346856,0.47716537
4035,0.8,1,0.7931394622751555,2.2273698,1.6753488,0.49817613
4036,0.925,1,0.8372718246112871,2.7681623,2.2082317,0.76939666
4037,0.9,1,0.7200627189272069,1.542361,0.9403527,1.0248758
4038,0.85,1,0.8365704201557277,2.789421,2.2789905,0.7629186
4039,0.95,1,0.8551989589113236,2.9981594,2.5234325,0.942219
4040,0.825,1,0.8281262854390287,2.6700249,2.1609695,0.6825502
4041,0.8,1,0.8107023547579384,2.4268205,1.874412,0.8277894
4042,0.825,1,0.8306343954434163,2.698544,2.209225,0.9766495
4043,0.725,0,0.7932058641597929,2.3575745,2.286037,0.36281928
4044,0.825,1,0.7554528826819902,1.9154754,1.2954056,0.9816711
4045,0.875,1,0.8178631265264913,2.5268831,1.9998798,1.0774254
4046,0.85,1,0.8206475784564483,2.566066,2.0149026,0.88929415
4047,0.675,1,0.7849494075259904,2.1251326,1.5772837,0.4487168
4048,0.95,1,0.8229270889464279,2.6085327,2.0910048,0.6814381
4049,0.8,0,0.8098913551598305,2.5772486,2.5061946,0.44433352
4050,0.875,1,0.7898872991660433,2.2162387,1.7052451,0.7390919
4051,0.95,1,0.7652934848919921,2.033259,1.4248513,0.95503676
4052,0.825,0,0.7822868752404513,2.2409344,2.1140099,0.20362736
4053,0.6,0,0.7920962180995019,2.3654041,2.3167086,0.23186883
4054,0.5,1,0.7581503711490549,2.116911,1.3805208,1.2659754
4055,0.55,0,0.7620104220083865,2.0108662,1.902832,0.23059203
4056,0.8,1,0.8571174436018258,3.0122776,2.4889078,1.2232378
4057,0.975,1,0.8674705942639814,3.1167884,2.619334,0.7995527
4058,0.85,1,0.8141808716523015,2.4845798,1.9554484,0.580101
4059,0.875,1,0.8154486855639915,2.5058074,1.9351732,1.0869997
4060,0.875,1,0.8115662760886236,2.425584,1.8555567,0.93223023
4061,0.875,1,0.8310399679788738,2.705433,2.1979744,1.1566098
4062,0.65,1,0.7968877125651181,2.314714,1.8423953,0.7350544
4063,0.8,1,0.7468209002832553,1.8288951,1.2316868,0.894969
4064,0.8,1,0.7604188360331327,1.8765687,1.3815188,0.7073475
4065,0.8,1,0.7903195948549936,2.2236056,1.7683995,0.4846404
4066,0.75,1,0.8351091195395262,3.0129523,2.2732816,0.86153877
4067,0.9,1,0.8232540495448522,2.563393,1.9756582,0.64713764
4068,0.725,1,0.8660822302499559,3.082456,2.5767398,0.81077385
4069,0.675,1,0.7501345258563971,1.8817668,1.3775512,0.74365807
4070,0.925,1,0.8222766416149447,2.5972495,2.1139042,0.8311875
4071,0.725,1,0.809035131348351,2.4396596,1.911442,1.0499239
4072,0.775,0,0.6751828572415091,1.3888199,0.98986745,0.9596505
4073,0.75,1,0.7610272995919505,2.1782832,1.4473023,1.1158059
4074,0.725,1,0.8495335714454665,2.9276214,2.442903,1.0271542
4075,0.85,1,0.8139404746021345,2.4550853,1.894695,0.55048
4076,0.55,0,0.7751315211640218,2.1844728,2.1082234,0.08756611
4077,0.8,1,0.7746265100546935,2.0490658,1.4821265,1.0170403
4078,0.675,1,0.8275632093945124,2.6364994,2.08857,0.9982748
4079,0.8,1,0.7848591911336421,2.140472,1.5805707,0.58198035
4080,0.85,1,0.8191101803780458,2.5460029,2.0749388,0.53536665
4081,0.9,1,0.8152218016780421,2.4752207,1.9322206,0.951097
4082,0.95,1,0.8676501261409983,3.132999,2.6584196,0.8623719
4083,0.85,1,0.7868870841480369,2.2053256,1.7021871,0.64997745
4084,0.6,1,0.7859856859275325,2.159604,1.6280761,0.69970095
4085,0.775,1,0.8287095825513987,2.6710947,2.145932,0.9253304
4086,0.85,1,0.8242209751921563,2.6384077,2.1346803,0.78527117
4087,0.75,1,0.8106411471820152,2.458652,1.8833765,1.1174287
4088,0.7,0,0.7315353108958728,1.7511628,1.5247754,0.6315528
4089,0.85,1,0.790626073186866,2.2254963,1.6767962,1.1357157
4090,0.8,1,0.8159753604536034,2.4702106,1.9415516,0.57708657
4091,0.85,1,0.7979652730973142,2.5913963,1.8991575,0.7164352
4092,0.975,1,0.8604317340015166,3.0239468,2.5343797,0.81736183
4093,0.675,1,0.8403284368184798,2.8165462,2.3500109,0.7540754
4094,0.85,1,0.8292718464100357,2.683061,2.161511,0.86079884
4095,0.625,0,0.7038695796709955,1.6114583,1.341182,0.47361782
4096,0.8,1,0.8380002526670349,2.7786562,2.2245665,1.0864679
4097,0.9,0,0.7584084637716954,1.9515375,1.8317648,0.41302288
4098,0.7,1,0.8057092594639367,2.3891234,1.8326064,0.78869534
4099,0.775,1,0.8460520063912917,2.810597,2.261211,0.59062386
4100,0.725,1,0.8192462741451658,2.5490098,1.9718509,1.0105261
4101,0.725,1,0.8061644701111228,2.4073253,1.9376879,0.71495676
4102,0.45,0,0.662955354127446,0.97902113,0.76517725,0.47137883
4103,0.725,1,0.7971949647378098,2.5509028,1.8863938,0.66278195
4104,0.775,1,0.8017440144966228,2.3332345,1.81537,0.75133896
4105,0.95,1,0.796665093155369,2.2953053,1.672858,1.176194
4106,0.8,1,0.8331765587504003,2.6707063,2.1156313,0.940778
4107,0.925,1,0.7763998260462723,2.073779,1.493907,1.2421147
4108,0.925,1,0.8225640523791324,2.565531,2.1110737,0.7435286
4109,1.0,1,0.8948756402778979,3.4409919,2.9710116,0.8331542
4110,0.625,1,0.7987405316251048,2.3273218,1.8466991,0.69282556
4111,0.725,0,0.7548724563277394,2.2076375,1.8702917,1.0667655
4112,0.95,1,0.8469253853185503,2.8847342,2.3630915,0.8564131
4113,0.775,1,0.7569106362733622,2.1303515,1.449017,1.0822037
4114,0.75,1,0.7839285045907032,2.1666555,1.6880996,0.66382086
4115,0.75,1,0.8223482135122097,2.591589,2.004059,1.2224481
4116,0.85,1,0.8402985445744646,2.8001807,2.3098817,0.59074354
4117,0.875,1,0.8063086939347801,2.490552,1.8922668,0.833305
4118,0.7,1,0.7813137538823802,2.104714,1.5340915,1.1639656
4119,0.7,0,0.6656806360243052,0.9917233,0.7695278,0.6297833
4120,0.85,1,0.8135998571300609,2.477323,1.9351633,0.94802415
4121,0.775,1,0.733451250634594,1.6831874,1.0804931,0.9377214
4122,0.95,1,0.8595634749786416,3.0338361,2.5851517,0.63730013
4123,0.625,1,0.8377525820442645,2.7790546,2.3152833,0.74018776
4124,0.925,1,0.8403351031177559,2.7687078,2.2390337,1.0852929
4125,0.825,1,0.7529220083561605,2.0356731,1.2953911,0.94023585
4126,0.8,1,0.8607401311059486,3.039599,2.5274734,0.88564575
4127,1.0,1,0.8692667781995235,3.1127164,2.6092987,0.73275137
4128,0.625,1,0.7949514329449565,2.5781035,1.8418999,1.2159443
4129,0.75,1,0.797841916304512,2.2632525,1.7514911,0.6252326
4130,0.875,1,0.8348293232578594,2.7393425,2.1575801,1.1592138
4131,0.6,0,0.7509891825070283,1.870396,1.7434796,0.44672456
4132,0.825,1,0.8412601061592193,2.764699,2.2420878,0.90677583
4133,0.825,1,0.8392211228279323,2.801807,2.3333893,0.9669819
4134,0.75,1,0.7794312909537331,2.093274,1.5702085,0.94350934
4135,0.775,1,0.8114537372150592,2.4324362,1.8472698,0.9782368
4136,0.925,1,0.8056724112155127,2.3868318,1.8859464,0.5709889
4137,0.9,1,0.8305161076218758,2.6688123,2.093761,1.0762416
4138,0.7,0,0.7625197302042399,2.024331,1.9748435,0.5051272
4139,0.825,1,0.7467363670630933,2.00741,1.2346396,0.8386872
4140,0.65,1,0.8462798027965821,2.8710468,2.341679,0.87155116
4141,0.775,1,0.8238623629616999,2.6302073,2.0798917,0.8450357
4142,0.7,1,0.8203414571445845,2.576436,2.0640936,0.85027945
4143,0.8,1,0.846375951063083,2.841463,2.3812492,0.7386812
4144,0.95,1,0.8138269057152783,2.5146163,1.9614389,0.7404531
4145,0.825,1,0.8114916303435,2.433898,1.8695688,0.8259132
4146,0.75,1,0.8198858438433491,2.5790074,2.0265527,1.0941906
4147,0.725,1,0.8203297732443504,2.537858,2.0035372,0.4700587
4148,0.7,1,0.797871568525585,2.4099813,1.8012183,0.8462348
4149,0.95,1,0.8215630809324148,2.584909,2.0996978,0.6780721
4150,0.85,1,0.8447341470991776,2.8862777,2.388516,1.0997673
4151,0.625,0,0.6656534655776865,1.2729833,0.9207022,0.5741551
4152,0.925,1,0.8429092491510128,2.8454828,2.3523393,0.8655342
4153,0.9,0,0.7601073996437461,2.0045395,1.885522,0.773471
4154,0.8,0,0.7805866615600909,2.2594872,2.258532,0.20327756
4155,0.7,0,0.73796533537109,1.866098,1.6570653,0.84886456
4156,0.95,1,0.7893354102689908,2.21203,1.6186328,1.0169433
4157,0.825,0,0.8226219231013641,2.7190256,2.672125,0.5159229
4158,0.7,1,0.807817550529044,2.4161997,1.8322008,0.9923444
4159,0.9,1,0.8620138915902885,3.087124,2.5626688,1.1152986
