MSE,I_sep_lr,I_sep_unweight,I_sep_weighted,I_sep_svc,spearman_svc,pearson_svc,spearman_unweighted,pearson_unweighted,spearman_weighted,pearson_weighted
2.9372515538685204e+18,0.00033588537418108663,0.03835840081829394,0.041770050603612816,0.05970975966661847,0.7941480556330024,0.7757297892366162,0.7975932121337999,0.7260335814933572,0.790696878990158,0.726838368277837
1.361634065604379e+19,0.000285011237187712,0.03169805369785189,0.024990609427348383,0.07085345710744205,0.795249386844698,0.7873523695271843,0.8085302523059769,0.7590715254638307,0.8020946703754118,0.7451783384826189
0.019578439857391366,0.13527660387898446,0.03742960530030458,0.03814400749684662,0.04842628207051396,0.7977867149950779,0.7387089732805917,0.8042915950689861,0.727537255493304,0.7990120088450905,0.7178297177142411
6.7017684807378184e+16,0.00032663207164176634,0.02687907268487955,0.027623234021056972,0.05620233456917894,0.8000239409455963,0.7748422192730471,0.8044240279889573,0.7556751425648822,0.7985966730344988,0.7484234597084478
2.832307144470014e+18,0.000319282712257928,0.0539745680553429,0.04983453266967147,0.05058638339057864,0.8006555708631786,0.769157184458706,0.7854491878055712,0.7302396964900559,0.7825359753124411,0.7265392710983037
