Acc_lr,Acc_unweight,Acc_weighted,F1_lr,F1_unweight,F1_weighted,AOD_lr,AOD_unweight,AOD_weighted,EOD_lr,EOD_unweight,EOD_weighted,I_sep_lr,I_sep_unweight,I_sep_weighted,I_sep_bi,I_sep_weighted_bi
0.7976929902395741,0.7604259094942325,0.7888198757763976,0.3837837837837838,0.625,0.6530612244897959,0.026531986531986546,0.3078989898989899,0.2489360269360269,0.06,0.30266666666666664,0.22399999999999998,2.3098103986653695e-06,7.338162386087204e-05,0.000757164629425194,0.055126834100275225,0.043825112681321866
0.7835232252410167,0.7765118317265557,0.7624890446976337,0.3778337531486146,0.6463245492371706,0.6302864938608458,-0.028364492215596643,0.16193352320626153,0.18115167985336084,-0.03750000000000003,0.0708333333333333,0.08750000000000002,0.0006804506716354667,2.1992629057399072e-05,0.0006678730678757884,0.03141177183979838,0.036220205377045345
0.7895204262877442,0.7513321492007105,0.7664298401420959,0.42891566265060244,0.6226415094339622,0.6382393397524071,0.060267593140153786,0.2957680366646954,0.2126268972994284,0.09583333333333335,0.2875,0.16666666666666674,0.0016279098288908879,1.1987721475073533e-08,0.0013770571430412211,0.05338784258357559,0.035525929961871316
0.7771883289124668,0.7763041556145004,0.7674624226348364,0.3403141361256545,0.6262924667651403,0.6171761280931587,0.10365247175005107,0.26064883291042373,0.2652891132303737,0.12802275960170695,0.23873873873873874,0.23873873873873874,0.009030691797163575,0.057377684171871425,0.04561493516840794,0.04876289820185859,0.05036768298256795
0.7626666666666667,0.784,0.7813333333333333,0.337468982630273,0.6729475100942126,0.6702412868632708,0.048182252530078615,0.17612098046880664,0.16902517772082992,0.05384615384615385,0.08461538461538465,0.08461538461538465,0.003157831022203857,0.011404056946861458,0.004897666249743387,0.03582469348855539,0.03196055152306722
