AOD_lr,AOD_unweight,AOD_weighted,EOD_lr,EOD_unweight,EOD_weighted,I_sep_lr,I_sep_unweight,I_sep_weighted,I_sep_bi,I_sep_weighted_bi
0.0007366394960851563,0.24955106345894906,0.2731728182172368,-0.004475280583150165,0.2276483908824939,0.238204350485132,2.8863552830841656e-05,0.04888058556685742,0.06871617367574265,0.04352552868089244,0.05310844608143864
-0.010802198799497398,0.29799269236066644,0.2849901307286524,-0.025789840144064824,0.2800408460789694,0.25928995915886965,2.1664527233188493e-07,0.07036251866806939,0.07113776913183525,0.0592343815481153,0.05631236940081875
-0.01566231811899163,0.26504757488869574,0.26164476439465145,-0.03580836481509231,0.24286041027501526,0.23557392758275297,3.765167801334365e-06,0.07131509506616768,0.06845103814327434,0.04822933666725007,0.0479417675720151
-0.0007354663301825382,0.2698765097189113,0.27653247094682565,-0.013162419448670304,0.24673850782783002,0.25232714900173336,8.180404539830306e-05,0.06939443052191109,0.06273900842118414,0.04900705182633575,0.05123479947986975
-0.0120534563902846,0.2552234652448616,0.2471140180424396,-0.030811012610970856,0.23177914032789793,0.23177914032789793,1.6704518709326007e-06,0.06882686945734562,0.06361257846570449,0.04473274375187454,0.041238655842342
