Acc_lr,Acc_unweight,Acc_weighted,Acc_svc,F1_lr,F1_unweight,F1_weighted,F1_svc,AOD_lr,AOD_unweight,AOD_weighted,AOD_svc,EOD_lr,EOD_unweight,EOD_weighted,EOD_svc,I_sep_lr,I_sep_unweight,I_sep_weighted,I_sep_bi,I_sep_weighted_bi,I_sep_svc
0.875,0.7302631578947368,0.6973684210526315,0.7105263157894737,0.8875739644970414,0.757396449704142,0.735632183908046,0.6271186440677966,-0.08369970193740672,0.22261549925484347,0.1562965722801789,-0.2579545454545455,-0.07499999999999996,0.25,0.25,-0.42500000000000004,0.00599059171463974,0.021079167703010663,0.018987762156757345,0.02800495006987743,0.017860448359878604,0.07701968715106843
0.8552631578947368,0.7105263157894737,0.6644736842105263,0.631578947368421,0.89,0.7777777777777778,0.7536231884057971,0.5942028985507246,-0.06454108399946579,0.06195032146059487,0.1395949787282753,-0.12888471297479828,-0.08995173321632288,0.18911803422553752,0.2922334357174199,-0.27950855638437916,0.005435315116511581,0.026713971251837762,0.04314205175020334,0.008483848078997689,0.026602125678378694,0.02739464822301164
0.8223684210526315,0.6710526315789473,0.7302631578947368,0.7631578947368421,0.8343558282208589,0.7282608695652174,0.768361581920904,0.7534246575342466,-0.17383855981416957,0.07830042586140151,0.08742740998838561,-0.17754548974061163,-0.1643437862950058,0.10104529616724733,0.12485481997677117,-0.23286875725900114,0.018847796259988343,0.01565409846041898,0.00815290215150361,0.0037309000709573794,0.005490215129504853,0.023414443486210367
0.8355263157894737,0.7039473684210527,0.6513157894736842,0.47368421052631576,0.8603351955307262,0.7540983606557377,0.7165775401069518,0.047619047619047616,-0.10995370370370372,0.043436819172113283,-0.053104575163398615,-0.00428921568627451,-0.10416666666666663,-0.019607843137254832,-0.16176470588235292,-0.00857843137254902,0.010119146883518278,0.0007563468618368096,0.0008071186997752667,0.00046788944486361565,0.003371441021472645,0.00023170024483093265
0.8289473684210527,0.7302631578947368,0.6973684210526315,0.5197368421052632,0.8488372093023255,0.7544910179640718,0.735632183908046,0.6812227074235808,-0.19847670250896055,0.03456221198156684,-0.002624167946748468,-0.008064516129032251,-0.13888888888888884,0.04761904761904767,0.07539682539682546,0.0,0.02467277872962997,0.0003264466649419487,0.006486291480607939,0.0007612919800975353,0.0002426278573047499,0.00045295644263362774
