Acc_lr,Acc_unweight,Acc_weighted,Acc_svc,F1_lr,F1_unweight,F1_weighted,F1_svc,AOD_lr,AOD_unweight,AOD_weighted,AOD_svc,EOD_lr,EOD_unweight,EOD_weighted,EOD_svc,I_sep_lr,I_sep_unweight,I_sep_weighted,I_sep_bi,I_sep_weighted_bi,I_sep_svc
0.8460483835301402,0.2864092698244217,0.7125292998982796,0.2482862323647782,0.6655778653088673,0.09072978303747535,0.5971740208230044,0.3978033658104517,0.13475976519634364,-0.33211590527622276,0.3336340879491782,0.0,0.17766224475851444,-0.2671895290777698,0.2690696209933746,0.0,0.010235429109133332,0.06351085903224118,0.06789500000197653,0.08168864781740995,0.0821945795828408,1.2203074977227461e-16
0.8442793330679758,0.7112467383132104,0.7118216797134138,0.2554951129980983,0.65204071548572,0.5924723800012484,0.5937655860349127,0.3968470082407739,0.1386355979610957,0.3327492903880642,0.3298575670764241,-0.006594068257696262,0.18241064820041897,0.2603091089282802,0.25399320060717834,-0.00021326508850505466,0.011145099297057636,0.06363107467257029,0.07001359024402812,0.08446423132594577,0.08443669470864779,0.001224947116738554
0.8442351068064217,0.7120428110211844,0.2878245101941533,0.24611914554862677,0.6558530388899746,0.597315851320428,0.09355474247115114,0.39501703577512776,0.11497430964806785,0.3340983927451702,-0.3309938023378124,-0.0007009297428657302,0.1491764797633014,0.26521886483080204,-0.25918489958555607,-0.0014018594857313493,0.007979050935388312,0.07179560426976883,0.07352628244479291,0.08299009138391418,0.0826250324585075,1.0162991987246627e-06
0.8456945734377073,0.29220291008801025,0.29251249391888906,0.3216576002830481,0.6607021297286784,0.08985441310282075,0.08823026503277287,0.4194549583648751,0.15726361915613263,-0.33504864439435383,-0.3305171273880935,0.02251170440193495,0.21645658263305317,-0.2710084033613446,-0.26176470588235295,-0.0011904761904761862,0.01273006137379192,0.07181293220396542,0.07486989783323467,0.08183430200942443,0.08133652183894544,0.002233117065491623
0.8420237937287162,0.2865861748706382,0.2912741585953739,0.24647295564105967,0.6590301641848033,0.0923873290946942,0.09365986086759799,0.3954726085722396,0.13682816178624171,-0.34262165389447397,-0.345849025334789,0.0,0.17005515623440148,-0.2866264849755416,-0.2920994309673555,0.0,0.01174682140252891,0.07709372885119797,0.07042161154220526,0.08382525228037982,0.08385576259134557,1.3090330297866821e-17
