Acc_lr,Acc_unweight,Acc_weighted,Acc_svc,F1_lr,F1_unweight,F1_weighted,F1_svc,AOD_lr,AOD_unweight,AOD_weighted,AOD_svc,EOD_lr,EOD_unweight,EOD_weighted,EOD_svc,I_sep_lr,I_sep_unweight,I_sep_weighted,I_sep_bi,I_sep_weighted_bi,I_sep_svc
0.8450311795143957,0.7582592543452302,0.7734288620582902,0.24864004245721108,0.6568070519098923,0.6220439773198728,0.6371556059210992,0.39825735841037085,0.14380979412522735,0.26571052966375064,0.27081000440229486,0.0,0.19726873503956438,0.2409011734795189,0.2635397369052225,0.0,0.01079431121371287,0.06895665958627266,0.07109092846372758,0.0479605475985013,0.0475487045763129,1.8574913547198118e-17
0.8458272522223697,0.7603378886382735,0.7494582282959621,0.24682676573349255,0.6585700293829578,0.6216574739928786,0.6111072973158509,0.3951555618695837,0.11480747180203016,0.2793302564635163,0.28823540802053205,0.00037897828430599745,0.1423628481556808,0.2633195928237656,0.26021927671412215,0.0,0.008606420878476784,0.06911004187195485,0.07122339317164349,0.05116712963674249,0.05614144029369606,5.508025178346188e-05
0.8437928441908805,0.7661757551634161,0.7791340497987705,0.22475786121799124,0.6558846453624319,0.6283304042179262,0.6416475315729047,0.36564976658343284,0.1683806111467029,0.2824170392289542,0.2697699984327391,0.015553913552096454,0.2372087832987838,0.26875478784686124,0.2691760178384366,0.030732698908018996,0.013619610168244443,0.0710017317942092,0.06941856299711241,0.05260648434807637,0.04656349549757824,0.00011272868325699194
0.8433063553137853,0.7624165229313166,0.7528636504356286,0.24855158993410287,0.6541052426047057,0.6260094681147312,0.6167352537722908,0.3981438843824165,0.12406698439273939,0.2939185949901904,0.27337227470918746,0.0,0.1578427293530268,0.2807594293578276,0.24141376358195576,0.0,0.00949337456108432,0.07299181868287226,0.06885541167021018,0.056025245622305576,0.05175804706315198,2.6455626273408262e-17
0.8456945734377073,0.7716598115961257,0.760957056300031,0.24766706470302066,0.6618202965978482,0.6338038158734662,0.6235810293195905,0.3962806544344678,0.14203729427319814,0.2540995761200312,0.2561655461632678,0.00042355933452975503,0.18386734273117372,0.22464644816914303,0.21389375999710003,0.0,0.012010504686606038,0.06964763522444552,0.05981758016399985,0.0472330702809569,0.04970045560115492,7.256525489802847e-05
