Acc_lr,Acc_unweight,Acc_weighted,Acc_svc,F1_lr,F1_unweight,F1_weighted,F1_svc,AOD_lr,AOD_unweight,AOD_weighted,AOD_svc,EOD_lr,EOD_unweight,EOD_weighted,EOD_svc,I_sep_lr,I_sep_unweight,I_sep_weighted,I_sep_bi,I_sep_weighted_bi,I_sep_svc
0.7891291849099995,0.7575958604219185,0.7671045066560523,0.2490823050727522,0.3798126951092612,0.6218696102104174,0.6311808376523322,0.39882448748362426,-0.007571056682232596,0.2708496716687374,0.2640774430208989,0.0,-0.02135275826552918,0.2509366004911988,0.25214287310881045,0.0,6.245220312601646e-06,0.06581815848767432,0.06464910919340078,0.048651042375892545,0.04556449970863806,-9.706288421914156e-17
0.8078811198089425,0.7783822033523506,0.770156118703286,0.300473220998629,0.5512396694214876,0.6423524373706374,0.6339883090358476,0.4123351291101616,0.09937627927782378,0.2485755458240309,0.2595187085056394,-0.010303543604511689,0.09647250449509026,0.23224055882606154,0.23523250279304186,-0.007348990200356842,0.009188608791123985,0.0670703856201653,0.062413031265620415,0.04289466373061821,0.047524143930047995,0.0002951460401439787
0.8026624209455575,0.7584803856530008,0.760160983592057,0.24691521825660076,0.38859961633324197,0.6208428799555649,0.6222748485059553,0.3960417110023409,0.028060289653862994,0.28231155772714744,0.2872713295248655,0.0,0.03781106510874688,0.26202865881647186,0.27246326754136807,0.0,0.0007909680093159592,0.07601556607903213,0.07216137559687592,0.05310536600664699,0.05378294856620456,-2.0475122783985244e-17
0.7929768696652072,0.7616646764848968,0.7687408783335544,0.24532307284065277,0.38690242305173544,0.6217980209137484,0.6290173820503725,0.3934740882917466,-0.005682572797147373,0.27947370425261164,0.2897975860936426,0.0008751575508744169,-0.016286820078839248,0.2526982287432892,0.2808987980962494,0.0011641443538998875,4.078984646647871e-06,0.0640788183870676,0.0751153235435058,0.054671935137164285,0.0550119493329615,8.344861072652918e-05
0.789704126310203,0.7694927247799743,0.774136482243156,0.24731325461058776,0.34241460378924077,0.6319728851857083,0.6368484676100405,0.3965535581321136,-0.0085327328045737,0.26987754880767534,0.2543260724278399,0.0,-0.020667307259828654,0.25323840287858035,0.2395763907345696,0.0,2.521011862764023e-10,0.07093718314233963,0.051306742274223896,0.04919121089478683,0.043847745726037654,6.12780653103443e-18
