AOD_lr,AOD_unweight,AOD_weighted,EOD_lr,EOD_unweight,EOD_weighted,I_sep_lr,I_sep_unweight,I_sep_weighted,I_sep_bi,I_sep_weighted_bi
-0.34444444444444444,-0.09242424242424241,-0.17878787878787883,-0.6888888888888889,-0.19999999999999996,-0.19999999999999996,0.0011093960895337794,8.236590360078983e-05,3.218784398670934e-07,8.204054792784574e-05,0.011859934194802585
0.046475928236108535,-0.07792842065213812,-0.02745594427595688,0.10840108401084012,-0.24390243902439024,-0.24390243902439024,2.9800368832673295e-05,0.00021490039472712812,0.0003898426838989582,0.0005581284720017963,0.006781872103770365
0.037089372745110455,0.26208699917716316,0.06887988691267377,0.07335907335907338,0.2934362934362935,0.12355212355212353,0.00014852952482279801,0.0033657509347161853,0.00698064380266638,0.026155681828330633,0.0006515450718892128
0.04554127905191735,-0.14938442172484723,0.11172285161646855,0.06914893617021278,-0.21276595744680848,0.058510638297872286,0.0010673072769183522,0.00017748048570807068,1.1094896808216892e-05,0.009330587207649331,0.010783856681305343
0.006743535988818994,0.030563496601232476,-0.023975605107680487,0.0033670033670033517,0.08754208754208748,-0.13131313131313127,0.00012713954004894295,0.0035826471065499407,0.0024557868230823026,7.147541680038941e-06,0.0009256569708689667
