AOD_lr,EOD_lr,I_sep_lr,AOD_Unweight,EOD_Unweight,I_sep_Unweight,I_sep_bi_Unweight,AOD_weighted,EOD_weighted,I_sep_weighted,I_sep_weighted_bi
0.01836090621047226,0.007792207792207795,0.00039647663957462974,0.029127060660329773,-0.05714285714285705,0.0002953749226365156,0.004718881736935076,0.22865846785808214,0.2649350649350649,0.000682866608573719,0.023075285395697472
