Acc_lr,Acc_unweight,Acc_weighted,Acc_svc,F1_lr,F1_unweight,F1_weighted,F1_svc,AOD_lr,AOD_unweight,AOD_weighted,AOD_svc,EOD_lr,EOD_unweight,EOD_weighted,EOD_svc,I_sep_lr,I_sep_unweight,I_sep_weighted,I_sep_bi,I_sep_weighted_bi,I_sep_svc
0.6245210727969349,0.5555555555555556,0.578544061302682,0.6168582375478927,0.6838709677419355,0.6627906976744186,0.6764705882352942,0.726775956284153,0.03058041146971069,0.07599292464619822,-0.10467150357687516,0.0594247976646034,0.002577319587628857,0.05201499531396436,-0.13589503280224924,0.08270852858481725,0.00046439876894821617,0.00579082932127375,0.00664652825682457,0.0037379551537551846,0.007117485367729328,0.003676105978813248
0.6130268199233716,0.5900383141762452,0.5938697318007663,0.578544061302682,0.6773162939297125,0.6880466472303207,0.6936416184971098,0.5132743362831859,0.03918431418431423,-0.09234819234819236,-0.05768983268983274,0.20848153348153348,-0.0015015015015015232,-0.04054054054054057,-0.022522522522522515,0.265015015015015,0.0007135492611496974,0.0018883404325717198,0.0013452746568110706,0.004830661846807664,0.0019447398529453485,0.023108397025130022
0.5938697318007663,0.6206896551724138,0.6015325670498084,0.46360153256704983,0.66875,0.6953846153846154,0.6867469879518072,0.027777777777777776,0.09409114135736518,-0.04505388581781011,-0.07263552747712176,-0.0016548984995586949,0.06617271333673991,0.01635155850792025,-0.04598875830352578,0.019417475728155338,0.004535291609077208,0.00444800865528075,0.0024889173378865167,0.001104717894207754,0.002982213154794928,2.698965270717957e-05
0.6091954022988506,0.6436781609195402,0.6360153256704981,0.6475095785440613,0.66,0.7394957983193278,0.7323943661971831,0.7070063694267515,0.22318262914593184,-0.11902635067772682,-0.13544814347566647,-0.011984158773149622,0.28334509527170076,-0.09562455892731114,-0.08556810162314754,-0.004234297812279464,0.026805539166684402,0.0069627324891341665,0.007961524417408161,0.008227459009142568,0.009649353827704632,5.388209488970993e-05
0.6245210727969349,0.6245210727969349,0.5823754789272031,0.6206896551724138,0.6524822695035462,0.711764705882353,0.6876790830945558,0.6451612903225806,0.19338536350731472,-0.13122015743966964,-0.061998908950128495,-0.05194570560424222,0.14521228545618792,-0.09101174345076779,0.0006775067750677266,-0.04155374887082208,0.015834147883165253,0.004770444285923968,2.3691664097837703e-06,0.00893158188816278,0.001789582981305112,0.0011347280583053243
