MSE,I_sep_lr,I_sep_unweight,I_sep_weighted,I_sep_svc,spearman_svc,pearson_svc,spearman_unweighted,pearson_unweighted,spearman_weighted,pearson_weighted
0.009151387406544644,0.10669229605786083,0.08810078089097882,0.04827963222070062,0.08445751584156258,0.3774756509943403,0.38675127692549927,0.39978439156216194,0.4075274808754086,0.36230153058195175,0.36830534735984144
0.009049885570612124,0.10748447949348103,0.06363608587206819,0.04446313144424311,0.09688285684956527,0.37225218453492154,0.3746268113791361,0.4297694045798958,0.42915332421130215,0.34773374589788975,0.3491659893231889
0.009022184237854681,0.11326750061360547,0.023517854724250938,0.020496320113313215,0.06733536285990593,0.3727897496106997,0.38215767397890554,0.4039433348763322,0.3984941433905719,0.3393852556400593,0.3411066733339033
0.009043259110998457,0.10845841040635594,0.025022307157633775,0.04677189362875005,0.118107177500011,0.373765558729302,0.38648166312403504,0.3897190292611595,0.3914342151475242,0.35649187377442676,0.3620742430302223
0.009043269819914476,0.08862045018386115,0.03288569956284988,0.03408552850709299,0.06846891628499269,0.37099811793995274,0.3830166512619861,0.3147409996838395,0.32275058327782824,0.42440895968137204,0.42744362417950155
