AOD_lr,AOD_unweight,AOD_weighted,EOD_lr,EOD_unweight,EOD_weighted,I_sep_lr,I_sep_unweight,I_sep_weighted,I_sep_bi,I_sep_weighted_bi
0.005762567665794804,0.2062105227562781,0.21970756147971637,0.011781278012549634,0.16935587143040076,0.1849468561915738,3.832157916139487e-06,0.038966944334437786,0.0013142874157688056,0.03270557267324074,0.03518415766797642
0.03969069784848736,0.31481174640226806,0.2969512985243534,0.035745100456058165,0.29861539093635725,0.31751509922346843,0.0020367081145526043,0.017921456893947075,0.0618499374028671,0.05962971120557278,0.047967571229507754
0.01895740792218431,0.1825167501585213,0.2718737773943938,0.01528570786314798,0.16126421795621093,0.29847592501011555,0.0006177051306822534,0.02585540030900709,0.0018968748921172486,0.024361408080320435,0.03904466866365399
-0.04627004911733565,0.10177938569993988,0.10140351647868917,-0.10588849719284504,0.004635069852461204,0.02056404230317277,5.107015717952739e-05,0.011388029322949526,0.011528066522420726,0.016352668214293535,0.01407719112249325
-0.03955962267187306,0.28025169948153456,0.22500990286853167,-0.0824303141825121,0.26545355414707283,0.19198527908403185,0.00020182515944470946,0.045027543909019266,0.03164165106179947,0.04820730497761156,0.03428661078935469
