Full data size,Testing data size,MAE,MDAE,Spearman coef,Spearman P,Pearson coef,Pearson P
2335,584,4.980483196522934,4.8970830393560885,0.032379106171623234,0.43479968429707205,0.02689166514882136,0.516602515701717
