Full data size,Testing data size,Recall,Precision,F1,Accuracy,Spearman coef,Spearman P,Pearson coef,Pearson P
1401,350,0.4714285714285714,0.4714285714285714,0.4714285714285714,0.4714285714285714,0.10044280621041313,0.060498865530019555,0.06555814452545498,0.22117504644428176
1401,350,0.5114285714285715,0.5114285714285715,0.5114285714285715,0.5114285714285715,0.014739012624092366,0.7834928017223132,-0.004641701318592581,0.9310466203929063
1401,350,0.43142857142857144,0.43142857142857144,0.43142857142857144,0.43142857142857144,-0.08386106849942387,0.11733827032118035,-0.042242563004480906,0.43080749671610086
1401,350,0.4714285714285714,0.4714285714285714,0.4714285714285714,0.4714285714285714,-0.05759899342321224,0.28254666909941883,-0.04028776245037814,0.4524577900365106
1401,350,0.4828571428571429,0.4828571428571429,0.4828571428571429,0.4828571428571429,-0.01861093628097881,0.728618930948504,-0.029289241176943346,0.5849913488710772
