Full data size,Testing data size,MAE,MDAE,Spearman coef,Spearman P,Pearson coef,Pearson P
2335,584,5.035018504245324,4.9470174725291285,-0.01018976731479174,0.8058946195752463,0.008031076458179617,0.8464366051251336
