Full data size,Testing data size,Recall,Precision,F1,Accuracy,Spearman coef,Spearman P,Pearson coef,Pearson P
1401,350,0.09142857142857143,0.7441860465116279,0.1628498727735369,0.53,0.10967615167711144,0.04029588269902288,0.10689434601802204,0.04567490919586087
1401,350,0.14285714285714285,0.3875968992248062,0.20876826722338204,0.4585714285714286,-0.034461086526001765,0.5204885737070313,-0.024702710745347328,0.6451125551144326
1401,350,0.02,0.7777777777777778,0.03899721448467967,0.5071428571428571,0.004424182794469657,0.9342704332990964,0.06567067200646513,0.22038161051254043
1401,350,0.008571428571428572,0.5,0.016853932584269662,0.5,-0.00425994482568233,0.936705296435133,-0.035371902013590265,0.5095189937404747
1401,350,0.054285714285714284,0.475,0.09743589743589744,0.49714285714285716,0.1002022266432735,0.061120682658500014,0.08567529289620902,0.10958808744143594
