Full data size,Testing data size,Recall,Precision,F1,Accuracy,Spearman coef,Spearman P,Pearson coef,Pearson P
398,99,0.47373737373737373,0.47373737373737373,0.47373737373737373,0.47373737373737373,-0.05479835905081986,0.590081999331691,-0.04280260635848942,0.6739999736835481
398,99,0.6696969696969697,0.6696969696969697,0.6696969696969697,0.6696969696969697,0.37418452559323584,0.00013597316297358686,0.27269689563489974,0.006318081908546667
398,99,0.591919191919192,0.591919191919192,0.591919191919192,0.591919191919192,0.22711681152484325,0.02377701268481038,0.31944851139743313,0.0012685868229181732
398,99,0.5070707070707071,0.5070707070707071,0.5070707070707071,0.5070707070707071,0.03518233563036536,0.7295523673336023,0.0057524312988500225,0.95493591287705
398,99,0.5181818181818182,0.5181818181818182,0.5181818181818182,0.5181818181818182,0.08840347795096368,0.3842251894507629,0.05343728815834184,0.5993626728271131
