Full data size,Testing data size,Recall,Precision,F1,Accuracy,Spearman coef,Spearman P,Pearson coef,Pearson P
398,99,0.5717171717171717,0.5717171717171717,0.5717171717171717,0.5717171717171717,0.13278188229955526,0.1901302849242093,0.20781941284301295,0.03900737805922965
398,99,0.5373737373737374,0.5373737373737374,0.5373737373737374,0.5373737373737374,0.08897160649162596,0.3811649548710916,0.02220857293159171,0.8272787316576388
398,99,0.5474747474747474,0.5474747474747474,0.5474747474747474,0.5474747474747474,0.12933347242326068,0.20199983845024497,0.11574834806409652,0.253913859371886
398,99,0.5272727272727272,0.5272727272727272,0.5272727272727272,0.5272727272727272,0.08368299155345779,0.4102200785817949,0.09020387256659994,0.37457814719978016
398,99,0.48282828282828283,0.48282828282828283,0.48282828282828283,0.48282828282828283,-0.0004357427674596079,0.9965846476538412,0.010437382092785675,0.9183324348981275
