Full data size,Testing data size,Recall,Precision,F1,Accuracy,Spearman coef,Spearman P,Pearson coef,Pearson P
663,166,0.5060240963855421,0.5060240963855421,0.5060240963855421,0.5060240963855421,0.08208212138874621,0.2931033224819808,0.0734288210121949,0.3471225014423421
663,166,0.4879518072289157,0.4879518072289157,0.4879518072289157,0.4879518072289157,-0.015804725398455517,0.8398357568140911,-0.037803429398671345,0.6287012836852116
663,166,0.5843373493975904,0.5843373493975904,0.5843373493975904,0.5843373493975904,0.09624490383742268,0.2173801399799351,0.11298736508740129,0.14722989073944284
663,166,0.5301204819277109,0.5301204819277109,0.5301204819277109,0.5301204819277109,0.05203675102236512,0.5055186025244205,0.032607062272706086,0.6766425460869041
663,166,0.536144578313253,0.536144578313253,0.536144578313253,0.536144578313253,0.01179548866168223,0.8801089395633779,0.011626600771094212,0.881812954753487
