Full data size,Testing data size,Recall,Precision,F1,Accuracy,Spearman coef,Spearman P,Pearson coef,Pearson P
398,99,0.5353535353535354,0.5353535353535354,0.5353535353535354,0.5353535353535354,0.08128909731287523,0.42378663948285655,0.09352228734800755,0.35718772203103866
398,99,0.48484848484848486,0.48484848484848486,0.48484848484848486,0.48484848484848486,0.08309693072144585,0.4135176666499475,0.014292511665495902,0.8883362393104975
398,99,0.5050505050505051,0.5050505050505051,0.5050505050505051,0.5050505050505051,0.10390637331637033,0.30607210656193645,0.12703285655464824,0.210208776867482
398,99,0.46464646464646464,0.46464646464646464,0.46464646464646464,0.46464646464646464,0.0651157509898973,0.5219481637182897,0.0020150183600951966,0.9842072514327694
398,99,0.5959595959595959,0.5959595959595959,0.5959595959595959,0.5959595959595959,0.2549741208837447,0.01086577865102964,0.2815944719372369,0.004748429303532608
