Full data size,Testing data size,Recall,Precision,F1,Accuracy,Spearman coef,Spearman P,Pearson coef,Pearson P
398,99,0.5454545454545454,0.5454545454545454,0.5454545454545454,0.5454545454545454,0.15886380747615134,0.11627748131531136,0.2339592047878316,0.01976670252310033
398,99,0.5252525252525253,0.5252525252525253,0.5252525252525253,0.5252525252525253,0.015549973337612311,0.8785839785361491,-0.04468640414730853,0.6605189515770333
398,99,0.5555555555555556,0.5555555555555556,0.5555555555555556,0.5555555555555556,0.1652346074579933,0.10216664405454978,0.19250663268536894,0.056263772132414756
398,99,0.6464646464646465,0.6464646464646465,0.6464646464646465,0.6464646464646465,0.23798267367562614,0.017691545711919287,0.24973935171379125,0.012668546737355443
398,99,0.6464646464646465,0.6464646464646465,0.6464646464646465,0.6464646464646465,0.23930539804393214,0.017051709913024887,0.2980425382603157,0.0027333909340853677
