Full data size,Testing data size,MAE,MDAE,Spearman coef,Spearman P,Pearson coef,Pearson P
663,166,6.80141096831331,4.784401221673303,-0.011530482894413397,0.8827829905153273,0.027998448351974587,0.7202840773642022
