Full data size,Testing data size,MAE,MDAE,Spearman coef,Spearman P,Pearson coef,Pearson P
663,166,6.950883994868622,5.011565162406399,-0.058368203245514755,0.4550778624102819,-0.049216051179412655,0.52889434089535
