Full data size,Testing data size,Recall,Precision,F1,Accuracy,Spearman coef,Spearman P,Pearson coef,Pearson P
416,105,0.49523809523809526,0.49523809523809526,0.49523809523809526,0.49523809523809526,-0.03807064570330137,0.6998091636565551,0.014502816326515268,0.8832595540043668
416,105,0.5238095238095238,0.5238095238095238,0.5238095238095238,0.5238095238095238,0.032029096326814804,0.7456692140106218,0.07613687870163112,0.44014211107264567
416,105,0.5238095238095238,0.5238095238095238,0.5238095238095238,0.5238095238095238,0.13190345945685833,0.17982388545663422,0.12527688317105912,0.2028894047159804
416,105,0.5238095238095238,0.5238095238095238,0.5238095238095238,0.5238095238095238,0.019790516523711506,0.8411798498139553,0.02661446850934147,0.7875446865297362
416,105,0.49523809523809526,0.49523809523809526,0.49523809523809526,0.49523809523809526,0.060387729291628126,0.540576307088963,0.08398201024720106,0.3943449237651518
