Full data size,Testing data size,Recall,Precision,F1,Accuracy,Spearman coef,Spearman P,Pearson coef,Pearson P
250,62,0.6451612903225806,0.6451612903225806,0.6451612903225806,0.6451612903225806,0.26261956422007865,0.03919499368957429,0.38711461568102695,0.0018818459756667954
250,62,0.5645161290322581,0.5645161290322581,0.5645161290322581,0.5645161290322581,0.14961963472210024,0.24577293578201587,0.08569807777072647,0.5077951700667238
250,62,0.43548387096774194,0.43548387096774194,0.43548387096774194,0.43548387096774194,-0.06649152211871324,0.6076234784832105,-0.003942297815508121,0.9757400223648498
250,62,0.5967741935483871,0.5967741935483871,0.5967741935483871,0.5967741935483871,0.10323427398092654,0.4246027480978908,0.12147642771969631,0.34694590610499315
250,62,0.5967741935483871,0.5967741935483871,0.5967741935483871,0.5967741935483871,0.12927130503471404,0.316644161659385,0.09459814625331937,0.4645652712666878
