Full data size,Testing data size,MAE,MDAE,Spearman coef,Spearman P,Pearson coef,Pearson P
416,105,2.006923811487556,1.9149235913135232,-0.07609686824942269,0.4403831238692584,0.006131788139785821,0.9504986646926286
