Full data size,Testing data size,Recall,Precision,F1,Accuracy,Spearman coef,Spearman P,Pearson coef,Pearson P
416,105,0.5238095238095238,0.5238095238095238,0.5238095238095238,0.5238095238095238,0.0159201489543998,0.8719434380506553,0.05019149350991747,0.6111210410642659
416,105,0.5542857142857143,0.5542857142857143,0.5542857142857143,0.5542857142857143,0.13404687679079566,0.17279089007789974,0.1255513946268516,0.20189362449221213
416,105,0.5314285714285715,0.5314285714285715,0.5314285714285715,0.5314285714285715,0.05045360076723982,0.6092582089286622,0.06987046399193801,0.47878686488178296
416,105,0.45904761904761904,0.45904761904761904,0.45904761904761904,0.45904761904761904,-0.06629045630192704,0.5016579324747874,-0.0036374858653872313,0.970622883120999
416,105,0.4895238095238095,0.4895238095238095,0.4895238095238095,0.4895238095238095,-0.031945802907102215,0.7463081585269362,0.024286421603255417,0.8057449049764238
