Full data size,Testing data size,MAE,MDAE,Spearman coef,Spearman P,Pearson coef,Pearson P
416,105,1.953594908026219,1.8713088158674067,-0.03540525627249848,0.7199201351170624,0.03417752496135782,0.7292492871165273
