Full data size,Testing data size,Recall,Precision,F1,Accuracy,Spearman coef,Spearman P,Pearson coef,Pearson P
250,62,0.5580645161290323,0.5580645161290323,0.5580645161290323,0.5580645161290323,0.08638308591542107,0.5043964321395835,0.10204513873249481,0.4299860740283773
250,62,0.567741935483871,0.567741935483871,0.567741935483871,0.567741935483871,0.1414938550092033,0.2726499740659971,0.07989160350126243,0.5370679652749264
250,62,0.5935483870967742,0.5935483870967742,0.5935483870967742,0.5935483870967742,0.2416385108002121,0.058479544650803676,0.15730304675922804,0.22207950694461112
250,62,0.47096774193548385,0.47096774193548385,0.47096774193548385,0.47096774193548385,0.012695809938351833,0.9219828046896084,-0.05852081264098695,0.6514107057277674
250,62,0.5580645161290323,0.5580645161290323,0.5580645161290323,0.5580645161290323,0.05592581192971568,0.6659328022890235,0.007668244288645298,0.9528311443128954
