Full data size,Testing data size,Recall,Precision,F1,Accuracy,Spearman coef,Spearman P,Pearson coef,Pearson P
405,101,0.8910891089108911,0.8910891089108911,0.8910891089108911,0.8910891089108911,0.8658547264857083,1.5402460247031525e-31,0.8213249686400119,7.125245338172614e-26
405,101,0.8613861386138614,0.8613861386138614,0.8613861386138614,0.8613861386138614,0.8650180492289061,2.051271395800148e-31,0.8225759183196055,5.198506822380513e-26
405,101,0.9405940594059405,0.9405940594059405,0.9405940594059405,0.9405940594059405,0.8763288453084717,3.590447660289046e-33,0.7814324032512033,5.370469972247636e-22
405,101,0.8118811881188119,0.8118811881188119,0.8118811881188119,0.8118811881188119,0.8693084371498612,4.623108828421122e-32,0.7658561698843652,1.0704852672786111e-20
405,101,0.8712871287128713,0.8712871287128713,0.8712871287128713,0.8712871287128713,0.8875770368327615,4.248882355253849e-35,0.8412058950734527,3.469225374977522e-28
