Full data size,Testing data size,Accuracy,Spearman coef
405,101,0.6139720558882236,0.817
405,101,0.32544260990650486,0.495
405,101,0.5725661955006968,0.821
405,101,0.6183084577114428,0.91
405,101,0.5244338498212158,0.833
