Full data size,Testing data size,Recall,Precision,F1,Accuracy,Spearman coef,Spearman P,Pearson coef,Pearson P
405,101,0.5841584158415841,0.9672131147540983,0.728395061728395,0.7821782178217822,0.8030019768253698,5.541736355027048e-24,0.7334505069010129,2.729959355620887e-18
405,101,0.5742574257425742,0.9354838709677419,0.7116564417177914,0.7673267326732673,0.7991041456898045,1.3193844738530829e-23,0.7545548927481505,8.149787995174855e-20
405,101,0.6831683168316832,0.9452054794520548,0.7931034482758621,0.8217821782178217,0.8032014452207132,5.298356878347791e-24,0.6837947274442686,3.2592323271882267e-15
405,101,0.4752475247524752,0.8275862068965517,0.6037735849056604,0.6881188118811881,0.7619116969212124,2.2019895088428085e-20,0.6423640805884134,4.470897009267702e-13
405,101,0.6138613861386139,0.9538461538461539,0.746987951807229,0.7920792079207921,0.8013478451797851,8.026714917469877e-24,0.8011170967841517,8.450095924298938e-24
