Full data size,Testing data size,Accuracy,Spearman coef
405,101,0.6720985691573926,0.843
405,101,0.653394385825204,0.85
405,101,0.6616272130495325,0.85
405,101,0.6187922129519269,0.874
405,101,0.6115422885572139,0.847
