Full data size,Testing data size,Accuracy,Spearman coef
405,101,0.6573760700776429,0.836
405,101,0.570321811680572,0.872
405,101,0.5567707297673494,0.848
405,101,0.5740998607519395,0.766
405,101,0.6236323851203501,0.854
