Full data size,Testing data size,Accuracy,Spearman coef
405,101,0.6379928315412187,0.814
405,101,0.5056784219964137,0.816
405,101,0.7437885112303717,0.85
405,101,0.7642147117296223,0.897
405,101,0.624130391572252,0.856
