Full data size,Testing data size,Recall,Precision,F1,Accuracy,Spearman coef,Spearman P,Pearson coef,Pearson P
405,101,0.8895071542130366,0.8895071542130366,0.8895071542130366,0.8895071542130366,0.9190284831244792,8.201384446977206e-42,0.8525935558638688,1.1677917652909393e-29
405,101,0.8634282301413498,0.8637721569408484,0.8636001592990841,0.8636273143539718,0.8943459792334822,2.328329887649202e-36,0.8347746215418715,2.0977293686719787e-27
405,101,0.8573702009150587,0.8573702009150587,0.8573702009150587,0.8573702009150587,0.8658539455414982,1.5406593749492443e-31,0.8508327116635369,2.0094363808307828e-29
405,101,0.8899483512117601,0.8899483512117601,0.8899483512117601,0.8899483512117601,0.9261607383251875,1.018903211084559e-43,0.8446918869491976,1.264612279387283e-28
405,101,0.8493532338308458,0.8493532338308458,0.8493532338308458,0.8493532338308458,0.8617634761683833,6.141177971443583e-31,0.8314591776211447,5.14815523211025e-27
