Full data size,Testing data size,Accuracy,Spearman coef
405,101,0.6138673042438733,0.875
405,101,0.6867661691542288,0.886
405,101,0.6009940357852883,0.844
405,101,0.5831842576028623,0.877
405,101,0.5733041575492341,0.837
