Full data size,Testing data size,Recall,Precision,F1,Accuracy,Spearman coef,Spearman P,Pearson coef,Pearson P
405,101,0.8760709304642359,0.8758964143426294,0.875983663711525,0.8759713090257023,0.9091804040976209,1.8849145923627438e-39,0.8463982517102848,7.646820759612399e-29
405,101,0.8833830845771145,0.8833830845771145,0.8833830845771145,0.8833830845771145,0.9141424322947477,1.3210991729461152e-40,0.8665741731930786,1.20204415515643e-31
405,101,0.8673956262425447,0.8675681049910519,0.8674818570434437,0.8674950298210735,0.889474575036457,1.91877943223413e-35,0.8643292365327995,2.593235682702789e-31
405,101,0.8805406479825084,0.8807157057654076,0.8806281681741378,0.8806400318028225,0.9101631456920625,1.1272172296600393e-39,0.8596412223074472,1.2368164430569762e-30
405,101,0.8633379749353491,0.8633379749353491,0.8633379749353491,0.8633379749353491,0.8839535111657937,1.864917015367862e-34,0.7916913216200069,6.523605510796077e-23
