Full data size,Testing data size,MAE,MDAE,Spearman coef,Spearman P,Pearson coef,Pearson P
307,77,4.6998575598165555,2.133294820716167,0.10214414392263056,0.3767146084694152,0.05131057942872903,0.6576382921554568
