Full data size,Testing data size,Recall,Precision,F1,Accuracy,Spearman coef,Spearman P,Pearson coef,Pearson P
184,46,0.4434782608695652,0.4434782608695652,0.4434782608695652,0.4434782608695652,0.05035950542999794,0.7396129058599729,0.1075367065376936,0.4768709918969578
184,46,0.3565217391304348,0.3565217391304348,0.3565217391304348,0.3565217391304348,-0.2334981231414637,0.11834593139828538,-0.023715107237929682,0.8756869345190287
184,46,0.5869565217391305,0.5869565217391305,0.5869565217391305,0.5869565217391305,0.06927431033849149,0.6473395869920378,0.15767198263058735,0.29532238105644315
184,46,0.5304347826086957,0.5304347826086957,0.5304347826086957,0.5304347826086957,0.09395727631983242,0.5345416100530693,0.1589078375410891,0.2915052024032476
184,46,0.5,0.5,0.5,0.5,-0.025543701496815934,0.8661857041276354,0.04735739961936528,0.7546381506469293
