Full data size,Testing data size,Recall,Precision,F1,Accuracy,Spearman coef,Spearman P,Pearson coef,Pearson P
307,77,0.6103896103896104,0.6103896103896104,0.6103896103896104,0.6103896103896104,0.326147778504645,0.0037948908694497565,0.15899548760582977,0.1672288000164607
307,77,0.6051948051948052,0.6051948051948052,0.6051948051948052,0.6051948051948052,0.2648666973180952,0.019916186241428744,0.0903443176709342,0.4345665583255518
307,77,0.6337662337662338,0.6337662337662338,0.6337662337662338,0.6337662337662338,0.3425659733539632,0.0022908416753674166,0.16718271097393678,0.14614684559589186
307,77,0.6597402597402597,0.6597402597402597,0.6597402597402597,0.6597402597402597,0.31135113376390144,0.005846377341322419,0.131799119332662,0.2532011307972409
307,77,0.6233766233766234,0.6233766233766234,0.6233766233766234,0.6233766233766234,0.38465871158904646,0.0005521896818328662,0.2157737943663199,0.05946965748469145
