Full data size,Testing data size,MAE,MDAE,Spearman coef,Spearman P,Pearson coef,Pearson P
307,77,4.676895816986485,1.9074627785486895,0.20943670943998563,0.06753885339806712,0.005901005207477585,0.9593776429437314
