Full data size,Testing data size,Recall,Precision,F1,Accuracy,Spearman coef,Spearman P,Pearson coef,Pearson P
307,77,0.7012987012987013,0.7012987012987013,0.7012987012987013,0.7012987012987013,0.3193102422134886,0.004645911281354103,0.14978646085951694,0.1935250252187271
307,77,0.5974025974025974,0.5974025974025974,0.5974025974025974,0.5974025974025974,0.2875413730029972,0.011222584639204529,0.22886993559831506,0.04527003100212199
307,77,0.5714285714285714,0.5714285714285714,0.5714285714285714,0.5714285714285714,0.19653187315924578,0.08669355049976636,-0.03549630328765724,0.75923864655285
307,77,0.6233766233766234,0.6233766233766234,0.6233766233766234,0.6233766233766234,0.33836345598924056,0.002613514007536736,0.22332490529484111,0.05089680377508049
307,77,0.5974025974025974,0.5974025974025974,0.5974025974025974,0.5974025974025974,0.1817217155009308,0.11371345270294402,0.11691051560378922,0.31125921107674287
