Full data size,Testing data size,Recall,Precision,F1,Accuracy,Spearman coef,Spearman P,Pearson coef,Pearson P
184,46,0.32608695652173914,0.32608695652173914,0.32608695652173914,0.32608695652173914,-0.023823358009640482,0.8751239766721081,-0.044290189186921125,0.770082341487327
184,46,0.5434782608695652,0.5434782608695652,0.5434782608695652,0.5434782608695652,-0.16543868762093744,0.27186714953297686,-0.05321412965189344,0.7254141468425517
184,46,0.5217391304347826,0.5217391304347826,0.5217391304347826,0.5217391304347826,0.019145374913686702,0.8995038080634346,0.18035978262831753,0.23034862817754725
184,46,0.5217391304347826,0.5217391304347826,0.5217391304347826,0.5217391304347826,-0.02936447069657675,0.8463949498681451,0.14109754154292253,0.34962112268029333
184,46,0.32608695652173914,0.32608695652173914,0.32608695652173914,0.32608695652173914,-0.03839956571506826,0.7999865500735146,-0.05829380184443257,0.7003747877454907
