Full data size,Testing data size,MAE,MDAE,Spearman coef,Spearman P,Pearson coef,Pearson P
3733,934,8.309349217794798,4.093258161129021,0.0731840358497414,0.0253116999185454,0.05417721692635493,0.09797919144139144
