Full data size,Testing data size,Recall,Precision,F1,Accuracy,Spearman coef,Spearman P,Pearson coef,Pearson P
2240,560,0.5507142857142857,0.5507142857142857,0.5507142857142857,0.5507142857142857,0.1229630701129824,0.003563701171206346,0.16774287036168864,6.636664721270652e-05
2240,560,0.5375,0.5375,0.5375,0.5375,0.0875851209389236,0.038265979357980824,0.09093938827448064,0.03142334204969163
2240,560,0.5507142857142857,0.5507142857142857,0.5507142857142857,0.5507142857142857,0.10491551647702603,0.012989191617443108,0.09562366642813877,0.023635657826845693
2240,560,0.5385714285714286,0.5385714285714286,0.5385714285714286,0.5385714285714286,0.09256183847678541,0.028508118012402717,0.20367504035844752,1.1732860021231176e-06
2240,560,0.4928571428571429,0.4928571428571429,0.4928571428571429,0.4928571428571429,0.02686875704633472,0.5257384668007503,0.04572485416947979,0.2800554395519897
