Full data size,Testing data size,MAE,MDAE,Spearman coef,Spearman P,Pearson coef,Pearson P
3733,934,8.314396825945275,4.0825643022836555,0.11270514302734505,0.0005588940834723638,0.07221119556394291,0.027327872330138413
