Full data size,Testing data size,Recall,Precision,F1,Accuracy,Spearman coef,Spearman P,Pearson coef,Pearson P
2240,560,0.5232142857142857,0.5232142857142857,0.5232142857142857,0.5232142857142857,0.10390187206757108,0.013896247852694795,0.17798541710939753,2.271687784758376e-05
2240,560,0.5303571428571429,0.5303571428571429,0.5303571428571429,0.5303571428571429,0.029065324227240463,0.492448759970443,0.04292931783209662,0.3105394890807574
2240,560,0.5571428571428572,0.5571428571428572,0.5571428571428572,0.5571428571428572,0.10172797661118843,0.016031638407026885,0.13226635147419433,0.0017080774676818651
2240,560,0.5339285714285714,0.5339285714285714,0.5339285714285714,0.5339285714285714,0.05183089149572315,0.22071640769718157,0.14132307010715672,0.0007974227345415736
2240,560,0.4767857142857143,0.4767857142857143,0.4767857142857143,0.4767857142857143,0.07656345166401529,0.07022887228697394,0.14559742165241824,0.0005478504271898849
