Full data size,Testing data size,Recall,Precision,F1,Accuracy,Spearman coef,Spearman P,Pearson coef,Pearson P
319,80,0.5125,0.5125,0.5125,0.5125,0.05687937432613176,0.6162699754827212,0.006294551129600735,0.9558081402569365
319,80,0.4875,0.4875,0.4875,0.4875,-0.0508141027819597,0.6544192101418738,0.033722277640118405,0.7664981045287236
319,80,0.4125,0.4125,0.4125,0.4125,-0.05499796639319682,0.628001460255827,-0.11389000898213647,0.3144595697353611
319,80,0.5375,0.5375,0.5375,0.5375,0.09958221219261397,0.37947744931671556,0.14690139394133478,0.19349341220633975
319,80,0.4125,0.4125,0.4125,0.4125,-0.17895752945838367,0.11221762689224463,-0.010670094673319534,0.9251593168715783
