Full data size,Testing data size,Recall,Precision,F1,Accuracy,Spearman coef,Spearman P,Pearson coef,Pearson P
532,134,0.44029850746268656,0.44029850746268656,0.44029850746268656,0.44029850746268656,-0.11257285283613985,0.19530740923485956,-0.09696218181182856,0.2650513244182013
532,134,0.43283582089552236,0.43283582089552236,0.43283582089552236,0.43283582089552236,-0.05321207155837265,0.5414404024472541,-0.13176995739275968,0.1290943593791154
532,134,0.5,0.5,0.5,0.5,-0.0330188420614183,0.7048786081035309,-0.09794913252024971,0.2601949748287143
532,134,0.5447761194029851,0.5447761194029851,0.5447761194029851,0.5447761194029851,0.03152906657874562,0.7176166236367149,0.02978084852677735,0.7326637523456984
532,134,0.47761194029850745,0.47761194029850745,0.47761194029850745,0.47761194029850745,-0.0021127725026994486,0.9806707393734452,-0.06276783465851761,0.4712209352615819
