Full data size,Testing data size,MAE,MDAE,Spearman coef,Spearman P,Pearson coef,Pearson P
532,134,1.6317897196055617,1.4512638618297506,0.028988322210114745,0.7395191364703149,-0.055494250007520965,0.5242127280902825
