Full data size,Testing data size,Recall,Precision,F1,Accuracy,Spearman coef,Spearman P,Pearson coef,Pearson P
319,80,0.585,0.585,0.585,0.585,0.17413439324951155,0.12238958289435034,0.17028084264270496,0.131012807765245
319,80,0.5625,0.5625,0.5625,0.5625,0.22580543760550323,0.04401259436809357,0.3171736192729454,0.004148406536347921
319,80,0.555,0.555,0.555,0.555,0.052982507992744184,0.640671813587492,0.0209864239786433,0.8534060243040763
319,80,0.4775,0.4775,0.4775,0.4775,-0.0731603473482485,0.5189710005516247,-0.016035566233816502,0.8877291723070502
319,80,0.5425,0.5425,0.5425,0.5425,0.14697009830420335,0.19328285438152767,0.22236194062537,0.047427925760462425
