Full data size,Testing data size,MAE,MDAE,Spearman coef,Spearman P,Pearson coef,Pearson P
532,134,1.6917814319345472,1.5707859058944855,0.022211198105301897,0.7989271383459711,0.008403321134682739,0.9232300273282016
