Full data size,Testing data size,MSE,R2,P Coef,P Value,SP Coef,SP Value,MI_race,MI_sex,R_sep_race,R_sep_sex,Recall,Precision,F1,Accuracy
26400,6600,0.5887027070441587,0.575238161512696,0.7605986956380587,3.221801680329218e-208,0.773042816468817,2.8388603350150254e-219,4.579859517163989e-05,0.0032136236810245055,1.0001651218704635,1.0122615530323793,0.8487878787878788,0.8487878787878788,0.8487878787878788,0.8487878787878788
26400,6600,0.6382538333962791,0.5335912091624324,0.7344859485088312,4.4057960071491136e-187,0.7407263814640337,6.697786775841972e-192,0.004615972348909603,0.011299588779698904,1.012729763196179,1.0465928123287949,0.8293939393939394,0.8293939393939394,0.8293939393939394,0.8293939393939394
26400,6600,0.9040317296062723,0.3383650641968592,0.7356164504094569,6.044620134974739e-188,0.7374127584020695,2.5203868578113967e-189,3.0682931854884884e-05,0.010058327816184582,1.0001017766669758,1.039766388187687,0.8254545454545454,0.8254545454545454,0.8254545454545454,0.8254545454545454
