Full data size,Testing data size,MSE,R2,P Coef,P Value,MI,R_sep
3000,600,0.1297753071786046,0.7080900819755289,0.8443219837278335,3.529834193047533e-164,0.023464017061716552,1.0506201293382842
3000,600,0.086143941200728,0.8104227250156066,0.9007967803819783,8.348108455408166e-219,0.009425168195714477,1.0208287485279062
3000,600,0.10846807891121896,0.7823093984749556,0.8853921857416973,4.13272797406285e-201,0.01297854416560076,1.0289568333823635
