Full data size,Testing data size,Recall,Precision,F1,Accuracy,AOD_race,AOD_sex,Spearman's rank correlation,SP value,Pearson's rank correlation,P value,MI_race,MI_sex,MI_encoder_race,MI_encoder_sex
8800,2200,0.9163636363636364,0.9163636363636364,0.9163636363636365,0.9163636363636364,-5.551115123125783e-17,2.0816681711721685e-17,0.680795168814228,1.2297568539785628e-150,0.7190865423905819,9.31489160438491e-176,0.007043316917098878,0.001368167170445255,0.0031824444974658983,0.0076311662487919965
