Full data size,Testing data size,Recall,Precision,F1,Accuracy,AOD_race,AOD_sex,Spearman's rank correlation,SP value,Pearson's rank correlation,P value,MI_race,MI_sex,MI_encoder_race,MI_encoder_sex
4800,1200,0.81,0.81,0.81,0.81,-2.7755575615628914e-17,2.7755575615628914e-17,0.8044489958551719,2.1943673296544582e-137,0.8002712207799891,6.131441723216625e-135,0.012166433705350465,0.015466343117879209,0.08720504447340523,0.012476511867580713
