Full data size,Testing data size,Recall,Precision,F1,Accuracy,AOD,Avg. Difference,Spearman's rank correlation
1000,200,0.8514344262295082,0.8427991886409736,0.8470948012232417,0.85,0.025535117056856238,34.98,0.718
1000,200,0.8594704684317719,0.8746113989637305,0.866974833076528,0.8705,-0.12369439071566733,35.62,0.665
1000,200,0.8311817279046674,0.8454545454545455,0.8382573860791187,0.8385,-0.19383505614635235,39.38,0.585
