Full data size,Testing data size,MSE,R2,P Coef,P Value,SP Coef,SP Value,MI_race,MI_sex,R_sep_race,R_sep_sex,Recall,Precision,F1,Accuracy
8800,2200,0.7072418581049204,0.48727837164117405,0.7461883303375787,3.1134533278085955e-196,0.7494571016032063,7.02534178045281e-199,0.0004665773420867943,0.007714573690918015,1.0013922199458996,1.031767078635876,0.8618181818181818,0.8618181818181818,0.8618181818181818,0.8618181818181818
8800,2200,0.7334131179925532,0.48837474062384045,0.7483710446434536,5.377002419453456e-198,0.7478766922251803,1.353190027691639e-197,0.005664018079708079,0.029008200689074934,1.0152160535826242,1.1185921465864828,0.8554545454545455,0.8554545454545455,0.8554545454545455,0.8554545454545455
8800,2200,0.6560895210425348,0.5285534818528503,0.7424423357127863,2.9965006991436785e-193,0.7462234640667349,2.9175120566881374e-196,0.009137089723675345,0.020159711764419563,1.0262917867693795,1.0853347793847066,0.8381818181818181,0.8381818181818181,0.8381818181818181,0.8381818181818181
