Full data size,Testing data size,Recall,Precision,F1,Accuracy,AOD_race,AOD_sex,Spearman's rank correlation,SP value,Pearson's rank correlation,P value,MI_encoder_race,MI_encoder_sex
8800,2200,0.8463636363636363,0.8463636363636363,0.8463636363636363,0.8463636363636363,-1.3877787807814457e-17,2.7755575615628914e-17,0.7067775523779997,3.0779659507883603e-167,0.6855318551906425,1.5604412041846769e-153,2.2751081912076165e-06,0.0009724697574331909
8800,2200,0.82,0.82,0.82,0.82,-2.7755575615628914e-17,-6.938893903907228e-18,0.718492979211404,2.4572952468559965e-175,0.7116470913331672,1.4851232137148499e-170,0.006494727054160112,0.04186206285009651
8800,2200,0.81,0.81,0.81,0.81,1.3877787807814457e-17,0.0,0.6890566304212669,1.0035873278353836e-155,0.6767475971547908,3.3253532898414835e-148,0.0008044618199352132,0.059426066394921435
