Full data size,Testing data size,Recall,Precision,F1,Accuracy,AOD,Avg. Difference,Spearman's rank correlation
1000,200,0.7738446411012783,0.7909547738693468,0.7823061630218688,0.781,-0.26254826254826247,31.66,0.742
