Full data size,Testing data size,MSE,R2,P Coef,P Value,MI,R_sep
1000,200,0.14019646771203959,0.6506277800281408,0.807000761652759,3.5802146649330327e-47,0.04726739005485789,1.0777479254876352
1000,200,0.12279780926535908,0.7503393784009632,0.8675958141666924,5.486650322463849e-62,0.00413285400093909,1.0095539880414217
1000,200,0.11446053382097668,0.7285556817810561,0.8537868196583588,4.92596115907547e-58,0.014208656087802835,1.024720504672935
