Full data size,Testing data size,MSE,R2,P Coef,P Value,SP Coef,SP Value,MI_race,MI_sex,R_sep_race,R_sep_sex,Recall,Precision,F1,Accuracy
26400,6600,0.6397768178987047,0.5300145527403732,0.7494584990535128,7.006921062377519e-199,0.7521080166689095,4.6771490179091564e-201,0.007991289017972168,0.025878717314810045,1.0220087021034168,1.105182580216848,0.8466666666666667,0.8466666666666667,0.8466666666666667,0.8466666666666667
26400,6600,0.597814347210885,0.5607175914341501,0.7600504916382138,9.53914885005293e-208,0.765026153308958,4.5048787228459073e-212,0.0029857141225797254,0.028096727836839974,1.0082153574138815,1.1086385823376446,0.8578787878787879,0.8578787878787879,0.8578787878787879,0.8578787878787879
26400,6600,0.687774600425385,0.5071179048046311,0.7296694617516524,1.8630922570568646e-183,0.7316648379515005,5.991389295776933e-185,0.003188568508687996,0.007558158151374341,1.0089216677505812,1.0292642041614868,0.8363636363636363,0.8363636363636363,0.8363636363636363,0.8363636363636363
