Full data size,Testing data size,Recall,Precision,F1,Accuracy,AOD,Spearman's rank correlation,SP value,Pearson's rank correlation,P value
5500,1100,0.8579136690647482,0.8849721706864564,0.8712328767123289,0.8718181818181818,-0.09064455114215043,0.7347954064584336,2.560510628571395e-187,0.73440610691365,5.067359396922754e-187
5500,1100,0.8339483394833949,0.8512241054613936,0.842497670083877,0.8463636363636363,-0.0687645687645688,0.6976698594862352,3.245012061582074e-161,0.7012372160670823,1.511580697936599e-163
5500,1100,0.8717948717948718,0.8782287822878229,0.8749999999999999,0.8763636363636363,-0.08218070273284996,0.7285850865852659,1.1908167090103827e-182,0.7321822721948861,2.4448249713157564e-185
5500,1100,0.8503787878787878,0.8634615384615385,0.8568702290076337,0.8636363636363636,-0.1780116205892253,0.7308811613132415,2.319430904222131e-184,0.7174995678435546,1.2390688409990486e-174
5500,1100,0.8197674418604651,0.8277886497064579,0.8237585199610515,0.8354545454545454,-0.03199314110374085,0.713234805079343,1.189635913764695e-171,0.711244224327497,2.8103800910896496e-170
