Full data size,Testing data size,Recall,Precision,F1,Accuracy,AOD_race,AOD_sex,Spearman's rank correlation,SP value,Pearson's rank correlation,P value,MI_race,MI_sex,MI_encoder_race,MI_encoder_sex
8800,2200,0.8290909090909091,0.8290909090909091,0.8290909090909091,0.8290909090909091,-1.3877787807814457e-17,0.0,0.7373672146301092,2.732711044384403e-189,0.7123438382698681,4.915462620594018e-171,0.0005763777304705164,0.018614454871921707,0.006609417521462391,0.015263312235209632
