Full data size,Testing data size,Recall,Precision,F1,Accuracy,AOD,Spearman's rank correlation,P value,Pearson's rank correlation
1000,200,0.7417218543046358,0.7249190938511327,0.7332242225859247,0.7283333333333334,-0.23756613756613756,0.7106372734144255,9.447574943879556e-31,0.6998301441207172
1000,200,0.8135593220338984,0.7920792079207921,0.8026755852842811,0.8033333333333333,-0.08965762470791426,0.8066107965007456,1.1104423591203099e-49,0.8191251024553429
1000,200,0.773972602739726,0.7902097902097902,0.7820069204152249,0.79,-0.1412141779788839,0.7654445120066224,7.579167698123474e-40,0.7659508645751787
