Full data size,Testing data size,MSE,R2,P Coef,P Value,MI,R_sep
1000,200,0.4152396848758997,0.5327954939372734,0.7385545817701498,9.599584486034076e-36,0.005096126721451399,1.01151051033967
1000,200,0.5340374863176564,0.27771768545371933,0.53218936614022,5.064427876042528e-16,0.025280942609975047,1.0421964997566286
1000,200,0.33216979825827536,0.492851180185083,0.709381594686824,6.608651061817479e-32,0.016048612106960323,1.0373809985911735
