Full data size,Testing data size,MSE,R2,P Coef,P Value,SP Coef,SP Value,MI_race,MI_sex,R_sep_race,R_sep_sex,Recall,Precision,F1,Accuracy
8800,2200,0.08168675023458126,0.8278949895792089,0.9103875993953054,0.0,0.9067832927539885,0.0,6.751302358381229e-05,0.01015416690415064,1.0000974900963648,1.033965105575261,0.8636363636363636,0.8636363636363636,0.8636363636363636,0.8636363636363636
8800,2200,0.08582078955958575,0.8198437347049016,0.9079183839977321,0.0,0.8975725129279851,0.0,4.983670124737048e-07,0.01328494105211928,1.000085345337953,1.0472099589164958,0.8636363636363636,0.8636363636363636,0.8636363636363636,0.8636363636363636
8800,2200,0.08755979565726524,0.7978454769757181,0.9009118078700665,0.0,0.8938102754255676,0.0,0.00106623317270736,0.012915312333632726,1.0024686900571353,1.044473723558729,0.8654545454545455,0.8654545454545455,0.8654545454545455,0.8654545454545455
