Full data size,Testing data size,Recall,Precision,F1,Accuracy,AOD_race,AOD_sex,Spearman's rank correlation,SP value,Pearson's rank correlation,P value,MI_encoder_race,MI_encoder_sex
13200,3300,0.835820895522388,0.836341008089608,0.836080870917574,0.8403030303030303,0.018140402231780067,-0.03467047751301176,0.7561794938488234,1.872847772869966e-204,0.7407929496715293,5.939996817480931e-192,0.00430975319973682,0.0001616333067262873
13200,3300,0.8516050878255602,0.843937575030012,0.8477539945734096,0.8469696969696969,0.006468099210275108,0.0012446149982330706,0.7649411329019915,5.351807747035813e-212,0.7434919883492292,4.425003692415902e-194,0.006636064760124131,0.0018833350862380671
13200,3300,0.8349455864570737,0.8425869432580841,0.8387488612207714,0.8390909090909091,0.005618997192323158,-0.006014538220298946,0.7336048477326178,2.0573106227003416e-186,0.7201569934914882,1.6093981911361288e-176,0.00011350058120710392,0.012686043466109046
