Full data size,Testing data size,Recall,Precision,F1,Accuracy,AOD_race,AOD_sex,Spearman's rank correlation,SP value,Pearson's rank correlation,P value,MI_encoder_race,MI_encoder_sex
8800,2200,0.8327272727272728,0.8327272727272728,0.8327272727272728,0.8327272727272728,0.0,0.0,0.7280475950005312,2.9765580658330358e-182,0.7135298358371248,7.42786816022208e-172,0.0037409953512216034,0.005172661983271401
8800,2200,0.7972727272727272,0.7972727272727272,0.7972727272727271,0.7972727272727272,-2.7755575615628914e-17,-2.7755575615628914e-17,0.693308439376899,2.068207923264442e-158,0.6808881043891946,1.0802281382842206e-150,2.4734612691736566e-05,0.0025240321395055953
8800,2200,0.8427272727272728,0.8427272727272728,0.8427272727272728,0.8427272727272728,-1.3877787807814457e-17,-4.163336342344337e-17,0.7182387986681671,3.719873135469633e-175,0.707028762567579,2.083753462707069e-167,0.0004481403675373457,0.002153315299912569
