Full data size,Testing data size,Recall,Precision,F1,Accuracy,AOD_race,AOD_sex,Spearman's rank correlation,SP value,Pearson's rank correlation,P value,MI_encoder_race,MI_encoder_sex
13200,3300,0.854320987654321,0.8480392156862745,0.8511685116851168,0.8533333333333334,-0.009249940442053656,-0.023236563477062773,0.7580007697885129,5.38171192476138e-206,0.7364930920237254,1.2863512080885986e-188,0.0036064277244928183,0.023756260465132316
13200,3300,0.8503319251659626,0.8565349544072949,0.8534221683827982,0.8533333333333334,-0.0015203575372749467,-0.025331128198635783,0.7496462712858949,4.923204860727749e-199,0.7294185737218983,2.864005665516118e-183,0.0026455126348648526,0.011601586595586945
13200,3300,0.8396464646464646,0.8109756097560976,0.8250620347394542,0.8290909090909091,0.008135202880648298,0.024595172992641905,0.7153922542278215,3.746259961794766e-173,0.6831802640889866,4.3469408912513315e-152,0.004308099654226433,0.027733377068936645
