Full data size,Testing data size,Recall,Precision,F1,Accuracy,AOD_race,AOD_sex,Spearman's rank correlation,SP value,Pearson's rank correlation,P value,MI_race,MI_sex,MI_encoder_race,MI_encoder_sex
4800,1200,0.7866666666666666,0.7866666666666666,0.7866666666666666,0.7866666666666666,2.7755575615628914e-17,-1.3877787807814457e-17,0.7391464408508294,1.0167664904089497e-104,0.7188580815255964,1.6657590941260773e-96,5.294567244067122e-07,0.01257601290775804,1.4116941250600747e-07,0.02762748652014808
