Full data size,Testing data size,MSE,R2,P Coef,P Value,SP Coef,SP Value,MI,R_sep,Recall,Precision,F1,Accuracy
5500,1100,0.09412897165755328,0.8031551204704637,0.8985741109593133,0.0,0.8997446460215516,0.0,0.014510370818744121,1.0331346394280456,0.8424778761061947,0.8607594936708861,0.851520572450805,0.8490909090909091
5500,1100,0.10410862460924078,0.7766895545484209,0.8820128648712532,0.0,0.8635192207593134,0.0,0.02825991479628357,1.07072721532532,0.8208661417322834,0.8128654970760234,0.8168462291870715,0.83
5500,1100,0.11855443144251332,0.7411563602921871,0.8807221307275002,0.0,0.8659004076908818,0.0,0.01873474339298974,1.0458511407622602,0.821969696969697,0.8362235067437379,0.8290353390639925,0.8372727272727273
5500,1100,0.13597184484867916,0.710588682650976,0.8968788613935403,0.0,0.884870111304557,0.0,0.023648128152747295,1.0572663018872703,0.8502772643253235,0.8258527827648114,0.8378870673952641,0.8381818181818181
5500,1100,0.12442179772856621,0.7321909822503518,0.8736255136953285,0.0,0.8637227842354831,0.0,0.009361773210925971,1.0224726000032618,0.8203125,0.8316831683168316,0.8259587020648969,0.8390909090909091
