Full data size,Testing data size,Recall,Precision,F1,Accuracy,AOD_race,AOD_sex,Spearman's rank correlation,SP value,Pearson's rank correlation,P value,MI_encoder_race,MI_encoder_sex
4400,1100,0.9210526315789473,0.8888888888888888,0.9046849757673667,0.9463636363636364,-0.05185093944282418,-0.048521099431386785,0.6977409478039496,2.9180097223932587e-161,0.7269243227591208,2.005035206280831e-181,0.004853683439415097,0.006221172995582629
4400,1100,0.920265780730897,0.8821656050955414,0.9008130081300814,0.9445454545454546,-0.027639832936182343,-0.011907611984450978,0.681010577349849,9.105103882259633e-151,0.7118003576964258,1.1648078904606853e-170,0.00538837136756485,0.011735116979130383
4400,1100,0.8903654485049833,0.881578947368421,0.8859504132231405,0.9372727272727273,-0.08566858974877518,-0.08420539989475945,0.6693681807747428,7.189870641566002e-144,0.6953593134197877,1.0073361281404895e-159,0.0028155100410726104,0.013113755968720855
