Full data size,Testing data size,Recall,Precision,F1,Accuracy,AOD,Spearman's rank correlation,SP value,Pearson's rank correlation,P value
5500,1100,0.8076062639821029,0.7536534446764092,0.7796976241900648,0.8145454545454546,-0.14136351853451998,0.6688306237311343,1.4709974440996263e-143,0.6843704623070151,8.10172202134844e-153
5500,1100,0.8419864559819413,0.7706611570247934,0.8047464940668825,0.8354545454545454,-0.1597478954166853,0.662379235505012,7.052781271249836e-140,0.6788659908197912,1.794221411704204e-149
5500,1100,0.8112359550561797,0.7474120082815735,0.7780172413793103,0.8127272727272727,-0.2489923677214647,0.6494958513561444,8.526965014323561e-133,0.6524592042636679,2.1498828614828776e-134
5500,1100,0.8064516129032258,0.7470119521912351,0.7755946225439504,0.8027272727272727,-0.09137024813592476,0.6675229654260114,8.339928799088331e-143,0.6779325407433239,6.51490741608011e-149
5500,1100,0.8156182212581344,0.7784679089026915,0.7966101694915253,0.8254545454545454,-0.20939060939060938,0.695120516805595,1.43403198038541e-159,0.694660533445862,2.828728318730148e-159
