Full data size,Testing data size,Recall,Precision,F1,Accuracy,AOD_race,AOD_sex,Spearman's rank correlation,SP value,Pearson's rank correlation,P value,MI_encoder_race,MI_encoder_sex
8800,2200,0.8154545454545454,0.8154545454545454,0.8154545454545454,0.8154545454545454,1.3877787807814457e-17,-6.938893903907228e-18,0.8341674536042484,4.86204950995138e-286,0.8307188920116362,1.4036684535498967e-281,0.0016015460212742963,0.04673598972543877
8800,2200,0.7863636363636364,0.7863636363636364,0.7863636363636365,0.7863636363636364,1.3877787807814457e-17,-1.3877787807814457e-17,0.8007207395428019,1.3261355319608753e-246,0.7964593884772566,4.02479670222435e-242,0.029602670023110678,0.005846936678730551
8800,2200,0.85,0.85,0.85,0.85,-5.551115123125783e-17,0.0,0.8598239447589839,8e-323,0.8643347990725139,0.0,0.009142509349407402,0.00024462666412792915
