Full data size,Testing data size,Recall,Precision,F1,Accuracy,AOD,Spearman's rank correlation,P value,Pearson's rank correlation
3000,600,0.8436482084690554,0.8482532751091703,0.8459444746869897,0.8427777777777777,-0.1314345440292657,0.8579672993845976,1.8223810616640626e-176,0.8595268387638076
3000,600,0.8388520971302428,0.851063829787234,0.8449138410227904,0.845,-0.19342984133290297,0.8528633227242832,1.4816694795512888e-186,0.8708066016923722
3000,600,0.823982398239824,0.8511363636363637,0.8373392956959196,0.8383333333333334,-0.12358630952380954,0.856786786859345,2.5328580943700263e-182,0.8661986838278797
