Full data size,Testing data size,Recall,Precision,F1,Accuracy,AOD_race,AOD_sex,Spearman's rank correlation,SP value,Pearson's rank correlation,P value,MI_encoder_race,MI_encoder_sex
8800,2200,0.9436363636363636,0.9436363636363636,0.9436363636363636,0.9436363636363636,0.0,3.469446951953614e-18,0.6954194421595393,9.215704775259284e-160,0.715655503376545,2.4512575997383545e-173,0.011277924208574692,0.0026772173706640437
8800,2200,0.93,0.93,0.93,0.93,5.551115123125783e-17,2.0816681711721685e-17,0.6706424579780907,1.3095925103103444e-144,0.7029176990352491,1.1719330623325893e-164,0.00031600982525279813,0.003757578824779344
8800,2200,0.9327272727272727,0.9327272727272727,0.9327272727272727,0.9327272727272727,-3.469446951953614e-17,-2.0816681711721685e-17,0.6621652167335654,9.308818131299113e-140,0.7435609971934893,3.9008311522837895e-194,0.0012026988868516146,0.013546662187938919
