Full data size,Testing data size,MSE,R2,P Coef,P Value,MI,R_sep
1000,200,0.14343287920476244,0.6675474175579763,0.8231518977573504,1.480656651876808e-50,0.03578649968720664,1.0693509388688691
1000,200,0.16431421833524884,0.5753320727494494,0.7695393083924194,1.998001933058537e-40,0.0018729222467055795,1.0029486991178536
1000,200,0.20245594814930523,0.5331167275967159,0.7365487054043709,1.8297358049911566e-35,0.006630232071707339,1.0138243427550595
