Full data size,Testing data size,Recall,Precision,F1,Accuracy,Avg. Difference,Spearman's rank correlation
100,20,0.6756756756756757,0.6666666666666666,0.6711409395973154,0.6818181818181818,5.5,0.341
