Full data size,Testing data size,MSE,R2,P Coef,P Value,SP Coef,SP Value,MI,R_sep,Recall,Precision,F1,Accuracy
5500,1100,0.6153178305503676,0.31367852612652924,0.7253303682141978,2.9550705846132288e-180,0.7166072824201164,5.267760323873497e-174,0.03685241978773789,1.1006541120190194,0.8355899419729207,0.8421052631578947,0.8388349514563106,0.8490909090909091
5500,1100,0.46924771131148296,0.4617999688269677,0.6899752836897282,2.661741279469258e-156,0.6905632328821008,1.1353642599308532e-156,0.01806290062568954,1.0480343351152,0.8351063829787234,0.8501805054151624,0.8425760286225402,0.84
5500,1100,0.596416338060666,0.309322774013263,0.6791039791882625,1.2905034860610828e-149,0.6867029982389143,2.941070923869986e-154,0.012084077129797454,1.0321840500300035,0.8317929759704251,0.8302583025830258,0.8310249307479224,0.8336363636363636
5500,1100,0.5492457078198281,0.3683014470013307,0.6984436561411657,1.0194427911973136e-161,0.721774441221684,1.1161098089646237e-177,0.0071395042133471035,1.0196892226213614,0.8653136531365314,0.8574040219378428,0.8613406795224978,0.8627272727272727
5500,1100,0.41531876404239865,0.5252755525387665,0.7313218288007182,1.0841318803278404e-184,0.7316929770225924,5.70664850924211e-185,0.019073137812263195,1.0537235703912153,0.8394160583941606,0.8348457350272233,0.8371246587807099,0.8372727272727273
