Full data size,Testing data size,MSE,R2,P Coef,P Value,SP Coef,SP Value,MI,R_sep,Recall,Precision,F1,Accuracy
5500,1100,0.3546442450862177,0.503068724684903,0.7364488579619438,1.3910178116642982e-188,0.7341930619675103,7.358602722142708e-187,0.02294987980108669,1.0605198230717547,0.8687050359712231,0.8781818181818182,0.8734177215189873,0.8727272727272727
5500,1100,0.33897881224704185,0.5349077810283029,0.7362280131724726,2.055159921052751e-188,0.7221987451437396,5.524764715562048e-178,0.004179338909104579,1.0109774279759378,0.8579335793357934,0.856353591160221,0.8571428571428572,0.8590909090909091
5500,1100,0.36720989793678666,0.48093235954094615,0.7341761303993706,7.579918381944075e-187,0.7378976793878883,1.0641609633356787e-189,0.0001279176296238994,1.0003057932895894,0.8681318681318682,0.8777777777777778,0.8729281767955802,0.8745454545454545
5500,1100,0.3235041783020959,0.545945354599024,0.7473794857522453,3.4162351067257404e-197,0.7508578640596536,5.010952418037812e-200,0.02330867372666232,1.0631202323561695,0.8598484848484849,0.8884540117416829,0.873917228103946,0.8809090909090909
5500,1100,0.41915821839034206,0.3861654094793061,0.6839008683596988,1.5734824384634346e-152,0.67987137960183,4.449879751788614e-150,0.0064578733122488295,1.0170822667233852,0.8255813953488372,0.8385826771653543,0.83203125,0.8436363636363636
