Full data size,Testing data size,MSE,R2,P Coef,P Value,SP Coef,SP Value,MI_race,MI_sex,R_sep_race,R_sep_sex,Recall,Precision,F1,Accuracy
8800,2200,0.1822839425836613,0.5195698273863634,0.7251221705162695,4.193504327257211e-180,0.6721555483902569,1.7144694220907554e-145,0.0011992527212327626,0.005341141698876791,1.0031871306663116,1.0176372196771637,0.9227272727272727,0.9227272727272727,0.9227272727272727,0.9227272727272727
8800,2200,0.18128919039223965,0.5166409877516174,0.7298679627888931,1.3253732763617382e-183,0.6696331378633325,5.0494606865139914e-144,1.8545697668335883e-05,0.01276142631948077,1.0000625369425828,1.0411919228954043,0.9309090909090909,0.9309090909090909,0.9309090909090909,0.9309090909090909
8800,2200,0.1840073555978909,0.48651083885274915,0.7056403702309335,1.7903450706168163e-166,0.6284374014450459,6.202334152461205e-122,0.0005093626779168089,0.0028638553206528825,1.0015057145074464,1.0090504049611655,0.9072727272727272,0.9072727272727272,0.9072727272727272,0.9072727272727272
