Full data size,Testing data size,MSE,R2,P Coef,P Value,SP Coef,SP Value,MI,R_sep,Recall,Precision,F1,Accuracy
5500,1100,1.0603657135754427,0.3946413553232355,0.6901271810159527,2.1362547242766073e-156,0.6639071451503871,9.659315131554721e-141,0.04281400763344976,1.1260061190408865,0.7969924812030075,0.6989010989010989,0.7447306791569087,0.8018181818181818
5500,1100,1.0219852398403177,0.35958508259101685,0.6604672217669654,8.349791503567058e-139,0.6221211481816511,7.750621448373474e-119,0.018236657793822934,1.0411666314090589,0.6736111111111112,0.7238805970149254,0.697841726618705,0.7709090909090909
5500,1100,1.567422282816844,0.01613033202776326,0.6715549023323617,3.8484161956333784e-145,0.656570874831832,1.2151266330092778e-136,0.04337108019903123,1.125909850692767,0.7581395348837209,0.7581395348837209,0.7581395348837209,0.8109090909090909
5500,1100,1.0188956400723763,0.4042049875016248,0.6578573402964273,2.3661863914343262e-137,0.6401876798797578,6.870095053308786e-128,0.022005373435532837,1.0556957719636926,0.7598152424942263,0.7376681614349776,0.7485779294653014,0.7990909090909091
5500,1100,0.9297502093480698,0.442080526383859,0.6996846406272409,1.5795120280394175e-162,0.6794265015192444,8.252585691972056e-150,0.04619904617558889,1.118900859666736,0.7690582959641256,0.75054704595186,0.7596899224806201,0.8027272727272727
