Full data size,Testing data size,MSE,R2,P Coef,P Value,MI,R_sep
1000,200,0.47876695621627385,0.46631707031961456,0.6896249821809464,1.445820409232374e-29,0.03053188190235876,1.069906333279782
1000,200,0.527876477807304,0.37851187307455014,0.6286071365224308,2.1615010815927047e-23,0.016799115820536167,1.0359685589675522
1000,200,0.4902963903666307,0.3622368178379488,0.615022110544204,3.376606951445268e-22,0.020355559045333465,1.0413218446402974
