Full data size,Testing data size,Recall,Precision,F1,Accuracy,AOD,Avg. Difference,Spearman's rank correlation
1000,200,0.7556650246305419,0.7747474747474747,0.7650872817955112,0.7645,-0.2564896550661675,40.19,0.584
