Full data size,Testing data size,Recall,Precision,F1,Accuracy,AOD,Avg. Difference,Spearman's rank correlation
1000,200,0.8017578125,0.8112648221343873,0.806483300589391,0.803,-0.13691951211662864,40.37,0.598
1000,200,0.8245787908820614,0.8328328328328328,0.8286852589641435,0.828,-0.027134502923976664,37.92,0.644
1000,200,0.8029411764705883,0.7998046875,0.8013698630136986,0.797,-0.27684952597034274,41.71,0.56
