Full data size,Testing data size,Recall,Precision,F1,Accuracy,AOD_race,AOD_sex,Spearman's rank correlation,SP value,Pearson's rank correlation,P value,MI_race,MI_sex,MI_encoder_race,MI_encoder_sex
8800,2200,0.8081818181818182,0.8081818181818182,0.8081818181818182,0.8081818181818182,-5.551115123125783e-17,1.3877787807814457e-17,0.8268148219608882,1.1929708972811696e-276,0.8298342010193417,1.8849339550907356e-280,0.0001103604349920992,0.0059333231191674475,0.0031126656096797747,0.016089630800458977
