Full data size,Testing data size,Recall,Precision,F1,Accuracy,AOD_race,AOD_sex,Spearman's rank correlation,SP value,Pearson's rank correlation,P value,MI_race,MI_sex,MI_encoder_race,MI_encoder_sex
4800,1200,0.9316666666666666,0.9316666666666666,0.9316666666666665,0.9316666666666666,4.85722573273506e-17,1.0408340855860843e-17,0.6587018898020877,6.479542415089495e-76,0.6844479907468036,4.07650785895119e-84,0.0012301790890594188,0.009766486073651518,0.00403241487867599,0.004510150109297351
