Full data size,Testing data size,Recall,Precision,F1,Accuracy,AOD_race,AOD_sex,Spearman's rank correlation,SP value,Pearson's rank correlation,P value,MI_race,MI_sex,MI_encoder_race,MI_encoder_sex
4800,1200,0.83,0.83,0.83,0.83,-1.3877787807814457e-17,6.938893903907228e-18,0.6883342625071659,1.9856808508724819e-85,0.6723550330468576,3.679586937366338e-80,0.012626122953054167,0.019523472710888168,0.005338387526873199,0.03717106510678817
