Full data size,Testing data size,Recall,Precision,F1,Accuracy,AOD,Spearman's rank correlation,SP value,Pearson's rank correlation,P value
5500,1100,0.7775628626692457,0.7960396039603961,0.7866927592954991,0.8018181818181818,-0.17666866207722243,0.6564949515546811,1.3379754178853528e-136,0.6593757338937012,3.395082053387305e-138
5500,1100,0.8049645390070922,0.8254545454545454,0.8150807899461402,0.8127272727272727,-0.08242827868852459,0.6494369264345499,9.170564213000051e-133,0.6459030623287387,6.995676371570458e-131
5500,1100,0.822550831792976,0.8444022770398482,0.8333333333333334,0.8381818181818181,-0.0009169213670463666,0.6654450101930738,1.2904161759208424e-141,0.6590574987318194,5.104825712639751e-138
5500,1100,0.8431734317343174,0.836996336996337,0.8400735294117646,0.8418181818181818,-0.11378473906715636,0.6843331803055613,8.540528803714286e-153,0.673888321544003,1.646050075332946e-146
5500,1100,0.8248175182481752,0.8354898336414048,0.830119375573921,0.8318181818181818,-0.15320677820677822,0.7042559971292146,1.509684090378254e-165,0.6979706739554505,2.0697753108624417e-161
