Full data size,Testing data size,Recall,Precision,F1,Accuracy,AOD_race,AOD_sex,Spearman's rank correlation,SP value,Pearson's rank correlation,P value,MI_encoder_race,MI_encoder_sex
4400,1100,0.8441558441558441,0.8348623853211009,0.8394833948339482,0.8418181818181818,0.04356875538775265,-0.022524598814467264,0.7156014328304889,2.6744963576215614e-173,0.702336265557371,2.8446018193872206e-164,0.0030548537685134024,0.010402106989560926
4400,1100,0.8194174757281554,0.816247582205029,0.8178294573643411,0.8290909090909091,-0.023402083099172077,-0.008938835581513899,0.7244788044311959,1.2343152782322658e-179,0.7153935866780002,3.738230313424825e-173,0.003372875365320832,0.062613777130291
4400,1100,0.8171428571428572,0.7988826815642458,0.807909604519774,0.8145454545454546,-0.05379601678859244,-0.03141014403206305,0.7300443549350009,9.79047990814378e-184,0.7112808551046131,2.652151183816262e-170,0.001008452862829304,0.03662833609971136
