Full data size,Testing data size,MSE,R2,P Coef,P Value,SP Coef,SP Value,MI_race,MI_sex,R_sep_race,R_sep_sex,Recall,Precision,F1,Accuracy
8800,2200,0.5455686524742627,0.5850630889653274,0.7728181838924059,4.559630368628762e-219,0.7765897960046771,1.485906150106119e-222,1.048574687364306e-06,0.0012352350463980095,1.000202398372601,1.0048779155918133,0.860909090909091,0.860909090909091,0.860909090909091,0.860909090909091
8800,2200,0.6594136590089629,0.5270860250152206,0.7327582734009452,8.991554266550353e-186,0.738396702402733,4.373070217275457e-190,0.00012420832045085398,0.003951852072187349,1.0004107271823137,1.0153466854440756,0.8345454545454546,0.8345454545454546,0.8345454545454546,0.8345454545454546
8800,2200,0.6134882456091623,0.5390354123744158,0.7552203944103582,1.1990862746228474e-203,0.762053158675519,1.7831747644721103e-209,0.0008640454750722973,0.0002937504265268899,1.0024479211578738,1.0011477388930001,0.85,0.85,0.85,0.85
