Full data size,Testing data size,MSE,R2,P Coef,P Value,SP Coef,SP Value,MI_race,MI_sex,R_sep_race,R_sep_sex,Recall,Precision,F1,Accuracy
26400,6600,0.5760857955334276,0.5693798323913803,0.7646348844317711,9.94796459341591e-212,0.7640236594289299,3.418664242220885e-211,0.03226614965613855,0.0009099085213779856,1.1074693276726228,1.0035605566338484,0.843030303030303,0.843030303030303,0.843030303030303,0.843030303030303
26400,6600,0.9269948050211007,0.32436856560225913,0.7429984703679271,1.0889110066422101e-193,0.7554931886522419,7.07756452427751e-204,0.0032925551092735554,0.004364595280929842,1.0089697594700986,1.017674753538376,0.850909090909091,0.850909090909091,0.850909090909091,0.850909090909091
26400,6600,0.6111797714182963,0.5098519579899187,0.7292412256073375,3.880162397895886e-183,0.7322390470093184,2.2155376805416752e-185,0.005608510633560342,0.0021710476759494086,1.0154547772272609,1.0086388486946185,0.8278787878787879,0.8278787878787879,0.8278787878787879,0.8278787878787879
