Full data size,Testing data size,Recall,Precision,F1,Accuracy,AOD,Avg. Difference,Spearman's rank correlation
1000,200,0.7520564042303173,0.7056229327453142,0.7281001137656427,0.761,-0.22799136719534227,42.31,0.544
1000,200,0.79463243873979,0.7450765864332604,0.7690570299265952,0.7955,-0.08145363408521308,42.27,0.565
1000,200,0.7956852791878173,0.7437722419928826,0.7688534641324342,0.8115,-0.17135372112917022,40.03,0.616
