Full data size,Testing data size,Recall,Precision,F1,Accuracy,AOD_race,AOD_sex,Spearman's rank correlation,SP value,Pearson's rank correlation,P value,MI_race,MI_sex,MI_encoder_race,MI_encoder_sex
8800,2200,0.8181818181818182,0.8181818181818182,0.8181818181818182,0.8181818181818182,0.0,0.0,0.7101643180464086,1.545022129720997e-169,0.6985977384933988,8.091687195981854e-162,0.0033645579807849227,0.01679072675938121,0.01863338340430855,0.02007496817738342
