Full data size,Testing data size,MSE,R2,P Coef,P Value,MI,R_sep
1000,200,1.1510450650261224,0.26580978455063875,0.5676378144193504,1.8740582606179995e-18,0.019616697628830202,1.0446149961775921
1000,200,1.1173779187363955,0.3163375436023035,0.589117843835184,4.480512334960623e-20,0.034208274200802094,1.0714330639963676
1000,200,0.7386603743746619,0.5124273506990795,0.7196244264133775,3.374104535117427e-33,0.014631059780448909,1.0326327933121895
