Full data size,Testing data size,MSE,R2,P Coef,P Value,SP Coef,SP Value,MI_race,MI_sex,R_sep_race,R_sep_sex,Recall,Precision,F1,Accuracy
26400,6600,0.11725284930338195,0.7460435392709484,0.8649912810968583,0.0,0.8468494341065478,2.2624616893133023e-303,4.403030319343209e-05,0.015183709419398164,1.0000954455837854,1.0543589179672428,0.8193939393939393,0.8193939393939393,0.8193939393939393,0.8193939393939393
26400,6600,0.11546889842552346,0.7512549247764175,0.8711620629073075,0.0,0.8506090641690287,8.15517692429609e-309,0.0005185387894077806,0.002651436125480466,1.0013358600147366,1.0094964608380568,0.8445454545454546,0.8445454545454546,0.8445454545454546,0.8445454545454546
26400,6600,0.09120094572325022,0.7987267618947453,0.895222894215663,0.0,0.8900611049333155,0.0,0.00025485480276476763,0.005990546534967851,1.0006241163663698,1.0213442710981364,0.8536363636363636,0.8536363636363636,0.8536363636363635,0.8536363636363636
