Full data size,Testing data size,Recall,Precision,F1,Accuracy,Spearman coef,Spearman P,Pearson coef,Pearson P
169,42,0.5,0.5,0.5,0.5,0.15982810134716408,0.3119859634653296,0.059852790221434936,0.7065286473082533
169,42,0.42857142857142855,0.42857142857142855,0.42857142857142855,0.42857142857142855,-0.13692132004723379,0.38722811975337956,-0.13538431992110972,0.3926298030058736
169,42,0.6428571428571429,0.6428571428571429,0.6428571428571429,0.6428571428571429,0.22891376882166253,0.14478470100754987,0.3100013407862866,0.04572424154757852
169,42,0.5476190476190477,0.5476190476190477,0.5476190476190477,0.5476190476190477,0.17895271136925373,0.25682423699971746,-0.029501184713100904,0.8528682960758847
169,42,0.42857142857142855,0.42857142857142855,0.42857142857142855,0.42857142857142855,0.016595907705859954,0.9169193447405586,-0.025618668940282356,0.8720589273774594
