Full data size,Testing data size,MAE,MDAE,Spearman coef,Spearman P,Pearson coef,Pearson P
281,71,3.4311954641618447,2.7252442625592033,0.14463917898260595,0.22879877377595442,0.09515228798350052,0.42991953199083227
