Full data size,Testing data size,Recall,Precision,F1,Accuracy,Spearman coef,Spearman P,Pearson coef,Pearson P
169,42,0.5476190476190477,0.5476190476190477,0.5476190476190477,0.5476190476190477,0.09993173857979067,0.5289129149817767,0.06316714217517608,0.6910629624086522
169,42,0.638095238095238,0.638095238095238,0.638095238095238,0.638095238095238,0.24873650891051083,0.11218968739967425,0.2137950309027522,0.1739832908278099
169,42,0.5523809523809524,0.5523809523809524,0.5523809523809524,0.5523809523809524,0.16535739147468015,0.29531935959773187,0.2730292982589725,0.08021447101018836
169,42,0.5952380952380952,0.5952380952380952,0.5952380952380952,0.5952380952380952,0.3135186945547968,0.04319616264883339,0.17497586917192584,0.26771989673935087
169,42,0.5238095238095238,0.5238095238095238,0.5238095238095238,0.5238095238095238,0.021564189096351903,0.892176997254873,-0.06667861415141756,0.6748118096144805
