Full data size,Testing data size,Recall,Precision,F1,Accuracy,Spearman coef,Spearman P,Pearson coef,Pearson P
281,71,0.5211267605633803,0.5211267605633803,0.5211267605633803,0.5211267605633803,0.11784651749075266,0.32768732288610525,0.15756988125951923,0.18940010505199717
281,71,0.4225352112676056,0.4225352112676056,0.4225352112676056,0.4225352112676056,-0.023256922691519053,0.8473396679889045,-0.09860060873173196,0.4133157638452155
281,71,0.647887323943662,0.647887323943662,0.647887323943662,0.647887323943662,0.07491990224980123,0.5346294766757671,0.002065835358974198,0.9863583739117665
281,71,0.6197183098591549,0.6197183098591549,0.6197183098591549,0.6197183098591549,0.04913990381241258,0.6840398400940662,-0.04545596777477731,0.7066084845847078
281,71,0.4647887323943662,0.4647887323943662,0.4647887323943662,0.4647887323943662,0.06747082147628147,0.5761168622109802,0.060871946450082814,0.6140646824841575
