Full data size,Testing data size,MAE,MDAE,Spearman coef,Spearman P,Pearson coef,Pearson P
281,71,3.335335260122417,2.787637981925306,-0.032611183109879115,0.7871748317624814,-0.001968492436461242,0.9870011153523619
