Full data size,Testing data size,Recall,Precision,F1,Accuracy,Spearman coef,Spearman P,Pearson coef,Pearson P
169,42,0.5666666666666667,0.5666666666666667,0.5666666666666667,0.5666666666666667,0.07210006143466163,0.6500074472012529,-0.057560324989765654,0.7172949768986104
169,42,0.43333333333333335,0.43333333333333335,0.43333333333333335,0.43333333333333335,-0.15346440151946342,0.33189083327318225,-0.22127723362119145,0.15904523174380475
169,42,0.569047619047619,0.569047619047619,0.569047619047619,0.569047619047619,0.18340823488367927,0.24497358035891495,0.296827527536836,0.05627779161992752
169,42,0.6642857142857143,0.6642857142857143,0.6642857142857143,0.6642857142857143,0.376865651284868,0.013888907910906655,0.3231581917730847,0.036845098527322
169,42,0.5857142857142857,0.5857142857142857,0.5857142857142857,0.5857142857142857,0.22225509458004247,0.15716418515949276,0.2603897397727321,0.09582092134135911
