Full data size,Testing data size,Recall,Precision,F1,Accuracy,Spearman coef,Spearman P,Pearson coef,Pearson P
1344,336,0.5291666666666667,0.5291666666666667,0.5291666666666667,0.5291666666666667,0.060842798826675114,0.2660773765381996,0.09617150094009716,0.07834582401705005
1344,336,0.544047619047619,0.544047619047619,0.544047619047619,0.544047619047619,0.09254684648819073,0.09031726724212022,0.106791787374038,0.050485514143871146
1344,336,0.5172619047619048,0.5172619047619048,0.5172619047619048,0.5172619047619048,0.03411734719090218,0.5331319384167661,0.0731494507352273,0.18101141701810006
1344,336,0.5428571428571428,0.5428571428571428,0.5428571428571428,0.5428571428571428,0.11084440171323606,0.04230567657181956,0.1397103888263751,0.010348046802801566
1344,336,0.5285714285714286,0.5285714285714286,0.5285714285714286,0.5285714285714286,0.07938921022692025,0.14647436352474352,0.10181886093160235,0.062284789747565704
