Full data size,Testing data size,MAE,MDAE,Spearman coef,Spearman P,Pearson coef,Pearson P
1344,336,2.8659656427859597,2.5728661983129513,0.03416283175152384,0.5325858340337878,0.04999020279404348,0.360983848118289
