Full data size,Testing data size,Recall,Precision,F1,Accuracy,Spearman coef,Spearman P,Pearson coef,Pearson P
1344,336,0.5267857142857143,0.5267857142857143,0.5267857142857143,0.5267857142857143,0.08251471944114885,0.13118169981247652,0.09991413243683207,0.06736802998637607
1344,336,0.5684523809523809,0.5684523809523809,0.5684523809523809,0.5684523809523809,0.10437757704211711,0.05595750923061489,0.12210447359869403,0.025204595775700955
1344,336,0.5505952380952381,0.5505952380952381,0.5505952380952381,0.5505952380952381,0.029203869349071102,0.5937327435465856,0.023076376633513078,0.6734069824568203
1344,336,0.49702380952380953,0.49702380952380953,0.49702380952380953,0.49702380952380953,0.04108826513998995,0.4528508849298166,0.06369278167006032,0.24428638619480278
1344,336,0.5238095238095238,0.5238095238095238,0.5238095238095238,0.5238095238095238,0.06063893637151474,0.26768561463961066,0.06255561287736874,0.252826739965645
