Full data size,Testing data size,MAE,MDAE,Spearman coef,Spearman P,Pearson coef,Pearson P
1344,336,2.743011896820721,2.4923398663535075,0.0504999696910702,0.3561015304712828,0.09057994665798129,0.0974024029104968
