Full data size,Testing data size,Recall,Precision,F1,Accuracy,Spearman coef,Spearman P,Pearson coef,Pearson P
806,202,0.5544554455445545,0.5544554455445545,0.5544554455445545,0.5544554455445545,0.03564684090938251,0.6145053640238072,0.00860545506813094,0.9032556236595187
806,202,0.5346534653465347,0.5346534653465347,0.5346534653465347,0.5346534653465347,0.07129827311008625,0.31329407529595565,0.07550384149331166,0.285530914796543
806,202,0.5742574257425742,0.5742574257425742,0.5742574257425742,0.5742574257425742,0.10567872327567272,0.13443216058650995,0.12962368813421957,0.06596955011014946
806,202,0.5445544554455446,0.5445544554455446,0.5445544554455446,0.5445544554455446,0.17999026794200773,0.010370173704226502,0.16313666931653875,0.020352711570115277
806,202,0.5198019801980198,0.5198019801980198,0.5198019801980198,0.5198019801980198,0.09823231970702297,0.16427227300976063,0.13070180533214767,0.0637313012161347
