Full data size,Testing data size,Recall,Precision,F1,Accuracy,Spearman coef,Spearman P,Pearson coef,Pearson P
932,234,0.3888888888888889,0.3888888888888889,0.3888888888888889,0.3888888888888889,-0.1947371764841642,0.002774768691498638,-0.13603957930512886,0.03756785453852096
932,234,0.4829059829059829,0.4829059829059829,0.4829059829059829,0.4829059829059829,-0.051610763163128924,0.4319911435030025,-0.08771973644953229,0.18114189416296667
932,234,0.48717948717948717,0.48717948717948717,0.48717948717948717,0.48717948717948717,-0.14415794563876333,0.02746017861554241,-0.09551806170697494,0.14521206426332106
932,234,0.4444444444444444,0.4444444444444444,0.4444444444444444,0.4444444444444444,-0.13944325011208067,0.033000581375825,-0.09063777456830577,0.16699853220252503
932,234,0.49145299145299143,0.49145299145299143,0.49145299145299143,0.49145299145299143,-0.12360033651497417,0.05904719109034751,-0.0831458901684172,0.20505805950003994
