Full data size,Testing data size,Recall,Precision,F1,Accuracy,Spearman coef,Spearman P,Pearson coef,Pearson P
559,140,0.48428571428571426,0.48428571428571426,0.48428571428571426,0.48428571428571426,0.002696099096934416,0.9747792994273413,0.022673459783248823,0.7903124035453037
559,140,0.5157142857142857,0.5157142857142857,0.5157142857142857,0.5157142857142857,0.06605718781602317,0.4380801454666293,0.04236039783458388,0.6192281771511214
559,140,0.49,0.49,0.49,0.49,-0.022712122235793684,0.7899631261879094,-0.04889509541887196,0.5661768905019181
559,140,0.5335714285714286,0.5335714285714286,0.5335714285714286,0.5335714285714286,0.08925462709129085,0.2943155391244233,0.02212764401873072,0.7952477290217893
559,140,0.48642857142857143,0.48642857142857143,0.48642857142857143,0.48642857142857143,0.0029847641758575013,0.9720800151624494,-0.06921554718063086,0.4164462144455552
