Full data size,Testing data size,MAE,MDAE,Spearman coef,Spearman P,Pearson coef,Pearson P
932,234,7.150199265329474,3.2966526558519584,-0.018232748700109616,0.7814446321461539,-0.0006036850748753139,0.9926714098029082
