Full data size,Testing data size,Recall,Precision,F1,Accuracy,Spearman coef,Spearman P,Pearson coef,Pearson P
559,140,0.5642857142857143,0.5642857142857143,0.5642857142857143,0.5642857142857143,0.08946474417933845,0.2931758407811817,-0.02051937342991586,0.809836374014991
559,140,0.5285714285714286,0.5285714285714286,0.5285714285714286,0.5285714285714286,0.01765370922904819,0.8359904002222629,0.022868315727402118,0.7885524966288522
559,140,0.5214285714285715,0.5214285714285715,0.5214285714285715,0.5214285714285715,0.027438927846240763,0.7475953992122002,0.011740172745342807,0.8905004949582627
559,140,0.36428571428571427,0.36428571428571427,0.36428571428571427,0.36428571428571427,-0.11498389487036428,0.17611899866200925,-0.02016110950636257,0.8130953033827415
559,140,0.5428571428571428,0.5428571428571428,0.5428571428571428,0.5428571428571428,0.1010514526190273,0.23484093767474468,0.1066827413611944,0.20964076938399728
