Full data size,Testing data size,Recall,Precision,F1,Accuracy,Spearman coef,Spearman P,Pearson coef,Pearson P
559,140,0.5057142857142857,0.5057142857142857,0.5057142857142857,0.5057142857142857,-0.01972962611547464,0.8170245184049648,-0.015360222583898759,0.857053806561016
559,140,0.5285714285714286,0.5285714285714286,0.5285714285714286,0.5285714285714286,0.11378293243187913,0.18070771256554063,0.08862278346748304,0.297760407602969
559,140,0.5,0.5,0.5,0.5,0.012817292212746852,0.8805257655060132,-0.01175920391374495,0.8903241021123212
559,140,0.5428571428571428,0.5428571428571428,0.5428571428571428,0.5428571428571428,0.13256592274562568,0.11843462509818138,0.1626347363797898,0.05487433560544433
559,140,0.54,0.54,0.54,0.54,0.10491194458968815,0.21734709703132768,0.09021868480187703,0.28911052602153364
