Full data size,Testing data size,Recall,Precision,F1,Accuracy,Spearman coef,Spearman P,Pearson coef,Pearson P
932,234,0.44529914529914527,0.44529914529914527,0.44529914529914527,0.44529914529914527,-0.10395379570491171,0.1127457681023591,-0.07201946437183075,0.272548820743752
932,234,0.4666666666666667,0.4666666666666667,0.4666666666666667,0.4666666666666667,-0.10127845142707075,0.12236051379678495,-0.0597979091370145,0.36248040543690585
932,234,0.43846153846153846,0.43846153846153846,0.43846153846153846,0.43846153846153846,-0.14576002203843483,0.025768637060493323,-0.14709873559886924,0.024424596907781194
932,234,0.4324786324786325,0.4324786324786325,0.4324786324786325,0.4324786324786325,-0.14205077410420433,0.02982923645405974,-0.1134224231808036,0.08339300632040358
932,234,0.4641025641025641,0.4641025641025641,0.4641025641025641,0.4641025641025641,-0.09256520464946139,0.15811940075827705,-0.06782023205616447,0.3015643970854682
