Full data size,Testing data size,MAE,MDAE,Spearman coef,Spearman P,Pearson coef,Pearson P
932,234,7.240837860053046,3.4845454474482684,-0.17911954005989486,0.006003589022110312,-0.09258657889601907,0.15802296714266786
