Full data size,Testing data size,MAE,MDAE,Spearman coef,Spearman P,Pearson coef,Pearson P
711,178,4.675514848011541,4.734621061985182,-0.01959518583940616,0.7951604130267438,-0.04288028673507125,0.569814087795194
