Full data size,Testing data size,Recall,Precision,F1,Accuracy,Spearman coef,Spearman P,Pearson coef,Pearson P
351,88,0.6,0.6,0.6,0.6,0.21373779377047122,0.045549912845144376,0.19096156358853036,0.07471594530468882
351,88,0.5590909090909091,0.5590909090909091,0.5590909090909091,0.5590909090909091,0.07577495696217013,0.4828798678434598,0.006169337159506318,0.9545081110973612
351,88,0.5022727272727273,0.5022727272727273,0.5022727272727273,0.5022727272727273,0.014141832193913998,0.8959558115031561,-0.013689079969347498,0.8992690653611437
351,88,0.6045454545454545,0.6045454545454545,0.6045454545454545,0.6045454545454545,0.24242143851365616,0.0228665288591414,0.12528038447963474,0.24482174593616965
351,88,0.5659090909090909,0.5659090909090909,0.5659090909090909,0.5659090909090909,0.20660709703085964,0.053442602027447765,0.12741579750067974,0.2368072638801394
