Full data size,Testing data size,Recall,Precision,F1,Accuracy,Spearman coef,Spearman P,Pearson coef,Pearson P
426,107,0.48598130841121495,0.48598130841121495,0.48598130841121495,0.48598130841121495,-0.03142226155199645,0.7479860414856956,-0.007906021131320728,0.9355841333924009
426,107,0.5214953271028038,0.5214953271028038,0.5214953271028038,0.5214953271028038,-0.026960239774617503,0.7828142753317746,-0.04834733929678626,0.6209361023711365
426,107,0.5345794392523364,0.5345794392523364,0.5345794392523364,0.5345794392523364,0.060447063142139615,0.5362516486488111,0.06355565344556581,0.5154590795227995
426,107,0.5794392523364486,0.5794392523364486,0.5794392523364486,0.5794392523364486,0.09684253419050472,0.3210435624252056,0.09387911174977573,0.3361433805574496
426,107,0.5420560747663551,0.5420560747663551,0.5420560747663551,0.5420560747663551,0.06648600932778072,0.4962434860155679,-0.010074323357302453,0.9179723215207172
