Full data size,Testing data size,Recall,Precision,F1,Accuracy,Spearman coef,Spearman P,Pearson coef,Pearson P
351,88,0.5340909090909091,0.5340909090909091,0.5340909090909091,0.5340909090909091,0.1680812800172689,0.11749936973681607,0.12221691307228671,0.2566427875185585
351,88,0.625,0.625,0.625,0.625,0.23456552447596363,0.027824962503398876,0.03693210932851532,0.7326393023339948
351,88,0.48863636363636365,0.48863636363636365,0.48863636363636365,0.48863636363636365,0.09245022442508191,0.3916126807976197,0.07693670675833864,0.47617512825920255
351,88,0.5227272727272727,0.5227272727272727,0.5227272727272727,0.5227272727272727,-0.00010809709355701423,0.9992024814789193,-0.028533427782436907,0.7918617331783117
351,88,0.5795454545454546,0.5795454545454546,0.5795454545454546,0.5795454545454546,0.04978525605036054,0.6450603212572792,0.06499977277414776,0.5473936121223235
