Full data size,Testing data size,Recall,Precision,F1,Accuracy,Spearman coef,Spearman P,Pearson coef,Pearson P
585,147,0.5782312925170068,0.5782312925170068,0.5782312925170068,0.5782312925170068,0.06377405517485583,0.44284367587471396,0.08012660868973634,0.3346738893622702
585,147,0.5034013605442177,0.5034013605442177,0.5034013605442177,0.5034013605442177,0.1095336591045423,0.18661299658245578,0.1223016893149792,0.14002009214891178
585,147,0.54421768707483,0.54421768707483,0.54421768707483,0.54421768707483,0.07710571501859992,0.3532731214482405,0.1493952726196844,0.07091714665180159
585,147,0.5714285714285714,0.5714285714285714,0.5714285714285714,0.5714285714285714,0.11251256353564698,0.17484183516952953,0.11509730030862712,0.16508055524490017
585,147,0.5510204081632653,0.5510204081632653,0.5510204081632653,0.5510204081632653,0.03775790344094745,0.6497970645321354,0.05817720882431409,0.4839693051499046
