Full data size,Testing data size,MAE,MDAE,Spearman coef,Spearman P,Pearson coef,Pearson P
585,147,6.72631025489588,5.142196437251737,0.1214415494504108,0.14285005392021197,0.12892845613772158,0.11962899191529175
