Full data size,Testing data size,Recall,Precision,F1,Accuracy,Spearman coef,Spearman P,Pearson coef,Pearson P
351,88,0.5284090909090909,0.5284090909090909,0.5284090909090909,0.5284090909090909,0.06292883464380979,0.5602555763803396,-0.026871985733740562,0.8037304654363927
351,88,0.5829545454545455,0.5829545454545455,0.5829545454545455,0.5829545454545455,0.15477313135098514,0.14991467897658814,0.045864560794965356,0.6713329391205931
351,88,0.5772727272727273,0.5772727272727273,0.5772727272727273,0.5772727272727273,0.16361583605842742,0.1277108444724302,0.209435217764987,0.050187532617751364
351,88,0.5375,0.5375,0.5375,0.5375,0.14279927030993267,0.1844308057961405,0.0593924916081003,0.5825455560284744
351,88,0.6431818181818182,0.6431818181818182,0.6431818181818182,0.6431818181818182,0.27593720968321495,0.009261710816237893,0.1739594809887302,0.10503128603412963
