Full data size,Testing data size,Recall,Precision,F1,Accuracy,Spearman coef,Spearman P,Pearson coef,Pearson P
711,178,0.5168539325842697,0.5168539325842697,0.5168539325842697,0.5168539325842697,0.04736612104161921,0.5301066618288645,0.00933876258177368,0.9015373503515782
711,178,0.5146067415730337,0.5146067415730337,0.5146067415730337,0.5146067415730337,0.034384828496778284,0.648639099824619,0.028058392786962687,0.7100555370923151
711,178,0.5382022471910113,0.5382022471910113,0.5382022471910113,0.5382022471910113,0.09138384953470359,0.22506746839435995,0.08803167461562778,0.2426114101873843
711,178,0.5056179775280899,0.5056179775280899,0.5056179775280899,0.5056179775280899,0.07501162785846369,0.3196720865191362,0.061116608797743825,0.41770427999061666
711,178,0.46292134831460674,0.46292134831460674,0.46292134831460674,0.46292134831460674,-0.0570012024011491,0.44980043600963804,-0.042185802162126425,0.5760849365538923
