Full data size,Testing data size,MAE,MDAE,Spearman coef,Spearman P,Pearson coef,Pearson P
585,147,6.623736807508013,4.901065363914664,-0.010256163180761831,0.9018766228537332,0.02795254825731392,0.7368111987238276
