Full data size,Testing data size,MAE,MDAE,Spearman coef,Spearman P,Pearson coef,Pearson P
711,178,4.651591072730138,4.705419639139253,0.16823763863566737,0.024782183598262755,0.1536207956405764,0.04063001596065797
