Full data size,Testing data size,Recall,Precision,F1,Accuracy,Spearman coef,Spearman P,Pearson coef,Pearson P
585,147,0.564625850340136,0.564625850340136,0.564625850340136,0.564625850340136,0.1471061054602848,0.07539944755546318,0.14208917873334445,0.08602403350913533
585,147,0.5619047619047619,0.5619047619047619,0.5619047619047619,0.5619047619047619,0.14112897815169992,0.08818786135985114,0.1464710934611037,0.07668257754081205
585,147,0.5591836734693878,0.5591836734693878,0.5591836734693878,0.5591836734693878,0.12175644012633173,0.1418090280684038,0.1338043207761332,0.10615574329016299
585,147,0.5537414965986395,0.5537414965986395,0.5537414965986395,0.5537414965986395,0.10116104444539335,0.22277885992751928,0.1063739325126576,0.19972097009665304
585,147,0.545578231292517,0.545578231292517,0.545578231292517,0.545578231292517,0.11412951749727772,0.16868671875055757,0.14046438663437857,0.08971079915896374
