Full data size,Testing data size,Recall,Precision,F1,Accuracy,Spearman coef,Spearman P,Pearson coef,Pearson P
711,178,0.46629213483146065,0.46629213483146065,0.46629213483146065,0.46629213483146065,0.10124579266950881,0.17871283927666715,0.13801388811695475,0.06618569257493587
711,178,0.5449438202247191,0.5449438202247191,0.5449438202247191,0.5449438202247191,0.15485170321281133,0.03902813911719055,0.13463595572015155,0.07316829122434014
711,178,0.5056179775280899,0.5056179775280899,0.5056179775280899,0.5056179775280899,0.02469630373826526,0.7435027330312767,0.0251864075866484,0.7385952870952813
711,178,0.5280898876404494,0.5280898876404494,0.5280898876404494,0.5280898876404494,0.10009730493217747,0.183716956310023,0.1070044091168554,0.15512963810128721
711,178,0.4943820224719101,0.4943820224719101,0.4943820224719101,0.4943820224719101,0.09609668477972606,0.20195119721914725,0.15002867922472782,0.04562370347238902
