Full data size,Testing data size,Accuracy,Spearman coef
4399,1100,0.5750909090909091,0.327
4399,1100,0.5881818181818181,0.303
4399,1100,0.5538181818181818,0.317
4399,1100,0.5712727272727273,0.345
4399,1100,0.5425454545454546,0.396
