Full data size,Testing data size,Accuracy,Spearman coef
4399,1100,0.572,0.282
4399,1100,0.5530909090909091,0.253
4399,1100,0.5756363636363636,0.297
4399,1100,0.5730909090909091,0.256
4399,1100,0.5381818181818182,0.231
