Full data size,Testing data size,Recall,Precision,F1,Accuracy,Spearman coef,Spearman P,Pearson coef,Pearson P
4399,1100,0.5581818181818182,0.8422496570644719,0.6714051394204483,0.7268181818181818,0.5917315309356052,6.99008981661409e-105,0.5752895571747598,6.233603457411448e-98
4399,1100,0.5318181818181819,0.8357142857142857,0.65,0.7136363636363636,0.5595154240377691,1.2651865612981724e-91,0.5392793283865633,5.168187288071528e-84
4399,1100,0.5745454545454546,0.8563685636856369,0.6877040261153429,0.7390909090909091,0.6098619485519222,5.0287214135663494e-113,0.5793978087959276,1.2448196293856387e-99
4399,1100,0.54,0.844950213371266,0.658901830282862,0.7204545454545455,0.5711595449762662,3.0149133965677095e-96,0.5526674149510824,5.4501612753879406e-89
4399,1100,0.5981818181818181,0.8545454545454545,0.7037433155080213,0.7481818181818182,0.5970919777453578,3.0971825439661494e-107,0.575746795753601,4.04356433891149e-98
