Full data size,Testing data size,Recall,Precision,F1,Accuracy,Spearman coef,Spearman P,Pearson coef,Pearson P
4399,1100,0.5572727272727273,0.837431693989071,0.6692139737991266,0.7245454545454545,0.698044568278808,1.8531588005905687e-161,0.6828399342617066,7.017279050479589e-152
4399,1100,0.5381818181818182,0.8361581920903954,0.6548672566371682,0.7163636363636363,0.6757357250460245,1.3296513116367566e-147,0.6598015978083921,1.9655039392264914e-138
4399,1100,0.5172727272727272,0.8128571428571428,0.6322222222222221,0.6990909090909091,0.6658649012260519,7.432407110842701e-142,0.6511227309591787,1.1363368081751287e-133
4399,1100,0.5390909090909091,0.8270571827057183,0.6527242707760044,0.7131818181818181,0.6690174629056461,1.1471743288178189e-143,0.6518290311980204,4.718714423359399e-134
4399,1100,0.5409090909090909,0.8427762039660056,0.6589147286821705,0.72,0.672288614943707,1.4329251247042567e-145,0.6526314544575386,1.7336145136493834e-134
