Full data size,Testing data size,Accuracy,Spearman coef
4399,1100,0.5745454545454546,0.447
4399,1100,0.56,0.393
4399,1100,0.5363636363636364,0.461
4399,1100,0.5209090909090909,0.647
4399,1100,0.5327272727272727,0.368
