Full data size,Testing data size,Accuracy,Spearman coef
4399,1100,0.5595636363636364,0.237
4399,1100,0.5779272727272727,0.269
4399,1100,0.5620545454545455,0.225
4399,1100,0.5945818181818182,0.32
4399,1100,0.5888909090909091,0.272
