Full data size,Testing data size,Recall,Precision,F1,Accuracy,Spearman coef,Spearman P,Pearson coef,Pearson P
4399,1100,0.7654545454545455,0.7654545454545455,0.7654545454545455,0.7654545454545455,0.6651658294406697,1.8613201633840447e-141,0.6488438403149249,1.9058032329190367e-132
4399,1100,0.7563636363636363,0.7563636363636363,0.7563636363636363,0.7563636363636363,0.6513287685089508,8.795698562358516e-134,0.6470495942515156,1.7251808646857236e-131
4399,1100,0.74,0.74,0.74,0.74,0.694836496819888,2.1816984817074736e-159,0.6660560472280853,5.7799913685128175e-142
4399,1100,0.74,0.74,0.74,0.74,0.6594390146194965,3.1304170921741555e-138,0.6497027745093618,6.603365341531301e-133
4399,1100,0.7418181818181818,0.7418181818181818,0.7418181818181818,0.7418181818181818,0.6893157904620236,6.905085833650862e-156,0.6803115313918866,2.4126083994350215e-150
