Full data size,Testing data size,Recall,Precision,F1,Accuracy,Spearman coef,Spearman P,Pearson coef,Pearson P
4399,1100,0.7254545454545455,0.7254545454545455,0.7254545454545455,0.7254545454545455,0.6532648982022521,7.847328175191612e-135,0.6584928403854383,1.0513300160833841e-137
4399,1100,0.7481818181818182,0.7481818181818182,0.7481818181818182,0.7481818181818182,0.6848523661029807,4.0941896887695186e-153,0.6699970968065752,3.1057211157599047e-144
4399,1100,0.7172727272727273,0.7172727272727273,0.7172727272727273,0.7172727272727273,0.6427932469271995,3.025662667225831e-129,0.6248135712083213,3.784310552875764e-120
4399,1100,0.77,0.77,0.77,0.77,0.6550538440364252,8.28068256508918e-136,0.6428863456797254,2.7047053821957544e-129
4399,1100,0.7390909090909091,0.7390909090909091,0.7390909090909091,0.7390909090909091,0.6603954207845695,9.158565025548303e-139,0.6559719434437125,2.59565410758924e-136
