Full data size,Testing data size,Recall,Precision,F1,Accuracy,Spearman coef,Spearman P,Pearson coef,Pearson P
4399,1100,0.7341818181818182,0.7341818181818182,0.7341818181818182,0.7341818181818182,0.6557508405367144,3.433535191390635e-136,0.642527806025042,4.164676407307783e-129
4399,1100,0.742,0.742,0.742,0.742,0.6796329539995597,6.196801465782665e-150,0.6727173661699392,8.033883895294666e-146
4399,1100,0.7312727272727273,0.7312727272727273,0.7312727272727273,0.7312727272727273,0.6596690633137947,2.330184190447888e-138,0.6401222621105068,7.427488768110603e-128
4399,1100,0.7438181818181818,0.7438181818181818,0.7438181818181818,0.7438181818181818,0.6753175356167899,2.3539040358154602e-147,0.6698444193228766,3.808432916132965e-144
4399,1100,0.7449090909090909,0.7449090909090909,0.7449090909090909,0.7449090909090909,0.672210449066338,1.5921796979738451e-145,0.6720774237512008,1.9048037791592762e-145
