Full data size,Testing data size,Recall,Precision,F1,Accuracy,Spearman coef,Spearman P,Pearson coef,Pearson P
4399,1100,0.7450909090909091,0.7450909090909091,0.7450909090909091,0.7450909090909091,0.568428583364472,3.8028164512324275e-95,0.5507766289494507,2.8380846453974616e-88
4399,1100,0.7692727272727272,0.7692727272727272,0.7692727272727272,0.7692727272727272,0.613450916284893,1.0626036214440306e-114,0.5660862527637298,3.2817303505100463e-94
4399,1100,0.761,0.761,0.761,0.761,0.6041616806164961,2.080756737386038e-110,0.5828039142110404,4.6507543560511385e-101
4399,1100,0.7667272727272727,0.7667272727272727,0.7667272727272727,0.7667272727272727,0.5949116286210637,2.8418677069725017e-106,0.570033749945692,8.596569826488447e-96
4399,1100,0.7725454545454545,0.7725454545454545,0.7725454545454545,0.7725454545454545,0.6139493640999516,6.194704131286342e-115,0.5881016618558325,2.589778962995901e-103
