Full data size,Testing data size,Recall,Precision,F1,Accuracy,Spearman coef,Spearman P,Pearson coef,Pearson P
4399,1100,0.7301818181818182,0.7301818181818182,0.7301818181818182,0.7301818181818182,0.6678542408838233,5.378057230798111e-143,0.64940837382907,9.499622663579327e-133
4399,1100,0.7398181818181818,0.7398181818181818,0.7398181818181818,0.7398181818181818,0.6527068732113712,1.5776525527238859e-134,0.6448420417999992,2.5418486039200937e-130
4399,1100,0.7452727272727273,0.7452727272727273,0.7452727272727273,0.7452727272727273,0.6929756600807636,3.369058522347038e-158,0.6854194365585394,1.8307769422357354e-153
4399,1100,0.7432727272727273,0.7432727272727273,0.7432727272727273,0.7432727272727273,0.68797446585037,4.761873645757691e-155,0.6729437678913862,5.916387599696566e-146
4399,1100,0.7536363636363637,0.7536363636363637,0.7536363636363637,0.7536363636363637,0.6962661086565061,2.6262767540538204e-160,0.6722523400777323,1.5047533719102314e-145
