Full data size,Testing data size,Recall,Precision,F1,Accuracy,Spearman coef,Spearman P,Pearson coef,Pearson P
4399,1100,0.3209090909090909,0.6775431861804223,0.4355336212214682,0.5840909090909091,0.3683656425076902,1.1052539591930085e-36,0.38295613248755583,9.625947358277129e-40
4399,1100,0.33545454545454545,0.7109826589595376,0.4558369363804818,0.5995454545454545,0.3503777102447912,4.02725149511916e-33,0.36418048036224576,7.809101104091793e-36
4399,1100,0.35818181818181816,0.7833001988071571,0.4915782907049282,0.6295454545454545,0.5395219156064262,4.218348359492884e-84,0.5383462898677741,1.1269040271699567e-83
4399,1100,0.3472727272727273,0.7140186915887851,0.4672782874617737,0.6040909090909091,0.387008992760916,1.2747693482254711e-40,0.40424757271251427,1.7006350618173516e-44
4399,1100,0.28363636363636363,0.7741935483870968,0.4151696606786427,0.6004545454545455,0.4470621595228154,3.6843980076029164e-55,0.4575692244630548,5.094045225607273e-58
