Full data size,Testing data size,Recall,Precision,F1,Accuracy,Spearman coef,Spearman P,Pearson coef,Pearson P
4399,1100,0.718,0.718,0.718,0.718,0.520106658471536,2.8953600949529274e-77,0.49948013065167646,1.8013614633059052e-70
4399,1100,0.7376363636363636,0.7376363636363636,0.7376363636363636,0.7376363636363636,0.5414142385048701,8.603723707515784e-85,0.5074672115654935,4.786081840756546e-73
4399,1100,0.7454545454545455,0.7454545454545455,0.7454545454545455,0.7454545454545455,0.5623464103327047,9.887456517278426e-93,0.5332950073570384,7.352061615341907e-82
4399,1100,0.7384545454545455,0.7384545454545455,0.7384545454545455,0.7384545454545455,0.549657495768813,7.499370797625394e-88,0.5291070540374506,2.226736578139336e-80
4399,1100,0.755,0.755,0.755,0.755,0.5761004808349195,2.8917302626975464e-98,0.5579498350579527,5.126433512457872e-91
