Full data size,Testing data size,Recall,Precision,F1,Accuracy,Spearman coef,Spearman P,Pearson coef,Pearson P
4399,1100,0.746,0.746,0.746,0.746,0.6794299587030006,8.213104520761626e-150,0.6805914847167125,1.6335984956746763e-150
4399,1100,0.7415454545454545,0.7415454545454545,0.7415454545454545,0.7415454545454545,0.6739375906414731,1.5395886356090997e-146,0.6588984477114164,6.257892021046436e-138
4399,1100,0.7611818181818182,0.7611818181818182,0.7611818181818182,0.7611818181818182,0.6987631422336911,6.313532081284169e-162,0.6629211937381843,3.48888328740785e-140
4399,1100,0.735909090909091,0.735909090909091,0.735909090909091,0.735909090909091,0.6714087538643657,4.6838033459770895e-145,0.6615920642132467,1.9552421289408918e-139
4399,1100,0.7674545454545455,0.7674545454545455,0.7674545454545455,0.7674545454545455,0.716278415496063,8.967442728945903e-174,0.7218742956254983,9.459928891330737e-178
