Full data size,Testing data size,Recall,Precision,F1,Accuracy,Spearman coef,Spearman P,Pearson coef,Pearson P
4399,1100,0.5241818181818182,0.8178723404255319,0.6388919667590028,0.7037272727272728,0.6459864806106901,6.319491742417402e-131,0.6382032791122255,7.261150081418458e-127
4399,1100,0.5558181818181818,0.834789732386674,0.6673215455140799,0.722909090909091,0.6925063252105079,6.6971535392631684e-158,0.6878276933734916,5.878469178485176e-155
4399,1100,0.5357272727272727,0.8289492192994795,0.6508366005853443,0.712590909090909,0.678759511011066,2.0790496540676283e-149,0.6801291823009383,3.109470618441061e-150
4399,1100,0.5318181818181819,0.8146497702269879,0.6435289588031461,0.7054090909090909,0.6631387925586744,2.6289149315159245e-140,0.6505155908788207,2.4142865442165893e-133
4399,1100,0.5182727272727272,0.8201697597467991,0.6351735279371623,0.7023181818181818,0.6428767905725027,2.7360188343877556e-129,0.6245084150310651,5.3365414940182075e-120
