Full data size,Testing data size,Recall,Precision,F1,Accuracy,Spearman coef,Spearman P,Pearson coef,Pearson P
4399,1100,0.74,0.74,0.74,0.74,0.6562711364194421,1.776963926697026e-136,0.6408781446091965,3.012128220490234e-128
4399,1100,0.7381818181818182,0.7381818181818182,0.7381818181818182,0.7381818181818182,0.6533109655316593,7.407219408103776e-135,0.6481852566501558,4.285591232694681e-132
4399,1100,0.7145454545454546,0.7145454545454546,0.7145454545454546,0.7145454545454546,0.6520685580034623,3.5006722855376244e-134,0.6421895290703941,6.254866823167467e-129
4399,1100,0.7490909090909091,0.7490909090909091,0.7490909090909091,0.7490909090909091,0.6706369260173197,1.3193344369298292e-144,0.6572135757822684,5.371140377758552e-137
4399,1100,0.7463636363636363,0.7463636363636363,0.7463636363636363,0.7463636363636363,0.663228102401574,2.3404546689647075e-140,0.6192459678138257,1.886346697001632e-117
