Full data size,Testing data size,MAE,MDAE,Spearman coef,Spearman P,Pearson coef,Pearson P
2820,706,3.3368973318167585,2.8958561576138546,0.029177203230013455,0.4389020409838408,0.014625669541973196,0.698056118781604
