Full data size,Testing data size,MAE,MDAE,Spearman coef,Spearman P,Pearson coef,Pearson P
2820,706,3.2917798236303395,2.857914234073945,0.006369171867227772,0.8658478169259238,-0.02691573660487527,0.47520801252904177
