Full data size,Testing data size,MAE,MDAE,Spearman coef,Spearman P,Pearson coef,Pearson P
1104,277,3.5578535004027256,2.287708752884379,-0.05545997798810294,0.3577964969279479,0.0333316810671272,0.5806779896641672
