Full data size,Testing data size,Recall,Precision,F1,Accuracy,Spearman coef,Spearman P,Pearson coef,Pearson P
416,104,0.5057692307692307,0.5057692307692307,0.5057692307692307,0.5057692307692307,0.03892210613568291,0.6948509777111839,0.04323227988245001,0.6630110978145557
416,104,0.5884615384615385,0.5884615384615385,0.5884615384615385,0.5884615384615385,0.14356154353641346,0.14597566199691786,0.08850081256752189,0.371653083059631
416,104,0.5769230769230769,0.5769230769230769,0.5769230769230769,0.5769230769230769,0.18930533345064707,0.05427300784120739,0.17564063135825977,0.0745158691445799
416,104,0.6211538461538462,0.6211538461538462,0.6211538461538462,0.6211538461538462,0.2778789778372117,0.004289533577233018,0.24452629574159263,0.012361622334842807
416,104,0.5442307692307692,0.5442307692307692,0.5442307692307692,0.5442307692307692,0.08713837769338435,0.3790896325755444,0.0705295986120289,0.47680101722618884
