Full data size,Testing data size,MAE,MDAE,Spearman coef,Spearman P,Pearson coef,Pearson P
694,174,1.9381990326019358,1.6426957089337106,-0.09372828024454119,0.21863738013044298,-0.053897876973794875,0.47996986499001537
