Full data size,Testing data size,MAE,MDAE,Spearman coef,Spearman P,Pearson coef,Pearson P
694,174,2.035431312003421,1.7847326181890093,-0.06251215301802564,0.41252954343802595,-0.005444147121379235,0.9431620620262738
