Full data size,Testing data size,Recall,Precision,F1,Accuracy,Spearman coef,Spearman P,Pearson coef,Pearson P
416,104,0.47115384615384615,0.47115384615384615,0.47115384615384615,0.47115384615384615,0.027404285646596405,0.7824373884193716,0.028947698021839455,0.7705137761842245
416,104,0.5288461538461539,0.5288461538461539,0.5288461538461539,0.5288461538461539,0.1571352445984856,0.11115644309791281,0.11972823586989831,0.22605021929949462
416,104,0.5961538461538461,0.5961538461538461,0.5961538461538461,0.5961538461538461,0.044132030141704366,0.656437208427769,0.09612655212085155,0.33169551266726804
416,104,0.5576923076923077,0.5576923076923077,0.5576923076923077,0.5576923076923077,0.22470311855892108,0.02183392926248228,0.14947827921709364,0.12990321253093529
416,104,0.5288461538461539,0.5288461538461539,0.5288461538461539,0.5288461538461539,0.10354798257946937,0.29554329048892697,0.037682111435847584,0.7041131563056455
