Full data size,Testing data size,MAE,MDAE,Spearman coef,Spearman P,Pearson coef,Pearson P
1104,277,3.525716082366062,2.3387441914925784,-0.10586922903233109,0.07857856534188112,-0.05964027439837222,0.322661181529064
