Full data size,Testing data size,Recall,Precision,F1,Accuracy,Spearman coef,Spearman P,Pearson coef,Pearson P
1080,270,0.5937037037037037,0.5937037037037037,0.5937037037037037,0.5937037037037037,0.20603334523284406,0.0006582908135183076,0.1687266474742223,0.005443353538567387
1080,270,0.5488888888888889,0.5488888888888889,0.5488888888888889,0.5488888888888889,0.12974512256259424,0.033084657507034196,0.1877535502588542,0.0019457345703195593
1080,270,0.5711111111111111,0.5711111111111111,0.5711111111111111,0.5711111111111111,0.200304660218611,0.000934039092705342,0.2844502794789814,2.0260185370644973e-06
1080,270,0.5796296296296296,0.5796296296296296,0.5796296296296296,0.5796296296296296,0.2052123392247999,0.0006925413514587046,0.24271304519412468,5.575216889067418e-05
1080,270,0.5555555555555556,0.5555555555555556,0.5555555555555556,0.5555555555555556,0.1546099151081962,0.010958204068318045,0.2466474313754105,4.176206999107949e-05
