Full data size,Testing data size,MAE,MDAE,Spearman coef,Spearman P,Pearson coef,Pearson P
1800,451,5.119085182471145,4.800585944557061,0.04017480199231052,0.39468125471938176,-0.014402824993424825,0.7603384806041198
