Full data size,Testing data size,Recall,Precision,F1,Accuracy,Spearman coef,Spearman P,Pearson coef,Pearson P
1080,270,0.4962962962962963,0.4962962962962963,0.4962962962962963,0.4962962962962963,-0.05266536224565772,0.3887075392040633,-0.03050775682685656,0.6177201892786244
1080,270,0.562962962962963,0.562962962962963,0.562962962962963,0.562962962962963,0.1706636363201431,0.004924408142500264,0.20937823983161472,0.0005343161509941457
1080,270,0.6407407407407407,0.6407407407407407,0.6407407407407407,0.6407407407407407,0.17821358277739763,0.0032999691658340854,0.2557243009687761,2.105313364898569e-05
1080,270,0.5444444444444444,0.5444444444444444,0.5444444444444444,0.5444444444444444,0.14351549264579347,0.018300258566026222,0.15016327859175033,0.013511009091187525
1080,270,0.5259259259259259,0.5259259259259259,0.5259259259259259,0.5259259259259259,0.06712574628038963,0.2717195011297167,0.09444567056328235,0.12158302281964052
