Full data size,Testing data size,Recall,Precision,F1,Accuracy,Spearman coef,Spearman P,Pearson coef,Pearson P
1080,270,0.5185185185185185,0.5185185185185185,0.5185185185185185,0.5185185185185185,0.09828407362002849,0.10709625986893904,0.18900978066984328,0.0018115580271017833
1080,270,0.5703703703703704,0.5703703703703704,0.5703703703703704,0.5703703703703704,0.17518422048382185,0.0038821977292632305,0.269089393950071,7.323695732608043e-06
1080,270,0.5607407407407408,0.5607407407407408,0.5607407407407408,0.5607407407407408,0.22317758962768366,0.00021824498919640635,0.2697705274536811,6.929354679250126e-06
1080,270,0.5962962962962963,0.5962962962962963,0.5962962962962963,0.5962962962962963,0.17564771479303803,0.0037874911777410203,0.2643099994087384,1.0753996743856555e-05
1080,270,0.5755555555555556,0.5755555555555556,0.5755555555555556,0.5755555555555556,0.1775844862789586,0.003413929419338887,0.24142534422171627,6.121816960109606e-05
