Full data size,Testing data size,MAE,MDAE,Spearman coef,Spearman P,Pearson coef,Pearson P
1800,451,5.124536874257217,4.82407969445594,0.07819394466320578,0.09721298513118298,0.04606112424783723,0.32906816800939614
