Full data size,Testing data size,Recall,Precision,F1,Accuracy,Spearman coef,Spearman P,Pearson coef,Pearson P
231,58,0.5172413793103449,0.5172413793103449,0.5172413793103449,0.5172413793103449,0.12503984334556903,0.3496735869872377,0.11357371302261172,0.39595131420124174
231,58,0.5689655172413793,0.5689655172413793,0.5689655172413793,0.5689655172413793,0.12995383090214616,0.3309085562693267,0.13451343851397554,0.31407520273765144
231,58,0.5344827586206896,0.5344827586206896,0.5344827586206896,0.5344827586206896,-0.07954311584632524,0.5528219082584163,-0.08020029734038042,0.5495353964739106
231,58,0.41379310344827586,0.41379310344827586,0.41379310344827586,0.41379310344827586,0.11411130774726098,0.3937043962845129,0.1163536152261113,0.3844138177480444
231,58,0.5689655172413793,0.5689655172413793,0.5689655172413793,0.5689655172413793,0.09452184372580745,0.480331764061239,0.012152398563113466,0.9278592892629676
