Full data size,Testing data size,Recall,Precision,F1,Accuracy,Spearman coef,Spearman P,Pearson coef,Pearson P
231,58,0.5275862068965518,0.5275862068965518,0.5275862068965518,0.5275862068965518,0.06964121621264233,0.6034416939822935,-0.03205211989071853,0.8112225066931313
231,58,0.5862068965517241,0.5862068965517241,0.5862068965517241,0.5862068965517241,0.2257988903835365,0.08832757594460718,0.15870827157927977,0.2340722497076336
231,58,0.6586206896551724,0.6586206896551724,0.6586206896551724,0.6586206896551724,0.2954962016843495,0.02432282557172688,0.24670554889345075,0.06191221755495056
231,58,0.5862068965517241,0.5862068965517241,0.5862068965517241,0.5862068965517241,0.20411285191085154,0.1243256676065497,0.12825869354541708,0.3373088437679012
231,58,0.5103448275862069,0.5103448275862069,0.5103448275862069,0.5103448275862069,0.08380673224015056,0.5316685955742225,0.023585099673680877,0.8605036467257865
