Full data size,Testing data size,MAE,MDAE,Spearman coef,Spearman P,Pearson coef,Pearson P
385,97,2.9339236084681546,2.8437762340654498,-0.10560986637061047,0.3032283077804107,-0.05735627260743673,0.5768236341523869
