Full data size,Testing data size,MAE,MDAE,Spearman coef,Spearman P,Pearson coef,Pearson P
385,97,2.9843322936098073,2.7864207383348516,-0.059230639293993005,0.5644137286223022,0.022844353729574343,0.8242336554883771
