Full data size,Testing data size,Accuracy,Spearman coef
113,28,0.5343915343915344,0.808
113,28,0.5238095238095238,0.834
113,28,0.5052910052910053,0.698
113,28,0.5026455026455027,0.804
113,28,0.5370370370370371,0.866
