Full data size,Testing data size,Accuracy,Spearman coef
113,28,0.5026455026455027,0.864
113,28,0.40476190476190477,0.776
113,28,0.5582010582010583,0.794
113,28,0.5370370370370371,0.858
113,28,0.47354497354497355,0.644
