Full data size,Testing data size,Recall,Precision,F1,Accuracy,Spearman coef,Spearman P,Pearson coef,Pearson P
113,28,0.8492063492063492,0.8492063492063492,0.8492063492063492,0.8492063492063492,0.8845101258894362,4.2658591694872334e-10,0.8438940605671447,1.6863119065257025e-08
113,28,0.783068783068783,0.783068783068783,0.783068783068783,0.783068783068783,0.742200328407225,6.14913138387352e-06,0.7616369527379907,2.5056817784047832e-06
113,28,0.828042328042328,0.828042328042328,0.828042328042328,0.828042328042328,0.8587848932676518,5.005653807449389e-09,0.8565839041067919,6.040896373238344e-09
113,28,0.8386243386243386,0.8386243386243386,0.8386243386243386,0.8386243386243386,0.8730158730158729,1.3687251529234734e-09,0.855888954343455,6.406186300032946e-09
113,28,0.8465608465608465,0.8465608465608465,0.8465608465608465,0.8465608465608465,0.8505747126436781,9.938325513529881e-09,0.7766014688503821,1.1832884434910363e-06
