Full data size,Testing data size,Recall,Precision,F1,Accuracy,Spearman coef,Spearman P,Pearson coef,Pearson P
113,28,0.9642857142857143,0.9642857142857143,0.9642857142857143,0.9642857142857143,0.8615216201423097,3.944775004774055e-09,0.8715503912700168,1.5752340530725181e-09
113,28,0.8214285714285714,0.8214285714285714,0.8214285714285714,0.8214285714285714,0.8368910782703886,2.860804873956686e-08,0.853591386080856,7.761882990154249e-09
113,28,0.8928571428571429,0.8928571428571429,0.8928571428571429,0.8928571428571429,0.8018609742747673,2.9034683199441636e-07,0.8341589049927732,3.492660802513069e-08
113,28,0.8214285714285714,0.8214285714285714,0.8214285714285714,0.8214285714285714,0.8434592227695675,1.743868873166541e-08,0.8067435581339792,2.1625093179389135e-07
113,28,0.75,0.75,0.75,0.75,0.8483853311439519,1.185133725132587e-08,0.8065427970304078,2.1892219117952393e-07
