Full data size,Testing data size,Recall,Precision,F1,Accuracy,Spearman coef,Spearman P,Pearson coef,Pearson P
113,28,0.8518518518518519,0.8518518518518519,0.8518518518518519,0.8518518518518519,0.8565955117679256,6.034959583124584e-09,0.8681398288763195,2.1704422528827907e-09
113,28,0.843915343915344,0.843915343915344,0.843915343915344,0.843915343915344,0.8708264915161467,1.6874005306910365e-09,0.8248729149874676,6.706352333804231e-08
113,28,0.8518518518518519,0.8518518518518519,0.8518518518518519,0.8518518518518519,0.8817733990147782,5.69188792954914e-10,0.8608370101185228,4.188922834121143e-09
113,28,0.8518518518518519,0.8518518518518519,0.8518518518518519,0.8518518518518519,0.8659003831417624,2.6661063582997583e-09,0.8483563852741742,1.1878734061861544e-08
113,28,0.8492063492063492,0.8492063492063492,0.8492063492063492,0.8492063492063492,0.8856048166392994,3.7933654626097576e-10,0.8733789778933786,1.3215362149223037e-09
