Full data size,Testing data size,Recall,Precision,F1,Accuracy,Spearman coef,Spearman P,Pearson coef,Pearson P
113,28,0.7586206896551724,0.7586206896551724,0.7586206896551724,0.7586206896551724,0.7157520253150605,1.8524196631095752e-05,0.6931708280725951,4.332341075286941e-05
113,28,0.8201058201058201,0.8201058201058201,0.8201058201058201,0.8201058201058201,0.7974822112753147,3.755999949427408e-07,0.8133501927622534,1.4321724800888257e-07
113,28,0.8518518518518519,0.8518518518518519,0.8518518518518519,0.8518518518518519,0.8839627805145046,4.5217451302895294e-10,0.888381903228093,2.801183421857999e-10
113,28,0.8227513227513228,0.8227513227513228,0.8227513227513228,0.8227513227513228,0.8204707170224411,9.018038530939018e-08,0.8134605051615414,1.4221585205852955e-07
113,28,0.8465608465608465,0.8465608465608465,0.8465608465608465,0.8465608465608465,0.8637110016420361,3.2484879485222385e-09,0.8396776393830657,2.3251619247435003e-08
