Full data size,Testing data size,Accuracy,Spearman coef
113,28,0.4365079365079365,0.701
113,28,0.5661375661375662,0.77
113,28,0.6190476190476191,0.826
113,28,0.6666666666666666,0.821
113,28,0.6402116402116402,0.786
