Full data size,Testing data size,Recall,Precision,F1,Accuracy,Spearman coef,Spearman P,Pearson coef,Pearson P
113,28,0.7857142857142857,0.9166666666666666,0.8461538461538461,0.8571428571428571,0.810071154898741,1.7606763990683331e-07,0.817586235613648,1.0902544107623304e-07
113,28,0.42857142857142855,0.8,0.5581395348837209,0.6607142857142857,0.7794198139025725,1.0208345084523214e-06,0.7564209013766179,3.2140410838293457e-06
113,28,0.6071428571428571,1.0,0.7555555555555554,0.8035714285714286,0.856048166392994,6.320765186144905e-09,0.8422888085278738,1.9077859435311313e-08
113,28,0.6071428571428571,0.8095238095238095,0.6938775510204083,0.7321428571428571,0.8144499178981938,1.3351400746935423e-07,0.719118117098005,1.620900336905549e-05
113,28,0.4642857142857143,0.8125,0.5909090909090908,0.6785714285714286,0.7701149425287356,1.649242415945993e-06,0.7226762686997494,1.4046449833690898e-05
