Full data size,Testing data size,Recall,Precision,F1,Accuracy,Spearman coef,Spearman P,Pearson coef,Pearson P
113,28,0.8121693121693122,0.8121693121693122,0.8121693121693122,0.8121693121693122,0.799671592775041,3.304924226917752e-07,0.7588730570156106,2.861234601459645e-06
113,28,0.8042328042328042,0.8042328042328042,0.8042328042328042,0.8042328042328042,0.8073344280240832,2.0855951904409626e-07,0.8366683083634266,2.9081294908580805e-08
113,28,0.7883597883597884,0.7883597883597884,0.7883597883597884,0.7883597883597884,0.7640941434044882,2.223556068025558e-06,0.7611004513261614,2.571411772359254e-06
113,28,0.8756613756613757,0.8756613756613757,0.8756613756613757,0.8756613756613757,0.9206349206349206,4.0124282134685145e-12,0.8989289058566816,8.197895476773806e-11
113,28,0.8037135278514589,0.8037135278514589,0.8037135278514589,0.8037135278514589,0.804160401673288,2.529861453263628e-07,0.7381884530713633,7.32931979920704e-06
