Full data size,Testing data size,Recall,Precision,F1,Accuracy,Spearman coef,Spearman P,Pearson coef,Pearson P
113,28,0.8677248677248677,0.8677248677248677,0.8677248677248677,0.8677248677248677,0.8872468527640941,3.173779725914818e-10,0.8613784211582262,3.994742558506696e-09
113,28,0.8121693121693122,0.8121693121693122,0.8121693121693122,0.8121693121693122,0.7952928297755884,4.262101597533099e-07,0.8081704188219573,1.9810060810291312e-07
113,28,0.7751322751322751,0.7751322751322751,0.7751322751322751,0.7751322751322751,0.7586206896551723,2.89586060648877e-06,0.7807577876574329,9.510058724138128e-07
113,28,0.8253968253968254,0.8253968253968254,0.8253968253968254,0.8253968253968254,0.8264915161466886,6.00204990252398e-08,0.8042161594705918,2.521369568836812e-07
113,28,0.8518518518518519,0.8518518518518519,0.8518518518518519,0.8518518518518519,0.8817733990147782,5.69188792954914e-10,0.8225963276116111,7.824240069756248e-08
