Full data size,Testing data size,Accuracy,Spearman coef
113,28,0.5767195767195767,0.745
113,28,0.5978835978835979,0.777
113,28,0.6190476190476191,0.848
113,28,0.6693121693121693,0.811
113,28,0.5649867374005305,0.747
