Full data size,Testing data size,Accuracy,Spearman coef
113,28,0.5358090185676393,0.69
113,28,0.5423280423280423,0.793
113,28,0.6190476190476191,0.816
113,28,0.49206349206349204,0.806
113,28,0.6507936507936508,0.835
